metric,model_or_method,field,lead_days,mean,p10,p90
rmse,model,surface_speed,0,0.0,0.0,0.0
rmse,model,surface_speed,10,0.0016253373197590312,0.001526495930738747,0.0017816507956013084
rmse,model,surface_speed,20,0.0020720106006289524,0.0019186059245839715,0.0022382894996553658
rmse,model,surface_speed,30,0.002399284951388836,0.0022776621393859387,0.0025628854986280204
rmse,model,surface_speed,40,0.002769010700285435,0.002445558551698923,0.002989516174420714
rmse,model,surface_speed,50,0.0031074156208584706,0.0028073860332369803,0.003478315891698003
rmse,model,surface_speed,60,0.0034028791667272645,0.0032607372384518387,0.0035087153315544128
rmse,model,surface_speed,70,0.0038086291247357924,0.0035349289886653424,0.003990626800805331
rmse,model,surface_speed,80,0.004185625708972415,0.003865394461899996,0.004529508296400309
rmse,model,surface_speed,90,0.0044976675572494665,0.004200094658881426,0.004792216699570417
rmse,model,surface_speed,100,0.004898700273285309,0.00450786417350173,0.005294156819581985
rmse,model,surface_speed,110,0.005289523924390475,0.004854661785066128,0.005777187272906303
rmse,model,surface_speed,120,0.005724281196792921,0.005142736993730068,0.006322330143302679
rmse,model,surface_speed,130,0.006236054996649424,0.0056056765839457515,0.0069603252224624155
rmse,model,surface_speed,140,0.006675161731739839,0.006094164215028286,0.007596071995794773
rmse,model,surface_speed,150,0.007096729644884666,0.006443771719932556,0.008070895820856095
rmse,model,surface_speed,160,0.007555583585053682,0.0067499223165214065,0.008638307824730873
rmse,model,surface_speed,170,0.00798623419056336,0.007036777772009372,0.009073843993246556
rmse,model,surface_speed,180,0.008410994398097197,0.007464790157973767,0.009490106627345085
rmse,model,surface_speed,190,0.008783736762901147,0.007871065009385347,0.009798839502036572
rmse,model,surface_speed,200,0.00910107431312402,0.0082956587895751,0.010152376815676689
rmse,model,surface_speed,210,0.009448805265128613,0.008698260597884654,0.010248680412769318
rmse,model,surface_speed,220,0.00978171161065499,0.009220414236187935,0.010355482809245586
rmse,model,surface_speed,230,0.010006264597177506,0.009566787444055081,0.010472147539258004
rmse,model,surface_speed,240,0.010227002886434395,0.00990954302251339,0.010576986335217952
rmse,model,surface_speed,250,0.010397661477327347,0.0100862892344594,0.010816768556833268
rmse,model,surface_speed,260,0.010545722891887028,0.010231648571789265,0.010856636054813861
rmse,model,surface_speed,270,0.01082328570385774,0.01050459649413824,0.011117100529372693
rmse,model,surface_speed,280,0.011012083602448304,0.010590441524982452,0.01137534212321043
rmse,model,surface_speed,290,0.01116192868600289,0.010772687382996082,0.011780570819973945
rmse,model,surface_speed,300,0.011286315446098646,0.010827687196433544,0.0119127806276083
rmse,model,surface_speed,310,0.011361903138458728,0.010945948213338852,0.012041701190173625
rmse,model,surface_speed,320,0.011422655048469703,0.010986714251339435,0.011941911280155182
rmse,model,surface_speed,330,0.011477815608183542,0.011110311932861805,0.011945655196905136
rmse,model,surface_speed,340,0.011471816959480444,0.011042388342320918,0.011864276044070721
rmse,model,surface_speed,350,0.011525832861661912,0.011178835853934288,0.012071296758949756
rmse,model,surface_speed,360,0.01151129212230444,0.011181172356009484,0.011933006718754769
rmse,model,surface_speed,370,0.011521935028334459,0.01125576812773943,0.011818122118711472
rmse,model,surface_speed,380,0.011589927040040493,0.011244208738207816,0.011861060932278632
rmse,model,surface_speed,390,0.011579795243839423,0.011324593238532544,0.011862602271139621
rmse,model,surface_speed,400,0.01156917717307806,0.011381802894175053,0.011962058767676354
rmse,model,surface_speed,410,0.011637694636980693,0.01125552486628294,0.012152653001248837
rmse,model,surface_speed,420,0.011638131489356359,0.011291066929697991,0.012111959606409073
rmse,model,surface_speed,430,0.011590479065974553,0.011317519284784795,0.011929294280707835
rmse,model,surface_speed,440,0.011631138746937116,0.011222889833152293,0.011982046626508236
rmse,model,surface_speed,450,0.011723048612475395,0.011469615623354912,0.012062493525445462
rmse,model,surface_speed,460,0.01189921572804451,0.011543122678995132,0.012301053293049336
rmse,model,surface_speed,470,0.012053411267697812,0.011619261279702187,0.012560641765594483
rmse,model,surface_speed,480,0.012155907476941745,0.011484664306044579,0.012530423328280449
rmse,model,surface_speed,490,0.012178714697559675,0.011522910930216313,0.012606780789792538
rmse,model,surface_speed,500,0.0122213339433074,0.011551293171942234,0.012854439206421375
rmse,model,surface_speed,510,0.012239515470961729,0.011359244026243687,0.012817897275090218
rmse,model,surface_speed,520,0.012323778991897901,0.011318677105009556,0.013012729398906232
rmse,model,surface_speed,530,0.012361947695414226,0.01128690168261528,0.013109756447374821
rmse,model,surface_speed,540,0.012421974291404089,0.011296050064265728,0.013312189653515816
rmse,model,surface_speed,550,0.012557045618693034,0.011478622257709504,0.013587686233222485
rmse,model,surface_speed,560,0.012618251517415047,0.011619373038411141,0.013641170226037502
rmse,model,surface_speed,570,0.0126263660689195,0.011596533097326755,0.013588915765285491
rmse,model,surface_speed,580,0.012657352661093076,0.011680284328758717,0.013535661064088345
rmse,model,surface_speed,590,0.012721416912972927,0.011809930764138698,0.013613254390656948
rmse,model,surface_speed,600,0.012805725013216336,0.01191860567778349,0.013788565434515477
rmse,model,surface_speed,610,0.01291780552516381,0.012078390643000602,0.013818675093352795
rmse,model,surface_speed,620,0.012994213588535785,0.01223631165921688,0.013861138746142388
rmse,model,surface_speed,630,0.013046134263277054,0.012285248562693595,0.013880915008485317
rmse,model,surface_speed,640,0.013082936592400073,0.012306289561092854,0.013966363854706287
rmse,model,surface_speed,650,0.013022139544288318,0.012267987802624702,0.01398670468479395
rmse,model,surface_speed,660,0.012867768108844758,0.012051620706915855,0.013897010311484336
rmse,model,surface_speed,670,0.012747672076026598,0.012038277648389339,0.013791806437075138
rmse,model,surface_speed,680,0.01268502368281285,0.011954766884446143,0.013443777710199356
rmse,model,surface_speed,690,0.012782628399630387,0.012226876243948937,0.01349180955439806
rmse,model,surface_speed,700,0.012906654986242454,0.012376626767218114,0.01347355730831623
rmse,model,surface_speed,710,0.012938317966957887,0.012183122150599957,0.013577548041939735
rmse,model,surface_speed,720,0.012959867343306541,0.012366772815585136,0.01369782593101263
rmse,model,surface_speed,730,0.012888491526246071,0.012552924826741219,0.01328811924904585
rmse,model,surface_speed,740,0.012785732994476955,0.012483429908752442,0.013199190981686116
rmse,model,surface_speed,750,0.012755136626462141,0.012242419831454753,0.013353106938302517
rmse,model,surface_speed,760,0.012847489615281423,0.012241526134312153,0.013469253666698933
rmse,model,surface_speed,770,0.013010985963046551,0.012580112367868424,0.013636918924748897
rmse,model,surface_speed,780,0.0131490183994174,0.012561411410570145,0.013815457187592983
rmse,model,surface_speed,790,0.013238425428668658,0.012614802457392216,0.013941442035138607
rmse,model,surface_speed,800,0.013214673660695554,0.012639395147562026,0.01370968110859394
rmse,model,surface_speed,810,0.013089188498755296,0.012389793060719967,0.013690783083438874
rmse,model,surface_speed,820,0.012984562292695045,0.012188150733709335,0.01406280267983675
rmse,model,surface_speed,830,0.012860096556444963,0.012030017748475074,0.013956659287214278
rmse,model,surface_speed,840,0.01285410113632679,0.011868385598063469,0.014032213389873505
rmse,model,surface_speed,850,0.01302797303845485,0.011938534677028656,0.013866019248962403
rmse,model,surface_speed,860,0.013172751727203528,0.012440953031182289,0.013719421997666358
rmse,model,surface_speed,870,0.01328328208376964,0.0126366276293993,0.01386219598352909
rmse,model,surface_speed,880,0.013263269451757272,0.012415198981761933,0.01392862070351839
rmse,model,surface_speed,890,0.01310085617005825,0.012466747127473355,0.013822388276457787
rmse,model,surface_speed,900,0.012836542104681332,0.012101410143077373,0.013906173035502433
rmse,model,surface_speed,910,0.012740066771705945,0.011739125475287437,0.014164611138403416
rmse,model,surface_speed,920,0.012857512570917606,0.011797698214650154,0.014186407811939717
rmse,model,surface_speed,930,0.013093783520162106,0.012019596621394157,0.014238819479942322
rmse,model,surface_speed,940,0.013240511404971282,0.012316323257982731,0.014189599454402924
rmse,model,surface_speed,950,0.01337467779715856,0.012576701864600182,0.014198228158056736
rmse,model,surface_speed,960,0.013417607359588146,0.012694144994020462,0.014096974954009056
rmse,model,surface_speed,970,0.013258772902190685,0.01277791652828455,0.013921562768518924
rmse,model,surface_speed,980,0.013037692010402679,0.012268162146210671,0.014000111818313598
rmse,model,surface_speed,990,0.01285739050557216,0.011892827972769738,0.014084630087018013
rmse,model,surface_speed,1000,0.012843807662526767,0.011945052072405815,0.013997169770300388
rmse,model,surface_speed,1010,0.012992068566381932,0.012090364657342433,0.013911612518131732
rmse,model,surface_speed,1020,0.01323880273848772,0.012347039952874183,0.013963826559484005
rmse,model,surface_speed,1030,0.013402066255609194,0.012712918408215045,0.014128274284303188
rmse,model,surface_speed,1040,0.013500054491062959,0.012935773655772208,0.014313821494579316
rmse,model,surface_speed,1050,0.013369598425924778,0.012662296183407307,0.014270781353116036
rmse,model,surface_speed,1060,0.01306276476631562,0.012246600724756718,0.013673492334783077
rmse,model,surface_speed,1070,0.012831795029342175,0.012024738080799579,0.013929937966167927
rmse,model,surface_speed,1080,0.01279240349928538,0.011706111952662468,0.013911060616374015
rmse,model,surface_speed,1090,0.013022953644394875,0.011920475214719773,0.013728194683790208
rmse,model,surface_speed,1100,0.013327664819856484,0.012385527417063714,0.014373000338673591
rmse,model,surface_speed,1110,0.013550994483133157,0.012331454828381539,0.01478000432252884
rmse,model,surface_speed,1120,0.013598516521354517,0.012116354517638683,0.015139967203140259
rmse,model,surface_speed,1130,0.013555710762739181,0.012349655851721764,0.015131734870374202
rmse,model,surface_speed,1140,0.013305849333604177,0.012490207701921463,0.014166230335831642
rmse,model,surface_speed,1150,0.013008913894494375,0.012065371498465538,0.013634755462408065
rmse,model,surface_speed,1160,0.01288532353937626,0.011843902617692947,0.013540442287921905
rmse,model,surface_speed,1170,0.013004312788446744,0.012161726504564286,0.013754603080451488
rmse,model,surface_speed,1180,0.013223162852227688,0.012316498346626759,0.013974796421825886
rmse,model,surface_speed,1190,0.01350765787065029,0.011898381635546684,0.014486367255449295
rmse,model,surface_speed,1200,0.013683507777750492,0.012150282599031925,0.014792336523532868
rmse,model,surface_speed,1210,0.013644497965772946,0.012438769079744815,0.01492113396525383
rmse,model,surface_speed,1220,0.01343012402455012,0.012281999178230762,0.014461039565503597
rmse,model,surface_speed,1230,0.013076736281315485,0.011909251473844052,0.014437280781567096
rmse,model,surface_speed,1240,0.012869858120878538,0.011468182504177093,0.014382765814661979
rmse,model,surface_speed,1250,0.01292592982451121,0.011373830400407315,0.014059860818088054
rmse,model,surface_speed,1260,0.013146565668284893,0.011829190142452716,0.0142634442076087
rmse,model,surface_speed,1270,0.013436672960718472,0.012157032266259193,0.014573056809604168
rmse,model,surface_speed,1280,0.013594863004982471,0.011863659881055356,0.014527354389429092
rmse,model,surface_speed,1290,0.013533793451885382,0.011879194155335426,0.01456931997090578
rmse,model,surface_speed,1300,0.013378677517175674,0.012078709714114667,0.014307055063545704
rmse,model,surface_speed,1310,0.013069515240689118,0.011759384535253048,0.01401833537966013
rmse,model,surface_speed,1320,0.012814075065155825,0.011106611974537373,0.014096296019852161
rmse,model,surface_speed,1330,0.012816427585979303,0.0110356530174613,0.01417058166116476
rmse,model,surface_speed,1340,0.012971099466085434,0.011696459539234639,0.013999449647963047
rmse,model,surface_speed,1350,0.013166713404158752,0.01220372524112463,0.013957875594496728
rmse,model,surface_speed,1360,0.013375188161929449,0.01195507887750864,0.014486861228942872
rmse,model,surface_speed,1370,0.013528527257343133,0.012320012599229813,0.014697493053972721
rmse,model,surface_speed,1380,0.013522881890336673,0.012629255838692188,0.014554943516850471
rmse,model,surface_speed,1390,0.013266816238562266,0.012214408442378043,0.014071303978562355
rmse,model,surface_speed,1400,0.012942180844644706,0.01164279282093048,0.014311484806239606
rmse,model,surface_speed,1410,0.01272034589201212,0.010953655652701854,0.014480254612863064
rmse,model,surface_speed,1420,0.012772501384218534,0.011295441165566444,0.014094315655529498
rmse,model,surface_speed,1430,0.012954565013448398,0.011784222535789013,0.01378632877022028
rmse,model,surface_speed,1440,0.013249840959906578,0.012168741412460804,0.014222310483455658
rmse,model,surface_speed,1450,0.013389198792477448,0.012288699299097062,0.014228292182087899
rmse,model,surface_speed,1460,0.01329960518827041,0.012362243421375752,0.014517669938504696
rmse,model,surface_speed,1470,0.013101297430694103,0.011784884333610534,0.014228986389935016
rmse,model,surface_speed,1480,0.012887695369621118,0.011425212025642395,0.014086814783513545
rmse,model,surface_speed,1490,0.0127346720546484,0.011082768253982068,0.014277935214340686
rmse,model,surface_speed,1500,0.012731424781183403,0.011113686114549636,0.014209300838410854
rmse,model,surface_speed,1510,0.012854161734382311,0.011738025024533272,0.013851016759872437
rmse,model,surface_speed,1520,0.013044253860910734,0.012105279043316841,0.014117971993982792
rmse,model,surface_speed,1530,0.013294908218085766,0.012128397449851036,0.014559109695255756
rmse,model,surface_speed,1540,0.013422730192542077,0.012516910955309869,0.014536957815289497
rmse,model,surface_speed,1550,0.013368939546247323,0.012759049981832504,0.014499104022979737
rmse,model,surface_speed,1560,0.013146307629843553,0.012321924977004527,0.0145519794896245
rmse,model,surface_speed,1570,0.012876437480250994,0.011842812411487103,0.014671257883310317
rmse,model,surface_speed,1580,0.012737825388709705,0.011363206245005131,0.0149195509031415
rmse,model,surface_speed,1590,0.0127994188417991,0.011411265842616558,0.014682688936591148
rmse,model,surface_speed,1600,0.01297356685002645,0.011802428029477596,0.014194602146744728
rmse,model,surface_speed,1610,0.013300442136824131,0.012231141701340676,0.014579309523105622
rmse,model,surface_speed,1620,0.01350095917781194,0.012414928898215294,0.014861221238970757
rmse,model,surface_speed,1630,0.013414073797563712,0.012474288046360017,0.014810883440077305
rmse,model,surface_speed,1640,0.013210733731587728,0.011928124353289604,0.014264866337180137
rmse,model,surface_speed,1650,0.01299039696653684,0.011531628482043744,0.014178061671555043
rmse,model,surface_speed,1660,0.012827178587516148,0.011246548779308797,0.014781751297414302
rmse,model,surface_speed,1670,0.012814177758991718,0.011302081309258938,0.014586827531456946
rmse,model,surface_speed,1680,0.012901889781157175,0.011748718656599521,0.014698021858930588
rmse,model,surface_speed,1690,0.013125577631096045,0.012072931788861752,0.015028624795377254
rmse,model,surface_speed,1700,0.013436475085715454,0.012127901241183282,0.0150872815400362
rmse,model,surface_speed,1710,0.013611654192209244,0.012486515939235688,0.015308547765016556
rmse,model,surface_speed,1720,0.013560549293955167,0.012470120936632157,0.015136189386248588
rmse,model,surface_speed,1730,0.013334742995599906,0.011920846253633498,0.014422585628926754
rmse,model,surface_speed,1740,0.012990394483009975,0.011603407561779022,0.014084336534142494
rmse,model,surface_speed,1750,0.012744600574175516,0.011310023255646229,0.014399228617548943
rmse,model,surface_speed,1760,0.012715982645750046,0.011332922801375388,0.014363523386418818
rmse,model,surface_speed,1770,0.012881409873565038,0.011521130613982678,0.014591106958687306
rmse,model,surface_speed,1780,0.013260236009955406,0.011504925414919853,0.014689492993056774
rmse,model,surface_speed,1790,0.01351427286863327,0.011779035814106465,0.015399341098964214
rmse,model,surface_speed,1800,0.013473004351059597,0.011872745864093304,0.015237790718674659
rmse,model,surface_speed,1810,0.013262914679944515,0.011799207516014576,0.014563161879777908
rmse,model,surface_speed,1820,0.012994787096977234,0.011826090700924396,0.013835381343960762
rmse,model,surface_speed,1830,0.012755265335241954,0.011756510473787785,0.013791103288531304
rmse,model,surface_speed,1840,0.012661955381433169,0.011515694297850132,0.01412930842489004
rmse,model,surface_speed,1850,0.012735224204758804,0.011437885649502277,0.014262470975518226
rmse,model,surface_speed,1860,0.012954392780860266,0.011422987841069699,0.014189461804926395
rmse,model,surface_speed,1870,0.01327522328744332,0.011567175760865212,0.014973987080156802
rmse,model,surface_speed,1880,0.013506992223362128,0.012000720761716367,0.015108762308955193
rmse,model,surface_speed,1890,0.013514921627938747,0.012442118674516677,0.014611215330660343
rmse,model,surface_speed,1900,0.013270529732108117,0.012274554371833802,0.014521016366779804
rmse,model,surface_speed,1910,0.01293421940257152,0.011674147844314576,0.014172685705125332
rmse,model,surface_speed,1920,0.012655689629415672,0.0113831777125597,0.01392347365617752
rmse,model,surface_speed,1930,0.012558200707038244,0.011217802204191685,0.01414615623652935
rmse,model,surface_speed,1940,0.012664078921079635,0.011375778913497924,0.01394262108951807
rmse,model,surface_speed,1950,0.013006007050474484,0.011167442426085472,0.014676270261406898
rmse,model,surface_speed,1960,0.013325236116846403,0.011440224573016166,0.015138608403503895
rmse,model,surface_speed,1970,0.013342236789564291,0.01157141849398613,0.015030202642083167
rmse,model,surface_speed,1980,0.013182408114274343,0.011684169620275497,0.014523258619010448
rmse,model,surface_speed,1990,0.012956155960758527,0.011662354692816734,0.014332439564168454
rmse,model,surface_speed,2000,0.012694382977982362,0.011638840474188328,0.014026995562016965
rmse,climatology,surface_speed,0,0.003556247629846136,0.0029539707116782664,0.003936188574880361
rmse,climatology,surface_speed,10,0.003529475380976995,0.003144881408661604,0.003759465739130974
rmse,climatology,surface_speed,20,0.003442190649608771,0.0029814341105520725,0.0038064299151301384
rmse,climatology,surface_speed,30,0.003434277061993877,0.0028458414133638145,0.0038427081890404224
rmse,climatology,surface_speed,40,0.003422290086746216,0.0031103740446269514,0.0036542501766234636
rmse,climatology,surface_speed,50,0.0033170193278541167,0.0029160105623304844,0.00358698396012187
rmse,climatology,surface_speed,60,0.0033062097771714132,0.0029002250637859108,0.003535959869623184
rmse,climatology,surface_speed,70,0.0033777210861444472,0.0031469335779547693,0.003596552833914757
rmse,climatology,surface_speed,80,0.0033182340363661447,0.003088401397690177,0.003534314315766096
rmse,climatology,surface_speed,90,0.003204912335301439,0.002872096234932542,0.00349653004668653
rmse,climatology,surface_speed,100,0.003314530197530985,0.0030513843987137078,0.00355545892380178
rmse,climatology,surface_speed,110,0.003273115400224924,0.0028997997753322123,0.003566758893430233
rmse,climatology,surface_speed,120,0.0032374163158237932,0.0029489686246961357,0.0034461289178580046
rmse,climatology,surface_speed,130,0.00325169296314319,0.0028990965336561205,0.0035662377253174783
rmse,climatology,surface_speed,140,0.0033205152644465367,0.0030487045180052517,0.0034858281258493664
rmse,climatology,surface_speed,150,0.0032265195157378914,0.002998453285545111,0.0034692060202360154
rmse,climatology,surface_speed,160,0.0031759920219580334,0.0029011192265897988,0.003370865434408188
rmse,climatology,surface_speed,170,0.0032605163908253115,0.0029468365479260682,0.003539664717391133
rmse,climatology,surface_speed,180,0.00327856441338857,0.0029740826226770877,0.0034890055190771817
rmse,climatology,surface_speed,190,0.003248648190249999,0.002881994843482971,0.003607976622879505
rmse,climatology,surface_speed,200,0.0032932059839367867,0.0029504142701625826,0.0036148467101156712
rmse,climatology,surface_speed,210,0.003336902769903342,0.0031592204701155423,0.0034950483590364457
rmse,climatology,surface_speed,220,0.003275441937148571,0.002881621615961194,0.0037830539513379335
rmse,climatology,surface_speed,230,0.003315440968920787,0.0028660964220762254,0.0036905955523252485
rmse,climatology,surface_speed,240,0.0034481896242747703,0.0032114217523485423,0.003642077138647437
rmse,climatology,surface_speed,250,0.003452911895389358,0.0029710478615015746,0.004007243923842907
rmse,climatology,surface_speed,260,0.003383390714103977,0.0028544739820063115,0.004026725143194199
rmse,climatology,surface_speed,270,0.0035199640163530907,0.003017700230702758,0.0044718807563185695
rmse,climatology,surface_speed,280,0.0035364373587071897,0.0029401812702417375,0.004875911585986614
rmse,climatology,surface_speed,290,0.003533022136737903,0.0028731024358421564,0.004822120629251003
rmse,climatology,surface_speed,300,0.003571892622858286,0.0030211290810257196,0.004564420320093632
rmse,climatology,surface_speed,310,0.003613573747376601,0.0029960622545331717,0.004560665413737296
rmse,climatology,surface_speed,320,0.003519478067755699,0.0030094597488641737,0.004470165725797414
rmse,climatology,surface_speed,330,0.0034623096231371163,0.0029484589584171774,0.004297452513128519
rmse,climatology,surface_speed,340,0.0035460843083759148,0.0031264946796000005,0.003972788155078888
rmse,climatology,surface_speed,350,0.0035744113226731616,0.0030427430756390095,0.0041379562579095365
rmse,climatology,surface_speed,360,0.0035711968317627906,0.0029189000837504865,0.004377955012023448
rmse,climatology,surface_speed,370,0.0036131726733098428,0.003256563143804669,0.004425347875803709
rmse,climatology,surface_speed,380,0.0036388684840252,0.0032098976895213126,0.004491786751896143
rmse,climatology,surface_speed,390,0.0035392788394043844,0.0029812962748110294,0.004330999311059713
rmse,climatology,surface_speed,400,0.0035055162229885657,0.002983306162059307,0.003993233293294906
rmse,climatology,surface_speed,410,0.00357806362832586,0.0032238733023405076,0.004119319003075361
rmse,climatology,surface_speed,420,0.0035638606486221155,0.003104648180305958,0.00403437465429306
rmse,climatology,surface_speed,430,0.0034532379203786453,0.0029474723618477584,0.0038487042300403116
rmse,climatology,surface_speed,440,0.003563650557771325,0.0031227394938468933,0.003987206239253282
rmse,climatology,surface_speed,450,0.0035871645901352166,0.0030292014591395853,0.004058897495269775
rmse,climatology,surface_speed,460,0.0035682207283874354,0.002937810029834509,0.00422851825132966
rmse,climatology,surface_speed,470,0.0036284619787087043,0.003074692748486996,0.0045571157708764074
rmse,climatology,surface_speed,480,0.0037408719304949044,0.003197661740705371,0.0046524152159690855
rmse,climatology,surface_speed,490,0.0037333132699131967,0.003233950166031718,0.00467297825962305
rmse,climatology,surface_speed,500,0.0036769390106201174,0.0030278341379016637,0.0047512841410934925
rmse,climatology,surface_speed,510,0.0037532543763518335,0.00303021683357656,0.004924089089035988
rmse,climatology,surface_speed,520,0.0038001919320474068,0.0031599866691976787,0.004679943900555372
rmse,climatology,surface_speed,530,0.00380179095081985,0.0032788248267024756,0.004679788835346699
rmse,climatology,surface_speed,540,0.0038051869565000136,0.0030111717525869606,0.0047612936235964295
rmse,climatology,surface_speed,550,0.0038641370832920075,0.0032808677293360232,0.004886707104742527
rmse,climatology,surface_speed,560,0.0037890137328455845,0.0031132420990616083,0.004644462279975414
rmse,climatology,surface_speed,570,0.003776197989160816,0.003246248234063387,0.004699825402349233
rmse,climatology,surface_speed,580,0.0038579776727904877,0.0032729278318583965,0.004679697006940841
rmse,climatology,surface_speed,590,0.003874983793745438,0.003179376060143113,0.00481370473280549
rmse,climatology,surface_speed,600,0.0037612568742285174,0.0030569142661988737,0.004849881678819656
rmse,climatology,surface_speed,610,0.003807224923123916,0.0032102035358548163,0.005039390828460455
rmse,climatology,surface_speed,620,0.0037872510962188243,0.0032185830641537905,0.004836186859756708
rmse,climatology,surface_speed,630,0.003676931435863177,0.002977239526808262,0.004626479186117648
rmse,climatology,surface_speed,640,0.0036182534880936147,0.003035859763622284,0.004323070216923952
rmse,climatology,surface_speed,650,0.0036218032396088044,0.0030403516720980406,0.004018068592995405
rmse,climatology,surface_speed,660,0.003556677373126149,0.003254356840625405,0.004026614874601364
rmse,climatology,surface_speed,670,0.003425179949651162,0.003111383318901062,0.0039118283428251745
rmse,climatology,surface_speed,680,0.0034596250858157872,0.0030274692457169295,0.003961005154997111
rmse,climatology,surface_speed,690,0.0034986809361726044,0.00321629848331213,0.003899417817592621
rmse,climatology,surface_speed,700,0.0034857772135486204,0.003130446141585708,0.003978443332016468
rmse,climatology,surface_speed,710,0.0034858296314875287,0.0029282189439982175,0.0039920171722769736
rmse,climatology,surface_speed,720,0.003551509665946166,0.0031241186894476413,0.003853345289826393
rmse,climatology,surface_speed,730,0.0034721719566732645,0.0030897260643541814,0.0036883292719721793
rmse,climatology,surface_speed,740,0.0034066968131810428,0.0029703165870159864,0.0035709822550415993
rmse,climatology,surface_speed,750,0.0034558013547211887,0.0031989962793886662,0.0036395573057234286
rmse,climatology,surface_speed,760,0.0034617763167868057,0.0031474236864596607,0.0036293831653892994
rmse,climatology,surface_speed,770,0.0033176903302470843,0.0030560482759028674,0.003583087120205164
rmse,climatology,surface_speed,780,0.0033493017933020988,0.003131939237937331,0.0035455489065498113
rmse,climatology,surface_speed,790,0.0033924096884826818,0.0029906849842518566,0.003707641642540693
rmse,climatology,surface_speed,800,0.003347532001013557,0.00309005924500525,0.003598220180720091
rmse,climatology,surface_speed,810,0.0033663478990395863,0.0031365405302494764,0.003670137282460928
rmse,climatology,surface_speed,820,0.003437999387582143,0.0030798984225839376,0.0038751703687012196
rmse,climatology,surface_speed,830,0.003467508327836792,0.003086936054751277,0.003799187997356057
rmse,climatology,surface_speed,840,0.0034055714185039204,0.002966716978698969,0.0036324400454759596
rmse,climatology,surface_speed,850,0.0034958170571674904,0.0031286113895475864,0.0036492360290139914
rmse,climatology,surface_speed,860,0.0035887890961021187,0.003057784354314208,0.004041639063507319
rmse,climatology,surface_speed,870,0.0036306319292634726,0.0029327483382076023,0.004454832337796688
rmse,climatology,surface_speed,880,0.0036948809400200846,0.003114842902868986,0.004526278376579285
rmse,climatology,surface_speed,890,0.003821117306749026,0.0032847997266799212,0.005019579827785492
rmse,climatology,surface_speed,900,0.003805199886361758,0.0030644264537841082,0.00593157596886158
rmse,climatology,surface_speed,910,0.0038136017974466085,0.0029269327875226735,0.006063130497932434
rmse,climatology,surface_speed,920,0.003915986247981588,0.0031232166104018686,0.005992635060101747
rmse,climatology,surface_speed,930,0.003953725378960371,0.0031989962793886662,0.005940292961895466
rmse,climatology,surface_speed,940,0.0038554596404234568,0.0030017873737961053,0.0055983889847993846
rmse,climatology,surface_speed,950,0.00387649725501736,0.0031472163274884222,0.0054296568967401974
rmse,climatology,surface_speed,960,0.0039291120289514465,0.003000849345698953,0.005687281861901284
rmse,climatology,surface_speed,970,0.003883688151836395,0.002994659403339028,0.005529110785573721
rmse,climatology,surface_speed,980,0.003905518415073554,0.003067354718223214,0.005302395857870579
rmse,climatology,surface_speed,990,0.003960418608039617,0.003188921790570021,0.005489170830696821
rmse,climatology,surface_speed,1000,0.003964652447029949,0.0031624235212802886,0.005592299159616231
rmse,climatology,surface_speed,1010,0.003856172055626909,0.0030794502701610325,0.00528330560773611
rmse,climatology,surface_speed,1020,0.0038698481085399786,0.003226310666650534,0.005260033812373876
rmse,climatology,surface_speed,1030,0.003926124470308423,0.0031902668066322803,0.005218224506825208
rmse,climatology,surface_speed,1040,0.00391760792893668,0.003231741301715374,0.0053755251690745355
rmse,climatology,surface_speed,1050,0.003921411248544852,0.0033142711501568554,0.005245227832347155
rmse,climatology,surface_speed,1060,0.0039920570639272535,0.0034012376330792905,0.005040647089481353
rmse,climatology,surface_speed,1070,0.0039656449730197585,0.003250778140500188,0.004648507200181484
rmse,climatology,surface_speed,1080,0.003946543329705795,0.003268194803968072,0.004707970004528761
rmse,climatology,surface_speed,1090,0.004044206828499834,0.0033335878048092126,0.005473165586590767
rmse,climatology,surface_speed,1100,0.004135974900176128,0.00330920391716063,0.005897099711000919
rmse,climatology,surface_speed,1110,0.004091200418770313,0.003216310404241085,0.005986697413027286
rmse,climatology,surface_speed,1120,0.004134629418452581,0.0032720535527914762,0.0058575931005179875
rmse,climatology,surface_speed,1130,0.004265380743891001,0.00338941658847034,0.0061291327700018884
rmse,climatology,surface_speed,1140,0.004254560684785247,0.0031924179289489984,0.006033739447593689
rmse,climatology,surface_speed,1150,0.0042731408805896836,0.0032072349451482294,0.005930920317769051
rmse,climatology,surface_speed,1160,0.004334485608463486,0.003162962384521961,0.00601031593978405
rmse,climatology,surface_speed,1170,0.004403632894779245,0.003492154972627759,0.006019457057118416
rmse,climatology,surface_speed,1180,0.004307069707040986,0.003303715167567134,0.00607979129999876
rmse,climatology,surface_speed,1190,0.004317877752085527,0.0030437482986599208,0.0059320895001292225
rmse,climatology,surface_speed,1200,0.004385085046912233,0.00324148777872324,0.005959900189191103
rmse,climatology,surface_speed,1210,0.004399007884785533,0.0034525579772889613,0.005938291363418102
rmse,climatology,surface_speed,1220,0.004354992089793086,0.003154271049425006,0.006047205254435539
rmse,climatology,surface_speed,1230,0.004370711961140235,0.0031080693006515503,0.006182283349335194
rmse,climatology,surface_speed,1240,0.004301950025061767,0.0032585120294243096,0.006168052274733782
rmse,climatology,surface_speed,1250,0.004178022174164653,0.0032352176960557697,0.006080791540443897
rmse,climatology,surface_speed,1260,0.004141848736132185,0.0033575091511011124,0.005847138911485672
rmse,climatology,surface_speed,1270,0.004114996083080769,0.0033530349377542735,0.0056510155089199545
rmse,climatology,surface_speed,1280,0.003951048928623398,0.003203861601650715,0.005331420060247182
rmse,climatology,surface_speed,1290,0.0038292580284178257,0.003056330606341362,0.004952715989202261
rmse,climatology,surface_speed,1300,0.0038685287814587354,0.003322011837735772,0.004625499714165926
rmse,climatology,surface_speed,1310,0.0037691353044162195,0.0032195651438087225,0.0045726756565272805
rmse,climatology,surface_speed,1320,0.003718026028946042,0.0032242680434137585,0.004504523053765297
rmse,climatology,surface_speed,1330,0.0037238552855948606,0.0030151492450386287,0.0042741489596664906
rmse,climatology,surface_speed,1340,0.0037731847260147333,0.0033386609982699158,0.004088726174086332
rmse,climatology,surface_speed,1350,0.0036390069096038737,0.0031172667164355516,0.004000269155949354
rmse,climatology,surface_speed,1360,0.0035952082990358273,0.0029539624229073524,0.003947489336133004
rmse,climatology,surface_speed,1370,0.00365051687695086,0.003078928915783763,0.0040467644110322
rmse,climatology,surface_speed,1380,0.003622269801174601,0.0032379248645156623,0.003951243124902248
rmse,climatology,surface_speed,1390,0.003546308632940054,0.0030480787623673677,0.003963320702314377
rmse,climatology,surface_speed,1400,0.0035572007143249112,0.0029813430272042753,0.003964538872241974
rmse,climatology,surface_speed,1410,0.003515780484303832,0.003153055626899004,0.0037701258901506663
rmse,climatology,surface_speed,1420,0.0034103937136630218,0.0030163653660565614,0.003640741854906082
rmse,climatology,surface_speed,1430,0.0034120043429235617,0.0030123233795166016,0.00362948221154511
rmse,climatology,surface_speed,1440,0.003467653536548217,0.0031986939255148174,0.0036445859353989364
rmse,climatology,surface_speed,1450,0.003386956515411536,0.003141483711078763,0.003603779012337327
rmse,climatology,surface_speed,1460,0.003304898537074526,0.003006543405354023,0.0035623595118522643
rmse,climatology,surface_speed,1470,0.0034152093653877576,0.003103996068239212,0.003674780065193772
rmse,climatology,surface_speed,1480,0.003368180555601915,0.0029859931208193304,0.0036545304115861653
rmse,climatology,surface_speed,1490,0.0033582239877432583,0.003104924503713846,0.003571352967992425
rmse,climatology,surface_speed,1500,0.003402283228933811,0.003136345325037837,0.0037958418950438497
rmse,climatology,surface_speed,1510,0.003489950920144717,0.0031431080773472787,0.003811773285269737
rmse,climatology,surface_speed,1520,0.0034124622121453284,0.0030604332219809293,0.0037084778770804403
rmse,climatology,surface_speed,1530,0.0034325296835352975,0.0030834712088108063,0.0035911556798964737
rmse,climatology,surface_speed,1540,0.0035510205818961066,0.0030626541934907436,0.0037671285681426525
rmse,climatology,surface_speed,1550,0.003602941722298662,0.0030545303598046303,0.004275329876691103
rmse,climatology,surface_speed,1560,0.003631639868641893,0.00295786471106112,0.00443297354504466
rmse,climatology,surface_speed,1570,0.003748199405769507,0.0032740849535912277,0.004591609258204699
rmse,climatology,surface_speed,1580,0.0037877675301084914,0.003251975541934371,0.0054727188311517235
rmse,climatology,surface_speed,1590,0.0037496964447200297,0.002977242320775986,0.005731972306966781
rmse,climatology,surface_speed,1600,0.0037949452487130958,0.0030001646373420954,0.0056727414019405835
rmse,climatology,surface_speed,1610,0.0038745978691925604,0.0032435618340969086,0.005545800738036632
rmse,climatology,surface_speed,1620,0.0038110885148247083,0.0030938934069126844,0.005328088160604238
rmse,climatology,surface_speed,1630,0.0037310258640597263,0.0029271204490214585,0.0050642724148929116
rmse,climatology,surface_speed,1640,0.0038289567610869804,0.003113878471776843,0.0051688368432223795
rmse,climatology,surface_speed,1650,0.003783905521656076,0.0030762155074626207,0.005029142275452614
rmse,climatology,surface_speed,1660,0.0037761207049091658,0.0029859931208193304,0.004825604241341352
rmse,climatology,surface_speed,1670,0.003822547849267721,0.0030998665373772384,0.005125421378761529
rmse,climatology,surface_speed,1680,0.0038863873730103173,0.003249987354502082,0.005217054672539233
rmse,climatology,surface_speed,1690,0.0037962654295066994,0.003122990345582366,0.004999521933495998
rmse,climatology,surface_speed,1700,0.003740256450449427,0.003184453025460243,0.004950787313282489
rmse,climatology,surface_speed,1710,0.003808299374456207,0.003307899320498109,0.00483049750328064
rmse,climatology,surface_speed,1720,0.0038180834458520015,0.0032375548500567673,0.004885243903845549
rmse,climatology,surface_speed,1730,0.0037951945792883634,0.0031990600749850274,0.004784999601542949
rmse,climatology,surface_speed,1740,0.0038410847385724387,0.00337419593706727,0.004616189934313297
rmse,climatology,surface_speed,1750,0.0038715361151844263,0.003259757300838828,0.004416033625602722
rmse,climatology,surface_speed,1760,0.003821624722331762,0.0032936135306954385,0.004469389282166958
rmse,climatology,surface_speed,1770,0.0038802753668278457,0.0033004972152411937,0.004973448533564806
rmse,climatology,surface_speed,1780,0.003999465269347032,0.003319033840671182,0.005453121196478605
rmse,climatology,surface_speed,1790,0.004025398598363002,0.0033592924010008574,0.005625255033373832
rmse,climatology,surface_speed,1800,0.003973258115972082,0.0031195732299238443,0.005527222994714975
rmse,climatology,surface_speed,1810,0.004101638837407033,0.0033970844931900503,0.005791875161230564
rmse,climatology,surface_speed,1820,0.004115488209451238,0.003303289320319891,0.005736695136874914
rmse,climatology,surface_speed,1830,0.004094659195592006,0.003133108699694276,0.005489230994135142
rmse,climatology,surface_speed,1840,0.004133025898287694,0.0031010959297418593,0.00563942939043045
rmse,climatology,surface_speed,1850,0.004211052382985751,0.0033457504119724034,0.005697507690638304
rmse,climatology,surface_speed,1860,0.00417186861547331,0.003400082839652896,0.005729047395288944
rmse,climatology,surface_speed,1870,0.004113241424784064,0.0031596992630511522,0.005592446494847535
rmse,climatology,surface_speed,1880,0.004181991796940565,0.003214611392468214,0.0055395782925188545
rmse,climatology,surface_speed,1890,0.004205504277100165,0.0033594241831451654,0.005601908918470144
rmse,climatology,surface_speed,1900,0.004182696094115575,0.0033534244634211064,0.005708786007016897
rmse,climatology,surface_speed,1910,0.0041659484772632515,0.0029996070079505444,0.005873188376426697
rmse,climatology,surface_speed,1920,0.004165321231509248,0.003302513808012009,0.005890603456646204
rmse,climatology,surface_speed,1930,0.004027973270664612,0.003158325981348753,0.005737979151308537
rmse,climatology,surface_speed,1940,0.003949764293308059,0.0033050251193344595,0.00542397778481245
rmse,climatology,surface_speed,1950,0.003937224919597308,0.0032842764630913734,0.005190796218812466
rmse,climatology,surface_speed,1960,0.003853093413636088,0.0034004544839262964,0.004884999245405197
rmse,climatology,surface_speed,1970,0.003669810015708208,0.0031209462787955998,0.004531433433294296
rmse,climatology,surface_speed,1980,0.0036949089883516234,0.003259079996496439,0.004286924842745066
rmse,climatology,surface_speed,1990,0.0036698175749431054,0.003238304192200303,0.004261125437915325
rmse,climatology,surface_speed,2000,0.003611720834548275,0.003173669008538127,0.0041246810927987095
rmse,persistence,surface_speed,0,0.0,0.0,0.0
rmse,persistence,surface_speed,10,0.002457813344274958,0.0022392775397747757,0.0028443392366170883
rmse,persistence,surface_speed,20,0.003485678198436896,0.0031065061222761868,0.004023855552077293
rmse,persistence,surface_speed,30,0.0038101887175192436,0.003313875338062644,0.00432496601715684
rmse,persistence,surface_speed,40,0.004675422608852386,0.004352038633078337,0.00522820632904768
rmse,persistence,surface_speed,50,0.005050297236690918,0.004633799102157355,0.005477108061313629
rmse,persistence,surface_speed,60,0.004982124144832293,0.004484221525490284,0.005620001256465912
rmse,persistence,surface_speed,70,0.0052137190476059915,0.004610555805265903,0.005929826479405165
rmse,persistence,surface_speed,80,0.005179478911062082,0.004558675270527601,0.005681732669472694
rmse,persistence,surface_speed,90,0.005054311299075683,0.004456606041640043,0.005763071309775113
rmse,persistence,surface_speed,100,0.0052200509856144585,0.004535407293587923,0.005944730713963509
rmse,persistence,surface_speed,110,0.005091575967768828,0.004423449188470841,0.005723335593938827
rmse,persistence,surface_speed,120,0.005099254132558902,0.004352480266243219,0.005417273659259081
rmse,persistence,surface_speed,130,0.004911316232755781,0.004067466966807843,0.005541071202605962
rmse,persistence,surface_speed,140,0.004172083005929987,0.003600118076428771,0.004487445484846831
rmse,persistence,surface_speed,150,0.0036931032159676154,0.0031580626033246516,0.0041665415279567245
rmse,persistence,surface_speed,160,0.0030082125682383775,0.0021276694722473623,0.003778736013919115
rmse,persistence,surface_speed,170,0.0016536187846213578,0.0008601952111348509,0.0027417968492954967
rmse,persistence,surface_speed,180,0.002937682842214902,0.0022778513375669718,0.003558805072680116
rmse,persistence,surface_speed,190,0.003975217370316387,0.0033030797727406024,0.0046283438801765445
rmse,persistence,surface_speed,200,0.004234349463755885,0.003573697851970792,0.0048556911759078504
rmse,persistence,surface_speed,210,0.004998299044867357,0.004442364443093538,0.005792935937643051
rmse,persistence,surface_speed,220,0.005419392542292675,0.0047559916973114015,0.006142023298889398
rmse,persistence,surface_speed,230,0.005352434019247691,0.004625482670962811,0.00632290942594409
rmse,persistence,surface_speed,240,0.0055719176307320595,0.004804828763008117,0.006868244800716638
rmse,persistence,surface_speed,250,0.0056025088454286255,0.004644213058054447,0.006658579315990209
rmse,persistence,surface_speed,260,0.005493804719299078,0.00492860134691,0.006357104238122702
rmse,persistence,surface_speed,270,0.005667952417085568,0.004895525611937046,0.006547752860933542
rmse,persistence,surface_speed,280,0.005597177085777124,0.004619744140654802,0.006506604421883821
rmse,persistence,surface_speed,290,0.005624155172457298,0.00500975176692009,0.006470208335667848
rmse,persistence,surface_speed,300,0.005502220615744591,0.004761897679418326,0.0062332464382052425
rmse,persistence,surface_speed,310,0.004798130271956325,0.0040201393887400625,0.006141712423413992
rmse,persistence,surface_speed,320,0.004335758974775672,0.0035122825764119627,0.005461364332586527
rmse,persistence,surface_speed,330,0.003858445802082618,0.0029280869755893947,0.004447602014988661
rmse,persistence,surface_speed,340,0.00287651097557197,0.0017655898351222276,0.0041505454108119
rmse,persistence,surface_speed,350,0.0035831996394942206,0.0026424658484756947,0.004927301034331321
rmse,persistence,surface_speed,360,0.004548043959463636,0.0037531306035816668,0.005834694858640432
rmse,persistence,surface_speed,370,0.004764837926874558,0.004094871133565903,0.006187330652028322
rmse,persistence,surface_speed,380,0.005395326670259238,0.004716585110872984,0.006629658862948418
rmse,persistence,surface_speed,390,0.005805558525025845,0.005173714552074671,0.00672189500182867
rmse,persistence,surface_speed,400,0.005693729687482119,0.005007928796112537,0.006514573190361261
rmse,persistence,surface_speed,410,0.005824006131539742,0.005155067425221205,0.006524570845067501
rmse,persistence,surface_speed,420,0.00584464268758893,0.005285693984478712,0.006411535851657391
rmse,persistence,surface_speed,430,0.0056646598502993585,0.004704295378178358,0.006710342410951853
rmse,persistence,surface_speed,440,0.005802488295982281,0.004831348732113838,0.006732946075499058
rmse,persistence,surface_speed,450,0.005737704938898484,0.004847675189375877,0.006546018458902836
rmse,persistence,surface_speed,460,0.005697805030892292,0.0044739642180502415,0.006765555310994387
rmse,persistence,surface_speed,470,0.005658982383708159,0.004309424851089716,0.006701819878071546
rmse,persistence,surface_speed,480,0.00510022157492737,0.0040231368504464625,0.00648081935942173
rmse,persistence,surface_speed,490,0.004638447302083174,0.003477932699024677,0.006248131301254034
rmse,persistence,surface_speed,500,0.00420297848371168,0.0023878021631389855,0.005869347229599952
rmse,persistence,surface_speed,510,0.0031986529861266415,0.0010553562780842185,0.0052379918284714225
rmse,persistence,surface_speed,520,0.003698793170042336,0.0018525397637858987,0.005517023708671331
rmse,persistence,surface_speed,530,0.0047138610233863195,0.0032625657506287096,0.006153055094182491
rmse,persistence,surface_speed,540,0.004892115155234933,0.0034958363976329565,0.006496078893542289
rmse,persistence,surface_speed,550,0.005446778237819671,0.004208410438150167,0.006829273980110883
rmse,persistence,surface_speed,560,0.005894436749319235,0.004912228509783745,0.0071420158259570595
rmse,persistence,surface_speed,570,0.0057750120759010315,0.004860713332891464,0.007183492556214333
rmse,persistence,surface_speed,580,0.0058374231991668545,0.004778273683041334,0.007225324679166078
rmse,persistence,surface_speed,590,0.005855078374346097,0.004744294472038746,0.0069903570227324964
rmse,persistence,surface_speed,600,0.005615957733243704,0.004547758400440216,0.006624227669090032
rmse,persistence,surface_speed,610,0.0056557612804075084,0.004569247271865607,0.006893222033977508
rmse,persistence,surface_speed,620,0.0055236263200640675,0.0046438142657279965,0.00654740147292614
rmse,persistence,surface_speed,630,0.005351732422908147,0.004398242384195328,0.006186918634921312
rmse,persistence,surface_speed,640,0.0051999656483530995,0.0041412881575524805,0.006225445121526718
rmse,persistence,surface_speed,650,0.004453075164929032,0.0039020735770463944,0.005179269984364509
rmse,persistence,surface_speed,660,0.003719471162185073,0.003155550314113498,0.004315835889428854
rmse,persistence,surface_speed,670,0.003110040429358681,0.0023280517663806675,0.0037620832212269307
rmse,persistence,surface_speed,680,0.0014960444338309269,0.0008976105134934187,0.0020169477444142102
rmse,persistence,surface_speed,690,0.0018410931108519435,0.0014808204490691424,0.002136204531416297
rmse,persistence,surface_speed,700,0.003355270779381196,0.003038529492914677,0.004045366588979959
rmse,persistence,surface_speed,710,0.0036469542887061835,0.003276065876707435,0.004165872838348151
rmse,persistence,surface_speed,720,0.004302888053158919,0.0038333852775394917,0.004928835388273001
rmse,persistence,surface_speed,730,0.004958821771045526,0.004641060810536146,0.005356962420046329
rmse,persistence,surface_speed,740,0.004937670410921176,0.0045393544249236585,0.005308722518384457
rmse,persistence,surface_speed,750,0.005061994275699059,0.004636532161384821,0.005632237438112498
rmse,persistence,surface_speed,760,0.0051997664694984755,0.004527707118541002,0.0056125870905816555
rmse,persistence,surface_speed,770,0.0050358626060187815,0.004673575982451439,0.005504633206874132
rmse,persistence,surface_speed,780,0.005158278346061707,0.0045916176401078704,0.005874455254524946
rmse,persistence,surface_speed,790,0.005167457430313031,0.004469531122595072,0.0058143528178334234
rmse,persistence,surface_speed,800,0.00510278878112634,0.00457960432395339,0.0055001993663609024
rmse,persistence,surface_speed,810,0.005126375736047824,0.004296207148581743,0.0056926653720438475
rmse,persistence,surface_speed,820,0.004581481404602528,0.004132925998419523,0.00504764448851347
rmse,persistence,surface_speed,830,0.004008503320316474,0.003441311093047261,0.004439754877239466
rmse,persistence,surface_speed,840,0.0036646635582049687,0.002844545571133494,0.004807507060468196
rmse,persistence,surface_speed,850,0.002632724167779088,0.0016478166216984391,0.004380155634135007
rmse,persistence,surface_speed,860,0.0027873842588936287,0.0016622702358290553,0.004772531520575284
rmse,persistence,surface_speed,870,0.0041782494013508165,0.0032269311137497424,0.00608620774000883
rmse,persistence,surface_speed,880,0.0045910639688372615,0.0035516341216862203,0.006476484797894954
rmse,persistence,surface_speed,890,0.005171005195006728,0.004265257157385349,0.007066013198345899
rmse,persistence,surface_speed,900,0.005842849270751079,0.00481446897611022,0.007728580944240093
rmse,persistence,surface_speed,910,0.005889118183404207,0.004732221737504006,0.007805740460753441
rmse,persistence,surface_speed,920,0.005961513891816139,0.004837261140346527,0.007739736791700124
rmse,persistence,surface_speed,930,0.006100087830175956,0.004910333547741175,0.007832876779139042
rmse,persistence,surface_speed,940,0.005948787151525418,0.0051278527826070786,0.007576943654567003
rmse,persistence,surface_speed,950,0.006004492441813151,0.005103394947946071,0.0072415384463965895
rmse,persistence,surface_speed,960,0.006014692628135284,0.004720741137862206,0.007469271123409271
rmse,persistence,surface_speed,970,0.0059288195334374905,0.005125993676483631,0.007287639379501342
rmse,persistence,surface_speed,980,0.00596876290316383,0.005171158257871867,0.007707725465297699
rmse,persistence,surface_speed,990,0.005509040659914414,0.004575905669480562,0.007487852592021227
rmse,persistence,surface_speed,1000,0.004927323665469885,0.0039031653199344874,0.006974839791655541
rmse,persistence,surface_speed,1010,0.004636654537171126,0.0036001989152282476,0.006610840652137994
rmse,persistence,surface_speed,1020,0.0038339192358156043,0.0026440634857863186,0.006045651435852051
rmse,persistence,surface_speed,1030,0.003676310461014509,0.0024610240943729877,0.00583166005089879
rmse,persistence,surface_speed,1040,0.004745312795663873,0.0037789436988532542,0.006384940166026354
rmse,persistence,surface_speed,1050,0.005119266888747613,0.004369647428393364,0.00669439509510994
rmse,persistence,surface_speed,1060,0.005510880146175623,0.004614808037877083,0.007030069734901189
rmse,persistence,surface_speed,1070,0.006137865347166856,0.00544092059135437,0.007221870124340057
rmse,persistence,surface_speed,1080,0.0062156834329168,0.00559082068502903,0.0072197367437183855
rmse,persistence,surface_speed,1090,0.006252791391064724,0.0052223182283341885,0.007634256221354008
rmse,persistence,surface_speed,1100,0.00642736197138826,0.0053130478598177435,0.0078000064939260485
rmse,persistence,surface_speed,1110,0.006297858835508426,0.004933143965899944,0.007877912931144237
rmse,persistence,surface_speed,1120,0.006324842385947704,0.004622172750532627,0.007965042814612388
rmse,persistence,surface_speed,1130,0.006419028465946515,0.004955260455608368,0.008232620544731617
rmse,persistence,surface_speed,1140,0.006303908582776785,0.004617301467806101,0.008059600740671158
rmse,persistence,surface_speed,1150,0.0063368828656772775,0.0043327250517904755,0.008037018589675426
rmse,persistence,surface_speed,1160,0.005988188957174619,0.004170110449194908,0.007655833102762699
rmse,persistence,surface_speed,1170,0.005418511433526873,0.003898214874789119,0.007408514525741339
rmse,persistence,surface_speed,1180,0.005072999761129419,0.002861494245007634,0.007063208147883415
rmse,persistence,surface_speed,1190,0.004298831739773353,0.00166774217505008,0.006569183897227049
rmse,persistence,surface_speed,1200,0.0038399348966777326,0.001095110224559903,0.0062491558492183685
rmse,persistence,surface_speed,1210,0.004909643329059085,0.002903017261996865,0.006823291815817356
rmse,persistence,surface_speed,1220,0.005276505773266157,0.0034884891472756864,0.007148071285337209
rmse,persistence,surface_speed,1230,0.005515930475667119,0.0037573473993688824,0.007178915478289127
rmse,persistence,surface_speed,1240,0.006075498927384615,0.004700028337538242,0.0075199280865490435
rmse,persistence,surface_speed,1250,0.006081255245953798,0.004955804441124201,0.007651655655354262
rmse,persistence,surface_speed,1260,0.005924820682654778,0.0047081148251891134,0.007530504558235407
rmse,persistence,surface_speed,1270,0.005968292585263649,0.004816406965255737,0.007351888436824083
rmse,persistence,surface_speed,1280,0.005683807531992594,0.004773909691721201,0.006891649030148983
rmse,persistence,surface_speed,1290,0.005491395046313604,0.004415910411626101,0.006530763301998377
rmse,persistence,surface_speed,1300,0.005452241996924082,0.004535258281975985,0.006371432542800903
rmse,persistence,surface_speed,1310,0.005154158299167951,0.00443582134321332,0.005801906250417233
rmse,persistence,surface_speed,1320,0.005056524494041999,0.004221042152494192,0.005697023961693048
rmse,persistence,surface_speed,1330,0.004585547667617599,0.0038960248231887816,0.00510019464418292
rmse,persistence,surface_speed,1340,0.003705384473626812,0.003256394574418664,0.003935427963733673
rmse,persistence,surface_speed,1350,0.003203286106387774,0.0028435427229851484,0.003591502644121647
rmse,persistence,surface_speed,1360,0.002098037915614744,0.0016357224667444825,0.002493275096639991
rmse,persistence,surface_speed,1370,0.0007581032502154509,0.000646748999133706,0.0009260202525183558
rmse,persistence,surface_speed,1380,0.002785277785733342,0.0025748526211827995,0.003199909720569849
rmse,persistence,surface_speed,1390,0.003546485894670089,0.0032165521290153263,0.004052441660314798
rmse,persistence,surface_speed,1400,0.003925664738441507,0.003429672447964549,0.004453704226762056
rmse,persistence,surface_speed,1410,0.004776058656473955,0.004404025804251433,0.005234845168888569
rmse,persistence,surface_speed,1420,0.005019330543776354,0.004655553959310055,0.005371980369091034
rmse,persistence,surface_speed,1430,0.004980599880218506,0.004504656326025725,0.005623684171587228
rmse,persistence,surface_speed,1440,0.005211413434396187,0.004559115972369909,0.005888883024454117
rmse,persistence,surface_speed,1450,0.005124402760217587,0.004699879884719848,0.00557804275304079
rmse,persistence,surface_speed,1460,0.005060308830191692,0.004505463782697916,0.005778004601597785
rmse,persistence,surface_speed,1470,0.005210314784199,0.0045554742217063906,0.0059102755971252915
rmse,persistence,surface_speed,1480,0.0050784115679562095,0.004490904416888953,0.005677375663071871
rmse,persistence,surface_speed,1490,0.0051336476268867655,0.00441045630723238,0.005500891525298357
rmse,persistence,surface_speed,1500,0.0048819330831368765,0.004140131920576095,0.005490521714091301
rmse,persistence,surface_speed,1510,0.004188568424433469,0.003574130032211542,0.004536290559917689
rmse,persistence,surface_speed,1520,0.0038463865872472524,0.003135506296530366,0.004598115757107735
rmse,persistence,surface_speed,1530,0.003180640609934926,0.002313408022746444,0.004606638383120298
rmse,persistence,surface_speed,1540,0.0023162958910688757,0.0011447521625086664,0.004262931179255246
rmse,persistence,surface_speed,1550,0.003642925728733341,0.002670367667451501,0.005448501743376254
rmse,persistence,surface_speed,1560,0.004463648640861114,0.003454221086576581,0.006321110017597675
rmse,persistence,surface_speed,1570,0.004800381992633144,0.003962159156799316,0.006527463998645544
rmse,persistence,surface_speed,1580,0.005563856816540162,0.0046141321770846845,0.007291341666132212
rmse,persistence,surface_speed,1590,0.005864865363885959,0.004867024254053831,0.007567298505455256
rmse,persistence,surface_speed,1600,0.005795696843415498,0.004733511153608561,0.007557787094265222
rmse,persistence,surface_speed,1610,0.005978703312575817,0.004794462956488133,0.007499410398304462
rmse,persistence,surface_speed,1620,0.005907370305309693,0.005014883540570736,0.007415497396141291
rmse,persistence,surface_speed,1630,0.005801417678594589,0.004988363571465015,0.006830913573503494
rmse,persistence,surface_speed,1640,0.005922182649374008,0.004858585633337497,0.006866581551730633
rmse,persistence,surface_speed,1650,0.005789813026785851,0.004846644122153521,0.007105222530663013
rmse,persistence,surface_speed,1660,0.005826848714301984,0.005155096296221018,0.007410877104848623
rmse,persistence,surface_speed,1670,0.005659280251711607,0.004891493730247021,0.007467119488865137
rmse,persistence,surface_speed,1680,0.00500766367961963,0.004190607462078333,0.00698187192901969
rmse,persistence,surface_speed,1690,0.004645957068229715,0.0037838614545762537,0.006531914137303829
rmse,persistence,surface_speed,1700,0.0041317753183345,0.0031708127819001673,0.006030538119375706
rmse,persistence,surface_speed,1710,0.0033372323183963695,0.0022383817471563817,0.005342091433703899
rmse,persistence,surface_speed,1720,0.004124004921565453,0.0031996261328458785,0.005715146847069264
rmse,persistence,surface_speed,1730,0.004899054827789465,0.004260602407157421,0.006278544198721647
rmse,persistence,surface_speed,1740,0.005103713522354762,0.0042040604166686535,0.006504286173731088
rmse,persistence,surface_speed,1750,0.005749517461905876,0.0049062627367675304,0.006951889954507351
rmse,persistence,surface_speed,1760,0.006093281228095293,0.005436687730252743,0.007135011814534664
rmse,persistence,surface_speed,1770,0.006040857918560505,0.005204595997929573,0.007230632938444614
rmse,persistence,surface_speed,1780,0.00622475581864516,0.0050654436461627485,0.007550237607210875
rmse,persistence,surface_speed,1790,0.006226402459045251,0.005113542545586824,0.007681591622531413
rmse,persistence,surface_speed,1800,0.006097078323364258,0.004467618372291327,0.007733081467449665
rmse,persistence,surface_speed,1810,0.00624438589438796,0.004729546792805195,0.007935314998030662
rmse,persistence,surface_speed,1820,0.006149388911823431,0.004734005965292454,0.007758760917931795
rmse,persistence,surface_speed,1830,0.006123501403878132,0.004332857113331557,0.007705488242208958
rmse,persistence,surface_speed,1840,0.006018775375559926,0.004140766337513924,0.007766898907721043
rmse,persistence,surface_speed,1850,0.005414370338742932,0.0039777994155883786,0.007312819547951222
rmse,persistence,surface_speed,1860,0.004988620197400451,0.0032931182533502577,0.006903237383812666
rmse,persistence,surface_speed,1870,0.004490366127962868,0.0022368657402694224,0.006441504415124654
rmse,persistence,surface_speed,1880,0.0035076560374970238,0.000993013195693493,0.005796937085688114
rmse,persistence,surface_speed,1890,0.0041234132988999285,0.002064107870683074,0.006163065694272518
rmse,persistence,surface_speed,1900,0.004956483701243996,0.003371765650808811,0.006645097956061363
rmse,persistence,surface_speed,1910,0.005069077139099439,0.0034319876227527856,0.006705909129232168
rmse,persistence,surface_speed,1920,0.005601216200739145,0.004126249346882105,0.006916738208383321
rmse,persistence,surface_speed,1930,0.005909322760999203,0.004794679209589958,0.007309542410075665
rmse,persistence,surface_speed,1940,0.005698491384585698,0.004747475031763315,0.00713481530547142
rmse,persistence,surface_speed,1950,0.0057019055200119816,0.004710712470114231,0.007063157577067614
rmse,persistence,surface_speed,1960,0.0055857075688739615,0.004645152948796749,0.006524080969393253
rmse,persistence,surface_speed,1970,0.005265515483915806,0.004394972510635853,0.006202899105846882
rmse,persistence,surface_speed,1980,0.005268356514473756,0.004436998814344406,0.006230049859732389
rmse,persistence,surface_speed,1990,0.005057604921360811,0.004544606152921915,0.0056112856604158875
rmse,persistence,surface_speed,2000,0.00490456772968173,0.004304198548197746,0.005336496978998184
rmse,model,phihyd_surface,0,0.0,0.0,0.0
rmse,model,phihyd_surface,10,0.009386883303523063,0.00867629386484623,0.010426007211208344
rmse,model,phihyd_surface,20,0.011280447306732336,0.010520815290510655,0.012462483532726765
rmse,model,phihyd_surface,30,0.012389960885047912,0.011591081321239472,0.013600707612931728
rmse,model,phihyd_surface,40,0.013522182529171308,0.01272672601044178,0.01470795702189207
rmse,model,phihyd_surface,50,0.014844828595717749,0.0139864020049572,0.016002998873591422
rmse,model,phihyd_surface,60,0.0163640674824516,0.015439356863498687,0.017399559915065765
rmse,model,phihyd_surface,70,0.018126564348737398,0.01713375449180603,0.019346439465880393
rmse,model,phihyd_surface,80,0.020269526665409408,0.019261369854211806,0.02158393748104572
rmse,model,phihyd_surface,90,0.022735995426774024,0.021710092946887017,0.024105305969715118
rmse,model,phihyd_surface,100,0.025315975646177928,0.02437114454805851,0.026727286353707313
rmse,model,phihyd_surface,110,0.028064676374197007,0.026828724890947342,0.02953255772590637
rmse,model,phihyd_surface,120,0.030898094177246094,0.029317355528473855,0.03233655020594597
rmse,model,phihyd_surface,130,0.03370681417485078,0.032018319517374036,0.03515276238322258
rmse,model,phihyd_surface,140,0.036295646180709205,0.03482912629842758,0.03767215758562088
rmse,model,phihyd_surface,150,0.03871557464202245,0.03751975893974304,0.039976450800895694
rmse,model,phihyd_surface,160,0.04120755692323049,0.04024217948317528,0.042318270355463025
rmse,model,phihyd_surface,170,0.04372591848174731,0.04257207289338112,0.044997308403253555
rmse,model,phihyd_surface,180,0.04601771607995033,0.0444625198841095,0.04761696308851242
rmse,model,phihyd_surface,190,0.04808090403676033,0.04678523018956184,0.04908236488699913
rmse,model,phihyd_surface,200,0.05024999181429545,0.04921329841017723,0.051265216618776324
rmse,model,phihyd_surface,210,0.05234863832592964,0.051064475625753405,0.05347822308540344
rmse,model,phihyd_surface,220,0.054080814123153687,0.05269627496600151,0.055455248802900314
rmse,model,phihyd_surface,230,0.055700086802244184,0.0546084001660347,0.057030587643384936
rmse,model,phihyd_surface,240,0.05751693000396093,0.05641295239329338,0.059043712168931964
rmse,model,phihyd_surface,250,0.05903734316428502,0.0578550860285759,0.06016012951731682
rmse,model,phihyd_surface,260,0.06012114013234774,0.05900415480136871,0.06133912056684494
rmse,model,phihyd_surface,270,0.061320594201485314,0.060387980192899704,0.06271648705005646
rmse,model,phihyd_surface,280,0.06255261972546577,0.0616901271045208,0.06436408460140228
rmse,model,phihyd_surface,290,0.06352491105596224,0.062316281348466875,0.06489800959825516
rmse,model,phihyd_surface,300,0.06455517237385114,0.06291469782590867,0.0657835304737091
rmse,model,phihyd_surface,310,0.06566493560870489,0.06425874680280685,0.06656882911920547
rmse,model,phihyd_surface,320,0.06665501296520233,0.06589889377355576,0.0679713472723961
rmse,model,phihyd_surface,330,0.06740667074918746,0.0665717899799347,0.0686451554298401
rmse,model,phihyd_surface,340,0.06817564765612284,0.06739860773086548,0.06912893652915955
rmse,model,phihyd_surface,350,0.06931328276793162,0.0682203084230423,0.07066459804773331
rmse,model,phihyd_surface,360,0.07015253355105718,0.06912164986133576,0.07138625532388687
rmse,model,phihyd_surface,370,0.0708428904414177,0.07030526548624039,0.0720022276043892
rmse,model,phihyd_surface,380,0.07187057981888453,0.07136461585760116,0.07303484976291656
rmse,model,phihyd_surface,390,0.07278943459192912,0.0721936583518982,0.07380486130714417
rmse,model,phihyd_surface,400,0.07328841388225556,0.07266613841056824,0.07425805330276489
rmse,model,phihyd_surface,410,0.07398421516021093,0.073257215321064,0.075163234770298
rmse,model,phihyd_surface,420,0.07463793357213339,0.07417610585689545,0.07591099590063095
rmse,model,phihyd_surface,430,0.07500905642906824,0.07439040541648864,0.07616939693689347
rmse,model,phihyd_surface,440,0.07550658931334814,0.07445398718118668,0.07673142403364182
rmse,model,phihyd_surface,450,0.07622475773096085,0.07490571886301041,0.07815237492322921
rmse,model,phihyd_surface,460,0.07685739000638327,0.07564955651760101,0.07934756278991699
rmse,model,phihyd_surface,470,0.07733659396568934,0.07574952244758607,0.07969841510057449
rmse,model,phihyd_surface,480,0.07781282613674799,0.07510620802640915,0.08048021793365479
rmse,model,phihyd_surface,490,0.0780517429113388,0.07553119212388992,0.08038896769285202
rmse,model,phihyd_surface,500,0.07809094140926996,0.07569168210029602,0.0804300531744957
rmse,model,phihyd_surface,510,0.07818494339783987,0.07559624910354615,0.08080360144376755
rmse,model,phihyd_surface,520,0.07858469088872273,0.07640502750873565,0.08106249719858169
rmse,model,phihyd_surface,530,0.07885976334412893,0.07597579509019851,0.08151936531066895
rmse,model,phihyd_surface,540,0.07920953730742136,0.07559528797864914,0.08217179626226426
rmse,model,phihyd_surface,550,0.07974376827478409,0.07594631910324097,0.08285094648599625
rmse,model,phihyd_surface,560,0.0800447498758634,0.07700054198503495,0.08306799829006195
rmse,model,phihyd_surface,570,0.08020398318767548,0.0772863894701004,0.08338041752576827
rmse,model,phihyd_surface,580,0.08053363114595413,0.07735611200332641,0.08372969180345535
rmse,model,phihyd_surface,590,0.08082294364770254,0.0773102656006813,0.08378678560256958
rmse,model,phihyd_surface,600,0.0809751366575559,0.07718937397003174,0.08454623073339462
rmse,model,phihyd_surface,610,0.08148648689190546,0.07768732905387879,0.08557990342378616
rmse,model,phihyd_surface,620,0.08240348796049754,0.0788736879825592,0.08687441349029541
rmse,model,phihyd_surface,630,0.08315373013416925,0.07954021543264389,0.08739623427391052
rmse,model,phihyd_surface,640,0.08376266062259674,0.07962088733911514,0.08788081407546997
rmse,model,phihyd_surface,650,0.08436955710252127,0.08054431527853012,0.08803536295890808
rmse,model,phihyd_surface,660,0.08469135016202926,0.08081615418195724,0.08835533857345582
rmse,model,phihyd_surface,670,0.08494120041529338,0.08130455017089844,0.08900740146636962
rmse,model,phihyd_surface,680,0.08536143700281779,0.08091883063316345,0.08991619050502778
rmse,model,phihyd_surface,690,0.0861415018637975,0.08127587735652923,0.09115963578224182
rmse,model,phihyd_surface,700,0.08692146887381871,0.08264196068048477,0.09236468225717545
rmse,model,phihyd_surface,710,0.08784698148568472,0.08328936100006104,0.0939053937792778
rmse,model,phihyd_surface,720,0.08876450657844544,0.08337617069482803,0.09602652937173843
rmse,model,phihyd_surface,730,0.0893531709909439,0.08394842445850373,0.09677627086639404
rmse,model,phihyd_surface,740,0.08995160162448883,0.08463401794433593,0.09739981293678283
rmse,model,phihyd_surface,750,0.09070761948823929,0.08479697108268738,0.09868911355733871
rmse,model,phihyd_surface,760,0.09132107198238373,0.08521316200494766,0.09924295395612717
rmse,model,phihyd_surface,770,0.09206322381893793,0.08621871024370194,0.09947024285793304
rmse,model,phihyd_surface,780,0.09325260867675146,0.08729439675807953,0.10082473307847976
rmse,model,phihyd_surface,790,0.09456174969673156,0.0881651595234871,0.10245860368013382
rmse,model,phihyd_surface,800,0.09550416221221288,0.08903050720691681,0.10295457392930984
rmse,model,phihyd_surface,810,0.0961556851863861,0.08996482938528061,0.10321934074163437
rmse,model,phihyd_surface,820,0.0969647541642189,0.09047092199325561,0.10389275401830673
rmse,model,phihyd_surface,830,0.0976002166668574,0.09056739062070847,0.10478893220424652
rmse,model,phihyd_surface,840,0.0981176902850469,0.09034312218427658,0.10544308423995971
rmse,model,phihyd_surface,850,0.09876700540383657,0.09143788814544677,0.10667605996131897
rmse,model,phihyd_surface,860,0.09978902091582616,0.09214054495096206,0.10736795216798782
rmse,model,phihyd_surface,870,0.10062105705340703,0.09218796342611313,0.10825027078390122
rmse,model,phihyd_surface,880,0.10106976926326752,0.0929386168718338,0.10857771933078766
rmse,model,phihyd_surface,890,0.10120332688093185,0.09370872974395753,0.10924224704504013
rmse,model,phihyd_surface,900,0.1013880396882693,0.09404895156621933,0.10950406193733216
rmse,model,phihyd_surface,910,0.1017089068889618,0.09456792175769806,0.10930764675140381
rmse,model,phihyd_surface,920,0.1021485393246015,0.09509154111146927,0.10941235423088073
rmse,model,phihyd_surface,930,0.10255457013845444,0.09501800984144211,0.11052244752645492
rmse,model,phihyd_surface,940,0.10307623694340388,0.09512784481048583,0.11168204247951508
rmse,model,phihyd_surface,950,0.10395613809426625,0.09593132138252258,0.11291505545377731
rmse,model,phihyd_surface,960,0.10459791173537572,0.09681566506624222,0.11375865042209625
rmse,model,phihyd_surface,970,0.1047181377808253,0.0974266692996025,0.11393699645996094
rmse,model,phihyd_surface,980,0.10486049552758535,0.09810185581445693,0.11431118994951248
rmse,model,phihyd_surface,990,0.1053357924024264,0.0986380934715271,0.11517153978347779
rmse,model,phihyd_surface,1000,0.10546027024586996,0.09793277233839034,0.11570758223533631
rmse,model,phihyd_surface,1010,0.1054146409034729,0.09691119939088821,0.11580845415592193
rmse,model,phihyd_surface,1020,0.10574708382288615,0.09725159406661987,0.11643939912319183
rmse,model,phihyd_surface,1030,0.10650545954704285,0.09827833473682404,0.11804732978343964
rmse,model,phihyd_surface,1040,0.10697991251945496,0.0990857407450676,0.11896528899669648
rmse,model,phihyd_surface,1050,0.10714674641688665,0.09936531931161881,0.11865317225456237
rmse,model,phihyd_surface,1060,0.10722641895214717,0.09859581440687179,0.1189510092139244
rmse,model,phihyd_surface,1070,0.10735398282607396,0.09786156564950943,0.12015774697065354
rmse,model,phihyd_surface,1080,0.10744144320487976,0.0979552611708641,0.12056843042373658
rmse,model,phihyd_surface,1090,0.10742142548163731,0.09794287830591202,0.12015504539012908
rmse,model,phihyd_surface,1100,0.10749773581822714,0.0974682554602623,0.12047326564788818
rmse,model,phihyd_surface,1110,0.10775642643372217,0.09848408102989196,0.12088346034288407
rmse,model,phihyd_surface,1120,0.10826664566993713,0.1004476010799408,0.12100687921047211
rmse,model,phihyd_surface,1130,0.10863248606522878,0.10062768012285232,0.12098784148693084
rmse,model,phihyd_surface,1140,0.10875159750382106,0.09997807145118713,0.12099694907665252
rmse,model,phihyd_surface,1150,0.10892158647378286,0.09991030097007751,0.12127080410718918
rmse,model,phihyd_surface,1160,0.10923167318105698,0.0997486487030983,0.12143598943948745
rmse,model,phihyd_surface,1170,0.10915814787149429,0.09930603057146073,0.12094220519065857
rmse,model,phihyd_surface,1180,0.10878392904996873,0.09863637089729309,0.11958969384431839
rmse,model,phihyd_surface,1190,0.10877127200365067,0.09972959011793137,0.1189428836107254
rmse,model,phihyd_surface,1200,0.10925107747316361,0.10101549625396729,0.11899791359901428
rmse,model,phihyd_surface,1210,0.10949556877215703,0.10146494656801223,0.11882709562778473
rmse,model,phihyd_surface,1220,0.10944842994213104,0.1011997029185295,0.11882469654083253
rmse,model,phihyd_surface,1230,0.10951540420452753,0.10044172704219818,0.11891169399023056
rmse,model,phihyd_surface,1240,0.10965917408466339,0.10025627911090851,0.11925851851701737
rmse,model,phihyd_surface,1250,0.10958068221807479,0.10015440583229065,0.11864424794912339
rmse,model,phihyd_surface,1260,0.10930501917997996,0.10002345591783524,0.11732538193464279
rmse,model,phihyd_surface,1270,0.1091934805115064,0.10020683407783508,0.11662625670433044
rmse,model,phihyd_surface,1280,0.10932096540927887,0.10082566142082214,0.11634021848440171
rmse,model,phihyd_surface,1290,0.10961433251698811,0.10181068927049637,0.1164010539650917
rmse,model,phihyd_surface,1300,0.10995475202798843,0.1013301968574524,0.11682991832494735
rmse,model,phihyd_surface,1310,0.11011484066645304,0.10165454298257828,0.11705906987190247
rmse,model,phihyd_surface,1320,0.11020216445128123,0.10148709267377853,0.11808096766471862
rmse,model,phihyd_surface,1330,0.11035623649756114,0.10183653086423874,0.11928658932447433
rmse,model,phihyd_surface,1340,0.11002832849820456,0.10155050456523895,0.1188326582312584
rmse,model,phihyd_surface,1350,0.10947047024965287,0.10092242360115052,0.11775142550468445
rmse,model,phihyd_surface,1360,0.10931759923696518,0.1012416124343872,0.11709741204977035
rmse,model,phihyd_surface,1370,0.10970514069000879,0.10233890116214753,0.11663115918636321
rmse,model,phihyd_surface,1380,0.1099067489306132,0.10286150276660919,0.11691235154867172
rmse,model,phihyd_surface,1390,0.10991641134023666,0.10234915614128112,0.11814239174127579
rmse,model,phihyd_surface,1400,0.11009918997685114,0.10199804604053497,0.11909644305706024
rmse,model,phihyd_surface,1410,0.11024879316488902,0.10214096009731292,0.11948990672826768
rmse,model,phihyd_surface,1420,0.11001966595649719,0.10182554125785828,0.11947843581438064
rmse,model,phihyd_surface,1430,0.10964172780513763,0.10146519392728806,0.11842062920331956
rmse,model,phihyd_surface,1440,0.10958298246065776,0.10185934901237488,0.11698534935712815
rmse,model,phihyd_surface,1450,0.10976571043332418,0.10175306797027588,0.1161574125289917
rmse,model,phihyd_surface,1460,0.11000696420669556,0.10142025202512742,0.11625234335660935
rmse,model,phihyd_surface,1470,0.11033641993999481,0.10172579139471054,0.1166954904794693
rmse,model,phihyd_surface,1480,0.11057386447985967,0.10165159702301026,0.11745370924472809
rmse,model,phihyd_surface,1490,0.1105620175600052,0.10098684281110763,0.1184614658355713
rmse,model,phihyd_surface,1500,0.11053456415732701,0.10093364268541336,0.11847131103277206
rmse,model,phihyd_surface,1510,0.11025532484054565,0.1013436734676361,0.11762737780809403
rmse,model,phihyd_surface,1520,0.1097782035668691,0.10081214755773545,0.11644247174263
rmse,model,phihyd_surface,1530,0.10955844720204672,0.10062463581562042,0.11539780348539352
rmse,model,phihyd_surface,1540,0.1099939356247584,0.10150090157985688,0.11549680829048156
rmse,model,phihyd_surface,1550,0.11039249897003174,0.10187049359083175,0.11596927791833878
rmse,model,phihyd_surface,1560,0.1104739785194397,0.10115690678358077,0.11714545339345932
rmse,model,phihyd_surface,1570,0.11065416733423869,0.10081675499677659,0.11788005083799362
rmse,model,phihyd_surface,1580,0.1107015773653984,0.10132807344198227,0.11730655878782273
rmse,model,phihyd_surface,1590,0.11032235374053319,0.10142118781805039,0.11629093438386917
rmse,model,phihyd_surface,1600,0.10980213830868403,0.1014134019613266,0.1159262403845787
rmse,model,phihyd_surface,1610,0.10956717232863109,0.10173957049846649,0.11609033048152924
rmse,model,phihyd_surface,1620,0.1096210926771164,0.10151994824409485,0.11665048897266388
rmse,model,phihyd_surface,1630,0.1097941279411316,0.1011220470070839,0.11763048619031906
rmse,model,phihyd_surface,1640,0.1101534773906072,0.10118301659822464,0.11811985075473785
rmse,model,phihyd_surface,1650,0.11048830350240071,0.1012237697839737,0.1179337039589882
rmse,model,phihyd_surface,1660,0.11053253710269928,0.10092047452926636,0.11794397383928298
rmse,model,phihyd_surface,1670,0.11036256353060404,0.10099869668483734,0.11774175465106965
rmse,model,phihyd_surface,1680,0.10989529440800348,0.10179297477006913,0.11718098819255829
rmse,model,phihyd_surface,1690,0.10920492460330328,0.10098436772823334,0.11679534614086151
rmse,model,phihyd_surface,1700,0.10881390968958536,0.09966026991605759,0.11729971915483474
rmse,model,phihyd_surface,1710,0.10908759186665216,0.100081305205822,0.1181099221110344
rmse,model,phihyd_surface,1720,0.10952460964520773,0.1012709304690361,0.11882349997758865
rmse,model,phihyd_surface,1730,0.10973340272903442,0.10215151757001877,0.11958898454904557
rmse,model,phihyd_surface,1740,0.10999506364266078,0.1019076257944107,0.11971432715654373
rmse,model,phihyd_surface,1750,0.11012563804785411,0.10184521973133087,0.11916539072990417
rmse,model,phihyd_surface,1760,0.10973944167296092,0.10147272348403931,0.11885552406311035
rmse,model,phihyd_surface,1770,0.10915864755709966,0.10052855908870698,0.11876400709152221
rmse,model,phihyd_surface,1780,0.10889474600553513,0.10029763728380203,0.1188096821308136
rmse,model,phihyd_surface,1790,0.10891907016436259,0.1007591426372528,0.11931298822164535
rmse,model,phihyd_surface,1800,0.10910658289988835,0.10190782397985458,0.12040887475013733
rmse,model,phihyd_surface,1810,0.109559828042984,0.10283038318157196,0.12111180275678635
rmse,model,phihyd_surface,1820,0.10997130076090494,0.10306767523288726,0.12075863927602767
rmse,model,phihyd_surface,1830,0.10999573816855748,0.10274372547864914,0.12026260048151016
rmse,model,phihyd_surface,1840,0.10975225269794464,0.10226277709007263,0.11963580846786499
rmse,model,phihyd_surface,1850,0.10925407856702804,0.10155193209648132,0.11821127831935882
rmse,model,phihyd_surface,1860,0.10856242974599202,0.10060091614723206,0.11771194189786911
rmse,model,phihyd_surface,1870,0.10814871490001679,0.10060652643442154,0.11792886704206466
rmse,model,phihyd_surface,1880,0.10841817657152812,0.10083390921354293,0.11877096146345138
rmse,model,phihyd_surface,1890,0.10906560719013214,0.10160175710916519,0.11933570951223374
rmse,model,phihyd_surface,1900,0.10947132855653763,0.1016831412911415,0.12003583759069443
rmse,model,phihyd_surface,1910,0.10975235601266226,0.10186453461647034,0.120367830991745
rmse,model,phihyd_surface,1920,0.10986148118972779,0.10173964202404022,0.12004348188638687
rmse,model,phihyd_surface,1930,0.10949585934480031,0.10183580219745636,0.1187740832567215
rmse,model,phihyd_surface,1940,0.10883342772722245,0.1011437565088272,0.11815104484558106
rmse,model,phihyd_surface,1950,0.10847389499346415,0.10117818117141723,0.11844298392534255
rmse,model,phihyd_surface,1960,0.10846152504285177,0.10143948942422867,0.11825428903102875
rmse,model,phihyd_surface,1970,0.1086376890540123,0.10159229189157486,0.11903576254844665
rmse,model,phihyd_surface,1980,0.10902050683895746,0.10218406319618226,0.11929957568645477
rmse,model,phihyd_surface,1990,0.10941560367743174,0.10295632630586624,0.1202785074710846
rmse,model,phihyd_surface,2000,0.10947225491205852,0.1031622052192688,0.12060375809669495
rmse,climatology,phihyd_surface,0,0.06553295801083246,0.06320461332798004,0.06763657182455063
rmse,climatology,phihyd_surface,10,0.065838689605395,0.06308752596378327,0.06880647391080856
rmse,climatology,phihyd_surface,20,0.0658280258377393,0.06364059746265412,0.06840164363384246
rmse,climatology,phihyd_surface,30,0.06603255867958069,0.06418183594942092,0.06775425970554352
rmse,climatology,phihyd_surface,40,0.06624038169781367,0.06409318745136261,0.06861422210931778
rmse,climatology,phihyd_surface,50,0.06621600911021233,0.06409863382577896,0.06976227760314942
rmse,climatology,phihyd_surface,60,0.06640069584051768,0.06432194411754608,0.06949636787176132
rmse,climatology,phihyd_surface,70,0.06684056967496872,0.06472541838884353,0.06911615133285523
rmse,climatology,phihyd_surface,80,0.06685399562120438,0.0648687332868576,0.06955377459526062
rmse,climatology,phihyd_surface,90,0.0667616660396258,0.06475336700677872,0.06959778070449829
rmse,climatology,phihyd_surface,100,0.06699390808741251,0.06486244648694992,0.06985885500907899
rmse,climatology,phihyd_surface,110,0.06721347520748774,0.0646882876753807,0.07039842903614044
rmse,climatology,phihyd_surface,120,0.06721386909484864,0.06483476608991623,0.0702423483133316
rmse,climatology,phihyd_surface,130,0.06743868986765543,0.06536405831575394,0.06950594037771225
rmse,climatology,phihyd_surface,140,0.06777971386909484,0.06543865650892258,0.07002496719360352
rmse,climatology,phihyd_surface,150,0.06781074305375417,0.06535596400499344,0.07116843909025192
rmse,climatology,phihyd_surface,160,0.06778481751680374,0.06555606126785278,0.07071746289730071
rmse,climatology,phihyd_surface,170,0.06805011878410976,0.06577507108449936,0.07045766115188598
rmse,climatology,phihyd_surface,180,0.06838429421186447,0.06557905673980713,0.0716498225927353
rmse,climatology,phihyd_surface,190,0.06839606215556462,0.06599372178316117,0.07148792743682861
rmse,climatology,phihyd_surface,200,0.06857945173978805,0.06681514680385589,0.07071968466043473
rmse,climatology,phihyd_surface,210,0.0688043937087059,0.06664022505283355,0.07152515351772308
rmse,climatology,phihyd_surface,220,0.06878607074419657,0.06676041483879089,0.07274124771356583
rmse,climatology,phihyd_surface,230,0.06892363478740056,0.06674913913011551,0.07266979068517684
rmse,climatology,phihyd_surface,240,0.069351560374101,0.06712746769189834,0.07223796248435974
rmse,climatology,phihyd_surface,250,0.06941025505463282,0.06722473800182342,0.07255862802267074
rmse,climatology,phihyd_surface,260,0.069308869043986,0.06701790690422058,0.07233698666095734
rmse,climatology,phihyd_surface,270,0.06952343235413233,0.06713833808898925,0.07264218032360077
rmse,climatology,phihyd_surface,280,0.06976073433955511,0.06697949171066284,0.07298594266176224
rmse,climatology,phihyd_surface,290,0.06976148635149002,0.06713730841875076,0.07283307760953903
rmse,climatology,phihyd_surface,300,0.06994208991527558,0.06768824309110641,0.07225712388753891
rmse,climatology,phihyd_surface,310,0.07029826591412226,0.06778721362352372,0.07273934930562972
rmse,climatology,phihyd_surface,320,0.07035402059555054,0.06776145547628402,0.07321185767650604
rmse,climatology,phihyd_surface,330,0.07030122131109237,0.06785931289196015,0.07292372584342957
rmse,climatology,phihyd_surface,340,0.07048539121945699,0.0681936576962471,0.07276049852371216
rmse,climatology,phihyd_surface,350,0.07078480770190557,0.06797591447830201,0.07342375367879868
rmse,climatology,phihyd_surface,360,0.07076678574085235,0.06845586448907852,0.07319721430540085
rmse,climatology,phihyd_surface,370,0.07088365256786347,0.06921522468328475,0.07296114861965179
rmse,climatology,phihyd_surface,380,0.07110761304696402,0.06926728188991546,0.07288670986890793
rmse,climatology,phihyd_surface,390,0.07111167261997858,0.0692756325006485,0.07360459119081497
rmse,climatology,phihyd_surface,400,0.07122360517581304,0.06937157064676285,0.0735309362411499
rmse,climatology,phihyd_surface,410,0.07164530903100967,0.06968805640935898,0.0733568400144577
rmse,climatology,phihyd_surface,420,0.07175775617361069,0.06988891810178757,0.07343691438436509
rmse,climatology,phihyd_surface,430,0.07164282649755478,0.06970840096473693,0.07352694720029831
rmse,climatology,phihyd_surface,440,0.07182395656903585,0.06988972425460815,0.07373999208211898
rmse,climatology,phihyd_surface,450,0.07208745976289113,0.06973048001527786,0.07429475784301758
rmse,climatology,phihyd_surface,460,0.07212650577227274,0.06996371299028396,0.0744822457432747
rmse,climatology,phihyd_surface,470,0.07227228333552678,0.07059153020381928,0.07378095537424087
rmse,climatology,phihyd_surface,480,0.0726051981250445,0.07067150175571442,0.07397954761981965
rmse,climatology,phihyd_surface,490,0.07266360570987065,0.07072831988334656,0.07511679381132126
rmse,climatology,phihyd_surface,500,0.07261367390553157,0.07080552726984024,0.07479324042797089
rmse,climatology,phihyd_surface,510,0.0727854738632838,0.07122209072113037,0.07439710199832916
rmse,climatology,phihyd_surface,520,0.07312428106864294,0.07102806568145752,0.07537161558866501
rmse,climatology,phihyd_surface,530,0.07315031886100769,0.0712391346693039,0.07555087357759475
rmse,climatology,phihyd_surface,540,0.073237278064092,0.07223551273345948,0.0746721789240837
rmse,climatology,phihyd_surface,550,0.07344558884700139,0.07203339189291,0.07502225190401077
rmse,climatology,phihyd_surface,560,0.07342358231544495,0.07231085151433944,0.07629687190055848
rmse,climatology,phihyd_surface,570,0.07344879508018494,0.07195388823747635,0.07641301304101944
rmse,climatology,phihyd_surface,580,0.07379622062047322,0.07240992933511733,0.07586092501878738
rmse,climatology,phihyd_surface,590,0.07390285581350327,0.07257225513458251,0.07612930387258529
rmse,climatology,phihyd_surface,600,0.07373416523138682,0.07192064970731735,0.07621292471885681
rmse,climatology,phihyd_surface,610,0.07383924225966136,0.07224953472614289,0.07638877183198929
rmse,climatology,phihyd_surface,620,0.07407508393128713,0.0720027893781662,0.07677171379327774
rmse,climatology,phihyd_surface,630,0.07411121974388758,0.07212942391633988,0.07696576565504074
rmse,climatology,phihyd_surface,640,0.07421624064445495,0.07228924036026001,0.07622496634721757
rmse,climatology,phihyd_surface,650,0.07454749296108881,0.07268599569797515,0.07644251883029937
rmse,climatology,phihyd_surface,660,0.07463363260030746,0.07281010448932648,0.07733891755342484
rmse,climatology,phihyd_surface,670,0.0745653510093689,0.07248211205005646,0.07720565348863602
rmse,climatology,phihyd_surface,680,0.07467102408409118,0.07264605164527893,0.0767333224415779
rmse,climatology,phihyd_surface,690,0.07499427646398545,0.07264958024024963,0.07758481204509735
rmse,climatology,phihyd_surface,700,0.07504616032044092,0.07295292764902114,0.0779617741703987
rmse,climatology,phihyd_surface,710,0.07511684596538544,0.07303526252508163,0.07711896300315857
rmse,climatology,phihyd_surface,720,0.07535604437192281,0.0731934130191803,0.07730344235897064
rmse,climatology,phihyd_surface,730,0.07540316929419835,0.07316175550222397,0.07862766981124877
rmse,climatology,phihyd_surface,740,0.0754687175154686,0.07322380393743515,0.07889818251132966
rmse,climatology,phihyd_surface,750,0.07586405376593272,0.07356033772230149,0.07837862372398377
rmse,climatology,phihyd_surface,760,0.0760952557126681,0.07378017753362656,0.07861725986003876
rmse,climatology,phihyd_surface,770,0.07600813110669453,0.07379629611968994,0.0788733869791031
rmse,climatology,phihyd_surface,780,0.07614169120788575,0.07405082434415818,0.07901166081428528
rmse,climatology,phihyd_surface,790,0.07641865809758504,0.07390570938587189,0.0794038474559784
rmse,climatology,phihyd_surface,800,0.07649805198113123,0.07410176694393159,0.07976338267326355
rmse,climatology,phihyd_surface,810,0.07659456580877304,0.07445944398641587,0.07916715741157532
rmse,climatology,phihyd_surface,820,0.07694090555111567,0.07470074445009231,0.07913809716701507
rmse,climatology,phihyd_surface,830,0.07709183643261591,0.07471879124641419,0.08026205450296402
rmse,climatology,phihyd_surface,840,0.07706952194372813,0.07463688552379608,0.0804775282740593
rmse,climatology,phihyd_surface,850,0.07717691461245219,0.07503585070371628,0.08000523746013641
rmse,climatology,phihyd_surface,860,0.07751281013091406,0.0748523160815239,0.08076440393924714
rmse,climatology,phihyd_surface,870,0.07760254740715027,0.07512494772672654,0.08118776232004166
rmse,climatology,phihyd_surface,880,0.07765700767437617,0.07572270631790161,0.08035980761051179
rmse,climatology,phihyd_surface,890,0.07790601750214894,0.0760677695274353,0.08037556260824204
rmse,climatology,phihyd_surface,900,0.07796345303455988,0.0760241612792015,0.08115059435367585
rmse,climatology,phihyd_surface,910,0.07795455654462179,0.07600918263196946,0.08122572898864747
rmse,climatology,phihyd_surface,920,0.07825990666945776,0.07626699954271317,0.08051032274961471
rmse,climatology,phihyd_surface,930,0.07852239757776261,0.07642564922571182,0.08097892105579377
rmse,climatology,phihyd_surface,940,0.07847549517949422,0.07627684473991395,0.08089852929115296
rmse,climatology,phihyd_surface,950,0.0786015252272288,0.0764098435640335,0.08124379515647888
rmse,climatology,phihyd_surface,960,0.07887959430615107,0.07629981338977813,0.08165509104728699
rmse,climatology,phihyd_surface,970,0.07895808269580205,0.07640082389116287,0.08206741511821747
rmse,climatology,phihyd_surface,980,0.07898639142513275,0.07671156674623489,0.08143637031316757
rmse,climatology,phihyd_surface,990,0.07927100956439972,0.0770498976111412,0.08135333508253098
rmse,climatology,phihyd_surface,1000,0.07942354728778203,0.07705500870943069,0.08203354328870774
rmse,climatology,phihyd_surface,1010,0.0794016400973002,0.07697250247001648,0.08189374655485153
rmse,climatology,phihyd_surface,1020,0.07948980083068212,0.07742051482200622,0.08148823827505111
rmse,climatology,phihyd_surface,1030,0.07983317325512568,0.07724668681621552,0.08197891116142272
rmse,climatology,phihyd_surface,1040,0.07997456938028336,0.07745605558156968,0.0824015811085701
rmse,climatology,phihyd_surface,1050,0.07999634196360907,0.07807238847017288,0.08176783174276352
rmse,climatology,phihyd_surface,1060,0.08020403981208801,0.07858607769012452,0.08178935348987579
rmse,climatology,phihyd_surface,1070,0.08028384298086166,0.078522789478302,0.08234874606132507
rmse,climatology,phihyd_surface,1080,0.08030549138784408,0.07856128513813018,0.08263038247823715
rmse,climatology,phihyd_surface,1090,0.08060628473758698,0.07885816544294358,0.08227799534797668
rmse,climatology,phihyd_surface,1100,0.08086643914381662,0.07903418093919753,0.08230276554822921
rmse,climatology,phihyd_surface,1110,0.08074845969676972,0.0790950670838356,0.08249399662017823
rmse,climatology,phihyd_surface,1120,0.08077449997266134,0.07930951863527298,0.08265729099512101
rmse,climatology,phihyd_surface,1130,0.08103600641091664,0.07921058982610703,0.08299690037965775
rmse,climatology,phihyd_surface,1140,0.08116057564814885,0.0793131098151207,0.0835047647356987
rmse,climatology,phihyd_surface,1150,0.08119477828343709,0.07973668277263642,0.08305257111787796
rmse,climatology,phihyd_surface,1160,0.08146834572156271,0.0802451267838478,0.08270061761140823
rmse,climatology,phihyd_surface,1170,0.0816505178809166,0.08026605397462845,0.08352681249380112
rmse,climatology,phihyd_surface,1180,0.08161948621273041,0.0802485167980194,0.08388090282678604
rmse,climatology,phihyd_surface,1190,0.08164371202389399,0.08034567087888718,0.08338136225938797
rmse,climatology,phihyd_surface,1200,0.0819287657737732,0.08031473010778427,0.08366220742464066
rmse,climatology,phihyd_surface,1210,0.08206290304660797,0.0805269330739975,0.08446215540170669
rmse,climatology,phihyd_surface,1220,0.08202068408330282,0.08043530136346817,0.08383032083511352
rmse,climatology,phihyd_surface,1230,0.08216963162024817,0.08051494359970093,0.08347704857587815
rmse,climatology,phihyd_surface,1240,0.08223016013701757,0.08043352663516998,0.08451647013425827
rmse,climatology,phihyd_surface,1250,0.08221076826254527,0.08040433526039123,0.08512715250253677
rmse,climatology,phihyd_surface,1260,0.08246851414442062,0.08084306269884109,0.08475225120782852
rmse,climatology,phihyd_surface,1270,0.08278283427158992,0.08121110796928406,0.08465455919504165
rmse,climatology,phihyd_surface,1280,0.08272502919038137,0.08134416788816452,0.08496035039424896
rmse,climatology,phihyd_surface,1290,0.08272299617528915,0.0812208041548729,0.08496647328138351
rmse,climatology,phihyd_surface,1300,0.08294188876946768,0.08136739879846573,0.08520936667919159
rmse,climatology,phihyd_surface,1310,0.08305713087320328,0.0811628520488739,0.08567305952310562
rmse,climatology,phihyd_surface,1320,0.0830533335606257,0.0814400315284729,0.08529757708311081
rmse,climatology,phihyd_surface,1330,0.0832693060239156,0.08152005523443222,0.08492644429206848
rmse,climatology,phihyd_surface,1340,0.0834411179025968,0.0817297413945198,0.08556079715490342
rmse,climatology,phihyd_surface,1350,0.08339111059904099,0.08139295428991318,0.08615892976522446
rmse,climatology,phihyd_surface,1360,0.08338628808657328,0.08147126883268356,0.08566516786813735
rmse,climatology,phihyd_surface,1370,0.08366352170705796,0.08147253394126892,0.08578455299139023
rmse,climatology,phihyd_surface,1380,0.0838744357228279,0.08144162893295288,0.08669427186250686
rmse,climatology,phihyd_surface,1390,0.08389256099859874,0.08182038962841034,0.08622113466262818
rmse,climatology,phihyd_surface,1400,0.08410327037175497,0.08224008977413177,0.08577841222286224
rmse,climatology,phihyd_surface,1410,0.08425136556228002,0.08217153698205948,0.08672010749578477
rmse,climatology,phihyd_surface,1420,0.0842592552304268,0.08215665668249131,0.08755959123373032
rmse,climatology,phihyd_surface,1430,0.08448769748210908,0.08244140148162842,0.08725636899471283
rmse,climatology,phihyd_surface,1440,0.08483678847551346,0.0826621875166893,0.08711739927530289
rmse,climatology,phihyd_surface,1450,0.08483773569266001,0.08283269852399826,0.08749382048845292
rmse,climatology,phihyd_surface,1460,0.08484034240245819,0.08295786231756211,0.08760386854410171
rmse,climatology,phihyd_surface,1470,0.0850768526395162,0.08298267573118209,0.08783150017261505
rmse,climatology,phihyd_surface,1480,0.0852492223183314,0.08290909230709076,0.08836800009012222
rmse,climatology,phihyd_surface,1490,0.08528205702702205,0.08308657705783844,0.08819453716278076
rmse,climatology,phihyd_surface,1500,0.08552029728889465,0.08354732245206833,0.08775529861450196
rmse,climatology,phihyd_surface,1510,0.08578174561262131,0.08352977782487869,0.08841260969638824
rmse,climatology,phihyd_surface,1520,0.08580818076928456,0.08344400525093079,0.08927507996559143
rmse,climatology,phihyd_surface,1530,0.08581998894611995,0.08378306180238723,0.0888377696275711
rmse,climatology,phihyd_surface,1540,0.08606923669576645,0.08378296494483947,0.08888152837753296
rmse,climatology,phihyd_surface,1550,0.08629870414733887,0.08372576087713242,0.08983476907014847
rmse,climatology,phihyd_surface,1560,0.08631163636843363,0.08415733277797699,0.08934645652770996
rmse,climatology,phihyd_surface,1570,0.08650321364402772,0.08480465263128281,0.08883174806833267
rmse,climatology,phihyd_surface,1580,0.08666233817736307,0.08468391001224518,0.0893460214138031
rmse,climatology,phihyd_surface,1590,0.08663750191529591,0.08470959812402726,0.08988582193851472
rmse,climatology,phihyd_surface,1600,0.08679140458504359,0.08483726978302002,0.08937811404466629
rmse,climatology,phihyd_surface,1610,0.08714463909467061,0.0850240409374237,0.08942546248435974
rmse,climatology,phihyd_surface,1620,0.08720143884420395,0.08510938435792922,0.08969989120960235
rmse,climatology,phihyd_surface,1630,0.08719707429409027,0.08509367406368255,0.08972818404436111
rmse,climatology,phihyd_surface,1640,0.08741436898708344,0.08518666923046112,0.09004011005163193
rmse,climatology,phihyd_surface,1650,0.08758565584818521,0.08506152033805847,0.09048739224672317
rmse,climatology,phihyd_surface,1660,0.08758172889550526,0.085240538418293,0.09013309478759765
rmse,climatology,phihyd_surface,1670,0.0877485101421674,0.08584004938602448,0.08969948887825012
rmse,climatology,phihyd_surface,1680,0.08800376951694489,0.08574767410755157,0.08996030390262603
rmse,climatology,phihyd_surface,1690,0.0880395124355952,0.08573214709758759,0.09039802849292755
rmse,climatology,phihyd_surface,1700,0.08804067621628443,0.08600333034992218,0.09003764241933823
rmse,climatology,phihyd_surface,1710,0.0882628137866656,0.08612973392009735,0.0900617778301239
rmse,climatology,phihyd_surface,1720,0.08852526942888896,0.08603286147117614,0.09051752090454102
rmse,climatology,phihyd_surface,1730,0.08854112227757772,0.08649617433547974,0.090235735476017
rmse,climatology,phihyd_surface,1740,0.0886891836921374,0.08719588220119476,0.09023602157831193
rmse,climatology,phihyd_surface,1750,0.08886741151412328,0.08723948895931244,0.09032820016145707
rmse,climatology,phihyd_surface,1760,0.08888251235087713,0.08720211684703827,0.09096414297819137
rmse,climatology,phihyd_surface,1770,0.08902621070543924,0.08740446865558624,0.09089769124984741
rmse,climatology,phihyd_surface,1780,0.08935724347829818,0.08761219829320907,0.09064358621835708
rmse,climatology,phihyd_surface,1790,0.08939278622468312,0.08784374594688416,0.09104981571435929
rmse,climatology,phihyd_surface,1800,0.08932103663682937,0.08788486123085022,0.09121599942445754
rmse,climatology,phihyd_surface,1810,0.08950729221105576,0.08806201964616775,0.09139625430107116
rmse,climatology,phihyd_surface,1820,0.08971360127131144,0.08796411901712417,0.09185311943292618
rmse,climatology,phihyd_surface,1830,0.08974000265200933,0.0882517009973526,0.09187901765108109
rmse,climatology,phihyd_surface,1840,0.08988625059525172,0.08886105120182038,0.09127705693244934
rmse,climatology,phihyd_surface,1850,0.0901527593533198,0.08890180587768555,0.09153504371643066
rmse,climatology,phihyd_surface,1860,0.0901962215701739,0.08884506821632385,0.09243976175785065
rmse,climatology,phihyd_surface,1870,0.09016243368387222,0.08902576118707657,0.09205277860164643
rmse,climatology,phihyd_surface,1880,0.09031105786561966,0.08901451677083969,0.09179888218641281
rmse,climatology,phihyd_surface,1890,0.09054051041603088,0.08905694037675857,0.0926558494567871
rmse,climatology,phihyd_surface,1900,0.09051104883352916,0.08904833793640136,0.09266661703586579
rmse,climatology,phihyd_surface,1910,0.09057725121577581,0.08932893425226211,0.09199675619602203
rmse,climatology,phihyd_surface,1920,0.09072323640187581,0.08928414434194565,0.09235315769910812
rmse,climatology,phihyd_surface,1930,0.09071259597937266,0.08922415226697922,0.0933713898062706
rmse,climatology,phihyd_surface,1940,0.09080719898144404,0.08935183137655259,0.09339227229356765
rmse,climatology,phihyd_surface,1950,0.09113817115624746,0.08980434387922287,0.093003648519516
rmse,climatology,phihyd_surface,1960,0.09123243242502213,0.0898161068558693,0.0932701513171196
rmse,climatology,phihyd_surface,1970,0.09114886770645778,0.08951244354248047,0.09337856620550156
rmse,climatology,phihyd_surface,1980,0.09128449608882268,0.08983851373195648,0.09348602294921875
rmse,climatology,phihyd_surface,1990,0.09147615085045496,0.08955685049295425,0.09388623982667924
rmse,climatology,phihyd_surface,2000,0.09149400542179743,0.08978460878133773,0.09405064731836318
rmse,persistence,phihyd_surface,0,0.0,0.0,0.0
rmse,persistence,phihyd_surface,10,0.010638261027634145,0.00903958547860384,0.012874320149421692
rmse,persistence,phihyd_surface,20,0.015905866213142873,0.01351644415408373,0.019012434780597685
rmse,persistence,phihyd_surface,30,0.01860570584734281,0.015736884623765945,0.021924538165330888
rmse,persistence,phihyd_surface,40,0.023780580113331475,0.02045183479785919,0.026954035460948943
rmse,persistence,phihyd_surface,50,0.026972922682762145,0.023961926251649855,0.02983042225241661
rmse,persistence,phihyd_surface,60,0.028376313919822375,0.02514220029115677,0.03191716447472572
rmse,persistence,phihyd_surface,70,0.031220114851991335,0.027311523631215095,0.03499022349715233
rmse,persistence,phihyd_surface,80,0.031753830363353094,0.029413289576768874,0.03486776649951935
rmse,persistence,phihyd_surface,90,0.030666365722815194,0.02834893837571144,0.033970557898283
rmse,persistence,phihyd_surface,100,0.030310699343681337,0.02652136646211147,0.03471452668309212
rmse,persistence,phihyd_surface,110,0.02868888390560945,0.024521613121032716,0.033534076809883115
rmse,persistence,phihyd_surface,120,0.02632365810374419,0.022664003446698187,0.02997286431491375
rmse,persistence,phihyd_surface,130,0.023674918214480083,0.018719753250479698,0.028052178025245667
rmse,persistence,phihyd_surface,140,0.019143332044283548,0.016753622516989707,0.022374144941568374
rmse,persistence,phihyd_surface,150,0.015572974209984143,0.012494044005870819,0.01867438331246376
rmse,persistence,phihyd_surface,160,0.011816772383948166,0.00891494881361723,0.014001123420894145
rmse,persistence,phihyd_surface,170,0.005687667801976204,0.004399646166712045,0.006913329474627972
rmse,persistence,phihyd_surface,180,0.011457504890859126,0.009934891387820244,0.013871954567730427
rmse,persistence,phihyd_surface,190,0.016812108581264813,0.014855402708053588,0.020383306965231895
rmse,persistence,phihyd_surface,200,0.019258705899119377,0.016881313547492026,0.02293197512626648
rmse,persistence,phihyd_surface,210,0.024126314496000608,0.020699599757790565,0.027430608868598938
rmse,persistence,phihyd_surface,220,0.027571088199814162,0.02450089082121849,0.030401160940527916
rmse,persistence,phihyd_surface,230,0.028899253780643144,0.025697609409689903,0.032390882074832913
rmse,persistence,phihyd_surface,240,0.03165866422156493,0.027595208212733268,0.03542456701397896
rmse,persistence,phihyd_surface,250,0.03252306965490182,0.0297016691416502,0.03550837188959122
rmse,persistence,phihyd_surface,260,0.031448417653640114,0.029103270173072814,0.03436679542064667
rmse,persistence,phihyd_surface,270,0.03110985110203425,0.027647418156266212,0.03507778719067574
rmse,persistence,phihyd_surface,280,0.029692259803414344,0.02492373399436474,0.034276654571294786
rmse,persistence,phihyd_surface,290,0.027410238732894263,0.024704929441213608,0.030760856717824935
rmse,persistence,phihyd_surface,300,0.024995578328768413,0.02051002234220505,0.029069022089242936
rmse,persistence,phihyd_surface,310,0.020808385064204533,0.018412692844867705,0.02351809963583946
rmse,persistence,phihyd_surface,320,0.01727612894028425,0.014183303527534007,0.019069335982203485
rmse,persistence,phihyd_surface,330,0.014263869511584442,0.012446915917098521,0.016084606945514678
rmse,persistence,phihyd_surface,340,0.00934355277568102,0.008691449835896491,0.010273046605288983
rmse,persistence,phihyd_surface,350,0.012807169494529565,0.011724943481385707,0.01406661532819271
rmse,persistence,phihyd_surface,360,0.017978053788344064,0.01622331775724888,0.02037527784705162
rmse,persistence,phihyd_surface,370,0.020213849718372028,0.017625560984015465,0.023000485077500344
rmse,persistence,phihyd_surface,380,0.024644258494178454,0.02093949690461159,0.02776614800095558
rmse,persistence,phihyd_surface,390,0.02828156587978204,0.025349147245287897,0.030600062757730483
rmse,persistence,phihyd_surface,400,0.029575659583012264,0.026989755406975745,0.032400477677583694
rmse,persistence,phihyd_surface,410,0.03215373742083708,0.028706832230091094,0.03537891581654549
rmse,persistence,phihyd_surface,420,0.0332947738468647,0.03050985224545002,0.036284458637237546
rmse,persistence,phihyd_surface,430,0.032229235768318175,0.029897210001945496,0.03546763733029366
rmse,persistence,phihyd_surface,440,0.03186511173844338,0.029145681113004685,0.03580920919775963
rmse,persistence,phihyd_surface,450,0.030637027074893314,0.026440972834825514,0.03469445407390594
rmse,persistence,phihyd_surface,460,0.02837891603509585,0.024896454811096192,0.032396620512008666
rmse,persistence,phihyd_surface,470,0.026099090029795966,0.02058190889656544,0.029829368367791174
rmse,persistence,phihyd_surface,480,0.022270466635624566,0.019272111356258392,0.02562452182173729
rmse,persistence,phihyd_surface,490,0.01867430961380402,0.01697385236620903,0.02136021256446838
rmse,persistence,phihyd_surface,500,0.01600760320822398,0.012808407098054886,0.018081718310713767
rmse,persistence,phihyd_surface,510,0.011482682637870311,0.008467547409236432,0.01368480920791626
rmse,persistence,phihyd_surface,520,0.013624233255783717,0.010863851942121982,0.01545105129480362
rmse,persistence,phihyd_surface,530,0.018746865602831047,0.016345928609371185,0.02066158875823021
rmse,persistence,phihyd_surface,540,0.02087253568073114,0.018073682859539985,0.02395680323243141
rmse,persistence,phihyd_surface,550,0.02485554168621699,0.02047375328838825,0.027731812745332717
rmse,persistence,phihyd_surface,560,0.028647186482946077,0.025991183146834372,0.031122323125600815
rmse,persistence,phihyd_surface,570,0.02990675096710523,0.027368972450494765,0.03275319337844849
rmse,persistence,phihyd_surface,580,0.03226215330262979,0.028806520253419877,0.03521085232496261
rmse,persistence,phihyd_surface,590,0.03364319987595081,0.03080613389611244,0.03649821951985359
rmse,persistence,phihyd_surface,600,0.032565709203481674,0.030651312693953513,0.03539086580276489
rmse,persistence,phihyd_surface,610,0.03206615683933099,0.029135514050722122,0.03600123450160027
rmse,persistence,phihyd_surface,620,0.030924168353279432,0.02657257840037346,0.034732458740472795
rmse,persistence,phihyd_surface,630,0.02862418033182621,0.0259195726364851,0.03202809765934944
rmse,persistence,phihyd_surface,640,0.026300640404224397,0.021330473199486732,0.030406515300273895
rmse,persistence,phihyd_surface,650,0.022526751334468523,0.0196509912610054,0.025540533661842345
rmse,persistence,phihyd_surface,660,0.01857787153373162,0.015383823774755001,0.020650289207696914
rmse,persistence,phihyd_surface,670,0.015937318031986555,0.013530616648495197,0.018106047809123994
rmse,persistence,phihyd_surface,680,0.011143039539456367,0.010305841080844402,0.012418518029153346
rmse,persistence,phihyd_surface,690,0.012303824039796988,0.011460002884268761,0.01358241457492113
rmse,persistence,phihyd_surface,700,0.017836861001948517,0.01667339392006397,0.020211050286889076
rmse,persistence,phihyd_surface,710,0.020149482786655425,0.017928042262792588,0.023263155668973922
rmse,persistence,phihyd_surface,720,0.02402470906575521,0.02079148031771183,0.027052321657538413
rmse,persistence,phihyd_surface,730,0.028177741914987564,0.024868955463171007,0.030560724809765814
rmse,persistence,phihyd_surface,740,0.029649044076601665,0.027208959683775902,0.03255477398633957
rmse,persistence,phihyd_surface,750,0.03195473638673623,0.028207386285066603,0.03511806875467301
rmse,persistence,phihyd_surface,760,0.03374887816607952,0.03021610789000988,0.03677134513854981
rmse,persistence,phihyd_surface,770,0.03289896535376708,0.03109276480972767,0.0353090338408947
rmse,persistence,phihyd_surface,780,0.0324409951766332,0.03034846782684326,0.03638005554676056
rmse,persistence,phihyd_surface,790,0.031590502709150314,0.026556605845689772,0.03483175039291382
rmse,persistence,phihyd_surface,800,0.029503699764609335,0.027663451433181763,0.033075707405805586
rmse,persistence,phihyd_surface,810,0.027440896754463515,0.023045622929930686,0.030659077689051628
rmse,persistence,phihyd_surface,820,0.024154487500588098,0.02129504419863224,0.027051737904548644
rmse,persistence,phihyd_surface,830,0.02045763110121091,0.017844994738698005,0.022549265623092653
rmse,persistence,phihyd_surface,840,0.018370757686595122,0.016941555216908454,0.02010156400501728
rmse,persistence,phihyd_surface,850,0.014589522406458855,0.013844545930624008,0.01587982624769211
rmse,persistence,phihyd_surface,860,0.014897784714897474,0.013962028920650483,0.016120793670415877
rmse,persistence,phihyd_surface,870,0.019848639518022536,0.018452244997024535,0.02231423184275627
rmse,persistence,phihyd_surface,880,0.02217856819430987,0.019639400020241737,0.02521814554929733
rmse,persistence,phihyd_surface,890,0.025539576138059298,0.0229566290974617,0.028590947017073633
rmse,persistence,phihyd_surface,900,0.029655754069487252,0.02631232850253582,0.03200773075222969
rmse,persistence,phihyd_surface,910,0.031194300577044486,0.0286810752004385,0.034292878955602644
rmse,persistence,phihyd_surface,920,0.033196296791235605,0.029312656819820405,0.03660236001014709
rmse,persistence,phihyd_surface,930,0.035184776534636815,0.03143469020724297,0.03827800750732422
rmse,persistence,phihyd_surface,940,0.03452702661355336,0.032866771519184115,0.03659265786409378
rmse,persistence,phihyd_surface,950,0.03400461698571841,0.031978967040777205,0.03798035904765129
rmse,persistence,phihyd_surface,960,0.033348253245155016,0.02858278639614582,0.03634555339813232
rmse,persistence,phihyd_surface,970,0.03141071622570356,0.02972339391708374,0.0349292553961277
rmse,persistence,phihyd_surface,980,0.02946023295323054,0.025598448887467384,0.03240281268954277
rmse,persistence,phihyd_surface,990,0.026549087092280387,0.023514917120337486,0.029881061986088753
rmse,persistence,phihyd_surface,1000,0.022981011867523195,0.02067737951874733,0.024852374196052553
rmse,persistence,phihyd_surface,1010,0.021113337948918343,0.019335270300507544,0.022371670231223106
rmse,persistence,phihyd_surface,1020,0.017961795007189117,0.016915804520249367,0.018920977413654328
rmse,persistence,phihyd_surface,1030,0.017513116573294005,0.016467120498418808,0.018364303559064866
rmse,persistence,phihyd_surface,1040,0.02180678683022658,0.020689993724226953,0.022779176756739617
rmse,persistence,phihyd_surface,1050,0.02411007471382618,0.022549035027623177,0.025870759785175324
rmse,persistence,phihyd_surface,1060,0.026863173519571622,0.023570062965154646,0.029787378385663033
rmse,persistence,phihyd_surface,1070,0.030870641271273296,0.02802504114806652,0.033267243206501006
rmse,persistence,phihyd_surface,1080,0.03258388265967369,0.030626951530575753,0.03421579524874687
rmse,persistence,phihyd_surface,1090,0.034324998036026955,0.031438163667917254,0.03676205649971962
rmse,persistence,phihyd_surface,1100,0.0364201195538044,0.03296814784407616,0.03982636332511902
rmse,persistence,phihyd_surface,1110,0.03590570067365964,0.033498755842447284,0.03859965354204178
rmse,persistence,phihyd_surface,1120,0.03526668474078178,0.03235785737633705,0.03884582966566086
rmse,persistence,phihyd_surface,1130,0.03477290744582812,0.030860581248998643,0.03718041405081749
rmse,persistence,phihyd_surface,1140,0.03297129546602567,0.03065234161913395,0.03698047399520874
rmse,persistence,phihyd_surface,1150,0.031082590172688166,0.02593846507370472,0.03338368982076645
rmse,persistence,phihyd_surface,1160,0.028498215973377226,0.024588221311569215,0.03164306133985519
rmse,persistence,phihyd_surface,1170,0.025038928911089896,0.023447539284825326,0.027317134290933607
rmse,persistence,phihyd_surface,1180,0.023180665199955305,0.020299189537763596,0.025773944333195686
rmse,persistence,phihyd_surface,1190,0.02035609520971775,0.017603357136249543,0.02272145226597786
rmse,persistence,phihyd_surface,1200,0.019249496112267176,0.016853223368525506,0.021647598966956137
rmse,persistence,phihyd_surface,1210,0.022942740097641946,0.020448964089155197,0.024625814333558083
rmse,persistence,phihyd_surface,1220,0.02525348092118899,0.02338113486766815,0.027309028059244157
rmse,persistence,phihyd_surface,1230,0.02750631794333458,0.023760995641350747,0.0303609412163496
rmse,persistence,phihyd_surface,1240,0.031350554029146833,0.027879374101758003,0.03393203020095825
rmse,persistence,phihyd_surface,1250,0.0331471120317777,0.030613331869244576,0.03506458178162575
rmse,persistence,phihyd_surface,1260,0.034584744026263554,0.031541163474321364,0.03732296153903007
rmse,persistence,phihyd_surface,1270,0.036758625010649366,0.033596571534872055,0.039823733270168304
rmse,persistence,phihyd_surface,1280,0.03642164543271065,0.034387294203042984,0.03852737620472908
rmse,persistence,phihyd_surface,1290,0.03559152061740557,0.03324000239372253,0.039103173464536664
rmse,persistence,phihyd_surface,1300,0.03509463121493658,0.03130814656615257,0.03820829764008522
rmse,persistence,phihyd_surface,1310,0.03331799035271009,0.030901370197534563,0.037529356777668
rmse,persistence,phihyd_surface,1320,0.03133214674890041,0.027362360805273055,0.03359435498714447
rmse,persistence,phihyd_surface,1330,0.028831806778907777,0.025259654596447946,0.03243224620819092
rmse,persistence,phihyd_surface,1340,0.025217835729320844,0.023365112021565437,0.02694060169160366
rmse,persistence,phihyd_surface,1350,0.023212553933262825,0.021692683175206184,0.02498336136341095
rmse,persistence,phihyd_surface,1360,0.0205508495370547,0.01946481466293335,0.021524544805288315
rmse,persistence,phihyd_surface,1370,0.018932578961054485,0.018671492487192153,0.01937784403562546
rmse,persistence,phihyd_surface,1380,0.022457488750418027,0.021624337136745452,0.023649915307760238
rmse,persistence,phihyd_surface,1390,0.025168515741825104,0.023509087413549422,0.02730012834072113
rmse,persistence,phihyd_surface,1400,0.027349875991543135,0.025135749578475954,0.03002646900713444
rmse,persistence,phihyd_surface,1410,0.031308644885818165,0.028557125106453897,0.033569815754890445
rmse,persistence,phihyd_surface,1420,0.03346535104016463,0.03117298670113087,0.035711539536714555
rmse,persistence,phihyd_surface,1430,0.034839090332388876,0.031977169960737226,0.03773154467344284
rmse,persistence,phihyd_surface,1440,0.037194867183764774,0.033918889611959456,0.040384990721940996
rmse,persistence,phihyd_surface,1450,0.03726141179601351,0.035679181665182115,0.03978096693754196
rmse,persistence,phihyd_surface,1460,0.03649562299251556,0.03475592210888863,0.03967873007059097
rmse,persistence,phihyd_surface,1470,0.03621386227508386,0.03262669295072555,0.03945375084877014
rmse,persistence,phihyd_surface,1480,0.03475174680352211,0.03211089670658111,0.03882801979780197
rmse,persistence,phihyd_surface,1490,0.03298904001712799,0.02999521903693676,0.03532058671116829
rmse,persistence,phihyd_surface,1500,0.03092599759499232,0.027530734613537788,0.03429477363824844
rmse,persistence,phihyd_surface,1510,0.02769345852235953,0.025803195685148238,0.030028967931866647
rmse,persistence,phihyd_surface,1520,0.02588530977567037,0.024382591247558594,0.027626244351267815
rmse,persistence,phihyd_surface,1530,0.023828164984782536,0.02312520444393158,0.02504085823893547
rmse,persistence,phihyd_surface,1540,0.022111007943749428,0.021336834877729416,0.022542067617177964
rmse,persistence,phihyd_surface,1550,0.02490325110654036,0.02387043312191963,0.026445842534303664
rmse,persistence,phihyd_surface,1560,0.027635636304815612,0.026082450151443483,0.02990729585289955
rmse,persistence,phihyd_surface,1570,0.029483155036966007,0.0279099240899086,0.03203574270009994
rmse,persistence,phihyd_surface,1580,0.03311326044301192,0.030617478117346764,0.035512960702180865
rmse,persistence,phihyd_surface,1590,0.035381872206926346,0.033241267502307895,0.037720157951116565
rmse,persistence,phihyd_surface,1600,0.03653914133707682,0.03389033749699592,0.039250506460666655
rmse,persistence,phihyd_surface,1610,0.038813844323158264,0.035649356245994565,0.041741644591093065
rmse,persistence,phihyd_surface,1620,0.03917617400487264,0.03734431117773056,0.04161502420902252
rmse,persistence,phihyd_surface,1630,0.038385109603405,0.0366752453148365,0.041193023324012756
rmse,persistence,phihyd_surface,1640,0.03815844456354777,0.03508754074573517,0.041513919830322266
rmse,persistence,phihyd_surface,1650,0.036887612442175546,0.033940506726503374,0.0409253679215908
rmse,persistence,phihyd_surface,1660,0.03516059120496114,0.03221423253417015,0.03777442425489426
rmse,persistence,phihyd_surface,1670,0.03331942905982335,0.029957661032676698,0.036722902208566666
rmse,persistence,phihyd_surface,1680,0.030313986043135326,0.028969590738415717,0.032461851835250854
rmse,persistence,phihyd_surface,1690,0.028447227304180464,0.026745647937059403,0.030220932513475417
rmse,persistence,phihyd_surface,1700,0.026736263558268546,0.025156647711992264,0.027778202667832375
rmse,persistence,phihyd_surface,1710,0.024890607595443724,0.02368963062763214,0.025590978935360907
rmse,persistence,phihyd_surface,1720,0.02699753033618132,0.025671375542879106,0.027881364896893503
rmse,persistence,phihyd_surface,1730,0.029729062567154567,0.028366851061582564,0.03080928698182106
rmse,persistence,phihyd_surface,1740,0.03128034435212612,0.028964252769947053,0.03338997215032578
rmse,persistence,phihyd_surface,1750,0.034540188312530515,0.0313207421451807,0.03706611022353172
rmse,persistence,phihyd_surface,1760,0.03699160143733025,0.03499958515167236,0.038463884592056276
rmse,persistence,phihyd_surface,1770,0.038054043302933376,0.03615445718169212,0.040413668006658555
rmse,persistence,phihyd_surface,1780,0.040176871418952945,0.03698768019676209,0.04335148558020592
rmse,persistence,phihyd_surface,1790,0.04076545536518097,0.03803101852536202,0.0428736113011837
rmse,persistence,phihyd_surface,1800,0.03992783154050509,0.037327447533607484,0.04284248501062393
rmse,persistence,phihyd_surface,1810,0.03971881171067556,0.03671774715185165,0.043257401883602144
rmse,persistence,phihyd_surface,1820,0.03864838555455208,0.03576730713248253,0.04202270731329918
rmse,persistence,phihyd_surface,1830,0.03697154199083646,0.03337099403142929,0.03980202153325081
rmse,persistence,phihyd_surface,1840,0.0353054691106081,0.030892006307840347,0.03864733502268791
rmse,persistence,phihyd_surface,1850,0.03251736623545488,0.03013586886227131,0.034857244789600374
rmse,persistence,phihyd_surface,1860,0.03052405851582686,0.028781160339713098,0.032948915660381314
rmse,persistence,phihyd_surface,1870,0.02899999978641669,0.026664039492607115,0.031485873460769656
rmse,persistence,phihyd_surface,1880,0.027001360803842543,0.0251710120588541,0.029103952646255492
rmse,persistence,phihyd_surface,1890,0.028405913213888804,0.026419167593121528,0.03049812689423561
rmse,persistence,phihyd_surface,1900,0.031056868905822436,0.029253994673490526,0.03227902799844742
rmse,persistence,phihyd_surface,1910,0.03236971062918504,0.029995032399892808,0.03483417257666588
rmse,persistence,phihyd_surface,1920,0.03524817787110805,0.031734079122543335,0.03755553066730499
rmse,persistence,phihyd_surface,1930,0.03777200231949488,0.035664206743240355,0.040071921050548555
rmse,persistence,phihyd_surface,1940,0.038700398554404575,0.036115211248397824,0.04107945039868355
rmse,persistence,phihyd_surface,1950,0.04064803048968315,0.03767674565315247,0.043183621019124985
rmse,persistence,phihyd_surface,1960,0.04148147677381833,0.03894664943218231,0.04390528872609138
rmse,persistence,phihyd_surface,1970,0.04059553494056066,0.03863670602440834,0.042883533984422684
rmse,persistence,phihyd_surface,1980,0.040277036776145296,0.03762497827410698,0.04392190873622894
rmse,persistence,phihyd_surface,1990,0.03929907058676084,0.036284946650266645,0.04240828081965446
rmse,persistence,phihyd_surface,2000,0.03758546511332194,0.03530624806880951,0.039885494858026505
rmse,model,sst,0,0.0,0.0,0.0
rmse,model,sst,10,0.01758444681763649,0.016965850070118905,0.018788619711995126
rmse,model,sst,20,0.024374603852629663,0.023553725332021713,0.025803108513355256
rmse,model,sst,30,0.02853085845708847,0.027842815220355987,0.029621199518442155
rmse,model,sst,40,0.03183259392778079,0.031029588729143142,0.03282608538866043
rmse,model,sst,50,0.03468173816800117,0.033521706610918044,0.03552454113960266
rmse,model,sst,60,0.03748239303628604,0.036062531918287274,0.03900779709219933
rmse,model,sst,70,0.04087849209705988,0.03881295099854469,0.04297096207737923
rmse,model,sst,80,0.04427654171983401,0.04138544425368309,0.04695959910750389
rmse,model,sst,90,0.04760087033112844,0.04397570788860321,0.05082429200410843
rmse,model,sst,100,0.05115345567464828,0.04790059253573418,0.05553475320339203
rmse,model,sst,110,0.05521868939201037,0.05176907256245613,0.05908913984894752
rmse,model,sst,120,0.059184124569098155,0.0561760276556015,0.06186864003539085
rmse,model,sst,130,0.06295103877782822,0.059977495670318605,0.06465518474578857
rmse,model,sst,140,0.06665081133445104,0.06435678154230118,0.06792842596769333
rmse,model,sst,150,0.07019728223482767,0.06789525002241134,0.07140456438064575
rmse,model,sst,160,0.07365477035442988,0.0712410718202591,0.07586894035339356
rmse,model,sst,170,0.07714949746926626,0.0743912011384964,0.07997779995203018
rmse,model,sst,180,0.08106138855218888,0.07740586549043656,0.08398018479347229
rmse,model,sst,190,0.08532572388648987,0.0807671919465065,0.08896635323762894
rmse,model,sst,200,0.088978544374307,0.08380091488361359,0.09307996332645416
rmse,model,sst,210,0.09238395740588506,0.08716887533664704,0.0965106412768364
rmse,model,sst,220,0.09574122379223506,0.09008986204862594,0.1003494068980217
rmse,model,sst,230,0.09839423845211664,0.0921399250626564,0.1021433413028717
rmse,model,sst,240,0.10072191109259923,0.0947119802236557,0.1046950563788414
rmse,model,sst,250,0.10345788498719534,0.09732701033353805,0.1076983317732811
rmse,model,sst,260,0.10597262581189473,0.09968624114990235,0.11046100407838821
rmse,model,sst,270,0.10870260049899419,0.10226024985313416,0.11332242488861084
rmse,model,sst,280,0.11171982238690058,0.10479142665863037,0.11624413728713989
rmse,model,sst,290,0.11432868341604868,0.10632892400026321,0.11876118630170822
rmse,model,sst,300,0.11625544428825378,0.1074718788266182,0.12108288407325744
rmse,model,sst,310,0.1175036072731018,0.10936595797538758,0.12239427417516709
rmse,model,sst,320,0.11860821545124053,0.11090664714574813,0.12281693816184998
rmse,model,sst,330,0.11999218712250391,0.11231512427330018,0.1248091623187065
rmse,model,sst,340,0.1215327853957812,0.11429516971111298,0.12577901482582093
rmse,model,sst,350,0.12303093870480855,0.11657123118638993,0.12738779187202454
rmse,model,sst,360,0.12514340033133825,0.11854547411203384,0.12923321425914763
rmse,model,sst,370,0.12663220365842184,0.12077695280313491,0.13113556504249574
rmse,model,sst,380,0.12747355848550795,0.12271452695131302,0.1320386379957199
rmse,model,sst,390,0.12779874900976818,0.12392945438623429,0.13372911810874938
rmse,model,sst,400,0.12803853352864583,0.12424227148294449,0.13480942845344543
rmse,model,sst,410,0.12860832611719766,0.12451406717300414,0.13615097999572753
rmse,model,sst,420,0.12979476153850555,0.12525921314954758,0.13882628381252288
rmse,model,sst,430,0.13066331495841343,0.12553463280200958,0.14022710919380188
rmse,model,sst,440,0.13124987830718357,0.12587893903255462,0.14120486676692962
rmse,model,sst,450,0.1315656264623006,0.12625083029270173,0.14135926961898804
rmse,model,sst,460,0.13099555770556132,0.12668081521987914,0.1400763601064682
rmse,model,sst,470,0.13054531315962473,0.12598313987255097,0.14003685414791106
rmse,model,sst,480,0.13027426600456238,0.12485310435295105,0.14043164849281312
rmse,model,sst,490,0.13020326296488444,0.1244451567530632,0.1395520120859146
rmse,model,sst,500,0.13051942139863967,0.12391011863946914,0.13938696682453156
rmse,model,sst,510,0.1309896265467008,0.12400673031806946,0.13913443982601165
rmse,model,sst,520,0.13089366753896078,0.12555276453495026,0.13799908757209778
rmse,model,sst,530,0.13063220928112665,0.12462542057037354,0.1368119537830353
rmse,model,sst,540,0.12966948846975962,0.12439794093370438,0.1347505807876587
rmse,model,sst,550,0.12857244660456976,0.1230523020029068,0.13297148048877716
rmse,model,sst,560,0.1276629835367203,0.12046516984701157,0.1329477161169052
rmse,model,sst,570,0.1273893490433693,0.12069913744926453,0.13369754254817962
rmse,model,sst,580,0.12835835268100101,0.12149093300104141,0.13424419164657592
rmse,model,sst,590,0.12986487398544946,0.12356234788894653,0.13445152342319489
rmse,model,sst,600,0.13071972330411274,0.12482278645038605,0.13472801446914673
rmse,model,sst,610,0.13078057616949082,0.12457238137722015,0.13435854017734528
rmse,model,sst,620,0.1302112360795339,0.12336050420999527,0.1352958172559738
rmse,model,sst,630,0.12859892894824346,0.12207548767328262,0.1362137407064438
rmse,model,sst,640,0.12701417207717897,0.12087177634239196,0.13581556379795073
rmse,model,sst,650,0.12645503083864848,0.11972023099660874,0.1345413714647293
rmse,model,sst,660,0.12688382615645727,0.1212420716881752,0.13398364186286926
rmse,model,sst,670,0.1276031732559204,0.12166290432214737,0.1338406354188919
rmse,model,sst,680,0.12840190480152766,0.12307698875665665,0.13463397324085236
rmse,model,sst,690,0.1283771221836408,0.12437151819467544,0.13311998546123505
rmse,model,sst,700,0.12770538131395975,0.1227429449558258,0.13269123136997224
rmse,model,sst,710,0.126439035932223,0.12184441983699798,0.1320386528968811
rmse,model,sst,720,0.12514897634585698,0.1198428988456726,0.13261058032512665
rmse,model,sst,730,0.12431600093841552,0.11825244128704071,0.1323667585849762
rmse,model,sst,740,0.12485445588827133,0.1183006763458252,0.13204997777938843
rmse,model,sst,750,0.12655160476764044,0.12058441936969758,0.1321332037448883
rmse,model,sst,760,0.12791798859834672,0.12439248114824294,0.13356609642505646
rmse,model,sst,770,0.12850595464309056,0.12424358278512955,0.13379908502101898
rmse,model,sst,780,0.1283093517025312,0.12201732099056244,0.13316747844219207
rmse,model,sst,790,0.12784646352132162,0.12070753276348115,0.13388026058673858
rmse,model,sst,800,0.12647924274206163,0.11906833201646805,0.13535791933536528
rmse,model,sst,810,0.12556470036506653,0.11882057636976243,0.1363474279642105
rmse,model,sst,820,0.1260759691397349,0.11898620277643204,0.13698816895484925
rmse,model,sst,830,0.12744609663883846,0.12096240222454072,0.13634007275104523
rmse,model,sst,840,0.1288701554139455,0.12358022928237915,0.1344523012638092
rmse,model,sst,850,0.12969284256299338,0.1243452861905098,0.13329436480998993
rmse,model,sst,860,0.12961265196402869,0.12203581631183624,0.13417291641235352
rmse,model,sst,870,0.12910501062870025,0.12096692621707916,0.13833689987659453
rmse,model,sst,880,0.12771066228548686,0.11974898427724838,0.14059320986270904
rmse,model,sst,890,0.12622380057970684,0.11773676276206971,0.14105689227581025
rmse,model,sst,900,0.12605409622192382,0.11560214906930924,0.1418486624956131
rmse,model,sst,910,0.1273086870710055,0.11591196805238724,0.14112406671047212
rmse,model,sst,920,0.12960174630085627,0.11970077753067017,0.1404556542634964
rmse,model,sst,930,0.13073960493008296,0.12354189455509186,0.13873054683208466
rmse,model,sst,940,0.13029443770647048,0.12333817929029464,0.13849539756774903
rmse,model,sst,950,0.1295532464981079,0.12258098870515824,0.14005388915538788
rmse,model,sst,960,0.128149509926637,0.11816235035657882,0.14174084067344667
rmse,model,sst,970,0.12660640875498455,0.11445941478013992,0.14209193289279937
rmse,model,sst,980,0.12584206312894822,0.11313365399837494,0.14141150712966918
rmse,model,sst,990,0.12679789712031683,0.11410524696111679,0.14047386944293977
rmse,model,sst,1000,0.12850013126929602,0.11873314827680588,0.13966632783412933
rmse,model,sst,1010,0.12956969290971757,0.12210108637809754,0.1386697471141815
rmse,model,sst,1020,0.12962430665890376,0.12136572897434235,0.1368391126394272
rmse,model,sst,1030,0.1290745973587036,0.12151277363300324,0.13633426129817963
rmse,model,sst,1040,0.12760774741570155,0.11828067749738694,0.13811151087284088
rmse,model,sst,1050,0.12593869815270106,0.11479240357875824,0.13835279047489166
rmse,model,sst,1060,0.12440412491559982,0.1119727224111557,0.13700090944767
rmse,model,sst,1070,0.12448039948940277,0.11192914992570877,0.1367861121892929
rmse,model,sst,1080,0.12581564982732138,0.11305101066827775,0.13591378331184387
rmse,model,sst,1090,0.12760263880093892,0.1180424451828003,0.13431536555290222
rmse,model,sst,1100,0.12808840225140253,0.12120921909809113,0.13523550033569337
rmse,model,sst,1110,0.12764208763837814,0.12072001844644546,0.1346600294113159
rmse,model,sst,1120,0.12676441967487334,0.11945910453796386,0.1327393352985382
rmse,model,sst,1130,0.12549972037474313,0.11715481877326965,0.1318801999092102
rmse,model,sst,1140,0.12379313856363297,0.11197824478149414,0.13301726281642914
rmse,model,sst,1150,0.12303554068009058,0.11081446856260299,0.13231915533542632
rmse,model,sst,1160,0.1235905388991038,0.11304100453853608,0.13091184198856354
rmse,model,sst,1170,0.12471757233142852,0.11559105068445205,0.13269151151180267
rmse,model,sst,1180,0.12486400107542674,0.11785330176353455,0.13398018777370452
rmse,model,sst,1190,0.1249497264623642,0.11785358488559723,0.13074347376823425
rmse,model,sst,1200,0.12506798853476842,0.1190292164683342,0.13199189007282258
rmse,model,sst,1210,0.12432735413312912,0.11638315320014954,0.12950932383537292
rmse,model,sst,1220,0.12277788172165553,0.11388438791036606,0.13040242195129395
rmse,model,sst,1230,0.1218285803993543,0.11276247650384903,0.12951926589012147
rmse,model,sst,1240,0.12198847631613413,0.11234573274850845,0.12929882407188414
rmse,model,sst,1250,0.12285470813512803,0.11360365003347397,0.13053729236125947
rmse,model,sst,1260,0.1240944301088651,0.11736996322870255,0.13132628798484802
rmse,model,sst,1270,0.12477661669254303,0.116929891705513,0.12968466579914092
rmse,model,sst,1280,0.1247802292307218,0.11859472841024399,0.13193878531455994
rmse,model,sst,1290,0.12389522741238276,0.11699261963367462,0.12960729300975798
rmse,model,sst,1300,0.1226070115963618,0.11339937448501587,0.12817454040050508
rmse,model,sst,1310,0.1213576798637708,0.11279774010181427,0.13000051975250243
rmse,model,sst,1320,0.12070973664522171,0.11322038769721984,0.12970949113368987
rmse,model,sst,1330,0.12139675915241241,0.11554791927337646,0.12768996953964235
rmse,model,sst,1340,0.12277732789516449,0.11647332012653351,0.12981052398681642
rmse,model,sst,1350,0.12322731912136078,0.1139065757393837,0.12862928211688995
rmse,model,sst,1360,0.1235535129904747,0.11539217382669449,0.1318659722805023
rmse,model,sst,1370,0.12377500037352245,0.11644918620586395,0.13180911242961885
rmse,model,sst,1380,0.1232131207982699,0.11343006491661071,0.1303798496723175
rmse,model,sst,1390,0.12229656726121903,0.11346364468336105,0.13065937161445618
rmse,model,sst,1400,0.12158868958552678,0.11414211541414261,0.12878036201000215
rmse,model,sst,1410,0.12193802297115326,0.11594404131174088,0.1279131829738617
rmse,model,sst,1420,0.12323158035675684,0.11836208701133728,0.13058265745639802
rmse,model,sst,1430,0.12460027933120728,0.11586389690637589,0.13193876743316652
rmse,model,sst,1440,0.1256184309720993,0.1165919303894043,0.13348334431648254
rmse,model,sst,1450,0.12597062289714814,0.11799362003803253,0.13149204552173616
rmse,model,sst,1460,0.1248757004737854,0.11741814166307449,0.13008424043655395
rmse,model,sst,1470,0.12372916837533315,0.1146025002002716,0.1293490082025528
rmse,model,sst,1480,0.12276160071293513,0.11400587111711502,0.13148560523986816
rmse,model,sst,1490,0.12224182486534119,0.11450368613004684,0.12927272617816926
rmse,model,sst,1500,0.12293135126431783,0.11822152584791183,0.1280917227268219
rmse,model,sst,1510,0.12438136786222458,0.11557734459638595,0.13212506473064423
rmse,model,sst,1520,0.12552526146173476,0.11488110572099686,0.13400070369243622
rmse,model,sst,1530,0.12659530689318974,0.11684361547231674,0.13618123531341553
rmse,model,sst,1540,0.12668730368216832,0.11843940317630768,0.1342778831720352
rmse,model,sst,1550,0.12644370396931967,0.11647673398256302,0.13279856443405152
rmse,model,sst,1560,0.12594526757796606,0.11831251531839371,0.139048433303833
rmse,model,sst,1570,0.12499482929706573,0.11636770516633987,0.13689076006412507
rmse,model,sst,1580,0.12479235331217448,0.11743094027042389,0.13370579481124878
rmse,model,sst,1590,0.12582330008347828,0.12040442675352096,0.13261333107948303
rmse,model,sst,1600,0.1269188458720843,0.11969946771860122,0.13343753516674042
rmse,model,sst,1610,0.12805373668670655,0.11990345418453216,0.1353402316570282
rmse,model,sst,1620,0.12843140959739685,0.12080926597118377,0.13461079001426696
rmse,model,sst,1630,0.1271107738216718,0.11777738481760025,0.13241841197013854
rmse,model,sst,1640,0.1260837530096372,0.11694125831127167,0.1359109491109848
rmse,model,sst,1650,0.12485578109820684,0.11705424040555953,0.13715126514434814
rmse,model,sst,1660,0.12387203574180602,0.11559551954269409,0.13267135322093965
rmse,model,sst,1670,0.12441799839337667,0.11758230477571488,0.13292436003685
rmse,model,sst,1680,0.12571813762187958,0.1175251543521881,0.13416618704795838
rmse,model,sst,1690,0.12662597447633744,0.11631660014390946,0.13539176285266877
rmse,model,sst,1700,0.12763651112715405,0.11980617791414261,0.13638281524181367
rmse,model,sst,1710,0.12766500016053517,0.11857008337974548,0.13575842678546907
rmse,model,sst,1720,0.12718351632356645,0.11821619272232056,0.1353108763694763
rmse,model,sst,1730,0.12635423094034196,0.11860050410032272,0.13751168847084044
rmse,model,sst,1740,0.12497030744949976,0.11648221760988235,0.13501122295856477
rmse,model,sst,1750,0.12440048754215241,0.1156346932053566,0.13319541215896608
rmse,model,sst,1760,0.12564707398414612,0.11811306476593017,0.13356963098049163
rmse,model,sst,1770,0.12719695915778478,0.11922254711389542,0.1348725974559784
rmse,model,sst,1780,0.12843943138917288,0.12149857431650161,0.13594906628131867
rmse,model,sst,1790,0.12848392675320308,0.12087515145540237,0.13596017062664031
rmse,model,sst,1800,0.12719187239805857,0.11817342042922974,0.13618580400943756
rmse,model,sst,1810,0.12620775798956554,0.11614342182874679,0.13693441152572633
rmse,model,sst,1820,0.12488686492045721,0.11441541761159897,0.135338631272316
rmse,model,sst,1830,0.12367534389098485,0.11565585136413574,0.13091055452823638
rmse,model,sst,1840,0.12388732035954793,0.11679469794034958,0.13114001452922822
rmse,model,sst,1850,0.12538512696822485,0.11806156039237976,0.13239592611789702
rmse,model,sst,1860,0.12681211829185485,0.1185061976313591,0.13396671712398528
rmse,model,sst,1870,0.1277790556351344,0.11915504336357116,0.13528319895267488
rmse,model,sst,1880,0.12766263286272686,0.1171615332365036,0.13718867897987366
rmse,model,sst,1890,0.12734566877285639,0.1162301629781723,0.13719725012779235
rmse,model,sst,1900,0.12615370452404023,0.11516957879066467,0.1350768268108368
rmse,model,sst,1910,0.12433044463396073,0.11391366124153138,0.13370074033737184
rmse,model,sst,1920,0.12364465792973836,0.1145380049943924,0.13210125565528869
rmse,model,sst,1930,0.12483321080605189,0.11641242057085037,0.13161338865756989
rmse,model,sst,1940,0.1270527720451355,0.12067086696624756,0.1336767464876175
rmse,model,sst,1950,0.12875610540310542,0.12105592042207718,0.13516524136066438
rmse,model,sst,1960,0.1289161096016566,0.119489985704422,0.135982009768486
rmse,model,sst,1970,0.12811982731024424,0.11880065947771072,0.13599703311920167
rmse,model,sst,1980,0.12739044924577078,0.11879823803901672,0.1375785917043686
rmse,model,sst,1990,0.12609545042117437,0.11625015288591385,0.1349473178386688
rmse,model,sst,2000,0.12471384902795156,0.11508565694093705,0.13436518609523773
rmse,climatology,sst,0,0.039352188756068544,0.03760233372449875,0.040945253521204
rmse,climatology,sst,10,0.03963716551661491,0.03694471120834351,0.04128868132829666
rmse,climatology,sst,20,0.039544785767793654,0.03678564950823784,0.04106455817818642
rmse,climatology,sst,30,0.03897120306889216,0.03660321086645126,0.04114331305027008
rmse,climatology,sst,40,0.039153633763392766,0.03733701184391976,0.04045938849449158
rmse,climatology,sst,50,0.03913996269305547,0.03702416718006134,0.040874673426151274
rmse,climatology,sst,60,0.039163901408513384,0.03642979115247726,0.04105845391750336
rmse,climatology,sst,70,0.03981602489948273,0.03809369206428528,0.040977103263139726
rmse,climatology,sst,80,0.03994313254952431,0.03835458979010582,0.04103045165538788
rmse,climatology,sst,90,0.03886721283197403,0.03668326213955879,0.04074961170554161
rmse,climatology,sst,100,0.038884392380714415,0.03733441829681396,0.04104265719652176
rmse,climatology,sst,110,0.03919097483158111,0.03671078383922577,0.0411340594291687
rmse,climatology,sst,120,0.039009210218985874,0.03594263941049576,0.04091564416885376
rmse,climatology,sst,130,0.03912525276343028,0.03739500641822815,0.041036990284919736
rmse,climatology,sst,140,0.03958451226353645,0.037860678136348726,0.040850555151700975
rmse,climatology,sst,150,0.039409980177879333,0.0383668452501297,0.04064149707555771
rmse,climatology,sst,160,0.03908967077732086,0.036618882417678834,0.041401205211877824
rmse,climatology,sst,170,0.03932793686787287,0.037951847165822984,0.04057501032948494
rmse,climatology,sst,180,0.03961500848333041,0.036598701775074,0.04135796502232551
rmse,climatology,sst,190,0.03968231206138929,0.037254149466753005,0.04124947637319565
rmse,climatology,sst,200,0.03917631208896637,0.037292259931564334,0.04085811898112297
rmse,climatology,sst,210,0.03934964338938395,0.037609313428401944,0.04066491425037384
rmse,climatology,sst,220,0.039417725056409836,0.03709837645292282,0.04146712571382523
rmse,climatology,sst,230,0.03947379589080811,0.03648962676525116,0.041441918909549715
rmse,climatology,sst,240,0.040177801996469496,0.03829940482974052,0.04128256365656853
rmse,climatology,sst,250,0.0404976320763429,0.03887104615569115,0.04141162186861038
rmse,climatology,sst,260,0.03952427332599958,0.03728325143456459,0.04179172217845917
rmse,climatology,sst,270,0.03942136913537979,0.03767204806208611,0.0420529805123806
rmse,climatology,sst,280,0.03981786742806435,0.036977645754814145,0.04291095212101936
rmse,climatology,sst,290,0.03968796133995056,0.03641894832253456,0.04202170893549919
rmse,climatology,sst,300,0.03978275383512179,0.03806220591068268,0.041468831896781924
rmse,climatology,sst,310,0.04020666976769765,0.03947654068470001,0.04111309349536896
rmse,climatology,sst,320,0.04011150747537613,0.038648408651351926,0.042050290107727054
rmse,climatology,sst,330,0.03971831500530243,0.037202578783035276,0.042816275358200075
rmse,climatology,sst,340,0.03990411385893822,0.038033511489629745,0.04154300764203071
rmse,climatology,sst,350,0.04015269751350085,0.037011527270078656,0.04219167903065681
rmse,climatology,sst,360,0.04030218894282977,0.03821595758199692,0.041402915865182875
rmse,climatology,sst,370,0.03979640454053879,0.03818588778376579,0.041773227602243425
rmse,climatology,sst,380,0.03986582159996033,0.037443362176418304,0.04117383807897568
rmse,climatology,sst,390,0.03995589216550191,0.03803059235215187,0.041299193352460864
rmse,climatology,sst,400,0.03994941612084706,0.03717147186398506,0.041843637079000476
rmse,climatology,sst,410,0.040526921798785524,0.0386701263487339,0.04220889136195183
rmse,climatology,sst,420,0.04089005117615064,0.03961000740528107,0.04196031019091606
rmse,climatology,sst,430,0.039977627247571944,0.03752634674310684,0.04160182178020477
rmse,climatology,sst,440,0.039735483129819234,0.038182853162288664,0.0416956327855587
rmse,climatology,sst,450,0.040171054253975554,0.03779108375310898,0.04201235175132752
rmse,climatology,sst,460,0.04003357167045275,0.036830244958400725,0.041937094926834104
rmse,climatology,sst,470,0.040069022526343666,0.037882355600595476,0.043066642433404925
rmse,climatology,sst,480,0.040505710244178775,0.0380075603723526,0.042300595343112944
rmse,climatology,sst,490,0.04061228185892105,0.03994868546724319,0.04171306639909744
rmse,climatology,sst,500,0.04021722078323364,0.03778400644659996,0.04188938736915589
rmse,climatology,sst,510,0.04036988914012909,0.03833076804876327,0.04226953461766243
rmse,climatology,sst,520,0.040592179944117866,0.037619011104106904,0.04275451600551605
rmse,climatology,sst,530,0.0408260722955068,0.03928226977586746,0.042688339948654175
rmse,climatology,sst,540,0.04031914994120598,0.037971606105566026,0.041833686828613284
rmse,climatology,sst,550,0.04028600727518399,0.0379957064986229,0.04217908233404159
rmse,climatology,sst,560,0.040440802772839866,0.0382020927965641,0.042060650140047076
rmse,climatology,sst,570,0.040409777065118155,0.037857834994792935,0.042275266349315645
rmse,climatology,sst,580,0.04090687880913416,0.039426935464143754,0.042816275358200075
rmse,climatology,sst,590,0.04135232791304588,0.040201146900653836,0.04245693907141686
rmse,climatology,sst,600,0.04051598360141118,0.03864270374178887,0.04272663444280624
rmse,climatology,sst,610,0.04007718712091446,0.03817475214600563,0.04203829616308212
rmse,climatology,sst,620,0.04048220266898473,0.038449061661958696,0.04224175214767456
rmse,climatology,sst,630,0.04030857930580775,0.03727785870432854,0.04191743656992912
rmse,climatology,sst,640,0.04021046981215477,0.03816503509879112,0.042248460650444034
rmse,climatology,sst,650,0.04047466963529587,0.03801308497786522,0.04188828468322754
rmse,climatology,sst,660,0.04060507466395696,0.039465819299221036,0.04128122702240944
rmse,climatology,sst,670,0.040108942737181984,0.03774346262216568,0.04208919033408165
rmse,climatology,sst,680,0.04016591683030128,0.03803284242749214,0.04166543409228325
rmse,climatology,sst,690,0.04035722240805626,0.03775797113776207,0.04200940877199173
rmse,climatology,sst,700,0.04062260314822197,0.03834008425474167,0.042257805913686754
rmse,climatology,sst,710,0.0401446503897508,0.03836104199290276,0.04199657216668129
rmse,climatology,sst,720,0.04002283588051796,0.037439015507698056,0.041826334595680234
rmse,climatology,sst,730,0.04024855494499206,0.03842357471585274,0.041706030070781705
rmse,climatology,sst,740,0.04020105873545011,0.038021307438611984,0.04205770343542099
rmse,climatology,sst,750,0.04060306077202161,0.03864512667059898,0.04213624447584152
rmse,climatology,sst,760,0.041132771968841554,0.04003267660737038,0.042397642880678175
rmse,climatology,sst,770,0.040405316899220146,0.03844486474990845,0.04181833043694496
rmse,climatology,sst,780,0.03981187467773755,0.03776900917291641,0.04194061830639839
rmse,climatology,sst,790,0.040249985208113986,0.03789137825369835,0.04218472838401795
rmse,climatology,sst,800,0.04016996969779332,0.037372464686632155,0.04180823415517807
rmse,climatology,sst,810,0.0401212049027284,0.03807610496878624,0.041956532001495364
rmse,climatology,sst,820,0.040404894202947614,0.03845056891441345,0.04166998416185379
rmse,climatology,sst,830,0.04071769788861275,0.03948737010359764,0.041377023607492444
rmse,climatology,sst,840,0.040290753543376925,0.03816940262913704,0.04248494803905487
rmse,climatology,sst,850,0.040351488689581556,0.038549072295427325,0.04194129332900047
rmse,climatology,sst,860,0.040643344074487685,0.038249190896749496,0.0420611709356308
rmse,climatology,sst,870,0.04103074794014295,0.03843294829130173,0.042590606957674026
rmse,climatology,sst,880,0.04069634129603704,0.038523978739976886,0.04218903854489327
rmse,climatology,sst,890,0.040532481173674265,0.038786470890045166,0.04190887808799744
rmse,climatology,sst,900,0.04083050936460495,0.03842666745185852,0.042971543967723846
rmse,climatology,sst,910,0.04086491266886393,0.038236748427152634,0.0448012001812458
rmse,climatology,sst,920,0.04128153845667839,0.03874127045273781,0.043907932192087176
rmse,climatology,sst,930,0.04194171006480853,0.04070129096508026,0.043472713232040404
rmse,climatology,sst,940,0.041369154055913286,0.0388913094997406,0.04394058585166931
rmse,climatology,sst,950,0.04064228609204292,0.038535939157009126,0.04385429248213768
rmse,climatology,sst,960,0.04107439120610555,0.03850275054574013,0.04432684108614921
rmse,climatology,sst,970,0.04104478905598322,0.03789137825369835,0.0443204827606678
rmse,climatology,sst,980,0.04098811199267705,0.03865719959139824,0.04262268394231796
rmse,climatology,sst,990,0.04120674729347229,0.03995436504483223,0.04301408901810646
rmse,climatology,sst,1000,0.04155419245362282,0.04012942686676979,0.043479885905981064
rmse,climatology,sst,1010,0.04107561508814494,0.0387817271053791,0.04350730925798416
rmse,climatology,sst,1020,0.04098626921574275,0.037987983971834186,0.043639888614416124
rmse,climatology,sst,1030,0.041234856098890306,0.03969121351838112,0.043877191841602325
rmse,climatology,sst,1040,0.04155576874812444,0.03922551944851875,0.04289109632372856
rmse,climatology,sst,1050,0.0412102110683918,0.03917982280254364,0.04342550039291382
rmse,climatology,sst,1060,0.040926305949687956,0.03820832446217537,0.043126842379570006
rmse,climatology,sst,1070,0.041237012048562366,0.039020729064941403,0.042966215312480925
rmse,climatology,sst,1080,0.04123296464482943,0.03903086185455322,0.04292856231331825
rmse,climatology,sst,1090,0.04152601485451062,0.03959190994501114,0.042979896068573
rmse,climatology,sst,1100,0.04222973758975665,0.04060723036527634,0.04413920044898987
rmse,climatology,sst,1110,0.04189527879158656,0.039997552335262296,0.04454200565814972
rmse,climatology,sst,1120,0.04112922971447309,0.03865811824798584,0.043366798758506776
rmse,climatology,sst,1130,0.04159565841158231,0.039710096269845965,0.043495196104049685
rmse,climatology,sst,1140,0.041641247520844145,0.038638229668140414,0.04488351494073868
rmse,climatology,sst,1150,0.041555457810560865,0.038703659921884535,0.044693578779697415
rmse,climatology,sst,1160,0.041772209604581195,0.03874850645661354,0.04475641697645187
rmse,climatology,sst,1170,0.042223486304283145,0.0404559500515461,0.04406942576169968
rmse,climatology,sst,1180,0.041822581489880876,0.040229516476392745,0.044288036227226255
rmse,climatology,sst,1190,0.04167900010943413,0.03948909342288971,0.044519384205341336
rmse,climatology,sst,1200,0.041942536582549414,0.039404197782278064,0.04383542016148567
rmse,climatology,sst,1210,0.04226640264193217,0.04014420136809349,0.04488351494073868
rmse,climatology,sst,1220,0.041984513650337854,0.04030723795294762,0.04439882785081863
rmse,climatology,sst,1230,0.04156218444307645,0.03819769620895386,0.04423422589898109
rmse,climatology,sst,1240,0.041805443912744523,0.03953070044517517,0.04437917396426201
rmse,climatology,sst,1250,0.0417134535809358,0.038681787252426145,0.044231364876031874
rmse,climatology,sst,1260,0.04180195356408755,0.039863898605108264,0.04473880231380463
rmse,climatology,sst,1270,0.042384900401035944,0.04038301706314087,0.04459899067878723
rmse,climatology,sst,1280,0.04205730259418487,0.04032342955470085,0.044314995408058167
rmse,climatology,sst,1290,0.041041073948144914,0.03846564069390297,0.0427371971309185
rmse,climatology,sst,1300,0.04132284571727117,0.0396271213889122,0.04327681213617325
rmse,climatology,sst,1310,0.04133180653055509,0.038927651941776276,0.04273887872695923
rmse,climatology,sst,1320,0.0411202775935332,0.03935751467943192,0.04287048429250717
rmse,climatology,sst,1330,0.041240261991818745,0.03886704668402672,0.043115222454071046
rmse,climatology,sst,1340,0.04166372989614805,0.04051355123519897,0.04290595427155495
rmse,climatology,sst,1350,0.04127661883831024,0.039960338920354846,0.042623893916606904
rmse,climatology,sst,1360,0.041041785230239235,0.03797813281416893,0.0431132860481739
rmse,climatology,sst,1370,0.041283760716517764,0.0394889235496521,0.04274174496531487
rmse,climatology,sst,1380,0.04157532975077629,0.03886737301945686,0.04307098314166069
rmse,climatology,sst,1390,0.04137071122725804,0.038911666721105576,0.04285021796822548
rmse,climatology,sst,1400,0.04089715257287026,0.038525210320949556,0.04278981015086174
rmse,climatology,sst,1410,0.04113391463955243,0.0396249495446682,0.04233027845621109
rmse,climatology,sst,1420,0.0410857359568278,0.03950408846139908,0.042746927589178085
rmse,climatology,sst,1430,0.04117525195082029,0.0387458398938179,0.04292418286204338
rmse,climatology,sst,1440,0.04183287620544433,0.04047211185097695,0.043036919087171555
rmse,climatology,sst,1450,0.04175053089857102,0.04004775807261467,0.042850589752197264
rmse,climatology,sst,1460,0.040740148474772774,0.038766255229711534,0.04255853742361069
rmse,climatology,sst,1470,0.04096202452977498,0.03925386816263199,0.04295331835746765
rmse,climatology,sst,1480,0.04113226756453514,0.03911352902650833,0.04307593330740929
rmse,climatology,sst,1490,0.040965915222962695,0.03821539133787155,0.04269229471683502
rmse,climatology,sst,1500,0.041133984675010046,0.03951517343521118,0.04286817237734795
rmse,climatology,sst,1510,0.04160137151678403,0.04040147140622139,0.04264585077762604
rmse,climatology,sst,1520,0.04133988817532857,0.04005270898342132,0.0427423857152462
rmse,climatology,sst,1530,0.04111313124497731,0.03911807760596275,0.04328276962041855
rmse,climatology,sst,1540,0.04141071935494741,0.03984576314687729,0.042579703778028485
rmse,climatology,sst,1550,0.041780370225509005,0.03866271376609802,0.043206770718097684
rmse,climatology,sst,1560,0.04177516972025235,0.03931023105978966,0.04342406690120697
rmse,climatology,sst,1570,0.04136974538366,0.040132013708353044,0.04301525354385376
rmse,climatology,sst,1580,0.04162541776895523,0.04033002555370331,0.04262822940945625
rmse,climatology,sst,1590,0.04165683537721634,0.03897183984518051,0.04500195309519768
rmse,climatology,sst,1600,0.04178447077671687,0.0387949101626873,0.04490795210003853
rmse,climatology,sst,1610,0.04248046601812045,0.04089387953281402,0.04370401054620743
rmse,climatology,sst,1620,0.04255707561969757,0.0405335858464241,0.04422682151198387
rmse,climatology,sst,1630,0.041561968127886456,0.03931630179286003,0.04427308738231659
rmse,climatology,sst,1640,0.04162685200572014,0.04020507782697678,0.04480004906654358
rmse,climatology,sst,1650,0.04187835479776065,0.039367349445819856,0.04472213909029961
rmse,climatology,sst,1660,0.04169641410311063,0.03926173448562622,0.04345174729824066
rmse,climatology,sst,1670,0.041812395801146825,0.04026250764727592,0.04362931102514267
rmse,climatology,sst,1680,0.042233589291572574,0.04092795550823212,0.04361543953418732
rmse,climatology,sst,1690,0.04204089393218358,0.04059442058205605,0.043956981599330903
rmse,climatology,sst,1700,0.041715347518523536,0.03898163065314293,0.04370911940932274
rmse,climatology,sst,1710,0.04190735965967178,0.0404836043715477,0.04424396082758903
rmse,climatology,sst,1720,0.04217768684029579,0.03964536190032959,0.04391012042760849
rmse,climatology,sst,1730,0.04221884235739708,0.04028986096382141,0.04349532872438431
rmse,climatology,sst,1740,0.041774738331635794,0.03993220254778862,0.044116482883691785
rmse,climatology,sst,1750,0.041953528424104054,0.03956931978464127,0.04337380975484848
rmse,climatology,sst,1760,0.04199411148826281,0.040561627596616745,0.04347066357731819
rmse,climatology,sst,1770,0.04205186391870181,0.04015090391039848,0.04381212741136551
rmse,climatology,sst,1780,0.04271337365110715,0.041256450861692426,0.04424535185098648
rmse,climatology,sst,1790,0.04297877550125122,0.04161057323217392,0.045128506422042844
rmse,climatology,sst,1800,0.042107973744471866,0.03977369740605354,0.04425567612051964
rmse,climatology,sst,1810,0.04206629445155462,0.04030130878090858,0.04371452778577804
rmse,climatology,sst,1820,0.04243562966585159,0.040225536376237866,0.04502061083912849
rmse,climatology,sst,1830,0.04227080742518107,0.038783752173185346,0.044934070110321044
rmse,climatology,sst,1840,0.042337377369403836,0.040022372454404834,0.045259440690279006
rmse,climatology,sst,1850,0.042749440670013426,0.04063375070691109,0.04494751468300819
rmse,climatology,sst,1860,0.04271313225229581,0.04157288074493408,0.04449915364384651
rmse,climatology,sst,1870,0.04235516289869944,0.040119714289903644,0.04489099383354187
rmse,climatology,sst,1880,0.04251114030679067,0.041167594492435455,0.044478213787078856
rmse,climatology,sst,1890,0.04272180472811063,0.04060776829719544,0.04509230181574821
rmse,climatology,sst,1900,0.042848544816176094,0.04076582193374634,0.04489973559975624
rmse,climatology,sst,1910,0.042358144124348955,0.039718013256788254,0.044613256305456164
rmse,climatology,sst,1920,0.042371595402558644,0.03983277305960655,0.04502173289656639
rmse,climatology,sst,1930,0.04238606219490369,0.03984352722764015,0.04422679543495178
rmse,climatology,sst,1940,0.04230818822979927,0.03977910205721855,0.044626740366220476
rmse,climatology,sst,1950,0.04278212388356527,0.04110094606876373,0.04503736272454262
rmse,climatology,sst,1960,0.0430327740808328,0.041799870878458024,0.044801296293735506
rmse,climatology,sst,1970,0.04210607334971428,0.04036913216114044,0.04386935979127884
rmse,climatology,sst,1980,0.041791668782631554,0.040324746072292326,0.04367469921708107
rmse,climatology,sst,1990,0.04214146186908086,0.0399842731654644,0.04366484582424164
rmse,climatology,sst,2000,0.04195694699883461,0.03983878642320633,0.04341764524579048
rmse,persistence,sst,0,0.0,0.0,0.0
rmse,persistence,sst,10,0.02268832251429558,0.019350789859890936,0.025844616815447807
rmse,persistence,sst,20,0.038441623995701474,0.0331941157579422,0.04310708940029144
rmse,persistence,sst,30,0.04788681988914808,0.0437360018491745,0.051479365676641464
rmse,persistence,sst,40,0.05594746246933937,0.052794498205184934,0.058855991810560226
rmse,persistence,sst,50,0.06022759402791659,0.05702012926340103,0.06288969069719315
rmse,persistence,sst,60,0.05939115881919861,0.05688805878162384,0.06162068173289299
rmse,persistence,sst,70,0.05811295434832573,0.05602252706885338,0.060398345440626146
rmse,persistence,sst,80,0.05725704580545425,0.05544573441147804,0.05992385670542717
rmse,persistence,sst,90,0.05599337816238403,0.05149990692734718,0.05948359370231628
rmse,persistence,sst,100,0.057424488166968025,0.05330541059374809,0.062271413207054135
rmse,persistence,sst,110,0.059379282593727115,0.05498941764235497,0.0627010628581047
rmse,persistence,sst,120,0.06006024976571401,0.058010220527648926,0.06264623701572418
rmse,persistence,sst,130,0.05742254083355268,0.05337980017066002,0.0609260268509388
rmse,persistence,sst,140,0.04957945595184962,0.045461709052324294,0.052385307103395465
rmse,persistence,sst,150,0.038380785783131914,0.033586719632148744,0.043681027740240096
rmse,persistence,sst,160,0.02465030029416084,0.022449966892600058,0.026698815822601318
rmse,persistence,sst,170,0.0065062684006989,0.004118987359106541,0.008644994162023066
rmse,persistence,sst,180,0.021878587206204732,0.018196450546383858,0.024022794142365456
rmse,persistence,sst,190,0.03794626233478387,0.03311220854520798,0.04233910068869591
rmse,persistence,sst,200,0.047652164349953334,0.043225745856761935,0.05138694047927857
rmse,persistence,sst,210,0.055748526751995084,0.052225257456302646,0.059251487255096436
rmse,persistence,sst,220,0.060515006879965465,0.05698683261871338,0.06344596892595292
rmse,persistence,sst,230,0.06004375716050466,0.05703066810965538,0.06279355734586715
rmse,persistence,sst,240,0.05868116691708565,0.056957589089870454,0.06180927455425262
rmse,persistence,sst,250,0.057896083841721215,0.05586947277188301,0.06099604070186615
rmse,persistence,sst,260,0.05661034087340037,0.05313260853290558,0.05997792035341263
rmse,persistence,sst,270,0.05772569701075554,0.05355440974235535,0.06231861859560013
rmse,persistence,sst,280,0.05976945807536443,0.055237896740436554,0.0632872000336647
rmse,persistence,sst,290,0.06064420392115911,0.057978260517120364,0.0629635512828827
rmse,persistence,sst,300,0.058500700443983075,0.05554836317896843,0.06173480749130249
rmse,persistence,sst,310,0.05117109368244807,0.04718966633081436,0.05412997528910637
rmse,persistence,sst,320,0.04028799111644427,0.035804280638694765,0.04686874970793724
rmse,persistence,sst,330,0.027388171230753263,0.025060489028692245,0.031164445728063584
rmse,persistence,sst,340,0.011197529795269171,0.008463512733578682,0.014457842335104942
rmse,persistence,sst,350,0.021384536102414132,0.018769927322864532,0.024339648708701134
rmse,persistence,sst,360,0.037488711749513945,0.03249057158827782,0.04212069362401962
rmse,persistence,sst,370,0.04743339642882347,0.04230784475803375,0.05112369582056999
rmse,persistence,sst,380,0.05550666054089864,0.051862668991088864,0.05821152925491333
rmse,persistence,sst,390,0.060718589027722675,0.0573416106402874,0.06345956921577453
rmse,persistence,sst,400,0.06062031015753746,0.05749216452240944,0.06321626156568527
rmse,persistence,sst,410,0.059098060429096225,0.057061806321144104,0.06218208596110344
rmse,persistence,sst,420,0.058274346341689424,0.05577591359615326,0.06134248748421669
rmse,persistence,sst,430,0.05692665725946426,0.0531394824385643,0.059817542880773546
rmse,persistence,sst,440,0.05770203868548075,0.05311591327190399,0.06272682398557664
rmse,persistence,sst,450,0.05982558702429135,0.056992314755916595,0.06309973299503327
rmse,persistence,sst,460,0.06080171490708987,0.0583447054028511,0.0642253264784813
rmse,persistence,sst,470,0.05909736802180608,0.05460124686360359,0.06270755976438522
rmse,persistence,sst,480,0.05237894207239151,0.049259739369153975,0.054612980037927625
rmse,persistence,sst,490,0.04189005792140961,0.03685074895620346,0.04658765494823456
rmse,persistence,sst,500,0.029546892394622166,0.026075033470988274,0.031968405842781066
rmse,persistence,sst,510,0.013528158950308958,0.007909177988767623,0.018361670523881914
rmse,persistence,sst,520,0.020236655014256637,0.015268157422542573,0.02470217049121857
rmse,persistence,sst,530,0.03660272223254045,0.03160042241215706,0.04154605269432068
rmse,persistence,sst,540,0.04689545532067617,0.04183365479111671,0.05152160748839378
rmse,persistence,sst,550,0.05495140602191289,0.05043977946043014,0.058240588009357455
rmse,persistence,sst,560,0.06063000485301018,0.05744957998394966,0.06382856220006942
rmse,persistence,sst,570,0.060944717625776926,0.05778435319662094,0.06386135816574097
rmse,persistence,sst,580,0.05927521015206973,0.05703500807285309,0.06240035891532898
rmse,persistence,sst,590,0.05838790635267894,0.05525938421487808,0.06168786883354187
rmse,persistence,sst,600,0.056952505558729175,0.054375797510147095,0.059384068846702574
rmse,persistence,sst,610,0.05730921005209287,0.053331324458122255,0.06274978071451187
rmse,persistence,sst,620,0.059378084540367124,0.05582531914114952,0.06266681998968124
rmse,persistence,sst,630,0.06038746684789657,0.05693839117884636,0.0632975459098816
rmse,persistence,sst,640,0.05897612795233727,0.05491925850510597,0.06182653158903122
rmse,persistence,sst,650,0.052535192916790645,0.049475448578596114,0.05550671666860581
rmse,persistence,sst,660,0.04192388852437337,0.03762432709336281,0.04732113927602768
rmse,persistence,sst,670,0.02925881780683994,0.026508818566799163,0.03245689496397972
rmse,persistence,sst,680,0.010989072049657505,0.009650719538331031,0.012003173306584358
rmse,persistence,sst,690,0.015008076714972654,0.012624191492795945,0.01674344465136528
rmse,persistence,sst,700,0.03337617255747318,0.02882150337100029,0.037718918174505234
rmse,persistence,sst,710,0.04459051142136256,0.03911216631531715,0.0488146722316742
rmse,persistence,sst,720,0.05291816840569178,0.04940331503748894,0.05617626756429672
rmse,persistence,sst,730,0.05924686168630918,0.05618753358721733,0.06174912378191948
rmse,persistence,sst,740,0.06014843285083771,0.057172094285488126,0.06294631212949753
rmse,persistence,sst,750,0.058476759244998296,0.05702774077653885,0.060664308816194536
rmse,persistence,sst,760,0.05766491144895554,0.05517385303974152,0.060418300330638885
rmse,persistence,sst,770,0.056347764035065966,0.053331722319126126,0.0584486149251461
rmse,persistence,sst,780,0.056494793047507604,0.051838549226522444,0.06133579686284065
rmse,persistence,sst,790,0.058724191536506015,0.05570061802864075,0.06201177388429642
rmse,persistence,sst,800,0.059983263909816745,0.0565707691013813,0.06324230581521988
rmse,persistence,sst,810,0.059133633971214294,0.05526865720748901,0.06168273836374283
rmse,persistence,sst,820,0.05337623084584872,0.05027909204363823,0.05627036914229393
rmse,persistence,sst,830,0.043277891476949056,0.03924773633480072,0.04843009039759636
rmse,persistence,sst,840,0.03126084506511688,0.02856542021036148,0.03487399071455002
rmse,persistence,sst,850,0.014667655527591705,0.01236103791743517,0.017116393521428106
rmse,persistence,sst,860,0.014939911539355914,0.012466685101389884,0.01834159456193447
rmse,persistence,sst,870,0.03300916912655036,0.02812362425029278,0.03825756162405014
rmse,persistence,sst,880,0.04470611214637756,0.03898951932787895,0.05002996325492859
rmse,persistence,sst,890,0.053057798246542616,0.049743276089429855,0.05660648941993714
rmse,persistence,sst,900,0.059786016245683034,0.05618904307484627,0.06276582479476929
rmse,persistence,sst,910,0.06127927129467328,0.057696709781885146,0.06413064450025559
rmse,persistence,sst,920,0.05966635445753733,0.05733857154846191,0.06250126510858536
rmse,persistence,sst,930,0.05884793152411779,0.0568864531815052,0.06205777227878571
rmse,persistence,sst,940,0.057580335934956865,0.0548276849091053,0.06052090674638748
rmse,persistence,sst,950,0.05735531523823738,0.05257159844040871,0.06192541718482971
rmse,persistence,sst,960,0.059498680382967,0.056375880539417264,0.06264261156320572
rmse,persistence,sst,970,0.06082265749573708,0.05677473396062851,0.06387923061847686
rmse,persistence,sst,980,0.06035888443390528,0.0577984020113945,0.0633528247475624
rmse,persistence,sst,990,0.05521461913983027,0.051581164449453355,0.05870099365711212
rmse,persistence,sst,1000,0.045583136628071466,0.040630311518907544,0.051770147681236264
rmse,persistence,sst,1010,0.034089010953903195,0.03042579032480717,0.03900551274418831
rmse,persistence,sst,1020,0.019040805039306483,0.016341690346598624,0.02451433576643467
rmse,persistence,sst,1030,0.015677115072806676,0.012915041483938693,0.021974213421344757
rmse,persistence,sst,1040,0.03240725708504518,0.02787146046757698,0.03780696168541908
rmse,persistence,sst,1050,0.04440575142701467,0.03925987854599953,0.04890872612595558
rmse,persistence,sst,1060,0.052688484887282054,0.04876708462834358,0.05560653880238533
rmse,persistence,sst,1070,0.05967519183953603,0.05648267343640327,0.06200747191905975
rmse,persistence,sst,1080,0.061696528395016985,0.058994878083467484,0.06409669369459152
rmse,persistence,sst,1090,0.06010584806402524,0.05788723602890968,0.06248008459806442
rmse,persistence,sst,1100,0.05925273150205612,0.05545463711023331,0.06276020258665085
rmse,persistence,sst,1110,0.05811782131592433,0.055741965770721436,0.06048101559281349
rmse,persistence,sst,1120,0.05758704965313276,0.05228046178817749,0.06187273263931274
rmse,persistence,sst,1130,0.059715652962525685,0.055885345488786695,0.06357014924287796
rmse,persistence,sst,1140,0.06116044248143832,0.05732875838875771,0.06499931961297989
rmse,persistence,sst,1150,0.06103444074591001,0.057180304825305936,0.06535258293151855
rmse,persistence,sst,1160,0.05654895653327306,0.05272561982274056,0.06032726913690567
rmse,persistence,sst,1170,0.04744424720605214,0.04341081231832504,0.05128354653716087
rmse,persistence,sst,1180,0.03630257621407509,0.031488004326820376,0.040842059254646304
rmse,persistence,sst,1190,0.022134070346752802,0.0173961766064167,0.02673921622335911
rmse,persistence,sst,1200,0.015497742344935735,0.008059942163527012,0.02240458205342293
rmse,persistence,sst,1210,0.031381835540135704,0.025011977553367613,0.037250351160764694
rmse,persistence,sst,1220,0.04377012600501378,0.03923449069261551,0.048596720397472384
rmse,persistence,sst,1230,0.05199643845359484,0.047102679312229154,0.05564963594079018
rmse,persistence,sst,1240,0.059147358685731885,0.05490674674510956,0.06185702085494995
rmse,persistence,sst,1250,0.06165211498737335,0.05798792317509651,0.06410069763660431
rmse,persistence,sst,1260,0.06000450998544693,0.057638253271579745,0.06351646333932877
rmse,persistence,sst,1270,0.058859261125326155,0.05522272884845734,0.06199032813310623
rmse,persistence,sst,1280,0.05758713136116664,0.05537729859352112,0.05982913598418236
rmse,persistence,sst,1290,0.056592134137948356,0.0526151031255722,0.06162646859884262
rmse,persistence,sst,1300,0.058426531155904134,0.05552849024534225,0.06277660727500915
rmse,persistence,sst,1310,0.05985256979862849,0.05677807033061981,0.06313455104827881
rmse,persistence,sst,1320,0.059887584298849106,0.05705930292606354,0.0631493553519249
rmse,persistence,sst,1330,0.05576894730329514,0.05268930643796921,0.05887522473931313
rmse,persistence,sst,1340,0.04660723383227984,0.04259053692221641,0.05056751295924187
rmse,persistence,sst,1350,0.034898795560002326,0.030784082040190695,0.04015994295477867
rmse,persistence,sst,1360,0.019588505725065868,0.018064789846539496,0.0212351456284523
rmse,persistence,sst,1370,0.006840022032459577,0.006395759992301464,0.00724608413875103
rmse,persistence,sst,1380,0.026285449415445326,0.02267994061112404,0.029681453108787538
rmse,persistence,sst,1390,0.04047566403945287,0.034962718933820726,0.045026013255119325
rmse,persistence,sst,1400,0.04939158310492833,0.04554968923330307,0.0525855578482151
rmse,persistence,sst,1410,0.05712171345949173,0.05390802845358848,0.05969288125634194
rmse,persistence,sst,1420,0.06044934789339702,0.0572076752781868,0.06325443238019943
rmse,persistence,sst,1430,0.0591521476705869,0.056800679117441175,0.06136844679713249
rmse,persistence,sst,1440,0.058034817377726235,0.05552462264895439,0.060728957504034044
rmse,persistence,sst,1450,0.05699952517946561,0.05560856014490127,0.05963931903243065
rmse,persistence,sst,1460,0.0559523140390714,0.051248757541179656,0.06008225604891777
rmse,persistence,sst,1470,0.05776462107896805,0.054215995222330095,0.06238693445920944
rmse,persistence,sst,1480,0.05951714317003886,0.055443929880857466,0.06250805407762527
rmse,persistence,sst,1490,0.060007845610380174,0.057325034588575366,0.0628425970673561
rmse,persistence,sst,1500,0.056693658232688904,0.05328305885195732,0.059841059148311615
rmse,persistence,sst,1510,0.048252763350804646,0.0445468969643116,0.05174217969179153
rmse,persistence,sst,1520,0.03711421638727188,0.03303054720163345,0.042311952263116834
rmse,persistence,sst,1530,0.02324540043870608,0.02063257098197937,0.02509126216173172
rmse,persistence,sst,1540,0.010009149058411519,0.007308965921401978,0.014035238325595854
rmse,persistence,sst,1550,0.025892755761742593,0.022319782897830008,0.029596013948321342
rmse,persistence,sst,1560,0.04041853199402491,0.03491523861885071,0.0460229828953743
rmse,persistence,sst,1570,0.04948807507753372,0.04504306688904762,0.053613264858722684
rmse,persistence,sst,1580,0.057322815805673596,0.054139377921819686,0.0605460099875927
rmse,persistence,sst,1590,0.06125710631410281,0.05743963271379471,0.06420981287956237
rmse,persistence,sst,1600,0.06030024836460749,0.05705367252230644,0.06293205171823502
rmse,persistence,sst,1610,0.05905604287981987,0.05705400332808495,0.062183746695518495
rmse,persistence,sst,1620,0.05806297908226649,0.05584202855825424,0.06125134602189064
rmse,persistence,sst,1630,0.056860474745432536,0.05222040563821793,0.06058387905359268
rmse,persistence,sst,1640,0.058316406607627866,0.05407906994223595,0.06310373544692993
rmse,persistence,sst,1650,0.06014929190278053,0.05546923875808716,0.06391580253839493
rmse,persistence,sst,1660,0.06084116001923879,0.05849300473928452,0.06298156678676606
rmse,persistence,sst,1670,0.05814794674515724,0.05442265346646309,0.06190132573246956
rmse,persistence,sst,1680,0.05029095411300659,0.045944078266620635,0.053748637437820435
rmse,persistence,sst,1690,0.03950206438700358,0.03497811779379845,0.045613867789506914
rmse,persistence,sst,1700,0.026641634727517762,0.024164241179823874,0.028876277431845666
rmse,persistence,sst,1710,0.013152559970815976,0.01077403649687767,0.019202420487999916
rmse,persistence,sst,1720,0.024966358641783395,0.02092592269182205,0.029114462435245514
rmse,persistence,sst,1730,0.03974280183513959,0.0352305993437767,0.04464524835348129
rmse,persistence,sst,1740,0.04901843145489693,0.04504281058907509,0.053032074868679044
rmse,persistence,sst,1750,0.05686984782417615,0.052718795090913775,0.05977763384580612
rmse,persistence,sst,1760,0.06135837733745575,0.059264850616455075,0.06387384682893753
rmse,persistence,sst,1770,0.06076470712820689,0.05834604129195213,0.06310548782348632
rmse,persistence,sst,1780,0.05940500224630038,0.05639723613858223,0.06251747608184814
rmse,persistence,sst,1790,0.05850374549627304,0.05577038452029228,0.061507710814476015
rmse,persistence,sst,1800,0.05724922741452853,0.05296782776713371,0.06046401783823967
rmse,persistence,sst,1810,0.05839007198810577,0.05407984480261803,0.06309030652046203
rmse,persistence,sst,1820,0.06038179968794187,0.057007796317338946,0.06320062130689622
rmse,persistence,sst,1830,0.06126363053917885,0.058218202739954,0.06546552032232285
rmse,persistence,sst,1840,0.059153003493944804,0.054342181980609895,0.06278509497642518
rmse,persistence,sst,1850,0.051944711307684584,0.04895439147949219,0.05478865876793861
rmse,persistence,sst,1860,0.04146481975913048,0.036433981359004976,0.046097151935100555
rmse,persistence,sst,1870,0.02925956845283508,0.026131757348775864,0.03274998515844345
rmse,persistence,sst,1880,0.014992325939238072,0.009029807895421982,0.021229660511016844
rmse,persistence,sst,1890,0.023537749797105788,0.018056103587150575,0.028689920157194137
rmse,persistence,sst,1900,0.03861424438655377,0.03365812301635742,0.04395873844623566
rmse,persistence,sst,1910,0.04816597898801168,0.044192735105752945,0.05201698914170265
rmse,persistence,sst,1920,0.05596600224574407,0.051228365302085875,0.05853662267327309
rmse,persistence,sst,1930,0.06094104548295339,0.058209320157766344,0.06346694380044937
rmse,persistence,sst,1940,0.060665096839269,0.057397357374429706,0.06318394392728806
rmse,persistence,sst,1950,0.05898957302172979,0.056590428203344346,0.062000087648630145
rmse,persistence,sst,1960,0.057910461972157164,0.055025707185268405,0.060935936868190765
rmse,persistence,sst,1970,0.056432901819547014,0.05338336303830147,0.05919554010033608
rmse,persistence,sst,1980,0.057089672734340034,0.05324850156903267,0.06236015185713768
rmse,persistence,sst,1990,0.059070893377065656,0.05533541962504387,0.06192310154438019
rmse,persistence,sst,2000,0.060035683959722516,0.05713655576109886,0.06287320256233216
acc,selected,surface_u,0,1.0,1.0,1.0
acc,selected,surface_u,10,0.9716541250546773,0.9621169447898865,0.9777616739273072
acc,selected,surface_u,20,0.93867427110672,0.9195186257362366,0.9535863876342774
acc,selected,surface_u,30,0.9063537041346232,0.8598855018615723,0.9306072115898132
acc,selected,surface_u,40,0.8799740155537923,0.8455793023109436,0.9014638304710388
acc,selected,surface_u,50,0.8360022187232972,0.8105695843696594,0.8621789455413819
acc,selected,surface_u,60,0.7960771123568217,0.7536599993705749,0.836389672756195
acc,selected,surface_u,70,0.7686917304992675,0.7282145500183106,0.7996926188468934
acc,selected,surface_u,80,0.7292778849601745,0.6973840713500976,0.7610788583755493
acc,selected,surface_u,90,0.6813436269760131,0.6327900409698486,0.7227371335029602
acc,selected,surface_u,100,0.6640954534212749,0.6137011289596558,0.7060027956962586
acc,selected,surface_u,110,0.639733612537384,0.6039840340614319,0.6956073045730591
acc,selected,surface_u,120,0.5887233257293701,0.5140372514724731,0.6386526823043823
acc,selected,surface_u,130,0.5487334350744884,0.4914802610874176,0.6139855146408081
acc,selected,surface_u,140,0.5275990724563598,0.46037839651107787,0.6040635466575622
acc,selected,surface_u,150,0.49905428687731423,0.4444494366645813,0.5718312859535217
acc,selected,surface_u,160,0.4620455026626587,0.3874131441116333,0.5299935579299927
acc,selected,surface_u,170,0.4410135269165039,0.33800364136695865,0.5083879590034485
acc,selected,surface_u,180,0.41990223129590354,0.330008465051651,0.46922529935836793
acc,selected,surface_u,190,0.3901137848695119,0.3145102262496948,0.45274377465248106
acc,selected,surface_u,200,0.36646368106206256,0.3043247878551483,0.42450634241104124
acc,prior,surface_u,0,1.0,1.0,1.0
acc,prior,surface_u,10,0.9186919569969177,0.8952890157699585,0.9343857526779175
acc,prior,surface_u,20,0.8284239013989766,0.7882057070732117,0.8710616946220398
acc,prior,surface_u,30,0.7534990708033243,0.6660924792289734,0.822493839263916
acc,prior,surface_u,40,0.6960203369458516,0.632273280620575,0.7604653358459472
acc,prior,surface_u,50,0.6226570963859558,0.5425423502922058,0.6980733633041382
acc,prior,surface_u,60,0.5529679715633392,0.461646568775177,0.6449703216552735
acc,prior,surface_u,70,0.5015180468559265,0.3910135686397552,0.5867062091827393
acc,prior,surface_u,80,0.4525523126125336,0.3571092963218689,0.5525166749954223
acc,prior,surface_u,90,0.4060758173465729,0.3025146424770355,0.5118477702140808
acc,prior,surface_u,100,0.3650726079940796,0.24650754630565644,0.4691299319267273
acc,prior,surface_u,110,0.32414726316928866,0.23210503458976744,0.42031386494636536
acc,prior,surface_u,120,0.2762638608614604,0.1761738985776901,0.37549740076065063
acc,prior,surface_u,130,0.23798290987809498,0.13457935750484468,0.33931915163993837
acc,prior,surface_u,140,0.2029457598924637,0.11813626736402512,0.28420610427856446
acc,prior,surface_u,150,0.17464983810981113,0.08240689784288407,0.26458123326301575
acc,prior,surface_u,160,0.14913371056318284,0.05912706628441811,0.22839561998844146
acc,prior,surface_u,170,0.12596122833589712,0.04482474066317082,0.1819535404443741
acc,prior,surface_u,180,0.11441395704944929,0.03356010988354683,0.16965309381484986
acc,prior,surface_u,190,0.11261420200268428,0.04822615385055542,0.15748314559459686
acc,prior,surface_u,200,0.10137489860256513,0.039665577560663225,0.14318935573101044
acc,selected,surface_v,0,1.0,1.0,1.0
acc,selected,surface_v,10,0.8748339136441549,0.8482693314552308,0.8948342800140381
acc,selected,surface_v,20,0.8166460752487182,0.7656199932098389,0.8516006946563721
acc,selected,surface_v,30,0.7861850539843241,0.7422754406929016,0.8318639874458313
acc,selected,surface_v,40,0.7556511958440145,0.6887621641159057,0.827843713760376
acc,selected,surface_v,50,0.7207899848620097,0.6503255605697632,0.7953567862510681
acc,selected,surface_v,60,0.7079252958297729,0.6439558506011963,0.77689688205719
acc,selected,surface_v,70,0.6833105723063151,0.6020159363746643,0.7666790843009949
acc,selected,surface_v,80,0.6580716689427694,0.5892046213150024,0.7311886548995972
acc,selected,surface_v,90,0.6279764016469319,0.5450199246406555,0.7200867533683777
acc,selected,surface_v,100,0.5843131085236867,0.506869626045227,0.6737927079200744
acc,selected,surface_v,110,0.5625851730505625,0.4851268529891968,0.6582867860794067
acc,selected,surface_v,120,0.5279219905535381,0.4492079019546509,0.6471400380134582
acc,selected,surface_v,130,0.48191079099973044,0.3689239799976349,0.6132249593734741
acc,selected,surface_v,140,0.4567465305328369,0.33740463852882385,0.6062315940856934
acc,selected,surface_v,150,0.4546585222085317,0.314780056476593,0.602637779712677
acc,selected,surface_v,160,0.4257846732934316,0.3201031267642975,0.5421150088310241
acc,selected,surface_v,170,0.39576972325642906,0.2588674008846283,0.5337746143341064
acc,selected,surface_v,180,0.3750702470541,0.22989165782928467,0.505702018737793
acc,selected,surface_v,190,0.35778595904509225,0.24079684615135194,0.46948103308677674
acc,selected,surface_v,200,0.34308495223522184,0.21759726107120514,0.43271371126174923
acc,prior,surface_v,0,1.0,1.0,1.0
acc,prior,surface_v,10,0.7347593824068706,0.6671346664428711,0.7796249508857727
acc,prior,surface_v,20,0.623401141166687,0.577549409866333,0.6670173883438111
acc,prior,surface_v,30,0.5957718014717102,0.5718934535980225,0.628508460521698
acc,prior,surface_v,40,0.5401348392168681,0.49418856501579284,0.5858626961708069
acc,prior,surface_v,50,0.5037190556526184,0.4485794186592102,0.543830955028534
acc,prior,surface_v,60,0.47716133991877235,0.4204157114028931,0.5288341283798218
acc,prior,surface_v,70,0.45951791405677794,0.4125515580177307,0.5030520558357239
acc,prior,surface_v,80,0.4415764033794403,0.3441491961479187,0.5228228688240051
acc,prior,surface_v,90,0.42423643271128336,0.33849466443061826,0.504518449306488
acc,prior,surface_v,100,0.4168960839509964,0.28743547201156616,0.499750542640686
acc,prior,surface_v,110,0.41107490956783294,0.33818682432174685,0.5090247631072998
acc,prior,surface_v,120,0.382575786113739,0.30848837494850156,0.47215456366539
acc,prior,surface_v,130,0.3788503885269165,0.28801948428153995,0.4504879772663116
acc,prior,surface_v,140,0.35442522863547005,0.28279592394828795,0.42695316672325134
acc,prior,surface_v,150,0.3225801274180412,0.18225927352905275,0.43936386704444885
acc,prior,surface_v,160,0.27675669888655346,0.20431466698646544,0.3522602736949921
acc,prior,surface_v,170,0.24806587199370067,0.15709083080291747,0.34222683906555174
acc,prior,surface_v,180,0.2055378361294667,0.06813134141266347,0.3253642976284027
acc,prior,surface_v,190,0.15169613882899285,0.035982006788253786,0.2760827481746674
acc,prior,surface_v,200,0.11781120067462325,-0.025730218552052972,0.22800746858119963
acc,selected,phihyd_surface,0,1.0,1.0,1.0
acc,selected,phihyd_surface,10,0.989983054002126,0.9888065934181214,0.9909398555755615
acc,selected,phihyd_surface,20,0.9854795932769775,0.9836854696273803,0.9866767287254333
acc,selected,phihyd_surface,30,0.9824391444524129,0.9800987005233764,0.9838232517242431
acc,selected,phihyd_surface,40,0.9790690422058106,0.9771337151527405,0.9804110050201416
acc,selected,phihyd_surface,50,0.9746910850207011,0.9733741760253907,0.9763867020606994
acc,selected,phihyd_surface,60,0.9695254802703858,0.9677106857299804,0.971893846988678
acc,selected,phihyd_surface,70,0.9636306444803874,0.9609692215919494,0.9665863990783692
acc,selected,phihyd_surface,80,0.955877943833669,0.9528086066246033,0.9593214273452759
acc,selected,phihyd_surface,90,0.946261731783549,0.9424314856529236,0.9507756352424621
acc,selected,phihyd_surface,100,0.9362889528274536,0.932016134262085,0.9407580733299256
acc,selected,phihyd_surface,110,0.9259193181991577,0.9214083433151246,0.931021761894226
acc,selected,phihyd_surface,120,0.9142287492752075,0.9084120869636536,0.9204348087310791
acc,selected,phihyd_surface,130,0.9018138885498047,0.8935384750366211,0.9084595203399658
acc,selected,phihyd_surface,140,0.8909258842468262,0.8832568407058716,0.898764431476593
acc,selected,phihyd_surface,150,0.8810582041740418,0.8744410037994385,0.8901585102081299
acc,selected,phihyd_surface,160,0.8698036114374796,0.8631760835647583,0.8768572568893432
acc,selected,phihyd_surface,170,0.8579362670580546,0.8495085954666137,0.8691790461540222
acc,selected,phihyd_surface,180,0.8475133180618286,0.8373296380043029,0.8583359122276306
acc,selected,phihyd_surface,190,0.8381545702616374,0.8305696487426758,0.8502797603607177
acc,selected,phihyd_surface,200,0.8275955398877461,0.8189802765846252,0.8375064969062805
acc,prior,phihyd_surface,0,1.0,1.0,1.0
acc,prior,phihyd_surface,10,0.9374102552731832,0.9334852814674377,0.9417363047599793
acc,prior,phihyd_surface,20,0.901566994190216,0.8981760978698731,0.906753146648407
acc,prior,phihyd_surface,30,0.8796714186668396,0.8741149425506591,0.8855219006538391
acc,prior,phihyd_surface,40,0.863339893023173,0.8557674527168274,0.8702153444290162
acc,prior,phihyd_surface,50,0.8496477365493774,0.8424308657646179,0.855648422241211
acc,prior,phihyd_surface,60,0.8348507722218831,0.8290042638778686,0.8427372217178345
acc,prior,phihyd_surface,70,0.8163828055063883,0.8075010895729064,0.825345492362976
acc,prior,phihyd_surface,80,0.7975499471028645,0.7879915356636047,0.8060342907905579
acc,prior,phihyd_surface,90,0.7782536268234252,0.7670667171478271,0.7861961364746094
acc,prior,phihyd_surface,100,0.7576665083567301,0.7460849285125732,0.7705694198608398
acc,prior,phihyd_surface,110,0.7371790607770284,0.7221837759017944,0.751171064376831
acc,prior,phihyd_surface,120,0.7189058303833008,0.7051446437835693,0.7344416379928589
acc,prior,phihyd_surface,130,0.7006466468175252,0.686868178844452,0.7158149480819702
acc,prior,phihyd_surface,140,0.6825646201769511,0.6736018300056458,0.6945532202720642
acc,prior,phihyd_surface,150,0.6678766369819641,0.6625709533691406,0.6801441431045532
acc,prior,phihyd_surface,160,0.6557186961174011,0.6494916796684265,0.6660735249519348
acc,prior,phihyd_surface,170,0.6445340752601624,0.6365057826042175,0.6534386515617371
acc,prior,phihyd_surface,180,0.6338783423105876,0.6265678644180298,0.6449025869369507
acc,prior,phihyd_surface,190,0.6267916639645894,0.6208690404891968,0.6350545048713684
acc,prior,phihyd_surface,200,0.6200223485628764,0.6142673373222352,0.6269592642784119
acc,selected,sst,0,1.0,1.0,1.0
acc,selected,sst,10,0.9057603398958842,0.8916057348251343,0.9134636044502258
acc,selected,sst,20,0.8298920313517253,0.8100274920463562,0.8420793771743774
acc,selected,sst,30,0.7786941528320312,0.7532498359680175,0.7971651554107666
acc,selected,sst,40,0.7447839538256328,0.714852225780487,0.7614703416824341
acc,selected,sst,50,0.7158939282099406,0.7054732441902161,0.7289358139038086
acc,selected,sst,60,0.6871031403541565,0.6715953111648559,0.7052945971488953
acc,selected,sst,70,0.6575708150863647,0.6321031212806701,0.6777710080146789
acc,selected,sst,80,0.6278683304786682,0.6071812510490417,0.6476652503013611
acc,selected,sst,90,0.5912428577740987,0.5688481450080871,0.6255280017852783
acc,selected,sst,100,0.5604766527811686,0.5419809699058533,0.5948664784431458
acc,selected,sst,110,0.5312986572583517,0.5145343542098999,0.5650845646858216
acc,selected,sst,120,0.5032003104686738,0.47791171073913574,0.5335797071456909
acc,selected,sst,130,0.4731256345907847,0.443853759765625,0.503619647026062
acc,selected,sst,140,0.44768010775248207,0.424693638086319,0.47378928065299986
acc,selected,sst,150,0.42811858654022217,0.40589991211891174,0.4477073192596436
acc,selected,sst,160,0.40609906713167826,0.3826416194438934,0.43245112895965576
acc,selected,sst,170,0.3850997626781464,0.34870044589042665,0.4226182341575623
acc,selected,sst,180,0.36608933210372924,0.3243058979511261,0.4009759366512299
acc,selected,sst,190,0.34176079630851747,0.29702748656272887,0.3796843886375427
acc,selected,sst,200,0.32363932530085243,0.28456807136535645,0.3547548890113831
acc,prior,sst,0,1.0,1.0,1.0
acc,prior,sst,10,0.7540557265281678,0.7410831093788147,0.7709218263626099
acc,prior,sst,20,0.6382505218187968,0.6114962100982666,0.6688354730606079
acc,prior,sst,30,0.560408886273702,0.524629819393158,0.5918616056442261
acc,prior,sst,40,0.48668744365374245,0.4541573405265808,0.5196138858795166
acc,prior,sst,50,0.42465060750643413,0.4032063066959381,0.4506348431110382
acc,prior,sst,60,0.38320085803667703,0.35467111468315127,0.41297338008880613
acc,prior,sst,70,0.3514662524064382,0.3142746925354004,0.37350844144821166
acc,prior,sst,80,0.3215645670890808,0.2846916675567627,0.3447816014289856
acc,prior,sst,90,0.2919485112031301,0.24979567527770996,0.3241183698177338
acc,prior,sst,100,0.26610027154286703,0.21914550364017488,0.2964154601097107
acc,prior,sst,110,0.2405654976765315,0.18769827783107756,0.27619364857673645
acc,prior,sst,120,0.21861445307731628,0.15768785178661346,0.2633955180644989
acc,prior,sst,130,0.2037355621655782,0.14677900969982147,0.25020006895065305
acc,prior,sst,140,0.19283987681070963,0.14290310442447662,0.23316971063613892
acc,prior,sst,150,0.179600790143013,0.14520199596881866,0.21856326460838318
acc,prior,sst,160,0.1663687785466512,0.14183428287506103,0.2021900862455368
acc,prior,sst,170,0.15866077989339827,0.12721260040998458,0.19496472477912902
acc,prior,sst,180,0.15065081914265951,0.12057129740715027,0.18111632466316224
acc,prior,sst,190,0.1435825561483701,0.11750316619873047,0.1713025152683258
acc,prior,sst,200,0.14093459844589235,0.11282483339309693,0.16103870570659637
