phase,arm,field,lead_days,mean_rmse,p10,p90
training,0.0,surface_speed,0,1.213457367124317e-10,1.0134465186999056e-10,1.3964699126898203e-10
training,0.0,surface_speed,10,0.00031872489497206927,0.0002831766641774508,0.00038181776004109924
training,0.0,surface_speed,20,0.00042785803480740894,0.0003610891290453121,0.0005238431216393778
training,0.0,surface_speed,30,0.0004947562376739287,0.0004091588742072874,0.0006474534855117241
training,0.0,surface_speed,40,0.0005776063933422886,0.00046940203984648197,0.0007078644127112275
training,0.0,surface_speed,50,0.000633634464592219,0.000511436385932615,0.0007988978051931152
training,0.0,surface_speed,60,0.0006918747843605293,0.0005614491152670082,0.0008574180703828184
training,0.0,surface_speed,70,0.0007478537683570439,0.0006280272766309437,0.0008871379029296921
training,0.0,surface_speed,80,0.0007982978276335113,0.0006551061407396269,0.000957501839192946
training,0.0,surface_speed,90,0.0008709625293577602,0.000703997591590581,0.0010722904746393114
training,0.0,surface_speed,100,0.0009316886481018201,0.000690849480827312,0.0011473554940082762
training,0.0,surface_speed,110,0.000974195469082306,0.0006957425986624503,0.0012154645873467536
training,0.0,surface_speed,120,0.0010461182935314565,0.0007697710290481151,0.0013094561223132308
training,0.0,surface_speed,130,0.0011370147661304486,0.0008065686771163708,0.001542179476318183
training,0.0,surface_speed,140,0.0012487917886650714,0.0008724380668311967,0.001845768360466008
training,0.0,surface_speed,150,0.0013762894176994748,0.0009135008646579124,0.0019521970821971622
training,0.0,surface_speed,160,0.0014970872976630908,0.0009406657263306456,0.0021147195719842895
training,0.0,surface_speed,170,0.001582658536952795,0.000988958862151034,0.002653581691167833
training,0.0,surface_speed,180,0.0016769145256971788,0.0010755672173003035,0.0025325199518034525
training,0.0,surface_speed,190,0.0017475207315276909,0.0011525953361889228,0.002527550911115946
training,0.0,surface_speed,200,0.0018059967927411846,0.0012390268963453459,0.002600035975230253
training,0.0,surface_speed,210,0.0018830956951337307,0.001353131368033432,0.002670404821015493
training,0.0,surface_speed,220,0.001991774151649632,0.0014920632564814277,0.002747693930386287
training,0.0,surface_speed,230,0.002133696864600072,0.0016661808621099145,0.0027710922944778247
training,0.0,surface_speed,240,0.002284881487852144,0.0017044127642979231,0.002897358666132932
training,0.0,surface_speed,250,0.002438327126886707,0.0017293735648187753,0.0031079214789340023
training,0.0,surface_speed,260,0.002647750179445924,0.001814648089443019,0.003917108662802902
training,0.0,surface_speed,270,0.0028341922948821713,0.001866645468825172,0.004524007205574032
training,0.0,surface_speed,280,0.002977247002623027,0.0019539097812571434,0.004759759261972791
training,0.0,surface_speed,290,0.0031239820915407663,0.001989462990401555,0.005025539703775744
training,0.0,surface_speed,300,0.00327598022639279,0.00196119241966924,0.005313949513871307
training,0.0,surface_speed,310,0.003404191267687254,0.0020148560336127872,0.005592750177592395
training,0.0,surface_speed,320,0.003527180617976869,0.002128909892738243,0.005861679764918917
training,0.0,surface_speed,330,0.00365227874689628,0.0022268047414844856,0.006111212487578779
training,0.0,surface_speed,340,0.003798159443611629,0.0023137208728765644,0.006375390280908127
training,0.0,surface_speed,350,0.003951780482511196,0.002439047809819701,0.006639266293321152
training,0.0,surface_speed,360,0.00410304367958005,0.0025203267307730578,0.006838814040504294
training,0.0,surface_speed,370,0.004248325224477519,0.0026281175987138816,0.006999454869063089
training,0.0,surface_speed,380,0.004394218745268839,0.002693327056952305,0.007124196443116398
training,0.0,surface_speed,390,0.0045575235369863755,0.0027951156566909797,0.007234961468294061
training,0.0,surface_speed,400,0.0047421658911295725,0.0029230601586240513,0.007440864121070424
training,0.0,surface_speed,410,0.004952272339436759,0.003115041006047433,0.007699615387550018
training,0.0,surface_speed,420,0.005130024042883109,0.0032305336375662488,0.008018286836112536
training,0.0,surface_speed,430,0.005331115720402938,0.003409020465941189,0.008370523302939642
training,0.0,surface_speed,440,0.005537013341870175,0.0035083577907313473,0.008751319198315633
training,0.0,surface_speed,450,0.005734950053416519,0.0037415460469539864,0.009081567700792235
training,0.0,surface_speed,460,0.005914871271207824,0.004011582299710662,0.009399766497938614
training,0.0,surface_speed,470,0.006107609440412521,0.00422143827307564,0.009684977503955167
training,0.0,surface_speed,480,0.006302312172679724,0.0044078866815712575,0.009936844840384814
training,0.0,surface_speed,490,0.00651551338290373,0.004693528775830923,0.010194740708455644
training,0.0,surface_speed,500,0.006738490721561317,0.004938376236868721,0.010444581080827419
training,0.0,surface_speed,510,0.00696133243903341,0.005052786161561779,0.010573931727100512
training,0.0,surface_speed,520,0.0071937623813409625,0.005369000429178937,0.010763700375876673
training,0.0,surface_speed,530,0.00745150832268548,0.005446861949093095,0.010981344656587391
training,0.0,surface_speed,540,0.007739672292040656,0.005604712416867434,0.011234611173211678
training,0.0,surface_speed,550,0.008024417650587916,0.0057327735403808824,0.011584131525212345
training,0.0,surface_speed,560,0.008319424990673459,0.00603399022687765,0.011912129763628314
training,0.0,surface_speed,570,0.008628285462611107,0.006214343625932592,0.012281729932046704
training,0.0,surface_speed,580,0.008932555616516976,0.006353610640348279,0.012620682361827024
training,0.0,surface_speed,590,0.009253118121676524,0.006613615427350869,0.012988941452959736
training,0.0,surface_speed,600,0.009586425638105262,0.0067317793940420735,0.013419117269655759
training,0.0,surface_speed,610,0.009899406636295014,0.006769935121075548,0.01376514542934807
training,0.0,surface_speed,620,0.010202304971299916,0.006842442831434887,0.014088157028344686
training,0.0,surface_speed,630,0.010482850135531675,0.006918916356402087,0.014440882226622374
training,0.0,surface_speed,640,0.010782509852262043,0.007025015584495288,0.01486620983581564
training,0.0,surface_speed,650,0.011048991200158502,0.007050477473562957,0.014840009380430823
training,0.0,surface_speed,660,0.011308968036926758,0.00719177698983402,0.01488112102571861
training,0.0,surface_speed,670,0.011562105414581178,0.007348959194252631,0.015371532859149599
training,0.0,surface_speed,680,0.011766609422876561,0.007422080899282403,0.015756871525974065
training,0.0,surface_speed,690,0.011960980090654461,0.0074658518909801585,0.016151921113854568
training,0.0,surface_speed,700,0.012171381092307714,0.00763643398736535,0.016469670923200702
training,0.0,surface_speed,710,0.012370462427639924,0.007804198614827583,0.01677395695220965
training,0.0,surface_speed,720,0.012566399216597173,0.007827812248455222,0.017186513061746112
training,0.0,surface_speed,730,0.012785629340427315,0.008114549429978152,0.017512047040113058
training,0.0,surface_speed,740,0.013029524277964003,0.008450695681135007,0.017844794421033653
training,0.0,surface_speed,750,0.013289102944552189,0.008504272075805982,0.018346520308448667
training,0.0,surface_speed,760,0.013568618775316732,0.008698581635742931,0.018847157980195768
training,0.0,surface_speed,770,0.01388929879389184,0.009203513963957426,0.01929937465560511
training,0.0,surface_speed,780,0.014233840683814749,0.009557809570517179,0.019822400611442425
training,0.0,surface_speed,790,0.014567902025845746,0.009691678087557923,0.02042272238411635
training,0.0,surface_speed,800,0.014912828429364791,0.010035692965459928,0.020905666614839398
training,0.0,surface_speed,810,0.01526315500803134,0.010318182597404692,0.02134752517358912
training,0.0,surface_speed,820,0.015578150595955567,0.010570452025862773,0.02174601261504087
training,0.0,surface_speed,830,0.015891833789329082,0.010743832535084688,0.022186450905001067
training,0.0,surface_speed,840,0.016255704630549924,0.011181302728857949,0.022607193903573575
training,0.0,surface_speed,850,0.016592864031448492,0.011529596770232629,0.022925151012894916
training,0.0,surface_speed,860,0.016882868573446758,0.011860029040684119,0.023258716558057946
training,0.0,surface_speed,870,0.017218597990409302,0.012245218996675149,0.02367654436214344
training,0.0,surface_speed,880,0.017559566529141583,0.01271598630566218,0.02414360507090371
training,0.0,surface_speed,890,0.0179386407729162,0.013110513464544248,0.02461934289375343
training,0.0,surface_speed,900,0.018327425042336188,0.01350016620166816,0.025117095870456255
training,0.0,surface_speed,910,0.018691286840268946,0.014041254675765214,0.02568461634046819
training,0.0,surface_speed,920,0.019035212712753373,0.014437214991901415,0.026343341233900735
training,0.0,surface_speed,930,0.019447776075396418,0.014654645685429206,0.027073986582004682
training,0.0,surface_speed,940,0.019881952815640307,0.01503247600651147,0.027698063797110293
training,0.0,surface_speed,950,0.020343814646975534,0.015399511446117248,0.028292218741679736
training,0.0,surface_speed,960,0.020798312612380115,0.015559480861939328,0.02891045341017353
training,0.0,surface_speed,970,0.021291028989095143,0.01578672023523806,0.029619525668188876
training,0.0,surface_speed,980,0.021775387764452377,0.016024426215168884,0.030196652627363686
training,0.0,surface_speed,990,0.022219995214452493,0.016272717799350484,0.030694015212102237
training,0.0,surface_speed,1000,0.022625892484794054,0.016730141075117336,0.031225329175156566
training,0.0,phihyd_surface,0,1.4711145145663378e-09,1.1952336766238244e-09,1.8222471272909608e-09
training,0.0,phihyd_surface,10,0.0016721280414581294,0.0012111671894398783,0.002258779082205043
training,0.0,phihyd_surface,20,0.002616445943989524,0.001829165190844713,0.0035533334969530374
training,0.0,phihyd_surface,30,0.003445342840487361,0.0023112655517171783,0.004749501196683991
training,0.0,phihyd_surface,40,0.004207945818710801,0.0027481704843846937,0.005873234562058674
training,0.0,phihyd_surface,50,0.004897943589138788,0.0031933986388307336,0.006917621431050791
training,0.0,phihyd_surface,60,0.0055462256449650225,0.003656424075098462,0.007792636549199205
training,0.0,phihyd_surface,70,0.006152783221858791,0.004039995344603432,0.008603065880133362
training,0.0,phihyd_surface,80,0.0067260539516895215,0.004347413485539257,0.009392267795545623
training,0.0,phihyd_surface,90,0.007268857305075413,0.0047139062305166235,0.010067270054282842
training,0.0,phihyd_surface,100,0.007790108314966964,0.005305291824072124,0.01073039419562991
training,0.0,phihyd_surface,110,0.008281248988127926,0.005754507568943145,0.011499736509115418
training,0.0,phihyd_surface,120,0.008746939033211148,0.00618048733509619,0.012308707384169486
training,0.0,phihyd_surface,130,0.009213529817541855,0.0065313054889494316,0.013097314901035446
training,0.0,phihyd_surface,140,0.009670102871837885,0.007004375454581349,0.013583530350720362
training,0.0,phihyd_surface,150,0.010078468546306743,0.007423883378040238,0.013894500636000737
training,0.0,phihyd_surface,160,0.01048666082972467,0.007912696216115452,0.014083074864597775
training,0.0,phihyd_surface,170,0.010890404935115203,0.008465289368915531,0.014303168504906878
training,0.0,phihyd_surface,180,0.011289269476735411,0.009076990465402548,0.01450268543323091
training,0.0,phihyd_surface,190,0.011694456147485733,0.009609490103501013,0.014645135065599469
training,0.0,phihyd_surface,200,0.012100953806847827,0.010145830103229198,0.01477316866054879
training,0.0,phihyd_surface,210,0.012471167048800656,0.010618295810011284,0.014828631543774111
training,0.0,phihyd_surface,220,0.012875333958266417,0.010949116927478847,0.014837707749716683
training,0.0,phihyd_surface,230,0.013318427496644603,0.011222458651055598,0.0149298186385167
training,0.0,phihyd_surface,240,0.013734438403044108,0.011562253065442325,0.015377331789688083
training,0.0,phihyd_surface,250,0.014098157298019753,0.011967200232720675,0.015833757637009217
training,0.0,phihyd_surface,260,0.014487840169790597,0.012399916836737515,0.01659435343941724
training,0.0,phihyd_surface,270,0.01492829827308462,0.01285972497866718,0.017441749684281565
training,0.0,phihyd_surface,280,0.015342779901941023,0.013215122929364952,0.018192897642828932
training,0.0,phihyd_surface,290,0.01578224645382852,0.013308595722958083,0.018592992130364056
training,0.0,phihyd_surface,300,0.0162729936117505,0.013442474745648171,0.01887890809132001
training,0.0,phihyd_surface,310,0.016802924537143334,0.013704902387982557,0.019608200094957087
training,0.0,phihyd_surface,320,0.017316452750328944,0.014007222540810703,0.020448575783203984
training,0.0,phihyd_surface,330,0.017883485749029558,0.014299667542234525,0.021403052364821405
training,0.0,phihyd_surface,340,0.018488677455536194,0.014675621883764603,0.02228917911263639
training,0.0,phihyd_surface,350,0.019107300004566376,0.01501814571470756,0.023046546675517476
training,0.0,phihyd_surface,360,0.019736305231859805,0.01542159427690759,0.023962742206011273
training,0.0,phihyd_surface,370,0.020439685347495594,0.01593092578184078,0.025060740478919787
training,0.0,phihyd_surface,380,0.02115910024490291,0.016531134163648993,0.025781490279015672
training,0.0,phihyd_surface,390,0.021928987078523587,0.017153727331130676,0.0265785616760091
training,0.0,phihyd_surface,400,0.022801454726428284,0.017744731247822262,0.02772802947325768
training,0.0,phihyd_surface,410,0.023706575394950396,0.0184784215784435,0.028653669908571742
training,0.0,phihyd_surface,420,0.024563576770682046,0.019195962615763642,0.029457502967506453
training,0.0,phihyd_surface,430,0.025477701971499518,0.019829509572909628,0.03053552447972527
training,0.0,phihyd_surface,440,0.026496885803684433,0.02054786665371361,0.03175015440060023
training,0.0,phihyd_surface,450,0.027527267392434485,0.021464642286422683,0.03285579310317107
training,0.0,phihyd_surface,460,0.02853986128122596,0.022487473751929204,0.03386105912113654
training,0.0,phihyd_surface,470,0.029629022844700453,0.023519943679007404,0.035043609558910435
training,0.0,phihyd_surface,480,0.030798742435628534,0.02435138606995494,0.036317509012350514
training,0.0,phihyd_surface,490,0.03198430204344056,0.025132980145029078,0.037634119674600855
training,0.0,phihyd_surface,500,0.03325721790600636,0.026006140796342146,0.03902846386454437
training,0.0,phihyd_surface,510,0.03450404239526872,0.02657727969557264,0.040390635624797486
training,0.0,phihyd_surface,520,0.03581917161734031,0.02736331954097903,0.04233970399506871
training,0.0,phihyd_surface,530,0.037214415451132056,0.02834865732964731,0.04429071641423864
training,0.0,phihyd_surface,540,0.03865613588523263,0.029446214378207606,0.046226665190981356
training,0.0,phihyd_surface,550,0.0400648648598947,0.030584193465709484,0.04813476142467329
training,0.0,phihyd_surface,560,0.04161298201378384,0.031766205423870195,0.04978624718378567
training,0.0,phihyd_surface,570,0.04324101846589806,0.03291531558105878,0.05144056828563537
training,0.0,phihyd_surface,580,0.04481709063056765,0.034245550599705264,0.05299657680511884
training,0.0,phihyd_surface,590,0.04633978530034762,0.03566520690624919,0.054659934327651746
training,0.0,phihyd_surface,600,0.047983362305901334,0.037014536546094046,0.056426137949829105
training,0.0,phihyd_surface,610,0.04966812119707751,0.03833852915541987,0.058193266161266896
training,0.0,phihyd_surface,620,0.05130716027952017,0.03976892126412019,0.05982500513671755
training,0.0,phihyd_surface,630,0.05301309003077246,0.04132690157039865,0.06168531547280728
training,0.0,phihyd_surface,640,0.05482113302457744,0.042767041223938145,0.06361087293104825
training,0.0,phihyd_surface,650,0.05660824531354878,0.04405928952319,0.06537519691472432
training,0.0,phihyd_surface,660,0.05844230842822521,0.045577662492425064,0.06723667188611894
training,0.0,phihyd_surface,670,0.06051845817738295,0.047562037155015814,0.06939394496542194
training,0.0,phihyd_surface,680,0.062470205815189674,0.04908216331179577,0.07145162955996236
training,0.0,phihyd_surface,690,0.06442270292034276,0.05024275722946574,0.07382136648468257
training,0.0,phihyd_surface,700,0.06664647073188784,0.052107921228565744,0.0768582350986668
training,0.0,phihyd_surface,710,0.06901404663404978,0.054460969580671655,0.07997528490499772
training,0.0,phihyd_surface,720,0.0711812800688714,0.05661832763076485,0.08268672164557803
training,0.0,phihyd_surface,730,0.07362473029923551,0.058763157254688114,0.0858912570719692
training,0.0,phihyd_surface,740,0.0762486791745701,0.060948181057635296,0.08915312990467104
training,0.0,phihyd_surface,750,0.07883053333637542,0.06333584075547326,0.09214149806670136
training,0.0,phihyd_surface,760,0.08133198581002819,0.06575363091109097,0.09522528008385164
training,0.0,phihyd_surface,770,0.08412218084663514,0.06833087515834176,0.09876843708345141
training,0.0,phihyd_surface,780,0.08694339548680431,0.07088942148057675,0.10218830845964723
training,0.0,phihyd_surface,790,0.08969002604138333,0.07377075461735276,0.10537973747978496
training,0.0,phihyd_surface,800,0.0924674271439114,0.07638539503359701,0.10867659593830743
training,0.0,phihyd_surface,810,0.09545087217991137,0.0790602728625444,0.11226317421121888
training,0.0,phihyd_surface,820,0.09837922394043666,0.08127205272522933,0.11603909968367628
training,0.0,phihyd_surface,830,0.10133468128085261,0.08339095833896688,0.11982289938098081
training,0.0,phihyd_surface,840,0.10443030228362624,0.08557562448369947,0.12368321499602435
training,0.0,phihyd_surface,850,0.1076634075915707,0.08815492965246433,0.12760101972897256
training,0.0,phihyd_surface,860,0.11079477575199756,0.09063716685978658,0.13184528144781554
training,0.0,phihyd_surface,870,0.11407972164019387,0.09328194014514597,0.13657392780186908
training,0.0,phihyd_surface,880,0.11743048389362021,0.09580123743997407,0.14115787901536236
training,0.0,phihyd_surface,890,0.12086108733046945,0.09847918920141316,0.1454519605784918
training,0.0,phihyd_surface,900,0.12442549119007909,0.10119173377492224,0.1502062400991081
training,0.0,phihyd_surface,910,0.12808917102432432,0.10392276112293053,0.1550930077893034
training,0.0,phihyd_surface,920,0.13171600578983958,0.10653026732112499,0.15986413378192707
training,0.0,phihyd_surface,930,0.13546193059458694,0.10922227517026305,0.16503723789793978
training,0.0,phihyd_surface,940,0.13936026047320144,0.11228109567496462,0.17055863337445684
training,0.0,phihyd_surface,950,0.14336504177573256,0.11576108772850596,0.17616575729170386
training,0.0,phihyd_surface,960,0.14752108916678244,0.11918326013137416,0.18183462303077666
training,0.0,phihyd_surface,970,0.15174183918969683,0.12239132446393063,0.1877118964467507
training,0.0,phihyd_surface,980,0.15593336435769045,0.125793498044404,0.19365579558321602
training,0.0,phihyd_surface,990,0.16028483940346222,0.129196167123212,0.19987341718851404
training,0.0,phihyd_surface,1000,0.164763878009398,0.13241666555351536,0.20603819498103054
training,0.0,sst,0,1.1318835574183149e-09,1.0135182918150389e-09,1.2538028943845416e-09
training,0.0,sst,10,0.0027241909557113304,0.0021554252724045055,0.0031337797887671212
training,0.0,sst,20,0.003953527183725427,0.0031420017087234295,0.004959640944230483
training,0.0,sst,30,0.004869502023600068,0.0038078925619304126,0.006178239120342863
training,0.0,sst,40,0.0056398448847376475,0.004389088499941197,0.007194458741605688
training,0.0,sst,50,0.006395860047902273,0.004958134509325671,0.008001587638753973
training,0.0,sst,60,0.0070106139425958865,0.005538280689072228,0.008860016706165163
training,0.0,sst,70,0.007675823419619055,0.0061441000273590495,0.009615650995692147
training,0.0,sst,80,0.008230426595655387,0.006278251392535648,0.010149027969527992
training,0.0,sst,90,0.008887481435216496,0.006941446222755338,0.010865982074635632
training,0.0,sst,100,0.009479011845677444,0.007470692401319431,0.01171866689480687
training,0.0,sst,110,0.009998284422899167,0.00791025174228222,0.012253427403133198
training,0.0,sst,120,0.010483810479860366,0.00828129967591006,0.012654839130563646
training,0.0,sst,130,0.011020571834295695,0.008733826285773549,0.013121987755685679
training,0.0,sst,140,0.01160636151236448,0.009426971021399503,0.013790114785792371
training,0.0,sst,150,0.012247961577211228,0.009809800852688611,0.014294777858944506
training,0.0,sst,160,0.012996669022495178,0.010075256538076855,0.015251705968180608
training,0.0,sst,170,0.01364986026300873,0.01051102060620363,0.01614041193907416
training,0.0,sst,180,0.014381839929168094,0.01113650396530399,0.017840352631668974
training,0.0,sst,190,0.01525235773359887,0.012102089161320443,0.01934620029226441
training,0.0,sst,200,0.01614468295015306,0.012681726907324442,0.020355905183160265
training,0.0,sst,210,0.016901342980983627,0.01320973072191953,0.020992278158558107
training,0.0,sst,220,0.017730527434199617,0.013995121236294737,0.021898436461298867
training,0.0,sst,230,0.018565526709918234,0.014939577793835241,0.022635501139339168
training,0.0,sst,240,0.019482213089477066,0.01588762112833726,0.02382501920144054
training,0.0,sst,250,0.020358738709675785,0.016151626530360248,0.024981358554912132
training,0.0,sst,260,0.021499892196144614,0.016725948406140327,0.026467567829879742
training,0.0,sst,270,0.022606092019124717,0.017587378332628568,0.027677395934267036
training,0.0,sst,280,0.023713954760761994,0.01855779890859041,0.029054737715394265
training,0.0,sst,290,0.024876567305002054,0.019617799583775738,0.030561860221852585
training,0.0,sst,300,0.026107067168419828,0.020531198304755496,0.03236082421696251
training,0.0,sst,310,0.027399862569455573,0.02141387285772181,0.03412818651708461
training,0.0,sst,320,0.02882879788254413,0.022039739619643978,0.03597857762875289
training,0.0,sst,330,0.030370321985355365,0.02253954528587263,0.038033526480093775
training,0.0,sst,340,0.03199251107509622,0.02358871920322433,0.04041293223557997
training,0.0,sst,350,0.033707300904685586,0.02475398849934651,0.042757237234853494
training,0.0,sst,360,0.03563509686415179,0.02608401808789786,0.04532066689523987
training,0.0,sst,370,0.03762614060856676,0.02704024244903117,0.04829268535105667
training,0.0,sst,380,0.03970162853947349,0.02801687826686104,0.05149916551059262
training,0.0,sst,390,0.04188037293884474,0.029197028131796213,0.05493701482536596
training,0.0,sst,400,0.04419868740581161,0.030654037998024415,0.0581834946988478
training,0.0,sst,410,0.0466299598281252,0.03228150485936811,0.061108330294011096
training,0.0,sst,420,0.048987888496962215,0.03365993675150073,0.06432395867557558
training,0.0,sst,430,0.051518225443640056,0.03453842737088866,0.06807602239942916
training,0.0,sst,440,0.05406050426033332,0.03583973472002851,0.07185185823495893
training,0.0,sst,450,0.056597606864857895,0.037875874256659066,0.07573602370173
training,0.0,sst,460,0.05933025828763698,0.040070454757468454,0.08016058879107667
training,0.0,sst,470,0.06217348673186694,0.04208847292649513,0.08462821400935382
training,0.0,sst,480,0.06520004304500474,0.04412841178902793,0.08907407557906621
training,0.0,sst,490,0.06836904726957028,0.04599580973172359,0.09359214611334922
training,0.0,sst,500,0.07159889121063472,0.04751682810896438,0.09847975615366214
training,0.0,sst,510,0.07483634480802485,0.049052006139985484,0.10313430133758754
training,0.0,sst,520,0.07808809296490835,0.05052157653995376,0.1092775376582013
training,0.0,sst,530,0.08139449636381865,0.052313035397101866,0.11721637169212466
training,0.0,sst,540,0.08468334452868156,0.05433628609430494,0.12481290997968983
training,0.0,sst,550,0.08798732982553271,0.05642808336141932,0.13149577041833158
training,0.0,sst,560,0.09121207462567073,0.05855185027369281,0.1376037046659292
training,0.0,sst,570,0.09436676213994263,0.06017323960101858,0.14366697181281177
training,0.0,sst,580,0.09753668041568087,0.06225345506449032,0.14952252593273527
training,0.0,sst,590,0.10054310660540526,0.06451127439425133,0.1537125832973882
training,0.0,sst,600,0.10354029781335272,0.06697558134013935,0.1571759472510314
training,0.0,sst,610,0.1066278030139755,0.06935358790407833,0.1609606336861817
training,0.0,sst,620,0.10969294331687754,0.07174788354357838,0.16426004507401887
training,0.0,sst,630,0.11262016278080797,0.07422457836727897,0.16686424323996174
training,0.0,sst,640,0.11559094218487051,0.07617517762425015,0.17110333593580618
training,0.0,sst,650,0.11876068711712187,0.0784682912369917,0.17728433633391652
training,0.0,sst,660,0.12191738471377474,0.08141656212229205,0.1814632642140653
training,0.0,sst,670,0.124983536269243,0.08418860302467386,0.18339842209114657
training,0.0,sst,680,0.12792752269314014,0.08645376044648512,0.18481947338491383
training,0.0,sst,690,0.13064990965826637,0.08866970233854789,0.18670244539890898
training,0.0,sst,700,0.1332085267498825,0.0909449508752837,0.18904330536217873
training,0.0,sst,710,0.13575356022764745,0.09303423209069984,0.19166338523453402
training,0.0,sst,720,0.13823178962503682,0.0956175025657433,0.19322404271152113
training,0.0,sst,730,0.14061778596740607,0.09873587873240547,0.19358018162852458
training,0.0,sst,740,0.14301568944499768,0.10214078122866597,0.1938755625084066
training,0.0,sst,750,0.1454629640746846,0.1054491585378162,0.1948282532497492
training,0.0,sst,760,0.1481299698127369,0.10901288138600602,0.19584862237831102
training,0.0,sst,770,0.1507717872107585,0.11279318289384865,0.19666048750211318
training,0.0,sst,780,0.15343000215570785,0.11684403382039281,0.1973986933824125
training,0.0,sst,790,0.15604087233897873,0.11973613171119957,0.19775530619246756
training,0.0,sst,800,0.15885307403950016,0.12300069134350204,0.19943039184864775
training,0.0,sst,810,0.16197135012144248,0.12685048544555766,0.2047845639427165
training,0.0,sst,820,0.1652120765714143,0.130846501000699,0.2092707623135645
training,0.0,sst,830,0.16842896246682573,0.13462303046101734,0.21345394456560826
training,0.0,sst,840,0.17218713443999464,0.1384262904136671,0.21784374755858724
training,0.0,sst,850,0.17647438933589696,0.14296130871877702,0.22198801209463467
training,0.0,sst,860,0.18090586262116215,0.14753890808790454,0.22564526795112122
training,0.0,sst,870,0.1852882468130836,0.15146044329528008,0.22924023266353888
training,0.0,sst,880,0.1899670866784394,0.1550375477185076,0.23350251582202433
training,0.0,sst,890,0.19529748760983062,0.15917670468069384,0.23768559586206925
training,0.0,sst,900,0.20106381723886924,0.16336231787824096,0.24472043638425411
training,0.0,sst,910,0.2071289712238224,0.1674303296356915,0.25306790562985354
training,0.0,sst,920,0.21322981601951022,0.1714766907531238,0.262080725551398
training,0.0,sst,930,0.2196330790685035,0.1760780825176974,0.2724293550307283
training,0.0,sst,940,0.22668393350453084,0.1814392809233298,0.28406136862926656
training,0.0,sst,950,0.2338980528088553,0.18649953744563,0.2962842991378562
training,0.0,sst,960,0.24081082460946795,0.19093058076184102,0.30787975483040547
training,0.0,sst,970,0.24778394016162625,0.19535649852604997,0.31997549396804076
training,0.0,sst,980,0.2551143147725895,0.20091084962622138,0.3328210586243544
training,0.0,sst,990,0.26256239859824393,0.2065732406666359,0.34597899034475604
training,0.0,sst,1000,0.27000584724525306,0.21176680568326534,0.3567654971670064
training,0.25,surface_speed,0,1.213457367124317e-10,1.0134465186999056e-10,1.3964699126898203e-10
training,0.25,surface_speed,10,0.0010878588296063419,0.0009588384641325626,0.001232892017144772
training,0.25,surface_speed,20,0.00176319981104089,0.0016493250817244242,0.0018595542555276147
training,0.25,surface_speed,30,0.0022277913063185983,0.002055267699747682,0.0024644148374223652
training,0.25,surface_speed,40,0.0026647155124670256,0.0023214273040591204,0.0029634531378047355
training,0.25,surface_speed,50,0.002971146380989238,0.0026993054005556376,0.0032598477958270975
training,0.25,surface_speed,60,0.0031588893507125022,0.002925152969024979,0.003427106800389665
training,0.25,surface_speed,70,0.0033886747599706285,0.0030739790338936996,0.0037084510061220466
training,0.25,surface_speed,80,0.0036200479068465574,0.003207541604365365,0.004153542862373864
training,0.25,surface_speed,90,0.0037697696174815,0.003366734899254022,0.004069613140542625
training,0.25,surface_speed,100,0.003956324407316219,0.003474036514351897,0.004274523670306318
training,0.25,surface_speed,110,0.004181351577183333,0.0035332733879622543,0.004663134428983996
training,0.25,surface_speed,120,0.004310895846613503,0.003536629621483601,0.004898555868350329
training,0.25,surface_speed,130,0.004431669738506715,0.0037755001732308114,0.005062267259581549
training,0.25,surface_speed,140,0.004634099668419904,0.0038502761954105806,0.005601691255505942
training,0.25,surface_speed,150,0.004768377271971462,0.0038036701534738507,0.006255340067968438
training,0.25,surface_speed,160,0.0048948749611147195,0.004158184443095088,0.006816235880304722
training,0.25,surface_speed,170,0.005009066820817267,0.004208151779629078,0.006829357267458102
training,0.25,surface_speed,180,0.005200371317489657,0.00429159270191674,0.006882230041176424
training,0.25,surface_speed,190,0.005295747965218117,0.004512770433398153,0.007067509924180418
training,0.25,surface_speed,200,0.005312787877311721,0.004459712675584018,0.006942675075413374
training,0.25,surface_speed,210,0.00536601125246676,0.004578493961155878,0.006737417657968559
training,0.25,surface_speed,220,0.005448786145220071,0.004786862184730104,0.006670718754385728
training,0.25,surface_speed,230,0.005473349500680803,0.00475106123496273,0.006610527513029216
training,0.25,surface_speed,240,0.0054907275171052344,0.004975639904006499,0.006315624209664094
training,0.25,surface_speed,250,0.005603301868584362,0.004945596489424913,0.006250038013155717
training,0.25,surface_speed,260,0.005690422730074638,0.0051318895700710136,0.006429367281967933
training,0.25,surface_speed,270,0.005798049220860602,0.005330815831475006,0.006750754671960483
training,0.25,surface_speed,280,0.005934660053381438,0.005301276887059063,0.006784560698390631
training,0.25,surface_speed,290,0.005999507519541485,0.00532609193864853,0.006842466619843968
training,0.25,surface_speed,300,0.006044073502747615,0.005462552713992031,0.006852978724502543
training,0.25,surface_speed,310,0.006156082513676968,0.005559442966852313,0.00693868929595465
training,0.25,surface_speed,320,0.006260348205359959,0.005723311754212128,0.007023535821772726
training,0.25,surface_speed,330,0.006296184751723025,0.00574436010882506,0.0069486652380226525
training,0.25,surface_speed,340,0.006342954837775069,0.005920332061451231,0.006903213358227801
training,0.25,surface_speed,350,0.006520717842638279,0.006096683555148775,0.007042132993265874
training,0.25,surface_speed,360,0.006618311006262231,0.006193554856008712,0.0071636816947044345
training,0.25,surface_speed,370,0.0066737849564321465,0.006404995826110963,0.007035499786810592
training,0.25,surface_speed,380,0.00677804553574905,0.006512491919960677,0.007265856447621812
training,0.25,surface_speed,390,0.006964700815503789,0.0066502818158290355,0.007490866939347706
training,0.25,surface_speed,400,0.007052067514651704,0.006684826852731763,0.007507757771713382
training,0.25,surface_speed,410,0.007124694705904872,0.006750908471759592,0.007550443706094346
training,0.25,surface_speed,420,0.007280890355078018,0.006887663826399227,0.007812716962529886
training,0.25,surface_speed,430,0.007390067745870961,0.007056315585913773,0.007817901298155197
training,0.25,surface_speed,440,0.0074890534272024105,0.00720848896829931,0.008020168837790513
training,0.25,surface_speed,450,0.0076466535564406034,0.0072901354106302985,0.008240103480248954
training,0.25,surface_speed,460,0.007768746293332957,0.007326312440912235,0.008335475163917607
training,0.25,surface_speed,470,0.00785671128311322,0.007368928679131516,0.00819862559045778
training,0.25,surface_speed,480,0.008015374484303117,0.007548193296891013,0.008397883542619155
training,0.25,surface_speed,490,0.008190881281318453,0.007755350997020855,0.008666861821835186
training,0.25,surface_speed,500,0.008302816922071696,0.007859035446495176,0.008716564945168167
training,0.25,surface_speed,510,0.008425651408902345,0.007938948758936516,0.00879006778368199
training,0.25,surface_speed,520,0.008664781327692132,0.00805486990106606,0.00920818901105999
training,0.25,surface_speed,530,0.008866447521535759,0.008315850966738736,0.009761712815463643
training,0.25,surface_speed,540,0.009048787029001354,0.00842764912766277,0.010208483210295272
training,0.25,surface_speed,550,0.009221835037611233,0.008489712880765483,0.010304633822678683
training,0.25,surface_speed,560,0.009471895067322324,0.008735844555322237,0.010422540746322288
training,0.25,surface_speed,570,0.00960933162172803,0.00887861122907758,0.010613810065812421
training,0.25,surface_speed,580,0.009704899106474364,0.009030941419351539,0.010739989257500427
training,0.25,surface_speed,590,0.009836274569433992,0.00910169915555323,0.01106865482897319
training,0.25,surface_speed,600,0.009953843074471001,0.009226010760156179,0.011046537317670049
training,0.25,surface_speed,610,0.01003031836192234,0.009323837446544846,0.010862672907650117
training,0.25,surface_speed,620,0.010141521451984159,0.009523738644802576,0.010781612671329419
training,0.25,surface_speed,630,0.010256405289323612,0.00956908559915042,0.01091555310990823
training,0.25,surface_speed,640,0.010334470821984163,0.009734145539429563,0.010817760561520517
training,0.25,surface_speed,650,0.010450038475212423,0.009689415184971777,0.010954799500890747
training,0.25,surface_speed,660,0.010585603527157001,0.009870901670156368,0.01132964289974814
training,0.25,surface_speed,670,0.010659097397690841,0.009960569910868244,0.01138035938061981
training,0.25,surface_speed,680,0.010712213624884632,0.009953695734728311,0.011346497617395881
training,0.25,surface_speed,690,0.010839753619361995,0.010057837797994757,0.011510756250556926
training,0.25,surface_speed,700,0.010947848799891425,0.010115098053816074,0.011560623621061623
training,0.25,surface_speed,710,0.011028120104103575,0.010080442475858186,0.0116666295178089
training,0.25,surface_speed,720,0.01108606703253061,0.01008937359270816,0.01174910304870303
training,0.25,surface_speed,730,0.011260135938430149,0.01025144842884189,0.011964933325232128
training,0.25,surface_speed,740,0.011354698355320995,0.010290912941882478,0.012103525408547094
training,0.25,surface_speed,750,0.011431055750135902,0.010244747653180945,0.012330945432056947
training,0.25,surface_speed,760,0.011561043200853258,0.010422620201597956,0.012700783845258273
training,0.25,surface_speed,770,0.011727726248218176,0.010493222253743616,0.012965083504773496
training,0.25,surface_speed,780,0.011831415558512193,0.010635045096112985,0.013188108367991462
training,0.25,surface_speed,790,0.011955102426487297,0.010631555527792451,0.0135249095739842
training,0.25,surface_speed,800,0.012110666191491395,0.010552240440452824,0.013797086368114527
training,0.25,surface_speed,810,0.012214276277693187,0.010688330844756044,0.014015483155227534
training,0.25,surface_speed,820,0.012320587698818861,0.010757075454287904,0.014336558494591093
training,0.25,surface_speed,830,0.012484958177997895,0.010734053580573713,0.014694484538214219
training,0.25,surface_speed,840,0.012617580369631998,0.010775807098292171,0.014785495028430662
training,0.25,surface_speed,850,0.012711726833870868,0.010935666287449948,0.014873512494103737
training,0.25,surface_speed,860,0.012868269519192376,0.011029297306285659,0.015101300648701823
training,0.25,surface_speed,870,0.013047266902707225,0.011072533560062322,0.01526232653216832
training,0.25,surface_speed,880,0.013189905458443224,0.01136806553244895,0.01550430853232753
training,0.25,surface_speed,890,0.013281742622935938,0.011342381145255624,0.015718185579289497
training,0.25,surface_speed,900,0.013494763127662263,0.011469182183613301,0.015944184949617454
training,0.25,surface_speed,910,0.013655041628677447,0.011468508667223537,0.016077953058551198
training,0.25,surface_speed,920,0.013786242336263419,0.01153448767718211,0.016309958006455474
training,0.25,surface_speed,930,0.013940844210063374,0.011626920935425751,0.016624921954673588
training,0.25,surface_speed,940,0.014161142930565983,0.011675954155907055,0.016842024220409656
training,0.25,surface_speed,950,0.014299645565930852,0.011583384817867458,0.01703069730730711
training,0.25,surface_speed,960,0.01442842027500956,0.011674690938050084,0.017307530819776054
training,0.25,surface_speed,970,0.014599915961738449,0.011779705604508726,0.017685121452342772
training,0.25,surface_speed,980,0.014739396577686198,0.011752223212234127,0.01794882466410412
training,0.25,surface_speed,990,0.01484554466663986,0.01173083239952268,0.0182630861402103
training,0.25,surface_speed,1000,0.015011486505254476,0.0119106109570396,0.018694453285075616
training,0.25,phihyd_surface,0,1.4711145145663378e-09,1.1952336766238244e-09,1.8222471272909608e-09
training,0.25,phihyd_surface,10,0.008350720359509617,0.0063288315756279976,0.010447025095811056
training,0.25,phihyd_surface,20,0.013840504317609182,0.010570883133707508,0.017007418629821438
training,0.25,phihyd_surface,30,0.01756021350540923,0.013830171862025146,0.02165015591345534
training,0.25,phihyd_surface,40,0.020429651332388415,0.0156568639631646,0.025742361145180134
training,0.25,phihyd_surface,50,0.022825669474338936,0.01791651842991954,0.02893789310629975
training,0.25,phihyd_surface,60,0.02436692138376284,0.019677207004928504,0.029897659985221457
training,0.25,phihyd_surface,70,0.025383976106050525,0.020286599134180548,0.031907880076916195
training,0.25,phihyd_surface,80,0.026521028125736847,0.020589804718541316,0.034066766211390376
training,0.25,phihyd_surface,90,0.027455513542445707,0.023211799866879514,0.03389490536311968
training,0.25,phihyd_surface,100,0.02804076655108379,0.02390747951168243,0.034196883104458176
training,0.25,phihyd_surface,110,0.028373491496133357,0.022204079083773365,0.03527052449935393
training,0.25,phihyd_surface,120,0.02858293201577785,0.023598867672894368,0.0356797131945894
training,0.25,phihyd_surface,130,0.028981886419785507,0.02436317652080586,0.03528900705658146
training,0.25,phihyd_surface,140,0.029545717498822437,0.02511971631333203,0.03536618726618559
training,0.25,phihyd_surface,150,0.0297300680565099,0.024295178728049985,0.034966530928777696
training,0.25,phihyd_surface,160,0.029741649258684184,0.026500378309481907,0.032829657311407606
training,0.25,phihyd_surface,170,0.029894078360098424,0.02525598617621961,0.033321692681411726
training,0.25,phihyd_surface,180,0.030528826618750088,0.025727386194756886,0.035465088997757084
training,0.25,phihyd_surface,190,0.03074405903035446,0.02633798221450805,0.03528661547149104
training,0.25,phihyd_surface,200,0.0304833211353966,0.027057118225583883,0.034004187090134905
training,0.25,phihyd_surface,210,0.030749157931543796,0.02638159974045074,0.03618302208394824
training,0.25,phihyd_surface,220,0.03147832153018591,0.027002550973779887,0.037637080252745335
training,0.25,phihyd_surface,230,0.03159834612615174,0.02767709824167558,0.036304813893470664
training,0.25,phihyd_surface,240,0.031354269536543945,0.02735126644396988,0.03576609445430977
training,0.25,phihyd_surface,250,0.03178202557775225,0.02648061478830667,0.03829127851313882
training,0.25,phihyd_surface,260,0.032389266786120655,0.028844882103464965,0.038236496165243515
training,0.25,phihyd_surface,270,0.032844096175881625,0.029142724863995897,0.03758880296516638
training,0.25,phihyd_surface,280,0.0330278060486905,0.02814412995044384,0.037954964494153066
training,0.25,phihyd_surface,290,0.033242383790886496,0.02824120629592191,0.038722220406011
training,0.25,phihyd_surface,300,0.03376809033963168,0.029429270028410504,0.03915059656185981
training,0.25,phihyd_surface,310,0.03453444069345281,0.030932291934936053,0.03922988635643528
training,0.25,phihyd_surface,320,0.03504716117123146,0.029851662748238156,0.03898000453276226
training,0.25,phihyd_surface,330,0.03534335925458708,0.03196228996463136,0.038252170002707885
training,0.25,phihyd_surface,340,0.03579611113884845,0.03294432685316441,0.038308410269483666
training,0.25,phihyd_surface,350,0.03675565833964704,0.03241024430777587,0.040825740379623235
training,0.25,phihyd_surface,360,0.037428884427358367,0.03328995102208553,0.04137367348081055
training,0.25,phihyd_surface,370,0.037516375175489905,0.03414033521742842,0.04036787790564829
training,0.25,phihyd_surface,380,0.03807873715715927,0.03459602130607939,0.04205846393312849
training,0.25,phihyd_surface,390,0.03932813349372168,0.03500983047421108,0.04456361475291024
training,0.25,phihyd_surface,400,0.03994963771027814,0.03582741018220913,0.04433836956237474
training,0.25,phihyd_surface,410,0.040043668546728264,0.036662850574227815,0.043904464651998834
training,0.25,phihyd_surface,420,0.040860332628063954,0.0365994612527628,0.046831930119694776
training,0.25,phihyd_surface,430,0.04188527249914038,0.03751383884081908,0.048252249145851016
training,0.25,phihyd_surface,440,0.042572412564949466,0.03821825875557511,0.04775145252902168
training,0.25,phihyd_surface,450,0.043108203779476315,0.038026192082651046,0.04831413326790405
training,0.25,phihyd_surface,460,0.04381350331757536,0.03805972407338615,0.04979576945998377
training,0.25,phihyd_surface,470,0.04462508229063418,0.04080882716717766,0.05072553151101241
training,0.25,phihyd_surface,480,0.045598331173814066,0.0413517613575405,0.05112852332549987
training,0.25,phihyd_surface,490,0.046553521855651446,0.0404409702787893,0.05170816381176283
training,0.25,phihyd_surface,500,0.04727404819409576,0.04223916446017566,0.05150131290294897
training,0.25,phihyd_surface,510,0.04799511018921368,0.04500469428138235,0.051945273816278364
training,0.25,phihyd_surface,520,0.04917697772138248,0.0450449819337258,0.053917429856637354
training,0.25,phihyd_surface,530,0.05027864788525478,0.04459837164073129,0.05560268675840616
training,0.25,phihyd_surface,540,0.05084575256775196,0.04619918000757094,0.05555037992213446
training,0.25,phihyd_surface,550,0.05170434569845596,0.04778835255391024,0.05705988940585541
training,0.25,phihyd_surface,560,0.053229550610920974,0.04750063625750933,0.06004471613716853
training,0.25,phihyd_surface,570,0.05428204448674878,0.047720646039720226,0.06106580457327261
training,0.25,phihyd_surface,580,0.054776086087841715,0.04810745326483946,0.061820002380899054
training,0.25,phihyd_surface,590,0.05576092301079951,0.049666340747288366,0.06396349761382455
training,0.25,phihyd_surface,600,0.05694713383681579,0.04988641622408104,0.06533224861800585
training,0.25,phihyd_surface,610,0.05780894744683999,0.05088304532185146,0.06510368227236747
training,0.25,phihyd_surface,620,0.05863664295352947,0.05132033962278419,0.06560161965045928
training,0.25,phihyd_surface,630,0.059700849943274445,0.05146800132673022,0.06711997312385193
training,0.25,phihyd_surface,640,0.06076979995583083,0.05281758611285544,0.06824890905682425
training,0.25,phihyd_surface,650,0.06195689378181437,0.05462088400843045,0.06900707663338967
training,0.25,phihyd_surface,660,0.06325580591493539,0.05485484351131276,0.07105017003328934
training,0.25,phihyd_surface,670,0.064331921046871,0.055858727140156786,0.07344617847431023
training,0.25,phihyd_surface,680,0.06528715204758873,0.05806176979605754,0.07449583494095512
training,0.25,phihyd_surface,690,0.06662264079177864,0.058413901226435944,0.076297219266946
training,0.25,phihyd_surface,700,0.06806217630883438,0.058674843956176205,0.07898865864872698
training,0.25,phihyd_surface,710,0.06907128264829862,0.05999666645113973,0.08017708261368572
training,0.25,phihyd_surface,720,0.07020333817909571,0.06111578160500276,0.08146432580939679
training,0.25,phihyd_surface,730,0.07194182853862365,0.062072598473624827,0.08424542649220558
training,0.25,phihyd_surface,740,0.07341979916518099,0.06316216481984803,0.08681719850365287
training,0.25,phihyd_surface,750,0.07449805286838176,0.06415039145171932,0.08810892468977957
training,0.25,phihyd_surface,760,0.07601984856505087,0.06474696089186169,0.08980393030707695
training,0.25,phihyd_surface,770,0.07784077319981891,0.06638210095287006,0.09207223335854282
training,0.25,phihyd_surface,780,0.07936030234540772,0.06813455240842926,0.09401520834668345
training,0.25,phihyd_surface,790,0.08087563259897937,0.06883251024263594,0.09597316101714433
training,0.25,phihyd_surface,800,0.08268372313664557,0.0694650818206834,0.09819167812955008
training,0.25,phihyd_surface,810,0.0844862798131867,0.07116643026757247,0.09990967896281328
training,0.25,phihyd_surface,820,0.08634608475101757,0.0730096976681873,0.10162583474090618
training,0.25,phihyd_surface,830,0.08842824797841982,0.07405083801477351,0.10428091012518993
training,0.25,phihyd_surface,840,0.090451036584002,0.07522524551985024,0.10706343024258114
training,0.25,phihyd_surface,850,0.09236194990011057,0.0768501487716583,0.10892377609309771
training,0.25,phihyd_surface,860,0.09460722113046059,0.07855637422209197,0.11165618259907968
training,0.25,phihyd_surface,870,0.09707818878297625,0.07936099694258693,0.11545910338162589
training,0.25,phihyd_surface,880,0.09924022260910634,0.08144814165981272,0.11901244490486433
training,0.25,phihyd_surface,890,0.10145287066697746,0.0836292673387367,0.12199028413276143
training,0.25,phihyd_surface,900,0.10421933900004288,0.08460117656271077,0.1258673274014246
training,0.25,phihyd_surface,910,0.10693540065393721,0.08561486804627758,0.1301984196936817
training,0.25,phihyd_surface,920,0.10939795904454548,0.08732041301719641,0.13366551877372554
training,0.25,phihyd_surface,930,0.11222870823925721,0.08985654142691611,0.1375437895408519
training,0.25,phihyd_surface,940,0.11546665600907224,0.09192696605379226,0.1422901302025796
training,0.25,phihyd_surface,950,0.11852872413445478,0.09344132127163683,0.1467081509314043
training,0.25,phihyd_surface,960,0.1216098007350677,0.09624284300174697,0.15064256443864915
training,0.25,phihyd_surface,970,0.12499360141781331,0.09895468310494597,0.15516423155769987
training,0.25,phihyd_surface,980,0.12845412099355075,0.10087195155474722,0.15996861095499332
training,0.25,phihyd_surface,990,0.13204841806676862,0.10364692006577259,0.1645949689361358
training,0.25,phihyd_surface,1000,0.13598615485650503,0.10715193429041038,0.16942813547905206
training,0.25,sst,0,1.1318835574183149e-09,1.0135182918150389e-09,1.2538028943845416e-09
training,0.25,sst,10,0.01443646847553281,0.014016438766197665,0.015025413685554004
training,0.25,sst,20,0.024374395369198817,0.023795281132750267,0.02508685239071898
training,0.25,sst,30,0.03161145433078881,0.030542494572550694,0.03259674016412118
training,0.25,sst,40,0.037247985829954436,0.03629015441740496,0.038348891415306466
training,0.25,sst,50,0.041976374759028136,0.040792390755184774,0.043263186960189756
training,0.25,sst,60,0.04527558687890485,0.044040846100692796,0.047214692541937275
training,0.25,sst,70,0.04785057084765149,0.04667036058809618,0.049355212241709585
training,0.25,sst,80,0.05058137422090876,0.04826431280123374,0.05262484548484592
training,0.25,sst,90,0.05282187670079306,0.05093745252392852,0.0546130068321511
training,0.25,sst,100,0.05409363045171156,0.05251945338743069,0.05596311002447822
training,0.25,sst,110,0.05539082010873393,0.05340780592154802,0.05753305446341533
training,0.25,sst,120,0.056439963796548864,0.05367711995649172,0.05917477683061114
training,0.25,sst,130,0.057329751067252674,0.05545032477669324,0.05982628216254006
training,0.25,sst,140,0.0583595858836081,0.05591697798347629,0.06103301382684548
training,0.25,sst,150,0.05900452175244799,0.05687958776730984,0.06146895061717655
training,0.25,sst,160,0.05928947271065862,0.05728972110834376,0.061533783095392744
training,0.25,sst,170,0.05981735517443728,0.05782155230757421,0.06123660110377709
training,0.25,sst,180,0.060541512226339037,0.058723427657349045,0.062488786291949545
training,0.25,sst,190,0.060988126227143245,0.05812354253394687,0.06257482046169335
training,0.25,sst,200,0.06118034092522136,0.059701152590842986,0.06251169802089253
training,0.25,sst,210,0.061377404860604855,0.05820234709985938,0.06304793907742086
training,0.25,sst,220,0.06224081509723876,0.060706405634791724,0.06508794846830968
training,0.25,sst,230,0.06262526404631587,0.0602198472695216,0.06517403173424345
training,0.25,sst,240,0.06257335012197976,0.05999362135792873,0.0648045449943187
training,0.25,sst,250,0.06319045404805909,0.05883260497155728,0.06659346064705184
training,0.25,sst,260,0.06423515833803826,0.06016480111986563,0.06742773248663013
training,0.25,sst,270,0.06464712899735936,0.06241286508801095,0.06760080347267049
training,0.25,sst,280,0.065108297102582,0.06135940145619133,0.0685627379009197
training,0.25,sst,290,0.06574073226357569,0.0613468610751121,0.06985266932530888
training,0.25,sst,300,0.06648548993508753,0.06306990864684181,0.06974776463054959
training,0.25,sst,310,0.06732890470368989,0.06445374723356359,0.07070127275797745
training,0.25,sst,320,0.06803630702205468,0.06358708147181018,0.07231216589183458
training,0.25,sst,330,0.06854600226644471,0.06479766984886899,0.07190604000485747
training,0.25,sst,340,0.06924750438825662,0.06582788246047573,0.07204252063287082
training,0.25,sst,350,0.07009126731788107,0.06548547888262748,0.0744698161456567
training,0.25,sst,360,0.07091535788616049,0.06643637147745447,0.07544090283918409
training,0.25,sst,370,0.07152684013806279,0.06748845595893446,0.0758465149950824
training,0.25,sst,380,0.07180008872077084,0.06649724035841646,0.07616726882871393
training,0.25,sst,390,0.07295838393714542,0.06789265930065558,0.07882659203758009
training,0.25,sst,400,0.07399592393292885,0.06927491932969437,0.07995202911780928
training,0.25,sst,410,0.074230427411448,0.06950230284802592,0.0803101350341015
training,0.25,sst,420,0.0748668489394822,0.06888987552027837,0.0820606082311412
training,0.25,sst,430,0.07620242714842901,0.06937553789615472,0.08404747551667051
training,0.25,sst,440,0.07691421796431984,0.07149039959811745,0.08377524265454532
training,0.25,sst,450,0.07735108564883203,0.07085913981733877,0.08465902812693661
training,0.25,sst,460,0.07806706178288357,0.07042700381466481,0.0871540339402447
training,0.25,sst,470,0.07891583145747619,0.07180923695022251,0.08738967003069985
training,0.25,sst,480,0.07979744045963737,0.07294788748751235,0.08754426409698021
training,0.25,sst,490,0.08064414890303069,0.07280644151372502,0.0901397358374373
training,0.25,sst,500,0.08139111544330513,0.07343274986522362,0.09112783802674847
training,0.25,sst,510,0.0822657416612895,0.07477385382738333,0.09175727525478783
training,0.25,sst,520,0.08323397634747452,0.07452753018792979,0.0937807975535412
training,0.25,sst,530,0.08437692080250475,0.07575511285296571,0.09576116688513622
training,0.25,sst,540,0.08524165496420157,0.07692758384699289,0.09558914607455112
training,0.25,sst,550,0.08582651384801614,0.07750873636646596,0.09639950939884005
training,0.25,sst,560,0.08720955307417687,0.07801413697360235,0.09881759970616878
training,0.25,sst,570,0.08852504774676255,0.07986053836902327,0.10053675707698781
training,0.25,sst,580,0.08905690112913443,0.07988469583912226,0.10191511367187278
training,0.25,sst,590,0.08981952822180918,0.08038296226213971,0.10242455861241907
training,0.25,sst,600,0.09139468443850521,0.0811651609385577,0.10327907477587736
training,0.25,sst,610,0.09228518196846354,0.08294271296135461,0.10442940326437158
training,0.25,sst,620,0.09286871856019771,0.08316227714644965,0.10633735587705051
training,0.25,sst,630,0.09383384518629453,0.08272689756691656,0.10906680482154969
training,0.25,sst,640,0.09489105244217044,0.08462704775823075,0.11037628701897104
training,0.25,sst,650,0.09588136867062158,0.0849800234718787,0.11156337909985514
training,0.25,sst,660,0.09691350928553147,0.08570652800149027,0.11440037961987023
training,0.25,sst,670,0.09789636262946408,0.08656643327771023,0.11606590172774589
training,0.25,sst,680,0.09887313431599697,0.08843594233732535,0.11639713744455125
training,0.25,sst,690,0.09992392782151276,0.08971229440338209,0.11828502083061623
training,0.25,sst,700,0.10119833983156337,0.08967747122718617,0.12042778049613768
training,0.25,sst,710,0.10223047795924196,0.09061112541745944,0.12055267554164438
training,0.25,sst,720,0.10292626828097433,0.09082380427808921,0.1211529515125232
training,0.25,sst,730,0.10430053842782705,0.09145896988408286,0.12337860801685759
training,0.25,sst,740,0.10589227368276515,0.09330209580289053,0.12532892887755723
training,0.25,sst,750,0.10682553462861286,0.09442507321242657,0.12703779087912567
training,0.25,sst,760,0.10786061855712119,0.09478751774427312,0.127896256371254
training,0.25,sst,770,0.10973265755216102,0.09582681439421521,0.12904301996003067
training,0.25,sst,780,0.11109052061691334,0.0978436357251359,0.13048355024231398
training,0.25,sst,790,0.1121508554627207,0.09963690384353546,0.13238275877990102
training,0.25,sst,800,0.1136418530646782,0.10031628617741385,0.1353129507616863
training,0.25,sst,810,0.11527497656309045,0.10196047095341866,0.13722067792165804
training,0.25,sst,820,0.11683864456661457,0.10429151073173988,0.13843821343764304
training,0.25,sst,830,0.1186187363793797,0.10465662985430414,0.14105998313619797
training,0.25,sst,840,0.12051330150017055,0.10559074519757353,0.1424767762949888
training,0.25,sst,850,0.12234032084219826,0.10863441921227407,0.14425670433800436
training,0.25,sst,860,0.12434636397310336,0.11043075588427985,0.1466359023421591
training,0.25,sst,870,0.12669825160285883,0.11163571258469605,0.15008986861668705
training,0.25,sst,880,0.12893902682017674,0.11415247558963791,0.15269527459414045
training,0.25,sst,890,0.1309735056980666,0.11711808960179355,0.15450625821647435
training,0.25,sst,900,0.13360727212827914,0.11997602090508463,0.15778464299938486
training,0.25,sst,910,0.1366844710921266,0.12247208380383015,0.16115826140708694
training,0.25,sst,920,0.13935076669706387,0.12432140279282757,0.1643756104686014
training,0.25,sst,930,0.1420872351078986,0.12590975900108567,0.1669690517837081
training,0.25,sst,940,0.14563304700119079,0.12833167813420238,0.169772130298021
training,0.25,sst,950,0.14888154678585805,0.1301965451932304,0.17291981056579547
training,0.25,sst,960,0.15194514409745186,0.132379567963145,0.17641852722076315
training,0.25,sst,970,0.1554150486672024,0.13400085804545395,0.18092459703761166
training,0.25,sst,980,0.15912717627166123,0.13590297125185943,0.18499288280002438
training,0.25,sst,990,0.16283384952669527,0.13858084746318172,0.1882536906949402
training,0.25,sst,1000,0.16679958571286196,0.1419815765545632,0.1930158948776728
training,0.5,surface_speed,0,1.213457367124317e-10,1.0134465186999056e-10,1.3964699126898203e-10
training,0.5,surface_speed,10,0.0021029323340328665,0.001907219840175636,0.002312783795771629
training,0.5,surface_speed,20,0.0029978122825165755,0.002834236632810585,0.003157305667548613
training,0.5,surface_speed,30,0.003419983137111237,0.003166539876094743,0.0038064770303576534
training,0.5,surface_speed,40,0.0037459903784517975,0.0032659212343017835,0.004073325410346769
training,0.5,surface_speed,50,0.003914799041896094,0.003644629883221269,0.0042372570305076835
training,0.5,surface_speed,60,0.003992115626202156,0.003785890794454756,0.004328734443515819
training,0.5,surface_speed,70,0.004090277698179634,0.0037471375384982315,0.004421479280434934
training,0.5,surface_speed,80,0.004217170510844613,0.0037563447629243023,0.004738100400507327
training,0.5,surface_speed,90,0.004311912280960733,0.003870478982431125,0.004686294356563301
training,0.5,surface_speed,100,0.004480685677042462,0.003979056803292477,0.004789868821099929
training,0.5,surface_speed,110,0.004661792252581608,0.004137222852885466,0.005025999558676699
training,0.5,surface_speed,120,0.004765483148392759,0.0040349561952879465,0.0054295465335127595
training,0.5,surface_speed,130,0.004904431933029872,0.004308106266028191,0.005592590333294412
training,0.5,surface_speed,140,0.005124773394387484,0.004486139340617367,0.0061302947771848535
training,0.5,surface_speed,150,0.005260147080628044,0.004393523733152635,0.006759874900077442
training,0.5,surface_speed,160,0.005388324005934403,0.004641475188446282,0.007283644214325963
training,0.5,surface_speed,170,0.005534159746825354,0.004765309850145851,0.007318500154897498
training,0.5,surface_speed,180,0.005732508485113093,0.004950796170489409,0.007233731687357658
training,0.5,surface_speed,190,0.0058179373875856056,0.004981380160017987,0.007429876347246798
training,0.5,surface_speed,200,0.005856078191734891,0.005208604885715812,0.0074311503319647995
training,0.5,surface_speed,210,0.005923479919431259,0.005285787205227672,0.007273803610547727
training,0.5,surface_speed,220,0.005997257154226919,0.005310487658827029,0.007242652000799887
training,0.5,surface_speed,230,0.006020762339179845,0.005291379468687256,0.0071844039976074305
training,0.5,surface_speed,240,0.006056734924386901,0.0055936432485394995,0.006926939694604438
training,0.5,surface_speed,250,0.006158548681825929,0.00564271576489614,0.006882542667579394
training,0.5,surface_speed,260,0.0062313165205668195,0.005757380903371541,0.007023319099988111
training,0.5,surface_speed,270,0.0063470223363044555,0.0057728333342666445,0.0071660978546463005
training,0.5,surface_speed,280,0.006474578514657395,0.005885360498923209,0.007162402403651386
training,0.5,surface_speed,290,0.006521799438593029,0.0058529581264845825,0.007165416047475827
training,0.5,surface_speed,300,0.006573083998012473,0.006044086969342882,0.0071673225918637
training,0.5,surface_speed,310,0.006684032330180068,0.00608861046196036,0.007274517627354776
training,0.5,surface_speed,320,0.006766996872867717,0.006284755650366021,0.007346909662312375
training,0.5,surface_speed,330,0.0068065489554178125,0.006213355728227419,0.007331540606206019
training,0.5,surface_speed,340,0.006872277370573214,0.006456018413712759,0.007339005762831669
training,0.5,surface_speed,350,0.007032753087802074,0.006529743158152307,0.007382164533610179
training,0.5,surface_speed,360,0.007118892651911528,0.00661717222861712,0.00747846932621707
training,0.5,surface_speed,370,0.007188403664942553,0.0068594824601097065,0.007440147029364548
training,0.5,surface_speed,380,0.007290731698477988,0.007030472474906253,0.0076821113375236975
training,0.5,surface_speed,390,0.00745479928103782,0.007061884369321522,0.007868937299637058
training,0.5,surface_speed,400,0.007552159850344876,0.00724566226773734,0.007886223339951275
training,0.5,surface_speed,410,0.00763423985762438,0.007294393159827548,0.007963028743805294
training,0.5,surface_speed,420,0.007774590796628064,0.007493435872210937,0.00820401952022287
training,0.5,surface_speed,430,0.007879873665530657,0.007615403980400462,0.008267386523341155
training,0.5,surface_speed,440,0.007988482864492318,0.007639353361133634,0.008455094303960894
training,0.5,surface_speed,450,0.00814049386546525,0.007762352576071915,0.00865546617918449
training,0.5,surface_speed,460,0.008251519780813288,0.007789717099451672,0.008730354656013524
training,0.5,surface_speed,470,0.008344227609769005,0.007845955049771708,0.008644929764152005
training,0.5,surface_speed,480,0.008501847900857562,0.00795733783454384,0.008801456103997567
training,0.5,surface_speed,490,0.008666242251531859,0.00822600489104552,0.009027456503438953
training,0.5,surface_speed,500,0.00877679144210137,0.00825757100260029,0.009137458196999746
training,0.5,surface_speed,510,0.00890452055964142,0.00841482624371617,0.009268740019427697
training,0.5,surface_speed,520,0.009134561536570177,0.008758778155445283,0.009746131334329233
training,0.5,surface_speed,530,0.009327450789152569,0.008829392103552765,0.01028493779976441
training,0.5,surface_speed,540,0.009510408511057004,0.008886559195349416,0.010711980292413157
training,0.5,surface_speed,550,0.00968692228187491,0.009030671649624412,0.010810683310451177
training,0.5,surface_speed,560,0.009927586891442538,0.009122122135613425,0.010922347878511885
training,0.5,surface_speed,570,0.010066574025144569,0.009270430504713214,0.01106396740927176
training,0.5,surface_speed,580,0.010172683140983255,0.009476797315100286,0.011191523980499635
training,0.5,surface_speed,590,0.010307133054776624,0.009640953170867935,0.011518744724372788
training,0.5,surface_speed,600,0.010426616694753301,0.009689832126786925,0.011510517890081876
training,0.5,surface_speed,610,0.010517874244914138,0.009772761646919412,0.011366644147979572
training,0.5,surface_speed,620,0.010645467542132171,0.01001822244330685,0.0113110182897936
training,0.5,surface_speed,630,0.010768339652083393,0.010071032234232662,0.011284800095975673
training,0.5,surface_speed,640,0.01085814662408743,0.010315790999869375,0.011163479405613595
training,0.5,surface_speed,650,0.010993908466014607,0.010397028097333488,0.011375591792092691
training,0.5,surface_speed,660,0.01114500115757698,0.010572113461317928,0.01175564477161489
training,0.5,surface_speed,670,0.011228856572945936,0.010663660508177249,0.01182925225276506
training,0.5,surface_speed,680,0.011300663468770098,0.010682995088396064,0.011848117375463364
training,0.5,surface_speed,690,0.011447436630689579,0.010831543158705274,0.011999982564597849
training,0.5,surface_speed,700,0.011567744073912237,0.010921884429829876,0.012202990036761278
training,0.5,surface_speed,710,0.01166000164348063,0.010926700112376012,0.012297509234792127
training,0.5,surface_speed,720,0.01173750324956014,0.010965214119382557,0.01242093902217902
training,0.5,surface_speed,730,0.011920516021734235,0.011184583205439419,0.012682235207284301
training,0.5,surface_speed,740,0.012021778301394401,0.011275457859869832,0.012782126959627854
training,0.5,surface_speed,750,0.012111875121329437,0.01125963356271547,0.012861688542842335
training,0.5,surface_speed,760,0.012251134494248864,0.011504228323382366,0.013066510344859866
training,0.5,surface_speed,770,0.012417102818391154,0.011605681701168472,0.013205368268679792
training,0.5,surface_speed,780,0.012529442995702005,0.011544549298778862,0.01340978028165311
training,0.5,surface_speed,790,0.012673460992812562,0.011567130635941579,0.01366479070444476
training,0.5,surface_speed,800,0.012847640226547333,0.011697698655050649,0.014006792683868655
training,0.5,surface_speed,810,0.012968878475685666,0.011708392887726989,0.014192832879158481
training,0.5,surface_speed,820,0.013105351133642681,0.01183019611681589,0.014536230981928647
training,0.5,surface_speed,830,0.01329421245845733,0.011935477688001721,0.014880032069121207
training,0.5,surface_speed,840,0.013444916629766226,0.011984720065035877,0.014947325302902496
training,0.5,surface_speed,850,0.01357121459470392,0.011895006835397197,0.015014982443343606
training,0.5,surface_speed,860,0.013764085325354438,0.01198564960997373,0.01521487931319091
training,0.5,surface_speed,870,0.01396918974137296,0.012078875361143042,0.015341041653844692
training,0.5,surface_speed,880,0.014148912054794443,0.012044017756659146,0.015549278646109282
training,0.5,surface_speed,890,0.01429894313928882,0.012143434833725587,0.015800207988500445
training,0.5,surface_speed,900,0.014565102938898667,0.012139802735879938,0.01625023991426012
training,0.5,surface_speed,910,0.014777942765081153,0.012199927471797822,0.016460354119637265
training,0.5,surface_speed,920,0.014957823620664761,0.01224226902302747,0.01661386182163834
training,0.5,surface_speed,930,0.015134877331321206,0.01228043263305313,0.016812850217928506
training,0.5,surface_speed,940,0.015330084541342118,0.01246165593011588,0.01696967021806931
training,0.5,surface_speed,950,0.015468141788310293,0.012599160960127856,0.017066272695740955
training,0.5,surface_speed,960,0.01562802193742669,0.012651338565709732,0.01713281386188439
training,0.5,surface_speed,970,0.015831936487213212,0.012610484869238929,0.017357817872473265
training,0.5,surface_speed,980,0.01599503584491508,0.012734059714058993,0.01764783412130574
training,0.5,surface_speed,990,0.016134638710666636,0.012858579887820699,0.018038310601957576
training,0.5,surface_speed,1000,0.01632970209646169,0.012885513817960562,0.018567136090554208
training,0.5,phihyd_surface,0,1.4711145145663378e-09,1.1952336766238244e-09,1.8222471272909608e-09
training,0.5,phihyd_surface,10,0.016541112784312795,0.012605767965674555,0.02068027354643901
training,0.5,phihyd_surface,20,0.023905084567682554,0.018585883710704427,0.029138049421740163
training,0.5,phihyd_surface,30,0.027186654086572365,0.021659418770269327,0.033036699358879255
training,0.5,phihyd_surface,40,0.02907149878491528,0.02228925359342254,0.03636407066606365
training,0.5,phihyd_surface,50,0.03028433117850125,0.024575637857333778,0.03770052066950203
training,0.5,phihyd_surface,60,0.030410308115805605,0.02524416294606275,0.03622598728602898
training,0.5,phihyd_surface,70,0.029966285517745384,0.02420942050265504,0.036983060814167315
training,0.5,phihyd_surface,80,0.02998224917893121,0.023406405328557617,0.038409619346716606
training,0.5,phihyd_surface,90,0.030179548167874288,0.025980777305926312,0.03678231722539793
training,0.5,phihyd_surface,100,0.03018615462371958,0.026134137113684144,0.03602427001956985
training,0.5,phihyd_surface,110,0.029826117082267768,0.023696382271840462,0.0365705102775727
training,0.5,phihyd_surface,120,0.029602891626207377,0.02475286271815864,0.03685626863783478
training,0.5,phihyd_surface,130,0.029880577511927853,0.025364330715593974,0.036389800994020866
training,0.5,phihyd_surface,140,0.030323735378718814,0.02630549233993811,0.03586805469522274
training,0.5,phihyd_surface,150,0.03029913736869999,0.024954310789585304,0.035014262193928704
training,0.5,phihyd_surface,160,0.030228176542683026,0.02699693290452607,0.03325423818900128
training,0.5,phihyd_surface,170,0.030428750829586966,0.026143008308965526,0.03367902862368526
training,0.5,phihyd_surface,180,0.031086079351320732,0.02650794449129935,0.036207465321675264
training,0.5,phihyd_surface,190,0.03126134027923057,0.026842580300072773,0.03538963088167707
training,0.5,phihyd_surface,200,0.03099079289915784,0.027798198571104233,0.03427026423309625
training,0.5,phihyd_surface,210,0.03133012622113859,0.02711805654542098,0.03646506016062521
training,0.5,phihyd_surface,220,0.03212887729110918,0.027772233873570206,0.03800653583025501
training,0.5,phihyd_surface,230,0.032224312954124534,0.02826091318117645,0.03665288080530807
training,0.5,phihyd_surface,240,0.031956282480934274,0.028077710624297206,0.03603457374583522
training,0.5,phihyd_surface,250,0.032480139012578325,0.027261907227389033,0.038994101887611855
training,0.5,phihyd_surface,260,0.03315761790086173,0.02948957040373145,0.03890621555970938
training,0.5,phihyd_surface,270,0.03356536327025997,0.030009782636114656,0.03792290394089925
training,0.5,phihyd_surface,280,0.03376857425227902,0.02898532384244597,0.038434490484103655
training,0.5,phihyd_surface,290,0.0340735790867077,0.02920994534793937,0.03948614359931871
training,0.5,phihyd_surface,300,0.034613810521784874,0.030315489610654927,0.039742497027860355
training,0.5,phihyd_surface,310,0.035354179687781886,0.03170805877511499,0.03965530488764786
training,0.5,phihyd_surface,320,0.03589424000993936,0.03065636500073414,0.0396553032988857
training,0.5,phihyd_surface,330,0.03623455020840588,0.0330137047667044,0.03920132080568111
training,0.5,phihyd_surface,340,0.03670450455156894,0.033863994159526116,0.03935941295026139
training,0.5,phihyd_surface,350,0.03767550319865446,0.033203627319879706,0.0418717795330701
training,0.5,phihyd_surface,360,0.03833561750302325,0.03429545455171756,0.042069600900533646
training,0.5,phihyd_surface,370,0.038447662121129114,0.035291396421658794,0.041210082143267476
training,0.5,phihyd_surface,380,0.03905250903153427,0.03570383854310466,0.0432008910230092
training,0.5,phihyd_surface,390,0.040271620334832024,0.03608526529649165,0.04553331010030221
training,0.5,phihyd_surface,400,0.04085986490105491,0.036754599561583286,0.045153184989370855
training,0.5,phihyd_surface,410,0.0409799792315273,0.037481522155970094,0.0446864106144756
training,0.5,phihyd_surface,420,0.04182319700923789,0.0377463357252973,0.047575371740513184
training,0.5,phihyd_surface,430,0.04280984602975901,0.03829759778167053,0.04884177778268851
training,0.5,phihyd_surface,440,0.04345917416594821,0.03943360621389984,0.04829468321796919
training,0.5,phihyd_surface,450,0.044014794659906195,0.039271555417868684,0.04893299877760578
training,0.5,phihyd_surface,460,0.04472959949562605,0.039348677814478546,0.05037156797747824
training,0.5,phihyd_surface,470,0.045507825346756035,0.04205871990929256,0.05118041621902595
training,0.5,phihyd_surface,480,0.04645744079512358,0.04256316539988326,0.05158942707686148
training,0.5,phihyd_surface,490,0.047400070354288115,0.041680688713486146,0.052230026589378864
training,0.5,phihyd_surface,500,0.04809433212378616,0.04346369092860348,0.05202575578546627
training,0.5,phihyd_surface,510,0.04879735834412126,0.04604096537001451,0.05245823453156919
training,0.5,phihyd_surface,520,0.049959767903024345,0.046078999149953816,0.05440109380858484
training,0.5,phihyd_surface,530,0.051024869090196566,0.045633726826247376,0.056037752117970636
training,0.5,phihyd_surface,540,0.051573083247702864,0.04699250412081808,0.05596879720205171
training,0.5,phihyd_surface,550,0.052426766346046504,0.048425136029420085,0.05747884594231108
training,0.5,phihyd_surface,560,0.05392207694934189,0.048194252152443974,0.06044496664755628
training,0.5,phihyd_surface,570,0.05494662727725998,0.04852528016977552,0.061472901254184524
training,0.5,phihyd_surface,580,0.05544216710759879,0.04883926834811774,0.06227560904548911
training,0.5,phihyd_surface,590,0.05641626446215031,0.050279832707275915,0.06442839330704761
training,0.5,phihyd_surface,600,0.057564109028030205,0.05054111559900324,0.06574766048655713
training,0.5,phihyd_surface,610,0.05840341848633995,0.051550123270717424,0.06550563029893036
training,0.5,phihyd_surface,620,0.05922419520705484,0.051896726623243725,0.06632514234300896
training,0.5,phihyd_surface,630,0.060260931526233553,0.05193709557215218,0.06797752763586593
training,0.5,phihyd_surface,640,0.061304259491877,0.053320409872222876,0.06878748941356333
training,0.5,phihyd_surface,650,0.0624830141101641,0.05485416334414284,0.06978710307664888
training,0.5,phihyd_surface,660,0.06375336868564625,0.05520745151217385,0.07214407399941442
training,0.5,phihyd_surface,670,0.06479207803943549,0.05621557278250193,0.07450765484329348
training,0.5,phihyd_surface,680,0.06574281619951425,0.05777855098063139,0.07555305646348655
training,0.5,phihyd_surface,690,0.06706971952817609,0.05815300638127993,0.0773604796055848
training,0.5,phihyd_surface,700,0.06846496526279615,0.05799914762885775,0.08002601293032721
training,0.5,phihyd_surface,710,0.069451109153846,0.05892035232362668,0.08120727122157652
training,0.5,phihyd_surface,720,0.07058554787925993,0.059746378215281,0.08250132638311747
training,0.5,phihyd_surface,730,0.07229208463504716,0.06036012516715436,0.08524486528889808
training,0.5,phihyd_surface,740,0.07373462209156152,0.06108501860667979,0.08776934084070455
training,0.5,phihyd_surface,750,0.07480807533658707,0.06169628342454674,0.08905938610313488
training,0.5,phihyd_surface,760,0.0763015355046816,0.06352296228279913,0.09075066385377548
training,0.5,phihyd_surface,770,0.07807429010248992,0.06443110935371382,0.0929853580450885
training,0.5,phihyd_surface,780,0.07958485815802041,0.06510597334097398,0.0949166905719467
training,0.5,phihyd_surface,790,0.08109113574175852,0.06752899229530616,0.09688497185950916
training,0.5,phihyd_surface,800,0.0828457462637618,0.06833880321968723,0.09909027061375955
training,0.5,phihyd_surface,810,0.08462479776304463,0.07003816503244537,0.10079799537747802
training,0.5,phihyd_surface,820,0.08649096316014192,0.07198914379459294,0.10253729812358968
training,0.5,phihyd_surface,830,0.08852441940935528,0.07240332732763582,0.10520624617401853
training,0.5,phihyd_surface,840,0.09049973568788623,0.07341906565737331,0.1079796693960373
training,0.5,phihyd_surface,850,0.09243937299984542,0.07570629191531127,0.10986488282692512
training,0.5,phihyd_surface,860,0.09468943923400143,0.07648454926717584,0.11224830513441882
training,0.5,phihyd_surface,870,0.09710546073839252,0.0768848885142335,0.11540670500626805
training,0.5,phihyd_surface,880,0.09927231508452161,0.07878303171189441,0.11760911699837845
training,0.5,phihyd_surface,890,0.10153219557896913,0.08079968754893406,0.1198183489530845
training,0.5,phihyd_surface,900,0.1043007648587895,0.08144712048557594,0.12303145291041748
training,0.5,phihyd_surface,910,0.10702531890169578,0.08213551520487113,0.12622538470674963
training,0.5,phihyd_surface,920,0.10954809325442179,0.08350287911854758,0.1291318144203456
training,0.5,phihyd_surface,930,0.11240726363544944,0.08461623781459096,0.13269064432993385
training,0.5,phihyd_surface,940,0.1156795331199402,0.08617983395607529,0.1370936835131929
training,0.5,phihyd_surface,950,0.1188649959986879,0.08870028005623645,0.14116247329070025
training,0.5,phihyd_surface,960,0.12207526918548413,0.09001322223522885,0.14475468944771006
training,0.5,phihyd_surface,970,0.12557145982303247,0.09071468846184089,0.14890031078562263
training,0.5,phihyd_surface,980,0.12927089025354482,0.09282212049219492,0.15330483772361428
training,0.5,phihyd_surface,990,0.13318061373565032,0.0946361714014403,0.1575405805352684
training,0.5,phihyd_surface,1000,0.1373972834258355,0.09546746195778444,0.16308229941008098
training,0.5,sst,0,1.1318835574183149e-09,1.0135182918150389e-09,1.2538028943845416e-09
training,0.5,sst,10,0.028461289342611006,0.0277084661389822,0.02950646421717696
training,0.5,sst,20,0.041866274153427384,0.04089219355954708,0.04297960053309929
training,0.5,sst,30,0.0486308301699655,0.0470009920664847,0.050414073027338566
training,0.5,sst,40,0.05241913657477335,0.051020516362033135,0.05435446886204115
training,0.5,sst,50,0.05507370640547736,0.05305548337044848,0.05685503879228608
training,0.5,sst,60,0.05605795265305472,0.05442603350367532,0.05858845741502988
training,0.5,sst,70,0.056361778244424766,0.05517678687927745,0.05828382623842814
training,0.5,sst,80,0.057212939414526286,0.05431311580582931,0.059284904245240126
training,0.5,sst,90,0.05796930210512531,0.05574130774180278,0.059781773444242174
training,0.5,sst,100,0.058144001787641966,0.05643663344145624,0.05972426692340013
training,0.5,sst,110,0.05854323964875609,0.05624159514548045,0.06059077674551616
training,0.5,sst,120,0.05893078214804863,0.05579955810003848,0.06200759799810714
training,0.5,sst,130,0.059441474723221185,0.05723617776667525,0.06256930975055501
training,0.5,sst,140,0.06022357758673509,0.05807962791817177,0.06227027569075509
training,0.5,sst,150,0.06082049655699932,0.05809934474077254,0.06326762627027586
training,0.5,sst,160,0.061165621570441496,0.05883245249155963,0.06236758149061429
training,0.5,sst,170,0.061839507076478985,0.060711422492683007,0.0626496360119439
training,0.5,sst,180,0.0627966177359214,0.06022596262692095,0.0654627546894272
training,0.5,sst,190,0.06350605541588727,0.06067691379098649,0.06614447626741532
training,0.5,sst,200,0.06391125366990513,0.06150869269595808,0.06590269914894785
training,0.5,sst,210,0.06431334383917992,0.0606099843789773,0.0673256268953895
training,0.5,sst,220,0.06551392628512423,0.06301984425937933,0.06967898385194882
training,0.5,sst,230,0.06614611825189269,0.06259833982460872,0.0694392187729739
training,0.5,sst,240,0.06625324171182101,0.06259799082301837,0.06925635645574027
training,0.5,sst,250,0.06708761905737412,0.061815359071679746,0.07117994888610805
training,0.5,sst,260,0.0682535971985208,0.0630983879474317,0.0723865364766536
training,0.5,sst,270,0.06879593265750031,0.06530884784222941,0.07305414255788556
training,0.5,sst,280,0.06933970534948772,0.06460656378509373,0.07332659729249819
training,0.5,sst,290,0.07001783471049254,0.06448208832387183,0.07477073274324816
training,0.5,sst,300,0.0707523680854467,0.06636038343815556,0.07552267545722961
training,0.5,sst,310,0.071610954278446,0.067628259787609,0.07614491047921244
training,0.5,sst,320,0.07239447670970381,0.0668319804678404,0.07749057386457155
training,0.5,sst,330,0.07296220181412305,0.06806794216536252,0.0777494142048666
training,0.5,sst,340,0.07373877801364223,0.06846955733566713,0.07795154649816362
training,0.5,sst,350,0.07472403293997262,0.0680860190494168,0.08067003958179013
training,0.5,sst,360,0.07566706491725422,0.06971268741572662,0.08182477147075892
training,0.5,sst,370,0.07633270886363677,0.07066675868938205,0.0820947313208186
training,0.5,sst,380,0.07684916023661738,0.06964457523388705,0.08336325282020901
training,0.5,sst,390,0.07819615811920734,0.07071313669060729,0.08589619130945748
training,0.5,sst,400,0.07928357757373672,0.0731361723218963,0.08718474270573436
training,0.5,sst,410,0.0797040648395478,0.07297146472224607,0.08787925480310349
training,0.5,sst,420,0.0806020715428778,0.07224286682592189,0.08916928469586931
training,0.5,sst,430,0.08210018252102307,0.07358836680231669,0.0913289967444745
training,0.5,sst,440,0.08294478691216686,0.07571293066281398,0.09096155471362553
training,0.5,sst,450,0.08360328440688168,0.07524584102038129,0.09268136175429771
training,0.5,sst,460,0.08453838304386621,0.07573666305006212,0.09535722231220328
training,0.5,sst,470,0.08553036490878917,0.07723675824622038,0.09622993778678628
training,0.5,sst,480,0.08655884398898533,0.07776010042002719,0.09732748949214459
training,0.5,sst,490,0.08753861517960763,0.07713138237175278,0.10000482039665634
training,0.5,sst,500,0.08837915884702094,0.07862229666029479,0.10103178988644249
training,0.5,sst,510,0.08933846514328488,0.07879488732348221,0.10137566208934876
training,0.5,sst,520,0.09041370509973387,0.07886628669952472,0.10371527343183352
training,0.5,sst,530,0.0915856391159229,0.0811596488483358,0.10549518263097558
training,0.5,sst,540,0.092509250543693,0.08205601032844478,0.10536216523821876
training,0.5,sst,550,0.09318289206372601,0.08135521801711754,0.10623866283849778
training,0.5,sst,560,0.09456554918977352,0.0828214285632053,0.10850755482006633
training,0.5,sst,570,0.09589330400965417,0.08446605497760917,0.11013234483473316
training,0.5,sst,580,0.096505846049819,0.08539592391641097,0.11145441891073397
training,0.5,sst,590,0.09731836302164747,0.08530509465923818,0.11195512295962445
training,0.5,sst,600,0.09881785071534728,0.08630117611832669,0.11271874066789803
training,0.5,sst,610,0.0997309444884078,0.08807897571446478,0.11374740228923366
training,0.5,sst,620,0.10035869260520028,0.08758422441648013,0.11540247601723914
training,0.5,sst,630,0.1013028709899478,0.08826589887805875,0.11785596779256803
training,0.5,sst,640,0.10231062284363293,0.0904147859094958,0.11900925166825148
training,0.5,sst,650,0.10328650944952836,0.0909945957934504,0.12006385365974982
training,0.5,sst,660,0.10428086266643237,0.09187698621712019,0.1226933522988967
training,0.5,sst,670,0.10517070577360688,0.09281059186799813,0.1241861588546838
training,0.5,sst,680,0.10607297568517679,0.09287228104631959,0.12437883227372767
training,0.5,sst,690,0.10708158781546255,0.09350344719705102,0.12599172324061142
training,0.5,sst,700,0.10824256056937975,0.0949165638064093,0.12787162629557353
training,0.5,sst,710,0.10912388878789261,0.09684711390698739,0.12778802435703007
training,0.5,sst,720,0.10974213859790201,0.09744478121420931,0.1282962602866168
training,0.5,sst,730,0.11098398296528336,0.09846106375561346,0.1302929605965119
training,0.5,sst,740,0.11239920537301476,0.09948585562764507,0.13192503405067968
training,0.5,sst,750,0.11323100084064981,0.10135236701686944,0.13337405693910462
training,0.5,sst,760,0.11418110435962518,0.10202920154510416,0.13409367336060865
training,0.5,sst,770,0.11587565716874307,0.10359980340023209,0.13507246701526407
training,0.5,sst,780,0.1171801356147241,0.10481750422495813,0.13643278142786133
training,0.5,sst,790,0.11828211512830425,0.10508465903579224,0.13824474915498963
training,0.5,sst,800,0.11979363446225152,0.10573469328319599,0.14111767063910105
training,0.5,sst,810,0.12151560035334734,0.10722025114139996,0.1431004828851955
training,0.5,sst,820,0.1233024027717815,0.10968232698038757,0.14457897067635606
training,0.5,sst,830,0.12527234335205994,0.11099602616711188,0.14698883133122864
training,0.5,sst,840,0.12734811647769803,0.11190754894674719,0.14844532863084997
training,0.5,sst,850,0.12952634230344096,0.11468736306098049,0.15028459584344664
training,0.5,sst,860,0.13193696449243442,0.11722191388184255,0.15268378845947705
training,0.5,sst,870,0.13457183611722967,0.11811887762869465,0.15606167786493305
training,0.5,sst,880,0.13714307705623807,0.12022108551181569,0.15896863110347528
training,0.5,sst,890,0.13963387085973578,0.12339231227054571,0.16103421131306583
training,0.5,sst,900,0.14261211363191456,0.12469342691524639,0.16429629304108917
training,0.5,sst,910,0.1459564779041632,0.12603573265257112,0.16794129794325077
training,0.5,sst,920,0.1490313089714227,0.1290511756698462,0.1717260020801671
training,0.5,sst,930,0.1520971501175439,0.1320331545772578,0.1761321117057987
training,0.5,sst,940,0.15572930894835096,0.13488757638776241,0.17925338743912592
training,0.5,sst,950,0.15914673567259416,0.13694667880015335,0.18282366447597095
training,0.5,sst,960,0.16238861519626774,0.13877324410057384,0.1865892794939632
training,0.5,sst,970,0.16586071874141317,0.14057675285967017,0.19139512066389164
training,0.5,sst,980,0.16955508749864617,0.14276092972748877,0.1958740728791068
training,0.5,sst,990,0.17331133295860787,0.1456941648420806,0.1994732660046986
training,0.5,sst,1000,0.17713199904444474,0.14758136162893803,0.20411237771955837
training,0.75,surface_speed,0,1.213457367124317e-10,1.0134465186999056e-10,1.3964699126898203e-10
training,0.75,surface_speed,10,0.003114147841319725,0.0028615884754245964,0.003380223159744739
training,0.75,surface_speed,20,0.0037785172567057724,0.0035281965591226257,0.00399533701384343
training,0.75,surface_speed,30,0.003928547522418387,0.0036292660909715163,0.004380498587151221
training,0.75,surface_speed,40,0.004070164718092127,0.003593470069820553,0.004357802303279252
training,0.75,surface_speed,50,0.0041361058697471295,0.003870959306670026,0.004440112754057668
training,0.75,surface_speed,60,0.0041721287527649595,0.0038832246816241,0.00454693411044198
training,0.75,surface_speed,70,0.004261392546475772,0.003984119273554241,0.0045596965967915045
training,0.75,surface_speed,80,0.004396035472712464,0.003907060221096326,0.004838717005832953
training,0.75,surface_speed,90,0.004506451091147115,0.004099030272951734,0.004946858955693688
training,0.75,surface_speed,100,0.004693497194142991,0.004223724473278124,0.005070094595110006
training,0.75,surface_speed,110,0.004890295118302137,0.00435705317690206,0.005311096686903019
training,0.75,surface_speed,120,0.0050003670954962215,0.004296613995035828,0.005698418858943705
training,0.75,surface_speed,130,0.00514414215338652,0.00452106585682236,0.0058597326075349124
training,0.75,surface_speed,140,0.005365562341014307,0.004762417334281972,0.006389528726898451
training,0.75,surface_speed,150,0.005498296417947442,0.004683773017416472,0.007001250259263533
training,0.75,surface_speed,160,0.005620589527654798,0.004879480481701032,0.007501314240144011
training,0.75,surface_speed,170,0.005762774679756276,0.005107536966622797,0.007473584826422935
training,0.75,surface_speed,180,0.005954119321219601,0.005136956582081646,0.007363448186135988
training,0.75,surface_speed,190,0.006035119741949077,0.005240024828522535,0.0075570505718244325
training,0.75,surface_speed,200,0.006069967822997165,0.005429911264361313,0.007630831380688554
training,0.75,surface_speed,210,0.006133140145751599,0.0055218158652406155,0.007480809154080054
training,0.75,surface_speed,220,0.006200333614686959,0.005506026645224431,0.0074472726194466125
training,0.75,surface_speed,230,0.006220394893477039,0.005485952251066222,0.007392904754890642
training,0.75,surface_speed,240,0.006252134900065034,0.0058142602227623415,0.00714572061180457
training,0.75,surface_speed,250,0.0063457746629726215,0.005875270238001098,0.007097072433067397
training,0.75,surface_speed,260,0.006411363039355284,0.005881996627379203,0.0072232683450002624
training,0.75,surface_speed,270,0.006522165685571001,0.0058966689878582924,0.007268121198489968
training,0.75,surface_speed,280,0.006644736471240818,0.006065267675313501,0.007258621297842564
training,0.75,surface_speed,290,0.006684695717965242,0.006011773216887116,0.007210292804658803
training,0.75,surface_speed,300,0.006730437371546938,0.006185435686593048,0.007209981431140438
training,0.75,surface_speed,310,0.006837302350287555,0.006281009356459067,0.0073135289084565284
training,0.75,surface_speed,320,0.0069146305908268455,0.006419745324729085,0.00744738824379958
training,0.75,surface_speed,330,0.006949035768752399,0.006384085030428218,0.007512218656277434
training,0.75,surface_speed,340,0.0070120621635445645,0.0065861111373152785,0.007439676917588887
training,0.75,surface_speed,350,0.007167860621020027,0.006706358613238775,0.007414535144933617
training,0.75,surface_speed,360,0.0072487758272113565,0.006789787684699478,0.007505402972352544
training,0.75,surface_speed,370,0.0073136082823062306,0.006974274182639824,0.007518179596615145
training,0.75,surface_speed,380,0.007410931838188242,0.007135768166924295,0.007704409533875183
training,0.75,surface_speed,390,0.00756755482812025,0.007158610621502929,0.007965588262508276
training,0.75,surface_speed,400,0.007660700069166332,0.00734542187982149,0.007967723800394367
training,0.75,surface_speed,410,0.007739848769128667,0.007444467589687433,0.008052340641563734
training,0.75,surface_speed,420,0.007874675716049835,0.007617069908763502,0.00825625546807153
training,0.75,surface_speed,430,0.007974762180296668,0.0076114521824844645,0.008393172187957066
training,0.75,surface_speed,440,0.008081239066571589,0.007639057280858524,0.008472481301808788
training,0.75,surface_speed,450,0.008229821367644842,0.007828224198654836,0.008691838148217888
training,0.75,surface_speed,460,0.008334198905654181,0.007850203860181105,0.008863963872888694
training,0.75,surface_speed,470,0.008421478744031369,0.007989366715878512,0.008809514557006706
training,0.75,surface_speed,480,0.008575460850319384,0.008053061910382934,0.008866943337156572
training,0.75,surface_speed,490,0.008734500853956578,0.008264604725863788,0.009097973068898476
training,0.75,surface_speed,500,0.008839247631989625,0.008292975350680161,0.009247108484665704
training,0.75,surface_speed,510,0.008962643707442531,0.008449610076846862,0.009372048939139585
training,0.75,surface_speed,520,0.0091876287877048,0.008808832221504628,0.009847562569242631
training,0.75,surface_speed,530,0.00937509925225576,0.008839565797784592,0.010380782624532722
training,0.75,surface_speed,540,0.009555581006646708,0.008981078374984219,0.010719536859728332
training,0.75,surface_speed,550,0.009732723494444397,0.009072427474693332,0.01089623613325899
training,0.75,surface_speed,560,0.00997292148654638,0.009118773269989805,0.011007204485055462
training,0.75,surface_speed,570,0.010115289321371953,0.00926503898823905,0.011149579016395607
training,0.75,surface_speed,580,0.010228333814805831,0.009469212508601265,0.011192070161178557
training,0.75,surface_speed,590,0.010366984938944262,0.009651884004083346,0.011526832319101968
training,0.75,surface_speed,600,0.010488683809711942,0.009663995159471937,0.01152774863101186
training,0.75,surface_speed,610,0.010585172288244802,0.009805848580972562,0.011399947867778154
training,0.75,surface_speed,620,0.01071633703142377,0.01007252798726815,0.01135445311313805
training,0.75,surface_speed,630,0.010840007700199777,0.010122461925854547,0.011333766102152967
training,0.75,surface_speed,640,0.010935336811981068,0.010362010330735695,0.01122621273613804
training,0.75,surface_speed,650,0.011082223562085228,0.010570141597283509,0.011401298629785091
training,0.75,surface_speed,660,0.01124290587397415,0.010625514910505621,0.011731981787131933
training,0.75,surface_speed,670,0.011338010722229393,0.010888153147788994,0.011912389930179946
training,0.75,surface_speed,680,0.011425302669518992,0.010782853833955214,0.01198877131503763
training,0.75,surface_speed,690,0.011588636532144283,0.010947072262909962,0.012098692492508091
training,0.75,surface_speed,700,0.01172606307152414,0.011050029101383597,0.012379983686905292
training,0.75,surface_speed,710,0.01184208126372085,0.011070488298507462,0.012519336469870752
training,0.75,surface_speed,720,0.011945207585201859,0.011131538737031382,0.012656087022571077
training,0.75,surface_speed,730,0.012149705015377142,0.011366187973089288,0.012973659932841173
training,0.75,surface_speed,740,0.01227813021136066,0.011475087565136523,0.013230484493902532
training,0.75,surface_speed,750,0.012401149124532187,0.01148103647288223,0.013428234793049346
training,0.75,surface_speed,760,0.012567507531835945,0.01173098810760795,0.013700774602417297
training,0.75,surface_speed,770,0.012755792809895944,0.011837420138446306,0.014192709327115405
training,0.75,surface_speed,780,0.012899336557917468,0.011795524827890232,0.014417785344986552
training,0.75,surface_speed,790,0.013071861735683815,0.011833170279138848,0.014607929050016464
training,0.75,surface_speed,800,0.013266344242228483,0.011968125129463963,0.014911996584133285
training,0.75,surface_speed,810,0.013416335316635436,0.011987293539973685,0.015231822124977267
training,0.75,surface_speed,820,0.013583568696213466,0.012120300658527176,0.015573237444963313
training,0.75,surface_speed,830,0.013796953604184207,0.01223324081658704,0.01601750196164279
training,0.75,surface_speed,840,0.013972112289950928,0.012284489032989284,0.016468399661474568
training,0.75,surface_speed,850,0.014122893093098388,0.012201136110470667,0.01678922510647288
training,0.75,surface_speed,860,0.014330297742458076,0.012298340015747223,0.017107677950221587
training,0.75,surface_speed,870,0.014542160526365177,0.012388172495920608,0.01760451255861015
training,0.75,surface_speed,880,0.014736284052162462,0.012342523294452486,0.018001580837646594
training,0.75,surface_speed,890,0.014900261920495206,0.01240971208394225,0.018366705377797717
training,0.75,surface_speed,900,0.015166918019386666,0.01242053735886174,0.018826799636549613
training,0.75,surface_speed,910,0.01537754731945008,0.012496692823597833,0.019249759729834195
training,0.75,surface_speed,920,0.015554554763072135,0.012528913315722461,0.019482206801521355
training,0.75,surface_speed,930,0.015722405789780472,0.01258312501098206,0.019570739464823465
training,0.75,surface_speed,940,0.01590261440119418,0.012764223109190337,0.019486256969572853
training,0.75,surface_speed,950,0.016055031251258314,0.01291407305217618,0.01960816457469578
training,0.75,surface_speed,960,0.016247770062382295,0.012990944118794163,0.01997754997051772
training,0.75,surface_speed,970,0.016490128122063914,0.012971709847339972,0.020473288239837826
training,0.75,surface_speed,980,0.01670190951006046,0.013127134864228443,0.020721171177809097
training,0.75,surface_speed,990,0.01689887789376244,0.013302324232729867,0.020856975438345953
training,0.75,surface_speed,1000,0.017148359936322227,0.013371166998210351,0.02101068914410728
training,0.75,phihyd_surface,0,1.4711145145663378e-09,1.1952336766238244e-09,1.8222471272909608e-09
training,0.75,phihyd_surface,10,0.024787665122144132,0.018919369181088722,0.030995198631147303
training,0.75,phihyd_surface,20,0.030343078074878953,0.023931002819290316,0.036717259452638935
training,0.75,phihyd_surface,30,0.031191545666898475,0.02527262628450028,0.037680746076783955
training,0.75,phihyd_surface,40,0.031328624108009136,0.024084489346856832,0.039134097153473664
training,0.75,phihyd_surface,50,0.031456561072967244,0.025696320061023473,0.03908525987835076
training,0.75,phihyd_surface,60,0.030967502410538455,0.025794731714018113,0.03678332842996264
training,0.75,phihyd_surface,70,0.030183623888764617,0.024443707317343865,0.037111513749852734
training,0.75,phihyd_surface,80,0.030030818879947317,0.02348538903831773,0.03837748169463495
training,0.75,phihyd_surface,90,0.030160698971036216,0.026036927993321305,0.03662292447085351
training,0.75,phihyd_surface,100,0.030147804781768484,0.02621606903272136,0.035827615974494215
training,0.75,phihyd_surface,110,0.02978575411905357,0.023690165383257338,0.03640953743335766
training,0.75,phihyd_surface,120,0.029570552944782735,0.02480987973520844,0.03672476829459868
training,0.75,phihyd_surface,130,0.029866570201818043,0.025462313324397776,0.036291344489614616
training,0.75,phihyd_surface,140,0.030330484534727208,0.02637912946280977,0.03580558975237438
training,0.75,phihyd_surface,150,0.030318952982469265,0.025010988946354916,0.034998935200220065
training,0.75,phihyd_surface,160,0.03025986434971336,0.02703052913627459,0.03329624227461043
training,0.75,phihyd_surface,170,0.030478793310550534,0.02628525000463461,0.033777174417640575
training,0.75,phihyd_surface,180,0.03115031119034072,0.026561717119946985,0.036299832304465346
training,0.75,phihyd_surface,190,0.03133898934004007,0.026907863813988214,0.03553165492652644
training,0.75,phihyd_surface,200,0.031088211402776417,0.02785373105762116,0.0343911544309537
training,0.75,phihyd_surface,210,0.03144129485658251,0.027250930760116178,0.03669859816673225
training,0.75,phihyd_surface,220,0.03224151008485818,0.0278573476454947,0.03823027672025091
training,0.75,phihyd_surface,230,0.032343497882832216,0.028379925763990097,0.0368923172554989
training,0.75,phihyd_surface,240,0.03208784927979292,0.028178420291802425,0.03621072347739893
training,0.75,phihyd_surface,250,0.032615820412719695,0.027372362155512975,0.03913096497080153
training,0.75,phihyd_surface,260,0.033289910266978896,0.029539267981066583,0.03918582732584805
training,0.75,phihyd_surface,270,0.03370188054928703,0.030148825100094156,0.03804387471470388
training,0.75,phihyd_surface,280,0.03391379269273981,0.029096084600293205,0.03856644398907647
training,0.75,phihyd_surface,290,0.034222289139099436,0.029342170671049016,0.03959335511451656
training,0.75,phihyd_surface,300,0.034761745804607044,0.030499190911188898,0.03984284967070511
training,0.75,phihyd_surface,310,0.03550071049979525,0.03178100138155871,0.039784804985468554
training,0.75,phihyd_surface,320,0.03603791382321235,0.030787340807365157,0.0398103270505526
training,0.75,phihyd_surface,330,0.036376668332110576,0.0331230934388223,0.0393871550728978
training,0.75,phihyd_surface,340,0.036848477687097585,0.03400080685633934,0.03956313828807473
training,0.75,phihyd_surface,350,0.037816382350427516,0.03324964791957042,0.042071707096138444
training,0.75,phihyd_surface,360,0.0384727214325403,0.03439388570756602,0.0422156641193104
training,0.75,phihyd_surface,370,0.03858988359942308,0.035410668854936114,0.041394171897409425
training,0.75,phihyd_surface,380,0.03919618228650457,0.03581742366622443,0.043349166126090896
training,0.75,phihyd_surface,390,0.04040196551573019,0.03622350369637575,0.04561137209697945
training,0.75,phihyd_surface,400,0.04098208009605302,0.03691324816198011,0.04519336749420686
training,0.75,phihyd_surface,410,0.041106361931633494,0.037475033688620936,0.044775247245295344
training,0.75,phihyd_surface,420,0.04194517300219709,0.03787661638137395,0.047612684438117676
training,0.75,phihyd_surface,430,0.04291431447858197,0.038318960638437226,0.0488241952043577
training,0.75,phihyd_surface,440,0.043555909798781524,0.039636321455111236,0.04826663032027695
training,0.75,phihyd_surface,450,0.044111889464739026,0.03946011531230195,0.04890393842729518
training,0.75,phihyd_surface,460,0.04481762841182448,0.03954208906405955,0.05030220636902366
training,0.75,phihyd_surface,470,0.045582618076522134,0.042235745844274995,0.0510816039097577
training,0.75,phihyd_surface,480,0.04652234987165065,0.042722843888863354,0.05150085613491645
training,0.75,phihyd_surface,490,0.04745209172082913,0.04184284158158985,0.052147579955977796
training,0.75,phihyd_surface,500,0.048133256725822006,0.043604622312433255,0.05194363640420494
training,0.75,phihyd_surface,510,0.048830808231511834,0.04606197018314124,0.05238550549971358
training,0.75,phihyd_surface,520,0.049984040787407286,0.046151594388748725,0.05430828272663668
training,0.75,phihyd_surface,530,0.05103626572655769,0.04571526397937471,0.055906389172664904
training,0.75,phihyd_surface,540,0.051583174656221295,0.04695283351748692,0.05582845605182654
training,0.75,phihyd_surface,550,0.052438113884310945,0.048489052365583145,0.05734960899794597
training,0.75,phihyd_surface,560,0.053925076598833145,0.0482913812285075,0.060307545282295066
training,0.75,phihyd_surface,570,0.05495137527495764,0.0484490552200126,0.061329100143757344
training,0.75,phihyd_surface,580,0.05546184064378813,0.048993671254854876,0.06214396049484814
training,0.75,phihyd_surface,590,0.056439394562205605,0.05015789143018163,0.0642907430226059
training,0.75,phihyd_surface,600,0.057583999248699724,0.05067199458127583,0.06558886499429328
training,0.75,phihyd_surface,610,0.058434439472005884,0.051549629643965526,0.06535428729814584
training,0.75,phihyd_surface,620,0.059264719448746596,0.05181926165084927,0.06647872482445047
training,0.75,phihyd_surface,630,0.060299964440362064,0.05181378726197831,0.0681437273156091
training,0.75,phihyd_surface,640,0.06135024026784645,0.05318783252826428,0.06896548439405886
training,0.75,phihyd_surface,650,0.06253433302657925,0.054673475638962715,0.06997038423341707
training,0.75,phihyd_surface,660,0.06379223521012263,0.054933514816280254,0.07231725297908644
training,0.75,phihyd_surface,670,0.06482365535579701,0.055900976926859955,0.07466099681681126
training,0.75,phihyd_surface,680,0.06577778803233213,0.057435758002307824,0.07569213448897763
training,0.75,phihyd_surface,690,0.06708562311940267,0.05774468720679923,0.07748473733447041
training,0.75,phihyd_surface,700,0.06844792127228641,0.058287108935423465,0.08012152528745481
training,0.75,phihyd_surface,710,0.06941484932318326,0.05900178279070456,0.08127458366819403
training,0.75,phihyd_surface,720,0.07051901172598919,0.059890327518764705,0.08253433378986848
training,0.75,phihyd_surface,730,0.07217058563265885,0.06045130644762246,0.08522948705995874
training,0.75,phihyd_surface,740,0.0735654008766177,0.06059744124180085,0.08770962118566188
training,0.75,phihyd_surface,750,0.07458976661330732,0.06200201818414021,0.0889645030765071
training,0.75,phihyd_surface,760,0.07600212437965183,0.0641320799195009,0.09060779172557294
training,0.75,phihyd_surface,770,0.0776906901563611,0.06505195756329259,0.09278801445729301
training,0.75,phihyd_surface,780,0.07913040969322518,0.0657913618956696,0.09467506302488857
training,0.75,phihyd_surface,790,0.0805411772233233,0.06680623017452177,0.09659977160310568
training,0.75,phihyd_surface,800,0.08218196630481589,0.06706156362092516,0.09875532329581556
training,0.75,phihyd_surface,810,0.08386652775487397,0.06874113268870145,0.1004160784702915
training,0.75,phihyd_surface,820,0.08563541098062208,0.0705606046649444,0.10211166785938329
training,0.75,phihyd_surface,830,0.0875438877326085,0.07081692948736533,0.10473275659634464
training,0.75,phihyd_surface,840,0.08940940081009126,0.07168198375169844,0.1074577781570092
training,0.75,phihyd_surface,850,0.09126616268766949,0.0738709388637006,0.10930271689362614
training,0.75,phihyd_surface,860,0.09341993215120621,0.0744916534832545,0.11164601383501283
training,0.75,phihyd_surface,870,0.0957431904382388,0.07475195229332124,0.11476264454858263
training,0.75,phihyd_surface,880,0.09785364069645806,0.07658475614871874,0.11693367691780576
training,0.75,phihyd_surface,890,0.10006367879573826,0.07850498492989763,0.11911210109047098
training,0.75,phihyd_surface,900,0.10278769216028671,0.07900020567634325,0.12230181252546822
training,0.75,phihyd_surface,910,0.1055103512493976,0.07958908629638878,0.12550093125805276
training,0.75,phihyd_surface,920,0.10805549228366562,0.0809027892130432,0.1279162647172845
training,0.75,phihyd_surface,930,0.11092982294645529,0.08193825553674905,0.13066098908019086
training,0.75,phihyd_surface,940,0.11425306557977488,0.08296442944466641,0.13395750657358863
training,0.75,phihyd_surface,950,0.11753208161600981,0.08530468506060565,0.13709991553557602
training,0.75,phihyd_surface,960,0.12081453089975729,0.08649500361149043,0.14164634828761505
training,0.75,phihyd_surface,970,0.1243884199827792,0.08706384244657904,0.14733954548247546
training,0.75,phihyd_surface,980,0.12823617340284874,0.0891128343597987,0.15324342598551904
training,0.75,phihyd_surface,990,0.1323035074162489,0.09088893179076243,0.15940504634596972
training,0.75,phihyd_surface,1000,0.13662152879743675,0.09165883351106237,0.16601582700934234
training,0.75,sst,0,1.1318835574183149e-09,1.0135182918150389e-09,1.2538028943845416e-09
training,0.75,sst,10,0.0425731934187347,0.04125357961334986,0.04408667740168127
training,0.75,sst,20,0.05291025471322856,0.05152618149154866,0.054280270713928755
training,0.75,sst,30,0.055588119795601264,0.0538148710438285,0.05741009410178089
training,0.75,sst,40,0.05656451246017402,0.055024115846734625,0.05860243516344638
training,0.75,sst,50,0.057609073660052836,0.0553539670153025,0.05943309237601125
training,0.75,sst,60,0.05772992760179635,0.05586349379601791,0.06021191181458255
training,0.75,sst,70,0.057589737786735415,0.05623658966064014,0.059625093760575426
training,0.75,sst,80,0.058236114034856165,0.05514071924827954,0.060210329401415054
training,0.75,sst,90,0.05893384102931176,0.0564828915411993,0.060574067329537164
training,0.75,sst,100,0.059115823460656435,0.057668886896050396,0.06060257247128352
training,0.75,sst,110,0.05954726865896558,0.05699920481503774,0.061605605933340045
training,0.75,sst,120,0.05998558044858866,0.05680581788834369,0.06335673371484306
training,0.75,sst,130,0.06055029858606018,0.058276428843356896,0.06397589357506298
training,0.75,sst,140,0.06138069002878978,0.05912090338088341,0.06376798773676487
training,0.75,sst,150,0.062033520370373185,0.05909605246869034,0.06464918225649827
training,0.75,sst,160,0.062436786418901644,0.06011955385538467,0.06406497156681473
training,0.75,sst,170,0.06316785383062642,0.06183003737701435,0.0644219098359144
training,0.75,sst,180,0.06417831338192695,0.061200514611512005,0.06722687658063499
training,0.75,sst,190,0.06494978997904473,0.06212712614707657,0.06780220164869072
training,0.75,sst,200,0.06542324089861262,0.06251316504106011,0.06783132697109809
training,0.75,sst,210,0.06589325471065105,0.06198760648835395,0.06925133453997552
training,0.75,sst,220,0.06714427901096588,0.06411530869784564,0.07166850453317336
training,0.75,sst,230,0.06784483662336696,0.06377912488109717,0.07146317711476596
training,0.75,sst,240,0.06802993361722505,0.06382726690151351,0.07146019370909183
training,0.75,sst,250,0.06893105991925562,0.06315421871245609,0.07336346348808906
training,0.75,sst,260,0.07015229585512237,0.06449958520752003,0.07463296707562533
training,0.75,sst,270,0.07076801048400774,0.06673809427185401,0.07541676146323419
training,0.75,sst,280,0.07138686579432939,0.06612146746786755,0.07574231304899853
training,0.75,sst,290,0.07214042229279366,0.0660819013950417,0.07723798557060793
training,0.75,sst,300,0.07295115269530178,0.06808396364682759,0.07826221876572832
training,0.75,sst,310,0.07388524488165235,0.06922506357896725,0.07900324675031142
training,0.75,sst,320,0.07474563346340843,0.06851487305143625,0.08057573183842391
training,0.75,sst,330,0.07539716294743609,0.06985962810842303,0.08097409350133003
training,0.75,sst,340,0.07625949298980021,0.07004551428748941,0.08131933130505499
training,0.75,sst,350,0.07732057218142518,0.07003118933354309,0.08408449438631202
training,0.75,sst,360,0.07834125311996858,0.07161804381352342,0.08537948879200008
training,0.75,sst,370,0.07909332860855425,0.07232736941124598,0.08547314810568807
training,0.75,sst,380,0.07969842606083165,0.07188009985425466,0.08683173995994445
training,0.75,sst,390,0.08109750299814786,0.07243793665123649,0.08937991216439754
training,0.75,sst,400,0.08224650894958768,0.07487269094419663,0.09088942463017614
training,0.75,sst,410,0.08274488496636799,0.0747763738724497,0.09182266813258867
training,0.75,sst,420,0.0837076834617089,0.0741990647281403,0.092811659191878
training,0.75,sst,430,0.0852386066112111,0.07596243309890607,0.09493719071229854
training,0.75,sst,440,0.08613578989511075,0.07796508845768496,0.09500673175637299
training,0.75,sst,450,0.0868486686664794,0.07713703029585411,0.09718181400493334
training,0.75,sst,460,0.08782461961659643,0.07765641366782418,0.09982904047435136
training,0.75,sst,470,0.08884932801801884,0.07964581178116031,0.10072190721047049
training,0.75,sst,480,0.08990992005837166,0.08028160357300859,0.1018424029318685
training,0.75,sst,490,0.09091238441533109,0.07970334772339352,0.1044570182921607
training,0.75,sst,500,0.09177237874547306,0.08103435016739191,0.10544768197402236
training,0.75,sst,510,0.09275945423916666,0.08139922629030591,0.10577366981943326
training,0.75,sst,520,0.09385578993737997,0.08151712469613427,0.10799141596912169
training,0.75,sst,530,0.09503446750825392,0.08378300578781024,0.10965625792842745
training,0.75,sst,540,0.09596901014722961,0.08468489417755728,0.10946691288267807
training,0.75,sst,550,0.0966717441861311,0.08404442149361148,0.11030029017820776
training,0.75,sst,560,0.09804598429869589,0.08556993853173257,0.11245510205766637
training,0.75,sst,570,0.09935779311368395,0.0872075494693551,0.11397130046940084
training,0.75,sst,580,0.09998031368546115,0.08785647058800015,0.11521476774370396
training,0.75,sst,590,0.10079437862124896,0.08803546687777518,0.11567782755751278
training,0.75,sst,600,0.10224889290882462,0.08895865604850785,0.11638640886053125
training,0.75,sst,610,0.10314363934225175,0.09091318011856062,0.11737182498973192
training,0.75,sst,620,0.10376842047736685,0.0904220456970819,0.11893714792369633
training,0.75,sst,630,0.10468376099518643,0.0901536125034529,0.12126249717197363
training,0.75,sst,640,0.10565162842378746,0.09241442257745447,0.12231355910808517
training,0.75,sst,650,0.10660882581776847,0.09322243780220467,0.12331771341484744
training,0.75,sst,660,0.10757423443241039,0.09412962678490791,0.12583566096474566
training,0.75,sst,670,0.10842514818911561,0.09430526094503872,0.1271898305147649
training,0.75,sst,680,0.10932454778637776,0.09461252785262288,0.1272930122507489
training,0.75,sst,690,0.11034929841073074,0.09573245476572985,0.12878239645805617
training,0.75,sst,700,0.11149783801048097,0.09649532458242858,0.1305031629383475
training,0.75,sst,710,0.11238608293488639,0.09788769609820759,0.13031678364159482
training,0.75,sst,720,0.11307927502507242,0.09833361618447993,0.13083366548196815
training,0.75,sst,730,0.11437722332022442,0.09925790528449986,0.13276732497742857
training,0.75,sst,740,0.11583763907439246,0.10166690154229609,0.1342998269623084
training,0.75,sst,750,0.11679557946814978,0.10256902902148092,0.13577066495089582
training,0.75,sst,760,0.11790324438154247,0.10270697837040146,0.1366010419304434
training,0.75,sst,770,0.11971440617586013,0.10487622918228989,0.13770505558041662
training,0.75,sst,780,0.12120488678979172,0.10699746489499812,0.1393029208044352
training,0.75,sst,790,0.12254021130930885,0.10735247079916738,0.141376054235687
training,0.75,sst,800,0.12424714184130345,0.10862752212126185,0.14402490677575702
training,0.75,sst,810,0.12615218855381077,0.11113949778719866,0.14594438150971775
training,0.75,sst,820,0.12814836124437662,0.11281692294338773,0.14788107337240014
training,0.75,sst,830,0.1302665257657372,0.11468685224849502,0.14941919257785496
training,0.75,sst,840,0.1324331865244609,0.11575652516473531,0.15085998443215912
training,0.75,sst,850,0.13469546988716832,0.11667675204151494,0.15268918869026196
training,0.75,sst,860,0.1371414700723077,0.11819974252456127,0.1550982920366349
training,0.75,sst,870,0.1396938771013136,0.12020849769090404,0.15837659201410795
training,0.75,sst,880,0.14213077856122763,0.12274605161477224,0.16112864455253195
training,0.75,sst,890,0.14444664570283455,0.12422597747595893,0.16312297762380118
training,0.75,sst,900,0.14711631984746448,0.12596529202404483,0.16687063797184096
training,0.75,sst,910,0.150068699659147,0.1288830526121491,0.17294202742792258
training,0.75,sst,920,0.1527604860283432,0.13077737672163375,0.17852633984809202
training,0.75,sst,930,0.15534158022532574,0.13180946266994328,0.18266220006942005
training,0.75,sst,940,0.1584217765709539,0.1343025012293574,0.18585621667403815
training,0.75,sst,950,0.1614014060547412,0.13721125874977128,0.18956486033211942
training,0.75,sst,960,0.16422480595203276,0.1386865368367987,0.19347631416096053
training,0.75,sst,970,0.16724154083178905,0.14075430290573832,0.19849422008614698
training,0.75,sst,980,0.17056871050970263,0.14155822307913019,0.20332961868601093
training,0.75,sst,990,0.17410009569122126,0.14327744029423864,0.2074214328162029
training,0.75,sst,1000,0.1776581903630775,0.14341421628490075,0.2125182498034665
training,1.0,surface_speed,0,1.213457367124317e-10,1.0134465186999056e-10,1.3964699126898203e-10
training,1.0,surface_speed,10,0.004107918770740479,0.0038036241852367077,0.004422783167454125
training,1.0,surface_speed,20,0.004065298625648295,0.003768562717732384,0.0043072380049929354
training,1.0,surface_speed,30,0.0040236638250214455,0.0036933227095829356,0.004494619861930902
training,1.0,surface_speed,40,0.004126815762309359,0.003679454544033457,0.004430071264479772
training,1.0,surface_speed,50,0.004194378831335793,0.003952240321401624,0.0044796710704000054
training,1.0,surface_speed,60,0.004244382883332061,0.003920004128263246,0.0046070352652704425
training,1.0,surface_speed,70,0.004351957721555441,0.004072360810254246,0.004687642900398084
training,1.0,surface_speed,80,0.004502564569890412,0.004000080584409698,0.0048957317108799395
training,1.0,surface_speed,90,0.004626477855993013,0.004238453042299794,0.0050988264100229
training,1.0,surface_speed,100,0.004825636943920365,0.004373455148547214,0.005232946320236505
training,1.0,surface_speed,110,0.005032203665283565,0.004493399774818411,0.005478675138377179
training,1.0,surface_speed,120,0.005146606137999878,0.004469429801026144,0.005857595774802474
training,1.0,surface_speed,130,0.005291389773807891,0.004652963066110898,0.0060159114212499825
training,1.0,surface_speed,140,0.005510676478304392,0.004926227498427955,0.006538232218138524
training,1.0,surface_speed,150,0.005640239062063198,0.0048542790739814065,0.007137758839624288
training,1.0,surface_speed,160,0.005758415927329781,0.005034199250726434,0.007623630875767378
training,1.0,surface_speed,170,0.005896761247788136,0.005255433322906035,0.007541535076053522
training,1.0,surface_speed,180,0.006082751769280613,0.005277743855204277,0.007427475254787643
training,1.0,surface_speed,190,0.0061609780746617855,0.005377104659238801,0.007629118615243902
training,1.0,surface_speed,200,0.006193791635975201,0.005544049002171834,0.0077349611853557345
training,1.0,surface_speed,210,0.006253607799776741,0.005655788199264872,0.0075951643666345575
training,1.0,surface_speed,220,0.006316018238696331,0.005610180887912474,0.007560068448296572
training,1.0,surface_speed,230,0.006332941883313066,0.005587127631155736,0.007506991232603631
training,1.0,surface_speed,240,0.006360689395113327,0.005946533119004551,0.007264136031245305
training,1.0,surface_speed,250,0.006448041332741146,0.005994852553469484,0.007212205263207975
training,1.0,surface_speed,260,0.006508338377476888,0.005948945971170576,0.007315504781690055
training,1.0,surface_speed,270,0.006614818966492487,0.005962096186665801,0.007313952991337952
training,1.0,surface_speed,280,0.006732695802564437,0.006152901507657754,0.00729836330658858
training,1.0,surface_speed,290,0.0067674785693872894,0.006103339592834873,0.007261528768681693
training,1.0,surface_speed,300,0.006809205633556971,0.006232069941291891,0.007198398799715033
training,1.0,surface_speed,310,0.006912122139943006,0.006373213510690705,0.007379779283682103
training,1.0,surface_speed,320,0.006984612764094405,0.006453863426531844,0.007540251787258208
training,1.0,surface_speed,330,0.007015175536646709,0.00646568223438773,0.007576900273163893
training,1.0,surface_speed,340,0.00707490411726714,0.006659726541400301,0.007469523694511073
training,1.0,surface_speed,350,0.0072262787297589556,0.006808100550572771,0.0074331338579285075
training,1.0,surface_speed,360,0.007303593802338207,0.006888124159675667,0.007596499256411348
training,1.0,surface_speed,370,0.007365068530352054,0.007037084363045092,0.007627818574697587
training,1.0,surface_speed,380,0.007457821470218407,0.007190320350714901,0.0077682333671524
training,1.0,surface_speed,390,0.007608610273373985,0.007206226972109701,0.007949973288182676
training,1.0,surface_speed,400,0.007697927448140622,0.007392351135604635,0.007954054517283551
training,1.0,surface_speed,410,0.007773391904073815,0.0075261770957892275,0.008033794734557056
training,1.0,surface_speed,420,0.007902796678212157,0.007676245472529715,0.008205693970664856
training,1.0,surface_speed,430,0.00799804538142371,0.007572696289800756,0.008448112609235451
training,1.0,surface_speed,440,0.008101698957360588,0.007601255657377945,0.008499565071990041
training,1.0,surface_speed,450,0.008246575810077546,0.007840184545490885,0.008778439819843937
training,1.0,surface_speed,460,0.008345593227324841,0.00785597039828867,0.008990793062634077
training,1.0,surface_speed,470,0.00842805060974294,0.007985791689079315,0.008934684812057779
training,1.0,surface_speed,480,0.008577420979359617,0.008125249137556455,0.00889239739418188
training,1.0,surface_speed,490,0.008730318030965346,0.008270313201211346,0.009118903433589844
training,1.0,surface_speed,500,0.008829293129457478,0.008296298841497865,0.009262994382809885
training,1.0,surface_speed,510,0.00894837207705063,0.008423703988217826,0.009380742284893126
training,1.0,surface_speed,520,0.009169629418796173,0.008738034588320094,0.009855010804249968
training,1.0,surface_speed,530,0.009354883399246538,0.008823716895295599,0.010386608868274251
training,1.0,surface_speed,540,0.009536185676781567,0.009041832262845792,0.010591617295855381
training,1.0,surface_speed,550,0.00971543564695055,0.009132189276366071,0.0109020975755824
training,1.0,surface_speed,560,0.009956945936149241,0.009174808747739448,0.011014612224868148
training,1.0,surface_speed,570,0.010101817553210693,0.009252465812984853,0.011158911246693253
training,1.0,surface_speed,580,0.010217420001610605,0.009439223895180718,0.011128491305462574
training,1.0,surface_speed,590,0.01035555879184082,0.009615005606456456,0.01146501190268967
training,1.0,surface_speed,600,0.010476018321065917,0.009684646197323002,0.011467738345165073
training,1.0,surface_speed,610,0.010574196211878087,0.00980372492022528,0.0113473390773113
training,1.0,surface_speed,620,0.010707130667940355,0.010043864290046188,0.011307122026697
training,1.0,surface_speed,630,0.01083236149088859,0.01009499762773793,0.011289903133732402
training,1.0,surface_speed,640,0.010932716979293934,0.010325215512633195,0.011226994136245097
training,1.0,surface_speed,650,0.011086781757352407,0.010534607544645653,0.011421329790631296
training,1.0,surface_speed,660,0.011252853527301081,0.01058563711377758,0.011710779200364884
training,1.0,surface_speed,670,0.011353791882854705,0.010843528535864877,0.011947286219864888
training,1.0,surface_speed,680,0.011446708921044473,0.010745079414261408,0.012031991785458423
training,1.0,surface_speed,690,0.011614263892246799,0.010913230222286277,0.012143607952116836
training,1.0,surface_speed,700,0.011754958224209671,0.011018695602855493,0.01243666834196011
training,1.0,surface_speed,710,0.011875425580720703,0.011045306243926713,0.012585890978089945
training,1.0,surface_speed,720,0.011978948368141196,0.011116425216028576,0.012721679506862675
training,1.0,surface_speed,730,0.012178353181975023,0.011357205066345065,0.012962254334709605
training,1.0,surface_speed,740,0.01230079868234025,0.011449334340834252,0.01329081613101404
training,1.0,surface_speed,750,0.01241743638675395,0.011483615717914111,0.013480954237630712
training,1.0,surface_speed,760,0.012572633857696996,0.011729859894284432,0.013740716646272005
training,1.0,surface_speed,770,0.012749007794566539,0.011833675688804278,0.014224977392641305
training,1.0,surface_speed,780,0.012885843043440417,0.01179762336035712,0.014446132768875963
training,1.0,surface_speed,790,0.01305075021771239,0.011838481756987849,0.01462548060294711
training,1.0,surface_speed,800,0.013234763561493145,0.011972253129234561,0.014915684572782958
training,1.0,surface_speed,810,0.013377113495443193,0.011995838500534492,0.015222264090073014
training,1.0,surface_speed,820,0.013537699697223493,0.012137513575169701,0.015532066490065303
training,1.0,surface_speed,830,0.013738062914479442,0.012257729035157422,0.01592419259122025
training,1.0,surface_speed,840,0.013896690598673222,0.012315300563215935,0.01631644263819156
training,1.0,surface_speed,850,0.014032012461448393,0.012242498613035791,0.016564800601215186
training,1.0,surface_speed,860,0.014220239112189087,0.012351588960020645,0.01678054297044595
training,1.0,surface_speed,870,0.014408040942187037,0.012449429200622754,0.017161791817089867
training,1.0,surface_speed,880,0.014579914284083704,0.012409024407826744,0.01744177061844246
training,1.0,surface_speed,890,0.014720078534101677,0.01241298866264974,0.01766011454935211
training,1.0,surface_speed,900,0.014963283817021167,0.0124946114117272,0.017957144456599624
training,1.0,surface_speed,910,0.015150005592609806,0.01256939987820274,0.01834400414610623
training,1.0,surface_speed,920,0.015306429487672343,0.012545039903746285,0.01860720516501792
training,1.0,surface_speed,930,0.015452435390719116,0.012660202235583699,0.018909416460094752
training,1.0,surface_speed,940,0.015614613830946228,0.012812165970093554,0.01920913247625939
training,1.0,surface_speed,950,0.015755188062142496,0.012945524193935012,0.01920991243369337
training,1.0,surface_speed,960,0.01593435233408409,0.013036584512357145,0.019431037571001418
training,1.0,surface_speed,970,0.016159358478345945,0.013030531987136296,0.019770986584545874
training,1.0,surface_speed,980,0.016356648619197785,0.013201985568446001,0.0198768188715812
training,1.0,surface_speed,990,0.016544538748031547,0.013386520430412222,0.019903467594603843
training,1.0,surface_speed,1000,0.016784291036603765,0.013454869744182143,0.019985425029141503
training,1.0,phihyd_surface,0,1.4711145145663378e-09,1.1952336766238244e-09,1.8222471272909608e-09
training,1.0,phihyd_surface,10,0.033048369322902026,0.025242144984400486,0.04133069298208703
training,1.0,phihyd_surface,20,0.03278321641710957,0.025953841294809314,0.039635522857371264
training,1.0,phihyd_surface,30,0.03191489486621796,0.0259638327269901,0.038554044808575993
training,1.0,phihyd_surface,40,0.03152300235856488,0.024302169020611487,0.039351875049114346
training,1.0,phihyd_surface,50,0.031467112900607774,0.025709120651802916,0.03904493266411654
training,1.0,phihyd_surface,60,0.030910584782012203,0.025785744761784357,0.03663078561004952
training,1.0,phihyd_surface,70,0.03010863222026508,0.024442478944928403,0.03694878044997245
training,1.0,phihyd_surface,80,0.02995372239311701,0.023466764809943714,0.03822847106561209
training,1.0,phihyd_surface,90,0.030086495539022325,0.02600270648478803,0.03647607335261877
training,1.0,phihyd_surface,100,0.030085890314278812,0.026230688708030362,0.0357058808710987
training,1.0,phihyd_surface,110,0.029742090018224854,0.023654962502362306,0.036307072852624904
training,1.0,phihyd_surface,120,0.02954361087258755,0.024828146077872666,0.03664439489420854
training,1.0,phihyd_surface,130,0.02985416782081337,0.025505301227089015,0.03623464091795813
training,1.0,phihyd_surface,140,0.030328787699146775,0.02639431339227925,0.03578476536708885
training,1.0,phihyd_surface,150,0.03032584275898098,0.025046223094069023,0.03502329552605899
training,1.0,phihyd_surface,160,0.030277140991871936,0.026992105885378353,0.03336533754143699
training,1.0,phihyd_surface,170,0.03050450643332988,0.026285329668541444,0.033863297954477144
training,1.0,phihyd_surface,180,0.031180378421312716,0.026587032874400125,0.036375629821340086
training,1.0,phihyd_surface,190,0.03137833278571941,0.026890737734625133,0.03566447498057448
training,1.0,phihyd_surface,200,0.03113900607060339,0.0278313854160205,0.03451205473851747
training,1.0,phihyd_surface,210,0.03149731225483673,0.027239516045014667,0.03689022680083299
training,1.0,phihyd_surface,220,0.03229906113130944,0.027846773983772385,0.03841529790800514
training,1.0,phihyd_surface,230,0.03240657009752492,0.028393988498440728,0.03699568994086695
training,1.0,phihyd_surface,240,0.03215667284078391,0.028201340170940257,0.036365811677144894
training,1.0,phihyd_surface,250,0.03268586180232229,0.027399999516526892,0.039259049588275544
training,1.0,phihyd_surface,260,0.03335928038405105,0.029543136607394157,0.039391965375140225
training,1.0,phihyd_surface,270,0.03377258743509649,0.03018546411329139,0.03815627475766676
training,1.0,phihyd_surface,280,0.03398629060714044,0.02911986816634123,0.03868168563676659
training,1.0,phihyd_surface,290,0.03429691229759974,0.029374081196207987,0.039696026885225784
training,1.0,phihyd_surface,300,0.034837054694334624,0.030530183196054033,0.039943337551240694
training,1.0,phihyd_surface,310,0.03557254518414585,0.031802599923048916,0.039897169468234246
training,1.0,phihyd_surface,320,0.03610573945020852,0.030810603737067996,0.03994634362859042
training,1.0,phihyd_surface,330,0.03644476293279726,0.03313133926235012,0.039530420352007295
training,1.0,phihyd_surface,340,0.03691738177278131,0.034011379858994766,0.03971680357833665
training,1.0,phihyd_surface,350,0.03788083911217318,0.03325906821501236,0.04221951469835811
training,1.0,phihyd_surface,360,0.03853402018101421,0.0343850234103512,0.042344229066390925
training,1.0,phihyd_surface,370,0.03865351111747662,0.03540772442410193,0.04153172630633266
training,1.0,phihyd_surface,380,0.03925722544531011,0.03580891620862826,0.04345940052160815
training,1.0,phihyd_surface,390,0.04045272101768963,0.03622578573490424,0.04567480756748746
training,1.0,phihyd_surface,400,0.041027272407802635,0.03693142563747165,0.045233313647340324
training,1.0,phihyd_surface,410,0.04115079929381248,0.03743832185378101,0.044862026417328504
training,1.0,phihyd_surface,420,0.04198301783147737,0.03783800340863103,0.04766291354342131
training,1.0,phihyd_surface,430,0.04294036703194235,0.038292617245339916,0.04883979107952409
training,1.0,phihyd_surface,440,0.04357523650357743,0.03967703284384976,0.04827191042607642
training,1.0,phihyd_surface,450,0.044126040518983084,0.03948783069836306,0.04889962098961681
training,1.0,phihyd_surface,460,0.04482331425720939,0.039570376231736634,0.05026936597530441
training,1.0,phihyd_surface,470,0.04557916986836298,0.04225484317426215,0.0510281235987733
training,1.0,phihyd_surface,480,0.04650862190037515,0.04272885010594684,0.051441115343134634
training,1.0,phihyd_surface,490,0.047426034524654465,0.04184605437702001,0.05207981036121547
training,1.0,phihyd_surface,500,0.04809771823556828,0.04359366140703505,0.05187462501126751
training,1.0,phihyd_surface,510,0.04879004961713338,0.04602410742056996,0.05232094635507183
training,1.0,phihyd_surface,520,0.04993528217533992,0.04609811212851031,0.05422281122046476
training,1.0,phihyd_surface,530,0.0509796774604734,0.04566703820403522,0.0557913136802533
training,1.0,phihyd_surface,540,0.05152532683827794,0.0468713413257293,0.05570564999828524
training,1.0,phihyd_surface,550,0.05237725765865873,0.0484465192838639,0.05722665741397659
training,1.0,phihyd_surface,560,0.05385714873476509,0.0482404958575759,0.06017283273586005
training,1.0,phihyd_surface,570,0.054883717197670004,0.0483485058758915,0.06118192252844631
training,1.0,phihyd_surface,580,0.05539760318081586,0.048998847338446526,0.06198825083465467
training,1.0,phihyd_surface,590,0.05637013571287623,0.05003359540867977,0.06411831244912987
training,1.0,phihyd_surface,600,0.057508140341050784,0.050650234114729686,0.0653944148817758
training,1.0,phihyd_surface,610,0.05835805406607743,0.05145728334744331,0.0651459772104231
training,1.0,phihyd_surface,620,0.05918447427557859,0.05171535804954923,0.06642596544893747
training,1.0,phihyd_surface,630,0.06021383712783893,0.0516925720125756,0.06809218610925467
training,1.0,phihyd_surface,640,0.06126317530492029,0.05309490206144029,0.06891484156638147
training,1.0,phihyd_surface,650,0.06244111480389355,0.05453600394854188,0.06991253458141887
training,1.0,phihyd_surface,660,0.06368513041078613,0.05477095286405983,0.07224607208912279
training,1.0,phihyd_surface,670,0.06470806240013045,0.05572503105223145,0.07457438614774806
training,1.0,phihyd_surface,680,0.06565414802314593,0.05725239359722657,0.07558851200647752
training,1.0,phihyd_surface,690,0.06694063555251259,0.05761635570109127,0.0773608273388501
training,1.0,phihyd_surface,700,0.06827960844305844,0.05814772178364555,0.07997361352507748
training,1.0,phihyd_surface,710,0.06922814009250036,0.05917948854955306,0.08110076922292474
training,1.0,phihyd_surface,720,0.07030431013549189,0.06009344723003321,0.08232812098407431
training,1.0,phihyd_surface,730,0.07192317009488935,0.06067890108130826,0.08499153473398492
training,1.0,phihyd_surface,740,0.07329290302816953,0.060874814871157465,0.0874470839519516
training,1.0,phihyd_surface,750,0.07428279151620863,0.06230817211318875,0.08867406110425483
training,1.0,phihyd_surface,760,0.07564338942197363,0.06437816717305593,0.09027765306497952
training,1.0,phihyd_surface,770,0.07728432038214499,0.06518620295094953,0.09241906166096966
training,1.0,phihyd_surface,780,0.07867795906402807,0.06615646143473179,0.09427126462391136
training,1.0,phihyd_surface,790,0.08002517065549657,0.06656224329813547,0.09615604534573548
training,1.0,phihyd_surface,800,0.08159799994062648,0.06681262893736685,0.09827010413652837
training,1.0,phihyd_surface,810,0.08322176407680966,0.06850391733023604,0.09988994253198225
training,1.0,phihyd_surface,820,0.08492478056560263,0.07032179985833278,0.10153801284042954
training,1.0,phihyd_surface,830,0.0867593131121254,0.07055006048943335,0.10410860939924046
training,1.0,phihyd_surface,840,0.08856240351587565,0.07140538087830003,0.10678782660943163
training,1.0,phihyd_surface,850,0.09036566694532548,0.07359075474688151,0.10858711040142505
training,1.0,phihyd_surface,860,0.09246486583639721,0.0741992850327263,0.11088021310324181
training,1.0,phihyd_surface,870,0.09474874378925031,0.07447421655821763,0.11395137839111169
training,1.0,phihyd_surface,880,0.09683962818846795,0.07632444844190024,0.11608039774054249
training,1.0,phihyd_surface,890,0.09903134244299425,0.07824544181570299,0.11821191203655346
training,1.0,phihyd_surface,900,0.10175535018098236,0.07875952669633118,0.12136704703909308
training,1.0,phihyd_surface,910,0.10450994097200886,0.07939267690501212,0.12455225371989985
training,1.0,phihyd_surface,920,0.10709063219657566,0.08074904380587827,0.12695166648976386
training,1.0,phihyd_surface,930,0.11000160537245776,0.08182862811468204,0.12966755073746605
training,1.0,phihyd_surface,940,0.11339087791369518,0.08292210647215396,0.13317705530155252
training,1.0,phihyd_surface,950,0.11675135177626221,0.08449989788003523,0.13788072059638734
training,1.0,phihyd_surface,960,0.12009534431243715,0.08568908369937785,0.1428974089097609
training,1.0,phihyd_surface,970,0.12373366396458438,0.08628860102982161,0.14876900809124693
training,1.0,phihyd_surface,980,0.1276695171554745,0.08840228804072815,0.15481803563527272
training,1.0,phihyd_surface,990,0.131820065576232,0.09026695575588348,0.16152528573421565
training,1.0,phihyd_surface,1000,0.13620016835671303,0.09116021546329463,0.16953187620882096
training,1.0,sst,0,1.1318835574183149e-09,1.0135182918150389e-09,1.2538028943845416e-09
training,1.0,sst,10,0.05670722634069751,0.05483407197563387,0.05884018473332936
training,1.0,sst,20,0.05697213779737172,0.05546256836849357,0.0585868171490843
training,1.0,sst,30,0.05701714736613421,0.055310477285214245,0.0587314210359753
training,1.0,sst,40,0.057303738993529765,0.05564858165524606,0.059431154488029124
training,1.0,sst,50,0.0581720514813896,0.05585964920720624,0.06000102817847094
training,1.0,sst,60,0.058258384178771425,0.056303521560091066,0.06068783795911338
training,1.0,sst,70,0.05812108515920759,0.05663566962310892,0.060104616219978035
training,1.0,sst,80,0.058777535708486164,0.055578111737671985,0.06070690536791716
training,1.0,sst,90,0.05949169876907763,0.056922585186485165,0.06112634629992667
training,1.0,sst,100,0.05969486621673672,0.05838947066694281,0.0611775517234399
training,1.0,sst,110,0.060151337153886555,0.05745380121740207,0.06244037040923757
training,1.0,sst,120,0.060616410285299696,0.05745061644866551,0.06420054763972476
training,1.0,sst,130,0.061204952783203925,0.05905623518000282,0.06485687340658425
training,1.0,sst,140,0.06205653923397203,0.05960168038731749,0.06470613998341776
training,1.0,sst,150,0.06274075496579981,0.05953755221912827,0.06567494983989661
training,1.0,sst,160,0.06317917670078774,0.06090229288267585,0.06513862422461644
training,1.0,sst,170,0.06394335487181588,0.06228859592526482,0.06552580952652495
training,1.0,sst,180,0.06498849735901885,0.061752970133007214,0.06833947038877856
training,1.0,sst,190,0.06580614614804545,0.06282208318840009,0.06874428695428397
training,1.0,sst,200,0.06632841022331934,0.06310707325245124,0.06889859761230832
training,1.0,sst,210,0.06684610553539622,0.06282490783252807,0.07035587313483341
training,1.0,sst,220,0.06813984479727335,0.06479104155828537,0.0728266697590874
training,1.0,sst,230,0.0688938406865757,0.06452050140590784,0.07272454420567151
training,1.0,sst,240,0.06913416876063908,0.06461564342132511,0.07291685152390695
training,1.0,sst,250,0.07008592340703947,0.0640150398234411,0.07480650212406574
training,1.0,sst,260,0.07135384976997572,0.06540578774655251,0.07600989800469886
training,1.0,sst,270,0.07202244109102093,0.06766991970812362,0.07687205865047547
training,1.0,sst,280,0.07269399171336269,0.06712747743899077,0.0772349858907022
training,1.0,sst,290,0.07350225536467436,0.06713130142050006,0.0787677986779696
training,1.0,sst,300,0.07436620344387182,0.06928255737976424,0.07996689727829576
training,1.0,sst,310,0.0753486721834479,0.07029704667421212,0.08077473096635274
training,1.0,sst,320,0.07625969710753455,0.06975593816244052,0.08254759456991015
training,1.0,sst,330,0.0769657963387134,0.07109273738272977,0.0830199595426871
training,1.0,sst,340,0.07787828398911711,0.07140909389429789,0.08343475463375317
training,1.0,sst,350,0.07898201511178035,0.07145900158876399,0.08621702609753078
training,1.0,sst,360,0.08004970160343874,0.07291528787917145,0.08757733627831768
training,1.0,sst,370,0.0808501716579798,0.07343611567340323,0.08760492207778414
training,1.0,sst,380,0.08150129239030943,0.07300217235211211,0.08900014449247844
training,1.0,sst,390,0.08292674330223064,0.07360616121380502,0.09155261139683636
training,1.0,sst,400,0.08410719853699535,0.07605480510044944,0.09329294684128388
training,1.0,sst,410,0.08464303750694402,0.07609487420695082,0.09403175537465723
training,1.0,sst,420,0.08563680553117808,0.07566393386727328,0.0952461893265669
training,1.0,sst,430,0.08718105190808793,0.07758158847591091,0.0971418192468891
training,1.0,sst,440,0.08810066757830576,0.07924247244090471,0.0975756039211147
training,1.0,sst,450,0.08883649089346232,0.07863757135219622,0.09972588591302302
training,1.0,sst,460,0.08983029267088909,0.07898512768769934,0.10229820028915361
training,1.0,sst,470,0.09086788127155274,0.08097036412259974,0.10323879805336833
training,1.0,sst,480,0.09193859919152643,0.08194719057618717,0.10435490985372445
training,1.0,sst,490,0.09294683680137493,0.08140792936893428,0.10658123700303423
training,1.0,sst,500,0.09381255766469862,0.08251431213874999,0.10754198056013727
training,1.0,sst,510,0.09480814553113077,0.08304288212861374,0.10816605886182266
training,1.0,sst,520,0.09590502203457026,0.08317229697333645,0.11030282576266663
training,1.0,sst,530,0.09707755046443625,0.08541510985446935,0.11189789823006646
training,1.0,sst,540,0.09800768393051015,0.08630750066754954,0.11167601798188218
training,1.0,sst,550,0.09871312028609158,0.08568447969819173,0.11248233995135291
training,1.0,sst,560,0.10006858833114371,0.08734125318702003,0.11456040762341921
training,1.0,sst,570,0.10136162492032323,0.08915531271968138,0.11600493971826183
training,1.0,sst,580,0.10198243354135758,0.08931095060689648,0.11720352049467417
training,1.0,sst,590,0.10279279006038862,0.08960600655460378,0.11764162737189461
training,1.0,sst,600,0.1042245608361734,0.09104700896170846,0.11831662350199318
training,1.0,sst,610,0.10511732849929867,0.09291270828551666,0.11928158320360785
training,1.0,sst,620,0.10575215774065458,0.0927007697184484,0.12080220301693273
training,1.0,sst,630,0.10666986111516914,0.09255614745317105,0.12306721138841038
training,1.0,sst,640,0.10764124131571703,0.09407407427252747,0.1240785464803945
training,1.0,sst,650,0.10861627150699923,0.09455981381418829,0.12506811195085402
training,1.0,sst,660,0.10959513463745826,0.09527805759144754,0.12752626902289171
training,1.0,sst,670,0.11046317883457353,0.0958637616114449,0.12881145936732483
training,1.0,sst,680,0.11140209248070124,0.09743489577817002,0.12889275235781894
training,1.0,sst,690,0.11246922804917929,0.09869660590944102,0.13034134578582332
training,1.0,sst,700,0.11365005425157526,0.09959992645247241,0.13200788892078724
training,1.0,sst,710,0.11459074561325513,0.09992036872637051,0.1318286068382974
training,1.0,sst,720,0.1153648672044765,0.09996527909318992,0.13242678810004188
training,1.0,sst,730,0.11672234202554332,0.10068916942339654,0.1343874028643832
training,1.0,sst,740,0.1182410149912823,0.10312969577876793,0.13593576228871296
training,1.0,sst,750,0.1192923420899999,0.10417469282081641,0.13752021497857903
training,1.0,sst,760,0.12048917172673553,0.10468047833329466,0.13853108397886787
training,1.0,sst,770,0.12236637296763461,0.10638348873329624,0.1398255763092304
training,1.0,sst,780,0.12396587859534089,0.10911723089500061,0.14168411274727455
training,1.0,sst,790,0.12542031833738349,0.109983528486078,0.14382855954195456
training,1.0,sst,800,0.12721162937452443,0.11087128275697535,0.14601199802935244
training,1.0,sst,810,0.12919713758560236,0.11397518616977936,0.1479133109711242
training,1.0,sst,820,0.13129615200295258,0.11614953179256002,0.14989205249148121
training,1.0,sst,830,0.13346594795269257,0.1170342089343474,0.1515292031070337
training,1.0,sst,840,0.13567455242487306,0.1189127780899791,0.15302306336746158
training,1.0,sst,850,0.13801509028972084,0.12182127906894911,0.15490866401378378
training,1.0,sst,860,0.14050939118368186,0.12438845501014009,0.15738710294728017
training,1.0,sst,870,0.14306331045110382,0.12668484090095306,0.16065220774405883
training,1.0,sst,880,0.14553183450637272,0.12845545595060195,0.1633613241194672
training,1.0,sst,890,0.14788349777645912,0.12989552874821336,0.16537507280705324
training,1.0,sst,900,0.15054218848995854,0.13156335897593646,0.17060084220385666
training,1.0,sst,910,0.15351153685047475,0.1352456728177892,0.17672591865572052
training,1.0,sst,920,0.1562504529530216,0.13812065457072004,0.18240410592603773
training,1.0,sst,930,0.15886003914315358,0.13971570873304331,0.18757325048701493
training,1.0,sst,940,0.1619802153254959,0.1396977651135312,0.1916248225368929
training,1.0,sst,950,0.1650608195713193,0.14204818773163858,0.19541102360606902
training,1.0,sst,960,0.1679750686468488,0.14327295058824743,0.19937351574731296
training,1.0,sst,970,0.17104161429214818,0.14389735631588538,0.20439143742535085
training,1.0,sst,980,0.17444276256999736,0.14620197665018825,0.20927885823784936
training,1.0,sst,990,0.17810222950974736,0.14837592953647552,0.21354128942664546
training,1.0,sst,1000,0.18173236002774384,0.14893383577222988,0.21874785146595063
