metric,model_or_method,field,lead_days,mean,p10,p90
rmse,model,surface_speed,0,0.0,0.0,0.0
rmse,model,surface_speed,10,0.0007035467928896348,0.0005772433127276599,0.0007983553921803832
rmse,model,surface_speed,20,0.000922690083583196,0.0008011548896320164,0.0010209242347627879
rmse,model,surface_speed,30,0.0010393828696881732,0.0008779242867603898,0.0011838775360956788
rmse,model,surface_speed,40,0.0011406261435089012,0.0008972158655524253,0.0014012712053954601
rmse,model,surface_speed,50,0.0012564596526014307,0.001023203693330288,0.0014787468826398253
rmse,model,surface_speed,60,0.001361930905841291,0.0009316362557001412,0.0016065004514530302
rmse,model,surface_speed,70,0.0014253306668251752,0.0010512409266084433,0.0016296884045004846
rmse,model,surface_speed,80,0.0014983185566961766,0.0011978332651779056,0.001722135953605175
rmse,model,surface_speed,90,0.0015785526018589735,0.0012991298455744982,0.0019567925017327068
rmse,model,surface_speed,100,0.0016599179788803061,0.001407044264487922,0.002106561930850148
rmse,model,surface_speed,110,0.0017355164047330618,0.0013759751804172994,0.002105563599616289
rmse,model,surface_speed,120,0.001840960451712211,0.0014196783769875765,0.0022598029579967258
rmse,model,surface_speed,130,0.0019408923961843052,0.001443680259399116,0.002410409599542618
rmse,model,surface_speed,140,0.002021153325525423,0.0014792524743825197,0.002714590029790997
rmse,model,surface_speed,150,0.002112541386547188,0.001528772199526429,0.003133756387978792
rmse,model,surface_speed,160,0.002199721421735982,0.0015137120615690946,0.003208186104893684
rmse,model,surface_speed,170,0.0022860187338665126,0.0015871944604441523,0.0031858818605542184
rmse,model,surface_speed,180,0.0023550149518996475,0.0017181042581796645,0.003438706789165735
rmse,model,surface_speed,190,0.0024362901070465646,0.001809238106943667,0.0037190668284893032
rmse,model,surface_speed,200,0.0025207282975316047,0.0018920340342447161,0.003562026564031839
rmse,model,surface_speed,210,0.002580513789628943,0.0019620499107986687,0.0035376999992877242
rmse,model,surface_speed,220,0.002660902760302027,0.0020162196829915046,0.0037995242513716217
rmse,model,surface_speed,230,0.0027436663241436083,0.0021714778151363133,0.004061928950250149
rmse,model,surface_speed,240,0.002789942997818192,0.002209857199341059,0.004203127324581146
rmse,model,surface_speed,250,0.002829758559043209,0.0022713851649314165,0.004136393684893846
rmse,model,surface_speed,260,0.0028674562616894644,0.002357309916988015,0.003986572287976741
rmse,model,surface_speed,270,0.0028870453592389823,0.002382610319182277,0.003860942274332046
rmse,model,surface_speed,280,0.0028987885763247807,0.0024696082808077337,0.0037473337724804874
rmse,model,surface_speed,290,0.0029521061573177577,0.002599777327850461,0.003752029314637184
rmse,model,surface_speed,300,0.0030172657376776137,0.0026583890430629253,0.0037880480289459225
rmse,model,surface_speed,310,0.0030890479994316895,0.002761676488444209,0.003857618104666471
rmse,model,surface_speed,320,0.003163611252481739,0.0028541225474327803,0.003918274492025375
rmse,model,surface_speed,330,0.003223395797734459,0.0029525434132665397,0.003994147200137376
rmse,model,surface_speed,340,0.0032817964131633443,0.002995547838509083,0.004053814616054296
rmse,model,surface_speed,350,0.003345039812847972,0.003043090319260955,0.0040650379844009875
rmse,model,surface_speed,360,0.003406755533069372,0.0030640831217169763,0.004083705320954322
rmse,model,surface_speed,370,0.003493214367578427,0.003111622529104352,0.0040776214562356465
rmse,model,surface_speed,380,0.0035373283239702384,0.003155240323394537,0.00403249217197299
rmse,model,surface_speed,390,0.0036006043509890636,0.0032359106000512837,0.004063480067998171
rmse,model,surface_speed,400,0.0036571783324082694,0.003265171963721514,0.004128612950444221
rmse,model,surface_speed,410,0.003745426439369718,0.0033435712102800608,0.0042568715289235115
rmse,model,surface_speed,420,0.0038246772872904938,0.003379871463403106,0.004298704024404287
rmse,model,surface_speed,430,0.0039103472760568065,0.0034666542429476976,0.004378364980220794
rmse,model,surface_speed,440,0.0040056352348377304,0.003563890838995576,0.004487843811511993
rmse,model,surface_speed,450,0.004135554687430461,0.003658437682315707,0.004739247169345617
rmse,model,surface_speed,460,0.004243548074737191,0.003678286913782358,0.00484071671962738
rmse,model,surface_speed,470,0.004376857308670878,0.0038050058763474228,0.0049825628288090226
rmse,model,surface_speed,480,0.004500878121082981,0.00392304859124124,0.005152498092502356
rmse,model,surface_speed,490,0.004621492760876814,0.0039980804547667505,0.005360357277095318
rmse,model,surface_speed,500,0.004724715386206905,0.0040891807526350025,0.005528266634792089
rmse,model,surface_speed,510,0.004807432228699326,0.0042092414572834965,0.005649029184132815
rmse,model,surface_speed,520,0.004850171816845735,0.0042811972089111805,0.005575019121170044
rmse,model,surface_speed,530,0.004888205338890354,0.004373824875801802,0.005498743616044521
rmse,model,surface_speed,540,0.004970100490997235,0.004508795496076345,0.005496249254792929
rmse,model,surface_speed,550,0.004995052733769019,0.004527663066983223,0.00544101819396019
rmse,model,surface_speed,560,0.0050223879516124725,0.004517389833927155,0.005625684093683958
rmse,model,surface_speed,570,0.005051763852437338,0.004630431532859802,0.005543178878724575
rmse,model,surface_speed,580,0.005126023106276989,0.004699796624481678,0.005602772533893585
rmse,model,surface_speed,590,0.005205907672643661,0.004659084510058165,0.005623213667422533
rmse,model,surface_speed,600,0.005296134948730468,0.004660558886826038,0.005646602250635624
rmse,model,surface_speed,610,0.005394395006199678,0.004862726386636496,0.005828338209539652
rmse,model,surface_speed,620,0.005478362056116263,0.00489028925076127,0.006083070300519466
rmse,model,surface_speed,630,0.0054883585001031555,0.004856030270457268,0.006066547613590956
rmse,model,surface_speed,640,0.005496585989991824,0.004932095482945442,0.005929526127874851
rmse,model,surface_speed,650,0.0054764227631191415,0.004994842037558555,0.005800076387822628
rmse,model,surface_speed,660,0.00543049747745196,0.005127753224223852,0.005793134216219187
rmse,model,surface_speed,670,0.005415081512182951,0.005111824814230203,0.005847415141761303
rmse,model,surface_speed,680,0.0054044942061106365,0.005079135484993458,0.0057455915957689285
rmse,model,surface_speed,690,0.005382407736033201,0.005162190459668636,0.005681807454675436
rmse,model,surface_speed,700,0.005392550180355708,0.005210436508059501,0.005619702953845262
rmse,model,surface_speed,710,0.005405781728525957,0.005258763395249844,0.005590092111378908
rmse,model,surface_speed,720,0.005410246923565865,0.005168401449918747,0.0057010650634765625
rmse,model,surface_speed,730,0.005409274933238824,0.0051119489595294,0.0057393436320126055
rmse,model,surface_speed,740,0.005427529693891605,0.005130841489881277,0.005732222925871611
rmse,model,surface_speed,750,0.005450488037119309,0.005107699893414974,0.0056996517814695835
rmse,model,surface_speed,760,0.005481898505240679,0.0051295488141477105,0.005829819384962321
rmse,model,surface_speed,770,0.0054932222701609135,0.0051578800193965435,0.005849179439246654
rmse,model,surface_speed,780,0.005532360790918271,0.005241698212921619,0.005768781714141369
rmse,model,surface_speed,790,0.00559884679193298,0.005332984309643507,0.005915908981114626
rmse,model,surface_speed,800,0.005648013638953368,0.005396687425673008,0.006010323017835617
rmse,model,surface_speed,810,0.005735026765614748,0.005439815577119589,0.005993668269366026
rmse,model,surface_speed,820,0.005842775758355856,0.005537209007889033,0.0062957220710814
rmse,model,surface_speed,830,0.005917214291791121,0.0055024653673172,0.0066090267151594165
rmse,model,surface_speed,840,0.006008428086837133,0.005518001690506935,0.006852045189589262
rmse,model,surface_speed,850,0.0061039960943162445,0.005614776257425546,0.00718400664627552
rmse,model,surface_speed,860,0.006212662098308405,0.005588546581566334,0.007397148199379444
rmse,model,surface_speed,870,0.006305666547268629,0.005809547193348408,0.007659180089831351
rmse,model,surface_speed,880,0.006330137824018796,0.005808604136109352,0.007799595408141613
rmse,model,surface_speed,890,0.0063475420698523525,0.00577929150313139,0.007822562381625176
rmse,model,surface_speed,900,0.006344688373307387,0.005781420506536961,0.007520196586847305
rmse,model,surface_speed,910,0.006337137365092834,0.005726637039333582,0.007369009777903557
rmse,model,surface_speed,920,0.006380950442204872,0.005899522360414267,0.007291232235729694
rmse,model,surface_speed,930,0.006402807620664437,0.0059816819615662094,0.007131447736173868
rmse,model,surface_speed,940,0.006425094821800788,0.006120048929005861,0.006974492035806179
rmse,model,surface_speed,950,0.006414399575442075,0.006006554421037436,0.006905706785619259
rmse,model,surface_speed,960,0.006409427709877491,0.006051874067634344,0.006832594331353903
rmse,model,surface_speed,970,0.006345329278459152,0.006010851263999939,0.0067213929258286955
rmse,model,surface_speed,980,0.006336545447508494,0.0060934764333069324,0.006589189823716879
rmse,model,surface_speed,990,0.006366565016408762,0.0061412388458848,0.006647183932363987
rmse,model,surface_speed,1000,0.0063415825987855595,0.006021726038306951,0.00666328463703394
rmse,model,surface_speed,1010,0.006335657276213169,0.006071326602250337,0.0067094692029058935
rmse,model,surface_speed,1020,0.0064025082004566984,0.006182420440018177,0.006638162769377232
rmse,model,surface_speed,1030,0.006429334140072266,0.006123507488518953,0.006738631892949342
rmse,model,surface_speed,1040,0.006426720103869836,0.005975611694157124,0.006796806678175926
rmse,model,surface_speed,1050,0.00642504251251618,0.006092491839081049,0.006646130885928869
rmse,model,surface_speed,1060,0.006461763909707467,0.006200859043747187,0.006818511337041855
rmse,model,surface_speed,1070,0.006449833326041698,0.005962355621159076,0.007036275323480367
rmse,model,surface_speed,1080,0.006438601110130548,0.005981363542377949,0.006984294857829809
rmse,model,surface_speed,1090,0.006546838736782471,0.00609939843416214,0.007064255326986313
rmse,model,surface_speed,1100,0.006584722362458706,0.006079012341797352,0.007181728165596724
rmse,model,surface_speed,1110,0.00670081510518988,0.005905939824879169,0.007505822647362948
rmse,model,surface_speed,1120,0.006770424110194047,0.0060011718422174455,0.0077737607061862946
rmse,model,surface_speed,1130,0.00694866335640351,0.006245521642267704,0.008091690950095654
rmse,model,surface_speed,1140,0.006922903812179962,0.006076486967504025,0.007984970323741436
rmse,model,surface_speed,1150,0.006946355787416299,0.006084930989891291,0.00793556310236454
rmse,model,surface_speed,1160,0.006960201046119134,0.006161564029753208,0.008057565428316593
rmse,model,surface_speed,1170,0.006978046149015427,0.006233596242964268,0.008160584047436715
rmse,model,surface_speed,1180,0.006929389014840126,0.006076966691762209,0.008100652508437634
rmse,model,surface_speed,1190,0.007000334809223811,0.006173505540937185,0.008081010170280933
rmse,model,surface_speed,1200,0.00702357841655612,0.006278476025909185,0.007954654470086097
rmse,model,surface_speed,1210,0.006989698981245359,0.006046630442142487,0.007875946164131164
rmse,model,surface_speed,1220,0.007017448358237743,0.005999068077653646,0.007829989865422248
rmse,model,surface_speed,1230,0.007086727612962325,0.006210957001894712,0.007831205055117607
rmse,model,surface_speed,1240,0.007047782062242428,0.006058453861624002,0.008065273985266685
rmse,model,surface_speed,1250,0.007029937083522479,0.005960262101143599,0.008262511901557445
rmse,model,surface_speed,1260,0.007097553865363201,0.006042846571654081,0.008404598385095597
rmse,model,surface_speed,1270,0.007102006083975236,0.0062626471742987634,0.008150395005941391
rmse,model,surface_speed,1280,0.007045971633245548,0.005892992205917835,0.008067545853555203
rmse,model,surface_speed,1290,0.006993313164760669,0.005995257571339607,0.007932278141379357
rmse,model,surface_speed,1300,0.007116857543587684,0.0063111002556979654,0.008084861561655998
rmse,model,surface_speed,1310,0.0070027545094490055,0.006185486819595099,0.0078165702521801
rmse,model,surface_speed,1320,0.006985527214904626,0.006193492002785206,0.007493371237069368
rmse,model,surface_speed,1330,0.006909997512896855,0.006247813999652863,0.007380212470889091
rmse,model,surface_speed,1340,0.00691791782155633,0.006515660416334867,0.0072939075529575344
rmse,model,surface_speed,1350,0.006820367431888978,0.006361323501914739,0.007249819580465555
rmse,model,surface_speed,1360,0.006883616310854753,0.006385635584592819,0.00730049628764391
rmse,model,surface_speed,1370,0.0069320008469124636,0.006506038177758455,0.0074057882651686665
rmse,model,surface_speed,1380,0.006895969590793053,0.006260385271161795,0.007338567823171616
rmse,model,surface_speed,1390,0.00691060492148002,0.006422806903719902,0.007290339004248381
rmse,model,surface_speed,1400,0.0069443430751562115,0.00651417002081871,0.007373970467597246
rmse,model,surface_speed,1410,0.006926994894941648,0.006583025958389044,0.007389263808727264
rmse,model,surface_speed,1420,0.006923108082264662,0.006419268436729908,0.007229449041187763
rmse,model,surface_speed,1430,0.007015269280721744,0.006519111152738333,0.007406359538435936
rmse,model,surface_speed,1440,0.007100079736361901,0.006552170030772686,0.007403295114636421
rmse,model,surface_speed,1450,0.007110475717733304,0.00661156689748168,0.0074625655077397825
rmse,model,surface_speed,1460,0.007136802809933822,0.006502861063927412,0.007353062462061644
rmse,model,surface_speed,1470,0.0072417347381512325,0.006720757018774748,0.007563210930675268
rmse,model,surface_speed,1480,0.00722885907938083,0.006730536837130785,0.007858488336205482
rmse,model,surface_speed,1490,0.007226862323780854,0.006545625440776348,0.008090263977646827
rmse,model,surface_speed,1500,0.007263955598076185,0.006555985193699598,0.008250340819358826
rmse,model,surface_speed,1510,0.007334918404618899,0.006497590336948633,0.008605446480214595
rmse,model,surface_speed,1520,0.0072983908156553905,0.0062083668075501915,0.008710555918514728
rmse,model,surface_speed,1530,0.0073935845866799355,0.006267748866230249,0.008794483356177807
rmse,model,surface_speed,1540,0.007463220320641994,0.00611200500279665,0.00870786067098379
rmse,model,surface_speed,1550,0.0074961314598719275,0.006324298772960901,0.008535767160356044
rmse,model,surface_speed,1560,0.007465416720757882,0.006352696940302849,0.008752319030463696
rmse,model,surface_speed,1570,0.007456517529984315,0.006522599142044783,0.008773683756589889
rmse,model,surface_speed,1580,0.007375936054935058,0.006339851673692465,0.008703813701868056
rmse,model,surface_speed,1590,0.0073840002529323105,0.006483938451856375,0.00830536913126707
rmse,model,surface_speed,1600,0.0073336683524151645,0.006442062463611365,0.00810467079281807
rmse,model,surface_speed,1610,0.007284558067719142,0.006418481376022101,0.008019723370671273
rmse,model,surface_speed,1620,0.007272921471546094,0.006442696880549192,0.007933929190039634
rmse,model,surface_speed,1630,0.007206082095702489,0.006410506181418895,0.0075635784305632114
rmse,model,surface_speed,1640,0.0071600441200037794,0.006331873405724764,0.00757993096485734
rmse,model,surface_speed,1650,0.007191370582828919,0.006624144129455089,0.007426800485700369
rmse,model,surface_speed,1660,0.007015991738686959,0.006407912168651819,0.007378452643752098
rmse,model,surface_speed,1670,0.007038498048981031,0.006348093040287495,0.007428744994103909
rmse,model,surface_speed,1680,0.0070084419722358385,0.0063397583551704885,0.007485274504870176
rmse,model,surface_speed,1690,0.00696559197579821,0.006368377152830363,0.007351177092641592
rmse,model,surface_speed,1700,0.0069172885889808335,0.006169453356415033,0.007413965836167336
rmse,model,surface_speed,1710,0.006972590150932471,0.00613564308732748,0.007547355163842439
rmse,model,surface_speed,1720,0.0069833328947424885,0.006431879010051489,0.007402500975877047
rmse,model,surface_speed,1730,0.006950638722628355,0.006446018349379301,0.007319264765828848
rmse,model,surface_speed,1740,0.0069920497636000315,0.006533210445195436,0.007420245464891195
rmse,model,surface_speed,1750,0.007019326835870743,0.0066214223392307755,0.007490891590714454
rmse,model,surface_speed,1760,0.007059532434990009,0.006490653939545154,0.00761222830042243
rmse,model,surface_speed,1770,0.0070867999146382015,0.0064755879342556,0.007832498848438263
rmse,model,surface_speed,1780,0.0071199961006641384,0.006495707575231791,0.008136231265962125
rmse,model,surface_speed,1790,0.007326374140878518,0.006648208294063806,0.008497738651931286
rmse,model,surface_speed,1800,0.007378800151248773,0.006755861081182956,0.008812459371984004
rmse,model,surface_speed,1810,0.007457784780611595,0.006688283756375313,0.009022294543683529
rmse,model,surface_speed,1820,0.007509796631832918,0.006701332237571478,0.009015525318682193
rmse,model,surface_speed,1830,0.007538085120419661,0.006932925898581743,0.00879888329654932
rmse,model,surface_speed,1840,0.00751363979652524,0.006628295872360468,0.008682043664157391
rmse,model,surface_speed,1850,0.007537445115546385,0.006624577194452285,0.008761668391525746
rmse,model,surface_speed,1860,0.0075911730838318665,0.006825142912566662,0.008778507076203822
rmse,model,surface_speed,1870,0.007515007598946492,0.006816316395998001,0.008678298816084862
rmse,model,surface_speed,1880,0.007585793702552716,0.0069648828357458115,0.008508868888020516
rmse,model,surface_speed,1890,0.007641044383247694,0.007017537020146847,0.008486480452120304
rmse,model,surface_speed,1900,0.007646549927691619,0.0069946393370628355,0.008431200124323367
rmse,model,surface_speed,1910,0.00767235088472565,0.006974045094102621,0.00830844957381487
rmse,model,surface_speed,1920,0.007703848121066888,0.006995495967566967,0.008571181260049344
rmse,model,surface_speed,1930,0.007690974728514751,0.006965727545320988,0.008679025061428546
rmse,model,surface_speed,1940,0.00765315480530262,0.006903680507093668,0.008707992732524872
rmse,model,surface_speed,1950,0.0076058261096477505,0.007011823076754809,0.008458689041435718
rmse,model,surface_speed,1960,0.007579222228378058,0.0071177734062075615,0.008385763317346574
rmse,model,surface_speed,1970,0.0075220108342667425,0.0068904154002666475,0.008216711319983005
rmse,model,surface_speed,1980,0.0074263124416271845,0.006909994129091501,0.007944188825786114
rmse,model,surface_speed,1990,0.007307320305456718,0.006860686745494604,0.007719276286661625
rmse,model,surface_speed,2000,0.007192185707390308,0.006984914559870959,0.007481951639056206
rmse,climatology,surface_speed,0,0.003483150666579604,0.003082289919257164,0.0038193108048290014
rmse,climatology,surface_speed,10,0.0033636869086573523,0.0030656424816697834,0.0036313133779913185
rmse,climatology,surface_speed,20,0.0034482390930255253,0.0032233613543212413,0.003711535269394517
rmse,climatology,surface_speed,30,0.0035018501492838066,0.00318124876357615,0.0038929723203182222
rmse,climatology,surface_speed,40,0.00342121225160857,0.0030003468040376902,0.0037263927049934866
rmse,climatology,surface_speed,50,0.00343005396425724,0.003051483677700162,0.00374471521936357
rmse,climatology,surface_speed,60,0.00351786605703334,0.003111187648028135,0.003641898510977626
rmse,climatology,surface_speed,70,0.003458885584647457,0.0029819020535796882,0.003498874185606837
rmse,climatology,surface_speed,80,0.0034494626335799692,0.002973990887403488,0.003671011235564947
rmse,climatology,surface_speed,90,0.003562444138030211,0.002918521873652935,0.004021911416202784
rmse,climatology,surface_speed,100,0.003629363172998031,0.0032170973252505066,0.004143981635570526
rmse,climatology,surface_speed,110,0.0034900281423081952,0.0030214297119528057,0.004266700614243745
rmse,climatology,surface_speed,120,0.0035588504591335854,0.0029065740294754506,0.00481131300330162
rmse,climatology,surface_speed,130,0.003643997525796294,0.003074161522090435,0.00488055795431137
rmse,climatology,surface_speed,140,0.003640605447192987,0.003067094273865223,0.004740914143621921
rmse,climatology,surface_speed,150,0.003612006471181909,0.0029644875321537256,0.004666800983250141
rmse,climatology,surface_speed,160,0.0037537249891708294,0.00306641417555511,0.005282246973365544
rmse,climatology,surface_speed,170,0.0037696822391202053,0.002968915365636349,0.005190011765807866
rmse,climatology,surface_speed,180,0.0036744978123654922,0.0028529281727969645,0.005210142023861408
rmse,climatology,surface_speed,190,0.0037473389413207768,0.002872107271105051,0.005604173522442579
rmse,climatology,surface_speed,200,0.0038475769106298685,0.0030372698325663804,0.005471385922282934
rmse,climatology,surface_speed,210,0.0037900323048233988,0.002925727842375636,0.005063790269196033
rmse,climatology,surface_speed,220,0.0037698041337231795,0.0029313983395695686,0.005118785426020622
rmse,climatology,surface_speed,230,0.0038252479707201322,0.002960879262536764,0.005211523734033108
rmse,climatology,surface_speed,240,0.003753873007372022,0.0029495298862457276,0.005208831559866667
rmse,climatology,surface_speed,250,0.0036651603411883118,0.0030053016263991593,0.005084473639726639
rmse,climatology,surface_speed,260,0.003671895805746317,0.0028910859022289515,0.004959142953157425
rmse,climatology,surface_speed,270,0.003667520980040232,0.0031860648654401303,0.0046119867824018
rmse,climatology,surface_speed,280,0.0034454568289220334,0.003060405608266592,0.004083133209496737
rmse,climatology,surface_speed,290,0.003401386303206285,0.002830109279602766,0.00402572276070714
rmse,climatology,surface_speed,300,0.0034250445198267697,0.003014210145920515,0.003971921280026436
rmse,climatology,surface_speed,310,0.0033765321131795645,0.003023827215656638,0.00366395371966064
rmse,climatology,surface_speed,320,0.0032736305768291158,0.0028565974440425634,0.0036053655203431845
rmse,climatology,surface_speed,330,0.003378949345399936,0.0030613488983362914,0.0039013768546283245
rmse,climatology,surface_speed,340,0.0033724169712513684,0.0030343753285706045,0.003849106002599001
rmse,climatology,surface_speed,350,0.003227809738988678,0.00286314464174211,0.0035764701664447785
rmse,climatology,surface_speed,360,0.0032508065303166705,0.002860331628471613,0.0036229236982762815
rmse,climatology,surface_speed,370,0.0033503105708708367,0.003139591868966818,0.003549442160874605
rmse,climatology,surface_speed,380,0.003269168408587575,0.0029179556760936974,0.00350967226549983
rmse,climatology,surface_speed,390,0.003235493072619041,0.0029687096364796163,0.003426301945000887
rmse,climatology,surface_speed,400,0.0033003112922112146,0.0030058433767408133,0.003532146429643035
rmse,climatology,surface_speed,410,0.003261845527837674,0.003029937716200948,0.0035112340934574603
rmse,climatology,surface_speed,420,0.0031898466404527426,0.0029560215305536987,0.0033971755765378475
rmse,climatology,surface_speed,430,0.00327877402305603,0.002953060111030936,0.003623278858140111
rmse,climatology,surface_speed,440,0.0033657065437485774,0.003197721717879176,0.0036037725862115622
rmse,climatology,surface_speed,450,0.0032249768109371265,0.0029514880385249852,0.003596463007852435
rmse,climatology,surface_speed,460,0.0032497651254137358,0.0029145242646336556,0.0037092600017786027
rmse,climatology,surface_speed,470,0.0033850479250152905,0.00307630836032331,0.0038338986225426195
rmse,climatology,surface_speed,480,0.003428985395779212,0.0030160026159137487,0.004103754460811615
rmse,climatology,surface_speed,490,0.0034124450913319984,0.0028766268398612736,0.004412508942186832
rmse,climatology,surface_speed,500,0.003615680957833926,0.0029289675410836937,0.004921845998615026
rmse,climatology,surface_speed,510,0.003727396282677849,0.0031099626794457436,0.005083191394805908
rmse,climatology,surface_speed,520,0.0036459272106488545,0.0029935962054878475,0.00492771714925766
rmse,climatology,surface_speed,530,0.003675053423891465,0.002942278841510415,0.0049709082581102845
rmse,climatology,surface_speed,540,0.0038143802744646867,0.0031749569345265625,0.0048048138618469235
rmse,climatology,surface_speed,550,0.0037620560576518375,0.0030813737772405147,0.004867095127701759
rmse,climatology,surface_speed,560,0.003726983225593964,0.0030779171269387008,0.004772997647523879
rmse,climatology,surface_speed,570,0.0037786295016606648,0.0032932757865637543,0.004555350821465253
rmse,climatology,surface_speed,580,0.003746431041508913,0.0031629163306206463,0.0045543526299297804
rmse,climatology,surface_speed,590,0.003668068613236149,0.0028480586130172013,0.004420152492821216
rmse,climatology,surface_speed,600,0.0037960171854744353,0.003146848874166608,0.004614917747676373
rmse,climatology,surface_speed,610,0.0039253285775582,0.0032548642717301845,0.005145917367190123
rmse,climatology,surface_speed,620,0.003822322702035308,0.0028419777750968932,0.005156856961548328
rmse,climatology,surface_speed,630,0.0037880198874821265,0.002966047590598464,0.004986649565398693
rmse,climatology,surface_speed,640,0.0038187511575718722,0.0032493894919753074,0.004971655085682869
rmse,climatology,surface_speed,650,0.0037338935925314825,0.003081676363945007,0.004771142173558474
rmse,climatology,surface_speed,660,0.0035465432486186427,0.0028347054962068797,0.004235955700278282
rmse,climatology,surface_speed,670,0.003568793833255768,0.0030489079654216766,0.003969620261341333
rmse,climatology,surface_speed,680,0.0035576490530123315,0.0031617289409041406,0.004001104179769755
rmse,climatology,surface_speed,690,0.0033942118597527346,0.0030402847565710544,0.0037747783586382865
rmse,climatology,surface_speed,700,0.0033654055713365476,0.0031211990863084793,0.0035383099224418403
rmse,climatology,surface_speed,710,0.003480742359533906,0.0032232464756816624,0.0038772803731262685
rmse,climatology,surface_speed,720,0.0034168411511927843,0.0029841640964150427,0.0038944500498473643
rmse,climatology,surface_speed,730,0.0033544565085321665,0.003047868236899376,0.00375081836245954
rmse,climatology,surface_speed,740,0.0033866417749474445,0.0030638725496828557,0.003598664794117212
rmse,climatology,surface_speed,750,0.0033684566927452884,0.0030818921979516743,0.003633845504373312
rmse,climatology,surface_speed,760,0.0032512521836906673,0.0028972772881388663,0.003545897640287876
rmse,climatology,surface_speed,770,0.0033277866430580618,0.0030144714284688233,0.003567061806097627
rmse,climatology,surface_speed,780,0.003435218287631869,0.0032103005796670914,0.0036598543170839547
rmse,climatology,surface_speed,790,0.0033685239342351753,0.0029806568752974274,0.003679005289450288
rmse,climatology,surface_speed,800,0.0033466598329444726,0.003004077123478055,0.0037214158102869986
rmse,climatology,surface_speed,810,0.0035054344528665147,0.003057651361450553,0.00410188203677535
rmse,climatology,surface_speed,820,0.003571228248377641,0.003023998253047466,0.004411763045936823
rmse,climatology,surface_speed,830,0.003550385699296991,0.0029544650111347436,0.004612153023481369
rmse,climatology,surface_speed,840,0.0036889115038017434,0.0031512598507106304,0.004806322883814573
rmse,climatology,surface_speed,850,0.003807465390612682,0.0031829651445150374,0.005291166715323925
rmse,climatology,surface_speed,860,0.003756018433098992,0.0029023126233369114,0.005499448440968989
rmse,climatology,surface_speed,870,0.0037750601458052795,0.0029348606709390878,0.0057083630003035065
rmse,climatology,surface_speed,880,0.003931408204759161,0.003101547062397003,0.005864362139254808
rmse,climatology,surface_speed,890,0.0039097297160575785,0.002910455921664834,0.005636879615485668
rmse,climatology,surface_speed,900,0.0038534436374902726,0.003092334931716323,0.005456079635769128
rmse,climatology,surface_speed,910,0.003855879682426651,0.0029949455987662078,0.005395757034420967
rmse,climatology,surface_speed,920,0.003854065357397,0.003058219188824296,0.005302259884774685
rmse,climatology,surface_speed,930,0.0037207117148985464,0.002990168798714876,0.004902261309325695
rmse,climatology,surface_speed,940,0.0037272818541775146,0.002989420900121331,0.004866993241012097
rmse,climatology,surface_speed,950,0.003754812370364865,0.0030858533456921576,0.004758679587393999
rmse,climatology,surface_speed,960,0.003651261795312166,0.0031948034651577474,0.0044403743930161
rmse,climatology,surface_speed,970,0.0034877146283785504,0.0029359097126871346,0.004003398772329092
rmse,climatology,surface_speed,980,0.003528600496550401,0.0029782110825181006,0.004033603239804506
rmse,climatology,surface_speed,990,0.0035078913749506074,0.002999085234478116,0.003934560157358646
rmse,climatology,surface_speed,1000,0.00339272307852904,0.0030041394289582967,0.00375783983618021
rmse,climatology,surface_speed,1010,0.003409686886395017,0.003007041243836284,0.0038038922008126973
rmse,climatology,surface_speed,1020,0.0034829982556402682,0.003218369884416461,0.003950420394539833
rmse,climatology,surface_speed,1030,0.0033822712022811173,0.003065738594159484,0.003791326889768243
rmse,climatology,surface_speed,1040,0.0033152353794624408,0.0028786400333046915,0.003682311624288559
rmse,climatology,surface_speed,1050,0.003459652839228511,0.0031046563759446143,0.0037015491630882024
rmse,climatology,surface_speed,1060,0.0034671182899425426,0.003264105599373579,0.0036979662254452705
rmse,climatology,surface_speed,1070,0.003437341082220276,0.0031659504398703574,0.0036662640050053596
rmse,climatology,surface_speed,1080,0.003504659328609705,0.0031751477159559726,0.0039935044944286345
rmse,climatology,surface_speed,1090,0.0036145526450127364,0.0032837734557688235,0.004318331368267536
rmse,climatology,surface_speed,1100,0.0035892950681348642,0.003095647320151329,0.004545974638313055
rmse,climatology,surface_speed,1110,0.0037251312596102556,0.003175779851153493,0.005049869138747453
rmse,climatology,surface_speed,1120,0.003932924382388592,0.003258400084450841,0.005686503369361162
rmse,climatology,surface_speed,1130,0.003990552760660649,0.003130413917824626,0.006139156315475702
rmse,climatology,surface_speed,1140,0.003947760025039315,0.00299038621596992,0.006235881708562374
rmse,climatology,surface_speed,1150,0.0041289209388196465,0.0032295427285134793,0.006235435325652361
rmse,climatology,surface_speed,1160,0.004212926390270392,0.003225545771420002,0.006007725093513727
rmse,climatology,surface_speed,1170,0.004168435946727792,0.002933873748406768,0.006016780529171228
rmse,climatology,surface_speed,1180,0.004222654923796654,0.0029874933883547784,0.0060809972696006295
rmse,climatology,surface_speed,1190,0.00435757456968228,0.0032812856137752534,0.006040880177170038
rmse,climatology,surface_speed,1200,0.00431026207904021,0.003234781324863434,0.005958169791847467
rmse,climatology,surface_speed,1210,0.00426282921495537,0.00316123329102993,0.0055800508707761765
rmse,climatology,surface_speed,1220,0.004414316390951475,0.0033022246789187193,0.0057739528827369215
rmse,climatology,surface_speed,1230,0.004441550762082139,0.0031681222841143607,0.0060390206053853035
rmse,climatology,surface_speed,1240,0.004389458211759726,0.003115272242575884,0.00623865956440568
rmse,climatology,surface_speed,1250,0.004406350494051973,0.0032806190196424724,0.006239398662000894
rmse,climatology,surface_speed,1260,0.004405390021080772,0.0032627823762595653,0.006287518516182899
rmse,climatology,surface_speed,1270,0.00423104491395255,0.0029886878561228513,0.00610178429633379
rmse,climatology,surface_speed,1280,0.004153840476647019,0.00302314436994493,0.005897067859768868
rmse,climatology,surface_speed,1290,0.0041486608174939954,0.0033074154518544672,0.005714122112840414
rmse,climatology,surface_speed,1300,0.004028375757237275,0.003050229791551828,0.005485580209642649
rmse,climatology,surface_speed,1310,0.003781936364248395,0.0028778256848454474,0.004942322801798582
rmse,climatology,surface_speed,1320,0.0037853848809997243,0.003203206369653344,0.004611828085035086
rmse,climatology,surface_speed,1330,0.003726622803757588,0.003236055513843894,0.0045799828134477135
rmse,climatology,surface_speed,1340,0.003576600675781568,0.0028739833272993565,0.004176139924675226
rmse,climatology,surface_speed,1350,0.0035150228689114255,0.003041479317471385,0.003911227453500032
rmse,climatology,surface_speed,1360,0.0036019527974228065,0.0033205090090632438,0.0039850080385804175
rmse,climatology,surface_speed,1370,0.0035193977256615955,0.0030760710127651692,0.0038558426313102245
rmse,climatology,surface_speed,1380,0.0034194305849572022,0.003180071944370866,0.003650882327929139
rmse,climatology,surface_speed,1390,0.003534998589505752,0.003283839672803879,0.003830647375434637
rmse,climatology,surface_speed,1400,0.003560285766919454,0.0032187178265303375,0.004045372363179922
rmse,climatology,surface_speed,1410,0.0034928809540967147,0.0030986817553639414,0.003892435319721699
rmse,climatology,surface_speed,1420,0.003512888370702664,0.003128799423575401,0.003867947310209274
rmse,climatology,surface_speed,1430,0.003588366166998943,0.0031875554006546734,0.0037177907768636944
rmse,climatology,surface_speed,1440,0.0035110281159480413,0.0030492117162793874,0.00357005731202662
rmse,climatology,surface_speed,1450,0.0035433168367793163,0.0030760748311877252,0.003794097388163209
rmse,climatology,surface_speed,1460,0.0036719241024305424,0.003057637484744191,0.004133610893040895
rmse,climatology,surface_speed,1470,0.0037330862289915484,0.003317404305562377,0.00420271186158061
rmse,climatology,surface_speed,1480,0.0036246208318819603,0.0031419376377016307,0.00433592926710844
rmse,climatology,surface_speed,1490,0.0037448931174973647,0.0030905394814908504,0.005077395681291818
rmse,climatology,surface_speed,1500,0.003843313812588652,0.0031021731905639172,0.005169719457626343
rmse,climatology,surface_speed,1510,0.0038699767086654902,0.003189635928720236,0.004993745870888233
rmse,climatology,surface_speed,1520,0.003925311441222826,0.0030252041295170786,0.00500233955681324
rmse,climatology,surface_speed,1530,0.004112348643441995,0.003180397627875209,0.005889481492340564
rmse,climatology,surface_speed,1540,0.004139021039009094,0.003030895534902811,0.006007590144872665
rmse,climatology,surface_speed,1550,0.004072834023584922,0.002919855434447527,0.006000776402652263
rmse,climatology,surface_speed,1560,0.004155380294347802,0.0029834537301212547,0.005968423280864954
rmse,climatology,surface_speed,1570,0.00419392556262513,0.0030533078126609324,0.006078978441655636
rmse,climatology,surface_speed,1580,0.00407754722982645,0.0030717679765075445,0.005839893221855163
rmse,climatology,surface_speed,1590,0.003977657093976935,0.00300363153219223,0.005601373594254255
rmse,climatology,surface_speed,1600,0.003951208883275588,0.0031039098277688025,0.005396846961230039
rmse,climatology,surface_speed,1610,0.0037822847875456016,0.0030231381300836802,0.005014111567288637
rmse,climatology,surface_speed,1620,0.0036743930075317623,0.0030261910520493983,0.0045153751038014885
rmse,climatology,surface_speed,1630,0.0036739306213955086,0.0029691459145396947,0.004461151082068682
rmse,climatology,surface_speed,1640,0.003666991787031293,0.0032624487299472093,0.00424496429041028
rmse,climatology,surface_speed,1650,0.003454491263255477,0.003083659382537007,0.0038854533806443213
rmse,climatology,surface_speed,1660,0.003463859452555577,0.0029211162589490415,0.003938332200050354
rmse,climatology,surface_speed,1670,0.003490000156064828,0.0030600385274738074,0.003988782223314047
rmse,climatology,surface_speed,1680,0.0034290702392657598,0.0030774158891290425,0.003771828906610608
rmse,climatology,surface_speed,1690,0.0033443720390399297,0.002928570657968521,0.0035575578920543196
rmse,climatology,surface_speed,1700,0.00345506079805394,0.0031281853560358288,0.003933800291270018
rmse,climatology,surface_speed,1710,0.0034270163315037886,0.0031746040098369122,0.003757159039378166
rmse,climatology,surface_speed,1720,0.003302545193582773,0.0029868190642446278,0.003573654778301716
rmse,climatology,surface_speed,1730,0.00337705936593314,0.0030236778780817985,0.0037287162151187657
rmse,climatology,surface_speed,1740,0.0034775389668842156,0.003333620401099324,0.003625327441841364
rmse,climatology,surface_speed,1750,0.0034328064881265163,0.003185700997710228,0.00362375364638865
rmse,climatology,surface_speed,1760,0.0034503706420461336,0.003193987440317869,0.003801527619361877
rmse,climatology,surface_speed,1770,0.0035732102580368517,0.0032646028324961663,0.004135799035429954
rmse,climatology,surface_speed,1780,0.0035800772408644357,0.0032191650941967966,0.004378953576087951
rmse,climatology,surface_speed,1790,0.0036254010628908873,0.003044609911739826,0.004670258890837431
rmse,climatology,surface_speed,1800,0.0038136415959646305,0.0032254350837320088,0.005296829435974359
rmse,climatology,surface_speed,1810,0.003963970144589742,0.0032910324633121492,0.0058178952895104885
rmse,climatology,surface_speed,1820,0.0038718244216094416,0.002952520363032818,0.005963444989174604
rmse,climatology,surface_speed,1830,0.00396890703899165,0.0031293689273297785,0.005952510982751846
rmse,climatology,surface_speed,1840,0.004097223359470566,0.0032691482454538347,0.005671996343880892
rmse,climatology,surface_speed,1850,0.0040859647716085115,0.003084045276045799,0.005694076791405677
rmse,climatology,surface_speed,1860,0.0040204573577890795,0.002915373258292675,0.0057408324442803855
rmse,climatology,surface_speed,1870,0.004153450531885028,0.0031988158356398345,0.005658949259668589
rmse,climatology,surface_speed,1880,0.004162945877760648,0.003247534716501832,0.00558280861005187
rmse,climatology,surface_speed,1890,0.00406453269533813,0.0031438773963600396,0.005201768688857555
rmse,climatology,surface_speed,1900,0.004149850892523925,0.003301633708178997,0.005275586433708668
rmse,climatology,surface_speed,1910,0.004267155441145102,0.0033008340746164323,0.005655864905565977
rmse,climatology,surface_speed,1920,0.004225961087892453,0.0031674396246671676,0.005998440273106098
rmse,climatology,surface_speed,1930,0.004207824434464176,0.0031635412015020847,0.005963752884417773
rmse,climatology,surface_speed,1940,0.004238449828699231,0.003302009357139468,0.005954916588962078
rmse,climatology,surface_speed,1950,0.004124819021672011,0.00317979296669364,0.0058259968645870686
rmse,climatology,surface_speed,1960,0.003951636546601852,0.0029259569011628626,0.0054572481662034985
rmse,climatology,surface_speed,1970,0.003932349321742853,0.0032596212811768057,0.005206241365522146
rmse,climatology,surface_speed,1980,0.003890287612254421,0.003264970052987337,0.005007334519177675
rmse,climatology,surface_speed,1990,0.0036496213171631096,0.002885755896568298,0.004592771641910076
rmse,climatology,surface_speed,2000,0.003586794187625249,0.003061279933899641,0.004096773359924555
rmse,persistence,surface_speed,0,0.0,0.0,0.0
rmse,persistence,surface_speed,10,0.00237644847172002,0.002035052655264735,0.002700142050161958
rmse,persistence,surface_speed,20,0.0032833594363182784,0.0029404053930193186,0.003675637533888221
rmse,persistence,surface_speed,30,0.003681389195844531,0.0033001508098095657,0.004024333599954843
rmse,persistence,surface_speed,40,0.0045264661001662414,0.003929562866687775,0.005070245265960694
rmse,persistence,surface_speed,50,0.004964599960173169,0.004248273093253374,0.0054371686652302745
rmse,persistence,surface_speed,60,0.0051937012933194636,0.004525898862630129,0.005741261411458254
rmse,persistence,surface_speed,70,0.005310371425002814,0.004489631857722998,0.005888010561466217
rmse,persistence,surface_speed,80,0.005204244144260883,0.004347568657249212,0.0059099489822983745
rmse,persistence,surface_speed,90,0.005416389834135771,0.004741821996867656,0.0060455967672169205
rmse,persistence,surface_speed,100,0.0055740152796109515,0.004879198968410492,0.00616434533149004
rmse,persistence,surface_speed,110,0.005279846241076787,0.0047600151970982555,0.005954581033438444
rmse,persistence,surface_speed,120,0.005435800800720851,0.004786104056984186,0.0063180244527757164
rmse,persistence,surface_speed,130,0.005256649261961381,0.004486268479377031,0.005970214027911425
rmse,persistence,surface_speed,140,0.004499524692073464,0.0037095443811267616,0.005091130640357733
rmse,persistence,surface_speed,150,0.004245611404379209,0.0033035920932888985,0.005477508250623941
rmse,persistence,surface_speed,160,0.0037416763914128143,0.00255281045101583,0.005531643796712159
rmse,persistence,surface_speed,170,0.0025874722593774396,0.0008837294648401439,0.004832661990076303
rmse,persistence,surface_speed,180,0.003591783344745636,0.0022254577372223137,0.0053179672919213775
rmse,persistence,surface_speed,190,0.00439929220204552,0.0032426915597170594,0.006022075656801462
rmse,persistence,surface_speed,200,0.004690920903036992,0.0037387358024716377,0.006346746161580086
rmse,persistence,surface_speed,210,0.005343084859972199,0.0041995651088655,0.00667443424463272
rmse,persistence,surface_speed,220,0.005719550295422474,0.004424439277499914,0.006950722075998783
rmse,persistence,surface_speed,230,0.005845271423459053,0.004611402377486229,0.0074125674553215505
rmse,persistence,surface_speed,240,0.005924042065938314,0.004743037559092045,0.0072401674464344975
rmse,persistence,surface_speed,250,0.0057650023140013214,0.004544943477958441,0.006878987699747085
rmse,persistence,surface_speed,260,0.005831575145324072,0.00495765246450901,0.006793437339365482
rmse,persistence,surface_speed,270,0.005935318643848101,0.0051739029586315155,0.006629346404224634
rmse,persistence,surface_speed,280,0.005581463531901439,0.005188841465860605,0.005974634271115065
rmse,persistence,surface_speed,290,0.005591918310771386,0.0050319510512053965,0.006185992155224085
rmse,persistence,surface_speed,300,0.005411236764242252,0.004758166428655386,0.005887713842093944
rmse,persistence,surface_speed,310,0.004614793757597605,0.004336942452937365,0.0048907820135355
rmse,persistence,surface_speed,320,0.00422796073059241,0.003687992412596941,0.004793608095496893
rmse,persistence,surface_speed,330,0.0037518538534641265,0.0030303823761641977,0.004435506369918585
rmse,persistence,surface_speed,340,0.002539715721892814,0.0017407476669177413,0.003111038589850068
rmse,persistence,surface_speed,350,0.0031762702080110707,0.0025394455529749393,0.003670419426634908
rmse,persistence,surface_speed,360,0.003997614110509555,0.0034357949625700712,0.00438751308247447
rmse,persistence,surface_speed,370,0.004237994784489274,0.00395481325685978,0.004488400276750326
rmse,persistence,surface_speed,380,0.004868433189888795,0.004413747601211071,0.00531868040561676
rmse,persistence,surface_speed,390,0.005294178208957116,0.004652152676135302,0.005748218111693859
rmse,persistence,surface_speed,400,0.0054226522023479145,0.004920038115233183,0.005799949262291193
rmse,persistence,surface_speed,410,0.0055304508656263355,0.004918215423822403,0.0059505971148610115
rmse,persistence,surface_speed,420,0.005388362240046263,0.004711078759282827,0.005978742334991694
rmse,persistence,surface_speed,430,0.005489535039911667,0.005247452948242426,0.006094528920948505
rmse,persistence,surface_speed,440,0.005699122324585915,0.005235832184553146,0.006253791786730289
rmse,persistence,surface_speed,450,0.0054102193874617415,0.0046289324760437015,0.005915296822786331
rmse,persistence,surface_speed,460,0.005478166633596023,0.005112202558666468,0.006083502620458603
rmse,persistence,surface_speed,470,0.005459312628954649,0.004993091709911824,0.005971933994442224
rmse,persistence,surface_speed,480,0.00473855941866835,0.0037198676727712154,0.005720369610935449
rmse,persistence,surface_speed,490,0.00443839201082786,0.0037404253147542478,0.00565118957310915
rmse,persistence,surface_speed,500,0.0042317780355612435,0.003401294443756342,0.005668861605226993
rmse,persistence,surface_speed,510,0.003107931682219108,0.0014091983437538149,0.005380587931722402
rmse,persistence,surface_speed,520,0.003609881162022551,0.002159274648874998,0.005563201755285263
rmse,persistence,surface_speed,530,0.00448083383962512,0.00320310415700078,0.005799531284719705
rmse,persistence,surface_speed,540,0.004713238356634975,0.0036702339537441732,0.006088192854076624
rmse,persistence,surface_speed,550,0.005279194780935844,0.004360025841742754,0.006472751405090094
rmse,persistence,surface_speed,560,0.005699907708913088,0.004841420240700245,0.007050248607993126
rmse,persistence,surface_speed,570,0.005775598560770353,0.005009366292506456,0.006724037509411573
rmse,persistence,surface_speed,580,0.005826621626814206,0.005044000037014484,0.006716908887028694
rmse,persistence,surface_speed,590,0.005617104439685742,0.0047409145161509516,0.006601684261113405
rmse,persistence,surface_speed,600,0.005624670224885146,0.005089593399316072,0.0064957886934280396
rmse,persistence,surface_speed,610,0.005812314028541247,0.005126226786524057,0.006792392581701279
rmse,persistence,surface_speed,620,0.005505377302567164,0.00446788314729929,0.006413378659635783
rmse,persistence,surface_speed,630,0.0054418073656658334,0.004907762166112661,0.006015168037265539
rmse,persistence,surface_speed,640,0.00535070967550079,0.00490436302497983,0.006319316569715738
rmse,persistence,surface_speed,650,0.004465935208524267,0.0036315206438302995,0.005295980162918568
rmse,persistence,surface_speed,660,0.0038252410168449083,0.003400800283998251,0.004415791667997837
rmse,persistence,surface_speed,670,0.0033744209135572116,0.0030022991355508565,0.0038091566413640974
rmse,persistence,surface_speed,680,0.0016121338975305358,0.0011512375669553876,0.0021776008885353803
rmse,persistence,surface_speed,690,0.0018326799230029185,0.0015194965060800314,0.0021579395048320293
rmse,persistence,surface_speed,700,0.0031483335110048453,0.0027465160470455884,0.003543599462136626
rmse,persistence,surface_speed,710,0.0034721440635621546,0.0030769400764256716,0.0038704921025782824
rmse,persistence,surface_speed,720,0.00414651093694071,0.003774925274774432,0.004643524438142777
rmse,persistence,surface_speed,730,0.004770992153013746,0.004108355287462473,0.005147989187389612
rmse,persistence,surface_speed,740,0.004945241163174311,0.004371971357613802,0.005468386225402355
rmse,persistence,surface_speed,750,0.005132311303168535,0.004529326781630516,0.005768323503434658
rmse,persistence,surface_speed,760,0.005045022225628296,0.004220580961555242,0.005630562361329794
rmse,persistence,surface_speed,770,0.005103237585475048,0.004702840559184551,0.005756900180131197
rmse,persistence,surface_speed,780,0.005404508082816998,0.004989372286945582,0.0060884407721459866
rmse,persistence,surface_speed,790,0.0052206335278848805,0.0045415916480124,0.0058022222481668
rmse,persistence,surface_speed,800,0.005186170308540265,0.004897620063275099,0.005590206757187843
rmse,persistence,surface_speed,810,0.0053128845989704136,0.0048128744587302204,0.005866845976561308
rmse,persistence,surface_speed,820,0.004687452378372352,0.003977946005761623,0.005268745683133602
rmse,persistence,surface_speed,830,0.004196463447685043,0.0035444003529846667,0.005111858248710632
rmse,persistence,surface_speed,840,0.00403649527579546,0.0031048092525452374,0.005124596692621708
rmse,persistence,surface_speed,850,0.0029527189986159404,0.001623096107505262,0.0047107704915106295
rmse,persistence,surface_speed,860,0.0030504207747677962,0.0016385423950850964,0.0050313396379351605
rmse,persistence,surface_speed,870,0.004209531983360648,0.003039324609562755,0.006020215991884469
rmse,persistence,surface_speed,880,0.0045659104362130165,0.0034850392024964095,0.006492416933178901
rmse,persistence,surface_speed,890,0.005080898447583119,0.0040523986332118515,0.00679960660636425
rmse,persistence,surface_speed,900,0.005646306121100982,0.004400054179131985,0.006987798493355513
rmse,persistence,surface_speed,910,0.005783518652121226,0.00458357846364379,0.0073480186983942986
rmse,persistence,surface_speed,920,0.005919304955750704,0.004866481013596058,0.007589833345264196
rmse,persistence,surface_speed,930,0.005832820758223533,0.0047589815221726894,0.006894983071833849
rmse,persistence,surface_speed,940,0.005784411666293939,0.004828591085970402,0.006676223780959845
rmse,persistence,surface_speed,950,0.005985362486292918,0.0052020523697137834,0.006909485813230276
rmse,persistence,surface_speed,960,0.005804115689049164,0.005247068684548139,0.006427296157926321
rmse,persistence,surface_speed,970,0.005599766876548529,0.0052012988366186615,0.0060646506026387215
rmse,persistence,surface_speed,980,0.005657941506554683,0.005092015583068132,0.006154779158532619
rmse,persistence,surface_speed,990,0.00503741546223561,0.004540092032402754,0.005442012846469879
rmse,persistence,surface_speed,1000,0.004393321399887403,0.004075440019369126,0.004839434009045363
rmse,persistence,surface_speed,1010,0.004186173807829619,0.0036090521607548,0.004819860495626926
rmse,persistence,surface_speed,1020,0.00316093269114693,0.002589681837707758,0.0035840360913425686
rmse,persistence,surface_speed,1030,0.0028975921993454295,0.0024303508922457694,0.0033387545496225356
rmse,persistence,surface_speed,1040,0.00395554380180935,0.0035511822905391456,0.004330276697874069
rmse,persistence,surface_speed,1050,0.004316455125808716,0.004024873534217477,0.004550627991557121
rmse,persistence,surface_speed,1060,0.00478405902783076,0.00452280966565013,0.005049935635179281
rmse,persistence,surface_speed,1070,0.005422013128797213,0.004969621263444424,0.005745388101786375
rmse,persistence,surface_speed,1080,0.0056353527121245865,0.005263270530849695,0.005903408024460077
rmse,persistence,surface_speed,1090,0.005846110420922438,0.005385382194072008,0.006351128127425909
rmse,persistence,surface_speed,1100,0.0058604764131208265,0.004976084176450968,0.006605743058025837
rmse,persistence,surface_speed,1110,0.0058881697244942185,0.00495717665180564,0.007104211207479239
rmse,persistence,surface_speed,1120,0.006215595050404469,0.005340002197772265,0.0077884020283818245
rmse,persistence,surface_speed,1130,0.0061740400890509285,0.004782317206263542,0.00828635785728693
rmse,persistence,surface_speed,1140,0.006042889008919398,0.004781127627938986,0.0082558861002326
rmse,persistence,surface_speed,1150,0.006259916132936875,0.005204803124070167,0.00820841733366251
rmse,persistence,surface_speed,1160,0.005787101046492656,0.004202405828982592,0.007790586166083813
rmse,persistence,surface_speed,1170,0.005188565126930674,0.0035260446835309266,0.007376363873481751
rmse,persistence,surface_speed,1180,0.005134417861700058,0.0036259871907532216,0.007074572890996933
rmse,persistence,surface_speed,1190,0.004303622633839647,0.0023777227848768233,0.006560896802693605
rmse,persistence,surface_speed,1200,0.0037603901466354726,0.0013268893118947745,0.0062711752951145165
rmse,persistence,surface_speed,1210,0.004732890954862038,0.0028760279528796673,0.006637680344283581
rmse,persistence,surface_speed,1220,0.005069988764201601,0.003473366843536496,0.006770013831555843
rmse,persistence,surface_speed,1230,0.005416349849353234,0.003982059564441443,0.0069816564209759235
rmse,persistence,surface_speed,1240,0.005949056334793567,0.004631587117910385,0.007394359912723303
rmse,persistence,surface_speed,1250,0.006083644833415747,0.004904293268918991,0.007561296783387661
rmse,persistence,surface_speed,1260,0.0061594606998066105,0.005152880307286977,0.007638327125459909
rmse,persistence,surface_speed,1270,0.006015621063609918,0.004693176224827766,0.007508671190589666
rmse,persistence,surface_speed,1280,0.005791012508173783,0.004770614393055439,0.007346407882869244
rmse,persistence,surface_speed,1290,0.005893989372998476,0.0052193434908986095,0.007300693169236183
rmse,persistence,surface_speed,1300,0.005709502194076776,0.004713179636746645,0.006765085272490978
rmse,persistence,surface_speed,1310,0.005310586219032605,0.004625980835407972,0.005993795860558748
rmse,persistence,surface_speed,1320,0.005345387135942777,0.005023119691759348,0.0058115717954933645
rmse,persistence,surface_speed,1330,0.004722618559996287,0.004191618319600821,0.005532624013721943
rmse,persistence,surface_speed,1340,0.0037712609084943932,0.0033411314710974694,0.004468211904168129
rmse,persistence,surface_speed,1350,0.003473274875432253,0.0030319227837026117,0.00380386752076447
rmse,persistence,surface_speed,1360,0.002311532308037082,0.0020078407134860752,0.0026333038695156574
rmse,persistence,surface_speed,1370,0.0008603865280747414,0.0006580277578905225,0.0010000126902014017
rmse,persistence,surface_speed,1380,0.002700080272431175,0.0023538294713944196,0.003046945249661803
rmse,persistence,surface_speed,1390,0.003359393108015259,0.003002719022333622,0.003746657492592931
rmse,persistence,surface_speed,1400,0.003810633843143781,0.0033578867558389904,0.0042372655123472215
rmse,persistence,surface_speed,1410,0.004629435824851195,0.004022398125380277,0.005186037719249725
rmse,persistence,surface_speed,1420,0.004960988306750854,0.0043741163797676565,0.005334119591861963
rmse,persistence,surface_speed,1430,0.005196399986743927,0.00458071306347847,0.005850005801767111
rmse,persistence,surface_speed,1440,0.005270600877702236,0.0044818509370088576,0.00584067776799202
rmse,persistence,surface_speed,1450,0.0052026129638155305,0.00445866072550416,0.00575900562107563
rmse,persistence,surface_speed,1460,0.005480492860078812,0.004823276773095131,0.006040386483073234
rmse,persistence,surface_speed,1470,0.005569251844038566,0.004914786387234926,0.006075484026223421
rmse,persistence,surface_speed,1480,0.005321081448346377,0.004883964546024799,0.005943313147872686
rmse,persistence,surface_speed,1490,0.0055395096230010194,0.004949832148849964,0.006481004040688276
rmse,persistence,surface_speed,1500,0.00527118102957805,0.0043867077678442,0.006017064210027456
rmse,persistence,surface_speed,1510,0.004610671848058701,0.0039552003145217896,0.005236270651221275
rmse,persistence,surface_speed,1520,0.004500408625851075,0.0034100741613656282,0.00599398585036397
rmse,persistence,surface_speed,1530,0.0039508796917895475,0.00242335326038301,0.006090430915355683
rmse,persistence,surface_speed,1540,0.003205504547804594,0.0011448717443272472,0.005670259147882462
rmse,persistence,surface_speed,1550,0.004238261608406901,0.002566173207014799,0.0063694224692881106
rmse,persistence,surface_speed,1560,0.004824781185016036,0.003382566897198558,0.006804257724434137
rmse,persistence,surface_speed,1570,0.00509809471356372,0.003892990155145526,0.0069968136027455325
rmse,persistence,surface_speed,1580,0.005675309368719657,0.004355597589164972,0.007415091805160046
rmse,persistence,surface_speed,1590,0.005880839222421249,0.004536484647542238,0.0074696863070130345
rmse,persistence,surface_speed,1600,0.005939878554393848,0.004768726322799921,0.007442683354020118
rmse,persistence,surface_speed,1610,0.005919996121277412,0.004814906138926744,0.0072590896859765055
rmse,persistence,surface_speed,1620,0.005720520950853824,0.004617493506520987,0.006450921855866909
rmse,persistence,surface_speed,1630,0.005823944912602504,0.005033220909535885,0.006607730127871037
rmse,persistence,surface_speed,1640,0.005879130649069945,0.005214088596403599,0.006437920965254307
rmse,persistence,surface_speed,1650,0.005534062689791123,0.005178236216306686,0.0059669696725904945
rmse,persistence,surface_speed,1660,0.005621468865623077,0.005126961972564459,0.006304887402802706
rmse,persistence,surface_speed,1670,0.005348707363009453,0.004771659336984158,0.005742867384105921
rmse,persistence,surface_speed,1680,0.0045537490397691725,0.0043194257654249665,0.004849060345441103
rmse,persistence,surface_speed,1690,0.004279368712256352,0.0037772759329527616,0.004831085726618767
rmse,persistence,surface_speed,1700,0.003705649853994449,0.0031518375035375357,0.004228952713310718
rmse,persistence,surface_speed,1710,0.0026585175500561794,0.0021887618117034436,0.0031555387191474437
rmse,persistence,surface_speed,1720,0.0035027526939908665,0.003035449841991067,0.003906430583447218
rmse,persistence,surface_speed,1730,0.004200760787352919,0.0038110827561467888,0.004461795929819346
rmse,persistence,surface_speed,1740,0.004485504329204559,0.004312591347843409,0.004701824393123388
rmse,persistence,surface_speed,1750,0.005165327588717143,0.004764758516103029,0.0054634975269436835
rmse,persistence,surface_speed,1760,0.005545431313415368,0.005137717165052891,0.005876635294407606
rmse,persistence,surface_speed,1770,0.005725490984817346,0.005312986951321363,0.006088816281408072
rmse,persistence,surface_speed,1780,0.005857820436358452,0.005156800150871277,0.006453465856611729
rmse,persistence,surface_speed,1790,0.005793159268796444,0.004840214271098375,0.006752697937190533
rmse,persistence,surface_speed,1800,0.006011278244356314,0.005335303023457527,0.007334782090038061
rmse,persistence,surface_speed,1810,0.006213290399561326,0.005173486098647118,0.007940319925546646
rmse,persistence,surface_speed,1820,0.005949465154359738,0.004599761217832565,0.008004466630518436
rmse,persistence,surface_speed,1830,0.0061080130438009896,0.005179834365844726,0.0079878406599164
rmse,persistence,surface_speed,1840,0.005994955947001775,0.004853555932641029,0.0076080761849880215
rmse,persistence,surface_speed,1850,0.0052418586487571394,0.0035830398090183737,0.007217330392450094
rmse,persistence,surface_speed,1860,0.0050087403350820145,0.0037127180956304075,0.006895121745765209
rmse,persistence,surface_speed,1870,0.0046241052293529115,0.003203581692650914,0.006441727187484502
rmse,persistence,surface_speed,1880,0.0034639520260194936,0.0012894167564809324,0.005808468908071518
rmse,persistence,surface_speed,1890,0.004062210256233811,0.0023296416271477937,0.005874175392091274
rmse,persistence,surface_speed,1900,0.004735863441601396,0.0032756363973021506,0.006314330361783504
rmse,persistence,surface_speed,1910,0.004947503842413425,0.003740064986050129,0.006328813824802637
rmse,persistence,surface_speed,1920,0.005506005448599656,0.0044061335735023025,0.006760897859930992
rmse,persistence,surface_speed,1930,0.005830251735945543,0.004838667437434196,0.00720574539154768
rmse,persistence,surface_speed,1940,0.005888525055100521,0.004921339359134436,0.007243120484054089
rmse,persistence,surface_speed,1950,0.005881830677390098,0.004751720651984215,0.0071145941503345965
rmse,persistence,surface_speed,1960,0.005587353774656852,0.004481740109622478,0.00686678932979703
rmse,persistence,surface_speed,1970,0.005547779984772206,0.004984524566680193,0.006728372629731893
rmse,persistence,surface_speed,1980,0.005602989283700784,0.004995788726955652,0.0065515262074768545
rmse,persistence,surface_speed,1990,0.005161304151018461,0.0044117792509496215,0.0058073695749044415
rmse,persistence,surface_speed,2000,0.005100472581883272,0.004923991486430168,0.005275088641792536
rmse,model,phihyd_surface,0,0.0,0.0,0.0
rmse,model,phihyd_surface,10,0.002559360240896543,0.0019455032190307975,0.0029256308916956186
rmse,model,phihyd_surface,20,0.0032874199096113443,0.0024565158411860464,0.0037727490067481994
rmse,model,phihyd_surface,30,0.0037636228216191133,0.0028312630485743282,0.004342411831021309
rmse,model,phihyd_surface,40,0.004160396149381995,0.003181443177163601,0.004797270614653825
rmse,model,phihyd_surface,50,0.004502396968503793,0.0034514231607317924,0.005206544324755668
rmse,model,phihyd_surface,60,0.004845035014053186,0.00375600871630013,0.005565573181957007
rmse,model,phihyd_surface,70,0.005166520411148667,0.004013821994885802,0.0059400624595582485
rmse,model,phihyd_surface,80,0.005462995249157151,0.004240735806524754,0.0062599098309874535
rmse,model,phihyd_surface,90,0.005730446986854076,0.004556699190288782,0.006499151140451431
rmse,model,phihyd_surface,100,0.006003346635649601,0.005012418515980244,0.006732221692800522
rmse,model,phihyd_surface,110,0.006265309856583675,0.005174906924366951,0.007046384830027818
rmse,model,phihyd_surface,120,0.006527027394622564,0.005401069764047861,0.007243103999644518
rmse,model,phihyd_surface,130,0.006828369572758675,0.0057475914247334,0.0075504290871322155
rmse,model,phihyd_surface,140,0.00711191746716698,0.0060983974486589435,0.007921421900391579
rmse,model,phihyd_surface,150,0.0073586688687403996,0.0064881441183388235,0.008145998418331146
rmse,model,phihyd_surface,160,0.007624564661333958,0.007051359675824642,0.008398892171680926
rmse,model,phihyd_surface,170,0.007898803272595008,0.007519270852208137,0.008710713498294354
rmse,model,phihyd_surface,180,0.008155649372686943,0.007781431544572115,0.009024914726614952
rmse,model,phihyd_surface,190,0.008419113388905922,0.007960028573870659,0.009316314943134785
rmse,model,phihyd_surface,200,0.008698260535796483,0.008152606151998042,0.009626496396958827
rmse,model,phihyd_surface,210,0.008952622426052888,0.008416469767689705,0.009936795942485331
rmse,model,phihyd_surface,220,0.009213110121587912,0.008761087246239186,0.010218190774321555
rmse,model,phihyd_surface,230,0.009489692437152067,0.009035465493798255,0.0105563934892416
rmse,model,phihyd_surface,240,0.009770981098214785,0.009238756075501443,0.010981650650501251
rmse,model,phihyd_surface,250,0.01004253135373195,0.009481891617178917,0.011286726780235767
rmse,model,phihyd_surface,260,0.010323879495263099,0.009720731526613235,0.011580146104097366
rmse,model,phihyd_surface,270,0.010609854074815909,0.009989902190864087,0.011890510283410548
rmse,model,phihyd_surface,280,0.010926065842310588,0.010201721638441085,0.012278023175895214
rmse,model,phihyd_surface,290,0.011235230788588523,0.010444498248398304,0.012632346898317336
rmse,model,phihyd_surface,300,0.011555500328540802,0.010687312297523021,0.012993409298360348
rmse,model,phihyd_surface,310,0.011883505620062351,0.010950056649744511,0.013374077528715132
rmse,model,phihyd_surface,320,0.012213768996298313,0.011260180734097958,0.01377692874521017
rmse,model,phihyd_surface,330,0.012565065547823906,0.011604908294975758,0.014180273190140723
rmse,model,phihyd_surface,340,0.012928705538312595,0.011919429525732994,0.014550002478063106
rmse,model,phihyd_surface,350,0.013262069970369338,0.012245760671794415,0.014940074086189269
rmse,model,phihyd_surface,360,0.01359704751521349,0.012555854953825473,0.015302520245313644
rmse,model,phihyd_surface,370,0.013929590396583081,0.012879189662635326,0.015699388459324837
rmse,model,phihyd_surface,380,0.014243006519973279,0.01310723852366209,0.01602398082613945
rmse,model,phihyd_surface,390,0.014600258320569992,0.013350656814873218,0.016402858868241308
rmse,model,phihyd_surface,400,0.014923615319033464,0.013452248275279998,0.016813395172357557
rmse,model,phihyd_surface,410,0.01524265290548404,0.013684798963367939,0.017201529443264005
rmse,model,phihyd_surface,420,0.015504076021413009,0.013817048445343972,0.017343254014849662
rmse,model,phihyd_surface,430,0.01579640693962574,0.014033397100865841,0.017564741894602776
rmse,model,phihyd_surface,440,0.0160639983912309,0.014274820499122143,0.017754774913191794
rmse,model,phihyd_surface,450,0.016389593730370203,0.01443991418927908,0.018074700608849525
rmse,model,phihyd_surface,460,0.01658725328743458,0.014544860646128654,0.01842871941626072
rmse,model,phihyd_surface,470,0.016781346624096236,0.014904527924954891,0.01862359680235386
rmse,model,phihyd_surface,480,0.01704956262061993,0.015189429931342601,0.01881185732781887
rmse,model,phihyd_surface,490,0.017307483839492002,0.01530569400638342,0.0191361416131258
rmse,model,phihyd_surface,500,0.01753809619694948,0.01554645448923111,0.01933640316128731
rmse,model,phihyd_surface,510,0.01781847228606542,0.01573967859148979,0.019656359776854513
rmse,model,phihyd_surface,520,0.018053575046360494,0.016088291257619857,0.019824413955211638
rmse,model,phihyd_surface,530,0.018218022584915162,0.016314568370580672,0.02000190019607544
rmse,model,phihyd_surface,540,0.018424139420191447,0.0165536068379879,0.020202213898301125
rmse,model,phihyd_surface,550,0.01867571547627449,0.016903795301914215,0.020349241420626638
rmse,model,phihyd_surface,560,0.018887501706679664,0.016936645656824113,0.020553966611623762
rmse,model,phihyd_surface,570,0.01904778430859248,0.01703197732567787,0.020790644362568854
rmse,model,phihyd_surface,580,0.0193584763755401,0.0175822664052248,0.02100360058248043
rmse,model,phihyd_surface,590,0.019573419789473214,0.017454712465405465,0.021222822740674017
rmse,model,phihyd_surface,600,0.019787832473715145,0.017476440966129304,0.02133396752178669
rmse,model,phihyd_surface,610,0.01999415916701158,0.017906004562973976,0.02134377956390381
rmse,model,phihyd_surface,620,0.020308267821868262,0.018068777769804,0.021610667183995246
rmse,model,phihyd_surface,630,0.020364484190940856,0.01774973198771477,0.02180948182940483
rmse,model,phihyd_surface,640,0.02044959304233392,0.018202751129865646,0.021849441155791283
rmse,model,phihyd_surface,650,0.020728861168026923,0.018718135356903077,0.022200088202953338
rmse,model,phihyd_surface,660,0.02083118011554082,0.018576569110155105,0.022329961135983466
rmse,model,phihyd_surface,670,0.02085228661696116,0.01872655563056469,0.02233746200799942
rmse,model,phihyd_surface,680,0.021105518688758214,0.019169480353593827,0.022591429948806762
rmse,model,phihyd_surface,690,0.02125639021396637,0.01921209171414375,0.022611156105995178
rmse,model,phihyd_surface,700,0.021218235169847808,0.01929352097213268,0.022725028172135352
rmse,model,phihyd_surface,710,0.021303498869140944,0.01962205171585083,0.022802080586552618
rmse,model,phihyd_surface,720,0.02152528278529644,0.019911179319024086,0.022956938669085502
rmse,model,phihyd_surface,730,0.02162850300470988,0.019674383848905564,0.023132243379950523
rmse,model,phihyd_surface,740,0.021702975158890088,0.019933196902275085,0.023058489710092545
rmse,model,phihyd_surface,750,0.02195322687427203,0.0204250480979681,0.02348940894007683
rmse,model,phihyd_surface,760,0.022109012057383855,0.020108303055167198,0.024036184325814246
rmse,model,phihyd_surface,770,0.02222223716477553,0.020379412174224853,0.02395700141787529
rmse,model,phihyd_surface,780,0.022455475851893426,0.021085767075419426,0.024039438366889952
rmse,model,phihyd_surface,790,0.022781434655189513,0.020959419757127763,0.02430324777960777
rmse,model,phihyd_surface,800,0.02279604859650135,0.020400982350111008,0.024774512648582457
rmse,model,phihyd_surface,810,0.022879805912574134,0.021157820522785187,0.024624720960855485
rmse,model,phihyd_surface,820,0.023174821585416793,0.02191588617861271,0.024949781224131582
rmse,model,phihyd_surface,830,0.023252564171950024,0.021432550996541976,0.025384452566504477
rmse,model,phihyd_surface,840,0.02327415756881237,0.021545938029885293,0.025518073141574858
rmse,model,phihyd_surface,850,0.023517054195205372,0.022127048671245576,0.025563133880496025
rmse,model,phihyd_surface,860,0.02369730311135451,0.022324345633387567,0.02566421180963516
rmse,model,phihyd_surface,870,0.023641487335165343,0.022145987674593925,0.025445201247930527
rmse,model,phihyd_surface,880,0.023720349619785943,0.022597335651516913,0.025416230410337446
rmse,model,phihyd_surface,890,0.023924086367090543,0.022658204287290575,0.025607045739889145
rmse,model,phihyd_surface,900,0.02407814934849739,0.02212342470884323,0.02600959539413452
rmse,model,phihyd_surface,910,0.0240643801788489,0.02238386422395706,0.025615030527114866
rmse,model,phihyd_surface,920,0.02426055781543255,0.02273840494453907,0.025828557461500166
rmse,model,phihyd_surface,930,0.024444119011362394,0.022624408826231956,0.026501285284757613
rmse,model,phihyd_surface,940,0.024554190039634705,0.022757605835795402,0.025863637402653693
rmse,model,phihyd_surface,950,0.024666332950194676,0.023103043809533118,0.025968911498785018
rmse,model,phihyd_surface,960,0.024966729804873466,0.02350352667272091,0.026100114360451697
rmse,model,phihyd_surface,970,0.024901693438490233,0.02280256003141403,0.02618664987385273
rmse,model,phihyd_surface,980,0.02494556357463201,0.023378096893429755,0.026080136373639106
rmse,model,phihyd_surface,990,0.025137607753276826,0.024029459804296494,0.026195840910077095
rmse,model,phihyd_surface,1000,0.025213869536916414,0.023680577427148818,0.026464133709669112
rmse,model,phihyd_surface,1010,0.025215756520628928,0.023340420424938203,0.02628709264099598
rmse,model,phihyd_surface,1020,0.02538575033346812,0.023692562803626062,0.026310302689671515
rmse,model,phihyd_surface,1030,0.02564875694612662,0.02406955435872078,0.026596402004361152
rmse,model,phihyd_surface,1040,0.025608690828084944,0.023657770454883577,0.02662125267088413
rmse,model,phihyd_surface,1050,0.025639495253562926,0.02419571131467819,0.02672533169388771
rmse,model,phihyd_surface,1060,0.025870526333649953,0.024416343495249748,0.026759681478142738
rmse,model,phihyd_surface,1070,0.02613782249391079,0.02357245683670044,0.027095859870314598
rmse,model,phihyd_surface,1080,0.02621582125624021,0.023581141978502272,0.02731706462800503
rmse,model,phihyd_surface,1090,0.02639458452661832,0.024459297582507134,0.027348282933235168
rmse,model,phihyd_surface,1100,0.026724499464035035,0.024393559247255326,0.02818295210599899
rmse,model,phihyd_surface,1110,0.02690424434840679,0.02397027350962162,0.028067388758063316
rmse,model,phihyd_surface,1120,0.026969220489263535,0.02473969794809818,0.028045767918229103
rmse,model,phihyd_surface,1130,0.027288518100976943,0.025212582573294638,0.028405913338065147
rmse,model,phihyd_surface,1140,0.027201425284147263,0.02448500394821167,0.028505398705601693
rmse,model,phihyd_surface,1150,0.02733750728269418,0.025231610238552093,0.028427854180336
rmse,model,phihyd_surface,1160,0.027575675025582315,0.026121342927217482,0.02886543981730938
rmse,model,phihyd_surface,1170,0.027840671564141908,0.026320159435272217,0.029368057474493982
rmse,model,phihyd_surface,1180,0.027761744086941084,0.02513130530714989,0.02917254753410816
rmse,model,phihyd_surface,1190,0.02791882964471976,0.025968024879693984,0.02897709794342518
rmse,model,phihyd_surface,1200,0.028199479108055432,0.026140837371349333,0.029462779685854912
rmse,model,phihyd_surface,1210,0.028210816408197083,0.0263981182128191,0.029550906643271445
rmse,model,phihyd_surface,1220,0.028129091610511144,0.026132283359766008,0.029541365057229995
rmse,model,phihyd_surface,1230,0.028298146526018777,0.02650207094848156,0.02965213991701603
rmse,model,phihyd_surface,1240,0.0284292192508777,0.025928946584463118,0.029925795271992683
rmse,model,phihyd_surface,1250,0.028394747897982596,0.0256619893014431,0.030116176605224608
rmse,model,phihyd_surface,1260,0.02836952271560828,0.02638523392379284,0.029765603691339494
rmse,model,phihyd_surface,1270,0.028514741733670235,0.026631198450922967,0.03064572922885418
rmse,model,phihyd_surface,1280,0.02857146201034387,0.025667599961161615,0.030255625396966933
rmse,model,phihyd_surface,1290,0.02861450190345446,0.02635858915746212,0.02978750877082348
rmse,model,phihyd_surface,1300,0.028814304247498514,0.02659982703626156,0.030282071977853774
rmse,model,phihyd_surface,1310,0.02872124028702577,0.026584514975547792,0.030173176154494285
rmse,model,phihyd_surface,1320,0.028631961221496263,0.02647330015897751,0.030406368523836137
rmse,model,phihyd_surface,1330,0.028826827928423882,0.027199594676494597,0.030260078981518744
rmse,model,phihyd_surface,1340,0.02910530666510264,0.027399634197354316,0.03081790953874588
rmse,model,phihyd_surface,1350,0.02895871065557003,0.026830854639410973,0.03084733262658119
rmse,model,phihyd_surface,1360,0.029022041211525598,0.027496989443898202,0.030723894387483595
rmse,model,phihyd_surface,1370,0.029239398365219434,0.027882910147309304,0.031161563843488692
rmse,model,phihyd_surface,1380,0.02925028515358766,0.028072881698608398,0.031553265452384946
rmse,model,phihyd_surface,1390,0.029121108601490656,0.02764364257454872,0.03127195462584496
rmse,model,phihyd_surface,1400,0.029375313719113668,0.027959591150283812,0.031164427846670152
rmse,model,phihyd_surface,1410,0.029506744568546614,0.028184911981225014,0.03173334673047066
rmse,model,phihyd_surface,1420,0.029436303302645683,0.027676242962479593,0.031593553721904755
rmse,model,phihyd_surface,1430,0.02946150576074918,0.02795558013021946,0.0315761424601078
rmse,model,phihyd_surface,1440,0.029636442785461743,0.02790503017604351,0.032680322974920274
rmse,model,phihyd_surface,1450,0.02979443483054638,0.027705906331539153,0.0324052594602108
rmse,model,phihyd_surface,1460,0.029877729962269464,0.027704667299985886,0.03174424022436142
rmse,model,phihyd_surface,1470,0.030095560972889266,0.027962152287364005,0.032014667987823486
rmse,model,phihyd_surface,1480,0.03019108362495899,0.02831624187529087,0.03246111944317818
rmse,model,phihyd_surface,1490,0.03009964103500048,0.02822320945560932,0.03269143700599671
rmse,model,phihyd_surface,1500,0.030347354461749396,0.028487340733408927,0.03265548795461655
rmse,model,phihyd_surface,1510,0.030705002198616663,0.028641299903392793,0.033219975233078
rmse,model,phihyd_surface,1520,0.030700339501102767,0.028762977570295334,0.03320404291152954
rmse,model,phihyd_surface,1530,0.030670590326189996,0.028953174874186517,0.03254072889685631
rmse,model,phihyd_surface,1540,0.030860754971702892,0.029141189903020857,0.03282535001635552
rmse,model,phihyd_surface,1550,0.031005848323305447,0.029852765426039696,0.03320562317967415
rmse,model,phihyd_surface,1560,0.03086561473707358,0.029546640068292617,0.032821594178676604
rmse,model,phihyd_surface,1570,0.031095491225520768,0.030085987597703933,0.03259172663092613
rmse,model,phihyd_surface,1580,0.031139291574557623,0.030033323913812637,0.03267008364200592
rmse,model,phihyd_surface,1590,0.03113433706263701,0.02966623045504093,0.03254188075661659
rmse,model,phihyd_surface,1600,0.031124981616934142,0.029730043560266494,0.03240045607089996
rmse,model,phihyd_surface,1610,0.031240112831195196,0.030090483650565148,0.03284769877791405
rmse,model,phihyd_surface,1620,0.03130931556224823,0.02974075637757778,0.033600305765867235
rmse,model,phihyd_surface,1630,0.03147039326528708,0.02955680973827839,0.03303469642996788
rmse,model,phihyd_surface,1640,0.031645692512393,0.02967754751443863,0.03286115080118179
rmse,model,phihyd_surface,1650,0.03167728831370672,0.029390516132116316,0.03345477506518364
rmse,model,phihyd_surface,1660,0.03153858631849289,0.029432183131575584,0.03322240710258484
rmse,model,phihyd_surface,1670,0.03167828433215618,0.029773439466953277,0.033190445601940156
rmse,model,phihyd_surface,1680,0.031886511171857514,0.029787053912878038,0.03341517448425293
rmse,model,phihyd_surface,1690,0.03207212140162786,0.030137962475419045,0.03368627429008484
rmse,model,phihyd_surface,1700,0.03194603882730007,0.02991562709212303,0.033775512129068375
rmse,model,phihyd_surface,1710,0.03211598061025143,0.030718928575515746,0.033717475831508636
rmse,model,phihyd_surface,1720,0.03214944452047348,0.030665345117449762,0.03417966142296791
rmse,model,phihyd_surface,1730,0.03207294481496016,0.030719604715704917,0.03391868844628334
rmse,model,phihyd_surface,1740,0.03232104989389579,0.03096187300980091,0.03406589850783348
rmse,model,phihyd_surface,1750,0.03261019376417001,0.030642594024538995,0.03418078050017357
rmse,model,phihyd_surface,1760,0.03250977409382661,0.030001476407051086,0.03408164009451866
rmse,model,phihyd_surface,1770,0.03256160728633404,0.030261339992284773,0.03420276939868927
rmse,model,phihyd_surface,1780,0.03281179132560889,0.03072144202888012,0.03464954122900963
rmse,model,phihyd_surface,1790,0.03277419731020927,0.03032347299158573,0.034678809344768524
rmse,model,phihyd_surface,1800,0.032896788169940315,0.030029352754354477,0.034961916506290436
rmse,model,phihyd_surface,1810,0.03311559992531935,0.030240416899323462,0.03457602933049202
rmse,model,phihyd_surface,1820,0.033117377385497096,0.029968346655368804,0.03459966406226158
rmse,model,phihyd_surface,1830,0.03300980105996132,0.030366943031549454,0.03452478796243667
rmse,model,phihyd_surface,1840,0.03317558243870735,0.03072359226644039,0.034645795822143555
rmse,model,phihyd_surface,1850,0.0334904690583547,0.030500904470682145,0.03475465551018715
rmse,model,phihyd_surface,1860,0.033572270348668096,0.030719160661101343,0.035156340897083284
rmse,model,phihyd_surface,1870,0.03345735594630241,0.03123754672706127,0.03532904163002968
rmse,model,phihyd_surface,1880,0.0335863534361124,0.0313942201435566,0.035518817603588104
rmse,model,phihyd_surface,1890,0.03363174473245938,0.03159101158380508,0.03565422743558884
rmse,model,phihyd_surface,1900,0.0334951102733612,0.03186523243784904,0.03532607927918434
rmse,model,phihyd_surface,1910,0.033565692231059076,0.03204003572463989,0.03554336279630661
rmse,model,phihyd_surface,1920,0.033842863390843074,0.031754642724990845,0.035772253572940824
rmse,model,phihyd_surface,1930,0.03363837351401647,0.031233684718608858,0.035551607608795166
rmse,model,phihyd_surface,1940,0.033585087830821675,0.031618716195225716,0.035325215011835095
rmse,model,phihyd_surface,1950,0.03380982105930646,0.031954465061426164,0.03566339761018753
rmse,model,phihyd_surface,1960,0.03391401084760825,0.031671176105737685,0.036013300716876986
rmse,model,phihyd_surface,1970,0.03384657514592012,0.031616180390119555,0.03595379889011383
rmse,model,phihyd_surface,1980,0.03405611601968606,0.0318720780313015,0.035587357729673384
rmse,model,phihyd_surface,1990,0.034173226356506346,0.03191096559166908,0.03580310940742493
rmse,model,phihyd_surface,2000,0.034095192700624465,0.0317204587161541,0.03609134256839752
rmse,climatology,phihyd_surface,0,0.05692157025138537,0.0540118932723999,0.06075506955385208
rmse,climatology,phihyd_surface,10,0.056680009017388025,0.05367028638720513,0.06037708297371864
rmse,climatology,phihyd_surface,20,0.05694338803490003,0.05384332314133644,0.06084540709853172
rmse,climatology,phihyd_surface,30,0.057446611920992534,0.05423908606171608,0.060870414972305296
rmse,climatology,phihyd_surface,40,0.057454103728135426,0.05363750085234642,0.0611496739089489
rmse,climatology,phihyd_surface,50,0.057469504823287325,0.05428253337740898,0.06128906905651092
rmse,climatology,phihyd_surface,60,0.057764495412508644,0.054917764663696286,0.061568853259086606
rmse,climatology,phihyd_surface,70,0.057812611510356264,0.05439188927412033,0.06136211305856704
rmse,climatology,phihyd_surface,80,0.05779709865649541,0.0544616349041462,0.06104524731636047
rmse,climatology,phihyd_surface,90,0.05823042243719101,0.054851552844047545,0.061501675844192506
rmse,climatology,phihyd_surface,100,0.058571910858154295,0.05556148514151573,0.06224257200956344
rmse,climatology,phihyd_surface,110,0.05832597240805626,0.05456456691026688,0.062055636942386624
rmse,climatology,phihyd_surface,120,0.05838046645124753,0.0552049845457077,0.06185265481472015
rmse,climatology,phihyd_surface,130,0.058862271656592684,0.056280724704265594,0.06226893961429596
rmse,climatology,phihyd_surface,140,0.05890630135933558,0.055307308584451674,0.06234569996595383
rmse,climatology,phihyd_surface,150,0.058795631925265,0.055010396242141726,0.06245765537023544
rmse,climatology,phihyd_surface,160,0.059227278580268224,0.055673220008611676,0.06248127669095993
rmse,climatology,phihyd_surface,170,0.0593919758995374,0.05608486458659172,0.06336658149957657
rmse,climatology,phihyd_surface,180,0.05913980553547541,0.05560798794031143,0.06322231292724609
rmse,climatology,phihyd_surface,190,0.05930270453294118,0.05560361742973328,0.06361835449934006
rmse,climatology,phihyd_surface,200,0.05977260222037633,0.0562749944627285,0.06364061832427978
rmse,climatology,phihyd_surface,210,0.05977979078888893,0.055629491060972217,0.06387710720300674
rmse,climatology,phihyd_surface,220,0.059729818751414615,0.05552392974495888,0.0639174908399582
rmse,climatology,phihyd_surface,230,0.05998009741306305,0.05623206943273544,0.06413090825080872
rmse,climatology,phihyd_surface,240,0.060027102132638295,0.056172411888837814,0.06374824345111847
rmse,climatology,phihyd_surface,250,0.05995760038495064,0.055935739725828174,0.06330418288707733
rmse,climatology,phihyd_surface,260,0.060308658083279926,0.056830041110515594,0.0638186901807785
rmse,climatology,phihyd_surface,270,0.06065331523617109,0.05662447139620781,0.06455380767583847
rmse,climatology,phihyd_surface,280,0.060408310343821846,0.055542159080505374,0.06437153369188309
rmse,climatology,phihyd_surface,290,0.060378834356864294,0.05614174604415893,0.06424322873353958
rmse,climatology,phihyd_surface,300,0.060835018505652746,0.05727676749229431,0.06441317796707154
rmse,climatology,phihyd_surface,310,0.06092786093552907,0.05653144121170044,0.06424515843391418
rmse,climatology,phihyd_surface,320,0.06076440364122391,0.05623466148972511,0.06415620446205139
rmse,climatology,phihyd_surface,330,0.06115221704045932,0.057151006907224654,0.06424508988857269
rmse,climatology,phihyd_surface,340,0.06138925676544507,0.05764157474040985,0.0649036094546318
rmse,climatology,phihyd_surface,350,0.06119506061077118,0.05739986523985863,0.06481354087591171
rmse,climatology,phihyd_surface,360,0.06133954251805941,0.05728352516889572,0.06510765999555587
rmse,climatology,phihyd_surface,370,0.061872268964846926,0.05792978852987289,0.06517649292945862
rmse,climatology,phihyd_surface,380,0.06199516380826632,0.057432716339826585,0.06543024182319641
rmse,climatology,phihyd_surface,390,0.06198998764157295,0.05779837444424629,0.06556831300258636
rmse,climatology,phihyd_surface,400,0.062293627361456556,0.058491166681051254,0.06596781015396118
rmse,climatology,phihyd_surface,410,0.062442297488451,0.05825912728905678,0.06599228531122207
rmse,climatology,phihyd_surface,420,0.06242025246222814,0.05794728249311447,0.06558659225702286
rmse,climatology,phihyd_surface,430,0.062762417892615,0.05885829702019692,0.06606810241937637
rmse,climatology,phihyd_surface,440,0.06317219361662865,0.05912090167403221,0.06672806590795517
rmse,climatology,phihyd_surface,450,0.06301639502247175,0.058131230622529985,0.06668462157249451
rmse,climatology,phihyd_surface,460,0.06298208609223366,0.05840150192379952,0.06662967056035995
rmse,climatology,phihyd_surface,470,0.06345696076750755,0.05980171412229538,0.06670883595943451
rmse,climatology,phihyd_surface,480,0.06364863117535909,0.05933931693434715,0.06689698845148087
rmse,climatology,phihyd_surface,490,0.06349440515041352,0.058671087771654126,0.0667315036058426
rmse,climatology,phihyd_surface,500,0.06383654524882634,0.05955568253993988,0.06678965836763381
rmse,climatology,phihyd_surface,510,0.0641077975432078,0.06015075296163559,0.06744753420352936
rmse,climatology,phihyd_surface,520,0.06394057770570119,0.05998289659619331,0.06756779104471207
rmse,climatology,phihyd_surface,530,0.06401904573043188,0.05976750776171684,0.0676952913403511
rmse,climatology,phihyd_surface,540,0.0645153840382894,0.06048252657055855,0.06781647205352784
rmse,climatology,phihyd_surface,550,0.0646311655640602,0.05994043275713921,0.06802677810192108
rmse,climatology,phihyd_surface,560,0.06453656579057375,0.05998754277825356,0.06790613681077957
rmse,climatology,phihyd_surface,570,0.06474194129308065,0.060726483911275865,0.06819631457328797
rmse,climatology,phihyd_surface,580,0.06484273374080658,0.06062316745519638,0.06818518936634063
rmse,climatology,phihyd_surface,590,0.06473097776373228,0.06019945740699768,0.0677907258272171
rmse,climatology,phihyd_surface,600,0.06492720146973928,0.06103810369968414,0.06781469285488129
rmse,climatology,phihyd_surface,610,0.06525187293688456,0.061425799131393434,0.06837361603975296
rmse,climatology,phihyd_surface,620,0.06504991576075554,0.0605489231646061,0.06846066415309907
rmse,climatology,phihyd_surface,630,0.06490104297796885,0.06062305271625519,0.0684202641248703
rmse,climatology,phihyd_surface,640,0.06531135588884354,0.06204385906457901,0.06836063712835312
rmse,climatology,phihyd_surface,650,0.06555694863200187,0.061809518933296205,0.06876436620950699
rmse,climatology,phihyd_surface,660,0.06541104912757874,0.061003798991441725,0.06861963719129563
rmse,climatology,phihyd_surface,670,0.06570803076028824,0.061936506628990175,0.0688043013215065
rmse,climatology,phihyd_surface,680,0.0660092497865359,0.062600277364254,0.0692927896976471
rmse,climatology,phihyd_surface,690,0.0658518247306347,0.06251320242881775,0.06977245509624481
rmse,climatology,phihyd_surface,700,0.06584160402417183,0.06241929233074188,0.06980532109737396
rmse,climatology,phihyd_surface,710,0.06630083546042442,0.06296867281198501,0.06997156739234925
rmse,climatology,phihyd_surface,720,0.06648046374320984,0.062468376755714414,0.07018117904663086
rmse,climatology,phihyd_surface,730,0.06641964713732401,0.06260938346385955,0.07019177228212356
rmse,climatology,phihyd_surface,740,0.06664885804057122,0.06345040500164031,0.07059156149625778
rmse,climatology,phihyd_surface,750,0.06683835089206695,0.06345011740922928,0.0707003727555275
rmse,climatology,phihyd_surface,760,0.06681650504469872,0.06288141608238221,0.07037393897771835
rmse,climatology,phihyd_surface,770,0.06707796951134999,0.0636759877204895,0.07060198932886123
rmse,climatology,phihyd_surface,780,0.06754937469959259,0.06427071988582611,0.07117386013269425
rmse,climatology,phihyd_surface,790,0.06753469879428546,0.06359432190656662,0.07149288803339005
rmse,climatology,phihyd_surface,800,0.06743075003226598,0.06349241882562637,0.07149431854486465
rmse,climatology,phihyd_surface,810,0.06782886336247126,0.0648969516158104,0.0713901087641716
rmse,climatology,phihyd_surface,820,0.06812459776798883,0.06491313874721527,0.0719097688794136
rmse,climatology,phihyd_surface,830,0.06798334966103235,0.06410926282405853,0.07158269584178925
rmse,climatology,phihyd_surface,840,0.06821932643651962,0.06457338482141495,0.07177293300628662
rmse,climatology,phihyd_surface,850,0.06853639433781306,0.06560182124376297,0.07200665324926377
rmse,climatology,phihyd_surface,860,0.06839062025149663,0.0655621588230133,0.07204246073961258
rmse,climatology,phihyd_surface,870,0.06830141643683116,0.06521108746528625,0.07175869345664979
rmse,climatology,phihyd_surface,880,0.06871830274661382,0.06573315560817719,0.07197325229644776
rmse,climatology,phihyd_surface,890,0.06895308246215184,0.06555509567260742,0.07220278680324554
rmse,climatology,phihyd_surface,900,0.06890016992886862,0.06515448391437531,0.07240539491176605
rmse,climatology,phihyd_surface,910,0.06908411085605622,0.06562727093696594,0.07289955019950867
rmse,climatology,phihyd_surface,920,0.06925471325715384,0.06586232334375382,0.07299630343914032
rmse,climatology,phihyd_surface,930,0.06918003112077713,0.06542624533176422,0.0726561963558197
rmse,climatology,phihyd_surface,940,0.0693193236986796,0.06592341363430024,0.0728282243013382
rmse,climatology,phihyd_surface,950,0.06971457004547119,0.06607861071825027,0.07327287346124649
rmse,climatology,phihyd_surface,960,0.06969102174043655,0.0654661476612091,0.07342355102300643
rmse,climatology,phihyd_surface,970,0.0695037176211675,0.06514701396226882,0.07324914932250977
rmse,climatology,phihyd_surface,980,0.06981508036454519,0.06634537130594254,0.07320066839456559
rmse,climatology,phihyd_surface,990,0.07012118597825369,0.06629467904567718,0.07356815040111542
rmse,climatology,phihyd_surface,1000,0.06997173925240835,0.06553266793489457,0.07312462031841278
rmse,climatology,phihyd_surface,1010,0.07013312727212906,0.06612063795328141,0.07337591648101807
rmse,climatology,phihyd_surface,1020,0.07049078692992529,0.06641355156898499,0.07354060113430023
rmse,climatology,phihyd_surface,1030,0.07044793864091238,0.06647260189056396,0.07415570914745331
rmse,climatology,phihyd_surface,1040,0.07039273877938589,0.0662717029452324,0.07396337389945984
rmse,climatology,phihyd_surface,1050,0.07083370685577392,0.06690557450056075,0.07427409887313843
rmse,climatology,phihyd_surface,1060,0.07115377386411031,0.06656282246112824,0.07435140013694763
rmse,climatology,phihyd_surface,1070,0.07115020056565603,0.06656177788972854,0.07457352876663208
rmse,climatology,phihyd_surface,1080,0.07136312127113342,0.0672287479043007,0.07503714859485626
rmse,climatology,phihyd_surface,1090,0.07162613968054453,0.06766646653413773,0.07524458318948746
rmse,climatology,phihyd_surface,1100,0.07162835896015167,0.06683275401592255,0.07495339214801788
rmse,climatology,phihyd_surface,1110,0.07176018158594767,0.0674424096941948,0.07487977892160416
rmse,climatology,phihyd_surface,1120,0.07214866628249486,0.06819974184036255,0.07515641003847122
rmse,climatology,phihyd_surface,1130,0.0721589187781016,0.06770756095647812,0.0756022185087204
rmse,climatology,phihyd_surface,1140,0.07193963478008907,0.0672881320118904,0.07532519549131393
rmse,climatology,phihyd_surface,1150,0.07222985476255417,0.06845470666885375,0.07507137507200241
rmse,climatology,phihyd_surface,1160,0.07262792686621349,0.06881829798221588,0.075775246322155
rmse,climatology,phihyd_surface,1170,0.0725602368513743,0.06795705556869507,0.07545194029808044
rmse,climatology,phihyd_surface,1180,0.07267973969380061,0.06841475367546082,0.07571099996566773
rmse,climatology,phihyd_surface,1190,0.07305443336566289,0.06912154108285903,0.07585675716400146
rmse,climatology,phihyd_surface,1200,0.07307509630918503,0.06922845393419266,0.07665702700614929
rmse,climatology,phihyd_surface,1210,0.07298866808414459,0.06899158805608749,0.07622971087694168
rmse,climatology,phihyd_surface,1220,0.0733256995677948,0.06940837055444718,0.07653092294931411
rmse,climatology,phihyd_surface,1230,0.07354893386363984,0.06924781948328018,0.07654089331626893
rmse,climatology,phihyd_surface,1240,0.07337459127108256,0.06899127215147019,0.07672089487314224
rmse,climatology,phihyd_surface,1250,0.0733867809176445,0.06964316219091415,0.07682103514671326
rmse,climatology,phihyd_surface,1260,0.07356307407220204,0.07008877992630005,0.07694344073534012
rmse,climatology,phihyd_surface,1270,0.07354514598846436,0.06935083419084549,0.07673077434301376
rmse,climatology,phihyd_surface,1280,0.07363764892021815,0.06978769749403,0.0767656609416008
rmse,climatology,phihyd_surface,1290,0.0740376055240631,0.07045051455497742,0.0768529400229454
rmse,climatology,phihyd_surface,1300,0.07414656480153402,0.07014208137989045,0.07739941924810409
rmse,climatology,phihyd_surface,1310,0.07393090526262919,0.06961499154567719,0.07712427824735642
rmse,climatology,phihyd_surface,1320,0.07412738154331842,0.0706562876701355,0.07703469395637512
rmse,climatology,phihyd_surface,1330,0.07448959946632386,0.07122593224048615,0.07759877890348435
rmse,climatology,phihyd_surface,1340,0.0744293769200643,0.07043402493000031,0.07739463150501251
rmse,climatology,phihyd_surface,1350,0.0744918887813886,0.07071377038955688,0.07767269164323806
rmse,climatology,phihyd_surface,1360,0.07486753116051356,0.07150282114744186,0.07777639478445053
rmse,climatology,phihyd_surface,1370,0.07490825851758322,0.07176849097013474,0.07856562733650208
rmse,climatology,phihyd_surface,1380,0.07477229287226995,0.07154101282358169,0.07829537093639374
rmse,climatology,phihyd_surface,1390,0.07507073581218719,0.07189963310956955,0.07867537289857865
rmse,climatology,phihyd_surface,1400,0.07540774991114935,0.07191538959741592,0.07871362715959548
rmse,climatology,phihyd_surface,1410,0.07538889149824778,0.0717790737748146,0.07894333302974701
rmse,climatology,phihyd_surface,1420,0.07548548579216004,0.07243122905492783,0.07915873974561691
rmse,climatology,phihyd_surface,1430,0.07573437094688415,0.07300751954317093,0.07938239872455596
rmse,climatology,phihyd_surface,1440,0.07575590014457703,0.07233449816703796,0.07928234785795212
rmse,climatology,phihyd_surface,1450,0.07581512828667959,0.07261932641267776,0.07917832732200622
rmse,climatology,phihyd_surface,1460,0.07622155050436656,0.07301418781280518,0.07956441938877105
rmse,climatology,phihyd_surface,1470,0.076456784705321,0.07348747253417968,0.08020341843366623
rmse,climatology,phihyd_surface,1480,0.0763171891371409,0.07286379784345627,0.08004744797945022
rmse,climatology,phihyd_surface,1490,0.07649621764818827,0.07366715669631958,0.07992962151765823
rmse,climatology,phihyd_surface,1500,0.07687220325072606,0.07423707246780395,0.08038027882575989
rmse,climatology,phihyd_surface,1510,0.07683821072181066,0.07331745326519012,0.08023654520511628
rmse,climatology,phihyd_surface,1520,0.07682551294565201,0.07325226068496704,0.08038118034601212
rmse,climatology,phihyd_surface,1530,0.077163465321064,0.0741541862487793,0.08037637025117875
rmse,climatology,phihyd_surface,1540,0.07720060497522355,0.07404913604259492,0.0809181272983551
rmse,climatology,phihyd_surface,1550,0.0770004466176033,0.07363619208335877,0.08032764047384262
rmse,climatology,phihyd_surface,1560,0.07721679260333379,0.07417798042297363,0.08075584471225739
rmse,climatology,phihyd_surface,1570,0.07757302075624466,0.07428430765867233,0.08081723898649215
rmse,climatology,phihyd_surface,1580,0.07757673064867655,0.07395322322845459,0.08113281577825546
rmse,climatology,phihyd_surface,1590,0.07763385673364004,0.07408267557621002,0.08136717975139618
rmse,climatology,phihyd_surface,1600,0.07787857204675674,0.07461673468351364,0.08160435557365417
rmse,climatology,phihyd_surface,1610,0.07791258146365483,0.07438546866178512,0.08140158355236053
rmse,climatology,phihyd_surface,1620,0.07791242301464081,0.07444216758012771,0.08108875155448914
rmse,climatology,phihyd_surface,1630,0.07823084046443303,0.07487311810255051,0.08152918964624405
rmse,climatology,phihyd_surface,1640,0.07844077597061792,0.0747852623462677,0.08203520923852921
rmse,climatology,phihyd_surface,1650,0.07824296901623408,0.07407883256673813,0.08163137584924698
rmse,climatology,phihyd_surface,1660,0.07831674963235855,0.0747125118970871,0.08158945888280869
rmse,climatology,phihyd_surface,1670,0.07868469456831614,0.07535350024700165,0.08182039856910706
rmse,climatology,phihyd_surface,1680,0.07871209780375163,0.07461183071136475,0.081662879884243
rmse,climatology,phihyd_surface,1690,0.07867238720258077,0.07469270080327987,0.08177667111158371
rmse,climatology,phihyd_surface,1700,0.0790339931845665,0.07525292038917542,0.0818263366818428
rmse,climatology,phihyd_surface,1710,0.07919730991125107,0.07543612569570542,0.08244438916444778
rmse,climatology,phihyd_surface,1720,0.07909093002478282,0.07522009760141372,0.0824307844042778
rmse,climatology,phihyd_surface,1730,0.07932202766338985,0.07536506056785583,0.08287565857172012
rmse,climatology,phihyd_surface,1740,0.07975259721279145,0.07571159452199935,0.08295485824346542
rmse,climatology,phihyd_surface,1750,0.07984561920166015,0.0754326418042183,0.08320118635892867
rmse,climatology,phihyd_surface,1760,0.07992210288842519,0.07587989866733551,0.08341194540262223
rmse,climatology,phihyd_surface,1770,0.08020233164230982,0.076484052836895,0.08368216156959533
rmse,climatology,phihyd_surface,1780,0.08029500097036361,0.07606295496225357,0.08363444507122039
rmse,climatology,phihyd_surface,1790,0.08029505411783854,0.07594126760959626,0.08326652348041534
rmse,climatology,phihyd_surface,1800,0.080582195520401,0.07670546621084214,0.08344512283802033
rmse,climatology,phihyd_surface,1810,0.08082535962263743,0.07686355262994767,0.08389799147844315
rmse,climatology,phihyd_surface,1820,0.08065820087989171,0.0761458307504654,0.08381610810756683
rmse,climatology,phihyd_surface,1830,0.08071261445681253,0.07659720033407211,0.08375120759010315
rmse,climatology,phihyd_surface,1840,0.08112095048030217,0.07756310254335404,0.08392696529626846
rmse,climatology,phihyd_surface,1850,0.08123307625452678,0.07704231441020966,0.0840674802660942
rmse,climatology,phihyd_surface,1860,0.08116287887096404,0.0767599567770958,0.08408184051513672
rmse,climatology,phihyd_surface,1870,0.08148393879334132,0.07745583802461624,0.08414220064878464
rmse,climatology,phihyd_surface,1880,0.08167717109123866,0.07786711752414703,0.0846978023648262
rmse,climatology,phihyd_surface,1890,0.08155357191960017,0.0776984602212906,0.08474824577569962
rmse,climatology,phihyd_surface,1900,0.08165500412384669,0.07773183435201644,0.08486632406711578
rmse,climatology,phihyd_surface,1910,0.08196439445018769,0.0781221017241478,0.08486697971820831
rmse,climatology,phihyd_surface,1920,0.08193000058333079,0.07767378985881805,0.08507666885852813
rmse,climatology,phihyd_surface,1930,0.08183421144882838,0.07800686508417129,0.08501246720552444
rmse,climatology,phihyd_surface,1940,0.08201277901728948,0.07864661961793899,0.08517699092626571
rmse,climatology,phihyd_surface,1950,0.0820940429965655,0.07832285910844802,0.08526203483343124
rmse,climatology,phihyd_surface,1960,0.08207200318574906,0.07811755686998367,0.08503737300634384
rmse,climatology,phihyd_surface,1970,0.08233088652292887,0.07884961813688278,0.0850958302617073
rmse,climatology,phihyd_surface,1980,0.08263024489084879,0.07913771271705627,0.0856183111667633
rmse,climatology,phihyd_surface,1990,0.08250818898280461,0.07845491915941238,0.08562885224819183
rmse,climatology,phihyd_surface,2000,0.0824887494246165,0.07873230576515197,0.08563082069158554
rmse,persistence,phihyd_surface,0,0.0,0.0,0.0
rmse,persistence,phihyd_surface,10,0.010350699505458276,0.007396924961358309,0.012786458991467953
rmse,persistence,phihyd_surface,20,0.014682069482902686,0.011606127209961414,0.017236204445362092
rmse,persistence,phihyd_surface,30,0.01813393794000149,0.015945703163743018,0.021325619891285896
rmse,persistence,phihyd_surface,40,0.023417344068487486,0.018077804893255233,0.026974673941731454
rmse,persistence,phihyd_surface,50,0.02690871643523375,0.0225798349827528,0.030930523574352265
rmse,persistence,phihyd_surface,60,0.029418931528925895,0.026224426552653314,0.03442290276288986
rmse,persistence,phihyd_surface,70,0.030977992216746013,0.02609020732343197,0.035264651477336886
rmse,persistence,phihyd_surface,80,0.031150045742591222,0.026520409807562827,0.03484172448515892
rmse,persistence,phihyd_surface,90,0.03239365803698699,0.029249688237905504,0.03540579527616501
rmse,persistence,phihyd_surface,100,0.03225948164860407,0.02844003662467003,0.03502363786101341
rmse,persistence,phihyd_surface,110,0.028799115493893624,0.02590886726975441,0.03185688331723213
rmse,persistence,phihyd_surface,120,0.027389134963353476,0.02412121444940567,0.03053924851119518
rmse,persistence,phihyd_surface,130,0.02531686139603456,0.02194419503211975,0.028098203241825104
rmse,persistence,phihyd_surface,140,0.019774264097213744,0.017686392366886138,0.021753213927149774
rmse,persistence,phihyd_surface,150,0.01693753395229578,0.014315492659807205,0.019125309959053993
rmse,persistence,phihyd_surface,160,0.013396045689781507,0.011218058504164219,0.015376081690192223
rmse,persistence,phihyd_surface,170,0.006632236142953237,0.004543252196162939,0.009211843088269233
rmse,persistence,phihyd_surface,180,0.011823307691762845,0.008746748976409436,0.014190986566245557
rmse,persistence,phihyd_surface,190,0.016097692027688026,0.012788659147918224,0.01925821602344513
rmse,persistence,phihyd_surface,200,0.019039624805251756,0.016452279686927796,0.022971908375620843
rmse,persistence,phihyd_surface,210,0.024049313987294832,0.018796714767813683,0.02754022292792797
rmse,persistence,phihyd_surface,220,0.027587907885511718,0.023236847296357156,0.03174922987818718
rmse,persistence,phihyd_surface,230,0.030012928321957587,0.026738087832927703,0.03505796864628792
rmse,persistence,phihyd_surface,240,0.031689587111274405,0.026756518334150315,0.03599748238921165
rmse,persistence,phihyd_surface,250,0.03183698778351148,0.026816593855619433,0.035109365731477736
rmse,persistence,phihyd_surface,260,0.03293548077344895,0.029743649438023566,0.03579128310084343
rmse,persistence,phihyd_surface,270,0.03314891681075096,0.02931418754160404,0.03606499060988426
rmse,persistence,phihyd_surface,280,0.029847001532713573,0.0267690934240818,0.03242136910557747
rmse,persistence,phihyd_surface,290,0.028183861325184505,0.025087203085422515,0.031074604764580727
rmse,persistence,phihyd_surface,300,0.02646376925210158,0.02315697483718395,0.029269886016845704
rmse,persistence,phihyd_surface,310,0.021231967210769653,0.019354835525155066,0.02302424907684326
rmse,persistence,phihyd_surface,320,0.018106472430129847,0.015506014041602612,0.01979845352470875
rmse,persistence,phihyd_surface,330,0.01524729256828626,0.013539195992052555,0.017163263633847237
rmse,persistence,phihyd_surface,340,0.009172300497690836,0.008277679421007633,0.010142106376588345
rmse,persistence,phihyd_surface,350,0.012626016202072302,0.010895662382245064,0.01424255259335041
rmse,persistence,phihyd_surface,360,0.016900581556061903,0.014311446994543075,0.019180769473314284
rmse,persistence,phihyd_surface,370,0.019475867599248887,0.01741660721600056,0.02277185507118702
rmse,persistence,phihyd_surface,380,0.024261447663108508,0.019709407538175582,0.027329936623573303
rmse,persistence,phihyd_surface,390,0.027897535264492034,0.023581895604729654,0.031319548934698106
rmse,persistence,phihyd_surface,400,0.030309210593501727,0.02748127430677414,0.03459388166666031
rmse,persistence,phihyd_surface,410,0.03214511411885421,0.027954702824354173,0.035905007272958755
rmse,persistence,phihyd_surface,420,0.03233402135471503,0.02764187306165695,0.035950297862291335
rmse,persistence,phihyd_surface,430,0.033307912200689314,0.030546346306800844,0.035950638353824615
rmse,persistence,phihyd_surface,440,0.03383823161323865,0.03021205998957157,0.0365279532968998
rmse,persistence,phihyd_surface,450,0.030779794106880823,0.027307901158928873,0.032785499840974806
rmse,persistence,phihyd_surface,460,0.02894703547159831,0.026230430975556374,0.03116188570857048
rmse,persistence,phihyd_surface,470,0.02760178173581759,0.02469240389764309,0.030172185972332954
rmse,persistence,phihyd_surface,480,0.02272682897746563,0.020048889517784118,0.02528516240417957
rmse,persistence,phihyd_surface,490,0.019417044272025428,0.016272091865539552,0.021892016753554344
rmse,persistence,phihyd_surface,500,0.017260719339052835,0.015129698440432549,0.01884107030928135
rmse,persistence,phihyd_surface,510,0.011779833336671193,0.009526276774704457,0.013660268858075142
rmse,persistence,phihyd_surface,520,0.01391870112468799,0.012113799154758454,0.015439272671937943
rmse,persistence,phihyd_surface,530,0.018156616762280465,0.015942785143852233,0.02013680264353752
rmse,persistence,phihyd_surface,540,0.020421225329240164,0.018827595934271812,0.022957587242126466
rmse,persistence,phihyd_surface,550,0.024809945747256278,0.02096293680369854,0.027190107852220535
rmse,persistence,phihyd_surface,560,0.02843542570869128,0.023658309131860733,0.03112570159137249
rmse,persistence,phihyd_surface,570,0.030779243633151054,0.027541660144925116,0.03446303009986877
rmse,persistence,phihyd_surface,580,0.03265571718414625,0.02897219583392143,0.03620849773287773
rmse,persistence,phihyd_surface,590,0.032802363485097887,0.027523193135857583,0.03677690252661705
rmse,persistence,phihyd_surface,600,0.033551944916447,0.030697905272245408,0.03678645119071007
rmse,persistence,phihyd_surface,610,0.03424744568765163,0.0310493066906929,0.03741757646203041
rmse,persistence,phihyd_surface,620,0.03135509664813677,0.027554421871900558,0.03337596729397774
rmse,persistence,phihyd_surface,630,0.02914568061629931,0.026937657967209816,0.03138257786631584
rmse,persistence,phihyd_surface,640,0.02790232685705026,0.024986476078629492,0.030949989333748817
rmse,persistence,phihyd_surface,650,0.023206911236047744,0.021199171990156175,0.025984431430697442
rmse,persistence,phihyd_surface,660,0.019351106509566306,0.01687808334827423,0.020489643141627312
rmse,persistence,phihyd_surface,670,0.01725222890575727,0.01557402554899454,0.01944032162427902
rmse,persistence,phihyd_surface,680,0.01146235807488362,0.010601694881916045,0.012516424432396889
rmse,persistence,phihyd_surface,690,0.012502745849390824,0.011320210061967373,0.013603144697844982
rmse,persistence,phihyd_surface,700,0.017156605236232282,0.014448689110577107,0.019511164724826814
rmse,persistence,phihyd_surface,710,0.019412266835570336,0.01696406714618206,0.022555357590317727
rmse,persistence,phihyd_surface,720,0.023811874662836394,0.019789475202560424,0.02680824026465416
rmse,persistence,phihyd_surface,730,0.027788942307233812,0.022916229069232942,0.0312685176730156
rmse,persistence,phihyd_surface,740,0.030279692262411118,0.027352772653102875,0.03478817045688629
rmse,persistence,phihyd_surface,750,0.03238491391142209,0.028307559341192244,0.036872217804193495
rmse,persistence,phihyd_surface,760,0.03279062112172445,0.027859998121857642,0.03653308302164078
rmse,persistence,phihyd_surface,770,0.033523587385813396,0.030944444611668585,0.0361083023250103
rmse,persistence,phihyd_surface,780,0.03455326197048028,0.0312642939388752,0.037987370043992996
rmse,persistence,phihyd_surface,790,0.03215041520694892,0.028641016408801078,0.034128396213054656
rmse,persistence,phihyd_surface,800,0.029822831973433495,0.0277636643499136,0.03217482194304466
rmse,persistence,phihyd_surface,810,0.02892669936021169,0.026167741790413857,0.03215961307287216
rmse,persistence,phihyd_surface,820,0.024883761753638586,0.023523998633027076,0.027094386145472528
rmse,persistence,phihyd_surface,830,0.02104124240577221,0.01915645822882652,0.022344033047556878
rmse,persistence,phihyd_surface,840,0.019507469485203426,0.018181844055652617,0.021229855343699457
rmse,persistence,phihyd_surface,850,0.01483286488801241,0.013707287609577179,0.01598438769578934
rmse,persistence,phihyd_surface,860,0.014957618713378907,0.013781049847602844,0.015947993099689483
rmse,persistence,phihyd_surface,870,0.019233235840996107,0.01630372926592827,0.021268192678689957
rmse,persistence,phihyd_surface,880,0.021335350597898164,0.019196679070591926,0.024101774767041208
rmse,persistence,phihyd_surface,890,0.025222550829251608,0.0218167319893837,0.027693600952625276
rmse,persistence,phihyd_surface,900,0.029157927880684536,0.02413007952272892,0.03260806500911713
rmse,persistence,phihyd_surface,910,0.031583875169356665,0.028506096079945566,0.036103449016809466
rmse,persistence,phihyd_surface,920,0.033679926147063576,0.029720456898212434,0.038388483226299286
rmse,persistence,phihyd_surface,930,0.034199609359105425,0.02950829789042473,0.03808400928974152
rmse,persistence,phihyd_surface,940,0.0347293737034003,0.03197851777076721,0.037156792730093
rmse,persistence,phihyd_surface,950,0.03583508481582006,0.032860317081212995,0.0392012894153595
rmse,persistence,phihyd_surface,960,0.0338437436769406,0.03047347590327263,0.03581198155879974
rmse,persistence,phihyd_surface,970,0.03130990937352181,0.029526497051119805,0.03358913511037827
rmse,persistence,phihyd_surface,980,0.030522485822439195,0.027942517027258872,0.03377858325839043
rmse,persistence,phihyd_surface,990,0.026986476530631385,0.02586021237075329,0.029140901193022727
rmse,persistence,phihyd_surface,1000,0.02300859900812308,0.0212261576205492,0.02482767589390278
rmse,persistence,phihyd_surface,1010,0.02168862596154213,0.020151391625404358,0.023360245302319525
rmse,persistence,phihyd_surface,1020,0.01768081064025561,0.0171160988509655,0.018340934067964554
rmse,persistence,phihyd_surface,1030,0.016994884982705117,0.01616986617445946,0.017573219910264015
rmse,persistence,phihyd_surface,1040,0.020957665145397188,0.019063057005405427,0.022584790363907814
rmse,persistence,phihyd_surface,1050,0.022972481325268745,0.021084192395210265,0.02478027381002903
rmse,persistence,phihyd_surface,1060,0.026383720462520917,0.024433116987347604,0.028462260589003564
rmse,persistence,phihyd_surface,1070,0.030296813199917474,0.026173819229006766,0.03253033384680748
rmse,persistence,phihyd_surface,1080,0.0327301266292731,0.02992173843085766,0.03573865592479706
rmse,persistence,phihyd_surface,1090,0.03486239661773046,0.03127204589545727,0.03828358948230744
rmse,persistence,phihyd_surface,1100,0.03556743400792281,0.0317968737334013,0.039331696927547455
rmse,persistence,phihyd_surface,1110,0.03596480712294579,0.033515043556690216,0.03838248401880264
rmse,persistence,phihyd_surface,1120,0.037135319660107295,0.0341089703142643,0.039860257506370546
rmse,persistence,phihyd_surface,1130,0.03558195742468039,0.03210391849279404,0.038269539922475816
rmse,persistence,phihyd_surface,1140,0.03294844689468543,0.031129085272550584,0.035710010677576065
rmse,persistence,phihyd_surface,1150,0.03229650172094504,0.029419141262769698,0.03467889279127121
rmse,persistence,phihyd_surface,1160,0.029325086747606595,0.027425892651081085,0.03185852020978928
rmse,persistence,phihyd_surface,1170,0.025359415511290232,0.0223335362970829,0.028381716459989548
rmse,persistence,phihyd_surface,1180,0.02420365735888481,0.021629226580262183,0.02570384293794632
rmse,persistence,phihyd_surface,1190,0.02083688465257486,0.01897690035402775,0.02256788909435272
rmse,persistence,phihyd_surface,1200,0.019511843596895537,0.0172846969217062,0.021360153332352638
rmse,persistence,phihyd_surface,1210,0.022966912885506948,0.020974411442875863,0.024698641523718833
rmse,persistence,phihyd_surface,1220,0.024843873580296834,0.022842638567090033,0.026731425896286964
rmse,persistence,phihyd_surface,1230,0.02760617497066657,0.025643230974674226,0.028858735412359237
rmse,persistence,phihyd_surface,1240,0.031217039624849955,0.026956301555037497,0.03401622697710991
rmse,persistence,phihyd_surface,1250,0.03349475661913554,0.030190344899892807,0.036481267958879474
rmse,persistence,phihyd_surface,1260,0.03548291996121407,0.032463391125202176,0.038763925433158875
rmse,persistence,phihyd_surface,1270,0.03622281079490979,0.031922328472137454,0.03985166549682617
rmse,persistence,phihyd_surface,1280,0.036391102025906244,0.03295055627822876,0.039516917616128924
rmse,persistence,phihyd_surface,1290,0.03749302874008815,0.0346080906689167,0.040562228113412854
rmse,persistence,phihyd_surface,1300,0.03630220418175061,0.03311789929866791,0.0390614002943039
rmse,persistence,phihyd_surface,1310,0.03343285756806533,0.03145480751991272,0.03595082312822342
rmse,persistence,phihyd_surface,1320,0.032589850823084514,0.029781357571482658,0.03559354543685913
rmse,persistence,phihyd_surface,1330,0.02989503207306067,0.027891645580530165,0.03225742280483246
rmse,persistence,phihyd_surface,1340,0.025670175378521284,0.023810719326138496,0.0273789893835783
rmse,persistence,phihyd_surface,1350,0.024315149709582328,0.02264484167098999,0.02601938582956791
rmse,persistence,phihyd_surface,1360,0.021203271547953286,0.02033059261739254,0.02229989655315876
rmse,persistence,phihyd_surface,1370,0.019202544912695886,0.01877475716173649,0.019582315534353256
rmse,persistence,phihyd_surface,1380,0.022489376117785773,0.020821575820446015,0.024073277413845063
rmse,persistence,phihyd_surface,1390,0.024583929404616355,0.022653133794665336,0.026606502011418343
rmse,persistence,phihyd_surface,1400,0.027215592687328656,0.02533154934644699,0.02960168309509754
rmse,persistence,phihyd_surface,1410,0.031093947341044745,0.0266569834202528,0.03389505669474602
rmse,persistence,phihyd_surface,1420,0.033645895992716154,0.030564599111676215,0.03676505908370018
rmse,persistence,phihyd_surface,1430,0.0357648362716039,0.03293171301484108,0.039831303805112836
rmse,persistence,phihyd_surface,1440,0.03684091418981552,0.032830819487571716,0.04065527021884918
rmse,persistence,phihyd_surface,1450,0.0370574839413166,0.0335024282336235,0.039977063238620755
rmse,persistence,phihyd_surface,1460,0.03824445257584254,0.0353177398443222,0.04120759069919586
rmse,persistence,phihyd_surface,1470,0.03765382294853528,0.03486190885305405,0.0402582012116909
rmse,persistence,phihyd_surface,1480,0.034933980802694956,0.03284262642264366,0.03736530691385269
rmse,persistence,phihyd_surface,1490,0.0341662493844827,0.031553083658218385,0.03738127425312996
rmse,persistence,phihyd_surface,1500,0.032110923528671266,0.029645298421382905,0.034032905101776124
rmse,persistence,phihyd_surface,1510,0.0281651146709919,0.027085895463824273,0.029747981205582617
rmse,persistence,phihyd_surface,1520,0.026868043715755144,0.025429175421595573,0.02878973223268986
rmse,persistence,phihyd_surface,1530,0.02449548455576102,0.023230791091918945,0.025754736363887788
rmse,persistence,phihyd_surface,1540,0.02231584439675013,0.021364734321832658,0.022994916886091232
rmse,persistence,phihyd_surface,1550,0.024981815616289774,0.023270606994628906,0.02631976790726185
rmse,persistence,phihyd_surface,1560,0.027098532890280087,0.02522239610552788,0.02920087017118931
rmse,persistence,phihyd_surface,1570,0.02928162068128586,0.02731477953493595,0.03196834772825241
rmse,persistence,phihyd_surface,1580,0.03290397773186366,0.028763041645288468,0.03551953658461571
rmse,persistence,phihyd_surface,1590,0.0354120671749115,0.03221976384520531,0.03863311111927033
rmse,persistence,phihyd_surface,1600,0.03739361936847369,0.03485353216528893,0.04133057519793511
rmse,persistence,phihyd_surface,1610,0.03857641418774923,0.03461407572031021,0.04188809171319008
rmse,persistence,phihyd_surface,1620,0.038680987308422725,0.03489893153309822,0.04138498902320862
rmse,persistence,phihyd_surface,1630,0.03969701627890269,0.036758401244878766,0.042188648134469986
rmse,persistence,phihyd_surface,1640,0.03945685451229413,0.03669230118393898,0.041643678396940234
rmse,persistence,phihyd_surface,1650,0.036755284667015074,0.03459167182445526,0.03889143243432045
rmse,persistence,phihyd_surface,1660,0.03580593690276146,0.03328031152486801,0.038167980313301084
rmse,persistence,phihyd_surface,1670,0.03415146693587303,0.03202773481607437,0.03612881526350975
rmse,persistence,phihyd_surface,1680,0.030322078118721642,0.028577010333538055,0.0320955827832222
rmse,persistence,phihyd_surface,1690,0.02885657859345277,0.027242830023169518,0.03000202439725399
rmse,persistence,phihyd_surface,1700,0.02696369377275308,0.026158251613378525,0.0279059961438179
rmse,persistence,phihyd_surface,1710,0.02458608311911424,0.023529157787561417,0.025061845034360885
rmse,persistence,phihyd_surface,1720,0.026765187457203864,0.025998124852776527,0.02760164365172386
rmse,persistence,phihyd_surface,1730,0.028983137011528014,0.027615639567375182,0.03012275882065296
rmse,persistence,phihyd_surface,1740,0.030864309147000314,0.029764655232429504,0.03243262320756912
rmse,persistence,phihyd_surface,1750,0.03430485191444556,0.031214124336838723,0.036385031044483186
rmse,persistence,phihyd_surface,1760,0.036879801253477736,0.0340864971280098,0.03917422369122505
rmse,persistence,phihyd_surface,1770,0.038825121521949765,0.036670492589473726,0.04137157574295998
rmse,persistence,phihyd_surface,1780,0.040173110117514926,0.03742381110787392,0.04296167269349098
rmse,persistence,phihyd_surface,1790,0.04028906871875127,0.03697692379355431,0.04323727488517761
rmse,persistence,phihyd_surface,1800,0.0411929560204347,0.038957276940345766,0.04339001402258873
rmse,persistence,phihyd_surface,1810,0.0413031667470932,0.0385241337120533,0.04362638145685196
rmse,persistence,phihyd_surface,1820,0.03877140233914057,0.03622537478804588,0.04139574021100998
rmse,persistence,phihyd_surface,1830,0.03772054041425387,0.03583378940820694,0.03945076018571854
rmse,persistence,phihyd_surface,1840,0.036490966627995176,0.034496673941612245,0.03862573653459549
rmse,persistence,phihyd_surface,1850,0.03290999494493008,0.030423611029982568,0.035226748883724214
rmse,persistence,phihyd_surface,1860,0.031264907618363695,0.02896486297249794,0.032427741587162016
rmse,persistence,phihyd_surface,1870,0.02977820932865143,0.028070341050624847,0.03130779415369034
rmse,persistence,phihyd_surface,1880,0.027287204066912332,0.025437621772289275,0.028844141215085984
rmse,persistence,phihyd_surface,1890,0.02880724680920442,0.027370484545826912,0.03065122663974762
rmse,persistence,phihyd_surface,1900,0.030946833019455274,0.02894211821258068,0.0322759635746479
rmse,persistence,phihyd_surface,1910,0.032394514853755635,0.030985110625624656,0.03370624110102653
rmse,persistence,phihyd_surface,1920,0.03537202775478363,0.03252433016896248,0.03738251477479935
rmse,persistence,phihyd_surface,1930,0.03780812496940295,0.03415103927254677,0.04017809182405472
rmse,persistence,phihyd_surface,1940,0.03957424983382225,0.0369275338947773,0.042310331016778946
rmse,persistence,phihyd_surface,1950,0.04093841512997945,0.03764446824789047,0.0437908448278904
rmse,persistence,phihyd_surface,1960,0.040984607736269635,0.03668266385793686,0.04429667443037033
rmse,persistence,phihyd_surface,1970,0.041677213211854296,0.03903843238949776,0.044561658054590225
rmse,persistence,phihyd_surface,1980,0.04203392490744591,0.03937948271632195,0.044943101704120636
rmse,persistence,phihyd_surface,1990,0.039624132712682086,0.03683935254812241,0.04121319428086281
rmse,persistence,phihyd_surface,2000,0.038242372870445254,0.036230454593896864,0.040171122550964354
rmse,model,sst,0,0.0,0.0,0.0
rmse,model,sst,10,0.008193748941024145,0.0073601133190095425,0.009146637097001076
rmse,model,sst,20,0.01109562994291385,0.009716064482927323,0.012145480141043663
rmse,model,sst,30,0.012628793033460777,0.01051477249711752,0.014292186684906482
rmse,model,sst,40,0.013843912320832411,0.011689522489905357,0.015592609718441963
rmse,model,sst,50,0.014600958054264387,0.012276635318994523,0.016837530583143235
rmse,model,sst,60,0.015398904619117578,0.01329872515052557,0.01739962324500084
rmse,model,sst,70,0.01620848886668682,0.013577106781303883,0.01819562315940857
rmse,model,sst,80,0.016861593164503575,0.013953526876866818,0.018795575201511382
rmse,model,sst,90,0.017466560254494348,0.014544560015201569,0.01964726820588112
rmse,model,sst,100,0.01787689949075381,0.015400823205709457,0.020441969484090803
rmse,model,sst,110,0.01825651843100786,0.016098467633128166,0.020443538576364516
rmse,model,sst,120,0.018635240942239763,0.016327227093279363,0.02033262588083744
rmse,model,sst,130,0.01929734113315741,0.016948880255222322,0.020853904262185096
rmse,model,sst,140,0.020037809883554778,0.01760227158665657,0.021375831216573715
rmse,model,sst,150,0.020607283463080724,0.01861150413751602,0.022656800970435143
rmse,model,sst,160,0.020917483667532603,0.01918584182858467,0.02319239415228367
rmse,model,sst,170,0.02140406717856725,0.020121842995285986,0.023555752635002137
rmse,model,sst,180,0.021863583599527676,0.020586733892560004,0.02379024736583233
rmse,model,sst,190,0.02248502758642038,0.020959113165736197,0.024029305204749107
rmse,model,sst,200,0.023053919523954393,0.021487252786755562,0.024568301811814307
rmse,model,sst,210,0.02364058407644431,0.02219466455280781,0.025136949867010115
rmse,model,sst,220,0.024008125935991605,0.02240305356681347,0.02574738338589668
rmse,model,sst,230,0.02459441820780436,0.022938942164182664,0.02650659866631031
rmse,model,sst,240,0.02538456805050373,0.023641883954405786,0.02754455395042896
rmse,model,sst,250,0.026158034801483154,0.024346138536930084,0.028456774726510047
rmse,model,sst,260,0.026761623844504357,0.02520487941801548,0.02932268530130386
rmse,model,sst,270,0.02730636348327001,0.02589081823825836,0.030282674729824065
rmse,model,sst,280,0.02774647114177545,0.026156267523765563,0.03037314563989639
rmse,model,sst,290,0.028282964353760084,0.02673155106604099,0.030414847284555433
rmse,model,sst,300,0.0290300273646911,0.027258293703198433,0.031177470088005064
rmse,model,sst,310,0.029822885245084762,0.027853411808609962,0.03205320313572883
rmse,model,sst,320,0.030399329463640847,0.02864689789712429,0.03312135264277458
rmse,model,sst,330,0.03092371510962645,0.029273764789104463,0.03397714793682098
rmse,model,sst,340,0.03160902783274651,0.029766999185085297,0.035088363289833065
rmse,model,sst,350,0.03222691677510738,0.0299007099121809,0.036460179090499874
rmse,model,sst,360,0.03289008177816868,0.03052860200405121,0.03749961033463478
rmse,model,sst,370,0.03354743731518586,0.031009111925959586,0.038060052692890166
rmse,model,sst,380,0.03401633190611998,0.03149026557803154,0.03898139744997024
rmse,model,sst,390,0.034355455388625465,0.0317411333322525,0.03951499983668327
rmse,model,sst,400,0.034829644362131755,0.032222230732440946,0.03981386125087738
rmse,model,sst,410,0.03547062799334526,0.03259299471974373,0.04032615348696709
rmse,model,sst,420,0.03618851949771245,0.03287887871265412,0.04068933054804802
rmse,model,sst,430,0.036828189094861345,0.03390416949987411,0.04149257093667984
rmse,model,sst,440,0.037291370580593744,0.03433930426836014,0.04237542003393173
rmse,model,sst,450,0.03783557116985321,0.03481040894985199,0.04294208586215972
rmse,model,sst,460,0.038489386439323425,0.03552970439195633,0.0431834302842617
rmse,model,sst,470,0.03919062092900276,0.03590239956974983,0.043925970792770386
rmse,model,sst,480,0.03998163143793742,0.03627178072929382,0.045088493078947064
rmse,model,sst,490,0.04071719373265902,0.036810343712568284,0.04630683213472366
rmse,model,sst,500,0.041200833519299825,0.03737848848104477,0.04654078781604767
rmse,model,sst,510,0.04198668822646141,0.03865837752819061,0.04684148207306862
rmse,model,sst,520,0.04280533169706662,0.03951744437217712,0.048274093121290204
rmse,model,sst,530,0.04344905391335487,0.03950222432613373,0.04914029687643051
rmse,model,sst,540,0.04411894977092743,0.0397189661860466,0.04924849569797516
rmse,model,sst,550,0.04494710092743238,0.04105797335505486,0.04951042532920837
rmse,model,sst,560,0.045564664900302886,0.04196743369102478,0.05011230632662773
rmse,model,sst,570,0.0459252156317234,0.04185509905219078,0.05064360350370407
rmse,model,sst,580,0.04667525937159856,0.04288691133260727,0.050683848559856415
rmse,model,sst,590,0.047687291353940967,0.043719657510519025,0.0504357248544693
rmse,model,sst,600,0.048538616547981896,0.04414186030626297,0.05161851197481156
rmse,model,sst,610,0.04924143801132838,0.043737709522247314,0.053238415718078615
rmse,model,sst,620,0.05012828409671784,0.04470435306429863,0.054054323583841324
rmse,model,sst,630,0.05100229034821192,0.045810230821371076,0.05462020188570023
rmse,model,sst,640,0.05154627909262975,0.045982372015714645,0.05535989478230476
rmse,model,sst,650,0.05230718006690343,0.04740670770406723,0.05672023221850395
rmse,model,sst,660,0.052894273897012074,0.04772642031311989,0.05727657899260521
rmse,model,sst,670,0.053182422866423926,0.04785518422722816,0.05754772201180458
rmse,model,sst,680,0.053645139435927074,0.04918552711606026,0.05754644945263863
rmse,model,sst,690,0.05423111269871394,0.049457352608442307,0.05886913537979126
rmse,model,sst,700,0.05461163396636645,0.04847745150327683,0.060113126039505006
rmse,model,sst,710,0.05535815382997195,0.04881732240319252,0.06067514568567276
rmse,model,sst,720,0.05635928933819135,0.05082743093371391,0.061135686188936236
rmse,model,sst,730,0.056873488674561185,0.050484693795442584,0.061529898643493654
rmse,model,sst,740,0.05702155902981758,0.050000841915607455,0.0623208150267601
rmse,model,sst,750,0.05788976152737935,0.05171411484479904,0.06358764916658402
rmse,model,sst,760,0.05880392615993817,0.052394016087055205,0.06378698348999023
rmse,model,sst,770,0.05938743824760119,0.05205390900373459,0.06406593322753906
rmse,model,sst,780,0.05983544687430064,0.05276213362812996,0.06476808488368987
rmse,model,sst,790,0.06052877778808276,0.05387197583913803,0.06528372764587402
rmse,model,sst,800,0.061257245888312654,0.054894643276929854,0.06667571067810059
rmse,model,sst,810,0.06164386073748271,0.05543771982192993,0.0661340206861496
rmse,model,sst,820,0.062488506486018496,0.056972294300794604,0.06656872481107712
rmse,model,sst,830,0.06321850195527076,0.0568893164396286,0.0670971006155014
rmse,model,sst,840,0.06338323851426443,0.05656101182103157,0.06717399507761002
rmse,model,sst,850,0.06387193749348323,0.05813086479902267,0.06810407638549805
rmse,model,sst,860,0.06461106563607852,0.05856738239526749,0.06985446512699127
rmse,model,sst,870,0.0649883029361566,0.05788038745522499,0.06987533420324325
rmse,model,sst,880,0.06543863092859586,0.058040801435709,0.07121583223342895
rmse,model,sst,890,0.06616204703847567,0.05840686187148094,0.07243209183216096
rmse,model,sst,900,0.0665330114463965,0.05808776989579201,0.07219714969396591
rmse,model,sst,910,0.06655937656760216,0.05837379470467567,0.07213668376207352
rmse,model,sst,920,0.06696329166491827,0.06009135916829109,0.0731947511434555
rmse,model,sst,930,0.06737750073273976,0.060213980823755266,0.07515872567892075
rmse,model,sst,940,0.06788638159632683,0.059817539900541304,0.07696339339017869
rmse,model,sst,950,0.06828694194555282,0.061434758454561235,0.07657097280025482
rmse,model,sst,960,0.06874296168486277,0.06312658041715621,0.07563911825418472
rmse,model,sst,970,0.06911135911941528,0.06329694911837577,0.07528292387723923
rmse,model,sst,980,0.0690655288596948,0.06264919713139534,0.07391507923603058
rmse,model,sst,990,0.0696740061044693,0.06521790325641633,0.07430529594421387
rmse,model,sst,1000,0.06987780183553696,0.06582867354154587,0.07401486337184907
rmse,model,sst,1010,0.0693811039129893,0.06424502730369568,0.07354036569595337
rmse,model,sst,1020,0.06951019316911697,0.06478301584720611,0.07427182346582413
rmse,model,sst,1030,0.0701906089981397,0.06558044701814651,0.07719438225030899
rmse,model,sst,1040,0.07027248193820318,0.0643382802605629,0.0771177276968956
rmse,model,sst,1050,0.07006983260313669,0.06344177126884461,0.07776567786931991
rmse,model,sst,1060,0.07042104204495749,0.06391476392745972,0.0787684291601181
rmse,model,sst,1070,0.07078714966773987,0.06446737349033356,0.07863783836364746
rmse,model,sst,1080,0.0707489624619484,0.06384172290563583,0.07875021696090698
rmse,model,sst,1090,0.07083431382973988,0.06468292623758316,0.07919369041919708
rmse,model,sst,1100,0.07114455153544744,0.06494131237268448,0.07982543259859085
rmse,model,sst,1110,0.07170008271932601,0.06542788296937943,0.08108216375112534
rmse,model,sst,1120,0.07184593304991722,0.06575691401958465,0.08164523541927338
rmse,model,sst,1130,0.07221600413322449,0.0655582919716835,0.07999051064252853
rmse,model,sst,1140,0.07268160879611969,0.06652565151453019,0.07990079671144486
rmse,model,sst,1150,0.07277861734231313,0.06608614772558212,0.07955036908388138
rmse,model,sst,1160,0.07368950843811035,0.06762146651744842,0.0807994470000267
rmse,model,sst,1170,0.07418658634026845,0.06865139007568359,0.08064723312854767
rmse,model,sst,1180,0.07344276706377666,0.0682950809597969,0.07838756144046784
rmse,model,sst,1190,0.07330880761146545,0.06817211210727692,0.07810171842575073
rmse,model,sst,1200,0.07406196941932043,0.06798521876335144,0.07972221821546555
rmse,model,sst,1210,0.07398621340592702,0.0672468975186348,0.0805110901594162
rmse,model,sst,1220,0.07340471943219502,0.06668694317340851,0.07994370609521866
rmse,model,sst,1230,0.07343196074167888,0.06757915914058685,0.08028169721364975
rmse,model,sst,1240,0.07378520170847574,0.06749245673418044,0.08106249570846558
rmse,model,sst,1250,0.0737442821264267,0.06708132922649383,0.08191341757774354
rmse,model,sst,1260,0.07371777296066284,0.06806453913450242,0.0822933480143547
rmse,model,sst,1270,0.07385267366965612,0.06772208362817764,0.08185642659664154
rmse,model,sst,1280,0.07400724242130916,0.06712978780269623,0.08077045232057571
rmse,model,sst,1290,0.07369862596193949,0.06580139398574829,0.08115274906158447
rmse,model,sst,1300,0.0735453690091769,0.06675231009721756,0.07938608825206757
rmse,model,sst,1310,0.07382654796044032,0.06750429272651673,0.07824517339468003
rmse,model,sst,1320,0.07385001728932063,0.06780357509851456,0.0777465507388115
rmse,model,sst,1330,0.07454481174548468,0.0680775910615921,0.0784719705581665
rmse,model,sst,1340,0.07524192730585734,0.06817740499973297,0.0791468307375908
rmse,model,sst,1350,0.07488915622234345,0.07005640268325805,0.07784003466367721
rmse,model,sst,1360,0.07471032788356145,0.07063348442316056,0.07896972000598908
rmse,model,sst,1370,0.07526784241199494,0.06893583834171295,0.07880181670188904
rmse,model,sst,1380,0.07500852048397064,0.06741257905960082,0.0791601374745369
rmse,model,sst,1390,0.0742962658405304,0.06842404752969741,0.07806247770786286
rmse,model,sst,1400,0.07415324797232946,0.0701247900724411,0.07779853045940399
rmse,model,sst,1410,0.07426703025897344,0.06936854869127274,0.07834692299365997
rmse,model,sst,1420,0.07384529709815979,0.06922144889831543,0.07776042222976684
rmse,model,sst,1430,0.07402360488971074,0.07042022049427032,0.07738142907619476
rmse,model,sst,1440,0.07413292427857716,0.06980129778385162,0.07741056233644486
rmse,model,sst,1450,0.07412613431612651,0.06748827546834946,0.07750727981328964
rmse,model,sst,1460,0.07388630757729213,0.06667390316724778,0.07854493260383606
rmse,model,sst,1470,0.0736855129400889,0.06780624687671662,0.07840185016393661
rmse,model,sst,1480,0.07408570498228073,0.0692690670490265,0.08055485188961028
rmse,model,sst,1490,0.07399096836646397,0.06743656396865845,0.07976732552051544
rmse,model,sst,1500,0.07396301080783209,0.06725951284170151,0.07983214110136032
rmse,model,sst,1510,0.07439215729633968,0.06790249347686768,0.08275891095399857
rmse,model,sst,1520,0.07488767554362614,0.06978266090154647,0.0828470304608345
rmse,model,sst,1530,0.0748974139491717,0.06984201520681381,0.08225509077310562
rmse,model,sst,1540,0.07494083642959595,0.06848403811454773,0.08287325203418731
rmse,model,sst,1550,0.07481480737527212,0.06733298897743226,0.08420434147119522
rmse,model,sst,1560,0.07440064599116643,0.06768801808357239,0.08274003118276596
rmse,model,sst,1570,0.07456713964541753,0.07010986655950546,0.08162739127874374
rmse,model,sst,1580,0.07446599702040355,0.07031836509704589,0.08289611339569092
rmse,model,sst,1590,0.07410019189119339,0.06815246194601059,0.08192853778600692
rmse,model,sst,1600,0.07413874665896097,0.0680499717593193,0.08080794066190719
rmse,model,sst,1610,0.07414188235998154,0.06910883188247681,0.07894224375486374
rmse,model,sst,1620,0.07418964902559916,0.06783244162797927,0.07964546084403992
rmse,model,sst,1630,0.0742051954070727,0.06672595590353012,0.07952902913093567
rmse,model,sst,1640,0.07401211311419804,0.06666699945926666,0.0797746017575264
rmse,model,sst,1650,0.07420731633901596,0.06796087771654129,0.08086014240980148
rmse,model,sst,1660,0.07419462849696477,0.06825351566076279,0.08079253733158112
rmse,model,sst,1670,0.07390010704596837,0.06803668439388275,0.08031320720911025
rmse,model,sst,1680,0.0740325669447581,0.06756648719310761,0.0820555105805397
rmse,model,sst,1690,0.07473528335491816,0.0679251030087471,0.0822994813323021
rmse,model,sst,1700,0.07477678308884303,0.06844446361064911,0.08170270025730134
rmse,model,sst,1710,0.07445880075295766,0.06810649186372757,0.08117465227842331
rmse,model,sst,1720,0.07417941838502884,0.06677567958831787,0.08093353658914566
rmse,model,sst,1730,0.0742149660984675,0.06722597777843475,0.08023999035358428
rmse,model,sst,1740,0.07473652859528859,0.06941427737474441,0.07925415337085724
rmse,model,sst,1750,0.07450587153434754,0.07025576084852218,0.07880917042493821
rmse,model,sst,1760,0.07423430532217026,0.06969884335994721,0.07861883789300919
rmse,model,sst,1770,0.0743655358751615,0.0696278914809227,0.07761223912239075
rmse,model,sst,1780,0.0749901349345843,0.07036057561635971,0.07846155911684036
rmse,model,sst,1790,0.07502256929874421,0.06956077218055726,0.07950283735990524
rmse,model,sst,1800,0.07485647350549698,0.06919019520282746,0.08014649301767349
rmse,model,sst,1810,0.0746600940823555,0.06902705579996109,0.0809410884976387
rmse,model,sst,1820,0.07490407327810923,0.06930800527334213,0.08037285804748535
rmse,model,sst,1830,0.0749901587764422,0.06996276676654815,0.07975542992353439
rmse,model,sst,1840,0.07482534547646841,0.07049863785505295,0.0805267035961151
rmse,model,sst,1850,0.07513222992420196,0.06979156285524368,0.0806988924741745
rmse,model,sst,1860,0.0756870741645495,0.07062713205814361,0.07945725470781326
rmse,model,sst,1870,0.07593585650126139,0.07097713649272919,0.08062360882759094
rmse,model,sst,1880,0.07602713455756506,0.07078019678592681,0.08104166239500046
rmse,model,sst,1890,0.07566505422194798,0.07089433819055557,0.08024393618106843
rmse,model,sst,1900,0.07553834368785223,0.07041187286376953,0.08030644357204438
rmse,model,sst,1910,0.07581159472465515,0.07062707841396332,0.08110528588294982
rmse,model,sst,1920,0.07579594602187474,0.07071595788002014,0.08125045597553253
rmse,model,sst,1930,0.07534682850042979,0.07082103490829468,0.08071151375770569
rmse,model,sst,1940,0.07548665901025137,0.07187346518039703,0.08020666837692261
rmse,model,sst,1950,0.07629753798246383,0.07194648385047912,0.08086063861846923
rmse,model,sst,1960,0.07640533645947774,0.07125264853239059,0.08182349950075149
rmse,model,sst,1970,0.07593102604150773,0.07085103392601014,0.08228989988565445
rmse,model,sst,1980,0.07561265577872595,0.06997603178024292,0.08320258855819702
rmse,model,sst,1990,0.07602684299151102,0.06936286389827728,0.08290121406316757
rmse,model,sst,2000,0.0757307916879654,0.06918424516916274,0.08131372481584549
rmse,climatology,sst,0,0.03851603989799817,0.036900915950536725,0.03973420113325119
rmse,climatology,sst,10,0.03781576032439868,0.035535778850317,0.04006939306855202
rmse,climatology,sst,20,0.03781564633051555,0.03527504801750183,0.03965738043189049
rmse,climatology,sst,30,0.03884542236725489,0.03711217045783997,0.04016238525509834
rmse,climatology,sst,40,0.03886417100826899,0.036503059417009355,0.04012349918484688
rmse,climatology,sst,50,0.03842119152347247,0.03684120923280716,0.040487205237150194
rmse,climatology,sst,60,0.038532724728186925,0.03676047548651695,0.03974761813879013
rmse,climatology,sst,70,0.03861062526702881,0.03658171072602272,0.03990474119782448
rmse,climatology,sst,80,0.03843752220273018,0.03549491465091705,0.040605226159095766
rmse,climatology,sst,90,0.038854054858287176,0.036740957945585254,0.04068373143672943
rmse,climatology,sst,100,0.03913060203194618,0.03746839314699173,0.04064115881919861
rmse,climatology,sst,110,0.038527952631314595,0.036318307369947435,0.04059659689664841
rmse,climatology,sst,120,0.038027372459570566,0.03586315289139748,0.0394700713455677
rmse,climatology,sst,130,0.038665489355723066,0.03592869713902473,0.041383955627679825
rmse,climatology,sst,140,0.039239687472581865,0.036676251143217084,0.04050481840968132
rmse,climatology,sst,150,0.038672966261704765,0.03681488856673241,0.04060835912823677
rmse,climatology,sst,160,0.038775215049584706,0.03723837658762932,0.040503659099340436
rmse,climatology,sst,170,0.039168488482634226,0.03759124279022217,0.04178773984313011
rmse,climatology,sst,180,0.03855066696802775,0.036078120768070224,0.04145420491695404
rmse,climatology,sst,190,0.038436446835597354,0.03508598729968071,0.04066128954291344
rmse,climatology,sst,200,0.0394647940993309,0.036680477857589724,0.041797037422657016
rmse,climatology,sst,210,0.03957072248061498,0.03776433765888214,0.041832901537418365
rmse,climatology,sst,220,0.03909092421332995,0.036948248744010925,0.04226228818297386
rmse,climatology,sst,230,0.0390734667579333,0.0364606112241745,0.04218714982271195
rmse,climatology,sst,240,0.03917079468568166,0.03684882670640945,0.04135345071554184
rmse,climatology,sst,250,0.03887764786680539,0.03601968958973885,0.04050496593117714
rmse,climatology,sst,260,0.03917609577377637,0.03798637166619301,0.040682753175497056
rmse,climatology,sst,270,0.039376326153675714,0.038016805052757265,0.04026465639472008
rmse,climatology,sst,280,0.038794286797444025,0.03677078634500504,0.04094310775399208
rmse,climatology,sst,290,0.038082990298668545,0.03610694259405136,0.03996110782027244
rmse,climatology,sst,300,0.03855792060494423,0.036393004655838015,0.04027100950479508
rmse,climatology,sst,310,0.03909511292974154,0.03693906888365746,0.04035145044326782
rmse,climatology,sst,320,0.0385559377570947,0.035903166979551315,0.04054376631975174
rmse,climatology,sst,330,0.038458637644847235,0.036419297009706496,0.040279462933540344
rmse,climatology,sst,340,0.03889277602235476,0.03813767284154892,0.04028479382395744
rmse,climatology,sst,350,0.03829583351810773,0.03620692789554596,0.04042485803365707
rmse,climatology,sst,360,0.03801253587007523,0.0353331096470356,0.04003552868962288
rmse,climatology,sst,370,0.03899626980225245,0.03700552806258202,0.04077000319957733
rmse,climatology,sst,380,0.03922013441721598,0.03726558610796928,0.04051142260432243
rmse,climatology,sst,390,0.03877046083410581,0.036696947365999225,0.040697024762630464
rmse,climatology,sst,400,0.038720737646023434,0.03687774837017059,0.040412505716085435
rmse,climatology,sst,410,0.03890338738759359,0.037442931532859804,0.03990479111671448
rmse,climatology,sst,420,0.03862849101424217,0.03570310994982719,0.04073374420404434
rmse,climatology,sst,430,0.03898104305068652,0.03696275129914284,0.04086991548538208
rmse,climatology,sst,440,0.03930189808209737,0.03799036368727684,0.04072136431932449
rmse,climatology,sst,450,0.03894876663883527,0.03640907928347588,0.040656764060258865
rmse,climatology,sst,460,0.03825824384888013,0.036514648050069806,0.04025536999106407
rmse,climatology,sst,470,0.03877248962720235,0.03703045547008514,0.04073928892612457
rmse,climatology,sst,480,0.039432907849550246,0.03718254044651985,0.04120938256382942
rmse,climatology,sst,490,0.03910219445824623,0.03598805442452431,0.042047418653964996
rmse,climatology,sst,500,0.03896090015769005,0.03619916662573815,0.04198901355266571
rmse,climatology,sst,510,0.03955008710424105,0.03837437406182289,0.04066052809357643
rmse,climatology,sst,520,0.03911329160133998,0.03742280900478363,0.04084525927901268
rmse,climatology,sst,530,0.03873288556933403,0.03587512746453285,0.0410590834915638
rmse,climatology,sst,540,0.03964851722121239,0.037656379491090776,0.04230037331581116
rmse,climatology,sst,550,0.04000753164291382,0.03751448392868042,0.04169944748282432
rmse,climatology,sst,560,0.03959584832191467,0.037057044357061385,0.041694610565900805
rmse,climatology,sst,570,0.03949484924475352,0.03886979669332504,0.04084833189845085
rmse,climatology,sst,580,0.039695824434359865,0.03862956464290619,0.0410238653421402
rmse,climatology,sst,590,0.039367585877577466,0.035953227430582047,0.04187123104929924
rmse,climatology,sst,600,0.03965748250484467,0.03702503591775894,0.04253181517124176
rmse,climatology,sst,610,0.040002467731634773,0.03811360076069832,0.041948482394218445
rmse,climatology,sst,620,0.039779138813416166,0.03736575990915299,0.04117407277226448
rmse,climatology,sst,630,0.038968556374311444,0.03725899308919907,0.04073019623756409
rmse,climatology,sst,640,0.03930319423476855,0.037986265122890474,0.040718131512403485
rmse,climatology,sst,650,0.039859251429637275,0.03878151848912239,0.04194410517811775
rmse,climatology,sst,660,0.03952638184030851,0.03651728853583336,0.04156668484210968
rmse,climatology,sst,670,0.03908563256263733,0.036287394165992734,0.04117891639471054
rmse,climatology,sst,680,0.03952408457795779,0.038457346707582475,0.04099954441189766
rmse,climatology,sst,690,0.03906241456667582,0.037071704119443896,0.04066969230771065
rmse,climatology,sst,700,0.038516459862391154,0.035813777893781665,0.040613953769207
rmse,climatology,sst,710,0.039304149647553764,0.03764658346772194,0.04110327363014221
rmse,climatology,sst,720,0.03976966341336568,0.0380713015794754,0.04075989574193954
rmse,climatology,sst,730,0.03935083349545797,0.03777039721608162,0.04104299247264862
rmse,climatology,sst,740,0.03916231741507848,0.03754429146647453,0.041119348257780075
rmse,climatology,sst,750,0.03940478637814522,0.038147857040166856,0.040616422146558764
rmse,climatology,sst,760,0.039120070884625116,0.03617736771702766,0.04096054136753082
rmse,climatology,sst,770,0.03937878708044688,0.03711293861269951,0.041416078060865405
rmse,climatology,sst,780,0.039727876583735146,0.03837566822767258,0.04114457592368126
rmse,climatology,sst,790,0.039627980440855026,0.03752958625555038,0.04143806397914886
rmse,climatology,sst,800,0.038782234241565065,0.0370381660759449,0.041337674111127855
rmse,climatology,sst,810,0.03910851130882899,0.037473367899656294,0.04040670916438103
rmse,climatology,sst,820,0.039829529573520026,0.03779711872339249,0.041122731566429135
rmse,climatology,sst,830,0.03980964124202728,0.03829002156853676,0.04140245988965034
rmse,climatology,sst,840,0.03939596985777219,0.03832131624221802,0.04104635044932366
rmse,climatology,sst,850,0.03995481679836909,0.03853539302945137,0.04127385467290878
rmse,climatology,sst,860,0.039733297377824786,0.03720280304551125,0.04287215024232864
rmse,climatology,sst,870,0.03923556183775266,0.035869503021240236,0.04250720888376236
rmse,climatology,sst,880,0.03998217657208443,0.03746035695075989,0.04215587601065636
rmse,climatology,sst,890,0.04059510280688604,0.039760810881853105,0.04271698072552681
rmse,climatology,sst,900,0.04019556219379107,0.03850667327642441,0.04337859600782394
rmse,climatology,sst,910,0.03989854628841082,0.037561652809381486,0.043544397503137586
rmse,climatology,sst,920,0.04013536920150121,0.038505513966083524,0.04249098300933838
rmse,climatology,sst,930,0.03985231344898542,0.03707718476653099,0.041866686940193173
rmse,climatology,sst,940,0.03996626064181328,0.03792163133621216,0.041613074392080306
rmse,climatology,sst,950,0.040232813855012255,0.038425957411527635,0.04149194285273552
rmse,climatology,sst,960,0.040158663193384805,0.03854202926158905,0.042226304113864896
rmse,climatology,sst,970,0.03918878982464472,0.03715727999806404,0.04082603827118873
rmse,climatology,sst,980,0.03928936496376991,0.0376300074160099,0.041085734218358996
rmse,climatology,sst,990,0.03987719764312108,0.03781002908945084,0.04115330651402473
rmse,climatology,sst,1000,0.039874761303265886,0.037740858644247054,0.041589502990245816
rmse,climatology,sst,1010,0.0392499104142189,0.037231330573558805,0.041301003843545916
rmse,climatology,sst,1020,0.039717013388872145,0.03854494467377663,0.040980149805545804
rmse,climatology,sst,1030,0.03954687714576721,0.037759315222501755,0.04097777083516121
rmse,climatology,sst,1040,0.03890643840034803,0.036052112281322476,0.04103891253471374
rmse,climatology,sst,1050,0.039469156165917715,0.03751822337508202,0.041433630883693694
rmse,climatology,sst,1060,0.04021712616086006,0.03883202746510506,0.04164064526557922
rmse,climatology,sst,1070,0.03993442033727964,0.03814382255077362,0.041690414398908617
rmse,climatology,sst,1080,0.03965704441070557,0.03799668326973915,0.0417534850537777
rmse,climatology,sst,1090,0.0400091474254926,0.03840900659561157,0.04128861352801323
rmse,climatology,sst,1100,0.03988728548089663,0.0380250409245491,0.04136604815721512
rmse,climatology,sst,1110,0.04004949604471524,0.03832425624132156,0.041781171411275866
rmse,climatology,sst,1120,0.04051530063152313,0.038191231340169905,0.04256749004125595
rmse,climatology,sst,1130,0.04074862226843834,0.03845600560307503,0.042804069072008136
rmse,climatology,sst,1140,0.039990871647993725,0.037374015897512436,0.042447373270988464
rmse,climatology,sst,1150,0.040127280602852505,0.03800106793642044,0.04307130351662636
rmse,climatology,sst,1160,0.040812643120686214,0.038356625288724897,0.04348862320184708
rmse,climatology,sst,1170,0.04098827491203944,0.03794790208339691,0.044494444876909255
rmse,climatology,sst,1180,0.04037984137733777,0.037032654881477355,0.04429437294602394
rmse,climatology,sst,1190,0.04089593191941579,0.038904211670160296,0.04311558529734612
rmse,climatology,sst,1200,0.04090653533736865,0.039687664806842805,0.04303414896130562
rmse,climatology,sst,1210,0.04022831122080485,0.03795699179172516,0.04303555563092232
rmse,climatology,sst,1220,0.0406055711209774,0.0386480376124382,0.04354520067572594
rmse,climatology,sst,1230,0.04142464299996694,0.03902117013931274,0.04387813061475754
rmse,climatology,sst,1240,0.04124600440263748,0.03895829021930695,0.043735826015472413
rmse,climatology,sst,1250,0.04090488776564598,0.0388765349984169,0.04278057962656021
rmse,climatology,sst,1260,0.04113015905022621,0.03962922841310501,0.043442442268133166
rmse,climatology,sst,1270,0.040894715487957,0.03801743164658546,0.044094021618366244
rmse,climatology,sst,1280,0.04074158991376559,0.03764265552163124,0.04467112049460411
rmse,climatology,sst,1290,0.04101137245694796,0.03830147460103035,0.0442747101187706
rmse,climatology,sst,1300,0.041083073864380516,0.03894828259944916,0.04331532046198845
rmse,climatology,sst,1310,0.040142641464869185,0.038007428497076036,0.04188031703233719
rmse,climatology,sst,1320,0.039929024130105975,0.0386287622153759,0.041480475664138795
rmse,climatology,sst,1330,0.040433295319477716,0.03881743773818016,0.04181225821375847
rmse,climatology,sst,1340,0.04057931676506996,0.03826235830783844,0.04248681142926216
rmse,climatology,sst,1350,0.03980102116862933,0.03716800212860107,0.042031672596931455
rmse,climatology,sst,1360,0.04014320249358813,0.03893999233841896,0.04183062613010406
rmse,climatology,sst,1370,0.04018904318412145,0.038323008269071576,0.04137372896075249
rmse,climatology,sst,1380,0.0394639161725839,0.0370161235332489,0.04157543033361435
rmse,climatology,sst,1390,0.03968385681509971,0.03748329654335976,0.041292347759008405
rmse,climatology,sst,1400,0.04057432810465495,0.039379685372114184,0.04187999814748764
rmse,climatology,sst,1410,0.04046142647663752,0.03829950541257858,0.04179715439677238
rmse,climatology,sst,1420,0.0400787723561128,0.038386411219835284,0.04202195554971695
rmse,climatology,sst,1430,0.04032147005200386,0.03893178701400757,0.04163531512022019
rmse,climatology,sst,1440,0.04028454174598058,0.03841204047203064,0.04154019057750702
rmse,climatology,sst,1450,0.04020405088861783,0.03769596815109253,0.04220611453056335
rmse,climatology,sst,1460,0.040654470771551134,0.03888170048594475,0.04225556030869484
rmse,climatology,sst,1470,0.040912848462661106,0.03920854777097702,0.04254038855433464
rmse,climatology,sst,1480,0.040197692314783734,0.03783303052186966,0.04247070848941803
rmse,climatology,sst,1490,0.03997199237346649,0.0379866786301136,0.04120429083704948
rmse,climatology,sst,1500,0.04065163681904475,0.03800183087587357,0.0432118259370327
rmse,climatology,sst,1510,0.0410922721028328,0.038963576406240465,0.042476384341716765
rmse,climatology,sst,1520,0.04049774681528409,0.03893643990159035,0.042148028314113614
rmse,climatology,sst,1530,0.040846307575702664,0.03912407010793686,0.042745080590248105
rmse,climatology,sst,1540,0.04111018230517705,0.03915370181202889,0.0440746046602726
rmse,climatology,sst,1550,0.040494545549154284,0.03769119381904602,0.04389810562133789
rmse,climatology,sst,1560,0.040568289409081144,0.037044412642717364,0.043129979819059375
rmse,climatology,sst,1570,0.041483786702156064,0.039007415622472764,0.043990501761436464
rmse,climatology,sst,1580,0.04140189290046692,0.03973371610045433,0.04432077184319496
rmse,climatology,sst,1590,0.04090306237339973,0.03864916041493416,0.04463358521461487
rmse,climatology,sst,1600,0.04095824509859085,0.03846440985798836,0.04391901046037674
rmse,climatology,sst,1610,0.04088143482804298,0.038754602521657945,0.04301354736089706
rmse,climatology,sst,1620,0.04057071730494499,0.03840754330158234,0.04208210557699203
rmse,climatology,sst,1630,0.04086758693059286,0.03950523287057876,0.04230224788188934
rmse,climatology,sst,1640,0.041041891525189084,0.03978301510214806,0.04245786219835281
rmse,climatology,sst,1650,0.04033667047818502,0.038541074842214584,0.041922514140605924
rmse,climatology,sst,1660,0.039856387923161186,0.03810471147298813,0.04149398133158684
rmse,climatology,sst,1670,0.04039597784479459,0.038034217059612276,0.04188908562064171
rmse,climatology,sst,1680,0.04079273591438929,0.03872290253639221,0.042056252062320706
rmse,climatology,sst,1690,0.040143640836079915,0.037588247656822206,0.04208428636193275
rmse,climatology,sst,1700,0.04030028134584427,0.038772077113389966,0.041965342313051227
rmse,climatology,sst,1710,0.040589771668116253,0.03948519602417946,0.04189821407198906
rmse,climatology,sst,1720,0.0399562897781531,0.03782509565353394,0.042029937356710435
rmse,climatology,sst,1730,0.03985433951020241,0.037125363945961,0.0417638398706913
rmse,climatology,sst,1740,0.04082364862163861,0.03884899690747261,0.042603612691164014
rmse,climatology,sst,1750,0.04090796013673147,0.03891950771212578,0.04225585535168648
rmse,climatology,sst,1760,0.04054271926482519,0.0389139786362648,0.04238495677709579
rmse,climatology,sst,1770,0.040683913975954056,0.039012500643730165,0.042327750474214554
rmse,climatology,sst,1780,0.0408514770368735,0.03972087949514389,0.04165942743420601
rmse,climatology,sst,1790,0.04065427506963412,0.038561060279607776,0.042433063685894015
rmse,climatology,sst,1800,0.041114887098471324,0.03906605094671249,0.04269450381398201
rmse,climatology,sst,1810,0.041512616475423175,0.040009531378746035,0.043528773635625836
rmse,climatology,sst,1820,0.04111150652170181,0.038327538222074506,0.0432419590651989
rmse,climatology,sst,1830,0.0406346728404363,0.03864151164889336,0.04295035004615784
rmse,climatology,sst,1840,0.041207682838042575,0.039463037997484206,0.043513334542512896
rmse,climatology,sst,1850,0.04171258782347043,0.039425358176231384,0.044175713509321216
rmse,climatology,sst,1860,0.041203928242127104,0.03768225088715553,0.04439535662531853
rmse,climatology,sst,1870,0.04123796795805295,0.03844296932220459,0.04400660917162895
rmse,climatology,sst,1880,0.04165106589595477,0.04003531038761139,0.0430902287364006
rmse,climatology,sst,1890,0.041078847646713254,0.03970099091529846,0.04290786385536194
rmse,climatology,sst,1900,0.04081750636299451,0.038826160877943036,0.0434499479830265
rmse,climatology,sst,1910,0.04173401395479838,0.04003656879067421,0.044129859656095505
rmse,climatology,sst,1920,0.041928801437218985,0.03932853266596794,0.04427476674318313
rmse,climatology,sst,1930,0.04155346105496089,0.038845423609018326,0.043249227851629254
rmse,climatology,sst,1940,0.04154327735304832,0.040056458115577696,0.043148572742939
rmse,climatology,sst,1950,0.0416392741103967,0.03993682861328125,0.04393850937485695
rmse,climatology,sst,1960,0.04123890002568563,0.03767600953578949,0.044309594482183454
rmse,climatology,sst,1970,0.04146891236305237,0.03912145420908928,0.04472135603427887
rmse,climatology,sst,1980,0.041674202183882396,0.04003878384828567,0.044054288417100906
rmse,climatology,sst,1990,0.041215269515911736,0.038962170481681824,0.042664535343647
rmse,climatology,sst,2000,0.04045771807432175,0.03911134675145149,0.04228607416152954
rmse,persistence,sst,0,0.0,0.0,0.0
rmse,persistence,sst,10,0.02277104581395785,0.02005648724734783,0.0260111790150404
rmse,persistence,sst,20,0.03690005987882614,0.032902874797582624,0.042597992718219756
rmse,persistence,sst,30,0.046992530673742296,0.04306855425238609,0.05079416483640671
rmse,persistence,sst,40,0.056269496430953345,0.053324317932128905,0.06013324782252312
rmse,persistence,sst,50,0.06047984833518664,0.0560417652130127,0.06490538716316223
rmse,persistence,sst,60,0.06041321754455566,0.0579209566116333,0.0635100856423378
rmse,persistence,sst,70,0.05969542612632116,0.056972562521696093,0.06275995075702667
rmse,persistence,sst,80,0.05716982657710711,0.052809572964906695,0.061019223928451535
rmse,persistence,sst,90,0.05698631157477697,0.05413502380251885,0.06048431918025017
rmse,persistence,sst,100,0.05964070186018944,0.05688762292265892,0.06204100474715233
rmse,persistence,sst,110,0.06008577694495519,0.05766545459628105,0.06265183836221695
rmse,persistence,sst,120,0.05954590116937955,0.05612862184643745,0.06331712603569031
rmse,persistence,sst,130,0.05737851833303769,0.05446888506412506,0.059749290347099304
rmse,persistence,sst,140,0.0497275431950887,0.04488251581788063,0.052604719251394275
rmse,persistence,sst,150,0.039102938522895175,0.03722296431660652,0.04255034402012825
rmse,persistence,sst,160,0.025812445829312008,0.023020010441541672,0.030310665816068647
rmse,persistence,sst,170,0.009188951707134645,0.004442368354648352,0.01632644534111023
rmse,persistence,sst,180,0.02306468884150187,0.019707217067480087,0.02851911634206772
rmse,persistence,sst,190,0.03725454757610957,0.03283312991261482,0.043246112018823626
rmse,persistence,sst,200,0.04716278339425723,0.043027421832084654,0.05190766081213951
rmse,persistence,sst,210,0.056426632404327395,0.05326180309057236,0.06017152592539787
rmse,persistence,sst,220,0.06113413522640864,0.05702020451426506,0.0659404531121254
rmse,persistence,sst,230,0.06115473732352257,0.05784983187913895,0.06514734923839569
rmse,persistence,sst,240,0.060503147542476654,0.057428078353405,0.06396663039922715
rmse,persistence,sst,250,0.057984597980976105,0.05323583781719208,0.06166594997048378
rmse,persistence,sst,260,0.05735572874546051,0.054987572878599164,0.06061787158250809
rmse,persistence,sst,270,0.0598341333369414,0.056838408857584,0.06201933771371841
rmse,persistence,sst,280,0.06047899971405665,0.05785971805453301,0.0625938817858696
rmse,persistence,sst,290,0.05984831750392914,0.0560979850590229,0.06289719343185425
rmse,persistence,sst,300,0.05795379107197126,0.055527261644601825,0.06029443070292473
rmse,persistence,sst,310,0.050743446002403894,0.04645076543092728,0.05387233570218086
rmse,persistence,sst,320,0.04016914442181587,0.037608949840068816,0.04405286237597465
rmse,persistence,sst,330,0.02724996010462443,0.025107920914888383,0.030527608841657637
rmse,persistence,sst,340,0.010026508507629235,0.008389104902744294,0.01148988101631403
rmse,persistence,sst,350,0.02081693671643734,0.018898893520236014,0.023451661691069603
rmse,persistence,sst,360,0.035753812392552695,0.03176296353340149,0.04067623391747475
rmse,persistence,sst,370,0.04575861990451813,0.041626089811325075,0.04989072978496552
rmse,persistence,sst,380,0.05524814004699389,0.05262848362326622,0.058551914244890216
rmse,persistence,sst,390,0.06058231070637703,0.056465961039066315,0.06496821194887162
rmse,persistence,sst,400,0.06080531924962997,0.05758290737867355,0.06418546885252
rmse,persistence,sst,410,0.060254255682229994,0.0579474464058876,0.0632697582244873
rmse,persistence,sst,420,0.057853896419207254,0.053891167789697644,0.06153258830308914
rmse,persistence,sst,430,0.05688598677515984,0.05405949130654335,0.060110273957252505
rmse,persistence,sst,440,0.05932895268003146,0.05711791515350342,0.062212548404932025
rmse,persistence,sst,450,0.06037593558430672,0.05791889727115631,0.06226861551403999
rmse,persistence,sst,460,0.05985428939263026,0.05622337237000465,0.06259792894124985
rmse,persistence,sst,470,0.05839444796244304,0.05585671439766884,0.06009577587246895
rmse,persistence,sst,480,0.05183782453338305,0.04670373201370239,0.055268324166536334
rmse,persistence,sst,490,0.04159003545840581,0.037837912887334825,0.046468968689441684
rmse,persistence,sst,500,0.02952458361784617,0.02692820467054844,0.03232637420296669
rmse,persistence,sst,510,0.013206437416374683,0.009475356712937356,0.018732920289039612
rmse,persistence,sst,520,0.02044876168171565,0.018382737040519716,0.023594806715846062
rmse,persistence,sst,530,0.03553614107271035,0.03228930160403252,0.0397649846971035
rmse,persistence,sst,540,0.0454838606218497,0.041128233820199964,0.049741561710834506
rmse,persistence,sst,550,0.054979120194911954,0.052150556445121767,0.0575292706489563
rmse,persistence,sst,560,0.060839249690373735,0.056839636713266375,0.06468404829502106
rmse,persistence,sst,570,0.0613078070183595,0.057964835315942764,0.0642036959528923
rmse,persistence,sst,580,0.06077282776435216,0.05833764225244522,0.06355584710836411
rmse,persistence,sst,590,0.05842992961406708,0.054455002397298814,0.062310867756605146
rmse,persistence,sst,600,0.05699757983287176,0.05373428538441658,0.06059990003705025
rmse,persistence,sst,610,0.0591443640490373,0.05673665031790733,0.062465493381023404
rmse,persistence,sst,620,0.060416735460360846,0.05812976509332657,0.06241352409124375
rmse,persistence,sst,630,0.05978253434101741,0.056891363114118576,0.06247459501028061
rmse,persistence,sst,640,0.058459632098674774,0.05626753345131874,0.060489369183778764
rmse,persistence,sst,650,0.05230350196361542,0.04778531566262245,0.056133517622947694
rmse,persistence,sst,660,0.04192993392546972,0.03831675946712494,0.046255742013454434
rmse,persistence,sst,670,0.02958464858432611,0.027102913334965707,0.03255439475178719
rmse,persistence,sst,680,0.011110926667849222,0.010040579549968242,0.012168043293058872
rmse,persistence,sst,690,0.01527829710394144,0.01375632919371128,0.017330705374479293
rmse,persistence,sst,700,0.032479811708132425,0.02863108366727829,0.03717254623770714
rmse,persistence,sst,710,0.043099540968736014,0.03850403353571892,0.048021447658538816
rmse,persistence,sst,720,0.052922763675451276,0.04998781904578209,0.0565754160284996
rmse,persistence,sst,730,0.05950156996647517,0.05574144273996353,0.0641317367553711
rmse,persistence,sst,740,0.06040160581469536,0.05677885562181473,0.06444139331579209
rmse,persistence,sst,750,0.060007238388061525,0.05763367712497711,0.06322947591543197
rmse,persistence,sst,760,0.05796130547920863,0.05410197079181671,0.06143945008516312
rmse,persistence,sst,770,0.056320404758056004,0.052828365564346315,0.059751296043396
rmse,persistence,sst,780,0.058341729640960696,0.05565507635474205,0.06154411137104034
rmse,persistence,sst,790,0.0600803275903066,0.05769861713051796,0.06195748671889305
rmse,persistence,sst,800,0.05958398108681043,0.05617265626788139,0.06261120289564133
rmse,persistence,sst,810,0.058650042116642,0.05629861205816269,0.06105796173214913
rmse,persistence,sst,820,0.05332333321372668,0.049823809415102005,0.05648183524608612
rmse,persistence,sst,830,0.04343779236078262,0.03958150297403336,0.04716368317604065
rmse,persistence,sst,840,0.03182651946942012,0.02985725961625576,0.035731930285692215
rmse,persistence,sst,850,0.01543496393909057,0.012818750739097596,0.01881182789802551
rmse,persistence,sst,860,0.015813297281662624,0.012491690553724765,0.020347863063216207
rmse,persistence,sst,870,0.03262225414315859,0.027982503920793534,0.03832699581980705
rmse,persistence,sst,880,0.04333683227499326,0.038426253199577334,0.0488716684281826
rmse,persistence,sst,890,0.053021812438964845,0.04955108910799026,0.05737380236387253
rmse,persistence,sst,900,0.06002749651670456,0.05592641457915306,0.06565320193767547
rmse,persistence,sst,910,0.061313146352767946,0.0571723110973835,0.06680968254804612
rmse,persistence,sst,920,0.06094062626361847,0.05827362313866615,0.06496253758668899
rmse,persistence,sst,930,0.05909964839617411,0.05498836264014244,0.06207685992121696
rmse,persistence,sst,940,0.05713204940160115,0.05369641184806824,0.06037488356232643
rmse,persistence,sst,950,0.058734184006849925,0.055573157221078875,0.06157198622822761
rmse,persistence,sst,960,0.060679293672243756,0.05914506763219833,0.062429964542388916
rmse,persistence,sst,970,0.0601462056239446,0.05700855702161789,0.06280087828636169
rmse,persistence,sst,980,0.059318302075068156,0.05693622753024101,0.06225023418664932
rmse,persistence,sst,990,0.05453478967150052,0.05132870078086853,0.057544111460447314
rmse,persistence,sst,1000,0.04484727457165718,0.040927215665578845,0.048441816866397855
rmse,persistence,sst,1010,0.03345271721482277,0.0307928416877985,0.03643233552575111
rmse,persistence,sst,1020,0.017635527811944485,0.016298386082053185,0.019546591863036155
rmse,persistence,sst,1030,0.014014088362455369,0.012673133797943593,0.015437826327979565
rmse,persistence,sst,1040,0.031027902911106745,0.028044898062944412,0.03477674499154091
rmse,persistence,sst,1050,0.042076665659745535,0.03766356110572815,0.04719266071915627
rmse,persistence,sst,1060,0.0517923153936863,0.048528991639614105,0.05483694896101952
rmse,persistence,sst,1070,0.059383294979731244,0.05635074302554131,0.06326526552438735
rmse,persistence,sst,1080,0.061205850541591646,0.05773417800664902,0.06500563025474548
rmse,persistence,sst,1090,0.06092376584808032,0.05896259918808937,0.06355865001678467
rmse,persistence,sst,1100,0.05941407879193624,0.056683095544576644,0.06245076656341553
rmse,persistence,sst,1110,0.05728103419144948,0.05431494116783142,0.06046897098422051
rmse,persistence,sst,1120,0.05864749103784561,0.056679727882146834,0.06194166988134384
rmse,persistence,sst,1130,0.06101271584630012,0.058015350997447965,0.06353776901960373
rmse,persistence,sst,1140,0.06073672200242678,0.05708705559372902,0.0632947951555252
rmse,persistence,sst,1150,0.06020439391334852,0.05790218785405159,0.06346848309040069
rmse,persistence,sst,1160,0.05616022249062856,0.05178304836153984,0.058863038569688796
rmse,persistence,sst,1170,0.046981930484374365,0.04064292311668396,0.05186261609196663
rmse,persistence,sst,1180,0.036288918803135554,0.03266000747680664,0.04138517528772354
rmse,persistence,sst,1190,0.022179282332460085,0.01838030479848385,0.026858580112457276
rmse,persistence,sst,1200,0.01567877965668837,0.009781593643128871,0.022463655471801756
rmse,persistence,sst,1210,0.031289451941847804,0.02888791561126709,0.03316805139183998
rmse,persistence,sst,1220,0.042203012853860855,0.038807135075330734,0.04659907072782517
rmse,persistence,sst,1230,0.05156080077091853,0.049107184261083604,0.05539424493908882
rmse,persistence,sst,1240,0.05946430812279383,0.055838306248188016,0.062298734486103055
rmse,persistence,sst,1250,0.06170943155884743,0.05714435651898384,0.06490290015935898
rmse,persistence,sst,1260,0.06130170822143555,0.05858655720949173,0.06406842023134232
rmse,persistence,sst,1270,0.05984177167216937,0.05696634873747826,0.06378521919250488
rmse,persistence,sst,1280,0.05725594287117322,0.05272316709160805,0.06194327101111412
rmse,persistence,sst,1290,0.057998958975076675,0.055119071155786514,0.06207498013973236
rmse,persistence,sst,1300,0.06032708709438642,0.05778660699725151,0.06242509037256241
rmse,persistence,sst,1310,0.05997664605577787,0.05724019855260849,0.06227835714817047
rmse,persistence,sst,1320,0.0593161995212237,0.0571837529540062,0.06208258718252182
rmse,persistence,sst,1330,0.0556415356695652,0.05255035310983658,0.05877557620406151
rmse,persistence,sst,1340,0.04648246243596077,0.041594214737415314,0.050147776305675504
rmse,persistence,sst,1350,0.0353021456549565,0.03264835625886917,0.039029264450073244
rmse,persistence,sst,1360,0.02002638007203738,0.018269618973135948,0.02209326662123203
rmse,persistence,sst,1370,0.007351480983197689,0.006701117660850286,0.008287831582129002
rmse,persistence,sst,1380,0.02645531954864661,0.023557685688138007,0.030627815797924996
rmse,persistence,sst,1390,0.03899723986784617,0.03453633040189743,0.04455889463424682
rmse,persistence,sst,1400,0.04885484079519908,0.045065028965473174,0.05225335881114006
rmse,persistence,sst,1410,0.057526010026534395,0.05436767786741257,0.06141294464468956
rmse,persistence,sst,1420,0.06059718380371729,0.056249579042196275,0.06500906348228455
rmse,persistence,sst,1430,0.060385991881291075,0.058070076256990434,0.06343548446893692
rmse,persistence,sst,1440,0.059349472324053444,0.056659691780805585,0.062241580337285995
rmse,persistence,sst,1450,0.056812308728694916,0.052481944859027865,0.06033124029636383
rmse,persistence,sst,1460,0.05733683407306671,0.05454844683408737,0.06072063595056534
rmse,persistence,sst,1470,0.05998547275861104,0.057154258340597154,0.06198674514889717
rmse,persistence,sst,1480,0.06004489709933599,0.05735766515135765,0.06304453164339066
rmse,persistence,sst,1490,0.05961355492472649,0.056570421904325485,0.06326421797275543
rmse,persistence,sst,1500,0.05677760740121206,0.05406152456998825,0.059087250381708145
rmse,persistence,sst,1510,0.04845042650898298,0.04421969577670097,0.05129312872886658
rmse,persistence,sst,1520,0.037939321746428806,0.035155536234378816,0.04103416129946709
rmse,persistence,sst,1530,0.024433214714129767,0.021555106341838836,0.029869019240140914
rmse,persistence,sst,1540,0.01232787383099397,0.007457854226231575,0.018721218407154083
rmse,persistence,sst,1550,0.02709358384211858,0.023133935779333113,0.033168870210647586
rmse,persistence,sst,1560,0.039675094683965045,0.035228225588798526,0.04580807462334633
rmse,persistence,sst,1570,0.04921236857771873,0.044794612377882,0.05432729795575142
rmse,persistence,sst,1580,0.05796276678641637,0.054276565462350844,0.06280233561992646
rmse,persistence,sst,1590,0.06157412131627401,0.05722911953926087,0.06700299233198166
rmse,persistence,sst,1600,0.06131921435395877,0.058072352409362794,0.06536982506513596
rmse,persistence,sst,1610,0.06037215515971184,0.057224583625793454,0.06346295922994613
rmse,persistence,sst,1620,0.057661222666502,0.053054841607809065,0.06115660890936851
rmse,persistence,sst,1630,0.057592981557051344,0.05511487945914269,0.061178749054670335
rmse,persistence,sst,1640,0.060140286882718406,0.05709562301635742,0.06229184120893479
rmse,persistence,sst,1650,0.060392641772826515,0.05762844607234001,0.06254966259002685
rmse,persistence,sst,1660,0.0598848007619381,0.0566930815577507,0.06294570416212082
rmse,persistence,sst,1670,0.05747045129537583,0.05483510866761208,0.060366930067539216
rmse,persistence,sst,1680,0.04951286762952804,0.04479246884584427,0.05240231901407242
rmse,persistence,sst,1690,0.038994993766148886,0.036667095869779585,0.042873091995716095
rmse,persistence,sst,1700,0.02588062733411789,0.023784242570400238,0.028298837691545488
rmse,persistence,sst,1710,0.011266047693789005,0.010398650169372558,0.012166515551507473
rmse,persistence,sst,1720,0.02437567412853241,0.022580453008413316,0.027603498846292495
rmse,persistence,sst,1730,0.037850112716356916,0.03396918773651123,0.04262178763747215
rmse,persistence,sst,1740,0.04751543700695038,0.04350608214735985,0.05099805891513824
rmse,persistence,sst,1750,0.056672756622234984,0.05417017266154289,0.059487207978963855
rmse,persistence,sst,1760,0.061115455875794096,0.057141663134098054,0.06500644385814666
rmse,persistence,sst,1770,0.06109495212634405,0.05925930812954903,0.0638631448149681
rmse,persistence,sst,1780,0.06045787011583646,0.05794198140501976,0.06306775659322739
rmse,persistence,sst,1790,0.05792529806494713,0.05459517017006874,0.06156367212533951
rmse,persistence,sst,1800,0.05754089032610257,0.05480488762259483,0.060411394387483594
rmse,persistence,sst,1810,0.060198864340782164,0.05757065638899803,0.06284293085336685
rmse,persistence,sst,1820,0.06090771754582723,0.057572568953037265,0.06366908997297287
rmse,persistence,sst,1830,0.060529092947642006,0.05687638372182846,0.06322899162769317
rmse,persistence,sst,1840,0.05869158481558164,0.05572680681943894,0.060857506841421126
rmse,persistence,sst,1850,0.05144241253534953,0.04548007622361183,0.05492214486002922
rmse,persistence,sst,1860,0.04132015282909075,0.036912184208631516,0.04690130427479744
rmse,persistence,sst,1870,0.02934988389412562,0.02604718841612339,0.032480067759752276
rmse,persistence,sst,1880,0.014744423516094684,0.009558031521737575,0.021155786141753195
rmse,persistence,sst,1890,0.024155716722210247,0.021673264726996423,0.026309770718216895
rmse,persistence,sst,1900,0.03763391549388568,0.034968574345111844,0.04177380427718162
rmse,persistence,sst,1910,0.04702959855397542,0.043819126486778257,0.05096184015274048
rmse,persistence,sst,1920,0.05618391633033752,0.0533448725938797,0.058601686358451845
rmse,persistence,sst,1930,0.061192819972833,0.0565273329615593,0.06461853981018066
rmse,persistence,sst,1940,0.061252293487389885,0.0577548660337925,0.06391484588384629
rmse,persistence,sst,1950,0.06056783745686213,0.05832180231809616,0.06385747939348221
rmse,persistence,sst,1960,0.05793558855851491,0.053810612112283704,0.06224345937371254
rmse,persistence,sst,1970,0.056877481192350386,0.05425193756818771,0.06045535355806351
rmse,persistence,sst,1980,0.05920417830348015,0.05665823370218277,0.062483041733503344
rmse,persistence,sst,1990,0.0600896954536438,0.05764656290411949,0.06201302632689476
rmse,persistence,sst,2000,0.05954834868510564,0.05638449937105179,0.06244913339614868
acc,selected,surface_u,0,1.0,1.0,1.0
acc,selected,surface_u,10,0.9922801454861959,0.9902547240257263,0.9941016793251037
acc,selected,surface_u,20,0.986386509736379,0.9831426262855529,0.9919767856597901
acc,selected,surface_u,30,0.9812095999717713,0.9752576470375061,0.9887866497039794
acc,selected,surface_u,40,0.9735364556312561,0.9632110714912414,0.9852822184562683
acc,selected,surface_u,50,0.9647653023401896,0.9433949589729309,0.9799331426620483
acc,selected,surface_u,60,0.9588200728098552,0.9378430128097535,0.9761496901512146
acc,selected,surface_u,70,0.9492249011993408,0.9289087891578675,0.9690891385078431
acc,selected,surface_u,80,0.9396083116531372,0.919715142250061,0.9610284924507141
acc,selected,surface_u,90,0.9347465674082438,0.9152090430259705,0.9685922384262085
acc,selected,surface_u,100,0.9254722714424133,0.9102619886398315,0.9588312387466431
acc,selected,surface_u,110,0.905684232711792,0.8729085087776184,0.9479340791702271
acc,selected,surface_u,120,0.8990818699200948,0.8493362784385681,0.9483058094978333
acc,selected,surface_u,130,0.8980892300605774,0.8237540602684021,0.9474614858627319
acc,selected,surface_u,140,0.8819378813107809,0.7830266833305359,0.9421278595924377
acc,selected,surface_u,150,0.8672541578610738,0.7982213973999024,0.9373242020606994
acc,selected,surface_u,160,0.8700172702471415,0.7909624695777893,0.9295240640640259
acc,selected,surface_u,170,0.8590146819750468,0.7387874007225037,0.9187126755714417
acc,selected,surface_u,180,0.8382977247238159,0.7209792375564575,0.9134136319160462
acc,selected,surface_u,190,0.8354628920555115,0.7456242322921753,0.9105161905288697
acc,selected,surface_u,200,0.8383424798647563,0.7132597684860229,0.9012142300605774
acc,prior,surface_u,0,1.0,1.0,1.0
acc,prior,surface_u,10,0.9914782325426738,0.9892234086990357,0.9934147357940674
acc,prior,surface_u,20,0.9850289861361186,0.9813850045204162,0.991104006767273
acc,prior,surface_u,30,0.9791138092676799,0.9722966909408569,0.9873757719993591
acc,prior,surface_u,40,0.9701411088307699,0.9593469500541687,0.9832579374313355
acc,prior,surface_u,50,0.9599720954895019,0.9372938275337219,0.9770042657852173
acc,prior,surface_u,60,0.9529190023740133,0.9307048916816711,0.9728900551795959
acc,prior,surface_u,70,0.941692300637563,0.9200878620147706,0.9636139512062073
acc,prior,surface_u,80,0.930422572294871,0.908053994178772,0.9524437069892884
acc,prior,surface_u,90,0.9243332505226135,0.9019209265708923,0.9604971051216126
acc,prior,surface_u,100,0.9133315364519755,0.8950416564941406,0.9472259759902955
acc,prior,surface_u,110,0.8895439585049947,0.8564047455787659,0.935723626613617
acc,prior,surface_u,120,0.8803759892781575,0.8309294700622558,0.9338812828063965
acc,prior,surface_u,130,0.8782276312510172,0.80337553024292,0.9315868139266967
acc,prior,surface_u,140,0.8588367462158203,0.7457083106040955,0.9220086812973023
acc,prior,surface_u,150,0.8396766940752666,0.7570244789123535,0.9152879595756531
acc,prior,surface_u,160,0.8409730394681295,0.766498327255249,0.9019650936126709
acc,prior,surface_u,170,0.8259078621864319,0.6991189122200012,0.8879093647003173
acc,prior,surface_u,180,0.7996031324068705,0.6812918782234192,0.8785095095634461
acc,prior,surface_u,190,0.7951984484990438,0.7065607666969299,0.8730951189994812
acc,prior,surface_u,200,0.7972108284632365,0.6991053938865661,0.8626729249954224
acc,selected,surface_v,0,1.0,1.0,1.0
acc,selected,surface_v,10,0.9727497458457947,0.9555373430252075,0.9817337274551392
acc,selected,surface_v,20,0.9573231180508931,0.944558322429657,0.9724825143814086
acc,selected,surface_v,30,0.9575677871704101,0.9469932794570923,0.9684380412101745
acc,selected,surface_v,40,0.9495094497998555,0.9257312536239624,0.9685171604156494
acc,selected,surface_v,50,0.9442310214042664,0.926481294631958,0.9644294619560242
acc,selected,surface_v,60,0.9428240060806274,0.9125676870346069,0.9740917325019837
acc,selected,surface_v,70,0.9459835251172384,0.9286836862564087,0.9611901998519897
acc,selected,surface_v,80,0.9365741570790609,0.9225577592849732,0.9496761441230774
acc,selected,surface_v,90,0.9364856203397115,0.9049246549606323,0.9550902366638183
acc,selected,surface_v,100,0.9392816027005514,0.9197893023490906,0.9599722385406494
acc,selected,surface_v,110,0.932974378267924,0.9155537486076355,0.9509002327919006
acc,selected,surface_v,120,0.9236621538798014,0.8970730543136597,0.9528437852859497
acc,selected,surface_v,130,0.9294750452041626,0.9027129173278808,0.9492689967155457
acc,selected,surface_v,140,0.9268176078796386,0.9047662496566773,0.9396536588668823
acc,selected,surface_v,150,0.9143984198570252,0.8878414034843445,0.9444671511650086
acc,selected,surface_v,160,0.917188306649526,0.8822786450386048,0.9574042558670044
acc,selected,surface_v,170,0.9212435881296793,0.8978509306907654,0.9465047121047974
acc,selected,surface_v,180,0.9091345588366191,0.8831126928329468,0.9416171669960022
acc,selected,surface_v,190,0.9059821605682373,0.8837548613548278,0.9298417329788208
acc,selected,surface_v,200,0.9113309343655904,0.8949697613716125,0.9331098437309265
acc,prior,surface_v,0,1.0,1.0,1.0
acc,prior,surface_v,10,0.9701813101768494,0.9513098001480103,0.9791698455810547
acc,prior,surface_v,20,0.9548966566721598,0.9429106473922729,0.9681280136108399
acc,prior,surface_v,30,0.9535729090372721,0.9422080159187317,0.9649469375610351
acc,prior,surface_v,40,0.9434370915095012,0.9220716953277588,0.9639915466308594
acc,prior,surface_v,50,0.9378247221310934,0.9185558438301087,0.9594161510467529
acc,prior,surface_v,60,0.9359812378883362,0.9042865872383118,0.9705964207649231
acc,prior,surface_v,70,0.9387353301048279,0.9209429264068604,0.9548444986343384
acc,prior,surface_v,80,0.9277275403340658,0.9095652461051941,0.9418349266052246
acc,prior,surface_v,90,0.9281617085138957,0.8932482361793518,0.9490643262863159
acc,prior,surface_v,100,0.9294829646746318,0.9091573238372803,0.9533482551574707
acc,prior,surface_v,110,0.9217310905456543,0.9020180106163025,0.9416355133056641
acc,prior,surface_v,120,0.9114983836809795,0.8835740804672241,0.9441386103630066
acc,prior,surface_v,130,0.9178342262903849,0.8894857406616211,0.9391221165657043
acc,prior,surface_v,140,0.9132820725440979,0.8897394895553589,0.9276824712753295
acc,prior,surface_v,150,0.8989283680915833,0.8677532076835632,0.9332597374916076
acc,prior,surface_v,160,0.9012332955996195,0.8606055378913879,0.9443860054016113
acc,prior,surface_v,170,0.9050344546635946,0.8848766565322876,0.9318667054176331
acc,prior,surface_v,180,0.8910187005996704,0.8661983966827392,0.93015056848526
acc,prior,surface_v,190,0.8869227210680644,0.8580826401710511,0.9172274112701416
acc,prior,surface_v,200,0.891978899637858,0.8722989439964295,0.9165446996688843
acc,selected,phihyd_surface,0,1.0,1.0,1.0
acc,selected,phihyd_surface,10,0.9990999658902486,0.9989621639251709,0.9994288444519043
acc,selected,phihyd_surface,20,0.9986512223879497,0.9984313488006592,0.9991553783416748
acc,selected,phihyd_surface,30,0.9983940998713176,0.9981032848358155,0.9989441275596619
acc,selected,phihyd_surface,40,0.9981541554133098,0.9978369832038879,0.9986748933792114
acc,selected,phihyd_surface,50,0.9979250987370809,0.997638463973999,0.9984966516494751
acc,selected,phihyd_surface,60,0.9976651867230734,0.9974714398384095,0.9982970952987671
acc,selected,phihyd_surface,70,0.9974021991093953,0.9972272276878357,0.9980273127555848
acc,selected,phihyd_surface,80,0.9971617420514425,0.9970183491706848,0.9977333068847656
acc,selected,phihyd_surface,90,0.9969778259595236,0.996791934967041,0.9975392460823059
acc,selected,phihyd_surface,100,0.9967569947242737,0.9958912372589112,0.9972545742988587
acc,selected,phihyd_surface,110,0.996414315700531,0.9954260230064392,0.9969831705093384
acc,selected,phihyd_surface,120,0.9960515300432841,0.9952382445335388,0.9967318892478942
acc,selected,phihyd_surface,130,0.995638656616211,0.9948506951332092,0.9961925387382508
acc,selected,phihyd_surface,140,0.9952436645825704,0.9943440556526184,0.9959627628326416
acc,selected,phihyd_surface,150,0.9948761701583863,0.9934890747070313,0.995808732509613
acc,selected,phihyd_surface,160,0.9945202589035034,0.9923995018005372,0.9954700946807862
acc,selected,phihyd_surface,170,0.9940153161684672,0.9915075659751892,0.9950938701629639
acc,selected,phihyd_surface,180,0.993432609240214,0.9908762454986573,0.9946117877960206
acc,selected,phihyd_surface,190,0.9928562005360921,0.9903304815292359,0.9941877007484436
acc,selected,phihyd_surface,200,0.992392365137736,0.9896066904067993,0.9939055562019348
acc,prior,phihyd_surface,0,1.0,1.0,1.0
acc,prior,phihyd_surface,10,0.9989624778429668,0.9988055229187012,0.9992813229560852
acc,prior,phihyd_surface,20,0.9984414458274842,0.9981973528861999,0.9989532828330994
acc,prior,phihyd_surface,30,0.9981409629185994,0.9978491187095642,0.9986952066421508
acc,prior,phihyd_surface,40,0.997852373123169,0.997500765323639,0.9983565330505371
acc,prior,phihyd_surface,50,0.9975651939709981,0.9972869038581849,0.9981361985206604
acc,prior,phihyd_surface,60,0.9972474932670593,0.9970706820487976,0.9978983044624329
acc,prior,phihyd_surface,70,0.9969146410624187,0.9967437267303467,0.9975632548332214
acc,prior,phihyd_surface,80,0.9965933760007223,0.9964296579360962,0.9971737861633301
acc,prior,phihyd_surface,90,0.9963311672210693,0.9961028456687927,0.9969377040863037
acc,prior,phihyd_surface,100,0.9959989587465922,0.9949907183647155,0.9965519785881043
acc,prior,phihyd_surface,110,0.9954926371574402,0.994501280784607,0.9961544871330261
acc,prior,phihyd_surface,120,0.9949759165445964,0.9941795468330383,0.9957313060760498
acc,prior,phihyd_surface,130,0.9944033781687419,0.993600606918335,0.9949872374534607
acc,prior,phihyd_surface,140,0.9938014467557271,0.9928230285644531,0.9946453809738159
acc,prior,phihyd_surface,150,0.9931899388631185,0.9916761636734008,0.9942018508911132
acc,prior,phihyd_surface,160,0.9926156044006348,0.9902881622314453,0.9936783671379089
acc,prior,phihyd_surface,170,0.9918471336364746,0.9891905426979065,0.9929519295692444
acc,prior,phihyd_surface,180,0.9909256180127461,0.9883243322372437,0.9922708034515381
acc,prior,phihyd_surface,190,0.9900541027386983,0.9874721050262452,0.9916069865226745
acc,prior,phihyd_surface,200,0.9893524448076884,0.9866721868515015,0.9910532593727112
acc,selected,sst,0,1.0,1.0,1.0
acc,selected,sst,10,0.9767355879147848,0.9712077617645264,0.9815459251403809
acc,selected,sst,20,0.9571784257888794,0.9498793601989746,0.9673794984817505
acc,selected,sst,30,0.9469614028930664,0.9348710656166077,0.9640324711799622
acc,selected,sst,40,0.9371388673782348,0.9202875852584839,0.9550736546516418
acc,selected,sst,50,0.9298953056335449,0.9139388561248779,0.9491271018981934
acc,selected,sst,60,0.9228708068529765,0.904818594455719,0.943301010131836
acc,selected,sst,70,0.9163276751836141,0.8947290301322937,0.9400173187255859
acc,selected,sst,80,0.9093050082524617,0.881175982952118,0.9316905021667481
acc,selected,sst,90,0.9042576630910237,0.8749802350997925,0.9317571640014648
acc,selected,sst,100,0.9016055146853129,0.8756655812263489,0.9270997881889343
acc,selected,sst,110,0.896960997581482,0.8762813568115234,0.9180305004119873
acc,selected,sst,120,0.8909231305122376,0.8684874176979065,0.9140041589736938
acc,selected,sst,130,0.8868721683820089,0.8646477699279785,0.9126016736030579
acc,selected,sst,140,0.8813972075780233,0.8633264541625977,0.9041500926017761
acc,selected,sst,150,0.8719187537829082,0.8549002408981323,0.8892522811889648
acc,selected,sst,160,0.8694168249766032,0.8451431274414063,0.8919395923614502
acc,selected,sst,170,0.867078407605489,0.8516282677650452,0.8919037461280823
acc,selected,sst,180,0.8595927913983663,0.8453551530838013,0.8804941296577453
acc,selected,sst,190,0.850614317258199,0.8355432033538819,0.8751070261001587
acc,selected,sst,200,0.8491933584213257,0.8340282082557678,0.8749841928482056
acc,prior,sst,0,1.0,1.0,1.0
acc,prior,sst,10,0.9744897007942199,0.9685502767562866,0.9792484283447266
acc,prior,sst,20,0.9536708553632101,0.9456889033317566,0.9638741374015808
acc,prior,sst,30,0.9423243959744771,0.9297909379005432,0.9599020838737488
acc,prior,sst,40,0.9316851496696472,0.9144078850746155,0.950561261177063
acc,prior,sst,50,0.9239665786425273,0.9074380993843079,0.9430999636650086
acc,prior,sst,60,0.9162585377693176,0.8983955383300781,0.937001371383667
acc,prior,sst,70,0.9087897857030233,0.8864502906799316,0.9321126222610474
acc,prior,sst,80,0.900634253025055,0.8719429969787598,0.9227287173271179
acc,prior,sst,90,0.8942855755488078,0.8642922520637513,0.921623694896698
acc,prior,sst,100,0.8900056044260661,0.862975013256073,0.9158346652984619
acc,prior,sst,110,0.8837015469868977,0.8607515931129456,0.9055596113204956
acc,prior,sst,120,0.8756206432978312,0.8514472961425781,0.9005271673202515
acc,prior,sst,130,0.8695991794268291,0.8462014198303223,0.8969894766807556
acc,prior,sst,140,0.8622257669766744,0.8411871194839478,0.8868986964225769
acc,prior,sst,150,0.8506235400835673,0.8333944797515869,0.8697976112365723
acc,prior,sst,160,0.845880385239919,0.8205735325813294,0.8708879709243774
acc,prior,sst,170,0.8408679684003194,0.8246402621269227,0.8694697856903076
acc,prior,sst,180,0.8305744965871175,0.8143858551979065,0.8548978209495545
acc,prior,sst,190,0.819127102692922,0.8010056972503662,0.8476419687271118
acc,prior,sst,200,0.8155109723409016,0.7939220786094665,0.8452033877372742
