metric,model_or_method,field,lead_days,mean,p10,p90
rmse,model,surface_speed,0,0.0,0.0,0.0
rmse,model,surface_speed,10,0.0007326013253380855,0.0006162330391816795,0.0008574029663577675
rmse,model,surface_speed,20,0.0009522898627134661,0.0008302719914354384,0.001069338759407401
rmse,model,surface_speed,30,0.001085834096496304,0.0009229887858964503,0.0012196397176012397
rmse,model,surface_speed,40,0.0012048989340352515,0.0009578282828442752,0.0014739495469257235
rmse,model,surface_speed,50,0.001327887224033475,0.0010686028748750688,0.0015492264879867434
rmse,model,surface_speed,60,0.0014475702696169416,0.0009956090827472508,0.0016733639175072312
rmse,model,surface_speed,70,0.0015208520383263628,0.0011270867194980382,0.0017074631061404944
rmse,model,surface_speed,80,0.0016062339690203467,0.0013024249579757451,0.0018191954819485544
rmse,model,surface_speed,90,0.0016988602001219988,0.0014259184710681439,0.0020532324910163876
rmse,model,surface_speed,100,0.001800571964122355,0.0015651106368750334,0.00224872725084424
rmse,model,surface_speed,110,0.0018864001613110304,0.0015161304967477919,0.0022680436260998247
rmse,model,surface_speed,120,0.0020038979205613335,0.0015932139707729221,0.002424234617501497
rmse,model,surface_speed,130,0.002119713416323066,0.001627804385498166,0.0025952653028070926
rmse,model,surface_speed,140,0.002219513128511608,0.0017004109919071197,0.002915925346314907
rmse,model,surface_speed,150,0.0023290692052493492,0.0017718423157930374,0.0033524410799145696
rmse,model,surface_speed,160,0.002440478738086919,0.0017887955065816641,0.0034419354051351543
rmse,model,surface_speed,170,0.002550831801878909,0.0018897510366514326,0.0034464226104319096
rmse,model,surface_speed,180,0.002639389953886469,0.002028508670628071,0.003727047052234411
rmse,model,surface_speed,190,0.0027383739904810983,0.002132830023765564,0.004022259823977947
rmse,model,surface_speed,200,0.0028467594335476556,0.0022647933568805457,0.0038031155243515966
rmse,model,surface_speed,210,0.0029273466517527897,0.0023612217977643014,0.003812977112829685
rmse,model,surface_speed,220,0.003024991834536195,0.0024441883899271486,0.0040043917484581465
rmse,model,surface_speed,230,0.0031286376683662335,0.0026024981867522,0.004340184573084116
rmse,model,surface_speed,240,0.0031833687641968328,0.002618354046717286,0.004464348219335079
rmse,model,surface_speed,250,0.0032402116029212873,0.002697509340941906,0.00440857894718647
rmse,model,surface_speed,260,0.00329423863440752,0.002805881528183818,0.00430734260007739
rmse,model,surface_speed,270,0.0033340297173708676,0.002869374444708228,0.004199274722486734
rmse,model,surface_speed,280,0.003352179176484545,0.0029535218607634308,0.004091755859553813
rmse,model,surface_speed,290,0.0034230200418581564,0.0031052266247570516,0.004129915870726108
rmse,model,surface_speed,300,0.003509859104330341,0.0031984071247279644,0.004215259943157434
rmse,model,surface_speed,310,0.0036029728905608255,0.0032852481584995986,0.004354321211576462
rmse,model,surface_speed,320,0.003701860706011454,0.003368818899616599,0.00454034898430109
rmse,model,surface_speed,330,0.0038019250147044658,0.0034279996063560246,0.004583336971700191
rmse,model,surface_speed,340,0.0039010703408469756,0.003481930401176214,0.00471616918221116
rmse,model,surface_speed,350,0.004001509149869283,0.003564923582598567,0.004882617201656103
rmse,model,surface_speed,360,0.004099700956915816,0.0036052674520760776,0.004921728931367397
rmse,model,surface_speed,370,0.004231719595069686,0.003711894992738962,0.005025828350335359
rmse,model,surface_speed,380,0.004332884075120091,0.003863081056624651,0.004983102437108755
rmse,model,surface_speed,390,0.004430812814583381,0.004018265195190907,0.004961730539798736
rmse,model,surface_speed,400,0.004511636712898811,0.004042436182498932,0.004997135233134031
rmse,model,surface_speed,410,0.004614916040251652,0.004188343230634928,0.0051407114602625365
rmse,model,surface_speed,420,0.004710296106835207,0.004235171899199486,0.005120380874723196
rmse,model,surface_speed,430,0.004768460212896268,0.004283705446869135,0.005218183808028698
rmse,model,surface_speed,440,0.004861271909127633,0.004358242731541395,0.005311187263578177
rmse,model,surface_speed,450,0.004983442680289348,0.004433890711516142,0.005457545723766088
rmse,model,surface_speed,460,0.005068030798186859,0.004439649824053049,0.005597032327204943
rmse,model,surface_speed,470,0.005155585054308176,0.004560170322656631,0.005716521572321653
rmse,model,surface_speed,480,0.005267961975187063,0.004643586464226246,0.005919268820434809
rmse,model,surface_speed,490,0.0053580439028640585,0.004719472210854292,0.006144693680107593
rmse,model,surface_speed,500,0.005462702239553133,0.004845455102622509,0.006435767468065024
rmse,model,surface_speed,510,0.005565861022720734,0.004875242058187723,0.006785055715590715
rmse,model,surface_speed,520,0.005605463994046053,0.004936914425343275,0.006877543870359659
rmse,model,surface_speed,530,0.005649130108455817,0.004939810559153557,0.006711640302091837
rmse,model,surface_speed,540,0.005748092476278543,0.005138206295669079,0.006652641575783491
rmse,model,surface_speed,550,0.0058051634579896925,0.005155721493065357,0.006460459623485804
rmse,model,surface_speed,560,0.005827721146245798,0.0051605522632598875,0.006541807856410742
rmse,model,surface_speed,570,0.005855416723837455,0.005228021088987589,0.00643765265122056
rmse,model,surface_speed,580,0.00593729546914498,0.005377844348549843,0.00635701222345233
rmse,model,surface_speed,590,0.005984420794993639,0.005269403662532568,0.006480811629444361
rmse,model,surface_speed,600,0.006035998153189818,0.005248627532273531,0.006709740404039622
rmse,model,surface_speed,610,0.006132163107395172,0.005439840909093619,0.00700753778219223
rmse,model,surface_speed,620,0.006201590411365032,0.005543198063969612,0.007319035660475493
rmse,model,surface_speed,630,0.006165970892955859,0.005410511139780283,0.007314634043723345
rmse,model,surface_speed,640,0.006147921488930782,0.0055261231027543545,0.006983089912682772
rmse,model,surface_speed,650,0.006186422084768614,0.005621055979281664,0.006927157379686832
rmse,model,surface_speed,660,0.006096783373504877,0.0054774929769337176,0.006753244809806347
rmse,model,surface_speed,670,0.006100277882069349,0.005762039218097925,0.006553688179701566
rmse,model,surface_speed,680,0.006164449298133453,0.005735591519623995,0.00655133267864585
rmse,model,surface_speed,690,0.006146060768514872,0.005715684033930302,0.006554123573005199
rmse,model,surface_speed,700,0.0061493058378497755,0.005747390072792768,0.00653811302036047
rmse,model,surface_speed,710,0.006194660160690546,0.005951401311904192,0.006571675091981888
rmse,model,surface_speed,720,0.006193155640115341,0.005909317266196012,0.006542644742876291
rmse,model,surface_speed,730,0.006161245113859574,0.0059122701175510885,0.006614608876407147
rmse,model,surface_speed,740,0.006220361931870381,0.005972311832010746,0.006572962179780007
rmse,model,surface_speed,750,0.006337428310265143,0.005929701309651136,0.006641937140375376
rmse,model,surface_speed,760,0.006342931122829517,0.006018767412751913,0.006700639892369509
rmse,model,surface_speed,770,0.006338154897093773,0.006036643777042628,0.00654549403116107
rmse,model,surface_speed,780,0.0063846372999250885,0.006151246652007103,0.006651005893945694
rmse,model,surface_speed,790,0.006496182549744845,0.006193596962839365,0.006858376692980528
rmse,model,surface_speed,800,0.006505157705396414,0.006262593343853951,0.006842137221246958
rmse,model,surface_speed,810,0.006551898332933585,0.006374576780945063,0.0068533034063875675
rmse,model,surface_speed,820,0.006701552588492632,0.006347552314400673,0.007064097560942173
rmse,model,surface_speed,830,0.00677677004908522,0.006471121869981289,0.00723736584186554
rmse,model,surface_speed,840,0.0068514821430047355,0.006592795345932245,0.007322532124817371
rmse,model,surface_speed,850,0.007032695226371288,0.006651713512837887,0.00761503642424941
rmse,model,surface_speed,860,0.007148480632652839,0.006713945232331753,0.007937554642558098
rmse,model,surface_speed,870,0.007202548161149025,0.006780176982283592,0.008194158226251603
rmse,model,surface_speed,880,0.007292170822620392,0.006680745165795088,0.008207641169428825
rmse,model,surface_speed,890,0.007318487111479044,0.006546174734830856,0.008352568186819554
rmse,model,surface_speed,900,0.0073344288393855095,0.0065912953577935696,0.008389712870121002
rmse,model,surface_speed,910,0.0073686995853980385,0.0064943874254822734,0.008265367336571216
rmse,model,surface_speed,920,0.007471934674928586,0.00671802219003439,0.008268087729811668
rmse,model,surface_speed,930,0.00745841609314084,0.006676672678440809,0.008275500684976577
rmse,model,surface_speed,940,0.00746672935783863,0.006571751926094294,0.008394819870591163
rmse,model,surface_speed,950,0.007445631269365549,0.006618195958435535,0.008530262857675552
rmse,model,surface_speed,960,0.007548409731437763,0.00685800202190876,0.008507045358419419
rmse,model,surface_speed,970,0.007488046679645777,0.006890964321792125,0.008194031752645969
rmse,model,surface_speed,980,0.007465289750446876,0.006916835438460112,0.008066611178219319
rmse,model,surface_speed,990,0.007486270554363727,0.006962267123162747,0.008190353401005268
rmse,model,surface_speed,1000,0.007494193036109209,0.00697070024907589,0.008099933899939061
rmse,model,surface_speed,1010,0.007436838125189146,0.007018554490059614,0.008030959591269492
rmse,model,surface_speed,1020,0.0074876507744193075,0.0070364360697567465,0.008262835815548897
rmse,model,surface_speed,1030,0.007494256117691596,0.007013495359569788,0.008281351067125797
rmse,model,surface_speed,1040,0.007465152069926262,0.0071461604908108715,0.008060017228126526
rmse,model,surface_speed,1050,0.007486709641913573,0.0069671708159148695,0.008037027530372142
rmse,model,surface_speed,1060,0.007525686888645093,0.00695049213245511,0.008218268305063248
rmse,model,surface_speed,1070,0.007437601033598184,0.0067302283830940725,0.008212859369814396
rmse,model,surface_speed,1080,0.007484337873756885,0.006775177456438542,0.008375195413827896
rmse,model,surface_speed,1090,0.007591010568042596,0.0067272595129907135,0.008579559437930583
rmse,model,surface_speed,1100,0.007684656418859959,0.006911969184875489,0.008766993880271912
rmse,model,surface_speed,1110,0.0077247709346314275,0.006796925887465477,0.008923438936471939
rmse,model,surface_speed,1120,0.007742960037042697,0.006726701650768519,0.008983292989432812
rmse,model,surface_speed,1130,0.007949835372467835,0.006865119189023971,0.009304463304579257
rmse,model,surface_speed,1140,0.007938666269183159,0.006814390886574984,0.009290914610028267
rmse,model,surface_speed,1150,0.008053178619593381,0.006984775420278311,0.009429405070841312
rmse,model,surface_speed,1160,0.00815286763633291,0.007197113521397114,0.009352871216833591
rmse,model,surface_speed,1170,0.008199031744152308,0.007094826363027096,0.009276524931192399
rmse,model,surface_speed,1180,0.008193947343776624,0.007091272622346878,0.009279776178300381
rmse,model,surface_speed,1190,0.008277548694362242,0.0071389864198863505,0.009356580302119255
rmse,model,surface_speed,1200,0.00828207644323508,0.007139173522591591,0.009251739084720611
rmse,model,surface_speed,1210,0.008251676429063081,0.007023715041577816,0.009309370629489421
rmse,model,surface_speed,1220,0.008250154399623474,0.0069819152355194095,0.009547078795731068
rmse,model,surface_speed,1230,0.008333398991574844,0.007138698548078537,0.009809610992670059
rmse,model,surface_speed,1240,0.008340714902927478,0.0070366781204938885,0.009936829283833503
rmse,model,surface_speed,1250,0.008326683969547352,0.006993137579411268,0.010044403932988643
rmse,model,surface_speed,1260,0.00834176226829489,0.007026652432978153,0.010189510509371757
rmse,model,surface_speed,1270,0.008328438612322013,0.0071792609989643095,0.010190844908356667
rmse,model,surface_speed,1280,0.008274768168727556,0.007078652828931808,0.010223760269582272
rmse,model,surface_speed,1290,0.008154857996851205,0.006961150839924812,0.009921870008111
rmse,model,surface_speed,1300,0.008184961633135875,0.007079937309026718,0.00981155689805746
rmse,model,surface_speed,1310,0.008114337641745805,0.007060859259217978,0.009670800529420376
rmse,model,surface_speed,1320,0.008047688969721396,0.006970925908535719,0.00947335623204708
rmse,model,surface_speed,1330,0.007982627768069506,0.00709154075011611,0.009178055822849274
rmse,model,surface_speed,1340,0.007965075100461643,0.007228813506662846,0.008891354128718377
rmse,model,surface_speed,1350,0.007825410614411036,0.0071869601495563986,0.008452384918928146
rmse,model,surface_speed,1360,0.007787886106719573,0.007220982294529677,0.008434153534471989
rmse,model,surface_speed,1370,0.007819956882546346,0.007275423873215914,0.00821540467441082
rmse,model,surface_speed,1380,0.0077414798239866895,0.007269383408129215,0.008215578645467759
rmse,model,surface_speed,1390,0.007689357673128446,0.007239916920661926,0.008112195134162902
rmse,model,surface_speed,1400,0.007789815062036117,0.007322748750448227,0.008251531980931759
rmse,model,surface_speed,1410,0.007815419758359591,0.007366450782865286,0.008367058634757996
rmse,model,surface_speed,1420,0.007787691025684277,0.007314236927777528,0.008292994648218154
rmse,model,surface_speed,1430,0.007844746547440688,0.0073313812725245954,0.00828527007251978
rmse,model,surface_speed,1440,0.007919504462430874,0.0073786058463156225,0.008428833261132241
rmse,model,surface_speed,1450,0.007905488212903341,0.007367554679512977,0.008436685428023338
rmse,model,surface_speed,1460,0.007900771157195171,0.007394170388579369,0.008512095548212528
rmse,model,surface_speed,1470,0.008008783652136723,0.007341282442212105,0.008809892274439334
rmse,model,surface_speed,1480,0.008084244343141716,0.0073919975198805336,0.008986636064946651
rmse,model,surface_speed,1490,0.00809712049861749,0.0074825739488005635,0.009099107794463634
rmse,model,surface_speed,1500,0.008119026633600394,0.007560689095407724,0.009278867579996585
rmse,model,surface_speed,1510,0.008262378256767988,0.007678871136158704,0.009445924870669841
rmse,model,surface_speed,1520,0.00823206544543306,0.007525248266756534,0.009315908513963222
rmse,model,surface_speed,1530,0.008223993082841238,0.00746988570317626,0.009467792697250843
rmse,model,surface_speed,1540,0.008373812679201365,0.00736512066796422,0.00957832783460617
rmse,model,surface_speed,1550,0.008406308883180221,0.0075839156284928325,0.009405860118567944
rmse,model,surface_speed,1560,0.008344430445382993,0.00746428994461894,0.009312866255640984
rmse,model,surface_speed,1570,0.00842468412593007,0.0075273260474205015,0.009389528259634971
rmse,model,surface_speed,1580,0.008398461248725652,0.007623413484543562,0.009301457181572914
rmse,model,surface_speed,1590,0.008343649345139663,0.0076307253912091255,0.00924723595380783
rmse,model,surface_speed,1600,0.008394116597870985,0.00777687756344676,0.009419687278568744
rmse,model,surface_speed,1610,0.008388664480298758,0.007763732317835092,0.009169559925794601
rmse,model,surface_speed,1620,0.008298883773386478,0.007770036160945892,0.009132730774581432
rmse,model,surface_speed,1630,0.008184254200508197,0.007684956770390272,0.008885596320033074
rmse,model,surface_speed,1640,0.008204448999216159,0.007568640820682049,0.008904538117349148
rmse,model,surface_speed,1650,0.008186035913725694,0.007514201011508704,0.008855278417468072
rmse,model,surface_speed,1660,0.008081313564131658,0.007592735439538955,0.008595730550587178
rmse,model,surface_speed,1670,0.008046937795976797,0.007631941419094801,0.008357389271259308
rmse,model,surface_speed,1680,0.008110196640094122,0.007579426094889641,0.008518718183040619
rmse,model,surface_speed,1690,0.008054502587765456,0.007606357522308827,0.008546070009469987
rmse,model,surface_speed,1700,0.007965667763104041,0.0076557623222470285,0.008374550379812717
rmse,model,surface_speed,1710,0.007995828365286192,0.007565953396260738,0.008420579135417938
rmse,model,surface_speed,1720,0.00801041852682829,0.007634454034268856,0.008604327030479909
rmse,model,surface_speed,1730,0.007929798246671756,0.007559966016560793,0.008366502821445465
rmse,model,surface_speed,1740,0.007992829475551844,0.007514306437224149,0.008436954207718372
rmse,model,surface_speed,1750,0.007953262546410163,0.0075804578140377995,0.008308936096727847
rmse,model,surface_speed,1760,0.007975935532401005,0.007606668584048748,0.008187739737331867
rmse,model,surface_speed,1770,0.008077850410093864,0.007511016260832548,0.00837906338274479
rmse,model,surface_speed,1780,0.0081888474834462,0.007615140359848738,0.008653780072927475
rmse,model,surface_speed,1790,0.008172469679266214,0.007594394963234663,0.008669619262218476
rmse,model,surface_speed,1800,0.008162156865000724,0.007451136317104101,0.008907922729849815
rmse,model,surface_speed,1810,0.008254448200265567,0.007522099651396275,0.008963232114911079
rmse,model,surface_speed,1820,0.008262194879353046,0.007461307849735021,0.009220188856124878
rmse,model,surface_speed,1830,0.00825840188190341,0.007512427773326636,0.009046320989727973
rmse,model,surface_speed,1840,0.008240985497832299,0.00757483895868063,0.008903846703469753
rmse,model,surface_speed,1850,0.008344674513985713,0.007524965982884169,0.009050045907497407
rmse,model,surface_speed,1860,0.008352087779591481,0.00751234982162714,0.009104138612747193
rmse,model,surface_speed,1870,0.008285704844941696,0.007628466933965683,0.008960663713514805
rmse,model,surface_speed,1880,0.008347318290422361,0.007694341614842415,0.00917973630130291
rmse,model,surface_speed,1890,0.008421623210112254,0.007661097310483455,0.00944495052099228
rmse,model,surface_speed,1900,0.008374412295718987,0.007495871093124151,0.00970933623611927
rmse,model,surface_speed,1910,0.008441336359828711,0.007598338555544615,0.010162127017974854
rmse,model,surface_speed,1920,0.008471118162075679,0.00764234708622098,0.010308174043893814
rmse,model,surface_speed,1930,0.008479003297785918,0.00766763249412179,0.010441449284553529
rmse,model,surface_speed,1940,0.008506903207550447,0.00770793566480279,0.010538896732032298
rmse,model,surface_speed,1950,0.008580342680215836,0.007733360305428505,0.010470154508948327
rmse,model,surface_speed,1960,0.008455293004711468,0.007646644115447998,0.01027204394340515
rmse,model,surface_speed,1970,0.008397284243255854,0.00766040813177824,0.00983383934944868
rmse,model,surface_speed,1980,0.008367177471518517,0.007714692130684852,0.009823278710246085
rmse,model,surface_speed,1990,0.008261437093218168,0.007486304268240929,0.009717457368969918
rmse,model,surface_speed,2000,0.008217270486056805,0.007536072656512261,0.00929025337100029
rmse,climatology,surface_speed,0,0.003483150666579604,0.003082289919257164,0.0038193108048290014
rmse,climatology,surface_speed,10,0.0033636869086573523,0.0030656424816697834,0.0036313133779913185
rmse,climatology,surface_speed,20,0.0034482390930255253,0.0032233613543212413,0.003711535269394517
rmse,climatology,surface_speed,30,0.0035018501492838066,0.00318124876357615,0.0038929723203182222
rmse,climatology,surface_speed,40,0.00342121225160857,0.0030003468040376902,0.0037263927049934866
rmse,climatology,surface_speed,50,0.00343005396425724,0.003051483677700162,0.00374471521936357
rmse,climatology,surface_speed,60,0.00351786605703334,0.003111187648028135,0.003641898510977626
rmse,climatology,surface_speed,70,0.003458885584647457,0.0029819020535796882,0.003498874185606837
rmse,climatology,surface_speed,80,0.0034494626335799692,0.002973990887403488,0.003671011235564947
rmse,climatology,surface_speed,90,0.003562444138030211,0.002918521873652935,0.004021911416202784
rmse,climatology,surface_speed,100,0.003629363172998031,0.0032170973252505066,0.004143981635570526
rmse,climatology,surface_speed,110,0.0034900281423081952,0.0030214297119528057,0.004266700614243745
rmse,climatology,surface_speed,120,0.0035588504591335854,0.0029065740294754506,0.00481131300330162
rmse,climatology,surface_speed,130,0.003643997525796294,0.003074161522090435,0.00488055795431137
rmse,climatology,surface_speed,140,0.003640605447192987,0.003067094273865223,0.004740914143621921
rmse,climatology,surface_speed,150,0.003612006471181909,0.0029644875321537256,0.004666800983250141
rmse,climatology,surface_speed,160,0.0037537249891708294,0.00306641417555511,0.005282246973365544
rmse,climatology,surface_speed,170,0.0037696822391202053,0.002968915365636349,0.005190011765807866
rmse,climatology,surface_speed,180,0.0036744978123654922,0.0028529281727969645,0.005210142023861408
rmse,climatology,surface_speed,190,0.0037473389413207768,0.002872107271105051,0.005604173522442579
rmse,climatology,surface_speed,200,0.0038475769106298685,0.0030372698325663804,0.005471385922282934
rmse,climatology,surface_speed,210,0.0037900323048233988,0.002925727842375636,0.005063790269196033
rmse,climatology,surface_speed,220,0.0037698041337231795,0.0029313983395695686,0.005118785426020622
rmse,climatology,surface_speed,230,0.0038252479707201322,0.002960879262536764,0.005211523734033108
rmse,climatology,surface_speed,240,0.003753873007372022,0.0029495298862457276,0.005208831559866667
rmse,climatology,surface_speed,250,0.0036651603411883118,0.0030053016263991593,0.005084473639726639
rmse,climatology,surface_speed,260,0.003671895805746317,0.0028910859022289515,0.004959142953157425
rmse,climatology,surface_speed,270,0.003667520980040232,0.0031860648654401303,0.0046119867824018
rmse,climatology,surface_speed,280,0.0034454568289220334,0.003060405608266592,0.004083133209496737
rmse,climatology,surface_speed,290,0.003401386303206285,0.002830109279602766,0.00402572276070714
rmse,climatology,surface_speed,300,0.0034250445198267697,0.003014210145920515,0.003971921280026436
rmse,climatology,surface_speed,310,0.0033765321131795645,0.003023827215656638,0.00366395371966064
rmse,climatology,surface_speed,320,0.0032736305768291158,0.0028565974440425634,0.0036053655203431845
rmse,climatology,surface_speed,330,0.003378949345399936,0.0030613488983362914,0.0039013768546283245
rmse,climatology,surface_speed,340,0.0033724169712513684,0.0030343753285706045,0.003849106002599001
rmse,climatology,surface_speed,350,0.003227809738988678,0.00286314464174211,0.0035764701664447785
rmse,climatology,surface_speed,360,0.0032508065303166705,0.002860331628471613,0.0036229236982762815
rmse,climatology,surface_speed,370,0.0033503105708708367,0.003139591868966818,0.003549442160874605
rmse,climatology,surface_speed,380,0.003269168408587575,0.0029179556760936974,0.00350967226549983
rmse,climatology,surface_speed,390,0.003235493072619041,0.0029687096364796163,0.003426301945000887
rmse,climatology,surface_speed,400,0.0033003112922112146,0.0030058433767408133,0.003532146429643035
rmse,climatology,surface_speed,410,0.003261845527837674,0.003029937716200948,0.0035112340934574603
rmse,climatology,surface_speed,420,0.0031898466404527426,0.0029560215305536987,0.0033971755765378475
rmse,climatology,surface_speed,430,0.00327877402305603,0.002953060111030936,0.003623278858140111
rmse,climatology,surface_speed,440,0.0033657065437485774,0.003197721717879176,0.0036037725862115622
rmse,climatology,surface_speed,450,0.0032249768109371265,0.0029514880385249852,0.003596463007852435
rmse,climatology,surface_speed,460,0.0032497651254137358,0.0029145242646336556,0.0037092600017786027
rmse,climatology,surface_speed,470,0.0033850479250152905,0.00307630836032331,0.0038338986225426195
rmse,climatology,surface_speed,480,0.003428985395779212,0.0030160026159137487,0.004103754460811615
rmse,climatology,surface_speed,490,0.0034124450913319984,0.0028766268398612736,0.004412508942186832
rmse,climatology,surface_speed,500,0.003615680957833926,0.0029289675410836937,0.004921845998615026
rmse,climatology,surface_speed,510,0.003727396282677849,0.0031099626794457436,0.005083191394805908
rmse,climatology,surface_speed,520,0.0036459272106488545,0.0029935962054878475,0.00492771714925766
rmse,climatology,surface_speed,530,0.003675053423891465,0.002942278841510415,0.0049709082581102845
rmse,climatology,surface_speed,540,0.0038143802744646867,0.0031749569345265625,0.0048048138618469235
rmse,climatology,surface_speed,550,0.0037620560576518375,0.0030813737772405147,0.004867095127701759
rmse,climatology,surface_speed,560,0.003726983225593964,0.0030779171269387008,0.004772997647523879
rmse,climatology,surface_speed,570,0.0037786295016606648,0.0032932757865637543,0.004555350821465253
rmse,climatology,surface_speed,580,0.003746431041508913,0.0031629163306206463,0.0045543526299297804
rmse,climatology,surface_speed,590,0.003668068613236149,0.0028480586130172013,0.004420152492821216
rmse,climatology,surface_speed,600,0.0037960171854744353,0.003146848874166608,0.004614917747676373
rmse,climatology,surface_speed,610,0.0039253285775582,0.0032548642717301845,0.005145917367190123
rmse,climatology,surface_speed,620,0.003822322702035308,0.0028419777750968932,0.005156856961548328
rmse,climatology,surface_speed,630,0.0037880198874821265,0.002966047590598464,0.004986649565398693
rmse,climatology,surface_speed,640,0.0038187511575718722,0.0032493894919753074,0.004971655085682869
rmse,climatology,surface_speed,650,0.0037338935925314825,0.003081676363945007,0.004771142173558474
rmse,climatology,surface_speed,660,0.0035465432486186427,0.0028347054962068797,0.004235955700278282
rmse,climatology,surface_speed,670,0.003568793833255768,0.0030489079654216766,0.003969620261341333
rmse,climatology,surface_speed,680,0.0035576490530123315,0.0031617289409041406,0.004001104179769755
rmse,climatology,surface_speed,690,0.0033942118597527346,0.0030402847565710544,0.0037747783586382865
rmse,climatology,surface_speed,700,0.0033654055713365476,0.0031211990863084793,0.0035383099224418403
rmse,climatology,surface_speed,710,0.003480742359533906,0.0032232464756816624,0.0038772803731262685
rmse,climatology,surface_speed,720,0.0034168411511927843,0.0029841640964150427,0.0038944500498473643
rmse,climatology,surface_speed,730,0.0033544565085321665,0.003047868236899376,0.00375081836245954
rmse,climatology,surface_speed,740,0.0033866417749474445,0.0030638725496828557,0.003598664794117212
rmse,climatology,surface_speed,750,0.0033684566927452884,0.0030818921979516743,0.003633845504373312
rmse,climatology,surface_speed,760,0.0032512521836906673,0.0028972772881388663,0.003545897640287876
rmse,climatology,surface_speed,770,0.0033277866430580618,0.0030144714284688233,0.003567061806097627
rmse,climatology,surface_speed,780,0.003435218287631869,0.0032103005796670914,0.0036598543170839547
rmse,climatology,surface_speed,790,0.0033685239342351753,0.0029806568752974274,0.003679005289450288
rmse,climatology,surface_speed,800,0.0033466598329444726,0.003004077123478055,0.0037214158102869986
rmse,climatology,surface_speed,810,0.0035054344528665147,0.003057651361450553,0.00410188203677535
rmse,climatology,surface_speed,820,0.003571228248377641,0.003023998253047466,0.004411763045936823
rmse,climatology,surface_speed,830,0.003550385699296991,0.0029544650111347436,0.004612153023481369
rmse,climatology,surface_speed,840,0.0036889115038017434,0.0031512598507106304,0.004806322883814573
rmse,climatology,surface_speed,850,0.003807465390612682,0.0031829651445150374,0.005291166715323925
rmse,climatology,surface_speed,860,0.003756018433098992,0.0029023126233369114,0.005499448440968989
rmse,climatology,surface_speed,870,0.0037750601458052795,0.0029348606709390878,0.0057083630003035065
rmse,climatology,surface_speed,880,0.003931408204759161,0.003101547062397003,0.005864362139254808
rmse,climatology,surface_speed,890,0.0039097297160575785,0.002910455921664834,0.005636879615485668
rmse,climatology,surface_speed,900,0.0038534436374902726,0.003092334931716323,0.005456079635769128
rmse,climatology,surface_speed,910,0.003855879682426651,0.0029949455987662078,0.005395757034420967
rmse,climatology,surface_speed,920,0.003854065357397,0.003058219188824296,0.005302259884774685
rmse,climatology,surface_speed,930,0.0037207117148985464,0.002990168798714876,0.004902261309325695
rmse,climatology,surface_speed,940,0.0037272818541775146,0.002989420900121331,0.004866993241012097
rmse,climatology,surface_speed,950,0.003754812370364865,0.0030858533456921576,0.004758679587393999
rmse,climatology,surface_speed,960,0.003651261795312166,0.0031948034651577474,0.0044403743930161
rmse,climatology,surface_speed,970,0.0034877146283785504,0.0029359097126871346,0.004003398772329092
rmse,climatology,surface_speed,980,0.003528600496550401,0.0029782110825181006,0.004033603239804506
rmse,climatology,surface_speed,990,0.0035078913749506074,0.002999085234478116,0.003934560157358646
rmse,climatology,surface_speed,1000,0.00339272307852904,0.0030041394289582967,0.00375783983618021
rmse,climatology,surface_speed,1010,0.003409686886395017,0.003007041243836284,0.0038038922008126973
rmse,climatology,surface_speed,1020,0.0034829982556402682,0.003218369884416461,0.003950420394539833
rmse,climatology,surface_speed,1030,0.0033822712022811173,0.003065738594159484,0.003791326889768243
rmse,climatology,surface_speed,1040,0.0033152353794624408,0.0028786400333046915,0.003682311624288559
rmse,climatology,surface_speed,1050,0.003459652839228511,0.0031046563759446143,0.0037015491630882024
rmse,climatology,surface_speed,1060,0.0034671182899425426,0.003264105599373579,0.0036979662254452705
rmse,climatology,surface_speed,1070,0.003437341082220276,0.0031659504398703574,0.0036662640050053596
rmse,climatology,surface_speed,1080,0.003504659328609705,0.0031751477159559726,0.0039935044944286345
rmse,climatology,surface_speed,1090,0.0036145526450127364,0.0032837734557688235,0.004318331368267536
rmse,climatology,surface_speed,1100,0.0035892950681348642,0.003095647320151329,0.004545974638313055
rmse,climatology,surface_speed,1110,0.0037251312596102556,0.003175779851153493,0.005049869138747453
rmse,climatology,surface_speed,1120,0.003932924382388592,0.003258400084450841,0.005686503369361162
rmse,climatology,surface_speed,1130,0.003990552760660649,0.003130413917824626,0.006139156315475702
rmse,climatology,surface_speed,1140,0.003947760025039315,0.00299038621596992,0.006235881708562374
rmse,climatology,surface_speed,1150,0.0041289209388196465,0.0032295427285134793,0.006235435325652361
rmse,climatology,surface_speed,1160,0.004212926390270392,0.003225545771420002,0.006007725093513727
rmse,climatology,surface_speed,1170,0.004168435946727792,0.002933873748406768,0.006016780529171228
rmse,climatology,surface_speed,1180,0.004222654923796654,0.0029874933883547784,0.0060809972696006295
rmse,climatology,surface_speed,1190,0.00435757456968228,0.0032812856137752534,0.006040880177170038
rmse,climatology,surface_speed,1200,0.00431026207904021,0.003234781324863434,0.005958169791847467
rmse,climatology,surface_speed,1210,0.00426282921495537,0.00316123329102993,0.0055800508707761765
rmse,climatology,surface_speed,1220,0.004414316390951475,0.0033022246789187193,0.0057739528827369215
rmse,climatology,surface_speed,1230,0.004441550762082139,0.0031681222841143607,0.0060390206053853035
rmse,climatology,surface_speed,1240,0.004389458211759726,0.003115272242575884,0.00623865956440568
rmse,climatology,surface_speed,1250,0.004406350494051973,0.0032806190196424724,0.006239398662000894
rmse,climatology,surface_speed,1260,0.004405390021080772,0.0032627823762595653,0.006287518516182899
rmse,climatology,surface_speed,1270,0.00423104491395255,0.0029886878561228513,0.00610178429633379
rmse,climatology,surface_speed,1280,0.004153840476647019,0.00302314436994493,0.005897067859768868
rmse,climatology,surface_speed,1290,0.0041486608174939954,0.0033074154518544672,0.005714122112840414
rmse,climatology,surface_speed,1300,0.004028375757237275,0.003050229791551828,0.005485580209642649
rmse,climatology,surface_speed,1310,0.003781936364248395,0.0028778256848454474,0.004942322801798582
rmse,climatology,surface_speed,1320,0.0037853848809997243,0.003203206369653344,0.004611828085035086
rmse,climatology,surface_speed,1330,0.003726622803757588,0.003236055513843894,0.0045799828134477135
rmse,climatology,surface_speed,1340,0.003576600675781568,0.0028739833272993565,0.004176139924675226
rmse,climatology,surface_speed,1350,0.0035150228689114255,0.003041479317471385,0.003911227453500032
rmse,climatology,surface_speed,1360,0.0036019527974228065,0.0033205090090632438,0.0039850080385804175
rmse,climatology,surface_speed,1370,0.0035193977256615955,0.0030760710127651692,0.0038558426313102245
rmse,climatology,surface_speed,1380,0.0034194305849572022,0.003180071944370866,0.003650882327929139
rmse,climatology,surface_speed,1390,0.003534998589505752,0.003283839672803879,0.003830647375434637
rmse,climatology,surface_speed,1400,0.003560285766919454,0.0032187178265303375,0.004045372363179922
rmse,climatology,surface_speed,1410,0.0034928809540967147,0.0030986817553639414,0.003892435319721699
rmse,climatology,surface_speed,1420,0.003512888370702664,0.003128799423575401,0.003867947310209274
rmse,climatology,surface_speed,1430,0.003588366166998943,0.0031875554006546734,0.0037177907768636944
rmse,climatology,surface_speed,1440,0.0035110281159480413,0.0030492117162793874,0.00357005731202662
rmse,climatology,surface_speed,1450,0.0035433168367793163,0.0030760748311877252,0.003794097388163209
rmse,climatology,surface_speed,1460,0.0036719241024305424,0.003057637484744191,0.004133610893040895
rmse,climatology,surface_speed,1470,0.0037330862289915484,0.003317404305562377,0.00420271186158061
rmse,climatology,surface_speed,1480,0.0036246208318819603,0.0031419376377016307,0.00433592926710844
rmse,climatology,surface_speed,1490,0.0037448931174973647,0.0030905394814908504,0.005077395681291818
rmse,climatology,surface_speed,1500,0.003843313812588652,0.0031021731905639172,0.005169719457626343
rmse,climatology,surface_speed,1510,0.0038699767086654902,0.003189635928720236,0.004993745870888233
rmse,climatology,surface_speed,1520,0.003925311441222826,0.0030252041295170786,0.00500233955681324
rmse,climatology,surface_speed,1530,0.004112348643441995,0.003180397627875209,0.005889481492340564
rmse,climatology,surface_speed,1540,0.004139021039009094,0.003030895534902811,0.006007590144872665
rmse,climatology,surface_speed,1550,0.004072834023584922,0.002919855434447527,0.006000776402652263
rmse,climatology,surface_speed,1560,0.004155380294347802,0.0029834537301212547,0.005968423280864954
rmse,climatology,surface_speed,1570,0.00419392556262513,0.0030533078126609324,0.006078978441655636
rmse,climatology,surface_speed,1580,0.00407754722982645,0.0030717679765075445,0.005839893221855163
rmse,climatology,surface_speed,1590,0.003977657093976935,0.00300363153219223,0.005601373594254255
rmse,climatology,surface_speed,1600,0.003951208883275588,0.0031039098277688025,0.005396846961230039
rmse,climatology,surface_speed,1610,0.0037822847875456016,0.0030231381300836802,0.005014111567288637
rmse,climatology,surface_speed,1620,0.0036743930075317623,0.0030261910520493983,0.0045153751038014885
rmse,climatology,surface_speed,1630,0.0036739306213955086,0.0029691459145396947,0.004461151082068682
rmse,climatology,surface_speed,1640,0.003666991787031293,0.0032624487299472093,0.00424496429041028
rmse,climatology,surface_speed,1650,0.003454491263255477,0.003083659382537007,0.0038854533806443213
rmse,climatology,surface_speed,1660,0.003463859452555577,0.0029211162589490415,0.003938332200050354
rmse,climatology,surface_speed,1670,0.003490000156064828,0.0030600385274738074,0.003988782223314047
rmse,climatology,surface_speed,1680,0.0034290702392657598,0.0030774158891290425,0.003771828906610608
rmse,climatology,surface_speed,1690,0.0033443720390399297,0.002928570657968521,0.0035575578920543196
rmse,climatology,surface_speed,1700,0.00345506079805394,0.0031281853560358288,0.003933800291270018
rmse,climatology,surface_speed,1710,0.0034270163315037886,0.0031746040098369122,0.003757159039378166
rmse,climatology,surface_speed,1720,0.003302545193582773,0.0029868190642446278,0.003573654778301716
rmse,climatology,surface_speed,1730,0.00337705936593314,0.0030236778780817985,0.0037287162151187657
rmse,climatology,surface_speed,1740,0.0034775389668842156,0.003333620401099324,0.003625327441841364
rmse,climatology,surface_speed,1750,0.0034328064881265163,0.003185700997710228,0.00362375364638865
rmse,climatology,surface_speed,1760,0.0034503706420461336,0.003193987440317869,0.003801527619361877
rmse,climatology,surface_speed,1770,0.0035732102580368517,0.0032646028324961663,0.004135799035429954
rmse,climatology,surface_speed,1780,0.0035800772408644357,0.0032191650941967966,0.004378953576087951
rmse,climatology,surface_speed,1790,0.0036254010628908873,0.003044609911739826,0.004670258890837431
rmse,climatology,surface_speed,1800,0.0038136415959646305,0.0032254350837320088,0.005296829435974359
rmse,climatology,surface_speed,1810,0.003963970144589742,0.0032910324633121492,0.0058178952895104885
rmse,climatology,surface_speed,1820,0.0038718244216094416,0.002952520363032818,0.005963444989174604
rmse,climatology,surface_speed,1830,0.00396890703899165,0.0031293689273297785,0.005952510982751846
rmse,climatology,surface_speed,1840,0.004097223359470566,0.0032691482454538347,0.005671996343880892
rmse,climatology,surface_speed,1850,0.0040859647716085115,0.003084045276045799,0.005694076791405677
rmse,climatology,surface_speed,1860,0.0040204573577890795,0.002915373258292675,0.0057408324442803855
rmse,climatology,surface_speed,1870,0.004153450531885028,0.0031988158356398345,0.005658949259668589
rmse,climatology,surface_speed,1880,0.004162945877760648,0.003247534716501832,0.00558280861005187
rmse,climatology,surface_speed,1890,0.00406453269533813,0.0031438773963600396,0.005201768688857555
rmse,climatology,surface_speed,1900,0.004149850892523925,0.003301633708178997,0.005275586433708668
rmse,climatology,surface_speed,1910,0.004267155441145102,0.0033008340746164323,0.005655864905565977
rmse,climatology,surface_speed,1920,0.004225961087892453,0.0031674396246671676,0.005998440273106098
rmse,climatology,surface_speed,1930,0.004207824434464176,0.0031635412015020847,0.005963752884417773
rmse,climatology,surface_speed,1940,0.004238449828699231,0.003302009357139468,0.005954916588962078
rmse,climatology,surface_speed,1950,0.004124819021672011,0.00317979296669364,0.0058259968645870686
rmse,climatology,surface_speed,1960,0.003951636546601852,0.0029259569011628626,0.0054572481662034985
rmse,climatology,surface_speed,1970,0.003932349321742853,0.0032596212811768057,0.005206241365522146
rmse,climatology,surface_speed,1980,0.003890287612254421,0.003264970052987337,0.005007334519177675
rmse,climatology,surface_speed,1990,0.0036496213171631096,0.002885755896568298,0.004592771641910076
rmse,climatology,surface_speed,2000,0.003586794187625249,0.003061279933899641,0.004096773359924555
rmse,persistence,surface_speed,0,0.0,0.0,0.0
rmse,persistence,surface_speed,10,0.00237644847172002,0.002035052655264735,0.002700142050161958
rmse,persistence,surface_speed,20,0.0032833594363182784,0.0029404053930193186,0.003675637533888221
rmse,persistence,surface_speed,30,0.003681389195844531,0.0033001508098095657,0.004024333599954843
rmse,persistence,surface_speed,40,0.0045264661001662414,0.003929562866687775,0.005070245265960694
rmse,persistence,surface_speed,50,0.004964599960173169,0.004248273093253374,0.0054371686652302745
rmse,persistence,surface_speed,60,0.0051937012933194636,0.004525898862630129,0.005741261411458254
rmse,persistence,surface_speed,70,0.005310371425002814,0.004489631857722998,0.005888010561466217
rmse,persistence,surface_speed,80,0.005204244144260883,0.004347568657249212,0.0059099489822983745
rmse,persistence,surface_speed,90,0.005416389834135771,0.004741821996867656,0.0060455967672169205
rmse,persistence,surface_speed,100,0.0055740152796109515,0.004879198968410492,0.00616434533149004
rmse,persistence,surface_speed,110,0.005279846241076787,0.0047600151970982555,0.005954581033438444
rmse,persistence,surface_speed,120,0.005435800800720851,0.004786104056984186,0.0063180244527757164
rmse,persistence,surface_speed,130,0.005256649261961381,0.004486268479377031,0.005970214027911425
rmse,persistence,surface_speed,140,0.004499524692073464,0.0037095443811267616,0.005091130640357733
rmse,persistence,surface_speed,150,0.004245611404379209,0.0033035920932888985,0.005477508250623941
rmse,persistence,surface_speed,160,0.0037416763914128143,0.00255281045101583,0.005531643796712159
rmse,persistence,surface_speed,170,0.0025874722593774396,0.0008837294648401439,0.004832661990076303
rmse,persistence,surface_speed,180,0.003591783344745636,0.0022254577372223137,0.0053179672919213775
rmse,persistence,surface_speed,190,0.00439929220204552,0.0032426915597170594,0.006022075656801462
rmse,persistence,surface_speed,200,0.004690920903036992,0.0037387358024716377,0.006346746161580086
rmse,persistence,surface_speed,210,0.005343084859972199,0.0041995651088655,0.00667443424463272
rmse,persistence,surface_speed,220,0.005719550295422474,0.004424439277499914,0.006950722075998783
rmse,persistence,surface_speed,230,0.005845271423459053,0.004611402377486229,0.0074125674553215505
rmse,persistence,surface_speed,240,0.005924042065938314,0.004743037559092045,0.0072401674464344975
rmse,persistence,surface_speed,250,0.0057650023140013214,0.004544943477958441,0.006878987699747085
rmse,persistence,surface_speed,260,0.005831575145324072,0.00495765246450901,0.006793437339365482
rmse,persistence,surface_speed,270,0.005935318643848101,0.0051739029586315155,0.006629346404224634
rmse,persistence,surface_speed,280,0.005581463531901439,0.005188841465860605,0.005974634271115065
rmse,persistence,surface_speed,290,0.005591918310771386,0.0050319510512053965,0.006185992155224085
rmse,persistence,surface_speed,300,0.005411236764242252,0.004758166428655386,0.005887713842093944
rmse,persistence,surface_speed,310,0.004614793757597605,0.004336942452937365,0.0048907820135355
rmse,persistence,surface_speed,320,0.00422796073059241,0.003687992412596941,0.004793608095496893
rmse,persistence,surface_speed,330,0.0037518538534641265,0.0030303823761641977,0.004435506369918585
rmse,persistence,surface_speed,340,0.002539715721892814,0.0017407476669177413,0.003111038589850068
rmse,persistence,surface_speed,350,0.0031762702080110707,0.0025394455529749393,0.003670419426634908
rmse,persistence,surface_speed,360,0.003997614110509555,0.0034357949625700712,0.00438751308247447
rmse,persistence,surface_speed,370,0.004237994784489274,0.00395481325685978,0.004488400276750326
rmse,persistence,surface_speed,380,0.004868433189888795,0.004413747601211071,0.00531868040561676
rmse,persistence,surface_speed,390,0.005294178208957116,0.004652152676135302,0.005748218111693859
rmse,persistence,surface_speed,400,0.0054226522023479145,0.004920038115233183,0.005799949262291193
rmse,persistence,surface_speed,410,0.0055304508656263355,0.004918215423822403,0.0059505971148610115
rmse,persistence,surface_speed,420,0.005388362240046263,0.004711078759282827,0.005978742334991694
rmse,persistence,surface_speed,430,0.005489535039911667,0.005247452948242426,0.006094528920948505
rmse,persistence,surface_speed,440,0.005699122324585915,0.005235832184553146,0.006253791786730289
rmse,persistence,surface_speed,450,0.0054102193874617415,0.0046289324760437015,0.005915296822786331
rmse,persistence,surface_speed,460,0.005478166633596023,0.005112202558666468,0.006083502620458603
rmse,persistence,surface_speed,470,0.005459312628954649,0.004993091709911824,0.005971933994442224
rmse,persistence,surface_speed,480,0.00473855941866835,0.0037198676727712154,0.005720369610935449
rmse,persistence,surface_speed,490,0.00443839201082786,0.0037404253147542478,0.00565118957310915
rmse,persistence,surface_speed,500,0.0042317780355612435,0.003401294443756342,0.005668861605226993
rmse,persistence,surface_speed,510,0.003107931682219108,0.0014091983437538149,0.005380587931722402
rmse,persistence,surface_speed,520,0.003609881162022551,0.002159274648874998,0.005563201755285263
rmse,persistence,surface_speed,530,0.00448083383962512,0.00320310415700078,0.005799531284719705
rmse,persistence,surface_speed,540,0.004713238356634975,0.0036702339537441732,0.006088192854076624
rmse,persistence,surface_speed,550,0.005279194780935844,0.004360025841742754,0.006472751405090094
rmse,persistence,surface_speed,560,0.005699907708913088,0.004841420240700245,0.007050248607993126
rmse,persistence,surface_speed,570,0.005775598560770353,0.005009366292506456,0.006724037509411573
rmse,persistence,surface_speed,580,0.005826621626814206,0.005044000037014484,0.006716908887028694
rmse,persistence,surface_speed,590,0.005617104439685742,0.0047409145161509516,0.006601684261113405
rmse,persistence,surface_speed,600,0.005624670224885146,0.005089593399316072,0.0064957886934280396
rmse,persistence,surface_speed,610,0.005812314028541247,0.005126226786524057,0.006792392581701279
rmse,persistence,surface_speed,620,0.005505377302567164,0.00446788314729929,0.006413378659635783
rmse,persistence,surface_speed,630,0.0054418073656658334,0.004907762166112661,0.006015168037265539
rmse,persistence,surface_speed,640,0.00535070967550079,0.00490436302497983,0.006319316569715738
rmse,persistence,surface_speed,650,0.004465935208524267,0.0036315206438302995,0.005295980162918568
rmse,persistence,surface_speed,660,0.0038252410168449083,0.003400800283998251,0.004415791667997837
rmse,persistence,surface_speed,670,0.0033744209135572116,0.0030022991355508565,0.0038091566413640974
rmse,persistence,surface_speed,680,0.0016121338975305358,0.0011512375669553876,0.0021776008885353803
rmse,persistence,surface_speed,690,0.0018326799230029185,0.0015194965060800314,0.0021579395048320293
rmse,persistence,surface_speed,700,0.0031483335110048453,0.0027465160470455884,0.003543599462136626
rmse,persistence,surface_speed,710,0.0034721440635621546,0.0030769400764256716,0.0038704921025782824
rmse,persistence,surface_speed,720,0.00414651093694071,0.003774925274774432,0.004643524438142777
rmse,persistence,surface_speed,730,0.004770992153013746,0.004108355287462473,0.005147989187389612
rmse,persistence,surface_speed,740,0.004945241163174311,0.004371971357613802,0.005468386225402355
rmse,persistence,surface_speed,750,0.005132311303168535,0.004529326781630516,0.005768323503434658
rmse,persistence,surface_speed,760,0.005045022225628296,0.004220580961555242,0.005630562361329794
rmse,persistence,surface_speed,770,0.005103237585475048,0.004702840559184551,0.005756900180131197
rmse,persistence,surface_speed,780,0.005404508082816998,0.004989372286945582,0.0060884407721459866
rmse,persistence,surface_speed,790,0.0052206335278848805,0.0045415916480124,0.0058022222481668
rmse,persistence,surface_speed,800,0.005186170308540265,0.004897620063275099,0.005590206757187843
rmse,persistence,surface_speed,810,0.0053128845989704136,0.0048128744587302204,0.005866845976561308
rmse,persistence,surface_speed,820,0.004687452378372352,0.003977946005761623,0.005268745683133602
rmse,persistence,surface_speed,830,0.004196463447685043,0.0035444003529846667,0.005111858248710632
rmse,persistence,surface_speed,840,0.00403649527579546,0.0031048092525452374,0.005124596692621708
rmse,persistence,surface_speed,850,0.0029527189986159404,0.001623096107505262,0.0047107704915106295
rmse,persistence,surface_speed,860,0.0030504207747677962,0.0016385423950850964,0.0050313396379351605
rmse,persistence,surface_speed,870,0.004209531983360648,0.003039324609562755,0.006020215991884469
rmse,persistence,surface_speed,880,0.0045659104362130165,0.0034850392024964095,0.006492416933178901
rmse,persistence,surface_speed,890,0.005080898447583119,0.0040523986332118515,0.00679960660636425
rmse,persistence,surface_speed,900,0.005646306121100982,0.004400054179131985,0.006987798493355513
rmse,persistence,surface_speed,910,0.005783518652121226,0.00458357846364379,0.0073480186983942986
rmse,persistence,surface_speed,920,0.005919304955750704,0.004866481013596058,0.007589833345264196
rmse,persistence,surface_speed,930,0.005832820758223533,0.0047589815221726894,0.006894983071833849
rmse,persistence,surface_speed,940,0.005784411666293939,0.004828591085970402,0.006676223780959845
rmse,persistence,surface_speed,950,0.005985362486292918,0.0052020523697137834,0.006909485813230276
rmse,persistence,surface_speed,960,0.005804115689049164,0.005247068684548139,0.006427296157926321
rmse,persistence,surface_speed,970,0.005599766876548529,0.0052012988366186615,0.0060646506026387215
rmse,persistence,surface_speed,980,0.005657941506554683,0.005092015583068132,0.006154779158532619
rmse,persistence,surface_speed,990,0.00503741546223561,0.004540092032402754,0.005442012846469879
rmse,persistence,surface_speed,1000,0.004393321399887403,0.004075440019369126,0.004839434009045363
rmse,persistence,surface_speed,1010,0.004186173807829619,0.0036090521607548,0.004819860495626926
rmse,persistence,surface_speed,1020,0.00316093269114693,0.002589681837707758,0.0035840360913425686
rmse,persistence,surface_speed,1030,0.0028975921993454295,0.0024303508922457694,0.0033387545496225356
rmse,persistence,surface_speed,1040,0.00395554380180935,0.0035511822905391456,0.004330276697874069
rmse,persistence,surface_speed,1050,0.004316455125808716,0.004024873534217477,0.004550627991557121
rmse,persistence,surface_speed,1060,0.00478405902783076,0.00452280966565013,0.005049935635179281
rmse,persistence,surface_speed,1070,0.005422013128797213,0.004969621263444424,0.005745388101786375
rmse,persistence,surface_speed,1080,0.0056353527121245865,0.005263270530849695,0.005903408024460077
rmse,persistence,surface_speed,1090,0.005846110420922438,0.005385382194072008,0.006351128127425909
rmse,persistence,surface_speed,1100,0.0058604764131208265,0.004976084176450968,0.006605743058025837
rmse,persistence,surface_speed,1110,0.0058881697244942185,0.00495717665180564,0.007104211207479239
rmse,persistence,surface_speed,1120,0.006215595050404469,0.005340002197772265,0.0077884020283818245
rmse,persistence,surface_speed,1130,0.0061740400890509285,0.004782317206263542,0.00828635785728693
rmse,persistence,surface_speed,1140,0.006042889008919398,0.004781127627938986,0.0082558861002326
rmse,persistence,surface_speed,1150,0.006259916132936875,0.005204803124070167,0.00820841733366251
rmse,persistence,surface_speed,1160,0.005787101046492656,0.004202405828982592,0.007790586166083813
rmse,persistence,surface_speed,1170,0.005188565126930674,0.0035260446835309266,0.007376363873481751
rmse,persistence,surface_speed,1180,0.005134417861700058,0.0036259871907532216,0.007074572890996933
rmse,persistence,surface_speed,1190,0.004303622633839647,0.0023777227848768233,0.006560896802693605
rmse,persistence,surface_speed,1200,0.0037603901466354726,0.0013268893118947745,0.0062711752951145165
rmse,persistence,surface_speed,1210,0.004732890954862038,0.0028760279528796673,0.006637680344283581
rmse,persistence,surface_speed,1220,0.005069988764201601,0.003473366843536496,0.006770013831555843
rmse,persistence,surface_speed,1230,0.005416349849353234,0.003982059564441443,0.0069816564209759235
rmse,persistence,surface_speed,1240,0.005949056334793567,0.004631587117910385,0.007394359912723303
rmse,persistence,surface_speed,1250,0.006083644833415747,0.004904293268918991,0.007561296783387661
rmse,persistence,surface_speed,1260,0.0061594606998066105,0.005152880307286977,0.007638327125459909
rmse,persistence,surface_speed,1270,0.006015621063609918,0.004693176224827766,0.007508671190589666
rmse,persistence,surface_speed,1280,0.005791012508173783,0.004770614393055439,0.007346407882869244
rmse,persistence,surface_speed,1290,0.005893989372998476,0.0052193434908986095,0.007300693169236183
rmse,persistence,surface_speed,1300,0.005709502194076776,0.004713179636746645,0.006765085272490978
rmse,persistence,surface_speed,1310,0.005310586219032605,0.004625980835407972,0.005993795860558748
rmse,persistence,surface_speed,1320,0.005345387135942777,0.005023119691759348,0.0058115717954933645
rmse,persistence,surface_speed,1330,0.004722618559996287,0.004191618319600821,0.005532624013721943
rmse,persistence,surface_speed,1340,0.0037712609084943932,0.0033411314710974694,0.004468211904168129
rmse,persistence,surface_speed,1350,0.003473274875432253,0.0030319227837026117,0.00380386752076447
rmse,persistence,surface_speed,1360,0.002311532308037082,0.0020078407134860752,0.0026333038695156574
rmse,persistence,surface_speed,1370,0.0008603865280747414,0.0006580277578905225,0.0010000126902014017
rmse,persistence,surface_speed,1380,0.002700080272431175,0.0023538294713944196,0.003046945249661803
rmse,persistence,surface_speed,1390,0.003359393108015259,0.003002719022333622,0.003746657492592931
rmse,persistence,surface_speed,1400,0.003810633843143781,0.0033578867558389904,0.0042372655123472215
rmse,persistence,surface_speed,1410,0.004629435824851195,0.004022398125380277,0.005186037719249725
rmse,persistence,surface_speed,1420,0.004960988306750854,0.0043741163797676565,0.005334119591861963
rmse,persistence,surface_speed,1430,0.005196399986743927,0.00458071306347847,0.005850005801767111
rmse,persistence,surface_speed,1440,0.005270600877702236,0.0044818509370088576,0.00584067776799202
rmse,persistence,surface_speed,1450,0.0052026129638155305,0.00445866072550416,0.00575900562107563
rmse,persistence,surface_speed,1460,0.005480492860078812,0.004823276773095131,0.006040386483073234
rmse,persistence,surface_speed,1470,0.005569251844038566,0.004914786387234926,0.006075484026223421
rmse,persistence,surface_speed,1480,0.005321081448346377,0.004883964546024799,0.005943313147872686
rmse,persistence,surface_speed,1490,0.0055395096230010194,0.004949832148849964,0.006481004040688276
rmse,persistence,surface_speed,1500,0.00527118102957805,0.0043867077678442,0.006017064210027456
rmse,persistence,surface_speed,1510,0.004610671848058701,0.0039552003145217896,0.005236270651221275
rmse,persistence,surface_speed,1520,0.004500408625851075,0.0034100741613656282,0.00599398585036397
rmse,persistence,surface_speed,1530,0.0039508796917895475,0.00242335326038301,0.006090430915355683
rmse,persistence,surface_speed,1540,0.003205504547804594,0.0011448717443272472,0.005670259147882462
rmse,persistence,surface_speed,1550,0.004238261608406901,0.002566173207014799,0.0063694224692881106
rmse,persistence,surface_speed,1560,0.004824781185016036,0.003382566897198558,0.006804257724434137
rmse,persistence,surface_speed,1570,0.00509809471356372,0.003892990155145526,0.0069968136027455325
rmse,persistence,surface_speed,1580,0.005675309368719657,0.004355597589164972,0.007415091805160046
rmse,persistence,surface_speed,1590,0.005880839222421249,0.004536484647542238,0.0074696863070130345
rmse,persistence,surface_speed,1600,0.005939878554393848,0.004768726322799921,0.007442683354020118
rmse,persistence,surface_speed,1610,0.005919996121277412,0.004814906138926744,0.0072590896859765055
rmse,persistence,surface_speed,1620,0.005720520950853824,0.004617493506520987,0.006450921855866909
rmse,persistence,surface_speed,1630,0.005823944912602504,0.005033220909535885,0.006607730127871037
rmse,persistence,surface_speed,1640,0.005879130649069945,0.005214088596403599,0.006437920965254307
rmse,persistence,surface_speed,1650,0.005534062689791123,0.005178236216306686,0.0059669696725904945
rmse,persistence,surface_speed,1660,0.005621468865623077,0.005126961972564459,0.006304887402802706
rmse,persistence,surface_speed,1670,0.005348707363009453,0.004771659336984158,0.005742867384105921
rmse,persistence,surface_speed,1680,0.0045537490397691725,0.0043194257654249665,0.004849060345441103
rmse,persistence,surface_speed,1690,0.004279368712256352,0.0037772759329527616,0.004831085726618767
rmse,persistence,surface_speed,1700,0.003705649853994449,0.0031518375035375357,0.004228952713310718
rmse,persistence,surface_speed,1710,0.0026585175500561794,0.0021887618117034436,0.0031555387191474437
rmse,persistence,surface_speed,1720,0.0035027526939908665,0.003035449841991067,0.003906430583447218
rmse,persistence,surface_speed,1730,0.004200760787352919,0.0038110827561467888,0.004461795929819346
rmse,persistence,surface_speed,1740,0.004485504329204559,0.004312591347843409,0.004701824393123388
rmse,persistence,surface_speed,1750,0.005165327588717143,0.004764758516103029,0.0054634975269436835
rmse,persistence,surface_speed,1760,0.005545431313415368,0.005137717165052891,0.005876635294407606
rmse,persistence,surface_speed,1770,0.005725490984817346,0.005312986951321363,0.006088816281408072
rmse,persistence,surface_speed,1780,0.005857820436358452,0.005156800150871277,0.006453465856611729
rmse,persistence,surface_speed,1790,0.005793159268796444,0.004840214271098375,0.006752697937190533
rmse,persistence,surface_speed,1800,0.006011278244356314,0.005335303023457527,0.007334782090038061
rmse,persistence,surface_speed,1810,0.006213290399561326,0.005173486098647118,0.007940319925546646
rmse,persistence,surface_speed,1820,0.005949465154359738,0.004599761217832565,0.008004466630518436
rmse,persistence,surface_speed,1830,0.0061080130438009896,0.005179834365844726,0.0079878406599164
rmse,persistence,surface_speed,1840,0.005994955947001775,0.004853555932641029,0.0076080761849880215
rmse,persistence,surface_speed,1850,0.0052418586487571394,0.0035830398090183737,0.007217330392450094
rmse,persistence,surface_speed,1860,0.0050087403350820145,0.0037127180956304075,0.006895121745765209
rmse,persistence,surface_speed,1870,0.0046241052293529115,0.003203581692650914,0.006441727187484502
rmse,persistence,surface_speed,1880,0.0034639520260194936,0.0012894167564809324,0.005808468908071518
rmse,persistence,surface_speed,1890,0.004062210256233811,0.0023296416271477937,0.005874175392091274
rmse,persistence,surface_speed,1900,0.004735863441601396,0.0032756363973021506,0.006314330361783504
rmse,persistence,surface_speed,1910,0.004947503842413425,0.003740064986050129,0.006328813824802637
rmse,persistence,surface_speed,1920,0.005506005448599656,0.0044061335735023025,0.006760897859930992
rmse,persistence,surface_speed,1930,0.005830251735945543,0.004838667437434196,0.00720574539154768
rmse,persistence,surface_speed,1940,0.005888525055100521,0.004921339359134436,0.007243120484054089
rmse,persistence,surface_speed,1950,0.005881830677390098,0.004751720651984215,0.0071145941503345965
rmse,persistence,surface_speed,1960,0.005587353774656852,0.004481740109622478,0.00686678932979703
rmse,persistence,surface_speed,1970,0.005547779984772206,0.004984524566680193,0.006728372629731893
rmse,persistence,surface_speed,1980,0.005602989283700784,0.004995788726955652,0.0065515262074768545
rmse,persistence,surface_speed,1990,0.005161304151018461,0.0044117792509496215,0.0058073695749044415
rmse,persistence,surface_speed,2000,0.005100472581883272,0.004923991486430168,0.005275088641792536
rmse,model,phihyd_surface,0,0.0,0.0,0.0
rmse,model,phihyd_surface,10,0.0027507421871026355,0.0021642122883349657,0.0031193620525300503
rmse,model,phihyd_surface,20,0.0035187650782366594,0.0026992639526724816,0.003987740073353052
rmse,model,phihyd_surface,30,0.004012094670906663,0.0030897865537554024,0.0045685961842536925
rmse,model,phihyd_surface,40,0.004420107929036021,0.003457842208445072,0.005031073279678821
rmse,model,phihyd_surface,50,0.004772343300282955,0.0037316812202334406,0.005454077385365963
rmse,model,phihyd_surface,60,0.005125046195462346,0.004043510230258107,0.005816429760307073
rmse,model,phihyd_surface,70,0.0054579245702673996,0.004313840065151453,0.006199455261230468
rmse,model,phihyd_surface,80,0.005765899270772934,0.004567601904273033,0.006536813173443079
rmse,model,phihyd_surface,90,0.006046004251887401,0.004899593163281679,0.006787281576544046
rmse,model,phihyd_surface,100,0.006341779511421919,0.005405545327812434,0.007034634333103895
rmse,model,phihyd_surface,110,0.006635266387214263,0.0055883506312966345,0.007376156281679869
rmse,model,phihyd_surface,120,0.006927313096821308,0.0058623052202165125,0.007631557248532772
rmse,model,phihyd_surface,130,0.007265781424939633,0.006269198097288609,0.008060423843562602
rmse,model,phihyd_surface,140,0.007588013385732968,0.0067016944289207455,0.008494281023740769
rmse,model,phihyd_surface,150,0.007881806759784619,0.007179655507206917,0.008756477944552898
rmse,model,phihyd_surface,160,0.008199085139979918,0.0078389055095613,0.008945607952773571
rmse,model,phihyd_surface,170,0.008528278768062591,0.008260332792997361,0.009290340542793273
rmse,model,phihyd_surface,180,0.008845030361165603,0.008556737564504147,0.009677649289369582
rmse,model,phihyd_surface,190,0.009166528843343258,0.008853697590529919,0.010042222961783408
rmse,model,phihyd_surface,200,0.00949551494171222,0.009095740877091885,0.010419142618775367
rmse,model,phihyd_surface,210,0.009817036675910155,0.009413205087184906,0.010826845839619636
rmse,model,phihyd_surface,220,0.01015304991354545,0.009710931777954101,0.011226449534296988
rmse,model,phihyd_surface,230,0.010504690061012904,0.009959845803678036,0.011689652130007742
rmse,model,phihyd_surface,240,0.010867251331607502,0.010241608321666717,0.012162066623568535
rmse,model,phihyd_surface,250,0.011246407528718312,0.010643689334392548,0.012574398145079612
rmse,model,phihyd_surface,260,0.011640446881453196,0.011039377376437187,0.0130345543846488
rmse,model,phihyd_surface,270,0.01206093207001686,0.011463719420135021,0.013484095223248005
rmse,model,phihyd_surface,280,0.012549757584929466,0.01187425684183836,0.014031372964382172
rmse,model,phihyd_surface,290,0.01301255337893963,0.012228507734835147,0.01453473512083292
rmse,model,phihyd_surface,300,0.013457640136281649,0.012561064958572388,0.015110247582197188
rmse,model,phihyd_surface,310,0.013902804938455422,0.012952705472707748,0.015601652860641479
rmse,model,phihyd_surface,320,0.014362384999791781,0.013330564834177494,0.016090622544288634
rmse,model,phihyd_surface,330,0.014835986246665319,0.013774515688419342,0.016629228368401527
rmse,model,phihyd_surface,340,0.01530059731254975,0.014157113246619701,0.01707436889410019
rmse,model,phihyd_surface,350,0.015725204969445863,0.014577739126980304,0.017517483234405516
rmse,model,phihyd_surface,360,0.016116870815555254,0.014955898188054562,0.017912880331277848
rmse,model,phihyd_surface,370,0.01648008848230044,0.01526716686785221,0.018320383131504057
rmse,model,phihyd_surface,380,0.01684901478389899,0.015432652086019516,0.01867634803056717
rmse,model,phihyd_surface,390,0.017282029241323472,0.015701081603765488,0.01910778172314167
rmse,model,phihyd_surface,400,0.01761130653321743,0.015911027416586877,0.0195813313126564
rmse,model,phihyd_surface,410,0.017955610528588295,0.016100513562560082,0.01997677907347679
rmse,model,phihyd_surface,420,0.018275614455342294,0.016386964917182924,0.020212838798761366
rmse,model,phihyd_surface,430,0.018602522710959118,0.01668633259832859,0.020431381091475485
rmse,model,phihyd_surface,440,0.018904201313853265,0.01697929687798023,0.020551811158657073
rmse,model,phihyd_surface,450,0.01929903154571851,0.017230021953582763,0.020940746739506723
rmse,model,phihyd_surface,460,0.01955552821358045,0.01732548289000988,0.021220669150352478
rmse,model,phihyd_surface,470,0.019805032387375833,0.017643460631370546,0.021545084565877913
rmse,model,phihyd_surface,480,0.020171746611595154,0.018072187528014184,0.021957068517804147
rmse,model,phihyd_surface,490,0.020486291870474814,0.018291526287794114,0.022284238785505294
rmse,model,phihyd_surface,500,0.020833409329255422,0.018763278797268867,0.022657927125692368
rmse,model,phihyd_surface,510,0.021268022432923316,0.018980834633111954,0.02302692048251629
rmse,model,phihyd_surface,520,0.021553737049301466,0.018985289707779886,0.023423950374126434
rmse,model,phihyd_surface,530,0.021741938342650733,0.01926225647330284,0.023634327203035356
rmse,model,phihyd_surface,540,0.022063642367720605,0.01973951458930969,0.023671335354447366
rmse,model,phihyd_surface,550,0.022401766603191695,0.020054764300584792,0.023698994144797324
rmse,model,phihyd_surface,560,0.022650951892137526,0.020004233345389366,0.024088820442557335
rmse,model,phihyd_surface,570,0.022912620504697164,0.020327213779091836,0.024727486819028855
rmse,model,phihyd_surface,580,0.023271761586268744,0.020768410712480544,0.025209440290927886
rmse,model,phihyd_surface,590,0.0235285010188818,0.02086077742278576,0.02517135366797447
rmse,model,phihyd_surface,600,0.023818791781862577,0.021492939442396164,0.025783102214336395
rmse,model,phihyd_surface,610,0.024170551324884097,0.02211126498878002,0.026186248660087584
rmse,model,phihyd_surface,620,0.024507402877012887,0.02203773558139801,0.026266823709011077
rmse,model,phihyd_surface,630,0.024613071978092194,0.022195345908403396,0.02631724178791046
rmse,model,phihyd_surface,640,0.02476403887073199,0.023108187317848205,0.026269389688968657
rmse,model,phihyd_surface,650,0.025025038296977678,0.023639632388949394,0.026397387310862542
rmse,model,phihyd_surface,660,0.025107316300272943,0.023440264537930487,0.026547430083155632
rmse,model,phihyd_surface,670,0.025288369879126547,0.023987947031855583,0.026706789061427115
rmse,model,phihyd_surface,680,0.025660521537065505,0.024022550135850907,0.02688947841525078
rmse,model,phihyd_surface,690,0.025806192308664322,0.024136723577976228,0.02705659717321396
rmse,model,phihyd_surface,700,0.025750059882799783,0.024815461412072182,0.02690005414187908
rmse,model,phihyd_surface,710,0.025923967733979224,0.02500593028962612,0.027056214213371278
rmse,model,phihyd_surface,720,0.026113552848498027,0.02508384920656681,0.02718462571501732
rmse,model,phihyd_surface,730,0.026147811363140743,0.024862112104892732,0.027236803993582727
rmse,model,phihyd_surface,740,0.02633224775393804,0.025108208134770393,0.02777757719159126
rmse,model,phihyd_surface,750,0.02661950998008251,0.025422149524092674,0.028190723434090615
rmse,model,phihyd_surface,760,0.026660309731960298,0.02522960491478443,0.027995121479034425
rmse,model,phihyd_surface,770,0.02682207487523556,0.025592314079403877,0.028243520483374595
rmse,model,phihyd_surface,780,0.027214709917704263,0.025923194363713264,0.02871323600411415
rmse,model,phihyd_surface,790,0.027592727666099867,0.026045215129852296,0.028874962776899337
rmse,model,phihyd_surface,800,0.027631923680504163,0.026391193643212317,0.029085816442966463
rmse,model,phihyd_surface,810,0.027808129290739694,0.026705094799399375,0.02954234816133976
rmse,model,phihyd_surface,820,0.02815088878075282,0.026713555678725243,0.02978627383708954
rmse,model,phihyd_surface,830,0.02826717620094617,0.026789962127804757,0.02955224849283695
rmse,model,phihyd_surface,840,0.02841350014011065,0.027114066854119302,0.029726801067590715
rmse,model,phihyd_surface,850,0.028877978026866914,0.027445478737354277,0.030083068832755088
rmse,model,phihyd_surface,860,0.029130751142899196,0.027652451023459434,0.030283860862255096
rmse,model,phihyd_surface,870,0.029030209158857664,0.027955486625432967,0.030053718388080596
rmse,model,phihyd_surface,880,0.029281387850642205,0.028488044813275337,0.030192049592733382
rmse,model,phihyd_surface,890,0.029549549023310345,0.028201502561569215,0.030638500303030013
rmse,model,phihyd_surface,900,0.02971452350417773,0.027861406654119493,0.03100263774394989
rmse,model,phihyd_surface,910,0.029870516185959182,0.028390105813741684,0.031629585474729535
rmse,model,phihyd_surface,920,0.03004753018418948,0.0283534936606884,0.03182779774069786
rmse,model,phihyd_surface,930,0.030185029904047648,0.028214042261242866,0.03190125674009323
rmse,model,phihyd_surface,940,0.030335282906889915,0.02846548929810524,0.03198428973555565
rmse,model,phihyd_surface,950,0.03058097983400027,0.028857726231217386,0.032349196076393125
rmse,model,phihyd_surface,960,0.03094795122742653,0.02857488803565502,0.03275144174695015
rmse,model,phihyd_surface,970,0.030986970911423366,0.0285812359303236,0.03264823034405708
rmse,model,phihyd_surface,980,0.031135400633017223,0.029746921360492708,0.03277124017477036
rmse,model,phihyd_surface,990,0.03128505051136017,0.02958056628704071,0.032873818278312684
rmse,model,phihyd_surface,1000,0.031445696204900744,0.02907428555190563,0.0332294650375843
rmse,model,phihyd_surface,1010,0.03148386292159557,0.02939061149954796,0.03313595950603485
rmse,model,phihyd_surface,1020,0.031763969485958415,0.02957402281463146,0.03367839232087135
rmse,model,phihyd_surface,1030,0.031959422801931696,0.029316717758774757,0.034066206961870196
rmse,model,phihyd_surface,1040,0.031893823916713394,0.029107532277703286,0.03370741754770279
rmse,model,phihyd_surface,1050,0.031886209299166995,0.03009609617292881,0.0335294283926487
rmse,model,phihyd_surface,1060,0.03199944160878658,0.029518328979611395,0.03393780589103699
rmse,model,phihyd_surface,1070,0.032183822120229404,0.02883054092526436,0.03419193178415299
rmse,model,phihyd_surface,1080,0.03220933886865775,0.029072827473282815,0.03471716791391373
rmse,model,phihyd_surface,1090,0.03205420598387718,0.029052745550870895,0.03431996926665306
rmse,model,phihyd_surface,1100,0.03211542951563994,0.02897767722606659,0.034318357706069946
rmse,model,phihyd_surface,1110,0.03229326494038105,0.028992468118667604,0.03433797433972359
rmse,model,phihyd_surface,1120,0.032410271589954694,0.02941007576882839,0.0347428672015667
rmse,model,phihyd_surface,1130,0.03257416697839896,0.028964192047715186,0.03478238061070442
rmse,model,phihyd_surface,1140,0.032677793378631276,0.029269292205572128,0.03483850657939911
rmse,model,phihyd_surface,1150,0.03275640880068143,0.030278731137514114,0.034596478939056395
rmse,model,phihyd_surface,1160,0.03289910318950812,0.030683038011193275,0.034936486184597014
rmse,model,phihyd_surface,1170,0.03307017522553603,0.029883715510368346,0.03555650860071182
rmse,model,phihyd_surface,1180,0.03296812449892362,0.029897593334317206,0.03493862226605415
rmse,model,phihyd_surface,1190,0.033145982896288236,0.03082135319709778,0.03504753410816193
rmse,model,phihyd_surface,1200,0.03343554735183716,0.0304707620292902,0.03604650050401688
rmse,model,phihyd_surface,1210,0.03348472143212954,0.029909739270806313,0.035687995702028276
rmse,model,phihyd_surface,1220,0.033333359037836394,0.0306923795491457,0.03501492738723755
rmse,model,phihyd_surface,1230,0.03349338372548421,0.030866606906056405,0.03552147150039673
rmse,model,phihyd_surface,1240,0.03373723439872265,0.030212925001978874,0.03600461557507515
rmse,model,phihyd_surface,1250,0.03372275543709596,0.03042742796242237,0.0360710509121418
rmse,model,phihyd_surface,1260,0.033492226029435794,0.030469077453017235,0.03554430976510048
rmse,model,phihyd_surface,1270,0.033468120048443475,0.03035130091011524,0.03515917807817459
rmse,model,phihyd_surface,1280,0.03369033088286718,0.030899348109960555,0.03533976227045059
rmse,model,phihyd_surface,1290,0.03390975147485733,0.031513705104589465,0.035645780712366106
rmse,model,phihyd_surface,1300,0.034016555175185204,0.03064761832356453,0.03613951131701469
rmse,model,phihyd_surface,1310,0.03417808599770069,0.03098301999270916,0.03624055087566376
rmse,model,phihyd_surface,1320,0.0342148844152689,0.031877896189689635,0.03599659875035286
rmse,model,phihyd_surface,1330,0.034429391473531724,0.03266042768955231,0.035964250564575195
rmse,model,phihyd_surface,1340,0.03461881106098493,0.031455416977405545,0.03663017898797989
rmse,model,phihyd_surface,1350,0.034522202735145884,0.031527400761842725,0.03630139753222465
rmse,model,phihyd_surface,1360,0.03447616845369339,0.03215366378426552,0.0359881117939949
rmse,model,phihyd_surface,1370,0.0348282424112161,0.032249143719673155,0.0364300474524498
rmse,model,phihyd_surface,1380,0.034938904270529744,0.031526383757591245,0.03660671561956406
rmse,model,phihyd_surface,1390,0.034693203990658124,0.03169300332665444,0.03653720691800118
rmse,model,phihyd_surface,1400,0.034931654731432595,0.03221944645047188,0.036368129402399064
rmse,model,phihyd_surface,1410,0.03528689456482728,0.032050253450870515,0.03710783571004868
rmse,model,phihyd_surface,1420,0.03537876879175504,0.03209888637065887,0.03732144311070442
rmse,model,phihyd_surface,1430,0.03524628728628158,0.03229663670063019,0.037165235728025436
rmse,model,phihyd_surface,1440,0.03525902306040128,0.032114285975694656,0.03702860102057457
rmse,model,phihyd_surface,1450,0.035361082603534065,0.0323986604809761,0.037018360942602156
rmse,model,phihyd_surface,1460,0.03561763788263003,0.03286794498562813,0.03773565962910652
rmse,model,phihyd_surface,1470,0.03589957704146703,0.032355698943138125,0.03791602849960327
rmse,model,phihyd_surface,1480,0.03599681928753853,0.03238631635904312,0.03764761611819267
rmse,model,phihyd_surface,1490,0.035900584111611046,0.033085011690855023,0.037913504242897036
rmse,model,phihyd_surface,1500,0.03611503019928932,0.033846345543861386,0.038107334077358244
rmse,model,phihyd_surface,1510,0.03634730527798335,0.03266391530632973,0.03818110153079033
rmse,model,phihyd_surface,1520,0.036198420574267705,0.03263829573988915,0.038139431923627856
rmse,model,phihyd_surface,1530,0.03601685514052709,0.03318672701716423,0.03789216205477715
rmse,model,phihyd_surface,1540,0.03634080539147059,0.033408721536397935,0.03821997344493866
rmse,model,phihyd_surface,1550,0.03648213694492976,0.03266763985157013,0.03827465176582336
rmse,model,phihyd_surface,1560,0.03621682400504748,0.03278182074427605,0.038756896555423734
rmse,model,phihyd_surface,1570,0.03638699402411779,0.03325881585478783,0.038238605856895445
rmse,model,phihyd_surface,1580,0.03676866367459297,0.03324480578303337,0.03845046758651734
rmse,model,phihyd_surface,1590,0.036731594055891034,0.033042164891958235,0.039060788601636885
rmse,model,phihyd_surface,1600,0.036647543559471765,0.03307765126228333,0.03913982957601547
rmse,model,phihyd_surface,1610,0.036652052154143654,0.033173452317714694,0.03864290863275528
rmse,model,phihyd_surface,1620,0.03665078158179919,0.033333347737789155,0.038679367303848265
rmse,model,phihyd_surface,1630,0.03677235941092173,0.03387005403637886,0.03912584781646729
rmse,model,phihyd_surface,1640,0.03701385582486789,0.03337182030081749,0.03938636258244514
rmse,model,phihyd_surface,1650,0.037033012012640636,0.033295705914497375,0.038935577124357225
rmse,model,phihyd_surface,1660,0.036843571811914444,0.033619814366102216,0.03918256238102913
rmse,model,phihyd_surface,1670,0.03701640218496323,0.03386373296380043,0.039290263503789905
rmse,model,phihyd_surface,1680,0.03732826734582583,0.03331528976559639,0.039472927898168565
rmse,model,phihyd_surface,1690,0.03727884317437808,0.03304034024477005,0.039374545216560364
rmse,model,phihyd_surface,1700,0.037110861390829086,0.033564697951078415,0.039244379848241806
rmse,model,phihyd_surface,1710,0.03737252950668335,0.03384915664792061,0.03923761770129204
rmse,model,phihyd_surface,1720,0.03768956412871679,0.0337372399866581,0.039716800302267076
rmse,model,phihyd_surface,1730,0.037673197438319525,0.03372610583901405,0.039966436475515364
rmse,model,phihyd_surface,1740,0.03773507649699847,0.03390632495284081,0.03966746032238007
rmse,model,phihyd_surface,1750,0.03813900649547577,0.03417990356683731,0.04006682485342026
rmse,model,phihyd_surface,1760,0.03828340396285057,0.034132592380046844,0.040456677228212355
rmse,model,phihyd_surface,1770,0.03827025641997655,0.034159965068101886,0.04059222862124443
rmse,model,phihyd_surface,1780,0.03831397170821826,0.03406329229474068,0.04022600948810577
rmse,model,phihyd_surface,1790,0.03833425069848696,0.03458137139678001,0.04010560140013695
rmse,model,phihyd_surface,1800,0.03845644717415174,0.03513061329722404,0.04038634747266769
rmse,model,phihyd_surface,1810,0.03870953992009163,0.03493325039744377,0.04047423228621483
rmse,model,phihyd_surface,1820,0.03870514258742332,0.034880366176366806,0.04064798131585121
rmse,model,phihyd_surface,1830,0.03856952836116155,0.035116565972566606,0.040307796001434325
rmse,model,phihyd_surface,1840,0.038774464776118595,0.03568091243505478,0.040522444248199466
rmse,model,phihyd_surface,1850,0.039132848878701526,0.03556062802672386,0.04066914096474648
rmse,model,phihyd_surface,1860,0.03912511989474297,0.03528529182076454,0.04092282652854919
rmse,model,phihyd_surface,1870,0.03900068377455076,0.03585386276245117,0.04106986448168755
rmse,model,phihyd_surface,1880,0.03925588702162107,0.036159084737300874,0.041394994407892224
rmse,model,phihyd_surface,1890,0.039490645627180736,0.036066630482673646,0.041347236931324007
rmse,model,phihyd_surface,1900,0.039513372878233595,0.03616773337125778,0.041560707986354826
rmse,model,phihyd_surface,1910,0.03948521465063095,0.03635469973087311,0.041516580432653424
rmse,model,phihyd_surface,1920,0.03967141682902972,0.03647196292877197,0.0416256308555603
rmse,model,phihyd_surface,1930,0.03973751688996951,0.036595826596021654,0.04175853058695793
rmse,model,phihyd_surface,1940,0.03972666412591934,0.03686167299747467,0.0417161874473095
rmse,model,phihyd_surface,1950,0.03977123275399208,0.036641820520162585,0.04131018817424774
rmse,model,phihyd_surface,1960,0.03976019422213237,0.03684770241379738,0.04140786826610565
rmse,model,phihyd_surface,1970,0.03995317295193672,0.03735650405287742,0.04230264574289322
rmse,model,phihyd_surface,1980,0.04023595501979192,0.037218181788921355,0.04209430068731308
rmse,model,phihyd_surface,1990,0.04021235605080922,0.03672469556331635,0.042237501591444016
rmse,model,phihyd_surface,2000,0.039980585873126986,0.036703597754240036,0.042095518112182616
rmse,climatology,phihyd_surface,0,0.05692157025138537,0.0540118932723999,0.06075506955385208
rmse,climatology,phihyd_surface,10,0.056680009017388025,0.05367028638720513,0.06037708297371864
rmse,climatology,phihyd_surface,20,0.05694338803490003,0.05384332314133644,0.06084540709853172
rmse,climatology,phihyd_surface,30,0.057446611920992534,0.05423908606171608,0.060870414972305296
rmse,climatology,phihyd_surface,40,0.057454103728135426,0.05363750085234642,0.0611496739089489
rmse,climatology,phihyd_surface,50,0.057469504823287325,0.05428253337740898,0.06128906905651092
rmse,climatology,phihyd_surface,60,0.057764495412508644,0.054917764663696286,0.061568853259086606
rmse,climatology,phihyd_surface,70,0.057812611510356264,0.05439188927412033,0.06136211305856704
rmse,climatology,phihyd_surface,80,0.05779709865649541,0.0544616349041462,0.06104524731636047
rmse,climatology,phihyd_surface,90,0.05823042243719101,0.054851552844047545,0.061501675844192506
rmse,climatology,phihyd_surface,100,0.058571910858154295,0.05556148514151573,0.06224257200956344
rmse,climatology,phihyd_surface,110,0.05832597240805626,0.05456456691026688,0.062055636942386624
rmse,climatology,phihyd_surface,120,0.05838046645124753,0.0552049845457077,0.06185265481472015
rmse,climatology,phihyd_surface,130,0.058862271656592684,0.056280724704265594,0.06226893961429596
rmse,climatology,phihyd_surface,140,0.05890630135933558,0.055307308584451674,0.06234569996595383
rmse,climatology,phihyd_surface,150,0.058795631925265,0.055010396242141726,0.06245765537023544
rmse,climatology,phihyd_surface,160,0.059227278580268224,0.055673220008611676,0.06248127669095993
rmse,climatology,phihyd_surface,170,0.0593919758995374,0.05608486458659172,0.06336658149957657
rmse,climatology,phihyd_surface,180,0.05913980553547541,0.05560798794031143,0.06322231292724609
rmse,climatology,phihyd_surface,190,0.05930270453294118,0.05560361742973328,0.06361835449934006
rmse,climatology,phihyd_surface,200,0.05977260222037633,0.0562749944627285,0.06364061832427978
rmse,climatology,phihyd_surface,210,0.05977979078888893,0.055629491060972217,0.06387710720300674
rmse,climatology,phihyd_surface,220,0.059729818751414615,0.05552392974495888,0.0639174908399582
rmse,climatology,phihyd_surface,230,0.05998009741306305,0.05623206943273544,0.06413090825080872
rmse,climatology,phihyd_surface,240,0.060027102132638295,0.056172411888837814,0.06374824345111847
rmse,climatology,phihyd_surface,250,0.05995760038495064,0.055935739725828174,0.06330418288707733
rmse,climatology,phihyd_surface,260,0.060308658083279926,0.056830041110515594,0.0638186901807785
rmse,climatology,phihyd_surface,270,0.06065331523617109,0.05662447139620781,0.06455380767583847
rmse,climatology,phihyd_surface,280,0.060408310343821846,0.055542159080505374,0.06437153369188309
rmse,climatology,phihyd_surface,290,0.060378834356864294,0.05614174604415893,0.06424322873353958
rmse,climatology,phihyd_surface,300,0.060835018505652746,0.05727676749229431,0.06441317796707154
rmse,climatology,phihyd_surface,310,0.06092786093552907,0.05653144121170044,0.06424515843391418
rmse,climatology,phihyd_surface,320,0.06076440364122391,0.05623466148972511,0.06415620446205139
rmse,climatology,phihyd_surface,330,0.06115221704045932,0.057151006907224654,0.06424508988857269
rmse,climatology,phihyd_surface,340,0.06138925676544507,0.05764157474040985,0.0649036094546318
rmse,climatology,phihyd_surface,350,0.06119506061077118,0.05739986523985863,0.06481354087591171
rmse,climatology,phihyd_surface,360,0.06133954251805941,0.05728352516889572,0.06510765999555587
rmse,climatology,phihyd_surface,370,0.061872268964846926,0.05792978852987289,0.06517649292945862
rmse,climatology,phihyd_surface,380,0.06199516380826632,0.057432716339826585,0.06543024182319641
rmse,climatology,phihyd_surface,390,0.06198998764157295,0.05779837444424629,0.06556831300258636
rmse,climatology,phihyd_surface,400,0.062293627361456556,0.058491166681051254,0.06596781015396118
rmse,climatology,phihyd_surface,410,0.062442297488451,0.05825912728905678,0.06599228531122207
rmse,climatology,phihyd_surface,420,0.06242025246222814,0.05794728249311447,0.06558659225702286
rmse,climatology,phihyd_surface,430,0.062762417892615,0.05885829702019692,0.06606810241937637
rmse,climatology,phihyd_surface,440,0.06317219361662865,0.05912090167403221,0.06672806590795517
rmse,climatology,phihyd_surface,450,0.06301639502247175,0.058131230622529985,0.06668462157249451
rmse,climatology,phihyd_surface,460,0.06298208609223366,0.05840150192379952,0.06662967056035995
rmse,climatology,phihyd_surface,470,0.06345696076750755,0.05980171412229538,0.06670883595943451
rmse,climatology,phihyd_surface,480,0.06364863117535909,0.05933931693434715,0.06689698845148087
rmse,climatology,phihyd_surface,490,0.06349440515041352,0.058671087771654126,0.0667315036058426
rmse,climatology,phihyd_surface,500,0.06383654524882634,0.05955568253993988,0.06678965836763381
rmse,climatology,phihyd_surface,510,0.0641077975432078,0.06015075296163559,0.06744753420352936
rmse,climatology,phihyd_surface,520,0.06394057770570119,0.05998289659619331,0.06756779104471207
rmse,climatology,phihyd_surface,530,0.06401904573043188,0.05976750776171684,0.0676952913403511
rmse,climatology,phihyd_surface,540,0.0645153840382894,0.06048252657055855,0.06781647205352784
rmse,climatology,phihyd_surface,550,0.0646311655640602,0.05994043275713921,0.06802677810192108
rmse,climatology,phihyd_surface,560,0.06453656579057375,0.05998754277825356,0.06790613681077957
rmse,climatology,phihyd_surface,570,0.06474194129308065,0.060726483911275865,0.06819631457328797
rmse,climatology,phihyd_surface,580,0.06484273374080658,0.06062316745519638,0.06818518936634063
rmse,climatology,phihyd_surface,590,0.06473097776373228,0.06019945740699768,0.0677907258272171
rmse,climatology,phihyd_surface,600,0.06492720146973928,0.06103810369968414,0.06781469285488129
rmse,climatology,phihyd_surface,610,0.06525187293688456,0.061425799131393434,0.06837361603975296
rmse,climatology,phihyd_surface,620,0.06504991576075554,0.0605489231646061,0.06846066415309907
rmse,climatology,phihyd_surface,630,0.06490104297796885,0.06062305271625519,0.0684202641248703
rmse,climatology,phihyd_surface,640,0.06531135588884354,0.06204385906457901,0.06836063712835312
rmse,climatology,phihyd_surface,650,0.06555694863200187,0.061809518933296205,0.06876436620950699
rmse,climatology,phihyd_surface,660,0.06541104912757874,0.061003798991441725,0.06861963719129563
rmse,climatology,phihyd_surface,670,0.06570803076028824,0.061936506628990175,0.0688043013215065
rmse,climatology,phihyd_surface,680,0.0660092497865359,0.062600277364254,0.0692927896976471
rmse,climatology,phihyd_surface,690,0.0658518247306347,0.06251320242881775,0.06977245509624481
rmse,climatology,phihyd_surface,700,0.06584160402417183,0.06241929233074188,0.06980532109737396
rmse,climatology,phihyd_surface,710,0.06630083546042442,0.06296867281198501,0.06997156739234925
rmse,climatology,phihyd_surface,720,0.06648046374320984,0.062468376755714414,0.07018117904663086
rmse,climatology,phihyd_surface,730,0.06641964713732401,0.06260938346385955,0.07019177228212356
rmse,climatology,phihyd_surface,740,0.06664885804057122,0.06345040500164031,0.07059156149625778
rmse,climatology,phihyd_surface,750,0.06683835089206695,0.06345011740922928,0.0707003727555275
rmse,climatology,phihyd_surface,760,0.06681650504469872,0.06288141608238221,0.07037393897771835
rmse,climatology,phihyd_surface,770,0.06707796951134999,0.0636759877204895,0.07060198932886123
rmse,climatology,phihyd_surface,780,0.06754937469959259,0.06427071988582611,0.07117386013269425
rmse,climatology,phihyd_surface,790,0.06753469879428546,0.06359432190656662,0.07149288803339005
rmse,climatology,phihyd_surface,800,0.06743075003226598,0.06349241882562637,0.07149431854486465
rmse,climatology,phihyd_surface,810,0.06782886336247126,0.0648969516158104,0.0713901087641716
rmse,climatology,phihyd_surface,820,0.06812459776798883,0.06491313874721527,0.0719097688794136
rmse,climatology,phihyd_surface,830,0.06798334966103235,0.06410926282405853,0.07158269584178925
rmse,climatology,phihyd_surface,840,0.06821932643651962,0.06457338482141495,0.07177293300628662
rmse,climatology,phihyd_surface,850,0.06853639433781306,0.06560182124376297,0.07200665324926377
rmse,climatology,phihyd_surface,860,0.06839062025149663,0.0655621588230133,0.07204246073961258
rmse,climatology,phihyd_surface,870,0.06830141643683116,0.06521108746528625,0.07175869345664979
rmse,climatology,phihyd_surface,880,0.06871830274661382,0.06573315560817719,0.07197325229644776
rmse,climatology,phihyd_surface,890,0.06895308246215184,0.06555509567260742,0.07220278680324554
rmse,climatology,phihyd_surface,900,0.06890016992886862,0.06515448391437531,0.07240539491176605
rmse,climatology,phihyd_surface,910,0.06908411085605622,0.06562727093696594,0.07289955019950867
rmse,climatology,phihyd_surface,920,0.06925471325715384,0.06586232334375382,0.07299630343914032
rmse,climatology,phihyd_surface,930,0.06918003112077713,0.06542624533176422,0.0726561963558197
rmse,climatology,phihyd_surface,940,0.0693193236986796,0.06592341363430024,0.0728282243013382
rmse,climatology,phihyd_surface,950,0.06971457004547119,0.06607861071825027,0.07327287346124649
rmse,climatology,phihyd_surface,960,0.06969102174043655,0.0654661476612091,0.07342355102300643
rmse,climatology,phihyd_surface,970,0.0695037176211675,0.06514701396226882,0.07324914932250977
rmse,climatology,phihyd_surface,980,0.06981508036454519,0.06634537130594254,0.07320066839456559
rmse,climatology,phihyd_surface,990,0.07012118597825369,0.06629467904567718,0.07356815040111542
rmse,climatology,phihyd_surface,1000,0.06997173925240835,0.06553266793489457,0.07312462031841278
rmse,climatology,phihyd_surface,1010,0.07013312727212906,0.06612063795328141,0.07337591648101807
rmse,climatology,phihyd_surface,1020,0.07049078692992529,0.06641355156898499,0.07354060113430023
rmse,climatology,phihyd_surface,1030,0.07044793864091238,0.06647260189056396,0.07415570914745331
rmse,climatology,phihyd_surface,1040,0.07039273877938589,0.0662717029452324,0.07396337389945984
rmse,climatology,phihyd_surface,1050,0.07083370685577392,0.06690557450056075,0.07427409887313843
rmse,climatology,phihyd_surface,1060,0.07115377386411031,0.06656282246112824,0.07435140013694763
rmse,climatology,phihyd_surface,1070,0.07115020056565603,0.06656177788972854,0.07457352876663208
rmse,climatology,phihyd_surface,1080,0.07136312127113342,0.0672287479043007,0.07503714859485626
rmse,climatology,phihyd_surface,1090,0.07162613968054453,0.06766646653413773,0.07524458318948746
rmse,climatology,phihyd_surface,1100,0.07162835896015167,0.06683275401592255,0.07495339214801788
rmse,climatology,phihyd_surface,1110,0.07176018158594767,0.0674424096941948,0.07487977892160416
rmse,climatology,phihyd_surface,1120,0.07214866628249486,0.06819974184036255,0.07515641003847122
rmse,climatology,phihyd_surface,1130,0.0721589187781016,0.06770756095647812,0.0756022185087204
rmse,climatology,phihyd_surface,1140,0.07193963478008907,0.0672881320118904,0.07532519549131393
rmse,climatology,phihyd_surface,1150,0.07222985476255417,0.06845470666885375,0.07507137507200241
rmse,climatology,phihyd_surface,1160,0.07262792686621349,0.06881829798221588,0.075775246322155
rmse,climatology,phihyd_surface,1170,0.0725602368513743,0.06795705556869507,0.07545194029808044
rmse,climatology,phihyd_surface,1180,0.07267973969380061,0.06841475367546082,0.07571099996566773
rmse,climatology,phihyd_surface,1190,0.07305443336566289,0.06912154108285903,0.07585675716400146
rmse,climatology,phihyd_surface,1200,0.07307509630918503,0.06922845393419266,0.07665702700614929
rmse,climatology,phihyd_surface,1210,0.07298866808414459,0.06899158805608749,0.07622971087694168
rmse,climatology,phihyd_surface,1220,0.0733256995677948,0.06940837055444718,0.07653092294931411
rmse,climatology,phihyd_surface,1230,0.07354893386363984,0.06924781948328018,0.07654089331626893
rmse,climatology,phihyd_surface,1240,0.07337459127108256,0.06899127215147019,0.07672089487314224
rmse,climatology,phihyd_surface,1250,0.0733867809176445,0.06964316219091415,0.07682103514671326
rmse,climatology,phihyd_surface,1260,0.07356307407220204,0.07008877992630005,0.07694344073534012
rmse,climatology,phihyd_surface,1270,0.07354514598846436,0.06935083419084549,0.07673077434301376
rmse,climatology,phihyd_surface,1280,0.07363764892021815,0.06978769749403,0.0767656609416008
rmse,climatology,phihyd_surface,1290,0.0740376055240631,0.07045051455497742,0.0768529400229454
rmse,climatology,phihyd_surface,1300,0.07414656480153402,0.07014208137989045,0.07739941924810409
rmse,climatology,phihyd_surface,1310,0.07393090526262919,0.06961499154567719,0.07712427824735642
rmse,climatology,phihyd_surface,1320,0.07412738154331842,0.0706562876701355,0.07703469395637512
rmse,climatology,phihyd_surface,1330,0.07448959946632386,0.07122593224048615,0.07759877890348435
rmse,climatology,phihyd_surface,1340,0.0744293769200643,0.07043402493000031,0.07739463150501251
rmse,climatology,phihyd_surface,1350,0.0744918887813886,0.07071377038955688,0.07767269164323806
rmse,climatology,phihyd_surface,1360,0.07486753116051356,0.07150282114744186,0.07777639478445053
rmse,climatology,phihyd_surface,1370,0.07490825851758322,0.07176849097013474,0.07856562733650208
rmse,climatology,phihyd_surface,1380,0.07477229287226995,0.07154101282358169,0.07829537093639374
rmse,climatology,phihyd_surface,1390,0.07507073581218719,0.07189963310956955,0.07867537289857865
rmse,climatology,phihyd_surface,1400,0.07540774991114935,0.07191538959741592,0.07871362715959548
rmse,climatology,phihyd_surface,1410,0.07538889149824778,0.0717790737748146,0.07894333302974701
rmse,climatology,phihyd_surface,1420,0.07548548579216004,0.07243122905492783,0.07915873974561691
rmse,climatology,phihyd_surface,1430,0.07573437094688415,0.07300751954317093,0.07938239872455596
rmse,climatology,phihyd_surface,1440,0.07575590014457703,0.07233449816703796,0.07928234785795212
rmse,climatology,phihyd_surface,1450,0.07581512828667959,0.07261932641267776,0.07917832732200622
rmse,climatology,phihyd_surface,1460,0.07622155050436656,0.07301418781280518,0.07956441938877105
rmse,climatology,phihyd_surface,1470,0.076456784705321,0.07348747253417968,0.08020341843366623
rmse,climatology,phihyd_surface,1480,0.0763171891371409,0.07286379784345627,0.08004744797945022
rmse,climatology,phihyd_surface,1490,0.07649621764818827,0.07366715669631958,0.07992962151765823
rmse,climatology,phihyd_surface,1500,0.07687220325072606,0.07423707246780395,0.08038027882575989
rmse,climatology,phihyd_surface,1510,0.07683821072181066,0.07331745326519012,0.08023654520511628
rmse,climatology,phihyd_surface,1520,0.07682551294565201,0.07325226068496704,0.08038118034601212
rmse,climatology,phihyd_surface,1530,0.077163465321064,0.0741541862487793,0.08037637025117875
rmse,climatology,phihyd_surface,1540,0.07720060497522355,0.07404913604259492,0.0809181272983551
rmse,climatology,phihyd_surface,1550,0.0770004466176033,0.07363619208335877,0.08032764047384262
rmse,climatology,phihyd_surface,1560,0.07721679260333379,0.07417798042297363,0.08075584471225739
rmse,climatology,phihyd_surface,1570,0.07757302075624466,0.07428430765867233,0.08081723898649215
rmse,climatology,phihyd_surface,1580,0.07757673064867655,0.07395322322845459,0.08113281577825546
rmse,climatology,phihyd_surface,1590,0.07763385673364004,0.07408267557621002,0.08136717975139618
rmse,climatology,phihyd_surface,1600,0.07787857204675674,0.07461673468351364,0.08160435557365417
rmse,climatology,phihyd_surface,1610,0.07791258146365483,0.07438546866178512,0.08140158355236053
rmse,climatology,phihyd_surface,1620,0.07791242301464081,0.07444216758012771,0.08108875155448914
rmse,climatology,phihyd_surface,1630,0.07823084046443303,0.07487311810255051,0.08152918964624405
rmse,climatology,phihyd_surface,1640,0.07844077597061792,0.0747852623462677,0.08203520923852921
rmse,climatology,phihyd_surface,1650,0.07824296901623408,0.07407883256673813,0.08163137584924698
rmse,climatology,phihyd_surface,1660,0.07831674963235855,0.0747125118970871,0.08158945888280869
rmse,climatology,phihyd_surface,1670,0.07868469456831614,0.07535350024700165,0.08182039856910706
rmse,climatology,phihyd_surface,1680,0.07871209780375163,0.07461183071136475,0.081662879884243
rmse,climatology,phihyd_surface,1690,0.07867238720258077,0.07469270080327987,0.08177667111158371
rmse,climatology,phihyd_surface,1700,0.0790339931845665,0.07525292038917542,0.0818263366818428
rmse,climatology,phihyd_surface,1710,0.07919730991125107,0.07543612569570542,0.08244438916444778
rmse,climatology,phihyd_surface,1720,0.07909093002478282,0.07522009760141372,0.0824307844042778
rmse,climatology,phihyd_surface,1730,0.07932202766338985,0.07536506056785583,0.08287565857172012
rmse,climatology,phihyd_surface,1740,0.07975259721279145,0.07571159452199935,0.08295485824346542
rmse,climatology,phihyd_surface,1750,0.07984561920166015,0.0754326418042183,0.08320118635892867
rmse,climatology,phihyd_surface,1760,0.07992210288842519,0.07587989866733551,0.08341194540262223
rmse,climatology,phihyd_surface,1770,0.08020233164230982,0.076484052836895,0.08368216156959533
rmse,climatology,phihyd_surface,1780,0.08029500097036361,0.07606295496225357,0.08363444507122039
rmse,climatology,phihyd_surface,1790,0.08029505411783854,0.07594126760959626,0.08326652348041534
rmse,climatology,phihyd_surface,1800,0.080582195520401,0.07670546621084214,0.08344512283802033
rmse,climatology,phihyd_surface,1810,0.08082535962263743,0.07686355262994767,0.08389799147844315
rmse,climatology,phihyd_surface,1820,0.08065820087989171,0.0761458307504654,0.08381610810756683
rmse,climatology,phihyd_surface,1830,0.08071261445681253,0.07659720033407211,0.08375120759010315
rmse,climatology,phihyd_surface,1840,0.08112095048030217,0.07756310254335404,0.08392696529626846
rmse,climatology,phihyd_surface,1850,0.08123307625452678,0.07704231441020966,0.0840674802660942
rmse,climatology,phihyd_surface,1860,0.08116287887096404,0.0767599567770958,0.08408184051513672
rmse,climatology,phihyd_surface,1870,0.08148393879334132,0.07745583802461624,0.08414220064878464
rmse,climatology,phihyd_surface,1880,0.08167717109123866,0.07786711752414703,0.0846978023648262
rmse,climatology,phihyd_surface,1890,0.08155357191960017,0.0776984602212906,0.08474824577569962
rmse,climatology,phihyd_surface,1900,0.08165500412384669,0.07773183435201644,0.08486632406711578
rmse,climatology,phihyd_surface,1910,0.08196439445018769,0.0781221017241478,0.08486697971820831
rmse,climatology,phihyd_surface,1920,0.08193000058333079,0.07767378985881805,0.08507666885852813
rmse,climatology,phihyd_surface,1930,0.08183421144882838,0.07800686508417129,0.08501246720552444
rmse,climatology,phihyd_surface,1940,0.08201277901728948,0.07864661961793899,0.08517699092626571
rmse,climatology,phihyd_surface,1950,0.0820940429965655,0.07832285910844802,0.08526203483343124
rmse,climatology,phihyd_surface,1960,0.08207200318574906,0.07811755686998367,0.08503737300634384
rmse,climatology,phihyd_surface,1970,0.08233088652292887,0.07884961813688278,0.0850958302617073
rmse,climatology,phihyd_surface,1980,0.08263024489084879,0.07913771271705627,0.0856183111667633
rmse,climatology,phihyd_surface,1990,0.08250818898280461,0.07845491915941238,0.08562885224819183
rmse,climatology,phihyd_surface,2000,0.0824887494246165,0.07873230576515197,0.08563082069158554
rmse,persistence,phihyd_surface,0,0.0,0.0,0.0
rmse,persistence,phihyd_surface,10,0.010350699505458276,0.007396924961358309,0.012786458991467953
rmse,persistence,phihyd_surface,20,0.014682069482902686,0.011606127209961414,0.017236204445362092
rmse,persistence,phihyd_surface,30,0.01813393794000149,0.015945703163743018,0.021325619891285896
rmse,persistence,phihyd_surface,40,0.023417344068487486,0.018077804893255233,0.026974673941731454
rmse,persistence,phihyd_surface,50,0.02690871643523375,0.0225798349827528,0.030930523574352265
rmse,persistence,phihyd_surface,60,0.029418931528925895,0.026224426552653314,0.03442290276288986
rmse,persistence,phihyd_surface,70,0.030977992216746013,0.02609020732343197,0.035264651477336886
rmse,persistence,phihyd_surface,80,0.031150045742591222,0.026520409807562827,0.03484172448515892
rmse,persistence,phihyd_surface,90,0.03239365803698699,0.029249688237905504,0.03540579527616501
rmse,persistence,phihyd_surface,100,0.03225948164860407,0.02844003662467003,0.03502363786101341
rmse,persistence,phihyd_surface,110,0.028799115493893624,0.02590886726975441,0.03185688331723213
rmse,persistence,phihyd_surface,120,0.027389134963353476,0.02412121444940567,0.03053924851119518
rmse,persistence,phihyd_surface,130,0.02531686139603456,0.02194419503211975,0.028098203241825104
rmse,persistence,phihyd_surface,140,0.019774264097213744,0.017686392366886138,0.021753213927149774
rmse,persistence,phihyd_surface,150,0.01693753395229578,0.014315492659807205,0.019125309959053993
rmse,persistence,phihyd_surface,160,0.013396045689781507,0.011218058504164219,0.015376081690192223
rmse,persistence,phihyd_surface,170,0.006632236142953237,0.004543252196162939,0.009211843088269233
rmse,persistence,phihyd_surface,180,0.011823307691762845,0.008746748976409436,0.014190986566245557
rmse,persistence,phihyd_surface,190,0.016097692027688026,0.012788659147918224,0.01925821602344513
rmse,persistence,phihyd_surface,200,0.019039624805251756,0.016452279686927796,0.022971908375620843
rmse,persistence,phihyd_surface,210,0.024049313987294832,0.018796714767813683,0.02754022292792797
rmse,persistence,phihyd_surface,220,0.027587907885511718,0.023236847296357156,0.03174922987818718
rmse,persistence,phihyd_surface,230,0.030012928321957587,0.026738087832927703,0.03505796864628792
rmse,persistence,phihyd_surface,240,0.031689587111274405,0.026756518334150315,0.03599748238921165
rmse,persistence,phihyd_surface,250,0.03183698778351148,0.026816593855619433,0.035109365731477736
rmse,persistence,phihyd_surface,260,0.03293548077344895,0.029743649438023566,0.03579128310084343
rmse,persistence,phihyd_surface,270,0.03314891681075096,0.02931418754160404,0.03606499060988426
rmse,persistence,phihyd_surface,280,0.029847001532713573,0.0267690934240818,0.03242136910557747
rmse,persistence,phihyd_surface,290,0.028183861325184505,0.025087203085422515,0.031074604764580727
rmse,persistence,phihyd_surface,300,0.02646376925210158,0.02315697483718395,0.029269886016845704
rmse,persistence,phihyd_surface,310,0.021231967210769653,0.019354835525155066,0.02302424907684326
rmse,persistence,phihyd_surface,320,0.018106472430129847,0.015506014041602612,0.01979845352470875
rmse,persistence,phihyd_surface,330,0.01524729256828626,0.013539195992052555,0.017163263633847237
rmse,persistence,phihyd_surface,340,0.009172300497690836,0.008277679421007633,0.010142106376588345
rmse,persistence,phihyd_surface,350,0.012626016202072302,0.010895662382245064,0.01424255259335041
rmse,persistence,phihyd_surface,360,0.016900581556061903,0.014311446994543075,0.019180769473314284
rmse,persistence,phihyd_surface,370,0.019475867599248887,0.01741660721600056,0.02277185507118702
rmse,persistence,phihyd_surface,380,0.024261447663108508,0.019709407538175582,0.027329936623573303
rmse,persistence,phihyd_surface,390,0.027897535264492034,0.023581895604729654,0.031319548934698106
rmse,persistence,phihyd_surface,400,0.030309210593501727,0.02748127430677414,0.03459388166666031
rmse,persistence,phihyd_surface,410,0.03214511411885421,0.027954702824354173,0.035905007272958755
rmse,persistence,phihyd_surface,420,0.03233402135471503,0.02764187306165695,0.035950297862291335
rmse,persistence,phihyd_surface,430,0.033307912200689314,0.030546346306800844,0.035950638353824615
rmse,persistence,phihyd_surface,440,0.03383823161323865,0.03021205998957157,0.0365279532968998
rmse,persistence,phihyd_surface,450,0.030779794106880823,0.027307901158928873,0.032785499840974806
rmse,persistence,phihyd_surface,460,0.02894703547159831,0.026230430975556374,0.03116188570857048
rmse,persistence,phihyd_surface,470,0.02760178173581759,0.02469240389764309,0.030172185972332954
rmse,persistence,phihyd_surface,480,0.02272682897746563,0.020048889517784118,0.02528516240417957
rmse,persistence,phihyd_surface,490,0.019417044272025428,0.016272091865539552,0.021892016753554344
rmse,persistence,phihyd_surface,500,0.017260719339052835,0.015129698440432549,0.01884107030928135
rmse,persistence,phihyd_surface,510,0.011779833336671193,0.009526276774704457,0.013660268858075142
rmse,persistence,phihyd_surface,520,0.01391870112468799,0.012113799154758454,0.015439272671937943
rmse,persistence,phihyd_surface,530,0.018156616762280465,0.015942785143852233,0.02013680264353752
rmse,persistence,phihyd_surface,540,0.020421225329240164,0.018827595934271812,0.022957587242126466
rmse,persistence,phihyd_surface,550,0.024809945747256278,0.02096293680369854,0.027190107852220535
rmse,persistence,phihyd_surface,560,0.02843542570869128,0.023658309131860733,0.03112570159137249
rmse,persistence,phihyd_surface,570,0.030779243633151054,0.027541660144925116,0.03446303009986877
rmse,persistence,phihyd_surface,580,0.03265571718414625,0.02897219583392143,0.03620849773287773
rmse,persistence,phihyd_surface,590,0.032802363485097887,0.027523193135857583,0.03677690252661705
rmse,persistence,phihyd_surface,600,0.033551944916447,0.030697905272245408,0.03678645119071007
rmse,persistence,phihyd_surface,610,0.03424744568765163,0.0310493066906929,0.03741757646203041
rmse,persistence,phihyd_surface,620,0.03135509664813677,0.027554421871900558,0.03337596729397774
rmse,persistence,phihyd_surface,630,0.02914568061629931,0.026937657967209816,0.03138257786631584
rmse,persistence,phihyd_surface,640,0.02790232685705026,0.024986476078629492,0.030949989333748817
rmse,persistence,phihyd_surface,650,0.023206911236047744,0.021199171990156175,0.025984431430697442
rmse,persistence,phihyd_surface,660,0.019351106509566306,0.01687808334827423,0.020489643141627312
rmse,persistence,phihyd_surface,670,0.01725222890575727,0.01557402554899454,0.01944032162427902
rmse,persistence,phihyd_surface,680,0.01146235807488362,0.010601694881916045,0.012516424432396889
rmse,persistence,phihyd_surface,690,0.012502745849390824,0.011320210061967373,0.013603144697844982
rmse,persistence,phihyd_surface,700,0.017156605236232282,0.014448689110577107,0.019511164724826814
rmse,persistence,phihyd_surface,710,0.019412266835570336,0.01696406714618206,0.022555357590317727
rmse,persistence,phihyd_surface,720,0.023811874662836394,0.019789475202560424,0.02680824026465416
rmse,persistence,phihyd_surface,730,0.027788942307233812,0.022916229069232942,0.0312685176730156
rmse,persistence,phihyd_surface,740,0.030279692262411118,0.027352772653102875,0.03478817045688629
rmse,persistence,phihyd_surface,750,0.03238491391142209,0.028307559341192244,0.036872217804193495
rmse,persistence,phihyd_surface,760,0.03279062112172445,0.027859998121857642,0.03653308302164078
rmse,persistence,phihyd_surface,770,0.033523587385813396,0.030944444611668585,0.0361083023250103
rmse,persistence,phihyd_surface,780,0.03455326197048028,0.0312642939388752,0.037987370043992996
rmse,persistence,phihyd_surface,790,0.03215041520694892,0.028641016408801078,0.034128396213054656
rmse,persistence,phihyd_surface,800,0.029822831973433495,0.0277636643499136,0.03217482194304466
rmse,persistence,phihyd_surface,810,0.02892669936021169,0.026167741790413857,0.03215961307287216
rmse,persistence,phihyd_surface,820,0.024883761753638586,0.023523998633027076,0.027094386145472528
rmse,persistence,phihyd_surface,830,0.02104124240577221,0.01915645822882652,0.022344033047556878
rmse,persistence,phihyd_surface,840,0.019507469485203426,0.018181844055652617,0.021229855343699457
rmse,persistence,phihyd_surface,850,0.01483286488801241,0.013707287609577179,0.01598438769578934
rmse,persistence,phihyd_surface,860,0.014957618713378907,0.013781049847602844,0.015947993099689483
rmse,persistence,phihyd_surface,870,0.019233235840996107,0.01630372926592827,0.021268192678689957
rmse,persistence,phihyd_surface,880,0.021335350597898164,0.019196679070591926,0.024101774767041208
rmse,persistence,phihyd_surface,890,0.025222550829251608,0.0218167319893837,0.027693600952625276
rmse,persistence,phihyd_surface,900,0.029157927880684536,0.02413007952272892,0.03260806500911713
rmse,persistence,phihyd_surface,910,0.031583875169356665,0.028506096079945566,0.036103449016809466
rmse,persistence,phihyd_surface,920,0.033679926147063576,0.029720456898212434,0.038388483226299286
rmse,persistence,phihyd_surface,930,0.034199609359105425,0.02950829789042473,0.03808400928974152
rmse,persistence,phihyd_surface,940,0.0347293737034003,0.03197851777076721,0.037156792730093
rmse,persistence,phihyd_surface,950,0.03583508481582006,0.032860317081212995,0.0392012894153595
rmse,persistence,phihyd_surface,960,0.0338437436769406,0.03047347590327263,0.03581198155879974
rmse,persistence,phihyd_surface,970,0.03130990937352181,0.029526497051119805,0.03358913511037827
rmse,persistence,phihyd_surface,980,0.030522485822439195,0.027942517027258872,0.03377858325839043
rmse,persistence,phihyd_surface,990,0.026986476530631385,0.02586021237075329,0.029140901193022727
rmse,persistence,phihyd_surface,1000,0.02300859900812308,0.0212261576205492,0.02482767589390278
rmse,persistence,phihyd_surface,1010,0.02168862596154213,0.020151391625404358,0.023360245302319525
rmse,persistence,phihyd_surface,1020,0.01768081064025561,0.0171160988509655,0.018340934067964554
rmse,persistence,phihyd_surface,1030,0.016994884982705117,0.01616986617445946,0.017573219910264015
rmse,persistence,phihyd_surface,1040,0.020957665145397188,0.019063057005405427,0.022584790363907814
rmse,persistence,phihyd_surface,1050,0.022972481325268745,0.021084192395210265,0.02478027381002903
rmse,persistence,phihyd_surface,1060,0.026383720462520917,0.024433116987347604,0.028462260589003564
rmse,persistence,phihyd_surface,1070,0.030296813199917474,0.026173819229006766,0.03253033384680748
rmse,persistence,phihyd_surface,1080,0.0327301266292731,0.02992173843085766,0.03573865592479706
rmse,persistence,phihyd_surface,1090,0.03486239661773046,0.03127204589545727,0.03828358948230744
rmse,persistence,phihyd_surface,1100,0.03556743400792281,0.0317968737334013,0.039331696927547455
rmse,persistence,phihyd_surface,1110,0.03596480712294579,0.033515043556690216,0.03838248401880264
rmse,persistence,phihyd_surface,1120,0.037135319660107295,0.0341089703142643,0.039860257506370546
rmse,persistence,phihyd_surface,1130,0.03558195742468039,0.03210391849279404,0.038269539922475816
rmse,persistence,phihyd_surface,1140,0.03294844689468543,0.031129085272550584,0.035710010677576065
rmse,persistence,phihyd_surface,1150,0.03229650172094504,0.029419141262769698,0.03467889279127121
rmse,persistence,phihyd_surface,1160,0.029325086747606595,0.027425892651081085,0.03185852020978928
rmse,persistence,phihyd_surface,1170,0.025359415511290232,0.0223335362970829,0.028381716459989548
rmse,persistence,phihyd_surface,1180,0.02420365735888481,0.021629226580262183,0.02570384293794632
rmse,persistence,phihyd_surface,1190,0.02083688465257486,0.01897690035402775,0.02256788909435272
rmse,persistence,phihyd_surface,1200,0.019511843596895537,0.0172846969217062,0.021360153332352638
rmse,persistence,phihyd_surface,1210,0.022966912885506948,0.020974411442875863,0.024698641523718833
rmse,persistence,phihyd_surface,1220,0.024843873580296834,0.022842638567090033,0.026731425896286964
rmse,persistence,phihyd_surface,1230,0.02760617497066657,0.025643230974674226,0.028858735412359237
rmse,persistence,phihyd_surface,1240,0.031217039624849955,0.026956301555037497,0.03401622697710991
rmse,persistence,phihyd_surface,1250,0.03349475661913554,0.030190344899892807,0.036481267958879474
rmse,persistence,phihyd_surface,1260,0.03548291996121407,0.032463391125202176,0.038763925433158875
rmse,persistence,phihyd_surface,1270,0.03622281079490979,0.031922328472137454,0.03985166549682617
rmse,persistence,phihyd_surface,1280,0.036391102025906244,0.03295055627822876,0.039516917616128924
rmse,persistence,phihyd_surface,1290,0.03749302874008815,0.0346080906689167,0.040562228113412854
rmse,persistence,phihyd_surface,1300,0.03630220418175061,0.03311789929866791,0.0390614002943039
rmse,persistence,phihyd_surface,1310,0.03343285756806533,0.03145480751991272,0.03595082312822342
rmse,persistence,phihyd_surface,1320,0.032589850823084514,0.029781357571482658,0.03559354543685913
rmse,persistence,phihyd_surface,1330,0.02989503207306067,0.027891645580530165,0.03225742280483246
rmse,persistence,phihyd_surface,1340,0.025670175378521284,0.023810719326138496,0.0273789893835783
rmse,persistence,phihyd_surface,1350,0.024315149709582328,0.02264484167098999,0.02601938582956791
rmse,persistence,phihyd_surface,1360,0.021203271547953286,0.02033059261739254,0.02229989655315876
rmse,persistence,phihyd_surface,1370,0.019202544912695886,0.01877475716173649,0.019582315534353256
rmse,persistence,phihyd_surface,1380,0.022489376117785773,0.020821575820446015,0.024073277413845063
rmse,persistence,phihyd_surface,1390,0.024583929404616355,0.022653133794665336,0.026606502011418343
rmse,persistence,phihyd_surface,1400,0.027215592687328656,0.02533154934644699,0.02960168309509754
rmse,persistence,phihyd_surface,1410,0.031093947341044745,0.0266569834202528,0.03389505669474602
rmse,persistence,phihyd_surface,1420,0.033645895992716154,0.030564599111676215,0.03676505908370018
rmse,persistence,phihyd_surface,1430,0.0357648362716039,0.03293171301484108,0.039831303805112836
rmse,persistence,phihyd_surface,1440,0.03684091418981552,0.032830819487571716,0.04065527021884918
rmse,persistence,phihyd_surface,1450,0.0370574839413166,0.0335024282336235,0.039977063238620755
rmse,persistence,phihyd_surface,1460,0.03824445257584254,0.0353177398443222,0.04120759069919586
rmse,persistence,phihyd_surface,1470,0.03765382294853528,0.03486190885305405,0.0402582012116909
rmse,persistence,phihyd_surface,1480,0.034933980802694956,0.03284262642264366,0.03736530691385269
rmse,persistence,phihyd_surface,1490,0.0341662493844827,0.031553083658218385,0.03738127425312996
rmse,persistence,phihyd_surface,1500,0.032110923528671266,0.029645298421382905,0.034032905101776124
rmse,persistence,phihyd_surface,1510,0.0281651146709919,0.027085895463824273,0.029747981205582617
rmse,persistence,phihyd_surface,1520,0.026868043715755144,0.025429175421595573,0.02878973223268986
rmse,persistence,phihyd_surface,1530,0.02449548455576102,0.023230791091918945,0.025754736363887788
rmse,persistence,phihyd_surface,1540,0.02231584439675013,0.021364734321832658,0.022994916886091232
rmse,persistence,phihyd_surface,1550,0.024981815616289774,0.023270606994628906,0.02631976790726185
rmse,persistence,phihyd_surface,1560,0.027098532890280087,0.02522239610552788,0.02920087017118931
rmse,persistence,phihyd_surface,1570,0.02928162068128586,0.02731477953493595,0.03196834772825241
rmse,persistence,phihyd_surface,1580,0.03290397773186366,0.028763041645288468,0.03551953658461571
rmse,persistence,phihyd_surface,1590,0.0354120671749115,0.03221976384520531,0.03863311111927033
rmse,persistence,phihyd_surface,1600,0.03739361936847369,0.03485353216528893,0.04133057519793511
rmse,persistence,phihyd_surface,1610,0.03857641418774923,0.03461407572031021,0.04188809171319008
rmse,persistence,phihyd_surface,1620,0.038680987308422725,0.03489893153309822,0.04138498902320862
rmse,persistence,phihyd_surface,1630,0.03969701627890269,0.036758401244878766,0.042188648134469986
rmse,persistence,phihyd_surface,1640,0.03945685451229413,0.03669230118393898,0.041643678396940234
rmse,persistence,phihyd_surface,1650,0.036755284667015074,0.03459167182445526,0.03889143243432045
rmse,persistence,phihyd_surface,1660,0.03580593690276146,0.03328031152486801,0.038167980313301084
rmse,persistence,phihyd_surface,1670,0.03415146693587303,0.03202773481607437,0.03612881526350975
rmse,persistence,phihyd_surface,1680,0.030322078118721642,0.028577010333538055,0.0320955827832222
rmse,persistence,phihyd_surface,1690,0.02885657859345277,0.027242830023169518,0.03000202439725399
rmse,persistence,phihyd_surface,1700,0.02696369377275308,0.026158251613378525,0.0279059961438179
rmse,persistence,phihyd_surface,1710,0.02458608311911424,0.023529157787561417,0.025061845034360885
rmse,persistence,phihyd_surface,1720,0.026765187457203864,0.025998124852776527,0.02760164365172386
rmse,persistence,phihyd_surface,1730,0.028983137011528014,0.027615639567375182,0.03012275882065296
rmse,persistence,phihyd_surface,1740,0.030864309147000314,0.029764655232429504,0.03243262320756912
rmse,persistence,phihyd_surface,1750,0.03430485191444556,0.031214124336838723,0.036385031044483186
rmse,persistence,phihyd_surface,1760,0.036879801253477736,0.0340864971280098,0.03917422369122505
rmse,persistence,phihyd_surface,1770,0.038825121521949765,0.036670492589473726,0.04137157574295998
rmse,persistence,phihyd_surface,1780,0.040173110117514926,0.03742381110787392,0.04296167269349098
rmse,persistence,phihyd_surface,1790,0.04028906871875127,0.03697692379355431,0.04323727488517761
rmse,persistence,phihyd_surface,1800,0.0411929560204347,0.038957276940345766,0.04339001402258873
rmse,persistence,phihyd_surface,1810,0.0413031667470932,0.0385241337120533,0.04362638145685196
rmse,persistence,phihyd_surface,1820,0.03877140233914057,0.03622537478804588,0.04139574021100998
rmse,persistence,phihyd_surface,1830,0.03772054041425387,0.03583378940820694,0.03945076018571854
rmse,persistence,phihyd_surface,1840,0.036490966627995176,0.034496673941612245,0.03862573653459549
rmse,persistence,phihyd_surface,1850,0.03290999494493008,0.030423611029982568,0.035226748883724214
rmse,persistence,phihyd_surface,1860,0.031264907618363695,0.02896486297249794,0.032427741587162016
rmse,persistence,phihyd_surface,1870,0.02977820932865143,0.028070341050624847,0.03130779415369034
rmse,persistence,phihyd_surface,1880,0.027287204066912332,0.025437621772289275,0.028844141215085984
rmse,persistence,phihyd_surface,1890,0.02880724680920442,0.027370484545826912,0.03065122663974762
rmse,persistence,phihyd_surface,1900,0.030946833019455274,0.02894211821258068,0.0322759635746479
rmse,persistence,phihyd_surface,1910,0.032394514853755635,0.030985110625624656,0.03370624110102653
rmse,persistence,phihyd_surface,1920,0.03537202775478363,0.03252433016896248,0.03738251477479935
rmse,persistence,phihyd_surface,1930,0.03780812496940295,0.03415103927254677,0.04017809182405472
rmse,persistence,phihyd_surface,1940,0.03957424983382225,0.0369275338947773,0.042310331016778946
rmse,persistence,phihyd_surface,1950,0.04093841512997945,0.03764446824789047,0.0437908448278904
rmse,persistence,phihyd_surface,1960,0.040984607736269635,0.03668266385793686,0.04429667443037033
rmse,persistence,phihyd_surface,1970,0.041677213211854296,0.03903843238949776,0.044561658054590225
rmse,persistence,phihyd_surface,1980,0.04203392490744591,0.03937948271632195,0.044943101704120636
rmse,persistence,phihyd_surface,1990,0.039624132712682086,0.03683935254812241,0.04121319428086281
rmse,persistence,phihyd_surface,2000,0.038242372870445254,0.036230454593896864,0.040171122550964354
rmse,model,sst,0,0.0,0.0,0.0
rmse,model,sst,10,0.008572313127418359,0.0077512991614639756,0.009557806886732578
rmse,model,sst,20,0.01152960949887832,0.010205120220780373,0.012540638260543347
rmse,model,sst,30,0.013163017792006333,0.011099965684115887,0.014799581840634346
rmse,model,sst,40,0.014429362490773201,0.012240354344248772,0.016122568398714066
rmse,model,sst,50,0.015213322204848131,0.01291682180017233,0.017418258637189866
rmse,model,sst,60,0.016069278679788114,0.014033836871385574,0.017953735962510108
rmse,model,sst,70,0.016956002575655778,0.01439152229577303,0.01887826547026634
rmse,model,sst,80,0.017708809301257133,0.014881142228841782,0.01960395500063896
rmse,model,sst,90,0.018445093370974063,0.015621070936322212,0.02058192454278469
rmse,model,sst,100,0.01901177776356538,0.016615423187613488,0.021555160358548164
rmse,model,sst,110,0.019526144862174986,0.017375436425209046,0.021863118559122086
rmse,model,sst,120,0.020065941537419956,0.017773815989494325,0.021831095591187476
rmse,model,sst,130,0.02092653773725033,0.018616191670298578,0.02241031751036644
rmse,model,sst,140,0.021847068145871163,0.019450605660676957,0.023304777592420577
rmse,model,sst,150,0.022578483447432518,0.020411008968949318,0.02466505244374275
rmse,model,sst,160,0.023118828733762104,0.02118196487426758,0.02542346827685833
rmse,model,sst,170,0.02385707994302114,0.022314831614494324,0.02609321065247059
rmse,model,sst,180,0.024538601314028106,0.02310270704329014,0.026642630249261855
rmse,model,sst,190,0.02536242480079333,0.023572610318660737,0.027226625010371208
rmse,model,sst,200,0.02615871901313464,0.024205227568745612,0.027931378781795503
rmse,model,sst,210,0.026928311338027318,0.025060511752963067,0.02893085889518261
rmse,model,sst,220,0.027568982417384782,0.02560549005866051,0.029717764630913735
rmse,model,sst,230,0.028468665604790052,0.026561252400279046,0.030933596193790436
rmse,model,sst,240,0.029526153455177943,0.02742177024483681,0.032166843116283414
rmse,model,sst,250,0.03057051698366801,0.02849763259291649,0.033203163743019105
rmse,model,sst,260,0.03151880030830701,0.02965390831232071,0.03433602377772331
rmse,model,sst,270,0.03243098631501198,0.030921589210629465,0.03565071299672127
rmse,model,sst,280,0.033195514728625614,0.03139633685350418,0.036118080466985704
rmse,model,sst,290,0.03407664547363917,0.0316323034465313,0.03662974163889885
rmse,model,sst,300,0.03520778690775236,0.03282759189605713,0.037752272188663484
rmse,model,sst,310,0.036315767715374626,0.03382993265986443,0.03912808075547218
rmse,model,sst,320,0.03723753169178963,0.03459942862391472,0.040510112047195436
rmse,model,sst,330,0.038155171026786165,0.03563612699508667,0.041388755291700365
rmse,model,sst,340,0.039328570912281674,0.036870505660772324,0.04269589930772781
rmse,model,sst,350,0.04039210081100464,0.03753440380096436,0.04450962468981743
rmse,model,sst,360,0.04132867529988289,0.03766395524144173,0.04566674306988716
rmse,model,sst,370,0.04223907664418221,0.03841702863574028,0.046377926319837566
rmse,model,sst,380,0.04302662387490273,0.03948608785867691,0.0474510170519352
rmse,model,sst,390,0.043703948706388475,0.04093945398926735,0.048515637218952176
rmse,model,sst,400,0.044416814545790356,0.04131685271859169,0.04954607710242271
rmse,model,sst,410,0.04528509130080541,0.04212972745299339,0.05009437128901482
rmse,model,sst,420,0.046257242063681286,0.042927712202072144,0.05031305998563766
rmse,model,sst,430,0.04709715942541758,0.04409769475460053,0.051416187733411785
rmse,model,sst,440,0.0477836641172568,0.044501477479934694,0.05272078737616539
rmse,model,sst,450,0.048583580056826274,0.04543575718998909,0.05355249494314193
rmse,model,sst,460,0.049480363229910534,0.046031016111373904,0.05427920669317245
rmse,model,sst,470,0.05039418563246727,0.04710202813148499,0.05555703341960907
rmse,model,sst,480,0.051669414589802426,0.047953016310930255,0.05763176903128624
rmse,model,sst,490,0.052564052989085515,0.04801787286996841,0.05858548209071159
rmse,model,sst,500,0.0531442865729332,0.04852285012602806,0.0587764523923397
rmse,model,sst,510,0.0542462557554245,0.050282827019691466,0.05937925949692726
rmse,model,sst,520,0.05540175810456276,0.05109638199210167,0.06058551371097565
rmse,model,sst,530,0.05594666451215744,0.05086797997355461,0.060868791490793224
rmse,model,sst,540,0.05665018384655317,0.050875571370124814,0.06183035522699356
rmse,model,sst,550,0.05802865922451019,0.052813199907541276,0.06274642050266266
rmse,model,sst,560,0.058991613487402596,0.05324032753705978,0.06311856508255005
rmse,model,sst,570,0.05935720851023992,0.05340130031108856,0.06396618336439133
rmse,model,sst,580,0.060343601554632184,0.0553385891020298,0.06548644602298737
rmse,model,sst,590,0.06144059573610624,0.055970003455877305,0.0658170685172081
rmse,model,sst,600,0.0623787355919679,0.05646463632583618,0.06671807914972305
rmse,model,sst,610,0.063228090852499,0.05732155218720436,0.06818572729825974
rmse,model,sst,620,0.06424308717250823,0.05935496911406517,0.07003186196088791
rmse,model,sst,630,0.06492983276645342,0.05987389907240868,0.070458984375
rmse,model,sst,640,0.0654797541598479,0.060404887050390245,0.07151485532522202
rmse,model,sst,650,0.06681609004735947,0.06128428876399994,0.07244925498962403
rmse,model,sst,660,0.06750482817490895,0.06134971156716347,0.07333498746156693
rmse,model,sst,670,0.06773935382564862,0.06211429387331009,0.07418108135461807
rmse,model,sst,680,0.0687078557908535,0.06327010244131089,0.07475596219301224
rmse,model,sst,690,0.06959577749172846,0.06404483169317246,0.0745392918586731
rmse,model,sst,700,0.06985291242599487,0.06465274542570114,0.07388297915458679
rmse,model,sst,710,0.07075299421946207,0.06543350666761398,0.0750250369310379
rmse,model,sst,720,0.07216101338466009,0.0658455729484558,0.07803713679313659
rmse,model,sst,730,0.07240850627422332,0.06542512327432633,0.07854645550251008
rmse,model,sst,740,0.07222581058740615,0.06680793464183807,0.07928411364555359
rmse,model,sst,750,0.07300434112548829,0.06958403885364532,0.07962344139814377
rmse,model,sst,760,0.07400581389665603,0.0692846342921257,0.07901242524385452
rmse,model,sst,770,0.0747461199760437,0.06953586786985397,0.07824414223432541
rmse,model,sst,780,0.07516326159238815,0.0706450805068016,0.07849279791116714
rmse,model,sst,790,0.07615320533514022,0.072942553460598,0.07858065366744996
rmse,model,sst,800,0.07668013075987498,0.07543706893920898,0.07836396545171738
rmse,model,sst,810,0.07657240927219391,0.07531346082687378,0.0785022184252739
rmse,model,sst,820,0.0777541975180308,0.07552637457847595,0.08001749664545059
rmse,model,sst,830,0.07877633223930995,0.07612427920103074,0.08137690275907516
rmse,model,sst,840,0.07842099169890086,0.07565762102603912,0.08028655797243119
rmse,model,sst,850,0.07843160231908163,0.0754832997918129,0.08094423413276672
rmse,model,sst,860,0.07935325801372528,0.07602718472480774,0.084368397295475
rmse,model,sst,870,0.07977218180894852,0.07550088167190552,0.08392148613929748
rmse,model,sst,880,0.08046664992968242,0.07756327390670777,0.08311589807271957
rmse,model,sst,890,0.0818261961142222,0.07873634696006775,0.08497747480869293
rmse,model,sst,900,0.08233396311601003,0.07895721197128296,0.08675917983055115
rmse,model,sst,910,0.08177257080872853,0.07868009805679321,0.08475306481122971
rmse,model,sst,920,0.08197863896687825,0.07892944812774658,0.08362913876771927
rmse,model,sst,930,0.08227187047402064,0.0797286108136177,0.08491231948137283
rmse,model,sst,940,0.08248978753884634,0.07909095138311387,0.08535321056842804
rmse,model,sst,950,0.08247687419255574,0.07892091125249863,0.08515687137842179
rmse,model,sst,960,0.08346825937430064,0.08074806779623031,0.08603236079216003
rmse,model,sst,970,0.08408230195442835,0.08077725172042846,0.08722558170557022
rmse,model,sst,980,0.08365262895822526,0.07973243296146393,0.08695165961980819
rmse,model,sst,990,0.08433186809221903,0.07945576459169387,0.08845012038946151
rmse,model,sst,1000,0.08609883040189743,0.08138692080974579,0.0933032512664795
rmse,model,sst,1010,0.08616510430971781,0.08133534789085388,0.09287184327840806
rmse,model,sst,1020,0.08552475372950236,0.08116188794374465,0.09210870563983917
rmse,model,sst,1030,0.08540581464767456,0.08053548485040665,0.09179130643606186
rmse,model,sst,1040,0.08540951212247212,0.08148211389780044,0.09126315414905548
rmse,model,sst,1050,0.08568789015213649,0.08138070106506348,0.09164036810398102
rmse,model,sst,1060,0.0859640563527743,0.08014261424541473,0.09093955904245377
rmse,model,sst,1070,0.08613627354303996,0.07994143813848495,0.09140229672193527
rmse,model,sst,1080,0.08592804819345475,0.07938715517520904,0.09116198271512985
rmse,model,sst,1090,0.08636467009782792,0.08041756004095077,0.09121688306331635
rmse,model,sst,1100,0.08701691031455994,0.08127775490283966,0.09312922805547715
rmse,model,sst,1110,0.08755943328142166,0.08122323602437972,0.09427557587623596
rmse,model,sst,1120,0.08765206038951874,0.080516117811203,0.09435235261917115
rmse,model,sst,1130,0.08814952919880549,0.08203779608011245,0.09407930225133895
rmse,model,sst,1140,0.08833385755618413,0.08237302750349045,0.09342310279607773
rmse,model,sst,1150,0.08777425785859426,0.08139646649360657,0.09252441823482513
rmse,model,sst,1160,0.08748806913693746,0.0824771761894226,0.0920727089047432
rmse,model,sst,1170,0.088990352054437,0.08316002041101456,0.09582328796386719
rmse,model,sst,1180,0.08954088638226192,0.08187638372182846,0.09860289990901946
rmse,model,sst,1190,0.08915563772122065,0.08116899281740189,0.09746132344007492
rmse,model,sst,1200,0.08900366723537445,0.08109415918588639,0.09744838476181031
rmse,model,sst,1210,0.08930932432413101,0.08147739171981812,0.09841151386499405
rmse,model,sst,1220,0.08949103206396103,0.08135171234607697,0.09863363653421402
rmse,model,sst,1230,0.08946533153454463,0.08137150704860688,0.09782795459032059
rmse,model,sst,1240,0.0894309605161349,0.0817978024482727,0.09755726456642151
rmse,model,sst,1250,0.08912127315998078,0.08218486756086349,0.09684518128633499
rmse,model,sst,1260,0.08856035818656285,0.0815310686826706,0.09434509724378586
rmse,model,sst,1270,0.08851804733276367,0.08146584928035736,0.09373518377542496
rmse,model,sst,1280,0.08907910585403442,0.08197766393423081,0.09455637484788895
rmse,model,sst,1290,0.08923602302869162,0.0821849375963211,0.09534973949193955
rmse,model,sst,1300,0.08930419534444808,0.0819237232208252,0.09642738550901413
rmse,model,sst,1310,0.08962776809930802,0.08194684386253356,0.09694974571466446
rmse,model,sst,1320,0.0897935579220454,0.08209775239229203,0.09645010828971863
rmse,model,sst,1330,0.08948758741219838,0.08250342309474945,0.09589968770742416
rmse,model,sst,1340,0.09000320335229238,0.08297164142131805,0.09854380786418915
rmse,model,sst,1350,0.08993452141682307,0.08171193599700928,0.10022986084222793
rmse,model,sst,1360,0.08916996816794077,0.08191652297973633,0.09845201671123505
rmse,model,sst,1370,0.0888023758927981,0.08176509886980057,0.09776246845722199
rmse,model,sst,1380,0.0885316585501035,0.08125973343849183,0.09838815033435822
rmse,model,sst,1390,0.08819695164759954,0.0816240668296814,0.09704607427120208
rmse,model,sst,1400,0.08805654893318812,0.08170386850833893,0.0949884295463562
rmse,model,sst,1410,0.08821075757344564,0.08089013546705245,0.09402832239866257
rmse,model,sst,1420,0.08837165931860606,0.08116228133440018,0.09464870989322663
rmse,model,sst,1430,0.08769447257121404,0.08103186041116714,0.09236760586500167
rmse,model,sst,1440,0.08740816116333008,0.08202949315309524,0.0913594201207161
rmse,model,sst,1450,0.08795763850212097,0.08316034227609634,0.09235341995954513
rmse,model,sst,1460,0.08785492330789565,0.08350443542003631,0.09280469715595245
rmse,model,sst,1470,0.08725720842679342,0.08363460302352906,0.0914221540093422
rmse,model,sst,1480,0.08752314150333404,0.08306673169136047,0.09168300330638886
rmse,model,sst,1490,0.08788967976967493,0.08427070379257202,0.09198269844055176
rmse,model,sst,1500,0.08780065427223842,0.08311872780323029,0.09173487275838851
rmse,model,sst,1510,0.08846367100874583,0.08336373567581176,0.09320206046104432
rmse,model,sst,1520,0.08899094959100087,0.08337040096521378,0.09570046067237854
rmse,model,sst,1530,0.08856472373008728,0.08218436539173127,0.09505470544099807
rmse,model,sst,1540,0.08876667668422063,0.08247934281826019,0.09383038580417633
rmse,model,sst,1550,0.08918886532386144,0.08428513407707214,0.0954484298825264
rmse,model,sst,1560,0.08876615961392721,0.08383147567510604,0.09482257217168807
rmse,model,sst,1570,0.08844214181105296,0.08355097025632859,0.09234325587749481
rmse,model,sst,1580,0.08857888927062353,0.08371897339820862,0.09161030054092408
rmse,model,sst,1590,0.08882821003595988,0.08318424373865127,0.09217009097337722
rmse,model,sst,1600,0.08821486284335454,0.08325957357883454,0.09039750993251801
rmse,model,sst,1610,0.08797881454229355,0.0828762874007225,0.09072379916906356
rmse,model,sst,1620,0.08857171386480331,0.08400973826646804,0.09117083251476288
rmse,model,sst,1630,0.08864709039529164,0.08335918486118317,0.09193751364946365
rmse,model,sst,1640,0.08821068356434504,0.08248869031667709,0.09137582778930664
rmse,model,sst,1650,0.08840966522693634,0.08321505784988403,0.09167974144220352
rmse,model,sst,1660,0.0887183502316475,0.08269521445035935,0.09286463558673859
rmse,model,sst,1670,0.08877928207317988,0.08285756409168243,0.09372598379850387
rmse,model,sst,1680,0.08932659576336542,0.08274313360452652,0.09371341913938522
rmse,model,sst,1690,0.08991609911123911,0.08329196721315384,0.09352627098560333
rmse,model,sst,1700,0.08950479676326116,0.0828571930527687,0.09353743940591812
rmse,model,sst,1710,0.08957983503739039,0.08368808031082153,0.09440170973539352
rmse,model,sst,1720,0.08994700809319814,0.08258435726165772,0.09637621343135834
rmse,model,sst,1730,0.08950498600800832,0.08172983229160309,0.09651788920164109
rmse,model,sst,1740,0.08921184539794921,0.0821250781416893,0.0962611511349678
rmse,model,sst,1750,0.08931678384542466,0.08204291015863419,0.09535916596651077
rmse,model,sst,1760,0.08944929142793019,0.08213646411895752,0.09604465514421463
rmse,model,sst,1770,0.08888673533995946,0.08169327825307846,0.0947643905878067
rmse,model,sst,1780,0.08869920670986176,0.080909763276577,0.09362946599721908
rmse,model,sst,1790,0.08888090600570044,0.08246415853500366,0.09337374716997146
rmse,model,sst,1800,0.08867666373650233,0.08171071410179138,0.09284230768680572
rmse,model,sst,1810,0.08815865566333135,0.08108406662940978,0.09251119494438172
rmse,model,sst,1820,0.08832556406656901,0.08113400340080261,0.09320152550935745
rmse,model,sst,1830,0.08902563800414404,0.08205891102552414,0.09442584812641144
rmse,model,sst,1840,0.08940744797388712,0.08241477310657501,0.09525133222341538
rmse,model,sst,1850,0.09001552611589432,0.08268585205078124,0.09481165260076523
rmse,model,sst,1860,0.09082370499769847,0.08261175304651261,0.09567656666040421
rmse,model,sst,1870,0.09095716923475265,0.08310644626617432,0.09694918096065522
rmse,model,sst,1880,0.09119475136200587,0.08446870595216752,0.09801182001829148
rmse,model,sst,1890,0.09137637515862783,0.08386230170726776,0.09815029501914978
rmse,model,sst,1900,0.09092617978652319,0.08284495770931244,0.09732261598110199
rmse,model,sst,1910,0.09097330470879873,0.08308376669883728,0.09705435037612915
rmse,model,sst,1920,0.09092134634653727,0.08308874368667603,0.09814934581518173
rmse,model,sst,1930,0.09086383630832036,0.08302651047706604,0.09915811419487
rmse,model,sst,1940,0.09012745370467504,0.08288643509149551,0.09754935055971145
rmse,model,sst,1950,0.08999403218428294,0.08209372609853745,0.09728815406560898
rmse,model,sst,1960,0.09039256523052851,0.08358704447746276,0.09798234403133392
rmse,model,sst,1970,0.0905436356862386,0.08372259885072708,0.0979675218462944
rmse,model,sst,1980,0.09008023043473562,0.08361466228961945,0.09842402935028076
rmse,model,sst,1990,0.09001814226309458,0.0820535510778427,0.09891132265329361
rmse,model,sst,2000,0.09053262025117874,0.08236041367053985,0.09909896999597549
rmse,climatology,sst,0,0.03851603989799817,0.036900915950536725,0.03973420113325119
rmse,climatology,sst,10,0.03781576032439868,0.035535778850317,0.04006939306855202
rmse,climatology,sst,20,0.03781564633051555,0.03527504801750183,0.03965738043189049
rmse,climatology,sst,30,0.03884542236725489,0.03711217045783997,0.04016238525509834
rmse,climatology,sst,40,0.03886417100826899,0.036503059417009355,0.04012349918484688
rmse,climatology,sst,50,0.03842119152347247,0.03684120923280716,0.040487205237150194
rmse,climatology,sst,60,0.038532724728186925,0.03676047548651695,0.03974761813879013
rmse,climatology,sst,70,0.03861062526702881,0.03658171072602272,0.03990474119782448
rmse,climatology,sst,80,0.03843752220273018,0.03549491465091705,0.040605226159095766
rmse,climatology,sst,90,0.038854054858287176,0.036740957945585254,0.04068373143672943
rmse,climatology,sst,100,0.03913060203194618,0.03746839314699173,0.04064115881919861
rmse,climatology,sst,110,0.038527952631314595,0.036318307369947435,0.04059659689664841
rmse,climatology,sst,120,0.038027372459570566,0.03586315289139748,0.0394700713455677
rmse,climatology,sst,130,0.038665489355723066,0.03592869713902473,0.041383955627679825
rmse,climatology,sst,140,0.039239687472581865,0.036676251143217084,0.04050481840968132
rmse,climatology,sst,150,0.038672966261704765,0.03681488856673241,0.04060835912823677
rmse,climatology,sst,160,0.038775215049584706,0.03723837658762932,0.040503659099340436
rmse,climatology,sst,170,0.039168488482634226,0.03759124279022217,0.04178773984313011
rmse,climatology,sst,180,0.03855066696802775,0.036078120768070224,0.04145420491695404
rmse,climatology,sst,190,0.038436446835597354,0.03508598729968071,0.04066128954291344
rmse,climatology,sst,200,0.0394647940993309,0.036680477857589724,0.041797037422657016
rmse,climatology,sst,210,0.03957072248061498,0.03776433765888214,0.041832901537418365
rmse,climatology,sst,220,0.03909092421332995,0.036948248744010925,0.04226228818297386
rmse,climatology,sst,230,0.0390734667579333,0.0364606112241745,0.04218714982271195
rmse,climatology,sst,240,0.03917079468568166,0.03684882670640945,0.04135345071554184
rmse,climatology,sst,250,0.03887764786680539,0.03601968958973885,0.04050496593117714
rmse,climatology,sst,260,0.03917609577377637,0.03798637166619301,0.040682753175497056
rmse,climatology,sst,270,0.039376326153675714,0.038016805052757265,0.04026465639472008
rmse,climatology,sst,280,0.038794286797444025,0.03677078634500504,0.04094310775399208
rmse,climatology,sst,290,0.038082990298668545,0.03610694259405136,0.03996110782027244
rmse,climatology,sst,300,0.03855792060494423,0.036393004655838015,0.04027100950479508
rmse,climatology,sst,310,0.03909511292974154,0.03693906888365746,0.04035145044326782
rmse,climatology,sst,320,0.0385559377570947,0.035903166979551315,0.04054376631975174
rmse,climatology,sst,330,0.038458637644847235,0.036419297009706496,0.040279462933540344
rmse,climatology,sst,340,0.03889277602235476,0.03813767284154892,0.04028479382395744
rmse,climatology,sst,350,0.03829583351810773,0.03620692789554596,0.04042485803365707
rmse,climatology,sst,360,0.03801253587007523,0.0353331096470356,0.04003552868962288
rmse,climatology,sst,370,0.03899626980225245,0.03700552806258202,0.04077000319957733
rmse,climatology,sst,380,0.03922013441721598,0.03726558610796928,0.04051142260432243
rmse,climatology,sst,390,0.03877046083410581,0.036696947365999225,0.040697024762630464
rmse,climatology,sst,400,0.038720737646023434,0.03687774837017059,0.040412505716085435
rmse,climatology,sst,410,0.03890338738759359,0.037442931532859804,0.03990479111671448
rmse,climatology,sst,420,0.03862849101424217,0.03570310994982719,0.04073374420404434
rmse,climatology,sst,430,0.03898104305068652,0.03696275129914284,0.04086991548538208
rmse,climatology,sst,440,0.03930189808209737,0.03799036368727684,0.04072136431932449
rmse,climatology,sst,450,0.03894876663883527,0.03640907928347588,0.040656764060258865
rmse,climatology,sst,460,0.03825824384888013,0.036514648050069806,0.04025536999106407
rmse,climatology,sst,470,0.03877248962720235,0.03703045547008514,0.04073928892612457
rmse,climatology,sst,480,0.039432907849550246,0.03718254044651985,0.04120938256382942
rmse,climatology,sst,490,0.03910219445824623,0.03598805442452431,0.042047418653964996
rmse,climatology,sst,500,0.03896090015769005,0.03619916662573815,0.04198901355266571
rmse,climatology,sst,510,0.03955008710424105,0.03837437406182289,0.04066052809357643
rmse,climatology,sst,520,0.03911329160133998,0.03742280900478363,0.04084525927901268
rmse,climatology,sst,530,0.03873288556933403,0.03587512746453285,0.0410590834915638
rmse,climatology,sst,540,0.03964851722121239,0.037656379491090776,0.04230037331581116
rmse,climatology,sst,550,0.04000753164291382,0.03751448392868042,0.04169944748282432
rmse,climatology,sst,560,0.03959584832191467,0.037057044357061385,0.041694610565900805
rmse,climatology,sst,570,0.03949484924475352,0.03886979669332504,0.04084833189845085
rmse,climatology,sst,580,0.039695824434359865,0.03862956464290619,0.0410238653421402
rmse,climatology,sst,590,0.039367585877577466,0.035953227430582047,0.04187123104929924
rmse,climatology,sst,600,0.03965748250484467,0.03702503591775894,0.04253181517124176
rmse,climatology,sst,610,0.040002467731634773,0.03811360076069832,0.041948482394218445
rmse,climatology,sst,620,0.039779138813416166,0.03736575990915299,0.04117407277226448
rmse,climatology,sst,630,0.038968556374311444,0.03725899308919907,0.04073019623756409
rmse,climatology,sst,640,0.03930319423476855,0.037986265122890474,0.040718131512403485
rmse,climatology,sst,650,0.039859251429637275,0.03878151848912239,0.04194410517811775
rmse,climatology,sst,660,0.03952638184030851,0.03651728853583336,0.04156668484210968
rmse,climatology,sst,670,0.03908563256263733,0.036287394165992734,0.04117891639471054
rmse,climatology,sst,680,0.03952408457795779,0.038457346707582475,0.04099954441189766
rmse,climatology,sst,690,0.03906241456667582,0.037071704119443896,0.04066969230771065
rmse,climatology,sst,700,0.038516459862391154,0.035813777893781665,0.040613953769207
rmse,climatology,sst,710,0.039304149647553764,0.03764658346772194,0.04110327363014221
rmse,climatology,sst,720,0.03976966341336568,0.0380713015794754,0.04075989574193954
rmse,climatology,sst,730,0.03935083349545797,0.03777039721608162,0.04104299247264862
rmse,climatology,sst,740,0.03916231741507848,0.03754429146647453,0.041119348257780075
rmse,climatology,sst,750,0.03940478637814522,0.038147857040166856,0.040616422146558764
rmse,climatology,sst,760,0.039120070884625116,0.03617736771702766,0.04096054136753082
rmse,climatology,sst,770,0.03937878708044688,0.03711293861269951,0.041416078060865405
rmse,climatology,sst,780,0.039727876583735146,0.03837566822767258,0.04114457592368126
rmse,climatology,sst,790,0.039627980440855026,0.03752958625555038,0.04143806397914886
rmse,climatology,sst,800,0.038782234241565065,0.0370381660759449,0.041337674111127855
rmse,climatology,sst,810,0.03910851130882899,0.037473367899656294,0.04040670916438103
rmse,climatology,sst,820,0.039829529573520026,0.03779711872339249,0.041122731566429135
rmse,climatology,sst,830,0.03980964124202728,0.03829002156853676,0.04140245988965034
rmse,climatology,sst,840,0.03939596985777219,0.03832131624221802,0.04104635044932366
rmse,climatology,sst,850,0.03995481679836909,0.03853539302945137,0.04127385467290878
rmse,climatology,sst,860,0.039733297377824786,0.03720280304551125,0.04287215024232864
rmse,climatology,sst,870,0.03923556183775266,0.035869503021240236,0.04250720888376236
rmse,climatology,sst,880,0.03998217657208443,0.03746035695075989,0.04215587601065636
rmse,climatology,sst,890,0.04059510280688604,0.039760810881853105,0.04271698072552681
rmse,climatology,sst,900,0.04019556219379107,0.03850667327642441,0.04337859600782394
rmse,climatology,sst,910,0.03989854628841082,0.037561652809381486,0.043544397503137586
rmse,climatology,sst,920,0.04013536920150121,0.038505513966083524,0.04249098300933838
rmse,climatology,sst,930,0.03985231344898542,0.03707718476653099,0.041866686940193173
rmse,climatology,sst,940,0.03996626064181328,0.03792163133621216,0.041613074392080306
rmse,climatology,sst,950,0.040232813855012255,0.038425957411527635,0.04149194285273552
rmse,climatology,sst,960,0.040158663193384805,0.03854202926158905,0.042226304113864896
rmse,climatology,sst,970,0.03918878982464472,0.03715727999806404,0.04082603827118873
rmse,climatology,sst,980,0.03928936496376991,0.0376300074160099,0.041085734218358996
rmse,climatology,sst,990,0.03987719764312108,0.03781002908945084,0.04115330651402473
rmse,climatology,sst,1000,0.039874761303265886,0.037740858644247054,0.041589502990245816
rmse,climatology,sst,1010,0.0392499104142189,0.037231330573558805,0.041301003843545916
rmse,climatology,sst,1020,0.039717013388872145,0.03854494467377663,0.040980149805545804
rmse,climatology,sst,1030,0.03954687714576721,0.037759315222501755,0.04097777083516121
rmse,climatology,sst,1040,0.03890643840034803,0.036052112281322476,0.04103891253471374
rmse,climatology,sst,1050,0.039469156165917715,0.03751822337508202,0.041433630883693694
rmse,climatology,sst,1060,0.04021712616086006,0.03883202746510506,0.04164064526557922
rmse,climatology,sst,1070,0.03993442033727964,0.03814382255077362,0.041690414398908617
rmse,climatology,sst,1080,0.03965704441070557,0.03799668326973915,0.0417534850537777
rmse,climatology,sst,1090,0.0400091474254926,0.03840900659561157,0.04128861352801323
rmse,climatology,sst,1100,0.03988728548089663,0.0380250409245491,0.04136604815721512
rmse,climatology,sst,1110,0.04004949604471524,0.03832425624132156,0.041781171411275866
rmse,climatology,sst,1120,0.04051530063152313,0.038191231340169905,0.04256749004125595
rmse,climatology,sst,1130,0.04074862226843834,0.03845600560307503,0.042804069072008136
rmse,climatology,sst,1140,0.039990871647993725,0.037374015897512436,0.042447373270988464
rmse,climatology,sst,1150,0.040127280602852505,0.03800106793642044,0.04307130351662636
rmse,climatology,sst,1160,0.040812643120686214,0.038356625288724897,0.04348862320184708
rmse,climatology,sst,1170,0.04098827491203944,0.03794790208339691,0.044494444876909255
rmse,climatology,sst,1180,0.04037984137733777,0.037032654881477355,0.04429437294602394
rmse,climatology,sst,1190,0.04089593191941579,0.038904211670160296,0.04311558529734612
rmse,climatology,sst,1200,0.04090653533736865,0.039687664806842805,0.04303414896130562
rmse,climatology,sst,1210,0.04022831122080485,0.03795699179172516,0.04303555563092232
rmse,climatology,sst,1220,0.0406055711209774,0.0386480376124382,0.04354520067572594
rmse,climatology,sst,1230,0.04142464299996694,0.03902117013931274,0.04387813061475754
rmse,climatology,sst,1240,0.04124600440263748,0.03895829021930695,0.043735826015472413
rmse,climatology,sst,1250,0.04090488776564598,0.0388765349984169,0.04278057962656021
rmse,climatology,sst,1260,0.04113015905022621,0.03962922841310501,0.043442442268133166
rmse,climatology,sst,1270,0.040894715487957,0.03801743164658546,0.044094021618366244
rmse,climatology,sst,1280,0.04074158991376559,0.03764265552163124,0.04467112049460411
rmse,climatology,sst,1290,0.04101137245694796,0.03830147460103035,0.0442747101187706
rmse,climatology,sst,1300,0.041083073864380516,0.03894828259944916,0.04331532046198845
rmse,climatology,sst,1310,0.040142641464869185,0.038007428497076036,0.04188031703233719
rmse,climatology,sst,1320,0.039929024130105975,0.0386287622153759,0.041480475664138795
rmse,climatology,sst,1330,0.040433295319477716,0.03881743773818016,0.04181225821375847
rmse,climatology,sst,1340,0.04057931676506996,0.03826235830783844,0.04248681142926216
rmse,climatology,sst,1350,0.03980102116862933,0.03716800212860107,0.042031672596931455
rmse,climatology,sst,1360,0.04014320249358813,0.03893999233841896,0.04183062613010406
rmse,climatology,sst,1370,0.04018904318412145,0.038323008269071576,0.04137372896075249
rmse,climatology,sst,1380,0.0394639161725839,0.0370161235332489,0.04157543033361435
rmse,climatology,sst,1390,0.03968385681509971,0.03748329654335976,0.041292347759008405
rmse,climatology,sst,1400,0.04057432810465495,0.039379685372114184,0.04187999814748764
rmse,climatology,sst,1410,0.04046142647663752,0.03829950541257858,0.04179715439677238
rmse,climatology,sst,1420,0.0400787723561128,0.038386411219835284,0.04202195554971695
rmse,climatology,sst,1430,0.04032147005200386,0.03893178701400757,0.04163531512022019
rmse,climatology,sst,1440,0.04028454174598058,0.03841204047203064,0.04154019057750702
rmse,climatology,sst,1450,0.04020405088861783,0.03769596815109253,0.04220611453056335
rmse,climatology,sst,1460,0.040654470771551134,0.03888170048594475,0.04225556030869484
rmse,climatology,sst,1470,0.040912848462661106,0.03920854777097702,0.04254038855433464
rmse,climatology,sst,1480,0.040197692314783734,0.03783303052186966,0.04247070848941803
rmse,climatology,sst,1490,0.03997199237346649,0.0379866786301136,0.04120429083704948
rmse,climatology,sst,1500,0.04065163681904475,0.03800183087587357,0.0432118259370327
rmse,climatology,sst,1510,0.0410922721028328,0.038963576406240465,0.042476384341716765
rmse,climatology,sst,1520,0.04049774681528409,0.03893643990159035,0.042148028314113614
rmse,climatology,sst,1530,0.040846307575702664,0.03912407010793686,0.042745080590248105
rmse,climatology,sst,1540,0.04111018230517705,0.03915370181202889,0.0440746046602726
rmse,climatology,sst,1550,0.040494545549154284,0.03769119381904602,0.04389810562133789
rmse,climatology,sst,1560,0.040568289409081144,0.037044412642717364,0.043129979819059375
rmse,climatology,sst,1570,0.041483786702156064,0.039007415622472764,0.043990501761436464
rmse,climatology,sst,1580,0.04140189290046692,0.03973371610045433,0.04432077184319496
rmse,climatology,sst,1590,0.04090306237339973,0.03864916041493416,0.04463358521461487
rmse,climatology,sst,1600,0.04095824509859085,0.03846440985798836,0.04391901046037674
rmse,climatology,sst,1610,0.04088143482804298,0.038754602521657945,0.04301354736089706
rmse,climatology,sst,1620,0.04057071730494499,0.03840754330158234,0.04208210557699203
rmse,climatology,sst,1630,0.04086758693059286,0.03950523287057876,0.04230224788188934
rmse,climatology,sst,1640,0.041041891525189084,0.03978301510214806,0.04245786219835281
rmse,climatology,sst,1650,0.04033667047818502,0.038541074842214584,0.041922514140605924
rmse,climatology,sst,1660,0.039856387923161186,0.03810471147298813,0.04149398133158684
rmse,climatology,sst,1670,0.04039597784479459,0.038034217059612276,0.04188908562064171
rmse,climatology,sst,1680,0.04079273591438929,0.03872290253639221,0.042056252062320706
rmse,climatology,sst,1690,0.040143640836079915,0.037588247656822206,0.04208428636193275
rmse,climatology,sst,1700,0.04030028134584427,0.038772077113389966,0.041965342313051227
rmse,climatology,sst,1710,0.040589771668116253,0.03948519602417946,0.04189821407198906
rmse,climatology,sst,1720,0.0399562897781531,0.03782509565353394,0.042029937356710435
rmse,climatology,sst,1730,0.03985433951020241,0.037125363945961,0.0417638398706913
rmse,climatology,sst,1740,0.04082364862163861,0.03884899690747261,0.042603612691164014
rmse,climatology,sst,1750,0.04090796013673147,0.03891950771212578,0.04225585535168648
rmse,climatology,sst,1760,0.04054271926482519,0.0389139786362648,0.04238495677709579
rmse,climatology,sst,1770,0.040683913975954056,0.039012500643730165,0.042327750474214554
rmse,climatology,sst,1780,0.0408514770368735,0.03972087949514389,0.04165942743420601
rmse,climatology,sst,1790,0.04065427506963412,0.038561060279607776,0.042433063685894015
rmse,climatology,sst,1800,0.041114887098471324,0.03906605094671249,0.04269450381398201
rmse,climatology,sst,1810,0.041512616475423175,0.040009531378746035,0.043528773635625836
rmse,climatology,sst,1820,0.04111150652170181,0.038327538222074506,0.0432419590651989
rmse,climatology,sst,1830,0.0406346728404363,0.03864151164889336,0.04295035004615784
rmse,climatology,sst,1840,0.041207682838042575,0.039463037997484206,0.043513334542512896
rmse,climatology,sst,1850,0.04171258782347043,0.039425358176231384,0.044175713509321216
rmse,climatology,sst,1860,0.041203928242127104,0.03768225088715553,0.04439535662531853
rmse,climatology,sst,1870,0.04123796795805295,0.03844296932220459,0.04400660917162895
rmse,climatology,sst,1880,0.04165106589595477,0.04003531038761139,0.0430902287364006
rmse,climatology,sst,1890,0.041078847646713254,0.03970099091529846,0.04290786385536194
rmse,climatology,sst,1900,0.04081750636299451,0.038826160877943036,0.0434499479830265
rmse,climatology,sst,1910,0.04173401395479838,0.04003656879067421,0.044129859656095505
rmse,climatology,sst,1920,0.041928801437218985,0.03932853266596794,0.04427476674318313
rmse,climatology,sst,1930,0.04155346105496089,0.038845423609018326,0.043249227851629254
rmse,climatology,sst,1940,0.04154327735304832,0.040056458115577696,0.043148572742939
rmse,climatology,sst,1950,0.0416392741103967,0.03993682861328125,0.04393850937485695
rmse,climatology,sst,1960,0.04123890002568563,0.03767600953578949,0.044309594482183454
rmse,climatology,sst,1970,0.04146891236305237,0.03912145420908928,0.04472135603427887
rmse,climatology,sst,1980,0.041674202183882396,0.04003878384828567,0.044054288417100906
rmse,climatology,sst,1990,0.041215269515911736,0.038962170481681824,0.042664535343647
rmse,climatology,sst,2000,0.04045771807432175,0.03911134675145149,0.04228607416152954
rmse,persistence,sst,0,0.0,0.0,0.0
rmse,persistence,sst,10,0.02277104581395785,0.02005648724734783,0.0260111790150404
rmse,persistence,sst,20,0.03690005987882614,0.032902874797582624,0.042597992718219756
rmse,persistence,sst,30,0.046992530673742296,0.04306855425238609,0.05079416483640671
rmse,persistence,sst,40,0.056269496430953345,0.053324317932128905,0.06013324782252312
rmse,persistence,sst,50,0.06047984833518664,0.0560417652130127,0.06490538716316223
rmse,persistence,sst,60,0.06041321754455566,0.0579209566116333,0.0635100856423378
rmse,persistence,sst,70,0.05969542612632116,0.056972562521696093,0.06275995075702667
rmse,persistence,sst,80,0.05716982657710711,0.052809572964906695,0.061019223928451535
rmse,persistence,sst,90,0.05698631157477697,0.05413502380251885,0.06048431918025017
rmse,persistence,sst,100,0.05964070186018944,0.05688762292265892,0.06204100474715233
rmse,persistence,sst,110,0.06008577694495519,0.05766545459628105,0.06265183836221695
rmse,persistence,sst,120,0.05954590116937955,0.05612862184643745,0.06331712603569031
rmse,persistence,sst,130,0.05737851833303769,0.05446888506412506,0.059749290347099304
rmse,persistence,sst,140,0.0497275431950887,0.04488251581788063,0.052604719251394275
rmse,persistence,sst,150,0.039102938522895175,0.03722296431660652,0.04255034402012825
rmse,persistence,sst,160,0.025812445829312008,0.023020010441541672,0.030310665816068647
rmse,persistence,sst,170,0.009188951707134645,0.004442368354648352,0.01632644534111023
rmse,persistence,sst,180,0.02306468884150187,0.019707217067480087,0.02851911634206772
rmse,persistence,sst,190,0.03725454757610957,0.03283312991261482,0.043246112018823626
rmse,persistence,sst,200,0.04716278339425723,0.043027421832084654,0.05190766081213951
rmse,persistence,sst,210,0.056426632404327395,0.05326180309057236,0.06017152592539787
rmse,persistence,sst,220,0.06113413522640864,0.05702020451426506,0.0659404531121254
rmse,persistence,sst,230,0.06115473732352257,0.05784983187913895,0.06514734923839569
rmse,persistence,sst,240,0.060503147542476654,0.057428078353405,0.06396663039922715
rmse,persistence,sst,250,0.057984597980976105,0.05323583781719208,0.06166594997048378
rmse,persistence,sst,260,0.05735572874546051,0.054987572878599164,0.06061787158250809
rmse,persistence,sst,270,0.0598341333369414,0.056838408857584,0.06201933771371841
rmse,persistence,sst,280,0.06047899971405665,0.05785971805453301,0.0625938817858696
rmse,persistence,sst,290,0.05984831750392914,0.0560979850590229,0.06289719343185425
rmse,persistence,sst,300,0.05795379107197126,0.055527261644601825,0.06029443070292473
rmse,persistence,sst,310,0.050743446002403894,0.04645076543092728,0.05387233570218086
rmse,persistence,sst,320,0.04016914442181587,0.037608949840068816,0.04405286237597465
rmse,persistence,sst,330,0.02724996010462443,0.025107920914888383,0.030527608841657637
rmse,persistence,sst,340,0.010026508507629235,0.008389104902744294,0.01148988101631403
rmse,persistence,sst,350,0.02081693671643734,0.018898893520236014,0.023451661691069603
rmse,persistence,sst,360,0.035753812392552695,0.03176296353340149,0.04067623391747475
rmse,persistence,sst,370,0.04575861990451813,0.041626089811325075,0.04989072978496552
rmse,persistence,sst,380,0.05524814004699389,0.05262848362326622,0.058551914244890216
rmse,persistence,sst,390,0.06058231070637703,0.056465961039066315,0.06496821194887162
rmse,persistence,sst,400,0.06080531924962997,0.05758290737867355,0.06418546885252
rmse,persistence,sst,410,0.060254255682229994,0.0579474464058876,0.0632697582244873
rmse,persistence,sst,420,0.057853896419207254,0.053891167789697644,0.06153258830308914
rmse,persistence,sst,430,0.05688598677515984,0.05405949130654335,0.060110273957252505
rmse,persistence,sst,440,0.05932895268003146,0.05711791515350342,0.062212548404932025
rmse,persistence,sst,450,0.06037593558430672,0.05791889727115631,0.06226861551403999
rmse,persistence,sst,460,0.05985428939263026,0.05622337237000465,0.06259792894124985
rmse,persistence,sst,470,0.05839444796244304,0.05585671439766884,0.06009577587246895
rmse,persistence,sst,480,0.05183782453338305,0.04670373201370239,0.055268324166536334
rmse,persistence,sst,490,0.04159003545840581,0.037837912887334825,0.046468968689441684
rmse,persistence,sst,500,0.02952458361784617,0.02692820467054844,0.03232637420296669
rmse,persistence,sst,510,0.013206437416374683,0.009475356712937356,0.018732920289039612
rmse,persistence,sst,520,0.02044876168171565,0.018382737040519716,0.023594806715846062
rmse,persistence,sst,530,0.03553614107271035,0.03228930160403252,0.0397649846971035
rmse,persistence,sst,540,0.0454838606218497,0.041128233820199964,0.049741561710834506
rmse,persistence,sst,550,0.054979120194911954,0.052150556445121767,0.0575292706489563
rmse,persistence,sst,560,0.060839249690373735,0.056839636713266375,0.06468404829502106
rmse,persistence,sst,570,0.0613078070183595,0.057964835315942764,0.0642036959528923
rmse,persistence,sst,580,0.06077282776435216,0.05833764225244522,0.06355584710836411
rmse,persistence,sst,590,0.05842992961406708,0.054455002397298814,0.062310867756605146
rmse,persistence,sst,600,0.05699757983287176,0.05373428538441658,0.06059990003705025
rmse,persistence,sst,610,0.0591443640490373,0.05673665031790733,0.062465493381023404
rmse,persistence,sst,620,0.060416735460360846,0.05812976509332657,0.06241352409124375
rmse,persistence,sst,630,0.05978253434101741,0.056891363114118576,0.06247459501028061
rmse,persistence,sst,640,0.058459632098674774,0.05626753345131874,0.060489369183778764
rmse,persistence,sst,650,0.05230350196361542,0.04778531566262245,0.056133517622947694
rmse,persistence,sst,660,0.04192993392546972,0.03831675946712494,0.046255742013454434
rmse,persistence,sst,670,0.02958464858432611,0.027102913334965707,0.03255439475178719
rmse,persistence,sst,680,0.011110926667849222,0.010040579549968242,0.012168043293058872
rmse,persistence,sst,690,0.01527829710394144,0.01375632919371128,0.017330705374479293
rmse,persistence,sst,700,0.032479811708132425,0.02863108366727829,0.03717254623770714
rmse,persistence,sst,710,0.043099540968736014,0.03850403353571892,0.048021447658538816
rmse,persistence,sst,720,0.052922763675451276,0.04998781904578209,0.0565754160284996
rmse,persistence,sst,730,0.05950156996647517,0.05574144273996353,0.0641317367553711
rmse,persistence,sst,740,0.06040160581469536,0.05677885562181473,0.06444139331579209
rmse,persistence,sst,750,0.060007238388061525,0.05763367712497711,0.06322947591543197
rmse,persistence,sst,760,0.05796130547920863,0.05410197079181671,0.06143945008516312
rmse,persistence,sst,770,0.056320404758056004,0.052828365564346315,0.059751296043396
rmse,persistence,sst,780,0.058341729640960696,0.05565507635474205,0.06154411137104034
rmse,persistence,sst,790,0.0600803275903066,0.05769861713051796,0.06195748671889305
rmse,persistence,sst,800,0.05958398108681043,0.05617265626788139,0.06261120289564133
rmse,persistence,sst,810,0.058650042116642,0.05629861205816269,0.06105796173214913
rmse,persistence,sst,820,0.05332333321372668,0.049823809415102005,0.05648183524608612
rmse,persistence,sst,830,0.04343779236078262,0.03958150297403336,0.04716368317604065
rmse,persistence,sst,840,0.03182651946942012,0.02985725961625576,0.035731930285692215
rmse,persistence,sst,850,0.01543496393909057,0.012818750739097596,0.01881182789802551
rmse,persistence,sst,860,0.015813297281662624,0.012491690553724765,0.020347863063216207
rmse,persistence,sst,870,0.03262225414315859,0.027982503920793534,0.03832699581980705
rmse,persistence,sst,880,0.04333683227499326,0.038426253199577334,0.0488716684281826
rmse,persistence,sst,890,0.053021812438964845,0.04955108910799026,0.05737380236387253
rmse,persistence,sst,900,0.06002749651670456,0.05592641457915306,0.06565320193767547
rmse,persistence,sst,910,0.061313146352767946,0.0571723110973835,0.06680968254804612
rmse,persistence,sst,920,0.06094062626361847,0.05827362313866615,0.06496253758668899
rmse,persistence,sst,930,0.05909964839617411,0.05498836264014244,0.06207685992121696
rmse,persistence,sst,940,0.05713204940160115,0.05369641184806824,0.06037488356232643
rmse,persistence,sst,950,0.058734184006849925,0.055573157221078875,0.06157198622822761
rmse,persistence,sst,960,0.060679293672243756,0.05914506763219833,0.062429964542388916
rmse,persistence,sst,970,0.0601462056239446,0.05700855702161789,0.06280087828636169
rmse,persistence,sst,980,0.059318302075068156,0.05693622753024101,0.06225023418664932
rmse,persistence,sst,990,0.05453478967150052,0.05132870078086853,0.057544111460447314
rmse,persistence,sst,1000,0.04484727457165718,0.040927215665578845,0.048441816866397855
rmse,persistence,sst,1010,0.03345271721482277,0.0307928416877985,0.03643233552575111
rmse,persistence,sst,1020,0.017635527811944485,0.016298386082053185,0.019546591863036155
rmse,persistence,sst,1030,0.014014088362455369,0.012673133797943593,0.015437826327979565
rmse,persistence,sst,1040,0.031027902911106745,0.028044898062944412,0.03477674499154091
rmse,persistence,sst,1050,0.042076665659745535,0.03766356110572815,0.04719266071915627
rmse,persistence,sst,1060,0.0517923153936863,0.048528991639614105,0.05483694896101952
rmse,persistence,sst,1070,0.059383294979731244,0.05635074302554131,0.06326526552438735
rmse,persistence,sst,1080,0.061205850541591646,0.05773417800664902,0.06500563025474548
rmse,persistence,sst,1090,0.06092376584808032,0.05896259918808937,0.06355865001678467
rmse,persistence,sst,1100,0.05941407879193624,0.056683095544576644,0.06245076656341553
rmse,persistence,sst,1110,0.05728103419144948,0.05431494116783142,0.06046897098422051
rmse,persistence,sst,1120,0.05864749103784561,0.056679727882146834,0.06194166988134384
rmse,persistence,sst,1130,0.06101271584630012,0.058015350997447965,0.06353776901960373
rmse,persistence,sst,1140,0.06073672200242678,0.05708705559372902,0.0632947951555252
rmse,persistence,sst,1150,0.06020439391334852,0.05790218785405159,0.06346848309040069
rmse,persistence,sst,1160,0.05616022249062856,0.05178304836153984,0.058863038569688796
rmse,persistence,sst,1170,0.046981930484374365,0.04064292311668396,0.05186261609196663
rmse,persistence,sst,1180,0.036288918803135554,0.03266000747680664,0.04138517528772354
rmse,persistence,sst,1190,0.022179282332460085,0.01838030479848385,0.026858580112457276
rmse,persistence,sst,1200,0.01567877965668837,0.009781593643128871,0.022463655471801756
rmse,persistence,sst,1210,0.031289451941847804,0.02888791561126709,0.03316805139183998
rmse,persistence,sst,1220,0.042203012853860855,0.038807135075330734,0.04659907072782517
rmse,persistence,sst,1230,0.05156080077091853,0.049107184261083604,0.05539424493908882
rmse,persistence,sst,1240,0.05946430812279383,0.055838306248188016,0.062298734486103055
rmse,persistence,sst,1250,0.06170943155884743,0.05714435651898384,0.06490290015935898
rmse,persistence,sst,1260,0.06130170822143555,0.05858655720949173,0.06406842023134232
rmse,persistence,sst,1270,0.05984177167216937,0.05696634873747826,0.06378521919250488
rmse,persistence,sst,1280,0.05725594287117322,0.05272316709160805,0.06194327101111412
rmse,persistence,sst,1290,0.057998958975076675,0.055119071155786514,0.06207498013973236
rmse,persistence,sst,1300,0.06032708709438642,0.05778660699725151,0.06242509037256241
rmse,persistence,sst,1310,0.05997664605577787,0.05724019855260849,0.06227835714817047
rmse,persistence,sst,1320,0.0593161995212237,0.0571837529540062,0.06208258718252182
rmse,persistence,sst,1330,0.0556415356695652,0.05255035310983658,0.05877557620406151
rmse,persistence,sst,1340,0.04648246243596077,0.041594214737415314,0.050147776305675504
rmse,persistence,sst,1350,0.0353021456549565,0.03264835625886917,0.039029264450073244
rmse,persistence,sst,1360,0.02002638007203738,0.018269618973135948,0.02209326662123203
rmse,persistence,sst,1370,0.007351480983197689,0.006701117660850286,0.008287831582129002
rmse,persistence,sst,1380,0.02645531954864661,0.023557685688138007,0.030627815797924996
rmse,persistence,sst,1390,0.03899723986784617,0.03453633040189743,0.04455889463424682
rmse,persistence,sst,1400,0.04885484079519908,0.045065028965473174,0.05225335881114006
rmse,persistence,sst,1410,0.057526010026534395,0.05436767786741257,0.06141294464468956
rmse,persistence,sst,1420,0.06059718380371729,0.056249579042196275,0.06500906348228455
rmse,persistence,sst,1430,0.060385991881291075,0.058070076256990434,0.06343548446893692
rmse,persistence,sst,1440,0.059349472324053444,0.056659691780805585,0.062241580337285995
rmse,persistence,sst,1450,0.056812308728694916,0.052481944859027865,0.06033124029636383
rmse,persistence,sst,1460,0.05733683407306671,0.05454844683408737,0.06072063595056534
rmse,persistence,sst,1470,0.05998547275861104,0.057154258340597154,0.06198674514889717
rmse,persistence,sst,1480,0.06004489709933599,0.05735766515135765,0.06304453164339066
rmse,persistence,sst,1490,0.05961355492472649,0.056570421904325485,0.06326421797275543
rmse,persistence,sst,1500,0.05677760740121206,0.05406152456998825,0.059087250381708145
rmse,persistence,sst,1510,0.04845042650898298,0.04421969577670097,0.05129312872886658
rmse,persistence,sst,1520,0.037939321746428806,0.035155536234378816,0.04103416129946709
rmse,persistence,sst,1530,0.024433214714129767,0.021555106341838836,0.029869019240140914
rmse,persistence,sst,1540,0.01232787383099397,0.007457854226231575,0.018721218407154083
rmse,persistence,sst,1550,0.02709358384211858,0.023133935779333113,0.033168870210647586
rmse,persistence,sst,1560,0.039675094683965045,0.035228225588798526,0.04580807462334633
rmse,persistence,sst,1570,0.04921236857771873,0.044794612377882,0.05432729795575142
rmse,persistence,sst,1580,0.05796276678641637,0.054276565462350844,0.06280233561992646
rmse,persistence,sst,1590,0.06157412131627401,0.05722911953926087,0.06700299233198166
rmse,persistence,sst,1600,0.06131921435395877,0.058072352409362794,0.06536982506513596
rmse,persistence,sst,1610,0.06037215515971184,0.057224583625793454,0.06346295922994613
rmse,persistence,sst,1620,0.057661222666502,0.053054841607809065,0.06115660890936851
rmse,persistence,sst,1630,0.057592981557051344,0.05511487945914269,0.061178749054670335
rmse,persistence,sst,1640,0.060140286882718406,0.05709562301635742,0.06229184120893479
rmse,persistence,sst,1650,0.060392641772826515,0.05762844607234001,0.06254966259002685
rmse,persistence,sst,1660,0.0598848007619381,0.0566930815577507,0.06294570416212082
rmse,persistence,sst,1670,0.05747045129537583,0.05483510866761208,0.060366930067539216
rmse,persistence,sst,1680,0.04951286762952804,0.04479246884584427,0.05240231901407242
rmse,persistence,sst,1690,0.038994993766148886,0.036667095869779585,0.042873091995716095
rmse,persistence,sst,1700,0.02588062733411789,0.023784242570400238,0.028298837691545488
rmse,persistence,sst,1710,0.011266047693789005,0.010398650169372558,0.012166515551507473
rmse,persistence,sst,1720,0.02437567412853241,0.022580453008413316,0.027603498846292495
rmse,persistence,sst,1730,0.037850112716356916,0.03396918773651123,0.04262178763747215
rmse,persistence,sst,1740,0.04751543700695038,0.04350608214735985,0.05099805891513824
rmse,persistence,sst,1750,0.056672756622234984,0.05417017266154289,0.059487207978963855
rmse,persistence,sst,1760,0.061115455875794096,0.057141663134098054,0.06500644385814666
rmse,persistence,sst,1770,0.06109495212634405,0.05925930812954903,0.0638631448149681
rmse,persistence,sst,1780,0.06045787011583646,0.05794198140501976,0.06306775659322739
rmse,persistence,sst,1790,0.05792529806494713,0.05459517017006874,0.06156367212533951
rmse,persistence,sst,1800,0.05754089032610257,0.05480488762259483,0.060411394387483594
rmse,persistence,sst,1810,0.060198864340782164,0.05757065638899803,0.06284293085336685
rmse,persistence,sst,1820,0.06090771754582723,0.057572568953037265,0.06366908997297287
rmse,persistence,sst,1830,0.060529092947642006,0.05687638372182846,0.06322899162769317
rmse,persistence,sst,1840,0.05869158481558164,0.05572680681943894,0.060857506841421126
rmse,persistence,sst,1850,0.05144241253534953,0.04548007622361183,0.05492214486002922
rmse,persistence,sst,1860,0.04132015282909075,0.036912184208631516,0.04690130427479744
rmse,persistence,sst,1870,0.02934988389412562,0.02604718841612339,0.032480067759752276
rmse,persistence,sst,1880,0.014744423516094684,0.009558031521737575,0.021155786141753195
rmse,persistence,sst,1890,0.024155716722210247,0.021673264726996423,0.026309770718216895
rmse,persistence,sst,1900,0.03763391549388568,0.034968574345111844,0.04177380427718162
rmse,persistence,sst,1910,0.04702959855397542,0.043819126486778257,0.05096184015274048
rmse,persistence,sst,1920,0.05618391633033752,0.0533448725938797,0.058601686358451845
rmse,persistence,sst,1930,0.061192819972833,0.0565273329615593,0.06461853981018066
rmse,persistence,sst,1940,0.061252293487389885,0.0577548660337925,0.06391484588384629
rmse,persistence,sst,1950,0.06056783745686213,0.05832180231809616,0.06385747939348221
rmse,persistence,sst,1960,0.05793558855851491,0.053810612112283704,0.06224345937371254
rmse,persistence,sst,1970,0.056877481192350386,0.05425193756818771,0.06045535355806351
rmse,persistence,sst,1980,0.05920417830348015,0.05665823370218277,0.062483041733503344
rmse,persistence,sst,1990,0.0600896954536438,0.05764656290411949,0.06201302632689476
rmse,persistence,sst,2000,0.05954834868510564,0.05638449937105179,0.06244913339614868
acc,selected,surface_u,0,1.0,1.0,1.0
acc,selected,surface_u,10,0.9914782325426738,0.9892234086990357,0.9934147357940674
acc,selected,surface_u,20,0.9850289861361186,0.9813850045204162,0.991104006767273
acc,selected,surface_u,30,0.9791138092676799,0.9722966909408569,0.9873757719993591
acc,selected,surface_u,40,0.9701411088307699,0.9593469500541687,0.9832579374313355
acc,selected,surface_u,50,0.9599720954895019,0.9372938275337219,0.9770042657852173
acc,selected,surface_u,60,0.9529190023740133,0.9307048916816711,0.9728900551795959
acc,selected,surface_u,70,0.941692300637563,0.9200878620147706,0.9636139512062073
acc,selected,surface_u,80,0.930422572294871,0.908053994178772,0.9524437069892884
acc,selected,surface_u,90,0.9243332505226135,0.9019209265708923,0.9604971051216126
acc,selected,surface_u,100,0.9133315364519755,0.8950416564941406,0.9472259759902955
acc,selected,surface_u,110,0.8895439585049947,0.8564047455787659,0.935723626613617
acc,selected,surface_u,120,0.8803759892781575,0.8309294700622558,0.9338812828063965
acc,selected,surface_u,130,0.8782276312510172,0.80337553024292,0.9315868139266967
acc,selected,surface_u,140,0.8588367462158203,0.7457083106040955,0.9220086812973023
acc,selected,surface_u,150,0.8396766940752666,0.7570244789123535,0.9152879595756531
acc,selected,surface_u,160,0.8409730394681295,0.766498327255249,0.9019650936126709
acc,selected,surface_u,170,0.8259078621864319,0.6991189122200012,0.8879093647003173
acc,selected,surface_u,180,0.7996031324068705,0.6812918782234192,0.8785095095634461
acc,selected,surface_u,190,0.7951984484990438,0.7065607666969299,0.8730951189994812
acc,selected,surface_u,200,0.7972108284632365,0.6991053938865661,0.8626729249954224
acc,prior,surface_u,0,1.0,1.0,1.0
acc,prior,surface_u,10,0.9913379987080891,0.9890615224838257,0.9932578682899476
acc,prior,surface_u,20,0.9841432849566142,0.9803853273391724,0.990686571598053
acc,prior,surface_u,30,0.9768946011861165,0.9691025733947753,0.9859513759613037
acc,prior,surface_u,40,0.9662121057510376,0.955635917186737,0.9801120162010193
acc,prior,surface_u,50,0.9543193538983663,0.9307826519012451,0.9725971341133117
acc,prior,surface_u,60,0.9457178513209025,0.9227032542228699,0.9686889171600341
acc,prior,surface_u,70,0.9319329380989074,0.9095993518829346,0.9564914345741272
acc,prior,surface_u,80,0.9171936670939128,0.8937934398651123,0.9405350685119629
acc,prior,surface_u,90,0.9080313165982564,0.8847579717636108,0.9481900811195374
acc,prior,surface_u,100,0.8946911891301473,0.8725164294242859,0.9296238780021667
acc,prior,surface_u,110,0.865816597143809,0.8401404857635498,0.9107287526130676
acc,prior,surface_u,120,0.851478922367096,0.8113353967666626,0.907468843460083
acc,prior,surface_u,130,0.8470810651779175,0.7900371193885803,0.9026922821998596
acc,prior,surface_u,140,0.824709153175354,0.7164745688438415,0.8857745409011841
acc,prior,surface_u,150,0.7969702959060669,0.7189093828201294,0.8740136027336121
acc,prior,surface_u,160,0.7946762681007385,0.729707658290863,0.8591162443161011
acc,prior,surface_u,170,0.7777041594187418,0.6777613997459412,0.8315323114395141
acc,prior,surface_u,180,0.7449999133745829,0.6519396543502808,0.8200396656990051
acc,prior,surface_u,190,0.7336827198664347,0.6492275118827819,0.8124175310134888
acc,prior,surface_u,200,0.7354028065999348,0.6635199785232544,0.8002633452415466
acc,selected,surface_v,0,1.0,1.0,1.0
acc,selected,surface_v,10,0.9701813101768494,0.9513098001480103,0.9791698455810547
acc,selected,surface_v,20,0.9548966566721598,0.9429106473922729,0.9681280136108399
acc,selected,surface_v,30,0.9535729090372721,0.9422080159187317,0.9649469375610351
acc,selected,surface_v,40,0.9434370915095012,0.9220716953277588,0.9639915466308594
acc,selected,surface_v,50,0.9378247221310934,0.9185558438301087,0.9594161510467529
acc,selected,surface_v,60,0.9359812378883362,0.9042865872383118,0.9705964207649231
acc,selected,surface_v,70,0.9387353301048279,0.9209429264068604,0.9548444986343384
acc,selected,surface_v,80,0.9277275403340658,0.9095652461051941,0.9418349266052246
acc,selected,surface_v,90,0.9281617085138957,0.8932482361793518,0.9490643262863159
acc,selected,surface_v,100,0.9294829646746318,0.9091573238372803,0.9533482551574707
acc,selected,surface_v,110,0.9217310905456543,0.9020180106163025,0.9416355133056641
acc,selected,surface_v,120,0.9114983836809795,0.8835740804672241,0.9441386103630066
acc,selected,surface_v,130,0.9178342262903849,0.8894857406616211,0.9391221165657043
acc,selected,surface_v,140,0.9132820725440979,0.8897394895553589,0.9276824712753295
acc,selected,surface_v,150,0.8989283680915833,0.8677532076835632,0.9332597374916076
acc,selected,surface_v,160,0.9012332955996195,0.8606055378913879,0.9443860054016113
acc,selected,surface_v,170,0.9050344546635946,0.8848766565322876,0.9318667054176331
acc,selected,surface_v,180,0.8910187005996704,0.8661983966827392,0.93015056848526
acc,selected,surface_v,190,0.8869227210680644,0.8580826401710511,0.9172274112701416
acc,selected,surface_v,200,0.891978899637858,0.8722989439964295,0.9165446996688843
acc,prior,surface_v,0,1.0,1.0,1.0
acc,prior,surface_v,10,0.9681393345197041,0.9472532153129578,0.9790761113166809
acc,prior,surface_v,20,0.953236997127533,0.9410454034805298,0.9677722930908204
acc,prior,surface_v,30,0.9524114886919658,0.9414225578308105,0.9628221273422242
acc,prior,surface_v,40,0.9362427234649658,0.9150338768959045,0.9615470409393311
acc,prior,surface_v,50,0.9329427162806193,0.9141765117645264,0.9545027375221252
acc,prior,surface_v,60,0.9277970314025878,0.8976308941841126,0.95936199426651
acc,prior,surface_v,70,0.9290865898132324,0.9124925017356873,0.9407540082931518
acc,prior,surface_v,80,0.9132847984631857,0.891597592830658,0.9312455654144287
acc,prior,surface_v,90,0.915696938832601,0.8869680643081665,0.9386457681655884
acc,prior,surface_v,100,0.9073957244555155,0.8838645339012146,0.9272438645362854
acc,prior,surface_v,110,0.899416200319926,0.8743484735488891,0.9309686779975891
acc,prior,surface_v,120,0.8876285751660665,0.8517226815223694,0.92739337682724
acc,prior,surface_v,130,0.8915290514628093,0.842231285572052,0.9207784175872803
acc,prior,surface_v,140,0.8865863760312398,0.8598031401634216,0.9048242449760437
acc,prior,surface_v,150,0.8621399561564128,0.8113559365272522,0.9043060064315795
acc,prior,surface_v,160,0.8590618173281351,0.7989875555038453,0.9043550252914428
acc,prior,surface_v,170,0.865880020459493,0.8393260717391968,0.8997220993041992
acc,prior,surface_v,180,0.8475988467534383,0.8084642767906189,0.8865505695343018
acc,prior,surface_v,190,0.8350344737370808,0.778043019771576,0.8718686461448669
acc,prior,surface_v,200,0.8439664999643962,0.826374101638794,0.8729747891426086
acc,selected,phihyd_surface,0,1.0,1.0,1.0
acc,selected,phihyd_surface,10,0.9989624778429668,0.9988055229187012,0.9992813229560852
acc,selected,phihyd_surface,20,0.9984414458274842,0.9981973528861999,0.9989532828330994
acc,selected,phihyd_surface,30,0.9981409629185994,0.9978491187095642,0.9986952066421508
acc,selected,phihyd_surface,40,0.997852373123169,0.997500765323639,0.9983565330505371
acc,selected,phihyd_surface,50,0.9975651939709981,0.9972869038581849,0.9981361985206604
acc,selected,phihyd_surface,60,0.9972474932670593,0.9970706820487976,0.9978983044624329
acc,selected,phihyd_surface,70,0.9969146410624187,0.9967437267303467,0.9975632548332214
acc,selected,phihyd_surface,80,0.9965933760007223,0.9964296579360962,0.9971737861633301
acc,selected,phihyd_surface,90,0.9963311672210693,0.9961028456687927,0.9969377040863037
acc,selected,phihyd_surface,100,0.9959989587465922,0.9949907183647155,0.9965519785881043
acc,selected,phihyd_surface,110,0.9954926371574402,0.994501280784607,0.9961544871330261
acc,selected,phihyd_surface,120,0.9949759165445964,0.9941795468330383,0.9957313060760498
acc,selected,phihyd_surface,130,0.9944033781687419,0.993600606918335,0.9949872374534607
acc,selected,phihyd_surface,140,0.9938014467557271,0.9928230285644531,0.9946453809738159
acc,selected,phihyd_surface,150,0.9931899388631185,0.9916761636734008,0.9942018508911132
acc,selected,phihyd_surface,160,0.9926156044006348,0.9902881622314453,0.9936783671379089
acc,selected,phihyd_surface,170,0.9918471336364746,0.9891905426979065,0.9929519295692444
acc,selected,phihyd_surface,180,0.9909256180127461,0.9883243322372437,0.9922708034515381
acc,selected,phihyd_surface,190,0.9900541027386983,0.9874721050262452,0.9916069865226745
acc,selected,phihyd_surface,200,0.9893524448076884,0.9866721868515015,0.9910532593727112
acc,prior,phihyd_surface,0,1.0,1.0,1.0
acc,prior,phihyd_surface,10,0.9984137852986653,0.9981339931488037,0.9989518880844116
acc,prior,phihyd_surface,20,0.9973236958185832,0.9968747019767761,0.9982447385787964
acc,prior,phihyd_surface,30,0.9965410073598225,0.9960002779960633,0.9976774692535401
acc,prior,phihyd_surface,40,0.9958087762196859,0.9952571749687195,0.997014844417572
acc,prior,phihyd_surface,50,0.9950884421666463,0.9943281054496765,0.9965299487113952
acc,prior,phihyd_surface,60,0.9944447159767151,0.9936302542686463,0.9961151480674744
acc,prior,phihyd_surface,70,0.9937235514322916,0.993067455291748,0.9952152848243714
acc,prior,phihyd_surface,80,0.9929628531138103,0.992466139793396,0.9943331837654114
acc,prior,phihyd_surface,90,0.9923046549161275,0.9918707370758056,0.9936006784439086
acc,prior,phihyd_surface,100,0.9915279388427735,0.9906116843223571,0.992791497707367
acc,prior,phihyd_surface,110,0.9903565049171448,0.9890958786010742,0.9915962219238281
acc,prior,phihyd_surface,120,0.9892215291659038,0.9881305694580078,0.9901313185691833
acc,prior,phihyd_surface,130,0.9881229758262634,0.9868605613708497,0.9889939785003662
acc,prior,phihyd_surface,140,0.9867164532343546,0.9851069211959839,0.9879826545715332
acc,prior,phihyd_surface,150,0.9851596395174662,0.9829439520835876,0.9867735743522644
acc,prior,phihyd_surface,160,0.9837340990702311,0.9806389570236206,0.9855337858200073
acc,prior,phihyd_surface,170,0.9820697625478109,0.9787839174270629,0.9838828563690185
acc,prior,phihyd_surface,180,0.980116585890452,0.9761776208877564,0.9821751117706299
acc,prior,phihyd_surface,190,0.9782691319783529,0.9746140956878662,0.9809480786323548
acc,prior,phihyd_surface,200,0.9766671180725097,0.9728846430778504,0.9790972590446472
acc,selected,sst,0,1.0,1.0,1.0
acc,selected,sst,10,0.9744897007942199,0.9685502767562866,0.9792484283447266
acc,selected,sst,20,0.9536708553632101,0.9456889033317566,0.9638741374015808
acc,selected,sst,30,0.9423243959744771,0.9297909379005432,0.9599020838737488
acc,selected,sst,40,0.9316851496696472,0.9144078850746155,0.950561261177063
acc,selected,sst,50,0.9239665786425273,0.9074380993843079,0.9430999636650086
acc,selected,sst,60,0.9162585377693176,0.8983955383300781,0.937001371383667
acc,selected,sst,70,0.9087897857030233,0.8864502906799316,0.9321126222610474
acc,selected,sst,80,0.900634253025055,0.8719429969787598,0.9227287173271179
acc,selected,sst,90,0.8942855755488078,0.8642922520637513,0.921623694896698
acc,selected,sst,100,0.8900056044260661,0.862975013256073,0.9158346652984619
acc,selected,sst,110,0.8837015469868977,0.8607515931129456,0.9055596113204956
acc,selected,sst,120,0.8756206432978312,0.8514472961425781,0.9005271673202515
acc,selected,sst,130,0.8695991794268291,0.8462014198303223,0.8969894766807556
acc,selected,sst,140,0.8622257669766744,0.8411871194839478,0.8868986964225769
acc,selected,sst,150,0.8506235400835673,0.8333944797515869,0.8697976112365723
acc,selected,sst,160,0.845880385239919,0.8205735325813294,0.8708879709243774
acc,selected,sst,170,0.8408679684003194,0.8246402621269227,0.8694697856903076
acc,selected,sst,180,0.8305744965871175,0.8143858551979065,0.8548978209495545
acc,selected,sst,190,0.819127102692922,0.8010056972503662,0.8476419687271118
acc,selected,sst,200,0.8155109723409016,0.7939220786094665,0.8452033877372742
acc,prior,sst,0,1.0,1.0,1.0
acc,prior,sst,10,0.9732416431109111,0.967834222316742,0.9779131889343262
acc,prior,sst,20,0.9503570238749186,0.9414195060729981,0.9603048443794251
acc,prior,sst,30,0.9358505129814148,0.9219532966613769,0.9525970697402955
acc,prior,sst,40,0.9215362946192424,0.9043426752090454,0.9390461087226868
acc,prior,sst,50,0.9101961374282836,0.8952060222625733,0.9291301846504212
acc,prior,sst,60,0.8994497497876485,0.8819267392158509,0.9226271152496338
acc,prior,sst,70,0.8894231756528218,0.8660796523094177,0.9110257744789123
acc,prior,sst,80,0.8772522489229838,0.8478747844696045,0.8990442633628846
acc,prior,sst,90,0.8668208360671997,0.8375788450241088,0.8926556587219239
acc,prior,sst,100,0.85825142065684,0.8312949299812317,0.8865118265151978
acc,prior,sst,110,0.8463882446289063,0.8264166474342346,0.8725588083267212
acc,prior,sst,120,0.8316136757532756,0.8030246376991272,0.8577017903327941
acc,prior,sst,130,0.8217529495557149,0.7916137456893921,0.8512061715126038
acc,prior,sst,140,0.8098330020904541,0.7793025493621826,0.8363559246063232
acc,prior,sst,150,0.7910313447316487,0.7660107612609863,0.8123565673828125
acc,prior,sst,160,0.7791788697242736,0.748468565940857,0.8013285756111145
acc,prior,sst,170,0.7678284406661987,0.748295533657074,0.7949763774871826
acc,prior,sst,180,0.7500643889109294,0.7334869146347046,0.7719404339790344
acc,prior,sst,190,0.7319701313972473,0.7037882566452026,0.7570433378219604
acc,prior,sst,200,0.7240268031756083,0.6874336719512939,0.7492199778556824
