metric,model_or_method,field,lead_days,mean,p10,p90
rmse,model,surface_speed,0,0.0,0.0,0.0
rmse,model,surface_speed,10,0.0018827807158231734,0.0017187323654070496,0.002021406637504697
rmse,model,surface_speed,20,0.0025234427613516647,0.002079469757154584,0.002775297872722149
rmse,model,surface_speed,30,0.0028322089618692797,0.0025403370149433614,0.0031420593615621327
rmse,model,surface_speed,40,0.003388261717433731,0.0030645159073174,0.0036451973486691714
rmse,model,surface_speed,50,0.003989302491148313,0.00354422340169549,0.0044952439144253726
rmse,model,surface_speed,60,0.004773354033629099,0.004303801525384188,0.005283688381314278
rmse,model,surface_speed,70,0.005645499626795451,0.005162952560931444,0.006062006950378418
rmse,model,surface_speed,80,0.006602415163069963,0.006052666064351797,0.007050160598009825
rmse,model,surface_speed,90,0.007605376870681842,0.00717719541862607,0.007979296706616878
rmse,model,surface_speed,100,0.008521809615194798,0.008161430060863496,0.008907873928546906
rmse,model,surface_speed,110,0.009287781827151776,0.00911095980554819,0.00958111248910427
rmse,model,surface_speed,120,0.010045135766267777,0.009711453691124916,0.01043623946607113
rmse,model,surface_speed,130,0.010713201574981212,0.010220570676028728,0.01116283517330885
rmse,model,surface_speed,140,0.011269163340330124,0.010733500495553017,0.011854301765561103
rmse,model,surface_speed,150,0.011744676406184833,0.011136382818222046,0.012414664030075073
rmse,model,surface_speed,160,0.012129877569774787,0.011472290568053722,0.012633401528000831
rmse,model,surface_speed,170,0.012475611083209515,0.011924456432461738,0.012931842170655728
rmse,model,surface_speed,180,0.012766266552110514,0.012235616706311703,0.013271751254796982
rmse,model,surface_speed,190,0.013033789955079556,0.012527857720851899,0.013399200327694417
rmse,model,surface_speed,200,0.013237361609935761,0.012871398404240609,0.013706133887171745
rmse,model,surface_speed,210,0.013441681737701099,0.013072008080780507,0.013902227580547332
rmse,model,surface_speed,220,0.013656075236697991,0.013194933906197548,0.014093299582600593
rmse,model,surface_speed,230,0.013853185623884202,0.013324582390487194,0.014309434592723847
rmse,model,surface_speed,240,0.014052451339860756,0.013494291342794895,0.014485901594161988
rmse,model,surface_speed,250,0.014260601252317429,0.013614560663700103,0.014716089516878129
rmse,model,surface_speed,260,0.01442259680479765,0.01377206277102232,0.01482570543885231
rmse,model,surface_speed,270,0.014540876572330793,0.013948517665266991,0.014929432980716228
rmse,model,surface_speed,280,0.014672553228835265,0.014082411304116249,0.01507844142615795
rmse,model,surface_speed,290,0.014778637265165647,0.014108012616634368,0.015193480625748634
rmse,model,surface_speed,300,0.014837273210287095,0.014225000143051147,0.015308882109820843
rmse,model,surface_speed,310,0.01489460151642561,0.014230906404554844,0.015413962677121163
rmse,model,surface_speed,320,0.014916232973337173,0.014250909723341466,0.015494933165609837
rmse,model,surface_speed,330,0.014907702368994554,0.014305266551673412,0.015516889840364456
rmse,model,surface_speed,340,0.01487856221695741,0.014254610240459441,0.01547530721873045
rmse,model,surface_speed,350,0.014822520191470782,0.014211702719330787,0.015385779924690724
rmse,model,surface_speed,360,0.0147910022487243,0.014252864755690098,0.015255345404148102
rmse,model,surface_speed,370,0.014742257321874301,0.014270718023180962,0.015201055817306042
rmse,model,surface_speed,380,0.014704836097856363,0.014223831333220005,0.015158682502806187
rmse,model,surface_speed,390,0.014654425469537576,0.014211895503103733,0.015141782909631729
rmse,model,surface_speed,400,0.014596921267608802,0.01422591470181942,0.015112835727632046
rmse,model,surface_speed,410,0.014564801752567292,0.014225453324615955,0.015071172267198563
rmse,model,surface_speed,420,0.014563592957953612,0.014218523725867271,0.015095554292201996
rmse,model,surface_speed,430,0.014534579465786616,0.014090384729206562,0.014942056499421597
rmse,model,surface_speed,440,0.014482674251000086,0.013980895280838013,0.014906605705618858
rmse,model,surface_speed,450,0.014451997416714827,0.013969860970973969,0.014906605519354344
rmse,model,surface_speed,460,0.01441315480818351,0.013890878856182098,0.015049528144299985
rmse,model,surface_speed,470,0.014366812631487846,0.013784702122211456,0.015226085297763347
rmse,model,surface_speed,480,0.014351684289673964,0.013814743794500827,0.01527598537504673
rmse,model,surface_speed,490,0.014298811989525954,0.013685171492397785,0.015243173390626908
rmse,model,surface_speed,500,0.014246288562814395,0.013527398370206356,0.015262673236429691
rmse,model,surface_speed,510,0.01421657477815946,0.013477616012096405,0.01521518062800169
rmse,model,surface_speed,520,0.014190862700343133,0.013379869982600212,0.015281119383871555
rmse,model,surface_speed,530,0.014207236282527447,0.013226720504462719,0.015352415107190608
rmse,model,surface_speed,540,0.014213276095688343,0.013209883868694306,0.015374430641531944
rmse,model,surface_speed,550,0.01421769019216299,0.01324951946735382,0.015319464355707168
rmse,model,surface_speed,560,0.01421919980396827,0.013216068595647812,0.015232641994953156
rmse,model,surface_speed,570,0.014211640072365602,0.01329384408891201,0.015129557996988296
rmse,model,surface_speed,580,0.014200309167305629,0.013344736769795418,0.015046651102602481
rmse,model,surface_speed,590,0.014234707628687223,0.013416730798780918,0.015134144946932793
rmse,model,surface_speed,600,0.014253161350886027,0.01345199141651392,0.01519425269216299
rmse,model,surface_speed,610,0.014253134901324908,0.013446964882314205,0.015137433260679244
rmse,model,surface_speed,620,0.014310097942749659,0.01358144748955965,0.015174389630556107
rmse,model,surface_speed,630,0.01434243277957042,0.013590611703693866,0.015034351497888565
rmse,model,surface_speed,640,0.01434829601397117,0.013676200062036514,0.015032370574772358
rmse,model,surface_speed,650,0.014404859021306038,0.013775692507624625,0.015068880282342434
rmse,model,surface_speed,660,0.014416815092166265,0.01379985585808754,0.015038523264229298
rmse,model,surface_speed,670,0.014411728084087371,0.013806849345564842,0.015160411037504673
rmse,model,surface_speed,680,0.014422146044671536,0.013864703848958016,0.015161035396158696
rmse,model,surface_speed,690,0.014412786749502023,0.01382644921541214,0.01515535693615675
rmse,model,surface_speed,700,0.014428428374230862,0.013891880214214326,0.015177624672651291
rmse,model,surface_speed,710,0.014449826627969741,0.013974550552666188,0.015113075263798237
rmse,model,surface_speed,720,0.014462357759475708,0.01395606342703104,0.015080324932932853
rmse,model,surface_speed,730,0.014480334892868995,0.014020226895809174,0.015047732554376126
rmse,model,surface_speed,740,0.014502166397869587,0.014045746065676212,0.014972383715212345
rmse,model,surface_speed,750,0.014505100746949514,0.013879522681236267,0.015066672861576081
rmse,model,surface_speed,760,0.014543782360851765,0.013960545882582664,0.014950261451303959
rmse,model,surface_speed,770,0.014580181489388147,0.014023219421505927,0.014988148771226405
rmse,model,surface_speed,780,0.014574101443092029,0.014084787294268607,0.014988750778138637
rmse,model,surface_speed,790,0.01460896252344052,0.01425056830048561,0.014900181256234647
rmse,model,surface_speed,800,0.014633036529024443,0.014307386614382267,0.01498914286494255
rmse,model,surface_speed,810,0.014620467958350977,0.014271879941225052,0.015012571215629577
rmse,model,surface_speed,820,0.014645493278900782,0.014284242875874043,0.014993678405880928
rmse,model,surface_speed,830,0.014643467279771965,0.014196413382887841,0.01504051648080349
rmse,model,surface_speed,840,0.014628627585868042,0.01402579788118601,0.01510893516242504
rmse,model,surface_speed,850,0.014618262276053428,0.01392263863235712,0.015223421715199947
rmse,model,surface_speed,860,0.014601625440021356,0.013888887129724026,0.015248626284301282
rmse,model,surface_speed,870,0.014586418122053146,0.013998606614768505,0.015238728001713752
rmse,model,surface_speed,880,0.014566526748239994,0.013985198736190797,0.015233499184250831
rmse,model,surface_speed,890,0.014559301175177097,0.01395281832665205,0.015189721435308456
rmse,model,surface_speed,900,0.014537092049916584,0.014092964865267277,0.015122800506651402
rmse,model,surface_speed,910,0.014518466840187708,0.014062619768083096,0.015123148448765278
rmse,model,surface_speed,920,0.014499033925433953,0.013997821137309074,0.015069897845387458
rmse,model,surface_speed,930,0.014492421473066012,0.014026706106960773,0.01502962838858366
rmse,model,surface_speed,940,0.014509273258348306,0.014135283790528775,0.014989833533763885
rmse,model,surface_speed,950,0.014505780364076296,0.014203984662890435,0.014941912144422531
rmse,model,surface_speed,960,0.014524037142594655,0.014173014648258686,0.014937367662787438
rmse,model,surface_speed,970,0.014543884868423144,0.014202524349093438,0.014965624362230302
rmse,model,surface_speed,980,0.014538520636657873,0.014159530773758889,0.014906059205532073
rmse,model,surface_speed,990,0.01454920917749405,0.014036290720105172,0.014990439265966415
rmse,model,surface_speed,1000,0.014558206126093865,0.013945870846509934,0.014978148974478245
rmse,model,surface_speed,1010,0.014561190331975619,0.013937340304255485,0.014991134963929653
rmse,model,surface_speed,1020,0.014545728949209054,0.013771877065300942,0.014983818493783474
rmse,model,surface_speed,1030,0.014555529380838076,0.013781502097845077,0.015139582008123398
rmse,model,surface_speed,1040,0.014572201979657013,0.013796661049127579,0.015137103386223316
rmse,model,surface_speed,1050,0.014562844298779964,0.013808630034327507,0.01515040583908558
rmse,model,surface_speed,1060,0.01458033708234628,0.013749711029231549,0.015172096155583858
rmse,model,surface_speed,1070,0.01458554125080506,0.013796939142048359,0.01518003586679697
rmse,model,surface_speed,1080,0.014572642991940181,0.013768750242888927,0.015281116217374801
rmse,model,surface_speed,1090,0.01457394907871882,0.013672370091080665,0.015433179400861263
rmse,model,surface_speed,1100,0.014596885877350967,0.013795564882457256,0.015472803264856339
rmse,model,surface_speed,1110,0.014633873415489992,0.013961186446249486,0.015500204637646675
rmse,model,surface_speed,1120,0.014667929460604986,0.013993365876376628,0.015423929877579212
rmse,model,surface_speed,1130,0.014726690761744977,0.014054077304899692,0.015323127806186675
rmse,model,surface_speed,1140,0.014776784181594848,0.01407589577138424,0.015337013266980648
rmse,model,surface_speed,1150,0.014810099638998509,0.014055381901562214,0.01540725789964199
rmse,model,surface_speed,1160,0.014835067031284174,0.014014115557074547,0.015425745770335198
rmse,model,surface_speed,1170,0.014848085306584834,0.014047340862452984,0.015456258878111839
rmse,model,surface_speed,1180,0.014860752038657665,0.014173675887286663,0.015430227294564247
rmse,model,surface_speed,1190,0.014817097845176855,0.014040687493979931,0.015441064164042473
rmse,model,surface_speed,1200,0.014784843474626542,0.013958150520920753,0.01544839572161436
rmse,model,surface_speed,1210,0.01477168674270312,0.014137874357402325,0.015417902544140816
rmse,model,surface_speed,1220,0.01471713005254666,0.014033089019358158,0.015388686396181583
rmse,model,surface_speed,1230,0.01468146995951732,0.013978894799947739,0.015411176159977913
rmse,model,surface_speed,1240,0.014662105031311512,0.014140607789158821,0.015291443653404712
rmse,model,surface_speed,1250,0.01460876918087403,0.014047902822494508,0.015317428670823575
rmse,model,surface_speed,1260,0.014565059170126914,0.014027642458677292,0.015357905067503452
rmse,model,surface_speed,1270,0.014564271830022336,0.014021424762904643,0.015318182110786439
rmse,model,surface_speed,1280,0.014578032679855824,0.014069827459752559,0.01515687070786953
rmse,model,surface_speed,1290,0.014596676205595334,0.014064157009124756,0.01506866216659546
rmse,model,surface_speed,1300,0.014637967012822628,0.014068200625479222,0.015095332451164723
rmse,model,surface_speed,1310,0.014673840378721555,0.014156981185078622,0.015126359649002552
rmse,model,surface_speed,1320,0.014716213941574097,0.01421525739133358,0.015326465480029583
rmse,model,surface_speed,1330,0.014760395884513855,0.014208073168992997,0.01543468665331602
rmse,model,surface_speed,1340,0.01479875184595585,0.014359382912516594,0.015525372698903084
rmse,model,surface_speed,1350,0.014850360962251822,0.014404343254864217,0.015792856365442275
rmse,model,surface_speed,1360,0.01483198037991921,0.014300982654094695,0.01589275486767292
rmse,model,surface_speed,1370,0.01481276744355758,0.01425010096281767,0.015788564831018446
rmse,model,surface_speed,1380,0.014815355837345123,0.014350473321974278,0.015693395957350732
rmse,model,surface_speed,1390,0.014785982047518095,0.014304502867162228,0.015584217011928558
rmse,model,surface_speed,1400,0.014753331989049911,0.014241919852793217,0.015493187680840492
rmse,model,surface_speed,1410,0.014742495181659857,0.01423768475651741,0.015387143567204475
rmse,model,surface_speed,1420,0.014696116310854752,0.01411341056227684,0.01521900501102209
rmse,model,surface_speed,1430,0.014653339609503746,0.014049096405506134,0.01521809007972479
rmse,model,surface_speed,1440,0.014649351313710212,0.014002616703510284,0.015151526033878326
rmse,model,surface_speed,1450,0.014633028209209442,0.01402630191296339,0.015044249966740609
rmse,model,surface_speed,1460,0.014617438179751236,0.01405226942151785,0.015164507739245891
rmse,model,surface_speed,1470,0.014624874480068684,0.014066734723746777,0.015188936702907085
rmse,model,surface_speed,1480,0.01461735690633456,0.014062798023223877,0.015093187242746353
rmse,model,surface_speed,1490,0.01462034856279691,0.014098059013485908,0.015068183839321136
rmse,model,surface_speed,1500,0.014641206959883373,0.014074292033910751,0.01500450111925602
rmse,model,surface_speed,1510,0.014658358320593834,0.01414962373673916,0.015047579817473889
rmse,model,surface_speed,1520,0.014697794057428836,0.014225429110229015,0.015122922882437707
rmse,model,surface_speed,1530,0.01470218151807785,0.0142282010987401,0.015122233331203461
rmse,model,surface_speed,1540,0.014709153585135937,0.014201724715530873,0.015154636092483997
rmse,model,surface_speed,1550,0.014733286201953888,0.014191568270325661,0.015168052166700363
rmse,model,surface_speed,1560,0.014737728610634803,0.014100066386163235,0.01537482962012291
rmse,model,surface_speed,1570,0.01471948449810346,0.014163309521973134,0.01533553320914507
rmse,model,surface_speed,1580,0.014727081047991912,0.01424988340586424,0.015262803062796593
rmse,model,surface_speed,1590,0.0146908238530159,0.014191472344100476,0.015261494368314744
rmse,model,surface_speed,1600,0.01463831625878811,0.014170433022081852,0.015171174891293049
rmse,model,surface_speed,1610,0.014629663713276387,0.01419318076223135,0.01518543753772974
rmse,model,surface_speed,1620,0.014605073754986127,0.014088303409516811,0.01512942798435688
rmse,model,surface_speed,1630,0.01457339320331812,0.01414167582988739,0.015167356468737125
rmse,model,surface_speed,1640,0.014575517239669959,0.014201479405164719,0.015135735273361206
rmse,model,surface_speed,1650,0.014557110828657944,0.014083869755268097,0.015139582753181457
rmse,model,surface_speed,1660,0.014530915891130765,0.01404927931725979,0.015121592022478581
rmse,model,surface_speed,1670,0.014534970993796985,0.014127018675208092,0.015048846788704395
rmse,model,surface_speed,1680,0.014544017178316911,0.014120851084589959,0.014998232387006283
rmse,model,surface_speed,1690,0.014558978192508221,0.014056321978569031,0.015056922286748885
rmse,model,surface_speed,1700,0.01455555073916912,0.013980372250080109,0.015080568194389344
rmse,model,surface_speed,1710,0.014557824283838273,0.014000480808317662,0.015051798336207867
rmse,model,surface_speed,1720,0.014587255877753098,0.013935752585530281,0.015174979902803898
rmse,model,surface_speed,1730,0.014622700462738673,0.01391028668731451,0.015276500955224037
rmse,model,surface_speed,1740,0.014621689481039842,0.013922195509076118,0.015318578295409679
rmse,model,surface_speed,1750,0.014640829277535279,0.014017450995743275,0.015361435897648334
rmse,model,surface_speed,1760,0.014621149996916454,0.013927666656672954,0.015389690175652504
rmse,model,surface_speed,1770,0.014583473155895869,0.013895517960190774,0.015266873314976693
rmse,model,surface_speed,1780,0.014592525052527587,0.013984231092035771,0.015187001042068004
rmse,model,surface_speed,1790,0.01460156167546908,0.013878842443227768,0.01526078823953867
rmse,model,surface_speed,1800,0.014583492216964563,0.013830251432955265,0.015413024462759495
rmse,model,surface_speed,1810,0.014605110697448253,0.014007054828107357,0.015392233058810234
rmse,model,surface_speed,1820,0.01463672456641992,0.013928499445319176,0.015357618406414985
rmse,model,surface_speed,1830,0.014631863062580427,0.01386323869228363,0.0153858857229352
rmse,model,surface_speed,1840,0.014639687600235145,0.013941747881472111,0.0154402868822217
rmse,model,surface_speed,1850,0.014667787092427413,0.013904773071408272,0.015424337424337863
rmse,model,surface_speed,1860,0.014671721309423447,0.013858991116285324,0.015423952043056488
rmse,model,surface_speed,1870,0.014655087205270926,0.013887483440339566,0.015482551604509353
rmse,model,surface_speed,1880,0.014640339401861031,0.013757219351828099,0.01551060564815998
rmse,model,surface_speed,1890,0.014639280053476493,0.013780693896114827,0.015490924194455146
rmse,model,surface_speed,1900,0.014655555039644242,0.013798399455845356,0.015477325022220611
rmse,model,surface_speed,1910,0.014639060447613398,0.013733364455401898,0.015372176095843315
rmse,model,surface_speed,1920,0.014655843439201514,0.013766535930335522,0.01530107744038105
rmse,model,surface_speed,1930,0.014651475598414739,0.01375521458685398,0.015288351662456989
rmse,model,surface_speed,1940,0.014622302415470282,0.01367461159825325,0.01530638076364994
rmse,model,surface_speed,1950,0.014643813110888004,0.013712760992348194,0.015265046618878841
rmse,model,surface_speed,1960,0.014695938304066658,0.01377882994711399,0.015312071330845356
rmse,model,surface_speed,1970,0.014698577672243118,0.01380436159670353,0.015505253709852696
rmse,model,surface_speed,1980,0.014716402192910512,0.013787676021456719,0.01567748188972473
rmse,model,surface_speed,1990,0.014764761924743653,0.013857590779662133,0.015826105326414108
rmse,model,surface_speed,2000,0.014750385222335656,0.013868733868002891,0.015962057188153266
rmse,climatology,surface_speed,0,0.0033954898981998364,0.0027918787207454445,0.00389752434566617
rmse,climatology,surface_speed,10,0.0034668739574650925,0.0030271850526332857,0.003942240681499243
rmse,climatology,surface_speed,20,0.0035074455508341392,0.0029918336309492587,0.00436863200739026
rmse,climatology,surface_speed,30,0.0034759498201310636,0.003024546708911657,0.004658483900129795
rmse,climatology,surface_speed,40,0.003502055676653981,0.002897839294746518,0.004888666514307261
rmse,climatology,surface_speed,50,0.003532432159408927,0.002966472739353776,0.004909996595233679
rmse,climatology,surface_speed,60,0.0034939745130638284,0.0029706605710089207,0.004667840618640184
rmse,climatology,surface_speed,70,0.003474932008733352,0.0028296575881540777,0.00455883052200079
rmse,climatology,surface_speed,80,0.003490965502957503,0.0030389972031116485,0.004242264293134212
rmse,climatology,surface_speed,90,0.0033896784608562786,0.0028782528825104237,0.00388410035520792
rmse,climatology,surface_speed,100,0.0033179504331201314,0.0029093541204929354,0.0039775663055479525
rmse,climatology,surface_speed,110,0.0033665262162685394,0.002999371336773038,0.004031009133905172
rmse,climatology,surface_speed,120,0.0034356479067355395,0.0029286411590874195,0.0040211336687207225
rmse,climatology,surface_speed,130,0.0034359915958096583,0.0030081392731517555,0.0038294066209346054
rmse,climatology,surface_speed,140,0.003444012984012564,0.002868756465613842,0.003871730901300907
rmse,climatology,surface_speed,150,0.003487827737505237,0.0030458863358944653,0.0038801884278655053
rmse,climatology,surface_speed,160,0.0034604857054849466,0.0030679598450660704,0.004023695271462202
rmse,climatology,surface_speed,170,0.0034962706733494995,0.00288698012009263,0.00411820188164711
rmse,climatology,surface_speed,180,0.0035273684809605283,0.0029927135910838842,0.004329511523246765
rmse,climatology,surface_speed,190,0.003567487094551325,0.0030097540002316236,0.004116017557680607
rmse,climatology,surface_speed,200,0.0035114748403429984,0.0029399384278804065,0.004124777298420668
rmse,climatology,surface_speed,210,0.0035614587056140103,0.002936993958428502,0.004434080421924591
rmse,climatology,surface_speed,220,0.003602910212551554,0.002878150064498186,0.0047729677520692345
rmse,climatology,surface_speed,230,0.003633251056695978,0.002964925393462181,0.004771346505731344
rmse,climatology,surface_speed,240,0.0036938192478070658,0.0029327154625207186,0.005034111440181732
rmse,climatology,surface_speed,250,0.0037467705085873606,0.003015265706926584,0.005174400843679905
rmse,climatology,surface_speed,260,0.003679828190555175,0.002873856667429209,0.00492402222007513
rmse,climatology,surface_speed,270,0.0035810903646051884,0.0028975806664675472,0.004708244837820529
rmse,climatology,surface_speed,280,0.0036032873671501876,0.002976549742743373,0.004598866961896419
rmse,climatology,surface_speed,290,0.0036572308590014776,0.0029690983239561318,0.004339236486703158
rmse,climatology,surface_speed,300,0.0036335818624744815,0.00314425197429955,0.004105041921138764
rmse,climatology,surface_speed,310,0.0036246126051992177,0.003014674037694931,0.004399604722857475
rmse,climatology,surface_speed,320,0.0036288870343317587,0.0031702523585408924,0.004596541263163089
rmse,climatology,surface_speed,330,0.0035781698301434518,0.0031105633825063705,0.00457151560112834
rmse,climatology,surface_speed,340,0.003585081345712145,0.0031708912458270786,0.004283440485596657
rmse,climatology,surface_speed,350,0.003535271156579256,0.003103206492960453,0.004065363761037588
rmse,climatology,surface_speed,360,0.0035134110910197097,0.0029705676715821028,0.003989473730325699
rmse,climatology,surface_speed,370,0.0033792157502224047,0.002955552330240607,0.003831999562680721
rmse,climatology,surface_speed,380,0.003371882593880097,0.003064694441854954,0.003630109503865242
rmse,climatology,surface_speed,390,0.003346522447342674,0.0029068277683109043,0.0038779578171670437
rmse,climatology,surface_speed,400,0.0033251641939083735,0.0028527666814625262,0.003951703943312168
rmse,climatology,surface_speed,410,0.003368244708205263,0.002903015445917845,0.0038128361105918885
rmse,climatology,surface_speed,420,0.0034401246967415014,0.0030406360048800705,0.0038047559559345246
rmse,climatology,surface_speed,430,0.003422937790552775,0.002935165911912918,0.0038754411973059176
rmse,climatology,surface_speed,440,0.003365456545725465,0.0030136479064822195,0.003936752676963806
rmse,climatology,surface_speed,450,0.0034244208751867213,0.0028788238298147915,0.003941970039159059
rmse,climatology,surface_speed,460,0.003499841938416163,0.002912422176450491,0.004198596160858869
rmse,climatology,surface_speed,470,0.003502926276996732,0.003059978736564517,0.004216747265309095
rmse,climatology,surface_speed,480,0.003522990209360917,0.0029008346144109966,0.003987901471555233
rmse,climatology,surface_speed,490,0.003560201559836666,0.0031097746919840573,0.004039861727505922
rmse,climatology,surface_speed,500,0.0035560539768387874,0.0028534929268062116,0.004224724974483251
rmse,climatology,surface_speed,510,0.003608547120044629,0.003058172995224595,0.004587673116475344
rmse,climatology,surface_speed,520,0.0036663770209997893,0.0032011411152780057,0.004580445401370525
rmse,climatology,surface_speed,530,0.0037564510479569436,0.0032537091989070176,0.004935831390321254
rmse,climatology,surface_speed,540,0.0036738066157946986,0.003069631475955248,0.005018468294292688
rmse,climatology,surface_speed,550,0.003680452797561884,0.002906015468761325,0.0050532610155642034
rmse,climatology,surface_speed,560,0.0036518567241728304,0.003109700605273247,0.00489680515602231
rmse,climatology,surface_speed,570,0.0035924360000838835,0.0031995571218430994,0.004530951008200645
rmse,climatology,surface_speed,580,0.003562205114091436,0.0028540401719510554,0.004180461447685957
rmse,climatology,surface_speed,590,0.0035823808051645757,0.003130749659612775,0.00422472907230258
rmse,climatology,surface_speed,600,0.003569420939311385,0.0031401023268699648,0.004067892488092184
rmse,climatology,surface_speed,610,0.0035044541116803886,0.0029966115020215512,0.0040722288191318515
rmse,climatology,surface_speed,620,0.003575342505549391,0.002940833428874612,0.004318566806614399
rmse,climatology,surface_speed,630,0.0037161578424274922,0.003146368870511651,0.004405703116208315
rmse,climatology,surface_speed,640,0.0037527378803739945,0.003042607894167304,0.004883205704391003
rmse,climatology,surface_speed,650,0.003800419516240557,0.0029332416597753763,0.005465649534016847
rmse,climatology,surface_speed,660,0.0038403588347136973,0.0030537490267306565,0.005883226450532675
rmse,climatology,surface_speed,670,0.0038567734882235527,0.0029744147323071957,0.006085625384002924
rmse,climatology,surface_speed,680,0.0038479113796104987,0.002913953736424446,0.0061522706411778925
rmse,climatology,surface_speed,690,0.003849097015336156,0.0029649296309798958,0.0060153348371386525
rmse,climatology,surface_speed,700,0.003884270026658972,0.0031915354076772927,0.0057537853717803955
rmse,climatology,surface_speed,710,0.003762137486288945,0.0030790972523391247,0.0054016543552279465
rmse,climatology,surface_speed,720,0.0037253574623415868,0.0029082351829856634,0.005242110695689917
rmse,climatology,surface_speed,730,0.003696978200847904,0.0030195435974746943,0.004863444436341524
rmse,climatology,surface_speed,740,0.0036812208282450834,0.003061389969661832,0.00468049943447113
rmse,climatology,surface_speed,750,0.003688833738366763,0.0030502339359372854,0.004890497494488955
rmse,climatology,surface_speed,760,0.003728675826763113,0.003145549073815346,0.004512606281787157
rmse,climatology,surface_speed,770,0.0037421755958348514,0.0030579096637666225,0.0045462436974048615
rmse,climatology,surface_speed,780,0.0036817832849919798,0.003104314161464572,0.004430038388818502
rmse,climatology,surface_speed,790,0.003740129837145408,0.002972320932894945,0.004469246510416269
rmse,climatology,surface_speed,800,0.00386471056068937,0.003252508584409952,0.005071834754198789
rmse,climatology,surface_speed,810,0.003897750470787287,0.003166977968066931,0.005355113744735717
rmse,climatology,surface_speed,820,0.003952176744739215,0.00325283738784492,0.005298586841672659
rmse,climatology,surface_speed,830,0.003996181348338723,0.0031035350635647773,0.005401504598557949
rmse,climatology,surface_speed,840,0.004060718898350994,0.003171329014003277,0.0056158947758376595
rmse,climatology,surface_speed,850,0.004091357191403707,0.0031373842619359495,0.005909959599375725
rmse,climatology,surface_speed,860,0.004134934131676952,0.0031267673708498477,0.006096226535737514
rmse,climatology,surface_speed,870,0.004212558517853419,0.0031897721346467733,0.006316740904003382
rmse,climatology,surface_speed,880,0.004136524070054293,0.0030680765863507985,0.006249377224594355
rmse,climatology,surface_speed,890,0.004132163741936286,0.0032259463798254727,0.006206955667585134
rmse,climatology,surface_speed,900,0.004107336436087887,0.003056502528488636,0.005957242660224437
rmse,climatology,surface_speed,910,0.00406968182263275,0.002908617863431573,0.005946398247033358
rmse,climatology,surface_speed,920,0.004073257138952613,0.002982842829078436,0.005796445067971945
rmse,climatology,surface_speed,930,0.004062300190950433,0.00305658932775259,0.005556839425116777
rmse,climatology,surface_speed,940,0.0040344680969913805,0.00296991067007184,0.005736501421779394
rmse,climatology,surface_speed,950,0.003899647512783607,0.00293225753121078,0.005620975233614444
rmse,climatology,surface_speed,960,0.003864198084920645,0.0029918364714831116,0.005496049299836159
rmse,climatology,surface_speed,970,0.003881442251925667,0.0030889452900737524,0.005252687726169824
rmse,climatology,surface_speed,980,0.0038334008771926165,0.003054782887920737,0.005003398749977349
rmse,climatology,surface_speed,990,0.0038048434536904095,0.0032210673205554487,0.00471127675846219
rmse,climatology,surface_speed,1000,0.003747289984797438,0.0032196817453950645,0.004432488046586513
rmse,climatology,surface_speed,1010,0.0037237314662585657,0.0031412474811077116,0.004594029858708382
rmse,climatology,surface_speed,1020,0.0036813185550272466,0.003187233582139015,0.004475174285471439
rmse,climatology,surface_speed,1030,0.0037012656684964895,0.00328354611992836,0.004409996140748262
rmse,climatology,surface_speed,1040,0.0037355775634447734,0.0031876508612185715,0.004392175562679767
rmse,climatology,surface_speed,1050,0.0036649891020109258,0.0030050438828766344,0.004185005556792021
rmse,climatology,surface_speed,1060,0.0036733644704024,0.0030646170023828747,0.004233774077147245
rmse,climatology,surface_speed,1070,0.0036940278795858225,0.0032321013975888492,0.004339433182030916
rmse,climatology,surface_speed,1080,0.003716180892661214,0.0029287029057741163,0.004656353406608104
rmse,climatology,surface_speed,1090,0.0037516873329877854,0.003099728375673294,0.005161856394261121
rmse,climatology,surface_speed,1100,0.003802479648341735,0.0030079011805355547,0.005251052230596542
rmse,climatology,surface_speed,1110,0.0038645341371496516,0.0031108543742448093,0.005233979597687721
rmse,climatology,surface_speed,1120,0.003806670910368363,0.002990270499140024,0.005058208014816046
rmse,climatology,surface_speed,1130,0.0038514476890365284,0.0028639216907322407,0.0052816177718341345
rmse,climatology,surface_speed,1140,0.0039701710144678755,0.0030712745152413844,0.005749721266329288
rmse,climatology,surface_speed,1150,0.004018589699019988,0.002974661672487855,0.00600770590826869
rmse,climatology,surface_speed,1160,0.004039737908169627,0.0030249539297074078,0.006164499651640653
rmse,climatology,surface_speed,1170,0.004027329990640283,0.0029665690381079912,0.00629928782582283
rmse,climatology,surface_speed,1180,0.004035082211097081,0.0030238123144954443,0.006224111188203096
rmse,climatology,surface_speed,1190,0.003936638170853257,0.003022493189200759,0.006042469665408135
rmse,climatology,surface_speed,1200,0.0039171076379716395,0.00308756772428751,0.00586879849433899
rmse,climatology,surface_speed,1210,0.0038995357075085244,0.003145337849855423,0.005618814937770366
rmse,climatology,surface_speed,1220,0.003770975799610217,0.0031923421658575533,0.0052391583099961276
rmse,climatology,surface_speed,1230,0.003669424494728446,0.0029819301795214414,0.00484683969989419
rmse,climatology,surface_speed,1240,0.0036155518610030413,0.0030558685306459666,0.0046060275286436084
rmse,climatology,surface_speed,1250,0.0035786551889032125,0.003108280524611473,0.004420423973351717
rmse,climatology,surface_speed,1260,0.0035245636322846015,0.0030120075680315495,0.004162268992513418
rmse,climatology,surface_speed,1270,0.003521616027380029,0.0028815420344471933,0.004064058884978294
rmse,climatology,surface_speed,1280,0.0035772169940173626,0.0032298489939421417,0.00398216163739562
rmse,climatology,surface_speed,1290,0.0035129141993820666,0.003065488999709487,0.003975858259946108
rmse,climatology,surface_speed,1300,0.0035318281346311173,0.002882026368752122,0.004219912644475699
rmse,climatology,surface_speed,1310,0.0036489835940301417,0.0030843439511954785,0.00430176667869091
rmse,climatology,surface_speed,1320,0.0037333490792661904,0.003048936603590846,0.004550679307430983
rmse,climatology,surface_speed,1330,0.0037652300981183846,0.0029744090512394904,0.005148153938353061
rmse,climatology,surface_speed,1340,0.0037733921936402718,0.0029288067016750574,0.005523985810577869
rmse,climatology,surface_speed,1350,0.0038213337461153666,0.003036598954349756,0.0057086762972176075
rmse,climatology,surface_speed,1360,0.0037647837307304144,0.0030902020633220674,0.005794021766632795
rmse,climatology,surface_speed,1370,0.003780471362794439,0.002856158325448632,0.00565881310030818
rmse,climatology,surface_speed,1380,0.0037922197952866554,0.003118705516681075,0.0053282868117094035
rmse,climatology,surface_speed,1390,0.0037210296218593915,0.0031329745426774023,0.0049521752633154385
rmse,climatology,surface_speed,1400,0.003631842245037357,0.0031121785286813974,0.0047037614509463305
rmse,climatology,surface_speed,1410,0.0035986500636984906,0.0030531135853379965,0.00460967468097806
rmse,climatology,surface_speed,1420,0.003600096811229984,0.0030197945423424246,0.00436820238828659
rmse,climatology,surface_speed,1430,0.0035899119606862466,0.003043551417067647,0.004483937192708253
rmse,climatology,surface_speed,1440,0.003613335344319542,0.0030042209662497045,0.00414132010191679
rmse,climatology,surface_speed,1450,0.003687690043201049,0.003198780585080385,0.004164495039731264
rmse,climatology,surface_speed,1460,0.0036369814071804283,0.0030850404873490334,0.0043089528568089
rmse,climatology,surface_speed,1470,0.0036297443633278212,0.0030418909154832363,0.004280210379511117
rmse,climatology,surface_speed,1480,0.003729514917358756,0.003129466064274311,0.004611101932823658
rmse,climatology,surface_speed,1490,0.003802792184675733,0.0032631273847073317,0.005034720338881016
rmse,climatology,surface_speed,1500,0.003829063925271233,0.0032057699747383593,0.004924829769879579
rmse,climatology,surface_speed,1510,0.003852959116920829,0.0031431995797902347,0.004934776201844215
rmse,climatology,surface_speed,1520,0.003923965711146593,0.0031832211650907995,0.005257919058203697
rmse,climatology,surface_speed,1530,0.003938445495441556,0.003199722757562995,0.005472345557063818
rmse,climatology,surface_speed,1540,0.004010725471501549,0.0031352216843515634,0.005733078345656395
rmse,climatology,surface_speed,1550,0.004053064171845714,0.0031722776126116513,0.006025773379951716
rmse,climatology,surface_speed,1560,0.004050106462091208,0.0030632336158305405,0.005979518871754408
rmse,climatology,surface_speed,1570,0.003978381042058269,0.0030295141506940125,0.005823078285902739
rmse,climatology,surface_speed,1580,0.003966993512585759,0.0031448762398213147,0.005541250016540288
rmse,climatology,surface_speed,1590,0.003931667159001033,0.0028812482487410307,0.005477875377982855
rmse,climatology,surface_speed,1600,0.003880598784113924,0.0029946144204586744,0.00529420617967844
rmse,climatology,surface_speed,1610,0.003876434654618303,0.0030169089324772356,0.005078090075403452
rmse,climatology,surface_speed,1620,0.003899237792938948,0.0030707665253430607,0.00534271840006113
rmse,climatology,surface_speed,1630,0.003802505306278666,0.0029580438509583472,0.005299909971654414
rmse,climatology,surface_speed,1640,0.0037188900945087275,0.0029727625194936992,0.005061272624880075
rmse,climatology,surface_speed,1650,0.003727529942989349,0.0030509117525070904,0.004884317982941866
rmse,climatology,surface_speed,1660,0.0037311031793554623,0.0029926454182714226,0.004654106404632329
rmse,climatology,surface_speed,1670,0.0036841622553765775,0.0032080738805234433,0.004397938493639231
rmse,climatology,surface_speed,1680,0.0036309046515574056,0.003273313958197832,0.004088099393993616
rmse,climatology,surface_speed,1690,0.0036138953175395725,0.003218906419351697,0.004173980746418238
rmse,climatology,surface_speed,1700,0.0035494459172089893,0.0031584691256284713,0.004349592607468367
rmse,climatology,surface_speed,1710,0.0035946427068362635,0.003265575412660837,0.004009417537599802
rmse,climatology,surface_speed,1720,0.003607936405266325,0.003196245152503252,0.004058270342648029
rmse,climatology,surface_speed,1730,0.003634719705830018,0.003164787730202079,0.004028893262147904
rmse,climatology,surface_speed,1740,0.0035764979353795447,0.0030992606189101934,0.004074251465499401
rmse,climatology,surface_speed,1750,0.0036259376754363376,0.0031552222557365895,0.004177907668054103
rmse,climatology,surface_speed,1760,0.003645699331536889,0.003081941418349743,0.004354500025510788
rmse,climatology,surface_speed,1770,0.003643178753554821,0.0029573739506304265,0.004810738377273082
rmse,climatology,surface_speed,1780,0.0036812082243462404,0.0029068964067846537,0.004858497902750968
rmse,climatology,surface_speed,1790,0.0037597295672943194,0.0031300746835768224,0.004874111525714397
rmse,climatology,surface_speed,1800,0.0037468135356903075,0.0029883910436183216,0.004741216357797384
rmse,climatology,surface_speed,1810,0.0037201130607475838,0.0029881462920457124,0.004846607055515051
rmse,climatology,surface_speed,1820,0.0038181775094320376,0.0029813865199685096,0.005278866458684205
rmse,climatology,surface_speed,1830,0.0039216405246406795,0.0029840197879821063,0.005584349110722542
rmse,climatology,surface_speed,1840,0.003933616851766904,0.0031416499987244606,0.005788895580917597
rmse,climatology,surface_speed,1850,0.0039280074803779525,0.002911451319232583,0.006031867302954197
rmse,climatology,surface_speed,1860,0.003942071134224534,0.0031630342360585927,0.005911966133862734
rmse,climatology,surface_speed,1870,0.003865373382965724,0.0028583877719938755,0.0057042501866817474
rmse,climatology,surface_speed,1880,0.0038322793940703073,0.003054647333920002,0.005387664679437875
rmse,climatology,surface_speed,1890,0.0037892631875971953,0.0032324505038559435,0.005146351736038923
rmse,climatology,surface_speed,1900,0.0037745572937031586,0.0032704589422792195,0.004810765292495489
rmse,climatology,surface_speed,1910,0.0036434367919961613,0.0030713758897036314,0.004403361584991217
rmse,climatology,surface_speed,1920,0.0036337540795405706,0.002915017865598202,0.004466456733644008
rmse,climatology,surface_speed,1930,0.0036427143185089033,0.003139633405953646,0.004252995178103447
rmse,climatology,surface_speed,1940,0.0036466782602171104,0.00317933214828372,0.004189039953052998
rmse,climatology,surface_speed,1950,0.0036966842599213123,0.002871823124587536,0.004589053709059953
rmse,climatology,surface_speed,1960,0.003797369512418906,0.003168791485950351,0.004747056495398283
rmse,climatology,surface_speed,1970,0.003828466140354673,0.003141238819807768,0.005207721795886755
rmse,climatology,surface_speed,1980,0.0037940117220083875,0.0030247246380895377,0.005606396123766899
rmse,climatology,surface_speed,1990,0.0038364776720603306,0.0030011657625436785,0.0058653044514358045
rmse,climatology,surface_speed,2000,0.003912205450857679,0.003214430855587125,0.0060101734474301335
rmse,persistence,surface_speed,0,0.0,0.0,0.0
rmse,persistence,surface_speed,10,0.0023572532227262855,0.0018963044043630362,0.0027663080487400292
rmse,persistence,surface_speed,20,0.003400436214481791,0.0029766032472252845,0.004053850192576647
rmse,persistence,surface_speed,30,0.00391251506904761,0.0035253064706921577,0.004308911599218845
rmse,persistence,surface_speed,40,0.004639810618634025,0.003953629685565829,0.005117436870932579
rmse,persistence,surface_speed,50,0.005038322228938341,0.004373225476592779,0.005583388730883598
rmse,persistence,surface_speed,60,0.005001902890702088,0.004390926007181406,0.005515665281563997
rmse,persistence,surface_speed,70,0.005037047807127238,0.004310251865535975,0.005785898771136999
rmse,persistence,surface_speed,80,0.005074647969255845,0.004635517112910747,0.00565723879262805
rmse,persistence,surface_speed,90,0.005038200784474612,0.004659904260188341,0.005478307232260704
rmse,persistence,surface_speed,100,0.005005148239433765,0.004520984925329685,0.005603096541017294
rmse,persistence,surface_speed,110,0.005097492535909017,0.0046012021601200105,0.005618757009506226
rmse,persistence,surface_speed,120,0.005242130439728499,0.004708578623831272,0.005810542497783899
rmse,persistence,surface_speed,130,0.00490835647409161,0.004304117057472467,0.0060242117382586
rmse,persistence,surface_speed,140,0.004261675399417678,0.003474553767591715,0.005655288882553578
rmse,persistence,surface_speed,150,0.004050730417172114,0.003170584701001644,0.00537145072594285
rmse,persistence,surface_speed,160,0.0033371809559563795,0.00251683103851974,0.004723521322011947
rmse,persistence,surface_speed,170,0.002038806319857637,0.0008841575472615659,0.003926041163504123
rmse,persistence,surface_speed,180,0.0031738621182739735,0.002033446403220296,0.0045071830041706566
rmse,persistence,surface_speed,190,0.004137167287990451,0.003094263980165124,0.005409853905439376
rmse,persistence,surface_speed,200,0.004568165556217234,0.0035656771622598173,0.0058641361072659486
rmse,persistence,surface_speed,210,0.0052292381413280966,0.0041028596460819244,0.00624394379556179
rmse,persistence,surface_speed,220,0.005647476545224587,0.0045807227492332455,0.006754624005407095
rmse,persistence,surface_speed,230,0.005675594105074803,0.004592994879931212,0.00685798330232501
rmse,persistence,surface_speed,240,0.005739325160781543,0.004475494660437107,0.0068112539127469065
rmse,persistence,surface_speed,250,0.0057803652870158356,0.004724288173019886,0.007133145444095134
rmse,persistence,surface_speed,260,0.005747358128428459,0.0049191095866262914,0.006669763196259737
rmse,persistence,surface_speed,270,0.005653013475239277,0.004880719818174839,0.006477510929107666
rmse,persistence,surface_speed,280,0.005660365987569094,0.004826950561255217,0.0063990683294832705
rmse,persistence,surface_speed,290,0.005760909554859002,0.0051187979988753796,0.006461274251341819
rmse,persistence,surface_speed,300,0.0054432791968186695,0.004798935074359178,0.006298672314733266
rmse,persistence,surface_speed,310,0.004777532971153657,0.0039893138688057665,0.005921192932873964
rmse,persistence,surface_speed,320,0.004472513512397806,0.0035731963347643615,0.005841599870473146
rmse,persistence,surface_speed,330,0.003862670964250962,0.0029170972760766745,0.005194236524403095
rmse,persistence,surface_speed,340,0.0026680357831840714,0.0017475624103099109,0.004302652552723885
rmse,persistence,surface_speed,350,0.0032691159440825382,0.0024613537825644016,0.0044449083507061005
rmse,persistence,surface_speed,360,0.004160525447999438,0.0034341805148869753,0.0050718699581921095
rmse,persistence,surface_speed,370,0.004474535584449768,0.004023437388241291,0.005208440870046615
rmse,persistence,surface_speed,380,0.005054445192217827,0.004561838880181313,0.005511907953768968
rmse,persistence,surface_speed,390,0.0054516919888556005,0.005055133439600468,0.005788940377533436
rmse,persistence,surface_speed,400,0.005460472746441762,0.005090691428631544,0.005887399427592754
rmse,persistence,surface_speed,410,0.005481966957449913,0.004913245514035225,0.005999371502548456
rmse,persistence,surface_speed,420,0.005519127783675988,0.0049271484836936,0.006351049337536096
rmse,persistence,surface_speed,430,0.005508948086450497,0.004878811351954937,0.006269664131104946
rmse,persistence,surface_speed,440,0.005450557234386603,0.004763821419328451,0.006168003287166357
rmse,persistence,surface_speed,450,0.005463121738284826,0.004862395022064448,0.006473447661846876
rmse,persistence,surface_speed,460,0.00557916092996796,0.004863769095391035,0.006686387583613396
rmse,persistence,surface_speed,470,0.005327096239974101,0.004516820423305035,0.006115107983350754
rmse,persistence,surface_speed,480,0.004665089057137569,0.003770272620022297,0.00559046259149909
rmse,persistence,surface_speed,490,0.004341744227955738,0.003203916037455201,0.005298473406583071
rmse,persistence,surface_speed,500,0.003843289986252785,0.002844778401777148,0.004937667306512595
rmse,persistence,surface_speed,510,0.002475308945092062,0.0010739153949543834,0.004671494290232658
rmse,persistence,surface_speed,520,0.0030618602487569053,0.0016359001398086547,0.004929003119468689
rmse,persistence,surface_speed,530,0.004174561301867167,0.002898596553131938,0.0058708351105451586
rmse,persistence,surface_speed,540,0.004551377659663558,0.003627162426710129,0.0064676754176616665
rmse,persistence,surface_speed,550,0.005107116466388106,0.004007698688656092,0.006824563629925251
rmse,persistence,surface_speed,560,0.005499805820484956,0.004485773760825396,0.007001078873872757
rmse,persistence,surface_speed,570,0.005472481312851111,0.004585734847933054,0.006818163860589265
rmse,persistence,surface_speed,580,0.005380578028659026,0.004450063407421112,0.006334721948951483
rmse,persistence,surface_speed,590,0.005325818154960871,0.004542510025203228,0.006327283289283514
rmse,persistence,surface_speed,600,0.005236121608565251,0.004676099121570587,0.006057074014097452
rmse,persistence,surface_speed,610,0.0050830019327501455,0.004402415361255407,0.005687887035310269
rmse,persistence,surface_speed,620,0.00504424221192797,0.0044474158436059955,0.005837712530046701
rmse,persistence,surface_speed,630,0.0051690690529843175,0.00461044954136014,0.00586423184722662
rmse,persistence,surface_speed,640,0.0049473272636532785,0.004380558151751757,0.005597754567861557
rmse,persistence,surface_speed,650,0.004251193627715111,0.0036909297574311494,0.0051086157560348506
rmse,persistence,surface_speed,660,0.003851220058277249,0.003065067669376731,0.004903842788189649
rmse,persistence,surface_speed,670,0.003385084324205915,0.002705602627247572,0.004403636883944273
rmse,persistence,surface_speed,680,0.0017251373191053668,0.00106894513592124,0.0034296130761504165
rmse,persistence,surface_speed,690,0.0020694298359254996,0.0013607382541522383,0.003387904353439807
rmse,persistence,surface_speed,700,0.003471746714785695,0.0027288625948131084,0.004634253215044737
rmse,persistence,surface_speed,710,0.003925676892201106,0.003254587994888425,0.00475514680147171
rmse,persistence,surface_speed,720,0.004550354353462656,0.0038087906781584025,0.005392076261341572
rmse,persistence,surface_speed,730,0.00508300078411897,0.0043534042313694956,0.005909467861056328
rmse,persistence,surface_speed,740,0.005194185518970092,0.004483490716665983,0.005787597689777613
rmse,persistence,surface_speed,750,0.005220996371159951,0.004459600709378719,0.006076911557465791
rmse,persistence,surface_speed,760,0.005301767680794001,0.004441932961344719,0.005885125789791346
rmse,persistence,surface_speed,770,0.005354811530560255,0.004718531016260385,0.00607187207788229
rmse,persistence,surface_speed,780,0.005339317210018635,0.004516999609768391,0.005907412618398666
rmse,persistence,surface_speed,790,0.005396695745488008,0.004457026999443769,0.0062595194205641745
rmse,persistence,surface_speed,800,0.005603102811922629,0.0047970333136618136,0.007041260506957769
rmse,persistence,surface_speed,810,0.005536130505303541,0.004672197811305523,0.0068543291650712485
rmse,persistence,surface_speed,820,0.005010963355501493,0.004037143941968679,0.006309194024652243
rmse,persistence,surface_speed,830,0.004668606941898664,0.003499203361570835,0.006160050164908171
rmse,persistence,surface_speed,840,0.004438312926019232,0.003036916861310601,0.006139111146330833
rmse,persistence,surface_speed,850,0.003425469622015953,0.0016500282799825072,0.005624579917639494
rmse,persistence,surface_speed,860,0.0035220150214930377,0.0016738174017518759,0.005766401998698711
rmse,persistence,surface_speed,870,0.004626492783427238,0.003209978714585304,0.006766205746680498
rmse,persistence,surface_speed,880,0.005035150004550815,0.0037056658416986465,0.007082483731210232
rmse,persistence,surface_speed,890,0.00553062188749512,0.004345502983778715,0.007317334134131669
rmse,persistence,surface_speed,900,0.006005618628114462,0.004838761314749718,0.007548190094530582
rmse,persistence,surface_speed,910,0.006109945351878802,0.004924963228404522,0.007585733849555254
rmse,persistence,surface_speed,920,0.006074961709479491,0.004947314597666263,0.0075631609186530115
rmse,persistence,surface_speed,930,0.006086391893525918,0.004909695591777563,0.007441793102771044
rmse,persistence,surface_speed,940,0.006070409528911113,0.005158701352775097,0.00717618502676487
rmse,persistence,surface_speed,950,0.005959299765527249,0.00498815681785345,0.007159438077360391
rmse,persistence,surface_speed,960,0.005875839572399855,0.004784392658621073,0.007170396577566861
rmse,persistence,surface_speed,970,0.005941695099075635,0.0052096136845648285,0.007243929803371429
rmse,persistence,surface_speed,980,0.00581258883078893,0.005201651249080896,0.006831810716539621
rmse,persistence,surface_speed,990,0.005212103171894948,0.0045581328682601455,0.006122420076280832
rmse,persistence,surface_speed,1000,0.0046851498230050005,0.003915472701191902,0.005813296232372522
rmse,persistence,surface_speed,1010,0.00439526039796571,0.0033681971486657857,0.005336927715688944
rmse,persistence,surface_speed,1020,0.003335756730909149,0.002425759844481945,0.004645003285259008
rmse,persistence,surface_speed,1030,0.003067122904273371,0.0021204645279794933,0.004468601569533348
rmse,persistence,surface_speed,1040,0.00416096206754446,0.0032934595365077257,0.00501104686409235
rmse,persistence,surface_speed,1050,0.0046381768149634205,0.0039043800439685582,0.0054437012411654
rmse,persistence,surface_speed,1060,0.005128333251923323,0.0044534155167639256,0.005899022612720728
rmse,persistence,surface_speed,1070,0.00566400724152724,0.004875857848674059,0.006607633363455534
rmse,persistence,surface_speed,1080,0.005856433107207219,0.005266435258090496,0.00676143579185009
rmse,persistence,surface_speed,1090,0.005839476982752482,0.00504232281818986,0.006960815750062466
rmse,persistence,surface_speed,1100,0.005869851137200992,0.004766492825001478,0.00713214110583067
rmse,persistence,surface_speed,1110,0.005892710573971271,0.004946447629481554,0.007171900290995836
rmse,persistence,surface_speed,1120,0.005844780740638574,0.0049082874320447445,0.006918044481426478
rmse,persistence,surface_speed,1130,0.0058275726002951465,0.004739301837980747,0.007537894695997238
rmse,persistence,surface_speed,1140,0.005948313449819883,0.0048128762282431126,0.007864679396152496
rmse,persistence,surface_speed,1150,0.005934796202927828,0.004819305706769228,0.008020449429750443
rmse,persistence,surface_speed,1160,0.005417408204327027,0.004125868156552315,0.00787895154207945
rmse,persistence,surface_speed,1170,0.00487287905998528,0.003428297210484743,0.007547549903392792
rmse,persistence,surface_speed,1180,0.004634454970558485,0.003170232893899083,0.007143471855670214
rmse,persistence,surface_speed,1190,0.003508291121882697,0.0019418489886447788,0.006615527626127005
rmse,persistence,surface_speed,1200,0.0027745178978269298,0.0010628596879541873,0.006167668104171753
rmse,persistence,surface_speed,1210,0.00397006249986589,0.0024467438459396364,0.006332044396549464
rmse,persistence,surface_speed,1220,0.004448531552528342,0.0033753262367099525,0.0064734254963696005
rmse,persistence,surface_speed,1230,0.004818002724399169,0.003870141413062811,0.006468635145574808
rmse,persistence,surface_speed,1240,0.005300628890593847,0.00425739623606205,0.0065472438931465145
rmse,persistence,surface_speed,1250,0.005444886566450199,0.004637944418936968,0.006589002441614866
rmse,persistence,surface_speed,1260,0.005300812485317389,0.004424085188657045,0.006184440851211548
rmse,persistence,surface_speed,1270,0.005244506678233544,0.004343059007078409,0.006119159795343876
rmse,persistence,surface_speed,1280,0.005192808248102665,0.004703289084136486,0.005935985594987869
rmse,persistence,surface_speed,1290,0.0050492895146210985,0.004575928766280412,0.005735097266733646
rmse,persistence,surface_speed,1300,0.004944966019441684,0.004371592588722706,0.005659028328955173
rmse,persistence,surface_speed,1310,0.0050289529996613664,0.004532273951917886,0.005588375963270664
rmse,persistence,surface_speed,1320,0.0050431739538908,0.004572335723787546,0.005450478382408619
rmse,persistence,surface_speed,1330,0.004511839322124918,0.003945218212902546,0.005260591302067041
rmse,persistence,surface_speed,1340,0.0038570433389395475,0.003260200330987573,0.004497291706502438
rmse,persistence,surface_speed,1350,0.00363113172352314,0.0029475053772330282,0.004508997779339552
rmse,persistence,surface_speed,1360,0.002482177596539259,0.0019679486751556395,0.003491976391524076
rmse,persistence,surface_speed,1370,0.0012254978064447641,0.0006563208531588316,0.0025906062684953207
rmse,persistence,surface_speed,1380,0.0029382498158762854,0.002223551087081432,0.003914139233529568
rmse,persistence,surface_speed,1390,0.003715201405187448,0.003082114038988948,0.004479708708822727
rmse,persistence,surface_speed,1400,0.004202533264954885,0.0036734355147928,0.004727709386497736
rmse,persistence,surface_speed,1410,0.004859954491257668,0.004090240597724915,0.0055304613895714285
rmse,persistence,surface_speed,1420,0.005176058287421862,0.004427383281290531,0.0058839056640863415
rmse,persistence,surface_speed,1430,0.005168139996627966,0.004416558332741261,0.005942401476204395
rmse,persistence,surface_speed,1440,0.005245799912760655,0.004315217025578022,0.005944471061229706
rmse,persistence,surface_speed,1450,0.0053238588074843085,0.00466614980250597,0.006139884609729051
rmse,persistence,surface_speed,1460,0.0053221007498602075,0.00460212528705597,0.006088066566735506
rmse,persistence,surface_speed,1470,0.005320866250743469,0.004494857601821422,0.006176459416747093
rmse,persistence,surface_speed,1480,0.005458444977800052,0.004752844013273716,0.006761322170495986
rmse,persistence,surface_speed,1490,0.005586259905248881,0.004788544028997421,0.006795710045844316
rmse,persistence,surface_speed,1500,0.005228083425511916,0.004362311773002147,0.006313096825033426
rmse,persistence,surface_speed,1510,0.004673784909149011,0.0036097405012696982,0.006000296585261821
rmse,persistence,surface_speed,1520,0.004543159669265151,0.0032019917853176594,0.006274563167244195
rmse,persistence,surface_speed,1530,0.0038572998562206823,0.0024644196033477782,0.005624311603605747
rmse,persistence,surface_speed,1540,0.0030665295431390404,0.001171397906728089,0.00517948642373085
rmse,persistence,surface_speed,1550,0.004085352007920543,0.0027279703877866267,0.0061117812991142275
rmse,persistence,surface_speed,1560,0.004779796814545989,0.003477227408438921,0.006726144719868898
rmse,persistence,surface_speed,1570,0.005139179310450951,0.0039255739189684394,0.006801263708621263
rmse,persistence,surface_speed,1580,0.005682322041441997,0.004672287218272686,0.007071584090590477
rmse,persistence,surface_speed,1590,0.005959459207952022,0.005055621452629566,0.00717590507119894
rmse,persistence,surface_speed,1600,0.005892271362245083,0.004831692203879356,0.007122096791863442
rmse,persistence,surface_speed,1610,0.005893979345758756,0.004869590979069471,0.007101035118103027
rmse,persistence,surface_speed,1620,0.005897004591921965,0.004927052836865187,0.006940282322466374
rmse,persistence,surface_speed,1630,0.005824575976779063,0.0050569319166243075,0.00698628993704915
rmse,persistence,surface_speed,1640,0.0057161887797216576,0.004886740725487471,0.006701846979558467
rmse,persistence,surface_speed,1650,0.0057110732421278955,0.00493195578455925,0.006909097637981176
rmse,persistence,surface_speed,1660,0.005763021639237801,0.005200968403369188,0.006718640960752964
rmse,persistence,surface_speed,1670,0.0053711806423962115,0.004885209258645773,0.006098747439682484
rmse,persistence,surface_speed,1680,0.004682545115550359,0.004138033278286457,0.005630040448158979
rmse,persistence,surface_speed,1690,0.004417501902207732,0.0036834918428212404,0.005370434746146202
rmse,persistence,surface_speed,1700,0.003736209279547135,0.0030075446236878635,0.004789955355226994
rmse,persistence,surface_speed,1710,0.002696205916193624,0.0016872254665941,0.004138135630637407
rmse,persistence,surface_speed,1720,0.0035101009998470545,0.002668462600558996,0.00443106573075056
rmse,persistence,surface_speed,1730,0.004366403073072433,0.0034663799218833447,0.005170018225908279
rmse,persistence,surface_speed,1740,0.004748071761180957,0.004115318227559328,0.005522637534886598
rmse,persistence,surface_speed,1750,0.005348116190483173,0.0045160575769841674,0.006305356975644827
rmse,persistence,surface_speed,1760,0.005706597957760096,0.005075607262551784,0.006622750498354435
rmse,persistence,surface_speed,1770,0.005701262690126896,0.004925412777811289,0.006818578112870455
rmse,persistence,surface_speed,1780,0.005710882134735584,0.004649955872446298,0.006641272269189358
rmse,persistence,surface_speed,1790,0.00572659932076931,0.004777884669601917,0.006903865374624729
rmse,persistence,surface_speed,1800,0.005709075275808573,0.00471342084929347,0.006803940422832966
rmse,persistence,surface_speed,1810,0.005659939814358949,0.004557632748037577,0.007090380229055881
rmse,persistence,surface_speed,1820,0.00570364532371362,0.004726418573409319,0.007337826769798994
rmse,persistence,surface_speed,1830,0.005841899352769057,0.004777773283421993,0.00774676576256752
rmse,persistence,surface_speed,1840,0.005564475152641535,0.004379802942276001,0.007744576688855887
rmse,persistence,surface_speed,1850,0.004895409693320593,0.0036871285177767278,0.007463766168802977
rmse,persistence,surface_speed,1860,0.004609965408841769,0.003183929715305567,0.006985699292272329
rmse,persistence,surface_speed,1870,0.003981175910060604,0.0027217721566557885,0.006540459115058184
rmse,persistence,surface_speed,1880,0.0025339839087488753,0.0010082015069201589,0.005674124415963888
rmse,persistence,surface_speed,1890,0.003168973970847825,0.0018386152805760503,0.0055471364408731455
rmse,persistence,surface_speed,1900,0.004077139993508657,0.0029863468836992977,0.005762614216655493
rmse,persistence,surface_speed,1910,0.0043580583141495785,0.0036568849347531794,0.0058443968184292315
rmse,persistence,surface_speed,1920,0.004878208382676045,0.003932807967066765,0.00593264615163207
rmse,persistence,surface_speed,1930,0.005218085460364818,0.004443005565553904,0.006151448283344507
rmse,persistence,surface_speed,1940,0.0051523529303570586,0.004443058464676142,0.005958830937743187
rmse,persistence,surface_speed,1950,0.005110645511498054,0.00431145541369915,0.00578442383557558
rmse,persistence,surface_speed,1960,0.005125841405242681,0.004485227353870869,0.0058028134517371655
rmse,persistence,surface_speed,1970,0.005113098180542389,0.004577877465635538,0.005581919196993112
rmse,persistence,surface_speed,1980,0.0050397469662129876,0.0043289877474308016,0.005818288121372461
rmse,persistence,surface_speed,1990,0.005058412750562032,0.004401824437081814,0.005868975631892681
rmse,persistence,surface_speed,2000,0.005199551799645027,0.004577579721808433,0.005877254996448755
rmse,model,phihyd_surface,0,0.0,0.0,0.0
rmse,model,phihyd_surface,10,0.02523732048769792,0.023452271521091462,0.028870144858956337
rmse,model,phihyd_surface,20,0.03611939723292987,0.03332755118608475,0.04192347452044487
rmse,model,phihyd_surface,30,0.0472205417851607,0.043473347276449206,0.05539248511195183
rmse,model,phihyd_surface,40,0.06078675091266632,0.055918068438768384,0.07223498970270156
rmse,model,phihyd_surface,50,0.07724116792281469,0.070905302464962,0.09115199744701385
rmse,model,phihyd_surface,60,0.09567315330108007,0.08812062442302704,0.11047299206256866
rmse,model,phihyd_surface,70,0.1137158731619517,0.10726761817932129,0.12646301090717316
rmse,model,phihyd_surface,80,0.12909849534432094,0.12517375200986863,0.13810592591762544
rmse,model,phihyd_surface,90,0.14063519338766733,0.13621683418750763,0.14617760181427003
rmse,model,phihyd_surface,100,0.14833548963069915,0.142764413356781,0.154205784201622
rmse,model,phihyd_surface,110,0.15300151606400808,0.1464465856552124,0.16192877292633057
rmse,model,phihyd_surface,120,0.1557187189658483,0.1481970191001892,0.16664879024028778
rmse,model,phihyd_surface,130,0.1572631408770879,0.14930952489376068,0.16944946050643922
rmse,model,phihyd_surface,140,0.1584102402130763,0.15072201192378998,0.1711808919906616
rmse,model,phihyd_surface,150,0.15962246259053547,0.15181052982807158,0.1724850505590439
rmse,model,phihyd_surface,160,0.161121208469073,0.15342516601085662,0.17362930476665497
rmse,model,phihyd_surface,170,0.16303309003512065,0.15599653124809265,0.1749395400285721
rmse,model,phihyd_surface,180,0.16542274256547293,0.15918537974357605,0.17661604285240173
rmse,model,phihyd_surface,190,0.16812808911005656,0.16211497485637666,0.17846725583076478
rmse,model,phihyd_surface,200,0.17101845343907673,0.1653338611125946,0.18044296205043792
rmse,model,phihyd_surface,210,0.17416407068570455,0.1687933772802353,0.1828775256872177
rmse,model,phihyd_surface,220,0.17741003433863323,0.17238820791244508,0.1855155974626541
rmse,model,phihyd_surface,230,0.18060651024182636,0.17599954903125764,0.18790627717971803
rmse,model,phihyd_surface,240,0.18375368018945057,0.1794050246477127,0.19015733599662782
rmse,model,phihyd_surface,250,0.18684370418389637,0.18278622329235078,0.19239633083343505
rmse,model,phihyd_surface,260,0.18976520200570424,0.18626273274421692,0.19446603059768677
rmse,model,phihyd_surface,270,0.19255318641662597,0.18949893414974212,0.19660521447658538
rmse,model,phihyd_surface,280,0.19531427025794984,0.19255650639533997,0.1989774614572525
rmse,model,phihyd_surface,290,0.1980279932419459,0.19591208994388581,0.20172978639602662
rmse,model,phihyd_surface,300,0.20058388710021974,0.19859011173248292,0.20401374101638795
rmse,model,phihyd_surface,310,0.20305879712104796,0.20093480348587037,0.20629459619522095
rmse,model,phihyd_surface,320,0.2054822047551473,0.20308515131473542,0.20816600024700166
rmse,model,phihyd_surface,330,0.20779354472955067,0.2051820456981659,0.21012036204338075
rmse,model,phihyd_surface,340,0.2100222587585449,0.20714870393276213,0.21291483640670777
rmse,model,phihyd_surface,350,0.21221943000952403,0.20876293182373046,0.21545573472976684
rmse,model,phihyd_surface,360,0.21430456638336182,0.2106272429227829,0.2175264149904251
rmse,model,phihyd_surface,370,0.21624197363853453,0.21241692304611207,0.21979198157787322
rmse,model,phihyd_surface,380,0.21814719339211783,0.21420124173164368,0.22191309928894043
rmse,model,phihyd_surface,390,0.21995716591676076,0.21584683060646057,0.22358915507793425
rmse,model,phihyd_surface,400,0.22157823244730632,0.2175270825624466,0.22516043186187745
rmse,model,phihyd_surface,410,0.22309062282244366,0.21909694075584413,0.2264675587415695
rmse,model,phihyd_surface,420,0.22455477019151052,0.22050657570362092,0.22781944572925567
rmse,model,phihyd_surface,430,0.22587799827257793,0.22170754373073578,0.22904984951019286
rmse,model,phihyd_surface,440,0.22705739140510559,0.22288231551647186,0.2298455446958542
rmse,model,phihyd_surface,450,0.22820557753245035,0.22407465279102326,0.23069360554218293
rmse,model,phihyd_surface,460,0.22932473719120025,0.22537166774272918,0.2315373569726944
rmse,model,phihyd_surface,470,0.2303310086329778,0.22648902237415314,0.23242464661598206
rmse,model,phihyd_surface,480,0.23132522404193878,0.22739717364311218,0.23383106291294098
rmse,model,phihyd_surface,490,0.2323270986477534,0.22836693227291108,0.23482560217380524
rmse,model,phihyd_surface,500,0.2332739899555842,0.2293741822242737,0.23564018309116364
rmse,model,phihyd_surface,510,0.23419915835062663,0.23020195364952087,0.23710364401340484
rmse,model,phihyd_surface,520,0.23516718645890552,0.2309091031551361,0.23883216083049774
rmse,model,phihyd_surface,530,0.23611974120140075,0.23184439837932586,0.24038995206356048
rmse,model,phihyd_surface,540,0.23700668513774872,0.2328299582004547,0.24177173972129823
rmse,model,phihyd_surface,550,0.23792062898476918,0.23361388444900513,0.24307296872138978
rmse,model,phihyd_surface,560,0.23884503444035848,0.23452006578445433,0.24434565901756286
rmse,model,phihyd_surface,570,0.2397034426530202,0.23537484407424927,0.2454823523759842
rmse,model,phihyd_surface,580,0.24055968821048737,0.23616228103637696,0.24659745395183563
rmse,model,phihyd_surface,590,0.24147827426592508,0.23729492723941803,0.24793196320533753
rmse,model,phihyd_surface,600,0.24235652883847555,0.23812869787216187,0.24925580620765686
rmse,model,phihyd_surface,610,0.2431898723045985,0.2391871005296707,0.25033036470413206
rmse,model,phihyd_surface,620,0.24407301445802052,0.2405128836631775,0.2513671159744263
rmse,model,phihyd_surface,630,0.24497022728125253,0.2411283791065216,0.2523954451084137
rmse,model,phihyd_surface,640,0.24579155246416728,0.24169972240924836,0.25322993397712706
rmse,model,phihyd_surface,650,0.24662372171878816,0.24247478544712067,0.25388612151145934
rmse,model,phihyd_surface,660,0.24746888279914855,0.24304424822330475,0.2545005023479462
rmse,model,phihyd_surface,670,0.24828910132249196,0.24355614185333252,0.2550478339195251
rmse,model,phihyd_surface,680,0.24908503790696462,0.24440980851650237,0.25545828342437743
rmse,model,phihyd_surface,690,0.24991148114204406,0.2452654391527176,0.25588699579238894
rmse,model,phihyd_surface,700,0.250741438070933,0.24600018858909606,0.2562798023223877
rmse,model,phihyd_surface,710,0.2515212287505468,0.24698483049869538,0.25668600797653196
rmse,model,phihyd_surface,720,0.25237135390440624,0.24810460805892945,0.25735889077186586
rmse,model,phihyd_surface,730,0.2532643755276998,0.24901209473609925,0.25828784704208374
rmse,model,phihyd_surface,740,0.25409703254699706,0.25012809634208677,0.25891610980033875
rmse,model,phihyd_surface,750,0.2549027562141418,0.2512309432029724,0.2593666434288025
rmse,model,phihyd_surface,760,0.2557731340328852,0.2521109700202942,0.26066367626190184
rmse,model,phihyd_surface,770,0.2565899024407069,0.25308202505111693,0.2615415394306183
rmse,model,phihyd_surface,780,0.2573120286067327,0.2539904534816742,0.2626007080078125
rmse,model,phihyd_surface,790,0.25805964271227516,0.2547048985958099,0.26381673812866213
rmse,model,phihyd_surface,800,0.2587918003400167,0.2552128374576569,0.26445605754852297
rmse,model,phihyd_surface,810,0.2594381670157115,0.2557520270347595,0.2652951657772064
rmse,model,phihyd_surface,820,0.2600818395614624,0.2564297139644623,0.26626127362251284
rmse,model,phihyd_surface,830,0.26070297360420225,0.25680450797080995,0.2668993353843689
rmse,model,phihyd_surface,840,0.2612677534421285,0.25709580183029174,0.26749961376190184
rmse,model,phihyd_surface,850,0.26181308428446454,0.25769851803779603,0.26833532452583314
rmse,model,phihyd_surface,860,0.26237624486287436,0.2582009553909302,0.26897852420806884
rmse,model,phihyd_surface,870,0.2628915866216024,0.25846179723739626,0.26945695877075193
rmse,model,phihyd_surface,880,0.26328826347986856,0.25902453660964964,0.27024691700935366
rmse,model,phihyd_surface,890,0.2636825720469157,0.25945199131965635,0.27101664543151854
rmse,model,phihyd_surface,900,0.26409514745076496,0.25966153144836424,0.27163105010986327
rmse,model,phihyd_surface,910,0.26444311141967775,0.2598030507564545,0.27225890159606936
rmse,model,phihyd_surface,920,0.2647430539131165,0.26011447310447694,0.272818785905838
rmse,model,phihyd_surface,930,0.2650768220424652,0.26054847836494444,0.27320989966392517
rmse,model,phihyd_surface,940,0.26534964044888815,0.2603850305080414,0.2734803020954132
rmse,model,phihyd_surface,950,0.2655498961607615,0.26037676334381105,0.27374038100242615
rmse,model,phihyd_surface,960,0.2657599171002706,0.2607093811035156,0.273895400762558
rmse,model,phihyd_surface,970,0.26597349643707274,0.2606512725353241,0.2739940345287323
rmse,model,phihyd_surface,980,0.26613244811693826,0.2606748104095459,0.27412015199661255
rmse,model,phihyd_surface,990,0.26628156900405886,0.26062403321266175,0.27423117160797117
rmse,model,phihyd_surface,1000,0.26647144158681235,0.2605758786201477,0.2742936074733734
rmse,model,phihyd_surface,1010,0.2666349709033966,0.260554176568985,0.2743581712245941
rmse,model,phihyd_surface,1020,0.2667577385902405,0.26049254536628724,0.27448431849479676
rmse,model,phihyd_surface,1030,0.2669360876083374,0.2605530619621277,0.27455883622169497
rmse,model,phihyd_surface,1040,0.26712406476338707,0.2606455683708191,0.27465922832489015
rmse,model,phihyd_surface,1050,0.2672230899333954,0.2606937825679779,0.2748194932937622
rmse,model,phihyd_surface,1060,0.2673344314098358,0.26055686473846434,0.27497683763504027
rmse,model,phihyd_surface,1070,0.26747610171635944,0.2604091167449951,0.2750589966773987
rmse,model,phihyd_surface,1080,0.26754860281944276,0.26043864488601687,0.2752124786376953
rmse,model,phihyd_surface,1090,0.26756234765052794,0.2603221952915192,0.27534534931182864
rmse,model,phihyd_surface,1100,0.2676448285579681,0.2600262641906738,0.2753996253013611
rmse,model,phihyd_surface,1110,0.26770668029785155,0.2597888231277466,0.2753810167312622
rmse,model,phihyd_surface,1120,0.26769474943478905,0.25965151786804197,0.27540355920791626
rmse,model,phihyd_surface,1130,0.26770757635434467,0.2595301389694214,0.2753765285015106
rmse,model,phihyd_surface,1140,0.2677963475386302,0.259395033121109,0.2752931535243988
rmse,model,phihyd_surface,1150,0.2678708751996358,0.25893138647079467,0.2752791464328766
rmse,model,phihyd_surface,1160,0.2679184178511302,0.25870895981788633,0.27528727650642393
rmse,model,phihyd_surface,1170,0.26801713903745017,0.2587925374507904,0.2752863347530365
rmse,model,phihyd_surface,1180,0.26810182531674703,0.2586721897125244,0.2752741456031799
rmse,model,phihyd_surface,1190,0.2681315243244171,0.2585864126682281,0.2753108084201813
rmse,model,phihyd_surface,1200,0.26822717785835265,0.25870967507362364,0.27537198066711427
rmse,model,phihyd_surface,1210,0.26838529109954834,0.2588532090187073,0.275445830821991
rmse,model,phihyd_surface,1220,0.2684649844964345,0.2588930606842041,0.2755679666996002
rmse,model,phihyd_surface,1230,0.268548983335495,0.25912808775901797,0.27598782777786257
rmse,model,phihyd_surface,1240,0.2687169353167216,0.2595152616500854,0.27623273730278014
rmse,model,phihyd_surface,1250,0.26882969339688617,0.25974915623664857,0.27622594237327575
rmse,model,phihyd_surface,1260,0.26887441078821817,0.25976555943489077,0.27669021487236023
rmse,model,phihyd_surface,1270,0.2689728856086731,0.2598971605300903,0.27713869214057923
rmse,model,phihyd_surface,1280,0.2690383116404215,0.2600067317485809,0.2770318329334259
rmse,model,phihyd_surface,1290,0.2690367559591929,0.2596647381782532,0.2772868454456329
rmse,model,phihyd_surface,1300,0.26903453667958577,0.25962652564048766,0.2777824342250824
rmse,model,phihyd_surface,1310,0.26907315850257874,0.2597324371337891,0.2777819693088531
rmse,model,phihyd_surface,1320,0.26907761494318644,0.25922063589096067,0.2779003202915192
rmse,model,phihyd_surface,1330,0.2690414786338806,0.258856600522995,0.2784696400165558
rmse,model,phihyd_surface,1340,0.2690702040990194,0.2588446199893951,0.2788256943225861
rmse,model,phihyd_surface,1350,0.2691119313240051,0.25854835510253904,0.2788844585418701
rmse,model,phihyd_surface,1360,0.26911232868830365,0.2582918584346771,0.27907098531723024
rmse,model,phihyd_surface,1370,0.2691742956638336,0.25827930569648744,0.2794084668159485
rmse,model,phihyd_surface,1380,0.2693065285682678,0.2583007991313934,0.2795093297958374
rmse,model,phihyd_surface,1390,0.2693794071674347,0.25834173560142515,0.27959648966789247
rmse,model,phihyd_surface,1400,0.26944584647814435,0.25833620429039,0.280158144235611
rmse,model,phihyd_surface,1410,0.2695982495943705,0.2584546685218811,0.28039197325706483
rmse,model,phihyd_surface,1420,0.26970709760983785,0.2586298048496246,0.2804352521896362
rmse,model,phihyd_surface,1430,0.2697498857975006,0.25857110023498536,0.28091549277305605
rmse,model,phihyd_surface,1440,0.2698331157366435,0.2586084008216858,0.2814726889133453
rmse,model,phihyd_surface,1450,0.2698875268300374,0.25879812240600586,0.281440794467926
rmse,model,phihyd_surface,1460,0.26987821857134503,0.2585361063480377,0.2816306233406067
rmse,model,phihyd_surface,1470,0.2698495626449585,0.258375757932663,0.2821832001209259
rmse,model,phihyd_surface,1480,0.2698661208152771,0.25865843892097473,0.28214494585990907
rmse,model,phihyd_surface,1490,0.2698935071627299,0.25860238671302793,0.28209525942802427
rmse,model,phihyd_surface,1500,0.26987900932629905,0.25846179723739626,0.28249789476394654
rmse,model,phihyd_surface,1510,0.2699093004067739,0.2586601793766022,0.2825595438480377
rmse,model,phihyd_surface,1520,0.2699756324291229,0.25872018933296204,0.2822758793830872
rmse,model,phihyd_surface,1530,0.2700102070967356,0.2587472915649414,0.2823974072933197
rmse,model,phihyd_surface,1540,0.2700857202212016,0.25898833870887755,0.2825740158557892
rmse,model,phihyd_surface,1550,0.2702351490656535,0.2593891084194183,0.2822853744029999
rmse,model,phihyd_surface,1560,0.270311564207077,0.2597973942756653,0.2821445643901825
rmse,model,phihyd_surface,1570,0.2703290303548177,0.2598598897457123,0.28233370184898376
rmse,model,phihyd_surface,1580,0.2704204519589742,0.2599129915237427,0.2822625994682312
rmse,model,phihyd_surface,1590,0.2704822957515717,0.2602072536945343,0.28187366127967833
rmse,model,phihyd_surface,1600,0.2704843242963155,0.26016666293144225,0.28185535669326783
rmse,model,phihyd_surface,1610,0.2705189108848572,0.2599712312221527,0.2820808947086334
rmse,model,phihyd_surface,1620,0.27051878770192467,0.2601289629936218,0.28178189396858216
rmse,model,phihyd_surface,1630,0.2704739173253377,0.25992029905319214,0.2816135764122009
rmse,model,phihyd_surface,1640,0.27041265964508054,0.2602730691432953,0.28203803300857544
rmse,model,phihyd_surface,1650,0.2703762869040171,0.2602472424507141,0.28174766302108767
rmse,model,phihyd_surface,1660,0.270370743672053,0.25989469289779665,0.2814807653427124
rmse,model,phihyd_surface,1670,0.27032838463783265,0.25990663170814515,0.28178752064704893
rmse,model,phihyd_surface,1680,0.2703271309534709,0.25982106328010557,0.2819328546524048
rmse,model,phihyd_surface,1690,0.27038846810658773,0.25967244505882264,0.28189678192138673
rmse,model,phihyd_surface,1700,0.27043111125628155,0.2596407294273376,0.28218200206756594
rmse,model,phihyd_surface,1710,0.2704963246981303,0.25952032804489134,0.28270711898803713
rmse,model,phihyd_surface,1720,0.27065883080164593,0.2594622015953064,0.2831693172454834
rmse,model,phihyd_surface,1730,0.2708176056543986,0.25990021228790283,0.28364946842193606
rmse,model,phihyd_surface,1740,0.27093825141588845,0.2598087310791016,0.28448969721794126
rmse,model,phihyd_surface,1750,0.2711353580156962,0.25975175499916076,0.28544031381607055
rmse,model,phihyd_surface,1760,0.2713364720344543,0.26006510853767395,0.28588113784790037
rmse,model,phihyd_surface,1770,0.2714913825194041,0.2598373472690582,0.28658877611160277
rmse,model,phihyd_surface,1780,0.27169437805811564,0.2599393963813782,0.2877029478549957
rmse,model,phihyd_surface,1790,0.27189868291219077,0.25988191962242124,0.2880400061607361
rmse,model,phihyd_surface,1800,0.27204845746358236,0.2599547326564789,0.2883092164993286
rmse,model,phihyd_surface,1810,0.27216782967249553,0.2602477967739105,0.2891623556613922
rmse,model,phihyd_surface,1820,0.2723287006219228,0.26027743220329286,0.28938623070716857
rmse,model,phihyd_surface,1830,0.27252926031748453,0.2602587819099426,0.2894660234451294
rmse,model,phihyd_surface,1840,0.2726788103580475,0.26064416766166687,0.29003302454948426
rmse,model,phihyd_surface,1850,0.272841215133667,0.26078071594238283,0.29050936698913576
rmse,model,phihyd_surface,1860,0.2730444292227427,0.2609270453453064,0.29068982005119326
rmse,model,phihyd_surface,1870,0.27322183847427367,0.26134524345397947,0.2909649908542633
rmse,model,phihyd_surface,1880,0.2734021266301473,0.2614345967769623,0.29139450192451477
rmse,model,phihyd_surface,1890,0.2736627280712128,0.2614325940608978,0.29177895188331604
rmse,model,phihyd_surface,1900,0.2739394009113312,0.2616265833377838,0.2921306014060974
rmse,model,phihyd_surface,1910,0.2741758128007253,0.2615746021270752,0.29273808002471924
rmse,model,phihyd_surface,1920,0.2744525889555613,0.26136356592178345,0.29351364970207217
rmse,model,phihyd_surface,1930,0.2747622867425283,0.26135667562484743,0.2938082695007324
rmse,model,phihyd_surface,1940,0.27504828572273254,0.26142934560775755,0.29421713948249817
rmse,model,phihyd_surface,1950,0.27533826033274333,0.2613417088985443,0.29485848546028137
rmse,model,phihyd_surface,1960,0.2756468852361043,0.26143184304237366,0.29523817300796507
rmse,model,phihyd_surface,1970,0.27590718468030295,0.261609411239624,0.29522008895874025
rmse,model,phihyd_surface,1980,0.276109516620636,0.2613796293735504,0.295324844121933
rmse,model,phihyd_surface,1990,0.2763283212979635,0.26132177710533144,0.2954343378543854
rmse,model,phihyd_surface,2000,0.2765445570151011,0.26159263849258424,0.29549888968467714
rmse,climatology,phihyd_surface,0,0.05984025125702222,0.056404624879360196,0.06402579247951508
rmse,climatology,phihyd_surface,10,0.06010510275761286,0.056744199991226194,0.06391846984624863
rmse,climatology,phihyd_surface,20,0.06023698722322782,0.05655715167522431,0.06389102339744568
rmse,climatology,phihyd_surface,30,0.06017488539218903,0.056602439284324645,0.06375264674425125
rmse,climatology,phihyd_surface,40,0.060250507791837056,0.05701505318284035,0.06416825950145721
rmse,climatology,phihyd_surface,50,0.060458700607220334,0.05672315433621407,0.06401004642248154
rmse,climatology,phihyd_surface,60,0.06055341437458992,0.056919632107019426,0.06387328803539276
rmse,climatology,phihyd_surface,70,0.06078809574246406,0.057637288421392444,0.06406933814287186
rmse,climatology,phihyd_surface,80,0.06102285484472911,0.05744138807058334,0.06447117030620575
rmse,climatology,phihyd_surface,90,0.061015975475311277,0.05722617208957672,0.06387983411550521
rmse,climatology,phihyd_surface,100,0.060961957772572836,0.05739617198705673,0.06413893848657608
rmse,climatology,phihyd_surface,110,0.061217680821816126,0.05788678452372551,0.06437309831380844
rmse,climatology,phihyd_surface,120,0.061583783477544785,0.05843490958213806,0.06464013010263443
rmse,climatology,phihyd_surface,130,0.06162599548697471,0.05843041092157364,0.06440296322107315
rmse,climatology,phihyd_surface,140,0.06165744910637538,0.05849884524941444,0.06453309208154678
rmse,climatology,phihyd_surface,150,0.06177335853377978,0.05830725431442261,0.0645478755235672
rmse,climatology,phihyd_surface,160,0.061910526206096016,0.05857601091265678,0.06478683948516846
rmse,climatology,phihyd_surface,170,0.06211302230755488,0.05875762552022934,0.06481584459543228
rmse,climatology,phihyd_surface,180,0.062381427238384884,0.05901026427745819,0.06500801593065261
rmse,climatology,phihyd_surface,190,0.06255087281266848,0.05878124237060547,0.06501335948705673
rmse,climatology,phihyd_surface,200,0.062499555697043734,0.05887935385107994,0.06497381627559662
rmse,climatology,phihyd_surface,210,0.06256946002443632,0.059267306327819826,0.06561780124902725
rmse,climatology,phihyd_surface,220,0.06276584143439928,0.05899416655302048,0.0655372142791748
rmse,climatology,phihyd_surface,230,0.06285179083546003,0.05920992717146874,0.06562778353691101
rmse,climatology,phihyd_surface,240,0.06303618947664896,0.05978593826293945,0.06569280326366425
rmse,climatology,phihyd_surface,250,0.06325871124863625,0.059722530841827395,0.06597369462251663
rmse,climatology,phihyd_surface,260,0.06327468628684679,0.05964002013206482,0.06608268320560455
rmse,climatology,phihyd_surface,270,0.0632168581088384,0.05974230393767357,0.06608048230409622
rmse,climatology,phihyd_surface,280,0.06344573423266411,0.06035481542348862,0.06643806546926498
rmse,climatology,phihyd_surface,290,0.06381326441963514,0.06076784208416939,0.06652482151985169
rmse,climatology,phihyd_surface,300,0.06386329705516497,0.06088475063443184,0.06662445664405822
rmse,climatology,phihyd_surface,310,0.0638705313205719,0.060947482287883756,0.0667687401175499
rmse,climatology,phihyd_surface,320,0.06395377864440283,0.06091712936758995,0.06719792187213898
rmse,climatology,phihyd_surface,330,0.06406039794286092,0.06109188124537468,0.06750125288963318
rmse,climatology,phihyd_surface,340,0.06421602418025335,0.06131140068173409,0.06764332354068756
rmse,climatology,phihyd_surface,350,0.06446043699979782,0.06162628009915352,0.06747611314058304
rmse,climatology,phihyd_surface,360,0.06464671318729719,0.06143717393279076,0.06768186390399933
rmse,climatology,phihyd_surface,370,0.06460114891330401,0.06156760156154632,0.06752774864435196
rmse,climatology,phihyd_surface,380,0.06466103618343672,0.06195758953690529,0.06800488531589508
rmse,climatology,phihyd_surface,390,0.064861228565375,0.06183373332023621,0.06795719861984253
rmse,climatology,phihyd_surface,400,0.06498831063508988,0.062086145579814914,0.06795876324176789
rmse,climatology,phihyd_surface,410,0.06517616286873817,0.06250299587845802,0.06796898990869522
rmse,climatology,phihyd_surface,420,0.06543394351998964,0.0626752257347107,0.06843453943729401
rmse,climatology,phihyd_surface,430,0.06549552356203397,0.06266231313347817,0.06847993433475494
rmse,climatology,phihyd_surface,440,0.06543983295559883,0.06271858662366867,0.06846140027046203
rmse,climatology,phihyd_surface,450,0.06566225389639536,0.06316866427659988,0.06879435032606125
rmse,climatology,phihyd_surface,460,0.06607650617758433,0.06363043040037156,0.06881114244461059
rmse,climatology,phihyd_surface,470,0.06620915283759435,0.06399949938058853,0.06897622644901276
rmse,climatology,phihyd_surface,480,0.06625833163658777,0.06389613300561905,0.06920989155769348
rmse,climatology,phihyd_surface,490,0.06636892259120941,0.06384798735380173,0.06960107237100602
rmse,climatology,phihyd_surface,500,0.06650513857603073,0.06381054818630219,0.06997595876455306
rmse,climatology,phihyd_surface,510,0.06664654662211736,0.06402216851711273,0.07012086212635041
rmse,climatology,phihyd_surface,520,0.06685659140348435,0.06413082033395767,0.07000533789396286
rmse,climatology,phihyd_surface,530,0.06702635139226913,0.06396650820970536,0.07023230940103531
rmse,climatology,phihyd_surface,540,0.06696383307377497,0.06414208859205246,0.07023370116949082
rmse,climatology,phihyd_surface,550,0.06699417034784953,0.06438907384872436,0.07075566500425338
rmse,climatology,phihyd_surface,560,0.06717801491419474,0.06365620344877243,0.07070076912641525
rmse,climatology,phihyd_surface,570,0.06732329924901327,0.06384767293930053,0.07084112465381623
rmse,climatology,phihyd_surface,580,0.06748594641685486,0.06454368382692337,0.0710567981004715
rmse,climatology,phihyd_surface,590,0.06774069170157114,0.06485456973314285,0.07137017250061035
rmse,climatology,phihyd_surface,600,0.06781296730041504,0.06406107097864151,0.07159252464771271
rmse,climatology,phihyd_surface,610,0.06772284706433614,0.06444272994995118,0.07172177881002426
rmse,climatology,phihyd_surface,620,0.06786203185717264,0.06471105217933655,0.07185029685497284
rmse,climatology,phihyd_surface,630,0.06820386052131652,0.06457141190767288,0.07208835780620575
rmse,climatology,phihyd_surface,640,0.06830773701270422,0.06483113169670104,0.07193062007427216
rmse,climatology,phihyd_surface,650,0.0683153952161471,0.06487345546483994,0.07163424491882324
rmse,climatology,phihyd_surface,660,0.06839638700087865,0.06497206389904023,0.07198628634214402
rmse,climatology,phihyd_surface,670,0.06852607081333796,0.06490826606750488,0.07214966565370559
rmse,climatology,phihyd_surface,680,0.06867485890785853,0.06514746397733688,0.0722455382347107
rmse,climatology,phihyd_surface,690,0.06893883794546127,0.06554954648017883,0.07220875471830368
rmse,climatology,phihyd_surface,700,0.06921577006578446,0.06554955393075942,0.07234105914831161
rmse,climatology,phihyd_surface,710,0.06926227311293284,0.06567202508449554,0.07241273820400237
rmse,climatology,phihyd_surface,720,0.0693404441078504,0.06599786281585693,0.07280274629592895
rmse,climatology,phihyd_surface,730,0.06953697403271993,0.06573043465614319,0.07301258444786071
rmse,climatology,phihyd_surface,740,0.06969877084096272,0.06599330753087998,0.07293496280908585
rmse,climatology,phihyd_surface,750,0.06982652594645818,0.06624484360218048,0.0727616474032402
rmse,climatology,phihyd_surface,760,0.07006445874770482,0.06677560955286026,0.07340418696403503
rmse,climatology,phihyd_surface,770,0.07014458527167639,0.06661339104175568,0.07311525642871856
rmse,climatology,phihyd_surface,780,0.07006184111038843,0.06661277562379837,0.07290648221969605
rmse,climatology,phihyd_surface,790,0.070198293030262,0.06710234433412551,0.07286598235368728
rmse,climatology,phihyd_surface,800,0.07056573331356049,0.0671066775918007,0.07312309890985488
rmse,climatology,phihyd_surface,810,0.07073295911153157,0.06763112545013428,0.0733994722366333
rmse,climatology,phihyd_surface,820,0.070741468667984,0.06761541068553925,0.07335146963596344
rmse,climatology,phihyd_surface,830,0.07081401993830999,0.06759387850761414,0.0735654816031456
rmse,climatology,phihyd_surface,840,0.0709429050485293,0.06751887500286102,0.07359071522951126
rmse,climatology,phihyd_surface,850,0.07104972451925277,0.0677744135260582,0.07379255443811417
rmse,climatology,phihyd_surface,860,0.07123499264319738,0.06801234483718872,0.07383691668510436
rmse,climatology,phihyd_surface,870,0.07142887612183889,0.06796371340751647,0.0738260343670845
rmse,climatology,phihyd_surface,880,0.07143098761638006,0.06813415884971619,0.07394192516803741
rmse,climatology,phihyd_surface,890,0.07148151298364004,0.068269544839859,0.07420585602521897
rmse,climatology,phihyd_surface,900,0.07167026301225027,0.0680185928940773,0.07440330535173416
rmse,climatology,phihyd_surface,910,0.0718416432539622,0.06833456754684449,0.07453331947326661
rmse,climatology,phihyd_surface,920,0.07192510316769282,0.06853393465280533,0.07444153279066086
rmse,climatology,phihyd_surface,930,0.07213419079780578,0.06910956352949142,0.07486369907855987
rmse,climatology,phihyd_surface,940,0.07222816050052643,0.0689722865819931,0.07487318366765976
rmse,climatology,phihyd_surface,950,0.07213773280382156,0.0688880130648613,0.07488739341497422
rmse,climatology,phihyd_surface,960,0.07221456517775854,0.06939126998186111,0.07494803816080094
rmse,climatology,phihyd_surface,970,0.07255565424760183,0.06947533786296844,0.07510308474302292
rmse,climatology,phihyd_surface,980,0.07278061260779699,0.07006223201751709,0.07537694871425629
rmse,climatology,phihyd_surface,990,0.07281951556603114,0.06995398849248886,0.07550816386938095
rmse,climatology,phihyd_surface,1000,0.07289772629737853,0.07024735063314438,0.07563105523586273
rmse,climatology,phihyd_surface,1010,0.07302345335483551,0.070157490670681,0.07603489607572556
rmse,climatology,phihyd_surface,1020,0.07313222487767537,0.07035456597805023,0.07622909098863602
rmse,climatology,phihyd_surface,1030,0.0733318159977595,0.07070021629333496,0.07616644948720933
rmse,climatology,phihyd_surface,1040,0.07354649007320405,0.0708831086754799,0.07620541751384735
rmse,climatology,phihyd_surface,1050,0.07355782637993495,0.07083269655704498,0.07624879330396653
rmse,climatology,phihyd_surface,1060,0.07354619751373927,0.07107640355825424,0.07634862214326858
rmse,climatology,phihyd_surface,1070,0.0736908550063769,0.0710259273648262,0.0765899121761322
rmse,climatology,phihyd_surface,1080,0.07389150162537893,0.07155916541814804,0.07667308896780015
rmse,climatology,phihyd_surface,1090,0.07400419066349666,0.07162489593029023,0.07664017528295516
rmse,climatology,phihyd_surface,1100,0.07424670110146205,0.0722238227725029,0.07710910886526108
rmse,climatology,phihyd_surface,1110,0.07439347058534622,0.07193599194288254,0.07698055058717727
rmse,climatology,phihyd_surface,1120,0.07435546666383744,0.07180400788784028,0.07707994282245637
rmse,climatology,phihyd_surface,1130,0.07442876448233922,0.07225374579429626,0.07716080397367478
rmse,climatology,phihyd_surface,1140,0.07472979525725047,0.07221401929855346,0.0773472398519516
rmse,climatology,phihyd_surface,1150,0.07493343005577723,0.07240738868713378,0.07763552069664001
rmse,climatology,phihyd_surface,1160,0.07491707702477773,0.07248878031969071,0.07777650505304337
rmse,climatology,phihyd_surface,1170,0.07495966752370199,0.07239376157522201,0.07799944579601288
rmse,climatology,phihyd_surface,1180,0.075088303287824,0.07214615792036057,0.07840154618024826
rmse,climatology,phihyd_surface,1190,0.07522125840187073,0.07256154716014862,0.07872173339128494
rmse,climatology,phihyd_surface,1200,0.07544659773508708,0.07247696816921234,0.0786740630865097
rmse,climatology,phihyd_surface,1210,0.07569334457317987,0.07300317734479904,0.07872570306062698
rmse,climatology,phihyd_surface,1220,0.07576176871856054,0.07305400222539901,0.07899722903966903
rmse,climatology,phihyd_surface,1230,0.07575051188468933,0.07314052879810333,0.07909212410449981
rmse,climatology,phihyd_surface,1240,0.07586564670006433,0.07288095206022263,0.07936098128557205
rmse,climatology,phihyd_surface,1250,0.07604431211948395,0.0727488249540329,0.07945661693811416
rmse,climatology,phihyd_surface,1260,0.07612720727920533,0.07332992255687713,0.07960196435451508
rmse,climatology,phihyd_surface,1270,0.0763566811879476,0.07379122078418732,0.07999467253684997
rmse,climatology,phihyd_surface,1280,0.07652195195357005,0.07338001430034638,0.08001681715250016
rmse,climatology,phihyd_surface,1290,0.0764829104145368,0.07321011573076248,0.080233396589756
rmse,climatology,phihyd_surface,1300,0.07649571349223455,0.07329443842172623,0.08014681488275528
rmse,climatology,phihyd_surface,1310,0.07675029387076696,0.07336775064468384,0.08055012524127961
rmse,climatology,phihyd_surface,1320,0.07699180295070013,0.0737685427069664,0.08066600561141968
rmse,climatology,phihyd_surface,1330,0.07700900435447693,0.07357941716909408,0.0805379405617714
rmse,climatology,phihyd_surface,1340,0.07706974993149439,0.07387088388204574,0.08042608946561813
rmse,climatology,phihyd_surface,1350,0.0771998683611552,0.07372502982616425,0.08075161129236222
rmse,climatology,phihyd_surface,1360,0.07732462485631307,0.0739834189414978,0.08092616498470306
rmse,climatology,phihyd_surface,1370,0.0775407279531161,0.07429697960615159,0.08081014305353165
rmse,climatology,phihyd_surface,1380,0.07781011114517848,0.07458946257829666,0.08091970831155777
rmse,climatology,phihyd_surface,1390,0.0779503474632899,0.0745196908712387,0.08110164105892181
rmse,climatology,phihyd_surface,1400,0.07796630362669627,0.07454331070184708,0.08108266741037369
rmse,climatology,phihyd_surface,1410,0.0780879482626915,0.07476008534431458,0.08154400736093521
rmse,climatology,phihyd_surface,1420,0.07827367683251699,0.07482453882694244,0.0814871072769165
rmse,climatology,phihyd_surface,1430,0.07834451148907344,0.07492426335811615,0.08117416948080063
rmse,climatology,phihyd_surface,1440,0.07853959202766418,0.07553500235080719,0.08129700720310211
rmse,climatology,phihyd_surface,1450,0.07870070785284042,0.07537943124771118,0.08139181435108185
rmse,climatology,phihyd_surface,1460,0.07868080735206603,0.0751831129193306,0.08110377341508865
rmse,climatology,phihyd_surface,1470,0.078688516219457,0.07544233351945877,0.08109091222286224
rmse,climatology,phihyd_surface,1480,0.07894599934418996,0.07568032145500184,0.08130743354558945
rmse,climatology,phihyd_surface,1490,0.07923960785071055,0.07623318582773209,0.08164980858564377
rmse,climatology,phihyd_surface,1500,0.07928117314974467,0.07613168209791184,0.08148251175880432
rmse,climatology,phihyd_surface,1510,0.079342287282149,0.07633383572101593,0.08205389082431794
rmse,climatology,phihyd_surface,1520,0.07946712970733642,0.07611146122217179,0.08188706636428833
rmse,climatology,phihyd_surface,1530,0.07957003017266591,0.07633456289768219,0.08219747990369797
rmse,climatology,phihyd_surface,1540,0.07972123523553212,0.0765509307384491,0.08227428942918777
rmse,climatology,phihyd_surface,1550,0.07991653879483542,0.07677672654390336,0.08229346126317978
rmse,climatology,phihyd_surface,1560,0.08003134379784266,0.07668453603982925,0.08258280754089356
rmse,climatology,phihyd_surface,1570,0.08002537290255228,0.07663693130016327,0.08251490145921707
rmse,climatology,phihyd_surface,1580,0.08013877322276433,0.07702506482601165,0.08299793452024459
rmse,climatology,phihyd_surface,1590,0.08032017995913823,0.07704723924398423,0.08295631408691406
rmse,climatology,phihyd_surface,1600,0.08037740439176559,0.07706557959318161,0.08296783864498139
rmse,climatology,phihyd_surface,1610,0.08053368330001831,0.07765417546033859,0.08306933492422104
rmse,climatology,phihyd_surface,1620,0.08069837292035421,0.07756027728319168,0.08322462141513824
rmse,climatology,phihyd_surface,1630,0.08069254557291666,0.07745118588209152,0.08329446464776993
rmse,climatology,phihyd_surface,1640,0.0806572859485944,0.07761851698160172,0.0832790657877922
rmse,climatology,phihyd_surface,1650,0.08086989174286524,0.07804457247257232,0.08358638137578964
rmse,climatology,phihyd_surface,1660,0.08118073145548503,0.07852945774793625,0.08370847553014756
rmse,climatology,phihyd_surface,1670,0.08124813983837763,0.07857444882392883,0.08374537825584412
rmse,climatology,phihyd_surface,1680,0.08130780657132466,0.0787326455116272,0.08396093994379043
rmse,climatology,phihyd_surface,1690,0.08142181485891342,0.07872938215732575,0.08428925275802612
rmse,climatology,phihyd_surface,1700,0.0815327674150467,0.07889520078897476,0.0845231831073761
rmse,climatology,phihyd_surface,1710,0.08169003824392955,0.07914438992738723,0.08459254503250122
rmse,climatology,phihyd_surface,1720,0.08190162579218546,0.07945806682109832,0.08449986428022385
rmse,climatology,phihyd_surface,1730,0.08204785784085591,0.07938578575849534,0.08469886034727096
rmse,climatology,phihyd_surface,1740,0.08202339907487234,0.07944620996713639,0.08464610427618027
rmse,climatology,phihyd_surface,1750,0.08211500644683838,0.07990474104881287,0.08512269109487533
rmse,climatology,phihyd_surface,1760,0.08231753458579381,0.08002745658159256,0.08504442721605301
rmse,climatology,phihyd_surface,1770,0.08243152598539988,0.08018612116575241,0.08512906730175018
rmse,climatology,phihyd_surface,1780,0.08261001209417979,0.08062139600515365,0.08523481786251068
rmse,climatology,phihyd_surface,1790,0.08282096932331721,0.0805449590086937,0.08543945848941803
rmse,climatology,phihyd_surface,1800,0.08287980308135351,0.0803168073296547,0.08566777855157852
rmse,climatology,phihyd_surface,1810,0.08286035805940628,0.0806776151061058,0.08562911003828048
rmse,climatology,phihyd_surface,1820,0.0830426221092542,0.08097051829099655,0.08592476844787597
rmse,climatology,phihyd_surface,1830,0.08332790484031041,0.08096689134836196,0.08600776493549347
rmse,climatology,phihyd_surface,1840,0.0833756223320961,0.08078316450119019,0.0861367017030716
rmse,climatology,phihyd_surface,1850,0.08340302109718323,0.08078544586896896,0.08643725514411926
rmse,climatology,phihyd_surface,1860,0.0835070937871933,0.08088245987892151,0.0867998406291008
rmse,climatology,phihyd_surface,1870,0.08364013383785883,0.08108075112104415,0.0870896264910698
rmse,climatology,phihyd_surface,1880,0.08380565494298935,0.0809923380613327,0.08724765777587891
rmse,climatology,phihyd_surface,1890,0.0840289314587911,0.08126279264688492,0.08724968880414963
rmse,climatology,phihyd_surface,1900,0.08421140958865483,0.08124573826789856,0.08751367628574372
rmse,climatology,phihyd_surface,1910,0.08419967244068781,0.0815839096903801,0.08771078139543534
rmse,climatology,phihyd_surface,1920,0.08426515559355417,0.08164486736059189,0.08817689716815949
rmse,climatology,phihyd_surface,1930,0.0844264050324758,0.08118622303009033,0.08812481164932251
rmse,climatology,phihyd_surface,1940,0.08451696087916692,0.08113770931959152,0.08829227536916733
rmse,climatology,phihyd_surface,1950,0.08463482012351355,0.08167318999767303,0.08806246519088745
rmse,climatology,phihyd_surface,1960,0.08480641692876816,0.08170857131481171,0.08842989057302475
rmse,climatology,phihyd_surface,1970,0.08483663549025854,0.08134101033210754,0.08803595751523971
rmse,climatology,phihyd_surface,1980,0.08476267208655676,0.08144325017929077,0.08806865811347961
rmse,climatology,phihyd_surface,1990,0.08489741136630376,0.081765216588974,0.0882702812552452
rmse,climatology,phihyd_surface,2000,0.08520227620999019,0.08189353793859482,0.08812665939331055
rmse,persistence,phihyd_surface,0,0.0,0.0,0.0
rmse,persistence,phihyd_surface,10,0.010182256530970334,0.007837671041488649,0.012259475514292717
rmse,persistence,phihyd_surface,20,0.015910394986470542,0.01368479523807764,0.018782074749469756
rmse,persistence,phihyd_surface,30,0.01898232102394104,0.016912510618567467,0.02104645296931267
rmse,persistence,phihyd_surface,40,0.023090865711371103,0.019866061955690385,0.026520794630050658
rmse,persistence,phihyd_surface,50,0.026819317042827605,0.02353983335196972,0.029501819610595705
rmse,persistence,phihyd_surface,60,0.028702687720457712,0.024942293390631677,0.03215681686997414
rmse,persistence,phihyd_surface,70,0.030361282204588256,0.026607538759708404,0.03425607979297638
rmse,persistence,phihyd_surface,80,0.031723083555698396,0.02947077453136444,0.03528487682342529
rmse,persistence,phihyd_surface,90,0.03126896731555462,0.028856055811047554,0.034733247756958005
rmse,persistence,phihyd_surface,100,0.029796357452869415,0.02643309123814106,0.03357672020792961
rmse,persistence,phihyd_surface,110,0.029120703414082526,0.025774454325437547,0.03303473144769668
rmse,persistence,phihyd_surface,120,0.028099453697601955,0.024343269318342207,0.03195893689990044
rmse,persistence,phihyd_surface,130,0.02399270621438821,0.021768366172909736,0.02644923999905586
rmse,persistence,phihyd_surface,140,0.018958678220709166,0.01671829931437969,0.022240835800766943
rmse,persistence,phihyd_surface,150,0.016540214978158475,0.013103155419230461,0.020135533437132834
rmse,persistence,phihyd_surface,160,0.012506605995198091,0.01068168468773365,0.014771046675741672
rmse,persistence,phihyd_surface,170,0.0061388291418552395,0.0045182274654507635,0.009087749570608138
rmse,persistence,phihyd_surface,180,0.011360766800741355,0.008862550370395184,0.013591638579964638
rmse,persistence,phihyd_surface,190,0.016909080805877844,0.014354053139686584,0.020069941505789758
rmse,persistence,phihyd_surface,200,0.019848499322930972,0.017553424835205077,0.02194702923297882
rmse,persistence,phihyd_surface,210,0.02369432200988134,0.020598582178354263,0.027164490893483162
rmse,persistence,phihyd_surface,220,0.027415810028711955,0.023882849514484404,0.030206751450896262
rmse,persistence,phihyd_surface,230,0.029401386529207228,0.025819120183587074,0.03297273442149162
rmse,persistence,phihyd_surface,240,0.031004596998294196,0.027435778453946114,0.0344184473156929
rmse,persistence,phihyd_surface,250,0.032426025221745175,0.029903612658381463,0.0360412135720253
rmse,persistence,phihyd_surface,260,0.03217028627792994,0.029815173894166946,0.03555042073130608
rmse,persistence,phihyd_surface,270,0.030720180148879686,0.0276028536260128,0.03420243114233017
rmse,persistence,phihyd_surface,280,0.029913819829622903,0.026612463220953942,0.033334245532751085
rmse,persistence,phihyd_surface,290,0.029090266302227975,0.025155524536967278,0.03271931856870651
rmse,persistence,phihyd_surface,300,0.025354906047383944,0.023453344777226447,0.027439111098647117
rmse,persistence,phihyd_surface,310,0.020317668343583742,0.018734882399439812,0.023276055976748464
rmse,persistence,phihyd_surface,320,0.017796777561306952,0.014723256416618823,0.02081378847360611
rmse,persistence,phihyd_surface,330,0.01438078104207913,0.012801831029355526,0.016819120943546297
rmse,persistence,phihyd_surface,340,0.008703848471244176,0.007747279107570648,0.00973460152745247
rmse,persistence,phihyd_surface,350,0.012050909238557022,0.011081576719880104,0.013097633235156536
rmse,persistence,phihyd_surface,360,0.01745046346137921,0.01589498221874237,0.01982455253601074
rmse,persistence,phihyd_surface,370,0.020270783578356107,0.018541224673390387,0.022420981898903847
rmse,persistence,phihyd_surface,380,0.02387306330104669,0.02148147188127041,0.027368024736642838
rmse,persistence,phihyd_surface,390,0.027602328235904375,0.02469758875668049,0.030070228129625322
rmse,persistence,phihyd_surface,400,0.029696907227238018,0.026695052906870843,0.033007148653268814
rmse,persistence,phihyd_surface,410,0.03121132291853428,0.028366746753454207,0.034837839752435686
rmse,persistence,phihyd_surface,420,0.03267820241550604,0.030193935707211496,0.036771999299526216
rmse,persistence,phihyd_surface,430,0.032622359693050385,0.03008195161819458,0.03569413274526596
rmse,persistence,phihyd_surface,440,0.031214831521113713,0.027491454407572745,0.03442777171730995
rmse,persistence,phihyd_surface,450,0.03029207674165567,0.02657683603465557,0.03364763557910919
rmse,persistence,phihyd_surface,460,0.02963486003379027,0.025544045120477678,0.03333090096712112
rmse,persistence,phihyd_surface,470,0.026273237665494283,0.023865718767046927,0.028576863184571265
rmse,persistence,phihyd_surface,480,0.021245813742280007,0.01925247237086296,0.024712712690234184
rmse,persistence,phihyd_surface,490,0.018612667980293433,0.014782016538083554,0.02134239040315151
rmse,persistence,phihyd_surface,500,0.015671457226077715,0.012807682901620866,0.018042127415537835
rmse,persistence,phihyd_surface,510,0.010159438848495484,0.008344433829188347,0.013602730445563793
rmse,persistence,phihyd_surface,520,0.012266765162348748,0.010084632784128189,0.01527568157762289
rmse,persistence,phihyd_surface,530,0.017668419082959495,0.015065758675336837,0.020463341474533082
rmse,persistence,phihyd_surface,540,0.02050537479420503,0.018299193307757377,0.023200607672333718
rmse,persistence,phihyd_surface,550,0.023871901755531628,0.021238000690937044,0.027330752462148666
rmse,persistence,phihyd_surface,560,0.027618946259220442,0.023669685795903207,0.030539726838469505
rmse,persistence,phihyd_surface,570,0.02983764447271824,0.026570860296487808,0.03329835906624794
rmse,persistence,phihyd_surface,580,0.03125648486117522,0.02790258824825287,0.034558273106813434
rmse,persistence,phihyd_surface,590,0.032740333552161854,0.029567082598805427,0.036790207773447034
rmse,persistence,phihyd_surface,600,0.03285085583726565,0.03029070533812046,0.035693345963954924
rmse,persistence,phihyd_surface,610,0.03143307293454806,0.027216514572501183,0.03420499488711357
rmse,persistence,phihyd_surface,620,0.030338377381364506,0.026846766099333765,0.03295636549592018
rmse,persistence,phihyd_surface,630,0.029778807361920675,0.026190848648548128,0.033617136627435686
rmse,persistence,phihyd_surface,640,0.026728017379840215,0.024692122265696524,0.029378709942102434
rmse,persistence,phihyd_surface,650,0.02164249916871389,0.01964797228574753,0.024826832860708234
rmse,persistence,phihyd_surface,660,0.018776755097011724,0.01583876870572567,0.021518288180232048
rmse,persistence,phihyd_surface,670,0.016184594730536142,0.014192527160048485,0.018836184591054916
rmse,persistence,phihyd_surface,680,0.010891264987488587,0.010454451851546764,0.011384139582514764
rmse,persistence,phihyd_surface,690,0.012020583637058735,0.011271691881120205,0.012939065136015416
rmse,persistence,phihyd_surface,700,0.01757222811381022,0.01570235416293144,0.019902259483933447
rmse,persistence,phihyd_surface,710,0.020630120237668356,0.01886752061545849,0.02291041426360607
rmse,persistence,phihyd_surface,720,0.02389554095764955,0.0217618890106678,0.026846054941415787
rmse,persistence,phihyd_surface,730,0.02772121938566367,0.023932366445660592,0.03027420900762081
rmse,persistence,phihyd_surface,740,0.030179815987745922,0.02748475521802902,0.033746226131916045
rmse,persistence,phihyd_surface,750,0.0316579882055521,0.028736384585499763,0.03383226543664932
rmse,persistence,phihyd_surface,760,0.033249916260441145,0.030058710277080535,0.037027614563703536
rmse,persistence,phihyd_surface,770,0.033654324958721796,0.031241117045283318,0.03613334149122238
rmse,persistence,phihyd_surface,780,0.032461427400509515,0.02872047498822212,0.03473885953426361
rmse,persistence,phihyd_surface,790,0.03139678637186686,0.02781795561313629,0.03450296521186828
rmse,persistence,phihyd_surface,800,0.031048941239714623,0.028023619949817658,0.034824316203594205
rmse,persistence,phihyd_surface,810,0.028582282985250156,0.026548151671886445,0.031450874358415606
rmse,persistence,phihyd_surface,820,0.02391297680636247,0.021969517320394517,0.026656311005353928
rmse,persistence,phihyd_surface,830,0.021123170852661133,0.018621553480625153,0.023538853973150253
rmse,persistence,phihyd_surface,840,0.019148498276869454,0.01757081486284733,0.021876399219036103
rmse,persistence,phihyd_surface,850,0.014914185057083766,0.013689441978931427,0.015984324738383293
rmse,persistence,phihyd_surface,860,0.015001275390386582,0.013985979557037353,0.01614515222609043
rmse,persistence,phihyd_surface,870,0.019680097078283627,0.017788001149892808,0.022083042934536935
rmse,persistence,phihyd_surface,880,0.02257522443930308,0.02088443301618099,0.025075233727693557
rmse,persistence,phihyd_surface,890,0.02545053412516912,0.023111230880022048,0.027811673656105994
rmse,persistence,phihyd_surface,900,0.02906964495778084,0.025590113550424575,0.03137767091393471
rmse,persistence,phihyd_surface,910,0.03155945601562659,0.02881014458835125,0.03477884158492088
rmse,persistence,phihyd_surface,920,0.03293619453907013,0.029593876004219054,0.034707558900117876
rmse,persistence,phihyd_surface,930,0.03445613284905751,0.031193118542432785,0.038055256754159925
rmse,persistence,phihyd_surface,940,0.034987726559241615,0.03263419046998024,0.03710972741246223
rmse,persistence,phihyd_surface,950,0.033879786853988965,0.030617422610521316,0.03601106926798821
rmse,persistence,phihyd_surface,960,0.03269022131959597,0.029166875779628752,0.03603842332959175
rmse,persistence,phihyd_surface,970,0.032329301039377846,0.029713170230388643,0.03595540449023247
rmse,persistence,phihyd_surface,980,0.030241381376981735,0.028109661862254144,0.03295203372836113
rmse,persistence,phihyd_surface,990,0.025818736727039018,0.02408858872950077,0.02823950871825218
rmse,persistence,phihyd_surface,1000,0.022846003373463947,0.02047251835465431,0.02461509481072426
rmse,persistence,phihyd_surface,1010,0.021108784650762876,0.019115376099944115,0.023660847917199135
rmse,persistence,phihyd_surface,1020,0.017334900423884393,0.01633559465408325,0.018223951011896132
rmse,persistence,phihyd_surface,1030,0.01660049060980479,0.015631476975977422,0.017772266268730165
rmse,persistence,phihyd_surface,1040,0.020785943667093913,0.019245529547333717,0.022189588472247123
rmse,persistence,phihyd_surface,1050,0.023674226676424343,0.022009184956550597,0.025683684274554253
rmse,persistence,phihyd_surface,1060,0.02620799243450165,0.024186597019433976,0.02901904098689556
rmse,persistence,phihyd_surface,1070,0.029673530409733456,0.025936157256364823,0.03242077231407166
rmse,persistence,phihyd_surface,1080,0.032284734522302946,0.029809261485934258,0.03457534536719322
rmse,persistence,phihyd_surface,1090,0.033640006681283315,0.030802933126688005,0.036383312195539474
rmse,persistence,phihyd_surface,1100,0.035124457503358526,0.03170673251152038,0.039252739399671555
rmse,persistence,phihyd_surface,1110,0.03583546231190363,0.033082877099514005,0.038606831431388856
rmse,persistence,phihyd_surface,1120,0.034900325288375215,0.03245731219649315,0.03784394189715386
rmse,persistence,phihyd_surface,1130,0.03367399461567402,0.03006514683365822,0.03779893293976784
rmse,persistence,phihyd_surface,1140,0.03330005444586277,0.03059370219707489,0.0366221658885479
rmse,persistence,phihyd_surface,1150,0.03155348723133405,0.028606268391013146,0.034002989530563354
rmse,persistence,phihyd_surface,1160,0.02734057083725929,0.025112640485167502,0.02995181754231453
rmse,persistence,phihyd_surface,1170,0.02418428808450699,0.02160590551793575,0.026570625975728034
rmse,persistence,phihyd_surface,1180,0.0226194662352403,0.020152486860752106,0.025049413740634918
rmse,persistence,phihyd_surface,1190,0.019217172513405482,0.01766250468790531,0.021603550016880035
rmse,persistence,phihyd_surface,1200,0.017827854429682096,0.01655876636505127,0.02076050080358982
rmse,persistence,phihyd_surface,1210,0.021510519832372666,0.019459695369005204,0.02403436005115509
rmse,persistence,phihyd_surface,1220,0.024438751116394996,0.022756458446383476,0.026845191791653632
rmse,persistence,phihyd_surface,1230,0.026715687289834023,0.024939605221152305,0.02932989299297333
rmse,persistence,phihyd_surface,1240,0.02999895674486955,0.026490801572799684,0.03277459144592285
rmse,persistence,phihyd_surface,1250,0.032641784350077314,0.029737440496683122,0.035001906007528304
rmse,persistence,phihyd_surface,1260,0.033955017228921254,0.030415141582489015,0.036614027619361875
rmse,persistence,phihyd_surface,1270,0.03537865603963534,0.0319230780005455,0.039379905164241794
rmse,persistence,phihyd_surface,1280,0.03620491499702136,0.03423022031784058,0.03864281103014946
rmse,persistence,phihyd_surface,1290,0.0353682953864336,0.03289683163166046,0.038401421159505844
rmse,persistence,phihyd_surface,1300,0.0340410182873408,0.03129789493978023,0.03752676099538803
rmse,persistence,phihyd_surface,1310,0.033595935255289075,0.031214978918433188,0.036556608974933624
rmse,persistence,phihyd_surface,1320,0.032187708839774135,0.02964543178677559,0.03539179190993309
rmse,persistence,phihyd_surface,1330,0.028243550037344297,0.02637309953570366,0.03040933907032013
rmse,persistence,phihyd_surface,1340,0.0249153067668279,0.0232448048889637,0.026990944147109983
rmse,persistence,phihyd_surface,1350,0.023497825115919115,0.02177097536623478,0.025985196232795715
rmse,persistence,phihyd_surface,1360,0.020529267440239588,0.01992584243416786,0.021530074626207353
rmse,persistence,phihyd_surface,1370,0.018751202896237374,0.018663232028484345,0.01887793019413948
rmse,persistence,phihyd_surface,1380,0.02208115831017494,0.020852000638842582,0.023346174135804178
rmse,persistence,phihyd_surface,1390,0.02522462432583173,0.023657166585326194,0.027092179283499718
rmse,persistence,phihyd_surface,1400,0.02744678929448128,0.02590220458805561,0.029037581756711006
rmse,persistence,phihyd_surface,1410,0.030662152792016666,0.027827699854969978,0.033369611203670504
rmse,persistence,phihyd_surface,1420,0.03344716392457485,0.030848356336355208,0.03560416996479034
rmse,persistence,phihyd_surface,1430,0.034883419424295424,0.031818986684083936,0.03739550411701202
rmse,persistence,phihyd_surface,1440,0.03633428911368052,0.03316035121679306,0.03993599861860275
rmse,persistence,phihyd_surface,1450,0.037349486847718556,0.03551253080368042,0.04005875512957573
rmse,persistence,phihyd_surface,1460,0.03680278907219569,0.034431052207946775,0.03988578766584396
rmse,persistence,phihyd_surface,1470,0.035592573260267574,0.033288145810365675,0.03903892040252686
rmse,persistence,phihyd_surface,1480,0.035177831848462425,0.03277376666665077,0.03808174431324005
rmse,persistence,phihyd_surface,1490,0.03421097584068775,0.03133845403790474,0.03718406781554222
rmse,persistence,phihyd_surface,1500,0.03078422819574674,0.02892174944281578,0.03255439326167107
rmse,persistence,phihyd_surface,1510,0.027517639845609666,0.026034507155418395,0.02950804717838764
rmse,persistence,phihyd_surface,1520,0.026261777679125468,0.02474755682051182,0.02820456176996231
rmse,persistence,phihyd_surface,1530,0.02386481687426567,0.022913085669279097,0.025159063562750817
rmse,persistence,phihyd_surface,1540,0.0218699861317873,0.021339183673262596,0.02244313582777977
rmse,persistence,phihyd_surface,1550,0.02440336768825849,0.02362789735198021,0.025441058352589606
rmse,persistence,phihyd_surface,1560,0.027397800236940384,0.025946355238556863,0.029318978264927863
rmse,persistence,phihyd_surface,1570,0.02938024140894413,0.02811744771897793,0.030815744400024415
rmse,persistence,phihyd_surface,1580,0.032312966386477154,0.03027418367564678,0.0345503993332386
rmse,persistence,phihyd_surface,1590,0.03503340135018031,0.0328839048743248,0.03693410456180572
rmse,persistence,phihyd_surface,1600,0.036451642960309984,0.03362463042140007,0.03885069638490677
rmse,persistence,phihyd_surface,1610,0.0377728300789992,0.03496038466691971,0.041080990433692934
rmse,persistence,phihyd_surface,1620,0.03882118066151937,0.03710208460688591,0.04173353984951973
rmse,persistence,phihyd_surface,1630,0.03842912837862968,0.03659759610891342,0.041386612504720685
rmse,persistence,phihyd_surface,1640,0.03719449142615001,0.03462225422263145,0.040166544169187544
rmse,persistence,phihyd_surface,1650,0.03664437606930733,0.03430301994085312,0.03924736827611923
rmse,persistence,phihyd_surface,1660,0.03590923026204109,0.03264802619814873,0.03850789591670036
rmse,persistence,phihyd_surface,1670,0.03284189229210218,0.0313476674258709,0.034639864414930346
rmse,persistence,phihyd_surface,1680,0.02950286790728569,0.028249188512563705,0.031500575691461564
rmse,persistence,phihyd_surface,1690,0.028189843023816743,0.025875627994537354,0.030269139632582664
rmse,persistence,phihyd_surface,1700,0.02615756926437219,0.02488805875182152,0.027157264202833174
rmse,persistence,phihyd_surface,1710,0.023946269353230795,0.022987166419625282,0.02518643029034138
rmse,persistence,phihyd_surface,1720,0.025872101510564485,0.024780063331127165,0.027180403098464014
rmse,persistence,phihyd_surface,1730,0.0288186797251304,0.02730674259364605,0.03036494068801403
rmse,persistence,phihyd_surface,1740,0.030646340424815812,0.029046886786818504,0.032495413720607755
rmse,persistence,phihyd_surface,1750,0.033316092814008394,0.03089966028928757,0.036381032317876816
rmse,persistence,phihyd_surface,1760,0.03604683627684911,0.03374018296599388,0.038108035922050476
rmse,persistence,phihyd_surface,1770,0.03757003098726273,0.03448193222284317,0.04041330367326736
rmse,persistence,phihyd_surface,1780,0.03881002763907115,0.03649945184588432,0.042863454669713974
rmse,persistence,phihyd_surface,1790,0.03993730594714483,0.03780196532607079,0.04336449950933456
rmse,persistence,phihyd_surface,1800,0.03977771699428558,0.03733353242278099,0.04200995787978172
rmse,persistence,phihyd_surface,1810,0.03861491655309995,0.03543985188007355,0.041338611394166946
rmse,persistence,phihyd_surface,1820,0.03797179361184438,0.03479293063282966,0.0405951090157032
rmse,persistence,phihyd_surface,1830,0.03742084726691246,0.033741481602191925,0.04069257602095604
rmse,persistence,phihyd_surface,1840,0.034684554859995845,0.03257588148117065,0.03767772689461708
rmse,persistence,phihyd_surface,1850,0.031293280174334845,0.02964620143175125,0.033692116290330885
rmse,persistence,phihyd_surface,1860,0.029895817736784618,0.02756948247551918,0.03192028999328613
rmse,persistence,phihyd_surface,1870,0.0281729981303215,0.026719796657562255,0.029914374649524688
rmse,persistence,phihyd_surface,1880,0.025835455457369486,0.024823459237813948,0.028152627125382423
rmse,persistence,phihyd_surface,1890,0.027152840544780097,0.026007665693759917,0.02927555702626705
rmse,persistence,phihyd_surface,1900,0.030000951513648032,0.028537235409021377,0.03216556832194328
rmse,persistence,phihyd_surface,1910,0.03173314779996872,0.03019726574420929,0.03405398726463318
rmse,persistence,phihyd_surface,1920,0.03413284805913766,0.032121022790670396,0.036482305824756624
rmse,persistence,phihyd_surface,1930,0.03677509501576424,0.03406164422631264,0.03903467357158661
rmse,persistence,phihyd_surface,1940,0.03832153081893921,0.03558974638581276,0.041284972429275514
rmse,persistence,phihyd_surface,1950,0.039451988289753596,0.03686992526054382,0.04243576526641846
rmse,persistence,phihyd_surface,1960,0.040597194184859596,0.03846620544791222,0.04352364987134934
rmse,persistence,phihyd_surface,1970,0.040575868884722394,0.038545843213796616,0.04319739863276482
rmse,persistence,phihyd_surface,1980,0.039438204218943916,0.03619590699672699,0.04160658717155456
rmse,persistence,phihyd_surface,1990,0.03869750176866849,0.0360957071185112,0.040549947321414946
rmse,persistence,phihyd_surface,2000,0.038319241752227146,0.035539577901363376,0.041151534765958786
rmse,model,sst,0,0.0,0.0,0.0
rmse,model,sst,10,0.015882872293392816,0.014836825057864189,0.016741998866200446
rmse,model,sst,20,0.023594476779301963,0.022142615169286728,0.02446550242602825
rmse,model,sst,30,0.030459496875603995,0.02893914096057415,0.03210640847682953
rmse,model,sst,40,0.03824708114067713,0.03575483709573746,0.04168310314416886
rmse,model,sst,50,0.04658020113905271,0.043227826803922655,0.05146286264061928
rmse,model,sst,60,0.05568356116612752,0.05147218853235245,0.06128902956843376
rmse,model,sst,70,0.0648532417913278,0.059634000062942505,0.07042210698127746
rmse,model,sst,80,0.0731653094291687,0.0688781887292862,0.07859178483486176
rmse,model,sst,90,0.07985980858405431,0.07700951844453811,0.08471562564373017
rmse,model,sst,100,0.08422866861025492,0.08177105635404587,0.08670088201761246
rmse,model,sst,110,0.08711484968662261,0.08523678928613662,0.08959924280643464
rmse,model,sst,120,0.08925713151693344,0.08587970435619355,0.09208057522773742
rmse,model,sst,130,0.0907182440161705,0.0873392567038536,0.09317607879638672
rmse,model,sst,140,0.09175263543923697,0.08857430517673492,0.09463784694671631
rmse,model,sst,150,0.09306299885114035,0.08981928527355194,0.09569224566221238
rmse,model,sst,160,0.09436735014120738,0.09040928333997726,0.09732284843921661
rmse,model,sst,170,0.09570117344458898,0.0920269951224327,0.0990261435508728
rmse,model,sst,180,0.09712903449932735,0.09369987398386001,0.10092910379171371
rmse,model,sst,190,0.09852256079514822,0.09484419524669647,0.10250680297613143
rmse,model,sst,200,0.0999729424715042,0.09579388797283173,0.10413814187049866
rmse,model,sst,210,0.101951003074646,0.09631508588790894,0.10627038478851318
rmse,model,sst,220,0.10428885072469711,0.09784186184406281,0.1097327470779419
rmse,model,sst,230,0.10704901417096456,0.10046095699071884,0.1131664901971817
rmse,model,sst,240,0.11015567084153494,0.10330598652362824,0.11641262620687484
rmse,model,sst,250,0.11364300350348154,0.10624663084745407,0.12093555182218552
rmse,model,sst,260,0.11691657950480779,0.10883317291736602,0.12532471120357513
rmse,model,sst,270,0.1200553650657336,0.11114506274461747,0.1296164035797119
rmse,model,sst,280,0.12335239996512731,0.11284262835979461,0.13347884714603425
rmse,model,sst,290,0.1265440712372462,0.11401895731687546,0.13725187480449677
rmse,model,sst,300,0.12918244848648708,0.11585555076599122,0.14075517356395723
rmse,model,sst,310,0.13124189178148907,0.11714262068271637,0.14287227690219878
rmse,model,sst,320,0.1329860453804334,0.11746935695409774,0.14541116058826448
rmse,model,sst,330,0.13466793994108836,0.11864228248596191,0.14823562502861024
rmse,model,sst,340,0.13605948040882745,0.12036634534597397,0.1498107761144638
rmse,model,sst,350,0.1372945656379064,0.1222115308046341,0.15084862112998962
rmse,model,sst,360,0.13827041735251744,0.12373540550470352,0.15151869356632233
rmse,model,sst,370,0.13889315476020178,0.1251724660396576,0.1517031580209732
rmse,model,sst,380,0.13947444160779318,0.12622405886650084,0.1519148588180542
rmse,model,sst,390,0.13991507242123286,0.12757814228534697,0.15153514742851257
rmse,model,sst,400,0.1403377652168274,0.1293457955121994,0.15160722136497498
rmse,model,sst,410,0.14077916940053303,0.13057603538036347,0.15244309306144715
rmse,model,sst,420,0.1413793792327245,0.1313922166824341,0.1529642790555954
rmse,model,sst,430,0.1417955219745636,0.1323688805103302,0.15294598042964935
rmse,model,sst,440,0.1422624578078588,0.13269239366054536,0.1536398261785507
rmse,model,sst,450,0.1430657148361206,0.13472939133644105,0.15450541377067567
rmse,model,sst,460,0.14400839408238728,0.13682503402233123,0.15447880327701569
rmse,model,sst,470,0.14484911561012268,0.13781447410583497,0.15472470223903656
rmse,model,sst,480,0.14557600716749827,0.13906517028808593,0.15588486492633818
rmse,model,sst,490,0.14639205733935037,0.13966249227523803,0.15659401416778565
rmse,model,sst,500,0.14732969105243682,0.1407248854637146,0.15694364309310913
rmse,model,sst,510,0.14825548529624938,0.14118886590003968,0.15823699533939362
rmse,model,sst,520,0.14929473201433818,0.14175474345684053,0.1595913290977478
rmse,model,sst,530,0.15037998259067537,0.14301109910011292,0.16064533293247224
rmse,model,sst,540,0.15132847030957539,0.1441996544599533,0.16203851699829103
rmse,model,sst,550,0.15235265294710795,0.14536553621292114,0.16382983922958375
rmse,model,sst,560,0.15343122879664103,0.14656799137592316,0.1648315966129303
rmse,model,sst,570,0.15454902350902558,0.14748475551605225,0.16564958095550536
rmse,model,sst,580,0.1557353327671687,0.14813411235809326,0.1675648033618927
rmse,model,sst,590,0.157116703192393,0.1488257735967636,0.16962840557098388
rmse,model,sst,600,0.15835792521635692,0.14891932308673858,0.17090048193931578
rmse,model,sst,610,0.1594879647095998,0.14942549765110016,0.17232814729213713
rmse,model,sst,620,0.1608159452676773,0.15068316459655762,0.17394244372844697
rmse,model,sst,630,0.1621531456708908,0.15205505788326262,0.17452436983585357
rmse,model,sst,640,0.16324716607729595,0.15362770855426788,0.174943146109581
rmse,model,sst,650,0.16409397621949515,0.15471353828907014,0.17595792114734649
rmse,model,sst,660,0.1647811472415924,0.15509051382541655,0.17562845945358277
rmse,model,sst,670,0.16534866293271383,0.1554109901189804,0.17659624218940734
rmse,model,sst,680,0.16573645770549775,0.15601582527160646,0.17698556780815125
rmse,model,sst,690,0.1661496897538503,0.15687087476253508,0.1771577477455139
rmse,model,sst,700,0.16636036733786266,0.15746083557605745,0.17705368995666504
rmse,model,sst,710,0.16631788114706675,0.15771600604057312,0.17663569748401642
rmse,model,sst,720,0.16614793141682943,0.15766589045524598,0.17675557732582092
rmse,model,sst,730,0.16595007677872975,0.1573878526687622,0.17649765610694884
rmse,model,sst,740,0.16576303044954935,0.15681275725364685,0.1756598621606827
rmse,model,sst,750,0.16568034489949543,0.15575926005840302,0.17512693405151367
rmse,model,sst,760,0.16581070522467295,0.1550447642803192,0.1752612978219986
rmse,model,sst,770,0.1658889313538869,0.15446975231170654,0.1754862427711487
rmse,model,sst,780,0.1659748762845993,0.15475531816482543,0.17565059959888457
rmse,model,sst,790,0.16628216505050658,0.1554142564535141,0.176101216673851
rmse,model,sst,800,0.16679579218228657,0.15628294348716737,0.17672410905361174
rmse,model,sst,810,0.16729759573936462,0.15724077224731445,0.17772685289382933
rmse,model,sst,820,0.16769957145055134,0.15793953239917755,0.17815738320350646
rmse,model,sst,830,0.16808777749538423,0.1584995836019516,0.17867341935634612
rmse,model,sst,840,0.16848361790180205,0.1590677559375763,0.1797797828912735
rmse,model,sst,850,0.16885678668816884,0.15983824729919432,0.17984334230422974
rmse,model,sst,860,0.16939962605635325,0.16093213260173797,0.17993709743022918
rmse,model,sst,870,0.16990696291128796,0.16118149757385253,0.1796289265155792
rmse,model,sst,880,0.17029568552970886,0.16160622835159302,0.1792188823223114
rmse,model,sst,890,0.17063982884089152,0.162163245677948,0.17861872017383576
rmse,model,sst,900,0.17103790243466696,0.16211823225021363,0.178468918800354
rmse,model,sst,910,0.17151035368442535,0.16200636923313141,0.17858352065086364
rmse,model,sst,920,0.17214835186799368,0.1616247773170471,0.17993662357330323
rmse,model,sst,930,0.17297673324743906,0.16163747906684875,0.1817023277282715
rmse,model,sst,940,0.1738315204779307,0.16182867884635926,0.18309688568115234
rmse,model,sst,950,0.17459044655164083,0.16274647414684296,0.18388287127017974
rmse,model,sst,960,0.1755193163951238,0.1641381174325943,0.18534645438194275
rmse,model,sst,970,0.17659602363904317,0.16578103899955748,0.18705365359783171
rmse,model,sst,980,0.17759537001450856,0.1674646258354187,0.1880357176065445
rmse,model,sst,990,0.17848486602306365,0.1688329666852951,0.1886683315038681
rmse,model,sst,1000,0.17935212949911752,0.16992361545562745,0.18965014219284057
rmse,model,sst,1010,0.18018006285031637,0.17094759047031402,0.19011043310165404
rmse,model,sst,1020,0.18094105422496795,0.1722924917936325,0.1904351681470871
rmse,model,sst,1030,0.18183574775854747,0.17375485002994537,0.19077011048793793
rmse,model,sst,1040,0.18274143834908804,0.17469395697116852,0.19134159684181212
rmse,model,sst,1050,0.18354990780353547,0.175577712059021,0.19180959165096284
rmse,model,sst,1060,0.18423449297746022,0.1765528976917267,0.19271557331085204
rmse,model,sst,1070,0.18494255046049754,0.17728544175624847,0.1940918654203415
rmse,model,sst,1080,0.18563825686772664,0.17785827219486236,0.1955502986907959
rmse,model,sst,1090,0.18645237485567728,0.1783861845731735,0.19639354348182678
rmse,model,sst,1100,0.18740918536980947,0.1789422184228897,0.19764226377010347
rmse,model,sst,1110,0.1883866121371587,0.17964212894439696,0.19913970232009887
rmse,model,sst,1120,0.18920078873634338,0.1800987720489502,0.20010597109794617
rmse,model,sst,1130,0.19009965558846792,0.18070981800556182,0.20109276473522186
rmse,model,sst,1140,0.19115856091181438,0.18215329945087433,0.20281496345996858
rmse,model,sst,1150,0.19217328131198883,0.18390463590621947,0.2039099007844925
rmse,model,sst,1160,0.19302943249543508,0.18573687672615052,0.20452296137809753
rmse,model,sst,1170,0.19382322927316029,0.1876282125711441,0.20542965829372406
rmse,model,sst,1180,0.19455796678860982,0.18813619315624236,0.20599997639656067
rmse,model,sst,1190,0.1951340466737747,0.18826266527175903,0.20631062090396882
rmse,model,sst,1200,0.1957525720198949,0.18915702104568483,0.20657092630863189
rmse,model,sst,1210,0.19637832442919415,0.18967747688293457,0.20707542598247528
rmse,model,sst,1220,0.1968786507844925,0.18964896500110626,0.2073879599571228
rmse,model,sst,1230,0.19716241359710693,0.189276260137558,0.20722010135650634
rmse,model,sst,1240,0.19747521380583447,0.18884422779083251,0.20698979496955872
rmse,model,sst,1250,0.19775970578193663,0.18816992342472078,0.20668869614601135
rmse,model,sst,1260,0.19814324975013733,0.18802433907985688,0.20585246086120607
rmse,model,sst,1270,0.19865425527095795,0.1883573830127716,0.20600304007530212
rmse,model,sst,1280,0.19918218851089478,0.1887640506029129,0.206219819188118
rmse,model,sst,1290,0.19952106475830078,0.1893485128879547,0.2060874104499817
rmse,model,sst,1300,0.1998448262612025,0.19031550586223603,0.2063194215297699
rmse,model,sst,1310,0.20027622481187185,0.190619158744812,0.2061413049697876
rmse,model,sst,1320,0.20064365565776826,0.190131014585495,0.20581012070178986
rmse,model,sst,1330,0.20080448389053346,0.19096188247203827,0.20532582104206085
rmse,model,sst,1340,0.20083649059136707,0.19126003384590148,0.20529119968414306
rmse,model,sst,1350,0.2008098542690277,0.1908566802740097,0.20589775443077088
rmse,model,sst,1360,0.2006369630495707,0.1904088646173477,0.20661371052265168
rmse,model,sst,1370,0.20045367280642193,0.19002503156661987,0.20614187717437743
rmse,model,sst,1380,0.20028367936611174,0.18931516110897065,0.20639354586601258
rmse,model,sst,1390,0.20005668302377064,0.18859589099884033,0.20726338624954224
rmse,model,sst,1400,0.19959703187147776,0.1874920278787613,0.2071497619152069
rmse,model,sst,1410,0.1991729160149892,0.18636311292648317,0.20729343593120575
rmse,model,sst,1420,0.19874257743358612,0.1853388249874115,0.2078607976436615
rmse,model,sst,1430,0.19843250513076782,0.18482677042484283,0.20777917206287383
rmse,model,sst,1440,0.19826010763645172,0.18463075757026673,0.20756146907806397
rmse,model,sst,1450,0.19816549022992452,0.1847037971019745,0.20776377916336058
rmse,model,sst,1460,0.197887455423673,0.18462982177734374,0.20818346738815308
rmse,model,sst,1470,0.19755538205305737,0.18482230901718139,0.20789553523063659
rmse,model,sst,1480,0.19740641017754873,0.18434373140335084,0.20799403190612792
rmse,model,sst,1490,0.1972517490386963,0.18388331830501556,0.20872235298156738
rmse,model,sst,1500,0.19693605999151867,0.18383886516094208,0.20924792885780333
rmse,model,sst,1510,0.19656520982583364,0.18362560570240022,0.20960025787353515
rmse,model,sst,1520,0.19619390865166983,0.18279362022876738,0.20867988169193266
rmse,model,sst,1530,0.19574338694413504,0.18195150196552276,0.2075183004140854
rmse,model,sst,1540,0.19533960421880087,0.18134693801403046,0.20635937750339509
rmse,model,sst,1550,0.19501055479049684,0.1804857701063156,0.20553730428218842
rmse,model,sst,1560,0.19471411009629566,0.1796546012163162,0.20450289845466613
rmse,model,sst,1570,0.19427457451820374,0.17861908674240112,0.20382916331291198
rmse,model,sst,1580,0.19389694333076476,0.17758871912956237,0.2036006271839142
rmse,model,sst,1590,0.19353716373443602,0.17729003429412843,0.20370243787765502
rmse,model,sst,1600,0.19330437580744425,0.17774661779403686,0.20349287688732148
rmse,model,sst,1610,0.19315784374872844,0.1784227102994919,0.20331357717514037
rmse,model,sst,1620,0.19312779108683267,0.17951191067695618,0.2037000834941864
rmse,model,sst,1630,0.1929313451051712,0.1799519181251526,0.20345224738121032
rmse,model,sst,1640,0.19261412620544432,0.17951676845550538,0.2029211014509201
rmse,model,sst,1650,0.1924719174702962,0.17984882593154908,0.2031722754240036
rmse,model,sst,1660,0.19234324991703033,0.1807958036661148,0.20305709540843964
rmse,model,sst,1670,0.19203467071056365,0.1808190166950226,0.20237215757369995
rmse,model,sst,1680,0.19161741733551024,0.18001551926136017,0.20176276564598083
rmse,model,sst,1690,0.19119654794534047,0.17994551360607147,0.20110734701156616
rmse,model,sst,1700,0.19065758685270945,0.1796853482723236,0.20032186508178712
rmse,model,sst,1710,0.19007037878036498,0.17878907918930054,0.19925518929958344
rmse,model,sst,1720,0.1895578404267629,0.1777078002691269,0.19885604381561278
rmse,model,sst,1730,0.18908052643140158,0.1769433856010437,0.1984081208705902
rmse,model,sst,1740,0.18844633996486665,0.17582381665706634,0.19822894036769867
rmse,model,sst,1750,0.18784920871257782,0.1750842571258545,0.19836974143981934
rmse,model,sst,1760,0.1872807006041209,0.17479943633079528,0.19847477972507477
rmse,model,sst,1770,0.18684002260367075,0.17460051476955413,0.19815222918987274
rmse,model,sst,1780,0.18648446798324586,0.17420520186424254,0.19782935976982116
rmse,model,sst,1790,0.18629150291283925,0.1741184413433075,0.19832435846328736
rmse,model,sst,1800,0.18600359956423443,0.17371511459350586,0.19868771433830262
rmse,model,sst,1810,0.18557872772216796,0.1730293244123459,0.1983562022447586
rmse,model,sst,1820,0.1853664795557658,0.17282515168190002,0.19814000129699708
rmse,model,sst,1830,0.18528494934240977,0.17321816682815552,0.19802769124507905
rmse,model,sst,1840,0.18506175776322684,0.17314861118793487,0.19756188988685608
rmse,model,sst,1850,0.1847388317187627,0.1721615582704544,0.19700478613376618
rmse,model,sst,1860,0.18446398973464967,0.17204733788967133,0.1964765429496765
rmse,model,sst,1870,0.18410232563813528,0.17236169278621674,0.19586647748947145
rmse,model,sst,1880,0.18366589645544687,0.1717944860458374,0.19553618729114533
rmse,model,sst,1890,0.18335239191850025,0.17073257863521576,0.19582540094852446
rmse,model,sst,1900,0.18312118748823802,0.1703249603509903,0.19624858498573303
rmse,model,sst,1910,0.1827435185511907,0.1698000729084015,0.19661931693553925
rmse,model,sst,1920,0.18236278394858044,0.16916188597679138,0.1972730875015259
rmse,model,sst,1930,0.18203795651594798,0.16815525591373442,0.19751350879669188
rmse,model,sst,1940,0.18184830248355865,0.16738952696323395,0.19690110087394713
rmse,model,sst,1950,0.18177490731080373,0.16655460894107818,0.19667757153511048
rmse,model,sst,1960,0.18191202878952026,0.16609174907207488,0.19676615595817565
rmse,model,sst,1970,0.18198373317718505,0.1664122760295868,0.1968769758939743
rmse,model,sst,1980,0.1818810909986496,0.1670223981142044,0.19594746232032775
rmse,model,sst,1990,0.18194393118222554,0.16710691452026366,0.19577431678771973
rmse,model,sst,2000,0.18209715684254965,0.1675780951976776,0.19546098113059998
rmse,climatology,sst,0,0.0389265276491642,0.035574182868003845,0.04028378054499626
rmse,climatology,sst,10,0.03923815041780472,0.03736589401960373,0.04099519625306129
rmse,climatology,sst,20,0.039320103575785956,0.03762618154287338,0.040531442314386365
rmse,climatology,sst,30,0.038740519682566324,0.037184206396341325,0.040703299641609195
rmse,climatology,sst,40,0.03858900268872579,0.03573226556181908,0.04099956303834915
rmse,climatology,sst,50,0.03869208519657453,0.035776589065790176,0.04141226857900619
rmse,climatology,sst,60,0.03892315253615379,0.03620801270008087,0.04084012880921364
rmse,climatology,sst,70,0.03883726025621096,0.03657793998718262,0.04039426445960999
rmse,climatology,sst,80,0.03889933948715528,0.03720342889428139,0.040493494272232054
rmse,climatology,sst,90,0.0385918083290259,0.036352936178445816,0.04007422626018524
rmse,climatology,sst,100,0.03808314949274063,0.03563640341162681,0.03997560814023018
rmse,climatology,sst,110,0.03846561486522357,0.03538846671581268,0.04068335667252541
rmse,climatology,sst,120,0.0391620268424352,0.0369360975921154,0.040663623809814455
rmse,climatology,sst,130,0.03905573238929113,0.036967542767524716,0.04051199331879616
rmse,climatology,sst,140,0.03854350820183754,0.03628925234079361,0.04055894613265991
rmse,climatology,sst,150,0.03847473462422689,0.036773454397916794,0.04018149375915527
rmse,climatology,sst,160,0.03876204937696457,0.03648825287818909,0.04059707745909691
rmse,climatology,sst,170,0.039192409813404085,0.03596422746777535,0.04108245670795441
rmse,climatology,sst,180,0.03954434792200724,0.0378026694059372,0.04160578474402428
rmse,climatology,sst,190,0.039666857073704404,0.03801183849573135,0.04131584540009499
rmse,climatology,sst,200,0.0391374833881855,0.037005302309989926,0.04073157012462616
rmse,climatology,sst,210,0.03894718736410141,0.036845603585243226,0.041131512820720674
rmse,climatology,sst,220,0.039013138661781945,0.0360864095389843,0.041439615190029144
rmse,climatology,sst,230,0.03928909674286842,0.03607980981469154,0.04221329838037491
rmse,climatology,sst,240,0.03928377578655879,0.037222766876220705,0.04152922257781029
rmse,climatology,sst,250,0.039394378165404004,0.037359080463647845,0.040860824286937714
rmse,climatology,sst,260,0.03917150224248568,0.03787416815757751,0.040325429290533066
rmse,climatology,sst,270,0.038594473898410794,0.035747194290161134,0.041040093451738355
rmse,climatology,sst,280,0.038892330477635066,0.03569264784455299,0.041796446591615674
rmse,climatology,sst,290,0.03954295342167218,0.03681600540876388,0.04184556677937508
rmse,climatology,sst,300,0.03950322071711222,0.03669897019863129,0.04123248979449272
rmse,climatology,sst,310,0.038967961569627126,0.03685956448316574,0.040392880141735074
rmse,climatology,sst,320,0.03876896525422732,0.03676007017493248,0.04019445404410362
rmse,climatology,sst,330,0.03901253615816434,0.0367580384016037,0.04072318896651268
rmse,climatology,sst,340,0.039333031078179675,0.03730050250887871,0.04114143699407578
rmse,climatology,sst,350,0.03970204119880994,0.03842826262116432,0.040792157500982286
rmse,climatology,sst,360,0.03977415512005488,0.03860125839710236,0.04086871892213821
rmse,climatology,sst,370,0.03922105406721433,0.03733905926346779,0.040893657505512236
rmse,climatology,sst,380,0.03893251071373622,0.03676949143409729,0.04075540006160736
rmse,climatology,sst,390,0.03892797057827314,0.036288332939147946,0.04078308492898941
rmse,climatology,sst,400,0.039199275771776836,0.036311205476522446,0.041010621935129166
rmse,climatology,sst,410,0.039177962392568585,0.03710019960999489,0.04088482037186623
rmse,climatology,sst,420,0.03924319545427958,0.037356197088956836,0.040992462635040285
rmse,climatology,sst,430,0.039126329123973846,0.03758440688252449,0.04028929993510246
rmse,climatology,sst,440,0.03859675228595734,0.035973739624023435,0.04058179408311844
rmse,climatology,sst,450,0.038875288764635724,0.036123715341091156,0.04096135273575783
rmse,climatology,sst,460,0.0395233042538166,0.037233800441026685,0.04109750390052795
rmse,climatology,sst,470,0.03961017181475957,0.03667069897055626,0.0419235073029995
rmse,climatology,sst,480,0.0391746590534846,0.03701706826686859,0.04102122187614441
rmse,climatology,sst,490,0.038961848119894664,0.036649566143751144,0.04074745252728462
rmse,climatology,sst,500,0.03924075911442439,0.03702825680375099,0.04068201258778572
rmse,climatology,sst,510,0.03952258303761482,0.03730960935354233,0.041575784981250766
rmse,climatology,sst,520,0.03999821146329244,0.037730637937784195,0.04208253473043442
rmse,climatology,sst,530,0.04016936346888542,0.03925746530294418,0.041725782305002214
rmse,climatology,sst,540,0.03974688525001208,0.038326366990804675,0.04130316227674484
rmse,climatology,sst,550,0.03941935946544011,0.03750720992684364,0.04129010960459709
rmse,climatology,sst,560,0.03937338143587112,0.03743123114109039,0.041358274221420285
rmse,climatology,sst,570,0.039621128638585405,0.03651306629180908,0.04146371483802795
rmse,climatology,sst,580,0.03957422599196434,0.03712171912193298,0.04127625897526741
rmse,climatology,sst,590,0.0395555113752683,0.03747207000851631,0.04163379594683647
rmse,climatology,sst,600,0.03946403861045837,0.038206251710653304,0.04042920097708702
rmse,climatology,sst,610,0.03891412814458211,0.037230723351240155,0.04071764126420021
rmse,climatology,sst,620,0.039094367623329164,0.036197981983423236,0.04087410792708397
rmse,climatology,sst,630,0.03976216887434324,0.037381333857774736,0.04120213389396667
rmse,climatology,sst,640,0.04001028488079707,0.03789178282022476,0.0414759948849678
rmse,climatology,sst,650,0.039657976229985556,0.03800180703401566,0.04169531241059303
rmse,climatology,sst,660,0.03940767968694369,0.037139274179935455,0.042672567814588544
rmse,climatology,sst,670,0.03971094439427058,0.037156013399362565,0.042715606093406674
rmse,climatology,sst,680,0.039961193998654686,0.037435438483953476,0.04334578737616539
rmse,climatology,sst,690,0.040455657492081326,0.037824685126543044,0.04358770996332169
rmse,climatology,sst,700,0.04059690038363139,0.038637428730726245,0.042629342526197433
rmse,climatology,sst,710,0.04019549960891406,0.03834060952067375,0.042960327863693235
rmse,climatology,sst,720,0.039749699334303536,0.03740804716944694,0.042580753564834595
rmse,climatology,sst,730,0.039660439391930896,0.037138352543115614,0.041863950341939925
rmse,climatology,sst,740,0.03993046581745148,0.03732277825474739,0.04212096408009529
rmse,climatology,sst,750,0.039928440501292545,0.03796677812933922,0.04135965555906296
rmse,climatology,sst,760,0.03988582044839859,0.03805260807275772,0.04221247360110283
rmse,climatology,sst,770,0.0398756355047226,0.038502460718154906,0.04137360826134682
rmse,climatology,sst,780,0.03936569367845853,0.037119095027446744,0.04223604500293732
rmse,climatology,sst,790,0.03943144058187802,0.03703489750623703,0.04116088077425957
rmse,climatology,sst,800,0.040034457792838415,0.03786059468984604,0.04167283847928047
rmse,climatology,sst,810,0.04035055960218112,0.03734857067465782,0.04249558374285698
rmse,climatology,sst,820,0.04005491534868876,0.03848462328314781,0.042617876827716825
rmse,climatology,sst,830,0.03976211448510488,0.03751961141824722,0.04204339012503624
rmse,climatology,sst,840,0.0400624968111515,0.03827800527215004,0.0420110210776329
rmse,climatology,sst,850,0.040316805243492126,0.03809357732534409,0.04302234798669815
rmse,climatology,sst,860,0.040874794125556946,0.03849682286381721,0.043085020035505295
rmse,climatology,sst,870,0.04109724462032318,0.039014453440904616,0.043657094985246656
rmse,climatology,sst,880,0.04087039877971013,0.03812505975365639,0.04285670816898346
rmse,climatology,sst,890,0.04039949476718903,0.0381341889500618,0.04322784021496773
rmse,climatology,sst,900,0.04029621531565984,0.0374300591647625,0.044116347283124926
rmse,climatology,sst,910,0.040525620927413304,0.0370324857532978,0.04378214254975319
rmse,climatology,sst,920,0.04056992456316948,0.03861876353621483,0.043988478183746335
rmse,climatology,sst,930,0.04049479886889458,0.038243109732866286,0.042775098234415054
rmse,climatology,sst,940,0.04048402061065038,0.039012042433023454,0.04209213778376579
rmse,climatology,sst,950,0.03992336491743723,0.037575563788414,0.043389689177274704
rmse,climatology,sst,960,0.039783069988091786,0.036785179376602174,0.04257661551237106
rmse,climatology,sst,970,0.04024874245127042,0.037572725862264636,0.042731688171625135
rmse,climatology,sst,980,0.040551318973302844,0.03737293630838394,0.04284642562270165
rmse,climatology,sst,990,0.04015395392974218,0.0385109044611454,0.04162464141845703
rmse,climatology,sst,1000,0.03968651369214058,0.037180012464523314,0.04097885712981224
rmse,climatology,sst,1010,0.03982573623458544,0.03767070472240448,0.040924787521362305
rmse,climatology,sst,1020,0.04000506748755773,0.03759349659085274,0.04174910038709641
rmse,climatology,sst,1030,0.040522772322098416,0.03901488855481148,0.04182024002075195
rmse,climatology,sst,1040,0.04067090253035228,0.03947173058986664,0.041593723744153974
rmse,climatology,sst,1050,0.0405220165848732,0.038726451247930525,0.04253634363412857
rmse,climatology,sst,1060,0.04002908517916997,0.037983471900224684,0.041537946462631224
rmse,climatology,sst,1070,0.03999927168091138,0.0378521591424942,0.04207375794649124
rmse,climatology,sst,1080,0.040253596752882,0.03743250817060471,0.04193212017416954
rmse,climatology,sst,1090,0.04035128951072693,0.03854134157299995,0.04201788753271103
rmse,climatology,sst,1100,0.0403200534482797,0.037618924677371976,0.0429812990128994
rmse,climatology,sst,1110,0.040460674464702605,0.03919013068079948,0.04231737330555916
rmse,climatology,sst,1120,0.040067223459482194,0.037821578234434126,0.04182684198021889
rmse,climatology,sst,1130,0.03990391020973524,0.03774506896734238,0.041196220368146894
rmse,climatology,sst,1140,0.04044067735473315,0.038453197479248045,0.04286759123206139
rmse,climatology,sst,1150,0.040964020788669585,0.038243168592453004,0.04314146041870117
rmse,climatology,sst,1160,0.04070663129289945,0.03875950053334236,0.04307485446333885
rmse,climatology,sst,1170,0.040280140936374664,0.03665898442268371,0.04334911480545998
rmse,climatology,sst,1180,0.04039734726150831,0.0387549988925457,0.043094496428966525
rmse,climatology,sst,1190,0.040535857528448106,0.0371116504073143,0.04343818575143814
rmse,climatology,sst,1200,0.04098510468999545,0.037693044543266295,0.04409050792455673
rmse,climatology,sst,1210,0.04109025672078133,0.03903769850730896,0.04352933540940285
rmse,climatology,sst,1220,0.04095784748593966,0.03938766345381737,0.04277277812361717
rmse,climatology,sst,1230,0.040319263686736426,0.03862808868288994,0.04171583652496338
rmse,climatology,sst,1240,0.040175589919090274,0.0383313424885273,0.042140697687864305
rmse,climatology,sst,1250,0.04030706236759821,0.03821108415722847,0.042169494181871416
rmse,climatology,sst,1260,0.04034544974565506,0.03876626417040825,0.04199964925646782
rmse,climatology,sst,1270,0.04023234943548838,0.037885463982820514,0.04209604561328888
rmse,climatology,sst,1280,0.04032240261634191,0.039106564968824385,0.042050641030073166
rmse,climatology,sst,1290,0.039957874764998756,0.03788528516888619,0.04160626009106636
rmse,climatology,sst,1300,0.03967845439910889,0.03773863986134529,0.04126293882727623
rmse,climatology,sst,1310,0.0401764211555322,0.037311796098947525,0.04203509241342544
rmse,climatology,sst,1320,0.040819522986809416,0.03916796743869781,0.04206844493746757
rmse,climatology,sst,1330,0.040624981621901195,0.03906555846333504,0.04197691306471825
rmse,climatology,sst,1340,0.04018539513150851,0.03800393417477608,0.042569630593061444
rmse,climatology,sst,1350,0.04026504581173261,0.03827325627207756,0.04276412799954414
rmse,climatology,sst,1360,0.04048949976762136,0.0373726487159729,0.04351980909705162
rmse,climatology,sst,1370,0.04098515634735425,0.03766613006591797,0.04385845512151718
rmse,climatology,sst,1380,0.041161747525135677,0.039302176982164386,0.043013372272253034
rmse,climatology,sst,1390,0.04112643152475357,0.039282400906085965,0.04329364597797394
rmse,climatology,sst,1400,0.04050477892160416,0.03883707597851753,0.04307471588253975
rmse,climatology,sst,1410,0.04036785339315732,0.037910154461860655,0.042400097101926805
rmse,climatology,sst,1420,0.04048984348773956,0.03781618997454643,0.04260598495602608
rmse,climatology,sst,1430,0.04060747598608335,0.038573943078517914,0.04230679199099541
rmse,climatology,sst,1440,0.040521283199389774,0.03861702755093575,0.04226296618580818
rmse,climatology,sst,1450,0.04064768478274346,0.039070792496204376,0.04220638945698738
rmse,climatology,sst,1460,0.040367187062899275,0.038424254208803174,0.04252757132053375
rmse,climatology,sst,1470,0.039979999015728636,0.03726644143462181,0.04218429774045944
rmse,climatology,sst,1480,0.0404066023727258,0.03842575028538704,0.04255111217498779
rmse,climatology,sst,1490,0.041092508286237714,0.038560354709625246,0.0426804780960083
rmse,climatology,sst,1500,0.040958639979362485,0.038688021898269656,0.04325947016477585
rmse,climatology,sst,1510,0.04052856018145879,0.03830949142575264,0.0429424025118351
rmse,climatology,sst,1520,0.04054990187287331,0.03889039382338524,0.041907912492752074
rmse,climatology,sst,1530,0.040825051814317705,0.03898916766047478,0.04332024827599525
rmse,climatology,sst,1540,0.041315358877182004,0.038755118101835254,0.04326828196644783
rmse,climatology,sst,1550,0.041595975309610365,0.03984755501151085,0.04400506913661957
rmse,climatology,sst,1560,0.04167978391051293,0.039496705681085584,0.04372515305876732
rmse,climatology,sst,1570,0.04111440678437551,0.03864116594195366,0.04285746738314629
rmse,climatology,sst,1580,0.04095339874426524,0.03910853564739227,0.04388387128710747
rmse,climatology,sst,1590,0.04100876376032829,0.0382003091275692,0.04395983144640923
rmse,climatology,sst,1600,0.04114906514684359,0.03835702911019325,0.04427207261323929
rmse,climatology,sst,1610,0.041051002343495686,0.03889369145035744,0.04366464912891388
rmse,climatology,sst,1620,0.041129828741153084,0.03953730762004852,0.04255763664841652
rmse,climatology,sst,1630,0.04083139250675837,0.039364997297525406,0.043316307663917544
rmse,climatology,sst,1640,0.04030461957057317,0.03747496381402016,0.04310665726661682
rmse,climatology,sst,1650,0.04058432380358378,0.037572456151247026,0.042834044247865674
rmse,climatology,sst,1660,0.041188707451025645,0.0385990247130394,0.04358363896608353
rmse,climatology,sst,1670,0.04104507391651471,0.03855032548308372,0.042697151005268094
rmse,climatology,sst,1680,0.04051572034756343,0.03851882070302963,0.04175920933485031
rmse,climatology,sst,1690,0.04038137967387835,0.03866378739476204,0.04158435463905334
rmse,climatology,sst,1700,0.040611815204222995,0.038391324877738955,0.042102723568677905
rmse,climatology,sst,1710,0.0409739077091217,0.03953967243432999,0.04256449416279793
rmse,climatology,sst,1720,0.04129303793112437,0.03992599844932556,0.04243656769394875
rmse,climatology,sst,1730,0.04139807124932607,0.040375564247369766,0.042552171647548674
rmse,climatology,sst,1740,0.040907031297683714,0.03907790035009384,0.04248782098293304
rmse,climatology,sst,1750,0.04076925342281659,0.038266072422266005,0.04266425967216492
rmse,climatology,sst,1760,0.0408424807091554,0.038646642863750455,0.04261467903852463
rmse,climatology,sst,1770,0.04108066732684771,0.038975877314805986,0.04261013418436051
rmse,climatology,sst,1780,0.041045248756806055,0.03871481344103813,0.043272634595632554
rmse,climatology,sst,1790,0.04118432725469271,0.03933758065104485,0.04344757497310638
rmse,climatology,sst,1800,0.04104899341861407,0.03953409790992737,0.04243944212794304
rmse,climatology,sst,1810,0.04055558194716771,0.038506540656089785,0.04239427670836449
rmse,climatology,sst,1820,0.0408610666791598,0.03880712166428566,0.04267729669809341
rmse,climatology,sst,1830,0.041530511776606244,0.03940248191356659,0.04357566088438034
rmse,climatology,sst,1840,0.0415676881869634,0.03962739333510399,0.043776945769786836
rmse,climatology,sst,1850,0.04111889451742172,0.038632041215896605,0.0432883195579052
rmse,climatology,sst,1860,0.04093213950594266,0.03857018649578094,0.04344930425286293
rmse,climatology,sst,1870,0.04115298911929131,0.038687439262866975,0.04361452758312225
rmse,climatology,sst,1880,0.04137253065903981,0.038680321723222735,0.04390581846237183
rmse,climatology,sst,1890,0.04170452331503232,0.039516158401966095,0.04377297684550285
rmse,climatology,sst,1900,0.041775421053171155,0.04064891412854195,0.04340821281075478
rmse,climatology,sst,1910,0.041279500474532445,0.03989434540271759,0.042859040945768354
rmse,climatology,sst,1920,0.041013117382923764,0.03900380879640579,0.04269414767622948
rmse,climatology,sst,1930,0.04099471047520638,0.038906097412109375,0.04313959404826164
rmse,climatology,sst,1940,0.04124706586201986,0.03862219750881195,0.04280190691351891
rmse,climatology,sst,1950,0.04124195327361425,0.038993924111127856,0.042798858135938644
rmse,climatology,sst,1960,0.041344628234704334,0.03969873860478401,0.043725666403770444
rmse,climatology,sst,1970,0.04130065689484278,0.03956850245594978,0.04341807663440704
rmse,climatology,sst,1980,0.04083047186334928,0.038992829620838165,0.04291983619332314
rmse,climatology,sst,1990,0.04105264221628507,0.037743794918060306,0.042988076061010363
rmse,climatology,sst,2000,0.04167828361193339,0.03930864557623863,0.043147407472133636
rmse,persistence,sst,0,0.0,0.0,0.0
rmse,persistence,sst,10,0.023042166605591774,0.020479941740632057,0.02563916929066181
rmse,persistence,sst,20,0.03856733292341232,0.03373042419552803,0.04298889711499214
rmse,persistence,sst,30,0.04891509289542834,0.04647354483604431,0.05156893655657768
rmse,persistence,sst,40,0.057242782910664876,0.05418467968702316,0.05950823128223419
rmse,persistence,sst,50,0.06063304543495178,0.05708782449364662,0.06359810680150986
rmse,persistence,sst,60,0.06012430936098099,0.05624728724360466,0.06265129595994949
rmse,persistence,sst,70,0.05777601401011149,0.054612552374601366,0.06046492829918861
rmse,persistence,sst,80,0.05628771136204402,0.05466724410653114,0.059250836819410325
rmse,persistence,sst,90,0.05650631164511045,0.05237568914890289,0.06010627299547196
rmse,persistence,sst,100,0.05736470048626264,0.054158564656972885,0.060222916305065155
rmse,persistence,sst,110,0.059464330226182936,0.05618496611714363,0.06233227401971817
rmse,persistence,sst,120,0.061601980278889336,0.058154468238353726,0.06477647721767425
rmse,persistence,sst,130,0.057892923802137376,0.054586438834667204,0.06133759096264839
rmse,persistence,sst,140,0.0485353097319603,0.04516090154647827,0.052382343262434
rmse,persistence,sst,150,0.03918354411919912,0.03462531939148903,0.04354237616062164
rmse,persistence,sst,160,0.026337347676356634,0.022562621161341667,0.030428403988480568
rmse,persistence,sst,170,0.00792422991556426,0.004298828914761544,0.01397098246961832
rmse,persistence,sst,180,0.022736939415335656,0.019568313658237458,0.025879812613129615
rmse,persistence,sst,190,0.038413395484288536,0.03384401425719261,0.0426293708384037
rmse,persistence,sst,200,0.048792302856842676,0.04622915461659431,0.05128918662667274
rmse,persistence,sst,210,0.05732917338609696,0.05408214032649994,0.05966533496975899
rmse,persistence,sst,220,0.06116565962632497,0.057142330706119536,0.06445401906967163
rmse,persistence,sst,230,0.06098727285861969,0.056582964956760406,0.06418800801038742
rmse,persistence,sst,240,0.05873332694172859,0.054895386844873426,0.06132027879357338
rmse,persistence,sst,250,0.057100818306207654,0.05507359877228737,0.060181742161512376
rmse,persistence,sst,260,0.05720635106166204,0.053904710710048674,0.0606622114777565
rmse,persistence,sst,270,0.0579372559984525,0.05468766540288925,0.060530157387256624
rmse,persistence,sst,280,0.05977712472279866,0.05647493675351143,0.06240667924284935
rmse,persistence,sst,290,0.06208477939168612,0.058399172872304915,0.06539676040410995
rmse,persistence,sst,300,0.059102864811817805,0.056422244757413864,0.062367182970046994
rmse,persistence,sst,310,0.05000442390640577,0.046959517151117326,0.0534022681415081
rmse,persistence,sst,320,0.04064119632045428,0.03658885657787323,0.04514366537332535
rmse,persistence,sst,330,0.02858776313563188,0.02476356364786625,0.032689718157052995
rmse,persistence,sst,340,0.010739213787019253,0.008615901321172714,0.014986113458871842
rmse,persistence,sst,350,0.021221152196327846,0.019207865372300147,0.02300005778670311
rmse,persistence,sst,360,0.03726205229759216,0.03253916054964066,0.040852976590394975
rmse,persistence,sst,370,0.04778944179415703,0.04404589980840683,0.05050943195819855
rmse,persistence,sst,380,0.05656925092140833,0.054643557965755464,0.05834648683667183
rmse,persistence,sst,390,0.060873207201560336,0.05751967802643776,0.06385107338428497
rmse,persistence,sst,400,0.060984612256288526,0.057375714927911756,0.0636196956038475
rmse,persistence,sst,410,0.058748547732830045,0.05476367995142937,0.0611641176044941
rmse,persistence,sst,420,0.05691383803884188,0.054657251387834546,0.05948930829763412
rmse,persistence,sst,430,0.0568803404768308,0.052732905745506285,0.060019660741090775
rmse,persistence,sst,440,0.05759602238734563,0.05403863787651062,0.06036221235990524
rmse,persistence,sst,450,0.059327831119298936,0.05562944784760475,0.062120279669761656
rmse,persistence,sst,460,0.06181384970744451,0.0586536705493927,0.06580062210559845
rmse,persistence,sst,470,0.05959331418077151,0.0562618114054203,0.06291785389184952
rmse,persistence,sst,480,0.05088289429744085,0.04714471697807312,0.05441480353474617
rmse,persistence,sst,490,0.041534288724263506,0.03709461465477944,0.04599729627370834
rmse,persistence,sst,500,0.030118444686134657,0.0255777932703495,0.034046436101198195
rmse,persistence,sst,510,0.011922400506834189,0.00822939332574606,0.01779892109334469
rmse,persistence,sst,520,0.01922636286665996,0.015957046300172806,0.024095606431365012
rmse,persistence,sst,530,0.03599305773774783,0.030969375744462013,0.04048373475670815
rmse,persistence,sst,540,0.04691285118460655,0.04217287302017212,0.050658611208200456
rmse,persistence,sst,550,0.055929681907097496,0.05311096534132957,0.05816507190465927
rmse,persistence,sst,560,0.060712827493747075,0.05635459795594215,0.06390184462070465
rmse,persistence,sst,570,0.06112276340524356,0.05652530863881111,0.0643899530172348
rmse,persistence,sst,580,0.05891189177831014,0.05442845821380615,0.06131061911582947
rmse,persistence,sst,590,0.05680682708819707,0.05446892455220222,0.060029088705778125
rmse,persistence,sst,600,0.05650502194960912,0.052517658472061156,0.059934253245592116
rmse,persistence,sst,610,0.05706616565585136,0.05324354320764542,0.060483375936746596
rmse,persistence,sst,620,0.058562486867109936,0.054472704976797105,0.06115721464157105
rmse,persistence,sst,630,0.061131654183069865,0.05800265297293663,0.06482765823602676
rmse,persistence,sst,640,0.05963086436192195,0.05678364261984825,0.06332844346761704
rmse,persistence,sst,650,0.051283509284257886,0.047787246853113176,0.05474387854337692
rmse,persistence,sst,660,0.04176929096380869,0.03760173469781876,0.04551720097661018
rmse,persistence,sst,670,0.030760911603768665,0.026298149675130843,0.035313486307859424
rmse,persistence,sst,680,0.011983227419356505,0.00998624712228775,0.016461360827088354
rmse,persistence,sst,690,0.015797963800529637,0.013318159431219102,0.01864155903458595
rmse,persistence,sst,700,0.03386419676244259,0.02927938997745514,0.0375713936984539
rmse,persistence,sst,710,0.04537333970268567,0.04148001000285149,0.049187127500772476
rmse,persistence,sst,720,0.05468042343854904,0.05253071486949921,0.0568036787211895
rmse,persistence,sst,730,0.06011539325118065,0.05590623468160629,0.06275120228528977
rmse,persistence,sst,740,0.06100916763146718,0.057338394969701764,0.06409125477075577
rmse,persistence,sst,750,0.05904928669333458,0.055123770236968996,0.06131694242358208
rmse,persistence,sst,760,0.05693450495600701,0.055736062675714494,0.05939725637435913
rmse,persistence,sst,770,0.05660824303825696,0.05278588160872459,0.059056705236434935
rmse,persistence,sst,780,0.057266671458880106,0.05275895819067955,0.061200284957885744
rmse,persistence,sst,790,0.058716977139314015,0.054273690283298495,0.06153527721762657
rmse,persistence,sst,800,0.06139896338184674,0.05849026814103127,0.06487861424684524
rmse,persistence,sst,810,0.06072766780853271,0.057798010855913164,0.06458815187215805
rmse,persistence,sst,820,0.05312500670552254,0.049901819229125975,0.056715229898691176
rmse,persistence,sst,830,0.04379466747244199,0.03947948738932609,0.04697113260626793
rmse,persistence,sst,840,0.033672177543242775,0.02982631027698517,0.03933161795139313
rmse,persistence,sst,850,0.017306965589523316,0.013133064843714237,0.02252291366457939
rmse,persistence,sst,860,0.01692923946926991,0.012627722509205342,0.022170082852244376
rmse,persistence,sst,870,0.034019344424208,0.02981583960354328,0.037183592468500136
rmse,persistence,sst,880,0.04565877467393875,0.041765902936458585,0.049609123915433886
rmse,persistence,sst,890,0.05489303469657898,0.05265468433499336,0.05652179643511772
rmse,persistence,sst,900,0.060766492038965225,0.05643740519881248,0.06393496245145798
rmse,persistence,sst,910,0.06201424226164818,0.05764615759253502,0.06504294425249099
rmse,persistence,sst,920,0.06024949525793393,0.056231190264225,0.06362189501523971
rmse,persistence,sst,930,0.05798893496394157,0.05527754724025726,0.060819408297538756
rmse,persistence,sst,940,0.05738770837585131,0.05557007119059563,0.05974890217185021
rmse,persistence,sst,950,0.05789164255062739,0.05371634289622307,0.06189994513988495
rmse,persistence,sst,960,0.05903708760937055,0.0549553170800209,0.06218849942088127
rmse,persistence,sst,970,0.06155035470922788,0.059142643213272096,0.065666563808918
rmse,persistence,sst,980,0.06144327918688456,0.05804925337433815,0.06470653265714646
rmse,persistence,sst,990,0.05436349486311277,0.05050182715058327,0.05735345110297203
rmse,persistence,sst,1000,0.044811762124300006,0.04087447375059128,0.0485202319920063
rmse,persistence,sst,1010,0.03492133008937041,0.030205558240413665,0.03995368108153343
rmse,persistence,sst,1020,0.01895454842597246,0.016377830132842063,0.021951086074113845
rmse,persistence,sst,1030,0.014318067766726016,0.012460402213037014,0.017274418100714683
rmse,persistence,sst,1040,0.03175078853964806,0.029313527792692185,0.034423237293958665
rmse,persistence,sst,1050,0.04406328524152438,0.040327951312065125,0.04757417812943458
rmse,persistence,sst,1060,0.05352019170920054,0.05220853164792061,0.05490037426352501
rmse,persistence,sst,1070,0.06004265372951825,0.05791284739971161,0.06222050189971924
rmse,persistence,sst,1080,0.06172760700186094,0.05845733806490898,0.06466100364923477
rmse,persistence,sst,1090,0.06019745816787084,0.056770633161067965,0.062449365854263306
rmse,persistence,sst,1100,0.05787949214378993,0.05475921705365181,0.060483957082033156
rmse,persistence,sst,1110,0.05710738698641459,0.05416729971766472,0.06103752553462982
rmse,persistence,sst,1120,0.05762287825345993,0.05258907973766327,0.06112379655241966
rmse,persistence,sst,1130,0.05871333802739779,0.056004087626934054,0.06223269104957581
rmse,persistence,sst,1140,0.06122983197371165,0.058491974323987964,0.0651638612151146
rmse,persistence,sst,1150,0.06186984380086263,0.05793982073664665,0.06630152463912964
rmse,persistence,sst,1160,0.05562391902009646,0.051001927256584166,0.059862714260816574
rmse,persistence,sst,1170,0.04614449764291446,0.042023904621601105,0.05062175542116165
rmse,persistence,sst,1180,0.03667994787295659,0.03097493276000023,0.041653641313314435
rmse,persistence,sst,1190,0.021585043395558993,0.017207476869225503,0.02750749848783016
rmse,persistence,sst,1200,0.012691132972637813,0.008340931124985218,0.02262430228292942
rmse,persistence,sst,1210,0.030030825858314833,0.025514493882656097,0.03587357401847839
rmse,persistence,sst,1220,0.04282739460468292,0.03705382794141769,0.046819958835840225
rmse,persistence,sst,1230,0.05231359526515007,0.05021338164806366,0.054963575303554536
rmse,persistence,sst,1240,0.05928880721330643,0.055318613350391385,0.061732206493616104
rmse,persistence,sst,1250,0.061316727598508196,0.05764050856232643,0.06466609686613083
rmse,persistence,sst,1260,0.059913894285758336,0.05586512461304664,0.0622978150844574
rmse,persistence,sst,1270,0.05740919411182403,0.05454493761062622,0.0601060189306736
rmse,persistence,sst,1280,0.056260295957326886,0.05423091426491737,0.05944081693887711
rmse,persistence,sst,1290,0.05660928164919218,0.0522329568862915,0.06030103489756584
rmse,persistence,sst,1300,0.05750604743758837,0.054009263217449185,0.05985878705978394
rmse,persistence,sst,1310,0.059855165580908455,0.05761010944843292,0.06282074451446533
rmse,persistence,sst,1320,0.06108804071942965,0.05770583227276802,0.06442611068487167
rmse,persistence,sst,1330,0.05556539793809255,0.052052701264619826,0.05852259024977684
rmse,persistence,sst,1340,0.045881934463977814,0.04226013422012329,0.049619477987289426
rmse,persistence,sst,1350,0.03640158760050933,0.03159277141094208,0.041721022129058837
rmse,persistence,sst,1360,0.021641405299305916,0.018833833187818526,0.024477125331759452
rmse,persistence,sst,1370,0.008093584949771563,0.006423192005604506,0.012797352112829685
rmse,persistence,sst,1380,0.026858454570174217,0.023616959154605866,0.029336444661021234
rmse,persistence,sst,1390,0.0408488504588604,0.036210736632347106,0.04495819509029388
rmse,persistence,sst,1400,0.05072938874363899,0.048950185626745225,0.05297311916947365
rmse,persistence,sst,1410,0.058378028621276216,0.054907529056072234,0.060568132996559144
rmse,persistence,sst,1420,0.06102152317762375,0.057692380249500276,0.06424815952777863
rmse,persistence,sst,1430,0.060044803222020465,0.05611486732959747,0.062356064468622206
rmse,persistence,sst,1440,0.0576723908384641,0.05559713393449783,0.060002265870571135
rmse,persistence,sst,1450,0.05643197024861971,0.05495389774441719,0.05946228802204132
rmse,persistence,sst,1460,0.05682966709136963,0.052464810013771054,0.06066239550709725
rmse,persistence,sst,1470,0.05774782498677571,0.05460819005966187,0.06058684885501862
rmse,persistence,sst,1480,0.05998336101571719,0.05702350214123726,0.06306773573160171
rmse,persistence,sst,1490,0.06180011530717214,0.05804518386721611,0.0652750626206398
rmse,persistence,sst,1500,0.05729093924164772,0.05423391163349152,0.06020905822515488
rmse,persistence,sst,1510,0.04791487058003743,0.044469673186540604,0.05138137117028237
rmse,persistence,sst,1520,0.03884499420722325,0.03437775894999504,0.04440344050526619
rmse,persistence,sst,1530,0.025791164860129355,0.022637390345335007,0.03112637624144554
rmse,persistence,sst,1540,0.01219325214624405,0.007428327761590481,0.017405590787529946
rmse,persistence,sst,1550,0.026820438851912817,0.023212758451700212,0.02952914088964462
rmse,persistence,sst,1560,0.04090925852457682,0.03687070310115814,0.044521939009428024
rmse,persistence,sst,1570,0.050714973857005435,0.048355698585510254,0.052976212650537494
rmse,persistence,sst,1580,0.05863470484813054,0.05517871305346489,0.061259415745735166
rmse,persistence,sst,1590,0.06172051305572192,0.05767630115151405,0.06447037458419799
rmse,persistence,sst,1600,0.06104907567302386,0.057261377573013306,0.06390774250030518
rmse,persistence,sst,1610,0.058650969465573626,0.054865922033786776,0.06171985790133476
rmse,persistence,sst,1620,0.05711562260985374,0.05503595247864723,0.060189664363861084
rmse,persistence,sst,1630,0.05730654448270798,0.05334169939160347,0.06089831218123436
rmse,persistence,sst,1640,0.0580316257973512,0.054879502207040784,0.06119440570473671
rmse,persistence,sst,1650,0.05994752322634061,0.05674271509051323,0.06282267868518829
rmse,persistence,sst,1660,0.06203700179855029,0.05825800970196724,0.06527782678604126
rmse,persistence,sst,1670,0.05833714629213015,0.05504908934235573,0.061352402716875074
rmse,persistence,sst,1680,0.049030966311693194,0.04575858861207962,0.052705025672912596
rmse,persistence,sst,1690,0.039890864739815395,0.03565497621893883,0.04410940706729889
rmse,persistence,sst,1700,0.02751944859822591,0.023646580800414086,0.031076956540346146
rmse,persistence,sst,1710,0.011784841492772102,0.009680540859699249,0.01529904194176197
rmse,persistence,sst,1720,0.024093384792407354,0.022108166292309762,0.02585356719791889
rmse,persistence,sst,1730,0.039080755412578584,0.035451528429985044,0.04290486797690392
rmse,persistence,sst,1740,0.04922504350543022,0.04632671251893043,0.05148364007472992
rmse,persistence,sst,1750,0.05762861991922061,0.05596588253974914,0.05922999754548073
rmse,persistence,sst,1760,0.061310214052597685,0.058489571511745456,0.06408173739910125
rmse,persistence,sst,1770,0.06103743712107341,0.057815763354301455,0.06343306005001068
rmse,persistence,sst,1780,0.058710091809431715,0.05446735396981239,0.06079599857330322
rmse,persistence,sst,1790,0.056994096686442695,0.05440312623977661,0.06045592054724693
rmse,persistence,sst,1800,0.05710428208112717,0.0524235799908638,0.06040059328079224
rmse,persistence,sst,1810,0.05784615452090899,0.05471122488379478,0.06137728542089462
rmse,persistence,sst,1820,0.05965744405984878,0.05553137958049774,0.06332571804523468
rmse,persistence,sst,1830,0.06208048264185587,0.05902735739946365,0.06624058187007904
rmse,persistence,sst,1840,0.05935184011856715,0.055530717968940733,0.06245289146900177
rmse,persistence,sst,1850,0.05043573478857676,0.0463826559484005,0.05482934489846229
rmse,persistence,sst,1860,0.041351507604122165,0.036572837829589845,0.04557496383786201
rmse,persistence,sst,1870,0.029792913670341172,0.0249100711196661,0.034307724237442015
rmse,persistence,sst,1880,0.012847467573980491,0.00921768881380558,0.021205345168709755
rmse,persistence,sst,1890,0.02187277264893055,0.01862318515777588,0.0272540558129549
rmse,persistence,sst,1900,0.03740686972935994,0.03230886459350586,0.04166882708668709
rmse,persistence,sst,1910,0.047791597743829094,0.043416035175323484,0.05105718672275543
rmse,persistence,sst,1920,0.0564610406756401,0.05357642099261284,0.058476226031780244
rmse,persistence,sst,1930,0.060640815645456314,0.0565903902053833,0.06372574418783188
rmse,persistence,sst,1940,0.0606674924492836,0.0565807044506073,0.0633682057261467
rmse,persistence,sst,1950,0.05833361744880676,0.054085171222686766,0.06073984503746033
rmse,persistence,sst,1960,0.05634482055902481,0.05417411848902702,0.05908866077661514
rmse,persistence,sst,1970,0.05628473411003749,0.05227991491556168,0.05992211401462555
rmse,persistence,sst,1980,0.05700519730647405,0.053562816232442856,0.06023810803890228
rmse,persistence,sst,1990,0.05864937876661618,0.05488943755626678,0.06170997843146324
rmse,persistence,sst,2000,0.06128479888041814,0.058351154625415805,0.0647919699549675
acc,selected,surface_u,0,1.0,1.0,1.0
acc,selected,surface_u,10,0.9649362047513326,0.9522889733314515,0.9741173624992371
acc,selected,surface_u,20,0.9188845316569011,0.9020836591720581,0.9361203908920288
acc,selected,surface_u,30,0.8650280475616455,0.8417766928672791,0.8938870787620544
acc,selected,surface_u,40,0.7931759238243103,0.7465923666954041,0.8381035566329956
acc,selected,surface_u,50,0.7130174954732259,0.6610560178756714,0.7706896424293518
acc,selected,surface_u,60,0.6169368147850036,0.5594682097434998,0.6943433284759521
acc,selected,surface_u,70,0.5203061540921529,0.45409381985664365,0.6145918250083923
acc,selected,surface_u,80,0.44682061672210693,0.3890123188495636,0.537262749671936
acc,selected,surface_u,90,0.3822710633277893,0.3279900312423706,0.47644760012626647
acc,selected,surface_u,100,0.31520561774571737,0.2554526269435883,0.3923747599124908
acc,selected,surface_u,110,0.26448123653729755,0.20911459624767303,0.35484487414360044
acc,selected,surface_u,120,0.22199580172697703,0.17108606398105622,0.3034391701221466
acc,selected,surface_u,130,0.1808928499619166,0.13968177735805512,0.22398149371147155
acc,selected,surface_u,140,0.15113504379987716,0.10997395068407059,0.19488142132759093
acc,selected,surface_u,150,0.12412816633780797,0.09013253748416901,0.15996158123016357
acc,selected,surface_u,160,0.10270749107003212,0.07598303109407425,0.137160325050354
acc,selected,surface_u,170,0.08327301914493243,0.053905966132879256,0.1068464457988739
acc,selected,surface_u,180,0.06994538232684136,0.03321571797132492,0.106248839199543
acc,selected,surface_u,190,0.054478617509206136,0.013066764734685422,0.11247936934232712
acc,selected,surface_u,200,0.039962303514281906,-0.0009565911255776877,0.09944159835577011
acc,prior,surface_u,0,1.0,1.0,1.0
acc,prior,surface_u,10,0.9984351992607117,0.9974883913993835,0.9989295125007629
acc,prior,surface_u,20,0.9956607977549236,0.9928113102912903,0.997404420375824
acc,prior,surface_u,30,0.9919271429379781,0.9871979117393493,0.9951715111732483
acc,prior,surface_u,40,0.987838073571523,0.98043133020401,0.9925280809402466
acc,prior,surface_u,50,0.9835324009259542,0.9717370271682739,0.989260482788086
acc,prior,surface_u,60,0.9778804461161296,0.965944504737854,0.9847900152206421
acc,prior,surface_u,70,0.9701323588689168,0.9616667747497558,0.9784470438957215
acc,prior,surface_u,80,0.9590199629465739,0.9513627052307129,0.9674429535865784
acc,prior,surface_u,90,0.9356128573417664,0.9159899950027466,0.9533535838127136
acc,prior,surface_u,100,0.9011690338452657,0.8733396768569947,0.9251613616943359
acc,prior,surface_u,110,0.8583651860555013,0.8318544030189514,0.8901733994483948
acc,prior,surface_u,120,0.7926381071408589,0.7494979858398437,0.841316020488739
acc,prior,surface_u,130,0.7005482157071431,0.6380636096000671,0.7618695855140686
acc,prior,surface_u,140,0.6069706956545512,0.5145698070526123,0.6895035862922668
acc,prior,surface_u,150,0.5220770239830017,0.425090354681015,0.6010220170021057
acc,prior,surface_u,160,0.4236696521441142,0.32526651620864866,0.48596136569976806
acc,prior,surface_u,170,0.3297210981448491,0.24731263816356658,0.4193995714187622
acc,prior,surface_u,180,0.23555328647295634,0.17116623520851135,0.3064421474933624
acc,prior,surface_u,190,0.16240133047103883,0.10962077975273132,0.21677417755126954
acc,prior,surface_u,200,0.10722747414062421,0.03506849016994239,0.16245122849941254
acc,selected,surface_v,0,1.0,1.0,1.0
acc,selected,surface_v,10,0.8115957657496135,0.7675651431083679,0.8607137084007264
acc,selected,surface_v,20,0.7293650031089782,0.6804147243499756,0.7917460322380065
acc,selected,surface_v,30,0.7261741121610006,0.6694975852966308,0.7727382779121399
acc,selected,surface_v,40,0.6807306369145711,0.6088427424430847,0.749764883518219
acc,selected,surface_v,50,0.6580742677052815,0.5737899780273438,0.744628119468689
acc,selected,surface_v,60,0.6181024054686228,0.5300842881202698,0.6828259468078614
acc,selected,surface_v,70,0.5712081929047902,0.4908460021018982,0.6473019480705261
acc,selected,surface_v,80,0.521962438027064,0.41628780364990237,0.5958921909332275
acc,selected,surface_v,90,0.42801860769589745,0.36244049072265627,0.49957478046417236
acc,selected,surface_v,100,0.3448864221572876,0.22929433286190032,0.4584985673427582
acc,selected,surface_v,110,0.3000261495510737,0.21015441715717315,0.40539475679397585
acc,selected,surface_v,120,0.21388540118932725,0.10947910845279694,0.3305413365364075
acc,selected,surface_v,130,0.12226711011802156,-0.022382214106619357,0.19665716588497162
acc,selected,surface_v,140,0.03552128784358501,-0.05655730292201042,0.12255195677280425
acc,selected,surface_v,150,-0.017479667936762176,-0.1478145033121109,0.08608933538198471
acc,selected,surface_v,160,-0.0554973828063036,-0.1697064071893692,0.041012798249721524
acc,selected,surface_v,170,-0.08397719624141851,-0.18711796402931213,0.00953229665756224
acc,selected,surface_v,180,-0.102537119636933,-0.18228195905685424,-0.02302108481526375
acc,selected,surface_v,190,-0.12023988291621208,-0.2076311081647873,-0.010209055989980717
acc,selected,surface_v,200,-0.1126804894748299,-0.2300538867712021,0.010466232534963631
acc,prior,surface_v,0,1.0,1.0,1.0
acc,prior,surface_v,10,0.9961950659751893,0.9947222352027894,0.997584342956543
acc,prior,surface_v,20,0.9909307440121968,0.9867780804634094,0.9939675807952881
acc,prior,surface_v,30,0.9841895580291748,0.9792963624000549,0.9893628478050231
acc,prior,surface_v,40,0.9754677057266236,0.9655409812927246,0.9823072195053101
acc,prior,surface_v,50,0.9632188638051351,0.950294029712677,0.9743140339851379
acc,prior,surface_v,60,0.9432830691337586,0.9128382205963135,0.9651349306106567
acc,prior,surface_v,70,0.9178865393002827,0.863269305229187,0.9511645555496215
acc,prior,surface_v,80,0.881681764125824,0.7985991716384888,0.921418023109436
acc,prior,surface_v,90,0.8185238361358642,0.7386204481124878,0.8810495615005494
acc,prior,surface_v,100,0.7289711038271586,0.5949299812316895,0.7909720301628113
acc,prior,surface_v,110,0.6337644398212433,0.5250549912452698,0.7119653344154357
acc,prior,surface_v,120,0.5447904030481975,0.44086437225341796,0.6274553656578064
acc,prior,surface_v,130,0.43938699960708616,0.3250021517276764,0.5105231523513794
acc,prior,surface_v,140,0.3322791943947474,0.25314687490463256,0.40279570817947385
acc,prior,surface_v,150,0.23515379031499226,0.18706318438053132,0.2925356388092041
acc,prior,surface_v,160,0.16039163768291473,0.1285394698381424,0.19910942316055297
acc,prior,surface_v,170,0.12021857102711996,0.0879202127456665,0.16424699425697326
acc,prior,surface_v,180,0.07978320419788361,0.050553809851408005,0.10035769045352935
acc,prior,surface_v,190,0.04929304085671902,0.0241396963596344,0.07064073532819748
acc,prior,surface_v,200,0.032784234670301275,0.015050899051129819,0.05608820617198944
acc,selected,phihyd_surface,0,1.0,1.0,1.0
acc,selected,phihyd_surface,10,0.9234525005022685,0.9152228236198425,0.9294910192489624
acc,selected,phihyd_surface,20,0.8751648267110189,0.8654722809791565,0.8845577001571655
acc,selected,phihyd_surface,30,0.8363730430603027,0.818718409538269,0.8494896054267883
acc,selected,phihyd_surface,40,0.798307494322459,0.7817547559738159,0.8132895708084107
acc,selected,phihyd_surface,50,0.7625884771347046,0.7431894063949585,0.7754753828048706
acc,selected,phihyd_surface,60,0.7333648959795634,0.711621904373169,0.744269335269928
acc,selected,phihyd_surface,70,0.7127063353856404,0.691640043258667,0.7253062963485718
acc,selected,phihyd_surface,80,0.6987735986709595,0.6780230522155761,0.7139462113380433
acc,selected,phihyd_surface,90,0.6926697850227356,0.6715777516365051,0.7089754223823548
acc,selected,phihyd_surface,100,0.6923319856325786,0.6787551283836365,0.7078444719314575
acc,selected,phihyd_surface,110,0.6913665016492208,0.6723469376564026,0.7052385330200195
acc,selected,phihyd_surface,120,0.6870283762613932,0.6721332192420959,0.7008071184158325
acc,selected,phihyd_surface,130,0.6825636625289917,0.6666278600692749,0.6963235378265381
acc,selected,phihyd_surface,140,0.6752943833669026,0.6578004479408264,0.6896384835243226
acc,selected,phihyd_surface,150,0.6646918773651123,0.6487590789794921,0.6769091129302979
acc,selected,phihyd_surface,160,0.6520092487335205,0.634581184387207,0.6621019124984742
acc,selected,phihyd_surface,170,0.6373552680015564,0.6210657835006714,0.6525642395019531
acc,selected,phihyd_surface,180,0.620447568098704,0.607325553894043,0.636257779598236
acc,selected,phihyd_surface,190,0.6034278313318888,0.5892210006713867,0.6223509430885314
acc,selected,phihyd_surface,200,0.5880925337473552,0.5676218867301941,0.609244990348816
acc,prior,phihyd_surface,0,1.0,1.0,1.0
acc,prior,phihyd_surface,10,0.9976354956626892,0.9973227739334106,0.9981500625610351
acc,prior,phihyd_surface,20,0.9916198134422303,0.9899059534072876,0.993475365638733
acc,prior,phihyd_surface,30,0.9788703680038452,0.9726675629615784,0.9843868017196655
acc,prior,phihyd_surface,40,0.9527767459551494,0.9342064023017883,0.9652591347694397
acc,prior,phihyd_surface,50,0.9044010122617085,0.8656325459480285,0.929598069190979
acc,prior,phihyd_surface,60,0.826513671875,0.7659948229789734,0.8657341003417969
acc,prior,phihyd_surface,70,0.7218432784080505,0.6428766965866088,0.7713683843612671
acc,prior,phihyd_surface,80,0.6010306497414907,0.5105210721492768,0.6552477002143859
acc,prior,phihyd_surface,90,0.47981491684913635,0.3900329232215881,0.5300289154052734
acc,prior,phihyd_surface,100,0.37155115803082783,0.29539951086044314,0.41422832012176514
acc,prior,phihyd_surface,110,0.282104962070783,0.22151127755641936,0.3210678040981293
acc,prior,phihyd_surface,120,0.21247776250044506,0.1670596718788147,0.24234998524188994
acc,prior,phihyd_surface,130,0.15763091991345088,0.12647227048873902,0.17802613377571105
acc,prior,phihyd_surface,140,0.11305916160345078,0.10007545202970505,0.1314477503299713
acc,prior,phihyd_surface,150,0.08068207154671352,0.06734978556632995,0.0885312408208847
acc,prior,phihyd_surface,160,0.05644329761465391,0.04483107849955559,0.06821736842393875
acc,prior,phihyd_surface,170,0.03745899386703968,0.02906148470938206,0.04690044820308685
acc,prior,phihyd_surface,180,0.02353443348159393,0.014360155537724495,0.032196966558694834
acc,prior,phihyd_surface,190,0.011824943400764216,0.0013326429878361525,0.021163552254438396
acc,prior,phihyd_surface,200,0.003326413267253277,-0.0046593365259468555,0.013128267042338848
acc,selected,sst,0,1.0,1.0,1.0
acc,selected,sst,10,0.9182972272237142,0.9108880639076233,0.9254584908485413
acc,selected,sst,20,0.8294157147407532,0.8161388635635376,0.8492248177528381
acc,selected,sst,30,0.7405805985132853,0.7205230236053467,0.7588107347488403
acc,selected,sst,40,0.6456181883811951,0.6200370192527771,0.66581871509552
acc,selected,sst,50,0.5640403469403584,0.5347043871879578,0.5863007664680481
acc,selected,sst,60,0.49234364231427513,0.46175971031188967,0.5241738557815552
acc,selected,sst,70,0.4255285143852234,0.3841668486595154,0.4600324690341949
acc,selected,sst,80,0.36470874547958376,0.3146072864532471,0.4128139138221741
acc,selected,sst,90,0.3129125952720642,0.26247415542602537,0.36489795446395873
acc,selected,sst,100,0.278972531358401,0.2432514727115631,0.3405601143836975
acc,selected,sst,110,0.24838372667630512,0.2117505043745041,0.30090953707695006
acc,selected,sst,120,0.21724809209505716,0.17412935495376586,0.24649650752544403
acc,selected,sst,130,0.19540553291638693,0.15507268011569977,0.2259512335062027
acc,selected,sst,140,0.18646658559640247,0.1403995484113693,0.23219094276428223
acc,selected,sst,150,0.1768900826573372,0.13685303628444673,0.24140741527080536
acc,selected,sst,160,0.171971628566583,0.1216355100274086,0.2389415293931961
acc,selected,sst,170,0.1674283931652705,0.11323911249637604,0.23096653521060945
acc,selected,sst,180,0.1604529802997907,0.1063147634267807,0.22013764977455139
acc,selected,sst,190,0.15646944493055343,0.09980533868074418,0.21439493894577025
acc,selected,sst,200,0.1523795579870542,0.0973772406578064,0.2000047445297241
acc,prior,sst,0,1.0,1.0,1.0
acc,prior,sst,10,0.9599370797475179,0.9466445922851563,0.9679758548736572
acc,prior,sst,20,0.8945281585057576,0.857421052455902,0.9199724912643432
acc,prior,sst,30,0.8074055115381876,0.7354424715042114,0.8495879769325256
acc,prior,sst,40,0.7030866265296936,0.5932259440422059,0.7642396688461304
acc,prior,sst,50,0.5968573411305745,0.46909801959991454,0.6643274903297425
acc,prior,sst,60,0.49246931870778404,0.37300198078155516,0.5584379076957703
acc,prior,sst,70,0.40188530683517454,0.29177541732788087,0.4678443908691406
acc,prior,sst,80,0.3234431912501653,0.2338535338640213,0.3737383782863617
acc,prior,sst,90,0.24048419098059337,0.1643320620059967,0.30014500617980955
acc,prior,sst,100,0.17627644191185635,0.12403349876403809,0.2360237032175064
acc,prior,sst,110,0.12127452542384466,0.06255555003881455,0.1565141648054123
acc,prior,sst,120,0.08490140931680798,0.0328356770798564,0.11001990139484405
acc,prior,sst,130,0.08451934431989988,0.04744355157017708,0.11861434876918792
acc,prior,sst,140,0.0854538306593895,0.04740192294120789,0.1333206534385681
acc,prior,sst,150,0.08432852278153101,0.03689503222703934,0.12043318152427673
acc,prior,sst,160,0.07082322829713424,0.01933313254266978,0.10674502700567245
acc,prior,sst,170,0.042924556384483975,-0.022462159395217896,0.10294714272022246
acc,prior,sst,180,0.011964041056732337,-0.049583218246698375,0.06032236367464065
acc,prior,sst,190,-0.019847072970393734,-0.0791889190673828,0.02327565178275108
acc,prior,sst,200,-0.03649974774258832,-0.0773028388619423,0.0012726966291666001
