(PID.TID 0000.0001) 
(PID.TID 0000.0001) // ======================================================
(PID.TID 0000.0001) //                      MITgcm UV
(PID.TID 0000.0001) //                      =========
(PID.TID 0000.0001) // ======================================================
(PID.TID 0000.0001) // execution environment starting up...
(PID.TID 0000.0001) 
(PID.TID 0000.0001) // MITgcmUV version:  checkpoint68j
(PID.TID 0000.0001) // Build user:        mjalabert314
(PID.TID 0000.0001) // Build host:        pod.cnsi.ucsb.edu
(PID.TID 0000.0001) // Build date:        Wed Aug 12 15:46:28 PDT 2026
(PID.TID 0000.0001) 
(PID.TID 0000.0001) // =======================================================
(PID.TID 0000.0001) // Execution Environment parameter file "eedata"
(PID.TID 0000.0001) // =======================================================
(PID.TID 0000.0001) > &EEPARMS
(PID.TID 0000.0001) > nTx=1,
(PID.TID 0000.0001) > nTy=1,
(PID.TID 0000.0001) > /
(PID.TID 0000.0001) >
(PID.TID 0000.0001) 
(PID.TID 0000.0001) // =======================================================
(PID.TID 0000.0001) // Computational Grid Specification ( see files "SIZE.h" )
(PID.TID 0000.0001) //                                  ( and "eedata"       )
(PID.TID 0000.0001) // =======================================================
(PID.TID 0000.0001)      nPx =    2 ; /* No. processes in X */
(PID.TID 0000.0001)      nPy =    2 ; /* No. processes in Y */
(PID.TID 0000.0001)      nSx =    1 ; /* No. tiles in X per process */
(PID.TID 0000.0001)      nSy =    1 ; /* No. tiles in Y per process */
(PID.TID 0000.0001)      sNx =   31 ; /* Tile size in X */
(PID.TID 0000.0001)      sNy =   31 ; /* Tile size in Y */
(PID.TID 0000.0001)      OLx =    2 ; /* Tile overlap distance in X */
(PID.TID 0000.0001)      OLy =    2 ; /* Tile overlap distance in Y */
(PID.TID 0000.0001)      nTx =    1 ; /* No. threads in X per process */
(PID.TID 0000.0001)      nTy =    1 ; /* No. threads in Y per process */
(PID.TID 0000.0001)       Nr =   15 ; /* No. levels in the vertical   */
(PID.TID 0000.0001)       Nx =   62 ; /* Total domain size in X ( = nPx*nSx*sNx ) */
(PID.TID 0000.0001)       Ny =   62 ; /* Total domain size in Y ( = nPy*nSy*sNy ) */
(PID.TID 0000.0001)   nTiles =    1 ; /* Total no. tiles per process ( = nSx*nSy ) */
(PID.TID 0000.0001)   nProcs =    4 ; /* Total no. processes ( = nPx*nPy ) */
(PID.TID 0000.0001) nThreads =    1 ; /* Total no. threads per process ( = nTx*nTy ) */
(PID.TID 0000.0001) usingMPI =    T ; /* Flag used to control whether MPI is in use */
(PID.TID 0000.0001)                   /*  note: To execute a program with MPI calls */
(PID.TID 0000.0001)                   /*  it must be launched appropriately e.g     */
(PID.TID 0000.0001)                   /*  "mpirun -np 64 ......"                    */
(PID.TID 0000.0001) useCoupler=   F ; /* Flag used to control communications with   */
(PID.TID 0000.0001)                   /*  other model components, through a coupler */
(PID.TID 0000.0001) useNest2W_parent =    F ;/* Control 2-W Nesting comm */
(PID.TID 0000.0001) useNest2W_child  =    F ;/* Control 2-W Nesting comm */
(PID.TID 0000.0001) debugMode =    F ; /* print debug msg. (sequence of S/R calls)  */
(PID.TID 0000.0001) printMapIncludesZeros=    F ; /* print zeros in Std.Output maps */
(PID.TID 0000.0001) maxLengthPrt1D=   65 /* maxLength of 1D array printed to StdOut */
(PID.TID 0000.0001) 
(PID.TID 0000.0001) ======= Starting MPI parallel Run =========
(PID.TID 0000.0001)  My Processor Name (len:  6 ) = node64
(PID.TID 0000.0001)  Located at (  0,  0) on processor grid (0:  1,0:  1)
(PID.TID 0000.0001)  Origin at  (     1,     1) on global grid (1:    62,1:    62)
(PID.TID 0000.0001)  North neighbor = processor 0001
(PID.TID 0000.0001)  South neighbor = processor 0001
(PID.TID 0000.0001)   East neighbor = processor 0002
(PID.TID 0000.0001)   West neighbor = processor 0002
(PID.TID 0000.0001) // ======================================================
(PID.TID 0000.0001) // Mapping of tiles to threads
(PID.TID 0000.0001) // ======================================================
(PID.TID 0000.0001) // -o- Thread   1, tiles (   1:   1,   1:   1)
(PID.TID 0000.0001) 
(PID.TID 0000.0001) // ======================================================
(PID.TID 0000.0001) // Tile <-> Tile connectvity table
(PID.TID 0000.0001) // ======================================================
(PID.TID 0000.0001) // Tile number: 000001 (process no. = 000000)
(PID.TID 0000.0001) //        WEST: Tile = 000002, Process = 000002, Comm = messages
(PID.TID 0000.0001) //                bi = 000001, bj = 000001
(PID.TID 0000.0001) //        EAST: Tile = 000002, Process = 000002, Comm = messages
(PID.TID 0000.0001) //                bi = 000001, bj = 000001
(PID.TID 0000.0001) //       SOUTH: Tile = 000003, Process = 000001, Comm = messages
(PID.TID 0000.0001) //                bi = 000001, bj = 000001
(PID.TID 0000.0001) //       NORTH: Tile = 000003, Process = 000001, Comm = messages
(PID.TID 0000.0001) //                bi = 000001, bj = 000001
(PID.TID 0000.0001) 
(PID.TID 0000.0001)  INI_PARMS: opening model parameter file "data"
(PID.TID 0000.0001)  OPEN_COPY_DATA_FILE: opening file data
(PID.TID 0000.0001) // =======================================================
(PID.TID 0000.0001) // Parameter file "data"
(PID.TID 0000.0001) // =======================================================
(PID.TID 0000.0001) ># AF--FNO S0 adjoint: official 1-degree baroclinic-gyre tutorial physics
(PID.TID 0000.0001) > &PARM01
(PID.TID 0000.0001) > viscAh=5000.,
(PID.TID 0000.0001) > viscAr=1.E-2,
(PID.TID 0000.0001) > no_slip_sides=.TRUE.,
(PID.TID 0000.0001) > no_slip_bottom=.FALSE.,
(PID.TID 0000.0001) > diffKhT=1000.,
(PID.TID 0000.0001) > diffKrT=1.E-5,
(PID.TID 0000.0001) > ivdc_kappa=1.,
(PID.TID 0000.0001) > implicitDiffusion=.TRUE.,
(PID.TID 0000.0001) > eosType='LINEAR',
(PID.TID 0000.0001) > tRef=30.,27.,24.,21.,18.,15.,13.,11.,9.,7.,6.,5.,4.,3.,2.,
(PID.TID 0000.0001) > tAlpha=2.E-4,
(PID.TID 0000.0001) > sBeta=0.,
(PID.TID 0000.0001) > rhoNil=999.8,
(PID.TID 0000.0001) > gravity=9.81,
(PID.TID 0000.0001) > rigidLid=.FALSE.,
(PID.TID 0000.0001) > implicitFreeSurface=.TRUE.,
(PID.TID 0000.0001) > exactConserv=.TRUE.,
(PID.TID 0000.0001) > saltStepping=.FALSE.,
(PID.TID 0000.0001) > useSingleCpuIO=.TRUE.,
(PID.TID 0000.0001) > /
(PID.TID 0000.0001) > &PARM02
(PID.TID 0000.0001) > cg2dTargetResidual=1.E-12,
(PID.TID 0000.0001) > cg2dMaxIters=1000,
(PID.TID 0000.0001) > /
(PID.TID 0000.0001) > &PARM03
(PID.TID 0000.0001) > nIter0=3111120,
(PID.TID 0000.0001) > nTimeSteps=720,
(PID.TID 0000.0001) > deltaT=1200.,
(PID.TID 0000.0001) > pChkptFreq=0.0,
(PID.TID 0000.0001) > chkptFreq=0.,
(PID.TID 0000.0001) > dumpFreq=0.,
(PID.TID 0000.0001) > monitorFreq=2592000.,
(PID.TID 0000.0001) > monitorSelect=2,
(PID.TID 0000.0001) > tauThetaClimRelax=2592000.,
(PID.TID 0000.0001) > /
(PID.TID 0000.0001) > &PARM04
(PID.TID 0000.0001) > usingSphericalPolarGrid=.TRUE.,
(PID.TID 0000.0001) > delX=62*1.,
(PID.TID 0000.0001) > delY=62*1.,
(PID.TID 0000.0001) > xgOrigin=-1.,
(PID.TID 0000.0001) > ygOrigin=14.,
(PID.TID 0000.0001) > delR=50.,60.,70.,80.,90.,100.,110.,120.,130.,140.,150.,160.,170.,180.,190.,
(PID.TID 0000.0001) > /
(PID.TID 0000.0001) > &PARM05
(PID.TID 0000.0001) > bathyFile='bathy.bin',
(PID.TID 0000.0001) > zonalWindFile='windx_cosy.bin',
(PID.TID 0000.0001) > thetaClimFile='SST_relax.bin',
(PID.TID 0000.0001) > /
(PID.TID 0000.0001) 
(PID.TID 0000.0001)  INI_PARMS ; starts to read PARM01
(PID.TID 0000.0001)  INI_PARMS ; read PARM01 : OK
(PID.TID 0000.0001)  INI_PARMS ; starts to read PARM02
(PID.TID 0000.0001)  INI_PARMS ; read PARM02 : OK
(PID.TID 0000.0001)  INI_PARMS ; starts to read PARM03
(PID.TID 0000.0001)  INI_PARMS ; read PARM03 : OK
(PID.TID 0000.0001)  INI_PARMS ; starts to read PARM04
(PID.TID 0000.0001)  INI_PARMS ; read PARM04 : OK
(PID.TID 0000.0001)  INI_PARMS ; starts to read PARM05
(PID.TID 0000.0001)  INI_PARMS ; read PARM05 : OK
(PID.TID 0000.0001)  INI_PARMS: finished reading file "data"
(PID.TID 0000.0001)  PACKAGES_BOOT: opening data.pkg
(PID.TID 0000.0001)  OPEN_COPY_DATA_FILE: opening file data.pkg
(PID.TID 0000.0001) // =======================================================
(PID.TID 0000.0001) // Parameter file "data.pkg"
(PID.TID 0000.0001) // =======================================================
(PID.TID 0000.0001) > &PACKAGES
(PID.TID 0000.0001) > useMNC=.FALSE.,
(PID.TID 0000.0001) > useDiagnostics=.TRUE.,
(PID.TID 0000.0001) > useGrdchk=.TRUE.,
(PID.TID 0000.0001) > /
(PID.TID 0000.0001) 
(PID.TID 0000.0001)  PACKAGES_BOOT: finished reading data.pkg
(PID.TID 0000.0001)  PACKAGES_BOOT: On/Off package Summary
 --------  pkgs with a standard "usePKG" On/Off switch in "data.pkg":  --------
 pkg/autodiff             compiled   and   used ( useAUTODIFF              = T )
 pkg/grdchk               compiled   and   used ( useGrdchk                = T )
 pkg/ctrl                 compiled   and   used ( useCTRL                  = T )
 pkg/diagnostics          compiled   and   used ( useDiagnostics           = T )
 -------- pkgs without standard "usePKG" On/Off switch in "data.pkg":  --------
 pkg/generic_advdiff      compiled   and   used ( useGAD                   = T )
 pkg/mom_common           compiled   and   used ( momStepping              = T )
 pkg/mom_vecinv           compiled but not used ( +vectorInvariantMomentum = F )
 pkg/mom_fluxform         compiled   and   used ( & not vectorInvariantMom = T )
 pkg/monitor              compiled   and   used ( monitorFreq > 0.         = T )
 pkg/debug                compiled but not used ( debugMode                = F )
 pkg/rw                   compiled   and   used
 pkg/mdsio                compiled   and   used
 pkg/autodiff             compiled   and   used
 pkg/cost                 compiled   and   used
(PID.TID 0000.0001)  PACKAGES_BOOT: End of package Summary
(PID.TID 0000.0001) 
(PID.TID 0000.0001) AUTODIFF_READPARMS: opening data.autodiff
(PID.TID 0000.0001)  OPEN_COPY_DATA_FILE: opening file data.autodiff
(PID.TID 0000.0001) // =======================================================
(PID.TID 0000.0001) // Parameter file "data.autodiff"
(PID.TID 0000.0001) // =======================================================
(PID.TID 0000.0001) ># AF--FNO adjoint options.
(PID.TID 0000.0001) >#
(PID.TID 0000.0001) ># inAdExact = .TRUE. (the default) requests the exact adjoint with no
(PID.TID 0000.0001) ># approximation.  Do not relax it: the whole point of this dataset is that it
(PID.TID 0000.0001) ># is exact.
(PID.TID 0000.0001) > &AUTODIFF_PARM01
(PID.TID 0000.0001) > inAdExact = .TRUE.,
(PID.TID 0000.0001) > /
(PID.TID 0000.0001) 
(PID.TID 0000.0001) AUTODIFF_READPARMS: finished reading data.autodiff
(PID.TID 0000.0001) // ===================================
(PID.TID 0000.0001) // AUTODIFF parameters :
(PID.TID 0000.0001) // ===================================
(PID.TID 0000.0001) inAdExact = /* get an exact adjoint (no approximation) */
(PID.TID 0000.0001)                   T
(PID.TID 0000.0001)     ;
(PID.TID 0000.0001) useApproxAdvectionInAdMode = /* approximate AD-advection */
(PID.TID 0000.0001)                   F
(PID.TID 0000.0001)     ;
(PID.TID 0000.0001) cg2dFullAdjoint = /* use full hand written cg2d adjoint (no approximation) */
(PID.TID 0000.0001)                   F
(PID.TID 0000.0001)     ;
(PID.TID 0000.0001) useKPPinAdMode = /* use KPP in adjoint mode */
(PID.TID 0000.0001)                   F
(PID.TID 0000.0001)     ;
(PID.TID 0000.0001) useGMRediInAdMode = /* use GMRedi in adjoint mode */
(PID.TID 0000.0001)                   F
(PID.TID 0000.0001)     ;
(PID.TID 0000.0001) useSEAICEinAdMode = /* use SEAICE in adjoint mode */
(PID.TID 0000.0001)                   F
(PID.TID 0000.0001)     ;
(PID.TID 0000.0001) useGGL90inAdMode = /* use GGL90 in adjoint mode */
(PID.TID 0000.0001)                   F
(PID.TID 0000.0001)     ;
(PID.TID 0000.0001) useSALT_PLUMEinAdMode = /* use SALT_PLUME in adjoint mode */
(PID.TID 0000.0001)                   F
(PID.TID 0000.0001)     ;
(PID.TID 0000.0001) dumpAdVarExch = /* control adexch before dumpinp */
(PID.TID 0000.0001)                       2
(PID.TID 0000.0001)     ;
(PID.TID 0000.0001) mon_AdVarExch = /* control adexch before monitor */
(PID.TID 0000.0001)                       2
(PID.TID 0000.0001)     ;
(PID.TID 0000.0001) viscFacInFw = /* viscosity factor for forward model */
(PID.TID 0000.0001)                 1.000000000000000E+00
(PID.TID 0000.0001)     ;
(PID.TID 0000.0001) viscFacInAd = /* viscosity factor for adjoint */
(PID.TID 0000.0001)                 1.000000000000000E+00
(PID.TID 0000.0001)     ;
(PID.TID 0000.0001) SIregFacInAd = /* sea ice factor for adjoint model */
(PID.TID 0000.0001)                 1.234567000000000E+05
(PID.TID 0000.0001)     ;
(PID.TID 0000.0001) SIregFacInFw = /* sea ice factor for forward model */
(PID.TID 0000.0001)                 1.234567000000000E+05
(PID.TID 0000.0001)     ;
(PID.TID 0000.0001) 
(PID.TID 0000.0001) OPTIM_READPARMS: opening data.optim
(PID.TID 0000.0001)  OPEN_COPY_DATA_FILE: opening file data.optim
(PID.TID 0000.0001) // =======================================================
(PID.TID 0000.0001) // Parameter file "data.optim"
(PID.TID 0000.0001) // =======================================================
(PID.TID 0000.0001) ># AF--FNO adjoint optimisation cycle.
(PID.TID 0000.0001) >#
(PID.TID 0000.0001) ># optimcycle = 0 fixes the control filename to xx_etan.0000000000.data and the
(PID.TID 0000.0001) ># gradient to adxx_etan.0000000000.data.  There is no optimisation here: this
(PID.TID 0000.0001) ># is a pure sensitivity calculation, one cycle only.
(PID.TID 0000.0001) > &OPTIM
(PID.TID 0000.0001) > optimcycle = 0,
(PID.TID 0000.0001) > /
(PID.TID 0000.0001) 
(PID.TID 0000.0001) OPTIM_READPARMS: finished reading data.optim
(PID.TID 0000.0001) CTRL_READPARMS: opening data.ctrl
(PID.TID 0000.0001)  OPEN_COPY_DATA_FILE: opening file data.ctrl
(PID.TID 0000.0001) // =======================================================
(PID.TID 0000.0001) // Parameter file "data.ctrl"
(PID.TID 0000.0001) // =======================================================
(PID.TID 0000.0001) ># AF--FNO adjoint control variables.
(PID.TID 0000.0001) >#
(PID.TID 0000.0001) ># The single control is the initial sea surface height, enabled by
(PID.TID 0000.0001) ># ALLOW_GENARR2D_CONTROL in code_ad/CTRL_OPTIONS.h.
(PID.TID 0000.0001) >#
(PID.TID 0000.0001) ># NOT ALLOW_ETAN0_CONTROL: in c68j every block of that flag lives inside
(PID.TID 0000.0001) ># #ifdef ECCO_CTRL_DEPRECATED, which is defined nowhere, so CTRL_MAP_INI
(PID.TID 0000.0001) ># compiles to an empty subroutine and the adjoint comes back identically zero.
(PID.TID 0000.0001) ># The generic-array path is the live one.
(PID.TID 0000.0001) >#
(PID.TID 0000.0001) ># ctrl_map_ini_genarr.F keys on the first 7 characters of xx_genarr2d_file, so
(PID.TID 0000.0001) ># the name must start with 'xx_etan'; it then calls
(PID.TID 0000.0001) ># CTRL_MAP_GENARR2D( etaN, ... ), which ACTIVE_READ_XY's
(PID.TID 0000.0001) ># xx_etan.<optimcycle> against xx_genarr2d_dummy(1) and adds it to etaN,
(PID.TID 0000.0001) ># masked by the surface maskC.  etaH follows through UPDATE_ETAH.
(PID.TID 0000.0001) >#
(PID.TID 0000.0001) ># xx_genarr2d_weight must be non-blank or ctrl_init.F:807 never registers the
(PID.TID 0000.0001) ># control and ctrl_map_ini_genarr.F:117 never matches it -- a blank weight is a
(PID.TID 0000.0001) ># second, quieter way to get a zero adjoint.  The named file is read
(PID.TID 0000.0001) ># unconditionally by READ_REC_3D_RL at ctrlprec (= 64, big-endian float64).
(PID.TID 0000.0001) >#
(PID.TID 0000.0001) ># 'noscaling' is REQUIRED for ground truth.  Without it ctrl_map_genarr.F:142
(PID.TID 0000.0001) ># divides the control by SQRT(wgenarr2d), which rescales the returned gradient
(PID.TID 0000.0001) ># by the same factor.  With it, fld = fld + xx_gen*mask and the gradient is
(PID.TID 0000.0001) ># dJ/deta in metres per metre, unscaled.  wetan_ones.bin then only has to be
(PID.TID 0000.0001) ># positive; it is staged as exact ones by scripts/stage_adjoint_run.py.
(PID.TID 0000.0001) >#
(PID.TID 0000.0001) ># xx_genarr2d_bounds is left at its default of all zeros: CTRL_BOUND_2D is a
(PID.TID 0000.0001) ># no-op unless boundsVec(1) < boundsVec(4).
(PID.TID 0000.0001) >#
(PID.TID 0000.0001) ># The gradient comes back as adxx_etan.<optimcycle>.data, 62x62.
(PID.TID 0000.0001) > &CTRL_NML
(PID.TID 0000.0001) > /
(PID.TID 0000.0001) >#
(PID.TID 0000.0001) ># names for ctrl_pack / ctrl_unpack
(PID.TID 0000.0001) > &CTRL_PACKNAMES
(PID.TID 0000.0001) > /
(PID.TID 0000.0001) >#
(PID.TID 0000.0001) ># the generic 2-D control: initial etaN
(PID.TID 0000.0001) > &CTRL_NML_GENARR
(PID.TID 0000.0001) > xx_genarr2d_file(1)      = 'xx_etan',
(PID.TID 0000.0001) > xx_genarr2d_weight(1)    = 'wetan_ones.bin',
(PID.TID 0000.0001) > xx_genarr2d_preproc(1,1) = 'noscaling',
(PID.TID 0000.0001) > /
(PID.TID 0000.0001) 
(PID.TID 0000.0001) CTRL_READPARMS: finished reading data.ctrl
(PID.TID 0000.0001) COST_READPARMS: opening data.cost
(PID.TID 0000.0001)  OPEN_COPY_DATA_FILE: opening file data.cost
(PID.TID 0000.0001) // =======================================================
(PID.TID 0000.0001) // Parameter file "data.cost"
(PID.TID 0000.0001) // =======================================================
(PID.TID 0000.0001) ># AF--FNO adjoint cost function.
(PID.TID 0000.0001) >#
(PID.TID 0000.0001) ># mult_test = 1. exactly, so fc = J and adxx_etan = dJ/deta with no rescaling.
(PID.TID 0000.0001) >#
(PID.TID 0000.0001) ># afCostWeightFile names the runtime weight field w that defines the quantity
(PID.TID 0000.0001) ># of interest:  J = sum_ij w_ij * etaN_ij(T).  Built by
(PID.TID 0000.0001) ># scripts/make_cost_weight.py, 62x62 big-endian float32.
(PID.TID 0000.0001) >#
(PID.TID 0000.0001) >#   costWeight_ssh_anomaly.bin  SSH anomaly at p* = (i=2, j=17)   <- production
(PID.TID 0000.0001) >#   costWeight_mean_only.bin    area-weighted wet mean alone      <- gate G3
(PID.TID 0000.0001) >#   costWeight_point_only.bin   bare point value at p*            <- diagnostic
(PID.TID 0000.0001) >#
(PID.TID 0000.0001) ># Changing the target cell or the functional means staging a different file
(PID.TID 0000.0001) ># here.  It never requires a rebuild, and so never a new TAF submission.
(PID.TID 0000.0001) > &COST_NML
(PID.TID 0000.0001) > mult_test        = 1.,
(PID.TID 0000.0001) > afCostWeightFile = 'costWeight.bin',
(PID.TID 0000.0001) > /
(PID.TID 0000.0001) 
(PID.TID 0000.0001) COST_READPARMS: finished reading data.cost
(PID.TID 0000.0001) GRDCHK_READPARMS: opening data.grdchk
(PID.TID 0000.0001)  OPEN_COPY_DATA_FILE: opening file data.grdchk
(PID.TID 0000.0001) // =======================================================
(PID.TID 0000.0001) // Parameter file "data.grdchk"
(PID.TID 0000.0001) // =======================================================
(PID.TID 0000.0001) ># AF--FNO adjoint gradient check -- Stage 7, acceptance gate G1.
(PID.TID 0000.0001) >#
(PID.TID 0000.0001) ># Requires useGrdchk=.TRUE. in data.pkg.  grdchk perturbs one control element
(PID.TID 0000.0001) ># by +/- grdchk_eps, runs the forward model twice, and compares the centred
(PID.TID 0000.0001) ># finite difference against the adjoint gradient.  This is the only thing
(PID.TID 0000.0001) ># standing between "a 62x62 array of plausible numbers" and ground truth.
(PID.TID 0000.0001) >#
(PID.TID 0000.0001) ># grdchkvarindex = 100 + iarr selects the iarr-th generic 2-D control, so 101
(PID.TID 0000.0001) ># is xx_genarr2d_file(1) = 'xx_etan' (ctrl_init.F:807 registers it as
(PID.TID 0000.0001) ># 100+iarr / 200+iarr, grdchk_getxx.F:614 accepts the range).
(PID.TID 0000.0001) >#
(PID.TID 0000.0001) ># NOT 29.  That index belongs to ALLOW_ETAN0_CONTROL, whose entire
(PID.TID 0000.0001) ># implementation is inside #ifdef ECCO_CTRL_DEPRECATED and is not compiled --
(PID.TID 0000.0001) ># see the note in code_ad/CTRL_OPTIONS.h.
(PID.TID 0000.0001) >#
(PID.TID 0000.0001) ># iGloPos / jGloPos are TILE-LOCAL positions (grdchk_get_position.F:81 sets
(PID.TID 0000.0001) ># itilepos = iGloPos, and grdchk_readparms.F:116 rejects iGloPos > sNx).  With
(PID.TID 0000.0001) ># sNx = sNy = 31 on a 2x2 decomposition the tiles cover:
(PID.TID 0000.0001) >#
(PID.TID 0000.0001) >#     iGloTile=1, jGloTile=1  ->  global i=1..31,  j=1..31
(PID.TID 0000.0001) >#     iGloTile=2, jGloTile=1  ->  global i=32..62, j=1..31
(PID.TID 0000.0001) >#     iGloTile=1, jGloTile=2  ->  global i=1..31,  j=32..62
(PID.TID 0000.0001) >#     iGloTile=2, jGloTile=2  ->  global i=32..62, j=32..62
(PID.TID 0000.0001) >#
(PID.TID 0000.0001) ># so global (i,j) in tile (1,1) is simply (iGloPos, jGloPos) = (i, j).
(PID.TID 0000.0001) >#
(PID.TID 0000.0001) ># The settings below are test point 1 of the plan's eight: p* itself,
(PID.TID 0000.0001) ># global (i=2, j=17), the self-sensitivity and the largest value on the map.
(PID.TID 0000.0001) ># Sweep grdchk_eps over {1e-3, 1e-4, 1e-5, 1e-6} and look for the plateau --
(PID.TID 0000.0001) ># a single epsilon agreeing is weak evidence, the plateau is strong evidence.
(PID.TID 0000.0001) >#
(PID.TID 0000.0001) ># The remaining seven points (plan section 8):
(PID.TID 0000.0001) >#   2-3  upstream in the boundary current   (i=2, j=14) and (i=2, j=11)
(PID.TID 0000.0001) >#   4    offshore of the current            (i=4, j=17)
(PID.TID 0000.0001) >#   5    mid-basin interior                 (i=31, j=17) -> tile (1,1) local (31,17)
(PID.TID 0000.0001) >#   6    eastern boundary                   (i=61, j=17) -> tile (2,1) local (30,17)
(PID.TID 0000.0001) >#   7    a convecting column                to be identified from the forward run
(PID.TID 0000.0001) >#
(PID.TID 0000.0001) ># nbeg MUST be 0.  grdchk_main.F:213 calls GRDCHK_GET_POSITION only when
(PID.TID 0000.0001) ># nbeg .EQ. 0; with any other value iGloPos/jGloPos are ignored entirely and
(PID.TID 0000.0001) ># icomp indexes the packed control vector directly, so nbeg=1 silently tests
(PID.TID 0000.0001) ># the FIRST WET CELL (i=2, j=2) no matter what position is requested here.
(PID.TID 0000.0001) ># GRDCHK_GET_POSITION then counts wet cells up to the requested position, sets
(PID.TID 0000.0001) ># nbeg to that count, and does nend = nbeg + nend -- so the namelist nend is an
(PID.TID 0000.0001) ># OFFSET, not an absolute index.  nend = 0 means exactly one test point.
(PID.TID 0000.0001) >#
(PID.TID 0000.0001) ># The land cell of the plan's eight-point table is not reachable from here:
(PID.TID 0000.0001) ># GRDCHK_GET_POSITION only ever lands on cells with wetlocal .NE. 0.  Land is
(PID.TID 0000.0001) ># covered by gate G4 on the extracted map instead, which is the stronger
(PID.TID 0000.0001) ># statement anyway (all 244 land cells, not one).
(PID.TID 0000.0001) > &GRDCHK_NML
(PID.TID 0000.0001) > grdchk_eps     = 1.d-6,
(PID.TID 0000.0001) > grdchkvarindex = 101,
(PID.TID 0000.0001) > useCentralDiff = .TRUE.,
(PID.TID 0000.0001) > iGloPos        = 30,
(PID.TID 0000.0001) > jGloPos        = 17,
(PID.TID 0000.0001) > kGloPos        = 1,
(PID.TID 0000.0001) > iGloTile       = 2,
(PID.TID 0000.0001) > jGloTile       = 1,
(PID.TID 0000.0001) > nbeg           = 0,
(PID.TID 0000.0001) > nstep          = 1,
(PID.TID 0000.0001) > nend           = 0,
(PID.TID 0000.0001) > /
(PID.TID 0000.0001) 
(PID.TID 0000.0001) GRDCHK_READPARMS: finished reading data.grdchk
(PID.TID 0000.0001) 
(PID.TID 0000.0001) // =======================================================
(PID.TID 0000.0001) // Gradient check configuration  >>> START <<<
(PID.TID 0000.0001) // =======================================================
(PID.TID 0000.0001) 
(PID.TID 0000.0001)   grdchkvarindex :                        101
(PID.TID 0000.0001)   eps:                              0.100E-05
(PID.TID 0000.0001)   First location:                           0
(PID.TID 0000.0001)   Last location:                            0
(PID.TID 0000.0001)   Increment:                                1
(PID.TID 0000.0001)   grdchkWhichProc:                         -1
(PID.TID 0000.0001)   iLocTile =       2  ,    jLocTile =       1
(PID.TID 0000.0001) 
(PID.TID 0000.0001) // =======================================================
(PID.TID 0000.0001) // Gradient check configuration  >>> END <<<
(PID.TID 0000.0001) // =======================================================
(PID.TID 0000.0001) 
(PID.TID 0000.0001)  DIAGNOSTICS_READPARMS: opening data.diagnostics
(PID.TID 0000.0001)  OPEN_COPY_DATA_FILE: opening file data.diagnostics
(PID.TID 0000.0001) // =======================================================
(PID.TID 0000.0001) // Parameter file "data.diagnostics"
(PID.TID 0000.0001) // =======================================================
(PID.TID 0000.0001) > &DIAGNOSTICS_LIST
(PID.TID 0000.0001) > dumpAtLast=.FALSE.,
(PID.TID 0000.0001) > diag_mnc=.FALSE.,
(PID.TID 0000.0001) > fields(1:3,1)='UVEL    ','VVEL    ','THETA   ',
(PID.TID 0000.0001) > fileName(1)='dynState',
(PID.TID 0000.0001) > frequency(1)=-86400.,
(PID.TID 0000.0001) > timePhase(1)=0.,
(PID.TID 0000.0001) > fileFlags(1)='R       ',
(PID.TID 0000.0001) > fields(1,2)='ETAN    ',
(PID.TID 0000.0001) > fileName(2)='surfState',
(PID.TID 0000.0001) > frequency(2)=-86400.,
(PID.TID 0000.0001) > timePhase(2)=0.,
(PID.TID 0000.0001) > fileFlags(2)='R       ',
(PID.TID 0000.0001) > /
(PID.TID 0000.0001) > &DIAG_STATIS_PARMS
(PID.TID 0000.0001) > /
(PID.TID 0000.0001) >
(PID.TID 0000.0001) 
(PID.TID 0000.0001) S/R DIAGNOSTICS_READPARMS, read namelist "diagnostics_list": start
(PID.TID 0000.0001) S/R DIAGNOSTICS_READPARMS, read namelist "diagnostics_list": OK
(PID.TID 0000.0001) S/R DIAGNOSTICS_READPARMS, read namelist "DIAG_STATIS_PARMS": start
(PID.TID 0000.0001) S/R DIAGNOSTICS_READPARMS, read namelist "DIAG_STATIS_PARMS": OK
(PID.TID 0000.0001)  DIAGNOSTICS_READPARMS: global parameter summary:
(PID.TID 0000.0001)  dumpAtLast = /* always write time-ave diags at the end */
(PID.TID 0000.0001)                   F
(PID.TID 0000.0001)     ;
(PID.TID 0000.0001)  diag_mnc =   /* write NetCDF output files */
(PID.TID 0000.0001)                   F
(PID.TID 0000.0001)     ;
(PID.TID 0000.0001)  useMissingValue = /* put MissingValue where mask = 0 */
(PID.TID 0000.0001)                   F
(PID.TID 0000.0001)     ;
(PID.TID 0000.0001)  diagCG_maxIters = /* max number of iters in diag_cg2d */
(PID.TID 0000.0001)                    1000
(PID.TID 0000.0001)     ;
(PID.TID 0000.0001)  diagCG_resTarget = /* residual target for diag_cg2d */
(PID.TID 0000.0001)                 1.000000000000000E-12
(PID.TID 0000.0001)     ;
(PID.TID 0000.0001)  diagCG_pcOffDFac = /* preconditioner off-diagonal factor */
(PID.TID 0000.0001)                 9.611687812379854E-01
(PID.TID 0000.0001)     ;
(PID.TID 0000.0001) -----------------------------------------------------
(PID.TID 0000.0001)  DIAGNOSTICS_READPARMS: active diagnostics summary:
(PID.TID 0000.0001) -----------------------------------------------------
(PID.TID 0000.0001) Creating Output Stream: dynState
(PID.TID 0000.0001) Output Frequency:     -86400.000000 ; Phase:           0.000000
(PID.TID 0000.0001)  Averaging Freq.:          0.000000 , Phase:           0.000000 , Cycle:   1
(PID.TID 0000.0001)  missing value: -9.990000000000E+02 ; F-Flags="R       "
(PID.TID 0000.0001)  Levels:    will be set later
(PID.TID 0000.0001)  Fields:    UVEL     VVEL     THETA
(PID.TID 0000.0001) Creating Output Stream: surfState
(PID.TID 0000.0001) Output Frequency:     -86400.000000 ; Phase:           0.000000
(PID.TID 0000.0001)  Averaging Freq.:          0.000000 , Phase:           0.000000 , Cycle:   1
(PID.TID 0000.0001)  missing value: -9.990000000000E+02 ; F-Flags="R       "
(PID.TID 0000.0001)  Levels:    will be set later
(PID.TID 0000.0001)  Fields:    ETAN
(PID.TID 0000.0001) -----------------------------------------------------
(PID.TID 0000.0001)  DIAGNOSTICS_READPARMS: statistics diags. summary:
(PID.TID 0000.0001) -----------------------------------------------------
(PID.TID 0000.0001) 
(PID.TID 0000.0001) SET_PARMS: done
(PID.TID 0000.0001) Enter INI_VERTICAL_GRID: setInterFDr=    T ; setCenterDr=    F
(PID.TID 0000.0001) %MON XC_max                       =   6.0500000000000E+01
(PID.TID 0000.0001) %MON XC_min                       =  -5.0000000000000E-01
(PID.TID 0000.0001) %MON XC_mean                      =   3.0000000000000E+01
(PID.TID 0000.0001) %MON XC_sd                        =   1.7895530168173E+01
(PID.TID 0000.0001) %MON XG_max                       =   6.0000000000000E+01
(PID.TID 0000.0001) %MON XG_min                       =  -1.0000000000000E+00
(PID.TID 0000.0001) %MON XG_mean                      =   2.9500000000000E+01
(PID.TID 0000.0001) %MON XG_sd                        =   1.7895530168173E+01
(PID.TID 0000.0001) %MON DXC_max                      =   1.0763620848898E+05
(PID.TID 0000.0001) %MON DXC_min                      =   2.7836616228646E+04
(PID.TID 0000.0001) %MON DXC_mean                     =   7.4835486957243E+04
(PID.TID 0000.0001) %MON DXC_sd                       =   2.4080389995677E+04
(PID.TID 0000.0001) %MON DXF_max                      =   1.0763620848898E+05
(PID.TID 0000.0001) %MON DXF_min                      =   2.7836616228646E+04
(PID.TID 0000.0001) %MON DXF_mean                     =   7.4835486957243E+04
(PID.TID 0000.0001) %MON DXF_sd                       =   2.4080389995677E+04
(PID.TID 0000.0001) %MON DXG_max                      =   1.0787502725165E+05
(PID.TID 0000.0001) %MON DXG_min                      =   2.8774847489886E+04
(PID.TID 0000.0001) %MON DXG_mean                     =   7.5485691984679E+04
(PID.TID 0000.0001) %MON DXG_sd                       =   2.3877575243700E+04
(PID.TID 0000.0001) %MON DXV_max                      =   1.0787502725165E+05
(PID.TID 0000.0001) %MON DXV_min                      =   2.8774847489886E+04
(PID.TID 0000.0001) %MON DXV_mean                     =   7.5485691984679E+04
(PID.TID 0000.0001) %MON DXV_sd                       =   2.3877575243700E+04
(PID.TID 0000.0001) %MON YC_max                       =   7.5500000000000E+01
(PID.TID 0000.0001) %MON YC_min                       =   1.4500000000000E+01
(PID.TID 0000.0001) %MON YC_mean                      =   4.5000000000000E+01
(PID.TID 0000.0001) %MON YC_sd                        =   1.7895530168173E+01
(PID.TID 0000.0001) %MON YG_max                       =   7.5000000000000E+01
(PID.TID 0000.0001) %MON YG_min                       =   1.4000000000000E+01
(PID.TID 0000.0001) %MON YG_mean                      =   4.4500000000000E+01
(PID.TID 0000.0001) %MON YG_sd                        =   1.7895530168173E+01
(PID.TID 0000.0001) %MON DYC_max                      =   1.1117747335204E+05
(PID.TID 0000.0001) %MON DYC_min                      =   1.1117747335204E+05
(PID.TID 0000.0001) %MON DYC_mean                     =   1.1117747335204E+05
(PID.TID 0000.0001) %MON DYC_sd                       =   1.6298145055771E-09
(PID.TID 0000.0001) %MON DYF_max                      =   1.1117747335204E+05
(PID.TID 0000.0001) %MON DYF_min                      =   1.1117747335204E+05
(PID.TID 0000.0001) %MON DYF_mean                     =   1.1117747335204E+05
(PID.TID 0000.0001) %MON DYF_sd                       =   1.6298145055771E-09
(PID.TID 0000.0001) %MON DYG_max                      =   1.1117747335204E+05
(PID.TID 0000.0001) %MON DYG_min                      =   1.1117747335204E+05
(PID.TID 0000.0001) %MON DYG_mean                     =   1.1117747335204E+05
(PID.TID 0000.0001) %MON DYG_sd                       =   1.6298145055771E-09
(PID.TID 0000.0001) %MON DYU_max                      =   1.1117747335204E+05
(PID.TID 0000.0001) %MON DYU_min                      =   1.1117747335204E+05
(PID.TID 0000.0001) %MON DYU_mean                     =   1.1117747335204E+05
(PID.TID 0000.0001) %MON DYU_sd                       =   1.6298145055771E-09
(PID.TID 0000.0001) %MON RA_max                       =   1.1966569815247E+10
(PID.TID 0000.0001) %MON RA_min                       =   3.0947653786454E+09
(PID.TID 0000.0001) %MON RA_mean                      =   8.3199147564140E+09
(PID.TID 0000.0001) %MON RA_sd                        =   2.6771629371464E+09
(PID.TID 0000.0001) %MON RAW_max                      =   1.1966569815247E+10
(PID.TID 0000.0001) %MON RAW_min                      =   3.0947653786454E+09
(PID.TID 0000.0001) %MON RAW_mean                     =   8.3199147564140E+09
(PID.TID 0000.0001) %MON RAW_sd                       =   2.6771629371464E+09
(PID.TID 0000.0001) %MON RAS_max                      =   1.1993120744872E+10
(PID.TID 0000.0001) %MON RAS_min                      =   3.1990742357493E+09
(PID.TID 0000.0001) %MON RAS_mean                     =   8.3922019910189E+09
(PID.TID 0000.0001) %MON RAS_sd                       =   2.6546147916555E+09
(PID.TID 0000.0001) %MON RAZ_max                      =   1.1993120744872E+10
(PID.TID 0000.0001) %MON RAZ_min                      =   3.1990742357493E+09
(PID.TID 0000.0001) %MON RAZ_mean                     =   8.3922019910189E+09
(PID.TID 0000.0001) %MON RAZ_sd                       =   2.6546147916555E+09
(PID.TID 0000.0001) %MON AngleCS_max                  =   1.0000000000000E+00
(PID.TID 0000.0001) %MON AngleCS_min                  =   1.0000000000000E+00
(PID.TID 0000.0001) %MON AngleCS_mean                 =   1.0000000000000E+00
(PID.TID 0000.0001) %MON AngleCS_sd                   =   0.0000000000000E+00
(PID.TID 0000.0001) %MON AngleSN_max                  =   0.0000000000000E+00
(PID.TID 0000.0001) %MON AngleSN_min                  =   0.0000000000000E+00
(PID.TID 0000.0001) %MON AngleSN_mean                 =   0.0000000000000E+00
(PID.TID 0000.0001) %MON AngleSN_sd                   =   0.0000000000000E+00
(PID.TID 0000.0001) GAD_INIT_FIXED: GAD_OlMinSize=  1  0  1
(PID.TID 0000.0001) 
(PID.TID 0000.0001) // ===================================
(PID.TID 0000.0001) // GAD parameters :
(PID.TID 0000.0001) // ===================================
(PID.TID 0000.0001) tempAdvScheme =   /* Temp. Horiz.Advection scheme selector */
(PID.TID 0000.0001)                       2
(PID.TID 0000.0001)     ;
(PID.TID 0000.0001) tempVertAdvScheme =   /* Temp. Vert. Advection scheme selector */
(PID.TID 0000.0001)                       2
(PID.TID 0000.0001)     ;
(PID.TID 0000.0001) tempMultiDimAdvec =   /* use Muti-Dim Advec method for Temp */
(PID.TID 0000.0001)                   F
(PID.TID 0000.0001)     ;
(PID.TID 0000.0001) tempSOM_Advection = /* use 2nd Order Moment Advection for Temp */
(PID.TID 0000.0001)                   F
(PID.TID 0000.0001)     ;
(PID.TID 0000.0001) AdamsBashforthGt = /* apply Adams-Bashforth extrapolation on Gt */
(PID.TID 0000.0001)                   T
(PID.TID 0000.0001)     ;
(PID.TID 0000.0001) AdamsBashforth_T = /* apply Adams-Bashforth extrapolation on Temp */
(PID.TID 0000.0001)                   F
(PID.TID 0000.0001)     ;
(PID.TID 0000.0001) saltAdvScheme =   /* Salt. Horiz.advection scheme selector */
(PID.TID 0000.0001)                       2
(PID.TID 0000.0001)     ;
(PID.TID 0000.0001) saltVertAdvScheme =   /* Salt. Vert. Advection scheme selector */
(PID.TID 0000.0001)                       2
(PID.TID 0000.0001)     ;
(PID.TID 0000.0001) saltMultiDimAdvec =   /* use Muti-Dim Advec method for Salt */
(PID.TID 0000.0001)                   F
(PID.TID 0000.0001)     ;
(PID.TID 0000.0001) saltSOM_Advection = /* use 2nd Order Moment Advection for Salt */
(PID.TID 0000.0001)                   F
(PID.TID 0000.0001)     ;
(PID.TID 0000.0001) AdamsBashforthGs = /* apply Adams-Bashforth extrapolation on Gs */
(PID.TID 0000.0001)                   F
(PID.TID 0000.0001)     ;
(PID.TID 0000.0001) AdamsBashforth_S = /* apply Adams-Bashforth extrapolation on Salt */
(PID.TID 0000.0001)                   F
(PID.TID 0000.0001)     ;
(PID.TID 0000.0001) // ===================================
(PID.TID 0000.0001) ctrl-wet 1:    nvarlength =          900
(PID.TID 0000.0001) ctrl-wet 2: surface wet C =          900
(PID.TID 0000.0001) ctrl-wet 3: surface wet W =          870
(PID.TID 0000.0001) ctrl-wet 4: surface wet S =          870
(PID.TID 0000.0001) ctrl-wet 4a:surface wet V =            0
(PID.TID 0000.0001) ctrl-wet 5: 3D wet points =        13500
(PID.TID 0000.0001) ctrl-wet 6: no recs for i =     1           0
(PID.TID 0000.0001) ctrl-wet 6: no recs for i =     2           0
(PID.TID 0000.0001) ctrl-wet 6: no recs for i =     3           0
(PID.TID 0000.0001) ctrl-wet 6: no recs for i =     4           0
(PID.TID 0000.0001) ctrl-wet 6: no recs for i =     5           0
(PID.TID 0000.0001) ctrl-wet 6: no recs for i =     6           0
(PID.TID 0000.0001) ctrl-wet 6: no recs for i =     7           0
(PID.TID 0000.0001) ctrl-wet 6: no recs for i =     8           0
(PID.TID 0000.0001) ctrl-wet 6: no recs for i =     9           0
(PID.TID 0000.0001) ctrl-wet 6: no recs for i =    10           0
(PID.TID 0000.0001) ctrl-wet 6: no recs for i =    11           0
(PID.TID 0000.0001) ctrl-wet 6: no recs for i =    12           0
(PID.TID 0000.0001) ctrl-wet 6: no recs for i =    13           0
(PID.TID 0000.0001) ctrl-wet 6: no recs for i =    14           0
(PID.TID 0000.0001) ctrl-wet 6: no recs for i =    15           0
(PID.TID 0000.0001) ctrl-wet 6: no recs for i =    16           0
(PID.TID 0000.0001) ctrl-wet 6: no recs for i =    17           0
(PID.TID 0000.0001) ctrl-wet 6: no recs for i =    18           0
(PID.TID 0000.0001) ctrl-wet 6: no recs for i =    19           0
(PID.TID 0000.0001) ctrl-wet 6: no recs for i =    20           0
(PID.TID 0000.0001) ctrl-wet 6: no recs for i =    21           0
(PID.TID 0000.0001) ctrl-wet 6: no recs for i =    22           0
(PID.TID 0000.0001) ctrl-wet 6: no recs for i =    23           0
(PID.TID 0000.0001) ctrl-wet 6: no recs for i =    24           0
(PID.TID 0000.0001) ctrl-wet 6: no recs for i =    25           0
(PID.TID 0000.0001) ctrl-wet 6: no recs for i =    26           0
(PID.TID 0000.0001) ctrl-wet 6: no recs for i =    27           0
(PID.TID 0000.0001) ctrl-wet 6: no recs for i =    28           0
(PID.TID 0000.0001) ctrl-wet 6: no recs for i =    29           0
(PID.TID 0000.0001) ctrl-wet 6: no recs for i =    30           0
(PID.TID 0000.0001) ctrl-wet 6: no recs for i =    31           0
(PID.TID 0000.0001) ctrl-wet 6: no recs for i =    32           0
(PID.TID 0000.0001) ctrl-wet 6: no recs for i =    33           0
(PID.TID 0000.0001) ctrl-wet 6: no recs for i =    34           0
(PID.TID 0000.0001) ctrl-wet 6: no recs for i =    35           0
(PID.TID 0000.0001) ctrl-wet 6: no recs for i =    36           0
(PID.TID 0000.0001) ctrl-wet 6: no recs for i =    37           0
(PID.TID 0000.0001) ctrl-wet 6: no recs for i =    38           0
(PID.TID 0000.0001) ctrl-wet 6: no recs for i =    39           0
(PID.TID 0000.0001) ctrl-wet 6: no recs for i =    40           0
(PID.TID 0000.0001) ctrl-wet 6: no recs for i =    41           0
(PID.TID 0000.0001) ctrl-wet 6: no recs for i =    42           0
(PID.TID 0000.0001) ctrl-wet 6: no recs for i =    43           0
(PID.TID 0000.0001) ctrl-wet 6: no recs for i =    44           0
(PID.TID 0000.0001) ctrl-wet 6: no recs for i =    45           0
(PID.TID 0000.0001) ctrl-wet 6: no recs for i =    46           0
(PID.TID 0000.0001) ctrl-wet 6: no recs for i =    47           0
(PID.TID 0000.0001) ctrl-wet 6: no recs for i =    48           0
(PID.TID 0000.0001) ctrl-wet 6: no recs for i =    49           0
(PID.TID 0000.0001) ctrl-wet 6: no recs for i =    50           0
(PID.TID 0000.0001) ctrl-wet 6: no recs for i =    51           0
(PID.TID 0000.0001) ctrl-wet 6: no recs for i =    52           0
(PID.TID 0000.0001) ctrl-wet 6: no recs for i =    53           0
(PID.TID 0000.0001) ctrl-wet 6: no recs for i =    54           0
(PID.TID 0000.0001) ctrl-wet 6: no recs for i =    55           0
(PID.TID 0000.0001) ctrl-wet 6: no recs for i =    56           0
(PID.TID 0000.0001) ctrl-wet 6: no recs for i =    57           0
(PID.TID 0000.0001) ctrl-wet 6: no recs for i =    58           0
(PID.TID 0000.0001) ctrl-wet 6: no recs for i =    59           0
(PID.TID 0000.0001) ctrl-wet 6: no recs for i =    60           0
(PID.TID 0000.0001) ctrl-wet 6: no recs for i =    61           0
(PID.TID 0000.0001) ctrl-wet 6: no recs for i =    62           0
(PID.TID 0000.0001) ctrl-wet 6: no recs for i =    63           0
(PID.TID 0000.0001) ctrl-wet 6: no recs for i =    64           0
(PID.TID 0000.0001) ctrl-wet 6: no recs for i =    65           0
(PID.TID 0000.0001) ctrl-wet 6: no recs for i =    66           0
(PID.TID 0000.0001) ctrl-wet 6: no recs for i =    67           0
(PID.TID 0000.0001) ctrl-wet 6: no recs for i =    68           0
(PID.TID 0000.0001) ctrl-wet 6: no recs for i =    69           0
(PID.TID 0000.0001) ctrl-wet 6: no recs for i =    70           0
(PID.TID 0000.0001) ctrl-wet 6: no recs for i =    71           0
(PID.TID 0000.0001) ctrl-wet 6: no recs for i =    72           0
(PID.TID 0000.0001) ctrl-wet 6: no recs for i =    73           0
(PID.TID 0000.0001) ctrl-wet 6: no recs for i =    74           0
(PID.TID 0000.0001) ctrl-wet 6: no recs for i =    75           0
(PID.TID 0000.0001) ctrl-wet 6: no recs for i =    76           0
(PID.TID 0000.0001) ctrl-wet 6: no recs for i =    77           0
(PID.TID 0000.0001) ctrl-wet 6: no recs for i =    78           0
(PID.TID 0000.0001) ctrl-wet 6: no recs for i =    79           0
(PID.TID 0000.0001) ctrl-wet 6: no recs for i =    80           0
(PID.TID 0000.0001) ctrl-wet 6: no recs for i =    81           0
(PID.TID 0000.0001) ctrl-wet 6: no recs for i =    82           0
(PID.TID 0000.0001) ctrl-wet 6: no recs for i =    83           0
(PID.TID 0000.0001) ctrl-wet 6: no recs for i =    84           0
(PID.TID 0000.0001) ctrl-wet 6: no recs for i =    85           0
(PID.TID 0000.0001) ctrl-wet 6: no recs for i =    86           0
(PID.TID 0000.0001) ctrl-wet 6: no recs for i =    87           0
(PID.TID 0000.0001) ctrl-wet 6: no recs for i =    88           0
(PID.TID 0000.0001) ctrl-wet 6: no recs for i =    89           0
(PID.TID 0000.0001) ctrl-wet 6: no recs for i =    90           0
(PID.TID 0000.0001) ctrl-wet 6: no recs for i =    91           0
(PID.TID 0000.0001) ctrl-wet 6: no recs for i =    92           0
(PID.TID 0000.0001) ctrl-wet 6: no recs for i =    93           0
(PID.TID 0000.0001) ctrl-wet 6: no recs for i =    94           0
(PID.TID 0000.0001) ctrl-wet 6: no recs for i =    95           0
(PID.TID 0000.0001) ctrl-wet 6: no recs for i =    96           0
(PID.TID 0000.0001) ctrl-wet 6: no recs for i =    97           0
(PID.TID 0000.0001) ctrl-wet 6: no recs for i =    98           0
(PID.TID 0000.0001) ctrl-wet 6: no recs for i =    99           0
(PID.TID 0000.0001) ctrl-wet 6: no recs for i =   100           0
(PID.TID 0000.0001) ctrl-wet 6: no recs for i =   101           1
(PID.TID 0000.0001) ctrl-wet 6: no recs for i =   102           0
(PID.TID 0000.0001) ctrl-wet 6: no recs for i =   103           0
(PID.TID 0000.0001) ctrl-wet 6: no recs for i =   104           0
(PID.TID 0000.0001) ctrl-wet 6: no recs for i =   105           0
(PID.TID 0000.0001) ctrl-wet 6: no recs for i =   106           0
(PID.TID 0000.0001) ctrl-wet 6: no recs for i =   107           0
(PID.TID 0000.0001) ctrl-wet 6: no recs for i =   108           0
(PID.TID 0000.0001) ctrl-wet 6: no recs for i =   109           0
(PID.TID 0000.0001) ctrl-wet 6: no recs for i =   110           0
(PID.TID 0000.0001) ctrl-wet 6: no recs for i =   111           0
(PID.TID 0000.0001) ctrl-wet 6: no recs for i =   112           0
(PID.TID 0000.0001) ctrl-wet 6: no recs for i =   113           0
(PID.TID 0000.0001) ctrl-wet 6: no recs for i =   114           0
(PID.TID 0000.0001) ctrl-wet 6: no recs for i =   115           0
(PID.TID 0000.0001) ctrl-wet 6: no recs for i =   116           0
(PID.TID 0000.0001) ctrl-wet 6: no recs for i =   117           0
(PID.TID 0000.0001) ctrl-wet 6: no recs for i =   118           0
(PID.TID 0000.0001) ctrl-wet 6: no recs for i =   119           0
(PID.TID 0000.0001) ctrl-wet 6: no recs for i =   120           0
(PID.TID 0000.0001) ctrl-wet 6: no recs for i =   121           0
(PID.TID 0000.0001) ctrl-wet 6: no recs for i =   122           0
(PID.TID 0000.0001) ctrl-wet 6: no recs for i =   123           0
(PID.TID 0000.0001) ctrl-wet 6: no recs for i =   124           0
(PID.TID 0000.0001) ctrl-wet 6: no recs for i =   125           0
(PID.TID 0000.0001) ctrl-wet 6: no recs for i =   126           0
(PID.TID 0000.0001) ctrl-wet 6: no recs for i =   127           0
(PID.TID 0000.0001) ctrl-wet 6: no recs for i =   128           0
(PID.TID 0000.0001) ctrl-wet 6: no recs for i =   129           0
(PID.TID 0000.0001) ctrl-wet 6: no recs for i =   130           0
(PID.TID 0000.0001) ctrl-wet 6: no recs for i =   131           0
(PID.TID 0000.0001) ctrl-wet 6: no recs for i =   132           0
(PID.TID 0000.0001) ctrl-wet 6: no recs for i =   133           0
(PID.TID 0000.0001) ctrl-wet 6: no recs for i =   134           0
(PID.TID 0000.0001) ctrl-wet 6: no recs for i =   135           0
(PID.TID 0000.0001) ctrl-wet 6: no recs for i =   136           0
(PID.TID 0000.0001) ctrl-wet 6: no recs for i =   137           0
(PID.TID 0000.0001) ctrl-wet 6: no recs for i =   138           0
(PID.TID 0000.0001) ctrl-wet 6: no recs for i =   139           0
(PID.TID 0000.0001) ctrl-wet 6: no recs for i =   140           0
(PID.TID 0000.0001) ctrl-wet 6: no recs for i =   141           0
(PID.TID 0000.0001) ctrl-wet 6: no recs for i =   142           0
(PID.TID 0000.0001) ctrl-wet 6: no recs for i =   143           0
(PID.TID 0000.0001) ctrl-wet 6: no recs for i =   144           0
(PID.TID 0000.0001) ctrl-wet 6: no recs for i =   145           0
(PID.TID 0000.0001) ctrl-wet 6: no recs for i =   146           0
(PID.TID 0000.0001) ctrl-wet 6: no recs for i =   147           0
(PID.TID 0000.0001) ctrl-wet 6: no recs for i =   148           0
(PID.TID 0000.0001) ctrl-wet 6: no recs for i =   149           0
(PID.TID 0000.0001) ctrl-wet 6: no recs for i =   150           0
(PID.TID 0000.0001) ctrl-wet 6: no recs for i =   151           0
(PID.TID 0000.0001) ctrl-wet 6: no recs for i =   152           0
(PID.TID 0000.0001) ctrl-wet 6: no recs for i =   153           0
(PID.TID 0000.0001) ctrl-wet 6: no recs for i =   154           0
(PID.TID 0000.0001) ctrl-wet 6: no recs for i =   155           0
(PID.TID 0000.0001) ctrl-wet 6: no recs for i =   156           0
(PID.TID 0000.0001) ctrl-wet 6: no recs for i =   157           0
(PID.TID 0000.0001) ctrl-wet 6: no recs for i =   158           0
(PID.TID 0000.0001) ctrl-wet 6: no recs for i =   159           0
(PID.TID 0000.0001) ctrl-wet 6: no recs for i =   160           0
(PID.TID 0000.0001) ctrl-wet 6: no recs for i =   161           0
(PID.TID 0000.0001) ctrl-wet 6: no recs for i =   162           0
(PID.TID 0000.0001) ctrl-wet 6: no recs for i =   163           0
(PID.TID 0000.0001) ctrl-wet 6: no recs for i =   164           0
(PID.TID 0000.0001) ctrl-wet 6: no recs for i =   165           0
(PID.TID 0000.0001) ctrl-wet 6: no recs for i =   166           0
(PID.TID 0000.0001) ctrl-wet 6: no recs for i =   167           0
(PID.TID 0000.0001) ctrl-wet 6: no recs for i =   168           0
(PID.TID 0000.0001) ctrl-wet 6: no recs for i =   169           0
(PID.TID 0000.0001) ctrl-wet 6: no recs for i =   170           0
(PID.TID 0000.0001) ctrl-wet 6: no recs for i =   171           0
(PID.TID 0000.0001) ctrl-wet 6: no recs for i =   172           0
(PID.TID 0000.0001) ctrl-wet 6: no recs for i =   173           0
(PID.TID 0000.0001) ctrl-wet 6: no recs for i =   174           0
(PID.TID 0000.0001) ctrl-wet 6: no recs for i =   175           0
(PID.TID 0000.0001) ctrl-wet 6: no recs for i =   176           0
(PID.TID 0000.0001) ctrl-wet 6: no recs for i =   177           0
(PID.TID 0000.0001) ctrl-wet 6: no recs for i =   178           0
(PID.TID 0000.0001) ctrl-wet 6: no recs for i =   179           0
(PID.TID 0000.0001) ctrl-wet 6: no recs for i =   180           0
(PID.TID 0000.0001) ctrl-wet 6: no recs for i =   181           0
(PID.TID 0000.0001) ctrl-wet 6: no recs for i =   182           0
(PID.TID 0000.0001) ctrl-wet 6: no recs for i =   183           0
(PID.TID 0000.0001) ctrl-wet 6: no recs for i =   184           0
(PID.TID 0000.0001) ctrl-wet 6: no recs for i =   185           0
(PID.TID 0000.0001) ctrl-wet 6: no recs for i =   186           0
(PID.TID 0000.0001) ctrl-wet 6: no recs for i =   187           0
(PID.TID 0000.0001) ctrl-wet 6: no recs for i =   188           0
(PID.TID 0000.0001) ctrl-wet 6: no recs for i =   189           0
(PID.TID 0000.0001) ctrl-wet 6: no recs for i =   190           0
(PID.TID 0000.0001) ctrl-wet 6: no recs for i =   191           0
(PID.TID 0000.0001) ctrl-wet 6: no recs for i =   192           0
(PID.TID 0000.0001) ctrl-wet 6: no recs for i =   193           0
(PID.TID 0000.0001) ctrl-wet 6: no recs for i =   194           0
(PID.TID 0000.0001) ctrl-wet 6: no recs for i =   195           0
(PID.TID 0000.0001) ctrl-wet 6: no recs for i =   196           0
(PID.TID 0000.0001) ctrl-wet 6: no recs for i =   197           0
(PID.TID 0000.0001) ctrl-wet 6: no recs for i =   198           0
(PID.TID 0000.0001) ctrl-wet 6: no recs for i =   199           0
(PID.TID 0000.0001) ctrl-wet 6: no recs for i =   200           0
(PID.TID 0000.0001) ctrl-wet 6: no recs for i =   201           0
(PID.TID 0000.0001) ctrl-wet 6: no recs for i =   202           0
(PID.TID 0000.0001) ctrl-wet 6: no recs for i =   203           0
(PID.TID 0000.0001) ctrl-wet 6: no recs for i =   204           0
(PID.TID 0000.0001) ctrl-wet 6: no recs for i =   205           0
(PID.TID 0000.0001) ctrl-wet 6: no recs for i =   206           0
(PID.TID 0000.0001) ctrl-wet 6: no recs for i =   207           0
(PID.TID 0000.0001) ctrl-wet 6: no recs for i =   208           0
(PID.TID 0000.0001) ctrl-wet 6: no recs for i =   209           0
(PID.TID 0000.0001) ctrl-wet 6: no recs for i =   210           0
(PID.TID 0000.0001) ctrl-wet 6: no recs for i =   211           0
(PID.TID 0000.0001) ctrl-wet 6: no recs for i =   212           0
(PID.TID 0000.0001) ctrl-wet 6: no recs for i =   213           0
(PID.TID 0000.0001) ctrl-wet 6: no recs for i =   214           0
(PID.TID 0000.0001) ctrl-wet 6: no recs for i =   215           0
(PID.TID 0000.0001) ctrl-wet 6: no recs for i =   216           0
(PID.TID 0000.0001) ctrl-wet 6: no recs for i =   217           0
(PID.TID 0000.0001) ctrl-wet 6: no recs for i =   218           0
(PID.TID 0000.0001) ctrl-wet 6: no recs for i =   219           0
(PID.TID 0000.0001) ctrl-wet 6: no recs for i =   220           0
(PID.TID 0000.0001) ctrl-wet 6: no recs for i =   221           0
(PID.TID 0000.0001) ctrl-wet 6: no recs for i =   222           0
(PID.TID 0000.0001) ctrl-wet 6: no recs for i =   223           0
(PID.TID 0000.0001) ctrl-wet 6: no recs for i =   224           0
(PID.TID 0000.0001) ctrl-wet 6: no recs for i =   225           0
(PID.TID 0000.0001) ctrl-wet 6: no recs for i =   226           0
(PID.TID 0000.0001) ctrl-wet 6: no recs for i =   227           0
(PID.TID 0000.0001) ctrl-wet 6: no recs for i =   228           0
(PID.TID 0000.0001) ctrl-wet 6: no recs for i =   229           0
(PID.TID 0000.0001) ctrl-wet 6: no recs for i =   230           0
(PID.TID 0000.0001) ctrl-wet 6: no recs for i =   231           0
(PID.TID 0000.0001) ctrl-wet 6: no recs for i =   232           0
(PID.TID 0000.0001) ctrl-wet 6: no recs for i =   233           0
(PID.TID 0000.0001) ctrl-wet 6: no recs for i =   234           0
(PID.TID 0000.0001) ctrl-wet 6: no recs for i =   235           0
(PID.TID 0000.0001) ctrl-wet 6: no recs for i =   236           0
(PID.TID 0000.0001) ctrl-wet 6: no recs for i =   237           0
(PID.TID 0000.0001) ctrl-wet 6: no recs for i =   238           0
(PID.TID 0000.0001) ctrl-wet 6: no recs for i =   239           0
(PID.TID 0000.0001) ctrl-wet 6: no recs for i =   240           0
(PID.TID 0000.0001) ctrl-wet 6: no recs for i =   241           0
(PID.TID 0000.0001) ctrl-wet 6: no recs for i =   242           0
(PID.TID 0000.0001) ctrl-wet 6: no recs for i =   243           0
(PID.TID 0000.0001) ctrl-wet 6: no recs for i =   244           0
(PID.TID 0000.0001) ctrl-wet 6: no recs for i =   245           0
(PID.TID 0000.0001) ctrl-wet 6: no recs for i =   246           0
(PID.TID 0000.0001) ctrl-wet 6: no recs for i =   247           0
(PID.TID 0000.0001) ctrl-wet 6: no recs for i =   248           0
(PID.TID 0000.0001) ctrl-wet 6: no recs for i =   249           0
(PID.TID 0000.0001) ctrl-wet 6: no recs for i =   250           0
(PID.TID 0000.0001) ctrl-wet 6: no recs for i =   251           0
(PID.TID 0000.0001) ctrl-wet 6: no recs for i =   252           0
(PID.TID 0000.0001) ctrl-wet 6: no recs for i =   253           0
(PID.TID 0000.0001) ctrl-wet 6: no recs for i =   254           0
(PID.TID 0000.0001) ctrl-wet 6: no recs for i =   255           0
(PID.TID 0000.0001) ctrl-wet 6: no recs for i =   256           0
(PID.TID 0000.0001) ctrl-wet 6: no recs for i =   257           0
(PID.TID 0000.0001) ctrl-wet 6: no recs for i =   258           0
(PID.TID 0000.0001) ctrl-wet 6: no recs for i =   259           0
(PID.TID 0000.0001) ctrl-wet 6: no recs for i =   260           0
(PID.TID 0000.0001) ctrl-wet 6: no recs for i =   261           0
(PID.TID 0000.0001) ctrl-wet 6: no recs for i =   262           0
(PID.TID 0000.0001) ctrl-wet 6: no recs for i =   263           0
(PID.TID 0000.0001) ctrl-wet 6: no recs for i =   264           0
(PID.TID 0000.0001) ctrl-wet 6: no recs for i =   265           0
(PID.TID 0000.0001) ctrl-wet 6: no recs for i =   266           0
(PID.TID 0000.0001) ctrl-wet 6: no recs for i =   267           0
(PID.TID 0000.0001) ctrl-wet 6: no recs for i =   268           0
(PID.TID 0000.0001) ctrl-wet 6: no recs for i =   269           0
(PID.TID 0000.0001) ctrl-wet 6: no recs for i =   270           0
(PID.TID 0000.0001) ctrl-wet 6: no recs for i =   271           0
(PID.TID 0000.0001) ctrl-wet 6: no recs for i =   272           0
(PID.TID 0000.0001) ctrl-wet 6: no recs for i =   273           0
(PID.TID 0000.0001) ctrl-wet 6: no recs for i =   274           0
(PID.TID 0000.0001) ctrl-wet 6: no recs for i =   275           0
(PID.TID 0000.0001) ctrl-wet 6: no recs for i =   276           0
(PID.TID 0000.0001) ctrl-wet 6: no recs for i =   277           0
(PID.TID 0000.0001) ctrl-wet 6: no recs for i =   278           0
(PID.TID 0000.0001) ctrl-wet 6: no recs for i =   279           0
(PID.TID 0000.0001) ctrl-wet 6: no recs for i =   280           0
(PID.TID 0000.0001) ctrl-wet 6: no recs for i =   281           0
(PID.TID 0000.0001) ctrl-wet 6: no recs for i =   282           0
(PID.TID 0000.0001) ctrl-wet 6: no recs for i =   283           0
(PID.TID 0000.0001) ctrl-wet 6: no recs for i =   284           0
(PID.TID 0000.0001) ctrl-wet 6: no recs for i =   285           0
(PID.TID 0000.0001) ctrl-wet 6: no recs for i =   286           0
(PID.TID 0000.0001) ctrl-wet 6: no recs for i =   287           0
(PID.TID 0000.0001) ctrl-wet 6: no recs for i =   288           0
(PID.TID 0000.0001) ctrl-wet 6: no recs for i =   289           0
(PID.TID 0000.0001) ctrl-wet 6: no recs for i =   290           0
(PID.TID 0000.0001) ctrl-wet 6: no recs for i =   291           0
(PID.TID 0000.0001) ctrl-wet 6: no recs for i =   292           0
(PID.TID 0000.0001) ctrl-wet 6: no recs for i =   293           0
(PID.TID 0000.0001) ctrl-wet 6: no recs for i =   294           0
(PID.TID 0000.0001) ctrl-wet 6: no recs for i =   295           0
(PID.TID 0000.0001) ctrl-wet 6: no recs for i =   296           0
(PID.TID 0000.0001) ctrl-wet 6: no recs for i =   297           0
(PID.TID 0000.0001) ctrl-wet 6: no recs for i =   298           0
(PID.TID 0000.0001) ctrl-wet 6: no recs for i =   299           0
(PID.TID 0000.0001) ctrl-wet 6: no recs for i =   300           0
(PID.TID 0000.0001) ctrl-wet 6: no recs for i =   301           0
(PID.TID 0000.0001) ctrl-wet 6: no recs for i =   302           0
(PID.TID 0000.0001) ctrl-wet 6: no recs for i =   303           0
(PID.TID 0000.0001) ctrl-wet 6: no recs for i =   304           0
(PID.TID 0000.0001) ctrl-wet 6: no recs for i =   305           0
(PID.TID 0000.0001) ctrl-wet 6: no recs for i =   306           0
(PID.TID 0000.0001) ctrl-wet 6: no recs for i =   307           0
(PID.TID 0000.0001) ctrl-wet 6: no recs for i =   308           0
(PID.TID 0000.0001) ctrl-wet 6: no recs for i =   309           0
(PID.TID 0000.0001) ctrl-wet 6: no recs for i =   310           0
(PID.TID 0000.0001) ctrl-wet 6: no recs for i =   311           0
(PID.TID 0000.0001) ctrl-wet 6: no recs for i =   312           0
(PID.TID 0000.0001) ctrl-wet 6: no recs for i =   313           0
(PID.TID 0000.0001) ctrl-wet 6: no recs for i =   314           0
(PID.TID 0000.0001) ctrl-wet 6: no recs for i =   315           0
(PID.TID 0000.0001) ctrl-wet 6: no recs for i =   316           0
(PID.TID 0000.0001) ctrl-wet 6: no recs for i =   317           0
(PID.TID 0000.0001) ctrl-wet 6: no recs for i =   318           0
(PID.TID 0000.0001) ctrl-wet 6: no recs for i =   319           0
(PID.TID 0000.0001) ctrl-wet 6: no recs for i =   320           0
(PID.TID 0000.0001) ctrl-wet 6: no recs for i =   321           0
(PID.TID 0000.0001) ctrl-wet 6: no recs for i =   322           0
(PID.TID 0000.0001) ctrl-wet 6: no recs for i =   323           0
(PID.TID 0000.0001) ctrl-wet 6: no recs for i =   324           0
(PID.TID 0000.0001) ctrl-wet 6: no recs for i =   325           0
(PID.TID 0000.0001) ctrl-wet 6: no recs for i =   326           0
(PID.TID 0000.0001) ctrl-wet 6: no recs for i =   327           0
(PID.TID 0000.0001) ctrl-wet 6: no recs for i =   328           0
(PID.TID 0000.0001) ctrl-wet 6: no recs for i =   329           0
(PID.TID 0000.0001) ctrl-wet 6: no recs for i =   330           0
(PID.TID 0000.0001) ctrl-wet 6: no recs for i =   331           0
(PID.TID 0000.0001) ctrl-wet 6: no recs for i =   332           0
(PID.TID 0000.0001) ctrl-wet 6: no recs for i =   333           0
(PID.TID 0000.0001) ctrl-wet 6: no recs for i =   334           0
(PID.TID 0000.0001) ctrl-wet 6: no recs for i =   335           0
(PID.TID 0000.0001) ctrl-wet 6: no recs for i =   336           0
(PID.TID 0000.0001) ctrl-wet 6: no recs for i =   337           0
(PID.TID 0000.0001) ctrl-wet 6: no recs for i =   338           0
(PID.TID 0000.0001) ctrl-wet 6: no recs for i =   339           0
(PID.TID 0000.0001) ctrl-wet 6: no recs for i =   340           0
(PID.TID 0000.0001) ctrl-wet 6: no recs for i =   341           0
(PID.TID 0000.0001) ctrl-wet 6: no recs for i =   342           0
(PID.TID 0000.0001) ctrl-wet 6: no recs for i =   343           0
(PID.TID 0000.0001) ctrl-wet 6: no recs for i =   344           0
(PID.TID 0000.0001) ctrl-wet 6: no recs for i =   345           0
(PID.TID 0000.0001) ctrl-wet 6: no recs for i =   346           0
(PID.TID 0000.0001) ctrl-wet 6: no recs for i =   347           0
(PID.TID 0000.0001) ctrl-wet 6: no recs for i =   348           0
(PID.TID 0000.0001) ctrl-wet 6: no recs for i =   349           0
(PID.TID 0000.0001) ctrl-wet 6: no recs for i =   350           0
(PID.TID 0000.0001) ctrl-wet 6: no recs for i =   351           0
(PID.TID 0000.0001) ctrl-wet 6: no recs for i =   352           0
(PID.TID 0000.0001) ctrl-wet 6: no recs for i =   353           0
(PID.TID 0000.0001) ctrl-wet 6: no recs for i =   354           0
(PID.TID 0000.0001) ctrl-wet 6: no recs for i =   355           0
(PID.TID 0000.0001) ctrl-wet 6: no recs for i =   356           0
(PID.TID 0000.0001) ctrl-wet 6: no recs for i =   357           0
(PID.TID 0000.0001) ctrl-wet 6: no recs for i =   358           0
(PID.TID 0000.0001) ctrl-wet 6: no recs for i =   359           0
(PID.TID 0000.0001) ctrl-wet 6: no recs for i =   360           0
(PID.TID 0000.0001) ctrl-wet 6: no recs for i =   361           0
(PID.TID 0000.0001) ctrl-wet 6: no recs for i =   362           0
(PID.TID 0000.0001) ctrl-wet 6: no recs for i =   363           0
(PID.TID 0000.0001) ctrl-wet 6: no recs for i =   364           0
(PID.TID 0000.0001) ctrl-wet 6: no recs for i =   365           0
(PID.TID 0000.0001) ctrl-wet 6: no recs for i =   366           0
(PID.TID 0000.0001) ctrl-wet 6: no recs for i =   367           0
(PID.TID 0000.0001) ctrl-wet 6: no recs for i =   368           0
(PID.TID 0000.0001) ctrl-wet 6: no recs for i =   369           0
(PID.TID 0000.0001) ctrl-wet 6: no recs for i =   370           0
(PID.TID 0000.0001) ctrl-wet 6: no recs for i =   371           0
(PID.TID 0000.0001) ctrl-wet 6: no recs for i =   372           0
(PID.TID 0000.0001) ctrl-wet 6: no recs for i =   373           0
(PID.TID 0000.0001) ctrl-wet 6: no recs for i =   374           0
(PID.TID 0000.0001) ctrl-wet 6: no recs for i =   375           0
(PID.TID 0000.0001) ctrl-wet 6: no recs for i =   376           0
(PID.TID 0000.0001) ctrl-wet 6: no recs for i =   377           0
(PID.TID 0000.0001) ctrl-wet 6: no recs for i =   378           0
(PID.TID 0000.0001) ctrl-wet 6: no recs for i =   379           0
(PID.TID 0000.0001) ctrl-wet 6: no recs for i =   380           0
(PID.TID 0000.0001) ctrl-wet 6: no recs for i =   381           0
(PID.TID 0000.0001) ctrl-wet 6: no recs for i =   382           0
(PID.TID 0000.0001) ctrl-wet 6: no recs for i =   383           0
(PID.TID 0000.0001) ctrl-wet 6: no recs for i =   384           0
(PID.TID 0000.0001) ctrl-wet 6: no recs for i =   385           0
(PID.TID 0000.0001) ctrl-wet 6: no recs for i =   386           0
(PID.TID 0000.0001) ctrl-wet 6: no recs for i =   387           0
(PID.TID 0000.0001) ctrl-wet 6: no recs for i =   388           0
(PID.TID 0000.0001) ctrl-wet 6: no recs for i =   389           0
(PID.TID 0000.0001) ctrl-wet 6: no recs for i =   390           0
(PID.TID 0000.0001) ctrl-wet 6: no recs for i =   391           0
(PID.TID 0000.0001) ctrl-wet 6: no recs for i =   392           0
(PID.TID 0000.0001) ctrl-wet 6: no recs for i =   393           0
(PID.TID 0000.0001) ctrl-wet 6: no recs for i =   394           0
(PID.TID 0000.0001) ctrl-wet 6: no recs for i =   395           0
(PID.TID 0000.0001) ctrl-wet 6: no recs for i =   396           0
(PID.TID 0000.0001) ctrl-wet 6: no recs for i =   397           0
(PID.TID 0000.0001) ctrl-wet 6: no recs for i =   398           0
(PID.TID 0000.0001) ctrl-wet 6: no recs for i =   399           0
(PID.TID 0000.0001) ctrl-wet 6: no recs for i =   400           0
(PID.TID 0000.0001) ctrl-wet 7: flux         27000
(PID.TID 0000.0001) ctrl-wet 8: atmos        27000
(PID.TID 0000.0001) ctrl-wet -------------------------------------------------
(PID.TID 0000.0001) ctrl-wet 13: global nvarlength for Nr =   15        3600
(PID.TID 0000.0001) ctrl-wet -------------------------------------------------
(PID.TID 0000.0001) ctrl-wet 14: global nWet C/S/W/V k=    1        3600        3540        3540           0
(PID.TID 0000.0001) ctrl-wet 14: global nWet C/S/W/V k=    2        3600        3540        3540           0
(PID.TID 0000.0001) ctrl-wet 14: global nWet C/S/W/V k=    3        3600        3540        3540           0
(PID.TID 0000.0001) ctrl-wet 14: global nWet C/S/W/V k=    4        3600        3540        3540           0
(PID.TID 0000.0001) ctrl-wet 14: global nWet C/S/W/V k=    5        3600        3540        3540           0
(PID.TID 0000.0001) ctrl-wet 14: global nWet C/S/W/V k=    6        3600        3540        3540           0
(PID.TID 0000.0001) ctrl-wet 14: global nWet C/S/W/V k=    7        3600        3540        3540           0
(PID.TID 0000.0001) ctrl-wet 14: global nWet C/S/W/V k=    8        3600        3540        3540           0
(PID.TID 0000.0001) ctrl-wet 14: global nWet C/S/W/V k=    9        3600        3540        3540           0
(PID.TID 0000.0001) ctrl-wet 14: global nWet C/S/W/V k=   10        3600        3540        3540           0
(PID.TID 0000.0001) ctrl-wet 14: global nWet C/S/W/V k=   11        3600        3540        3540           0
(PID.TID 0000.0001) ctrl-wet 14: global nWet C/S/W/V k=   12        3600        3540        3540           0
(PID.TID 0000.0001) ctrl-wet 14: global nWet C/S/W/V k=   13        3600        3540        3540           0
(PID.TID 0000.0001) ctrl-wet 14: global nWet C/S/W/V k=   14        3600        3540        3540           0
(PID.TID 0000.0001) ctrl-wet 14: global nWet C/S/W/V k=   15        3600        3540        3540           0
(PID.TID 0000.0001) ctrl-wet -------------------------------------------------
(PID.TID 0000.0001) ctrl-wet -------------------------------------------------
(PID.TID 0000.0001) ctrl-wet -------------------------------------------------
(PID.TID 0000.0001) ctrl_init_wet: no. of control variables:            1
(PID.TID 0000.0001) ctrl_init_wet: control vector length:            3600
(PID.TID 0000.0001) 
(PID.TID 0000.0001) // =======================================================
(PID.TID 0000.0001) // control vector configuration  >>> START <<<
(PID.TID 0000.0001) // =======================================================
(PID.TID 0000.0001) 
(PID.TID 0000.0001)  Total number of ocean points per tile:
(PID.TID 0000.0001)  --------------------------------------
(PID.TID 0000.0001)  snx*sny*nr =    14415
(PID.TID 0000.0001) 
(PID.TID 0000.0001)  Number of ocean points per tile:
(PID.TID 0000.0001)  --------------------------------
(PID.TID 0000.0001)  bi,bj,#(c/s/w): 0001 0001 013500 013050 013050
(PID.TID 0000.0001) 
(PID.TID 0000.0001)  Settings of generic controls:
(PID.TID 0000.0001)  -----------------------------
(PID.TID 0000.0001) 
(PID.TID 0000.0001)  ctrlUseGen  =     T /* use generic controls */
(PID.TID 0000.0001)  -> 2D control, genarr2d no.  1 is in use
(PID.TID 0000.0001)       file       = xx_etan
(PID.TID 0000.0001)       weight     = wetan_ones.bin
(PID.TID 0000.0001)       index      =  0101
(PID.TID 0000.0001)       ncvarindex =  0201
(PID.TID 0000.0001)  preprocess = noscaling
(PID.TID 0000.0001) 
(PID.TID 0000.0001) // =======================================================
(PID.TID 0000.0001) // control vector configuration  >>> END <<<
(PID.TID 0000.0001) // =======================================================
(PID.TID 0000.0001) 
(PID.TID 0000.0001) ------------------------------------------------------------
(PID.TID 0000.0001) DIAGNOSTICS_SET_LEVELS: done
(PID.TID 0000.0001)  Total Nb of available Diagnostics: ndiagt=   206
(PID.TID 0000.0001)  write list of available Diagnostics to file: available_diagnostics.log
(PID.TID 0000.0001) SETDIAG: Allocate 15 x  1 Levels for Diagnostic #    30 UVEL
(PID.TID 0000.0001) SETDIAG: Allocate 15 x  1 Levels for Diagnostic #    31 VVEL
(PID.TID 0000.0001) SETDIAG: Allocate 15 x  1 Levels for Diagnostic #    26 THETA
(PID.TID 0000.0001) SETDIAG: Allocate  1 x  1 Levels for Diagnostic #    23 ETAN
(PID.TID 0000.0001)   space allocated for all diagnostics:      46 levels
(PID.TID 0000.0001)   set mate pointer for diag #    30  UVEL     , Parms: UUR     MR , mate:    31
(PID.TID 0000.0001)   set mate pointer for diag #    31  VVEL     , Parms: VVR     MR , mate:    30
(PID.TID 0000.0001) DIAGNOSTICS_SET_POINTERS: Set levels for Outp.Stream: dynState
(PID.TID 0000.0001)  Levels:       1.   2.   3.   4.   5.   6.   7.   8.   9.  10.  11.  12.  13.  14.  15.
(PID.TID 0000.0001) DIAGNOSTICS_SET_POINTERS: Set levels for Outp.Stream: surfState
(PID.TID 0000.0001)  Levels:       1.
(PID.TID 0000.0001) DIAGNOSTICS_SET_POINTERS: done
(PID.TID 0000.0001) ------------------------------------------------------------
(PID.TID 0000.0001) DIAGSTATS_SET_REGIONS: define no region
(PID.TID 0000.0001) ------------------------------------------------------------
(PID.TID 0000.0001)   space allocated for all stats-diags:       0 levels
(PID.TID 0000.0001) DIAGSTATS_SET_POINTERS: done
(PID.TID 0000.0001) ------------------------------------------------------------
(PID.TID 0000.0001) %MON fCori_max                    =   1.4119704352640E-04
(PID.TID 0000.0001) %MON fCori_min                    =   3.6516038314991E-05
(PID.TID 0000.0001) %MON fCori_mean                   =   9.8169098090289E-05
(PID.TID 0000.0001) %MON fCori_sd                     =   3.1588625445688E-05
(PID.TID 0000.0001) %MON fCoriG_max                   =   1.4087300867102E-04
(PID.TID 0000.0001) %MON fCoriG_min                   =   3.5282486883545E-05
(PID.TID 0000.0001) %MON fCoriG_mean                  =   9.7308683992513E-05
(PID.TID 0000.0001) %MON fCoriG_sd                    =   3.1852455422806E-05
(PID.TID 0000.0001) %MON fCoriCos_max                 =   1.4119704352640E-04
(PID.TID 0000.0001) %MON fCoriCos_min                 =   3.6516038314991E-05
(PID.TID 0000.0001) %MON fCoriCos_mean                =   9.8169098090289E-05
(PID.TID 0000.0001) %MON fCoriCos_sd                  =   3.1588625445688E-05
(PID.TID 0000.0001) INI_CG2D: CG2D normalisation factor =  1.4846576448792055E-04
(PID.TID 0000.0001) 
(PID.TID 0000.0001) // =======================================================
(PID.TID 0000.0001) // Model configuration
(PID.TID 0000.0001) // =======================================================
(PID.TID 0000.0001) //
(PID.TID 0000.0001) // "Physical" paramters ( PARM01 in namelist )
(PID.TID 0000.0001) //
(PID.TID 0000.0001) buoyancyRelation = /* Type of relation to get Buoyancy */
(PID.TID 0000.0001)               'OCEANIC'
(PID.TID 0000.0001)     ;
(PID.TID 0000.0001) fluidIsAir   =  /* fluid major constituent is Air */
(PID.TID 0000.0001)                   F
(PID.TID 0000.0001)     ;
(PID.TID 0000.0001) fluidIsWater =  /* fluid major constituent is Water */
(PID.TID 0000.0001)                   T
(PID.TID 0000.0001)     ;
(PID.TID 0000.0001) usingPCoords =  /* use p (or p*) vertical coordinate */
(PID.TID 0000.0001)                   F
(PID.TID 0000.0001)     ;
(PID.TID 0000.0001) usingZCoords =  /* use z (or z*) vertical coordinate */
(PID.TID 0000.0001)                   T
(PID.TID 0000.0001)     ;
(PID.TID 0000.0001) tRef =   /* Reference temperature profile ( oC or K ) */
(PID.TID 0000.0001)                 3.000000000000000E+01,      /* K =  1 */
(PID.TID 0000.0001)                 2.700000000000000E+01,      /* K =  2 */
(PID.TID 0000.0001)                 2.400000000000000E+01,      /* K =  3 */
(PID.TID 0000.0001)                 2.100000000000000E+01,      /* K =  4 */
(PID.TID 0000.0001)                 1.800000000000000E+01,      /* K =  5 */
(PID.TID 0000.0001)                 1.500000000000000E+01,      /* K =  6 */
(PID.TID 0000.0001)                 1.300000000000000E+01,      /* K =  7 */
(PID.TID 0000.0001)                 1.100000000000000E+01,      /* K =  8 */
(PID.TID 0000.0001)                 9.000000000000000E+00,      /* K =  9 */
(PID.TID 0000.0001)                 7.000000000000000E+00,      /* K = 10 */
(PID.TID 0000.0001)                 6.000000000000000E+00,      /* K = 11 */
(PID.TID 0000.0001)                 5.000000000000000E+00,      /* K = 12 */
(PID.TID 0000.0001)                 4.000000000000000E+00,      /* K = 13 */
(PID.TID 0000.0001)                 3.000000000000000E+00,      /* K = 14 */
(PID.TID 0000.0001)                 2.000000000000000E+00       /* K = 15 */
(PID.TID 0000.0001)     ;
(PID.TID 0000.0001) sRef =   /* Reference salinity profile ( g/kg ) */
(PID.TID 0000.0001)    15 @  3.000000000000000E+01              /* K =  1: 15 */
(PID.TID 0000.0001)     ;
(PID.TID 0000.0001) useStrainTensionVisc= /* Use StrainTension Form of Viscous Operator */
(PID.TID 0000.0001)                   F
(PID.TID 0000.0001)     ;
(PID.TID 0000.0001) useVariableVisc = /* Use variable horizontal viscosity */
(PID.TID 0000.0001)                   F
(PID.TID 0000.0001)     ;
(PID.TID 0000.0001) useHarmonicVisc = /* Use harmonic horizontal viscosity */
(PID.TID 0000.0001)                   T
(PID.TID 0000.0001)     ;
(PID.TID 0000.0001) useBiharmonicVisc= /* Use biharmonic horiz.  viscosity */
(PID.TID 0000.0001)                   F
(PID.TID 0000.0001)     ;
(PID.TID 0000.0001) useSmag3D = /* Use isotropic 3-D Smagorinsky viscosity */
(PID.TID 0000.0001)                   F
(PID.TID 0000.0001)     ;
(PID.TID 0000.0001) viscAh  =   /* Lateral harmonic viscosity ( m^2/s ) */
(PID.TID 0000.0001)                 5.000000000000000E+03
(PID.TID 0000.0001)     ;
(PID.TID 0000.0001) viscA4  =   /* Lateral biharmonic viscosity ( m^4/s ) */
(PID.TID 0000.0001)                 0.000000000000000E+00
(PID.TID 0000.0001)     ;
(PID.TID 0000.0001) no_slip_sides =  /* Viscous BCs: No-slip sides */
(PID.TID 0000.0001)                   T
(PID.TID 0000.0001)     ;
(PID.TID 0000.0001) sideDragFactor = /* side-drag scaling factor (non-dim) */
(PID.TID 0000.0001)                 2.000000000000000E+00
(PID.TID 0000.0001)     ;
(PID.TID 0000.0001) viscArNr = /* vertical profile of vertical viscosity ( m^2/s )*/
(PID.TID 0000.0001)    15 @  1.000000000000000E-02              /* K =  1: 15 */
(PID.TID 0000.0001)     ;
(PID.TID 0000.0001) no_slip_bottom =  /* Viscous BCs: No-slip bottom */
(PID.TID 0000.0001)                   F
(PID.TID 0000.0001)     ;
(PID.TID 0000.0001) bottomVisc_pCell = /* Partial-cell in bottom Visc. BC */
(PID.TID 0000.0001)                   F
(PID.TID 0000.0001)     ;
(PID.TID 0000.0001) bottomDragLinear = /* linear bottom-drag coefficient ( m/s ) */
(PID.TID 0000.0001)                 0.000000000000000E+00
(PID.TID 0000.0001)     ;
(PID.TID 0000.0001) bottomDragQuadratic = /* quadratic bottom-drag coefficient (-) */
(PID.TID 0000.0001)                 0.000000000000000E+00
(PID.TID 0000.0001)     ;
(PID.TID 0000.0001) selectBotDragQuadr = /* select quadratic bottom drag options */
(PID.TID 0000.0001)                      -1
(PID.TID 0000.0001)     ;
(PID.TID 0000.0001) diffKhT =   /* Laplacian diffusion of heat laterally ( m^2/s ) */
(PID.TID 0000.0001)                 1.000000000000000E+03
(PID.TID 0000.0001)     ;
(PID.TID 0000.0001) diffK4T =   /* Biharmonic diffusion of heat laterally ( m^4/s ) */
(PID.TID 0000.0001)                 0.000000000000000E+00
(PID.TID 0000.0001)     ;
(PID.TID 0000.0001) diffKhS =   /* Laplacian diffusion of salt laterally ( m^2/s ) */
(PID.TID 0000.0001)                 0.000000000000000E+00
(PID.TID 0000.0001)     ;
(PID.TID 0000.0001) diffK4S =   /* Biharmonic diffusion of salt laterally ( m^4/s ) */
(PID.TID 0000.0001)                 0.000000000000000E+00
(PID.TID 0000.0001)     ;
(PID.TID 0000.0001) diffKrNrT = /* vertical profile of vertical diffusion of Temp ( m^2/s )*/
(PID.TID 0000.0001)    15 @  1.000000000000000E-05              /* K =  1: 15 */
(PID.TID 0000.0001)     ;
(PID.TID 0000.0001) diffKrNrS = /* vertical profile of vertical diffusion of Salt ( m^2/s )*/
(PID.TID 0000.0001)    15 @  1.000000000000000E-05              /* K =  1: 15 */
(PID.TID 0000.0001)     ;
(PID.TID 0000.0001) diffKrBL79surf = /* Surface diffusion for Bryan and Lewis 79 ( m^2/s ) */
(PID.TID 0000.0001)                 0.000000000000000E+00
(PID.TID 0000.0001)     ;
(PID.TID 0000.0001) diffKrBL79deep = /* Deep diffusion for Bryan and Lewis 1979 ( m^2/s ) */
(PID.TID 0000.0001)                 0.000000000000000E+00
(PID.TID 0000.0001)     ;
(PID.TID 0000.0001) diffKrBL79scl = /* Depth scale for Bryan and Lewis 1979 ( m ) */
(PID.TID 0000.0001)                 2.000000000000000E+02
(PID.TID 0000.0001)     ;
(PID.TID 0000.0001) diffKrBL79Ho = /* Turning depth for Bryan and Lewis 1979 ( m ) */
(PID.TID 0000.0001)                -2.000000000000000E+03
(PID.TID 0000.0001)     ;
(PID.TID 0000.0001) ivdc_kappa = /* Implicit Vertical Diffusivity for Convection ( m^2/s) */
(PID.TID 0000.0001)                 1.000000000000000E+00
(PID.TID 0000.0001)     ;
(PID.TID 0000.0001) hMixCriteria=  /* Criteria for mixed-layer diagnostic */
(PID.TID 0000.0001)                -8.000000000000000E-01
(PID.TID 0000.0001)     ;
(PID.TID 0000.0001) dRhoSmall =  /* Parameter for mixed-layer diagnostic */
(PID.TID 0000.0001)                 1.000000000000000E-06
(PID.TID 0000.0001)     ;
(PID.TID 0000.0001) hMixSmooth=  /* Smoothing parameter for mixed-layer diagnostic */
(PID.TID 0000.0001)                 0.000000000000000E+00
(PID.TID 0000.0001)     ;
(PID.TID 0000.0001) eosType =  /* Type of Equation of State */
(PID.TID 0000.0001)               'LINEAR'
(PID.TID 0000.0001)     ;
(PID.TID 0000.0001) tAlpha = /* Linear EOS thermal expansion coefficient ( 1/oC ) */
(PID.TID 0000.0001)                 2.000000000000000E-04
(PID.TID 0000.0001)     ;
(PID.TID 0000.0001) sBeta  = /* Linear EOS haline contraction coefficient ( 1/(g/kg) ) */
(PID.TID 0000.0001)                 0.000000000000000E+00
(PID.TID 0000.0001)     ;
(PID.TID 0000.0001) rhoNil    = /* Reference density for Linear EOS ( kg/m^3 ) */
(PID.TID 0000.0001)                 9.998000000000000E+02
(PID.TID 0000.0001)     ;
(PID.TID 0000.0001) selectP_inEOS_Zc = /* select pressure to use in EOS (0,1,2,3) */
(PID.TID 0000.0001)                       0
(PID.TID 0000.0001)     0= -g*rhoConst*z ; 1= pRef (from tRef,sRef); 2= Hyd P ; 3= Hyd+NH P
(PID.TID 0000.0001)     ;
(PID.TID 0000.0001) surf_pRef = /* Surface reference pressure ( Pa ) */
(PID.TID 0000.0001)                 1.013250000000000E+05
(PID.TID 0000.0001)     ;
(PID.TID 0000.0001) HeatCapacity_Cp =  /* Specific heat capacity ( J/kg/K ) */
(PID.TID 0000.0001)                 3.994000000000000E+03
(PID.TID 0000.0001)     ;
(PID.TID 0000.0001) celsius2K = /* 0 degree Celsius converted to Kelvin ( K ) */
(PID.TID 0000.0001)                 2.731500000000000E+02
(PID.TID 0000.0001)     ;
(PID.TID 0000.0001) rhoConst  = /* Reference density (Boussinesq)  ( kg/m^3 ) */
(PID.TID 0000.0001)                 9.998000000000000E+02
(PID.TID 0000.0001)     ;
(PID.TID 0000.0001) rhoFacC = /* normalized Reference density @ cell-Center (-) */
(PID.TID 0000.0001)    15 @  1.000000000000000E+00              /* K =  1: 15 */
(PID.TID 0000.0001)     ;
(PID.TID 0000.0001) rhoFacF = /* normalized Reference density @ W-Interface (-) */
(PID.TID 0000.0001)    16 @  1.000000000000000E+00              /* K =  1: 16 */
(PID.TID 0000.0001)     ;
(PID.TID 0000.0001) rhoConstFresh = /* Fresh-water reference density ( kg/m^3 ) */
(PID.TID 0000.0001)                 9.998000000000000E+02
(PID.TID 0000.0001)     ;
(PID.TID 0000.0001) gravity =   /* Gravitational acceleration ( m/s^2 ) */
(PID.TID 0000.0001)                 9.810000000000000E+00
(PID.TID 0000.0001)     ;
(PID.TID 0000.0001) gBaro =   /* Barotropic gravity ( m/s^2 ) */
(PID.TID 0000.0001)                 9.810000000000000E+00
(PID.TID 0000.0001)     ;
(PID.TID 0000.0001) gravFacC = /* gravity factor (vs surf.) @ cell-Center (-) */
(PID.TID 0000.0001)    15 @  1.000000000000000E+00              /* K =  1: 15 */
(PID.TID 0000.0001)     ;
(PID.TID 0000.0001) gravFacF = /* gravity factor (vs surf.) @ W-Interface (-) */
(PID.TID 0000.0001)    16 @  1.000000000000000E+00              /* K =  1: 16 */
(PID.TID 0000.0001)     ;
(PID.TID 0000.0001) rotationPeriod =   /* Rotation Period ( s ) */
(PID.TID 0000.0001)                 8.616400000000000E+04
(PID.TID 0000.0001)     ;
(PID.TID 0000.0001) omega =   /* Angular velocity ( rad/s ) */
(PID.TID 0000.0001)                 7.292123516990375E-05
(PID.TID 0000.0001)     ;
(PID.TID 0000.0001) f0 =   /* Reference coriolis parameter ( 1/s ) */
(PID.TID 0000.0001)                 1.000000000000000E-04
(PID.TID 0000.0001)     ;
(PID.TID 0000.0001) beta =   /* Beta ( 1/(m.s) ) */
(PID.TID 0000.0001)                 9.999999999999999E-12
(PID.TID 0000.0001)     ;
(PID.TID 0000.0001) fPrime =   /* Second coriolis parameter ( 1/s ) */
(PID.TID 0000.0001)                 0.000000000000000E+00
(PID.TID 0000.0001)     ;
(PID.TID 0000.0001) rigidLid =   /* Rigid lid on/off flag */
(PID.TID 0000.0001)                   F
(PID.TID 0000.0001)     ;
(PID.TID 0000.0001) implicitFreeSurface =   /* Implicit free surface on/off flag */
(PID.TID 0000.0001)                   T
(PID.TID 0000.0001)     ;
(PID.TID 0000.0001) freeSurfFac =   /* Implicit free surface factor */
(PID.TID 0000.0001)                 1.000000000000000E+00
(PID.TID 0000.0001)     ;
(PID.TID 0000.0001) implicSurfPress =  /* Surface Pressure implicit factor (0-1) */
(PID.TID 0000.0001)                 1.000000000000000E+00
(PID.TID 0000.0001)     ;
(PID.TID 0000.0001) implicDiv2DFlow =  /* Barot. Flow Div. implicit factor (0-1) */
(PID.TID 0000.0001)                 1.000000000000000E+00
(PID.TID 0000.0001)     ;
(PID.TID 0000.0001) uniformLin_PhiSurf = /* use uniform Bo_surf on/off flag */
(PID.TID 0000.0001)                   T
(PID.TID 0000.0001)     ;
(PID.TID 0000.0001) uniformFreeSurfLev = /* free-surface level-index is uniform */
(PID.TID 0000.0001)                   T
(PID.TID 0000.0001)     ;
(PID.TID 0000.0001) sIceLoadFac =  /* scale factor for sIceLoad (0-1) */
(PID.TID 0000.0001)                 1.000000000000000E+00
(PID.TID 0000.0001)     ;
(PID.TID 0000.0001) hFacMin =   /* minimum partial cell factor (hFac) */
(PID.TID 0000.0001)                 1.000000000000000E+00
(PID.TID 0000.0001)     ;
(PID.TID 0000.0001) hFacMinDr = /* minimum partial cell thickness ( m) */
(PID.TID 0000.0001)                 0.000000000000000E+00
(PID.TID 0000.0001)     ;
(PID.TID 0000.0001) exactConserv =  /* Exact Volume Conservation on/off flag */
(PID.TID 0000.0001)                   T
(PID.TID 0000.0001)     ;
(PID.TID 0000.0001) linFSConserveTr = /* Tracer correction for Lin Free Surface on/off flag */
(PID.TID 0000.0001)                   F
(PID.TID 0000.0001)     ;
(PID.TID 0000.0001) nonlinFreeSurf = /* Non-linear Free Surf. options (-1,0,1,2,3)*/
(PID.TID 0000.0001)                       0
(PID.TID 0000.0001)      -1,0= Off ; 1,2,3= On, 2=+rescale gU,gV, 3=+update cg2d solv.
(PID.TID 0000.0001)     ;
(PID.TID 0000.0001) hFacInf =   /* lower threshold for hFac (nonlinFreeSurf only)*/
(PID.TID 0000.0001)                 2.000000000000000E-01
(PID.TID 0000.0001)     ;
(PID.TID 0000.0001) hFacSup =   /* upper threshold for hFac (nonlinFreeSurf only)*/
(PID.TID 0000.0001)                 2.000000000000000E+00
(PID.TID 0000.0001)     ;
(PID.TID 0000.0001) select_rStar = /* r* Vertical coord. options (=0 r coord.; >0 uses r*)*/
(PID.TID 0000.0001)                       0
(PID.TID 0000.0001)     ;
(PID.TID 0000.0001) useRealFreshWaterFlux = /* Real Fresh Water Flux on/off flag*/
(PID.TID 0000.0001)                   F
(PID.TID 0000.0001)     ;
(PID.TID 0000.0001) temp_EvPrRn = /* Temp. of Evap/Prec/R (UNSET=use local T)(oC)*/
(PID.TID 0000.0001)                 1.234567000000000E+05
(PID.TID 0000.0001)     ;
(PID.TID 0000.0001) salt_EvPrRn = /* Salin. of Evap/Prec/R (UNSET=use local S)(g/kg)*/
(PID.TID 0000.0001)                 0.000000000000000E+00
(PID.TID 0000.0001)     ;
(PID.TID 0000.0001) selectAddFluid = /* option for mass source/sink of fluid (=0: off) */
(PID.TID 0000.0001)                       0
(PID.TID 0000.0001)     ;
(PID.TID 0000.0001) temp_addMass = /* Temp. of addMass array (UNSET=use local T)(oC)*/
(PID.TID 0000.0001)                 1.234567000000000E+05
(PID.TID 0000.0001)     ;
(PID.TID 0000.0001) salt_addMass = /* Salin. of addMass array (UNSET=use local S)(g/kg)*/
(PID.TID 0000.0001)                 0.000000000000000E+00
(PID.TID 0000.0001)     ;
(PID.TID 0000.0001) convertFW2Salt = /* convert F.W. Flux to Salt Flux (-1=use local S)(g/kg)*/
(PID.TID 0000.0001)                 3.500000000000000E+01
(PID.TID 0000.0001)     ;
(PID.TID 0000.0001) use3Dsolver = /* use 3-D pressure solver on/off flag */
(PID.TID 0000.0001)                   F
(PID.TID 0000.0001)     ;
(PID.TID 0000.0001) nonHydrostatic =  /* Non-Hydrostatic on/off flag */
(PID.TID 0000.0001)                   F
(PID.TID 0000.0001)     ;
(PID.TID 0000.0001) nh_Am2 = /* Non-Hydrostatic terms scaling factor */
(PID.TID 0000.0001)                 1.000000000000000E+00
(PID.TID 0000.0001)     ;
(PID.TID 0000.0001) implicitNHPress = /* Non-Hyd Pressure implicit factor (0-1)*/
(PID.TID 0000.0001)                 1.000000000000000E+00
(PID.TID 0000.0001)     ;
(PID.TID 0000.0001) selectNHfreeSurf = /* Non-Hyd (free-)Surface option */
(PID.TID 0000.0001)                       0
(PID.TID 0000.0001)     ;
(PID.TID 0000.0001) quasiHydrostatic = /* Quasi-Hydrostatic on/off flag */
(PID.TID 0000.0001)                   F
(PID.TID 0000.0001)     ;
(PID.TID 0000.0001) calc_wVelocity = /* vertical velocity calculation on/off flag */
(PID.TID 0000.0001)                   T
(PID.TID 0000.0001)     ;
(PID.TID 0000.0001) momStepping =  /* Momentum equation on/off flag */
(PID.TID 0000.0001)                   T
(PID.TID 0000.0001)     ;
(PID.TID 0000.0001) vectorInvariantMomentum= /* Vector-Invariant Momentum on/off */
(PID.TID 0000.0001)                   F
(PID.TID 0000.0001)     ;
(PID.TID 0000.0001) momAdvection =  /* Momentum advection on/off flag */
(PID.TID 0000.0001)                   T
(PID.TID 0000.0001)     ;
(PID.TID 0000.0001) momViscosity =  /* Momentum viscosity on/off flag */
(PID.TID 0000.0001)                   T
(PID.TID 0000.0001)     ;
(PID.TID 0000.0001) momImplVertAdv= /* Momentum implicit vert. advection on/off*/
(PID.TID 0000.0001)                   F
(PID.TID 0000.0001)     ;
(PID.TID 0000.0001) implicitViscosity = /* Implicit viscosity on/off flag */
(PID.TID 0000.0001)                   F
(PID.TID 0000.0001)     ;
(PID.TID 0000.0001) selectImplicitDrag= /* Implicit bot Drag options (0,1,2)*/
(PID.TID 0000.0001)                       0
(PID.TID 0000.0001)     0= Expl. ; 1= Impl. on provis. Vel ; 2= Fully Impl (with surf.P)
(PID.TID 0000.0001)     ;
(PID.TID 0000.0001) metricTerms =  /* metric-Terms on/off flag */
(PID.TID 0000.0001)                   T
(PID.TID 0000.0001)     ;
(PID.TID 0000.0001) useNHMTerms = /* Non-Hydrostatic Metric-Terms on/off */
(PID.TID 0000.0001)                   F
(PID.TID 0000.0001)     ;
(PID.TID 0000.0001) selectCoriMap = /* Coriolis Map options (0,1,2,3)*/
(PID.TID 0000.0001)                       2
(PID.TID 0000.0001)     0= f-Plane ; 1= Beta-Plane ; 2= Spherical ; 3= read from file
(PID.TID 0000.0001)     ;
(PID.TID 0000.0001) use3dCoriolis = /* 3-D Coriolis on/off flag */
(PID.TID 0000.0001)                   F
(PID.TID 0000.0001)     ;
(PID.TID 0000.0001) useCoriolis =  /* Coriolis on/off flag */
(PID.TID 0000.0001)                   T
(PID.TID 0000.0001)     ;
(PID.TID 0000.0001) useCDscheme =  /* CD scheme on/off flag */
(PID.TID 0000.0001)                   F
(PID.TID 0000.0001)     ;
(PID.TID 0000.0001) selectCoriScheme= /* Scheme selector for Coriolis-Term */
(PID.TID 0000.0001)                       0
(PID.TID 0000.0001)    = 0 : original discretization (simple averaging, no hFac)
(PID.TID 0000.0001)    = 1 : Wet-point averaging (Jamar & Ozer 1986)
(PID.TID 0000.0001)    = 2 : energy conserving scheme (no hFac weight)
(PID.TID 0000.0001)    = 3 : energy conserving scheme using Wet-point averaging
(PID.TID 0000.0001)     ;
(PID.TID 0000.0001) momForcing =  /* Momentum forcing on/off flag */
(PID.TID 0000.0001)                   T
(PID.TID 0000.0001)     ;
(PID.TID 0000.0001) momTidalForcing = /* Momentum Tidal forcing on/off flag */
(PID.TID 0000.0001)                   T
(PID.TID 0000.0001)     ;
(PID.TID 0000.0001) momPressureForcing =  /* Momentum pressure term on/off flag */
(PID.TID 0000.0001)                   T
(PID.TID 0000.0001)     ;
(PID.TID 0000.0001) implicitIntGravWave= /* Implicit Internal Gravity Wave flag */
(PID.TID 0000.0001)                   F
(PID.TID 0000.0001)     ;
(PID.TID 0000.0001) staggerTimeStep =    /* Stagger time stepping on/off flag */
(PID.TID 0000.0001)                   F
(PID.TID 0000.0001)     ;
(PID.TID 0000.0001) doResetHFactors = /* reset thickness factors @ each time-step */
(PID.TID 0000.0001)                   F
(PID.TID 0000.0001)     ;
(PID.TID 0000.0001) multiDimAdvection =  /* enable/disable Multi-Dim Advection */
(PID.TID 0000.0001)                   T
(PID.TID 0000.0001)     ;
(PID.TID 0000.0001) useMultiDimAdvec =   /* Multi-Dim Advection is/is-not used */
(PID.TID 0000.0001)                   F
(PID.TID 0000.0001)     ;
(PID.TID 0000.0001) implicitDiffusion = /* Implicit Diffusion on/off flag */
(PID.TID 0000.0001)                   T
(PID.TID 0000.0001)     ;
(PID.TID 0000.0001) tempStepping =  /* Temperature equation on/off flag */
(PID.TID 0000.0001)                   T
(PID.TID 0000.0001)     ;
(PID.TID 0000.0001) tempAdvection = /* Temperature advection on/off flag */
(PID.TID 0000.0001)                   T
(PID.TID 0000.0001)     ;
(PID.TID 0000.0001) tempImplVertAdv = /* Temp. implicit vert. advection on/off */
(PID.TID 0000.0001)                   F
(PID.TID 0000.0001)     ;
(PID.TID 0000.0001) tempForcing  =  /* Temperature forcing on/off flag */
(PID.TID 0000.0001)                   T
(PID.TID 0000.0001)     ;
(PID.TID 0000.0001) doThetaClimRelax = /* apply SST relaxation on/off flag */
(PID.TID 0000.0001)                   T
(PID.TID 0000.0001)     ;
(PID.TID 0000.0001) tempIsActiveTr = /* Temp. is a dynamically Active Tracer */
(PID.TID 0000.0001)                   T
(PID.TID 0000.0001)     ;
(PID.TID 0000.0001) saltStepping =  /* Salinity equation on/off flag */
(PID.TID 0000.0001)                   F
(PID.TID 0000.0001)     ;
(PID.TID 0000.0001) saltAdvection = /* Salinity advection on/off flag */
(PID.TID 0000.0001)                   F
(PID.TID 0000.0001)     ;
(PID.TID 0000.0001) saltImplVertAdv = /* Sali. implicit vert. advection on/off */
(PID.TID 0000.0001)                   F
(PID.TID 0000.0001)     ;
(PID.TID 0000.0001) saltForcing  =  /* Salinity forcing on/off flag */
(PID.TID 0000.0001)                   F
(PID.TID 0000.0001)     ;
(PID.TID 0000.0001) doSaltClimRelax = /* apply SSS relaxation on/off flag */
(PID.TID 0000.0001)                   F
(PID.TID 0000.0001)     ;
(PID.TID 0000.0001) saltIsActiveTr = /* Salt  is a dynamically Active Tracer */
(PID.TID 0000.0001)                   F
(PID.TID 0000.0001)     ;
(PID.TID 0000.0001)  readBinaryPrec = /* Precision used for reading binary files */
(PID.TID 0000.0001)                      32
(PID.TID 0000.0001)     ;
(PID.TID 0000.0001) writeBinaryPrec = /* Precision used for writing binary files */
(PID.TID 0000.0001)                      32
(PID.TID 0000.0001)     ;
(PID.TID 0000.0001)  rwSuffixType =   /* select format of mds file suffix */
(PID.TID 0000.0001)                       0
(PID.TID 0000.0001)    = 0 : myIter (I10.10) ;   = 1 : 100*myTime (100th sec) ;
(PID.TID 0000.0001)    = 2 : myTime (seconds);   = 3 : myTime/360 (10th of hr);
(PID.TID 0000.0001)    = 4 : myTime/3600 (hours)
(PID.TID 0000.0001)     ;
(PID.TID 0000.0001)  globalFiles = /* write "global" (=not per tile) files */
(PID.TID 0000.0001)                   F
(PID.TID 0000.0001)     ;
(PID.TID 0000.0001)  useSingleCpuIO = /* only master MPI process does I/O */
(PID.TID 0000.0001)                   T
(PID.TID 0000.0001)     ;
(PID.TID 0000.0001)  useSingleCpuInput = /* only master process reads input */
(PID.TID 0000.0001)                   T
(PID.TID 0000.0001)     ;
(PID.TID 0000.0001) /* debLev[*]  : level of debug & auxiliary message printing */
(PID.TID 0000.0001) debLevZero =  0 ; /* level of disabled aux. msg printing */
(PID.TID 0000.0001)    debLevA =  1 ; /* level of minimum  aux. msg printing */
(PID.TID 0000.0001)    debLevB =  2 ; /* level of low aux. print (report read-file opening)*/
(PID.TID 0000.0001)    debLevC =  3 ; /* level of moderate debug prt (most pkgs debug msg) */
(PID.TID 0000.0001)    debLevD =  4 ; /* level of enhanced debug prt (add DEBUG_STATS prt) */
(PID.TID 0000.0001)    debLevE =  5 ; /* level of extensive debug printing */
(PID.TID 0000.0001) debugLevel =  /* select debug printing level */
(PID.TID 0000.0001)                       1
(PID.TID 0000.0001)     ;
(PID.TID 0000.0001)  plotLevel =  /* select PLOT_FIELD printing level */
(PID.TID 0000.0001)                       1
(PID.TID 0000.0001)     ;
(PID.TID 0000.0001) //
(PID.TID 0000.0001) // Elliptic solver(s) paramters ( PARM02 in namelist )
(PID.TID 0000.0001) //
(PID.TID 0000.0001) cg2dMaxIters =   /* Upper limit on 2d con. grad iterations  */
(PID.TID 0000.0001)                    1000
(PID.TID 0000.0001)     ;
(PID.TID 0000.0001) cg2dMinItersNSA =   /* Minimum number of iterations of 2d con. grad solver  */
(PID.TID 0000.0001)                       0
(PID.TID 0000.0001)     ;
(PID.TID 0000.0001) cg2dUseMinResSol= /* use cg2d last-iter(=0) / min-resid.(=1) solution */
(PID.TID 0000.0001)                       0
(PID.TID 0000.0001)     ;
(PID.TID 0000.0001) cg2dTargetResidual =   /* 2d con. grad target residual  */
(PID.TID 0000.0001)                 1.000000000000000E-12
(PID.TID 0000.0001)     ;
(PID.TID 0000.0001) cg2dTargetResWunit =   /* CG2d target residual [W units] */
(PID.TID 0000.0001)                -1.000000000000000E+00
(PID.TID 0000.0001)     ;
(PID.TID 0000.0001) cg2dPreCondFreq =   /* Freq. for updating cg2d preconditioner */
(PID.TID 0000.0001)                       1
(PID.TID 0000.0001)     ;
(PID.TID 0000.0001) useSRCGSolver =  /* use single reduction CG solver(s) */
(PID.TID 0000.0001)                   F
(PID.TID 0000.0001)     ;
(PID.TID 0000.0001) useNSACGSolver =  /* use not-self-adjoint CG solver */
(PID.TID 0000.0001)                   F
(PID.TID 0000.0001)     ;
(PID.TID 0000.0001) printResidualFreq = /* Freq. for printing CG residual */
(PID.TID 0000.0001)                       0
(PID.TID 0000.0001)     ;
(PID.TID 0000.0001) //
(PID.TID 0000.0001) // Time stepping paramters ( PARM03 in namelist )
(PID.TID 0000.0001) //
(PID.TID 0000.0001) deltaTMom =   /* Momentum equation timestep ( s ) */
(PID.TID 0000.0001)                 1.200000000000000E+03
(PID.TID 0000.0001)     ;
(PID.TID 0000.0001) deltaTFreeSurf = /* FreeSurface equation timestep ( s ) */
(PID.TID 0000.0001)                 1.200000000000000E+03
(PID.TID 0000.0001)     ;
(PID.TID 0000.0001) dTtracerLev =  /* Tracer equation timestep ( s ) */
(PID.TID 0000.0001)    15 @  1.200000000000000E+03              /* K =  1: 15 */
(PID.TID 0000.0001)     ;
(PID.TID 0000.0001) deltaTClock  =   /* Model clock timestep ( s ) */
(PID.TID 0000.0001)                 1.200000000000000E+03
(PID.TID 0000.0001)     ;
(PID.TID 0000.0001) cAdjFreq =   /* Convective adjustment interval ( s ) */
(PID.TID 0000.0001)                 0.000000000000000E+00
(PID.TID 0000.0001)     ;
(PID.TID 0000.0001) momForcingOutAB = /* =1: take Momentum Forcing out of Adams-Bash. stepping */
(PID.TID 0000.0001)                       0
(PID.TID 0000.0001)     ;
(PID.TID 0000.0001) tracForcingOutAB = /* =1: take T,S,pTr Forcing out of Adams-Bash. stepping */
(PID.TID 0000.0001)                       0
(PID.TID 0000.0001)     ;
(PID.TID 0000.0001) momDissip_In_AB = /* put Dissipation Tendency in Adams-Bash. stepping */
(PID.TID 0000.0001)                   T
(PID.TID 0000.0001)     ;
(PID.TID 0000.0001) doAB_onGtGs = /* apply AB on Tendencies (rather than on T,S)*/
(PID.TID 0000.0001)                   T
(PID.TID 0000.0001)     ;
(PID.TID 0000.0001) abEps =   /* Adams-Bashforth-2 stabilizing weight */
(PID.TID 0000.0001)                 1.000000000000000E-02
(PID.TID 0000.0001)     ;
(PID.TID 0000.0001) applyExchUV_early = /* Apply EXCH to U,V earlier in time-step */
(PID.TID 0000.0001)                   F
(PID.TID 0000.0001)     ;
(PID.TID 0000.0001) pickupStrictlyMatch= /* stop if pickup do not strictly match */
(PID.TID 0000.0001)                   T
(PID.TID 0000.0001)     ;
(PID.TID 0000.0001) nIter0   =   /* Run starting timestep number */
(PID.TID 0000.0001)                 3111120
(PID.TID 0000.0001)     ;
(PID.TID 0000.0001) nTimeSteps = /* Number of timesteps */
(PID.TID 0000.0001)                     720
(PID.TID 0000.0001)     ;
(PID.TID 0000.0001) nEndIter =   /* Run ending timestep number */
(PID.TID 0000.0001)                 3111840
(PID.TID 0000.0001)     ;
(PID.TID 0000.0001) baseTime =   /* Model base time ( s ) */
(PID.TID 0000.0001)                 0.000000000000000E+00
(PID.TID 0000.0001)     ;
(PID.TID 0000.0001) startTime =  /* Run start time ( s ) */
(PID.TID 0000.0001)                 3.733344000000000E+09
(PID.TID 0000.0001)     ;
(PID.TID 0000.0001) endTime  =   /* Integration ending time ( s ) */
(PID.TID 0000.0001)                 3.734208000000000E+09
(PID.TID 0000.0001)     ;
(PID.TID 0000.0001) pChkPtFreq = /* Permanent restart/pickup file interval ( s ) */
(PID.TID 0000.0001)                 0.000000000000000E+00
(PID.TID 0000.0001)     ;
(PID.TID 0000.0001) chkPtFreq  = /* Rolling restart/pickup file interval ( s ) */
(PID.TID 0000.0001)                 0.000000000000000E+00
(PID.TID 0000.0001)     ;
(PID.TID 0000.0001) pickup_write_mdsio =   /* Model IO flag. */
(PID.TID 0000.0001)                   T
(PID.TID 0000.0001)     ;
(PID.TID 0000.0001) pickup_read_mdsio =   /* Model IO flag. */
(PID.TID 0000.0001)                   T
(PID.TID 0000.0001)     ;
(PID.TID 0000.0001) writePickupAtEnd =   /* Model IO flag. */
(PID.TID 0000.0001)                   T
(PID.TID 0000.0001)     ;
(PID.TID 0000.0001) dumpFreq =   /* Model state write out interval ( s ). */
(PID.TID 0000.0001)                 0.000000000000000E+00
(PID.TID 0000.0001)     ;
(PID.TID 0000.0001) dumpInitAndLast= /* write out Initial & Last iter. model state */
(PID.TID 0000.0001)                   T
(PID.TID 0000.0001)     ;
(PID.TID 0000.0001) snapshot_mdsio =   /* Model IO flag. */
(PID.TID 0000.0001)                   T
(PID.TID 0000.0001)     ;
(PID.TID 0000.0001) monitorFreq =   /* Monitor output interval ( s ). */
(PID.TID 0000.0001)                 2.592000000000000E+06
(PID.TID 0000.0001)     ;
(PID.TID 0000.0001) monitorSelect = /* select group of variables to monitor */
(PID.TID 0000.0001)                       2
(PID.TID 0000.0001)     ;
(PID.TID 0000.0001) monitor_stdio =   /* Model IO flag. */
(PID.TID 0000.0001)                   T
(PID.TID 0000.0001)     ;
(PID.TID 0000.0001) externForcingPeriod =   /* forcing period (s) */
(PID.TID 0000.0001)                 0.000000000000000E+00
(PID.TID 0000.0001)     ;
(PID.TID 0000.0001) externForcingCycle =   /* period of the cyle (s). */
(PID.TID 0000.0001)                 0.000000000000000E+00
(PID.TID 0000.0001)     ;
(PID.TID 0000.0001) tauThetaClimRelax =   /* relaxation time scale (s) */
(PID.TID 0000.0001)                 2.592000000000000E+06
(PID.TID 0000.0001)     ;
(PID.TID 0000.0001) tauSaltClimRelax =   /* relaxation time scale (s) */
(PID.TID 0000.0001)                 0.000000000000000E+00
(PID.TID 0000.0001)     ;
(PID.TID 0000.0001) latBandClimRelax =   /* max. Lat. where relaxation */
(PID.TID 0000.0001)                 1.800000000000000E+02
(PID.TID 0000.0001)     ;
(PID.TID 0000.0001) //
(PID.TID 0000.0001) // Gridding paramters ( PARM04 in namelist )
(PID.TID 0000.0001) //
(PID.TID 0000.0001) usingCartesianGrid = /* Cartesian coordinates flag ( True/False ) */
(PID.TID 0000.0001)                   F
(PID.TID 0000.0001)     ;
(PID.TID 0000.0001) usingCylindricalGrid = /* Cylindrical coordinates flag ( True/False ) */
(PID.TID 0000.0001)                   F
(PID.TID 0000.0001)     ;
(PID.TID 0000.0001) usingSphericalPolarGrid = /* Spherical coordinates flag ( True/False ) */
(PID.TID 0000.0001)                   T
(PID.TID 0000.0001)     ;
(PID.TID 0000.0001) usingCurvilinearGrid = /* Curvilinear coordinates flag ( True/False ) */
(PID.TID 0000.0001)                   F
(PID.TID 0000.0001)     ;
(PID.TID 0000.0001) useMin4hFacEdges = /* set hFacW,S as minimum of adjacent hFacC factor */
(PID.TID 0000.0001)                   F
(PID.TID 0000.0001)     ;
(PID.TID 0000.0001) interViscAr_pCell = /* account for partial-cell in interior vert. viscosity */
(PID.TID 0000.0001)                   F
(PID.TID 0000.0001)     ;
(PID.TID 0000.0001) interDiffKr_pCell = /* account for partial-cell in interior vert. diffusion */
(PID.TID 0000.0001)                   F
(PID.TID 0000.0001)     ;
(PID.TID 0000.0001) pCellMix_select = /* option to enhance mixing near surface & bottom */
(PID.TID 0000.0001)                       0
(PID.TID 0000.0001)     ;
(PID.TID 0000.0001) selectSigmaCoord = /* Hybrid-Sigma Vert. Coordinate option */
(PID.TID 0000.0001)                       0
(PID.TID 0000.0001)     ;
(PID.TID 0000.0001) rSigmaBnd = /* r/sigma transition ( units of r ==  m ) */
(PID.TID 0000.0001)                 1.234567000000000E+05
(PID.TID 0000.0001)     ;
(PID.TID 0000.0001) rkSign =   /* index orientation relative to vertical coordinate */
(PID.TID 0000.0001)                -1.000000000000000E+00
(PID.TID 0000.0001)     ;
(PID.TID 0000.0001) gravitySign = /* gravity orientation relative to vertical coordinate */
(PID.TID 0000.0001)                -1.000000000000000E+00
(PID.TID 0000.0001)     ;
(PID.TID 0000.0001) seaLev_Z =  /* reference height of sea-level [m] */
(PID.TID 0000.0001)                 0.000000000000000E+00
(PID.TID 0000.0001)     ;
(PID.TID 0000.0001) top_Pres =  /* reference pressure at the top [Pa] */
(PID.TID 0000.0001)                 0.000000000000000E+00
(PID.TID 0000.0001)     ;
(PID.TID 0000.0001) mass2rUnit = /* convert mass per unit area [kg/m2] to r-units [m] */
(PID.TID 0000.0001)                 1.000200040008002E-03
(PID.TID 0000.0001)     ;
(PID.TID 0000.0001) rUnit2mass = /* convert r-units [m] to mass per unit area [kg/m2] */
(PID.TID 0000.0001)                 9.998000000000000E+02
(PID.TID 0000.0001)     ;
(PID.TID 0000.0001) drC =   /* C spacing ( units of r ) */
(PID.TID 0000.0001)                 2.500000000000000E+01,      /* K =  1 */
(PID.TID 0000.0001)                 5.500000000000000E+01,      /* K =  2 */
(PID.TID 0000.0001)                 6.500000000000000E+01,      /* K =  3 */
(PID.TID 0000.0001)                 7.500000000000000E+01,      /* K =  4 */
(PID.TID 0000.0001)                 8.500000000000000E+01,      /* K =  5 */
(PID.TID 0000.0001)                 9.500000000000000E+01,      /* K =  6 */
(PID.TID 0000.0001)                 1.050000000000000E+02,      /* K =  7 */
(PID.TID 0000.0001)                 1.150000000000000E+02,      /* K =  8 */
(PID.TID 0000.0001)                 1.250000000000000E+02,      /* K =  9 */
(PID.TID 0000.0001)                 1.350000000000000E+02,      /* K = 10 */
(PID.TID 0000.0001)                 1.450000000000000E+02,      /* K = 11 */
(PID.TID 0000.0001)                 1.550000000000000E+02,      /* K = 12 */
(PID.TID 0000.0001)                 1.650000000000000E+02,      /* K = 13 */
(PID.TID 0000.0001)                 1.750000000000000E+02,      /* K = 14 */
(PID.TID 0000.0001)                 1.850000000000000E+02,      /* K = 15 */
(PID.TID 0000.0001)                 9.500000000000000E+01       /* K = 16 */
(PID.TID 0000.0001)     ;
(PID.TID 0000.0001) drF =   /* W spacing ( units of r ) */
(PID.TID 0000.0001)                 5.000000000000000E+01,      /* K =  1 */
(PID.TID 0000.0001)                 6.000000000000000E+01,      /* K =  2 */
(PID.TID 0000.0001)                 7.000000000000000E+01,      /* K =  3 */
(PID.TID 0000.0001)                 8.000000000000000E+01,      /* K =  4 */
(PID.TID 0000.0001)                 9.000000000000000E+01,      /* K =  5 */
(PID.TID 0000.0001)                 1.000000000000000E+02,      /* K =  6 */
(PID.TID 0000.0001)                 1.100000000000000E+02,      /* K =  7 */
(PID.TID 0000.0001)                 1.200000000000000E+02,      /* K =  8 */
(PID.TID 0000.0001)                 1.300000000000000E+02,      /* K =  9 */
(PID.TID 0000.0001)                 1.400000000000000E+02,      /* K = 10 */
(PID.TID 0000.0001)                 1.500000000000000E+02,      /* K = 11 */
(PID.TID 0000.0001)                 1.600000000000000E+02,      /* K = 12 */
(PID.TID 0000.0001)                 1.700000000000000E+02,      /* K = 13 */
(PID.TID 0000.0001)                 1.800000000000000E+02,      /* K = 14 */
(PID.TID 0000.0001)                 1.900000000000000E+02       /* K = 15 */
(PID.TID 0000.0001)     ;
(PID.TID 0000.0001) delX = /* U spacing ( m - cartesian, degrees - spherical ) */
(PID.TID 0000.0001)    62 @  1.000000000000000E+00              /* I =  1: 62 */
(PID.TID 0000.0001)     ;
(PID.TID 0000.0001) delY = /* V spacing ( m - cartesian, degrees - spherical ) */
(PID.TID 0000.0001)    62 @  1.000000000000000E+00              /* J =  1: 62 */
(PID.TID 0000.0001)     ;
(PID.TID 0000.0001) xgOrigin = /* X-axis origin of West  edge (cartesian: m, lat-lon: deg) */
(PID.TID 0000.0001)                -1.000000000000000E+00
(PID.TID 0000.0001)     ;
(PID.TID 0000.0001) ygOrigin = /* Y-axis origin of South edge (cartesian: m, lat-lon: deg) */
(PID.TID 0000.0001)                 1.400000000000000E+01
(PID.TID 0000.0001)     ;
(PID.TID 0000.0001) rSphere =  /* Radius ( ignored - cartesian, m - spherical ) */
(PID.TID 0000.0001)                 6.370000000000000E+06
(PID.TID 0000.0001)     ;
(PID.TID 0000.0001) deepAtmosphere = /* Deep/Shallow Atmosphere flag (True/False) */
(PID.TID 0000.0001)                   F
(PID.TID 0000.0001)     ;
(PID.TID 0000.0001) xC =  /* xC(:,1,:,1) : P-point X coord ( deg. or m if cartesian) */
(PID.TID 0000.0001)                -5.000000000000000E-01,      /* I =  1 */
(PID.TID 0000.0001)                 5.000000000000000E-01,      /* I =  2 */
(PID.TID 0000.0001)                 1.500000000000000E+00,      /* I =  3 */
(PID.TID 0000.0001)                 2.500000000000000E+00,      /* I =  4 */
(PID.TID 0000.0001)                 3.500000000000000E+00,      /* I =  5 */
(PID.TID 0000.0001)                 4.500000000000000E+00,      /* I =  6 */
(PID.TID 0000.0001)                 5.500000000000000E+00,      /* I =  7 */
(PID.TID 0000.0001)                 6.500000000000000E+00,      /* I =  8 */
(PID.TID 0000.0001)                 7.500000000000000E+00,      /* I =  9 */
(PID.TID 0000.0001)                 8.500000000000000E+00,      /* I = 10 */
(PID.TID 0000.0001)                 9.500000000000000E+00,      /* I = 11 */
(PID.TID 0000.0001)                 1.050000000000000E+01,      /* I = 12 */
(PID.TID 0000.0001)                 1.150000000000000E+01,      /* I = 13 */
(PID.TID 0000.0001)                 1.250000000000000E+01,      /* I = 14 */
(PID.TID 0000.0001)                 1.350000000000000E+01,      /* I = 15 */
(PID.TID 0000.0001)                 1.450000000000000E+01,      /* I = 16 */
(PID.TID 0000.0001)                 1.550000000000000E+01,      /* I = 17 */
(PID.TID 0000.0001)                 1.650000000000000E+01,      /* I = 18 */
(PID.TID 0000.0001)                 1.750000000000000E+01,      /* I = 19 */
(PID.TID 0000.0001)                 1.850000000000000E+01,      /* I = 20 */
(PID.TID 0000.0001)                 1.950000000000000E+01,      /* I = 21 */
(PID.TID 0000.0001)                 2.050000000000000E+01,      /* I = 22 */
(PID.TID 0000.0001)                 2.150000000000000E+01,      /* I = 23 */
(PID.TID 0000.0001)                 2.250000000000000E+01,      /* I = 24 */
(PID.TID 0000.0001)                 2.350000000000000E+01,      /* I = 25 */
(PID.TID 0000.0001)                 2.450000000000000E+01,      /* I = 26 */
(PID.TID 0000.0001)                 2.550000000000000E+01,      /* I = 27 */
(PID.TID 0000.0001)                 2.650000000000000E+01,      /* I = 28 */
(PID.TID 0000.0001)                 2.750000000000000E+01,      /* I = 29 */
(PID.TID 0000.0001)                 2.850000000000000E+01,      /* I = 30 */
(PID.TID 0000.0001)                 2.950000000000000E+01       /* I = 31 */
(PID.TID 0000.0001)     ;
(PID.TID 0000.0001) yC =  /* yC(1,:,1,:) : P-point Y coord ( deg. or m if cartesian) */
(PID.TID 0000.0001)                 1.450000000000000E+01,      /* J =  1 */
(PID.TID 0000.0001)                 1.550000000000000E+01,      /* J =  2 */
(PID.TID 0000.0001)                 1.650000000000000E+01,      /* J =  3 */
(PID.TID 0000.0001)                 1.750000000000000E+01,      /* J =  4 */
(PID.TID 0000.0001)                 1.850000000000000E+01,      /* J =  5 */
(PID.TID 0000.0001)                 1.950000000000000E+01,      /* J =  6 */
(PID.TID 0000.0001)                 2.050000000000000E+01,      /* J =  7 */
(PID.TID 0000.0001)                 2.150000000000000E+01,      /* J =  8 */
(PID.TID 0000.0001)                 2.250000000000000E+01,      /* J =  9 */
(PID.TID 0000.0001)                 2.350000000000000E+01,      /* J = 10 */
(PID.TID 0000.0001)                 2.450000000000000E+01,      /* J = 11 */
(PID.TID 0000.0001)                 2.550000000000000E+01,      /* J = 12 */
(PID.TID 0000.0001)                 2.650000000000000E+01,      /* J = 13 */
(PID.TID 0000.0001)                 2.750000000000000E+01,      /* J = 14 */
(PID.TID 0000.0001)                 2.850000000000000E+01,      /* J = 15 */
(PID.TID 0000.0001)                 2.950000000000000E+01,      /* J = 16 */
(PID.TID 0000.0001)                 3.050000000000000E+01,      /* J = 17 */
(PID.TID 0000.0001)                 3.150000000000000E+01,      /* J = 18 */
(PID.TID 0000.0001)                 3.250000000000000E+01,      /* J = 19 */
(PID.TID 0000.0001)                 3.350000000000000E+01,      /* J = 20 */
(PID.TID 0000.0001)                 3.450000000000000E+01,      /* J = 21 */
(PID.TID 0000.0001)                 3.550000000000000E+01,      /* J = 22 */
(PID.TID 0000.0001)                 3.650000000000000E+01,      /* J = 23 */
(PID.TID 0000.0001)                 3.750000000000000E+01,      /* J = 24 */
(PID.TID 0000.0001)                 3.850000000000000E+01,      /* J = 25 */
(PID.TID 0000.0001)                 3.950000000000000E+01,      /* J = 26 */
(PID.TID 0000.0001)                 4.050000000000000E+01,      /* J = 27 */
(PID.TID 0000.0001)                 4.150000000000000E+01,      /* J = 28 */
(PID.TID 0000.0001)                 4.250000000000000E+01,      /* J = 29 */
(PID.TID 0000.0001)                 4.350000000000000E+01,      /* J = 30 */
(PID.TID 0000.0001)                 4.450000000000000E+01       /* J = 31 */
(PID.TID 0000.0001)     ;
(PID.TID 0000.0001) rcoord = /* P-point R coordinate (  units of r ) */
(PID.TID 0000.0001)                -2.500000000000000E+01,      /* K =  1 */
(PID.TID 0000.0001)                -8.000000000000000E+01,      /* K =  2 */
(PID.TID 0000.0001)                -1.450000000000000E+02,      /* K =  3 */
(PID.TID 0000.0001)                -2.200000000000000E+02,      /* K =  4 */
(PID.TID 0000.0001)                -3.050000000000000E+02,      /* K =  5 */
(PID.TID 0000.0001)                -4.000000000000000E+02,      /* K =  6 */
(PID.TID 0000.0001)                -5.050000000000000E+02,      /* K =  7 */
(PID.TID 0000.0001)                -6.200000000000000E+02,      /* K =  8 */
(PID.TID 0000.0001)                -7.450000000000000E+02,      /* K =  9 */
(PID.TID 0000.0001)                -8.800000000000000E+02,      /* K = 10 */
(PID.TID 0000.0001)                -1.025000000000000E+03,      /* K = 11 */
(PID.TID 0000.0001)                -1.180000000000000E+03,      /* K = 12 */
(PID.TID 0000.0001)                -1.345000000000000E+03,      /* K = 13 */
(PID.TID 0000.0001)                -1.520000000000000E+03,      /* K = 14 */
(PID.TID 0000.0001)                -1.705000000000000E+03       /* K = 15 */
(PID.TID 0000.0001)     ;
(PID.TID 0000.0001) rF =   /* W-Interf. R coordinate (  units of r ) */
(PID.TID 0000.0001)                 0.000000000000000E+00,      /* K =  1 */
(PID.TID 0000.0001)                -5.000000000000000E+01,      /* K =  2 */
(PID.TID 0000.0001)                -1.100000000000000E+02,      /* K =  3 */
(PID.TID 0000.0001)                -1.800000000000000E+02,      /* K =  4 */
(PID.TID 0000.0001)                -2.600000000000000E+02,      /* K =  5 */
(PID.TID 0000.0001)                -3.500000000000000E+02,      /* K =  6 */
(PID.TID 0000.0001)                -4.500000000000000E+02,      /* K =  7 */
(PID.TID 0000.0001)                -5.600000000000000E+02,      /* K =  8 */
(PID.TID 0000.0001)                -6.800000000000000E+02,      /* K =  9 */
(PID.TID 0000.0001)                -8.100000000000000E+02,      /* K = 10 */
(PID.TID 0000.0001)                -9.500000000000000E+02,      /* K = 11 */
(PID.TID 0000.0001)                -1.100000000000000E+03,      /* K = 12 */
(PID.TID 0000.0001)                -1.260000000000000E+03,      /* K = 13 */
(PID.TID 0000.0001)                -1.430000000000000E+03,      /* K = 14 */
(PID.TID 0000.0001)                -1.610000000000000E+03,      /* K = 15 */
(PID.TID 0000.0001)                -1.800000000000000E+03       /* K = 16 */
(PID.TID 0000.0001)     ;
(PID.TID 0000.0001) deepFacC = /* deep-model grid factor @ cell-Center (-) */
(PID.TID 0000.0001)    15 @  1.000000000000000E+00              /* K =  1: 15 */
(PID.TID 0000.0001)     ;
(PID.TID 0000.0001) deepFacF = /* deep-model grid factor @ W-Interface (-) */
(PID.TID 0000.0001)    16 @  1.000000000000000E+00              /* K =  1: 16 */
(PID.TID 0000.0001)     ;
(PID.TID 0000.0001) rVel2wUnit = /* convert units: rVel -> wSpeed (=1 if z-coord)*/
(PID.TID 0000.0001)    16 @  1.000000000000000E+00              /* K =  1: 16 */
(PID.TID 0000.0001)     ;
(PID.TID 0000.0001) wUnit2rVel = /* convert units: wSpeed -> rVel (=1 if z-coord)*/
(PID.TID 0000.0001)    16 @  1.000000000000000E+00              /* K =  1: 16 */
(PID.TID 0000.0001)     ;
(PID.TID 0000.0001) dBdrRef = /* Vertical grad. of reference buoyancy [(m/s/r)^2] */
(PID.TID 0000.0001)                 0.000000000000000E+00,      /* K =  1 */
(PID.TID 0000.0001)                 1.070181818181818E-04,      /* K =  2 */
(PID.TID 0000.0001)                 9.055384615384615E-05,      /* K =  3 */
(PID.TID 0000.0001)                 7.848000000000002E-05,      /* K =  4 */
(PID.TID 0000.0001)                 6.924705882352942E-05,      /* K =  5 */
(PID.TID 0000.0001)                 6.195789473684211E-05,      /* K =  6 */
(PID.TID 0000.0001)                 3.737142857142858E-05,      /* K =  7 */
(PID.TID 0000.0001)                 3.412173913043479E-05,      /* K =  8 */
(PID.TID 0000.0001)                 3.139200000000000E-05,      /* K =  9 */
(PID.TID 0000.0001)                 2.906666666666667E-05,      /* K = 10 */
(PID.TID 0000.0001)                 1.353103448275862E-05,      /* K = 11 */
(PID.TID 0000.0001)                 1.265806451612903E-05,      /* K = 12 */
(PID.TID 0000.0001)                 1.189090909090909E-05,      /* K = 13 */
(PID.TID 0000.0001)                 1.121142857142857E-05,      /* K = 14 */
(PID.TID 0000.0001)                 1.060540540540541E-05       /* K = 15 */
(PID.TID 0000.0001)     ;
(PID.TID 0000.0001) rotateGrid = /* use rotated grid ( True/False ) */
(PID.TID 0000.0001)                   F
(PID.TID 0000.0001)     ;
(PID.TID 0000.0001) phiEuler = /* Euler angle, rotation about original z-coordinate [rad] */
(PID.TID 0000.0001)                 0.000000000000000E+00
(PID.TID 0000.0001)     ;
(PID.TID 0000.0001) thetaEuler = /* Euler angle, rotation about new x-coordinate [rad] */
(PID.TID 0000.0001)                 0.000000000000000E+00
(PID.TID 0000.0001)     ;
(PID.TID 0000.0001) psiEuler = /* Euler angle, rotation about new z-coordinate [rad] */
(PID.TID 0000.0001)                 0.000000000000000E+00
(PID.TID 0000.0001)     ;
(PID.TID 0000.0001) dxF =  /* dxF(:,1,:,1) ( units: m ) */
(PID.TID 0000.0001)    31 @  1.076362084889763E+05              /* I =  1: 31 */
(PID.TID 0000.0001)     ;
(PID.TID 0000.0001) dxF =  /* dxF(1,:,1,:) ( units: m ) */
(PID.TID 0000.0001)                 1.076362084889763E+05,      /* J =  1 */
(PID.TID 0000.0001)                 1.071339990328148E+05,      /* J =  2 */
(PID.TID 0000.0001)                 1.065991555227175E+05,      /* J =  3 */
(PID.TID 0000.0001)                 1.060318408771987E+05,      /* J =  4 */
(PID.TID 0000.0001)                 1.054322279057952E+05,      /* J =  5 */
(PID.TID 0000.0001)                 1.048004992564268E+05,      /* J =  6 */
(PID.TID 0000.0001)                 1.041368473597596E+05,      /* J =  7 */
(PID.TID 0000.0001)                 1.034414743705903E+05,      /* J =  8 */
(PID.TID 0000.0001)                 1.027145921062676E+05,      /* J =  9 */
(PID.TID 0000.0001)                 1.019564219821708E+05,      /* J = 10 */
(PID.TID 0000.0001)                 1.011671949442642E+05,      /* J = 11 */
(PID.TID 0000.0001)                 1.003471513987490E+05,      /* J = 12 */
(PID.TID 0000.0001)                 9.949654113883297E+04,      /* J = 13 */
(PID.TID 0000.0001)                 9.861562326864146E+04,      /* J = 14 */
(PID.TID 0000.0001)                 9.770466612429130E+04,      /* J = 15 */
(PID.TID 0000.0001)                 9.676394719215337E+04,      /* J = 16 */
(PID.TID 0000.0001)                 9.579375302432729E+04,      /* J = 17 */
(PID.TID 0000.0001)                 9.479437915135507E+04,      /* J = 18 */
(PID.TID 0000.0001)                 9.376612999219958E+04,      /* J = 19 */
(PID.TID 0000.0001)                 9.270931876151556E+04,      /* J = 20 */
(PID.TID 0000.0001)                 9.162426737424145E+04,      /* J = 21 */
(PID.TID 0000.0001)                 9.051130634754094E+04,      /* J = 22 */
(PID.TID 0000.0001)                 8.937077470012424E+04,      /* J = 23 */
(PID.TID 0000.0001)                 8.820301984897976E+04,      /* J = 24 */
(PID.TID 0000.0001)                 8.700839750354746E+04,      /* J = 25 */
(PID.TID 0000.0001)                 8.578727155736629E+04,      /* J = 26 */
(PID.TID 0000.0001)                 8.454001397722879E+04,      /* J = 27 */
(PID.TID 0000.0001)                 8.326700468987631E+04,      /* J = 28 */
(PID.TID 0000.0001)                 8.196863146626971E+04,      /* J = 29 */
(PID.TID 0000.0001)                 8.064528980347053E+04,      /* J = 30 */
(PID.TID 0000.0001)                 7.929738280416874E+04       /* J = 31 */
(PID.TID 0000.0001)     ;
(PID.TID 0000.0001) dyF =  /* dyF(:,1,:,1) ( units: m ) */
(PID.TID 0000.0001)    31 @  1.111774733520388E+05              /* I =  1: 31 */
(PID.TID 0000.0001)     ;
(PID.TID 0000.0001) dyF =  /* dyF(1,:,1,:) ( units: m ) */
(PID.TID 0000.0001)    31 @  1.111774733520388E+05              /* J =  1: 31 */
(PID.TID 0000.0001)     ;
(PID.TID 0000.0001) dxG =  /* dxG(:,1,:,1) ( units: m ) */
(PID.TID 0000.0001)    31 @  1.078750272516468E+05              /* I =  1: 31 */
(PID.TID 0000.0001)     ;
(PID.TID 0000.0001) dxG =  /* dxG(1,:,1,:) ( units: m ) */
(PID.TID 0000.0001)                 1.078750272516468E+05,      /* J =  1 */
(PID.TID 0000.0001)                 1.073891928122990E+05,      /* J =  2 */
(PID.TID 0000.0001)                 1.068706465845181E+05,      /* J =  3 */
(PID.TID 0000.0001)                 1.063195465225083E+05,      /* J =  4 */
(PID.TID 0000.0001)                 1.057360604966873E+05,      /* J =  5 */
(PID.TID 0000.0001)                 1.051203662425507E+05,      /* J =  6 */
(PID.TID 0000.0001)                 1.044726513065328E+05,      /* J =  7 */
(PID.TID 0000.0001)                 1.037931129888776E+05,      /* J =  8 */
(PID.TID 0000.0001)                 1.030819582835396E+05,      /* J =  9 */
(PID.TID 0000.0001)                 1.023394038151311E+05,      /* J = 10 */
(PID.TID 0000.0001)                 1.015656757729363E+05,      /* J = 11 */
(PID.TID 0000.0001)                 1.007610098420124E+05,      /* J = 12 */
(PID.TID 0000.0001)                 9.992565113139673E+04,      /* J = 13 */
(PID.TID 0000.0001)                 9.905985409944496E+04,      /* J = 14 */
(PID.TID 0000.0001)                 9.816388247632013E+04,      /* J = 15 */
(PID.TID 0000.0001)                 9.723800918365814E+04,      /* J = 16 */
(PID.TID 0000.0001)                 9.628251625143306E+04,      /* J = 17 */
(PID.TID 0000.0001)                 9.529769473204810E+04,      /* J = 18 */
(PID.TID 0000.0001)                 9.428384461167829E+04,      /* J = 19 */
(PID.TID 0000.0001)                 9.324127471889161E+04,      /* J = 20 */
(PID.TID 0000.0001)                 9.217030263057708E+04,      /* J = 21 */
(PID.TID 0000.0001)                 9.107125457520749E+04,      /* J = 22 */
(PID.TID 0000.0001)                 8.994446533346726E+04,      /* J = 23 */
(PID.TID 0000.0001)                 8.879027813627482E+04,      /* J = 24 */
(PID.TID 0000.0001)                 8.760904456023136E+04,      /* J = 25 */
(PID.TID 0000.0001)                 8.640112442052698E+04,      /* J = 26 */
(PID.TID 0000.0001)                 8.516688566133760E+04,      /* J = 27 */
(PID.TID 0000.0001)                 8.390670424374563E+04,      /* J = 28 */
(PID.TID 0000.0001)                 8.262096403121852E+04,      /* J = 29 */
(PID.TID 0000.0001)                 8.131005667268026E+04,      /* J = 30 */
(PID.TID 0000.0001)                 7.997438148321131E+04       /* J = 31 */
(PID.TID 0000.0001)     ;
(PID.TID 0000.0001) dyG =  /* dyG(:,1,:,1) ( units: m ) */
(PID.TID 0000.0001)    31 @  1.111774733520388E+05              /* I =  1: 31 */
(PID.TID 0000.0001)     ;
(PID.TID 0000.0001) dyG =  /* dyG(1,:,1,:) ( units: m ) */
(PID.TID 0000.0001)    31 @  1.111774733520388E+05              /* J =  1: 31 */
(PID.TID 0000.0001)     ;
(PID.TID 0000.0001) dxC =  /* dxC(:,1,:,1) ( units: m ) */
(PID.TID 0000.0001)    31 @  1.076362084889763E+05              /* I =  1: 31 */
(PID.TID 0000.0001)     ;
(PID.TID 0000.0001) dxC =  /* dxC(1,:,1,:) ( units: m ) */
(PID.TID 0000.0001)                 1.076362084889763E+05,      /* J =  1 */
(PID.TID 0000.0001)                 1.071339990328148E+05,      /* J =  2 */
(PID.TID 0000.0001)                 1.065991555227175E+05,      /* J =  3 */
(PID.TID 0000.0001)                 1.060318408771987E+05,      /* J =  4 */
(PID.TID 0000.0001)                 1.054322279057952E+05,      /* J =  5 */
(PID.TID 0000.0001)                 1.048004992564268E+05,      /* J =  6 */
(PID.TID 0000.0001)                 1.041368473597596E+05,      /* J =  7 */
(PID.TID 0000.0001)                 1.034414743705903E+05,      /* J =  8 */
(PID.TID 0000.0001)                 1.027145921062676E+05,      /* J =  9 */
(PID.TID 0000.0001)                 1.019564219821708E+05,      /* J = 10 */
(PID.TID 0000.0001)                 1.011671949442642E+05,      /* J = 11 */
(PID.TID 0000.0001)                 1.003471513987490E+05,      /* J = 12 */
(PID.TID 0000.0001)                 9.949654113883297E+04,      /* J = 13 */
(PID.TID 0000.0001)                 9.861562326864146E+04,      /* J = 14 */
(PID.TID 0000.0001)                 9.770466612429130E+04,      /* J = 15 */
(PID.TID 0000.0001)                 9.676394719215337E+04,      /* J = 16 */
(PID.TID 0000.0001)                 9.579375302432729E+04,      /* J = 17 */
(PID.TID 0000.0001)                 9.479437915135507E+04,      /* J = 18 */
(PID.TID 0000.0001)                 9.376612999219958E+04,      /* J = 19 */
(PID.TID 0000.0001)                 9.270931876151556E+04,      /* J = 20 */
(PID.TID 0000.0001)                 9.162426737424145E+04,      /* J = 21 */
(PID.TID 0000.0001)                 9.051130634754094E+04,      /* J = 22 */
(PID.TID 0000.0001)                 8.937077470012424E+04,      /* J = 23 */
(PID.TID 0000.0001)                 8.820301984897976E+04,      /* J = 24 */
(PID.TID 0000.0001)                 8.700839750354746E+04,      /* J = 25 */
(PID.TID 0000.0001)                 8.578727155736629E+04,      /* J = 26 */
(PID.TID 0000.0001)                 8.454001397722879E+04,      /* J = 27 */
(PID.TID 0000.0001)                 8.326700468987631E+04,      /* J = 28 */
(PID.TID 0000.0001)                 8.196863146626971E+04,      /* J = 29 */
(PID.TID 0000.0001)                 8.064528980347053E+04,      /* J = 30 */
(PID.TID 0000.0001)                 7.929738280416874E+04       /* J = 31 */
(PID.TID 0000.0001)     ;
(PID.TID 0000.0001) dyC =  /* dyC(:,1,:,1) ( units: m ) */
(PID.TID 0000.0001)    31 @  1.111774733520388E+05              /* I =  1: 31 */
(PID.TID 0000.0001)     ;
(PID.TID 0000.0001) dyC =  /* dyC(1,:,1,:) ( units: m ) */
(PID.TID 0000.0001)    31 @  1.111774733520388E+05              /* J =  1: 31 */
(PID.TID 0000.0001)     ;
(PID.TID 0000.0001) dxV =  /* dxV(:,1,:,1) ( units: m ) */
(PID.TID 0000.0001)    31 @  1.078750272516468E+05              /* I =  1: 31 */
(PID.TID 0000.0001)     ;
(PID.TID 0000.0001) dxV =  /* dxV(1,:,1,:) ( units: m ) */
(PID.TID 0000.0001)                 1.078750272516468E+05,      /* J =  1 */
(PID.TID 0000.0001)                 1.073891928122990E+05,      /* J =  2 */
(PID.TID 0000.0001)                 1.068706465845181E+05,      /* J =  3 */
(PID.TID 0000.0001)                 1.063195465225083E+05,      /* J =  4 */
(PID.TID 0000.0001)                 1.057360604966873E+05,      /* J =  5 */
(PID.TID 0000.0001)                 1.051203662425507E+05,      /* J =  6 */
(PID.TID 0000.0001)                 1.044726513065328E+05,      /* J =  7 */
(PID.TID 0000.0001)                 1.037931129888776E+05,      /* J =  8 */
(PID.TID 0000.0001)                 1.030819582835396E+05,      /* J =  9 */
(PID.TID 0000.0001)                 1.023394038151311E+05,      /* J = 10 */
(PID.TID 0000.0001)                 1.015656757729363E+05,      /* J = 11 */
(PID.TID 0000.0001)                 1.007610098420124E+05,      /* J = 12 */
(PID.TID 0000.0001)                 9.992565113139673E+04,      /* J = 13 */
(PID.TID 0000.0001)                 9.905985409944496E+04,      /* J = 14 */
(PID.TID 0000.0001)                 9.816388247632013E+04,      /* J = 15 */
(PID.TID 0000.0001)                 9.723800918365814E+04,      /* J = 16 */
(PID.TID 0000.0001)                 9.628251625143306E+04,      /* J = 17 */
(PID.TID 0000.0001)                 9.529769473204810E+04,      /* J = 18 */
(PID.TID 0000.0001)                 9.428384461167829E+04,      /* J = 19 */
(PID.TID 0000.0001)                 9.324127471889161E+04,      /* J = 20 */
(PID.TID 0000.0001)                 9.217030263057708E+04,      /* J = 21 */
(PID.TID 0000.0001)                 9.107125457520749E+04,      /* J = 22 */
(PID.TID 0000.0001)                 8.994446533346726E+04,      /* J = 23 */
(PID.TID 0000.0001)                 8.879027813627482E+04,      /* J = 24 */
(PID.TID 0000.0001)                 8.760904456023136E+04,      /* J = 25 */
(PID.TID 0000.0001)                 8.640112442052698E+04,      /* J = 26 */
(PID.TID 0000.0001)                 8.516688566133760E+04,      /* J = 27 */
(PID.TID 0000.0001)                 8.390670424374563E+04,      /* J = 28 */
(PID.TID 0000.0001)                 8.262096403121852E+04,      /* J = 29 */
(PID.TID 0000.0001)                 8.131005667268026E+04,      /* J = 30 */
(PID.TID 0000.0001)                 7.997438148321131E+04       /* J = 31 */
(PID.TID 0000.0001)     ;
(PID.TID 0000.0001) dyU =  /* dyU(:,1,:,1) ( units: m ) */
(PID.TID 0000.0001)    31 @  1.111774733520388E+05              /* I =  1: 31 */
(PID.TID 0000.0001)     ;
(PID.TID 0000.0001) dyU =  /* dyU(1,:,1,:) ( units: m ) */
(PID.TID 0000.0001)    31 @  1.111774733520388E+05              /* J =  1: 31 */
(PID.TID 0000.0001)     ;
(PID.TID 0000.0001) rA  =  /* rA (:,1,:,1) ( units: m^2 ) */
(PID.TID 0000.0001)    31 @  1.196656981524733E+10              /* I =  1: 31 */
(PID.TID 0000.0001)     ;
(PID.TID 0000.0001) rA  =  /* rA (1,:,1,:) ( units: m^2 ) */
(PID.TID 0000.0001)                 1.196656981524733E+10,      /* J =  1 */
(PID.TID 0000.0001)                 1.191073614548694E+10,      /* J =  2 */
(PID.TID 0000.0001)                 1.185127435011474E+10,      /* J =  3 */
(PID.TID 0000.0001)                 1.178820254176960E+10,      /* J =  4 */
(PID.TID 0000.0001)                 1.172153993273539E+10,      /* J =  5 */
(PID.TID 0000.0001)                 1.165130682908854E+10,      /* J =  6 */
(PID.TID 0000.0001)                 1.157752462451282E+10,      /* J =  7 */
(PID.TID 0000.0001)                 1.150021579378240E+10,      /* J =  8 */
(PID.TID 0000.0001)                 1.141940388591624E+10,      /* J =  9 */
(PID.TID 0000.0001)                 1.133511351700411E+10,      /* J = 10 */
(PID.TID 0000.0001)                 1.124737036270893E+10,      /* J = 11 */
(PID.TID 0000.0001)                 1.115620115044562E+10,      /* J = 12 */
(PID.TID 0000.0001)                 1.106163365123932E+10,      /* J = 13 */
(PID.TID 0000.0001)                 1.096369667126643E+10,      /* J = 14 */
(PID.TID 0000.0001)                 1.086242004307971E+10,      /* J = 15 */
(PID.TID 0000.0001)                 1.075783461652121E+10,      /* J = 16 */
(PID.TID 0000.0001)                 1.064997224932518E+10,      /* J = 17 */
(PID.TID 0000.0001)                 1.053886579741327E+10,      /* J = 18 */
(PID.TID 0000.0001)                 1.042454910488719E+10,      /* J = 19 */
(PID.TID 0000.0001)                 1.030705699371901E+10,      /* J = 20 */
(PID.TID 0000.0001)                 1.018642525314361E+10,      /* J = 21 */
(PID.TID 0000.0001)                 1.006269062875826E+10,      /* J = 22 */
(PID.TID 0000.0001)                 9.935890811327726E+09,      /* J = 23 */
(PID.TID 0000.0001)                 9.806064425305017E+09,      /* J = 24 */
(PID.TID 0000.0001)                 9.673251017064857E+09,      /* J = 25 */
(PID.TID 0000.0001)                 9.537491042857967E+09,      /* J = 26 */
(PID.TID 0000.0001)                 9.398825856487764E+09,      /* J = 27 */
(PID.TID 0000.0001)                 9.257297696713127E+09,      /* J = 28 */
(PID.TID 0000.0001)                 9.112949674382658E+09,      /* J = 29 */
(PID.TID 0000.0001)                 8.965825759302095E+09,      /* J = 30 */
(PID.TID 0000.0001)                 8.815970766841616E+09       /* J = 31 */
(PID.TID 0000.0001)     ;
(PID.TID 0000.0001) rAw =  /* rAw(:,1,:,1) ( units: m^2 ) */
(PID.TID 0000.0001)    31 @  1.196656981524733E+10              /* I =  1: 31 */
(PID.TID 0000.0001)     ;
(PID.TID 0000.0001) rAw =  /* rAw(1,:,1,:) ( units: m^2 ) */
(PID.TID 0000.0001)                 1.196656981524733E+10,      /* J =  1 */
(PID.TID 0000.0001)                 1.191073614548694E+10,      /* J =  2 */
(PID.TID 0000.0001)                 1.185127435011474E+10,      /* J =  3 */
(PID.TID 0000.0001)                 1.178820254176960E+10,      /* J =  4 */
(PID.TID 0000.0001)                 1.172153993273539E+10,      /* J =  5 */
(PID.TID 0000.0001)                 1.165130682908854E+10,      /* J =  6 */
(PID.TID 0000.0001)                 1.157752462451282E+10,      /* J =  7 */
(PID.TID 0000.0001)                 1.150021579378240E+10,      /* J =  8 */
(PID.TID 0000.0001)                 1.141940388591624E+10,      /* J =  9 */
(PID.TID 0000.0001)                 1.133511351700411E+10,      /* J = 10 */
(PID.TID 0000.0001)                 1.124737036270893E+10,      /* J = 11 */
(PID.TID 0000.0001)                 1.115620115044562E+10,      /* J = 12 */
(PID.TID 0000.0001)                 1.106163365123932E+10,      /* J = 13 */
(PID.TID 0000.0001)                 1.096369667126643E+10,      /* J = 14 */
(PID.TID 0000.0001)                 1.086242004307971E+10,      /* J = 15 */
(PID.TID 0000.0001)                 1.075783461652121E+10,      /* J = 16 */
(PID.TID 0000.0001)                 1.064997224932518E+10,      /* J = 17 */
(PID.TID 0000.0001)                 1.053886579741327E+10,      /* J = 18 */
(PID.TID 0000.0001)                 1.042454910488719E+10,      /* J = 19 */
(PID.TID 0000.0001)                 1.030705699371901E+10,      /* J = 20 */
(PID.TID 0000.0001)                 1.018642525314361E+10,      /* J = 21 */
(PID.TID 0000.0001)                 1.006269062875826E+10,      /* J = 22 */
(PID.TID 0000.0001)                 9.935890811327726E+09,      /* J = 23 */
(PID.TID 0000.0001)                 9.806064425305017E+09,      /* J = 24 */
(PID.TID 0000.0001)                 9.673251017064857E+09,      /* J = 25 */
(PID.TID 0000.0001)                 9.537491042857967E+09,      /* J = 26 */
(PID.TID 0000.0001)                 9.398825856487764E+09,      /* J = 27 */
(PID.TID 0000.0001)                 9.257297696713127E+09,      /* J = 28 */
(PID.TID 0000.0001)                 9.112949674382658E+09,      /* J = 29 */
(PID.TID 0000.0001)                 8.965825759302095E+09,      /* J = 30 */
(PID.TID 0000.0001)                 8.815970766841616E+09       /* J = 31 */
(PID.TID 0000.0001)     ;
(PID.TID 0000.0001) rAs =  /* rAs(:,1,:,1) ( units: m^2 ) */
(PID.TID 0000.0001)    31 @  1.199312074487231E+10              /* I =  1: 31 */
(PID.TID 0000.0001)     ;
(PID.TID 0000.0001) rAs =  /* rAs(1,:,1,:) ( units: m^2 ) */
(PID.TID 0000.0001)                 1.199312074487231E+10,      /* J =  1 */
(PID.TID 0000.0001)                 1.193910758500046E+10,      /* J =  2 */
(PID.TID 0000.0001)                 1.188145765730160E+10,      /* J =  3 */
(PID.TID 0000.0001)                 1.182018852250200E+10,      /* J =  4 */
(PID.TID 0000.0001)                 1.175531884377381E+10,      /* J =  5 */
(PID.TID 0000.0001)                 1.168686838104932E+10,      /* J =  6 */
(PID.TID 0000.0001)                 1.161485798500282E+10,      /* J =  7 */
(PID.TID 0000.0001)                 1.153930959069842E+10,      /* J =  8 */
(PID.TID 0000.0001)                 1.146024621090888E+10,      /* J =  9 */
(PID.TID 0000.0001)                 1.137769192910564E+10,      /* J = 10 */
(PID.TID 0000.0001)                 1.129167189212251E+10,      /* J = 11 */
(PID.TID 0000.0001)                 1.120221230249629E+10,      /* J = 12 */
(PID.TID 0000.0001)                 1.110934041048438E+10,      /* J = 13 */
(PID.TID 0000.0001)                 1.101308450576488E+10,      /* J = 14 */
(PID.TID 0000.0001)                 1.091347390881877E+10,      /* J = 15 */
(PID.TID 0000.0001)                 1.081053896199882E+10,      /* J = 16 */
(PID.TID 0000.0001)                 1.070431102028697E+10,      /* J = 17 */
(PID.TID 0000.0001)                 1.059482244174344E+10,      /* J = 18 */
(PID.TID 0000.0001)                 1.048210657764977E+10,      /* J = 19 */
(PID.TID 0000.0001)                 1.036619776235010E+10,      /* J = 20 */
(PID.TID 0000.0001)                 1.024713130279231E+10,      /* J = 21 */
(PID.TID 0000.0001)                 1.012494346777366E+10,      /* J = 22 */
(PID.TID 0000.0001)                 9.999671476892084E+09,      /* J = 23 */
(PID.TID 0000.0001)                 9.871353489209755E+09,      /* J = 24 */
(PID.TID 0000.0001)                 9.740028591628616E+09,      /* J = 25 */
(PID.TID 0000.0001)                 9.605736786984573E+09,      /* J = 26 */
(PID.TID 0000.0001)                 9.468518981862591E+09,      /* J = 27 */
(PID.TID 0000.0001)                 9.328416974134933E+09,      /* J = 28 */
(PID.TID 0000.0001)                 9.185473440230581E+09,      /* J = 29 */
(PID.TID 0000.0001)                 9.039731922134653E+09,      /* J = 30 */
(PID.TID 0000.0001)                 8.891236814125528E+09       /* J = 31 */
(PID.TID 0000.0001)     ;
(PID.TID 0000.0001) globalArea = /* Integrated horizontal Area (m^2) */
(PID.TID 0000.0001)                 3.004640278222630E+13
(PID.TID 0000.0001)     ;
(PID.TID 0000.0001) // =======================================================
(PID.TID 0000.0001) // End of Model config. summary
(PID.TID 0000.0001) // =======================================================
(PID.TID 0000.0001) 
(PID.TID 0000.0001) == Packages configuration : Check & print summary ==
(PID.TID 0000.0001) 
(PID.TID 0000.0001) CTRL_CHECK:  --> Starts to check CTRL set-up
(PID.TID 0000.0001) CTRL_CHECK:  <-- Ends Normally
(PID.TID 0000.0001) 
(PID.TID 0000.0001) COST_CHECK: #define ALLOW_COST
(PID.TID 0000.0001) GRDCHK_CHECK: grdchk package
(PID.TID 0000.0001) GAD_CHECK: #define ALLOW_GENERIC_ADVDIFF
(PID.TID 0000.0001) // =======================================================
(PID.TID 0000.0001) // Check Model config. (CONFIG_CHECK):
(PID.TID 0000.0001) // CONFIG_CHECK : Normal End
(PID.TID 0000.0001) // =======================================================
(PID.TID 0000.0001) 
(PID.TID 0000.0001)  nRecords = 108 ; filePrec =  64 ; fileIter =   3111120
(PID.TID 0000.0001)     nDims =   2 , dims:
(PID.TID 0000.0001)    1:  62   1  62
(PID.TID 0000.0001)    2:  62   1  62
(PID.TID 0000.0001)     nFlds =  10 , nFl3D =   7 , fields:
(PID.TID 0000.0001)  >Uvel    < >Vvel    < >Theta   < >Salt    < >GuNm1   < >GvNm1   < >GtNm1   < >EtaN    < >dEtaHdt < >EtaH    <
(PID.TID 0000.0001) missingVal=  1.00000000000000E+00 ; nTimRec =   1 , timeList:
(PID.TID 0000.0001)   3.733344000000E+09
(PID.TID 0000.0001) READ_MFLDS_3D_RL: read field: "Uvel    ", #   1 in fldList, rec=   1
(PID.TID 0000.0001) READ_MFLDS_3D_RL: read field: "Vvel    ", #   2 in fldList, rec=   2
(PID.TID 0000.0001) READ_MFLDS_3D_RL: read field: "Theta   ", #   3 in fldList, rec=   3
(PID.TID 0000.0001) READ_MFLDS_3D_RL: read field: "Salt    ", #   4 in fldList, rec=   4
(PID.TID 0000.0001) READ_MFLDS_3D_RL: read field: "GuNm1   ", #   5 in fldList, rec=   5
(PID.TID 0000.0001) READ_MFLDS_3D_RL: read field: "GvNm1   ", #   6 in fldList, rec=   6
(PID.TID 0000.0001) READ_MFLDS_3D_RL: read field: "GtNm1   ", #   7 in fldList, rec=   7
(PID.TID 0000.0001) READ_MFLDS_3D_RL: read field: "EtaN    ", #   8 in fldList, rec= 106
(PID.TID 0000.0001) READ_MFLDS_3D_RL: read field: "dEtaHdt ", #   9 in fldList, rec= 107
(PID.TID 0000.0001) READ_MFLDS_CHECK: - normal end ; reset MFLDS file-name: pickup.0003111120
(PID.TID 0000.0001) // =======================================================
(PID.TID 0000.0001) // Model current state
(PID.TID 0000.0001) // =======================================================
(PID.TID 0000.0001) 
(PID.TID 0000.0001) whio : write lev 3 rec   1
(PID.TID 0000.0001) SOLVE_FOR_PRESSURE: putPmEinXvector =    F
 cg2d: Sum(rhs),rhsMax =   8.52651282912120E-13  1.99900718163814E+00
 cg2d: Sum(rhs),rhsMax =   7.81597009336110E-13  1.99891722427463E+00
 cg2d: Sum(rhs),rhsMax =   1.50635059981141E-12  1.99882649286104E+00
 cg2d: Sum(rhs),rhsMax =   5.82645043323282E-13  1.99873498159962E+00
 cg2d: Sum(rhs),rhsMax =   9.37916411203332E-13  1.99864269010628E+00
 cg2d: Sum(rhs),rhsMax =   3.26849658449646E-13  1.99854961876264E+00
 cg2d: Sum(rhs),rhsMax =   4.54747350886464E-13  1.99845576788955E+00
 cg2d: Sum(rhs),rhsMax =   5.25801624462474E-13  1.99836113784468E+00
 cg2d: Sum(rhs),rhsMax =   3.41060513164848E-13  1.99826572897853E+00
 cg2d: Sum(rhs),rhsMax =   9.37916411203332E-13  1.99816954154800E+00
 cg2d: Sum(rhs),rhsMax =   3.69482222595252E-13  1.99807257570752E+00
 cg2d: Sum(rhs),rhsMax =   9.37916411203332E-13  1.99797483157076E+00
 cg2d: Sum(rhs),rhsMax =   4.97379915032070E-13  1.99787630928802E+00
 cg2d: Sum(rhs),rhsMax =   8.52651282912120E-13  1.99777700909586E+00
 cg2d: Sum(rhs),rhsMax =   8.24229573481716E-13  1.99767693132623E+00
 cg2d: Sum(rhs),rhsMax =   5.68434188608080E-13  1.99757607638737E+00
 cg2d: Sum(rhs),rhsMax =   7.10542735760100E-13  1.99747444473723E+00
 cg2d: Sum(rhs),rhsMax =   8.81072992342524E-13  1.99737203686449E+00
 cg2d: Sum(rhs),rhsMax =   6.25277607468888E-13  1.99726885328106E+00
 cg2d: Sum(rhs),rhsMax =   7.81597009336110E-13  1.99716489452377E+00
 cg2d: Sum(rhs),rhsMax =   3.12638803734444E-13  1.99706016115903E+00
 cg2d: Sum(rhs),rhsMax =   3.83693077310454E-13  1.99695465378713E+00
 cg2d: Sum(rhs),rhsMax =   5.68434188608080E-13  1.99684837304370E+00
 cg2d: Sum(rhs),rhsMax =   4.26325641456060E-13  1.99674131959909E+00
 cg2d: Sum(rhs),rhsMax =   3.83693077310454E-13  1.99663349415570E+00
 cg2d: Sum(rhs),rhsMax =   5.40012479177676E-13  1.99652489744398E+00
 cg2d: Sum(rhs),rhsMax =   5.68434188608080E-13  1.99641553021776E+00
 cg2d: Sum(rhs),rhsMax =   7.67386154620908E-13  1.99630539324887E+00
 cg2d: Sum(rhs),rhsMax =   1.26476606965298E-12  1.99619448732192E+00
 cg2d: Sum(rhs),rhsMax =   3.26849658449646E-13  1.99608281322969E+00
 cg2d: Sum(rhs),rhsMax =  -2.41584530158434E-13  1.99597037176933E+00
 cg2d: Sum(rhs),rhsMax =   6.82121026329696E-13  1.99585716374004E+00
 cg2d: Sum(rhs),rhsMax =   7.38964445190504E-13  1.99574318994199E+00
 cg2d: Sum(rhs),rhsMax =   4.83169060316868E-13  1.99562845117595E+00
 cg2d: Sum(rhs),rhsMax =   8.52651282912120E-13  1.99551294824340E+00
 cg2d: Sum(rhs),rhsMax =   5.54223333892878E-13  1.99539668194636E+00
 cg2d: Sum(rhs),rhsMax =   7.81597009336110E-13  1.99527965308675E+00
 cg2d: Sum(rhs),rhsMax =   8.66862137627322E-13  1.99516186246490E+00
 cg2d: Sum(rhs),rhsMax =   6.39488462184090E-13  1.99504331087728E+00
 cg2d: Sum(rhs),rhsMax =   7.10542735760100E-14  1.99492399911349E+00
 cg2d: Sum(rhs),rhsMax =   1.70530256582424E-13  1.99480392795287E+00
 cg2d: Sum(rhs),rhsMax =   7.38964445190504E-13  1.99468309816143E+00
 cg2d: Sum(rhs),rhsMax =   9.80548975348938E-13  1.99456151048905E+00
 cg2d: Sum(rhs),rhsMax =   8.52651282912120E-13  1.99443916566721E+00
 cg2d: Sum(rhs),rhsMax =   1.12265752250096E-12  1.99431606440727E+00
 cg2d: Sum(rhs),rhsMax =   6.11066752753686E-13  1.99419220739920E+00
 cg2d: Sum(rhs),rhsMax =   6.82121026329696E-13  1.99406759531059E+00
 cg2d: Sum(rhs),rhsMax =   4.40536496171262E-13  1.99394222878600E+00
 cg2d: Sum(rhs),rhsMax =   5.11590769747272E-13  1.99381610844648E+00
 cg2d: Sum(rhs),rhsMax =   6.25277607468888E-13  1.99368923488917E+00
 cg2d: Sum(rhs),rhsMax =   1.06581410364015E-12  1.99356160868705E+00
 cg2d: Sum(rhs),rhsMax =   6.53699316899292E-13  1.99343323038886E+00
 cg2d: Sum(rhs),rhsMax =   5.11590769747272E-13  1.99330410051913E+00
 cg2d: Sum(rhs),rhsMax =   8.10018718766514E-13  1.99317421957839E+00
 cg2d: Sum(rhs),rhsMax =   7.38964445190504E-13  1.99304358804364E+00
 cg2d: Sum(rhs),rhsMax =   1.06581410364015E-12  1.99291220636902E+00
 cg2d: Sum(rhs),rhsMax =   4.97379915032070E-13  1.99278007498672E+00
 cg2d: Sum(rhs),rhsMax =   7.95807864051312E-13  1.99264719430797E+00
 cg2d: Sum(rhs),rhsMax =   7.24753590475302E-13  1.99251356472431E+00
 cg2d: Sum(rhs),rhsMax =   5.40012479177676E-13  1.99237918660897E+00
 cg2d: Sum(rhs),rhsMax =   5.96855898038484E-13  1.99224406031819E+00
 cg2d: Sum(rhs),rhsMax =   1.00897068477934E-12  1.99210818619292E+00
 cg2d: Sum(rhs),rhsMax =   7.95807864051312E-13  1.99197156456023E+00
 cg2d: Sum(rhs),rhsMax =   8.10018718766514E-13  1.99183419573504E+00
 cg2d: Sum(rhs),rhsMax =   4.54747350886464E-13  1.99169608002185E+00
 cg2d: Sum(rhs),rhsMax =   4.83169060316868E-13  1.99155721771640E+00
 cg2d: Sum(rhs),rhsMax =   6.96331881044898E-13  1.99141760910769E+00
 cg2d: Sum(rhs),rhsMax =   2.41584530158434E-13  1.99127725447975E+00
 cg2d: Sum(rhs),rhsMax =   6.39488462184090E-13  1.99113615411376E+00
 cg2d: Sum(rhs),rhsMax =   7.10542735760100E-13  1.99099430829005E+00
 cg2d: Sum(rhs),rhsMax =   8.24229573481716E-13  1.99085171729027E+00
 cg2d: Sum(rhs),rhsMax =   3.26849658449646E-13  1.99070838139951E+00
 cg2d: Sum(rhs),rhsMax =   1.05160324892495E-12  1.99056430090849E+00
 cg2d: Sum(rhs),rhsMax =   5.68434188608080E-13  1.99041947611577E+00
 cg2d: Sum(rhs),rhsMax =   2.55795384873636E-13  1.99027390732974E+00
 cg2d: Sum(rhs),rhsMax =   5.96855898038484E-13  1.99012759487094E+00
 cg2d: Sum(rhs),rhsMax =   3.26849658449646E-13  1.98998053907398E+00
 cg2d: Sum(rhs),rhsMax =   5.40012479177676E-13  1.98983274028953E+00
 cg2d: Sum(rhs),rhsMax =   8.81072992342524E-13  1.98968419888621E+00
 cg2d: Sum(rhs),rhsMax =   4.68958205601666E-13  1.98953491525243E+00
 cg2d: Sum(rhs),rhsMax =   3.97903932025656E-13  1.98938488979809E+00
 cg2d: Sum(rhs),rhsMax =   1.12265752250096E-12  1.98923412295613E+00
 cg2d: Sum(rhs),rhsMax =   4.97379915032070E-13  1.98908261518407E+00
 cg2d: Sum(rhs),rhsMax =   1.03739239420975E-12  1.98893036696536E+00
 cg2d: Sum(rhs),rhsMax =   3.97903932025656E-13  1.98877737881065E+00
 cg2d: Sum(rhs),rhsMax =   4.54747350886464E-13  1.98862365125883E+00
 cg2d: Sum(rhs),rhsMax =   7.95807864051312E-13  1.98846918487815E+00
 cg2d: Sum(rhs),rhsMax =   9.66338120633736E-13  1.98831398026689E+00
 cg2d: Sum(rhs),rhsMax =   9.23705556488130E-13  1.98815803805426E+00
 cg2d: Sum(rhs),rhsMax =   9.23705556488130E-13  1.98800135890080E+00
 cg2d: Sum(rhs),rhsMax =   2.27373675443232E-13  1.98784394349884E+00
 cg2d: Sum(rhs),rhsMax =   9.80548975348938E-13  1.98768579257287E+00
 cg2d: Sum(rhs),rhsMax =   4.40536496171262E-13  1.98752690687945E+00
 cg2d: Sum(rhs),rhsMax =   8.10018718766514E-13  1.98736728720735E+00
 cg2d: Sum(rhs),rhsMax =   2.27373675443232E-13  1.98720693437723E+00
 cg2d: Sum(rhs),rhsMax =   6.96331881044898E-13  1.98704584924140E+00
 cg2d: Sum(rhs),rhsMax =   7.67386154620908E-13  1.98688403268324E+00
 cg2d: Sum(rhs),rhsMax =   1.98951966012828E-13  1.98672148561659E+00
 cg2d: Sum(rhs),rhsMax =   5.40012479177676E-13  1.98655820898490E+00
 cg2d: Sum(rhs),rhsMax =   6.67910171614494E-13  1.98639420376027E+00
 cg2d: Sum(rhs),rhsMax =   4.40536496171262E-13  1.98622947094271E+00
 cg2d: Sum(rhs),rhsMax =   8.52651282912120E-13  1.98606401155908E+00
 cg2d: Sum(rhs),rhsMax =   4.54747350886464E-13  1.98589782666181E+00
 cg2d: Sum(rhs),rhsMax =   1.05160324892495E-12  1.98573091732729E+00
 cg2d: Sum(rhs),rhsMax =   2.98427949019242E-13  1.98556328465445E+00
 cg2d: Sum(rhs),rhsMax =   7.53175299905706E-13  1.98539492976335E+00
 cg2d: Sum(rhs),rhsMax =   7.81597009336110E-13  1.98522585379359E+00
 cg2d: Sum(rhs),rhsMax =   5.96855898038484E-13  1.98505605790274E+00
 cg2d: Sum(rhs),rhsMax =   5.82645043323282E-13  1.98488554326477E+00
 cg2d: Sum(rhs),rhsMax =   6.39488462184090E-13  1.98471431106829E+00
 cg2d: Sum(rhs),rhsMax =   4.68958205601666E-13  1.98454236251496E+00
 cg2d: Sum(rhs),rhsMax =   1.70530256582424E-13  1.98436969881764E+00
 cg2d: Sum(rhs),rhsMax =   9.23705556488130E-13  1.98419632119872E+00
 cg2d: Sum(rhs),rhsMax =   6.67910171614494E-13  1.98402223088842E+00
 cg2d: Sum(rhs),rhsMax =   2.27373675443232E-13  1.98384742912312E+00
 cg2d: Sum(rhs),rhsMax =   4.97379915032070E-13  1.98367191714351E+00
 cg2d: Sum(rhs),rhsMax =   7.10542735760100E-13  1.98349569619308E+00
 cg2d: Sum(rhs),rhsMax =   8.52651282912120E-13  1.98331876751651E+00
 cg2d: Sum(rhs),rhsMax =   8.81072992342524E-13  1.98314113235799E+00
 cg2d: Sum(rhs),rhsMax =   8.52651282912120E-13  1.98296279195984E+00
 cg2d: Sum(rhs),rhsMax =   1.02318153949454E-12  1.98278374756094E+00
 cg2d: Sum(rhs),rhsMax =   6.53699316899292E-13  1.98260400039550E+00
 cg2d: Sum(rhs),rhsMax =   4.68958205601666E-13  1.98242355169166E+00
 cg2d: Sum(rhs),rhsMax =   4.83169060316868E-13  1.98224240267025E+00
 cg2d: Sum(rhs),rhsMax =   7.38964445190504E-13  1.98206055454376E+00
 cg2d: Sum(rhs),rhsMax =   8.95283847057726E-13  1.98187800851551E+00
 cg2d: Sum(rhs),rhsMax =   7.67386154620908E-13  1.98169476577865E+00
 cg2d: Sum(rhs),rhsMax =   1.02318153949454E-12  1.98151082751545E+00
 cg2d: Sum(rhs),rhsMax =   5.40012479177676E-13  1.98132619489648E+00
 cg2d: Sum(rhs),rhsMax =   5.40012479177676E-13  1.98114086908013E+00
 cg2d: Sum(rhs),rhsMax =   6.53699316899292E-13  1.98095485121213E+00
 cg2d: Sum(rhs),rhsMax =   8.81072992342524E-13  1.98076814242527E+00
 cg2d: Sum(rhs),rhsMax =   5.11590769747272E-13  1.98058074383928E+00
 cg2d: Sum(rhs),rhsMax =   2.13162820728030E-13  1.98039265656073E+00
 cg2d: Sum(rhs),rhsMax =   4.97379915032070E-13  1.98020388168304E+00
 cg2d: Sum(rhs),rhsMax =   8.52651282912120E-13  1.98001442028673E+00
 cg2d: Sum(rhs),rhsMax =   7.38964445190504E-13  1.97982427343966E+00
 cg2d: Sum(rhs),rhsMax =   7.53175299905706E-13  1.97963344219734E+00
 cg2d: Sum(rhs),rhsMax =   3.55271367880050E-13  1.97944192760356E+00
 cg2d: Sum(rhs),rhsMax =   3.97903932025656E-13  1.97924973069082E+00
 cg2d: Sum(rhs),rhsMax =   7.53175299905706E-13  1.97905685248117E+00
 cg2d: Sum(rhs),rhsMax =   7.53175299905706E-13  1.97886329398688E+00
 cg2d: Sum(rhs),rhsMax =   6.11066752753686E-13  1.97866905621136E+00
 cg2d: Sum(rhs),rhsMax =   6.53699316899292E-13  1.97847414015006E+00
 cg2d: Sum(rhs),rhsMax =   5.25801624462474E-13  1.97827854679158E+00
 cg2d: Sum(rhs),rhsMax =   2.13162820728030E-13  1.97808227711866E+00
 cg2d: Sum(rhs),rhsMax =   3.97903932025656E-13  1.97788533210936E+00
 cg2d: Sum(rhs),rhsMax =   4.83169060316868E-13  1.97768771273827E+00
 cg2d: Sum(rhs),rhsMax =   5.68434188608080E-13  1.97748941997780E+00
 cg2d: Sum(rhs),rhsMax =   8.52651282912120E-13  1.97729045479931E+00
 cg2d: Sum(rhs),rhsMax =   5.25801624462474E-13  1.97709081817457E+00
 cg2d: Sum(rhs),rhsMax =   5.11590769747272E-13  1.97689051107700E+00
 cg2d: Sum(rhs),rhsMax =   7.24753590475302E-13  1.97668953448292E+00
 cg2d: Sum(rhs),rhsMax =   4.83169060316868E-13  1.97648788937311E+00
 cg2d: Sum(rhs),rhsMax =   4.26325641456060E-13  1.97628557673392E+00
 cg2d: Sum(rhs),rhsMax =   8.38440428196918E-13  1.97608259755867E+00
 cg2d: Sum(rhs),rhsMax =   7.38964445190504E-13  1.97587895284890E+00
 cg2d: Sum(rhs),rhsMax =   4.40536496171262E-13  1.97567464361575E+00
 cg2d: Sum(rhs),rhsMax =   5.40012479177676E-13  1.97546967088098E+00
 cg2d: Sum(rhs),rhsMax =   7.67386154620908E-13  1.97526403567837E+00
 cg2d: Sum(rhs),rhsMax =   4.83169060316868E-13  1.97505773905462E+00
 cg2d: Sum(rhs),rhsMax =   8.24229573481716E-13  1.97485078207062E+00
 cg2d: Sum(rhs),rhsMax =   4.40536496171262E-13  1.97464316580237E+00
 cg2d: Sum(rhs),rhsMax =   5.11590769747272E-13  1.97443489134190E+00
 cg2d: Sum(rhs),rhsMax =   7.38964445190504E-13  1.97422595979816E+00
 cg2d: Sum(rhs),rhsMax =   7.81597009336110E-13  1.97401637229787E+00
 cg2d: Sum(rhs),rhsMax =   5.40012479177676E-13  1.97380612998610E+00
 cg2d: Sum(rhs),rhsMax =   3.83693077310454E-13  1.97359523402704E+00
 cg2d: Sum(rhs),rhsMax =   6.82121026329696E-13  1.97338368560446E+00
 cg2d: Sum(rhs),rhsMax =   6.82121026329696E-13  1.97317148592217E+00
 cg2d: Sum(rhs),rhsMax =   4.40536496171262E-13  1.97295863620440E+00
 cg2d: Sum(rhs),rhsMax =   6.39488462184090E-13  1.97274513769602E+00
 cg2d: Sum(rhs),rhsMax =   4.97379915032070E-13  1.97253099166276E+00
 cg2d: Sum(rhs),rhsMax =   5.40012479177676E-13  1.97231619939129E+00
 cg2d: Sum(rhs),rhsMax =   9.94759830064140E-13  1.97210076218916E+00
 cg2d: Sum(rhs),rhsMax =   5.54223333892878E-13  1.97188468138468E+00
 cg2d: Sum(rhs),rhsMax =   5.40012479177676E-13  1.97166795832684E+00
 cg2d: Sum(rhs),rhsMax =   2.41584530158434E-13  1.97145059438484E+00
 cg2d: Sum(rhs),rhsMax =   2.13162820728030E-13  1.97123259094787E+00
 cg2d: Sum(rhs),rhsMax =   3.83693077310454E-13  1.97101394942454E+00
 cg2d: Sum(rhs),rhsMax =   7.38964445190504E-13  1.97079467124240E+00
 cg2d: Sum(rhs),rhsMax =   4.97379915032070E-13  1.97057475784731E+00
 cg2d: Sum(rhs),rhsMax =   5.68434188608080E-13  1.97035421070274E+00
 cg2d: Sum(rhs),rhsMax =   3.26849658449646E-13  1.97013303128896E+00
 cg2d: Sum(rhs),rhsMax =   9.52127265918534E-13  1.96991122110236E+00
 cg2d: Sum(rhs),rhsMax =   9.23705556488130E-13  1.96968878165438E+00
 cg2d: Sum(rhs),rhsMax =   9.94759830064140E-14  1.96946571447079E+00
 cg2d: Sum(rhs),rhsMax =   8.10018718766514E-13  1.96924202109055E+00
 cg2d: Sum(rhs),rhsMax =   5.40012479177676E-13  1.96901770306481E+00
 cg2d: Sum(rhs),rhsMax =   5.96855898038484E-13  1.96879276195601E+00
 cg2d: Sum(rhs),rhsMax =   6.82121026329696E-13  1.96856719933661E+00
 cg2d: Sum(rhs),rhsMax =   1.19371179607697E-12  1.96834101678808E+00
 cg2d: Sum(rhs),rhsMax =   4.12114786740858E-13  1.96811421589974E+00
 cg2d: Sum(rhs),rhsMax =   5.25801624462474E-13  1.96788679826769E+00
 cg2d: Sum(rhs),rhsMax =   8.24229573481716E-13  1.96765876549382E+00
 cg2d: Sum(rhs),rhsMax =   3.12638803734444E-13  1.96743011918473E+00
 cg2d: Sum(rhs),rhsMax =   4.40536496171262E-13  1.96720086095064E+00
 cg2d: Sum(rhs),rhsMax =   8.81072992342524E-13  1.96697099240417E+00
 cg2d: Sum(rhs),rhsMax =   6.67910171614494E-13  1.96674051515921E+00
 cg2d: Sum(rhs),rhsMax =   9.09494701772928E-13  1.96650943082984E+00
 cg2d: Sum(rhs),rhsMax =   6.53699316899292E-13  1.96627774102937E+00
 cg2d: Sum(rhs),rhsMax =   4.54747350886464E-13  1.96604544736946E+00
 cg2d: Sum(rhs),rhsMax =   6.39488462184090E-13  1.96581255145918E+00
 cg2d: Sum(rhs),rhsMax =   1.00897068477934E-12  1.96557905490431E+00
 cg2d: Sum(rhs),rhsMax =   6.53699316899292E-13  1.96534495930641E+00
 cg2d: Sum(rhs),rhsMax =   2.84217094304040E-13  1.96511026626221E+00
 cg2d: Sum(rhs),rhsMax =   5.96855898038484E-13  1.96487497736279E+00
 cg2d: Sum(rhs),rhsMax =   8.66862137627322E-13  1.96463909419305E+00
 cg2d: Sum(rhs),rhsMax =   1.15107923193136E-12  1.96440261833110E+00
 cg2d: Sum(rhs),rhsMax =   9.52127265918534E-13  1.96416555134775E+00
 cg2d: Sum(rhs),rhsMax =   2.55795384873636E-13  1.96392789480618E+00
 cg2d: Sum(rhs),rhsMax =   3.83693077310454E-13  1.96368965026149E+00
 cg2d: Sum(rhs),rhsMax =   3.83693077310454E-13  1.96345081926057E+00
 cg2d: Sum(rhs),rhsMax =   6.96331881044898E-13  1.96321140334176E+00
 cg2d: Sum(rhs),rhsMax =   5.11590769747272E-13  1.96297140403481E+00
 cg2d: Sum(rhs),rhsMax =   8.95283847057726E-13  1.96273082286086E+00
 cg2d: Sum(rhs),rhsMax =   7.24753590475302E-13  1.96248966133242E+00
 cg2d: Sum(rhs),rhsMax =   1.08002495835535E-12  1.96224792095346E+00
 cg2d: Sum(rhs),rhsMax =   7.67386154620908E-13  1.96200560321962E+00
 cg2d: Sum(rhs),rhsMax =   1.00897068477934E-12  1.96176270961842E+00
 cg2d: Sum(rhs),rhsMax =   3.69482222595252E-13  1.96151924162961E+00
 cg2d: Sum(rhs),rhsMax =   1.13686837721616E-12  1.96127520072553E+00
 cg2d: Sum(rhs),rhsMax =   5.40012479177676E-13  1.96103058837147E+00
 cg2d: Sum(rhs),rhsMax =   5.25801624462474E-13  1.96078540602631E+00
 cg2d: Sum(rhs),rhsMax =   5.82645043323282E-13  1.96053965514300E+00
 cg2d: Sum(rhs),rhsMax =   3.41060513164848E-13  1.96029333716912E+00
 cg2d: Sum(rhs),rhsMax =   7.24753590475302E-13  1.96004645354762E+00
 cg2d: Sum(rhs),rhsMax =   7.10542735760100E-13  1.95979900571744E+00
 cg2d: Sum(rhs),rhsMax =   1.36424205265939E-12  1.95955099511424E+00
 cg2d: Sum(rhs),rhsMax =   8.52651282912120E-13  1.95930242317123E+00
 cg2d: Sum(rhs),rhsMax =   8.24229573481716E-13  1.95905329131984E+00
 cg2d: Sum(rhs),rhsMax =   6.53699316899292E-13  1.95880360099056E+00
 cg2d: Sum(rhs),rhsMax =   4.54747350886464E-13  1.95855335361380E+00
 cg2d: Sum(rhs),rhsMax =   3.69482222595252E-13  1.95830255062066E+00
 cg2d: Sum(rhs),rhsMax =   5.82645043323282E-13  1.95805119344379E+00
 cg2d: Sum(rhs),rhsMax =   7.10542735760100E-13  1.95779928351826E+00
 cg2d: Sum(rhs),rhsMax =   7.67386154620908E-13  1.95754682228241E+00
 cg2d: Sum(rhs),rhsMax =   3.41060513164848E-13  1.95729381117865E+00
 cg2d: Sum(rhs),rhsMax =   7.67386154620908E-13  1.95704025165433E+00
 cg2d: Sum(rhs),rhsMax =   4.40536496171262E-13  1.95678614516253E+00
 cg2d: Sum(rhs),rhsMax =   4.12114786740858E-13  1.95653149316289E+00
 cg2d: Sum(rhs),rhsMax =   6.25277607468888E-13  1.95627629712234E+00
 cg2d: Sum(rhs),rhsMax =   3.26849658449646E-13  1.95602055851583E+00
 cg2d: Sum(rhs),rhsMax =   3.26849658449646E-13  1.95576427882672E+00
 cg2d: Sum(rhs),rhsMax =   4.97379915032070E-13  1.95550745954742E+00
 cg2d: Sum(rhs),rhsMax =   4.40536496171262E-13  1.95525010218045E+00
 cg2d: Sum(rhs),rhsMax =   6.25277607468888E-13  1.95499220823937E+00
 cg2d: Sum(rhs),rhsMax =   9.09494701772928E-13  1.95473377924937E+00
 cg2d: Sum(rhs),rhsMax =   5.54223333892878E-13  1.95447481674723E+00
 cg2d: Sum(rhs),rhsMax =   7.38964445190504E-13  1.95421532228136E+00
 cg2d: Sum(rhs),rhsMax =   5.68434188608080E-13  1.95395529741213E+00
 cg2d: Sum(rhs),rhsMax =   1.20792265079217E-12  1.95369474371237E+00
 cg2d: Sum(rhs),rhsMax =   6.67910171614494E-13  1.95343366276768E+00
 cg2d: Sum(rhs),rhsMax =   4.54747350886464E-13  1.95317205617682E+00
 cg2d: Sum(rhs),rhsMax =   5.54223333892878E-13  1.95290992555179E+00
 cg2d: Sum(rhs),rhsMax =   7.10542735760100E-13  1.95264727251788E+00
 cg2d: Sum(rhs),rhsMax =   5.25801624462474E-13  1.95238409871382E+00
 cg2d: Sum(rhs),rhsMax =   9.94759830064140E-14  1.95212040579161E+00
 cg2d: Sum(rhs),rhsMax =   6.11066752753686E-13  1.95185619541651E+00
 cg2d: Sum(rhs),rhsMax =   3.41060513164848E-13  1.95159146926691E+00
 cg2d: Sum(rhs),rhsMax =   7.67386154620908E-13  1.95132622903414E+00
 cg2d: Sum(rhs),rhsMax =   9.94759830064140E-14  1.95106047642222E+00
 cg2d: Sum(rhs),rhsMax =   3.97903932025656E-13  1.95079421314756E+00
 cg2d: Sum(rhs),rhsMax =   8.24229573481716E-13  1.95052744093867E+00
 cg2d: Sum(rhs),rhsMax =   8.38440428196918E-13  1.95026016153578E+00
 cg2d: Sum(rhs),rhsMax =   6.25277607468888E-13  1.94999237669033E+00
 cg2d: Sum(rhs),rhsMax =   4.12114786740858E-13  1.94972408816461E+00
 cg2d: Sum(rhs),rhsMax =   6.25277607468888E-13  1.94945529773121E+00
 cg2d: Sum(rhs),rhsMax =   8.66862137627322E-13  1.94918600717248E+00
 cg2d: Sum(rhs),rhsMax =   7.38964445190504E-13  1.94891621827997E+00
 cg2d: Sum(rhs),rhsMax =   6.96331881044898E-13  1.94864593285385E+00
 cg2d: Sum(rhs),rhsMax =   4.83169060316868E-13  1.94837515270227E+00
 cg2d: Sum(rhs),rhsMax =   7.24753590475302E-13  1.94810387964077E+00
 cg2d: Sum(rhs),rhsMax =   6.53699316899292E-13  1.94783211549159E+00
 cg2d: Sum(rhs),rhsMax =   3.97903932025656E-13  1.94755986208303E+00
 cg2d: Sum(rhs),rhsMax =   6.11066752753686E-13  1.94728712124878E+00
 cg2d: Sum(rhs),rhsMax =   1.09423581307055E-12  1.94701389482735E+00
 cg2d: Sum(rhs),rhsMax =   1.23634436022257E-12  1.94674018466117E+00
 cg2d: Sum(rhs),rhsMax =   8.24229573481716E-13  1.94646599259623E+00
 cg2d: Sum(rhs),rhsMax =   5.68434188608080E-13  1.94619132048125E+00
 cg2d: Sum(rhs),rhsMax =   7.67386154620908E-13  1.94591617016705E+00
 cg2d: Sum(rhs),rhsMax =   4.97379915032070E-13  1.94564054350604E+00
 cg2d: Sum(rhs),rhsMax =   6.96331881044898E-13  1.94536444235150E+00
 cg2d: Sum(rhs),rhsMax =   1.10844666778576E-12  1.94508786855703E+00
 cg2d: Sum(rhs),rhsMax =   3.83693077310454E-13  1.94481082397608E+00
 cg2d: Sum(rhs),rhsMax =   1.42108547152020E-14  1.94453331046125E+00
 cg2d: Sum(rhs),rhsMax =   7.24753590475302E-13  1.94425532986402E+00
 cg2d: Sum(rhs),rhsMax =   6.96331881044898E-13  1.94397688403403E+00
 cg2d: Sum(rhs),rhsMax =   9.09494701772928E-13  1.94369797481884E+00
 cg2d: Sum(rhs),rhsMax =   5.82645043323282E-13  1.94341860406343E+00
 cg2d: Sum(rhs),rhsMax =   7.95807864051312E-13  1.94313877360991E+00
 cg2d: Sum(rhs),rhsMax =   7.53175299905706E-13  1.94285848529712E+00
 cg2d: Sum(rhs),rhsMax =   6.53699316899292E-13  1.94257774096040E+00
 cg2d: Sum(rhs),rhsMax =   7.38964445190504E-13  1.94229654243137E+00
 cg2d: Sum(rhs),rhsMax =   8.81072992342524E-13  1.94201489153768E+00
 cg2d: Sum(rhs),rhsMax =   7.24753590475302E-13  1.94173279010287E+00
 cg2d: Sum(rhs),rhsMax =   6.67910171614494E-13  1.94145023994629E+00
 cg2d: Sum(rhs),rhsMax =   8.81072992342524E-13  1.94116724288296E+00
 cg2d: Sum(rhs),rhsMax =   1.42108547152020E-14  1.94088380072361E+00
 cg2d: Sum(rhs),rhsMax =   8.95283847057726E-13  1.94059991527469E+00
 cg2d: Sum(rhs),rhsMax =   7.10542735760100E-13  1.94031558833834E+00
 cg2d: Sum(rhs),rhsMax =   4.97379915032070E-13  1.94003082171255E+00
 cg2d: Sum(rhs),rhsMax =   6.11066752753686E-13  1.93974561719131E+00
 cg2d: Sum(rhs),rhsMax =   5.96855898038484E-13  1.93945997656475E+00
 cg2d: Sum(rhs),rhsMax =   6.53699316899292E-13  1.93917390161931E+00
 cg2d: Sum(rhs),rhsMax =   7.53175299905706E-13  1.93888739413803E+00
 cg2d: Sum(rhs),rhsMax =   8.10018718766514E-13  1.93860045590081E+00
 cg2d: Sum(rhs),rhsMax =   4.12114786740858E-13  1.93831308868469E+00
 cg2d: Sum(rhs),rhsMax =   6.96331881044898E-13  1.93802529426420E+00
 cg2d: Sum(rhs),rhsMax =   5.25801624462474E-13  1.93773707441167E+00
 cg2d: Sum(rhs),rhsMax =   3.55271367880050E-13  1.93744843089765E+00
 cg2d: Sum(rhs),rhsMax =   5.40012479177676E-13  1.93715936549131E+00
 cg2d: Sum(rhs),rhsMax =   9.66338120633736E-13  1.93686987996079E+00
 cg2d: Sum(rhs),rhsMax =   5.54223333892878E-13  1.93657997607369E+00
 cg2d: Sum(rhs),rhsMax =   1.02318153949454E-12  1.93628965559743E+00
 cg2d: Sum(rhs),rhsMax =   5.96855898038484E-13  1.93599892029981E+00
 cg2d: Sum(rhs),rhsMax =  -4.26325641456060E-14  1.93570777194933E+00
 cg2d: Sum(rhs),rhsMax =   3.83693077310454E-13  1.93541621231575E+00
 cg2d: Sum(rhs),rhsMax =   7.95807864051312E-13  1.93512424317045E+00
 cg2d: Sum(rhs),rhsMax =   2.84217094304040E-13  1.93483186628695E+00
 cg2d: Sum(rhs),rhsMax =   4.54747350886464E-13  1.93453908344132E+00
 cg2d: Sum(rhs),rhsMax =   6.25277607468888E-13  1.93424589641266E+00
 cg2d: Sum(rhs),rhsMax =   7.10542735760100E-13  1.93395230698345E+00
 cg2d: Sum(rhs),rhsMax =   9.37916411203332E-13  1.93365831694005E+00
 cg2d: Sum(rhs),rhsMax =   1.05160324892495E-12  1.93336392807306E+00
 cg2d: Sum(rhs),rhsMax =   9.80548975348938E-13  1.93306914217767E+00
 cg2d: Sum(rhs),rhsMax =   7.38964445190504E-13  1.93277396105408E+00
 cg2d: Sum(rhs),rhsMax =   4.68958205601666E-13  1.93247838650781E+00
 cg2d: Sum(rhs),rhsMax =   7.95807864051312E-13  1.93218242035007E+00
 cg2d: Sum(rhs),rhsMax =   2.13162820728030E-13  1.93188606439799E+00
 cg2d: Sum(rhs),rhsMax =   7.24753590475302E-13  1.93158932047489E+00
 cg2d: Sum(rhs),rhsMax =   8.10018718766514E-13  1.93129219041061E+00
 cg2d: Sum(rhs),rhsMax =   1.10844666778576E-12  1.93099467604166E+00
 cg2d: Sum(rhs),rhsMax =   9.52127265918534E-13  1.93069677921139E+00
 cg2d: Sum(rhs),rhsMax =   3.83693077310454E-13  1.93039850177019E+00
 cg2d: Sum(rhs),rhsMax =   1.02318153949454E-12  1.93009984557559E+00
 cg2d: Sum(rhs),rhsMax =   5.82645043323282E-13  1.92980081249243E+00
 cg2d: Sum(rhs),rhsMax =   8.95283847057726E-13  1.92950140439279E+00
 cg2d: Sum(rhs),rhsMax =   7.10542735760100E-13  1.92920162315618E+00
 cg2d: Sum(rhs),rhsMax =   3.97903932025656E-13  1.92890147066939E+00
 cg2d: Sum(rhs),rhsMax =   7.67386154620908E-13  1.92860094882665E+00
 cg2d: Sum(rhs),rhsMax =   7.10542735760100E-13  1.92830005952937E+00
 cg2d: Sum(rhs),rhsMax =   1.56319401867222E-13  1.92799880468621E+00
 cg2d: Sum(rhs),rhsMax =   4.68958205601666E-13  1.92769718621293E+00
 cg2d: Sum(rhs),rhsMax =   7.38964445190504E-13  1.92739520603222E+00
 cg2d: Sum(rhs),rhsMax =   3.26849658449646E-13  1.92709286607353E+00
 cg2d: Sum(rhs),rhsMax =   5.96855898038484E-13  1.92687610072743E+00
 cg2d: Sum(rhs),rhsMax =   4.40536496171262E-13  1.92700113295450E+00
 cg2d: Sum(rhs),rhsMax =   8.38440428196918E-13  1.92712564430495E+00
 cg2d: Sum(rhs),rhsMax =   9.09494701772928E-13  1.92724963435591E+00
 cg2d: Sum(rhs),rhsMax =   7.24753590475302E-13  1.92737310268716E+00
 cg2d: Sum(rhs),rhsMax =   5.11590769747272E-13  1.92749604888053E+00
 cg2d: Sum(rhs),rhsMax =   8.81072992342524E-13  1.92761847251958E+00
 cg2d: Sum(rhs),rhsMax =   4.26325641456060E-13  1.92774037318898E+00
 cg2d: Sum(rhs),rhsMax =   4.83169060316868E-13  1.92786175047422E+00
 cg2d: Sum(rhs),rhsMax =   5.82645043323282E-13  1.92798260396111E+00
 cg2d: Sum(rhs),rhsMax =   4.40536496171262E-13  1.92810293323547E+00
 cg2d: Sum(rhs),rhsMax =   7.53175299905706E-13  1.92822273788274E+00
 cg2d: Sum(rhs),rhsMax =   2.98427949019242E-13  1.92834201748786E+00
 cg2d: Sum(rhs),rhsMax =   9.09494701772928E-13  1.92846077163464E+00
 cg2d: Sum(rhs),rhsMax =   1.12265752250096E-12  1.92857899990590E+00
 cg2d: Sum(rhs),rhsMax =   1.30739863379858E-12  1.92869670188308E+00
 cg2d: Sum(rhs),rhsMax =   3.12638803734444E-13  1.92881387714620E+00
 cg2d: Sum(rhs),rhsMax =  -5.68434188608080E-14  1.92893052527365E+00
 cg2d: Sum(rhs),rhsMax =   1.02318153949454E-12  1.92904664584226E+00
 cg2d: Sum(rhs),rhsMax =   9.09494701772928E-13  1.92916223842715E+00
 cg2d: Sum(rhs),rhsMax =   6.25277607468888E-13  1.92927730260189E+00
 cg2d: Sum(rhs),rhsMax =   3.97903932025656E-13  1.92939183793842E+00
 cg2d: Sum(rhs),rhsMax =   2.27373675443232E-13  1.92950584400732E+00
 cg2d: Sum(rhs),rhsMax =   6.96331881044898E-13  1.92961932037779E+00
 cg2d: Sum(rhs),rhsMax =   6.82121026329696E-13  1.92973226661784E+00
 cg2d: Sum(rhs),rhsMax =   6.67910171614494E-13  1.92984468229466E+00
 cg2d: Sum(rhs),rhsMax =   1.98951966012828E-13  1.92995656697502E+00
 cg2d: Sum(rhs),rhsMax =   9.80548975348938E-13  1.93006792022564E+00
 cg2d: Sum(rhs),rhsMax =   9.23705556488130E-13  1.93017874161338E+00
 cg2d: Sum(rhs),rhsMax =   7.24753590475302E-13  1.93028903070541E+00
 cg2d: Sum(rhs),rhsMax =   9.23705556488130E-13  1.93039878706967E+00
 cg2d: Sum(rhs),rhsMax =   4.40536496171262E-13  1.93050801027531E+00
 cg2d: Sum(rhs),rhsMax =   6.39488462184090E-13  1.93061669989318E+00
 cg2d: Sum(rhs),rhsMax =   3.41060513164848E-13  1.93072485549639E+00
 cg2d: Sum(rhs),rhsMax =   1.08002495835535E-12  1.93083247666079E+00
 cg2d: Sum(rhs),rhsMax =   8.10018718766514E-13  1.93093956296559E+00
 cg2d: Sum(rhs),rhsMax =   2.84217094304040E-13  1.93104611399374E+00
 cg2d: Sum(rhs),rhsMax =   5.54223333892878E-13  1.93115212933257E+00
 cg2d: Sum(rhs),rhsMax =   5.54223333892878E-13  1.93125760857431E+00
 cg2d: Sum(rhs),rhsMax =   3.83693077310454E-13  1.93136255131335E+00
 cg2d: Sum(rhs),rhsMax =   6.39488462184090E-13  1.93146695714962E+00
 cg2d: Sum(rhs),rhsMax =   3.69482222595252E-13  1.93157082569487E+00
 cg2d: Sum(rhs),rhsMax =   7.67386154620908E-13  1.93167415657220E+00
 cg2d: Sum(rhs),rhsMax =   7.10542735760100E-13  1.93177694941151E+00
 cg2d: Sum(rhs),rhsMax =   3.83693077310454E-13  1.93187920384710E+00
 cg2d: Sum(rhs),rhsMax =   5.11590769747272E-13  1.93198091951891E+00
 cg2d: Sum(rhs),rhsMax =   6.25277607468888E-13  1.93208209607499E+00
 cg2d: Sum(rhs),rhsMax =   8.52651282912120E-13  1.93218273317348E+00
 cg2d: Sum(rhs),rhsMax =   6.67910171614494E-13  1.93228283048342E+00
 cg2d: Sum(rhs),rhsMax =   8.24229573481716E-13  1.93238238768493E+00
 cg2d: Sum(rhs),rhsMax =   3.97903932025656E-13  1.93248140446939E+00
 cg2d: Sum(rhs),rhsMax =   7.67386154620908E-13  1.93257988053936E+00
 cg2d: Sum(rhs),rhsMax =   4.83169060316868E-13  1.93267781560891E+00
 cg2d: Sum(rhs),rhsMax =   7.95807864051312E-13  1.93277520940368E+00
 cg2d: Sum(rhs),rhsMax =   4.26325641456060E-13  1.93287206166122E+00
 cg2d: Sum(rhs),rhsMax =   2.84217094304040E-13  1.93296837213107E+00
 cg2d: Sum(rhs),rhsMax =   6.96331881044898E-13  1.93306414057507E+00
 cg2d: Sum(rhs),rhsMax =   7.95807864051312E-13  1.93315936676738E+00
 cg2d: Sum(rhs),rhsMax =   6.39488462184090E-13  1.93325405049457E+00
 cg2d: Sum(rhs),rhsMax =   6.53699316899292E-13  1.93334819155571E+00
 cg2d: Sum(rhs),rhsMax =   8.66862137627322E-13  1.93344178976227E+00
 cg2d: Sum(rhs),rhsMax =   6.39488462184090E-13  1.93353484493810E+00
 cg2d: Sum(rhs),rhsMax =   7.53175299905706E-13  1.93362735691927E+00
 cg2d: Sum(rhs),rhsMax =   8.95283847057726E-13  1.93371932555399E+00
 cg2d: Sum(rhs),rhsMax =   6.67910171614494E-13  1.93381075070232E+00
 cg2d: Sum(rhs),rhsMax =   7.67386154620908E-13  1.93390163223594E+00
 cg2d: Sum(rhs),rhsMax =   1.27897692436818E-12  1.93399197003795E+00
 cg2d: Sum(rhs),rhsMax =   9.66338120633736E-13  1.93408176400248E+00
 cg2d: Sum(rhs),rhsMax =   8.95283847057726E-13  1.93417101403445E+00
 cg2d: Sum(rhs),rhsMax =   1.56319401867222E-13  1.93425972004916E+00
 cg2d: Sum(rhs),rhsMax =   5.96855898038484E-13  1.93434788197188E+00
 cg2d: Sum(rhs),rhsMax =   2.98427949019242E-13  1.93443549973748E+00
 cg2d: Sum(rhs),rhsMax =   5.68434188608080E-13  1.93452257328998E+00
 cg2d: Sum(rhs),rhsMax =   7.81597009336110E-13  1.93460910258195E+00
 cg2d: Sum(rhs),rhsMax =   7.38964445190504E-13  1.93469508757425E+00
 cg2d: Sum(rhs),rhsMax =   9.80548975348938E-13  1.93478052823526E+00
 cg2d: Sum(rhs),rhsMax =   9.94759830064140E-13  1.93486542454047E+00
 cg2d: Sum(rhs),rhsMax =   1.12265752250096E-12  1.93494977647197E+00
 cg2d: Sum(rhs),rhsMax =   5.96855898038484E-13  1.93503358401781E+00
 cg2d: Sum(rhs),rhsMax =   6.25277607468888E-13  1.93511684717146E+00
 cg2d: Sum(rhs),rhsMax =   9.52127265918534E-13  1.93519956593132E+00
 cg2d: Sum(rhs),rhsMax =   5.82645043323282E-13  1.93528174030007E+00
 cg2d: Sum(rhs),rhsMax =   0.00000000000000E+00  1.93536337028419E+00
 cg2d: Sum(rhs),rhsMax =   8.38440428196918E-13  1.93544445589338E+00
 cg2d: Sum(rhs),rhsMax =   6.25277607468888E-13  1.93552499703348E+00
 cg2d: Sum(rhs),rhsMax =   3.83693077310454E-13  1.93560499385334E+00
 cg2d: Sum(rhs),rhsMax =   4.54747350886464E-13  1.93568444643793E+00
 cg2d: Sum(rhs),rhsMax =   9.23705556488130E-13  1.93576335482255E+00
 cg2d: Sum(rhs),rhsMax =   7.67386154620908E-13  1.93584171904080E+00
 cg2d: Sum(rhs),rhsMax =   4.12114786740858E-13  1.93591953913990E+00
 cg2d: Sum(rhs),rhsMax =   4.68958205601666E-13  1.93599681517829E+00
 cg2d: Sum(rhs),rhsMax =   4.12114786740858E-13  1.93607354722011E+00
 cg2d: Sum(rhs),rhsMax =   5.25801624462474E-13  1.93614973533185E+00
 cg2d: Sum(rhs),rhsMax =   6.25277607468888E-13  1.93622537958142E+00
 cg2d: Sum(rhs),rhsMax =   6.67910171614494E-13  1.93630048003734E+00
 cg2d: Sum(rhs),rhsMax =   7.81597009336110E-13  1.93637503676829E+00
 cg2d: Sum(rhs),rhsMax =   1.22213350550737E-12  1.93644904984247E+00
 cg2d: Sum(rhs),rhsMax =   7.10542735760100E-13  1.93652251084128E+00
 cg2d: Sum(rhs),rhsMax =   8.38440428196918E-13  1.93659543271530E+00
 cg2d: Sum(rhs),rhsMax =   7.95807864051312E-13  1.93666781680667E+00
 cg2d: Sum(rhs),rhsMax =   2.27373675443232E-13  1.93673966115095E+00
 cg2d: Sum(rhs),rhsMax =   9.09494701772928E-13  1.93681096496432E+00
 cg2d: Sum(rhs),rhsMax =   8.24229573481716E-13  1.93688172875568E+00
 cg2d: Sum(rhs),rhsMax =   7.10542735760100E-13  1.93695195356343E+00
 cg2d: Sum(rhs),rhsMax =   4.26325641456060E-13  1.93702164043114E+00
 cg2d: Sum(rhs),rhsMax =   5.68434188608080E-13  1.93709079027513E+00
 cg2d: Sum(rhs),rhsMax =   7.95807864051312E-13  1.93715940391678E+00
 cg2d: Sum(rhs),rhsMax =   3.26849658449646E-13  1.93722748211796E+00
 cg2d: Sum(rhs),rhsMax =   4.68958205601666E-13  1.93729502559123E+00
 cg2d: Sum(rhs),rhsMax =   5.68434188608080E-13  1.93736203499913E+00
 cg2d: Sum(rhs),rhsMax =   5.82645043323282E-13  1.93742851095181E+00
 cg2d: Sum(rhs),rhsMax =   6.11066752753686E-13  1.93749445400491E+00
 cg2d: Sum(rhs),rhsMax =   5.82645043323282E-13  1.93755986465778E+00
 cg2d: Sum(rhs),rhsMax =   1.02318153949454E-12  1.93762474335235E+00
 cg2d: Sum(rhs),rhsMax =   8.10018718766514E-13  1.93768909047244E+00
 cg2d: Sum(rhs),rhsMax =   3.97903932025656E-13  1.93775290634385E+00
 cg2d: Sum(rhs),rhsMax =   7.38964445190504E-13  1.93781619123509E+00
 cg2d: Sum(rhs),rhsMax =   8.66862137627322E-13  1.93787894535841E+00
 cg2d: Sum(rhs),rhsMax =   5.96855898038484E-13  1.93794116887126E+00
 cg2d: Sum(rhs),rhsMax =   9.23705556488130E-13  1.93800286187763E+00
 cg2d: Sum(rhs),rhsMax =   6.53699316899292E-13  1.93806402442953E+00
 cg2d: Sum(rhs),rhsMax =   5.11590769747272E-13  1.93812465652821E+00
 cg2d: Sum(rhs),rhsMax =   7.38964445190504E-13  1.93818475812572E+00
 cg2d: Sum(rhs),rhsMax =   3.26849658449646E-13  1.93824432912662E+00
 cg2d: Sum(rhs),rhsMax =   5.54223333892878E-13  1.93830336939038E+00
 cg2d: Sum(rhs),rhsMax =   5.96855898038484E-13  1.93836116298171E+00
 cg2d: Sum(rhs),rhsMax =   6.67910171614494E-13  1.93841858617185E+00
 cg2d: Sum(rhs),rhsMax =   3.26849658449646E-13  1.93847548238650E+00
 cg2d: Sum(rhs),rhsMax =   4.68958205601666E-13  1.93853178913936E+00
 cg2d: Sum(rhs),rhsMax =   6.39488462184090E-13  1.93858751002915E+00
 cg2d: Sum(rhs),rhsMax =   9.66338120633736E-13  1.93864263962979E+00
 cg2d: Sum(rhs),rhsMax =   1.08002495835535E-12  1.93869716680955E+00
 cg2d: Sum(rhs),rhsMax =   8.66862137627322E-13  1.93875108089981E+00
 cg2d: Sum(rhs),rhsMax =   7.38964445190504E-13  1.93880437202617E+00
 cg2d: Sum(rhs),rhsMax =   2.84217094304040E-13  1.93885703078106E+00
 cg2d: Sum(rhs),rhsMax =   8.24229573481716E-13  1.93890904828486E+00
 cg2d: Sum(rhs),rhsMax =   2.70006239588838E-13  1.93896041633172E+00
 cg2d: Sum(rhs),rhsMax =   2.55795384873636E-13  1.93901112748906E+00
 cg2d: Sum(rhs),rhsMax =   7.38964445190504E-13  1.93906117516033E+00
 cg2d: Sum(rhs),rhsMax =   8.66862137627322E-13  1.93911055363119E+00
 cg2d: Sum(rhs),rhsMax =   8.38440428196918E-13  1.93915925810657E+00
 cg2d: Sum(rhs),rhsMax =   1.10844666778576E-12  1.93920728473974E+00
 cg2d: Sum(rhs),rhsMax =   2.84217094304040E-13  1.93925463065388E+00
 cg2d: Sum(rhs),rhsMax =   8.81072992342524E-13  1.93930129395609E+00
 cg2d: Sum(rhs),rhsMax =   8.10018718766514E-13  1.93934727374390E+00
 cg2d: Sum(rhs),rhsMax =   1.98951966012828E-13  1.93939257010398E+00
 cg2d: Sum(rhs),rhsMax =   1.06581410364015E-12  1.93943718410320E+00
 cg2d: Sum(rhs),rhsMax =   1.20792265079217E-12  1.93948111777149E+00
 cg2d: Sum(rhs),rhsMax =   5.82645043323282E-13  1.93952437407735E+00
 cg2d: Sum(rhs),rhsMax =   1.27897692436818E-13  1.93956695689568E+00
 cg2d: Sum(rhs),rhsMax =   9.52127265918534E-13  1.93960887096907E+00
 cg2d: Sum(rhs),rhsMax =   5.82645043323282E-13  1.93965012186296E+00
 cg2d: Sum(rhs),rhsMax =   1.10844666778576E-12  1.93969071591548E+00
 cg2d: Sum(rhs),rhsMax =   9.80548975348938E-13  1.93973066018250E+00
 cg2d: Sum(rhs),rhsMax =   4.40536496171262E-13  1.93976996237832E+00
 cg2d: Sum(rhs),rhsMax =   4.83169060316868E-13  1.93980863081241E+00
 cg2d: Sum(rhs),rhsMax =   9.09494701772928E-13  1.93984667432235E+00
 cg2d: Sum(rhs),rhsMax =   6.67910171614494E-13  1.93988410220343E+00
 cg2d: Sum(rhs),rhsMax =   2.84217094304040E-13  1.93992092413502E+00
 cg2d: Sum(rhs),rhsMax =   4.26325641456060E-13  1.93995715010443E+00
 cg2d: Sum(rhs),rhsMax =   9.23705556488130E-13  1.93999279032857E+00
 cg2d: Sum(rhs),rhsMax =   3.55271367880050E-13  1.94002785517417E+00
 cg2d: Sum(rhs),rhsMax =   3.55271367880050E-13  1.94006235507740E+00
 cg2d: Sum(rhs),rhsMax =   9.80548975348938E-13  1.94009630046311E+00
 cg2d: Sum(rhs),rhsMax =   6.39488462184090E-13  1.94012970166498E+00
 cg2d: Sum(rhs),rhsMax =   5.40012479177676E-13  1.94016256884671E+00
 cg2d: Sum(rhs),rhsMax =   2.55795384873636E-13  1.94019491192529E+00
 cg2d: Sum(rhs),rhsMax =   2.55795384873636E-13  1.94022674049651E+00
 cg2d: Sum(rhs),rhsMax =   9.52127265918534E-13  1.94025806376369E+00
 cg2d: Sum(rhs),rhsMax =   5.68434188608080E-13  1.94028889046982E+00
 cg2d: Sum(rhs),rhsMax =   5.82645043323282E-13  1.94031922883379E+00
 cg2d: Sum(rhs),rhsMax =   4.40536496171262E-13  1.94034908649114E+00
 cg2d: Sum(rhs),rhsMax =   4.83169060316868E-13  1.94037847043970E+00
 cg2d: Sum(rhs),rhsMax =   7.10542735760100E-14  1.94040738699049E+00
 cg2d: Sum(rhs),rhsMax =   8.24229573481716E-13  1.94043584172445E+00
 cg2d: Sum(rhs),rhsMax =   8.52651282912120E-13  1.94046383945504E+00
 cg2d: Sum(rhs),rhsMax =   4.97379915032070E-13  1.94049138419688E+00
 cg2d: Sum(rhs),rhsMax =   8.10018718766514E-13  1.94051847914120E+00
 cg2d: Sum(rhs),rhsMax =   8.38440428196918E-13  1.94054512663751E+00
 cg2d: Sum(rhs),rhsMax =   8.95283847057726E-13  1.94057132818200E+00
 cg2d: Sum(rhs),rhsMax =   6.39488462184090E-13  1.94059708441289E+00
 cg2d: Sum(rhs),rhsMax =   6.67910171614494E-13  1.94062239511220E+00
 cg2d: Sum(rhs),rhsMax =   6.53699316899292E-13  1.94064725921437E+00
 cg2d: Sum(rhs),rhsMax =   7.95807864051312E-13  1.94067167482145E+00
 cg2d: Sum(rhs),rhsMax =   4.26325641456060E-13  1.94069563922471E+00
 cg2d: Sum(rhs),rhsMax =   9.09494701772928E-13  1.94071914893251E+00
 cg2d: Sum(rhs),rhsMax =   8.24229573481716E-13  1.94074219970416E+00
 cg2d: Sum(rhs),rhsMax =   1.23634436022257E-12  1.94076478658954E+00
 cg2d: Sum(rhs),rhsMax =   6.96331881044898E-13  1.94078690397417E+00
 cg2d: Sum(rhs),rhsMax =   2.55795384873636E-13  1.94080854562908E+00
 cg2d: Sum(rhs),rhsMax =   5.54223333892878E-13  1.94082970476562E+00
 cg2d: Sum(rhs),rhsMax =   6.39488462184090E-13  1.94085037409407E+00
 cg2d: Sum(rhs),rhsMax =   5.96855898038484E-13  1.94087054588622E+00
 cg2d: Sum(rhs),rhsMax =   5.96855898038484E-13  1.94089021204094E+00
 cg2d: Sum(rhs),rhsMax =   2.41584530158434E-13  1.94090936415249E+00
 cg2d: Sum(rhs),rhsMax =   8.66862137627322E-13  1.94092799358086E+00
 cg2d: Sum(rhs),rhsMax =   6.67910171614494E-13  1.94094609152381E+00
 cg2d: Sum(rhs),rhsMax =   3.83693077310454E-13  1.94096364908981E+00
 cg2d: Sum(rhs),rhsMax =   7.67386154620908E-13  1.94098065737159E+00
 cg2d: Sum(rhs),rhsMax =   1.22213350550737E-12  1.94099710751947E+00
 cg2d: Sum(rhs),rhsMax =   9.09494701772928E-13  1.94101299081429E+00
 cg2d: Sum(rhs),rhsMax =   4.26325641456060E-13  1.94102829873900E+00
 cg2d: Sum(rhs),rhsMax =   1.42108547152020E-13  1.94104302304881E+00
 cg2d: Sum(rhs),rhsMax =   3.26849658449646E-13  1.94105715583890E+00
 cg2d: Sum(rhs),rhsMax =   3.97903932025656E-13  1.94107068960973E+00
 cg2d: Sum(rhs),rhsMax =  -1.70530256582424E-13  1.94108361732906E+00
 cg2d: Sum(rhs),rhsMax =   6.11066752753686E-13  1.94109593249035E+00
 cg2d: Sum(rhs),rhsMax =   3.69482222595252E-13  1.94110762916709E+00
 cg2d: Sum(rhs),rhsMax =   5.68434188608080E-13  1.94111870206282E+00
 cg2d: Sum(rhs),rhsMax =   6.25277607468888E-13  1.94112914655612E+00
 cg2d: Sum(rhs),rhsMax =   4.40536496171262E-13  1.94113895874055E+00
 cg2d: Sum(rhs),rhsMax =   8.24229573481716E-13  1.94114813545911E+00
 cg2d: Sum(rhs),rhsMax =   5.11590769747272E-13  1.94115667433301E+00
 cg2d: Sum(rhs),rhsMax =   7.67386154620908E-13  1.94116457378441E+00
 cg2d: Sum(rhs),rhsMax =   8.24229573481716E-13  1.94117183305327E+00
 cg2d: Sum(rhs),rhsMax =   2.55795384873636E-13  1.94117845220793E+00
 cg2d: Sum(rhs),rhsMax =   3.83693077310454E-13  1.94118443214945E+00
 cg2d: Sum(rhs),rhsMax =   1.22213350550737E-12  1.94118977460976E+00
 cg2d: Sum(rhs),rhsMax =   3.55271367880050E-13  1.94119448214358E+00
 cg2d: Sum(rhs),rhsMax =   5.25801624462474E-13  1.94119855811438E+00
 cg2d: Sum(rhs),rhsMax =   5.96855898038484E-13  1.94120200667414E+00
 cg2d: Sum(rhs),rhsMax =   8.95283847057726E-13  1.94120483273754E+00
 cg2d: Sum(rhs),rhsMax =   5.68434188608080E-13  1.94120704195050E+00
 cg2d: Sum(rhs),rhsMax =   7.10542735760100E-13  1.94120864065340E+00
 cg2d: Sum(rhs),rhsMax =   7.67386154620908E-13  1.94120963583930E+00
 cg2d: Sum(rhs),rhsMax =   1.98951966012828E-13  1.94121003510755E+00
 cg2d: Sum(rhs),rhsMax =   6.67910171614494E-13  1.94120984661294E+00
 cg2d: Sum(rhs),rhsMax =   1.22213350550737E-12  1.94120907901104E+00
 cg2d: Sum(rhs),rhsMax =   2.84217094304040E-13  1.94120774140009E+00
 cg2d: Sum(rhs),rhsMax =   1.25055521493778E-12  1.94120584325955E+00
 cg2d: Sum(rhs),rhsMax =   6.39488462184090E-13  1.94120339438638E+00
 cg2d: Sum(rhs),rhsMax =   5.68434188608080E-13  1.94120040482903E+00
 cg2d: Sum(rhs),rhsMax =   6.25277607468888E-13  1.94119688481977E+00
 cg2d: Sum(rhs),rhsMax =   1.03739239420975E-12  1.94119284470602E+00
 cg2d: Sum(rhs),rhsMax =   6.39488462184090E-13  1.94118829488098E+00
 cg2d: Sum(rhs),rhsMax =   2.27373675443232E-13  1.94118324571417E+00
 cg2d: Sum(rhs),rhsMax =   1.27897692436818E-13  1.94117770748247E+00
 cg2d: Sum(rhs),rhsMax =   5.54223333892878E-13  1.94117169030199E+00
 cg2d: Sum(rhs),rhsMax =   9.66338120633736E-13  1.94116520406141E+00
 cg2d: Sum(rhs),rhsMax =   1.84741111297626E-13  1.94115825835724E+00
 cg2d: Sum(rhs),rhsMax =   0.00000000000000E+00  1.94115086243142E+00
 cg2d: Sum(rhs),rhsMax =   1.13686837721616E-13  1.94114302511180E+00
 cg2d: Sum(rhs),rhsMax =   5.40012479177676E-13  1.94113475475575E+00
 cg2d: Sum(rhs),rhsMax =   3.26849658449646E-13  1.94112605919766E+00
 cg2d: Sum(rhs),rhsMax =   7.38964445190504E-13  1.94111694570012E+00
 cg2d: Sum(rhs),rhsMax =   2.55795384873636E-13  1.94110742090981E+00
 cg2d: Sum(rhs),rhsMax =   4.40536496171262E-13  1.94109749081763E+00
 cg2d: Sum(rhs),rhsMax =   4.26325641456060E-13  1.94108716072423E+00
 cg2d: Sum(rhs),rhsMax =   7.67386154620908E-13  1.94107643521020E+00
 cg2d: Sum(rhs),rhsMax =   3.97903932025656E-13  1.94106531811194E+00
 cg2d: Sum(rhs),rhsMax =   5.68434188608080E-14  1.94105381250283E+00
 cg2d: Sum(rhs),rhsMax =   9.23705556488130E-13  1.94104192067999E+00
 cg2d: Sum(rhs),rhsMax =   3.41060513164848E-13  1.94102964415676E+00
 cg2d: Sum(rhs),rhsMax =   9.23705556488130E-13  1.94101698366077E+00
 cg2d: Sum(rhs),rhsMax =   6.39488462184090E-13  1.94100393913766E+00
 cg2d: Sum(rhs),rhsMax =   5.68434188608080E-13  1.94099050976039E+00
 cg2d: Sum(rhs),rhsMax =   8.10018718766514E-13  1.94097669394410E+00
 cg2d: Sum(rhs),rhsMax =   3.26849658449646E-13  1.94096248936612E+00
 cg2d: Sum(rhs),rhsMax =   6.96331881044898E-13  1.94094789299137E+00
 cg2d: Sum(rhs),rhsMax =   4.26325641456060E-13  1.94093290110250E+00
 cg2d: Sum(rhs),rhsMax =   5.54223333892878E-13  1.94091750933489E+00
 cg2d: Sum(rhs),rhsMax =   5.96855898038484E-13  1.94090171271587E+00
 cg2d: Sum(rhs),rhsMax =   9.09494701772928E-13  1.94088550570824E+00
 cg2d: Sum(rhs),rhsMax =   7.10542735760100E-13  1.94086888225735E+00
 cg2d: Sum(rhs),rhsMax =   5.96855898038484E-13  1.94085183584171E+00
 cg2d: Sum(rhs),rhsMax =   8.66862137627322E-13  1.94083435952650E+00
 cg2d: Sum(rhs),rhsMax =   6.82121026329696E-13  1.94081644601970E+00
 cg2d: Sum(rhs),rhsMax =   6.82121026329696E-13  1.94079808773037E+00
 cg2d: Sum(rhs),rhsMax =   1.70530256582424E-13  1.94077927682870E+00
 cg2d: Sum(rhs),rhsMax =   1.84741111297626E-13  1.94076000530721E+00
 cg2d: Sum(rhs),rhsMax =   7.81597009336110E-13  1.94074026504293E+00
 cg2d: Sum(rhs),rhsMax =   1.03739239420975E-12  1.94072004785987E+00
 cg2d: Sum(rhs),rhsMax =   5.54223333892878E-13  1.94069934559134E+00
 cg2d: Sum(rhs),rhsMax =   6.82121026329696E-13  1.94067815014182E+00
 cg2d: Sum(rhs),rhsMax =   1.13686837721616E-13  1.94065645354785E+00
 cg2d: Sum(rhs),rhsMax =   4.83169060316868E-13  1.94063424803737E+00
 cg2d: Sum(rhs),rhsMax =   5.82645043323282E-13  1.94061152608741E+00
 cg2d: Sum(rhs),rhsMax =   4.12114786740858E-13  1.94058828047938E+00
 cg2d: Sum(rhs),rhsMax =   2.84217094304040E-13  1.94056450435178E+00
 cg2d: Sum(rhs),rhsMax =   1.10844666778576E-12  1.94054019124994E+00
 cg2d: Sum(rhs),rhsMax =   7.95807864051312E-13  1.94051533517248E+00
 cg2d: Sum(rhs),rhsMax =   3.83693077310454E-13  1.94048993061399E+00
 cg2d: Sum(rhs),rhsMax =   8.66862137627322E-13  1.94046397260394E+00
 cg2d: Sum(rhs),rhsMax =   7.38964445190504E-13  1.94043745674127E+00
 cg2d: Sum(rhs),rhsMax =   1.09423581307055E-12  1.94041037922478E+00
 cg2d: Sum(rhs),rhsMax =   3.55271367880050E-13  1.94038273687867E+00
 cg2d: Sum(rhs),rhsMax =   1.35003119794419E-12  1.94035452717367E+00
 cg2d: Sum(rhs),rhsMax =   5.82645043323282E-13  1.94032574824316E+00
 cg2d: Sum(rhs),rhsMax =   1.06581410364015E-12  1.94029639889434E+00
 cg2d: Sum(rhs),rhsMax =   7.24753590475302E-13  1.94026647861455E+00
 cg2d: Sum(rhs),rhsMax =   4.40536496171262E-13  1.94023598757261E+00
 cg2d: Sum(rhs),rhsMax =   1.13686837721616E-12  1.94020492661519E+00
 cg2d: Sum(rhs),rhsMax =   7.10542735760100E-13  1.94017329725830E+00
 cg2d: Sum(rhs),rhsMax =   2.98427949019242E-13  1.94014110167422E+00
 cg2d: Sum(rhs),rhsMax =   7.38964445190504E-13  1.94010834267353E+00
 cg2d: Sum(rhs),rhsMax =   8.24229573481716E-13  1.94007502368297E+00
 cg2d: Sum(rhs),rhsMax =   8.38440428196918E-13  1.94004114871889E+00
 cg2d: Sum(rhs),rhsMax =   6.25277607468888E-13  1.94000672235680E+00
 cg2d: Sum(rhs),rhsMax =   4.54747350886464E-13  1.93997174969717E+00
 cg2d: Sum(rhs),rhsMax =   6.25277607468888E-13  1.93993623632766E+00
 cg2d: Sum(rhs),rhsMax =  -7.10542735760100E-14  1.93990018828245E+00
 cg2d: Sum(rhs),rhsMax =   9.23705556488130E-13  1.93986361199849E+00
 cg2d: Sum(rhs),rhsMax =   1.00897068477934E-12  1.93982651426949E+00
 cg2d: Sum(rhs),rhsMax =   7.38964445190504E-13  1.93978890219771E+00
 cg2d: Sum(rhs),rhsMax =   6.82121026329696E-13  1.93975078314404E+00
 cg2d: Sum(rhs),rhsMax =   3.41060513164848E-13  1.93971216467670E+00
 cg2d: Sum(rhs),rhsMax =   7.10542735760100E-13  1.93967305451914E+00
 cg2d: Sum(rhs),rhsMax =   1.37845290737459E-12  1.93963346049720E+00
 cg2d: Sum(rhs),rhsMax =   7.53175299905706E-13  1.93959339048612E+00
 cg2d: Sum(rhs),rhsMax =   7.81597009336110E-13  1.93955285235793E+00
 cg2d: Sum(rhs),rhsMax =   4.12114786740858E-13  1.93951185392931E+00
 cg2d: Sum(rhs),rhsMax =   9.94759830064140E-13  1.93947040291042E+00
 cg2d: Sum(rhs),rhsMax =   8.10018718766514E-13  1.93942850685523E+00
 cg2d: Sum(rhs),rhsMax =   9.94759830064140E-13  1.93938617293887E+00
 cg2d: Sum(rhs),rhsMax =   4.83169060316868E-13  1.93934340815041E+00
 cg2d: Sum(rhs),rhsMax =   4.68958205601666E-13  1.93930021947994E+00
 cg2d: Sum(rhs),rhsMax =   7.81597009336110E-13  1.93925661367325E+00
 cg2d: Sum(rhs),rhsMax =   1.17950094136177E-12  1.93921259695431E+00
 cg2d: Sum(rhs),rhsMax =   5.96855898038484E-13  1.93916817495848E+00
 cg2d: Sum(rhs),rhsMax =   3.69482222595252E-13  1.93912335280045E+00
 cg2d: Sum(rhs),rhsMax =   5.11590769747272E-13  1.93907813514694E+00
 cg2d: Sum(rhs),rhsMax =   7.24753590475302E-13  1.93903252623230E+00
 cg2d: Sum(rhs),rhsMax =   9.80548975348938E-13  1.93898652982641E+00
 cg2d: Sum(rhs),rhsMax =   3.55271367880050E-13  1.93894014919155E+00
 cg2d: Sum(rhs),rhsMax =   6.39488462184090E-13  1.93889338705207E+00
 cg2d: Sum(rhs),rhsMax =   3.97903932025656E-13  1.93884624558013E+00
 cg2d: Sum(rhs),rhsMax =   6.11066752753686E-13  1.93879872639174E+00
 cg2d: Sum(rhs),rhsMax =   3.55271367880050E-13  1.93875083054868E+00
 cg2d: Sum(rhs),rhsMax =   7.24753590475302E-13  1.93870255856449E+00
 cg2d: Sum(rhs),rhsMax =   6.96331881044898E-13  1.93865391041391E+00
 cg2d: Sum(rhs),rhsMax =   7.10542735760100E-13  1.93860488554577E+00
 cg2d: Sum(rhs),rhsMax =   1.27897692436818E-12  1.93855548289934E+00
 cg2d: Sum(rhs),rhsMax =   6.53699316899292E-13  1.93850570092378E+00
 cg2d: Sum(rhs),rhsMax =   1.17950094136177E-12  1.93845553760088E+00
 cg2d: Sum(rhs),rhsMax =   4.26325641456060E-13  1.93840499047080E+00
 cg2d: Sum(rhs),rhsMax =   7.81597009336110E-13  1.93835405666091E+00
 cg2d: Sum(rhs),rhsMax =   5.68434188608080E-13  1.93830273291778E+00
 cg2d: Sum(rhs),rhsMax =   5.96855898038484E-13  1.93825101564168E+00
 cg2d: Sum(rhs),rhsMax =   9.52127265918534E-13  1.93819890092369E+00
 cg2d: Sum(rhs),rhsMax =   9.66338120633736E-13  1.93814638458490E+00
 cg2d: Sum(rhs),rhsMax =   2.98427949019242E-13  1.93809346221724E+00
 cg2d: Sum(rhs),rhsMax =   3.26849658449646E-13  1.93804012922544E+00
 cg2d: Sum(rhs),rhsMax =   1.00897068477934E-12  1.93798638086995E+00
 cg2d: Sum(rhs),rhsMax =   2.84217094304040E-13  1.93793221231030E+00
 cg2d: Sum(rhs),rhsMax =   3.12638803734444E-13  1.93787761864862E+00
 cg2d: Sum(rhs),rhsMax =   1.12265752250096E-12  1.93782259497296E+00
 cg2d: Sum(rhs),rhsMax =   5.82645043323282E-13  1.93776713640029E+00
 cg2d: Sum(rhs),rhsMax =   3.26849658449646E-13  1.93771123811878E+00
 cg2d: Sum(rhs),rhsMax =   1.00897068477934E-12  1.93765489542902E+00
 cg2d: Sum(rhs),rhsMax =   2.41584530158434E-13  1.93759810378407E+00
 cg2d: Sum(rhs),rhsMax =   5.82645043323282E-13  1.93754085882786E+00
 cg2d: Sum(rhs),rhsMax =   4.40536496171262E-13  1.93748315643191E+00
 cg2d: Sum(rhs),rhsMax =   2.98427949019242E-13  1.93742499272985E+00
 cg2d: Sum(rhs),rhsMax =   8.95283847057726E-13  1.93736636414964E+00
 cg2d: Sum(rhs),rhsMax =   9.52127265918534E-13  1.93730726744334E+00
 cg2d: Sum(rhs),rhsMax =   5.25801624462474E-13  1.93724769971404E+00
 cg2d: Sum(rhs),rhsMax =   3.55271367880050E-13  1.93718765843993E+00
 cg2d: Sum(rhs),rhsMax =   6.11066752753686E-13  1.93712714149533E+00
 cg2d: Sum(rhs),rhsMax =   4.12114786740858E-13  1.93706614716847E+00
 cg2d: Sum(rhs),rhsMax =   7.67386154620908E-13  1.93700467417615E+00
 cg2d: Sum(rhs),rhsMax =   5.96855898038484E-13  1.93694272167477E+00
 cg2d: Sum(rhs),rhsMax =   2.70006239588838E-13  1.93688028926826E+00
 cg2d: Sum(rhs),rhsMax =   4.40536496171262E-13  1.93681737701242E+00
 cg2d: Sum(rhs),rhsMax =   3.83693077310454E-13  1.93675398541580E+00
 cg2d: Sum(rhs),rhsMax =   2.70006239588838E-13  1.93669011543739E+00
 cg2d: Sum(rhs),rhsMax =   2.27373675443232E-13  1.93662576848078E+00
 cg2d: Sum(rhs),rhsMax =   5.82645043323282E-13  1.93656094638517E+00
 cg2d: Sum(rhs),rhsMax =   7.81597009336110E-13  1.93649565141318E+00
 cg2d: Sum(rhs),rhsMax =   8.24229573481716E-13  1.93642988623576E+00
 cg2d: Sum(rhs),rhsMax =   4.54747350886464E-13  1.93636365391401E+00
 cg2d: Sum(rhs),rhsMax =   8.24229573481716E-13  1.93629695787855E+00
 cg2d: Sum(rhs),rhsMax =   8.66862137627322E-13  1.93622980190620E+00
 cg2d: Sum(rhs),rhsMax =   3.26849658449646E-13  1.93616219009444E+00
 cg2d: Sum(rhs),rhsMax =   8.10018718766514E-13  1.93609412683379E+00
(PID.TID 0000.0001) %CHECKPOINT   3111840 ckptA
(PID.TID 0000.0001)   early fc =  0.000000000000000D+00
 --> objf_test(bi,bj)        =  0.189842664522704D+00
(PID.TID 0000.0001)   local fc =  0.189842664522704D+00
(PID.TID 0000.0001)  global fc =  0.322547976275027D+00
(PID.TID 0000.0001) whio : write lev 2 rec   1
(PID.TID 0000.0001) SOLVE_FOR_PRESSURE: putPmEinXvector =    F
 cg2d: Sum(rhs),rhsMax =   8.52651282912120E-13  1.99900718163814E+00
 cg2d: Sum(rhs),rhsMax =   7.81597009336110E-13  1.99891722427463E+00
 cg2d: Sum(rhs),rhsMax =   1.50635059981141E-12  1.99882649286104E+00
 cg2d: Sum(rhs),rhsMax =   5.82645043323282E-13  1.99873498159962E+00
 cg2d: Sum(rhs),rhsMax =   9.37916411203332E-13  1.99864269010628E+00
 cg2d: Sum(rhs),rhsMax =   3.26849658449646E-13  1.99854961876264E+00
 cg2d: Sum(rhs),rhsMax =   4.54747350886464E-13  1.99845576788955E+00
 cg2d: Sum(rhs),rhsMax =   5.25801624462474E-13  1.99836113784468E+00
 cg2d: Sum(rhs),rhsMax =   3.41060513164848E-13  1.99826572897853E+00
 cg2d: Sum(rhs),rhsMax =   9.37916411203332E-13  1.99816954154800E+00
 cg2d: Sum(rhs),rhsMax =   3.69482222595252E-13  1.99807257570752E+00
 cg2d: Sum(rhs),rhsMax =   9.37916411203332E-13  1.99797483157076E+00
 cg2d: Sum(rhs),rhsMax =   4.97379915032070E-13  1.99787630928802E+00
 cg2d: Sum(rhs),rhsMax =   8.52651282912120E-13  1.99777700909586E+00
 cg2d: Sum(rhs),rhsMax =   8.24229573481716E-13  1.99767693132623E+00
 cg2d: Sum(rhs),rhsMax =   5.68434188608080E-13  1.99757607638737E+00
 cg2d: Sum(rhs),rhsMax =   7.10542735760100E-13  1.99747444473723E+00
 cg2d: Sum(rhs),rhsMax =   8.81072992342524E-13  1.99737203686449E+00
 cg2d: Sum(rhs),rhsMax =   6.25277607468888E-13  1.99726885328106E+00
 cg2d: Sum(rhs),rhsMax =   7.81597009336110E-13  1.99716489452377E+00
 cg2d: Sum(rhs),rhsMax =   3.12638803734444E-13  1.99706016115903E+00
 cg2d: Sum(rhs),rhsMax =   3.83693077310454E-13  1.99695465378713E+00
 cg2d: Sum(rhs),rhsMax =   5.68434188608080E-13  1.99684837304370E+00
 cg2d: Sum(rhs),rhsMax =   4.26325641456060E-13  1.99674131959909E+00
 cg2d: Sum(rhs),rhsMax =   3.83693077310454E-13  1.99663349415570E+00
 cg2d: Sum(rhs),rhsMax =   5.40012479177676E-13  1.99652489744398E+00
 cg2d: Sum(rhs),rhsMax =   5.68434188608080E-13  1.99641553021776E+00
 cg2d: Sum(rhs),rhsMax =   7.67386154620908E-13  1.99630539324887E+00
 cg2d: Sum(rhs),rhsMax =   1.26476606965298E-12  1.99619448732192E+00
 cg2d: Sum(rhs),rhsMax =   3.26849658449646E-13  1.99608281322969E+00
 cg2d: Sum(rhs),rhsMax =  -2.41584530158434E-13  1.99597037176933E+00
 cg2d: Sum(rhs),rhsMax =   6.82121026329696E-13  1.99585716374004E+00
 cg2d: Sum(rhs),rhsMax =   7.38964445190504E-13  1.99574318994199E+00
 cg2d: Sum(rhs),rhsMax =   4.83169060316868E-13  1.99562845117595E+00
 cg2d: Sum(rhs),rhsMax =   8.52651282912120E-13  1.99551294824340E+00
 cg2d: Sum(rhs),rhsMax =   5.54223333892878E-13  1.99539668194636E+00
 cg2d: Sum(rhs),rhsMax =   7.81597009336110E-13  1.99527965308675E+00
 cg2d: Sum(rhs),rhsMax =   8.66862137627322E-13  1.99516186246490E+00
 cg2d: Sum(rhs),rhsMax =   6.39488462184090E-13  1.99504331087728E+00
 cg2d: Sum(rhs),rhsMax =   7.10542735760100E-14  1.99492399911349E+00
 cg2d: Sum(rhs),rhsMax =   1.70530256582424E-13  1.99480392795287E+00
 cg2d: Sum(rhs),rhsMax =   7.38964445190504E-13  1.99468309816143E+00
 cg2d: Sum(rhs),rhsMax =   9.80548975348938E-13  1.99456151048905E+00
 cg2d: Sum(rhs),rhsMax =   8.52651282912120E-13  1.99443916566721E+00
 cg2d: Sum(rhs),rhsMax =   1.12265752250096E-12  1.99431606440727E+00
 cg2d: Sum(rhs),rhsMax =   6.11066752753686E-13  1.99419220739920E+00
 cg2d: Sum(rhs),rhsMax =   6.82121026329696E-13  1.99406759531059E+00
 cg2d: Sum(rhs),rhsMax =   4.40536496171262E-13  1.99394222878600E+00
 cg2d: Sum(rhs),rhsMax =   5.11590769747272E-13  1.99381610844648E+00
 cg2d: Sum(rhs),rhsMax =   6.25277607468888E-13  1.99368923488917E+00
 cg2d: Sum(rhs),rhsMax =   1.06581410364015E-12  1.99356160868705E+00
 cg2d: Sum(rhs),rhsMax =   6.53699316899292E-13  1.99343323038886E+00
 cg2d: Sum(rhs),rhsMax =   5.11590769747272E-13  1.99330410051913E+00
 cg2d: Sum(rhs),rhsMax =   8.10018718766514E-13  1.99317421957839E+00
 cg2d: Sum(rhs),rhsMax =   7.38964445190504E-13  1.99304358804364E+00
 cg2d: Sum(rhs),rhsMax =   1.06581410364015E-12  1.99291220636902E+00
 cg2d: Sum(rhs),rhsMax =   4.97379915032070E-13  1.99278007498672E+00
 cg2d: Sum(rhs),rhsMax =   7.95807864051312E-13  1.99264719430797E+00
 cg2d: Sum(rhs),rhsMax =   7.24753590475302E-13  1.99251356472431E+00
 cg2d: Sum(rhs),rhsMax =   5.40012479177676E-13  1.99237918660897E+00
 cg2d: Sum(rhs),rhsMax =   5.96855898038484E-13  1.99224406031819E+00
 cg2d: Sum(rhs),rhsMax =   1.00897068477934E-12  1.99210818619292E+00
 cg2d: Sum(rhs),rhsMax =   7.95807864051312E-13  1.99197156456023E+00
 cg2d: Sum(rhs),rhsMax =   8.10018718766514E-13  1.99183419573504E+00
 cg2d: Sum(rhs),rhsMax =   4.54747350886464E-13  1.99169608002185E+00
 cg2d: Sum(rhs),rhsMax =   4.83169060316868E-13  1.99155721771640E+00
 cg2d: Sum(rhs),rhsMax =   6.96331881044898E-13  1.99141760910769E+00
 cg2d: Sum(rhs),rhsMax =   2.41584530158434E-13  1.99127725447975E+00
 cg2d: Sum(rhs),rhsMax =   6.39488462184090E-13  1.99113615411376E+00
 cg2d: Sum(rhs),rhsMax =   7.10542735760100E-13  1.99099430829005E+00
 cg2d: Sum(rhs),rhsMax =   8.24229573481716E-13  1.99085171729027E+00
 cg2d: Sum(rhs),rhsMax =   3.26849658449646E-13  1.99070838139951E+00
(PID.TID 0000.0001) whio : write lev 2 rec   2
 cg2d: Sum(rhs),rhsMax =   1.05160324892495E-12  1.99056430090849E+00
 cg2d: Sum(rhs),rhsMax =   5.68434188608080E-13  1.99041947611577E+00
 cg2d: Sum(rhs),rhsMax =   2.55795384873636E-13  1.99027390732974E+00
 cg2d: Sum(rhs),rhsMax =   5.96855898038484E-13  1.99012759487094E+00
 cg2d: Sum(rhs),rhsMax =   3.26849658449646E-13  1.98998053907398E+00
 cg2d: Sum(rhs),rhsMax =   5.40012479177676E-13  1.98983274028953E+00
 cg2d: Sum(rhs),rhsMax =   8.81072992342524E-13  1.98968419888621E+00
 cg2d: Sum(rhs),rhsMax =   4.68958205601666E-13  1.98953491525243E+00
 cg2d: Sum(rhs),rhsMax =   3.97903932025656E-13  1.98938488979809E+00
 cg2d: Sum(rhs),rhsMax =   1.12265752250096E-12  1.98923412295613E+00
 cg2d: Sum(rhs),rhsMax =   4.97379915032070E-13  1.98908261518407E+00
 cg2d: Sum(rhs),rhsMax =   1.03739239420975E-12  1.98893036696536E+00
 cg2d: Sum(rhs),rhsMax =   3.97903932025656E-13  1.98877737881065E+00
 cg2d: Sum(rhs),rhsMax =   4.54747350886464E-13  1.98862365125883E+00
 cg2d: Sum(rhs),rhsMax =   7.95807864051312E-13  1.98846918487815E+00
 cg2d: Sum(rhs),rhsMax =   9.66338120633736E-13  1.98831398026689E+00
 cg2d: Sum(rhs),rhsMax =   9.23705556488130E-13  1.98815803805426E+00
 cg2d: Sum(rhs),rhsMax =   9.23705556488130E-13  1.98800135890080E+00
 cg2d: Sum(rhs),rhsMax =   2.27373675443232E-13  1.98784394349884E+00
 cg2d: Sum(rhs),rhsMax =   9.80548975348938E-13  1.98768579257287E+00
 cg2d: Sum(rhs),rhsMax =   4.40536496171262E-13  1.98752690687945E+00
 cg2d: Sum(rhs),rhsMax =   8.10018718766514E-13  1.98736728720735E+00
 cg2d: Sum(rhs),rhsMax =   2.27373675443232E-13  1.98720693437723E+00
 cg2d: Sum(rhs),rhsMax =   6.96331881044898E-13  1.98704584924140E+00
 cg2d: Sum(rhs),rhsMax =   7.67386154620908E-13  1.98688403268324E+00
 cg2d: Sum(rhs),rhsMax =   1.98951966012828E-13  1.98672148561659E+00
 cg2d: Sum(rhs),rhsMax =   5.40012479177676E-13  1.98655820898490E+00
 cg2d: Sum(rhs),rhsMax =   6.67910171614494E-13  1.98639420376027E+00
 cg2d: Sum(rhs),rhsMax =   4.40536496171262E-13  1.98622947094271E+00
 cg2d: Sum(rhs),rhsMax =   8.52651282912120E-13  1.98606401155908E+00
 cg2d: Sum(rhs),rhsMax =   4.54747350886464E-13  1.98589782666181E+00
 cg2d: Sum(rhs),rhsMax =   1.05160324892495E-12  1.98573091732729E+00
 cg2d: Sum(rhs),rhsMax =   2.98427949019242E-13  1.98556328465445E+00
 cg2d: Sum(rhs),rhsMax =   7.53175299905706E-13  1.98539492976335E+00
 cg2d: Sum(rhs),rhsMax =   7.81597009336110E-13  1.98522585379359E+00
 cg2d: Sum(rhs),rhsMax =   5.96855898038484E-13  1.98505605790274E+00
 cg2d: Sum(rhs),rhsMax =   5.82645043323282E-13  1.98488554326477E+00
 cg2d: Sum(rhs),rhsMax =   6.39488462184090E-13  1.98471431106829E+00
 cg2d: Sum(rhs),rhsMax =   4.68958205601666E-13  1.98454236251496E+00
 cg2d: Sum(rhs),rhsMax =   1.70530256582424E-13  1.98436969881764E+00
 cg2d: Sum(rhs),rhsMax =   9.23705556488130E-13  1.98419632119872E+00
 cg2d: Sum(rhs),rhsMax =   6.67910171614494E-13  1.98402223088842E+00
 cg2d: Sum(rhs),rhsMax =   2.27373675443232E-13  1.98384742912312E+00
 cg2d: Sum(rhs),rhsMax =   4.97379915032070E-13  1.98367191714351E+00
 cg2d: Sum(rhs),rhsMax =   7.10542735760100E-13  1.98349569619308E+00
 cg2d: Sum(rhs),rhsMax =   8.52651282912120E-13  1.98331876751651E+00
 cg2d: Sum(rhs),rhsMax =   8.81072992342524E-13  1.98314113235799E+00
 cg2d: Sum(rhs),rhsMax =   8.52651282912120E-13  1.98296279195984E+00
 cg2d: Sum(rhs),rhsMax =   1.02318153949454E-12  1.98278374756094E+00
 cg2d: Sum(rhs),rhsMax =   6.53699316899292E-13  1.98260400039550E+00
 cg2d: Sum(rhs),rhsMax =   4.68958205601666E-13  1.98242355169166E+00
 cg2d: Sum(rhs),rhsMax =   4.83169060316868E-13  1.98224240267025E+00
 cg2d: Sum(rhs),rhsMax =   7.38964445190504E-13  1.98206055454376E+00
 cg2d: Sum(rhs),rhsMax =   8.95283847057726E-13  1.98187800851551E+00
 cg2d: Sum(rhs),rhsMax =   7.67386154620908E-13  1.98169476577865E+00
 cg2d: Sum(rhs),rhsMax =   1.02318153949454E-12  1.98151082751545E+00
 cg2d: Sum(rhs),rhsMax =   5.40012479177676E-13  1.98132619489648E+00
 cg2d: Sum(rhs),rhsMax =   5.40012479177676E-13  1.98114086908013E+00
 cg2d: Sum(rhs),rhsMax =   6.53699316899292E-13  1.98095485121213E+00
 cg2d: Sum(rhs),rhsMax =   8.81072992342524E-13  1.98076814242527E+00
 cg2d: Sum(rhs),rhsMax =   5.11590769747272E-13  1.98058074383928E+00
 cg2d: Sum(rhs),rhsMax =   2.13162820728030E-13  1.98039265656073E+00
 cg2d: Sum(rhs),rhsMax =   4.97379915032070E-13  1.98020388168304E+00
 cg2d: Sum(rhs),rhsMax =   8.52651282912120E-13  1.98001442028673E+00
 cg2d: Sum(rhs),rhsMax =   7.38964445190504E-13  1.97982427343966E+00
 cg2d: Sum(rhs),rhsMax =   7.53175299905706E-13  1.97963344219734E+00
 cg2d: Sum(rhs),rhsMax =   3.55271367880050E-13  1.97944192760356E+00
 cg2d: Sum(rhs),rhsMax =   3.97903932025656E-13  1.97924973069082E+00
 cg2d: Sum(rhs),rhsMax =   7.53175299905706E-13  1.97905685248117E+00
 cg2d: Sum(rhs),rhsMax =   7.53175299905706E-13  1.97886329398688E+00
 cg2d: Sum(rhs),rhsMax =   6.11066752753686E-13  1.97866905621136E+00
 cg2d: Sum(rhs),rhsMax =   6.53699316899292E-13  1.97847414015006E+00
(PID.TID 0000.0001) whio : write lev 2 rec   3
 cg2d: Sum(rhs),rhsMax =   5.25801624462474E-13  1.97827854679158E+00
 cg2d: Sum(rhs),rhsMax =   2.13162820728030E-13  1.97808227711866E+00
 cg2d: Sum(rhs),rhsMax =   3.97903932025656E-13  1.97788533210936E+00
 cg2d: Sum(rhs),rhsMax =   4.83169060316868E-13  1.97768771273827E+00
 cg2d: Sum(rhs),rhsMax =   5.68434188608080E-13  1.97748941997780E+00
 cg2d: Sum(rhs),rhsMax =   8.52651282912120E-13  1.97729045479931E+00
 cg2d: Sum(rhs),rhsMax =   5.25801624462474E-13  1.97709081817457E+00
 cg2d: Sum(rhs),rhsMax =   5.11590769747272E-13  1.97689051107700E+00
 cg2d: Sum(rhs),rhsMax =   7.24753590475302E-13  1.97668953448292E+00
 cg2d: Sum(rhs),rhsMax =   4.83169060316868E-13  1.97648788937311E+00
 cg2d: Sum(rhs),rhsMax =   4.26325641456060E-13  1.97628557673392E+00
 cg2d: Sum(rhs),rhsMax =   8.38440428196918E-13  1.97608259755867E+00
 cg2d: Sum(rhs),rhsMax =   7.38964445190504E-13  1.97587895284890E+00
 cg2d: Sum(rhs),rhsMax =   4.40536496171262E-13  1.97567464361575E+00
 cg2d: Sum(rhs),rhsMax =   5.40012479177676E-13  1.97546967088098E+00
 cg2d: Sum(rhs),rhsMax =   7.67386154620908E-13  1.97526403567837E+00
 cg2d: Sum(rhs),rhsMax =   4.83169060316868E-13  1.97505773905462E+00
 cg2d: Sum(rhs),rhsMax =   8.24229573481716E-13  1.97485078207062E+00
 cg2d: Sum(rhs),rhsMax =   4.40536496171262E-13  1.97464316580237E+00
 cg2d: Sum(rhs),rhsMax =   5.11590769747272E-13  1.97443489134190E+00
 cg2d: Sum(rhs),rhsMax =   7.38964445190504E-13  1.97422595979816E+00
 cg2d: Sum(rhs),rhsMax =   7.81597009336110E-13  1.97401637229787E+00
 cg2d: Sum(rhs),rhsMax =   5.40012479177676E-13  1.97380612998610E+00
 cg2d: Sum(rhs),rhsMax =   3.83693077310454E-13  1.97359523402704E+00
 cg2d: Sum(rhs),rhsMax =   6.82121026329696E-13  1.97338368560446E+00
 cg2d: Sum(rhs),rhsMax =   6.82121026329696E-13  1.97317148592217E+00
 cg2d: Sum(rhs),rhsMax =   4.40536496171262E-13  1.97295863620440E+00
 cg2d: Sum(rhs),rhsMax =   6.39488462184090E-13  1.97274513769602E+00
 cg2d: Sum(rhs),rhsMax =   4.97379915032070E-13  1.97253099166276E+00
 cg2d: Sum(rhs),rhsMax =   5.40012479177676E-13  1.97231619939129E+00
 cg2d: Sum(rhs),rhsMax =   9.94759830064140E-13  1.97210076218916E+00
 cg2d: Sum(rhs),rhsMax =   5.54223333892878E-13  1.97188468138468E+00
 cg2d: Sum(rhs),rhsMax =   5.40012479177676E-13  1.97166795832684E+00
 cg2d: Sum(rhs),rhsMax =   2.41584530158434E-13  1.97145059438484E+00
 cg2d: Sum(rhs),rhsMax =   2.13162820728030E-13  1.97123259094787E+00
 cg2d: Sum(rhs),rhsMax =   3.83693077310454E-13  1.97101394942454E+00
 cg2d: Sum(rhs),rhsMax =   7.38964445190504E-13  1.97079467124240E+00
 cg2d: Sum(rhs),rhsMax =   4.97379915032070E-13  1.97057475784731E+00
 cg2d: Sum(rhs),rhsMax =   5.68434188608080E-13  1.97035421070274E+00
 cg2d: Sum(rhs),rhsMax =   3.26849658449646E-13  1.97013303128896E+00
 cg2d: Sum(rhs),rhsMax =   9.52127265918534E-13  1.96991122110236E+00
 cg2d: Sum(rhs),rhsMax =   9.23705556488130E-13  1.96968878165438E+00
 cg2d: Sum(rhs),rhsMax =   9.94759830064140E-14  1.96946571447079E+00
 cg2d: Sum(rhs),rhsMax =   8.10018718766514E-13  1.96924202109055E+00
 cg2d: Sum(rhs),rhsMax =   5.40012479177676E-13  1.96901770306481E+00
 cg2d: Sum(rhs),rhsMax =   5.96855898038484E-13  1.96879276195601E+00
 cg2d: Sum(rhs),rhsMax =   6.82121026329696E-13  1.96856719933661E+00
 cg2d: Sum(rhs),rhsMax =   1.19371179607697E-12  1.96834101678808E+00
 cg2d: Sum(rhs),rhsMax =   4.12114786740858E-13  1.96811421589974E+00
 cg2d: Sum(rhs),rhsMax =   5.25801624462474E-13  1.96788679826769E+00
 cg2d: Sum(rhs),rhsMax =   8.24229573481716E-13  1.96765876549382E+00
 cg2d: Sum(rhs),rhsMax =   3.12638803734444E-13  1.96743011918473E+00
 cg2d: Sum(rhs),rhsMax =   4.40536496171262E-13  1.96720086095064E+00
 cg2d: Sum(rhs),rhsMax =   8.81072992342524E-13  1.96697099240417E+00
 cg2d: Sum(rhs),rhsMax =   6.67910171614494E-13  1.96674051515921E+00
 cg2d: Sum(rhs),rhsMax =   9.09494701772928E-13  1.96650943082984E+00
 cg2d: Sum(rhs),rhsMax =   6.53699316899292E-13  1.96627774102937E+00
 cg2d: Sum(rhs),rhsMax =   4.54747350886464E-13  1.96604544736946E+00
 cg2d: Sum(rhs),rhsMax =   6.39488462184090E-13  1.96581255145918E+00
 cg2d: Sum(rhs),rhsMax =   1.00897068477934E-12  1.96557905490431E+00
 cg2d: Sum(rhs),rhsMax =   6.53699316899292E-13  1.96534495930641E+00
 cg2d: Sum(rhs),rhsMax =   2.84217094304040E-13  1.96511026626221E+00
 cg2d: Sum(rhs),rhsMax =   5.96855898038484E-13  1.96487497736279E+00
 cg2d: Sum(rhs),rhsMax =   8.66862137627322E-13  1.96463909419305E+00
 cg2d: Sum(rhs),rhsMax =   1.15107923193136E-12  1.96440261833110E+00
 cg2d: Sum(rhs),rhsMax =   9.52127265918534E-13  1.96416555134775E+00
 cg2d: Sum(rhs),rhsMax =   2.55795384873636E-13  1.96392789480618E+00
 cg2d: Sum(rhs),rhsMax =   3.83693077310454E-13  1.96368965026149E+00
 cg2d: Sum(rhs),rhsMax =   3.83693077310454E-13  1.96345081926057E+00
 cg2d: Sum(rhs),rhsMax =   6.96331881044898E-13  1.96321140334176E+00
 cg2d: Sum(rhs),rhsMax =   5.11590769747272E-13  1.96297140403481E+00
 cg2d: Sum(rhs),rhsMax =   8.95283847057726E-13  1.96273082286086E+00
(PID.TID 0000.0001) whio : write lev 2 rec   4
 cg2d: Sum(rhs),rhsMax =   7.24753590475302E-13  1.96248966133242E+00
 cg2d: Sum(rhs),rhsMax =   1.08002495835535E-12  1.96224792095346E+00
 cg2d: Sum(rhs),rhsMax =   7.67386154620908E-13  1.96200560321962E+00
 cg2d: Sum(rhs),rhsMax =   1.00897068477934E-12  1.96176270961842E+00
 cg2d: Sum(rhs),rhsMax =   3.69482222595252E-13  1.96151924162961E+00
 cg2d: Sum(rhs),rhsMax =   1.13686837721616E-12  1.96127520072553E+00
 cg2d: Sum(rhs),rhsMax =   5.40012479177676E-13  1.96103058837147E+00
 cg2d: Sum(rhs),rhsMax =   5.25801624462474E-13  1.96078540602631E+00
 cg2d: Sum(rhs),rhsMax =   5.82645043323282E-13  1.96053965514300E+00
 cg2d: Sum(rhs),rhsMax =   3.41060513164848E-13  1.96029333716912E+00
 cg2d: Sum(rhs),rhsMax =   7.24753590475302E-13  1.96004645354762E+00
 cg2d: Sum(rhs),rhsMax =   7.10542735760100E-13  1.95979900571744E+00
 cg2d: Sum(rhs),rhsMax =   1.36424205265939E-12  1.95955099511424E+00
 cg2d: Sum(rhs),rhsMax =   8.52651282912120E-13  1.95930242317123E+00
 cg2d: Sum(rhs),rhsMax =   8.24229573481716E-13  1.95905329131984E+00
 cg2d: Sum(rhs),rhsMax =   6.53699316899292E-13  1.95880360099056E+00
 cg2d: Sum(rhs),rhsMax =   4.54747350886464E-13  1.95855335361380E+00
 cg2d: Sum(rhs),rhsMax =   3.69482222595252E-13  1.95830255062066E+00
 cg2d: Sum(rhs),rhsMax =   5.82645043323282E-13  1.95805119344379E+00
 cg2d: Sum(rhs),rhsMax =   7.10542735760100E-13  1.95779928351826E+00
 cg2d: Sum(rhs),rhsMax =   7.67386154620908E-13  1.95754682228241E+00
 cg2d: Sum(rhs),rhsMax =   3.41060513164848E-13  1.95729381117865E+00
 cg2d: Sum(rhs),rhsMax =   7.67386154620908E-13  1.95704025165433E+00
 cg2d: Sum(rhs),rhsMax =   4.40536496171262E-13  1.95678614516253E+00
 cg2d: Sum(rhs),rhsMax =   4.12114786740858E-13  1.95653149316289E+00
 cg2d: Sum(rhs),rhsMax =   6.25277607468888E-13  1.95627629712234E+00
 cg2d: Sum(rhs),rhsMax =   3.26849658449646E-13  1.95602055851583E+00
 cg2d: Sum(rhs),rhsMax =   3.26849658449646E-13  1.95576427882672E+00
 cg2d: Sum(rhs),rhsMax =   4.97379915032070E-13  1.95550745954742E+00
 cg2d: Sum(rhs),rhsMax =   4.40536496171262E-13  1.95525010218045E+00
 cg2d: Sum(rhs),rhsMax =   6.25277607468888E-13  1.95499220823937E+00
 cg2d: Sum(rhs),rhsMax =   9.09494701772928E-13  1.95473377924937E+00
 cg2d: Sum(rhs),rhsMax =   5.54223333892878E-13  1.95447481674723E+00
 cg2d: Sum(rhs),rhsMax =   7.38964445190504E-13  1.95421532228136E+00
 cg2d: Sum(rhs),rhsMax =   5.68434188608080E-13  1.95395529741213E+00
 cg2d: Sum(rhs),rhsMax =   1.20792265079217E-12  1.95369474371237E+00
 cg2d: Sum(rhs),rhsMax =   6.67910171614494E-13  1.95343366276768E+00
 cg2d: Sum(rhs),rhsMax =   4.54747350886464E-13  1.95317205617682E+00
 cg2d: Sum(rhs),rhsMax =   5.54223333892878E-13  1.95290992555179E+00
 cg2d: Sum(rhs),rhsMax =   7.10542735760100E-13  1.95264727251788E+00
 cg2d: Sum(rhs),rhsMax =   5.25801624462474E-13  1.95238409871382E+00
 cg2d: Sum(rhs),rhsMax =   9.94759830064140E-14  1.95212040579161E+00
 cg2d: Sum(rhs),rhsMax =   6.11066752753686E-13  1.95185619541651E+00
 cg2d: Sum(rhs),rhsMax =   3.41060513164848E-13  1.95159146926691E+00
 cg2d: Sum(rhs),rhsMax =   7.67386154620908E-13  1.95132622903414E+00
 cg2d: Sum(rhs),rhsMax =   9.94759830064140E-14  1.95106047642222E+00
 cg2d: Sum(rhs),rhsMax =   3.97903932025656E-13  1.95079421314756E+00
 cg2d: Sum(rhs),rhsMax =   8.24229573481716E-13  1.95052744093867E+00
 cg2d: Sum(rhs),rhsMax =   8.38440428196918E-13  1.95026016153578E+00
 cg2d: Sum(rhs),rhsMax =   6.25277607468888E-13  1.94999237669033E+00
 cg2d: Sum(rhs),rhsMax =   4.12114786740858E-13  1.94972408816461E+00
 cg2d: Sum(rhs),rhsMax =   6.25277607468888E-13  1.94945529773121E+00
 cg2d: Sum(rhs),rhsMax =   8.66862137627322E-13  1.94918600717248E+00
 cg2d: Sum(rhs),rhsMax =   7.38964445190504E-13  1.94891621827997E+00
 cg2d: Sum(rhs),rhsMax =   6.96331881044898E-13  1.94864593285385E+00
 cg2d: Sum(rhs),rhsMax =   4.83169060316868E-13  1.94837515270227E+00
 cg2d: Sum(rhs),rhsMax =   7.24753590475302E-13  1.94810387964077E+00
 cg2d: Sum(rhs),rhsMax =   6.53699316899292E-13  1.94783211549159E+00
 cg2d: Sum(rhs),rhsMax =   3.97903932025656E-13  1.94755986208303E+00
 cg2d: Sum(rhs),rhsMax =   6.11066752753686E-13  1.94728712124878E+00
 cg2d: Sum(rhs),rhsMax =   1.09423581307055E-12  1.94701389482735E+00
 cg2d: Sum(rhs),rhsMax =   1.23634436022257E-12  1.94674018466117E+00
 cg2d: Sum(rhs),rhsMax =   8.24229573481716E-13  1.94646599259623E+00
 cg2d: Sum(rhs),rhsMax =   5.68434188608080E-13  1.94619132048125E+00
 cg2d: Sum(rhs),rhsMax =   7.67386154620908E-13  1.94591617016705E+00
 cg2d: Sum(rhs),rhsMax =   4.97379915032070E-13  1.94564054350604E+00
 cg2d: Sum(rhs),rhsMax =   6.96331881044898E-13  1.94536444235150E+00
 cg2d: Sum(rhs),rhsMax =   1.10844666778576E-12  1.94508786855703E+00
 cg2d: Sum(rhs),rhsMax =   3.83693077310454E-13  1.94481082397608E+00
 cg2d: Sum(rhs),rhsMax =   1.42108547152020E-14  1.94453331046125E+00
 cg2d: Sum(rhs),rhsMax =   7.24753590475302E-13  1.94425532986402E+00
 cg2d: Sum(rhs),rhsMax =   6.96331881044898E-13  1.94397688403403E+00
(PID.TID 0000.0001) whio : write lev 2 rec   5
 cg2d: Sum(rhs),rhsMax =   9.09494701772928E-13  1.94369797481884E+00
 cg2d: Sum(rhs),rhsMax =   5.82645043323282E-13  1.94341860406343E+00
 cg2d: Sum(rhs),rhsMax =   7.95807864051312E-13  1.94313877360991E+00
 cg2d: Sum(rhs),rhsMax =   7.53175299905706E-13  1.94285848529712E+00
 cg2d: Sum(rhs),rhsMax =   6.53699316899292E-13  1.94257774096040E+00
 cg2d: Sum(rhs),rhsMax =   7.38964445190504E-13  1.94229654243137E+00
 cg2d: Sum(rhs),rhsMax =   8.81072992342524E-13  1.94201489153768E+00
 cg2d: Sum(rhs),rhsMax =   7.24753590475302E-13  1.94173279010287E+00
 cg2d: Sum(rhs),rhsMax =   6.67910171614494E-13  1.94145023994629E+00
 cg2d: Sum(rhs),rhsMax =   8.81072992342524E-13  1.94116724288296E+00
 cg2d: Sum(rhs),rhsMax =   1.42108547152020E-14  1.94088380072361E+00
 cg2d: Sum(rhs),rhsMax =   8.95283847057726E-13  1.94059991527469E+00
 cg2d: Sum(rhs),rhsMax =   7.10542735760100E-13  1.94031558833834E+00
 cg2d: Sum(rhs),rhsMax =   4.97379915032070E-13  1.94003082171255E+00
 cg2d: Sum(rhs),rhsMax =   6.11066752753686E-13  1.93974561719131E+00
 cg2d: Sum(rhs),rhsMax =   5.96855898038484E-13  1.93945997656475E+00
 cg2d: Sum(rhs),rhsMax =   6.53699316899292E-13  1.93917390161931E+00
 cg2d: Sum(rhs),rhsMax =   7.53175299905706E-13  1.93888739413803E+00
 cg2d: Sum(rhs),rhsMax =   8.10018718766514E-13  1.93860045590081E+00
 cg2d: Sum(rhs),rhsMax =   4.12114786740858E-13  1.93831308868469E+00
 cg2d: Sum(rhs),rhsMax =   6.96331881044898E-13  1.93802529426420E+00
 cg2d: Sum(rhs),rhsMax =   5.25801624462474E-13  1.93773707441167E+00
 cg2d: Sum(rhs),rhsMax =   3.55271367880050E-13  1.93744843089765E+00
 cg2d: Sum(rhs),rhsMax =   5.40012479177676E-13  1.93715936549131E+00
 cg2d: Sum(rhs),rhsMax =   9.66338120633736E-13  1.93686987996079E+00
 cg2d: Sum(rhs),rhsMax =   5.54223333892878E-13  1.93657997607369E+00
 cg2d: Sum(rhs),rhsMax =   1.02318153949454E-12  1.93628965559743E+00
 cg2d: Sum(rhs),rhsMax =   5.96855898038484E-13  1.93599892029981E+00
 cg2d: Sum(rhs),rhsMax =  -4.26325641456060E-14  1.93570777194933E+00
 cg2d: Sum(rhs),rhsMax =   3.83693077310454E-13  1.93541621231575E+00
 cg2d: Sum(rhs),rhsMax =   7.95807864051312E-13  1.93512424317045E+00
 cg2d: Sum(rhs),rhsMax =   2.84217094304040E-13  1.93483186628695E+00
 cg2d: Sum(rhs),rhsMax =   4.54747350886464E-13  1.93453908344132E+00
 cg2d: Sum(rhs),rhsMax =   6.25277607468888E-13  1.93424589641266E+00
 cg2d: Sum(rhs),rhsMax =   7.10542735760100E-13  1.93395230698345E+00
 cg2d: Sum(rhs),rhsMax =   9.37916411203332E-13  1.93365831694005E+00
 cg2d: Sum(rhs),rhsMax =   1.05160324892495E-12  1.93336392807306E+00
 cg2d: Sum(rhs),rhsMax =   9.80548975348938E-13  1.93306914217767E+00
 cg2d: Sum(rhs),rhsMax =   7.38964445190504E-13  1.93277396105408E+00
 cg2d: Sum(rhs),rhsMax =   4.68958205601666E-13  1.93247838650781E+00
 cg2d: Sum(rhs),rhsMax =   7.95807864051312E-13  1.93218242035007E+00
 cg2d: Sum(rhs),rhsMax =   2.13162820728030E-13  1.93188606439799E+00
 cg2d: Sum(rhs),rhsMax =   7.24753590475302E-13  1.93158932047489E+00
 cg2d: Sum(rhs),rhsMax =   8.10018718766514E-13  1.93129219041061E+00
 cg2d: Sum(rhs),rhsMax =   1.10844666778576E-12  1.93099467604166E+00
 cg2d: Sum(rhs),rhsMax =   9.52127265918534E-13  1.93069677921139E+00
 cg2d: Sum(rhs),rhsMax =   3.83693077310454E-13  1.93039850177019E+00
 cg2d: Sum(rhs),rhsMax =   1.02318153949454E-12  1.93009984557559E+00
 cg2d: Sum(rhs),rhsMax =   5.82645043323282E-13  1.92980081249243E+00
 cg2d: Sum(rhs),rhsMax =   8.95283847057726E-13  1.92950140439279E+00
 cg2d: Sum(rhs),rhsMax =   7.10542735760100E-13  1.92920162315618E+00
 cg2d: Sum(rhs),rhsMax =   3.97903932025656E-13  1.92890147066939E+00
 cg2d: Sum(rhs),rhsMax =   7.67386154620908E-13  1.92860094882665E+00
 cg2d: Sum(rhs),rhsMax =   7.10542735760100E-13  1.92830005952937E+00
 cg2d: Sum(rhs),rhsMax =   1.56319401867222E-13  1.92799880468621E+00
 cg2d: Sum(rhs),rhsMax =   4.68958205601666E-13  1.92769718621293E+00
 cg2d: Sum(rhs),rhsMax =   7.38964445190504E-13  1.92739520603222E+00
 cg2d: Sum(rhs),rhsMax =   3.26849658449646E-13  1.92709286607353E+00
 cg2d: Sum(rhs),rhsMax =   5.96855898038484E-13  1.92687610072743E+00
 cg2d: Sum(rhs),rhsMax =   4.40536496171262E-13  1.92700113295450E+00
 cg2d: Sum(rhs),rhsMax =   8.38440428196918E-13  1.92712564430495E+00
 cg2d: Sum(rhs),rhsMax =   9.09494701772928E-13  1.92724963435591E+00
 cg2d: Sum(rhs),rhsMax =   7.24753590475302E-13  1.92737310268716E+00
 cg2d: Sum(rhs),rhsMax =   5.11590769747272E-13  1.92749604888053E+00
 cg2d: Sum(rhs),rhsMax =   8.81072992342524E-13  1.92761847251958E+00
 cg2d: Sum(rhs),rhsMax =   4.26325641456060E-13  1.92774037318898E+00
 cg2d: Sum(rhs),rhsMax =   4.83169060316868E-13  1.92786175047422E+00
 cg2d: Sum(rhs),rhsMax =   5.82645043323282E-13  1.92798260396111E+00
 cg2d: Sum(rhs),rhsMax =   4.40536496171262E-13  1.92810293323547E+00
 cg2d: Sum(rhs),rhsMax =   7.53175299905706E-13  1.92822273788274E+00
 cg2d: Sum(rhs),rhsMax =   2.98427949019242E-13  1.92834201748786E+00
 cg2d: Sum(rhs),rhsMax =   9.09494701772928E-13  1.92846077163464E+00
(PID.TID 0000.0001) whio : write lev 2 rec   6
 cg2d: Sum(rhs),rhsMax =   1.12265752250096E-12  1.92857899990590E+00
 cg2d: Sum(rhs),rhsMax =   1.30739863379858E-12  1.92869670188308E+00
 cg2d: Sum(rhs),rhsMax =   3.12638803734444E-13  1.92881387714620E+00
 cg2d: Sum(rhs),rhsMax =  -5.68434188608080E-14  1.92893052527365E+00
 cg2d: Sum(rhs),rhsMax =   1.02318153949454E-12  1.92904664584226E+00
 cg2d: Sum(rhs),rhsMax =   9.09494701772928E-13  1.92916223842715E+00
 cg2d: Sum(rhs),rhsMax =   6.25277607468888E-13  1.92927730260189E+00
 cg2d: Sum(rhs),rhsMax =   3.97903932025656E-13  1.92939183793842E+00
 cg2d: Sum(rhs),rhsMax =   2.27373675443232E-13  1.92950584400732E+00
 cg2d: Sum(rhs),rhsMax =   6.96331881044898E-13  1.92961932037779E+00
 cg2d: Sum(rhs),rhsMax =   6.82121026329696E-13  1.92973226661784E+00
 cg2d: Sum(rhs),rhsMax =   6.67910171614494E-13  1.92984468229466E+00
 cg2d: Sum(rhs),rhsMax =   1.98951966012828E-13  1.92995656697502E+00
 cg2d: Sum(rhs),rhsMax =   9.80548975348938E-13  1.93006792022564E+00
 cg2d: Sum(rhs),rhsMax =   9.23705556488130E-13  1.93017874161338E+00
 cg2d: Sum(rhs),rhsMax =   7.24753590475302E-13  1.93028903070541E+00
 cg2d: Sum(rhs),rhsMax =   9.23705556488130E-13  1.93039878706967E+00
 cg2d: Sum(rhs),rhsMax =   4.40536496171262E-13  1.93050801027531E+00
 cg2d: Sum(rhs),rhsMax =   6.39488462184090E-13  1.93061669989318E+00
 cg2d: Sum(rhs),rhsMax =   3.41060513164848E-13  1.93072485549639E+00
 cg2d: Sum(rhs),rhsMax =   1.08002495835535E-12  1.93083247666079E+00
 cg2d: Sum(rhs),rhsMax =   8.10018718766514E-13  1.93093956296559E+00
 cg2d: Sum(rhs),rhsMax =   2.84217094304040E-13  1.93104611399374E+00
 cg2d: Sum(rhs),rhsMax =   5.54223333892878E-13  1.93115212933257E+00
 cg2d: Sum(rhs),rhsMax =   5.54223333892878E-13  1.93125760857431E+00
 cg2d: Sum(rhs),rhsMax =   3.83693077310454E-13  1.93136255131335E+00
 cg2d: Sum(rhs),rhsMax =   6.39488462184090E-13  1.93146695714962E+00
 cg2d: Sum(rhs),rhsMax =   3.69482222595252E-13  1.93157082569487E+00
 cg2d: Sum(rhs),rhsMax =   7.67386154620908E-13  1.93167415657220E+00
 cg2d: Sum(rhs),rhsMax =   7.10542735760100E-13  1.93177694941151E+00
 cg2d: Sum(rhs),rhsMax =   3.83693077310454E-13  1.93187920384710E+00
 cg2d: Sum(rhs),rhsMax =   5.11590769747272E-13  1.93198091951891E+00
 cg2d: Sum(rhs),rhsMax =   6.25277607468888E-13  1.93208209607499E+00
 cg2d: Sum(rhs),rhsMax =   8.52651282912120E-13  1.93218273317348E+00
 cg2d: Sum(rhs),rhsMax =   6.67910171614494E-13  1.93228283048342E+00
 cg2d: Sum(rhs),rhsMax =   8.24229573481716E-13  1.93238238768493E+00
 cg2d: Sum(rhs),rhsMax =   3.97903932025656E-13  1.93248140446939E+00
 cg2d: Sum(rhs),rhsMax =   7.67386154620908E-13  1.93257988053936E+00
 cg2d: Sum(rhs),rhsMax =   4.83169060316868E-13  1.93267781560891E+00
 cg2d: Sum(rhs),rhsMax =   7.95807864051312E-13  1.93277520940368E+00
 cg2d: Sum(rhs),rhsMax =   4.26325641456060E-13  1.93287206166122E+00
 cg2d: Sum(rhs),rhsMax =   2.84217094304040E-13  1.93296837213107E+00
 cg2d: Sum(rhs),rhsMax =   6.96331881044898E-13  1.93306414057507E+00
 cg2d: Sum(rhs),rhsMax =   7.95807864051312E-13  1.93315936676738E+00
 cg2d: Sum(rhs),rhsMax =   6.39488462184090E-13  1.93325405049457E+00
 cg2d: Sum(rhs),rhsMax =   6.53699316899292E-13  1.93334819155571E+00
 cg2d: Sum(rhs),rhsMax =   8.66862137627322E-13  1.93344178976227E+00
 cg2d: Sum(rhs),rhsMax =   6.39488462184090E-13  1.93353484493810E+00
 cg2d: Sum(rhs),rhsMax =   7.53175299905706E-13  1.93362735691927E+00
 cg2d: Sum(rhs),rhsMax =   8.95283847057726E-13  1.93371932555399E+00
 cg2d: Sum(rhs),rhsMax =   6.67910171614494E-13  1.93381075070232E+00
 cg2d: Sum(rhs),rhsMax =   7.67386154620908E-13  1.93390163223594E+00
 cg2d: Sum(rhs),rhsMax =   1.27897692436818E-12  1.93399197003795E+00
 cg2d: Sum(rhs),rhsMax =   9.66338120633736E-13  1.93408176400248E+00
 cg2d: Sum(rhs),rhsMax =   8.95283847057726E-13  1.93417101403445E+00
 cg2d: Sum(rhs),rhsMax =   1.56319401867222E-13  1.93425972004916E+00
 cg2d: Sum(rhs),rhsMax =   5.96855898038484E-13  1.93434788197188E+00
 cg2d: Sum(rhs),rhsMax =   2.98427949019242E-13  1.93443549973748E+00
 cg2d: Sum(rhs),rhsMax =   5.68434188608080E-13  1.93452257328998E+00
 cg2d: Sum(rhs),rhsMax =   7.81597009336110E-13  1.93460910258195E+00
 cg2d: Sum(rhs),rhsMax =   7.38964445190504E-13  1.93469508757425E+00
 cg2d: Sum(rhs),rhsMax =   9.80548975348938E-13  1.93478052823526E+00
 cg2d: Sum(rhs),rhsMax =   9.94759830064140E-13  1.93486542454047E+00
 cg2d: Sum(rhs),rhsMax =   1.12265752250096E-12  1.93494977647197E+00
 cg2d: Sum(rhs),rhsMax =   5.96855898038484E-13  1.93503358401781E+00
 cg2d: Sum(rhs),rhsMax =   6.25277607468888E-13  1.93511684717146E+00
 cg2d: Sum(rhs),rhsMax =   9.52127265918534E-13  1.93519956593132E+00
 cg2d: Sum(rhs),rhsMax =   5.82645043323282E-13  1.93528174030007E+00
 cg2d: Sum(rhs),rhsMax =   0.00000000000000E+00  1.93536337028419E+00
 cg2d: Sum(rhs),rhsMax =   8.38440428196918E-13  1.93544445589338E+00
 cg2d: Sum(rhs),rhsMax =   6.25277607468888E-13  1.93552499703348E+00
 cg2d: Sum(rhs),rhsMax =   3.83693077310454E-13  1.93560499385334E+00
(PID.TID 0000.0001) whio : write lev 2 rec   7
 cg2d: Sum(rhs),rhsMax =   4.54747350886464E-13  1.93568444643793E+00
 cg2d: Sum(rhs),rhsMax =   9.23705556488130E-13  1.93576335482255E+00
 cg2d: Sum(rhs),rhsMax =   7.67386154620908E-13  1.93584171904080E+00
 cg2d: Sum(rhs),rhsMax =   4.12114786740858E-13  1.93591953913990E+00
 cg2d: Sum(rhs),rhsMax =   4.68958205601666E-13  1.93599681517829E+00
 cg2d: Sum(rhs),rhsMax =   4.12114786740858E-13  1.93607354722011E+00
 cg2d: Sum(rhs),rhsMax =   5.25801624462474E-13  1.93614973533185E+00
 cg2d: Sum(rhs),rhsMax =   6.25277607468888E-13  1.93622537958142E+00
 cg2d: Sum(rhs),rhsMax =   6.67910171614494E-13  1.93630048003734E+00
 cg2d: Sum(rhs),rhsMax =   7.81597009336110E-13  1.93637503676829E+00
 cg2d: Sum(rhs),rhsMax =   1.22213350550737E-12  1.93644904984247E+00
 cg2d: Sum(rhs),rhsMax =   7.10542735760100E-13  1.93652251084128E+00
 cg2d: Sum(rhs),rhsMax =   8.38440428196918E-13  1.93659543271530E+00
 cg2d: Sum(rhs),rhsMax =   7.95807864051312E-13  1.93666781680667E+00
 cg2d: Sum(rhs),rhsMax =   2.27373675443232E-13  1.93673966115095E+00
 cg2d: Sum(rhs),rhsMax =   9.09494701772928E-13  1.93681096496432E+00
 cg2d: Sum(rhs),rhsMax =   8.24229573481716E-13  1.93688172875568E+00
 cg2d: Sum(rhs),rhsMax =   7.10542735760100E-13  1.93695195356343E+00
 cg2d: Sum(rhs),rhsMax =   4.26325641456060E-13  1.93702164043114E+00
 cg2d: Sum(rhs),rhsMax =   5.68434188608080E-13  1.93709079027513E+00
 cg2d: Sum(rhs),rhsMax =   7.95807864051312E-13  1.93715940391678E+00
 cg2d: Sum(rhs),rhsMax =   3.26849658449646E-13  1.93722748211796E+00
 cg2d: Sum(rhs),rhsMax =   4.68958205601666E-13  1.93729502559123E+00
 cg2d: Sum(rhs),rhsMax =   5.68434188608080E-13  1.93736203499913E+00
 cg2d: Sum(rhs),rhsMax =   5.82645043323282E-13  1.93742851095181E+00
 cg2d: Sum(rhs),rhsMax =   6.11066752753686E-13  1.93749445400491E+00
 cg2d: Sum(rhs),rhsMax =   5.82645043323282E-13  1.93755986465778E+00
 cg2d: Sum(rhs),rhsMax =   1.02318153949454E-12  1.93762474335235E+00
 cg2d: Sum(rhs),rhsMax =   8.10018718766514E-13  1.93768909047244E+00
 cg2d: Sum(rhs),rhsMax =   3.97903932025656E-13  1.93775290634385E+00
 cg2d: Sum(rhs),rhsMax =   7.38964445190504E-13  1.93781619123509E+00
 cg2d: Sum(rhs),rhsMax =   8.66862137627322E-13  1.93787894535841E+00
 cg2d: Sum(rhs),rhsMax =   5.96855898038484E-13  1.93794116887126E+00
 cg2d: Sum(rhs),rhsMax =   9.23705556488130E-13  1.93800286187763E+00
 cg2d: Sum(rhs),rhsMax =   6.53699316899292E-13  1.93806402442953E+00
 cg2d: Sum(rhs),rhsMax =   5.11590769747272E-13  1.93812465652821E+00
 cg2d: Sum(rhs),rhsMax =   7.38964445190504E-13  1.93818475812572E+00
 cg2d: Sum(rhs),rhsMax =   3.26849658449646E-13  1.93824432912662E+00
 cg2d: Sum(rhs),rhsMax =   5.54223333892878E-13  1.93830336939038E+00
 cg2d: Sum(rhs),rhsMax =   5.96855898038484E-13  1.93836116298171E+00
 cg2d: Sum(rhs),rhsMax =   6.67910171614494E-13  1.93841858617185E+00
 cg2d: Sum(rhs),rhsMax =   3.26849658449646E-13  1.93847548238650E+00
 cg2d: Sum(rhs),rhsMax =   4.68958205601666E-13  1.93853178913936E+00
 cg2d: Sum(rhs),rhsMax =   6.39488462184090E-13  1.93858751002915E+00
 cg2d: Sum(rhs),rhsMax =   9.66338120633736E-13  1.93864263962979E+00
 cg2d: Sum(rhs),rhsMax =   1.08002495835535E-12  1.93869716680955E+00
 cg2d: Sum(rhs),rhsMax =   8.66862137627322E-13  1.93875108089981E+00
 cg2d: Sum(rhs),rhsMax =   7.38964445190504E-13  1.93880437202617E+00
 cg2d: Sum(rhs),rhsMax =   2.84217094304040E-13  1.93885703078106E+00
 cg2d: Sum(rhs),rhsMax =   8.24229573481716E-13  1.93890904828486E+00
 cg2d: Sum(rhs),rhsMax =   2.70006239588838E-13  1.93896041633172E+00
 cg2d: Sum(rhs),rhsMax =   2.55795384873636E-13  1.93901112748906E+00
 cg2d: Sum(rhs),rhsMax =   7.38964445190504E-13  1.93906117516033E+00
 cg2d: Sum(rhs),rhsMax =   8.66862137627322E-13  1.93911055363119E+00
 cg2d: Sum(rhs),rhsMax =   8.38440428196918E-13  1.93915925810657E+00
 cg2d: Sum(rhs),rhsMax =   1.10844666778576E-12  1.93920728473974E+00
 cg2d: Sum(rhs),rhsMax =   2.84217094304040E-13  1.93925463065388E+00
 cg2d: Sum(rhs),rhsMax =   8.81072992342524E-13  1.93930129395609E+00
 cg2d: Sum(rhs),rhsMax =   8.10018718766514E-13  1.93934727374390E+00
 cg2d: Sum(rhs),rhsMax =   1.98951966012828E-13  1.93939257010398E+00
 cg2d: Sum(rhs),rhsMax =   1.06581410364015E-12  1.93943718410320E+00
 cg2d: Sum(rhs),rhsMax =   1.20792265079217E-12  1.93948111777149E+00
 cg2d: Sum(rhs),rhsMax =   5.82645043323282E-13  1.93952437407735E+00
 cg2d: Sum(rhs),rhsMax =   1.27897692436818E-13  1.93956695689568E+00
 cg2d: Sum(rhs),rhsMax =   9.52127265918534E-13  1.93960887096907E+00
 cg2d: Sum(rhs),rhsMax =   5.82645043323282E-13  1.93965012186296E+00
 cg2d: Sum(rhs),rhsMax =   1.10844666778576E-12  1.93969071591548E+00
 cg2d: Sum(rhs),rhsMax =   9.80548975348938E-13  1.93973066018250E+00
 cg2d: Sum(rhs),rhsMax =   4.40536496171262E-13  1.93976996237832E+00
 cg2d: Sum(rhs),rhsMax =   4.83169060316868E-13  1.93980863081241E+00
 cg2d: Sum(rhs),rhsMax =   9.09494701772928E-13  1.93984667432235E+00
 cg2d: Sum(rhs),rhsMax =   6.67910171614494E-13  1.93988410220343E+00
(PID.TID 0000.0001) whio : write lev 2 rec   8
 cg2d: Sum(rhs),rhsMax =   2.84217094304040E-13  1.93992092413502E+00
 cg2d: Sum(rhs),rhsMax =   4.26325641456060E-13  1.93995715010443E+00
 cg2d: Sum(rhs),rhsMax =   9.23705556488130E-13  1.93999279032857E+00
 cg2d: Sum(rhs),rhsMax =   3.55271367880050E-13  1.94002785517417E+00
 cg2d: Sum(rhs),rhsMax =   3.55271367880050E-13  1.94006235507740E+00
 cg2d: Sum(rhs),rhsMax =   9.80548975348938E-13  1.94009630046311E+00
 cg2d: Sum(rhs),rhsMax =   6.39488462184090E-13  1.94012970166498E+00
 cg2d: Sum(rhs),rhsMax =   5.40012479177676E-13  1.94016256884671E+00
 cg2d: Sum(rhs),rhsMax =   2.55795384873636E-13  1.94019491192529E+00
 cg2d: Sum(rhs),rhsMax =   2.55795384873636E-13  1.94022674049651E+00
 cg2d: Sum(rhs),rhsMax =   9.52127265918534E-13  1.94025806376369E+00
 cg2d: Sum(rhs),rhsMax =   5.68434188608080E-13  1.94028889046982E+00
 cg2d: Sum(rhs),rhsMax =   5.82645043323282E-13  1.94031922883379E+00
 cg2d: Sum(rhs),rhsMax =   4.40536496171262E-13  1.94034908649114E+00
 cg2d: Sum(rhs),rhsMax =   4.83169060316868E-13  1.94037847043970E+00
 cg2d: Sum(rhs),rhsMax =   7.10542735760100E-14  1.94040738699049E+00
 cg2d: Sum(rhs),rhsMax =   8.24229573481716E-13  1.94043584172445E+00
 cg2d: Sum(rhs),rhsMax =   8.52651282912120E-13  1.94046383945504E+00
 cg2d: Sum(rhs),rhsMax =   4.97379915032070E-13  1.94049138419688E+00
 cg2d: Sum(rhs),rhsMax =   8.10018718766514E-13  1.94051847914120E+00
 cg2d: Sum(rhs),rhsMax =   8.38440428196918E-13  1.94054512663751E+00
 cg2d: Sum(rhs),rhsMax =   8.95283847057726E-13  1.94057132818200E+00
 cg2d: Sum(rhs),rhsMax =   6.39488462184090E-13  1.94059708441289E+00
 cg2d: Sum(rhs),rhsMax =   6.67910171614494E-13  1.94062239511220E+00
 cg2d: Sum(rhs),rhsMax =   6.53699316899292E-13  1.94064725921437E+00
 cg2d: Sum(rhs),rhsMax =   7.95807864051312E-13  1.94067167482145E+00
 cg2d: Sum(rhs),rhsMax =   4.26325641456060E-13  1.94069563922471E+00
 cg2d: Sum(rhs),rhsMax =   9.09494701772928E-13  1.94071914893251E+00
 cg2d: Sum(rhs),rhsMax =   8.24229573481716E-13  1.94074219970416E+00
 cg2d: Sum(rhs),rhsMax =   1.23634436022257E-12  1.94076478658954E+00
 cg2d: Sum(rhs),rhsMax =   6.96331881044898E-13  1.94078690397417E+00
 cg2d: Sum(rhs),rhsMax =   2.55795384873636E-13  1.94080854562908E+00
 cg2d: Sum(rhs),rhsMax =   5.54223333892878E-13  1.94082970476562E+00
 cg2d: Sum(rhs),rhsMax =   6.39488462184090E-13  1.94085037409407E+00
 cg2d: Sum(rhs),rhsMax =   5.96855898038484E-13  1.94087054588622E+00
 cg2d: Sum(rhs),rhsMax =   5.96855898038484E-13  1.94089021204094E+00
 cg2d: Sum(rhs),rhsMax =   2.41584530158434E-13  1.94090936415249E+00
 cg2d: Sum(rhs),rhsMax =   8.66862137627322E-13  1.94092799358086E+00
 cg2d: Sum(rhs),rhsMax =   6.67910171614494E-13  1.94094609152381E+00
 cg2d: Sum(rhs),rhsMax =   3.83693077310454E-13  1.94096364908981E+00
 cg2d: Sum(rhs),rhsMax =   7.67386154620908E-13  1.94098065737159E+00
 cg2d: Sum(rhs),rhsMax =   1.22213350550737E-12  1.94099710751947E+00
 cg2d: Sum(rhs),rhsMax =   9.09494701772928E-13  1.94101299081429E+00
 cg2d: Sum(rhs),rhsMax =   4.26325641456060E-13  1.94102829873900E+00
 cg2d: Sum(rhs),rhsMax =   1.42108547152020E-13  1.94104302304881E+00
 cg2d: Sum(rhs),rhsMax =   3.26849658449646E-13  1.94105715583890E+00
 cg2d: Sum(rhs),rhsMax =   3.97903932025656E-13  1.94107068960973E+00
 cg2d: Sum(rhs),rhsMax =  -1.70530256582424E-13  1.94108361732906E+00
 cg2d: Sum(rhs),rhsMax =   6.11066752753686E-13  1.94109593249035E+00
 cg2d: Sum(rhs),rhsMax =   3.69482222595252E-13  1.94110762916709E+00
 cg2d: Sum(rhs),rhsMax =   5.68434188608080E-13  1.94111870206282E+00
 cg2d: Sum(rhs),rhsMax =   6.25277607468888E-13  1.94112914655612E+00
 cg2d: Sum(rhs),rhsMax =   4.40536496171262E-13  1.94113895874055E+00
 cg2d: Sum(rhs),rhsMax =   8.24229573481716E-13  1.94114813545911E+00
 cg2d: Sum(rhs),rhsMax =   5.11590769747272E-13  1.94115667433301E+00
 cg2d: Sum(rhs),rhsMax =   7.67386154620908E-13  1.94116457378441E+00
 cg2d: Sum(rhs),rhsMax =   8.24229573481716E-13  1.94117183305327E+00
 cg2d: Sum(rhs),rhsMax =   2.55795384873636E-13  1.94117845220793E+00
 cg2d: Sum(rhs),rhsMax =   3.83693077310454E-13  1.94118443214945E+00
 cg2d: Sum(rhs),rhsMax =   1.22213350550737E-12  1.94118977460976E+00
 cg2d: Sum(rhs),rhsMax =   3.55271367880050E-13  1.94119448214358E+00
 cg2d: Sum(rhs),rhsMax =   5.25801624462474E-13  1.94119855811438E+00
 cg2d: Sum(rhs),rhsMax =   5.96855898038484E-13  1.94120200667414E+00
 cg2d: Sum(rhs),rhsMax =   8.95283847057726E-13  1.94120483273754E+00
 cg2d: Sum(rhs),rhsMax =   5.68434188608080E-13  1.94120704195050E+00
 cg2d: Sum(rhs),rhsMax =   7.10542735760100E-13  1.94120864065340E+00
 cg2d: Sum(rhs),rhsMax =   7.67386154620908E-13  1.94120963583930E+00
 cg2d: Sum(rhs),rhsMax =   1.98951966012828E-13  1.94121003510755E+00
 cg2d: Sum(rhs),rhsMax =   6.67910171614494E-13  1.94120984661294E+00
 cg2d: Sum(rhs),rhsMax =   1.22213350550737E-12  1.94120907901104E+00
 cg2d: Sum(rhs),rhsMax =   2.84217094304040E-13  1.94120774140009E+00
 cg2d: Sum(rhs),rhsMax =   1.25055521493778E-12  1.94120584325955E+00
(PID.TID 0000.0001) whio : write lev 2 rec   9
 cg2d: Sum(rhs),rhsMax =   6.39488462184090E-13  1.94120339438638E+00
 cg2d: Sum(rhs),rhsMax =   5.68434188608080E-13  1.94120040482903E+00
 cg2d: Sum(rhs),rhsMax =   6.25277607468888E-13  1.94119688481977E+00
 cg2d: Sum(rhs),rhsMax =   1.03739239420975E-12  1.94119284470602E+00
 cg2d: Sum(rhs),rhsMax =   6.39488462184090E-13  1.94118829488098E+00
 cg2d: Sum(rhs),rhsMax =   2.27373675443232E-13  1.94118324571417E+00
 cg2d: Sum(rhs),rhsMax =   1.27897692436818E-13  1.94117770748247E+00
 cg2d: Sum(rhs),rhsMax =   5.54223333892878E-13  1.94117169030199E+00
 cg2d: Sum(rhs),rhsMax =   9.66338120633736E-13  1.94116520406141E+00
 cg2d: Sum(rhs),rhsMax =   1.84741111297626E-13  1.94115825835724E+00
 cg2d: Sum(rhs),rhsMax =   0.00000000000000E+00  1.94115086243142E+00
 cg2d: Sum(rhs),rhsMax =   1.13686837721616E-13  1.94114302511180E+00
 cg2d: Sum(rhs),rhsMax =   5.40012479177676E-13  1.94113475475575E+00
 cg2d: Sum(rhs),rhsMax =   3.26849658449646E-13  1.94112605919766E+00
 cg2d: Sum(rhs),rhsMax =   7.38964445190504E-13  1.94111694570012E+00
 cg2d: Sum(rhs),rhsMax =   2.55795384873636E-13  1.94110742090981E+00
 cg2d: Sum(rhs),rhsMax =   4.40536496171262E-13  1.94109749081763E+00
 cg2d: Sum(rhs),rhsMax =   4.26325641456060E-13  1.94108716072423E+00
 cg2d: Sum(rhs),rhsMax =   7.67386154620908E-13  1.94107643521020E+00
 cg2d: Sum(rhs),rhsMax =   3.97903932025656E-13  1.94106531811194E+00
 cg2d: Sum(rhs),rhsMax =   5.68434188608080E-14  1.94105381250283E+00
 cg2d: Sum(rhs),rhsMax =   9.23705556488130E-13  1.94104192067999E+00
 cg2d: Sum(rhs),rhsMax =   3.41060513164848E-13  1.94102964415676E+00
 cg2d: Sum(rhs),rhsMax =   9.23705556488130E-13  1.94101698366077E+00
 cg2d: Sum(rhs),rhsMax =   6.39488462184090E-13  1.94100393913766E+00
 cg2d: Sum(rhs),rhsMax =   5.68434188608080E-13  1.94099050976039E+00
 cg2d: Sum(rhs),rhsMax =   8.10018718766514E-13  1.94097669394410E+00
 cg2d: Sum(rhs),rhsMax =   3.26849658449646E-13  1.94096248936612E+00
 cg2d: Sum(rhs),rhsMax =   6.96331881044898E-13  1.94094789299137E+00
 cg2d: Sum(rhs),rhsMax =   4.26325641456060E-13  1.94093290110250E+00
 cg2d: Sum(rhs),rhsMax =   5.54223333892878E-13  1.94091750933489E+00
 cg2d: Sum(rhs),rhsMax =   5.96855898038484E-13  1.94090171271587E+00
 cg2d: Sum(rhs),rhsMax =   9.09494701772928E-13  1.94088550570824E+00
 cg2d: Sum(rhs),rhsMax =   7.10542735760100E-13  1.94086888225735E+00
 cg2d: Sum(rhs),rhsMax =   5.96855898038484E-13  1.94085183584171E+00
 cg2d: Sum(rhs),rhsMax =   8.66862137627322E-13  1.94083435952650E+00
 cg2d: Sum(rhs),rhsMax =   6.82121026329696E-13  1.94081644601970E+00
 cg2d: Sum(rhs),rhsMax =   6.82121026329696E-13  1.94079808773037E+00
 cg2d: Sum(rhs),rhsMax =   1.70530256582424E-13  1.94077927682870E+00
 cg2d: Sum(rhs),rhsMax =   1.84741111297626E-13  1.94076000530721E+00
 cg2d: Sum(rhs),rhsMax =   7.81597009336110E-13  1.94074026504293E+00
 cg2d: Sum(rhs),rhsMax =   1.03739239420975E-12  1.94072004785987E+00
 cg2d: Sum(rhs),rhsMax =   5.54223333892878E-13  1.94069934559134E+00
 cg2d: Sum(rhs),rhsMax =   6.82121026329696E-13  1.94067815014182E+00
 cg2d: Sum(rhs),rhsMax =   1.13686837721616E-13  1.94065645354785E+00
 cg2d: Sum(rhs),rhsMax =   4.83169060316868E-13  1.94063424803737E+00
 cg2d: Sum(rhs),rhsMax =   5.82645043323282E-13  1.94061152608741E+00
 cg2d: Sum(rhs),rhsMax =   4.12114786740858E-13  1.94058828047938E+00
 cg2d: Sum(rhs),rhsMax =   2.84217094304040E-13  1.94056450435178E+00
 cg2d: Sum(rhs),rhsMax =   1.10844666778576E-12  1.94054019124994E+00
 cg2d: Sum(rhs),rhsMax =   7.95807864051312E-13  1.94051533517248E+00
 cg2d: Sum(rhs),rhsMax =   3.83693077310454E-13  1.94048993061399E+00
 cg2d: Sum(rhs),rhsMax =   8.66862137627322E-13  1.94046397260394E+00
 cg2d: Sum(rhs),rhsMax =   7.38964445190504E-13  1.94043745674127E+00
 cg2d: Sum(rhs),rhsMax =   1.09423581307055E-12  1.94041037922478E+00
 cg2d: Sum(rhs),rhsMax =   3.55271367880050E-13  1.94038273687867E+00
 cg2d: Sum(rhs),rhsMax =   1.35003119794419E-12  1.94035452717367E+00
 cg2d: Sum(rhs),rhsMax =   5.82645043323282E-13  1.94032574824316E+00
 cg2d: Sum(rhs),rhsMax =   1.06581410364015E-12  1.94029639889434E+00
 cg2d: Sum(rhs),rhsMax =   7.24753590475302E-13  1.94026647861455E+00
 cg2d: Sum(rhs),rhsMax =   4.40536496171262E-13  1.94023598757261E+00
 cg2d: Sum(rhs),rhsMax =   1.13686837721616E-12  1.94020492661519E+00
 cg2d: Sum(rhs),rhsMax =   7.10542735760100E-13  1.94017329725830E+00
 cg2d: Sum(rhs),rhsMax =   2.98427949019242E-13  1.94014110167422E+00
 cg2d: Sum(rhs),rhsMax =   7.38964445190504E-13  1.94010834267353E+00
 cg2d: Sum(rhs),rhsMax =   8.24229573481716E-13  1.94007502368297E+00
 cg2d: Sum(rhs),rhsMax =   8.38440428196918E-13  1.94004114871889E+00
 cg2d: Sum(rhs),rhsMax =   6.25277607468888E-13  1.94000672235680E+00
 cg2d: Sum(rhs),rhsMax =   4.54747350886464E-13  1.93997174969717E+00
 cg2d: Sum(rhs),rhsMax =   6.25277607468888E-13  1.93993623632766E+00
 cg2d: Sum(rhs),rhsMax =  -7.10542735760100E-14  1.93990018828245E+00
 cg2d: Sum(rhs),rhsMax =   9.23705556488130E-13  1.93986361199849E+00
(PID.TID 0000.0001) whio : write lev 2 rec  10
 cg2d: Sum(rhs),rhsMax =   1.00897068477934E-12  1.93982651426949E+00
 cg2d: Sum(rhs),rhsMax =   7.38964445190504E-13  1.93978890219771E+00
 cg2d: Sum(rhs),rhsMax =   6.82121026329696E-13  1.93975078314404E+00
 cg2d: Sum(rhs),rhsMax =   3.41060513164848E-13  1.93971216467670E+00
 cg2d: Sum(rhs),rhsMax =   7.10542735760100E-13  1.93967305451914E+00
 cg2d: Sum(rhs),rhsMax =   1.37845290737459E-12  1.93963346049720E+00
 cg2d: Sum(rhs),rhsMax =   7.53175299905706E-13  1.93959339048612E+00
 cg2d: Sum(rhs),rhsMax =   7.81597009336110E-13  1.93955285235793E+00
 cg2d: Sum(rhs),rhsMax =   4.12114786740858E-13  1.93951185392931E+00
 cg2d: Sum(rhs),rhsMax =   9.94759830064140E-13  1.93947040291042E+00
 cg2d: Sum(rhs),rhsMax =   8.10018718766514E-13  1.93942850685523E+00
 cg2d: Sum(rhs),rhsMax =   9.94759830064140E-13  1.93938617293887E+00
 cg2d: Sum(rhs),rhsMax =   4.83169060316868E-13  1.93934340815041E+00
 cg2d: Sum(rhs),rhsMax =   4.68958205601666E-13  1.93930021947994E+00
 cg2d: Sum(rhs),rhsMax =   7.81597009336110E-13  1.93925661367325E+00
 cg2d: Sum(rhs),rhsMax =   1.17950094136177E-12  1.93921259695431E+00
 cg2d: Sum(rhs),rhsMax =   5.96855898038484E-13  1.93916817495848E+00
 cg2d: Sum(rhs),rhsMax =   3.69482222595252E-13  1.93912335280045E+00
 cg2d: Sum(rhs),rhsMax =   5.11590769747272E-13  1.93907813514694E+00
 cg2d: Sum(rhs),rhsMax =   7.24753590475302E-13  1.93903252623230E+00
 cg2d: Sum(rhs),rhsMax =   9.80548975348938E-13  1.93898652982641E+00
 cg2d: Sum(rhs),rhsMax =   3.55271367880050E-13  1.93894014919155E+00
 cg2d: Sum(rhs),rhsMax =   6.39488462184090E-13  1.93889338705207E+00
 cg2d: Sum(rhs),rhsMax =   3.97903932025656E-13  1.93884624558013E+00
 cg2d: Sum(rhs),rhsMax =   6.11066752753686E-13  1.93879872639174E+00
 cg2d: Sum(rhs),rhsMax =   3.55271367880050E-13  1.93875083054868E+00
 cg2d: Sum(rhs),rhsMax =   7.24753590475302E-13  1.93870255856449E+00
 cg2d: Sum(rhs),rhsMax =   6.96331881044898E-13  1.93865391041391E+00
 cg2d: Sum(rhs),rhsMax =   7.10542735760100E-13  1.93860488554577E+00
 cg2d: Sum(rhs),rhsMax =   1.27897692436818E-12  1.93855548289934E+00
 cg2d: Sum(rhs),rhsMax =   6.53699316899292E-13  1.93850570092378E+00
 cg2d: Sum(rhs),rhsMax =   1.17950094136177E-12  1.93845553760088E+00
 cg2d: Sum(rhs),rhsMax =   4.26325641456060E-13  1.93840499047080E+00
 cg2d: Sum(rhs),rhsMax =   7.81597009336110E-13  1.93835405666091E+00
 cg2d: Sum(rhs),rhsMax =   5.68434188608080E-13  1.93830273291778E+00
 cg2d: Sum(rhs),rhsMax =   5.96855898038484E-13  1.93825101564168E+00
 cg2d: Sum(rhs),rhsMax =   9.52127265918534E-13  1.93819890092369E+00
 cg2d: Sum(rhs),rhsMax =   9.66338120633736E-13  1.93814638458490E+00
 cg2d: Sum(rhs),rhsMax =   2.98427949019242E-13  1.93809346221724E+00
 cg2d: Sum(rhs),rhsMax =   3.26849658449646E-13  1.93804012922544E+00
 cg2d: Sum(rhs),rhsMax =   1.00897068477934E-12  1.93798638086995E+00
 cg2d: Sum(rhs),rhsMax =   2.84217094304040E-13  1.93793221231030E+00
 cg2d: Sum(rhs),rhsMax =   3.12638803734444E-13  1.93787761864862E+00
 cg2d: Sum(rhs),rhsMax =   1.12265752250096E-12  1.93782259497296E+00
 cg2d: Sum(rhs),rhsMax =   5.82645043323282E-13  1.93776713640029E+00
 cg2d: Sum(rhs),rhsMax =   3.26849658449646E-13  1.93771123811878E+00
 cg2d: Sum(rhs),rhsMax =   1.00897068477934E-12  1.93765489542902E+00
 cg2d: Sum(rhs),rhsMax =   2.41584530158434E-13  1.93759810378407E+00
 cg2d: Sum(rhs),rhsMax =   5.82645043323282E-13  1.93754085882786E+00
 cg2d: Sum(rhs),rhsMax =   4.40536496171262E-13  1.93748315643191E+00
 cg2d: Sum(rhs),rhsMax =   2.98427949019242E-13  1.93742499272985E+00
 cg2d: Sum(rhs),rhsMax =   8.95283847057726E-13  1.93736636414964E+00
 cg2d: Sum(rhs),rhsMax =   9.52127265918534E-13  1.93730726744334E+00
 cg2d: Sum(rhs),rhsMax =   5.25801624462474E-13  1.93724769971404E+00
 cg2d: Sum(rhs),rhsMax =   3.55271367880050E-13  1.93718765843993E+00
 cg2d: Sum(rhs),rhsMax =   6.11066752753686E-13  1.93712714149533E+00
 cg2d: Sum(rhs),rhsMax =   4.12114786740858E-13  1.93706614716847E+00
 cg2d: Sum(rhs),rhsMax =   7.67386154620908E-13  1.93700467417615E+00
 cg2d: Sum(rhs),rhsMax =   5.96855898038484E-13  1.93694272167477E+00
 cg2d: Sum(rhs),rhsMax =   2.70006239588838E-13  1.93688028926826E+00
 cg2d: Sum(rhs),rhsMax =   4.40536496171262E-13  1.93681737701242E+00
 cg2d: Sum(rhs),rhsMax =   3.83693077310454E-13  1.93675398541580E+00
 cg2d: Sum(rhs),rhsMax =   2.70006239588838E-13  1.93669011543739E+00
 cg2d: Sum(rhs),rhsMax =   2.27373675443232E-13  1.93662576848078E+00
 cg2d: Sum(rhs),rhsMax =   5.82645043323282E-13  1.93656094638517E+00
 cg2d: Sum(rhs),rhsMax =   7.81597009336110E-13  1.93649565141318E+00
 cg2d: Sum(rhs),rhsMax =   8.24229573481716E-13  1.93642988623576E+00
 cg2d: Sum(rhs),rhsMax =   4.54747350886464E-13  1.93636365391401E+00
 cg2d: Sum(rhs),rhsMax =   8.24229573481716E-13  1.93629695787855E+00
 cg2d: Sum(rhs),rhsMax =   8.66862137627322E-13  1.93622980190620E+00
 cg2d: Sum(rhs),rhsMax =   3.26849658449646E-13  1.93616219009444E+00
 cg2d: Sum(rhs),rhsMax =   8.10018718766514E-13  1.93609412683379E+00
(PID.TID 0000.0001) Did not write pickup because writePickupAtEnd = FALSE
(PID.TID 0000.0001) whio : write lev 2 rec  11
 cg2d: Sum(rhs),rhsMax =   1.00897068477934E-12  1.93982651426949E+00
 cg2d: Sum(rhs),rhsMax =   7.38964445190504E-13  1.93978890219771E+00
 cg2d: Sum(rhs),rhsMax =   6.82121026329696E-13  1.93975078314404E+00
 cg2d: Sum(rhs),rhsMax =   3.41060513164848E-13  1.93971216467670E+00
 cg2d: Sum(rhs),rhsMax =   7.10542735760100E-13  1.93967305451914E+00
 cg2d: Sum(rhs),rhsMax =   1.37845290737459E-12  1.93963346049720E+00
 cg2d: Sum(rhs),rhsMax =   7.53175299905706E-13  1.93959339048612E+00
 cg2d: Sum(rhs),rhsMax =   7.81597009336110E-13  1.93955285235793E+00
 cg2d: Sum(rhs),rhsMax =   4.12114786740858E-13  1.93951185392931E+00
 cg2d: Sum(rhs),rhsMax =   9.94759830064140E-13  1.93947040291042E+00
 cg2d: Sum(rhs),rhsMax =   8.10018718766514E-13  1.93942850685523E+00
 cg2d: Sum(rhs),rhsMax =   9.94759830064140E-13  1.93938617293887E+00
 cg2d: Sum(rhs),rhsMax =   4.83169060316868E-13  1.93934340815041E+00
 cg2d: Sum(rhs),rhsMax =   4.68958205601666E-13  1.93930021947994E+00
 cg2d: Sum(rhs),rhsMax =   7.81597009336110E-13  1.93925661367325E+00
 cg2d: Sum(rhs),rhsMax =   1.17950094136177E-12  1.93921259695431E+00
 cg2d: Sum(rhs),rhsMax =   5.96855898038484E-13  1.93916817495848E+00
 cg2d: Sum(rhs),rhsMax =   3.69482222595252E-13  1.93912335280045E+00
 cg2d: Sum(rhs),rhsMax =   5.11590769747272E-13  1.93907813514694E+00
 cg2d: Sum(rhs),rhsMax =   7.24753590475302E-13  1.93903252623230E+00
 cg2d: Sum(rhs),rhsMax =   9.80548975348938E-13  1.93898652982641E+00
 cg2d: Sum(rhs),rhsMax =   3.55271367880050E-13  1.93894014919155E+00
 cg2d: Sum(rhs),rhsMax =   6.39488462184090E-13  1.93889338705207E+00
 cg2d: Sum(rhs),rhsMax =   3.97903932025656E-13  1.93884624558013E+00
 cg2d: Sum(rhs),rhsMax =   6.11066752753686E-13  1.93879872639174E+00
 cg2d: Sum(rhs),rhsMax =   3.55271367880050E-13  1.93875083054868E+00
 cg2d: Sum(rhs),rhsMax =   7.24753590475302E-13  1.93870255856449E+00
 cg2d: Sum(rhs),rhsMax =   6.96331881044898E-13  1.93865391041391E+00
 cg2d: Sum(rhs),rhsMax =   7.10542735760100E-13  1.93860488554577E+00
 cg2d: Sum(rhs),rhsMax =   1.27897692436818E-12  1.93855548289934E+00
 cg2d: Sum(rhs),rhsMax =   6.53699316899292E-13  1.93850570092378E+00
 cg2d: Sum(rhs),rhsMax =   1.17950094136177E-12  1.93845553760088E+00
 cg2d: Sum(rhs),rhsMax =   4.26325641456060E-13  1.93840499047080E+00
 cg2d: Sum(rhs),rhsMax =   7.81597009336110E-13  1.93835405666091E+00
 cg2d: Sum(rhs),rhsMax =   5.68434188608080E-13  1.93830273291778E+00
 cg2d: Sum(rhs),rhsMax =   5.96855898038484E-13  1.93825101564168E+00
 cg2d: Sum(rhs),rhsMax =   9.52127265918534E-13  1.93819890092369E+00
 cg2d: Sum(rhs),rhsMax =   9.66338120633736E-13  1.93814638458490E+00
 cg2d: Sum(rhs),rhsMax =   2.98427949019242E-13  1.93809346221724E+00
 cg2d: Sum(rhs),rhsMax =   3.26849658449646E-13  1.93804012922544E+00
 cg2d: Sum(rhs),rhsMax =   1.00897068477934E-12  1.93798638086995E+00
 cg2d: Sum(rhs),rhsMax =   2.84217094304040E-13  1.93793221231030E+00
 cg2d: Sum(rhs),rhsMax =   3.12638803734444E-13  1.93787761864862E+00
 cg2d: Sum(rhs),rhsMax =   1.12265752250096E-12  1.93782259497296E+00
 cg2d: Sum(rhs),rhsMax =   5.82645043323282E-13  1.93776713640029E+00
 cg2d: Sum(rhs),rhsMax =   3.26849658449646E-13  1.93771123811878E+00
 cg2d: Sum(rhs),rhsMax =   1.00897068477934E-12  1.93765489542902E+00
 cg2d: Sum(rhs),rhsMax =   2.41584530158434E-13  1.93759810378407E+00
 cg2d: Sum(rhs),rhsMax =   5.82645043323282E-13  1.93754085882786E+00
 cg2d: Sum(rhs),rhsMax =   4.40536496171262E-13  1.93748315643191E+00
 cg2d: Sum(rhs),rhsMax =   2.98427949019242E-13  1.93742499272985E+00
 cg2d: Sum(rhs),rhsMax =   8.95283847057726E-13  1.93736636414964E+00
 cg2d: Sum(rhs),rhsMax =   9.52127265918534E-13  1.93730726744334E+00
 cg2d: Sum(rhs),rhsMax =   5.25801624462474E-13  1.93724769971404E+00
 cg2d: Sum(rhs),rhsMax =   3.55271367880050E-13  1.93718765843993E+00
 cg2d: Sum(rhs),rhsMax =   6.11066752753686E-13  1.93712714149533E+00
 cg2d: Sum(rhs),rhsMax =   4.12114786740858E-13  1.93706614716847E+00
 cg2d: Sum(rhs),rhsMax =   7.67386154620908E-13  1.93700467417615E+00
 cg2d: Sum(rhs),rhsMax =   5.96855898038484E-13  1.93694272167477E+00
 cg2d: Sum(rhs),rhsMax =   2.70006239588838E-13  1.93688028926826E+00
 cg2d: Sum(rhs),rhsMax =   4.40536496171262E-13  1.93681737701242E+00
 cg2d: Sum(rhs),rhsMax =   3.83693077310454E-13  1.93675398541580E+00
 cg2d: Sum(rhs),rhsMax =   2.70006239588838E-13  1.93669011543739E+00
 cg2d: Sum(rhs),rhsMax =   2.27373675443232E-13  1.93662576848078E+00
 cg2d: Sum(rhs),rhsMax =   5.82645043323282E-13  1.93656094638517E+00
 cg2d: Sum(rhs),rhsMax =   7.81597009336110E-13  1.93649565141318E+00
 cg2d: Sum(rhs),rhsMax =   8.24229573481716E-13  1.93642988623576E+00
 cg2d: Sum(rhs),rhsMax =   4.54747350886464E-13  1.93636365391401E+00
 cg2d: Sum(rhs),rhsMax =   8.24229573481716E-13  1.93629695787855E+00
 cg2d: Sum(rhs),rhsMax =   8.66862137627322E-13  1.93622980190620E+00
 cg2d: Sum(rhs),rhsMax =   3.26849658449646E-13  1.93616219009444E+00
 cg2d: Sum(rhs),rhsMax =   8.10018718766514E-13  1.93609412683379E+00
(PID.TID 0000.0001) Did not write pickup because writePickupAtEnd = FALSE
(PID.TID 0000.0001) Did not write pickup because writePickupAtEnd = FALSE
 Calling cg2d from S/R CG2D_MAD
 cg2d: Sum(rhs),rhsMax =   8.30074844698607E-16  1.04201910538688E-04
 Calling cg2d from S/R CG2D_MAD
 cg2d: Sum(rhs),rhsMax =   8.94083789065365E-17  2.44254364932085E-05
 Calling cg2d from S/R CG2D_MAD
 cg2d: Sum(rhs),rhsMax =  -9.79183321915772E-18  5.24357464011449E-06
 Calling cg2d from S/R CG2D_MAD
 cg2d: Sum(rhs),rhsMax =   4.49908749714173E-16  3.83204917753704E-06
 Calling cg2d from S/R CG2D_MAD
 cg2d: Sum(rhs),rhsMax =   1.45468760735096E-15  7.19172774409790E-07
 Calling cg2d from S/R CG2D_MAD
 cg2d: Sum(rhs),rhsMax =  -1.20823490101785E-15  2.81305738502626E-07
 Calling cg2d from S/R CG2D_MAD
 cg2d: Sum(rhs),rhsMax =  -2.22044604925031E-15  1.30663251845390E-07
 Calling cg2d from S/R CG2D_MAD
 cg2d: Sum(rhs),rhsMax =  -1.52690360355479E-14  7.26579887632042E-08
 Calling cg2d from S/R CG2D_MAD
 cg2d: Sum(rhs),rhsMax =  -4.01484401280072E-14  5.47266325352891E-08
 Calling cg2d from S/R CG2D_MAD
 cg2d: Sum(rhs),rhsMax =   2.85882428840978E-14  4.28575821287435E-08
 Calling cg2d from S/R CG2D_MAD
 cg2d: Sum(rhs),rhsMax =  -3.87467835594180E-14  3.43575814646101E-08
 Calling cg2d from S/R CG2D_MAD
 cg2d: Sum(rhs),rhsMax =   9.83657599817889E-14  2.83225591297375E-08
 Calling cg2d from S/R CG2D_MAD
 cg2d: Sum(rhs),rhsMax =  -5.06261699229071E-14  2.65881866082213E-08
 Calling cg2d from S/R CG2D_MAD
 cg2d: Sum(rhs),rhsMax =  -5.15143483426073E-14  2.48661767029081E-08
 Calling cg2d from S/R CG2D_MAD
 cg2d: Sum(rhs),rhsMax =   1.42108547152020E-14  2.21145059255546E-08
 Calling cg2d from S/R CG2D_MAD
 cg2d: Sum(rhs),rhsMax =   3.55271367880050E-15  1.94970157332185E-08
 Calling cg2d from S/R CG2D_MAD
 cg2d: Sum(rhs),rhsMax =  -5.68434188608080E-14  1.71191204922576E-08
 Calling cg2d from S/R CG2D_MAD
 cg2d: Sum(rhs),rhsMax =  -3.19744231092045E-14  1.52517810556377E-08
 Calling cg2d from S/R CG2D_MAD
 cg2d: Sum(rhs),rhsMax =   4.26325641456060E-14  1.36974972995051E-08
 Calling cg2d from S/R CG2D_MAD
 cg2d: Sum(rhs),rhsMax =  -9.94759830064140E-14  1.48064244219443E-08
 Calling cg2d from S/R CG2D_MAD
 cg2d: Sum(rhs),rhsMax =   7.10542735760100E-14  1.67979929142158E-08
 Calling cg2d from S/R CG2D_MAD
 cg2d: Sum(rhs),rhsMax =  -3.90798504668055E-14  1.86169679030323E-08
 Calling cg2d from S/R CG2D_MAD
 cg2d: Sum(rhs),rhsMax =   2.48689957516035E-14  1.99971373863071E-08
 Calling cg2d from S/R CG2D_MAD
 cg2d: Sum(rhs),rhsMax =  -5.68434188608080E-14  2.07532608436851E-08
 Calling cg2d from S/R CG2D_MAD
 cg2d: Sum(rhs),rhsMax =  -1.06581410364015E-14  2.08215621385374E-08
 Calling cg2d from S/R CG2D_MAD
 cg2d: Sum(rhs),rhsMax =   9.41469124882133E-14  2.02621912825600E-08
 Calling cg2d from S/R CG2D_MAD
 cg2d: Sum(rhs),rhsMax =   4.97379915032070E-14  1.92283416507737E-08
 Calling cg2d from S/R CG2D_MAD
 cg2d: Sum(rhs),rhsMax =   1.77635683940025E-15  1.79169695013534E-08
 Calling cg2d from S/R CG2D_MAD
 cg2d: Sum(rhs),rhsMax =  -3.90798504668055E-14  1.65189258471921E-08
 Calling cg2d from S/R CG2D_MAD
 cg2d: Sum(rhs),rhsMax =  -6.03961325396085E-14  1.51823661603112E-08
 Calling cg2d from S/R CG2D_MAD
 cg2d: Sum(rhs),rhsMax =  -2.13162820728030E-14  1.39957286986120E-08
 Calling cg2d from S/R CG2D_MAD
 cg2d: Sum(rhs),rhsMax =  -3.90798504668055E-14  1.29890828462078E-08
 Calling cg2d from S/R CG2D_MAD
 cg2d: Sum(rhs),rhsMax =  -3.55271367880050E-15  1.21478157423792E-08
 Calling cg2d from S/R CG2D_MAD
 cg2d: Sum(rhs),rhsMax =   6.03961325396085E-14  1.14312169706277E-08
 Calling cg2d from S/R CG2D_MAD
 cg2d: Sum(rhs),rhsMax =   9.23705556488130E-14  1.08372997350318E-08
 Calling cg2d from S/R CG2D_MAD
 cg2d: Sum(rhs),rhsMax =  -2.84217094304040E-14  1.06194274774132E-08
 Calling cg2d from S/R CG2D_MAD
 cg2d: Sum(rhs),rhsMax =   1.42108547152020E-14  1.02982353718964E-08
 Calling cg2d from S/R CG2D_MAD
 cg2d: Sum(rhs),rhsMax =  -5.32907051820075E-14  9.90993879757788E-09
 Calling cg2d from S/R CG2D_MAD
 cg2d: Sum(rhs),rhsMax =   5.32907051820075E-14  9.47990980937829E-09
 Calling cg2d from S/R CG2D_MAD
 cg2d: Sum(rhs),rhsMax =   4.26325641456060E-14  9.02381827990360E-09
 Calling cg2d from S/R CG2D_MAD
 cg2d: Sum(rhs),rhsMax =   8.52651282912120E-14  8.54999853186909E-09
 Calling cg2d from S/R CG2D_MAD
 cg2d: Sum(rhs),rhsMax =   1.77635683940025E-15  8.06198720837622E-09
 Calling cg2d from S/R CG2D_MAD
 cg2d: Sum(rhs),rhsMax =   1.07913677993565E-13  7.56063585252926E-09
 Calling cg2d from S/R CG2D_MAD
 cg2d: Sum(rhs),rhsMax =   1.86517468137026E-14  7.04558479454520E-09
 Calling cg2d from S/R CG2D_MAD
 cg2d: Sum(rhs),rhsMax =   9.59232693276135E-14  6.51613192840089E-09
 Calling cg2d from S/R CG2D_MAD
 cg2d: Sum(rhs),rhsMax =   2.41584530158434E-13  5.97164754246368E-09
 Calling cg2d from S/R CG2D_MAD
 cg2d: Sum(rhs),rhsMax =  -1.27897692436818E-13  5.41171234839185E-09
 Calling cg2d from S/R CG2D_MAD
 cg2d: Sum(rhs),rhsMax =  -7.10542735760100E-14  4.93542708881442E-09
 Calling cg2d from S/R CG2D_MAD
 cg2d: Sum(rhs),rhsMax =   2.13162820728030E-14  5.49187815711223E-09
 Calling cg2d from S/R CG2D_MAD
 cg2d: Sum(rhs),rhsMax =  -1.35003119794419E-13  6.00557629192982E-09
 Calling cg2d from S/R CG2D_MAD
 cg2d: Sum(rhs),rhsMax =  -7.10542735760100E-15  6.47543687432197E-09
 Calling cg2d from S/R CG2D_MAD
 cg2d: Sum(rhs),rhsMax =   0.00000000000000E+00  6.90035640701628E-09
 Calling cg2d from S/R CG2D_MAD
 cg2d: Sum(rhs),rhsMax =   1.13686837721616E-13  7.27893955496947E-09
 Calling cg2d from S/R CG2D_MAD
 cg2d: Sum(rhs),rhsMax =   2.13162820728030E-14  7.60921822387229E-09
 Calling cg2d from S/R CG2D_MAD
 cg2d: Sum(rhs),rhsMax =  -6.39488462184090E-14  7.88842450262209E-09
 Calling cg2d from S/R CG2D_MAD
 cg2d: Sum(rhs),rhsMax =   7.81597009336110E-14  8.11288241929919E-09
 Calling cg2d from S/R CG2D_MAD
 cg2d: Sum(rhs),rhsMax =  -1.27897692436818E-13  8.27807519852039E-09
 Calling cg2d from S/R CG2D_MAD
 cg2d: Sum(rhs),rhsMax =   7.81597009336110E-14  8.37892392638126E-09
 Calling cg2d from S/R CG2D_MAD
 cg2d: Sum(rhs),rhsMax =  -4.26325641456060E-14  8.41028151352157E-09
 Calling cg2d from S/R CG2D_MAD
 cg2d: Sum(rhs),rhsMax =  -6.39488462184090E-14  8.36760659527143E-09
 Calling cg2d from S/R CG2D_MAD
 cg2d: Sum(rhs),rhsMax =  -1.06581410364015E-13  8.24774186893606E-09
 Calling cg2d from S/R CG2D_MAD
 cg2d: Sum(rhs),rhsMax =  -1.42108547152020E-14  8.04968804129117E-09
 Calling cg2d from S/R CG2D_MAD
 cg2d: Sum(rhs),rhsMax =  -1.42108547152020E-14  7.77524562069235E-09
 Calling cg2d from S/R CG2D_MAD
 cg2d: Sum(rhs),rhsMax =  -2.84217094304040E-14  7.46731824347320E-09
 Calling cg2d from S/R CG2D_MAD
 cg2d: Sum(rhs),rhsMax =  -4.26325641456060E-14  7.63182622785729E-09
 Calling cg2d from S/R CG2D_MAD
 cg2d: Sum(rhs),rhsMax =  -6.39488462184090E-14  7.73983942929694E-09
 Calling cg2d from S/R CG2D_MAD
 cg2d: Sum(rhs),rhsMax =   5.68434188608080E-14  7.78234594140010E-09
 Calling cg2d from S/R CG2D_MAD
 cg2d: Sum(rhs),rhsMax =   0.00000000000000E+00  7.75029727304158E-09
 Calling cg2d from S/R CG2D_MAD
 cg2d: Sum(rhs),rhsMax =  -6.39488462184090E-14  7.63590311603244E-09
 Calling cg2d from S/R CG2D_MAD
 cg2d: Sum(rhs),rhsMax =  -4.26325641456060E-14  7.43396242633603E-09
 Calling cg2d from S/R CG2D_MAD
 cg2d: Sum(rhs),rhsMax =   2.84217094304040E-14  7.27642031107975E-09
 Calling cg2d from S/R CG2D_MAD
 cg2d: Sum(rhs),rhsMax =  -8.52651282912120E-14  7.66643120617436E-09
 cg2d: Sum(rhs),rhsMax =   6.39488462184090E-13  1.94120339438638E+00
 cg2d: Sum(rhs),rhsMax =   5.68434188608080E-13  1.94120040482903E+00
 cg2d: Sum(rhs),rhsMax =   6.25277607468888E-13  1.94119688481977E+00
 cg2d: Sum(rhs),rhsMax =   1.03739239420975E-12  1.94119284470602E+00
 cg2d: Sum(rhs),rhsMax =   6.39488462184090E-13  1.94118829488098E+00
 cg2d: Sum(rhs),rhsMax =   2.27373675443232E-13  1.94118324571417E+00
 cg2d: Sum(rhs),rhsMax =   1.27897692436818E-13  1.94117770748247E+00
 cg2d: Sum(rhs),rhsMax =   5.54223333892878E-13  1.94117169030199E+00
 cg2d: Sum(rhs),rhsMax =   9.66338120633736E-13  1.94116520406141E+00
 cg2d: Sum(rhs),rhsMax =   1.84741111297626E-13  1.94115825835724E+00
 cg2d: Sum(rhs),rhsMax =   0.00000000000000E+00  1.94115086243142E+00
 cg2d: Sum(rhs),rhsMax =   1.13686837721616E-13  1.94114302511180E+00
 cg2d: Sum(rhs),rhsMax =   5.40012479177676E-13  1.94113475475575E+00
 cg2d: Sum(rhs),rhsMax =   3.26849658449646E-13  1.94112605919766E+00
 cg2d: Sum(rhs),rhsMax =   7.38964445190504E-13  1.94111694570012E+00
 cg2d: Sum(rhs),rhsMax =   2.55795384873636E-13  1.94110742090981E+00
 cg2d: Sum(rhs),rhsMax =   4.40536496171262E-13  1.94109749081763E+00
 cg2d: Sum(rhs),rhsMax =   4.26325641456060E-13  1.94108716072423E+00
 cg2d: Sum(rhs),rhsMax =   7.67386154620908E-13  1.94107643521020E+00
 cg2d: Sum(rhs),rhsMax =   3.97903932025656E-13  1.94106531811194E+00
 cg2d: Sum(rhs),rhsMax =   5.68434188608080E-14  1.94105381250283E+00
 cg2d: Sum(rhs),rhsMax =   9.23705556488130E-13  1.94104192067999E+00
 cg2d: Sum(rhs),rhsMax =   3.41060513164848E-13  1.94102964415676E+00
 cg2d: Sum(rhs),rhsMax =   9.23705556488130E-13  1.94101698366077E+00
 cg2d: Sum(rhs),rhsMax =   6.39488462184090E-13  1.94100393913766E+00
 cg2d: Sum(rhs),rhsMax =   5.68434188608080E-13  1.94099050976039E+00
 cg2d: Sum(rhs),rhsMax =   8.10018718766514E-13  1.94097669394410E+00
 cg2d: Sum(rhs),rhsMax =   3.26849658449646E-13  1.94096248936612E+00
 cg2d: Sum(rhs),rhsMax =   6.96331881044898E-13  1.94094789299137E+00
 cg2d: Sum(rhs),rhsMax =   4.26325641456060E-13  1.94093290110250E+00
 cg2d: Sum(rhs),rhsMax =   5.54223333892878E-13  1.94091750933489E+00
 cg2d: Sum(rhs),rhsMax =   5.96855898038484E-13  1.94090171271587E+00
 cg2d: Sum(rhs),rhsMax =   9.09494701772928E-13  1.94088550570824E+00
 cg2d: Sum(rhs),rhsMax =   7.10542735760100E-13  1.94086888225735E+00
 cg2d: Sum(rhs),rhsMax =   5.96855898038484E-13  1.94085183584171E+00
 cg2d: Sum(rhs),rhsMax =   8.66862137627322E-13  1.94083435952650E+00
 cg2d: Sum(rhs),rhsMax =   6.82121026329696E-13  1.94081644601970E+00
 cg2d: Sum(rhs),rhsMax =   6.82121026329696E-13  1.94079808773037E+00
 cg2d: Sum(rhs),rhsMax =   1.70530256582424E-13  1.94077927682870E+00
 cg2d: Sum(rhs),rhsMax =   1.84741111297626E-13  1.94076000530721E+00
 cg2d: Sum(rhs),rhsMax =   7.81597009336110E-13  1.94074026504293E+00
 cg2d: Sum(rhs),rhsMax =   1.03739239420975E-12  1.94072004785987E+00
 cg2d: Sum(rhs),rhsMax =   5.54223333892878E-13  1.94069934559134E+00
 cg2d: Sum(rhs),rhsMax =   6.82121026329696E-13  1.94067815014182E+00
 cg2d: Sum(rhs),rhsMax =   1.13686837721616E-13  1.94065645354785E+00
 cg2d: Sum(rhs),rhsMax =   4.83169060316868E-13  1.94063424803737E+00
 cg2d: Sum(rhs),rhsMax =   5.82645043323282E-13  1.94061152608741E+00
 cg2d: Sum(rhs),rhsMax =   4.12114786740858E-13  1.94058828047938E+00
 cg2d: Sum(rhs),rhsMax =   2.84217094304040E-13  1.94056450435178E+00
 cg2d: Sum(rhs),rhsMax =   1.10844666778576E-12  1.94054019124994E+00
 cg2d: Sum(rhs),rhsMax =   7.95807864051312E-13  1.94051533517248E+00
 cg2d: Sum(rhs),rhsMax =   3.83693077310454E-13  1.94048993061399E+00
 cg2d: Sum(rhs),rhsMax =   8.66862137627322E-13  1.94046397260394E+00
 cg2d: Sum(rhs),rhsMax =   7.38964445190504E-13  1.94043745674127E+00
 cg2d: Sum(rhs),rhsMax =   1.09423581307055E-12  1.94041037922478E+00
 cg2d: Sum(rhs),rhsMax =   3.55271367880050E-13  1.94038273687867E+00
 cg2d: Sum(rhs),rhsMax =   1.35003119794419E-12  1.94035452717367E+00
 cg2d: Sum(rhs),rhsMax =   5.82645043323282E-13  1.94032574824316E+00
 cg2d: Sum(rhs),rhsMax =   1.06581410364015E-12  1.94029639889434E+00
 cg2d: Sum(rhs),rhsMax =   7.24753590475302E-13  1.94026647861455E+00
 cg2d: Sum(rhs),rhsMax =   4.40536496171262E-13  1.94023598757261E+00
 cg2d: Sum(rhs),rhsMax =   1.13686837721616E-12  1.94020492661519E+00
 cg2d: Sum(rhs),rhsMax =   7.10542735760100E-13  1.94017329725830E+00
 cg2d: Sum(rhs),rhsMax =   2.98427949019242E-13  1.94014110167422E+00
 cg2d: Sum(rhs),rhsMax =   7.38964445190504E-13  1.94010834267353E+00
 cg2d: Sum(rhs),rhsMax =   8.24229573481716E-13  1.94007502368297E+00
 cg2d: Sum(rhs),rhsMax =   8.38440428196918E-13  1.94004114871889E+00
 cg2d: Sum(rhs),rhsMax =   6.25277607468888E-13  1.94000672235680E+00
 cg2d: Sum(rhs),rhsMax =   4.54747350886464E-13  1.93997174969717E+00
 cg2d: Sum(rhs),rhsMax =   6.25277607468888E-13  1.93993623632766E+00
 cg2d: Sum(rhs),rhsMax =  -7.10542735760100E-14  1.93990018828245E+00
 cg2d: Sum(rhs),rhsMax =   9.23705556488130E-13  1.93986361199849E+00
 Calling cg2d from S/R CG2D_MAD
 cg2d: Sum(rhs),rhsMax =  -9.94759830064140E-14  8.05893652707776E-09
 Calling cg2d from S/R CG2D_MAD
 cg2d: Sum(rhs),rhsMax =   4.61852778244065E-14  8.44319993631371E-09
 Calling cg2d from S/R CG2D_MAD
 cg2d: Sum(rhs),rhsMax =  -4.26325641456060E-14  8.80496560133372E-09
 Calling cg2d from S/R CG2D_MAD
 cg2d: Sum(rhs),rhsMax =  -1.45661260830821E-13  9.12768065807610E-09
 Calling cg2d from S/R CG2D_MAD
 cg2d: Sum(rhs),rhsMax =  -7.81597009336110E-14  9.39402577413692E-09
 Calling cg2d from S/R CG2D_MAD
 cg2d: Sum(rhs),rhsMax =   1.42108547152020E-14  9.58757463407645E-09
 Calling cg2d from S/R CG2D_MAD
 cg2d: Sum(rhs),rhsMax =  -1.06692432666478E-13  9.69438969646902E-09
 Calling cg2d from S/R CG2D_MAD
 cg2d: Sum(rhs),rhsMax =   5.41788836017076E-14  9.70437442353448E-09
 Calling cg2d from S/R CG2D_MAD
 cg2d: Sum(rhs),rhsMax =  -1.95399252334028E-14  9.61223817269215E-09
 Calling cg2d from S/R CG2D_MAD
 cg2d: Sum(rhs),rhsMax =  -1.06581410364015E-14  9.41798262347670E-09
 Calling cg2d from S/R CG2D_MAD
 cg2d: Sum(rhs),rhsMax =   1.06581410364015E-13  9.12687956322036E-09
 Calling cg2d from S/R CG2D_MAD
 cg2d: Sum(rhs),rhsMax =   2.84217094304040E-14  8.74897015071168E-09
 Calling cg2d from S/R CG2D_MAD
 cg2d: Sum(rhs),rhsMax =   2.13162820728030E-14  8.29816743475521E-09
 Calling cg2d from S/R CG2D_MAD
 cg2d: Sum(rhs),rhsMax =  -1.13686837721616E-13  7.79108098755765E-09
 Calling cg2d from S/R CG2D_MAD
 cg2d: Sum(rhs),rhsMax =  -3.55271367880050E-14  7.24570177876085E-09
 Calling cg2d from S/R CG2D_MAD
 cg2d: Sum(rhs),rhsMax =  -5.68434188608080E-14  7.65369405992359E-09
 Calling cg2d from S/R CG2D_MAD
 cg2d: Sum(rhs),rhsMax =   2.06057393370429E-13  8.35889625873852E-09
 Calling cg2d from S/R CG2D_MAD
 cg2d: Sum(rhs),rhsMax =   1.20792265079217E-13  8.97967394126160E-09
 Calling cg2d from S/R CG2D_MAD
 cg2d: Sum(rhs),rhsMax =   7.10542735760100E-14  9.50483913930836E-09
 Calling cg2d from S/R CG2D_MAD
 cg2d: Sum(rhs),rhsMax =   7.10542735760100E-15  9.92720020026549E-09
 Calling cg2d from S/R CG2D_MAD
 cg2d: Sum(rhs),rhsMax =  -3.90798504668055E-14  1.02435093179888E-08
 Calling cg2d from S/R CG2D_MAD
 cg2d: Sum(rhs),rhsMax =   7.10542735760100E-15  1.04541083977194E-08
 Calling cg2d from S/R CG2D_MAD
 cg2d: Sum(rhs),rhsMax =   5.32907051820075E-14  1.05623487360553E-08
 Calling cg2d from S/R CG2D_MAD
 cg2d: Sum(rhs),rhsMax =  -6.92779167366098E-14  1.05738722961849E-08
 Calling cg2d from S/R CG2D_MAD
 cg2d: Sum(rhs),rhsMax =   6.83897383169096E-14  1.04958433528880E-08
 Calling cg2d from S/R CG2D_MAD
 cg2d: Sum(rhs),rhsMax =   1.05693231944315E-13  1.03362106398763E-08
 Calling cg2d from S/R CG2D_MAD
 cg2d: Sum(rhs),rhsMax =  -3.99680288865056E-15  1.01030643647108E-08
 Calling cg2d from S/R CG2D_MAD
 cg2d: Sum(rhs),rhsMax =  -1.44328993201270E-14  9.80413245631557E-09
 Calling cg2d from S/R CG2D_MAD
 cg2d: Sum(rhs),rhsMax =   0.00000000000000E+00  9.44643903577592E-09
 Calling cg2d from S/R CG2D_MAD
 cg2d: Sum(rhs),rhsMax =   3.28626015289046E-14  9.03612786230051E-09
 Calling cg2d from S/R CG2D_MAD
 cg2d: Sum(rhs),rhsMax =   1.95399252334028E-14  8.57843627002720E-09
 Calling cg2d from S/R CG2D_MAD
 cg2d: Sum(rhs),rhsMax =   3.90798504668055E-14  8.07779227348621E-09
 Calling cg2d from S/R CG2D_MAD
 cg2d: Sum(rhs),rhsMax =  -4.79616346638068E-14  7.53799954879956E-09
 Calling cg2d from S/R CG2D_MAD
 cg2d: Sum(rhs),rhsMax =  -2.66453525910038E-14  6.96247180906459E-09
 Calling cg2d from S/R CG2D_MAD
 cg2d: Sum(rhs),rhsMax =   6.03961325396085E-14  6.35447930460450E-09
 Calling cg2d from S/R CG2D_MAD
 cg2d: Sum(rhs),rhsMax =   5.15143483426073E-14  5.71737497914311E-09
 Calling cg2d from S/R CG2D_MAD
 cg2d: Sum(rhs),rhsMax =   6.66133814775094E-15  5.54175202993698E-09
 Calling cg2d from S/R CG2D_MAD
 cg2d: Sum(rhs),rhsMax =   9.72555369571637E-14  5.48675326037999E-09
 Calling cg2d from S/R CG2D_MAD
 cg2d: Sum(rhs),rhsMax =  -5.32907051820075E-15  5.38844071118791E-09
 Calling cg2d from S/R CG2D_MAD
 cg2d: Sum(rhs),rhsMax =  -8.88178419700125E-14  5.24810202472913E-09
 Calling cg2d from S/R CG2D_MAD
 cg2d: Sum(rhs),rhsMax =  -1.88293824976427E-13  5.06706048992439E-09
 Calling cg2d from S/R CG2D_MAD
 cg2d: Sum(rhs),rhsMax =  -1.13686837721616E-13  4.84672183976266E-09
 Calling cg2d from S/R CG2D_MAD
 cg2d: Sum(rhs),rhsMax =   1.42108547152020E-13  4.58865411305503E-09
 Calling cg2d from S/R CG2D_MAD
 cg2d: Sum(rhs),rhsMax =  -7.10542735760100E-14  4.43842785638633E-09
 Calling cg2d from S/R CG2D_MAD
 cg2d: Sum(rhs),rhsMax =   3.55271367880050E-13  4.52046473037127E-09
 Calling cg2d from S/R CG2D_MAD
 cg2d: Sum(rhs),rhsMax =  -7.10542735760100E-15  4.89119108779946E-09
 Calling cg2d from S/R CG2D_MAD
 cg2d: Sum(rhs),rhsMax =  -1.70530256582424E-13  5.23145964005605E-09
 Calling cg2d from S/R CG2D_MAD
 cg2d: Sum(rhs),rhsMax =  -1.20792265079217E-13  5.54146963008806E-09
 Calling cg2d from S/R CG2D_MAD
 cg2d: Sum(rhs),rhsMax =   1.20792265079217E-13  5.82188423657700E-09
 Calling cg2d from S/R CG2D_MAD
 cg2d: Sum(rhs),rhsMax =   2.84217094304040E-14  6.07377501123898E-09
 Calling cg2d from S/R CG2D_MAD
 cg2d: Sum(rhs),rhsMax =   1.49213974509621E-13  6.29854295676632E-09
 Calling cg2d from S/R CG2D_MAD
 cg2d: Sum(rhs),rhsMax =   0.00000000000000E+00  6.49782088120468E-09
 Calling cg2d from S/R CG2D_MAD
 cg2d: Sum(rhs),rhsMax =   4.61852778244065E-14  6.67336347692784E-09
 Calling cg2d from S/R CG2D_MAD
 cg2d: Sum(rhs),rhsMax =   1.06581410364015E-13  6.82693274026596E-09
 Calling cg2d from S/R CG2D_MAD
 cg2d: Sum(rhs),rhsMax =  -1.10134124042816E-13  6.96018678141463E-09
 Calling cg2d from S/R CG2D_MAD
 cg2d: Sum(rhs),rhsMax =  -8.17124146124115E-14  7.07457976140062E-09
 Calling cg2d from S/R CG2D_MAD
 cg2d: Sum(rhs),rhsMax =  -1.24344978758018E-13  7.17127969639033E-09
 Calling cg2d from S/R CG2D_MAD
 cg2d: Sum(rhs),rhsMax =   7.46069872548105E-14  7.25110931584523E-09
 Calling cg2d from S/R CG2D_MAD
 cg2d: Sum(rhs),rhsMax =   1.42108547152020E-14  7.31451322345875E-09
 Calling cg2d from S/R CG2D_MAD
 cg2d: Sum(rhs),rhsMax =   2.30926389122033E-14  7.51930612399969E-09
 Calling cg2d from S/R CG2D_MAD
 cg2d: Sum(rhs),rhsMax =  -1.77635683940025E-15  7.69453961158076E-09
 Calling cg2d from S/R CG2D_MAD
 cg2d: Sum(rhs),rhsMax =   0.00000000000000E+00  7.82955391352211E-09
 Calling cg2d from S/R CG2D_MAD
 cg2d: Sum(rhs),rhsMax =  -1.42108547152020E-14  7.92320793647142E-09
 Calling cg2d from S/R CG2D_MAD
 cg2d: Sum(rhs),rhsMax =   0.00000000000000E+00  7.97439759730851E-09
 Calling cg2d from S/R CG2D_MAD
 cg2d: Sum(rhs),rhsMax =  -2.48689957516035E-14  7.98213519864496E-09
 Calling cg2d from S/R CG2D_MAD
 cg2d: Sum(rhs),rhsMax =   3.55271367880050E-15  7.94562809886954E-09
 Calling cg2d from S/R CG2D_MAD
 cg2d: Sum(rhs),rhsMax =  -6.21724893790088E-15  7.86435128488278E-09
 Calling cg2d from S/R CG2D_MAD
 cg2d: Sum(rhs),rhsMax =   9.50350909079134E-14  7.73810952286742E-09
 Calling cg2d from S/R CG2D_MAD
 cg2d: Sum(rhs),rhsMax =   1.99840144432528E-14  7.56708604206683E-09
 Calling cg2d from S/R CG2D_MAD
 cg2d: Sum(rhs),rhsMax =   2.53130849614536E-14  7.35187606206007E-09
 Calling cg2d from S/R CG2D_MAD
 cg2d: Sum(rhs),rhsMax =   4.44089209850063E-14  7.09350477810900E-09
 Calling cg2d from S/R CG2D_MAD
 cg2d: Sum(rhs),rhsMax =  -4.97379915032070E-14  6.79343056398943E-09
 cg2d: Sum(rhs),rhsMax =   2.84217094304040E-13  1.93992092413502E+00
 cg2d: Sum(rhs),rhsMax =   4.26325641456060E-13  1.93995715010443E+00
 cg2d: Sum(rhs),rhsMax =   9.23705556488130E-13  1.93999279032857E+00
 cg2d: Sum(rhs),rhsMax =   3.55271367880050E-13  1.94002785517417E+00
 cg2d: Sum(rhs),rhsMax =   3.55271367880050E-13  1.94006235507740E+00
 cg2d: Sum(rhs),rhsMax =   9.80548975348938E-13  1.94009630046311E+00
 cg2d: Sum(rhs),rhsMax =   6.39488462184090E-13  1.94012970166498E+00
 cg2d: Sum(rhs),rhsMax =   5.40012479177676E-13  1.94016256884671E+00
 cg2d: Sum(rhs),rhsMax =   2.55795384873636E-13  1.94019491192529E+00
 cg2d: Sum(rhs),rhsMax =   2.55795384873636E-13  1.94022674049651E+00
 cg2d: Sum(rhs),rhsMax =   9.52127265918534E-13  1.94025806376369E+00
 cg2d: Sum(rhs),rhsMax =   5.68434188608080E-13  1.94028889046982E+00
 cg2d: Sum(rhs),rhsMax =   5.82645043323282E-13  1.94031922883379E+00
 cg2d: Sum(rhs),rhsMax =   4.40536496171262E-13  1.94034908649114E+00
 cg2d: Sum(rhs),rhsMax =   4.83169060316868E-13  1.94037847043970E+00
 cg2d: Sum(rhs),rhsMax =   7.10542735760100E-14  1.94040738699049E+00
 cg2d: Sum(rhs),rhsMax =   8.24229573481716E-13  1.94043584172445E+00
 cg2d: Sum(rhs),rhsMax =   8.52651282912120E-13  1.94046383945504E+00
 cg2d: Sum(rhs),rhsMax =   4.97379915032070E-13  1.94049138419688E+00
 cg2d: Sum(rhs),rhsMax =   8.10018718766514E-13  1.94051847914120E+00
 cg2d: Sum(rhs),rhsMax =   8.38440428196918E-13  1.94054512663751E+00
 cg2d: Sum(rhs),rhsMax =   8.95283847057726E-13  1.94057132818200E+00
 cg2d: Sum(rhs),rhsMax =   6.39488462184090E-13  1.94059708441289E+00
 cg2d: Sum(rhs),rhsMax =   6.67910171614494E-13  1.94062239511220E+00
 cg2d: Sum(rhs),rhsMax =   6.53699316899292E-13  1.94064725921437E+00
 cg2d: Sum(rhs),rhsMax =   7.95807864051312E-13  1.94067167482145E+00
 cg2d: Sum(rhs),rhsMax =   4.26325641456060E-13  1.94069563922471E+00
 cg2d: Sum(rhs),rhsMax =   9.09494701772928E-13  1.94071914893251E+00
 cg2d: Sum(rhs),rhsMax =   8.24229573481716E-13  1.94074219970416E+00
 cg2d: Sum(rhs),rhsMax =   1.23634436022257E-12  1.94076478658954E+00
 cg2d: Sum(rhs),rhsMax =   6.96331881044898E-13  1.94078690397417E+00
 cg2d: Sum(rhs),rhsMax =   2.55795384873636E-13  1.94080854562908E+00
 cg2d: Sum(rhs),rhsMax =   5.54223333892878E-13  1.94082970476562E+00
 cg2d: Sum(rhs),rhsMax =   6.39488462184090E-13  1.94085037409407E+00
 cg2d: Sum(rhs),rhsMax =   5.96855898038484E-13  1.94087054588622E+00
 cg2d: Sum(rhs),rhsMax =   5.96855898038484E-13  1.94089021204094E+00
 cg2d: Sum(rhs),rhsMax =   2.41584530158434E-13  1.94090936415249E+00
 cg2d: Sum(rhs),rhsMax =   8.66862137627322E-13  1.94092799358086E+00
 cg2d: Sum(rhs),rhsMax =   6.67910171614494E-13  1.94094609152381E+00
 cg2d: Sum(rhs),rhsMax =   3.83693077310454E-13  1.94096364908981E+00
 cg2d: Sum(rhs),rhsMax =   7.67386154620908E-13  1.94098065737159E+00
 cg2d: Sum(rhs),rhsMax =   1.22213350550737E-12  1.94099710751947E+00
 cg2d: Sum(rhs),rhsMax =   9.09494701772928E-13  1.94101299081429E+00
 cg2d: Sum(rhs),rhsMax =   4.26325641456060E-13  1.94102829873900E+00
 cg2d: Sum(rhs),rhsMax =   1.42108547152020E-13  1.94104302304881E+00
 cg2d: Sum(rhs),rhsMax =   3.26849658449646E-13  1.94105715583890E+00
 cg2d: Sum(rhs),rhsMax =   3.97903932025656E-13  1.94107068960973E+00
 cg2d: Sum(rhs),rhsMax =  -1.70530256582424E-13  1.94108361732906E+00
 cg2d: Sum(rhs),rhsMax =   6.11066752753686E-13  1.94109593249035E+00
 cg2d: Sum(rhs),rhsMax =   3.69482222595252E-13  1.94110762916709E+00
 cg2d: Sum(rhs),rhsMax =   5.68434188608080E-13  1.94111870206282E+00
 cg2d: Sum(rhs),rhsMax =   6.25277607468888E-13  1.94112914655612E+00
 cg2d: Sum(rhs),rhsMax =   4.40536496171262E-13  1.94113895874055E+00
 cg2d: Sum(rhs),rhsMax =   8.24229573481716E-13  1.94114813545911E+00
 cg2d: Sum(rhs),rhsMax =   5.11590769747272E-13  1.94115667433301E+00
 cg2d: Sum(rhs),rhsMax =   7.67386154620908E-13  1.94116457378441E+00
 cg2d: Sum(rhs),rhsMax =   8.24229573481716E-13  1.94117183305327E+00
 cg2d: Sum(rhs),rhsMax =   2.55795384873636E-13  1.94117845220793E+00
 cg2d: Sum(rhs),rhsMax =   3.83693077310454E-13  1.94118443214945E+00
 cg2d: Sum(rhs),rhsMax =   1.22213350550737E-12  1.94118977460976E+00
 cg2d: Sum(rhs),rhsMax =   3.55271367880050E-13  1.94119448214358E+00
 cg2d: Sum(rhs),rhsMax =   5.25801624462474E-13  1.94119855811438E+00
 cg2d: Sum(rhs),rhsMax =   5.96855898038484E-13  1.94120200667414E+00
 cg2d: Sum(rhs),rhsMax =   8.95283847057726E-13  1.94120483273754E+00
 cg2d: Sum(rhs),rhsMax =   5.68434188608080E-13  1.94120704195050E+00
 cg2d: Sum(rhs),rhsMax =   7.10542735760100E-13  1.94120864065340E+00
 cg2d: Sum(rhs),rhsMax =   7.67386154620908E-13  1.94120963583930E+00
 cg2d: Sum(rhs),rhsMax =   1.98951966012828E-13  1.94121003510755E+00
 cg2d: Sum(rhs),rhsMax =   6.67910171614494E-13  1.94120984661294E+00
 cg2d: Sum(rhs),rhsMax =   1.22213350550737E-12  1.94120907901104E+00
 cg2d: Sum(rhs),rhsMax =   2.84217094304040E-13  1.94120774140009E+00
 cg2d: Sum(rhs),rhsMax =   1.25055521493778E-12  1.94120584325955E+00
 Calling cg2d from S/R CG2D_MAD
 cg2d: Sum(rhs),rhsMax =  -1.99840144432528E-14  6.45353505629602E-09
 Calling cg2d from S/R CG2D_MAD
 cg2d: Sum(rhs),rhsMax =  -3.64153152077051E-14  6.07610239872190E-09
 Calling cg2d from S/R CG2D_MAD
 cg2d: Sum(rhs),rhsMax =   6.39488462184090E-14  5.66379023170018E-09
 Calling cg2d from S/R CG2D_MAD
 cg2d: Sum(rhs),rhsMax =  -8.17124146124115E-14  5.30015849950489E-09
 Calling cg2d from S/R CG2D_MAD
 cg2d: Sum(rhs),rhsMax =   2.32702745961433E-13  4.98128216100225E-09
 Calling cg2d from S/R CG2D_MAD
 cg2d: Sum(rhs),rhsMax =   6.03961325396085E-14  4.64543269628875E-09
 Calling cg2d from S/R CG2D_MAD
 cg2d: Sum(rhs),rhsMax =   6.39488462184090E-14  4.29474807553175E-09
 Calling cg2d from S/R CG2D_MAD
 cg2d: Sum(rhs),rhsMax =  -9.59232693276135E-14  4.13388436942729E-09
 Calling cg2d from S/R CG2D_MAD
 cg2d: Sum(rhs),rhsMax =   4.26325641456060E-14  4.28115289806238E-09
 Calling cg2d from S/R CG2D_MAD
 cg2d: Sum(rhs),rhsMax =   2.13162820728030E-14  4.40451043531005E-09
 Calling cg2d from S/R CG2D_MAD
 cg2d: Sum(rhs),rhsMax =  -7.10542735760100E-15  4.50240277025215E-09
 Calling cg2d from S/R CG2D_MAD
 cg2d: Sum(rhs),rhsMax =   0.00000000000000E+00  4.57336839889849E-09
 Calling cg2d from S/R CG2D_MAD
 cg2d: Sum(rhs),rhsMax =  -2.84217094304040E-14  4.61606011818217E-09
 Calling cg2d from S/R CG2D_MAD
 cg2d: Sum(rhs),rhsMax =   4.26325641456060E-14  4.62926951521955E-09
 Calling cg2d from S/R CG2D_MAD
 cg2d: Sum(rhs),rhsMax =  -1.42108547152020E-14  4.61195500283330E-09
 Calling cg2d from S/R CG2D_MAD
 cg2d: Sum(rhs),rhsMax =   0.00000000000000E+00  4.56327358217594E-09
 Calling cg2d from S/R CG2D_MAD
 cg2d: Sum(rhs),rhsMax =  -6.39488462184090E-14  4.48261595679770E-09
 Calling cg2d from S/R CG2D_MAD
 cg2d: Sum(rhs),rhsMax =  -2.13162820728030E-14  4.36964403478585E-09
 Calling cg2d from S/R CG2D_MAD
 cg2d: Sum(rhs),rhsMax =   4.26325641456060E-14  4.22432929403890E-09
 Calling cg2d from S/R CG2D_MAD
 cg2d: Sum(rhs),rhsMax =  -3.55271367880050E-14  4.04699000508925E-09
 Calling cg2d from S/R CG2D_MAD
 cg2d: Sum(rhs),rhsMax =  -4.26325641456060E-14  3.83832495401523E-09
 Calling cg2d from S/R CG2D_MAD
 cg2d: Sum(rhs),rhsMax =   8.52651282912120E-14  3.81181668328921E-09
 Calling cg2d from S/R CG2D_MAD
 cg2d: Sum(rhs),rhsMax =   1.42108547152020E-14  4.13095166975020E-09
 Calling cg2d from S/R CG2D_MAD
 cg2d: Sum(rhs),rhsMax =   0.00000000000000E+00  4.41313665085569E-09
 Calling cg2d from S/R CG2D_MAD
 cg2d: Sum(rhs),rhsMax =  -2.84217094304040E-14  4.65782630530292E-09
 Calling cg2d from S/R CG2D_MAD
 cg2d: Sum(rhs),rhsMax =   8.52651282912120E-14  4.86496907716042E-09
 Calling cg2d from S/R CG2D_MAD
 cg2d: Sum(rhs),rhsMax =  -7.10542735760100E-14  5.03498360512331E-09
 Calling cg2d from S/R CG2D_MAD
 cg2d: Sum(rhs),rhsMax =   4.26325641456060E-14  5.16872070228247E-09
 Calling cg2d from S/R CG2D_MAD
 cg2d: Sum(rhs),rhsMax =  -2.84217094304040E-14  5.26741200798893E-09
 Calling cg2d from S/R CG2D_MAD
 cg2d: Sum(rhs),rhsMax =   6.39488462184090E-14  5.33260718621537E-09
 Calling cg2d from S/R CG2D_MAD
 cg2d: Sum(rhs),rhsMax =   7.81597009336110E-14  5.36610221568182E-09
 Calling cg2d from S/R CG2D_MAD
 cg2d: Sum(rhs),rhsMax =   1.42108547152020E-14  5.36986186072949E-09
 Calling cg2d from S/R CG2D_MAD
 cg2d: Sum(rhs),rhsMax =   1.42108547152020E-14  5.34593979141123E-09
 Calling cg2d from S/R CG2D_MAD
 cg2d: Sum(rhs),rhsMax =  -6.03961325396085E-14  5.29640000997776E-09
 Calling cg2d from S/R CG2D_MAD
 cg2d: Sum(rhs),rhsMax =  -6.03961325396085E-14  5.22324322463263E-09
 Calling cg2d from S/R CG2D_MAD
 cg2d: Sum(rhs),rhsMax =   4.61852778244065E-14  5.12834158880438E-09
 Calling cg2d from S/R CG2D_MAD
 cg2d: Sum(rhs),rhsMax =   4.26325641456060E-14  5.01338480722684E-09
 Calling cg2d from S/R CG2D_MAD
 cg2d: Sum(rhs),rhsMax =   4.97379915032070E-14  5.21747517400729E-09
 Calling cg2d from S/R CG2D_MAD
 cg2d: Sum(rhs),rhsMax =  -8.88178419700125E-15  5.41302750388613E-09
 Calling cg2d from S/R CG2D_MAD
 cg2d: Sum(rhs),rhsMax =  -2.93098878501041E-14  5.57791488931301E-09
 Calling cg2d from S/R CG2D_MAD
 cg2d: Sum(rhs),rhsMax =   4.81836792687318E-14  5.71221903715152E-09
 Calling cg2d from S/R CG2D_MAD
 cg2d: Sum(rhs),rhsMax =  -3.06421554796543E-14  5.81657314028922E-09
 Calling cg2d from S/R CG2D_MAD
 cg2d: Sum(rhs),rhsMax =   8.88178419700125E-16  5.89211259442413E-09
 Calling cg2d from S/R CG2D_MAD
 cg2d: Sum(rhs),rhsMax =   2.30926389122033E-14  5.94040857095012E-09
 Calling cg2d from S/R CG2D_MAD
 cg2d: Sum(rhs),rhsMax =   4.08562073062058E-14  5.96338791578649E-09
 Calling cg2d from S/R CG2D_MAD
 cg2d: Sum(rhs),rhsMax =   7.10542735760100E-14  5.96324342678955E-09
 Calling cg2d from S/R CG2D_MAD
 cg2d: Sum(rhs),rhsMax =  -1.77635683940025E-14  5.94233890967567E-09
 Calling cg2d from S/R CG2D_MAD
 cg2d: Sum(rhs),rhsMax =  -3.90798504668055E-14  5.90311351127490E-09
 Calling cg2d from S/R CG2D_MAD
 cg2d: Sum(rhs),rhsMax =   3.55271367880050E-15  5.84798968218999E-09
 Calling cg2d from S/R CG2D_MAD
 cg2d: Sum(rhs),rhsMax =   3.55271367880050E-14  5.77928874616015E-09
 Calling cg2d from S/R CG2D_MAD
 cg2d: Sum(rhs),rhsMax =   8.17124146124115E-14  5.69915748136891E-09
 Calling cg2d from S/R CG2D_MAD
 cg2d: Sum(rhs),rhsMax =   8.52651282912120E-14  5.60950839094380E-09
 Calling cg2d from S/R CG2D_MAD
 cg2d: Sum(rhs),rhsMax =  -2.13162820728030E-14  5.51197550483299E-09
 Calling cg2d from S/R CG2D_MAD
 cg2d: Sum(rhs),rhsMax =  -7.10542735760100E-15  5.40788666610933E-09
 Calling cg2d from S/R CG2D_MAD
 cg2d: Sum(rhs),rhsMax =  -3.55271367880050E-14  5.29825236504376E-09
 Calling cg2d from S/R CG2D_MAD
 cg2d: Sum(rhs),rhsMax =  -4.26325641456060E-14  5.18377034427270E-09
 Calling cg2d from S/R CG2D_MAD
 cg2d: Sum(rhs),rhsMax =   3.55271367880050E-14  5.06484445520610E-09
 Calling cg2d from S/R CG2D_MAD
 cg2d: Sum(rhs),rhsMax =   7.10542735760100E-15  4.94161563439061E-09
 Calling cg2d from S/R CG2D_MAD
 cg2d: Sum(rhs),rhsMax =   2.84217094304040E-14  4.81400241199158E-09
 Calling cg2d from S/R CG2D_MAD
 cg2d: Sum(rhs),rhsMax =  -4.97379915032070E-14  4.68174808214599E-09
 Calling cg2d from S/R CG2D_MAD
 cg2d: Sum(rhs),rhsMax =   7.10542735760100E-15  4.54447156581927E-09
 Calling cg2d from S/R CG2D_MAD
 cg2d: Sum(rhs),rhsMax =   6.39488462184090E-14  4.40171907106766E-09
 Calling cg2d from S/R CG2D_MAD
 cg2d: Sum(rhs),rhsMax =   3.55271367880050E-14  4.25301388061189E-09
 Calling cg2d from S/R CG2D_MAD
 cg2d: Sum(rhs),rhsMax =   1.70530256582424E-13  4.09790194789325E-09
 Calling cg2d from S/R CG2D_MAD
 cg2d: Sum(rhs),rhsMax =   0.00000000000000E+00  3.93599143453330E-09
 Calling cg2d from S/R CG2D_MAD
 cg2d: Sum(rhs),rhsMax =  -9.23705556488130E-14  3.76698484240546E-09
 Calling cg2d from S/R CG2D_MAD
 cg2d: Sum(rhs),rhsMax =   1.27897692436818E-13  3.59070294443063E-09
 Calling cg2d from S/R CG2D_MAD
 cg2d: Sum(rhs),rhsMax =  -1.77635683940025E-14  3.66721172812506E-09
 Calling cg2d from S/R CG2D_MAD
 cg2d: Sum(rhs),rhsMax =  -1.06581410364015E-14  3.83919826513352E-09
 Calling cg2d from S/R CG2D_MAD
 cg2d: Sum(rhs),rhsMax =   4.26325641456060E-14  3.98295257794219E-09
 Calling cg2d from S/R CG2D_MAD
 cg2d: Sum(rhs),rhsMax =  -6.39488462184090E-14  4.09784859495447E-09
 Calling cg2d from S/R CG2D_MAD
 cg2d: Sum(rhs),rhsMax =   3.55271367880050E-14  4.18354804654464E-09
 cg2d: Sum(rhs),rhsMax =   4.54747350886464E-13  1.93568444643793E+00
 cg2d: Sum(rhs),rhsMax =   9.23705556488130E-13  1.93576335482255E+00
 cg2d: Sum(rhs),rhsMax =   7.67386154620908E-13  1.93584171904080E+00
 cg2d: Sum(rhs),rhsMax =   4.12114786740858E-13  1.93591953913990E+00
 cg2d: Sum(rhs),rhsMax =   4.68958205601666E-13  1.93599681517829E+00
 cg2d: Sum(rhs),rhsMax =   4.12114786740858E-13  1.93607354722011E+00
 cg2d: Sum(rhs),rhsMax =   5.25801624462474E-13  1.93614973533185E+00
 cg2d: Sum(rhs),rhsMax =   6.25277607468888E-13  1.93622537958142E+00
 cg2d: Sum(rhs),rhsMax =   6.67910171614494E-13  1.93630048003734E+00
 cg2d: Sum(rhs),rhsMax =   7.81597009336110E-13  1.93637503676829E+00
 cg2d: Sum(rhs),rhsMax =   1.22213350550737E-12  1.93644904984247E+00
 cg2d: Sum(rhs),rhsMax =   7.10542735760100E-13  1.93652251084128E+00
 cg2d: Sum(rhs),rhsMax =   8.38440428196918E-13  1.93659543271530E+00
 cg2d: Sum(rhs),rhsMax =   7.95807864051312E-13  1.93666781680667E+00
 cg2d: Sum(rhs),rhsMax =   2.27373675443232E-13  1.93673966115095E+00
 cg2d: Sum(rhs),rhsMax =   9.09494701772928E-13  1.93681096496432E+00
 cg2d: Sum(rhs),rhsMax =   8.24229573481716E-13  1.93688172875568E+00
 cg2d: Sum(rhs),rhsMax =   7.10542735760100E-13  1.93695195356343E+00
 cg2d: Sum(rhs),rhsMax =   4.26325641456060E-13  1.93702164043114E+00
 cg2d: Sum(rhs),rhsMax =   5.68434188608080E-13  1.93709079027513E+00
 cg2d: Sum(rhs),rhsMax =   7.95807864051312E-13  1.93715940391678E+00
 cg2d: Sum(rhs),rhsMax =   3.26849658449646E-13  1.93722748211796E+00
 cg2d: Sum(rhs),rhsMax =   4.68958205601666E-13  1.93729502559123E+00
 cg2d: Sum(rhs),rhsMax =   5.68434188608080E-13  1.93736203499913E+00
 cg2d: Sum(rhs),rhsMax =   5.82645043323282E-13  1.93742851095181E+00
 cg2d: Sum(rhs),rhsMax =   6.11066752753686E-13  1.93749445400491E+00
 cg2d: Sum(rhs),rhsMax =   5.82645043323282E-13  1.93755986465778E+00
 cg2d: Sum(rhs),rhsMax =   1.02318153949454E-12  1.93762474335235E+00
 cg2d: Sum(rhs),rhsMax =   8.10018718766514E-13  1.93768909047244E+00
 cg2d: Sum(rhs),rhsMax =   3.97903932025656E-13  1.93775290634385E+00
 cg2d: Sum(rhs),rhsMax =   7.38964445190504E-13  1.93781619123509E+00
 cg2d: Sum(rhs),rhsMax =   8.66862137627322E-13  1.93787894535841E+00
 cg2d: Sum(rhs),rhsMax =   5.96855898038484E-13  1.93794116887126E+00
 cg2d: Sum(rhs),rhsMax =   9.23705556488130E-13  1.93800286187763E+00
 cg2d: Sum(rhs),rhsMax =   6.53699316899292E-13  1.93806402442953E+00
 cg2d: Sum(rhs),rhsMax =   5.11590769747272E-13  1.93812465652821E+00
 cg2d: Sum(rhs),rhsMax =   7.38964445190504E-13  1.93818475812572E+00
 cg2d: Sum(rhs),rhsMax =   3.26849658449646E-13  1.93824432912662E+00
 cg2d: Sum(rhs),rhsMax =   5.54223333892878E-13  1.93830336939038E+00
 cg2d: Sum(rhs),rhsMax =   5.96855898038484E-13  1.93836116298171E+00
 cg2d: Sum(rhs),rhsMax =   6.67910171614494E-13  1.93841858617185E+00
 cg2d: Sum(rhs),rhsMax =   3.26849658449646E-13  1.93847548238650E+00
 cg2d: Sum(rhs),rhsMax =   4.68958205601666E-13  1.93853178913936E+00
 cg2d: Sum(rhs),rhsMax =   6.39488462184090E-13  1.93858751002915E+00
 cg2d: Sum(rhs),rhsMax =   9.66338120633736E-13  1.93864263962979E+00
 cg2d: Sum(rhs),rhsMax =   1.08002495835535E-12  1.93869716680955E+00
 cg2d: Sum(rhs),rhsMax =   8.66862137627322E-13  1.93875108089981E+00
 cg2d: Sum(rhs),rhsMax =   7.38964445190504E-13  1.93880437202617E+00
 cg2d: Sum(rhs),rhsMax =   2.84217094304040E-13  1.93885703078106E+00
 cg2d: Sum(rhs),rhsMax =   8.24229573481716E-13  1.93890904828486E+00
 cg2d: Sum(rhs),rhsMax =   2.70006239588838E-13  1.93896041633172E+00
 cg2d: Sum(rhs),rhsMax =   2.55795384873636E-13  1.93901112748906E+00
 cg2d: Sum(rhs),rhsMax =   7.38964445190504E-13  1.93906117516033E+00
 cg2d: Sum(rhs),rhsMax =   8.66862137627322E-13  1.93911055363119E+00
 cg2d: Sum(rhs),rhsMax =   8.38440428196918E-13  1.93915925810657E+00
 cg2d: Sum(rhs),rhsMax =   1.10844666778576E-12  1.93920728473974E+00
 cg2d: Sum(rhs),rhsMax =   2.84217094304040E-13  1.93925463065388E+00
 cg2d: Sum(rhs),rhsMax =   8.81072992342524E-13  1.93930129395609E+00
 cg2d: Sum(rhs),rhsMax =   8.10018718766514E-13  1.93934727374390E+00
 cg2d: Sum(rhs),rhsMax =   1.98951966012828E-13  1.93939257010398E+00
 cg2d: Sum(rhs),rhsMax =   1.06581410364015E-12  1.93943718410320E+00
 cg2d: Sum(rhs),rhsMax =   1.20792265079217E-12  1.93948111777149E+00
 cg2d: Sum(rhs),rhsMax =   5.82645043323282E-13  1.93952437407735E+00
 cg2d: Sum(rhs),rhsMax =   1.27897692436818E-13  1.93956695689568E+00
 cg2d: Sum(rhs),rhsMax =   9.52127265918534E-13  1.93960887096907E+00
 cg2d: Sum(rhs),rhsMax =   5.82645043323282E-13  1.93965012186296E+00
 cg2d: Sum(rhs),rhsMax =   1.10844666778576E-12  1.93969071591548E+00
 cg2d: Sum(rhs),rhsMax =   9.80548975348938E-13  1.93973066018250E+00
 cg2d: Sum(rhs),rhsMax =   4.40536496171262E-13  1.93976996237832E+00
 cg2d: Sum(rhs),rhsMax =   4.83169060316868E-13  1.93980863081241E+00
 cg2d: Sum(rhs),rhsMax =   9.09494701772928E-13  1.93984667432235E+00
 cg2d: Sum(rhs),rhsMax =   6.67910171614494E-13  1.93988410220343E+00
 Calling cg2d from S/R CG2D_MAD
 cg2d: Sum(rhs),rhsMax =  -2.13162820728030E-14  4.23998525726774E-09
 Calling cg2d from S/R CG2D_MAD
 cg2d: Sum(rhs),rhsMax =   6.21724893790088E-14  4.26734863059698E-09
 Calling cg2d from S/R CG2D_MAD
 cg2d: Sum(rhs),rhsMax =   2.84217094304040E-14  4.26606009035098E-09
 Calling cg2d from S/R CG2D_MAD
 cg2d: Sum(rhs),rhsMax =   6.92779167366098E-14  4.23675363109653E-09
 Calling cg2d from S/R CG2D_MAD
 cg2d: Sum(rhs),rhsMax =  -1.59872115546023E-14  4.18025396091055E-09
 Calling cg2d from S/R CG2D_MAD
 cg2d: Sum(rhs),rhsMax =   2.27373675443232E-13  4.09755601094900E-09
 Calling cg2d from S/R CG2D_MAD
 cg2d: Sum(rhs),rhsMax =  -1.22568621918617E-13  3.98980585540193E-09
 Calling cg2d from S/R CG2D_MAD
 cg2d: Sum(rhs),rhsMax =   2.66453525910038E-14  3.85828335061588E-09
 Calling cg2d from S/R CG2D_MAD
 cg2d: Sum(rhs),rhsMax =   1.04805053524615E-13  3.70438658012794E-09
 Calling cg2d from S/R CG2D_MAD
 cg2d: Sum(rhs),rhsMax =   1.42108547152020E-14  3.52961799748815E-09
 Calling cg2d from S/R CG2D_MAD
 cg2d: Sum(rhs),rhsMax =   2.00728322852228E-13  3.33557200240087E-09
 Calling cg2d from S/R CG2D_MAD
 cg2d: Sum(rhs),rhsMax =  -6.75015598972095E-14  3.12392357561657E-09
 Calling cg2d from S/R CG2D_MAD
 cg2d: Sum(rhs),rhsMax =  -1.95399252334028E-14  3.11026192545739E-09
 Calling cg2d from S/R CG2D_MAD
 cg2d: Sum(rhs),rhsMax =  -2.78888023785839E-13  3.16687834546642E-09
 Calling cg2d from S/R CG2D_MAD
 cg2d: Sum(rhs),rhsMax =   1.68753899743024E-13  3.35008461121061E-09
 Calling cg2d from S/R CG2D_MAD
 cg2d: Sum(rhs),rhsMax =   1.70530256582424E-13  3.55963667484329E-09
 Calling cg2d from S/R CG2D_MAD
 cg2d: Sum(rhs),rhsMax =   1.77635683940025E-13  3.75783344766414E-09
 Calling cg2d from S/R CG2D_MAD
 cg2d: Sum(rhs),rhsMax =   2.04281036531029E-14  3.94419918149608E-09
 Calling cg2d from S/R CG2D_MAD
 cg2d: Sum(rhs),rhsMax =  -1.77635683940025E-13  4.11831689000950E-09
 Calling cg2d from S/R CG2D_MAD
 cg2d: Sum(rhs),rhsMax =   5.86197757002083E-14  4.27982429203933E-09
 Calling cg2d from S/R CG2D_MAD
 cg2d: Sum(rhs),rhsMax =   2.22044604925031E-14  4.42840796393210E-09
 Calling cg2d from S/R CG2D_MAD
 cg2d: Sum(rhs),rhsMax =  -1.50990331349021E-14  4.56379617883995E-09
 Calling cg2d from S/R CG2D_MAD
 cg2d: Sum(rhs),rhsMax =   3.10862446895044E-15  4.68575102564159E-09
 Calling cg2d from S/R CG2D_MAD
 cg2d: Sum(rhs),rhsMax =  -4.95159468982820E-14  4.79406046903142E-09
 Calling cg2d from S/R CG2D_MAD
 cg2d: Sum(rhs),rhsMax =  -3.23074900165921E-14  4.88853103139059E-09
 Calling cg2d from S/R CG2D_MAD
 cg2d: Sum(rhs),rhsMax =  -1.71529457304587E-14  4.96898174591661E-09
 Calling cg2d from S/R CG2D_MAD
 cg2d: Sum(rhs),rhsMax =   2.88657986402541E-14  5.03523995219767E-09
 Calling cg2d from S/R CG2D_MAD
 cg2d: Sum(rhs),rhsMax =   6.52811138479592E-14  5.08713938604991E-09
 Calling cg2d from S/R CG2D_MAD
 cg2d: Sum(rhs),rhsMax =  -2.30926389122033E-14  5.12452086368879E-09
 Calling cg2d from S/R CG2D_MAD
 cg2d: Sum(rhs),rhsMax =  -1.06581410364015E-14  5.14723568676240E-09
 Calling cg2d from S/R CG2D_MAD
 cg2d: Sum(rhs),rhsMax =  -6.48370246381091E-14  5.15515171078870E-09
 Calling cg2d from S/R CG2D_MAD
 cg2d: Sum(rhs),rhsMax =   1.50990331349021E-14  5.14816183680323E-09
 Calling cg2d from S/R CG2D_MAD
 cg2d: Sum(rhs),rhsMax =  -1.19015908239817E-13  5.12619451801106E-09
 Calling cg2d from S/R CG2D_MAD
 cg2d: Sum(rhs),rhsMax =  -8.34887714518118E-14  5.08922573136457E-09
 Calling cg2d from S/R CG2D_MAD
 cg2d: Sum(rhs),rhsMax =  -1.20792265079217E-13  5.03729175636557E-09
 Calling cg2d from S/R CG2D_MAD
 cg2d: Sum(rhs),rhsMax =   9.76996261670138E-14  4.97050196833355E-09
 Calling cg2d from S/R CG2D_MAD
 cg2d: Sum(rhs),rhsMax =  -4.79616346638068E-14  4.88910681612842E-09
 Calling cg2d from S/R CG2D_MAD
 cg2d: Sum(rhs),rhsMax =  -1.91846538655227E-13  4.79324615445540E-09
 Calling cg2d from S/R CG2D_MAD
 cg2d: Sum(rhs),rhsMax =  -3.90798504668055E-14  4.68341340977508E-09
 Calling cg2d from S/R CG2D_MAD
 cg2d: Sum(rhs),rhsMax =  -5.32907051820075E-14  4.56014754177816E-09
 Calling cg2d from S/R CG2D_MAD
 cg2d: Sum(rhs),rhsMax =   1.06581410364015E-14  4.42403757025280E-09
 Calling cg2d from S/R CG2D_MAD
 cg2d: Sum(rhs),rhsMax =  -4.61852778244065E-14  4.27579784587766E-09
 Calling cg2d from S/R CG2D_MAD
 cg2d: Sum(rhs),rhsMax =  -1.95399252334028E-13  4.11626621252771E-09
 Calling cg2d from S/R CG2D_MAD
 cg2d: Sum(rhs),rhsMax =   9.23705556488130E-14  3.94638042342720E-09
 Calling cg2d from S/R CG2D_MAD
 cg2d: Sum(rhs),rhsMax =   2.13162820728030E-14  3.76716241667902E-09
 Calling cg2d from S/R CG2D_MAD
 cg2d: Sum(rhs),rhsMax =  -3.55271367880050E-14  3.57970465172482E-09
 Calling cg2d from S/R CG2D_MAD
 cg2d: Sum(rhs),rhsMax =   3.55271367880050E-14  3.38515347688902E-09
 Calling cg2d from S/R CG2D_MAD
 cg2d: Sum(rhs),rhsMax =  -1.42108547152020E-14  3.18468979745600E-09
 Calling cg2d from S/R CG2D_MAD
 cg2d: Sum(rhs),rhsMax =  -2.13162820728030E-14  2.97950834180689E-09
 Calling cg2d from S/R CG2D_MAD
 cg2d: Sum(rhs),rhsMax =  -1.13686837721616E-13  2.77079649522245E-09
 Calling cg2d from S/R CG2D_MAD
 cg2d: Sum(rhs),rhsMax =  -8.52651282912120E-14  2.80810940453784E-09
 Calling cg2d from S/R CG2D_MAD
 cg2d: Sum(rhs),rhsMax =   1.42108547152020E-14  2.89476686305138E-09
 Calling cg2d from S/R CG2D_MAD
 cg2d: Sum(rhs),rhsMax =   6.39488462184090E-14  2.96012823019209E-09
 Calling cg2d from S/R CG2D_MAD
 cg2d: Sum(rhs),rhsMax =  -9.23705556488130E-14  3.00392009304403E-09
 Calling cg2d from S/R CG2D_MAD
 cg2d: Sum(rhs),rhsMax =  -7.10542735760100E-14  3.02608419680818E-09
 Calling cg2d from S/R CG2D_MAD
 cg2d: Sum(rhs),rhsMax =  -2.84217094304040E-14  3.02677535213446E-09
 Calling cg2d from S/R CG2D_MAD
 cg2d: Sum(rhs),rhsMax =  -7.10542735760100E-15  3.00635536739848E-09
 Calling cg2d from S/R CG2D_MAD
 cg2d: Sum(rhs),rhsMax =   6.39488462184090E-14  2.96538321357630E-09
 Calling cg2d from S/R CG2D_MAD
 cg2d: Sum(rhs),rhsMax =  -2.13162820728030E-14  2.90460174791679E-09
 Calling cg2d from S/R CG2D_MAD
 cg2d: Sum(rhs),rhsMax =  -3.55271367880050E-14  2.82492142554967E-09
 Calling cg2d from S/R CG2D_MAD
 cg2d: Sum(rhs),rhsMax =   2.13162820728030E-14  2.72740151211746E-09
 Calling cg2d from S/R CG2D_MAD
 cg2d: Sum(rhs),rhsMax =   4.97379915032070E-14  2.65829380288053E-09
 Calling cg2d from S/R CG2D_MAD
 cg2d: Sum(rhs),rhsMax =  -6.39488462184090E-14  2.66842305814851E-09
 Calling cg2d from S/R CG2D_MAD
 cg2d: Sum(rhs),rhsMax =  -1.42108547152020E-13  2.66105712432305E-09
 Calling cg2d from S/R CG2D_MAD
 cg2d: Sum(rhs),rhsMax =   7.10542735760100E-15  2.63607752028508E-09
 Calling cg2d from S/R CG2D_MAD
 cg2d: Sum(rhs),rhsMax =  -3.19744231092045E-14  2.59350315082644E-09
 Calling cg2d from S/R CG2D_MAD
 cg2d: Sum(rhs),rhsMax =   1.77635683940025E-14  2.53348035243776E-09
 Calling cg2d from S/R CG2D_MAD
 cg2d: Sum(rhs),rhsMax =   1.06581410364015E-14  2.45630887703521E-09
 Calling cg2d from S/R CG2D_MAD
 cg2d: Sum(rhs),rhsMax =  -9.59232693276135E-14  2.36245322553974E-09
 Calling cg2d from S/R CG2D_MAD
 cg2d: Sum(rhs),rhsMax =  -8.17124146124115E-14  2.33974140421578E-09
 Calling cg2d from S/R CG2D_MAD
 cg2d: Sum(rhs),rhsMax =  -7.47735207085043E-14  2.45887142424550E-09
 Calling cg2d from S/R CG2D_MAD
 cg2d: Sum(rhs),rhsMax =  -1.50990331349021E-14  2.56540262902402E-09
 cg2d: Sum(rhs),rhsMax =   1.12265752250096E-12  1.92857899990590E+00
 cg2d: Sum(rhs),rhsMax =   1.30739863379858E-12  1.92869670188308E+00
 cg2d: Sum(rhs),rhsMax =   3.12638803734444E-13  1.92881387714620E+00
 cg2d: Sum(rhs),rhsMax =  -5.68434188608080E-14  1.92893052527365E+00
 cg2d: Sum(rhs),rhsMax =   1.02318153949454E-12  1.92904664584226E+00
 cg2d: Sum(rhs),rhsMax =   9.09494701772928E-13  1.92916223842715E+00
 cg2d: Sum(rhs),rhsMax =   6.25277607468888E-13  1.92927730260189E+00
 cg2d: Sum(rhs),rhsMax =   3.97903932025656E-13  1.92939183793842E+00
 cg2d: Sum(rhs),rhsMax =   2.27373675443232E-13  1.92950584400732E+00
 cg2d: Sum(rhs),rhsMax =   6.96331881044898E-13  1.92961932037779E+00
 cg2d: Sum(rhs),rhsMax =   6.82121026329696E-13  1.92973226661784E+00
 cg2d: Sum(rhs),rhsMax =   6.67910171614494E-13  1.92984468229466E+00
 cg2d: Sum(rhs),rhsMax =   1.98951966012828E-13  1.92995656697502E+00
 cg2d: Sum(rhs),rhsMax =   9.80548975348938E-13  1.93006792022564E+00
 cg2d: Sum(rhs),rhsMax =   9.23705556488130E-13  1.93017874161338E+00
 cg2d: Sum(rhs),rhsMax =   7.24753590475302E-13  1.93028903070541E+00
 cg2d: Sum(rhs),rhsMax =   9.23705556488130E-13  1.93039878706967E+00
 cg2d: Sum(rhs),rhsMax =   4.40536496171262E-13  1.93050801027531E+00
 cg2d: Sum(rhs),rhsMax =   6.39488462184090E-13  1.93061669989318E+00
 cg2d: Sum(rhs),rhsMax =   3.41060513164848E-13  1.93072485549639E+00
 cg2d: Sum(rhs),rhsMax =   1.08002495835535E-12  1.93083247666079E+00
 cg2d: Sum(rhs),rhsMax =   8.10018718766514E-13  1.93093956296559E+00
 cg2d: Sum(rhs),rhsMax =   2.84217094304040E-13  1.93104611399374E+00
 cg2d: Sum(rhs),rhsMax =   5.54223333892878E-13  1.93115212933257E+00
 cg2d: Sum(rhs),rhsMax =   5.54223333892878E-13  1.93125760857431E+00
 cg2d: Sum(rhs),rhsMax =   3.83693077310454E-13  1.93136255131335E+00
 cg2d: Sum(rhs),rhsMax =   6.39488462184090E-13  1.93146695714962E+00
 cg2d: Sum(rhs),rhsMax =   3.69482222595252E-13  1.93157082569487E+00
 cg2d: Sum(rhs),rhsMax =   7.67386154620908E-13  1.93167415657220E+00
 cg2d: Sum(rhs),rhsMax =   7.10542735760100E-13  1.93177694941151E+00
 cg2d: Sum(rhs),rhsMax =   3.83693077310454E-13  1.93187920384710E+00
 cg2d: Sum(rhs),rhsMax =   5.11590769747272E-13  1.93198091951891E+00
 cg2d: Sum(rhs),rhsMax =   6.25277607468888E-13  1.93208209607499E+00
 cg2d: Sum(rhs),rhsMax =   8.52651282912120E-13  1.93218273317348E+00
 cg2d: Sum(rhs),rhsMax =   6.67910171614494E-13  1.93228283048342E+00
 cg2d: Sum(rhs),rhsMax =   8.24229573481716E-13  1.93238238768493E+00
 cg2d: Sum(rhs),rhsMax =   3.97903932025656E-13  1.93248140446939E+00
 cg2d: Sum(rhs),rhsMax =   7.67386154620908E-13  1.93257988053936E+00
 cg2d: Sum(rhs),rhsMax =   4.83169060316868E-13  1.93267781560891E+00
 cg2d: Sum(rhs),rhsMax =   7.95807864051312E-13  1.93277520940368E+00
 cg2d: Sum(rhs),rhsMax =   4.26325641456060E-13  1.93287206166122E+00
 cg2d: Sum(rhs),rhsMax =   2.84217094304040E-13  1.93296837213107E+00
 cg2d: Sum(rhs),rhsMax =   6.96331881044898E-13  1.93306414057507E+00
 cg2d: Sum(rhs),rhsMax =   7.95807864051312E-13  1.93315936676738E+00
 cg2d: Sum(rhs),rhsMax =   6.39488462184090E-13  1.93325405049457E+00
 cg2d: Sum(rhs),rhsMax =   6.53699316899292E-13  1.93334819155571E+00
 cg2d: Sum(rhs),rhsMax =   8.66862137627322E-13  1.93344178976227E+00
 cg2d: Sum(rhs),rhsMax =   6.39488462184090E-13  1.93353484493810E+00
 cg2d: Sum(rhs),rhsMax =   7.53175299905706E-13  1.93362735691927E+00
 cg2d: Sum(rhs),rhsMax =   8.95283847057726E-13  1.93371932555399E+00
 cg2d: Sum(rhs),rhsMax =   6.67910171614494E-13  1.93381075070232E+00
 cg2d: Sum(rhs),rhsMax =   7.67386154620908E-13  1.93390163223594E+00
 cg2d: Sum(rhs),rhsMax =   1.27897692436818E-12  1.93399197003795E+00
 cg2d: Sum(rhs),rhsMax =   9.66338120633736E-13  1.93408176400248E+00
 cg2d: Sum(rhs),rhsMax =   8.95283847057726E-13  1.93417101403445E+00
 cg2d: Sum(rhs),rhsMax =   1.56319401867222E-13  1.93425972004916E+00
 cg2d: Sum(rhs),rhsMax =   5.96855898038484E-13  1.93434788197188E+00
 cg2d: Sum(rhs),rhsMax =   2.98427949019242E-13  1.93443549973748E+00
 cg2d: Sum(rhs),rhsMax =   5.68434188608080E-13  1.93452257328998E+00
 cg2d: Sum(rhs),rhsMax =   7.81597009336110E-13  1.93460910258195E+00
 cg2d: Sum(rhs),rhsMax =   7.38964445190504E-13  1.93469508757425E+00
 cg2d: Sum(rhs),rhsMax =   9.80548975348938E-13  1.93478052823526E+00
 cg2d: Sum(rhs),rhsMax =   9.94759830064140E-13  1.93486542454047E+00
 cg2d: Sum(rhs),rhsMax =   1.12265752250096E-12  1.93494977647197E+00
 cg2d: Sum(rhs),rhsMax =   5.96855898038484E-13  1.93503358401781E+00
 cg2d: Sum(rhs),rhsMax =   6.25277607468888E-13  1.93511684717146E+00
 cg2d: Sum(rhs),rhsMax =   9.52127265918534E-13  1.93519956593132E+00
 cg2d: Sum(rhs),rhsMax =   5.82645043323282E-13  1.93528174030007E+00
 cg2d: Sum(rhs),rhsMax =   0.00000000000000E+00  1.93536337028419E+00
 cg2d: Sum(rhs),rhsMax =   8.38440428196918E-13  1.93544445589338E+00
 cg2d: Sum(rhs),rhsMax =   6.25277607468888E-13  1.93552499703348E+00
 cg2d: Sum(rhs),rhsMax =   3.83693077310454E-13  1.93560499385334E+00
 Calling cg2d from S/R CG2D_MAD
 cg2d: Sum(rhs),rhsMax =  -2.66453525910038E-14  2.65864428117905E-09
 Calling cg2d from S/R CG2D_MAD
 cg2d: Sum(rhs),rhsMax =   1.17239551400417E-13  2.73792932564659E-09
 Calling cg2d from S/R CG2D_MAD
 cg2d: Sum(rhs),rhsMax =   2.84217094304040E-14  2.86538755792986E-09
 Calling cg2d from S/R CG2D_MAD
 cg2d: Sum(rhs),rhsMax =  -1.42108547152020E-14  3.04433065173721E-09
 Calling cg2d from S/R CG2D_MAD
 cg2d: Sum(rhs),rhsMax =   7.10542735760100E-15  3.21261627273477E-09
 Calling cg2d from S/R CG2D_MAD
 cg2d: Sum(rhs),rhsMax =  -3.55271367880050E-15  3.36984218525915E-09
 Calling cg2d from S/R CG2D_MAD
 cg2d: Sum(rhs),rhsMax =   1.17239551400417E-13  3.51653331485217E-09
 Calling cg2d from S/R CG2D_MAD
 cg2d: Sum(rhs),rhsMax =   3.19744231092045E-14  3.65100631511228E-09
 Calling cg2d from S/R CG2D_MAD
 cg2d: Sum(rhs),rhsMax =   6.03961325396085E-14  3.77267707034537E-09
 Calling cg2d from S/R CG2D_MAD
 cg2d: Sum(rhs),rhsMax =  -6.75015598972095E-14  3.88262963371634E-09
 Calling cg2d from S/R CG2D_MAD
 cg2d: Sum(rhs),rhsMax =   4.26325641456060E-14  3.98159267013718E-09
 Calling cg2d from S/R CG2D_MAD
 cg2d: Sum(rhs),rhsMax =  -7.10542735760100E-14  4.06936622920291E-09
 Calling cg2d from S/R CG2D_MAD
 cg2d: Sum(rhs),rhsMax =  -1.49213974509621E-13  4.14556278756798E-09
 Calling cg2d from S/R CG2D_MAD
 cg2d: Sum(rhs),rhsMax =  -4.26325641456060E-14  4.21010809522036E-09
 Calling cg2d from S/R CG2D_MAD
 cg2d: Sum(rhs),rhsMax =  -1.42108547152020E-14  4.26319228037975E-09
 Calling cg2d from S/R CG2D_MAD
 cg2d: Sum(rhs),rhsMax =  -4.26325641456060E-14  4.30507385306963E-09
 Calling cg2d from S/R CG2D_MAD
 cg2d: Sum(rhs),rhsMax =  -2.13162820728030E-14  4.33598138491066E-09
 Calling cg2d from S/R CG2D_MAD
 cg2d: Sum(rhs),rhsMax =  -3.55271367880050E-14  4.35610634768351E-09
 Calling cg2d from S/R CG2D_MAD
 cg2d: Sum(rhs),rhsMax =  -8.52651282912120E-14  4.36562083859151E-09
 Calling cg2d from S/R CG2D_MAD
 cg2d: Sum(rhs),rhsMax =   7.10542735760100E-14  4.36468868672358E-09
 Calling cg2d from S/R CG2D_MAD
 cg2d: Sum(rhs),rhsMax =   1.42108547152020E-14  4.35346828851220E-09
 Calling cg2d from S/R CG2D_MAD
 cg2d: Sum(rhs),rhsMax =   7.10542735760100E-15  4.33211273153947E-09
 Calling cg2d from S/R CG2D_MAD
 cg2d: Sum(rhs),rhsMax =   2.84217094304040E-14  4.30077047822465E-09
 Calling cg2d from S/R CG2D_MAD
 cg2d: Sum(rhs),rhsMax =   3.55271367880050E-14  4.25958735903131E-09
 Calling cg2d from S/R CG2D_MAD
 cg2d: Sum(rhs),rhsMax =   0.00000000000000E+00  4.20870967252301E-09
 Calling cg2d from S/R CG2D_MAD
 cg2d: Sum(rhs),rhsMax =  -1.42108547152020E-14  4.14828805008573E-09
 Calling cg2d from S/R CG2D_MAD
 cg2d: Sum(rhs),rhsMax =  -4.97379915032070E-14  4.07848177535065E-09
 Calling cg2d from S/R CG2D_MAD
 cg2d: Sum(rhs),rhsMax =  -1.06581410364015E-14  3.99946326894104E-09
 Calling cg2d from S/R CG2D_MAD
 cg2d: Sum(rhs),rhsMax =  -7.10542735760100E-15  3.91142246419217E-09
 Calling cg2d from S/R CG2D_MAD
 cg2d: Sum(rhs),rhsMax =   4.61852778244065E-14  3.81457083361763E-09
 Calling cg2d from S/R CG2D_MAD
 cg2d: Sum(rhs),rhsMax =   7.10542735760100E-14  3.70914488211089E-09
 Calling cg2d from S/R CG2D_MAD
 cg2d: Sum(rhs),rhsMax =  -3.19744231092045E-14  3.59540898850529E-09
 Calling cg2d from S/R CG2D_MAD
 cg2d: Sum(rhs),rhsMax =   4.61852778244065E-14  3.47365753565742E-09
 Calling cg2d from S/R CG2D_MAD
 cg2d: Sum(rhs),rhsMax =   6.39488462184090E-14  3.34421630907282E-09
 Calling cg2d from S/R CG2D_MAD
 cg2d: Sum(rhs),rhsMax =   1.10134124042816E-13  3.20744316299483E-09
 Calling cg2d from S/R CG2D_MAD
 cg2d: Sum(rhs),rhsMax =   8.52651282912120E-14  3.06372795724506E-09
 Calling cg2d from S/R CG2D_MAD
 cg2d: Sum(rhs),rhsMax =   6.75015598972095E-14  2.91349176884313E-09
 Calling cg2d from S/R CG2D_MAD
 cg2d: Sum(rhs),rhsMax =  -1.77635683940025E-14  2.75718538939901E-09
 Calling cg2d from S/R CG2D_MAD
 cg2d: Sum(rhs),rhsMax =   1.13686837721616E-13  2.59528713735621E-09
 Calling cg2d from S/R CG2D_MAD
 cg2d: Sum(rhs),rhsMax =   1.59872115546023E-14  2.63774469407321E-09
 Calling cg2d from S/R CG2D_MAD
 cg2d: Sum(rhs),rhsMax =   5.86197757002083E-14  2.73321231905786E-09
 Calling cg2d from S/R CG2D_MAD
 cg2d: Sum(rhs),rhsMax =  -1.10134124042816E-13  2.81105134886785E-09
 Calling cg2d from S/R CG2D_MAD
 cg2d: Sum(rhs),rhsMax =   9.99200722162641E-14  2.87087806474527E-09
 Calling cg2d from S/R CG2D_MAD
 cg2d: Sum(rhs),rhsMax =   1.26995636229310E-13  2.91243112674005E-09
 Calling cg2d from S/R CG2D_MAD
 cg2d: Sum(rhs),rhsMax =  -9.94759830064140E-14  2.93557022395794E-09
 Calling cg2d from S/R CG2D_MAD
 cg2d: Sum(rhs),rhsMax =  -1.55431223447522E-13  2.94027408990633E-09
 Calling cg2d from S/R CG2D_MAD
 cg2d: Sum(rhs),rhsMax =  -1.15463194561016E-14  2.92663798078743E-09
 Calling cg2d from S/R CG2D_MAD
 cg2d: Sum(rhs),rhsMax =   1.95399252334028E-14  2.89487070568378E-09
 Calling cg2d from S/R CG2D_MAD
 cg2d: Sum(rhs),rhsMax =  -1.77635683940025E-14  2.84529128616578E-09
 Calling cg2d from S/R CG2D_MAD
 cg2d: Sum(rhs),rhsMax =   1.24344978758018E-14  2.77832530914989E-09
 Calling cg2d from S/R CG2D_MAD
 cg2d: Sum(rhs),rhsMax =  -8.52651282912120E-14  2.69450102149496E-09
 Calling cg2d from S/R CG2D_MAD
 cg2d: Sum(rhs),rhsMax =   2.13162820728030E-14  2.59444489498871E-09
 Calling cg2d from S/R CG2D_MAD
 cg2d: Sum(rhs),rhsMax =  -7.10542735760100E-15  2.47887820625476E-09
 Calling cg2d from S/R CG2D_MAD
 cg2d: Sum(rhs),rhsMax =   1.45661260830821E-13  2.34861195105482E-09
 Calling cg2d from S/R CG2D_MAD
 cg2d: Sum(rhs),rhsMax =  -1.42108547152020E-14  2.20454143282464E-09
 Calling cg2d from S/R CG2D_MAD
 cg2d: Sum(rhs),rhsMax =  -9.23705556488130E-14  2.08009226174986E-09
 Calling cg2d from S/R CG2D_MAD
 cg2d: Sum(rhs),rhsMax =   0.00000000000000E+00  2.21709406108100E-09
 Calling cg2d from S/R CG2D_MAD
 cg2d: Sum(rhs),rhsMax =   3.19744231092045E-14  2.34861995758177E-09
 Calling cg2d from S/R CG2D_MAD
 cg2d: Sum(rhs),rhsMax =  -2.84217094304040E-14  2.47418003031134E-09
 Calling cg2d from S/R CG2D_MAD
 cg2d: Sum(rhs),rhsMax =  -6.39488462184090E-14  2.59331212919973E-09
 Calling cg2d from S/R CG2D_MAD
 cg2d: Sum(rhs),rhsMax =   3.90798504668055E-14  2.70558630072831E-09
 Calling cg2d from S/R CG2D_MAD
 cg2d: Sum(rhs),rhsMax =   1.77635683940025E-14  2.81060889211827E-09
 Calling cg2d from S/R CG2D_MAD
 cg2d: Sum(rhs),rhsMax =  -3.55271367880050E-15  2.90802627281265E-09
 Calling cg2d from S/R CG2D_MAD
 cg2d: Sum(rhs),rhsMax =  -9.23705556488130E-14  2.99752808362380E-09
 Calling cg2d from S/R CG2D_MAD
 cg2d: Sum(rhs),rhsMax =  -1.06581410364015E-14  3.07884991941055E-09
 Calling cg2d from S/R CG2D_MAD
 cg2d: Sum(rhs),rhsMax =   2.48689957516035E-14  3.15177536858000E-09
 Calling cg2d from S/R CG2D_MAD
 cg2d: Sum(rhs),rhsMax =  -1.42108547152020E-14  3.21613735620039E-09
 Calling cg2d from S/R CG2D_MAD
 cg2d: Sum(rhs),rhsMax =   2.48689957516035E-14  3.27181877005169E-09
 Calling cg2d from S/R CG2D_MAD
 cg2d: Sum(rhs),rhsMax =   7.10542735760100E-14  3.31875232745997E-09
 Calling cg2d from S/R CG2D_MAD
 cg2d: Sum(rhs),rhsMax =   5.68434188608080E-14  3.35691967605095E-09
 Calling cg2d from S/R CG2D_MAD
 cg2d: Sum(rhs),rhsMax =   3.90798504668055E-14  3.38634979632580E-09
 Calling cg2d from S/R CG2D_MAD
 cg2d: Sum(rhs),rhsMax =  -2.13162820728030E-13  3.40711676581763E-09
 cg2d: Sum(rhs),rhsMax =   9.09494701772928E-13  1.94369797481884E+00
 cg2d: Sum(rhs),rhsMax =   5.82645043323282E-13  1.94341860406343E+00
 cg2d: Sum(rhs),rhsMax =   7.95807864051312E-13  1.94313877360991E+00
 cg2d: Sum(rhs),rhsMax =   7.53175299905706E-13  1.94285848529712E+00
 cg2d: Sum(rhs),rhsMax =   6.53699316899292E-13  1.94257774096040E+00
 cg2d: Sum(rhs),rhsMax =   7.38964445190504E-13  1.94229654243137E+00
 cg2d: Sum(rhs),rhsMax =   8.81072992342524E-13  1.94201489153768E+00
 cg2d: Sum(rhs),rhsMax =   7.24753590475302E-13  1.94173279010287E+00
 cg2d: Sum(rhs),rhsMax =   6.67910171614494E-13  1.94145023994629E+00
 cg2d: Sum(rhs),rhsMax =   8.81072992342524E-13  1.94116724288296E+00
 cg2d: Sum(rhs),rhsMax =   1.42108547152020E-14  1.94088380072361E+00
 cg2d: Sum(rhs),rhsMax =   8.95283847057726E-13  1.94059991527469E+00
 cg2d: Sum(rhs),rhsMax =   7.10542735760100E-13  1.94031558833834E+00
 cg2d: Sum(rhs),rhsMax =   4.97379915032070E-13  1.94003082171255E+00
 cg2d: Sum(rhs),rhsMax =   6.11066752753686E-13  1.93974561719131E+00
 cg2d: Sum(rhs),rhsMax =   5.96855898038484E-13  1.93945997656475E+00
 cg2d: Sum(rhs),rhsMax =   6.53699316899292E-13  1.93917390161931E+00
 cg2d: Sum(rhs),rhsMax =   7.53175299905706E-13  1.93888739413803E+00
 cg2d: Sum(rhs),rhsMax =   8.10018718766514E-13  1.93860045590081E+00
 cg2d: Sum(rhs),rhsMax =   4.12114786740858E-13  1.93831308868469E+00
 cg2d: Sum(rhs),rhsMax =   6.96331881044898E-13  1.93802529426420E+00
 cg2d: Sum(rhs),rhsMax =   5.25801624462474E-13  1.93773707441167E+00
 cg2d: Sum(rhs),rhsMax =   3.55271367880050E-13  1.93744843089765E+00
 cg2d: Sum(rhs),rhsMax =   5.40012479177676E-13  1.93715936549131E+00
 cg2d: Sum(rhs),rhsMax =   9.66338120633736E-13  1.93686987996079E+00
 cg2d: Sum(rhs),rhsMax =   5.54223333892878E-13  1.93657997607369E+00
 cg2d: Sum(rhs),rhsMax =   1.02318153949454E-12  1.93628965559743E+00
 cg2d: Sum(rhs),rhsMax =   5.96855898038484E-13  1.93599892029981E+00
 cg2d: Sum(rhs),rhsMax =  -4.26325641456060E-14  1.93570777194933E+00
 cg2d: Sum(rhs),rhsMax =   3.83693077310454E-13  1.93541621231575E+00
 cg2d: Sum(rhs),rhsMax =   7.95807864051312E-13  1.93512424317045E+00
 cg2d: Sum(rhs),rhsMax =   2.84217094304040E-13  1.93483186628695E+00
 cg2d: Sum(rhs),rhsMax =   4.54747350886464E-13  1.93453908344132E+00
 cg2d: Sum(rhs),rhsMax =   6.25277607468888E-13  1.93424589641266E+00
 cg2d: Sum(rhs),rhsMax =   7.10542735760100E-13  1.93395230698345E+00
 cg2d: Sum(rhs),rhsMax =   9.37916411203332E-13  1.93365831694005E+00
 cg2d: Sum(rhs),rhsMax =   1.05160324892495E-12  1.93336392807306E+00
 cg2d: Sum(rhs),rhsMax =   9.80548975348938E-13  1.93306914217767E+00
 cg2d: Sum(rhs),rhsMax =   7.38964445190504E-13  1.93277396105408E+00
 cg2d: Sum(rhs),rhsMax =   4.68958205601666E-13  1.93247838650781E+00
 cg2d: Sum(rhs),rhsMax =   7.95807864051312E-13  1.93218242035007E+00
 cg2d: Sum(rhs),rhsMax =   2.13162820728030E-13  1.93188606439799E+00
 cg2d: Sum(rhs),rhsMax =   7.24753590475302E-13  1.93158932047489E+00
 cg2d: Sum(rhs),rhsMax =   8.10018718766514E-13  1.93129219041061E+00
 cg2d: Sum(rhs),rhsMax =   1.10844666778576E-12  1.93099467604166E+00
 cg2d: Sum(rhs),rhsMax =   9.52127265918534E-13  1.93069677921139E+00
 cg2d: Sum(rhs),rhsMax =   3.83693077310454E-13  1.93039850177019E+00
 cg2d: Sum(rhs),rhsMax =   1.02318153949454E-12  1.93009984557559E+00
 cg2d: Sum(rhs),rhsMax =   5.82645043323282E-13  1.92980081249243E+00
 cg2d: Sum(rhs),rhsMax =   8.95283847057726E-13  1.92950140439279E+00
 cg2d: Sum(rhs),rhsMax =   7.10542735760100E-13  1.92920162315618E+00
 cg2d: Sum(rhs),rhsMax =   3.97903932025656E-13  1.92890147066939E+00
 cg2d: Sum(rhs),rhsMax =   7.67386154620908E-13  1.92860094882665E+00
 cg2d: Sum(rhs),rhsMax =   7.10542735760100E-13  1.92830005952937E+00
 cg2d: Sum(rhs),rhsMax =   1.56319401867222E-13  1.92799880468621E+00
 cg2d: Sum(rhs),rhsMax =   4.68958205601666E-13  1.92769718621293E+00
 cg2d: Sum(rhs),rhsMax =   7.38964445190504E-13  1.92739520603222E+00
 cg2d: Sum(rhs),rhsMax =   3.26849658449646E-13  1.92709286607353E+00
 cg2d: Sum(rhs),rhsMax =   5.96855898038484E-13  1.92687610072743E+00
 cg2d: Sum(rhs),rhsMax =   4.40536496171262E-13  1.92700113295450E+00
 cg2d: Sum(rhs),rhsMax =   8.38440428196918E-13  1.92712564430495E+00
 cg2d: Sum(rhs),rhsMax =   9.09494701772928E-13  1.92724963435591E+00
 cg2d: Sum(rhs),rhsMax =   7.24753590475302E-13  1.92737310268716E+00
 cg2d: Sum(rhs),rhsMax =   5.11590769747272E-13  1.92749604888053E+00
 cg2d: Sum(rhs),rhsMax =   8.81072992342524E-13  1.92761847251958E+00
 cg2d: Sum(rhs),rhsMax =   4.26325641456060E-13  1.92774037318898E+00
 cg2d: Sum(rhs),rhsMax =   4.83169060316868E-13  1.92786175047422E+00
 cg2d: Sum(rhs),rhsMax =   5.82645043323282E-13  1.92798260396111E+00
 cg2d: Sum(rhs),rhsMax =   4.40536496171262E-13  1.92810293323547E+00
 cg2d: Sum(rhs),rhsMax =   7.53175299905706E-13  1.92822273788274E+00
 cg2d: Sum(rhs),rhsMax =   2.98427949019242E-13  1.92834201748786E+00
 cg2d: Sum(rhs),rhsMax =   9.09494701772928E-13  1.92846077163464E+00
 Calling cg2d from S/R CG2D_MAD
 cg2d: Sum(rhs),rhsMax =   3.55271367880050E-14  3.41933689714185E-09
 Calling cg2d from S/R CG2D_MAD
 cg2d: Sum(rhs),rhsMax =  -4.97379915032070E-14  3.42316527996517E-09
 Calling cg2d from S/R CG2D_MAD
 cg2d: Sum(rhs),rhsMax =  -1.06581410364015E-14  3.41879182087876E-09
 Calling cg2d from S/R CG2D_MAD
 cg2d: Sum(rhs),rhsMax =  -1.42108547152020E-14  3.40643690961953E-09
 Calling cg2d from S/R CG2D_MAD
 cg2d: Sum(rhs),rhsMax =   2.48689957516035E-14  3.38634683065801E-09
 Calling cg2d from S/R CG2D_MAD
 cg2d: Sum(rhs),rhsMax =   0.00000000000000E+00  3.35878902179568E-09
 Calling cg2d from S/R CG2D_MAD
 cg2d: Sum(rhs),rhsMax =  -3.55271367880050E-15  3.32404727952194E-09
 Calling cg2d from S/R CG2D_MAD
 cg2d: Sum(rhs),rhsMax =   5.32907051820075E-14  3.28241701892060E-09
 Calling cg2d from S/R CG2D_MAD
 cg2d: Sum(rhs),rhsMax =  -1.06581410364015E-14  3.23420070058880E-09
 Calling cg2d from S/R CG2D_MAD
 cg2d: Sum(rhs),rhsMax =   7.81597009336110E-14  3.17970353314585E-09
 Calling cg2d from S/R CG2D_MAD
 cg2d: Sum(rhs),rhsMax =   1.77635683940025E-14  3.11922954972889E-09
 Calling cg2d from S/R CG2D_MAD
 cg2d: Sum(rhs),rhsMax =   8.17124146124115E-14  3.05307814378219E-09
 Calling cg2d from S/R CG2D_MAD
 cg2d: Sum(rhs),rhsMax =   1.06581410364015E-13  2.98154113505233E-09
 Calling cg2d from S/R CG2D_MAD
 cg2d: Sum(rhs),rhsMax =   5.68434188608080E-14  2.90490042121649E-09
 Calling cg2d from S/R CG2D_MAD
 cg2d: Sum(rhs),rhsMax =   8.52651282912120E-14  2.82342625392732E-09
 Calling cg2d from S/R CG2D_MAD
 cg2d: Sum(rhs),rhsMax =  -1.27897692436818E-13  2.73737616046872E-09
 Calling cg2d from S/R CG2D_MAD
 cg2d: Sum(rhs),rhsMax =  -6.75015598972095E-14  2.64699451416773E-09
 Calling cg2d from S/R CG2D_MAD
 cg2d: Sum(rhs),rhsMax =  -7.10542735760100E-14  2.55251273874183E-09
 Calling cg2d from S/R CG2D_MAD
 cg2d: Sum(rhs),rhsMax =   3.19744231092045E-14  2.45415011443788E-09
 Calling cg2d from S/R CG2D_MAD
 cg2d: Sum(rhs),rhsMax =   1.77635683940025E-14  2.35211513762848E-09
 Calling cg2d from S/R CG2D_MAD
 cg2d: Sum(rhs),rhsMax =   7.10542735760100E-15  2.24660737090262E-09
 Calling cg2d from S/R CG2D_MAD
 cg2d: Sum(rhs),rhsMax =  -4.61852778244065E-14  2.13781970802332E-09
 Calling cg2d from S/R CG2D_MAD
 cg2d: Sum(rhs),rhsMax =  -1.42108547152020E-14  2.02594096773183E-09
 Calling cg2d from S/R CG2D_MAD
 cg2d: Sum(rhs),rhsMax =  -3.55271367880050E-15  1.91115872250766E-09
 Calling cg2d from S/R CG2D_MAD
 cg2d: Sum(rhs),rhsMax =   9.94759830064140E-14  1.79366226325430E-09
 Calling cg2d from S/R CG2D_MAD
 cg2d: Sum(rhs),rhsMax =   8.70414851306123E-14  1.67364559853503E-09
 Calling cg2d from S/R CG2D_MAD
 cg2d: Sum(rhs),rhsMax =  -3.10862446895044E-14  1.57089338689254E-09
 Calling cg2d from S/R CG2D_MAD
 cg2d: Sum(rhs),rhsMax =  -1.50990331349021E-14  1.63425055891268E-09
 Calling cg2d from S/R CG2D_MAD
 cg2d: Sum(rhs),rhsMax =   3.39728245535298E-14  1.72358212554946E-09
 Calling cg2d from S/R CG2D_MAD
 cg2d: Sum(rhs),rhsMax =   1.28785870856518E-13  1.80092283953059E-09
 Calling cg2d from S/R CG2D_MAD
 cg2d: Sum(rhs),rhsMax =  -1.27897692436818E-13  1.86582234014823E-09
 Calling cg2d from S/R CG2D_MAD
 cg2d: Sum(rhs),rhsMax =  -3.55271367880050E-15  1.91792603534892E-09
 Calling cg2d from S/R CG2D_MAD
 cg2d: Sum(rhs),rhsMax =  -1.42108547152020E-14  1.95697736591640E-09
 Calling cg2d from S/R CG2D_MAD
 cg2d: Sum(rhs),rhsMax =   5.32907051820075E-14  1.98281910539485E-09
 Calling cg2d from S/R CG2D_MAD
 cg2d: Sum(rhs),rhsMax =  -8.17124146124115E-14  1.99539369504979E-09
 Calling cg2d from S/R CG2D_MAD
 cg2d: Sum(rhs),rhsMax =  -7.10542735760100E-15  1.99474262698155E-09
 Calling cg2d from S/R CG2D_MAD
 cg2d: Sum(rhs),rhsMax =   1.42108547152020E-14  1.98100490171216E-09
 Calling cg2d from S/R CG2D_MAD
 cg2d: Sum(rhs),rhsMax =  -5.68434188608080E-14  1.95441459890569E-09
 Calling cg2d from S/R CG2D_MAD
 cg2d: Sum(rhs),rhsMax =  -4.97379915032070E-14  1.91529761113590E-09
 Calling cg2d from S/R CG2D_MAD
 cg2d: Sum(rhs),rhsMax =  -4.97379915032070E-14  1.86406760058055E-09
 Calling cg2d from S/R CG2D_MAD
 cg2d: Sum(rhs),rhsMax =   7.10542735760100E-15  1.80122124704678E-09
 Calling cg2d from S/R CG2D_MAD
 cg2d: Sum(rhs),rhsMax =  -2.13162820728030E-14  1.72733286269355E-09
 Calling cg2d from S/R CG2D_MAD
 cg2d: Sum(rhs),rhsMax =  -1.42108547152020E-14  1.70123599923701E-09
 Calling cg2d from S/R CG2D_MAD
 cg2d: Sum(rhs),rhsMax =   8.52651282912120E-14  1.84624212713829E-09
 Calling cg2d from S/R CG2D_MAD
 cg2d: Sum(rhs),rhsMax =  -2.84217094304040E-14  1.98692344306760E-09
 Calling cg2d from S/R CG2D_MAD
 cg2d: Sum(rhs),rhsMax =   1.42108547152020E-14  2.12292401289124E-09
 Calling cg2d from S/R CG2D_MAD
 cg2d: Sum(rhs),rhsMax =   7.10542735760100E-15  2.25390422028540E-09
 Calling cg2d from S/R CG2D_MAD
 cg2d: Sum(rhs),rhsMax =   7.10542735760100E-14  2.37953985877274E-09
 Calling cg2d from S/R CG2D_MAD
 cg2d: Sum(rhs),rhsMax =   4.26325641456060E-14  2.49952133049078E-09
 Calling cg2d from S/R CG2D_MAD
 cg2d: Sum(rhs),rhsMax =   8.52651282912120E-14  2.61355300275272E-09
 Calling cg2d from S/R CG2D_MAD
 cg2d: Sum(rhs),rhsMax =  -1.42108547152020E-14  2.72135276442277E-09
 Calling cg2d from S/R CG2D_MAD
 cg2d: Sum(rhs),rhsMax =  -7.81597009336110E-14  2.82265181396288E-09
 Calling cg2d from S/R CG2D_MAD
 cg2d: Sum(rhs),rhsMax =   7.10542735760100E-15  2.91719470011250E-09
 Calling cg2d from S/R CG2D_MAD
 cg2d: Sum(rhs),rhsMax =   5.68434188608080E-14  3.00473962484114E-09
 Calling cg2d from S/R CG2D_MAD
 cg2d: Sum(rhs),rhsMax =  -2.84217094304040E-14  3.08505900687224E-09
 Calling cg2d from S/R CG2D_MAD
 cg2d: Sum(rhs),rhsMax =   7.10542735760100E-15  3.15794029303806E-09
 Calling cg2d from S/R CG2D_MAD
 cg2d: Sum(rhs),rhsMax =   7.10542735760100E-15  3.22318699437119E-09
 Calling cg2d from S/R CG2D_MAD
 cg2d: Sum(rhs),rhsMax =  -1.10134124042816E-13  3.28061991446492E-09
 Calling cg2d from S/R CG2D_MAD
 cg2d: Sum(rhs),rhsMax =   1.77635683940025E-14  3.33007852955988E-09
 Calling cg2d from S/R CG2D_MAD
 cg2d: Sum(rhs),rhsMax =   7.10542735760100E-14  3.37142247326312E-09
 Calling cg2d from S/R CG2D_MAD
 cg2d: Sum(rhs),rhsMax =  -3.55271367880050E-15  3.40453307400401E-09
 Calling cg2d from S/R CG2D_MAD
 cg2d: Sum(rhs),rhsMax =  -7.10542735760100E-15  3.42931489039791E-09
 Calling cg2d from S/R CG2D_MAD
 cg2d: Sum(rhs),rhsMax =  -3.55271367880050E-15  3.44569718872473E-09
 Calling cg2d from S/R CG2D_MAD
 cg2d: Sum(rhs),rhsMax =  -3.90798504668055E-14  3.45363530773800E-09
 Calling cg2d from S/R CG2D_MAD
 cg2d: Sum(rhs),rhsMax =   1.06581410364015E-14  3.45311185896036E-09
 Calling cg2d from S/R CG2D_MAD
 cg2d: Sum(rhs),rhsMax =  -8.88178419700125E-15  3.44413771537233E-09
 Calling cg2d from S/R CG2D_MAD
 cg2d: Sum(rhs),rhsMax =  -2.48689957516035E-14  3.42675274779463E-09
 Calling cg2d from S/R CG2D_MAD
 cg2d: Sum(rhs),rhsMax =   2.84217094304040E-14  3.40102627606462E-09
 Calling cg2d from S/R CG2D_MAD
 cg2d: Sum(rhs),rhsMax =  -4.08562073062058E-14  3.36705721102519E-09
 Calling cg2d from S/R CG2D_MAD
 cg2d: Sum(rhs),rhsMax =   0.00000000000000E+00  3.32497387309077E-09
 Calling cg2d from S/R CG2D_MAD
 cg2d: Sum(rhs),rhsMax =  -3.19744231092045E-14  3.27493348333475E-09
 Calling cg2d from S/R CG2D_MAD
 cg2d: Sum(rhs),rhsMax =  -8.03801469828613E-14  3.21712133335045E-09
 cg2d: Sum(rhs),rhsMax =   7.24753590475302E-13  1.96248966133242E+00
 cg2d: Sum(rhs),rhsMax =   1.08002495835535E-12  1.96224792095346E+00
 cg2d: Sum(rhs),rhsMax =   7.67386154620908E-13  1.96200560321962E+00
 cg2d: Sum(rhs),rhsMax =   1.00897068477934E-12  1.96176270961842E+00
 cg2d: Sum(rhs),rhsMax =   3.69482222595252E-13  1.96151924162961E+00
 cg2d: Sum(rhs),rhsMax =   1.13686837721616E-12  1.96127520072553E+00
 cg2d: Sum(rhs),rhsMax =   5.40012479177676E-13  1.96103058837147E+00
 cg2d: Sum(rhs),rhsMax =   5.25801624462474E-13  1.96078540602631E+00
 cg2d: Sum(rhs),rhsMax =   5.82645043323282E-13  1.96053965514300E+00
 cg2d: Sum(rhs),rhsMax =   3.41060513164848E-13  1.96029333716912E+00
 cg2d: Sum(rhs),rhsMax =   7.24753590475302E-13  1.96004645354762E+00
 cg2d: Sum(rhs),rhsMax =   7.10542735760100E-13  1.95979900571744E+00
 cg2d: Sum(rhs),rhsMax =   1.36424205265939E-12  1.95955099511424E+00
 cg2d: Sum(rhs),rhsMax =   8.52651282912120E-13  1.95930242317123E+00
 cg2d: Sum(rhs),rhsMax =   8.24229573481716E-13  1.95905329131984E+00
 cg2d: Sum(rhs),rhsMax =   6.53699316899292E-13  1.95880360099056E+00
 cg2d: Sum(rhs),rhsMax =   4.54747350886464E-13  1.95855335361380E+00
 cg2d: Sum(rhs),rhsMax =   3.69482222595252E-13  1.95830255062066E+00
 cg2d: Sum(rhs),rhsMax =   5.82645043323282E-13  1.95805119344379E+00
 cg2d: Sum(rhs),rhsMax =   7.10542735760100E-13  1.95779928351826E+00
 cg2d: Sum(rhs),rhsMax =   7.67386154620908E-13  1.95754682228241E+00
 cg2d: Sum(rhs),rhsMax =   3.41060513164848E-13  1.95729381117865E+00
 cg2d: Sum(rhs),rhsMax =   7.67386154620908E-13  1.95704025165433E+00
 cg2d: Sum(rhs),rhsMax =   4.40536496171262E-13  1.95678614516253E+00
 cg2d: Sum(rhs),rhsMax =   4.12114786740858E-13  1.95653149316289E+00
 cg2d: Sum(rhs),rhsMax =   6.25277607468888E-13  1.95627629712234E+00
 cg2d: Sum(rhs),rhsMax =   3.26849658449646E-13  1.95602055851583E+00
 cg2d: Sum(rhs),rhsMax =   3.26849658449646E-13  1.95576427882672E+00
 cg2d: Sum(rhs),rhsMax =   4.97379915032070E-13  1.95550745954742E+00
 cg2d: Sum(rhs),rhsMax =   4.40536496171262E-13  1.95525010218045E+00
 cg2d: Sum(rhs),rhsMax =   6.25277607468888E-13  1.95499220823937E+00
 cg2d: Sum(rhs),rhsMax =   9.09494701772928E-13  1.95473377924937E+00
 cg2d: Sum(rhs),rhsMax =   5.54223333892878E-13  1.95447481674723E+00
 cg2d: Sum(rhs),rhsMax =   7.38964445190504E-13  1.95421532228136E+00
 cg2d: Sum(rhs),rhsMax =   5.68434188608080E-13  1.95395529741213E+00
 cg2d: Sum(rhs),rhsMax =   1.20792265079217E-12  1.95369474371237E+00
 cg2d: Sum(rhs),rhsMax =   6.67910171614494E-13  1.95343366276768E+00
 cg2d: Sum(rhs),rhsMax =   4.54747350886464E-13  1.95317205617682E+00
 cg2d: Sum(rhs),rhsMax =   5.54223333892878E-13  1.95290992555179E+00
 cg2d: Sum(rhs),rhsMax =   7.10542735760100E-13  1.95264727251788E+00
 cg2d: Sum(rhs),rhsMax =   5.25801624462474E-13  1.95238409871382E+00
 cg2d: Sum(rhs),rhsMax =   9.94759830064140E-14  1.95212040579161E+00
 cg2d: Sum(rhs),rhsMax =   6.11066752753686E-13  1.95185619541651E+00
 cg2d: Sum(rhs),rhsMax =   3.41060513164848E-13  1.95159146926691E+00
 cg2d: Sum(rhs),rhsMax =   7.67386154620908E-13  1.95132622903414E+00
 cg2d: Sum(rhs),rhsMax =   9.94759830064140E-14  1.95106047642222E+00
 cg2d: Sum(rhs),rhsMax =   3.97903932025656E-13  1.95079421314756E+00
 cg2d: Sum(rhs),rhsMax =   8.24229573481716E-13  1.95052744093867E+00
 cg2d: Sum(rhs),rhsMax =   8.38440428196918E-13  1.95026016153578E+00
 cg2d: Sum(rhs),rhsMax =   6.25277607468888E-13  1.94999237669033E+00
 cg2d: Sum(rhs),rhsMax =   4.12114786740858E-13  1.94972408816461E+00
 cg2d: Sum(rhs),rhsMax =   6.25277607468888E-13  1.94945529773121E+00
 cg2d: Sum(rhs),rhsMax =   8.66862137627322E-13  1.94918600717248E+00
 cg2d: Sum(rhs),rhsMax =   7.38964445190504E-13  1.94891621827997E+00
 cg2d: Sum(rhs),rhsMax =   6.96331881044898E-13  1.94864593285385E+00
 cg2d: Sum(rhs),rhsMax =   4.83169060316868E-13  1.94837515270227E+00
 cg2d: Sum(rhs),rhsMax =   7.24753590475302E-13  1.94810387964077E+00
 cg2d: Sum(rhs),rhsMax =   6.53699316899292E-13  1.94783211549159E+00
 cg2d: Sum(rhs),rhsMax =   3.97903932025656E-13  1.94755986208303E+00
 cg2d: Sum(rhs),rhsMax =   6.11066752753686E-13  1.94728712124878E+00
 cg2d: Sum(rhs),rhsMax =   1.09423581307055E-12  1.94701389482735E+00
 cg2d: Sum(rhs),rhsMax =   1.23634436022257E-12  1.94674018466117E+00
 cg2d: Sum(rhs),rhsMax =   8.24229573481716E-13  1.94646599259623E+00
 cg2d: Sum(rhs),rhsMax =   5.68434188608080E-13  1.94619132048125E+00
 cg2d: Sum(rhs),rhsMax =   7.67386154620908E-13  1.94591617016705E+00
 cg2d: Sum(rhs),rhsMax =   4.97379915032070E-13  1.94564054350604E+00
 cg2d: Sum(rhs),rhsMax =   6.96331881044898E-13  1.94536444235150E+00
 cg2d: Sum(rhs),rhsMax =   1.10844666778576E-12  1.94508786855703E+00
 cg2d: Sum(rhs),rhsMax =   3.83693077310454E-13  1.94481082397608E+00
 cg2d: Sum(rhs),rhsMax =   1.42108547152020E-14  1.94453331046125E+00
 cg2d: Sum(rhs),rhsMax =   7.24753590475302E-13  1.94425532986402E+00
 cg2d: Sum(rhs),rhsMax =   6.96331881044898E-13  1.94397688403403E+00
 Calling cg2d from S/R CG2D_MAD
 cg2d: Sum(rhs),rhsMax =  -2.06501482580279E-14  3.15174965015161E-09
 Calling cg2d from S/R CG2D_MAD
 cg2d: Sum(rhs),rhsMax =  -6.35047570085590E-14  3.07905618178964E-09
 Calling cg2d from S/R CG2D_MAD
 cg2d: Sum(rhs),rhsMax =   3.01980662698043E-14  2.99930253780101E-09
 Calling cg2d from S/R CG2D_MAD
 cg2d: Sum(rhs),rhsMax =   5.24025267623074E-14  2.91277232579394E-09
 Calling cg2d from S/R CG2D_MAD
 cg2d: Sum(rhs),rhsMax =   8.70414851306123E-14  2.81976913116351E-09
 Calling cg2d from S/R CG2D_MAD
 cg2d: Sum(rhs),rhsMax =  -5.50670620214078E-14  2.72061439089438E-09
 Calling cg2d from S/R CG2D_MAD
 cg2d: Sum(rhs),rhsMax =  -4.44089209850063E-14  2.61564521455485E-09
 Calling cg2d from S/R CG2D_MAD
 cg2d: Sum(rhs),rhsMax =  -4.61852778244065E-14  2.50521220580247E-09
 Calling cg2d from S/R CG2D_MAD
 cg2d: Sum(rhs),rhsMax =   2.48689957516035E-14  2.38967733604880E-09
 Calling cg2d from S/R CG2D_MAD
 cg2d: Sum(rhs),rhsMax =   7.10542735760100E-14  2.26941191841187E-09
 Calling cg2d from S/R CG2D_MAD
 cg2d: Sum(rhs),rhsMax =   4.26325641456060E-14  2.14479472487825E-09
 Calling cg2d from S/R CG2D_MAD
 cg2d: Sum(rhs),rhsMax =   5.68434188608080E-14  2.01621028288590E-09
 Calling cg2d from S/R CG2D_MAD
 cg2d: Sum(rhs),rhsMax =   1.42108547152020E-14  1.88404737959547E-09
 Calling cg2d from S/R CG2D_MAD
 cg2d: Sum(rhs),rhsMax =   5.68434188608080E-14  1.74869779322238E-09
 Calling cg2d from S/R CG2D_MAD
 cg2d: Sum(rhs),rhsMax =  -1.06581410364015E-13  1.61055526129646E-09
 Calling cg2d from S/R CG2D_MAD
 cg2d: Sum(rhs),rhsMax =  -2.62900812231237E-13  1.51803085681713E-09
 Calling cg2d from S/R CG2D_MAD
 cg2d: Sum(rhs),rhsMax =   2.13162820728030E-14  1.53984348793575E-09
 Calling cg2d from S/R CG2D_MAD
 cg2d: Sum(rhs),rhsMax =   3.55271367880050E-14  1.55140905435076E-09
 Calling cg2d from S/R CG2D_MAD
 cg2d: Sum(rhs),rhsMax =  -9.23705556488130E-14  1.55264592603811E-09
 Calling cg2d from S/R CG2D_MAD
 cg2d: Sum(rhs),rhsMax =   0.00000000000000E+00  1.54354400117158E-09
 Calling cg2d from S/R CG2D_MAD
 cg2d: Sum(rhs),rhsMax =   9.23705556488130E-14  1.52416523137576E-09
 Calling cg2d from S/R CG2D_MAD
 cg2d: Sum(rhs),rhsMax =   7.10542735760100E-15  1.49464361534466E-09
 Calling cg2d from S/R CG2D_MAD
 cg2d: Sum(rhs),rhsMax =   4.97379915032070E-14  1.45518464061299E-09
 Calling cg2d from S/R CG2D_MAD
 cg2d: Sum(rhs),rhsMax =  -7.81597009336110E-14  1.40606415850431E-09
 Calling cg2d from S/R CG2D_MAD
 cg2d: Sum(rhs),rhsMax =  -7.10542735760100E-14  1.34762668337531E-09
 Calling cg2d from S/R CG2D_MAD
 cg2d: Sum(rhs),rhsMax =  -7.81597009336110E-14  1.28028311410867E-09
 Calling cg2d from S/R CG2D_MAD
 cg2d: Sum(rhs),rhsMax =  -6.39488462184090E-14  1.34192869705109E-09
 Calling cg2d from S/R CG2D_MAD
 cg2d: Sum(rhs),rhsMax =   1.70530256582424E-13  1.40537135039184E-09
 Calling cg2d from S/R CG2D_MAD
 cg2d: Sum(rhs),rhsMax =   2.62900812231237E-13  1.46060607498145E-09
 Calling cg2d from S/R CG2D_MAD
 cg2d: Sum(rhs),rhsMax =   3.55271367880050E-14  1.50726496381589E-09
 Calling cg2d from S/R CG2D_MAD
 cg2d: Sum(rhs),rhsMax =  -7.81597009336110E-14  1.54502895345257E-09
 Calling cg2d from S/R CG2D_MAD
 cg2d: Sum(rhs),rhsMax =   7.81597009336110E-14  1.57363086028030E-09
 Calling cg2d from S/R CG2D_MAD
 cg2d: Sum(rhs),rhsMax =   1.13686837721616E-13  1.59285817989289E-09
 Calling cg2d from S/R CG2D_MAD
 cg2d: Sum(rhs),rhsMax =  -1.06581410364015E-13  1.60255560234808E-09
 Calling cg2d from S/R CG2D_MAD
 cg2d: Sum(rhs),rhsMax =   0.00000000000000E+00  1.60262719597083E-09
 Calling cg2d from S/R CG2D_MAD
 cg2d: Sum(rhs),rhsMax =  -2.06057393370429E-13  1.64243553682144E-09
 Calling cg2d from S/R CG2D_MAD
 cg2d: Sum(rhs),rhsMax =   1.56319401867222E-13  1.72347244118655E-09
 Calling cg2d from S/R CG2D_MAD
 cg2d: Sum(rhs),rhsMax =   1.06581410364015E-13  1.80101417627643E-09
 Calling cg2d from S/R CG2D_MAD
 cg2d: Sum(rhs),rhsMax =  -3.55271367880050E-14  1.87490326088292E-09
 Calling cg2d from S/R CG2D_MAD
 cg2d: Sum(rhs),rhsMax =  -1.77635683940025E-14  1.94499632764583E-09
 Calling cg2d from S/R CG2D_MAD
 cg2d: Sum(rhs),rhsMax =   1.06581410364015E-13  2.01116295306079E-09
 Calling cg2d from S/R CG2D_MAD
 cg2d: Sum(rhs),rhsMax =   1.66977542903624E-13  2.07328441048497E-09
 Calling cg2d from S/R CG2D_MAD
 cg2d: Sum(rhs),rhsMax =   3.90798504668055E-14  2.13125239423894E-09
 Calling cg2d from S/R CG2D_MAD
 cg2d: Sum(rhs),rhsMax =  -3.19744231092045E-14  2.18496776152136E-09
 Calling cg2d from S/R CG2D_MAD
 cg2d: Sum(rhs),rhsMax =  -6.21724893790088E-14  2.23433933615399E-09
 Calling cg2d from S/R CG2D_MAD
 cg2d: Sum(rhs),rhsMax =   6.21724893790088E-14  2.27928281431028E-09
 Calling cg2d from S/R CG2D_MAD
 cg2d: Sum(rhs),rhsMax =   3.90798504668055E-14  2.31971980751384E-09
 Calling cg2d from S/R CG2D_MAD
 cg2d: Sum(rhs),rhsMax =  -5.95079541199084E-14  2.35557705250015E-09
 Calling cg2d from S/R CG2D_MAD
 cg2d: Sum(rhs),rhsMax =   6.48370246381091E-14  2.38678581111580E-09
 Calling cg2d from S/R CG2D_MAD
 cg2d: Sum(rhs),rhsMax =   3.10862446895044E-14  2.41532251395069E-09
 Calling cg2d from S/R CG2D_MAD
 cg2d: Sum(rhs),rhsMax =   6.75015598972095E-14  2.43370841197314E-09
 Calling cg2d from S/R CG2D_MAD
 cg2d: Sum(rhs),rhsMax =   3.44169137633799E-14  2.45104921059592E-09
 Calling cg2d from S/R CG2D_MAD
 cg2d: Sum(rhs),rhsMax =  -1.88737914186277E-15  2.46431202115643E-09
 Calling cg2d from S/R CG2D_MAD
 cg2d: Sum(rhs),rhsMax =   4.44089209850063E-14  2.47167928834613E-09
 Calling cg2d from S/R CG2D_MAD
 cg2d: Sum(rhs),rhsMax =  -2.93098878501041E-14  2.47368568124147E-09
 Calling cg2d from S/R CG2D_MAD
 cg2d: Sum(rhs),rhsMax =  -4.70734562441066E-14  2.47072138520228E-09
 Calling cg2d from S/R CG2D_MAD
 cg2d: Sum(rhs),rhsMax =  -2.22044604925031E-14  2.46278437162817E-09
 Calling cg2d from S/R CG2D_MAD
 cg2d: Sum(rhs),rhsMax =  -7.81597009336110E-14  2.44980727810946E-09
 Calling cg2d from S/R CG2D_MAD
 cg2d: Sum(rhs),rhsMax =  -2.66453525910038E-14  2.43175896099829E-09
 Calling cg2d from S/R CG2D_MAD
 cg2d: Sum(rhs),rhsMax =   1.20792265079217E-13  2.40863501338690E-09
 Calling cg2d from S/R CG2D_MAD
 cg2d: Sum(rhs),rhsMax =  -1.50990331349021E-13  2.38044597526582E-09
 Calling cg2d from S/R CG2D_MAD
 cg2d: Sum(rhs),rhsMax =   4.97379915032070E-14  2.34721549843667E-09
 Calling cg2d from S/R CG2D_MAD
 cg2d: Sum(rhs),rhsMax =  -1.77635683940025E-14  2.30898146980107E-09
 Calling cg2d from S/R CG2D_MAD
 cg2d: Sum(rhs),rhsMax =   6.03961325396085E-14  2.26579719401926E-09
 Calling cg2d from S/R CG2D_MAD
 cg2d: Sum(rhs),rhsMax =   7.10542735760100E-15  2.21773234962814E-09
 Calling cg2d from S/R CG2D_MAD
 cg2d: Sum(rhs),rhsMax =   1.42108547152020E-13  2.16487380004348E-09
 Calling cg2d from S/R CG2D_MAD
 cg2d: Sum(rhs),rhsMax =   3.19744231092045E-14  2.10732626474381E-09
 Calling cg2d from S/R CG2D_MAD
 cg2d: Sum(rhs),rhsMax =   3.90798504668055E-14  2.04521282601336E-09
 Calling cg2d from S/R CG2D_MAD
 cg2d: Sum(rhs),rhsMax =   9.59232693276135E-14  1.97867525240473E-09
 Calling cg2d from S/R CG2D_MAD
 cg2d: Sum(rhs),rhsMax =   7.10542735760100E-15  1.90787412830688E-09
 Calling cg2d from S/R CG2D_MAD
 cg2d: Sum(rhs),rhsMax =  -1.27897692436818E-13  1.83298878479554E-09
 Calling cg2d from S/R CG2D_MAD
 cg2d: Sum(rhs),rhsMax =   0.00000000000000E+00  1.75421703172860E-09
 cg2d: Sum(rhs),rhsMax =   5.25801624462474E-13  1.97827854679158E+00
 cg2d: Sum(rhs),rhsMax =   2.13162820728030E-13  1.97808227711866E+00
 cg2d: Sum(rhs),rhsMax =   3.97903932025656E-13  1.97788533210936E+00
 cg2d: Sum(rhs),rhsMax =   4.83169060316868E-13  1.97768771273827E+00
 cg2d: Sum(rhs),rhsMax =   5.68434188608080E-13  1.97748941997780E+00
 cg2d: Sum(rhs),rhsMax =   8.52651282912120E-13  1.97729045479931E+00
 cg2d: Sum(rhs),rhsMax =   5.25801624462474E-13  1.97709081817457E+00
 cg2d: Sum(rhs),rhsMax =   5.11590769747272E-13  1.97689051107700E+00
 cg2d: Sum(rhs),rhsMax =   7.24753590475302E-13  1.97668953448292E+00
 cg2d: Sum(rhs),rhsMax =   4.83169060316868E-13  1.97648788937311E+00
 cg2d: Sum(rhs),rhsMax =   4.26325641456060E-13  1.97628557673392E+00
 cg2d: Sum(rhs),rhsMax =   8.38440428196918E-13  1.97608259755867E+00
 cg2d: Sum(rhs),rhsMax =   7.38964445190504E-13  1.97587895284890E+00
 cg2d: Sum(rhs),rhsMax =   4.40536496171262E-13  1.97567464361575E+00
 cg2d: Sum(rhs),rhsMax =   5.40012479177676E-13  1.97546967088098E+00
 cg2d: Sum(rhs),rhsMax =   7.67386154620908E-13  1.97526403567837E+00
 cg2d: Sum(rhs),rhsMax =   4.83169060316868E-13  1.97505773905462E+00
 cg2d: Sum(rhs),rhsMax =   8.24229573481716E-13  1.97485078207062E+00
 cg2d: Sum(rhs),rhsMax =   4.40536496171262E-13  1.97464316580237E+00
 cg2d: Sum(rhs),rhsMax =   5.11590769747272E-13  1.97443489134190E+00
 cg2d: Sum(rhs),rhsMax =   7.38964445190504E-13  1.97422595979816E+00
 cg2d: Sum(rhs),rhsMax =   7.81597009336110E-13  1.97401637229787E+00
 cg2d: Sum(rhs),rhsMax =   5.40012479177676E-13  1.97380612998610E+00
 cg2d: Sum(rhs),rhsMax =   3.83693077310454E-13  1.97359523402704E+00
 cg2d: Sum(rhs),rhsMax =   6.82121026329696E-13  1.97338368560446E+00
 cg2d: Sum(rhs),rhsMax =   6.82121026329696E-13  1.97317148592217E+00
 cg2d: Sum(rhs),rhsMax =   4.40536496171262E-13  1.97295863620440E+00
 cg2d: Sum(rhs),rhsMax =   6.39488462184090E-13  1.97274513769602E+00
 cg2d: Sum(rhs),rhsMax =   4.97379915032070E-13  1.97253099166276E+00
 cg2d: Sum(rhs),rhsMax =   5.40012479177676E-13  1.97231619939129E+00
 cg2d: Sum(rhs),rhsMax =   9.94759830064140E-13  1.97210076218916E+00
 cg2d: Sum(rhs),rhsMax =   5.54223333892878E-13  1.97188468138468E+00
 cg2d: Sum(rhs),rhsMax =   5.40012479177676E-13  1.97166795832684E+00
 cg2d: Sum(rhs),rhsMax =   2.41584530158434E-13  1.97145059438484E+00
 cg2d: Sum(rhs),rhsMax =   2.13162820728030E-13  1.97123259094787E+00
 cg2d: Sum(rhs),rhsMax =   3.83693077310454E-13  1.97101394942454E+00
 cg2d: Sum(rhs),rhsMax =   7.38964445190504E-13  1.97079467124240E+00
 cg2d: Sum(rhs),rhsMax =   4.97379915032070E-13  1.97057475784731E+00
 cg2d: Sum(rhs),rhsMax =   5.68434188608080E-13  1.97035421070274E+00
 cg2d: Sum(rhs),rhsMax =   3.26849658449646E-13  1.97013303128896E+00
 cg2d: Sum(rhs),rhsMax =   9.52127265918534E-13  1.96991122110236E+00
 cg2d: Sum(rhs),rhsMax =   9.23705556488130E-13  1.96968878165438E+00
 cg2d: Sum(rhs),rhsMax =   9.94759830064140E-14  1.96946571447079E+00
 cg2d: Sum(rhs),rhsMax =   8.10018718766514E-13  1.96924202109055E+00
 cg2d: Sum(rhs),rhsMax =   5.40012479177676E-13  1.96901770306481E+00
 cg2d: Sum(rhs),rhsMax =   5.96855898038484E-13  1.96879276195601E+00
 cg2d: Sum(rhs),rhsMax =   6.82121026329696E-13  1.96856719933661E+00
 cg2d: Sum(rhs),rhsMax =   1.19371179607697E-12  1.96834101678808E+00
 cg2d: Sum(rhs),rhsMax =   4.12114786740858E-13  1.96811421589974E+00
 cg2d: Sum(rhs),rhsMax =   5.25801624462474E-13  1.96788679826769E+00
 cg2d: Sum(rhs),rhsMax =   8.24229573481716E-13  1.96765876549382E+00
 cg2d: Sum(rhs),rhsMax =   3.12638803734444E-13  1.96743011918473E+00
 cg2d: Sum(rhs),rhsMax =   4.40536496171262E-13  1.96720086095064E+00
 cg2d: Sum(rhs),rhsMax =   8.81072992342524E-13  1.96697099240417E+00
 cg2d: Sum(rhs),rhsMax =   6.67910171614494E-13  1.96674051515921E+00
 cg2d: Sum(rhs),rhsMax =   9.09494701772928E-13  1.96650943082984E+00
 cg2d: Sum(rhs),rhsMax =   6.53699316899292E-13  1.96627774102937E+00
 cg2d: Sum(rhs),rhsMax =   4.54747350886464E-13  1.96604544736946E+00
 cg2d: Sum(rhs),rhsMax =   6.39488462184090E-13  1.96581255145918E+00
 cg2d: Sum(rhs),rhsMax =   1.00897068477934E-12  1.96557905490431E+00
 cg2d: Sum(rhs),rhsMax =   6.53699316899292E-13  1.96534495930641E+00
 cg2d: Sum(rhs),rhsMax =   2.84217094304040E-13  1.96511026626221E+00
 cg2d: Sum(rhs),rhsMax =   5.96855898038484E-13  1.96487497736279E+00
 cg2d: Sum(rhs),rhsMax =   8.66862137627322E-13  1.96463909419305E+00
 cg2d: Sum(rhs),rhsMax =   1.15107923193136E-12  1.96440261833110E+00
 cg2d: Sum(rhs),rhsMax =   9.52127265918534E-13  1.96416555134775E+00
 cg2d: Sum(rhs),rhsMax =   2.55795384873636E-13  1.96392789480618E+00
 cg2d: Sum(rhs),rhsMax =   3.83693077310454E-13  1.96368965026149E+00
 cg2d: Sum(rhs),rhsMax =   3.83693077310454E-13  1.96345081926057E+00
 cg2d: Sum(rhs),rhsMax =   6.96331881044898E-13  1.96321140334176E+00
 cg2d: Sum(rhs),rhsMax =   5.11590769747272E-13  1.96297140403481E+00
 cg2d: Sum(rhs),rhsMax =   8.95283847057726E-13  1.96273082286086E+00
 Calling cg2d from S/R CG2D_MAD
 cg2d: Sum(rhs),rhsMax =   7.10542735760100E-14  1.67177469510988E-09
 Calling cg2d from S/R CG2D_MAD
 cg2d: Sum(rhs),rhsMax =  -1.27897692436818E-13  1.58589496673867E-09
 Calling cg2d from S/R CG2D_MAD
 cg2d: Sum(rhs),rhsMax =  -7.81597009336110E-14  1.49682757497267E-09
 Calling cg2d from S/R CG2D_MAD
 cg2d: Sum(rhs),rhsMax =  -1.27897692436818E-13  1.41525871024801E-09
 Calling cg2d from S/R CG2D_MAD
 cg2d: Sum(rhs),rhsMax =   8.52651282912120E-14  1.39302458602416E-09
 Calling cg2d from S/R CG2D_MAD
 cg2d: Sum(rhs),rhsMax =   2.84217094304040E-14  1.36238696816982E-09
 Calling cg2d from S/R CG2D_MAD
 cg2d: Sum(rhs),rhsMax =  -5.68434188608080E-14  1.36181228324447E-09
 Calling cg2d from S/R CG2D_MAD
 cg2d: Sum(rhs),rhsMax =   0.00000000000000E+00  1.36278210793691E-09
 Calling cg2d from S/R CG2D_MAD
 cg2d: Sum(rhs),rhsMax =  -1.42108547152020E-14  1.35535343902700E-09
 Calling cg2d from S/R CG2D_MAD
 cg2d: Sum(rhs),rhsMax =   7.81597009336110E-14  1.33964302534399E-09
 Calling cg2d from S/R CG2D_MAD
 cg2d: Sum(rhs),rhsMax =  -1.49213974509621E-13  1.31581941468047E-09
 Calling cg2d from S/R CG2D_MAD
 cg2d: Sum(rhs),rhsMax =  -1.06581410364015E-13  1.28410136397530E-09
 Calling cg2d from S/R CG2D_MAD
 cg2d: Sum(rhs),rhsMax =   8.52651282912120E-14  1.24475595637917E-09
 Calling cg2d from S/R CG2D_MAD
 cg2d: Sum(rhs),rhsMax =  -9.94759830064140E-14  1.19809643612917E-09
 Calling cg2d from S/R CG2D_MAD
 cg2d: Sum(rhs),rhsMax =   0.00000000000000E+00  1.14447977524774E-09
 Calling cg2d from S/R CG2D_MAD
 cg2d: Sum(rhs),rhsMax =   4.97379915032070E-14  1.08430398904554E-09
 Calling cg2d from S/R CG2D_MAD
 cg2d: Sum(rhs),rhsMax =  -3.55271367880050E-14  1.13478928662225E-09
 Calling cg2d from S/R CG2D_MAD
 cg2d: Sum(rhs),rhsMax =  -4.26325641456060E-14  1.23403906134981E-09
 Calling cg2d from S/R CG2D_MAD
 cg2d: Sum(rhs),rhsMax =   0.00000000000000E+00  1.33071178560780E-09
 Calling cg2d from S/R CG2D_MAD
 cg2d: Sum(rhs),rhsMax =  -5.68434188608080E-14  1.42455001329686E-09
 Calling cg2d from S/R CG2D_MAD
 cg2d: Sum(rhs),rhsMax =   7.10542735760100E-14  1.51530475357411E-09
 Calling cg2d from S/R CG2D_MAD
 cg2d: Sum(rhs),rhsMax =   5.32907051820075E-14  1.60273610374150E-09
 Calling cg2d from S/R CG2D_MAD
 cg2d: Sum(rhs),rhsMax =  -3.90798504668055E-14  1.68661386751289E-09
 Calling cg2d from S/R CG2D_MAD
 cg2d: Sum(rhs),rhsMax =  -3.55271367880050E-15  1.76671815617372E-09
 Calling cg2d from S/R CG2D_MAD
 cg2d: Sum(rhs),rhsMax =   2.13162820728030E-14  1.84283997004964E-09
 Calling cg2d from S/R CG2D_MAD
 cg2d: Sum(rhs),rhsMax =  -7.10542735760100E-15  1.91478175739794E-09
 Calling cg2d from S/R CG2D_MAD
 cg2d: Sum(rhs),rhsMax =  -7.63833440942108E-14  1.98235794750088E-09
 Calling cg2d from S/R CG2D_MAD
 cg2d: Sum(rhs),rhsMax =  -8.88178419700125E-15  2.04539545448926E-09
 Calling cg2d from S/R CG2D_MAD
 cg2d: Sum(rhs),rhsMax =   1.77635683940025E-14  2.10373414839261E-09
 Calling cg2d from S/R CG2D_MAD
 cg2d: Sum(rhs),rhsMax =   3.79696274421804E-14  2.15722729013862E-09
 Calling cg2d from S/R CG2D_MAD
 cg2d: Sum(rhs),rhsMax =  -1.33226762955019E-14  2.20574192740703E-09
 Calling cg2d from S/R CG2D_MAD
 cg2d: Sum(rhs),rhsMax =   9.32587340685131E-15  2.24915924925810E-09
 Calling cg2d from S/R CG2D_MAD
 cg2d: Sum(rhs),rhsMax =  -1.77635683940025E-14  2.28737489923021E-09
 Calling cg2d from S/R CG2D_MAD
 cg2d: Sum(rhs),rhsMax =  -4.26325641456060E-14  2.32029924681732E-09
 Calling cg2d from S/R CG2D_MAD
 cg2d: Sum(rhs),rhsMax =  -7.46069872548105E-14  2.34785761585931E-09
 Calling cg2d from S/R CG2D_MAD
 cg2d: Sum(rhs),rhsMax =   2.48689957516035E-14  2.36999046868971E-09
 Calling cg2d from S/R CG2D_MAD
 cg2d: Sum(rhs),rhsMax =  -3.55271367880050E-14  2.38665354792670E-09
 Calling cg2d from S/R CG2D_MAD
 cg2d: Sum(rhs),rhsMax =   4.97379915032070E-14  2.39781798036983E-09
 Calling cg2d from S/R CG2D_MAD
 cg2d: Sum(rhs),rhsMax =  -7.81597009336110E-14  2.40347034696759E-09
 Calling cg2d from S/R CG2D_MAD
 cg2d: Sum(rhs),rhsMax =  -1.42108547152020E-14  2.40361272052752E-09
 Calling cg2d from S/R CG2D_MAD
 cg2d: Sum(rhs),rhsMax =   4.97379915032070E-14  2.39826267155751E-09
 Calling cg2d from S/R CG2D_MAD
 cg2d: Sum(rhs),rhsMax =  -7.10542735760100E-14  2.38745324319736E-09
 Calling cg2d from S/R CG2D_MAD
 cg2d: Sum(rhs),rhsMax =  -4.61852778244065E-14  2.37123289738380E-09
 Calling cg2d from S/R CG2D_MAD
 cg2d: Sum(rhs),rhsMax =  -1.42108547152020E-14  2.34966543479632E-09
 Calling cg2d from S/R CG2D_MAD
 cg2d: Sum(rhs),rhsMax =   2.84217094304040E-14  2.32282989049482E-09
 Calling cg2d from S/R CG2D_MAD
 cg2d: Sum(rhs),rhsMax =  -3.19744231092045E-14  2.29082040602611E-09
 Calling cg2d from S/R CG2D_MAD
 cg2d: Sum(rhs),rhsMax =  -5.32907051820075E-14  2.25374607767175E-09
 Calling cg2d from S/R CG2D_MAD
 cg2d: Sum(rhs),rhsMax =  -7.10542735760100E-14  2.21173077962479E-09
 Calling cg2d from S/R CG2D_MAD
 cg2d: Sum(rhs),rhsMax =  -7.10542735760100E-15  2.16491296013274E-09
 Calling cg2d from S/R CG2D_MAD
 cg2d: Sum(rhs),rhsMax =  -5.68434188608080E-14  2.11344540791535E-09
 Calling cg2d from S/R CG2D_MAD
 cg2d: Sum(rhs),rhsMax =   3.55271367880050E-14  2.05749498544604E-09
 Calling cg2d from S/R CG2D_MAD
 cg2d: Sum(rhs),rhsMax =  -2.84217094304040E-14  1.99724232500807E-09
 Calling cg2d from S/R CG2D_MAD
 cg2d: Sum(rhs),rhsMax =   0.00000000000000E+00  1.93288148285853E-09
 Calling cg2d from S/R CG2D_MAD
 cg2d: Sum(rhs),rhsMax =   5.68434188608080E-14  1.86461954641343E-09
 Calling cg2d from S/R CG2D_MAD
 cg2d: Sum(rhs),rhsMax =   0.00000000000000E+00  1.79267618912375E-09
 Calling cg2d from S/R CG2D_MAD
 cg2d: Sum(rhs),rhsMax =  -5.68434188608080E-14  1.71728316766040E-09
 Calling cg2d from S/R CG2D_MAD
 cg2d: Sum(rhs),rhsMax =   5.68434188608080E-14  1.63868375618249E-09
 Calling cg2d from S/R CG2D_MAD
 cg2d: Sum(rhs),rhsMax =  -7.10542735760100E-15  1.55713211281166E-09
 Calling cg2d from S/R CG2D_MAD
 cg2d: Sum(rhs),rhsMax =   9.23705556488130E-14  1.47289257399120E-09
 Calling cg2d from S/R CG2D_MAD
 cg2d: Sum(rhs),rhsMax =   0.00000000000000E+00  1.38623887315910E-09
 Calling cg2d from S/R CG2D_MAD
 cg2d: Sum(rhs),rhsMax =  -1.27897692436818E-13  1.29745328109965E-09
 Calling cg2d from S/R CG2D_MAD
 cg2d: Sum(rhs),rhsMax =  -7.10542735760100E-14  1.20682566645418E-09
 Calling cg2d from S/R CG2D_MAD
 cg2d: Sum(rhs),rhsMax =  -4.97379915032070E-14  1.11465247613973E-09
 Calling cg2d from S/R CG2D_MAD
 cg2d: Sum(rhs),rhsMax =   1.06581410364015E-13  1.02123563682626E-09
 Calling cg2d from S/R CG2D_MAD
 cg2d: Sum(rhs),rhsMax =  -5.68434188608080E-14  1.03785947287268E-09
 Calling cg2d from S/R CG2D_MAD
 cg2d: Sum(rhs),rhsMax =   3.55271367880050E-14  1.05045476799222E-09
 Calling cg2d from S/R CG2D_MAD
 cg2d: Sum(rhs),rhsMax =  -1.27897692436818E-13  1.05695078026426E-09
 Calling cg2d from S/R CG2D_MAD
 cg2d: Sum(rhs),rhsMax =   2.13162820728030E-14  1.05731521443704E-09
 Calling cg2d from S/R CG2D_MAD
 cg2d: Sum(rhs),rhsMax =   7.10542735760100E-14  1.05155266200127E-09
 Calling cg2d from S/R CG2D_MAD
 cg2d: Sum(rhs),rhsMax =   2.16715534406831E-13  1.03970474633634E-09
 Calling cg2d from S/R CG2D_MAD
 cg2d: Sum(rhs),rhsMax =   1.31450406115619E-13  1.02185004163675E-09
 Calling cg2d from S/R CG2D_MAD
 cg2d: Sum(rhs),rhsMax =  -2.30926389122033E-13  9.98103760683653E-10
 cg2d: Sum(rhs),rhsMax =   1.05160324892495E-12  1.99056430090849E+00
 cg2d: Sum(rhs),rhsMax =   5.68434188608080E-13  1.99041947611577E+00
 cg2d: Sum(rhs),rhsMax =   2.55795384873636E-13  1.99027390732974E+00
 cg2d: Sum(rhs),rhsMax =   5.96855898038484E-13  1.99012759487094E+00
 cg2d: Sum(rhs),rhsMax =   3.26849658449646E-13  1.98998053907398E+00
 cg2d: Sum(rhs),rhsMax =   5.40012479177676E-13  1.98983274028953E+00
 cg2d: Sum(rhs),rhsMax =   8.81072992342524E-13  1.98968419888621E+00
 cg2d: Sum(rhs),rhsMax =   4.68958205601666E-13  1.98953491525243E+00
 cg2d: Sum(rhs),rhsMax =   3.97903932025656E-13  1.98938488979809E+00
 cg2d: Sum(rhs),rhsMax =   1.12265752250096E-12  1.98923412295613E+00
 cg2d: Sum(rhs),rhsMax =   4.97379915032070E-13  1.98908261518407E+00
 cg2d: Sum(rhs),rhsMax =   1.03739239420975E-12  1.98893036696536E+00
 cg2d: Sum(rhs),rhsMax =   3.97903932025656E-13  1.98877737881065E+00
 cg2d: Sum(rhs),rhsMax =   4.54747350886464E-13  1.98862365125883E+00
 cg2d: Sum(rhs),rhsMax =   7.95807864051312E-13  1.98846918487815E+00
 cg2d: Sum(rhs),rhsMax =   9.66338120633736E-13  1.98831398026689E+00
 cg2d: Sum(rhs),rhsMax =   9.23705556488130E-13  1.98815803805426E+00
 cg2d: Sum(rhs),rhsMax =   9.23705556488130E-13  1.98800135890080E+00
 cg2d: Sum(rhs),rhsMax =   2.27373675443232E-13  1.98784394349884E+00
 cg2d: Sum(rhs),rhsMax =   9.80548975348938E-13  1.98768579257287E+00
 cg2d: Sum(rhs),rhsMax =   4.40536496171262E-13  1.98752690687945E+00
 cg2d: Sum(rhs),rhsMax =   8.10018718766514E-13  1.98736728720735E+00
 cg2d: Sum(rhs),rhsMax =   2.27373675443232E-13  1.98720693437723E+00
 cg2d: Sum(rhs),rhsMax =   6.96331881044898E-13  1.98704584924140E+00
 cg2d: Sum(rhs),rhsMax =   7.67386154620908E-13  1.98688403268324E+00
 cg2d: Sum(rhs),rhsMax =   1.98951966012828E-13  1.98672148561659E+00
 cg2d: Sum(rhs),rhsMax =   5.40012479177676E-13  1.98655820898490E+00
 cg2d: Sum(rhs),rhsMax =   6.67910171614494E-13  1.98639420376027E+00
 cg2d: Sum(rhs),rhsMax =   4.40536496171262E-13  1.98622947094271E+00
 cg2d: Sum(rhs),rhsMax =   8.52651282912120E-13  1.98606401155908E+00
 cg2d: Sum(rhs),rhsMax =   4.54747350886464E-13  1.98589782666181E+00
 cg2d: Sum(rhs),rhsMax =   1.05160324892495E-12  1.98573091732729E+00
 cg2d: Sum(rhs),rhsMax =   2.98427949019242E-13  1.98556328465445E+00
 cg2d: Sum(rhs),rhsMax =   7.53175299905706E-13  1.98539492976335E+00
 cg2d: Sum(rhs),rhsMax =   7.81597009336110E-13  1.98522585379359E+00
 cg2d: Sum(rhs),rhsMax =   5.96855898038484E-13  1.98505605790274E+00
 cg2d: Sum(rhs),rhsMax =   5.82645043323282E-13  1.98488554326477E+00
 cg2d: Sum(rhs),rhsMax =   6.39488462184090E-13  1.98471431106829E+00
 cg2d: Sum(rhs),rhsMax =   4.68958205601666E-13  1.98454236251496E+00
 cg2d: Sum(rhs),rhsMax =   1.70530256582424E-13  1.98436969881764E+00
 cg2d: Sum(rhs),rhsMax =   9.23705556488130E-13  1.98419632119872E+00
 cg2d: Sum(rhs),rhsMax =   6.67910171614494E-13  1.98402223088842E+00
 cg2d: Sum(rhs),rhsMax =   2.27373675443232E-13  1.98384742912312E+00
 cg2d: Sum(rhs),rhsMax =   4.97379915032070E-13  1.98367191714351E+00
 cg2d: Sum(rhs),rhsMax =   7.10542735760100E-13  1.98349569619308E+00
 cg2d: Sum(rhs),rhsMax =   8.52651282912120E-13  1.98331876751651E+00
 cg2d: Sum(rhs),rhsMax =   8.81072992342524E-13  1.98314113235799E+00
 cg2d: Sum(rhs),rhsMax =   8.52651282912120E-13  1.98296279195984E+00
 cg2d: Sum(rhs),rhsMax =   1.02318153949454E-12  1.98278374756094E+00
 cg2d: Sum(rhs),rhsMax =   6.53699316899292E-13  1.98260400039550E+00
 cg2d: Sum(rhs),rhsMax =   4.68958205601666E-13  1.98242355169166E+00
 cg2d: Sum(rhs),rhsMax =   4.83169060316868E-13  1.98224240267025E+00
 cg2d: Sum(rhs),rhsMax =   7.38964445190504E-13  1.98206055454376E+00
 cg2d: Sum(rhs),rhsMax =   8.95283847057726E-13  1.98187800851551E+00
 cg2d: Sum(rhs),rhsMax =   7.67386154620908E-13  1.98169476577865E+00
 cg2d: Sum(rhs),rhsMax =   1.02318153949454E-12  1.98151082751545E+00
 cg2d: Sum(rhs),rhsMax =   5.40012479177676E-13  1.98132619489648E+00
 cg2d: Sum(rhs),rhsMax =   5.40012479177676E-13  1.98114086908013E+00
 cg2d: Sum(rhs),rhsMax =   6.53699316899292E-13  1.98095485121213E+00
 cg2d: Sum(rhs),rhsMax =   8.81072992342524E-13  1.98076814242527E+00
 cg2d: Sum(rhs),rhsMax =   5.11590769747272E-13  1.98058074383928E+00
 cg2d: Sum(rhs),rhsMax =   2.13162820728030E-13  1.98039265656073E+00
 cg2d: Sum(rhs),rhsMax =   4.97379915032070E-13  1.98020388168304E+00
 cg2d: Sum(rhs),rhsMax =   8.52651282912120E-13  1.98001442028673E+00
 cg2d: Sum(rhs),rhsMax =   7.38964445190504E-13  1.97982427343966E+00
 cg2d: Sum(rhs),rhsMax =   7.53175299905706E-13  1.97963344219734E+00
 cg2d: Sum(rhs),rhsMax =   3.55271367880050E-13  1.97944192760356E+00
 cg2d: Sum(rhs),rhsMax =   3.97903932025656E-13  1.97924973069082E+00
 cg2d: Sum(rhs),rhsMax =   7.53175299905706E-13  1.97905685248117E+00
 cg2d: Sum(rhs),rhsMax =   7.53175299905706E-13  1.97886329398688E+00
 cg2d: Sum(rhs),rhsMax =   6.11066752753686E-13  1.97866905621136E+00
 cg2d: Sum(rhs),rhsMax =   6.53699316899292E-13  1.97847414015006E+00
 Calling cg2d from S/R CG2D_MAD
 cg2d: Sum(rhs),rhsMax =  -3.55271367880050E-14  9.76787052253208E-10
 Calling cg2d from S/R CG2D_MAD
 cg2d: Sum(rhs),rhsMax =   2.30926389122033E-13  9.52997621722680E-10
 Calling cg2d from S/R CG2D_MAD
 cg2d: Sum(rhs),rhsMax =   1.59872115546023E-14  9.23953296336565E-10
 Calling cg2d from S/R CG2D_MAD
 cg2d: Sum(rhs),rhsMax =   7.10542735760100E-15  8.89837706971168E-10
 Calling cg2d from S/R CG2D_MAD
 cg2d: Sum(rhs),rhsMax =  -3.81916720471054E-14  8.50863385100132E-10
 Calling cg2d from S/R CG2D_MAD
 cg2d: Sum(rhs),rhsMax =  -4.56301663120939E-14  8.23128128956032E-10
 Calling cg2d from S/R CG2D_MAD
 cg2d: Sum(rhs),rhsMax =  -1.89182003396127E-13  8.20209119641721E-10
 Calling cg2d from S/R CG2D_MAD
 cg2d: Sum(rhs),rhsMax =  -9.76996261670138E-14  8.26563437419385E-10
 Calling cg2d from S/R CG2D_MAD
 cg2d: Sum(rhs),rhsMax =  -8.17124146124115E-14  8.48870645280475E-10
 Calling cg2d from S/R CG2D_MAD
 cg2d: Sum(rhs),rhsMax =  -2.30926389122033E-14  8.66079976561879E-10
 Calling cg2d from S/R CG2D_MAD
 cg2d: Sum(rhs),rhsMax =  -4.61852778244065E-14  9.18905516210505E-10
 Calling cg2d from S/R CG2D_MAD
 cg2d: Sum(rhs),rhsMax =  -3.55271367880050E-14  1.00115365089788E-09
 Calling cg2d from S/R CG2D_MAD
 cg2d: Sum(rhs),rhsMax =  -1.17239551400417E-13  1.08181659275126E-09
 Calling cg2d from S/R CG2D_MAD
 cg2d: Sum(rhs),rhsMax =   2.84217094304040E-14  1.16066335044772E-09
 Calling cg2d from S/R CG2D_MAD
 cg2d: Sum(rhs),rhsMax =   2.84217094304040E-14  1.23746599545271E-09
 Calling cg2d from S/R CG2D_MAD
 cg2d: Sum(rhs),rhsMax =   9.59232693276135E-14  1.31200053355050E-09
 Calling cg2d from S/R CG2D_MAD
 cg2d: Sum(rhs),rhsMax =  -6.03961325396085E-14  1.38404785529667E-09
 Calling cg2d from S/R CG2D_MAD
 cg2d: Sum(rhs),rhsMax =   9.94759830064140E-14  1.45339464791951E-09
 Calling cg2d from S/R CG2D_MAD
 cg2d: Sum(rhs),rhsMax =   2.48689957516035E-14  1.51983421738084E-09
 Calling cg2d from S/R CG2D_MAD
 cg2d: Sum(rhs),rhsMax =  -6.75015598972095E-14  1.58316724144328E-09
 Calling cg2d from S/R CG2D_MAD
 cg2d: Sum(rhs),rhsMax =   0.00000000000000E+00  1.64320250468998E-09
 Calling cg2d from S/R CG2D_MAD
 cg2d: Sum(rhs),rhsMax =  -1.49213974509621E-13  1.69975765112652E-09
 Calling cg2d from S/R CG2D_MAD
 cg2d: Sum(rhs),rhsMax =   6.75015598972095E-14  1.75265995780577E-09
 Calling cg2d from S/R CG2D_MAD
 cg2d: Sum(rhs),rhsMax =   5.32907051820075E-14  1.80174711098468E-09
 Calling cg2d from S/R CG2D_MAD
 cg2d: Sum(rhs),rhsMax =  -1.77635683940025E-14  1.84686796226491E-09
 Calling cg2d from S/R CG2D_MAD
 cg2d: Sum(rhs),rhsMax =   7.10542735760100E-14  1.88788332234566E-09
 Calling cg2d from S/R CG2D_MAD
 cg2d: Sum(rhs),rhsMax =   0.00000000000000E+00  1.92466664826742E-09
 Calling cg2d from S/R CG2D_MAD
 cg2d: Sum(rhs),rhsMax =   4.61852778244065E-14  1.95710443424916E-09
 Calling cg2d from S/R CG2D_MAD
 cg2d: Sum(rhs),rhsMax =  -6.75015598972095E-14  1.98509657728846E-09
 Calling cg2d from S/R CG2D_MAD
 cg2d: Sum(rhs),rhsMax =  -3.19744231092045E-14  2.00855711931400E-09
 Calling cg2d from S/R CG2D_MAD
 cg2d: Sum(rhs),rhsMax =  -5.32907051820075E-14  2.02741519785243E-09
 Calling cg2d from S/R CG2D_MAD
 cg2d: Sum(rhs),rhsMax =   3.55271367880050E-14  2.04161565011817E-09
 Calling cg2d from S/R CG2D_MAD
 cg2d: Sum(rhs),rhsMax =  -5.32907051820075E-14  2.05111906660893E-09
 Calling cg2d from S/R CG2D_MAD
 cg2d: Sum(rhs),rhsMax =   5.68434188608080E-14  2.05590162151093E-09
 Calling cg2d from S/R CG2D_MAD
 cg2d: Sum(rhs),rhsMax =   0.00000000000000E+00  2.05595507283050E-09
 Calling cg2d from S/R CG2D_MAD
 cg2d: Sum(rhs),rhsMax =   3.19744231092045E-14  2.05128700455502E-09
 Calling cg2d from S/R CG2D_MAD
 cg2d: Sum(rhs),rhsMax =  -6.75015598972095E-14  2.04192112054555E-09
 Calling cg2d from S/R CG2D_MAD
 cg2d: Sum(rhs),rhsMax =   0.00000000000000E+00  2.02789739638471E-09
 Calling cg2d from S/R CG2D_MAD
 cg2d: Sum(rhs),rhsMax =  -5.32907051820075E-14  2.00927203251496E-09
 Calling cg2d from S/R CG2D_MAD
 cg2d: Sum(rhs),rhsMax =   2.84217094304040E-14  1.98611725696110E-09
 Calling cg2d from S/R CG2D_MAD
 cg2d: Sum(rhs),rhsMax =   6.39488462184090E-14  1.95852104339954E-09
 Calling cg2d from S/R CG2D_MAD
 cg2d: Sum(rhs),rhsMax =  -1.06581410364015E-14  1.92658677899610E-09
 Calling cg2d from S/R CG2D_MAD
 cg2d: Sum(rhs),rhsMax =  -4.97379915032070E-14  1.89043288499919E-09
 Calling cg2d from S/R CG2D_MAD
 cg2d: Sum(rhs),rhsMax =   3.90798504668055E-14  1.85019238019293E-09
 Calling cg2d from S/R CG2D_MAD
 cg2d: Sum(rhs),rhsMax =   3.55271367880050E-15  1.80601237834776E-09
 Calling cg2d from S/R CG2D_MAD
 cg2d: Sum(rhs),rhsMax =   6.39488462184090E-14  1.75805351605134E-09
 Calling cg2d from S/R CG2D_MAD
 cg2d: Sum(rhs),rhsMax =   6.75015598972095E-14  1.70648931129279E-09
 Calling cg2d from S/R CG2D_MAD
 cg2d: Sum(rhs),rhsMax =  -2.48689957516035E-14  1.65150545491599E-09
 Calling cg2d from S/R CG2D_MAD
 cg2d: Sum(rhs),rhsMax =  -2.84217094304040E-14  1.59329903743259E-09
 Calling cg2d from S/R CG2D_MAD
 cg2d: Sum(rhs),rhsMax =  -7.10542735760100E-14  1.53207771363097E-09
 Calling cg2d from S/R CG2D_MAD
 cg2d: Sum(rhs),rhsMax =  -8.88178419700125E-14  1.46806296877054E-09
 Calling cg2d from S/R CG2D_MAD
 cg2d: Sum(rhs),rhsMax =  -5.32907051820075E-15  1.40148039516516E-09
 Calling cg2d from S/R CG2D_MAD
 cg2d: Sum(rhs),rhsMax =   1.95399252334028E-14  1.33255499434715E-09
 Calling cg2d from S/R CG2D_MAD
 cg2d: Sum(rhs),rhsMax =   9.59232693276135E-14  1.26152210693015E-09
 Calling cg2d from S/R CG2D_MAD
 cg2d: Sum(rhs),rhsMax =   7.99360577730113E-14  1.18863313263050E-09
 Calling cg2d from S/R CG2D_MAD
 cg2d: Sum(rhs),rhsMax =   1.68753899743024E-14  1.11414698852181E-09
 Calling cg2d from S/R CG2D_MAD
 cg2d: Sum(rhs),rhsMax =   1.15463194561016E-13  1.03832043720349E-09
 Calling cg2d from S/R CG2D_MAD
 cg2d: Sum(rhs),rhsMax =  -3.12250225675825E-15  9.61406628333587E-10
 Calling cg2d from S/R CG2D_MAD
 cg2d: Sum(rhs),rhsMax =   1.49213974509621E-13  8.83658258518007E-10
 Calling cg2d from S/R CG2D_MAD
 cg2d: Sum(rhs),rhsMax =   1.22568621918617E-13  8.05329285450676E-10
 Calling cg2d from S/R CG2D_MAD
 cg2d: Sum(rhs),rhsMax =  -1.19015908239817E-13  7.28472649580548E-10
 Calling cg2d from S/R CG2D_MAD
 cg2d: Sum(rhs),rhsMax =  -1.42108547152020E-14  7.45174565344488E-10
 Calling cg2d from S/R CG2D_MAD
 cg2d: Sum(rhs),rhsMax =   1.91846538655227E-13  7.70499418733349E-10
 Calling cg2d from S/R CG2D_MAD
 cg2d: Sum(rhs),rhsMax =   1.59872115546023E-13  7.90885617350570E-10
 Calling cg2d from S/R CG2D_MAD
 cg2d: Sum(rhs),rhsMax =  -1.49213974509621E-13  8.06255491509276E-10
 Calling cg2d from S/R CG2D_MAD
 cg2d: Sum(rhs),rhsMax =  -1.13686837721616E-13  8.16564611823776E-10
 Calling cg2d from S/R CG2D_MAD
 cg2d: Sum(rhs),rhsMax =  -6.39488462184090E-14  8.21801918969403E-10
 Calling cg2d from S/R CG2D_MAD
 cg2d: Sum(rhs),rhsMax =   3.55271367880050E-14  8.21989568315515E-10
 Calling cg2d from S/R CG2D_MAD
 cg2d: Sum(rhs),rhsMax =   7.10542735760100E-14  8.17182478901494E-10
 Calling cg2d from S/R CG2D_MAD
 cg2d: Sum(rhs),rhsMax =  -2.84217094304040E-14  8.07467615789781E-10
 Calling cg2d from S/R CG2D_MAD
 cg2d: Sum(rhs),rhsMax =  -2.84217094304040E-14  7.92963041111597E-10
 Calling cg2d from S/R CG2D_MAD
 cg2d: Sum(rhs),rhsMax =   1.77635683940025E-13  7.73816759879580E-10
(PID.TID 0000.0001) SOLVE_FOR_PRESSURE: putPmEinXvector =    F
 cg2d: Sum(rhs),rhsMax =   8.52651282912120E-13  1.99900718163814E+00
 cg2d: Sum(rhs),rhsMax =   7.81597009336110E-13  1.99891722427463E+00
 cg2d: Sum(rhs),rhsMax =   1.50635059981141E-12  1.99882649286104E+00
 cg2d: Sum(rhs),rhsMax =   5.82645043323282E-13  1.99873498159962E+00
 cg2d: Sum(rhs),rhsMax =   9.37916411203332E-13  1.99864269010628E+00
 cg2d: Sum(rhs),rhsMax =   3.26849658449646E-13  1.99854961876264E+00
 cg2d: Sum(rhs),rhsMax =   4.54747350886464E-13  1.99845576788955E+00
 cg2d: Sum(rhs),rhsMax =   5.25801624462474E-13  1.99836113784468E+00
 cg2d: Sum(rhs),rhsMax =   3.41060513164848E-13  1.99826572897853E+00
 cg2d: Sum(rhs),rhsMax =   9.37916411203332E-13  1.99816954154800E+00
 cg2d: Sum(rhs),rhsMax =   3.69482222595252E-13  1.99807257570752E+00
 cg2d: Sum(rhs),rhsMax =   9.37916411203332E-13  1.99797483157076E+00
 cg2d: Sum(rhs),rhsMax =   4.97379915032070E-13  1.99787630928802E+00
 cg2d: Sum(rhs),rhsMax =   8.52651282912120E-13  1.99777700909586E+00
 cg2d: Sum(rhs),rhsMax =   8.24229573481716E-13  1.99767693132623E+00
 cg2d: Sum(rhs),rhsMax =   5.68434188608080E-13  1.99757607638737E+00
 cg2d: Sum(rhs),rhsMax =   7.10542735760100E-13  1.99747444473723E+00
 cg2d: Sum(rhs),rhsMax =   8.81072992342524E-13  1.99737203686449E+00
 cg2d: Sum(rhs),rhsMax =   6.25277607468888E-13  1.99726885328106E+00
 cg2d: Sum(rhs),rhsMax =   7.81597009336110E-13  1.99716489452377E+00
 cg2d: Sum(rhs),rhsMax =   3.12638803734444E-13  1.99706016115903E+00
 cg2d: Sum(rhs),rhsMax =   3.83693077310454E-13  1.99695465378713E+00
 cg2d: Sum(rhs),rhsMax =   5.68434188608080E-13  1.99684837304370E+00
 cg2d: Sum(rhs),rhsMax =   4.26325641456060E-13  1.99674131959909E+00
 cg2d: Sum(rhs),rhsMax =   3.83693077310454E-13  1.99663349415570E+00
 cg2d: Sum(rhs),rhsMax =   5.40012479177676E-13  1.99652489744398E+00
 cg2d: Sum(rhs),rhsMax =   5.68434188608080E-13  1.99641553021776E+00
 cg2d: Sum(rhs),rhsMax =   7.67386154620908E-13  1.99630539324887E+00
 cg2d: Sum(rhs),rhsMax =   1.26476606965298E-12  1.99619448732192E+00
 cg2d: Sum(rhs),rhsMax =   3.26849658449646E-13  1.99608281322969E+00
 cg2d: Sum(rhs),rhsMax =  -2.41584530158434E-13  1.99597037176933E+00
 cg2d: Sum(rhs),rhsMax =   6.82121026329696E-13  1.99585716374004E+00
 cg2d: Sum(rhs),rhsMax =   7.38964445190504E-13  1.99574318994199E+00
 cg2d: Sum(rhs),rhsMax =   4.83169060316868E-13  1.99562845117595E+00
 cg2d: Sum(rhs),rhsMax =   8.52651282912120E-13  1.99551294824340E+00
 cg2d: Sum(rhs),rhsMax =   5.54223333892878E-13  1.99539668194636E+00
 cg2d: Sum(rhs),rhsMax =   7.81597009336110E-13  1.99527965308675E+00
 cg2d: Sum(rhs),rhsMax =   8.66862137627322E-13  1.99516186246490E+00
 cg2d: Sum(rhs),rhsMax =   6.39488462184090E-13  1.99504331087728E+00
 cg2d: Sum(rhs),rhsMax =   7.10542735760100E-14  1.99492399911349E+00
 cg2d: Sum(rhs),rhsMax =   1.70530256582424E-13  1.99480392795287E+00
 cg2d: Sum(rhs),rhsMax =   7.38964445190504E-13  1.99468309816143E+00
 cg2d: Sum(rhs),rhsMax =   9.80548975348938E-13  1.99456151048905E+00
 cg2d: Sum(rhs),rhsMax =   8.52651282912120E-13  1.99443916566721E+00
 cg2d: Sum(rhs),rhsMax =   1.12265752250096E-12  1.99431606440727E+00
 cg2d: Sum(rhs),rhsMax =   6.11066752753686E-13  1.99419220739920E+00
 cg2d: Sum(rhs),rhsMax =   6.82121026329696E-13  1.99406759531059E+00
 cg2d: Sum(rhs),rhsMax =   4.40536496171262E-13  1.99394222878600E+00
 cg2d: Sum(rhs),rhsMax =   5.11590769747272E-13  1.99381610844648E+00
 cg2d: Sum(rhs),rhsMax =   6.25277607468888E-13  1.99368923488917E+00
 cg2d: Sum(rhs),rhsMax =   1.06581410364015E-12  1.99356160868705E+00
 cg2d: Sum(rhs),rhsMax =   6.53699316899292E-13  1.99343323038886E+00
 cg2d: Sum(rhs),rhsMax =   5.11590769747272E-13  1.99330410051913E+00
 cg2d: Sum(rhs),rhsMax =   8.10018718766514E-13  1.99317421957839E+00
 cg2d: Sum(rhs),rhsMax =   7.38964445190504E-13  1.99304358804364E+00
 cg2d: Sum(rhs),rhsMax =   1.06581410364015E-12  1.99291220636902E+00
 cg2d: Sum(rhs),rhsMax =   4.97379915032070E-13  1.99278007498672E+00
 cg2d: Sum(rhs),rhsMax =   7.95807864051312E-13  1.99264719430797E+00
 cg2d: Sum(rhs),rhsMax =   7.24753590475302E-13  1.99251356472431E+00
 cg2d: Sum(rhs),rhsMax =   5.40012479177676E-13  1.99237918660897E+00
 cg2d: Sum(rhs),rhsMax =   5.96855898038484E-13  1.99224406031819E+00
 cg2d: Sum(rhs),rhsMax =   1.00897068477934E-12  1.99210818619292E+00
 cg2d: Sum(rhs),rhsMax =   7.95807864051312E-13  1.99197156456023E+00
 cg2d: Sum(rhs),rhsMax =   8.10018718766514E-13  1.99183419573504E+00
 cg2d: Sum(rhs),rhsMax =   4.54747350886464E-13  1.99169608002185E+00
 cg2d: Sum(rhs),rhsMax =   4.83169060316868E-13  1.99155721771640E+00
 cg2d: Sum(rhs),rhsMax =   6.96331881044898E-13  1.99141760910769E+00
 cg2d: Sum(rhs),rhsMax =   2.41584530158434E-13  1.99127725447975E+00
 cg2d: Sum(rhs),rhsMax =   6.39488462184090E-13  1.99113615411376E+00
 cg2d: Sum(rhs),rhsMax =   7.10542735760100E-13  1.99099430829005E+00
 cg2d: Sum(rhs),rhsMax =   8.24229573481716E-13  1.99085171729027E+00
 cg2d: Sum(rhs),rhsMax =   3.26849658449646E-13  1.99070838139951E+00
 Calling cg2d from S/R CG2D_MAD
 cg2d: Sum(rhs),rhsMax =   3.55271367880050E-14  7.84085768581128E-10
 Calling cg2d from S/R CG2D_MAD
 cg2d: Sum(rhs),rhsMax =  -6.39488462184090E-14  8.35123352629690E-10
 Calling cg2d from S/R CG2D_MAD
 cg2d: Sum(rhs),rhsMax =   6.39488462184090E-14  8.84651422668008E-10
 Calling cg2d from S/R CG2D_MAD
 cg2d: Sum(rhs),rhsMax =  -7.10542735760100E-15  9.32553410996380E-10
 Calling cg2d from S/R CG2D_MAD
 cg2d: Sum(rhs),rhsMax =  -2.84217094304040E-14  9.78716122457689E-10
 Calling cg2d from S/R CG2D_MAD
 cg2d: Sum(rhs),rhsMax =   7.10542735760100E-15  1.02303011081280E-09
 Calling cg2d from S/R CG2D_MAD
 cg2d: Sum(rhs),rhsMax =  -9.23705556488130E-14  1.06539007657591E-09
 Calling cg2d from S/R CG2D_MAD
 cg2d: Sum(rhs),rhsMax =  -3.55271367880050E-14  1.10569528348597E-09
 Calling cg2d from S/R CG2D_MAD
 cg2d: Sum(rhs),rhsMax =  -3.55271367880050E-14  1.14384999001899E-09
 Calling cg2d from S/R CG2D_MAD
 cg2d: Sum(rhs),rhsMax =   7.10542735760100E-14  1.17976389179475E-09
 Calling cg2d from S/R CG2D_MAD
 cg2d: Sum(rhs),rhsMax =   4.97379915032070E-14  1.21335257034629E-09
 Calling cg2d from S/R CG2D_MAD
 cg2d: Sum(rhs),rhsMax =  -3.55271367880050E-14  1.24453794343451E-09
 Calling cg2d from S/R CG2D_MAD
 cg2d: Sum(rhs),rhsMax =  -2.13162820728030E-14  1.27324871180166E-09
 Calling cg2d from S/R CG2D_MAD
 cg2d: Sum(rhs),rhsMax =  -2.84217094304040E-14  1.29942079691859E-09
 Calling cg2d from S/R CG2D_MAD
 cg2d: Sum(rhs),rhsMax =  -1.42108547152020E-14  1.32299776387458E-09
 Calling cg2d from S/R CG2D_MAD
 cg2d: Sum(rhs),rhsMax =  -2.84217094304040E-14  1.34393122313984E-09
 Calling cg2d from S/R CG2D_MAD
 cg2d: Sum(rhs),rhsMax =   0.00000000000000E+00  1.36218120457239E-09
 Calling cg2d from S/R CG2D_MAD
 cg2d: Sum(rhs),rhsMax =  -3.55271367880050E-14  1.37771649684420E-09
 Calling cg2d from S/R CG2D_MAD
 cg2d: Sum(rhs),rhsMax =   7.81597009336110E-14  1.39051494548218E-09
 Calling cg2d from S/R CG2D_MAD
 cg2d: Sum(rhs),rhsMax =  -2.84217094304040E-14  1.40056370300025E-09
 Calling cg2d from S/R CG2D_MAD
 cg2d: Sum(rhs),rhsMax =   3.55271367880050E-15  1.40785942512242E-09
 Calling cg2d from S/R CG2D_MAD
 cg2d: Sum(rhs),rhsMax =   9.94759830064140E-14  1.41240840782331E-09
 Calling cg2d from S/R CG2D_MAD
 cg2d: Sum(rhs),rhsMax =   3.55271367880050E-14  1.41422666078405E-09
 Calling cg2d from S/R CG2D_MAD
 cg2d: Sum(rhs),rhsMax =  -7.10542735760100E-15  1.41333991381626E-09
 Calling cg2d from S/R CG2D_MAD
 cg2d: Sum(rhs),rhsMax =   1.74082970261225E-13  1.40978355379843E-09
 Calling cg2d from S/R CG2D_MAD
 cg2d: Sum(rhs),rhsMax =   1.06581410364015E-14  1.40360249066742E-09
 Calling cg2d from S/R CG2D_MAD
 cg2d: Sum(rhs),rhsMax =   7.10542735760100E-15  1.39485095199051E-09
 Calling cg2d from S/R CG2D_MAD
 cg2d: Sum(rhs),rhsMax =   3.55271367880050E-15  1.38359220660988E-09
 Calling cg2d from S/R CG2D_MAD
 cg2d: Sum(rhs),rhsMax =   6.92779167366098E-14  1.36989821879521E-09
 Calling cg2d from S/R CG2D_MAD
 cg2d: Sum(rhs),rhsMax =   4.61852778244065E-14  1.35384923525808E-09
 Calling cg2d from S/R CG2D_MAD
 cg2d: Sum(rhs),rhsMax =  -8.34887714518118E-14  1.33553330826284E-09
 Calling cg2d from S/R CG2D_MAD
 cg2d: Sum(rhs),rhsMax =   3.55271367880050E-15  1.31504575891337E-09
 Calling cg2d from S/R CG2D_MAD
 cg2d: Sum(rhs),rhsMax =  -3.81916720471054E-14  1.29248858547184E-09
 Calling cg2d from S/R CG2D_MAD
 cg2d: Sum(rhs),rhsMax =  -6.55031584528842E-15  1.26796982227465E-09
 Calling cg2d from S/R CG2D_MAD
 cg2d: Sum(rhs),rhsMax =   1.02140518265514E-14  1.24160285542923E-09
 Calling cg2d from S/R CG2D_MAD
 cg2d: Sum(rhs),rhsMax =  -3.99680288865056E-14  1.21350570199313E-09
 Calling cg2d from S/R CG2D_MAD
 cg2d: Sum(rhs),rhsMax =   1.24344978758018E-13  1.18380025974528E-09
 Calling cg2d from S/R CG2D_MAD
 cg2d: Sum(rhs),rhsMax =   9.05941988094128E-14  1.15261153495419E-09
 Calling cg2d from S/R CG2D_MAD
 cg2d: Sum(rhs),rhsMax =   7.10542735760100E-15  1.12006685572303E-09
 Calling cg2d from S/R CG2D_MAD
 cg2d: Sum(rhs),rhsMax =  -1.77635683940025E-14  1.08629507855113E-09
 Calling cg2d from S/R CG2D_MAD
 cg2d: Sum(rhs),rhsMax =  -5.32907051820075E-14  1.05142579570099E-09
 Calling cg2d from S/R CG2D_MAD
 cg2d: Sum(rhs),rhsMax =  -1.95399252334028E-13  1.01558855079586E-09
 Calling cg2d from S/R CG2D_MAD
 cg2d: Sum(rhs),rhsMax =  -5.68434188608080E-14  9.78912067247027E-10
 Calling cg2d from S/R CG2D_MAD
 cg2d: Sum(rhs),rhsMax =  -8.17124146124115E-14  9.41523496079437E-10
 Calling cg2d from S/R CG2D_MAD
 cg2d: Sum(rhs),rhsMax =   2.84217094304040E-14  9.03547699240209E-10
 Calling cg2d from S/R CG2D_MAD
 cg2d: Sum(rhs),rhsMax =   4.26325641456060E-14  8.65106581863363E-10
 Calling cg2d from S/R CG2D_MAD
 cg2d: Sum(rhs),rhsMax =  -6.39488462184090E-14  8.26318465992363E-10
 Calling cg2d from S/R CG2D_MAD
 cg2d: Sum(rhs),rhsMax =   7.10542735760100E-15  7.87297487983844E-10
 Calling cg2d from S/R CG2D_MAD
 cg2d: Sum(rhs),rhsMax =   3.55271367880050E-14  7.48153021165363E-10
 Calling cg2d from S/R CG2D_MAD
 cg2d: Sum(rhs),rhsMax =  -2.13162820728030E-14  7.08989150330356E-10
 Calling cg2d from S/R CG2D_MAD
 cg2d: Sum(rhs),rhsMax =  -6.39488462184090E-14  6.69904223955856E-10
 Calling cg2d from S/R CG2D_MAD
 cg2d: Sum(rhs),rhsMax =   3.12638803734444E-13  6.54655729665735E-10
 Calling cg2d from S/R CG2D_MAD
 cg2d: Sum(rhs),rhsMax =   1.27897692436818E-13  6.54184813173334E-10
 Calling cg2d from S/R CG2D_MAD
 cg2d: Sum(rhs),rhsMax =   4.26325641456060E-14  6.49932214034353E-10
 Calling cg2d from S/R CG2D_MAD
 cg2d: Sum(rhs),rhsMax =  -9.94759830064140E-14  6.41951513003910E-10
 Calling cg2d from S/R CG2D_MAD
 cg2d: Sum(rhs),rhsMax =   1.13686837721616E-13  6.30317692572024E-10
 Calling cg2d from S/R CG2D_MAD
 cg2d: Sum(rhs),rhsMax =   9.94759830064140E-14  6.29768837484755E-10
 Calling cg2d from S/R CG2D_MAD
 cg2d: Sum(rhs),rhsMax =   3.69482222595252E-13  6.47796288549974E-10
 Calling cg2d from S/R CG2D_MAD
 cg2d: Sum(rhs),rhsMax =   1.56319401867222E-13  6.61664870425121E-10
 Calling cg2d from S/R CG2D_MAD
 cg2d: Sum(rhs),rhsMax =  -1.27897692436818E-13  6.71325547456372E-10
 Calling cg2d from S/R CG2D_MAD
 cg2d: Sum(rhs),rhsMax =  -1.70530256582424E-13  6.76756593867293E-10
 Calling cg2d from S/R CG2D_MAD
 cg2d: Sum(rhs),rhsMax =  -9.23705556488130E-14  6.77963572516812E-10
 Calling cg2d from S/R CG2D_MAD
 cg2d: Sum(rhs),rhsMax =  -2.84217094304040E-13  6.74979132773220E-10
 Calling cg2d from S/R CG2D_MAD
 cg2d: Sum(rhs),rhsMax =   2.84217094304040E-14  6.67862629166458E-10
 Calling cg2d from S/R CG2D_MAD
 cg2d: Sum(rhs),rhsMax =   4.97379915032070E-14  6.56699563765006E-10
 Calling cg2d from S/R CG2D_MAD
 cg2d: Sum(rhs),rhsMax =   2.06057393370429E-13  6.60881885273288E-10
 Calling cg2d from S/R CG2D_MAD
 cg2d: Sum(rhs),rhsMax =   3.55271367880050E-14  7.03966233748920E-10
 Calling cg2d from S/R CG2D_MAD
 cg2d: Sum(rhs),rhsMax =   1.42108547152020E-14  7.54571682518631E-10
 Calling cg2d from S/R CG2D_MAD
 cg2d: Sum(rhs),rhsMax =  -1.56319401867222E-13  8.03327374979689E-10
 Calling cg2d from S/R CG2D_MAD
 cg2d: Sum(rhs),rhsMax =   1.42108547152020E-14  8.50108642010652E-10
 Calling cg2d from S/R CG2D_MAD
 cg2d: Sum(rhs),rhsMax =  -2.41584530158434E-13  8.94798820399173E-10
 Calling cg2d from S/R CG2D_MAD
 cg2d: Sum(rhs),rhsMax =  -2.13162820728030E-14  9.37289681987309E-10
(PID.TID 0000.0001)  nRecords = 108 ; filePrec =  64 ; fileIter =   3111120
(PID.TID 0000.0001)     nDims =   2 , dims:
(PID.TID 0000.0001)    1:  62   1  62
(PID.TID 0000.0001)    2:  62   1  62
(PID.TID 0000.0001)     nFlds =  10 , nFl3D =   7 , fields:
(PID.TID 0000.0001)  >Uvel    < >Vvel    < >Theta   < >Salt    < >GuNm1   < >GvNm1   < >GtNm1   < >EtaN    < >dEtaHdt < >EtaH    <
(PID.TID 0000.0001) missingVal=  1.00000000000000E+00 ; nTimRec =   1 , timeList:
(PID.TID 0000.0001)   3.733344000000E+09
(PID.TID 0000.0001) READ_MFLDS_3D_RL: read field: "Uvel    ", #   1 in fldList, rec=   1
(PID.TID 0000.0001) READ_MFLDS_3D_RL: read field: "Vvel    ", #   2 in fldList, rec=   2
(PID.TID 0000.0001) READ_MFLDS_3D_RL: read field: "Theta   ", #   3 in fldList, rec=   3
(PID.TID 0000.0001) READ_MFLDS_3D_RL: read field: "Salt    ", #   4 in fldList, rec=   4
(PID.TID 0000.0001) READ_MFLDS_3D_RL: read field: "GuNm1   ", #   5 in fldList, rec=   5
(PID.TID 0000.0001) READ_MFLDS_3D_RL: read field: "GvNm1   ", #   6 in fldList, rec=   6
(PID.TID 0000.0001) READ_MFLDS_3D_RL: read field: "GtNm1   ", #   7 in fldList, rec=   7
(PID.TID 0000.0001) READ_MFLDS_3D_RL: read field: "EtaN    ", #   8 in fldList, rec= 106
(PID.TID 0000.0001) READ_MFLDS_3D_RL: read field: "dEtaHdt ", #   9 in fldList, rec= 107
(PID.TID 0000.0001) READ_MFLDS_CHECK: - normal end ; reset MFLDS file-name: pickup.0003111120
 ph-pack: packing ecco_cost
 ph-pack: packing ecco_ctrl
(PID.TID 0000.0001) // =======================================================
(PID.TID 0000.0001) // Gradient-check starts (grdchk_main)
(PID.TID 0000.0001) // =======================================================
(PID.TID 0000.0001) grdchk reference fc: fcref       =  3.22547976275027E-01
grad-res -------------------------------
 grad-res  proc    #    i    j    k   bi   bj iobc       fc ref            fc + eps           fc - eps
 grad-res  proc    #    i    j    k   bi   bj iobc      adj grad            fd grad          1 - fd/adj
(PID.TID 0000.0001) ====== Starts gradient-check number   1 (=ichknum) =======
(PID.TID 0000.0001) grdchk pos: i,j,k=    0    0    1 ; bi,bj=   0   0 ; iobc=  0 ; rec=   1
(PID.TID 0000.0001)  nRecords = 108 ; filePrec =  64 ; fileIter =   3111120
(PID.TID 0000.0001)     nDims =   2 , dims:
(PID.TID 0000.0001)    1:  62   1  62
(PID.TID 0000.0001)    2:  62   1  62
(PID.TID 0000.0001)     nFlds =  10 , nFl3D =   7 , fields:
(PID.TID 0000.0001)  >Uvel    < >Vvel    < >Theta   < >Salt    < >GuNm1   < >GvNm1   < >GtNm1   < >EtaN    < >dEtaHdt < >EtaH    <
(PID.TID 0000.0001) missingVal=  1.00000000000000E+00 ; nTimRec =   1 , timeList:
(PID.TID 0000.0001)   3.733344000000E+09
(PID.TID 0000.0001) READ_MFLDS_3D_RL: read field: "Uvel    ", #   1 in fldList, rec=   1
(PID.TID 0000.0001) READ_MFLDS_3D_RL: read field: "Vvel    ", #   2 in fldList, rec=   2
(PID.TID 0000.0001) READ_MFLDS_3D_RL: read field: "Theta   ", #   3 in fldList, rec=   3
(PID.TID 0000.0001) READ_MFLDS_3D_RL: read field: "Salt    ", #   4 in fldList, rec=   4
(PID.TID 0000.0001) READ_MFLDS_3D_RL: read field: "GuNm1   ", #   5 in fldList, rec=   5
(PID.TID 0000.0001) READ_MFLDS_3D_RL: read field: "GvNm1   ", #   6 in fldList, rec=   6
(PID.TID 0000.0001) READ_MFLDS_3D_RL: read field: "GtNm1   ", #   7 in fldList, rec=   7
(PID.TID 0000.0001) READ_MFLDS_3D_RL: read field: "EtaN    ", #   8 in fldList, rec= 106
(PID.TID 0000.0001) READ_MFLDS_3D_RL: read field: "dEtaHdt ", #   9 in fldList, rec= 107
(PID.TID 0000.0001) READ_MFLDS_CHECK: - normal end ; reset MFLDS file-name: pickup.0003111120
(PID.TID 0000.0001) // =======================================================
(PID.TID 0000.0001) // Model current state
(PID.TID 0000.0001) // =======================================================
(PID.TID 0000.0001) 
(PID.TID 0000.0001) SOLVE_FOR_PRESSURE: putPmEinXvector =    F
 cg2d: Sum(rhs),rhsMax =  -5.49284379758319E-07  1.99900718163814E+00
 cg2d: Sum(rhs),rhsMax =  -5.49309206121507E-07  1.99891722427463E+00
 cg2d: Sum(rhs),rhsMax =  -5.49334060906403E-07  1.99882649286104E+00
 cg2d: Sum(rhs),rhsMax =  -5.49359384649506E-07  1.99873498159963E+00
 cg2d: Sum(rhs),rhsMax =  -5.49384722603463E-07  1.99864269010627E+00
 cg2d: Sum(rhs),rhsMax =  -5.49410344774515E-07  1.99854961876264E+00
 cg2d: Sum(rhs),rhsMax =  -5.49435796415310E-07  1.99845576788955E+00
 cg2d: Sum(rhs),rhsMax =  -5.49462200183370E-07  1.99836113784469E+00
 cg2d: Sum(rhs),rhsMax =  -5.49488788692543E-07  1.99826572897853E+00
 cg2d: Sum(rhs),rhsMax =  -5.49514751924107E-07  1.99816954154800E+00
 cg2d: Sum(rhs),rhsMax =  -5.49541482541827E-07  1.99807257570754E+00
 cg2d: Sum(rhs),rhsMax =  -5.49568270002965E-07  1.99797483157082E+00
 cg2d: Sum(rhs),rhsMax =  -5.49595156940086E-07  1.99787630928817E+00
 cg2d: Sum(rhs),rhsMax =  -5.49622924950199E-07  1.99777700909627E+00
 cg2d: Sum(rhs),rhsMax =  -5.49650252423817E-07  1.99767693132726E+00
 cg2d: Sum(rhs),rhsMax =  -5.49678063066494E-07  1.99757607638975E+00
 cg2d: Sum(rhs),rhsMax =  -5.49706385299942E-07  1.99747444474240E+00
 cg2d: Sum(rhs),rhsMax =  -5.49734295418602E-07  1.99737203687495E+00
 cg2d: Sum(rhs),rhsMax =  -5.49762916079999E-07  1.99726885330100E+00
 cg2d: Sum(rhs),rhsMax =  -5.49791522530541E-07  1.99716489455958E+00
 cg2d: Sum(rhs),rhsMax =  -5.49820342143903E-07  1.99706016121989E+00
 cg2d: Sum(rhs),rhsMax =  -5.49848977016154E-07  1.99695465388510E+00
 cg2d: Sum(rhs),rhsMax =  -5.49878436117979E-07  1.99684837319346E+00
 cg2d: Sum(rhs),rhsMax =  -5.49907596791854E-07  1.99674131981686E+00
 cg2d: Sum(rhs),rhsMax =  -5.49937652749577E-07  1.99663349445724E+00
 cg2d: Sum(rhs),rhsMax =  -5.49967907659266E-07  1.99652489784209E+00
 cg2d: Sum(rhs),rhsMax =  -5.49997238863398E-07  1.99641553071917E+00
 cg2d: Sum(rhs),rhsMax =  -5.50028119050694E-07  1.99630539385140E+00
 cg2d: Sum(rhs),rhsMax =  -5.50058686599186E-07  1.99619448801251E+00
 cg2d: Sum(rhs),rhsMax =  -5.50089168882550E-07  1.99608281398364E+00
 cg2d: Sum(rhs),rhsMax =  -5.50119750641898E-07  1.99597037255152E+00
 cg2d: Sum(rhs),rhsMax =  -5.50151739275861E-07  1.99585716450781E+00
 cg2d: Sum(rhs),rhsMax =  -5.50182818415124E-07  1.99574319064934E+00
 cg2d: Sum(rhs),rhsMax =  -5.50214636518831E-07  1.99562845177857E+00
 cg2d: Sum(rhs),rhsMax =  -5.50246909369889E-07  1.99551294870356E+00
 cg2d: Sum(rhs),rhsMax =  -5.50278187461117E-07  1.99539668223683E+00
 cg2d: Sum(rhs),rhsMax =  -5.50310687685851E-07  1.99527965319325E+00
 cg2d: Sum(rhs),rhsMax =  -5.50343315808277E-07  1.99516186238701E+00
 cg2d: Sum(rhs),rhsMax =  -5.50376199726088E-07  1.99504331062759E+00
 cg2d: Sum(rhs),rhsMax =  -5.50408387312018E-07  1.99492399871574E+00
 cg2d: Sum(rhs),rhsMax =  -5.50441896507436E-07  1.99480392743948E+00
 cg2d: Sum(rhs),rhsMax =  -5.50475320437727E-07  1.99468309757087E+00
 cg2d: Sum(rhs),rhsMax =  -5.50508758578871E-07  1.99456150986346E+00
 cg2d: Sum(rhs),rhsMax =  -5.50542566202239E-07  1.99443916505045E+00
 cg2d: Sum(rhs),rhsMax =  -5.50576430669025E-07  1.99431606384334E+00
 cg2d: Sum(rhs),rhsMax =  -5.50611218841368E-07  1.99419220693095E+00
 cg2d: Sum(rhs),rhsMax =  -5.50645211205847E-07  1.99406759497850E+00
 cg2d: Sum(rhs),rhsMax =  -5.50680070432463E-07  1.99394222862697E+00
 cg2d: Sum(rhs),rhsMax =  -5.50714943869934E-07  1.99381610849255E+00
 cg2d: Sum(rhs),rhsMax =  -5.50750073102790E-07  1.99368923516619E+00
 cg2d: Sum(rhs),rhsMax =  -5.50785017594535E-07  1.99356160921354E+00
 cg2d: Sum(rhs),rhsMax =  -5.50820601574742E-07  1.99343323117508E+00
 cg2d: Sum(rhs),rhsMax =  -5.50855915548709E-07  1.99330410156655E+00
 cg2d: Sum(rhs),rhsMax =  -5.50891840589429E-07  1.99317422087961E+00
 cg2d: Sum(rhs),rhsMax =  -5.50928206166645E-07  1.99304358958285E+00
 cg2d: Sum(rhs),rhsMax =  -5.50964387002750E-07  1.99291220812281E+00
 cg2d: Sum(rhs),rhsMax =  -5.51000994164497E-07  1.99278007692526E+00
 cg2d: Sum(rhs),rhsMax =  -5.51038482399235E-07  1.99264719639647E+00
 cg2d: Sum(rhs),rhsMax =  -5.51074833765597E-07  1.99251356692449E+00
 cg2d: Sum(rhs),rhsMax =  -5.51111781987856E-07  1.99237918888068E+00
 cg2d: Sum(rhs),rhsMax =  -5.51149454963706E-07  1.99224406262091E+00
 cg2d: Sum(rhs),rhsMax =  -5.51187440578360E-07  1.99210818848717E+00
 cg2d: Sum(rhs),rhsMax =  -5.51224417222329E-07  1.99197156680894E+00
 cg2d: Sum(rhs),rhsMax =  -5.51262701264932E-07  1.99183419790470E+00
 cg2d: Sum(rhs),rhsMax =  -5.51300658457876E-07  1.99169608208353E+00
 cg2d: Sum(rhs),rhsMax =  -5.51339297771847E-07  1.99155721964661E+00
 cg2d: Sum(rhs),rhsMax =  -5.51377766555561E-07  1.99141761088890E+00
 cg2d: Sum(rhs),rhsMax =  -5.51416647454062E-07  1.99127725610078E+00
 cg2d: Sum(rhs),rhsMax =  -5.51456196262734E-07  1.99113615556969E+00
 cg2d: Sum(rhs),rhsMax =  -5.51495602962859E-07  1.99099430958200E+00
 cg2d: Sum(rhs),rhsMax =  -5.51534498072215E-07  1.99085171842477E+00
 cg2d: Sum(rhs),rhsMax =  -5.51574430573964E-07  1.99070838238756E+00
 cg2d: Sum(rhs),rhsMax =  -5.51614007804346E-07  1.99056430176458E+00
 cg2d: Sum(rhs),rhsMax =  -5.51654963487636E-07  1.99041947685641E+00
 cg2d: Sum(rhs),rhsMax =  -5.51695180206480E-07  1.99027390797248E+00
 cg2d: Sum(rhs),rhsMax =  -5.51735638509854E-07  1.99012759543295E+00
 cg2d: Sum(rhs),rhsMax =  -5.51776366819468E-07  1.98998053957094E+00
 cg2d: Sum(rhs),rhsMax =  -5.51817350924466E-07  1.98983274073480E+00
 cg2d: Sum(rhs),rhsMax =  -5.51858263975191E-07  1.98968419929018E+00
 cg2d: Sum(rhs),rhsMax =  -5.51899859146943E-07  1.98953491562214E+00
 cg2d: Sum(rhs),rhsMax =  -5.51941454318694E-07  1.98938489013720E+00
 cg2d: Sum(rhs),rhsMax =  -5.51983475816087E-07  1.98923412326514E+00
 cg2d: Sum(rhs),rhsMax =  -5.52025611000317E-07  1.98908261546077E+00
 cg2d: Sum(rhs),rhsMax =  -5.52067163539505E-07  1.98893036720549E+00
 cg2d: Sum(rhs),rhsMax =  -5.52110165585873E-07  1.98877737900856E+00
 cg2d: Sum(rhs),rhsMax =  -5.52152840782583E-07  1.98862365140837E+00
 cg2d: Sum(rhs),rhsMax =  -5.52195757563823E-07  1.98846918497334E+00
 cg2d: Sum(rhs),rhsMax =  -5.52238674345062E-07  1.98831398030270E+00
 cg2d: Sum(rhs),rhsMax =  -5.52281946397670E-07  1.98815803802702E+00
 cg2d: Sum(rhs),rhsMax =  -5.52325545299936E-07  1.98800135880872E+00
 cg2d: Sum(rhs),rhsMax =  -5.52369456841006E-07  1.98784394334218E+00
 cg2d: Sum(rhs),rhsMax =  -5.52413524701478E-07  1.98768579235393E+00
 cg2d: Sum(rhs),rhsMax =  -5.52457535718531E-07  1.98752690660257E+00
 cg2d: Sum(rhs),rhsMax =  -5.52501575157294E-07  1.98736728687853E+00
 cg2d: Sum(rhs),rhsMax =  -5.52546580934177E-07  1.98720693400384E+00
 cg2d: Sum(rhs),rhsMax =  -5.52590890379179E-07  1.98704584883171E+00
 cg2d: Sum(rhs),rhsMax =  -5.52635924577771E-07  1.98688403224604E+00
 cg2d: Sum(rhs),rhsMax =  -5.52681498788843E-07  1.98672148516067E+00
 cg2d: Sum(rhs),rhsMax =  -5.52726248770341E-07  1.98655820851873E+00
 cg2d: Sum(rhs),rhsMax =  -5.52772533524148E-07  1.98639420329160E+00
 cg2d: Sum(rhs),rhsMax =  -5.52817979837528E-07  1.98622947047843E+00
 cg2d: Sum(rhs),rhsMax =  -5.52864051428514E-07  1.98606401110501E+00
 cg2d: Sum(rhs),rhsMax =  -5.52910734086254E-07  1.98589782622267E+00
 cg2d: Sum(rhs),rhsMax =  -5.52956677779548E-07  1.98573091690681E+00
 cg2d: Sum(rhs),rhsMax =  -5.53003815184638E-07  1.98556328425545E+00
 cg2d: Sum(rhs),rhsMax =  -5.53050924168019E-07  1.98539492938797E+00
 cg2d: Sum(rhs),rhsMax =  -5.53097720512596E-07  1.98522585344344E+00
 cg2d: Sum(rhs),rhsMax =  -5.53145255821619E-07  1.98505605757922E+00
 cg2d: Sum(rhs),rhsMax =  -5.53192592178675E-07  1.98488554296928E+00
 cg2d: Sum(rhs),rhsMax =  -5.53240425915646E-07  1.98471431080241E+00
 cg2d: Sum(rhs),rhsMax =  -5.53288131754925E-07  1.98454236228055E+00
 cg2d: Sum(rhs),rhsMax =  -5.53336491293521E-07  1.98436969861704E+00
 cg2d: Sum(rhs),rhsMax =  -5.53384566615023E-07  1.98419632103470E+00
 cg2d: Sum(rhs),rhsMax =  -5.53433423533534E-07  1.98402223076414E+00
 cg2d: Sum(rhs),rhsMax =  -5.53481640963582E-07  1.98384742904197E+00
 cg2d: Sum(rhs),rhsMax =  -5.53531350533376E-07  1.98367191710904E+00
 cg2d: Sum(rhs),rhsMax =  -5.53579724282827E-07  1.98349569620873E+00
 cg2d: Sum(rhs),rhsMax =  -5.53629703858860E-07  1.98331876758538E+00
 cg2d: Sum(rhs),rhsMax =  -5.53679612380620E-07  1.98314113248257E+00
 cg2d: Sum(rhs),rhsMax =  -5.53729066155029E-07  1.98296279214180E+00
 cg2d: Sum(rhs),rhsMax =  -5.53778619405421E-07  1.98278374780095E+00
 cg2d: Sum(rhs),rhsMax =  -5.53829266891626E-07  1.98260400069298E+00
 cg2d: Sum(rhs),rhsMax =  -5.53879402787061E-07  1.98242355204481E+00
 cg2d: Sum(rhs),rhsMax =  -5.53930405544634E-07  1.98224240307587E+00
 cg2d: Sum(rhs),rhsMax =  -5.53981436723916E-07  1.98206055499737E+00
 cg2d: Sum(rhs),rhsMax =  -5.54032141053540E-07  1.98187800901142E+00
 cg2d: Sum(rhs),rhsMax =  -5.54083243287096E-07  1.98169476631014E+00
 cg2d: Sum(rhs),rhsMax =  -5.54134942376550E-07  1.98151082807497E+00
 cg2d: Sum(rhs),rhsMax =  -5.54186641466003E-07  1.98132619547597E+00
 cg2d: Sum(rhs),rhsMax =  -5.54238283712039E-07  1.98114086967121E+00
 cg2d: Sum(rhs),rhsMax =  -5.54290281229441E-07  1.98095485180652E+00
 cg2d: Sum(rhs),rhsMax =  -5.54342591385648E-07  1.98076814301503E+00
 cg2d: Sum(rhs),rhsMax =  -5.54394603113906E-07  1.98058074441712E+00
 cg2d: Sum(rhs),rhsMax =  -5.54447538547720E-07  1.98039265712023E+00
 cg2d: Sum(rhs),rhsMax =  -5.54500687144355E-07  1.98020388221896E+00
 cg2d: Sum(rhs),rhsMax =  -5.54553366782784E-07  1.98001442079507E+00
 cg2d: Sum(rhs),rhsMax =  -5.54606828018223E-07  1.97982427391782E+00
 cg2d: Sum(rhs),rhsMax =  -5.54660118723405E-07  1.97963344264420E+00
 cg2d: Sum(rhs),rhsMax =  -5.54713722067390E-07  1.97944192801944E+00
 cg2d: Sum(rhs),rhsMax =  -5.54767581206761E-07  1.97924973107745E+00
 cg2d: Sum(rhs),rhsMax =  -5.54821653508952E-07  1.97905685284159E+00
 cg2d: Sum(rhs),rhsMax =  -5.54876066871657E-07  1.97886329432531E+00
 cg2d: Sum(rhs),rhsMax =  -5.54930622342908E-07  1.97866905653301E+00
 cg2d: Sum(rhs),rhsMax =  -5.54985049916468E-07  1.97847414046095E+00
 cg2d: Sum(rhs),rhsMax =  -5.55040315930455E-07  1.97827854709833E+00
 cg2d: Sum(rhs),rhsMax =  -5.55095709842135E-07  1.97808227742825E+00
 cg2d: Sum(rhs),rhsMax =  -5.55150293735096E-07  1.97788533242893E+00
 cg2d: Sum(rhs),rhsMax =  -5.55205559749083E-07  1.97768771307495E+00
 cg2d: Sum(rhs),rhsMax =  -5.55261550516661E-07  1.97748942033836E+00
 cg2d: Sum(rhs),rhsMax =  -5.55317313910564E-07  1.97729045519012E+00
 cg2d: Sum(rhs),rhsMax =  -5.55373532051817E-07  1.97709081860135E+00
 cg2d: Sum(rhs),rhsMax =  -5.55429991777601E-07  1.97689051154471E+00
 cg2d: Sum(rhs),rhsMax =  -5.55486650455350E-07  1.97668953499568E+00
 cg2d: Sum(rhs),rhsMax =  -5.55542897018313E-07  1.97648788993395E+00
 cg2d: Sum(rhs),rhsMax =  -5.55599669382900E-07  1.97628557734490E+00
 cg2d: Sum(rhs),rhsMax =  -5.55657280187916E-07  1.97608259822075E+00
 cg2d: Sum(rhs),rhsMax =  -5.55714478878144E-07  1.97587895356199E+00
 cg2d: Sum(rhs),rhsMax =  -5.55771492827262E-07  1.97567464437864E+00
 cg2d: Sum(rhs),rhsMax =  -5.55829757331594E-07  1.97546967169150E+00
 cg2d: Sum(rhs),rhsMax =  -5.55886927600113E-07  1.97526403653334E+00
 cg2d: Sum(rhs),rhsMax =  -5.55945376845557E-07  1.97505773995005E+00
 cg2d: Sum(rhs),rhsMax =  -5.56003868723565E-07  1.97485078300179E+00
 cg2d: Sum(rhs),rhsMax =  -5.56062303758154E-07  1.97464316676384E+00
 cg2d: Sum(rhs),rhsMax =  -5.56120710371033E-07  1.97443489232779E+00
 cg2d: Sum(rhs),rhsMax =  -5.56179287514169E-07  1.97422596080221E+00
 cg2d: Sum(rhs),rhsMax =  -5.56238248350382E-07  1.97401637331350E+00
 cg2d: Sum(rhs),rhsMax =  -5.56297834464203E-07  1.97380613100668E+00
 cg2d: Sum(rhs),rhsMax =  -5.56356837932981E-07  1.97359523504594E+00
 cg2d: Sum(rhs),rhsMax =  -5.56417077746119E-07  1.97338368661512E+00
 cg2d: Sum(rhs),rhsMax =  -5.56477061763871E-07  1.97317148691829E+00
 cg2d: Sum(rhs),rhsMax =  -5.56536562612564E-07  1.97295863717994E+00
 cg2d: Sum(rhs),rhsMax =  -5.56597157697070E-07  1.97274513864537E+00
 cg2d: Sum(rhs),rhsMax =  -5.56657482775336E-07  1.97253099258076E+00
 cg2d: Sum(rhs),rhsMax =  -5.56717992594713E-07  1.97231620027322E+00
 cg2d: Sum(rhs),rhsMax =  -5.56779141902553E-07  1.97210076303088E+00
 cg2d: Sum(rhs),rhsMax =  -5.56840234366973E-07  1.97188468218262E+00
 cg2d: Sum(rhs),rhsMax =  -5.56900658921222E-07  1.97166795907794E+00
 cg2d: Sum(rhs),rhsMax =  -5.56962149289575E-07  1.97145059508666E+00
 cg2d: Sum(rhs),rhsMax =  -5.57023938085877E-07  1.97123259159848E+00
 cg2d: Sum(rhs),rhsMax =  -5.57085797936452E-07  1.97101395002258E+00
 cg2d: Sum(rhs),rhsMax =  -5.57147600943608E-07  1.97079467178698E+00
 cg2d: Sum(rhs),rhsMax =  -5.57210015017517E-07  1.97057475833802E+00
 cg2d: Sum(rhs),rhsMax =  -5.57272443302281E-07  1.97035421113958E+00
 cg2d: Sum(rhs),rhsMax =  -5.57335141593285E-07  1.97013303167233E+00
 cg2d: Sum(rhs),rhsMax =  -5.57397228817536E-07  1.96991122143296E+00
 cg2d: Sum(rhs),rhsMax =  -5.57460708705548E-07  1.96968878193325E+00
 cg2d: Sum(rhs),rhsMax =  -5.57523776478774E-07  1.96946571469913E+00
 cg2d: Sum(rhs),rhsMax =  -5.57587156890804E-07  1.96924202126977E+00
 cg2d: Sum(rhs),rhsMax =  -5.57650238874885E-07  1.96901770319651E+00
 cg2d: Sum(rhs),rhsMax =  -5.57713889293154E-07  1.96879276204183E+00
 cg2d: Sum(rhs),rhsMax =  -5.57777980247920E-07  1.96856719937829E+00
 cg2d: Sum(rhs),rhsMax =  -5.57842383841489E-07  1.96834101678742E+00
 cg2d: Sum(rhs),rhsMax =  -5.57906560061383E-07  1.96811421585852E+00
 cg2d: Sum(rhs),rhsMax =  -5.57971233661192E-07  1.96788679818774E+00
 cg2d: Sum(rhs),rhsMax =  -5.58035566200488E-07  1.96765876537700E+00
 cg2d: Sum(rhs),rhsMax =  -5.58100666125938E-07  1.96743011903290E+00
 cg2d: Sum(rhs),rhsMax =  -5.58165609731986E-07  1.96720086076571E+00
 cg2d: Sum(rhs),rhsMax =  -5.58231036507095E-07  1.96697099218810E+00
 cg2d: Sum(rhs),rhsMax =  -5.58296193275964E-07  1.96674051491406E+00
 cg2d: Sum(rhs),rhsMax =  -5.58361932689877E-07  1.96650943055777E+00
 cg2d: Sum(rhs),rhsMax =  -5.58427728947208E-07  1.96627774073271E+00
 cg2d: Sum(rhs),rhsMax =  -5.58493525204540E-07  1.96604544705067E+00
 cg2d: Sum(rhs),rhsMax =  -5.58559833052641E-07  1.96581255112100E+00
 cg2d: Sum(rhs),rhsMax =  -5.58626126689887E-07  1.96557905454964E+00
 cg2d: Sum(rhs),rhsMax =  -5.58692562435681E-07  1.96534495893845E+00
 cg2d: Sum(rhs),rhsMax =  -5.58759097657457E-07  1.96511026588439E+00
 cg2d: Sum(rhs),rhsMax =  -5.58826485530517E-07  1.96487497697880E+00
 cg2d: Sum(rhs),rhsMax =  -5.58893475499644E-07  1.96463909380681E+00
 cg2d: Sum(rhs),rhsMax =  -5.58960536523045E-07  1.96440261794676E+00
 cg2d: Sum(rhs),rhsMax =  -5.59028023872088E-07  1.96416555096968E+00
 cg2d: Sum(rhs),rhsMax =  -5.59095667540532E-07  1.96392789443884E+00
 cg2d: Sum(rhs),rhsMax =  -5.59163382263250E-07  1.96368964990949E+00
 cg2d: Sum(rhs),rhsMax =  -5.59231580155028E-07  1.96345081892850E+00
 cg2d: Sum(rhs),rhsMax =  -5.59300005420482E-07  1.96321140303419E+00
 cg2d: Sum(rhs),rhsMax =  -5.59368544372774E-07  1.96297140375622E+00
 cg2d: Sum(rhs),rhsMax =  -5.59436770686261E-07  1.96273082261551E+00
 cg2d: Sum(rhs),rhsMax =  -5.59505622277356E-07  1.96248966112432E+00
 cg2d: Sum(rhs),rhsMax =  -5.59574189651357E-07  1.96224792078625E+00
 cg2d: Sum(rhs),rhsMax =  -5.59644050213137E-07  1.96200560309654E+00
 cg2d: Sum(rhs),rhsMax =  -5.59712887593378E-07  1.96176270954227E+00
 cg2d: Sum(rhs),rhsMax =  -5.59782804998576E-07  1.96151924160263E+00
 cg2d: Sum(rhs),rhsMax =  -5.59851940806766E-07  1.96127520074933E+00
 cg2d: Sum(rhs),rhsMax =  -5.59922128218204E-07  1.96103058844712E+00
 cg2d: Sum(rhs),rhsMax =  -5.59992145099386E-07  1.96078540615425E+00
 cg2d: Sum(rhs),rhsMax =  -5.60061621968089E-07  1.96053965532297E+00
 cg2d: Sum(rhs),rhsMax =  -5.60132235705169E-07  1.96029333740028E+00
 cg2d: Sum(rhs),rhsMax =  -5.60202408905752E-07  1.96004645382849E+00
 cg2d: Sum(rhs),rhsMax =  -5.60273846872406E-07  1.95979900604598E+00
 cg2d: Sum(rhs),rhsMax =  -5.60344673772306E-07  1.95955099548792E+00
 cg2d: Sum(rhs),rhsMax =  -5.60415358563660E-07  1.95930242358699E+00
 cg2d: Sum(rhs),rhsMax =  -5.60487208645100E-07  1.95905329177424E+00
 cg2d: Sum(rhs),rhsMax =  -5.60558191864402E-07  1.95880360147987E+00
 cg2d: Sum(rhs),rhsMax =  -5.60629871415586E-07  1.95855335413402E+00
 cg2d: Sum(rhs),rhsMax =  -5.60702389407197E-07  1.95830255116766E+00
 cg2d: Sum(rhs),rhsMax =  -5.60773784741286E-07  1.95805119401335E+00
 cg2d: Sum(rhs),rhsMax =  -5.60846018515804E-07  1.95779928410623E+00
 cg2d: Sum(rhs),rhsMax =  -5.60918437031432E-07  1.95754682288471E+00
 cg2d: Sum(rhs),rhsMax =  -5.60991182396720E-07  1.95729381179139E+00
 cg2d: Sum(rhs),rhsMax =  -5.61063004056450E-07  1.95704025227386E+00
 cg2d: Sum(rhs),rhsMax =  -5.61136360488490E-07  1.95678614578555E+00
 cg2d: Sum(rhs),rhsMax =  -5.61209304805743E-07  1.95653149378643E+00
 cg2d: Sum(rhs),rhsMax =  -5.61282533340091E-07  1.95627629774383E+00
 cg2d: Sum(rhs),rhsMax =  -5.61356372941191E-07  1.95602055913314E+00
 cg2d: Sum(rhs),rhsMax =  -5.61429828849214E-07  1.95576427943818E+00
 cg2d: Sum(rhs),rhsMax =  -5.61503071594416E-07  1.95550746015178E+00
 cg2d: Sum(rhs),rhsMax =  -5.61577223834320E-07  1.95525010277685E+00
 cg2d: Sum(rhs),rhsMax =  -5.61651205543967E-07  1.95499220882744E+00
 cg2d: Sum(rhs),rhsMax =  -5.61725428838145E-07  1.95473377982904E+00
 cg2d: Sum(rhs),rhsMax =  -5.61799978981981E-07  1.95447481731882E+00
 cg2d: Sum(rhs),rhsMax =  -5.61874742288637E-07  1.95421532284547E+00
 cg2d: Sum(rhs),rhsMax =  -5.61949107691362E-07  1.95395529796958E+00
 cg2d: Sum(rhs),rhsMax =  -5.62024510486481E-07  1.95369474426418E+00
 cg2d: Sum(rhs),rhsMax =  -5.62099131684590E-07  1.95343366331500E+00
 cg2d: Sum(rhs),rhsMax =  -5.62174761853385E-07  1.95317205672086E+00
 cg2d: Sum(rhs),rhsMax =  -5.62249880431409E-07  1.95290992609378E+00
 cg2d: Sum(rhs),rhsMax =  -5.62325638497896E-07  1.95264727305902E+00
 cg2d: Sum(rhs),rhsMax =  -5.62401396564383E-07  1.95238409925521E+00
 cg2d: Sum(rhs),rhsMax =  -5.62477907806169E-07  1.95212040633427E+00
 cg2d: Sum(rhs),rhsMax =  -5.62553424288126E-07  1.95185619596126E+00
 cg2d: Sum(rhs),rhsMax =  -5.62629637101963E-07  1.95159146981439E+00
 cg2d: Sum(rhs),rhsMax =  -5.62706233608878E-07  1.95132622958481E+00
 cg2d: Sum(rhs),rhsMax =  -5.62783370128273E-07  1.95106047697627E+00
 cg2d: Sum(rhs),rhsMax =  -5.62860080322025E-07  1.95079421370499E+00
 cg2d: Sum(rhs),rhsMax =  -5.62937032100308E-07  1.95052744149923E+00
 cg2d: Sum(rhs),rhsMax =  -5.63013955456881E-07  1.95026016209899E+00
 cg2d: Sum(rhs),rhsMax =  -5.63091674621319E-07  1.94999237725549E+00
 cg2d: Sum(rhs),rhsMax =  -5.63168867984132E-07  1.94972408873082E+00
 cg2d: Sum(rhs),rhsMax =  -5.63246189244637E-07  1.94945529829737E+00
 cg2d: Sum(rhs),rhsMax =  -5.63324832114631E-07  1.94918600773733E+00
 cg2d: Sum(rhs),rhsMax =  -5.63402565489923E-07  1.94891621884210E+00
 cg2d: Sum(rhs),rhsMax =  -5.63480526238891E-07  1.94864593341172E+00
 cg2d: Sum(rhs),rhsMax =  -5.63559069632902E-07  1.94837515325427E+00
 cg2d: Sum(rhs),rhsMax =  -5.63637058803579E-07  1.94810388018519E+00
 cg2d: Sum(rhs),rhsMax =  -5.63715630619299E-07  1.94783211602670E+00
 cg2d: Sum(rhs),rhsMax =  -5.63795012453738E-07  1.94755986260706E+00
 cg2d: Sum(rhs),rhsMax =  -5.63873740588861E-07  1.94728712175998E+00
 cg2d: Sum(rhs),rhsMax =  -5.63952639254239E-07  1.94701389532396E+00
 cg2d: Sum(rhs),rhsMax =  -5.64032234251499E-07  1.94674018514154E+00
 cg2d: Sum(rhs),rhsMax =  -5.64111800827050E-07  1.94646599305874E+00
 cg2d: Sum(rhs),rhsMax =  -5.64190486329608E-07  1.94619132092434E+00
 cg2d: Sum(rhs),rhsMax =  -5.64270862923877E-07  1.94591617058930E+00
 cg2d: Sum(rhs),rhsMax =  -5.64350600029684E-07  1.94564054390609E+00
 cg2d: Sum(rhs),rhsMax =  -5.64431189786774E-07  1.94536444272815E+00
 cg2d: Sum(rhs),rhsMax =  -5.64511765333009E-07  1.94508786890921E+00
 cg2d: Sum(rhs),rhsMax =  -5.64591530860525E-07  1.94481082430283E+00
 cg2d: Sum(rhs),rhsMax =  -5.64672575364966E-07  1.94453331076179E+00
 cg2d: Sum(rhs),rhsMax =  -5.64753221965475E-07  1.94425533013766E+00
 cg2d: Sum(rhs),rhsMax =  -5.64833612770599E-07  1.94397688428028E+00
 cg2d: Sum(rhs),rhsMax =  -5.64914955702989E-07  1.94369797503735E+00
 cg2d: Sum(rhs),rhsMax =  -5.64995659146916E-07  1.94341860425400E+00
 cg2d: Sum(rhs),rhsMax =  -5.65077158398708E-07  1.94313877377247E+00
 cg2d: Sum(rhs),rhsMax =  -5.65159368193235E-07  1.94285848543178E+00
 cg2d: Sum(rhs),rhsMax =  -5.65240938499301E-07  1.94257774106742E+00
 cg2d: Sum(rhs),rhsMax =  -5.65322835655024E-07  1.94229654251113E+00
 cg2d: Sum(rhs),rhsMax =  -5.65404945973569E-07  1.94201489159073E+00
 cg2d: Sum(rhs),rhsMax =  -5.65486899972711E-07  1.94173279012989E+00
 cg2d: Sum(rhs),rhsMax =  -5.65569237664931E-07  1.94145023994810E+00
 cg2d: Sum(rhs),rhsMax =  -5.65651674833134E-07  1.94116724286053E+00
 cg2d: Sum(rhs),rhsMax =  -5.65733827784243E-07  1.94088380067805E+00
 cg2d: Sum(rhs),rhsMax =  -5.65816890230053E-07  1.94059991520722E+00
 cg2d: Sum(rhs),rhsMax =  -5.65899625826205E-07  1.94031558825035E+00
 cg2d: Sum(rhs),rhsMax =  -5.65982873013127E-07  1.94003082160555E+00
 cg2d: Sum(rhs),rhsMax =  -5.66065864404663E-07  1.93974561706697E+00
 cg2d: Sum(rhs),rhsMax =  -5.66149182645859E-07  1.93945997642480E+00
 cg2d: Sum(rhs),rhsMax =  -5.66232401411071E-07  1.93917390146568E+00
 cg2d: Sum(rhs),rhsMax =  -5.66317211792011E-07  1.93888739397273E+00
 cg2d: Sum(rhs),rhsMax =  -5.66400217394403E-07  1.93860045572601E+00
 cg2d: Sum(rhs),rhsMax =  -5.66484516184573E-07  1.93831308850262E+00
 cg2d: Sum(rhs),rhsMax =  -5.66568431281667E-07  1.93802529407722E+00
 cg2d: Sum(rhs),rhsMax =  -5.66653199030043E-07  1.93773707422225E+00
 cg2d: Sum(rhs),rhsMax =  -5.66736929386025E-07  1.93744843070834E+00
 cg2d: Sum(rhs),rhsMax =  -5.66821469760725E-07  1.93715936530470E+00
 cg2d: Sum(rhs),rhsMax =  -5.66906720678162E-07  1.93686987977955E+00
 cg2d: Sum(rhs),rhsMax =  -5.66990962624914E-07  1.93657997590051E+00
 cg2d: Sum(rhs),rhsMax =  -5.67075986168675E-07  1.93628965543502E+00
 cg2d: Sum(rhs),rhsMax =  -5.67161634990043E-07  1.93599892015086E+00
 cg2d: Sum(rhs),rhsMax =  -5.67246956961753E-07  1.93570777181652E+00
 cg2d: Sum(rhs),rhsMax =  -5.67332136824916E-07  1.93541621220166E+00
 cg2d: Sum(rhs),rhsMax =  -5.67417487218336E-07  1.93512424307760E+00
 cg2d: Sum(rhs),rhsMax =  -5.67503448678508E-07  1.93483186621774E+00
 cg2d: Sum(rhs),rhsMax =  -5.67589111710731E-07  1.93453908339803E+00
 cg2d: Sum(rhs),rhsMax =  -5.67675769502785E-07  1.93424589639736E+00
 cg2d: Sum(rhs),rhsMax =  -5.67761972547487E-07  1.93395230699804E+00
 cg2d: Sum(rhs),rhsMax =  -5.67847664001420E-07  1.93365831698622E+00
 cg2d: Sum(rhs),rhsMax =  -5.67934591799713E-07  1.93336392815223E+00
 cg2d: Sum(rhs),rhsMax =  -5.68020837476979E-07  1.93306914229103E+00
 cg2d: Sum(rhs),rhsMax =  -5.68107921594674E-07  1.93277396120256E+00
 cg2d: Sum(rhs),rhsMax =  -5.68194664651855E-07  1.93247838669204E+00
 cg2d: Sum(rhs),rhsMax =  -5.68281393498182E-07  1.93218242057038E+00
 cg2d: Sum(rhs),rhsMax =  -5.68368591302715E-07  1.93188606465442E+00
 cg2d: Sum(rhs),rhsMax =  -5.68455917004940E-07  1.93158932076722E+00
 cg2d: Sum(rhs),rhsMax =  -5.68543768508789E-07  1.93129219073832E+00
 cg2d: Sum(rhs),rhsMax =  -5.68632131603408E-07  1.93099467640392E+00
 cg2d: Sum(rhs),rhsMax =  -5.68719102034265E-07  1.93069677960713E+00
 cg2d: Sum(rhs),rhsMax =  -5.68806612477601E-07  1.93039850219809E+00
 cg2d: Sum(rhs),rhsMax =  -5.68894947150511E-07  1.93009984603413E+00
 cg2d: Sum(rhs),rhsMax =  -5.68982883919489E-07  1.92980081297984E+00
 cg2d: Sum(rhs),rhsMax =  -5.69071616496331E-07  1.92950140490716E+00
 cg2d: Sum(rhs),rhsMax =  -5.69159880114967E-07  1.92920162369543E+00
 cg2d: Sum(rhs),rhsMax =  -5.69248541637535E-07  1.92890147123137E+00
 cg2d: Sum(rhs),rhsMax =  -5.69337530009761E-07  1.92860094940903E+00
 cg2d: Sum(rhs),rhsMax =  -5.69426191532330E-07  1.92830006012983E+00
 cg2d: Sum(rhs),rhsMax =  -5.69514867265752E-07  1.92799880530239E+00
 cg2d: Sum(rhs),rhsMax =  -5.69604097222509E-07  1.92769718684245E+00
 cg2d: Sum(rhs),rhsMax =  -5.69692900853624E-07  1.92739520667272E+00
 cg2d: Sum(rhs),rhsMax =  -5.69782841353117E-07  1.92709286672272E+00
 cg2d: Sum(rhs),rhsMax =  -5.69846605458224E-07  1.92687610133598E+00
 cg2d: Sum(rhs),rhsMax =  -5.69809671446819E-07  1.92700113356596E+00
 cg2d: Sum(rhs),rhsMax =  -5.69773291658748E-07  1.92712564491736E+00
 cg2d: Sum(rhs),rhsMax =  -5.69736158695378E-07  1.92724963496746E+00
 cg2d: Sum(rhs),rhsMax =  -5.69699366792520E-07  1.92737310329611E+00
 cg2d: Sum(rhs),rhsMax =  -5.69663015426158E-07  1.92749604948536E+00
 cg2d: Sum(rhs),rhsMax =  -5.69627474078516E-07  1.92761847311884E+00
 cg2d: Sum(rhs),rhsMax =  -5.69590795862496E-07  1.92774037378141E+00
 cg2d: Sum(rhs),rhsMax =  -5.69555140828015E-07  1.92786175105870E+00
 cg2d: Sum(rhs),rhsMax =  -5.69519684745501E-07  1.92798260453662E+00
 cg2d: Sum(rhs),rhsMax =  -5.69483674439653E-07  1.92810293380118E+00
 cg2d: Sum(rhs),rhsMax =  -5.69448530995942E-07  1.92822273843792E+00
 cg2d: Sum(rhs),rhsMax =  -5.69413529660778E-07  1.92834201803177E+00
 cg2d: Sum(rhs),rhsMax =  -5.69378585169034E-07  1.92846077216685E+00
 cg2d: Sum(rhs),rhsMax =  -5.69343811207546E-07  1.92857900042596E+00
 cg2d: Sum(rhs),rhsMax =  -5.69309023035203E-07  1.92869670239064E+00
 cg2d: Sum(rhs),rhsMax =  -5.69274007489184E-07  1.92881387764097E+00
 cg2d: Sum(rhs),rhsMax =  -5.69239773540176E-07  1.92893052575543E+00
 cg2d: Sum(rhs),rhsMax =  -5.69205170108944E-07  1.92904664631088E+00
 cg2d: Sum(rhs),rhsMax =  -5.69171220377029E-07  1.92916223888250E+00
 cg2d: Sum(rhs),rhsMax =  -5.69137114325713E-07  1.92927730304388E+00
 cg2d: Sum(rhs),rhsMax =  -5.69103676184568E-07  1.92939183836699E+00
 cg2d: Sum(rhs),rhsMax =  -5.69070124356585E-07  1.92950584442245E+00
 cg2d: Sum(rhs),rhsMax =  -5.69036572528603E-07  1.92961932077946E+00
 cg2d: Sum(rhs),rhsMax =  -5.69003134387458E-07  1.92973226700605E+00
 cg2d: Sum(rhs),rhsMax =  -5.68970222047938E-07  1.92984468266942E+00
 cg2d: Sum(rhs),rhsMax =  -5.68937196021579E-07  1.92995656733635E+00
 cg2d: Sum(rhs),rhsMax =  -5.68904098940948E-07  1.93006792057358E+00
 cg2d: Sum(rhs),rhsMax =  -5.68871655559633E-07  1.93017874194793E+00
 cg2d: Sum(rhs),rhsMax =  -5.68839212178318E-07  1.93028903102662E+00
 cg2d: Sum(rhs),rhsMax =  -5.68806797218713E-07  1.93039878737757E+00
 cg2d: Sum(rhs),rhsMax =  -5.68774410680817E-07  1.93050801056996E+00
 cg2d: Sum(rhs),rhsMax =  -5.68742677842238E-07  1.93061670017463E+00
 cg2d: Sum(rhs),rhsMax =  -5.68710547099727E-07  1.93072485576468E+00
 cg2d: Sum(rhs),rhsMax =  -5.68678814261148E-07  1.93083247691604E+00
 cg2d: Sum(rhs),rhsMax =  -5.68647237741970E-07  1.93093956320783E+00
 cg2d: Sum(rhs),rhsMax =  -5.68615689644503E-07  1.93104611422310E+00
 cg2d: Sum(rhs),rhsMax =  -5.68584880511480E-07  1.93115212954912E+00
 cg2d: Sum(rhs),rhsMax =  -5.68553531365978E-07  1.93125760877817E+00
 cg2d: Sum(rhs),rhsMax =  -5.68523276456290E-07  1.93136255150467E+00
 cg2d: Sum(rhs),rhsMax =  -5.68492382058139E-07  1.93146695732853E+00
 cg2d: Sum(rhs),rhsMax =  -5.68461629768535E-07  1.93157082586152E+00
 cg2d: Sum(rhs),rhsMax =  -5.68431360647992E-07  1.93167415672677E+00
 cg2d: Sum(rhs),rhsMax =  -5.68401475220526E-07  1.93177694955422E+00
 cg2d: Sum(rhs),rhsMax =  -5.68371262943401E-07  1.93187920397816E+00
 cg2d: Sum(rhs),rhsMax =  -5.68340851714311E-07  1.93198091963853E+00
 cg2d: Sum(rhs),rhsMax =  -5.68310895232571E-07  1.93208209618343E+00
 cg2d: Sum(rhs),rhsMax =  -5.68281237178780E-07  1.93218273327105E+00
 cg2d: Sum(rhs),rhsMax =  -5.68252417565418E-07  1.93228283057040E+00
 cg2d: Sum(rhs),rhsMax =  -5.68222702668209E-07  1.93238238776169E+00
 cg2d: Sum(rhs),rhsMax =  -5.68193939898265E-07  1.93248140453628E+00
 cg2d: Sum(rhs),rhsMax =  -5.68164935543791E-07  1.93257988059682E+00
 cg2d: Sum(rhs),rhsMax =  -5.68135888556753E-07  1.93267781565734E+00
 cg2d: Sum(rhs),rhsMax =  -5.68107424214759E-07  1.93277520944361E+00
 cg2d: Sum(rhs),rhsMax =  -5.68079059348747E-07  1.93287206169317E+00
 cg2d: Sum(rhs),rhsMax =  -5.68050523952479E-07  1.93296837215566E+00
 cg2d: Sum(rhs),rhsMax =  -5.68022599622964E-07  1.93306414059295E+00
 cg2d: Sum(rhs),rhsMax =  -5.67993922118148E-07  1.93315936677924E+00
 cg2d: Sum(rhs),rhsMax =  -5.67966552011967E-07  1.93325405050117E+00
 cg2d: Sum(rhs),rhsMax =  -5.67939181905786E-07  1.93334819155789E+00
 cg2d: Sum(rhs),rhsMax =  -5.67911513371655E-07  1.93344178976091E+00
 cg2d: Sum(rhs),rhsMax =  -5.67884285374021E-07  1.93353484493416E+00
 cg2d: Sum(rhs),rhsMax =  -5.67857043165532E-07  1.93362735691380E+00
 cg2d: Sum(rhs),rhsMax =  -5.67829800957043E-07  1.93371932554806E+00
 cg2d: Sum(rhs),rhsMax =  -5.67803255080435E-07  1.93381075069706E+00
 cg2d: Sum(rhs),rhsMax =  -5.67776083926219E-07  1.93390163223258E+00
 cg2d: Sum(rhs),rhsMax =  -5.67749594893030E-07  1.93399197003772E+00
 cg2d: Sum(rhs),rhsMax =  -5.67723390076935E-07  1.93408176400671E+00
 cg2d: Sum(rhs),rhsMax =  -5.67697682640755E-07  1.93417101404447E+00
 cg2d: Sum(rhs),rhsMax =  -5.67671648354917E-07  1.93425972006635E+00
 cg2d: Sum(rhs),rhsMax =  -5.67645500382241E-07  1.93434788199762E+00
 cg2d: Sum(rhs),rhsMax =  -5.67620077163156E-07  1.93443549977320E+00
 cg2d: Sum(rhs),rhsMax =  -5.67594639733215E-07  1.93452257333704E+00
 cg2d: Sum(rhs),rhsMax =  -5.67569017562164E-07  1.93460910264177E+00
 cg2d: Sum(rhs),rhsMax =  -5.67543878560173E-07  1.93469508764819E+00
 cg2d: Sum(rhs),rhsMax =  -5.67518668503908E-07  1.93478052832462E+00
 cg2d: Sum(rhs),rhsMax =  -5.67493884773285E-07  1.93486542464654E+00
 cg2d: Sum(rhs),rhsMax =  -5.67468688927875E-07  1.93494977659593E+00
 cg2d: Sum(rhs),rhsMax =  -5.67444629950842E-07  1.93503358416079E+00
 cg2d: Sum(rhs),rhsMax =  -5.67420130437313E-07  1.93511684733450E+00
 cg2d: Sum(rhs),rhsMax =  -5.67395872508314E-07  1.93519956611534E+00
 cg2d: Sum(rhs),rhsMax =  -5.67371571946751E-07  1.93528174050587E+00
 cg2d: Sum(rhs),rhsMax =  -5.67347797186812E-07  1.93536337051247E+00
 cg2d: Sum(rhs),rhsMax =  -5.67323908740036E-07  1.93544445614468E+00
 cg2d: Sum(rhs),rhsMax =  -5.67300475040611E-07  1.93552499730822E+00
 cg2d: Sum(rhs),rhsMax =  -5.67277126606314E-07  1.93560499415180E+00
 cg2d: Sum(rhs),rhsMax =  -5.67253593430905E-07  1.93568444676020E+00
 cg2d: Sum(rhs),rhsMax =  -5.67230429737720E-07  1.93576335516861E+00
 cg2d: Sum(rhs),rhsMax =  -5.67207464996500E-07  1.93584171941044E+00
 cg2d: Sum(rhs),rhsMax =  -5.67185239219725E-07  1.93591953953280E+00
 cg2d: Sum(rhs),rhsMax =  -5.67162175002522E-07  1.93599681559395E+00
 cg2d: Sum(rhs),rhsMax =  -5.67139906593184E-07  1.93607354765787E+00
 cg2d: Sum(rhs),rhsMax =  -5.67117325545041E-07  1.93614973579098E+00
 cg2d: Sum(rhs),rhsMax =  -5.67094787129463E-07  1.93622538006097E+00
 cg2d: Sum(rhs),rhsMax =  -5.67072717672090E-07  1.93630048053628E+00
 cg2d: Sum(rhs),rhsMax =  -5.67051657185402E-07  1.93637503728548E+00
 cg2d: Sum(rhs),rhsMax =  -5.67029616149739E-07  1.93644905037664E+00
 cg2d: Sum(rhs),rhsMax =  -5.67008441976213E-07  1.93652251139110E+00
 cg2d: Sum(rhs),rhsMax =  -5.66986557259952E-07  1.93659543327933E+00
 cg2d: Sum(rhs),rhsMax =  -5.66965951520615E-07  1.93666781738343E+00
 cg2d: Sum(rhs),rhsMax =  -5.66945075775038E-07  1.93673966173887E+00
 cg2d: Sum(rhs),rhsMax =  -5.66923674227837E-07  1.93681096556183E+00
 cg2d: Sum(rhs),rhsMax =  -5.66903437970723E-07  1.93688172936118E+00
 cg2d: Sum(rhs),rhsMax =  -5.66883059605061E-07  1.93695195417525E+00
 cg2d: Sum(rhs),rhsMax =  -5.66861899642390E-07  1.93702164104767E+00
 cg2d: Sum(rhs),rhsMax =  -5.66841961813225E-07  1.93709079089473E+00
 cg2d: Sum(rhs),rhsMax =  -5.66821825032093E-07  1.93715940453784E+00
 cg2d: Sum(rhs),rhsMax =  -5.66801730883526E-07  1.93722748273894E+00
 cg2d: Sum(rhs),rhsMax =  -5.66782034638891E-07  1.93729502621058E+00
 cg2d: Sum(rhs),rhsMax =  -5.66762281550837E-07  1.93736203561537E+00
 cg2d: Sum(rhs),rhsMax =  -5.66743253216373E-07  1.93742851156352E+00
 cg2d: Sum(rhs),rhsMax =  -5.66723855399687E-07  1.93749445461073E+00
 cg2d: Sum(rhs),rhsMax =  -5.66703974413940E-07  1.93755986525643E+00
 cg2d: Sum(rhs),rhsMax =  -5.66685670833067E-07  1.93762474394262E+00
 cg2d: Sum(rhs),rhsMax =  -5.66666628287749E-07  1.93768909105320E+00
 cg2d: Sum(rhs),rhsMax =  -5.66648267863457E-07  1.93775290691409E+00
 cg2d: Sum(rhs),rhsMax =  -5.66629339004976E-07  1.93781619179384E+00
 cg2d: Sum(rhs),rhsMax =  -5.66611106478376E-07  1.93787894590482E+00
 cg2d: Sum(rhs),rhsMax =  -5.66592774475794E-07  1.93794116940456E+00
 cg2d: Sum(rhs),rhsMax =  -5.66575195648511E-07  1.93800286239717E+00
 cg2d: Sum(rhs),rhsMax =  -5.66556948911057E-07  1.93806402493467E+00
 cg2d: Sum(rhs),rhsMax =  -5.66539696933432E-07  1.93812465701852E+00
 cg2d: Sum(rhs),rhsMax =  -5.66521649147944E-07  1.93818475860077E+00
 cg2d: Sum(rhs),rhsMax =  -5.66504240850918E-07  1.93824432958611E+00
 cg2d: Sum(rhs),rhsMax =  -5.66487329933807E-07  1.93830336983406E+00
 cg2d: Sum(rhs),rhsMax =  -5.66470305329858E-07  1.93836116340949E+00
 cg2d: Sum(rhs),rhsMax =  -5.66453834949243E-07  1.93841858658365E+00
 cg2d: Sum(rhs),rhsMax =  -5.66436398230508E-07  1.93847548278231E+00
 cg2d: Sum(rhs),rhsMax =  -5.66420283121261E-07  1.93853178951929E+00
 cg2d: Sum(rhs),rhsMax =  -5.66404551705091E-07  1.93858751039334E+00
 cg2d: Sum(rhs),rhsMax =  -5.66388578704391E-07  1.93864263997845E+00
 cg2d: Sum(rhs),rhsMax =  -5.66372079902067E-07  1.93869716714301E+00
 cg2d: Sum(rhs),rhsMax =  -5.66355950581965E-07  1.93875108121840E+00
 cg2d: Sum(rhs),rhsMax =  -5.66340759178274E-07  1.93880437233028E+00
 cg2d: Sum(rhs),rhsMax =  -5.66325041972959E-07  1.93885703107115E+00
 cg2d: Sum(rhs),rhsMax =  -5.66310390581748E-07  1.93890904856143E+00
 cg2d: Sum(rhs),rhsMax =  -5.66295241810622E-07  1.93896041659531E+00
 cg2d: Sum(rhs),rhsMax =  -5.66280618841120E-07  1.93901112774023E+00
 cg2d: Sum(rhs),rhsMax =  -5.66265825341361E-07  1.93906117539970E+00
 cg2d: Sum(rhs),rhsMax =  -5.66251429745535E-07  1.93911055385940E+00
 cg2d: Sum(rhs),rhsMax =  -5.66237375210221E-07  1.93915925832426E+00
 cg2d: Sum(rhs),rhsMax =  -5.66223164355506E-07  1.93920728494762E+00
 cg2d: Sum(rhs),rhsMax =  -5.66209450880706E-07  1.93925463085261E+00
 cg2d: Sum(rhs),rhsMax =  -5.66195481610521E-07  1.93930129414640E+00
 cg2d: Sum(rhs),rhsMax =  -5.66182464467602E-07  1.93934727392649E+00
 cg2d: Sum(rhs),rhsMax =  -5.66168921523058E-07  1.93939257027958E+00
 cg2d: Sum(rhs),rhsMax =  -5.66155847536720E-07  1.93943718427251E+00
 cg2d: Sum(rhs),rhsMax =  -5.66143128821750E-07  1.93948111793525E+00
 cg2d: Sum(rhs),rhsMax =  -5.66130793799857E-07  1.93952437423625E+00
 cg2d: Sum(rhs),rhsMax =  -5.66117535072408E-07  1.93956695705042E+00
 cg2d: Sum(rhs),rhsMax =  -5.66106393762311E-07  1.93960887112034E+00
 cg2d: Sum(rhs),rhsMax =  -5.66093760312469E-07  1.93965012201144E+00
 cg2d: Sum(rhs),rhsMax =  -5.66081880037927E-07  1.93969071606183E+00
 cg2d: Sum(rhs),rhsMax =  -5.66070184504497E-07  1.93973066032740E+00
 cg2d: Sum(rhs),rhsMax =  -5.66058872664144E-07  1.93976996252237E+00
 cg2d: Sum(rhs),rhsMax =  -5.66047191341568E-07  1.93980863095625E+00
 cg2d: Sum(rhs),rhsMax =  -5.66036177929163E-07  1.93984667446658E+00
 cg2d: Sum(rhs),rhsMax =  -5.66025391890435E-07  1.93988410234865E+00
 cg2d: Sum(rhs),rhsMax =  -5.66015174285894E-07  1.93992092428182E+00
 cg2d: Sum(rhs),rhsMax =  -5.66004359825456E-07  1.93995715025337E+00
 cg2d: Sum(rhs),rhsMax =  -5.65993659051856E-07  1.93999279048018E+00
 cg2d: Sum(rhs),rhsMax =  -5.65983285127913E-07  1.94002785532904E+00
 cg2d: Sum(rhs),rhsMax =  -5.65973536481579E-07  1.94006235523604E+00
 cg2d: Sum(rhs),rhsMax =  -5.65963702570116E-07  1.94009630062606E+00
 cg2d: Sum(rhs),rhsMax =  -5.65953826026089E-07  1.94012970183276E+00
 cg2d: Sum(rhs),rhsMax =  -5.65944446861977E-07  1.94016256901987E+00
 cg2d: Sum(rhs),rhsMax =  -5.65934954011027E-07  1.94019491210433E+00
 cg2d: Sum(rhs),rhsMax =  -5.65925645901189E-07  1.94022674068196E+00
 cg2d: Sum(rhs),rhsMax =  -5.65916224104512E-07  1.94025806395606E+00
 cg2d: Sum(rhs),rhsMax =  -5.65907726013393E-07  1.94028889066965E+00
 cg2d: Sum(rhs),rhsMax =  -5.65899043181162E-07  1.94031922904158E+00
 cg2d: Sum(rhs),rhsMax =  -5.65890260872948E-07  1.94034908670742E+00
 cg2d: Sum(rhs),rhsMax =  -5.65880952763109E-07  1.94037847066496E+00
 cg2d: Sum(rhs),rhsMax =  -5.65873065738742E-07  1.94040738722526E+00
 cg2d: Sum(rhs),rhsMax =  -5.65864851864717E-07  1.94043584196923E+00
 cg2d: Sum(rhs),rhsMax =  -5.65856566936418E-07  1.94046383971030E+00
 cg2d: Sum(rhs),rhsMax =  -5.65848608857777E-07  1.94049138446313E+00
 cg2d: Sum(rhs),rhsMax =  -5.65840252875205E-07  1.94051847941890E+00
 cg2d: Sum(rhs),rhsMax =  -5.65832806387334E-07  1.94054512692709E+00
 cg2d: Sum(rhs),rhsMax =  -5.65825416742882E-07  1.94057132848392E+00
 cg2d: Sum(rhs),rhsMax =  -5.65817543929370E-07  1.94059708472752E+00
 cg2d: Sum(rhs),rhsMax =  -5.65810154284918E-07  1.94062239543992E+00
 cg2d: Sum(rhs),rhsMax =  -5.65802679375338E-07  1.94064725955551E+00
 cg2d: Sum(rhs),rhsMax =  -5.65795971851912E-07  1.94067167517629E+00
 cg2d: Sum(rhs),rhsMax =  -5.65788525364042E-07  1.94069563959351E+00
 cg2d: Sum(rhs),rhsMax =  -5.65781959949163E-07  1.94071914931544E+00
 cg2d: Sum(rhs),rhsMax =  -5.65775195582319E-07  1.94074220010138E+00
 cg2d: Sum(rhs),rhsMax =  -5.65768715432569E-07  1.94076478700114E+00
 cg2d: Sum(rhs),rhsMax =  -5.65762135806835E-07  1.94078690440015E+00
 cg2d: Sum(rhs),rhsMax =  -5.65756039350163E-07  1.94080854606941E+00
 cg2d: Sum(rhs),rhsMax =  -5.65749743941524E-07  1.94082970522016E+00
 cg2d: Sum(rhs),rhsMax =  -5.65743960123655E-07  1.94085037456266E+00
 cg2d: Sum(rhs),rhsMax =  -5.65738105251512E-07  1.94087054636861E+00
 cg2d: Sum(rhs),rhsMax =  -5.65732094059967E-07  1.94089021253680E+00
 cg2d: Sum(rhs),rhsMax =  -5.65726494983210E-07  1.94090936466140E+00
 cg2d: Sum(rhs),rhsMax =  -5.65721336442948E-07  1.94092799410237E+00
 cg2d: Sum(rhs),rhsMax =  -5.65715708944481E-07  1.94094609205737E+00
 cg2d: Sum(rhs),rhsMax =  -5.65709655120372E-07  1.94096364963483E+00
 cg2d: Sum(rhs),rhsMax =  -5.65705150279427E-07  1.94098065792738E+00
 cg2d: Sum(rhs),rhsMax =  -5.65700673860192E-07  1.94099710808529E+00
 cg2d: Sum(rhs),rhsMax =  -5.65695913223863E-07  1.94101299138934E+00
 cg2d: Sum(rhs),rhsMax =  -5.65691848919414E-07  1.94102829932245E+00
 cg2d: Sum(rhs),rhsMax =  -5.65687159337358E-07  1.94104302363971E+00
 cg2d: Sum(rhs),rhsMax =  -5.65683379250004E-07  1.94105715643633E+00
 cg2d: Sum(rhs),rhsMax =  -5.65679357578119E-07  1.94107069021271E+00
 cg2d: Sum(rhs),rhsMax =  -5.65676216979227E-07  1.94108361793656E+00
 cg2d: Sum(rhs),rhsMax =  -5.65671697927428E-07  1.94109593310129E+00
 cg2d: Sum(rhs),rhsMax =  -5.65668543117681E-07  1.94110762978045E+00
 cg2d: Sum(rhs),rhsMax =  -5.65665246199387E-07  1.94111870267751E+00
 cg2d: Sum(rhs),rhsMax =  -5.65662261919897E-07  1.94112914717103E+00
 cg2d: Sum(rhs),rhsMax =  -5.65659519224937E-07  1.94113895935460E+00
 cg2d: Sum(rhs),rhsMax =  -5.65656918638524E-07  1.94114813607122E+00
 cg2d: Sum(rhs),rhsMax =  -5.65653820672196E-07  1.94115667494211E+00
 cg2d: Sum(rhs),rhsMax =  -5.65651760098262E-07  1.94116457438945E+00
 cg2d: Sum(rhs),rhsMax =  -5.65650182693389E-07  1.94117183365325E+00
 cg2d: Sum(rhs),rhsMax =  -5.65648250017148E-07  1.94117845280187E+00
 cg2d: Sum(rhs),rhsMax =  -5.65646729455693E-07  1.94118443273638E+00
 cg2d: Sum(rhs),rhsMax =  -5.65644683092614E-07  1.94118977518876E+00
 cg2d: Sum(rhs),rhsMax =  -5.65643219374579E-07  1.94119448271383E+00
 cg2d: Sum(rhs),rhsMax =  -5.65642281458167E-07  1.94119855867508E+00
 cg2d: Sum(rhs),rhsMax =  -5.65641371963466E-07  1.94120200722453E+00
 cg2d: Sum(rhs),rhsMax =  -5.65640547733892E-07  1.94120483327696E+00
 cg2d: Sum(rhs),rhsMax =  -5.65639581395772E-07  1.94120704247832E+00
 cg2d: Sum(rhs),rhsMax =  -5.65638998750728E-07  1.94120864116907E+00
 cg2d: Sum(rhs),rhsMax =  -5.65638771377053E-07  1.94120963634238E+00
 cg2d: Sum(rhs),rhsMax =  -5.65638870853036E-07  1.94121003559761E+00
 cg2d: Sum(rhs),rhsMax =  -5.65638970329019E-07  1.94120984708965E+00
 cg2d: Sum(rhs),rhsMax =  -5.65639368232951E-07  1.94120907947418E+00
 cg2d: Sum(rhs),rhsMax =  -5.65639240335258E-07  1.94120774184944E+00
 cg2d: Sum(rhs),rhsMax =  -5.65640334571071E-07  1.94120584369503E+00
 cg2d: Sum(rhs),rhsMax =  -5.65640874583551E-07  1.94120339480796E+00
 cg2d: Sum(rhs),rhsMax =  -5.65641371963466E-07  1.94120040523676E+00
 cg2d: Sum(rhs),rhsMax =  -5.65642864103211E-07  1.94119688521375E+00
 cg2d: Sum(rhs),rhsMax =  -5.65643688332784E-07  1.94119284508645E+00
 cg2d: Sum(rhs),rhsMax =  -5.65645493111333E-07  1.94118829524810E+00
 cg2d: Sum(rhs),rhsMax =  -5.65646658401420E-07  1.94118324606831E+00
 cg2d: Sum(rhs),rhsMax =  -5.65648434758259E-07  1.94117770782401E+00
 cg2d: Sum(rhs),rhsMax =  -5.65650864814415E-07  1.94117169063135E+00
 cg2d: Sum(rhs),rhsMax =  -5.65652044315357E-07  1.94116520437910E+00
 cg2d: Sum(rhs),rhsMax =  -5.65654275419547E-07  1.94115825866380E+00
 cg2d: Sum(rhs),rhsMax =  -5.65655810191856E-07  1.94115086272744E+00
 cg2d: Sum(rhs),rhsMax =  -5.65658510254252E-07  1.94114302539788E+00
 cg2d: Sum(rhs),rhsMax =  -5.65660755569297E-07  1.94113475503261E+00
 cg2d: Sum(rhs),rhsMax =  -5.65663142992889E-07  1.94112605946595E+00
 cg2d: Sum(rhs),rhsMax =  -5.65666439911183E-07  1.94111694596061E+00
 cg2d: Sum(rhs),rhsMax =  -5.65668841545630E-07  1.94110742116322E+00
 cg2d: Sum(rhs),rhsMax =  -5.65672124253069E-07  1.94109749106477E+00
 cg2d: Sum(rhs),rhsMax =  -5.65674753261192E-07  1.94108716096585E+00
 cg2d: Sum(rhs),rhsMax =  -5.65677837016665E-07  1.94107643544710E+00
 cg2d: Sum(rhs),rhsMax =  -5.65680807085300E-07  1.94106531834494E+00
 cg2d: Sum(rhs),rhsMax =  -5.65684658226928E-07  1.94105381273270E+00
 cg2d: Sum(rhs),rhsMax =  -5.65687983566932E-07  1.94104192090754E+00
 cg2d: Sum(rhs),rhsMax =  -5.65691678389157E-07  1.94102964438280E+00
 cg2d: Sum(rhs),rhsMax =  -5.65695216891982E-07  1.94101698388606E+00
 cg2d: Sum(rhs),rhsMax =  -5.65698783816515E-07  1.94100393936296E+00
 cg2d: Sum(rhs),rhsMax =  -5.65702677590707E-07  1.94099050998646E+00
 cg2d: Sum(rhs),rhsMax =  -5.65707040323105E-07  1.94097669417165E+00
 cg2d: Sum(rhs),rhsMax =  -5.65710919886442E-07  1.94096248959588E+00
 cg2d: Sum(rhs),rhsMax =  -5.65715126299438E-07  1.94094789322398E+00
 cg2d: Sum(rhs),rhsMax =  -5.65719801670639E-07  1.94093290133861E+00
 cg2d: Sum(rhs),rhsMax =  -5.65723951240216E-07  1.94091750957513E+00
 cg2d: Sum(rhs),rhsMax =  -5.65729024515349E-07  1.94090171296082E+00
 cg2d: Sum(rhs),rhsMax =  -5.65733799362533E-07  1.94088550595847E+00
 cg2d: Sum(rhs),rhsMax =  -5.65738147884076E-07  1.94086888251336E+00
 cg2d: Sum(rhs),rhsMax =  -5.65743349056902E-07  1.94085183610401E+00
 cg2d: Sum(rhs),rhsMax =  -5.65748550229728E-07  1.94083435979555E+00
 cg2d: Sum(rhs),rhsMax =  -5.65753722980844E-07  1.94081644629591E+00
 cg2d: Sum(rhs),rhsMax =  -5.65759094683926E-07  1.94079808801414E+00
 cg2d: Sum(rhs),rhsMax =  -5.65764295856752E-07  1.94077927712038E+00
 cg2d: Sum(rhs),rhsMax =  -5.65769695981544E-07  1.94076000560712E+00
 cg2d: Sum(rhs),rhsMax =  -5.65775579275396E-07  1.94074026535138E+00
 cg2d: Sum(rhs),rhsMax =  -5.65781704153778E-07  1.94072004817710E+00
 cg2d: Sum(rhs),rhsMax =  -5.65787985351562E-07  1.94069934591759E+00
 cg2d: Sum(rhs),rhsMax =  -5.65794252338492E-07  1.94067815047730E+00
 cg2d: Sum(rhs),rhsMax =  -5.65800533536276E-07  1.94065645389272E+00
 cg2d: Sum(rhs),rhsMax =  -5.65806558938675E-07  1.94063424839179E+00
 cg2d: Sum(rhs),rhsMax =  -5.65813209618682E-07  1.94061152645150E+00
 cg2d: Sum(rhs),rhsMax =  -5.65820073461509E-07  1.94058828085322E+00
 cg2d: Sum(rhs),rhsMax =  -5.65827065202029E-07  1.94056450473543E+00
 cg2d: Sum(rhs),rhsMax =  -5.65834227472806E-07  1.94054019164345E+00
 cg2d: Sum(rhs),rhsMax =  -5.65841602906403E-07  1.94051533557587E+00
 cg2d: Sum(rhs),rhsMax =  -5.65848665701196E-07  1.94048993102726E+00
 cg2d: Sum(rhs),rhsMax =  -5.65856623779837E-07  1.94046397302704E+00
 cg2d: Sum(rhs),rhsMax =  -5.65864056056853E-07  1.94043745717416E+00
 cg2d: Sum(rhs),rhsMax =  -5.65871999924639E-07  1.94041037966735E+00
 cg2d: Sum(rhs),rhsMax =  -5.65880014846698E-07  1.94038273733082E+00
 cg2d: Sum(rhs),rhsMax =  -5.65888498726963E-07  1.94035452763529E+00
 cg2d: Sum(rhs),rhsMax =  -5.65896911552954E-07  1.94032574871407E+00
 cg2d: Sum(rhs),rhsMax =  -5.65904699101338E-07  1.94029639937437E+00
 cg2d: Sum(rhs),rhsMax =  -5.65914390904254E-07  1.94026647910350E+00
 cg2d: Sum(rhs),rhsMax =  -5.65922974260502E-07  1.94023598807023E+00
 cg2d: Sum(rhs),rhsMax =  -5.65932126050939E-07  1.94020492712122E+00
 cg2d: Sum(rhs),rhsMax =  -5.65940936780862E-07  1.94017329777249E+00
 cg2d: Sum(rhs),rhsMax =  -5.65950145414718E-07  1.94014110219623E+00
 cg2d: Sum(rhs),rhsMax =  -5.65960391440967E-07  1.94010834320302E+00
 cg2d: Sum(rhs),rhsMax =  -5.65969230592600E-07  1.94007502421957E+00
 cg2d: Sum(rhs),rhsMax =  -5.65979959787910E-07  1.94004114926225E+00
 cg2d: Sum(rhs),rhsMax =  -5.65990035283903E-07  1.94000672290646E+00
 cg2d: Sum(rhs),rhsMax =  -5.66000451840409E-07  1.93997175025270E+00
 cg2d: Sum(rhs),rhsMax =  -5.66010896818625E-07  1.93993623688860E+00
 cg2d: Sum(rhs),rhsMax =  -5.66020773362652E-07  1.93990018884830E+00
 cg2d: Sum(rhs),rhsMax =  -5.66031872040185E-07  1.93986361256873E+00
 cg2d: Sum(rhs),rhsMax =  -5.66042317018400E-07  1.93982651484360E+00
 cg2d: Sum(rhs),rhsMax =  -5.66053515171916E-07  1.93978890277511E+00
 cg2d: Sum(rhs),rhsMax =  -5.66064173312952E-07  1.93975078372414E+00
 cg2d: Sum(rhs),rhsMax =  -5.66075897268092E-07  1.93971216525894E+00
 cg2d: Sum(rhs),rhsMax =  -5.66087294373574E-07  1.93967305510290E+00
 cg2d: Sum(rhs),rhsMax =  -5.66098663057346E-07  1.93963346108184E+00
 cg2d: Sum(rhs),rhsMax =  -5.66110472277614E-07  1.93959339107101E+00
 cg2d: Sum(rhs),rhsMax =  -5.66122380973866E-07  1.93955285294244E+00
 cg2d: Sum(rhs),rhsMax =  -5.66134332302681E-07  1.93951185451278E+00
 cg2d: Sum(rhs),rhsMax =  -5.66146027836112E-07  1.93947040349222E+00
 cg2d: Sum(rhs),rhsMax =  -5.66158476544842E-07  1.93942850743468E+00
 cg2d: Sum(rhs),rhsMax =  -5.66170442084513E-07  1.93938617351534E+00
 cg2d: Sum(rhs),rhsMax =  -5.66183160799483E-07  1.93934340872325E+00
 cg2d: Sum(rhs),rhsMax =  -5.66195794249325E-07  1.93930022004852E+00
 cg2d: Sum(rhs),rhsMax =  -5.66208910868227E-07  1.93925661423697E+00
 cg2d: Sum(rhs),rhsMax =  -5.66221373787812E-07  1.93921259751255E+00
 cg2d: Sum(rhs),rhsMax =  -5.66234675147825E-07  1.93916817551066E+00
 cg2d: Sum(rhs),rhsMax =  -5.66247138067411E-07  1.93912335334603E+00
 cg2d: Sum(rhs),rhsMax =  -5.66261050494177E-07  1.93907813568538E+00
 cg2d: Sum(rhs),rhsMax =  -5.66274181323934E-07  1.93903252676309E+00
 cg2d: Sum(rhs),rhsMax =  -5.66287468473092E-07  1.93898653034907E+00
 cg2d: Sum(rhs),rhsMax =  -5.66301110893619E-07  1.93894014970565E+00
 cg2d: Sum(rhs),rhsMax =  -5.66314867000983E-07  1.93889338755723E+00
 cg2d: Sum(rhs),rhsMax =  -5.66328324680399E-07  1.93884624607597E+00
 cg2d: Sum(rhs),rhsMax =  -5.66342421848276E-07  1.93879872687793E+00
 cg2d: Sum(rhs),rhsMax =  -5.66356717968119E-07  1.93875083102497E+00
 cg2d: Sum(rhs),rhsMax =  -5.66370374599501E-07  1.93870255903066E+00
 cg2d: Sum(rhs),rhsMax =  -5.66385196520969E-07  1.93865391086976E+00
 cg2d: Sum(rhs),rhsMax =  -5.66399222634573E-07  1.93860488599118E+00
 cg2d: Sum(rhs),rhsMax =  -5.66413191904758E-07  1.93855548333420E+00
 cg2d: Sum(rhs),rhsMax =  -5.66428212778192E-07  1.93850570134809E+00
 cg2d: Sum(rhs),rhsMax =  -5.66443119964788E-07  1.93845553801466E+00
 cg2d: Sum(rhs),rhsMax =  -5.66457231343520E-07  1.93840499087408E+00
 cg2d: Sum(rhs),rhsMax =  -5.66472763807724E-07  1.93835405705386E+00
 cg2d: Sum(rhs),rhsMax =  -5.66487557307482E-07  1.93830273330054E+00
 cg2d: Sum(rhs),rhsMax =  -5.66502606602626E-07  1.93825101601448E+00
 cg2d: Sum(rhs),rhsMax =  -5.66517840638880E-07  1.93819890128678E+00
 cg2d: Sum(rhs),rhsMax =  -5.66533429946503E-07  1.93814638493863E+00
 cg2d: Sum(rhs),rhsMax =  -5.66548933988997E-07  1.93809346256194E+00
 cg2d: Sum(rhs),rhsMax =  -5.66564324344654E-07  1.93804012956151E+00
 cg2d: Sum(rhs),rhsMax =  -5.66579913652276E-07  1.93798638119784E+00
 cg2d: Sum(rhs),rhsMax =  -5.66595915074686E-07  1.93793221263049E+00
 cg2d: Sum(rhs),rhsMax =  -5.66611717545129E-07  1.93787761896163E+00
 cg2d: Sum(rhs),rhsMax =  -5.66627690545829E-07  1.93782259527932E+00
 cg2d: Sum(rhs),rhsMax =  -5.66643990396187E-07  1.93776713670061E+00
 cg2d: Sum(rhs),rhsMax =  -5.66660688150478E-07  1.93771123841363E+00
 cg2d: Sum(rhs),rhsMax =  -5.66677030633400E-07  1.93765489571904E+00
 cg2d: Sum(rhs),rhsMax =  -5.66692904158117E-07  1.93759810406989E+00
 cg2d: Sum(rhs),rhsMax =  -5.66710298244288E-07  1.93754085911015E+00
 cg2d: Sum(rhs),rhsMax =  -5.66727280215673E-07  1.93748315671134E+00
 cg2d: Sum(rhs),rhsMax =  -5.66744233765348E-07  1.93742499300709E+00
 cg2d: Sum(rhs),rhsMax =  -5.66761201525878E-07  1.93736636442538E+00
 cg2d: Sum(rhs),rhsMax =  -5.66778609822904E-07  1.93730726771827E+00
 cg2d: Sum(rhs),rhsMax =  -5.66795776535400E-07  1.93724769998881E+00
 cg2d: Sum(rhs),rhsMax =  -5.66813469049521E-07  1.93718765871523E+00
 cg2d: Sum(rhs),rhsMax =  -5.66831502624154E-07  1.93712714177182E+00
 cg2d: Sum(rhs),rhsMax =  -5.66849379879386E-07  1.93706614744680E+00
 cg2d: Sum(rhs),rhsMax =  -5.66867100815216E-07  1.93700467445694E+00
 cg2d: Sum(rhs),rhsMax =  -5.66884594377370E-07  1.93694272195864E+00
 cg2d: Sum(rhs),rhsMax =  -5.66903210597047E-07  1.93688028955581E+00
 cg2d: Sum(rhs),rhsMax =  -5.66921414701937E-07  1.93681737730417E+00
 cg2d: Sum(rhs),rhsMax =  -5.66940542512384E-07  1.93675398571231E+00
 cg2d: Sum(rhs),rhsMax =  -5.66959343473172E-07  1.93669011573916E+00
 cg2d: Sum(rhs),rhsMax =  -5.66978030747123E-07  1.93662576878829E+00
 cg2d: Sum(rhs),rhsMax =  -5.66996888551330E-07  1.93656094669883E+00
 cg2d: Sum(rhs),rhsMax =  -5.67016641639384E-07  1.93649565173344E+00
 cg2d: Sum(rhs),rhsMax =  -5.67035215226497E-07  1.93642988656296E+00
 cg2d: Sum(rhs),rhsMax =  -5.67054343036943E-07  1.93636365424848E+00
 cg2d: Sum(rhs),rhsMax =  -5.67074422974656E-07  1.93629695822059E+00
 cg2d: Sum(rhs),rhsMax =  -5.67094147641001E-07  1.93622980225607E+00
 cg2d: Sum(rhs),rhsMax =  -5.67113929150764E-07  1.93616219045235E+00
 cg2d: Sum(rhs),rhsMax =  -5.67133568551981E-07  1.93609412719992E+00
(PID.TID 0000.0001) Did not write pickup because writePickupAtEnd = FALSE
(PID.TID 0000.0001)   early fc =  0.000000000000000D+00
 --> objf_test(bi,bj)        =  0.189842664732263D+00
(PID.TID 0000.0001)   local fc =  0.189842664732263D+00
(PID.TID 0000.0001)  global fc =  0.322547976216873D+00
(PID.TID 0000.0001) grdchk perturb(+)fc: fcpertplus  =  3.22547976216873E-01
(PID.TID 0000.0001)  nRecords = 108 ; filePrec =  64 ; fileIter =   3111120
(PID.TID 0000.0001)     nDims =   2 , dims:
(PID.TID 0000.0001)    1:  62   1  62
(PID.TID 0000.0001)    2:  62   1  62
(PID.TID 0000.0001)     nFlds =  10 , nFl3D =   7 , fields:
(PID.TID 0000.0001)  >Uvel    < >Vvel    < >Theta   < >Salt    < >GuNm1   < >GvNm1   < >GtNm1   < >EtaN    < >dEtaHdt < >EtaH    <
(PID.TID 0000.0001) missingVal=  1.00000000000000E+00 ; nTimRec =   1 , timeList:
(PID.TID 0000.0001)   3.733344000000E+09
(PID.TID 0000.0001) READ_MFLDS_3D_RL: read field: "Uvel    ", #   1 in fldList, rec=   1
(PID.TID 0000.0001) READ_MFLDS_3D_RL: read field: "Vvel    ", #   2 in fldList, rec=   2
(PID.TID 0000.0001) READ_MFLDS_3D_RL: read field: "Theta   ", #   3 in fldList, rec=   3
(PID.TID 0000.0001) READ_MFLDS_3D_RL: read field: "Salt    ", #   4 in fldList, rec=   4
(PID.TID 0000.0001) READ_MFLDS_3D_RL: read field: "GuNm1   ", #   5 in fldList, rec=   5
(PID.TID 0000.0001) READ_MFLDS_3D_RL: read field: "GvNm1   ", #   6 in fldList, rec=   6
(PID.TID 0000.0001) READ_MFLDS_3D_RL: read field: "GtNm1   ", #   7 in fldList, rec=   7
(PID.TID 0000.0001) READ_MFLDS_3D_RL: read field: "EtaN    ", #   8 in fldList, rec= 106
(PID.TID 0000.0001) READ_MFLDS_3D_RL: read field: "dEtaHdt ", #   9 in fldList, rec= 107
(PID.TID 0000.0001) READ_MFLDS_CHECK: - normal end ; reset MFLDS file-name: pickup.0003111120
(PID.TID 0000.0001) // =======================================================
(PID.TID 0000.0001) // Model current state
(PID.TID 0000.0001) // =======================================================
(PID.TID 0000.0001) 
(PID.TID 0000.0001) SOLVE_FOR_PRESSURE: putPmEinXvector =    F
 cg2d: Sum(rhs),rhsMax =   5.49286141904304E-07  1.99900718163814E+00
 cg2d: Sum(rhs),rhsMax =   5.49310854580654E-07  1.99891722427462E+00
 cg2d: Sum(rhs),rhsMax =   5.49335425148456E-07  1.99882649286105E+00
 cg2d: Sum(rhs),rhsMax =   5.49360720469849E-07  1.99873498159964E+00
 cg2d: Sum(rhs),rhsMax =   5.49385973158678E-07  1.99864269010627E+00
 cg2d: Sum(rhs),rhsMax =   5.49411964811952E-07  1.99854961876264E+00
 cg2d: Sum(rhs),rhsMax =   5.49437416452747E-07  1.99845576788955E+00
 cg2d: Sum(rhs),rhsMax =   5.49463237575765E-07  1.99836113784468E+00
 cg2d: Sum(rhs),rhsMax =   5.49489740819809E-07  1.99826572897853E+00
 cg2d: Sum(rhs),rhsMax =   5.49516542491801E-07  1.99816954154799E+00
 cg2d: Sum(rhs),rhsMax =   5.49542932049008E-07  1.99807257570751E+00
 cg2d: Sum(rhs),rhsMax =   5.49569691088436E-07  1.99797483157071E+00
 cg2d: Sum(rhs),rhsMax =   5.49596720134105E-07  1.99787630928786E+00
 cg2d: Sum(rhs),rhsMax =   5.49624388668235E-07  1.99777700909544E+00
 cg2d: Sum(rhs),rhsMax =   5.49652384052024E-07  1.99767693132520E+00
 cg2d: Sum(rhs),rhsMax =   5.49679370465128E-07  1.99757607638498E+00
 cg2d: Sum(rhs),rhsMax =   5.49707110053532E-07  1.99747444473208E+00
 cg2d: Sum(rhs),rhsMax =   5.49735460708689E-07  1.99737203685403E+00
 cg2d: Sum(rhs),rhsMax =   5.49764081370085E-07  1.99726885326112E+00
 cg2d: Sum(rhs),rhsMax =   5.49792432025242E-07  1.99716489448793E+00
 cg2d: Sum(rhs),rhsMax =   5.49821095319203E-07  1.99706016109819E+00
 cg2d: Sum(rhs),rhsMax =   5.49850881270686E-07  1.99695465368914E+00
 cg2d: Sum(rhs),rhsMax =   5.49879700884048E-07  1.99684837289392E+00
 cg2d: Sum(rhs),rhsMax =   5.49909472624677E-07  1.99674131938133E+00
 cg2d: Sum(rhs),rhsMax =   5.49939016991630E-07  1.99663349385414E+00
 cg2d: Sum(rhs),rhsMax =   5.49969243479609E-07  1.99652489704587E+00
 cg2d: Sum(rhs),rhsMax =   5.49998745213998E-07  1.99641552971635E+00
 cg2d: Sum(rhs),rhsMax =   5.50029170653943E-07  1.99630539264632E+00
 cg2d: Sum(rhs),rhsMax =   5.50059837678418E-07  1.99619448663134E+00
 cg2d: Sum(rhs),rhsMax =   5.50090931028535E-07  1.99608281247572E+00
 cg2d: Sum(rhs),rhsMax =   5.50121399101045E-07  1.99597037098710E+00
 cg2d: Sum(rhs),rhsMax =   5.50152776668256E-07  1.99585716297226E+00
 cg2d: Sum(rhs),rhsMax =   5.50184196868031E-07  1.99574318923464E+00
 cg2d: Sum(rhs),rhsMax =   5.50216057604302E-07  1.99562845057332E+00
 cg2d: Sum(rhs),rhsMax =   5.50247648334334E-07  1.99551294778325E+00
 cg2d: Sum(rhs),rhsMax =   5.50279992239666E-07  1.99539668165588E+00
 cg2d: Sum(rhs),rhsMax =   5.50311909819357E-07  1.99527965298022E+00
 cg2d: Sum(rhs),rhsMax =   5.50344509520073E-07  1.99516186254276E+00
 cg2d: Sum(rhs),rhsMax =   5.50377052377371E-07  1.99504331112696E+00
 cg2d: Sum(rhs),rhsMax =   5.50410334199114E-07  1.99492399951123E+00
 cg2d: Sum(rhs),rhsMax =   5.50443502334019E-07  1.99480392846626E+00
 cg2d: Sum(rhs),rhsMax =   5.50476741523198E-07  1.99468309875199E+00
 cg2d: Sum(rhs),rhsMax =   5.50510435459728E-07  1.99456151111464E+00
 cg2d: Sum(rhs),rhsMax =   5.50543319377539E-07  1.99443916628396E+00
 cg2d: Sum(rhs),rhsMax =   5.50578150182446E-07  1.99431606497120E+00
 cg2d: Sum(rhs),rhsMax =   5.50611957805813E-07  1.99419220786743E+00
 cg2d: Sum(rhs),rhsMax =   5.50647087038669E-07  1.99406759564267E+00
 cg2d: Sum(rhs),rhsMax =   5.50681320987678E-07  1.99394222894503E+00
 cg2d: Sum(rhs),rhsMax =   5.50716123370876E-07  1.99381610840042E+00
 cg2d: Sum(rhs),rhsMax =   5.50750939964928E-07  1.99368923461215E+00
 cg2d: Sum(rhs),rhsMax =   5.50785756558980E-07  1.99356160816056E+00
 cg2d: Sum(rhs),rhsMax =   5.50821980027649E-07  1.99343322960264E+00
 cg2d: Sum(rhs),rhsMax =   5.50857322423326E-07  1.99330409947172E+00
 cg2d: Sum(rhs),rhsMax =   5.50893162198918E-07  1.99317421827715E+00
 cg2d: Sum(rhs),rhsMax =   5.50929627252117E-07  1.99304358650442E+00
 cg2d: Sum(rhs),rhsMax =   5.50966021251043E-07  1.99291220461524E+00
 cg2d: Sum(rhs),rhsMax =   5.51002486304242E-07  1.99278007304820E+00
 cg2d: Sum(rhs),rhsMax =   5.51038937146586E-07  1.99264719221950E+00
 cg2d: Sum(rhs),rhsMax =   5.51075984844829E-07  1.99251356252414E+00
 cg2d: Sum(rhs),rhsMax =   5.51113117808200E-07  1.99237918433726E+00
 cg2d: Sum(rhs),rhsMax =   5.51150833416614E-07  1.99224405801549E+00
 cg2d: Sum(rhs),rhsMax =   5.51188037434258E-07  1.99210818389867E+00
 cg2d: Sum(rhs),rhsMax =   5.51225880940365E-07  1.99197156231153E+00
 cg2d: Sum(rhs),rhsMax =   5.51263838133309E-07  1.99183419356539E+00
 cg2d: Sum(rhs),rhsMax =   5.51301724271980E-07  1.99169607796016E+00
 cg2d: Sum(rhs),rhsMax =   5.51341102550396E-07  1.99155721578620E+00
 cg2d: Sum(rhs),rhsMax =   5.51379230273596E-07  1.99141760732648E+00
 cg2d: Sum(rhs),rhsMax =   5.51418239069790E-07  1.99127725285873E+00
 cg2d: Sum(rhs),rhsMax =   5.51457731035043E-07  1.99113615265783E+00
 cg2d: Sum(rhs),rhsMax =   5.51496370349014E-07  1.99099430699810E+00
 cg2d: Sum(rhs),rhsMax =   5.51535677573156E-07  1.99085171615577E+00
 cg2d: Sum(rhs),rhsMax =   5.51575851659436E-07  1.99070838041147E+00
 cg2d: Sum(rhs),rhsMax =   5.51615599420074E-07  1.99056430005246E+00
 cg2d: Sum(rhs),rhsMax =   5.51655901404047E-07  1.99041947537515E+00
 cg2d: Sum(rhs),rhsMax =   5.51696032857762E-07  1.99027390668700E+00
 cg2d: Sum(rhs),rhsMax =   5.51736491161137E-07  1.99012759430894E+00
 cg2d: Sum(rhs),rhsMax =   5.51777489476990E-07  1.98998053857702E+00
 cg2d: Sum(rhs),rhsMax =   5.51818857275066E-07  1.98983273984426E+00
 cg2d: Sum(rhs),rhsMax =   5.51859841380065E-07  1.98968419848224E+00
 cg2d: Sum(rhs),rhsMax =   5.51901024437029E-07  1.98953491488273E+00
 cg2d: Sum(rhs),rhsMax =   5.51942846982456E-07  1.98938488945899E+00
 cg2d: Sum(rhs),rhsMax =   5.51984783214721E-07  1.98923412264713E+00
 cg2d: Sum(rhs),rhsMax =   5.52026264699634E-07  1.98908261490735E+00
 cg2d: Sum(rhs),rhsMax =   5.52068627257540E-07  1.98893036672527E+00
 cg2d: Sum(rhs),rhsMax =   5.52111600882199E-07  1.98877737861273E+00
 cg2d: Sum(rhs),rhsMax =   5.52153778698994E-07  1.98862365110929E+00
 cg2d: Sum(rhs),rhsMax =   5.52196652847670E-07  1.98846918478293E+00
 cg2d: Sum(rhs),rhsMax =   5.52240123852243E-07  1.98831398023109E+00
 cg2d: Sum(rhs),rhsMax =   5.52282870103227E-07  1.98815803808149E+00
 cg2d: Sum(rhs),rhsMax =   5.52326966385408E-07  1.98800135899286E+00
 cg2d: Sum(rhs),rhsMax =   5.52370465811691E-07  1.98784394365552E+00
 cg2d: Sum(rhs),rhsMax =   5.52414604726437E-07  1.98768579279180E+00
 cg2d: Sum(rhs),rhsMax =   5.52458715219473E-07  1.98752690715634E+00
 cg2d: Sum(rhs),rhsMax =   5.52503195194731E-07  1.98736728753618E+00
 cg2d: Sum(rhs),rhsMax =   5.52547220422639E-07  1.98720693475064E+00
 cg2d: Sum(rhs),rhsMax =   5.52592567260035E-07  1.98704584965109E+00
 cg2d: Sum(rhs),rhsMax =   5.52637132500422E-07  1.98688403312043E+00
 cg2d: Sum(rhs),rhsMax =   5.52682635657220E-07  1.98672148607250E+00
 cg2d: Sum(rhs),rhsMax =   5.52727726699231E-07  1.98655820945106E+00
 cg2d: Sum(rhs),rhsMax =   5.52773443018850E-07  1.98639420422892E+00
 cg2d: Sum(rhs),rhsMax =   5.52819344079580E-07  1.98622947140697E+00
 cg2d: Sum(rhs),rhsMax =   5.52865742520225E-07  1.98606401201315E+00
 cg2d: Sum(rhs),rhsMax =   5.52911487261554E-07  1.98589782710093E+00
 cg2d: Sum(rhs),rhsMax =   5.52958312027840E-07  1.98573091774774E+00
 cg2d: Sum(rhs),rhsMax =   5.53005449432931E-07  1.98556328505343E+00
 cg2d: Sum(rhs),rhsMax =   5.53051947349559E-07  1.98539493013873E+00
 cg2d: Sum(rhs),rhsMax =   5.53099482658581E-07  1.98522585414372E+00
 cg2d: Sum(rhs),rhsMax =   5.53146236370594E-07  1.98505605822624E+00
 cg2d: Sum(rhs),rhsMax =   5.53194013264147E-07  1.98488554356022E+00
 cg2d: Sum(rhs),rhsMax =   5.53241150669237E-07  1.98471431133418E+00
 cg2d: Sum(rhs),rhsMax =   5.53289396520995E-07  1.98454236274935E+00
 cg2d: Sum(rhs),rhsMax =   5.53337315523095E-07  1.98436969901821E+00
 cg2d: Sum(rhs),rhsMax =   5.53386485080409E-07  1.98419632136273E+00
 cg2d: Sum(rhs),rhsMax =   5.53434432504218E-07  1.98402223101272E+00
 cg2d: Sum(rhs),rhsMax =   5.53483715748371E-07  1.98384742920426E+00
 cg2d: Sum(rhs),rhsMax =   5.53532473190899E-07  1.98367191717794E+00
 cg2d: Sum(rhs),rhsMax =   5.53582097495564E-07  1.98349569617742E+00
 cg2d: Sum(rhs),rhsMax =   5.53630371769032E-07  1.98331876744762E+00
 cg2d: Sum(rhs),rhsMax =   5.53680436610193E-07  1.98314113223340E+00
 cg2d: Sum(rhs),rhsMax =   5.53730188812551E-07  1.98296279177785E+00
 cg2d: Sum(rhs),rhsMax =   5.53780068912602E-07  1.98278374732093E+00
 cg2d: Sum(rhs),rhsMax =   5.53830417970858E-07  1.98260400009799E+00
 cg2d: Sum(rhs),rhsMax =   5.53880539655438E-07  1.98242355133851E+00
 cg2d: Sum(rhs),rhsMax =   5.53931542413011E-07  1.98224240226462E+00
 cg2d: Sum(rhs),rhsMax =   5.53982687279131E-07  1.98206055409017E+00
 cg2d: Sum(rhs),rhsMax =   5.54033306343626E-07  1.98187800801960E+00
 cg2d: Sum(rhs),rhsMax =   5.54084749637695E-07  1.98169476524716E+00
 cg2d: Sum(rhs),rhsMax =   5.54135993979799E-07  1.98151082695593E+00
 cg2d: Sum(rhs),rhsMax =   5.54187764123526E-07  1.98132619431701E+00
 cg2d: Sum(rhs),rhsMax =   5.54239420580416E-07  1.98114086848907E+00
 cg2d: Sum(rhs),rhsMax =   5.54291361254400E-07  1.98095485061774E+00
 cg2d: Sum(rhs),rhsMax =   5.54343472458640E-07  1.98076814183552E+00
 cg2d: Sum(rhs),rhsMax =   5.54396123675360E-07  1.98058074326146E+00
 cg2d: Sum(rhs),rhsMax =   5.54448917000627E-07  1.98039265600121E+00
 cg2d: Sum(rhs),rhsMax =   5.54502278760083E-07  1.98020388114712E+00
 cg2d: Sum(rhs),rhsMax =   5.54554546283725E-07  1.98001441977841E+00
 cg2d: Sum(rhs),rhsMax =   5.54608092784292E-07  1.97982427296150E+00
 cg2d: Sum(rhs),rhsMax =   5.54661951923663E-07  1.97963344175049E+00
 cg2d: Sum(rhs),rhsMax =   5.54715043676879E-07  1.97944192718769E+00
 cg2d: Sum(rhs),rhsMax =   5.54769201244198E-07  1.97924973030419E+00
 cg2d: Sum(rhs),rhsMax =   5.54822960907586E-07  1.97905685212075E+00
 cg2d: Sum(rhs),rhsMax =   5.54876834257811E-07  1.97886329364847E+00
 cg2d: Sum(rhs),rhsMax =   5.54931929741542E-07  1.97866905588971E+00
 cg2d: Sum(rhs),rhsMax =   5.54986556267067E-07  1.97847413983918E+00
 cg2d: Sum(rhs),rhsMax =   5.55041680172508E-07  1.97827854648485E+00
 cg2d: Sum(rhs),rhsMax =   5.55096278276324E-07  1.97808227680907E+00
 cg2d: Sum(rhs),rhsMax =   5.55152439574158E-07  1.97788533178977E+00
 cg2d: Sum(rhs),rhsMax =   5.55206554508914E-07  1.97768771240161E+00
 cg2d: Sum(rhs),rhsMax =   5.55263085288971E-07  1.97748941961725E+00
 cg2d: Sum(rhs),rhsMax =   5.55318635520052E-07  1.97729045440851E+00
 cg2d: Sum(rhs),rhsMax =   5.55374924715579E-07  1.97709081774779E+00
 cg2d: Sum(rhs),rhsMax =   5.55431441284782E-07  1.97689051060926E+00
 cg2d: Sum(rhs),rhsMax =   5.55487360998086E-07  1.97668953397018E+00
 cg2d: Sum(rhs),rhsMax =   5.55543621771903E-07  1.97648788881228E+00
 cg2d: Sum(rhs),rhsMax =   5.55600820462132E-07  1.97628557612294E+00
 cg2d: Sum(rhs),rhsMax =   5.55658502321421E-07  1.97608259689656E+00
 cg2d: Sum(rhs),rhsMax =   5.55715530481393E-07  1.97587895213582E+00
 cg2d: Sum(rhs),rhsMax =   5.55772501797946E-07  1.97567464285284E+00
 cg2d: Sum(rhs),rhsMax =   5.55830567350313E-07  1.97546967007046E+00
 cg2d: Sum(rhs),rhsMax =   5.55888490794132E-07  1.97526403482338E+00
 cg2d: Sum(rhs),rhsMax =   5.55946442659661E-07  1.97505773815917E+00
 cg2d: Sum(rhs),rhsMax =   5.56005076646215E-07  1.97485078113947E+00
 cg2d: Sum(rhs),rhsMax =   5.56063014300889E-07  1.97464316484090E+00
 cg2d: Sum(rhs),rhsMax =   5.56122373041035E-07  1.97443489035600E+00
 cg2d: Sum(rhs),rhsMax =   5.56180808075624E-07  1.97422595879414E+00
 cg2d: Sum(rhs),rhsMax =   5.56239328375341E-07  1.97401637128221E+00
 cg2d: Sum(rhs),rhsMax =   5.56298815013179E-07  1.97380612896549E+00
 cg2d: Sum(rhs),rhsMax =   5.56358216385888E-07  1.97359523300814E+00
 cg2d: Sum(rhs),rhsMax =   5.56417973029966E-07  1.97338368459380E+00
 cg2d: Sum(rhs),rhsMax =   5.56478411795069E-07  1.97317148492606E+00
 cg2d: Sum(rhs),rhsMax =   5.56537671059232E-07  1.97295863522885E+00
 cg2d: Sum(rhs),rhsMax =   5.56598237722028E-07  1.97274513674665E+00
 cg2d: Sum(rhs),rhsMax =   5.56659045969354E-07  1.97253099074478E+00
 cg2d: Sum(rhs),rhsMax =   5.56719299993347E-07  1.97231619850935E+00
 cg2d: Sum(rhs),rhsMax =   5.56779923499562E-07  1.97210076134741E+00
 cg2d: Sum(rhs),rhsMax =   5.56840831222871E-07  1.97188468058674E+00
 cg2d: Sum(rhs),rhsMax =   5.56902548964899E-07  1.97166795757572E+00
 cg2d: Sum(rhs),rhsMax =   5.56963300368807E-07  1.97145059368301E+00
 cg2d: Sum(rhs),rhsMax =   5.57024947056561E-07  1.97123259029724E+00
 cg2d: Sum(rhs),rhsMax =   5.57086636376880E-07  1.97101394882648E+00
 cg2d: Sum(rhs),rhsMax =   5.57149363089593E-07  1.97079467069781E+00
 cg2d: Sum(rhs),rhsMax =   5.57211365048715E-07  1.97057475735660E+00
 cg2d: Sum(rhs),rhsMax =   5.57273125423308E-07  1.97035421026587E+00
 cg2d: Sum(rhs),rhsMax =   5.57336164774824E-07  1.97013303090558E+00
 cg2d: Sum(rhs),rhsMax =   5.57398919909247E-07  1.96991122077172E+00
 cg2d: Sum(rhs),rhsMax =   5.57462044525892E-07  1.96968878137552E+00
 cg2d: Sum(rhs),rhsMax =   5.57524955979716E-07  1.96946571424246E+00
 cg2d: Sum(rhs),rhsMax =   5.57588705873968E-07  1.96924202091129E+00
 cg2d: Sum(rhs),rhsMax =   5.57651489430100E-07  1.96901770293310E+00
 cg2d: Sum(rhs),rhsMax =   5.57715424065464E-07  1.96879276187018E+00
 cg2d: Sum(rhs),rhsMax =   5.57779557652793E-07  1.96856719929492E+00
 cg2d: Sum(rhs),rhsMax =   5.57843733872687E-07  1.96834101678874E+00
 cg2d: Sum(rhs),rhsMax =   5.57908279574804E-07  1.96811421594095E+00
 cg2d: Sum(rhs),rhsMax =   5.57972654746663E-07  1.96788679834762E+00
 cg2d: Sum(rhs),rhsMax =   5.58036944653395E-07  1.96765876561062E+00
 cg2d: Sum(rhs),rhsMax =   5.58102058789700E-07  1.96743011933655E+00
 cg2d: Sum(rhs),rhsMax =   5.58166945552330E-07  1.96720086113557E+00
 cg2d: Sum(rhs),rhsMax =   5.58232173375472E-07  1.96697099262023E+00
 cg2d: Sum(rhs),rhsMax =   5.58297443831179E-07  1.96674051540435E+00
 cg2d: Sum(rhs),rhsMax =   5.58362884817143E-07  1.96650943110190E+00
 cg2d: Sum(rhs),rhsMax =   5.58428723707038E-07  1.96627774132604E+00
 cg2d: Sum(rhs),rhsMax =   5.58494960500866E-07  1.96604544768823E+00
 cg2d: Sum(rhs),rhsMax =   5.58561026764437E-07  1.96581255179737E+00
 cg2d: Sum(rhs),rhsMax =   5.58627561986214E-07  1.96557905525896E+00
 cg2d: Sum(rhs),rhsMax =   5.58693784569186E-07  1.96534495967436E+00
 cg2d: Sum(rhs),rhsMax =   5.58760262947544E-07  1.96511026664004E+00
 cg2d: Sum(rhs),rhsMax =   5.58827636609749E-07  1.96487497774679E+00
 cg2d: Sum(rhs),rhsMax =   5.58894655000586E-07  1.96463909457930E+00
 cg2d: Sum(rhs),rhsMax =   5.58962113927919E-07  1.96440261871543E+00
 cg2d: Sum(rhs),rhsMax =   5.59029857072346E-07  1.96416555172584E+00
 cg2d: Sum(rhs),rhsMax =   5.59097188101987E-07  1.96392789517350E+00
 cg2d: Sum(rhs),rhsMax =   5.59164661240175E-07  1.96368965061351E+00
 cg2d: Sum(rhs),rhsMax =   5.59232830710243E-07  1.96345081959262E+00
 cg2d: Sum(rhs),rhsMax =   5.59301255975697E-07  1.96321140364930E+00
 cg2d: Sum(rhs),rhsMax =   5.59369482289185E-07  1.96297140431340E+00
 cg2d: Sum(rhs),rhsMax =   5.59438106506605E-07  1.96273082310621E+00
 cg2d: Sum(rhs),rhsMax =   5.59506972308554E-07  1.96248966154053E+00
 cg2d: Sum(rhs),rhsMax =   5.59575653369393E-07  1.96224792112066E+00
 cg2d: Sum(rhs),rhsMax =   5.59644945496984E-07  1.96200560334268E+00
 cg2d: Sum(rhs),rhsMax =   5.59714351311413E-07  1.96176270969457E+00
 cg2d: Sum(rhs),rhsMax =   5.59784197662339E-07  1.96151924165661E+00
 cg2d: Sum(rhs),rhsMax =   5.59853390313947E-07  1.96127520070171E+00
 cg2d: Sum(rhs),rhsMax =   5.59923108767180E-07  1.96103058829580E+00
 cg2d: Sum(rhs),rhsMax =   5.59993381443746E-07  1.96078540589837E+00
 cg2d: Sum(rhs),rhsMax =   5.60063398324928E-07  1.96053965496303E+00
 cg2d: Sum(rhs),rhsMax =   5.60133244675853E-07  1.96029333693795E+00
 cg2d: Sum(rhs),rhsMax =   5.60204000521480E-07  1.96004645326673E+00
 cg2d: Sum(rhs),rhsMax =   5.60274528993432E-07  1.95979900538886E+00
 cg2d: Sum(rhs),rhsMax =   5.60345895905812E-07  1.95955099474056E+00
 cg2d: Sum(rhs),rhsMax =   5.60417149131354E-07  1.95930242275548E+00
 cg2d: Sum(rhs),rhsMax =   5.60488331302622E-07  1.95905329086542E+00
 cg2d: Sum(rhs),rhsMax =   5.60560039275515E-07  1.95880360050126E+00
 cg2d: Sum(rhs),rhsMax =   5.60631548296442E-07  1.95855335309357E+00
 cg2d: Sum(rhs),rhsMax =   5.60702716256856E-07  1.95830255007365E+00
 cg2d: Sum(rhs),rhsMax =   5.60775177405048E-07  1.95805119287421E+00
 cg2d: Sum(rhs),rhsMax =   5.60847311703583E-07  1.95779928293029E+00
 cg2d: Sum(rhs),rhsMax =   5.60919758640921E-07  1.95754682168011E+00
 cg2d: Sum(rhs),rhsMax =   5.60991949782874E-07  1.95729381056591E+00
 cg2d: Sum(rhs),rhsMax =   5.61065192528076E-07  1.95704025103479E+00
 cg2d: Sum(rhs),rhsMax =   5.61137397880884E-07  1.95678614453951E+00
 cg2d: Sum(rhs),rhsMax =   5.61210654836941E-07  1.95653149253935E+00
 cg2d: Sum(rhs),rhsMax =   5.61283997058126E-07  1.95627629650084E+00
 cg2d: Sum(rhs),rhsMax =   5.61357339279311E-07  1.95602055789849E+00
 cg2d: Sum(rhs),rhsMax =   5.61431278356395E-07  1.95576427821526E+00
 cg2d: Sum(rhs),rhsMax =   5.61505018481512E-07  1.95550745894308E+00
 cg2d: Sum(rhs),rhsMax =   5.61577934377055E-07  1.95525010158403E+00
 cg2d: Sum(rhs),rhsMax =   5.61652484520891E-07  1.95499220765130E+00
 cg2d: Sum(rhs),rhsMax =   5.61726835712761E-07  1.95473377866969E+00
 cg2d: Sum(rhs),rhsMax =   5.61801655862837E-07  1.95447481617562E+00
 cg2d: Sum(rhs),rhsMax =   5.61875822313596E-07  1.95421532171722E+00
 cg2d: Sum(rhs),rhsMax =   5.61950187716320E-07  1.95395529685467E+00
 cg2d: Sum(rhs),rhsMax =   5.62025959993662E-07  1.95369474316053E+00
 cg2d: Sum(rhs),rhsMax =   5.62100481715788E-07  1.95343366222035E+00
 cg2d: Sum(rhs),rhsMax =   5.62175799245779E-07  1.95317205563277E+00
 cg2d: Sum(rhs),rhsMax =   5.62251543101411E-07  1.95290992500977E+00
 cg2d: Sum(rhs),rhsMax =   5.62326761155418E-07  1.95264727197673E+00
 cg2d: Sum(rhs),rhsMax =   5.62403002390965E-07  1.95238409817239E+00
 cg2d: Sum(rhs),rhsMax =   5.62478703614033E-07  1.95212040524893E+00
 cg2d: Sum(rhs),rhsMax =   5.62554944849580E-07  1.95185619487174E+00
 cg2d: Sum(rhs),rhsMax =   5.62630575018375E-07  1.95159146871941E+00
 cg2d: Sum(rhs),rhsMax =   5.62707484164093E-07  1.95132622848345E+00
 cg2d: Sum(rhs),rhsMax =   5.62784350677248E-07  1.95106047586813E+00
 cg2d: Sum(rhs),rhsMax =   5.62861458774933E-07  1.95079421259010E+00
 cg2d: Sum(rhs),rhsMax =   5.62938254233813E-07  1.95052744037808E+00
 cg2d: Sum(rhs),rhsMax =   5.63015177590387E-07  1.95026016097252E+00
 cg2d: Sum(rhs),rhsMax =   5.63092484640038E-07  1.94999237612514E+00
 cg2d: Sum(rhs),rhsMax =   5.63170161171911E-07  1.94972408759839E+00
 cg2d: Sum(rhs),rhsMax =   5.63247581908399E-07  1.94945529716502E+00
 cg2d: Sum(rhs),rhsMax =   5.63325286861982E-07  1.94918600660761E+00
 cg2d: Sum(rhs),rhsMax =   5.63403602882318E-07  1.94891621771783E+00
 cg2d: Sum(rhs),rhsMax =   5.63481435733593E-07  1.94864593229597E+00
 cg2d: Sum(rhs),rhsMax =   5.63560206501279E-07  1.94837515215027E+00
 cg2d: Sum(rhs),rhsMax =   5.63638593575888E-07  1.94810387909634E+00
 cg2d: Sum(rhs),rhsMax =   5.63717222235027E-07  1.94783211495648E+00
 cg2d: Sum(rhs),rhsMax =   5.63795254038268E-07  1.94755986155900E+00
 cg2d: Sum(rhs),rhsMax =   5.63874365866468E-07  1.94728712073758E+00
 cg2d: Sum(rhs),rhsMax =   5.63954060339711E-07  1.94701389433070E+00
 cg2d: Sum(rhs),rhsMax =   5.64033129535346E-07  1.94674018418080E+00
 cg2d: Sum(rhs),rhsMax =   5.64112795586880E-07  1.94646599213371E+00
 cg2d: Sum(rhs),rhsMax =   5.64192177421319E-07  1.94619132003815E+00
 cg2d: Sum(rhs),rhsMax =   5.64272397696186E-07  1.94591616974481E+00
 cg2d: Sum(rhs),rhsMax =   5.64351708476352E-07  1.94564054310599E+00
 cg2d: Sum(rhs),rhsMax =   5.64432497185408E-07  1.94536444197483E+00
 cg2d: Sum(rhs),rhsMax =   5.64512475875745E-07  1.94508786820485E+00
 cg2d: Sum(rhs),rhsMax =   5.64592937735142E-07  1.94481082364933E+00
 cg2d: Sum(rhs),rhsMax =   5.64673172220864E-07  1.94453331016074E+00
 cg2d: Sum(rhs),rhsMax =   5.64753918297356E-07  1.94425532959038E+00
 cg2d: Sum(rhs),rhsMax =   5.64835218597182E-07  1.94397688378778E+00
 cg2d: Sum(rhs),rhsMax =   5.64916035727947E-07  1.94369797460033E+00
 cg2d: Sum(rhs),rhsMax =   5.64997591823158E-07  1.94341860387287E+00
 cg2d: Sum(rhs),rhsMax =   5.65078394743068E-07  1.94313877344734E+00
 cg2d: Sum(rhs),rhsMax =   5.65160533483322E-07  1.94285848516246E+00
 cg2d: Sum(rhs),rhsMax =   5.65241833783148E-07  1.94257774085340E+00
 cg2d: Sum(rhs),rhsMax =   5.65323517776051E-07  1.94229654235162E+00
 cg2d: Sum(rhs),rhsMax =   5.65405713359723E-07  1.94201489148465E+00
 cg2d: Sum(rhs),rhsMax =   5.65487482617755E-07  1.94173279007587E+00
 cg2d: Sum(rhs),rhsMax =   5.65570118737924E-07  1.94145023994448E+00
 cg2d: Sum(rhs),rhsMax =   5.65652925388349E-07  1.94116724290540E+00
 cg2d: Sum(rhs),rhsMax =   5.65735064128603E-07  1.94088380076920E+00
 cg2d: Sum(rhs),rhsMax =   5.65817927622447E-07  1.94059991534216E+00
 cg2d: Sum(rhs),rhsMax =   5.65900904803129E-07  1.94031558842632E+00
 cg2d: Sum(rhs),rhsMax =   5.65984009881504E-07  1.94003082181954E+00
 cg2d: Sum(rhs),rhsMax =   5.66067285490135E-07  1.93974561731569E+00
 cg2d: Sum(rhs),rhsMax =   5.66150774261587E-07  1.93945997670470E+00
 cg2d: Sum(rhs),rhsMax =   5.66234092502782E-07  1.93917390177295E+00
 cg2d: Sum(rhs),rhsMax =   5.66317922334747E-07  1.93888739430335E+00
 cg2d: Sum(rhs),rhsMax =   5.66401766377567E-07  1.93860045607564E+00
 cg2d: Sum(rhs),rhsMax =   5.66485212516454E-07  1.93831308886678E+00
 cg2d: Sum(rhs),rhsMax =   5.66570093951668E-07  1.93802529445119E+00
 cg2d: Sum(rhs),rhsMax =   5.66653923783633E-07  1.93773707460109E+00
 cg2d: Sum(rhs),rhsMax =   5.66738691532009E-07  1.93744843108699E+00
 cg2d: Sum(rhs),rhsMax =   5.66822677683376E-07  1.93715936567793E+00
 cg2d: Sum(rhs),rhsMax =   5.66907900179103E-07  1.93686988014204E+00
 cg2d: Sum(rhs),rhsMax =   5.66992397921240E-07  1.93657997624687E+00
 cg2d: Sum(rhs),rhsMax =   5.67077691471241E-07  1.93628965575984E+00
 cg2d: Sum(rhs),rhsMax =   5.67162544484745E-07  1.93599892044877E+00
 cg2d: Sum(rhs),rhsMax =   5.67248079619276E-07  1.93570777208215E+00
 cg2d: Sum(rhs),rhsMax =   5.67333415801841E-07  1.93541621242985E+00
 cg2d: Sum(rhs),rhsMax =   5.67419249364320E-07  1.93512424326329E+00
 cg2d: Sum(rhs),rhsMax =   5.67505281878766E-07  1.93483186635613E+00
 cg2d: Sum(rhs),rhsMax =   5.67590873856716E-07  1.93453908348463E+00
 cg2d: Sum(rhs),rhsMax =   5.67676977425435E-07  1.93424589642797E+00
 cg2d: Sum(rhs),rhsMax =   5.67762668879368E-07  1.93395230696887E+00
 cg2d: Sum(rhs),rhsMax =   5.67849340882276E-07  1.93365831689391E+00
 cg2d: Sum(rhs),rhsMax =   5.67935870776637E-07  1.93336392799389E+00
 cg2d: Sum(rhs),rhsMax =   5.68023139635443E-07  1.93306914206430E+00
 cg2d: Sum(rhs),rhsMax =   5.68109186360743E-07  1.93277396090560E+00
 cg2d: Sum(rhs),rhsMax =   5.68196227845874E-07  1.93247838632359E+00
 cg2d: Sum(rhs),rhsMax =   5.68283240909295E-07  1.93218242012975E+00
 cg2d: Sum(rhs),rhsMax =   5.68369728171092E-07  1.93188606414153E+00
 cg2d: Sum(rhs),rhsMax =   5.68457465988104E-07  1.93158932018255E+00
 cg2d: Sum(rhs),rhsMax =   5.68545317491953E-07  1.93129219008291E+00
 cg2d: Sum(rhs),rhsMax =   5.68631904229733E-07  1.93099467567940E+00
 cg2d: Sum(rhs),rhsMax =   5.68720210480933E-07  1.93069677881564E+00
 cg2d: Sum(rhs),rhsMax =   5.68807493550594E-07  1.93039850134226E+00
 cg2d: Sum(rhs),rhsMax =   5.68896126651453E-07  1.93009984511707E+00
 cg2d: Sum(rhs),rhsMax =   5.68984106052994E-07  1.92980081200500E+00
 cg2d: Sum(rhs),rhsMax =   5.69072724942998E-07  1.92950140387842E+00
 cg2d: Sum(rhs),rhsMax =   5.69161159091891E-07  1.92920162261690E+00
 cg2d: Sum(rhs),rhsMax =   5.69249877457878E-07  1.92890147010743E+00
 cg2d: Sum(rhs),rhsMax =   5.69338638456429E-07  1.92860094824426E+00
 cg2d: Sum(rhs),rhsMax =   5.69426930496775E-07  1.92830005892889E+00
 cg2d: Sum(rhs),rhsMax =   5.69515833603873E-07  1.92799880407002E+00
 cg2d: Sum(rhs),rhsMax =   5.69605433042852E-07  1.92769718558340E+00
 cg2d: Sum(rhs),rhsMax =   5.69694535101917E-07  1.92739520539168E+00
 cg2d: Sum(rhs),rhsMax =   5.69784091908332E-07  1.92709286542433E+00
 cg2d: Sum(rhs),rhsMax =   5.69848040754550E-07  1.92687610011886E+00
 cg2d: Sum(rhs),rhsMax =   5.69810637784940E-07  1.92700113234302E+00
 cg2d: Sum(rhs),rhsMax =   5.69773902725501E-07  1.92712564369253E+00
 cg2d: Sum(rhs),rhsMax =   5.69737551359140E-07  1.92724963374438E+00
 cg2d: Sum(rhs),rhsMax =   5.69700944197393E-07  1.92737310207819E+00
 cg2d: Sum(rhs),rhsMax =   5.69664464933339E-07  1.92749604827571E+00
 cg2d: Sum(rhs),rhsMax =   5.69628653579457E-07  1.92761847192031E+00
 cg2d: Sum(rhs),rhsMax =   5.69592572219335E-07  1.92774037259655E+00
 cg2d: Sum(rhs),rhsMax =   5.69555908214170E-07  1.92786174988974E+00
 cg2d: Sum(rhs),rhsMax =   5.69520665294476E-07  1.92798260338558E+00
 cg2d: Sum(rhs),rhsMax =   5.69485223422816E-07  1.92810293266977E+00
 cg2d: Sum(rhs),rhsMax =   5.69450079979106E-07  1.92822273732762E+00
 cg2d: Sum(rhs),rhsMax =   5.69414709161720E-07  1.92834201694392E+00
 cg2d: Sum(rhs),rhsMax =   5.69379551507154E-07  1.92846077110244E+00
 cg2d: Sum(rhs),rhsMax =   5.69344649647974E-07  1.92857899938584E+00
 cg2d: Sum(rhs),rhsMax =   5.69309804632212E-07  1.92869670137553E+00
 cg2d: Sum(rhs),rhsMax =   5.69275798056879E-07  1.92881387665142E+00
 cg2d: Sum(rhs),rhsMax =   5.69241052517100E-07  1.92893052479188E+00
 cg2d: Sum(rhs),rhsMax =   5.69206662248689E-07  1.92904664537365E+00
 cg2d: Sum(rhs),rhsMax =   5.69172470932244E-07  1.92916223797182E+00
 cg2d: Sum(rhs),rhsMax =   5.69138805417424E-07  1.92927730215992E+00
 cg2d: Sum(rhs),rhsMax =   5.69104685155253E-07  1.92939183750987E+00
 cg2d: Sum(rhs),rhsMax =   5.69071133327270E-07  1.92950584359221E+00
 cg2d: Sum(rhs),rhsMax =   5.69038192566040E-07  1.92961931997613E+00
 cg2d: Sum(rhs),rhsMax =   5.69004768635750E-07  1.92973226622963E+00
 cg2d: Sum(rhs),rhsMax =   5.68971415759734E-07  1.92984468191990E+00
 cg2d: Sum(rhs),rhsMax =   5.68938446576794E-07  1.92995656661369E+00
 cg2d: Sum(rhs),rhsMax =   5.68905448972146E-07  1.93006791987773E+00
 cg2d: Sum(rhs),rhsMax =   5.68872835060574E-07  1.93017874127883E+00
 cg2d: Sum(rhs),rhsMax =   5.68840619052935E-07  1.93028903038420E+00
 cg2d: Sum(rhs),rhsMax =   5.68808275147603E-07  1.93039878676176E+00
 cg2d: Sum(rhs),rhsMax =   5.68775973874835E-07  1.93050800998065E+00
 cg2d: Sum(rhs),rhsMax =   5.68744127349419E-07  1.93061669961171E+00
 cg2d: Sum(rhs),rhsMax =   5.68711556070411E-07  1.93072485522806E+00
 cg2d: Sum(rhs),rhsMax =   5.68680349033457E-07  1.93083247640555E+00
 cg2d: Sum(rhs),rhsMax =   5.68649241472485E-07  1.93093956272334E+00
 cg2d: Sum(rhs),rhsMax =   5.68617011253991E-07  1.93104611376437E+00
 cg2d: Sum(rhs),rhsMax =   5.68586727922593E-07  1.93115212911601E+00
 cg2d: Sum(rhs),rhsMax =   5.68554966662305E-07  1.93125760837042E+00
 cg2d: Sum(rhs),rhsMax =   5.68524285426975E-07  1.93136255112203E+00
 cg2d: Sum(rhs),rhsMax =   5.68493376817969E-07  1.93146695697072E+00
 cg2d: Sum(rhs),rhsMax =   5.68463448757939E-07  1.93157082552820E+00
 cg2d: Sum(rhs),rhsMax =   5.68432824366027E-07  1.93167415641759E+00
 cg2d: Sum(rhs),rhsMax =   5.68402370504373E-07  1.93177694926878E+00
 cg2d: Sum(rhs),rhsMax =   5.68372030329556E-07  1.93187920371605E+00
 cg2d: Sum(rhs),rhsMax =   5.68342215956363E-07  1.93198091939928E+00
 cg2d: Sum(rhs),rhsMax =   5.68312557902573E-07  1.93208209596651E+00
 cg2d: Sum(rhs),rhsMax =   5.68283113011603E-07  1.93218273307590E+00
 cg2d: Sum(rhs),rhsMax =   5.68253682331488E-07  1.93228283039642E+00
 cg2d: Sum(rhs),rhsMax =   5.68224649555304E-07  1.93238238760817E+00
 cg2d: Sum(rhs),rhsMax =   5.68194835182112E-07  1.93248140440248E+00
 cg2d: Sum(rhs),rhsMax =   5.68166313996699E-07  1.93257988048192E+00
 cg2d: Sum(rhs),rhsMax =   5.68136783840600E-07  1.93267781556045E+00
 cg2d: Sum(rhs),rhsMax =   5.68108390552879E-07  1.93277520936373E+00
 cg2d: Sum(rhs),rhsMax =   5.68080267271398E-07  1.93287206162922E+00
 cg2d: Sum(rhs),rhsMax =   5.68051774507694E-07  1.93296837210646E+00
 cg2d: Sum(rhs),rhsMax =   5.68023480695956E-07  1.93306414055719E+00
 cg2d: Sum(rhs),rhsMax =   5.67995414257894E-07  1.93315936675552E+00
 cg2d: Sum(rhs),rhsMax =   5.67968172049405E-07  1.93325405048795E+00
 cg2d: Sum(rhs),rhsMax =   5.67940574569548E-07  1.93334819155353E+00
 cg2d: Sum(rhs),rhsMax =   5.67912834981144E-07  1.93344178976360E+00
 cg2d: Sum(rhs),rhsMax =   5.67885507507526E-07  1.93353484494200E+00
 cg2d: Sum(rhs),rhsMax =   5.67858336353311E-07  1.93362735692474E+00
 cg2d: Sum(rhs),rhsMax =   5.67831008879693E-07  1.93371932555993E+00
 cg2d: Sum(rhs),rhsMax =   5.67804164575136E-07  1.93381075070756E+00
 cg2d: Sum(rhs),rhsMax =   5.67777689752802E-07  1.93390163223930E+00
 cg2d: Sum(rhs),rhsMax =   5.67751413882434E-07  1.93399197003815E+00
 cg2d: Sum(rhs),rhsMax =   5.67725166433775E-07  1.93408176399824E+00
 cg2d: Sum(rhs),rhsMax =   5.67698307918363E-07  1.93417101402442E+00
 cg2d: Sum(rhs),rhsMax =   5.67672600482183E-07  1.93425972003195E+00
 cg2d: Sum(rhs),rhsMax =   5.67646765148311E-07  1.93434788194614E+00
 cg2d: Sum(rhs),rhsMax =   5.67621270874952E-07  1.93443549970178E+00
 cg2d: Sum(rhs),rhsMax =   5.67595378697661E-07  1.93452257324289E+00
 cg2d: Sum(rhs),rhsMax =   5.67569827580883E-07  1.93460910252213E+00
 cg2d: Sum(rhs),rhsMax =   5.67544603313763E-07  1.93469508750031E+00
 cg2d: Sum(rhs),rhsMax =   5.67519848004849E-07  1.93478052814588E+00
 cg2d: Sum(rhs),rhsMax =   5.67494808478841E-07  1.93486542443441E+00
 cg2d: Sum(rhs),rhsMax =   5.67470706869244E-07  1.93494977634800E+00
 cg2d: Sum(rhs),rhsMax =   5.67445624710672E-07  1.93503358387482E+00
 cg2d: Sum(rhs),rhsMax =   5.67420897823467E-07  1.93511684700842E+00
 cg2d: Sum(rhs),rhsMax =   5.67397066220110E-07  1.93519956574730E+00
 cg2d: Sum(rhs),rhsMax =   5.67372424598034E-07  1.93528174009426E+00
 cg2d: Sum(rhs),rhsMax =   5.67348962476899E-07  1.93536337005592E+00
 cg2d: Sum(rhs),rhsMax =   5.67325557199183E-07  1.93544445564208E+00
 cg2d: Sum(rhs),rhsMax =   5.67301299270184E-07  1.93552499675874E+00
 cg2d: Sum(rhs),rhsMax =   5.67277737673066E-07  1.93560499355490E+00
 cg2d: Sum(rhs),rhsMax =   5.67254900829539E-07  1.93568444611567E+00
 cg2d: Sum(rhs),rhsMax =   5.67231978720883E-07  1.93576335447650E+00
 cg2d: Sum(rhs),rhsMax =   5.67208672919151E-07  1.93584171867116E+00
 cg2d: Sum(rhs),rhsMax =   5.67186162925282E-07  1.93591953874700E+00
 cg2d: Sum(rhs),rhsMax =   5.67162999232096E-07  1.93599681476265E+00
 cg2d: Sum(rhs),rhsMax =   5.67140958196433E-07  1.93607354678233E+00
 cg2d: Sum(rhs),rhsMax =   5.67118235039743E-07  1.93614973487274E+00
 cg2d: Sum(rhs),rhsMax =   5.67096421377755E-07  1.93622537910188E+00
 cg2d: Sum(rhs),rhsMax =   5.67074778246024E-07  1.93630047953839E+00
 cg2d: Sum(rhs),rhsMax =   5.67052296673864E-07  1.93637503625112E+00
 cg2d: Sum(rhs),rhsMax =   5.67031065656920E-07  1.93644904930831E+00
 cg2d: Sum(rhs),rhsMax =   5.67009195151513E-07  1.93652251029147E+00
 cg2d: Sum(rhs),rhsMax =   5.66987907291150E-07  1.93659543215128E+00
 cg2d: Sum(rhs),rhsMax =   5.66966463111385E-07  1.93666781622992E+00
 cg2d: Sum(rhs),rhsMax =   5.66946283697689E-07  1.93673966056302E+00
 cg2d: Sum(rhs),rhsMax =   5.66924740041941E-07  1.93681096436680E+00
 cg2d: Sum(rhs),rhsMax =   5.66904319043715E-07  1.93688172815019E+00
 cg2d: Sum(rhs),rhsMax =   5.66883656460959E-07  1.93695195295161E+00
 cg2d: Sum(rhs),rhsMax =   5.66862851769656E-07  1.93702163981463E+00
 cg2d: Sum(rhs),rhsMax =   5.66842942362200E-07  1.93709078965551E+00
 cg2d: Sum(rhs),rhsMax =   5.66822848213633E-07  1.93715940329568E+00
 cg2d: Sum(rhs),rhsMax =   5.66802881962758E-07  1.93722748149698E+00
 cg2d: Sum(rhs),rhsMax =   5.66783555200345E-07  1.93729502497188E+00
 cg2d: Sum(rhs),rhsMax =   5.66763532106052E-07  1.93736203438288E+00
 cg2d: Sum(rhs),rhsMax =   5.66744404295605E-07  1.93742851034010E+00
 cg2d: Sum(rhs),rhsMax =   5.66725120165756E-07  1.93749445339909E+00
 cg2d: Sum(rhs),rhsMax =   5.66706034987874E-07  1.93755986405913E+00
 cg2d: Sum(rhs),rhsMax =   5.66687248237940E-07  1.93762474276207E+00
 cg2d: Sum(rhs),rhsMax =   5.66667935686382E-07  1.93768908989165E+00
 cg2d: Sum(rhs),rhsMax =   5.66649390520979E-07  1.93775290577360E+00
 cg2d: Sum(rhs),rhsMax =   5.66631186416089E-07  1.93781619067634E+00
 cg2d: Sum(rhs),rhsMax =   5.66612143870771E-07  1.93787894481199E+00
 cg2d: Sum(rhs),rhsMax =   5.66594152928701E-07  1.93794116833794E+00
 cg2d: Sum(rhs),rhsMax =   5.66576403571162E-07  1.93800286135810E+00
 cg2d: Sum(rhs),rhsMax =   5.66558341574819E-07  1.93806402392435E+00
 cg2d: Sum(rhs),rhsMax =   5.66540819590955E-07  1.93812465603789E+00
 cg2d: Sum(rhs),rhsMax =   5.66523311817946E-07  1.93818475765066E+00
 cg2d: Sum(rhs),rhsMax =   5.66505519827842E-07  1.93824432866712E+00
 cg2d: Sum(rhs),rhsMax =   5.66488481013039E-07  1.93830336894667E+00
 cg2d: Sum(rhs),rhsMax =   5.66471314300543E-07  1.93836116255390E+00
 cg2d: Sum(rhs),rhsMax =   5.66454716022236E-07  1.93841858576005E+00
 cg2d: Sum(rhs),rhsMax =   5.66438089322219E-07  1.93847548199066E+00
 cg2d: Sum(rhs),rhsMax =   5.66421661574168E-07  1.93853178875942E+00
 cg2d: Sum(rhs),rhsMax =   5.66405319091245E-07  1.93858750966495E+00
 cg2d: Sum(rhs),rhsMax =   5.66389374512255E-07  1.93864263928109E+00
 cg2d: Sum(rhs),rhsMax =   5.66373003607623E-07  1.93869716647607E+00
 cg2d: Sum(rhs),rhsMax =   5.66357968523334E-07  1.93875108058121E+00
 cg2d: Sum(rhs),rhsMax =   5.66342166052891E-07  1.93880437172204E+00
 cg2d: Sum(rhs),rhsMax =   5.66326505690995E-07  1.93885703049095E+00
 cg2d: Sum(rhs),rhsMax =   5.66311172178757E-07  1.93890904800827E+00
 cg2d: Sum(rhs),rhsMax =   5.66296805004640E-07  1.93896041606812E+00
 cg2d: Sum(rhs),rhsMax =   5.66281627811804E-07  1.93901112723788E+00
 cg2d: Sum(rhs),rhsMax =   5.66266379564695E-07  1.93906117492094E+00
 cg2d: Sum(rhs),rhsMax =   5.66252907674425E-07  1.93911055340297E+00
 cg2d: Sum(rhs),rhsMax =   5.66238369970051E-07  1.93915925788886E+00
 cg2d: Sum(rhs),rhsMax =   5.66224386489012E-07  1.93920728453186E+00
 cg2d: Sum(rhs),rhsMax =   5.66210559327374E-07  1.93925463045513E+00
 cg2d: Sum(rhs),rhsMax =   5.66196376894368E-07  1.93930129376578E+00
 cg2d: Sum(rhs),rhsMax =   5.66183473438286E-07  1.93934727356128E+00
 cg2d: Sum(rhs),rhsMax =   5.66170527349641E-07  1.93939256992838E+00
 cg2d: Sum(rhs),rhsMax =   5.66157254411337E-07  1.93943718393385E+00
 cg2d: Sum(rhs),rhsMax =   5.66144208846708E-07  1.93948111760772E+00
 cg2d: Sum(rhs),rhsMax =   5.66131703294559E-07  1.93952437391845E+00
 cg2d: Sum(rhs),rhsMax =   5.66119524592068E-07  1.93956695674093E+00
 cg2d: Sum(rhs),rhsMax =   5.66107559052398E-07  1.93960887081779E+00
 cg2d: Sum(rhs),rhsMax =   5.66095607723582E-07  1.93965012171447E+00
 cg2d: Sum(rhs),rhsMax =   5.66083372177673E-07  1.93969071576910E+00
 cg2d: Sum(rhs),rhsMax =   5.66071250318601E-07  1.93973066003761E+00
 cg2d: Sum(rhs),rhsMax =   5.66060151641068E-07  1.93976996223426E+00
 cg2d: Sum(rhs),rhsMax =   5.66048768746441E-07  1.93980863066856E+00
 cg2d: Sum(rhs),rhsMax =   5.66037684279763E-07  1.93984667417810E+00
 cg2d: Sum(rhs),rhsMax =   5.66026798765051E-07  1.93988410205819E+00
 cg2d: Sum(rhs),rhsMax =   5.66015671665809E-07  1.93992092398822E+00
 cg2d: Sum(rhs),rhsMax =   5.66005397217850E-07  1.93995714995549E+00
 cg2d: Sum(rhs),rhsMax =   5.65995009083053E-07  1.93999279017694E+00
 cg2d: Sum(rhs),rhsMax =   5.65984834111077E-07  1.94002785501931E+00
 cg2d: Sum(rhs),rhsMax =   5.65974545452264E-07  1.94006235491875E+00
 cg2d: Sum(rhs),rhsMax =   5.65964626275672E-07  1.94009630030015E+00
 cg2d: Sum(rhs),rhsMax =   5.65954934472757E-07  1.94012970149718E+00
 cg2d: Sum(rhs),rhsMax =   5.65945256880696E-07  1.94016256867355E+00
 cg2d: Sum(rhs),rhsMax =   5.65935906138293E-07  1.94019491174624E+00
 cg2d: Sum(rhs),rhsMax =   5.65926612239309E-07  1.94022674031104E+00
 cg2d: Sum(rhs),rhsMax =   5.65917687822548E-07  1.94025806357129E+00
 cg2d: Sum(rhs),rhsMax =   5.65908734984077E-07  1.94028889026998E+00
 cg2d: Sum(rhs),rhsMax =   5.65900037940992E-07  1.94031922862600E+00
 cg2d: Sum(rhs),rhsMax =   5.65891028259102E-07  1.94034908627488E+00
 cg2d: Sum(rhs),rhsMax =   5.65882274372598E-07  1.94037847021443E+00
 cg2d: Sum(rhs),rhsMax =   5.65874742619599E-07  1.94040738675572E+00
 cg2d: Sum(rhs),rhsMax =   5.65865676094290E-07  1.94043584147969E+00
 cg2d: Sum(rhs),rhsMax =   5.65857604328812E-07  1.94046383919975E+00
 cg2d: Sum(rhs),rhsMax =   5.65849560985043E-07  1.94049138393063E+00
 cg2d: Sum(rhs),rhsMax =   5.65841432376146E-07  1.94051847886350E+00
 cg2d: Sum(rhs),rhsMax =   5.65834312737934E-07  1.94054512634789E+00
 cg2d: Sum(rhs),rhsMax =   5.65826567822114E-07  1.94057132788007E+00
 cg2d: Sum(rhs),rhsMax =   5.65818936593132E-07  1.94059708409823E+00
 cg2d: Sum(rhs),rhsMax =   5.65811234309876E-07  1.94062239478446E+00
 cg2d: Sum(rhs),rhsMax =   5.65804299412775E-07  1.94064725887321E+00
 cg2d: Sum(rhs),rhsMax =   5.65797293461401E-07  1.94067167446658E+00
 cg2d: Sum(rhs),rhsMax =   5.65790500672847E-07  1.94069563885589E+00
 cg2d: Sum(rhs),rhsMax =   5.65783423667199E-07  1.94071914854955E+00
 cg2d: Sum(rhs),rhsMax =   5.65776758776337E-07  1.94074219930691E+00
 cg2d: Sum(rhs),rhsMax =   5.65769838090091E-07  1.94076478617793E+00
 cg2d: Sum(rhs),rhsMax =   5.65763713211709E-07  1.94078690354818E+00
 cg2d: Sum(rhs),rhsMax =   5.65756977266574E-07  1.94080854518876E+00
 cg2d: Sum(rhs),rhsMax =   5.65750909231610E-07  1.94082970431105E+00
 cg2d: Sum(rhs),rhsMax =   5.65744869618356E-07  1.94085037362545E+00
 cg2d: Sum(rhs),rhsMax =   5.65739156854761E-07  1.94087054540382E+00
 cg2d: Sum(rhs),rhsMax =   5.65733742519114E-07  1.94089021154509E+00
 cg2d: Sum(rhs),rhsMax =   5.65727944490391E-07  1.94090936364355E+00
 cg2d: Sum(rhs),rhsMax =   5.65722189094231E-07  1.94092799305933E+00
 cg2d: Sum(rhs),rhsMax =   5.65717442668756E-07  1.94094609099022E+00
 cg2d: Sum(rhs),rhsMax =   5.65712070965674E-07  1.94096364854477E+00
 cg2d: Sum(rhs),rhsMax =   5.65706983479686E-07  1.94098065681578E+00
 cg2d: Sum(rhs),rhsMax =   5.65702407584467E-07  1.94099710695363E+00
 cg2d: Sum(rhs),rhsMax =   5.65697959586942E-07  1.94101299023922E+00
 cg2d: Sum(rhs),rhsMax =   5.65693142107193E-07  1.94102829815556E+00
 cg2d: Sum(rhs),rhsMax =   5.65688651477103E-07  1.94104302245787E+00
 cg2d: Sum(rhs),rhsMax =   5.65684970865732E-07  1.94105715524145E+00
 cg2d: Sum(rhs),rhsMax =   5.65681133934959E-07  1.94107068900674E+00
 cg2d: Sum(rhs),rhsMax =   5.65676856467690E-07  1.94108361672156E+00
 cg2d: Sum(rhs),rhsMax =   5.65673602181960E-07  1.94109593187937E+00
 cg2d: Sum(rhs),rhsMax =   5.65669907359734E-07  1.94110762855372E+00
 cg2d: Sum(rhs),rhsMax =   5.65667193086483E-07  1.94111870144813E+00
 cg2d: Sum(rhs),rhsMax =   5.65664038276736E-07  1.94112914594120E+00
 cg2d: Sum(rhs),rhsMax =   5.65660485563058E-07  1.94113895812649E+00
 cg2d: Sum(rhs),rhsMax =   5.65658410778269E-07  1.94114813484699E+00
 cg2d: Sum(rhs),rhsMax =   5.65656065987241E-07  1.94115667372389E+00
 cg2d: Sum(rhs),rhsMax =   5.65653593298521E-07  1.94116457317934E+00
 cg2d: Sum(rhs),rhsMax =   5.65651376405185E-07  1.94117183245329E+00
 cg2d: Sum(rhs),rhsMax =   5.65649429518089E-07  1.94117845161401E+00
 cg2d: Sum(rhs),rhsMax =   5.65647582106976E-07  1.94118443156252E+00
 cg2d: Sum(rhs),rhsMax =   5.65645976280393E-07  1.94118977403073E+00
 cg2d: Sum(rhs),rhsMax =   5.65645052574837E-07  1.94119448157333E+00
 cg2d: Sum(rhs),rhsMax =   5.65643176742014E-07  1.94119855755369E+00
 cg2d: Sum(rhs),rhsMax =   5.65643020422613E-07  1.94120200612375E+00
 cg2d: Sum(rhs),rhsMax =   5.65641528282868E-07  1.94120483219813E+00
 cg2d: Sum(rhs),rhsMax =   5.65641215644064E-07  1.94120704142267E+00
 cg2d: Sum(rhs),rhsMax =   5.65640846161841E-07  1.94120864013771E+00
 cg2d: Sum(rhs),rhsMax =   5.65640334571071E-07  1.94120963533623E+00
 cg2d: Sum(rhs),rhsMax =   5.65640149829960E-07  1.94121003461748E+00
 cg2d: Sum(rhs),rhsMax =   5.65640320360217E-07  1.94120984613621E+00
 cg2d: Sum(rhs),rhsMax =   5.65640462468764E-07  1.94120907854792E+00
 cg2d: Sum(rhs),rhsMax =   5.65640945637824E-07  1.94120774095072E+00
 cg2d: Sum(rhs),rhsMax =   5.65641400385175E-07  1.94120584282406E+00
 cg2d: Sum(rhs),rhsMax =   5.65641869343381E-07  1.94120339396479E+00
 cg2d: Sum(rhs),rhsMax =   5.65642878314065E-07  1.94120040442130E+00
 cg2d: Sum(rhs),rhsMax =   5.65644043604152E-07  1.94119688442578E+00
 cg2d: Sum(rhs),rhsMax =   5.65645223105093E-07  1.94119284432560E+00
 cg2d: Sum(rhs),rhsMax =   5.65646644190565E-07  1.94118829451385E+00
 cg2d: Sum(rhs),rhsMax =   5.65648079486891E-07  1.94118324536002E+00
 cg2d: Sum(rhs),rhsMax =   5.65649870054585E-07  1.94117770714093E+00
 cg2d: Sum(rhs),rhsMax =   5.65651163242364E-07  1.94117168997261E+00
 cg2d: Sum(rhs),rhsMax =   5.65653664352794E-07  1.94116520374371E+00
 cg2d: Sum(rhs),rhsMax =   5.65655170703394E-07  1.94115825805068E+00
 cg2d: Sum(rhs),rhsMax =   5.65657643392115E-07  1.94115086213541E+00
 cg2d: Sum(rhs),rhsMax =   5.65659945550578E-07  1.94114302482569E+00
 cg2d: Sum(rhs),rhsMax =   5.65661892437674E-07  1.94113475447890E+00
 cg2d: Sum(rhs),rhsMax =   5.65664706186908E-07  1.94112605892935E+00
 cg2d: Sum(rhs),rhsMax =   5.65667207297338E-07  1.94111694543964E+00
 cg2d: Sum(rhs),rhsMax =   5.65669893148879E-07  1.94110742065638E+00
 cg2d: Sum(rhs),rhsMax =   5.65673147434609E-07  1.94109749057049E+00
 cg2d: Sum(rhs),rhsMax =   5.65675705388458E-07  1.94108716048260E+00
 cg2d: Sum(rhs),rhsMax =   5.65679556530085E-07  1.94107643497328E+00
 cg2d: Sum(rhs),rhsMax =   5.65682043429661E-07  1.94106531787893E+00
 cg2d: Sum(rhs),rhsMax =   5.65685567721630E-07  1.94105381227294E+00
 cg2d: Sum(rhs),rhsMax =   5.65689816767190E-07  1.94104192045240E+00
 cg2d: Sum(rhs),rhsMax =   5.65692886311808E-07  1.94102964393071E+00
 cg2d: Sum(rhs),rhsMax =   5.65696694820872E-07  1.94101698343546E+00
 cg2d: Sum(rhs),rhsMax =   5.65699693311217E-07  1.94100393891234E+00
 cg2d: Sum(rhs),rhsMax =   5.65704411314982E-07  1.94099050953433E+00
 cg2d: Sum(rhs),rhsMax =   5.65708305089174E-07  1.94097669371653E+00
 cg2d: Sum(rhs),rhsMax =   5.65712113598238E-07  1.94096248913636E+00
 cg2d: Sum(rhs),rhsMax =   5.65716646860892E-07  1.94094789275875E+00
 cg2d: Sum(rhs),rhsMax =   5.65720753797905E-07  1.94093290086638E+00
 cg2d: Sum(rhs),rhsMax =   5.65724732837225E-07  1.94091750909463E+00
 cg2d: Sum(rhs),rhsMax =   5.65728967671930E-07  1.94090171247091E+00
 cg2d: Sum(rhs),rhsMax =   5.65734822544073E-07  1.94088550545799E+00
 cg2d: Sum(rhs),rhsMax =   5.65739725288950E-07  1.94086888200131E+00
 cg2d: Sum(rhs),rhsMax =   5.65744230129894E-07  1.94085183557939E+00
 cg2d: Sum(rhs),rhsMax =   5.65749544989558E-07  1.94083435925744E+00
 cg2d: Sum(rhs),rhsMax =   5.65754845638367E-07  1.94081644574348E+00
 cg2d: Sum(rhs),rhsMax =   5.65759890491790E-07  1.94079808744660E+00
 cg2d: Sum(rhs),rhsMax =   5.65765603255386E-07  1.94077927653700E+00
 cg2d: Sum(rhs),rhsMax =   5.65771458127529E-07  1.94076000500729E+00
 cg2d: Sum(rhs),rhsMax =   5.65777369843090E-07  1.94074026473448E+00
 cg2d: Sum(rhs),rhsMax =   5.65782798389591E-07  1.94072004754263E+00
 cg2d: Sum(rhs),rhsMax =   5.65789022743957E-07  1.94069934526507E+00
 cg2d: Sum(rhs),rhsMax =   5.65795104989775E-07  1.94067814980634E+00
 cg2d: Sum(rhs),rhsMax =   5.65801443030978E-07  1.94065645320295E+00
 cg2d: Sum(rhs),rhsMax =   5.65808107921839E-07  1.94063424768294E+00
 cg2d: Sum(rhs),rhsMax =   5.65814630704153E-07  1.94061152572333E+00
 cg2d: Sum(rhs),rhsMax =   5.65821508757836E-07  1.94058828010553E+00
 cg2d: Sum(rhs),rhsMax =   5.65828202070406E-07  1.94056450396811E+00
 cg2d: Sum(rhs),rhsMax =   5.65835563293149E-07  1.94054019085640E+00
 cg2d: Sum(rhs),rhsMax =   5.65842825039908E-07  1.94051533476907E+00
 cg2d: Sum(rhs),rhsMax =   5.65850342582053E-07  1.94048993020072E+00
 cg2d: Sum(rhs),rhsMax =   5.65857916967616E-07  1.94046397218082E+00
 cg2d: Sum(rhs),rhsMax =   5.65865335033777E-07  1.94043745630841E+00
 cg2d: Sum(rhs),rhsMax =   5.65873264690708E-07  1.94041037878219E+00
 cg2d: Sum(rhs),rhsMax =   5.65881393299605E-07  1.94038273642650E+00
 cg2d: Sum(rhs),rhsMax =   5.65889905601580E-07  1.94035452671205E+00
 cg2d: Sum(rhs),rhsMax =   5.65897764204237E-07  1.94032574777224E+00
 cg2d: Sum(rhs),rhsMax =   5.65907214422623E-07  1.94029639841429E+00
 cg2d: Sum(rhs),rhsMax =   5.65914888284169E-07  1.94026647812560E+00
 cg2d: Sum(rhs),rhsMax =   5.65923954809477E-07  1.94023598707497E+00
 cg2d: Sum(rhs),rhsMax =   5.65933362395299E-07  1.94020492610913E+00
 cg2d: Sum(rhs),rhsMax =   5.65942841035394E-07  1.94017329674412E+00
 cg2d: Sum(rhs),rhsMax =   5.65951893349848E-07  1.94014110115220E+00
 cg2d: Sum(rhs),rhsMax =   5.65961144616267E-07  1.94010834214404E+00
 cg2d: Sum(rhs),rhsMax =   5.65971404853371E-07  1.94007502314635E+00
 cg2d: Sum(rhs),rhsMax =   5.65980769806629E-07  1.94004114817553E+00
 cg2d: Sum(rhs),rhsMax =   5.65990944778605E-07  1.94000672180713E+00
 cg2d: Sum(rhs),rhsMax =   5.66001148172290E-07  1.93997174914163E+00
 cg2d: Sum(rhs),rhsMax =   5.66011152614010E-07  1.93993623576673E+00
 cg2d: Sum(rhs),rhsMax =   5.66022279713252E-07  1.93990018771660E+00
 cg2d: Sum(rhs),rhsMax =   5.66032952065143E-07  1.93986361142824E+00
 cg2d: Sum(rhs),rhsMax =   5.66043425465068E-07  1.93982651369538E+00
 cg2d: Sum(rhs),rhsMax =   5.66054254136361E-07  1.93978890162032E+00
 cg2d: Sum(rhs),rhsMax =   5.66065622820133E-07  1.93975078256391E+00
 cg2d: Sum(rhs),rhsMax =   5.66077005714760E-07  1.93971216409444E+00
 cg2d: Sum(rhs),rhsMax =   5.66088544928789E-07  1.93967305393539E+00
 cg2d: Sum(rhs),rhsMax =   5.66099728871450E-07  1.93963345991253E+00
 cg2d: Sum(rhs),rhsMax =   5.66111651778556E-07  1.93959338990121E+00
 cg2d: Sum(rhs),rhsMax =   5.66123446787969E-07  1.93955285177341E+00
 cg2d: Sum(rhs),rhsMax =   5.66135156532255E-07  1.93951185334582E+00
 cg2d: Sum(rhs),rhsMax =   5.66148216307738E-07  1.93947040232862E+00
 cg2d: Sum(rhs),rhsMax =   5.66159698678348E-07  1.93942850627577E+00
 cg2d: Sum(rhs),rhsMax =   5.66172133176224E-07  1.93938617236239E+00
 cg2d: Sum(rhs),rhsMax =   5.66184681360937E-07  1.93934340757755E+00
 cg2d: Sum(rhs),rhsMax =   5.66196774798300E-07  1.93930021891133E+00
 cg2d: Sum(rhs),rhsMax =   5.66210047736604E-07  1.93925661310953E+00
 cg2d: Sum(rhs),rhsMax =   5.66222425391061E-07  1.93921259639604E+00
 cg2d: Sum(rhs),rhsMax =   5.66235229371159E-07  1.93916817440626E+00
 cg2d: Sum(rhs),rhsMax =   5.66248544942027E-07  1.93912335225485E+00
 cg2d: Sum(rhs),rhsMax =   5.66262087886571E-07  1.93907813460849E+00
 cg2d: Sum(rhs),rhsMax =   5.66275616620260E-07  1.93903252570149E+00
 cg2d: Sum(rhs),rhsMax =   5.66288761660871E-07  1.93898652930372E+00
 cg2d: Sum(rhs),rhsMax =   5.66302617244219E-07  1.93894014867741E+00
 cg2d: Sum(rhs),rhsMax =   5.66315733863121E-07  1.93889338654690E+00
 cg2d: Sum(rhs),rhsMax =   5.66329873663562E-07  1.93884624508427E+00
 cg2d: Sum(rhs),rhsMax =   5.66343729246910E-07  1.93879872590549E+00
 cg2d: Sum(rhs),rhsMax =   5.66357755360514E-07  1.93875083007235E+00
 cg2d: Sum(rhs),rhsMax =   5.66371369359331E-07  1.93870255809830E+00
 cg2d: Sum(rhs),rhsMax =   5.66385836009431E-07  1.93865390995804E+00
 cg2d: Sum(rhs),rhsMax =   5.66400331081240E-07  1.93860488510034E+00
 cg2d: Sum(rhs),rhsMax =   5.66414158242878E-07  1.93855548246444E+00
 cg2d: Sum(rhs),rhsMax =   5.66429051218620E-07  1.93850570049945E+00
 cg2d: Sum(rhs),rhsMax =   5.66443787874960E-07  1.93845553718710E+00
 cg2d: Sum(rhs),rhsMax =   5.66458396633607E-07  1.93840499006747E+00
 cg2d: Sum(rhs),rhsMax =   5.66473346452767E-07  1.93835405626795E+00
 cg2d: Sum(rhs),rhsMax =   5.66488907338680E-07  1.93830273253499E+00
 cg2d: Sum(rhs),rhsMax =   5.66503658205875E-07  1.93825101526886E+00
 cg2d: Sum(rhs),rhsMax =   5.66519574363156E-07  1.93819890056057E+00
 cg2d: Sum(rhs),rhsMax =   5.66534268386931E-07  1.93814638423116E+00
 cg2d: Sum(rhs),rhsMax =   5.66549871905409E-07  1.93809346187252E+00
 cg2d: Sum(rhs),rhsMax =   5.66565233839356E-07  1.93804012888935E+00
 cg2d: Sum(rhs),rhsMax =   5.66581249472620E-07  1.93798638054203E+00
 cg2d: Sum(rhs),rhsMax =   5.66596852991097E-07  1.93793221199009E+00
 cg2d: Sum(rhs),rhsMax =   5.66613067576327E-07  1.93787761833558E+00
 cg2d: Sum(rhs),rhsMax =   5.66629239528993E-07  1.93782259466656E+00
 cg2d: Sum(rhs),rhsMax =   5.66645482535932E-07  1.93776713609996E+00
 cg2d: Sum(rhs),rhsMax =   5.66661611856034E-07  1.93771123782390E+00
 cg2d: Sum(rhs),rhsMax =   5.66678252766906E-07  1.93765489513900E+00
 cg2d: Sum(rhs),rhsMax =   5.66694723147521E-07  1.93759810349822E+00
 cg2d: Sum(rhs),rhsMax =   5.66711491956085E-07  1.93754085854554E+00
 cg2d: Sum(rhs),rhsMax =   5.66728033390973E-07  1.93748315615247E+00
 cg2d: Sum(rhs),rhsMax =   5.66745043784067E-07  1.93742499245258E+00
 cg2d: Sum(rhs),rhsMax =   5.66762423659384E-07  1.93736636387388E+00
 cg2d: Sum(rhs),rhsMax =   5.66779547739316E-07  1.93730726716841E+00
 cg2d: Sum(rhs),rhsMax =   5.66796899192923E-07  1.93724769943925E+00
 cg2d: Sum(rhs),rhsMax =   5.66814748026445E-07  1.93718765816461E+00
 cg2d: Sum(rhs),rhsMax =   5.66832639492532E-07  1.93712714121882E+00
 cg2d: Sum(rhs),rhsMax =   5.66850118843831E-07  1.93706614689013E+00
 cg2d: Sum(rhs),rhsMax =   5.66867925044789E-07  1.93700467389534E+00
 cg2d: Sum(rhs),rhsMax =   5.66886512842757E-07  1.93694272139089E+00
 cg2d: Sum(rhs),rhsMax =   5.66904972743032E-07  1.93688028898074E+00
 cg2d: Sum(rhs),rhsMax =   5.66922665257152E-07  1.93681737672065E+00
 cg2d: Sum(rhs),rhsMax =   5.66941693591616E-07  1.93675398511929E+00
 cg2d: Sum(rhs),rhsMax =   5.66960409287276E-07  1.93669011513561E+00
 cg2d: Sum(rhs),rhsMax =   5.66979593941142E-07  1.93662576817327E+00
 cg2d: Sum(rhs),rhsMax =   5.66998394901930E-07  1.93656094607147E+00
 cg2d: Sum(rhs),rhsMax =   5.67017224284427E-07  1.93649565109292E+00
 cg2d: Sum(rhs),rhsMax =   5.67036835263934E-07  1.93642988590855E+00
 cg2d: Sum(rhs),rhsMax =   5.67055451483611E-07  1.93636365357953E+00
 cg2d: Sum(rhs),rhsMax =   5.67075602475597E-07  1.93629695753650E+00
 cg2d: Sum(rhs),rhsMax =   5.67094815551172E-07  1.93622980155633E+00
 cg2d: Sum(rhs),rhsMax =   5.67115137073415E-07  1.93616218973652E+00
 cg2d: Sum(rhs),rhsMax =   5.67135074902581E-07  1.93609412646766E+00
(PID.TID 0000.0001) Did not write pickup because writePickupAtEnd = FALSE
(PID.TID 0000.0001)   early fc =  0.000000000000000D+00
 --> objf_test(bi,bj)        =  0.189842664313149D+00
(PID.TID 0000.0001)   local fc =  0.189842664313149D+00
(PID.TID 0000.0001)  global fc =  0.322547976333185D+00
(PID.TID 0000.0001) grdchk perturb(-)fc: fcpertminus =  3.22547976333185E-01
(PID.TID 0000.0001)  ADM  ref_cost_function      =  3.22547976275027E-01
(PID.TID 0000.0001)  ADM  adjoint_gradient       = -5.81555452546080E-05
(PID.TID 0000.0001)  ADM  finite-diff_grad       = -5.81560910539736E-05
(PID.TID 0000.0001) ====== End of gradient-check number   1 (ierr=  0) =======
(PID.TID 0000.0001) 
(PID.TID 0000.0001) // =======================================================
(PID.TID 0000.0001) // Gradient check results  >>> START <<<
(PID.TID 0000.0001) // =======================================================
(PID.TID 0000.0001) 
(PID.TID 0000.0001)  EPS =   1.000000E-06
(PID.TID 0000.0001) 
(PID.TID 0000.0001) grdchk output h.p:  Id Itile Jtile LAYER   bi   bj   X(Id)           X(Id)+/-EPS
(PID.TID 0000.0001) grdchk output h.c:  Id  FC                   FC1                  FC2
(PID.TID 0000.0001) grdchk output h.g:  Id     FC1-FC2/(2*EPS)      ADJ GRAD(FC)         1-FDGRD/ADGRD
(PID.TID 0000.0001) 
(PID.TID 0000.0001) grdchk output (p):   1     0     0     1    0    0   0.000000000E+00  0.000000000E+00
(PID.TID 0000.0001) grdchk output (c):   1  3.2254797627503E-01  3.2254797621687E-01  3.2254797633318E-01
(PID.TID 0000.0001) grdchk output (g):   1    -5.8156091053974E-05 -5.8155545254608E-05 -9.3851646159049E-06
(PID.TID 0000.0001) 
(PID.TID 0000.0001) grdchk  summary  :  RMS of    1 ratios =  9.3851646159049E-06
(PID.TID 0000.0001) 
(PID.TID 0000.0001) // =======================================================
(PID.TID 0000.0001) // Gradient check results  >>> END <<<
(PID.TID 0000.0001) // =======================================================
(PID.TID 0000.0001) 
(PID.TID 0000.0001)   Seconds in section "ALL                    [THE_MODEL_MAIN]":
(PID.TID 0000.0001)           User time:   16.384627558290958
(PID.TID 0000.0001)         System time:  0.18263301253318787
(PID.TID 0000.0001)     Wall clock time:   16.853805065155029
(PID.TID 0000.0001)          No. starts:           1
(PID.TID 0000.0001)           No. stops:           1
(PID.TID 0000.0001)   Seconds in section "INITIALISE_FIXED       [THE_MODEL_MAIN]":
(PID.TID 0000.0001)           User time:   1.7112001776695251E-002
(PID.TID 0000.0001)         System time:   7.3859989643096924E-003
(PID.TID 0000.0001)     Wall clock time:  0.10820508003234863
(PID.TID 0000.0001)          No. starts:           1
(PID.TID 0000.0001)           No. stops:           1
(PID.TID 0000.0001)   Seconds in section "ADTHE_MAIN_LOOP          [ADJOINT RUN]":
(PID.TID 0000.0001)           User time:   11.866024829447269
(PID.TID 0000.0001)         System time:  0.14259001612663269
(PID.TID 0000.0001)     Wall clock time:   12.178839921951294
(PID.TID 0000.0001)          No. starts:           1
(PID.TID 0000.0001)           No. stops:           1
(PID.TID 0000.0001)   Seconds in section "FORWARD_STEP        [MAIN_DO_LOOP]":
(PID.TID 0000.0001)           User time:   9.0131393894553185
(PID.TID 0000.0001)         System time:   7.5006633996963501E-002
(PID.TID 0000.0001)     Wall clock time:   9.2253193855285645
(PID.TID 0000.0001)          No. starts:        2880
(PID.TID 0000.0001)           No. stops:        2880
(PID.TID 0000.0001)   Seconds in section "DO_STATEVARS_DIAGS  [FORWARD_STEP]":
(PID.TID 0000.0001)           User time:   9.1795474290847778E-003
(PID.TID 0000.0001)         System time:   2.1901726722717285E-004
(PID.TID 0000.0001)     Wall clock time:   9.4549655914306641E-003
(PID.TID 0000.0001)          No. starts:        1440
(PID.TID 0000.0001)           No. stops:        1440
(PID.TID 0000.0001)   Seconds in section "LOAD_FIELDS_DRIVER  [FORWARD_STEP]":
(PID.TID 0000.0001)           User time:   4.2689636349678040E-002
(PID.TID 0000.0001)         System time:   7.5793266296386719E-004
(PID.TID 0000.0001)     Wall clock time:   4.3644189834594727E-002
(PID.TID 0000.0001)          No. starts:        2880
(PID.TID 0000.0001)           No. stops:        2880
(PID.TID 0000.0001)   Seconds in section "EXTERNAL_FLDS_LOAD [LOAD_FLDS_DRIVER]":
(PID.TID 0000.0001)           User time:   1.8931441009044647E-002
(PID.TID 0000.0001)         System time:   3.2284855842590332E-004
(PID.TID 0000.0001)     Wall clock time:   1.8256187438964844E-002
(PID.TID 0000.0001)          No. starts:        3600
(PID.TID 0000.0001)           No. stops:        3600
(PID.TID 0000.0001)   Seconds in section "CTRL_MAP_FORCING  [FORWARD_STEP]":
(PID.TID 0000.0001)           User time:   1.4163523912429810E-002
(PID.TID 0000.0001)         System time:   2.5910139083862305E-004
(PID.TID 0000.0001)     Wall clock time:   1.4478206634521484E-002
(PID.TID 0000.0001)          No. starts:        2880
(PID.TID 0000.0001)           No. stops:        2880
(PID.TID 0000.0001)   Seconds in section "DO_ATMOSPHERIC_PHYS [FORWARD_STEP]":
(PID.TID 0000.0001)           User time:   3.4553669393062592E-002
(PID.TID 0000.0001)         System time:   7.4610114097595215E-004
(PID.TID 0000.0001)     Wall clock time:   3.5423040390014648E-002
(PID.TID 0000.0001)          No. starts:        2880
(PID.TID 0000.0001)           No. stops:        2880
(PID.TID 0000.0001)   Seconds in section "DO_OCEANIC_PHYS     [FORWARD_STEP]":
(PID.TID 0000.0001)           User time:  0.52100374549627304
(PID.TID 0000.0001)         System time:   1.0369688272476196E-002
(PID.TID 0000.0001)     Wall clock time:  0.53423237800598145
(PID.TID 0000.0001)          No. starts:        2880
(PID.TID 0000.0001)           No. stops:        2880
(PID.TID 0000.0001)   Seconds in section "THERMODYNAMICS      [FORWARD_STEP]":
(PID.TID 0000.0001)           User time:   1.6201260387897491
(PID.TID 0000.0001)         System time:   2.6961952447891235E-002
(PID.TID 0000.0001)     Wall clock time:   1.6549768447875977
(PID.TID 0000.0001)          No. starts:        2880
(PID.TID 0000.0001)           No. stops:        2880
(PID.TID 0000.0001)   Seconds in section "DYNAMICS            [FORWARD_STEP]":
(PID.TID 0000.0001)           User time:   3.2240981310606003
(PID.TID 0000.0001)         System time:   1.2686133384704590E-002
(PID.TID 0000.0001)     Wall clock time:   3.2510013580322266
(PID.TID 0000.0001)          No. starts:        2880
(PID.TID 0000.0001)           No. stops:        2880
(PID.TID 0000.0001)   Seconds in section "SOLVE_FOR_PRESSURE  [FORWARD_STEP]":
(PID.TID 0000.0001)           User time:   2.2574185952544212
(PID.TID 0000.0001)         System time:   6.1371028423309326E-003
(PID.TID 0000.0001)     Wall clock time:   2.2740128040313721
(PID.TID 0000.0001)          No. starts:        2880
(PID.TID 0000.0001)           No. stops:        2880
(PID.TID 0000.0001)   Seconds in section "MOM_CORRECTION_STEP [FORWARD_STEP]":
(PID.TID 0000.0001)           User time:  0.13637549430131912
(PID.TID 0000.0001)         System time:   6.5493583679199219E-004
(PID.TID 0000.0001)     Wall clock time:  0.13831067085266113
(PID.TID 0000.0001)          No. starts:        2880
(PID.TID 0000.0001)           No. stops:        2880
(PID.TID 0000.0001)   Seconds in section "INTEGR_CONTINUITY   [FORWARD_STEP]":
(PID.TID 0000.0001)           User time:  0.25837089866399765
(PID.TID 0000.0001)         System time:   1.4432668685913086E-003
(PID.TID 0000.0001)     Wall clock time:  0.26174306869506836
(PID.TID 0000.0001)          No. starts:        2880
(PID.TID 0000.0001)           No. stops:        2880
(PID.TID 0000.0001)   Seconds in section "TRC_CORRECTION_STEP [FORWARD_STEP]":
(PID.TID 0000.0001)           User time:   1.4686480164527893E-002
(PID.TID 0000.0001)         System time:   1.0707974433898926E-004
(PID.TID 0000.0001)     Wall clock time:   1.4817237854003906E-002
(PID.TID 0000.0001)          No. starts:        2880
(PID.TID 0000.0001)           No. stops:        2880
(PID.TID 0000.0001)   Seconds in section "BLOCKING_EXCHANGES  [FORWARD_STEP]":
(PID.TID 0000.0001)           User time:  0.33695593476295471
(PID.TID 0000.0001)         System time:   1.9178986549377441E-003
(PID.TID 0000.0001)     Wall clock time:  0.34081482887268066
(PID.TID 0000.0001)          No. starts:        2880
(PID.TID 0000.0001)           No. stops:        2880
(PID.TID 0000.0001)   Seconds in section "MONITOR             [FORWARD_STEP]":
(PID.TID 0000.0001)           User time:   3.6750212311744690E-003
(PID.TID 0000.0001)         System time:   5.4955482482910156E-005
(PID.TID 0000.0001)     Wall clock time:   3.7288665771484375E-003
(PID.TID 0000.0001)          No. starts:         720
(PID.TID 0000.0001)           No. stops:         720
(PID.TID 0000.0001)   Seconds in section "COST_TILE           [FORWARD_STEP]":
(PID.TID 0000.0001)           User time:  0.26096267253160477
(PID.TID 0000.0001)         System time:   2.1718442440032959E-003
(PID.TID 0000.0001)     Wall clock time:  0.26495671272277832
(PID.TID 0000.0001)          No. starts:        2880
(PID.TID 0000.0001)           No. stops:        2880
(PID.TID 0000.0001)   Seconds in section "DO_THE_MODEL_IO     [FORWARD_STEP]":
(PID.TID 0000.0001)           User time:   2.6061356067657471E-002
(PID.TID 0000.0001)         System time:   5.4491460323333740E-003
(PID.TID 0000.0001)     Wall clock time:  0.11993503570556641
(PID.TID 0000.0001)          No. starts:        2880
(PID.TID 0000.0001)           No. stops:        2880
(PID.TID 0000.0001)   Seconds in section "DO_WRITE_PICKUP     [FORWARD_STEP]":
(PID.TID 0000.0001)           User time:   1.6075469553470612E-002
(PID.TID 0000.0001)         System time:   2.1530985832214355E-003
(PID.TID 0000.0001)     Wall clock time:   3.2279014587402344E-002
(PID.TID 0000.0001)          No. starts:        2880
(PID.TID 0000.0001)           No. stops:        2880
(PID.TID 0000.0001)   Seconds in section "CTRL_PACK           [THE_MODEL_MAIN]":
(PID.TID 0000.0001)           User time:   7.0571899414062500E-004
(PID.TID 0000.0001)         System time:   0.0000000000000000
(PID.TID 0000.0001)     Wall clock time:   2.4831295013427734E-003
(PID.TID 0000.0001)          No. starts:           1
(PID.TID 0000.0001)           No. stops:           1
(PID.TID 0000.0001)   Seconds in section "CTRL_PACK     [THE_MODEL_MAIN]":
(PID.TID 0000.0001)           User time:   4.7397613525390625E-004
(PID.TID 0000.0001)         System time:   7.9870223999023438E-006
(PID.TID 0000.0001)     Wall clock time:   1.9319057464599609E-003
(PID.TID 0000.0001)          No. starts:           1
(PID.TID 0000.0001)           No. stops:           1
(PID.TID 0000.0001)   Seconds in section "GRDCHK_MAIN         [THE_MODEL_MAIN]":
(PID.TID 0000.0001)           User time:   4.5002899169921875
(PID.TID 0000.0001)         System time:   3.2624006271362305E-002
(PID.TID 0000.0001)     Wall clock time:   4.5622920989990234
(PID.TID 0000.0001)          No. starts:           1
(PID.TID 0000.0001)           No. stops:           1
(PID.TID 0000.0001)   Seconds in section "INITIALISE_VARIA    [THE_MAIN_LOOP]":
(PID.TID 0000.0001)           User time:   4.5404434204101562E-003
(PID.TID 0000.0001)         System time:   1.0209679603576660E-003
(PID.TID 0000.0001)     Wall clock time:   9.5009803771972656E-003
(PID.TID 0000.0001)          No. starts:           2
(PID.TID 0000.0001)           No. stops:           2
(PID.TID 0000.0001)   Seconds in section "MAIN LOOP           [THE_MAIN_LOOP]":
(PID.TID 0000.0001)           User time:   4.4949588775634766
(PID.TID 0000.0001)         System time:   3.1120955944061279E-002
(PID.TID 0000.0001)     Wall clock time:   4.5423231124877930
(PID.TID 0000.0001)          No. starts:           2
(PID.TID 0000.0001)           No. stops:           2
(PID.TID 0000.0001)   Seconds in section "MAIN_DO_LOOP        [THE_MAIN_LOOP]":
(PID.TID 0000.0001)           User time:   4.4871501922607422
(PID.TID 0000.0001)         System time:   3.0869126319885254E-002
(PID.TID 0000.0001)     Wall clock time:   4.5340714454650879
(PID.TID 0000.0001)          No. starts:        1440
(PID.TID 0000.0001)           No. stops:        1440
(PID.TID 0000.0001)   Seconds in section "COST_FINAL         [ADJOINT SPIN-DOWN]":
(PID.TID 0000.0001)           User time:   1.3446807861328125E-004
(PID.TID 0000.0001)         System time:   1.4394521713256836E-004
(PID.TID 0000.0001)     Wall clock time:   4.2009353637695312E-004
(PID.TID 0000.0001)          No. starts:           2
(PID.TID 0000.0001)           No. stops:           2
(PID.TID 0000.0001) // ======================================================
(PID.TID 0000.0001) // Tile <-> Tile communication statistics
(PID.TID 0000.0001) // ======================================================
(PID.TID 0000.0001) // o Tile number: 000001
(PID.TID 0000.0001) //         No. X exchanges =              0
(PID.TID 0000.0001) //            Max. X spins =              0
(PID.TID 0000.0001) //            Min. X spins =     1000000000
(PID.TID 0000.0001) //          Total. X spins =              0
(PID.TID 0000.0001) //            Avg. X spins =       0.00E+00
(PID.TID 0000.0001) //         No. Y exchanges =              0
(PID.TID 0000.0001) //            Max. Y spins =              0
(PID.TID 0000.0001) //            Min. Y spins =     1000000000
(PID.TID 0000.0001) //          Total. Y spins =              0
(PID.TID 0000.0001) //            Avg. Y spins =       0.00E+00
(PID.TID 0000.0001) // o Thread number: 000001
(PID.TID 0000.0001) //            No. barriers =        1164576
(PID.TID 0000.0001) //      Max. barrier spins =              1
(PID.TID 0000.0001) //      Min. barrier spins =              1
(PID.TID 0000.0001) //     Total barrier spins =        1164576
(PID.TID 0000.0001) //      Avg. barrier spins =       1.00E+00
PROGRAM MAIN: Execution ended Normally
