(PID.TID 0000.0001) 
(PID.TID 0000.0001) // ======================================================
(PID.TID 0000.0001) //                      MITgcm UV
(PID.TID 0000.0001) //                      =========
(PID.TID 0000.0001) // ======================================================
(PID.TID 0000.0001) // execution environment starting up...
(PID.TID 0000.0001) 
(PID.TID 0000.0001) // MITgcmUV version:  checkpoint68j
(PID.TID 0000.0001) // Build user:        mjalabert314
(PID.TID 0000.0001) // Build host:        pod.cnsi.ucsb.edu
(PID.TID 0000.0001) // Build date:        Wed Aug 12 15:46:28 PDT 2026
(PID.TID 0000.0001) 
(PID.TID 0000.0001) // =======================================================
(PID.TID 0000.0001) // Execution Environment parameter file "eedata"
(PID.TID 0000.0001) // =======================================================
(PID.TID 0000.0001) > &EEPARMS
(PID.TID 0000.0001) > nTx=1,
(PID.TID 0000.0001) > nTy=1,
(PID.TID 0000.0001) > /
(PID.TID 0000.0001) >
(PID.TID 0000.0001) 
(PID.TID 0000.0001) // =======================================================
(PID.TID 0000.0001) // Computational Grid Specification ( see files "SIZE.h" )
(PID.TID 0000.0001) //                                  ( and "eedata"       )
(PID.TID 0000.0001) // =======================================================
(PID.TID 0000.0001)      nPx =    2 ; /* No. processes in X */
(PID.TID 0000.0001)      nPy =    2 ; /* No. processes in Y */
(PID.TID 0000.0001)      nSx =    1 ; /* No. tiles in X per process */
(PID.TID 0000.0001)      nSy =    1 ; /* No. tiles in Y per process */
(PID.TID 0000.0001)      sNx =   31 ; /* Tile size in X */
(PID.TID 0000.0001)      sNy =   31 ; /* Tile size in Y */
(PID.TID 0000.0001)      OLx =    2 ; /* Tile overlap distance in X */
(PID.TID 0000.0001)      OLy =    2 ; /* Tile overlap distance in Y */
(PID.TID 0000.0001)      nTx =    1 ; /* No. threads in X per process */
(PID.TID 0000.0001)      nTy =    1 ; /* No. threads in Y per process */
(PID.TID 0000.0001)       Nr =   15 ; /* No. levels in the vertical   */
(PID.TID 0000.0001)       Nx =   62 ; /* Total domain size in X ( = nPx*nSx*sNx ) */
(PID.TID 0000.0001)       Ny =   62 ; /* Total domain size in Y ( = nPy*nSy*sNy ) */
(PID.TID 0000.0001)   nTiles =    1 ; /* Total no. tiles per process ( = nSx*nSy ) */
(PID.TID 0000.0001)   nProcs =    4 ; /* Total no. processes ( = nPx*nPy ) */
(PID.TID 0000.0001) nThreads =    1 ; /* Total no. threads per process ( = nTx*nTy ) */
(PID.TID 0000.0001) usingMPI =    T ; /* Flag used to control whether MPI is in use */
(PID.TID 0000.0001)                   /*  note: To execute a program with MPI calls */
(PID.TID 0000.0001)                   /*  it must be launched appropriately e.g     */
(PID.TID 0000.0001)                   /*  "mpirun -np 64 ......"                    */
(PID.TID 0000.0001) useCoupler=   F ; /* Flag used to control communications with   */
(PID.TID 0000.0001)                   /*  other model components, through a coupler */
(PID.TID 0000.0001) useNest2W_parent =    F ;/* Control 2-W Nesting comm */
(PID.TID 0000.0001) useNest2W_child  =    F ;/* Control 2-W Nesting comm */
(PID.TID 0000.0001) debugMode =    F ; /* print debug msg. (sequence of S/R calls)  */
(PID.TID 0000.0001) printMapIncludesZeros=    F ; /* print zeros in Std.Output maps */
(PID.TID 0000.0001) maxLengthPrt1D=   65 /* maxLength of 1D array printed to StdOut */
(PID.TID 0000.0001) 
(PID.TID 0000.0001) ======= Starting MPI parallel Run =========
(PID.TID 0000.0001)  My Processor Name (len:  6 ) = node64
(PID.TID 0000.0001)  Located at (  0,  0) on processor grid (0:  1,0:  1)
(PID.TID 0000.0001)  Origin at  (     1,     1) on global grid (1:    62,1:    62)
(PID.TID 0000.0001)  North neighbor = processor 0001
(PID.TID 0000.0001)  South neighbor = processor 0001
(PID.TID 0000.0001)   East neighbor = processor 0002
(PID.TID 0000.0001)   West neighbor = processor 0002
(PID.TID 0000.0001) // ======================================================
(PID.TID 0000.0001) // Mapping of tiles to threads
(PID.TID 0000.0001) // ======================================================
(PID.TID 0000.0001) // -o- Thread   1, tiles (   1:   1,   1:   1)
(PID.TID 0000.0001) 
(PID.TID 0000.0001) // ======================================================
(PID.TID 0000.0001) // Tile <-> Tile connectvity table
(PID.TID 0000.0001) // ======================================================
(PID.TID 0000.0001) // Tile number: 000001 (process no. = 000000)
(PID.TID 0000.0001) //        WEST: Tile = 000002, Process = 000002, Comm = messages
(PID.TID 0000.0001) //                bi = 000001, bj = 000001
(PID.TID 0000.0001) //        EAST: Tile = 000002, Process = 000002, Comm = messages
(PID.TID 0000.0001) //                bi = 000001, bj = 000001
(PID.TID 0000.0001) //       SOUTH: Tile = 000003, Process = 000001, Comm = messages
(PID.TID 0000.0001) //                bi = 000001, bj = 000001
(PID.TID 0000.0001) //       NORTH: Tile = 000003, Process = 000001, Comm = messages
(PID.TID 0000.0001) //                bi = 000001, bj = 000001
(PID.TID 0000.0001) 
(PID.TID 0000.0001)  INI_PARMS: opening model parameter file "data"
(PID.TID 0000.0001)  OPEN_COPY_DATA_FILE: opening file data
(PID.TID 0000.0001) // =======================================================
(PID.TID 0000.0001) // Parameter file "data"
(PID.TID 0000.0001) // =======================================================
(PID.TID 0000.0001) ># AF--FNO S0 adjoint: official 1-degree baroclinic-gyre tutorial physics
(PID.TID 0000.0001) > &PARM01
(PID.TID 0000.0001) > viscAh=5000.,
(PID.TID 0000.0001) > viscAr=1.E-2,
(PID.TID 0000.0001) > no_slip_sides=.TRUE.,
(PID.TID 0000.0001) > no_slip_bottom=.FALSE.,
(PID.TID 0000.0001) > diffKhT=1000.,
(PID.TID 0000.0001) > diffKrT=1.E-5,
(PID.TID 0000.0001) > ivdc_kappa=1.,
(PID.TID 0000.0001) > implicitDiffusion=.TRUE.,
(PID.TID 0000.0001) > eosType='LINEAR',
(PID.TID 0000.0001) > tRef=30.,27.,24.,21.,18.,15.,13.,11.,9.,7.,6.,5.,4.,3.,2.,
(PID.TID 0000.0001) > tAlpha=2.E-4,
(PID.TID 0000.0001) > sBeta=0.,
(PID.TID 0000.0001) > rhoNil=999.8,
(PID.TID 0000.0001) > gravity=9.81,
(PID.TID 0000.0001) > rigidLid=.FALSE.,
(PID.TID 0000.0001) > implicitFreeSurface=.TRUE.,
(PID.TID 0000.0001) > exactConserv=.TRUE.,
(PID.TID 0000.0001) > saltStepping=.FALSE.,
(PID.TID 0000.0001) > useSingleCpuIO=.TRUE.,
(PID.TID 0000.0001) > /
(PID.TID 0000.0001) > &PARM02
(PID.TID 0000.0001) > cg2dTargetResidual=1.E-12,
(PID.TID 0000.0001) > cg2dMaxIters=1000,
(PID.TID 0000.0001) > /
(PID.TID 0000.0001) > &PARM03
(PID.TID 0000.0001) > nIter0=3111120,
(PID.TID 0000.0001) > nTimeSteps=720,
(PID.TID 0000.0001) > deltaT=1200.,
(PID.TID 0000.0001) > pChkptFreq=0.0,
(PID.TID 0000.0001) > chkptFreq=0.,
(PID.TID 0000.0001) > dumpFreq=0.,
(PID.TID 0000.0001) > monitorFreq=2592000.,
(PID.TID 0000.0001) > monitorSelect=2,
(PID.TID 0000.0001) > tauThetaClimRelax=2592000.,
(PID.TID 0000.0001) > /
(PID.TID 0000.0001) > &PARM04
(PID.TID 0000.0001) > usingSphericalPolarGrid=.TRUE.,
(PID.TID 0000.0001) > delX=62*1.,
(PID.TID 0000.0001) > delY=62*1.,
(PID.TID 0000.0001) > xgOrigin=-1.,
(PID.TID 0000.0001) > ygOrigin=14.,
(PID.TID 0000.0001) > delR=50.,60.,70.,80.,90.,100.,110.,120.,130.,140.,150.,160.,170.,180.,190.,
(PID.TID 0000.0001) > /
(PID.TID 0000.0001) > &PARM05
(PID.TID 0000.0001) > bathyFile='bathy.bin',
(PID.TID 0000.0001) > zonalWindFile='windx_cosy.bin',
(PID.TID 0000.0001) > thetaClimFile='SST_relax.bin',
(PID.TID 0000.0001) > /
(PID.TID 0000.0001) 
(PID.TID 0000.0001)  INI_PARMS ; starts to read PARM01
(PID.TID 0000.0001)  INI_PARMS ; read PARM01 : OK
(PID.TID 0000.0001)  INI_PARMS ; starts to read PARM02
(PID.TID 0000.0001)  INI_PARMS ; read PARM02 : OK
(PID.TID 0000.0001)  INI_PARMS ; starts to read PARM03
(PID.TID 0000.0001)  INI_PARMS ; read PARM03 : OK
(PID.TID 0000.0001)  INI_PARMS ; starts to read PARM04
(PID.TID 0000.0001)  INI_PARMS ; read PARM04 : OK
(PID.TID 0000.0001)  INI_PARMS ; starts to read PARM05
(PID.TID 0000.0001)  INI_PARMS ; read PARM05 : OK
(PID.TID 0000.0001)  INI_PARMS: finished reading file "data"
(PID.TID 0000.0001)  PACKAGES_BOOT: opening data.pkg
(PID.TID 0000.0001)  OPEN_COPY_DATA_FILE: opening file data.pkg
(PID.TID 0000.0001) // =======================================================
(PID.TID 0000.0001) // Parameter file "data.pkg"
(PID.TID 0000.0001) // =======================================================
(PID.TID 0000.0001) > &PACKAGES
(PID.TID 0000.0001) > useMNC=.FALSE.,
(PID.TID 0000.0001) > useDiagnostics=.TRUE.,
(PID.TID 0000.0001) > useGrdchk=.TRUE.,
(PID.TID 0000.0001) > /
(PID.TID 0000.0001) 
(PID.TID 0000.0001)  PACKAGES_BOOT: finished reading data.pkg
(PID.TID 0000.0001)  PACKAGES_BOOT: On/Off package Summary
 --------  pkgs with a standard "usePKG" On/Off switch in "data.pkg":  --------
 pkg/autodiff             compiled   and   used ( useAUTODIFF              = T )
 pkg/grdchk               compiled   and   used ( useGrdchk                = T )
 pkg/ctrl                 compiled   and   used ( useCTRL                  = T )
 pkg/diagnostics          compiled   and   used ( useDiagnostics           = T )
 -------- pkgs without standard "usePKG" On/Off switch in "data.pkg":  --------
 pkg/generic_advdiff      compiled   and   used ( useGAD                   = T )
 pkg/mom_common           compiled   and   used ( momStepping              = T )
 pkg/mom_vecinv           compiled but not used ( +vectorInvariantMomentum = F )
 pkg/mom_fluxform         compiled   and   used ( & not vectorInvariantMom = T )
 pkg/monitor              compiled   and   used ( monitorFreq > 0.         = T )
 pkg/debug                compiled but not used ( debugMode                = F )
 pkg/rw                   compiled   and   used
 pkg/mdsio                compiled   and   used
 pkg/autodiff             compiled   and   used
 pkg/cost                 compiled   and   used
(PID.TID 0000.0001)  PACKAGES_BOOT: End of package Summary
(PID.TID 0000.0001) 
(PID.TID 0000.0001) AUTODIFF_READPARMS: opening data.autodiff
(PID.TID 0000.0001)  OPEN_COPY_DATA_FILE: opening file data.autodiff
(PID.TID 0000.0001) // =======================================================
(PID.TID 0000.0001) // Parameter file "data.autodiff"
(PID.TID 0000.0001) // =======================================================
(PID.TID 0000.0001) ># AF--FNO adjoint options.
(PID.TID 0000.0001) >#
(PID.TID 0000.0001) ># inAdExact = .TRUE. (the default) requests the exact adjoint with no
(PID.TID 0000.0001) ># approximation.  Do not relax it: the whole point of this dataset is that it
(PID.TID 0000.0001) ># is exact.
(PID.TID 0000.0001) > &AUTODIFF_PARM01
(PID.TID 0000.0001) > inAdExact = .TRUE.,
(PID.TID 0000.0001) > /
(PID.TID 0000.0001) 
(PID.TID 0000.0001) AUTODIFF_READPARMS: finished reading data.autodiff
(PID.TID 0000.0001) // ===================================
(PID.TID 0000.0001) // AUTODIFF parameters :
(PID.TID 0000.0001) // ===================================
(PID.TID 0000.0001) inAdExact = /* get an exact adjoint (no approximation) */
(PID.TID 0000.0001)                   T
(PID.TID 0000.0001)     ;
(PID.TID 0000.0001) useApproxAdvectionInAdMode = /* approximate AD-advection */
(PID.TID 0000.0001)                   F
(PID.TID 0000.0001)     ;
(PID.TID 0000.0001) cg2dFullAdjoint = /* use full hand written cg2d adjoint (no approximation) */
(PID.TID 0000.0001)                   F
(PID.TID 0000.0001)     ;
(PID.TID 0000.0001) useKPPinAdMode = /* use KPP in adjoint mode */
(PID.TID 0000.0001)                   F
(PID.TID 0000.0001)     ;
(PID.TID 0000.0001) useGMRediInAdMode = /* use GMRedi in adjoint mode */
(PID.TID 0000.0001)                   F
(PID.TID 0000.0001)     ;
(PID.TID 0000.0001) useSEAICEinAdMode = /* use SEAICE in adjoint mode */
(PID.TID 0000.0001)                   F
(PID.TID 0000.0001)     ;
(PID.TID 0000.0001) useGGL90inAdMode = /* use GGL90 in adjoint mode */
(PID.TID 0000.0001)                   F
(PID.TID 0000.0001)     ;
(PID.TID 0000.0001) useSALT_PLUMEinAdMode = /* use SALT_PLUME in adjoint mode */
(PID.TID 0000.0001)                   F
(PID.TID 0000.0001)     ;
(PID.TID 0000.0001) dumpAdVarExch = /* control adexch before dumpinp */
(PID.TID 0000.0001)                       2
(PID.TID 0000.0001)     ;
(PID.TID 0000.0001) mon_AdVarExch = /* control adexch before monitor */
(PID.TID 0000.0001)                       2
(PID.TID 0000.0001)     ;
(PID.TID 0000.0001) viscFacInFw = /* viscosity factor for forward model */
(PID.TID 0000.0001)                 1.000000000000000E+00
(PID.TID 0000.0001)     ;
(PID.TID 0000.0001) viscFacInAd = /* viscosity factor for adjoint */
(PID.TID 0000.0001)                 1.000000000000000E+00
(PID.TID 0000.0001)     ;
(PID.TID 0000.0001) SIregFacInAd = /* sea ice factor for adjoint model */
(PID.TID 0000.0001)                 1.234567000000000E+05
(PID.TID 0000.0001)     ;
(PID.TID 0000.0001) SIregFacInFw = /* sea ice factor for forward model */
(PID.TID 0000.0001)                 1.234567000000000E+05
(PID.TID 0000.0001)     ;
(PID.TID 0000.0001) 
(PID.TID 0000.0001) OPTIM_READPARMS: opening data.optim
(PID.TID 0000.0001)  OPEN_COPY_DATA_FILE: opening file data.optim
(PID.TID 0000.0001) // =======================================================
(PID.TID 0000.0001) // Parameter file "data.optim"
(PID.TID 0000.0001) // =======================================================
(PID.TID 0000.0001) ># AF--FNO adjoint optimisation cycle.
(PID.TID 0000.0001) >#
(PID.TID 0000.0001) ># optimcycle = 0 fixes the control filename to xx_etan.0000000000.data and the
(PID.TID 0000.0001) ># gradient to adxx_etan.0000000000.data.  There is no optimisation here: this
(PID.TID 0000.0001) ># is a pure sensitivity calculation, one cycle only.
(PID.TID 0000.0001) > &OPTIM
(PID.TID 0000.0001) > optimcycle = 0,
(PID.TID 0000.0001) > /
(PID.TID 0000.0001) 
(PID.TID 0000.0001) OPTIM_READPARMS: finished reading data.optim
(PID.TID 0000.0001) CTRL_READPARMS: opening data.ctrl
(PID.TID 0000.0001)  OPEN_COPY_DATA_FILE: opening file data.ctrl
(PID.TID 0000.0001) // =======================================================
(PID.TID 0000.0001) // Parameter file "data.ctrl"
(PID.TID 0000.0001) // =======================================================
(PID.TID 0000.0001) ># AF--FNO adjoint control variables.
(PID.TID 0000.0001) >#
(PID.TID 0000.0001) ># The single control is the initial sea surface height, enabled by
(PID.TID 0000.0001) ># ALLOW_GENARR2D_CONTROL in code_ad/CTRL_OPTIONS.h.
(PID.TID 0000.0001) >#
(PID.TID 0000.0001) ># NOT ALLOW_ETAN0_CONTROL: in c68j every block of that flag lives inside
(PID.TID 0000.0001) ># #ifdef ECCO_CTRL_DEPRECATED, which is defined nowhere, so CTRL_MAP_INI
(PID.TID 0000.0001) ># compiles to an empty subroutine and the adjoint comes back identically zero.
(PID.TID 0000.0001) ># The generic-array path is the live one.
(PID.TID 0000.0001) >#
(PID.TID 0000.0001) ># ctrl_map_ini_genarr.F keys on the first 7 characters of xx_genarr2d_file, so
(PID.TID 0000.0001) ># the name must start with 'xx_etan'; it then calls
(PID.TID 0000.0001) ># CTRL_MAP_GENARR2D( etaN, ... ), which ACTIVE_READ_XY's
(PID.TID 0000.0001) ># xx_etan.<optimcycle> against xx_genarr2d_dummy(1) and adds it to etaN,
(PID.TID 0000.0001) ># masked by the surface maskC.  etaH follows through UPDATE_ETAH.
(PID.TID 0000.0001) >#
(PID.TID 0000.0001) ># xx_genarr2d_weight must be non-blank or ctrl_init.F:807 never registers the
(PID.TID 0000.0001) ># control and ctrl_map_ini_genarr.F:117 never matches it -- a blank weight is a
(PID.TID 0000.0001) ># second, quieter way to get a zero adjoint.  The named file is read
(PID.TID 0000.0001) ># unconditionally by READ_REC_3D_RL at ctrlprec (= 64, big-endian float64).
(PID.TID 0000.0001) >#
(PID.TID 0000.0001) ># 'noscaling' is REQUIRED for ground truth.  Without it ctrl_map_genarr.F:142
(PID.TID 0000.0001) ># divides the control by SQRT(wgenarr2d), which rescales the returned gradient
(PID.TID 0000.0001) ># by the same factor.  With it, fld = fld + xx_gen*mask and the gradient is
(PID.TID 0000.0001) ># dJ/deta in metres per metre, unscaled.  wetan_ones.bin then only has to be
(PID.TID 0000.0001) ># positive; it is staged as exact ones by scripts/stage_adjoint_run.py.
(PID.TID 0000.0001) >#
(PID.TID 0000.0001) ># xx_genarr2d_bounds is left at its default of all zeros: CTRL_BOUND_2D is a
(PID.TID 0000.0001) ># no-op unless boundsVec(1) < boundsVec(4).
(PID.TID 0000.0001) >#
(PID.TID 0000.0001) ># The gradient comes back as adxx_etan.<optimcycle>.data, 62x62.
(PID.TID 0000.0001) > &CTRL_NML
(PID.TID 0000.0001) > /
(PID.TID 0000.0001) >#
(PID.TID 0000.0001) ># names for ctrl_pack / ctrl_unpack
(PID.TID 0000.0001) > &CTRL_PACKNAMES
(PID.TID 0000.0001) > /
(PID.TID 0000.0001) >#
(PID.TID 0000.0001) ># the generic 2-D control: initial etaN
(PID.TID 0000.0001) > &CTRL_NML_GENARR
(PID.TID 0000.0001) > xx_genarr2d_file(1)      = 'xx_etan',
(PID.TID 0000.0001) > xx_genarr2d_weight(1)    = 'wetan_ones.bin',
(PID.TID 0000.0001) > xx_genarr2d_preproc(1,1) = 'noscaling',
(PID.TID 0000.0001) > /
(PID.TID 0000.0001) 
(PID.TID 0000.0001) CTRL_READPARMS: finished reading data.ctrl
(PID.TID 0000.0001) COST_READPARMS: opening data.cost
(PID.TID 0000.0001)  OPEN_COPY_DATA_FILE: opening file data.cost
(PID.TID 0000.0001) // =======================================================
(PID.TID 0000.0001) // Parameter file "data.cost"
(PID.TID 0000.0001) // =======================================================
(PID.TID 0000.0001) ># AF--FNO adjoint cost function.
(PID.TID 0000.0001) >#
(PID.TID 0000.0001) ># mult_test = 1. exactly, so fc = J and adxx_etan = dJ/deta with no rescaling.
(PID.TID 0000.0001) >#
(PID.TID 0000.0001) ># afCostWeightFile names the runtime weight field w that defines the quantity
(PID.TID 0000.0001) ># of interest:  J = sum_ij w_ij * etaN_ij(T).  Built by
(PID.TID 0000.0001) ># scripts/make_cost_weight.py, 62x62 big-endian float32.
(PID.TID 0000.0001) >#
(PID.TID 0000.0001) >#   costWeight_ssh_anomaly.bin  SSH anomaly at p* = (i=2, j=17)   <- production
(PID.TID 0000.0001) >#   costWeight_mean_only.bin    area-weighted wet mean alone      <- gate G3
(PID.TID 0000.0001) >#   costWeight_point_only.bin   bare point value at p*            <- diagnostic
(PID.TID 0000.0001) >#
(PID.TID 0000.0001) ># Changing the target cell or the functional means staging a different file
(PID.TID 0000.0001) ># here.  It never requires a rebuild, and so never a new TAF submission.
(PID.TID 0000.0001) > &COST_NML
(PID.TID 0000.0001) > mult_test        = 1.,
(PID.TID 0000.0001) > afCostWeightFile = 'costWeight.bin',
(PID.TID 0000.0001) > /
(PID.TID 0000.0001) 
(PID.TID 0000.0001) COST_READPARMS: finished reading data.cost
(PID.TID 0000.0001) GRDCHK_READPARMS: opening data.grdchk
(PID.TID 0000.0001)  OPEN_COPY_DATA_FILE: opening file data.grdchk
(PID.TID 0000.0001) // =======================================================
(PID.TID 0000.0001) // Parameter file "data.grdchk"
(PID.TID 0000.0001) // =======================================================
(PID.TID 0000.0001) ># AF--FNO adjoint gradient check -- Stage 7, acceptance gate G1.
(PID.TID 0000.0001) >#
(PID.TID 0000.0001) ># Requires useGrdchk=.TRUE. in data.pkg.  grdchk perturbs one control element
(PID.TID 0000.0001) ># by +/- grdchk_eps, runs the forward model twice, and compares the centred
(PID.TID 0000.0001) ># finite difference against the adjoint gradient.  This is the only thing
(PID.TID 0000.0001) ># standing between "a 62x62 array of plausible numbers" and ground truth.
(PID.TID 0000.0001) >#
(PID.TID 0000.0001) ># grdchkvarindex = 100 + iarr selects the iarr-th generic 2-D control, so 101
(PID.TID 0000.0001) ># is xx_genarr2d_file(1) = 'xx_etan' (ctrl_init.F:807 registers it as
(PID.TID 0000.0001) ># 100+iarr / 200+iarr, grdchk_getxx.F:614 accepts the range).
(PID.TID 0000.0001) >#
(PID.TID 0000.0001) ># NOT 29.  That index belongs to ALLOW_ETAN0_CONTROL, whose entire
(PID.TID 0000.0001) ># implementation is inside #ifdef ECCO_CTRL_DEPRECATED and is not compiled --
(PID.TID 0000.0001) ># see the note in code_ad/CTRL_OPTIONS.h.
(PID.TID 0000.0001) >#
(PID.TID 0000.0001) ># iGloPos / jGloPos are TILE-LOCAL positions (grdchk_get_position.F:81 sets
(PID.TID 0000.0001) ># itilepos = iGloPos, and grdchk_readparms.F:116 rejects iGloPos > sNx).  With
(PID.TID 0000.0001) ># sNx = sNy = 31 on a 2x2 decomposition the tiles cover:
(PID.TID 0000.0001) >#
(PID.TID 0000.0001) >#     iGloTile=1, jGloTile=1  ->  global i=1..31,  j=1..31
(PID.TID 0000.0001) >#     iGloTile=2, jGloTile=1  ->  global i=32..62, j=1..31
(PID.TID 0000.0001) >#     iGloTile=1, jGloTile=2  ->  global i=1..31,  j=32..62
(PID.TID 0000.0001) >#     iGloTile=2, jGloTile=2  ->  global i=32..62, j=32..62
(PID.TID 0000.0001) >#
(PID.TID 0000.0001) ># so global (i,j) in tile (1,1) is simply (iGloPos, jGloPos) = (i, j).
(PID.TID 0000.0001) >#
(PID.TID 0000.0001) ># The settings below are test point 1 of the plan's eight: p* itself,
(PID.TID 0000.0001) ># global (i=2, j=17), the self-sensitivity and the largest value on the map.
(PID.TID 0000.0001) ># Sweep grdchk_eps over {1e-3, 1e-4, 1e-5, 1e-6} and look for the plateau --
(PID.TID 0000.0001) ># a single epsilon agreeing is weak evidence, the plateau is strong evidence.
(PID.TID 0000.0001) >#
(PID.TID 0000.0001) ># The remaining seven points (plan section 8):
(PID.TID 0000.0001) >#   2-3  upstream in the boundary current   (i=2, j=14) and (i=2, j=11)
(PID.TID 0000.0001) >#   4    offshore of the current            (i=4, j=17)
(PID.TID 0000.0001) >#   5    mid-basin interior                 (i=31, j=17) -> tile (1,1) local (31,17)
(PID.TID 0000.0001) >#   6    eastern boundary                   (i=61, j=17) -> tile (2,1) local (30,17)
(PID.TID 0000.0001) >#   7    a convecting column                to be identified from the forward run
(PID.TID 0000.0001) >#
(PID.TID 0000.0001) ># nbeg MUST be 0.  grdchk_main.F:213 calls GRDCHK_GET_POSITION only when
(PID.TID 0000.0001) ># nbeg .EQ. 0; with any other value iGloPos/jGloPos are ignored entirely and
(PID.TID 0000.0001) ># icomp indexes the packed control vector directly, so nbeg=1 silently tests
(PID.TID 0000.0001) ># the FIRST WET CELL (i=2, j=2) no matter what position is requested here.
(PID.TID 0000.0001) ># GRDCHK_GET_POSITION then counts wet cells up to the requested position, sets
(PID.TID 0000.0001) ># nbeg to that count, and does nend = nbeg + nend -- so the namelist nend is an
(PID.TID 0000.0001) ># OFFSET, not an absolute index.  nend = 0 means exactly one test point.
(PID.TID 0000.0001) >#
(PID.TID 0000.0001) ># The land cell of the plan's eight-point table is not reachable from here:
(PID.TID 0000.0001) ># GRDCHK_GET_POSITION only ever lands on cells with wetlocal .NE. 0.  Land is
(PID.TID 0000.0001) ># covered by gate G4 on the extracted map instead, which is the stronger
(PID.TID 0000.0001) ># statement anyway (all 244 land cells, not one).
(PID.TID 0000.0001) > &GRDCHK_NML
(PID.TID 0000.0001) > grdchk_eps     = 1.d-5,
(PID.TID 0000.0001) > grdchkvarindex = 101,
(PID.TID 0000.0001) > useCentralDiff = .TRUE.,
(PID.TID 0000.0001) > iGloPos        = 31,
(PID.TID 0000.0001) > jGloPos        = 17,
(PID.TID 0000.0001) > kGloPos        = 1,
(PID.TID 0000.0001) > iGloTile       = 1,
(PID.TID 0000.0001) > jGloTile       = 1,
(PID.TID 0000.0001) > nbeg           = 0,
(PID.TID 0000.0001) > nstep          = 1,
(PID.TID 0000.0001) > nend           = 0,
(PID.TID 0000.0001) > /
(PID.TID 0000.0001) 
(PID.TID 0000.0001) GRDCHK_READPARMS: finished reading data.grdchk
(PID.TID 0000.0001) 
(PID.TID 0000.0001) // =======================================================
(PID.TID 0000.0001) // Gradient check configuration  >>> START <<<
(PID.TID 0000.0001) // =======================================================
(PID.TID 0000.0001) 
(PID.TID 0000.0001)   grdchkvarindex :                        101
(PID.TID 0000.0001)   eps:                              0.100E-04
(PID.TID 0000.0001)   First location:                           0
(PID.TID 0000.0001)   Last location:                            0
(PID.TID 0000.0001)   Increment:                                1
(PID.TID 0000.0001)   grdchkWhichProc:                          0
(PID.TID 0000.0001)   iLocTile =       1  ,    jLocTile =       1
(PID.TID 0000.0001) 
(PID.TID 0000.0001) // =======================================================
(PID.TID 0000.0001) // Gradient check configuration  >>> END <<<
(PID.TID 0000.0001) // =======================================================
(PID.TID 0000.0001) 
(PID.TID 0000.0001)  DIAGNOSTICS_READPARMS: opening data.diagnostics
(PID.TID 0000.0001)  OPEN_COPY_DATA_FILE: opening file data.diagnostics
(PID.TID 0000.0001) // =======================================================
(PID.TID 0000.0001) // Parameter file "data.diagnostics"
(PID.TID 0000.0001) // =======================================================
(PID.TID 0000.0001) > &DIAGNOSTICS_LIST
(PID.TID 0000.0001) > dumpAtLast=.FALSE.,
(PID.TID 0000.0001) > diag_mnc=.FALSE.,
(PID.TID 0000.0001) > fields(1:3,1)='UVEL    ','VVEL    ','THETA   ',
(PID.TID 0000.0001) > fileName(1)='dynState',
(PID.TID 0000.0001) > frequency(1)=-86400.,
(PID.TID 0000.0001) > timePhase(1)=0.,
(PID.TID 0000.0001) > fileFlags(1)='R       ',
(PID.TID 0000.0001) > fields(1,2)='ETAN    ',
(PID.TID 0000.0001) > fileName(2)='surfState',
(PID.TID 0000.0001) > frequency(2)=-86400.,
(PID.TID 0000.0001) > timePhase(2)=0.,
(PID.TID 0000.0001) > fileFlags(2)='R       ',
(PID.TID 0000.0001) > /
(PID.TID 0000.0001) > &DIAG_STATIS_PARMS
(PID.TID 0000.0001) > /
(PID.TID 0000.0001) >
(PID.TID 0000.0001) 
(PID.TID 0000.0001) S/R DIAGNOSTICS_READPARMS, read namelist "diagnostics_list": start
(PID.TID 0000.0001) S/R DIAGNOSTICS_READPARMS, read namelist "diagnostics_list": OK
(PID.TID 0000.0001) S/R DIAGNOSTICS_READPARMS, read namelist "DIAG_STATIS_PARMS": start
(PID.TID 0000.0001) S/R DIAGNOSTICS_READPARMS, read namelist "DIAG_STATIS_PARMS": OK
(PID.TID 0000.0001)  DIAGNOSTICS_READPARMS: global parameter summary:
(PID.TID 0000.0001)  dumpAtLast = /* always write time-ave diags at the end */
(PID.TID 0000.0001)                   F
(PID.TID 0000.0001)     ;
(PID.TID 0000.0001)  diag_mnc =   /* write NetCDF output files */
(PID.TID 0000.0001)                   F
(PID.TID 0000.0001)     ;
(PID.TID 0000.0001)  useMissingValue = /* put MissingValue where mask = 0 */
(PID.TID 0000.0001)                   F
(PID.TID 0000.0001)     ;
(PID.TID 0000.0001)  diagCG_maxIters = /* max number of iters in diag_cg2d */
(PID.TID 0000.0001)                    1000
(PID.TID 0000.0001)     ;
(PID.TID 0000.0001)  diagCG_resTarget = /* residual target for diag_cg2d */
(PID.TID 0000.0001)                 1.000000000000000E-12
(PID.TID 0000.0001)     ;
(PID.TID 0000.0001)  diagCG_pcOffDFac = /* preconditioner off-diagonal factor */
(PID.TID 0000.0001)                 9.611687812379854E-01
(PID.TID 0000.0001)     ;
(PID.TID 0000.0001) -----------------------------------------------------
(PID.TID 0000.0001)  DIAGNOSTICS_READPARMS: active diagnostics summary:
(PID.TID 0000.0001) -----------------------------------------------------
(PID.TID 0000.0001) Creating Output Stream: dynState
(PID.TID 0000.0001) Output Frequency:     -86400.000000 ; Phase:           0.000000
(PID.TID 0000.0001)  Averaging Freq.:          0.000000 , Phase:           0.000000 , Cycle:   1
(PID.TID 0000.0001)  missing value: -9.990000000000E+02 ; F-Flags="R       "
(PID.TID 0000.0001)  Levels:    will be set later
(PID.TID 0000.0001)  Fields:    UVEL     VVEL     THETA
(PID.TID 0000.0001) Creating Output Stream: surfState
(PID.TID 0000.0001) Output Frequency:     -86400.000000 ; Phase:           0.000000
(PID.TID 0000.0001)  Averaging Freq.:          0.000000 , Phase:           0.000000 , Cycle:   1
(PID.TID 0000.0001)  missing value: -9.990000000000E+02 ; F-Flags="R       "
(PID.TID 0000.0001)  Levels:    will be set later
(PID.TID 0000.0001)  Fields:    ETAN
(PID.TID 0000.0001) -----------------------------------------------------
(PID.TID 0000.0001)  DIAGNOSTICS_READPARMS: statistics diags. summary:
(PID.TID 0000.0001) -----------------------------------------------------
(PID.TID 0000.0001) 
(PID.TID 0000.0001) SET_PARMS: done
(PID.TID 0000.0001) Enter INI_VERTICAL_GRID: setInterFDr=    T ; setCenterDr=    F
(PID.TID 0000.0001) %MON XC_max                       =   6.0500000000000E+01
(PID.TID 0000.0001) %MON XC_min                       =  -5.0000000000000E-01
(PID.TID 0000.0001) %MON XC_mean                      =   3.0000000000000E+01
(PID.TID 0000.0001) %MON XC_sd                        =   1.7895530168173E+01
(PID.TID 0000.0001) %MON XG_max                       =   6.0000000000000E+01
(PID.TID 0000.0001) %MON XG_min                       =  -1.0000000000000E+00
(PID.TID 0000.0001) %MON XG_mean                      =   2.9500000000000E+01
(PID.TID 0000.0001) %MON XG_sd                        =   1.7895530168173E+01
(PID.TID 0000.0001) %MON DXC_max                      =   1.0763620848898E+05
(PID.TID 0000.0001) %MON DXC_min                      =   2.7836616228646E+04
(PID.TID 0000.0001) %MON DXC_mean                     =   7.4835486957243E+04
(PID.TID 0000.0001) %MON DXC_sd                       =   2.4080389995677E+04
(PID.TID 0000.0001) %MON DXF_max                      =   1.0763620848898E+05
(PID.TID 0000.0001) %MON DXF_min                      =   2.7836616228646E+04
(PID.TID 0000.0001) %MON DXF_mean                     =   7.4835486957243E+04
(PID.TID 0000.0001) %MON DXF_sd                       =   2.4080389995677E+04
(PID.TID 0000.0001) %MON DXG_max                      =   1.0787502725165E+05
(PID.TID 0000.0001) %MON DXG_min                      =   2.8774847489886E+04
(PID.TID 0000.0001) %MON DXG_mean                     =   7.5485691984679E+04
(PID.TID 0000.0001) %MON DXG_sd                       =   2.3877575243700E+04
(PID.TID 0000.0001) %MON DXV_max                      =   1.0787502725165E+05
(PID.TID 0000.0001) %MON DXV_min                      =   2.8774847489886E+04
(PID.TID 0000.0001) %MON DXV_mean                     =   7.5485691984679E+04
(PID.TID 0000.0001) %MON DXV_sd                       =   2.3877575243700E+04
(PID.TID 0000.0001) %MON YC_max                       =   7.5500000000000E+01
(PID.TID 0000.0001) %MON YC_min                       =   1.4500000000000E+01
(PID.TID 0000.0001) %MON YC_mean                      =   4.5000000000000E+01
(PID.TID 0000.0001) %MON YC_sd                        =   1.7895530168173E+01
(PID.TID 0000.0001) %MON YG_max                       =   7.5000000000000E+01
(PID.TID 0000.0001) %MON YG_min                       =   1.4000000000000E+01
(PID.TID 0000.0001) %MON YG_mean                      =   4.4500000000000E+01
(PID.TID 0000.0001) %MON YG_sd                        =   1.7895530168173E+01
(PID.TID 0000.0001) %MON DYC_max                      =   1.1117747335204E+05
(PID.TID 0000.0001) %MON DYC_min                      =   1.1117747335204E+05
(PID.TID 0000.0001) %MON DYC_mean                     =   1.1117747335204E+05
(PID.TID 0000.0001) %MON DYC_sd                       =   1.6298145055771E-09
(PID.TID 0000.0001) %MON DYF_max                      =   1.1117747335204E+05
(PID.TID 0000.0001) %MON DYF_min                      =   1.1117747335204E+05
(PID.TID 0000.0001) %MON DYF_mean                     =   1.1117747335204E+05
(PID.TID 0000.0001) %MON DYF_sd                       =   1.6298145055771E-09
(PID.TID 0000.0001) %MON DYG_max                      =   1.1117747335204E+05
(PID.TID 0000.0001) %MON DYG_min                      =   1.1117747335204E+05
(PID.TID 0000.0001) %MON DYG_mean                     =   1.1117747335204E+05
(PID.TID 0000.0001) %MON DYG_sd                       =   1.6298145055771E-09
(PID.TID 0000.0001) %MON DYU_max                      =   1.1117747335204E+05
(PID.TID 0000.0001) %MON DYU_min                      =   1.1117747335204E+05
(PID.TID 0000.0001) %MON DYU_mean                     =   1.1117747335204E+05
(PID.TID 0000.0001) %MON DYU_sd                       =   1.6298145055771E-09
(PID.TID 0000.0001) %MON RA_max                       =   1.1966569815247E+10
(PID.TID 0000.0001) %MON RA_min                       =   3.0947653786454E+09
(PID.TID 0000.0001) %MON RA_mean                      =   8.3199147564140E+09
(PID.TID 0000.0001) %MON RA_sd                        =   2.6771629371464E+09
(PID.TID 0000.0001) %MON RAW_max                      =   1.1966569815247E+10
(PID.TID 0000.0001) %MON RAW_min                      =   3.0947653786454E+09
(PID.TID 0000.0001) %MON RAW_mean                     =   8.3199147564140E+09
(PID.TID 0000.0001) %MON RAW_sd                       =   2.6771629371464E+09
(PID.TID 0000.0001) %MON RAS_max                      =   1.1993120744872E+10
(PID.TID 0000.0001) %MON RAS_min                      =   3.1990742357493E+09
(PID.TID 0000.0001) %MON RAS_mean                     =   8.3922019910189E+09
(PID.TID 0000.0001) %MON RAS_sd                       =   2.6546147916555E+09
(PID.TID 0000.0001) %MON RAZ_max                      =   1.1993120744872E+10
(PID.TID 0000.0001) %MON RAZ_min                      =   3.1990742357493E+09
(PID.TID 0000.0001) %MON RAZ_mean                     =   8.3922019910189E+09
(PID.TID 0000.0001) %MON RAZ_sd                       =   2.6546147916555E+09
(PID.TID 0000.0001) %MON AngleCS_max                  =   1.0000000000000E+00
(PID.TID 0000.0001) %MON AngleCS_min                  =   1.0000000000000E+00
(PID.TID 0000.0001) %MON AngleCS_mean                 =   1.0000000000000E+00
(PID.TID 0000.0001) %MON AngleCS_sd                   =   0.0000000000000E+00
(PID.TID 0000.0001) %MON AngleSN_max                  =   0.0000000000000E+00
(PID.TID 0000.0001) %MON AngleSN_min                  =   0.0000000000000E+00
(PID.TID 0000.0001) %MON AngleSN_mean                 =   0.0000000000000E+00
(PID.TID 0000.0001) %MON AngleSN_sd                   =   0.0000000000000E+00
(PID.TID 0000.0001) GAD_INIT_FIXED: GAD_OlMinSize=  1  0  1
(PID.TID 0000.0001) 
(PID.TID 0000.0001) // ===================================
(PID.TID 0000.0001) // GAD parameters :
(PID.TID 0000.0001) // ===================================
(PID.TID 0000.0001) tempAdvScheme =   /* Temp. Horiz.Advection scheme selector */
(PID.TID 0000.0001)                       2
(PID.TID 0000.0001)     ;
(PID.TID 0000.0001) tempVertAdvScheme =   /* Temp. Vert. Advection scheme selector */
(PID.TID 0000.0001)                       2
(PID.TID 0000.0001)     ;
(PID.TID 0000.0001) tempMultiDimAdvec =   /* use Muti-Dim Advec method for Temp */
(PID.TID 0000.0001)                   F
(PID.TID 0000.0001)     ;
(PID.TID 0000.0001) tempSOM_Advection = /* use 2nd Order Moment Advection for Temp */
(PID.TID 0000.0001)                   F
(PID.TID 0000.0001)     ;
(PID.TID 0000.0001) AdamsBashforthGt = /* apply Adams-Bashforth extrapolation on Gt */
(PID.TID 0000.0001)                   T
(PID.TID 0000.0001)     ;
(PID.TID 0000.0001) AdamsBashforth_T = /* apply Adams-Bashforth extrapolation on Temp */
(PID.TID 0000.0001)                   F
(PID.TID 0000.0001)     ;
(PID.TID 0000.0001) saltAdvScheme =   /* Salt. Horiz.advection scheme selector */
(PID.TID 0000.0001)                       2
(PID.TID 0000.0001)     ;
(PID.TID 0000.0001) saltVertAdvScheme =   /* Salt. Vert. Advection scheme selector */
(PID.TID 0000.0001)                       2
(PID.TID 0000.0001)     ;
(PID.TID 0000.0001) saltMultiDimAdvec =   /* use Muti-Dim Advec method for Salt */
(PID.TID 0000.0001)                   F
(PID.TID 0000.0001)     ;
(PID.TID 0000.0001) saltSOM_Advection = /* use 2nd Order Moment Advection for Salt */
(PID.TID 0000.0001)                   F
(PID.TID 0000.0001)     ;
(PID.TID 0000.0001) AdamsBashforthGs = /* apply Adams-Bashforth extrapolation on Gs */
(PID.TID 0000.0001)                   F
(PID.TID 0000.0001)     ;
(PID.TID 0000.0001) AdamsBashforth_S = /* apply Adams-Bashforth extrapolation on Salt */
(PID.TID 0000.0001)                   F
(PID.TID 0000.0001)     ;
(PID.TID 0000.0001) // ===================================
(PID.TID 0000.0001) ctrl-wet 1:    nvarlength =          900
(PID.TID 0000.0001) ctrl-wet 2: surface wet C =          900
(PID.TID 0000.0001) ctrl-wet 3: surface wet W =          870
(PID.TID 0000.0001) ctrl-wet 4: surface wet S =          870
(PID.TID 0000.0001) ctrl-wet 4a:surface wet V =            0
(PID.TID 0000.0001) ctrl-wet 5: 3D wet points =        13500
(PID.TID 0000.0001) ctrl-wet 6: no recs for i =     1           0
(PID.TID 0000.0001) ctrl-wet 6: no recs for i =     2           0
(PID.TID 0000.0001) ctrl-wet 6: no recs for i =     3           0
(PID.TID 0000.0001) ctrl-wet 6: no recs for i =     4           0
(PID.TID 0000.0001) ctrl-wet 6: no recs for i =     5           0
(PID.TID 0000.0001) ctrl-wet 6: no recs for i =     6           0
(PID.TID 0000.0001) ctrl-wet 6: no recs for i =     7           0
(PID.TID 0000.0001) ctrl-wet 6: no recs for i =     8           0
(PID.TID 0000.0001) ctrl-wet 6: no recs for i =     9           0
(PID.TID 0000.0001) ctrl-wet 6: no recs for i =    10           0
(PID.TID 0000.0001) ctrl-wet 6: no recs for i =    11           0
(PID.TID 0000.0001) ctrl-wet 6: no recs for i =    12           0
(PID.TID 0000.0001) ctrl-wet 6: no recs for i =    13           0
(PID.TID 0000.0001) ctrl-wet 6: no recs for i =    14           0
(PID.TID 0000.0001) ctrl-wet 6: no recs for i =    15           0
(PID.TID 0000.0001) ctrl-wet 6: no recs for i =    16           0
(PID.TID 0000.0001) ctrl-wet 6: no recs for i =    17           0
(PID.TID 0000.0001) ctrl-wet 6: no recs for i =    18           0
(PID.TID 0000.0001) ctrl-wet 6: no recs for i =    19           0
(PID.TID 0000.0001) ctrl-wet 6: no recs for i =    20           0
(PID.TID 0000.0001) ctrl-wet 6: no recs for i =    21           0
(PID.TID 0000.0001) ctrl-wet 6: no recs for i =    22           0
(PID.TID 0000.0001) ctrl-wet 6: no recs for i =    23           0
(PID.TID 0000.0001) ctrl-wet 6: no recs for i =    24           0
(PID.TID 0000.0001) ctrl-wet 6: no recs for i =    25           0
(PID.TID 0000.0001) ctrl-wet 6: no recs for i =    26           0
(PID.TID 0000.0001) ctrl-wet 6: no recs for i =    27           0
(PID.TID 0000.0001) ctrl-wet 6: no recs for i =    28           0
(PID.TID 0000.0001) ctrl-wet 6: no recs for i =    29           0
(PID.TID 0000.0001) ctrl-wet 6: no recs for i =    30           0
(PID.TID 0000.0001) ctrl-wet 6: no recs for i =    31           0
(PID.TID 0000.0001) ctrl-wet 6: no recs for i =    32           0
(PID.TID 0000.0001) ctrl-wet 6: no recs for i =    33           0
(PID.TID 0000.0001) ctrl-wet 6: no recs for i =    34           0
(PID.TID 0000.0001) ctrl-wet 6: no recs for i =    35           0
(PID.TID 0000.0001) ctrl-wet 6: no recs for i =    36           0
(PID.TID 0000.0001) ctrl-wet 6: no recs for i =    37           0
(PID.TID 0000.0001) ctrl-wet 6: no recs for i =    38           0
(PID.TID 0000.0001) ctrl-wet 6: no recs for i =    39           0
(PID.TID 0000.0001) ctrl-wet 6: no recs for i =    40           0
(PID.TID 0000.0001) ctrl-wet 6: no recs for i =    41           0
(PID.TID 0000.0001) ctrl-wet 6: no recs for i =    42           0
(PID.TID 0000.0001) ctrl-wet 6: no recs for i =    43           0
(PID.TID 0000.0001) ctrl-wet 6: no recs for i =    44           0
(PID.TID 0000.0001) ctrl-wet 6: no recs for i =    45           0
(PID.TID 0000.0001) ctrl-wet 6: no recs for i =    46           0
(PID.TID 0000.0001) ctrl-wet 6: no recs for i =    47           0
(PID.TID 0000.0001) ctrl-wet 6: no recs for i =    48           0
(PID.TID 0000.0001) ctrl-wet 6: no recs for i =    49           0
(PID.TID 0000.0001) ctrl-wet 6: no recs for i =    50           0
(PID.TID 0000.0001) ctrl-wet 6: no recs for i =    51           0
(PID.TID 0000.0001) ctrl-wet 6: no recs for i =    52           0
(PID.TID 0000.0001) ctrl-wet 6: no recs for i =    53           0
(PID.TID 0000.0001) ctrl-wet 6: no recs for i =    54           0
(PID.TID 0000.0001) ctrl-wet 6: no recs for i =    55           0
(PID.TID 0000.0001) ctrl-wet 6: no recs for i =    56           0
(PID.TID 0000.0001) ctrl-wet 6: no recs for i =    57           0
(PID.TID 0000.0001) ctrl-wet 6: no recs for i =    58           0
(PID.TID 0000.0001) ctrl-wet 6: no recs for i =    59           0
(PID.TID 0000.0001) ctrl-wet 6: no recs for i =    60           0
(PID.TID 0000.0001) ctrl-wet 6: no recs for i =    61           0
(PID.TID 0000.0001) ctrl-wet 6: no recs for i =    62           0
(PID.TID 0000.0001) ctrl-wet 6: no recs for i =    63           0
(PID.TID 0000.0001) ctrl-wet 6: no recs for i =    64           0
(PID.TID 0000.0001) ctrl-wet 6: no recs for i =    65           0
(PID.TID 0000.0001) ctrl-wet 6: no recs for i =    66           0
(PID.TID 0000.0001) ctrl-wet 6: no recs for i =    67           0
(PID.TID 0000.0001) ctrl-wet 6: no recs for i =    68           0
(PID.TID 0000.0001) ctrl-wet 6: no recs for i =    69           0
(PID.TID 0000.0001) ctrl-wet 6: no recs for i =    70           0
(PID.TID 0000.0001) ctrl-wet 6: no recs for i =    71           0
(PID.TID 0000.0001) ctrl-wet 6: no recs for i =    72           0
(PID.TID 0000.0001) ctrl-wet 6: no recs for i =    73           0
(PID.TID 0000.0001) ctrl-wet 6: no recs for i =    74           0
(PID.TID 0000.0001) ctrl-wet 6: no recs for i =    75           0
(PID.TID 0000.0001) ctrl-wet 6: no recs for i =    76           0
(PID.TID 0000.0001) ctrl-wet 6: no recs for i =    77           0
(PID.TID 0000.0001) ctrl-wet 6: no recs for i =    78           0
(PID.TID 0000.0001) ctrl-wet 6: no recs for i =    79           0
(PID.TID 0000.0001) ctrl-wet 6: no recs for i =    80           0
(PID.TID 0000.0001) ctrl-wet 6: no recs for i =    81           0
(PID.TID 0000.0001) ctrl-wet 6: no recs for i =    82           0
(PID.TID 0000.0001) ctrl-wet 6: no recs for i =    83           0
(PID.TID 0000.0001) ctrl-wet 6: no recs for i =    84           0
(PID.TID 0000.0001) ctrl-wet 6: no recs for i =    85           0
(PID.TID 0000.0001) ctrl-wet 6: no recs for i =    86           0
(PID.TID 0000.0001) ctrl-wet 6: no recs for i =    87           0
(PID.TID 0000.0001) ctrl-wet 6: no recs for i =    88           0
(PID.TID 0000.0001) ctrl-wet 6: no recs for i =    89           0
(PID.TID 0000.0001) ctrl-wet 6: no recs for i =    90           0
(PID.TID 0000.0001) ctrl-wet 6: no recs for i =    91           0
(PID.TID 0000.0001) ctrl-wet 6: no recs for i =    92           0
(PID.TID 0000.0001) ctrl-wet 6: no recs for i =    93           0
(PID.TID 0000.0001) ctrl-wet 6: no recs for i =    94           0
(PID.TID 0000.0001) ctrl-wet 6: no recs for i =    95           0
(PID.TID 0000.0001) ctrl-wet 6: no recs for i =    96           0
(PID.TID 0000.0001) ctrl-wet 6: no recs for i =    97           0
(PID.TID 0000.0001) ctrl-wet 6: no recs for i =    98           0
(PID.TID 0000.0001) ctrl-wet 6: no recs for i =    99           0
(PID.TID 0000.0001) ctrl-wet 6: no recs for i =   100           0
(PID.TID 0000.0001) ctrl-wet 6: no recs for i =   101           1
(PID.TID 0000.0001) ctrl-wet 6: no recs for i =   102           0
(PID.TID 0000.0001) ctrl-wet 6: no recs for i =   103           0
(PID.TID 0000.0001) ctrl-wet 6: no recs for i =   104           0
(PID.TID 0000.0001) ctrl-wet 6: no recs for i =   105           0
(PID.TID 0000.0001) ctrl-wet 6: no recs for i =   106           0
(PID.TID 0000.0001) ctrl-wet 6: no recs for i =   107           0
(PID.TID 0000.0001) ctrl-wet 6: no recs for i =   108           0
(PID.TID 0000.0001) ctrl-wet 6: no recs for i =   109           0
(PID.TID 0000.0001) ctrl-wet 6: no recs for i =   110           0
(PID.TID 0000.0001) ctrl-wet 6: no recs for i =   111           0
(PID.TID 0000.0001) ctrl-wet 6: no recs for i =   112           0
(PID.TID 0000.0001) ctrl-wet 6: no recs for i =   113           0
(PID.TID 0000.0001) ctrl-wet 6: no recs for i =   114           0
(PID.TID 0000.0001) ctrl-wet 6: no recs for i =   115           0
(PID.TID 0000.0001) ctrl-wet 6: no recs for i =   116           0
(PID.TID 0000.0001) ctrl-wet 6: no recs for i =   117           0
(PID.TID 0000.0001) ctrl-wet 6: no recs for i =   118           0
(PID.TID 0000.0001) ctrl-wet 6: no recs for i =   119           0
(PID.TID 0000.0001) ctrl-wet 6: no recs for i =   120           0
(PID.TID 0000.0001) ctrl-wet 6: no recs for i =   121           0
(PID.TID 0000.0001) ctrl-wet 6: no recs for i =   122           0
(PID.TID 0000.0001) ctrl-wet 6: no recs for i =   123           0
(PID.TID 0000.0001) ctrl-wet 6: no recs for i =   124           0
(PID.TID 0000.0001) ctrl-wet 6: no recs for i =   125           0
(PID.TID 0000.0001) ctrl-wet 6: no recs for i =   126           0
(PID.TID 0000.0001) ctrl-wet 6: no recs for i =   127           0
(PID.TID 0000.0001) ctrl-wet 6: no recs for i =   128           0
(PID.TID 0000.0001) ctrl-wet 6: no recs for i =   129           0
(PID.TID 0000.0001) ctrl-wet 6: no recs for i =   130           0
(PID.TID 0000.0001) ctrl-wet 6: no recs for i =   131           0
(PID.TID 0000.0001) ctrl-wet 6: no recs for i =   132           0
(PID.TID 0000.0001) ctrl-wet 6: no recs for i =   133           0
(PID.TID 0000.0001) ctrl-wet 6: no recs for i =   134           0
(PID.TID 0000.0001) ctrl-wet 6: no recs for i =   135           0
(PID.TID 0000.0001) ctrl-wet 6: no recs for i =   136           0
(PID.TID 0000.0001) ctrl-wet 6: no recs for i =   137           0
(PID.TID 0000.0001) ctrl-wet 6: no recs for i =   138           0
(PID.TID 0000.0001) ctrl-wet 6: no recs for i =   139           0
(PID.TID 0000.0001) ctrl-wet 6: no recs for i =   140           0
(PID.TID 0000.0001) ctrl-wet 6: no recs for i =   141           0
(PID.TID 0000.0001) ctrl-wet 6: no recs for i =   142           0
(PID.TID 0000.0001) ctrl-wet 6: no recs for i =   143           0
(PID.TID 0000.0001) ctrl-wet 6: no recs for i =   144           0
(PID.TID 0000.0001) ctrl-wet 6: no recs for i =   145           0
(PID.TID 0000.0001) ctrl-wet 6: no recs for i =   146           0
(PID.TID 0000.0001) ctrl-wet 6: no recs for i =   147           0
(PID.TID 0000.0001) ctrl-wet 6: no recs for i =   148           0
(PID.TID 0000.0001) ctrl-wet 6: no recs for i =   149           0
(PID.TID 0000.0001) ctrl-wet 6: no recs for i =   150           0
(PID.TID 0000.0001) ctrl-wet 6: no recs for i =   151           0
(PID.TID 0000.0001) ctrl-wet 6: no recs for i =   152           0
(PID.TID 0000.0001) ctrl-wet 6: no recs for i =   153           0
(PID.TID 0000.0001) ctrl-wet 6: no recs for i =   154           0
(PID.TID 0000.0001) ctrl-wet 6: no recs for i =   155           0
(PID.TID 0000.0001) ctrl-wet 6: no recs for i =   156           0
(PID.TID 0000.0001) ctrl-wet 6: no recs for i =   157           0
(PID.TID 0000.0001) ctrl-wet 6: no recs for i =   158           0
(PID.TID 0000.0001) ctrl-wet 6: no recs for i =   159           0
(PID.TID 0000.0001) ctrl-wet 6: no recs for i =   160           0
(PID.TID 0000.0001) ctrl-wet 6: no recs for i =   161           0
(PID.TID 0000.0001) ctrl-wet 6: no recs for i =   162           0
(PID.TID 0000.0001) ctrl-wet 6: no recs for i =   163           0
(PID.TID 0000.0001) ctrl-wet 6: no recs for i =   164           0
(PID.TID 0000.0001) ctrl-wet 6: no recs for i =   165           0
(PID.TID 0000.0001) ctrl-wet 6: no recs for i =   166           0
(PID.TID 0000.0001) ctrl-wet 6: no recs for i =   167           0
(PID.TID 0000.0001) ctrl-wet 6: no recs for i =   168           0
(PID.TID 0000.0001) ctrl-wet 6: no recs for i =   169           0
(PID.TID 0000.0001) ctrl-wet 6: no recs for i =   170           0
(PID.TID 0000.0001) ctrl-wet 6: no recs for i =   171           0
(PID.TID 0000.0001) ctrl-wet 6: no recs for i =   172           0
(PID.TID 0000.0001) ctrl-wet 6: no recs for i =   173           0
(PID.TID 0000.0001) ctrl-wet 6: no recs for i =   174           0
(PID.TID 0000.0001) ctrl-wet 6: no recs for i =   175           0
(PID.TID 0000.0001) ctrl-wet 6: no recs for i =   176           0
(PID.TID 0000.0001) ctrl-wet 6: no recs for i =   177           0
(PID.TID 0000.0001) ctrl-wet 6: no recs for i =   178           0
(PID.TID 0000.0001) ctrl-wet 6: no recs for i =   179           0
(PID.TID 0000.0001) ctrl-wet 6: no recs for i =   180           0
(PID.TID 0000.0001) ctrl-wet 6: no recs for i =   181           0
(PID.TID 0000.0001) ctrl-wet 6: no recs for i =   182           0
(PID.TID 0000.0001) ctrl-wet 6: no recs for i =   183           0
(PID.TID 0000.0001) ctrl-wet 6: no recs for i =   184           0
(PID.TID 0000.0001) ctrl-wet 6: no recs for i =   185           0
(PID.TID 0000.0001) ctrl-wet 6: no recs for i =   186           0
(PID.TID 0000.0001) ctrl-wet 6: no recs for i =   187           0
(PID.TID 0000.0001) ctrl-wet 6: no recs for i =   188           0
(PID.TID 0000.0001) ctrl-wet 6: no recs for i =   189           0
(PID.TID 0000.0001) ctrl-wet 6: no recs for i =   190           0
(PID.TID 0000.0001) ctrl-wet 6: no recs for i =   191           0
(PID.TID 0000.0001) ctrl-wet 6: no recs for i =   192           0
(PID.TID 0000.0001) ctrl-wet 6: no recs for i =   193           0
(PID.TID 0000.0001) ctrl-wet 6: no recs for i =   194           0
(PID.TID 0000.0001) ctrl-wet 6: no recs for i =   195           0
(PID.TID 0000.0001) ctrl-wet 6: no recs for i =   196           0
(PID.TID 0000.0001) ctrl-wet 6: no recs for i =   197           0
(PID.TID 0000.0001) ctrl-wet 6: no recs for i =   198           0
(PID.TID 0000.0001) ctrl-wet 6: no recs for i =   199           0
(PID.TID 0000.0001) ctrl-wet 6: no recs for i =   200           0
(PID.TID 0000.0001) ctrl-wet 6: no recs for i =   201           0
(PID.TID 0000.0001) ctrl-wet 6: no recs for i =   202           0
(PID.TID 0000.0001) ctrl-wet 6: no recs for i =   203           0
(PID.TID 0000.0001) ctrl-wet 6: no recs for i =   204           0
(PID.TID 0000.0001) ctrl-wet 6: no recs for i =   205           0
(PID.TID 0000.0001) ctrl-wet 6: no recs for i =   206           0
(PID.TID 0000.0001) ctrl-wet 6: no recs for i =   207           0
(PID.TID 0000.0001) ctrl-wet 6: no recs for i =   208           0
(PID.TID 0000.0001) ctrl-wet 6: no recs for i =   209           0
(PID.TID 0000.0001) ctrl-wet 6: no recs for i =   210           0
(PID.TID 0000.0001) ctrl-wet 6: no recs for i =   211           0
(PID.TID 0000.0001) ctrl-wet 6: no recs for i =   212           0
(PID.TID 0000.0001) ctrl-wet 6: no recs for i =   213           0
(PID.TID 0000.0001) ctrl-wet 6: no recs for i =   214           0
(PID.TID 0000.0001) ctrl-wet 6: no recs for i =   215           0
(PID.TID 0000.0001) ctrl-wet 6: no recs for i =   216           0
(PID.TID 0000.0001) ctrl-wet 6: no recs for i =   217           0
(PID.TID 0000.0001) ctrl-wet 6: no recs for i =   218           0
(PID.TID 0000.0001) ctrl-wet 6: no recs for i =   219           0
(PID.TID 0000.0001) ctrl-wet 6: no recs for i =   220           0
(PID.TID 0000.0001) ctrl-wet 6: no recs for i =   221           0
(PID.TID 0000.0001) ctrl-wet 6: no recs for i =   222           0
(PID.TID 0000.0001) ctrl-wet 6: no recs for i =   223           0
(PID.TID 0000.0001) ctrl-wet 6: no recs for i =   224           0
(PID.TID 0000.0001) ctrl-wet 6: no recs for i =   225           0
(PID.TID 0000.0001) ctrl-wet 6: no recs for i =   226           0
(PID.TID 0000.0001) ctrl-wet 6: no recs for i =   227           0
(PID.TID 0000.0001) ctrl-wet 6: no recs for i =   228           0
(PID.TID 0000.0001) ctrl-wet 6: no recs for i =   229           0
(PID.TID 0000.0001) ctrl-wet 6: no recs for i =   230           0
(PID.TID 0000.0001) ctrl-wet 6: no recs for i =   231           0
(PID.TID 0000.0001) ctrl-wet 6: no recs for i =   232           0
(PID.TID 0000.0001) ctrl-wet 6: no recs for i =   233           0
(PID.TID 0000.0001) ctrl-wet 6: no recs for i =   234           0
(PID.TID 0000.0001) ctrl-wet 6: no recs for i =   235           0
(PID.TID 0000.0001) ctrl-wet 6: no recs for i =   236           0
(PID.TID 0000.0001) ctrl-wet 6: no recs for i =   237           0
(PID.TID 0000.0001) ctrl-wet 6: no recs for i =   238           0
(PID.TID 0000.0001) ctrl-wet 6: no recs for i =   239           0
(PID.TID 0000.0001) ctrl-wet 6: no recs for i =   240           0
(PID.TID 0000.0001) ctrl-wet 6: no recs for i =   241           0
(PID.TID 0000.0001) ctrl-wet 6: no recs for i =   242           0
(PID.TID 0000.0001) ctrl-wet 6: no recs for i =   243           0
(PID.TID 0000.0001) ctrl-wet 6: no recs for i =   244           0
(PID.TID 0000.0001) ctrl-wet 6: no recs for i =   245           0
(PID.TID 0000.0001) ctrl-wet 6: no recs for i =   246           0
(PID.TID 0000.0001) ctrl-wet 6: no recs for i =   247           0
(PID.TID 0000.0001) ctrl-wet 6: no recs for i =   248           0
(PID.TID 0000.0001) ctrl-wet 6: no recs for i =   249           0
(PID.TID 0000.0001) ctrl-wet 6: no recs for i =   250           0
(PID.TID 0000.0001) ctrl-wet 6: no recs for i =   251           0
(PID.TID 0000.0001) ctrl-wet 6: no recs for i =   252           0
(PID.TID 0000.0001) ctrl-wet 6: no recs for i =   253           0
(PID.TID 0000.0001) ctrl-wet 6: no recs for i =   254           0
(PID.TID 0000.0001) ctrl-wet 6: no recs for i =   255           0
(PID.TID 0000.0001) ctrl-wet 6: no recs for i =   256           0
(PID.TID 0000.0001) ctrl-wet 6: no recs for i =   257           0
(PID.TID 0000.0001) ctrl-wet 6: no recs for i =   258           0
(PID.TID 0000.0001) ctrl-wet 6: no recs for i =   259           0
(PID.TID 0000.0001) ctrl-wet 6: no recs for i =   260           0
(PID.TID 0000.0001) ctrl-wet 6: no recs for i =   261           0
(PID.TID 0000.0001) ctrl-wet 6: no recs for i =   262           0
(PID.TID 0000.0001) ctrl-wet 6: no recs for i =   263           0
(PID.TID 0000.0001) ctrl-wet 6: no recs for i =   264           0
(PID.TID 0000.0001) ctrl-wet 6: no recs for i =   265           0
(PID.TID 0000.0001) ctrl-wet 6: no recs for i =   266           0
(PID.TID 0000.0001) ctrl-wet 6: no recs for i =   267           0
(PID.TID 0000.0001) ctrl-wet 6: no recs for i =   268           0
(PID.TID 0000.0001) ctrl-wet 6: no recs for i =   269           0
(PID.TID 0000.0001) ctrl-wet 6: no recs for i =   270           0
(PID.TID 0000.0001) ctrl-wet 6: no recs for i =   271           0
(PID.TID 0000.0001) ctrl-wet 6: no recs for i =   272           0
(PID.TID 0000.0001) ctrl-wet 6: no recs for i =   273           0
(PID.TID 0000.0001) ctrl-wet 6: no recs for i =   274           0
(PID.TID 0000.0001) ctrl-wet 6: no recs for i =   275           0
(PID.TID 0000.0001) ctrl-wet 6: no recs for i =   276           0
(PID.TID 0000.0001) ctrl-wet 6: no recs for i =   277           0
(PID.TID 0000.0001) ctrl-wet 6: no recs for i =   278           0
(PID.TID 0000.0001) ctrl-wet 6: no recs for i =   279           0
(PID.TID 0000.0001) ctrl-wet 6: no recs for i =   280           0
(PID.TID 0000.0001) ctrl-wet 6: no recs for i =   281           0
(PID.TID 0000.0001) ctrl-wet 6: no recs for i =   282           0
(PID.TID 0000.0001) ctrl-wet 6: no recs for i =   283           0
(PID.TID 0000.0001) ctrl-wet 6: no recs for i =   284           0
(PID.TID 0000.0001) ctrl-wet 6: no recs for i =   285           0
(PID.TID 0000.0001) ctrl-wet 6: no recs for i =   286           0
(PID.TID 0000.0001) ctrl-wet 6: no recs for i =   287           0
(PID.TID 0000.0001) ctrl-wet 6: no recs for i =   288           0
(PID.TID 0000.0001) ctrl-wet 6: no recs for i =   289           0
(PID.TID 0000.0001) ctrl-wet 6: no recs for i =   290           0
(PID.TID 0000.0001) ctrl-wet 6: no recs for i =   291           0
(PID.TID 0000.0001) ctrl-wet 6: no recs for i =   292           0
(PID.TID 0000.0001) ctrl-wet 6: no recs for i =   293           0
(PID.TID 0000.0001) ctrl-wet 6: no recs for i =   294           0
(PID.TID 0000.0001) ctrl-wet 6: no recs for i =   295           0
(PID.TID 0000.0001) ctrl-wet 6: no recs for i =   296           0
(PID.TID 0000.0001) ctrl-wet 6: no recs for i =   297           0
(PID.TID 0000.0001) ctrl-wet 6: no recs for i =   298           0
(PID.TID 0000.0001) ctrl-wet 6: no recs for i =   299           0
(PID.TID 0000.0001) ctrl-wet 6: no recs for i =   300           0
(PID.TID 0000.0001) ctrl-wet 6: no recs for i =   301           0
(PID.TID 0000.0001) ctrl-wet 6: no recs for i =   302           0
(PID.TID 0000.0001) ctrl-wet 6: no recs for i =   303           0
(PID.TID 0000.0001) ctrl-wet 6: no recs for i =   304           0
(PID.TID 0000.0001) ctrl-wet 6: no recs for i =   305           0
(PID.TID 0000.0001) ctrl-wet 6: no recs for i =   306           0
(PID.TID 0000.0001) ctrl-wet 6: no recs for i =   307           0
(PID.TID 0000.0001) ctrl-wet 6: no recs for i =   308           0
(PID.TID 0000.0001) ctrl-wet 6: no recs for i =   309           0
(PID.TID 0000.0001) ctrl-wet 6: no recs for i =   310           0
(PID.TID 0000.0001) ctrl-wet 6: no recs for i =   311           0
(PID.TID 0000.0001) ctrl-wet 6: no recs for i =   312           0
(PID.TID 0000.0001) ctrl-wet 6: no recs for i =   313           0
(PID.TID 0000.0001) ctrl-wet 6: no recs for i =   314           0
(PID.TID 0000.0001) ctrl-wet 6: no recs for i =   315           0
(PID.TID 0000.0001) ctrl-wet 6: no recs for i =   316           0
(PID.TID 0000.0001) ctrl-wet 6: no recs for i =   317           0
(PID.TID 0000.0001) ctrl-wet 6: no recs for i =   318           0
(PID.TID 0000.0001) ctrl-wet 6: no recs for i =   319           0
(PID.TID 0000.0001) ctrl-wet 6: no recs for i =   320           0
(PID.TID 0000.0001) ctrl-wet 6: no recs for i =   321           0
(PID.TID 0000.0001) ctrl-wet 6: no recs for i =   322           0
(PID.TID 0000.0001) ctrl-wet 6: no recs for i =   323           0
(PID.TID 0000.0001) ctrl-wet 6: no recs for i =   324           0
(PID.TID 0000.0001) ctrl-wet 6: no recs for i =   325           0
(PID.TID 0000.0001) ctrl-wet 6: no recs for i =   326           0
(PID.TID 0000.0001) ctrl-wet 6: no recs for i =   327           0
(PID.TID 0000.0001) ctrl-wet 6: no recs for i =   328           0
(PID.TID 0000.0001) ctrl-wet 6: no recs for i =   329           0
(PID.TID 0000.0001) ctrl-wet 6: no recs for i =   330           0
(PID.TID 0000.0001) ctrl-wet 6: no recs for i =   331           0
(PID.TID 0000.0001) ctrl-wet 6: no recs for i =   332           0
(PID.TID 0000.0001) ctrl-wet 6: no recs for i =   333           0
(PID.TID 0000.0001) ctrl-wet 6: no recs for i =   334           0
(PID.TID 0000.0001) ctrl-wet 6: no recs for i =   335           0
(PID.TID 0000.0001) ctrl-wet 6: no recs for i =   336           0
(PID.TID 0000.0001) ctrl-wet 6: no recs for i =   337           0
(PID.TID 0000.0001) ctrl-wet 6: no recs for i =   338           0
(PID.TID 0000.0001) ctrl-wet 6: no recs for i =   339           0
(PID.TID 0000.0001) ctrl-wet 6: no recs for i =   340           0
(PID.TID 0000.0001) ctrl-wet 6: no recs for i =   341           0
(PID.TID 0000.0001) ctrl-wet 6: no recs for i =   342           0
(PID.TID 0000.0001) ctrl-wet 6: no recs for i =   343           0
(PID.TID 0000.0001) ctrl-wet 6: no recs for i =   344           0
(PID.TID 0000.0001) ctrl-wet 6: no recs for i =   345           0
(PID.TID 0000.0001) ctrl-wet 6: no recs for i =   346           0
(PID.TID 0000.0001) ctrl-wet 6: no recs for i =   347           0
(PID.TID 0000.0001) ctrl-wet 6: no recs for i =   348           0
(PID.TID 0000.0001) ctrl-wet 6: no recs for i =   349           0
(PID.TID 0000.0001) ctrl-wet 6: no recs for i =   350           0
(PID.TID 0000.0001) ctrl-wet 6: no recs for i =   351           0
(PID.TID 0000.0001) ctrl-wet 6: no recs for i =   352           0
(PID.TID 0000.0001) ctrl-wet 6: no recs for i =   353           0
(PID.TID 0000.0001) ctrl-wet 6: no recs for i =   354           0
(PID.TID 0000.0001) ctrl-wet 6: no recs for i =   355           0
(PID.TID 0000.0001) ctrl-wet 6: no recs for i =   356           0
(PID.TID 0000.0001) ctrl-wet 6: no recs for i =   357           0
(PID.TID 0000.0001) ctrl-wet 6: no recs for i =   358           0
(PID.TID 0000.0001) ctrl-wet 6: no recs for i =   359           0
(PID.TID 0000.0001) ctrl-wet 6: no recs for i =   360           0
(PID.TID 0000.0001) ctrl-wet 6: no recs for i =   361           0
(PID.TID 0000.0001) ctrl-wet 6: no recs for i =   362           0
(PID.TID 0000.0001) ctrl-wet 6: no recs for i =   363           0
(PID.TID 0000.0001) ctrl-wet 6: no recs for i =   364           0
(PID.TID 0000.0001) ctrl-wet 6: no recs for i =   365           0
(PID.TID 0000.0001) ctrl-wet 6: no recs for i =   366           0
(PID.TID 0000.0001) ctrl-wet 6: no recs for i =   367           0
(PID.TID 0000.0001) ctrl-wet 6: no recs for i =   368           0
(PID.TID 0000.0001) ctrl-wet 6: no recs for i =   369           0
(PID.TID 0000.0001) ctrl-wet 6: no recs for i =   370           0
(PID.TID 0000.0001) ctrl-wet 6: no recs for i =   371           0
(PID.TID 0000.0001) ctrl-wet 6: no recs for i =   372           0
(PID.TID 0000.0001) ctrl-wet 6: no recs for i =   373           0
(PID.TID 0000.0001) ctrl-wet 6: no recs for i =   374           0
(PID.TID 0000.0001) ctrl-wet 6: no recs for i =   375           0
(PID.TID 0000.0001) ctrl-wet 6: no recs for i =   376           0
(PID.TID 0000.0001) ctrl-wet 6: no recs for i =   377           0
(PID.TID 0000.0001) ctrl-wet 6: no recs for i =   378           0
(PID.TID 0000.0001) ctrl-wet 6: no recs for i =   379           0
(PID.TID 0000.0001) ctrl-wet 6: no recs for i =   380           0
(PID.TID 0000.0001) ctrl-wet 6: no recs for i =   381           0
(PID.TID 0000.0001) ctrl-wet 6: no recs for i =   382           0
(PID.TID 0000.0001) ctrl-wet 6: no recs for i =   383           0
(PID.TID 0000.0001) ctrl-wet 6: no recs for i =   384           0
(PID.TID 0000.0001) ctrl-wet 6: no recs for i =   385           0
(PID.TID 0000.0001) ctrl-wet 6: no recs for i =   386           0
(PID.TID 0000.0001) ctrl-wet 6: no recs for i =   387           0
(PID.TID 0000.0001) ctrl-wet 6: no recs for i =   388           0
(PID.TID 0000.0001) ctrl-wet 6: no recs for i =   389           0
(PID.TID 0000.0001) ctrl-wet 6: no recs for i =   390           0
(PID.TID 0000.0001) ctrl-wet 6: no recs for i =   391           0
(PID.TID 0000.0001) ctrl-wet 6: no recs for i =   392           0
(PID.TID 0000.0001) ctrl-wet 6: no recs for i =   393           0
(PID.TID 0000.0001) ctrl-wet 6: no recs for i =   394           0
(PID.TID 0000.0001) ctrl-wet 6: no recs for i =   395           0
(PID.TID 0000.0001) ctrl-wet 6: no recs for i =   396           0
(PID.TID 0000.0001) ctrl-wet 6: no recs for i =   397           0
(PID.TID 0000.0001) ctrl-wet 6: no recs for i =   398           0
(PID.TID 0000.0001) ctrl-wet 6: no recs for i =   399           0
(PID.TID 0000.0001) ctrl-wet 6: no recs for i =   400           0
(PID.TID 0000.0001) ctrl-wet 7: flux         27000
(PID.TID 0000.0001) ctrl-wet 8: atmos        27000
(PID.TID 0000.0001) ctrl-wet -------------------------------------------------
(PID.TID 0000.0001) ctrl-wet 13: global nvarlength for Nr =   15        3600
(PID.TID 0000.0001) ctrl-wet -------------------------------------------------
(PID.TID 0000.0001) ctrl-wet 14: global nWet C/S/W/V k=    1        3600        3540        3540           0
(PID.TID 0000.0001) ctrl-wet 14: global nWet C/S/W/V k=    2        3600        3540        3540           0
(PID.TID 0000.0001) ctrl-wet 14: global nWet C/S/W/V k=    3        3600        3540        3540           0
(PID.TID 0000.0001) ctrl-wet 14: global nWet C/S/W/V k=    4        3600        3540        3540           0
(PID.TID 0000.0001) ctrl-wet 14: global nWet C/S/W/V k=    5        3600        3540        3540           0
(PID.TID 0000.0001) ctrl-wet 14: global nWet C/S/W/V k=    6        3600        3540        3540           0
(PID.TID 0000.0001) ctrl-wet 14: global nWet C/S/W/V k=    7        3600        3540        3540           0
(PID.TID 0000.0001) ctrl-wet 14: global nWet C/S/W/V k=    8        3600        3540        3540           0
(PID.TID 0000.0001) ctrl-wet 14: global nWet C/S/W/V k=    9        3600        3540        3540           0
(PID.TID 0000.0001) ctrl-wet 14: global nWet C/S/W/V k=   10        3600        3540        3540           0
(PID.TID 0000.0001) ctrl-wet 14: global nWet C/S/W/V k=   11        3600        3540        3540           0
(PID.TID 0000.0001) ctrl-wet 14: global nWet C/S/W/V k=   12        3600        3540        3540           0
(PID.TID 0000.0001) ctrl-wet 14: global nWet C/S/W/V k=   13        3600        3540        3540           0
(PID.TID 0000.0001) ctrl-wet 14: global nWet C/S/W/V k=   14        3600        3540        3540           0
(PID.TID 0000.0001) ctrl-wet 14: global nWet C/S/W/V k=   15        3600        3540        3540           0
(PID.TID 0000.0001) ctrl-wet -------------------------------------------------
(PID.TID 0000.0001) ctrl-wet -------------------------------------------------
(PID.TID 0000.0001) ctrl-wet -------------------------------------------------
(PID.TID 0000.0001) ctrl_init_wet: no. of control variables:            1
(PID.TID 0000.0001) ctrl_init_wet: control vector length:            3600
(PID.TID 0000.0001) 
(PID.TID 0000.0001) // =======================================================
(PID.TID 0000.0001) // control vector configuration  >>> START <<<
(PID.TID 0000.0001) // =======================================================
(PID.TID 0000.0001) 
(PID.TID 0000.0001)  Total number of ocean points per tile:
(PID.TID 0000.0001)  --------------------------------------
(PID.TID 0000.0001)  snx*sny*nr =    14415
(PID.TID 0000.0001) 
(PID.TID 0000.0001)  Number of ocean points per tile:
(PID.TID 0000.0001)  --------------------------------
(PID.TID 0000.0001)  bi,bj,#(c/s/w): 0001 0001 013500 013050 013050
(PID.TID 0000.0001) 
(PID.TID 0000.0001)  Settings of generic controls:
(PID.TID 0000.0001)  -----------------------------
(PID.TID 0000.0001) 
(PID.TID 0000.0001)  ctrlUseGen  =     T /* use generic controls */
(PID.TID 0000.0001)  -> 2D control, genarr2d no.  1 is in use
(PID.TID 0000.0001)       file       = xx_etan
(PID.TID 0000.0001)       weight     = wetan_ones.bin
(PID.TID 0000.0001)       index      =  0101
(PID.TID 0000.0001)       ncvarindex =  0201
(PID.TID 0000.0001)  preprocess = noscaling
(PID.TID 0000.0001) 
(PID.TID 0000.0001) // =======================================================
(PID.TID 0000.0001) // control vector configuration  >>> END <<<
(PID.TID 0000.0001) // =======================================================
(PID.TID 0000.0001) 
(PID.TID 0000.0001) ------------------------------------------------------------
(PID.TID 0000.0001) DIAGNOSTICS_SET_LEVELS: done
(PID.TID 0000.0001)  Total Nb of available Diagnostics: ndiagt=   206
(PID.TID 0000.0001)  write list of available Diagnostics to file: available_diagnostics.log
(PID.TID 0000.0001) SETDIAG: Allocate 15 x  1 Levels for Diagnostic #    30 UVEL
(PID.TID 0000.0001) SETDIAG: Allocate 15 x  1 Levels for Diagnostic #    31 VVEL
(PID.TID 0000.0001) SETDIAG: Allocate 15 x  1 Levels for Diagnostic #    26 THETA
(PID.TID 0000.0001) SETDIAG: Allocate  1 x  1 Levels for Diagnostic #    23 ETAN
(PID.TID 0000.0001)   space allocated for all diagnostics:      46 levels
(PID.TID 0000.0001)   set mate pointer for diag #    30  UVEL     , Parms: UUR     MR , mate:    31
(PID.TID 0000.0001)   set mate pointer for diag #    31  VVEL     , Parms: VVR     MR , mate:    30
(PID.TID 0000.0001) DIAGNOSTICS_SET_POINTERS: Set levels for Outp.Stream: dynState
(PID.TID 0000.0001)  Levels:       1.   2.   3.   4.   5.   6.   7.   8.   9.  10.  11.  12.  13.  14.  15.
(PID.TID 0000.0001) DIAGNOSTICS_SET_POINTERS: Set levels for Outp.Stream: surfState
(PID.TID 0000.0001)  Levels:       1.
(PID.TID 0000.0001) DIAGNOSTICS_SET_POINTERS: done
(PID.TID 0000.0001) ------------------------------------------------------------
(PID.TID 0000.0001) DIAGSTATS_SET_REGIONS: define no region
(PID.TID 0000.0001) ------------------------------------------------------------
(PID.TID 0000.0001)   space allocated for all stats-diags:       0 levels
(PID.TID 0000.0001) DIAGSTATS_SET_POINTERS: done
(PID.TID 0000.0001) ------------------------------------------------------------
(PID.TID 0000.0001) %MON fCori_max                    =   1.4119704352640E-04
(PID.TID 0000.0001) %MON fCori_min                    =   3.6516038314991E-05
(PID.TID 0000.0001) %MON fCori_mean                   =   9.8169098090289E-05
(PID.TID 0000.0001) %MON fCori_sd                     =   3.1588625445688E-05
(PID.TID 0000.0001) %MON fCoriG_max                   =   1.4087300867102E-04
(PID.TID 0000.0001) %MON fCoriG_min                   =   3.5282486883545E-05
(PID.TID 0000.0001) %MON fCoriG_mean                  =   9.7308683992513E-05
(PID.TID 0000.0001) %MON fCoriG_sd                    =   3.1852455422806E-05
(PID.TID 0000.0001) %MON fCoriCos_max                 =   1.4119704352640E-04
(PID.TID 0000.0001) %MON fCoriCos_min                 =   3.6516038314991E-05
(PID.TID 0000.0001) %MON fCoriCos_mean                =   9.8169098090289E-05
(PID.TID 0000.0001) %MON fCoriCos_sd                  =   3.1588625445688E-05
(PID.TID 0000.0001) INI_CG2D: CG2D normalisation factor =  1.4846576448792055E-04
(PID.TID 0000.0001) 
(PID.TID 0000.0001) // =======================================================
(PID.TID 0000.0001) // Model configuration
(PID.TID 0000.0001) // =======================================================
(PID.TID 0000.0001) //
(PID.TID 0000.0001) // "Physical" paramters ( PARM01 in namelist )
(PID.TID 0000.0001) //
(PID.TID 0000.0001) buoyancyRelation = /* Type of relation to get Buoyancy */
(PID.TID 0000.0001)               'OCEANIC'
(PID.TID 0000.0001)     ;
(PID.TID 0000.0001) fluidIsAir   =  /* fluid major constituent is Air */
(PID.TID 0000.0001)                   F
(PID.TID 0000.0001)     ;
(PID.TID 0000.0001) fluidIsWater =  /* fluid major constituent is Water */
(PID.TID 0000.0001)                   T
(PID.TID 0000.0001)     ;
(PID.TID 0000.0001) usingPCoords =  /* use p (or p*) vertical coordinate */
(PID.TID 0000.0001)                   F
(PID.TID 0000.0001)     ;
(PID.TID 0000.0001) usingZCoords =  /* use z (or z*) vertical coordinate */
(PID.TID 0000.0001)                   T
(PID.TID 0000.0001)     ;
(PID.TID 0000.0001) tRef =   /* Reference temperature profile ( oC or K ) */
(PID.TID 0000.0001)                 3.000000000000000E+01,      /* K =  1 */
(PID.TID 0000.0001)                 2.700000000000000E+01,      /* K =  2 */
(PID.TID 0000.0001)                 2.400000000000000E+01,      /* K =  3 */
(PID.TID 0000.0001)                 2.100000000000000E+01,      /* K =  4 */
(PID.TID 0000.0001)                 1.800000000000000E+01,      /* K =  5 */
(PID.TID 0000.0001)                 1.500000000000000E+01,      /* K =  6 */
(PID.TID 0000.0001)                 1.300000000000000E+01,      /* K =  7 */
(PID.TID 0000.0001)                 1.100000000000000E+01,      /* K =  8 */
(PID.TID 0000.0001)                 9.000000000000000E+00,      /* K =  9 */
(PID.TID 0000.0001)                 7.000000000000000E+00,      /* K = 10 */
(PID.TID 0000.0001)                 6.000000000000000E+00,      /* K = 11 */
(PID.TID 0000.0001)                 5.000000000000000E+00,      /* K = 12 */
(PID.TID 0000.0001)                 4.000000000000000E+00,      /* K = 13 */
(PID.TID 0000.0001)                 3.000000000000000E+00,      /* K = 14 */
(PID.TID 0000.0001)                 2.000000000000000E+00       /* K = 15 */
(PID.TID 0000.0001)     ;
(PID.TID 0000.0001) sRef =   /* Reference salinity profile ( g/kg ) */
(PID.TID 0000.0001)    15 @  3.000000000000000E+01              /* K =  1: 15 */
(PID.TID 0000.0001)     ;
(PID.TID 0000.0001) useStrainTensionVisc= /* Use StrainTension Form of Viscous Operator */
(PID.TID 0000.0001)                   F
(PID.TID 0000.0001)     ;
(PID.TID 0000.0001) useVariableVisc = /* Use variable horizontal viscosity */
(PID.TID 0000.0001)                   F
(PID.TID 0000.0001)     ;
(PID.TID 0000.0001) useHarmonicVisc = /* Use harmonic horizontal viscosity */
(PID.TID 0000.0001)                   T
(PID.TID 0000.0001)     ;
(PID.TID 0000.0001) useBiharmonicVisc= /* Use biharmonic horiz.  viscosity */
(PID.TID 0000.0001)                   F
(PID.TID 0000.0001)     ;
(PID.TID 0000.0001) useSmag3D = /* Use isotropic 3-D Smagorinsky viscosity */
(PID.TID 0000.0001)                   F
(PID.TID 0000.0001)     ;
(PID.TID 0000.0001) viscAh  =   /* Lateral harmonic viscosity ( m^2/s ) */
(PID.TID 0000.0001)                 5.000000000000000E+03
(PID.TID 0000.0001)     ;
(PID.TID 0000.0001) viscA4  =   /* Lateral biharmonic viscosity ( m^4/s ) */
(PID.TID 0000.0001)                 0.000000000000000E+00
(PID.TID 0000.0001)     ;
(PID.TID 0000.0001) no_slip_sides =  /* Viscous BCs: No-slip sides */
(PID.TID 0000.0001)                   T
(PID.TID 0000.0001)     ;
(PID.TID 0000.0001) sideDragFactor = /* side-drag scaling factor (non-dim) */
(PID.TID 0000.0001)                 2.000000000000000E+00
(PID.TID 0000.0001)     ;
(PID.TID 0000.0001) viscArNr = /* vertical profile of vertical viscosity ( m^2/s )*/
(PID.TID 0000.0001)    15 @  1.000000000000000E-02              /* K =  1: 15 */
(PID.TID 0000.0001)     ;
(PID.TID 0000.0001) no_slip_bottom =  /* Viscous BCs: No-slip bottom */
(PID.TID 0000.0001)                   F
(PID.TID 0000.0001)     ;
(PID.TID 0000.0001) bottomVisc_pCell = /* Partial-cell in bottom Visc. BC */
(PID.TID 0000.0001)                   F
(PID.TID 0000.0001)     ;
(PID.TID 0000.0001) bottomDragLinear = /* linear bottom-drag coefficient ( m/s ) */
(PID.TID 0000.0001)                 0.000000000000000E+00
(PID.TID 0000.0001)     ;
(PID.TID 0000.0001) bottomDragQuadratic = /* quadratic bottom-drag coefficient (-) */
(PID.TID 0000.0001)                 0.000000000000000E+00
(PID.TID 0000.0001)     ;
(PID.TID 0000.0001) selectBotDragQuadr = /* select quadratic bottom drag options */
(PID.TID 0000.0001)                      -1
(PID.TID 0000.0001)     ;
(PID.TID 0000.0001) diffKhT =   /* Laplacian diffusion of heat laterally ( m^2/s ) */
(PID.TID 0000.0001)                 1.000000000000000E+03
(PID.TID 0000.0001)     ;
(PID.TID 0000.0001) diffK4T =   /* Biharmonic diffusion of heat laterally ( m^4/s ) */
(PID.TID 0000.0001)                 0.000000000000000E+00
(PID.TID 0000.0001)     ;
(PID.TID 0000.0001) diffKhS =   /* Laplacian diffusion of salt laterally ( m^2/s ) */
(PID.TID 0000.0001)                 0.000000000000000E+00
(PID.TID 0000.0001)     ;
(PID.TID 0000.0001) diffK4S =   /* Biharmonic diffusion of salt laterally ( m^4/s ) */
(PID.TID 0000.0001)                 0.000000000000000E+00
(PID.TID 0000.0001)     ;
(PID.TID 0000.0001) diffKrNrT = /* vertical profile of vertical diffusion of Temp ( m^2/s )*/
(PID.TID 0000.0001)    15 @  1.000000000000000E-05              /* K =  1: 15 */
(PID.TID 0000.0001)     ;
(PID.TID 0000.0001) diffKrNrS = /* vertical profile of vertical diffusion of Salt ( m^2/s )*/
(PID.TID 0000.0001)    15 @  1.000000000000000E-05              /* K =  1: 15 */
(PID.TID 0000.0001)     ;
(PID.TID 0000.0001) diffKrBL79surf = /* Surface diffusion for Bryan and Lewis 79 ( m^2/s ) */
(PID.TID 0000.0001)                 0.000000000000000E+00
(PID.TID 0000.0001)     ;
(PID.TID 0000.0001) diffKrBL79deep = /* Deep diffusion for Bryan and Lewis 1979 ( m^2/s ) */
(PID.TID 0000.0001)                 0.000000000000000E+00
(PID.TID 0000.0001)     ;
(PID.TID 0000.0001) diffKrBL79scl = /* Depth scale for Bryan and Lewis 1979 ( m ) */
(PID.TID 0000.0001)                 2.000000000000000E+02
(PID.TID 0000.0001)     ;
(PID.TID 0000.0001) diffKrBL79Ho = /* Turning depth for Bryan and Lewis 1979 ( m ) */
(PID.TID 0000.0001)                -2.000000000000000E+03
(PID.TID 0000.0001)     ;
(PID.TID 0000.0001) ivdc_kappa = /* Implicit Vertical Diffusivity for Convection ( m^2/s) */
(PID.TID 0000.0001)                 1.000000000000000E+00
(PID.TID 0000.0001)     ;
(PID.TID 0000.0001) hMixCriteria=  /* Criteria for mixed-layer diagnostic */
(PID.TID 0000.0001)                -8.000000000000000E-01
(PID.TID 0000.0001)     ;
(PID.TID 0000.0001) dRhoSmall =  /* Parameter for mixed-layer diagnostic */
(PID.TID 0000.0001)                 1.000000000000000E-06
(PID.TID 0000.0001)     ;
(PID.TID 0000.0001) hMixSmooth=  /* Smoothing parameter for mixed-layer diagnostic */
(PID.TID 0000.0001)                 0.000000000000000E+00
(PID.TID 0000.0001)     ;
(PID.TID 0000.0001) eosType =  /* Type of Equation of State */
(PID.TID 0000.0001)               'LINEAR'
(PID.TID 0000.0001)     ;
(PID.TID 0000.0001) tAlpha = /* Linear EOS thermal expansion coefficient ( 1/oC ) */
(PID.TID 0000.0001)                 2.000000000000000E-04
(PID.TID 0000.0001)     ;
(PID.TID 0000.0001) sBeta  = /* Linear EOS haline contraction coefficient ( 1/(g/kg) ) */
(PID.TID 0000.0001)                 0.000000000000000E+00
(PID.TID 0000.0001)     ;
(PID.TID 0000.0001) rhoNil    = /* Reference density for Linear EOS ( kg/m^3 ) */
(PID.TID 0000.0001)                 9.998000000000000E+02
(PID.TID 0000.0001)     ;
(PID.TID 0000.0001) selectP_inEOS_Zc = /* select pressure to use in EOS (0,1,2,3) */
(PID.TID 0000.0001)                       0
(PID.TID 0000.0001)     0= -g*rhoConst*z ; 1= pRef (from tRef,sRef); 2= Hyd P ; 3= Hyd+NH P
(PID.TID 0000.0001)     ;
(PID.TID 0000.0001) surf_pRef = /* Surface reference pressure ( Pa ) */
(PID.TID 0000.0001)                 1.013250000000000E+05
(PID.TID 0000.0001)     ;
(PID.TID 0000.0001) HeatCapacity_Cp =  /* Specific heat capacity ( J/kg/K ) */
(PID.TID 0000.0001)                 3.994000000000000E+03
(PID.TID 0000.0001)     ;
(PID.TID 0000.0001) celsius2K = /* 0 degree Celsius converted to Kelvin ( K ) */
(PID.TID 0000.0001)                 2.731500000000000E+02
(PID.TID 0000.0001)     ;
(PID.TID 0000.0001) rhoConst  = /* Reference density (Boussinesq)  ( kg/m^3 ) */
(PID.TID 0000.0001)                 9.998000000000000E+02
(PID.TID 0000.0001)     ;
(PID.TID 0000.0001) rhoFacC = /* normalized Reference density @ cell-Center (-) */
(PID.TID 0000.0001)    15 @  1.000000000000000E+00              /* K =  1: 15 */
(PID.TID 0000.0001)     ;
(PID.TID 0000.0001) rhoFacF = /* normalized Reference density @ W-Interface (-) */
(PID.TID 0000.0001)    16 @  1.000000000000000E+00              /* K =  1: 16 */
(PID.TID 0000.0001)     ;
(PID.TID 0000.0001) rhoConstFresh = /* Fresh-water reference density ( kg/m^3 ) */
(PID.TID 0000.0001)                 9.998000000000000E+02
(PID.TID 0000.0001)     ;
(PID.TID 0000.0001) gravity =   /* Gravitational acceleration ( m/s^2 ) */
(PID.TID 0000.0001)                 9.810000000000000E+00
(PID.TID 0000.0001)     ;
(PID.TID 0000.0001) gBaro =   /* Barotropic gravity ( m/s^2 ) */
(PID.TID 0000.0001)                 9.810000000000000E+00
(PID.TID 0000.0001)     ;
(PID.TID 0000.0001) gravFacC = /* gravity factor (vs surf.) @ cell-Center (-) */
(PID.TID 0000.0001)    15 @  1.000000000000000E+00              /* K =  1: 15 */
(PID.TID 0000.0001)     ;
(PID.TID 0000.0001) gravFacF = /* gravity factor (vs surf.) @ W-Interface (-) */
(PID.TID 0000.0001)    16 @  1.000000000000000E+00              /* K =  1: 16 */
(PID.TID 0000.0001)     ;
(PID.TID 0000.0001) rotationPeriod =   /* Rotation Period ( s ) */
(PID.TID 0000.0001)                 8.616400000000000E+04
(PID.TID 0000.0001)     ;
(PID.TID 0000.0001) omega =   /* Angular velocity ( rad/s ) */
(PID.TID 0000.0001)                 7.292123516990375E-05
(PID.TID 0000.0001)     ;
(PID.TID 0000.0001) f0 =   /* Reference coriolis parameter ( 1/s ) */
(PID.TID 0000.0001)                 1.000000000000000E-04
(PID.TID 0000.0001)     ;
(PID.TID 0000.0001) beta =   /* Beta ( 1/(m.s) ) */
(PID.TID 0000.0001)                 9.999999999999999E-12
(PID.TID 0000.0001)     ;
(PID.TID 0000.0001) fPrime =   /* Second coriolis parameter ( 1/s ) */
(PID.TID 0000.0001)                 0.000000000000000E+00
(PID.TID 0000.0001)     ;
(PID.TID 0000.0001) rigidLid =   /* Rigid lid on/off flag */
(PID.TID 0000.0001)                   F
(PID.TID 0000.0001)     ;
(PID.TID 0000.0001) implicitFreeSurface =   /* Implicit free surface on/off flag */
(PID.TID 0000.0001)                   T
(PID.TID 0000.0001)     ;
(PID.TID 0000.0001) freeSurfFac =   /* Implicit free surface factor */
(PID.TID 0000.0001)                 1.000000000000000E+00
(PID.TID 0000.0001)     ;
(PID.TID 0000.0001) implicSurfPress =  /* Surface Pressure implicit factor (0-1) */
(PID.TID 0000.0001)                 1.000000000000000E+00
(PID.TID 0000.0001)     ;
(PID.TID 0000.0001) implicDiv2DFlow =  /* Barot. Flow Div. implicit factor (0-1) */
(PID.TID 0000.0001)                 1.000000000000000E+00
(PID.TID 0000.0001)     ;
(PID.TID 0000.0001) uniformLin_PhiSurf = /* use uniform Bo_surf on/off flag */
(PID.TID 0000.0001)                   T
(PID.TID 0000.0001)     ;
(PID.TID 0000.0001) uniformFreeSurfLev = /* free-surface level-index is uniform */
(PID.TID 0000.0001)                   T
(PID.TID 0000.0001)     ;
(PID.TID 0000.0001) sIceLoadFac =  /* scale factor for sIceLoad (0-1) */
(PID.TID 0000.0001)                 1.000000000000000E+00
(PID.TID 0000.0001)     ;
(PID.TID 0000.0001) hFacMin =   /* minimum partial cell factor (hFac) */
(PID.TID 0000.0001)                 1.000000000000000E+00
(PID.TID 0000.0001)     ;
(PID.TID 0000.0001) hFacMinDr = /* minimum partial cell thickness ( m) */
(PID.TID 0000.0001)                 0.000000000000000E+00
(PID.TID 0000.0001)     ;
(PID.TID 0000.0001) exactConserv =  /* Exact Volume Conservation on/off flag */
(PID.TID 0000.0001)                   T
(PID.TID 0000.0001)     ;
(PID.TID 0000.0001) linFSConserveTr = /* Tracer correction for Lin Free Surface on/off flag */
(PID.TID 0000.0001)                   F
(PID.TID 0000.0001)     ;
(PID.TID 0000.0001) nonlinFreeSurf = /* Non-linear Free Surf. options (-1,0,1,2,3)*/
(PID.TID 0000.0001)                       0
(PID.TID 0000.0001)      -1,0= Off ; 1,2,3= On, 2=+rescale gU,gV, 3=+update cg2d solv.
(PID.TID 0000.0001)     ;
(PID.TID 0000.0001) hFacInf =   /* lower threshold for hFac (nonlinFreeSurf only)*/
(PID.TID 0000.0001)                 2.000000000000000E-01
(PID.TID 0000.0001)     ;
(PID.TID 0000.0001) hFacSup =   /* upper threshold for hFac (nonlinFreeSurf only)*/
(PID.TID 0000.0001)                 2.000000000000000E+00
(PID.TID 0000.0001)     ;
(PID.TID 0000.0001) select_rStar = /* r* Vertical coord. options (=0 r coord.; >0 uses r*)*/
(PID.TID 0000.0001)                       0
(PID.TID 0000.0001)     ;
(PID.TID 0000.0001) useRealFreshWaterFlux = /* Real Fresh Water Flux on/off flag*/
(PID.TID 0000.0001)                   F
(PID.TID 0000.0001)     ;
(PID.TID 0000.0001) temp_EvPrRn = /* Temp. of Evap/Prec/R (UNSET=use local T)(oC)*/
(PID.TID 0000.0001)                 1.234567000000000E+05
(PID.TID 0000.0001)     ;
(PID.TID 0000.0001) salt_EvPrRn = /* Salin. of Evap/Prec/R (UNSET=use local S)(g/kg)*/
(PID.TID 0000.0001)                 0.000000000000000E+00
(PID.TID 0000.0001)     ;
(PID.TID 0000.0001) selectAddFluid = /* option for mass source/sink of fluid (=0: off) */
(PID.TID 0000.0001)                       0
(PID.TID 0000.0001)     ;
(PID.TID 0000.0001) temp_addMass = /* Temp. of addMass array (UNSET=use local T)(oC)*/
(PID.TID 0000.0001)                 1.234567000000000E+05
(PID.TID 0000.0001)     ;
(PID.TID 0000.0001) salt_addMass = /* Salin. of addMass array (UNSET=use local S)(g/kg)*/
(PID.TID 0000.0001)                 0.000000000000000E+00
(PID.TID 0000.0001)     ;
(PID.TID 0000.0001) convertFW2Salt = /* convert F.W. Flux to Salt Flux (-1=use local S)(g/kg)*/
(PID.TID 0000.0001)                 3.500000000000000E+01
(PID.TID 0000.0001)     ;
(PID.TID 0000.0001) use3Dsolver = /* use 3-D pressure solver on/off flag */
(PID.TID 0000.0001)                   F
(PID.TID 0000.0001)     ;
(PID.TID 0000.0001) nonHydrostatic =  /* Non-Hydrostatic on/off flag */
(PID.TID 0000.0001)                   F
(PID.TID 0000.0001)     ;
(PID.TID 0000.0001) nh_Am2 = /* Non-Hydrostatic terms scaling factor */
(PID.TID 0000.0001)                 1.000000000000000E+00
(PID.TID 0000.0001)     ;
(PID.TID 0000.0001) implicitNHPress = /* Non-Hyd Pressure implicit factor (0-1)*/
(PID.TID 0000.0001)                 1.000000000000000E+00
(PID.TID 0000.0001)     ;
(PID.TID 0000.0001) selectNHfreeSurf = /* Non-Hyd (free-)Surface option */
(PID.TID 0000.0001)                       0
(PID.TID 0000.0001)     ;
(PID.TID 0000.0001) quasiHydrostatic = /* Quasi-Hydrostatic on/off flag */
(PID.TID 0000.0001)                   F
(PID.TID 0000.0001)     ;
(PID.TID 0000.0001) calc_wVelocity = /* vertical velocity calculation on/off flag */
(PID.TID 0000.0001)                   T
(PID.TID 0000.0001)     ;
(PID.TID 0000.0001) momStepping =  /* Momentum equation on/off flag */
(PID.TID 0000.0001)                   T
(PID.TID 0000.0001)     ;
(PID.TID 0000.0001) vectorInvariantMomentum= /* Vector-Invariant Momentum on/off */
(PID.TID 0000.0001)                   F
(PID.TID 0000.0001)     ;
(PID.TID 0000.0001) momAdvection =  /* Momentum advection on/off flag */
(PID.TID 0000.0001)                   T
(PID.TID 0000.0001)     ;
(PID.TID 0000.0001) momViscosity =  /* Momentum viscosity on/off flag */
(PID.TID 0000.0001)                   T
(PID.TID 0000.0001)     ;
(PID.TID 0000.0001) momImplVertAdv= /* Momentum implicit vert. advection on/off*/
(PID.TID 0000.0001)                   F
(PID.TID 0000.0001)     ;
(PID.TID 0000.0001) implicitViscosity = /* Implicit viscosity on/off flag */
(PID.TID 0000.0001)                   F
(PID.TID 0000.0001)     ;
(PID.TID 0000.0001) selectImplicitDrag= /* Implicit bot Drag options (0,1,2)*/
(PID.TID 0000.0001)                       0
(PID.TID 0000.0001)     0= Expl. ; 1= Impl. on provis. Vel ; 2= Fully Impl (with surf.P)
(PID.TID 0000.0001)     ;
(PID.TID 0000.0001) metricTerms =  /* metric-Terms on/off flag */
(PID.TID 0000.0001)                   T
(PID.TID 0000.0001)     ;
(PID.TID 0000.0001) useNHMTerms = /* Non-Hydrostatic Metric-Terms on/off */
(PID.TID 0000.0001)                   F
(PID.TID 0000.0001)     ;
(PID.TID 0000.0001) selectCoriMap = /* Coriolis Map options (0,1,2,3)*/
(PID.TID 0000.0001)                       2
(PID.TID 0000.0001)     0= f-Plane ; 1= Beta-Plane ; 2= Spherical ; 3= read from file
(PID.TID 0000.0001)     ;
(PID.TID 0000.0001) use3dCoriolis = /* 3-D Coriolis on/off flag */
(PID.TID 0000.0001)                   F
(PID.TID 0000.0001)     ;
(PID.TID 0000.0001) useCoriolis =  /* Coriolis on/off flag */
(PID.TID 0000.0001)                   T
(PID.TID 0000.0001)     ;
(PID.TID 0000.0001) useCDscheme =  /* CD scheme on/off flag */
(PID.TID 0000.0001)                   F
(PID.TID 0000.0001)     ;
(PID.TID 0000.0001) selectCoriScheme= /* Scheme selector for Coriolis-Term */
(PID.TID 0000.0001)                       0
(PID.TID 0000.0001)    = 0 : original discretization (simple averaging, no hFac)
(PID.TID 0000.0001)    = 1 : Wet-point averaging (Jamar & Ozer 1986)
(PID.TID 0000.0001)    = 2 : energy conserving scheme (no hFac weight)
(PID.TID 0000.0001)    = 3 : energy conserving scheme using Wet-point averaging
(PID.TID 0000.0001)     ;
(PID.TID 0000.0001) momForcing =  /* Momentum forcing on/off flag */
(PID.TID 0000.0001)                   T
(PID.TID 0000.0001)     ;
(PID.TID 0000.0001) momTidalForcing = /* Momentum Tidal forcing on/off flag */
(PID.TID 0000.0001)                   T
(PID.TID 0000.0001)     ;
(PID.TID 0000.0001) momPressureForcing =  /* Momentum pressure term on/off flag */
(PID.TID 0000.0001)                   T
(PID.TID 0000.0001)     ;
(PID.TID 0000.0001) implicitIntGravWave= /* Implicit Internal Gravity Wave flag */
(PID.TID 0000.0001)                   F
(PID.TID 0000.0001)     ;
(PID.TID 0000.0001) staggerTimeStep =    /* Stagger time stepping on/off flag */
(PID.TID 0000.0001)                   F
(PID.TID 0000.0001)     ;
(PID.TID 0000.0001) doResetHFactors = /* reset thickness factors @ each time-step */
(PID.TID 0000.0001)                   F
(PID.TID 0000.0001)     ;
(PID.TID 0000.0001) multiDimAdvection =  /* enable/disable Multi-Dim Advection */
(PID.TID 0000.0001)                   T
(PID.TID 0000.0001)     ;
(PID.TID 0000.0001) useMultiDimAdvec =   /* Multi-Dim Advection is/is-not used */
(PID.TID 0000.0001)                   F
(PID.TID 0000.0001)     ;
(PID.TID 0000.0001) implicitDiffusion = /* Implicit Diffusion on/off flag */
(PID.TID 0000.0001)                   T
(PID.TID 0000.0001)     ;
(PID.TID 0000.0001) tempStepping =  /* Temperature equation on/off flag */
(PID.TID 0000.0001)                   T
(PID.TID 0000.0001)     ;
(PID.TID 0000.0001) tempAdvection = /* Temperature advection on/off flag */
(PID.TID 0000.0001)                   T
(PID.TID 0000.0001)     ;
(PID.TID 0000.0001) tempImplVertAdv = /* Temp. implicit vert. advection on/off */
(PID.TID 0000.0001)                   F
(PID.TID 0000.0001)     ;
(PID.TID 0000.0001) tempForcing  =  /* Temperature forcing on/off flag */
(PID.TID 0000.0001)                   T
(PID.TID 0000.0001)     ;
(PID.TID 0000.0001) doThetaClimRelax = /* apply SST relaxation on/off flag */
(PID.TID 0000.0001)                   T
(PID.TID 0000.0001)     ;
(PID.TID 0000.0001) tempIsActiveTr = /* Temp. is a dynamically Active Tracer */
(PID.TID 0000.0001)                   T
(PID.TID 0000.0001)     ;
(PID.TID 0000.0001) saltStepping =  /* Salinity equation on/off flag */
(PID.TID 0000.0001)                   F
(PID.TID 0000.0001)     ;
(PID.TID 0000.0001) saltAdvection = /* Salinity advection on/off flag */
(PID.TID 0000.0001)                   F
(PID.TID 0000.0001)     ;
(PID.TID 0000.0001) saltImplVertAdv = /* Sali. implicit vert. advection on/off */
(PID.TID 0000.0001)                   F
(PID.TID 0000.0001)     ;
(PID.TID 0000.0001) saltForcing  =  /* Salinity forcing on/off flag */
(PID.TID 0000.0001)                   F
(PID.TID 0000.0001)     ;
(PID.TID 0000.0001) doSaltClimRelax = /* apply SSS relaxation on/off flag */
(PID.TID 0000.0001)                   F
(PID.TID 0000.0001)     ;
(PID.TID 0000.0001) saltIsActiveTr = /* Salt  is a dynamically Active Tracer */
(PID.TID 0000.0001)                   F
(PID.TID 0000.0001)     ;
(PID.TID 0000.0001)  readBinaryPrec = /* Precision used for reading binary files */
(PID.TID 0000.0001)                      32
(PID.TID 0000.0001)     ;
(PID.TID 0000.0001) writeBinaryPrec = /* Precision used for writing binary files */
(PID.TID 0000.0001)                      32
(PID.TID 0000.0001)     ;
(PID.TID 0000.0001)  rwSuffixType =   /* select format of mds file suffix */
(PID.TID 0000.0001)                       0
(PID.TID 0000.0001)    = 0 : myIter (I10.10) ;   = 1 : 100*myTime (100th sec) ;
(PID.TID 0000.0001)    = 2 : myTime (seconds);   = 3 : myTime/360 (10th of hr);
(PID.TID 0000.0001)    = 4 : myTime/3600 (hours)
(PID.TID 0000.0001)     ;
(PID.TID 0000.0001)  globalFiles = /* write "global" (=not per tile) files */
(PID.TID 0000.0001)                   F
(PID.TID 0000.0001)     ;
(PID.TID 0000.0001)  useSingleCpuIO = /* only master MPI process does I/O */
(PID.TID 0000.0001)                   T
(PID.TID 0000.0001)     ;
(PID.TID 0000.0001)  useSingleCpuInput = /* only master process reads input */
(PID.TID 0000.0001)                   T
(PID.TID 0000.0001)     ;
(PID.TID 0000.0001) /* debLev[*]  : level of debug & auxiliary message printing */
(PID.TID 0000.0001) debLevZero =  0 ; /* level of disabled aux. msg printing */
(PID.TID 0000.0001)    debLevA =  1 ; /* level of minimum  aux. msg printing */
(PID.TID 0000.0001)    debLevB =  2 ; /* level of low aux. print (report read-file opening)*/
(PID.TID 0000.0001)    debLevC =  3 ; /* level of moderate debug prt (most pkgs debug msg) */
(PID.TID 0000.0001)    debLevD =  4 ; /* level of enhanced debug prt (add DEBUG_STATS prt) */
(PID.TID 0000.0001)    debLevE =  5 ; /* level of extensive debug printing */
(PID.TID 0000.0001) debugLevel =  /* select debug printing level */
(PID.TID 0000.0001)                       1
(PID.TID 0000.0001)     ;
(PID.TID 0000.0001)  plotLevel =  /* select PLOT_FIELD printing level */
(PID.TID 0000.0001)                       1
(PID.TID 0000.0001)     ;
(PID.TID 0000.0001) //
(PID.TID 0000.0001) // Elliptic solver(s) paramters ( PARM02 in namelist )
(PID.TID 0000.0001) //
(PID.TID 0000.0001) cg2dMaxIters =   /* Upper limit on 2d con. grad iterations  */
(PID.TID 0000.0001)                    1000
(PID.TID 0000.0001)     ;
(PID.TID 0000.0001) cg2dMinItersNSA =   /* Minimum number of iterations of 2d con. grad solver  */
(PID.TID 0000.0001)                       0
(PID.TID 0000.0001)     ;
(PID.TID 0000.0001) cg2dUseMinResSol= /* use cg2d last-iter(=0) / min-resid.(=1) solution */
(PID.TID 0000.0001)                       0
(PID.TID 0000.0001)     ;
(PID.TID 0000.0001) cg2dTargetResidual =   /* 2d con. grad target residual  */
(PID.TID 0000.0001)                 1.000000000000000E-12
(PID.TID 0000.0001)     ;
(PID.TID 0000.0001) cg2dTargetResWunit =   /* CG2d target residual [W units] */
(PID.TID 0000.0001)                -1.000000000000000E+00
(PID.TID 0000.0001)     ;
(PID.TID 0000.0001) cg2dPreCondFreq =   /* Freq. for updating cg2d preconditioner */
(PID.TID 0000.0001)                       1
(PID.TID 0000.0001)     ;
(PID.TID 0000.0001) useSRCGSolver =  /* use single reduction CG solver(s) */
(PID.TID 0000.0001)                   F
(PID.TID 0000.0001)     ;
(PID.TID 0000.0001) useNSACGSolver =  /* use not-self-adjoint CG solver */
(PID.TID 0000.0001)                   F
(PID.TID 0000.0001)     ;
(PID.TID 0000.0001) printResidualFreq = /* Freq. for printing CG residual */
(PID.TID 0000.0001)                       0
(PID.TID 0000.0001)     ;
(PID.TID 0000.0001) //
(PID.TID 0000.0001) // Time stepping paramters ( PARM03 in namelist )
(PID.TID 0000.0001) //
(PID.TID 0000.0001) deltaTMom =   /* Momentum equation timestep ( s ) */
(PID.TID 0000.0001)                 1.200000000000000E+03
(PID.TID 0000.0001)     ;
(PID.TID 0000.0001) deltaTFreeSurf = /* FreeSurface equation timestep ( s ) */
(PID.TID 0000.0001)                 1.200000000000000E+03
(PID.TID 0000.0001)     ;
(PID.TID 0000.0001) dTtracerLev =  /* Tracer equation timestep ( s ) */
(PID.TID 0000.0001)    15 @  1.200000000000000E+03              /* K =  1: 15 */
(PID.TID 0000.0001)     ;
(PID.TID 0000.0001) deltaTClock  =   /* Model clock timestep ( s ) */
(PID.TID 0000.0001)                 1.200000000000000E+03
(PID.TID 0000.0001)     ;
(PID.TID 0000.0001) cAdjFreq =   /* Convective adjustment interval ( s ) */
(PID.TID 0000.0001)                 0.000000000000000E+00
(PID.TID 0000.0001)     ;
(PID.TID 0000.0001) momForcingOutAB = /* =1: take Momentum Forcing out of Adams-Bash. stepping */
(PID.TID 0000.0001)                       0
(PID.TID 0000.0001)     ;
(PID.TID 0000.0001) tracForcingOutAB = /* =1: take T,S,pTr Forcing out of Adams-Bash. stepping */
(PID.TID 0000.0001)                       0
(PID.TID 0000.0001)     ;
(PID.TID 0000.0001) momDissip_In_AB = /* put Dissipation Tendency in Adams-Bash. stepping */
(PID.TID 0000.0001)                   T
(PID.TID 0000.0001)     ;
(PID.TID 0000.0001) doAB_onGtGs = /* apply AB on Tendencies (rather than on T,S)*/
(PID.TID 0000.0001)                   T
(PID.TID 0000.0001)     ;
(PID.TID 0000.0001) abEps =   /* Adams-Bashforth-2 stabilizing weight */
(PID.TID 0000.0001)                 1.000000000000000E-02
(PID.TID 0000.0001)     ;
(PID.TID 0000.0001) applyExchUV_early = /* Apply EXCH to U,V earlier in time-step */
(PID.TID 0000.0001)                   F
(PID.TID 0000.0001)     ;
(PID.TID 0000.0001) pickupStrictlyMatch= /* stop if pickup do not strictly match */
(PID.TID 0000.0001)                   T
(PID.TID 0000.0001)     ;
(PID.TID 0000.0001) nIter0   =   /* Run starting timestep number */
(PID.TID 0000.0001)                 3111120
(PID.TID 0000.0001)     ;
(PID.TID 0000.0001) nTimeSteps = /* Number of timesteps */
(PID.TID 0000.0001)                     720
(PID.TID 0000.0001)     ;
(PID.TID 0000.0001) nEndIter =   /* Run ending timestep number */
(PID.TID 0000.0001)                 3111840
(PID.TID 0000.0001)     ;
(PID.TID 0000.0001) baseTime =   /* Model base time ( s ) */
(PID.TID 0000.0001)                 0.000000000000000E+00
(PID.TID 0000.0001)     ;
(PID.TID 0000.0001) startTime =  /* Run start time ( s ) */
(PID.TID 0000.0001)                 3.733344000000000E+09
(PID.TID 0000.0001)     ;
(PID.TID 0000.0001) endTime  =   /* Integration ending time ( s ) */
(PID.TID 0000.0001)                 3.734208000000000E+09
(PID.TID 0000.0001)     ;
(PID.TID 0000.0001) pChkPtFreq = /* Permanent restart/pickup file interval ( s ) */
(PID.TID 0000.0001)                 0.000000000000000E+00
(PID.TID 0000.0001)     ;
(PID.TID 0000.0001) chkPtFreq  = /* Rolling restart/pickup file interval ( s ) */
(PID.TID 0000.0001)                 0.000000000000000E+00
(PID.TID 0000.0001)     ;
(PID.TID 0000.0001) pickup_write_mdsio =   /* Model IO flag. */
(PID.TID 0000.0001)                   T
(PID.TID 0000.0001)     ;
(PID.TID 0000.0001) pickup_read_mdsio =   /* Model IO flag. */
(PID.TID 0000.0001)                   T
(PID.TID 0000.0001)     ;
(PID.TID 0000.0001) writePickupAtEnd =   /* Model IO flag. */
(PID.TID 0000.0001)                   T
(PID.TID 0000.0001)     ;
(PID.TID 0000.0001) dumpFreq =   /* Model state write out interval ( s ). */
(PID.TID 0000.0001)                 0.000000000000000E+00
(PID.TID 0000.0001)     ;
(PID.TID 0000.0001) dumpInitAndLast= /* write out Initial & Last iter. model state */
(PID.TID 0000.0001)                   T
(PID.TID 0000.0001)     ;
(PID.TID 0000.0001) snapshot_mdsio =   /* Model IO flag. */
(PID.TID 0000.0001)                   T
(PID.TID 0000.0001)     ;
(PID.TID 0000.0001) monitorFreq =   /* Monitor output interval ( s ). */
(PID.TID 0000.0001)                 2.592000000000000E+06
(PID.TID 0000.0001)     ;
(PID.TID 0000.0001) monitorSelect = /* select group of variables to monitor */
(PID.TID 0000.0001)                       2
(PID.TID 0000.0001)     ;
(PID.TID 0000.0001) monitor_stdio =   /* Model IO flag. */
(PID.TID 0000.0001)                   T
(PID.TID 0000.0001)     ;
(PID.TID 0000.0001) externForcingPeriod =   /* forcing period (s) */
(PID.TID 0000.0001)                 0.000000000000000E+00
(PID.TID 0000.0001)     ;
(PID.TID 0000.0001) externForcingCycle =   /* period of the cyle (s). */
(PID.TID 0000.0001)                 0.000000000000000E+00
(PID.TID 0000.0001)     ;
(PID.TID 0000.0001) tauThetaClimRelax =   /* relaxation time scale (s) */
(PID.TID 0000.0001)                 2.592000000000000E+06
(PID.TID 0000.0001)     ;
(PID.TID 0000.0001) tauSaltClimRelax =   /* relaxation time scale (s) */
(PID.TID 0000.0001)                 0.000000000000000E+00
(PID.TID 0000.0001)     ;
(PID.TID 0000.0001) latBandClimRelax =   /* max. Lat. where relaxation */
(PID.TID 0000.0001)                 1.800000000000000E+02
(PID.TID 0000.0001)     ;
(PID.TID 0000.0001) //
(PID.TID 0000.0001) // Gridding paramters ( PARM04 in namelist )
(PID.TID 0000.0001) //
(PID.TID 0000.0001) usingCartesianGrid = /* Cartesian coordinates flag ( True/False ) */
(PID.TID 0000.0001)                   F
(PID.TID 0000.0001)     ;
(PID.TID 0000.0001) usingCylindricalGrid = /* Cylindrical coordinates flag ( True/False ) */
(PID.TID 0000.0001)                   F
(PID.TID 0000.0001)     ;
(PID.TID 0000.0001) usingSphericalPolarGrid = /* Spherical coordinates flag ( True/False ) */
(PID.TID 0000.0001)                   T
(PID.TID 0000.0001)     ;
(PID.TID 0000.0001) usingCurvilinearGrid = /* Curvilinear coordinates flag ( True/False ) */
(PID.TID 0000.0001)                   F
(PID.TID 0000.0001)     ;
(PID.TID 0000.0001) useMin4hFacEdges = /* set hFacW,S as minimum of adjacent hFacC factor */
(PID.TID 0000.0001)                   F
(PID.TID 0000.0001)     ;
(PID.TID 0000.0001) interViscAr_pCell = /* account for partial-cell in interior vert. viscosity */
(PID.TID 0000.0001)                   F
(PID.TID 0000.0001)     ;
(PID.TID 0000.0001) interDiffKr_pCell = /* account for partial-cell in interior vert. diffusion */
(PID.TID 0000.0001)                   F
(PID.TID 0000.0001)     ;
(PID.TID 0000.0001) pCellMix_select = /* option to enhance mixing near surface & bottom */
(PID.TID 0000.0001)                       0
(PID.TID 0000.0001)     ;
(PID.TID 0000.0001) selectSigmaCoord = /* Hybrid-Sigma Vert. Coordinate option */
(PID.TID 0000.0001)                       0
(PID.TID 0000.0001)     ;
(PID.TID 0000.0001) rSigmaBnd = /* r/sigma transition ( units of r ==  m ) */
(PID.TID 0000.0001)                 1.234567000000000E+05
(PID.TID 0000.0001)     ;
(PID.TID 0000.0001) rkSign =   /* index orientation relative to vertical coordinate */
(PID.TID 0000.0001)                -1.000000000000000E+00
(PID.TID 0000.0001)     ;
(PID.TID 0000.0001) gravitySign = /* gravity orientation relative to vertical coordinate */
(PID.TID 0000.0001)                -1.000000000000000E+00
(PID.TID 0000.0001)     ;
(PID.TID 0000.0001) seaLev_Z =  /* reference height of sea-level [m] */
(PID.TID 0000.0001)                 0.000000000000000E+00
(PID.TID 0000.0001)     ;
(PID.TID 0000.0001) top_Pres =  /* reference pressure at the top [Pa] */
(PID.TID 0000.0001)                 0.000000000000000E+00
(PID.TID 0000.0001)     ;
(PID.TID 0000.0001) mass2rUnit = /* convert mass per unit area [kg/m2] to r-units [m] */
(PID.TID 0000.0001)                 1.000200040008002E-03
(PID.TID 0000.0001)     ;
(PID.TID 0000.0001) rUnit2mass = /* convert r-units [m] to mass per unit area [kg/m2] */
(PID.TID 0000.0001)                 9.998000000000000E+02
(PID.TID 0000.0001)     ;
(PID.TID 0000.0001) drC =   /* C spacing ( units of r ) */
(PID.TID 0000.0001)                 2.500000000000000E+01,      /* K =  1 */
(PID.TID 0000.0001)                 5.500000000000000E+01,      /* K =  2 */
(PID.TID 0000.0001)                 6.500000000000000E+01,      /* K =  3 */
(PID.TID 0000.0001)                 7.500000000000000E+01,      /* K =  4 */
(PID.TID 0000.0001)                 8.500000000000000E+01,      /* K =  5 */
(PID.TID 0000.0001)                 9.500000000000000E+01,      /* K =  6 */
(PID.TID 0000.0001)                 1.050000000000000E+02,      /* K =  7 */
(PID.TID 0000.0001)                 1.150000000000000E+02,      /* K =  8 */
(PID.TID 0000.0001)                 1.250000000000000E+02,      /* K =  9 */
(PID.TID 0000.0001)                 1.350000000000000E+02,      /* K = 10 */
(PID.TID 0000.0001)                 1.450000000000000E+02,      /* K = 11 */
(PID.TID 0000.0001)                 1.550000000000000E+02,      /* K = 12 */
(PID.TID 0000.0001)                 1.650000000000000E+02,      /* K = 13 */
(PID.TID 0000.0001)                 1.750000000000000E+02,      /* K = 14 */
(PID.TID 0000.0001)                 1.850000000000000E+02,      /* K = 15 */
(PID.TID 0000.0001)                 9.500000000000000E+01       /* K = 16 */
(PID.TID 0000.0001)     ;
(PID.TID 0000.0001) drF =   /* W spacing ( units of r ) */
(PID.TID 0000.0001)                 5.000000000000000E+01,      /* K =  1 */
(PID.TID 0000.0001)                 6.000000000000000E+01,      /* K =  2 */
(PID.TID 0000.0001)                 7.000000000000000E+01,      /* K =  3 */
(PID.TID 0000.0001)                 8.000000000000000E+01,      /* K =  4 */
(PID.TID 0000.0001)                 9.000000000000000E+01,      /* K =  5 */
(PID.TID 0000.0001)                 1.000000000000000E+02,      /* K =  6 */
(PID.TID 0000.0001)                 1.100000000000000E+02,      /* K =  7 */
(PID.TID 0000.0001)                 1.200000000000000E+02,      /* K =  8 */
(PID.TID 0000.0001)                 1.300000000000000E+02,      /* K =  9 */
(PID.TID 0000.0001)                 1.400000000000000E+02,      /* K = 10 */
(PID.TID 0000.0001)                 1.500000000000000E+02,      /* K = 11 */
(PID.TID 0000.0001)                 1.600000000000000E+02,      /* K = 12 */
(PID.TID 0000.0001)                 1.700000000000000E+02,      /* K = 13 */
(PID.TID 0000.0001)                 1.800000000000000E+02,      /* K = 14 */
(PID.TID 0000.0001)                 1.900000000000000E+02       /* K = 15 */
(PID.TID 0000.0001)     ;
(PID.TID 0000.0001) delX = /* U spacing ( m - cartesian, degrees - spherical ) */
(PID.TID 0000.0001)    62 @  1.000000000000000E+00              /* I =  1: 62 */
(PID.TID 0000.0001)     ;
(PID.TID 0000.0001) delY = /* V spacing ( m - cartesian, degrees - spherical ) */
(PID.TID 0000.0001)    62 @  1.000000000000000E+00              /* J =  1: 62 */
(PID.TID 0000.0001)     ;
(PID.TID 0000.0001) xgOrigin = /* X-axis origin of West  edge (cartesian: m, lat-lon: deg) */
(PID.TID 0000.0001)                -1.000000000000000E+00
(PID.TID 0000.0001)     ;
(PID.TID 0000.0001) ygOrigin = /* Y-axis origin of South edge (cartesian: m, lat-lon: deg) */
(PID.TID 0000.0001)                 1.400000000000000E+01
(PID.TID 0000.0001)     ;
(PID.TID 0000.0001) rSphere =  /* Radius ( ignored - cartesian, m - spherical ) */
(PID.TID 0000.0001)                 6.370000000000000E+06
(PID.TID 0000.0001)     ;
(PID.TID 0000.0001) deepAtmosphere = /* Deep/Shallow Atmosphere flag (True/False) */
(PID.TID 0000.0001)                   F
(PID.TID 0000.0001)     ;
(PID.TID 0000.0001) xC =  /* xC(:,1,:,1) : P-point X coord ( deg. or m if cartesian) */
(PID.TID 0000.0001)                -5.000000000000000E-01,      /* I =  1 */
(PID.TID 0000.0001)                 5.000000000000000E-01,      /* I =  2 */
(PID.TID 0000.0001)                 1.500000000000000E+00,      /* I =  3 */
(PID.TID 0000.0001)                 2.500000000000000E+00,      /* I =  4 */
(PID.TID 0000.0001)                 3.500000000000000E+00,      /* I =  5 */
(PID.TID 0000.0001)                 4.500000000000000E+00,      /* I =  6 */
(PID.TID 0000.0001)                 5.500000000000000E+00,      /* I =  7 */
(PID.TID 0000.0001)                 6.500000000000000E+00,      /* I =  8 */
(PID.TID 0000.0001)                 7.500000000000000E+00,      /* I =  9 */
(PID.TID 0000.0001)                 8.500000000000000E+00,      /* I = 10 */
(PID.TID 0000.0001)                 9.500000000000000E+00,      /* I = 11 */
(PID.TID 0000.0001)                 1.050000000000000E+01,      /* I = 12 */
(PID.TID 0000.0001)                 1.150000000000000E+01,      /* I = 13 */
(PID.TID 0000.0001)                 1.250000000000000E+01,      /* I = 14 */
(PID.TID 0000.0001)                 1.350000000000000E+01,      /* I = 15 */
(PID.TID 0000.0001)                 1.450000000000000E+01,      /* I = 16 */
(PID.TID 0000.0001)                 1.550000000000000E+01,      /* I = 17 */
(PID.TID 0000.0001)                 1.650000000000000E+01,      /* I = 18 */
(PID.TID 0000.0001)                 1.750000000000000E+01,      /* I = 19 */
(PID.TID 0000.0001)                 1.850000000000000E+01,      /* I = 20 */
(PID.TID 0000.0001)                 1.950000000000000E+01,      /* I = 21 */
(PID.TID 0000.0001)                 2.050000000000000E+01,      /* I = 22 */
(PID.TID 0000.0001)                 2.150000000000000E+01,      /* I = 23 */
(PID.TID 0000.0001)                 2.250000000000000E+01,      /* I = 24 */
(PID.TID 0000.0001)                 2.350000000000000E+01,      /* I = 25 */
(PID.TID 0000.0001)                 2.450000000000000E+01,      /* I = 26 */
(PID.TID 0000.0001)                 2.550000000000000E+01,      /* I = 27 */
(PID.TID 0000.0001)                 2.650000000000000E+01,      /* I = 28 */
(PID.TID 0000.0001)                 2.750000000000000E+01,      /* I = 29 */
(PID.TID 0000.0001)                 2.850000000000000E+01,      /* I = 30 */
(PID.TID 0000.0001)                 2.950000000000000E+01       /* I = 31 */
(PID.TID 0000.0001)     ;
(PID.TID 0000.0001) yC =  /* yC(1,:,1,:) : P-point Y coord ( deg. or m if cartesian) */
(PID.TID 0000.0001)                 1.450000000000000E+01,      /* J =  1 */
(PID.TID 0000.0001)                 1.550000000000000E+01,      /* J =  2 */
(PID.TID 0000.0001)                 1.650000000000000E+01,      /* J =  3 */
(PID.TID 0000.0001)                 1.750000000000000E+01,      /* J =  4 */
(PID.TID 0000.0001)                 1.850000000000000E+01,      /* J =  5 */
(PID.TID 0000.0001)                 1.950000000000000E+01,      /* J =  6 */
(PID.TID 0000.0001)                 2.050000000000000E+01,      /* J =  7 */
(PID.TID 0000.0001)                 2.150000000000000E+01,      /* J =  8 */
(PID.TID 0000.0001)                 2.250000000000000E+01,      /* J =  9 */
(PID.TID 0000.0001)                 2.350000000000000E+01,      /* J = 10 */
(PID.TID 0000.0001)                 2.450000000000000E+01,      /* J = 11 */
(PID.TID 0000.0001)                 2.550000000000000E+01,      /* J = 12 */
(PID.TID 0000.0001)                 2.650000000000000E+01,      /* J = 13 */
(PID.TID 0000.0001)                 2.750000000000000E+01,      /* J = 14 */
(PID.TID 0000.0001)                 2.850000000000000E+01,      /* J = 15 */
(PID.TID 0000.0001)                 2.950000000000000E+01,      /* J = 16 */
(PID.TID 0000.0001)                 3.050000000000000E+01,      /* J = 17 */
(PID.TID 0000.0001)                 3.150000000000000E+01,      /* J = 18 */
(PID.TID 0000.0001)                 3.250000000000000E+01,      /* J = 19 */
(PID.TID 0000.0001)                 3.350000000000000E+01,      /* J = 20 */
(PID.TID 0000.0001)                 3.450000000000000E+01,      /* J = 21 */
(PID.TID 0000.0001)                 3.550000000000000E+01,      /* J = 22 */
(PID.TID 0000.0001)                 3.650000000000000E+01,      /* J = 23 */
(PID.TID 0000.0001)                 3.750000000000000E+01,      /* J = 24 */
(PID.TID 0000.0001)                 3.850000000000000E+01,      /* J = 25 */
(PID.TID 0000.0001)                 3.950000000000000E+01,      /* J = 26 */
(PID.TID 0000.0001)                 4.050000000000000E+01,      /* J = 27 */
(PID.TID 0000.0001)                 4.150000000000000E+01,      /* J = 28 */
(PID.TID 0000.0001)                 4.250000000000000E+01,      /* J = 29 */
(PID.TID 0000.0001)                 4.350000000000000E+01,      /* J = 30 */
(PID.TID 0000.0001)                 4.450000000000000E+01       /* J = 31 */
(PID.TID 0000.0001)     ;
(PID.TID 0000.0001) rcoord = /* P-point R coordinate (  units of r ) */
(PID.TID 0000.0001)                -2.500000000000000E+01,      /* K =  1 */
(PID.TID 0000.0001)                -8.000000000000000E+01,      /* K =  2 */
(PID.TID 0000.0001)                -1.450000000000000E+02,      /* K =  3 */
(PID.TID 0000.0001)                -2.200000000000000E+02,      /* K =  4 */
(PID.TID 0000.0001)                -3.050000000000000E+02,      /* K =  5 */
(PID.TID 0000.0001)                -4.000000000000000E+02,      /* K =  6 */
(PID.TID 0000.0001)                -5.050000000000000E+02,      /* K =  7 */
(PID.TID 0000.0001)                -6.200000000000000E+02,      /* K =  8 */
(PID.TID 0000.0001)                -7.450000000000000E+02,      /* K =  9 */
(PID.TID 0000.0001)                -8.800000000000000E+02,      /* K = 10 */
(PID.TID 0000.0001)                -1.025000000000000E+03,      /* K = 11 */
(PID.TID 0000.0001)                -1.180000000000000E+03,      /* K = 12 */
(PID.TID 0000.0001)                -1.345000000000000E+03,      /* K = 13 */
(PID.TID 0000.0001)                -1.520000000000000E+03,      /* K = 14 */
(PID.TID 0000.0001)                -1.705000000000000E+03       /* K = 15 */
(PID.TID 0000.0001)     ;
(PID.TID 0000.0001) rF =   /* W-Interf. R coordinate (  units of r ) */
(PID.TID 0000.0001)                 0.000000000000000E+00,      /* K =  1 */
(PID.TID 0000.0001)                -5.000000000000000E+01,      /* K =  2 */
(PID.TID 0000.0001)                -1.100000000000000E+02,      /* K =  3 */
(PID.TID 0000.0001)                -1.800000000000000E+02,      /* K =  4 */
(PID.TID 0000.0001)                -2.600000000000000E+02,      /* K =  5 */
(PID.TID 0000.0001)                -3.500000000000000E+02,      /* K =  6 */
(PID.TID 0000.0001)                -4.500000000000000E+02,      /* K =  7 */
(PID.TID 0000.0001)                -5.600000000000000E+02,      /* K =  8 */
(PID.TID 0000.0001)                -6.800000000000000E+02,      /* K =  9 */
(PID.TID 0000.0001)                -8.100000000000000E+02,      /* K = 10 */
(PID.TID 0000.0001)                -9.500000000000000E+02,      /* K = 11 */
(PID.TID 0000.0001)                -1.100000000000000E+03,      /* K = 12 */
(PID.TID 0000.0001)                -1.260000000000000E+03,      /* K = 13 */
(PID.TID 0000.0001)                -1.430000000000000E+03,      /* K = 14 */
(PID.TID 0000.0001)                -1.610000000000000E+03,      /* K = 15 */
(PID.TID 0000.0001)                -1.800000000000000E+03       /* K = 16 */
(PID.TID 0000.0001)     ;
(PID.TID 0000.0001) deepFacC = /* deep-model grid factor @ cell-Center (-) */
(PID.TID 0000.0001)    15 @  1.000000000000000E+00              /* K =  1: 15 */
(PID.TID 0000.0001)     ;
(PID.TID 0000.0001) deepFacF = /* deep-model grid factor @ W-Interface (-) */
(PID.TID 0000.0001)    16 @  1.000000000000000E+00              /* K =  1: 16 */
(PID.TID 0000.0001)     ;
(PID.TID 0000.0001) rVel2wUnit = /* convert units: rVel -> wSpeed (=1 if z-coord)*/
(PID.TID 0000.0001)    16 @  1.000000000000000E+00              /* K =  1: 16 */
(PID.TID 0000.0001)     ;
(PID.TID 0000.0001) wUnit2rVel = /* convert units: wSpeed -> rVel (=1 if z-coord)*/
(PID.TID 0000.0001)    16 @  1.000000000000000E+00              /* K =  1: 16 */
(PID.TID 0000.0001)     ;
(PID.TID 0000.0001) dBdrRef = /* Vertical grad. of reference buoyancy [(m/s/r)^2] */
(PID.TID 0000.0001)                 0.000000000000000E+00,      /* K =  1 */
(PID.TID 0000.0001)                 1.070181818181818E-04,      /* K =  2 */
(PID.TID 0000.0001)                 9.055384615384615E-05,      /* K =  3 */
(PID.TID 0000.0001)                 7.848000000000002E-05,      /* K =  4 */
(PID.TID 0000.0001)                 6.924705882352942E-05,      /* K =  5 */
(PID.TID 0000.0001)                 6.195789473684211E-05,      /* K =  6 */
(PID.TID 0000.0001)                 3.737142857142858E-05,      /* K =  7 */
(PID.TID 0000.0001)                 3.412173913043479E-05,      /* K =  8 */
(PID.TID 0000.0001)                 3.139200000000000E-05,      /* K =  9 */
(PID.TID 0000.0001)                 2.906666666666667E-05,      /* K = 10 */
(PID.TID 0000.0001)                 1.353103448275862E-05,      /* K = 11 */
(PID.TID 0000.0001)                 1.265806451612903E-05,      /* K = 12 */
(PID.TID 0000.0001)                 1.189090909090909E-05,      /* K = 13 */
(PID.TID 0000.0001)                 1.121142857142857E-05,      /* K = 14 */
(PID.TID 0000.0001)                 1.060540540540541E-05       /* K = 15 */
(PID.TID 0000.0001)     ;
(PID.TID 0000.0001) rotateGrid = /* use rotated grid ( True/False ) */
(PID.TID 0000.0001)                   F
(PID.TID 0000.0001)     ;
(PID.TID 0000.0001) phiEuler = /* Euler angle, rotation about original z-coordinate [rad] */
(PID.TID 0000.0001)                 0.000000000000000E+00
(PID.TID 0000.0001)     ;
(PID.TID 0000.0001) thetaEuler = /* Euler angle, rotation about new x-coordinate [rad] */
(PID.TID 0000.0001)                 0.000000000000000E+00
(PID.TID 0000.0001)     ;
(PID.TID 0000.0001) psiEuler = /* Euler angle, rotation about new z-coordinate [rad] */
(PID.TID 0000.0001)                 0.000000000000000E+00
(PID.TID 0000.0001)     ;
(PID.TID 0000.0001) dxF =  /* dxF(:,1,:,1) ( units: m ) */
(PID.TID 0000.0001)    31 @  1.076362084889763E+05              /* I =  1: 31 */
(PID.TID 0000.0001)     ;
(PID.TID 0000.0001) dxF =  /* dxF(1,:,1,:) ( units: m ) */
(PID.TID 0000.0001)                 1.076362084889763E+05,      /* J =  1 */
(PID.TID 0000.0001)                 1.071339990328148E+05,      /* J =  2 */
(PID.TID 0000.0001)                 1.065991555227175E+05,      /* J =  3 */
(PID.TID 0000.0001)                 1.060318408771987E+05,      /* J =  4 */
(PID.TID 0000.0001)                 1.054322279057952E+05,      /* J =  5 */
(PID.TID 0000.0001)                 1.048004992564268E+05,      /* J =  6 */
(PID.TID 0000.0001)                 1.041368473597596E+05,      /* J =  7 */
(PID.TID 0000.0001)                 1.034414743705903E+05,      /* J =  8 */
(PID.TID 0000.0001)                 1.027145921062676E+05,      /* J =  9 */
(PID.TID 0000.0001)                 1.019564219821708E+05,      /* J = 10 */
(PID.TID 0000.0001)                 1.011671949442642E+05,      /* J = 11 */
(PID.TID 0000.0001)                 1.003471513987490E+05,      /* J = 12 */
(PID.TID 0000.0001)                 9.949654113883297E+04,      /* J = 13 */
(PID.TID 0000.0001)                 9.861562326864146E+04,      /* J = 14 */
(PID.TID 0000.0001)                 9.770466612429130E+04,      /* J = 15 */
(PID.TID 0000.0001)                 9.676394719215337E+04,      /* J = 16 */
(PID.TID 0000.0001)                 9.579375302432729E+04,      /* J = 17 */
(PID.TID 0000.0001)                 9.479437915135507E+04,      /* J = 18 */
(PID.TID 0000.0001)                 9.376612999219958E+04,      /* J = 19 */
(PID.TID 0000.0001)                 9.270931876151556E+04,      /* J = 20 */
(PID.TID 0000.0001)                 9.162426737424145E+04,      /* J = 21 */
(PID.TID 0000.0001)                 9.051130634754094E+04,      /* J = 22 */
(PID.TID 0000.0001)                 8.937077470012424E+04,      /* J = 23 */
(PID.TID 0000.0001)                 8.820301984897976E+04,      /* J = 24 */
(PID.TID 0000.0001)                 8.700839750354746E+04,      /* J = 25 */
(PID.TID 0000.0001)                 8.578727155736629E+04,      /* J = 26 */
(PID.TID 0000.0001)                 8.454001397722879E+04,      /* J = 27 */
(PID.TID 0000.0001)                 8.326700468987631E+04,      /* J = 28 */
(PID.TID 0000.0001)                 8.196863146626971E+04,      /* J = 29 */
(PID.TID 0000.0001)                 8.064528980347053E+04,      /* J = 30 */
(PID.TID 0000.0001)                 7.929738280416874E+04       /* J = 31 */
(PID.TID 0000.0001)     ;
(PID.TID 0000.0001) dyF =  /* dyF(:,1,:,1) ( units: m ) */
(PID.TID 0000.0001)    31 @  1.111774733520388E+05              /* I =  1: 31 */
(PID.TID 0000.0001)     ;
(PID.TID 0000.0001) dyF =  /* dyF(1,:,1,:) ( units: m ) */
(PID.TID 0000.0001)    31 @  1.111774733520388E+05              /* J =  1: 31 */
(PID.TID 0000.0001)     ;
(PID.TID 0000.0001) dxG =  /* dxG(:,1,:,1) ( units: m ) */
(PID.TID 0000.0001)    31 @  1.078750272516468E+05              /* I =  1: 31 */
(PID.TID 0000.0001)     ;
(PID.TID 0000.0001) dxG =  /* dxG(1,:,1,:) ( units: m ) */
(PID.TID 0000.0001)                 1.078750272516468E+05,      /* J =  1 */
(PID.TID 0000.0001)                 1.073891928122990E+05,      /* J =  2 */
(PID.TID 0000.0001)                 1.068706465845181E+05,      /* J =  3 */
(PID.TID 0000.0001)                 1.063195465225083E+05,      /* J =  4 */
(PID.TID 0000.0001)                 1.057360604966873E+05,      /* J =  5 */
(PID.TID 0000.0001)                 1.051203662425507E+05,      /* J =  6 */
(PID.TID 0000.0001)                 1.044726513065328E+05,      /* J =  7 */
(PID.TID 0000.0001)                 1.037931129888776E+05,      /* J =  8 */
(PID.TID 0000.0001)                 1.030819582835396E+05,      /* J =  9 */
(PID.TID 0000.0001)                 1.023394038151311E+05,      /* J = 10 */
(PID.TID 0000.0001)                 1.015656757729363E+05,      /* J = 11 */
(PID.TID 0000.0001)                 1.007610098420124E+05,      /* J = 12 */
(PID.TID 0000.0001)                 9.992565113139673E+04,      /* J = 13 */
(PID.TID 0000.0001)                 9.905985409944496E+04,      /* J = 14 */
(PID.TID 0000.0001)                 9.816388247632013E+04,      /* J = 15 */
(PID.TID 0000.0001)                 9.723800918365814E+04,      /* J = 16 */
(PID.TID 0000.0001)                 9.628251625143306E+04,      /* J = 17 */
(PID.TID 0000.0001)                 9.529769473204810E+04,      /* J = 18 */
(PID.TID 0000.0001)                 9.428384461167829E+04,      /* J = 19 */
(PID.TID 0000.0001)                 9.324127471889161E+04,      /* J = 20 */
(PID.TID 0000.0001)                 9.217030263057708E+04,      /* J = 21 */
(PID.TID 0000.0001)                 9.107125457520749E+04,      /* J = 22 */
(PID.TID 0000.0001)                 8.994446533346726E+04,      /* J = 23 */
(PID.TID 0000.0001)                 8.879027813627482E+04,      /* J = 24 */
(PID.TID 0000.0001)                 8.760904456023136E+04,      /* J = 25 */
(PID.TID 0000.0001)                 8.640112442052698E+04,      /* J = 26 */
(PID.TID 0000.0001)                 8.516688566133760E+04,      /* J = 27 */
(PID.TID 0000.0001)                 8.390670424374563E+04,      /* J = 28 */
(PID.TID 0000.0001)                 8.262096403121852E+04,      /* J = 29 */
(PID.TID 0000.0001)                 8.131005667268026E+04,      /* J = 30 */
(PID.TID 0000.0001)                 7.997438148321131E+04       /* J = 31 */
(PID.TID 0000.0001)     ;
(PID.TID 0000.0001) dyG =  /* dyG(:,1,:,1) ( units: m ) */
(PID.TID 0000.0001)    31 @  1.111774733520388E+05              /* I =  1: 31 */
(PID.TID 0000.0001)     ;
(PID.TID 0000.0001) dyG =  /* dyG(1,:,1,:) ( units: m ) */
(PID.TID 0000.0001)    31 @  1.111774733520388E+05              /* J =  1: 31 */
(PID.TID 0000.0001)     ;
(PID.TID 0000.0001) dxC =  /* dxC(:,1,:,1) ( units: m ) */
(PID.TID 0000.0001)    31 @  1.076362084889763E+05              /* I =  1: 31 */
(PID.TID 0000.0001)     ;
(PID.TID 0000.0001) dxC =  /* dxC(1,:,1,:) ( units: m ) */
(PID.TID 0000.0001)                 1.076362084889763E+05,      /* J =  1 */
(PID.TID 0000.0001)                 1.071339990328148E+05,      /* J =  2 */
(PID.TID 0000.0001)                 1.065991555227175E+05,      /* J =  3 */
(PID.TID 0000.0001)                 1.060318408771987E+05,      /* J =  4 */
(PID.TID 0000.0001)                 1.054322279057952E+05,      /* J =  5 */
(PID.TID 0000.0001)                 1.048004992564268E+05,      /* J =  6 */
(PID.TID 0000.0001)                 1.041368473597596E+05,      /* J =  7 */
(PID.TID 0000.0001)                 1.034414743705903E+05,      /* J =  8 */
(PID.TID 0000.0001)                 1.027145921062676E+05,      /* J =  9 */
(PID.TID 0000.0001)                 1.019564219821708E+05,      /* J = 10 */
(PID.TID 0000.0001)                 1.011671949442642E+05,      /* J = 11 */
(PID.TID 0000.0001)                 1.003471513987490E+05,      /* J = 12 */
(PID.TID 0000.0001)                 9.949654113883297E+04,      /* J = 13 */
(PID.TID 0000.0001)                 9.861562326864146E+04,      /* J = 14 */
(PID.TID 0000.0001)                 9.770466612429130E+04,      /* J = 15 */
(PID.TID 0000.0001)                 9.676394719215337E+04,      /* J = 16 */
(PID.TID 0000.0001)                 9.579375302432729E+04,      /* J = 17 */
(PID.TID 0000.0001)                 9.479437915135507E+04,      /* J = 18 */
(PID.TID 0000.0001)                 9.376612999219958E+04,      /* J = 19 */
(PID.TID 0000.0001)                 9.270931876151556E+04,      /* J = 20 */
(PID.TID 0000.0001)                 9.162426737424145E+04,      /* J = 21 */
(PID.TID 0000.0001)                 9.051130634754094E+04,      /* J = 22 */
(PID.TID 0000.0001)                 8.937077470012424E+04,      /* J = 23 */
(PID.TID 0000.0001)                 8.820301984897976E+04,      /* J = 24 */
(PID.TID 0000.0001)                 8.700839750354746E+04,      /* J = 25 */
(PID.TID 0000.0001)                 8.578727155736629E+04,      /* J = 26 */
(PID.TID 0000.0001)                 8.454001397722879E+04,      /* J = 27 */
(PID.TID 0000.0001)                 8.326700468987631E+04,      /* J = 28 */
(PID.TID 0000.0001)                 8.196863146626971E+04,      /* J = 29 */
(PID.TID 0000.0001)                 8.064528980347053E+04,      /* J = 30 */
(PID.TID 0000.0001)                 7.929738280416874E+04       /* J = 31 */
(PID.TID 0000.0001)     ;
(PID.TID 0000.0001) dyC =  /* dyC(:,1,:,1) ( units: m ) */
(PID.TID 0000.0001)    31 @  1.111774733520388E+05              /* I =  1: 31 */
(PID.TID 0000.0001)     ;
(PID.TID 0000.0001) dyC =  /* dyC(1,:,1,:) ( units: m ) */
(PID.TID 0000.0001)    31 @  1.111774733520388E+05              /* J =  1: 31 */
(PID.TID 0000.0001)     ;
(PID.TID 0000.0001) dxV =  /* dxV(:,1,:,1) ( units: m ) */
(PID.TID 0000.0001)    31 @  1.078750272516468E+05              /* I =  1: 31 */
(PID.TID 0000.0001)     ;
(PID.TID 0000.0001) dxV =  /* dxV(1,:,1,:) ( units: m ) */
(PID.TID 0000.0001)                 1.078750272516468E+05,      /* J =  1 */
(PID.TID 0000.0001)                 1.073891928122990E+05,      /* J =  2 */
(PID.TID 0000.0001)                 1.068706465845181E+05,      /* J =  3 */
(PID.TID 0000.0001)                 1.063195465225083E+05,      /* J =  4 */
(PID.TID 0000.0001)                 1.057360604966873E+05,      /* J =  5 */
(PID.TID 0000.0001)                 1.051203662425507E+05,      /* J =  6 */
(PID.TID 0000.0001)                 1.044726513065328E+05,      /* J =  7 */
(PID.TID 0000.0001)                 1.037931129888776E+05,      /* J =  8 */
(PID.TID 0000.0001)                 1.030819582835396E+05,      /* J =  9 */
(PID.TID 0000.0001)                 1.023394038151311E+05,      /* J = 10 */
(PID.TID 0000.0001)                 1.015656757729363E+05,      /* J = 11 */
(PID.TID 0000.0001)                 1.007610098420124E+05,      /* J = 12 */
(PID.TID 0000.0001)                 9.992565113139673E+04,      /* J = 13 */
(PID.TID 0000.0001)                 9.905985409944496E+04,      /* J = 14 */
(PID.TID 0000.0001)                 9.816388247632013E+04,      /* J = 15 */
(PID.TID 0000.0001)                 9.723800918365814E+04,      /* J = 16 */
(PID.TID 0000.0001)                 9.628251625143306E+04,      /* J = 17 */
(PID.TID 0000.0001)                 9.529769473204810E+04,      /* J = 18 */
(PID.TID 0000.0001)                 9.428384461167829E+04,      /* J = 19 */
(PID.TID 0000.0001)                 9.324127471889161E+04,      /* J = 20 */
(PID.TID 0000.0001)                 9.217030263057708E+04,      /* J = 21 */
(PID.TID 0000.0001)                 9.107125457520749E+04,      /* J = 22 */
(PID.TID 0000.0001)                 8.994446533346726E+04,      /* J = 23 */
(PID.TID 0000.0001)                 8.879027813627482E+04,      /* J = 24 */
(PID.TID 0000.0001)                 8.760904456023136E+04,      /* J = 25 */
(PID.TID 0000.0001)                 8.640112442052698E+04,      /* J = 26 */
(PID.TID 0000.0001)                 8.516688566133760E+04,      /* J = 27 */
(PID.TID 0000.0001)                 8.390670424374563E+04,      /* J = 28 */
(PID.TID 0000.0001)                 8.262096403121852E+04,      /* J = 29 */
(PID.TID 0000.0001)                 8.131005667268026E+04,      /* J = 30 */
(PID.TID 0000.0001)                 7.997438148321131E+04       /* J = 31 */
(PID.TID 0000.0001)     ;
(PID.TID 0000.0001) dyU =  /* dyU(:,1,:,1) ( units: m ) */
(PID.TID 0000.0001)    31 @  1.111774733520388E+05              /* I =  1: 31 */
(PID.TID 0000.0001)     ;
(PID.TID 0000.0001) dyU =  /* dyU(1,:,1,:) ( units: m ) */
(PID.TID 0000.0001)    31 @  1.111774733520388E+05              /* J =  1: 31 */
(PID.TID 0000.0001)     ;
(PID.TID 0000.0001) rA  =  /* rA (:,1,:,1) ( units: m^2 ) */
(PID.TID 0000.0001)    31 @  1.196656981524733E+10              /* I =  1: 31 */
(PID.TID 0000.0001)     ;
(PID.TID 0000.0001) rA  =  /* rA (1,:,1,:) ( units: m^2 ) */
(PID.TID 0000.0001)                 1.196656981524733E+10,      /* J =  1 */
(PID.TID 0000.0001)                 1.191073614548694E+10,      /* J =  2 */
(PID.TID 0000.0001)                 1.185127435011474E+10,      /* J =  3 */
(PID.TID 0000.0001)                 1.178820254176960E+10,      /* J =  4 */
(PID.TID 0000.0001)                 1.172153993273539E+10,      /* J =  5 */
(PID.TID 0000.0001)                 1.165130682908854E+10,      /* J =  6 */
(PID.TID 0000.0001)                 1.157752462451282E+10,      /* J =  7 */
(PID.TID 0000.0001)                 1.150021579378240E+10,      /* J =  8 */
(PID.TID 0000.0001)                 1.141940388591624E+10,      /* J =  9 */
(PID.TID 0000.0001)                 1.133511351700411E+10,      /* J = 10 */
(PID.TID 0000.0001)                 1.124737036270893E+10,      /* J = 11 */
(PID.TID 0000.0001)                 1.115620115044562E+10,      /* J = 12 */
(PID.TID 0000.0001)                 1.106163365123932E+10,      /* J = 13 */
(PID.TID 0000.0001)                 1.096369667126643E+10,      /* J = 14 */
(PID.TID 0000.0001)                 1.086242004307971E+10,      /* J = 15 */
(PID.TID 0000.0001)                 1.075783461652121E+10,      /* J = 16 */
(PID.TID 0000.0001)                 1.064997224932518E+10,      /* J = 17 */
(PID.TID 0000.0001)                 1.053886579741327E+10,      /* J = 18 */
(PID.TID 0000.0001)                 1.042454910488719E+10,      /* J = 19 */
(PID.TID 0000.0001)                 1.030705699371901E+10,      /* J = 20 */
(PID.TID 0000.0001)                 1.018642525314361E+10,      /* J = 21 */
(PID.TID 0000.0001)                 1.006269062875826E+10,      /* J = 22 */
(PID.TID 0000.0001)                 9.935890811327726E+09,      /* J = 23 */
(PID.TID 0000.0001)                 9.806064425305017E+09,      /* J = 24 */
(PID.TID 0000.0001)                 9.673251017064857E+09,      /* J = 25 */
(PID.TID 0000.0001)                 9.537491042857967E+09,      /* J = 26 */
(PID.TID 0000.0001)                 9.398825856487764E+09,      /* J = 27 */
(PID.TID 0000.0001)                 9.257297696713127E+09,      /* J = 28 */
(PID.TID 0000.0001)                 9.112949674382658E+09,      /* J = 29 */
(PID.TID 0000.0001)                 8.965825759302095E+09,      /* J = 30 */
(PID.TID 0000.0001)                 8.815970766841616E+09       /* J = 31 */
(PID.TID 0000.0001)     ;
(PID.TID 0000.0001) rAw =  /* rAw(:,1,:,1) ( units: m^2 ) */
(PID.TID 0000.0001)    31 @  1.196656981524733E+10              /* I =  1: 31 */
(PID.TID 0000.0001)     ;
(PID.TID 0000.0001) rAw =  /* rAw(1,:,1,:) ( units: m^2 ) */
(PID.TID 0000.0001)                 1.196656981524733E+10,      /* J =  1 */
(PID.TID 0000.0001)                 1.191073614548694E+10,      /* J =  2 */
(PID.TID 0000.0001)                 1.185127435011474E+10,      /* J =  3 */
(PID.TID 0000.0001)                 1.178820254176960E+10,      /* J =  4 */
(PID.TID 0000.0001)                 1.172153993273539E+10,      /* J =  5 */
(PID.TID 0000.0001)                 1.165130682908854E+10,      /* J =  6 */
(PID.TID 0000.0001)                 1.157752462451282E+10,      /* J =  7 */
(PID.TID 0000.0001)                 1.150021579378240E+10,      /* J =  8 */
(PID.TID 0000.0001)                 1.141940388591624E+10,      /* J =  9 */
(PID.TID 0000.0001)                 1.133511351700411E+10,      /* J = 10 */
(PID.TID 0000.0001)                 1.124737036270893E+10,      /* J = 11 */
(PID.TID 0000.0001)                 1.115620115044562E+10,      /* J = 12 */
(PID.TID 0000.0001)                 1.106163365123932E+10,      /* J = 13 */
(PID.TID 0000.0001)                 1.096369667126643E+10,      /* J = 14 */
(PID.TID 0000.0001)                 1.086242004307971E+10,      /* J = 15 */
(PID.TID 0000.0001)                 1.075783461652121E+10,      /* J = 16 */
(PID.TID 0000.0001)                 1.064997224932518E+10,      /* J = 17 */
(PID.TID 0000.0001)                 1.053886579741327E+10,      /* J = 18 */
(PID.TID 0000.0001)                 1.042454910488719E+10,      /* J = 19 */
(PID.TID 0000.0001)                 1.030705699371901E+10,      /* J = 20 */
(PID.TID 0000.0001)                 1.018642525314361E+10,      /* J = 21 */
(PID.TID 0000.0001)                 1.006269062875826E+10,      /* J = 22 */
(PID.TID 0000.0001)                 9.935890811327726E+09,      /* J = 23 */
(PID.TID 0000.0001)                 9.806064425305017E+09,      /* J = 24 */
(PID.TID 0000.0001)                 9.673251017064857E+09,      /* J = 25 */
(PID.TID 0000.0001)                 9.537491042857967E+09,      /* J = 26 */
(PID.TID 0000.0001)                 9.398825856487764E+09,      /* J = 27 */
(PID.TID 0000.0001)                 9.257297696713127E+09,      /* J = 28 */
(PID.TID 0000.0001)                 9.112949674382658E+09,      /* J = 29 */
(PID.TID 0000.0001)                 8.965825759302095E+09,      /* J = 30 */
(PID.TID 0000.0001)                 8.815970766841616E+09       /* J = 31 */
(PID.TID 0000.0001)     ;
(PID.TID 0000.0001) rAs =  /* rAs(:,1,:,1) ( units: m^2 ) */
(PID.TID 0000.0001)    31 @  1.199312074487231E+10              /* I =  1: 31 */
(PID.TID 0000.0001)     ;
(PID.TID 0000.0001) rAs =  /* rAs(1,:,1,:) ( units: m^2 ) */
(PID.TID 0000.0001)                 1.199312074487231E+10,      /* J =  1 */
(PID.TID 0000.0001)                 1.193910758500046E+10,      /* J =  2 */
(PID.TID 0000.0001)                 1.188145765730160E+10,      /* J =  3 */
(PID.TID 0000.0001)                 1.182018852250200E+10,      /* J =  4 */
(PID.TID 0000.0001)                 1.175531884377381E+10,      /* J =  5 */
(PID.TID 0000.0001)                 1.168686838104932E+10,      /* J =  6 */
(PID.TID 0000.0001)                 1.161485798500282E+10,      /* J =  7 */
(PID.TID 0000.0001)                 1.153930959069842E+10,      /* J =  8 */
(PID.TID 0000.0001)                 1.146024621090888E+10,      /* J =  9 */
(PID.TID 0000.0001)                 1.137769192910564E+10,      /* J = 10 */
(PID.TID 0000.0001)                 1.129167189212251E+10,      /* J = 11 */
(PID.TID 0000.0001)                 1.120221230249629E+10,      /* J = 12 */
(PID.TID 0000.0001)                 1.110934041048438E+10,      /* J = 13 */
(PID.TID 0000.0001)                 1.101308450576488E+10,      /* J = 14 */
(PID.TID 0000.0001)                 1.091347390881877E+10,      /* J = 15 */
(PID.TID 0000.0001)                 1.081053896199882E+10,      /* J = 16 */
(PID.TID 0000.0001)                 1.070431102028697E+10,      /* J = 17 */
(PID.TID 0000.0001)                 1.059482244174344E+10,      /* J = 18 */
(PID.TID 0000.0001)                 1.048210657764977E+10,      /* J = 19 */
(PID.TID 0000.0001)                 1.036619776235010E+10,      /* J = 20 */
(PID.TID 0000.0001)                 1.024713130279231E+10,      /* J = 21 */
(PID.TID 0000.0001)                 1.012494346777366E+10,      /* J = 22 */
(PID.TID 0000.0001)                 9.999671476892084E+09,      /* J = 23 */
(PID.TID 0000.0001)                 9.871353489209755E+09,      /* J = 24 */
(PID.TID 0000.0001)                 9.740028591628616E+09,      /* J = 25 */
(PID.TID 0000.0001)                 9.605736786984573E+09,      /* J = 26 */
(PID.TID 0000.0001)                 9.468518981862591E+09,      /* J = 27 */
(PID.TID 0000.0001)                 9.328416974134933E+09,      /* J = 28 */
(PID.TID 0000.0001)                 9.185473440230581E+09,      /* J = 29 */
(PID.TID 0000.0001)                 9.039731922134653E+09,      /* J = 30 */
(PID.TID 0000.0001)                 8.891236814125528E+09       /* J = 31 */
(PID.TID 0000.0001)     ;
(PID.TID 0000.0001) globalArea = /* Integrated horizontal Area (m^2) */
(PID.TID 0000.0001)                 3.004640278222630E+13
(PID.TID 0000.0001)     ;
(PID.TID 0000.0001) // =======================================================
(PID.TID 0000.0001) // End of Model config. summary
(PID.TID 0000.0001) // =======================================================
(PID.TID 0000.0001) 
(PID.TID 0000.0001) == Packages configuration : Check & print summary ==
(PID.TID 0000.0001) 
(PID.TID 0000.0001) CTRL_CHECK:  --> Starts to check CTRL set-up
(PID.TID 0000.0001) CTRL_CHECK:  <-- Ends Normally
(PID.TID 0000.0001) 
(PID.TID 0000.0001) COST_CHECK: #define ALLOW_COST
(PID.TID 0000.0001) GRDCHK_CHECK: grdchk package
(PID.TID 0000.0001) GAD_CHECK: #define ALLOW_GENERIC_ADVDIFF
(PID.TID 0000.0001) // =======================================================
(PID.TID 0000.0001) // Check Model config. (CONFIG_CHECK):
(PID.TID 0000.0001) // CONFIG_CHECK : Normal End
(PID.TID 0000.0001) // =======================================================
(PID.TID 0000.0001) 
(PID.TID 0000.0001)  nRecords = 108 ; filePrec =  64 ; fileIter =   3111120
(PID.TID 0000.0001)     nDims =   2 , dims:
(PID.TID 0000.0001)    1:  62   1  62
(PID.TID 0000.0001)    2:  62   1  62
(PID.TID 0000.0001)     nFlds =  10 , nFl3D =   7 , fields:
(PID.TID 0000.0001)  >Uvel    < >Vvel    < >Theta   < >Salt    < >GuNm1   < >GvNm1   < >GtNm1   < >EtaN    < >dEtaHdt < >EtaH    <
(PID.TID 0000.0001) missingVal=  1.00000000000000E+00 ; nTimRec =   1 , timeList:
(PID.TID 0000.0001)   3.733344000000E+09
(PID.TID 0000.0001) READ_MFLDS_3D_RL: read field: "Uvel    ", #   1 in fldList, rec=   1
(PID.TID 0000.0001) READ_MFLDS_3D_RL: read field: "Vvel    ", #   2 in fldList, rec=   2
(PID.TID 0000.0001) READ_MFLDS_3D_RL: read field: "Theta   ", #   3 in fldList, rec=   3
(PID.TID 0000.0001) READ_MFLDS_3D_RL: read field: "Salt    ", #   4 in fldList, rec=   4
(PID.TID 0000.0001) READ_MFLDS_3D_RL: read field: "GuNm1   ", #   5 in fldList, rec=   5
(PID.TID 0000.0001) READ_MFLDS_3D_RL: read field: "GvNm1   ", #   6 in fldList, rec=   6
(PID.TID 0000.0001) READ_MFLDS_3D_RL: read field: "GtNm1   ", #   7 in fldList, rec=   7
(PID.TID 0000.0001) READ_MFLDS_3D_RL: read field: "EtaN    ", #   8 in fldList, rec= 106
(PID.TID 0000.0001) READ_MFLDS_3D_RL: read field: "dEtaHdt ", #   9 in fldList, rec= 107
(PID.TID 0000.0001) READ_MFLDS_CHECK: - normal end ; reset MFLDS file-name: pickup.0003111120
(PID.TID 0000.0001) // =======================================================
(PID.TID 0000.0001) // Model current state
(PID.TID 0000.0001) // =======================================================
(PID.TID 0000.0001) 
(PID.TID 0000.0001) whio : write lev 3 rec   1
(PID.TID 0000.0001) SOLVE_FOR_PRESSURE: putPmEinXvector =    F
 cg2d: Sum(rhs),rhsMax =   8.52651282912120E-13  1.99900718163814E+00
 cg2d: Sum(rhs),rhsMax =   7.81597009336110E-13  1.99891722427463E+00
 cg2d: Sum(rhs),rhsMax =   1.50635059981141E-12  1.99882649286104E+00
 cg2d: Sum(rhs),rhsMax =   5.82645043323282E-13  1.99873498159962E+00
 cg2d: Sum(rhs),rhsMax =   9.37916411203332E-13  1.99864269010628E+00
 cg2d: Sum(rhs),rhsMax =   3.26849658449646E-13  1.99854961876264E+00
 cg2d: Sum(rhs),rhsMax =   4.54747350886464E-13  1.99845576788955E+00
 cg2d: Sum(rhs),rhsMax =   5.25801624462474E-13  1.99836113784468E+00
 cg2d: Sum(rhs),rhsMax =   3.41060513164848E-13  1.99826572897853E+00
 cg2d: Sum(rhs),rhsMax =   9.37916411203332E-13  1.99816954154800E+00
 cg2d: Sum(rhs),rhsMax =   3.69482222595252E-13  1.99807257570752E+00
 cg2d: Sum(rhs),rhsMax =   9.37916411203332E-13  1.99797483157076E+00
 cg2d: Sum(rhs),rhsMax =   4.97379915032070E-13  1.99787630928802E+00
 cg2d: Sum(rhs),rhsMax =   8.52651282912120E-13  1.99777700909586E+00
 cg2d: Sum(rhs),rhsMax =   8.24229573481716E-13  1.99767693132623E+00
 cg2d: Sum(rhs),rhsMax =   5.68434188608080E-13  1.99757607638737E+00
 cg2d: Sum(rhs),rhsMax =   7.10542735760100E-13  1.99747444473723E+00
 cg2d: Sum(rhs),rhsMax =   8.81072992342524E-13  1.99737203686449E+00
 cg2d: Sum(rhs),rhsMax =   6.25277607468888E-13  1.99726885328106E+00
 cg2d: Sum(rhs),rhsMax =   7.81597009336110E-13  1.99716489452377E+00
 cg2d: Sum(rhs),rhsMax =   3.12638803734444E-13  1.99706016115903E+00
 cg2d: Sum(rhs),rhsMax =   3.83693077310454E-13  1.99695465378713E+00
 cg2d: Sum(rhs),rhsMax =   5.68434188608080E-13  1.99684837304370E+00
 cg2d: Sum(rhs),rhsMax =   4.26325641456060E-13  1.99674131959909E+00
 cg2d: Sum(rhs),rhsMax =   3.83693077310454E-13  1.99663349415570E+00
 cg2d: Sum(rhs),rhsMax =   5.40012479177676E-13  1.99652489744398E+00
 cg2d: Sum(rhs),rhsMax =   5.68434188608080E-13  1.99641553021776E+00
 cg2d: Sum(rhs),rhsMax =   7.67386154620908E-13  1.99630539324887E+00
 cg2d: Sum(rhs),rhsMax =   1.26476606965298E-12  1.99619448732192E+00
 cg2d: Sum(rhs),rhsMax =   3.26849658449646E-13  1.99608281322969E+00
 cg2d: Sum(rhs),rhsMax =  -2.41584530158434E-13  1.99597037176933E+00
 cg2d: Sum(rhs),rhsMax =   6.82121026329696E-13  1.99585716374004E+00
 cg2d: Sum(rhs),rhsMax =   7.38964445190504E-13  1.99574318994199E+00
 cg2d: Sum(rhs),rhsMax =   4.83169060316868E-13  1.99562845117595E+00
 cg2d: Sum(rhs),rhsMax =   8.52651282912120E-13  1.99551294824340E+00
 cg2d: Sum(rhs),rhsMax =   5.54223333892878E-13  1.99539668194636E+00
 cg2d: Sum(rhs),rhsMax =   7.81597009336110E-13  1.99527965308675E+00
 cg2d: Sum(rhs),rhsMax =   8.66862137627322E-13  1.99516186246490E+00
 cg2d: Sum(rhs),rhsMax =   6.39488462184090E-13  1.99504331087728E+00
 cg2d: Sum(rhs),rhsMax =   7.10542735760100E-14  1.99492399911349E+00
 cg2d: Sum(rhs),rhsMax =   1.70530256582424E-13  1.99480392795287E+00
 cg2d: Sum(rhs),rhsMax =   7.38964445190504E-13  1.99468309816143E+00
 cg2d: Sum(rhs),rhsMax =   9.80548975348938E-13  1.99456151048905E+00
 cg2d: Sum(rhs),rhsMax =   8.52651282912120E-13  1.99443916566721E+00
 cg2d: Sum(rhs),rhsMax =   1.12265752250096E-12  1.99431606440727E+00
 cg2d: Sum(rhs),rhsMax =   6.11066752753686E-13  1.99419220739920E+00
 cg2d: Sum(rhs),rhsMax =   6.82121026329696E-13  1.99406759531059E+00
 cg2d: Sum(rhs),rhsMax =   4.40536496171262E-13  1.99394222878600E+00
 cg2d: Sum(rhs),rhsMax =   5.11590769747272E-13  1.99381610844648E+00
 cg2d: Sum(rhs),rhsMax =   6.25277607468888E-13  1.99368923488917E+00
 cg2d: Sum(rhs),rhsMax =   1.06581410364015E-12  1.99356160868705E+00
 cg2d: Sum(rhs),rhsMax =   6.53699316899292E-13  1.99343323038886E+00
 cg2d: Sum(rhs),rhsMax =   5.11590769747272E-13  1.99330410051913E+00
 cg2d: Sum(rhs),rhsMax =   8.10018718766514E-13  1.99317421957839E+00
 cg2d: Sum(rhs),rhsMax =   7.38964445190504E-13  1.99304358804364E+00
 cg2d: Sum(rhs),rhsMax =   1.06581410364015E-12  1.99291220636902E+00
 cg2d: Sum(rhs),rhsMax =   4.97379915032070E-13  1.99278007498672E+00
 cg2d: Sum(rhs),rhsMax =   7.95807864051312E-13  1.99264719430797E+00
 cg2d: Sum(rhs),rhsMax =   7.24753590475302E-13  1.99251356472431E+00
 cg2d: Sum(rhs),rhsMax =   5.40012479177676E-13  1.99237918660897E+00
 cg2d: Sum(rhs),rhsMax =   5.96855898038484E-13  1.99224406031819E+00
 cg2d: Sum(rhs),rhsMax =   1.00897068477934E-12  1.99210818619292E+00
 cg2d: Sum(rhs),rhsMax =   7.95807864051312E-13  1.99197156456023E+00
 cg2d: Sum(rhs),rhsMax =   8.10018718766514E-13  1.99183419573504E+00
 cg2d: Sum(rhs),rhsMax =   4.54747350886464E-13  1.99169608002185E+00
 cg2d: Sum(rhs),rhsMax =   4.83169060316868E-13  1.99155721771640E+00
 cg2d: Sum(rhs),rhsMax =   6.96331881044898E-13  1.99141760910769E+00
 cg2d: Sum(rhs),rhsMax =   2.41584530158434E-13  1.99127725447975E+00
 cg2d: Sum(rhs),rhsMax =   6.39488462184090E-13  1.99113615411376E+00
 cg2d: Sum(rhs),rhsMax =   7.10542735760100E-13  1.99099430829005E+00
 cg2d: Sum(rhs),rhsMax =   8.24229573481716E-13  1.99085171729027E+00
 cg2d: Sum(rhs),rhsMax =   3.26849658449646E-13  1.99070838139951E+00
 cg2d: Sum(rhs),rhsMax =   1.05160324892495E-12  1.99056430090849E+00
 cg2d: Sum(rhs),rhsMax =   5.68434188608080E-13  1.99041947611577E+00
 cg2d: Sum(rhs),rhsMax =   2.55795384873636E-13  1.99027390732974E+00
 cg2d: Sum(rhs),rhsMax =   5.96855898038484E-13  1.99012759487094E+00
 cg2d: Sum(rhs),rhsMax =   3.26849658449646E-13  1.98998053907398E+00
 cg2d: Sum(rhs),rhsMax =   5.40012479177676E-13  1.98983274028953E+00
 cg2d: Sum(rhs),rhsMax =   8.81072992342524E-13  1.98968419888621E+00
 cg2d: Sum(rhs),rhsMax =   4.68958205601666E-13  1.98953491525243E+00
 cg2d: Sum(rhs),rhsMax =   3.97903932025656E-13  1.98938488979809E+00
 cg2d: Sum(rhs),rhsMax =   1.12265752250096E-12  1.98923412295613E+00
 cg2d: Sum(rhs),rhsMax =   4.97379915032070E-13  1.98908261518407E+00
 cg2d: Sum(rhs),rhsMax =   1.03739239420975E-12  1.98893036696536E+00
 cg2d: Sum(rhs),rhsMax =   3.97903932025656E-13  1.98877737881065E+00
 cg2d: Sum(rhs),rhsMax =   4.54747350886464E-13  1.98862365125883E+00
 cg2d: Sum(rhs),rhsMax =   7.95807864051312E-13  1.98846918487815E+00
 cg2d: Sum(rhs),rhsMax =   9.66338120633736E-13  1.98831398026689E+00
 cg2d: Sum(rhs),rhsMax =   9.23705556488130E-13  1.98815803805426E+00
 cg2d: Sum(rhs),rhsMax =   9.23705556488130E-13  1.98800135890080E+00
 cg2d: Sum(rhs),rhsMax =   2.27373675443232E-13  1.98784394349884E+00
 cg2d: Sum(rhs),rhsMax =   9.80548975348938E-13  1.98768579257287E+00
 cg2d: Sum(rhs),rhsMax =   4.40536496171262E-13  1.98752690687945E+00
 cg2d: Sum(rhs),rhsMax =   8.10018718766514E-13  1.98736728720735E+00
 cg2d: Sum(rhs),rhsMax =   2.27373675443232E-13  1.98720693437723E+00
 cg2d: Sum(rhs),rhsMax =   6.96331881044898E-13  1.98704584924140E+00
 cg2d: Sum(rhs),rhsMax =   7.67386154620908E-13  1.98688403268324E+00
 cg2d: Sum(rhs),rhsMax =   1.98951966012828E-13  1.98672148561659E+00
 cg2d: Sum(rhs),rhsMax =   5.40012479177676E-13  1.98655820898490E+00
 cg2d: Sum(rhs),rhsMax =   6.67910171614494E-13  1.98639420376027E+00
 cg2d: Sum(rhs),rhsMax =   4.40536496171262E-13  1.98622947094271E+00
 cg2d: Sum(rhs),rhsMax =   8.52651282912120E-13  1.98606401155908E+00
 cg2d: Sum(rhs),rhsMax =   4.54747350886464E-13  1.98589782666181E+00
 cg2d: Sum(rhs),rhsMax =   1.05160324892495E-12  1.98573091732729E+00
 cg2d: Sum(rhs),rhsMax =   2.98427949019242E-13  1.98556328465445E+00
 cg2d: Sum(rhs),rhsMax =   7.53175299905706E-13  1.98539492976335E+00
 cg2d: Sum(rhs),rhsMax =   7.81597009336110E-13  1.98522585379359E+00
 cg2d: Sum(rhs),rhsMax =   5.96855898038484E-13  1.98505605790274E+00
 cg2d: Sum(rhs),rhsMax =   5.82645043323282E-13  1.98488554326477E+00
 cg2d: Sum(rhs),rhsMax =   6.39488462184090E-13  1.98471431106829E+00
 cg2d: Sum(rhs),rhsMax =   4.68958205601666E-13  1.98454236251496E+00
 cg2d: Sum(rhs),rhsMax =   1.70530256582424E-13  1.98436969881764E+00
 cg2d: Sum(rhs),rhsMax =   9.23705556488130E-13  1.98419632119872E+00
 cg2d: Sum(rhs),rhsMax =   6.67910171614494E-13  1.98402223088842E+00
 cg2d: Sum(rhs),rhsMax =   2.27373675443232E-13  1.98384742912312E+00
 cg2d: Sum(rhs),rhsMax =   4.97379915032070E-13  1.98367191714351E+00
 cg2d: Sum(rhs),rhsMax =   7.10542735760100E-13  1.98349569619308E+00
 cg2d: Sum(rhs),rhsMax =   8.52651282912120E-13  1.98331876751651E+00
 cg2d: Sum(rhs),rhsMax =   8.81072992342524E-13  1.98314113235799E+00
 cg2d: Sum(rhs),rhsMax =   8.52651282912120E-13  1.98296279195984E+00
 cg2d: Sum(rhs),rhsMax =   1.02318153949454E-12  1.98278374756094E+00
 cg2d: Sum(rhs),rhsMax =   6.53699316899292E-13  1.98260400039550E+00
 cg2d: Sum(rhs),rhsMax =   4.68958205601666E-13  1.98242355169166E+00
 cg2d: Sum(rhs),rhsMax =   4.83169060316868E-13  1.98224240267025E+00
 cg2d: Sum(rhs),rhsMax =   7.38964445190504E-13  1.98206055454376E+00
 cg2d: Sum(rhs),rhsMax =   8.95283847057726E-13  1.98187800851551E+00
 cg2d: Sum(rhs),rhsMax =   7.67386154620908E-13  1.98169476577865E+00
 cg2d: Sum(rhs),rhsMax =   1.02318153949454E-12  1.98151082751545E+00
 cg2d: Sum(rhs),rhsMax =   5.40012479177676E-13  1.98132619489648E+00
 cg2d: Sum(rhs),rhsMax =   5.40012479177676E-13  1.98114086908013E+00
 cg2d: Sum(rhs),rhsMax =   6.53699316899292E-13  1.98095485121213E+00
 cg2d: Sum(rhs),rhsMax =   8.81072992342524E-13  1.98076814242527E+00
 cg2d: Sum(rhs),rhsMax =   5.11590769747272E-13  1.98058074383928E+00
 cg2d: Sum(rhs),rhsMax =   2.13162820728030E-13  1.98039265656073E+00
 cg2d: Sum(rhs),rhsMax =   4.97379915032070E-13  1.98020388168304E+00
 cg2d: Sum(rhs),rhsMax =   8.52651282912120E-13  1.98001442028673E+00
 cg2d: Sum(rhs),rhsMax =   7.38964445190504E-13  1.97982427343966E+00
 cg2d: Sum(rhs),rhsMax =   7.53175299905706E-13  1.97963344219734E+00
 cg2d: Sum(rhs),rhsMax =   3.55271367880050E-13  1.97944192760356E+00
 cg2d: Sum(rhs),rhsMax =   3.97903932025656E-13  1.97924973069082E+00
 cg2d: Sum(rhs),rhsMax =   7.53175299905706E-13  1.97905685248117E+00
 cg2d: Sum(rhs),rhsMax =   7.53175299905706E-13  1.97886329398688E+00
 cg2d: Sum(rhs),rhsMax =   6.11066752753686E-13  1.97866905621136E+00
 cg2d: Sum(rhs),rhsMax =   6.53699316899292E-13  1.97847414015006E+00
 cg2d: Sum(rhs),rhsMax =   5.25801624462474E-13  1.97827854679158E+00
 cg2d: Sum(rhs),rhsMax =   2.13162820728030E-13  1.97808227711866E+00
 cg2d: Sum(rhs),rhsMax =   3.97903932025656E-13  1.97788533210936E+00
 cg2d: Sum(rhs),rhsMax =   4.83169060316868E-13  1.97768771273827E+00
 cg2d: Sum(rhs),rhsMax =   5.68434188608080E-13  1.97748941997780E+00
 cg2d: Sum(rhs),rhsMax =   8.52651282912120E-13  1.97729045479931E+00
 cg2d: Sum(rhs),rhsMax =   5.25801624462474E-13  1.97709081817457E+00
 cg2d: Sum(rhs),rhsMax =   5.11590769747272E-13  1.97689051107700E+00
 cg2d: Sum(rhs),rhsMax =   7.24753590475302E-13  1.97668953448292E+00
 cg2d: Sum(rhs),rhsMax =   4.83169060316868E-13  1.97648788937311E+00
 cg2d: Sum(rhs),rhsMax =   4.26325641456060E-13  1.97628557673392E+00
 cg2d: Sum(rhs),rhsMax =   8.38440428196918E-13  1.97608259755867E+00
 cg2d: Sum(rhs),rhsMax =   7.38964445190504E-13  1.97587895284890E+00
 cg2d: Sum(rhs),rhsMax =   4.40536496171262E-13  1.97567464361575E+00
 cg2d: Sum(rhs),rhsMax =   5.40012479177676E-13  1.97546967088098E+00
 cg2d: Sum(rhs),rhsMax =   7.67386154620908E-13  1.97526403567837E+00
 cg2d: Sum(rhs),rhsMax =   4.83169060316868E-13  1.97505773905462E+00
 cg2d: Sum(rhs),rhsMax =   8.24229573481716E-13  1.97485078207062E+00
 cg2d: Sum(rhs),rhsMax =   4.40536496171262E-13  1.97464316580237E+00
 cg2d: Sum(rhs),rhsMax =   5.11590769747272E-13  1.97443489134190E+00
 cg2d: Sum(rhs),rhsMax =   7.38964445190504E-13  1.97422595979816E+00
 cg2d: Sum(rhs),rhsMax =   7.81597009336110E-13  1.97401637229787E+00
 cg2d: Sum(rhs),rhsMax =   5.40012479177676E-13  1.97380612998610E+00
 cg2d: Sum(rhs),rhsMax =   3.83693077310454E-13  1.97359523402704E+00
 cg2d: Sum(rhs),rhsMax =   6.82121026329696E-13  1.97338368560446E+00
 cg2d: Sum(rhs),rhsMax =   6.82121026329696E-13  1.97317148592217E+00
 cg2d: Sum(rhs),rhsMax =   4.40536496171262E-13  1.97295863620440E+00
 cg2d: Sum(rhs),rhsMax =   6.39488462184090E-13  1.97274513769602E+00
 cg2d: Sum(rhs),rhsMax =   4.97379915032070E-13  1.97253099166276E+00
 cg2d: Sum(rhs),rhsMax =   5.40012479177676E-13  1.97231619939129E+00
 cg2d: Sum(rhs),rhsMax =   9.94759830064140E-13  1.97210076218916E+00
 cg2d: Sum(rhs),rhsMax =   5.54223333892878E-13  1.97188468138468E+00
 cg2d: Sum(rhs),rhsMax =   5.40012479177676E-13  1.97166795832684E+00
 cg2d: Sum(rhs),rhsMax =   2.41584530158434E-13  1.97145059438484E+00
 cg2d: Sum(rhs),rhsMax =   2.13162820728030E-13  1.97123259094787E+00
 cg2d: Sum(rhs),rhsMax =   3.83693077310454E-13  1.97101394942454E+00
 cg2d: Sum(rhs),rhsMax =   7.38964445190504E-13  1.97079467124240E+00
 cg2d: Sum(rhs),rhsMax =   4.97379915032070E-13  1.97057475784731E+00
 cg2d: Sum(rhs),rhsMax =   5.68434188608080E-13  1.97035421070274E+00
 cg2d: Sum(rhs),rhsMax =   3.26849658449646E-13  1.97013303128896E+00
 cg2d: Sum(rhs),rhsMax =   9.52127265918534E-13  1.96991122110236E+00
 cg2d: Sum(rhs),rhsMax =   9.23705556488130E-13  1.96968878165438E+00
 cg2d: Sum(rhs),rhsMax =   9.94759830064140E-14  1.96946571447079E+00
 cg2d: Sum(rhs),rhsMax =   8.10018718766514E-13  1.96924202109055E+00
 cg2d: Sum(rhs),rhsMax =   5.40012479177676E-13  1.96901770306481E+00
 cg2d: Sum(rhs),rhsMax =   5.96855898038484E-13  1.96879276195601E+00
 cg2d: Sum(rhs),rhsMax =   6.82121026329696E-13  1.96856719933661E+00
 cg2d: Sum(rhs),rhsMax =   1.19371179607697E-12  1.96834101678808E+00
 cg2d: Sum(rhs),rhsMax =   4.12114786740858E-13  1.96811421589974E+00
 cg2d: Sum(rhs),rhsMax =   5.25801624462474E-13  1.96788679826769E+00
 cg2d: Sum(rhs),rhsMax =   8.24229573481716E-13  1.96765876549382E+00
 cg2d: Sum(rhs),rhsMax =   3.12638803734444E-13  1.96743011918473E+00
 cg2d: Sum(rhs),rhsMax =   4.40536496171262E-13  1.96720086095064E+00
 cg2d: Sum(rhs),rhsMax =   8.81072992342524E-13  1.96697099240417E+00
 cg2d: Sum(rhs),rhsMax =   6.67910171614494E-13  1.96674051515921E+00
 cg2d: Sum(rhs),rhsMax =   9.09494701772928E-13  1.96650943082984E+00
 cg2d: Sum(rhs),rhsMax =   6.53699316899292E-13  1.96627774102937E+00
 cg2d: Sum(rhs),rhsMax =   4.54747350886464E-13  1.96604544736946E+00
 cg2d: Sum(rhs),rhsMax =   6.39488462184090E-13  1.96581255145918E+00
 cg2d: Sum(rhs),rhsMax =   1.00897068477934E-12  1.96557905490431E+00
 cg2d: Sum(rhs),rhsMax =   6.53699316899292E-13  1.96534495930641E+00
 cg2d: Sum(rhs),rhsMax =   2.84217094304040E-13  1.96511026626221E+00
 cg2d: Sum(rhs),rhsMax =   5.96855898038484E-13  1.96487497736279E+00
 cg2d: Sum(rhs),rhsMax =   8.66862137627322E-13  1.96463909419305E+00
 cg2d: Sum(rhs),rhsMax =   1.15107923193136E-12  1.96440261833110E+00
 cg2d: Sum(rhs),rhsMax =   9.52127265918534E-13  1.96416555134775E+00
 cg2d: Sum(rhs),rhsMax =   2.55795384873636E-13  1.96392789480618E+00
 cg2d: Sum(rhs),rhsMax =   3.83693077310454E-13  1.96368965026149E+00
 cg2d: Sum(rhs),rhsMax =   3.83693077310454E-13  1.96345081926057E+00
 cg2d: Sum(rhs),rhsMax =   6.96331881044898E-13  1.96321140334176E+00
 cg2d: Sum(rhs),rhsMax =   5.11590769747272E-13  1.96297140403481E+00
 cg2d: Sum(rhs),rhsMax =   8.95283847057726E-13  1.96273082286086E+00
 cg2d: Sum(rhs),rhsMax =   7.24753590475302E-13  1.96248966133242E+00
 cg2d: Sum(rhs),rhsMax =   1.08002495835535E-12  1.96224792095346E+00
 cg2d: Sum(rhs),rhsMax =   7.67386154620908E-13  1.96200560321962E+00
 cg2d: Sum(rhs),rhsMax =   1.00897068477934E-12  1.96176270961842E+00
 cg2d: Sum(rhs),rhsMax =   3.69482222595252E-13  1.96151924162961E+00
 cg2d: Sum(rhs),rhsMax =   1.13686837721616E-12  1.96127520072553E+00
 cg2d: Sum(rhs),rhsMax =   5.40012479177676E-13  1.96103058837147E+00
 cg2d: Sum(rhs),rhsMax =   5.25801624462474E-13  1.96078540602631E+00
 cg2d: Sum(rhs),rhsMax =   5.82645043323282E-13  1.96053965514300E+00
 cg2d: Sum(rhs),rhsMax =   3.41060513164848E-13  1.96029333716912E+00
 cg2d: Sum(rhs),rhsMax =   7.24753590475302E-13  1.96004645354762E+00
 cg2d: Sum(rhs),rhsMax =   7.10542735760100E-13  1.95979900571744E+00
 cg2d: Sum(rhs),rhsMax =   1.36424205265939E-12  1.95955099511424E+00
 cg2d: Sum(rhs),rhsMax =   8.52651282912120E-13  1.95930242317123E+00
 cg2d: Sum(rhs),rhsMax =   8.24229573481716E-13  1.95905329131984E+00
 cg2d: Sum(rhs),rhsMax =   6.53699316899292E-13  1.95880360099056E+00
 cg2d: Sum(rhs),rhsMax =   4.54747350886464E-13  1.95855335361380E+00
 cg2d: Sum(rhs),rhsMax =   3.69482222595252E-13  1.95830255062066E+00
 cg2d: Sum(rhs),rhsMax =   5.82645043323282E-13  1.95805119344379E+00
 cg2d: Sum(rhs),rhsMax =   7.10542735760100E-13  1.95779928351826E+00
 cg2d: Sum(rhs),rhsMax =   7.67386154620908E-13  1.95754682228241E+00
 cg2d: Sum(rhs),rhsMax =   3.41060513164848E-13  1.95729381117865E+00
 cg2d: Sum(rhs),rhsMax =   7.67386154620908E-13  1.95704025165433E+00
 cg2d: Sum(rhs),rhsMax =   4.40536496171262E-13  1.95678614516253E+00
 cg2d: Sum(rhs),rhsMax =   4.12114786740858E-13  1.95653149316289E+00
 cg2d: Sum(rhs),rhsMax =   6.25277607468888E-13  1.95627629712234E+00
 cg2d: Sum(rhs),rhsMax =   3.26849658449646E-13  1.95602055851583E+00
 cg2d: Sum(rhs),rhsMax =   3.26849658449646E-13  1.95576427882672E+00
 cg2d: Sum(rhs),rhsMax =   4.97379915032070E-13  1.95550745954742E+00
 cg2d: Sum(rhs),rhsMax =   4.40536496171262E-13  1.95525010218045E+00
 cg2d: Sum(rhs),rhsMax =   6.25277607468888E-13  1.95499220823937E+00
 cg2d: Sum(rhs),rhsMax =   9.09494701772928E-13  1.95473377924937E+00
 cg2d: Sum(rhs),rhsMax =   5.54223333892878E-13  1.95447481674723E+00
 cg2d: Sum(rhs),rhsMax =   7.38964445190504E-13  1.95421532228136E+00
 cg2d: Sum(rhs),rhsMax =   5.68434188608080E-13  1.95395529741213E+00
 cg2d: Sum(rhs),rhsMax =   1.20792265079217E-12  1.95369474371237E+00
 cg2d: Sum(rhs),rhsMax =   6.67910171614494E-13  1.95343366276768E+00
 cg2d: Sum(rhs),rhsMax =   4.54747350886464E-13  1.95317205617682E+00
 cg2d: Sum(rhs),rhsMax =   5.54223333892878E-13  1.95290992555179E+00
 cg2d: Sum(rhs),rhsMax =   7.10542735760100E-13  1.95264727251788E+00
 cg2d: Sum(rhs),rhsMax =   5.25801624462474E-13  1.95238409871382E+00
 cg2d: Sum(rhs),rhsMax =   9.94759830064140E-14  1.95212040579161E+00
 cg2d: Sum(rhs),rhsMax =   6.11066752753686E-13  1.95185619541651E+00
 cg2d: Sum(rhs),rhsMax =   3.41060513164848E-13  1.95159146926691E+00
 cg2d: Sum(rhs),rhsMax =   7.67386154620908E-13  1.95132622903414E+00
 cg2d: Sum(rhs),rhsMax =   9.94759830064140E-14  1.95106047642222E+00
 cg2d: Sum(rhs),rhsMax =   3.97903932025656E-13  1.95079421314756E+00
 cg2d: Sum(rhs),rhsMax =   8.24229573481716E-13  1.95052744093867E+00
 cg2d: Sum(rhs),rhsMax =   8.38440428196918E-13  1.95026016153578E+00
 cg2d: Sum(rhs),rhsMax =   6.25277607468888E-13  1.94999237669033E+00
 cg2d: Sum(rhs),rhsMax =   4.12114786740858E-13  1.94972408816461E+00
 cg2d: Sum(rhs),rhsMax =   6.25277607468888E-13  1.94945529773121E+00
 cg2d: Sum(rhs),rhsMax =   8.66862137627322E-13  1.94918600717248E+00
 cg2d: Sum(rhs),rhsMax =   7.38964445190504E-13  1.94891621827997E+00
 cg2d: Sum(rhs),rhsMax =   6.96331881044898E-13  1.94864593285385E+00
 cg2d: Sum(rhs),rhsMax =   4.83169060316868E-13  1.94837515270227E+00
 cg2d: Sum(rhs),rhsMax =   7.24753590475302E-13  1.94810387964077E+00
 cg2d: Sum(rhs),rhsMax =   6.53699316899292E-13  1.94783211549159E+00
 cg2d: Sum(rhs),rhsMax =   3.97903932025656E-13  1.94755986208303E+00
 cg2d: Sum(rhs),rhsMax =   6.11066752753686E-13  1.94728712124878E+00
 cg2d: Sum(rhs),rhsMax =   1.09423581307055E-12  1.94701389482735E+00
 cg2d: Sum(rhs),rhsMax =   1.23634436022257E-12  1.94674018466117E+00
 cg2d: Sum(rhs),rhsMax =   8.24229573481716E-13  1.94646599259623E+00
 cg2d: Sum(rhs),rhsMax =   5.68434188608080E-13  1.94619132048125E+00
 cg2d: Sum(rhs),rhsMax =   7.67386154620908E-13  1.94591617016705E+00
 cg2d: Sum(rhs),rhsMax =   4.97379915032070E-13  1.94564054350604E+00
 cg2d: Sum(rhs),rhsMax =   6.96331881044898E-13  1.94536444235150E+00
 cg2d: Sum(rhs),rhsMax =   1.10844666778576E-12  1.94508786855703E+00
 cg2d: Sum(rhs),rhsMax =   3.83693077310454E-13  1.94481082397608E+00
 cg2d: Sum(rhs),rhsMax =   1.42108547152020E-14  1.94453331046125E+00
 cg2d: Sum(rhs),rhsMax =   7.24753590475302E-13  1.94425532986402E+00
 cg2d: Sum(rhs),rhsMax =   6.96331881044898E-13  1.94397688403403E+00
 cg2d: Sum(rhs),rhsMax =   9.09494701772928E-13  1.94369797481884E+00
 cg2d: Sum(rhs),rhsMax =   5.82645043323282E-13  1.94341860406343E+00
 cg2d: Sum(rhs),rhsMax =   7.95807864051312E-13  1.94313877360991E+00
 cg2d: Sum(rhs),rhsMax =   7.53175299905706E-13  1.94285848529712E+00
 cg2d: Sum(rhs),rhsMax =   6.53699316899292E-13  1.94257774096040E+00
 cg2d: Sum(rhs),rhsMax =   7.38964445190504E-13  1.94229654243137E+00
 cg2d: Sum(rhs),rhsMax =   8.81072992342524E-13  1.94201489153768E+00
 cg2d: Sum(rhs),rhsMax =   7.24753590475302E-13  1.94173279010287E+00
 cg2d: Sum(rhs),rhsMax =   6.67910171614494E-13  1.94145023994629E+00
 cg2d: Sum(rhs),rhsMax =   8.81072992342524E-13  1.94116724288296E+00
 cg2d: Sum(rhs),rhsMax =   1.42108547152020E-14  1.94088380072361E+00
 cg2d: Sum(rhs),rhsMax =   8.95283847057726E-13  1.94059991527469E+00
 cg2d: Sum(rhs),rhsMax =   7.10542735760100E-13  1.94031558833834E+00
 cg2d: Sum(rhs),rhsMax =   4.97379915032070E-13  1.94003082171255E+00
 cg2d: Sum(rhs),rhsMax =   6.11066752753686E-13  1.93974561719131E+00
 cg2d: Sum(rhs),rhsMax =   5.96855898038484E-13  1.93945997656475E+00
 cg2d: Sum(rhs),rhsMax =   6.53699316899292E-13  1.93917390161931E+00
 cg2d: Sum(rhs),rhsMax =   7.53175299905706E-13  1.93888739413803E+00
 cg2d: Sum(rhs),rhsMax =   8.10018718766514E-13  1.93860045590081E+00
 cg2d: Sum(rhs),rhsMax =   4.12114786740858E-13  1.93831308868469E+00
 cg2d: Sum(rhs),rhsMax =   6.96331881044898E-13  1.93802529426420E+00
 cg2d: Sum(rhs),rhsMax =   5.25801624462474E-13  1.93773707441167E+00
 cg2d: Sum(rhs),rhsMax =   3.55271367880050E-13  1.93744843089765E+00
 cg2d: Sum(rhs),rhsMax =   5.40012479177676E-13  1.93715936549131E+00
 cg2d: Sum(rhs),rhsMax =   9.66338120633736E-13  1.93686987996079E+00
 cg2d: Sum(rhs),rhsMax =   5.54223333892878E-13  1.93657997607369E+00
 cg2d: Sum(rhs),rhsMax =   1.02318153949454E-12  1.93628965559743E+00
 cg2d: Sum(rhs),rhsMax =   5.96855898038484E-13  1.93599892029981E+00
 cg2d: Sum(rhs),rhsMax =  -4.26325641456060E-14  1.93570777194933E+00
 cg2d: Sum(rhs),rhsMax =   3.83693077310454E-13  1.93541621231575E+00
 cg2d: Sum(rhs),rhsMax =   7.95807864051312E-13  1.93512424317045E+00
 cg2d: Sum(rhs),rhsMax =   2.84217094304040E-13  1.93483186628695E+00
 cg2d: Sum(rhs),rhsMax =   4.54747350886464E-13  1.93453908344132E+00
 cg2d: Sum(rhs),rhsMax =   6.25277607468888E-13  1.93424589641266E+00
 cg2d: Sum(rhs),rhsMax =   7.10542735760100E-13  1.93395230698345E+00
 cg2d: Sum(rhs),rhsMax =   9.37916411203332E-13  1.93365831694005E+00
 cg2d: Sum(rhs),rhsMax =   1.05160324892495E-12  1.93336392807306E+00
 cg2d: Sum(rhs),rhsMax =   9.80548975348938E-13  1.93306914217767E+00
 cg2d: Sum(rhs),rhsMax =   7.38964445190504E-13  1.93277396105408E+00
 cg2d: Sum(rhs),rhsMax =   4.68958205601666E-13  1.93247838650781E+00
 cg2d: Sum(rhs),rhsMax =   7.95807864051312E-13  1.93218242035007E+00
 cg2d: Sum(rhs),rhsMax =   2.13162820728030E-13  1.93188606439799E+00
 cg2d: Sum(rhs),rhsMax =   7.24753590475302E-13  1.93158932047489E+00
 cg2d: Sum(rhs),rhsMax =   8.10018718766514E-13  1.93129219041061E+00
 cg2d: Sum(rhs),rhsMax =   1.10844666778576E-12  1.93099467604166E+00
 cg2d: Sum(rhs),rhsMax =   9.52127265918534E-13  1.93069677921139E+00
 cg2d: Sum(rhs),rhsMax =   3.83693077310454E-13  1.93039850177019E+00
 cg2d: Sum(rhs),rhsMax =   1.02318153949454E-12  1.93009984557559E+00
 cg2d: Sum(rhs),rhsMax =   5.82645043323282E-13  1.92980081249243E+00
 cg2d: Sum(rhs),rhsMax =   8.95283847057726E-13  1.92950140439279E+00
 cg2d: Sum(rhs),rhsMax =   7.10542735760100E-13  1.92920162315618E+00
 cg2d: Sum(rhs),rhsMax =   3.97903932025656E-13  1.92890147066939E+00
 cg2d: Sum(rhs),rhsMax =   7.67386154620908E-13  1.92860094882665E+00
 cg2d: Sum(rhs),rhsMax =   7.10542735760100E-13  1.92830005952937E+00
 cg2d: Sum(rhs),rhsMax =   1.56319401867222E-13  1.92799880468621E+00
 cg2d: Sum(rhs),rhsMax =   4.68958205601666E-13  1.92769718621293E+00
 cg2d: Sum(rhs),rhsMax =   7.38964445190504E-13  1.92739520603222E+00
 cg2d: Sum(rhs),rhsMax =   3.26849658449646E-13  1.92709286607353E+00
 cg2d: Sum(rhs),rhsMax =   5.96855898038484E-13  1.92687610072743E+00
 cg2d: Sum(rhs),rhsMax =   4.40536496171262E-13  1.92700113295450E+00
 cg2d: Sum(rhs),rhsMax =   8.38440428196918E-13  1.92712564430495E+00
 cg2d: Sum(rhs),rhsMax =   9.09494701772928E-13  1.92724963435591E+00
 cg2d: Sum(rhs),rhsMax =   7.24753590475302E-13  1.92737310268716E+00
 cg2d: Sum(rhs),rhsMax =   5.11590769747272E-13  1.92749604888053E+00
 cg2d: Sum(rhs),rhsMax =   8.81072992342524E-13  1.92761847251958E+00
 cg2d: Sum(rhs),rhsMax =   4.26325641456060E-13  1.92774037318898E+00
 cg2d: Sum(rhs),rhsMax =   4.83169060316868E-13  1.92786175047422E+00
 cg2d: Sum(rhs),rhsMax =   5.82645043323282E-13  1.92798260396111E+00
 cg2d: Sum(rhs),rhsMax =   4.40536496171262E-13  1.92810293323547E+00
 cg2d: Sum(rhs),rhsMax =   7.53175299905706E-13  1.92822273788274E+00
 cg2d: Sum(rhs),rhsMax =   2.98427949019242E-13  1.92834201748786E+00
 cg2d: Sum(rhs),rhsMax =   9.09494701772928E-13  1.92846077163464E+00
 cg2d: Sum(rhs),rhsMax =   1.12265752250096E-12  1.92857899990590E+00
 cg2d: Sum(rhs),rhsMax =   1.30739863379858E-12  1.92869670188308E+00
 cg2d: Sum(rhs),rhsMax =   3.12638803734444E-13  1.92881387714620E+00
 cg2d: Sum(rhs),rhsMax =  -5.68434188608080E-14  1.92893052527365E+00
 cg2d: Sum(rhs),rhsMax =   1.02318153949454E-12  1.92904664584226E+00
 cg2d: Sum(rhs),rhsMax =   9.09494701772928E-13  1.92916223842715E+00
 cg2d: Sum(rhs),rhsMax =   6.25277607468888E-13  1.92927730260189E+00
 cg2d: Sum(rhs),rhsMax =   3.97903932025656E-13  1.92939183793842E+00
 cg2d: Sum(rhs),rhsMax =   2.27373675443232E-13  1.92950584400732E+00
 cg2d: Sum(rhs),rhsMax =   6.96331881044898E-13  1.92961932037779E+00
 cg2d: Sum(rhs),rhsMax =   6.82121026329696E-13  1.92973226661784E+00
 cg2d: Sum(rhs),rhsMax =   6.67910171614494E-13  1.92984468229466E+00
 cg2d: Sum(rhs),rhsMax =   1.98951966012828E-13  1.92995656697502E+00
 cg2d: Sum(rhs),rhsMax =   9.80548975348938E-13  1.93006792022564E+00
 cg2d: Sum(rhs),rhsMax =   9.23705556488130E-13  1.93017874161338E+00
 cg2d: Sum(rhs),rhsMax =   7.24753590475302E-13  1.93028903070541E+00
 cg2d: Sum(rhs),rhsMax =   9.23705556488130E-13  1.93039878706967E+00
 cg2d: Sum(rhs),rhsMax =   4.40536496171262E-13  1.93050801027531E+00
 cg2d: Sum(rhs),rhsMax =   6.39488462184090E-13  1.93061669989318E+00
 cg2d: Sum(rhs),rhsMax =   3.41060513164848E-13  1.93072485549639E+00
 cg2d: Sum(rhs),rhsMax =   1.08002495835535E-12  1.93083247666079E+00
 cg2d: Sum(rhs),rhsMax =   8.10018718766514E-13  1.93093956296559E+00
 cg2d: Sum(rhs),rhsMax =   2.84217094304040E-13  1.93104611399374E+00
 cg2d: Sum(rhs),rhsMax =   5.54223333892878E-13  1.93115212933257E+00
 cg2d: Sum(rhs),rhsMax =   5.54223333892878E-13  1.93125760857431E+00
 cg2d: Sum(rhs),rhsMax =   3.83693077310454E-13  1.93136255131335E+00
 cg2d: Sum(rhs),rhsMax =   6.39488462184090E-13  1.93146695714962E+00
 cg2d: Sum(rhs),rhsMax =   3.69482222595252E-13  1.93157082569487E+00
 cg2d: Sum(rhs),rhsMax =   7.67386154620908E-13  1.93167415657220E+00
 cg2d: Sum(rhs),rhsMax =   7.10542735760100E-13  1.93177694941151E+00
 cg2d: Sum(rhs),rhsMax =   3.83693077310454E-13  1.93187920384710E+00
 cg2d: Sum(rhs),rhsMax =   5.11590769747272E-13  1.93198091951891E+00
 cg2d: Sum(rhs),rhsMax =   6.25277607468888E-13  1.93208209607499E+00
 cg2d: Sum(rhs),rhsMax =   8.52651282912120E-13  1.93218273317348E+00
 cg2d: Sum(rhs),rhsMax =   6.67910171614494E-13  1.93228283048342E+00
 cg2d: Sum(rhs),rhsMax =   8.24229573481716E-13  1.93238238768493E+00
 cg2d: Sum(rhs),rhsMax =   3.97903932025656E-13  1.93248140446939E+00
 cg2d: Sum(rhs),rhsMax =   7.67386154620908E-13  1.93257988053936E+00
 cg2d: Sum(rhs),rhsMax =   4.83169060316868E-13  1.93267781560891E+00
 cg2d: Sum(rhs),rhsMax =   7.95807864051312E-13  1.93277520940368E+00
 cg2d: Sum(rhs),rhsMax =   4.26325641456060E-13  1.93287206166122E+00
 cg2d: Sum(rhs),rhsMax =   2.84217094304040E-13  1.93296837213107E+00
 cg2d: Sum(rhs),rhsMax =   6.96331881044898E-13  1.93306414057507E+00
 cg2d: Sum(rhs),rhsMax =   7.95807864051312E-13  1.93315936676738E+00
 cg2d: Sum(rhs),rhsMax =   6.39488462184090E-13  1.93325405049457E+00
 cg2d: Sum(rhs),rhsMax =   6.53699316899292E-13  1.93334819155571E+00
 cg2d: Sum(rhs),rhsMax =   8.66862137627322E-13  1.93344178976227E+00
 cg2d: Sum(rhs),rhsMax =   6.39488462184090E-13  1.93353484493810E+00
 cg2d: Sum(rhs),rhsMax =   7.53175299905706E-13  1.93362735691927E+00
 cg2d: Sum(rhs),rhsMax =   8.95283847057726E-13  1.93371932555399E+00
 cg2d: Sum(rhs),rhsMax =   6.67910171614494E-13  1.93381075070232E+00
 cg2d: Sum(rhs),rhsMax =   7.67386154620908E-13  1.93390163223594E+00
 cg2d: Sum(rhs),rhsMax =   1.27897692436818E-12  1.93399197003795E+00
 cg2d: Sum(rhs),rhsMax =   9.66338120633736E-13  1.93408176400248E+00
 cg2d: Sum(rhs),rhsMax =   8.95283847057726E-13  1.93417101403445E+00
 cg2d: Sum(rhs),rhsMax =   1.56319401867222E-13  1.93425972004916E+00
 cg2d: Sum(rhs),rhsMax =   5.96855898038484E-13  1.93434788197188E+00
 cg2d: Sum(rhs),rhsMax =   2.98427949019242E-13  1.93443549973748E+00
 cg2d: Sum(rhs),rhsMax =   5.68434188608080E-13  1.93452257328998E+00
 cg2d: Sum(rhs),rhsMax =   7.81597009336110E-13  1.93460910258195E+00
 cg2d: Sum(rhs),rhsMax =   7.38964445190504E-13  1.93469508757425E+00
 cg2d: Sum(rhs),rhsMax =   9.80548975348938E-13  1.93478052823526E+00
 cg2d: Sum(rhs),rhsMax =   9.94759830064140E-13  1.93486542454047E+00
 cg2d: Sum(rhs),rhsMax =   1.12265752250096E-12  1.93494977647197E+00
 cg2d: Sum(rhs),rhsMax =   5.96855898038484E-13  1.93503358401781E+00
 cg2d: Sum(rhs),rhsMax =   6.25277607468888E-13  1.93511684717146E+00
 cg2d: Sum(rhs),rhsMax =   9.52127265918534E-13  1.93519956593132E+00
 cg2d: Sum(rhs),rhsMax =   5.82645043323282E-13  1.93528174030007E+00
 cg2d: Sum(rhs),rhsMax =   0.00000000000000E+00  1.93536337028419E+00
 cg2d: Sum(rhs),rhsMax =   8.38440428196918E-13  1.93544445589338E+00
 cg2d: Sum(rhs),rhsMax =   6.25277607468888E-13  1.93552499703348E+00
 cg2d: Sum(rhs),rhsMax =   3.83693077310454E-13  1.93560499385334E+00
 cg2d: Sum(rhs),rhsMax =   4.54747350886464E-13  1.93568444643793E+00
 cg2d: Sum(rhs),rhsMax =   9.23705556488130E-13  1.93576335482255E+00
 cg2d: Sum(rhs),rhsMax =   7.67386154620908E-13  1.93584171904080E+00
 cg2d: Sum(rhs),rhsMax =   4.12114786740858E-13  1.93591953913990E+00
 cg2d: Sum(rhs),rhsMax =   4.68958205601666E-13  1.93599681517829E+00
 cg2d: Sum(rhs),rhsMax =   4.12114786740858E-13  1.93607354722011E+00
 cg2d: Sum(rhs),rhsMax =   5.25801624462474E-13  1.93614973533185E+00
 cg2d: Sum(rhs),rhsMax =   6.25277607468888E-13  1.93622537958142E+00
 cg2d: Sum(rhs),rhsMax =   6.67910171614494E-13  1.93630048003734E+00
 cg2d: Sum(rhs),rhsMax =   7.81597009336110E-13  1.93637503676829E+00
 cg2d: Sum(rhs),rhsMax =   1.22213350550737E-12  1.93644904984247E+00
 cg2d: Sum(rhs),rhsMax =   7.10542735760100E-13  1.93652251084128E+00
 cg2d: Sum(rhs),rhsMax =   8.38440428196918E-13  1.93659543271530E+00
 cg2d: Sum(rhs),rhsMax =   7.95807864051312E-13  1.93666781680667E+00
 cg2d: Sum(rhs),rhsMax =   2.27373675443232E-13  1.93673966115095E+00
 cg2d: Sum(rhs),rhsMax =   9.09494701772928E-13  1.93681096496432E+00
 cg2d: Sum(rhs),rhsMax =   8.24229573481716E-13  1.93688172875568E+00
 cg2d: Sum(rhs),rhsMax =   7.10542735760100E-13  1.93695195356343E+00
 cg2d: Sum(rhs),rhsMax =   4.26325641456060E-13  1.93702164043114E+00
 cg2d: Sum(rhs),rhsMax =   5.68434188608080E-13  1.93709079027513E+00
 cg2d: Sum(rhs),rhsMax =   7.95807864051312E-13  1.93715940391678E+00
 cg2d: Sum(rhs),rhsMax =   3.26849658449646E-13  1.93722748211796E+00
 cg2d: Sum(rhs),rhsMax =   4.68958205601666E-13  1.93729502559123E+00
 cg2d: Sum(rhs),rhsMax =   5.68434188608080E-13  1.93736203499913E+00
 cg2d: Sum(rhs),rhsMax =   5.82645043323282E-13  1.93742851095181E+00
 cg2d: Sum(rhs),rhsMax =   6.11066752753686E-13  1.93749445400491E+00
 cg2d: Sum(rhs),rhsMax =   5.82645043323282E-13  1.93755986465778E+00
 cg2d: Sum(rhs),rhsMax =   1.02318153949454E-12  1.93762474335235E+00
 cg2d: Sum(rhs),rhsMax =   8.10018718766514E-13  1.93768909047244E+00
 cg2d: Sum(rhs),rhsMax =   3.97903932025656E-13  1.93775290634385E+00
 cg2d: Sum(rhs),rhsMax =   7.38964445190504E-13  1.93781619123509E+00
 cg2d: Sum(rhs),rhsMax =   8.66862137627322E-13  1.93787894535841E+00
 cg2d: Sum(rhs),rhsMax =   5.96855898038484E-13  1.93794116887126E+00
 cg2d: Sum(rhs),rhsMax =   9.23705556488130E-13  1.93800286187763E+00
 cg2d: Sum(rhs),rhsMax =   6.53699316899292E-13  1.93806402442953E+00
 cg2d: Sum(rhs),rhsMax =   5.11590769747272E-13  1.93812465652821E+00
 cg2d: Sum(rhs),rhsMax =   7.38964445190504E-13  1.93818475812572E+00
 cg2d: Sum(rhs),rhsMax =   3.26849658449646E-13  1.93824432912662E+00
 cg2d: Sum(rhs),rhsMax =   5.54223333892878E-13  1.93830336939038E+00
 cg2d: Sum(rhs),rhsMax =   5.96855898038484E-13  1.93836116298171E+00
 cg2d: Sum(rhs),rhsMax =   6.67910171614494E-13  1.93841858617185E+00
 cg2d: Sum(rhs),rhsMax =   3.26849658449646E-13  1.93847548238650E+00
 cg2d: Sum(rhs),rhsMax =   4.68958205601666E-13  1.93853178913936E+00
 cg2d: Sum(rhs),rhsMax =   6.39488462184090E-13  1.93858751002915E+00
 cg2d: Sum(rhs),rhsMax =   9.66338120633736E-13  1.93864263962979E+00
 cg2d: Sum(rhs),rhsMax =   1.08002495835535E-12  1.93869716680955E+00
 cg2d: Sum(rhs),rhsMax =   8.66862137627322E-13  1.93875108089981E+00
 cg2d: Sum(rhs),rhsMax =   7.38964445190504E-13  1.93880437202617E+00
 cg2d: Sum(rhs),rhsMax =   2.84217094304040E-13  1.93885703078106E+00
 cg2d: Sum(rhs),rhsMax =   8.24229573481716E-13  1.93890904828486E+00
 cg2d: Sum(rhs),rhsMax =   2.70006239588838E-13  1.93896041633172E+00
 cg2d: Sum(rhs),rhsMax =   2.55795384873636E-13  1.93901112748906E+00
 cg2d: Sum(rhs),rhsMax =   7.38964445190504E-13  1.93906117516033E+00
 cg2d: Sum(rhs),rhsMax =   8.66862137627322E-13  1.93911055363119E+00
 cg2d: Sum(rhs),rhsMax =   8.38440428196918E-13  1.93915925810657E+00
 cg2d: Sum(rhs),rhsMax =   1.10844666778576E-12  1.93920728473974E+00
 cg2d: Sum(rhs),rhsMax =   2.84217094304040E-13  1.93925463065388E+00
 cg2d: Sum(rhs),rhsMax =   8.81072992342524E-13  1.93930129395609E+00
 cg2d: Sum(rhs),rhsMax =   8.10018718766514E-13  1.93934727374390E+00
 cg2d: Sum(rhs),rhsMax =   1.98951966012828E-13  1.93939257010398E+00
 cg2d: Sum(rhs),rhsMax =   1.06581410364015E-12  1.93943718410320E+00
 cg2d: Sum(rhs),rhsMax =   1.20792265079217E-12  1.93948111777149E+00
 cg2d: Sum(rhs),rhsMax =   5.82645043323282E-13  1.93952437407735E+00
 cg2d: Sum(rhs),rhsMax =   1.27897692436818E-13  1.93956695689568E+00
 cg2d: Sum(rhs),rhsMax =   9.52127265918534E-13  1.93960887096907E+00
 cg2d: Sum(rhs),rhsMax =   5.82645043323282E-13  1.93965012186296E+00
 cg2d: Sum(rhs),rhsMax =   1.10844666778576E-12  1.93969071591548E+00
 cg2d: Sum(rhs),rhsMax =   9.80548975348938E-13  1.93973066018250E+00
 cg2d: Sum(rhs),rhsMax =   4.40536496171262E-13  1.93976996237832E+00
 cg2d: Sum(rhs),rhsMax =   4.83169060316868E-13  1.93980863081241E+00
 cg2d: Sum(rhs),rhsMax =   9.09494701772928E-13  1.93984667432235E+00
 cg2d: Sum(rhs),rhsMax =   6.67910171614494E-13  1.93988410220343E+00
 cg2d: Sum(rhs),rhsMax =   2.84217094304040E-13  1.93992092413502E+00
 cg2d: Sum(rhs),rhsMax =   4.26325641456060E-13  1.93995715010443E+00
 cg2d: Sum(rhs),rhsMax =   9.23705556488130E-13  1.93999279032857E+00
 cg2d: Sum(rhs),rhsMax =   3.55271367880050E-13  1.94002785517417E+00
 cg2d: Sum(rhs),rhsMax =   3.55271367880050E-13  1.94006235507740E+00
 cg2d: Sum(rhs),rhsMax =   9.80548975348938E-13  1.94009630046311E+00
 cg2d: Sum(rhs),rhsMax =   6.39488462184090E-13  1.94012970166498E+00
 cg2d: Sum(rhs),rhsMax =   5.40012479177676E-13  1.94016256884671E+00
 cg2d: Sum(rhs),rhsMax =   2.55795384873636E-13  1.94019491192529E+00
 cg2d: Sum(rhs),rhsMax =   2.55795384873636E-13  1.94022674049651E+00
 cg2d: Sum(rhs),rhsMax =   9.52127265918534E-13  1.94025806376369E+00
 cg2d: Sum(rhs),rhsMax =   5.68434188608080E-13  1.94028889046982E+00
 cg2d: Sum(rhs),rhsMax =   5.82645043323282E-13  1.94031922883379E+00
 cg2d: Sum(rhs),rhsMax =   4.40536496171262E-13  1.94034908649114E+00
 cg2d: Sum(rhs),rhsMax =   4.83169060316868E-13  1.94037847043970E+00
 cg2d: Sum(rhs),rhsMax =   7.10542735760100E-14  1.94040738699049E+00
 cg2d: Sum(rhs),rhsMax =   8.24229573481716E-13  1.94043584172445E+00
 cg2d: Sum(rhs),rhsMax =   8.52651282912120E-13  1.94046383945504E+00
 cg2d: Sum(rhs),rhsMax =   4.97379915032070E-13  1.94049138419688E+00
 cg2d: Sum(rhs),rhsMax =   8.10018718766514E-13  1.94051847914120E+00
 cg2d: Sum(rhs),rhsMax =   8.38440428196918E-13  1.94054512663751E+00
 cg2d: Sum(rhs),rhsMax =   8.95283847057726E-13  1.94057132818200E+00
 cg2d: Sum(rhs),rhsMax =   6.39488462184090E-13  1.94059708441289E+00
 cg2d: Sum(rhs),rhsMax =   6.67910171614494E-13  1.94062239511220E+00
 cg2d: Sum(rhs),rhsMax =   6.53699316899292E-13  1.94064725921437E+00
 cg2d: Sum(rhs),rhsMax =   7.95807864051312E-13  1.94067167482145E+00
 cg2d: Sum(rhs),rhsMax =   4.26325641456060E-13  1.94069563922471E+00
 cg2d: Sum(rhs),rhsMax =   9.09494701772928E-13  1.94071914893251E+00
 cg2d: Sum(rhs),rhsMax =   8.24229573481716E-13  1.94074219970416E+00
 cg2d: Sum(rhs),rhsMax =   1.23634436022257E-12  1.94076478658954E+00
 cg2d: Sum(rhs),rhsMax =   6.96331881044898E-13  1.94078690397417E+00
 cg2d: Sum(rhs),rhsMax =   2.55795384873636E-13  1.94080854562908E+00
 cg2d: Sum(rhs),rhsMax =   5.54223333892878E-13  1.94082970476562E+00
 cg2d: Sum(rhs),rhsMax =   6.39488462184090E-13  1.94085037409407E+00
 cg2d: Sum(rhs),rhsMax =   5.96855898038484E-13  1.94087054588622E+00
 cg2d: Sum(rhs),rhsMax =   5.96855898038484E-13  1.94089021204094E+00
 cg2d: Sum(rhs),rhsMax =   2.41584530158434E-13  1.94090936415249E+00
 cg2d: Sum(rhs),rhsMax =   8.66862137627322E-13  1.94092799358086E+00
 cg2d: Sum(rhs),rhsMax =   6.67910171614494E-13  1.94094609152381E+00
 cg2d: Sum(rhs),rhsMax =   3.83693077310454E-13  1.94096364908981E+00
 cg2d: Sum(rhs),rhsMax =   7.67386154620908E-13  1.94098065737159E+00
 cg2d: Sum(rhs),rhsMax =   1.22213350550737E-12  1.94099710751947E+00
 cg2d: Sum(rhs),rhsMax =   9.09494701772928E-13  1.94101299081429E+00
 cg2d: Sum(rhs),rhsMax =   4.26325641456060E-13  1.94102829873900E+00
 cg2d: Sum(rhs),rhsMax =   1.42108547152020E-13  1.94104302304881E+00
 cg2d: Sum(rhs),rhsMax =   3.26849658449646E-13  1.94105715583890E+00
 cg2d: Sum(rhs),rhsMax =   3.97903932025656E-13  1.94107068960973E+00
 cg2d: Sum(rhs),rhsMax =  -1.70530256582424E-13  1.94108361732906E+00
 cg2d: Sum(rhs),rhsMax =   6.11066752753686E-13  1.94109593249035E+00
 cg2d: Sum(rhs),rhsMax =   3.69482222595252E-13  1.94110762916709E+00
 cg2d: Sum(rhs),rhsMax =   5.68434188608080E-13  1.94111870206282E+00
 cg2d: Sum(rhs),rhsMax =   6.25277607468888E-13  1.94112914655612E+00
 cg2d: Sum(rhs),rhsMax =   4.40536496171262E-13  1.94113895874055E+00
 cg2d: Sum(rhs),rhsMax =   8.24229573481716E-13  1.94114813545911E+00
 cg2d: Sum(rhs),rhsMax =   5.11590769747272E-13  1.94115667433301E+00
 cg2d: Sum(rhs),rhsMax =   7.67386154620908E-13  1.94116457378441E+00
 cg2d: Sum(rhs),rhsMax =   8.24229573481716E-13  1.94117183305327E+00
 cg2d: Sum(rhs),rhsMax =   2.55795384873636E-13  1.94117845220793E+00
 cg2d: Sum(rhs),rhsMax =   3.83693077310454E-13  1.94118443214945E+00
 cg2d: Sum(rhs),rhsMax =   1.22213350550737E-12  1.94118977460976E+00
 cg2d: Sum(rhs),rhsMax =   3.55271367880050E-13  1.94119448214358E+00
 cg2d: Sum(rhs),rhsMax =   5.25801624462474E-13  1.94119855811438E+00
 cg2d: Sum(rhs),rhsMax =   5.96855898038484E-13  1.94120200667414E+00
 cg2d: Sum(rhs),rhsMax =   8.95283847057726E-13  1.94120483273754E+00
 cg2d: Sum(rhs),rhsMax =   5.68434188608080E-13  1.94120704195050E+00
 cg2d: Sum(rhs),rhsMax =   7.10542735760100E-13  1.94120864065340E+00
 cg2d: Sum(rhs),rhsMax =   7.67386154620908E-13  1.94120963583930E+00
 cg2d: Sum(rhs),rhsMax =   1.98951966012828E-13  1.94121003510755E+00
 cg2d: Sum(rhs),rhsMax =   6.67910171614494E-13  1.94120984661294E+00
 cg2d: Sum(rhs),rhsMax =   1.22213350550737E-12  1.94120907901104E+00
 cg2d: Sum(rhs),rhsMax =   2.84217094304040E-13  1.94120774140009E+00
 cg2d: Sum(rhs),rhsMax =   1.25055521493778E-12  1.94120584325955E+00
 cg2d: Sum(rhs),rhsMax =   6.39488462184090E-13  1.94120339438638E+00
 cg2d: Sum(rhs),rhsMax =   5.68434188608080E-13  1.94120040482903E+00
 cg2d: Sum(rhs),rhsMax =   6.25277607468888E-13  1.94119688481977E+00
 cg2d: Sum(rhs),rhsMax =   1.03739239420975E-12  1.94119284470602E+00
 cg2d: Sum(rhs),rhsMax =   6.39488462184090E-13  1.94118829488098E+00
 cg2d: Sum(rhs),rhsMax =   2.27373675443232E-13  1.94118324571417E+00
 cg2d: Sum(rhs),rhsMax =   1.27897692436818E-13  1.94117770748247E+00
 cg2d: Sum(rhs),rhsMax =   5.54223333892878E-13  1.94117169030199E+00
 cg2d: Sum(rhs),rhsMax =   9.66338120633736E-13  1.94116520406141E+00
 cg2d: Sum(rhs),rhsMax =   1.84741111297626E-13  1.94115825835724E+00
 cg2d: Sum(rhs),rhsMax =   0.00000000000000E+00  1.94115086243142E+00
 cg2d: Sum(rhs),rhsMax =   1.13686837721616E-13  1.94114302511180E+00
 cg2d: Sum(rhs),rhsMax =   5.40012479177676E-13  1.94113475475575E+00
 cg2d: Sum(rhs),rhsMax =   3.26849658449646E-13  1.94112605919766E+00
 cg2d: Sum(rhs),rhsMax =   7.38964445190504E-13  1.94111694570012E+00
 cg2d: Sum(rhs),rhsMax =   2.55795384873636E-13  1.94110742090981E+00
 cg2d: Sum(rhs),rhsMax =   4.40536496171262E-13  1.94109749081763E+00
 cg2d: Sum(rhs),rhsMax =   4.26325641456060E-13  1.94108716072423E+00
 cg2d: Sum(rhs),rhsMax =   7.67386154620908E-13  1.94107643521020E+00
 cg2d: Sum(rhs),rhsMax =   3.97903932025656E-13  1.94106531811194E+00
 cg2d: Sum(rhs),rhsMax =   5.68434188608080E-14  1.94105381250283E+00
 cg2d: Sum(rhs),rhsMax =   9.23705556488130E-13  1.94104192067999E+00
 cg2d: Sum(rhs),rhsMax =   3.41060513164848E-13  1.94102964415676E+00
 cg2d: Sum(rhs),rhsMax =   9.23705556488130E-13  1.94101698366077E+00
 cg2d: Sum(rhs),rhsMax =   6.39488462184090E-13  1.94100393913766E+00
 cg2d: Sum(rhs),rhsMax =   5.68434188608080E-13  1.94099050976039E+00
 cg2d: Sum(rhs),rhsMax =   8.10018718766514E-13  1.94097669394410E+00
 cg2d: Sum(rhs),rhsMax =   3.26849658449646E-13  1.94096248936612E+00
 cg2d: Sum(rhs),rhsMax =   6.96331881044898E-13  1.94094789299137E+00
 cg2d: Sum(rhs),rhsMax =   4.26325641456060E-13  1.94093290110250E+00
 cg2d: Sum(rhs),rhsMax =   5.54223333892878E-13  1.94091750933489E+00
 cg2d: Sum(rhs),rhsMax =   5.96855898038484E-13  1.94090171271587E+00
 cg2d: Sum(rhs),rhsMax =   9.09494701772928E-13  1.94088550570824E+00
 cg2d: Sum(rhs),rhsMax =   7.10542735760100E-13  1.94086888225735E+00
 cg2d: Sum(rhs),rhsMax =   5.96855898038484E-13  1.94085183584171E+00
 cg2d: Sum(rhs),rhsMax =   8.66862137627322E-13  1.94083435952650E+00
 cg2d: Sum(rhs),rhsMax =   6.82121026329696E-13  1.94081644601970E+00
 cg2d: Sum(rhs),rhsMax =   6.82121026329696E-13  1.94079808773037E+00
 cg2d: Sum(rhs),rhsMax =   1.70530256582424E-13  1.94077927682870E+00
 cg2d: Sum(rhs),rhsMax =   1.84741111297626E-13  1.94076000530721E+00
 cg2d: Sum(rhs),rhsMax =   7.81597009336110E-13  1.94074026504293E+00
 cg2d: Sum(rhs),rhsMax =   1.03739239420975E-12  1.94072004785987E+00
 cg2d: Sum(rhs),rhsMax =   5.54223333892878E-13  1.94069934559134E+00
 cg2d: Sum(rhs),rhsMax =   6.82121026329696E-13  1.94067815014182E+00
 cg2d: Sum(rhs),rhsMax =   1.13686837721616E-13  1.94065645354785E+00
 cg2d: Sum(rhs),rhsMax =   4.83169060316868E-13  1.94063424803737E+00
 cg2d: Sum(rhs),rhsMax =   5.82645043323282E-13  1.94061152608741E+00
 cg2d: Sum(rhs),rhsMax =   4.12114786740858E-13  1.94058828047938E+00
 cg2d: Sum(rhs),rhsMax =   2.84217094304040E-13  1.94056450435178E+00
 cg2d: Sum(rhs),rhsMax =   1.10844666778576E-12  1.94054019124994E+00
 cg2d: Sum(rhs),rhsMax =   7.95807864051312E-13  1.94051533517248E+00
 cg2d: Sum(rhs),rhsMax =   3.83693077310454E-13  1.94048993061399E+00
 cg2d: Sum(rhs),rhsMax =   8.66862137627322E-13  1.94046397260394E+00
 cg2d: Sum(rhs),rhsMax =   7.38964445190504E-13  1.94043745674127E+00
 cg2d: Sum(rhs),rhsMax =   1.09423581307055E-12  1.94041037922478E+00
 cg2d: Sum(rhs),rhsMax =   3.55271367880050E-13  1.94038273687867E+00
 cg2d: Sum(rhs),rhsMax =   1.35003119794419E-12  1.94035452717367E+00
 cg2d: Sum(rhs),rhsMax =   5.82645043323282E-13  1.94032574824316E+00
 cg2d: Sum(rhs),rhsMax =   1.06581410364015E-12  1.94029639889434E+00
 cg2d: Sum(rhs),rhsMax =   7.24753590475302E-13  1.94026647861455E+00
 cg2d: Sum(rhs),rhsMax =   4.40536496171262E-13  1.94023598757261E+00
 cg2d: Sum(rhs),rhsMax =   1.13686837721616E-12  1.94020492661519E+00
 cg2d: Sum(rhs),rhsMax =   7.10542735760100E-13  1.94017329725830E+00
 cg2d: Sum(rhs),rhsMax =   2.98427949019242E-13  1.94014110167422E+00
 cg2d: Sum(rhs),rhsMax =   7.38964445190504E-13  1.94010834267353E+00
 cg2d: Sum(rhs),rhsMax =   8.24229573481716E-13  1.94007502368297E+00
 cg2d: Sum(rhs),rhsMax =   8.38440428196918E-13  1.94004114871889E+00
 cg2d: Sum(rhs),rhsMax =   6.25277607468888E-13  1.94000672235680E+00
 cg2d: Sum(rhs),rhsMax =   4.54747350886464E-13  1.93997174969717E+00
 cg2d: Sum(rhs),rhsMax =   6.25277607468888E-13  1.93993623632766E+00
 cg2d: Sum(rhs),rhsMax =  -7.10542735760100E-14  1.93990018828245E+00
 cg2d: Sum(rhs),rhsMax =   9.23705556488130E-13  1.93986361199849E+00
 cg2d: Sum(rhs),rhsMax =   1.00897068477934E-12  1.93982651426949E+00
 cg2d: Sum(rhs),rhsMax =   7.38964445190504E-13  1.93978890219771E+00
 cg2d: Sum(rhs),rhsMax =   6.82121026329696E-13  1.93975078314404E+00
 cg2d: Sum(rhs),rhsMax =   3.41060513164848E-13  1.93971216467670E+00
 cg2d: Sum(rhs),rhsMax =   7.10542735760100E-13  1.93967305451914E+00
 cg2d: Sum(rhs),rhsMax =   1.37845290737459E-12  1.93963346049720E+00
 cg2d: Sum(rhs),rhsMax =   7.53175299905706E-13  1.93959339048612E+00
 cg2d: Sum(rhs),rhsMax =   7.81597009336110E-13  1.93955285235793E+00
 cg2d: Sum(rhs),rhsMax =   4.12114786740858E-13  1.93951185392931E+00
 cg2d: Sum(rhs),rhsMax =   9.94759830064140E-13  1.93947040291042E+00
 cg2d: Sum(rhs),rhsMax =   8.10018718766514E-13  1.93942850685523E+00
 cg2d: Sum(rhs),rhsMax =   9.94759830064140E-13  1.93938617293887E+00
 cg2d: Sum(rhs),rhsMax =   4.83169060316868E-13  1.93934340815041E+00
 cg2d: Sum(rhs),rhsMax =   4.68958205601666E-13  1.93930021947994E+00
 cg2d: Sum(rhs),rhsMax =   7.81597009336110E-13  1.93925661367325E+00
 cg2d: Sum(rhs),rhsMax =   1.17950094136177E-12  1.93921259695431E+00
 cg2d: Sum(rhs),rhsMax =   5.96855898038484E-13  1.93916817495848E+00
 cg2d: Sum(rhs),rhsMax =   3.69482222595252E-13  1.93912335280045E+00
 cg2d: Sum(rhs),rhsMax =   5.11590769747272E-13  1.93907813514694E+00
 cg2d: Sum(rhs),rhsMax =   7.24753590475302E-13  1.93903252623230E+00
 cg2d: Sum(rhs),rhsMax =   9.80548975348938E-13  1.93898652982641E+00
 cg2d: Sum(rhs),rhsMax =   3.55271367880050E-13  1.93894014919155E+00
 cg2d: Sum(rhs),rhsMax =   6.39488462184090E-13  1.93889338705207E+00
 cg2d: Sum(rhs),rhsMax =   3.97903932025656E-13  1.93884624558013E+00
 cg2d: Sum(rhs),rhsMax =   6.11066752753686E-13  1.93879872639174E+00
 cg2d: Sum(rhs),rhsMax =   3.55271367880050E-13  1.93875083054868E+00
 cg2d: Sum(rhs),rhsMax =   7.24753590475302E-13  1.93870255856449E+00
 cg2d: Sum(rhs),rhsMax =   6.96331881044898E-13  1.93865391041391E+00
 cg2d: Sum(rhs),rhsMax =   7.10542735760100E-13  1.93860488554577E+00
 cg2d: Sum(rhs),rhsMax =   1.27897692436818E-12  1.93855548289934E+00
 cg2d: Sum(rhs),rhsMax =   6.53699316899292E-13  1.93850570092378E+00
 cg2d: Sum(rhs),rhsMax =   1.17950094136177E-12  1.93845553760088E+00
 cg2d: Sum(rhs),rhsMax =   4.26325641456060E-13  1.93840499047080E+00
 cg2d: Sum(rhs),rhsMax =   7.81597009336110E-13  1.93835405666091E+00
 cg2d: Sum(rhs),rhsMax =   5.68434188608080E-13  1.93830273291778E+00
 cg2d: Sum(rhs),rhsMax =   5.96855898038484E-13  1.93825101564168E+00
 cg2d: Sum(rhs),rhsMax =   9.52127265918534E-13  1.93819890092369E+00
 cg2d: Sum(rhs),rhsMax =   9.66338120633736E-13  1.93814638458490E+00
 cg2d: Sum(rhs),rhsMax =   2.98427949019242E-13  1.93809346221724E+00
 cg2d: Sum(rhs),rhsMax =   3.26849658449646E-13  1.93804012922544E+00
 cg2d: Sum(rhs),rhsMax =   1.00897068477934E-12  1.93798638086995E+00
 cg2d: Sum(rhs),rhsMax =   2.84217094304040E-13  1.93793221231030E+00
 cg2d: Sum(rhs),rhsMax =   3.12638803734444E-13  1.93787761864862E+00
 cg2d: Sum(rhs),rhsMax =   1.12265752250096E-12  1.93782259497296E+00
 cg2d: Sum(rhs),rhsMax =   5.82645043323282E-13  1.93776713640029E+00
 cg2d: Sum(rhs),rhsMax =   3.26849658449646E-13  1.93771123811878E+00
 cg2d: Sum(rhs),rhsMax =   1.00897068477934E-12  1.93765489542902E+00
 cg2d: Sum(rhs),rhsMax =   2.41584530158434E-13  1.93759810378407E+00
 cg2d: Sum(rhs),rhsMax =   5.82645043323282E-13  1.93754085882786E+00
 cg2d: Sum(rhs),rhsMax =   4.40536496171262E-13  1.93748315643191E+00
 cg2d: Sum(rhs),rhsMax =   2.98427949019242E-13  1.93742499272985E+00
 cg2d: Sum(rhs),rhsMax =   8.95283847057726E-13  1.93736636414964E+00
 cg2d: Sum(rhs),rhsMax =   9.52127265918534E-13  1.93730726744334E+00
 cg2d: Sum(rhs),rhsMax =   5.25801624462474E-13  1.93724769971404E+00
 cg2d: Sum(rhs),rhsMax =   3.55271367880050E-13  1.93718765843993E+00
 cg2d: Sum(rhs),rhsMax =   6.11066752753686E-13  1.93712714149533E+00
 cg2d: Sum(rhs),rhsMax =   4.12114786740858E-13  1.93706614716847E+00
 cg2d: Sum(rhs),rhsMax =   7.67386154620908E-13  1.93700467417615E+00
 cg2d: Sum(rhs),rhsMax =   5.96855898038484E-13  1.93694272167477E+00
 cg2d: Sum(rhs),rhsMax =   2.70006239588838E-13  1.93688028926826E+00
 cg2d: Sum(rhs),rhsMax =   4.40536496171262E-13  1.93681737701242E+00
 cg2d: Sum(rhs),rhsMax =   3.83693077310454E-13  1.93675398541580E+00
 cg2d: Sum(rhs),rhsMax =   2.70006239588838E-13  1.93669011543739E+00
 cg2d: Sum(rhs),rhsMax =   2.27373675443232E-13  1.93662576848078E+00
 cg2d: Sum(rhs),rhsMax =   5.82645043323282E-13  1.93656094638517E+00
 cg2d: Sum(rhs),rhsMax =   7.81597009336110E-13  1.93649565141318E+00
 cg2d: Sum(rhs),rhsMax =   8.24229573481716E-13  1.93642988623576E+00
 cg2d: Sum(rhs),rhsMax =   4.54747350886464E-13  1.93636365391401E+00
 cg2d: Sum(rhs),rhsMax =   8.24229573481716E-13  1.93629695787855E+00
 cg2d: Sum(rhs),rhsMax =   8.66862137627322E-13  1.93622980190620E+00
 cg2d: Sum(rhs),rhsMax =   3.26849658449646E-13  1.93616219009444E+00
 cg2d: Sum(rhs),rhsMax =   8.10018718766514E-13  1.93609412683379E+00
(PID.TID 0000.0001) %CHECKPOINT   3111840 ckptA
(PID.TID 0000.0001)   early fc =  0.000000000000000D+00
 --> objf_test(bi,bj)        =  0.189842664522704D+00
(PID.TID 0000.0001)   local fc =  0.189842664522704D+00
(PID.TID 0000.0001)  global fc =  0.322547976275027D+00
(PID.TID 0000.0001) whio : write lev 2 rec   1
(PID.TID 0000.0001) SOLVE_FOR_PRESSURE: putPmEinXvector =    F
 cg2d: Sum(rhs),rhsMax =   8.52651282912120E-13  1.99900718163814E+00
 cg2d: Sum(rhs),rhsMax =   7.81597009336110E-13  1.99891722427463E+00
 cg2d: Sum(rhs),rhsMax =   1.50635059981141E-12  1.99882649286104E+00
 cg2d: Sum(rhs),rhsMax =   5.82645043323282E-13  1.99873498159962E+00
 cg2d: Sum(rhs),rhsMax =   9.37916411203332E-13  1.99864269010628E+00
 cg2d: Sum(rhs),rhsMax =   3.26849658449646E-13  1.99854961876264E+00
 cg2d: Sum(rhs),rhsMax =   4.54747350886464E-13  1.99845576788955E+00
 cg2d: Sum(rhs),rhsMax =   5.25801624462474E-13  1.99836113784468E+00
 cg2d: Sum(rhs),rhsMax =   3.41060513164848E-13  1.99826572897853E+00
 cg2d: Sum(rhs),rhsMax =   9.37916411203332E-13  1.99816954154800E+00
 cg2d: Sum(rhs),rhsMax =   3.69482222595252E-13  1.99807257570752E+00
 cg2d: Sum(rhs),rhsMax =   9.37916411203332E-13  1.99797483157076E+00
 cg2d: Sum(rhs),rhsMax =   4.97379915032070E-13  1.99787630928802E+00
 cg2d: Sum(rhs),rhsMax =   8.52651282912120E-13  1.99777700909586E+00
 cg2d: Sum(rhs),rhsMax =   8.24229573481716E-13  1.99767693132623E+00
 cg2d: Sum(rhs),rhsMax =   5.68434188608080E-13  1.99757607638737E+00
 cg2d: Sum(rhs),rhsMax =   7.10542735760100E-13  1.99747444473723E+00
 cg2d: Sum(rhs),rhsMax =   8.81072992342524E-13  1.99737203686449E+00
 cg2d: Sum(rhs),rhsMax =   6.25277607468888E-13  1.99726885328106E+00
 cg2d: Sum(rhs),rhsMax =   7.81597009336110E-13  1.99716489452377E+00
 cg2d: Sum(rhs),rhsMax =   3.12638803734444E-13  1.99706016115903E+00
 cg2d: Sum(rhs),rhsMax =   3.83693077310454E-13  1.99695465378713E+00
 cg2d: Sum(rhs),rhsMax =   5.68434188608080E-13  1.99684837304370E+00
 cg2d: Sum(rhs),rhsMax =   4.26325641456060E-13  1.99674131959909E+00
 cg2d: Sum(rhs),rhsMax =   3.83693077310454E-13  1.99663349415570E+00
 cg2d: Sum(rhs),rhsMax =   5.40012479177676E-13  1.99652489744398E+00
 cg2d: Sum(rhs),rhsMax =   5.68434188608080E-13  1.99641553021776E+00
 cg2d: Sum(rhs),rhsMax =   7.67386154620908E-13  1.99630539324887E+00
 cg2d: Sum(rhs),rhsMax =   1.26476606965298E-12  1.99619448732192E+00
 cg2d: Sum(rhs),rhsMax =   3.26849658449646E-13  1.99608281322969E+00
 cg2d: Sum(rhs),rhsMax =  -2.41584530158434E-13  1.99597037176933E+00
 cg2d: Sum(rhs),rhsMax =   6.82121026329696E-13  1.99585716374004E+00
 cg2d: Sum(rhs),rhsMax =   7.38964445190504E-13  1.99574318994199E+00
 cg2d: Sum(rhs),rhsMax =   4.83169060316868E-13  1.99562845117595E+00
 cg2d: Sum(rhs),rhsMax =   8.52651282912120E-13  1.99551294824340E+00
 cg2d: Sum(rhs),rhsMax =   5.54223333892878E-13  1.99539668194636E+00
 cg2d: Sum(rhs),rhsMax =   7.81597009336110E-13  1.99527965308675E+00
 cg2d: Sum(rhs),rhsMax =   8.66862137627322E-13  1.99516186246490E+00
 cg2d: Sum(rhs),rhsMax =   6.39488462184090E-13  1.99504331087728E+00
 cg2d: Sum(rhs),rhsMax =   7.10542735760100E-14  1.99492399911349E+00
 cg2d: Sum(rhs),rhsMax =   1.70530256582424E-13  1.99480392795287E+00
 cg2d: Sum(rhs),rhsMax =   7.38964445190504E-13  1.99468309816143E+00
 cg2d: Sum(rhs),rhsMax =   9.80548975348938E-13  1.99456151048905E+00
 cg2d: Sum(rhs),rhsMax =   8.52651282912120E-13  1.99443916566721E+00
 cg2d: Sum(rhs),rhsMax =   1.12265752250096E-12  1.99431606440727E+00
 cg2d: Sum(rhs),rhsMax =   6.11066752753686E-13  1.99419220739920E+00
 cg2d: Sum(rhs),rhsMax =   6.82121026329696E-13  1.99406759531059E+00
 cg2d: Sum(rhs),rhsMax =   4.40536496171262E-13  1.99394222878600E+00
 cg2d: Sum(rhs),rhsMax =   5.11590769747272E-13  1.99381610844648E+00
 cg2d: Sum(rhs),rhsMax =   6.25277607468888E-13  1.99368923488917E+00
 cg2d: Sum(rhs),rhsMax =   1.06581410364015E-12  1.99356160868705E+00
 cg2d: Sum(rhs),rhsMax =   6.53699316899292E-13  1.99343323038886E+00
 cg2d: Sum(rhs),rhsMax =   5.11590769747272E-13  1.99330410051913E+00
 cg2d: Sum(rhs),rhsMax =   8.10018718766514E-13  1.99317421957839E+00
 cg2d: Sum(rhs),rhsMax =   7.38964445190504E-13  1.99304358804364E+00
 cg2d: Sum(rhs),rhsMax =   1.06581410364015E-12  1.99291220636902E+00
 cg2d: Sum(rhs),rhsMax =   4.97379915032070E-13  1.99278007498672E+00
 cg2d: Sum(rhs),rhsMax =   7.95807864051312E-13  1.99264719430797E+00
 cg2d: Sum(rhs),rhsMax =   7.24753590475302E-13  1.99251356472431E+00
 cg2d: Sum(rhs),rhsMax =   5.40012479177676E-13  1.99237918660897E+00
 cg2d: Sum(rhs),rhsMax =   5.96855898038484E-13  1.99224406031819E+00
 cg2d: Sum(rhs),rhsMax =   1.00897068477934E-12  1.99210818619292E+00
 cg2d: Sum(rhs),rhsMax =   7.95807864051312E-13  1.99197156456023E+00
 cg2d: Sum(rhs),rhsMax =   8.10018718766514E-13  1.99183419573504E+00
 cg2d: Sum(rhs),rhsMax =   4.54747350886464E-13  1.99169608002185E+00
 cg2d: Sum(rhs),rhsMax =   4.83169060316868E-13  1.99155721771640E+00
 cg2d: Sum(rhs),rhsMax =   6.96331881044898E-13  1.99141760910769E+00
 cg2d: Sum(rhs),rhsMax =   2.41584530158434E-13  1.99127725447975E+00
 cg2d: Sum(rhs),rhsMax =   6.39488462184090E-13  1.99113615411376E+00
 cg2d: Sum(rhs),rhsMax =   7.10542735760100E-13  1.99099430829005E+00
 cg2d: Sum(rhs),rhsMax =   8.24229573481716E-13  1.99085171729027E+00
 cg2d: Sum(rhs),rhsMax =   3.26849658449646E-13  1.99070838139951E+00
(PID.TID 0000.0001) whio : write lev 2 rec   2
 cg2d: Sum(rhs),rhsMax =   1.05160324892495E-12  1.99056430090849E+00
 cg2d: Sum(rhs),rhsMax =   5.68434188608080E-13  1.99041947611577E+00
 cg2d: Sum(rhs),rhsMax =   2.55795384873636E-13  1.99027390732974E+00
 cg2d: Sum(rhs),rhsMax =   5.96855898038484E-13  1.99012759487094E+00
 cg2d: Sum(rhs),rhsMax =   3.26849658449646E-13  1.98998053907398E+00
 cg2d: Sum(rhs),rhsMax =   5.40012479177676E-13  1.98983274028953E+00
 cg2d: Sum(rhs),rhsMax =   8.81072992342524E-13  1.98968419888621E+00
 cg2d: Sum(rhs),rhsMax =   4.68958205601666E-13  1.98953491525243E+00
 cg2d: Sum(rhs),rhsMax =   3.97903932025656E-13  1.98938488979809E+00
 cg2d: Sum(rhs),rhsMax =   1.12265752250096E-12  1.98923412295613E+00
 cg2d: Sum(rhs),rhsMax =   4.97379915032070E-13  1.98908261518407E+00
 cg2d: Sum(rhs),rhsMax =   1.03739239420975E-12  1.98893036696536E+00
 cg2d: Sum(rhs),rhsMax =   3.97903932025656E-13  1.98877737881065E+00
 cg2d: Sum(rhs),rhsMax =   4.54747350886464E-13  1.98862365125883E+00
 cg2d: Sum(rhs),rhsMax =   7.95807864051312E-13  1.98846918487815E+00
 cg2d: Sum(rhs),rhsMax =   9.66338120633736E-13  1.98831398026689E+00
 cg2d: Sum(rhs),rhsMax =   9.23705556488130E-13  1.98815803805426E+00
 cg2d: Sum(rhs),rhsMax =   9.23705556488130E-13  1.98800135890080E+00
 cg2d: Sum(rhs),rhsMax =   2.27373675443232E-13  1.98784394349884E+00
 cg2d: Sum(rhs),rhsMax =   9.80548975348938E-13  1.98768579257287E+00
 cg2d: Sum(rhs),rhsMax =   4.40536496171262E-13  1.98752690687945E+00
 cg2d: Sum(rhs),rhsMax =   8.10018718766514E-13  1.98736728720735E+00
 cg2d: Sum(rhs),rhsMax =   2.27373675443232E-13  1.98720693437723E+00
 cg2d: Sum(rhs),rhsMax =   6.96331881044898E-13  1.98704584924140E+00
 cg2d: Sum(rhs),rhsMax =   7.67386154620908E-13  1.98688403268324E+00
 cg2d: Sum(rhs),rhsMax =   1.98951966012828E-13  1.98672148561659E+00
 cg2d: Sum(rhs),rhsMax =   5.40012479177676E-13  1.98655820898490E+00
 cg2d: Sum(rhs),rhsMax =   6.67910171614494E-13  1.98639420376027E+00
 cg2d: Sum(rhs),rhsMax =   4.40536496171262E-13  1.98622947094271E+00
 cg2d: Sum(rhs),rhsMax =   8.52651282912120E-13  1.98606401155908E+00
 cg2d: Sum(rhs),rhsMax =   4.54747350886464E-13  1.98589782666181E+00
 cg2d: Sum(rhs),rhsMax =   1.05160324892495E-12  1.98573091732729E+00
 cg2d: Sum(rhs),rhsMax =   2.98427949019242E-13  1.98556328465445E+00
 cg2d: Sum(rhs),rhsMax =   7.53175299905706E-13  1.98539492976335E+00
 cg2d: Sum(rhs),rhsMax =   7.81597009336110E-13  1.98522585379359E+00
 cg2d: Sum(rhs),rhsMax =   5.96855898038484E-13  1.98505605790274E+00
 cg2d: Sum(rhs),rhsMax =   5.82645043323282E-13  1.98488554326477E+00
 cg2d: Sum(rhs),rhsMax =   6.39488462184090E-13  1.98471431106829E+00
 cg2d: Sum(rhs),rhsMax =   4.68958205601666E-13  1.98454236251496E+00
 cg2d: Sum(rhs),rhsMax =   1.70530256582424E-13  1.98436969881764E+00
 cg2d: Sum(rhs),rhsMax =   9.23705556488130E-13  1.98419632119872E+00
 cg2d: Sum(rhs),rhsMax =   6.67910171614494E-13  1.98402223088842E+00
 cg2d: Sum(rhs),rhsMax =   2.27373675443232E-13  1.98384742912312E+00
 cg2d: Sum(rhs),rhsMax =   4.97379915032070E-13  1.98367191714351E+00
 cg2d: Sum(rhs),rhsMax =   7.10542735760100E-13  1.98349569619308E+00
 cg2d: Sum(rhs),rhsMax =   8.52651282912120E-13  1.98331876751651E+00
 cg2d: Sum(rhs),rhsMax =   8.81072992342524E-13  1.98314113235799E+00
 cg2d: Sum(rhs),rhsMax =   8.52651282912120E-13  1.98296279195984E+00
 cg2d: Sum(rhs),rhsMax =   1.02318153949454E-12  1.98278374756094E+00
 cg2d: Sum(rhs),rhsMax =   6.53699316899292E-13  1.98260400039550E+00
 cg2d: Sum(rhs),rhsMax =   4.68958205601666E-13  1.98242355169166E+00
 cg2d: Sum(rhs),rhsMax =   4.83169060316868E-13  1.98224240267025E+00
 cg2d: Sum(rhs),rhsMax =   7.38964445190504E-13  1.98206055454376E+00
 cg2d: Sum(rhs),rhsMax =   8.95283847057726E-13  1.98187800851551E+00
 cg2d: Sum(rhs),rhsMax =   7.67386154620908E-13  1.98169476577865E+00
 cg2d: Sum(rhs),rhsMax =   1.02318153949454E-12  1.98151082751545E+00
 cg2d: Sum(rhs),rhsMax =   5.40012479177676E-13  1.98132619489648E+00
 cg2d: Sum(rhs),rhsMax =   5.40012479177676E-13  1.98114086908013E+00
 cg2d: Sum(rhs),rhsMax =   6.53699316899292E-13  1.98095485121213E+00
 cg2d: Sum(rhs),rhsMax =   8.81072992342524E-13  1.98076814242527E+00
 cg2d: Sum(rhs),rhsMax =   5.11590769747272E-13  1.98058074383928E+00
 cg2d: Sum(rhs),rhsMax =   2.13162820728030E-13  1.98039265656073E+00
 cg2d: Sum(rhs),rhsMax =   4.97379915032070E-13  1.98020388168304E+00
 cg2d: Sum(rhs),rhsMax =   8.52651282912120E-13  1.98001442028673E+00
 cg2d: Sum(rhs),rhsMax =   7.38964445190504E-13  1.97982427343966E+00
 cg2d: Sum(rhs),rhsMax =   7.53175299905706E-13  1.97963344219734E+00
 cg2d: Sum(rhs),rhsMax =   3.55271367880050E-13  1.97944192760356E+00
 cg2d: Sum(rhs),rhsMax =   3.97903932025656E-13  1.97924973069082E+00
 cg2d: Sum(rhs),rhsMax =   7.53175299905706E-13  1.97905685248117E+00
 cg2d: Sum(rhs),rhsMax =   7.53175299905706E-13  1.97886329398688E+00
 cg2d: Sum(rhs),rhsMax =   6.11066752753686E-13  1.97866905621136E+00
 cg2d: Sum(rhs),rhsMax =   6.53699316899292E-13  1.97847414015006E+00
(PID.TID 0000.0001) whio : write lev 2 rec   3
 cg2d: Sum(rhs),rhsMax =   5.25801624462474E-13  1.97827854679158E+00
 cg2d: Sum(rhs),rhsMax =   2.13162820728030E-13  1.97808227711866E+00
 cg2d: Sum(rhs),rhsMax =   3.97903932025656E-13  1.97788533210936E+00
 cg2d: Sum(rhs),rhsMax =   4.83169060316868E-13  1.97768771273827E+00
 cg2d: Sum(rhs),rhsMax =   5.68434188608080E-13  1.97748941997780E+00
 cg2d: Sum(rhs),rhsMax =   8.52651282912120E-13  1.97729045479931E+00
 cg2d: Sum(rhs),rhsMax =   5.25801624462474E-13  1.97709081817457E+00
 cg2d: Sum(rhs),rhsMax =   5.11590769747272E-13  1.97689051107700E+00
 cg2d: Sum(rhs),rhsMax =   7.24753590475302E-13  1.97668953448292E+00
 cg2d: Sum(rhs),rhsMax =   4.83169060316868E-13  1.97648788937311E+00
 cg2d: Sum(rhs),rhsMax =   4.26325641456060E-13  1.97628557673392E+00
 cg2d: Sum(rhs),rhsMax =   8.38440428196918E-13  1.97608259755867E+00
 cg2d: Sum(rhs),rhsMax =   7.38964445190504E-13  1.97587895284890E+00
 cg2d: Sum(rhs),rhsMax =   4.40536496171262E-13  1.97567464361575E+00
 cg2d: Sum(rhs),rhsMax =   5.40012479177676E-13  1.97546967088098E+00
 cg2d: Sum(rhs),rhsMax =   7.67386154620908E-13  1.97526403567837E+00
 cg2d: Sum(rhs),rhsMax =   4.83169060316868E-13  1.97505773905462E+00
 cg2d: Sum(rhs),rhsMax =   8.24229573481716E-13  1.97485078207062E+00
 cg2d: Sum(rhs),rhsMax =   4.40536496171262E-13  1.97464316580237E+00
 cg2d: Sum(rhs),rhsMax =   5.11590769747272E-13  1.97443489134190E+00
 cg2d: Sum(rhs),rhsMax =   7.38964445190504E-13  1.97422595979816E+00
 cg2d: Sum(rhs),rhsMax =   7.81597009336110E-13  1.97401637229787E+00
 cg2d: Sum(rhs),rhsMax =   5.40012479177676E-13  1.97380612998610E+00
 cg2d: Sum(rhs),rhsMax =   3.83693077310454E-13  1.97359523402704E+00
 cg2d: Sum(rhs),rhsMax =   6.82121026329696E-13  1.97338368560446E+00
 cg2d: Sum(rhs),rhsMax =   6.82121026329696E-13  1.97317148592217E+00
 cg2d: Sum(rhs),rhsMax =   4.40536496171262E-13  1.97295863620440E+00
 cg2d: Sum(rhs),rhsMax =   6.39488462184090E-13  1.97274513769602E+00
 cg2d: Sum(rhs),rhsMax =   4.97379915032070E-13  1.97253099166276E+00
 cg2d: Sum(rhs),rhsMax =   5.40012479177676E-13  1.97231619939129E+00
 cg2d: Sum(rhs),rhsMax =   9.94759830064140E-13  1.97210076218916E+00
 cg2d: Sum(rhs),rhsMax =   5.54223333892878E-13  1.97188468138468E+00
 cg2d: Sum(rhs),rhsMax =   5.40012479177676E-13  1.97166795832684E+00
 cg2d: Sum(rhs),rhsMax =   2.41584530158434E-13  1.97145059438484E+00
 cg2d: Sum(rhs),rhsMax =   2.13162820728030E-13  1.97123259094787E+00
 cg2d: Sum(rhs),rhsMax =   3.83693077310454E-13  1.97101394942454E+00
 cg2d: Sum(rhs),rhsMax =   7.38964445190504E-13  1.97079467124240E+00
 cg2d: Sum(rhs),rhsMax =   4.97379915032070E-13  1.97057475784731E+00
 cg2d: Sum(rhs),rhsMax =   5.68434188608080E-13  1.97035421070274E+00
 cg2d: Sum(rhs),rhsMax =   3.26849658449646E-13  1.97013303128896E+00
 cg2d: Sum(rhs),rhsMax =   9.52127265918534E-13  1.96991122110236E+00
 cg2d: Sum(rhs),rhsMax =   9.23705556488130E-13  1.96968878165438E+00
 cg2d: Sum(rhs),rhsMax =   9.94759830064140E-14  1.96946571447079E+00
 cg2d: Sum(rhs),rhsMax =   8.10018718766514E-13  1.96924202109055E+00
 cg2d: Sum(rhs),rhsMax =   5.40012479177676E-13  1.96901770306481E+00
 cg2d: Sum(rhs),rhsMax =   5.96855898038484E-13  1.96879276195601E+00
 cg2d: Sum(rhs),rhsMax =   6.82121026329696E-13  1.96856719933661E+00
 cg2d: Sum(rhs),rhsMax =   1.19371179607697E-12  1.96834101678808E+00
 cg2d: Sum(rhs),rhsMax =   4.12114786740858E-13  1.96811421589974E+00
 cg2d: Sum(rhs),rhsMax =   5.25801624462474E-13  1.96788679826769E+00
 cg2d: Sum(rhs),rhsMax =   8.24229573481716E-13  1.96765876549382E+00
 cg2d: Sum(rhs),rhsMax =   3.12638803734444E-13  1.96743011918473E+00
 cg2d: Sum(rhs),rhsMax =   4.40536496171262E-13  1.96720086095064E+00
 cg2d: Sum(rhs),rhsMax =   8.81072992342524E-13  1.96697099240417E+00
 cg2d: Sum(rhs),rhsMax =   6.67910171614494E-13  1.96674051515921E+00
 cg2d: Sum(rhs),rhsMax =   9.09494701772928E-13  1.96650943082984E+00
 cg2d: Sum(rhs),rhsMax =   6.53699316899292E-13  1.96627774102937E+00
 cg2d: Sum(rhs),rhsMax =   4.54747350886464E-13  1.96604544736946E+00
 cg2d: Sum(rhs),rhsMax =   6.39488462184090E-13  1.96581255145918E+00
 cg2d: Sum(rhs),rhsMax =   1.00897068477934E-12  1.96557905490431E+00
 cg2d: Sum(rhs),rhsMax =   6.53699316899292E-13  1.96534495930641E+00
 cg2d: Sum(rhs),rhsMax =   2.84217094304040E-13  1.96511026626221E+00
 cg2d: Sum(rhs),rhsMax =   5.96855898038484E-13  1.96487497736279E+00
 cg2d: Sum(rhs),rhsMax =   8.66862137627322E-13  1.96463909419305E+00
 cg2d: Sum(rhs),rhsMax =   1.15107923193136E-12  1.96440261833110E+00
 cg2d: Sum(rhs),rhsMax =   9.52127265918534E-13  1.96416555134775E+00
 cg2d: Sum(rhs),rhsMax =   2.55795384873636E-13  1.96392789480618E+00
 cg2d: Sum(rhs),rhsMax =   3.83693077310454E-13  1.96368965026149E+00
 cg2d: Sum(rhs),rhsMax =   3.83693077310454E-13  1.96345081926057E+00
 cg2d: Sum(rhs),rhsMax =   6.96331881044898E-13  1.96321140334176E+00
 cg2d: Sum(rhs),rhsMax =   5.11590769747272E-13  1.96297140403481E+00
 cg2d: Sum(rhs),rhsMax =   8.95283847057726E-13  1.96273082286086E+00
(PID.TID 0000.0001) whio : write lev 2 rec   4
 cg2d: Sum(rhs),rhsMax =   7.24753590475302E-13  1.96248966133242E+00
 cg2d: Sum(rhs),rhsMax =   1.08002495835535E-12  1.96224792095346E+00
 cg2d: Sum(rhs),rhsMax =   7.67386154620908E-13  1.96200560321962E+00
 cg2d: Sum(rhs),rhsMax =   1.00897068477934E-12  1.96176270961842E+00
 cg2d: Sum(rhs),rhsMax =   3.69482222595252E-13  1.96151924162961E+00
 cg2d: Sum(rhs),rhsMax =   1.13686837721616E-12  1.96127520072553E+00
 cg2d: Sum(rhs),rhsMax =   5.40012479177676E-13  1.96103058837147E+00
 cg2d: Sum(rhs),rhsMax =   5.25801624462474E-13  1.96078540602631E+00
 cg2d: Sum(rhs),rhsMax =   5.82645043323282E-13  1.96053965514300E+00
 cg2d: Sum(rhs),rhsMax =   3.41060513164848E-13  1.96029333716912E+00
 cg2d: Sum(rhs),rhsMax =   7.24753590475302E-13  1.96004645354762E+00
 cg2d: Sum(rhs),rhsMax =   7.10542735760100E-13  1.95979900571744E+00
 cg2d: Sum(rhs),rhsMax =   1.36424205265939E-12  1.95955099511424E+00
 cg2d: Sum(rhs),rhsMax =   8.52651282912120E-13  1.95930242317123E+00
 cg2d: Sum(rhs),rhsMax =   8.24229573481716E-13  1.95905329131984E+00
 cg2d: Sum(rhs),rhsMax =   6.53699316899292E-13  1.95880360099056E+00
 cg2d: Sum(rhs),rhsMax =   4.54747350886464E-13  1.95855335361380E+00
 cg2d: Sum(rhs),rhsMax =   3.69482222595252E-13  1.95830255062066E+00
 cg2d: Sum(rhs),rhsMax =   5.82645043323282E-13  1.95805119344379E+00
 cg2d: Sum(rhs),rhsMax =   7.10542735760100E-13  1.95779928351826E+00
 cg2d: Sum(rhs),rhsMax =   7.67386154620908E-13  1.95754682228241E+00
 cg2d: Sum(rhs),rhsMax =   3.41060513164848E-13  1.95729381117865E+00
 cg2d: Sum(rhs),rhsMax =   7.67386154620908E-13  1.95704025165433E+00
 cg2d: Sum(rhs),rhsMax =   4.40536496171262E-13  1.95678614516253E+00
 cg2d: Sum(rhs),rhsMax =   4.12114786740858E-13  1.95653149316289E+00
 cg2d: Sum(rhs),rhsMax =   6.25277607468888E-13  1.95627629712234E+00
 cg2d: Sum(rhs),rhsMax =   3.26849658449646E-13  1.95602055851583E+00
 cg2d: Sum(rhs),rhsMax =   3.26849658449646E-13  1.95576427882672E+00
 cg2d: Sum(rhs),rhsMax =   4.97379915032070E-13  1.95550745954742E+00
 cg2d: Sum(rhs),rhsMax =   4.40536496171262E-13  1.95525010218045E+00
 cg2d: Sum(rhs),rhsMax =   6.25277607468888E-13  1.95499220823937E+00
 cg2d: Sum(rhs),rhsMax =   9.09494701772928E-13  1.95473377924937E+00
 cg2d: Sum(rhs),rhsMax =   5.54223333892878E-13  1.95447481674723E+00
 cg2d: Sum(rhs),rhsMax =   7.38964445190504E-13  1.95421532228136E+00
 cg2d: Sum(rhs),rhsMax =   5.68434188608080E-13  1.95395529741213E+00
 cg2d: Sum(rhs),rhsMax =   1.20792265079217E-12  1.95369474371237E+00
 cg2d: Sum(rhs),rhsMax =   6.67910171614494E-13  1.95343366276768E+00
 cg2d: Sum(rhs),rhsMax =   4.54747350886464E-13  1.95317205617682E+00
 cg2d: Sum(rhs),rhsMax =   5.54223333892878E-13  1.95290992555179E+00
 cg2d: Sum(rhs),rhsMax =   7.10542735760100E-13  1.95264727251788E+00
 cg2d: Sum(rhs),rhsMax =   5.25801624462474E-13  1.95238409871382E+00
 cg2d: Sum(rhs),rhsMax =   9.94759830064140E-14  1.95212040579161E+00
 cg2d: Sum(rhs),rhsMax =   6.11066752753686E-13  1.95185619541651E+00
 cg2d: Sum(rhs),rhsMax =   3.41060513164848E-13  1.95159146926691E+00
 cg2d: Sum(rhs),rhsMax =   7.67386154620908E-13  1.95132622903414E+00
 cg2d: Sum(rhs),rhsMax =   9.94759830064140E-14  1.95106047642222E+00
 cg2d: Sum(rhs),rhsMax =   3.97903932025656E-13  1.95079421314756E+00
 cg2d: Sum(rhs),rhsMax =   8.24229573481716E-13  1.95052744093867E+00
 cg2d: Sum(rhs),rhsMax =   8.38440428196918E-13  1.95026016153578E+00
 cg2d: Sum(rhs),rhsMax =   6.25277607468888E-13  1.94999237669033E+00
 cg2d: Sum(rhs),rhsMax =   4.12114786740858E-13  1.94972408816461E+00
 cg2d: Sum(rhs),rhsMax =   6.25277607468888E-13  1.94945529773121E+00
 cg2d: Sum(rhs),rhsMax =   8.66862137627322E-13  1.94918600717248E+00
 cg2d: Sum(rhs),rhsMax =   7.38964445190504E-13  1.94891621827997E+00
 cg2d: Sum(rhs),rhsMax =   6.96331881044898E-13  1.94864593285385E+00
 cg2d: Sum(rhs),rhsMax =   4.83169060316868E-13  1.94837515270227E+00
 cg2d: Sum(rhs),rhsMax =   7.24753590475302E-13  1.94810387964077E+00
 cg2d: Sum(rhs),rhsMax =   6.53699316899292E-13  1.94783211549159E+00
 cg2d: Sum(rhs),rhsMax =   3.97903932025656E-13  1.94755986208303E+00
 cg2d: Sum(rhs),rhsMax =   6.11066752753686E-13  1.94728712124878E+00
 cg2d: Sum(rhs),rhsMax =   1.09423581307055E-12  1.94701389482735E+00
 cg2d: Sum(rhs),rhsMax =   1.23634436022257E-12  1.94674018466117E+00
 cg2d: Sum(rhs),rhsMax =   8.24229573481716E-13  1.94646599259623E+00
 cg2d: Sum(rhs),rhsMax =   5.68434188608080E-13  1.94619132048125E+00
 cg2d: Sum(rhs),rhsMax =   7.67386154620908E-13  1.94591617016705E+00
 cg2d: Sum(rhs),rhsMax =   4.97379915032070E-13  1.94564054350604E+00
 cg2d: Sum(rhs),rhsMax =   6.96331881044898E-13  1.94536444235150E+00
 cg2d: Sum(rhs),rhsMax =   1.10844666778576E-12  1.94508786855703E+00
 cg2d: Sum(rhs),rhsMax =   3.83693077310454E-13  1.94481082397608E+00
 cg2d: Sum(rhs),rhsMax =   1.42108547152020E-14  1.94453331046125E+00
 cg2d: Sum(rhs),rhsMax =   7.24753590475302E-13  1.94425532986402E+00
 cg2d: Sum(rhs),rhsMax =   6.96331881044898E-13  1.94397688403403E+00
(PID.TID 0000.0001) whio : write lev 2 rec   5
 cg2d: Sum(rhs),rhsMax =   9.09494701772928E-13  1.94369797481884E+00
 cg2d: Sum(rhs),rhsMax =   5.82645043323282E-13  1.94341860406343E+00
 cg2d: Sum(rhs),rhsMax =   7.95807864051312E-13  1.94313877360991E+00
 cg2d: Sum(rhs),rhsMax =   7.53175299905706E-13  1.94285848529712E+00
 cg2d: Sum(rhs),rhsMax =   6.53699316899292E-13  1.94257774096040E+00
 cg2d: Sum(rhs),rhsMax =   7.38964445190504E-13  1.94229654243137E+00
 cg2d: Sum(rhs),rhsMax =   8.81072992342524E-13  1.94201489153768E+00
 cg2d: Sum(rhs),rhsMax =   7.24753590475302E-13  1.94173279010287E+00
 cg2d: Sum(rhs),rhsMax =   6.67910171614494E-13  1.94145023994629E+00
 cg2d: Sum(rhs),rhsMax =   8.81072992342524E-13  1.94116724288296E+00
 cg2d: Sum(rhs),rhsMax =   1.42108547152020E-14  1.94088380072361E+00
 cg2d: Sum(rhs),rhsMax =   8.95283847057726E-13  1.94059991527469E+00
 cg2d: Sum(rhs),rhsMax =   7.10542735760100E-13  1.94031558833834E+00
 cg2d: Sum(rhs),rhsMax =   4.97379915032070E-13  1.94003082171255E+00
 cg2d: Sum(rhs),rhsMax =   6.11066752753686E-13  1.93974561719131E+00
 cg2d: Sum(rhs),rhsMax =   5.96855898038484E-13  1.93945997656475E+00
 cg2d: Sum(rhs),rhsMax =   6.53699316899292E-13  1.93917390161931E+00
 cg2d: Sum(rhs),rhsMax =   7.53175299905706E-13  1.93888739413803E+00
 cg2d: Sum(rhs),rhsMax =   8.10018718766514E-13  1.93860045590081E+00
 cg2d: Sum(rhs),rhsMax =   4.12114786740858E-13  1.93831308868469E+00
 cg2d: Sum(rhs),rhsMax =   6.96331881044898E-13  1.93802529426420E+00
 cg2d: Sum(rhs),rhsMax =   5.25801624462474E-13  1.93773707441167E+00
 cg2d: Sum(rhs),rhsMax =   3.55271367880050E-13  1.93744843089765E+00
 cg2d: Sum(rhs),rhsMax =   5.40012479177676E-13  1.93715936549131E+00
 cg2d: Sum(rhs),rhsMax =   9.66338120633736E-13  1.93686987996079E+00
 cg2d: Sum(rhs),rhsMax =   5.54223333892878E-13  1.93657997607369E+00
 cg2d: Sum(rhs),rhsMax =   1.02318153949454E-12  1.93628965559743E+00
 cg2d: Sum(rhs),rhsMax =   5.96855898038484E-13  1.93599892029981E+00
 cg2d: Sum(rhs),rhsMax =  -4.26325641456060E-14  1.93570777194933E+00
 cg2d: Sum(rhs),rhsMax =   3.83693077310454E-13  1.93541621231575E+00
 cg2d: Sum(rhs),rhsMax =   7.95807864051312E-13  1.93512424317045E+00
 cg2d: Sum(rhs),rhsMax =   2.84217094304040E-13  1.93483186628695E+00
 cg2d: Sum(rhs),rhsMax =   4.54747350886464E-13  1.93453908344132E+00
 cg2d: Sum(rhs),rhsMax =   6.25277607468888E-13  1.93424589641266E+00
 cg2d: Sum(rhs),rhsMax =   7.10542735760100E-13  1.93395230698345E+00
 cg2d: Sum(rhs),rhsMax =   9.37916411203332E-13  1.93365831694005E+00
 cg2d: Sum(rhs),rhsMax =   1.05160324892495E-12  1.93336392807306E+00
 cg2d: Sum(rhs),rhsMax =   9.80548975348938E-13  1.93306914217767E+00
 cg2d: Sum(rhs),rhsMax =   7.38964445190504E-13  1.93277396105408E+00
 cg2d: Sum(rhs),rhsMax =   4.68958205601666E-13  1.93247838650781E+00
 cg2d: Sum(rhs),rhsMax =   7.95807864051312E-13  1.93218242035007E+00
 cg2d: Sum(rhs),rhsMax =   2.13162820728030E-13  1.93188606439799E+00
 cg2d: Sum(rhs),rhsMax =   7.24753590475302E-13  1.93158932047489E+00
 cg2d: Sum(rhs),rhsMax =   8.10018718766514E-13  1.93129219041061E+00
 cg2d: Sum(rhs),rhsMax =   1.10844666778576E-12  1.93099467604166E+00
 cg2d: Sum(rhs),rhsMax =   9.52127265918534E-13  1.93069677921139E+00
 cg2d: Sum(rhs),rhsMax =   3.83693077310454E-13  1.93039850177019E+00
 cg2d: Sum(rhs),rhsMax =   1.02318153949454E-12  1.93009984557559E+00
 cg2d: Sum(rhs),rhsMax =   5.82645043323282E-13  1.92980081249243E+00
 cg2d: Sum(rhs),rhsMax =   8.95283847057726E-13  1.92950140439279E+00
 cg2d: Sum(rhs),rhsMax =   7.10542735760100E-13  1.92920162315618E+00
 cg2d: Sum(rhs),rhsMax =   3.97903932025656E-13  1.92890147066939E+00
 cg2d: Sum(rhs),rhsMax =   7.67386154620908E-13  1.92860094882665E+00
 cg2d: Sum(rhs),rhsMax =   7.10542735760100E-13  1.92830005952937E+00
 cg2d: Sum(rhs),rhsMax =   1.56319401867222E-13  1.92799880468621E+00
 cg2d: Sum(rhs),rhsMax =   4.68958205601666E-13  1.92769718621293E+00
 cg2d: Sum(rhs),rhsMax =   7.38964445190504E-13  1.92739520603222E+00
 cg2d: Sum(rhs),rhsMax =   3.26849658449646E-13  1.92709286607353E+00
 cg2d: Sum(rhs),rhsMax =   5.96855898038484E-13  1.92687610072743E+00
 cg2d: Sum(rhs),rhsMax =   4.40536496171262E-13  1.92700113295450E+00
 cg2d: Sum(rhs),rhsMax =   8.38440428196918E-13  1.92712564430495E+00
 cg2d: Sum(rhs),rhsMax =   9.09494701772928E-13  1.92724963435591E+00
 cg2d: Sum(rhs),rhsMax =   7.24753590475302E-13  1.92737310268716E+00
 cg2d: Sum(rhs),rhsMax =   5.11590769747272E-13  1.92749604888053E+00
 cg2d: Sum(rhs),rhsMax =   8.81072992342524E-13  1.92761847251958E+00
 cg2d: Sum(rhs),rhsMax =   4.26325641456060E-13  1.92774037318898E+00
 cg2d: Sum(rhs),rhsMax =   4.83169060316868E-13  1.92786175047422E+00
 cg2d: Sum(rhs),rhsMax =   5.82645043323282E-13  1.92798260396111E+00
 cg2d: Sum(rhs),rhsMax =   4.40536496171262E-13  1.92810293323547E+00
 cg2d: Sum(rhs),rhsMax =   7.53175299905706E-13  1.92822273788274E+00
 cg2d: Sum(rhs),rhsMax =   2.98427949019242E-13  1.92834201748786E+00
 cg2d: Sum(rhs),rhsMax =   9.09494701772928E-13  1.92846077163464E+00
(PID.TID 0000.0001) whio : write lev 2 rec   6
 cg2d: Sum(rhs),rhsMax =   1.12265752250096E-12  1.92857899990590E+00
 cg2d: Sum(rhs),rhsMax =   1.30739863379858E-12  1.92869670188308E+00
 cg2d: Sum(rhs),rhsMax =   3.12638803734444E-13  1.92881387714620E+00
 cg2d: Sum(rhs),rhsMax =  -5.68434188608080E-14  1.92893052527365E+00
 cg2d: Sum(rhs),rhsMax =   1.02318153949454E-12  1.92904664584226E+00
 cg2d: Sum(rhs),rhsMax =   9.09494701772928E-13  1.92916223842715E+00
 cg2d: Sum(rhs),rhsMax =   6.25277607468888E-13  1.92927730260189E+00
 cg2d: Sum(rhs),rhsMax =   3.97903932025656E-13  1.92939183793842E+00
 cg2d: Sum(rhs),rhsMax =   2.27373675443232E-13  1.92950584400732E+00
 cg2d: Sum(rhs),rhsMax =   6.96331881044898E-13  1.92961932037779E+00
 cg2d: Sum(rhs),rhsMax =   6.82121026329696E-13  1.92973226661784E+00
 cg2d: Sum(rhs),rhsMax =   6.67910171614494E-13  1.92984468229466E+00
 cg2d: Sum(rhs),rhsMax =   1.98951966012828E-13  1.92995656697502E+00
 cg2d: Sum(rhs),rhsMax =   9.80548975348938E-13  1.93006792022564E+00
 cg2d: Sum(rhs),rhsMax =   9.23705556488130E-13  1.93017874161338E+00
 cg2d: Sum(rhs),rhsMax =   7.24753590475302E-13  1.93028903070541E+00
 cg2d: Sum(rhs),rhsMax =   9.23705556488130E-13  1.93039878706967E+00
 cg2d: Sum(rhs),rhsMax =   4.40536496171262E-13  1.93050801027531E+00
 cg2d: Sum(rhs),rhsMax =   6.39488462184090E-13  1.93061669989318E+00
 cg2d: Sum(rhs),rhsMax =   3.41060513164848E-13  1.93072485549639E+00
 cg2d: Sum(rhs),rhsMax =   1.08002495835535E-12  1.93083247666079E+00
 cg2d: Sum(rhs),rhsMax =   8.10018718766514E-13  1.93093956296559E+00
 cg2d: Sum(rhs),rhsMax =   2.84217094304040E-13  1.93104611399374E+00
 cg2d: Sum(rhs),rhsMax =   5.54223333892878E-13  1.93115212933257E+00
 cg2d: Sum(rhs),rhsMax =   5.54223333892878E-13  1.93125760857431E+00
 cg2d: Sum(rhs),rhsMax =   3.83693077310454E-13  1.93136255131335E+00
 cg2d: Sum(rhs),rhsMax =   6.39488462184090E-13  1.93146695714962E+00
 cg2d: Sum(rhs),rhsMax =   3.69482222595252E-13  1.93157082569487E+00
 cg2d: Sum(rhs),rhsMax =   7.67386154620908E-13  1.93167415657220E+00
 cg2d: Sum(rhs),rhsMax =   7.10542735760100E-13  1.93177694941151E+00
 cg2d: Sum(rhs),rhsMax =   3.83693077310454E-13  1.93187920384710E+00
 cg2d: Sum(rhs),rhsMax =   5.11590769747272E-13  1.93198091951891E+00
 cg2d: Sum(rhs),rhsMax =   6.25277607468888E-13  1.93208209607499E+00
 cg2d: Sum(rhs),rhsMax =   8.52651282912120E-13  1.93218273317348E+00
 cg2d: Sum(rhs),rhsMax =   6.67910171614494E-13  1.93228283048342E+00
 cg2d: Sum(rhs),rhsMax =   8.24229573481716E-13  1.93238238768493E+00
 cg2d: Sum(rhs),rhsMax =   3.97903932025656E-13  1.93248140446939E+00
 cg2d: Sum(rhs),rhsMax =   7.67386154620908E-13  1.93257988053936E+00
 cg2d: Sum(rhs),rhsMax =   4.83169060316868E-13  1.93267781560891E+00
 cg2d: Sum(rhs),rhsMax =   7.95807864051312E-13  1.93277520940368E+00
 cg2d: Sum(rhs),rhsMax =   4.26325641456060E-13  1.93287206166122E+00
 cg2d: Sum(rhs),rhsMax =   2.84217094304040E-13  1.93296837213107E+00
 cg2d: Sum(rhs),rhsMax =   6.96331881044898E-13  1.93306414057507E+00
 cg2d: Sum(rhs),rhsMax =   7.95807864051312E-13  1.93315936676738E+00
 cg2d: Sum(rhs),rhsMax =   6.39488462184090E-13  1.93325405049457E+00
 cg2d: Sum(rhs),rhsMax =   6.53699316899292E-13  1.93334819155571E+00
 cg2d: Sum(rhs),rhsMax =   8.66862137627322E-13  1.93344178976227E+00
 cg2d: Sum(rhs),rhsMax =   6.39488462184090E-13  1.93353484493810E+00
 cg2d: Sum(rhs),rhsMax =   7.53175299905706E-13  1.93362735691927E+00
 cg2d: Sum(rhs),rhsMax =   8.95283847057726E-13  1.93371932555399E+00
 cg2d: Sum(rhs),rhsMax =   6.67910171614494E-13  1.93381075070232E+00
 cg2d: Sum(rhs),rhsMax =   7.67386154620908E-13  1.93390163223594E+00
 cg2d: Sum(rhs),rhsMax =   1.27897692436818E-12  1.93399197003795E+00
 cg2d: Sum(rhs),rhsMax =   9.66338120633736E-13  1.93408176400248E+00
 cg2d: Sum(rhs),rhsMax =   8.95283847057726E-13  1.93417101403445E+00
 cg2d: Sum(rhs),rhsMax =   1.56319401867222E-13  1.93425972004916E+00
 cg2d: Sum(rhs),rhsMax =   5.96855898038484E-13  1.93434788197188E+00
 cg2d: Sum(rhs),rhsMax =   2.98427949019242E-13  1.93443549973748E+00
 cg2d: Sum(rhs),rhsMax =   5.68434188608080E-13  1.93452257328998E+00
 cg2d: Sum(rhs),rhsMax =   7.81597009336110E-13  1.93460910258195E+00
 cg2d: Sum(rhs),rhsMax =   7.38964445190504E-13  1.93469508757425E+00
 cg2d: Sum(rhs),rhsMax =   9.80548975348938E-13  1.93478052823526E+00
 cg2d: Sum(rhs),rhsMax =   9.94759830064140E-13  1.93486542454047E+00
 cg2d: Sum(rhs),rhsMax =   1.12265752250096E-12  1.93494977647197E+00
 cg2d: Sum(rhs),rhsMax =   5.96855898038484E-13  1.93503358401781E+00
 cg2d: Sum(rhs),rhsMax =   6.25277607468888E-13  1.93511684717146E+00
 cg2d: Sum(rhs),rhsMax =   9.52127265918534E-13  1.93519956593132E+00
 cg2d: Sum(rhs),rhsMax =   5.82645043323282E-13  1.93528174030007E+00
 cg2d: Sum(rhs),rhsMax =   0.00000000000000E+00  1.93536337028419E+00
 cg2d: Sum(rhs),rhsMax =   8.38440428196918E-13  1.93544445589338E+00
 cg2d: Sum(rhs),rhsMax =   6.25277607468888E-13  1.93552499703348E+00
 cg2d: Sum(rhs),rhsMax =   3.83693077310454E-13  1.93560499385334E+00
(PID.TID 0000.0001) whio : write lev 2 rec   7
 cg2d: Sum(rhs),rhsMax =   4.54747350886464E-13  1.93568444643793E+00
 cg2d: Sum(rhs),rhsMax =   9.23705556488130E-13  1.93576335482255E+00
 cg2d: Sum(rhs),rhsMax =   7.67386154620908E-13  1.93584171904080E+00
 cg2d: Sum(rhs),rhsMax =   4.12114786740858E-13  1.93591953913990E+00
 cg2d: Sum(rhs),rhsMax =   4.68958205601666E-13  1.93599681517829E+00
 cg2d: Sum(rhs),rhsMax =   4.12114786740858E-13  1.93607354722011E+00
 cg2d: Sum(rhs),rhsMax =   5.25801624462474E-13  1.93614973533185E+00
 cg2d: Sum(rhs),rhsMax =   6.25277607468888E-13  1.93622537958142E+00
 cg2d: Sum(rhs),rhsMax =   6.67910171614494E-13  1.93630048003734E+00
 cg2d: Sum(rhs),rhsMax =   7.81597009336110E-13  1.93637503676829E+00
 cg2d: Sum(rhs),rhsMax =   1.22213350550737E-12  1.93644904984247E+00
 cg2d: Sum(rhs),rhsMax =   7.10542735760100E-13  1.93652251084128E+00
 cg2d: Sum(rhs),rhsMax =   8.38440428196918E-13  1.93659543271530E+00
 cg2d: Sum(rhs),rhsMax =   7.95807864051312E-13  1.93666781680667E+00
 cg2d: Sum(rhs),rhsMax =   2.27373675443232E-13  1.93673966115095E+00
 cg2d: Sum(rhs),rhsMax =   9.09494701772928E-13  1.93681096496432E+00
 cg2d: Sum(rhs),rhsMax =   8.24229573481716E-13  1.93688172875568E+00
 cg2d: Sum(rhs),rhsMax =   7.10542735760100E-13  1.93695195356343E+00
 cg2d: Sum(rhs),rhsMax =   4.26325641456060E-13  1.93702164043114E+00
 cg2d: Sum(rhs),rhsMax =   5.68434188608080E-13  1.93709079027513E+00
 cg2d: Sum(rhs),rhsMax =   7.95807864051312E-13  1.93715940391678E+00
 cg2d: Sum(rhs),rhsMax =   3.26849658449646E-13  1.93722748211796E+00
 cg2d: Sum(rhs),rhsMax =   4.68958205601666E-13  1.93729502559123E+00
 cg2d: Sum(rhs),rhsMax =   5.68434188608080E-13  1.93736203499913E+00
 cg2d: Sum(rhs),rhsMax =   5.82645043323282E-13  1.93742851095181E+00
 cg2d: Sum(rhs),rhsMax =   6.11066752753686E-13  1.93749445400491E+00
 cg2d: Sum(rhs),rhsMax =   5.82645043323282E-13  1.93755986465778E+00
 cg2d: Sum(rhs),rhsMax =   1.02318153949454E-12  1.93762474335235E+00
 cg2d: Sum(rhs),rhsMax =   8.10018718766514E-13  1.93768909047244E+00
 cg2d: Sum(rhs),rhsMax =   3.97903932025656E-13  1.93775290634385E+00
 cg2d: Sum(rhs),rhsMax =   7.38964445190504E-13  1.93781619123509E+00
 cg2d: Sum(rhs),rhsMax =   8.66862137627322E-13  1.93787894535841E+00
 cg2d: Sum(rhs),rhsMax =   5.96855898038484E-13  1.93794116887126E+00
 cg2d: Sum(rhs),rhsMax =   9.23705556488130E-13  1.93800286187763E+00
 cg2d: Sum(rhs),rhsMax =   6.53699316899292E-13  1.93806402442953E+00
 cg2d: Sum(rhs),rhsMax =   5.11590769747272E-13  1.93812465652821E+00
 cg2d: Sum(rhs),rhsMax =   7.38964445190504E-13  1.93818475812572E+00
 cg2d: Sum(rhs),rhsMax =   3.26849658449646E-13  1.93824432912662E+00
 cg2d: Sum(rhs),rhsMax =   5.54223333892878E-13  1.93830336939038E+00
 cg2d: Sum(rhs),rhsMax =   5.96855898038484E-13  1.93836116298171E+00
 cg2d: Sum(rhs),rhsMax =   6.67910171614494E-13  1.93841858617185E+00
 cg2d: Sum(rhs),rhsMax =   3.26849658449646E-13  1.93847548238650E+00
 cg2d: Sum(rhs),rhsMax =   4.68958205601666E-13  1.93853178913936E+00
 cg2d: Sum(rhs),rhsMax =   6.39488462184090E-13  1.93858751002915E+00
 cg2d: Sum(rhs),rhsMax =   9.66338120633736E-13  1.93864263962979E+00
 cg2d: Sum(rhs),rhsMax =   1.08002495835535E-12  1.93869716680955E+00
 cg2d: Sum(rhs),rhsMax =   8.66862137627322E-13  1.93875108089981E+00
 cg2d: Sum(rhs),rhsMax =   7.38964445190504E-13  1.93880437202617E+00
 cg2d: Sum(rhs),rhsMax =   2.84217094304040E-13  1.93885703078106E+00
 cg2d: Sum(rhs),rhsMax =   8.24229573481716E-13  1.93890904828486E+00
 cg2d: Sum(rhs),rhsMax =   2.70006239588838E-13  1.93896041633172E+00
 cg2d: Sum(rhs),rhsMax =   2.55795384873636E-13  1.93901112748906E+00
 cg2d: Sum(rhs),rhsMax =   7.38964445190504E-13  1.93906117516033E+00
 cg2d: Sum(rhs),rhsMax =   8.66862137627322E-13  1.93911055363119E+00
 cg2d: Sum(rhs),rhsMax =   8.38440428196918E-13  1.93915925810657E+00
 cg2d: Sum(rhs),rhsMax =   1.10844666778576E-12  1.93920728473974E+00
 cg2d: Sum(rhs),rhsMax =   2.84217094304040E-13  1.93925463065388E+00
 cg2d: Sum(rhs),rhsMax =   8.81072992342524E-13  1.93930129395609E+00
 cg2d: Sum(rhs),rhsMax =   8.10018718766514E-13  1.93934727374390E+00
 cg2d: Sum(rhs),rhsMax =   1.98951966012828E-13  1.93939257010398E+00
 cg2d: Sum(rhs),rhsMax =   1.06581410364015E-12  1.93943718410320E+00
 cg2d: Sum(rhs),rhsMax =   1.20792265079217E-12  1.93948111777149E+00
 cg2d: Sum(rhs),rhsMax =   5.82645043323282E-13  1.93952437407735E+00
 cg2d: Sum(rhs),rhsMax =   1.27897692436818E-13  1.93956695689568E+00
 cg2d: Sum(rhs),rhsMax =   9.52127265918534E-13  1.93960887096907E+00
 cg2d: Sum(rhs),rhsMax =   5.82645043323282E-13  1.93965012186296E+00
 cg2d: Sum(rhs),rhsMax =   1.10844666778576E-12  1.93969071591548E+00
 cg2d: Sum(rhs),rhsMax =   9.80548975348938E-13  1.93973066018250E+00
 cg2d: Sum(rhs),rhsMax =   4.40536496171262E-13  1.93976996237832E+00
 cg2d: Sum(rhs),rhsMax =   4.83169060316868E-13  1.93980863081241E+00
 cg2d: Sum(rhs),rhsMax =   9.09494701772928E-13  1.93984667432235E+00
 cg2d: Sum(rhs),rhsMax =   6.67910171614494E-13  1.93988410220343E+00
(PID.TID 0000.0001) whio : write lev 2 rec   8
 cg2d: Sum(rhs),rhsMax =   2.84217094304040E-13  1.93992092413502E+00
 cg2d: Sum(rhs),rhsMax =   4.26325641456060E-13  1.93995715010443E+00
 cg2d: Sum(rhs),rhsMax =   9.23705556488130E-13  1.93999279032857E+00
 cg2d: Sum(rhs),rhsMax =   3.55271367880050E-13  1.94002785517417E+00
 cg2d: Sum(rhs),rhsMax =   3.55271367880050E-13  1.94006235507740E+00
 cg2d: Sum(rhs),rhsMax =   9.80548975348938E-13  1.94009630046311E+00
 cg2d: Sum(rhs),rhsMax =   6.39488462184090E-13  1.94012970166498E+00
 cg2d: Sum(rhs),rhsMax =   5.40012479177676E-13  1.94016256884671E+00
 cg2d: Sum(rhs),rhsMax =   2.55795384873636E-13  1.94019491192529E+00
 cg2d: Sum(rhs),rhsMax =   2.55795384873636E-13  1.94022674049651E+00
 cg2d: Sum(rhs),rhsMax =   9.52127265918534E-13  1.94025806376369E+00
 cg2d: Sum(rhs),rhsMax =   5.68434188608080E-13  1.94028889046982E+00
 cg2d: Sum(rhs),rhsMax =   5.82645043323282E-13  1.94031922883379E+00
 cg2d: Sum(rhs),rhsMax =   4.40536496171262E-13  1.94034908649114E+00
 cg2d: Sum(rhs),rhsMax =   4.83169060316868E-13  1.94037847043970E+00
 cg2d: Sum(rhs),rhsMax =   7.10542735760100E-14  1.94040738699049E+00
 cg2d: Sum(rhs),rhsMax =   8.24229573481716E-13  1.94043584172445E+00
 cg2d: Sum(rhs),rhsMax =   8.52651282912120E-13  1.94046383945504E+00
 cg2d: Sum(rhs),rhsMax =   4.97379915032070E-13  1.94049138419688E+00
 cg2d: Sum(rhs),rhsMax =   8.10018718766514E-13  1.94051847914120E+00
 cg2d: Sum(rhs),rhsMax =   8.38440428196918E-13  1.94054512663751E+00
 cg2d: Sum(rhs),rhsMax =   8.95283847057726E-13  1.94057132818200E+00
 cg2d: Sum(rhs),rhsMax =   6.39488462184090E-13  1.94059708441289E+00
 cg2d: Sum(rhs),rhsMax =   6.67910171614494E-13  1.94062239511220E+00
 cg2d: Sum(rhs),rhsMax =   6.53699316899292E-13  1.94064725921437E+00
 cg2d: Sum(rhs),rhsMax =   7.95807864051312E-13  1.94067167482145E+00
 cg2d: Sum(rhs),rhsMax =   4.26325641456060E-13  1.94069563922471E+00
 cg2d: Sum(rhs),rhsMax =   9.09494701772928E-13  1.94071914893251E+00
 cg2d: Sum(rhs),rhsMax =   8.24229573481716E-13  1.94074219970416E+00
 cg2d: Sum(rhs),rhsMax =   1.23634436022257E-12  1.94076478658954E+00
 cg2d: Sum(rhs),rhsMax =   6.96331881044898E-13  1.94078690397417E+00
 cg2d: Sum(rhs),rhsMax =   2.55795384873636E-13  1.94080854562908E+00
 cg2d: Sum(rhs),rhsMax =   5.54223333892878E-13  1.94082970476562E+00
 cg2d: Sum(rhs),rhsMax =   6.39488462184090E-13  1.94085037409407E+00
 cg2d: Sum(rhs),rhsMax =   5.96855898038484E-13  1.94087054588622E+00
 cg2d: Sum(rhs),rhsMax =   5.96855898038484E-13  1.94089021204094E+00
 cg2d: Sum(rhs),rhsMax =   2.41584530158434E-13  1.94090936415249E+00
 cg2d: Sum(rhs),rhsMax =   8.66862137627322E-13  1.94092799358086E+00
 cg2d: Sum(rhs),rhsMax =   6.67910171614494E-13  1.94094609152381E+00
 cg2d: Sum(rhs),rhsMax =   3.83693077310454E-13  1.94096364908981E+00
 cg2d: Sum(rhs),rhsMax =   7.67386154620908E-13  1.94098065737159E+00
 cg2d: Sum(rhs),rhsMax =   1.22213350550737E-12  1.94099710751947E+00
 cg2d: Sum(rhs),rhsMax =   9.09494701772928E-13  1.94101299081429E+00
 cg2d: Sum(rhs),rhsMax =   4.26325641456060E-13  1.94102829873900E+00
 cg2d: Sum(rhs),rhsMax =   1.42108547152020E-13  1.94104302304881E+00
 cg2d: Sum(rhs),rhsMax =   3.26849658449646E-13  1.94105715583890E+00
 cg2d: Sum(rhs),rhsMax =   3.97903932025656E-13  1.94107068960973E+00
 cg2d: Sum(rhs),rhsMax =  -1.70530256582424E-13  1.94108361732906E+00
 cg2d: Sum(rhs),rhsMax =   6.11066752753686E-13  1.94109593249035E+00
 cg2d: Sum(rhs),rhsMax =   3.69482222595252E-13  1.94110762916709E+00
 cg2d: Sum(rhs),rhsMax =   5.68434188608080E-13  1.94111870206282E+00
 cg2d: Sum(rhs),rhsMax =   6.25277607468888E-13  1.94112914655612E+00
 cg2d: Sum(rhs),rhsMax =   4.40536496171262E-13  1.94113895874055E+00
 cg2d: Sum(rhs),rhsMax =   8.24229573481716E-13  1.94114813545911E+00
 cg2d: Sum(rhs),rhsMax =   5.11590769747272E-13  1.94115667433301E+00
 cg2d: Sum(rhs),rhsMax =   7.67386154620908E-13  1.94116457378441E+00
 cg2d: Sum(rhs),rhsMax =   8.24229573481716E-13  1.94117183305327E+00
 cg2d: Sum(rhs),rhsMax =   2.55795384873636E-13  1.94117845220793E+00
 cg2d: Sum(rhs),rhsMax =   3.83693077310454E-13  1.94118443214945E+00
 cg2d: Sum(rhs),rhsMax =   1.22213350550737E-12  1.94118977460976E+00
 cg2d: Sum(rhs),rhsMax =   3.55271367880050E-13  1.94119448214358E+00
 cg2d: Sum(rhs),rhsMax =   5.25801624462474E-13  1.94119855811438E+00
 cg2d: Sum(rhs),rhsMax =   5.96855898038484E-13  1.94120200667414E+00
 cg2d: Sum(rhs),rhsMax =   8.95283847057726E-13  1.94120483273754E+00
 cg2d: Sum(rhs),rhsMax =   5.68434188608080E-13  1.94120704195050E+00
 cg2d: Sum(rhs),rhsMax =   7.10542735760100E-13  1.94120864065340E+00
 cg2d: Sum(rhs),rhsMax =   7.67386154620908E-13  1.94120963583930E+00
 cg2d: Sum(rhs),rhsMax =   1.98951966012828E-13  1.94121003510755E+00
 cg2d: Sum(rhs),rhsMax =   6.67910171614494E-13  1.94120984661294E+00
 cg2d: Sum(rhs),rhsMax =   1.22213350550737E-12  1.94120907901104E+00
 cg2d: Sum(rhs),rhsMax =   2.84217094304040E-13  1.94120774140009E+00
 cg2d: Sum(rhs),rhsMax =   1.25055521493778E-12  1.94120584325955E+00
(PID.TID 0000.0001) whio : write lev 2 rec   9
 cg2d: Sum(rhs),rhsMax =   6.39488462184090E-13  1.94120339438638E+00
 cg2d: Sum(rhs),rhsMax =   5.68434188608080E-13  1.94120040482903E+00
 cg2d: Sum(rhs),rhsMax =   6.25277607468888E-13  1.94119688481977E+00
 cg2d: Sum(rhs),rhsMax =   1.03739239420975E-12  1.94119284470602E+00
 cg2d: Sum(rhs),rhsMax =   6.39488462184090E-13  1.94118829488098E+00
 cg2d: Sum(rhs),rhsMax =   2.27373675443232E-13  1.94118324571417E+00
 cg2d: Sum(rhs),rhsMax =   1.27897692436818E-13  1.94117770748247E+00
 cg2d: Sum(rhs),rhsMax =   5.54223333892878E-13  1.94117169030199E+00
 cg2d: Sum(rhs),rhsMax =   9.66338120633736E-13  1.94116520406141E+00
 cg2d: Sum(rhs),rhsMax =   1.84741111297626E-13  1.94115825835724E+00
 cg2d: Sum(rhs),rhsMax =   0.00000000000000E+00  1.94115086243142E+00
 cg2d: Sum(rhs),rhsMax =   1.13686837721616E-13  1.94114302511180E+00
 cg2d: Sum(rhs),rhsMax =   5.40012479177676E-13  1.94113475475575E+00
 cg2d: Sum(rhs),rhsMax =   3.26849658449646E-13  1.94112605919766E+00
 cg2d: Sum(rhs),rhsMax =   7.38964445190504E-13  1.94111694570012E+00
 cg2d: Sum(rhs),rhsMax =   2.55795384873636E-13  1.94110742090981E+00
 cg2d: Sum(rhs),rhsMax =   4.40536496171262E-13  1.94109749081763E+00
 cg2d: Sum(rhs),rhsMax =   4.26325641456060E-13  1.94108716072423E+00
 cg2d: Sum(rhs),rhsMax =   7.67386154620908E-13  1.94107643521020E+00
 cg2d: Sum(rhs),rhsMax =   3.97903932025656E-13  1.94106531811194E+00
 cg2d: Sum(rhs),rhsMax =   5.68434188608080E-14  1.94105381250283E+00
 cg2d: Sum(rhs),rhsMax =   9.23705556488130E-13  1.94104192067999E+00
 cg2d: Sum(rhs),rhsMax =   3.41060513164848E-13  1.94102964415676E+00
 cg2d: Sum(rhs),rhsMax =   9.23705556488130E-13  1.94101698366077E+00
 cg2d: Sum(rhs),rhsMax =   6.39488462184090E-13  1.94100393913766E+00
 cg2d: Sum(rhs),rhsMax =   5.68434188608080E-13  1.94099050976039E+00
 cg2d: Sum(rhs),rhsMax =   8.10018718766514E-13  1.94097669394410E+00
 cg2d: Sum(rhs),rhsMax =   3.26849658449646E-13  1.94096248936612E+00
 cg2d: Sum(rhs),rhsMax =   6.96331881044898E-13  1.94094789299137E+00
 cg2d: Sum(rhs),rhsMax =   4.26325641456060E-13  1.94093290110250E+00
 cg2d: Sum(rhs),rhsMax =   5.54223333892878E-13  1.94091750933489E+00
 cg2d: Sum(rhs),rhsMax =   5.96855898038484E-13  1.94090171271587E+00
 cg2d: Sum(rhs),rhsMax =   9.09494701772928E-13  1.94088550570824E+00
 cg2d: Sum(rhs),rhsMax =   7.10542735760100E-13  1.94086888225735E+00
 cg2d: Sum(rhs),rhsMax =   5.96855898038484E-13  1.94085183584171E+00
 cg2d: Sum(rhs),rhsMax =   8.66862137627322E-13  1.94083435952650E+00
 cg2d: Sum(rhs),rhsMax =   6.82121026329696E-13  1.94081644601970E+00
 cg2d: Sum(rhs),rhsMax =   6.82121026329696E-13  1.94079808773037E+00
 cg2d: Sum(rhs),rhsMax =   1.70530256582424E-13  1.94077927682870E+00
 cg2d: Sum(rhs),rhsMax =   1.84741111297626E-13  1.94076000530721E+00
 cg2d: Sum(rhs),rhsMax =   7.81597009336110E-13  1.94074026504293E+00
 cg2d: Sum(rhs),rhsMax =   1.03739239420975E-12  1.94072004785987E+00
 cg2d: Sum(rhs),rhsMax =   5.54223333892878E-13  1.94069934559134E+00
 cg2d: Sum(rhs),rhsMax =   6.82121026329696E-13  1.94067815014182E+00
 cg2d: Sum(rhs),rhsMax =   1.13686837721616E-13  1.94065645354785E+00
 cg2d: Sum(rhs),rhsMax =   4.83169060316868E-13  1.94063424803737E+00
 cg2d: Sum(rhs),rhsMax =   5.82645043323282E-13  1.94061152608741E+00
 cg2d: Sum(rhs),rhsMax =   4.12114786740858E-13  1.94058828047938E+00
 cg2d: Sum(rhs),rhsMax =   2.84217094304040E-13  1.94056450435178E+00
 cg2d: Sum(rhs),rhsMax =   1.10844666778576E-12  1.94054019124994E+00
 cg2d: Sum(rhs),rhsMax =   7.95807864051312E-13  1.94051533517248E+00
 cg2d: Sum(rhs),rhsMax =   3.83693077310454E-13  1.94048993061399E+00
 cg2d: Sum(rhs),rhsMax =   8.66862137627322E-13  1.94046397260394E+00
 cg2d: Sum(rhs),rhsMax =   7.38964445190504E-13  1.94043745674127E+00
 cg2d: Sum(rhs),rhsMax =   1.09423581307055E-12  1.94041037922478E+00
 cg2d: Sum(rhs),rhsMax =   3.55271367880050E-13  1.94038273687867E+00
 cg2d: Sum(rhs),rhsMax =   1.35003119794419E-12  1.94035452717367E+00
 cg2d: Sum(rhs),rhsMax =   5.82645043323282E-13  1.94032574824316E+00
 cg2d: Sum(rhs),rhsMax =   1.06581410364015E-12  1.94029639889434E+00
 cg2d: Sum(rhs),rhsMax =   7.24753590475302E-13  1.94026647861455E+00
 cg2d: Sum(rhs),rhsMax =   4.40536496171262E-13  1.94023598757261E+00
 cg2d: Sum(rhs),rhsMax =   1.13686837721616E-12  1.94020492661519E+00
 cg2d: Sum(rhs),rhsMax =   7.10542735760100E-13  1.94017329725830E+00
 cg2d: Sum(rhs),rhsMax =   2.98427949019242E-13  1.94014110167422E+00
 cg2d: Sum(rhs),rhsMax =   7.38964445190504E-13  1.94010834267353E+00
 cg2d: Sum(rhs),rhsMax =   8.24229573481716E-13  1.94007502368297E+00
 cg2d: Sum(rhs),rhsMax =   8.38440428196918E-13  1.94004114871889E+00
 cg2d: Sum(rhs),rhsMax =   6.25277607468888E-13  1.94000672235680E+00
 cg2d: Sum(rhs),rhsMax =   4.54747350886464E-13  1.93997174969717E+00
 cg2d: Sum(rhs),rhsMax =   6.25277607468888E-13  1.93993623632766E+00
 cg2d: Sum(rhs),rhsMax =  -7.10542735760100E-14  1.93990018828245E+00
 cg2d: Sum(rhs),rhsMax =   9.23705556488130E-13  1.93986361199849E+00
(PID.TID 0000.0001) whio : write lev 2 rec  10
 cg2d: Sum(rhs),rhsMax =   1.00897068477934E-12  1.93982651426949E+00
 cg2d: Sum(rhs),rhsMax =   7.38964445190504E-13  1.93978890219771E+00
 cg2d: Sum(rhs),rhsMax =   6.82121026329696E-13  1.93975078314404E+00
 cg2d: Sum(rhs),rhsMax =   3.41060513164848E-13  1.93971216467670E+00
 cg2d: Sum(rhs),rhsMax =   7.10542735760100E-13  1.93967305451914E+00
 cg2d: Sum(rhs),rhsMax =   1.37845290737459E-12  1.93963346049720E+00
 cg2d: Sum(rhs),rhsMax =   7.53175299905706E-13  1.93959339048612E+00
 cg2d: Sum(rhs),rhsMax =   7.81597009336110E-13  1.93955285235793E+00
 cg2d: Sum(rhs),rhsMax =   4.12114786740858E-13  1.93951185392931E+00
 cg2d: Sum(rhs),rhsMax =   9.94759830064140E-13  1.93947040291042E+00
 cg2d: Sum(rhs),rhsMax =   8.10018718766514E-13  1.93942850685523E+00
 cg2d: Sum(rhs),rhsMax =   9.94759830064140E-13  1.93938617293887E+00
 cg2d: Sum(rhs),rhsMax =   4.83169060316868E-13  1.93934340815041E+00
 cg2d: Sum(rhs),rhsMax =   4.68958205601666E-13  1.93930021947994E+00
 cg2d: Sum(rhs),rhsMax =   7.81597009336110E-13  1.93925661367325E+00
 cg2d: Sum(rhs),rhsMax =   1.17950094136177E-12  1.93921259695431E+00
 cg2d: Sum(rhs),rhsMax =   5.96855898038484E-13  1.93916817495848E+00
 cg2d: Sum(rhs),rhsMax =   3.69482222595252E-13  1.93912335280045E+00
 cg2d: Sum(rhs),rhsMax =   5.11590769747272E-13  1.93907813514694E+00
 cg2d: Sum(rhs),rhsMax =   7.24753590475302E-13  1.93903252623230E+00
 cg2d: Sum(rhs),rhsMax =   9.80548975348938E-13  1.93898652982641E+00
 cg2d: Sum(rhs),rhsMax =   3.55271367880050E-13  1.93894014919155E+00
 cg2d: Sum(rhs),rhsMax =   6.39488462184090E-13  1.93889338705207E+00
 cg2d: Sum(rhs),rhsMax =   3.97903932025656E-13  1.93884624558013E+00
 cg2d: Sum(rhs),rhsMax =   6.11066752753686E-13  1.93879872639174E+00
 cg2d: Sum(rhs),rhsMax =   3.55271367880050E-13  1.93875083054868E+00
 cg2d: Sum(rhs),rhsMax =   7.24753590475302E-13  1.93870255856449E+00
 cg2d: Sum(rhs),rhsMax =   6.96331881044898E-13  1.93865391041391E+00
 cg2d: Sum(rhs),rhsMax =   7.10542735760100E-13  1.93860488554577E+00
 cg2d: Sum(rhs),rhsMax =   1.27897692436818E-12  1.93855548289934E+00
 cg2d: Sum(rhs),rhsMax =   6.53699316899292E-13  1.93850570092378E+00
 cg2d: Sum(rhs),rhsMax =   1.17950094136177E-12  1.93845553760088E+00
 cg2d: Sum(rhs),rhsMax =   4.26325641456060E-13  1.93840499047080E+00
 cg2d: Sum(rhs),rhsMax =   7.81597009336110E-13  1.93835405666091E+00
 cg2d: Sum(rhs),rhsMax =   5.68434188608080E-13  1.93830273291778E+00
 cg2d: Sum(rhs),rhsMax =   5.96855898038484E-13  1.93825101564168E+00
 cg2d: Sum(rhs),rhsMax =   9.52127265918534E-13  1.93819890092369E+00
 cg2d: Sum(rhs),rhsMax =   9.66338120633736E-13  1.93814638458490E+00
 cg2d: Sum(rhs),rhsMax =   2.98427949019242E-13  1.93809346221724E+00
 cg2d: Sum(rhs),rhsMax =   3.26849658449646E-13  1.93804012922544E+00
 cg2d: Sum(rhs),rhsMax =   1.00897068477934E-12  1.93798638086995E+00
 cg2d: Sum(rhs),rhsMax =   2.84217094304040E-13  1.93793221231030E+00
 cg2d: Sum(rhs),rhsMax =   3.12638803734444E-13  1.93787761864862E+00
 cg2d: Sum(rhs),rhsMax =   1.12265752250096E-12  1.93782259497296E+00
 cg2d: Sum(rhs),rhsMax =   5.82645043323282E-13  1.93776713640029E+00
 cg2d: Sum(rhs),rhsMax =   3.26849658449646E-13  1.93771123811878E+00
 cg2d: Sum(rhs),rhsMax =   1.00897068477934E-12  1.93765489542902E+00
 cg2d: Sum(rhs),rhsMax =   2.41584530158434E-13  1.93759810378407E+00
 cg2d: Sum(rhs),rhsMax =   5.82645043323282E-13  1.93754085882786E+00
 cg2d: Sum(rhs),rhsMax =   4.40536496171262E-13  1.93748315643191E+00
 cg2d: Sum(rhs),rhsMax =   2.98427949019242E-13  1.93742499272985E+00
 cg2d: Sum(rhs),rhsMax =   8.95283847057726E-13  1.93736636414964E+00
 cg2d: Sum(rhs),rhsMax =   9.52127265918534E-13  1.93730726744334E+00
 cg2d: Sum(rhs),rhsMax =   5.25801624462474E-13  1.93724769971404E+00
 cg2d: Sum(rhs),rhsMax =   3.55271367880050E-13  1.93718765843993E+00
 cg2d: Sum(rhs),rhsMax =   6.11066752753686E-13  1.93712714149533E+00
 cg2d: Sum(rhs),rhsMax =   4.12114786740858E-13  1.93706614716847E+00
 cg2d: Sum(rhs),rhsMax =   7.67386154620908E-13  1.93700467417615E+00
 cg2d: Sum(rhs),rhsMax =   5.96855898038484E-13  1.93694272167477E+00
 cg2d: Sum(rhs),rhsMax =   2.70006239588838E-13  1.93688028926826E+00
 cg2d: Sum(rhs),rhsMax =   4.40536496171262E-13  1.93681737701242E+00
 cg2d: Sum(rhs),rhsMax =   3.83693077310454E-13  1.93675398541580E+00
 cg2d: Sum(rhs),rhsMax =   2.70006239588838E-13  1.93669011543739E+00
 cg2d: Sum(rhs),rhsMax =   2.27373675443232E-13  1.93662576848078E+00
 cg2d: Sum(rhs),rhsMax =   5.82645043323282E-13  1.93656094638517E+00
 cg2d: Sum(rhs),rhsMax =   7.81597009336110E-13  1.93649565141318E+00
 cg2d: Sum(rhs),rhsMax =   8.24229573481716E-13  1.93642988623576E+00
 cg2d: Sum(rhs),rhsMax =   4.54747350886464E-13  1.93636365391401E+00
 cg2d: Sum(rhs),rhsMax =   8.24229573481716E-13  1.93629695787855E+00
 cg2d: Sum(rhs),rhsMax =   8.66862137627322E-13  1.93622980190620E+00
 cg2d: Sum(rhs),rhsMax =   3.26849658449646E-13  1.93616219009444E+00
 cg2d: Sum(rhs),rhsMax =   8.10018718766514E-13  1.93609412683379E+00
(PID.TID 0000.0001) Did not write pickup because writePickupAtEnd = FALSE
(PID.TID 0000.0001) whio : write lev 2 rec  11
 cg2d: Sum(rhs),rhsMax =   1.00897068477934E-12  1.93982651426949E+00
 cg2d: Sum(rhs),rhsMax =   7.38964445190504E-13  1.93978890219771E+00
 cg2d: Sum(rhs),rhsMax =   6.82121026329696E-13  1.93975078314404E+00
 cg2d: Sum(rhs),rhsMax =   3.41060513164848E-13  1.93971216467670E+00
 cg2d: Sum(rhs),rhsMax =   7.10542735760100E-13  1.93967305451914E+00
 cg2d: Sum(rhs),rhsMax =   1.37845290737459E-12  1.93963346049720E+00
 cg2d: Sum(rhs),rhsMax =   7.53175299905706E-13  1.93959339048612E+00
 cg2d: Sum(rhs),rhsMax =   7.81597009336110E-13  1.93955285235793E+00
 cg2d: Sum(rhs),rhsMax =   4.12114786740858E-13  1.93951185392931E+00
 cg2d: Sum(rhs),rhsMax =   9.94759830064140E-13  1.93947040291042E+00
 cg2d: Sum(rhs),rhsMax =   8.10018718766514E-13  1.93942850685523E+00
 cg2d: Sum(rhs),rhsMax =   9.94759830064140E-13  1.93938617293887E+00
 cg2d: Sum(rhs),rhsMax =   4.83169060316868E-13  1.93934340815041E+00
 cg2d: Sum(rhs),rhsMax =   4.68958205601666E-13  1.93930021947994E+00
 cg2d: Sum(rhs),rhsMax =   7.81597009336110E-13  1.93925661367325E+00
 cg2d: Sum(rhs),rhsMax =   1.17950094136177E-12  1.93921259695431E+00
 cg2d: Sum(rhs),rhsMax =   5.96855898038484E-13  1.93916817495848E+00
 cg2d: Sum(rhs),rhsMax =   3.69482222595252E-13  1.93912335280045E+00
 cg2d: Sum(rhs),rhsMax =   5.11590769747272E-13  1.93907813514694E+00
 cg2d: Sum(rhs),rhsMax =   7.24753590475302E-13  1.93903252623230E+00
 cg2d: Sum(rhs),rhsMax =   9.80548975348938E-13  1.93898652982641E+00
 cg2d: Sum(rhs),rhsMax =   3.55271367880050E-13  1.93894014919155E+00
 cg2d: Sum(rhs),rhsMax =   6.39488462184090E-13  1.93889338705207E+00
 cg2d: Sum(rhs),rhsMax =   3.97903932025656E-13  1.93884624558013E+00
 cg2d: Sum(rhs),rhsMax =   6.11066752753686E-13  1.93879872639174E+00
 cg2d: Sum(rhs),rhsMax =   3.55271367880050E-13  1.93875083054868E+00
 cg2d: Sum(rhs),rhsMax =   7.24753590475302E-13  1.93870255856449E+00
 cg2d: Sum(rhs),rhsMax =   6.96331881044898E-13  1.93865391041391E+00
 cg2d: Sum(rhs),rhsMax =   7.10542735760100E-13  1.93860488554577E+00
 cg2d: Sum(rhs),rhsMax =   1.27897692436818E-12  1.93855548289934E+00
 cg2d: Sum(rhs),rhsMax =   6.53699316899292E-13  1.93850570092378E+00
 cg2d: Sum(rhs),rhsMax =   1.17950094136177E-12  1.93845553760088E+00
 cg2d: Sum(rhs),rhsMax =   4.26325641456060E-13  1.93840499047080E+00
 cg2d: Sum(rhs),rhsMax =   7.81597009336110E-13  1.93835405666091E+00
 cg2d: Sum(rhs),rhsMax =   5.68434188608080E-13  1.93830273291778E+00
 cg2d: Sum(rhs),rhsMax =   5.96855898038484E-13  1.93825101564168E+00
 cg2d: Sum(rhs),rhsMax =   9.52127265918534E-13  1.93819890092369E+00
 cg2d: Sum(rhs),rhsMax =   9.66338120633736E-13  1.93814638458490E+00
 cg2d: Sum(rhs),rhsMax =   2.98427949019242E-13  1.93809346221724E+00
 cg2d: Sum(rhs),rhsMax =   3.26849658449646E-13  1.93804012922544E+00
 cg2d: Sum(rhs),rhsMax =   1.00897068477934E-12  1.93798638086995E+00
 cg2d: Sum(rhs),rhsMax =   2.84217094304040E-13  1.93793221231030E+00
 cg2d: Sum(rhs),rhsMax =   3.12638803734444E-13  1.93787761864862E+00
 cg2d: Sum(rhs),rhsMax =   1.12265752250096E-12  1.93782259497296E+00
 cg2d: Sum(rhs),rhsMax =   5.82645043323282E-13  1.93776713640029E+00
 cg2d: Sum(rhs),rhsMax =   3.26849658449646E-13  1.93771123811878E+00
 cg2d: Sum(rhs),rhsMax =   1.00897068477934E-12  1.93765489542902E+00
 cg2d: Sum(rhs),rhsMax =   2.41584530158434E-13  1.93759810378407E+00
 cg2d: Sum(rhs),rhsMax =   5.82645043323282E-13  1.93754085882786E+00
 cg2d: Sum(rhs),rhsMax =   4.40536496171262E-13  1.93748315643191E+00
 cg2d: Sum(rhs),rhsMax =   2.98427949019242E-13  1.93742499272985E+00
 cg2d: Sum(rhs),rhsMax =   8.95283847057726E-13  1.93736636414964E+00
 cg2d: Sum(rhs),rhsMax =   9.52127265918534E-13  1.93730726744334E+00
 cg2d: Sum(rhs),rhsMax =   5.25801624462474E-13  1.93724769971404E+00
 cg2d: Sum(rhs),rhsMax =   3.55271367880050E-13  1.93718765843993E+00
 cg2d: Sum(rhs),rhsMax =   6.11066752753686E-13  1.93712714149533E+00
 cg2d: Sum(rhs),rhsMax =   4.12114786740858E-13  1.93706614716847E+00
 cg2d: Sum(rhs),rhsMax =   7.67386154620908E-13  1.93700467417615E+00
 cg2d: Sum(rhs),rhsMax =   5.96855898038484E-13  1.93694272167477E+00
 cg2d: Sum(rhs),rhsMax =   2.70006239588838E-13  1.93688028926826E+00
 cg2d: Sum(rhs),rhsMax =   4.40536496171262E-13  1.93681737701242E+00
 cg2d: Sum(rhs),rhsMax =   3.83693077310454E-13  1.93675398541580E+00
 cg2d: Sum(rhs),rhsMax =   2.70006239588838E-13  1.93669011543739E+00
 cg2d: Sum(rhs),rhsMax =   2.27373675443232E-13  1.93662576848078E+00
 cg2d: Sum(rhs),rhsMax =   5.82645043323282E-13  1.93656094638517E+00
 cg2d: Sum(rhs),rhsMax =   7.81597009336110E-13  1.93649565141318E+00
 cg2d: Sum(rhs),rhsMax =   8.24229573481716E-13  1.93642988623576E+00
 cg2d: Sum(rhs),rhsMax =   4.54747350886464E-13  1.93636365391401E+00
 cg2d: Sum(rhs),rhsMax =   8.24229573481716E-13  1.93629695787855E+00
 cg2d: Sum(rhs),rhsMax =   8.66862137627322E-13  1.93622980190620E+00
 cg2d: Sum(rhs),rhsMax =   3.26849658449646E-13  1.93616219009444E+00
 cg2d: Sum(rhs),rhsMax =   8.10018718766514E-13  1.93609412683379E+00
(PID.TID 0000.0001) Did not write pickup because writePickupAtEnd = FALSE
(PID.TID 0000.0001) Did not write pickup because writePickupAtEnd = FALSE
 Calling cg2d from S/R CG2D_MAD
 cg2d: Sum(rhs),rhsMax =   8.30074844698607E-16  1.04201910538688E-04
 Calling cg2d from S/R CG2D_MAD
 cg2d: Sum(rhs),rhsMax =   8.94083789065365E-17  2.44254364932085E-05
 Calling cg2d from S/R CG2D_MAD
 cg2d: Sum(rhs),rhsMax =  -9.79183321915772E-18  5.24357464011449E-06
 Calling cg2d from S/R CG2D_MAD
 cg2d: Sum(rhs),rhsMax =   4.49908749714173E-16  3.83204917753704E-06
 Calling cg2d from S/R CG2D_MAD
 cg2d: Sum(rhs),rhsMax =   1.45468760735096E-15  7.19172774409790E-07
 Calling cg2d from S/R CG2D_MAD
 cg2d: Sum(rhs),rhsMax =  -1.20823490101785E-15  2.81305738502626E-07
 Calling cg2d from S/R CG2D_MAD
 cg2d: Sum(rhs),rhsMax =  -2.22044604925031E-15  1.30663251845390E-07
 Calling cg2d from S/R CG2D_MAD
 cg2d: Sum(rhs),rhsMax =  -1.52690360355479E-14  7.26579887632042E-08
 Calling cg2d from S/R CG2D_MAD
 cg2d: Sum(rhs),rhsMax =  -4.01484401280072E-14  5.47266325352891E-08
 Calling cg2d from S/R CG2D_MAD
 cg2d: Sum(rhs),rhsMax =   2.85882428840978E-14  4.28575821287435E-08
 Calling cg2d from S/R CG2D_MAD
 cg2d: Sum(rhs),rhsMax =  -3.87467835594180E-14  3.43575814646101E-08
 Calling cg2d from S/R CG2D_MAD
 cg2d: Sum(rhs),rhsMax =   9.83657599817889E-14  2.83225591297375E-08
 Calling cg2d from S/R CG2D_MAD
 cg2d: Sum(rhs),rhsMax =  -5.06261699229071E-14  2.65881866082213E-08
 Calling cg2d from S/R CG2D_MAD
 cg2d: Sum(rhs),rhsMax =  -5.15143483426073E-14  2.48661767029081E-08
 Calling cg2d from S/R CG2D_MAD
 cg2d: Sum(rhs),rhsMax =   1.42108547152020E-14  2.21145059255546E-08
 Calling cg2d from S/R CG2D_MAD
 cg2d: Sum(rhs),rhsMax =   3.55271367880050E-15  1.94970157332185E-08
 Calling cg2d from S/R CG2D_MAD
 cg2d: Sum(rhs),rhsMax =  -5.68434188608080E-14  1.71191204922576E-08
 Calling cg2d from S/R CG2D_MAD
 cg2d: Sum(rhs),rhsMax =  -3.19744231092045E-14  1.52517810556377E-08
 Calling cg2d from S/R CG2D_MAD
 cg2d: Sum(rhs),rhsMax =   4.26325641456060E-14  1.36974972995051E-08
 Calling cg2d from S/R CG2D_MAD
 cg2d: Sum(rhs),rhsMax =  -9.94759830064140E-14  1.48064244219443E-08
 Calling cg2d from S/R CG2D_MAD
 cg2d: Sum(rhs),rhsMax =   7.10542735760100E-14  1.67979929142158E-08
 Calling cg2d from S/R CG2D_MAD
 cg2d: Sum(rhs),rhsMax =  -3.90798504668055E-14  1.86169679030323E-08
 Calling cg2d from S/R CG2D_MAD
 cg2d: Sum(rhs),rhsMax =   2.48689957516035E-14  1.99971373863071E-08
 Calling cg2d from S/R CG2D_MAD
 cg2d: Sum(rhs),rhsMax =  -5.68434188608080E-14  2.07532608436851E-08
 Calling cg2d from S/R CG2D_MAD
 cg2d: Sum(rhs),rhsMax =  -1.06581410364015E-14  2.08215621385374E-08
 Calling cg2d from S/R CG2D_MAD
 cg2d: Sum(rhs),rhsMax =   9.41469124882133E-14  2.02621912825600E-08
 Calling cg2d from S/R CG2D_MAD
 cg2d: Sum(rhs),rhsMax =   4.97379915032070E-14  1.92283416507737E-08
 Calling cg2d from S/R CG2D_MAD
 cg2d: Sum(rhs),rhsMax =   1.77635683940025E-15  1.79169695013534E-08
 Calling cg2d from S/R CG2D_MAD
 cg2d: Sum(rhs),rhsMax =  -3.90798504668055E-14  1.65189258471921E-08
 Calling cg2d from S/R CG2D_MAD
 cg2d: Sum(rhs),rhsMax =  -6.03961325396085E-14  1.51823661603112E-08
 Calling cg2d from S/R CG2D_MAD
 cg2d: Sum(rhs),rhsMax =  -2.13162820728030E-14  1.39957286986120E-08
 Calling cg2d from S/R CG2D_MAD
 cg2d: Sum(rhs),rhsMax =  -3.90798504668055E-14  1.29890828462078E-08
 Calling cg2d from S/R CG2D_MAD
 cg2d: Sum(rhs),rhsMax =  -3.55271367880050E-15  1.21478157423792E-08
 Calling cg2d from S/R CG2D_MAD
 cg2d: Sum(rhs),rhsMax =   6.03961325396085E-14  1.14312169706277E-08
 Calling cg2d from S/R CG2D_MAD
 cg2d: Sum(rhs),rhsMax =   9.23705556488130E-14  1.08372997350318E-08
 Calling cg2d from S/R CG2D_MAD
 cg2d: Sum(rhs),rhsMax =  -2.84217094304040E-14  1.06194274774132E-08
 Calling cg2d from S/R CG2D_MAD
 cg2d: Sum(rhs),rhsMax =   1.42108547152020E-14  1.02982353718964E-08
 Calling cg2d from S/R CG2D_MAD
 cg2d: Sum(rhs),rhsMax =  -5.32907051820075E-14  9.90993879757788E-09
 Calling cg2d from S/R CG2D_MAD
 cg2d: Sum(rhs),rhsMax =   5.32907051820075E-14  9.47990980937829E-09
 Calling cg2d from S/R CG2D_MAD
 cg2d: Sum(rhs),rhsMax =   4.26325641456060E-14  9.02381827990360E-09
 Calling cg2d from S/R CG2D_MAD
 cg2d: Sum(rhs),rhsMax =   8.52651282912120E-14  8.54999853186909E-09
 Calling cg2d from S/R CG2D_MAD
 cg2d: Sum(rhs),rhsMax =   1.77635683940025E-15  8.06198720837622E-09
 Calling cg2d from S/R CG2D_MAD
 cg2d: Sum(rhs),rhsMax =   1.07913677993565E-13  7.56063585252926E-09
 Calling cg2d from S/R CG2D_MAD
 cg2d: Sum(rhs),rhsMax =   1.86517468137026E-14  7.04558479454520E-09
 Calling cg2d from S/R CG2D_MAD
 cg2d: Sum(rhs),rhsMax =   9.59232693276135E-14  6.51613192840089E-09
 Calling cg2d from S/R CG2D_MAD
 cg2d: Sum(rhs),rhsMax =   2.41584530158434E-13  5.97164754246368E-09
 Calling cg2d from S/R CG2D_MAD
 cg2d: Sum(rhs),rhsMax =  -1.27897692436818E-13  5.41171234839185E-09
 Calling cg2d from S/R CG2D_MAD
 cg2d: Sum(rhs),rhsMax =  -7.10542735760100E-14  4.93542708881442E-09
 Calling cg2d from S/R CG2D_MAD
 cg2d: Sum(rhs),rhsMax =   2.13162820728030E-14  5.49187815711223E-09
 Calling cg2d from S/R CG2D_MAD
 cg2d: Sum(rhs),rhsMax =  -1.35003119794419E-13  6.00557629192982E-09
 Calling cg2d from S/R CG2D_MAD
 cg2d: Sum(rhs),rhsMax =  -7.10542735760100E-15  6.47543687432197E-09
 Calling cg2d from S/R CG2D_MAD
 cg2d: Sum(rhs),rhsMax =   0.00000000000000E+00  6.90035640701628E-09
 Calling cg2d from S/R CG2D_MAD
 cg2d: Sum(rhs),rhsMax =   1.13686837721616E-13  7.27893955496947E-09
 Calling cg2d from S/R CG2D_MAD
 cg2d: Sum(rhs),rhsMax =   2.13162820728030E-14  7.60921822387229E-09
 Calling cg2d from S/R CG2D_MAD
 cg2d: Sum(rhs),rhsMax =  -6.39488462184090E-14  7.88842450262209E-09
 Calling cg2d from S/R CG2D_MAD
 cg2d: Sum(rhs),rhsMax =   7.81597009336110E-14  8.11288241929919E-09
 Calling cg2d from S/R CG2D_MAD
 cg2d: Sum(rhs),rhsMax =  -1.27897692436818E-13  8.27807519852039E-09
 Calling cg2d from S/R CG2D_MAD
 cg2d: Sum(rhs),rhsMax =   7.81597009336110E-14  8.37892392638126E-09
 Calling cg2d from S/R CG2D_MAD
 cg2d: Sum(rhs),rhsMax =  -4.26325641456060E-14  8.41028151352157E-09
 Calling cg2d from S/R CG2D_MAD
 cg2d: Sum(rhs),rhsMax =  -6.39488462184090E-14  8.36760659527143E-09
 Calling cg2d from S/R CG2D_MAD
 cg2d: Sum(rhs),rhsMax =  -1.06581410364015E-13  8.24774186893606E-09
 Calling cg2d from S/R CG2D_MAD
 cg2d: Sum(rhs),rhsMax =  -1.42108547152020E-14  8.04968804129117E-09
 Calling cg2d from S/R CG2D_MAD
 cg2d: Sum(rhs),rhsMax =  -1.42108547152020E-14  7.77524562069235E-09
 Calling cg2d from S/R CG2D_MAD
 cg2d: Sum(rhs),rhsMax =  -2.84217094304040E-14  7.46731824347320E-09
 Calling cg2d from S/R CG2D_MAD
 cg2d: Sum(rhs),rhsMax =  -4.26325641456060E-14  7.63182622785729E-09
 Calling cg2d from S/R CG2D_MAD
 cg2d: Sum(rhs),rhsMax =  -6.39488462184090E-14  7.73983942929694E-09
 Calling cg2d from S/R CG2D_MAD
 cg2d: Sum(rhs),rhsMax =   5.68434188608080E-14  7.78234594140010E-09
 Calling cg2d from S/R CG2D_MAD
 cg2d: Sum(rhs),rhsMax =   0.00000000000000E+00  7.75029727304158E-09
 Calling cg2d from S/R CG2D_MAD
 cg2d: Sum(rhs),rhsMax =  -6.39488462184090E-14  7.63590311603244E-09
 Calling cg2d from S/R CG2D_MAD
 cg2d: Sum(rhs),rhsMax =  -4.26325641456060E-14  7.43396242633603E-09
 Calling cg2d from S/R CG2D_MAD
 cg2d: Sum(rhs),rhsMax =   2.84217094304040E-14  7.27642031107975E-09
 Calling cg2d from S/R CG2D_MAD
 cg2d: Sum(rhs),rhsMax =  -8.52651282912120E-14  7.66643120617436E-09
 cg2d: Sum(rhs),rhsMax =   6.39488462184090E-13  1.94120339438638E+00
 cg2d: Sum(rhs),rhsMax =   5.68434188608080E-13  1.94120040482903E+00
 cg2d: Sum(rhs),rhsMax =   6.25277607468888E-13  1.94119688481977E+00
 cg2d: Sum(rhs),rhsMax =   1.03739239420975E-12  1.94119284470602E+00
 cg2d: Sum(rhs),rhsMax =   6.39488462184090E-13  1.94118829488098E+00
 cg2d: Sum(rhs),rhsMax =   2.27373675443232E-13  1.94118324571417E+00
 cg2d: Sum(rhs),rhsMax =   1.27897692436818E-13  1.94117770748247E+00
 cg2d: Sum(rhs),rhsMax =   5.54223333892878E-13  1.94117169030199E+00
 cg2d: Sum(rhs),rhsMax =   9.66338120633736E-13  1.94116520406141E+00
 cg2d: Sum(rhs),rhsMax =   1.84741111297626E-13  1.94115825835724E+00
 cg2d: Sum(rhs),rhsMax =   0.00000000000000E+00  1.94115086243142E+00
 cg2d: Sum(rhs),rhsMax =   1.13686837721616E-13  1.94114302511180E+00
 cg2d: Sum(rhs),rhsMax =   5.40012479177676E-13  1.94113475475575E+00
 cg2d: Sum(rhs),rhsMax =   3.26849658449646E-13  1.94112605919766E+00
 cg2d: Sum(rhs),rhsMax =   7.38964445190504E-13  1.94111694570012E+00
 cg2d: Sum(rhs),rhsMax =   2.55795384873636E-13  1.94110742090981E+00
 cg2d: Sum(rhs),rhsMax =   4.40536496171262E-13  1.94109749081763E+00
 cg2d: Sum(rhs),rhsMax =   4.26325641456060E-13  1.94108716072423E+00
 cg2d: Sum(rhs),rhsMax =   7.67386154620908E-13  1.94107643521020E+00
 cg2d: Sum(rhs),rhsMax =   3.97903932025656E-13  1.94106531811194E+00
 cg2d: Sum(rhs),rhsMax =   5.68434188608080E-14  1.94105381250283E+00
 cg2d: Sum(rhs),rhsMax =   9.23705556488130E-13  1.94104192067999E+00
 cg2d: Sum(rhs),rhsMax =   3.41060513164848E-13  1.94102964415676E+00
 cg2d: Sum(rhs),rhsMax =   9.23705556488130E-13  1.94101698366077E+00
 cg2d: Sum(rhs),rhsMax =   6.39488462184090E-13  1.94100393913766E+00
 cg2d: Sum(rhs),rhsMax =   5.68434188608080E-13  1.94099050976039E+00
 cg2d: Sum(rhs),rhsMax =   8.10018718766514E-13  1.94097669394410E+00
 cg2d: Sum(rhs),rhsMax =   3.26849658449646E-13  1.94096248936612E+00
 cg2d: Sum(rhs),rhsMax =   6.96331881044898E-13  1.94094789299137E+00
 cg2d: Sum(rhs),rhsMax =   4.26325641456060E-13  1.94093290110250E+00
 cg2d: Sum(rhs),rhsMax =   5.54223333892878E-13  1.94091750933489E+00
 cg2d: Sum(rhs),rhsMax =   5.96855898038484E-13  1.94090171271587E+00
 cg2d: Sum(rhs),rhsMax =   9.09494701772928E-13  1.94088550570824E+00
 cg2d: Sum(rhs),rhsMax =   7.10542735760100E-13  1.94086888225735E+00
 cg2d: Sum(rhs),rhsMax =   5.96855898038484E-13  1.94085183584171E+00
 cg2d: Sum(rhs),rhsMax =   8.66862137627322E-13  1.94083435952650E+00
 cg2d: Sum(rhs),rhsMax =   6.82121026329696E-13  1.94081644601970E+00
 cg2d: Sum(rhs),rhsMax =   6.82121026329696E-13  1.94079808773037E+00
 cg2d: Sum(rhs),rhsMax =   1.70530256582424E-13  1.94077927682870E+00
 cg2d: Sum(rhs),rhsMax =   1.84741111297626E-13  1.94076000530721E+00
 cg2d: Sum(rhs),rhsMax =   7.81597009336110E-13  1.94074026504293E+00
 cg2d: Sum(rhs),rhsMax =   1.03739239420975E-12  1.94072004785987E+00
 cg2d: Sum(rhs),rhsMax =   5.54223333892878E-13  1.94069934559134E+00
 cg2d: Sum(rhs),rhsMax =   6.82121026329696E-13  1.94067815014182E+00
 cg2d: Sum(rhs),rhsMax =   1.13686837721616E-13  1.94065645354785E+00
 cg2d: Sum(rhs),rhsMax =   4.83169060316868E-13  1.94063424803737E+00
 cg2d: Sum(rhs),rhsMax =   5.82645043323282E-13  1.94061152608741E+00
 cg2d: Sum(rhs),rhsMax =   4.12114786740858E-13  1.94058828047938E+00
 cg2d: Sum(rhs),rhsMax =   2.84217094304040E-13  1.94056450435178E+00
 cg2d: Sum(rhs),rhsMax =   1.10844666778576E-12  1.94054019124994E+00
 cg2d: Sum(rhs),rhsMax =   7.95807864051312E-13  1.94051533517248E+00
 cg2d: Sum(rhs),rhsMax =   3.83693077310454E-13  1.94048993061399E+00
 cg2d: Sum(rhs),rhsMax =   8.66862137627322E-13  1.94046397260394E+00
 cg2d: Sum(rhs),rhsMax =   7.38964445190504E-13  1.94043745674127E+00
 cg2d: Sum(rhs),rhsMax =   1.09423581307055E-12  1.94041037922478E+00
 cg2d: Sum(rhs),rhsMax =   3.55271367880050E-13  1.94038273687867E+00
 cg2d: Sum(rhs),rhsMax =   1.35003119794419E-12  1.94035452717367E+00
 cg2d: Sum(rhs),rhsMax =   5.82645043323282E-13  1.94032574824316E+00
 cg2d: Sum(rhs),rhsMax =   1.06581410364015E-12  1.94029639889434E+00
 cg2d: Sum(rhs),rhsMax =   7.24753590475302E-13  1.94026647861455E+00
 cg2d: Sum(rhs),rhsMax =   4.40536496171262E-13  1.94023598757261E+00
 cg2d: Sum(rhs),rhsMax =   1.13686837721616E-12  1.94020492661519E+00
 cg2d: Sum(rhs),rhsMax =   7.10542735760100E-13  1.94017329725830E+00
 cg2d: Sum(rhs),rhsMax =   2.98427949019242E-13  1.94014110167422E+00
 cg2d: Sum(rhs),rhsMax =   7.38964445190504E-13  1.94010834267353E+00
 cg2d: Sum(rhs),rhsMax =   8.24229573481716E-13  1.94007502368297E+00
 cg2d: Sum(rhs),rhsMax =   8.38440428196918E-13  1.94004114871889E+00
 cg2d: Sum(rhs),rhsMax =   6.25277607468888E-13  1.94000672235680E+00
 cg2d: Sum(rhs),rhsMax =   4.54747350886464E-13  1.93997174969717E+00
 cg2d: Sum(rhs),rhsMax =   6.25277607468888E-13  1.93993623632766E+00
 cg2d: Sum(rhs),rhsMax =  -7.10542735760100E-14  1.93990018828245E+00
 cg2d: Sum(rhs),rhsMax =   9.23705556488130E-13  1.93986361199849E+00
 Calling cg2d from S/R CG2D_MAD
 cg2d: Sum(rhs),rhsMax =  -9.94759830064140E-14  8.05893652707776E-09
 Calling cg2d from S/R CG2D_MAD
 cg2d: Sum(rhs),rhsMax =   4.61852778244065E-14  8.44319993631371E-09
 Calling cg2d from S/R CG2D_MAD
 cg2d: Sum(rhs),rhsMax =  -4.26325641456060E-14  8.80496560133372E-09
 Calling cg2d from S/R CG2D_MAD
 cg2d: Sum(rhs),rhsMax =  -1.45661260830821E-13  9.12768065807610E-09
 Calling cg2d from S/R CG2D_MAD
 cg2d: Sum(rhs),rhsMax =  -7.81597009336110E-14  9.39402577413692E-09
 Calling cg2d from S/R CG2D_MAD
 cg2d: Sum(rhs),rhsMax =   1.42108547152020E-14  9.58757463407645E-09
 Calling cg2d from S/R CG2D_MAD
 cg2d: Sum(rhs),rhsMax =  -1.06692432666478E-13  9.69438969646902E-09
 Calling cg2d from S/R CG2D_MAD
 cg2d: Sum(rhs),rhsMax =   5.41788836017076E-14  9.70437442353448E-09
 Calling cg2d from S/R CG2D_MAD
 cg2d: Sum(rhs),rhsMax =  -1.95399252334028E-14  9.61223817269215E-09
 Calling cg2d from S/R CG2D_MAD
 cg2d: Sum(rhs),rhsMax =  -1.06581410364015E-14  9.41798262347670E-09
 Calling cg2d from S/R CG2D_MAD
 cg2d: Sum(rhs),rhsMax =   1.06581410364015E-13  9.12687956322036E-09
 Calling cg2d from S/R CG2D_MAD
 cg2d: Sum(rhs),rhsMax =   2.84217094304040E-14  8.74897015071168E-09
 Calling cg2d from S/R CG2D_MAD
 cg2d: Sum(rhs),rhsMax =   2.13162820728030E-14  8.29816743475521E-09
 Calling cg2d from S/R CG2D_MAD
 cg2d: Sum(rhs),rhsMax =  -1.13686837721616E-13  7.79108098755765E-09
 Calling cg2d from S/R CG2D_MAD
 cg2d: Sum(rhs),rhsMax =  -3.55271367880050E-14  7.24570177876085E-09
 Calling cg2d from S/R CG2D_MAD
 cg2d: Sum(rhs),rhsMax =  -5.68434188608080E-14  7.65369405992359E-09
 Calling cg2d from S/R CG2D_MAD
 cg2d: Sum(rhs),rhsMax =   2.06057393370429E-13  8.35889625873852E-09
 Calling cg2d from S/R CG2D_MAD
 cg2d: Sum(rhs),rhsMax =   1.20792265079217E-13  8.97967394126160E-09
 Calling cg2d from S/R CG2D_MAD
 cg2d: Sum(rhs),rhsMax =   7.10542735760100E-14  9.50483913930836E-09
 Calling cg2d from S/R CG2D_MAD
 cg2d: Sum(rhs),rhsMax =   7.10542735760100E-15  9.92720020026549E-09
 Calling cg2d from S/R CG2D_MAD
 cg2d: Sum(rhs),rhsMax =  -3.90798504668055E-14  1.02435093179888E-08
 Calling cg2d from S/R CG2D_MAD
 cg2d: Sum(rhs),rhsMax =   7.10542735760100E-15  1.04541083977194E-08
 Calling cg2d from S/R CG2D_MAD
 cg2d: Sum(rhs),rhsMax =   5.32907051820075E-14  1.05623487360553E-08
 Calling cg2d from S/R CG2D_MAD
 cg2d: Sum(rhs),rhsMax =  -6.92779167366098E-14  1.05738722961849E-08
 Calling cg2d from S/R CG2D_MAD
 cg2d: Sum(rhs),rhsMax =   6.83897383169096E-14  1.04958433528880E-08
 Calling cg2d from S/R CG2D_MAD
 cg2d: Sum(rhs),rhsMax =   1.05693231944315E-13  1.03362106398763E-08
 Calling cg2d from S/R CG2D_MAD
 cg2d: Sum(rhs),rhsMax =  -3.99680288865056E-15  1.01030643647108E-08
 Calling cg2d from S/R CG2D_MAD
 cg2d: Sum(rhs),rhsMax =  -1.44328993201270E-14  9.80413245631557E-09
 Calling cg2d from S/R CG2D_MAD
 cg2d: Sum(rhs),rhsMax =   0.00000000000000E+00  9.44643903577592E-09
 Calling cg2d from S/R CG2D_MAD
 cg2d: Sum(rhs),rhsMax =   3.28626015289046E-14  9.03612786230051E-09
 Calling cg2d from S/R CG2D_MAD
 cg2d: Sum(rhs),rhsMax =   1.95399252334028E-14  8.57843627002720E-09
 Calling cg2d from S/R CG2D_MAD
 cg2d: Sum(rhs),rhsMax =   3.90798504668055E-14  8.07779227348621E-09
 Calling cg2d from S/R CG2D_MAD
 cg2d: Sum(rhs),rhsMax =  -4.79616346638068E-14  7.53799954879956E-09
 Calling cg2d from S/R CG2D_MAD
 cg2d: Sum(rhs),rhsMax =  -2.66453525910038E-14  6.96247180906459E-09
 Calling cg2d from S/R CG2D_MAD
 cg2d: Sum(rhs),rhsMax =   6.03961325396085E-14  6.35447930460450E-09
 Calling cg2d from S/R CG2D_MAD
 cg2d: Sum(rhs),rhsMax =   5.15143483426073E-14  5.71737497914311E-09
 Calling cg2d from S/R CG2D_MAD
 cg2d: Sum(rhs),rhsMax =   6.66133814775094E-15  5.54175202993698E-09
 Calling cg2d from S/R CG2D_MAD
 cg2d: Sum(rhs),rhsMax =   9.72555369571637E-14  5.48675326037999E-09
 Calling cg2d from S/R CG2D_MAD
 cg2d: Sum(rhs),rhsMax =  -5.32907051820075E-15  5.38844071118791E-09
 Calling cg2d from S/R CG2D_MAD
 cg2d: Sum(rhs),rhsMax =  -8.88178419700125E-14  5.24810202472913E-09
 Calling cg2d from S/R CG2D_MAD
 cg2d: Sum(rhs),rhsMax =  -1.88293824976427E-13  5.06706048992439E-09
 Calling cg2d from S/R CG2D_MAD
 cg2d: Sum(rhs),rhsMax =  -1.13686837721616E-13  4.84672183976266E-09
 Calling cg2d from S/R CG2D_MAD
 cg2d: Sum(rhs),rhsMax =   1.42108547152020E-13  4.58865411305503E-09
 Calling cg2d from S/R CG2D_MAD
 cg2d: Sum(rhs),rhsMax =  -7.10542735760100E-14  4.43842785638633E-09
 Calling cg2d from S/R CG2D_MAD
 cg2d: Sum(rhs),rhsMax =   3.55271367880050E-13  4.52046473037127E-09
 Calling cg2d from S/R CG2D_MAD
 cg2d: Sum(rhs),rhsMax =  -7.10542735760100E-15  4.89119108779946E-09
 Calling cg2d from S/R CG2D_MAD
 cg2d: Sum(rhs),rhsMax =  -1.70530256582424E-13  5.23145964005605E-09
 Calling cg2d from S/R CG2D_MAD
 cg2d: Sum(rhs),rhsMax =  -1.20792265079217E-13  5.54146963008806E-09
 Calling cg2d from S/R CG2D_MAD
 cg2d: Sum(rhs),rhsMax =   1.20792265079217E-13  5.82188423657700E-09
 Calling cg2d from S/R CG2D_MAD
 cg2d: Sum(rhs),rhsMax =   2.84217094304040E-14  6.07377501123898E-09
 Calling cg2d from S/R CG2D_MAD
 cg2d: Sum(rhs),rhsMax =   1.49213974509621E-13  6.29854295676632E-09
 Calling cg2d from S/R CG2D_MAD
 cg2d: Sum(rhs),rhsMax =   0.00000000000000E+00  6.49782088120468E-09
 Calling cg2d from S/R CG2D_MAD
 cg2d: Sum(rhs),rhsMax =   4.61852778244065E-14  6.67336347692784E-09
 Calling cg2d from S/R CG2D_MAD
 cg2d: Sum(rhs),rhsMax =   1.06581410364015E-13  6.82693274026596E-09
 Calling cg2d from S/R CG2D_MAD
 cg2d: Sum(rhs),rhsMax =  -1.10134124042816E-13  6.96018678141463E-09
 Calling cg2d from S/R CG2D_MAD
 cg2d: Sum(rhs),rhsMax =  -8.17124146124115E-14  7.07457976140062E-09
 Calling cg2d from S/R CG2D_MAD
 cg2d: Sum(rhs),rhsMax =  -1.24344978758018E-13  7.17127969639033E-09
 Calling cg2d from S/R CG2D_MAD
 cg2d: Sum(rhs),rhsMax =   7.46069872548105E-14  7.25110931584523E-09
 Calling cg2d from S/R CG2D_MAD
 cg2d: Sum(rhs),rhsMax =   1.42108547152020E-14  7.31451322345875E-09
 Calling cg2d from S/R CG2D_MAD
 cg2d: Sum(rhs),rhsMax =   2.30926389122033E-14  7.51930612399969E-09
 Calling cg2d from S/R CG2D_MAD
 cg2d: Sum(rhs),rhsMax =  -1.77635683940025E-15  7.69453961158076E-09
 Calling cg2d from S/R CG2D_MAD
 cg2d: Sum(rhs),rhsMax =   0.00000000000000E+00  7.82955391352211E-09
 Calling cg2d from S/R CG2D_MAD
 cg2d: Sum(rhs),rhsMax =  -1.42108547152020E-14  7.92320793647142E-09
 Calling cg2d from S/R CG2D_MAD
 cg2d: Sum(rhs),rhsMax =   0.00000000000000E+00  7.97439759730851E-09
 Calling cg2d from S/R CG2D_MAD
 cg2d: Sum(rhs),rhsMax =  -2.48689957516035E-14  7.98213519864496E-09
 Calling cg2d from S/R CG2D_MAD
 cg2d: Sum(rhs),rhsMax =   3.55271367880050E-15  7.94562809886954E-09
 Calling cg2d from S/R CG2D_MAD
 cg2d: Sum(rhs),rhsMax =  -6.21724893790088E-15  7.86435128488278E-09
 Calling cg2d from S/R CG2D_MAD
 cg2d: Sum(rhs),rhsMax =   9.50350909079134E-14  7.73810952286742E-09
 Calling cg2d from S/R CG2D_MAD
 cg2d: Sum(rhs),rhsMax =   1.99840144432528E-14  7.56708604206683E-09
 Calling cg2d from S/R CG2D_MAD
 cg2d: Sum(rhs),rhsMax =   2.53130849614536E-14  7.35187606206007E-09
 Calling cg2d from S/R CG2D_MAD
 cg2d: Sum(rhs),rhsMax =   4.44089209850063E-14  7.09350477810900E-09
 Calling cg2d from S/R CG2D_MAD
 cg2d: Sum(rhs),rhsMax =  -4.97379915032070E-14  6.79343056398943E-09
 cg2d: Sum(rhs),rhsMax =   2.84217094304040E-13  1.93992092413502E+00
 cg2d: Sum(rhs),rhsMax =   4.26325641456060E-13  1.93995715010443E+00
 cg2d: Sum(rhs),rhsMax =   9.23705556488130E-13  1.93999279032857E+00
 cg2d: Sum(rhs),rhsMax =   3.55271367880050E-13  1.94002785517417E+00
 cg2d: Sum(rhs),rhsMax =   3.55271367880050E-13  1.94006235507740E+00
 cg2d: Sum(rhs),rhsMax =   9.80548975348938E-13  1.94009630046311E+00
 cg2d: Sum(rhs),rhsMax =   6.39488462184090E-13  1.94012970166498E+00
 cg2d: Sum(rhs),rhsMax =   5.40012479177676E-13  1.94016256884671E+00
 cg2d: Sum(rhs),rhsMax =   2.55795384873636E-13  1.94019491192529E+00
 cg2d: Sum(rhs),rhsMax =   2.55795384873636E-13  1.94022674049651E+00
 cg2d: Sum(rhs),rhsMax =   9.52127265918534E-13  1.94025806376369E+00
 cg2d: Sum(rhs),rhsMax =   5.68434188608080E-13  1.94028889046982E+00
 cg2d: Sum(rhs),rhsMax =   5.82645043323282E-13  1.94031922883379E+00
 cg2d: Sum(rhs),rhsMax =   4.40536496171262E-13  1.94034908649114E+00
 cg2d: Sum(rhs),rhsMax =   4.83169060316868E-13  1.94037847043970E+00
 cg2d: Sum(rhs),rhsMax =   7.10542735760100E-14  1.94040738699049E+00
 cg2d: Sum(rhs),rhsMax =   8.24229573481716E-13  1.94043584172445E+00
 cg2d: Sum(rhs),rhsMax =   8.52651282912120E-13  1.94046383945504E+00
 cg2d: Sum(rhs),rhsMax =   4.97379915032070E-13  1.94049138419688E+00
 cg2d: Sum(rhs),rhsMax =   8.10018718766514E-13  1.94051847914120E+00
 cg2d: Sum(rhs),rhsMax =   8.38440428196918E-13  1.94054512663751E+00
 cg2d: Sum(rhs),rhsMax =   8.95283847057726E-13  1.94057132818200E+00
 cg2d: Sum(rhs),rhsMax =   6.39488462184090E-13  1.94059708441289E+00
 cg2d: Sum(rhs),rhsMax =   6.67910171614494E-13  1.94062239511220E+00
 cg2d: Sum(rhs),rhsMax =   6.53699316899292E-13  1.94064725921437E+00
 cg2d: Sum(rhs),rhsMax =   7.95807864051312E-13  1.94067167482145E+00
 cg2d: Sum(rhs),rhsMax =   4.26325641456060E-13  1.94069563922471E+00
 cg2d: Sum(rhs),rhsMax =   9.09494701772928E-13  1.94071914893251E+00
 cg2d: Sum(rhs),rhsMax =   8.24229573481716E-13  1.94074219970416E+00
 cg2d: Sum(rhs),rhsMax =   1.23634436022257E-12  1.94076478658954E+00
 cg2d: Sum(rhs),rhsMax =   6.96331881044898E-13  1.94078690397417E+00
 cg2d: Sum(rhs),rhsMax =   2.55795384873636E-13  1.94080854562908E+00
 cg2d: Sum(rhs),rhsMax =   5.54223333892878E-13  1.94082970476562E+00
 cg2d: Sum(rhs),rhsMax =   6.39488462184090E-13  1.94085037409407E+00
 cg2d: Sum(rhs),rhsMax =   5.96855898038484E-13  1.94087054588622E+00
 cg2d: Sum(rhs),rhsMax =   5.96855898038484E-13  1.94089021204094E+00
 cg2d: Sum(rhs),rhsMax =   2.41584530158434E-13  1.94090936415249E+00
 cg2d: Sum(rhs),rhsMax =   8.66862137627322E-13  1.94092799358086E+00
 cg2d: Sum(rhs),rhsMax =   6.67910171614494E-13  1.94094609152381E+00
 cg2d: Sum(rhs),rhsMax =   3.83693077310454E-13  1.94096364908981E+00
 cg2d: Sum(rhs),rhsMax =   7.67386154620908E-13  1.94098065737159E+00
 cg2d: Sum(rhs),rhsMax =   1.22213350550737E-12  1.94099710751947E+00
 cg2d: Sum(rhs),rhsMax =   9.09494701772928E-13  1.94101299081429E+00
 cg2d: Sum(rhs),rhsMax =   4.26325641456060E-13  1.94102829873900E+00
 cg2d: Sum(rhs),rhsMax =   1.42108547152020E-13  1.94104302304881E+00
 cg2d: Sum(rhs),rhsMax =   3.26849658449646E-13  1.94105715583890E+00
 cg2d: Sum(rhs),rhsMax =   3.97903932025656E-13  1.94107068960973E+00
 cg2d: Sum(rhs),rhsMax =  -1.70530256582424E-13  1.94108361732906E+00
 cg2d: Sum(rhs),rhsMax =   6.11066752753686E-13  1.94109593249035E+00
 cg2d: Sum(rhs),rhsMax =   3.69482222595252E-13  1.94110762916709E+00
 cg2d: Sum(rhs),rhsMax =   5.68434188608080E-13  1.94111870206282E+00
 cg2d: Sum(rhs),rhsMax =   6.25277607468888E-13  1.94112914655612E+00
 cg2d: Sum(rhs),rhsMax =   4.40536496171262E-13  1.94113895874055E+00
 cg2d: Sum(rhs),rhsMax =   8.24229573481716E-13  1.94114813545911E+00
 cg2d: Sum(rhs),rhsMax =   5.11590769747272E-13  1.94115667433301E+00
 cg2d: Sum(rhs),rhsMax =   7.67386154620908E-13  1.94116457378441E+00
 cg2d: Sum(rhs),rhsMax =   8.24229573481716E-13  1.94117183305327E+00
 cg2d: Sum(rhs),rhsMax =   2.55795384873636E-13  1.94117845220793E+00
 cg2d: Sum(rhs),rhsMax =   3.83693077310454E-13  1.94118443214945E+00
 cg2d: Sum(rhs),rhsMax =   1.22213350550737E-12  1.94118977460976E+00
 cg2d: Sum(rhs),rhsMax =   3.55271367880050E-13  1.94119448214358E+00
 cg2d: Sum(rhs),rhsMax =   5.25801624462474E-13  1.94119855811438E+00
 cg2d: Sum(rhs),rhsMax =   5.96855898038484E-13  1.94120200667414E+00
 cg2d: Sum(rhs),rhsMax =   8.95283847057726E-13  1.94120483273754E+00
 cg2d: Sum(rhs),rhsMax =   5.68434188608080E-13  1.94120704195050E+00
 cg2d: Sum(rhs),rhsMax =   7.10542735760100E-13  1.94120864065340E+00
 cg2d: Sum(rhs),rhsMax =   7.67386154620908E-13  1.94120963583930E+00
 cg2d: Sum(rhs),rhsMax =   1.98951966012828E-13  1.94121003510755E+00
 cg2d: Sum(rhs),rhsMax =   6.67910171614494E-13  1.94120984661294E+00
 cg2d: Sum(rhs),rhsMax =   1.22213350550737E-12  1.94120907901104E+00
 cg2d: Sum(rhs),rhsMax =   2.84217094304040E-13  1.94120774140009E+00
 cg2d: Sum(rhs),rhsMax =   1.25055521493778E-12  1.94120584325955E+00
 Calling cg2d from S/R CG2D_MAD
 cg2d: Sum(rhs),rhsMax =  -1.99840144432528E-14  6.45353505629602E-09
 Calling cg2d from S/R CG2D_MAD
 cg2d: Sum(rhs),rhsMax =  -3.64153152077051E-14  6.07610239872190E-09
 Calling cg2d from S/R CG2D_MAD
 cg2d: Sum(rhs),rhsMax =   6.39488462184090E-14  5.66379023170018E-09
 Calling cg2d from S/R CG2D_MAD
 cg2d: Sum(rhs),rhsMax =  -8.17124146124115E-14  5.30015849950489E-09
 Calling cg2d from S/R CG2D_MAD
 cg2d: Sum(rhs),rhsMax =   2.32702745961433E-13  4.98128216100225E-09
 Calling cg2d from S/R CG2D_MAD
 cg2d: Sum(rhs),rhsMax =   6.03961325396085E-14  4.64543269628875E-09
 Calling cg2d from S/R CG2D_MAD
 cg2d: Sum(rhs),rhsMax =   6.39488462184090E-14  4.29474807553175E-09
 Calling cg2d from S/R CG2D_MAD
 cg2d: Sum(rhs),rhsMax =  -9.59232693276135E-14  4.13388436942729E-09
 Calling cg2d from S/R CG2D_MAD
 cg2d: Sum(rhs),rhsMax =   4.26325641456060E-14  4.28115289806238E-09
 Calling cg2d from S/R CG2D_MAD
 cg2d: Sum(rhs),rhsMax =   2.13162820728030E-14  4.40451043531005E-09
 Calling cg2d from S/R CG2D_MAD
 cg2d: Sum(rhs),rhsMax =  -7.10542735760100E-15  4.50240277025215E-09
 Calling cg2d from S/R CG2D_MAD
 cg2d: Sum(rhs),rhsMax =   0.00000000000000E+00  4.57336839889849E-09
 Calling cg2d from S/R CG2D_MAD
 cg2d: Sum(rhs),rhsMax =  -2.84217094304040E-14  4.61606011818217E-09
 Calling cg2d from S/R CG2D_MAD
 cg2d: Sum(rhs),rhsMax =   4.26325641456060E-14  4.62926951521955E-09
 Calling cg2d from S/R CG2D_MAD
 cg2d: Sum(rhs),rhsMax =  -1.42108547152020E-14  4.61195500283330E-09
 Calling cg2d from S/R CG2D_MAD
 cg2d: Sum(rhs),rhsMax =   0.00000000000000E+00  4.56327358217594E-09
 Calling cg2d from S/R CG2D_MAD
 cg2d: Sum(rhs),rhsMax =  -6.39488462184090E-14  4.48261595679770E-09
 Calling cg2d from S/R CG2D_MAD
 cg2d: Sum(rhs),rhsMax =  -2.13162820728030E-14  4.36964403478585E-09
 Calling cg2d from S/R CG2D_MAD
 cg2d: Sum(rhs),rhsMax =   4.26325641456060E-14  4.22432929403890E-09
 Calling cg2d from S/R CG2D_MAD
 cg2d: Sum(rhs),rhsMax =  -3.55271367880050E-14  4.04699000508925E-09
 Calling cg2d from S/R CG2D_MAD
 cg2d: Sum(rhs),rhsMax =  -4.26325641456060E-14  3.83832495401523E-09
 Calling cg2d from S/R CG2D_MAD
 cg2d: Sum(rhs),rhsMax =   8.52651282912120E-14  3.81181668328921E-09
 Calling cg2d from S/R CG2D_MAD
 cg2d: Sum(rhs),rhsMax =   1.42108547152020E-14  4.13095166975020E-09
 Calling cg2d from S/R CG2D_MAD
 cg2d: Sum(rhs),rhsMax =   0.00000000000000E+00  4.41313665085569E-09
 Calling cg2d from S/R CG2D_MAD
 cg2d: Sum(rhs),rhsMax =  -2.84217094304040E-14  4.65782630530292E-09
 Calling cg2d from S/R CG2D_MAD
 cg2d: Sum(rhs),rhsMax =   8.52651282912120E-14  4.86496907716042E-09
 Calling cg2d from S/R CG2D_MAD
 cg2d: Sum(rhs),rhsMax =  -7.10542735760100E-14  5.03498360512331E-09
 Calling cg2d from S/R CG2D_MAD
 cg2d: Sum(rhs),rhsMax =   4.26325641456060E-14  5.16872070228247E-09
 Calling cg2d from S/R CG2D_MAD
 cg2d: Sum(rhs),rhsMax =  -2.84217094304040E-14  5.26741200798893E-09
 Calling cg2d from S/R CG2D_MAD
 cg2d: Sum(rhs),rhsMax =   6.39488462184090E-14  5.33260718621537E-09
 Calling cg2d from S/R CG2D_MAD
 cg2d: Sum(rhs),rhsMax =   7.81597009336110E-14  5.36610221568182E-09
 Calling cg2d from S/R CG2D_MAD
 cg2d: Sum(rhs),rhsMax =   1.42108547152020E-14  5.36986186072949E-09
 Calling cg2d from S/R CG2D_MAD
 cg2d: Sum(rhs),rhsMax =   1.42108547152020E-14  5.34593979141123E-09
 Calling cg2d from S/R CG2D_MAD
 cg2d: Sum(rhs),rhsMax =  -6.03961325396085E-14  5.29640000997776E-09
 Calling cg2d from S/R CG2D_MAD
 cg2d: Sum(rhs),rhsMax =  -6.03961325396085E-14  5.22324322463263E-09
 Calling cg2d from S/R CG2D_MAD
 cg2d: Sum(rhs),rhsMax =   4.61852778244065E-14  5.12834158880438E-09
 Calling cg2d from S/R CG2D_MAD
 cg2d: Sum(rhs),rhsMax =   4.26325641456060E-14  5.01338480722684E-09
 Calling cg2d from S/R CG2D_MAD
 cg2d: Sum(rhs),rhsMax =   4.97379915032070E-14  5.21747517400729E-09
 Calling cg2d from S/R CG2D_MAD
 cg2d: Sum(rhs),rhsMax =  -8.88178419700125E-15  5.41302750388613E-09
 Calling cg2d from S/R CG2D_MAD
 cg2d: Sum(rhs),rhsMax =  -2.93098878501041E-14  5.57791488931301E-09
 Calling cg2d from S/R CG2D_MAD
 cg2d: Sum(rhs),rhsMax =   4.81836792687318E-14  5.71221903715152E-09
 Calling cg2d from S/R CG2D_MAD
 cg2d: Sum(rhs),rhsMax =  -3.06421554796543E-14  5.81657314028922E-09
 Calling cg2d from S/R CG2D_MAD
 cg2d: Sum(rhs),rhsMax =   8.88178419700125E-16  5.89211259442413E-09
 Calling cg2d from S/R CG2D_MAD
 cg2d: Sum(rhs),rhsMax =   2.30926389122033E-14  5.94040857095012E-09
 Calling cg2d from S/R CG2D_MAD
 cg2d: Sum(rhs),rhsMax =   4.08562073062058E-14  5.96338791578649E-09
 Calling cg2d from S/R CG2D_MAD
 cg2d: Sum(rhs),rhsMax =   7.10542735760100E-14  5.96324342678955E-09
 Calling cg2d from S/R CG2D_MAD
 cg2d: Sum(rhs),rhsMax =  -1.77635683940025E-14  5.94233890967567E-09
 Calling cg2d from S/R CG2D_MAD
 cg2d: Sum(rhs),rhsMax =  -3.90798504668055E-14  5.90311351127490E-09
 Calling cg2d from S/R CG2D_MAD
 cg2d: Sum(rhs),rhsMax =   3.55271367880050E-15  5.84798968218999E-09
 Calling cg2d from S/R CG2D_MAD
 cg2d: Sum(rhs),rhsMax =   3.55271367880050E-14  5.77928874616015E-09
 Calling cg2d from S/R CG2D_MAD
 cg2d: Sum(rhs),rhsMax =   8.17124146124115E-14  5.69915748136891E-09
 Calling cg2d from S/R CG2D_MAD
 cg2d: Sum(rhs),rhsMax =   8.52651282912120E-14  5.60950839094380E-09
 Calling cg2d from S/R CG2D_MAD
 cg2d: Sum(rhs),rhsMax =  -2.13162820728030E-14  5.51197550483299E-09
 Calling cg2d from S/R CG2D_MAD
 cg2d: Sum(rhs),rhsMax =  -7.10542735760100E-15  5.40788666610933E-09
 Calling cg2d from S/R CG2D_MAD
 cg2d: Sum(rhs),rhsMax =  -3.55271367880050E-14  5.29825236504376E-09
 Calling cg2d from S/R CG2D_MAD
 cg2d: Sum(rhs),rhsMax =  -4.26325641456060E-14  5.18377034427270E-09
 Calling cg2d from S/R CG2D_MAD
 cg2d: Sum(rhs),rhsMax =   3.55271367880050E-14  5.06484445520610E-09
 Calling cg2d from S/R CG2D_MAD
 cg2d: Sum(rhs),rhsMax =   7.10542735760100E-15  4.94161563439061E-09
 Calling cg2d from S/R CG2D_MAD
 cg2d: Sum(rhs),rhsMax =   2.84217094304040E-14  4.81400241199158E-09
 Calling cg2d from S/R CG2D_MAD
 cg2d: Sum(rhs),rhsMax =  -4.97379915032070E-14  4.68174808214599E-09
 Calling cg2d from S/R CG2D_MAD
 cg2d: Sum(rhs),rhsMax =   7.10542735760100E-15  4.54447156581927E-09
 Calling cg2d from S/R CG2D_MAD
 cg2d: Sum(rhs),rhsMax =   6.39488462184090E-14  4.40171907106766E-09
 Calling cg2d from S/R CG2D_MAD
 cg2d: Sum(rhs),rhsMax =   3.55271367880050E-14  4.25301388061189E-09
 Calling cg2d from S/R CG2D_MAD
 cg2d: Sum(rhs),rhsMax =   1.70530256582424E-13  4.09790194789325E-09
 Calling cg2d from S/R CG2D_MAD
 cg2d: Sum(rhs),rhsMax =   0.00000000000000E+00  3.93599143453330E-09
 Calling cg2d from S/R CG2D_MAD
 cg2d: Sum(rhs),rhsMax =  -9.23705556488130E-14  3.76698484240546E-09
 Calling cg2d from S/R CG2D_MAD
 cg2d: Sum(rhs),rhsMax =   1.27897692436818E-13  3.59070294443063E-09
 Calling cg2d from S/R CG2D_MAD
 cg2d: Sum(rhs),rhsMax =  -1.77635683940025E-14  3.66721172812506E-09
 Calling cg2d from S/R CG2D_MAD
 cg2d: Sum(rhs),rhsMax =  -1.06581410364015E-14  3.83919826513352E-09
 Calling cg2d from S/R CG2D_MAD
 cg2d: Sum(rhs),rhsMax =   4.26325641456060E-14  3.98295257794219E-09
 Calling cg2d from S/R CG2D_MAD
 cg2d: Sum(rhs),rhsMax =  -6.39488462184090E-14  4.09784859495447E-09
 Calling cg2d from S/R CG2D_MAD
 cg2d: Sum(rhs),rhsMax =   3.55271367880050E-14  4.18354804654464E-09
 cg2d: Sum(rhs),rhsMax =   4.54747350886464E-13  1.93568444643793E+00
 cg2d: Sum(rhs),rhsMax =   9.23705556488130E-13  1.93576335482255E+00
 cg2d: Sum(rhs),rhsMax =   7.67386154620908E-13  1.93584171904080E+00
 cg2d: Sum(rhs),rhsMax =   4.12114786740858E-13  1.93591953913990E+00
 cg2d: Sum(rhs),rhsMax =   4.68958205601666E-13  1.93599681517829E+00
 cg2d: Sum(rhs),rhsMax =   4.12114786740858E-13  1.93607354722011E+00
 cg2d: Sum(rhs),rhsMax =   5.25801624462474E-13  1.93614973533185E+00
 cg2d: Sum(rhs),rhsMax =   6.25277607468888E-13  1.93622537958142E+00
 cg2d: Sum(rhs),rhsMax =   6.67910171614494E-13  1.93630048003734E+00
 cg2d: Sum(rhs),rhsMax =   7.81597009336110E-13  1.93637503676829E+00
 cg2d: Sum(rhs),rhsMax =   1.22213350550737E-12  1.93644904984247E+00
 cg2d: Sum(rhs),rhsMax =   7.10542735760100E-13  1.93652251084128E+00
 cg2d: Sum(rhs),rhsMax =   8.38440428196918E-13  1.93659543271530E+00
 cg2d: Sum(rhs),rhsMax =   7.95807864051312E-13  1.93666781680667E+00
 cg2d: Sum(rhs),rhsMax =   2.27373675443232E-13  1.93673966115095E+00
 cg2d: Sum(rhs),rhsMax =   9.09494701772928E-13  1.93681096496432E+00
 cg2d: Sum(rhs),rhsMax =   8.24229573481716E-13  1.93688172875568E+00
 cg2d: Sum(rhs),rhsMax =   7.10542735760100E-13  1.93695195356343E+00
 cg2d: Sum(rhs),rhsMax =   4.26325641456060E-13  1.93702164043114E+00
 cg2d: Sum(rhs),rhsMax =   5.68434188608080E-13  1.93709079027513E+00
 cg2d: Sum(rhs),rhsMax =   7.95807864051312E-13  1.93715940391678E+00
 cg2d: Sum(rhs),rhsMax =   3.26849658449646E-13  1.93722748211796E+00
 cg2d: Sum(rhs),rhsMax =   4.68958205601666E-13  1.93729502559123E+00
 cg2d: Sum(rhs),rhsMax =   5.68434188608080E-13  1.93736203499913E+00
 cg2d: Sum(rhs),rhsMax =   5.82645043323282E-13  1.93742851095181E+00
 cg2d: Sum(rhs),rhsMax =   6.11066752753686E-13  1.93749445400491E+00
 cg2d: Sum(rhs),rhsMax =   5.82645043323282E-13  1.93755986465778E+00
 cg2d: Sum(rhs),rhsMax =   1.02318153949454E-12  1.93762474335235E+00
 cg2d: Sum(rhs),rhsMax =   8.10018718766514E-13  1.93768909047244E+00
 cg2d: Sum(rhs),rhsMax =   3.97903932025656E-13  1.93775290634385E+00
 cg2d: Sum(rhs),rhsMax =   7.38964445190504E-13  1.93781619123509E+00
 cg2d: Sum(rhs),rhsMax =   8.66862137627322E-13  1.93787894535841E+00
 cg2d: Sum(rhs),rhsMax =   5.96855898038484E-13  1.93794116887126E+00
 cg2d: Sum(rhs),rhsMax =   9.23705556488130E-13  1.93800286187763E+00
 cg2d: Sum(rhs),rhsMax =   6.53699316899292E-13  1.93806402442953E+00
 cg2d: Sum(rhs),rhsMax =   5.11590769747272E-13  1.93812465652821E+00
 cg2d: Sum(rhs),rhsMax =   7.38964445190504E-13  1.93818475812572E+00
 cg2d: Sum(rhs),rhsMax =   3.26849658449646E-13  1.93824432912662E+00
 cg2d: Sum(rhs),rhsMax =   5.54223333892878E-13  1.93830336939038E+00
 cg2d: Sum(rhs),rhsMax =   5.96855898038484E-13  1.93836116298171E+00
 cg2d: Sum(rhs),rhsMax =   6.67910171614494E-13  1.93841858617185E+00
 cg2d: Sum(rhs),rhsMax =   3.26849658449646E-13  1.93847548238650E+00
 cg2d: Sum(rhs),rhsMax =   4.68958205601666E-13  1.93853178913936E+00
 cg2d: Sum(rhs),rhsMax =   6.39488462184090E-13  1.93858751002915E+00
 cg2d: Sum(rhs),rhsMax =   9.66338120633736E-13  1.93864263962979E+00
 cg2d: Sum(rhs),rhsMax =   1.08002495835535E-12  1.93869716680955E+00
 cg2d: Sum(rhs),rhsMax =   8.66862137627322E-13  1.93875108089981E+00
 cg2d: Sum(rhs),rhsMax =   7.38964445190504E-13  1.93880437202617E+00
 cg2d: Sum(rhs),rhsMax =   2.84217094304040E-13  1.93885703078106E+00
 cg2d: Sum(rhs),rhsMax =   8.24229573481716E-13  1.93890904828486E+00
 cg2d: Sum(rhs),rhsMax =   2.70006239588838E-13  1.93896041633172E+00
 cg2d: Sum(rhs),rhsMax =   2.55795384873636E-13  1.93901112748906E+00
 cg2d: Sum(rhs),rhsMax =   7.38964445190504E-13  1.93906117516033E+00
 cg2d: Sum(rhs),rhsMax =   8.66862137627322E-13  1.93911055363119E+00
 cg2d: Sum(rhs),rhsMax =   8.38440428196918E-13  1.93915925810657E+00
 cg2d: Sum(rhs),rhsMax =   1.10844666778576E-12  1.93920728473974E+00
 cg2d: Sum(rhs),rhsMax =   2.84217094304040E-13  1.93925463065388E+00
 cg2d: Sum(rhs),rhsMax =   8.81072992342524E-13  1.93930129395609E+00
 cg2d: Sum(rhs),rhsMax =   8.10018718766514E-13  1.93934727374390E+00
 cg2d: Sum(rhs),rhsMax =   1.98951966012828E-13  1.93939257010398E+00
 cg2d: Sum(rhs),rhsMax =   1.06581410364015E-12  1.93943718410320E+00
 cg2d: Sum(rhs),rhsMax =   1.20792265079217E-12  1.93948111777149E+00
 cg2d: Sum(rhs),rhsMax =   5.82645043323282E-13  1.93952437407735E+00
 cg2d: Sum(rhs),rhsMax =   1.27897692436818E-13  1.93956695689568E+00
 cg2d: Sum(rhs),rhsMax =   9.52127265918534E-13  1.93960887096907E+00
 cg2d: Sum(rhs),rhsMax =   5.82645043323282E-13  1.93965012186296E+00
 cg2d: Sum(rhs),rhsMax =   1.10844666778576E-12  1.93969071591548E+00
 cg2d: Sum(rhs),rhsMax =   9.80548975348938E-13  1.93973066018250E+00
 cg2d: Sum(rhs),rhsMax =   4.40536496171262E-13  1.93976996237832E+00
 cg2d: Sum(rhs),rhsMax =   4.83169060316868E-13  1.93980863081241E+00
 cg2d: Sum(rhs),rhsMax =   9.09494701772928E-13  1.93984667432235E+00
 cg2d: Sum(rhs),rhsMax =   6.67910171614494E-13  1.93988410220343E+00
 Calling cg2d from S/R CG2D_MAD
 cg2d: Sum(rhs),rhsMax =  -2.13162820728030E-14  4.23998525726774E-09
 Calling cg2d from S/R CG2D_MAD
 cg2d: Sum(rhs),rhsMax =   6.21724893790088E-14  4.26734863059698E-09
 Calling cg2d from S/R CG2D_MAD
 cg2d: Sum(rhs),rhsMax =   2.84217094304040E-14  4.26606009035098E-09
 Calling cg2d from S/R CG2D_MAD
 cg2d: Sum(rhs),rhsMax =   6.92779167366098E-14  4.23675363109653E-09
 Calling cg2d from S/R CG2D_MAD
 cg2d: Sum(rhs),rhsMax =  -1.59872115546023E-14  4.18025396091055E-09
 Calling cg2d from S/R CG2D_MAD
 cg2d: Sum(rhs),rhsMax =   2.27373675443232E-13  4.09755601094900E-09
 Calling cg2d from S/R CG2D_MAD
 cg2d: Sum(rhs),rhsMax =  -1.22568621918617E-13  3.98980585540193E-09
 Calling cg2d from S/R CG2D_MAD
 cg2d: Sum(rhs),rhsMax =   2.66453525910038E-14  3.85828335061588E-09
 Calling cg2d from S/R CG2D_MAD
 cg2d: Sum(rhs),rhsMax =   1.04805053524615E-13  3.70438658012794E-09
 Calling cg2d from S/R CG2D_MAD
 cg2d: Sum(rhs),rhsMax =   1.42108547152020E-14  3.52961799748815E-09
 Calling cg2d from S/R CG2D_MAD
 cg2d: Sum(rhs),rhsMax =   2.00728322852228E-13  3.33557200240087E-09
 Calling cg2d from S/R CG2D_MAD
 cg2d: Sum(rhs),rhsMax =  -6.75015598972095E-14  3.12392357561657E-09
 Calling cg2d from S/R CG2D_MAD
 cg2d: Sum(rhs),rhsMax =  -1.95399252334028E-14  3.11026192545739E-09
 Calling cg2d from S/R CG2D_MAD
 cg2d: Sum(rhs),rhsMax =  -2.78888023785839E-13  3.16687834546642E-09
 Calling cg2d from S/R CG2D_MAD
 cg2d: Sum(rhs),rhsMax =   1.68753899743024E-13  3.35008461121061E-09
 Calling cg2d from S/R CG2D_MAD
 cg2d: Sum(rhs),rhsMax =   1.70530256582424E-13  3.55963667484329E-09
 Calling cg2d from S/R CG2D_MAD
 cg2d: Sum(rhs),rhsMax =   1.77635683940025E-13  3.75783344766414E-09
 Calling cg2d from S/R CG2D_MAD
 cg2d: Sum(rhs),rhsMax =   2.04281036531029E-14  3.94419918149608E-09
 Calling cg2d from S/R CG2D_MAD
 cg2d: Sum(rhs),rhsMax =  -1.77635683940025E-13  4.11831689000950E-09
 Calling cg2d from S/R CG2D_MAD
 cg2d: Sum(rhs),rhsMax =   5.86197757002083E-14  4.27982429203933E-09
 Calling cg2d from S/R CG2D_MAD
 cg2d: Sum(rhs),rhsMax =   2.22044604925031E-14  4.42840796393210E-09
 Calling cg2d from S/R CG2D_MAD
 cg2d: Sum(rhs),rhsMax =  -1.50990331349021E-14  4.56379617883995E-09
 Calling cg2d from S/R CG2D_MAD
 cg2d: Sum(rhs),rhsMax =   3.10862446895044E-15  4.68575102564159E-09
 Calling cg2d from S/R CG2D_MAD
 cg2d: Sum(rhs),rhsMax =  -4.95159468982820E-14  4.79406046903142E-09
 Calling cg2d from S/R CG2D_MAD
 cg2d: Sum(rhs),rhsMax =  -3.23074900165921E-14  4.88853103139059E-09
 Calling cg2d from S/R CG2D_MAD
 cg2d: Sum(rhs),rhsMax =  -1.71529457304587E-14  4.96898174591661E-09
 Calling cg2d from S/R CG2D_MAD
 cg2d: Sum(rhs),rhsMax =   2.88657986402541E-14  5.03523995219767E-09
 Calling cg2d from S/R CG2D_MAD
 cg2d: Sum(rhs),rhsMax =   6.52811138479592E-14  5.08713938604991E-09
 Calling cg2d from S/R CG2D_MAD
 cg2d: Sum(rhs),rhsMax =  -2.30926389122033E-14  5.12452086368879E-09
 Calling cg2d from S/R CG2D_MAD
 cg2d: Sum(rhs),rhsMax =  -1.06581410364015E-14  5.14723568676240E-09
 Calling cg2d from S/R CG2D_MAD
 cg2d: Sum(rhs),rhsMax =  -6.48370246381091E-14  5.15515171078870E-09
 Calling cg2d from S/R CG2D_MAD
 cg2d: Sum(rhs),rhsMax =   1.50990331349021E-14  5.14816183680323E-09
 Calling cg2d from S/R CG2D_MAD
 cg2d: Sum(rhs),rhsMax =  -1.19015908239817E-13  5.12619451801106E-09
 Calling cg2d from S/R CG2D_MAD
 cg2d: Sum(rhs),rhsMax =  -8.34887714518118E-14  5.08922573136457E-09
 Calling cg2d from S/R CG2D_MAD
 cg2d: Sum(rhs),rhsMax =  -1.20792265079217E-13  5.03729175636557E-09
 Calling cg2d from S/R CG2D_MAD
 cg2d: Sum(rhs),rhsMax =   9.76996261670138E-14  4.97050196833355E-09
 Calling cg2d from S/R CG2D_MAD
 cg2d: Sum(rhs),rhsMax =  -4.79616346638068E-14  4.88910681612842E-09
 Calling cg2d from S/R CG2D_MAD
 cg2d: Sum(rhs),rhsMax =  -1.91846538655227E-13  4.79324615445540E-09
 Calling cg2d from S/R CG2D_MAD
 cg2d: Sum(rhs),rhsMax =  -3.90798504668055E-14  4.68341340977508E-09
 Calling cg2d from S/R CG2D_MAD
 cg2d: Sum(rhs),rhsMax =  -5.32907051820075E-14  4.56014754177816E-09
 Calling cg2d from S/R CG2D_MAD
 cg2d: Sum(rhs),rhsMax =   1.06581410364015E-14  4.42403757025280E-09
 Calling cg2d from S/R CG2D_MAD
 cg2d: Sum(rhs),rhsMax =  -4.61852778244065E-14  4.27579784587766E-09
 Calling cg2d from S/R CG2D_MAD
 cg2d: Sum(rhs),rhsMax =  -1.95399252334028E-13  4.11626621252771E-09
 Calling cg2d from S/R CG2D_MAD
 cg2d: Sum(rhs),rhsMax =   9.23705556488130E-14  3.94638042342720E-09
 Calling cg2d from S/R CG2D_MAD
 cg2d: Sum(rhs),rhsMax =   2.13162820728030E-14  3.76716241667902E-09
 Calling cg2d from S/R CG2D_MAD
 cg2d: Sum(rhs),rhsMax =  -3.55271367880050E-14  3.57970465172482E-09
 Calling cg2d from S/R CG2D_MAD
 cg2d: Sum(rhs),rhsMax =   3.55271367880050E-14  3.38515347688902E-09
 Calling cg2d from S/R CG2D_MAD
 cg2d: Sum(rhs),rhsMax =  -1.42108547152020E-14  3.18468979745600E-09
 Calling cg2d from S/R CG2D_MAD
 cg2d: Sum(rhs),rhsMax =  -2.13162820728030E-14  2.97950834180689E-09
 Calling cg2d from S/R CG2D_MAD
 cg2d: Sum(rhs),rhsMax =  -1.13686837721616E-13  2.77079649522245E-09
 Calling cg2d from S/R CG2D_MAD
 cg2d: Sum(rhs),rhsMax =  -8.52651282912120E-14  2.80810940453784E-09
 Calling cg2d from S/R CG2D_MAD
 cg2d: Sum(rhs),rhsMax =   1.42108547152020E-14  2.89476686305138E-09
 Calling cg2d from S/R CG2D_MAD
 cg2d: Sum(rhs),rhsMax =   6.39488462184090E-14  2.96012823019209E-09
 Calling cg2d from S/R CG2D_MAD
 cg2d: Sum(rhs),rhsMax =  -9.23705556488130E-14  3.00392009304403E-09
 Calling cg2d from S/R CG2D_MAD
 cg2d: Sum(rhs),rhsMax =  -7.10542735760100E-14  3.02608419680818E-09
 Calling cg2d from S/R CG2D_MAD
 cg2d: Sum(rhs),rhsMax =  -2.84217094304040E-14  3.02677535213446E-09
 Calling cg2d from S/R CG2D_MAD
 cg2d: Sum(rhs),rhsMax =  -7.10542735760100E-15  3.00635536739848E-09
 Calling cg2d from S/R CG2D_MAD
 cg2d: Sum(rhs),rhsMax =   6.39488462184090E-14  2.96538321357630E-09
 Calling cg2d from S/R CG2D_MAD
 cg2d: Sum(rhs),rhsMax =  -2.13162820728030E-14  2.90460174791679E-09
 Calling cg2d from S/R CG2D_MAD
 cg2d: Sum(rhs),rhsMax =  -3.55271367880050E-14  2.82492142554967E-09
 Calling cg2d from S/R CG2D_MAD
 cg2d: Sum(rhs),rhsMax =   2.13162820728030E-14  2.72740151211746E-09
 Calling cg2d from S/R CG2D_MAD
 cg2d: Sum(rhs),rhsMax =   4.97379915032070E-14  2.65829380288053E-09
 Calling cg2d from S/R CG2D_MAD
 cg2d: Sum(rhs),rhsMax =  -6.39488462184090E-14  2.66842305814851E-09
 Calling cg2d from S/R CG2D_MAD
 cg2d: Sum(rhs),rhsMax =  -1.42108547152020E-13  2.66105712432305E-09
 Calling cg2d from S/R CG2D_MAD
 cg2d: Sum(rhs),rhsMax =   7.10542735760100E-15  2.63607752028508E-09
 Calling cg2d from S/R CG2D_MAD
 cg2d: Sum(rhs),rhsMax =  -3.19744231092045E-14  2.59350315082644E-09
 Calling cg2d from S/R CG2D_MAD
 cg2d: Sum(rhs),rhsMax =   1.77635683940025E-14  2.53348035243776E-09
 Calling cg2d from S/R CG2D_MAD
 cg2d: Sum(rhs),rhsMax =   1.06581410364015E-14  2.45630887703521E-09
 Calling cg2d from S/R CG2D_MAD
 cg2d: Sum(rhs),rhsMax =  -9.59232693276135E-14  2.36245322553974E-09
 Calling cg2d from S/R CG2D_MAD
 cg2d: Sum(rhs),rhsMax =  -8.17124146124115E-14  2.33974140421578E-09
 Calling cg2d from S/R CG2D_MAD
 cg2d: Sum(rhs),rhsMax =  -7.47735207085043E-14  2.45887142424550E-09
 Calling cg2d from S/R CG2D_MAD
 cg2d: Sum(rhs),rhsMax =  -1.50990331349021E-14  2.56540262902402E-09
 cg2d: Sum(rhs),rhsMax =   1.12265752250096E-12  1.92857899990590E+00
 cg2d: Sum(rhs),rhsMax =   1.30739863379858E-12  1.92869670188308E+00
 cg2d: Sum(rhs),rhsMax =   3.12638803734444E-13  1.92881387714620E+00
 cg2d: Sum(rhs),rhsMax =  -5.68434188608080E-14  1.92893052527365E+00
 cg2d: Sum(rhs),rhsMax =   1.02318153949454E-12  1.92904664584226E+00
 cg2d: Sum(rhs),rhsMax =   9.09494701772928E-13  1.92916223842715E+00
 cg2d: Sum(rhs),rhsMax =   6.25277607468888E-13  1.92927730260189E+00
 cg2d: Sum(rhs),rhsMax =   3.97903932025656E-13  1.92939183793842E+00
 cg2d: Sum(rhs),rhsMax =   2.27373675443232E-13  1.92950584400732E+00
 cg2d: Sum(rhs),rhsMax =   6.96331881044898E-13  1.92961932037779E+00
 cg2d: Sum(rhs),rhsMax =   6.82121026329696E-13  1.92973226661784E+00
 cg2d: Sum(rhs),rhsMax =   6.67910171614494E-13  1.92984468229466E+00
 cg2d: Sum(rhs),rhsMax =   1.98951966012828E-13  1.92995656697502E+00
 cg2d: Sum(rhs),rhsMax =   9.80548975348938E-13  1.93006792022564E+00
 cg2d: Sum(rhs),rhsMax =   9.23705556488130E-13  1.93017874161338E+00
 cg2d: Sum(rhs),rhsMax =   7.24753590475302E-13  1.93028903070541E+00
 cg2d: Sum(rhs),rhsMax =   9.23705556488130E-13  1.93039878706967E+00
 cg2d: Sum(rhs),rhsMax =   4.40536496171262E-13  1.93050801027531E+00
 cg2d: Sum(rhs),rhsMax =   6.39488462184090E-13  1.93061669989318E+00
 cg2d: Sum(rhs),rhsMax =   3.41060513164848E-13  1.93072485549639E+00
 cg2d: Sum(rhs),rhsMax =   1.08002495835535E-12  1.93083247666079E+00
 cg2d: Sum(rhs),rhsMax =   8.10018718766514E-13  1.93093956296559E+00
 cg2d: Sum(rhs),rhsMax =   2.84217094304040E-13  1.93104611399374E+00
 cg2d: Sum(rhs),rhsMax =   5.54223333892878E-13  1.93115212933257E+00
 cg2d: Sum(rhs),rhsMax =   5.54223333892878E-13  1.93125760857431E+00
 cg2d: Sum(rhs),rhsMax =   3.83693077310454E-13  1.93136255131335E+00
 cg2d: Sum(rhs),rhsMax =   6.39488462184090E-13  1.93146695714962E+00
 cg2d: Sum(rhs),rhsMax =   3.69482222595252E-13  1.93157082569487E+00
 cg2d: Sum(rhs),rhsMax =   7.67386154620908E-13  1.93167415657220E+00
 cg2d: Sum(rhs),rhsMax =   7.10542735760100E-13  1.93177694941151E+00
 cg2d: Sum(rhs),rhsMax =   3.83693077310454E-13  1.93187920384710E+00
 cg2d: Sum(rhs),rhsMax =   5.11590769747272E-13  1.93198091951891E+00
 cg2d: Sum(rhs),rhsMax =   6.25277607468888E-13  1.93208209607499E+00
 cg2d: Sum(rhs),rhsMax =   8.52651282912120E-13  1.93218273317348E+00
 cg2d: Sum(rhs),rhsMax =   6.67910171614494E-13  1.93228283048342E+00
 cg2d: Sum(rhs),rhsMax =   8.24229573481716E-13  1.93238238768493E+00
 cg2d: Sum(rhs),rhsMax =   3.97903932025656E-13  1.93248140446939E+00
 cg2d: Sum(rhs),rhsMax =   7.67386154620908E-13  1.93257988053936E+00
 cg2d: Sum(rhs),rhsMax =   4.83169060316868E-13  1.93267781560891E+00
 cg2d: Sum(rhs),rhsMax =   7.95807864051312E-13  1.93277520940368E+00
 cg2d: Sum(rhs),rhsMax =   4.26325641456060E-13  1.93287206166122E+00
 cg2d: Sum(rhs),rhsMax =   2.84217094304040E-13  1.93296837213107E+00
 cg2d: Sum(rhs),rhsMax =   6.96331881044898E-13  1.93306414057507E+00
 cg2d: Sum(rhs),rhsMax =   7.95807864051312E-13  1.93315936676738E+00
 cg2d: Sum(rhs),rhsMax =   6.39488462184090E-13  1.93325405049457E+00
 cg2d: Sum(rhs),rhsMax =   6.53699316899292E-13  1.93334819155571E+00
 cg2d: Sum(rhs),rhsMax =   8.66862137627322E-13  1.93344178976227E+00
 cg2d: Sum(rhs),rhsMax =   6.39488462184090E-13  1.93353484493810E+00
 cg2d: Sum(rhs),rhsMax =   7.53175299905706E-13  1.93362735691927E+00
 cg2d: Sum(rhs),rhsMax =   8.95283847057726E-13  1.93371932555399E+00
 cg2d: Sum(rhs),rhsMax =   6.67910171614494E-13  1.93381075070232E+00
 cg2d: Sum(rhs),rhsMax =   7.67386154620908E-13  1.93390163223594E+00
 cg2d: Sum(rhs),rhsMax =   1.27897692436818E-12  1.93399197003795E+00
 cg2d: Sum(rhs),rhsMax =   9.66338120633736E-13  1.93408176400248E+00
 cg2d: Sum(rhs),rhsMax =   8.95283847057726E-13  1.93417101403445E+00
 cg2d: Sum(rhs),rhsMax =   1.56319401867222E-13  1.93425972004916E+00
 cg2d: Sum(rhs),rhsMax =   5.96855898038484E-13  1.93434788197188E+00
 cg2d: Sum(rhs),rhsMax =   2.98427949019242E-13  1.93443549973748E+00
 cg2d: Sum(rhs),rhsMax =   5.68434188608080E-13  1.93452257328998E+00
 cg2d: Sum(rhs),rhsMax =   7.81597009336110E-13  1.93460910258195E+00
 cg2d: Sum(rhs),rhsMax =   7.38964445190504E-13  1.93469508757425E+00
 cg2d: Sum(rhs),rhsMax =   9.80548975348938E-13  1.93478052823526E+00
 cg2d: Sum(rhs),rhsMax =   9.94759830064140E-13  1.93486542454047E+00
 cg2d: Sum(rhs),rhsMax =   1.12265752250096E-12  1.93494977647197E+00
 cg2d: Sum(rhs),rhsMax =   5.96855898038484E-13  1.93503358401781E+00
 cg2d: Sum(rhs),rhsMax =   6.25277607468888E-13  1.93511684717146E+00
 cg2d: Sum(rhs),rhsMax =   9.52127265918534E-13  1.93519956593132E+00
 cg2d: Sum(rhs),rhsMax =   5.82645043323282E-13  1.93528174030007E+00
 cg2d: Sum(rhs),rhsMax =   0.00000000000000E+00  1.93536337028419E+00
 cg2d: Sum(rhs),rhsMax =   8.38440428196918E-13  1.93544445589338E+00
 cg2d: Sum(rhs),rhsMax =   6.25277607468888E-13  1.93552499703348E+00
 cg2d: Sum(rhs),rhsMax =   3.83693077310454E-13  1.93560499385334E+00
 Calling cg2d from S/R CG2D_MAD
 cg2d: Sum(rhs),rhsMax =  -2.66453525910038E-14  2.65864428117905E-09
 Calling cg2d from S/R CG2D_MAD
 cg2d: Sum(rhs),rhsMax =   1.17239551400417E-13  2.73792932564659E-09
 Calling cg2d from S/R CG2D_MAD
 cg2d: Sum(rhs),rhsMax =   2.84217094304040E-14  2.86538755792986E-09
 Calling cg2d from S/R CG2D_MAD
 cg2d: Sum(rhs),rhsMax =  -1.42108547152020E-14  3.04433065173721E-09
 Calling cg2d from S/R CG2D_MAD
 cg2d: Sum(rhs),rhsMax =   7.10542735760100E-15  3.21261627273477E-09
 Calling cg2d from S/R CG2D_MAD
 cg2d: Sum(rhs),rhsMax =  -3.55271367880050E-15  3.36984218525915E-09
 Calling cg2d from S/R CG2D_MAD
 cg2d: Sum(rhs),rhsMax =   1.17239551400417E-13  3.51653331485217E-09
 Calling cg2d from S/R CG2D_MAD
 cg2d: Sum(rhs),rhsMax =   3.19744231092045E-14  3.65100631511228E-09
 Calling cg2d from S/R CG2D_MAD
 cg2d: Sum(rhs),rhsMax =   6.03961325396085E-14  3.77267707034537E-09
 Calling cg2d from S/R CG2D_MAD
 cg2d: Sum(rhs),rhsMax =  -6.75015598972095E-14  3.88262963371634E-09
 Calling cg2d from S/R CG2D_MAD
 cg2d: Sum(rhs),rhsMax =   4.26325641456060E-14  3.98159267013718E-09
 Calling cg2d from S/R CG2D_MAD
 cg2d: Sum(rhs),rhsMax =  -7.10542735760100E-14  4.06936622920291E-09
 Calling cg2d from S/R CG2D_MAD
 cg2d: Sum(rhs),rhsMax =  -1.49213974509621E-13  4.14556278756798E-09
 Calling cg2d from S/R CG2D_MAD
 cg2d: Sum(rhs),rhsMax =  -4.26325641456060E-14  4.21010809522036E-09
 Calling cg2d from S/R CG2D_MAD
 cg2d: Sum(rhs),rhsMax =  -1.42108547152020E-14  4.26319228037975E-09
 Calling cg2d from S/R CG2D_MAD
 cg2d: Sum(rhs),rhsMax =  -4.26325641456060E-14  4.30507385306963E-09
 Calling cg2d from S/R CG2D_MAD
 cg2d: Sum(rhs),rhsMax =  -2.13162820728030E-14  4.33598138491066E-09
 Calling cg2d from S/R CG2D_MAD
 cg2d: Sum(rhs),rhsMax =  -3.55271367880050E-14  4.35610634768351E-09
 Calling cg2d from S/R CG2D_MAD
 cg2d: Sum(rhs),rhsMax =  -8.52651282912120E-14  4.36562083859151E-09
 Calling cg2d from S/R CG2D_MAD
 cg2d: Sum(rhs),rhsMax =   7.10542735760100E-14  4.36468868672358E-09
 Calling cg2d from S/R CG2D_MAD
 cg2d: Sum(rhs),rhsMax =   1.42108547152020E-14  4.35346828851220E-09
 Calling cg2d from S/R CG2D_MAD
 cg2d: Sum(rhs),rhsMax =   7.10542735760100E-15  4.33211273153947E-09
 Calling cg2d from S/R CG2D_MAD
 cg2d: Sum(rhs),rhsMax =   2.84217094304040E-14  4.30077047822465E-09
 Calling cg2d from S/R CG2D_MAD
 cg2d: Sum(rhs),rhsMax =   3.55271367880050E-14  4.25958735903131E-09
 Calling cg2d from S/R CG2D_MAD
 cg2d: Sum(rhs),rhsMax =   0.00000000000000E+00  4.20870967252301E-09
 Calling cg2d from S/R CG2D_MAD
 cg2d: Sum(rhs),rhsMax =  -1.42108547152020E-14  4.14828805008573E-09
 Calling cg2d from S/R CG2D_MAD
 cg2d: Sum(rhs),rhsMax =  -4.97379915032070E-14  4.07848177535065E-09
 Calling cg2d from S/R CG2D_MAD
 cg2d: Sum(rhs),rhsMax =  -1.06581410364015E-14  3.99946326894104E-09
 Calling cg2d from S/R CG2D_MAD
 cg2d: Sum(rhs),rhsMax =  -7.10542735760100E-15  3.91142246419217E-09
 Calling cg2d from S/R CG2D_MAD
 cg2d: Sum(rhs),rhsMax =   4.61852778244065E-14  3.81457083361763E-09
 Calling cg2d from S/R CG2D_MAD
 cg2d: Sum(rhs),rhsMax =   7.10542735760100E-14  3.70914488211089E-09
 Calling cg2d from S/R CG2D_MAD
 cg2d: Sum(rhs),rhsMax =  -3.19744231092045E-14  3.59540898850529E-09
 Calling cg2d from S/R CG2D_MAD
 cg2d: Sum(rhs),rhsMax =   4.61852778244065E-14  3.47365753565742E-09
 Calling cg2d from S/R CG2D_MAD
 cg2d: Sum(rhs),rhsMax =   6.39488462184090E-14  3.34421630907282E-09
 Calling cg2d from S/R CG2D_MAD
 cg2d: Sum(rhs),rhsMax =   1.10134124042816E-13  3.20744316299483E-09
 Calling cg2d from S/R CG2D_MAD
 cg2d: Sum(rhs),rhsMax =   8.52651282912120E-14  3.06372795724506E-09
 Calling cg2d from S/R CG2D_MAD
 cg2d: Sum(rhs),rhsMax =   6.75015598972095E-14  2.91349176884313E-09
 Calling cg2d from S/R CG2D_MAD
 cg2d: Sum(rhs),rhsMax =  -1.77635683940025E-14  2.75718538939901E-09
 Calling cg2d from S/R CG2D_MAD
 cg2d: Sum(rhs),rhsMax =   1.13686837721616E-13  2.59528713735621E-09
 Calling cg2d from S/R CG2D_MAD
 cg2d: Sum(rhs),rhsMax =   1.59872115546023E-14  2.63774469407321E-09
 Calling cg2d from S/R CG2D_MAD
 cg2d: Sum(rhs),rhsMax =   5.86197757002083E-14  2.73321231905786E-09
 Calling cg2d from S/R CG2D_MAD
 cg2d: Sum(rhs),rhsMax =  -1.10134124042816E-13  2.81105134886785E-09
 Calling cg2d from S/R CG2D_MAD
 cg2d: Sum(rhs),rhsMax =   9.99200722162641E-14  2.87087806474527E-09
 Calling cg2d from S/R CG2D_MAD
 cg2d: Sum(rhs),rhsMax =   1.26995636229310E-13  2.91243112674005E-09
 Calling cg2d from S/R CG2D_MAD
 cg2d: Sum(rhs),rhsMax =  -9.94759830064140E-14  2.93557022395794E-09
 Calling cg2d from S/R CG2D_MAD
 cg2d: Sum(rhs),rhsMax =  -1.55431223447522E-13  2.94027408990633E-09
 Calling cg2d from S/R CG2D_MAD
 cg2d: Sum(rhs),rhsMax =  -1.15463194561016E-14  2.92663798078743E-09
 Calling cg2d from S/R CG2D_MAD
 cg2d: Sum(rhs),rhsMax =   1.95399252334028E-14  2.89487070568378E-09
 Calling cg2d from S/R CG2D_MAD
 cg2d: Sum(rhs),rhsMax =  -1.77635683940025E-14  2.84529128616578E-09
 Calling cg2d from S/R CG2D_MAD
 cg2d: Sum(rhs),rhsMax =   1.24344978758018E-14  2.77832530914989E-09
 Calling cg2d from S/R CG2D_MAD
 cg2d: Sum(rhs),rhsMax =  -8.52651282912120E-14  2.69450102149496E-09
 Calling cg2d from S/R CG2D_MAD
 cg2d: Sum(rhs),rhsMax =   2.13162820728030E-14  2.59444489498871E-09
 Calling cg2d from S/R CG2D_MAD
 cg2d: Sum(rhs),rhsMax =  -7.10542735760100E-15  2.47887820625476E-09
 Calling cg2d from S/R CG2D_MAD
 cg2d: Sum(rhs),rhsMax =   1.45661260830821E-13  2.34861195105482E-09
 Calling cg2d from S/R CG2D_MAD
 cg2d: Sum(rhs),rhsMax =  -1.42108547152020E-14  2.20454143282464E-09
 Calling cg2d from S/R CG2D_MAD
 cg2d: Sum(rhs),rhsMax =  -9.23705556488130E-14  2.08009226174986E-09
 Calling cg2d from S/R CG2D_MAD
 cg2d: Sum(rhs),rhsMax =   0.00000000000000E+00  2.21709406108100E-09
 Calling cg2d from S/R CG2D_MAD
 cg2d: Sum(rhs),rhsMax =   3.19744231092045E-14  2.34861995758177E-09
 Calling cg2d from S/R CG2D_MAD
 cg2d: Sum(rhs),rhsMax =  -2.84217094304040E-14  2.47418003031134E-09
 Calling cg2d from S/R CG2D_MAD
 cg2d: Sum(rhs),rhsMax =  -6.39488462184090E-14  2.59331212919973E-09
 Calling cg2d from S/R CG2D_MAD
 cg2d: Sum(rhs),rhsMax =   3.90798504668055E-14  2.70558630072831E-09
 Calling cg2d from S/R CG2D_MAD
 cg2d: Sum(rhs),rhsMax =   1.77635683940025E-14  2.81060889211827E-09
 Calling cg2d from S/R CG2D_MAD
 cg2d: Sum(rhs),rhsMax =  -3.55271367880050E-15  2.90802627281265E-09
 Calling cg2d from S/R CG2D_MAD
 cg2d: Sum(rhs),rhsMax =  -9.23705556488130E-14  2.99752808362380E-09
 Calling cg2d from S/R CG2D_MAD
 cg2d: Sum(rhs),rhsMax =  -1.06581410364015E-14  3.07884991941055E-09
 Calling cg2d from S/R CG2D_MAD
 cg2d: Sum(rhs),rhsMax =   2.48689957516035E-14  3.15177536858000E-09
 Calling cg2d from S/R CG2D_MAD
 cg2d: Sum(rhs),rhsMax =  -1.42108547152020E-14  3.21613735620039E-09
 Calling cg2d from S/R CG2D_MAD
 cg2d: Sum(rhs),rhsMax =   2.48689957516035E-14  3.27181877005169E-09
 Calling cg2d from S/R CG2D_MAD
 cg2d: Sum(rhs),rhsMax =   7.10542735760100E-14  3.31875232745997E-09
 Calling cg2d from S/R CG2D_MAD
 cg2d: Sum(rhs),rhsMax =   5.68434188608080E-14  3.35691967605095E-09
 Calling cg2d from S/R CG2D_MAD
 cg2d: Sum(rhs),rhsMax =   3.90798504668055E-14  3.38634979632580E-09
 Calling cg2d from S/R CG2D_MAD
 cg2d: Sum(rhs),rhsMax =  -2.13162820728030E-13  3.40711676581763E-09
 cg2d: Sum(rhs),rhsMax =   9.09494701772928E-13  1.94369797481884E+00
 cg2d: Sum(rhs),rhsMax =   5.82645043323282E-13  1.94341860406343E+00
 cg2d: Sum(rhs),rhsMax =   7.95807864051312E-13  1.94313877360991E+00
 cg2d: Sum(rhs),rhsMax =   7.53175299905706E-13  1.94285848529712E+00
 cg2d: Sum(rhs),rhsMax =   6.53699316899292E-13  1.94257774096040E+00
 cg2d: Sum(rhs),rhsMax =   7.38964445190504E-13  1.94229654243137E+00
 cg2d: Sum(rhs),rhsMax =   8.81072992342524E-13  1.94201489153768E+00
 cg2d: Sum(rhs),rhsMax =   7.24753590475302E-13  1.94173279010287E+00
 cg2d: Sum(rhs),rhsMax =   6.67910171614494E-13  1.94145023994629E+00
 cg2d: Sum(rhs),rhsMax =   8.81072992342524E-13  1.94116724288296E+00
 cg2d: Sum(rhs),rhsMax =   1.42108547152020E-14  1.94088380072361E+00
 cg2d: Sum(rhs),rhsMax =   8.95283847057726E-13  1.94059991527469E+00
 cg2d: Sum(rhs),rhsMax =   7.10542735760100E-13  1.94031558833834E+00
 cg2d: Sum(rhs),rhsMax =   4.97379915032070E-13  1.94003082171255E+00
 cg2d: Sum(rhs),rhsMax =   6.11066752753686E-13  1.93974561719131E+00
 cg2d: Sum(rhs),rhsMax =   5.96855898038484E-13  1.93945997656475E+00
 cg2d: Sum(rhs),rhsMax =   6.53699316899292E-13  1.93917390161931E+00
 cg2d: Sum(rhs),rhsMax =   7.53175299905706E-13  1.93888739413803E+00
 cg2d: Sum(rhs),rhsMax =   8.10018718766514E-13  1.93860045590081E+00
 cg2d: Sum(rhs),rhsMax =   4.12114786740858E-13  1.93831308868469E+00
 cg2d: Sum(rhs),rhsMax =   6.96331881044898E-13  1.93802529426420E+00
 cg2d: Sum(rhs),rhsMax =   5.25801624462474E-13  1.93773707441167E+00
 cg2d: Sum(rhs),rhsMax =   3.55271367880050E-13  1.93744843089765E+00
 cg2d: Sum(rhs),rhsMax =   5.40012479177676E-13  1.93715936549131E+00
 cg2d: Sum(rhs),rhsMax =   9.66338120633736E-13  1.93686987996079E+00
 cg2d: Sum(rhs),rhsMax =   5.54223333892878E-13  1.93657997607369E+00
 cg2d: Sum(rhs),rhsMax =   1.02318153949454E-12  1.93628965559743E+00
 cg2d: Sum(rhs),rhsMax =   5.96855898038484E-13  1.93599892029981E+00
 cg2d: Sum(rhs),rhsMax =  -4.26325641456060E-14  1.93570777194933E+00
 cg2d: Sum(rhs),rhsMax =   3.83693077310454E-13  1.93541621231575E+00
 cg2d: Sum(rhs),rhsMax =   7.95807864051312E-13  1.93512424317045E+00
 cg2d: Sum(rhs),rhsMax =   2.84217094304040E-13  1.93483186628695E+00
 cg2d: Sum(rhs),rhsMax =   4.54747350886464E-13  1.93453908344132E+00
 cg2d: Sum(rhs),rhsMax =   6.25277607468888E-13  1.93424589641266E+00
 cg2d: Sum(rhs),rhsMax =   7.10542735760100E-13  1.93395230698345E+00
 cg2d: Sum(rhs),rhsMax =   9.37916411203332E-13  1.93365831694005E+00
 cg2d: Sum(rhs),rhsMax =   1.05160324892495E-12  1.93336392807306E+00
 cg2d: Sum(rhs),rhsMax =   9.80548975348938E-13  1.93306914217767E+00
 cg2d: Sum(rhs),rhsMax =   7.38964445190504E-13  1.93277396105408E+00
 cg2d: Sum(rhs),rhsMax =   4.68958205601666E-13  1.93247838650781E+00
 cg2d: Sum(rhs),rhsMax =   7.95807864051312E-13  1.93218242035007E+00
 cg2d: Sum(rhs),rhsMax =   2.13162820728030E-13  1.93188606439799E+00
 cg2d: Sum(rhs),rhsMax =   7.24753590475302E-13  1.93158932047489E+00
 cg2d: Sum(rhs),rhsMax =   8.10018718766514E-13  1.93129219041061E+00
 cg2d: Sum(rhs),rhsMax =   1.10844666778576E-12  1.93099467604166E+00
 cg2d: Sum(rhs),rhsMax =   9.52127265918534E-13  1.93069677921139E+00
 cg2d: Sum(rhs),rhsMax =   3.83693077310454E-13  1.93039850177019E+00
 cg2d: Sum(rhs),rhsMax =   1.02318153949454E-12  1.93009984557559E+00
 cg2d: Sum(rhs),rhsMax =   5.82645043323282E-13  1.92980081249243E+00
 cg2d: Sum(rhs),rhsMax =   8.95283847057726E-13  1.92950140439279E+00
 cg2d: Sum(rhs),rhsMax =   7.10542735760100E-13  1.92920162315618E+00
 cg2d: Sum(rhs),rhsMax =   3.97903932025656E-13  1.92890147066939E+00
 cg2d: Sum(rhs),rhsMax =   7.67386154620908E-13  1.92860094882665E+00
 cg2d: Sum(rhs),rhsMax =   7.10542735760100E-13  1.92830005952937E+00
 cg2d: Sum(rhs),rhsMax =   1.56319401867222E-13  1.92799880468621E+00
 cg2d: Sum(rhs),rhsMax =   4.68958205601666E-13  1.92769718621293E+00
 cg2d: Sum(rhs),rhsMax =   7.38964445190504E-13  1.92739520603222E+00
 cg2d: Sum(rhs),rhsMax =   3.26849658449646E-13  1.92709286607353E+00
 cg2d: Sum(rhs),rhsMax =   5.96855898038484E-13  1.92687610072743E+00
 cg2d: Sum(rhs),rhsMax =   4.40536496171262E-13  1.92700113295450E+00
 cg2d: Sum(rhs),rhsMax =   8.38440428196918E-13  1.92712564430495E+00
 cg2d: Sum(rhs),rhsMax =   9.09494701772928E-13  1.92724963435591E+00
 cg2d: Sum(rhs),rhsMax =   7.24753590475302E-13  1.92737310268716E+00
 cg2d: Sum(rhs),rhsMax =   5.11590769747272E-13  1.92749604888053E+00
 cg2d: Sum(rhs),rhsMax =   8.81072992342524E-13  1.92761847251958E+00
 cg2d: Sum(rhs),rhsMax =   4.26325641456060E-13  1.92774037318898E+00
 cg2d: Sum(rhs),rhsMax =   4.83169060316868E-13  1.92786175047422E+00
 cg2d: Sum(rhs),rhsMax =   5.82645043323282E-13  1.92798260396111E+00
 cg2d: Sum(rhs),rhsMax =   4.40536496171262E-13  1.92810293323547E+00
 cg2d: Sum(rhs),rhsMax =   7.53175299905706E-13  1.92822273788274E+00
 cg2d: Sum(rhs),rhsMax =   2.98427949019242E-13  1.92834201748786E+00
 cg2d: Sum(rhs),rhsMax =   9.09494701772928E-13  1.92846077163464E+00
 Calling cg2d from S/R CG2D_MAD
 cg2d: Sum(rhs),rhsMax =   3.55271367880050E-14  3.41933689714185E-09
 Calling cg2d from S/R CG2D_MAD
 cg2d: Sum(rhs),rhsMax =  -4.97379915032070E-14  3.42316527996517E-09
 Calling cg2d from S/R CG2D_MAD
 cg2d: Sum(rhs),rhsMax =  -1.06581410364015E-14  3.41879182087876E-09
 Calling cg2d from S/R CG2D_MAD
 cg2d: Sum(rhs),rhsMax =  -1.42108547152020E-14  3.40643690961953E-09
 Calling cg2d from S/R CG2D_MAD
 cg2d: Sum(rhs),rhsMax =   2.48689957516035E-14  3.38634683065801E-09
 Calling cg2d from S/R CG2D_MAD
 cg2d: Sum(rhs),rhsMax =   0.00000000000000E+00  3.35878902179568E-09
 Calling cg2d from S/R CG2D_MAD
 cg2d: Sum(rhs),rhsMax =  -3.55271367880050E-15  3.32404727952194E-09
 Calling cg2d from S/R CG2D_MAD
 cg2d: Sum(rhs),rhsMax =   5.32907051820075E-14  3.28241701892060E-09
 Calling cg2d from S/R CG2D_MAD
 cg2d: Sum(rhs),rhsMax =  -1.06581410364015E-14  3.23420070058880E-09
 Calling cg2d from S/R CG2D_MAD
 cg2d: Sum(rhs),rhsMax =   7.81597009336110E-14  3.17970353314585E-09
 Calling cg2d from S/R CG2D_MAD
 cg2d: Sum(rhs),rhsMax =   1.77635683940025E-14  3.11922954972889E-09
 Calling cg2d from S/R CG2D_MAD
 cg2d: Sum(rhs),rhsMax =   8.17124146124115E-14  3.05307814378219E-09
 Calling cg2d from S/R CG2D_MAD
 cg2d: Sum(rhs),rhsMax =   1.06581410364015E-13  2.98154113505233E-09
 Calling cg2d from S/R CG2D_MAD
 cg2d: Sum(rhs),rhsMax =   5.68434188608080E-14  2.90490042121649E-09
 Calling cg2d from S/R CG2D_MAD
 cg2d: Sum(rhs),rhsMax =   8.52651282912120E-14  2.82342625392732E-09
 Calling cg2d from S/R CG2D_MAD
 cg2d: Sum(rhs),rhsMax =  -1.27897692436818E-13  2.73737616046872E-09
 Calling cg2d from S/R CG2D_MAD
 cg2d: Sum(rhs),rhsMax =  -6.75015598972095E-14  2.64699451416773E-09
 Calling cg2d from S/R CG2D_MAD
 cg2d: Sum(rhs),rhsMax =  -7.10542735760100E-14  2.55251273874183E-09
 Calling cg2d from S/R CG2D_MAD
 cg2d: Sum(rhs),rhsMax =   3.19744231092045E-14  2.45415011443788E-09
 Calling cg2d from S/R CG2D_MAD
 cg2d: Sum(rhs),rhsMax =   1.77635683940025E-14  2.35211513762848E-09
 Calling cg2d from S/R CG2D_MAD
 cg2d: Sum(rhs),rhsMax =   7.10542735760100E-15  2.24660737090262E-09
 Calling cg2d from S/R CG2D_MAD
 cg2d: Sum(rhs),rhsMax =  -4.61852778244065E-14  2.13781970802332E-09
 Calling cg2d from S/R CG2D_MAD
 cg2d: Sum(rhs),rhsMax =  -1.42108547152020E-14  2.02594096773183E-09
 Calling cg2d from S/R CG2D_MAD
 cg2d: Sum(rhs),rhsMax =  -3.55271367880050E-15  1.91115872250766E-09
 Calling cg2d from S/R CG2D_MAD
 cg2d: Sum(rhs),rhsMax =   9.94759830064140E-14  1.79366226325430E-09
 Calling cg2d from S/R CG2D_MAD
 cg2d: Sum(rhs),rhsMax =   8.70414851306123E-14  1.67364559853503E-09
 Calling cg2d from S/R CG2D_MAD
 cg2d: Sum(rhs),rhsMax =  -3.10862446895044E-14  1.57089338689254E-09
 Calling cg2d from S/R CG2D_MAD
 cg2d: Sum(rhs),rhsMax =  -1.50990331349021E-14  1.63425055891268E-09
 Calling cg2d from S/R CG2D_MAD
 cg2d: Sum(rhs),rhsMax =   3.39728245535298E-14  1.72358212554946E-09
 Calling cg2d from S/R CG2D_MAD
 cg2d: Sum(rhs),rhsMax =   1.28785870856518E-13  1.80092283953059E-09
 Calling cg2d from S/R CG2D_MAD
 cg2d: Sum(rhs),rhsMax =  -1.27897692436818E-13  1.86582234014823E-09
 Calling cg2d from S/R CG2D_MAD
 cg2d: Sum(rhs),rhsMax =  -3.55271367880050E-15  1.91792603534892E-09
 Calling cg2d from S/R CG2D_MAD
 cg2d: Sum(rhs),rhsMax =  -1.42108547152020E-14  1.95697736591640E-09
 Calling cg2d from S/R CG2D_MAD
 cg2d: Sum(rhs),rhsMax =   5.32907051820075E-14  1.98281910539485E-09
 Calling cg2d from S/R CG2D_MAD
 cg2d: Sum(rhs),rhsMax =  -8.17124146124115E-14  1.99539369504979E-09
 Calling cg2d from S/R CG2D_MAD
 cg2d: Sum(rhs),rhsMax =  -7.10542735760100E-15  1.99474262698155E-09
 Calling cg2d from S/R CG2D_MAD
 cg2d: Sum(rhs),rhsMax =   1.42108547152020E-14  1.98100490171216E-09
 Calling cg2d from S/R CG2D_MAD
 cg2d: Sum(rhs),rhsMax =  -5.68434188608080E-14  1.95441459890569E-09
 Calling cg2d from S/R CG2D_MAD
 cg2d: Sum(rhs),rhsMax =  -4.97379915032070E-14  1.91529761113590E-09
 Calling cg2d from S/R CG2D_MAD
 cg2d: Sum(rhs),rhsMax =  -4.97379915032070E-14  1.86406760058055E-09
 Calling cg2d from S/R CG2D_MAD
 cg2d: Sum(rhs),rhsMax =   7.10542735760100E-15  1.80122124704678E-09
 Calling cg2d from S/R CG2D_MAD
 cg2d: Sum(rhs),rhsMax =  -2.13162820728030E-14  1.72733286269355E-09
 Calling cg2d from S/R CG2D_MAD
 cg2d: Sum(rhs),rhsMax =  -1.42108547152020E-14  1.70123599923701E-09
 Calling cg2d from S/R CG2D_MAD
 cg2d: Sum(rhs),rhsMax =   8.52651282912120E-14  1.84624212713829E-09
 Calling cg2d from S/R CG2D_MAD
 cg2d: Sum(rhs),rhsMax =  -2.84217094304040E-14  1.98692344306760E-09
 Calling cg2d from S/R CG2D_MAD
 cg2d: Sum(rhs),rhsMax =   1.42108547152020E-14  2.12292401289124E-09
 Calling cg2d from S/R CG2D_MAD
 cg2d: Sum(rhs),rhsMax =   7.10542735760100E-15  2.25390422028540E-09
 Calling cg2d from S/R CG2D_MAD
 cg2d: Sum(rhs),rhsMax =   7.10542735760100E-14  2.37953985877274E-09
 Calling cg2d from S/R CG2D_MAD
 cg2d: Sum(rhs),rhsMax =   4.26325641456060E-14  2.49952133049078E-09
 Calling cg2d from S/R CG2D_MAD
 cg2d: Sum(rhs),rhsMax =   8.52651282912120E-14  2.61355300275272E-09
 Calling cg2d from S/R CG2D_MAD
 cg2d: Sum(rhs),rhsMax =  -1.42108547152020E-14  2.72135276442277E-09
 Calling cg2d from S/R CG2D_MAD
 cg2d: Sum(rhs),rhsMax =  -7.81597009336110E-14  2.82265181396288E-09
 Calling cg2d from S/R CG2D_MAD
 cg2d: Sum(rhs),rhsMax =   7.10542735760100E-15  2.91719470011250E-09
 Calling cg2d from S/R CG2D_MAD
 cg2d: Sum(rhs),rhsMax =   5.68434188608080E-14  3.00473962484114E-09
 Calling cg2d from S/R CG2D_MAD
 cg2d: Sum(rhs),rhsMax =  -2.84217094304040E-14  3.08505900687224E-09
 Calling cg2d from S/R CG2D_MAD
 cg2d: Sum(rhs),rhsMax =   7.10542735760100E-15  3.15794029303806E-09
 Calling cg2d from S/R CG2D_MAD
 cg2d: Sum(rhs),rhsMax =   7.10542735760100E-15  3.22318699437119E-09
 Calling cg2d from S/R CG2D_MAD
 cg2d: Sum(rhs),rhsMax =  -1.10134124042816E-13  3.28061991446492E-09
 Calling cg2d from S/R CG2D_MAD
 cg2d: Sum(rhs),rhsMax =   1.77635683940025E-14  3.33007852955988E-09
 Calling cg2d from S/R CG2D_MAD
 cg2d: Sum(rhs),rhsMax =   7.10542735760100E-14  3.37142247326312E-09
 Calling cg2d from S/R CG2D_MAD
 cg2d: Sum(rhs),rhsMax =  -3.55271367880050E-15  3.40453307400401E-09
 Calling cg2d from S/R CG2D_MAD
 cg2d: Sum(rhs),rhsMax =  -7.10542735760100E-15  3.42931489039791E-09
 Calling cg2d from S/R CG2D_MAD
 cg2d: Sum(rhs),rhsMax =  -3.55271367880050E-15  3.44569718872473E-09
 Calling cg2d from S/R CG2D_MAD
 cg2d: Sum(rhs),rhsMax =  -3.90798504668055E-14  3.45363530773800E-09
 Calling cg2d from S/R CG2D_MAD
 cg2d: Sum(rhs),rhsMax =   1.06581410364015E-14  3.45311185896036E-09
 Calling cg2d from S/R CG2D_MAD
 cg2d: Sum(rhs),rhsMax =  -8.88178419700125E-15  3.44413771537233E-09
 Calling cg2d from S/R CG2D_MAD
 cg2d: Sum(rhs),rhsMax =  -2.48689957516035E-14  3.42675274779463E-09
 Calling cg2d from S/R CG2D_MAD
 cg2d: Sum(rhs),rhsMax =   2.84217094304040E-14  3.40102627606462E-09
 Calling cg2d from S/R CG2D_MAD
 cg2d: Sum(rhs),rhsMax =  -4.08562073062058E-14  3.36705721102519E-09
 Calling cg2d from S/R CG2D_MAD
 cg2d: Sum(rhs),rhsMax =   0.00000000000000E+00  3.32497387309077E-09
 Calling cg2d from S/R CG2D_MAD
 cg2d: Sum(rhs),rhsMax =  -3.19744231092045E-14  3.27493348333475E-09
 Calling cg2d from S/R CG2D_MAD
 cg2d: Sum(rhs),rhsMax =  -8.03801469828613E-14  3.21712133335045E-09
 cg2d: Sum(rhs),rhsMax =   7.24753590475302E-13  1.96248966133242E+00
 cg2d: Sum(rhs),rhsMax =   1.08002495835535E-12  1.96224792095346E+00
 cg2d: Sum(rhs),rhsMax =   7.67386154620908E-13  1.96200560321962E+00
 cg2d: Sum(rhs),rhsMax =   1.00897068477934E-12  1.96176270961842E+00
 cg2d: Sum(rhs),rhsMax =   3.69482222595252E-13  1.96151924162961E+00
 cg2d: Sum(rhs),rhsMax =   1.13686837721616E-12  1.96127520072553E+00
 cg2d: Sum(rhs),rhsMax =   5.40012479177676E-13  1.96103058837147E+00
 cg2d: Sum(rhs),rhsMax =   5.25801624462474E-13  1.96078540602631E+00
 cg2d: Sum(rhs),rhsMax =   5.82645043323282E-13  1.96053965514300E+00
 cg2d: Sum(rhs),rhsMax =   3.41060513164848E-13  1.96029333716912E+00
 cg2d: Sum(rhs),rhsMax =   7.24753590475302E-13  1.96004645354762E+00
 cg2d: Sum(rhs),rhsMax =   7.10542735760100E-13  1.95979900571744E+00
 cg2d: Sum(rhs),rhsMax =   1.36424205265939E-12  1.95955099511424E+00
 cg2d: Sum(rhs),rhsMax =   8.52651282912120E-13  1.95930242317123E+00
 cg2d: Sum(rhs),rhsMax =   8.24229573481716E-13  1.95905329131984E+00
 cg2d: Sum(rhs),rhsMax =   6.53699316899292E-13  1.95880360099056E+00
 cg2d: Sum(rhs),rhsMax =   4.54747350886464E-13  1.95855335361380E+00
 cg2d: Sum(rhs),rhsMax =   3.69482222595252E-13  1.95830255062066E+00
 cg2d: Sum(rhs),rhsMax =   5.82645043323282E-13  1.95805119344379E+00
 cg2d: Sum(rhs),rhsMax =   7.10542735760100E-13  1.95779928351826E+00
 cg2d: Sum(rhs),rhsMax =   7.67386154620908E-13  1.95754682228241E+00
 cg2d: Sum(rhs),rhsMax =   3.41060513164848E-13  1.95729381117865E+00
 cg2d: Sum(rhs),rhsMax =   7.67386154620908E-13  1.95704025165433E+00
 cg2d: Sum(rhs),rhsMax =   4.40536496171262E-13  1.95678614516253E+00
 cg2d: Sum(rhs),rhsMax =   4.12114786740858E-13  1.95653149316289E+00
 cg2d: Sum(rhs),rhsMax =   6.25277607468888E-13  1.95627629712234E+00
 cg2d: Sum(rhs),rhsMax =   3.26849658449646E-13  1.95602055851583E+00
 cg2d: Sum(rhs),rhsMax =   3.26849658449646E-13  1.95576427882672E+00
 cg2d: Sum(rhs),rhsMax =   4.97379915032070E-13  1.95550745954742E+00
 cg2d: Sum(rhs),rhsMax =   4.40536496171262E-13  1.95525010218045E+00
 cg2d: Sum(rhs),rhsMax =   6.25277607468888E-13  1.95499220823937E+00
 cg2d: Sum(rhs),rhsMax =   9.09494701772928E-13  1.95473377924937E+00
 cg2d: Sum(rhs),rhsMax =   5.54223333892878E-13  1.95447481674723E+00
 cg2d: Sum(rhs),rhsMax =   7.38964445190504E-13  1.95421532228136E+00
 cg2d: Sum(rhs),rhsMax =   5.68434188608080E-13  1.95395529741213E+00
 cg2d: Sum(rhs),rhsMax =   1.20792265079217E-12  1.95369474371237E+00
 cg2d: Sum(rhs),rhsMax =   6.67910171614494E-13  1.95343366276768E+00
 cg2d: Sum(rhs),rhsMax =   4.54747350886464E-13  1.95317205617682E+00
 cg2d: Sum(rhs),rhsMax =   5.54223333892878E-13  1.95290992555179E+00
 cg2d: Sum(rhs),rhsMax =   7.10542735760100E-13  1.95264727251788E+00
 cg2d: Sum(rhs),rhsMax =   5.25801624462474E-13  1.95238409871382E+00
 cg2d: Sum(rhs),rhsMax =   9.94759830064140E-14  1.95212040579161E+00
 cg2d: Sum(rhs),rhsMax =   6.11066752753686E-13  1.95185619541651E+00
 cg2d: Sum(rhs),rhsMax =   3.41060513164848E-13  1.95159146926691E+00
 cg2d: Sum(rhs),rhsMax =   7.67386154620908E-13  1.95132622903414E+00
 cg2d: Sum(rhs),rhsMax =   9.94759830064140E-14  1.95106047642222E+00
 cg2d: Sum(rhs),rhsMax =   3.97903932025656E-13  1.95079421314756E+00
 cg2d: Sum(rhs),rhsMax =   8.24229573481716E-13  1.95052744093867E+00
 cg2d: Sum(rhs),rhsMax =   8.38440428196918E-13  1.95026016153578E+00
 cg2d: Sum(rhs),rhsMax =   6.25277607468888E-13  1.94999237669033E+00
 cg2d: Sum(rhs),rhsMax =   4.12114786740858E-13  1.94972408816461E+00
 cg2d: Sum(rhs),rhsMax =   6.25277607468888E-13  1.94945529773121E+00
 cg2d: Sum(rhs),rhsMax =   8.66862137627322E-13  1.94918600717248E+00
 cg2d: Sum(rhs),rhsMax =   7.38964445190504E-13  1.94891621827997E+00
 cg2d: Sum(rhs),rhsMax =   6.96331881044898E-13  1.94864593285385E+00
 cg2d: Sum(rhs),rhsMax =   4.83169060316868E-13  1.94837515270227E+00
 cg2d: Sum(rhs),rhsMax =   7.24753590475302E-13  1.94810387964077E+00
 cg2d: Sum(rhs),rhsMax =   6.53699316899292E-13  1.94783211549159E+00
 cg2d: Sum(rhs),rhsMax =   3.97903932025656E-13  1.94755986208303E+00
 cg2d: Sum(rhs),rhsMax =   6.11066752753686E-13  1.94728712124878E+00
 cg2d: Sum(rhs),rhsMax =   1.09423581307055E-12  1.94701389482735E+00
 cg2d: Sum(rhs),rhsMax =   1.23634436022257E-12  1.94674018466117E+00
 cg2d: Sum(rhs),rhsMax =   8.24229573481716E-13  1.94646599259623E+00
 cg2d: Sum(rhs),rhsMax =   5.68434188608080E-13  1.94619132048125E+00
 cg2d: Sum(rhs),rhsMax =   7.67386154620908E-13  1.94591617016705E+00
 cg2d: Sum(rhs),rhsMax =   4.97379915032070E-13  1.94564054350604E+00
 cg2d: Sum(rhs),rhsMax =   6.96331881044898E-13  1.94536444235150E+00
 cg2d: Sum(rhs),rhsMax =   1.10844666778576E-12  1.94508786855703E+00
 cg2d: Sum(rhs),rhsMax =   3.83693077310454E-13  1.94481082397608E+00
 cg2d: Sum(rhs),rhsMax =   1.42108547152020E-14  1.94453331046125E+00
 cg2d: Sum(rhs),rhsMax =   7.24753590475302E-13  1.94425532986402E+00
 cg2d: Sum(rhs),rhsMax =   6.96331881044898E-13  1.94397688403403E+00
 Calling cg2d from S/R CG2D_MAD
 cg2d: Sum(rhs),rhsMax =  -2.06501482580279E-14  3.15174965015161E-09
 Calling cg2d from S/R CG2D_MAD
 cg2d: Sum(rhs),rhsMax =  -6.35047570085590E-14  3.07905618178964E-09
 Calling cg2d from S/R CG2D_MAD
 cg2d: Sum(rhs),rhsMax =   3.01980662698043E-14  2.99930253780101E-09
 Calling cg2d from S/R CG2D_MAD
 cg2d: Sum(rhs),rhsMax =   5.24025267623074E-14  2.91277232579394E-09
 Calling cg2d from S/R CG2D_MAD
 cg2d: Sum(rhs),rhsMax =   8.70414851306123E-14  2.81976913116351E-09
 Calling cg2d from S/R CG2D_MAD
 cg2d: Sum(rhs),rhsMax =  -5.50670620214078E-14  2.72061439089438E-09
 Calling cg2d from S/R CG2D_MAD
 cg2d: Sum(rhs),rhsMax =  -4.44089209850063E-14  2.61564521455485E-09
 Calling cg2d from S/R CG2D_MAD
 cg2d: Sum(rhs),rhsMax =  -4.61852778244065E-14  2.50521220580247E-09
 Calling cg2d from S/R CG2D_MAD
 cg2d: Sum(rhs),rhsMax =   2.48689957516035E-14  2.38967733604880E-09
 Calling cg2d from S/R CG2D_MAD
 cg2d: Sum(rhs),rhsMax =   7.10542735760100E-14  2.26941191841187E-09
 Calling cg2d from S/R CG2D_MAD
 cg2d: Sum(rhs),rhsMax =   4.26325641456060E-14  2.14479472487825E-09
 Calling cg2d from S/R CG2D_MAD
 cg2d: Sum(rhs),rhsMax =   5.68434188608080E-14  2.01621028288590E-09
 Calling cg2d from S/R CG2D_MAD
 cg2d: Sum(rhs),rhsMax =   1.42108547152020E-14  1.88404737959547E-09
 Calling cg2d from S/R CG2D_MAD
 cg2d: Sum(rhs),rhsMax =   5.68434188608080E-14  1.74869779322238E-09
 Calling cg2d from S/R CG2D_MAD
 cg2d: Sum(rhs),rhsMax =  -1.06581410364015E-13  1.61055526129646E-09
 Calling cg2d from S/R CG2D_MAD
 cg2d: Sum(rhs),rhsMax =  -2.62900812231237E-13  1.51803085681713E-09
 Calling cg2d from S/R CG2D_MAD
 cg2d: Sum(rhs),rhsMax =   2.13162820728030E-14  1.53984348793575E-09
 Calling cg2d from S/R CG2D_MAD
 cg2d: Sum(rhs),rhsMax =   3.55271367880050E-14  1.55140905435076E-09
 Calling cg2d from S/R CG2D_MAD
 cg2d: Sum(rhs),rhsMax =  -9.23705556488130E-14  1.55264592603811E-09
 Calling cg2d from S/R CG2D_MAD
 cg2d: Sum(rhs),rhsMax =   0.00000000000000E+00  1.54354400117158E-09
 Calling cg2d from S/R CG2D_MAD
 cg2d: Sum(rhs),rhsMax =   9.23705556488130E-14  1.52416523137576E-09
 Calling cg2d from S/R CG2D_MAD
 cg2d: Sum(rhs),rhsMax =   7.10542735760100E-15  1.49464361534466E-09
 Calling cg2d from S/R CG2D_MAD
 cg2d: Sum(rhs),rhsMax =   4.97379915032070E-14  1.45518464061299E-09
 Calling cg2d from S/R CG2D_MAD
 cg2d: Sum(rhs),rhsMax =  -7.81597009336110E-14  1.40606415850431E-09
 Calling cg2d from S/R CG2D_MAD
 cg2d: Sum(rhs),rhsMax =  -7.10542735760100E-14  1.34762668337531E-09
 Calling cg2d from S/R CG2D_MAD
 cg2d: Sum(rhs),rhsMax =  -7.81597009336110E-14  1.28028311410867E-09
 Calling cg2d from S/R CG2D_MAD
 cg2d: Sum(rhs),rhsMax =  -6.39488462184090E-14  1.34192869705109E-09
 Calling cg2d from S/R CG2D_MAD
 cg2d: Sum(rhs),rhsMax =   1.70530256582424E-13  1.40537135039184E-09
 Calling cg2d from S/R CG2D_MAD
 cg2d: Sum(rhs),rhsMax =   2.62900812231237E-13  1.46060607498145E-09
 Calling cg2d from S/R CG2D_MAD
 cg2d: Sum(rhs),rhsMax =   3.55271367880050E-14  1.50726496381589E-09
 Calling cg2d from S/R CG2D_MAD
 cg2d: Sum(rhs),rhsMax =  -7.81597009336110E-14  1.54502895345257E-09
 Calling cg2d from S/R CG2D_MAD
 cg2d: Sum(rhs),rhsMax =   7.81597009336110E-14  1.57363086028030E-09
 Calling cg2d from S/R CG2D_MAD
 cg2d: Sum(rhs),rhsMax =   1.13686837721616E-13  1.59285817989289E-09
 Calling cg2d from S/R CG2D_MAD
 cg2d: Sum(rhs),rhsMax =  -1.06581410364015E-13  1.60255560234808E-09
 Calling cg2d from S/R CG2D_MAD
 cg2d: Sum(rhs),rhsMax =   0.00000000000000E+00  1.60262719597083E-09
 Calling cg2d from S/R CG2D_MAD
 cg2d: Sum(rhs),rhsMax =  -2.06057393370429E-13  1.64243553682144E-09
 Calling cg2d from S/R CG2D_MAD
 cg2d: Sum(rhs),rhsMax =   1.56319401867222E-13  1.72347244118655E-09
 Calling cg2d from S/R CG2D_MAD
 cg2d: Sum(rhs),rhsMax =   1.06581410364015E-13  1.80101417627643E-09
 Calling cg2d from S/R CG2D_MAD
 cg2d: Sum(rhs),rhsMax =  -3.55271367880050E-14  1.87490326088292E-09
 Calling cg2d from S/R CG2D_MAD
 cg2d: Sum(rhs),rhsMax =  -1.77635683940025E-14  1.94499632764583E-09
 Calling cg2d from S/R CG2D_MAD
 cg2d: Sum(rhs),rhsMax =   1.06581410364015E-13  2.01116295306079E-09
 Calling cg2d from S/R CG2D_MAD
 cg2d: Sum(rhs),rhsMax =   1.66977542903624E-13  2.07328441048497E-09
 Calling cg2d from S/R CG2D_MAD
 cg2d: Sum(rhs),rhsMax =   3.90798504668055E-14  2.13125239423894E-09
 Calling cg2d from S/R CG2D_MAD
 cg2d: Sum(rhs),rhsMax =  -3.19744231092045E-14  2.18496776152136E-09
 Calling cg2d from S/R CG2D_MAD
 cg2d: Sum(rhs),rhsMax =  -6.21724893790088E-14  2.23433933615399E-09
 Calling cg2d from S/R CG2D_MAD
 cg2d: Sum(rhs),rhsMax =   6.21724893790088E-14  2.27928281431028E-09
 Calling cg2d from S/R CG2D_MAD
 cg2d: Sum(rhs),rhsMax =   3.90798504668055E-14  2.31971980751384E-09
 Calling cg2d from S/R CG2D_MAD
 cg2d: Sum(rhs),rhsMax =  -5.95079541199084E-14  2.35557705250015E-09
 Calling cg2d from S/R CG2D_MAD
 cg2d: Sum(rhs),rhsMax =   6.48370246381091E-14  2.38678581111580E-09
 Calling cg2d from S/R CG2D_MAD
 cg2d: Sum(rhs),rhsMax =   3.10862446895044E-14  2.41532251395069E-09
 Calling cg2d from S/R CG2D_MAD
 cg2d: Sum(rhs),rhsMax =   6.75015598972095E-14  2.43370841197314E-09
 Calling cg2d from S/R CG2D_MAD
 cg2d: Sum(rhs),rhsMax =   3.44169137633799E-14  2.45104921059592E-09
 Calling cg2d from S/R CG2D_MAD
 cg2d: Sum(rhs),rhsMax =  -1.88737914186277E-15  2.46431202115643E-09
 Calling cg2d from S/R CG2D_MAD
 cg2d: Sum(rhs),rhsMax =   4.44089209850063E-14  2.47167928834613E-09
 Calling cg2d from S/R CG2D_MAD
 cg2d: Sum(rhs),rhsMax =  -2.93098878501041E-14  2.47368568124147E-09
 Calling cg2d from S/R CG2D_MAD
 cg2d: Sum(rhs),rhsMax =  -4.70734562441066E-14  2.47072138520228E-09
 Calling cg2d from S/R CG2D_MAD
 cg2d: Sum(rhs),rhsMax =  -2.22044604925031E-14  2.46278437162817E-09
 Calling cg2d from S/R CG2D_MAD
 cg2d: Sum(rhs),rhsMax =  -7.81597009336110E-14  2.44980727810946E-09
 Calling cg2d from S/R CG2D_MAD
 cg2d: Sum(rhs),rhsMax =  -2.66453525910038E-14  2.43175896099829E-09
 Calling cg2d from S/R CG2D_MAD
 cg2d: Sum(rhs),rhsMax =   1.20792265079217E-13  2.40863501338690E-09
 Calling cg2d from S/R CG2D_MAD
 cg2d: Sum(rhs),rhsMax =  -1.50990331349021E-13  2.38044597526582E-09
 Calling cg2d from S/R CG2D_MAD
 cg2d: Sum(rhs),rhsMax =   4.97379915032070E-14  2.34721549843667E-09
 Calling cg2d from S/R CG2D_MAD
 cg2d: Sum(rhs),rhsMax =  -1.77635683940025E-14  2.30898146980107E-09
 Calling cg2d from S/R CG2D_MAD
 cg2d: Sum(rhs),rhsMax =   6.03961325396085E-14  2.26579719401926E-09
 Calling cg2d from S/R CG2D_MAD
 cg2d: Sum(rhs),rhsMax =   7.10542735760100E-15  2.21773234962814E-09
 Calling cg2d from S/R CG2D_MAD
 cg2d: Sum(rhs),rhsMax =   1.42108547152020E-13  2.16487380004348E-09
 Calling cg2d from S/R CG2D_MAD
 cg2d: Sum(rhs),rhsMax =   3.19744231092045E-14  2.10732626474381E-09
 Calling cg2d from S/R CG2D_MAD
 cg2d: Sum(rhs),rhsMax =   3.90798504668055E-14  2.04521282601336E-09
 Calling cg2d from S/R CG2D_MAD
 cg2d: Sum(rhs),rhsMax =   9.59232693276135E-14  1.97867525240473E-09
 Calling cg2d from S/R CG2D_MAD
 cg2d: Sum(rhs),rhsMax =   7.10542735760100E-15  1.90787412830688E-09
 Calling cg2d from S/R CG2D_MAD
 cg2d: Sum(rhs),rhsMax =  -1.27897692436818E-13  1.83298878479554E-09
 Calling cg2d from S/R CG2D_MAD
 cg2d: Sum(rhs),rhsMax =   0.00000000000000E+00  1.75421703172860E-09
 cg2d: Sum(rhs),rhsMax =   5.25801624462474E-13  1.97827854679158E+00
 cg2d: Sum(rhs),rhsMax =   2.13162820728030E-13  1.97808227711866E+00
 cg2d: Sum(rhs),rhsMax =   3.97903932025656E-13  1.97788533210936E+00
 cg2d: Sum(rhs),rhsMax =   4.83169060316868E-13  1.97768771273827E+00
 cg2d: Sum(rhs),rhsMax =   5.68434188608080E-13  1.97748941997780E+00
 cg2d: Sum(rhs),rhsMax =   8.52651282912120E-13  1.97729045479931E+00
 cg2d: Sum(rhs),rhsMax =   5.25801624462474E-13  1.97709081817457E+00
 cg2d: Sum(rhs),rhsMax =   5.11590769747272E-13  1.97689051107700E+00
 cg2d: Sum(rhs),rhsMax =   7.24753590475302E-13  1.97668953448292E+00
 cg2d: Sum(rhs),rhsMax =   4.83169060316868E-13  1.97648788937311E+00
 cg2d: Sum(rhs),rhsMax =   4.26325641456060E-13  1.97628557673392E+00
 cg2d: Sum(rhs),rhsMax =   8.38440428196918E-13  1.97608259755867E+00
 cg2d: Sum(rhs),rhsMax =   7.38964445190504E-13  1.97587895284890E+00
 cg2d: Sum(rhs),rhsMax =   4.40536496171262E-13  1.97567464361575E+00
 cg2d: Sum(rhs),rhsMax =   5.40012479177676E-13  1.97546967088098E+00
 cg2d: Sum(rhs),rhsMax =   7.67386154620908E-13  1.97526403567837E+00
 cg2d: Sum(rhs),rhsMax =   4.83169060316868E-13  1.97505773905462E+00
 cg2d: Sum(rhs),rhsMax =   8.24229573481716E-13  1.97485078207062E+00
 cg2d: Sum(rhs),rhsMax =   4.40536496171262E-13  1.97464316580237E+00
 cg2d: Sum(rhs),rhsMax =   5.11590769747272E-13  1.97443489134190E+00
 cg2d: Sum(rhs),rhsMax =   7.38964445190504E-13  1.97422595979816E+00
 cg2d: Sum(rhs),rhsMax =   7.81597009336110E-13  1.97401637229787E+00
 cg2d: Sum(rhs),rhsMax =   5.40012479177676E-13  1.97380612998610E+00
 cg2d: Sum(rhs),rhsMax =   3.83693077310454E-13  1.97359523402704E+00
 cg2d: Sum(rhs),rhsMax =   6.82121026329696E-13  1.97338368560446E+00
 cg2d: Sum(rhs),rhsMax =   6.82121026329696E-13  1.97317148592217E+00
 cg2d: Sum(rhs),rhsMax =   4.40536496171262E-13  1.97295863620440E+00
 cg2d: Sum(rhs),rhsMax =   6.39488462184090E-13  1.97274513769602E+00
 cg2d: Sum(rhs),rhsMax =   4.97379915032070E-13  1.97253099166276E+00
 cg2d: Sum(rhs),rhsMax =   5.40012479177676E-13  1.97231619939129E+00
 cg2d: Sum(rhs),rhsMax =   9.94759830064140E-13  1.97210076218916E+00
 cg2d: Sum(rhs),rhsMax =   5.54223333892878E-13  1.97188468138468E+00
 cg2d: Sum(rhs),rhsMax =   5.40012479177676E-13  1.97166795832684E+00
 cg2d: Sum(rhs),rhsMax =   2.41584530158434E-13  1.97145059438484E+00
 cg2d: Sum(rhs),rhsMax =   2.13162820728030E-13  1.97123259094787E+00
 cg2d: Sum(rhs),rhsMax =   3.83693077310454E-13  1.97101394942454E+00
 cg2d: Sum(rhs),rhsMax =   7.38964445190504E-13  1.97079467124240E+00
 cg2d: Sum(rhs),rhsMax =   4.97379915032070E-13  1.97057475784731E+00
 cg2d: Sum(rhs),rhsMax =   5.68434188608080E-13  1.97035421070274E+00
 cg2d: Sum(rhs),rhsMax =   3.26849658449646E-13  1.97013303128896E+00
 cg2d: Sum(rhs),rhsMax =   9.52127265918534E-13  1.96991122110236E+00
 cg2d: Sum(rhs),rhsMax =   9.23705556488130E-13  1.96968878165438E+00
 cg2d: Sum(rhs),rhsMax =   9.94759830064140E-14  1.96946571447079E+00
 cg2d: Sum(rhs),rhsMax =   8.10018718766514E-13  1.96924202109055E+00
 cg2d: Sum(rhs),rhsMax =   5.40012479177676E-13  1.96901770306481E+00
 cg2d: Sum(rhs),rhsMax =   5.96855898038484E-13  1.96879276195601E+00
 cg2d: Sum(rhs),rhsMax =   6.82121026329696E-13  1.96856719933661E+00
 cg2d: Sum(rhs),rhsMax =   1.19371179607697E-12  1.96834101678808E+00
 cg2d: Sum(rhs),rhsMax =   4.12114786740858E-13  1.96811421589974E+00
 cg2d: Sum(rhs),rhsMax =   5.25801624462474E-13  1.96788679826769E+00
 cg2d: Sum(rhs),rhsMax =   8.24229573481716E-13  1.96765876549382E+00
 cg2d: Sum(rhs),rhsMax =   3.12638803734444E-13  1.96743011918473E+00
 cg2d: Sum(rhs),rhsMax =   4.40536496171262E-13  1.96720086095064E+00
 cg2d: Sum(rhs),rhsMax =   8.81072992342524E-13  1.96697099240417E+00
 cg2d: Sum(rhs),rhsMax =   6.67910171614494E-13  1.96674051515921E+00
 cg2d: Sum(rhs),rhsMax =   9.09494701772928E-13  1.96650943082984E+00
 cg2d: Sum(rhs),rhsMax =   6.53699316899292E-13  1.96627774102937E+00
 cg2d: Sum(rhs),rhsMax =   4.54747350886464E-13  1.96604544736946E+00
 cg2d: Sum(rhs),rhsMax =   6.39488462184090E-13  1.96581255145918E+00
 cg2d: Sum(rhs),rhsMax =   1.00897068477934E-12  1.96557905490431E+00
 cg2d: Sum(rhs),rhsMax =   6.53699316899292E-13  1.96534495930641E+00
 cg2d: Sum(rhs),rhsMax =   2.84217094304040E-13  1.96511026626221E+00
 cg2d: Sum(rhs),rhsMax =   5.96855898038484E-13  1.96487497736279E+00
 cg2d: Sum(rhs),rhsMax =   8.66862137627322E-13  1.96463909419305E+00
 cg2d: Sum(rhs),rhsMax =   1.15107923193136E-12  1.96440261833110E+00
 cg2d: Sum(rhs),rhsMax =   9.52127265918534E-13  1.96416555134775E+00
 cg2d: Sum(rhs),rhsMax =   2.55795384873636E-13  1.96392789480618E+00
 cg2d: Sum(rhs),rhsMax =   3.83693077310454E-13  1.96368965026149E+00
 cg2d: Sum(rhs),rhsMax =   3.83693077310454E-13  1.96345081926057E+00
 cg2d: Sum(rhs),rhsMax =   6.96331881044898E-13  1.96321140334176E+00
 cg2d: Sum(rhs),rhsMax =   5.11590769747272E-13  1.96297140403481E+00
 cg2d: Sum(rhs),rhsMax =   8.95283847057726E-13  1.96273082286086E+00
 Calling cg2d from S/R CG2D_MAD
 cg2d: Sum(rhs),rhsMax =   7.10542735760100E-14  1.67177469510988E-09
 Calling cg2d from S/R CG2D_MAD
 cg2d: Sum(rhs),rhsMax =  -1.27897692436818E-13  1.58589496673867E-09
 Calling cg2d from S/R CG2D_MAD
 cg2d: Sum(rhs),rhsMax =  -7.81597009336110E-14  1.49682757497267E-09
 Calling cg2d from S/R CG2D_MAD
 cg2d: Sum(rhs),rhsMax =  -1.27897692436818E-13  1.41525871024801E-09
 Calling cg2d from S/R CG2D_MAD
 cg2d: Sum(rhs),rhsMax =   8.52651282912120E-14  1.39302458602416E-09
 Calling cg2d from S/R CG2D_MAD
 cg2d: Sum(rhs),rhsMax =   2.84217094304040E-14  1.36238696816982E-09
 Calling cg2d from S/R CG2D_MAD
 cg2d: Sum(rhs),rhsMax =  -5.68434188608080E-14  1.36181228324447E-09
 Calling cg2d from S/R CG2D_MAD
 cg2d: Sum(rhs),rhsMax =   0.00000000000000E+00  1.36278210793691E-09
 Calling cg2d from S/R CG2D_MAD
 cg2d: Sum(rhs),rhsMax =  -1.42108547152020E-14  1.35535343902700E-09
 Calling cg2d from S/R CG2D_MAD
 cg2d: Sum(rhs),rhsMax =   7.81597009336110E-14  1.33964302534399E-09
 Calling cg2d from S/R CG2D_MAD
 cg2d: Sum(rhs),rhsMax =  -1.49213974509621E-13  1.31581941468047E-09
 Calling cg2d from S/R CG2D_MAD
 cg2d: Sum(rhs),rhsMax =  -1.06581410364015E-13  1.28410136397530E-09
 Calling cg2d from S/R CG2D_MAD
 cg2d: Sum(rhs),rhsMax =   8.52651282912120E-14  1.24475595637917E-09
 Calling cg2d from S/R CG2D_MAD
 cg2d: Sum(rhs),rhsMax =  -9.94759830064140E-14  1.19809643612917E-09
 Calling cg2d from S/R CG2D_MAD
 cg2d: Sum(rhs),rhsMax =   0.00000000000000E+00  1.14447977524774E-09
 Calling cg2d from S/R CG2D_MAD
 cg2d: Sum(rhs),rhsMax =   4.97379915032070E-14  1.08430398904554E-09
 Calling cg2d from S/R CG2D_MAD
 cg2d: Sum(rhs),rhsMax =  -3.55271367880050E-14  1.13478928662225E-09
 Calling cg2d from S/R CG2D_MAD
 cg2d: Sum(rhs),rhsMax =  -4.26325641456060E-14  1.23403906134981E-09
 Calling cg2d from S/R CG2D_MAD
 cg2d: Sum(rhs),rhsMax =   0.00000000000000E+00  1.33071178560780E-09
 Calling cg2d from S/R CG2D_MAD
 cg2d: Sum(rhs),rhsMax =  -5.68434188608080E-14  1.42455001329686E-09
 Calling cg2d from S/R CG2D_MAD
 cg2d: Sum(rhs),rhsMax =   7.10542735760100E-14  1.51530475357411E-09
 Calling cg2d from S/R CG2D_MAD
 cg2d: Sum(rhs),rhsMax =   5.32907051820075E-14  1.60273610374150E-09
 Calling cg2d from S/R CG2D_MAD
 cg2d: Sum(rhs),rhsMax =  -3.90798504668055E-14  1.68661386751289E-09
 Calling cg2d from S/R CG2D_MAD
 cg2d: Sum(rhs),rhsMax =  -3.55271367880050E-15  1.76671815617372E-09
 Calling cg2d from S/R CG2D_MAD
 cg2d: Sum(rhs),rhsMax =   2.13162820728030E-14  1.84283997004964E-09
 Calling cg2d from S/R CG2D_MAD
 cg2d: Sum(rhs),rhsMax =  -7.10542735760100E-15  1.91478175739794E-09
 Calling cg2d from S/R CG2D_MAD
 cg2d: Sum(rhs),rhsMax =  -7.63833440942108E-14  1.98235794750088E-09
 Calling cg2d from S/R CG2D_MAD
 cg2d: Sum(rhs),rhsMax =  -8.88178419700125E-15  2.04539545448926E-09
 Calling cg2d from S/R CG2D_MAD
 cg2d: Sum(rhs),rhsMax =   1.77635683940025E-14  2.10373414839261E-09
 Calling cg2d from S/R CG2D_MAD
 cg2d: Sum(rhs),rhsMax =   3.79696274421804E-14  2.15722729013862E-09
 Calling cg2d from S/R CG2D_MAD
 cg2d: Sum(rhs),rhsMax =  -1.33226762955019E-14  2.20574192740703E-09
 Calling cg2d from S/R CG2D_MAD
 cg2d: Sum(rhs),rhsMax =   9.32587340685131E-15  2.24915924925810E-09
 Calling cg2d from S/R CG2D_MAD
 cg2d: Sum(rhs),rhsMax =  -1.77635683940025E-14  2.28737489923021E-09
 Calling cg2d from S/R CG2D_MAD
 cg2d: Sum(rhs),rhsMax =  -4.26325641456060E-14  2.32029924681732E-09
 Calling cg2d from S/R CG2D_MAD
 cg2d: Sum(rhs),rhsMax =  -7.46069872548105E-14  2.34785761585931E-09
 Calling cg2d from S/R CG2D_MAD
 cg2d: Sum(rhs),rhsMax =   2.48689957516035E-14  2.36999046868971E-09
 Calling cg2d from S/R CG2D_MAD
 cg2d: Sum(rhs),rhsMax =  -3.55271367880050E-14  2.38665354792670E-09
 Calling cg2d from S/R CG2D_MAD
 cg2d: Sum(rhs),rhsMax =   4.97379915032070E-14  2.39781798036983E-09
 Calling cg2d from S/R CG2D_MAD
 cg2d: Sum(rhs),rhsMax =  -7.81597009336110E-14  2.40347034696759E-09
 Calling cg2d from S/R CG2D_MAD
 cg2d: Sum(rhs),rhsMax =  -1.42108547152020E-14  2.40361272052752E-09
 Calling cg2d from S/R CG2D_MAD
 cg2d: Sum(rhs),rhsMax =   4.97379915032070E-14  2.39826267155751E-09
 Calling cg2d from S/R CG2D_MAD
 cg2d: Sum(rhs),rhsMax =  -7.10542735760100E-14  2.38745324319736E-09
 Calling cg2d from S/R CG2D_MAD
 cg2d: Sum(rhs),rhsMax =  -4.61852778244065E-14  2.37123289738380E-09
 Calling cg2d from S/R CG2D_MAD
 cg2d: Sum(rhs),rhsMax =  -1.42108547152020E-14  2.34966543479632E-09
 Calling cg2d from S/R CG2D_MAD
 cg2d: Sum(rhs),rhsMax =   2.84217094304040E-14  2.32282989049482E-09
 Calling cg2d from S/R CG2D_MAD
 cg2d: Sum(rhs),rhsMax =  -3.19744231092045E-14  2.29082040602611E-09
 Calling cg2d from S/R CG2D_MAD
 cg2d: Sum(rhs),rhsMax =  -5.32907051820075E-14  2.25374607767175E-09
 Calling cg2d from S/R CG2D_MAD
 cg2d: Sum(rhs),rhsMax =  -7.10542735760100E-14  2.21173077962479E-09
 Calling cg2d from S/R CG2D_MAD
 cg2d: Sum(rhs),rhsMax =  -7.10542735760100E-15  2.16491296013274E-09
 Calling cg2d from S/R CG2D_MAD
 cg2d: Sum(rhs),rhsMax =  -5.68434188608080E-14  2.11344540791535E-09
 Calling cg2d from S/R CG2D_MAD
 cg2d: Sum(rhs),rhsMax =   3.55271367880050E-14  2.05749498544604E-09
 Calling cg2d from S/R CG2D_MAD
 cg2d: Sum(rhs),rhsMax =  -2.84217094304040E-14  1.99724232500807E-09
 Calling cg2d from S/R CG2D_MAD
 cg2d: Sum(rhs),rhsMax =   0.00000000000000E+00  1.93288148285853E-09
 Calling cg2d from S/R CG2D_MAD
 cg2d: Sum(rhs),rhsMax =   5.68434188608080E-14  1.86461954641343E-09
 Calling cg2d from S/R CG2D_MAD
 cg2d: Sum(rhs),rhsMax =   0.00000000000000E+00  1.79267618912375E-09
 Calling cg2d from S/R CG2D_MAD
 cg2d: Sum(rhs),rhsMax =  -5.68434188608080E-14  1.71728316766040E-09
 Calling cg2d from S/R CG2D_MAD
 cg2d: Sum(rhs),rhsMax =   5.68434188608080E-14  1.63868375618249E-09
 Calling cg2d from S/R CG2D_MAD
 cg2d: Sum(rhs),rhsMax =  -7.10542735760100E-15  1.55713211281166E-09
 Calling cg2d from S/R CG2D_MAD
 cg2d: Sum(rhs),rhsMax =   9.23705556488130E-14  1.47289257399120E-09
 Calling cg2d from S/R CG2D_MAD
 cg2d: Sum(rhs),rhsMax =   0.00000000000000E+00  1.38623887315910E-09
 Calling cg2d from S/R CG2D_MAD
 cg2d: Sum(rhs),rhsMax =  -1.27897692436818E-13  1.29745328109965E-09
 Calling cg2d from S/R CG2D_MAD
 cg2d: Sum(rhs),rhsMax =  -7.10542735760100E-14  1.20682566645418E-09
 Calling cg2d from S/R CG2D_MAD
 cg2d: Sum(rhs),rhsMax =  -4.97379915032070E-14  1.11465247613973E-09
 Calling cg2d from S/R CG2D_MAD
 cg2d: Sum(rhs),rhsMax =   1.06581410364015E-13  1.02123563682626E-09
 Calling cg2d from S/R CG2D_MAD
 cg2d: Sum(rhs),rhsMax =  -5.68434188608080E-14  1.03785947287268E-09
 Calling cg2d from S/R CG2D_MAD
 cg2d: Sum(rhs),rhsMax =   3.55271367880050E-14  1.05045476799222E-09
 Calling cg2d from S/R CG2D_MAD
 cg2d: Sum(rhs),rhsMax =  -1.27897692436818E-13  1.05695078026426E-09
 Calling cg2d from S/R CG2D_MAD
 cg2d: Sum(rhs),rhsMax =   2.13162820728030E-14  1.05731521443704E-09
 Calling cg2d from S/R CG2D_MAD
 cg2d: Sum(rhs),rhsMax =   7.10542735760100E-14  1.05155266200127E-09
 Calling cg2d from S/R CG2D_MAD
 cg2d: Sum(rhs),rhsMax =   2.16715534406831E-13  1.03970474633634E-09
 Calling cg2d from S/R CG2D_MAD
 cg2d: Sum(rhs),rhsMax =   1.31450406115619E-13  1.02185004163675E-09
 Calling cg2d from S/R CG2D_MAD
 cg2d: Sum(rhs),rhsMax =  -2.30926389122033E-13  9.98103760683653E-10
 cg2d: Sum(rhs),rhsMax =   1.05160324892495E-12  1.99056430090849E+00
 cg2d: Sum(rhs),rhsMax =   5.68434188608080E-13  1.99041947611577E+00
 cg2d: Sum(rhs),rhsMax =   2.55795384873636E-13  1.99027390732974E+00
 cg2d: Sum(rhs),rhsMax =   5.96855898038484E-13  1.99012759487094E+00
 cg2d: Sum(rhs),rhsMax =   3.26849658449646E-13  1.98998053907398E+00
 cg2d: Sum(rhs),rhsMax =   5.40012479177676E-13  1.98983274028953E+00
 cg2d: Sum(rhs),rhsMax =   8.81072992342524E-13  1.98968419888621E+00
 cg2d: Sum(rhs),rhsMax =   4.68958205601666E-13  1.98953491525243E+00
 cg2d: Sum(rhs),rhsMax =   3.97903932025656E-13  1.98938488979809E+00
 cg2d: Sum(rhs),rhsMax =   1.12265752250096E-12  1.98923412295613E+00
 cg2d: Sum(rhs),rhsMax =   4.97379915032070E-13  1.98908261518407E+00
 cg2d: Sum(rhs),rhsMax =   1.03739239420975E-12  1.98893036696536E+00
 cg2d: Sum(rhs),rhsMax =   3.97903932025656E-13  1.98877737881065E+00
 cg2d: Sum(rhs),rhsMax =   4.54747350886464E-13  1.98862365125883E+00
 cg2d: Sum(rhs),rhsMax =   7.95807864051312E-13  1.98846918487815E+00
 cg2d: Sum(rhs),rhsMax =   9.66338120633736E-13  1.98831398026689E+00
 cg2d: Sum(rhs),rhsMax =   9.23705556488130E-13  1.98815803805426E+00
 cg2d: Sum(rhs),rhsMax =   9.23705556488130E-13  1.98800135890080E+00
 cg2d: Sum(rhs),rhsMax =   2.27373675443232E-13  1.98784394349884E+00
 cg2d: Sum(rhs),rhsMax =   9.80548975348938E-13  1.98768579257287E+00
 cg2d: Sum(rhs),rhsMax =   4.40536496171262E-13  1.98752690687945E+00
 cg2d: Sum(rhs),rhsMax =   8.10018718766514E-13  1.98736728720735E+00
 cg2d: Sum(rhs),rhsMax =   2.27373675443232E-13  1.98720693437723E+00
 cg2d: Sum(rhs),rhsMax =   6.96331881044898E-13  1.98704584924140E+00
 cg2d: Sum(rhs),rhsMax =   7.67386154620908E-13  1.98688403268324E+00
 cg2d: Sum(rhs),rhsMax =   1.98951966012828E-13  1.98672148561659E+00
 cg2d: Sum(rhs),rhsMax =   5.40012479177676E-13  1.98655820898490E+00
 cg2d: Sum(rhs),rhsMax =   6.67910171614494E-13  1.98639420376027E+00
 cg2d: Sum(rhs),rhsMax =   4.40536496171262E-13  1.98622947094271E+00
 cg2d: Sum(rhs),rhsMax =   8.52651282912120E-13  1.98606401155908E+00
 cg2d: Sum(rhs),rhsMax =   4.54747350886464E-13  1.98589782666181E+00
 cg2d: Sum(rhs),rhsMax =   1.05160324892495E-12  1.98573091732729E+00
 cg2d: Sum(rhs),rhsMax =   2.98427949019242E-13  1.98556328465445E+00
 cg2d: Sum(rhs),rhsMax =   7.53175299905706E-13  1.98539492976335E+00
 cg2d: Sum(rhs),rhsMax =   7.81597009336110E-13  1.98522585379359E+00
 cg2d: Sum(rhs),rhsMax =   5.96855898038484E-13  1.98505605790274E+00
 cg2d: Sum(rhs),rhsMax =   5.82645043323282E-13  1.98488554326477E+00
 cg2d: Sum(rhs),rhsMax =   6.39488462184090E-13  1.98471431106829E+00
 cg2d: Sum(rhs),rhsMax =   4.68958205601666E-13  1.98454236251496E+00
 cg2d: Sum(rhs),rhsMax =   1.70530256582424E-13  1.98436969881764E+00
 cg2d: Sum(rhs),rhsMax =   9.23705556488130E-13  1.98419632119872E+00
 cg2d: Sum(rhs),rhsMax =   6.67910171614494E-13  1.98402223088842E+00
 cg2d: Sum(rhs),rhsMax =   2.27373675443232E-13  1.98384742912312E+00
 cg2d: Sum(rhs),rhsMax =   4.97379915032070E-13  1.98367191714351E+00
 cg2d: Sum(rhs),rhsMax =   7.10542735760100E-13  1.98349569619308E+00
 cg2d: Sum(rhs),rhsMax =   8.52651282912120E-13  1.98331876751651E+00
 cg2d: Sum(rhs),rhsMax =   8.81072992342524E-13  1.98314113235799E+00
 cg2d: Sum(rhs),rhsMax =   8.52651282912120E-13  1.98296279195984E+00
 cg2d: Sum(rhs),rhsMax =   1.02318153949454E-12  1.98278374756094E+00
 cg2d: Sum(rhs),rhsMax =   6.53699316899292E-13  1.98260400039550E+00
 cg2d: Sum(rhs),rhsMax =   4.68958205601666E-13  1.98242355169166E+00
 cg2d: Sum(rhs),rhsMax =   4.83169060316868E-13  1.98224240267025E+00
 cg2d: Sum(rhs),rhsMax =   7.38964445190504E-13  1.98206055454376E+00
 cg2d: Sum(rhs),rhsMax =   8.95283847057726E-13  1.98187800851551E+00
 cg2d: Sum(rhs),rhsMax =   7.67386154620908E-13  1.98169476577865E+00
 cg2d: Sum(rhs),rhsMax =   1.02318153949454E-12  1.98151082751545E+00
 cg2d: Sum(rhs),rhsMax =   5.40012479177676E-13  1.98132619489648E+00
 cg2d: Sum(rhs),rhsMax =   5.40012479177676E-13  1.98114086908013E+00
 cg2d: Sum(rhs),rhsMax =   6.53699316899292E-13  1.98095485121213E+00
 cg2d: Sum(rhs),rhsMax =   8.81072992342524E-13  1.98076814242527E+00
 cg2d: Sum(rhs),rhsMax =   5.11590769747272E-13  1.98058074383928E+00
 cg2d: Sum(rhs),rhsMax =   2.13162820728030E-13  1.98039265656073E+00
 cg2d: Sum(rhs),rhsMax =   4.97379915032070E-13  1.98020388168304E+00
 cg2d: Sum(rhs),rhsMax =   8.52651282912120E-13  1.98001442028673E+00
 cg2d: Sum(rhs),rhsMax =   7.38964445190504E-13  1.97982427343966E+00
 cg2d: Sum(rhs),rhsMax =   7.53175299905706E-13  1.97963344219734E+00
 cg2d: Sum(rhs),rhsMax =   3.55271367880050E-13  1.97944192760356E+00
 cg2d: Sum(rhs),rhsMax =   3.97903932025656E-13  1.97924973069082E+00
 cg2d: Sum(rhs),rhsMax =   7.53175299905706E-13  1.97905685248117E+00
 cg2d: Sum(rhs),rhsMax =   7.53175299905706E-13  1.97886329398688E+00
 cg2d: Sum(rhs),rhsMax =   6.11066752753686E-13  1.97866905621136E+00
 cg2d: Sum(rhs),rhsMax =   6.53699316899292E-13  1.97847414015006E+00
 Calling cg2d from S/R CG2D_MAD
 cg2d: Sum(rhs),rhsMax =  -3.55271367880050E-14  9.76787052253208E-10
 Calling cg2d from S/R CG2D_MAD
 cg2d: Sum(rhs),rhsMax =   2.30926389122033E-13  9.52997621722680E-10
 Calling cg2d from S/R CG2D_MAD
 cg2d: Sum(rhs),rhsMax =   1.59872115546023E-14  9.23953296336565E-10
 Calling cg2d from S/R CG2D_MAD
 cg2d: Sum(rhs),rhsMax =   7.10542735760100E-15  8.89837706971168E-10
 Calling cg2d from S/R CG2D_MAD
 cg2d: Sum(rhs),rhsMax =  -3.81916720471054E-14  8.50863385100132E-10
 Calling cg2d from S/R CG2D_MAD
 cg2d: Sum(rhs),rhsMax =  -4.56301663120939E-14  8.23128128956032E-10
 Calling cg2d from S/R CG2D_MAD
 cg2d: Sum(rhs),rhsMax =  -1.89182003396127E-13  8.20209119641721E-10
 Calling cg2d from S/R CG2D_MAD
 cg2d: Sum(rhs),rhsMax =  -9.76996261670138E-14  8.26563437419385E-10
 Calling cg2d from S/R CG2D_MAD
 cg2d: Sum(rhs),rhsMax =  -8.17124146124115E-14  8.48870645280475E-10
 Calling cg2d from S/R CG2D_MAD
 cg2d: Sum(rhs),rhsMax =  -2.30926389122033E-14  8.66079976561879E-10
 Calling cg2d from S/R CG2D_MAD
 cg2d: Sum(rhs),rhsMax =  -4.61852778244065E-14  9.18905516210505E-10
 Calling cg2d from S/R CG2D_MAD
 cg2d: Sum(rhs),rhsMax =  -3.55271367880050E-14  1.00115365089788E-09
 Calling cg2d from S/R CG2D_MAD
 cg2d: Sum(rhs),rhsMax =  -1.17239551400417E-13  1.08181659275126E-09
 Calling cg2d from S/R CG2D_MAD
 cg2d: Sum(rhs),rhsMax =   2.84217094304040E-14  1.16066335044772E-09
 Calling cg2d from S/R CG2D_MAD
 cg2d: Sum(rhs),rhsMax =   2.84217094304040E-14  1.23746599545271E-09
 Calling cg2d from S/R CG2D_MAD
 cg2d: Sum(rhs),rhsMax =   9.59232693276135E-14  1.31200053355050E-09
 Calling cg2d from S/R CG2D_MAD
 cg2d: Sum(rhs),rhsMax =  -6.03961325396085E-14  1.38404785529667E-09
 Calling cg2d from S/R CG2D_MAD
 cg2d: Sum(rhs),rhsMax =   9.94759830064140E-14  1.45339464791951E-09
 Calling cg2d from S/R CG2D_MAD
 cg2d: Sum(rhs),rhsMax =   2.48689957516035E-14  1.51983421738084E-09
 Calling cg2d from S/R CG2D_MAD
 cg2d: Sum(rhs),rhsMax =  -6.75015598972095E-14  1.58316724144328E-09
 Calling cg2d from S/R CG2D_MAD
 cg2d: Sum(rhs),rhsMax =   0.00000000000000E+00  1.64320250468998E-09
 Calling cg2d from S/R CG2D_MAD
 cg2d: Sum(rhs),rhsMax =  -1.49213974509621E-13  1.69975765112652E-09
 Calling cg2d from S/R CG2D_MAD
 cg2d: Sum(rhs),rhsMax =   6.75015598972095E-14  1.75265995780577E-09
 Calling cg2d from S/R CG2D_MAD
 cg2d: Sum(rhs),rhsMax =   5.32907051820075E-14  1.80174711098468E-09
 Calling cg2d from S/R CG2D_MAD
 cg2d: Sum(rhs),rhsMax =  -1.77635683940025E-14  1.84686796226491E-09
 Calling cg2d from S/R CG2D_MAD
 cg2d: Sum(rhs),rhsMax =   7.10542735760100E-14  1.88788332234566E-09
 Calling cg2d from S/R CG2D_MAD
 cg2d: Sum(rhs),rhsMax =   0.00000000000000E+00  1.92466664826742E-09
 Calling cg2d from S/R CG2D_MAD
 cg2d: Sum(rhs),rhsMax =   4.61852778244065E-14  1.95710443424916E-09
 Calling cg2d from S/R CG2D_MAD
 cg2d: Sum(rhs),rhsMax =  -6.75015598972095E-14  1.98509657728846E-09
 Calling cg2d from S/R CG2D_MAD
 cg2d: Sum(rhs),rhsMax =  -3.19744231092045E-14  2.00855711931400E-09
 Calling cg2d from S/R CG2D_MAD
 cg2d: Sum(rhs),rhsMax =  -5.32907051820075E-14  2.02741519785243E-09
 Calling cg2d from S/R CG2D_MAD
 cg2d: Sum(rhs),rhsMax =   3.55271367880050E-14  2.04161565011817E-09
 Calling cg2d from S/R CG2D_MAD
 cg2d: Sum(rhs),rhsMax =  -5.32907051820075E-14  2.05111906660893E-09
 Calling cg2d from S/R CG2D_MAD
 cg2d: Sum(rhs),rhsMax =   5.68434188608080E-14  2.05590162151093E-09
 Calling cg2d from S/R CG2D_MAD
 cg2d: Sum(rhs),rhsMax =   0.00000000000000E+00  2.05595507283050E-09
 Calling cg2d from S/R CG2D_MAD
 cg2d: Sum(rhs),rhsMax =   3.19744231092045E-14  2.05128700455502E-09
 Calling cg2d from S/R CG2D_MAD
 cg2d: Sum(rhs),rhsMax =  -6.75015598972095E-14  2.04192112054555E-09
 Calling cg2d from S/R CG2D_MAD
 cg2d: Sum(rhs),rhsMax =   0.00000000000000E+00  2.02789739638471E-09
 Calling cg2d from S/R CG2D_MAD
 cg2d: Sum(rhs),rhsMax =  -5.32907051820075E-14  2.00927203251496E-09
 Calling cg2d from S/R CG2D_MAD
 cg2d: Sum(rhs),rhsMax =   2.84217094304040E-14  1.98611725696110E-09
 Calling cg2d from S/R CG2D_MAD
 cg2d: Sum(rhs),rhsMax =   6.39488462184090E-14  1.95852104339954E-09
 Calling cg2d from S/R CG2D_MAD
 cg2d: Sum(rhs),rhsMax =  -1.06581410364015E-14  1.92658677899610E-09
 Calling cg2d from S/R CG2D_MAD
 cg2d: Sum(rhs),rhsMax =  -4.97379915032070E-14  1.89043288499919E-09
 Calling cg2d from S/R CG2D_MAD
 cg2d: Sum(rhs),rhsMax =   3.90798504668055E-14  1.85019238019293E-09
 Calling cg2d from S/R CG2D_MAD
 cg2d: Sum(rhs),rhsMax =   3.55271367880050E-15  1.80601237834776E-09
 Calling cg2d from S/R CG2D_MAD
 cg2d: Sum(rhs),rhsMax =   6.39488462184090E-14  1.75805351605134E-09
 Calling cg2d from S/R CG2D_MAD
 cg2d: Sum(rhs),rhsMax =   6.75015598972095E-14  1.70648931129279E-09
 Calling cg2d from S/R CG2D_MAD
 cg2d: Sum(rhs),rhsMax =  -2.48689957516035E-14  1.65150545491599E-09
 Calling cg2d from S/R CG2D_MAD
 cg2d: Sum(rhs),rhsMax =  -2.84217094304040E-14  1.59329903743259E-09
 Calling cg2d from S/R CG2D_MAD
 cg2d: Sum(rhs),rhsMax =  -7.10542735760100E-14  1.53207771363097E-09
 Calling cg2d from S/R CG2D_MAD
 cg2d: Sum(rhs),rhsMax =  -8.88178419700125E-14  1.46806296877054E-09
 Calling cg2d from S/R CG2D_MAD
 cg2d: Sum(rhs),rhsMax =  -5.32907051820075E-15  1.40148039516516E-09
 Calling cg2d from S/R CG2D_MAD
 cg2d: Sum(rhs),rhsMax =   1.95399252334028E-14  1.33255499434715E-09
 Calling cg2d from S/R CG2D_MAD
 cg2d: Sum(rhs),rhsMax =   9.59232693276135E-14  1.26152210693015E-09
 Calling cg2d from S/R CG2D_MAD
 cg2d: Sum(rhs),rhsMax =   7.99360577730113E-14  1.18863313263050E-09
 Calling cg2d from S/R CG2D_MAD
 cg2d: Sum(rhs),rhsMax =   1.68753899743024E-14  1.11414698852181E-09
 Calling cg2d from S/R CG2D_MAD
 cg2d: Sum(rhs),rhsMax =   1.15463194561016E-13  1.03832043720349E-09
 Calling cg2d from S/R CG2D_MAD
 cg2d: Sum(rhs),rhsMax =  -3.12250225675825E-15  9.61406628333587E-10
 Calling cg2d from S/R CG2D_MAD
 cg2d: Sum(rhs),rhsMax =   1.49213974509621E-13  8.83658258518007E-10
 Calling cg2d from S/R CG2D_MAD
 cg2d: Sum(rhs),rhsMax =   1.22568621918617E-13  8.05329285450676E-10
 Calling cg2d from S/R CG2D_MAD
 cg2d: Sum(rhs),rhsMax =  -1.19015908239817E-13  7.28472649580548E-10
 Calling cg2d from S/R CG2D_MAD
 cg2d: Sum(rhs),rhsMax =  -1.42108547152020E-14  7.45174565344488E-10
 Calling cg2d from S/R CG2D_MAD
 cg2d: Sum(rhs),rhsMax =   1.91846538655227E-13  7.70499418733349E-10
 Calling cg2d from S/R CG2D_MAD
 cg2d: Sum(rhs),rhsMax =   1.59872115546023E-13  7.90885617350570E-10
 Calling cg2d from S/R CG2D_MAD
 cg2d: Sum(rhs),rhsMax =  -1.49213974509621E-13  8.06255491509276E-10
 Calling cg2d from S/R CG2D_MAD
 cg2d: Sum(rhs),rhsMax =  -1.13686837721616E-13  8.16564611823776E-10
 Calling cg2d from S/R CG2D_MAD
 cg2d: Sum(rhs),rhsMax =  -6.39488462184090E-14  8.21801918969403E-10
 Calling cg2d from S/R CG2D_MAD
 cg2d: Sum(rhs),rhsMax =   3.55271367880050E-14  8.21989568315515E-10
 Calling cg2d from S/R CG2D_MAD
 cg2d: Sum(rhs),rhsMax =   7.10542735760100E-14  8.17182478901494E-10
 Calling cg2d from S/R CG2D_MAD
 cg2d: Sum(rhs),rhsMax =  -2.84217094304040E-14  8.07467615789781E-10
 Calling cg2d from S/R CG2D_MAD
 cg2d: Sum(rhs),rhsMax =  -2.84217094304040E-14  7.92963041111597E-10
 Calling cg2d from S/R CG2D_MAD
 cg2d: Sum(rhs),rhsMax =   1.77635683940025E-13  7.73816759879580E-10
(PID.TID 0000.0001) SOLVE_FOR_PRESSURE: putPmEinXvector =    F
 cg2d: Sum(rhs),rhsMax =   8.52651282912120E-13  1.99900718163814E+00
 cg2d: Sum(rhs),rhsMax =   7.81597009336110E-13  1.99891722427463E+00
 cg2d: Sum(rhs),rhsMax =   1.50635059981141E-12  1.99882649286104E+00
 cg2d: Sum(rhs),rhsMax =   5.82645043323282E-13  1.99873498159962E+00
 cg2d: Sum(rhs),rhsMax =   9.37916411203332E-13  1.99864269010628E+00
 cg2d: Sum(rhs),rhsMax =   3.26849658449646E-13  1.99854961876264E+00
 cg2d: Sum(rhs),rhsMax =   4.54747350886464E-13  1.99845576788955E+00
 cg2d: Sum(rhs),rhsMax =   5.25801624462474E-13  1.99836113784468E+00
 cg2d: Sum(rhs),rhsMax =   3.41060513164848E-13  1.99826572897853E+00
 cg2d: Sum(rhs),rhsMax =   9.37916411203332E-13  1.99816954154800E+00
 cg2d: Sum(rhs),rhsMax =   3.69482222595252E-13  1.99807257570752E+00
 cg2d: Sum(rhs),rhsMax =   9.37916411203332E-13  1.99797483157076E+00
 cg2d: Sum(rhs),rhsMax =   4.97379915032070E-13  1.99787630928802E+00
 cg2d: Sum(rhs),rhsMax =   8.52651282912120E-13  1.99777700909586E+00
 cg2d: Sum(rhs),rhsMax =   8.24229573481716E-13  1.99767693132623E+00
 cg2d: Sum(rhs),rhsMax =   5.68434188608080E-13  1.99757607638737E+00
 cg2d: Sum(rhs),rhsMax =   7.10542735760100E-13  1.99747444473723E+00
 cg2d: Sum(rhs),rhsMax =   8.81072992342524E-13  1.99737203686449E+00
 cg2d: Sum(rhs),rhsMax =   6.25277607468888E-13  1.99726885328106E+00
 cg2d: Sum(rhs),rhsMax =   7.81597009336110E-13  1.99716489452377E+00
 cg2d: Sum(rhs),rhsMax =   3.12638803734444E-13  1.99706016115903E+00
 cg2d: Sum(rhs),rhsMax =   3.83693077310454E-13  1.99695465378713E+00
 cg2d: Sum(rhs),rhsMax =   5.68434188608080E-13  1.99684837304370E+00
 cg2d: Sum(rhs),rhsMax =   4.26325641456060E-13  1.99674131959909E+00
 cg2d: Sum(rhs),rhsMax =   3.83693077310454E-13  1.99663349415570E+00
 cg2d: Sum(rhs),rhsMax =   5.40012479177676E-13  1.99652489744398E+00
 cg2d: Sum(rhs),rhsMax =   5.68434188608080E-13  1.99641553021776E+00
 cg2d: Sum(rhs),rhsMax =   7.67386154620908E-13  1.99630539324887E+00
 cg2d: Sum(rhs),rhsMax =   1.26476606965298E-12  1.99619448732192E+00
 cg2d: Sum(rhs),rhsMax =   3.26849658449646E-13  1.99608281322969E+00
 cg2d: Sum(rhs),rhsMax =  -2.41584530158434E-13  1.99597037176933E+00
 cg2d: Sum(rhs),rhsMax =   6.82121026329696E-13  1.99585716374004E+00
 cg2d: Sum(rhs),rhsMax =   7.38964445190504E-13  1.99574318994199E+00
 cg2d: Sum(rhs),rhsMax =   4.83169060316868E-13  1.99562845117595E+00
 cg2d: Sum(rhs),rhsMax =   8.52651282912120E-13  1.99551294824340E+00
 cg2d: Sum(rhs),rhsMax =   5.54223333892878E-13  1.99539668194636E+00
 cg2d: Sum(rhs),rhsMax =   7.81597009336110E-13  1.99527965308675E+00
 cg2d: Sum(rhs),rhsMax =   8.66862137627322E-13  1.99516186246490E+00
 cg2d: Sum(rhs),rhsMax =   6.39488462184090E-13  1.99504331087728E+00
 cg2d: Sum(rhs),rhsMax =   7.10542735760100E-14  1.99492399911349E+00
 cg2d: Sum(rhs),rhsMax =   1.70530256582424E-13  1.99480392795287E+00
 cg2d: Sum(rhs),rhsMax =   7.38964445190504E-13  1.99468309816143E+00
 cg2d: Sum(rhs),rhsMax =   9.80548975348938E-13  1.99456151048905E+00
 cg2d: Sum(rhs),rhsMax =   8.52651282912120E-13  1.99443916566721E+00
 cg2d: Sum(rhs),rhsMax =   1.12265752250096E-12  1.99431606440727E+00
 cg2d: Sum(rhs),rhsMax =   6.11066752753686E-13  1.99419220739920E+00
 cg2d: Sum(rhs),rhsMax =   6.82121026329696E-13  1.99406759531059E+00
 cg2d: Sum(rhs),rhsMax =   4.40536496171262E-13  1.99394222878600E+00
 cg2d: Sum(rhs),rhsMax =   5.11590769747272E-13  1.99381610844648E+00
 cg2d: Sum(rhs),rhsMax =   6.25277607468888E-13  1.99368923488917E+00
 cg2d: Sum(rhs),rhsMax =   1.06581410364015E-12  1.99356160868705E+00
 cg2d: Sum(rhs),rhsMax =   6.53699316899292E-13  1.99343323038886E+00
 cg2d: Sum(rhs),rhsMax =   5.11590769747272E-13  1.99330410051913E+00
 cg2d: Sum(rhs),rhsMax =   8.10018718766514E-13  1.99317421957839E+00
 cg2d: Sum(rhs),rhsMax =   7.38964445190504E-13  1.99304358804364E+00
 cg2d: Sum(rhs),rhsMax =   1.06581410364015E-12  1.99291220636902E+00
 cg2d: Sum(rhs),rhsMax =   4.97379915032070E-13  1.99278007498672E+00
 cg2d: Sum(rhs),rhsMax =   7.95807864051312E-13  1.99264719430797E+00
 cg2d: Sum(rhs),rhsMax =   7.24753590475302E-13  1.99251356472431E+00
 cg2d: Sum(rhs),rhsMax =   5.40012479177676E-13  1.99237918660897E+00
 cg2d: Sum(rhs),rhsMax =   5.96855898038484E-13  1.99224406031819E+00
 cg2d: Sum(rhs),rhsMax =   1.00897068477934E-12  1.99210818619292E+00
 cg2d: Sum(rhs),rhsMax =   7.95807864051312E-13  1.99197156456023E+00
 cg2d: Sum(rhs),rhsMax =   8.10018718766514E-13  1.99183419573504E+00
 cg2d: Sum(rhs),rhsMax =   4.54747350886464E-13  1.99169608002185E+00
 cg2d: Sum(rhs),rhsMax =   4.83169060316868E-13  1.99155721771640E+00
 cg2d: Sum(rhs),rhsMax =   6.96331881044898E-13  1.99141760910769E+00
 cg2d: Sum(rhs),rhsMax =   2.41584530158434E-13  1.99127725447975E+00
 cg2d: Sum(rhs),rhsMax =   6.39488462184090E-13  1.99113615411376E+00
 cg2d: Sum(rhs),rhsMax =   7.10542735760100E-13  1.99099430829005E+00
 cg2d: Sum(rhs),rhsMax =   8.24229573481716E-13  1.99085171729027E+00
 cg2d: Sum(rhs),rhsMax =   3.26849658449646E-13  1.99070838139951E+00
 Calling cg2d from S/R CG2D_MAD
 cg2d: Sum(rhs),rhsMax =   3.55271367880050E-14  7.84085768581128E-10
 Calling cg2d from S/R CG2D_MAD
 cg2d: Sum(rhs),rhsMax =  -6.39488462184090E-14  8.35123352629690E-10
 Calling cg2d from S/R CG2D_MAD
 cg2d: Sum(rhs),rhsMax =   6.39488462184090E-14  8.84651422668008E-10
 Calling cg2d from S/R CG2D_MAD
 cg2d: Sum(rhs),rhsMax =  -7.10542735760100E-15  9.32553410996380E-10
 Calling cg2d from S/R CG2D_MAD
 cg2d: Sum(rhs),rhsMax =  -2.84217094304040E-14  9.78716122457689E-10
 Calling cg2d from S/R CG2D_MAD
 cg2d: Sum(rhs),rhsMax =   7.10542735760100E-15  1.02303011081280E-09
 Calling cg2d from S/R CG2D_MAD
 cg2d: Sum(rhs),rhsMax =  -9.23705556488130E-14  1.06539007657591E-09
 Calling cg2d from S/R CG2D_MAD
 cg2d: Sum(rhs),rhsMax =  -3.55271367880050E-14  1.10569528348597E-09
 Calling cg2d from S/R CG2D_MAD
 cg2d: Sum(rhs),rhsMax =  -3.55271367880050E-14  1.14384999001899E-09
 Calling cg2d from S/R CG2D_MAD
 cg2d: Sum(rhs),rhsMax =   7.10542735760100E-14  1.17976389179475E-09
 Calling cg2d from S/R CG2D_MAD
 cg2d: Sum(rhs),rhsMax =   4.97379915032070E-14  1.21335257034629E-09
 Calling cg2d from S/R CG2D_MAD
 cg2d: Sum(rhs),rhsMax =  -3.55271367880050E-14  1.24453794343451E-09
 Calling cg2d from S/R CG2D_MAD
 cg2d: Sum(rhs),rhsMax =  -2.13162820728030E-14  1.27324871180166E-09
 Calling cg2d from S/R CG2D_MAD
 cg2d: Sum(rhs),rhsMax =  -2.84217094304040E-14  1.29942079691859E-09
 Calling cg2d from S/R CG2D_MAD
 cg2d: Sum(rhs),rhsMax =  -1.42108547152020E-14  1.32299776387458E-09
 Calling cg2d from S/R CG2D_MAD
 cg2d: Sum(rhs),rhsMax =  -2.84217094304040E-14  1.34393122313984E-09
 Calling cg2d from S/R CG2D_MAD
 cg2d: Sum(rhs),rhsMax =   0.00000000000000E+00  1.36218120457239E-09
 Calling cg2d from S/R CG2D_MAD
 cg2d: Sum(rhs),rhsMax =  -3.55271367880050E-14  1.37771649684420E-09
 Calling cg2d from S/R CG2D_MAD
 cg2d: Sum(rhs),rhsMax =   7.81597009336110E-14  1.39051494548218E-09
 Calling cg2d from S/R CG2D_MAD
 cg2d: Sum(rhs),rhsMax =  -2.84217094304040E-14  1.40056370300025E-09
 Calling cg2d from S/R CG2D_MAD
 cg2d: Sum(rhs),rhsMax =   3.55271367880050E-15  1.40785942512242E-09
 Calling cg2d from S/R CG2D_MAD
 cg2d: Sum(rhs),rhsMax =   9.94759830064140E-14  1.41240840782331E-09
 Calling cg2d from S/R CG2D_MAD
 cg2d: Sum(rhs),rhsMax =   3.55271367880050E-14  1.41422666078405E-09
 Calling cg2d from S/R CG2D_MAD
 cg2d: Sum(rhs),rhsMax =  -7.10542735760100E-15  1.41333991381626E-09
 Calling cg2d from S/R CG2D_MAD
 cg2d: Sum(rhs),rhsMax =   1.74082970261225E-13  1.40978355379843E-09
 Calling cg2d from S/R CG2D_MAD
 cg2d: Sum(rhs),rhsMax =   1.06581410364015E-14  1.40360249066742E-09
 Calling cg2d from S/R CG2D_MAD
 cg2d: Sum(rhs),rhsMax =   7.10542735760100E-15  1.39485095199051E-09
 Calling cg2d from S/R CG2D_MAD
 cg2d: Sum(rhs),rhsMax =   3.55271367880050E-15  1.38359220660988E-09
 Calling cg2d from S/R CG2D_MAD
 cg2d: Sum(rhs),rhsMax =   6.92779167366098E-14  1.36989821879521E-09
 Calling cg2d from S/R CG2D_MAD
 cg2d: Sum(rhs),rhsMax =   4.61852778244065E-14  1.35384923525808E-09
 Calling cg2d from S/R CG2D_MAD
 cg2d: Sum(rhs),rhsMax =  -8.34887714518118E-14  1.33553330826284E-09
 Calling cg2d from S/R CG2D_MAD
 cg2d: Sum(rhs),rhsMax =   3.55271367880050E-15  1.31504575891337E-09
 Calling cg2d from S/R CG2D_MAD
 cg2d: Sum(rhs),rhsMax =  -3.81916720471054E-14  1.29248858547184E-09
 Calling cg2d from S/R CG2D_MAD
 cg2d: Sum(rhs),rhsMax =  -6.55031584528842E-15  1.26796982227465E-09
 Calling cg2d from S/R CG2D_MAD
 cg2d: Sum(rhs),rhsMax =   1.02140518265514E-14  1.24160285542923E-09
 Calling cg2d from S/R CG2D_MAD
 cg2d: Sum(rhs),rhsMax =  -3.99680288865056E-14  1.21350570199313E-09
 Calling cg2d from S/R CG2D_MAD
 cg2d: Sum(rhs),rhsMax =   1.24344978758018E-13  1.18380025974528E-09
 Calling cg2d from S/R CG2D_MAD
 cg2d: Sum(rhs),rhsMax =   9.05941988094128E-14  1.15261153495419E-09
 Calling cg2d from S/R CG2D_MAD
 cg2d: Sum(rhs),rhsMax =   7.10542735760100E-15  1.12006685572303E-09
 Calling cg2d from S/R CG2D_MAD
 cg2d: Sum(rhs),rhsMax =  -1.77635683940025E-14  1.08629507855113E-09
 Calling cg2d from S/R CG2D_MAD
 cg2d: Sum(rhs),rhsMax =  -5.32907051820075E-14  1.05142579570099E-09
 Calling cg2d from S/R CG2D_MAD
 cg2d: Sum(rhs),rhsMax =  -1.95399252334028E-13  1.01558855079586E-09
 Calling cg2d from S/R CG2D_MAD
 cg2d: Sum(rhs),rhsMax =  -5.68434188608080E-14  9.78912067247027E-10
 Calling cg2d from S/R CG2D_MAD
 cg2d: Sum(rhs),rhsMax =  -8.17124146124115E-14  9.41523496079437E-10
 Calling cg2d from S/R CG2D_MAD
 cg2d: Sum(rhs),rhsMax =   2.84217094304040E-14  9.03547699240209E-10
 Calling cg2d from S/R CG2D_MAD
 cg2d: Sum(rhs),rhsMax =   4.26325641456060E-14  8.65106581863363E-10
 Calling cg2d from S/R CG2D_MAD
 cg2d: Sum(rhs),rhsMax =  -6.39488462184090E-14  8.26318465992363E-10
 Calling cg2d from S/R CG2D_MAD
 cg2d: Sum(rhs),rhsMax =   7.10542735760100E-15  7.87297487983844E-10
 Calling cg2d from S/R CG2D_MAD
 cg2d: Sum(rhs),rhsMax =   3.55271367880050E-14  7.48153021165363E-10
 Calling cg2d from S/R CG2D_MAD
 cg2d: Sum(rhs),rhsMax =  -2.13162820728030E-14  7.08989150330356E-10
 Calling cg2d from S/R CG2D_MAD
 cg2d: Sum(rhs),rhsMax =  -6.39488462184090E-14  6.69904223955856E-10
 Calling cg2d from S/R CG2D_MAD
 cg2d: Sum(rhs),rhsMax =   3.12638803734444E-13  6.54655729665735E-10
 Calling cg2d from S/R CG2D_MAD
 cg2d: Sum(rhs),rhsMax =   1.27897692436818E-13  6.54184813173334E-10
 Calling cg2d from S/R CG2D_MAD
 cg2d: Sum(rhs),rhsMax =   4.26325641456060E-14  6.49932214034353E-10
 Calling cg2d from S/R CG2D_MAD
 cg2d: Sum(rhs),rhsMax =  -9.94759830064140E-14  6.41951513003910E-10
 Calling cg2d from S/R CG2D_MAD
 cg2d: Sum(rhs),rhsMax =   1.13686837721616E-13  6.30317692572024E-10
 Calling cg2d from S/R CG2D_MAD
 cg2d: Sum(rhs),rhsMax =   9.94759830064140E-14  6.29768837484755E-10
 Calling cg2d from S/R CG2D_MAD
 cg2d: Sum(rhs),rhsMax =   3.69482222595252E-13  6.47796288549974E-10
 Calling cg2d from S/R CG2D_MAD
 cg2d: Sum(rhs),rhsMax =   1.56319401867222E-13  6.61664870425121E-10
 Calling cg2d from S/R CG2D_MAD
 cg2d: Sum(rhs),rhsMax =  -1.27897692436818E-13  6.71325547456372E-10
 Calling cg2d from S/R CG2D_MAD
 cg2d: Sum(rhs),rhsMax =  -1.70530256582424E-13  6.76756593867293E-10
 Calling cg2d from S/R CG2D_MAD
 cg2d: Sum(rhs),rhsMax =  -9.23705556488130E-14  6.77963572516812E-10
 Calling cg2d from S/R CG2D_MAD
 cg2d: Sum(rhs),rhsMax =  -2.84217094304040E-13  6.74979132773220E-10
 Calling cg2d from S/R CG2D_MAD
 cg2d: Sum(rhs),rhsMax =   2.84217094304040E-14  6.67862629166458E-10
 Calling cg2d from S/R CG2D_MAD
 cg2d: Sum(rhs),rhsMax =   4.97379915032070E-14  6.56699563765006E-10
 Calling cg2d from S/R CG2D_MAD
 cg2d: Sum(rhs),rhsMax =   2.06057393370429E-13  6.60881885273288E-10
 Calling cg2d from S/R CG2D_MAD
 cg2d: Sum(rhs),rhsMax =   3.55271367880050E-14  7.03966233748920E-10
 Calling cg2d from S/R CG2D_MAD
 cg2d: Sum(rhs),rhsMax =   1.42108547152020E-14  7.54571682518631E-10
 Calling cg2d from S/R CG2D_MAD
 cg2d: Sum(rhs),rhsMax =  -1.56319401867222E-13  8.03327374979689E-10
 Calling cg2d from S/R CG2D_MAD
 cg2d: Sum(rhs),rhsMax =   1.42108547152020E-14  8.50108642010652E-10
 Calling cg2d from S/R CG2D_MAD
 cg2d: Sum(rhs),rhsMax =  -2.41584530158434E-13  8.94798820399173E-10
 Calling cg2d from S/R CG2D_MAD
 cg2d: Sum(rhs),rhsMax =  -2.13162820728030E-14  9.37289681987309E-10
(PID.TID 0000.0001)  nRecords = 108 ; filePrec =  64 ; fileIter =   3111120
(PID.TID 0000.0001)     nDims =   2 , dims:
(PID.TID 0000.0001)    1:  62   1  62
(PID.TID 0000.0001)    2:  62   1  62
(PID.TID 0000.0001)     nFlds =  10 , nFl3D =   7 , fields:
(PID.TID 0000.0001)  >Uvel    < >Vvel    < >Theta   < >Salt    < >GuNm1   < >GvNm1   < >GtNm1   < >EtaN    < >dEtaHdt < >EtaH    <
(PID.TID 0000.0001) missingVal=  1.00000000000000E+00 ; nTimRec =   1 , timeList:
(PID.TID 0000.0001)   3.733344000000E+09
(PID.TID 0000.0001) READ_MFLDS_3D_RL: read field: "Uvel    ", #   1 in fldList, rec=   1
(PID.TID 0000.0001) READ_MFLDS_3D_RL: read field: "Vvel    ", #   2 in fldList, rec=   2
(PID.TID 0000.0001) READ_MFLDS_3D_RL: read field: "Theta   ", #   3 in fldList, rec=   3
(PID.TID 0000.0001) READ_MFLDS_3D_RL: read field: "Salt    ", #   4 in fldList, rec=   4
(PID.TID 0000.0001) READ_MFLDS_3D_RL: read field: "GuNm1   ", #   5 in fldList, rec=   5
(PID.TID 0000.0001) READ_MFLDS_3D_RL: read field: "GvNm1   ", #   6 in fldList, rec=   6
(PID.TID 0000.0001) READ_MFLDS_3D_RL: read field: "GtNm1   ", #   7 in fldList, rec=   7
(PID.TID 0000.0001) READ_MFLDS_3D_RL: read field: "EtaN    ", #   8 in fldList, rec= 106
(PID.TID 0000.0001) READ_MFLDS_3D_RL: read field: "dEtaHdt ", #   9 in fldList, rec= 107
(PID.TID 0000.0001) READ_MFLDS_CHECK: - normal end ; reset MFLDS file-name: pickup.0003111120
 ph-pack: packing ecco_cost
 ph-pack: packing ecco_ctrl
(PID.TID 0000.0001) // =======================================================
(PID.TID 0000.0001) // Gradient-check starts (grdchk_main)
(PID.TID 0000.0001) // =======================================================
(PID.TID 0000.0001) grdchk reference fc: fcref       =  3.22547976275027E-01
grad-res -------------------------------
 grad-res  proc    #    i    j    k   bi   bj iobc       fc ref            fc + eps           fc - eps
 grad-res  proc    #    i    j    k   bi   bj iobc      adj grad            fd grad          1 - fd/adj
 grad-res exact position met: 
 grad-res     0  480   31   17    1    1    1
(PID.TID 0000.0001) ====== Starts gradient-check number   1 (=ichknum) =======
 ph-test icomp, ncvarcomp, ichknum          480         900           1
 ph-grd _loc: bi, bj, icomptest, ichknum            1           1           0           1
 ph-grd -->hit<--           31          17           1           1
(PID.TID 0000.0001) grdchk pos: i,j,k=   31   17    1 ; bi,bj=   1   1 ; iobc=  1 ; rec=   1
(PID.TID 0000.0001)  nRecords = 108 ; filePrec =  64 ; fileIter =   3111120
(PID.TID 0000.0001)     nDims =   2 , dims:
(PID.TID 0000.0001)    1:  62   1  62
(PID.TID 0000.0001)    2:  62   1  62
(PID.TID 0000.0001)     nFlds =  10 , nFl3D =   7 , fields:
(PID.TID 0000.0001)  >Uvel    < >Vvel    < >Theta   < >Salt    < >GuNm1   < >GvNm1   < >GtNm1   < >EtaN    < >dEtaHdt < >EtaH    <
(PID.TID 0000.0001) missingVal=  1.00000000000000E+00 ; nTimRec =   1 , timeList:
(PID.TID 0000.0001)   3.733344000000E+09
(PID.TID 0000.0001) READ_MFLDS_3D_RL: read field: "Uvel    ", #   1 in fldList, rec=   1
(PID.TID 0000.0001) READ_MFLDS_3D_RL: read field: "Vvel    ", #   2 in fldList, rec=   2
(PID.TID 0000.0001) READ_MFLDS_3D_RL: read field: "Theta   ", #   3 in fldList, rec=   3
(PID.TID 0000.0001) READ_MFLDS_3D_RL: read field: "Salt    ", #   4 in fldList, rec=   4
(PID.TID 0000.0001) READ_MFLDS_3D_RL: read field: "GuNm1   ", #   5 in fldList, rec=   5
(PID.TID 0000.0001) READ_MFLDS_3D_RL: read field: "GvNm1   ", #   6 in fldList, rec=   6
(PID.TID 0000.0001) READ_MFLDS_3D_RL: read field: "GtNm1   ", #   7 in fldList, rec=   7
(PID.TID 0000.0001) READ_MFLDS_3D_RL: read field: "EtaN    ", #   8 in fldList, rec= 106
(PID.TID 0000.0001) READ_MFLDS_3D_RL: read field: "dEtaHdt ", #   9 in fldList, rec= 107
(PID.TID 0000.0001) READ_MFLDS_CHECK: - normal end ; reset MFLDS file-name: pickup.0003111120
(PID.TID 0000.0001) // =======================================================
(PID.TID 0000.0001) // Model current state
(PID.TID 0000.0001) // =======================================================
(PID.TID 0000.0001) 
(PID.TID 0000.0001) SOLVE_FOR_PRESSURE: putPmEinXvector =    F
 cg2d: Sum(rhs),rhsMax =  -5.49285181250525E-06  1.99900718163814E+00
 cg2d: Sum(rhs),rhsMax =  -5.49309910979900E-06  1.99891722427465E+00
 cg2d: Sum(rhs),rhsMax =  -5.49334832555815E-06  1.99882649286161E+00
 cg2d: Sum(rhs),rhsMax =  -5.49359998558430E-06  1.99873498160395E+00
 cg2d: Sum(rhs),rhsMax =  -5.49385383408207E-06  1.99864269012828E+00
 cg2d: Sum(rhs),rhsMax =  -5.49410987105148E-06  1.99854961884676E+00
 cg2d: Sum(rhs),rhsMax =  -5.49436772701029E-06  1.99845576814686E+00
 cg2d: Sum(rhs),rhsMax =  -5.49462801302525E-06  1.99836113849975E+00
 cg2d: Sum(rhs),rhsMax =  -5.49488989065594E-06  1.99826573040465E+00
 cg2d: Sum(rhs),rhsMax =  -5.49515462466843E-06  1.99816954425429E+00
 cg2d: Sum(rhs),rhsMax =  -5.49542059502528E-06  1.99807258024639E+00
 cg2d: Sum(rhs),rhsMax =  -5.49569030283692E-06  1.99797483836556E+00
 cg2d: Sum(rhs),rhsMax =  -5.49596153121001E-06  1.99787631842806E+00
 cg2d: Sum(rhs),rhsMax =  -5.49623439383140E-06  1.99777702018160E+00
 cg2d: Sum(rhs),rhsMax =  -5.49650985703920E-06  1.99767694344624E+00
 cg2d: Sum(rhs),rhsMax =  -5.49678728134495E-06  1.99757608826349E+00
 cg2d: Sum(rhs),rhsMax =  -5.49706683727891E-06  1.99747445500540E+00
 cg2d: Sum(rhs),rhsMax =  -5.49734890853415E-06  1.99737204440036E+00
 cg2d: Sum(rhs),rhsMax =  -5.49763244350743E-06  1.99726885746165E+00
 cg2d: Sum(rhs),rhsMax =  -5.49791882065165E-06  1.99716489534316E+00
 cg2d: Sum(rhs),rhsMax =  -5.49820734363493E-06  1.99706015917384E+00
 cg2d: Sum(rhs),rhsMax =  -5.49849740139052E-06  1.99695464992637E+00
 cg2d: Sum(rhs),rhsMax =  -5.49879041500390E-06  1.99684836835517E+00
 cg2d: Sum(rhs),rhsMax =  -5.49908541813693E-06  1.99674131501097E+00
 cg2d: Sum(rhs),rhsMax =  -5.49938199867483E-06  1.99663349031179E+00
 cg2d: Sum(rhs),rhsMax =  -5.49968157770309E-06  1.99652489463879E+00
 cg2d: Sum(rhs),rhsMax =  -5.49998239307570E-06  1.99641552842501E+00
 cg2d: Sum(rhs),rhsMax =  -5.50028644852318E-06  1.99630539221547E+00
 cg2d: Sum(rhs),rhsMax =  -5.50059134241110E-06  1.99619448669043E+00
 cg2d: Sum(rhs),rhsMax =  -5.50089910689167E-06  1.99608281265508E+00
 cg2d: Sum(rhs),rhsMax =  -5.50120931563924E-06  1.99597037100602E+00
 cg2d: Sum(rhs),rhsMax =  -5.50152127232195E-06  1.99585716268734E+00
 cg2d: Sum(rhs),rhsMax =  -5.50183523273517E-06  1.99574318864827E+00
 cg2d: Sum(rhs),rhsMax =  -5.50215179373481E-06  1.99562844981047E+00
 cg2d: Sum(rhs),rhsMax =  -5.50246991792847E-06  1.99551294704889E+00
 cg2d: Sum(rhs),rhsMax =  -5.50279111166674E-06  1.99539668118637E+00
 cg2d: Sum(rhs),rhsMax =  -5.50311361280365E-06  1.99527965299890E+00
 cg2d: Sum(rhs),rhsMax =  -5.50343847294243E-06  1.99516186322748E+00
 cg2d: Sum(rhs),rhsMax =  -5.50376506680550E-06  1.99504331259160E+00
 cg2d: Sum(rhs),rhsMax =  -5.50409457389378E-06  1.99492400180102E+00
 cg2d: Sum(rhs),rhsMax =  -5.50442581470634E-06  1.99480393156362E+00
 cg2d: Sum(rhs),rhsMax =  -5.50475930083394E-06  1.99468310258921E+00
 cg2d: Sum(rhs),rhsMax =  -5.50509514596342E-06  1.99456151558904E+00
 cg2d: Sum(rhs),rhsMax =  -5.50543278166060E-06  1.99443917127312E+00
 cg2d: Sum(rhs),rhsMax =  -5.50577242108830E-06  1.99431607034592E+00
 cg2d: Sum(rhs),rhsMax =  -5.50611446215044E-06  1.99419221350186E+00
 cg2d: Sum(rhs),rhsMax =  -5.50645843588882E-06  1.99406760142132E+00
 cg2d: Sum(rhs),rhsMax =  -5.50680479705079E-06  1.99394223476730E+00
 cg2d: Sum(rhs),rhsMax =  -5.50715351721465E-06  1.99381611418303E+00
 cg2d: Sum(rhs),rhsMax =  -5.50750432637415E-06  1.99368924029000E+00
 cg2d: Sum(rhs),rhsMax =  -5.50785617292604E-06  1.99356161368648E+00
 cg2d: Sum(rhs),rhsMax =  -5.50821081901631E-06  1.99343323494633E+00
 cg2d: Sum(rhs),rhsMax =  -5.50856719883086E-06  1.99330410461800E+00
 cg2d: Sum(rhs),rhsMax =  -5.50892652029233E-06  1.99317422322387E+00
 cg2d: Sum(rhs),rhsMax =  -5.50928750442381E-06  1.99304359126009E+00
 cg2d: Sum(rhs),rhsMax =  -5.50965094703315E-06  1.99291220919672E+00
 cg2d: Sum(rhs),rhsMax =  -5.51001649284899E-06  1.99278007747863E+00
 cg2d: Sum(rhs),rhsMax =  -5.51038377238910E-06  1.99264719652669E+00
 cg2d: Sum(rhs),rhsMax =  -5.51075319776828E-06  1.99251356673934E+00
 cg2d: Sum(rhs),rhsMax =  -5.51112499636019E-06  1.99237918849438E+00
 cg2d: Sum(rhs),rhsMax =  -5.51149869920664E-06  1.99224406215073E+00
 cg2d: Sum(rhs),rhsMax =  -5.51187443420531E-06  1.99210818805014E+00
 cg2d: Sum(rhs),rhsMax =  -5.51225257083843E-06  1.99197156651870E+00
 cg2d: Sum(rhs),rhsMax =  -5.51263298120830E-06  1.99183419786847E+00
 cg2d: Sum(rhs),rhsMax =  -5.51301448581398E-06  1.99169608239884E+00
 cg2d: Sum(rhs),rhsMax =  -5.51339998366984E-06  1.99155722039830E+00
 cg2d: Sum(rhs),rhsMax =  -5.51378579416451E-06  1.99141761214623E+00
 cg2d: Sum(rhs),rhsMax =  -5.51417438998669E-06  1.99127725791513E+00
 cg2d: Sum(rhs),rhsMax =  -5.51456525954563E-06  1.99113615797323E+00
 cg2d: Sum(rhs),rhsMax =  -5.51495841705218E-06  1.99099431258720E+00
 cg2d: Sum(rhs),rhsMax =  -5.51535288195737E-06  1.99085172202526E+00
 cg2d: Sum(rhs),rhsMax =  -5.51575078588940E-06  1.99070838656018E+00
 cg2d: Sum(rhs),rhsMax =  -5.51614962773783E-06  1.99056430647220E+00
 cg2d: Sum(rhs),rhsMax =  -5.51655122649208E-06  1.99041948205180E+00
 cg2d: Sum(rhs),rhsMax =  -5.51695438844035E-06  1.99027391360200E+00
 cg2d: Sum(rhs),rhsMax =  -5.51736000886649E-06  1.99012760144051E+00
 cg2d: Sum(rhs),rhsMax =  -5.51776763302314E-06  1.98998054590117E+00
 cg2d: Sum(rhs),rhsMax =  -5.51817724669945E-06  1.98983274733566E+00
 cg2d: Sum(rhs),rhsMax =  -5.51858970254671E-06  1.98968420611450E+00
 cg2d: Sum(rhs),rhsMax =  -5.51900380685311E-06  1.98953492262812E+00
 cg2d: Sum(rhs),rhsMax =  -5.51941994331173E-06  1.98938489728805E+00
 cg2d: Sum(rhs),rhsMax =  -5.51983836771797E-06  1.98923413052792E+00
 cg2d: Sum(rhs),rhsMax =  -5.52025863953531E-06  1.98908262280484E+00
 cg2d: Sum(rhs),rhsMax =  -5.52068122772198E-06  1.98893037460068E+00
 cg2d: Sum(rhs),rhsMax =  -5.52110586227172E-06  1.98877738642357E+00
 cg2d: Sum(rhs),rhsMax =  -5.52153295529934E-06  1.98862365880938E+00
 cg2d: Sum(rhs),rhsMax =  -5.52196105729763E-06  1.98846919232329E+00
 cg2d: Sum(rhs),rhsMax =  -5.52239259832277E-06  1.98831398756113E+00
 cg2d: Sum(rhs),rhsMax =  -5.52282615728927E-06  1.98815804515075E+00
 cg2d: Sum(rhs),rhsMax =  -5.52326120839552E-06  1.98800136575298E+00
 cg2d: Sum(rhs),rhsMax =  -5.52369890272075E-06  1.98784395006245E+00
 cg2d: Sum(rhs),rhsMax =  -5.52413823129427E-06  1.98768579880799E+00
 cg2d: Sum(rhs),rhsMax =  -5.52457966307429E-06  1.98752691275289E+00
 cg2d: Sum(rhs),rhsMax =  -5.52502311279568E-06  1.98736729269452E+00
 cg2d: Sum(rhs),rhsMax =  -5.52546926257946E-06  1.98720693946393E+00
 cg2d: Sum(rhs),rhsMax =  -5.52591718872009E-06  1.98704585392497E+00
 cg2d: Sum(rhs),rhsMax =  -5.52636737438661E-06  1.98688403697324E+00
 cg2d: Sum(rhs),rhsMax =  -5.52681945009681E-06  1.98672148953484E+00
 cg2d: Sum(rhs),rhsMax =  -5.52727341585069E-06  1.98655821256475E+00
 cg2d: Sum(rhs),rhsMax =  -5.52773002482354E-06  1.98639420704539E+00
 cg2d: Sum(rhs),rhsMax =  -5.52818755750195E-06  1.98622947398520E+00
 cg2d: Sum(rhs),rhsMax =  -5.52864923974994E-06  1.98606401441715E+00
 cg2d: Sum(rhs),rhsMax =  -5.52911146201041E-06  1.98589782939707E+00
 cg2d: Sum(rhs),rhsMax =  -5.52957656907438E-06  1.98573092000193E+00
 cg2d: Sum(rhs),rhsMax =  -5.53004323933237E-06  1.98556328732830E+00
 cg2d: Sum(rhs),rhsMax =  -5.53051208385114E-06  1.98539493249106E+00
 cg2d: Sum(rhs),rhsMax =  -5.53098331579349E-06  1.98522585662203E+00
 cg2d: Sum(rhs),rhsMax =  -5.53145581250192E-06  1.98505606086893E+00
 cg2d: Sum(rhs),rhsMax =  -5.53193183350231E-06  1.98488554639419E+00
 cg2d: Sum(rhs),rhsMax =  -5.53240811029809E-06  1.98471431437388E+00
 cg2d: Sum(rhs),rhsMax =  -5.53288771243388E-06  1.98454236599660E+00
 cg2d: Sum(rhs),rhsMax =  -5.53336937514359E-06  1.98436970246259E+00
 cg2d: Sum(rhs),rhsMax =  -5.53385274315588E-06  1.98419632498250E+00
 cg2d: Sum(rhs),rhsMax =  -5.53433852701346E-06  1.98402223477640E+00
 cg2d: Sum(rhs),rhsMax =  -5.53482607301703E-06  1.98384743307245E+00
 cg2d: Sum(rhs),rhsMax =  -5.53531610592017E-06  1.98367192110576E+00
 cg2d: Sum(rhs),rhsMax =  -5.53580747464366E-06  1.98349570011688E+00
 cg2d: Sum(rhs),rhsMax =  -5.53630107447134E-06  1.98331877135037E+00
 cg2d: Sum(rhs),rhsMax =  -5.53679761594594E-06  1.98314113605318E+00
 cg2d: Sum(rhs),rhsMax =  -5.53729523744551E-06  1.98296279547296E+00
 cg2d: Sum(rhs),rhsMax =  -5.53779540268806E-06  1.98278375085625E+00
 cg2d: Sum(rhs),rhsMax =  -5.53829745797429E-06  1.98260400344673E+00
 cg2d: Sum(rhs),rhsMax =  -5.53880192910583E-06  1.98242355448345E+00
 cg2d: Sum(rhs),rhsMax =  -5.53930792079882E-06  1.98224240519885E+00
 cg2d: Sum(rhs),rhsMax =  -5.53981600148745E-06  1.98206055681728E+00
 cg2d: Sum(rhs),rhsMax =  -5.54032646959968E-06  1.98187801055345E+00
 cg2d: Sum(rhs),rhsMax =  -5.54083837300823E-06  1.98169476761104E+00
 cg2d: Sum(rhs),rhsMax =  -5.54135272068379E-06  1.98151082918146E+00
 cg2d: Sum(rhs),rhsMax =  -5.54186890155961E-06  1.98132619644263E+00
 cg2d: Sum(rhs),rhsMax =  -5.54238759775671E-06  1.98114087055823E+00
 cg2d: Sum(rhs),rhsMax =  -5.54290831189519E-06  1.98095485267714E+00
 cg2d: Sum(rhs),rhsMax =  -5.54343034764315E-06  1.98076814393304E+00
 cg2d: Sum(rhs),rhsMax =  -5.54395488450155E-06  1.98058074544441E+00
 cg2d: Sum(rhs),rhsMax =  -5.54448118350592E-06  1.98039265831448E+00
 cg2d: Sum(rhs),rhsMax =  -5.54500975624705E-06  1.98020388363168E+00
 cg2d: Sum(rhs),rhsMax =  -5.54554144116537E-06  1.98001442247001E+00
 cg2d: Sum(rhs),rhsMax =  -5.54607336766821E-06  1.97982427588970E+00
 cg2d: Sum(rhs),rhsMax =  -5.54660769580551E-06  1.97963344493796E+00
 cg2d: Sum(rhs),rhsMax =  -5.54714468137263E-06  1.97944193064987E+00
 cg2d: Sum(rhs),rhsMax =  -5.54768341487488E-06  1.97924973404931E+00
 cg2d: Sum(rhs),rhsMax =  -5.54822392473397E-06  1.97905685615006E+00
 cg2d: Sum(rhs),rhsMax =  -5.54876704939034E-06  1.97886329795675E+00
 cg2d: Sum(rhs),rhsMax =  -5.54931162355388E-06  1.97866906046611E+00
 cg2d: Sum(rhs),rhsMax =  -5.54985832934562E-06  1.97847414466803E+00
 cg2d: Sum(rhs),rhsMax =  -5.55040703886789E-06  1.97827855154668E+00
 cg2d: Sum(rhs),rhsMax =  -5.55095729737332E-06  1.97808228208177E+00
 cg2d: Sum(rhs),rhsMax =  -5.55151004277832E-06  1.97788533724957E+00
 cg2d: Sum(rhs),rhsMax =  -5.55206506192008E-06  1.97768771802415E+00
 cg2d: Sum(rhs),rhsMax =  -5.55262174373183E-06  1.97748942537851E+00
 cg2d: Sum(rhs),rhsMax =  -5.55318003137018E-06  1.97729046028564E+00
 cg2d: Sum(rhs),rhsMax =  -5.55374089117322E-06  1.97709082371975E+00
 cg2d: Sum(rhs),rhsMax =  -5.55430344206798E-06  1.97689051665734E+00
 cg2d: Sum(rhs),rhsMax =  -5.55486843722974E-06  1.97668954007845E+00
 cg2d: Sum(rhs),rhsMax =  -5.55543539348946E-06  1.97648789496762E+00
 cg2d: Sum(rhs),rhsMax =  -5.55600442453397E-06  1.97628558231520E+00
 cg2d: Sum(rhs),rhsMax =  -5.55657480560967E-06  1.97608260311846E+00
 cg2d: Sum(rhs),rhsMax =  -5.55714765937410E-06  1.97587895838270E+00
 cg2d: Sum(rhs),rhsMax =  -5.55772207633254E-06  1.97567464912243E+00
 cg2d: Sum(rhs),rhsMax =  -5.55829838333466E-06  1.97546967636253E+00
 cg2d: Sum(rhs),rhsMax =  -5.55887763198371E-06  1.97526404113936E+00
 cg2d: Sum(rhs),rhsMax =  -5.55945797486856E-06  1.97505774450184E+00
 cg2d: Sum(rhs),rhsMax =  -5.56004107465924E-06  1.97485078751255E+00
 cg2d: Sum(rhs),rhsMax =  -5.56062535395085E-06  1.97464317124875E+00
 cg2d: Sum(rhs),rhsMax =  -5.56121180750324E-06  1.97443489680330E+00
 cg2d: Sum(rhs),rhsMax =  -5.56180027899700E-06  1.97422596528568E+00
 cg2d: Sum(rhs),rhsMax =  -5.56239048421503E-06  1.97401637782275E+00
 cg2d: Sum(rhs),rhsMax =  -5.56298330423033E-06  1.97380613555947E+00
 cg2d: Sum(rhs),rhsMax =  -5.56357805692187E-06  1.97359523965969E+00
 cg2d: Sum(rhs),rhsMax =  -5.56417408859033E-06  1.97338369130660E+00
 cg2d: Sum(rhs),rhsMax =  -5.56477260715837E-06  1.97317149170328E+00
 cg2d: Sum(rhs),rhsMax =  -5.56537307261351E-06  1.97295864207303E+00
 cg2d: Sum(rhs),rhsMax =  -5.56597503020839E-06  1.97274514365971E+00
 cg2d: Sum(rhs),rhsMax =  -5.56657968786567E-06  1.97253099772783E+00
 cg2d: Sum(rhs),rhsMax =  -5.56718549660218E-06  1.97231620556266E+00
 cg2d: Sum(rhs),rhsMax =  -5.56779336591262E-06  1.97210076847025E+00
 cg2d: Sum(rhs),rhsMax =  -5.56840439003281E-06  1.97188468777726E+00
 cg2d: Sum(rhs),rhsMax =  -5.56901669312992E-06  1.97166796483076E+00
 cg2d: Sum(rhs),rhsMax =  -5.56963010467371E-06  1.97145060099801E+00
 cg2d: Sum(rhs),rhsMax =  -5.57024607417134E-06  1.97123259766610E+00
 cg2d: Sum(rhs),rhsMax =  -5.57086397634521E-06  1.97101395624141E+00
 cg2d: Sum(rhs),rhsMax =  -5.57148425173182E-06  1.97079467814930E+00
 cg2d: Sum(rhs),rhsMax =  -5.57210529450458E-06  1.97057476483336E+00
 cg2d: Sum(rhs),rhsMax =  -5.57272939261111E-06  1.97035421775493E+00
 cg2d: Sum(rhs),rhsMax =  -5.57335440021234E-06  1.97013303839231E+00
 cg2d: Sum(rhs),rhsMax =  -5.57398260525588E-06  1.96991122824011E+00
 cg2d: Sum(rhs),rhsMax =  -5.57461169137241E-06  1.96968878880838E+00
 cg2d: Sum(rhs),rhsMax =  -5.57524316491254E-06  1.96946572162172E+00
 cg2d: Sum(rhs),rhsMax =  -5.57587684113514E-06  1.96924202821849E+00
 cg2d: Sum(rhs),rhsMax =  -5.57651188159980E-06  1.96901771014969E+00
 cg2d: Sum(rhs),rhsMax =  -5.57714874105386E-06  1.96879276897805E+00
 cg2d: Sum(rhs),rhsMax =  -5.57778847110058E-06  1.96856720627690E+00
 cg2d: Sum(rhs),rhsMax =  -5.57842881221404E-06  1.96834102362906E+00
 cg2d: Sum(rhs),rhsMax =  -5.57907146969683E-06  1.96811422262559E+00
 cg2d: Sum(rhs),rhsMax =  -5.57971667092261E-06  1.96788680486485E+00
 cg2d: Sum(rhs),rhsMax =  -5.58036309428189E-06  1.96765877195128E+00
 cg2d: Sum(rhs),rhsMax =  -5.58101204717332E-06  1.96743012549424E+00
 cg2d: Sum(rhs),rhsMax =  -5.58166270536731E-06  1.96720086710691E+00
 cg2d: Sum(rhs),rhsMax =  -5.58231452885138E-06  1.96697099840490E+00
 cg2d: Sum(rhs),rhsMax =  -5.58296895292187E-06  1.96674052100500E+00
 cg2d: Sum(rhs),rhsMax =  -5.58362474123442E-06  1.96650943652408E+00
 cg2d: Sum(rhs),rhsMax =  -5.58428270380773E-06  1.96627774657796E+00
 cg2d: Sum(rhs),rhsMax =  -5.58494214430993E-06  1.96604545278043E+00
 cg2d: Sum(rhs),rhsMax =  -5.58560419960941E-06  1.96581255674240E+00
 cg2d: Sum(rhs),rhsMax =  -5.58626757651837E-06  1.96557906007092E+00
 cg2d: Sum(rhs),rhsMax =  -5.58693307084468E-06  1.96534496436842E+00
 cg2d: Sum(rhs),rhsMax =  -5.58759982993706E-06  1.96511027123201E+00
 cg2d: Sum(rhs),rhsMax =  -5.58826934593526E-06  1.96487498225268E+00
 cg2d: Sum(rhs),rhsMax =  -5.58894006985611E-06  1.96463909901475E+00
 cg2d: Sum(rhs),rhsMax =  -5.58961293961602E-06  1.96440262309544E+00
 cg2d: Sum(rhs),rhsMax =  -5.59028768520875E-06  1.96416555606434E+00
 cg2d: Sum(rhs),rhsMax =  -5.59096460506225E-06  1.96392789948311E+00
 cg2d: Sum(rhs),rhsMax =  -5.59164280389268E-06  1.96368965490523E+00
 cg2d: Sum(rhs),rhsMax =  -5.59232233854345E-06  1.96345082387583E+00
 cg2d: Sum(rhs),rhsMax =  -5.59300492852799E-06  1.96321140793151E+00
 cg2d: Sum(rhs),rhsMax =  -5.59368852748321E-06  1.96297140860040E+00
 cg2d: Sum(rhs),rhsMax =  -5.59437403069296E-06  1.96273082740211E+00
 cg2d: Sum(rhs),rhsMax =  -5.59506177921776E-06  1.96248966584784E+00
 cg2d: Sum(rhs),rhsMax =  -5.59575072145435E-06  1.96224792544058E+00
 cg2d: Sum(rhs),rhsMax =  -5.59644242059676E-06  1.96200560767523E+00
 cg2d: Sum(rhs),rhsMax =  -5.59713436132370E-06  1.96176271403896E+00
 cg2d: Sum(rhs),rhsMax =  -5.59782961317978E-06  1.96151924601146E+00
 cg2d: Sum(rhs),rhsMax =  -5.59852665560356E-06  1.96127520506537E+00
 cg2d: Sum(rhs),rhsMax =  -5.59922450804606E-06  1.96103059266663E+00
 cg2d: Sum(rhs),rhsMax =  -5.59992459159275E-06  1.96078541027508E+00
 cg2d: Sum(rhs),rhsMax =  -5.60062655097227E-06  1.96053965934478E+00
 cg2d: Sum(rhs),rhsMax =  -5.60133000249152E-06  1.96029334132478E+00
 cg2d: Sum(rhs),rhsMax =  -5.60203621091659E-06  1.96004645765957E+00
 cg2d: Sum(rhs),rhsMax =  -5.60274354199919E-06  1.95979900978977E+00
 cg2d: Sum(rhs),rhsMax =  -5.60345253575179E-06  1.95955099915278E+00
 cg2d: Sum(rhs),rhsMax =  -5.60416306427669E-06  1.95930242718343E+00
 cg2d: Sum(rhs),rhsMax =  -5.60487585232750E-06  1.95905329531482E+00
 cg2d: Sum(rhs),rhsMax =  -5.60559037410258E-06  1.95880360497890E+00
 cg2d: Sum(rhs),rhsMax =  -5.60630709856014E-06  1.95855335760738E+00
 cg2d: Sum(rhs),rhsMax =  -5.60702409302394E-06  1.95830255463241E+00
 cg2d: Sum(rhs),rhsMax =  -5.60774455493629E-06  1.95805119748745E+00
 cg2d: Sum(rhs),rhsMax =  -5.60846622477129E-06  1.95779928760807E+00
 cg2d: Sum(rhs),rhsMax =  -5.60918923042664E-06  1.95754682643278E+00
 cg2d: Sum(rhs),rhsMax =  -5.60991418296908E-06  1.95729381540388E+00
 cg2d: Sum(rhs),rhsMax =  -5.61064105397691E-06  1.95704025596822E+00
 cg2d: Sum(rhs),rhsMax =  -5.61137011345636E-06  1.95678614957816E+00
 cg2d: Sum(rhs),rhsMax =  -5.61210035243676E-06  1.95653149769227E+00
 cg2d: Sum(rhs),rhsMax =  -5.61283235356314E-06  1.95627630177614E+00
 cg2d: Sum(rhs),rhsMax =  -5.61356614525721E-06  1.95602056330321E+00
 cg2d: Sum(rhs),rhsMax =  -5.61430191226009E-06  1.95576428375510E+00
 cg2d: Sum(rhs),rhsMax =  -5.61503901508331E-06  1.95550746462237E+00
 cg2d: Sum(rhs),rhsMax =  -5.61577853375184E-06  1.95525010740553E+00
 cg2d: Sum(rhs),rhsMax =  -5.61651876296310E-06  1.95499221361622E+00
 cg2d: Sum(rhs),rhsMax =  -5.61726110959171E-06  1.95473378477761E+00
 cg2d: Sum(rhs),rhsMax =  -5.61800550258340E-06  1.95447482242460E+00
 cg2d: Sum(rhs),rhsMax =  -5.61875181404048E-06  1.95421532810379E+00
 cg2d: Sum(rhs),rhsMax =  -5.61949940447448E-06  1.95395530337390E+00
 cg2d: Sum(rhs),rhsMax =  -5.62024887074131E-06  1.95369474980627E+00
 cg2d: Sum(rhs),rhsMax =  -5.62099930334625E-06  1.95343366898531E+00
 cg2d: Sum(rhs),rhsMax =  -5.62175280549582E-06  1.95317206250875E+00
 cg2d: Sum(rhs),rhsMax =  -5.62250728819436E-06  1.95290993198781E+00
 cg2d: Sum(rhs),rhsMax =  -5.62326349040632E-06  1.95264727904735E+00
 cg2d: Sum(rhs),rhsMax =  -5.62402192372247E-06  1.95238410532583E+00
 cg2d: Sum(rhs),rhsMax =  -5.62478103915964E-06  1.95212041247528E+00
 cg2d: Sum(rhs),rhsMax =  -5.62554282623751E-06  1.95185620216121E+00
 cg2d: Sum(rhs),rhsMax =  -5.62630603440084E-06  1.95159147606251E+00
 cg2d: Sum(rhs),rhsMax =  -5.62707020890230E-06  1.95132623587113E+00
 cg2d: Sum(rhs),rhsMax =  -5.62783721136384E-06  1.95106048329188E+00
 cg2d: Sum(rhs),rhsMax =  -5.62860515174179E-06  1.95079422004217E+00
 cg2d: Sum(rhs),rhsMax =  -5.62937546533249E-06  1.95052744785150E+00
 cg2d: Sum(rhs),rhsMax =  -5.63014604892942E-06  1.95026016846113E+00
 cg2d: Sum(rhs),rhsMax =  -5.63091997207721E-06  1.94999238362361E+00
 cg2d: Sum(rhs),rhsMax =  -5.63169447787004E-06  1.94972409510226E+00
 cg2d: Sum(rhs),rhsMax =  -5.63247157003843E-06  1.94945530467067E+00
 cg2d: Sum(rhs),rhsMax =  -5.63324962854495E-06  1.94918601411208E+00
 cg2d: Sum(rhs),rhsMax =  -5.63402927866719E-06  1.94891622521887E+00
 cg2d: Sum(rhs),rhsMax =  -5.63481049198344E-06  1.94864593979183E+00
 cg2d: Sum(rhs),rhsMax =  -5.63559360955423E-06  1.94837515963967E+00
 cg2d: Sum(rhs),rhsMax =  -5.63637819084306E-06  1.94810388657828E+00
 cg2d: Sum(rhs),rhsMax =  -5.63716490376009E-06  1.94783212243011E+00
 cg2d: Sum(rhs),rhsMax =  -5.63795263985867E-06  1.94755986902351E+00
 cg2d: Sum(rhs),rhsMax =  -5.63874269232656E-06  1.94728712819209E+00
 cg2d: Sum(rhs),rhsMax =  -5.63953332743949E-06  1.94701390177405E+00
 cg2d: Sum(rhs),rhsMax =  -5.64032710315132E-06  1.94674019161156E+00
 cg2d: Sum(rhs),rhsMax =  -5.64112116308024E-06  1.94646599955009E+00
 cg2d: Sum(rhs),rhsMax =  -5.64191738305908E-06  1.94619132743778E+00
 cg2d: Sum(rhs),rhsMax =  -5.64271509517766E-06  1.94591617712486E+00
 cg2d: Sum(rhs),rhsMax =  -5.64351417153830E-06  1.94564055046307E+00
 cg2d: Sum(rhs),rhsMax =  -5.64431515215347E-06  1.94536444930502E+00
 cg2d: Sum(rhs),rhsMax =  -5.64511802281231E-06  1.94508787550369E+00
 cg2d: Sum(rhs),rhsMax =  -5.64592231455663E-06  1.94481083091182E+00
 cg2d: Sum(rhs),rhsMax =  -5.64672782843445E-06  1.94453331738155E+00
 cg2d: Sum(rhs),rhsMax =  -5.64753490550629E-06  1.94425533676376E+00
 cg2d: Sum(rhs),rhsMax =  -5.64834452632113E-06  1.94397689090774E+00
 cg2d: Sum(rhs),rhsMax =  -5.64915487188955E-06  1.94369798166074E+00
 cg2d: Sum(rhs),rhsMax =  -5.64996682328456E-06  1.94341861086756E+00
 cg2d: Sum(rhs),rhsMax =  -5.65078046577128E-06  1.94313878037022E+00
 cg2d: Sum(rhs),rhsMax =  -5.65159542986748E-06  1.94285849200761E+00
 cg2d: Sum(rhs),rhsMax =  -5.65241226979651E-06  1.94257774761528E+00
 cg2d: Sum(rhs),rhsMax =  -5.65323092871495E-06  1.94229654902510E+00
 cg2d: Sum(rhs),rhsMax =  -5.65405065344748E-06  1.94201489806510E+00
 cg2d: Sum(rhs),rhsMax =  -5.65487189874148E-06  1.94173279655933E+00
 cg2d: Sum(rhs),rhsMax =  -5.65569499144658E-06  1.94145024632765E+00
 cg2d: Sum(rhs),rhsMax =  -5.65651920680921E-06  1.94116724918578E+00
 cg2d: Sum(rhs),rhsMax =  -5.65734565327602E-06  1.94088380694509E+00
 cg2d: Sum(rhs),rhsMax =  -5.65817319397866E-06  1.94059992141271E+00
 cg2d: Sum(rhs),rhsMax =  -5.65900202786906E-06  1.94031559439151E+00
 cg2d: Sum(rhs),rhsMax =  -5.65983341971332E-06  1.94003082768022E+00
 cg2d: Sum(rhs),rhsMax =  -5.66066495366613E-06  1.93974562307350E+00
 cg2d: Sum(rhs),rhsMax =  -5.66149873293398E-06  1.93945998236214E+00
 cg2d: Sum(rhs),rhsMax =  -5.66233364907021E-06  1.93917390733316E+00
 cg2d: Sum(rhs),rhsMax =  -5.66317065420208E-06  1.93888739977019E+00
 cg2d: Sum(rhs),rhsMax =  -5.66400908041942E-06  1.93860046145357E+00
 cg2d: Sum(rhs),rhsMax =  -5.66484879982454E-06  1.93831309416076E+00
 cg2d: Sum(rhs),rhsMax =  -5.66568978399573E-06  1.93802529966659E+00
 cg2d: Sum(rhs),rhsMax =  -5.66653321243393E-06  1.93773707974368E+00
 cg2d: Sum(rhs),rhsMax =  -5.66737699614350E-06  1.93744843616273E+00
 cg2d: Sum(rhs),rhsMax =  -5.66822279779444E-06  1.93715937069301E+00
 cg2d: Sum(rhs),rhsMax =  -5.66906955157265E-06  1.93686988510272E+00
 cg2d: Sum(rhs),rhsMax =  -5.66991852224419E-06  1.93657998115942E+00
 cg2d: Sum(rhs),rhsMax =  -5.67076821766932E-06  1.93628966063052E+00
 cg2d: Sum(rhs),rhsMax =  -5.67161991682497E-06  1.93599892528371E+00
 cg2d: Sum(rhs),rhsMax =  -5.67247340654831E-06  1.93570777688737E+00
 cg2d: Sum(rhs),rhsMax =  -5.67332719469960E-06  1.93541621721115E+00
 cg2d: Sum(rhs),rhsMax =  -5.67418379660012E-06  1.93512424802632E+00
 cg2d: Sum(rhs),rhsMax =  -5.67504112325423E-06  1.93483187110631E+00
 cg2d: Sum(rhs),rhsMax =  -5.67589998468065E-06  1.93453908822712E+00
 cg2d: Sum(rhs),rhsMax =  -5.67676028140340E-06  1.93424590116776E+00
 cg2d: Sum(rhs),rhsMax =  -5.67762241132641E-06  1.93395231171077E+00
 cg2d: Sum(rhs),rhsMax =  -5.67848506705104E-06  1.93365832164247E+00
 cg2d: Sum(rhs),rhsMax =  -5.67935006756670E-06  1.93336393275354E+00
 cg2d: Sum(rhs),rhsMax =  -5.68021609126390E-06  1.93306914683932E+00
 cg2d: Sum(rhs),rhsMax =  -5.68108399079392E-06  1.93277396570016E+00
 cg2d: Sum(rhs),rhsMax =  -5.68195291350548E-06  1.93247839114177E+00
 cg2d: Sum(rhs),rhsMax =  -5.68282307256140E-06  1.93218242497555E+00
 cg2d: Sum(rhs),rhsMax =  -5.68369489428733E-06  1.93188606901889E+00
 cg2d: Sum(rhs),rhsMax =  -5.68456782445992E-06  1.93158932509538E+00
 cg2d: Sum(rhs),rhsMax =  -5.68544240309166E-06  1.93129219503513E+00
 cg2d: Sum(rhs),rhsMax =  -5.68631894282134E-06  1.93099468067486E+00
 cg2d: Sum(rhs),rhsMax =  -5.68719578097898E-06  1.93069678385818E+00
 cg2d: Sum(rhs),rhsMax =  -5.68807473655397E-06  1.93039850643570E+00
 cg2d: Sum(rhs),rhsMax =  -5.68895490005161E-06  1.93009985026514E+00
 cg2d: Sum(rhs),rhsMax =  -5.68983624305019E-06  1.92980081721141E+00
 cg2d: Sum(rhs),rhsMax =  -5.69071873712801E-06  1.92950140914672E+00
 cg2d: Sum(rhs),rhsMax =  -5.69160316388206E-06  1.92920162795054E+00
 cg2d: Sum(rhs),rhsMax =  -5.69248925330612E-06  1.92890147550965E+00
 cg2d: Sum(rhs),rhsMax =  -5.69337591116437E-06  1.92860095371810E+00
 cg2d: Sum(rhs),rhsMax =  -5.69426481433766E-06  1.92830006447714E+00
 cg2d: Sum(rhs),rhsMax =  -5.69515466963821E-06  1.92799880969517E+00
 cg2d: Sum(rhs),rhsMax =  -5.69604533495749E-06  1.92769719128756E+00
 cg2d: Sum(rhs),rhsMax =  -5.69693779084446E-06  1.92739521117660E+00
 cg2d: Sum(rhs),rhsMax =  -5.69783149728664E-06  1.92709287129128E+00
 cg2d: Sum(rhs),rhsMax =  -5.69847252052114E-06  1.92687610660762E+00
 cg2d: Sum(rhs),rhsMax =  -5.69810261197290E-06  1.92700113891575E+00
 cg2d: Sum(rhs),rhsMax =  -5.69773472136603E-06  1.92712565034881E+00
 cg2d: Sum(rhs),rhsMax =  -5.69736802447096E-06  1.92724964048331E+00
 cg2d: Sum(rhs),rhsMax =  -5.69700306130017E-06  1.92737310889834E+00
 cg2d: Sum(rhs),rhsMax =  -5.69663960447997E-06  1.92749605517511E+00
 cg2d: Sum(rhs),rhsMax =  -5.69627765401037E-06  1.92761847889648E+00
 cg2d: Sum(rhs),rhsMax =  -5.69591827570548E-06  1.92774037964651E+00
 cg2d: Sum(rhs),rhsMax =  -5.69555933793708E-06  1.92786175701003E+00
 cg2d: Sum(rhs),rhsMax =  -5.69520175019989E-06  1.92798261057231E+00
 cg2d: Sum(rhs),rhsMax =  -5.69484646462115E-06  1.92810293991862E+00
 cg2d: Sum(rhs),rhsMax =  -5.69449323961635E-06  1.92822274463391E+00
 cg2d: Sum(rhs),rhsMax =  -5.69414075357599E-06  1.92834202430256E+00
 cg2d: Sum(rhs),rhsMax =  -5.69378984494051E-06  1.92846077850825E+00
 cg2d: Sum(rhs),rhsMax =  -5.69344059897503E-06  1.92857900683334E+00
 cg2d: Sum(rhs),rhsMax =  -5.69309312936639E-06  1.92869670885906E+00
 cg2d: Sum(rhs),rhsMax =  -5.69274746453630E-06  1.92881388416525E+00
 cg2d: Sum(rhs),rhsMax =  -5.69240383185843E-06  1.92893053233024E+00
 cg2d: Sum(rhs),rhsMax =  -5.69206046918680E-06  1.92904665293076E+00
 cg2d: Sum(rhs),rhsMax =  -5.69171918129996E-06  1.92916224554201E+00
 cg2d: Sum(rhs),rhsMax =  -5.69138013872816E-06  1.92927730973758E+00
 cg2d: Sum(rhs),rhsMax =  -5.69104244618757E-06  1.92939184508960E+00
 cg2d: Sum(rhs),rhsMax =  -5.69070618894330E-06  1.92950585116876E+00
 cg2d: Sum(rhs),rhsMax =  -5.69037155173646E-06  1.92961932754448E+00
 cg2d: Sum(rhs),rhsMax =  -5.69003809403057E-06  1.92973227378499E+00
 cg2d: Sum(rhs),rhsMax =  -5.68970723691109E-06  1.92984468945773E+00
 cg2d: Sum(rhs),rhsMax =  -5.68937717559947E-06  1.92995657412976E+00
 cg2d: Sum(rhs),rhsMax =  -5.68904862063846E-06  1.93006792736802E+00
 cg2d: Sum(rhs),rhsMax =  -5.68872226835992E-06  1.93017874873964E+00
 cg2d: Sum(rhs),rhsMax =  -5.68839696768464E-06  1.93028903781204E+00
 cg2d: Sum(rhs),rhsMax =  -5.68807405443295E-06  1.93039879415339E+00
 cg2d: Sum(rhs),rhsMax =  -5.68775203646510E-06  1.93050801733308E+00
 cg2d: Sum(rhs),rhsMax =  -5.68743202222777E-06  1.93061670692209E+00
 cg2d: Sum(rhs),rhsMax =  -5.68711273274403E-06  1.93072486249376E+00
 cg2d: Sum(rhs),rhsMax =  -5.68679629964208E-06  1.93083248362411E+00
 cg2d: Sum(rhs),rhsMax =  -5.68648070498057E-06  1.93093956989238E+00
 cg2d: Sum(rhs),rhsMax =  -5.68616732721239E-06  1.93104612088171E+00
 cg2d: Sum(rhs),rhsMax =  -5.68585467419780E-06  1.93115213617947E+00
 cg2d: Sum(rhs),rhsMax =  -5.68554447966108E-06  1.93125761537797E+00
 cg2d: Sum(rhs),rhsMax =  -5.68523529409504E-06  1.93136255807167E+00
 cg2d: Sum(rhs),rhsMax =  -5.68492781383156E-06  1.93146696386053E+00
 cg2d: Sum(rhs),rhsMax =  -5.68462220940091E-06  1.93157083235635E+00
 cg2d: Sum(rhs),rhsMax =  -5.68431813974257E-06  1.93167416318228E+00
 cg2d: Sum(rhs),rhsMax =  -5.68401556222398E-06  1.93177695596833E+00
 cg2d: Sum(rhs),rhsMax =  -5.68371437736914E-06  1.93187921034883E+00
 cg2d: Sum(rhs),rhsMax =  -5.68341530993166E-06  1.93198092596381E+00
 cg2d: Sum(rhs),rhsMax =  -5.68311784832076E-06  1.93208210246143E+00
 cg2d: Sum(rhs),rhsMax =  -5.68282156621081E-06  1.93218273949999E+00
 cg2d: Sum(rhs),rhsMax =  -5.68252730204222E-06  1.93228283674865E+00
 cg2d: Sum(rhs),rhsMax =  -5.68223507002585E-06  1.93238239388773E+00
 cg2d: Sum(rhs),rhsMax =  -5.68194391803445E-06  1.93248141060879E+00
 cg2d: Sum(rhs),rhsMax =  -5.68165449976732E-06  1.93257988661465E+00
 cg2d: Sum(rhs),rhsMax =  -5.68136627521199E-06  1.93267782161959E+00
 cg2d: Sum(rhs),rhsMax =  -5.68107986964606E-06  1.93277521534952E+00
 cg2d: Sum(rhs),rhsMax =  -5.68079543938893E-06  1.93287206754225E+00
 cg2d: Sum(rhs),rhsMax =  -5.68051245863899E-06  1.93296837794764E+00
 cg2d: Sum(rhs),rhsMax =  -5.68023041580545E-06  1.93306414632779E+00
 cg2d: Sum(rhs),rhsMax =  -5.67995100198004E-06  1.93315937245714E+00
 cg2d: Sum(rhs),rhsMax =  -5.67967303766181E-06  1.93325405612254E+00
 cg2d: Sum(rhs),rhsMax =  -5.67939672180273E-06  1.93334819712336E+00
 cg2d: Sum(rhs),rhsMax =  -5.67912125859493E-06  1.93344179527127E+00
 cg2d: Sum(rhs),rhsMax =  -5.67884774227423E-06  1.93353485039043E+00
 cg2d: Sum(rhs),rhsMax =  -5.67857669864225E-06  1.93362736231709E+00
 cg2d: Sum(rhs),rhsMax =  -5.67830676345693E-06  1.93371933089966E+00
 cg2d: Sum(rhs),rhsMax =  -5.67803768092290E-06  1.93381075599835E+00
 cg2d: Sum(rhs),rhsMax =  -5.67777041737827E-06  1.93390163748499E+00
 cg2d: Sum(rhs),rhsMax =  -5.67750623758911E-06  1.93399197524280E+00
 cg2d: Sum(rhs),rhsMax =  -5.67724231359534E-06  1.93408176916601E+00
 cg2d: Sum(rhs),rhsMax =  -5.67697965436764E-06  1.93417101915959E+00
 cg2d: Sum(rhs),rhsMax =  -5.67672010731712E-06  1.93425972513886E+00
 cg2d: Sum(rhs),rhsMax =  -5.67646097238139E-06  1.93434788702914E+00
 cg2d: Sum(rhs),rhsMax =  -5.67620374170019E-06  1.93443550476527E+00
 cg2d: Sum(rhs),rhsMax =  -5.67594864264720E-06  1.93452257829123E+00
 cg2d: Sum(rhs),rhsMax =  -5.67569497889053E-06  1.93460910755964E+00
 cg2d: Sum(rhs),rhsMax =  -5.67544245200224E-06  1.93469509253124E+00
 cg2d: Sum(rhs),rhsMax =  -5.67519170147079E-06  1.93478053317442E+00
 cg2d: Sum(rhs),rhsMax =  -5.67494298309157E-06  1.93486542946461E+00
 cg2d: Sum(rhs),rhsMax =  -5.67469564316525E-06  1.93494978138386E+00
 cg2d: Sum(rhs),rhsMax =  -5.67444897114910E-06  1.93503358892018E+00
 cg2d: Sum(rhs),rhsMax =  -5.67420558184040E-06  1.93511685206702E+00
 cg2d: Sum(rhs),rhsMax =  -5.67396293149613E-06  1.93519957082273E+00
 cg2d: Sum(rhs),rhsMax =  -5.67372188697846E-06  1.93528174519001E+00
 cg2d: Sum(rhs),rhsMax =  -5.67348303093240E-06  1.93536337517532E+00
 cg2d: Sum(rhs),rhsMax =  -5.67324462963370E-06  1.93544446078836E+00
 cg2d: Sum(rhs),rhsMax =  -5.67300867260201E-06  1.93552500193498E+00
 cg2d: Sum(rhs),rhsMax =  -5.67277466245741E-06  1.93560499876407E+00
 cg2d: Sum(rhs),rhsMax =  -5.67254177497034E-06  1.93568445136057E+00
 cg2d: Sum(rhs),rhsMax =  -5.67231069226182E-06  1.93576335975987E+00
 cg2d: Sum(rhs),rhsMax =  -5.67208097379535E-06  1.93584172399555E+00
 cg2d: Sum(rhs),rhsMax =  -5.67185294642059E-06  1.93591954411484E+00
 cg2d: Sum(rhs),rhsMax =  -5.67162615539019E-06  1.93599682017623E+00
 cg2d: Sum(rhs),rhsMax =  -5.67140163809654E-06  1.93607355224380E+00
 cg2d: Sum(rhs),rhsMax =  -5.67117842820153E-06  1.93614974038409E+00
 cg2d: Sum(rhs),rhsMax =  -5.67095669623541E-06  1.93622538466493E+00
 cg2d: Sum(rhs),rhsMax =  -5.67073720958433E-06  1.93630048515479E+00
 cg2d: Sum(rhs),rhsMax =  -5.67051847610855E-06  1.93637504192229E+00
 cg2d: Sum(rhs),rhsMax =  -5.67030191689355E-06  1.93644905503550E+00
 cg2d: Sum(rhs),rhsMax =  -5.67008618190812E-06  1.93652251607574E+00
 cg2d: Sum(rhs),rhsMax =  -5.66987326067192E-06  1.93659543799339E+00
 cg2d: Sum(rhs),rhsMax =  -5.66966161841265E-06  1.93666782213039E+00
 cg2d: Sum(rhs),rhsMax =  -5.66945098512406E-06  1.93673966652213E+00
 cg2d: Sum(rhs),rhsMax =  -5.66924248346368E-06  1.93681097038455E+00
 cg2d: Sum(rhs),rhsMax =  -5.66903538867791E-06  1.93688173422629E+00
 cg2d: Sum(rhs),rhsMax =  -5.66882972918847E-06  1.93695195908546E+00
 cg2d: Sum(rhs),rhsMax =  -5.66862513551314E-06  1.93702164600535E+00
 cg2d: Sum(rhs),rhsMax =  -5.66842325611105E-06  1.93709079590191E+00
 cg2d: Sum(rhs),rhsMax =  -5.66822234304709E-06  1.93715940959624E+00
 cg2d: Sum(rhs),rhsMax =  -5.66802347634621E-06  1.93722748784990E+00
 cg2d: Sum(rhs),rhsMax =  -5.66782560440515E-06  1.93729503137502E+00
 cg2d: Sum(rhs),rhsMax =  -5.66762957987521E-06  1.93736204083387E+00
 cg2d: Sum(rhs),rhsMax =  -5.66743541696724E-06  1.93742851683625E+00
 cg2d: Sum(rhs),rhsMax =  -5.66724213513226E-06  1.93749445993742E+00
 cg2d: Sum(rhs),rhsMax =  -5.66705114124488E-06  1.93755987063650E+00
 cg2d: Sum(rhs),rhsMax =  -5.66686108527392E-06  1.93762474937505E+00
 cg2d: Sum(rhs),rhsMax =  -5.66667256407527E-06  1.93768909653661E+00
 cg2d: Sum(rhs),rhsMax =  -5.66648652977619E-06  1.93775291244675E+00
 cg2d: Sum(rhs),rhsMax =  -5.66630180287575E-06  1.93781619737372E+00
 cg2d: Sum(rhs),rhsMax =  -5.66611780072890E-06  1.93787895152957E+00
 cg2d: Sum(rhs),rhsMax =  -5.66593590178854E-06  1.93794117507154E+00
 cg2d: Sum(rhs),rhsMax =  -5.66575519655999E-06  1.93800286810352E+00
 cg2d: Sum(rhs),rhsMax =  -5.66557638137510E-06  1.93806403067731E+00
 cg2d: Sum(rhs),rhsMax =  -5.66539915780595E-06  1.93812466279416E+00
 cg2d: Sum(rhs),rhsMax =  -5.66522348321996E-06  1.93818476440599E+00
 cg2d: Sum(rhs),rhsMax =  -5.66504967025594E-06  1.93824433541734E+00
 cg2d: Sum(rhs),rhsMax =  -5.66487742048594E-06  1.93830337568766E+00
 cg2d: Sum(rhs),rhsMax =  -5.66470843921252E-06  1.93836116928164E+00
 cg2d: Sum(rhs),rhsMax =  -5.66454029637953E-06  1.93841859247065E+00
 cg2d: Sum(rhs),rhsMax =  -5.66437451254842E-06  1.93847548868038E+00
 cg2d: Sum(rhs),rhsMax =  -5.66420990821825E-06  1.93853179542464E+00
 cg2d: Sum(rhs),rhsMax =  -5.66404710866664E-06  1.93858751630224E+00
 cg2d: Sum(rhs),rhsMax =  -5.66388582967647E-06  1.93864264588717E+00
 cg2d: Sum(rhs),rhsMax =  -5.66372659704939E-06  1.93869717304789E+00
 cg2d: Sum(rhs),rhsMax =  -5.66356881392949E-06  1.93875108711588E+00
 cg2d: Sum(rhs),rhsMax =  -5.66341324770292E-06  1.93880437821688E+00
 cg2d: Sum(rhs),rhsMax =  -5.66325917361610E-06  1.93885703694348E+00
 cg2d: Sum(rhs),rhsMax =  -5.66310794170022E-06  1.93890905441622E+00
 cg2d: Sum(rhs),rhsMax =  -5.66295742032707E-06  1.93896042242941E+00
 cg2d: Sum(rhs),rhsMax =  -5.66280964164889E-06  1.93901113355061E+00
 cg2d: Sum(rhs),rhsMax =  -5.66266352564071E-06  1.93906118118347E+00
 cg2d: Sum(rhs),rhsMax =  -5.66251895861569E-06  1.93911055961382E+00
 cg2d: Sum(rhs),rhsMax =  -5.66237699217709E-06  1.93915926404672E+00
 cg2d: Sum(rhs),rhsMax =  -5.66223700104729E-06  1.93920729063567E+00
 cg2d: Sum(rhs),rhsMax =  -5.66209816099672E-06  1.93925463650397E+00
 cg2d: Sum(rhs),rhsMax =  -5.66196221996051E-06  1.93930129975894E+00
 cg2d: Sum(rhs),rhsMax =  -5.66182794159431E-06  1.93934727949824E+00
 cg2d: Sum(rhs),rhsMax =  -5.66169599380828E-06  1.93939257580877E+00
 cg2d: Sum(rhs),rhsMax =  -5.66156543868601E-06  1.93943718975751E+00
 cg2d: Sum(rhs),rhsMax =  -5.66143725677648E-06  1.93948112337466E+00
 cg2d: Sum(rhs),rhsMax =  -5.66131097912148E-06  1.93952437962884E+00
 cg2d: Sum(rhs),rhsMax =  -5.66118684730554E-06  1.93956696239515E+00
 cg2d: Sum(rhs),rhsMax =  -5.66106403709910E-06  1.93960887641636E+00
 cg2d: Sum(rhs),rhsMax =  -5.66094344378598E-06  1.93965012725811E+00
 cg2d: Sum(rhs),rhsMax =  -5.66082567843296E-06  1.93969072125875E+00
 cg2d: Sum(rhs),rhsMax =  -5.66070900731575E-06  1.93973066547430E+00
 cg2d: Sum(rhs),rhsMax =  -5.66059421203136E-06  1.93976996761927E+00
 cg2d: Sum(rhs),rhsMax =  -5.66048147732090E-06  1.93980863600334E+00
 cg2d: Sum(rhs),rhsMax =  -5.66037033422617E-06  1.93984667946424E+00
 cg2d: Sum(rhs),rhsMax =  -5.66026103854256E-06  1.93988410729748E+00
 cg2d: Sum(rhs),rhsMax =  -5.66015354763749E-06  1.93992092918262E+00
 cg2d: Sum(rhs),rhsMax =  -5.66004806046294E-06  1.93995715510712E+00
 cg2d: Sum(rhs),rhsMax =  -5.65994410806070E-06  1.93999279528808E+00
 cg2d: Sum(rhs),rhsMax =  -5.65984167621991E-06  1.94002786009242E+00
 cg2d: Sum(rhs),rhsMax =  -5.65974090704913E-06  1.94006235995642E+00
 cg2d: Sum(rhs),rhsMax =  -5.65964208476544E-06  1.94009630530508E+00
 cg2d: Sum(rhs),rhsMax =  -5.65954475462149E-06  1.94012970647224E+00
 cg2d: Sum(rhs),rhsMax =  -5.65944830555054E-06  1.94016257362173E+00
 cg2d: Sum(rhs),rhsMax =  -5.65935454233113E-06  1.94019491667060E+00
 cg2d: Sum(rhs),rhsMax =  -5.65926166018471E-06  1.94022674521477E+00
 cg2d: Sum(rhs),rhsMax =  -5.65917036965402E-06  1.94025806845760E+00
 cg2d: Sum(rhs),rhsMax =  -5.65908069916077E-06  1.94028889514216E+00
 cg2d: Sum(rhs),rhsMax =  -5.65899129867375E-06  1.94031923348743E+00
 cg2d: Sum(rhs),rhsMax =  -5.65890496773136E-06  1.94034909112891E+00
 cg2d: Sum(rhs),rhsMax =  -5.65881924785572E-06  1.94037847506446E+00
 cg2d: Sum(rhs),rhsMax =  -5.65873473590273E-06  1.94040739160513E+00
 cg2d: Sum(rhs),rhsMax =  -5.65865192925230E-06  1.94043584633186E+00
 cg2d: Sum(rhs),rhsMax =  -5.65857018841598E-06  1.94046384405800E+00
 cg2d: Sum(rhs),rhsMax =  -5.65848959865889E-06  1.94049138879822E+00
 cg2d: Sum(rhs),rhsMax =  -5.65841037314385E-06  1.94051848374367E+00
 cg2d: Sum(rhs),rhsMax =  -5.65833332188959E-06  1.94054513124378E+00
 cg2d: Sum(rhs),rhsMax =  -5.65825656906327E-06  1.94057133279472E+00
 cg2d: Sum(rhs),rhsMax =  -5.65818181996747E-06  1.94059708903460E+00
 cg2d: Sum(rhs),rhsMax =  -5.65810829300517E-06  1.94062239974539E+00
 cg2d: Sum(rhs),rhsMax =  -5.65803486551886E-06  1.94064726386141E+00
 cg2d: Sum(rhs),rhsMax =  -5.65796399598639E-06  1.94067167948466E+00
 cg2d: Sum(rhs),rhsMax =  -5.65789405015948E-06  1.94069564390631E+00
 cg2d: Sum(rhs),rhsMax =  -5.65782592332198E-06  1.94071915363461E+00
 cg2d: Sum(rhs),rhsMax =  -5.65775816596670E-06  1.94074220442879E+00
 cg2d: Sum(rhs),rhsMax =  -5.65769276761330E-06  1.94076479133867E+00
 cg2d: Sum(rhs),rhsMax =  -5.65762837823058E-06  1.94078690874961E+00
 cg2d: Sum(rhs),rhsMax =  -5.65756499781855E-06  1.94080855043261E+00
 cg2d: Sum(rhs),rhsMax =  -5.65750308112456E-06  1.94082970959889E+00
 cg2d: Sum(rhs),rhsMax =  -5.65744329605877E-06  1.94085037895865E+00
 cg2d: Sum(rhs),rhsMax =  -5.65738450575282E-06  1.94087055078360E+00
 cg2d: Sum(rhs),rhsMax =  -5.65732700863464E-06  1.94089021697251E+00
 cg2d: Sum(rhs),rhsMax =  -5.65727121681903E-06  1.94090936911953E+00
 cg2d: Sum(rhs),rhsMax =  -5.65721668976948E-06  1.94092799858458E+00
 cg2d: Sum(rhs),rhsMax =  -5.65716386802251E-06  1.94094609656529E+00
 cg2d: Sum(rhs),rhsMax =  -5.65711324895801E-06  1.94096365417005E+00
 cg2d: Sum(rhs),rhsMax =  -5.65706346833394E-06  1.94098066249147E+00
 cg2d: Sum(rhs),rhsMax =  -5.65701529353646E-06  1.94099711267978E+00
 cg2d: Sum(rhs),rhsMax =  -5.65696895193923E-06  1.94101299601569E+00
 cg2d: Sum(rhs),rhsMax =  -5.65692424459030E-06  1.94102830398205E+00
 cg2d: Sum(rhs),rhsMax =  -5.65688134201991E-06  1.94104302833390E+00
 cg2d: Sum(rhs),rhsMax =  -5.65684037212577E-06  1.94105716116633E+00
 cg2d: Sum(rhs),rhsMax =  -5.65680066699770E-06  1.94107069497967E+00
 cg2d: Sum(rhs),rhsMax =  -5.65676351982347E-06  1.94108362274151E+00
 cg2d: Sum(rhs),rhsMax =  -5.65672725372224E-06  1.94109593794516E+00
 cg2d: Sum(rhs),rhsMax =  -5.65669343188802E-06  1.94110763466400E+00
 cg2d: Sum(rhs),rhsMax =  -5.65666158536260E-06  1.94111870760137E+00
 cg2d: Sum(rhs),rhsMax =  -5.65663066254274E-06  1.94112915213572E+00
 cg2d: Sum(rhs),rhsMax =  -5.65660148765801E-06  1.94113896436046E+00
 cg2d: Sum(rhs),rhsMax =  -5.65657538231790E-06  1.94114814111838E+00
 cg2d: Sum(rhs),rhsMax =  -5.65655071227411E-06  1.94115668003059E+00
 cg2d: Sum(rhs),rhsMax =  -5.65652752015922E-06  1.94116457951904E+00
 cg2d: Sum(rhs),rhsMax =  -5.65650648809424E-06  1.94117183882356E+00
 cg2d: Sum(rhs),rhsMax =  -5.65648726080781E-06  1.94117845801236E+00
 cg2d: Sum(rhs),rhsMax =  -5.65646956829369E-06  1.94118443798629E+00
 cg2d: Sum(rhs),rhsMax =  -5.65645406425119E-06  1.94118978047720E+00
 cg2d: Sum(rhs),rhsMax =  -5.65644063499349E-06  1.94119448803965E+00
 cg2d: Sum(rhs),rhsMax =  -5.65642837102587E-06  1.94119856403700E+00
 cg2d: Sum(rhs),rhsMax =  -5.65641795446936E-06  1.94120201262108E+00
 cg2d: Sum(rhs),rhsMax =  -5.65640992533645E-06  1.94120483870654E+00
 cg2d: Sum(rhs),rhsMax =  -5.65640367256037E-06  1.94120704793913E+00
 cg2d: Sum(rhs),rhsMax =  -5.65639898297832E-06  1.94120864665921E+00
 cg2d: Sum(rhs),rhsMax =  -5.65639595606626E-06  1.94120964185976E+00
 cg2d: Sum(rhs),rhsMax =  -5.65639501814985E-06  1.94121004114007E+00
 cg2d: Sum(rhs),rhsMax =  -5.65639571448173E-06  1.94120985265491E+00
 cg2d: Sum(rhs),rhsMax =  -5.65639776084481E-06  1.94120908505984E+00
 cg2d: Sum(rhs),rhsMax =  -5.65640146987789E-06  1.94120774745305E+00
 cg2d: Sum(rhs),rhsMax =  -5.65640749528029E-06  1.94120584931408E+00
 cg2d: Sum(rhs),rhsMax =  -5.65641403227346E-06  1.94120340043983E+00
 cg2d: Sum(rhs),rhsMax =  -5.65642253036458E-06  1.94120041087884E+00
 cg2d: Sum(rhs),rhsMax =  -5.65643344430100E-06  1.94119689086341E+00
 cg2d: Sum(rhs),rhsMax =  -5.65644523931041E-06  1.94119285074104E+00
 cg2d: Sum(rhs),rhsMax =  -5.65645861172470E-06  1.94118830090499E+00
 cg2d: Sum(rhs),rhsMax =  -5.65647275152514E-06  1.94118325172486E+00
 cg2d: Sum(rhs),rhsMax =  -5.65648929296003E-06  1.94117771347764E+00
 cg2d: Sum(rhs),rhsMax =  -5.65650712758270E-06  1.94117169627954E+00
 cg2d: Sum(rhs),rhsMax =  -5.65652598538691E-06  1.94116521001938E+00
 cg2d: Sum(rhs),rhsMax =  -5.65654538320359E-06  1.94115826429375E+00
 cg2d: Sum(rhs),rhsMax =  -5.65656738160669E-06  1.94115086834478E+00
 cg2d: Sum(rhs),rhsMax =  -5.65659050266731E-06  1.94114303100038E+00
 cg2d: Sum(rhs),rhsMax =  -5.65661427742725E-06  1.94113476061816E+00
 cg2d: Sum(rhs),rhsMax =  -5.65663928853155E-06  1.94112606503258E+00
 cg2d: Sum(rhs),rhsMax =  -5.65666594809500E-06  1.94111695150647E+00
 cg2d: Sum(rhs),rhsMax =  -5.65669412821990E-06  1.94110742668654E+00
 cg2d: Sum(rhs),rhsMax =  -5.65672254992933E-06  1.94109749656402E+00
 cg2d: Sum(rhs),rhsMax =  -5.65675284747158E-06  1.94108716643960E+00
 cg2d: Sum(rhs),rhsMax =  -5.65678392661084E-06  1.94107644089409E+00
 cg2d: Sum(rhs),rhsMax =  -5.65681619946190E-06  1.94106532376406E+00
 cg2d: Sum(rhs),rhsMax =  -5.65685007813954E-06  1.94105381812304E+00
 cg2d: Sum(rhs),rhsMax =  -5.65688475262505E-06  1.94104192626834E+00
 cg2d: Sum(rhs),rhsMax =  -5.65692018028585E-06  1.94102964971346E+00
 cg2d: Sum(rhs),rhsMax =  -5.65695737009264E-06  1.94101698918620E+00
 cg2d: Sum(rhs),rhsMax =  -5.65699528465302E-06  1.94100394463237E+00
 cg2d: Sum(rhs),rhsMax =  -5.65703471977486E-06  1.94099051522509E+00
 cg2d: Sum(rhs),rhsMax =  -5.65707465227661E-06  1.94097669937966E+00
 cg2d: Sum(rhs),rhsMax =  -5.65711678746084E-06  1.94096249477356E+00
 cg2d: Sum(rhs),rhsMax =  -5.65715873790396E-06  1.94094789837186E+00
 cg2d: Sum(rhs),rhsMax =  -5.65720242207135E-06  1.94093290645739E+00
 cg2d: Sum(rhs),rhsMax =  -5.65724704415516E-06  1.94091751466562E+00
 cg2d: Sum(rhs),rhsMax =  -5.65729338575238E-06  1.94090171802404E+00
 cg2d: Sum(rhs),rhsMax =  -5.65734104895910E-06  1.94088551099556E+00
 cg2d: Sum(rhs),rhsMax =  -5.65738963587137E-06  1.94086888752567E+00
 cg2d: Sum(rhs),rhsMax =  -5.65743906122407E-06  1.94085184109299E+00
 cg2d: Sum(rhs),rhsMax =  -5.65749020609019E-06  1.94083436476275E+00
 cg2d: Sum(rhs),rhsMax =  -5.65754191939050E-06  1.94081645124307E+00
 cg2d: Sum(rhs),rhsMax =  -5.65759518167397E-06  1.94079809294306E+00
 cg2d: Sum(rhs),rhsMax =  -5.65764973714522E-06  1.94077928203298E+00
 cg2d: Sum(rhs),rhsMax =  -5.65770672267263E-06  1.94076001050541E+00
 cg2d: Sum(rhs),rhsMax =  -5.65776446137534E-06  1.94074027023743E+00
 cg2d: Sum(rhs),rhsMax =  -5.65782325168129E-06  1.94072005305309E+00
 cg2d: Sum(rhs),rhsMax =  -5.65788343465101E-06  1.94069935078570E+00
 cg2d: Sum(rhs),rhsMax =  -5.65794537976672E-06  1.94067815533978E+00
 cg2d: Sum(rhs),rhsMax =  -5.65800854701592E-06  1.94065645875183E+00
 cg2d: Sum(rhs),rhsMax =  -5.65807316377231E-06  1.94063425324982E+00
 cg2d: Sum(rhs),rhsMax =  -5.65813977004836E-06  1.94061153131074E+00
 cg2d: Sum(rhs),rhsMax =  -5.65820717213228E-06  1.94058828571595E+00
 cg2d: Sum(rhs),rhsMax =  -5.65827700427235E-06  1.94056450960392E+00
 cg2d: Sum(rhs),rhsMax =  -5.65834731958148E-06  1.94054019651995E+00
 cg2d: Sum(rhs),rhsMax =  -5.65842006494677E-06  1.94051534046257E+00
 cg2d: Sum(rhs),rhsMax =  -5.65849438771693E-06  1.94048993592632E+00
 cg2d: Sum(rhs),rhsMax =  -5.65857030210282E-06  1.94046397794058E+00
 cg2d: Sum(rhs),rhsMax =  -5.65864689860973E-06  1.94043746210422E+00
 cg2d: Sum(rhs),rhsMax =  -5.65872605307050E-06  1.94041038461593E+00
 cg2d: Sum(rhs),rhsMax =  -5.65880658598417E-06  1.94038274229981E+00
 cg2d: Sum(rhs),rhsMax =  -5.65888885262211E-06  1.94035453262653E+00
 cg2d: Sum(rhs),rhsMax =  -5.65897306614715E-06  1.94032575372932E+00
 cg2d: Sum(rhs),rhsMax =  -5.65905838811886E-06  1.94029640441530E+00
 cg2d: Sum(rhs),rhsMax =  -5.65914555750169E-06  1.94026648417169E+00
 cg2d: Sum(rhs),rhsMax =  -5.65923470219332E-06  1.94023599316719E+00
 cg2d: Sum(rhs),rhsMax =  -5.65932509744016E-06  1.94020493224836E+00
 cg2d: Sum(rhs),rhsMax =  -5.65941726904384E-06  1.94017330293110E+00
 cg2d: Sum(rhs),rhsMax =  -5.65951158648659E-06  1.94014110738754E+00
 cg2d: Sum(rhs),rhsMax =  -5.65960661447207E-06  1.94010834842819E+00
 cg2d: Sum(rhs),rhsMax =  -5.65970432830909E-06  1.94007502947963E+00
 cg2d: Sum(rhs),rhsMax =  -5.65980290900825E-06  1.94004115455812E+00
 cg2d: Sum(rhs),rhsMax =  -5.65990343659450E-06  1.94000672823905E+00
 cg2d: Sum(rhs),rhsMax =  -5.66000565527247E-06  1.93997175562273E+00
 cg2d: Sum(rhs),rhsMax =  -5.66010923819249E-06  1.93993624229678E+00
 cg2d: Sum(rhs),rhsMax =  -5.66021419956542E-06  1.93990019429520E+00
 cg2d: Sum(rhs),rhsMax =  -5.66032059623467E-06  1.93986361805485E+00
 cg2d: Sum(rhs),rhsMax =  -5.66042939453837E-06  1.93982652036935E+00
 cg2d: Sum(rhs),rhsMax =  -5.66053890338480E-06  1.93978890834080E+00
 cg2d: Sum(rhs),rhsMax =  -5.66065016016637E-06  1.93975078933002E+00
 cg2d: Sum(rhs),rhsMax =  -5.66076295172024E-06  1.93971217090512E+00
 cg2d: Sum(rhs),rhsMax =  -5.66087690856421E-06  1.93967306078946E+00
 cg2d: Sum(rhs),rhsMax =  -5.66099207333082E-06  1.93963346680872E+00
 cg2d: Sum(rhs),rhsMax =  -5.66110956867760E-06  1.93959339683810E+00
 cg2d: Sum(rhs),rhsMax =  -5.66122747613917E-06  1.93955285874950E+00
 cg2d: Sum(rhs),rhsMax =  -5.66134782786776E-06  1.93951186035952E+00
 cg2d: Sum(rhs),rhsMax =  -5.66146873381967E-06  1.93947040937823E+00
 cg2d: Sum(rhs),rhsMax =  -5.66159138770672E-06  1.93942851335948E+00
 cg2d: Sum(rhs),rhsMax =  -5.66171434002172E-06  1.93938617947834E+00
 cg2d: Sum(rhs),rhsMax =  -5.66183928185637E-06  1.93934341472381E+00
 cg2d: Sum(rhs),rhsMax =  -5.66196514739659E-06  1.93930022608588E+00
 cg2d: Sum(rhs),rhsMax =  -5.66209203611834E-06  1.93925662031029E+00
 cg2d: Sum(rhs),rhsMax =  -5.66222101383573E-06  1.93921260362090E+00
 cg2d: Sum(rhs),rhsMax =  -5.66235058840903E-06  1.93916818165304E+00
 cg2d: Sum(rhs),rhsMax =  -5.66248171196548E-06  1.93912335952134E+00
 cg2d: Sum(rhs),rhsMax =  -5.66261411449887E-06  1.93907814189246E+00
 cg2d: Sum(rhs),rhsMax =  -5.66274697177960E-06  1.93903253300071E+00
 cg2d: Sum(rhs),rhsMax =  -5.66288157699546E-06  1.93898653661591E+00
 cg2d: Sum(rhs),rhsMax =  -5.66301699223004E-06  1.93894015600031E+00
 cg2d: Sum(rhs),rhsMax =  -5.66315337380274E-06  1.93889339387827E+00
 cg2d: Sum(rhs),rhsMax =  -5.66329114803921E-06  1.93884625242189E+00
 cg2d: Sum(rhs),rhsMax =  -5.66342977492695E-06  1.93879873324716E+00
 cg2d: Sum(rhs),rhsMax =  -5.66356993658701E-06  1.93875083741590E+00
 cg2d: Sum(rhs),rhsMax =  -5.66371087984407E-06  1.93870256544164E+00
 cg2d: Sum(rhs),rhsMax =  -5.66385349998200E-06  1.93865391729908E+00
 cg2d: Sum(rhs),rhsMax =  -5.66399599222223E-06  1.93860489243712E+00
 cg2d: Sum(rhs),rhsMax =  -5.66414048819297E-06  1.93855548979504E+00
 cg2d: Sum(rhs),rhsMax =  -5.66428631998406E-06  1.93850570782205E+00
 cg2d: Sum(rhs),rhsMax =  -5.66443232230540E-06  1.93845554449993E+00
 cg2d: Sum(rhs),rhsMax =  -5.66458008677273E-06  1.93840499736892E+00
 cg2d: Sum(rhs),rhsMax =  -5.66472903074100E-06  1.93835406355648E+00
 cg2d: Sum(rhs),rhsMax =  -5.66487942421645E-06  1.93830273980918E+00
 cg2d: Sum(rhs),rhsMax =  -5.66503020138498E-06  1.93825102252738E+00
 cg2d: Sum(rhs),rhsMax =  -5.66518237121727E-06  1.93819890780225E+00
 cg2d: Sum(rhs),rhsMax =  -5.66533617529785E-06  1.93814639145496E+00
 cg2d: Sum(rhs),rhsMax =  -5.66549081781886E-06  1.93809346907750E+00
 cg2d: Sum(rhs),rhsMax =  -5.66564661141911E-06  1.93804013607471E+00
 cg2d: Sum(rhs),rhsMax =  -5.66580399663508E-06  1.93798638770713E+00
 cg2d: Sum(rhs),rhsMax =  -5.66596231976746E-06  1.93793221913442E+00
 cg2d: Sum(rhs),rhsMax =  -5.66612222030471E-06  1.93787762545877E+00
 cg2d: Sum(rhs),rhsMax =  -5.66628256137847E-06  1.93782260176836E+00
 cg2d: Sum(rhs),rhsMax =  -5.66644534671923E-06  1.93776714318030E+00
 cg2d: Sum(rhs),rhsMax =  -5.66660810363828E-06  1.93771124488283E+00
 cg2d: Sum(rhs),rhsMax =  -5.66677300639640E-06  1.93765490217669E+00
 cg2d: Sum(rhs),rhsMax =  -5.66693883286007E-06  1.93759811051503E+00
 cg2d: Sum(rhs),rhsMax =  -5.66710666305426E-06  1.93754086554192E+00
 cg2d: Sum(rhs),rhsMax =  -5.66727511852605E-06  1.93748316312902E+00
 cg2d: Sum(rhs),rhsMax =  -5.66744532193297E-06  1.93742499941003E+00
 cg2d: Sum(rhs),rhsMax =  -5.66761701747964E-06  1.93736637081309E+00
 cg2d: Sum(rhs),rhsMax =  -5.66778952304503E-06  1.93730727409035E+00
 cg2d: Sum(rhs),rhsMax =  -5.66796371970213E-06  1.93724770634502E+00
 cg2d: Sum(rhs),rhsMax =  -5.66813982061376E-06  1.93718766505541E+00
 cg2d: Sum(rhs),rhsMax =  -5.66831700155035E-06  1.93712714809597E+00
 cg2d: Sum(rhs),rhsMax =  -5.66849560357241E-06  1.93706615375505E+00
 cg2d: Sum(rhs),rhsMax =  -5.66867545614969E-06  1.93700468074951E+00
 cg2d: Sum(rhs),rhsMax =  -5.66885684349927E-06  1.93694272823591E+00
 cg2d: Sum(rhs),rhsMax =  -5.66903946719322E-06  1.93688029581827E+00
 cg2d: Sum(rhs),rhsMax =  -5.66922355460520E-06  1.93681738355246E+00
 cg2d: Sum(rhs),rhsMax =  -5.66940921942205E-06  1.93675399194717E+00
 cg2d: Sum(rhs),rhsMax =  -5.66959579373361E-06  1.93669012196144E+00
 cg2d: Sum(rhs),rhsMax =  -5.66978428651055E-06  1.93662577499895E+00
 cg2d: Sum(rhs),rhsMax =  -5.66997428563809E-06  1.93656095289896E+00
 cg2d: Sum(rhs),rhsMax =  -5.67016557795341E-06  1.93649565792419E+00
 cg2d: Sum(rhs),rhsMax =  -5.67035762344403E-06  1.93642989274561E+00
 cg2d: Sum(rhs),rhsMax =  -5.67055202793654E-06  1.93636366042441E+00
 cg2d: Sum(rhs),rhsMax =  -5.67074724244776E-06  1.93629696439124E+00
 cg2d: Sum(rhs),rhsMax =  -5.67094424752668E-06  1.93622980842294E+00
 cg2d: Sum(rhs),rhsMax =  -5.67114176419636E-06  1.93616219661704E+00
 cg2d: Sum(rhs),rhsMax =  -5.67134111406631E-06  1.93609413336407E+00
(PID.TID 0000.0001) Did not write pickup because writePickupAtEnd = FALSE
(PID.TID 0000.0001)   early fc =  0.000000000000000D+00
 --> objf_test(bi,bj)        =  0.189842667058510D+00
(PID.TID 0000.0001)   local fc =  0.189842667058510D+00
(PID.TID 0000.0001)  global fc =  0.322547976653521D+00
(PID.TID 0000.0001) grdchk perturb(+)fc: fcpertplus  =  3.22547976653521E-01
(PID.TID 0000.0001)  nRecords = 108 ; filePrec =  64 ; fileIter =   3111120
(PID.TID 0000.0001)     nDims =   2 , dims:
(PID.TID 0000.0001)    1:  62   1  62
(PID.TID 0000.0001)    2:  62   1  62
(PID.TID 0000.0001)     nFlds =  10 , nFl3D =   7 , fields:
(PID.TID 0000.0001)  >Uvel    < >Vvel    < >Theta   < >Salt    < >GuNm1   < >GvNm1   < >GtNm1   < >EtaN    < >dEtaHdt < >EtaH    <
(PID.TID 0000.0001) missingVal=  1.00000000000000E+00 ; nTimRec =   1 , timeList:
(PID.TID 0000.0001)   3.733344000000E+09
(PID.TID 0000.0001) READ_MFLDS_3D_RL: read field: "Uvel    ", #   1 in fldList, rec=   1
(PID.TID 0000.0001) READ_MFLDS_3D_RL: read field: "Vvel    ", #   2 in fldList, rec=   2
(PID.TID 0000.0001) READ_MFLDS_3D_RL: read field: "Theta   ", #   3 in fldList, rec=   3
(PID.TID 0000.0001) READ_MFLDS_3D_RL: read field: "Salt    ", #   4 in fldList, rec=   4
(PID.TID 0000.0001) READ_MFLDS_3D_RL: read field: "GuNm1   ", #   5 in fldList, rec=   5
(PID.TID 0000.0001) READ_MFLDS_3D_RL: read field: "GvNm1   ", #   6 in fldList, rec=   6
(PID.TID 0000.0001) READ_MFLDS_3D_RL: read field: "GtNm1   ", #   7 in fldList, rec=   7
(PID.TID 0000.0001) READ_MFLDS_3D_RL: read field: "EtaN    ", #   8 in fldList, rec= 106
(PID.TID 0000.0001) READ_MFLDS_3D_RL: read field: "dEtaHdt ", #   9 in fldList, rec= 107
(PID.TID 0000.0001) READ_MFLDS_CHECK: - normal end ; reset MFLDS file-name: pickup.0003111120
(PID.TID 0000.0001) // =======================================================
(PID.TID 0000.0001) // Model current state
(PID.TID 0000.0001) // =======================================================
(PID.TID 0000.0001) 
(PID.TID 0000.0001) SOLVE_FOR_PRESSURE: putPmEinXvector =    F
 cg2d: Sum(rhs),rhsMax =   5.49285346096440E-06  1.99900718163814E+00
 cg2d: Sum(rhs),rhsMax =   5.49310043140849E-06  1.99891722427461E+00
 cg2d: Sum(rhs),rhsMax =   5.49335000243900E-06  1.99882649286047E+00
 cg2d: Sum(rhs),rhsMax =   5.49360153456746E-06  1.99873498159531E+00
 cg2d: Sum(rhs),rhsMax =   5.49385471515507E-06  1.99864269008426E+00
 cg2d: Sum(rhs),rhsMax =   5.49411046790738E-06  1.99854961867850E+00
 cg2d: Sum(rhs),rhsMax =   5.49436870755926E-06  1.99845576763223E+00
 cg2d: Sum(rhs),rhsMax =   5.49462939147816E-06  1.99836113718962E+00
 cg2d: Sum(rhs),rhsMax =   5.49489159595851E-06  1.99826572755241E+00
 cg2d: Sum(rhs),rhsMax =   5.49515601733219E-06  1.99816953884170E+00
 cg2d: Sum(rhs),rhsMax =   5.49542264138836E-06  1.99807257116868E+00
 cg2d: Sum(rhs),rhsMax =   5.49569138286188E-06  1.99797482477596E+00
 cg2d: Sum(rhs),rhsMax =   5.49596290966292E-06  1.99787630014797E+00
 cg2d: Sum(rhs),rhsMax =   5.49623597123627E-06  1.99777699801010E+00
 cg2d: Sum(rhs),rhsMax =   5.49651133496809E-06  1.99767691920621E+00
 cg2d: Sum(rhs),rhsMax =   5.49678902928008E-06  1.99757606451122E+00
 cg2d: Sum(rhs),rhsMax =   5.49706857100318E-06  1.99747443446908E+00
 cg2d: Sum(rhs),rhsMax =   5.49734953381176E-06  1.99737202932861E+00
 cg2d: Sum(rhs),rhsMax =   5.49763402091230E-06  1.99726884910045E+00
 cg2d: Sum(rhs),rhsMax =   5.49792048332165E-06  1.99716489370435E+00
 cg2d: Sum(rhs),rhsMax =   5.49820865103356E-06  1.99706016314423E+00
 cg2d: Sum(rhs),rhsMax =   5.49849876563258E-06  1.99695465764788E+00
 cg2d: Sum(rhs),rhsMax =   5.49879133870945E-06  1.99684837773221E+00
 cg2d: Sum(rhs),rhsMax =   5.49908639868590E-06  1.99674132418720E+00
 cg2d: Sum(rhs),rhsMax =   5.49938336291689E-06  1.99663349799961E+00
 cg2d: Sum(rhs),rhsMax =   5.49968309826454E-06  1.99652490024918E+00
 cg2d: Sum(rhs),rhsMax =   5.49998378573946E-06  1.99641553201050E+00
 cg2d: Sum(rhs),rhsMax =   5.50028754275900E-06  1.99630539428224E+00
 cg2d: Sum(rhs),rhsMax =   5.50059287718341E-06  1.99619448795342E+00
 cg2d: Sum(rhs),rhsMax =   5.50090084061594E-06  1.99608281380428E+00
 cg2d: Sum(rhs),rhsMax =   5.50121043829677E-06  1.99597037253261E+00
 cg2d: Sum(rhs),rhsMax =   5.50152215339494E-06  1.99585716479274E+00
 cg2d: Sum(rhs),rhsMax =   5.50183652592295E-06  1.99574319123570E+00
 cg2d: Sum(rhs),rhsMax =   5.50215320060943E-06  1.99562845254143E+00
 cg2d: Sum(rhs),rhsMax =   5.50247119690539E-06  1.99551294943791E+00
 cg2d: Sum(rhs),rhsMax =   5.50279244748708E-06  1.99539668270635E+00
 cg2d: Sum(rhs),rhsMax =   5.50311504809997E-06  1.99527965317458E+00
 cg2d: Sum(rhs),rhsMax =   5.50343975191936E-06  1.99516186170229E+00
 cg2d: Sum(rhs),rhsMax =   5.50376704211430E-06  1.99504330916297E+00
 cg2d: Sum(rhs),rhsMax =   5.50409635025062E-06  1.99492399642597E+00
 cg2d: Sum(rhs),rhsMax =   5.50442703683984E-06  1.99480392434211E+00
 cg2d: Sum(rhs),rhsMax =   5.50476072191941E-06  1.99468309373366E+00
 cg2d: Sum(rhs),rhsMax =   5.50509668073573E-06  1.99456150538906E+00
 cg2d: Sum(rhs),rhsMax =   5.50543421695693E-06  1.99443916006129E+00
 cg2d: Sum(rhs),rhsMax =   5.50577387059548E-06  1.99431605846862E+00
 cg2d: Sum(rhs),rhsMax =   5.50611558480796E-06  1.99419220129652E+00
 cg2d: Sum(rhs),rhsMax =   5.50646048225190E-06  1.99406758919985E+00
 cg2d: Sum(rhs),rhsMax =   5.50680636024481E-06  1.99394222280470E+00
 cg2d: Sum(rhs),rhsMax =   5.50715486724584E-06  1.99381610270994E+00
 cg2d: Sum(rhs),rhsMax =   5.50750500849517E-06  1.99368922948834E+00
 cg2d: Sum(rhs),rhsMax =   5.50785763664408E-06  1.99356160368761E+00
 cg2d: Sum(rhs),rhsMax =   5.50821255274059E-06  1.99343322583140E+00
 cg2d: Sum(rhs),rhsMax =   5.50856900360941E-06  1.99330409642025E+00
 cg2d: Sum(rhs),rhsMax =   5.50892785611268E-06  1.99317421593288E+00
 cg2d: Sum(rhs),rhsMax =   5.50928918130467E-06  1.99304358482717E+00
 cg2d: Sum(rhs),rhsMax =   5.50965228285349E-06  1.99291220354133E+00
 cg2d: Sum(rhs),rhsMax =   5.51001744497626E-06  1.99278007249481E+00
 cg2d: Sum(rhs),rhsMax =   5.51038510820945E-06  1.99264719208926E+00
 cg2d: Sum(rhs),rhsMax =   5.51075437726922E-06  1.99251356270930E+00
 cg2d: Sum(rhs),rhsMax =   5.51112609059601E-06  1.99237918472353E+00
 cg2d: Sum(rhs),rhsMax =   5.51149983607502E-06  1.99224405848567E+00
 cg2d: Sum(rhs),rhsMax =   5.51187581265822E-06  1.99210818433571E+00
 cg2d: Sum(rhs),rhsMax =   5.51225426193014E-06  1.99197156260175E+00
 cg2d: Sum(rhs),rhsMax =   5.51263438808292E-06  1.99183419360163E+00
 cg2d: Sum(rhs),rhsMax =   5.51301631901424E-06  1.99169607764484E+00
 cg2d: Sum(rhs),rhsMax =   5.51340099264053E-06  1.99155721503450E+00
 cg2d: Sum(rhs),rhsMax =   5.51378701629801E-06  1.99141760606915E+00
 cg2d: Sum(rhs),rhsMax =   5.51417521421627E-06  1.99127725104436E+00
 cg2d: Sum(rhs),rhsMax =   5.51456663799854E-06  1.99113615025433E+00
 cg2d: Sum(rhs),rhsMax =   5.51495965339655E-06  1.99099430399293E+00
 cg2d: Sum(rhs),rhsMax =   5.51535482884447E-06  1.99085171255529E+00
 cg2d: Sum(rhs),rhsMax =   5.51575183749264E-06  1.99070837623885E+00
 cg2d: Sum(rhs),rhsMax =   5.51615072197364E-06  1.99056429534480E+00
 cg2d: Sum(rhs),rhsMax =   5.51655251967986E-06  1.99041947017969E+00
 cg2d: Sum(rhs),rhsMax =   5.51695563899557E-06  1.99027390105743E+00
 cg2d: Sum(rhs),rhsMax =   5.51736135889769E-06  1.99012758830139E+00
 cg2d: Sum(rhs),rhsMax =   5.51776935253656E-06  1.98998053224680E+00
 cg2d: Sum(rhs),rhsMax =   5.51817862515236E-06  1.98983273324338E+00
 cg2d: Sum(rhs),rhsMax =   5.51859054098713E-06  1.98968419165791E+00
 cg2d: Sum(rhs),rhsMax =   5.51900521372772E-06  1.98953490787673E+00
 cg2d: Sum(rhs),rhsMax =   5.51942129334293E-06  1.98938488230814E+00
 cg2d: Sum(rhs),rhsMax =   5.51984000196626E-06  1.98923411538432E+00
 cg2d: Sum(rhs),rhsMax =   5.52025979061455E-06  1.98908260756329E+00
 cg2d: Sum(rhs),rhsMax =   5.52068210879497E-06  1.98893035933004E+00
 cg2d: Sum(rhs),rhsMax =   5.52110758178515E-06  1.98877737119771E+00
 cg2d: Sum(rhs),rhsMax =   5.52153457533677E-06  1.98862364370828E+00
 cg2d: Sum(rhs),rhsMax =   5.52196318892584E-06  1.98846917743298E+00
 cg2d: Sum(rhs),rhsMax =   5.52239363571516E-06  1.98831397297265E+00
 cg2d: Sum(rhs),rhsMax =   5.52282716625996E-06  1.98815803095776E+00
 cg2d: Sum(rhs),rhsMax =   5.52326251579416E-06  1.98800135204859E+00
 cg2d: Sum(rhs),rhsMax =   5.52369981221545E-06  1.98784393693525E+00
 cg2d: Sum(rhs),rhsMax =   5.52413888499359E-06  1.98768578633772E+00
 cg2d: Sum(rhs),rhsMax =   5.52458070046669E-06  1.98752690100600E+00
 cg2d: Sum(rhs),rhsMax =   5.52502476125483E-06  1.98736728172015E+00
 cg2d: Sum(rhs),rhsMax =   5.52547049892382E-06  1.98720692929053E+00
 cg2d: Sum(rhs),rhsMax =   5.52591862401641E-06  1.98704584455783E+00
 cg2d: Sum(rhs),rhsMax =   5.52636844020071E-06  1.98688402839321E+00
 cg2d: Sum(rhs),rhsMax =   5.52682040222408E-06  1.98672148169833E+00
 cg2d: Sum(rhs),rhsMax =   5.52727475167103E-06  1.98655820540503E+00
 cg2d: Sum(rhs),rhsMax =   5.52773066431200E-06  1.98639420047512E+00
 cg2d: Sum(rhs),rhsMax =   5.52818998755811E-06  1.98622946790020E+00
 cg2d: Sum(rhs),rhsMax =   5.52865088820909E-06  1.98606400870101E+00
 cg2d: Sum(rhs),rhsMax =   5.52911328099981E-06  1.98589782392653E+00
 cg2d: Sum(rhs),rhsMax =   5.52957777699703E-06  1.98573091465261E+00
 cg2d: Sum(rhs),rhsMax =   5.53004409198365E-06  1.98556328198058E+00
 cg2d: Sum(rhs),rhsMax =   5.53051305018926E-06  1.98539492703563E+00
 cg2d: Sum(rhs),rhsMax =   5.53098458055956E-06  1.98522585096512E+00
 cg2d: Sum(rhs),rhsMax =   5.53145758885876E-06  1.98505605493651E+00
 cg2d: Sum(rhs),rhsMax =   5.53193277141872E-06  1.98488554013529E+00
 cg2d: Sum(rhs),rhsMax =   5.53240953138356E-06  1.98471430776271E+00
 cg2d: Sum(rhs),rhsMax =   5.53288913351935E-06  1.98454235903331E+00
 cg2d: Sum(rhs),rhsMax =   5.53337069675308E-06  1.98436969517267E+00
 cg2d: Sum(rhs),rhsMax =   5.53385456214528E-06  1.98419631741492E+00
 cg2d: Sum(rhs),rhsMax =   5.53433932282132E-06  1.98402222700047E+00
 cg2d: Sum(rhs),rhsMax =   5.53482765042190E-06  1.98384742517378E+00
 cg2d: Sum(rhs),rhsMax =   5.53531731384282E-06  1.98367191318123E+00
 cg2d: Sum(rhs),rhsMax =   5.53580940731990E-06  1.98349569226927E+00
 cg2d: Sum(rhs),rhsMax =   5.53630300714758E-06  1.98331876368262E+00
 cg2d: Sum(rhs),rhsMax =   5.53679879544688E-06  1.98314112866278E+00
 cg2d: Sum(rhs),rhsMax =   5.53729631747046E-06  1.98296278844668E+00
 cg2d: Sum(rhs),rhsMax =   5.53779685219524E-06  1.98278374426563E+00
 cg2d: Sum(rhs),rhsMax =   5.53829896432489E-06  1.98260399734426E+00
 cg2d: Sum(rhs),rhsMax =   5.53880238385318E-06  1.98242354889985E+00
 cg2d: Sum(rhs),rhsMax =   5.53930875923925E-06  1.98224240014163E+00
 cg2d: Sum(rhs),rhsMax =   5.53981661255420E-06  1.98206055227026E+00
 cg2d: Sum(rhs),rhsMax =   5.54032727961840E-06  1.98187800647757E+00
 cg2d: Sum(rhs),rhsMax =   5.54083989356968E-06  1.98169476394624E+00
 cg2d: Sum(rhs),rhsMax =   5.54135409913670E-06  1.98151082584941E+00
 cg2d: Sum(rhs),rhsMax =   5.54187086265756E-06  1.98132619335034E+00
 cg2d: Sum(rhs),rhsMax =   5.54238928884843E-06  1.98114086760203E+00
 cg2d: Sum(rhs),rhsMax =   5.54290949139613E-06  1.98095484974711E+00
 cg2d: Sum(rhs),rhsMax =   5.54343195346974E-06  1.98076814091749E+00
 cg2d: Sum(rhs),rhsMax =   5.54395592189394E-06  1.98058074223416E+00
 cg2d: Sum(rhs),rhsMax =   5.54448295986276E-06  1.98039265480695E+00
 cg2d: Sum(rhs),rhsMax =   5.54501127680851E-06  1.98020387973438E+00
 cg2d: Sum(rhs),rhsMax =   5.54554195275614E-06  1.98001441810346E+00
 cg2d: Sum(rhs),rhsMax =   5.54607461822343E-06  1.97982427098961E+00
 cg2d: Sum(rhs),rhsMax =   5.54660901741499E-06  1.97963343945672E+00
 cg2d: Sum(rhs),rhsMax =   5.54714632983178E-06  1.97944192455722E+00
 cg2d: Sum(rhs),rhsMax =   5.54768475069523E-06  1.97924972733232E+00
 cg2d: Sum(rhs),rhsMax =   5.54822516107834E-06  1.97905684881228E+00
 cg2d: Sum(rhs),rhsMax =   5.54876802993931E-06  1.97886329001700E+00
 cg2d: Sum(rhs),rhsMax =   5.54931284568738E-06  1.97866905195658E+00
 cg2d: Sum(rhs),rhsMax =   5.54985939515973E-06  1.97847413563210E+00
 cg2d: Sum(rhs),rhsMax =   5.55040786309746E-06  1.97827854203646E+00
 cg2d: Sum(rhs),rhsMax =   5.55095861898280E-06  1.97808227215553E+00
 cg2d: Sum(rhs),rhsMax =   5.55151157755063E-06  1.97788532696912E+00
 cg2d: Sum(rhs),rhsMax =   5.55206649721640E-06  1.97768770745238E+00
 cg2d: Sum(rhs),rhsMax =   5.55262303691961E-06  1.97748941457707E+00
 cg2d: Sum(rhs),rhsMax =   5.55318152350992E-06  1.97729044931298E+00
 cg2d: Sum(rhs),rhsMax =   5.55374204225245E-06  1.97709081262939E+00
 cg2d: Sum(rhs),rhsMax =   5.55430510473798E-06  1.97689050549661E+00
 cg2d: Sum(rhs),rhsMax =   5.55487012832145E-06  1.97668952888738E+00
 cg2d: Sum(rhs),rhsMax =   5.55543654456869E-06  1.97648788377861E+00
 cg2d: Sum(rhs),rhsMax =   5.55600529139610E-06  1.97628557115262E+00
 cg2d: Sum(rhs),rhsMax =   5.55657588563463E-06  1.97608259199884E+00
 cg2d: Sum(rhs),rhsMax =   5.55714835570598E-06  1.97587894731511E+00
 cg2d: Sum(rhs),rhsMax =   5.55772362531570E-06  1.97567463810904E+00
 cg2d: Sum(rhs),rhsMax =   5.55829991810697E-06  1.97546966539941E+00
 cg2d: Sum(rhs),rhsMax =   5.55887849884584E-06  1.97526403021734E+00
 cg2d: Sum(rhs),rhsMax =   5.55945945279746E-06  1.97505773360738E+00
 cg2d: Sum(rhs),rhsMax =   5.56004169993685E-06  1.97485077662868E+00
 cg2d: Sum(rhs),rhsMax =   5.56062644818667E-06  1.97464316035599E+00
 cg2d: Sum(rhs),rhsMax =   5.56121294437162E-06  1.97443488588048E+00
 cg2d: Sum(rhs),rhsMax =   5.56180137323281E-06  1.97422595431064E+00
 cg2d: Sum(rhs),rhsMax =   5.56239210425247E-06  1.97401636677297E+00
 cg2d: Sum(rhs),rhsMax =   5.56298510900888E-06  1.97380612441271E+00
 cg2d: Sum(rhs),rhsMax =   5.56357922221196E-06  1.97359522839438E+00
 cg2d: Sum(rhs),rhsMax =   5.56417532493469E-06  1.97338367990231E+00
 cg2d: Sum(rhs),rhsMax =   5.56477355928564E-06  1.97317148014106E+00
 cg2d: Sum(rhs),rhsMax =   5.56537453633155E-06  1.97295863033575E+00
 cg2d: Sum(rhs),rhsMax =   5.56597656498070E-06  1.97274513173231E+00
 cg2d: Sum(rhs),rhsMax =   5.56658088157747E-06  1.97253098559769E+00
 cg2d: Sum(rhs),rhsMax =   5.56718696032021E-06  1.97231619321991E+00
 cg2d: Sum(rhs),rhsMax =   5.56779521332373E-06  1.97210075590804E+00
 cg2d: Sum(rhs),rhsMax =   5.56840538479264E-06  1.97188467499211E+00
 cg2d: Sum(rhs),rhsMax =   5.56901696313616E-06  1.97166795182291E+00
 cg2d: Sum(rhs),rhsMax =   5.56963094311413E-06  1.97145058777165E+00
 cg2d: Sum(rhs),rhsMax =   5.57024753788937E-06  1.97123258422963E+00
 cg2d: Sum(rhs),rhsMax =   5.57086536900897E-06  1.97101394260764E+00
 cg2d: Sum(rhs),rhsMax =   5.57148513280481E-06  1.97079466433549E+00
 cg2d: Sum(rhs),rhsMax =   5.57210657348151E-06  1.97057475086125E+00
 cg2d: Sum(rhs),rhsMax =   5.57273051526863E-06  1.97035420365052E+00
 cg2d: Sum(rhs),rhsMax =   5.57335654605140E-06  1.97013302418560E+00
 cg2d: Sum(rhs),rhsMax =   5.57398384160024E-06  1.96991121396457E+00
 cg2d: Sum(rhs),rhsMax =   5.57461306982532E-06  1.96968877450040E+00
 cg2d: Sum(rhs),rhsMax =   5.57524464284143E-06  1.96946570731986E+00
 cg2d: Sum(rhs),rhsMax =   5.57587823379890E-06  1.96924201396258E+00
 cg2d: Sum(rhs),rhsMax =   5.57651350163724E-06  1.96901769597993E+00
 cg2d: Sum(rhs),rhsMax =   5.57715041793472E-06  1.96879275493395E+00
 cg2d: Sum(rhs),rhsMax =   5.57778950849297E-06  1.96856719239632E+00
 cg2d: Sum(rhs),rhsMax =   5.57843094384225E-06  1.96834100994710E+00
 cg2d: Sum(rhs),rhsMax =   5.57907341658392E-06  1.96811420917387E+00
 cg2d: Sum(rhs),rhsMax =   5.57971769410415E-06  1.96788679167051E+00
 cg2d: Sum(rhs),rhsMax =   5.58036506959070E-06  1.96765875903634E+00
 cg2d: Sum(rhs),rhsMax =   5.58101244507725E-06  1.96743011287519E+00
 cg2d: Sum(rhs),rhsMax =   5.58166328801235E-06  1.96720085479435E+00
 cg2d: Sum(rhs),rhsMax =   5.58231570835233E-06  1.96697098640342E+00
 cg2d: Sum(rhs),rhsMax =   5.58296990504914E-06  1.96674050931340E+00
 cg2d: Sum(rhs),rhsMax =   5.58362556546399E-06  1.96650942513558E+00
 cg2d: Sum(rhs),rhsMax =   5.58428395436295E-06  1.96627773548080E+00
 cg2d: Sum(rhs),rhsMax =   5.58494349434113E-06  1.96604544195846E+00
 cg2d: Sum(rhs),rhsMax =   5.58560496699556E-06  1.96581254617595E+00
 cg2d: Sum(rhs),rhsMax =   5.58626949498375E-06  1.96557904973768E+00
 cg2d: Sum(rhs),rhsMax =   5.58693429297819E-06  1.96534495424438E+00
 cg2d: Sum(rhs),rhsMax =   5.58760123681168E-06  1.96511026129239E+00
 cg2d: Sum(rhs),rhsMax =   5.58827041174936E-06  1.96487497247290E+00
 cg2d: Sum(rhs),rhsMax =   5.58894166147184E-06  1.96463908937135E+00
 cg2d: Sum(rhs),rhsMax =   5.58961414753867E-06  1.96440261356674E+00
 cg2d: Sum(rhs),rhsMax =   5.59028909208337E-06  1.96416554663115E+00
 cg2d: Sum(rhs),rhsMax =   5.59096606878029E-06  1.96392789012923E+00
 cg2d: Sum(rhs),rhsMax =   5.59164412550217E-06  1.96368964561774E+00
 cg2d: Sum(rhs),rhsMax =   5.59232404384602E-06  1.96345081464529E+00
 cg2d: Sum(rhs),rhsMax =   5.59300549696218E-06  1.96321139875197E+00
 cg2d: Sum(rhs),rhsMax =   5.59368936592364E-06  1.96297139946920E+00
 cg2d: Sum(rhs),rhsMax =   5.59437565073040E-06  1.96273081831962E+00
 cg2d: Sum(rhs),rhsMax =   5.59506283082101E-06  1.96248965681699E+00
 cg2d: Sum(rhs),rhsMax =   5.59575185832273E-06  1.96224791646633E+00
 cg2d: Sum(rhs),rhsMax =   5.59644266218129E-06  1.96200559876400E+00
 cg2d: Sum(rhs),rhsMax =   5.59713690506669E-06  1.96176270519788E+00
 cg2d: Sum(rhs),rhsMax =   5.59783084952414E-06  1.96151923724778E+00
 cg2d: Sum(rhs),rhsMax =   5.59852688297724E-06  1.96127519638568E+00
 cg2d: Sum(rhs),rhsMax =   5.59922530385393E-06  1.96103058407630E+00
 cg2d: Sum(rhs),rhsMax =   5.59992597004566E-06  1.96078540177756E+00
 cg2d: Sum(rhs),rhsMax =   5.60062778731663E-06  1.96053965094122E+00
 cg2d: Sum(rhs),rhsMax =   5.60133140936614E-06  1.96029333301346E+00
 cg2d: Sum(rhs),rhsMax =   5.60203716304386E-06  1.96004644943567E+00
 cg2d: Sum(rhs),rhsMax =   5.60274361305346E-06  1.95979900164508E+00
 cg2d: Sum(rhs),rhsMax =   5.60345384315042E-06  1.95955099107572E+00
 cg2d: Sum(rhs),rhsMax =   5.60416448536216E-06  1.95930241915904E+00
 cg2d: Sum(rhs),rhsMax =   5.60487701761758E-06  1.95905328732486E+00
 cg2d: Sum(rhs),rhsMax =   5.60559141149497E-06  1.95880359700222E+00
 cg2d: Sum(rhs),rhsMax =   5.60630779489202E-06  1.95855334962023E+00
 cg2d: Sum(rhs),rhsMax =   5.60702535779001E-06  1.95830254660889E+00
 cg2d: Sum(rhs),rhsMax =   5.60774590496749E-06  1.95805118940012E+00
 cg2d: Sum(rhs),rhsMax =   5.60846741848309E-06  1.95779927942846E+00
 cg2d: Sum(rhs),rhsMax =   5.60919102099433E-06  1.95754681813204E+00
 cg2d: Sum(rhs),rhsMax =   5.60991574616310E-06  1.95729380695343E+00
 cg2d: Sum(rhs),rhsMax =   5.61064241821896E-06  1.95704024734042E+00
 cg2d: Sum(rhs),rhsMax =   5.61137106558363E-06  1.95678614074689E+00
 cg2d: Sum(rhs),rhsMax =   5.61210180194394E-06  1.95653148863351E+00
 cg2d: Sum(rhs),rhsMax =   5.61283361832920E-06  1.95627629246852E+00
 cg2d: Sum(rhs),rhsMax =   5.61356755213183E-06  1.95602055372842E+00
 cg2d: Sum(rhs),rhsMax =   5.61430280754394E-06  1.95576427389831E+00
 cg2d: Sum(rhs),rhsMax =   5.61504020879511E-06  1.95550745447249E+00
 cg2d: Sum(rhs),rhsMax =   5.61577945745739E-06  1.95525009695536E+00
 cg2d: Sum(rhs),rhsMax =   5.61652041142224E-06  1.95499220286250E+00
 cg2d: Sum(rhs),rhsMax =   5.61726275805086E-06  1.95473377372111E+00
 cg2d: Sum(rhs),rhsMax =   5.61800707998827E-06  1.95447481106983E+00
 cg2d: Sum(rhs),rhsMax =   5.61875296511971E-06  1.95421531645890E+00
 cg2d: Sum(rhs),rhsMax =   5.61950082555995E-06  1.95395529145034E+00
 cg2d: Sum(rhs),rhsMax =   5.62025020656165E-06  1.95369473761843E+00
 cg2d: Sum(rhs),rhsMax =   5.62100103707053E-06  1.95343365655003E+00
 cg2d: Sum(rhs),rhsMax =   5.62175443974411E-06  1.95317204984486E+00
 cg2d: Sum(rhs),rhsMax =   5.62250865243641E-06  1.95290991911572E+00
 cg2d: Sum(rhs),rhsMax =   5.62326476938324E-06  1.95264726598838E+00
 cg2d: Sum(rhs),rhsMax =   5.62402362902503E-06  1.95238409210177E+00
 cg2d: Sum(rhs),rhsMax =   5.62478273025135E-06  1.95212039910791E+00
 cg2d: Sum(rhs),rhsMax =   5.62554437522067E-06  1.95185618867177E+00
 cg2d: Sum(rhs),rhsMax =   5.62630722811264E-06  1.95159146247129E+00
 cg2d: Sum(rhs),rhsMax =   5.62707225526538E-06  1.95132622219714E+00
 cg2d: Sum(rhs),rhsMax =   5.62783877455786E-06  1.95106046955249E+00
 cg2d: Sum(rhs),rhsMax =   5.62860647335128E-06  1.95079420625290E+00
 cg2d: Sum(rhs),rhsMax =   5.62937661641172E-06  1.95052743402581E+00
 cg2d: Sum(rhs),rhsMax =   5.63014795318395E-06  1.95026015461038E+00
 cg2d: Sum(rhs),rhsMax =   5.63092098104789E-06  1.94999236975701E+00
 cg2d: Sum(rhs),rhsMax =   5.63169567158184E-06  1.94972408122693E+00
 cg2d: Sum(rhs),rhsMax =   5.63247279217194E-06  1.94945529079174E+00
 cg2d: Sum(rhs),rhsMax =   5.63325079383503E-06  1.94918600023286E+00
 cg2d: Sum(rhs),rhsMax =   5.63403021658360E-06  1.94891621134106E+00
 cg2d: Sum(rhs),rhsMax =   5.63481195570148E-06  1.94864592591584E+00
 cg2d: Sum(rhs),rhsMax =   5.63559487432030E-06  1.94837514576486E+00
 cg2d: Sum(rhs),rhsMax =   5.63638029404956E-06  1.94810387270326E+00
 cg2d: Sum(rhs),rhsMax =   5.63716598378505E-06  1.94783210855306E+00
 cg2d: Sum(rhs),rhsMax =   5.63795441621551E-06  1.94755985514252E+00
 cg2d: Sum(rhs),rhsMax =   5.63874371550810E-06  1.94728711430549E+00
 cg2d: Sum(rhs),rhsMax =   5.63953527432659E-06  1.94701388788062E+00
 cg2d: Sum(rhs),rhsMax =   5.64032802685688E-06  1.94674017771077E+00
 cg2d: Sum(rhs),rhsMax =   5.64112275469597E-06  1.94646598564237E+00
 cg2d: Sum(rhs),rhsMax =   5.64191884677712E-06  1.94619131352471E+00
 cg2d: Sum(rhs),rhsMax =   5.64271688574536E-06  1.94591616320925E+00
 cg2d: Sum(rhs),rhsMax =   5.64351599052770E-06  1.94564053654901E+00
 cg2d: Sum(rhs),rhsMax =   5.64431643113039E-06  1.94536443539797E+00
 cg2d: Sum(rhs),rhsMax =   5.64511957179548E-06  1.94508786161039E+00
 cg2d: Sum(rhs),rhsMax =   5.64592349405757E-06  1.94481081704033E+00
 cg2d: Sum(rhs),rhsMax =   5.64672910741137E-06  1.94453330354100E+00
 cg2d: Sum(rhs),rhsMax =   5.64753665344142E-06  1.94425532296430E+00
 cg2d: Sum(rhs),rhsMax =   5.64834545002668E-06  1.94397687716034E+00
 cg2d: Sum(rhs),rhsMax =   5.64915647771613E-06  1.94369796797695E+00
 cg2d: Sum(rhs),rhsMax =   5.64996796015294E-06  1.94341859725932E+00
 cg2d: Sum(rhs),rhsMax =   5.65078191527846E-06  1.94313876684962E+00
 cg2d: Sum(rhs),rhsMax =   5.65159675147697E-06  1.94285847858662E+00
 cg2d: Sum(rhs),rhsMax =   5.65241398930993E-06  1.94257773430555E+00
 cg2d: Sum(rhs),rhsMax =   5.65323203716162E-06  1.94229653583766E+00
 cg2d: Sum(rhs),rhsMax =   5.65405187558099E-06  1.94201488501028E+00
 cg2d: Sum(rhs),rhsMax =   5.65487302139900E-06  1.94173278364644E+00
 cg2d: Sum(rhs),rhsMax =   5.65569672517086E-06  1.94145023356491E+00
 cg2d: Sum(rhs),rhsMax =   5.65652101158776E-06  1.94116723658015E+00
 cg2d: Sum(rhs),rhsMax =   5.65734703172893E-06  1.94088379450216E+00
 cg2d: Sum(rhs),rhsMax =   5.65817445874472E-06  1.94059990913670E+00
 cg2d: Sum(rhs),rhsMax =   5.65900357685223E-06  1.94031558228515E+00
 cg2d: Sum(rhs),rhsMax =   5.65983462763597E-06  1.94003081574488E+00
 cg2d: Sum(rhs),rhsMax =   5.66066664475784E-06  1.93974561130913E+00
 cg2d: Sum(rhs),rhsMax =   5.66150025349543E-06  1.93945997076738E+00
 cg2d: Sum(rhs),rhsMax =   5.66233570964414E-06  1.93917389590546E+00
 cg2d: Sum(rhs),rhsMax =   5.66317227423951E-06  1.93888738850590E+00
 cg2d: Sum(rhs),rhsMax =   5.66401031676378E-06  1.93860045034807E+00
 cg2d: Sum(rhs),rhsMax =   5.66485020669916E-06  1.93831308320864E+00
 cg2d: Sum(rhs),rhsMax =   5.66569110560522E-06  1.93802528886182E+00
 cg2d: Sum(rhs),rhsMax =   5.66653423561547E-06  1.93773706907967E+00
 cg2d: Sum(rhs),rhsMax =   5.66737820406615E-06  1.93744842563259E+00
 cg2d: Sum(rhs),rhsMax =   5.66822390624111E-06  1.93715936028962E+00
 cg2d: Sum(rhs),rhsMax =   5.66907144161632E-06  1.93686987481887E+00
 cg2d: Sum(rhs),rhsMax =   5.66991978701026E-06  1.93657997098795E+00
 cg2d: Sum(rhs),rhsMax =   5.67077033508667E-06  1.93628965056434E+00
 cg2d: Sum(rhs),rhsMax =   5.67162119580189E-06  1.93599891531592E+00
 cg2d: Sum(rhs),rhsMax =   5.67247491289891E-06  1.93570776701130E+00
 cg2d: Sum(rhs),rhsMax =   5.67332921264097E-06  1.93541620742034E+00
 cg2d: Sum(rhs),rhsMax =   5.67418513242046E-06  1.93512423831456E+00
 cg2d: Sum(rhs),rhsMax =   5.67504221749005E-06  1.93483186146758E+00
 cg2d: Sum(rhs),rhsMax =   5.67590157629638E-06  1.93453907865553E+00
 cg2d: Sum(rhs),rhsMax =   5.67676181617571E-06  1.93424589165754E+00
 cg2d: Sum(rhs),rhsMax =   5.67762374714675E-06  1.93395230225614E+00
 cg2d: Sum(rhs),rhsMax =   5.67848675814275E-06  1.93365831223765E+00
 cg2d: Sum(rhs),rhsMax =   5.67935180129098E-06  1.93336392339255E+00
 cg2d: Sum(rhs),rhsMax =   5.68021778235561E-06  1.93306913751600E+00
 cg2d: Sum(rhs),rhsMax =   5.68108549714452E-06  1.93277395640798E+00
 cg2d: Sum(rhs),rhsMax =   5.68195397931959E-06  1.93247838187386E+00
 cg2d: Sum(rhs),rhsMax =   5.68282449364688E-06  1.93218241572457E+00
 cg2d: Sum(rhs),rhsMax =   5.68369573272776E-06  1.93188605977706E+00
 cg2d: Sum(rhs),rhsMax =   5.68456903238257E-06  1.93158931585438E+00
 cg2d: Sum(rhs),rhsMax =   5.68544324153208E-06  1.93129218578610E+00
 cg2d: Sum(rhs),rhsMax =   5.68631990915947E-06  1.93099467140845E+00
 cg2d: Sum(rhs),rhsMax =   5.68719697469078E-06  1.93069677456458E+00
 cg2d: Sum(rhs),rhsMax =   5.68807597289833E-06  1.93039849710465E+00
 cg2d: Sum(rhs),rhsMax =   5.68895572428119E-06  1.93009984088604E+00
 cg2d: Sum(rhs),rhsMax =   5.68983723781002E-06  1.92980080777343E+00
 cg2d: Sum(rhs),rhsMax =   5.69072027190032E-06  1.92950139963887E+00
 cg2d: Sum(rhs),rhsMax =   5.69160538077540E-06  1.92920161836180E+00
 cg2d: Sum(rhs),rhsMax =   5.69249029069852E-06  1.92890146582914E+00
 cg2d: Sum(rhs),rhsMax =   5.69337777278633E-06  1.92860094393518E+00
 cg2d: Sum(rhs),rhsMax =   5.69426548224783E-06  1.92830005458157E+00
 cg2d: Sum(rhs),rhsMax =   5.69515539439180E-06  1.92799879967725E+00
 cg2d: Sum(rhs),rhsMax =   5.69604679867552E-06  1.92769718113830E+00
 cg2d: Sum(rhs),rhsMax =   5.69693895613455E-06  1.92739520088782E+00
 cg2d: Sum(rhs),rhsMax =   5.69783307469152E-06  1.92709286085576E+00
 cg2d: Sum(rhs),rhsMax =   5.69847388476319E-06  1.92687609484722E+00
 cg2d: Sum(rhs),rhsMax =   5.69810417516692E-06  1.92700112699324E+00
 cg2d: Sum(rhs),rhsMax =   5.69773621350578E-06  1.92712563826108E+00
 cg2d: Sum(rhs),rhsMax =   5.69736954503242E-06  1.92724962822851E+00
 cg2d: Sum(rhs),rhsMax =   5.69700448238564E-06  1.92737309647596E+00
 cg2d: Sum(rhs),rhsMax =   5.69664143768023E-06  1.92749604258595E+00
 cg2d: Sum(rhs),rhsMax =   5.69627944457807E-06  1.92761846614267E+00
 cg2d: Sum(rhs),rhsMax =   5.69591890098309E-06  1.92774036673144E+00
 cg2d: Sum(rhs),rhsMax =   5.69556034690777E-06  1.92786174393839E+00
 cg2d: Sum(rhs),rhsMax =   5.69520355497843E-06  1.92798259734990E+00
 cg2d: Sum(rhs),rhsMax =   5.69484828361055E-06  1.92810292655234E+00
 cg2d: Sum(rhs),rhsMax =   5.69449409226763E-06  1.92822273113162E+00
 cg2d: Sum(rhs),rhsMax =   5.69414233098087E-06  1.92834201067311E+00
 cg2d: Sum(rhs),rhsMax =   5.69379136550197E-06  1.92846076476103E+00
 cg2d: Sum(rhs),rhsMax =   5.69344244638614E-06  1.92857899297846E+00
 cg2d: Sum(rhs),rhsMax =   5.69309473519297E-06  1.92869669490710E+00
 cg2d: Sum(rhs),rhsMax =   5.69274887141091E-06  1.92881387012714E+00
 cg2d: Sum(rhs),rhsMax =   5.69240440029262E-06  1.92893051821708E+00
 cg2d: Sum(rhs),rhsMax =   5.69206217448937E-06  1.92904663875376E+00
 cg2d: Sum(rhs),rhsMax =   5.69172135556073E-06  1.92916223131230E+00
 cg2d: Sum(rhs),rhsMax =   5.69138136086167E-06  1.92927729546619E+00
 cg2d: Sum(rhs),rhsMax =   5.69104319936287E-06  1.92939183078726E+00
 cg2d: Sum(rhs),rhsMax =   5.69070716949227E-06  1.92950583684590E+00
 cg2d: Sum(rhs),rhsMax =   5.69037302966535E-06  1.92961931321111E+00
 cg2d: Sum(rhs),rhsMax =   5.69003982775484E-06  1.92973225945070E+00
 cg2d: Sum(rhs),rhsMax =   5.68970759218246E-06  1.92984467513156E+00
 cg2d: Sum(rhs),rhsMax =   5.68937809930503E-06  1.92995655982028E+00
 cg2d: Sum(rhs),rhsMax =   5.68905035436273E-06  1.93006791308328E+00
 cg2d: Sum(rhs),rhsMax =   5.68872349049343E-06  1.93017873448712E+00
 cg2d: Sum(rhs),rhsMax =   5.68839820402900E-06  1.93028902359878E+00
 cg2d: Sum(rhs),rhsMax =   5.68807463707799E-06  1.93039877998594E+00
 cg2d: Sum(rhs),rhsMax =   5.68775331544202E-06  1.93050800321755E+00
 cg2d: Sum(rhs),rhsMax =   5.68743325857213E-06  1.93061669286424E+00
 cg2d: Sum(rhs),rhsMax =   5.68711423909463E-06  1.93072484849898E+00
 cg2d: Sum(rhs),rhsMax =   5.68679723755849E-06  1.93083246969747E+00
 cg2d: Sum(rhs),rhsMax =   5.68648181342724E-06  1.93093955603878E+00
 cg2d: Sum(rhs),rhsMax =   5.68616823670709E-06  1.93104610710574E+00
 cg2d: Sum(rhs),rhsMax =   5.68585596738558E-06  1.93115212248565E+00
 cg2d: Sum(rhs),rhsMax =   5.68554588653569E-06  1.93125760177066E+00
 cg2d: Sum(rhs),rhsMax =   5.68523688571076E-06  1.93136254455501E+00
 cg2d: Sum(rhs),rhsMax =   5.68492937702558E-06  1.93146695043870E+00
 cg2d: Sum(rhs),rhsMax =   5.68462355943211E-06  1.93157081903337E+00
 cg2d: Sum(rhs),rhsMax =   5.68432018610565E-06  1.93167414996207E+00
 cg2d: Sum(rhs),rhsMax =   5.68401675593577E-06  1.93177694285466E+00
 cg2d: Sum(rhs),rhsMax =   5.68371581266547E-06  1.93187919734536E+00
 cg2d: Sum(rhs),rhsMax =   5.68341714313192E-06  1.93198091307399E+00
 cg2d: Sum(rhs),rhsMax =   5.68311969573188E-06  1.93208208968851E+00
 cg2d: Sum(rhs),rhsMax =   5.68282348467619E-06  1.93218272684694E+00
 cg2d: Sum(rhs),rhsMax =   5.68252841048889E-06  1.93228282421815E+00
 cg2d: Sum(rhs),rhsMax =   5.68223612162910E-06  1.93238238148211E+00
 cg2d: Sum(rhs),rhsMax =   5.68194494121599E-06  1.93248139832994E+00
 cg2d: Sum(rhs),rhsMax =   5.68165548031629E-06  1.93257987446404E+00
 cg2d: Sum(rhs),rhsMax =   5.68136765366489E-06  1.93267780959819E+00
 cg2d: Sum(rhs),rhsMax =   5.68108130494238E-06  1.93277520345780E+00
 cg2d: Sum(rhs),rhsMax =   5.68079697416124E-06  1.93287205578013E+00
 cg2d: Sum(rhs),rhsMax =   5.68051369498335E-06  1.93296836631445E+00
 cg2d: Sum(rhs),rhsMax =   5.68023176583665E-06  1.93306413482231E+00
 cg2d: Sum(rhs),rhsMax =   5.67995252254150E-06  1.93315936107758E+00
 cg2d: Sum(rhs),rhsMax =   5.67967406084335E-06  1.93325404486656E+00
 cg2d: Sum(rhs),rhsMax =   5.67939716233923E-06  1.93334818598801E+00
 cg2d: Sum(rhs),rhsMax =   5.67912290705408E-06  1.93344178425320E+00
 cg2d: Sum(rhs),rhsMax =   5.67884940494423E-06  1.93353483948570E+00
 cg2d: Sum(rhs),rhsMax =   5.67857775024549E-06  1.93362735152141E+00
 cg2d: Sum(rhs),rhsMax =   5.67830778663847E-06  1.93371932020829E+00
 cg2d: Sum(rhs),rhsMax =   5.67804005413564E-06  1.93381074540625E+00
 cg2d: Sum(rhs),rhsMax =   5.67777246374135E-06  1.93390162698684E+00
 cg2d: Sum(rhs),rhsMax =   5.67750674917988E-06  1.93399196483303E+00
 cg2d: Sum(rhs),rhsMax =   5.67724359257227E-06  1.93408175883890E+00
 cg2d: Sum(rhs),rhsMax =   5.67698137388106E-06  1.93417100890927E+00
 cg2d: Sum(rhs),rhsMax =   5.67672127260721E-06  1.93425971495942E+00
 cg2d: Sum(rhs),rhsMax =   5.67646316085302E-06  1.93434787691459E+00
 cg2d: Sum(rhs),rhsMax =   5.67620585911754E-06  1.93443549470967E+00
 cg2d: Sum(rhs),rhsMax =   5.67594973688301E-06  1.93452256828866E+00
 cg2d: Sum(rhs),rhsMax =   5.67569533416190E-06  1.93460909760424E+00
 cg2d: Sum(rhs),rhsMax =   5.67544400098541E-06  1.93469508261722E+00
 cg2d: Sum(rhs),rhsMax =   5.67519275307404E-06  1.93478052329606E+00
 cg2d: Sum(rhs),rhsMax =   5.67494397785140E-06  1.93486541961630E+00
 cg2d: Sum(rhs),rhsMax =   5.67469696477474E-06  1.93494977156004E+00
 cg2d: Sum(rhs),rhsMax =   5.67445130172928E-06  1.93503357911541E+00
 cg2d: Sum(rhs),rhsMax =   5.67420681818476E-06  1.93511684227588E+00
 cg2d: Sum(rhs),rhsMax =   5.67396484996152E-06  1.93519956103988E+00
 cg2d: Sum(rhs),rhsMax =   5.67372312332282E-06  1.93528173541010E+00
 cg2d: Sum(rhs),rhsMax =   5.67348398305967E-06  1.93536336539305E+00
 cg2d: Sum(rhs),rhsMax =   5.67324623546028E-06  1.93544445099839E+00
 cg2d: Sum(rhs),rhsMax =   5.67300965315098E-06  1.93552499213197E+00
 cg2d: Sum(rhs),rhsMax =   5.67277621144058E-06  1.93560498894262E+00
 cg2d: Sum(rhs),rhsMax =   5.67254296868214E-06  1.93568444151527E+00
 cg2d: Sum(rhs),rhsMax =   5.67231165859994E-06  1.93576334988522E+00
 cg2d: Sum(rhs),rhsMax =   5.67208209645287E-06  1.93584171408606E+00
 cg2d: Sum(rhs),rhsMax =   5.67185431066264E-06  1.93591953416495E+00
 cg2d: Sum(rhs),rhsMax =   5.67162751963224E-06  1.93599681018036E+00
 cg2d: Sum(rhs),rhsMax =   5.67140267548893E-06  1.93607354219638E+00
 cg2d: Sum(rhs),rhsMax =   5.67117977823273E-06  1.93614973027962E+00
 cg2d: Sum(rhs),rhsMax =   5.67095793257977E-06  1.93622537449791E+00
 cg2d: Sum(rhs),rhsMax =   5.67073819013331E-06  1.93630047491988E+00
 cg2d: Sum(rhs),rhsMax =   5.67052030930881E-06  1.93637503161430E+00
 cg2d: Sum(rhs),rhsMax =   5.67030316744876E-06  1.93644904464943E+00
 cg2d: Sum(rhs),rhsMax =   5.67008780194556E-06  1.93652250560681E+00
 cg2d: Sum(rhs),rhsMax =   5.66987453964884E-06  1.93659542743724E+00
 cg2d: Sum(rhs),rhsMax =   5.66966268422675E-06  1.93666781148295E+00
 cg2d: Sum(rhs),rhsMax =   5.66945193725132E-06  1.93673965577977E+00
 cg2d: Sum(rhs),rhsMax =   5.66924370559718E-06  1.93681095954409E+00
 cg2d: Sum(rhs),rhsMax =   5.66903617027492E-06  1.93688172328507E+00
 cg2d: Sum(rhs),rhsMax =   5.66883051078548E-06  1.93695194804139E+00
 cg2d: Sum(rhs),rhsMax =   5.66862708240023E-06  1.93702163485695E+00
 cg2d: Sum(rhs),rhsMax =   5.66842471982909E-06  1.93709078464833E+00
 cg2d: Sum(rhs),rhsMax =   5.66822376413256E-06  1.93715939823729E+00
 cg2d: Sum(rhs),rhsMax =   5.66802444268433E-06  1.93722747638603E+00
 cg2d: Sum(rhs),rhsMax =   5.66782749444883E-06  1.93729501980743E+00
 cg2d: Sum(rhs),rhsMax =   5.66763075937615E-06  1.93736202916438E+00
 cg2d: Sum(rhs),rhsMax =   5.66743652541390E-06  1.93742850506738E+00
 cg2d: Sum(rhs),rhsMax =   5.66724399675422E-06  1.93749444807237E+00
 cg2d: Sum(rhs),rhsMax =   5.66705224969155E-06  1.93755985867905E+00
 cg2d: Sum(rhs),rhsMax =   5.66686279057649E-06  1.93762473732965E+00
 cg2d: Sum(rhs),rhsMax =   5.66667456780579E-06  1.93768908440824E+00
 cg2d: Sum(rhs),rhsMax =   5.66648769506628E-06  1.93775290024093E+00
 cg2d: Sum(rhs),rhsMax =   5.66630284026814E-06  1.93781618509644E+00
 cg2d: Sum(rhs),rhsMax =   5.66611979024856E-06  1.93787893918724E+00
 cg2d: Sum(rhs),rhsMax =   5.66593767814538E-06  1.93794116267094E+00
 cg2d: Sum(rhs),rhsMax =   5.66575700133853E-06  1.93800285565173E+00
 cg2d: Sum(rhs),rhsMax =   5.66557841352733E-06  1.93806401818170E+00
 cg2d: Sum(rhs),rhsMax =   5.66540079205424E-06  1.93812465026223E+00
 cg2d: Sum(rhs),rhsMax =   5.66522483325116E-06  1.93818475184543E+00
 cg2d: Sum(rhs),rhsMax =   5.66505126187167E-06  1.93824432283587E+00
 cg2d: Sum(rhs),rhsMax =   5.66487877051713E-06  1.93830336309304E+00
 cg2d: Sum(rhs),rhsMax =   5.66470959029175E-06  1.93836115668173E+00
 cg2d: Sum(rhs),rhsMax =   5.66454180273013E-06  1.93841857987303E+00
 cg2d: Sum(rhs),rhsMax =   5.66437573468193E-06  1.93847547609257E+00
 cg2d: Sum(rhs),rhsMax =   5.66421125824945E-06  1.93853178285405E+00
 cg2d: Sum(rhs),rhsMax =   5.66404814605903E-06  1.93858750375604E+00
 cg2d: Sum(rhs),rhsMax =   5.66388673917118E-06  1.93864263337234E+00
 cg2d: Sum(rhs),rhsMax =   5.66372857235820E-06  1.93869716057115E+00
 cg2d: Sum(rhs),rhsMax =   5.66357050502120E-06  1.93875107468370E+00
 cg2d: Sum(rhs),rhsMax =   5.66341479668608E-06  1.93880436583541E+00
 cg2d: Sum(rhs),rhsMax =   5.66326102102721E-06  1.93885702461860E+00
 cg2d: Sum(rhs),rhsMax =   5.66310906435774E-06  1.93890904215345E+00
 cg2d: Sum(rhs),rhsMax =   5.66295929615990E-06  1.93896041023400E+00
 cg2d: Sum(rhs),rhsMax =   5.66281083536069E-06  1.93901112142746E+00
 cg2d: Sum(rhs),rhsMax =   5.66266429302686E-06  1.93906116913714E+00
 cg2d: Sum(rhs),rhsMax =   5.66252074918339E-06  1.93911054764852E+00
 cg2d: Sum(rhs),rhsMax =   5.66237848431683E-06  1.93915925216636E+00
 cg2d: Sum(rhs),rhsMax =   5.66223772580088E-06  1.93920727884378E+00
 cg2d: Sum(rhs),rhsMax =   5.66209956787134E-06  1.93925462480373E+00
 cg2d: Sum(rhs),rhsMax =   5.66196398210650E-06  1.93930128815321E+00
 cg2d: Sum(rhs),rhsMax =   5.66182885108901E-06  1.93934726798951E+00
 cg2d: Sum(rhs),rhsMax =   5.66169715909837E-06  1.93939256439917E+00
 cg2d: Sum(rhs),rhsMax =   5.66156658976524E-06  1.93943717844881E+00
 cg2d: Sum(rhs),rhsMax =   5.66143820890375E-06  1.93948111216829E+00
 cg2d: Sum(rhs),rhsMax =   5.66131168966422E-06  1.93952436852583E+00
 cg2d: Sum(rhs),rhsMax =   5.66118845313213E-06  1.93956695139619E+00
 cg2d: Sum(rhs),rhsMax =   5.66106595556448E-06  1.93960886552174E+00
 cg2d: Sum(rhs),rhsMax =   5.66094534804051E-06  1.93965011646776E+00
 cg2d: Sum(rhs),rhsMax =   5.66082735531381E-06  1.93969071057218E+00
 cg2d: Sum(rhs),rhsMax =   5.66071015839498E-06  1.93973065489067E+00
 cg2d: Sum(rhs),rhsMax =   5.66059553364084E-06  1.93976995713734E+00
 cg2d: Sum(rhs),rhsMax =   5.66048274208697E-06  1.93980862562147E+00
 cg2d: Sum(rhs),rhsMax =   5.66037142846199E-06  1.93984666918044E+00
 cg2d: Sum(rhs),rhsMax =   5.66026217541094E-06  1.93988409710936E+00
 cg2d: Sum(rhs),rhsMax =   5.66015482661442E-06  1.93992091908741E+00
 cg2d: Sum(rhs),rhsMax =   5.66004952418098E-06  1.93995714510173E+00
 cg2d: Sum(rhs),rhsMax =   5.65994506018797E-06  1.93999278536903E+00
 cg2d: Sum(rhs),rhsMax =   5.65984312572709E-06  1.94002785025593E+00
 cg2d: Sum(rhs),rhsMax =   5.65974231392374E-06  1.94006235019839E+00
 cg2d: Sum(rhs),rhsMax =   5.65964360532689E-06  1.94009629562112E+00
 cg2d: Sum(rhs),rhsMax =   5.65954580622474E-06  1.94012969685769E+00
 cg2d: Sum(rhs),rhsMax =   5.65945032349191E-06  1.94016256407169E+00
 cg2d: Sum(rhs),rhsMax =   5.65935594920575E-06  1.94019490717997E+00
 cg2d: Sum(rhs),rhsMax =   5.65926232809488E-06  1.94022673577826E+00
 cg2d: Sum(rhs),rhsMax =   5.65917174810693E-06  1.94025805906977E+00
 cg2d: Sum(rhs),rhsMax =   5.65908231919821E-06  1.94028888579747E+00
 cg2d: Sum(rhs),rhsMax =   5.65899364346478E-06  1.94031922418017E+00
 cg2d: Sum(rhs),rhsMax =   5.65890616144316E-06  1.94034908185339E+00
 cg2d: Sum(rhs),rhsMax =   5.65882054104350E-06  1.94037846581493E+00
 cg2d: Sum(rhs),rhsMax =   5.65873560276486E-06  1.94040738237585E+00
 cg2d: Sum(rhs),rhsMax =   5.65865306612068E-06  1.94043583711708E+00
 cg2d: Sum(rhs),rhsMax =   5.65857126844094E-06  1.94046383485207E+00
 cg2d: Sum(rhs),rhsMax =   5.65849104816607E-06  1.94049137959555E+00
 cg2d: Sum(rhs),rhsMax =   5.65841197897043E-06  1.94051847453875E+00
 cg2d: Sum(rhs),rhsMax =   5.65833420296258E-06  1.94054512203121E+00
 cg2d: Sum(rhs),rhsMax =   5.65825787646190E-06  1.94057132356928E+00
 cg2d: Sum(rhs),rhsMax =   5.65818294262499E-06  1.94059707979116E+00
 cg2d: Sum(rhs),rhsMax =   5.65810918828902E-06  1.94062239047900E+00
 cg2d: Sum(rhs),rhsMax =   5.65803655661057E-06  1.94064725456730E+00
 cg2d: Sum(rhs),rhsMax =   5.65796554496956E-06  1.94067167015822E+00
 cg2d: Sum(rhs),rhsMax =   5.65789532913641E-06  1.94069563454310E+00
 cg2d: Sum(rhs),rhsMax =   5.65782670491899E-06  1.94071914423039E+00
 cg2d: Sum(rhs),rhsMax =   5.65775989969097E-06  1.94074219497949E+00
 cg2d: Sum(rhs),rhsMax =   5.65769408922279E-06  1.94076478184041E+00
 cg2d: Sum(rhs),rhsMax =   5.65763001247888E-06  1.94078689919870E+00
 cg2d: Sum(rhs),rhsMax =   5.65756619153035E-06  1.94080854082554E+00
 cg2d: Sum(rhs),rhsMax =   5.65750467274029E-06  1.94082969993232E+00
 cg2d: Sum(rhs),rhsMax =   5.65744409186664E-06  1.94085036922945E+00
 cg2d: Sum(rhs),rhsMax =   5.65738595526000E-06  1.94087054098881E+00
 cg2d: Sum(rhs),rhsMax =   5.65732860025037E-06  1.94089020710935E+00
 cg2d: Sum(rhs),rhsMax =   5.65727236789826E-06  1.94090935918542E+00
 cg2d: Sum(rhs),rhsMax =   5.65721902034966E-06  1.94092798857713E+00
 cg2d: Sum(rhs),rhsMax =   5.65716528910798E-06  1.94094608648230E+00
 cg2d: Sum(rhs),rhsMax =   5.65711447109152E-06  1.94096364400954E+00
 cg2d: Sum(rhs),rhsMax =   5.65706513100395E-06  1.94098065225166E+00
 cg2d: Sum(rhs),rhsMax =   5.65701618882031E-06  1.94099710235913E+00
 cg2d: Sum(rhs),rhsMax =   5.65697075671778E-06  1.94101298561285E+00
 cg2d: Sum(rhs),rhsMax =   5.65692585041688E-06  1.94102829349593E+00
 cg2d: Sum(rhs),rhsMax =   5.65688279152710E-06  1.94104301776368E+00
 cg2d: Sum(rhs),rhsMax =   5.65684193531979E-06  1.94105715051142E+00
 cg2d: Sum(rhs),rhsMax =   5.65680164754667E-06  1.94107068423976E+00
 cg2d: Sum(rhs),rhsMax =   5.65676438668561E-06  1.94108361191658E+00
 cg2d: Sum(rhs),rhsMax =   5.65672873165113E-06  1.94109592703548E+00
 cg2d: Sum(rhs),rhsMax =   5.65669465402152E-06  1.94110762367014E+00
 cg2d: Sum(rhs),rhsMax =   5.65666228169448E-06  1.94111869652424E+00
 cg2d: Sum(rhs),rhsMax =   5.65663195573052E-06  1.94112914097647E+00
 cg2d: Sum(rhs),rhsMax =   5.65660334927998E-06  1.94113895312060E+00
 cg2d: Sum(rhs),rhsMax =   5.65657670392739E-06  1.94114812979980E+00
 cg2d: Sum(rhs),rhsMax =   5.65655153650368E-06  1.94115666863539E+00
 cg2d: Sum(rhs),rhsMax =   5.65652857176246E-06  1.94116456804973E+00
 cg2d: Sum(rhs),rhsMax =   5.65650759654091E-06  1.94117182728293E+00
 cg2d: Sum(rhs),rhsMax =   5.65648865347157E-06  1.94117844640348E+00
 cg2d: Sum(rhs),rhsMax =   5.65647118833112E-06  1.94118442631258E+00
 cg2d: Sum(rhs),rhsMax =   5.65645545691495E-06  1.94118976874227E+00
 cg2d: Sum(rhs),rhsMax =   5.65644137395793E-06  1.94119447624748E+00
 cg2d: Sum(rhs),rhsMax =   5.65642990579818E-06  1.94119855219174E+00
 cg2d: Sum(rhs),rhsMax =   5.65641921923543E-06  1.94120200072715E+00
 cg2d: Sum(rhs),rhsMax =   5.65641137484363E-06  1.94120482676851E+00
 cg2d: Sum(rhs),rhsMax =   5.65640539207379E-06  1.94120703596184E+00
 cg2d: Sum(rhs),rhsMax =   5.65640036143122E-06  1.94120863464755E+00
 cg2d: Sum(rhs),rhsMax =   5.65639753347114E-06  1.94120962981883E+00
 cg2d: Sum(rhs),rhsMax =   5.65639665239814E-06  1.94121002907499E+00
 cg2d: Sum(rhs),rhsMax =   5.65639690819353E-06  1.94120984057094E+00
 cg2d: Sum(rhs),rhsMax =   5.65639918193028E-06  1.94120907296223E+00
 cg2d: Sum(rhs),rhsMax =   5.65640300465020E-06  1.94120773534709E+00
 cg2d: Sum(rhs),rhsMax =   5.65640841898585E-06  1.94120583720500E+00
 cg2d: Sum(rhs),rhsMax =   5.65641539651551E-06  1.94120338833292E+00
 cg2d: Sum(rhs),rhsMax =   5.65642417882373E-06  1.94120039877922E+00
 cg2d: Sum(rhs),rhsMax =   5.65643442484998E-06  1.94119687877611E+00
 cg2d: Sum(rhs),rhsMax =   5.65644603511828E-06  1.94119283867099E+00
 cg2d: Sum(rhs),rhsMax =   5.65645943595428E-06  1.94118828885696E+00
 cg2d: Sum(rhs),rhsMax =   5.65647428629745E-06  1.94118323970347E+00
 cg2d: Sum(rhs),rhsMax =   5.65649041561755E-06  1.94117770148728E+00
 cg2d: Sum(rhs),rhsMax =   5.65650779549287E-06  1.94117168432442E+00
 cg2d: Sum(rhs),rhsMax =   5.65652695172503E-06  1.94116519810344E+00
 cg2d: Sum(rhs),rhsMax =   5.65654687534334E-06  1.94115825242071E+00
 cg2d: Sum(rhs),rhsMax =   5.65656854689678E-06  1.94115085651807E+00
 cg2d: Sum(rhs),rhsMax =   5.65659149742714E-06  1.94114301922319E+00
 cg2d: Sum(rhs),rhsMax =   5.65661547113905E-06  1.94113474889334E+00
 cg2d: Sum(rhs),rhsMax =   5.65664109331010E-06  1.94112605336272E+00
 cg2d: Sum(rhs),rhsMax =   5.65666783813867E-06  1.94111693989379E+00
 cg2d: Sum(rhs),rhsMax =   5.65669466823238E-06  1.94110741513304E+00
 cg2d: Sum(rhs),rhsMax =   5.65672462471412E-06  1.94109748507124E+00
 cg2d: Sum(rhs),rhsMax =   5.65675425434620E-06  1.94108715500883E+00
 cg2d: Sum(rhs),rhsMax =   5.65678575981110E-06  1.94107642952629E+00
 cg2d: Sum(rhs),rhsMax =   5.65681801845130E-06  1.94106531245981E+00
 cg2d: Sum(rhs),rhsMax =   5.65685208187006E-06  1.94105380688260E+00
 cg2d: Sum(rhs),rhsMax =   5.65688637266248E-06  1.94104191509163E+00
 cg2d: Sum(rhs),rhsMax =   5.65692214138380E-06  1.94102963860005E+00
 cg2d: Sum(rhs),rhsMax =   5.65695856380444E-06  1.94101697813533E+00
 cg2d: Sum(rhs),rhsMax =   5.65699689047960E-06  1.94100393364293E+00
 cg2d: Sum(rhs),rhsMax =   5.65703618349289E-06  1.94099050429570E+00
 cg2d: Sum(rhs),rhsMax =   5.65707675548310E-06  1.94097668850854E+00
 cg2d: Sum(rhs),rhsMax =   5.65711789590750E-06  1.94096248395868E+00
 cg2d: Sum(rhs),rhsMax =   5.65716074163447E-06  1.94094788761086E+00
 cg2d: Sum(rhs),rhsMax =   5.65720428369332E-06  1.94093289574761E+00
 cg2d: Sum(rhs),rhsMax =   5.65724830892123E-06  1.94091750400415E+00
 cg2d: Sum(rhs),rhsMax =   5.65729479262700E-06  1.94090170740769E+00
 cg2d: Sum(rhs),rhsMax =   5.65734247004457E-06  1.94088550042088E+00
 cg2d: Sum(rhs),rhsMax =   5.65739047431180E-06  1.94086887698901E+00
 cg2d: Sum(rhs),rhsMax =   5.65744046809868E-06  1.94085183059043E+00
 cg2d: Sum(rhs),rhsMax =   5.65749120085002E-06  1.94083435429023E+00
 cg2d: Sum(rhs),rhsMax =   5.65754343995195E-06  1.94081644079632E+00
 cg2d: Sum(rhs),rhsMax =   5.65759661697030E-06  1.94079808251769E+00
 cg2d: Sum(rhs),rhsMax =   5.65765142823693E-06  1.94077927162440E+00
 cg2d: Sum(rhs),rhsMax =   5.65770761795648E-06  1.94076000010897E+00
 cg2d: Sum(rhs),rhsMax =   5.65776518612893E-06  1.94074025984841E+00
 cg2d: Sum(rhs),rhsMax =   5.65782491435129E-06  1.94072004266662E+00
 cg2d: Sum(rhs),rhsMax =   5.65788505468845E-06  1.94069934039695E+00
 cg2d: Sum(rhs),rhsMax =   5.65794624662885E-06  1.94067814494384E+00
 cg2d: Sum(rhs),rhsMax =   5.65800955598661E-06  1.94065644834383E+00
 cg2d: Sum(rhs),rhsMax =   5.65807435748411E-06  1.94063424282490E+00
 cg2d: Sum(rhs),rhsMax =   5.65814107744700E-06  1.94061152086406E+00
 cg2d: Sum(rhs),rhsMax =   5.65820867848288E-06  1.94058827524278E+00
 cg2d: Sum(rhs),rhsMax =   5.65827848220124E-06  1.94056449909959E+00
 cg2d: Sum(rhs),rhsMax =   5.65834879751037E-06  1.94054018597989E+00
 cg2d: Sum(rhs),rhsMax =   5.65842088917634E-06  1.94051532988234E+00
 cg2d: Sum(rhs),rhsMax =   5.65849526878992E-06  1.94048992530161E+00
 cg2d: Sum(rhs),rhsMax =   5.65857099843470E-06  1.94046396726725E+00
 cg2d: Sum(rhs),rhsMax =   5.65864885970768E-06  1.94043745137829E+00
 cg2d: Sum(rhs),rhsMax =   5.65872736046913E-06  1.94041037383359E+00
 cg2d: Sum(rhs),rhsMax =   5.65880814917818E-06  1.94038273145747E+00
 cg2d: Sum(rhs),rhsMax =   5.65888983317109E-06  1.94035452172077E+00
 cg2d: Sum(rhs),rhsMax =   5.65897416038297E-06  1.94032574275695E+00
 cg2d: Sum(rhs),rhsMax =   5.65905992289117E-06  1.94029639337333E+00
 cg2d: Sum(rhs),rhsMax =   5.65914692174374E-06  1.94026647305737E+00
 cg2d: Sum(rhs),rhsMax =   5.65923612327879E-06  1.94023598197799E+00
 cg2d: Sum(rhs),rhsMax =   5.65932603535657E-06  1.94020492098198E+00
 cg2d: Sum(rhs),rhsMax =   5.65941829222538E-06  1.94017329158548E+00
 cg2d: Sum(rhs),rhsMax =   5.65951282283095E-06  1.94014109596086E+00
 cg2d: Sum(rhs),rhsMax =   5.65960856135916E-06  1.94010833691884E+00
 cg2d: Sum(rhs),rhsMax =   5.65970540833405E-06  1.94007501788628E+00
 cg2d: Sum(rhs),rhsMax =   5.65980367639440E-06  1.94004114287963E+00
 cg2d: Sum(rhs),rhsMax =   5.65990524137305E-06  1.94000671647454E+00
 cg2d: Sum(rhs),rhsMax =   5.66000693424940E-06  1.93997174377157E+00
 cg2d: Sum(rhs),rhsMax =   5.66011040348258E-06  1.93993623035853E+00
 cg2d: Sum(rhs),rhsMax =   5.66021577697029E-06  1.93990018226969E+00
 cg2d: Sum(rhs),rhsMax =   5.66032223048296E-06  1.93986360594210E+00
 cg2d: Sum(rhs),rhsMax =   5.66043102878666E-06  1.93982650816963E+00
 cg2d: Sum(rhs),rhsMax =   5.66054015394002E-06  1.93978889605460E+00
 cg2d: Sum(rhs),rhsMax =   5.66065152440842E-06  1.93975077695803E+00
 cg2d: Sum(rhs),rhsMax =   5.66076396069093E-06  1.93971215844824E+00
 cg2d: Sum(rhs),rhsMax =   5.66087820175198E-06  1.93967304824882E+00
 cg2d: Sum(rhs),rhsMax =   5.66099416232646E-06  1.93963345418565E+00
 cg2d: Sum(rhs),rhsMax =   5.66111096134136E-06  1.93959338413413E+00
 cg2d: Sum(rhs),rhsMax =   5.66122908196576E-06  1.93955284596634E+00
 cg2d: Sum(rhs),rhsMax =   5.66134892210357E-06  1.93951184749909E+00
 cg2d: Sum(rhs),rhsMax =   5.66146971436865E-06  1.93947039644262E+00
 cg2d: Sum(rhs),rhsMax =   5.66159201298433E-06  1.93942850035097E+00
 cg2d: Sum(rhs),rhsMax =   5.66171549110095E-06  1.93938616639938E+00
 cg2d: Sum(rhs),rhsMax =   5.66184093031552E-06  1.93934340157699E+00
 cg2d: Sum(rhs),rhsMax =   5.66196644058437E-06  1.93930021287398E+00
 cg2d: Sum(rhs),rhsMax =   5.66209361352321E-06  1.93925660703622E+00
 cg2d: Sum(rhs),rhsMax =   5.66222274756001E-06  1.93921259028770E+00
 cg2d: Sum(rhs),rhsMax =   5.66235264898296E-06  1.93916816826389E+00
 cg2d: Sum(rhs),rhsMax =   5.66248279199044E-06  1.93912334607954E+00
 cg2d: Sum(rhs),rhsMax =   5.66261510925870E-06  1.93907812840141E+00
 cg2d: Sum(rhs),rhsMax =   5.66274802338285E-06  1.93903251946388E+00
 cg2d: Sum(rhs),rhsMax =   5.66288234438161E-06  1.93898652303690E+00
 cg2d: Sum(rhs),rhsMax =   5.66301818594184E-06  1.93894014238275E+00
 cg2d: Sum(rhs),rhsMax =   5.66315462435796E-06  1.93889338022585E+00
 cg2d: Sum(rhs),rhsMax =   5.66329258333553E-06  1.93884623873836E+00
 cg2d: Sum(rhs),rhsMax =   5.66343157970550E-06  1.93879871953627E+00
 cg2d: Sum(rhs),rhsMax =   5.66357081766000E-06  1.93875082368142E+00
 cg2d: Sum(rhs),rhsMax =   5.66371234356211E-06  1.93870255168732E+00
 cg2d: Sum(rhs),rhsMax =   5.66385428157901E-06  1.93865390352871E+00
 cg2d: Sum(rhs),rhsMax =   5.66399712909060E-06  1.93860487865439E+00
 cg2d: Sum(rhs),rhsMax =   5.66414198033272E-06  1.93855547600361E+00
 cg2d: Sum(rhs),rhsMax =   5.66428741421987E-06  1.93850569402549E+00
 cg2d: Sum(rhs),rhsMax =   5.66443409866224E-06  1.93845553070179E+00
 cg2d: Sum(rhs),rhsMax =   5.66458193418384E-06  1.93840498357262E+00
 cg2d: Sum(rhs),rhsMax =   5.66473003971169E-06  1.93835404976532E+00
 cg2d: Sum(rhs),rhsMax =   5.66488024844602E-06  1.93830272602635E+00
 cg2d: Sum(rhs),rhsMax =   5.66503193510925E-06  1.93825100875594E+00
 cg2d: Sum(rhs),rhsMax =   5.66518413336325E-06  1.93819889404508E+00
 cg2d: Sum(rhs),rhsMax =   5.66533741164221E-06  1.93814637771481E+00
 cg2d: Sum(rhs),rhsMax =   5.66549222469348E-06  1.93809345535694E+00
 cg2d: Sum(rhs),rhsMax =   5.66564806092629E-06  1.93804012237612E+00
 cg2d: Sum(rhs),rhsMax =   5.66580494876234E-06  1.93798637403271E+00
 cg2d: Sum(rhs),rhsMax =   5.66596311557532E-06  1.93793220548615E+00
 cg2d: Sum(rhs),rhsMax =   5.66612337138395E-06  1.93787761183842E+00
 cg2d: Sum(rhs),rhsMax =   5.66628446563300E-06  1.93782258817749E+00
 cg2d: Sum(rhs),rhsMax =   5.66644635568991E-06  1.93776712962025E+00
 cg2d: Sum(rhs),rhsMax =   5.66660966683230E-06  1.93771123135469E+00
 cg2d: Sum(rhs),rhsMax =   5.66677439906016E-06  1.93765488868132E+00
 cg2d: Sum(rhs),rhsMax =   5.66694052395178E-06  1.93759809705307E+00
 cg2d: Sum(rhs),rhsMax =   5.66710762939238E-06  1.93754085211376E+00
 cg2d: Sum(rhs),rhsMax =   5.66727675277434E-06  1.93748314973476E+00
 cg2d: Sum(rhs),rhsMax =   5.66744665775332E-06  1.93742498604962E+00
 cg2d: Sum(rhs),rhsMax =   5.66761841014340E-06  1.93736635748616E+00
 cg2d: Sum(rhs),rhsMax =   5.66779122834760E-06  1.93730726079632E+00
 cg2d: Sum(rhs),rhsMax =   5.66796535395042E-06  1.93724769308303E+00
 cg2d: Sum(rhs),rhsMax =   5.66814141222949E-06  1.93718765182442E+00
 cg2d: Sum(rhs),rhsMax =   5.66831792525591E-06  1.93712713489466E+00
 cg2d: Sum(rhs),rhsMax =   5.66849635674771E-06  1.93706614058189E+00
 cg2d: Sum(rhs),rhsMax =   5.66867666407234E-06  1.93700466760277E+00
 cg2d: Sum(rhs),rhsMax =   5.66885782404825E-06  1.93694271511362E+00
 cg2d: Sum(rhs),rhsMax =   5.66904044774219E-06  1.93688028271826E+00
 cg2d: Sum(rhs),rhsMax =   5.66922510358836E-06  1.93681737047237E+00
 cg2d: Sum(rhs),rhsMax =   5.66941014312761E-06  1.93675397888441E+00
 cg2d: Sum(rhs),rhsMax =   5.66959772640985E-06  1.93669010891335E+00
 cg2d: Sum(rhs),rhsMax =   5.66978548022234E-06  1.93662576196262E+00
 cg2d: Sum(rhs),rhsMax =   5.66997547934989E-06  1.93656093987137E+00
 cg2d: Sum(rhs),rhsMax =   5.67016624586358E-06  1.93649564490217E+00
 cg2d: Sum(rhs),rhsMax =   5.67035979770480E-06  1.93642987972590E+00
 cg2d: Sum(rhs),rhsMax =   5.67055306532893E-06  1.93636364740360E+00
 cg2d: Sum(rhs),rhsMax =   5.67074873458751E-06  1.93629695136585E+00
 cg2d: Sum(rhs),rhsMax =   5.67094556913617E-06  1.93622979538945E+00
 cg2d: Sum(rhs),rhsMax =   5.67114291527560E-06  1.93616218357184E+00
 cg2d: Sum(rhs),rhsMax =   5.67134303253169E-06  1.93609412030352E+00
(PID.TID 0000.0001) Did not write pickup because writePickupAtEnd = FALSE
(PID.TID 0000.0001)   early fc =  0.000000000000000D+00
 --> objf_test(bi,bj)        =  0.189842661986897D+00
(PID.TID 0000.0001)   local fc =  0.189842661986897D+00
(PID.TID 0000.0001)  global fc =  0.322547975896533D+00
(PID.TID 0000.0001) grdchk perturb(-)fc: fcpertminus =  3.22547975896533E-01
grad-res -------------------------------
 grad-res     0    1   31   17    1    1    1    1   3.22547976275E-01  3.22547976654E-01  3.22547975897E-01
 grad-res     0    1    1  480    0    1    1    1   3.78494630697E-05  3.78494097175E-05  1.40958953809E-06
(PID.TID 0000.0001)  ADM  ref_cost_function      =  3.22547976275027E-01
(PID.TID 0000.0001)  ADM  adjoint_gradient       =  3.78494630697235E-05
(PID.TID 0000.0001)  ADM  finite-diff_grad       =  3.78494097175164E-05
(PID.TID 0000.0001) ====== End of gradient-check number   1 (ierr=  0) =======
(PID.TID 0000.0001) 
(PID.TID 0000.0001) // =======================================================
(PID.TID 0000.0001) // Gradient check results  >>> START <<<
(PID.TID 0000.0001) // =======================================================
(PID.TID 0000.0001) 
(PID.TID 0000.0001)  EPS =   1.000000E-05
(PID.TID 0000.0001) 
(PID.TID 0000.0001) grdchk output h.p:  Id Itile Jtile LAYER   bi   bj   X(Id)           X(Id)+/-EPS
(PID.TID 0000.0001) grdchk output h.c:  Id  FC                   FC1                  FC2
(PID.TID 0000.0001) grdchk output h.g:  Id     FC1-FC2/(2*EPS)      ADJ GRAD(FC)         1-FDGRD/ADGRD
(PID.TID 0000.0001) 
(PID.TID 0000.0001) grdchk output (p):   1    31    17     1    1    1   0.000000000E+00 -1.000000000E-05
(PID.TID 0000.0001) grdchk output (c):   1  3.2254797627503E-01  3.2254797665352E-01  3.2254797589653E-01
(PID.TID 0000.0001) grdchk output (g):   1     3.7849409717516E-05  3.7849463069724E-05  1.4095895380928E-06
(PID.TID 0000.0001) 
(PID.TID 0000.0001) grdchk  summary  :  RMS of    1 ratios =  1.4095895380928E-06
(PID.TID 0000.0001) 
(PID.TID 0000.0001) // =======================================================
(PID.TID 0000.0001) // Gradient check results  >>> END <<<
(PID.TID 0000.0001) // =======================================================
(PID.TID 0000.0001) 
(PID.TID 0000.0001)   Seconds in section "ALL                    [THE_MODEL_MAIN]":
(PID.TID 0000.0001)           User time:   16.213320642709732
(PID.TID 0000.0001)         System time:  0.19401499629020691
(PID.TID 0000.0001)     Wall clock time:   16.693616867065430
(PID.TID 0000.0001)          No. starts:           1
(PID.TID 0000.0001)           No. stops:           1
(PID.TID 0000.0001)   Seconds in section "INITIALISE_FIXED       [THE_MODEL_MAIN]":
(PID.TID 0000.0001)           User time:   1.9714005291461945E-002
(PID.TID 0000.0001)         System time:   5.7249963283538818E-003
(PID.TID 0000.0001)     Wall clock time:  0.10844397544860840
(PID.TID 0000.0001)          No. starts:           1
(PID.TID 0000.0001)           No. stops:           1
(PID.TID 0000.0001)   Seconds in section "ADTHE_MAIN_LOOP          [ADJOINT RUN]":
(PID.TID 0000.0001)           User time:   11.764441616833210
(PID.TID 0000.0001)         System time:  0.15624600648880005
(PID.TID 0000.0001)     Wall clock time:   12.092630147933960
(PID.TID 0000.0001)          No. starts:           1
(PID.TID 0000.0001)           No. stops:           1
(PID.TID 0000.0001)   Seconds in section "FORWARD_STEP        [MAIN_DO_LOOP]":
(PID.TID 0000.0001)           User time:   8.8562534824013710
(PID.TID 0000.0001)         System time:   7.8639030456542969E-002
(PID.TID 0000.0001)     Wall clock time:   9.0718300342559814
(PID.TID 0000.0001)          No. starts:        2880
(PID.TID 0000.0001)           No. stops:        2880
(PID.TID 0000.0001)   Seconds in section "DO_STATEVARS_DIAGS  [FORWARD_STEP]":
(PID.TID 0000.0001)           User time:   8.8415294885635376E-003
(PID.TID 0000.0001)         System time:   4.7004222869873047E-004
(PID.TID 0000.0001)     Wall clock time:   9.3882083892822266E-003
(PID.TID 0000.0001)          No. starts:        1440
(PID.TID 0000.0001)           No. stops:        1440
(PID.TID 0000.0001)   Seconds in section "LOAD_FIELDS_DRIVER  [FORWARD_STEP]":
(PID.TID 0000.0001)           User time:   4.2524829506874084E-002
(PID.TID 0000.0001)         System time:   9.7715854644775391E-004
(PID.TID 0000.0001)     Wall clock time:   4.3683052062988281E-002
(PID.TID 0000.0001)          No. starts:        2880
(PID.TID 0000.0001)           No. stops:        2880
(PID.TID 0000.0001)   Seconds in section "EXTERNAL_FLDS_LOAD [LOAD_FLDS_DRIVER]":
(PID.TID 0000.0001)           User time:   1.8673561513423920E-002
(PID.TID 0000.0001)         System time:   3.8093328475952148E-004
(PID.TID 0000.0001)     Wall clock time:   1.8294572830200195E-002
(PID.TID 0000.0001)          No. starts:        3600
(PID.TID 0000.0001)           No. stops:        3600
(PID.TID 0000.0001)   Seconds in section "CTRL_MAP_FORCING  [FORWARD_STEP]":
(PID.TID 0000.0001)           User time:   1.4045871794223785E-002
(PID.TID 0000.0001)         System time:   3.5583972930908203E-004
(PID.TID 0000.0001)     Wall clock time:   1.4488935470581055E-002
(PID.TID 0000.0001)          No. starts:        2880
(PID.TID 0000.0001)           No. stops:        2880
(PID.TID 0000.0001)   Seconds in section "DO_ATMOSPHERIC_PHYS [FORWARD_STEP]":
(PID.TID 0000.0001)           User time:   3.1167224049568176E-002
(PID.TID 0000.0001)         System time:   8.7594985961914062E-004
(PID.TID 0000.0001)     Wall clock time:   3.2125473022460938E-002
(PID.TID 0000.0001)          No. starts:        2880
(PID.TID 0000.0001)           No. stops:        2880
(PID.TID 0000.0001)   Seconds in section "DO_OCEANIC_PHYS     [FORWARD_STEP]":
(PID.TID 0000.0001)           User time:  0.50796918570995331
(PID.TID 0000.0001)         System time:   1.1876136064529419E-002
(PID.TID 0000.0001)     Wall clock time:  0.52255320549011230
(PID.TID 0000.0001)          No. starts:        2880
(PID.TID 0000.0001)           No. stops:        2880
(PID.TID 0000.0001)   Seconds in section "THERMODYNAMICS      [FORWARD_STEP]":
(PID.TID 0000.0001)           User time:   1.6726960688829422
(PID.TID 0000.0001)         System time:   2.6485979557037354E-002
(PID.TID 0000.0001)     Wall clock time:   1.7065212726593018
(PID.TID 0000.0001)          No. starts:        2880
(PID.TID 0000.0001)           No. stops:        2880
(PID.TID 0000.0001)   Seconds in section "DYNAMICS            [FORWARD_STEP]":
(PID.TID 0000.0001)           User time:   3.1692960411310196
(PID.TID 0000.0001)         System time:   8.3219110965728760E-003
(PID.TID 0000.0001)     Wall clock time:   3.1907837390899658
(PID.TID 0000.0001)          No. starts:        2880
(PID.TID 0000.0001)           No. stops:        2880
(PID.TID 0000.0001)   Seconds in section "SOLVE_FOR_PRESSURE  [FORWARD_STEP]":
(PID.TID 0000.0001)           User time:   2.1725456714630127
(PID.TID 0000.0001)         System time:   7.0559680461883545E-003
(PID.TID 0000.0001)     Wall clock time:   2.1920678615570068
(PID.TID 0000.0001)          No. starts:        2880
(PID.TID 0000.0001)           No. stops:        2880
(PID.TID 0000.0001)   Seconds in section "MOM_CORRECTION_STEP [FORWARD_STEP]":
(PID.TID 0000.0001)           User time:  0.12991516292095184
(PID.TID 0000.0001)         System time:   1.0080337524414062E-003
(PID.TID 0000.0001)     Wall clock time:  0.13202571868896484
(PID.TID 0000.0001)          No. starts:        2880
(PID.TID 0000.0001)           No. stops:        2880
(PID.TID 0000.0001)   Seconds in section "INTEGR_CONTINUITY   [FORWARD_STEP]":
(PID.TID 0000.0001)           User time:  0.25450114160776138
(PID.TID 0000.0001)         System time:   2.0209848880767822E-003
(PID.TID 0000.0001)     Wall clock time:  0.25843572616577148
(PID.TID 0000.0001)          No. starts:        2880
(PID.TID 0000.0001)           No. stops:        2880
(PID.TID 0000.0001)   Seconds in section "TRC_CORRECTION_STEP [FORWARD_STEP]":
(PID.TID 0000.0001)           User time:   1.4585919678211212E-002
(PID.TID 0000.0001)         System time:   1.6677379608154297E-004
(PID.TID 0000.0001)     Wall clock time:   1.4843463897705078E-002
(PID.TID 0000.0001)          No. starts:        2880
(PID.TID 0000.0001)           No. stops:        2880
(PID.TID 0000.0001)   Seconds in section "BLOCKING_EXCHANGES  [FORWARD_STEP]":
(PID.TID 0000.0001)           User time:  0.31274721026420593
(PID.TID 0000.0001)         System time:   2.8038322925567627E-003
(PID.TID 0000.0001)     Wall clock time:  0.31732511520385742
(PID.TID 0000.0001)          No. starts:        2880
(PID.TID 0000.0001)           No. stops:        2880
(PID.TID 0000.0001)   Seconds in section "MONITOR             [FORWARD_STEP]":
(PID.TID 0000.0001)           User time:   3.6186501383781433E-003
(PID.TID 0000.0001)         System time:   1.6105175018310547E-004
(PID.TID 0000.0001)     Wall clock time:   3.7963390350341797E-003
(PID.TID 0000.0001)          No. starts:         720
(PID.TID 0000.0001)           No. stops:         720
(PID.TID 0000.0001)   Seconds in section "COST_TILE           [FORWARD_STEP]":
(PID.TID 0000.0001)           User time:  0.24537031352519989
(PID.TID 0000.0001)         System time:   3.3619105815887451E-003
(PID.TID 0000.0001)     Wall clock time:  0.25030374526977539
(PID.TID 0000.0001)          No. starts:        2880
(PID.TID 0000.0001)           No. stops:        2880
(PID.TID 0000.0001)   Seconds in section "DO_THE_MODEL_IO     [FORWARD_STEP]":
(PID.TID 0000.0001)           User time:   2.4388335645198822E-002
(PID.TID 0000.0001)         System time:   6.8447887897491455E-003
(PID.TID 0000.0001)     Wall clock time:  0.11856651306152344
(PID.TID 0000.0001)          No. starts:        2880
(PID.TID 0000.0001)           No. stops:        2880
(PID.TID 0000.0001)   Seconds in section "DO_WRITE_PICKUP     [FORWARD_STEP]":
(PID.TID 0000.0001)           User time:   1.6657382249832153E-002
(PID.TID 0000.0001)         System time:   1.5189647674560547E-003
(PID.TID 0000.0001)     Wall clock time:   3.2658100128173828E-002
(PID.TID 0000.0001)          No. starts:        2880
(PID.TID 0000.0001)           No. stops:        2880
(PID.TID 0000.0001)   Seconds in section "CTRL_PACK           [THE_MODEL_MAIN]":
(PID.TID 0000.0001)           User time:   6.7234039306640625E-004
(PID.TID 0000.0001)         System time:   3.2007694244384766E-005
(PID.TID 0000.0001)     Wall clock time:   2.4800300598144531E-003
(PID.TID 0000.0001)          No. starts:           1
(PID.TID 0000.0001)           No. stops:           1
(PID.TID 0000.0001)   Seconds in section "CTRL_PACK     [THE_MODEL_MAIN]":
(PID.TID 0000.0001)           User time:   0.0000000000000000
(PID.TID 0000.0001)         System time:   4.7701597213745117E-004
(PID.TID 0000.0001)     Wall clock time:   2.0828247070312500E-003
(PID.TID 0000.0001)          No. starts:           1
(PID.TID 0000.0001)           No. stops:           1
(PID.TID 0000.0001)   Seconds in section "GRDCHK_MAIN         [THE_MODEL_MAIN]":
(PID.TID 0000.0001)           User time:   4.4284696578979492
(PID.TID 0000.0001)         System time:   3.1511008739471436E-002
(PID.TID 0000.0001)     Wall clock time:   4.4879410266876221
(PID.TID 0000.0001)          No. starts:           1
(PID.TID 0000.0001)           No. stops:           1
(PID.TID 0000.0001)   Seconds in section "INITIALISE_VARIA    [THE_MAIN_LOOP]":
(PID.TID 0000.0001)           User time:   4.3945312500000000E-003
(PID.TID 0000.0001)         System time:   1.1579990386962891E-003
(PID.TID 0000.0001)     Wall clock time:   9.6442699432373047E-003
(PID.TID 0000.0001)          No. starts:           2
(PID.TID 0000.0001)           No. stops:           2
(PID.TID 0000.0001)   Seconds in section "MAIN LOOP           [THE_MAIN_LOOP]":
(PID.TID 0000.0001)           User time:   4.4231281280517578
(PID.TID 0000.0001)         System time:   2.9981970787048340E-002
(PID.TID 0000.0001)     Wall clock time:   4.4685499668121338
(PID.TID 0000.0001)          No. starts:           2
(PID.TID 0000.0001)           No. stops:           2
(PID.TID 0000.0001)   Seconds in section "MAIN_DO_LOOP        [THE_MAIN_LOOP]":
(PID.TID 0000.0001)           User time:   4.4151382446289062
(PID.TID 0000.0001)         System time:   2.9902040958404541E-002
(PID.TID 0000.0001)     Wall clock time:   4.4603109359741211
(PID.TID 0000.0001)          No. starts:        1440
(PID.TID 0000.0001)           No. stops:        1440
(PID.TID 0000.0001)   Seconds in section "COST_FINAL         [ADJOINT SPIN-DOWN]":
(PID.TID 0000.0001)           User time:   2.9277801513671875E-004
(PID.TID 0000.0001)         System time:   2.9802322387695312E-006
(PID.TID 0000.0001)     Wall clock time:   4.0602684020996094E-004
(PID.TID 0000.0001)          No. starts:           2
(PID.TID 0000.0001)           No. stops:           2
(PID.TID 0000.0001) // ======================================================
(PID.TID 0000.0001) // Tile <-> Tile communication statistics
(PID.TID 0000.0001) // ======================================================
(PID.TID 0000.0001) // o Tile number: 000001
(PID.TID 0000.0001) //         No. X exchanges =              0
(PID.TID 0000.0001) //            Max. X spins =              0
(PID.TID 0000.0001) //            Min. X spins =     1000000000
(PID.TID 0000.0001) //          Total. X spins =              0
(PID.TID 0000.0001) //            Avg. X spins =       0.00E+00
(PID.TID 0000.0001) //         No. Y exchanges =              0
(PID.TID 0000.0001) //            Max. Y spins =              0
(PID.TID 0000.0001) //            Min. Y spins =     1000000000
(PID.TID 0000.0001) //          Total. Y spins =              0
(PID.TID 0000.0001) //            Avg. Y spins =       0.00E+00
(PID.TID 0000.0001) // o Thread number: 000001
(PID.TID 0000.0001) //            No. barriers =        1164570
(PID.TID 0000.0001) //      Max. barrier spins =              1
(PID.TID 0000.0001) //      Min. barrier spins =              1
(PID.TID 0000.0001) //     Total barrier spins =        1164570
(PID.TID 0000.0001) //      Avg. barrier spins =       1.00E+00
PROGRAM MAIN: Execution ended Normally
