(PID.TID 0000.0001) 
(PID.TID 0000.0001) // ======================================================
(PID.TID 0000.0001) //                      MITgcm UV
(PID.TID 0000.0001) //                      =========
(PID.TID 0000.0001) // ======================================================
(PID.TID 0000.0001) // execution environment starting up...
(PID.TID 0000.0001) 
(PID.TID 0000.0001) // MITgcmUV version:  checkpoint68j
(PID.TID 0000.0001) // Build user:        mjalabert314
(PID.TID 0000.0001) // Build host:        pod.cnsi.ucsb.edu
(PID.TID 0000.0001) // Build date:        Wed Aug 12 15:46:28 PDT 2026
(PID.TID 0000.0001) 
(PID.TID 0000.0001) // =======================================================
(PID.TID 0000.0001) // Execution Environment parameter file "eedata"
(PID.TID 0000.0001) // =======================================================
(PID.TID 0000.0001) > &EEPARMS
(PID.TID 0000.0001) > nTx=1,
(PID.TID 0000.0001) > nTy=1,
(PID.TID 0000.0001) > /
(PID.TID 0000.0001) >
(PID.TID 0000.0001) 
(PID.TID 0000.0001) // =======================================================
(PID.TID 0000.0001) // Computational Grid Specification ( see files "SIZE.h" )
(PID.TID 0000.0001) //                                  ( and "eedata"       )
(PID.TID 0000.0001) // =======================================================
(PID.TID 0000.0001)      nPx =    2 ; /* No. processes in X */
(PID.TID 0000.0001)      nPy =    2 ; /* No. processes in Y */
(PID.TID 0000.0001)      nSx =    1 ; /* No. tiles in X per process */
(PID.TID 0000.0001)      nSy =    1 ; /* No. tiles in Y per process */
(PID.TID 0000.0001)      sNx =   31 ; /* Tile size in X */
(PID.TID 0000.0001)      sNy =   31 ; /* Tile size in Y */
(PID.TID 0000.0001)      OLx =    2 ; /* Tile overlap distance in X */
(PID.TID 0000.0001)      OLy =    2 ; /* Tile overlap distance in Y */
(PID.TID 0000.0001)      nTx =    1 ; /* No. threads in X per process */
(PID.TID 0000.0001)      nTy =    1 ; /* No. threads in Y per process */
(PID.TID 0000.0001)       Nr =   15 ; /* No. levels in the vertical   */
(PID.TID 0000.0001)       Nx =   62 ; /* Total domain size in X ( = nPx*nSx*sNx ) */
(PID.TID 0000.0001)       Ny =   62 ; /* Total domain size in Y ( = nPy*nSy*sNy ) */
(PID.TID 0000.0001)   nTiles =    1 ; /* Total no. tiles per process ( = nSx*nSy ) */
(PID.TID 0000.0001)   nProcs =    4 ; /* Total no. processes ( = nPx*nPy ) */
(PID.TID 0000.0001) nThreads =    1 ; /* Total no. threads per process ( = nTx*nTy ) */
(PID.TID 0000.0001) usingMPI =    T ; /* Flag used to control whether MPI is in use */
(PID.TID 0000.0001)                   /*  note: To execute a program with MPI calls */
(PID.TID 0000.0001)                   /*  it must be launched appropriately e.g     */
(PID.TID 0000.0001)                   /*  "mpirun -np 64 ......"                    */
(PID.TID 0000.0001) useCoupler=   F ; /* Flag used to control communications with   */
(PID.TID 0000.0001)                   /*  other model components, through a coupler */
(PID.TID 0000.0001) useNest2W_parent =    F ;/* Control 2-W Nesting comm */
(PID.TID 0000.0001) useNest2W_child  =    F ;/* Control 2-W Nesting comm */
(PID.TID 0000.0001) debugMode =    F ; /* print debug msg. (sequence of S/R calls)  */
(PID.TID 0000.0001) printMapIncludesZeros=    F ; /* print zeros in Std.Output maps */
(PID.TID 0000.0001) maxLengthPrt1D=   65 /* maxLength of 1D array printed to StdOut */
(PID.TID 0000.0001) 
(PID.TID 0000.0001) ======= Starting MPI parallel Run =========
(PID.TID 0000.0001)  My Processor Name (len:  6 ) = node64
(PID.TID 0000.0001)  Located at (  0,  0) on processor grid (0:  1,0:  1)
(PID.TID 0000.0001)  Origin at  (     1,     1) on global grid (1:    62,1:    62)
(PID.TID 0000.0001)  North neighbor = processor 0001
(PID.TID 0000.0001)  South neighbor = processor 0001
(PID.TID 0000.0001)   East neighbor = processor 0002
(PID.TID 0000.0001)   West neighbor = processor 0002
(PID.TID 0000.0001) // ======================================================
(PID.TID 0000.0001) // Mapping of tiles to threads
(PID.TID 0000.0001) // ======================================================
(PID.TID 0000.0001) // -o- Thread   1, tiles (   1:   1,   1:   1)
(PID.TID 0000.0001) 
(PID.TID 0000.0001) // ======================================================
(PID.TID 0000.0001) // Tile <-> Tile connectvity table
(PID.TID 0000.0001) // ======================================================
(PID.TID 0000.0001) // Tile number: 000001 (process no. = 000000)
(PID.TID 0000.0001) //        WEST: Tile = 000002, Process = 000002, Comm = messages
(PID.TID 0000.0001) //                bi = 000001, bj = 000001
(PID.TID 0000.0001) //        EAST: Tile = 000002, Process = 000002, Comm = messages
(PID.TID 0000.0001) //                bi = 000001, bj = 000001
(PID.TID 0000.0001) //       SOUTH: Tile = 000003, Process = 000001, Comm = messages
(PID.TID 0000.0001) //                bi = 000001, bj = 000001
(PID.TID 0000.0001) //       NORTH: Tile = 000003, Process = 000001, Comm = messages
(PID.TID 0000.0001) //                bi = 000001, bj = 000001
(PID.TID 0000.0001) 
(PID.TID 0000.0001)  INI_PARMS: opening model parameter file "data"
(PID.TID 0000.0001)  OPEN_COPY_DATA_FILE: opening file data
(PID.TID 0000.0001) // =======================================================
(PID.TID 0000.0001) // Parameter file "data"
(PID.TID 0000.0001) // =======================================================
(PID.TID 0000.0001) ># AF--FNO S0 adjoint: official 1-degree baroclinic-gyre tutorial physics
(PID.TID 0000.0001) > &PARM01
(PID.TID 0000.0001) > viscAh=5000.,
(PID.TID 0000.0001) > viscAr=1.E-2,
(PID.TID 0000.0001) > no_slip_sides=.TRUE.,
(PID.TID 0000.0001) > no_slip_bottom=.FALSE.,
(PID.TID 0000.0001) > diffKhT=1000.,
(PID.TID 0000.0001) > diffKrT=1.E-5,
(PID.TID 0000.0001) > ivdc_kappa=1.,
(PID.TID 0000.0001) > implicitDiffusion=.TRUE.,
(PID.TID 0000.0001) > eosType='LINEAR',
(PID.TID 0000.0001) > tRef=30.,27.,24.,21.,18.,15.,13.,11.,9.,7.,6.,5.,4.,3.,2.,
(PID.TID 0000.0001) > tAlpha=2.E-4,
(PID.TID 0000.0001) > sBeta=0.,
(PID.TID 0000.0001) > rhoNil=999.8,
(PID.TID 0000.0001) > gravity=9.81,
(PID.TID 0000.0001) > rigidLid=.FALSE.,
(PID.TID 0000.0001) > implicitFreeSurface=.TRUE.,
(PID.TID 0000.0001) > exactConserv=.TRUE.,
(PID.TID 0000.0001) > saltStepping=.FALSE.,
(PID.TID 0000.0001) > useSingleCpuIO=.TRUE.,
(PID.TID 0000.0001) > /
(PID.TID 0000.0001) > &PARM02
(PID.TID 0000.0001) > cg2dTargetResidual=1.E-12,
(PID.TID 0000.0001) > cg2dMaxIters=1000,
(PID.TID 0000.0001) > /
(PID.TID 0000.0001) > &PARM03
(PID.TID 0000.0001) > nIter0=3111120,
(PID.TID 0000.0001) > nTimeSteps=720,
(PID.TID 0000.0001) > deltaT=1200.,
(PID.TID 0000.0001) > pChkptFreq=0.0,
(PID.TID 0000.0001) > chkptFreq=0.,
(PID.TID 0000.0001) > dumpFreq=0.,
(PID.TID 0000.0001) > monitorFreq=2592000.,
(PID.TID 0000.0001) > monitorSelect=2,
(PID.TID 0000.0001) > tauThetaClimRelax=2592000.,
(PID.TID 0000.0001) > /
(PID.TID 0000.0001) > &PARM04
(PID.TID 0000.0001) > usingSphericalPolarGrid=.TRUE.,
(PID.TID 0000.0001) > delX=62*1.,
(PID.TID 0000.0001) > delY=62*1.,
(PID.TID 0000.0001) > xgOrigin=-1.,
(PID.TID 0000.0001) > ygOrigin=14.,
(PID.TID 0000.0001) > delR=50.,60.,70.,80.,90.,100.,110.,120.,130.,140.,150.,160.,170.,180.,190.,
(PID.TID 0000.0001) > /
(PID.TID 0000.0001) > &PARM05
(PID.TID 0000.0001) > bathyFile='bathy.bin',
(PID.TID 0000.0001) > zonalWindFile='windx_cosy.bin',
(PID.TID 0000.0001) > thetaClimFile='SST_relax.bin',
(PID.TID 0000.0001) > /
(PID.TID 0000.0001) 
(PID.TID 0000.0001)  INI_PARMS ; starts to read PARM01
(PID.TID 0000.0001)  INI_PARMS ; read PARM01 : OK
(PID.TID 0000.0001)  INI_PARMS ; starts to read PARM02
(PID.TID 0000.0001)  INI_PARMS ; read PARM02 : OK
(PID.TID 0000.0001)  INI_PARMS ; starts to read PARM03
(PID.TID 0000.0001)  INI_PARMS ; read PARM03 : OK
(PID.TID 0000.0001)  INI_PARMS ; starts to read PARM04
(PID.TID 0000.0001)  INI_PARMS ; read PARM04 : OK
(PID.TID 0000.0001)  INI_PARMS ; starts to read PARM05
(PID.TID 0000.0001)  INI_PARMS ; read PARM05 : OK
(PID.TID 0000.0001)  INI_PARMS: finished reading file "data"
(PID.TID 0000.0001)  PACKAGES_BOOT: opening data.pkg
(PID.TID 0000.0001)  OPEN_COPY_DATA_FILE: opening file data.pkg
(PID.TID 0000.0001) // =======================================================
(PID.TID 0000.0001) // Parameter file "data.pkg"
(PID.TID 0000.0001) // =======================================================
(PID.TID 0000.0001) > &PACKAGES
(PID.TID 0000.0001) > useMNC=.FALSE.,
(PID.TID 0000.0001) > useDiagnostics=.TRUE.,
(PID.TID 0000.0001) > useGrdchk=.TRUE.,
(PID.TID 0000.0001) > /
(PID.TID 0000.0001) 
(PID.TID 0000.0001)  PACKAGES_BOOT: finished reading data.pkg
(PID.TID 0000.0001)  PACKAGES_BOOT: On/Off package Summary
 --------  pkgs with a standard "usePKG" On/Off switch in "data.pkg":  --------
 pkg/autodiff             compiled   and   used ( useAUTODIFF              = T )
 pkg/grdchk               compiled   and   used ( useGrdchk                = T )
 pkg/ctrl                 compiled   and   used ( useCTRL                  = T )
 pkg/diagnostics          compiled   and   used ( useDiagnostics           = T )
 -------- pkgs without standard "usePKG" On/Off switch in "data.pkg":  --------
 pkg/generic_advdiff      compiled   and   used ( useGAD                   = T )
 pkg/mom_common           compiled   and   used ( momStepping              = T )
 pkg/mom_vecinv           compiled but not used ( +vectorInvariantMomentum = F )
 pkg/mom_fluxform         compiled   and   used ( & not vectorInvariantMom = T )
 pkg/monitor              compiled   and   used ( monitorFreq > 0.         = T )
 pkg/debug                compiled but not used ( debugMode                = F )
 pkg/rw                   compiled   and   used
 pkg/mdsio                compiled   and   used
 pkg/autodiff             compiled   and   used
 pkg/cost                 compiled   and   used
(PID.TID 0000.0001)  PACKAGES_BOOT: End of package Summary
(PID.TID 0000.0001) 
(PID.TID 0000.0001) AUTODIFF_READPARMS: opening data.autodiff
(PID.TID 0000.0001)  OPEN_COPY_DATA_FILE: opening file data.autodiff
(PID.TID 0000.0001) // =======================================================
(PID.TID 0000.0001) // Parameter file "data.autodiff"
(PID.TID 0000.0001) // =======================================================
(PID.TID 0000.0001) ># AF--FNO adjoint options.
(PID.TID 0000.0001) >#
(PID.TID 0000.0001) ># inAdExact = .TRUE. (the default) requests the exact adjoint with no
(PID.TID 0000.0001) ># approximation.  Do not relax it: the whole point of this dataset is that it
(PID.TID 0000.0001) ># is exact.
(PID.TID 0000.0001) > &AUTODIFF_PARM01
(PID.TID 0000.0001) > inAdExact = .TRUE.,
(PID.TID 0000.0001) > /
(PID.TID 0000.0001) 
(PID.TID 0000.0001) AUTODIFF_READPARMS: finished reading data.autodiff
(PID.TID 0000.0001) // ===================================
(PID.TID 0000.0001) // AUTODIFF parameters :
(PID.TID 0000.0001) // ===================================
(PID.TID 0000.0001) inAdExact = /* get an exact adjoint (no approximation) */
(PID.TID 0000.0001)                   T
(PID.TID 0000.0001)     ;
(PID.TID 0000.0001) useApproxAdvectionInAdMode = /* approximate AD-advection */
(PID.TID 0000.0001)                   F
(PID.TID 0000.0001)     ;
(PID.TID 0000.0001) cg2dFullAdjoint = /* use full hand written cg2d adjoint (no approximation) */
(PID.TID 0000.0001)                   F
(PID.TID 0000.0001)     ;
(PID.TID 0000.0001) useKPPinAdMode = /* use KPP in adjoint mode */
(PID.TID 0000.0001)                   F
(PID.TID 0000.0001)     ;
(PID.TID 0000.0001) useGMRediInAdMode = /* use GMRedi in adjoint mode */
(PID.TID 0000.0001)                   F
(PID.TID 0000.0001)     ;
(PID.TID 0000.0001) useSEAICEinAdMode = /* use SEAICE in adjoint mode */
(PID.TID 0000.0001)                   F
(PID.TID 0000.0001)     ;
(PID.TID 0000.0001) useGGL90inAdMode = /* use GGL90 in adjoint mode */
(PID.TID 0000.0001)                   F
(PID.TID 0000.0001)     ;
(PID.TID 0000.0001) useSALT_PLUMEinAdMode = /* use SALT_PLUME in adjoint mode */
(PID.TID 0000.0001)                   F
(PID.TID 0000.0001)     ;
(PID.TID 0000.0001) dumpAdVarExch = /* control adexch before dumpinp */
(PID.TID 0000.0001)                       2
(PID.TID 0000.0001)     ;
(PID.TID 0000.0001) mon_AdVarExch = /* control adexch before monitor */
(PID.TID 0000.0001)                       2
(PID.TID 0000.0001)     ;
(PID.TID 0000.0001) viscFacInFw = /* viscosity factor for forward model */
(PID.TID 0000.0001)                 1.000000000000000E+00
(PID.TID 0000.0001)     ;
(PID.TID 0000.0001) viscFacInAd = /* viscosity factor for adjoint */
(PID.TID 0000.0001)                 1.000000000000000E+00
(PID.TID 0000.0001)     ;
(PID.TID 0000.0001) SIregFacInAd = /* sea ice factor for adjoint model */
(PID.TID 0000.0001)                 1.234567000000000E+05
(PID.TID 0000.0001)     ;
(PID.TID 0000.0001) SIregFacInFw = /* sea ice factor for forward model */
(PID.TID 0000.0001)                 1.234567000000000E+05
(PID.TID 0000.0001)     ;
(PID.TID 0000.0001) 
(PID.TID 0000.0001) OPTIM_READPARMS: opening data.optim
(PID.TID 0000.0001)  OPEN_COPY_DATA_FILE: opening file data.optim
(PID.TID 0000.0001) // =======================================================
(PID.TID 0000.0001) // Parameter file "data.optim"
(PID.TID 0000.0001) // =======================================================
(PID.TID 0000.0001) ># AF--FNO adjoint optimisation cycle.
(PID.TID 0000.0001) >#
(PID.TID 0000.0001) ># optimcycle = 0 fixes the control filename to xx_etan.0000000000.data and the
(PID.TID 0000.0001) ># gradient to adxx_etan.0000000000.data.  There is no optimisation here: this
(PID.TID 0000.0001) ># is a pure sensitivity calculation, one cycle only.
(PID.TID 0000.0001) > &OPTIM
(PID.TID 0000.0001) > optimcycle = 0,
(PID.TID 0000.0001) > /
(PID.TID 0000.0001) 
(PID.TID 0000.0001) OPTIM_READPARMS: finished reading data.optim
(PID.TID 0000.0001) CTRL_READPARMS: opening data.ctrl
(PID.TID 0000.0001)  OPEN_COPY_DATA_FILE: opening file data.ctrl
(PID.TID 0000.0001) // =======================================================
(PID.TID 0000.0001) // Parameter file "data.ctrl"
(PID.TID 0000.0001) // =======================================================
(PID.TID 0000.0001) ># AF--FNO adjoint control variables.
(PID.TID 0000.0001) >#
(PID.TID 0000.0001) ># The single control is the initial sea surface height, enabled by
(PID.TID 0000.0001) ># ALLOW_GENARR2D_CONTROL in code_ad/CTRL_OPTIONS.h.
(PID.TID 0000.0001) >#
(PID.TID 0000.0001) ># NOT ALLOW_ETAN0_CONTROL: in c68j every block of that flag lives inside
(PID.TID 0000.0001) ># #ifdef ECCO_CTRL_DEPRECATED, which is defined nowhere, so CTRL_MAP_INI
(PID.TID 0000.0001) ># compiles to an empty subroutine and the adjoint comes back identically zero.
(PID.TID 0000.0001) ># The generic-array path is the live one.
(PID.TID 0000.0001) >#
(PID.TID 0000.0001) ># ctrl_map_ini_genarr.F keys on the first 7 characters of xx_genarr2d_file, so
(PID.TID 0000.0001) ># the name must start with 'xx_etan'; it then calls
(PID.TID 0000.0001) ># CTRL_MAP_GENARR2D( etaN, ... ), which ACTIVE_READ_XY's
(PID.TID 0000.0001) ># xx_etan.<optimcycle> against xx_genarr2d_dummy(1) and adds it to etaN,
(PID.TID 0000.0001) ># masked by the surface maskC.  etaH follows through UPDATE_ETAH.
(PID.TID 0000.0001) >#
(PID.TID 0000.0001) ># xx_genarr2d_weight must be non-blank or ctrl_init.F:807 never registers the
(PID.TID 0000.0001) ># control and ctrl_map_ini_genarr.F:117 never matches it -- a blank weight is a
(PID.TID 0000.0001) ># second, quieter way to get a zero adjoint.  The named file is read
(PID.TID 0000.0001) ># unconditionally by READ_REC_3D_RL at ctrlprec (= 64, big-endian float64).
(PID.TID 0000.0001) >#
(PID.TID 0000.0001) ># 'noscaling' is REQUIRED for ground truth.  Without it ctrl_map_genarr.F:142
(PID.TID 0000.0001) ># divides the control by SQRT(wgenarr2d), which rescales the returned gradient
(PID.TID 0000.0001) ># by the same factor.  With it, fld = fld + xx_gen*mask and the gradient is
(PID.TID 0000.0001) ># dJ/deta in metres per metre, unscaled.  wetan_ones.bin then only has to be
(PID.TID 0000.0001) ># positive; it is staged as exact ones by scripts/stage_adjoint_run.py.
(PID.TID 0000.0001) >#
(PID.TID 0000.0001) ># xx_genarr2d_bounds is left at its default of all zeros: CTRL_BOUND_2D is a
(PID.TID 0000.0001) ># no-op unless boundsVec(1) < boundsVec(4).
(PID.TID 0000.0001) >#
(PID.TID 0000.0001) ># The gradient comes back as adxx_etan.<optimcycle>.data, 62x62.
(PID.TID 0000.0001) > &CTRL_NML
(PID.TID 0000.0001) > /
(PID.TID 0000.0001) >#
(PID.TID 0000.0001) ># names for ctrl_pack / ctrl_unpack
(PID.TID 0000.0001) > &CTRL_PACKNAMES
(PID.TID 0000.0001) > /
(PID.TID 0000.0001) >#
(PID.TID 0000.0001) ># the generic 2-D control: initial etaN
(PID.TID 0000.0001) > &CTRL_NML_GENARR
(PID.TID 0000.0001) > xx_genarr2d_file(1)      = 'xx_etan',
(PID.TID 0000.0001) > xx_genarr2d_weight(1)    = 'wetan_ones.bin',
(PID.TID 0000.0001) > xx_genarr2d_preproc(1,1) = 'noscaling',
(PID.TID 0000.0001) > /
(PID.TID 0000.0001) 
(PID.TID 0000.0001) CTRL_READPARMS: finished reading data.ctrl
(PID.TID 0000.0001) COST_READPARMS: opening data.cost
(PID.TID 0000.0001)  OPEN_COPY_DATA_FILE: opening file data.cost
(PID.TID 0000.0001) // =======================================================
(PID.TID 0000.0001) // Parameter file "data.cost"
(PID.TID 0000.0001) // =======================================================
(PID.TID 0000.0001) ># AF--FNO adjoint cost function.
(PID.TID 0000.0001) >#
(PID.TID 0000.0001) ># mult_test = 1. exactly, so fc = J and adxx_etan = dJ/deta with no rescaling.
(PID.TID 0000.0001) >#
(PID.TID 0000.0001) ># afCostWeightFile names the runtime weight field w that defines the quantity
(PID.TID 0000.0001) ># of interest:  J = sum_ij w_ij * etaN_ij(T).  Built by
(PID.TID 0000.0001) ># scripts/make_cost_weight.py, 62x62 big-endian float32.
(PID.TID 0000.0001) >#
(PID.TID 0000.0001) >#   costWeight_ssh_anomaly.bin  SSH anomaly at p* = (i=2, j=17)   <- production
(PID.TID 0000.0001) >#   costWeight_mean_only.bin    area-weighted wet mean alone      <- gate G3
(PID.TID 0000.0001) >#   costWeight_point_only.bin   bare point value at p*            <- diagnostic
(PID.TID 0000.0001) >#
(PID.TID 0000.0001) ># Changing the target cell or the functional means staging a different file
(PID.TID 0000.0001) ># here.  It never requires a rebuild, and so never a new TAF submission.
(PID.TID 0000.0001) > &COST_NML
(PID.TID 0000.0001) > mult_test        = 1.,
(PID.TID 0000.0001) > afCostWeightFile = 'costWeight.bin',
(PID.TID 0000.0001) > /
(PID.TID 0000.0001) 
(PID.TID 0000.0001) COST_READPARMS: finished reading data.cost
(PID.TID 0000.0001) GRDCHK_READPARMS: opening data.grdchk
(PID.TID 0000.0001)  OPEN_COPY_DATA_FILE: opening file data.grdchk
(PID.TID 0000.0001) // =======================================================
(PID.TID 0000.0001) // Parameter file "data.grdchk"
(PID.TID 0000.0001) // =======================================================
(PID.TID 0000.0001) ># AF--FNO adjoint gradient check -- Stage 7, acceptance gate G1.
(PID.TID 0000.0001) >#
(PID.TID 0000.0001) ># Requires useGrdchk=.TRUE. in data.pkg.  grdchk perturbs one control element
(PID.TID 0000.0001) ># by +/- grdchk_eps, runs the forward model twice, and compares the centred
(PID.TID 0000.0001) ># finite difference against the adjoint gradient.  This is the only thing
(PID.TID 0000.0001) ># standing between "a 62x62 array of plausible numbers" and ground truth.
(PID.TID 0000.0001) >#
(PID.TID 0000.0001) ># grdchkvarindex = 100 + iarr selects the iarr-th generic 2-D control, so 101
(PID.TID 0000.0001) ># is xx_genarr2d_file(1) = 'xx_etan' (ctrl_init.F:807 registers it as
(PID.TID 0000.0001) ># 100+iarr / 200+iarr, grdchk_getxx.F:614 accepts the range).
(PID.TID 0000.0001) >#
(PID.TID 0000.0001) ># NOT 29.  That index belongs to ALLOW_ETAN0_CONTROL, whose entire
(PID.TID 0000.0001) ># implementation is inside #ifdef ECCO_CTRL_DEPRECATED and is not compiled --
(PID.TID 0000.0001) ># see the note in code_ad/CTRL_OPTIONS.h.
(PID.TID 0000.0001) >#
(PID.TID 0000.0001) ># iGloPos / jGloPos are TILE-LOCAL positions (grdchk_get_position.F:81 sets
(PID.TID 0000.0001) ># itilepos = iGloPos, and grdchk_readparms.F:116 rejects iGloPos > sNx).  With
(PID.TID 0000.0001) ># sNx = sNy = 31 on a 2x2 decomposition the tiles cover:
(PID.TID 0000.0001) >#
(PID.TID 0000.0001) >#     iGloTile=1, jGloTile=1  ->  global i=1..31,  j=1..31
(PID.TID 0000.0001) >#     iGloTile=2, jGloTile=1  ->  global i=32..62, j=1..31
(PID.TID 0000.0001) >#     iGloTile=1, jGloTile=2  ->  global i=1..31,  j=32..62
(PID.TID 0000.0001) >#     iGloTile=2, jGloTile=2  ->  global i=32..62, j=32..62
(PID.TID 0000.0001) >#
(PID.TID 0000.0001) ># so global (i,j) in tile (1,1) is simply (iGloPos, jGloPos) = (i, j).
(PID.TID 0000.0001) >#
(PID.TID 0000.0001) ># The settings below are test point 1 of the plan's eight: p* itself,
(PID.TID 0000.0001) ># global (i=2, j=17), the self-sensitivity and the largest value on the map.
(PID.TID 0000.0001) ># Sweep grdchk_eps over {1e-3, 1e-4, 1e-5, 1e-6} and look for the plateau --
(PID.TID 0000.0001) ># a single epsilon agreeing is weak evidence, the plateau is strong evidence.
(PID.TID 0000.0001) >#
(PID.TID 0000.0001) ># The remaining seven points (plan section 8):
(PID.TID 0000.0001) >#   2-3  upstream in the boundary current   (i=2, j=14) and (i=2, j=11)
(PID.TID 0000.0001) >#   4    offshore of the current            (i=4, j=17)
(PID.TID 0000.0001) >#   5    mid-basin interior                 (i=31, j=17) -> tile (1,1) local (31,17)
(PID.TID 0000.0001) >#   6    eastern boundary                   (i=61, j=17) -> tile (2,1) local (30,17)
(PID.TID 0000.0001) >#   7    a convecting column                to be identified from the forward run
(PID.TID 0000.0001) >#
(PID.TID 0000.0001) ># nbeg MUST be 0.  grdchk_main.F:213 calls GRDCHK_GET_POSITION only when
(PID.TID 0000.0001) ># nbeg .EQ. 0; with any other value iGloPos/jGloPos are ignored entirely and
(PID.TID 0000.0001) ># icomp indexes the packed control vector directly, so nbeg=1 silently tests
(PID.TID 0000.0001) ># the FIRST WET CELL (i=2, j=2) no matter what position is requested here.
(PID.TID 0000.0001) ># GRDCHK_GET_POSITION then counts wet cells up to the requested position, sets
(PID.TID 0000.0001) ># nbeg to that count, and does nend = nbeg + nend -- so the namelist nend is an
(PID.TID 0000.0001) ># OFFSET, not an absolute index.  nend = 0 means exactly one test point.
(PID.TID 0000.0001) >#
(PID.TID 0000.0001) ># The land cell of the plan's eight-point table is not reachable from here:
(PID.TID 0000.0001) ># GRDCHK_GET_POSITION only ever lands on cells with wetlocal .NE. 0.  Land is
(PID.TID 0000.0001) ># covered by gate G4 on the extracted map instead, which is the stronger
(PID.TID 0000.0001) ># statement anyway (all 244 land cells, not one).
(PID.TID 0000.0001) > &GRDCHK_NML
(PID.TID 0000.0001) > grdchk_eps     = 1.d-4,
(PID.TID 0000.0001) > grdchkvarindex = 101,
(PID.TID 0000.0001) > useCentralDiff = .TRUE.,
(PID.TID 0000.0001) > iGloPos        = 31,
(PID.TID 0000.0001) > jGloPos        = 24,
(PID.TID 0000.0001) > kGloPos        = 1,
(PID.TID 0000.0001) > iGloTile       = 1,
(PID.TID 0000.0001) > jGloTile       = 2,
(PID.TID 0000.0001) > nbeg           = 0,
(PID.TID 0000.0001) > nstep          = 1,
(PID.TID 0000.0001) > nend           = 0,
(PID.TID 0000.0001) > /
(PID.TID 0000.0001) 
(PID.TID 0000.0001) GRDCHK_READPARMS: finished reading data.grdchk
(PID.TID 0000.0001) 
(PID.TID 0000.0001) // =======================================================
(PID.TID 0000.0001) // Gradient check configuration  >>> START <<<
(PID.TID 0000.0001) // =======================================================
(PID.TID 0000.0001) 
(PID.TID 0000.0001)   grdchkvarindex :                        101
(PID.TID 0000.0001)   eps:                              0.100E-03
(PID.TID 0000.0001)   First location:                           0
(PID.TID 0000.0001)   Last location:                            0
(PID.TID 0000.0001)   Increment:                                1
(PID.TID 0000.0001)   grdchkWhichProc:                         -1
(PID.TID 0000.0001)   iLocTile =       1  ,    jLocTile =       2
(PID.TID 0000.0001) 
(PID.TID 0000.0001) // =======================================================
(PID.TID 0000.0001) // Gradient check configuration  >>> END <<<
(PID.TID 0000.0001) // =======================================================
(PID.TID 0000.0001) 
(PID.TID 0000.0001)  DIAGNOSTICS_READPARMS: opening data.diagnostics
(PID.TID 0000.0001)  OPEN_COPY_DATA_FILE: opening file data.diagnostics
(PID.TID 0000.0001) // =======================================================
(PID.TID 0000.0001) // Parameter file "data.diagnostics"
(PID.TID 0000.0001) // =======================================================
(PID.TID 0000.0001) > &DIAGNOSTICS_LIST
(PID.TID 0000.0001) > dumpAtLast=.FALSE.,
(PID.TID 0000.0001) > diag_mnc=.FALSE.,
(PID.TID 0000.0001) > fields(1:3,1)='UVEL    ','VVEL    ','THETA   ',
(PID.TID 0000.0001) > fileName(1)='dynState',
(PID.TID 0000.0001) > frequency(1)=-86400.,
(PID.TID 0000.0001) > timePhase(1)=0.,
(PID.TID 0000.0001) > fileFlags(1)='R       ',
(PID.TID 0000.0001) > fields(1,2)='ETAN    ',
(PID.TID 0000.0001) > fileName(2)='surfState',
(PID.TID 0000.0001) > frequency(2)=-86400.,
(PID.TID 0000.0001) > timePhase(2)=0.,
(PID.TID 0000.0001) > fileFlags(2)='R       ',
(PID.TID 0000.0001) > /
(PID.TID 0000.0001) > &DIAG_STATIS_PARMS
(PID.TID 0000.0001) > /
(PID.TID 0000.0001) >
(PID.TID 0000.0001) 
(PID.TID 0000.0001) S/R DIAGNOSTICS_READPARMS, read namelist "diagnostics_list": start
(PID.TID 0000.0001) S/R DIAGNOSTICS_READPARMS, read namelist "diagnostics_list": OK
(PID.TID 0000.0001) S/R DIAGNOSTICS_READPARMS, read namelist "DIAG_STATIS_PARMS": start
(PID.TID 0000.0001) S/R DIAGNOSTICS_READPARMS, read namelist "DIAG_STATIS_PARMS": OK
(PID.TID 0000.0001)  DIAGNOSTICS_READPARMS: global parameter summary:
(PID.TID 0000.0001)  dumpAtLast = /* always write time-ave diags at the end */
(PID.TID 0000.0001)                   F
(PID.TID 0000.0001)     ;
(PID.TID 0000.0001)  diag_mnc =   /* write NetCDF output files */
(PID.TID 0000.0001)                   F
(PID.TID 0000.0001)     ;
(PID.TID 0000.0001)  useMissingValue = /* put MissingValue where mask = 0 */
(PID.TID 0000.0001)                   F
(PID.TID 0000.0001)     ;
(PID.TID 0000.0001)  diagCG_maxIters = /* max number of iters in diag_cg2d */
(PID.TID 0000.0001)                    1000
(PID.TID 0000.0001)     ;
(PID.TID 0000.0001)  diagCG_resTarget = /* residual target for diag_cg2d */
(PID.TID 0000.0001)                 1.000000000000000E-12
(PID.TID 0000.0001)     ;
(PID.TID 0000.0001)  diagCG_pcOffDFac = /* preconditioner off-diagonal factor */
(PID.TID 0000.0001)                 9.611687812379854E-01
(PID.TID 0000.0001)     ;
(PID.TID 0000.0001) -----------------------------------------------------
(PID.TID 0000.0001)  DIAGNOSTICS_READPARMS: active diagnostics summary:
(PID.TID 0000.0001) -----------------------------------------------------
(PID.TID 0000.0001) Creating Output Stream: dynState
(PID.TID 0000.0001) Output Frequency:     -86400.000000 ; Phase:           0.000000
(PID.TID 0000.0001)  Averaging Freq.:          0.000000 , Phase:           0.000000 , Cycle:   1
(PID.TID 0000.0001)  missing value: -9.990000000000E+02 ; F-Flags="R       "
(PID.TID 0000.0001)  Levels:    will be set later
(PID.TID 0000.0001)  Fields:    UVEL     VVEL     THETA
(PID.TID 0000.0001) Creating Output Stream: surfState
(PID.TID 0000.0001) Output Frequency:     -86400.000000 ; Phase:           0.000000
(PID.TID 0000.0001)  Averaging Freq.:          0.000000 , Phase:           0.000000 , Cycle:   1
(PID.TID 0000.0001)  missing value: -9.990000000000E+02 ; F-Flags="R       "
(PID.TID 0000.0001)  Levels:    will be set later
(PID.TID 0000.0001)  Fields:    ETAN
(PID.TID 0000.0001) -----------------------------------------------------
(PID.TID 0000.0001)  DIAGNOSTICS_READPARMS: statistics diags. summary:
(PID.TID 0000.0001) -----------------------------------------------------
(PID.TID 0000.0001) 
(PID.TID 0000.0001) SET_PARMS: done
(PID.TID 0000.0001) Enter INI_VERTICAL_GRID: setInterFDr=    T ; setCenterDr=    F
(PID.TID 0000.0001) %MON XC_max                       =   6.0500000000000E+01
(PID.TID 0000.0001) %MON XC_min                       =  -5.0000000000000E-01
(PID.TID 0000.0001) %MON XC_mean                      =   3.0000000000000E+01
(PID.TID 0000.0001) %MON XC_sd                        =   1.7895530168173E+01
(PID.TID 0000.0001) %MON XG_max                       =   6.0000000000000E+01
(PID.TID 0000.0001) %MON XG_min                       =  -1.0000000000000E+00
(PID.TID 0000.0001) %MON XG_mean                      =   2.9500000000000E+01
(PID.TID 0000.0001) %MON XG_sd                        =   1.7895530168173E+01
(PID.TID 0000.0001) %MON DXC_max                      =   1.0763620848898E+05
(PID.TID 0000.0001) %MON DXC_min                      =   2.7836616228646E+04
(PID.TID 0000.0001) %MON DXC_mean                     =   7.4835486957243E+04
(PID.TID 0000.0001) %MON DXC_sd                       =   2.4080389995677E+04
(PID.TID 0000.0001) %MON DXF_max                      =   1.0763620848898E+05
(PID.TID 0000.0001) %MON DXF_min                      =   2.7836616228646E+04
(PID.TID 0000.0001) %MON DXF_mean                     =   7.4835486957243E+04
(PID.TID 0000.0001) %MON DXF_sd                       =   2.4080389995677E+04
(PID.TID 0000.0001) %MON DXG_max                      =   1.0787502725165E+05
(PID.TID 0000.0001) %MON DXG_min                      =   2.8774847489886E+04
(PID.TID 0000.0001) %MON DXG_mean                     =   7.5485691984679E+04
(PID.TID 0000.0001) %MON DXG_sd                       =   2.3877575243700E+04
(PID.TID 0000.0001) %MON DXV_max                      =   1.0787502725165E+05
(PID.TID 0000.0001) %MON DXV_min                      =   2.8774847489886E+04
(PID.TID 0000.0001) %MON DXV_mean                     =   7.5485691984679E+04
(PID.TID 0000.0001) %MON DXV_sd                       =   2.3877575243700E+04
(PID.TID 0000.0001) %MON YC_max                       =   7.5500000000000E+01
(PID.TID 0000.0001) %MON YC_min                       =   1.4500000000000E+01
(PID.TID 0000.0001) %MON YC_mean                      =   4.5000000000000E+01
(PID.TID 0000.0001) %MON YC_sd                        =   1.7895530168173E+01
(PID.TID 0000.0001) %MON YG_max                       =   7.5000000000000E+01
(PID.TID 0000.0001) %MON YG_min                       =   1.4000000000000E+01
(PID.TID 0000.0001) %MON YG_mean                      =   4.4500000000000E+01
(PID.TID 0000.0001) %MON YG_sd                        =   1.7895530168173E+01
(PID.TID 0000.0001) %MON DYC_max                      =   1.1117747335204E+05
(PID.TID 0000.0001) %MON DYC_min                      =   1.1117747335204E+05
(PID.TID 0000.0001) %MON DYC_mean                     =   1.1117747335204E+05
(PID.TID 0000.0001) %MON DYC_sd                       =   1.6298145055771E-09
(PID.TID 0000.0001) %MON DYF_max                      =   1.1117747335204E+05
(PID.TID 0000.0001) %MON DYF_min                      =   1.1117747335204E+05
(PID.TID 0000.0001) %MON DYF_mean                     =   1.1117747335204E+05
(PID.TID 0000.0001) %MON DYF_sd                       =   1.6298145055771E-09
(PID.TID 0000.0001) %MON DYG_max                      =   1.1117747335204E+05
(PID.TID 0000.0001) %MON DYG_min                      =   1.1117747335204E+05
(PID.TID 0000.0001) %MON DYG_mean                     =   1.1117747335204E+05
(PID.TID 0000.0001) %MON DYG_sd                       =   1.6298145055771E-09
(PID.TID 0000.0001) %MON DYU_max                      =   1.1117747335204E+05
(PID.TID 0000.0001) %MON DYU_min                      =   1.1117747335204E+05
(PID.TID 0000.0001) %MON DYU_mean                     =   1.1117747335204E+05
(PID.TID 0000.0001) %MON DYU_sd                       =   1.6298145055771E-09
(PID.TID 0000.0001) %MON RA_max                       =   1.1966569815247E+10
(PID.TID 0000.0001) %MON RA_min                       =   3.0947653786454E+09
(PID.TID 0000.0001) %MON RA_mean                      =   8.3199147564140E+09
(PID.TID 0000.0001) %MON RA_sd                        =   2.6771629371464E+09
(PID.TID 0000.0001) %MON RAW_max                      =   1.1966569815247E+10
(PID.TID 0000.0001) %MON RAW_min                      =   3.0947653786454E+09
(PID.TID 0000.0001) %MON RAW_mean                     =   8.3199147564140E+09
(PID.TID 0000.0001) %MON RAW_sd                       =   2.6771629371464E+09
(PID.TID 0000.0001) %MON RAS_max                      =   1.1993120744872E+10
(PID.TID 0000.0001) %MON RAS_min                      =   3.1990742357493E+09
(PID.TID 0000.0001) %MON RAS_mean                     =   8.3922019910189E+09
(PID.TID 0000.0001) %MON RAS_sd                       =   2.6546147916555E+09
(PID.TID 0000.0001) %MON RAZ_max                      =   1.1993120744872E+10
(PID.TID 0000.0001) %MON RAZ_min                      =   3.1990742357493E+09
(PID.TID 0000.0001) %MON RAZ_mean                     =   8.3922019910189E+09
(PID.TID 0000.0001) %MON RAZ_sd                       =   2.6546147916555E+09
(PID.TID 0000.0001) %MON AngleCS_max                  =   1.0000000000000E+00
(PID.TID 0000.0001) %MON AngleCS_min                  =   1.0000000000000E+00
(PID.TID 0000.0001) %MON AngleCS_mean                 =   1.0000000000000E+00
(PID.TID 0000.0001) %MON AngleCS_sd                   =   0.0000000000000E+00
(PID.TID 0000.0001) %MON AngleSN_max                  =   0.0000000000000E+00
(PID.TID 0000.0001) %MON AngleSN_min                  =   0.0000000000000E+00
(PID.TID 0000.0001) %MON AngleSN_mean                 =   0.0000000000000E+00
(PID.TID 0000.0001) %MON AngleSN_sd                   =   0.0000000000000E+00
(PID.TID 0000.0001) GAD_INIT_FIXED: GAD_OlMinSize=  1  0  1
(PID.TID 0000.0001) 
(PID.TID 0000.0001) // ===================================
(PID.TID 0000.0001) // GAD parameters :
(PID.TID 0000.0001) // ===================================
(PID.TID 0000.0001) tempAdvScheme =   /* Temp. Horiz.Advection scheme selector */
(PID.TID 0000.0001)                       2
(PID.TID 0000.0001)     ;
(PID.TID 0000.0001) tempVertAdvScheme =   /* Temp. Vert. Advection scheme selector */
(PID.TID 0000.0001)                       2
(PID.TID 0000.0001)     ;
(PID.TID 0000.0001) tempMultiDimAdvec =   /* use Muti-Dim Advec method for Temp */
(PID.TID 0000.0001)                   F
(PID.TID 0000.0001)     ;
(PID.TID 0000.0001) tempSOM_Advection = /* use 2nd Order Moment Advection for Temp */
(PID.TID 0000.0001)                   F
(PID.TID 0000.0001)     ;
(PID.TID 0000.0001) AdamsBashforthGt = /* apply Adams-Bashforth extrapolation on Gt */
(PID.TID 0000.0001)                   T
(PID.TID 0000.0001)     ;
(PID.TID 0000.0001) AdamsBashforth_T = /* apply Adams-Bashforth extrapolation on Temp */
(PID.TID 0000.0001)                   F
(PID.TID 0000.0001)     ;
(PID.TID 0000.0001) saltAdvScheme =   /* Salt. Horiz.advection scheme selector */
(PID.TID 0000.0001)                       2
(PID.TID 0000.0001)     ;
(PID.TID 0000.0001) saltVertAdvScheme =   /* Salt. Vert. Advection scheme selector */
(PID.TID 0000.0001)                       2
(PID.TID 0000.0001)     ;
(PID.TID 0000.0001) saltMultiDimAdvec =   /* use Muti-Dim Advec method for Salt */
(PID.TID 0000.0001)                   F
(PID.TID 0000.0001)     ;
(PID.TID 0000.0001) saltSOM_Advection = /* use 2nd Order Moment Advection for Salt */
(PID.TID 0000.0001)                   F
(PID.TID 0000.0001)     ;
(PID.TID 0000.0001) AdamsBashforthGs = /* apply Adams-Bashforth extrapolation on Gs */
(PID.TID 0000.0001)                   F
(PID.TID 0000.0001)     ;
(PID.TID 0000.0001) AdamsBashforth_S = /* apply Adams-Bashforth extrapolation on Salt */
(PID.TID 0000.0001)                   F
(PID.TID 0000.0001)     ;
(PID.TID 0000.0001) // ===================================
(PID.TID 0000.0001) ctrl-wet 1:    nvarlength =          900
(PID.TID 0000.0001) ctrl-wet 2: surface wet C =          900
(PID.TID 0000.0001) ctrl-wet 3: surface wet W =          870
(PID.TID 0000.0001) ctrl-wet 4: surface wet S =          870
(PID.TID 0000.0001) ctrl-wet 4a:surface wet V =            0
(PID.TID 0000.0001) ctrl-wet 5: 3D wet points =        13500
(PID.TID 0000.0001) ctrl-wet 6: no recs for i =     1           0
(PID.TID 0000.0001) ctrl-wet 6: no recs for i =     2           0
(PID.TID 0000.0001) ctrl-wet 6: no recs for i =     3           0
(PID.TID 0000.0001) ctrl-wet 6: no recs for i =     4           0
(PID.TID 0000.0001) ctrl-wet 6: no recs for i =     5           0
(PID.TID 0000.0001) ctrl-wet 6: no recs for i =     6           0
(PID.TID 0000.0001) ctrl-wet 6: no recs for i =     7           0
(PID.TID 0000.0001) ctrl-wet 6: no recs for i =     8           0
(PID.TID 0000.0001) ctrl-wet 6: no recs for i =     9           0
(PID.TID 0000.0001) ctrl-wet 6: no recs for i =    10           0
(PID.TID 0000.0001) ctrl-wet 6: no recs for i =    11           0
(PID.TID 0000.0001) ctrl-wet 6: no recs for i =    12           0
(PID.TID 0000.0001) ctrl-wet 6: no recs for i =    13           0
(PID.TID 0000.0001) ctrl-wet 6: no recs for i =    14           0
(PID.TID 0000.0001) ctrl-wet 6: no recs for i =    15           0
(PID.TID 0000.0001) ctrl-wet 6: no recs for i =    16           0
(PID.TID 0000.0001) ctrl-wet 6: no recs for i =    17           0
(PID.TID 0000.0001) ctrl-wet 6: no recs for i =    18           0
(PID.TID 0000.0001) ctrl-wet 6: no recs for i =    19           0
(PID.TID 0000.0001) ctrl-wet 6: no recs for i =    20           0
(PID.TID 0000.0001) ctrl-wet 6: no recs for i =    21           0
(PID.TID 0000.0001) ctrl-wet 6: no recs for i =    22           0
(PID.TID 0000.0001) ctrl-wet 6: no recs for i =    23           0
(PID.TID 0000.0001) ctrl-wet 6: no recs for i =    24           0
(PID.TID 0000.0001) ctrl-wet 6: no recs for i =    25           0
(PID.TID 0000.0001) ctrl-wet 6: no recs for i =    26           0
(PID.TID 0000.0001) ctrl-wet 6: no recs for i =    27           0
(PID.TID 0000.0001) ctrl-wet 6: no recs for i =    28           0
(PID.TID 0000.0001) ctrl-wet 6: no recs for i =    29           0
(PID.TID 0000.0001) ctrl-wet 6: no recs for i =    30           0
(PID.TID 0000.0001) ctrl-wet 6: no recs for i =    31           0
(PID.TID 0000.0001) ctrl-wet 6: no recs for i =    32           0
(PID.TID 0000.0001) ctrl-wet 6: no recs for i =    33           0
(PID.TID 0000.0001) ctrl-wet 6: no recs for i =    34           0
(PID.TID 0000.0001) ctrl-wet 6: no recs for i =    35           0
(PID.TID 0000.0001) ctrl-wet 6: no recs for i =    36           0
(PID.TID 0000.0001) ctrl-wet 6: no recs for i =    37           0
(PID.TID 0000.0001) ctrl-wet 6: no recs for i =    38           0
(PID.TID 0000.0001) ctrl-wet 6: no recs for i =    39           0
(PID.TID 0000.0001) ctrl-wet 6: no recs for i =    40           0
(PID.TID 0000.0001) ctrl-wet 6: no recs for i =    41           0
(PID.TID 0000.0001) ctrl-wet 6: no recs for i =    42           0
(PID.TID 0000.0001) ctrl-wet 6: no recs for i =    43           0
(PID.TID 0000.0001) ctrl-wet 6: no recs for i =    44           0
(PID.TID 0000.0001) ctrl-wet 6: no recs for i =    45           0
(PID.TID 0000.0001) ctrl-wet 6: no recs for i =    46           0
(PID.TID 0000.0001) ctrl-wet 6: no recs for i =    47           0
(PID.TID 0000.0001) ctrl-wet 6: no recs for i =    48           0
(PID.TID 0000.0001) ctrl-wet 6: no recs for i =    49           0
(PID.TID 0000.0001) ctrl-wet 6: no recs for i =    50           0
(PID.TID 0000.0001) ctrl-wet 6: no recs for i =    51           0
(PID.TID 0000.0001) ctrl-wet 6: no recs for i =    52           0
(PID.TID 0000.0001) ctrl-wet 6: no recs for i =    53           0
(PID.TID 0000.0001) ctrl-wet 6: no recs for i =    54           0
(PID.TID 0000.0001) ctrl-wet 6: no recs for i =    55           0
(PID.TID 0000.0001) ctrl-wet 6: no recs for i =    56           0
(PID.TID 0000.0001) ctrl-wet 6: no recs for i =    57           0
(PID.TID 0000.0001) ctrl-wet 6: no recs for i =    58           0
(PID.TID 0000.0001) ctrl-wet 6: no recs for i =    59           0
(PID.TID 0000.0001) ctrl-wet 6: no recs for i =    60           0
(PID.TID 0000.0001) ctrl-wet 6: no recs for i =    61           0
(PID.TID 0000.0001) ctrl-wet 6: no recs for i =    62           0
(PID.TID 0000.0001) ctrl-wet 6: no recs for i =    63           0
(PID.TID 0000.0001) ctrl-wet 6: no recs for i =    64           0
(PID.TID 0000.0001) ctrl-wet 6: no recs for i =    65           0
(PID.TID 0000.0001) ctrl-wet 6: no recs for i =    66           0
(PID.TID 0000.0001) ctrl-wet 6: no recs for i =    67           0
(PID.TID 0000.0001) ctrl-wet 6: no recs for i =    68           0
(PID.TID 0000.0001) ctrl-wet 6: no recs for i =    69           0
(PID.TID 0000.0001) ctrl-wet 6: no recs for i =    70           0
(PID.TID 0000.0001) ctrl-wet 6: no recs for i =    71           0
(PID.TID 0000.0001) ctrl-wet 6: no recs for i =    72           0
(PID.TID 0000.0001) ctrl-wet 6: no recs for i =    73           0
(PID.TID 0000.0001) ctrl-wet 6: no recs for i =    74           0
(PID.TID 0000.0001) ctrl-wet 6: no recs for i =    75           0
(PID.TID 0000.0001) ctrl-wet 6: no recs for i =    76           0
(PID.TID 0000.0001) ctrl-wet 6: no recs for i =    77           0
(PID.TID 0000.0001) ctrl-wet 6: no recs for i =    78           0
(PID.TID 0000.0001) ctrl-wet 6: no recs for i =    79           0
(PID.TID 0000.0001) ctrl-wet 6: no recs for i =    80           0
(PID.TID 0000.0001) ctrl-wet 6: no recs for i =    81           0
(PID.TID 0000.0001) ctrl-wet 6: no recs for i =    82           0
(PID.TID 0000.0001) ctrl-wet 6: no recs for i =    83           0
(PID.TID 0000.0001) ctrl-wet 6: no recs for i =    84           0
(PID.TID 0000.0001) ctrl-wet 6: no recs for i =    85           0
(PID.TID 0000.0001) ctrl-wet 6: no recs for i =    86           0
(PID.TID 0000.0001) ctrl-wet 6: no recs for i =    87           0
(PID.TID 0000.0001) ctrl-wet 6: no recs for i =    88           0
(PID.TID 0000.0001) ctrl-wet 6: no recs for i =    89           0
(PID.TID 0000.0001) ctrl-wet 6: no recs for i =    90           0
(PID.TID 0000.0001) ctrl-wet 6: no recs for i =    91           0
(PID.TID 0000.0001) ctrl-wet 6: no recs for i =    92           0
(PID.TID 0000.0001) ctrl-wet 6: no recs for i =    93           0
(PID.TID 0000.0001) ctrl-wet 6: no recs for i =    94           0
(PID.TID 0000.0001) ctrl-wet 6: no recs for i =    95           0
(PID.TID 0000.0001) ctrl-wet 6: no recs for i =    96           0
(PID.TID 0000.0001) ctrl-wet 6: no recs for i =    97           0
(PID.TID 0000.0001) ctrl-wet 6: no recs for i =    98           0
(PID.TID 0000.0001) ctrl-wet 6: no recs for i =    99           0
(PID.TID 0000.0001) ctrl-wet 6: no recs for i =   100           0
(PID.TID 0000.0001) ctrl-wet 6: no recs for i =   101           1
(PID.TID 0000.0001) ctrl-wet 6: no recs for i =   102           0
(PID.TID 0000.0001) ctrl-wet 6: no recs for i =   103           0
(PID.TID 0000.0001) ctrl-wet 6: no recs for i =   104           0
(PID.TID 0000.0001) ctrl-wet 6: no recs for i =   105           0
(PID.TID 0000.0001) ctrl-wet 6: no recs for i =   106           0
(PID.TID 0000.0001) ctrl-wet 6: no recs for i =   107           0
(PID.TID 0000.0001) ctrl-wet 6: no recs for i =   108           0
(PID.TID 0000.0001) ctrl-wet 6: no recs for i =   109           0
(PID.TID 0000.0001) ctrl-wet 6: no recs for i =   110           0
(PID.TID 0000.0001) ctrl-wet 6: no recs for i =   111           0
(PID.TID 0000.0001) ctrl-wet 6: no recs for i =   112           0
(PID.TID 0000.0001) ctrl-wet 6: no recs for i =   113           0
(PID.TID 0000.0001) ctrl-wet 6: no recs for i =   114           0
(PID.TID 0000.0001) ctrl-wet 6: no recs for i =   115           0
(PID.TID 0000.0001) ctrl-wet 6: no recs for i =   116           0
(PID.TID 0000.0001) ctrl-wet 6: no recs for i =   117           0
(PID.TID 0000.0001) ctrl-wet 6: no recs for i =   118           0
(PID.TID 0000.0001) ctrl-wet 6: no recs for i =   119           0
(PID.TID 0000.0001) ctrl-wet 6: no recs for i =   120           0
(PID.TID 0000.0001) ctrl-wet 6: no recs for i =   121           0
(PID.TID 0000.0001) ctrl-wet 6: no recs for i =   122           0
(PID.TID 0000.0001) ctrl-wet 6: no recs for i =   123           0
(PID.TID 0000.0001) ctrl-wet 6: no recs for i =   124           0
(PID.TID 0000.0001) ctrl-wet 6: no recs for i =   125           0
(PID.TID 0000.0001) ctrl-wet 6: no recs for i =   126           0
(PID.TID 0000.0001) ctrl-wet 6: no recs for i =   127           0
(PID.TID 0000.0001) ctrl-wet 6: no recs for i =   128           0
(PID.TID 0000.0001) ctrl-wet 6: no recs for i =   129           0
(PID.TID 0000.0001) ctrl-wet 6: no recs for i =   130           0
(PID.TID 0000.0001) ctrl-wet 6: no recs for i =   131           0
(PID.TID 0000.0001) ctrl-wet 6: no recs for i =   132           0
(PID.TID 0000.0001) ctrl-wet 6: no recs for i =   133           0
(PID.TID 0000.0001) ctrl-wet 6: no recs for i =   134           0
(PID.TID 0000.0001) ctrl-wet 6: no recs for i =   135           0
(PID.TID 0000.0001) ctrl-wet 6: no recs for i =   136           0
(PID.TID 0000.0001) ctrl-wet 6: no recs for i =   137           0
(PID.TID 0000.0001) ctrl-wet 6: no recs for i =   138           0
(PID.TID 0000.0001) ctrl-wet 6: no recs for i =   139           0
(PID.TID 0000.0001) ctrl-wet 6: no recs for i =   140           0
(PID.TID 0000.0001) ctrl-wet 6: no recs for i =   141           0
(PID.TID 0000.0001) ctrl-wet 6: no recs for i =   142           0
(PID.TID 0000.0001) ctrl-wet 6: no recs for i =   143           0
(PID.TID 0000.0001) ctrl-wet 6: no recs for i =   144           0
(PID.TID 0000.0001) ctrl-wet 6: no recs for i =   145           0
(PID.TID 0000.0001) ctrl-wet 6: no recs for i =   146           0
(PID.TID 0000.0001) ctrl-wet 6: no recs for i =   147           0
(PID.TID 0000.0001) ctrl-wet 6: no recs for i =   148           0
(PID.TID 0000.0001) ctrl-wet 6: no recs for i =   149           0
(PID.TID 0000.0001) ctrl-wet 6: no recs for i =   150           0
(PID.TID 0000.0001) ctrl-wet 6: no recs for i =   151           0
(PID.TID 0000.0001) ctrl-wet 6: no recs for i =   152           0
(PID.TID 0000.0001) ctrl-wet 6: no recs for i =   153           0
(PID.TID 0000.0001) ctrl-wet 6: no recs for i =   154           0
(PID.TID 0000.0001) ctrl-wet 6: no recs for i =   155           0
(PID.TID 0000.0001) ctrl-wet 6: no recs for i =   156           0
(PID.TID 0000.0001) ctrl-wet 6: no recs for i =   157           0
(PID.TID 0000.0001) ctrl-wet 6: no recs for i =   158           0
(PID.TID 0000.0001) ctrl-wet 6: no recs for i =   159           0
(PID.TID 0000.0001) ctrl-wet 6: no recs for i =   160           0
(PID.TID 0000.0001) ctrl-wet 6: no recs for i =   161           0
(PID.TID 0000.0001) ctrl-wet 6: no recs for i =   162           0
(PID.TID 0000.0001) ctrl-wet 6: no recs for i =   163           0
(PID.TID 0000.0001) ctrl-wet 6: no recs for i =   164           0
(PID.TID 0000.0001) ctrl-wet 6: no recs for i =   165           0
(PID.TID 0000.0001) ctrl-wet 6: no recs for i =   166           0
(PID.TID 0000.0001) ctrl-wet 6: no recs for i =   167           0
(PID.TID 0000.0001) ctrl-wet 6: no recs for i =   168           0
(PID.TID 0000.0001) ctrl-wet 6: no recs for i =   169           0
(PID.TID 0000.0001) ctrl-wet 6: no recs for i =   170           0
(PID.TID 0000.0001) ctrl-wet 6: no recs for i =   171           0
(PID.TID 0000.0001) ctrl-wet 6: no recs for i =   172           0
(PID.TID 0000.0001) ctrl-wet 6: no recs for i =   173           0
(PID.TID 0000.0001) ctrl-wet 6: no recs for i =   174           0
(PID.TID 0000.0001) ctrl-wet 6: no recs for i =   175           0
(PID.TID 0000.0001) ctrl-wet 6: no recs for i =   176           0
(PID.TID 0000.0001) ctrl-wet 6: no recs for i =   177           0
(PID.TID 0000.0001) ctrl-wet 6: no recs for i =   178           0
(PID.TID 0000.0001) ctrl-wet 6: no recs for i =   179           0
(PID.TID 0000.0001) ctrl-wet 6: no recs for i =   180           0
(PID.TID 0000.0001) ctrl-wet 6: no recs for i =   181           0
(PID.TID 0000.0001) ctrl-wet 6: no recs for i =   182           0
(PID.TID 0000.0001) ctrl-wet 6: no recs for i =   183           0
(PID.TID 0000.0001) ctrl-wet 6: no recs for i =   184           0
(PID.TID 0000.0001) ctrl-wet 6: no recs for i =   185           0
(PID.TID 0000.0001) ctrl-wet 6: no recs for i =   186           0
(PID.TID 0000.0001) ctrl-wet 6: no recs for i =   187           0
(PID.TID 0000.0001) ctrl-wet 6: no recs for i =   188           0
(PID.TID 0000.0001) ctrl-wet 6: no recs for i =   189           0
(PID.TID 0000.0001) ctrl-wet 6: no recs for i =   190           0
(PID.TID 0000.0001) ctrl-wet 6: no recs for i =   191           0
(PID.TID 0000.0001) ctrl-wet 6: no recs for i =   192           0
(PID.TID 0000.0001) ctrl-wet 6: no recs for i =   193           0
(PID.TID 0000.0001) ctrl-wet 6: no recs for i =   194           0
(PID.TID 0000.0001) ctrl-wet 6: no recs for i =   195           0
(PID.TID 0000.0001) ctrl-wet 6: no recs for i =   196           0
(PID.TID 0000.0001) ctrl-wet 6: no recs for i =   197           0
(PID.TID 0000.0001) ctrl-wet 6: no recs for i =   198           0
(PID.TID 0000.0001) ctrl-wet 6: no recs for i =   199           0
(PID.TID 0000.0001) ctrl-wet 6: no recs for i =   200           0
(PID.TID 0000.0001) ctrl-wet 6: no recs for i =   201           0
(PID.TID 0000.0001) ctrl-wet 6: no recs for i =   202           0
(PID.TID 0000.0001) ctrl-wet 6: no recs for i =   203           0
(PID.TID 0000.0001) ctrl-wet 6: no recs for i =   204           0
(PID.TID 0000.0001) ctrl-wet 6: no recs for i =   205           0
(PID.TID 0000.0001) ctrl-wet 6: no recs for i =   206           0
(PID.TID 0000.0001) ctrl-wet 6: no recs for i =   207           0
(PID.TID 0000.0001) ctrl-wet 6: no recs for i =   208           0
(PID.TID 0000.0001) ctrl-wet 6: no recs for i =   209           0
(PID.TID 0000.0001) ctrl-wet 6: no recs for i =   210           0
(PID.TID 0000.0001) ctrl-wet 6: no recs for i =   211           0
(PID.TID 0000.0001) ctrl-wet 6: no recs for i =   212           0
(PID.TID 0000.0001) ctrl-wet 6: no recs for i =   213           0
(PID.TID 0000.0001) ctrl-wet 6: no recs for i =   214           0
(PID.TID 0000.0001) ctrl-wet 6: no recs for i =   215           0
(PID.TID 0000.0001) ctrl-wet 6: no recs for i =   216           0
(PID.TID 0000.0001) ctrl-wet 6: no recs for i =   217           0
(PID.TID 0000.0001) ctrl-wet 6: no recs for i =   218           0
(PID.TID 0000.0001) ctrl-wet 6: no recs for i =   219           0
(PID.TID 0000.0001) ctrl-wet 6: no recs for i =   220           0
(PID.TID 0000.0001) ctrl-wet 6: no recs for i =   221           0
(PID.TID 0000.0001) ctrl-wet 6: no recs for i =   222           0
(PID.TID 0000.0001) ctrl-wet 6: no recs for i =   223           0
(PID.TID 0000.0001) ctrl-wet 6: no recs for i =   224           0
(PID.TID 0000.0001) ctrl-wet 6: no recs for i =   225           0
(PID.TID 0000.0001) ctrl-wet 6: no recs for i =   226           0
(PID.TID 0000.0001) ctrl-wet 6: no recs for i =   227           0
(PID.TID 0000.0001) ctrl-wet 6: no recs for i =   228           0
(PID.TID 0000.0001) ctrl-wet 6: no recs for i =   229           0
(PID.TID 0000.0001) ctrl-wet 6: no recs for i =   230           0
(PID.TID 0000.0001) ctrl-wet 6: no recs for i =   231           0
(PID.TID 0000.0001) ctrl-wet 6: no recs for i =   232           0
(PID.TID 0000.0001) ctrl-wet 6: no recs for i =   233           0
(PID.TID 0000.0001) ctrl-wet 6: no recs for i =   234           0
(PID.TID 0000.0001) ctrl-wet 6: no recs for i =   235           0
(PID.TID 0000.0001) ctrl-wet 6: no recs for i =   236           0
(PID.TID 0000.0001) ctrl-wet 6: no recs for i =   237           0
(PID.TID 0000.0001) ctrl-wet 6: no recs for i =   238           0
(PID.TID 0000.0001) ctrl-wet 6: no recs for i =   239           0
(PID.TID 0000.0001) ctrl-wet 6: no recs for i =   240           0
(PID.TID 0000.0001) ctrl-wet 6: no recs for i =   241           0
(PID.TID 0000.0001) ctrl-wet 6: no recs for i =   242           0
(PID.TID 0000.0001) ctrl-wet 6: no recs for i =   243           0
(PID.TID 0000.0001) ctrl-wet 6: no recs for i =   244           0
(PID.TID 0000.0001) ctrl-wet 6: no recs for i =   245           0
(PID.TID 0000.0001) ctrl-wet 6: no recs for i =   246           0
(PID.TID 0000.0001) ctrl-wet 6: no recs for i =   247           0
(PID.TID 0000.0001) ctrl-wet 6: no recs for i =   248           0
(PID.TID 0000.0001) ctrl-wet 6: no recs for i =   249           0
(PID.TID 0000.0001) ctrl-wet 6: no recs for i =   250           0
(PID.TID 0000.0001) ctrl-wet 6: no recs for i =   251           0
(PID.TID 0000.0001) ctrl-wet 6: no recs for i =   252           0
(PID.TID 0000.0001) ctrl-wet 6: no recs for i =   253           0
(PID.TID 0000.0001) ctrl-wet 6: no recs for i =   254           0
(PID.TID 0000.0001) ctrl-wet 6: no recs for i =   255           0
(PID.TID 0000.0001) ctrl-wet 6: no recs for i =   256           0
(PID.TID 0000.0001) ctrl-wet 6: no recs for i =   257           0
(PID.TID 0000.0001) ctrl-wet 6: no recs for i =   258           0
(PID.TID 0000.0001) ctrl-wet 6: no recs for i =   259           0
(PID.TID 0000.0001) ctrl-wet 6: no recs for i =   260           0
(PID.TID 0000.0001) ctrl-wet 6: no recs for i =   261           0
(PID.TID 0000.0001) ctrl-wet 6: no recs for i =   262           0
(PID.TID 0000.0001) ctrl-wet 6: no recs for i =   263           0
(PID.TID 0000.0001) ctrl-wet 6: no recs for i =   264           0
(PID.TID 0000.0001) ctrl-wet 6: no recs for i =   265           0
(PID.TID 0000.0001) ctrl-wet 6: no recs for i =   266           0
(PID.TID 0000.0001) ctrl-wet 6: no recs for i =   267           0
(PID.TID 0000.0001) ctrl-wet 6: no recs for i =   268           0
(PID.TID 0000.0001) ctrl-wet 6: no recs for i =   269           0
(PID.TID 0000.0001) ctrl-wet 6: no recs for i =   270           0
(PID.TID 0000.0001) ctrl-wet 6: no recs for i =   271           0
(PID.TID 0000.0001) ctrl-wet 6: no recs for i =   272           0
(PID.TID 0000.0001) ctrl-wet 6: no recs for i =   273           0
(PID.TID 0000.0001) ctrl-wet 6: no recs for i =   274           0
(PID.TID 0000.0001) ctrl-wet 6: no recs for i =   275           0
(PID.TID 0000.0001) ctrl-wet 6: no recs for i =   276           0
(PID.TID 0000.0001) ctrl-wet 6: no recs for i =   277           0
(PID.TID 0000.0001) ctrl-wet 6: no recs for i =   278           0
(PID.TID 0000.0001) ctrl-wet 6: no recs for i =   279           0
(PID.TID 0000.0001) ctrl-wet 6: no recs for i =   280           0
(PID.TID 0000.0001) ctrl-wet 6: no recs for i =   281           0
(PID.TID 0000.0001) ctrl-wet 6: no recs for i =   282           0
(PID.TID 0000.0001) ctrl-wet 6: no recs for i =   283           0
(PID.TID 0000.0001) ctrl-wet 6: no recs for i =   284           0
(PID.TID 0000.0001) ctrl-wet 6: no recs for i =   285           0
(PID.TID 0000.0001) ctrl-wet 6: no recs for i =   286           0
(PID.TID 0000.0001) ctrl-wet 6: no recs for i =   287           0
(PID.TID 0000.0001) ctrl-wet 6: no recs for i =   288           0
(PID.TID 0000.0001) ctrl-wet 6: no recs for i =   289           0
(PID.TID 0000.0001) ctrl-wet 6: no recs for i =   290           0
(PID.TID 0000.0001) ctrl-wet 6: no recs for i =   291           0
(PID.TID 0000.0001) ctrl-wet 6: no recs for i =   292           0
(PID.TID 0000.0001) ctrl-wet 6: no recs for i =   293           0
(PID.TID 0000.0001) ctrl-wet 6: no recs for i =   294           0
(PID.TID 0000.0001) ctrl-wet 6: no recs for i =   295           0
(PID.TID 0000.0001) ctrl-wet 6: no recs for i =   296           0
(PID.TID 0000.0001) ctrl-wet 6: no recs for i =   297           0
(PID.TID 0000.0001) ctrl-wet 6: no recs for i =   298           0
(PID.TID 0000.0001) ctrl-wet 6: no recs for i =   299           0
(PID.TID 0000.0001) ctrl-wet 6: no recs for i =   300           0
(PID.TID 0000.0001) ctrl-wet 6: no recs for i =   301           0
(PID.TID 0000.0001) ctrl-wet 6: no recs for i =   302           0
(PID.TID 0000.0001) ctrl-wet 6: no recs for i =   303           0
(PID.TID 0000.0001) ctrl-wet 6: no recs for i =   304           0
(PID.TID 0000.0001) ctrl-wet 6: no recs for i =   305           0
(PID.TID 0000.0001) ctrl-wet 6: no recs for i =   306           0
(PID.TID 0000.0001) ctrl-wet 6: no recs for i =   307           0
(PID.TID 0000.0001) ctrl-wet 6: no recs for i =   308           0
(PID.TID 0000.0001) ctrl-wet 6: no recs for i =   309           0
(PID.TID 0000.0001) ctrl-wet 6: no recs for i =   310           0
(PID.TID 0000.0001) ctrl-wet 6: no recs for i =   311           0
(PID.TID 0000.0001) ctrl-wet 6: no recs for i =   312           0
(PID.TID 0000.0001) ctrl-wet 6: no recs for i =   313           0
(PID.TID 0000.0001) ctrl-wet 6: no recs for i =   314           0
(PID.TID 0000.0001) ctrl-wet 6: no recs for i =   315           0
(PID.TID 0000.0001) ctrl-wet 6: no recs for i =   316           0
(PID.TID 0000.0001) ctrl-wet 6: no recs for i =   317           0
(PID.TID 0000.0001) ctrl-wet 6: no recs for i =   318           0
(PID.TID 0000.0001) ctrl-wet 6: no recs for i =   319           0
(PID.TID 0000.0001) ctrl-wet 6: no recs for i =   320           0
(PID.TID 0000.0001) ctrl-wet 6: no recs for i =   321           0
(PID.TID 0000.0001) ctrl-wet 6: no recs for i =   322           0
(PID.TID 0000.0001) ctrl-wet 6: no recs for i =   323           0
(PID.TID 0000.0001) ctrl-wet 6: no recs for i =   324           0
(PID.TID 0000.0001) ctrl-wet 6: no recs for i =   325           0
(PID.TID 0000.0001) ctrl-wet 6: no recs for i =   326           0
(PID.TID 0000.0001) ctrl-wet 6: no recs for i =   327           0
(PID.TID 0000.0001) ctrl-wet 6: no recs for i =   328           0
(PID.TID 0000.0001) ctrl-wet 6: no recs for i =   329           0
(PID.TID 0000.0001) ctrl-wet 6: no recs for i =   330           0
(PID.TID 0000.0001) ctrl-wet 6: no recs for i =   331           0
(PID.TID 0000.0001) ctrl-wet 6: no recs for i =   332           0
(PID.TID 0000.0001) ctrl-wet 6: no recs for i =   333           0
(PID.TID 0000.0001) ctrl-wet 6: no recs for i =   334           0
(PID.TID 0000.0001) ctrl-wet 6: no recs for i =   335           0
(PID.TID 0000.0001) ctrl-wet 6: no recs for i =   336           0
(PID.TID 0000.0001) ctrl-wet 6: no recs for i =   337           0
(PID.TID 0000.0001) ctrl-wet 6: no recs for i =   338           0
(PID.TID 0000.0001) ctrl-wet 6: no recs for i =   339           0
(PID.TID 0000.0001) ctrl-wet 6: no recs for i =   340           0
(PID.TID 0000.0001) ctrl-wet 6: no recs for i =   341           0
(PID.TID 0000.0001) ctrl-wet 6: no recs for i =   342           0
(PID.TID 0000.0001) ctrl-wet 6: no recs for i =   343           0
(PID.TID 0000.0001) ctrl-wet 6: no recs for i =   344           0
(PID.TID 0000.0001) ctrl-wet 6: no recs for i =   345           0
(PID.TID 0000.0001) ctrl-wet 6: no recs for i =   346           0
(PID.TID 0000.0001) ctrl-wet 6: no recs for i =   347           0
(PID.TID 0000.0001) ctrl-wet 6: no recs for i =   348           0
(PID.TID 0000.0001) ctrl-wet 6: no recs for i =   349           0
(PID.TID 0000.0001) ctrl-wet 6: no recs for i =   350           0
(PID.TID 0000.0001) ctrl-wet 6: no recs for i =   351           0
(PID.TID 0000.0001) ctrl-wet 6: no recs for i =   352           0
(PID.TID 0000.0001) ctrl-wet 6: no recs for i =   353           0
(PID.TID 0000.0001) ctrl-wet 6: no recs for i =   354           0
(PID.TID 0000.0001) ctrl-wet 6: no recs for i =   355           0
(PID.TID 0000.0001) ctrl-wet 6: no recs for i =   356           0
(PID.TID 0000.0001) ctrl-wet 6: no recs for i =   357           0
(PID.TID 0000.0001) ctrl-wet 6: no recs for i =   358           0
(PID.TID 0000.0001) ctrl-wet 6: no recs for i =   359           0
(PID.TID 0000.0001) ctrl-wet 6: no recs for i =   360           0
(PID.TID 0000.0001) ctrl-wet 6: no recs for i =   361           0
(PID.TID 0000.0001) ctrl-wet 6: no recs for i =   362           0
(PID.TID 0000.0001) ctrl-wet 6: no recs for i =   363           0
(PID.TID 0000.0001) ctrl-wet 6: no recs for i =   364           0
(PID.TID 0000.0001) ctrl-wet 6: no recs for i =   365           0
(PID.TID 0000.0001) ctrl-wet 6: no recs for i =   366           0
(PID.TID 0000.0001) ctrl-wet 6: no recs for i =   367           0
(PID.TID 0000.0001) ctrl-wet 6: no recs for i =   368           0
(PID.TID 0000.0001) ctrl-wet 6: no recs for i =   369           0
(PID.TID 0000.0001) ctrl-wet 6: no recs for i =   370           0
(PID.TID 0000.0001) ctrl-wet 6: no recs for i =   371           0
(PID.TID 0000.0001) ctrl-wet 6: no recs for i =   372           0
(PID.TID 0000.0001) ctrl-wet 6: no recs for i =   373           0
(PID.TID 0000.0001) ctrl-wet 6: no recs for i =   374           0
(PID.TID 0000.0001) ctrl-wet 6: no recs for i =   375           0
(PID.TID 0000.0001) ctrl-wet 6: no recs for i =   376           0
(PID.TID 0000.0001) ctrl-wet 6: no recs for i =   377           0
(PID.TID 0000.0001) ctrl-wet 6: no recs for i =   378           0
(PID.TID 0000.0001) ctrl-wet 6: no recs for i =   379           0
(PID.TID 0000.0001) ctrl-wet 6: no recs for i =   380           0
(PID.TID 0000.0001) ctrl-wet 6: no recs for i =   381           0
(PID.TID 0000.0001) ctrl-wet 6: no recs for i =   382           0
(PID.TID 0000.0001) ctrl-wet 6: no recs for i =   383           0
(PID.TID 0000.0001) ctrl-wet 6: no recs for i =   384           0
(PID.TID 0000.0001) ctrl-wet 6: no recs for i =   385           0
(PID.TID 0000.0001) ctrl-wet 6: no recs for i =   386           0
(PID.TID 0000.0001) ctrl-wet 6: no recs for i =   387           0
(PID.TID 0000.0001) ctrl-wet 6: no recs for i =   388           0
(PID.TID 0000.0001) ctrl-wet 6: no recs for i =   389           0
(PID.TID 0000.0001) ctrl-wet 6: no recs for i =   390           0
(PID.TID 0000.0001) ctrl-wet 6: no recs for i =   391           0
(PID.TID 0000.0001) ctrl-wet 6: no recs for i =   392           0
(PID.TID 0000.0001) ctrl-wet 6: no recs for i =   393           0
(PID.TID 0000.0001) ctrl-wet 6: no recs for i =   394           0
(PID.TID 0000.0001) ctrl-wet 6: no recs for i =   395           0
(PID.TID 0000.0001) ctrl-wet 6: no recs for i =   396           0
(PID.TID 0000.0001) ctrl-wet 6: no recs for i =   397           0
(PID.TID 0000.0001) ctrl-wet 6: no recs for i =   398           0
(PID.TID 0000.0001) ctrl-wet 6: no recs for i =   399           0
(PID.TID 0000.0001) ctrl-wet 6: no recs for i =   400           0
(PID.TID 0000.0001) ctrl-wet 7: flux         27000
(PID.TID 0000.0001) ctrl-wet 8: atmos        27000
(PID.TID 0000.0001) ctrl-wet -------------------------------------------------
(PID.TID 0000.0001) ctrl-wet 13: global nvarlength for Nr =   15        3600
(PID.TID 0000.0001) ctrl-wet -------------------------------------------------
(PID.TID 0000.0001) ctrl-wet 14: global nWet C/S/W/V k=    1        3600        3540        3540           0
(PID.TID 0000.0001) ctrl-wet 14: global nWet C/S/W/V k=    2        3600        3540        3540           0
(PID.TID 0000.0001) ctrl-wet 14: global nWet C/S/W/V k=    3        3600        3540        3540           0
(PID.TID 0000.0001) ctrl-wet 14: global nWet C/S/W/V k=    4        3600        3540        3540           0
(PID.TID 0000.0001) ctrl-wet 14: global nWet C/S/W/V k=    5        3600        3540        3540           0
(PID.TID 0000.0001) ctrl-wet 14: global nWet C/S/W/V k=    6        3600        3540        3540           0
(PID.TID 0000.0001) ctrl-wet 14: global nWet C/S/W/V k=    7        3600        3540        3540           0
(PID.TID 0000.0001) ctrl-wet 14: global nWet C/S/W/V k=    8        3600        3540        3540           0
(PID.TID 0000.0001) ctrl-wet 14: global nWet C/S/W/V k=    9        3600        3540        3540           0
(PID.TID 0000.0001) ctrl-wet 14: global nWet C/S/W/V k=   10        3600        3540        3540           0
(PID.TID 0000.0001) ctrl-wet 14: global nWet C/S/W/V k=   11        3600        3540        3540           0
(PID.TID 0000.0001) ctrl-wet 14: global nWet C/S/W/V k=   12        3600        3540        3540           0
(PID.TID 0000.0001) ctrl-wet 14: global nWet C/S/W/V k=   13        3600        3540        3540           0
(PID.TID 0000.0001) ctrl-wet 14: global nWet C/S/W/V k=   14        3600        3540        3540           0
(PID.TID 0000.0001) ctrl-wet 14: global nWet C/S/W/V k=   15        3600        3540        3540           0
(PID.TID 0000.0001) ctrl-wet -------------------------------------------------
(PID.TID 0000.0001) ctrl-wet -------------------------------------------------
(PID.TID 0000.0001) ctrl-wet -------------------------------------------------
(PID.TID 0000.0001) ctrl_init_wet: no. of control variables:            1
(PID.TID 0000.0001) ctrl_init_wet: control vector length:            3600
(PID.TID 0000.0001) 
(PID.TID 0000.0001) // =======================================================
(PID.TID 0000.0001) // control vector configuration  >>> START <<<
(PID.TID 0000.0001) // =======================================================
(PID.TID 0000.0001) 
(PID.TID 0000.0001)  Total number of ocean points per tile:
(PID.TID 0000.0001)  --------------------------------------
(PID.TID 0000.0001)  snx*sny*nr =    14415
(PID.TID 0000.0001) 
(PID.TID 0000.0001)  Number of ocean points per tile:
(PID.TID 0000.0001)  --------------------------------
(PID.TID 0000.0001)  bi,bj,#(c/s/w): 0001 0001 013500 013050 013050
(PID.TID 0000.0001) 
(PID.TID 0000.0001)  Settings of generic controls:
(PID.TID 0000.0001)  -----------------------------
(PID.TID 0000.0001) 
(PID.TID 0000.0001)  ctrlUseGen  =     T /* use generic controls */
(PID.TID 0000.0001)  -> 2D control, genarr2d no.  1 is in use
(PID.TID 0000.0001)       file       = xx_etan
(PID.TID 0000.0001)       weight     = wetan_ones.bin
(PID.TID 0000.0001)       index      =  0101
(PID.TID 0000.0001)       ncvarindex =  0201
(PID.TID 0000.0001)  preprocess = noscaling
(PID.TID 0000.0001) 
(PID.TID 0000.0001) // =======================================================
(PID.TID 0000.0001) // control vector configuration  >>> END <<<
(PID.TID 0000.0001) // =======================================================
(PID.TID 0000.0001) 
(PID.TID 0000.0001) ------------------------------------------------------------
(PID.TID 0000.0001) DIAGNOSTICS_SET_LEVELS: done
(PID.TID 0000.0001)  Total Nb of available Diagnostics: ndiagt=   206
(PID.TID 0000.0001)  write list of available Diagnostics to file: available_diagnostics.log
(PID.TID 0000.0001) SETDIAG: Allocate 15 x  1 Levels for Diagnostic #    30 UVEL
(PID.TID 0000.0001) SETDIAG: Allocate 15 x  1 Levels for Diagnostic #    31 VVEL
(PID.TID 0000.0001) SETDIAG: Allocate 15 x  1 Levels for Diagnostic #    26 THETA
(PID.TID 0000.0001) SETDIAG: Allocate  1 x  1 Levels for Diagnostic #    23 ETAN
(PID.TID 0000.0001)   space allocated for all diagnostics:      46 levels
(PID.TID 0000.0001)   set mate pointer for diag #    30  UVEL     , Parms: UUR     MR , mate:    31
(PID.TID 0000.0001)   set mate pointer for diag #    31  VVEL     , Parms: VVR     MR , mate:    30
(PID.TID 0000.0001) DIAGNOSTICS_SET_POINTERS: Set levels for Outp.Stream: dynState
(PID.TID 0000.0001)  Levels:       1.   2.   3.   4.   5.   6.   7.   8.   9.  10.  11.  12.  13.  14.  15.
(PID.TID 0000.0001) DIAGNOSTICS_SET_POINTERS: Set levels for Outp.Stream: surfState
(PID.TID 0000.0001)  Levels:       1.
(PID.TID 0000.0001) DIAGNOSTICS_SET_POINTERS: done
(PID.TID 0000.0001) ------------------------------------------------------------
(PID.TID 0000.0001) DIAGSTATS_SET_REGIONS: define no region
(PID.TID 0000.0001) ------------------------------------------------------------
(PID.TID 0000.0001)   space allocated for all stats-diags:       0 levels
(PID.TID 0000.0001) DIAGSTATS_SET_POINTERS: done
(PID.TID 0000.0001) ------------------------------------------------------------
(PID.TID 0000.0001) %MON fCori_max                    =   1.4119704352640E-04
(PID.TID 0000.0001) %MON fCori_min                    =   3.6516038314991E-05
(PID.TID 0000.0001) %MON fCori_mean                   =   9.8169098090289E-05
(PID.TID 0000.0001) %MON fCori_sd                     =   3.1588625445688E-05
(PID.TID 0000.0001) %MON fCoriG_max                   =   1.4087300867102E-04
(PID.TID 0000.0001) %MON fCoriG_min                   =   3.5282486883545E-05
(PID.TID 0000.0001) %MON fCoriG_mean                  =   9.7308683992513E-05
(PID.TID 0000.0001) %MON fCoriG_sd                    =   3.1852455422806E-05
(PID.TID 0000.0001) %MON fCoriCos_max                 =   1.4119704352640E-04
(PID.TID 0000.0001) %MON fCoriCos_min                 =   3.6516038314991E-05
(PID.TID 0000.0001) %MON fCoriCos_mean                =   9.8169098090289E-05
(PID.TID 0000.0001) %MON fCoriCos_sd                  =   3.1588625445688E-05
(PID.TID 0000.0001) INI_CG2D: CG2D normalisation factor =  1.4846576448792055E-04
(PID.TID 0000.0001) 
(PID.TID 0000.0001) // =======================================================
(PID.TID 0000.0001) // Model configuration
(PID.TID 0000.0001) // =======================================================
(PID.TID 0000.0001) //
(PID.TID 0000.0001) // "Physical" paramters ( PARM01 in namelist )
(PID.TID 0000.0001) //
(PID.TID 0000.0001) buoyancyRelation = /* Type of relation to get Buoyancy */
(PID.TID 0000.0001)               'OCEANIC'
(PID.TID 0000.0001)     ;
(PID.TID 0000.0001) fluidIsAir   =  /* fluid major constituent is Air */
(PID.TID 0000.0001)                   F
(PID.TID 0000.0001)     ;
(PID.TID 0000.0001) fluidIsWater =  /* fluid major constituent is Water */
(PID.TID 0000.0001)                   T
(PID.TID 0000.0001)     ;
(PID.TID 0000.0001) usingPCoords =  /* use p (or p*) vertical coordinate */
(PID.TID 0000.0001)                   F
(PID.TID 0000.0001)     ;
(PID.TID 0000.0001) usingZCoords =  /* use z (or z*) vertical coordinate */
(PID.TID 0000.0001)                   T
(PID.TID 0000.0001)     ;
(PID.TID 0000.0001) tRef =   /* Reference temperature profile ( oC or K ) */
(PID.TID 0000.0001)                 3.000000000000000E+01,      /* K =  1 */
(PID.TID 0000.0001)                 2.700000000000000E+01,      /* K =  2 */
(PID.TID 0000.0001)                 2.400000000000000E+01,      /* K =  3 */
(PID.TID 0000.0001)                 2.100000000000000E+01,      /* K =  4 */
(PID.TID 0000.0001)                 1.800000000000000E+01,      /* K =  5 */
(PID.TID 0000.0001)                 1.500000000000000E+01,      /* K =  6 */
(PID.TID 0000.0001)                 1.300000000000000E+01,      /* K =  7 */
(PID.TID 0000.0001)                 1.100000000000000E+01,      /* K =  8 */
(PID.TID 0000.0001)                 9.000000000000000E+00,      /* K =  9 */
(PID.TID 0000.0001)                 7.000000000000000E+00,      /* K = 10 */
(PID.TID 0000.0001)                 6.000000000000000E+00,      /* K = 11 */
(PID.TID 0000.0001)                 5.000000000000000E+00,      /* K = 12 */
(PID.TID 0000.0001)                 4.000000000000000E+00,      /* K = 13 */
(PID.TID 0000.0001)                 3.000000000000000E+00,      /* K = 14 */
(PID.TID 0000.0001)                 2.000000000000000E+00       /* K = 15 */
(PID.TID 0000.0001)     ;
(PID.TID 0000.0001) sRef =   /* Reference salinity profile ( g/kg ) */
(PID.TID 0000.0001)    15 @  3.000000000000000E+01              /* K =  1: 15 */
(PID.TID 0000.0001)     ;
(PID.TID 0000.0001) useStrainTensionVisc= /* Use StrainTension Form of Viscous Operator */
(PID.TID 0000.0001)                   F
(PID.TID 0000.0001)     ;
(PID.TID 0000.0001) useVariableVisc = /* Use variable horizontal viscosity */
(PID.TID 0000.0001)                   F
(PID.TID 0000.0001)     ;
(PID.TID 0000.0001) useHarmonicVisc = /* Use harmonic horizontal viscosity */
(PID.TID 0000.0001)                   T
(PID.TID 0000.0001)     ;
(PID.TID 0000.0001) useBiharmonicVisc= /* Use biharmonic horiz.  viscosity */
(PID.TID 0000.0001)                   F
(PID.TID 0000.0001)     ;
(PID.TID 0000.0001) useSmag3D = /* Use isotropic 3-D Smagorinsky viscosity */
(PID.TID 0000.0001)                   F
(PID.TID 0000.0001)     ;
(PID.TID 0000.0001) viscAh  =   /* Lateral harmonic viscosity ( m^2/s ) */
(PID.TID 0000.0001)                 5.000000000000000E+03
(PID.TID 0000.0001)     ;
(PID.TID 0000.0001) viscA4  =   /* Lateral biharmonic viscosity ( m^4/s ) */
(PID.TID 0000.0001)                 0.000000000000000E+00
(PID.TID 0000.0001)     ;
(PID.TID 0000.0001) no_slip_sides =  /* Viscous BCs: No-slip sides */
(PID.TID 0000.0001)                   T
(PID.TID 0000.0001)     ;
(PID.TID 0000.0001) sideDragFactor = /* side-drag scaling factor (non-dim) */
(PID.TID 0000.0001)                 2.000000000000000E+00
(PID.TID 0000.0001)     ;
(PID.TID 0000.0001) viscArNr = /* vertical profile of vertical viscosity ( m^2/s )*/
(PID.TID 0000.0001)    15 @  1.000000000000000E-02              /* K =  1: 15 */
(PID.TID 0000.0001)     ;
(PID.TID 0000.0001) no_slip_bottom =  /* Viscous BCs: No-slip bottom */
(PID.TID 0000.0001)                   F
(PID.TID 0000.0001)     ;
(PID.TID 0000.0001) bottomVisc_pCell = /* Partial-cell in bottom Visc. BC */
(PID.TID 0000.0001)                   F
(PID.TID 0000.0001)     ;
(PID.TID 0000.0001) bottomDragLinear = /* linear bottom-drag coefficient ( m/s ) */
(PID.TID 0000.0001)                 0.000000000000000E+00
(PID.TID 0000.0001)     ;
(PID.TID 0000.0001) bottomDragQuadratic = /* quadratic bottom-drag coefficient (-) */
(PID.TID 0000.0001)                 0.000000000000000E+00
(PID.TID 0000.0001)     ;
(PID.TID 0000.0001) selectBotDragQuadr = /* select quadratic bottom drag options */
(PID.TID 0000.0001)                      -1
(PID.TID 0000.0001)     ;
(PID.TID 0000.0001) diffKhT =   /* Laplacian diffusion of heat laterally ( m^2/s ) */
(PID.TID 0000.0001)                 1.000000000000000E+03
(PID.TID 0000.0001)     ;
(PID.TID 0000.0001) diffK4T =   /* Biharmonic diffusion of heat laterally ( m^4/s ) */
(PID.TID 0000.0001)                 0.000000000000000E+00
(PID.TID 0000.0001)     ;
(PID.TID 0000.0001) diffKhS =   /* Laplacian diffusion of salt laterally ( m^2/s ) */
(PID.TID 0000.0001)                 0.000000000000000E+00
(PID.TID 0000.0001)     ;
(PID.TID 0000.0001) diffK4S =   /* Biharmonic diffusion of salt laterally ( m^4/s ) */
(PID.TID 0000.0001)                 0.000000000000000E+00
(PID.TID 0000.0001)     ;
(PID.TID 0000.0001) diffKrNrT = /* vertical profile of vertical diffusion of Temp ( m^2/s )*/
(PID.TID 0000.0001)    15 @  1.000000000000000E-05              /* K =  1: 15 */
(PID.TID 0000.0001)     ;
(PID.TID 0000.0001) diffKrNrS = /* vertical profile of vertical diffusion of Salt ( m^2/s )*/
(PID.TID 0000.0001)    15 @  1.000000000000000E-05              /* K =  1: 15 */
(PID.TID 0000.0001)     ;
(PID.TID 0000.0001) diffKrBL79surf = /* Surface diffusion for Bryan and Lewis 79 ( m^2/s ) */
(PID.TID 0000.0001)                 0.000000000000000E+00
(PID.TID 0000.0001)     ;
(PID.TID 0000.0001) diffKrBL79deep = /* Deep diffusion for Bryan and Lewis 1979 ( m^2/s ) */
(PID.TID 0000.0001)                 0.000000000000000E+00
(PID.TID 0000.0001)     ;
(PID.TID 0000.0001) diffKrBL79scl = /* Depth scale for Bryan and Lewis 1979 ( m ) */
(PID.TID 0000.0001)                 2.000000000000000E+02
(PID.TID 0000.0001)     ;
(PID.TID 0000.0001) diffKrBL79Ho = /* Turning depth for Bryan and Lewis 1979 ( m ) */
(PID.TID 0000.0001)                -2.000000000000000E+03
(PID.TID 0000.0001)     ;
(PID.TID 0000.0001) ivdc_kappa = /* Implicit Vertical Diffusivity for Convection ( m^2/s) */
(PID.TID 0000.0001)                 1.000000000000000E+00
(PID.TID 0000.0001)     ;
(PID.TID 0000.0001) hMixCriteria=  /* Criteria for mixed-layer diagnostic */
(PID.TID 0000.0001)                -8.000000000000000E-01
(PID.TID 0000.0001)     ;
(PID.TID 0000.0001) dRhoSmall =  /* Parameter for mixed-layer diagnostic */
(PID.TID 0000.0001)                 1.000000000000000E-06
(PID.TID 0000.0001)     ;
(PID.TID 0000.0001) hMixSmooth=  /* Smoothing parameter for mixed-layer diagnostic */
(PID.TID 0000.0001)                 0.000000000000000E+00
(PID.TID 0000.0001)     ;
(PID.TID 0000.0001) eosType =  /* Type of Equation of State */
(PID.TID 0000.0001)               'LINEAR'
(PID.TID 0000.0001)     ;
(PID.TID 0000.0001) tAlpha = /* Linear EOS thermal expansion coefficient ( 1/oC ) */
(PID.TID 0000.0001)                 2.000000000000000E-04
(PID.TID 0000.0001)     ;
(PID.TID 0000.0001) sBeta  = /* Linear EOS haline contraction coefficient ( 1/(g/kg) ) */
(PID.TID 0000.0001)                 0.000000000000000E+00
(PID.TID 0000.0001)     ;
(PID.TID 0000.0001) rhoNil    = /* Reference density for Linear EOS ( kg/m^3 ) */
(PID.TID 0000.0001)                 9.998000000000000E+02
(PID.TID 0000.0001)     ;
(PID.TID 0000.0001) selectP_inEOS_Zc = /* select pressure to use in EOS (0,1,2,3) */
(PID.TID 0000.0001)                       0
(PID.TID 0000.0001)     0= -g*rhoConst*z ; 1= pRef (from tRef,sRef); 2= Hyd P ; 3= Hyd+NH P
(PID.TID 0000.0001)     ;
(PID.TID 0000.0001) surf_pRef = /* Surface reference pressure ( Pa ) */
(PID.TID 0000.0001)                 1.013250000000000E+05
(PID.TID 0000.0001)     ;
(PID.TID 0000.0001) HeatCapacity_Cp =  /* Specific heat capacity ( J/kg/K ) */
(PID.TID 0000.0001)                 3.994000000000000E+03
(PID.TID 0000.0001)     ;
(PID.TID 0000.0001) celsius2K = /* 0 degree Celsius converted to Kelvin ( K ) */
(PID.TID 0000.0001)                 2.731500000000000E+02
(PID.TID 0000.0001)     ;
(PID.TID 0000.0001) rhoConst  = /* Reference density (Boussinesq)  ( kg/m^3 ) */
(PID.TID 0000.0001)                 9.998000000000000E+02
(PID.TID 0000.0001)     ;
(PID.TID 0000.0001) rhoFacC = /* normalized Reference density @ cell-Center (-) */
(PID.TID 0000.0001)    15 @  1.000000000000000E+00              /* K =  1: 15 */
(PID.TID 0000.0001)     ;
(PID.TID 0000.0001) rhoFacF = /* normalized Reference density @ W-Interface (-) */
(PID.TID 0000.0001)    16 @  1.000000000000000E+00              /* K =  1: 16 */
(PID.TID 0000.0001)     ;
(PID.TID 0000.0001) rhoConstFresh = /* Fresh-water reference density ( kg/m^3 ) */
(PID.TID 0000.0001)                 9.998000000000000E+02
(PID.TID 0000.0001)     ;
(PID.TID 0000.0001) gravity =   /* Gravitational acceleration ( m/s^2 ) */
(PID.TID 0000.0001)                 9.810000000000000E+00
(PID.TID 0000.0001)     ;
(PID.TID 0000.0001) gBaro =   /* Barotropic gravity ( m/s^2 ) */
(PID.TID 0000.0001)                 9.810000000000000E+00
(PID.TID 0000.0001)     ;
(PID.TID 0000.0001) gravFacC = /* gravity factor (vs surf.) @ cell-Center (-) */
(PID.TID 0000.0001)    15 @  1.000000000000000E+00              /* K =  1: 15 */
(PID.TID 0000.0001)     ;
(PID.TID 0000.0001) gravFacF = /* gravity factor (vs surf.) @ W-Interface (-) */
(PID.TID 0000.0001)    16 @  1.000000000000000E+00              /* K =  1: 16 */
(PID.TID 0000.0001)     ;
(PID.TID 0000.0001) rotationPeriod =   /* Rotation Period ( s ) */
(PID.TID 0000.0001)                 8.616400000000000E+04
(PID.TID 0000.0001)     ;
(PID.TID 0000.0001) omega =   /* Angular velocity ( rad/s ) */
(PID.TID 0000.0001)                 7.292123516990375E-05
(PID.TID 0000.0001)     ;
(PID.TID 0000.0001) f0 =   /* Reference coriolis parameter ( 1/s ) */
(PID.TID 0000.0001)                 1.000000000000000E-04
(PID.TID 0000.0001)     ;
(PID.TID 0000.0001) beta =   /* Beta ( 1/(m.s) ) */
(PID.TID 0000.0001)                 9.999999999999999E-12
(PID.TID 0000.0001)     ;
(PID.TID 0000.0001) fPrime =   /* Second coriolis parameter ( 1/s ) */
(PID.TID 0000.0001)                 0.000000000000000E+00
(PID.TID 0000.0001)     ;
(PID.TID 0000.0001) rigidLid =   /* Rigid lid on/off flag */
(PID.TID 0000.0001)                   F
(PID.TID 0000.0001)     ;
(PID.TID 0000.0001) implicitFreeSurface =   /* Implicit free surface on/off flag */
(PID.TID 0000.0001)                   T
(PID.TID 0000.0001)     ;
(PID.TID 0000.0001) freeSurfFac =   /* Implicit free surface factor */
(PID.TID 0000.0001)                 1.000000000000000E+00
(PID.TID 0000.0001)     ;
(PID.TID 0000.0001) implicSurfPress =  /* Surface Pressure implicit factor (0-1) */
(PID.TID 0000.0001)                 1.000000000000000E+00
(PID.TID 0000.0001)     ;
(PID.TID 0000.0001) implicDiv2DFlow =  /* Barot. Flow Div. implicit factor (0-1) */
(PID.TID 0000.0001)                 1.000000000000000E+00
(PID.TID 0000.0001)     ;
(PID.TID 0000.0001) uniformLin_PhiSurf = /* use uniform Bo_surf on/off flag */
(PID.TID 0000.0001)                   T
(PID.TID 0000.0001)     ;
(PID.TID 0000.0001) uniformFreeSurfLev = /* free-surface level-index is uniform */
(PID.TID 0000.0001)                   T
(PID.TID 0000.0001)     ;
(PID.TID 0000.0001) sIceLoadFac =  /* scale factor for sIceLoad (0-1) */
(PID.TID 0000.0001)                 1.000000000000000E+00
(PID.TID 0000.0001)     ;
(PID.TID 0000.0001) hFacMin =   /* minimum partial cell factor (hFac) */
(PID.TID 0000.0001)                 1.000000000000000E+00
(PID.TID 0000.0001)     ;
(PID.TID 0000.0001) hFacMinDr = /* minimum partial cell thickness ( m) */
(PID.TID 0000.0001)                 0.000000000000000E+00
(PID.TID 0000.0001)     ;
(PID.TID 0000.0001) exactConserv =  /* Exact Volume Conservation on/off flag */
(PID.TID 0000.0001)                   T
(PID.TID 0000.0001)     ;
(PID.TID 0000.0001) linFSConserveTr = /* Tracer correction for Lin Free Surface on/off flag */
(PID.TID 0000.0001)                   F
(PID.TID 0000.0001)     ;
(PID.TID 0000.0001) nonlinFreeSurf = /* Non-linear Free Surf. options (-1,0,1,2,3)*/
(PID.TID 0000.0001)                       0
(PID.TID 0000.0001)      -1,0= Off ; 1,2,3= On, 2=+rescale gU,gV, 3=+update cg2d solv.
(PID.TID 0000.0001)     ;
(PID.TID 0000.0001) hFacInf =   /* lower threshold for hFac (nonlinFreeSurf only)*/
(PID.TID 0000.0001)                 2.000000000000000E-01
(PID.TID 0000.0001)     ;
(PID.TID 0000.0001) hFacSup =   /* upper threshold for hFac (nonlinFreeSurf only)*/
(PID.TID 0000.0001)                 2.000000000000000E+00
(PID.TID 0000.0001)     ;
(PID.TID 0000.0001) select_rStar = /* r* Vertical coord. options (=0 r coord.; >0 uses r*)*/
(PID.TID 0000.0001)                       0
(PID.TID 0000.0001)     ;
(PID.TID 0000.0001) useRealFreshWaterFlux = /* Real Fresh Water Flux on/off flag*/
(PID.TID 0000.0001)                   F
(PID.TID 0000.0001)     ;
(PID.TID 0000.0001) temp_EvPrRn = /* Temp. of Evap/Prec/R (UNSET=use local T)(oC)*/
(PID.TID 0000.0001)                 1.234567000000000E+05
(PID.TID 0000.0001)     ;
(PID.TID 0000.0001) salt_EvPrRn = /* Salin. of Evap/Prec/R (UNSET=use local S)(g/kg)*/
(PID.TID 0000.0001)                 0.000000000000000E+00
(PID.TID 0000.0001)     ;
(PID.TID 0000.0001) selectAddFluid = /* option for mass source/sink of fluid (=0: off) */
(PID.TID 0000.0001)                       0
(PID.TID 0000.0001)     ;
(PID.TID 0000.0001) temp_addMass = /* Temp. of addMass array (UNSET=use local T)(oC)*/
(PID.TID 0000.0001)                 1.234567000000000E+05
(PID.TID 0000.0001)     ;
(PID.TID 0000.0001) salt_addMass = /* Salin. of addMass array (UNSET=use local S)(g/kg)*/
(PID.TID 0000.0001)                 0.000000000000000E+00
(PID.TID 0000.0001)     ;
(PID.TID 0000.0001) convertFW2Salt = /* convert F.W. Flux to Salt Flux (-1=use local S)(g/kg)*/
(PID.TID 0000.0001)                 3.500000000000000E+01
(PID.TID 0000.0001)     ;
(PID.TID 0000.0001) use3Dsolver = /* use 3-D pressure solver on/off flag */
(PID.TID 0000.0001)                   F
(PID.TID 0000.0001)     ;
(PID.TID 0000.0001) nonHydrostatic =  /* Non-Hydrostatic on/off flag */
(PID.TID 0000.0001)                   F
(PID.TID 0000.0001)     ;
(PID.TID 0000.0001) nh_Am2 = /* Non-Hydrostatic terms scaling factor */
(PID.TID 0000.0001)                 1.000000000000000E+00
(PID.TID 0000.0001)     ;
(PID.TID 0000.0001) implicitNHPress = /* Non-Hyd Pressure implicit factor (0-1)*/
(PID.TID 0000.0001)                 1.000000000000000E+00
(PID.TID 0000.0001)     ;
(PID.TID 0000.0001) selectNHfreeSurf = /* Non-Hyd (free-)Surface option */
(PID.TID 0000.0001)                       0
(PID.TID 0000.0001)     ;
(PID.TID 0000.0001) quasiHydrostatic = /* Quasi-Hydrostatic on/off flag */
(PID.TID 0000.0001)                   F
(PID.TID 0000.0001)     ;
(PID.TID 0000.0001) calc_wVelocity = /* vertical velocity calculation on/off flag */
(PID.TID 0000.0001)                   T
(PID.TID 0000.0001)     ;
(PID.TID 0000.0001) momStepping =  /* Momentum equation on/off flag */
(PID.TID 0000.0001)                   T
(PID.TID 0000.0001)     ;
(PID.TID 0000.0001) vectorInvariantMomentum= /* Vector-Invariant Momentum on/off */
(PID.TID 0000.0001)                   F
(PID.TID 0000.0001)     ;
(PID.TID 0000.0001) momAdvection =  /* Momentum advection on/off flag */
(PID.TID 0000.0001)                   T
(PID.TID 0000.0001)     ;
(PID.TID 0000.0001) momViscosity =  /* Momentum viscosity on/off flag */
(PID.TID 0000.0001)                   T
(PID.TID 0000.0001)     ;
(PID.TID 0000.0001) momImplVertAdv= /* Momentum implicit vert. advection on/off*/
(PID.TID 0000.0001)                   F
(PID.TID 0000.0001)     ;
(PID.TID 0000.0001) implicitViscosity = /* Implicit viscosity on/off flag */
(PID.TID 0000.0001)                   F
(PID.TID 0000.0001)     ;
(PID.TID 0000.0001) selectImplicitDrag= /* Implicit bot Drag options (0,1,2)*/
(PID.TID 0000.0001)                       0
(PID.TID 0000.0001)     0= Expl. ; 1= Impl. on provis. Vel ; 2= Fully Impl (with surf.P)
(PID.TID 0000.0001)     ;
(PID.TID 0000.0001) metricTerms =  /* metric-Terms on/off flag */
(PID.TID 0000.0001)                   T
(PID.TID 0000.0001)     ;
(PID.TID 0000.0001) useNHMTerms = /* Non-Hydrostatic Metric-Terms on/off */
(PID.TID 0000.0001)                   F
(PID.TID 0000.0001)     ;
(PID.TID 0000.0001) selectCoriMap = /* Coriolis Map options (0,1,2,3)*/
(PID.TID 0000.0001)                       2
(PID.TID 0000.0001)     0= f-Plane ; 1= Beta-Plane ; 2= Spherical ; 3= read from file
(PID.TID 0000.0001)     ;
(PID.TID 0000.0001) use3dCoriolis = /* 3-D Coriolis on/off flag */
(PID.TID 0000.0001)                   F
(PID.TID 0000.0001)     ;
(PID.TID 0000.0001) useCoriolis =  /* Coriolis on/off flag */
(PID.TID 0000.0001)                   T
(PID.TID 0000.0001)     ;
(PID.TID 0000.0001) useCDscheme =  /* CD scheme on/off flag */
(PID.TID 0000.0001)                   F
(PID.TID 0000.0001)     ;
(PID.TID 0000.0001) selectCoriScheme= /* Scheme selector for Coriolis-Term */
(PID.TID 0000.0001)                       0
(PID.TID 0000.0001)    = 0 : original discretization (simple averaging, no hFac)
(PID.TID 0000.0001)    = 1 : Wet-point averaging (Jamar & Ozer 1986)
(PID.TID 0000.0001)    = 2 : energy conserving scheme (no hFac weight)
(PID.TID 0000.0001)    = 3 : energy conserving scheme using Wet-point averaging
(PID.TID 0000.0001)     ;
(PID.TID 0000.0001) momForcing =  /* Momentum forcing on/off flag */
(PID.TID 0000.0001)                   T
(PID.TID 0000.0001)     ;
(PID.TID 0000.0001) momTidalForcing = /* Momentum Tidal forcing on/off flag */
(PID.TID 0000.0001)                   T
(PID.TID 0000.0001)     ;
(PID.TID 0000.0001) momPressureForcing =  /* Momentum pressure term on/off flag */
(PID.TID 0000.0001)                   T
(PID.TID 0000.0001)     ;
(PID.TID 0000.0001) implicitIntGravWave= /* Implicit Internal Gravity Wave flag */
(PID.TID 0000.0001)                   F
(PID.TID 0000.0001)     ;
(PID.TID 0000.0001) staggerTimeStep =    /* Stagger time stepping on/off flag */
(PID.TID 0000.0001)                   F
(PID.TID 0000.0001)     ;
(PID.TID 0000.0001) doResetHFactors = /* reset thickness factors @ each time-step */
(PID.TID 0000.0001)                   F
(PID.TID 0000.0001)     ;
(PID.TID 0000.0001) multiDimAdvection =  /* enable/disable Multi-Dim Advection */
(PID.TID 0000.0001)                   T
(PID.TID 0000.0001)     ;
(PID.TID 0000.0001) useMultiDimAdvec =   /* Multi-Dim Advection is/is-not used */
(PID.TID 0000.0001)                   F
(PID.TID 0000.0001)     ;
(PID.TID 0000.0001) implicitDiffusion = /* Implicit Diffusion on/off flag */
(PID.TID 0000.0001)                   T
(PID.TID 0000.0001)     ;
(PID.TID 0000.0001) tempStepping =  /* Temperature equation on/off flag */
(PID.TID 0000.0001)                   T
(PID.TID 0000.0001)     ;
(PID.TID 0000.0001) tempAdvection = /* Temperature advection on/off flag */
(PID.TID 0000.0001)                   T
(PID.TID 0000.0001)     ;
(PID.TID 0000.0001) tempImplVertAdv = /* Temp. implicit vert. advection on/off */
(PID.TID 0000.0001)                   F
(PID.TID 0000.0001)     ;
(PID.TID 0000.0001) tempForcing  =  /* Temperature forcing on/off flag */
(PID.TID 0000.0001)                   T
(PID.TID 0000.0001)     ;
(PID.TID 0000.0001) doThetaClimRelax = /* apply SST relaxation on/off flag */
(PID.TID 0000.0001)                   T
(PID.TID 0000.0001)     ;
(PID.TID 0000.0001) tempIsActiveTr = /* Temp. is a dynamically Active Tracer */
(PID.TID 0000.0001)                   T
(PID.TID 0000.0001)     ;
(PID.TID 0000.0001) saltStepping =  /* Salinity equation on/off flag */
(PID.TID 0000.0001)                   F
(PID.TID 0000.0001)     ;
(PID.TID 0000.0001) saltAdvection = /* Salinity advection on/off flag */
(PID.TID 0000.0001)                   F
(PID.TID 0000.0001)     ;
(PID.TID 0000.0001) saltImplVertAdv = /* Sali. implicit vert. advection on/off */
(PID.TID 0000.0001)                   F
(PID.TID 0000.0001)     ;
(PID.TID 0000.0001) saltForcing  =  /* Salinity forcing on/off flag */
(PID.TID 0000.0001)                   F
(PID.TID 0000.0001)     ;
(PID.TID 0000.0001) doSaltClimRelax = /* apply SSS relaxation on/off flag */
(PID.TID 0000.0001)                   F
(PID.TID 0000.0001)     ;
(PID.TID 0000.0001) saltIsActiveTr = /* Salt  is a dynamically Active Tracer */
(PID.TID 0000.0001)                   F
(PID.TID 0000.0001)     ;
(PID.TID 0000.0001)  readBinaryPrec = /* Precision used for reading binary files */
(PID.TID 0000.0001)                      32
(PID.TID 0000.0001)     ;
(PID.TID 0000.0001) writeBinaryPrec = /* Precision used for writing binary files */
(PID.TID 0000.0001)                      32
(PID.TID 0000.0001)     ;
(PID.TID 0000.0001)  rwSuffixType =   /* select format of mds file suffix */
(PID.TID 0000.0001)                       0
(PID.TID 0000.0001)    = 0 : myIter (I10.10) ;   = 1 : 100*myTime (100th sec) ;
(PID.TID 0000.0001)    = 2 : myTime (seconds);   = 3 : myTime/360 (10th of hr);
(PID.TID 0000.0001)    = 4 : myTime/3600 (hours)
(PID.TID 0000.0001)     ;
(PID.TID 0000.0001)  globalFiles = /* write "global" (=not per tile) files */
(PID.TID 0000.0001)                   F
(PID.TID 0000.0001)     ;
(PID.TID 0000.0001)  useSingleCpuIO = /* only master MPI process does I/O */
(PID.TID 0000.0001)                   T
(PID.TID 0000.0001)     ;
(PID.TID 0000.0001)  useSingleCpuInput = /* only master process reads input */
(PID.TID 0000.0001)                   T
(PID.TID 0000.0001)     ;
(PID.TID 0000.0001) /* debLev[*]  : level of debug & auxiliary message printing */
(PID.TID 0000.0001) debLevZero =  0 ; /* level of disabled aux. msg printing */
(PID.TID 0000.0001)    debLevA =  1 ; /* level of minimum  aux. msg printing */
(PID.TID 0000.0001)    debLevB =  2 ; /* level of low aux. print (report read-file opening)*/
(PID.TID 0000.0001)    debLevC =  3 ; /* level of moderate debug prt (most pkgs debug msg) */
(PID.TID 0000.0001)    debLevD =  4 ; /* level of enhanced debug prt (add DEBUG_STATS prt) */
(PID.TID 0000.0001)    debLevE =  5 ; /* level of extensive debug printing */
(PID.TID 0000.0001) debugLevel =  /* select debug printing level */
(PID.TID 0000.0001)                       1
(PID.TID 0000.0001)     ;
(PID.TID 0000.0001)  plotLevel =  /* select PLOT_FIELD printing level */
(PID.TID 0000.0001)                       1
(PID.TID 0000.0001)     ;
(PID.TID 0000.0001) //
(PID.TID 0000.0001) // Elliptic solver(s) paramters ( PARM02 in namelist )
(PID.TID 0000.0001) //
(PID.TID 0000.0001) cg2dMaxIters =   /* Upper limit on 2d con. grad iterations  */
(PID.TID 0000.0001)                    1000
(PID.TID 0000.0001)     ;
(PID.TID 0000.0001) cg2dMinItersNSA =   /* Minimum number of iterations of 2d con. grad solver  */
(PID.TID 0000.0001)                       0
(PID.TID 0000.0001)     ;
(PID.TID 0000.0001) cg2dUseMinResSol= /* use cg2d last-iter(=0) / min-resid.(=1) solution */
(PID.TID 0000.0001)                       0
(PID.TID 0000.0001)     ;
(PID.TID 0000.0001) cg2dTargetResidual =   /* 2d con. grad target residual  */
(PID.TID 0000.0001)                 1.000000000000000E-12
(PID.TID 0000.0001)     ;
(PID.TID 0000.0001) cg2dTargetResWunit =   /* CG2d target residual [W units] */
(PID.TID 0000.0001)                -1.000000000000000E+00
(PID.TID 0000.0001)     ;
(PID.TID 0000.0001) cg2dPreCondFreq =   /* Freq. for updating cg2d preconditioner */
(PID.TID 0000.0001)                       1
(PID.TID 0000.0001)     ;
(PID.TID 0000.0001) useSRCGSolver =  /* use single reduction CG solver(s) */
(PID.TID 0000.0001)                   F
(PID.TID 0000.0001)     ;
(PID.TID 0000.0001) useNSACGSolver =  /* use not-self-adjoint CG solver */
(PID.TID 0000.0001)                   F
(PID.TID 0000.0001)     ;
(PID.TID 0000.0001) printResidualFreq = /* Freq. for printing CG residual */
(PID.TID 0000.0001)                       0
(PID.TID 0000.0001)     ;
(PID.TID 0000.0001) //
(PID.TID 0000.0001) // Time stepping paramters ( PARM03 in namelist )
(PID.TID 0000.0001) //
(PID.TID 0000.0001) deltaTMom =   /* Momentum equation timestep ( s ) */
(PID.TID 0000.0001)                 1.200000000000000E+03
(PID.TID 0000.0001)     ;
(PID.TID 0000.0001) deltaTFreeSurf = /* FreeSurface equation timestep ( s ) */
(PID.TID 0000.0001)                 1.200000000000000E+03
(PID.TID 0000.0001)     ;
(PID.TID 0000.0001) dTtracerLev =  /* Tracer equation timestep ( s ) */
(PID.TID 0000.0001)    15 @  1.200000000000000E+03              /* K =  1: 15 */
(PID.TID 0000.0001)     ;
(PID.TID 0000.0001) deltaTClock  =   /* Model clock timestep ( s ) */
(PID.TID 0000.0001)                 1.200000000000000E+03
(PID.TID 0000.0001)     ;
(PID.TID 0000.0001) cAdjFreq =   /* Convective adjustment interval ( s ) */
(PID.TID 0000.0001)                 0.000000000000000E+00
(PID.TID 0000.0001)     ;
(PID.TID 0000.0001) momForcingOutAB = /* =1: take Momentum Forcing out of Adams-Bash. stepping */
(PID.TID 0000.0001)                       0
(PID.TID 0000.0001)     ;
(PID.TID 0000.0001) tracForcingOutAB = /* =1: take T,S,pTr Forcing out of Adams-Bash. stepping */
(PID.TID 0000.0001)                       0
(PID.TID 0000.0001)     ;
(PID.TID 0000.0001) momDissip_In_AB = /* put Dissipation Tendency in Adams-Bash. stepping */
(PID.TID 0000.0001)                   T
(PID.TID 0000.0001)     ;
(PID.TID 0000.0001) doAB_onGtGs = /* apply AB on Tendencies (rather than on T,S)*/
(PID.TID 0000.0001)                   T
(PID.TID 0000.0001)     ;
(PID.TID 0000.0001) abEps =   /* Adams-Bashforth-2 stabilizing weight */
(PID.TID 0000.0001)                 1.000000000000000E-02
(PID.TID 0000.0001)     ;
(PID.TID 0000.0001) applyExchUV_early = /* Apply EXCH to U,V earlier in time-step */
(PID.TID 0000.0001)                   F
(PID.TID 0000.0001)     ;
(PID.TID 0000.0001) pickupStrictlyMatch= /* stop if pickup do not strictly match */
(PID.TID 0000.0001)                   T
(PID.TID 0000.0001)     ;
(PID.TID 0000.0001) nIter0   =   /* Run starting timestep number */
(PID.TID 0000.0001)                 3111120
(PID.TID 0000.0001)     ;
(PID.TID 0000.0001) nTimeSteps = /* Number of timesteps */
(PID.TID 0000.0001)                     720
(PID.TID 0000.0001)     ;
(PID.TID 0000.0001) nEndIter =   /* Run ending timestep number */
(PID.TID 0000.0001)                 3111840
(PID.TID 0000.0001)     ;
(PID.TID 0000.0001) baseTime =   /* Model base time ( s ) */
(PID.TID 0000.0001)                 0.000000000000000E+00
(PID.TID 0000.0001)     ;
(PID.TID 0000.0001) startTime =  /* Run start time ( s ) */
(PID.TID 0000.0001)                 3.733344000000000E+09
(PID.TID 0000.0001)     ;
(PID.TID 0000.0001) endTime  =   /* Integration ending time ( s ) */
(PID.TID 0000.0001)                 3.734208000000000E+09
(PID.TID 0000.0001)     ;
(PID.TID 0000.0001) pChkPtFreq = /* Permanent restart/pickup file interval ( s ) */
(PID.TID 0000.0001)                 0.000000000000000E+00
(PID.TID 0000.0001)     ;
(PID.TID 0000.0001) chkPtFreq  = /* Rolling restart/pickup file interval ( s ) */
(PID.TID 0000.0001)                 0.000000000000000E+00
(PID.TID 0000.0001)     ;
(PID.TID 0000.0001) pickup_write_mdsio =   /* Model IO flag. */
(PID.TID 0000.0001)                   T
(PID.TID 0000.0001)     ;
(PID.TID 0000.0001) pickup_read_mdsio =   /* Model IO flag. */
(PID.TID 0000.0001)                   T
(PID.TID 0000.0001)     ;
(PID.TID 0000.0001) writePickupAtEnd =   /* Model IO flag. */
(PID.TID 0000.0001)                   T
(PID.TID 0000.0001)     ;
(PID.TID 0000.0001) dumpFreq =   /* Model state write out interval ( s ). */
(PID.TID 0000.0001)                 0.000000000000000E+00
(PID.TID 0000.0001)     ;
(PID.TID 0000.0001) dumpInitAndLast= /* write out Initial & Last iter. model state */
(PID.TID 0000.0001)                   T
(PID.TID 0000.0001)     ;
(PID.TID 0000.0001) snapshot_mdsio =   /* Model IO flag. */
(PID.TID 0000.0001)                   T
(PID.TID 0000.0001)     ;
(PID.TID 0000.0001) monitorFreq =   /* Monitor output interval ( s ). */
(PID.TID 0000.0001)                 2.592000000000000E+06
(PID.TID 0000.0001)     ;
(PID.TID 0000.0001) monitorSelect = /* select group of variables to monitor */
(PID.TID 0000.0001)                       2
(PID.TID 0000.0001)     ;
(PID.TID 0000.0001) monitor_stdio =   /* Model IO flag. */
(PID.TID 0000.0001)                   T
(PID.TID 0000.0001)     ;
(PID.TID 0000.0001) externForcingPeriod =   /* forcing period (s) */
(PID.TID 0000.0001)                 0.000000000000000E+00
(PID.TID 0000.0001)     ;
(PID.TID 0000.0001) externForcingCycle =   /* period of the cyle (s). */
(PID.TID 0000.0001)                 0.000000000000000E+00
(PID.TID 0000.0001)     ;
(PID.TID 0000.0001) tauThetaClimRelax =   /* relaxation time scale (s) */
(PID.TID 0000.0001)                 2.592000000000000E+06
(PID.TID 0000.0001)     ;
(PID.TID 0000.0001) tauSaltClimRelax =   /* relaxation time scale (s) */
(PID.TID 0000.0001)                 0.000000000000000E+00
(PID.TID 0000.0001)     ;
(PID.TID 0000.0001) latBandClimRelax =   /* max. Lat. where relaxation */
(PID.TID 0000.0001)                 1.800000000000000E+02
(PID.TID 0000.0001)     ;
(PID.TID 0000.0001) //
(PID.TID 0000.0001) // Gridding paramters ( PARM04 in namelist )
(PID.TID 0000.0001) //
(PID.TID 0000.0001) usingCartesianGrid = /* Cartesian coordinates flag ( True/False ) */
(PID.TID 0000.0001)                   F
(PID.TID 0000.0001)     ;
(PID.TID 0000.0001) usingCylindricalGrid = /* Cylindrical coordinates flag ( True/False ) */
(PID.TID 0000.0001)                   F
(PID.TID 0000.0001)     ;
(PID.TID 0000.0001) usingSphericalPolarGrid = /* Spherical coordinates flag ( True/False ) */
(PID.TID 0000.0001)                   T
(PID.TID 0000.0001)     ;
(PID.TID 0000.0001) usingCurvilinearGrid = /* Curvilinear coordinates flag ( True/False ) */
(PID.TID 0000.0001)                   F
(PID.TID 0000.0001)     ;
(PID.TID 0000.0001) useMin4hFacEdges = /* set hFacW,S as minimum of adjacent hFacC factor */
(PID.TID 0000.0001)                   F
(PID.TID 0000.0001)     ;
(PID.TID 0000.0001) interViscAr_pCell = /* account for partial-cell in interior vert. viscosity */
(PID.TID 0000.0001)                   F
(PID.TID 0000.0001)     ;
(PID.TID 0000.0001) interDiffKr_pCell = /* account for partial-cell in interior vert. diffusion */
(PID.TID 0000.0001)                   F
(PID.TID 0000.0001)     ;
(PID.TID 0000.0001) pCellMix_select = /* option to enhance mixing near surface & bottom */
(PID.TID 0000.0001)                       0
(PID.TID 0000.0001)     ;
(PID.TID 0000.0001) selectSigmaCoord = /* Hybrid-Sigma Vert. Coordinate option */
(PID.TID 0000.0001)                       0
(PID.TID 0000.0001)     ;
(PID.TID 0000.0001) rSigmaBnd = /* r/sigma transition ( units of r ==  m ) */
(PID.TID 0000.0001)                 1.234567000000000E+05
(PID.TID 0000.0001)     ;
(PID.TID 0000.0001) rkSign =   /* index orientation relative to vertical coordinate */
(PID.TID 0000.0001)                -1.000000000000000E+00
(PID.TID 0000.0001)     ;
(PID.TID 0000.0001) gravitySign = /* gravity orientation relative to vertical coordinate */
(PID.TID 0000.0001)                -1.000000000000000E+00
(PID.TID 0000.0001)     ;
(PID.TID 0000.0001) seaLev_Z =  /* reference height of sea-level [m] */
(PID.TID 0000.0001)                 0.000000000000000E+00
(PID.TID 0000.0001)     ;
(PID.TID 0000.0001) top_Pres =  /* reference pressure at the top [Pa] */
(PID.TID 0000.0001)                 0.000000000000000E+00
(PID.TID 0000.0001)     ;
(PID.TID 0000.0001) mass2rUnit = /* convert mass per unit area [kg/m2] to r-units [m] */
(PID.TID 0000.0001)                 1.000200040008002E-03
(PID.TID 0000.0001)     ;
(PID.TID 0000.0001) rUnit2mass = /* convert r-units [m] to mass per unit area [kg/m2] */
(PID.TID 0000.0001)                 9.998000000000000E+02
(PID.TID 0000.0001)     ;
(PID.TID 0000.0001) drC =   /* C spacing ( units of r ) */
(PID.TID 0000.0001)                 2.500000000000000E+01,      /* K =  1 */
(PID.TID 0000.0001)                 5.500000000000000E+01,      /* K =  2 */
(PID.TID 0000.0001)                 6.500000000000000E+01,      /* K =  3 */
(PID.TID 0000.0001)                 7.500000000000000E+01,      /* K =  4 */
(PID.TID 0000.0001)                 8.500000000000000E+01,      /* K =  5 */
(PID.TID 0000.0001)                 9.500000000000000E+01,      /* K =  6 */
(PID.TID 0000.0001)                 1.050000000000000E+02,      /* K =  7 */
(PID.TID 0000.0001)                 1.150000000000000E+02,      /* K =  8 */
(PID.TID 0000.0001)                 1.250000000000000E+02,      /* K =  9 */
(PID.TID 0000.0001)                 1.350000000000000E+02,      /* K = 10 */
(PID.TID 0000.0001)                 1.450000000000000E+02,      /* K = 11 */
(PID.TID 0000.0001)                 1.550000000000000E+02,      /* K = 12 */
(PID.TID 0000.0001)                 1.650000000000000E+02,      /* K = 13 */
(PID.TID 0000.0001)                 1.750000000000000E+02,      /* K = 14 */
(PID.TID 0000.0001)                 1.850000000000000E+02,      /* K = 15 */
(PID.TID 0000.0001)                 9.500000000000000E+01       /* K = 16 */
(PID.TID 0000.0001)     ;
(PID.TID 0000.0001) drF =   /* W spacing ( units of r ) */
(PID.TID 0000.0001)                 5.000000000000000E+01,      /* K =  1 */
(PID.TID 0000.0001)                 6.000000000000000E+01,      /* K =  2 */
(PID.TID 0000.0001)                 7.000000000000000E+01,      /* K =  3 */
(PID.TID 0000.0001)                 8.000000000000000E+01,      /* K =  4 */
(PID.TID 0000.0001)                 9.000000000000000E+01,      /* K =  5 */
(PID.TID 0000.0001)                 1.000000000000000E+02,      /* K =  6 */
(PID.TID 0000.0001)                 1.100000000000000E+02,      /* K =  7 */
(PID.TID 0000.0001)                 1.200000000000000E+02,      /* K =  8 */
(PID.TID 0000.0001)                 1.300000000000000E+02,      /* K =  9 */
(PID.TID 0000.0001)                 1.400000000000000E+02,      /* K = 10 */
(PID.TID 0000.0001)                 1.500000000000000E+02,      /* K = 11 */
(PID.TID 0000.0001)                 1.600000000000000E+02,      /* K = 12 */
(PID.TID 0000.0001)                 1.700000000000000E+02,      /* K = 13 */
(PID.TID 0000.0001)                 1.800000000000000E+02,      /* K = 14 */
(PID.TID 0000.0001)                 1.900000000000000E+02       /* K = 15 */
(PID.TID 0000.0001)     ;
(PID.TID 0000.0001) delX = /* U spacing ( m - cartesian, degrees - spherical ) */
(PID.TID 0000.0001)    62 @  1.000000000000000E+00              /* I =  1: 62 */
(PID.TID 0000.0001)     ;
(PID.TID 0000.0001) delY = /* V spacing ( m - cartesian, degrees - spherical ) */
(PID.TID 0000.0001)    62 @  1.000000000000000E+00              /* J =  1: 62 */
(PID.TID 0000.0001)     ;
(PID.TID 0000.0001) xgOrigin = /* X-axis origin of West  edge (cartesian: m, lat-lon: deg) */
(PID.TID 0000.0001)                -1.000000000000000E+00
(PID.TID 0000.0001)     ;
(PID.TID 0000.0001) ygOrigin = /* Y-axis origin of South edge (cartesian: m, lat-lon: deg) */
(PID.TID 0000.0001)                 1.400000000000000E+01
(PID.TID 0000.0001)     ;
(PID.TID 0000.0001) rSphere =  /* Radius ( ignored - cartesian, m - spherical ) */
(PID.TID 0000.0001)                 6.370000000000000E+06
(PID.TID 0000.0001)     ;
(PID.TID 0000.0001) deepAtmosphere = /* Deep/Shallow Atmosphere flag (True/False) */
(PID.TID 0000.0001)                   F
(PID.TID 0000.0001)     ;
(PID.TID 0000.0001) xC =  /* xC(:,1,:,1) : P-point X coord ( deg. or m if cartesian) */
(PID.TID 0000.0001)                -5.000000000000000E-01,      /* I =  1 */
(PID.TID 0000.0001)                 5.000000000000000E-01,      /* I =  2 */
(PID.TID 0000.0001)                 1.500000000000000E+00,      /* I =  3 */
(PID.TID 0000.0001)                 2.500000000000000E+00,      /* I =  4 */
(PID.TID 0000.0001)                 3.500000000000000E+00,      /* I =  5 */
(PID.TID 0000.0001)                 4.500000000000000E+00,      /* I =  6 */
(PID.TID 0000.0001)                 5.500000000000000E+00,      /* I =  7 */
(PID.TID 0000.0001)                 6.500000000000000E+00,      /* I =  8 */
(PID.TID 0000.0001)                 7.500000000000000E+00,      /* I =  9 */
(PID.TID 0000.0001)                 8.500000000000000E+00,      /* I = 10 */
(PID.TID 0000.0001)                 9.500000000000000E+00,      /* I = 11 */
(PID.TID 0000.0001)                 1.050000000000000E+01,      /* I = 12 */
(PID.TID 0000.0001)                 1.150000000000000E+01,      /* I = 13 */
(PID.TID 0000.0001)                 1.250000000000000E+01,      /* I = 14 */
(PID.TID 0000.0001)                 1.350000000000000E+01,      /* I = 15 */
(PID.TID 0000.0001)                 1.450000000000000E+01,      /* I = 16 */
(PID.TID 0000.0001)                 1.550000000000000E+01,      /* I = 17 */
(PID.TID 0000.0001)                 1.650000000000000E+01,      /* I = 18 */
(PID.TID 0000.0001)                 1.750000000000000E+01,      /* I = 19 */
(PID.TID 0000.0001)                 1.850000000000000E+01,      /* I = 20 */
(PID.TID 0000.0001)                 1.950000000000000E+01,      /* I = 21 */
(PID.TID 0000.0001)                 2.050000000000000E+01,      /* I = 22 */
(PID.TID 0000.0001)                 2.150000000000000E+01,      /* I = 23 */
(PID.TID 0000.0001)                 2.250000000000000E+01,      /* I = 24 */
(PID.TID 0000.0001)                 2.350000000000000E+01,      /* I = 25 */
(PID.TID 0000.0001)                 2.450000000000000E+01,      /* I = 26 */
(PID.TID 0000.0001)                 2.550000000000000E+01,      /* I = 27 */
(PID.TID 0000.0001)                 2.650000000000000E+01,      /* I = 28 */
(PID.TID 0000.0001)                 2.750000000000000E+01,      /* I = 29 */
(PID.TID 0000.0001)                 2.850000000000000E+01,      /* I = 30 */
(PID.TID 0000.0001)                 2.950000000000000E+01       /* I = 31 */
(PID.TID 0000.0001)     ;
(PID.TID 0000.0001) yC =  /* yC(1,:,1,:) : P-point Y coord ( deg. or m if cartesian) */
(PID.TID 0000.0001)                 1.450000000000000E+01,      /* J =  1 */
(PID.TID 0000.0001)                 1.550000000000000E+01,      /* J =  2 */
(PID.TID 0000.0001)                 1.650000000000000E+01,      /* J =  3 */
(PID.TID 0000.0001)                 1.750000000000000E+01,      /* J =  4 */
(PID.TID 0000.0001)                 1.850000000000000E+01,      /* J =  5 */
(PID.TID 0000.0001)                 1.950000000000000E+01,      /* J =  6 */
(PID.TID 0000.0001)                 2.050000000000000E+01,      /* J =  7 */
(PID.TID 0000.0001)                 2.150000000000000E+01,      /* J =  8 */
(PID.TID 0000.0001)                 2.250000000000000E+01,      /* J =  9 */
(PID.TID 0000.0001)                 2.350000000000000E+01,      /* J = 10 */
(PID.TID 0000.0001)                 2.450000000000000E+01,      /* J = 11 */
(PID.TID 0000.0001)                 2.550000000000000E+01,      /* J = 12 */
(PID.TID 0000.0001)                 2.650000000000000E+01,      /* J = 13 */
(PID.TID 0000.0001)                 2.750000000000000E+01,      /* J = 14 */
(PID.TID 0000.0001)                 2.850000000000000E+01,      /* J = 15 */
(PID.TID 0000.0001)                 2.950000000000000E+01,      /* J = 16 */
(PID.TID 0000.0001)                 3.050000000000000E+01,      /* J = 17 */
(PID.TID 0000.0001)                 3.150000000000000E+01,      /* J = 18 */
(PID.TID 0000.0001)                 3.250000000000000E+01,      /* J = 19 */
(PID.TID 0000.0001)                 3.350000000000000E+01,      /* J = 20 */
(PID.TID 0000.0001)                 3.450000000000000E+01,      /* J = 21 */
(PID.TID 0000.0001)                 3.550000000000000E+01,      /* J = 22 */
(PID.TID 0000.0001)                 3.650000000000000E+01,      /* J = 23 */
(PID.TID 0000.0001)                 3.750000000000000E+01,      /* J = 24 */
(PID.TID 0000.0001)                 3.850000000000000E+01,      /* J = 25 */
(PID.TID 0000.0001)                 3.950000000000000E+01,      /* J = 26 */
(PID.TID 0000.0001)                 4.050000000000000E+01,      /* J = 27 */
(PID.TID 0000.0001)                 4.150000000000000E+01,      /* J = 28 */
(PID.TID 0000.0001)                 4.250000000000000E+01,      /* J = 29 */
(PID.TID 0000.0001)                 4.350000000000000E+01,      /* J = 30 */
(PID.TID 0000.0001)                 4.450000000000000E+01       /* J = 31 */
(PID.TID 0000.0001)     ;
(PID.TID 0000.0001) rcoord = /* P-point R coordinate (  units of r ) */
(PID.TID 0000.0001)                -2.500000000000000E+01,      /* K =  1 */
(PID.TID 0000.0001)                -8.000000000000000E+01,      /* K =  2 */
(PID.TID 0000.0001)                -1.450000000000000E+02,      /* K =  3 */
(PID.TID 0000.0001)                -2.200000000000000E+02,      /* K =  4 */
(PID.TID 0000.0001)                -3.050000000000000E+02,      /* K =  5 */
(PID.TID 0000.0001)                -4.000000000000000E+02,      /* K =  6 */
(PID.TID 0000.0001)                -5.050000000000000E+02,      /* K =  7 */
(PID.TID 0000.0001)                -6.200000000000000E+02,      /* K =  8 */
(PID.TID 0000.0001)                -7.450000000000000E+02,      /* K =  9 */
(PID.TID 0000.0001)                -8.800000000000000E+02,      /* K = 10 */
(PID.TID 0000.0001)                -1.025000000000000E+03,      /* K = 11 */
(PID.TID 0000.0001)                -1.180000000000000E+03,      /* K = 12 */
(PID.TID 0000.0001)                -1.345000000000000E+03,      /* K = 13 */
(PID.TID 0000.0001)                -1.520000000000000E+03,      /* K = 14 */
(PID.TID 0000.0001)                -1.705000000000000E+03       /* K = 15 */
(PID.TID 0000.0001)     ;
(PID.TID 0000.0001) rF =   /* W-Interf. R coordinate (  units of r ) */
(PID.TID 0000.0001)                 0.000000000000000E+00,      /* K =  1 */
(PID.TID 0000.0001)                -5.000000000000000E+01,      /* K =  2 */
(PID.TID 0000.0001)                -1.100000000000000E+02,      /* K =  3 */
(PID.TID 0000.0001)                -1.800000000000000E+02,      /* K =  4 */
(PID.TID 0000.0001)                -2.600000000000000E+02,      /* K =  5 */
(PID.TID 0000.0001)                -3.500000000000000E+02,      /* K =  6 */
(PID.TID 0000.0001)                -4.500000000000000E+02,      /* K =  7 */
(PID.TID 0000.0001)                -5.600000000000000E+02,      /* K =  8 */
(PID.TID 0000.0001)                -6.800000000000000E+02,      /* K =  9 */
(PID.TID 0000.0001)                -8.100000000000000E+02,      /* K = 10 */
(PID.TID 0000.0001)                -9.500000000000000E+02,      /* K = 11 */
(PID.TID 0000.0001)                -1.100000000000000E+03,      /* K = 12 */
(PID.TID 0000.0001)                -1.260000000000000E+03,      /* K = 13 */
(PID.TID 0000.0001)                -1.430000000000000E+03,      /* K = 14 */
(PID.TID 0000.0001)                -1.610000000000000E+03,      /* K = 15 */
(PID.TID 0000.0001)                -1.800000000000000E+03       /* K = 16 */
(PID.TID 0000.0001)     ;
(PID.TID 0000.0001) deepFacC = /* deep-model grid factor @ cell-Center (-) */
(PID.TID 0000.0001)    15 @  1.000000000000000E+00              /* K =  1: 15 */
(PID.TID 0000.0001)     ;
(PID.TID 0000.0001) deepFacF = /* deep-model grid factor @ W-Interface (-) */
(PID.TID 0000.0001)    16 @  1.000000000000000E+00              /* K =  1: 16 */
(PID.TID 0000.0001)     ;
(PID.TID 0000.0001) rVel2wUnit = /* convert units: rVel -> wSpeed (=1 if z-coord)*/
(PID.TID 0000.0001)    16 @  1.000000000000000E+00              /* K =  1: 16 */
(PID.TID 0000.0001)     ;
(PID.TID 0000.0001) wUnit2rVel = /* convert units: wSpeed -> rVel (=1 if z-coord)*/
(PID.TID 0000.0001)    16 @  1.000000000000000E+00              /* K =  1: 16 */
(PID.TID 0000.0001)     ;
(PID.TID 0000.0001) dBdrRef = /* Vertical grad. of reference buoyancy [(m/s/r)^2] */
(PID.TID 0000.0001)                 0.000000000000000E+00,      /* K =  1 */
(PID.TID 0000.0001)                 1.070181818181818E-04,      /* K =  2 */
(PID.TID 0000.0001)                 9.055384615384615E-05,      /* K =  3 */
(PID.TID 0000.0001)                 7.848000000000002E-05,      /* K =  4 */
(PID.TID 0000.0001)                 6.924705882352942E-05,      /* K =  5 */
(PID.TID 0000.0001)                 6.195789473684211E-05,      /* K =  6 */
(PID.TID 0000.0001)                 3.737142857142858E-05,      /* K =  7 */
(PID.TID 0000.0001)                 3.412173913043479E-05,      /* K =  8 */
(PID.TID 0000.0001)                 3.139200000000000E-05,      /* K =  9 */
(PID.TID 0000.0001)                 2.906666666666667E-05,      /* K = 10 */
(PID.TID 0000.0001)                 1.353103448275862E-05,      /* K = 11 */
(PID.TID 0000.0001)                 1.265806451612903E-05,      /* K = 12 */
(PID.TID 0000.0001)                 1.189090909090909E-05,      /* K = 13 */
(PID.TID 0000.0001)                 1.121142857142857E-05,      /* K = 14 */
(PID.TID 0000.0001)                 1.060540540540541E-05       /* K = 15 */
(PID.TID 0000.0001)     ;
(PID.TID 0000.0001) rotateGrid = /* use rotated grid ( True/False ) */
(PID.TID 0000.0001)                   F
(PID.TID 0000.0001)     ;
(PID.TID 0000.0001) phiEuler = /* Euler angle, rotation about original z-coordinate [rad] */
(PID.TID 0000.0001)                 0.000000000000000E+00
(PID.TID 0000.0001)     ;
(PID.TID 0000.0001) thetaEuler = /* Euler angle, rotation about new x-coordinate [rad] */
(PID.TID 0000.0001)                 0.000000000000000E+00
(PID.TID 0000.0001)     ;
(PID.TID 0000.0001) psiEuler = /* Euler angle, rotation about new z-coordinate [rad] */
(PID.TID 0000.0001)                 0.000000000000000E+00
(PID.TID 0000.0001)     ;
(PID.TID 0000.0001) dxF =  /* dxF(:,1,:,1) ( units: m ) */
(PID.TID 0000.0001)    31 @  1.076362084889763E+05              /* I =  1: 31 */
(PID.TID 0000.0001)     ;
(PID.TID 0000.0001) dxF =  /* dxF(1,:,1,:) ( units: m ) */
(PID.TID 0000.0001)                 1.076362084889763E+05,      /* J =  1 */
(PID.TID 0000.0001)                 1.071339990328148E+05,      /* J =  2 */
(PID.TID 0000.0001)                 1.065991555227175E+05,      /* J =  3 */
(PID.TID 0000.0001)                 1.060318408771987E+05,      /* J =  4 */
(PID.TID 0000.0001)                 1.054322279057952E+05,      /* J =  5 */
(PID.TID 0000.0001)                 1.048004992564268E+05,      /* J =  6 */
(PID.TID 0000.0001)                 1.041368473597596E+05,      /* J =  7 */
(PID.TID 0000.0001)                 1.034414743705903E+05,      /* J =  8 */
(PID.TID 0000.0001)                 1.027145921062676E+05,      /* J =  9 */
(PID.TID 0000.0001)                 1.019564219821708E+05,      /* J = 10 */
(PID.TID 0000.0001)                 1.011671949442642E+05,      /* J = 11 */
(PID.TID 0000.0001)                 1.003471513987490E+05,      /* J = 12 */
(PID.TID 0000.0001)                 9.949654113883297E+04,      /* J = 13 */
(PID.TID 0000.0001)                 9.861562326864146E+04,      /* J = 14 */
(PID.TID 0000.0001)                 9.770466612429130E+04,      /* J = 15 */
(PID.TID 0000.0001)                 9.676394719215337E+04,      /* J = 16 */
(PID.TID 0000.0001)                 9.579375302432729E+04,      /* J = 17 */
(PID.TID 0000.0001)                 9.479437915135507E+04,      /* J = 18 */
(PID.TID 0000.0001)                 9.376612999219958E+04,      /* J = 19 */
(PID.TID 0000.0001)                 9.270931876151556E+04,      /* J = 20 */
(PID.TID 0000.0001)                 9.162426737424145E+04,      /* J = 21 */
(PID.TID 0000.0001)                 9.051130634754094E+04,      /* J = 22 */
(PID.TID 0000.0001)                 8.937077470012424E+04,      /* J = 23 */
(PID.TID 0000.0001)                 8.820301984897976E+04,      /* J = 24 */
(PID.TID 0000.0001)                 8.700839750354746E+04,      /* J = 25 */
(PID.TID 0000.0001)                 8.578727155736629E+04,      /* J = 26 */
(PID.TID 0000.0001)                 8.454001397722879E+04,      /* J = 27 */
(PID.TID 0000.0001)                 8.326700468987631E+04,      /* J = 28 */
(PID.TID 0000.0001)                 8.196863146626971E+04,      /* J = 29 */
(PID.TID 0000.0001)                 8.064528980347053E+04,      /* J = 30 */
(PID.TID 0000.0001)                 7.929738280416874E+04       /* J = 31 */
(PID.TID 0000.0001)     ;
(PID.TID 0000.0001) dyF =  /* dyF(:,1,:,1) ( units: m ) */
(PID.TID 0000.0001)    31 @  1.111774733520388E+05              /* I =  1: 31 */
(PID.TID 0000.0001)     ;
(PID.TID 0000.0001) dyF =  /* dyF(1,:,1,:) ( units: m ) */
(PID.TID 0000.0001)    31 @  1.111774733520388E+05              /* J =  1: 31 */
(PID.TID 0000.0001)     ;
(PID.TID 0000.0001) dxG =  /* dxG(:,1,:,1) ( units: m ) */
(PID.TID 0000.0001)    31 @  1.078750272516468E+05              /* I =  1: 31 */
(PID.TID 0000.0001)     ;
(PID.TID 0000.0001) dxG =  /* dxG(1,:,1,:) ( units: m ) */
(PID.TID 0000.0001)                 1.078750272516468E+05,      /* J =  1 */
(PID.TID 0000.0001)                 1.073891928122990E+05,      /* J =  2 */
(PID.TID 0000.0001)                 1.068706465845181E+05,      /* J =  3 */
(PID.TID 0000.0001)                 1.063195465225083E+05,      /* J =  4 */
(PID.TID 0000.0001)                 1.057360604966873E+05,      /* J =  5 */
(PID.TID 0000.0001)                 1.051203662425507E+05,      /* J =  6 */
(PID.TID 0000.0001)                 1.044726513065328E+05,      /* J =  7 */
(PID.TID 0000.0001)                 1.037931129888776E+05,      /* J =  8 */
(PID.TID 0000.0001)                 1.030819582835396E+05,      /* J =  9 */
(PID.TID 0000.0001)                 1.023394038151311E+05,      /* J = 10 */
(PID.TID 0000.0001)                 1.015656757729363E+05,      /* J = 11 */
(PID.TID 0000.0001)                 1.007610098420124E+05,      /* J = 12 */
(PID.TID 0000.0001)                 9.992565113139673E+04,      /* J = 13 */
(PID.TID 0000.0001)                 9.905985409944496E+04,      /* J = 14 */
(PID.TID 0000.0001)                 9.816388247632013E+04,      /* J = 15 */
(PID.TID 0000.0001)                 9.723800918365814E+04,      /* J = 16 */
(PID.TID 0000.0001)                 9.628251625143306E+04,      /* J = 17 */
(PID.TID 0000.0001)                 9.529769473204810E+04,      /* J = 18 */
(PID.TID 0000.0001)                 9.428384461167829E+04,      /* J = 19 */
(PID.TID 0000.0001)                 9.324127471889161E+04,      /* J = 20 */
(PID.TID 0000.0001)                 9.217030263057708E+04,      /* J = 21 */
(PID.TID 0000.0001)                 9.107125457520749E+04,      /* J = 22 */
(PID.TID 0000.0001)                 8.994446533346726E+04,      /* J = 23 */
(PID.TID 0000.0001)                 8.879027813627482E+04,      /* J = 24 */
(PID.TID 0000.0001)                 8.760904456023136E+04,      /* J = 25 */
(PID.TID 0000.0001)                 8.640112442052698E+04,      /* J = 26 */
(PID.TID 0000.0001)                 8.516688566133760E+04,      /* J = 27 */
(PID.TID 0000.0001)                 8.390670424374563E+04,      /* J = 28 */
(PID.TID 0000.0001)                 8.262096403121852E+04,      /* J = 29 */
(PID.TID 0000.0001)                 8.131005667268026E+04,      /* J = 30 */
(PID.TID 0000.0001)                 7.997438148321131E+04       /* J = 31 */
(PID.TID 0000.0001)     ;
(PID.TID 0000.0001) dyG =  /* dyG(:,1,:,1) ( units: m ) */
(PID.TID 0000.0001)    31 @  1.111774733520388E+05              /* I =  1: 31 */
(PID.TID 0000.0001)     ;
(PID.TID 0000.0001) dyG =  /* dyG(1,:,1,:) ( units: m ) */
(PID.TID 0000.0001)    31 @  1.111774733520388E+05              /* J =  1: 31 */
(PID.TID 0000.0001)     ;
(PID.TID 0000.0001) dxC =  /* dxC(:,1,:,1) ( units: m ) */
(PID.TID 0000.0001)    31 @  1.076362084889763E+05              /* I =  1: 31 */
(PID.TID 0000.0001)     ;
(PID.TID 0000.0001) dxC =  /* dxC(1,:,1,:) ( units: m ) */
(PID.TID 0000.0001)                 1.076362084889763E+05,      /* J =  1 */
(PID.TID 0000.0001)                 1.071339990328148E+05,      /* J =  2 */
(PID.TID 0000.0001)                 1.065991555227175E+05,      /* J =  3 */
(PID.TID 0000.0001)                 1.060318408771987E+05,      /* J =  4 */
(PID.TID 0000.0001)                 1.054322279057952E+05,      /* J =  5 */
(PID.TID 0000.0001)                 1.048004992564268E+05,      /* J =  6 */
(PID.TID 0000.0001)                 1.041368473597596E+05,      /* J =  7 */
(PID.TID 0000.0001)                 1.034414743705903E+05,      /* J =  8 */
(PID.TID 0000.0001)                 1.027145921062676E+05,      /* J =  9 */
(PID.TID 0000.0001)                 1.019564219821708E+05,      /* J = 10 */
(PID.TID 0000.0001)                 1.011671949442642E+05,      /* J = 11 */
(PID.TID 0000.0001)                 1.003471513987490E+05,      /* J = 12 */
(PID.TID 0000.0001)                 9.949654113883297E+04,      /* J = 13 */
(PID.TID 0000.0001)                 9.861562326864146E+04,      /* J = 14 */
(PID.TID 0000.0001)                 9.770466612429130E+04,      /* J = 15 */
(PID.TID 0000.0001)                 9.676394719215337E+04,      /* J = 16 */
(PID.TID 0000.0001)                 9.579375302432729E+04,      /* J = 17 */
(PID.TID 0000.0001)                 9.479437915135507E+04,      /* J = 18 */
(PID.TID 0000.0001)                 9.376612999219958E+04,      /* J = 19 */
(PID.TID 0000.0001)                 9.270931876151556E+04,      /* J = 20 */
(PID.TID 0000.0001)                 9.162426737424145E+04,      /* J = 21 */
(PID.TID 0000.0001)                 9.051130634754094E+04,      /* J = 22 */
(PID.TID 0000.0001)                 8.937077470012424E+04,      /* J = 23 */
(PID.TID 0000.0001)                 8.820301984897976E+04,      /* J = 24 */
(PID.TID 0000.0001)                 8.700839750354746E+04,      /* J = 25 */
(PID.TID 0000.0001)                 8.578727155736629E+04,      /* J = 26 */
(PID.TID 0000.0001)                 8.454001397722879E+04,      /* J = 27 */
(PID.TID 0000.0001)                 8.326700468987631E+04,      /* J = 28 */
(PID.TID 0000.0001)                 8.196863146626971E+04,      /* J = 29 */
(PID.TID 0000.0001)                 8.064528980347053E+04,      /* J = 30 */
(PID.TID 0000.0001)                 7.929738280416874E+04       /* J = 31 */
(PID.TID 0000.0001)     ;
(PID.TID 0000.0001) dyC =  /* dyC(:,1,:,1) ( units: m ) */
(PID.TID 0000.0001)    31 @  1.111774733520388E+05              /* I =  1: 31 */
(PID.TID 0000.0001)     ;
(PID.TID 0000.0001) dyC =  /* dyC(1,:,1,:) ( units: m ) */
(PID.TID 0000.0001)    31 @  1.111774733520388E+05              /* J =  1: 31 */
(PID.TID 0000.0001)     ;
(PID.TID 0000.0001) dxV =  /* dxV(:,1,:,1) ( units: m ) */
(PID.TID 0000.0001)    31 @  1.078750272516468E+05              /* I =  1: 31 */
(PID.TID 0000.0001)     ;
(PID.TID 0000.0001) dxV =  /* dxV(1,:,1,:) ( units: m ) */
(PID.TID 0000.0001)                 1.078750272516468E+05,      /* J =  1 */
(PID.TID 0000.0001)                 1.073891928122990E+05,      /* J =  2 */
(PID.TID 0000.0001)                 1.068706465845181E+05,      /* J =  3 */
(PID.TID 0000.0001)                 1.063195465225083E+05,      /* J =  4 */
(PID.TID 0000.0001)                 1.057360604966873E+05,      /* J =  5 */
(PID.TID 0000.0001)                 1.051203662425507E+05,      /* J =  6 */
(PID.TID 0000.0001)                 1.044726513065328E+05,      /* J =  7 */
(PID.TID 0000.0001)                 1.037931129888776E+05,      /* J =  8 */
(PID.TID 0000.0001)                 1.030819582835396E+05,      /* J =  9 */
(PID.TID 0000.0001)                 1.023394038151311E+05,      /* J = 10 */
(PID.TID 0000.0001)                 1.015656757729363E+05,      /* J = 11 */
(PID.TID 0000.0001)                 1.007610098420124E+05,      /* J = 12 */
(PID.TID 0000.0001)                 9.992565113139673E+04,      /* J = 13 */
(PID.TID 0000.0001)                 9.905985409944496E+04,      /* J = 14 */
(PID.TID 0000.0001)                 9.816388247632013E+04,      /* J = 15 */
(PID.TID 0000.0001)                 9.723800918365814E+04,      /* J = 16 */
(PID.TID 0000.0001)                 9.628251625143306E+04,      /* J = 17 */
(PID.TID 0000.0001)                 9.529769473204810E+04,      /* J = 18 */
(PID.TID 0000.0001)                 9.428384461167829E+04,      /* J = 19 */
(PID.TID 0000.0001)                 9.324127471889161E+04,      /* J = 20 */
(PID.TID 0000.0001)                 9.217030263057708E+04,      /* J = 21 */
(PID.TID 0000.0001)                 9.107125457520749E+04,      /* J = 22 */
(PID.TID 0000.0001)                 8.994446533346726E+04,      /* J = 23 */
(PID.TID 0000.0001)                 8.879027813627482E+04,      /* J = 24 */
(PID.TID 0000.0001)                 8.760904456023136E+04,      /* J = 25 */
(PID.TID 0000.0001)                 8.640112442052698E+04,      /* J = 26 */
(PID.TID 0000.0001)                 8.516688566133760E+04,      /* J = 27 */
(PID.TID 0000.0001)                 8.390670424374563E+04,      /* J = 28 */
(PID.TID 0000.0001)                 8.262096403121852E+04,      /* J = 29 */
(PID.TID 0000.0001)                 8.131005667268026E+04,      /* J = 30 */
(PID.TID 0000.0001)                 7.997438148321131E+04       /* J = 31 */
(PID.TID 0000.0001)     ;
(PID.TID 0000.0001) dyU =  /* dyU(:,1,:,1) ( units: m ) */
(PID.TID 0000.0001)    31 @  1.111774733520388E+05              /* I =  1: 31 */
(PID.TID 0000.0001)     ;
(PID.TID 0000.0001) dyU =  /* dyU(1,:,1,:) ( units: m ) */
(PID.TID 0000.0001)    31 @  1.111774733520388E+05              /* J =  1: 31 */
(PID.TID 0000.0001)     ;
(PID.TID 0000.0001) rA  =  /* rA (:,1,:,1) ( units: m^2 ) */
(PID.TID 0000.0001)    31 @  1.196656981524733E+10              /* I =  1: 31 */
(PID.TID 0000.0001)     ;
(PID.TID 0000.0001) rA  =  /* rA (1,:,1,:) ( units: m^2 ) */
(PID.TID 0000.0001)                 1.196656981524733E+10,      /* J =  1 */
(PID.TID 0000.0001)                 1.191073614548694E+10,      /* J =  2 */
(PID.TID 0000.0001)                 1.185127435011474E+10,      /* J =  3 */
(PID.TID 0000.0001)                 1.178820254176960E+10,      /* J =  4 */
(PID.TID 0000.0001)                 1.172153993273539E+10,      /* J =  5 */
(PID.TID 0000.0001)                 1.165130682908854E+10,      /* J =  6 */
(PID.TID 0000.0001)                 1.157752462451282E+10,      /* J =  7 */
(PID.TID 0000.0001)                 1.150021579378240E+10,      /* J =  8 */
(PID.TID 0000.0001)                 1.141940388591624E+10,      /* J =  9 */
(PID.TID 0000.0001)                 1.133511351700411E+10,      /* J = 10 */
(PID.TID 0000.0001)                 1.124737036270893E+10,      /* J = 11 */
(PID.TID 0000.0001)                 1.115620115044562E+10,      /* J = 12 */
(PID.TID 0000.0001)                 1.106163365123932E+10,      /* J = 13 */
(PID.TID 0000.0001)                 1.096369667126643E+10,      /* J = 14 */
(PID.TID 0000.0001)                 1.086242004307971E+10,      /* J = 15 */
(PID.TID 0000.0001)                 1.075783461652121E+10,      /* J = 16 */
(PID.TID 0000.0001)                 1.064997224932518E+10,      /* J = 17 */
(PID.TID 0000.0001)                 1.053886579741327E+10,      /* J = 18 */
(PID.TID 0000.0001)                 1.042454910488719E+10,      /* J = 19 */
(PID.TID 0000.0001)                 1.030705699371901E+10,      /* J = 20 */
(PID.TID 0000.0001)                 1.018642525314361E+10,      /* J = 21 */
(PID.TID 0000.0001)                 1.006269062875826E+10,      /* J = 22 */
(PID.TID 0000.0001)                 9.935890811327726E+09,      /* J = 23 */
(PID.TID 0000.0001)                 9.806064425305017E+09,      /* J = 24 */
(PID.TID 0000.0001)                 9.673251017064857E+09,      /* J = 25 */
(PID.TID 0000.0001)                 9.537491042857967E+09,      /* J = 26 */
(PID.TID 0000.0001)                 9.398825856487764E+09,      /* J = 27 */
(PID.TID 0000.0001)                 9.257297696713127E+09,      /* J = 28 */
(PID.TID 0000.0001)                 9.112949674382658E+09,      /* J = 29 */
(PID.TID 0000.0001)                 8.965825759302095E+09,      /* J = 30 */
(PID.TID 0000.0001)                 8.815970766841616E+09       /* J = 31 */
(PID.TID 0000.0001)     ;
(PID.TID 0000.0001) rAw =  /* rAw(:,1,:,1) ( units: m^2 ) */
(PID.TID 0000.0001)    31 @  1.196656981524733E+10              /* I =  1: 31 */
(PID.TID 0000.0001)     ;
(PID.TID 0000.0001) rAw =  /* rAw(1,:,1,:) ( units: m^2 ) */
(PID.TID 0000.0001)                 1.196656981524733E+10,      /* J =  1 */
(PID.TID 0000.0001)                 1.191073614548694E+10,      /* J =  2 */
(PID.TID 0000.0001)                 1.185127435011474E+10,      /* J =  3 */
(PID.TID 0000.0001)                 1.178820254176960E+10,      /* J =  4 */
(PID.TID 0000.0001)                 1.172153993273539E+10,      /* J =  5 */
(PID.TID 0000.0001)                 1.165130682908854E+10,      /* J =  6 */
(PID.TID 0000.0001)                 1.157752462451282E+10,      /* J =  7 */
(PID.TID 0000.0001)                 1.150021579378240E+10,      /* J =  8 */
(PID.TID 0000.0001)                 1.141940388591624E+10,      /* J =  9 */
(PID.TID 0000.0001)                 1.133511351700411E+10,      /* J = 10 */
(PID.TID 0000.0001)                 1.124737036270893E+10,      /* J = 11 */
(PID.TID 0000.0001)                 1.115620115044562E+10,      /* J = 12 */
(PID.TID 0000.0001)                 1.106163365123932E+10,      /* J = 13 */
(PID.TID 0000.0001)                 1.096369667126643E+10,      /* J = 14 */
(PID.TID 0000.0001)                 1.086242004307971E+10,      /* J = 15 */
(PID.TID 0000.0001)                 1.075783461652121E+10,      /* J = 16 */
(PID.TID 0000.0001)                 1.064997224932518E+10,      /* J = 17 */
(PID.TID 0000.0001)                 1.053886579741327E+10,      /* J = 18 */
(PID.TID 0000.0001)                 1.042454910488719E+10,      /* J = 19 */
(PID.TID 0000.0001)                 1.030705699371901E+10,      /* J = 20 */
(PID.TID 0000.0001)                 1.018642525314361E+10,      /* J = 21 */
(PID.TID 0000.0001)                 1.006269062875826E+10,      /* J = 22 */
(PID.TID 0000.0001)                 9.935890811327726E+09,      /* J = 23 */
(PID.TID 0000.0001)                 9.806064425305017E+09,      /* J = 24 */
(PID.TID 0000.0001)                 9.673251017064857E+09,      /* J = 25 */
(PID.TID 0000.0001)                 9.537491042857967E+09,      /* J = 26 */
(PID.TID 0000.0001)                 9.398825856487764E+09,      /* J = 27 */
(PID.TID 0000.0001)                 9.257297696713127E+09,      /* J = 28 */
(PID.TID 0000.0001)                 9.112949674382658E+09,      /* J = 29 */
(PID.TID 0000.0001)                 8.965825759302095E+09,      /* J = 30 */
(PID.TID 0000.0001)                 8.815970766841616E+09       /* J = 31 */
(PID.TID 0000.0001)     ;
(PID.TID 0000.0001) rAs =  /* rAs(:,1,:,1) ( units: m^2 ) */
(PID.TID 0000.0001)    31 @  1.199312074487231E+10              /* I =  1: 31 */
(PID.TID 0000.0001)     ;
(PID.TID 0000.0001) rAs =  /* rAs(1,:,1,:) ( units: m^2 ) */
(PID.TID 0000.0001)                 1.199312074487231E+10,      /* J =  1 */
(PID.TID 0000.0001)                 1.193910758500046E+10,      /* J =  2 */
(PID.TID 0000.0001)                 1.188145765730160E+10,      /* J =  3 */
(PID.TID 0000.0001)                 1.182018852250200E+10,      /* J =  4 */
(PID.TID 0000.0001)                 1.175531884377381E+10,      /* J =  5 */
(PID.TID 0000.0001)                 1.168686838104932E+10,      /* J =  6 */
(PID.TID 0000.0001)                 1.161485798500282E+10,      /* J =  7 */
(PID.TID 0000.0001)                 1.153930959069842E+10,      /* J =  8 */
(PID.TID 0000.0001)                 1.146024621090888E+10,      /* J =  9 */
(PID.TID 0000.0001)                 1.137769192910564E+10,      /* J = 10 */
(PID.TID 0000.0001)                 1.129167189212251E+10,      /* J = 11 */
(PID.TID 0000.0001)                 1.120221230249629E+10,      /* J = 12 */
(PID.TID 0000.0001)                 1.110934041048438E+10,      /* J = 13 */
(PID.TID 0000.0001)                 1.101308450576488E+10,      /* J = 14 */
(PID.TID 0000.0001)                 1.091347390881877E+10,      /* J = 15 */
(PID.TID 0000.0001)                 1.081053896199882E+10,      /* J = 16 */
(PID.TID 0000.0001)                 1.070431102028697E+10,      /* J = 17 */
(PID.TID 0000.0001)                 1.059482244174344E+10,      /* J = 18 */
(PID.TID 0000.0001)                 1.048210657764977E+10,      /* J = 19 */
(PID.TID 0000.0001)                 1.036619776235010E+10,      /* J = 20 */
(PID.TID 0000.0001)                 1.024713130279231E+10,      /* J = 21 */
(PID.TID 0000.0001)                 1.012494346777366E+10,      /* J = 22 */
(PID.TID 0000.0001)                 9.999671476892084E+09,      /* J = 23 */
(PID.TID 0000.0001)                 9.871353489209755E+09,      /* J = 24 */
(PID.TID 0000.0001)                 9.740028591628616E+09,      /* J = 25 */
(PID.TID 0000.0001)                 9.605736786984573E+09,      /* J = 26 */
(PID.TID 0000.0001)                 9.468518981862591E+09,      /* J = 27 */
(PID.TID 0000.0001)                 9.328416974134933E+09,      /* J = 28 */
(PID.TID 0000.0001)                 9.185473440230581E+09,      /* J = 29 */
(PID.TID 0000.0001)                 9.039731922134653E+09,      /* J = 30 */
(PID.TID 0000.0001)                 8.891236814125528E+09       /* J = 31 */
(PID.TID 0000.0001)     ;
(PID.TID 0000.0001) globalArea = /* Integrated horizontal Area (m^2) */
(PID.TID 0000.0001)                 3.004640278222630E+13
(PID.TID 0000.0001)     ;
(PID.TID 0000.0001) // =======================================================
(PID.TID 0000.0001) // End of Model config. summary
(PID.TID 0000.0001) // =======================================================
(PID.TID 0000.0001) 
(PID.TID 0000.0001) == Packages configuration : Check & print summary ==
(PID.TID 0000.0001) 
(PID.TID 0000.0001) CTRL_CHECK:  --> Starts to check CTRL set-up
(PID.TID 0000.0001) CTRL_CHECK:  <-- Ends Normally
(PID.TID 0000.0001) 
(PID.TID 0000.0001) COST_CHECK: #define ALLOW_COST
(PID.TID 0000.0001) GRDCHK_CHECK: grdchk package
(PID.TID 0000.0001) GAD_CHECK: #define ALLOW_GENERIC_ADVDIFF
(PID.TID 0000.0001) // =======================================================
(PID.TID 0000.0001) // Check Model config. (CONFIG_CHECK):
(PID.TID 0000.0001) // CONFIG_CHECK : Normal End
(PID.TID 0000.0001) // =======================================================
(PID.TID 0000.0001) 
(PID.TID 0000.0001)  nRecords = 108 ; filePrec =  64 ; fileIter =   3111120
(PID.TID 0000.0001)     nDims =   2 , dims:
(PID.TID 0000.0001)    1:  62   1  62
(PID.TID 0000.0001)    2:  62   1  62
(PID.TID 0000.0001)     nFlds =  10 , nFl3D =   7 , fields:
(PID.TID 0000.0001)  >Uvel    < >Vvel    < >Theta   < >Salt    < >GuNm1   < >GvNm1   < >GtNm1   < >EtaN    < >dEtaHdt < >EtaH    <
(PID.TID 0000.0001) missingVal=  1.00000000000000E+00 ; nTimRec =   1 , timeList:
(PID.TID 0000.0001)   3.733344000000E+09
(PID.TID 0000.0001) READ_MFLDS_3D_RL: read field: "Uvel    ", #   1 in fldList, rec=   1
(PID.TID 0000.0001) READ_MFLDS_3D_RL: read field: "Vvel    ", #   2 in fldList, rec=   2
(PID.TID 0000.0001) READ_MFLDS_3D_RL: read field: "Theta   ", #   3 in fldList, rec=   3
(PID.TID 0000.0001) READ_MFLDS_3D_RL: read field: "Salt    ", #   4 in fldList, rec=   4
(PID.TID 0000.0001) READ_MFLDS_3D_RL: read field: "GuNm1   ", #   5 in fldList, rec=   5
(PID.TID 0000.0001) READ_MFLDS_3D_RL: read field: "GvNm1   ", #   6 in fldList, rec=   6
(PID.TID 0000.0001) READ_MFLDS_3D_RL: read field: "GtNm1   ", #   7 in fldList, rec=   7
(PID.TID 0000.0001) READ_MFLDS_3D_RL: read field: "EtaN    ", #   8 in fldList, rec= 106
(PID.TID 0000.0001) READ_MFLDS_3D_RL: read field: "dEtaHdt ", #   9 in fldList, rec= 107
(PID.TID 0000.0001) READ_MFLDS_CHECK: - normal end ; reset MFLDS file-name: pickup.0003111120
(PID.TID 0000.0001) // =======================================================
(PID.TID 0000.0001) // Model current state
(PID.TID 0000.0001) // =======================================================
(PID.TID 0000.0001) 
(PID.TID 0000.0001) whio : write lev 3 rec   1
(PID.TID 0000.0001) SOLVE_FOR_PRESSURE: putPmEinXvector =    F
 cg2d: Sum(rhs),rhsMax =   8.52651282912120E-13  1.99900718163814E+00
 cg2d: Sum(rhs),rhsMax =   7.81597009336110E-13  1.99891722427463E+00
 cg2d: Sum(rhs),rhsMax =   1.50635059981141E-12  1.99882649286104E+00
 cg2d: Sum(rhs),rhsMax =   5.82645043323282E-13  1.99873498159962E+00
 cg2d: Sum(rhs),rhsMax =   9.37916411203332E-13  1.99864269010628E+00
 cg2d: Sum(rhs),rhsMax =   3.26849658449646E-13  1.99854961876264E+00
 cg2d: Sum(rhs),rhsMax =   4.54747350886464E-13  1.99845576788955E+00
 cg2d: Sum(rhs),rhsMax =   5.25801624462474E-13  1.99836113784468E+00
 cg2d: Sum(rhs),rhsMax =   3.41060513164848E-13  1.99826572897853E+00
 cg2d: Sum(rhs),rhsMax =   9.37916411203332E-13  1.99816954154800E+00
 cg2d: Sum(rhs),rhsMax =   3.69482222595252E-13  1.99807257570752E+00
 cg2d: Sum(rhs),rhsMax =   9.37916411203332E-13  1.99797483157076E+00
 cg2d: Sum(rhs),rhsMax =   4.97379915032070E-13  1.99787630928802E+00
 cg2d: Sum(rhs),rhsMax =   8.52651282912120E-13  1.99777700909586E+00
 cg2d: Sum(rhs),rhsMax =   8.24229573481716E-13  1.99767693132623E+00
 cg2d: Sum(rhs),rhsMax =   5.68434188608080E-13  1.99757607638737E+00
 cg2d: Sum(rhs),rhsMax =   7.10542735760100E-13  1.99747444473723E+00
 cg2d: Sum(rhs),rhsMax =   8.81072992342524E-13  1.99737203686449E+00
 cg2d: Sum(rhs),rhsMax =   6.25277607468888E-13  1.99726885328106E+00
 cg2d: Sum(rhs),rhsMax =   7.81597009336110E-13  1.99716489452377E+00
 cg2d: Sum(rhs),rhsMax =   3.12638803734444E-13  1.99706016115903E+00
 cg2d: Sum(rhs),rhsMax =   3.83693077310454E-13  1.99695465378713E+00
 cg2d: Sum(rhs),rhsMax =   5.68434188608080E-13  1.99684837304370E+00
 cg2d: Sum(rhs),rhsMax =   4.26325641456060E-13  1.99674131959909E+00
 cg2d: Sum(rhs),rhsMax =   3.83693077310454E-13  1.99663349415570E+00
 cg2d: Sum(rhs),rhsMax =   5.40012479177676E-13  1.99652489744398E+00
 cg2d: Sum(rhs),rhsMax =   5.68434188608080E-13  1.99641553021776E+00
 cg2d: Sum(rhs),rhsMax =   7.67386154620908E-13  1.99630539324887E+00
 cg2d: Sum(rhs),rhsMax =   1.26476606965298E-12  1.99619448732192E+00
 cg2d: Sum(rhs),rhsMax =   3.26849658449646E-13  1.99608281322969E+00
 cg2d: Sum(rhs),rhsMax =  -2.41584530158434E-13  1.99597037176933E+00
 cg2d: Sum(rhs),rhsMax =   6.82121026329696E-13  1.99585716374004E+00
 cg2d: Sum(rhs),rhsMax =   7.38964445190504E-13  1.99574318994199E+00
 cg2d: Sum(rhs),rhsMax =   4.83169060316868E-13  1.99562845117595E+00
 cg2d: Sum(rhs),rhsMax =   8.52651282912120E-13  1.99551294824340E+00
 cg2d: Sum(rhs),rhsMax =   5.54223333892878E-13  1.99539668194636E+00
 cg2d: Sum(rhs),rhsMax =   7.81597009336110E-13  1.99527965308675E+00
 cg2d: Sum(rhs),rhsMax =   8.66862137627322E-13  1.99516186246490E+00
 cg2d: Sum(rhs),rhsMax =   6.39488462184090E-13  1.99504331087728E+00
 cg2d: Sum(rhs),rhsMax =   7.10542735760100E-14  1.99492399911349E+00
 cg2d: Sum(rhs),rhsMax =   1.70530256582424E-13  1.99480392795287E+00
 cg2d: Sum(rhs),rhsMax =   7.38964445190504E-13  1.99468309816143E+00
 cg2d: Sum(rhs),rhsMax =   9.80548975348938E-13  1.99456151048905E+00
 cg2d: Sum(rhs),rhsMax =   8.52651282912120E-13  1.99443916566721E+00
 cg2d: Sum(rhs),rhsMax =   1.12265752250096E-12  1.99431606440727E+00
 cg2d: Sum(rhs),rhsMax =   6.11066752753686E-13  1.99419220739920E+00
 cg2d: Sum(rhs),rhsMax =   6.82121026329696E-13  1.99406759531059E+00
 cg2d: Sum(rhs),rhsMax =   4.40536496171262E-13  1.99394222878600E+00
 cg2d: Sum(rhs),rhsMax =   5.11590769747272E-13  1.99381610844648E+00
 cg2d: Sum(rhs),rhsMax =   6.25277607468888E-13  1.99368923488917E+00
 cg2d: Sum(rhs),rhsMax =   1.06581410364015E-12  1.99356160868705E+00
 cg2d: Sum(rhs),rhsMax =   6.53699316899292E-13  1.99343323038886E+00
 cg2d: Sum(rhs),rhsMax =   5.11590769747272E-13  1.99330410051913E+00
 cg2d: Sum(rhs),rhsMax =   8.10018718766514E-13  1.99317421957839E+00
 cg2d: Sum(rhs),rhsMax =   7.38964445190504E-13  1.99304358804364E+00
 cg2d: Sum(rhs),rhsMax =   1.06581410364015E-12  1.99291220636902E+00
 cg2d: Sum(rhs),rhsMax =   4.97379915032070E-13  1.99278007498672E+00
 cg2d: Sum(rhs),rhsMax =   7.95807864051312E-13  1.99264719430797E+00
 cg2d: Sum(rhs),rhsMax =   7.24753590475302E-13  1.99251356472431E+00
 cg2d: Sum(rhs),rhsMax =   5.40012479177676E-13  1.99237918660897E+00
 cg2d: Sum(rhs),rhsMax =   5.96855898038484E-13  1.99224406031819E+00
 cg2d: Sum(rhs),rhsMax =   1.00897068477934E-12  1.99210818619292E+00
 cg2d: Sum(rhs),rhsMax =   7.95807864051312E-13  1.99197156456023E+00
 cg2d: Sum(rhs),rhsMax =   8.10018718766514E-13  1.99183419573504E+00
 cg2d: Sum(rhs),rhsMax =   4.54747350886464E-13  1.99169608002185E+00
 cg2d: Sum(rhs),rhsMax =   4.83169060316868E-13  1.99155721771640E+00
 cg2d: Sum(rhs),rhsMax =   6.96331881044898E-13  1.99141760910769E+00
 cg2d: Sum(rhs),rhsMax =   2.41584530158434E-13  1.99127725447975E+00
 cg2d: Sum(rhs),rhsMax =   6.39488462184090E-13  1.99113615411376E+00
 cg2d: Sum(rhs),rhsMax =   7.10542735760100E-13  1.99099430829005E+00
 cg2d: Sum(rhs),rhsMax =   8.24229573481716E-13  1.99085171729027E+00
 cg2d: Sum(rhs),rhsMax =   3.26849658449646E-13  1.99070838139951E+00
 cg2d: Sum(rhs),rhsMax =   1.05160324892495E-12  1.99056430090849E+00
 cg2d: Sum(rhs),rhsMax =   5.68434188608080E-13  1.99041947611577E+00
 cg2d: Sum(rhs),rhsMax =   2.55795384873636E-13  1.99027390732974E+00
 cg2d: Sum(rhs),rhsMax =   5.96855898038484E-13  1.99012759487094E+00
 cg2d: Sum(rhs),rhsMax =   3.26849658449646E-13  1.98998053907398E+00
 cg2d: Sum(rhs),rhsMax =   5.40012479177676E-13  1.98983274028953E+00
 cg2d: Sum(rhs),rhsMax =   8.81072992342524E-13  1.98968419888621E+00
 cg2d: Sum(rhs),rhsMax =   4.68958205601666E-13  1.98953491525243E+00
 cg2d: Sum(rhs),rhsMax =   3.97903932025656E-13  1.98938488979809E+00
 cg2d: Sum(rhs),rhsMax =   1.12265752250096E-12  1.98923412295613E+00
 cg2d: Sum(rhs),rhsMax =   4.97379915032070E-13  1.98908261518407E+00
 cg2d: Sum(rhs),rhsMax =   1.03739239420975E-12  1.98893036696536E+00
 cg2d: Sum(rhs),rhsMax =   3.97903932025656E-13  1.98877737881065E+00
 cg2d: Sum(rhs),rhsMax =   4.54747350886464E-13  1.98862365125883E+00
 cg2d: Sum(rhs),rhsMax =   7.95807864051312E-13  1.98846918487815E+00
 cg2d: Sum(rhs),rhsMax =   9.66338120633736E-13  1.98831398026689E+00
 cg2d: Sum(rhs),rhsMax =   9.23705556488130E-13  1.98815803805426E+00
 cg2d: Sum(rhs),rhsMax =   9.23705556488130E-13  1.98800135890080E+00
 cg2d: Sum(rhs),rhsMax =   2.27373675443232E-13  1.98784394349884E+00
 cg2d: Sum(rhs),rhsMax =   9.80548975348938E-13  1.98768579257287E+00
 cg2d: Sum(rhs),rhsMax =   4.40536496171262E-13  1.98752690687945E+00
 cg2d: Sum(rhs),rhsMax =   8.10018718766514E-13  1.98736728720735E+00
 cg2d: Sum(rhs),rhsMax =   2.27373675443232E-13  1.98720693437723E+00
 cg2d: Sum(rhs),rhsMax =   6.96331881044898E-13  1.98704584924140E+00
 cg2d: Sum(rhs),rhsMax =   7.67386154620908E-13  1.98688403268324E+00
 cg2d: Sum(rhs),rhsMax =   1.98951966012828E-13  1.98672148561659E+00
 cg2d: Sum(rhs),rhsMax =   5.40012479177676E-13  1.98655820898490E+00
 cg2d: Sum(rhs),rhsMax =   6.67910171614494E-13  1.98639420376027E+00
 cg2d: Sum(rhs),rhsMax =   4.40536496171262E-13  1.98622947094271E+00
 cg2d: Sum(rhs),rhsMax =   8.52651282912120E-13  1.98606401155908E+00
 cg2d: Sum(rhs),rhsMax =   4.54747350886464E-13  1.98589782666181E+00
 cg2d: Sum(rhs),rhsMax =   1.05160324892495E-12  1.98573091732729E+00
 cg2d: Sum(rhs),rhsMax =   2.98427949019242E-13  1.98556328465445E+00
 cg2d: Sum(rhs),rhsMax =   7.53175299905706E-13  1.98539492976335E+00
 cg2d: Sum(rhs),rhsMax =   7.81597009336110E-13  1.98522585379359E+00
 cg2d: Sum(rhs),rhsMax =   5.96855898038484E-13  1.98505605790274E+00
 cg2d: Sum(rhs),rhsMax =   5.82645043323282E-13  1.98488554326477E+00
 cg2d: Sum(rhs),rhsMax =   6.39488462184090E-13  1.98471431106829E+00
 cg2d: Sum(rhs),rhsMax =   4.68958205601666E-13  1.98454236251496E+00
 cg2d: Sum(rhs),rhsMax =   1.70530256582424E-13  1.98436969881764E+00
 cg2d: Sum(rhs),rhsMax =   9.23705556488130E-13  1.98419632119872E+00
 cg2d: Sum(rhs),rhsMax =   6.67910171614494E-13  1.98402223088842E+00
 cg2d: Sum(rhs),rhsMax =   2.27373675443232E-13  1.98384742912312E+00
 cg2d: Sum(rhs),rhsMax =   4.97379915032070E-13  1.98367191714351E+00
 cg2d: Sum(rhs),rhsMax =   7.10542735760100E-13  1.98349569619308E+00
 cg2d: Sum(rhs),rhsMax =   8.52651282912120E-13  1.98331876751651E+00
 cg2d: Sum(rhs),rhsMax =   8.81072992342524E-13  1.98314113235799E+00
 cg2d: Sum(rhs),rhsMax =   8.52651282912120E-13  1.98296279195984E+00
 cg2d: Sum(rhs),rhsMax =   1.02318153949454E-12  1.98278374756094E+00
 cg2d: Sum(rhs),rhsMax =   6.53699316899292E-13  1.98260400039550E+00
 cg2d: Sum(rhs),rhsMax =   4.68958205601666E-13  1.98242355169166E+00
 cg2d: Sum(rhs),rhsMax =   4.83169060316868E-13  1.98224240267025E+00
 cg2d: Sum(rhs),rhsMax =   7.38964445190504E-13  1.98206055454376E+00
 cg2d: Sum(rhs),rhsMax =   8.95283847057726E-13  1.98187800851551E+00
 cg2d: Sum(rhs),rhsMax =   7.67386154620908E-13  1.98169476577865E+00
 cg2d: Sum(rhs),rhsMax =   1.02318153949454E-12  1.98151082751545E+00
 cg2d: Sum(rhs),rhsMax =   5.40012479177676E-13  1.98132619489648E+00
 cg2d: Sum(rhs),rhsMax =   5.40012479177676E-13  1.98114086908013E+00
 cg2d: Sum(rhs),rhsMax =   6.53699316899292E-13  1.98095485121213E+00
 cg2d: Sum(rhs),rhsMax =   8.81072992342524E-13  1.98076814242527E+00
 cg2d: Sum(rhs),rhsMax =   5.11590769747272E-13  1.98058074383928E+00
 cg2d: Sum(rhs),rhsMax =   2.13162820728030E-13  1.98039265656073E+00
 cg2d: Sum(rhs),rhsMax =   4.97379915032070E-13  1.98020388168304E+00
 cg2d: Sum(rhs),rhsMax =   8.52651282912120E-13  1.98001442028673E+00
 cg2d: Sum(rhs),rhsMax =   7.38964445190504E-13  1.97982427343966E+00
 cg2d: Sum(rhs),rhsMax =   7.53175299905706E-13  1.97963344219734E+00
 cg2d: Sum(rhs),rhsMax =   3.55271367880050E-13  1.97944192760356E+00
 cg2d: Sum(rhs),rhsMax =   3.97903932025656E-13  1.97924973069082E+00
 cg2d: Sum(rhs),rhsMax =   7.53175299905706E-13  1.97905685248117E+00
 cg2d: Sum(rhs),rhsMax =   7.53175299905706E-13  1.97886329398688E+00
 cg2d: Sum(rhs),rhsMax =   6.11066752753686E-13  1.97866905621136E+00
 cg2d: Sum(rhs),rhsMax =   6.53699316899292E-13  1.97847414015006E+00
 cg2d: Sum(rhs),rhsMax =   5.25801624462474E-13  1.97827854679158E+00
 cg2d: Sum(rhs),rhsMax =   2.13162820728030E-13  1.97808227711866E+00
 cg2d: Sum(rhs),rhsMax =   3.97903932025656E-13  1.97788533210936E+00
 cg2d: Sum(rhs),rhsMax =   4.83169060316868E-13  1.97768771273827E+00
 cg2d: Sum(rhs),rhsMax =   5.68434188608080E-13  1.97748941997780E+00
 cg2d: Sum(rhs),rhsMax =   8.52651282912120E-13  1.97729045479931E+00
 cg2d: Sum(rhs),rhsMax =   5.25801624462474E-13  1.97709081817457E+00
 cg2d: Sum(rhs),rhsMax =   5.11590769747272E-13  1.97689051107700E+00
 cg2d: Sum(rhs),rhsMax =   7.24753590475302E-13  1.97668953448292E+00
 cg2d: Sum(rhs),rhsMax =   4.83169060316868E-13  1.97648788937311E+00
 cg2d: Sum(rhs),rhsMax =   4.26325641456060E-13  1.97628557673392E+00
 cg2d: Sum(rhs),rhsMax =   8.38440428196918E-13  1.97608259755867E+00
 cg2d: Sum(rhs),rhsMax =   7.38964445190504E-13  1.97587895284890E+00
 cg2d: Sum(rhs),rhsMax =   4.40536496171262E-13  1.97567464361575E+00
 cg2d: Sum(rhs),rhsMax =   5.40012479177676E-13  1.97546967088098E+00
 cg2d: Sum(rhs),rhsMax =   7.67386154620908E-13  1.97526403567837E+00
 cg2d: Sum(rhs),rhsMax =   4.83169060316868E-13  1.97505773905462E+00
 cg2d: Sum(rhs),rhsMax =   8.24229573481716E-13  1.97485078207062E+00
 cg2d: Sum(rhs),rhsMax =   4.40536496171262E-13  1.97464316580237E+00
 cg2d: Sum(rhs),rhsMax =   5.11590769747272E-13  1.97443489134190E+00
 cg2d: Sum(rhs),rhsMax =   7.38964445190504E-13  1.97422595979816E+00
 cg2d: Sum(rhs),rhsMax =   7.81597009336110E-13  1.97401637229787E+00
 cg2d: Sum(rhs),rhsMax =   5.40012479177676E-13  1.97380612998610E+00
 cg2d: Sum(rhs),rhsMax =   3.83693077310454E-13  1.97359523402704E+00
 cg2d: Sum(rhs),rhsMax =   6.82121026329696E-13  1.97338368560446E+00
 cg2d: Sum(rhs),rhsMax =   6.82121026329696E-13  1.97317148592217E+00
 cg2d: Sum(rhs),rhsMax =   4.40536496171262E-13  1.97295863620440E+00
 cg2d: Sum(rhs),rhsMax =   6.39488462184090E-13  1.97274513769602E+00
 cg2d: Sum(rhs),rhsMax =   4.97379915032070E-13  1.97253099166276E+00
 cg2d: Sum(rhs),rhsMax =   5.40012479177676E-13  1.97231619939129E+00
 cg2d: Sum(rhs),rhsMax =   9.94759830064140E-13  1.97210076218916E+00
 cg2d: Sum(rhs),rhsMax =   5.54223333892878E-13  1.97188468138468E+00
 cg2d: Sum(rhs),rhsMax =   5.40012479177676E-13  1.97166795832684E+00
 cg2d: Sum(rhs),rhsMax =   2.41584530158434E-13  1.97145059438484E+00
 cg2d: Sum(rhs),rhsMax =   2.13162820728030E-13  1.97123259094787E+00
 cg2d: Sum(rhs),rhsMax =   3.83693077310454E-13  1.97101394942454E+00
 cg2d: Sum(rhs),rhsMax =   7.38964445190504E-13  1.97079467124240E+00
 cg2d: Sum(rhs),rhsMax =   4.97379915032070E-13  1.97057475784731E+00
 cg2d: Sum(rhs),rhsMax =   5.68434188608080E-13  1.97035421070274E+00
 cg2d: Sum(rhs),rhsMax =   3.26849658449646E-13  1.97013303128896E+00
 cg2d: Sum(rhs),rhsMax =   9.52127265918534E-13  1.96991122110236E+00
 cg2d: Sum(rhs),rhsMax =   9.23705556488130E-13  1.96968878165438E+00
 cg2d: Sum(rhs),rhsMax =   9.94759830064140E-14  1.96946571447079E+00
 cg2d: Sum(rhs),rhsMax =   8.10018718766514E-13  1.96924202109055E+00
 cg2d: Sum(rhs),rhsMax =   5.40012479177676E-13  1.96901770306481E+00
 cg2d: Sum(rhs),rhsMax =   5.96855898038484E-13  1.96879276195601E+00
 cg2d: Sum(rhs),rhsMax =   6.82121026329696E-13  1.96856719933661E+00
 cg2d: Sum(rhs),rhsMax =   1.19371179607697E-12  1.96834101678808E+00
 cg2d: Sum(rhs),rhsMax =   4.12114786740858E-13  1.96811421589974E+00
 cg2d: Sum(rhs),rhsMax =   5.25801624462474E-13  1.96788679826769E+00
 cg2d: Sum(rhs),rhsMax =   8.24229573481716E-13  1.96765876549382E+00
 cg2d: Sum(rhs),rhsMax =   3.12638803734444E-13  1.96743011918473E+00
 cg2d: Sum(rhs),rhsMax =   4.40536496171262E-13  1.96720086095064E+00
 cg2d: Sum(rhs),rhsMax =   8.81072992342524E-13  1.96697099240417E+00
 cg2d: Sum(rhs),rhsMax =   6.67910171614494E-13  1.96674051515921E+00
 cg2d: Sum(rhs),rhsMax =   9.09494701772928E-13  1.96650943082984E+00
 cg2d: Sum(rhs),rhsMax =   6.53699316899292E-13  1.96627774102937E+00
 cg2d: Sum(rhs),rhsMax =   4.54747350886464E-13  1.96604544736946E+00
 cg2d: Sum(rhs),rhsMax =   6.39488462184090E-13  1.96581255145918E+00
 cg2d: Sum(rhs),rhsMax =   1.00897068477934E-12  1.96557905490431E+00
 cg2d: Sum(rhs),rhsMax =   6.53699316899292E-13  1.96534495930641E+00
 cg2d: Sum(rhs),rhsMax =   2.84217094304040E-13  1.96511026626221E+00
 cg2d: Sum(rhs),rhsMax =   5.96855898038484E-13  1.96487497736279E+00
 cg2d: Sum(rhs),rhsMax =   8.66862137627322E-13  1.96463909419305E+00
 cg2d: Sum(rhs),rhsMax =   1.15107923193136E-12  1.96440261833110E+00
 cg2d: Sum(rhs),rhsMax =   9.52127265918534E-13  1.96416555134775E+00
 cg2d: Sum(rhs),rhsMax =   2.55795384873636E-13  1.96392789480618E+00
 cg2d: Sum(rhs),rhsMax =   3.83693077310454E-13  1.96368965026149E+00
 cg2d: Sum(rhs),rhsMax =   3.83693077310454E-13  1.96345081926057E+00
 cg2d: Sum(rhs),rhsMax =   6.96331881044898E-13  1.96321140334176E+00
 cg2d: Sum(rhs),rhsMax =   5.11590769747272E-13  1.96297140403481E+00
 cg2d: Sum(rhs),rhsMax =   8.95283847057726E-13  1.96273082286086E+00
 cg2d: Sum(rhs),rhsMax =   7.24753590475302E-13  1.96248966133242E+00
 cg2d: Sum(rhs),rhsMax =   1.08002495835535E-12  1.96224792095346E+00
 cg2d: Sum(rhs),rhsMax =   7.67386154620908E-13  1.96200560321962E+00
 cg2d: Sum(rhs),rhsMax =   1.00897068477934E-12  1.96176270961842E+00
 cg2d: Sum(rhs),rhsMax =   3.69482222595252E-13  1.96151924162961E+00
 cg2d: Sum(rhs),rhsMax =   1.13686837721616E-12  1.96127520072553E+00
 cg2d: Sum(rhs),rhsMax =   5.40012479177676E-13  1.96103058837147E+00
 cg2d: Sum(rhs),rhsMax =   5.25801624462474E-13  1.96078540602631E+00
 cg2d: Sum(rhs),rhsMax =   5.82645043323282E-13  1.96053965514300E+00
 cg2d: Sum(rhs),rhsMax =   3.41060513164848E-13  1.96029333716912E+00
 cg2d: Sum(rhs),rhsMax =   7.24753590475302E-13  1.96004645354762E+00
 cg2d: Sum(rhs),rhsMax =   7.10542735760100E-13  1.95979900571744E+00
 cg2d: Sum(rhs),rhsMax =   1.36424205265939E-12  1.95955099511424E+00
 cg2d: Sum(rhs),rhsMax =   8.52651282912120E-13  1.95930242317123E+00
 cg2d: Sum(rhs),rhsMax =   8.24229573481716E-13  1.95905329131984E+00
 cg2d: Sum(rhs),rhsMax =   6.53699316899292E-13  1.95880360099056E+00
 cg2d: Sum(rhs),rhsMax =   4.54747350886464E-13  1.95855335361380E+00
 cg2d: Sum(rhs),rhsMax =   3.69482222595252E-13  1.95830255062066E+00
 cg2d: Sum(rhs),rhsMax =   5.82645043323282E-13  1.95805119344379E+00
 cg2d: Sum(rhs),rhsMax =   7.10542735760100E-13  1.95779928351826E+00
 cg2d: Sum(rhs),rhsMax =   7.67386154620908E-13  1.95754682228241E+00
 cg2d: Sum(rhs),rhsMax =   3.41060513164848E-13  1.95729381117865E+00
 cg2d: Sum(rhs),rhsMax =   7.67386154620908E-13  1.95704025165433E+00
 cg2d: Sum(rhs),rhsMax =   4.40536496171262E-13  1.95678614516253E+00
 cg2d: Sum(rhs),rhsMax =   4.12114786740858E-13  1.95653149316289E+00
 cg2d: Sum(rhs),rhsMax =   6.25277607468888E-13  1.95627629712234E+00
 cg2d: Sum(rhs),rhsMax =   3.26849658449646E-13  1.95602055851583E+00
 cg2d: Sum(rhs),rhsMax =   3.26849658449646E-13  1.95576427882672E+00
 cg2d: Sum(rhs),rhsMax =   4.97379915032070E-13  1.95550745954742E+00
 cg2d: Sum(rhs),rhsMax =   4.40536496171262E-13  1.95525010218045E+00
 cg2d: Sum(rhs),rhsMax =   6.25277607468888E-13  1.95499220823937E+00
 cg2d: Sum(rhs),rhsMax =   9.09494701772928E-13  1.95473377924937E+00
 cg2d: Sum(rhs),rhsMax =   5.54223333892878E-13  1.95447481674723E+00
 cg2d: Sum(rhs),rhsMax =   7.38964445190504E-13  1.95421532228136E+00
 cg2d: Sum(rhs),rhsMax =   5.68434188608080E-13  1.95395529741213E+00
 cg2d: Sum(rhs),rhsMax =   1.20792265079217E-12  1.95369474371237E+00
 cg2d: Sum(rhs),rhsMax =   6.67910171614494E-13  1.95343366276768E+00
 cg2d: Sum(rhs),rhsMax =   4.54747350886464E-13  1.95317205617682E+00
 cg2d: Sum(rhs),rhsMax =   5.54223333892878E-13  1.95290992555179E+00
 cg2d: Sum(rhs),rhsMax =   7.10542735760100E-13  1.95264727251788E+00
 cg2d: Sum(rhs),rhsMax =   5.25801624462474E-13  1.95238409871382E+00
 cg2d: Sum(rhs),rhsMax =   9.94759830064140E-14  1.95212040579161E+00
 cg2d: Sum(rhs),rhsMax =   6.11066752753686E-13  1.95185619541651E+00
 cg2d: Sum(rhs),rhsMax =   3.41060513164848E-13  1.95159146926691E+00
 cg2d: Sum(rhs),rhsMax =   7.67386154620908E-13  1.95132622903414E+00
 cg2d: Sum(rhs),rhsMax =   9.94759830064140E-14  1.95106047642222E+00
 cg2d: Sum(rhs),rhsMax =   3.97903932025656E-13  1.95079421314756E+00
 cg2d: Sum(rhs),rhsMax =   8.24229573481716E-13  1.95052744093867E+00
 cg2d: Sum(rhs),rhsMax =   8.38440428196918E-13  1.95026016153578E+00
 cg2d: Sum(rhs),rhsMax =   6.25277607468888E-13  1.94999237669033E+00
 cg2d: Sum(rhs),rhsMax =   4.12114786740858E-13  1.94972408816461E+00
 cg2d: Sum(rhs),rhsMax =   6.25277607468888E-13  1.94945529773121E+00
 cg2d: Sum(rhs),rhsMax =   8.66862137627322E-13  1.94918600717248E+00
 cg2d: Sum(rhs),rhsMax =   7.38964445190504E-13  1.94891621827997E+00
 cg2d: Sum(rhs),rhsMax =   6.96331881044898E-13  1.94864593285385E+00
 cg2d: Sum(rhs),rhsMax =   4.83169060316868E-13  1.94837515270227E+00
 cg2d: Sum(rhs),rhsMax =   7.24753590475302E-13  1.94810387964077E+00
 cg2d: Sum(rhs),rhsMax =   6.53699316899292E-13  1.94783211549159E+00
 cg2d: Sum(rhs),rhsMax =   3.97903932025656E-13  1.94755986208303E+00
 cg2d: Sum(rhs),rhsMax =   6.11066752753686E-13  1.94728712124878E+00
 cg2d: Sum(rhs),rhsMax =   1.09423581307055E-12  1.94701389482735E+00
 cg2d: Sum(rhs),rhsMax =   1.23634436022257E-12  1.94674018466117E+00
 cg2d: Sum(rhs),rhsMax =   8.24229573481716E-13  1.94646599259623E+00
 cg2d: Sum(rhs),rhsMax =   5.68434188608080E-13  1.94619132048125E+00
 cg2d: Sum(rhs),rhsMax =   7.67386154620908E-13  1.94591617016705E+00
 cg2d: Sum(rhs),rhsMax =   4.97379915032070E-13  1.94564054350604E+00
 cg2d: Sum(rhs),rhsMax =   6.96331881044898E-13  1.94536444235150E+00
 cg2d: Sum(rhs),rhsMax =   1.10844666778576E-12  1.94508786855703E+00
 cg2d: Sum(rhs),rhsMax =   3.83693077310454E-13  1.94481082397608E+00
 cg2d: Sum(rhs),rhsMax =   1.42108547152020E-14  1.94453331046125E+00
 cg2d: Sum(rhs),rhsMax =   7.24753590475302E-13  1.94425532986402E+00
 cg2d: Sum(rhs),rhsMax =   6.96331881044898E-13  1.94397688403403E+00
 cg2d: Sum(rhs),rhsMax =   9.09494701772928E-13  1.94369797481884E+00
 cg2d: Sum(rhs),rhsMax =   5.82645043323282E-13  1.94341860406343E+00
 cg2d: Sum(rhs),rhsMax =   7.95807864051312E-13  1.94313877360991E+00
 cg2d: Sum(rhs),rhsMax =   7.53175299905706E-13  1.94285848529712E+00
 cg2d: Sum(rhs),rhsMax =   6.53699316899292E-13  1.94257774096040E+00
 cg2d: Sum(rhs),rhsMax =   7.38964445190504E-13  1.94229654243137E+00
 cg2d: Sum(rhs),rhsMax =   8.81072992342524E-13  1.94201489153768E+00
 cg2d: Sum(rhs),rhsMax =   7.24753590475302E-13  1.94173279010287E+00
 cg2d: Sum(rhs),rhsMax =   6.67910171614494E-13  1.94145023994629E+00
 cg2d: Sum(rhs),rhsMax =   8.81072992342524E-13  1.94116724288296E+00
 cg2d: Sum(rhs),rhsMax =   1.42108547152020E-14  1.94088380072361E+00
 cg2d: Sum(rhs),rhsMax =   8.95283847057726E-13  1.94059991527469E+00
 cg2d: Sum(rhs),rhsMax =   7.10542735760100E-13  1.94031558833834E+00
 cg2d: Sum(rhs),rhsMax =   4.97379915032070E-13  1.94003082171255E+00
 cg2d: Sum(rhs),rhsMax =   6.11066752753686E-13  1.93974561719131E+00
 cg2d: Sum(rhs),rhsMax =   5.96855898038484E-13  1.93945997656475E+00
 cg2d: Sum(rhs),rhsMax =   6.53699316899292E-13  1.93917390161931E+00
 cg2d: Sum(rhs),rhsMax =   7.53175299905706E-13  1.93888739413803E+00
 cg2d: Sum(rhs),rhsMax =   8.10018718766514E-13  1.93860045590081E+00
 cg2d: Sum(rhs),rhsMax =   4.12114786740858E-13  1.93831308868469E+00
 cg2d: Sum(rhs),rhsMax =   6.96331881044898E-13  1.93802529426420E+00
 cg2d: Sum(rhs),rhsMax =   5.25801624462474E-13  1.93773707441167E+00
 cg2d: Sum(rhs),rhsMax =   3.55271367880050E-13  1.93744843089765E+00
 cg2d: Sum(rhs),rhsMax =   5.40012479177676E-13  1.93715936549131E+00
 cg2d: Sum(rhs),rhsMax =   9.66338120633736E-13  1.93686987996079E+00
 cg2d: Sum(rhs),rhsMax =   5.54223333892878E-13  1.93657997607369E+00
 cg2d: Sum(rhs),rhsMax =   1.02318153949454E-12  1.93628965559743E+00
 cg2d: Sum(rhs),rhsMax =   5.96855898038484E-13  1.93599892029981E+00
 cg2d: Sum(rhs),rhsMax =  -4.26325641456060E-14  1.93570777194933E+00
 cg2d: Sum(rhs),rhsMax =   3.83693077310454E-13  1.93541621231575E+00
 cg2d: Sum(rhs),rhsMax =   7.95807864051312E-13  1.93512424317045E+00
 cg2d: Sum(rhs),rhsMax =   2.84217094304040E-13  1.93483186628695E+00
 cg2d: Sum(rhs),rhsMax =   4.54747350886464E-13  1.93453908344132E+00
 cg2d: Sum(rhs),rhsMax =   6.25277607468888E-13  1.93424589641266E+00
 cg2d: Sum(rhs),rhsMax =   7.10542735760100E-13  1.93395230698345E+00
 cg2d: Sum(rhs),rhsMax =   9.37916411203332E-13  1.93365831694005E+00
 cg2d: Sum(rhs),rhsMax =   1.05160324892495E-12  1.93336392807306E+00
 cg2d: Sum(rhs),rhsMax =   9.80548975348938E-13  1.93306914217767E+00
 cg2d: Sum(rhs),rhsMax =   7.38964445190504E-13  1.93277396105408E+00
 cg2d: Sum(rhs),rhsMax =   4.68958205601666E-13  1.93247838650781E+00
 cg2d: Sum(rhs),rhsMax =   7.95807864051312E-13  1.93218242035007E+00
 cg2d: Sum(rhs),rhsMax =   2.13162820728030E-13  1.93188606439799E+00
 cg2d: Sum(rhs),rhsMax =   7.24753590475302E-13  1.93158932047489E+00
 cg2d: Sum(rhs),rhsMax =   8.10018718766514E-13  1.93129219041061E+00
 cg2d: Sum(rhs),rhsMax =   1.10844666778576E-12  1.93099467604166E+00
 cg2d: Sum(rhs),rhsMax =   9.52127265918534E-13  1.93069677921139E+00
 cg2d: Sum(rhs),rhsMax =   3.83693077310454E-13  1.93039850177019E+00
 cg2d: Sum(rhs),rhsMax =   1.02318153949454E-12  1.93009984557559E+00
 cg2d: Sum(rhs),rhsMax =   5.82645043323282E-13  1.92980081249243E+00
 cg2d: Sum(rhs),rhsMax =   8.95283847057726E-13  1.92950140439279E+00
 cg2d: Sum(rhs),rhsMax =   7.10542735760100E-13  1.92920162315618E+00
 cg2d: Sum(rhs),rhsMax =   3.97903932025656E-13  1.92890147066939E+00
 cg2d: Sum(rhs),rhsMax =   7.67386154620908E-13  1.92860094882665E+00
 cg2d: Sum(rhs),rhsMax =   7.10542735760100E-13  1.92830005952937E+00
 cg2d: Sum(rhs),rhsMax =   1.56319401867222E-13  1.92799880468621E+00
 cg2d: Sum(rhs),rhsMax =   4.68958205601666E-13  1.92769718621293E+00
 cg2d: Sum(rhs),rhsMax =   7.38964445190504E-13  1.92739520603222E+00
 cg2d: Sum(rhs),rhsMax =   3.26849658449646E-13  1.92709286607353E+00
 cg2d: Sum(rhs),rhsMax =   5.96855898038484E-13  1.92687610072743E+00
 cg2d: Sum(rhs),rhsMax =   4.40536496171262E-13  1.92700113295450E+00
 cg2d: Sum(rhs),rhsMax =   8.38440428196918E-13  1.92712564430495E+00
 cg2d: Sum(rhs),rhsMax =   9.09494701772928E-13  1.92724963435591E+00
 cg2d: Sum(rhs),rhsMax =   7.24753590475302E-13  1.92737310268716E+00
 cg2d: Sum(rhs),rhsMax =   5.11590769747272E-13  1.92749604888053E+00
 cg2d: Sum(rhs),rhsMax =   8.81072992342524E-13  1.92761847251958E+00
 cg2d: Sum(rhs),rhsMax =   4.26325641456060E-13  1.92774037318898E+00
 cg2d: Sum(rhs),rhsMax =   4.83169060316868E-13  1.92786175047422E+00
 cg2d: Sum(rhs),rhsMax =   5.82645043323282E-13  1.92798260396111E+00
 cg2d: Sum(rhs),rhsMax =   4.40536496171262E-13  1.92810293323547E+00
 cg2d: Sum(rhs),rhsMax =   7.53175299905706E-13  1.92822273788274E+00
 cg2d: Sum(rhs),rhsMax =   2.98427949019242E-13  1.92834201748786E+00
 cg2d: Sum(rhs),rhsMax =   9.09494701772928E-13  1.92846077163464E+00
 cg2d: Sum(rhs),rhsMax =   1.12265752250096E-12  1.92857899990590E+00
 cg2d: Sum(rhs),rhsMax =   1.30739863379858E-12  1.92869670188308E+00
 cg2d: Sum(rhs),rhsMax =   3.12638803734444E-13  1.92881387714620E+00
 cg2d: Sum(rhs),rhsMax =  -5.68434188608080E-14  1.92893052527365E+00
 cg2d: Sum(rhs),rhsMax =   1.02318153949454E-12  1.92904664584226E+00
 cg2d: Sum(rhs),rhsMax =   9.09494701772928E-13  1.92916223842715E+00
 cg2d: Sum(rhs),rhsMax =   6.25277607468888E-13  1.92927730260189E+00
 cg2d: Sum(rhs),rhsMax =   3.97903932025656E-13  1.92939183793842E+00
 cg2d: Sum(rhs),rhsMax =   2.27373675443232E-13  1.92950584400732E+00
 cg2d: Sum(rhs),rhsMax =   6.96331881044898E-13  1.92961932037779E+00
 cg2d: Sum(rhs),rhsMax =   6.82121026329696E-13  1.92973226661784E+00
 cg2d: Sum(rhs),rhsMax =   6.67910171614494E-13  1.92984468229466E+00
 cg2d: Sum(rhs),rhsMax =   1.98951966012828E-13  1.92995656697502E+00
 cg2d: Sum(rhs),rhsMax =   9.80548975348938E-13  1.93006792022564E+00
 cg2d: Sum(rhs),rhsMax =   9.23705556488130E-13  1.93017874161338E+00
 cg2d: Sum(rhs),rhsMax =   7.24753590475302E-13  1.93028903070541E+00
 cg2d: Sum(rhs),rhsMax =   9.23705556488130E-13  1.93039878706967E+00
 cg2d: Sum(rhs),rhsMax =   4.40536496171262E-13  1.93050801027531E+00
 cg2d: Sum(rhs),rhsMax =   6.39488462184090E-13  1.93061669989318E+00
 cg2d: Sum(rhs),rhsMax =   3.41060513164848E-13  1.93072485549639E+00
 cg2d: Sum(rhs),rhsMax =   1.08002495835535E-12  1.93083247666079E+00
 cg2d: Sum(rhs),rhsMax =   8.10018718766514E-13  1.93093956296559E+00
 cg2d: Sum(rhs),rhsMax =   2.84217094304040E-13  1.93104611399374E+00
 cg2d: Sum(rhs),rhsMax =   5.54223333892878E-13  1.93115212933257E+00
 cg2d: Sum(rhs),rhsMax =   5.54223333892878E-13  1.93125760857431E+00
 cg2d: Sum(rhs),rhsMax =   3.83693077310454E-13  1.93136255131335E+00
 cg2d: Sum(rhs),rhsMax =   6.39488462184090E-13  1.93146695714962E+00
 cg2d: Sum(rhs),rhsMax =   3.69482222595252E-13  1.93157082569487E+00
 cg2d: Sum(rhs),rhsMax =   7.67386154620908E-13  1.93167415657220E+00
 cg2d: Sum(rhs),rhsMax =   7.10542735760100E-13  1.93177694941151E+00
 cg2d: Sum(rhs),rhsMax =   3.83693077310454E-13  1.93187920384710E+00
 cg2d: Sum(rhs),rhsMax =   5.11590769747272E-13  1.93198091951891E+00
 cg2d: Sum(rhs),rhsMax =   6.25277607468888E-13  1.93208209607499E+00
 cg2d: Sum(rhs),rhsMax =   8.52651282912120E-13  1.93218273317348E+00
 cg2d: Sum(rhs),rhsMax =   6.67910171614494E-13  1.93228283048342E+00
 cg2d: Sum(rhs),rhsMax =   8.24229573481716E-13  1.93238238768493E+00
 cg2d: Sum(rhs),rhsMax =   3.97903932025656E-13  1.93248140446939E+00
 cg2d: Sum(rhs),rhsMax =   7.67386154620908E-13  1.93257988053936E+00
 cg2d: Sum(rhs),rhsMax =   4.83169060316868E-13  1.93267781560891E+00
 cg2d: Sum(rhs),rhsMax =   7.95807864051312E-13  1.93277520940368E+00
 cg2d: Sum(rhs),rhsMax =   4.26325641456060E-13  1.93287206166122E+00
 cg2d: Sum(rhs),rhsMax =   2.84217094304040E-13  1.93296837213107E+00
 cg2d: Sum(rhs),rhsMax =   6.96331881044898E-13  1.93306414057507E+00
 cg2d: Sum(rhs),rhsMax =   7.95807864051312E-13  1.93315936676738E+00
 cg2d: Sum(rhs),rhsMax =   6.39488462184090E-13  1.93325405049457E+00
 cg2d: Sum(rhs),rhsMax =   6.53699316899292E-13  1.93334819155571E+00
 cg2d: Sum(rhs),rhsMax =   8.66862137627322E-13  1.93344178976227E+00
 cg2d: Sum(rhs),rhsMax =   6.39488462184090E-13  1.93353484493810E+00
 cg2d: Sum(rhs),rhsMax =   7.53175299905706E-13  1.93362735691927E+00
 cg2d: Sum(rhs),rhsMax =   8.95283847057726E-13  1.93371932555399E+00
 cg2d: Sum(rhs),rhsMax =   6.67910171614494E-13  1.93381075070232E+00
 cg2d: Sum(rhs),rhsMax =   7.67386154620908E-13  1.93390163223594E+00
 cg2d: Sum(rhs),rhsMax =   1.27897692436818E-12  1.93399197003795E+00
 cg2d: Sum(rhs),rhsMax =   9.66338120633736E-13  1.93408176400248E+00
 cg2d: Sum(rhs),rhsMax =   8.95283847057726E-13  1.93417101403445E+00
 cg2d: Sum(rhs),rhsMax =   1.56319401867222E-13  1.93425972004916E+00
 cg2d: Sum(rhs),rhsMax =   5.96855898038484E-13  1.93434788197188E+00
 cg2d: Sum(rhs),rhsMax =   2.98427949019242E-13  1.93443549973748E+00
 cg2d: Sum(rhs),rhsMax =   5.68434188608080E-13  1.93452257328998E+00
 cg2d: Sum(rhs),rhsMax =   7.81597009336110E-13  1.93460910258195E+00
 cg2d: Sum(rhs),rhsMax =   7.38964445190504E-13  1.93469508757425E+00
 cg2d: Sum(rhs),rhsMax =   9.80548975348938E-13  1.93478052823526E+00
 cg2d: Sum(rhs),rhsMax =   9.94759830064140E-13  1.93486542454047E+00
 cg2d: Sum(rhs),rhsMax =   1.12265752250096E-12  1.93494977647197E+00
 cg2d: Sum(rhs),rhsMax =   5.96855898038484E-13  1.93503358401781E+00
 cg2d: Sum(rhs),rhsMax =   6.25277607468888E-13  1.93511684717146E+00
 cg2d: Sum(rhs),rhsMax =   9.52127265918534E-13  1.93519956593132E+00
 cg2d: Sum(rhs),rhsMax =   5.82645043323282E-13  1.93528174030007E+00
 cg2d: Sum(rhs),rhsMax =   0.00000000000000E+00  1.93536337028419E+00
 cg2d: Sum(rhs),rhsMax =   8.38440428196918E-13  1.93544445589338E+00
 cg2d: Sum(rhs),rhsMax =   6.25277607468888E-13  1.93552499703348E+00
 cg2d: Sum(rhs),rhsMax =   3.83693077310454E-13  1.93560499385334E+00
 cg2d: Sum(rhs),rhsMax =   4.54747350886464E-13  1.93568444643793E+00
 cg2d: Sum(rhs),rhsMax =   9.23705556488130E-13  1.93576335482255E+00
 cg2d: Sum(rhs),rhsMax =   7.67386154620908E-13  1.93584171904080E+00
 cg2d: Sum(rhs),rhsMax =   4.12114786740858E-13  1.93591953913990E+00
 cg2d: Sum(rhs),rhsMax =   4.68958205601666E-13  1.93599681517829E+00
 cg2d: Sum(rhs),rhsMax =   4.12114786740858E-13  1.93607354722011E+00
 cg2d: Sum(rhs),rhsMax =   5.25801624462474E-13  1.93614973533185E+00
 cg2d: Sum(rhs),rhsMax =   6.25277607468888E-13  1.93622537958142E+00
 cg2d: Sum(rhs),rhsMax =   6.67910171614494E-13  1.93630048003734E+00
 cg2d: Sum(rhs),rhsMax =   7.81597009336110E-13  1.93637503676829E+00
 cg2d: Sum(rhs),rhsMax =   1.22213350550737E-12  1.93644904984247E+00
 cg2d: Sum(rhs),rhsMax =   7.10542735760100E-13  1.93652251084128E+00
 cg2d: Sum(rhs),rhsMax =   8.38440428196918E-13  1.93659543271530E+00
 cg2d: Sum(rhs),rhsMax =   7.95807864051312E-13  1.93666781680667E+00
 cg2d: Sum(rhs),rhsMax =   2.27373675443232E-13  1.93673966115095E+00
 cg2d: Sum(rhs),rhsMax =   9.09494701772928E-13  1.93681096496432E+00
 cg2d: Sum(rhs),rhsMax =   8.24229573481716E-13  1.93688172875568E+00
 cg2d: Sum(rhs),rhsMax =   7.10542735760100E-13  1.93695195356343E+00
 cg2d: Sum(rhs),rhsMax =   4.26325641456060E-13  1.93702164043114E+00
 cg2d: Sum(rhs),rhsMax =   5.68434188608080E-13  1.93709079027513E+00
 cg2d: Sum(rhs),rhsMax =   7.95807864051312E-13  1.93715940391678E+00
 cg2d: Sum(rhs),rhsMax =   3.26849658449646E-13  1.93722748211796E+00
 cg2d: Sum(rhs),rhsMax =   4.68958205601666E-13  1.93729502559123E+00
 cg2d: Sum(rhs),rhsMax =   5.68434188608080E-13  1.93736203499913E+00
 cg2d: Sum(rhs),rhsMax =   5.82645043323282E-13  1.93742851095181E+00
 cg2d: Sum(rhs),rhsMax =   6.11066752753686E-13  1.93749445400491E+00
 cg2d: Sum(rhs),rhsMax =   5.82645043323282E-13  1.93755986465778E+00
 cg2d: Sum(rhs),rhsMax =   1.02318153949454E-12  1.93762474335235E+00
 cg2d: Sum(rhs),rhsMax =   8.10018718766514E-13  1.93768909047244E+00
 cg2d: Sum(rhs),rhsMax =   3.97903932025656E-13  1.93775290634385E+00
 cg2d: Sum(rhs),rhsMax =   7.38964445190504E-13  1.93781619123509E+00
 cg2d: Sum(rhs),rhsMax =   8.66862137627322E-13  1.93787894535841E+00
 cg2d: Sum(rhs),rhsMax =   5.96855898038484E-13  1.93794116887126E+00
 cg2d: Sum(rhs),rhsMax =   9.23705556488130E-13  1.93800286187763E+00
 cg2d: Sum(rhs),rhsMax =   6.53699316899292E-13  1.93806402442953E+00
 cg2d: Sum(rhs),rhsMax =   5.11590769747272E-13  1.93812465652821E+00
 cg2d: Sum(rhs),rhsMax =   7.38964445190504E-13  1.93818475812572E+00
 cg2d: Sum(rhs),rhsMax =   3.26849658449646E-13  1.93824432912662E+00
 cg2d: Sum(rhs),rhsMax =   5.54223333892878E-13  1.93830336939038E+00
 cg2d: Sum(rhs),rhsMax =   5.96855898038484E-13  1.93836116298171E+00
 cg2d: Sum(rhs),rhsMax =   6.67910171614494E-13  1.93841858617185E+00
 cg2d: Sum(rhs),rhsMax =   3.26849658449646E-13  1.93847548238650E+00
 cg2d: Sum(rhs),rhsMax =   4.68958205601666E-13  1.93853178913936E+00
 cg2d: Sum(rhs),rhsMax =   6.39488462184090E-13  1.93858751002915E+00
 cg2d: Sum(rhs),rhsMax =   9.66338120633736E-13  1.93864263962979E+00
 cg2d: Sum(rhs),rhsMax =   1.08002495835535E-12  1.93869716680955E+00
 cg2d: Sum(rhs),rhsMax =   8.66862137627322E-13  1.93875108089981E+00
 cg2d: Sum(rhs),rhsMax =   7.38964445190504E-13  1.93880437202617E+00
 cg2d: Sum(rhs),rhsMax =   2.84217094304040E-13  1.93885703078106E+00
 cg2d: Sum(rhs),rhsMax =   8.24229573481716E-13  1.93890904828486E+00
 cg2d: Sum(rhs),rhsMax =   2.70006239588838E-13  1.93896041633172E+00
 cg2d: Sum(rhs),rhsMax =   2.55795384873636E-13  1.93901112748906E+00
 cg2d: Sum(rhs),rhsMax =   7.38964445190504E-13  1.93906117516033E+00
 cg2d: Sum(rhs),rhsMax =   8.66862137627322E-13  1.93911055363119E+00
 cg2d: Sum(rhs),rhsMax =   8.38440428196918E-13  1.93915925810657E+00
 cg2d: Sum(rhs),rhsMax =   1.10844666778576E-12  1.93920728473974E+00
 cg2d: Sum(rhs),rhsMax =   2.84217094304040E-13  1.93925463065388E+00
 cg2d: Sum(rhs),rhsMax =   8.81072992342524E-13  1.93930129395609E+00
 cg2d: Sum(rhs),rhsMax =   8.10018718766514E-13  1.93934727374390E+00
 cg2d: Sum(rhs),rhsMax =   1.98951966012828E-13  1.93939257010398E+00
 cg2d: Sum(rhs),rhsMax =   1.06581410364015E-12  1.93943718410320E+00
 cg2d: Sum(rhs),rhsMax =   1.20792265079217E-12  1.93948111777149E+00
 cg2d: Sum(rhs),rhsMax =   5.82645043323282E-13  1.93952437407735E+00
 cg2d: Sum(rhs),rhsMax =   1.27897692436818E-13  1.93956695689568E+00
 cg2d: Sum(rhs),rhsMax =   9.52127265918534E-13  1.93960887096907E+00
 cg2d: Sum(rhs),rhsMax =   5.82645043323282E-13  1.93965012186296E+00
 cg2d: Sum(rhs),rhsMax =   1.10844666778576E-12  1.93969071591548E+00
 cg2d: Sum(rhs),rhsMax =   9.80548975348938E-13  1.93973066018250E+00
 cg2d: Sum(rhs),rhsMax =   4.40536496171262E-13  1.93976996237832E+00
 cg2d: Sum(rhs),rhsMax =   4.83169060316868E-13  1.93980863081241E+00
 cg2d: Sum(rhs),rhsMax =   9.09494701772928E-13  1.93984667432235E+00
 cg2d: Sum(rhs),rhsMax =   6.67910171614494E-13  1.93988410220343E+00
 cg2d: Sum(rhs),rhsMax =   2.84217094304040E-13  1.93992092413502E+00
 cg2d: Sum(rhs),rhsMax =   4.26325641456060E-13  1.93995715010443E+00
 cg2d: Sum(rhs),rhsMax =   9.23705556488130E-13  1.93999279032857E+00
 cg2d: Sum(rhs),rhsMax =   3.55271367880050E-13  1.94002785517417E+00
 cg2d: Sum(rhs),rhsMax =   3.55271367880050E-13  1.94006235507740E+00
 cg2d: Sum(rhs),rhsMax =   9.80548975348938E-13  1.94009630046311E+00
 cg2d: Sum(rhs),rhsMax =   6.39488462184090E-13  1.94012970166498E+00
 cg2d: Sum(rhs),rhsMax =   5.40012479177676E-13  1.94016256884671E+00
 cg2d: Sum(rhs),rhsMax =   2.55795384873636E-13  1.94019491192529E+00
 cg2d: Sum(rhs),rhsMax =   2.55795384873636E-13  1.94022674049651E+00
 cg2d: Sum(rhs),rhsMax =   9.52127265918534E-13  1.94025806376369E+00
 cg2d: Sum(rhs),rhsMax =   5.68434188608080E-13  1.94028889046982E+00
 cg2d: Sum(rhs),rhsMax =   5.82645043323282E-13  1.94031922883379E+00
 cg2d: Sum(rhs),rhsMax =   4.40536496171262E-13  1.94034908649114E+00
 cg2d: Sum(rhs),rhsMax =   4.83169060316868E-13  1.94037847043970E+00
 cg2d: Sum(rhs),rhsMax =   7.10542735760100E-14  1.94040738699049E+00
 cg2d: Sum(rhs),rhsMax =   8.24229573481716E-13  1.94043584172445E+00
 cg2d: Sum(rhs),rhsMax =   8.52651282912120E-13  1.94046383945504E+00
 cg2d: Sum(rhs),rhsMax =   4.97379915032070E-13  1.94049138419688E+00
 cg2d: Sum(rhs),rhsMax =   8.10018718766514E-13  1.94051847914120E+00
 cg2d: Sum(rhs),rhsMax =   8.38440428196918E-13  1.94054512663751E+00
 cg2d: Sum(rhs),rhsMax =   8.95283847057726E-13  1.94057132818200E+00
 cg2d: Sum(rhs),rhsMax =   6.39488462184090E-13  1.94059708441289E+00
 cg2d: Sum(rhs),rhsMax =   6.67910171614494E-13  1.94062239511220E+00
 cg2d: Sum(rhs),rhsMax =   6.53699316899292E-13  1.94064725921437E+00
 cg2d: Sum(rhs),rhsMax =   7.95807864051312E-13  1.94067167482145E+00
 cg2d: Sum(rhs),rhsMax =   4.26325641456060E-13  1.94069563922471E+00
 cg2d: Sum(rhs),rhsMax =   9.09494701772928E-13  1.94071914893251E+00
 cg2d: Sum(rhs),rhsMax =   8.24229573481716E-13  1.94074219970416E+00
 cg2d: Sum(rhs),rhsMax =   1.23634436022257E-12  1.94076478658954E+00
 cg2d: Sum(rhs),rhsMax =   6.96331881044898E-13  1.94078690397417E+00
 cg2d: Sum(rhs),rhsMax =   2.55795384873636E-13  1.94080854562908E+00
 cg2d: Sum(rhs),rhsMax =   5.54223333892878E-13  1.94082970476562E+00
 cg2d: Sum(rhs),rhsMax =   6.39488462184090E-13  1.94085037409407E+00
 cg2d: Sum(rhs),rhsMax =   5.96855898038484E-13  1.94087054588622E+00
 cg2d: Sum(rhs),rhsMax =   5.96855898038484E-13  1.94089021204094E+00
 cg2d: Sum(rhs),rhsMax =   2.41584530158434E-13  1.94090936415249E+00
 cg2d: Sum(rhs),rhsMax =   8.66862137627322E-13  1.94092799358086E+00
 cg2d: Sum(rhs),rhsMax =   6.67910171614494E-13  1.94094609152381E+00
 cg2d: Sum(rhs),rhsMax =   3.83693077310454E-13  1.94096364908981E+00
 cg2d: Sum(rhs),rhsMax =   7.67386154620908E-13  1.94098065737159E+00
 cg2d: Sum(rhs),rhsMax =   1.22213350550737E-12  1.94099710751947E+00
 cg2d: Sum(rhs),rhsMax =   9.09494701772928E-13  1.94101299081429E+00
 cg2d: Sum(rhs),rhsMax =   4.26325641456060E-13  1.94102829873900E+00
 cg2d: Sum(rhs),rhsMax =   1.42108547152020E-13  1.94104302304881E+00
 cg2d: Sum(rhs),rhsMax =   3.26849658449646E-13  1.94105715583890E+00
 cg2d: Sum(rhs),rhsMax =   3.97903932025656E-13  1.94107068960973E+00
 cg2d: Sum(rhs),rhsMax =  -1.70530256582424E-13  1.94108361732906E+00
 cg2d: Sum(rhs),rhsMax =   6.11066752753686E-13  1.94109593249035E+00
 cg2d: Sum(rhs),rhsMax =   3.69482222595252E-13  1.94110762916709E+00
 cg2d: Sum(rhs),rhsMax =   5.68434188608080E-13  1.94111870206282E+00
 cg2d: Sum(rhs),rhsMax =   6.25277607468888E-13  1.94112914655612E+00
 cg2d: Sum(rhs),rhsMax =   4.40536496171262E-13  1.94113895874055E+00
 cg2d: Sum(rhs),rhsMax =   8.24229573481716E-13  1.94114813545911E+00
 cg2d: Sum(rhs),rhsMax =   5.11590769747272E-13  1.94115667433301E+00
 cg2d: Sum(rhs),rhsMax =   7.67386154620908E-13  1.94116457378441E+00
 cg2d: Sum(rhs),rhsMax =   8.24229573481716E-13  1.94117183305327E+00
 cg2d: Sum(rhs),rhsMax =   2.55795384873636E-13  1.94117845220793E+00
 cg2d: Sum(rhs),rhsMax =   3.83693077310454E-13  1.94118443214945E+00
 cg2d: Sum(rhs),rhsMax =   1.22213350550737E-12  1.94118977460976E+00
 cg2d: Sum(rhs),rhsMax =   3.55271367880050E-13  1.94119448214358E+00
 cg2d: Sum(rhs),rhsMax =   5.25801624462474E-13  1.94119855811438E+00
 cg2d: Sum(rhs),rhsMax =   5.96855898038484E-13  1.94120200667414E+00
 cg2d: Sum(rhs),rhsMax =   8.95283847057726E-13  1.94120483273754E+00
 cg2d: Sum(rhs),rhsMax =   5.68434188608080E-13  1.94120704195050E+00
 cg2d: Sum(rhs),rhsMax =   7.10542735760100E-13  1.94120864065340E+00
 cg2d: Sum(rhs),rhsMax =   7.67386154620908E-13  1.94120963583930E+00
 cg2d: Sum(rhs),rhsMax =   1.98951966012828E-13  1.94121003510755E+00
 cg2d: Sum(rhs),rhsMax =   6.67910171614494E-13  1.94120984661294E+00
 cg2d: Sum(rhs),rhsMax =   1.22213350550737E-12  1.94120907901104E+00
 cg2d: Sum(rhs),rhsMax =   2.84217094304040E-13  1.94120774140009E+00
 cg2d: Sum(rhs),rhsMax =   1.25055521493778E-12  1.94120584325955E+00
 cg2d: Sum(rhs),rhsMax =   6.39488462184090E-13  1.94120339438638E+00
 cg2d: Sum(rhs),rhsMax =   5.68434188608080E-13  1.94120040482903E+00
 cg2d: Sum(rhs),rhsMax =   6.25277607468888E-13  1.94119688481977E+00
 cg2d: Sum(rhs),rhsMax =   1.03739239420975E-12  1.94119284470602E+00
 cg2d: Sum(rhs),rhsMax =   6.39488462184090E-13  1.94118829488098E+00
 cg2d: Sum(rhs),rhsMax =   2.27373675443232E-13  1.94118324571417E+00
 cg2d: Sum(rhs),rhsMax =   1.27897692436818E-13  1.94117770748247E+00
 cg2d: Sum(rhs),rhsMax =   5.54223333892878E-13  1.94117169030199E+00
 cg2d: Sum(rhs),rhsMax =   9.66338120633736E-13  1.94116520406141E+00
 cg2d: Sum(rhs),rhsMax =   1.84741111297626E-13  1.94115825835724E+00
 cg2d: Sum(rhs),rhsMax =   0.00000000000000E+00  1.94115086243142E+00
 cg2d: Sum(rhs),rhsMax =   1.13686837721616E-13  1.94114302511180E+00
 cg2d: Sum(rhs),rhsMax =   5.40012479177676E-13  1.94113475475575E+00
 cg2d: Sum(rhs),rhsMax =   3.26849658449646E-13  1.94112605919766E+00
 cg2d: Sum(rhs),rhsMax =   7.38964445190504E-13  1.94111694570012E+00
 cg2d: Sum(rhs),rhsMax =   2.55795384873636E-13  1.94110742090981E+00
 cg2d: Sum(rhs),rhsMax =   4.40536496171262E-13  1.94109749081763E+00
 cg2d: Sum(rhs),rhsMax =   4.26325641456060E-13  1.94108716072423E+00
 cg2d: Sum(rhs),rhsMax =   7.67386154620908E-13  1.94107643521020E+00
 cg2d: Sum(rhs),rhsMax =   3.97903932025656E-13  1.94106531811194E+00
 cg2d: Sum(rhs),rhsMax =   5.68434188608080E-14  1.94105381250283E+00
 cg2d: Sum(rhs),rhsMax =   9.23705556488130E-13  1.94104192067999E+00
 cg2d: Sum(rhs),rhsMax =   3.41060513164848E-13  1.94102964415676E+00
 cg2d: Sum(rhs),rhsMax =   9.23705556488130E-13  1.94101698366077E+00
 cg2d: Sum(rhs),rhsMax =   6.39488462184090E-13  1.94100393913766E+00
 cg2d: Sum(rhs),rhsMax =   5.68434188608080E-13  1.94099050976039E+00
 cg2d: Sum(rhs),rhsMax =   8.10018718766514E-13  1.94097669394410E+00
 cg2d: Sum(rhs),rhsMax =   3.26849658449646E-13  1.94096248936612E+00
 cg2d: Sum(rhs),rhsMax =   6.96331881044898E-13  1.94094789299137E+00
 cg2d: Sum(rhs),rhsMax =   4.26325641456060E-13  1.94093290110250E+00
 cg2d: Sum(rhs),rhsMax =   5.54223333892878E-13  1.94091750933489E+00
 cg2d: Sum(rhs),rhsMax =   5.96855898038484E-13  1.94090171271587E+00
 cg2d: Sum(rhs),rhsMax =   9.09494701772928E-13  1.94088550570824E+00
 cg2d: Sum(rhs),rhsMax =   7.10542735760100E-13  1.94086888225735E+00
 cg2d: Sum(rhs),rhsMax =   5.96855898038484E-13  1.94085183584171E+00
 cg2d: Sum(rhs),rhsMax =   8.66862137627322E-13  1.94083435952650E+00
 cg2d: Sum(rhs),rhsMax =   6.82121026329696E-13  1.94081644601970E+00
 cg2d: Sum(rhs),rhsMax =   6.82121026329696E-13  1.94079808773037E+00
 cg2d: Sum(rhs),rhsMax =   1.70530256582424E-13  1.94077927682870E+00
 cg2d: Sum(rhs),rhsMax =   1.84741111297626E-13  1.94076000530721E+00
 cg2d: Sum(rhs),rhsMax =   7.81597009336110E-13  1.94074026504293E+00
 cg2d: Sum(rhs),rhsMax =   1.03739239420975E-12  1.94072004785987E+00
 cg2d: Sum(rhs),rhsMax =   5.54223333892878E-13  1.94069934559134E+00
 cg2d: Sum(rhs),rhsMax =   6.82121026329696E-13  1.94067815014182E+00
 cg2d: Sum(rhs),rhsMax =   1.13686837721616E-13  1.94065645354785E+00
 cg2d: Sum(rhs),rhsMax =   4.83169060316868E-13  1.94063424803737E+00
 cg2d: Sum(rhs),rhsMax =   5.82645043323282E-13  1.94061152608741E+00
 cg2d: Sum(rhs),rhsMax =   4.12114786740858E-13  1.94058828047938E+00
 cg2d: Sum(rhs),rhsMax =   2.84217094304040E-13  1.94056450435178E+00
 cg2d: Sum(rhs),rhsMax =   1.10844666778576E-12  1.94054019124994E+00
 cg2d: Sum(rhs),rhsMax =   7.95807864051312E-13  1.94051533517248E+00
 cg2d: Sum(rhs),rhsMax =   3.83693077310454E-13  1.94048993061399E+00
 cg2d: Sum(rhs),rhsMax =   8.66862137627322E-13  1.94046397260394E+00
 cg2d: Sum(rhs),rhsMax =   7.38964445190504E-13  1.94043745674127E+00
 cg2d: Sum(rhs),rhsMax =   1.09423581307055E-12  1.94041037922478E+00
 cg2d: Sum(rhs),rhsMax =   3.55271367880050E-13  1.94038273687867E+00
 cg2d: Sum(rhs),rhsMax =   1.35003119794419E-12  1.94035452717367E+00
 cg2d: Sum(rhs),rhsMax =   5.82645043323282E-13  1.94032574824316E+00
 cg2d: Sum(rhs),rhsMax =   1.06581410364015E-12  1.94029639889434E+00
 cg2d: Sum(rhs),rhsMax =   7.24753590475302E-13  1.94026647861455E+00
 cg2d: Sum(rhs),rhsMax =   4.40536496171262E-13  1.94023598757261E+00
 cg2d: Sum(rhs),rhsMax =   1.13686837721616E-12  1.94020492661519E+00
 cg2d: Sum(rhs),rhsMax =   7.10542735760100E-13  1.94017329725830E+00
 cg2d: Sum(rhs),rhsMax =   2.98427949019242E-13  1.94014110167422E+00
 cg2d: Sum(rhs),rhsMax =   7.38964445190504E-13  1.94010834267353E+00
 cg2d: Sum(rhs),rhsMax =   8.24229573481716E-13  1.94007502368297E+00
 cg2d: Sum(rhs),rhsMax =   8.38440428196918E-13  1.94004114871889E+00
 cg2d: Sum(rhs),rhsMax =   6.25277607468888E-13  1.94000672235680E+00
 cg2d: Sum(rhs),rhsMax =   4.54747350886464E-13  1.93997174969717E+00
 cg2d: Sum(rhs),rhsMax =   6.25277607468888E-13  1.93993623632766E+00
 cg2d: Sum(rhs),rhsMax =  -7.10542735760100E-14  1.93990018828245E+00
 cg2d: Sum(rhs),rhsMax =   9.23705556488130E-13  1.93986361199849E+00
 cg2d: Sum(rhs),rhsMax =   1.00897068477934E-12  1.93982651426949E+00
 cg2d: Sum(rhs),rhsMax =   7.38964445190504E-13  1.93978890219771E+00
 cg2d: Sum(rhs),rhsMax =   6.82121026329696E-13  1.93975078314404E+00
 cg2d: Sum(rhs),rhsMax =   3.41060513164848E-13  1.93971216467670E+00
 cg2d: Sum(rhs),rhsMax =   7.10542735760100E-13  1.93967305451914E+00
 cg2d: Sum(rhs),rhsMax =   1.37845290737459E-12  1.93963346049720E+00
 cg2d: Sum(rhs),rhsMax =   7.53175299905706E-13  1.93959339048612E+00
 cg2d: Sum(rhs),rhsMax =   7.81597009336110E-13  1.93955285235793E+00
 cg2d: Sum(rhs),rhsMax =   4.12114786740858E-13  1.93951185392931E+00
 cg2d: Sum(rhs),rhsMax =   9.94759830064140E-13  1.93947040291042E+00
 cg2d: Sum(rhs),rhsMax =   8.10018718766514E-13  1.93942850685523E+00
 cg2d: Sum(rhs),rhsMax =   9.94759830064140E-13  1.93938617293887E+00
 cg2d: Sum(rhs),rhsMax =   4.83169060316868E-13  1.93934340815041E+00
 cg2d: Sum(rhs),rhsMax =   4.68958205601666E-13  1.93930021947994E+00
 cg2d: Sum(rhs),rhsMax =   7.81597009336110E-13  1.93925661367325E+00
 cg2d: Sum(rhs),rhsMax =   1.17950094136177E-12  1.93921259695431E+00
 cg2d: Sum(rhs),rhsMax =   5.96855898038484E-13  1.93916817495848E+00
 cg2d: Sum(rhs),rhsMax =   3.69482222595252E-13  1.93912335280045E+00
 cg2d: Sum(rhs),rhsMax =   5.11590769747272E-13  1.93907813514694E+00
 cg2d: Sum(rhs),rhsMax =   7.24753590475302E-13  1.93903252623230E+00
 cg2d: Sum(rhs),rhsMax =   9.80548975348938E-13  1.93898652982641E+00
 cg2d: Sum(rhs),rhsMax =   3.55271367880050E-13  1.93894014919155E+00
 cg2d: Sum(rhs),rhsMax =   6.39488462184090E-13  1.93889338705207E+00
 cg2d: Sum(rhs),rhsMax =   3.97903932025656E-13  1.93884624558013E+00
 cg2d: Sum(rhs),rhsMax =   6.11066752753686E-13  1.93879872639174E+00
 cg2d: Sum(rhs),rhsMax =   3.55271367880050E-13  1.93875083054868E+00
 cg2d: Sum(rhs),rhsMax =   7.24753590475302E-13  1.93870255856449E+00
 cg2d: Sum(rhs),rhsMax =   6.96331881044898E-13  1.93865391041391E+00
 cg2d: Sum(rhs),rhsMax =   7.10542735760100E-13  1.93860488554577E+00
 cg2d: Sum(rhs),rhsMax =   1.27897692436818E-12  1.93855548289934E+00
 cg2d: Sum(rhs),rhsMax =   6.53699316899292E-13  1.93850570092378E+00
 cg2d: Sum(rhs),rhsMax =   1.17950094136177E-12  1.93845553760088E+00
 cg2d: Sum(rhs),rhsMax =   4.26325641456060E-13  1.93840499047080E+00
 cg2d: Sum(rhs),rhsMax =   7.81597009336110E-13  1.93835405666091E+00
 cg2d: Sum(rhs),rhsMax =   5.68434188608080E-13  1.93830273291778E+00
 cg2d: Sum(rhs),rhsMax =   5.96855898038484E-13  1.93825101564168E+00
 cg2d: Sum(rhs),rhsMax =   9.52127265918534E-13  1.93819890092369E+00
 cg2d: Sum(rhs),rhsMax =   9.66338120633736E-13  1.93814638458490E+00
 cg2d: Sum(rhs),rhsMax =   2.98427949019242E-13  1.93809346221724E+00
 cg2d: Sum(rhs),rhsMax =   3.26849658449646E-13  1.93804012922544E+00
 cg2d: Sum(rhs),rhsMax =   1.00897068477934E-12  1.93798638086995E+00
 cg2d: Sum(rhs),rhsMax =   2.84217094304040E-13  1.93793221231030E+00
 cg2d: Sum(rhs),rhsMax =   3.12638803734444E-13  1.93787761864862E+00
 cg2d: Sum(rhs),rhsMax =   1.12265752250096E-12  1.93782259497296E+00
 cg2d: Sum(rhs),rhsMax =   5.82645043323282E-13  1.93776713640029E+00
 cg2d: Sum(rhs),rhsMax =   3.26849658449646E-13  1.93771123811878E+00
 cg2d: Sum(rhs),rhsMax =   1.00897068477934E-12  1.93765489542902E+00
 cg2d: Sum(rhs),rhsMax =   2.41584530158434E-13  1.93759810378407E+00
 cg2d: Sum(rhs),rhsMax =   5.82645043323282E-13  1.93754085882786E+00
 cg2d: Sum(rhs),rhsMax =   4.40536496171262E-13  1.93748315643191E+00
 cg2d: Sum(rhs),rhsMax =   2.98427949019242E-13  1.93742499272985E+00
 cg2d: Sum(rhs),rhsMax =   8.95283847057726E-13  1.93736636414964E+00
 cg2d: Sum(rhs),rhsMax =   9.52127265918534E-13  1.93730726744334E+00
 cg2d: Sum(rhs),rhsMax =   5.25801624462474E-13  1.93724769971404E+00
 cg2d: Sum(rhs),rhsMax =   3.55271367880050E-13  1.93718765843993E+00
 cg2d: Sum(rhs),rhsMax =   6.11066752753686E-13  1.93712714149533E+00
 cg2d: Sum(rhs),rhsMax =   4.12114786740858E-13  1.93706614716847E+00
 cg2d: Sum(rhs),rhsMax =   7.67386154620908E-13  1.93700467417615E+00
 cg2d: Sum(rhs),rhsMax =   5.96855898038484E-13  1.93694272167477E+00
 cg2d: Sum(rhs),rhsMax =   2.70006239588838E-13  1.93688028926826E+00
 cg2d: Sum(rhs),rhsMax =   4.40536496171262E-13  1.93681737701242E+00
 cg2d: Sum(rhs),rhsMax =   3.83693077310454E-13  1.93675398541580E+00
 cg2d: Sum(rhs),rhsMax =   2.70006239588838E-13  1.93669011543739E+00
 cg2d: Sum(rhs),rhsMax =   2.27373675443232E-13  1.93662576848078E+00
 cg2d: Sum(rhs),rhsMax =   5.82645043323282E-13  1.93656094638517E+00
 cg2d: Sum(rhs),rhsMax =   7.81597009336110E-13  1.93649565141318E+00
 cg2d: Sum(rhs),rhsMax =   8.24229573481716E-13  1.93642988623576E+00
 cg2d: Sum(rhs),rhsMax =   4.54747350886464E-13  1.93636365391401E+00
 cg2d: Sum(rhs),rhsMax =   8.24229573481716E-13  1.93629695787855E+00
 cg2d: Sum(rhs),rhsMax =   8.66862137627322E-13  1.93622980190620E+00
 cg2d: Sum(rhs),rhsMax =   3.26849658449646E-13  1.93616219009444E+00
 cg2d: Sum(rhs),rhsMax =   8.10018718766514E-13  1.93609412683379E+00
(PID.TID 0000.0001) %CHECKPOINT   3111840 ckptA
(PID.TID 0000.0001)   early fc =  0.000000000000000D+00
 --> objf_test(bi,bj)        =  0.189842664522704D+00
(PID.TID 0000.0001)   local fc =  0.189842664522704D+00
(PID.TID 0000.0001)  global fc =  0.322547976275027D+00
(PID.TID 0000.0001) whio : write lev 2 rec   1
(PID.TID 0000.0001) SOLVE_FOR_PRESSURE: putPmEinXvector =    F
 cg2d: Sum(rhs),rhsMax =   8.52651282912120E-13  1.99900718163814E+00
 cg2d: Sum(rhs),rhsMax =   7.81597009336110E-13  1.99891722427463E+00
 cg2d: Sum(rhs),rhsMax =   1.50635059981141E-12  1.99882649286104E+00
 cg2d: Sum(rhs),rhsMax =   5.82645043323282E-13  1.99873498159962E+00
 cg2d: Sum(rhs),rhsMax =   9.37916411203332E-13  1.99864269010628E+00
 cg2d: Sum(rhs),rhsMax =   3.26849658449646E-13  1.99854961876264E+00
 cg2d: Sum(rhs),rhsMax =   4.54747350886464E-13  1.99845576788955E+00
 cg2d: Sum(rhs),rhsMax =   5.25801624462474E-13  1.99836113784468E+00
 cg2d: Sum(rhs),rhsMax =   3.41060513164848E-13  1.99826572897853E+00
 cg2d: Sum(rhs),rhsMax =   9.37916411203332E-13  1.99816954154800E+00
 cg2d: Sum(rhs),rhsMax =   3.69482222595252E-13  1.99807257570752E+00
 cg2d: Sum(rhs),rhsMax =   9.37916411203332E-13  1.99797483157076E+00
 cg2d: Sum(rhs),rhsMax =   4.97379915032070E-13  1.99787630928802E+00
 cg2d: Sum(rhs),rhsMax =   8.52651282912120E-13  1.99777700909586E+00
 cg2d: Sum(rhs),rhsMax =   8.24229573481716E-13  1.99767693132623E+00
 cg2d: Sum(rhs),rhsMax =   5.68434188608080E-13  1.99757607638737E+00
 cg2d: Sum(rhs),rhsMax =   7.10542735760100E-13  1.99747444473723E+00
 cg2d: Sum(rhs),rhsMax =   8.81072992342524E-13  1.99737203686449E+00
 cg2d: Sum(rhs),rhsMax =   6.25277607468888E-13  1.99726885328106E+00
 cg2d: Sum(rhs),rhsMax =   7.81597009336110E-13  1.99716489452377E+00
 cg2d: Sum(rhs),rhsMax =   3.12638803734444E-13  1.99706016115903E+00
 cg2d: Sum(rhs),rhsMax =   3.83693077310454E-13  1.99695465378713E+00
 cg2d: Sum(rhs),rhsMax =   5.68434188608080E-13  1.99684837304370E+00
 cg2d: Sum(rhs),rhsMax =   4.26325641456060E-13  1.99674131959909E+00
 cg2d: Sum(rhs),rhsMax =   3.83693077310454E-13  1.99663349415570E+00
 cg2d: Sum(rhs),rhsMax =   5.40012479177676E-13  1.99652489744398E+00
 cg2d: Sum(rhs),rhsMax =   5.68434188608080E-13  1.99641553021776E+00
 cg2d: Sum(rhs),rhsMax =   7.67386154620908E-13  1.99630539324887E+00
 cg2d: Sum(rhs),rhsMax =   1.26476606965298E-12  1.99619448732192E+00
 cg2d: Sum(rhs),rhsMax =   3.26849658449646E-13  1.99608281322969E+00
 cg2d: Sum(rhs),rhsMax =  -2.41584530158434E-13  1.99597037176933E+00
 cg2d: Sum(rhs),rhsMax =   6.82121026329696E-13  1.99585716374004E+00
 cg2d: Sum(rhs),rhsMax =   7.38964445190504E-13  1.99574318994199E+00
 cg2d: Sum(rhs),rhsMax =   4.83169060316868E-13  1.99562845117595E+00
 cg2d: Sum(rhs),rhsMax =   8.52651282912120E-13  1.99551294824340E+00
 cg2d: Sum(rhs),rhsMax =   5.54223333892878E-13  1.99539668194636E+00
 cg2d: Sum(rhs),rhsMax =   7.81597009336110E-13  1.99527965308675E+00
 cg2d: Sum(rhs),rhsMax =   8.66862137627322E-13  1.99516186246490E+00
 cg2d: Sum(rhs),rhsMax =   6.39488462184090E-13  1.99504331087728E+00
 cg2d: Sum(rhs),rhsMax =   7.10542735760100E-14  1.99492399911349E+00
 cg2d: Sum(rhs),rhsMax =   1.70530256582424E-13  1.99480392795287E+00
 cg2d: Sum(rhs),rhsMax =   7.38964445190504E-13  1.99468309816143E+00
 cg2d: Sum(rhs),rhsMax =   9.80548975348938E-13  1.99456151048905E+00
 cg2d: Sum(rhs),rhsMax =   8.52651282912120E-13  1.99443916566721E+00
 cg2d: Sum(rhs),rhsMax =   1.12265752250096E-12  1.99431606440727E+00
 cg2d: Sum(rhs),rhsMax =   6.11066752753686E-13  1.99419220739920E+00
 cg2d: Sum(rhs),rhsMax =   6.82121026329696E-13  1.99406759531059E+00
 cg2d: Sum(rhs),rhsMax =   4.40536496171262E-13  1.99394222878600E+00
 cg2d: Sum(rhs),rhsMax =   5.11590769747272E-13  1.99381610844648E+00
 cg2d: Sum(rhs),rhsMax =   6.25277607468888E-13  1.99368923488917E+00
 cg2d: Sum(rhs),rhsMax =   1.06581410364015E-12  1.99356160868705E+00
 cg2d: Sum(rhs),rhsMax =   6.53699316899292E-13  1.99343323038886E+00
 cg2d: Sum(rhs),rhsMax =   5.11590769747272E-13  1.99330410051913E+00
 cg2d: Sum(rhs),rhsMax =   8.10018718766514E-13  1.99317421957839E+00
 cg2d: Sum(rhs),rhsMax =   7.38964445190504E-13  1.99304358804364E+00
 cg2d: Sum(rhs),rhsMax =   1.06581410364015E-12  1.99291220636902E+00
 cg2d: Sum(rhs),rhsMax =   4.97379915032070E-13  1.99278007498672E+00
 cg2d: Sum(rhs),rhsMax =   7.95807864051312E-13  1.99264719430797E+00
 cg2d: Sum(rhs),rhsMax =   7.24753590475302E-13  1.99251356472431E+00
 cg2d: Sum(rhs),rhsMax =   5.40012479177676E-13  1.99237918660897E+00
 cg2d: Sum(rhs),rhsMax =   5.96855898038484E-13  1.99224406031819E+00
 cg2d: Sum(rhs),rhsMax =   1.00897068477934E-12  1.99210818619292E+00
 cg2d: Sum(rhs),rhsMax =   7.95807864051312E-13  1.99197156456023E+00
 cg2d: Sum(rhs),rhsMax =   8.10018718766514E-13  1.99183419573504E+00
 cg2d: Sum(rhs),rhsMax =   4.54747350886464E-13  1.99169608002185E+00
 cg2d: Sum(rhs),rhsMax =   4.83169060316868E-13  1.99155721771640E+00
 cg2d: Sum(rhs),rhsMax =   6.96331881044898E-13  1.99141760910769E+00
 cg2d: Sum(rhs),rhsMax =   2.41584530158434E-13  1.99127725447975E+00
 cg2d: Sum(rhs),rhsMax =   6.39488462184090E-13  1.99113615411376E+00
 cg2d: Sum(rhs),rhsMax =   7.10542735760100E-13  1.99099430829005E+00
 cg2d: Sum(rhs),rhsMax =   8.24229573481716E-13  1.99085171729027E+00
 cg2d: Sum(rhs),rhsMax =   3.26849658449646E-13  1.99070838139951E+00
(PID.TID 0000.0001) whio : write lev 2 rec   2
 cg2d: Sum(rhs),rhsMax =   1.05160324892495E-12  1.99056430090849E+00
 cg2d: Sum(rhs),rhsMax =   5.68434188608080E-13  1.99041947611577E+00
 cg2d: Sum(rhs),rhsMax =   2.55795384873636E-13  1.99027390732974E+00
 cg2d: Sum(rhs),rhsMax =   5.96855898038484E-13  1.99012759487094E+00
 cg2d: Sum(rhs),rhsMax =   3.26849658449646E-13  1.98998053907398E+00
 cg2d: Sum(rhs),rhsMax =   5.40012479177676E-13  1.98983274028953E+00
 cg2d: Sum(rhs),rhsMax =   8.81072992342524E-13  1.98968419888621E+00
 cg2d: Sum(rhs),rhsMax =   4.68958205601666E-13  1.98953491525243E+00
 cg2d: Sum(rhs),rhsMax =   3.97903932025656E-13  1.98938488979809E+00
 cg2d: Sum(rhs),rhsMax =   1.12265752250096E-12  1.98923412295613E+00
 cg2d: Sum(rhs),rhsMax =   4.97379915032070E-13  1.98908261518407E+00
 cg2d: Sum(rhs),rhsMax =   1.03739239420975E-12  1.98893036696536E+00
 cg2d: Sum(rhs),rhsMax =   3.97903932025656E-13  1.98877737881065E+00
 cg2d: Sum(rhs),rhsMax =   4.54747350886464E-13  1.98862365125883E+00
 cg2d: Sum(rhs),rhsMax =   7.95807864051312E-13  1.98846918487815E+00
 cg2d: Sum(rhs),rhsMax =   9.66338120633736E-13  1.98831398026689E+00
 cg2d: Sum(rhs),rhsMax =   9.23705556488130E-13  1.98815803805426E+00
 cg2d: Sum(rhs),rhsMax =   9.23705556488130E-13  1.98800135890080E+00
 cg2d: Sum(rhs),rhsMax =   2.27373675443232E-13  1.98784394349884E+00
 cg2d: Sum(rhs),rhsMax =   9.80548975348938E-13  1.98768579257287E+00
 cg2d: Sum(rhs),rhsMax =   4.40536496171262E-13  1.98752690687945E+00
 cg2d: Sum(rhs),rhsMax =   8.10018718766514E-13  1.98736728720735E+00
 cg2d: Sum(rhs),rhsMax =   2.27373675443232E-13  1.98720693437723E+00
 cg2d: Sum(rhs),rhsMax =   6.96331881044898E-13  1.98704584924140E+00
 cg2d: Sum(rhs),rhsMax =   7.67386154620908E-13  1.98688403268324E+00
 cg2d: Sum(rhs),rhsMax =   1.98951966012828E-13  1.98672148561659E+00
 cg2d: Sum(rhs),rhsMax =   5.40012479177676E-13  1.98655820898490E+00
 cg2d: Sum(rhs),rhsMax =   6.67910171614494E-13  1.98639420376027E+00
 cg2d: Sum(rhs),rhsMax =   4.40536496171262E-13  1.98622947094271E+00
 cg2d: Sum(rhs),rhsMax =   8.52651282912120E-13  1.98606401155908E+00
 cg2d: Sum(rhs),rhsMax =   4.54747350886464E-13  1.98589782666181E+00
 cg2d: Sum(rhs),rhsMax =   1.05160324892495E-12  1.98573091732729E+00
 cg2d: Sum(rhs),rhsMax =   2.98427949019242E-13  1.98556328465445E+00
 cg2d: Sum(rhs),rhsMax =   7.53175299905706E-13  1.98539492976335E+00
 cg2d: Sum(rhs),rhsMax =   7.81597009336110E-13  1.98522585379359E+00
 cg2d: Sum(rhs),rhsMax =   5.96855898038484E-13  1.98505605790274E+00
 cg2d: Sum(rhs),rhsMax =   5.82645043323282E-13  1.98488554326477E+00
 cg2d: Sum(rhs),rhsMax =   6.39488462184090E-13  1.98471431106829E+00
 cg2d: Sum(rhs),rhsMax =   4.68958205601666E-13  1.98454236251496E+00
 cg2d: Sum(rhs),rhsMax =   1.70530256582424E-13  1.98436969881764E+00
 cg2d: Sum(rhs),rhsMax =   9.23705556488130E-13  1.98419632119872E+00
 cg2d: Sum(rhs),rhsMax =   6.67910171614494E-13  1.98402223088842E+00
 cg2d: Sum(rhs),rhsMax =   2.27373675443232E-13  1.98384742912312E+00
 cg2d: Sum(rhs),rhsMax =   4.97379915032070E-13  1.98367191714351E+00
 cg2d: Sum(rhs),rhsMax =   7.10542735760100E-13  1.98349569619308E+00
 cg2d: Sum(rhs),rhsMax =   8.52651282912120E-13  1.98331876751651E+00
 cg2d: Sum(rhs),rhsMax =   8.81072992342524E-13  1.98314113235799E+00
 cg2d: Sum(rhs),rhsMax =   8.52651282912120E-13  1.98296279195984E+00
 cg2d: Sum(rhs),rhsMax =   1.02318153949454E-12  1.98278374756094E+00
 cg2d: Sum(rhs),rhsMax =   6.53699316899292E-13  1.98260400039550E+00
 cg2d: Sum(rhs),rhsMax =   4.68958205601666E-13  1.98242355169166E+00
 cg2d: Sum(rhs),rhsMax =   4.83169060316868E-13  1.98224240267025E+00
 cg2d: Sum(rhs),rhsMax =   7.38964445190504E-13  1.98206055454376E+00
 cg2d: Sum(rhs),rhsMax =   8.95283847057726E-13  1.98187800851551E+00
 cg2d: Sum(rhs),rhsMax =   7.67386154620908E-13  1.98169476577865E+00
 cg2d: Sum(rhs),rhsMax =   1.02318153949454E-12  1.98151082751545E+00
 cg2d: Sum(rhs),rhsMax =   5.40012479177676E-13  1.98132619489648E+00
 cg2d: Sum(rhs),rhsMax =   5.40012479177676E-13  1.98114086908013E+00
 cg2d: Sum(rhs),rhsMax =   6.53699316899292E-13  1.98095485121213E+00
 cg2d: Sum(rhs),rhsMax =   8.81072992342524E-13  1.98076814242527E+00
 cg2d: Sum(rhs),rhsMax =   5.11590769747272E-13  1.98058074383928E+00
 cg2d: Sum(rhs),rhsMax =   2.13162820728030E-13  1.98039265656073E+00
 cg2d: Sum(rhs),rhsMax =   4.97379915032070E-13  1.98020388168304E+00
 cg2d: Sum(rhs),rhsMax =   8.52651282912120E-13  1.98001442028673E+00
 cg2d: Sum(rhs),rhsMax =   7.38964445190504E-13  1.97982427343966E+00
 cg2d: Sum(rhs),rhsMax =   7.53175299905706E-13  1.97963344219734E+00
 cg2d: Sum(rhs),rhsMax =   3.55271367880050E-13  1.97944192760356E+00
 cg2d: Sum(rhs),rhsMax =   3.97903932025656E-13  1.97924973069082E+00
 cg2d: Sum(rhs),rhsMax =   7.53175299905706E-13  1.97905685248117E+00
 cg2d: Sum(rhs),rhsMax =   7.53175299905706E-13  1.97886329398688E+00
 cg2d: Sum(rhs),rhsMax =   6.11066752753686E-13  1.97866905621136E+00
 cg2d: Sum(rhs),rhsMax =   6.53699316899292E-13  1.97847414015006E+00
(PID.TID 0000.0001) whio : write lev 2 rec   3
 cg2d: Sum(rhs),rhsMax =   5.25801624462474E-13  1.97827854679158E+00
 cg2d: Sum(rhs),rhsMax =   2.13162820728030E-13  1.97808227711866E+00
 cg2d: Sum(rhs),rhsMax =   3.97903932025656E-13  1.97788533210936E+00
 cg2d: Sum(rhs),rhsMax =   4.83169060316868E-13  1.97768771273827E+00
 cg2d: Sum(rhs),rhsMax =   5.68434188608080E-13  1.97748941997780E+00
 cg2d: Sum(rhs),rhsMax =   8.52651282912120E-13  1.97729045479931E+00
 cg2d: Sum(rhs),rhsMax =   5.25801624462474E-13  1.97709081817457E+00
 cg2d: Sum(rhs),rhsMax =   5.11590769747272E-13  1.97689051107700E+00
 cg2d: Sum(rhs),rhsMax =   7.24753590475302E-13  1.97668953448292E+00
 cg2d: Sum(rhs),rhsMax =   4.83169060316868E-13  1.97648788937311E+00
 cg2d: Sum(rhs),rhsMax =   4.26325641456060E-13  1.97628557673392E+00
 cg2d: Sum(rhs),rhsMax =   8.38440428196918E-13  1.97608259755867E+00
 cg2d: Sum(rhs),rhsMax =   7.38964445190504E-13  1.97587895284890E+00
 cg2d: Sum(rhs),rhsMax =   4.40536496171262E-13  1.97567464361575E+00
 cg2d: Sum(rhs),rhsMax =   5.40012479177676E-13  1.97546967088098E+00
 cg2d: Sum(rhs),rhsMax =   7.67386154620908E-13  1.97526403567837E+00
 cg2d: Sum(rhs),rhsMax =   4.83169060316868E-13  1.97505773905462E+00
 cg2d: Sum(rhs),rhsMax =   8.24229573481716E-13  1.97485078207062E+00
 cg2d: Sum(rhs),rhsMax =   4.40536496171262E-13  1.97464316580237E+00
 cg2d: Sum(rhs),rhsMax =   5.11590769747272E-13  1.97443489134190E+00
 cg2d: Sum(rhs),rhsMax =   7.38964445190504E-13  1.97422595979816E+00
 cg2d: Sum(rhs),rhsMax =   7.81597009336110E-13  1.97401637229787E+00
 cg2d: Sum(rhs),rhsMax =   5.40012479177676E-13  1.97380612998610E+00
 cg2d: Sum(rhs),rhsMax =   3.83693077310454E-13  1.97359523402704E+00
 cg2d: Sum(rhs),rhsMax =   6.82121026329696E-13  1.97338368560446E+00
 cg2d: Sum(rhs),rhsMax =   6.82121026329696E-13  1.97317148592217E+00
 cg2d: Sum(rhs),rhsMax =   4.40536496171262E-13  1.97295863620440E+00
 cg2d: Sum(rhs),rhsMax =   6.39488462184090E-13  1.97274513769602E+00
 cg2d: Sum(rhs),rhsMax =   4.97379915032070E-13  1.97253099166276E+00
 cg2d: Sum(rhs),rhsMax =   5.40012479177676E-13  1.97231619939129E+00
 cg2d: Sum(rhs),rhsMax =   9.94759830064140E-13  1.97210076218916E+00
 cg2d: Sum(rhs),rhsMax =   5.54223333892878E-13  1.97188468138468E+00
 cg2d: Sum(rhs),rhsMax =   5.40012479177676E-13  1.97166795832684E+00
 cg2d: Sum(rhs),rhsMax =   2.41584530158434E-13  1.97145059438484E+00
 cg2d: Sum(rhs),rhsMax =   2.13162820728030E-13  1.97123259094787E+00
 cg2d: Sum(rhs),rhsMax =   3.83693077310454E-13  1.97101394942454E+00
 cg2d: Sum(rhs),rhsMax =   7.38964445190504E-13  1.97079467124240E+00
 cg2d: Sum(rhs),rhsMax =   4.97379915032070E-13  1.97057475784731E+00
 cg2d: Sum(rhs),rhsMax =   5.68434188608080E-13  1.97035421070274E+00
 cg2d: Sum(rhs),rhsMax =   3.26849658449646E-13  1.97013303128896E+00
 cg2d: Sum(rhs),rhsMax =   9.52127265918534E-13  1.96991122110236E+00
 cg2d: Sum(rhs),rhsMax =   9.23705556488130E-13  1.96968878165438E+00
 cg2d: Sum(rhs),rhsMax =   9.94759830064140E-14  1.96946571447079E+00
 cg2d: Sum(rhs),rhsMax =   8.10018718766514E-13  1.96924202109055E+00
 cg2d: Sum(rhs),rhsMax =   5.40012479177676E-13  1.96901770306481E+00
 cg2d: Sum(rhs),rhsMax =   5.96855898038484E-13  1.96879276195601E+00
 cg2d: Sum(rhs),rhsMax =   6.82121026329696E-13  1.96856719933661E+00
 cg2d: Sum(rhs),rhsMax =   1.19371179607697E-12  1.96834101678808E+00
 cg2d: Sum(rhs),rhsMax =   4.12114786740858E-13  1.96811421589974E+00
 cg2d: Sum(rhs),rhsMax =   5.25801624462474E-13  1.96788679826769E+00
 cg2d: Sum(rhs),rhsMax =   8.24229573481716E-13  1.96765876549382E+00
 cg2d: Sum(rhs),rhsMax =   3.12638803734444E-13  1.96743011918473E+00
 cg2d: Sum(rhs),rhsMax =   4.40536496171262E-13  1.96720086095064E+00
 cg2d: Sum(rhs),rhsMax =   8.81072992342524E-13  1.96697099240417E+00
 cg2d: Sum(rhs),rhsMax =   6.67910171614494E-13  1.96674051515921E+00
 cg2d: Sum(rhs),rhsMax =   9.09494701772928E-13  1.96650943082984E+00
 cg2d: Sum(rhs),rhsMax =   6.53699316899292E-13  1.96627774102937E+00
 cg2d: Sum(rhs),rhsMax =   4.54747350886464E-13  1.96604544736946E+00
 cg2d: Sum(rhs),rhsMax =   6.39488462184090E-13  1.96581255145918E+00
 cg2d: Sum(rhs),rhsMax =   1.00897068477934E-12  1.96557905490431E+00
 cg2d: Sum(rhs),rhsMax =   6.53699316899292E-13  1.96534495930641E+00
 cg2d: Sum(rhs),rhsMax =   2.84217094304040E-13  1.96511026626221E+00
 cg2d: Sum(rhs),rhsMax =   5.96855898038484E-13  1.96487497736279E+00
 cg2d: Sum(rhs),rhsMax =   8.66862137627322E-13  1.96463909419305E+00
 cg2d: Sum(rhs),rhsMax =   1.15107923193136E-12  1.96440261833110E+00
 cg2d: Sum(rhs),rhsMax =   9.52127265918534E-13  1.96416555134775E+00
 cg2d: Sum(rhs),rhsMax =   2.55795384873636E-13  1.96392789480618E+00
 cg2d: Sum(rhs),rhsMax =   3.83693077310454E-13  1.96368965026149E+00
 cg2d: Sum(rhs),rhsMax =   3.83693077310454E-13  1.96345081926057E+00
 cg2d: Sum(rhs),rhsMax =   6.96331881044898E-13  1.96321140334176E+00
 cg2d: Sum(rhs),rhsMax =   5.11590769747272E-13  1.96297140403481E+00
 cg2d: Sum(rhs),rhsMax =   8.95283847057726E-13  1.96273082286086E+00
(PID.TID 0000.0001) whio : write lev 2 rec   4
 cg2d: Sum(rhs),rhsMax =   7.24753590475302E-13  1.96248966133242E+00
 cg2d: Sum(rhs),rhsMax =   1.08002495835535E-12  1.96224792095346E+00
 cg2d: Sum(rhs),rhsMax =   7.67386154620908E-13  1.96200560321962E+00
 cg2d: Sum(rhs),rhsMax =   1.00897068477934E-12  1.96176270961842E+00
 cg2d: Sum(rhs),rhsMax =   3.69482222595252E-13  1.96151924162961E+00
 cg2d: Sum(rhs),rhsMax =   1.13686837721616E-12  1.96127520072553E+00
 cg2d: Sum(rhs),rhsMax =   5.40012479177676E-13  1.96103058837147E+00
 cg2d: Sum(rhs),rhsMax =   5.25801624462474E-13  1.96078540602631E+00
 cg2d: Sum(rhs),rhsMax =   5.82645043323282E-13  1.96053965514300E+00
 cg2d: Sum(rhs),rhsMax =   3.41060513164848E-13  1.96029333716912E+00
 cg2d: Sum(rhs),rhsMax =   7.24753590475302E-13  1.96004645354762E+00
 cg2d: Sum(rhs),rhsMax =   7.10542735760100E-13  1.95979900571744E+00
 cg2d: Sum(rhs),rhsMax =   1.36424205265939E-12  1.95955099511424E+00
 cg2d: Sum(rhs),rhsMax =   8.52651282912120E-13  1.95930242317123E+00
 cg2d: Sum(rhs),rhsMax =   8.24229573481716E-13  1.95905329131984E+00
 cg2d: Sum(rhs),rhsMax =   6.53699316899292E-13  1.95880360099056E+00
 cg2d: Sum(rhs),rhsMax =   4.54747350886464E-13  1.95855335361380E+00
 cg2d: Sum(rhs),rhsMax =   3.69482222595252E-13  1.95830255062066E+00
 cg2d: Sum(rhs),rhsMax =   5.82645043323282E-13  1.95805119344379E+00
 cg2d: Sum(rhs),rhsMax =   7.10542735760100E-13  1.95779928351826E+00
 cg2d: Sum(rhs),rhsMax =   7.67386154620908E-13  1.95754682228241E+00
 cg2d: Sum(rhs),rhsMax =   3.41060513164848E-13  1.95729381117865E+00
 cg2d: Sum(rhs),rhsMax =   7.67386154620908E-13  1.95704025165433E+00
 cg2d: Sum(rhs),rhsMax =   4.40536496171262E-13  1.95678614516253E+00
 cg2d: Sum(rhs),rhsMax =   4.12114786740858E-13  1.95653149316289E+00
 cg2d: Sum(rhs),rhsMax =   6.25277607468888E-13  1.95627629712234E+00
 cg2d: Sum(rhs),rhsMax =   3.26849658449646E-13  1.95602055851583E+00
 cg2d: Sum(rhs),rhsMax =   3.26849658449646E-13  1.95576427882672E+00
 cg2d: Sum(rhs),rhsMax =   4.97379915032070E-13  1.95550745954742E+00
 cg2d: Sum(rhs),rhsMax =   4.40536496171262E-13  1.95525010218045E+00
 cg2d: Sum(rhs),rhsMax =   6.25277607468888E-13  1.95499220823937E+00
 cg2d: Sum(rhs),rhsMax =   9.09494701772928E-13  1.95473377924937E+00
 cg2d: Sum(rhs),rhsMax =   5.54223333892878E-13  1.95447481674723E+00
 cg2d: Sum(rhs),rhsMax =   7.38964445190504E-13  1.95421532228136E+00
 cg2d: Sum(rhs),rhsMax =   5.68434188608080E-13  1.95395529741213E+00
 cg2d: Sum(rhs),rhsMax =   1.20792265079217E-12  1.95369474371237E+00
 cg2d: Sum(rhs),rhsMax =   6.67910171614494E-13  1.95343366276768E+00
 cg2d: Sum(rhs),rhsMax =   4.54747350886464E-13  1.95317205617682E+00
 cg2d: Sum(rhs),rhsMax =   5.54223333892878E-13  1.95290992555179E+00
 cg2d: Sum(rhs),rhsMax =   7.10542735760100E-13  1.95264727251788E+00
 cg2d: Sum(rhs),rhsMax =   5.25801624462474E-13  1.95238409871382E+00
 cg2d: Sum(rhs),rhsMax =   9.94759830064140E-14  1.95212040579161E+00
 cg2d: Sum(rhs),rhsMax =   6.11066752753686E-13  1.95185619541651E+00
 cg2d: Sum(rhs),rhsMax =   3.41060513164848E-13  1.95159146926691E+00
 cg2d: Sum(rhs),rhsMax =   7.67386154620908E-13  1.95132622903414E+00
 cg2d: Sum(rhs),rhsMax =   9.94759830064140E-14  1.95106047642222E+00
 cg2d: Sum(rhs),rhsMax =   3.97903932025656E-13  1.95079421314756E+00
 cg2d: Sum(rhs),rhsMax =   8.24229573481716E-13  1.95052744093867E+00
 cg2d: Sum(rhs),rhsMax =   8.38440428196918E-13  1.95026016153578E+00
 cg2d: Sum(rhs),rhsMax =   6.25277607468888E-13  1.94999237669033E+00
 cg2d: Sum(rhs),rhsMax =   4.12114786740858E-13  1.94972408816461E+00
 cg2d: Sum(rhs),rhsMax =   6.25277607468888E-13  1.94945529773121E+00
 cg2d: Sum(rhs),rhsMax =   8.66862137627322E-13  1.94918600717248E+00
 cg2d: Sum(rhs),rhsMax =   7.38964445190504E-13  1.94891621827997E+00
 cg2d: Sum(rhs),rhsMax =   6.96331881044898E-13  1.94864593285385E+00
 cg2d: Sum(rhs),rhsMax =   4.83169060316868E-13  1.94837515270227E+00
 cg2d: Sum(rhs),rhsMax =   7.24753590475302E-13  1.94810387964077E+00
 cg2d: Sum(rhs),rhsMax =   6.53699316899292E-13  1.94783211549159E+00
 cg2d: Sum(rhs),rhsMax =   3.97903932025656E-13  1.94755986208303E+00
 cg2d: Sum(rhs),rhsMax =   6.11066752753686E-13  1.94728712124878E+00
 cg2d: Sum(rhs),rhsMax =   1.09423581307055E-12  1.94701389482735E+00
 cg2d: Sum(rhs),rhsMax =   1.23634436022257E-12  1.94674018466117E+00
 cg2d: Sum(rhs),rhsMax =   8.24229573481716E-13  1.94646599259623E+00
 cg2d: Sum(rhs),rhsMax =   5.68434188608080E-13  1.94619132048125E+00
 cg2d: Sum(rhs),rhsMax =   7.67386154620908E-13  1.94591617016705E+00
 cg2d: Sum(rhs),rhsMax =   4.97379915032070E-13  1.94564054350604E+00
 cg2d: Sum(rhs),rhsMax =   6.96331881044898E-13  1.94536444235150E+00
 cg2d: Sum(rhs),rhsMax =   1.10844666778576E-12  1.94508786855703E+00
 cg2d: Sum(rhs),rhsMax =   3.83693077310454E-13  1.94481082397608E+00
 cg2d: Sum(rhs),rhsMax =   1.42108547152020E-14  1.94453331046125E+00
 cg2d: Sum(rhs),rhsMax =   7.24753590475302E-13  1.94425532986402E+00
 cg2d: Sum(rhs),rhsMax =   6.96331881044898E-13  1.94397688403403E+00
(PID.TID 0000.0001) whio : write lev 2 rec   5
 cg2d: Sum(rhs),rhsMax =   9.09494701772928E-13  1.94369797481884E+00
 cg2d: Sum(rhs),rhsMax =   5.82645043323282E-13  1.94341860406343E+00
 cg2d: Sum(rhs),rhsMax =   7.95807864051312E-13  1.94313877360991E+00
 cg2d: Sum(rhs),rhsMax =   7.53175299905706E-13  1.94285848529712E+00
 cg2d: Sum(rhs),rhsMax =   6.53699316899292E-13  1.94257774096040E+00
 cg2d: Sum(rhs),rhsMax =   7.38964445190504E-13  1.94229654243137E+00
 cg2d: Sum(rhs),rhsMax =   8.81072992342524E-13  1.94201489153768E+00
 cg2d: Sum(rhs),rhsMax =   7.24753590475302E-13  1.94173279010287E+00
 cg2d: Sum(rhs),rhsMax =   6.67910171614494E-13  1.94145023994629E+00
 cg2d: Sum(rhs),rhsMax =   8.81072992342524E-13  1.94116724288296E+00
 cg2d: Sum(rhs),rhsMax =   1.42108547152020E-14  1.94088380072361E+00
 cg2d: Sum(rhs),rhsMax =   8.95283847057726E-13  1.94059991527469E+00
 cg2d: Sum(rhs),rhsMax =   7.10542735760100E-13  1.94031558833834E+00
 cg2d: Sum(rhs),rhsMax =   4.97379915032070E-13  1.94003082171255E+00
 cg2d: Sum(rhs),rhsMax =   6.11066752753686E-13  1.93974561719131E+00
 cg2d: Sum(rhs),rhsMax =   5.96855898038484E-13  1.93945997656475E+00
 cg2d: Sum(rhs),rhsMax =   6.53699316899292E-13  1.93917390161931E+00
 cg2d: Sum(rhs),rhsMax =   7.53175299905706E-13  1.93888739413803E+00
 cg2d: Sum(rhs),rhsMax =   8.10018718766514E-13  1.93860045590081E+00
 cg2d: Sum(rhs),rhsMax =   4.12114786740858E-13  1.93831308868469E+00
 cg2d: Sum(rhs),rhsMax =   6.96331881044898E-13  1.93802529426420E+00
 cg2d: Sum(rhs),rhsMax =   5.25801624462474E-13  1.93773707441167E+00
 cg2d: Sum(rhs),rhsMax =   3.55271367880050E-13  1.93744843089765E+00
 cg2d: Sum(rhs),rhsMax =   5.40012479177676E-13  1.93715936549131E+00
 cg2d: Sum(rhs),rhsMax =   9.66338120633736E-13  1.93686987996079E+00
 cg2d: Sum(rhs),rhsMax =   5.54223333892878E-13  1.93657997607369E+00
 cg2d: Sum(rhs),rhsMax =   1.02318153949454E-12  1.93628965559743E+00
 cg2d: Sum(rhs),rhsMax =   5.96855898038484E-13  1.93599892029981E+00
 cg2d: Sum(rhs),rhsMax =  -4.26325641456060E-14  1.93570777194933E+00
 cg2d: Sum(rhs),rhsMax =   3.83693077310454E-13  1.93541621231575E+00
 cg2d: Sum(rhs),rhsMax =   7.95807864051312E-13  1.93512424317045E+00
 cg2d: Sum(rhs),rhsMax =   2.84217094304040E-13  1.93483186628695E+00
 cg2d: Sum(rhs),rhsMax =   4.54747350886464E-13  1.93453908344132E+00
 cg2d: Sum(rhs),rhsMax =   6.25277607468888E-13  1.93424589641266E+00
 cg2d: Sum(rhs),rhsMax =   7.10542735760100E-13  1.93395230698345E+00
 cg2d: Sum(rhs),rhsMax =   9.37916411203332E-13  1.93365831694005E+00
 cg2d: Sum(rhs),rhsMax =   1.05160324892495E-12  1.93336392807306E+00
 cg2d: Sum(rhs),rhsMax =   9.80548975348938E-13  1.93306914217767E+00
 cg2d: Sum(rhs),rhsMax =   7.38964445190504E-13  1.93277396105408E+00
 cg2d: Sum(rhs),rhsMax =   4.68958205601666E-13  1.93247838650781E+00
 cg2d: Sum(rhs),rhsMax =   7.95807864051312E-13  1.93218242035007E+00
 cg2d: Sum(rhs),rhsMax =   2.13162820728030E-13  1.93188606439799E+00
 cg2d: Sum(rhs),rhsMax =   7.24753590475302E-13  1.93158932047489E+00
 cg2d: Sum(rhs),rhsMax =   8.10018718766514E-13  1.93129219041061E+00
 cg2d: Sum(rhs),rhsMax =   1.10844666778576E-12  1.93099467604166E+00
 cg2d: Sum(rhs),rhsMax =   9.52127265918534E-13  1.93069677921139E+00
 cg2d: Sum(rhs),rhsMax =   3.83693077310454E-13  1.93039850177019E+00
 cg2d: Sum(rhs),rhsMax =   1.02318153949454E-12  1.93009984557559E+00
 cg2d: Sum(rhs),rhsMax =   5.82645043323282E-13  1.92980081249243E+00
 cg2d: Sum(rhs),rhsMax =   8.95283847057726E-13  1.92950140439279E+00
 cg2d: Sum(rhs),rhsMax =   7.10542735760100E-13  1.92920162315618E+00
 cg2d: Sum(rhs),rhsMax =   3.97903932025656E-13  1.92890147066939E+00
 cg2d: Sum(rhs),rhsMax =   7.67386154620908E-13  1.92860094882665E+00
 cg2d: Sum(rhs),rhsMax =   7.10542735760100E-13  1.92830005952937E+00
 cg2d: Sum(rhs),rhsMax =   1.56319401867222E-13  1.92799880468621E+00
 cg2d: Sum(rhs),rhsMax =   4.68958205601666E-13  1.92769718621293E+00
 cg2d: Sum(rhs),rhsMax =   7.38964445190504E-13  1.92739520603222E+00
 cg2d: Sum(rhs),rhsMax =   3.26849658449646E-13  1.92709286607353E+00
 cg2d: Sum(rhs),rhsMax =   5.96855898038484E-13  1.92687610072743E+00
 cg2d: Sum(rhs),rhsMax =   4.40536496171262E-13  1.92700113295450E+00
 cg2d: Sum(rhs),rhsMax =   8.38440428196918E-13  1.92712564430495E+00
 cg2d: Sum(rhs),rhsMax =   9.09494701772928E-13  1.92724963435591E+00
 cg2d: Sum(rhs),rhsMax =   7.24753590475302E-13  1.92737310268716E+00
 cg2d: Sum(rhs),rhsMax =   5.11590769747272E-13  1.92749604888053E+00
 cg2d: Sum(rhs),rhsMax =   8.81072992342524E-13  1.92761847251958E+00
 cg2d: Sum(rhs),rhsMax =   4.26325641456060E-13  1.92774037318898E+00
 cg2d: Sum(rhs),rhsMax =   4.83169060316868E-13  1.92786175047422E+00
 cg2d: Sum(rhs),rhsMax =   5.82645043323282E-13  1.92798260396111E+00
 cg2d: Sum(rhs),rhsMax =   4.40536496171262E-13  1.92810293323547E+00
 cg2d: Sum(rhs),rhsMax =   7.53175299905706E-13  1.92822273788274E+00
 cg2d: Sum(rhs),rhsMax =   2.98427949019242E-13  1.92834201748786E+00
 cg2d: Sum(rhs),rhsMax =   9.09494701772928E-13  1.92846077163464E+00
(PID.TID 0000.0001) whio : write lev 2 rec   6
 cg2d: Sum(rhs),rhsMax =   1.12265752250096E-12  1.92857899990590E+00
 cg2d: Sum(rhs),rhsMax =   1.30739863379858E-12  1.92869670188308E+00
 cg2d: Sum(rhs),rhsMax =   3.12638803734444E-13  1.92881387714620E+00
 cg2d: Sum(rhs),rhsMax =  -5.68434188608080E-14  1.92893052527365E+00
 cg2d: Sum(rhs),rhsMax =   1.02318153949454E-12  1.92904664584226E+00
 cg2d: Sum(rhs),rhsMax =   9.09494701772928E-13  1.92916223842715E+00
 cg2d: Sum(rhs),rhsMax =   6.25277607468888E-13  1.92927730260189E+00
 cg2d: Sum(rhs),rhsMax =   3.97903932025656E-13  1.92939183793842E+00
 cg2d: Sum(rhs),rhsMax =   2.27373675443232E-13  1.92950584400732E+00
 cg2d: Sum(rhs),rhsMax =   6.96331881044898E-13  1.92961932037779E+00
 cg2d: Sum(rhs),rhsMax =   6.82121026329696E-13  1.92973226661784E+00
 cg2d: Sum(rhs),rhsMax =   6.67910171614494E-13  1.92984468229466E+00
 cg2d: Sum(rhs),rhsMax =   1.98951966012828E-13  1.92995656697502E+00
 cg2d: Sum(rhs),rhsMax =   9.80548975348938E-13  1.93006792022564E+00
 cg2d: Sum(rhs),rhsMax =   9.23705556488130E-13  1.93017874161338E+00
 cg2d: Sum(rhs),rhsMax =   7.24753590475302E-13  1.93028903070541E+00
 cg2d: Sum(rhs),rhsMax =   9.23705556488130E-13  1.93039878706967E+00
 cg2d: Sum(rhs),rhsMax =   4.40536496171262E-13  1.93050801027531E+00
 cg2d: Sum(rhs),rhsMax =   6.39488462184090E-13  1.93061669989318E+00
 cg2d: Sum(rhs),rhsMax =   3.41060513164848E-13  1.93072485549639E+00
 cg2d: Sum(rhs),rhsMax =   1.08002495835535E-12  1.93083247666079E+00
 cg2d: Sum(rhs),rhsMax =   8.10018718766514E-13  1.93093956296559E+00
 cg2d: Sum(rhs),rhsMax =   2.84217094304040E-13  1.93104611399374E+00
 cg2d: Sum(rhs),rhsMax =   5.54223333892878E-13  1.93115212933257E+00
 cg2d: Sum(rhs),rhsMax =   5.54223333892878E-13  1.93125760857431E+00
 cg2d: Sum(rhs),rhsMax =   3.83693077310454E-13  1.93136255131335E+00
 cg2d: Sum(rhs),rhsMax =   6.39488462184090E-13  1.93146695714962E+00
 cg2d: Sum(rhs),rhsMax =   3.69482222595252E-13  1.93157082569487E+00
 cg2d: Sum(rhs),rhsMax =   7.67386154620908E-13  1.93167415657220E+00
 cg2d: Sum(rhs),rhsMax =   7.10542735760100E-13  1.93177694941151E+00
 cg2d: Sum(rhs),rhsMax =   3.83693077310454E-13  1.93187920384710E+00
 cg2d: Sum(rhs),rhsMax =   5.11590769747272E-13  1.93198091951891E+00
 cg2d: Sum(rhs),rhsMax =   6.25277607468888E-13  1.93208209607499E+00
 cg2d: Sum(rhs),rhsMax =   8.52651282912120E-13  1.93218273317348E+00
 cg2d: Sum(rhs),rhsMax =   6.67910171614494E-13  1.93228283048342E+00
 cg2d: Sum(rhs),rhsMax =   8.24229573481716E-13  1.93238238768493E+00
 cg2d: Sum(rhs),rhsMax =   3.97903932025656E-13  1.93248140446939E+00
 cg2d: Sum(rhs),rhsMax =   7.67386154620908E-13  1.93257988053936E+00
 cg2d: Sum(rhs),rhsMax =   4.83169060316868E-13  1.93267781560891E+00
 cg2d: Sum(rhs),rhsMax =   7.95807864051312E-13  1.93277520940368E+00
 cg2d: Sum(rhs),rhsMax =   4.26325641456060E-13  1.93287206166122E+00
 cg2d: Sum(rhs),rhsMax =   2.84217094304040E-13  1.93296837213107E+00
 cg2d: Sum(rhs),rhsMax =   6.96331881044898E-13  1.93306414057507E+00
 cg2d: Sum(rhs),rhsMax =   7.95807864051312E-13  1.93315936676738E+00
 cg2d: Sum(rhs),rhsMax =   6.39488462184090E-13  1.93325405049457E+00
 cg2d: Sum(rhs),rhsMax =   6.53699316899292E-13  1.93334819155571E+00
 cg2d: Sum(rhs),rhsMax =   8.66862137627322E-13  1.93344178976227E+00
 cg2d: Sum(rhs),rhsMax =   6.39488462184090E-13  1.93353484493810E+00
 cg2d: Sum(rhs),rhsMax =   7.53175299905706E-13  1.93362735691927E+00
 cg2d: Sum(rhs),rhsMax =   8.95283847057726E-13  1.93371932555399E+00
 cg2d: Sum(rhs),rhsMax =   6.67910171614494E-13  1.93381075070232E+00
 cg2d: Sum(rhs),rhsMax =   7.67386154620908E-13  1.93390163223594E+00
 cg2d: Sum(rhs),rhsMax =   1.27897692436818E-12  1.93399197003795E+00
 cg2d: Sum(rhs),rhsMax =   9.66338120633736E-13  1.93408176400248E+00
 cg2d: Sum(rhs),rhsMax =   8.95283847057726E-13  1.93417101403445E+00
 cg2d: Sum(rhs),rhsMax =   1.56319401867222E-13  1.93425972004916E+00
 cg2d: Sum(rhs),rhsMax =   5.96855898038484E-13  1.93434788197188E+00
 cg2d: Sum(rhs),rhsMax =   2.98427949019242E-13  1.93443549973748E+00
 cg2d: Sum(rhs),rhsMax =   5.68434188608080E-13  1.93452257328998E+00
 cg2d: Sum(rhs),rhsMax =   7.81597009336110E-13  1.93460910258195E+00
 cg2d: Sum(rhs),rhsMax =   7.38964445190504E-13  1.93469508757425E+00
 cg2d: Sum(rhs),rhsMax =   9.80548975348938E-13  1.93478052823526E+00
 cg2d: Sum(rhs),rhsMax =   9.94759830064140E-13  1.93486542454047E+00
 cg2d: Sum(rhs),rhsMax =   1.12265752250096E-12  1.93494977647197E+00
 cg2d: Sum(rhs),rhsMax =   5.96855898038484E-13  1.93503358401781E+00
 cg2d: Sum(rhs),rhsMax =   6.25277607468888E-13  1.93511684717146E+00
 cg2d: Sum(rhs),rhsMax =   9.52127265918534E-13  1.93519956593132E+00
 cg2d: Sum(rhs),rhsMax =   5.82645043323282E-13  1.93528174030007E+00
 cg2d: Sum(rhs),rhsMax =   0.00000000000000E+00  1.93536337028419E+00
 cg2d: Sum(rhs),rhsMax =   8.38440428196918E-13  1.93544445589338E+00
 cg2d: Sum(rhs),rhsMax =   6.25277607468888E-13  1.93552499703348E+00
 cg2d: Sum(rhs),rhsMax =   3.83693077310454E-13  1.93560499385334E+00
(PID.TID 0000.0001) whio : write lev 2 rec   7
 cg2d: Sum(rhs),rhsMax =   4.54747350886464E-13  1.93568444643793E+00
 cg2d: Sum(rhs),rhsMax =   9.23705556488130E-13  1.93576335482255E+00
 cg2d: Sum(rhs),rhsMax =   7.67386154620908E-13  1.93584171904080E+00
 cg2d: Sum(rhs),rhsMax =   4.12114786740858E-13  1.93591953913990E+00
 cg2d: Sum(rhs),rhsMax =   4.68958205601666E-13  1.93599681517829E+00
 cg2d: Sum(rhs),rhsMax =   4.12114786740858E-13  1.93607354722011E+00
 cg2d: Sum(rhs),rhsMax =   5.25801624462474E-13  1.93614973533185E+00
 cg2d: Sum(rhs),rhsMax =   6.25277607468888E-13  1.93622537958142E+00
 cg2d: Sum(rhs),rhsMax =   6.67910171614494E-13  1.93630048003734E+00
 cg2d: Sum(rhs),rhsMax =   7.81597009336110E-13  1.93637503676829E+00
 cg2d: Sum(rhs),rhsMax =   1.22213350550737E-12  1.93644904984247E+00
 cg2d: Sum(rhs),rhsMax =   7.10542735760100E-13  1.93652251084128E+00
 cg2d: Sum(rhs),rhsMax =   8.38440428196918E-13  1.93659543271530E+00
 cg2d: Sum(rhs),rhsMax =   7.95807864051312E-13  1.93666781680667E+00
 cg2d: Sum(rhs),rhsMax =   2.27373675443232E-13  1.93673966115095E+00
 cg2d: Sum(rhs),rhsMax =   9.09494701772928E-13  1.93681096496432E+00
 cg2d: Sum(rhs),rhsMax =   8.24229573481716E-13  1.93688172875568E+00
 cg2d: Sum(rhs),rhsMax =   7.10542735760100E-13  1.93695195356343E+00
 cg2d: Sum(rhs),rhsMax =   4.26325641456060E-13  1.93702164043114E+00
 cg2d: Sum(rhs),rhsMax =   5.68434188608080E-13  1.93709079027513E+00
 cg2d: Sum(rhs),rhsMax =   7.95807864051312E-13  1.93715940391678E+00
 cg2d: Sum(rhs),rhsMax =   3.26849658449646E-13  1.93722748211796E+00
 cg2d: Sum(rhs),rhsMax =   4.68958205601666E-13  1.93729502559123E+00
 cg2d: Sum(rhs),rhsMax =   5.68434188608080E-13  1.93736203499913E+00
 cg2d: Sum(rhs),rhsMax =   5.82645043323282E-13  1.93742851095181E+00
 cg2d: Sum(rhs),rhsMax =   6.11066752753686E-13  1.93749445400491E+00
 cg2d: Sum(rhs),rhsMax =   5.82645043323282E-13  1.93755986465778E+00
 cg2d: Sum(rhs),rhsMax =   1.02318153949454E-12  1.93762474335235E+00
 cg2d: Sum(rhs),rhsMax =   8.10018718766514E-13  1.93768909047244E+00
 cg2d: Sum(rhs),rhsMax =   3.97903932025656E-13  1.93775290634385E+00
 cg2d: Sum(rhs),rhsMax =   7.38964445190504E-13  1.93781619123509E+00
 cg2d: Sum(rhs),rhsMax =   8.66862137627322E-13  1.93787894535841E+00
 cg2d: Sum(rhs),rhsMax =   5.96855898038484E-13  1.93794116887126E+00
 cg2d: Sum(rhs),rhsMax =   9.23705556488130E-13  1.93800286187763E+00
 cg2d: Sum(rhs),rhsMax =   6.53699316899292E-13  1.93806402442953E+00
 cg2d: Sum(rhs),rhsMax =   5.11590769747272E-13  1.93812465652821E+00
 cg2d: Sum(rhs),rhsMax =   7.38964445190504E-13  1.93818475812572E+00
 cg2d: Sum(rhs),rhsMax =   3.26849658449646E-13  1.93824432912662E+00
 cg2d: Sum(rhs),rhsMax =   5.54223333892878E-13  1.93830336939038E+00
 cg2d: Sum(rhs),rhsMax =   5.96855898038484E-13  1.93836116298171E+00
 cg2d: Sum(rhs),rhsMax =   6.67910171614494E-13  1.93841858617185E+00
 cg2d: Sum(rhs),rhsMax =   3.26849658449646E-13  1.93847548238650E+00
 cg2d: Sum(rhs),rhsMax =   4.68958205601666E-13  1.93853178913936E+00
 cg2d: Sum(rhs),rhsMax =   6.39488462184090E-13  1.93858751002915E+00
 cg2d: Sum(rhs),rhsMax =   9.66338120633736E-13  1.93864263962979E+00
 cg2d: Sum(rhs),rhsMax =   1.08002495835535E-12  1.93869716680955E+00
 cg2d: Sum(rhs),rhsMax =   8.66862137627322E-13  1.93875108089981E+00
 cg2d: Sum(rhs),rhsMax =   7.38964445190504E-13  1.93880437202617E+00
 cg2d: Sum(rhs),rhsMax =   2.84217094304040E-13  1.93885703078106E+00
 cg2d: Sum(rhs),rhsMax =   8.24229573481716E-13  1.93890904828486E+00
 cg2d: Sum(rhs),rhsMax =   2.70006239588838E-13  1.93896041633172E+00
 cg2d: Sum(rhs),rhsMax =   2.55795384873636E-13  1.93901112748906E+00
 cg2d: Sum(rhs),rhsMax =   7.38964445190504E-13  1.93906117516033E+00
 cg2d: Sum(rhs),rhsMax =   8.66862137627322E-13  1.93911055363119E+00
 cg2d: Sum(rhs),rhsMax =   8.38440428196918E-13  1.93915925810657E+00
 cg2d: Sum(rhs),rhsMax =   1.10844666778576E-12  1.93920728473974E+00
 cg2d: Sum(rhs),rhsMax =   2.84217094304040E-13  1.93925463065388E+00
 cg2d: Sum(rhs),rhsMax =   8.81072992342524E-13  1.93930129395609E+00
 cg2d: Sum(rhs),rhsMax =   8.10018718766514E-13  1.93934727374390E+00
 cg2d: Sum(rhs),rhsMax =   1.98951966012828E-13  1.93939257010398E+00
 cg2d: Sum(rhs),rhsMax =   1.06581410364015E-12  1.93943718410320E+00
 cg2d: Sum(rhs),rhsMax =   1.20792265079217E-12  1.93948111777149E+00
 cg2d: Sum(rhs),rhsMax =   5.82645043323282E-13  1.93952437407735E+00
 cg2d: Sum(rhs),rhsMax =   1.27897692436818E-13  1.93956695689568E+00
 cg2d: Sum(rhs),rhsMax =   9.52127265918534E-13  1.93960887096907E+00
 cg2d: Sum(rhs),rhsMax =   5.82645043323282E-13  1.93965012186296E+00
 cg2d: Sum(rhs),rhsMax =   1.10844666778576E-12  1.93969071591548E+00
 cg2d: Sum(rhs),rhsMax =   9.80548975348938E-13  1.93973066018250E+00
 cg2d: Sum(rhs),rhsMax =   4.40536496171262E-13  1.93976996237832E+00
 cg2d: Sum(rhs),rhsMax =   4.83169060316868E-13  1.93980863081241E+00
 cg2d: Sum(rhs),rhsMax =   9.09494701772928E-13  1.93984667432235E+00
 cg2d: Sum(rhs),rhsMax =   6.67910171614494E-13  1.93988410220343E+00
(PID.TID 0000.0001) whio : write lev 2 rec   8
 cg2d: Sum(rhs),rhsMax =   2.84217094304040E-13  1.93992092413502E+00
 cg2d: Sum(rhs),rhsMax =   4.26325641456060E-13  1.93995715010443E+00
 cg2d: Sum(rhs),rhsMax =   9.23705556488130E-13  1.93999279032857E+00
 cg2d: Sum(rhs),rhsMax =   3.55271367880050E-13  1.94002785517417E+00
 cg2d: Sum(rhs),rhsMax =   3.55271367880050E-13  1.94006235507740E+00
 cg2d: Sum(rhs),rhsMax =   9.80548975348938E-13  1.94009630046311E+00
 cg2d: Sum(rhs),rhsMax =   6.39488462184090E-13  1.94012970166498E+00
 cg2d: Sum(rhs),rhsMax =   5.40012479177676E-13  1.94016256884671E+00
 cg2d: Sum(rhs),rhsMax =   2.55795384873636E-13  1.94019491192529E+00
 cg2d: Sum(rhs),rhsMax =   2.55795384873636E-13  1.94022674049651E+00
 cg2d: Sum(rhs),rhsMax =   9.52127265918534E-13  1.94025806376369E+00
 cg2d: Sum(rhs),rhsMax =   5.68434188608080E-13  1.94028889046982E+00
 cg2d: Sum(rhs),rhsMax =   5.82645043323282E-13  1.94031922883379E+00
 cg2d: Sum(rhs),rhsMax =   4.40536496171262E-13  1.94034908649114E+00
 cg2d: Sum(rhs),rhsMax =   4.83169060316868E-13  1.94037847043970E+00
 cg2d: Sum(rhs),rhsMax =   7.10542735760100E-14  1.94040738699049E+00
 cg2d: Sum(rhs),rhsMax =   8.24229573481716E-13  1.94043584172445E+00
 cg2d: Sum(rhs),rhsMax =   8.52651282912120E-13  1.94046383945504E+00
 cg2d: Sum(rhs),rhsMax =   4.97379915032070E-13  1.94049138419688E+00
 cg2d: Sum(rhs),rhsMax =   8.10018718766514E-13  1.94051847914120E+00
 cg2d: Sum(rhs),rhsMax =   8.38440428196918E-13  1.94054512663751E+00
 cg2d: Sum(rhs),rhsMax =   8.95283847057726E-13  1.94057132818200E+00
 cg2d: Sum(rhs),rhsMax =   6.39488462184090E-13  1.94059708441289E+00
 cg2d: Sum(rhs),rhsMax =   6.67910171614494E-13  1.94062239511220E+00
 cg2d: Sum(rhs),rhsMax =   6.53699316899292E-13  1.94064725921437E+00
 cg2d: Sum(rhs),rhsMax =   7.95807864051312E-13  1.94067167482145E+00
 cg2d: Sum(rhs),rhsMax =   4.26325641456060E-13  1.94069563922471E+00
 cg2d: Sum(rhs),rhsMax =   9.09494701772928E-13  1.94071914893251E+00
 cg2d: Sum(rhs),rhsMax =   8.24229573481716E-13  1.94074219970416E+00
 cg2d: Sum(rhs),rhsMax =   1.23634436022257E-12  1.94076478658954E+00
 cg2d: Sum(rhs),rhsMax =   6.96331881044898E-13  1.94078690397417E+00
 cg2d: Sum(rhs),rhsMax =   2.55795384873636E-13  1.94080854562908E+00
 cg2d: Sum(rhs),rhsMax =   5.54223333892878E-13  1.94082970476562E+00
 cg2d: Sum(rhs),rhsMax =   6.39488462184090E-13  1.94085037409407E+00
 cg2d: Sum(rhs),rhsMax =   5.96855898038484E-13  1.94087054588622E+00
 cg2d: Sum(rhs),rhsMax =   5.96855898038484E-13  1.94089021204094E+00
 cg2d: Sum(rhs),rhsMax =   2.41584530158434E-13  1.94090936415249E+00
 cg2d: Sum(rhs),rhsMax =   8.66862137627322E-13  1.94092799358086E+00
 cg2d: Sum(rhs),rhsMax =   6.67910171614494E-13  1.94094609152381E+00
 cg2d: Sum(rhs),rhsMax =   3.83693077310454E-13  1.94096364908981E+00
 cg2d: Sum(rhs),rhsMax =   7.67386154620908E-13  1.94098065737159E+00
 cg2d: Sum(rhs),rhsMax =   1.22213350550737E-12  1.94099710751947E+00
 cg2d: Sum(rhs),rhsMax =   9.09494701772928E-13  1.94101299081429E+00
 cg2d: Sum(rhs),rhsMax =   4.26325641456060E-13  1.94102829873900E+00
 cg2d: Sum(rhs),rhsMax =   1.42108547152020E-13  1.94104302304881E+00
 cg2d: Sum(rhs),rhsMax =   3.26849658449646E-13  1.94105715583890E+00
 cg2d: Sum(rhs),rhsMax =   3.97903932025656E-13  1.94107068960973E+00
 cg2d: Sum(rhs),rhsMax =  -1.70530256582424E-13  1.94108361732906E+00
 cg2d: Sum(rhs),rhsMax =   6.11066752753686E-13  1.94109593249035E+00
 cg2d: Sum(rhs),rhsMax =   3.69482222595252E-13  1.94110762916709E+00
 cg2d: Sum(rhs),rhsMax =   5.68434188608080E-13  1.94111870206282E+00
 cg2d: Sum(rhs),rhsMax =   6.25277607468888E-13  1.94112914655612E+00
 cg2d: Sum(rhs),rhsMax =   4.40536496171262E-13  1.94113895874055E+00
 cg2d: Sum(rhs),rhsMax =   8.24229573481716E-13  1.94114813545911E+00
 cg2d: Sum(rhs),rhsMax =   5.11590769747272E-13  1.94115667433301E+00
 cg2d: Sum(rhs),rhsMax =   7.67386154620908E-13  1.94116457378441E+00
 cg2d: Sum(rhs),rhsMax =   8.24229573481716E-13  1.94117183305327E+00
 cg2d: Sum(rhs),rhsMax =   2.55795384873636E-13  1.94117845220793E+00
 cg2d: Sum(rhs),rhsMax =   3.83693077310454E-13  1.94118443214945E+00
 cg2d: Sum(rhs),rhsMax =   1.22213350550737E-12  1.94118977460976E+00
 cg2d: Sum(rhs),rhsMax =   3.55271367880050E-13  1.94119448214358E+00
 cg2d: Sum(rhs),rhsMax =   5.25801624462474E-13  1.94119855811438E+00
 cg2d: Sum(rhs),rhsMax =   5.96855898038484E-13  1.94120200667414E+00
 cg2d: Sum(rhs),rhsMax =   8.95283847057726E-13  1.94120483273754E+00
 cg2d: Sum(rhs),rhsMax =   5.68434188608080E-13  1.94120704195050E+00
 cg2d: Sum(rhs),rhsMax =   7.10542735760100E-13  1.94120864065340E+00
 cg2d: Sum(rhs),rhsMax =   7.67386154620908E-13  1.94120963583930E+00
 cg2d: Sum(rhs),rhsMax =   1.98951966012828E-13  1.94121003510755E+00
 cg2d: Sum(rhs),rhsMax =   6.67910171614494E-13  1.94120984661294E+00
 cg2d: Sum(rhs),rhsMax =   1.22213350550737E-12  1.94120907901104E+00
 cg2d: Sum(rhs),rhsMax =   2.84217094304040E-13  1.94120774140009E+00
 cg2d: Sum(rhs),rhsMax =   1.25055521493778E-12  1.94120584325955E+00
(PID.TID 0000.0001) whio : write lev 2 rec   9
 cg2d: Sum(rhs),rhsMax =   6.39488462184090E-13  1.94120339438638E+00
 cg2d: Sum(rhs),rhsMax =   5.68434188608080E-13  1.94120040482903E+00
 cg2d: Sum(rhs),rhsMax =   6.25277607468888E-13  1.94119688481977E+00
 cg2d: Sum(rhs),rhsMax =   1.03739239420975E-12  1.94119284470602E+00
 cg2d: Sum(rhs),rhsMax =   6.39488462184090E-13  1.94118829488098E+00
 cg2d: Sum(rhs),rhsMax =   2.27373675443232E-13  1.94118324571417E+00
 cg2d: Sum(rhs),rhsMax =   1.27897692436818E-13  1.94117770748247E+00
 cg2d: Sum(rhs),rhsMax =   5.54223333892878E-13  1.94117169030199E+00
 cg2d: Sum(rhs),rhsMax =   9.66338120633736E-13  1.94116520406141E+00
 cg2d: Sum(rhs),rhsMax =   1.84741111297626E-13  1.94115825835724E+00
 cg2d: Sum(rhs),rhsMax =   0.00000000000000E+00  1.94115086243142E+00
 cg2d: Sum(rhs),rhsMax =   1.13686837721616E-13  1.94114302511180E+00
 cg2d: Sum(rhs),rhsMax =   5.40012479177676E-13  1.94113475475575E+00
 cg2d: Sum(rhs),rhsMax =   3.26849658449646E-13  1.94112605919766E+00
 cg2d: Sum(rhs),rhsMax =   7.38964445190504E-13  1.94111694570012E+00
 cg2d: Sum(rhs),rhsMax =   2.55795384873636E-13  1.94110742090981E+00
 cg2d: Sum(rhs),rhsMax =   4.40536496171262E-13  1.94109749081763E+00
 cg2d: Sum(rhs),rhsMax =   4.26325641456060E-13  1.94108716072423E+00
 cg2d: Sum(rhs),rhsMax =   7.67386154620908E-13  1.94107643521020E+00
 cg2d: Sum(rhs),rhsMax =   3.97903932025656E-13  1.94106531811194E+00
 cg2d: Sum(rhs),rhsMax =   5.68434188608080E-14  1.94105381250283E+00
 cg2d: Sum(rhs),rhsMax =   9.23705556488130E-13  1.94104192067999E+00
 cg2d: Sum(rhs),rhsMax =   3.41060513164848E-13  1.94102964415676E+00
 cg2d: Sum(rhs),rhsMax =   9.23705556488130E-13  1.94101698366077E+00
 cg2d: Sum(rhs),rhsMax =   6.39488462184090E-13  1.94100393913766E+00
 cg2d: Sum(rhs),rhsMax =   5.68434188608080E-13  1.94099050976039E+00
 cg2d: Sum(rhs),rhsMax =   8.10018718766514E-13  1.94097669394410E+00
 cg2d: Sum(rhs),rhsMax =   3.26849658449646E-13  1.94096248936612E+00
 cg2d: Sum(rhs),rhsMax =   6.96331881044898E-13  1.94094789299137E+00
 cg2d: Sum(rhs),rhsMax =   4.26325641456060E-13  1.94093290110250E+00
 cg2d: Sum(rhs),rhsMax =   5.54223333892878E-13  1.94091750933489E+00
 cg2d: Sum(rhs),rhsMax =   5.96855898038484E-13  1.94090171271587E+00
 cg2d: Sum(rhs),rhsMax =   9.09494701772928E-13  1.94088550570824E+00
 cg2d: Sum(rhs),rhsMax =   7.10542735760100E-13  1.94086888225735E+00
 cg2d: Sum(rhs),rhsMax =   5.96855898038484E-13  1.94085183584171E+00
 cg2d: Sum(rhs),rhsMax =   8.66862137627322E-13  1.94083435952650E+00
 cg2d: Sum(rhs),rhsMax =   6.82121026329696E-13  1.94081644601970E+00
 cg2d: Sum(rhs),rhsMax =   6.82121026329696E-13  1.94079808773037E+00
 cg2d: Sum(rhs),rhsMax =   1.70530256582424E-13  1.94077927682870E+00
 cg2d: Sum(rhs),rhsMax =   1.84741111297626E-13  1.94076000530721E+00
 cg2d: Sum(rhs),rhsMax =   7.81597009336110E-13  1.94074026504293E+00
 cg2d: Sum(rhs),rhsMax =   1.03739239420975E-12  1.94072004785987E+00
 cg2d: Sum(rhs),rhsMax =   5.54223333892878E-13  1.94069934559134E+00
 cg2d: Sum(rhs),rhsMax =   6.82121026329696E-13  1.94067815014182E+00
 cg2d: Sum(rhs),rhsMax =   1.13686837721616E-13  1.94065645354785E+00
 cg2d: Sum(rhs),rhsMax =   4.83169060316868E-13  1.94063424803737E+00
 cg2d: Sum(rhs),rhsMax =   5.82645043323282E-13  1.94061152608741E+00
 cg2d: Sum(rhs),rhsMax =   4.12114786740858E-13  1.94058828047938E+00
 cg2d: Sum(rhs),rhsMax =   2.84217094304040E-13  1.94056450435178E+00
 cg2d: Sum(rhs),rhsMax =   1.10844666778576E-12  1.94054019124994E+00
 cg2d: Sum(rhs),rhsMax =   7.95807864051312E-13  1.94051533517248E+00
 cg2d: Sum(rhs),rhsMax =   3.83693077310454E-13  1.94048993061399E+00
 cg2d: Sum(rhs),rhsMax =   8.66862137627322E-13  1.94046397260394E+00
 cg2d: Sum(rhs),rhsMax =   7.38964445190504E-13  1.94043745674127E+00
 cg2d: Sum(rhs),rhsMax =   1.09423581307055E-12  1.94041037922478E+00
 cg2d: Sum(rhs),rhsMax =   3.55271367880050E-13  1.94038273687867E+00
 cg2d: Sum(rhs),rhsMax =   1.35003119794419E-12  1.94035452717367E+00
 cg2d: Sum(rhs),rhsMax =   5.82645043323282E-13  1.94032574824316E+00
 cg2d: Sum(rhs),rhsMax =   1.06581410364015E-12  1.94029639889434E+00
 cg2d: Sum(rhs),rhsMax =   7.24753590475302E-13  1.94026647861455E+00
 cg2d: Sum(rhs),rhsMax =   4.40536496171262E-13  1.94023598757261E+00
 cg2d: Sum(rhs),rhsMax =   1.13686837721616E-12  1.94020492661519E+00
 cg2d: Sum(rhs),rhsMax =   7.10542735760100E-13  1.94017329725830E+00
 cg2d: Sum(rhs),rhsMax =   2.98427949019242E-13  1.94014110167422E+00
 cg2d: Sum(rhs),rhsMax =   7.38964445190504E-13  1.94010834267353E+00
 cg2d: Sum(rhs),rhsMax =   8.24229573481716E-13  1.94007502368297E+00
 cg2d: Sum(rhs),rhsMax =   8.38440428196918E-13  1.94004114871889E+00
 cg2d: Sum(rhs),rhsMax =   6.25277607468888E-13  1.94000672235680E+00
 cg2d: Sum(rhs),rhsMax =   4.54747350886464E-13  1.93997174969717E+00
 cg2d: Sum(rhs),rhsMax =   6.25277607468888E-13  1.93993623632766E+00
 cg2d: Sum(rhs),rhsMax =  -7.10542735760100E-14  1.93990018828245E+00
 cg2d: Sum(rhs),rhsMax =   9.23705556488130E-13  1.93986361199849E+00
(PID.TID 0000.0001) whio : write lev 2 rec  10
 cg2d: Sum(rhs),rhsMax =   1.00897068477934E-12  1.93982651426949E+00
 cg2d: Sum(rhs),rhsMax =   7.38964445190504E-13  1.93978890219771E+00
 cg2d: Sum(rhs),rhsMax =   6.82121026329696E-13  1.93975078314404E+00
 cg2d: Sum(rhs),rhsMax =   3.41060513164848E-13  1.93971216467670E+00
 cg2d: Sum(rhs),rhsMax =   7.10542735760100E-13  1.93967305451914E+00
 cg2d: Sum(rhs),rhsMax =   1.37845290737459E-12  1.93963346049720E+00
 cg2d: Sum(rhs),rhsMax =   7.53175299905706E-13  1.93959339048612E+00
 cg2d: Sum(rhs),rhsMax =   7.81597009336110E-13  1.93955285235793E+00
 cg2d: Sum(rhs),rhsMax =   4.12114786740858E-13  1.93951185392931E+00
 cg2d: Sum(rhs),rhsMax =   9.94759830064140E-13  1.93947040291042E+00
 cg2d: Sum(rhs),rhsMax =   8.10018718766514E-13  1.93942850685523E+00
 cg2d: Sum(rhs),rhsMax =   9.94759830064140E-13  1.93938617293887E+00
 cg2d: Sum(rhs),rhsMax =   4.83169060316868E-13  1.93934340815041E+00
 cg2d: Sum(rhs),rhsMax =   4.68958205601666E-13  1.93930021947994E+00
 cg2d: Sum(rhs),rhsMax =   7.81597009336110E-13  1.93925661367325E+00
 cg2d: Sum(rhs),rhsMax =   1.17950094136177E-12  1.93921259695431E+00
 cg2d: Sum(rhs),rhsMax =   5.96855898038484E-13  1.93916817495848E+00
 cg2d: Sum(rhs),rhsMax =   3.69482222595252E-13  1.93912335280045E+00
 cg2d: Sum(rhs),rhsMax =   5.11590769747272E-13  1.93907813514694E+00
 cg2d: Sum(rhs),rhsMax =   7.24753590475302E-13  1.93903252623230E+00
 cg2d: Sum(rhs),rhsMax =   9.80548975348938E-13  1.93898652982641E+00
 cg2d: Sum(rhs),rhsMax =   3.55271367880050E-13  1.93894014919155E+00
 cg2d: Sum(rhs),rhsMax =   6.39488462184090E-13  1.93889338705207E+00
 cg2d: Sum(rhs),rhsMax =   3.97903932025656E-13  1.93884624558013E+00
 cg2d: Sum(rhs),rhsMax =   6.11066752753686E-13  1.93879872639174E+00
 cg2d: Sum(rhs),rhsMax =   3.55271367880050E-13  1.93875083054868E+00
 cg2d: Sum(rhs),rhsMax =   7.24753590475302E-13  1.93870255856449E+00
 cg2d: Sum(rhs),rhsMax =   6.96331881044898E-13  1.93865391041391E+00
 cg2d: Sum(rhs),rhsMax =   7.10542735760100E-13  1.93860488554577E+00
 cg2d: Sum(rhs),rhsMax =   1.27897692436818E-12  1.93855548289934E+00
 cg2d: Sum(rhs),rhsMax =   6.53699316899292E-13  1.93850570092378E+00
 cg2d: Sum(rhs),rhsMax =   1.17950094136177E-12  1.93845553760088E+00
 cg2d: Sum(rhs),rhsMax =   4.26325641456060E-13  1.93840499047080E+00
 cg2d: Sum(rhs),rhsMax =   7.81597009336110E-13  1.93835405666091E+00
 cg2d: Sum(rhs),rhsMax =   5.68434188608080E-13  1.93830273291778E+00
 cg2d: Sum(rhs),rhsMax =   5.96855898038484E-13  1.93825101564168E+00
 cg2d: Sum(rhs),rhsMax =   9.52127265918534E-13  1.93819890092369E+00
 cg2d: Sum(rhs),rhsMax =   9.66338120633736E-13  1.93814638458490E+00
 cg2d: Sum(rhs),rhsMax =   2.98427949019242E-13  1.93809346221724E+00
 cg2d: Sum(rhs),rhsMax =   3.26849658449646E-13  1.93804012922544E+00
 cg2d: Sum(rhs),rhsMax =   1.00897068477934E-12  1.93798638086995E+00
 cg2d: Sum(rhs),rhsMax =   2.84217094304040E-13  1.93793221231030E+00
 cg2d: Sum(rhs),rhsMax =   3.12638803734444E-13  1.93787761864862E+00
 cg2d: Sum(rhs),rhsMax =   1.12265752250096E-12  1.93782259497296E+00
 cg2d: Sum(rhs),rhsMax =   5.82645043323282E-13  1.93776713640029E+00
 cg2d: Sum(rhs),rhsMax =   3.26849658449646E-13  1.93771123811878E+00
 cg2d: Sum(rhs),rhsMax =   1.00897068477934E-12  1.93765489542902E+00
 cg2d: Sum(rhs),rhsMax =   2.41584530158434E-13  1.93759810378407E+00
 cg2d: Sum(rhs),rhsMax =   5.82645043323282E-13  1.93754085882786E+00
 cg2d: Sum(rhs),rhsMax =   4.40536496171262E-13  1.93748315643191E+00
 cg2d: Sum(rhs),rhsMax =   2.98427949019242E-13  1.93742499272985E+00
 cg2d: Sum(rhs),rhsMax =   8.95283847057726E-13  1.93736636414964E+00
 cg2d: Sum(rhs),rhsMax =   9.52127265918534E-13  1.93730726744334E+00
 cg2d: Sum(rhs),rhsMax =   5.25801624462474E-13  1.93724769971404E+00
 cg2d: Sum(rhs),rhsMax =   3.55271367880050E-13  1.93718765843993E+00
 cg2d: Sum(rhs),rhsMax =   6.11066752753686E-13  1.93712714149533E+00
 cg2d: Sum(rhs),rhsMax =   4.12114786740858E-13  1.93706614716847E+00
 cg2d: Sum(rhs),rhsMax =   7.67386154620908E-13  1.93700467417615E+00
 cg2d: Sum(rhs),rhsMax =   5.96855898038484E-13  1.93694272167477E+00
 cg2d: Sum(rhs),rhsMax =   2.70006239588838E-13  1.93688028926826E+00
 cg2d: Sum(rhs),rhsMax =   4.40536496171262E-13  1.93681737701242E+00
 cg2d: Sum(rhs),rhsMax =   3.83693077310454E-13  1.93675398541580E+00
 cg2d: Sum(rhs),rhsMax =   2.70006239588838E-13  1.93669011543739E+00
 cg2d: Sum(rhs),rhsMax =   2.27373675443232E-13  1.93662576848078E+00
 cg2d: Sum(rhs),rhsMax =   5.82645043323282E-13  1.93656094638517E+00
 cg2d: Sum(rhs),rhsMax =   7.81597009336110E-13  1.93649565141318E+00
 cg2d: Sum(rhs),rhsMax =   8.24229573481716E-13  1.93642988623576E+00
 cg2d: Sum(rhs),rhsMax =   4.54747350886464E-13  1.93636365391401E+00
 cg2d: Sum(rhs),rhsMax =   8.24229573481716E-13  1.93629695787855E+00
 cg2d: Sum(rhs),rhsMax =   8.66862137627322E-13  1.93622980190620E+00
 cg2d: Sum(rhs),rhsMax =   3.26849658449646E-13  1.93616219009444E+00
 cg2d: Sum(rhs),rhsMax =   8.10018718766514E-13  1.93609412683379E+00
(PID.TID 0000.0001) Did not write pickup because writePickupAtEnd = FALSE
(PID.TID 0000.0001) whio : write lev 2 rec  11
 cg2d: Sum(rhs),rhsMax =   1.00897068477934E-12  1.93982651426949E+00
 cg2d: Sum(rhs),rhsMax =   7.38964445190504E-13  1.93978890219771E+00
 cg2d: Sum(rhs),rhsMax =   6.82121026329696E-13  1.93975078314404E+00
 cg2d: Sum(rhs),rhsMax =   3.41060513164848E-13  1.93971216467670E+00
 cg2d: Sum(rhs),rhsMax =   7.10542735760100E-13  1.93967305451914E+00
 cg2d: Sum(rhs),rhsMax =   1.37845290737459E-12  1.93963346049720E+00
 cg2d: Sum(rhs),rhsMax =   7.53175299905706E-13  1.93959339048612E+00
 cg2d: Sum(rhs),rhsMax =   7.81597009336110E-13  1.93955285235793E+00
 cg2d: Sum(rhs),rhsMax =   4.12114786740858E-13  1.93951185392931E+00
 cg2d: Sum(rhs),rhsMax =   9.94759830064140E-13  1.93947040291042E+00
 cg2d: Sum(rhs),rhsMax =   8.10018718766514E-13  1.93942850685523E+00
 cg2d: Sum(rhs),rhsMax =   9.94759830064140E-13  1.93938617293887E+00
 cg2d: Sum(rhs),rhsMax =   4.83169060316868E-13  1.93934340815041E+00
 cg2d: Sum(rhs),rhsMax =   4.68958205601666E-13  1.93930021947994E+00
 cg2d: Sum(rhs),rhsMax =   7.81597009336110E-13  1.93925661367325E+00
 cg2d: Sum(rhs),rhsMax =   1.17950094136177E-12  1.93921259695431E+00
 cg2d: Sum(rhs),rhsMax =   5.96855898038484E-13  1.93916817495848E+00
 cg2d: Sum(rhs),rhsMax =   3.69482222595252E-13  1.93912335280045E+00
 cg2d: Sum(rhs),rhsMax =   5.11590769747272E-13  1.93907813514694E+00
 cg2d: Sum(rhs),rhsMax =   7.24753590475302E-13  1.93903252623230E+00
 cg2d: Sum(rhs),rhsMax =   9.80548975348938E-13  1.93898652982641E+00
 cg2d: Sum(rhs),rhsMax =   3.55271367880050E-13  1.93894014919155E+00
 cg2d: Sum(rhs),rhsMax =   6.39488462184090E-13  1.93889338705207E+00
 cg2d: Sum(rhs),rhsMax =   3.97903932025656E-13  1.93884624558013E+00
 cg2d: Sum(rhs),rhsMax =   6.11066752753686E-13  1.93879872639174E+00
 cg2d: Sum(rhs),rhsMax =   3.55271367880050E-13  1.93875083054868E+00
 cg2d: Sum(rhs),rhsMax =   7.24753590475302E-13  1.93870255856449E+00
 cg2d: Sum(rhs),rhsMax =   6.96331881044898E-13  1.93865391041391E+00
 cg2d: Sum(rhs),rhsMax =   7.10542735760100E-13  1.93860488554577E+00
 cg2d: Sum(rhs),rhsMax =   1.27897692436818E-12  1.93855548289934E+00
 cg2d: Sum(rhs),rhsMax =   6.53699316899292E-13  1.93850570092378E+00
 cg2d: Sum(rhs),rhsMax =   1.17950094136177E-12  1.93845553760088E+00
 cg2d: Sum(rhs),rhsMax =   4.26325641456060E-13  1.93840499047080E+00
 cg2d: Sum(rhs),rhsMax =   7.81597009336110E-13  1.93835405666091E+00
 cg2d: Sum(rhs),rhsMax =   5.68434188608080E-13  1.93830273291778E+00
 cg2d: Sum(rhs),rhsMax =   5.96855898038484E-13  1.93825101564168E+00
 cg2d: Sum(rhs),rhsMax =   9.52127265918534E-13  1.93819890092369E+00
 cg2d: Sum(rhs),rhsMax =   9.66338120633736E-13  1.93814638458490E+00
 cg2d: Sum(rhs),rhsMax =   2.98427949019242E-13  1.93809346221724E+00
 cg2d: Sum(rhs),rhsMax =   3.26849658449646E-13  1.93804012922544E+00
 cg2d: Sum(rhs),rhsMax =   1.00897068477934E-12  1.93798638086995E+00
 cg2d: Sum(rhs),rhsMax =   2.84217094304040E-13  1.93793221231030E+00
 cg2d: Sum(rhs),rhsMax =   3.12638803734444E-13  1.93787761864862E+00
 cg2d: Sum(rhs),rhsMax =   1.12265752250096E-12  1.93782259497296E+00
 cg2d: Sum(rhs),rhsMax =   5.82645043323282E-13  1.93776713640029E+00
 cg2d: Sum(rhs),rhsMax =   3.26849658449646E-13  1.93771123811878E+00
 cg2d: Sum(rhs),rhsMax =   1.00897068477934E-12  1.93765489542902E+00
 cg2d: Sum(rhs),rhsMax =   2.41584530158434E-13  1.93759810378407E+00
 cg2d: Sum(rhs),rhsMax =   5.82645043323282E-13  1.93754085882786E+00
 cg2d: Sum(rhs),rhsMax =   4.40536496171262E-13  1.93748315643191E+00
 cg2d: Sum(rhs),rhsMax =   2.98427949019242E-13  1.93742499272985E+00
 cg2d: Sum(rhs),rhsMax =   8.95283847057726E-13  1.93736636414964E+00
 cg2d: Sum(rhs),rhsMax =   9.52127265918534E-13  1.93730726744334E+00
 cg2d: Sum(rhs),rhsMax =   5.25801624462474E-13  1.93724769971404E+00
 cg2d: Sum(rhs),rhsMax =   3.55271367880050E-13  1.93718765843993E+00
 cg2d: Sum(rhs),rhsMax =   6.11066752753686E-13  1.93712714149533E+00
 cg2d: Sum(rhs),rhsMax =   4.12114786740858E-13  1.93706614716847E+00
 cg2d: Sum(rhs),rhsMax =   7.67386154620908E-13  1.93700467417615E+00
 cg2d: Sum(rhs),rhsMax =   5.96855898038484E-13  1.93694272167477E+00
 cg2d: Sum(rhs),rhsMax =   2.70006239588838E-13  1.93688028926826E+00
 cg2d: Sum(rhs),rhsMax =   4.40536496171262E-13  1.93681737701242E+00
 cg2d: Sum(rhs),rhsMax =   3.83693077310454E-13  1.93675398541580E+00
 cg2d: Sum(rhs),rhsMax =   2.70006239588838E-13  1.93669011543739E+00
 cg2d: Sum(rhs),rhsMax =   2.27373675443232E-13  1.93662576848078E+00
 cg2d: Sum(rhs),rhsMax =   5.82645043323282E-13  1.93656094638517E+00
 cg2d: Sum(rhs),rhsMax =   7.81597009336110E-13  1.93649565141318E+00
 cg2d: Sum(rhs),rhsMax =   8.24229573481716E-13  1.93642988623576E+00
 cg2d: Sum(rhs),rhsMax =   4.54747350886464E-13  1.93636365391401E+00
 cg2d: Sum(rhs),rhsMax =   8.24229573481716E-13  1.93629695787855E+00
 cg2d: Sum(rhs),rhsMax =   8.66862137627322E-13  1.93622980190620E+00
 cg2d: Sum(rhs),rhsMax =   3.26849658449646E-13  1.93616219009444E+00
 cg2d: Sum(rhs),rhsMax =   8.10018718766514E-13  1.93609412683379E+00
(PID.TID 0000.0001) Did not write pickup because writePickupAtEnd = FALSE
(PID.TID 0000.0001) Did not write pickup because writePickupAtEnd = FALSE
 Calling cg2d from S/R CG2D_MAD
 cg2d: Sum(rhs),rhsMax =   8.30074844698607E-16  1.04201910538688E-04
 Calling cg2d from S/R CG2D_MAD
 cg2d: Sum(rhs),rhsMax =   8.94083789065365E-17  2.44254364932085E-05
 Calling cg2d from S/R CG2D_MAD
 cg2d: Sum(rhs),rhsMax =  -9.79183321915772E-18  5.24357464011449E-06
 Calling cg2d from S/R CG2D_MAD
 cg2d: Sum(rhs),rhsMax =   4.49908749714173E-16  3.83204917753704E-06
 Calling cg2d from S/R CG2D_MAD
 cg2d: Sum(rhs),rhsMax =   1.45468760735096E-15  7.19172774409790E-07
 Calling cg2d from S/R CG2D_MAD
 cg2d: Sum(rhs),rhsMax =  -1.20823490101785E-15  2.81305738502626E-07
 Calling cg2d from S/R CG2D_MAD
 cg2d: Sum(rhs),rhsMax =  -2.22044604925031E-15  1.30663251845390E-07
 Calling cg2d from S/R CG2D_MAD
 cg2d: Sum(rhs),rhsMax =  -1.52690360355479E-14  7.26579887632042E-08
 Calling cg2d from S/R CG2D_MAD
 cg2d: Sum(rhs),rhsMax =  -4.01484401280072E-14  5.47266325352891E-08
 Calling cg2d from S/R CG2D_MAD
 cg2d: Sum(rhs),rhsMax =   2.85882428840978E-14  4.28575821287435E-08
 Calling cg2d from S/R CG2D_MAD
 cg2d: Sum(rhs),rhsMax =  -3.87467835594180E-14  3.43575814646101E-08
 Calling cg2d from S/R CG2D_MAD
 cg2d: Sum(rhs),rhsMax =   9.83657599817889E-14  2.83225591297375E-08
 Calling cg2d from S/R CG2D_MAD
 cg2d: Sum(rhs),rhsMax =  -5.06261699229071E-14  2.65881866082213E-08
 Calling cg2d from S/R CG2D_MAD
 cg2d: Sum(rhs),rhsMax =  -5.15143483426073E-14  2.48661767029081E-08
 Calling cg2d from S/R CG2D_MAD
 cg2d: Sum(rhs),rhsMax =   1.42108547152020E-14  2.21145059255546E-08
 Calling cg2d from S/R CG2D_MAD
 cg2d: Sum(rhs),rhsMax =   3.55271367880050E-15  1.94970157332185E-08
 Calling cg2d from S/R CG2D_MAD
 cg2d: Sum(rhs),rhsMax =  -5.68434188608080E-14  1.71191204922576E-08
 Calling cg2d from S/R CG2D_MAD
 cg2d: Sum(rhs),rhsMax =  -3.19744231092045E-14  1.52517810556377E-08
 Calling cg2d from S/R CG2D_MAD
 cg2d: Sum(rhs),rhsMax =   4.26325641456060E-14  1.36974972995051E-08
 Calling cg2d from S/R CG2D_MAD
 cg2d: Sum(rhs),rhsMax =  -9.94759830064140E-14  1.48064244219443E-08
 Calling cg2d from S/R CG2D_MAD
 cg2d: Sum(rhs),rhsMax =   7.10542735760100E-14  1.67979929142158E-08
 Calling cg2d from S/R CG2D_MAD
 cg2d: Sum(rhs),rhsMax =  -3.90798504668055E-14  1.86169679030323E-08
 Calling cg2d from S/R CG2D_MAD
 cg2d: Sum(rhs),rhsMax =   2.48689957516035E-14  1.99971373863071E-08
 Calling cg2d from S/R CG2D_MAD
 cg2d: Sum(rhs),rhsMax =  -5.68434188608080E-14  2.07532608436851E-08
 Calling cg2d from S/R CG2D_MAD
 cg2d: Sum(rhs),rhsMax =  -1.06581410364015E-14  2.08215621385374E-08
 Calling cg2d from S/R CG2D_MAD
 cg2d: Sum(rhs),rhsMax =   9.41469124882133E-14  2.02621912825600E-08
 Calling cg2d from S/R CG2D_MAD
 cg2d: Sum(rhs),rhsMax =   4.97379915032070E-14  1.92283416507737E-08
 Calling cg2d from S/R CG2D_MAD
 cg2d: Sum(rhs),rhsMax =   1.77635683940025E-15  1.79169695013534E-08
 Calling cg2d from S/R CG2D_MAD
 cg2d: Sum(rhs),rhsMax =  -3.90798504668055E-14  1.65189258471921E-08
 Calling cg2d from S/R CG2D_MAD
 cg2d: Sum(rhs),rhsMax =  -6.03961325396085E-14  1.51823661603112E-08
 Calling cg2d from S/R CG2D_MAD
 cg2d: Sum(rhs),rhsMax =  -2.13162820728030E-14  1.39957286986120E-08
 Calling cg2d from S/R CG2D_MAD
 cg2d: Sum(rhs),rhsMax =  -3.90798504668055E-14  1.29890828462078E-08
 Calling cg2d from S/R CG2D_MAD
 cg2d: Sum(rhs),rhsMax =  -3.55271367880050E-15  1.21478157423792E-08
 Calling cg2d from S/R CG2D_MAD
 cg2d: Sum(rhs),rhsMax =   6.03961325396085E-14  1.14312169706277E-08
 Calling cg2d from S/R CG2D_MAD
 cg2d: Sum(rhs),rhsMax =   9.23705556488130E-14  1.08372997350318E-08
 Calling cg2d from S/R CG2D_MAD
 cg2d: Sum(rhs),rhsMax =  -2.84217094304040E-14  1.06194274774132E-08
 Calling cg2d from S/R CG2D_MAD
 cg2d: Sum(rhs),rhsMax =   1.42108547152020E-14  1.02982353718964E-08
 Calling cg2d from S/R CG2D_MAD
 cg2d: Sum(rhs),rhsMax =  -5.32907051820075E-14  9.90993879757788E-09
 Calling cg2d from S/R CG2D_MAD
 cg2d: Sum(rhs),rhsMax =   5.32907051820075E-14  9.47990980937829E-09
 Calling cg2d from S/R CG2D_MAD
 cg2d: Sum(rhs),rhsMax =   4.26325641456060E-14  9.02381827990360E-09
 Calling cg2d from S/R CG2D_MAD
 cg2d: Sum(rhs),rhsMax =   8.52651282912120E-14  8.54999853186909E-09
 Calling cg2d from S/R CG2D_MAD
 cg2d: Sum(rhs),rhsMax =   1.77635683940025E-15  8.06198720837622E-09
 Calling cg2d from S/R CG2D_MAD
 cg2d: Sum(rhs),rhsMax =   1.07913677993565E-13  7.56063585252926E-09
 Calling cg2d from S/R CG2D_MAD
 cg2d: Sum(rhs),rhsMax =   1.86517468137026E-14  7.04558479454520E-09
 Calling cg2d from S/R CG2D_MAD
 cg2d: Sum(rhs),rhsMax =   9.59232693276135E-14  6.51613192840089E-09
 Calling cg2d from S/R CG2D_MAD
 cg2d: Sum(rhs),rhsMax =   2.41584530158434E-13  5.97164754246368E-09
 Calling cg2d from S/R CG2D_MAD
 cg2d: Sum(rhs),rhsMax =  -1.27897692436818E-13  5.41171234839185E-09
 Calling cg2d from S/R CG2D_MAD
 cg2d: Sum(rhs),rhsMax =  -7.10542735760100E-14  4.93542708881442E-09
 Calling cg2d from S/R CG2D_MAD
 cg2d: Sum(rhs),rhsMax =   2.13162820728030E-14  5.49187815711223E-09
 Calling cg2d from S/R CG2D_MAD
 cg2d: Sum(rhs),rhsMax =  -1.35003119794419E-13  6.00557629192982E-09
 Calling cg2d from S/R CG2D_MAD
 cg2d: Sum(rhs),rhsMax =  -7.10542735760100E-15  6.47543687432197E-09
 Calling cg2d from S/R CG2D_MAD
 cg2d: Sum(rhs),rhsMax =   0.00000000000000E+00  6.90035640701628E-09
 Calling cg2d from S/R CG2D_MAD
 cg2d: Sum(rhs),rhsMax =   1.13686837721616E-13  7.27893955496947E-09
 Calling cg2d from S/R CG2D_MAD
 cg2d: Sum(rhs),rhsMax =   2.13162820728030E-14  7.60921822387229E-09
 Calling cg2d from S/R CG2D_MAD
 cg2d: Sum(rhs),rhsMax =  -6.39488462184090E-14  7.88842450262209E-09
 Calling cg2d from S/R CG2D_MAD
 cg2d: Sum(rhs),rhsMax =   7.81597009336110E-14  8.11288241929919E-09
 Calling cg2d from S/R CG2D_MAD
 cg2d: Sum(rhs),rhsMax =  -1.27897692436818E-13  8.27807519852039E-09
 Calling cg2d from S/R CG2D_MAD
 cg2d: Sum(rhs),rhsMax =   7.81597009336110E-14  8.37892392638126E-09
 Calling cg2d from S/R CG2D_MAD
 cg2d: Sum(rhs),rhsMax =  -4.26325641456060E-14  8.41028151352157E-09
 Calling cg2d from S/R CG2D_MAD
 cg2d: Sum(rhs),rhsMax =  -6.39488462184090E-14  8.36760659527143E-09
 Calling cg2d from S/R CG2D_MAD
 cg2d: Sum(rhs),rhsMax =  -1.06581410364015E-13  8.24774186893606E-09
 Calling cg2d from S/R CG2D_MAD
 cg2d: Sum(rhs),rhsMax =  -1.42108547152020E-14  8.04968804129117E-09
 Calling cg2d from S/R CG2D_MAD
 cg2d: Sum(rhs),rhsMax =  -1.42108547152020E-14  7.77524562069235E-09
 Calling cg2d from S/R CG2D_MAD
 cg2d: Sum(rhs),rhsMax =  -2.84217094304040E-14  7.46731824347320E-09
 Calling cg2d from S/R CG2D_MAD
 cg2d: Sum(rhs),rhsMax =  -4.26325641456060E-14  7.63182622785729E-09
 Calling cg2d from S/R CG2D_MAD
 cg2d: Sum(rhs),rhsMax =  -6.39488462184090E-14  7.73983942929694E-09
 Calling cg2d from S/R CG2D_MAD
 cg2d: Sum(rhs),rhsMax =   5.68434188608080E-14  7.78234594140010E-09
 Calling cg2d from S/R CG2D_MAD
 cg2d: Sum(rhs),rhsMax =   0.00000000000000E+00  7.75029727304158E-09
 Calling cg2d from S/R CG2D_MAD
 cg2d: Sum(rhs),rhsMax =  -6.39488462184090E-14  7.63590311603244E-09
 Calling cg2d from S/R CG2D_MAD
 cg2d: Sum(rhs),rhsMax =  -4.26325641456060E-14  7.43396242633603E-09
 Calling cg2d from S/R CG2D_MAD
 cg2d: Sum(rhs),rhsMax =   2.84217094304040E-14  7.27642031107975E-09
 Calling cg2d from S/R CG2D_MAD
 cg2d: Sum(rhs),rhsMax =  -8.52651282912120E-14  7.66643120617436E-09
 cg2d: Sum(rhs),rhsMax =   6.39488462184090E-13  1.94120339438638E+00
 cg2d: Sum(rhs),rhsMax =   5.68434188608080E-13  1.94120040482903E+00
 cg2d: Sum(rhs),rhsMax =   6.25277607468888E-13  1.94119688481977E+00
 cg2d: Sum(rhs),rhsMax =   1.03739239420975E-12  1.94119284470602E+00
 cg2d: Sum(rhs),rhsMax =   6.39488462184090E-13  1.94118829488098E+00
 cg2d: Sum(rhs),rhsMax =   2.27373675443232E-13  1.94118324571417E+00
 cg2d: Sum(rhs),rhsMax =   1.27897692436818E-13  1.94117770748247E+00
 cg2d: Sum(rhs),rhsMax =   5.54223333892878E-13  1.94117169030199E+00
 cg2d: Sum(rhs),rhsMax =   9.66338120633736E-13  1.94116520406141E+00
 cg2d: Sum(rhs),rhsMax =   1.84741111297626E-13  1.94115825835724E+00
 cg2d: Sum(rhs),rhsMax =   0.00000000000000E+00  1.94115086243142E+00
 cg2d: Sum(rhs),rhsMax =   1.13686837721616E-13  1.94114302511180E+00
 cg2d: Sum(rhs),rhsMax =   5.40012479177676E-13  1.94113475475575E+00
 cg2d: Sum(rhs),rhsMax =   3.26849658449646E-13  1.94112605919766E+00
 cg2d: Sum(rhs),rhsMax =   7.38964445190504E-13  1.94111694570012E+00
 cg2d: Sum(rhs),rhsMax =   2.55795384873636E-13  1.94110742090981E+00
 cg2d: Sum(rhs),rhsMax =   4.40536496171262E-13  1.94109749081763E+00
 cg2d: Sum(rhs),rhsMax =   4.26325641456060E-13  1.94108716072423E+00
 cg2d: Sum(rhs),rhsMax =   7.67386154620908E-13  1.94107643521020E+00
 cg2d: Sum(rhs),rhsMax =   3.97903932025656E-13  1.94106531811194E+00
 cg2d: Sum(rhs),rhsMax =   5.68434188608080E-14  1.94105381250283E+00
 cg2d: Sum(rhs),rhsMax =   9.23705556488130E-13  1.94104192067999E+00
 cg2d: Sum(rhs),rhsMax =   3.41060513164848E-13  1.94102964415676E+00
 cg2d: Sum(rhs),rhsMax =   9.23705556488130E-13  1.94101698366077E+00
 cg2d: Sum(rhs),rhsMax =   6.39488462184090E-13  1.94100393913766E+00
 cg2d: Sum(rhs),rhsMax =   5.68434188608080E-13  1.94099050976039E+00
 cg2d: Sum(rhs),rhsMax =   8.10018718766514E-13  1.94097669394410E+00
 cg2d: Sum(rhs),rhsMax =   3.26849658449646E-13  1.94096248936612E+00
 cg2d: Sum(rhs),rhsMax =   6.96331881044898E-13  1.94094789299137E+00
 cg2d: Sum(rhs),rhsMax =   4.26325641456060E-13  1.94093290110250E+00
 cg2d: Sum(rhs),rhsMax =   5.54223333892878E-13  1.94091750933489E+00
 cg2d: Sum(rhs),rhsMax =   5.96855898038484E-13  1.94090171271587E+00
 cg2d: Sum(rhs),rhsMax =   9.09494701772928E-13  1.94088550570824E+00
 cg2d: Sum(rhs),rhsMax =   7.10542735760100E-13  1.94086888225735E+00
 cg2d: Sum(rhs),rhsMax =   5.96855898038484E-13  1.94085183584171E+00
 cg2d: Sum(rhs),rhsMax =   8.66862137627322E-13  1.94083435952650E+00
 cg2d: Sum(rhs),rhsMax =   6.82121026329696E-13  1.94081644601970E+00
 cg2d: Sum(rhs),rhsMax =   6.82121026329696E-13  1.94079808773037E+00
 cg2d: Sum(rhs),rhsMax =   1.70530256582424E-13  1.94077927682870E+00
 cg2d: Sum(rhs),rhsMax =   1.84741111297626E-13  1.94076000530721E+00
 cg2d: Sum(rhs),rhsMax =   7.81597009336110E-13  1.94074026504293E+00
 cg2d: Sum(rhs),rhsMax =   1.03739239420975E-12  1.94072004785987E+00
 cg2d: Sum(rhs),rhsMax =   5.54223333892878E-13  1.94069934559134E+00
 cg2d: Sum(rhs),rhsMax =   6.82121026329696E-13  1.94067815014182E+00
 cg2d: Sum(rhs),rhsMax =   1.13686837721616E-13  1.94065645354785E+00
 cg2d: Sum(rhs),rhsMax =   4.83169060316868E-13  1.94063424803737E+00
 cg2d: Sum(rhs),rhsMax =   5.82645043323282E-13  1.94061152608741E+00
 cg2d: Sum(rhs),rhsMax =   4.12114786740858E-13  1.94058828047938E+00
 cg2d: Sum(rhs),rhsMax =   2.84217094304040E-13  1.94056450435178E+00
 cg2d: Sum(rhs),rhsMax =   1.10844666778576E-12  1.94054019124994E+00
 cg2d: Sum(rhs),rhsMax =   7.95807864051312E-13  1.94051533517248E+00
 cg2d: Sum(rhs),rhsMax =   3.83693077310454E-13  1.94048993061399E+00
 cg2d: Sum(rhs),rhsMax =   8.66862137627322E-13  1.94046397260394E+00
 cg2d: Sum(rhs),rhsMax =   7.38964445190504E-13  1.94043745674127E+00
 cg2d: Sum(rhs),rhsMax =   1.09423581307055E-12  1.94041037922478E+00
 cg2d: Sum(rhs),rhsMax =   3.55271367880050E-13  1.94038273687867E+00
 cg2d: Sum(rhs),rhsMax =   1.35003119794419E-12  1.94035452717367E+00
 cg2d: Sum(rhs),rhsMax =   5.82645043323282E-13  1.94032574824316E+00
 cg2d: Sum(rhs),rhsMax =   1.06581410364015E-12  1.94029639889434E+00
 cg2d: Sum(rhs),rhsMax =   7.24753590475302E-13  1.94026647861455E+00
 cg2d: Sum(rhs),rhsMax =   4.40536496171262E-13  1.94023598757261E+00
 cg2d: Sum(rhs),rhsMax =   1.13686837721616E-12  1.94020492661519E+00
 cg2d: Sum(rhs),rhsMax =   7.10542735760100E-13  1.94017329725830E+00
 cg2d: Sum(rhs),rhsMax =   2.98427949019242E-13  1.94014110167422E+00
 cg2d: Sum(rhs),rhsMax =   7.38964445190504E-13  1.94010834267353E+00
 cg2d: Sum(rhs),rhsMax =   8.24229573481716E-13  1.94007502368297E+00
 cg2d: Sum(rhs),rhsMax =   8.38440428196918E-13  1.94004114871889E+00
 cg2d: Sum(rhs),rhsMax =   6.25277607468888E-13  1.94000672235680E+00
 cg2d: Sum(rhs),rhsMax =   4.54747350886464E-13  1.93997174969717E+00
 cg2d: Sum(rhs),rhsMax =   6.25277607468888E-13  1.93993623632766E+00
 cg2d: Sum(rhs),rhsMax =  -7.10542735760100E-14  1.93990018828245E+00
 cg2d: Sum(rhs),rhsMax =   9.23705556488130E-13  1.93986361199849E+00
 Calling cg2d from S/R CG2D_MAD
 cg2d: Sum(rhs),rhsMax =  -9.94759830064140E-14  8.05893652707776E-09
 Calling cg2d from S/R CG2D_MAD
 cg2d: Sum(rhs),rhsMax =   4.61852778244065E-14  8.44319993631371E-09
 Calling cg2d from S/R CG2D_MAD
 cg2d: Sum(rhs),rhsMax =  -4.26325641456060E-14  8.80496560133372E-09
 Calling cg2d from S/R CG2D_MAD
 cg2d: Sum(rhs),rhsMax =  -1.45661260830821E-13  9.12768065807610E-09
 Calling cg2d from S/R CG2D_MAD
 cg2d: Sum(rhs),rhsMax =  -7.81597009336110E-14  9.39402577413692E-09
 Calling cg2d from S/R CG2D_MAD
 cg2d: Sum(rhs),rhsMax =   1.42108547152020E-14  9.58757463407645E-09
 Calling cg2d from S/R CG2D_MAD
 cg2d: Sum(rhs),rhsMax =  -1.06692432666478E-13  9.69438969646902E-09
 Calling cg2d from S/R CG2D_MAD
 cg2d: Sum(rhs),rhsMax =   5.41788836017076E-14  9.70437442353448E-09
 Calling cg2d from S/R CG2D_MAD
 cg2d: Sum(rhs),rhsMax =  -1.95399252334028E-14  9.61223817269215E-09
 Calling cg2d from S/R CG2D_MAD
 cg2d: Sum(rhs),rhsMax =  -1.06581410364015E-14  9.41798262347670E-09
 Calling cg2d from S/R CG2D_MAD
 cg2d: Sum(rhs),rhsMax =   1.06581410364015E-13  9.12687956322036E-09
 Calling cg2d from S/R CG2D_MAD
 cg2d: Sum(rhs),rhsMax =   2.84217094304040E-14  8.74897015071168E-09
 Calling cg2d from S/R CG2D_MAD
 cg2d: Sum(rhs),rhsMax =   2.13162820728030E-14  8.29816743475521E-09
 Calling cg2d from S/R CG2D_MAD
 cg2d: Sum(rhs),rhsMax =  -1.13686837721616E-13  7.79108098755765E-09
 Calling cg2d from S/R CG2D_MAD
 cg2d: Sum(rhs),rhsMax =  -3.55271367880050E-14  7.24570177876085E-09
 Calling cg2d from S/R CG2D_MAD
 cg2d: Sum(rhs),rhsMax =  -5.68434188608080E-14  7.65369405992359E-09
 Calling cg2d from S/R CG2D_MAD
 cg2d: Sum(rhs),rhsMax =   2.06057393370429E-13  8.35889625873852E-09
 Calling cg2d from S/R CG2D_MAD
 cg2d: Sum(rhs),rhsMax =   1.20792265079217E-13  8.97967394126160E-09
 Calling cg2d from S/R CG2D_MAD
 cg2d: Sum(rhs),rhsMax =   7.10542735760100E-14  9.50483913930836E-09
 Calling cg2d from S/R CG2D_MAD
 cg2d: Sum(rhs),rhsMax =   7.10542735760100E-15  9.92720020026549E-09
 Calling cg2d from S/R CG2D_MAD
 cg2d: Sum(rhs),rhsMax =  -3.90798504668055E-14  1.02435093179888E-08
 Calling cg2d from S/R CG2D_MAD
 cg2d: Sum(rhs),rhsMax =   7.10542735760100E-15  1.04541083977194E-08
 Calling cg2d from S/R CG2D_MAD
 cg2d: Sum(rhs),rhsMax =   5.32907051820075E-14  1.05623487360553E-08
 Calling cg2d from S/R CG2D_MAD
 cg2d: Sum(rhs),rhsMax =  -6.92779167366098E-14  1.05738722961849E-08
 Calling cg2d from S/R CG2D_MAD
 cg2d: Sum(rhs),rhsMax =   6.83897383169096E-14  1.04958433528880E-08
 Calling cg2d from S/R CG2D_MAD
 cg2d: Sum(rhs),rhsMax =   1.05693231944315E-13  1.03362106398763E-08
 Calling cg2d from S/R CG2D_MAD
 cg2d: Sum(rhs),rhsMax =  -3.99680288865056E-15  1.01030643647108E-08
 Calling cg2d from S/R CG2D_MAD
 cg2d: Sum(rhs),rhsMax =  -1.44328993201270E-14  9.80413245631557E-09
 Calling cg2d from S/R CG2D_MAD
 cg2d: Sum(rhs),rhsMax =   0.00000000000000E+00  9.44643903577592E-09
 Calling cg2d from S/R CG2D_MAD
 cg2d: Sum(rhs),rhsMax =   3.28626015289046E-14  9.03612786230051E-09
 Calling cg2d from S/R CG2D_MAD
 cg2d: Sum(rhs),rhsMax =   1.95399252334028E-14  8.57843627002720E-09
 Calling cg2d from S/R CG2D_MAD
 cg2d: Sum(rhs),rhsMax =   3.90798504668055E-14  8.07779227348621E-09
 Calling cg2d from S/R CG2D_MAD
 cg2d: Sum(rhs),rhsMax =  -4.79616346638068E-14  7.53799954879956E-09
 Calling cg2d from S/R CG2D_MAD
 cg2d: Sum(rhs),rhsMax =  -2.66453525910038E-14  6.96247180906459E-09
 Calling cg2d from S/R CG2D_MAD
 cg2d: Sum(rhs),rhsMax =   6.03961325396085E-14  6.35447930460450E-09
 Calling cg2d from S/R CG2D_MAD
 cg2d: Sum(rhs),rhsMax =   5.15143483426073E-14  5.71737497914311E-09
 Calling cg2d from S/R CG2D_MAD
 cg2d: Sum(rhs),rhsMax =   6.66133814775094E-15  5.54175202993698E-09
 Calling cg2d from S/R CG2D_MAD
 cg2d: Sum(rhs),rhsMax =   9.72555369571637E-14  5.48675326037999E-09
 Calling cg2d from S/R CG2D_MAD
 cg2d: Sum(rhs),rhsMax =  -5.32907051820075E-15  5.38844071118791E-09
 Calling cg2d from S/R CG2D_MAD
 cg2d: Sum(rhs),rhsMax =  -8.88178419700125E-14  5.24810202472913E-09
 Calling cg2d from S/R CG2D_MAD
 cg2d: Sum(rhs),rhsMax =  -1.88293824976427E-13  5.06706048992439E-09
 Calling cg2d from S/R CG2D_MAD
 cg2d: Sum(rhs),rhsMax =  -1.13686837721616E-13  4.84672183976266E-09
 Calling cg2d from S/R CG2D_MAD
 cg2d: Sum(rhs),rhsMax =   1.42108547152020E-13  4.58865411305503E-09
 Calling cg2d from S/R CG2D_MAD
 cg2d: Sum(rhs),rhsMax =  -7.10542735760100E-14  4.43842785638633E-09
 Calling cg2d from S/R CG2D_MAD
 cg2d: Sum(rhs),rhsMax =   3.55271367880050E-13  4.52046473037127E-09
 Calling cg2d from S/R CG2D_MAD
 cg2d: Sum(rhs),rhsMax =  -7.10542735760100E-15  4.89119108779946E-09
 Calling cg2d from S/R CG2D_MAD
 cg2d: Sum(rhs),rhsMax =  -1.70530256582424E-13  5.23145964005605E-09
 Calling cg2d from S/R CG2D_MAD
 cg2d: Sum(rhs),rhsMax =  -1.20792265079217E-13  5.54146963008806E-09
 Calling cg2d from S/R CG2D_MAD
 cg2d: Sum(rhs),rhsMax =   1.20792265079217E-13  5.82188423657700E-09
 Calling cg2d from S/R CG2D_MAD
 cg2d: Sum(rhs),rhsMax =   2.84217094304040E-14  6.07377501123898E-09
 Calling cg2d from S/R CG2D_MAD
 cg2d: Sum(rhs),rhsMax =   1.49213974509621E-13  6.29854295676632E-09
 Calling cg2d from S/R CG2D_MAD
 cg2d: Sum(rhs),rhsMax =   0.00000000000000E+00  6.49782088120468E-09
 Calling cg2d from S/R CG2D_MAD
 cg2d: Sum(rhs),rhsMax =   4.61852778244065E-14  6.67336347692784E-09
 Calling cg2d from S/R CG2D_MAD
 cg2d: Sum(rhs),rhsMax =   1.06581410364015E-13  6.82693274026596E-09
 Calling cg2d from S/R CG2D_MAD
 cg2d: Sum(rhs),rhsMax =  -1.10134124042816E-13  6.96018678141463E-09
 Calling cg2d from S/R CG2D_MAD
 cg2d: Sum(rhs),rhsMax =  -8.17124146124115E-14  7.07457976140062E-09
 Calling cg2d from S/R CG2D_MAD
 cg2d: Sum(rhs),rhsMax =  -1.24344978758018E-13  7.17127969639033E-09
 Calling cg2d from S/R CG2D_MAD
 cg2d: Sum(rhs),rhsMax =   7.46069872548105E-14  7.25110931584523E-09
 Calling cg2d from S/R CG2D_MAD
 cg2d: Sum(rhs),rhsMax =   1.42108547152020E-14  7.31451322345875E-09
 Calling cg2d from S/R CG2D_MAD
 cg2d: Sum(rhs),rhsMax =   2.30926389122033E-14  7.51930612399969E-09
 Calling cg2d from S/R CG2D_MAD
 cg2d: Sum(rhs),rhsMax =  -1.77635683940025E-15  7.69453961158076E-09
 Calling cg2d from S/R CG2D_MAD
 cg2d: Sum(rhs),rhsMax =   0.00000000000000E+00  7.82955391352211E-09
 Calling cg2d from S/R CG2D_MAD
 cg2d: Sum(rhs),rhsMax =  -1.42108547152020E-14  7.92320793647142E-09
 Calling cg2d from S/R CG2D_MAD
 cg2d: Sum(rhs),rhsMax =   0.00000000000000E+00  7.97439759730851E-09
 Calling cg2d from S/R CG2D_MAD
 cg2d: Sum(rhs),rhsMax =  -2.48689957516035E-14  7.98213519864496E-09
 Calling cg2d from S/R CG2D_MAD
 cg2d: Sum(rhs),rhsMax =   3.55271367880050E-15  7.94562809886954E-09
 Calling cg2d from S/R CG2D_MAD
 cg2d: Sum(rhs),rhsMax =  -6.21724893790088E-15  7.86435128488278E-09
 Calling cg2d from S/R CG2D_MAD
 cg2d: Sum(rhs),rhsMax =   9.50350909079134E-14  7.73810952286742E-09
 Calling cg2d from S/R CG2D_MAD
 cg2d: Sum(rhs),rhsMax =   1.99840144432528E-14  7.56708604206683E-09
 Calling cg2d from S/R CG2D_MAD
 cg2d: Sum(rhs),rhsMax =   2.53130849614536E-14  7.35187606206007E-09
 Calling cg2d from S/R CG2D_MAD
 cg2d: Sum(rhs),rhsMax =   4.44089209850063E-14  7.09350477810900E-09
 Calling cg2d from S/R CG2D_MAD
 cg2d: Sum(rhs),rhsMax =  -4.97379915032070E-14  6.79343056398943E-09
 cg2d: Sum(rhs),rhsMax =   2.84217094304040E-13  1.93992092413502E+00
 cg2d: Sum(rhs),rhsMax =   4.26325641456060E-13  1.93995715010443E+00
 cg2d: Sum(rhs),rhsMax =   9.23705556488130E-13  1.93999279032857E+00
 cg2d: Sum(rhs),rhsMax =   3.55271367880050E-13  1.94002785517417E+00
 cg2d: Sum(rhs),rhsMax =   3.55271367880050E-13  1.94006235507740E+00
 cg2d: Sum(rhs),rhsMax =   9.80548975348938E-13  1.94009630046311E+00
 cg2d: Sum(rhs),rhsMax =   6.39488462184090E-13  1.94012970166498E+00
 cg2d: Sum(rhs),rhsMax =   5.40012479177676E-13  1.94016256884671E+00
 cg2d: Sum(rhs),rhsMax =   2.55795384873636E-13  1.94019491192529E+00
 cg2d: Sum(rhs),rhsMax =   2.55795384873636E-13  1.94022674049651E+00
 cg2d: Sum(rhs),rhsMax =   9.52127265918534E-13  1.94025806376369E+00
 cg2d: Sum(rhs),rhsMax =   5.68434188608080E-13  1.94028889046982E+00
 cg2d: Sum(rhs),rhsMax =   5.82645043323282E-13  1.94031922883379E+00
 cg2d: Sum(rhs),rhsMax =   4.40536496171262E-13  1.94034908649114E+00
 cg2d: Sum(rhs),rhsMax =   4.83169060316868E-13  1.94037847043970E+00
 cg2d: Sum(rhs),rhsMax =   7.10542735760100E-14  1.94040738699049E+00
 cg2d: Sum(rhs),rhsMax =   8.24229573481716E-13  1.94043584172445E+00
 cg2d: Sum(rhs),rhsMax =   8.52651282912120E-13  1.94046383945504E+00
 cg2d: Sum(rhs),rhsMax =   4.97379915032070E-13  1.94049138419688E+00
 cg2d: Sum(rhs),rhsMax =   8.10018718766514E-13  1.94051847914120E+00
 cg2d: Sum(rhs),rhsMax =   8.38440428196918E-13  1.94054512663751E+00
 cg2d: Sum(rhs),rhsMax =   8.95283847057726E-13  1.94057132818200E+00
 cg2d: Sum(rhs),rhsMax =   6.39488462184090E-13  1.94059708441289E+00
 cg2d: Sum(rhs),rhsMax =   6.67910171614494E-13  1.94062239511220E+00
 cg2d: Sum(rhs),rhsMax =   6.53699316899292E-13  1.94064725921437E+00
 cg2d: Sum(rhs),rhsMax =   7.95807864051312E-13  1.94067167482145E+00
 cg2d: Sum(rhs),rhsMax =   4.26325641456060E-13  1.94069563922471E+00
 cg2d: Sum(rhs),rhsMax =   9.09494701772928E-13  1.94071914893251E+00
 cg2d: Sum(rhs),rhsMax =   8.24229573481716E-13  1.94074219970416E+00
 cg2d: Sum(rhs),rhsMax =   1.23634436022257E-12  1.94076478658954E+00
 cg2d: Sum(rhs),rhsMax =   6.96331881044898E-13  1.94078690397417E+00
 cg2d: Sum(rhs),rhsMax =   2.55795384873636E-13  1.94080854562908E+00
 cg2d: Sum(rhs),rhsMax =   5.54223333892878E-13  1.94082970476562E+00
 cg2d: Sum(rhs),rhsMax =   6.39488462184090E-13  1.94085037409407E+00
 cg2d: Sum(rhs),rhsMax =   5.96855898038484E-13  1.94087054588622E+00
 cg2d: Sum(rhs),rhsMax =   5.96855898038484E-13  1.94089021204094E+00
 cg2d: Sum(rhs),rhsMax =   2.41584530158434E-13  1.94090936415249E+00
 cg2d: Sum(rhs),rhsMax =   8.66862137627322E-13  1.94092799358086E+00
 cg2d: Sum(rhs),rhsMax =   6.67910171614494E-13  1.94094609152381E+00
 cg2d: Sum(rhs),rhsMax =   3.83693077310454E-13  1.94096364908981E+00
 cg2d: Sum(rhs),rhsMax =   7.67386154620908E-13  1.94098065737159E+00
 cg2d: Sum(rhs),rhsMax =   1.22213350550737E-12  1.94099710751947E+00
 cg2d: Sum(rhs),rhsMax =   9.09494701772928E-13  1.94101299081429E+00
 cg2d: Sum(rhs),rhsMax =   4.26325641456060E-13  1.94102829873900E+00
 cg2d: Sum(rhs),rhsMax =   1.42108547152020E-13  1.94104302304881E+00
 cg2d: Sum(rhs),rhsMax =   3.26849658449646E-13  1.94105715583890E+00
 cg2d: Sum(rhs),rhsMax =   3.97903932025656E-13  1.94107068960973E+00
 cg2d: Sum(rhs),rhsMax =  -1.70530256582424E-13  1.94108361732906E+00
 cg2d: Sum(rhs),rhsMax =   6.11066752753686E-13  1.94109593249035E+00
 cg2d: Sum(rhs),rhsMax =   3.69482222595252E-13  1.94110762916709E+00
 cg2d: Sum(rhs),rhsMax =   5.68434188608080E-13  1.94111870206282E+00
 cg2d: Sum(rhs),rhsMax =   6.25277607468888E-13  1.94112914655612E+00
 cg2d: Sum(rhs),rhsMax =   4.40536496171262E-13  1.94113895874055E+00
 cg2d: Sum(rhs),rhsMax =   8.24229573481716E-13  1.94114813545911E+00
 cg2d: Sum(rhs),rhsMax =   5.11590769747272E-13  1.94115667433301E+00
 cg2d: Sum(rhs),rhsMax =   7.67386154620908E-13  1.94116457378441E+00
 cg2d: Sum(rhs),rhsMax =   8.24229573481716E-13  1.94117183305327E+00
 cg2d: Sum(rhs),rhsMax =   2.55795384873636E-13  1.94117845220793E+00
 cg2d: Sum(rhs),rhsMax =   3.83693077310454E-13  1.94118443214945E+00
 cg2d: Sum(rhs),rhsMax =   1.22213350550737E-12  1.94118977460976E+00
 cg2d: Sum(rhs),rhsMax =   3.55271367880050E-13  1.94119448214358E+00
 cg2d: Sum(rhs),rhsMax =   5.25801624462474E-13  1.94119855811438E+00
 cg2d: Sum(rhs),rhsMax =   5.96855898038484E-13  1.94120200667414E+00
 cg2d: Sum(rhs),rhsMax =   8.95283847057726E-13  1.94120483273754E+00
 cg2d: Sum(rhs),rhsMax =   5.68434188608080E-13  1.94120704195050E+00
 cg2d: Sum(rhs),rhsMax =   7.10542735760100E-13  1.94120864065340E+00
 cg2d: Sum(rhs),rhsMax =   7.67386154620908E-13  1.94120963583930E+00
 cg2d: Sum(rhs),rhsMax =   1.98951966012828E-13  1.94121003510755E+00
 cg2d: Sum(rhs),rhsMax =   6.67910171614494E-13  1.94120984661294E+00
 cg2d: Sum(rhs),rhsMax =   1.22213350550737E-12  1.94120907901104E+00
 cg2d: Sum(rhs),rhsMax =   2.84217094304040E-13  1.94120774140009E+00
 cg2d: Sum(rhs),rhsMax =   1.25055521493778E-12  1.94120584325955E+00
 Calling cg2d from S/R CG2D_MAD
 cg2d: Sum(rhs),rhsMax =  -1.99840144432528E-14  6.45353505629602E-09
 Calling cg2d from S/R CG2D_MAD
 cg2d: Sum(rhs),rhsMax =  -3.64153152077051E-14  6.07610239872190E-09
 Calling cg2d from S/R CG2D_MAD
 cg2d: Sum(rhs),rhsMax =   6.39488462184090E-14  5.66379023170018E-09
 Calling cg2d from S/R CG2D_MAD
 cg2d: Sum(rhs),rhsMax =  -8.17124146124115E-14  5.30015849950489E-09
 Calling cg2d from S/R CG2D_MAD
 cg2d: Sum(rhs),rhsMax =   2.32702745961433E-13  4.98128216100225E-09
 Calling cg2d from S/R CG2D_MAD
 cg2d: Sum(rhs),rhsMax =   6.03961325396085E-14  4.64543269628875E-09
 Calling cg2d from S/R CG2D_MAD
 cg2d: Sum(rhs),rhsMax =   6.39488462184090E-14  4.29474807553175E-09
 Calling cg2d from S/R CG2D_MAD
 cg2d: Sum(rhs),rhsMax =  -9.59232693276135E-14  4.13388436942729E-09
 Calling cg2d from S/R CG2D_MAD
 cg2d: Sum(rhs),rhsMax =   4.26325641456060E-14  4.28115289806238E-09
 Calling cg2d from S/R CG2D_MAD
 cg2d: Sum(rhs),rhsMax =   2.13162820728030E-14  4.40451043531005E-09
 Calling cg2d from S/R CG2D_MAD
 cg2d: Sum(rhs),rhsMax =  -7.10542735760100E-15  4.50240277025215E-09
 Calling cg2d from S/R CG2D_MAD
 cg2d: Sum(rhs),rhsMax =   0.00000000000000E+00  4.57336839889849E-09
 Calling cg2d from S/R CG2D_MAD
 cg2d: Sum(rhs),rhsMax =  -2.84217094304040E-14  4.61606011818217E-09
 Calling cg2d from S/R CG2D_MAD
 cg2d: Sum(rhs),rhsMax =   4.26325641456060E-14  4.62926951521955E-09
 Calling cg2d from S/R CG2D_MAD
 cg2d: Sum(rhs),rhsMax =  -1.42108547152020E-14  4.61195500283330E-09
 Calling cg2d from S/R CG2D_MAD
 cg2d: Sum(rhs),rhsMax =   0.00000000000000E+00  4.56327358217594E-09
 Calling cg2d from S/R CG2D_MAD
 cg2d: Sum(rhs),rhsMax =  -6.39488462184090E-14  4.48261595679770E-09
 Calling cg2d from S/R CG2D_MAD
 cg2d: Sum(rhs),rhsMax =  -2.13162820728030E-14  4.36964403478585E-09
 Calling cg2d from S/R CG2D_MAD
 cg2d: Sum(rhs),rhsMax =   4.26325641456060E-14  4.22432929403890E-09
 Calling cg2d from S/R CG2D_MAD
 cg2d: Sum(rhs),rhsMax =  -3.55271367880050E-14  4.04699000508925E-09
 Calling cg2d from S/R CG2D_MAD
 cg2d: Sum(rhs),rhsMax =  -4.26325641456060E-14  3.83832495401523E-09
 Calling cg2d from S/R CG2D_MAD
 cg2d: Sum(rhs),rhsMax =   8.52651282912120E-14  3.81181668328921E-09
 Calling cg2d from S/R CG2D_MAD
 cg2d: Sum(rhs),rhsMax =   1.42108547152020E-14  4.13095166975020E-09
 Calling cg2d from S/R CG2D_MAD
 cg2d: Sum(rhs),rhsMax =   0.00000000000000E+00  4.41313665085569E-09
 Calling cg2d from S/R CG2D_MAD
 cg2d: Sum(rhs),rhsMax =  -2.84217094304040E-14  4.65782630530292E-09
 Calling cg2d from S/R CG2D_MAD
 cg2d: Sum(rhs),rhsMax =   8.52651282912120E-14  4.86496907716042E-09
 Calling cg2d from S/R CG2D_MAD
 cg2d: Sum(rhs),rhsMax =  -7.10542735760100E-14  5.03498360512331E-09
 Calling cg2d from S/R CG2D_MAD
 cg2d: Sum(rhs),rhsMax =   4.26325641456060E-14  5.16872070228247E-09
 Calling cg2d from S/R CG2D_MAD
 cg2d: Sum(rhs),rhsMax =  -2.84217094304040E-14  5.26741200798893E-09
 Calling cg2d from S/R CG2D_MAD
 cg2d: Sum(rhs),rhsMax =   6.39488462184090E-14  5.33260718621537E-09
 Calling cg2d from S/R CG2D_MAD
 cg2d: Sum(rhs),rhsMax =   7.81597009336110E-14  5.36610221568182E-09
 Calling cg2d from S/R CG2D_MAD
 cg2d: Sum(rhs),rhsMax =   1.42108547152020E-14  5.36986186072949E-09
 Calling cg2d from S/R CG2D_MAD
 cg2d: Sum(rhs),rhsMax =   1.42108547152020E-14  5.34593979141123E-09
 Calling cg2d from S/R CG2D_MAD
 cg2d: Sum(rhs),rhsMax =  -6.03961325396085E-14  5.29640000997776E-09
 Calling cg2d from S/R CG2D_MAD
 cg2d: Sum(rhs),rhsMax =  -6.03961325396085E-14  5.22324322463263E-09
 Calling cg2d from S/R CG2D_MAD
 cg2d: Sum(rhs),rhsMax =   4.61852778244065E-14  5.12834158880438E-09
 Calling cg2d from S/R CG2D_MAD
 cg2d: Sum(rhs),rhsMax =   4.26325641456060E-14  5.01338480722684E-09
 Calling cg2d from S/R CG2D_MAD
 cg2d: Sum(rhs),rhsMax =   4.97379915032070E-14  5.21747517400729E-09
 Calling cg2d from S/R CG2D_MAD
 cg2d: Sum(rhs),rhsMax =  -8.88178419700125E-15  5.41302750388613E-09
 Calling cg2d from S/R CG2D_MAD
 cg2d: Sum(rhs),rhsMax =  -2.93098878501041E-14  5.57791488931301E-09
 Calling cg2d from S/R CG2D_MAD
 cg2d: Sum(rhs),rhsMax =   4.81836792687318E-14  5.71221903715152E-09
 Calling cg2d from S/R CG2D_MAD
 cg2d: Sum(rhs),rhsMax =  -3.06421554796543E-14  5.81657314028922E-09
 Calling cg2d from S/R CG2D_MAD
 cg2d: Sum(rhs),rhsMax =   8.88178419700125E-16  5.89211259442413E-09
 Calling cg2d from S/R CG2D_MAD
 cg2d: Sum(rhs),rhsMax =   2.30926389122033E-14  5.94040857095012E-09
 Calling cg2d from S/R CG2D_MAD
 cg2d: Sum(rhs),rhsMax =   4.08562073062058E-14  5.96338791578649E-09
 Calling cg2d from S/R CG2D_MAD
 cg2d: Sum(rhs),rhsMax =   7.10542735760100E-14  5.96324342678955E-09
 Calling cg2d from S/R CG2D_MAD
 cg2d: Sum(rhs),rhsMax =  -1.77635683940025E-14  5.94233890967567E-09
 Calling cg2d from S/R CG2D_MAD
 cg2d: Sum(rhs),rhsMax =  -3.90798504668055E-14  5.90311351127490E-09
 Calling cg2d from S/R CG2D_MAD
 cg2d: Sum(rhs),rhsMax =   3.55271367880050E-15  5.84798968218999E-09
 Calling cg2d from S/R CG2D_MAD
 cg2d: Sum(rhs),rhsMax =   3.55271367880050E-14  5.77928874616015E-09
 Calling cg2d from S/R CG2D_MAD
 cg2d: Sum(rhs),rhsMax =   8.17124146124115E-14  5.69915748136891E-09
 Calling cg2d from S/R CG2D_MAD
 cg2d: Sum(rhs),rhsMax =   8.52651282912120E-14  5.60950839094380E-09
 Calling cg2d from S/R CG2D_MAD
 cg2d: Sum(rhs),rhsMax =  -2.13162820728030E-14  5.51197550483299E-09
 Calling cg2d from S/R CG2D_MAD
 cg2d: Sum(rhs),rhsMax =  -7.10542735760100E-15  5.40788666610933E-09
 Calling cg2d from S/R CG2D_MAD
 cg2d: Sum(rhs),rhsMax =  -3.55271367880050E-14  5.29825236504376E-09
 Calling cg2d from S/R CG2D_MAD
 cg2d: Sum(rhs),rhsMax =  -4.26325641456060E-14  5.18377034427270E-09
 Calling cg2d from S/R CG2D_MAD
 cg2d: Sum(rhs),rhsMax =   3.55271367880050E-14  5.06484445520610E-09
 Calling cg2d from S/R CG2D_MAD
 cg2d: Sum(rhs),rhsMax =   7.10542735760100E-15  4.94161563439061E-09
 Calling cg2d from S/R CG2D_MAD
 cg2d: Sum(rhs),rhsMax =   2.84217094304040E-14  4.81400241199158E-09
 Calling cg2d from S/R CG2D_MAD
 cg2d: Sum(rhs),rhsMax =  -4.97379915032070E-14  4.68174808214599E-09
 Calling cg2d from S/R CG2D_MAD
 cg2d: Sum(rhs),rhsMax =   7.10542735760100E-15  4.54447156581927E-09
 Calling cg2d from S/R CG2D_MAD
 cg2d: Sum(rhs),rhsMax =   6.39488462184090E-14  4.40171907106766E-09
 Calling cg2d from S/R CG2D_MAD
 cg2d: Sum(rhs),rhsMax =   3.55271367880050E-14  4.25301388061189E-09
 Calling cg2d from S/R CG2D_MAD
 cg2d: Sum(rhs),rhsMax =   1.70530256582424E-13  4.09790194789325E-09
 Calling cg2d from S/R CG2D_MAD
 cg2d: Sum(rhs),rhsMax =   0.00000000000000E+00  3.93599143453330E-09
 Calling cg2d from S/R CG2D_MAD
 cg2d: Sum(rhs),rhsMax =  -9.23705556488130E-14  3.76698484240546E-09
 Calling cg2d from S/R CG2D_MAD
 cg2d: Sum(rhs),rhsMax =   1.27897692436818E-13  3.59070294443063E-09
 Calling cg2d from S/R CG2D_MAD
 cg2d: Sum(rhs),rhsMax =  -1.77635683940025E-14  3.66721172812506E-09
 Calling cg2d from S/R CG2D_MAD
 cg2d: Sum(rhs),rhsMax =  -1.06581410364015E-14  3.83919826513352E-09
 Calling cg2d from S/R CG2D_MAD
 cg2d: Sum(rhs),rhsMax =   4.26325641456060E-14  3.98295257794219E-09
 Calling cg2d from S/R CG2D_MAD
 cg2d: Sum(rhs),rhsMax =  -6.39488462184090E-14  4.09784859495447E-09
 Calling cg2d from S/R CG2D_MAD
 cg2d: Sum(rhs),rhsMax =   3.55271367880050E-14  4.18354804654464E-09
 cg2d: Sum(rhs),rhsMax =   4.54747350886464E-13  1.93568444643793E+00
 cg2d: Sum(rhs),rhsMax =   9.23705556488130E-13  1.93576335482255E+00
 cg2d: Sum(rhs),rhsMax =   7.67386154620908E-13  1.93584171904080E+00
 cg2d: Sum(rhs),rhsMax =   4.12114786740858E-13  1.93591953913990E+00
 cg2d: Sum(rhs),rhsMax =   4.68958205601666E-13  1.93599681517829E+00
 cg2d: Sum(rhs),rhsMax =   4.12114786740858E-13  1.93607354722011E+00
 cg2d: Sum(rhs),rhsMax =   5.25801624462474E-13  1.93614973533185E+00
 cg2d: Sum(rhs),rhsMax =   6.25277607468888E-13  1.93622537958142E+00
 cg2d: Sum(rhs),rhsMax =   6.67910171614494E-13  1.93630048003734E+00
 cg2d: Sum(rhs),rhsMax =   7.81597009336110E-13  1.93637503676829E+00
 cg2d: Sum(rhs),rhsMax =   1.22213350550737E-12  1.93644904984247E+00
 cg2d: Sum(rhs),rhsMax =   7.10542735760100E-13  1.93652251084128E+00
 cg2d: Sum(rhs),rhsMax =   8.38440428196918E-13  1.93659543271530E+00
 cg2d: Sum(rhs),rhsMax =   7.95807864051312E-13  1.93666781680667E+00
 cg2d: Sum(rhs),rhsMax =   2.27373675443232E-13  1.93673966115095E+00
 cg2d: Sum(rhs),rhsMax =   9.09494701772928E-13  1.93681096496432E+00
 cg2d: Sum(rhs),rhsMax =   8.24229573481716E-13  1.93688172875568E+00
 cg2d: Sum(rhs),rhsMax =   7.10542735760100E-13  1.93695195356343E+00
 cg2d: Sum(rhs),rhsMax =   4.26325641456060E-13  1.93702164043114E+00
 cg2d: Sum(rhs),rhsMax =   5.68434188608080E-13  1.93709079027513E+00
 cg2d: Sum(rhs),rhsMax =   7.95807864051312E-13  1.93715940391678E+00
 cg2d: Sum(rhs),rhsMax =   3.26849658449646E-13  1.93722748211796E+00
 cg2d: Sum(rhs),rhsMax =   4.68958205601666E-13  1.93729502559123E+00
 cg2d: Sum(rhs),rhsMax =   5.68434188608080E-13  1.93736203499913E+00
 cg2d: Sum(rhs),rhsMax =   5.82645043323282E-13  1.93742851095181E+00
 cg2d: Sum(rhs),rhsMax =   6.11066752753686E-13  1.93749445400491E+00
 cg2d: Sum(rhs),rhsMax =   5.82645043323282E-13  1.93755986465778E+00
 cg2d: Sum(rhs),rhsMax =   1.02318153949454E-12  1.93762474335235E+00
 cg2d: Sum(rhs),rhsMax =   8.10018718766514E-13  1.93768909047244E+00
 cg2d: Sum(rhs),rhsMax =   3.97903932025656E-13  1.93775290634385E+00
 cg2d: Sum(rhs),rhsMax =   7.38964445190504E-13  1.93781619123509E+00
 cg2d: Sum(rhs),rhsMax =   8.66862137627322E-13  1.93787894535841E+00
 cg2d: Sum(rhs),rhsMax =   5.96855898038484E-13  1.93794116887126E+00
 cg2d: Sum(rhs),rhsMax =   9.23705556488130E-13  1.93800286187763E+00
 cg2d: Sum(rhs),rhsMax =   6.53699316899292E-13  1.93806402442953E+00
 cg2d: Sum(rhs),rhsMax =   5.11590769747272E-13  1.93812465652821E+00
 cg2d: Sum(rhs),rhsMax =   7.38964445190504E-13  1.93818475812572E+00
 cg2d: Sum(rhs),rhsMax =   3.26849658449646E-13  1.93824432912662E+00
 cg2d: Sum(rhs),rhsMax =   5.54223333892878E-13  1.93830336939038E+00
 cg2d: Sum(rhs),rhsMax =   5.96855898038484E-13  1.93836116298171E+00
 cg2d: Sum(rhs),rhsMax =   6.67910171614494E-13  1.93841858617185E+00
 cg2d: Sum(rhs),rhsMax =   3.26849658449646E-13  1.93847548238650E+00
 cg2d: Sum(rhs),rhsMax =   4.68958205601666E-13  1.93853178913936E+00
 cg2d: Sum(rhs),rhsMax =   6.39488462184090E-13  1.93858751002915E+00
 cg2d: Sum(rhs),rhsMax =   9.66338120633736E-13  1.93864263962979E+00
 cg2d: Sum(rhs),rhsMax =   1.08002495835535E-12  1.93869716680955E+00
 cg2d: Sum(rhs),rhsMax =   8.66862137627322E-13  1.93875108089981E+00
 cg2d: Sum(rhs),rhsMax =   7.38964445190504E-13  1.93880437202617E+00
 cg2d: Sum(rhs),rhsMax =   2.84217094304040E-13  1.93885703078106E+00
 cg2d: Sum(rhs),rhsMax =   8.24229573481716E-13  1.93890904828486E+00
 cg2d: Sum(rhs),rhsMax =   2.70006239588838E-13  1.93896041633172E+00
 cg2d: Sum(rhs),rhsMax =   2.55795384873636E-13  1.93901112748906E+00
 cg2d: Sum(rhs),rhsMax =   7.38964445190504E-13  1.93906117516033E+00
 cg2d: Sum(rhs),rhsMax =   8.66862137627322E-13  1.93911055363119E+00
 cg2d: Sum(rhs),rhsMax =   8.38440428196918E-13  1.93915925810657E+00
 cg2d: Sum(rhs),rhsMax =   1.10844666778576E-12  1.93920728473974E+00
 cg2d: Sum(rhs),rhsMax =   2.84217094304040E-13  1.93925463065388E+00
 cg2d: Sum(rhs),rhsMax =   8.81072992342524E-13  1.93930129395609E+00
 cg2d: Sum(rhs),rhsMax =   8.10018718766514E-13  1.93934727374390E+00
 cg2d: Sum(rhs),rhsMax =   1.98951966012828E-13  1.93939257010398E+00
 cg2d: Sum(rhs),rhsMax =   1.06581410364015E-12  1.93943718410320E+00
 cg2d: Sum(rhs),rhsMax =   1.20792265079217E-12  1.93948111777149E+00
 cg2d: Sum(rhs),rhsMax =   5.82645043323282E-13  1.93952437407735E+00
 cg2d: Sum(rhs),rhsMax =   1.27897692436818E-13  1.93956695689568E+00
 cg2d: Sum(rhs),rhsMax =   9.52127265918534E-13  1.93960887096907E+00
 cg2d: Sum(rhs),rhsMax =   5.82645043323282E-13  1.93965012186296E+00
 cg2d: Sum(rhs),rhsMax =   1.10844666778576E-12  1.93969071591548E+00
 cg2d: Sum(rhs),rhsMax =   9.80548975348938E-13  1.93973066018250E+00
 cg2d: Sum(rhs),rhsMax =   4.40536496171262E-13  1.93976996237832E+00
 cg2d: Sum(rhs),rhsMax =   4.83169060316868E-13  1.93980863081241E+00
 cg2d: Sum(rhs),rhsMax =   9.09494701772928E-13  1.93984667432235E+00
 cg2d: Sum(rhs),rhsMax =   6.67910171614494E-13  1.93988410220343E+00
 Calling cg2d from S/R CG2D_MAD
 cg2d: Sum(rhs),rhsMax =  -2.13162820728030E-14  4.23998525726774E-09
 Calling cg2d from S/R CG2D_MAD
 cg2d: Sum(rhs),rhsMax =   6.21724893790088E-14  4.26734863059698E-09
 Calling cg2d from S/R CG2D_MAD
 cg2d: Sum(rhs),rhsMax =   2.84217094304040E-14  4.26606009035098E-09
 Calling cg2d from S/R CG2D_MAD
 cg2d: Sum(rhs),rhsMax =   6.92779167366098E-14  4.23675363109653E-09
 Calling cg2d from S/R CG2D_MAD
 cg2d: Sum(rhs),rhsMax =  -1.59872115546023E-14  4.18025396091055E-09
 Calling cg2d from S/R CG2D_MAD
 cg2d: Sum(rhs),rhsMax =   2.27373675443232E-13  4.09755601094900E-09
 Calling cg2d from S/R CG2D_MAD
 cg2d: Sum(rhs),rhsMax =  -1.22568621918617E-13  3.98980585540193E-09
 Calling cg2d from S/R CG2D_MAD
 cg2d: Sum(rhs),rhsMax =   2.66453525910038E-14  3.85828335061588E-09
 Calling cg2d from S/R CG2D_MAD
 cg2d: Sum(rhs),rhsMax =   1.04805053524615E-13  3.70438658012794E-09
 Calling cg2d from S/R CG2D_MAD
 cg2d: Sum(rhs),rhsMax =   1.42108547152020E-14  3.52961799748815E-09
 Calling cg2d from S/R CG2D_MAD
 cg2d: Sum(rhs),rhsMax =   2.00728322852228E-13  3.33557200240087E-09
 Calling cg2d from S/R CG2D_MAD
 cg2d: Sum(rhs),rhsMax =  -6.75015598972095E-14  3.12392357561657E-09
 Calling cg2d from S/R CG2D_MAD
 cg2d: Sum(rhs),rhsMax =  -1.95399252334028E-14  3.11026192545739E-09
 Calling cg2d from S/R CG2D_MAD
 cg2d: Sum(rhs),rhsMax =  -2.78888023785839E-13  3.16687834546642E-09
 Calling cg2d from S/R CG2D_MAD
 cg2d: Sum(rhs),rhsMax =   1.68753899743024E-13  3.35008461121061E-09
 Calling cg2d from S/R CG2D_MAD
 cg2d: Sum(rhs),rhsMax =   1.70530256582424E-13  3.55963667484329E-09
 Calling cg2d from S/R CG2D_MAD
 cg2d: Sum(rhs),rhsMax =   1.77635683940025E-13  3.75783344766414E-09
 Calling cg2d from S/R CG2D_MAD
 cg2d: Sum(rhs),rhsMax =   2.04281036531029E-14  3.94419918149608E-09
 Calling cg2d from S/R CG2D_MAD
 cg2d: Sum(rhs),rhsMax =  -1.77635683940025E-13  4.11831689000950E-09
 Calling cg2d from S/R CG2D_MAD
 cg2d: Sum(rhs),rhsMax =   5.86197757002083E-14  4.27982429203933E-09
 Calling cg2d from S/R CG2D_MAD
 cg2d: Sum(rhs),rhsMax =   2.22044604925031E-14  4.42840796393210E-09
 Calling cg2d from S/R CG2D_MAD
 cg2d: Sum(rhs),rhsMax =  -1.50990331349021E-14  4.56379617883995E-09
 Calling cg2d from S/R CG2D_MAD
 cg2d: Sum(rhs),rhsMax =   3.10862446895044E-15  4.68575102564159E-09
 Calling cg2d from S/R CG2D_MAD
 cg2d: Sum(rhs),rhsMax =  -4.95159468982820E-14  4.79406046903142E-09
 Calling cg2d from S/R CG2D_MAD
 cg2d: Sum(rhs),rhsMax =  -3.23074900165921E-14  4.88853103139059E-09
 Calling cg2d from S/R CG2D_MAD
 cg2d: Sum(rhs),rhsMax =  -1.71529457304587E-14  4.96898174591661E-09
 Calling cg2d from S/R CG2D_MAD
 cg2d: Sum(rhs),rhsMax =   2.88657986402541E-14  5.03523995219767E-09
 Calling cg2d from S/R CG2D_MAD
 cg2d: Sum(rhs),rhsMax =   6.52811138479592E-14  5.08713938604991E-09
 Calling cg2d from S/R CG2D_MAD
 cg2d: Sum(rhs),rhsMax =  -2.30926389122033E-14  5.12452086368879E-09
 Calling cg2d from S/R CG2D_MAD
 cg2d: Sum(rhs),rhsMax =  -1.06581410364015E-14  5.14723568676240E-09
 Calling cg2d from S/R CG2D_MAD
 cg2d: Sum(rhs),rhsMax =  -6.48370246381091E-14  5.15515171078870E-09
 Calling cg2d from S/R CG2D_MAD
 cg2d: Sum(rhs),rhsMax =   1.50990331349021E-14  5.14816183680323E-09
 Calling cg2d from S/R CG2D_MAD
 cg2d: Sum(rhs),rhsMax =  -1.19015908239817E-13  5.12619451801106E-09
 Calling cg2d from S/R CG2D_MAD
 cg2d: Sum(rhs),rhsMax =  -8.34887714518118E-14  5.08922573136457E-09
 Calling cg2d from S/R CG2D_MAD
 cg2d: Sum(rhs),rhsMax =  -1.20792265079217E-13  5.03729175636557E-09
 Calling cg2d from S/R CG2D_MAD
 cg2d: Sum(rhs),rhsMax =   9.76996261670138E-14  4.97050196833355E-09
 Calling cg2d from S/R CG2D_MAD
 cg2d: Sum(rhs),rhsMax =  -4.79616346638068E-14  4.88910681612842E-09
 Calling cg2d from S/R CG2D_MAD
 cg2d: Sum(rhs),rhsMax =  -1.91846538655227E-13  4.79324615445540E-09
 Calling cg2d from S/R CG2D_MAD
 cg2d: Sum(rhs),rhsMax =  -3.90798504668055E-14  4.68341340977508E-09
 Calling cg2d from S/R CG2D_MAD
 cg2d: Sum(rhs),rhsMax =  -5.32907051820075E-14  4.56014754177816E-09
 Calling cg2d from S/R CG2D_MAD
 cg2d: Sum(rhs),rhsMax =   1.06581410364015E-14  4.42403757025280E-09
 Calling cg2d from S/R CG2D_MAD
 cg2d: Sum(rhs),rhsMax =  -4.61852778244065E-14  4.27579784587766E-09
 Calling cg2d from S/R CG2D_MAD
 cg2d: Sum(rhs),rhsMax =  -1.95399252334028E-13  4.11626621252771E-09
 Calling cg2d from S/R CG2D_MAD
 cg2d: Sum(rhs),rhsMax =   9.23705556488130E-14  3.94638042342720E-09
 Calling cg2d from S/R CG2D_MAD
 cg2d: Sum(rhs),rhsMax =   2.13162820728030E-14  3.76716241667902E-09
 Calling cg2d from S/R CG2D_MAD
 cg2d: Sum(rhs),rhsMax =  -3.55271367880050E-14  3.57970465172482E-09
 Calling cg2d from S/R CG2D_MAD
 cg2d: Sum(rhs),rhsMax =   3.55271367880050E-14  3.38515347688902E-09
 Calling cg2d from S/R CG2D_MAD
 cg2d: Sum(rhs),rhsMax =  -1.42108547152020E-14  3.18468979745600E-09
 Calling cg2d from S/R CG2D_MAD
 cg2d: Sum(rhs),rhsMax =  -2.13162820728030E-14  2.97950834180689E-09
 Calling cg2d from S/R CG2D_MAD
 cg2d: Sum(rhs),rhsMax =  -1.13686837721616E-13  2.77079649522245E-09
 Calling cg2d from S/R CG2D_MAD
 cg2d: Sum(rhs),rhsMax =  -8.52651282912120E-14  2.80810940453784E-09
 Calling cg2d from S/R CG2D_MAD
 cg2d: Sum(rhs),rhsMax =   1.42108547152020E-14  2.89476686305138E-09
 Calling cg2d from S/R CG2D_MAD
 cg2d: Sum(rhs),rhsMax =   6.39488462184090E-14  2.96012823019209E-09
 Calling cg2d from S/R CG2D_MAD
 cg2d: Sum(rhs),rhsMax =  -9.23705556488130E-14  3.00392009304403E-09
 Calling cg2d from S/R CG2D_MAD
 cg2d: Sum(rhs),rhsMax =  -7.10542735760100E-14  3.02608419680818E-09
 Calling cg2d from S/R CG2D_MAD
 cg2d: Sum(rhs),rhsMax =  -2.84217094304040E-14  3.02677535213446E-09
 Calling cg2d from S/R CG2D_MAD
 cg2d: Sum(rhs),rhsMax =  -7.10542735760100E-15  3.00635536739848E-09
 Calling cg2d from S/R CG2D_MAD
 cg2d: Sum(rhs),rhsMax =   6.39488462184090E-14  2.96538321357630E-09
 Calling cg2d from S/R CG2D_MAD
 cg2d: Sum(rhs),rhsMax =  -2.13162820728030E-14  2.90460174791679E-09
 Calling cg2d from S/R CG2D_MAD
 cg2d: Sum(rhs),rhsMax =  -3.55271367880050E-14  2.82492142554967E-09
 Calling cg2d from S/R CG2D_MAD
 cg2d: Sum(rhs),rhsMax =   2.13162820728030E-14  2.72740151211746E-09
 Calling cg2d from S/R CG2D_MAD
 cg2d: Sum(rhs),rhsMax =   4.97379915032070E-14  2.65829380288053E-09
 Calling cg2d from S/R CG2D_MAD
 cg2d: Sum(rhs),rhsMax =  -6.39488462184090E-14  2.66842305814851E-09
 Calling cg2d from S/R CG2D_MAD
 cg2d: Sum(rhs),rhsMax =  -1.42108547152020E-13  2.66105712432305E-09
 Calling cg2d from S/R CG2D_MAD
 cg2d: Sum(rhs),rhsMax =   7.10542735760100E-15  2.63607752028508E-09
 Calling cg2d from S/R CG2D_MAD
 cg2d: Sum(rhs),rhsMax =  -3.19744231092045E-14  2.59350315082644E-09
 Calling cg2d from S/R CG2D_MAD
 cg2d: Sum(rhs),rhsMax =   1.77635683940025E-14  2.53348035243776E-09
 Calling cg2d from S/R CG2D_MAD
 cg2d: Sum(rhs),rhsMax =   1.06581410364015E-14  2.45630887703521E-09
 Calling cg2d from S/R CG2D_MAD
 cg2d: Sum(rhs),rhsMax =  -9.59232693276135E-14  2.36245322553974E-09
 Calling cg2d from S/R CG2D_MAD
 cg2d: Sum(rhs),rhsMax =  -8.17124146124115E-14  2.33974140421578E-09
 Calling cg2d from S/R CG2D_MAD
 cg2d: Sum(rhs),rhsMax =  -7.47735207085043E-14  2.45887142424550E-09
 Calling cg2d from S/R CG2D_MAD
 cg2d: Sum(rhs),rhsMax =  -1.50990331349021E-14  2.56540262902402E-09
 cg2d: Sum(rhs),rhsMax =   1.12265752250096E-12  1.92857899990590E+00
 cg2d: Sum(rhs),rhsMax =   1.30739863379858E-12  1.92869670188308E+00
 cg2d: Sum(rhs),rhsMax =   3.12638803734444E-13  1.92881387714620E+00
 cg2d: Sum(rhs),rhsMax =  -5.68434188608080E-14  1.92893052527365E+00
 cg2d: Sum(rhs),rhsMax =   1.02318153949454E-12  1.92904664584226E+00
 cg2d: Sum(rhs),rhsMax =   9.09494701772928E-13  1.92916223842715E+00
 cg2d: Sum(rhs),rhsMax =   6.25277607468888E-13  1.92927730260189E+00
 cg2d: Sum(rhs),rhsMax =   3.97903932025656E-13  1.92939183793842E+00
 cg2d: Sum(rhs),rhsMax =   2.27373675443232E-13  1.92950584400732E+00
 cg2d: Sum(rhs),rhsMax =   6.96331881044898E-13  1.92961932037779E+00
 cg2d: Sum(rhs),rhsMax =   6.82121026329696E-13  1.92973226661784E+00
 cg2d: Sum(rhs),rhsMax =   6.67910171614494E-13  1.92984468229466E+00
 cg2d: Sum(rhs),rhsMax =   1.98951966012828E-13  1.92995656697502E+00
 cg2d: Sum(rhs),rhsMax =   9.80548975348938E-13  1.93006792022564E+00
 cg2d: Sum(rhs),rhsMax =   9.23705556488130E-13  1.93017874161338E+00
 cg2d: Sum(rhs),rhsMax =   7.24753590475302E-13  1.93028903070541E+00
 cg2d: Sum(rhs),rhsMax =   9.23705556488130E-13  1.93039878706967E+00
 cg2d: Sum(rhs),rhsMax =   4.40536496171262E-13  1.93050801027531E+00
 cg2d: Sum(rhs),rhsMax =   6.39488462184090E-13  1.93061669989318E+00
 cg2d: Sum(rhs),rhsMax =   3.41060513164848E-13  1.93072485549639E+00
 cg2d: Sum(rhs),rhsMax =   1.08002495835535E-12  1.93083247666079E+00
 cg2d: Sum(rhs),rhsMax =   8.10018718766514E-13  1.93093956296559E+00
 cg2d: Sum(rhs),rhsMax =   2.84217094304040E-13  1.93104611399374E+00
 cg2d: Sum(rhs),rhsMax =   5.54223333892878E-13  1.93115212933257E+00
 cg2d: Sum(rhs),rhsMax =   5.54223333892878E-13  1.93125760857431E+00
 cg2d: Sum(rhs),rhsMax =   3.83693077310454E-13  1.93136255131335E+00
 cg2d: Sum(rhs),rhsMax =   6.39488462184090E-13  1.93146695714962E+00
 cg2d: Sum(rhs),rhsMax =   3.69482222595252E-13  1.93157082569487E+00
 cg2d: Sum(rhs),rhsMax =   7.67386154620908E-13  1.93167415657220E+00
 cg2d: Sum(rhs),rhsMax =   7.10542735760100E-13  1.93177694941151E+00
 cg2d: Sum(rhs),rhsMax =   3.83693077310454E-13  1.93187920384710E+00
 cg2d: Sum(rhs),rhsMax =   5.11590769747272E-13  1.93198091951891E+00
 cg2d: Sum(rhs),rhsMax =   6.25277607468888E-13  1.93208209607499E+00
 cg2d: Sum(rhs),rhsMax =   8.52651282912120E-13  1.93218273317348E+00
 cg2d: Sum(rhs),rhsMax =   6.67910171614494E-13  1.93228283048342E+00
 cg2d: Sum(rhs),rhsMax =   8.24229573481716E-13  1.93238238768493E+00
 cg2d: Sum(rhs),rhsMax =   3.97903932025656E-13  1.93248140446939E+00
 cg2d: Sum(rhs),rhsMax =   7.67386154620908E-13  1.93257988053936E+00
 cg2d: Sum(rhs),rhsMax =   4.83169060316868E-13  1.93267781560891E+00
 cg2d: Sum(rhs),rhsMax =   7.95807864051312E-13  1.93277520940368E+00
 cg2d: Sum(rhs),rhsMax =   4.26325641456060E-13  1.93287206166122E+00
 cg2d: Sum(rhs),rhsMax =   2.84217094304040E-13  1.93296837213107E+00
 cg2d: Sum(rhs),rhsMax =   6.96331881044898E-13  1.93306414057507E+00
 cg2d: Sum(rhs),rhsMax =   7.95807864051312E-13  1.93315936676738E+00
 cg2d: Sum(rhs),rhsMax =   6.39488462184090E-13  1.93325405049457E+00
 cg2d: Sum(rhs),rhsMax =   6.53699316899292E-13  1.93334819155571E+00
 cg2d: Sum(rhs),rhsMax =   8.66862137627322E-13  1.93344178976227E+00
 cg2d: Sum(rhs),rhsMax =   6.39488462184090E-13  1.93353484493810E+00
 cg2d: Sum(rhs),rhsMax =   7.53175299905706E-13  1.93362735691927E+00
 cg2d: Sum(rhs),rhsMax =   8.95283847057726E-13  1.93371932555399E+00
 cg2d: Sum(rhs),rhsMax =   6.67910171614494E-13  1.93381075070232E+00
 cg2d: Sum(rhs),rhsMax =   7.67386154620908E-13  1.93390163223594E+00
 cg2d: Sum(rhs),rhsMax =   1.27897692436818E-12  1.93399197003795E+00
 cg2d: Sum(rhs),rhsMax =   9.66338120633736E-13  1.93408176400248E+00
 cg2d: Sum(rhs),rhsMax =   8.95283847057726E-13  1.93417101403445E+00
 cg2d: Sum(rhs),rhsMax =   1.56319401867222E-13  1.93425972004916E+00
 cg2d: Sum(rhs),rhsMax =   5.96855898038484E-13  1.93434788197188E+00
 cg2d: Sum(rhs),rhsMax =   2.98427949019242E-13  1.93443549973748E+00
 cg2d: Sum(rhs),rhsMax =   5.68434188608080E-13  1.93452257328998E+00
 cg2d: Sum(rhs),rhsMax =   7.81597009336110E-13  1.93460910258195E+00
 cg2d: Sum(rhs),rhsMax =   7.38964445190504E-13  1.93469508757425E+00
 cg2d: Sum(rhs),rhsMax =   9.80548975348938E-13  1.93478052823526E+00
 cg2d: Sum(rhs),rhsMax =   9.94759830064140E-13  1.93486542454047E+00
 cg2d: Sum(rhs),rhsMax =   1.12265752250096E-12  1.93494977647197E+00
 cg2d: Sum(rhs),rhsMax =   5.96855898038484E-13  1.93503358401781E+00
 cg2d: Sum(rhs),rhsMax =   6.25277607468888E-13  1.93511684717146E+00
 cg2d: Sum(rhs),rhsMax =   9.52127265918534E-13  1.93519956593132E+00
 cg2d: Sum(rhs),rhsMax =   5.82645043323282E-13  1.93528174030007E+00
 cg2d: Sum(rhs),rhsMax =   0.00000000000000E+00  1.93536337028419E+00
 cg2d: Sum(rhs),rhsMax =   8.38440428196918E-13  1.93544445589338E+00
 cg2d: Sum(rhs),rhsMax =   6.25277607468888E-13  1.93552499703348E+00
 cg2d: Sum(rhs),rhsMax =   3.83693077310454E-13  1.93560499385334E+00
 Calling cg2d from S/R CG2D_MAD
 cg2d: Sum(rhs),rhsMax =  -2.66453525910038E-14  2.65864428117905E-09
 Calling cg2d from S/R CG2D_MAD
 cg2d: Sum(rhs),rhsMax =   1.17239551400417E-13  2.73792932564659E-09
 Calling cg2d from S/R CG2D_MAD
 cg2d: Sum(rhs),rhsMax =   2.84217094304040E-14  2.86538755792986E-09
 Calling cg2d from S/R CG2D_MAD
 cg2d: Sum(rhs),rhsMax =  -1.42108547152020E-14  3.04433065173721E-09
 Calling cg2d from S/R CG2D_MAD
 cg2d: Sum(rhs),rhsMax =   7.10542735760100E-15  3.21261627273477E-09
 Calling cg2d from S/R CG2D_MAD
 cg2d: Sum(rhs),rhsMax =  -3.55271367880050E-15  3.36984218525915E-09
 Calling cg2d from S/R CG2D_MAD
 cg2d: Sum(rhs),rhsMax =   1.17239551400417E-13  3.51653331485217E-09
 Calling cg2d from S/R CG2D_MAD
 cg2d: Sum(rhs),rhsMax =   3.19744231092045E-14  3.65100631511228E-09
 Calling cg2d from S/R CG2D_MAD
 cg2d: Sum(rhs),rhsMax =   6.03961325396085E-14  3.77267707034537E-09
 Calling cg2d from S/R CG2D_MAD
 cg2d: Sum(rhs),rhsMax =  -6.75015598972095E-14  3.88262963371634E-09
 Calling cg2d from S/R CG2D_MAD
 cg2d: Sum(rhs),rhsMax =   4.26325641456060E-14  3.98159267013718E-09
 Calling cg2d from S/R CG2D_MAD
 cg2d: Sum(rhs),rhsMax =  -7.10542735760100E-14  4.06936622920291E-09
 Calling cg2d from S/R CG2D_MAD
 cg2d: Sum(rhs),rhsMax =  -1.49213974509621E-13  4.14556278756798E-09
 Calling cg2d from S/R CG2D_MAD
 cg2d: Sum(rhs),rhsMax =  -4.26325641456060E-14  4.21010809522036E-09
 Calling cg2d from S/R CG2D_MAD
 cg2d: Sum(rhs),rhsMax =  -1.42108547152020E-14  4.26319228037975E-09
 Calling cg2d from S/R CG2D_MAD
 cg2d: Sum(rhs),rhsMax =  -4.26325641456060E-14  4.30507385306963E-09
 Calling cg2d from S/R CG2D_MAD
 cg2d: Sum(rhs),rhsMax =  -2.13162820728030E-14  4.33598138491066E-09
 Calling cg2d from S/R CG2D_MAD
 cg2d: Sum(rhs),rhsMax =  -3.55271367880050E-14  4.35610634768351E-09
 Calling cg2d from S/R CG2D_MAD
 cg2d: Sum(rhs),rhsMax =  -8.52651282912120E-14  4.36562083859151E-09
 Calling cg2d from S/R CG2D_MAD
 cg2d: Sum(rhs),rhsMax =   7.10542735760100E-14  4.36468868672358E-09
 Calling cg2d from S/R CG2D_MAD
 cg2d: Sum(rhs),rhsMax =   1.42108547152020E-14  4.35346828851220E-09
 Calling cg2d from S/R CG2D_MAD
 cg2d: Sum(rhs),rhsMax =   7.10542735760100E-15  4.33211273153947E-09
 Calling cg2d from S/R CG2D_MAD
 cg2d: Sum(rhs),rhsMax =   2.84217094304040E-14  4.30077047822465E-09
 Calling cg2d from S/R CG2D_MAD
 cg2d: Sum(rhs),rhsMax =   3.55271367880050E-14  4.25958735903131E-09
 Calling cg2d from S/R CG2D_MAD
 cg2d: Sum(rhs),rhsMax =   0.00000000000000E+00  4.20870967252301E-09
 Calling cg2d from S/R CG2D_MAD
 cg2d: Sum(rhs),rhsMax =  -1.42108547152020E-14  4.14828805008573E-09
 Calling cg2d from S/R CG2D_MAD
 cg2d: Sum(rhs),rhsMax =  -4.97379915032070E-14  4.07848177535065E-09
 Calling cg2d from S/R CG2D_MAD
 cg2d: Sum(rhs),rhsMax =  -1.06581410364015E-14  3.99946326894104E-09
 Calling cg2d from S/R CG2D_MAD
 cg2d: Sum(rhs),rhsMax =  -7.10542735760100E-15  3.91142246419217E-09
 Calling cg2d from S/R CG2D_MAD
 cg2d: Sum(rhs),rhsMax =   4.61852778244065E-14  3.81457083361763E-09
 Calling cg2d from S/R CG2D_MAD
 cg2d: Sum(rhs),rhsMax =   7.10542735760100E-14  3.70914488211089E-09
 Calling cg2d from S/R CG2D_MAD
 cg2d: Sum(rhs),rhsMax =  -3.19744231092045E-14  3.59540898850529E-09
 Calling cg2d from S/R CG2D_MAD
 cg2d: Sum(rhs),rhsMax =   4.61852778244065E-14  3.47365753565742E-09
 Calling cg2d from S/R CG2D_MAD
 cg2d: Sum(rhs),rhsMax =   6.39488462184090E-14  3.34421630907282E-09
 Calling cg2d from S/R CG2D_MAD
 cg2d: Sum(rhs),rhsMax =   1.10134124042816E-13  3.20744316299483E-09
 Calling cg2d from S/R CG2D_MAD
 cg2d: Sum(rhs),rhsMax =   8.52651282912120E-14  3.06372795724506E-09
 Calling cg2d from S/R CG2D_MAD
 cg2d: Sum(rhs),rhsMax =   6.75015598972095E-14  2.91349176884313E-09
 Calling cg2d from S/R CG2D_MAD
 cg2d: Sum(rhs),rhsMax =  -1.77635683940025E-14  2.75718538939901E-09
 Calling cg2d from S/R CG2D_MAD
 cg2d: Sum(rhs),rhsMax =   1.13686837721616E-13  2.59528713735621E-09
 Calling cg2d from S/R CG2D_MAD
 cg2d: Sum(rhs),rhsMax =   1.59872115546023E-14  2.63774469407321E-09
 Calling cg2d from S/R CG2D_MAD
 cg2d: Sum(rhs),rhsMax =   5.86197757002083E-14  2.73321231905786E-09
 Calling cg2d from S/R CG2D_MAD
 cg2d: Sum(rhs),rhsMax =  -1.10134124042816E-13  2.81105134886785E-09
 Calling cg2d from S/R CG2D_MAD
 cg2d: Sum(rhs),rhsMax =   9.99200722162641E-14  2.87087806474527E-09
 Calling cg2d from S/R CG2D_MAD
 cg2d: Sum(rhs),rhsMax =   1.26995636229310E-13  2.91243112674005E-09
 Calling cg2d from S/R CG2D_MAD
 cg2d: Sum(rhs),rhsMax =  -9.94759830064140E-14  2.93557022395794E-09
 Calling cg2d from S/R CG2D_MAD
 cg2d: Sum(rhs),rhsMax =  -1.55431223447522E-13  2.94027408990633E-09
 Calling cg2d from S/R CG2D_MAD
 cg2d: Sum(rhs),rhsMax =  -1.15463194561016E-14  2.92663798078743E-09
 Calling cg2d from S/R CG2D_MAD
 cg2d: Sum(rhs),rhsMax =   1.95399252334028E-14  2.89487070568378E-09
 Calling cg2d from S/R CG2D_MAD
 cg2d: Sum(rhs),rhsMax =  -1.77635683940025E-14  2.84529128616578E-09
 Calling cg2d from S/R CG2D_MAD
 cg2d: Sum(rhs),rhsMax =   1.24344978758018E-14  2.77832530914989E-09
 Calling cg2d from S/R CG2D_MAD
 cg2d: Sum(rhs),rhsMax =  -8.52651282912120E-14  2.69450102149496E-09
 Calling cg2d from S/R CG2D_MAD
 cg2d: Sum(rhs),rhsMax =   2.13162820728030E-14  2.59444489498871E-09
 Calling cg2d from S/R CG2D_MAD
 cg2d: Sum(rhs),rhsMax =  -7.10542735760100E-15  2.47887820625476E-09
 Calling cg2d from S/R CG2D_MAD
 cg2d: Sum(rhs),rhsMax =   1.45661260830821E-13  2.34861195105482E-09
 Calling cg2d from S/R CG2D_MAD
 cg2d: Sum(rhs),rhsMax =  -1.42108547152020E-14  2.20454143282464E-09
 Calling cg2d from S/R CG2D_MAD
 cg2d: Sum(rhs),rhsMax =  -9.23705556488130E-14  2.08009226174986E-09
 Calling cg2d from S/R CG2D_MAD
 cg2d: Sum(rhs),rhsMax =   0.00000000000000E+00  2.21709406108100E-09
 Calling cg2d from S/R CG2D_MAD
 cg2d: Sum(rhs),rhsMax =   3.19744231092045E-14  2.34861995758177E-09
 Calling cg2d from S/R CG2D_MAD
 cg2d: Sum(rhs),rhsMax =  -2.84217094304040E-14  2.47418003031134E-09
 Calling cg2d from S/R CG2D_MAD
 cg2d: Sum(rhs),rhsMax =  -6.39488462184090E-14  2.59331212919973E-09
 Calling cg2d from S/R CG2D_MAD
 cg2d: Sum(rhs),rhsMax =   3.90798504668055E-14  2.70558630072831E-09
 Calling cg2d from S/R CG2D_MAD
 cg2d: Sum(rhs),rhsMax =   1.77635683940025E-14  2.81060889211827E-09
 Calling cg2d from S/R CG2D_MAD
 cg2d: Sum(rhs),rhsMax =  -3.55271367880050E-15  2.90802627281265E-09
 Calling cg2d from S/R CG2D_MAD
 cg2d: Sum(rhs),rhsMax =  -9.23705556488130E-14  2.99752808362380E-09
 Calling cg2d from S/R CG2D_MAD
 cg2d: Sum(rhs),rhsMax =  -1.06581410364015E-14  3.07884991941055E-09
 Calling cg2d from S/R CG2D_MAD
 cg2d: Sum(rhs),rhsMax =   2.48689957516035E-14  3.15177536858000E-09
 Calling cg2d from S/R CG2D_MAD
 cg2d: Sum(rhs),rhsMax =  -1.42108547152020E-14  3.21613735620039E-09
 Calling cg2d from S/R CG2D_MAD
 cg2d: Sum(rhs),rhsMax =   2.48689957516035E-14  3.27181877005169E-09
 Calling cg2d from S/R CG2D_MAD
 cg2d: Sum(rhs),rhsMax =   7.10542735760100E-14  3.31875232745997E-09
 Calling cg2d from S/R CG2D_MAD
 cg2d: Sum(rhs),rhsMax =   5.68434188608080E-14  3.35691967605095E-09
 Calling cg2d from S/R CG2D_MAD
 cg2d: Sum(rhs),rhsMax =   3.90798504668055E-14  3.38634979632580E-09
 Calling cg2d from S/R CG2D_MAD
 cg2d: Sum(rhs),rhsMax =  -2.13162820728030E-13  3.40711676581763E-09
 cg2d: Sum(rhs),rhsMax =   9.09494701772928E-13  1.94369797481884E+00
 cg2d: Sum(rhs),rhsMax =   5.82645043323282E-13  1.94341860406343E+00
 cg2d: Sum(rhs),rhsMax =   7.95807864051312E-13  1.94313877360991E+00
 cg2d: Sum(rhs),rhsMax =   7.53175299905706E-13  1.94285848529712E+00
 cg2d: Sum(rhs),rhsMax =   6.53699316899292E-13  1.94257774096040E+00
 cg2d: Sum(rhs),rhsMax =   7.38964445190504E-13  1.94229654243137E+00
 cg2d: Sum(rhs),rhsMax =   8.81072992342524E-13  1.94201489153768E+00
 cg2d: Sum(rhs),rhsMax =   7.24753590475302E-13  1.94173279010287E+00
 cg2d: Sum(rhs),rhsMax =   6.67910171614494E-13  1.94145023994629E+00
 cg2d: Sum(rhs),rhsMax =   8.81072992342524E-13  1.94116724288296E+00
 cg2d: Sum(rhs),rhsMax =   1.42108547152020E-14  1.94088380072361E+00
 cg2d: Sum(rhs),rhsMax =   8.95283847057726E-13  1.94059991527469E+00
 cg2d: Sum(rhs),rhsMax =   7.10542735760100E-13  1.94031558833834E+00
 cg2d: Sum(rhs),rhsMax =   4.97379915032070E-13  1.94003082171255E+00
 cg2d: Sum(rhs),rhsMax =   6.11066752753686E-13  1.93974561719131E+00
 cg2d: Sum(rhs),rhsMax =   5.96855898038484E-13  1.93945997656475E+00
 cg2d: Sum(rhs),rhsMax =   6.53699316899292E-13  1.93917390161931E+00
 cg2d: Sum(rhs),rhsMax =   7.53175299905706E-13  1.93888739413803E+00
 cg2d: Sum(rhs),rhsMax =   8.10018718766514E-13  1.93860045590081E+00
 cg2d: Sum(rhs),rhsMax =   4.12114786740858E-13  1.93831308868469E+00
 cg2d: Sum(rhs),rhsMax =   6.96331881044898E-13  1.93802529426420E+00
 cg2d: Sum(rhs),rhsMax =   5.25801624462474E-13  1.93773707441167E+00
 cg2d: Sum(rhs),rhsMax =   3.55271367880050E-13  1.93744843089765E+00
 cg2d: Sum(rhs),rhsMax =   5.40012479177676E-13  1.93715936549131E+00
 cg2d: Sum(rhs),rhsMax =   9.66338120633736E-13  1.93686987996079E+00
 cg2d: Sum(rhs),rhsMax =   5.54223333892878E-13  1.93657997607369E+00
 cg2d: Sum(rhs),rhsMax =   1.02318153949454E-12  1.93628965559743E+00
 cg2d: Sum(rhs),rhsMax =   5.96855898038484E-13  1.93599892029981E+00
 cg2d: Sum(rhs),rhsMax =  -4.26325641456060E-14  1.93570777194933E+00
 cg2d: Sum(rhs),rhsMax =   3.83693077310454E-13  1.93541621231575E+00
 cg2d: Sum(rhs),rhsMax =   7.95807864051312E-13  1.93512424317045E+00
 cg2d: Sum(rhs),rhsMax =   2.84217094304040E-13  1.93483186628695E+00
 cg2d: Sum(rhs),rhsMax =   4.54747350886464E-13  1.93453908344132E+00
 cg2d: Sum(rhs),rhsMax =   6.25277607468888E-13  1.93424589641266E+00
 cg2d: Sum(rhs),rhsMax =   7.10542735760100E-13  1.93395230698345E+00
 cg2d: Sum(rhs),rhsMax =   9.37916411203332E-13  1.93365831694005E+00
 cg2d: Sum(rhs),rhsMax =   1.05160324892495E-12  1.93336392807306E+00
 cg2d: Sum(rhs),rhsMax =   9.80548975348938E-13  1.93306914217767E+00
 cg2d: Sum(rhs),rhsMax =   7.38964445190504E-13  1.93277396105408E+00
 cg2d: Sum(rhs),rhsMax =   4.68958205601666E-13  1.93247838650781E+00
 cg2d: Sum(rhs),rhsMax =   7.95807864051312E-13  1.93218242035007E+00
 cg2d: Sum(rhs),rhsMax =   2.13162820728030E-13  1.93188606439799E+00
 cg2d: Sum(rhs),rhsMax =   7.24753590475302E-13  1.93158932047489E+00
 cg2d: Sum(rhs),rhsMax =   8.10018718766514E-13  1.93129219041061E+00
 cg2d: Sum(rhs),rhsMax =   1.10844666778576E-12  1.93099467604166E+00
 cg2d: Sum(rhs),rhsMax =   9.52127265918534E-13  1.93069677921139E+00
 cg2d: Sum(rhs),rhsMax =   3.83693077310454E-13  1.93039850177019E+00
 cg2d: Sum(rhs),rhsMax =   1.02318153949454E-12  1.93009984557559E+00
 cg2d: Sum(rhs),rhsMax =   5.82645043323282E-13  1.92980081249243E+00
 cg2d: Sum(rhs),rhsMax =   8.95283847057726E-13  1.92950140439279E+00
 cg2d: Sum(rhs),rhsMax =   7.10542735760100E-13  1.92920162315618E+00
 cg2d: Sum(rhs),rhsMax =   3.97903932025656E-13  1.92890147066939E+00
 cg2d: Sum(rhs),rhsMax =   7.67386154620908E-13  1.92860094882665E+00
 cg2d: Sum(rhs),rhsMax =   7.10542735760100E-13  1.92830005952937E+00
 cg2d: Sum(rhs),rhsMax =   1.56319401867222E-13  1.92799880468621E+00
 cg2d: Sum(rhs),rhsMax =   4.68958205601666E-13  1.92769718621293E+00
 cg2d: Sum(rhs),rhsMax =   7.38964445190504E-13  1.92739520603222E+00
 cg2d: Sum(rhs),rhsMax =   3.26849658449646E-13  1.92709286607353E+00
 cg2d: Sum(rhs),rhsMax =   5.96855898038484E-13  1.92687610072743E+00
 cg2d: Sum(rhs),rhsMax =   4.40536496171262E-13  1.92700113295450E+00
 cg2d: Sum(rhs),rhsMax =   8.38440428196918E-13  1.92712564430495E+00
 cg2d: Sum(rhs),rhsMax =   9.09494701772928E-13  1.92724963435591E+00
 cg2d: Sum(rhs),rhsMax =   7.24753590475302E-13  1.92737310268716E+00
 cg2d: Sum(rhs),rhsMax =   5.11590769747272E-13  1.92749604888053E+00
 cg2d: Sum(rhs),rhsMax =   8.81072992342524E-13  1.92761847251958E+00
 cg2d: Sum(rhs),rhsMax =   4.26325641456060E-13  1.92774037318898E+00
 cg2d: Sum(rhs),rhsMax =   4.83169060316868E-13  1.92786175047422E+00
 cg2d: Sum(rhs),rhsMax =   5.82645043323282E-13  1.92798260396111E+00
 cg2d: Sum(rhs),rhsMax =   4.40536496171262E-13  1.92810293323547E+00
 cg2d: Sum(rhs),rhsMax =   7.53175299905706E-13  1.92822273788274E+00
 cg2d: Sum(rhs),rhsMax =   2.98427949019242E-13  1.92834201748786E+00
 cg2d: Sum(rhs),rhsMax =   9.09494701772928E-13  1.92846077163464E+00
 Calling cg2d from S/R CG2D_MAD
 cg2d: Sum(rhs),rhsMax =   3.55271367880050E-14  3.41933689714185E-09
 Calling cg2d from S/R CG2D_MAD
 cg2d: Sum(rhs),rhsMax =  -4.97379915032070E-14  3.42316527996517E-09
 Calling cg2d from S/R CG2D_MAD
 cg2d: Sum(rhs),rhsMax =  -1.06581410364015E-14  3.41879182087876E-09
 Calling cg2d from S/R CG2D_MAD
 cg2d: Sum(rhs),rhsMax =  -1.42108547152020E-14  3.40643690961953E-09
 Calling cg2d from S/R CG2D_MAD
 cg2d: Sum(rhs),rhsMax =   2.48689957516035E-14  3.38634683065801E-09
 Calling cg2d from S/R CG2D_MAD
 cg2d: Sum(rhs),rhsMax =   0.00000000000000E+00  3.35878902179568E-09
 Calling cg2d from S/R CG2D_MAD
 cg2d: Sum(rhs),rhsMax =  -3.55271367880050E-15  3.32404727952194E-09
 Calling cg2d from S/R CG2D_MAD
 cg2d: Sum(rhs),rhsMax =   5.32907051820075E-14  3.28241701892060E-09
 Calling cg2d from S/R CG2D_MAD
 cg2d: Sum(rhs),rhsMax =  -1.06581410364015E-14  3.23420070058880E-09
 Calling cg2d from S/R CG2D_MAD
 cg2d: Sum(rhs),rhsMax =   7.81597009336110E-14  3.17970353314585E-09
 Calling cg2d from S/R CG2D_MAD
 cg2d: Sum(rhs),rhsMax =   1.77635683940025E-14  3.11922954972889E-09
 Calling cg2d from S/R CG2D_MAD
 cg2d: Sum(rhs),rhsMax =   8.17124146124115E-14  3.05307814378219E-09
 Calling cg2d from S/R CG2D_MAD
 cg2d: Sum(rhs),rhsMax =   1.06581410364015E-13  2.98154113505233E-09
 Calling cg2d from S/R CG2D_MAD
 cg2d: Sum(rhs),rhsMax =   5.68434188608080E-14  2.90490042121649E-09
 Calling cg2d from S/R CG2D_MAD
 cg2d: Sum(rhs),rhsMax =   8.52651282912120E-14  2.82342625392732E-09
 Calling cg2d from S/R CG2D_MAD
 cg2d: Sum(rhs),rhsMax =  -1.27897692436818E-13  2.73737616046872E-09
 Calling cg2d from S/R CG2D_MAD
 cg2d: Sum(rhs),rhsMax =  -6.75015598972095E-14  2.64699451416773E-09
 Calling cg2d from S/R CG2D_MAD
 cg2d: Sum(rhs),rhsMax =  -7.10542735760100E-14  2.55251273874183E-09
 Calling cg2d from S/R CG2D_MAD
 cg2d: Sum(rhs),rhsMax =   3.19744231092045E-14  2.45415011443788E-09
 Calling cg2d from S/R CG2D_MAD
 cg2d: Sum(rhs),rhsMax =   1.77635683940025E-14  2.35211513762848E-09
 Calling cg2d from S/R CG2D_MAD
 cg2d: Sum(rhs),rhsMax =   7.10542735760100E-15  2.24660737090262E-09
 Calling cg2d from S/R CG2D_MAD
 cg2d: Sum(rhs),rhsMax =  -4.61852778244065E-14  2.13781970802332E-09
 Calling cg2d from S/R CG2D_MAD
 cg2d: Sum(rhs),rhsMax =  -1.42108547152020E-14  2.02594096773183E-09
 Calling cg2d from S/R CG2D_MAD
 cg2d: Sum(rhs),rhsMax =  -3.55271367880050E-15  1.91115872250766E-09
 Calling cg2d from S/R CG2D_MAD
 cg2d: Sum(rhs),rhsMax =   9.94759830064140E-14  1.79366226325430E-09
 Calling cg2d from S/R CG2D_MAD
 cg2d: Sum(rhs),rhsMax =   8.70414851306123E-14  1.67364559853503E-09
 Calling cg2d from S/R CG2D_MAD
 cg2d: Sum(rhs),rhsMax =  -3.10862446895044E-14  1.57089338689254E-09
 Calling cg2d from S/R CG2D_MAD
 cg2d: Sum(rhs),rhsMax =  -1.50990331349021E-14  1.63425055891268E-09
 Calling cg2d from S/R CG2D_MAD
 cg2d: Sum(rhs),rhsMax =   3.39728245535298E-14  1.72358212554946E-09
 Calling cg2d from S/R CG2D_MAD
 cg2d: Sum(rhs),rhsMax =   1.28785870856518E-13  1.80092283953059E-09
 Calling cg2d from S/R CG2D_MAD
 cg2d: Sum(rhs),rhsMax =  -1.27897692436818E-13  1.86582234014823E-09
 Calling cg2d from S/R CG2D_MAD
 cg2d: Sum(rhs),rhsMax =  -3.55271367880050E-15  1.91792603534892E-09
 Calling cg2d from S/R CG2D_MAD
 cg2d: Sum(rhs),rhsMax =  -1.42108547152020E-14  1.95697736591640E-09
 Calling cg2d from S/R CG2D_MAD
 cg2d: Sum(rhs),rhsMax =   5.32907051820075E-14  1.98281910539485E-09
 Calling cg2d from S/R CG2D_MAD
 cg2d: Sum(rhs),rhsMax =  -8.17124146124115E-14  1.99539369504979E-09
 Calling cg2d from S/R CG2D_MAD
 cg2d: Sum(rhs),rhsMax =  -7.10542735760100E-15  1.99474262698155E-09
 Calling cg2d from S/R CG2D_MAD
 cg2d: Sum(rhs),rhsMax =   1.42108547152020E-14  1.98100490171216E-09
 Calling cg2d from S/R CG2D_MAD
 cg2d: Sum(rhs),rhsMax =  -5.68434188608080E-14  1.95441459890569E-09
 Calling cg2d from S/R CG2D_MAD
 cg2d: Sum(rhs),rhsMax =  -4.97379915032070E-14  1.91529761113590E-09
 Calling cg2d from S/R CG2D_MAD
 cg2d: Sum(rhs),rhsMax =  -4.97379915032070E-14  1.86406760058055E-09
 Calling cg2d from S/R CG2D_MAD
 cg2d: Sum(rhs),rhsMax =   7.10542735760100E-15  1.80122124704678E-09
 Calling cg2d from S/R CG2D_MAD
 cg2d: Sum(rhs),rhsMax =  -2.13162820728030E-14  1.72733286269355E-09
 Calling cg2d from S/R CG2D_MAD
 cg2d: Sum(rhs),rhsMax =  -1.42108547152020E-14  1.70123599923701E-09
 Calling cg2d from S/R CG2D_MAD
 cg2d: Sum(rhs),rhsMax =   8.52651282912120E-14  1.84624212713829E-09
 Calling cg2d from S/R CG2D_MAD
 cg2d: Sum(rhs),rhsMax =  -2.84217094304040E-14  1.98692344306760E-09
 Calling cg2d from S/R CG2D_MAD
 cg2d: Sum(rhs),rhsMax =   1.42108547152020E-14  2.12292401289124E-09
 Calling cg2d from S/R CG2D_MAD
 cg2d: Sum(rhs),rhsMax =   7.10542735760100E-15  2.25390422028540E-09
 Calling cg2d from S/R CG2D_MAD
 cg2d: Sum(rhs),rhsMax =   7.10542735760100E-14  2.37953985877274E-09
 Calling cg2d from S/R CG2D_MAD
 cg2d: Sum(rhs),rhsMax =   4.26325641456060E-14  2.49952133049078E-09
 Calling cg2d from S/R CG2D_MAD
 cg2d: Sum(rhs),rhsMax =   8.52651282912120E-14  2.61355300275272E-09
 Calling cg2d from S/R CG2D_MAD
 cg2d: Sum(rhs),rhsMax =  -1.42108547152020E-14  2.72135276442277E-09
 Calling cg2d from S/R CG2D_MAD
 cg2d: Sum(rhs),rhsMax =  -7.81597009336110E-14  2.82265181396288E-09
 Calling cg2d from S/R CG2D_MAD
 cg2d: Sum(rhs),rhsMax =   7.10542735760100E-15  2.91719470011250E-09
 Calling cg2d from S/R CG2D_MAD
 cg2d: Sum(rhs),rhsMax =   5.68434188608080E-14  3.00473962484114E-09
 Calling cg2d from S/R CG2D_MAD
 cg2d: Sum(rhs),rhsMax =  -2.84217094304040E-14  3.08505900687224E-09
 Calling cg2d from S/R CG2D_MAD
 cg2d: Sum(rhs),rhsMax =   7.10542735760100E-15  3.15794029303806E-09
 Calling cg2d from S/R CG2D_MAD
 cg2d: Sum(rhs),rhsMax =   7.10542735760100E-15  3.22318699437119E-09
 Calling cg2d from S/R CG2D_MAD
 cg2d: Sum(rhs),rhsMax =  -1.10134124042816E-13  3.28061991446492E-09
 Calling cg2d from S/R CG2D_MAD
 cg2d: Sum(rhs),rhsMax =   1.77635683940025E-14  3.33007852955988E-09
 Calling cg2d from S/R CG2D_MAD
 cg2d: Sum(rhs),rhsMax =   7.10542735760100E-14  3.37142247326312E-09
 Calling cg2d from S/R CG2D_MAD
 cg2d: Sum(rhs),rhsMax =  -3.55271367880050E-15  3.40453307400401E-09
 Calling cg2d from S/R CG2D_MAD
 cg2d: Sum(rhs),rhsMax =  -7.10542735760100E-15  3.42931489039791E-09
 Calling cg2d from S/R CG2D_MAD
 cg2d: Sum(rhs),rhsMax =  -3.55271367880050E-15  3.44569718872473E-09
 Calling cg2d from S/R CG2D_MAD
 cg2d: Sum(rhs),rhsMax =  -3.90798504668055E-14  3.45363530773800E-09
 Calling cg2d from S/R CG2D_MAD
 cg2d: Sum(rhs),rhsMax =   1.06581410364015E-14  3.45311185896036E-09
 Calling cg2d from S/R CG2D_MAD
 cg2d: Sum(rhs),rhsMax =  -8.88178419700125E-15  3.44413771537233E-09
 Calling cg2d from S/R CG2D_MAD
 cg2d: Sum(rhs),rhsMax =  -2.48689957516035E-14  3.42675274779463E-09
 Calling cg2d from S/R CG2D_MAD
 cg2d: Sum(rhs),rhsMax =   2.84217094304040E-14  3.40102627606462E-09
 Calling cg2d from S/R CG2D_MAD
 cg2d: Sum(rhs),rhsMax =  -4.08562073062058E-14  3.36705721102519E-09
 Calling cg2d from S/R CG2D_MAD
 cg2d: Sum(rhs),rhsMax =   0.00000000000000E+00  3.32497387309077E-09
 Calling cg2d from S/R CG2D_MAD
 cg2d: Sum(rhs),rhsMax =  -3.19744231092045E-14  3.27493348333475E-09
 Calling cg2d from S/R CG2D_MAD
 cg2d: Sum(rhs),rhsMax =  -8.03801469828613E-14  3.21712133335045E-09
 cg2d: Sum(rhs),rhsMax =   7.24753590475302E-13  1.96248966133242E+00
 cg2d: Sum(rhs),rhsMax =   1.08002495835535E-12  1.96224792095346E+00
 cg2d: Sum(rhs),rhsMax =   7.67386154620908E-13  1.96200560321962E+00
 cg2d: Sum(rhs),rhsMax =   1.00897068477934E-12  1.96176270961842E+00
 cg2d: Sum(rhs),rhsMax =   3.69482222595252E-13  1.96151924162961E+00
 cg2d: Sum(rhs),rhsMax =   1.13686837721616E-12  1.96127520072553E+00
 cg2d: Sum(rhs),rhsMax =   5.40012479177676E-13  1.96103058837147E+00
 cg2d: Sum(rhs),rhsMax =   5.25801624462474E-13  1.96078540602631E+00
 cg2d: Sum(rhs),rhsMax =   5.82645043323282E-13  1.96053965514300E+00
 cg2d: Sum(rhs),rhsMax =   3.41060513164848E-13  1.96029333716912E+00
 cg2d: Sum(rhs),rhsMax =   7.24753590475302E-13  1.96004645354762E+00
 cg2d: Sum(rhs),rhsMax =   7.10542735760100E-13  1.95979900571744E+00
 cg2d: Sum(rhs),rhsMax =   1.36424205265939E-12  1.95955099511424E+00
 cg2d: Sum(rhs),rhsMax =   8.52651282912120E-13  1.95930242317123E+00
 cg2d: Sum(rhs),rhsMax =   8.24229573481716E-13  1.95905329131984E+00
 cg2d: Sum(rhs),rhsMax =   6.53699316899292E-13  1.95880360099056E+00
 cg2d: Sum(rhs),rhsMax =   4.54747350886464E-13  1.95855335361380E+00
 cg2d: Sum(rhs),rhsMax =   3.69482222595252E-13  1.95830255062066E+00
 cg2d: Sum(rhs),rhsMax =   5.82645043323282E-13  1.95805119344379E+00
 cg2d: Sum(rhs),rhsMax =   7.10542735760100E-13  1.95779928351826E+00
 cg2d: Sum(rhs),rhsMax =   7.67386154620908E-13  1.95754682228241E+00
 cg2d: Sum(rhs),rhsMax =   3.41060513164848E-13  1.95729381117865E+00
 cg2d: Sum(rhs),rhsMax =   7.67386154620908E-13  1.95704025165433E+00
 cg2d: Sum(rhs),rhsMax =   4.40536496171262E-13  1.95678614516253E+00
 cg2d: Sum(rhs),rhsMax =   4.12114786740858E-13  1.95653149316289E+00
 cg2d: Sum(rhs),rhsMax =   6.25277607468888E-13  1.95627629712234E+00
 cg2d: Sum(rhs),rhsMax =   3.26849658449646E-13  1.95602055851583E+00
 cg2d: Sum(rhs),rhsMax =   3.26849658449646E-13  1.95576427882672E+00
 cg2d: Sum(rhs),rhsMax =   4.97379915032070E-13  1.95550745954742E+00
 cg2d: Sum(rhs),rhsMax =   4.40536496171262E-13  1.95525010218045E+00
 cg2d: Sum(rhs),rhsMax =   6.25277607468888E-13  1.95499220823937E+00
 cg2d: Sum(rhs),rhsMax =   9.09494701772928E-13  1.95473377924937E+00
 cg2d: Sum(rhs),rhsMax =   5.54223333892878E-13  1.95447481674723E+00
 cg2d: Sum(rhs),rhsMax =   7.38964445190504E-13  1.95421532228136E+00
 cg2d: Sum(rhs),rhsMax =   5.68434188608080E-13  1.95395529741213E+00
 cg2d: Sum(rhs),rhsMax =   1.20792265079217E-12  1.95369474371237E+00
 cg2d: Sum(rhs),rhsMax =   6.67910171614494E-13  1.95343366276768E+00
 cg2d: Sum(rhs),rhsMax =   4.54747350886464E-13  1.95317205617682E+00
 cg2d: Sum(rhs),rhsMax =   5.54223333892878E-13  1.95290992555179E+00
 cg2d: Sum(rhs),rhsMax =   7.10542735760100E-13  1.95264727251788E+00
 cg2d: Sum(rhs),rhsMax =   5.25801624462474E-13  1.95238409871382E+00
 cg2d: Sum(rhs),rhsMax =   9.94759830064140E-14  1.95212040579161E+00
 cg2d: Sum(rhs),rhsMax =   6.11066752753686E-13  1.95185619541651E+00
 cg2d: Sum(rhs),rhsMax =   3.41060513164848E-13  1.95159146926691E+00
 cg2d: Sum(rhs),rhsMax =   7.67386154620908E-13  1.95132622903414E+00
 cg2d: Sum(rhs),rhsMax =   9.94759830064140E-14  1.95106047642222E+00
 cg2d: Sum(rhs),rhsMax =   3.97903932025656E-13  1.95079421314756E+00
 cg2d: Sum(rhs),rhsMax =   8.24229573481716E-13  1.95052744093867E+00
 cg2d: Sum(rhs),rhsMax =   8.38440428196918E-13  1.95026016153578E+00
 cg2d: Sum(rhs),rhsMax =   6.25277607468888E-13  1.94999237669033E+00
 cg2d: Sum(rhs),rhsMax =   4.12114786740858E-13  1.94972408816461E+00
 cg2d: Sum(rhs),rhsMax =   6.25277607468888E-13  1.94945529773121E+00
 cg2d: Sum(rhs),rhsMax =   8.66862137627322E-13  1.94918600717248E+00
 cg2d: Sum(rhs),rhsMax =   7.38964445190504E-13  1.94891621827997E+00
 cg2d: Sum(rhs),rhsMax =   6.96331881044898E-13  1.94864593285385E+00
 cg2d: Sum(rhs),rhsMax =   4.83169060316868E-13  1.94837515270227E+00
 cg2d: Sum(rhs),rhsMax =   7.24753590475302E-13  1.94810387964077E+00
 cg2d: Sum(rhs),rhsMax =   6.53699316899292E-13  1.94783211549159E+00
 cg2d: Sum(rhs),rhsMax =   3.97903932025656E-13  1.94755986208303E+00
 cg2d: Sum(rhs),rhsMax =   6.11066752753686E-13  1.94728712124878E+00
 cg2d: Sum(rhs),rhsMax =   1.09423581307055E-12  1.94701389482735E+00
 cg2d: Sum(rhs),rhsMax =   1.23634436022257E-12  1.94674018466117E+00
 cg2d: Sum(rhs),rhsMax =   8.24229573481716E-13  1.94646599259623E+00
 cg2d: Sum(rhs),rhsMax =   5.68434188608080E-13  1.94619132048125E+00
 cg2d: Sum(rhs),rhsMax =   7.67386154620908E-13  1.94591617016705E+00
 cg2d: Sum(rhs),rhsMax =   4.97379915032070E-13  1.94564054350604E+00
 cg2d: Sum(rhs),rhsMax =   6.96331881044898E-13  1.94536444235150E+00
 cg2d: Sum(rhs),rhsMax =   1.10844666778576E-12  1.94508786855703E+00
 cg2d: Sum(rhs),rhsMax =   3.83693077310454E-13  1.94481082397608E+00
 cg2d: Sum(rhs),rhsMax =   1.42108547152020E-14  1.94453331046125E+00
 cg2d: Sum(rhs),rhsMax =   7.24753590475302E-13  1.94425532986402E+00
 cg2d: Sum(rhs),rhsMax =   6.96331881044898E-13  1.94397688403403E+00
 Calling cg2d from S/R CG2D_MAD
 cg2d: Sum(rhs),rhsMax =  -2.06501482580279E-14  3.15174965015161E-09
 Calling cg2d from S/R CG2D_MAD
 cg2d: Sum(rhs),rhsMax =  -6.35047570085590E-14  3.07905618178964E-09
 Calling cg2d from S/R CG2D_MAD
 cg2d: Sum(rhs),rhsMax =   3.01980662698043E-14  2.99930253780101E-09
 Calling cg2d from S/R CG2D_MAD
 cg2d: Sum(rhs),rhsMax =   5.24025267623074E-14  2.91277232579394E-09
 Calling cg2d from S/R CG2D_MAD
 cg2d: Sum(rhs),rhsMax =   8.70414851306123E-14  2.81976913116351E-09
 Calling cg2d from S/R CG2D_MAD
 cg2d: Sum(rhs),rhsMax =  -5.50670620214078E-14  2.72061439089438E-09
 Calling cg2d from S/R CG2D_MAD
 cg2d: Sum(rhs),rhsMax =  -4.44089209850063E-14  2.61564521455485E-09
 Calling cg2d from S/R CG2D_MAD
 cg2d: Sum(rhs),rhsMax =  -4.61852778244065E-14  2.50521220580247E-09
 Calling cg2d from S/R CG2D_MAD
 cg2d: Sum(rhs),rhsMax =   2.48689957516035E-14  2.38967733604880E-09
 Calling cg2d from S/R CG2D_MAD
 cg2d: Sum(rhs),rhsMax =   7.10542735760100E-14  2.26941191841187E-09
 Calling cg2d from S/R CG2D_MAD
 cg2d: Sum(rhs),rhsMax =   4.26325641456060E-14  2.14479472487825E-09
 Calling cg2d from S/R CG2D_MAD
 cg2d: Sum(rhs),rhsMax =   5.68434188608080E-14  2.01621028288590E-09
 Calling cg2d from S/R CG2D_MAD
 cg2d: Sum(rhs),rhsMax =   1.42108547152020E-14  1.88404737959547E-09
 Calling cg2d from S/R CG2D_MAD
 cg2d: Sum(rhs),rhsMax =   5.68434188608080E-14  1.74869779322238E-09
 Calling cg2d from S/R CG2D_MAD
 cg2d: Sum(rhs),rhsMax =  -1.06581410364015E-13  1.61055526129646E-09
 Calling cg2d from S/R CG2D_MAD
 cg2d: Sum(rhs),rhsMax =  -2.62900812231237E-13  1.51803085681713E-09
 Calling cg2d from S/R CG2D_MAD
 cg2d: Sum(rhs),rhsMax =   2.13162820728030E-14  1.53984348793575E-09
 Calling cg2d from S/R CG2D_MAD
 cg2d: Sum(rhs),rhsMax =   3.55271367880050E-14  1.55140905435076E-09
 Calling cg2d from S/R CG2D_MAD
 cg2d: Sum(rhs),rhsMax =  -9.23705556488130E-14  1.55264592603811E-09
 Calling cg2d from S/R CG2D_MAD
 cg2d: Sum(rhs),rhsMax =   0.00000000000000E+00  1.54354400117158E-09
 Calling cg2d from S/R CG2D_MAD
 cg2d: Sum(rhs),rhsMax =   9.23705556488130E-14  1.52416523137576E-09
 Calling cg2d from S/R CG2D_MAD
 cg2d: Sum(rhs),rhsMax =   7.10542735760100E-15  1.49464361534466E-09
 Calling cg2d from S/R CG2D_MAD
 cg2d: Sum(rhs),rhsMax =   4.97379915032070E-14  1.45518464061299E-09
 Calling cg2d from S/R CG2D_MAD
 cg2d: Sum(rhs),rhsMax =  -7.81597009336110E-14  1.40606415850431E-09
 Calling cg2d from S/R CG2D_MAD
 cg2d: Sum(rhs),rhsMax =  -7.10542735760100E-14  1.34762668337531E-09
 Calling cg2d from S/R CG2D_MAD
 cg2d: Sum(rhs),rhsMax =  -7.81597009336110E-14  1.28028311410867E-09
 Calling cg2d from S/R CG2D_MAD
 cg2d: Sum(rhs),rhsMax =  -6.39488462184090E-14  1.34192869705109E-09
 Calling cg2d from S/R CG2D_MAD
 cg2d: Sum(rhs),rhsMax =   1.70530256582424E-13  1.40537135039184E-09
 Calling cg2d from S/R CG2D_MAD
 cg2d: Sum(rhs),rhsMax =   2.62900812231237E-13  1.46060607498145E-09
 Calling cg2d from S/R CG2D_MAD
 cg2d: Sum(rhs),rhsMax =   3.55271367880050E-14  1.50726496381589E-09
 Calling cg2d from S/R CG2D_MAD
 cg2d: Sum(rhs),rhsMax =  -7.81597009336110E-14  1.54502895345257E-09
 Calling cg2d from S/R CG2D_MAD
 cg2d: Sum(rhs),rhsMax =   7.81597009336110E-14  1.57363086028030E-09
 Calling cg2d from S/R CG2D_MAD
 cg2d: Sum(rhs),rhsMax =   1.13686837721616E-13  1.59285817989289E-09
 Calling cg2d from S/R CG2D_MAD
 cg2d: Sum(rhs),rhsMax =  -1.06581410364015E-13  1.60255560234808E-09
 Calling cg2d from S/R CG2D_MAD
 cg2d: Sum(rhs),rhsMax =   0.00000000000000E+00  1.60262719597083E-09
 Calling cg2d from S/R CG2D_MAD
 cg2d: Sum(rhs),rhsMax =  -2.06057393370429E-13  1.64243553682144E-09
 Calling cg2d from S/R CG2D_MAD
 cg2d: Sum(rhs),rhsMax =   1.56319401867222E-13  1.72347244118655E-09
 Calling cg2d from S/R CG2D_MAD
 cg2d: Sum(rhs),rhsMax =   1.06581410364015E-13  1.80101417627643E-09
 Calling cg2d from S/R CG2D_MAD
 cg2d: Sum(rhs),rhsMax =  -3.55271367880050E-14  1.87490326088292E-09
 Calling cg2d from S/R CG2D_MAD
 cg2d: Sum(rhs),rhsMax =  -1.77635683940025E-14  1.94499632764583E-09
 Calling cg2d from S/R CG2D_MAD
 cg2d: Sum(rhs),rhsMax =   1.06581410364015E-13  2.01116295306079E-09
 Calling cg2d from S/R CG2D_MAD
 cg2d: Sum(rhs),rhsMax =   1.66977542903624E-13  2.07328441048497E-09
 Calling cg2d from S/R CG2D_MAD
 cg2d: Sum(rhs),rhsMax =   3.90798504668055E-14  2.13125239423894E-09
 Calling cg2d from S/R CG2D_MAD
 cg2d: Sum(rhs),rhsMax =  -3.19744231092045E-14  2.18496776152136E-09
 Calling cg2d from S/R CG2D_MAD
 cg2d: Sum(rhs),rhsMax =  -6.21724893790088E-14  2.23433933615399E-09
 Calling cg2d from S/R CG2D_MAD
 cg2d: Sum(rhs),rhsMax =   6.21724893790088E-14  2.27928281431028E-09
 Calling cg2d from S/R CG2D_MAD
 cg2d: Sum(rhs),rhsMax =   3.90798504668055E-14  2.31971980751384E-09
 Calling cg2d from S/R CG2D_MAD
 cg2d: Sum(rhs),rhsMax =  -5.95079541199084E-14  2.35557705250015E-09
 Calling cg2d from S/R CG2D_MAD
 cg2d: Sum(rhs),rhsMax =   6.48370246381091E-14  2.38678581111580E-09
 Calling cg2d from S/R CG2D_MAD
 cg2d: Sum(rhs),rhsMax =   3.10862446895044E-14  2.41532251395069E-09
 Calling cg2d from S/R CG2D_MAD
 cg2d: Sum(rhs),rhsMax =   6.75015598972095E-14  2.43370841197314E-09
 Calling cg2d from S/R CG2D_MAD
 cg2d: Sum(rhs),rhsMax =   3.44169137633799E-14  2.45104921059592E-09
 Calling cg2d from S/R CG2D_MAD
 cg2d: Sum(rhs),rhsMax =  -1.88737914186277E-15  2.46431202115643E-09
 Calling cg2d from S/R CG2D_MAD
 cg2d: Sum(rhs),rhsMax =   4.44089209850063E-14  2.47167928834613E-09
 Calling cg2d from S/R CG2D_MAD
 cg2d: Sum(rhs),rhsMax =  -2.93098878501041E-14  2.47368568124147E-09
 Calling cg2d from S/R CG2D_MAD
 cg2d: Sum(rhs),rhsMax =  -4.70734562441066E-14  2.47072138520228E-09
 Calling cg2d from S/R CG2D_MAD
 cg2d: Sum(rhs),rhsMax =  -2.22044604925031E-14  2.46278437162817E-09
 Calling cg2d from S/R CG2D_MAD
 cg2d: Sum(rhs),rhsMax =  -7.81597009336110E-14  2.44980727810946E-09
 Calling cg2d from S/R CG2D_MAD
 cg2d: Sum(rhs),rhsMax =  -2.66453525910038E-14  2.43175896099829E-09
 Calling cg2d from S/R CG2D_MAD
 cg2d: Sum(rhs),rhsMax =   1.20792265079217E-13  2.40863501338690E-09
 Calling cg2d from S/R CG2D_MAD
 cg2d: Sum(rhs),rhsMax =  -1.50990331349021E-13  2.38044597526582E-09
 Calling cg2d from S/R CG2D_MAD
 cg2d: Sum(rhs),rhsMax =   4.97379915032070E-14  2.34721549843667E-09
 Calling cg2d from S/R CG2D_MAD
 cg2d: Sum(rhs),rhsMax =  -1.77635683940025E-14  2.30898146980107E-09
 Calling cg2d from S/R CG2D_MAD
 cg2d: Sum(rhs),rhsMax =   6.03961325396085E-14  2.26579719401926E-09
 Calling cg2d from S/R CG2D_MAD
 cg2d: Sum(rhs),rhsMax =   7.10542735760100E-15  2.21773234962814E-09
 Calling cg2d from S/R CG2D_MAD
 cg2d: Sum(rhs),rhsMax =   1.42108547152020E-13  2.16487380004348E-09
 Calling cg2d from S/R CG2D_MAD
 cg2d: Sum(rhs),rhsMax =   3.19744231092045E-14  2.10732626474381E-09
 Calling cg2d from S/R CG2D_MAD
 cg2d: Sum(rhs),rhsMax =   3.90798504668055E-14  2.04521282601336E-09
 Calling cg2d from S/R CG2D_MAD
 cg2d: Sum(rhs),rhsMax =   9.59232693276135E-14  1.97867525240473E-09
 Calling cg2d from S/R CG2D_MAD
 cg2d: Sum(rhs),rhsMax =   7.10542735760100E-15  1.90787412830688E-09
 Calling cg2d from S/R CG2D_MAD
 cg2d: Sum(rhs),rhsMax =  -1.27897692436818E-13  1.83298878479554E-09
 Calling cg2d from S/R CG2D_MAD
 cg2d: Sum(rhs),rhsMax =   0.00000000000000E+00  1.75421703172860E-09
 cg2d: Sum(rhs),rhsMax =   5.25801624462474E-13  1.97827854679158E+00
 cg2d: Sum(rhs),rhsMax =   2.13162820728030E-13  1.97808227711866E+00
 cg2d: Sum(rhs),rhsMax =   3.97903932025656E-13  1.97788533210936E+00
 cg2d: Sum(rhs),rhsMax =   4.83169060316868E-13  1.97768771273827E+00
 cg2d: Sum(rhs),rhsMax =   5.68434188608080E-13  1.97748941997780E+00
 cg2d: Sum(rhs),rhsMax =   8.52651282912120E-13  1.97729045479931E+00
 cg2d: Sum(rhs),rhsMax =   5.25801624462474E-13  1.97709081817457E+00
 cg2d: Sum(rhs),rhsMax =   5.11590769747272E-13  1.97689051107700E+00
 cg2d: Sum(rhs),rhsMax =   7.24753590475302E-13  1.97668953448292E+00
 cg2d: Sum(rhs),rhsMax =   4.83169060316868E-13  1.97648788937311E+00
 cg2d: Sum(rhs),rhsMax =   4.26325641456060E-13  1.97628557673392E+00
 cg2d: Sum(rhs),rhsMax =   8.38440428196918E-13  1.97608259755867E+00
 cg2d: Sum(rhs),rhsMax =   7.38964445190504E-13  1.97587895284890E+00
 cg2d: Sum(rhs),rhsMax =   4.40536496171262E-13  1.97567464361575E+00
 cg2d: Sum(rhs),rhsMax =   5.40012479177676E-13  1.97546967088098E+00
 cg2d: Sum(rhs),rhsMax =   7.67386154620908E-13  1.97526403567837E+00
 cg2d: Sum(rhs),rhsMax =   4.83169060316868E-13  1.97505773905462E+00
 cg2d: Sum(rhs),rhsMax =   8.24229573481716E-13  1.97485078207062E+00
 cg2d: Sum(rhs),rhsMax =   4.40536496171262E-13  1.97464316580237E+00
 cg2d: Sum(rhs),rhsMax =   5.11590769747272E-13  1.97443489134190E+00
 cg2d: Sum(rhs),rhsMax =   7.38964445190504E-13  1.97422595979816E+00
 cg2d: Sum(rhs),rhsMax =   7.81597009336110E-13  1.97401637229787E+00
 cg2d: Sum(rhs),rhsMax =   5.40012479177676E-13  1.97380612998610E+00
 cg2d: Sum(rhs),rhsMax =   3.83693077310454E-13  1.97359523402704E+00
 cg2d: Sum(rhs),rhsMax =   6.82121026329696E-13  1.97338368560446E+00
 cg2d: Sum(rhs),rhsMax =   6.82121026329696E-13  1.97317148592217E+00
 cg2d: Sum(rhs),rhsMax =   4.40536496171262E-13  1.97295863620440E+00
 cg2d: Sum(rhs),rhsMax =   6.39488462184090E-13  1.97274513769602E+00
 cg2d: Sum(rhs),rhsMax =   4.97379915032070E-13  1.97253099166276E+00
 cg2d: Sum(rhs),rhsMax =   5.40012479177676E-13  1.97231619939129E+00
 cg2d: Sum(rhs),rhsMax =   9.94759830064140E-13  1.97210076218916E+00
 cg2d: Sum(rhs),rhsMax =   5.54223333892878E-13  1.97188468138468E+00
 cg2d: Sum(rhs),rhsMax =   5.40012479177676E-13  1.97166795832684E+00
 cg2d: Sum(rhs),rhsMax =   2.41584530158434E-13  1.97145059438484E+00
 cg2d: Sum(rhs),rhsMax =   2.13162820728030E-13  1.97123259094787E+00
 cg2d: Sum(rhs),rhsMax =   3.83693077310454E-13  1.97101394942454E+00
 cg2d: Sum(rhs),rhsMax =   7.38964445190504E-13  1.97079467124240E+00
 cg2d: Sum(rhs),rhsMax =   4.97379915032070E-13  1.97057475784731E+00
 cg2d: Sum(rhs),rhsMax =   5.68434188608080E-13  1.97035421070274E+00
 cg2d: Sum(rhs),rhsMax =   3.26849658449646E-13  1.97013303128896E+00
 cg2d: Sum(rhs),rhsMax =   9.52127265918534E-13  1.96991122110236E+00
 cg2d: Sum(rhs),rhsMax =   9.23705556488130E-13  1.96968878165438E+00
 cg2d: Sum(rhs),rhsMax =   9.94759830064140E-14  1.96946571447079E+00
 cg2d: Sum(rhs),rhsMax =   8.10018718766514E-13  1.96924202109055E+00
 cg2d: Sum(rhs),rhsMax =   5.40012479177676E-13  1.96901770306481E+00
 cg2d: Sum(rhs),rhsMax =   5.96855898038484E-13  1.96879276195601E+00
 cg2d: Sum(rhs),rhsMax =   6.82121026329696E-13  1.96856719933661E+00
 cg2d: Sum(rhs),rhsMax =   1.19371179607697E-12  1.96834101678808E+00
 cg2d: Sum(rhs),rhsMax =   4.12114786740858E-13  1.96811421589974E+00
 cg2d: Sum(rhs),rhsMax =   5.25801624462474E-13  1.96788679826769E+00
 cg2d: Sum(rhs),rhsMax =   8.24229573481716E-13  1.96765876549382E+00
 cg2d: Sum(rhs),rhsMax =   3.12638803734444E-13  1.96743011918473E+00
 cg2d: Sum(rhs),rhsMax =   4.40536496171262E-13  1.96720086095064E+00
 cg2d: Sum(rhs),rhsMax =   8.81072992342524E-13  1.96697099240417E+00
 cg2d: Sum(rhs),rhsMax =   6.67910171614494E-13  1.96674051515921E+00
 cg2d: Sum(rhs),rhsMax =   9.09494701772928E-13  1.96650943082984E+00
 cg2d: Sum(rhs),rhsMax =   6.53699316899292E-13  1.96627774102937E+00
 cg2d: Sum(rhs),rhsMax =   4.54747350886464E-13  1.96604544736946E+00
 cg2d: Sum(rhs),rhsMax =   6.39488462184090E-13  1.96581255145918E+00
 cg2d: Sum(rhs),rhsMax =   1.00897068477934E-12  1.96557905490431E+00
 cg2d: Sum(rhs),rhsMax =   6.53699316899292E-13  1.96534495930641E+00
 cg2d: Sum(rhs),rhsMax =   2.84217094304040E-13  1.96511026626221E+00
 cg2d: Sum(rhs),rhsMax =   5.96855898038484E-13  1.96487497736279E+00
 cg2d: Sum(rhs),rhsMax =   8.66862137627322E-13  1.96463909419305E+00
 cg2d: Sum(rhs),rhsMax =   1.15107923193136E-12  1.96440261833110E+00
 cg2d: Sum(rhs),rhsMax =   9.52127265918534E-13  1.96416555134775E+00
 cg2d: Sum(rhs),rhsMax =   2.55795384873636E-13  1.96392789480618E+00
 cg2d: Sum(rhs),rhsMax =   3.83693077310454E-13  1.96368965026149E+00
 cg2d: Sum(rhs),rhsMax =   3.83693077310454E-13  1.96345081926057E+00
 cg2d: Sum(rhs),rhsMax =   6.96331881044898E-13  1.96321140334176E+00
 cg2d: Sum(rhs),rhsMax =   5.11590769747272E-13  1.96297140403481E+00
 cg2d: Sum(rhs),rhsMax =   8.95283847057726E-13  1.96273082286086E+00
 Calling cg2d from S/R CG2D_MAD
 cg2d: Sum(rhs),rhsMax =   7.10542735760100E-14  1.67177469510988E-09
 Calling cg2d from S/R CG2D_MAD
 cg2d: Sum(rhs),rhsMax =  -1.27897692436818E-13  1.58589496673867E-09
 Calling cg2d from S/R CG2D_MAD
 cg2d: Sum(rhs),rhsMax =  -7.81597009336110E-14  1.49682757497267E-09
 Calling cg2d from S/R CG2D_MAD
 cg2d: Sum(rhs),rhsMax =  -1.27897692436818E-13  1.41525871024801E-09
 Calling cg2d from S/R CG2D_MAD
 cg2d: Sum(rhs),rhsMax =   8.52651282912120E-14  1.39302458602416E-09
 Calling cg2d from S/R CG2D_MAD
 cg2d: Sum(rhs),rhsMax =   2.84217094304040E-14  1.36238696816982E-09
 Calling cg2d from S/R CG2D_MAD
 cg2d: Sum(rhs),rhsMax =  -5.68434188608080E-14  1.36181228324447E-09
 Calling cg2d from S/R CG2D_MAD
 cg2d: Sum(rhs),rhsMax =   0.00000000000000E+00  1.36278210793691E-09
 Calling cg2d from S/R CG2D_MAD
 cg2d: Sum(rhs),rhsMax =  -1.42108547152020E-14  1.35535343902700E-09
 Calling cg2d from S/R CG2D_MAD
 cg2d: Sum(rhs),rhsMax =   7.81597009336110E-14  1.33964302534399E-09
 Calling cg2d from S/R CG2D_MAD
 cg2d: Sum(rhs),rhsMax =  -1.49213974509621E-13  1.31581941468047E-09
 Calling cg2d from S/R CG2D_MAD
 cg2d: Sum(rhs),rhsMax =  -1.06581410364015E-13  1.28410136397530E-09
 Calling cg2d from S/R CG2D_MAD
 cg2d: Sum(rhs),rhsMax =   8.52651282912120E-14  1.24475595637917E-09
 Calling cg2d from S/R CG2D_MAD
 cg2d: Sum(rhs),rhsMax =  -9.94759830064140E-14  1.19809643612917E-09
 Calling cg2d from S/R CG2D_MAD
 cg2d: Sum(rhs),rhsMax =   0.00000000000000E+00  1.14447977524774E-09
 Calling cg2d from S/R CG2D_MAD
 cg2d: Sum(rhs),rhsMax =   4.97379915032070E-14  1.08430398904554E-09
 Calling cg2d from S/R CG2D_MAD
 cg2d: Sum(rhs),rhsMax =  -3.55271367880050E-14  1.13478928662225E-09
 Calling cg2d from S/R CG2D_MAD
 cg2d: Sum(rhs),rhsMax =  -4.26325641456060E-14  1.23403906134981E-09
 Calling cg2d from S/R CG2D_MAD
 cg2d: Sum(rhs),rhsMax =   0.00000000000000E+00  1.33071178560780E-09
 Calling cg2d from S/R CG2D_MAD
 cg2d: Sum(rhs),rhsMax =  -5.68434188608080E-14  1.42455001329686E-09
 Calling cg2d from S/R CG2D_MAD
 cg2d: Sum(rhs),rhsMax =   7.10542735760100E-14  1.51530475357411E-09
 Calling cg2d from S/R CG2D_MAD
 cg2d: Sum(rhs),rhsMax =   5.32907051820075E-14  1.60273610374150E-09
 Calling cg2d from S/R CG2D_MAD
 cg2d: Sum(rhs),rhsMax =  -3.90798504668055E-14  1.68661386751289E-09
 Calling cg2d from S/R CG2D_MAD
 cg2d: Sum(rhs),rhsMax =  -3.55271367880050E-15  1.76671815617372E-09
 Calling cg2d from S/R CG2D_MAD
 cg2d: Sum(rhs),rhsMax =   2.13162820728030E-14  1.84283997004964E-09
 Calling cg2d from S/R CG2D_MAD
 cg2d: Sum(rhs),rhsMax =  -7.10542735760100E-15  1.91478175739794E-09
 Calling cg2d from S/R CG2D_MAD
 cg2d: Sum(rhs),rhsMax =  -7.63833440942108E-14  1.98235794750088E-09
 Calling cg2d from S/R CG2D_MAD
 cg2d: Sum(rhs),rhsMax =  -8.88178419700125E-15  2.04539545448926E-09
 Calling cg2d from S/R CG2D_MAD
 cg2d: Sum(rhs),rhsMax =   1.77635683940025E-14  2.10373414839261E-09
 Calling cg2d from S/R CG2D_MAD
 cg2d: Sum(rhs),rhsMax =   3.79696274421804E-14  2.15722729013862E-09
 Calling cg2d from S/R CG2D_MAD
 cg2d: Sum(rhs),rhsMax =  -1.33226762955019E-14  2.20574192740703E-09
 Calling cg2d from S/R CG2D_MAD
 cg2d: Sum(rhs),rhsMax =   9.32587340685131E-15  2.24915924925810E-09
 Calling cg2d from S/R CG2D_MAD
 cg2d: Sum(rhs),rhsMax =  -1.77635683940025E-14  2.28737489923021E-09
 Calling cg2d from S/R CG2D_MAD
 cg2d: Sum(rhs),rhsMax =  -4.26325641456060E-14  2.32029924681732E-09
 Calling cg2d from S/R CG2D_MAD
 cg2d: Sum(rhs),rhsMax =  -7.46069872548105E-14  2.34785761585931E-09
 Calling cg2d from S/R CG2D_MAD
 cg2d: Sum(rhs),rhsMax =   2.48689957516035E-14  2.36999046868971E-09
 Calling cg2d from S/R CG2D_MAD
 cg2d: Sum(rhs),rhsMax =  -3.55271367880050E-14  2.38665354792670E-09
 Calling cg2d from S/R CG2D_MAD
 cg2d: Sum(rhs),rhsMax =   4.97379915032070E-14  2.39781798036983E-09
 Calling cg2d from S/R CG2D_MAD
 cg2d: Sum(rhs),rhsMax =  -7.81597009336110E-14  2.40347034696759E-09
 Calling cg2d from S/R CG2D_MAD
 cg2d: Sum(rhs),rhsMax =  -1.42108547152020E-14  2.40361272052752E-09
 Calling cg2d from S/R CG2D_MAD
 cg2d: Sum(rhs),rhsMax =   4.97379915032070E-14  2.39826267155751E-09
 Calling cg2d from S/R CG2D_MAD
 cg2d: Sum(rhs),rhsMax =  -7.10542735760100E-14  2.38745324319736E-09
 Calling cg2d from S/R CG2D_MAD
 cg2d: Sum(rhs),rhsMax =  -4.61852778244065E-14  2.37123289738380E-09
 Calling cg2d from S/R CG2D_MAD
 cg2d: Sum(rhs),rhsMax =  -1.42108547152020E-14  2.34966543479632E-09
 Calling cg2d from S/R CG2D_MAD
 cg2d: Sum(rhs),rhsMax =   2.84217094304040E-14  2.32282989049482E-09
 Calling cg2d from S/R CG2D_MAD
 cg2d: Sum(rhs),rhsMax =  -3.19744231092045E-14  2.29082040602611E-09
 Calling cg2d from S/R CG2D_MAD
 cg2d: Sum(rhs),rhsMax =  -5.32907051820075E-14  2.25374607767175E-09
 Calling cg2d from S/R CG2D_MAD
 cg2d: Sum(rhs),rhsMax =  -7.10542735760100E-14  2.21173077962479E-09
 Calling cg2d from S/R CG2D_MAD
 cg2d: Sum(rhs),rhsMax =  -7.10542735760100E-15  2.16491296013274E-09
 Calling cg2d from S/R CG2D_MAD
 cg2d: Sum(rhs),rhsMax =  -5.68434188608080E-14  2.11344540791535E-09
 Calling cg2d from S/R CG2D_MAD
 cg2d: Sum(rhs),rhsMax =   3.55271367880050E-14  2.05749498544604E-09
 Calling cg2d from S/R CG2D_MAD
 cg2d: Sum(rhs),rhsMax =  -2.84217094304040E-14  1.99724232500807E-09
 Calling cg2d from S/R CG2D_MAD
 cg2d: Sum(rhs),rhsMax =   0.00000000000000E+00  1.93288148285853E-09
 Calling cg2d from S/R CG2D_MAD
 cg2d: Sum(rhs),rhsMax =   5.68434188608080E-14  1.86461954641343E-09
 Calling cg2d from S/R CG2D_MAD
 cg2d: Sum(rhs),rhsMax =   0.00000000000000E+00  1.79267618912375E-09
 Calling cg2d from S/R CG2D_MAD
 cg2d: Sum(rhs),rhsMax =  -5.68434188608080E-14  1.71728316766040E-09
 Calling cg2d from S/R CG2D_MAD
 cg2d: Sum(rhs),rhsMax =   5.68434188608080E-14  1.63868375618249E-09
 Calling cg2d from S/R CG2D_MAD
 cg2d: Sum(rhs),rhsMax =  -7.10542735760100E-15  1.55713211281166E-09
 Calling cg2d from S/R CG2D_MAD
 cg2d: Sum(rhs),rhsMax =   9.23705556488130E-14  1.47289257399120E-09
 Calling cg2d from S/R CG2D_MAD
 cg2d: Sum(rhs),rhsMax =   0.00000000000000E+00  1.38623887315910E-09
 Calling cg2d from S/R CG2D_MAD
 cg2d: Sum(rhs),rhsMax =  -1.27897692436818E-13  1.29745328109965E-09
 Calling cg2d from S/R CG2D_MAD
 cg2d: Sum(rhs),rhsMax =  -7.10542735760100E-14  1.20682566645418E-09
 Calling cg2d from S/R CG2D_MAD
 cg2d: Sum(rhs),rhsMax =  -4.97379915032070E-14  1.11465247613973E-09
 Calling cg2d from S/R CG2D_MAD
 cg2d: Sum(rhs),rhsMax =   1.06581410364015E-13  1.02123563682626E-09
 Calling cg2d from S/R CG2D_MAD
 cg2d: Sum(rhs),rhsMax =  -5.68434188608080E-14  1.03785947287268E-09
 Calling cg2d from S/R CG2D_MAD
 cg2d: Sum(rhs),rhsMax =   3.55271367880050E-14  1.05045476799222E-09
 Calling cg2d from S/R CG2D_MAD
 cg2d: Sum(rhs),rhsMax =  -1.27897692436818E-13  1.05695078026426E-09
 Calling cg2d from S/R CG2D_MAD
 cg2d: Sum(rhs),rhsMax =   2.13162820728030E-14  1.05731521443704E-09
 Calling cg2d from S/R CG2D_MAD
 cg2d: Sum(rhs),rhsMax =   7.10542735760100E-14  1.05155266200127E-09
 Calling cg2d from S/R CG2D_MAD
 cg2d: Sum(rhs),rhsMax =   2.16715534406831E-13  1.03970474633634E-09
 Calling cg2d from S/R CG2D_MAD
 cg2d: Sum(rhs),rhsMax =   1.31450406115619E-13  1.02185004163675E-09
 Calling cg2d from S/R CG2D_MAD
 cg2d: Sum(rhs),rhsMax =  -2.30926389122033E-13  9.98103760683653E-10
 cg2d: Sum(rhs),rhsMax =   1.05160324892495E-12  1.99056430090849E+00
 cg2d: Sum(rhs),rhsMax =   5.68434188608080E-13  1.99041947611577E+00
 cg2d: Sum(rhs),rhsMax =   2.55795384873636E-13  1.99027390732974E+00
 cg2d: Sum(rhs),rhsMax =   5.96855898038484E-13  1.99012759487094E+00
 cg2d: Sum(rhs),rhsMax =   3.26849658449646E-13  1.98998053907398E+00
 cg2d: Sum(rhs),rhsMax =   5.40012479177676E-13  1.98983274028953E+00
 cg2d: Sum(rhs),rhsMax =   8.81072992342524E-13  1.98968419888621E+00
 cg2d: Sum(rhs),rhsMax =   4.68958205601666E-13  1.98953491525243E+00
 cg2d: Sum(rhs),rhsMax =   3.97903932025656E-13  1.98938488979809E+00
 cg2d: Sum(rhs),rhsMax =   1.12265752250096E-12  1.98923412295613E+00
 cg2d: Sum(rhs),rhsMax =   4.97379915032070E-13  1.98908261518407E+00
 cg2d: Sum(rhs),rhsMax =   1.03739239420975E-12  1.98893036696536E+00
 cg2d: Sum(rhs),rhsMax =   3.97903932025656E-13  1.98877737881065E+00
 cg2d: Sum(rhs),rhsMax =   4.54747350886464E-13  1.98862365125883E+00
 cg2d: Sum(rhs),rhsMax =   7.95807864051312E-13  1.98846918487815E+00
 cg2d: Sum(rhs),rhsMax =   9.66338120633736E-13  1.98831398026689E+00
 cg2d: Sum(rhs),rhsMax =   9.23705556488130E-13  1.98815803805426E+00
 cg2d: Sum(rhs),rhsMax =   9.23705556488130E-13  1.98800135890080E+00
 cg2d: Sum(rhs),rhsMax =   2.27373675443232E-13  1.98784394349884E+00
 cg2d: Sum(rhs),rhsMax =   9.80548975348938E-13  1.98768579257287E+00
 cg2d: Sum(rhs),rhsMax =   4.40536496171262E-13  1.98752690687945E+00
 cg2d: Sum(rhs),rhsMax =   8.10018718766514E-13  1.98736728720735E+00
 cg2d: Sum(rhs),rhsMax =   2.27373675443232E-13  1.98720693437723E+00
 cg2d: Sum(rhs),rhsMax =   6.96331881044898E-13  1.98704584924140E+00
 cg2d: Sum(rhs),rhsMax =   7.67386154620908E-13  1.98688403268324E+00
 cg2d: Sum(rhs),rhsMax =   1.98951966012828E-13  1.98672148561659E+00
 cg2d: Sum(rhs),rhsMax =   5.40012479177676E-13  1.98655820898490E+00
 cg2d: Sum(rhs),rhsMax =   6.67910171614494E-13  1.98639420376027E+00
 cg2d: Sum(rhs),rhsMax =   4.40536496171262E-13  1.98622947094271E+00
 cg2d: Sum(rhs),rhsMax =   8.52651282912120E-13  1.98606401155908E+00
 cg2d: Sum(rhs),rhsMax =   4.54747350886464E-13  1.98589782666181E+00
 cg2d: Sum(rhs),rhsMax =   1.05160324892495E-12  1.98573091732729E+00
 cg2d: Sum(rhs),rhsMax =   2.98427949019242E-13  1.98556328465445E+00
 cg2d: Sum(rhs),rhsMax =   7.53175299905706E-13  1.98539492976335E+00
 cg2d: Sum(rhs),rhsMax =   7.81597009336110E-13  1.98522585379359E+00
 cg2d: Sum(rhs),rhsMax =   5.96855898038484E-13  1.98505605790274E+00
 cg2d: Sum(rhs),rhsMax =   5.82645043323282E-13  1.98488554326477E+00
 cg2d: Sum(rhs),rhsMax =   6.39488462184090E-13  1.98471431106829E+00
 cg2d: Sum(rhs),rhsMax =   4.68958205601666E-13  1.98454236251496E+00
 cg2d: Sum(rhs),rhsMax =   1.70530256582424E-13  1.98436969881764E+00
 cg2d: Sum(rhs),rhsMax =   9.23705556488130E-13  1.98419632119872E+00
 cg2d: Sum(rhs),rhsMax =   6.67910171614494E-13  1.98402223088842E+00
 cg2d: Sum(rhs),rhsMax =   2.27373675443232E-13  1.98384742912312E+00
 cg2d: Sum(rhs),rhsMax =   4.97379915032070E-13  1.98367191714351E+00
 cg2d: Sum(rhs),rhsMax =   7.10542735760100E-13  1.98349569619308E+00
 cg2d: Sum(rhs),rhsMax =   8.52651282912120E-13  1.98331876751651E+00
 cg2d: Sum(rhs),rhsMax =   8.81072992342524E-13  1.98314113235799E+00
 cg2d: Sum(rhs),rhsMax =   8.52651282912120E-13  1.98296279195984E+00
 cg2d: Sum(rhs),rhsMax =   1.02318153949454E-12  1.98278374756094E+00
 cg2d: Sum(rhs),rhsMax =   6.53699316899292E-13  1.98260400039550E+00
 cg2d: Sum(rhs),rhsMax =   4.68958205601666E-13  1.98242355169166E+00
 cg2d: Sum(rhs),rhsMax =   4.83169060316868E-13  1.98224240267025E+00
 cg2d: Sum(rhs),rhsMax =   7.38964445190504E-13  1.98206055454376E+00
 cg2d: Sum(rhs),rhsMax =   8.95283847057726E-13  1.98187800851551E+00
 cg2d: Sum(rhs),rhsMax =   7.67386154620908E-13  1.98169476577865E+00
 cg2d: Sum(rhs),rhsMax =   1.02318153949454E-12  1.98151082751545E+00
 cg2d: Sum(rhs),rhsMax =   5.40012479177676E-13  1.98132619489648E+00
 cg2d: Sum(rhs),rhsMax =   5.40012479177676E-13  1.98114086908013E+00
 cg2d: Sum(rhs),rhsMax =   6.53699316899292E-13  1.98095485121213E+00
 cg2d: Sum(rhs),rhsMax =   8.81072992342524E-13  1.98076814242527E+00
 cg2d: Sum(rhs),rhsMax =   5.11590769747272E-13  1.98058074383928E+00
 cg2d: Sum(rhs),rhsMax =   2.13162820728030E-13  1.98039265656073E+00
 cg2d: Sum(rhs),rhsMax =   4.97379915032070E-13  1.98020388168304E+00
 cg2d: Sum(rhs),rhsMax =   8.52651282912120E-13  1.98001442028673E+00
 cg2d: Sum(rhs),rhsMax =   7.38964445190504E-13  1.97982427343966E+00
 cg2d: Sum(rhs),rhsMax =   7.53175299905706E-13  1.97963344219734E+00
 cg2d: Sum(rhs),rhsMax =   3.55271367880050E-13  1.97944192760356E+00
 cg2d: Sum(rhs),rhsMax =   3.97903932025656E-13  1.97924973069082E+00
 cg2d: Sum(rhs),rhsMax =   7.53175299905706E-13  1.97905685248117E+00
 cg2d: Sum(rhs),rhsMax =   7.53175299905706E-13  1.97886329398688E+00
 cg2d: Sum(rhs),rhsMax =   6.11066752753686E-13  1.97866905621136E+00
 cg2d: Sum(rhs),rhsMax =   6.53699316899292E-13  1.97847414015006E+00
 Calling cg2d from S/R CG2D_MAD
 cg2d: Sum(rhs),rhsMax =  -3.55271367880050E-14  9.76787052253208E-10
 Calling cg2d from S/R CG2D_MAD
 cg2d: Sum(rhs),rhsMax =   2.30926389122033E-13  9.52997621722680E-10
 Calling cg2d from S/R CG2D_MAD
 cg2d: Sum(rhs),rhsMax =   1.59872115546023E-14  9.23953296336565E-10
 Calling cg2d from S/R CG2D_MAD
 cg2d: Sum(rhs),rhsMax =   7.10542735760100E-15  8.89837706971168E-10
 Calling cg2d from S/R CG2D_MAD
 cg2d: Sum(rhs),rhsMax =  -3.81916720471054E-14  8.50863385100132E-10
 Calling cg2d from S/R CG2D_MAD
 cg2d: Sum(rhs),rhsMax =  -4.56301663120939E-14  8.23128128956032E-10
 Calling cg2d from S/R CG2D_MAD
 cg2d: Sum(rhs),rhsMax =  -1.89182003396127E-13  8.20209119641721E-10
 Calling cg2d from S/R CG2D_MAD
 cg2d: Sum(rhs),rhsMax =  -9.76996261670138E-14  8.26563437419385E-10
 Calling cg2d from S/R CG2D_MAD
 cg2d: Sum(rhs),rhsMax =  -8.17124146124115E-14  8.48870645280475E-10
 Calling cg2d from S/R CG2D_MAD
 cg2d: Sum(rhs),rhsMax =  -2.30926389122033E-14  8.66079976561879E-10
 Calling cg2d from S/R CG2D_MAD
 cg2d: Sum(rhs),rhsMax =  -4.61852778244065E-14  9.18905516210505E-10
 Calling cg2d from S/R CG2D_MAD
 cg2d: Sum(rhs),rhsMax =  -3.55271367880050E-14  1.00115365089788E-09
 Calling cg2d from S/R CG2D_MAD
 cg2d: Sum(rhs),rhsMax =  -1.17239551400417E-13  1.08181659275126E-09
 Calling cg2d from S/R CG2D_MAD
 cg2d: Sum(rhs),rhsMax =   2.84217094304040E-14  1.16066335044772E-09
 Calling cg2d from S/R CG2D_MAD
 cg2d: Sum(rhs),rhsMax =   2.84217094304040E-14  1.23746599545271E-09
 Calling cg2d from S/R CG2D_MAD
 cg2d: Sum(rhs),rhsMax =   9.59232693276135E-14  1.31200053355050E-09
 Calling cg2d from S/R CG2D_MAD
 cg2d: Sum(rhs),rhsMax =  -6.03961325396085E-14  1.38404785529667E-09
 Calling cg2d from S/R CG2D_MAD
 cg2d: Sum(rhs),rhsMax =   9.94759830064140E-14  1.45339464791951E-09
 Calling cg2d from S/R CG2D_MAD
 cg2d: Sum(rhs),rhsMax =   2.48689957516035E-14  1.51983421738084E-09
 Calling cg2d from S/R CG2D_MAD
 cg2d: Sum(rhs),rhsMax =  -6.75015598972095E-14  1.58316724144328E-09
 Calling cg2d from S/R CG2D_MAD
 cg2d: Sum(rhs),rhsMax =   0.00000000000000E+00  1.64320250468998E-09
 Calling cg2d from S/R CG2D_MAD
 cg2d: Sum(rhs),rhsMax =  -1.49213974509621E-13  1.69975765112652E-09
 Calling cg2d from S/R CG2D_MAD
 cg2d: Sum(rhs),rhsMax =   6.75015598972095E-14  1.75265995780577E-09
 Calling cg2d from S/R CG2D_MAD
 cg2d: Sum(rhs),rhsMax =   5.32907051820075E-14  1.80174711098468E-09
 Calling cg2d from S/R CG2D_MAD
 cg2d: Sum(rhs),rhsMax =  -1.77635683940025E-14  1.84686796226491E-09
 Calling cg2d from S/R CG2D_MAD
 cg2d: Sum(rhs),rhsMax =   7.10542735760100E-14  1.88788332234566E-09
 Calling cg2d from S/R CG2D_MAD
 cg2d: Sum(rhs),rhsMax =   0.00000000000000E+00  1.92466664826742E-09
 Calling cg2d from S/R CG2D_MAD
 cg2d: Sum(rhs),rhsMax =   4.61852778244065E-14  1.95710443424916E-09
 Calling cg2d from S/R CG2D_MAD
 cg2d: Sum(rhs),rhsMax =  -6.75015598972095E-14  1.98509657728846E-09
 Calling cg2d from S/R CG2D_MAD
 cg2d: Sum(rhs),rhsMax =  -3.19744231092045E-14  2.00855711931400E-09
 Calling cg2d from S/R CG2D_MAD
 cg2d: Sum(rhs),rhsMax =  -5.32907051820075E-14  2.02741519785243E-09
 Calling cg2d from S/R CG2D_MAD
 cg2d: Sum(rhs),rhsMax =   3.55271367880050E-14  2.04161565011817E-09
 Calling cg2d from S/R CG2D_MAD
 cg2d: Sum(rhs),rhsMax =  -5.32907051820075E-14  2.05111906660893E-09
 Calling cg2d from S/R CG2D_MAD
 cg2d: Sum(rhs),rhsMax =   5.68434188608080E-14  2.05590162151093E-09
 Calling cg2d from S/R CG2D_MAD
 cg2d: Sum(rhs),rhsMax =   0.00000000000000E+00  2.05595507283050E-09
 Calling cg2d from S/R CG2D_MAD
 cg2d: Sum(rhs),rhsMax =   3.19744231092045E-14  2.05128700455502E-09
 Calling cg2d from S/R CG2D_MAD
 cg2d: Sum(rhs),rhsMax =  -6.75015598972095E-14  2.04192112054555E-09
 Calling cg2d from S/R CG2D_MAD
 cg2d: Sum(rhs),rhsMax =   0.00000000000000E+00  2.02789739638471E-09
 Calling cg2d from S/R CG2D_MAD
 cg2d: Sum(rhs),rhsMax =  -5.32907051820075E-14  2.00927203251496E-09
 Calling cg2d from S/R CG2D_MAD
 cg2d: Sum(rhs),rhsMax =   2.84217094304040E-14  1.98611725696110E-09
 Calling cg2d from S/R CG2D_MAD
 cg2d: Sum(rhs),rhsMax =   6.39488462184090E-14  1.95852104339954E-09
 Calling cg2d from S/R CG2D_MAD
 cg2d: Sum(rhs),rhsMax =  -1.06581410364015E-14  1.92658677899610E-09
 Calling cg2d from S/R CG2D_MAD
 cg2d: Sum(rhs),rhsMax =  -4.97379915032070E-14  1.89043288499919E-09
 Calling cg2d from S/R CG2D_MAD
 cg2d: Sum(rhs),rhsMax =   3.90798504668055E-14  1.85019238019293E-09
 Calling cg2d from S/R CG2D_MAD
 cg2d: Sum(rhs),rhsMax =   3.55271367880050E-15  1.80601237834776E-09
 Calling cg2d from S/R CG2D_MAD
 cg2d: Sum(rhs),rhsMax =   6.39488462184090E-14  1.75805351605134E-09
 Calling cg2d from S/R CG2D_MAD
 cg2d: Sum(rhs),rhsMax =   6.75015598972095E-14  1.70648931129279E-09
 Calling cg2d from S/R CG2D_MAD
 cg2d: Sum(rhs),rhsMax =  -2.48689957516035E-14  1.65150545491599E-09
 Calling cg2d from S/R CG2D_MAD
 cg2d: Sum(rhs),rhsMax =  -2.84217094304040E-14  1.59329903743259E-09
 Calling cg2d from S/R CG2D_MAD
 cg2d: Sum(rhs),rhsMax =  -7.10542735760100E-14  1.53207771363097E-09
 Calling cg2d from S/R CG2D_MAD
 cg2d: Sum(rhs),rhsMax =  -8.88178419700125E-14  1.46806296877054E-09
 Calling cg2d from S/R CG2D_MAD
 cg2d: Sum(rhs),rhsMax =  -5.32907051820075E-15  1.40148039516516E-09
 Calling cg2d from S/R CG2D_MAD
 cg2d: Sum(rhs),rhsMax =   1.95399252334028E-14  1.33255499434715E-09
 Calling cg2d from S/R CG2D_MAD
 cg2d: Sum(rhs),rhsMax =   9.59232693276135E-14  1.26152210693015E-09
 Calling cg2d from S/R CG2D_MAD
 cg2d: Sum(rhs),rhsMax =   7.99360577730113E-14  1.18863313263050E-09
 Calling cg2d from S/R CG2D_MAD
 cg2d: Sum(rhs),rhsMax =   1.68753899743024E-14  1.11414698852181E-09
 Calling cg2d from S/R CG2D_MAD
 cg2d: Sum(rhs),rhsMax =   1.15463194561016E-13  1.03832043720349E-09
 Calling cg2d from S/R CG2D_MAD
 cg2d: Sum(rhs),rhsMax =  -3.12250225675825E-15  9.61406628333587E-10
 Calling cg2d from S/R CG2D_MAD
 cg2d: Sum(rhs),rhsMax =   1.49213974509621E-13  8.83658258518007E-10
 Calling cg2d from S/R CG2D_MAD
 cg2d: Sum(rhs),rhsMax =   1.22568621918617E-13  8.05329285450676E-10
 Calling cg2d from S/R CG2D_MAD
 cg2d: Sum(rhs),rhsMax =  -1.19015908239817E-13  7.28472649580548E-10
 Calling cg2d from S/R CG2D_MAD
 cg2d: Sum(rhs),rhsMax =  -1.42108547152020E-14  7.45174565344488E-10
 Calling cg2d from S/R CG2D_MAD
 cg2d: Sum(rhs),rhsMax =   1.91846538655227E-13  7.70499418733349E-10
 Calling cg2d from S/R CG2D_MAD
 cg2d: Sum(rhs),rhsMax =   1.59872115546023E-13  7.90885617350570E-10
 Calling cg2d from S/R CG2D_MAD
 cg2d: Sum(rhs),rhsMax =  -1.49213974509621E-13  8.06255491509276E-10
 Calling cg2d from S/R CG2D_MAD
 cg2d: Sum(rhs),rhsMax =  -1.13686837721616E-13  8.16564611823776E-10
 Calling cg2d from S/R CG2D_MAD
 cg2d: Sum(rhs),rhsMax =  -6.39488462184090E-14  8.21801918969403E-10
 Calling cg2d from S/R CG2D_MAD
 cg2d: Sum(rhs),rhsMax =   3.55271367880050E-14  8.21989568315515E-10
 Calling cg2d from S/R CG2D_MAD
 cg2d: Sum(rhs),rhsMax =   7.10542735760100E-14  8.17182478901494E-10
 Calling cg2d from S/R CG2D_MAD
 cg2d: Sum(rhs),rhsMax =  -2.84217094304040E-14  8.07467615789781E-10
 Calling cg2d from S/R CG2D_MAD
 cg2d: Sum(rhs),rhsMax =  -2.84217094304040E-14  7.92963041111597E-10
 Calling cg2d from S/R CG2D_MAD
 cg2d: Sum(rhs),rhsMax =   1.77635683940025E-13  7.73816759879580E-10
(PID.TID 0000.0001) SOLVE_FOR_PRESSURE: putPmEinXvector =    F
 cg2d: Sum(rhs),rhsMax =   8.52651282912120E-13  1.99900718163814E+00
 cg2d: Sum(rhs),rhsMax =   7.81597009336110E-13  1.99891722427463E+00
 cg2d: Sum(rhs),rhsMax =   1.50635059981141E-12  1.99882649286104E+00
 cg2d: Sum(rhs),rhsMax =   5.82645043323282E-13  1.99873498159962E+00
 cg2d: Sum(rhs),rhsMax =   9.37916411203332E-13  1.99864269010628E+00
 cg2d: Sum(rhs),rhsMax =   3.26849658449646E-13  1.99854961876264E+00
 cg2d: Sum(rhs),rhsMax =   4.54747350886464E-13  1.99845576788955E+00
 cg2d: Sum(rhs),rhsMax =   5.25801624462474E-13  1.99836113784468E+00
 cg2d: Sum(rhs),rhsMax =   3.41060513164848E-13  1.99826572897853E+00
 cg2d: Sum(rhs),rhsMax =   9.37916411203332E-13  1.99816954154800E+00
 cg2d: Sum(rhs),rhsMax =   3.69482222595252E-13  1.99807257570752E+00
 cg2d: Sum(rhs),rhsMax =   9.37916411203332E-13  1.99797483157076E+00
 cg2d: Sum(rhs),rhsMax =   4.97379915032070E-13  1.99787630928802E+00
 cg2d: Sum(rhs),rhsMax =   8.52651282912120E-13  1.99777700909586E+00
 cg2d: Sum(rhs),rhsMax =   8.24229573481716E-13  1.99767693132623E+00
 cg2d: Sum(rhs),rhsMax =   5.68434188608080E-13  1.99757607638737E+00
 cg2d: Sum(rhs),rhsMax =   7.10542735760100E-13  1.99747444473723E+00
 cg2d: Sum(rhs),rhsMax =   8.81072992342524E-13  1.99737203686449E+00
 cg2d: Sum(rhs),rhsMax =   6.25277607468888E-13  1.99726885328106E+00
 cg2d: Sum(rhs),rhsMax =   7.81597009336110E-13  1.99716489452377E+00
 cg2d: Sum(rhs),rhsMax =   3.12638803734444E-13  1.99706016115903E+00
 cg2d: Sum(rhs),rhsMax =   3.83693077310454E-13  1.99695465378713E+00
 cg2d: Sum(rhs),rhsMax =   5.68434188608080E-13  1.99684837304370E+00
 cg2d: Sum(rhs),rhsMax =   4.26325641456060E-13  1.99674131959909E+00
 cg2d: Sum(rhs),rhsMax =   3.83693077310454E-13  1.99663349415570E+00
 cg2d: Sum(rhs),rhsMax =   5.40012479177676E-13  1.99652489744398E+00
 cg2d: Sum(rhs),rhsMax =   5.68434188608080E-13  1.99641553021776E+00
 cg2d: Sum(rhs),rhsMax =   7.67386154620908E-13  1.99630539324887E+00
 cg2d: Sum(rhs),rhsMax =   1.26476606965298E-12  1.99619448732192E+00
 cg2d: Sum(rhs),rhsMax =   3.26849658449646E-13  1.99608281322969E+00
 cg2d: Sum(rhs),rhsMax =  -2.41584530158434E-13  1.99597037176933E+00
 cg2d: Sum(rhs),rhsMax =   6.82121026329696E-13  1.99585716374004E+00
 cg2d: Sum(rhs),rhsMax =   7.38964445190504E-13  1.99574318994199E+00
 cg2d: Sum(rhs),rhsMax =   4.83169060316868E-13  1.99562845117595E+00
 cg2d: Sum(rhs),rhsMax =   8.52651282912120E-13  1.99551294824340E+00
 cg2d: Sum(rhs),rhsMax =   5.54223333892878E-13  1.99539668194636E+00
 cg2d: Sum(rhs),rhsMax =   7.81597009336110E-13  1.99527965308675E+00
 cg2d: Sum(rhs),rhsMax =   8.66862137627322E-13  1.99516186246490E+00
 cg2d: Sum(rhs),rhsMax =   6.39488462184090E-13  1.99504331087728E+00
 cg2d: Sum(rhs),rhsMax =   7.10542735760100E-14  1.99492399911349E+00
 cg2d: Sum(rhs),rhsMax =   1.70530256582424E-13  1.99480392795287E+00
 cg2d: Sum(rhs),rhsMax =   7.38964445190504E-13  1.99468309816143E+00
 cg2d: Sum(rhs),rhsMax =   9.80548975348938E-13  1.99456151048905E+00
 cg2d: Sum(rhs),rhsMax =   8.52651282912120E-13  1.99443916566721E+00
 cg2d: Sum(rhs),rhsMax =   1.12265752250096E-12  1.99431606440727E+00
 cg2d: Sum(rhs),rhsMax =   6.11066752753686E-13  1.99419220739920E+00
 cg2d: Sum(rhs),rhsMax =   6.82121026329696E-13  1.99406759531059E+00
 cg2d: Sum(rhs),rhsMax =   4.40536496171262E-13  1.99394222878600E+00
 cg2d: Sum(rhs),rhsMax =   5.11590769747272E-13  1.99381610844648E+00
 cg2d: Sum(rhs),rhsMax =   6.25277607468888E-13  1.99368923488917E+00
 cg2d: Sum(rhs),rhsMax =   1.06581410364015E-12  1.99356160868705E+00
 cg2d: Sum(rhs),rhsMax =   6.53699316899292E-13  1.99343323038886E+00
 cg2d: Sum(rhs),rhsMax =   5.11590769747272E-13  1.99330410051913E+00
 cg2d: Sum(rhs),rhsMax =   8.10018718766514E-13  1.99317421957839E+00
 cg2d: Sum(rhs),rhsMax =   7.38964445190504E-13  1.99304358804364E+00
 cg2d: Sum(rhs),rhsMax =   1.06581410364015E-12  1.99291220636902E+00
 cg2d: Sum(rhs),rhsMax =   4.97379915032070E-13  1.99278007498672E+00
 cg2d: Sum(rhs),rhsMax =   7.95807864051312E-13  1.99264719430797E+00
 cg2d: Sum(rhs),rhsMax =   7.24753590475302E-13  1.99251356472431E+00
 cg2d: Sum(rhs),rhsMax =   5.40012479177676E-13  1.99237918660897E+00
 cg2d: Sum(rhs),rhsMax =   5.96855898038484E-13  1.99224406031819E+00
 cg2d: Sum(rhs),rhsMax =   1.00897068477934E-12  1.99210818619292E+00
 cg2d: Sum(rhs),rhsMax =   7.95807864051312E-13  1.99197156456023E+00
 cg2d: Sum(rhs),rhsMax =   8.10018718766514E-13  1.99183419573504E+00
 cg2d: Sum(rhs),rhsMax =   4.54747350886464E-13  1.99169608002185E+00
 cg2d: Sum(rhs),rhsMax =   4.83169060316868E-13  1.99155721771640E+00
 cg2d: Sum(rhs),rhsMax =   6.96331881044898E-13  1.99141760910769E+00
 cg2d: Sum(rhs),rhsMax =   2.41584530158434E-13  1.99127725447975E+00
 cg2d: Sum(rhs),rhsMax =   6.39488462184090E-13  1.99113615411376E+00
 cg2d: Sum(rhs),rhsMax =   7.10542735760100E-13  1.99099430829005E+00
 cg2d: Sum(rhs),rhsMax =   8.24229573481716E-13  1.99085171729027E+00
 cg2d: Sum(rhs),rhsMax =   3.26849658449646E-13  1.99070838139951E+00
 Calling cg2d from S/R CG2D_MAD
 cg2d: Sum(rhs),rhsMax =   3.55271367880050E-14  7.84085768581128E-10
 Calling cg2d from S/R CG2D_MAD
 cg2d: Sum(rhs),rhsMax =  -6.39488462184090E-14  8.35123352629690E-10
 Calling cg2d from S/R CG2D_MAD
 cg2d: Sum(rhs),rhsMax =   6.39488462184090E-14  8.84651422668008E-10
 Calling cg2d from S/R CG2D_MAD
 cg2d: Sum(rhs),rhsMax =  -7.10542735760100E-15  9.32553410996380E-10
 Calling cg2d from S/R CG2D_MAD
 cg2d: Sum(rhs),rhsMax =  -2.84217094304040E-14  9.78716122457689E-10
 Calling cg2d from S/R CG2D_MAD
 cg2d: Sum(rhs),rhsMax =   7.10542735760100E-15  1.02303011081280E-09
 Calling cg2d from S/R CG2D_MAD
 cg2d: Sum(rhs),rhsMax =  -9.23705556488130E-14  1.06539007657591E-09
 Calling cg2d from S/R CG2D_MAD
 cg2d: Sum(rhs),rhsMax =  -3.55271367880050E-14  1.10569528348597E-09
 Calling cg2d from S/R CG2D_MAD
 cg2d: Sum(rhs),rhsMax =  -3.55271367880050E-14  1.14384999001899E-09
 Calling cg2d from S/R CG2D_MAD
 cg2d: Sum(rhs),rhsMax =   7.10542735760100E-14  1.17976389179475E-09
 Calling cg2d from S/R CG2D_MAD
 cg2d: Sum(rhs),rhsMax =   4.97379915032070E-14  1.21335257034629E-09
 Calling cg2d from S/R CG2D_MAD
 cg2d: Sum(rhs),rhsMax =  -3.55271367880050E-14  1.24453794343451E-09
 Calling cg2d from S/R CG2D_MAD
 cg2d: Sum(rhs),rhsMax =  -2.13162820728030E-14  1.27324871180166E-09
 Calling cg2d from S/R CG2D_MAD
 cg2d: Sum(rhs),rhsMax =  -2.84217094304040E-14  1.29942079691859E-09
 Calling cg2d from S/R CG2D_MAD
 cg2d: Sum(rhs),rhsMax =  -1.42108547152020E-14  1.32299776387458E-09
 Calling cg2d from S/R CG2D_MAD
 cg2d: Sum(rhs),rhsMax =  -2.84217094304040E-14  1.34393122313984E-09
 Calling cg2d from S/R CG2D_MAD
 cg2d: Sum(rhs),rhsMax =   0.00000000000000E+00  1.36218120457239E-09
 Calling cg2d from S/R CG2D_MAD
 cg2d: Sum(rhs),rhsMax =  -3.55271367880050E-14  1.37771649684420E-09
 Calling cg2d from S/R CG2D_MAD
 cg2d: Sum(rhs),rhsMax =   7.81597009336110E-14  1.39051494548218E-09
 Calling cg2d from S/R CG2D_MAD
 cg2d: Sum(rhs),rhsMax =  -2.84217094304040E-14  1.40056370300025E-09
 Calling cg2d from S/R CG2D_MAD
 cg2d: Sum(rhs),rhsMax =   3.55271367880050E-15  1.40785942512242E-09
 Calling cg2d from S/R CG2D_MAD
 cg2d: Sum(rhs),rhsMax =   9.94759830064140E-14  1.41240840782331E-09
 Calling cg2d from S/R CG2D_MAD
 cg2d: Sum(rhs),rhsMax =   3.55271367880050E-14  1.41422666078405E-09
 Calling cg2d from S/R CG2D_MAD
 cg2d: Sum(rhs),rhsMax =  -7.10542735760100E-15  1.41333991381626E-09
 Calling cg2d from S/R CG2D_MAD
 cg2d: Sum(rhs),rhsMax =   1.74082970261225E-13  1.40978355379843E-09
 Calling cg2d from S/R CG2D_MAD
 cg2d: Sum(rhs),rhsMax =   1.06581410364015E-14  1.40360249066742E-09
 Calling cg2d from S/R CG2D_MAD
 cg2d: Sum(rhs),rhsMax =   7.10542735760100E-15  1.39485095199051E-09
 Calling cg2d from S/R CG2D_MAD
 cg2d: Sum(rhs),rhsMax =   3.55271367880050E-15  1.38359220660988E-09
 Calling cg2d from S/R CG2D_MAD
 cg2d: Sum(rhs),rhsMax =   6.92779167366098E-14  1.36989821879521E-09
 Calling cg2d from S/R CG2D_MAD
 cg2d: Sum(rhs),rhsMax =   4.61852778244065E-14  1.35384923525808E-09
 Calling cg2d from S/R CG2D_MAD
 cg2d: Sum(rhs),rhsMax =  -8.34887714518118E-14  1.33553330826284E-09
 Calling cg2d from S/R CG2D_MAD
 cg2d: Sum(rhs),rhsMax =   3.55271367880050E-15  1.31504575891337E-09
 Calling cg2d from S/R CG2D_MAD
 cg2d: Sum(rhs),rhsMax =  -3.81916720471054E-14  1.29248858547184E-09
 Calling cg2d from S/R CG2D_MAD
 cg2d: Sum(rhs),rhsMax =  -6.55031584528842E-15  1.26796982227465E-09
 Calling cg2d from S/R CG2D_MAD
 cg2d: Sum(rhs),rhsMax =   1.02140518265514E-14  1.24160285542923E-09
 Calling cg2d from S/R CG2D_MAD
 cg2d: Sum(rhs),rhsMax =  -3.99680288865056E-14  1.21350570199313E-09
 Calling cg2d from S/R CG2D_MAD
 cg2d: Sum(rhs),rhsMax =   1.24344978758018E-13  1.18380025974528E-09
 Calling cg2d from S/R CG2D_MAD
 cg2d: Sum(rhs),rhsMax =   9.05941988094128E-14  1.15261153495419E-09
 Calling cg2d from S/R CG2D_MAD
 cg2d: Sum(rhs),rhsMax =   7.10542735760100E-15  1.12006685572303E-09
 Calling cg2d from S/R CG2D_MAD
 cg2d: Sum(rhs),rhsMax =  -1.77635683940025E-14  1.08629507855113E-09
 Calling cg2d from S/R CG2D_MAD
 cg2d: Sum(rhs),rhsMax =  -5.32907051820075E-14  1.05142579570099E-09
 Calling cg2d from S/R CG2D_MAD
 cg2d: Sum(rhs),rhsMax =  -1.95399252334028E-13  1.01558855079586E-09
 Calling cg2d from S/R CG2D_MAD
 cg2d: Sum(rhs),rhsMax =  -5.68434188608080E-14  9.78912067247027E-10
 Calling cg2d from S/R CG2D_MAD
 cg2d: Sum(rhs),rhsMax =  -8.17124146124115E-14  9.41523496079437E-10
 Calling cg2d from S/R CG2D_MAD
 cg2d: Sum(rhs),rhsMax =   2.84217094304040E-14  9.03547699240209E-10
 Calling cg2d from S/R CG2D_MAD
 cg2d: Sum(rhs),rhsMax =   4.26325641456060E-14  8.65106581863363E-10
 Calling cg2d from S/R CG2D_MAD
 cg2d: Sum(rhs),rhsMax =  -6.39488462184090E-14  8.26318465992363E-10
 Calling cg2d from S/R CG2D_MAD
 cg2d: Sum(rhs),rhsMax =   7.10542735760100E-15  7.87297487983844E-10
 Calling cg2d from S/R CG2D_MAD
 cg2d: Sum(rhs),rhsMax =   3.55271367880050E-14  7.48153021165363E-10
 Calling cg2d from S/R CG2D_MAD
 cg2d: Sum(rhs),rhsMax =  -2.13162820728030E-14  7.08989150330356E-10
 Calling cg2d from S/R CG2D_MAD
 cg2d: Sum(rhs),rhsMax =  -6.39488462184090E-14  6.69904223955856E-10
 Calling cg2d from S/R CG2D_MAD
 cg2d: Sum(rhs),rhsMax =   3.12638803734444E-13  6.54655729665735E-10
 Calling cg2d from S/R CG2D_MAD
 cg2d: Sum(rhs),rhsMax =   1.27897692436818E-13  6.54184813173334E-10
 Calling cg2d from S/R CG2D_MAD
 cg2d: Sum(rhs),rhsMax =   4.26325641456060E-14  6.49932214034353E-10
 Calling cg2d from S/R CG2D_MAD
 cg2d: Sum(rhs),rhsMax =  -9.94759830064140E-14  6.41951513003910E-10
 Calling cg2d from S/R CG2D_MAD
 cg2d: Sum(rhs),rhsMax =   1.13686837721616E-13  6.30317692572024E-10
 Calling cg2d from S/R CG2D_MAD
 cg2d: Sum(rhs),rhsMax =   9.94759830064140E-14  6.29768837484755E-10
 Calling cg2d from S/R CG2D_MAD
 cg2d: Sum(rhs),rhsMax =   3.69482222595252E-13  6.47796288549974E-10
 Calling cg2d from S/R CG2D_MAD
 cg2d: Sum(rhs),rhsMax =   1.56319401867222E-13  6.61664870425121E-10
 Calling cg2d from S/R CG2D_MAD
 cg2d: Sum(rhs),rhsMax =  -1.27897692436818E-13  6.71325547456372E-10
 Calling cg2d from S/R CG2D_MAD
 cg2d: Sum(rhs),rhsMax =  -1.70530256582424E-13  6.76756593867293E-10
 Calling cg2d from S/R CG2D_MAD
 cg2d: Sum(rhs),rhsMax =  -9.23705556488130E-14  6.77963572516812E-10
 Calling cg2d from S/R CG2D_MAD
 cg2d: Sum(rhs),rhsMax =  -2.84217094304040E-13  6.74979132773220E-10
 Calling cg2d from S/R CG2D_MAD
 cg2d: Sum(rhs),rhsMax =   2.84217094304040E-14  6.67862629166458E-10
 Calling cg2d from S/R CG2D_MAD
 cg2d: Sum(rhs),rhsMax =   4.97379915032070E-14  6.56699563765006E-10
 Calling cg2d from S/R CG2D_MAD
 cg2d: Sum(rhs),rhsMax =   2.06057393370429E-13  6.60881885273288E-10
 Calling cg2d from S/R CG2D_MAD
 cg2d: Sum(rhs),rhsMax =   3.55271367880050E-14  7.03966233748920E-10
 Calling cg2d from S/R CG2D_MAD
 cg2d: Sum(rhs),rhsMax =   1.42108547152020E-14  7.54571682518631E-10
 Calling cg2d from S/R CG2D_MAD
 cg2d: Sum(rhs),rhsMax =  -1.56319401867222E-13  8.03327374979689E-10
 Calling cg2d from S/R CG2D_MAD
 cg2d: Sum(rhs),rhsMax =   1.42108547152020E-14  8.50108642010652E-10
 Calling cg2d from S/R CG2D_MAD
 cg2d: Sum(rhs),rhsMax =  -2.41584530158434E-13  8.94798820399173E-10
 Calling cg2d from S/R CG2D_MAD
 cg2d: Sum(rhs),rhsMax =  -2.13162820728030E-14  9.37289681987309E-10
(PID.TID 0000.0001)  nRecords = 108 ; filePrec =  64 ; fileIter =   3111120
(PID.TID 0000.0001)     nDims =   2 , dims:
(PID.TID 0000.0001)    1:  62   1  62
(PID.TID 0000.0001)    2:  62   1  62
(PID.TID 0000.0001)     nFlds =  10 , nFl3D =   7 , fields:
(PID.TID 0000.0001)  >Uvel    < >Vvel    < >Theta   < >Salt    < >GuNm1   < >GvNm1   < >GtNm1   < >EtaN    < >dEtaHdt < >EtaH    <
(PID.TID 0000.0001) missingVal=  1.00000000000000E+00 ; nTimRec =   1 , timeList:
(PID.TID 0000.0001)   3.733344000000E+09
(PID.TID 0000.0001) READ_MFLDS_3D_RL: read field: "Uvel    ", #   1 in fldList, rec=   1
(PID.TID 0000.0001) READ_MFLDS_3D_RL: read field: "Vvel    ", #   2 in fldList, rec=   2
(PID.TID 0000.0001) READ_MFLDS_3D_RL: read field: "Theta   ", #   3 in fldList, rec=   3
(PID.TID 0000.0001) READ_MFLDS_3D_RL: read field: "Salt    ", #   4 in fldList, rec=   4
(PID.TID 0000.0001) READ_MFLDS_3D_RL: read field: "GuNm1   ", #   5 in fldList, rec=   5
(PID.TID 0000.0001) READ_MFLDS_3D_RL: read field: "GvNm1   ", #   6 in fldList, rec=   6
(PID.TID 0000.0001) READ_MFLDS_3D_RL: read field: "GtNm1   ", #   7 in fldList, rec=   7
(PID.TID 0000.0001) READ_MFLDS_3D_RL: read field: "EtaN    ", #   8 in fldList, rec= 106
(PID.TID 0000.0001) READ_MFLDS_3D_RL: read field: "dEtaHdt ", #   9 in fldList, rec= 107
(PID.TID 0000.0001) READ_MFLDS_CHECK: - normal end ; reset MFLDS file-name: pickup.0003111120
 ph-pack: packing ecco_cost
 ph-pack: packing ecco_ctrl
(PID.TID 0000.0001) // =======================================================
(PID.TID 0000.0001) // Gradient-check starts (grdchk_main)
(PID.TID 0000.0001) // =======================================================
(PID.TID 0000.0001) grdchk reference fc: fcref       =  3.22547976275027E-01
grad-res -------------------------------
 grad-res  proc    #    i    j    k   bi   bj iobc       fc ref            fc + eps           fc - eps
 grad-res  proc    #    i    j    k   bi   bj iobc      adj grad            fd grad          1 - fd/adj
(PID.TID 0000.0001) ====== Starts gradient-check number   1 (=ichknum) =======
(PID.TID 0000.0001) grdchk pos: i,j,k=    0    0    1 ; bi,bj=   0   0 ; iobc=  0 ; rec=   1
(PID.TID 0000.0001)  nRecords = 108 ; filePrec =  64 ; fileIter =   3111120
(PID.TID 0000.0001)     nDims =   2 , dims:
(PID.TID 0000.0001)    1:  62   1  62
(PID.TID 0000.0001)    2:  62   1  62
(PID.TID 0000.0001)     nFlds =  10 , nFl3D =   7 , fields:
(PID.TID 0000.0001)  >Uvel    < >Vvel    < >Theta   < >Salt    < >GuNm1   < >GvNm1   < >GtNm1   < >EtaN    < >dEtaHdt < >EtaH    <
(PID.TID 0000.0001) missingVal=  1.00000000000000E+00 ; nTimRec =   1 , timeList:
(PID.TID 0000.0001)   3.733344000000E+09
(PID.TID 0000.0001) READ_MFLDS_3D_RL: read field: "Uvel    ", #   1 in fldList, rec=   1
(PID.TID 0000.0001) READ_MFLDS_3D_RL: read field: "Vvel    ", #   2 in fldList, rec=   2
(PID.TID 0000.0001) READ_MFLDS_3D_RL: read field: "Theta   ", #   3 in fldList, rec=   3
(PID.TID 0000.0001) READ_MFLDS_3D_RL: read field: "Salt    ", #   4 in fldList, rec=   4
(PID.TID 0000.0001) READ_MFLDS_3D_RL: read field: "GuNm1   ", #   5 in fldList, rec=   5
(PID.TID 0000.0001) READ_MFLDS_3D_RL: read field: "GvNm1   ", #   6 in fldList, rec=   6
(PID.TID 0000.0001) READ_MFLDS_3D_RL: read field: "GtNm1   ", #   7 in fldList, rec=   7
(PID.TID 0000.0001) READ_MFLDS_3D_RL: read field: "EtaN    ", #   8 in fldList, rec= 106
(PID.TID 0000.0001) READ_MFLDS_3D_RL: read field: "dEtaHdt ", #   9 in fldList, rec= 107
(PID.TID 0000.0001) READ_MFLDS_CHECK: - normal end ; reset MFLDS file-name: pickup.0003111120
(PID.TID 0000.0001) // =======================================================
(PID.TID 0000.0001) // Model current state
(PID.TID 0000.0001) // =======================================================
(PID.TID 0000.0001) 
(PID.TID 0000.0001) SOLVE_FOR_PRESSURE: putPmEinXvector =    F
 cg2d: Sum(rhs),rhsMax =  -2.33643109197601E-05  1.99900718163814E+00
 cg2d: Sum(rhs),rhsMax =  -2.33653624661656E-05  1.99891722427464E+00
 cg2d: Sum(rhs),rhsMax =  -2.33664232638375E-05  1.99882649286105E+00
 cg2d: Sum(rhs),rhsMax =  -2.33674933838302E-05  1.99873498159968E+00
 cg2d: Sum(rhs),rhsMax =  -2.33685722150767E-05  1.99864269010626E+00
 cg2d: Sum(rhs),rhsMax =  -2.33696600844269E-05  1.99854961876272E+00
 cg2d: Sum(rhs),rhsMax =  -2.33707578018993E-05  1.99845576788994E+00
 cg2d: Sum(rhs),rhsMax =  -2.33718645148429E-05  1.99836113784641E+00
 cg2d: Sum(rhs),rhsMax =  -2.33729808485350E-05  1.99826572898498E+00
 cg2d: Sum(rhs),rhsMax =  -2.33741056945291E-05  1.99816954156904E+00
 cg2d: Sum(rhs),rhsMax =  -2.33752399907416E-05  1.99807257576863E+00
 cg2d: Sum(rhs),rhsMax =  -2.33763833961120E-05  1.99797483173059E+00
 cg2d: Sum(rhs),rhsMax =  -2.33775360385380E-05  1.99787630966806E+00
 cg2d: Sum(rhs),rhsMax =  -2.33786987990925E-05  1.99777700992450E+00
 cg2d: Sum(rhs),rhsMax =  -2.33798695887799E-05  1.99767693299429E+00
 cg2d: Sum(rhs),rhsMax =  -2.33810498855291E-05  1.99757607950597E+00
 cg2d: Sum(rhs),rhsMax =  -2.33822392345928E-05  1.99747445018013E+00
 cg2d: Sum(rhs),rhsMax =  -2.33834378775555E-05  1.99737204577268E+00
 cg2d: Sum(rhs),rhsMax =  -2.33846460702125E-05  1.99726886700920E+00
 cg2d: Sum(rhs),rhsMax =  -2.33858631730754E-05  1.99716491451845E+00
 cg2d: Sum(rhs),rhsMax =  -2.33870898824762E-05  1.99706018877876E+00
 cg2d: Sum(rhs),rhsMax =  -2.33883250473355E-05  1.99695469009400E+00
 cg2d: Sum(rhs),rhsMax =  -2.33895696624131E-05  1.99684841861293E+00
 cg2d: Sum(rhs),rhsMax =  -2.33908234577029E-05  1.99674137439426E+00
 cg2d: Sum(rhs),rhsMax =  -2.33920872290128E-05  1.99663355750418E+00
 cg2d: Sum(rhs),rhsMax =  -2.33933595552571E-05  1.99652496812076E+00
 cg2d: Sum(rhs),rhsMax =  -2.33946403085383E-05  1.99641560661564E+00
 cg2d: Sum(rhs),rhsMax =  -2.33959310378395E-05  1.99630547359004E+00
 cg2d: Sum(rhs),rhsMax =  -2.33972313168351E-05  1.99619456985707E+00
 cg2d: Sum(rhs),rhsMax =  -2.33985400939218E-05  1.99608289637988E+00
 cg2d: Sum(rhs),rhsMax =  -2.33998584349138E-05  1.99597045418845E+00
 cg2d: Sum(rhs),rhsMax =  -2.34011856719007E-05  1.99585724430176E+00
 cg2d: Sum(rhs),rhsMax =  -2.34025219754130E-05  1.99574326767829E+00
 cg2d: Sum(rhs),rhsMax =  -2.34038677007220E-05  1.99562852520435E+00
 cg2d: Sum(rhs),rhsMax =  -2.34052222936043E-05  1.99551301771821E+00
 cg2d: Sum(rhs),rhsMax =  -2.34065859956445E-05  1.99539674605511E+00
 cg2d: Sum(rhs),rhsMax =  -2.34079585936797E-05  1.99527971109505E+00
 cg2d: Sum(rhs),rhsMax =  -2.34093412814218E-05  1.99516191379577E+00
 cg2d: Sum(rhs),rhsMax =  -2.34107324388333E-05  1.99504335520006E+00
 cg2d: Sum(rhs),rhsMax =  -2.34121325348724E-05  1.99492403641526E+00
 cg2d: Sum(rhs),rhsMax =  -2.34135418537562E-05  1.99480395857077E+00
 cg2d: Sum(rhs),rhsMax =  -2.34149597844180E-05  1.99468312276450E+00
 cg2d: Sum(rhs),rhsMax =  -2.34163874495152E-05  1.99456153001097E+00
 cg2d: Sum(rhs),rhsMax =  -2.34178240248184E-05  1.99443918120140E+00
 cg2d: Sum(rhs),rhsMax =  -2.34192693113755E-05  1.99431607708293E+00
 cg2d: Sum(rhs),rhsMax =  -2.34207240907836E-05  1.99419221825875E+00
 cg2d: Sum(rhs),rhsMax =  -2.34221879651386E-05  1.99406760520700E+00
 cg2d: Sum(rhs),rhsMax =  -2.34236605649585E-05  1.99394223831305E+00
 cg2d: Sum(rhs),rhsMax =  -2.34251418760323E-05  1.99381611790811E+00
 cg2d: Sum(rhs),rhsMax =  -2.34266327225896E-05  1.99368924430733E+00
 cg2d: Sum(rhs),rhsMax =  -2.34281328204133E-05  1.99356161784201E+00
 cg2d: Sum(rhs),rhsMax =  -2.34296414021173E-05  1.99343323888218E+00
 cg2d: Sum(rhs),rhsMax =  -2.34311590645575E-05  1.99330410784809E+00
 cg2d: Sum(rhs),rhsMax =  -2.34326853956190E-05  1.99317422521172E+00
 cg2d: Sum(rhs),rhsMax =  -2.34342215748029E-05  1.99304359148979E+00
 cg2d: Sum(rhs),rhsMax =  -2.34357668205121E-05  1.99291220723084E+00
 cg2d: Sum(rhs),rhsMax =  -2.34373208343186E-05  1.99278007299997E+00
 cg2d: Sum(rhs),rhsMax =  -2.34388836446442E-05  1.99264718936258E+00
 cg2d: Sum(rhs),rhsMax =  -2.34404558057122E-05  1.99251355686977E+00
 cg2d: Sum(rhs),rhsMax =  -2.34420368911969E-05  1.99237917604584E+00
 cg2d: Sum(rhs),rhsMax =  -2.34436263326643E-05  1.99224404737912E+00
 cg2d: Sum(rhs),rhsMax =  -2.34452254233020E-05  1.99210817131522E+00
 cg2d: Sum(rhs),rhsMax =  -2.34468335946758E-05  1.99197154825393E+00
 cg2d: Sum(rhs),rhsMax =  -2.34484505341470E-05  1.99183417854814E+00
 cg2d: Sum(rhs),rhsMax =  -2.34500769664692E-05  1.99169606250574E+00
 cg2d: Sum(rhs),rhsMax =  -2.34517124084732E-05  1.99155720039376E+00
 cg2d: Sum(rhs),rhsMax =  -2.34533560643513E-05  1.99141759244446E+00
 cg2d: Sum(rhs),rhsMax =  -2.34550092130803E-05  1.99127723886340E+00
 cg2d: Sum(rhs),rhsMax =  -2.34566713714912E-05  1.99113613983874E+00
 cg2d: Sum(rhs),rhsMax =  -2.34583426106383E-05  1.99099429555105E+00
 cg2d: Sum(rhs),rhsMax =  -2.34600217936531E-05  1.99085170618377E+00
 cg2d: Sum(rhs),rhsMax =  -2.34617114358571E-05  1.99070837193228E+00
 cg2d: Sum(rhs),rhsMax =  -2.34634102014297E-05  1.99056429301213E+00
 cg2d: Sum(rhs),rhsMax =  -2.34651175361478E-05  1.99041946966527E+00
 cg2d: Sum(rhs),rhsMax =  -2.34668332979027E-05  1.99027390216424E+00
 cg2d: Sum(rhs),rhsMax =  -2.34685585240868E-05  1.99012759081432E+00
 cg2d: Sum(rhs),rhsMax =  -2.34702926462660E-05  1.98998053595370E+00
 cg2d: Sum(rhs),rhsMax =  -2.34720363323504E-05  1.98983273795207E+00
 cg2d: Sum(rhs),rhsMax =  -2.34737881896763E-05  1.98968419720833E+00
 cg2d: Sum(rhs),rhsMax =  -2.34755498524919E-05  1.98953491414779E+00
 cg2d: Sum(rhs),rhsMax =  -2.34773199849769E-05  1.98938488921919E+00
 cg2d: Sum(rhs),rhsMax =  -2.34790996671563E-05  1.98923412289252E+00
 cg2d: Sum(rhs),rhsMax =  -2.34808879042703E-05  1.98908261565731E+00
 cg2d: Sum(rhs),rhsMax =  -2.34826850089576E-05  1.98893036802175E+00
 cg2d: Sum(rhs),rhsMax =  -2.34844915212307E-05  1.98877738051293E+00
 cg2d: Sum(rhs),rhsMax =  -2.34863071852942E-05  1.98862365367766E+00
 cg2d: Sum(rhs),rhsMax =  -2.34881310063884E-05  1.98846918808388E+00
 cg2d: Sum(rhs),rhsMax =  -2.34899648035025E-05  1.98831398432257E+00
 cg2d: Sum(rhs),rhsMax =  -2.34918071697621E-05  1.98815804300980E+00
 cg2d: Sum(rhs),rhsMax =  -2.34936587588663E-05  1.98800136478874E+00
 cg2d: Sum(rhs),rhsMax =  -2.34955193292308E-05  1.98784395033155E+00
 cg2d: Sum(rhs),rhsMax =  -2.34973890087531E-05  1.98768580034102E+00
 cg2d: Sum(rhs),rhsMax =  -2.34992670726797E-05  1.98752691555191E+00
 cg2d: Sum(rhs),rhsMax =  -2.35011548426201E-05  1.98736729673193E+00
 cg2d: Sum(rhs),rhsMax =  -2.35030507695910E-05  1.98720694468244E+00
 cg2d: Sum(rhs),rhsMax =  -2.35049561325695E-05  1.98704586023881E+00
 cg2d: Sum(rhs),rhsMax =  -2.35068706615493E-05  1.98688404427058E+00
 cg2d: Sum(rhs),rhsMax =  -2.35087936459877E-05  1.98672149768139E+00
 cg2d: Sum(rhs),rhsMax =  -2.35107260948553E-05  1.98655822140840E+00
 cg2d: Sum(rhs),rhsMax =  -2.35126665302232E-05  1.98639421642195E+00
 cg2d: Sum(rhs),rhsMax =  -2.35146177942624E-05  1.98622948372489E+00
 cg2d: Sum(rhs),rhsMax =  -2.35165759363554E-05  1.98606402435181E+00
 cg2d: Sum(rhs),rhsMax =  -2.35185441397334E-05  1.98589783936767E+00
 cg2d: Sum(rhs),rhsMax =  -2.35205212391065E-05  1.98573092986613E+00
 cg2d: Sum(rhs),rhsMax =  -2.35225068507816E-05  1.98556329696780E+00
 cg2d: Sum(rhs),rhsMax =  -2.35245015005603E-05  1.98539494181808E+00
 cg2d: Sum(rhs),rhsMax =  -2.35265051315992E-05  1.98522586558501E+00
 cg2d: Sum(rhs),rhsMax =  -2.35285167065058E-05  1.98505606945665E+00
 cg2d: Sum(rhs),rhsMax =  -2.35305383000650E-05  1.98488555463832E+00
 cg2d: Sum(rhs),rhsMax =  -2.35325684769805E-05  1.98471432234966E+00
 cg2d: Sum(rhs),rhsMax =  -2.35346075641019E-05  1.98454237382161E+00
 cg2d: Sum(rhs),rhsMax =  -2.35366548650973E-05  1.98436971029329E+00
 cg2d: Sum(rhs),rhsMax =  -2.35387119005281E-05  1.98419633300912E+00
 cg2d: Sum(rhs),rhsMax =  -2.35407773487850E-05  1.98402224321585E+00
 cg2d: Sum(rhs),rhsMax =  -2.35428516930369E-05  1.98384744216012E+00
 cg2d: Sum(rhs),rhsMax =  -2.35449349048622E-05  1.98367193108597E+00
 cg2d: Sum(rhs),rhsMax =  -2.35470261884529E-05  1.98349571123299E+00
 cg2d: Sum(rhs),rhsMax =  -2.35491271354249E-05  1.98331878383467E+00
 cg2d: Sum(rhs),rhsMax =  -2.35512359267886E-05  1.98314115011719E+00
 cg2d: Sum(rhs),rhsMax =  -2.35533544810096E-05  1.98296281129856E+00
 cg2d: Sum(rhs),rhsMax =  -2.35554809222549E-05  1.98278376858813E+00
 cg2d: Sum(rhs),rhsMax =  -2.35576165721341E-05  1.98260402318640E+00
 cg2d: Sum(rhs),rhsMax =  -2.35597610043214E-05  1.98242357628501E+00
 cg2d: Sum(rhs),rhsMax =  -2.35619143182930E-05  1.98224242906690E+00
 cg2d: Sum(rhs),rhsMax =  -2.35640756045541E-05  1.98206058270662E+00
 cg2d: Sum(rhs),rhsMax =  -2.35662464547204E-05  1.98187803837082E+00
 cg2d: Sum(rhs),rhsMax =  -2.35684255756041E-05  1.98169479721858E+00
 cg2d: Sum(rhs),rhsMax =  -2.35706131093139E-05  1.98151086040153E+00
 cg2d: Sum(rhs),rhsMax =  -2.35728093542775E-05  1.98132622906391E+00
 cg2d: Sum(rhs),rhsMax =  -2.35750150494596E-05  1.98114090434262E+00
 cg2d: Sum(rhs),rhsMax =  -2.35772286458769E-05  1.98095488736692E+00
 cg2d: Sum(rhs),rhsMax =  -2.35794509251264E-05  1.98076817925836E+00
 cg2d: Sum(rhs),rhsMax =  -2.35816819582624E-05  1.98058078113031E+00
 cg2d: Sum(rhs),rhsMax =  -2.35839216458089E-05  1.98039269408759E+00
 cg2d: Sum(rhs),rhsMax =  -2.35861698456574E-05  1.98020391922598E+00
 cg2d: Sum(rhs),rhsMax =  -2.35884265862296E-05  1.98001445763178E+00
 cg2d: Sum(rhs),rhsMax =  -2.35906917538387E-05  1.97982431038152E+00
 cg2d: Sum(rhs),rhsMax =  -2.35929663148227E-05  1.97963347854154E+00
 cg2d: Sum(rhs),rhsMax =  -2.35952484075597E-05  1.97944196316799E+00
 cg2d: Sum(rhs),rhsMax =  -2.35975401068345E-05  1.97924976530678E+00
 cg2d: Sum(rhs),rhsMax =  -2.35998398352422E-05  1.97905688599381E+00
 cg2d: Sum(rhs),rhsMax =  -2.36021485733318E-05  1.97886332625535E+00
 cg2d: Sum(rhs),rhsMax =  -2.36044653547651E-05  1.97866908710862E+00
 cg2d: Sum(rhs),rhsMax =  -2.36067909611393E-05  1.97847416956252E+00
 cg2d: Sum(rhs),rhsMax =  -2.36091248950743E-05  1.97827857461858E+00
 cg2d: Sum(rhs),rhsMax =  -2.36114673981547E-05  1.97808230327194E+00
 cg2d: Sum(rhs),rhsMax =  -2.36138185414347E-05  1.97788535651252E+00
 cg2d: Sum(rhs),rhsMax =  -2.36161775433175E-05  1.97768773532633E+00
 cg2d: Sum(rhs),rhsMax =  -2.36185465922745E-05  1.97748944069669E+00
 cg2d: Sum(rhs),rhsMax =  -2.36209231871953E-05  1.97729047360567E+00
 cg2d: Sum(rhs),rhsMax =  -2.36233078396708E-05  1.97709083503539E+00
 cg2d: Sum(rhs),rhsMax =  -2.36257021271058E-05  1.97689052596947E+00
 cg2d: Sum(rhs),rhsMax =  -2.36281033210162E-05  1.97668954739443E+00
 cg2d: Sum(rhs),rhsMax =  -2.36305146046334E-05  1.97648790030103E+00
 cg2d: Sum(rhs),rhsMax =  -2.36329333205276E-05  1.97628558568560E+00
 cg2d: Sum(rhs),rhsMax =  -2.36353613303208E-05  1.97608260455149E+00
 cg2d: Sum(rhs),rhsMax =  -2.36377969429213E-05  1.97587895791026E+00
 cg2d: Sum(rhs),rhsMax =  -2.36402412525649E-05  1.97567464678298E+00
 cg2d: Sum(rhs),rhsMax =  -2.36426940745105E-05  1.97546967220139E+00
 cg2d: Sum(rhs),rhsMax =  -2.36451559203488E-05  1.97526403520915E+00
 cg2d: Sum(rhs),rhsMax =  -2.36476254542595E-05  1.97505773686288E+00
 cg2d: Sum(rhs),rhsMax =  -2.36501037136350E-05  1.97485077823318E+00
 cg2d: Sum(rhs),rhsMax =  -2.36525904142582E-05  1.97464316040566E+00
 cg2d: Sum(rhs),rhsMax =  -2.36550858545570E-05  1.97443488448178E+00
 cg2d: Sum(rhs),rhsMax =  -2.36575886560786E-05  1.97422595157962E+00
 cg2d: Sum(rhs),rhsMax =  -2.36601008936077E-05  1.97401636283466E+00
 cg2d: Sum(rhs),rhsMax =  -2.36626208192092E-05  1.97380611940035E+00
 cg2d: Sum(rhs),rhsMax =  -2.36651492571127E-05  1.97359522244864E+00
 cg2d: Sum(rhs),rhsMax =  -2.36676862641616E-05  1.97338367317035E+00
 cg2d: Sum(rhs),rhsMax =  -2.36702315987714E-05  1.97317147277557E+00
 cg2d: Sum(rhs),rhsMax =  -2.36727847635620E-05  1.97295862249387E+00
 cg2d: Sum(rhs),rhsMax =  -2.36753471796192E-05  1.97274512357438E+00
 cg2d: Sum(rhs),rhsMax =  -2.36779172695378E-05  1.97253097728593E+00
 cg2d: Sum(rhs),rhsMax =  -2.36804960991321E-05  1.97231618491697E+00
 cg2d: Sum(rhs),rhsMax =  -2.36830831710222E-05  1.97210074777546E+00
 cg2d: Sum(rhs),rhsMax =  -2.36856776751893E-05  1.97188466718874E+00
 cg2d: Sum(rhs),rhsMax =  -2.36882820843221E-05  1.97166794450326E+00
 cg2d: Sum(rhs),rhsMax =  -2.36908932862434E-05  1.97145058108429E+00
 cg2d: Sum(rhs),rhsMax =  -2.36935134836358E-05  1.97123257831553E+00
 cg2d: Sum(rhs),rhsMax =  -2.36961421080650E-05  1.97101393759873E+00
 cg2d: Sum(rhs),rhsMax =  -2.36987778094999E-05  1.97079466035312E+00
 cg2d: Sum(rhs),rhsMax =  -2.37014226627252E-05  1.97057474801498E+00
 cg2d: Sum(rhs),rhsMax =  -2.37040762129936E-05  1.97035420203697E+00
 cg2d: Sum(rhs),rhsMax =  -2.37067370107980E-05  1.97013302388755E+00
 cg2d: Sum(rhs),rhsMax =  -2.37094066761756E-05  1.96991121505022E+00
 cg2d: Sum(rhs),rhsMax =  -2.37120841717342E-05  1.96968877702282E+00
 cg2d: Sum(rhs),rhsMax =  -2.37147698101126E-05  1.96946571131677E+00
 cg2d: Sum(rhs),rhsMax =  -2.37174639607929E-05  1.96924201945624E+00
 cg2d: Sum(rhs),rhsMax =  -2.37201655011177E-05  1.96901770297732E+00
 cg2d: Sum(rhs),rhsMax =  -2.37228755963770E-05  1.96879276342714E+00
 cg2d: Sum(rhs),rhsMax =  -2.37255936923475E-05  1.96856720236299E+00
 cg2d: Sum(rhs),rhsMax =  -2.37283202864091E-05  1.96834102135140E+00
 cg2d: Sum(rhs),rhsMax =  -2.37310546822300E-05  1.96811422196720E+00
 cg2d: Sum(rhs),rhsMax =  -2.37337967945450E-05  1.96788680579270E+00
 cg2d: Sum(rhs),rhsMax =  -2.37365475044271E-05  1.96765877441688E+00
 cg2d: Sum(rhs),rhsMax =  -2.37393070250391E-05  1.96743012943453E+00
 cg2d: Sum(rhs),rhsMax =  -2.37420722442039E-05  1.96720087244529E+00
 cg2d: Sum(rhs),rhsMax =  -2.37448472404367E-05  1.96697100505279E+00
 cg2d: Sum(rhs),rhsMax =  -2.37476295694705E-05  1.96674052886354E+00
 cg2d: Sum(rhs),rhsMax =  -2.37504199276373E-05  1.96650944548605E+00
 cg2d: Sum(rhs),rhsMax =  -2.37532188123168E-05  1.96627775652997E+00
 cg2d: Sum(rhs),rhsMax =  -2.37560252145386E-05  1.96604546360528E+00
 cg2d: Sum(rhs),rhsMax =  -2.37588394327304E-05  1.96581256832143E+00
 cg2d: Sum(rhs),rhsMax =  -2.37616621774350E-05  1.96557907228655E+00
 cg2d: Sum(rhs),rhsMax =  -2.37644925391578E-05  1.96534497710655E+00
 cg2d: Sum(rhs),rhsMax =  -2.37673307736941E-05  1.96511028438427E+00
 cg2d: Sum(rhs),rhsMax =  -2.37701760426035E-05  1.96487499571864E+00
 cg2d: Sum(rhs),rhsMax =  -2.37730304775141E-05  1.96463911270379E+00
 cg2d: Sum(rhs),rhsMax =  -2.37758924583886E-05  1.96440263692831E+00
 cg2d: Sum(rhs),rhsMax =  -2.37787620420704E-05  1.96416556997442E+00
 cg2d: Sum(rhs),rhsMax =  -2.37816399248914E-05  1.96392791341727E+00
 cg2d: Sum(rhs),rhsMax =  -2.37845245152357E-05  1.96368966882425E+00
 cg2d: Sum(rhs),rhsMax =  -2.37874179305209E-05  1.96345083775442E+00
 cg2d: Sum(rhs),rhsMax =  -2.37903189201916E-05  1.96321142175796E+00
 cg2d: Sum(rhs),rhsMax =  -2.37932272995067E-05  1.96297142237573E+00
 cg2d: Sum(rhs),rhsMax =  -2.37961441058587E-05  1.96273084113895E+00
 cg2d: Sum(rhs),rhsMax =  -2.37990683729095E-05  1.96248967956899E+00
 cg2d: Sum(rhs),rhsMax =  -2.38020005127737E-05  1.96224793917718E+00
 cg2d: Sum(rhs),rhsMax =  -2.38049403407103E-05  1.96200562146491E+00
 cg2d: Sum(rhs),rhsMax =  -2.38078873451286E-05  1.96176272792365E+00
 cg2d: Sum(rhs),rhsMax =  -2.38108423786798E-05  1.96151926003533E+00
 cg2d: Sum(rhs),rhsMax =  -2.38138054271531E-05  1.96127521927256E+00
 cg2d: Sum(rhs),rhsMax =  -2.38167751547280E-05  1.96103060709928E+00
 cg2d: Sum(rhs),rhsMax =  -2.38197535793461E-05  1.96078542497118E+00
 cg2d: Sum(rhs),rhsMax =  -2.38227394930846E-05  1.96053967433651E+00
 cg2d: Sum(rhs),rhsMax =  -2.38257325264613E-05  1.96029335663687E+00
 cg2d: Sum(rhs),rhsMax =  -2.38287335747600E-05  1.96004647330798E+00
 cg2d: Sum(rhs),rhsMax =  -2.38317426806134E-05  1.95979902578064E+00
 cg2d: Sum(rhs),rhsMax =  -2.38347590908461E-05  1.95955101548175E+00
 cg2d: Sum(rhs),rhsMax =  -2.38377827344038E-05  1.95930244383522E+00
 cg2d: Sum(rhs),rhsMax =  -2.38408142791968E-05  1.95905331226306E+00
 cg2d: Sum(rhs),rhsMax =  -2.38438531141583E-05  1.95880362218639E+00
 cg2d: Sum(rhs),rhsMax =  -2.38468996656138E-05  1.95855337502647E+00
 cg2d: Sum(rhs),rhsMax =  -2.38499541893589E-05  1.95830257220578E+00
 cg2d: Sum(rhs),rhsMax =  -2.38530150085126E-05  1.95805121514898E+00
 cg2d: Sum(rhs),rhsMax =  -2.38560846241853E-05  1.95779930528395E+00
 cg2d: Sum(rhs),rhsMax =  -2.38591606631644E-05  1.95754684404273E+00
 cg2d: Sum(rhs),rhsMax =  -2.38622456976145E-05  1.95729383286243E+00
 cg2d: Sum(rhs),rhsMax =  -2.38653369279973E-05  1.95704027318621E+00
 cg2d: Sum(rhs),rhsMax =  -2.38684362301456E-05  1.95678616646409E+00
 cg2d: Sum(rhs),rhsMax =  -2.38715430356251E-05  1.95653151415362E+00
 cg2d: Sum(rhs),rhsMax =  -2.38746574723336E-05  1.95627631772089E+00
 cg2d: Sum(rhs),rhsMax =  -2.38777784886679E-05  1.95602057864093E+00
 cg2d: Sum(rhs),rhsMax =  -2.38809075625568E-05  1.95576429839832E+00
 cg2d: Sum(rhs),rhsMax =  -2.38840437134513E-05  1.95550747848753E+00
 cg2d: Sum(rhs),rhsMax =  -2.38871875382074E-05  1.95525012041401E+00
 cg2d: Sum(rhs),rhsMax =  -2.38903380278543E-05  1.95499222569511E+00
 cg2d: Sum(rhs),rhsMax =  -2.38934968308513E-05  1.95473379586048E+00
 cg2d: Sum(rhs),rhsMax =  -2.38966626682213E-05  1.95447483245190E+00
 cg2d: Sum(rhs),rhsMax =  -2.38998359662901E-05  1.95421533702342E+00
 cg2d: Sum(rhs),rhsMax =  -2.39030166966359E-05  1.95395531114144E+00
 cg2d: Sum(rhs),rhsMax =  -2.39062041771376E-05  1.95369475638515E+00
 cg2d: Sum(rhs),rhsMax =  -2.39093997578266E-05  1.95343367434683E+00
 cg2d: Sum(rhs),rhsMax =  -2.39126018755087E-05  1.95317206663209E+00
 cg2d: Sum(rhs),rhsMax =  -2.39158112833593E-05  1.95290993485992E+00
 cg2d: Sum(rhs),rhsMax =  -2.39190285213908E-05  1.95264728066272E+00
 cg2d: Sum(rhs),rhsMax =  -2.39222522679938E-05  1.95238410568629E+00
 cg2d: Sum(rhs),rhsMax =  -2.39254844700554E-05  1.95212041158963E+00
 cg2d: Sum(rhs),rhsMax =  -2.39287226975193E-05  1.95185620004500E+00
 cg2d: Sum(rhs),rhsMax =  -2.39319687693751E-05  1.95159147273760E+00
 cg2d: Sum(rhs),rhsMax =  -2.39352217619171E-05  1.95132623136540E+00
 cg2d: Sum(rhs),rhsMax =  -2.39384813767174E-05  1.95106047763894E+00
 cg2d: Sum(rhs),rhsMax =  -2.39417491485483E-05  1.95079421328089E+00
 cg2d: Sum(rhs),rhsMax =  -2.39450239405414E-05  1.95052744002576E+00
 cg2d: Sum(rhs),rhsMax =  -2.39483052268952E-05  1.95026015961957E+00
 cg2d: Sum(rhs),rhsMax =  -2.39515938318391E-05  1.94999237381931E+00
 cg2d: Sum(rhs),rhsMax =  -2.39548902811748E-05  1.94972408439255E+00
 cg2d: Sum(rhs),rhsMax =  -2.39581931253952E-05  1.94945529311686E+00
 cg2d: Sum(rhs),rhsMax =  -2.39615026060847E-05  1.94918600177933E+00
 cg2d: Sum(rhs),rhsMax =  -2.39648193200992E-05  1.94891621217600E+00
 cg2d: Sum(rhs),rhsMax =  -2.39681438358730E-05  1.94864592611118E+00
 cg2d: Sum(rhs),rhsMax =  -2.39714751586462E-05  1.94837514539696E+00
 cg2d: Sum(rhs),rhsMax =  -2.39748134163165E-05  1.94810387185243E+00
 cg2d: Sum(rhs),rhsMax =  -2.39781578130760E-05  1.94783210730313E+00
 cg2d: Sum(rhs),rhsMax =  -2.39815097842211E-05  1.94755985358031E+00
 cg2d: Sum(rhs),rhsMax =  -2.39848687328958E-05  1.94728711252022E+00
 cg2d: Sum(rhs),rhsMax =  -2.39882345312026E-05  1.94701388596351E+00
 cg2d: Sum(rhs),rhsMax =  -2.39916071933521E-05  1.94674017575442E+00
 cg2d: Sum(rhs),rhsMax =  -2.39949866767120E-05  1.94646598374018E+00
 cg2d: Sum(rhs),rhsMax =  -2.39983732370774E-05  1.94619131177025E+00
 cg2d: Sum(rhs),rhsMax =  -2.40017666897074E-05  1.94591616169568E+00
 cg2d: Sum(rhs),rhsMax =  -2.40051673756625E-05  1.94564053536841E+00
 cg2d: Sum(rhs),rhsMax =  -2.40085742859719E-05  1.94536443464067E+00
 cg2d: Sum(rhs),rhsMax =  -2.40119876622202E-05  1.94508786136432E+00
 cg2d: Sum(rhs),rhsMax =  -2.40154086981192E-05  1.94481081739027E+00
 cg2d: Sum(rhs),rhsMax =  -2.40188355036253E-05  1.94453330456797E+00
 cg2d: Sum(rhs),rhsMax =  -2.40222694856129E-05  1.94425532474484E+00
 cg2d: Sum(rhs),rhsMax =  -2.40257103598651E-05  1.94397687976581E+00
 cg2d: Sum(rhs),rhsMax =  -2.40291577142671E-05  1.94369797147296E+00
 cg2d: Sum(rhs),rhsMax =  -2.40326125009460E-05  1.94341860170505E+00
 cg2d: Sum(rhs),rhsMax =  -2.40360729719669E-05  1.94313877229730E+00
 cg2d: Sum(rhs),rhsMax =  -2.40395403068305E-05  1.94285848508109E+00
 cg2d: Sum(rhs),rhsMax =  -2.40430147329107E-05  1.94257774188371E+00
 cg2d: Sum(rhs),rhsMax =  -2.40464957244058E-05  1.94229654452828E+00
 cg2d: Sum(rhs),rhsMax =  -2.40499830397312E-05  1.94201489483362E+00
 cg2d: Sum(rhs),rhsMax =  -2.40534769773149E-05  1.94173279461415E+00
 cg2d: Sum(rhs),rhsMax =  -2.40569778213739E-05  1.94145024568000E+00
 cg2d: Sum(rhs),rhsMax =  -2.40604851597936E-05  1.94116724983695E+00
 cg2d: Sum(rhs),rhsMax =  -2.40639989073088E-05  1.94088380888661E+00
 cg2d: Sum(rhs),rhsMax =  -2.40675189928652E-05  1.94059992462650E+00
 cg2d: Sum(rhs),rhsMax =  -2.40710461554272E-05  1.94031559885026E+00
 cg2d: Sum(rhs),rhsMax =  -2.40745794002351E-05  1.94003083334779E+00
 cg2d: Sum(rhs),rhsMax =  -2.40781189688732E-05  1.93974562990555E+00
 cg2d: Sum(rhs),rhsMax =  -2.40816650602937E-05  1.93945999030685E+00
 cg2d: Sum(rhs),rhsMax =  -2.40852171486949E-05  1.93917391633201E+00
 cg2d: Sum(rhs),rhsMax =  -2.40887766835840E-05  1.93888740975879E+00
 cg2d: Sum(rhs),rhsMax =  -2.40923420165018E-05  1.93860047236261E+00
 cg2d: Sum(rhs),rhsMax =  -2.40959140427321E-05  1.93831310591697E+00
 cg2d: Sum(rhs),rhsMax =  -2.40994919238346E-05  1.93802531219371E+00
 cg2d: Sum(rhs),rhsMax =  -2.41030766119366E-05  1.93773709296343E+00
 cg2d: Sum(rhs),rhsMax =  -2.41066675386037E-05  1.93744844999578E+00
 cg2d: Sum(rhs),rhsMax =  -2.41102654854330E-05  1.93715938505986E+00
 cg2d: Sum(rhs),rhsMax =  -2.41138677523622E-05  1.93686989992459E+00
 cg2d: Sum(rhs),rhsMax =  -2.41174781621112E-05  1.93657999635904E+00
 cg2d: Sum(rhs),rhsMax =  -2.41210942277803E-05  1.93628967613281E+00
 cg2d: Sum(rhs),rhsMax =  -2.41247163899061E-05  1.93599894101644E+00
 cg2d: Sum(rhs),rhsMax =  -2.41283453163987E-05  1.93570779278173E+00
 cg2d: Sum(rhs),rhsMax =  -2.41319802825046E-05  1.93541623320207E+00
 cg2d: Sum(rhs),rhsMax =  -2.41356208761090E-05  1.93512426405290E+00
 cg2d: Sum(rhs),rhsMax =  -2.41392678788088E-05  1.93483188711202E+00
 cg2d: Sum(rhs),rhsMax =  -2.41429215463995E-05  1.93453910415994E+00
 cg2d: Sum(rhs),rhsMax =  -2.41465809409647E-05  1.93424591698019E+00
 cg2d: Sum(rhs),rhsMax =  -2.41502469435773E-05  1.93395232735983E+00
 cg2d: Sum(rhs),rhsMax =  -2.41539183321038E-05  1.93365833708959E+00
 cg2d: Sum(rhs),rhsMax =  -2.41575963286778E-05  1.93336394796436E+00
 cg2d: Sum(rhs),rhsMax =  -2.41612805638169E-05  1.93306916178342E+00
 cg2d: Sum(rhs),rhsMax =  -2.41649700569724E-05  1.93277398035078E+00
 cg2d: Sum(rhs),rhsMax =  -2.41686660018559E-05  1.93247840547552E+00
 cg2d: Sum(rhs),rhsMax =  -2.41723683700457E-05  1.93218243897204E+00
 cg2d: Sum(rhs),rhsMax =  -2.41760761241494E-05  1.93188608266034E+00
 cg2d: Sum(rhs),rhsMax =  -2.41797906426200E-05  1.93158933836630E+00
 cg2d: Sum(rhs),rhsMax =  -2.41835106038479E-05  1.93129220792185E+00
 cg2d: Sum(rhs),rhsMax =  -2.41872370025931E-05  1.93099469316530E+00
 cg2d: Sum(rhs),rhsMax =  -2.41909685030350E-05  1.93069679594141E+00
 cg2d: Sum(rhs),rhsMax =  -2.41947069525850E-05  1.93039851810168E+00
 cg2d: Sum(rhs),rhsMax =  -2.41984502054038E-05  1.93009986150441E+00
 cg2d: Sum(rhs),rhsMax =  -2.42022000804809E-05  1.92980082801486E+00
 cg2d: Sum(rhs),rhsMax =  -2.42059556114782E-05  1.92950141950537E+00
 cg2d: Sum(rhs),rhsMax =  -2.42097170826128E-05  1.92920163785535E+00
 cg2d: Sum(rhs),rhsMax =  -2.42134844370412E-05  1.92890148495142E+00
 cg2d: Sum(rhs),rhsMax =  -2.42172572768595E-05  1.92860096268737E+00
 cg2d: Sum(rhs),rhsMax =  -2.42210360426043E-05  1.92830007296412E+00
 cg2d: Sum(rhs),rhsMax =  -2.42248210327034E-05  1.92799881768971E+00
 cg2d: Sum(rhs),rhsMax =  -2.42286115366142E-05  1.92769719877925E+00
 cg2d: Sum(rhs),rhsMax =  -2.42324071848543E-05  1.92739521815472E+00
 cg2d: Sum(rhs),rhsMax =  -2.42362087163883E-05  1.92709287774498E+00
 cg2d: Sum(rhs),rhsMax =  -2.42389358078299E-05  1.92687610860154E+00
 cg2d: Sum(rhs),rhsMax =  -2.42373624388392E-05  1.92700114034159E+00
 cg2d: Sum(rhs),rhsMax =  -2.42357966300233E-05  1.92712565119552E+00
 cg2d: Sum(rhs),rhsMax =  -2.42342376282068E-05  1.92724964074052E+00
 cg2d: Sum(rhs),rhsMax =  -2.42326856891850E-05  1.92737310855656E+00
 cg2d: Sum(rhs),rhsMax =  -2.42311395481920E-05  1.92749605422592E+00
 cg2d: Sum(rhs),rhsMax =  -2.42296008252652E-05  1.92761847733271E+00
 cg2d: Sum(rhs),rhsMax =  -2.42280690088137E-05  1.92774037746243E+00
 cg2d: Sum(rhs),rhsMax =  -2.42265427345956E-05  1.92786175420154E+00
 cg2d: Sum(rhs),rhsMax =  -2.42250245889863E-05  1.92798260713719E+00
 cg2d: Sum(rhs),rhsMax =  -2.42235128666834E-05  1.92810293585655E+00
 cg2d: Sum(rhs),rhsMax =  -2.42220074540000E-05  1.92822273994672E+00
 cg2d: Sum(rhs),rhsMax =  -2.42205094309611E-05  1.92834201899438E+00
 cg2d: Sum(rhs),rhsMax =  -2.42190172770052E-05  1.92846077258546E+00
 cg2d: Sum(rhs),rhsMax =  -2.42175332232364E-05  1.92857900030493E+00
 cg2d: Sum(rhs),rhsMax =  -2.42160554080328E-05  1.92869670173664E+00
 cg2d: Sum(rhs),rhsMax =  -2.42145841014008E-05  1.92881387646305E+00
 cg2d: Sum(rhs),rhsMax =  -2.42131199428286E-05  1.92893052406528E+00
 cg2d: Sum(rhs),rhsMax =  -2.42116621791411E-05  1.92904664412284E+00
 cg2d: Sum(rhs),rhsMax =  -2.42102115208809E-05  1.92916223621380E+00
 cg2d: Sum(rhs),rhsMax =  -2.42087676838310E-05  1.92927729991460E+00
 cg2d: Sum(rhs),rhsMax =  -2.42073309522084E-05  1.92939183480025E+00
 cg2d: Sum(rhs),rhsMax =  -2.42059001323014E-05  1.92950584044435E+00
 cg2d: Sum(rhs),rhsMax =  -2.42044768015148E-05  1.92961931641913E+00
 cg2d: Sum(rhs),rhsMax =  -2.42030596950826E-05  1.92973226229564E+00
 cg2d: Sum(rhs),rhsMax =  -2.42016502767228E-05  1.92984467764404E+00
 cg2d: Sum(rhs),rhsMax =  -2.42002470116631E-05  1.92995656203404E+00
 cg2d: Sum(rhs),rhsMax =  -2.41988512783564E-05  1.93006791503519E+00
 cg2d: Sum(rhs),rhsMax =  -2.41974612293916E-05  1.93017873621687E+00
 cg2d: Sum(rhs),rhsMax =  -2.41960791100837E-05  1.93028902514889E+00
 cg2d: Sum(rhs),rhsMax =  -2.41947034282930E-05  1.93039878140142E+00
 cg2d: Sum(rhs),rhsMax =  -2.41933337292721E-05  1.93050800454573E+00
 cg2d: Sum(rhs),rhsMax =  -2.41919722725470E-05  1.93061669415444E+00
 cg2d: Sum(rhs),rhsMax =  -2.41906173386042E-05  1.93072484980217E+00
 cg2d: Sum(rhs),rhsMax =  -2.41892691690282E-05  1.93083247106603E+00
 cg2d: Sum(rhs),rhsMax =  -2.41879272238066E-05  1.93093955752601E+00
 cg2d: Sum(rhs),rhsMax =  -2.41865929382357E-05  1.93104610876558E+00
 cg2d: Sum(rhs),rhsMax =  -2.41852651612362E-05  1.93115212437218E+00
 cg2d: Sum(rhs),rhsMax =  -2.41839443049230E-05  1.93125760393772E+00
 cg2d: Sum(rhs),rhsMax =  -2.41826298861270E-05  1.93136254705585E+00
 cg2d: Sum(rhs),rhsMax =  -2.41813226864451E-05  1.93146695332542E+00
 cg2d: Sum(rhs),rhsMax =  -2.41800221090216E-05  1.93157082235653E+00
 cg2d: Sum(rhs),rhsMax =  -2.41787287080797E-05  1.93167415377029E+00
 cg2d: Sum(rhs),rhsMax =  -2.41774424694086E-05  1.93177694719422E+00
 cg2d: Sum(rhs),rhsMax =  -2.41761625119352E-05  1.93187920225975E+00
 cg2d: Sum(rhs),rhsMax =  -2.41748898446303E-05  1.93198091860358E+00
 cg2d: Sum(rhs),rhsMax =  -2.41736241974877E-05  1.93208209587018E+00
 cg2d: Sum(rhs),rhsMax =  -2.41723647320669E-05  1.93218273371375E+00
 cg2d: Sum(rhs),rhsMax =  -2.41711120736454E-05  1.93228283179908E+00
 cg2d: Sum(rhs),rhsMax =  -2.41698674017243E-05  1.93238238980176E+00
 cg2d: Sum(rhs),rhsMax =  -2.41686291531096E-05  1.93248140740840E+00
 cg2d: Sum(rhs),rhsMax =  -2.41673972851686E-05  1.93257988431662E+00
 cg2d: Sum(rhs),rhsMax =  -2.41661729205589E-05  1.93267782023536E+00
 cg2d: Sum(rhs),rhsMax =  -2.41649549224121E-05  1.93277521488511E+00
 cg2d: Sum(rhs),rhsMax =  -2.41637438875841E-05  1.93287206799812E+00
 cg2d: Sum(rhs),rhsMax =  -2.41625406118828E-05  1.93296837931873E+00
 cg2d: Sum(rhs),rhsMax =  -2.41613434610599E-05  1.93306414860355E+00
 cg2d: Sum(rhs),rhsMax =  -2.41601521793200E-05  1.93315937562166E+00
 cg2d: Sum(rhs),rhsMax =  -2.41589696514666E-05  1.93325406015468E+00
 cg2d: Sum(rhs),rhsMax =  -2.41577930211179E-05  1.93334820199691E+00
 cg2d: Sum(rhs),rhsMax =  -2.41566232546120E-05  1.93344180095529E+00
 cg2d: Sum(rhs),rhsMax =  -2.41554612330219E-05  1.93353485684946E+00
 cg2d: Sum(rhs),rhsMax =  -2.41543051373583E-05  1.93362736951153E+00
 cg2d: Sum(rhs),rhsMax =  -2.41531565876585E-05  1.93371933878608E+00
 cg2d: Sum(rhs),rhsMax =  -2.41520144754759E-05  1.93381076452994E+00
 cg2d: Sum(rhs),rhsMax =  -2.41508790992384E-05  1.93390164661195E+00
 cg2d: Sum(rhs),rhsMax =  -2.41497517805556E-05  1.93399198491274E+00
 cg2d: Sum(rhs),rhsMax =  -2.41486305156968E-05  1.93408177932440E+00
 cg2d: Sum(rhs),rhsMax =  -2.41475157025661E-05  1.93417102975023E+00
 cg2d: Sum(rhs),rhsMax =  -2.41464086911947E-05  1.93425973610431E+00
 cg2d: Sum(rhs),rhsMax =  -2.41453080604970E-05  1.93434789831114E+00
 cg2d: Sum(rhs),rhsMax =  -2.41442144925941E-05  1.93443551630516E+00
 cg2d: Sum(rhs),rhsMax =  -2.41431274901061E-05  1.93452259003043E+00
 cg2d: Sum(rhs),rhsMax =  -2.41420475504128E-05  1.93460911943991E+00
 cg2d: Sum(rhs),rhsMax =  -2.41409746024601E-05  1.93469510449518E+00
 cg2d: Sum(rhs),rhsMax =  -2.41399086178262E-05  1.93478054516572E+00
 cg2d: Sum(rhs),rhsMax =  -2.41388497954631E-05  1.93486544142840E+00
 cg2d: Sum(rhs),rhsMax =  -2.41377971690326E-05  1.93494979326702E+00
 cg2d: Sum(rhs),rhsMax =  -2.41367520743552E-05  1.93503360067151E+00
 cg2d: Sum(rhs),rhsMax =  -2.41357131187669E-05  1.93511686363759E+00
 cg2d: Sum(rhs),rhsMax =  -2.41346815244015E-05  1.93519958216599E+00
 cg2d: Sum(rhs),rhsMax =  -2.41336572059936E-05  1.93528175626194E+00
 cg2d: Sum(rhs),rhsMax =  -2.41326390835184E-05  1.93536338593458E+00
 cg2d: Sum(rhs),rhsMax =  -2.41316276401449E-05  1.93544447119647E+00
 cg2d: Sum(rhs),rhsMax =  -2.41306239132655E-05  1.93552501195630E+00
 cg2d: Sum(rhs),rhsMax =  -2.41296260270474E-05  1.93560500836592E+00
 cg2d: Sum(rhs),rhsMax =  -2.41286355588954E-05  1.93568446051323E+00
 cg2d: Sum(rhs),rhsMax =  -2.41276525230205E-05  1.93576336843660E+00
 cg2d: Sum(rhs),rhsMax =  -2.41266757967651E-05  1.93584173217260E+00
 cg2d: Sum(rhs),rhsMax =  -2.41257058775091E-05  1.93591955177140E+00
 cg2d: Sum(rhs),rhsMax =  -2.41247426515656E-05  1.93599682729443E+00
 cg2d: Sum(rhs),rhsMax =  -2.41237868010558E-05  1.93607355880862E+00
 cg2d: Sum(rhs),rhsMax =  -2.41228367201529E-05  1.93614974638332E+00
 cg2d: Sum(rhs),rhsMax =  -2.41218950804978E-05  1.93622539008906E+00
 cg2d: Sum(rhs),rhsMax =  -2.41209598499381E-05  1.93630048999701E+00
 cg2d: Sum(rhs),rhsMax =  -2.41200308579437E-05  1.93637504617832E+00
 cg2d: Sum(rhs),rhsMax =  -2.41191093977022E-05  1.93644905870351E+00
 cg2d: Sum(rhs),rhsMax =  -2.41181944744540E-05  1.93652251915625E+00
 cg2d: Sum(rhs),rhsMax =  -2.41172860881989E-05  1.93659544048923E+00
 cg2d: Sum(rhs),rhsMax =  -2.41163842247261E-05  1.93666782404656E+00
 cg2d: Sum(rhs),rhsMax =  -2.41154895377349E-05  1.93673966786558E+00
 cg2d: Sum(rhs),rhsMax =  -2.41146016861649E-05  1.93681097116413E+00
 cg2d: Sum(rhs),rhsMax =  -2.41137209542330E-05  1.93688173445274E+00
 cg2d: Sum(rhs),rhsMax =  -2.41128465887641E-05  1.93695195877113E+00
 cg2d: Sum(rhs),rhsMax =  -2.41119795418854E-05  1.93702164516417E+00
 cg2d: Sum(rhs),rhsMax =  -2.41111186483067E-05  1.93709079454924E+00
 cg2d: Sum(rhs),rhsMax =  -2.41102646754143E-05  1.93715940774878E+00
 cg2d: Sum(rhs),rhsMax =  -2.41094171116174E-05  1.93722748552549E+00
 cg2d: Sum(rhs),rhsMax =  -2.41085770937843E-05  1.93729502859269E+00
 cg2d: Sum(rhs),rhsMax =  -2.41077428029257E-05  1.93736203761353E+00
 cg2d: Sum(rhs),rhsMax =  -2.41069154611750E-05  1.93742851319870E+00
 cg2d: Sum(rhs),rhsMax =  -2.41060949690564E-05  1.93749445590427E+00
 cg2d: Sum(rhs),rhsMax =  -2.41052816534193E-05  1.93755986622995E+00
 cg2d: Sum(rhs),rhsMax =  -2.41044741358110E-05  1.93762474461791E+00
 cg2d: Sum(rhs),rhsMax =  -2.41036739083711E-05  1.93768909145219E+00
 cg2d: Sum(rhs),rhsMax =  -2.41028801895027E-05  1.93775290705877E+00
 cg2d: Sum(rhs),rhsMax =  -2.41020927660429E-05  1.93781619170622E+00
 cg2d: Sum(rhs),rhsMax =  -2.41013123343237E-05  1.93787894560693E+00
 cg2d: Sum(rhs),rhsMax =  -2.41005390222426E-05  1.93794116891834E+00
 cg2d: Sum(rhs),rhsMax =  -2.40997711102864E-05  1.93800286174454E+00
 cg2d: Sum(rhs),rhsMax =  -2.40990110285111E-05  1.93806402413752E+00
 cg2d: Sum(rhs),rhsMax =  -2.40982568584514E-05  1.93812465609865E+00
 cg2d: Sum(rhs),rhsMax =  -2.40975098080298E-05  1.93818475758002E+00
 cg2d: Sum(rhs),rhsMax =  -2.40967689109084E-05  1.93824432848628E+00
 cg2d: Sum(rhs),rhsMax =  -2.40960349202624E-05  1.93830336867699E+00
 cg2d: Sum(rhs),rhsMax =  -2.40953165189239E-05  1.93836116221881E+00
 cg2d: Sum(rhs),rhsMax =  -2.40946029634870E-05  1.93841858538007E+00
 cg2d: Sum(rhs),rhsMax =  -2.40938957034587E-05  1.93847548158774E+00
 cg2d: Sum(rhs),rhsMax =  -2.40931952504297E-05  1.93853178835608E+00
 cg2d: Sum(rhs),rhsMax =  -2.40925033949679E-05  1.93858750928402E+00
 cg2d: Sum(rhs),rhsMax =  -2.40918178491256E-05  1.93864263894580E+00
 cg2d: Sum(rhs),rhsMax =  -2.40911398776689E-05  1.93869716621000E+00
 cg2d: Sum(rhs),rhsMax =  -2.40904707595746E-05  1.93875108040836E+00
 cg2d: Sum(rhs),rhsMax =  -2.40898082211061E-05  1.93880437166674E+00
 cg2d: Sum(rhs),rhsMax =  -2.40891538965116E-05  1.93885703057791E+00
 cg2d: Sum(rhs),rhsMax =  -2.40885076152608E-05  1.93890904826247E+00
 cg2d: Sum(rhs),rhsMax =  -2.40878698747338E-05  1.93896041651480E+00
 cg2d: Sum(rhs),rhsMax =  -2.40872400780745E-05  1.93901112790251E+00
 cg2d: Sum(rhs),rhsMax =  -2.40866176568488E-05  1.93906117582909E+00
 cg2d: Sum(rhs),rhsMax =  -2.40860043305702E-05  1.93911055458022E+00
 cg2d: Sum(rhs),rhsMax =  -2.40853996444912E-05  1.93915925936071E+00
 cg2d: Sum(rhs),rhsMax =  -2.40848031012320E-05  1.93920728632358E+00
 cg2d: Sum(rhs),rhsMax =  -2.40842149281661E-05  1.93925463259167E+00
 cg2d: Sum(rhs),rhsMax =  -2.40836355516194E-05  1.93930129627155E+00
 cg2d: Sum(rhs),rhsMax =  -2.40830650568569E-05  1.93934727646007E+00
 cg2d: Sum(rhs),rhsMax =  -2.40825017954194E-05  1.93939257324309E+00
 cg2d: Sum(rhs),rhsMax =  -2.40819484389476E-05  1.93943718768641E+00
 cg2d: Sum(rhs),rhsMax =  -2.40814021026381E-05  1.93948112181883E+00
 cg2d: Sum(rhs),rhsMax =  -2.40808656286617E-05  1.93952437860741E+00
 cg2d: Sum(rhs),rhsMax =  -2.40803366580167E-05  1.93956696192553E+00
 cg2d: Sum(rhs),rhsMax =  -2.40798164128364E-05  1.93960887651398E+00
 cg2d: Sum(rhs),rhsMax =  -2.40793044810061E-05  1.93965012793632E+00
 cg2d: Sum(rhs),rhsMax =  -2.40788005640979E-05  1.93969072252858E+00
 cg2d: Sum(rhs),rhsMax =  -2.40783045768467E-05  1.93973066734438E+00
 cg2d: Sum(rhs),rhsMax =  -2.40778164908306E-05  1.93976997009561E+00
 cg2d: Sum(rhs),rhsMax =  -2.40773367892189E-05  1.93980863908921E+00
 cg2d: Sum(rhs),rhsMax =  -2.40768647898904E-05  1.93984668316017E+00
 cg2d: Sum(rhs),rhsMax =  -2.40763997254589E-05  1.93988411160097E+00
 cg2d: Sum(rhs),rhsMax =  -2.40759427327930E-05  1.93992093408826E+00
 cg2d: Sum(rhs),rhsMax =  -2.40754934424103E-05  1.93995716060644E+00
 cg2d: Sum(rhs),rhsMax =  -2.40750510442922E-05  1.93999280136956E+00
 cg2d: Sum(rhs),rhsMax =  -2.40746157373906E-05  1.94002786674151E+00
 cg2d: Sum(rhs),rhsMax =  -2.40741875643380E-05  1.94006236715555E+00
 cg2d: Sum(rhs),rhsMax =  -2.40737664398694E-05  1.94009631303377E+00
 cg2d: Sum(rhs),rhsMax =  -2.40733520655567E-05  1.94012971470711E+00
 cg2d: Sum(rhs),rhsMax =  -2.40729444840326E-05  1.94016258233666E+00
 cg2d: Sum(rhs),rhsMax =  -2.40725430842303E-05  1.94019492583690E+00
 cg2d: Sum(rhs),rhsMax =  -2.40721481787887E-05  1.94022675480130E+00
 cg2d: Sum(rhs),rhsMax =  -2.40717595829665E-05  1.94025807843094E+00
 cg2d: Sum(rhs),rhsMax =  -2.40713773536072E-05  1.94028890546683E+00
 cg2d: Sum(rhs),rhsMax =  -2.40710009080658E-05  1.94031924412607E+00
 cg2d: Sum(rhs),rhsMax =  -2.40706301752880E-05  1.94034910204262E+00
 cg2d: Sum(rhs),rhsMax =  -2.40702654821234E-05  1.94037848621293E+00
 cg2d: Sum(rhs),rhsMax =  -2.40699073401629E-05  1.94040740294697E+00
 cg2d: Sum(rhs),rhsMax =  -2.40695544846403E-05  1.94043585782477E+00
 cg2d: Sum(rhs),rhsMax =  -2.40692064181758E-05  1.94046385565918E+00
 cg2d: Sum(rhs),rhsMax =  -2.40688648602827E-05  1.94049140046451E+00
 cg2d: Sum(rhs),rhsMax =  -2.40685285177733E-05  1.94051849543189E+00
 cg2d: Sum(rhs),rhsMax =  -2.40681987264679E-05  1.94054514291094E+00
 cg2d: Sum(rhs),rhsMax =  -2.40678729710453E-05  1.94057134439834E+00
 cg2d: Sum(rhs),rhsMax =  -2.40675546763214E-05  1.94059710053292E+00
 cg2d: Sum(rhs),rhsMax =  -2.40672400053654E-05  1.94062241109760E+00
 cg2d: Sum(rhs),rhsMax =  -2.40669322550957E-05  1.94064727502795E+00
 cg2d: Sum(rhs),rhsMax =  -2.40666291091429E-05  1.94067169042735E+00
 cg2d: Sum(rhs),rhsMax =  -2.40663316901646E-05  1.94069565458860E+00
 cg2d: Sum(rhs),rhsMax =  -2.40660405239623E-05  1.94071916402177E+00
 cg2d: Sum(rhs),rhsMax =  -2.40657544736678E-05  1.94074221448806E+00
 cg2d: Sum(rhs),rhsMax =  -2.40654745908842E-05  1.94076480103941E+00
 cg2d: Sum(rhs),rhsMax =  -2.40651998666408E-05  1.94078691806346E+00
 cg2d: Sum(rhs),rhsMax =  -2.40649313525410E-05  1.94080855933359E+00
 cg2d: Sum(rhs),rhsMax =  -2.40646692901691E-05  1.94082971806347E+00
 cg2d: Sum(rhs),rhsMax =  -2.40644132816215E-05  1.94085038696591E+00
 cg2d: Sum(rhs),rhsMax =  -2.40641630711025E-05  1.94087055831519E+00
 cg2d: Sum(rhs),rhsMax =  -2.40639191702030E-05  1.94089022401277E+00
 cg2d: Sum(rhs),rhsMax =  -2.40636825310503E-05  1.94090937565549E+00
 cg2d: Sum(rhs),rhsMax =  -2.40634507804316E-05  1.94092800460596E+00
 cg2d: Sum(rhs),rhsMax =  -2.40632268031504E-05  1.94094610206453E+00
 cg2d: Sum(rhs),rhsMax =  -2.40630088370608E-05  1.94096365914225E+00
 cg2d: Sum(rhs),rhsMax =  -2.40627983174591E-05  1.94098066693436E+00
 cg2d: Sum(rhs),rhsMax =  -2.40625943774830E-05  1.94099711659368E+00
 cg2d: Sum(rhs),rhsMax =  -2.40623972160847E-05  1.94101299940347E+00
 cg2d: Sum(rhs),rhsMax =  -2.40622071459029E-05  1.94102830684899E+00
 cg2d: Sum(rhs),rhsMax =  -2.40620249485346E-05  1.94104303068768E+00
 cg2d: Sum(rhs),rhsMax =  -2.40618498423828E-05  1.94105716301688E+00
 cg2d: Sum(rhs),rhsMax =  -2.40616818558692E-05  1.94107069633907E+00
 cg2d: Sum(rhs),rhsMax =  -2.40615220832296E-05  1.94108362362392E+00
 cg2d: Sum(rhs),rhsMax =  -2.40613691318003E-05  1.94109593836664E+00
 cg2d: Sum(rhs),rhsMax =  -2.40612240389737E-05  1.94110763464241E+00
 cg2d: Sum(rhs),rhsMax =  -2.40610869184366E-05  1.94111870715627E+00
 cg2d: Sum(rhs),rhsMax =  -2.40609574859718E-05  1.94112915128815E+00
 cg2d: Sum(rhs),rhsMax =  -2.40608361252725E-05  1.94113896313286E+00
 cg2d: Sum(rhs),rhsMax =  -2.40607219410549E-05  1.94114813953447E+00
 cg2d: Sum(rhs),rhsMax =  -2.40606162122958E-05  1.94115667811513E+00
 cg2d: Sum(rhs),rhsMax =  -2.40605179442355E-05  1.94116457729781E+00
 cg2d: Sum(rhs),rhsMax =  -2.40604280463685E-05  1.94117183632312E+00
 cg2d: Sum(rhs),rhsMax =  -2.40603461776345E-05  1.94117845525988E+00
 cg2d: Sum(rhs),rhsMax =  -2.40602719969729E-05  1.94118443500958E+00
 cg2d: Sum(rhs),rhsMax =  -2.40602057317574E-05  1.94118977730434E+00
 cg2d: Sum(rhs),rhsMax =  -2.40601480356872E-05  1.94119448469904E+00
 cg2d: Sum(rhs),rhsMax =  -2.40600968908211E-05  1.94119856055712E+00
 cg2d: Sum(rhs),rhsMax =  -2.40600542582570E-05  1.94120200903047E+00
 cg2d: Sum(rhs),rhsMax =  -2.40600195127172E-05  1.94120483503355E+00
 cg2d: Sum(rhs),rhsMax =  -2.40599916168094E-05  1.94120704421193E+00
 cg2d: Sum(rhs),rhsMax =  -2.40599720342516E-05  1.94120864290562E+00
 cg2d: Sum(rhs),rhsMax =  -2.40599600829228E-05  1.94120963810715E+00
 cg2d: Sum(rhs),rhsMax =  -2.40599546827980E-05  1.94121003741531E+00
 cg2d: Sum(rhs),rhsMax =  -2.40599569565347E-05  1.94120984898427E+00
 cg2d: Sum(rhs),rhsMax =  -2.40599664778074E-05  1.94120908146890E+00
 cg2d: Sum(rhs),rhsMax =  -2.40599834882005E-05  1.94120774396667E+00
 cg2d: Sum(rhs),rhsMax =  -2.40600067513697E-05  1.94120584595630E+00
 cg2d: Sum(rhs),rhsMax =  -2.40600373047073E-05  1.94120339723388E+00
 cg2d: Sum(rhs),rhsMax =  -2.40600737697605E-05  1.94120040784702E+00
 cg2d: Sum(rhs),rhsMax =  -2.40601177807775E-05  1.94119688802715E+00
 cg2d: Sum(rhs),rhsMax =  -2.40601676040342E-05  1.94119284812074E+00
 cg2d: Sum(rhs),rhsMax =  -2.40602243479771E-05  1.94118829852012E+00
 cg2d: Sum(rhs),rhsMax =  -2.40602870178463E-05  1.94118324959390E+00
 cg2d: Sum(rhs),rhsMax =  -2.40603554715335E-05  1.94117771161806E+00
 cg2d: Sum(rhs),rhsMax =  -2.40604296095626E-05  1.94117169470775E+00
 cg2d: Sum(rhs),rhsMax =  -2.40605102987956E-05  1.94116520875078E+00
 cg2d: Sum(rhs),rhsMax =  -2.40605966723706E-05  1.94115826334270E+00
 cg2d: Sum(rhs),rhsMax =  -2.40606879629013E-05  1.94115086772456E+00
 cg2d: Sum(rhs),rhsMax =  -2.40607852219910E-05  1.94114303072332E+00
 cg2d: Sum(rhs),rhsMax =  -2.40608876396209E-05  1.94113476069542E+00
 cg2d: Sum(rhs),rhsMax =  -2.40609957415927E-05  1.94112606547433E+00
 cg2d: Sum(rhs),rhsMax =  -2.40611084052489E-05  1.94111695232175E+00
 cg2d: Sum(rhs),rhsMax =  -2.40612267532470E-05  1.94110742788342E+00
 cg2d: Sum(rhs),rhsMax =  -2.40613496913511E-05  1.94109749814936E+00
 cg2d: Sum(rhs),rhsMax =  -2.40614779585258E-05  1.94108716841925E+00
 cg2d: Sum(rhs),rhsMax =  -2.40616110147585E-05  1.94107644327274E+00
 cg2d: Sum(rhs),rhsMax =  -2.40617486468864E-05  1.94106532654529E+00
 cg2d: Sum(rhs),rhsMax =  -2.40618908549095E-05  1.94105382130929E+00
 cg2d: Sum(rhs),rhsMax =  -2.40620387899071E-05  1.94104192986089E+00
 cg2d: Sum(rhs),rhsMax =  -2.40621916134387E-05  1.94102965371238E+00
 cg2d: Sum(rhs),rhsMax =  -2.40623476628343E-05  1.94101699359036E+00
 cg2d: Sum(rhs),rhsMax =  -2.40625093113067E-05  1.94100394943941E+00
 cg2d: Sum(rhs),rhsMax =  -2.40626762888496E-05  1.94099052043143E+00
 cg2d: Sum(rhs),rhsMax =  -2.40628471885884E-05  1.94097670498039E+00
 cg2d: Sum(rhs),rhsMax =  -2.40630233605543E-05  1.94096250076252E+00
 cg2d: Sum(rhs),rhsMax =  -2.40632037673549E-05  1.94094790474160E+00
 cg2d: Sum(rhs),rhsMax =  -2.40633902421905E-05  1.94093291319907E+00
 cg2d: Sum(rhs),rhsMax =  -2.40635804544809E-05  1.94091752176915E+00
 cg2d: Sum(rhs),rhsMax =  -2.40637772748187E-05  1.94090172547797E+00
 cg2d: Sum(rhs),rhsMax =  -2.40639780599849E-05  1.94088551878708E+00
 cg2d: Sum(rhs),rhsMax =  -2.40641839042155E-05  1.94086889564071E+00
 cg2d: Sum(rhs),rhsMax =  -2.40643952764685E-05  1.94085184951609E+00
 cg2d: Sum(rhs),rhsMax =  -2.40646119777921E-05  1.94083437347725E+00
 cg2d: Sum(rhs),rhsMax =  -2.40648337950233E-05  1.94081646023100E+00
 cg2d: Sum(rhs),rhsMax =  -2.40650610408011E-05  1.94079810218525E+00
 cg2d: Sum(rhs),rhsMax =  -2.40652947098852E-05  1.94077929150910E+00
 cg2d: Sum(rhs),rhsMax =  -2.40655344754259E-05  1.94076002019400E+00
 cg2d: Sum(rhs),rhsMax =  -2.40657783763254E-05  1.94074028011600E+00
 cg2d: Sum(rhs),rhsMax =  -2.40660284731575E-05  1.94072006309814E+00
 cg2d: Sum(rhs),rhsMax =  -2.40662861159535E-05  1.94069936097289E+00
 cg2d: Sum(rhs),rhsMax =  -2.40665493151937E-05  1.94067816564391E+00
 cg2d: Sum(rhs),rhsMax =  -2.40668181703541E-05  1.94065646914704E+00
 cg2d: Sum(rhs),rhsMax =  -2.40670936904053E-05  1.94063426370963E+00
 cg2d: Sum(rhs),rhsMax =  -2.40673756479737E-05  1.94061154180819E+00
 cg2d: Sum(rhs),rhsMax =  -2.40676634604142E-05  1.94058829622371E+00
 cg2d: Sum(rhs),rhsMax =  -2.40679581935410E-05  1.94056452009444E+00
 cg2d: Sum(rhs),rhsMax =  -2.40682597762998E-05  1.94054020696554E+00
 cg2d: Sum(rhs),rhsMax =  -2.40685679102626E-05  1.94051535083560E+00
 cg2d: Sum(rhs),rhsMax =  -2.40688826806945E-05  1.94048994619927E+00
 cg2d: Sum(rhs),rhsMax =  -2.40692053239400E-05  1.94046398808626E+00
 cg2d: Sum(rhs),rhsMax =  -2.40695342910158E-05  1.94043747209587E+00
 cg2d: Sum(rhs),rhsMax =  -2.40698700224584E-05  1.94041039442735E+00
 cg2d: Sum(rhs),rhsMax =  -2.40702128735393E-05  1.94038275190555E+00
 cg2d: Sum(rhs),rhsMax =  -2.40705625742521E-05  1.94035454200194E+00
 cg2d: Sum(rhs),rhsMax =  -2.40709197356637E-05  1.94032576285075E+00
 cg2d: Sum(rhs),rhsMax =  -2.40712838746049E-05  1.94029641326023E+00
 cg2d: Sum(rhs),rhsMax =  -2.40716557868836E-05  1.94026649271880E+00
 cg2d: Sum(rhs),rhsMax =  -2.40720334261368E-05  1.94023600139654E+00
 cg2d: Sum(rhs),rhsMax =  -2.40724191655772E-05  1.94020494014143E+00
 cg2d: Sum(rhs),rhsMax =  -2.40728115414868E-05  1.94017331047097E+00
 cg2d: Sum(rhs),rhsMax =  -2.40732109375585E-05  1.94014111455891E+00
 cg2d: Sum(rhs),rhsMax =  -2.40736173964251E-05  1.94010835521751E+00
 cg2d: Sum(rhs),rhsMax =  -2.40740308470322E-05  1.94007503587515E+00
 cg2d: Sum(rhs),rhsMax =  -2.40744511330604E-05  1.94004116054998E+00
 cg2d: Sum(rhs),rhsMax =  -2.40748779702926E-05  1.94000673381929E+00
 cg2d: Sum(rhs),rhsMax =  -2.40753117282111E-05  1.93997176078540E+00
 cg2d: Sum(rhs),rhsMax =  -2.40757534442082E-05  1.93993624703785E+00
 cg2d: Sum(rhs),rhsMax =  -2.40762000203176E-05  1.93990019861272E+00
 cg2d: Sum(rhs),rhsMax =  -2.40766542702886E-05  1.93986362194888E+00
 cg2d: Sum(rhs),rhsMax =  -2.40771145030294E-05  1.93982652384192E+00
 cg2d: Sum(rhs),rhsMax =  -2.40775817843542E-05  1.93978891139598E+00
 cg2d: Sum(rhs),rhsMax =  -2.40780545510688E-05  1.93975079197379E+00
 cg2d: Sum(rhs),rhsMax =  -2.40785345084760E-05  1.93971217314543E+00
 cg2d: Sum(rhs),rhsMax =  -2.40790197096885E-05  1.93967306263608E+00
 cg2d: Sum(rhs),rhsMax =  -2.40795110784120E-05  1.93963346827325E+00
 cg2d: Sum(rhs),rhsMax =  -2.40800083730619E-05  1.93959339793387E+00
 cg2d: Sum(rhs),rhsMax =  -2.40805119631204E-05  1.93955285949149E+00
 cg2d: Sum(rhs),rhsMax =  -2.40810215785814E-05  1.93951186076424E+00
 cg2d: Sum(rhs),rhsMax =  -2.40815357983593E-05  1.93947040946365E+00
 cg2d: Sum(rhs),rhsMax =  -2.40820557735333E-05  1.93942851314494E+00
 cg2d: Sum(rhs),rhsMax =  -2.40825813904166E-05  1.93938617898438E+00
 cg2d: Sum(rhs),rhsMax =  -2.40831124216356E-05  1.93934341397210E+00
 cg2d: Sum(rhs),rhsMax =  -2.40836490377205E-05  1.93930022509905E+00
 cg2d: Sum(rhs),rhsMax =  -2.40841909118217E-05  1.93925661911185E+00
 cg2d: Sum(rhs),rhsMax =  -2.40847368928598E-05  1.93921260223508E+00
 cg2d: Sum(rhs),rhsMax =  -2.40852892403609E-05  1.93916818010467E+00
 cg2d: Sum(rhs),rhsMax =  -2.40858452258408E-05  1.93912335783569E+00
 cg2d: Sum(rhs),rhsMax =  -2.40864074072533E-05  1.93907814009516E+00
 cg2d: Sum(rhs),rhsMax =  -2.40869736813920E-05  1.93903253111754E+00
 cg2d: Sum(rhs),rhsMax =  -2.40875453272338E-05  1.93898653467270E+00
 cg2d: Sum(rhs),rhsMax =  -2.40881218900313E-05  1.93894015402287E+00
 cg2d: Sum(rhs),rhsMax =  -2.40887026023984E-05  1.93889339189220E+00
 cg2d: Sum(rhs),rhsMax =  -2.40892882032995E-05  1.93884625045245E+00
 cg2d: Sum(rhs),rhsMax =  -2.40898783232524E-05  1.93879873131919E+00
 cg2d: Sum(rhs),rhsMax =  -2.40904737296432E-05  1.93875083555368E+00
 cg2d: Sum(rhs),rhsMax =  -2.40910730582300E-05  1.93870256366884E+00
 cg2d: Sum(rhs),rhsMax =  -2.40916774316702E-05  1.93865391563863E+00
 cg2d: Sum(rhs),rhsMax =  -2.40922871910243E-05  1.93860489091107E+00
 cg2d: Sum(rhs),rhsMax =  -2.40929013841651E-05  1.93855548842456E+00
 cg2d: Sum(rhs),rhsMax =  -2.40935197695080E-05  1.93850570662729E+00
 cg2d: Sum(rhs),rhsMax =  -2.40941429296981E-05  1.93845554350002E+00
 cg2d: Sum(rhs),rhsMax =  -2.40947712342177E-05  1.93840499658184E+00
 cg2d: Sum(rhs),rhsMax =  -2.40954045693798E-05  1.93835406299902E+00
 cg2d: Sum(rhs),rhsMax =  -2.40960428641301E-05  1.93830273949698E+00
 cg2d: Sum(rhs),rhsMax =  -2.40966855500346E-05  1.93825102247477E+00
 cg2d: Sum(rhs),rhsMax =  -2.40973338918593E-05  1.93819890802230E+00
 cg2d: Sum(rhs),rhsMax =  -2.40979861843016E-05  1.93814639195944E+00
 cg2d: Sum(rhs),rhsMax =  -2.40986446584657E-05  1.93809346987686E+00
 cg2d: Sum(rhs),rhsMax =  -2.40993078790552E-05  1.93804013717808E+00
 cg2d: Sum(rhs),rhsMax =  -2.40999759597571E-05  1.93798638912232E+00
 cg2d: Sum(rhs),rhsMax =  -2.41006501937591E-05  1.93793222086787E+00
 cg2d: Sum(rhs),rhsMax =  -2.41013284494329E-05  1.93787762751567E+00
 cg2d: Sum(rhs),rhsMax =  -2.41020129578828E-05  1.93782260415257E+00
 cg2d: Sum(rhs),rhsMax =  -2.41027030796204E-05  1.93776714589439E+00
 cg2d: Sum(rhs),rhsMax =  -2.41033981467353E-05  1.93771124792811E+00
 cg2d: Sum(rhs),rhsMax =  -2.41040985713425E-05  1.93765490555324E+00
 cg2d: Sum(rhs),rhsMax =  -2.41048057603166E-05  1.93759811422172E+00
 cg2d: Sum(rhs),rhsMax =  -2.41055177241378E-05  1.93754086957644E+00
 cg2d: Sum(rhs),rhsMax =  -2.41062355996746E-05  1.93748316748790E+00
 cg2d: Sum(rhs),rhsMax =  -2.41069598700960E-05  1.93742500408874E+00
 cg2d: Sum(rhs),rhsMax =  -2.41076888016778E-05  1.93736637580597E+00
 cg2d: Sum(rhs),rhsMax =  -2.41084240997225E-05  1.93730727939071E+00
 cg2d: Sum(rhs),rhsMax =  -2.41091657215975E-05  1.93724771194520E+00
 cg2d: Sum(rhs),rhsMax =  -2.41099125872779E-05  1.93718767094677E+00
 cg2d: Sum(rhs),rhsMax =  -2.41106661320600E-05  1.93712715426894E+00
 cg2d: Sum(rhs),rhsMax =  -2.41114252332864E-05  1.93706616019920E+00
 cg2d: Sum(rhs),rhsMax =  -2.41121909425601E-05  1.93700468745359E+00
 cg2d: Sum(rhs),rhsMax =  -2.41129615830005E-05  1.93694273518783E+00
 cg2d: Sum(rhs),rhsMax =  -2.41137391725488E-05  1.93688030300522E+00
 cg2d: Sum(rhs),rhsMax =  -2.41145215085226E-05  1.93681739096090E+00
 cg2d: Sum(rhs),rhsMax =  -2.41153110636105E-05  1.93675399956289E+00
 cg2d: Sum(rhs),rhsMax =  -2.41161065446249E-05  1.93669012976962E+00
 cg2d: Sum(rhs),rhsMax =  -2.41169077526138E-05  1.93662578298418E+00
 cg2d: Sum(rhs),rhsMax =  -2.41177149291616E-05  1.93656096104530E+00
 cg2d: Sum(rhs),rhsMax =  -2.41185280600575E-05  1.93649566621522E+00
 cg2d: Sum(rhs),rhsMax =  -2.41193477279467E-05  1.93642990116447E+00
 cg2d: Sum(rhs),rhsMax =  -2.41201724122675E-05  1.93636366895381E+00
 cg2d: Sum(rhs),rhsMax =  -2.41210030509365E-05  1.93629697301357E+00
 cg2d: Sum(rhs),rhsMax =  -2.41218398855381E-05  1.93622981712031E+00
 cg2d: Sum(rhs),rhsMax =  -2.41226824044816E-05  1.93616220537128E+00
 cg2d: Sum(rhs),rhsMax =  -2.41235301103870E-05  1.93609414215686E+00
(PID.TID 0000.0001) Did not write pickup because writePickupAtEnd = FALSE
(PID.TID 0000.0001)   early fc =  0.000000000000000D+00
 --> objf_test(bi,bj)        =  0.189842678039430D+00
(PID.TID 0000.0001)   local fc =  0.189842678039430D+00
(PID.TID 0000.0001)  global fc =  0.322547979944547D+00
(PID.TID 0000.0001) grdchk perturb(+)fc: fcpertplus  =  3.22547979944547E-01
(PID.TID 0000.0001)  nRecords = 108 ; filePrec =  64 ; fileIter =   3111120
(PID.TID 0000.0001)     nDims =   2 , dims:
(PID.TID 0000.0001)    1:  62   1  62
(PID.TID 0000.0001)    2:  62   1  62
(PID.TID 0000.0001)     nFlds =  10 , nFl3D =   7 , fields:
(PID.TID 0000.0001)  >Uvel    < >Vvel    < >Theta   < >Salt    < >GuNm1   < >GvNm1   < >GtNm1   < >EtaN    < >dEtaHdt < >EtaH    <
(PID.TID 0000.0001) missingVal=  1.00000000000000E+00 ; nTimRec =   1 , timeList:
(PID.TID 0000.0001)   3.733344000000E+09
(PID.TID 0000.0001) READ_MFLDS_3D_RL: read field: "Uvel    ", #   1 in fldList, rec=   1
(PID.TID 0000.0001) READ_MFLDS_3D_RL: read field: "Vvel    ", #   2 in fldList, rec=   2
(PID.TID 0000.0001) READ_MFLDS_3D_RL: read field: "Theta   ", #   3 in fldList, rec=   3
(PID.TID 0000.0001) READ_MFLDS_3D_RL: read field: "Salt    ", #   4 in fldList, rec=   4
(PID.TID 0000.0001) READ_MFLDS_3D_RL: read field: "GuNm1   ", #   5 in fldList, rec=   5
(PID.TID 0000.0001) READ_MFLDS_3D_RL: read field: "GvNm1   ", #   6 in fldList, rec=   6
(PID.TID 0000.0001) READ_MFLDS_3D_RL: read field: "GtNm1   ", #   7 in fldList, rec=   7
(PID.TID 0000.0001) READ_MFLDS_3D_RL: read field: "EtaN    ", #   8 in fldList, rec= 106
(PID.TID 0000.0001) READ_MFLDS_3D_RL: read field: "dEtaHdt ", #   9 in fldList, rec= 107
(PID.TID 0000.0001) READ_MFLDS_CHECK: - normal end ; reset MFLDS file-name: pickup.0003111120
(PID.TID 0000.0001) // =======================================================
(PID.TID 0000.0001) // Model current state
(PID.TID 0000.0001) // =======================================================
(PID.TID 0000.0001) 
(PID.TID 0000.0001) SOLVE_FOR_PRESSURE: putPmEinXvector =    F
 cg2d: Sum(rhs),rhsMax =   2.33643125966410E-05  1.99900718163814E+00
 cg2d: Sum(rhs),rhsMax =   2.33653636456665E-05  1.99891722427467E+00
 cg2d: Sum(rhs),rhsMax =   2.33664243580733E-05  1.99882649286102E+00
 cg2d: Sum(rhs),rhsMax =   2.33674939380535E-05  1.99873498159963E+00
 cg2d: Sum(rhs),rhsMax =   2.33685733945777E-05  1.99864269010626E+00
 cg2d: Sum(rhs),rhsMax =   2.33696616191992E-05  1.99854961876261E+00
 cg2d: Sum(rhs),rhsMax =   2.33707588819243E-05  1.99845576788917E+00
 cg2d: Sum(rhs),rhsMax =   2.33718657938198E-05  1.99836113784293E+00
 cg2d: Sum(rhs),rhsMax =   2.33729816869754E-05  1.99826572897212E+00
 cg2d: Sum(rhs),rhsMax =   2.33741065613913E-05  1.99816954152699E+00
 cg2d: Sum(rhs),rhsMax =   2.33752411702426E-05  1.99807257564644E+00
 cg2d: Sum(rhs),rhsMax =   2.33763849593061E-05  1.99797483141091E+00
 cg2d: Sum(rhs),rhsMax =   2.33775376443646E-05  1.99787630890796E+00
 cg2d: Sum(rhs),rhsMax =   2.33786989127793E-05  1.99777700826721E+00
 cg2d: Sum(rhs),rhsMax =   2.33798706830157E-05  1.99767692965815E+00
 cg2d: Sum(rhs),rhsMax =   2.33810512071386E-05  1.99757607326875E+00
 cg2d: Sum(rhs),rhsMax =   2.33822408404194E-05  1.99747443929437E+00
 cg2d: Sum(rhs),rhsMax =   2.33834395970689E-05  1.99737202795627E+00
 cg2d: Sum(rhs),rhsMax =   2.33846476476174E-05  1.99726883955292E+00
 cg2d: Sum(rhs),rhsMax =   2.33858649778540E-05  1.99716487452906E+00
 cg2d: Sum(rhs),rhsMax =   2.33870912040857E-05  1.99706013353931E+00
 cg2d: Sum(rhs),rhsMax =   2.33883274489699E-05  1.99695461748026E+00
 cg2d: Sum(rhs),rhsMax =   2.33895725187949E-05  1.99684832747445E+00
 cg2d: Sum(rhs),rhsMax =   2.33908267546212E-05  1.99674126480390E+00
 cg2d: Sum(rhs),rhsMax =   2.33920895027495E-05  1.99663343080720E+00
 cg2d: Sum(rhs),rhsMax =   2.33933621132110E-05  1.99652482676721E+00
 cg2d: Sum(rhs),rhsMax =   2.33946438470412E-05  1.99641545381987E+00
 cg2d: Sum(rhs),rhsMax =   2.33959342921253E-05  1.99630531290767E+00
 cg2d: Sum(rhs),rhsMax =   2.33972341447952E-05  1.99619440478677E+00
 cg2d: Sum(rhs),rhsMax =   2.33985435471595E-05  1.99608273007949E+00
 cg2d: Sum(rhs),rhsMax =   2.33998611633979E-05  1.99597028935020E+00
 cg2d: Sum(rhs),rhsMax =   2.34011888693431E-05  1.99585708317830E+00
 cg2d: Sum(rhs),rhsMax =   2.34025250307468E-05  1.99574311220570E+00
 cg2d: Sum(rhs),rhsMax =   2.34038709834294E-05  1.99562837714755E+00
 cg2d: Sum(rhs),rhsMax =   2.34052251926187E-05  1.99551287876858E+00
 cg2d: Sum(rhs),rhsMax =   2.34065888520263E-05  1.99539661783762E+00
 cg2d: Sum(rhs),rhsMax =   2.34079612653204E-05  1.99527959507843E+00
 cg2d: Sum(rhs),rhsMax =   2.34093435551586E-05  1.99516181113402E+00
 cg2d: Sum(rhs),rhsMax =   2.34107345136181E-05  1.99504326655451E+00
 cg2d: Sum(rhs),rhsMax =   2.34121346238680E-05  1.99492396181171E+00
 cg2d: Sum(rhs),rhsMax =   2.34135436727456E-05  1.99480389733497E+00
 cg2d: Sum(rhs),rhsMax =   2.34149621860524E-05  1.99468307355837E+00
 cg2d: Sum(rhs),rhsMax =   2.34163891406070E-05  1.99456149096713E+00
 cg2d: Sum(rhs),rhsMax =   2.34178254885364E-05  1.99443915013301E+00
 cg2d: Sum(rhs),rhsMax =   2.34192712156300E-05  1.99431605173160E+00
 cg2d: Sum(rhs),rhsMax =   2.34207254692365E-05  1.99419219653964E+00
 cg2d: Sum(rhs),rhsMax =   2.34221890451636E-05  1.99406758541416E+00
 cg2d: Sum(rhs),rhsMax =   2.34236620002548E-05  1.99394221925894E+00
 cg2d: Sum(rhs),rhsMax =   2.34251438797628E-05  1.99381609898485E+00
 cg2d: Sum(rhs),rhsMax =   2.34266340584099E-05  1.99368922547100E+00
 cg2d: Sum(rhs),rhsMax =   2.34281338720166E-05  1.99356159953207E+00
 cg2d: Sum(rhs),rhsMax =   2.34296420416058E-05  1.99343322189555E+00
 cg2d: Sum(rhs),rhsMax =   2.34311604714321E-05  1.99330409319016E+00
 cg2d: Sum(rhs),rhsMax =   2.34326878398861E-05  1.99317421394501E+00
 cg2d: Sum(rhs),rhsMax =   2.34342227827256E-05  1.99304358459749E+00
 cg2d: Sum(rhs),rhsMax =   2.34357680994890E-05  1.99291220550721E+00
 cg2d: Sum(rhs),rhsMax =   2.34373216301265E-05  1.99278007697348E+00
 cg2d: Sum(rhs),rhsMax =   2.34388846536149E-05  1.99264719925336E+00
 cg2d: Sum(rhs),rhsMax =   2.34404570136348E-05  1.99251357257888E+00
 cg2d: Sum(rhs),rhsMax =   2.34420377438482E-05  1.99237919717209E+00
 cg2d: Sum(rhs),rhsMax =   2.34436278105932E-05  1.99224407325730E+00
 cg2d: Sum(rhs),rhsMax =   2.34452267307006E-05  1.99210820107061E+00
 cg2d: Sum(rhs),rhsMax =   2.34468348025985E-05  1.99197158086655E+00
 cg2d: Sum(rhs),rhsMax =   2.34484519410216E-05  1.99183421292198E+00
 cg2d: Sum(rhs),rhsMax =   2.34500780038616E-05  1.99169609753796E+00
 cg2d: Sum(rhs),rhsMax =   2.34517126074252E-05  1.99155723503905E+00
 cg2d: Sum(rhs),rhsMax =   2.34533568743700E-05  1.99141762577093E+00
 cg2d: Sum(rhs),rhsMax =   2.34550099520447E-05  1.99127727009611E+00
 cg2d: Sum(rhs),rhsMax =   2.34566718262386E-05  1.99113616838882E+00
 cg2d: Sum(rhs),rhsMax =   2.34583431080182E-05  1.99099432102909E+00
 cg2d: Sum(rhs),rhsMax =   2.34600235273774E-05  1.99085172839680E+00
 cg2d: Sum(rhs),rhsMax =   2.34617123595626E-05  1.99070839086676E+00
 cg2d: Sum(rhs),rhsMax =   2.34634109546050E-05  1.99056430880488E+00
 cg2d: Sum(rhs),rhsMax =   2.34651180761603E-05  1.99041948256624E+00
 cg2d: Sum(rhs),rhsMax =   2.34668344489819E-05  1.99027391249522E+00
 cg2d: Sum(rhs),rhsMax =   2.34685594620032E-05  1.99012759892754E+00
 cg2d: Sum(rhs),rhsMax =   2.34702941099840E-05  1.98998054219430E+00
 cg2d: Sum(rhs),rhsMax =   2.34720375260622E-05  1.98983274262700E+00
 cg2d: Sum(rhs),rhsMax =   2.34737895112858E-05  1.98968420056408E+00
 cg2d: Sum(rhs),rhsMax =   2.34755513730533E-05  1.98953491635711E+00
 cg2d: Sum(rhs),rhsMax =   2.34773213918515E-05  1.98938489037699E+00
 cg2d: Sum(rhs),rhsMax =   2.34791005055968E-05  1.98923412301974E+00
 cg2d: Sum(rhs),rhsMax =   2.34808884158610E-05  1.98908261471083E+00
 cg2d: Sum(rhs),rhsMax =   2.34826867995253E-05  1.98893036590899E+00
 cg2d: Sum(rhs),rhsMax =   2.34844930986355E-05  1.98877737710836E+00
 cg2d: Sum(rhs),rhsMax =   2.34863080805781E-05  1.98862364884001E+00
 cg2d: Sum(rhs),rhsMax =   2.34881323564196E-05  1.98846918167241E+00
 cg2d: Sum(rhs),rhsMax =   2.34899663951182E-05  1.98831397621122E+00
 cg2d: Sum(rhs),rhsMax =   2.34918086050584E-05  1.98815803309873E+00
 cg2d: Sum(rhs),rhsMax =   2.34936601373192E-05  1.98800135301284E+00
 cg2d: Sum(rhs),rhsMax =   2.34955206366294E-05  1.98784393666615E+00
 cg2d: Sum(rhs),rhsMax =   2.34973900461455E-05  1.98768578480472E+00
 cg2d: Sum(rhs),rhsMax =   2.34992685363977E-05  1.98752689820701E+00
 cg2d: Sum(rhs),rhsMax =   2.35011550557829E-05  1.98736727768276E+00
 cg2d: Sum(rhs),rhsMax =   2.35030527875324E-05  1.98720692407204E+00
 cg2d: Sum(rhs),rhsMax =   2.35049582073543E-05  1.98704583824400E+00
 cg2d: Sum(rhs),rhsMax =   2.35068720968457E-05  1.98688402109589E+00
 cg2d: Sum(rhs),rhsMax =   2.35087958486702E-05  1.98672147355180E+00
 cg2d: Sum(rhs),rhsMax =   2.35107272317236E-05  1.98655819656139E+00
 cg2d: Sum(rhs),rhsMax =   2.35126680365738E-05  1.98639419109858E+00
 cg2d: Sum(rhs),rhsMax =   2.35146187890223E-05  1.98622945816052E+00
 cg2d: Sum(rhs),rhsMax =   2.35165774853385E-05  1.98606399876635E+00
 cg2d: Sum(rhs),rhsMax =   2.35185452339692E-05  1.98589781395594E+00
 cg2d: Sum(rhs),rhsMax =   2.35205222054446E-05  1.98573090478840E+00
 cg2d: Sum(rhs),rhsMax =   2.35225081155477E-05  1.98556327234110E+00
 cg2d: Sum(rhs),rhsMax =   2.35245022821573E-05  1.98539491770861E+00
 cg2d: Sum(rhs),rhsMax =   2.35265065526846E-05  1.98522584200214E+00
 cg2d: Sum(rhs),rhsMax =   2.35285189091883E-05  1.98505604634880E+00
 cg2d: Sum(rhs),rhsMax =   2.35305396500962E-05  1.98488553189119E+00
 cg2d: Sum(rhs),rhsMax =   2.35325699549094E-05  1.98471429978692E+00
 cg2d: Sum(rhs),rhsMax =   2.35346085588617E-05  1.98454235120830E+00
 cg2d: Sum(rhs),rhsMax =   2.35366570677797E-05  1.98436968734197E+00
 cg2d: Sum(rhs),rhsMax =   2.35387135916199E-05  1.98419630938831E+00
 cg2d: Sum(rhs),rhsMax =   2.35407785993402E-05  1.98402221856101E+00
 cg2d: Sum(rhs),rhsMax =   2.35428528867487E-05  1.98384741608611E+00
 cg2d: Sum(rhs),rhsMax =   2.35449358996220E-05  1.98367190320102E+00
 cg2d: Sum(rhs),rhsMax =   2.35470283058703E-05  1.98349568115315E+00
 cg2d: Sum(rhs),rhsMax =   2.35491281728173E-05  1.98331875119833E+00
 cg2d: Sum(rhs),rhsMax =   2.35512380015734E-05  1.98314111459878E+00
 cg2d: Sum(rhs),rhsMax =   2.35533557884082E-05  1.98296277262108E+00
 cg2d: Sum(rhs),rhsMax =   2.35554825422923E-05  1.98278372653375E+00
 cg2d: Sum(rhs),rhsMax =   2.35576184479669E-05  1.98260397760459E+00
 cg2d: Sum(rhs),rhsMax =   2.35597629369977E-05  1.98242352709828E+00
 cg2d: Sum(rhs),rhsMax =   2.35619156825351E-05  1.98224237627357E+00
 cg2d: Sum(rhs),rhsMax =   2.35640775940738E-05  1.98206052638091E+00
 cg2d: Sum(rhs),rhsMax =   2.35662478047516E-05  1.98187797866018E+00
 cg2d: Sum(rhs),rhsMax =   2.35684269966896E-05  1.98169473433871E+00
 cg2d: Sum(rhs),rhsMax =   2.35706150419901E-05  1.98151079462935E+00
 cg2d: Sum(rhs),rhsMax =   2.35728118269662E-05  1.98132616072903E+00
 cg2d: Sum(rhs),rhsMax =   2.35750164137016E-05  1.98114083381764E+00
 cg2d: Sum(rhs),rhsMax =   2.35772305643422E-05  1.98095481505731E+00
 cg2d: Sum(rhs),rhsMax =   2.35794530425437E-05  1.98076810559216E+00
 cg2d: Sum(rhs),rhsMax =   2.35816844735837E-05  1.98058070654824E+00
 cg2d: Sum(rhs),rhsMax =   2.35839235926960E-05  1.98039261903384E+00
 cg2d: Sum(rhs),rhsMax =   2.35861715935926E-05  1.98020384414008E+00
 cg2d: Sum(rhs),rhsMax =   2.35884285189059E-05  1.98001438294167E+00
 cg2d: Sum(rhs),rhsMax =   2.35906941270514E-05  1.97982423649778E+00
 cg2d: Sum(rhs),rhsMax =   2.35929683469749E-05  1.97963340585314E+00
 cg2d: Sum(rhs),rhsMax =   2.35952505391879E-05  1.97944189203911E+00
 cg2d: Sum(rhs),rhsMax =   2.35975419968781E-05  1.97924969607487E+00
 cg2d: Sum(rhs),rhsMax =   2.35998421800332E-05  1.97905681896853E+00
 cg2d: Sum(rhs),rhsMax =   2.36021502786343E-05  1.97886326171842E+00
 cg2d: Sum(rhs),rhsMax =   2.36044670458568E-05  1.97866902531409E+00
 cg2d: Sum(rhs),rhsMax =   2.36067927232853E-05  1.97847411073760E+00
 cg2d: Sum(rhs),rhsMax =   2.36091266572203E-05  1.97827851896459E+00
 cg2d: Sum(rhs),rhsMax =   2.36114688334510E-05  1.97808225096537E+00
 cg2d: Sum(rhs),rhsMax =   2.36138202183156E-05  1.97788530770619E+00
 cg2d: Sum(rhs),rhsMax =   2.36161799733736E-05  1.97768769015023E+00
 cg2d: Sum(rhs),rhsMax =   2.36185478854622E-05  1.97748939925889E+00
 cg2d: Sum(rhs),rhsMax =   2.36209248924979E-05  1.97729043599296E+00
 cg2d: Sum(rhs),rhsMax =   2.36233097012928E-05  1.97709080131376E+00
 cg2d: Sum(rhs),rhsMax =   2.36257033918719E-05  1.97689049618449E+00
 cg2d: Sum(rhs),rhsMax =   2.36281052394816E-05  1.97668952157141E+00
 cg2d: Sum(rhs),rhsMax =   2.36305160683514E-05  1.97648787844522E+00
 cg2d: Sum(rhs),rhsMax =   2.36329351963604E-05  1.97628556778224E+00
 cg2d: Sum(rhs),rhsMax =   2.36353622540264E-05  1.97608259056583E+00
 cg2d: Sum(rhs),rhsMax =   2.36377986766456E-05  1.97587894778756E+00
 cg2d: Sum(rhs),rhsMax =   2.36402427020721E-05  1.97567464044852E+00
 cg2d: Sum(rhs),rhsMax =   2.36426959219216E-05  1.97546966956058E+00
 cg2d: Sum(rhs),rhsMax =   2.36451568440543E-05  1.97526403614757E+00
 cg2d: Sum(rhs),rhsMax =   2.36476269179775E-05  1.97505774124636E+00
 cg2d: Sum(rhs),rhsMax =   2.36501050210336E-05  1.97485078590806E+00
 cg2d: Sum(rhs),rhsMax =   2.36525917785002E-05  1.97464317119909E+00
 cg2d: Sum(rhs),rhsMax =   2.36550868493168E-05  1.97443489820201E+00
 cg2d: Sum(rhs),rhsMax =   2.36575901624292E-05  1.97422596801671E+00
 cg2d: Sum(rhs),rhsMax =   2.36601016041504E-05  1.97401638176105E+00
 cg2d: Sum(rhs),rhsMax =   2.36626221834513E-05  1.97380614057183E+00
 cg2d: Sum(rhs),rhsMax =   2.36651503229268E-05  1.97359524560544E+00
 cg2d: Sum(rhs),rhsMax =   2.36676874010300E-05  1.97338369803857E+00
 cg2d: Sum(rhs),rhsMax =   2.36702325224769E-05  1.97317149906877E+00
 cg2d: Sum(rhs),rhsMax =   2.36727861278041E-05  1.97295864991492E+00
 cg2d: Sum(rhs),rhsMax =   2.36753481459573E-05  1.97274515181765E+00
 cg2d: Sum(rhs),rhsMax =   2.36779183353519E-05  1.97253100603959E+00
 cg2d: Sum(rhs),rhsMax =   2.36804969091509E-05  1.97231621386562E+00
 cg2d: Sum(rhs),rhsMax =   2.36830838815649E-05  1.97210077660284E+00
 cg2d: Sum(rhs),rhsMax =   2.36856789399553E-05  1.97188469558063E+00
 cg2d: Sum(rhs),rhsMax =   2.36882825390694E-05  1.97166797215041E+00
 cg2d: Sum(rhs),rhsMax =   2.36908944515335E-05  1.97145060768538E+00
 cg2d: Sum(rhs),rhsMax =   2.36935143931305E-05  1.97123260358018E+00
 cg2d: Sum(rhs),rhsMax =   2.36961431880900E-05  1.97101396125035E+00
 cg2d: Sum(rhs),rhsMax =   2.36987792021637E-05  1.97079468213168E+00
 cg2d: Sum(rhs),rhsMax =   2.37014241122324E-05  1.97057476767965E+00
 cg2d: Sum(rhs),rhsMax =   2.37040772503860E-05  1.97035421936848E+00
 cg2d: Sum(rhs),rhsMax =   2.37067388866308E-05  1.97013303869036E+00
 cg2d: Sum(rhs),rhsMax =   2.37094075856703E-05  1.96991122715447E+00
 cg2d: Sum(rhs),rhsMax =   2.37120854649220E-05  1.96968878628596E+00
 cg2d: Sum(rhs),rhsMax =   2.37147702932816E-05  1.96946571762481E+00
 cg2d: Sum(rhs),rhsMax =   2.37174645576488E-05  1.96924202272483E+00
 cg2d: Sum(rhs),rhsMax =   2.37201663253472E-05  1.96901770315229E+00
 cg2d: Sum(rhs),rhsMax =   2.37228766479802E-05  1.96879276048486E+00
 cg2d: Sum(rhs),rhsMax =   2.37255954260718E-05  1.96856719631020E+00
 cg2d: Sum(rhs),rhsMax =   2.37283213806450E-05  1.96834101222475E+00
 cg2d: Sum(rhs),rhsMax =   2.37310561459481E-05  1.96811420983225E+00
 cg2d: Sum(rhs),rhsMax =   2.37337984145825E-05  1.96788679074266E+00
 cg2d: Sum(rhs),rhsMax =   2.37365489113017E-05  1.96765875657072E+00
 cg2d: Sum(rhs),rhsMax =   2.37393075934733E-05  1.96743010893492E+00
 cg2d: Sum(rhs),rhsMax =   2.37420741058258E-05  1.96720084945597E+00
 cg2d: Sum(rhs),rhsMax =   2.37448483204616E-05  1.96697097975551E+00
 cg2d: Sum(rhs),rhsMax =   2.37476312321405E-05  1.96674050145485E+00
 cg2d: Sum(rhs),rhsMax =   2.37504220450546E-05  1.96650941617361E+00
 cg2d: Sum(rhs),rhsMax =   2.37532206028845E-05  1.96627772552876E+00
 cg2d: Sum(rhs),rhsMax =   2.37560271614257E-05  1.96604543113361E+00
 cg2d: Sum(rhs),rhsMax =   2.37588412659306E-05  1.96581253459691E+00
 cg2d: Sum(rhs),rhsMax =   2.37616633995685E-05  1.96557903752204E+00
 cg2d: Sum(rhs),rhsMax =   2.37644942728821E-05  1.96534494150625E+00
 cg2d: Sum(rhs),rhsMax =   2.37673323653098E-05  1.96511024814012E+00
 cg2d: Sum(rhs),rhsMax =   2.37701781458100E-05  1.96487495900694E+00
 cg2d: Sum(rhs),rhsMax =   2.37730322254492E-05  1.96463907568231E+00
 cg2d: Sum(rhs),rhsMax =   2.37758942063238E-05  1.96440259973387E+00
 cg2d: Sum(rhs),rhsMax =   2.37787643726506E-05  1.96416553272106E+00
 cg2d: Sum(rhs),rhsMax =   2.37816417012482E-05  1.96392787619507E+00
 cg2d: Sum(rhs),rhsMax =   2.37845269026593E-05  1.96368963169872E+00
 cg2d: Sum(rhs),rhsMax =   2.37874197921428E-05  1.96345080076670E+00
 cg2d: Sum(rhs),rhsMax =   2.37903203839096E-05  1.96321138492553E+00
 cg2d: Sum(rhs),rhsMax =   2.37932298858823E-05  1.96297138569388E+00
 cg2d: Sum(rhs),rhsMax =   2.37961456122093E-05  1.96273080458276E+00
 cg2d: Sum(rhs),rhsMax =   2.37990701066337E-05  1.96248964309585E+00
 cg2d: Sum(rhs),rhsMax =   2.38020017206964E-05  1.96224790272973E+00
 cg2d: Sum(rhs),rhsMax =   2.38049418612718E-05  1.96200558497433E+00
 cg2d: Sum(rhs),rhsMax =   2.38078888799009E-05  1.96176269131319E+00
 cg2d: Sum(rhs),rhsMax =   2.38108439276630E-05  1.96151922322392E+00
 cg2d: Sum(rhs),rhsMax =   2.38138068908711E-05  1.96127518217848E+00
 cg2d: Sum(rhs),rhsMax =   2.38167776558385E-05  1.96103056964366E+00
 cg2d: Sum(rhs),rhsMax =   2.38197552278052E-05  1.96078538708147E+00
 cg2d: Sum(rhs),rhsMax =   2.38227409141700E-05  1.96053963594948E+00
 cg2d: Sum(rhs),rhsMax =   2.38257343738724E-05  1.96029331770138E+00
 cg2d: Sum(rhs),rhsMax =   2.38287358911293E-05  1.96004643378724E+00
 cg2d: Sum(rhs),rhsMax =   2.38317437748492E-05  1.95979898565423E+00
 cg2d: Sum(rhs),rhsMax =   2.38347602845579E-05  1.95955097474675E+00
 cg2d: Sum(rhs),rhsMax =   2.38377845533932E-05  1.95930240250725E+00
 cg2d: Sum(rhs),rhsMax =   2.38408157713366E-05  1.95905327037663E+00
 cg2d: Sum(rhs),rhsMax =   2.38438549047260E-05  1.95880357979475E+00
 cg2d: Sum(rhs),rhsMax =   2.38469016977660E-05  1.95855333220114E+00
 cg2d: Sum(rhs),rhsMax =   2.38499555820226E-05  1.95830252903554E+00
 cg2d: Sum(rhs),rhsMax =   2.38530166569717E-05  1.95805117173860E+00
 cg2d: Sum(rhs),rhsMax =   2.38560862442228E-05  1.95779926175259E+00
 cg2d: Sum(rhs),rhsMax =   2.38591632069074E-05  1.95754680052212E+00
 cg2d: Sum(rhs),rhsMax =   2.38622470476457E-05  1.95729378949488E+00
 cg2d: Sum(rhs),rhsMax =   2.38653389317278E-05  1.95704023012244E+00
 cg2d: Sum(rhs),rhsMax =   2.38684379922915E-05  1.95678612386098E+00
 cg2d: Sum(rhs),rhsMax =   2.38715444851323E-05  1.95653147217216E+00
 cg2d: Sum(rhs),rhsMax =   2.38746581828764E-05  1.95627627652381E+00
 cg2d: Sum(rhs),rhsMax =   2.38777801087053E-05  1.95602053839071E+00
 cg2d: Sum(rhs),rhsMax =   2.38809091115399E-05  1.95576425925512E+00
 cg2d: Sum(rhs),rhsMax =   2.38840451771694E-05  1.95550744060733E+00
 cg2d: Sum(rhs),rhsMax =   2.38871892435100E-05  1.95525008394688E+00
 cg2d: Sum(rhs),rhsMax =   2.38903403584345E-05  1.95499219078361E+00
 cg2d: Sum(rhs),rhsMax =   2.38934987493167E-05  1.95473376263827E+00
 cg2d: Sum(rhs),rhsMax =   2.38966641319394E-05  1.95447480104255E+00
 cg2d: Sum(rhs),rhsMax =   2.38998373589538E-05  1.95421530753927E+00
 cg2d: Sum(rhs),rhsMax =   2.39030172366483E-05  1.95395528368280E+00
 cg2d: Sum(rhs),rhsMax =   2.39062057403316E-05  1.95369473103956E+00
 cg2d: Sum(rhs),rhsMax =   2.39094005820562E-05  1.95343365118852E+00
 cg2d: Sum(rhs),rhsMax =   2.39126034955461E-05  1.95317204572155E+00
 cg2d: Sum(rhs),rhsMax =   2.39158133581441E-05  1.95290991624362E+00
 cg2d: Sum(rhs),rhsMax =   2.39190301130066E-05  1.95264726437302E+00
 cg2d: Sum(rhs),rhsMax =   2.39222546269957E-05  1.95238409174134E+00
 cg2d: Sum(rhs),rhsMax =   2.39254857206106E-05  1.95212039999356E+00
 cg2d: Sum(rhs),rhsMax =   2.39287242465025E-05  1.95185619078800E+00
 cg2d: Sum(rhs),rhsMax =   2.39319703894125E-05  1.95159146579620E+00
 cg2d: Sum(rhs),rhsMax =   2.39352231545809E-05  1.95132622670284E+00
 cg2d: Sum(rhs),rhsMax =   2.39384828404354E-05  1.95106047520545E+00
 cg2d: Sum(rhs),rhsMax =   2.39417504985795E-05  1.95079421301418E+00
 cg2d: Sum(rhs),rhsMax =   2.39450248642470E-05  1.95052744185156E+00
 cg2d: Sum(rhs),rhsMax =   2.39483064348178E-05  1.95026016345194E+00
 cg2d: Sum(rhs),rhsMax =   2.39515951818703E-05  1.94999237956131E+00
 cg2d: Sum(rhs),rhsMax =   2.39548913185672E-05  1.94972409193664E+00
 cg2d: Sum(rhs),rhsMax =   2.39581940348899E-05  1.94945530234553E+00
 cg2d: Sum(rhs),rhsMax =   2.39615039987484E-05  1.94918601256559E+00
 cg2d: Sum(rhs),rhsMax =   2.39648212954080E-05  1.94891622438392E+00
 cg2d: Sum(rhs),rhsMax =   2.39681448022111E-05  1.94864593959649E+00
 cg2d: Sum(rhs),rhsMax =   2.39714759686649E-05  1.94837516000756E+00
 cg2d: Sum(rhs),rhsMax =   2.39748141268592E-05  1.94810388742909E+00
 cg2d: Sum(rhs),rhsMax =   2.39781592767940E-05  1.94783212368003E+00
 cg2d: Sum(rhs),rhsMax =   2.39815108642460E-05  1.94755987058574E+00
 cg2d: Sum(rhs),rhsMax =   2.39848700971379E-05  1.94728712997736E+00
 cg2d: Sum(rhs),rhsMax =   2.39882358243904E-05  1.94701390369115E+00
 cg2d: Sum(rhs),rhsMax =   2.39916085718050E-05  1.94674019356791E+00
 cg2d: Sum(rhs),rhsMax =   2.39949881546409E-05  1.94646600145227E+00
 cg2d: Sum(rhs),rhsMax =   2.39983742744698E-05  1.94619132919223E+00
 cg2d: Sum(rhs),rhsMax =   2.40017674855153E-05  1.94591617863843E+00
 cg2d: Sum(rhs),rhsMax =   2.40051676598796E-05  1.94564055164368E+00
 cg2d: Sum(rhs),rhsMax =   2.40085748970387E-05  1.94536445006231E+00
 cg2d: Sum(rhs),rhsMax =   2.40119886996126E-05  1.94508787574976E+00
 cg2d: Sum(rhs),rhsMax =   2.40154091954992E-05  1.94481083056189E+00
 cg2d: Sum(rhs),rhsMax =   2.40188369104999E-05  1.94453331635457E+00
 cg2d: Sum(rhs),rhsMax =   2.40222710061744E-05  1.94425533498322E+00
 cg2d: Sum(rhs),rhsMax =   2.40257117383180E-05  1.94397688830227E+00
 cg2d: Sum(rhs),rhsMax =   2.40291595048348E-05  1.94369797816473E+00
 cg2d: Sum(rhs),rhsMax =   2.40326136662361E-05  1.94341860642183E+00
 cg2d: Sum(rhs),rhsMax =   2.40360748477997E-05  1.94313877492252E+00
 cg2d: Sum(rhs),rhsMax =   2.40395416852834E-05  1.94285848551315E+00
 cg2d: Sum(rhs),rhsMax =   2.40430163671590E-05  1.94257774003710E+00
 cg2d: Sum(rhs),rhsMax =   2.40464974297083E-05  1.94229654033446E+00
 cg2d: Sum(rhs),rhsMax =   2.40499844323949E-05  1.94201488824175E+00
 cg2d: Sum(rhs),rhsMax =   2.40534791799973E-05  1.94173278559160E+00
 cg2d: Sum(rhs),rhsMax =   2.40569797114176E-05  1.94145023421258E+00
 cg2d: Sum(rhs),rhsMax =   2.40604865666683E-05  1.94116723592896E+00
 cg2d: Sum(rhs),rhsMax =   2.40640005699788E-05  1.94088379256063E+00
 cg2d: Sum(rhs),rhsMax =   2.40675204707941E-05  1.94059990592287E+00
 cg2d: Sum(rhs),rhsMax =   2.40710473633499E-05  1.94031557782640E+00
 cg2d: Sum(rhs),rhsMax =   2.40745805086817E-05  1.94003081007730E+00
 cg2d: Sum(rhs),rhsMax =   2.40781201483742E-05  1.93974560447707E+00
 cg2d: Sum(rhs),rhsMax =   2.40816667229637E-05  1.93945996282265E+00
 cg2d: Sum(rhs),rhsMax =   2.40852193797991E-05  1.93917388690661E+00
 cg2d: Sum(rhs),rhsMax =   2.40887783036214E-05  1.93888737851730E+00
 cg2d: Sum(rhs),rhsMax =   2.40923440912866E-05  1.93860043943904E+00
 cg2d: Sum(rhs),rhsMax =   2.40959155632936E-05  1.93831307145244E+00
 cg2d: Sum(rhs),rhsMax =   2.40994944959994E-05  1.93802527633470E+00
 cg2d: Sum(rhs),rhsMax =   2.41030785304019E-05  1.93773705585992E+00
 cg2d: Sum(rhs),rhsMax =   2.41066686612612E-05  1.93744841179954E+00
 cg2d: Sum(rhs),rhsMax =   2.41102666507231E-05  1.93715934592277E+00
 cg2d: Sum(rhs),rhsMax =   2.41138702818944E-05  1.93686985999702E+00
 cg2d: Sum(rhs),rhsMax =   2.41174796968835E-05  1.93657995578836E+00
 cg2d: Sum(rhs),rhsMax =   2.41210960894023E-05  1.93628963506207E+00
 cg2d: Sum(rhs),rhsMax =   2.41247183936366E-05  1.93599889958321E+00
 cg2d: Sum(rhs),rhsMax =   2.41283469790687E-05  1.93570775111698E+00
 cg2d: Sum(rhs),rhsMax =   2.41319817604335E-05  1.93541619142945E+00
 cg2d: Sum(rhs),rhsMax =   2.41356227519418E-05  1.93512422228800E+00
 cg2d: Sum(rhs),rhsMax =   2.41392702093890E-05  1.93483184546186E+00
 cg2d: Sum(rhs),rhsMax =   2.41429227685330E-05  1.93453906272272E+00
 cg2d: Sum(rhs),rhsMax =   2.41465830441712E-05  1.93424587584512E+00
 cg2d: Sum(rhs),rhsMax =   2.41502488762535E-05  1.93395228660708E+00
 cg2d: Sum(rhs),rhsMax =   2.41539203926777E-05  1.93365829679052E+00
 cg2d: Sum(rhs),rhsMax =   2.41575979771369E-05  1.93336390818176E+00
 cg2d: Sum(rhs),rhsMax =   2.41612822406978E-05  1.93306912257192E+00
 cg2d: Sum(rhs),rhsMax =   2.41649719470161E-05  1.93277394175736E+00
 cg2d: Sum(rhs),rhsMax =   2.41686680482189E-05  1.93247836754012E+00
 cg2d: Sum(rhs),rhsMax =   2.41723703027219E-05  1.93218240172810E+00
 cg2d: Sum(rhs),rhsMax =   2.41760778010303E-05  1.93188604613561E+00
 cg2d: Sum(rhs),rhsMax =   2.41797924331877E-05  1.93158930258348E+00
 cg2d: Sum(rhs),rhsMax =   2.41835126928436E-05  1.93129217289938E+00
 cg2d: Sum(rhs),rhsMax =   2.41872382673591E-05  1.93099465891802E+00
 cg2d: Sum(rhs),rhsMax =   2.41909704072896E-05  1.93069676248135E+00
 cg2d: Sum(rhs),rhsMax =   2.41947083878813E-05  1.93039848543867E+00
 cg2d: Sum(rhs),rhsMax =   2.41984521522909E-05  1.93009982964677E+00
 cg2d: Sum(rhs),rhsMax =   2.42022016436749E-05  1.92980079696998E+00
 cg2d: Sum(rhs),rhsMax =   2.42059570325637E-05  1.92950138928022E+00
 cg2d: Sum(rhs),rhsMax =   2.42097189300239E-05  1.92920160845700E+00
 cg2d: Sum(rhs),rhsMax =   2.42134857728615E-05  1.92890145638736E+00
 cg2d: Sum(rhs),rhsMax =   2.42172587832101E-05  1.92860093496592E+00
 cg2d: Sum(rhs),rhsMax =   2.42210376768526E-05  1.92830004609460E+00
 cg2d: Sum(rhs),rhsMax =   2.42248221837826E-05  1.92799879168270E+00
 cg2d: Sum(rhs),rhsMax =   2.42286125597957E-05  1.92769717364660E+00
 cg2d: Sum(rhs),rhsMax =   2.42324093164825E-05  1.92739519390969E+00
 cg2d: Sum(rhs),rhsMax =   2.42362109474925E-05  1.92709285440207E+00
 cg2d: Sum(rhs),rhsMax =   2.42389370583851E-05  1.92687609285330E+00
 cg2d: Sum(rhs),rhsMax =   2.42373641157201E-05  1.92700112556741E+00
 cg2d: Sum(rhs),rhsMax =   2.42357983637476E-05  1.92712563741438E+00
 cg2d: Sum(rhs),rhsMax =   2.42342389640271E-05  1.92724962797131E+00
 cg2d: Sum(rhs),rhsMax =   2.42326865418363E-05  1.92737309681775E+00
 cg2d: Sum(rhs),rhsMax =   2.42311409550666E-05  1.92749604353516E+00
 cg2d: Sum(rhs),rhsMax =   2.42296021042421E-05  1.92761846770645E+00
 cg2d: Sum(rhs),rhsMax =   2.42280692788199E-05  1.92774036891553E+00
 cg2d: Sum(rhs),rhsMax =   2.42265443120004E-05  1.92786174674685E+00
 cg2d: Sum(rhs),rhsMax =   2.42250251574205E-05  1.92798260078501E+00
 cg2d: Sum(rhs),rhsMax =   2.42235145719860E-05  1.92810293061439E+00
 cg2d: Sum(rhs),rhsMax =   2.42220094008871E-05  1.92822273581884E+00
 cg2d: Sum(rhs),rhsMax =   2.42205106388838E-05  1.92834201598136E+00
 cg2d: Sum(rhs),rhsMax =   2.42190190391511E-05  1.92846077068384E+00
 cg2d: Sum(rhs),rhsMax =   2.42175348148521E-05  1.92857899950687E+00
 cg2d: Sum(rhs),rhsMax =   2.42160564596361E-05  1.92869670202955E+00
 cg2d: Sum(rhs),rhsMax =   2.42145853661668E-05  1.92881387782936E+00
 cg2d: Sum(rhs),rhsMax =   2.42131212502272E-05  1.92893052648206E+00
 cg2d: Sum(rhs),rhsMax =   2.42116633870637E-05  1.92904664756169E+00
 cg2d: Sum(rhs),rhsMax =   2.42102126719601E-05  1.92916224064055E+00
 cg2d: Sum(rhs),rhsMax =   2.42087688349102E-05  1.92927730528918E+00
 cg2d: Sum(rhs),rhsMax =   2.42073317622271E-05  1.92939184107660E+00
 cg2d: Sum(rhs),rhsMax =   2.42059010702178E-05  1.92950584757031E+00
 cg2d: Sum(rhs),rhsMax =   2.42044778673289E-05  1.92961932433642E+00
 cg2d: Sum(rhs),rhsMax =   2.42030611303790E-05  1.92973227094002E+00
 cg2d: Sum(rhs),rhsMax =   2.42016513993804E-05  1.92984468694526E+00
 cg2d: Sum(rhs),rhsMax =   2.42002474664105E-05  1.92995657191600E+00
 cg2d: Sum(rhs),rhsMax =   2.41988521310077E-05  1.93006792541616E+00
 cg2d: Sum(rhs),rhsMax =   2.41974623094166E-05  1.93017874700990E+00
 cg2d: Sum(rhs),rhsMax =   2.41960797779939E-05  1.93028903626195E+00
 cg2d: Sum(rhs),rhsMax =   2.41947040819923E-05  1.93039879273792E+00
 cg2d: Sum(rhs),rhsMax =   2.41933355624724E-05  1.93050801600490E+00
 cg2d: Sum(rhs),rhsMax =   2.41919736367890E-05  1.93061670563192E+00
 cg2d: Sum(rhs),rhsMax =   2.41906186175811E-05  1.93072486119059E+00
 cg2d: Sum(rhs),rhsMax =   2.41892701353663E-05  1.93083248225558E+00
 cg2d: Sum(rhs),rhsMax =   2.41879285027835E-05  1.93093956840517E+00
 cg2d: Sum(rhs),rhsMax =   2.41865940466823E-05  1.93104611922190E+00
 cg2d: Sum(rhs),rhsMax =   2.41852665965325E-05  1.93115213429295E+00
 cg2d: Sum(rhs),rhsMax =   2.41839450865200E-05  1.93125761321089E+00
 cg2d: Sum(rhs),rhsMax =   2.41826312787907E-05  1.93136255557079E+00
 cg2d: Sum(rhs),rhsMax =   2.41813237948918E-05  1.93146696097379E+00
 cg2d: Sum(rhs),rhsMax =   2.41800236864265E-05  1.93157082903318E+00
 cg2d: Sum(rhs),rhsMax =   2.41787303707497E-05  1.93167415937409E+00
 cg2d: Sum(rhs),rhsMax =   2.41774437910180E-05  1.93177695162878E+00
 cg2d: Sum(rhs),rhsMax =   2.41761634356408E-05  1.93187920543446E+00
 cg2d: Sum(rhs),rhsMax =   2.41748908393902E-05  1.93198092043423E+00
 cg2d: Sum(rhs),rhsMax =   2.41736248227653E-05  1.93208209627978E+00
 cg2d: Sum(rhs),rhsMax =   2.41723664231586E-05  1.93218273263319E+00
 cg2d: Sum(rhs),rhsMax =   2.41711134947309E-05  1.93228282916775E+00
 cg2d: Sum(rhs),rhsMax =   2.41698684959601E-05  1.93238238556810E+00
 cg2d: Sum(rhs),rhsMax =   2.41686301194477E-05  1.93248140153036E+00
 cg2d: Sum(rhs),rhsMax =   2.41673988909952E-05  1.93257987676211E+00
 cg2d: Sum(rhs),rhsMax =   2.41661741995358E-05  1.93267781098243E+00
 cg2d: Sum(rhs),rhsMax =   2.41649563861301E-05  1.93277520392224E+00
 cg2d: Sum(rhs),rhsMax =   2.41637453939347E-05  1.93287205532430E+00
 cg2d: Sum(rhs),rhsMax =   2.41625413082147E-05  1.93296836494340E+00
 cg2d: Sum(rhs),rhsMax =   2.41613443705546E-05  1.93306413254658E+00
 cg2d: Sum(rhs),rhsMax =   2.41601541546288E-05  1.93315935791309E+00
 cg2d: Sum(rhs),rhsMax =   2.41589715130885E-05  1.93325404083445E+00
 cg2d: Sum(rhs),rhsMax =   2.41577946695770E-05  1.93334818111449E+00
 cg2d: Sum(rhs),rhsMax =   2.41566247751734E-05  1.93344177856920E+00
 cg2d: Sum(rhs),rhsMax =   2.41554625830531E-05  1.93353483302670E+00
 cg2d: Sum(rhs),rhsMax =   2.41543065158112E-05  1.93362734432698E+00
 cg2d: Sum(rhs),rhsMax =   2.41531578524246E-05  1.93371931232188E+00
 cg2d: Sum(rhs),rhsMax =   2.41520158823505E-05  1.93381073687466E+00
 cg2d: Sum(rhs),rhsMax =   2.41508814724511E-05  1.93390161785990E+00
 cg2d: Sum(rhs),rhsMax =   2.41497530879542E-05  1.93399195516312E+00
 cg2d: Sum(rhs),rhsMax =   2.41486317236195E-05  1.93408174868051E+00
 cg2d: Sum(rhs),rhsMax =   2.41475173226036E-05  1.93417099831864E+00
 cg2d: Sum(rhs),rhsMax =   2.41464103680755E-05  1.93425970399398E+00
 cg2d: Sum(rhs),rhsMax =   2.41453097515887E-05  1.93434786563261E+00
 cg2d: Sum(rhs),rhsMax =   2.41442161836858E-05  1.93443548316979E+00
 cg2d: Sum(rhs),rhsMax =   2.41431293943606E-05  1.93452255654951E+00
 cg2d: Sum(rhs),rhsMax =   2.41420498241496E-05  1.93460908572399E+00
 cg2d: Sum(rhs),rhsMax =   2.41409762224976E-05  1.93469507065331E+00
 cg2d: Sum(rhs),rhsMax =   2.41399110478824E-05  1.93478051130479E+00
 cg2d: Sum(rhs),rhsMax =   2.41388514723440E-05  1.93486540765253E+00
 cg2d: Sum(rhs),rhsMax =   2.41377989738112E-05  1.93494975967693E+00
 cg2d: Sum(rhs),rhsMax =   2.41367537938686E-05  1.93503356736409E+00
 cg2d: Sum(rhs),rhsMax =   2.41357150798649E-05  1.93511683070533E+00
 cg2d: Sum(rhs),rhsMax =   2.41346830591738E-05  1.93519954969665E+00
 cg2d: Sum(rhs),rhsMax =   2.41336585418139E-05  1.93528172433821E+00
 cg2d: Sum(rhs),rhsMax =   2.41326405472364E-05  1.93536335463378E+00
 cg2d: Sum(rhs),rhsMax =   2.41316292601823E-05  1.93544444059029E+00
 cg2d: Sum(rhs),rhsMax =   2.41306247801276E-05  1.93552498211064E+00
 cg2d: Sum(rhs),rhsMax =   2.41296286418446E-05  1.93560497934078E+00
 cg2d: Sum(rhs),rhsMax =   2.41286375484151E-05  1.93568443236262E+00
 cg2d: Sum(rhs),rhsMax =   2.41276539867386E-05  1.93576334120850E+00
 cg2d: Sum(rhs),rhsMax =   2.41266778857607E-05  1.93584170590901E+00
 cg2d: Sum(rhs),rhsMax =   2.41257070285883E-05  1.93591952650840E+00
 cg2d: Sum(rhs),rhsMax =   2.41247447689830E-05  1.93599680306216E+00
 cg2d: Sum(rhs),rhsMax =   2.41237879663458E-05  1.93607353563158E+00
 cg2d: Sum(rhs),rhsMax =   2.41228388944137E-05  1.93614972428041E+00
 cg2d: Sum(rhs),rhsMax =   2.41218969421197E-05  1.93622536907378E+00
 cg2d: Sum(rhs),rhsMax =   2.41209614415538E-05  1.93630047007767E+00
 cg2d: Sum(rhs),rhsMax =   2.41200320232338E-05  1.93637502735829E+00
 cg2d: Sum(rhs),rhsMax =   2.41191108472094E-05  1.93644904098142E+00
 cg2d: Sum(rhs),rhsMax =   2.41181957250092E-05  1.93652250252633E+00
 cg2d: Sum(rhs),rhsMax =   2.41172870687478E-05  1.93659542494138E+00
 cg2d: Sum(rhs),rhsMax =   2.41163858163418E-05  1.93666780956681E+00
 cg2d: Sum(rhs),rhsMax =   2.41154909446095E-05  1.93673965443633E+00
 cg2d: Sum(rhs),rhsMax =   2.41146039741125E-05  1.93681095876450E+00
 cg2d: Sum(rhs),rhsMax =   2.41137226026922E-05  1.93688172305862E+00
 cg2d: Sum(rhs),rhsMax =   2.41128479956387E-05  1.93695194835573E+00
 cg2d: Sum(rhs),rhsMax =   2.41119807782297E-05  1.93702163569816E+00
 cg2d: Sum(rhs),rhsMax =   2.41111195009580E-05  1.93709078600101E+00
 cg2d: Sum(rhs),rhsMax =   2.41102659117587E-05  1.93715940008478E+00
 cg2d: Sum(rhs),rhsMax =   2.41094188027091E-05  1.93722747871044E+00
 cg2d: Sum(rhs),rhsMax =   2.41085781880201E-05  1.93729502258977E+00
 cg2d: Sum(rhs),rhsMax =   2.41077443234872E-05  1.93736203238475E+00
 cg2d: Sum(rhs),rhsMax =   2.41069170101582E-05  1.93742850870493E+00
 cg2d: Sum(rhs),rhsMax =   2.41060963048767E-05  1.93749445210554E+00
 cg2d: Sum(rhs),rhsMax =   2.41052827476551E-05  1.93755986308562E+00
 cg2d: Sum(rhs),rhsMax =   2.41044757274267E-05  1.93762474208679E+00
 cg2d: Sum(rhs),rhsMax =   2.41036752441914E-05  1.93768908949267E+00
 cg2d: Sum(rhs),rhsMax =   2.41028813405819E-05  1.93775290562894E+00
 cg2d: Sum(rhs),rhsMax =   2.41020943576586E-05  1.93781619076394E+00
 cg2d: Sum(rhs),rhsMax =   2.41013133290835E-05  1.93787894510989E+00
 cg2d: Sum(rhs),rhsMax =   2.41005398891048E-05  1.93794116882417E+00
 cg2d: Sum(rhs),rhsMax =   2.40997724887393E-05  1.93800286201072E+00
 cg2d: Sum(rhs),rhsMax =   2.40990121653795E-05  1.93806402472151E+00
 cg2d: Sum(rhs),rhsMax =   2.40982577679461E-05  1.93812465695775E+00
 cg2d: Sum(rhs),rhsMax =   2.40975107175245E-05  1.93818475867141E+00
 cg2d: Sum(rhs),rhsMax =   2.40967704598916E-05  1.93824432976696E+00
 cg2d: Sum(rhs),rhsMax =   2.40960360429199E-05  1.93830337010372E+00
 cg2d: Sum(rhs),rhsMax =   2.40953179968528E-05  1.93836116374458E+00
 cg2d: Sum(rhs),rhsMax =   2.40946038445600E-05  1.93841858696362E+00
 cg2d: Sum(rhs),rhsMax =   2.40938969398030E-05  1.93847548318522E+00
 cg2d: Sum(rhs),rhsMax =   2.40931965578284E-05  1.93853178992264E+00
 cg2d: Sum(rhs),rhsMax =   2.40925050718488E-05  1.93858751077426E+00
 cg2d: Sum(rhs),rhsMax =   2.40918189717831E-05  1.93864264031375E+00
 cg2d: Sum(rhs),rhsMax =   2.40911417961343E-05  1.93869716740906E+00
 cg2d: Sum(rhs),rhsMax =   2.40904715411716E-05  1.93875108139125E+00
 cg2d: Sum(rhs),rhsMax =   2.40898099548303E-05  1.93880437238558E+00
 cg2d: Sum(rhs),rhsMax =   2.40891552607536E-05  1.93885703098420E+00
 cg2d: Sum(rhs),rhsMax =   2.40885095337262E-05  1.93890904830724E+00
 cg2d: Sum(rhs),rhsMax =   2.40878708979153E-05  1.93896041614862E+00
 cg2d: Sum(rhs),rhsMax =   2.40872406465087E-05  1.93901112707560E+00
 cg2d: Sum(rhs),rhsMax =   2.40866189784583E-05  1.93906117449155E+00
 cg2d: Sum(rhs),rhsMax =   2.40860062206139E-05  1.93911055268215E+00
 cg2d: Sum(rhs),rhsMax =   2.40854008097813E-05  1.93915925685242E+00
 cg2d: Sum(rhs),rhsMax =   2.40848047923237E-05  1.93920728315589E+00
 cg2d: Sum(rhs),rhsMax =   2.40842166476796E-05  1.93925462871607E+00
 cg2d: Sum(rhs),rhsMax =   2.40836372000786E-05  1.93930129164061E+00
 cg2d: Sum(rhs),rhsMax =   2.40830660231950E-05  1.93934727102770E+00
 cg2d: Sum(rhs),rhsMax =   2.40825038559933E-05  1.93939256696487E+00
 cg2d: Sum(rhs),rhsMax =   2.40819494194966E-05  1.93943718051995E+00
 cg2d: Sum(rhs),rhsMax =   2.40814033958259E-05  1.93948111372413E+00
 cg2d: Sum(rhs),rhsMax =   2.40808673908077E-05  1.93952436954728E+00
 cg2d: Sum(rhs),rhsMax =   2.40803382069998E-05  1.93956695186583E+00
 cg2d: Sum(rhs),rhsMax =   2.40798177628676E-05  1.93960886542414E+00
 cg2d: Sum(rhs),rhsMax =   2.40793059873567E-05  1.93965011578958E+00
 cg2d: Sum(rhs),rhsMax =   2.40788021557137E-05  1.93969070930236E+00
 cg2d: Sum(rhs),rhsMax =   2.40783060121430E-05  1.93973065302062E+00
 cg2d: Sum(rhs),rhsMax =   2.40778180824464E-05  1.93976995466102E+00
 cg2d: Sum(rhs),rhsMax =   2.40773378550330E-05  1.93980862253559E+00
 cg2d: Sum(rhs),rhsMax =   2.40768658557045E-05  1.93984666548453E+00
 cg2d: Sum(rhs),rhsMax =   2.40764014449724E-05  1.93988409280587E+00
 cg2d: Sum(rhs),rhsMax =   2.40759449496863E-05  1.93992091418178E+00
 cg2d: Sum(rhs),rhsMax =   2.40754946219113E-05  1.93995713960242E+00
 cg2d: Sum(rhs),rhsMax =   2.40750523943234E-05  1.93999277928756E+00
 cg2d: Sum(rhs),rhsMax =   2.40746174142714E-05  1.94002784360684E+00
 cg2d: Sum(rhs),rhsMax =   2.40741890706886E-05  1.94006234299925E+00
 cg2d: Sum(rhs),rhsMax =   2.40737683725456E-05  1.94009628789244E+00
 cg2d: Sum(rhs),rhsMax =   2.40733537566484E-05  1.94012968862282E+00
 cg2d: Sum(rhs),rhsMax =   2.40729459193290E-05  1.94016255535674E+00
 cg2d: Sum(rhs),rhsMax =   2.40725448463763E-05  1.94019489801365E+00
 cg2d: Sum(rhs),rhsMax =   2.40721495003982E-05  1.94022672619172E+00
 cg2d: Sum(rhs),rhsMax =   2.40717610324737E-05  1.94025804909643E+00
 cg2d: Sum(rhs),rhsMax =   2.40713789168012E-05  1.94028887547279E+00
 cg2d: Sum(rhs),rhsMax =   2.40710024570490E-05  1.94031921354150E+00
 cg2d: Sum(rhs),rhsMax =   2.40706315963735E-05  1.94034907093966E+00
 cg2d: Sum(rhs),rhsMax =   2.40702670453175E-05  1.94037845466644E+00
 cg2d: Sum(rhs),rhsMax =   2.40699085480856E-05  1.94040737103400E+00
 cg2d: Sum(rhs),rhsMax =   2.40695556641413E-05  1.94043582562415E+00
 cg2d: Sum(rhs),rhsMax =   2.40692079813698E-05  1.94046382325088E+00
 cg2d: Sum(rhs),rhsMax =   2.40688666508504E-05  1.94049136792924E+00
 cg2d: Sum(rhs),rhsMax =   2.40685308909860E-05  1.94051846285052E+00
 cg2d: Sum(rhs),rhsMax =   2.40682005312465E-05  1.94054511036405E+00
 cg2d: Sum(rhs),rhsMax =   2.40678751879386E-05  1.94057131196565E+00
 cg2d: Sum(rhs),rhsMax =   2.40675556710812E-05  1.94059706829285E+00
 cg2d: Sum(rhs),rhsMax =   2.40672414690835E-05  1.94062237912678E+00
 cg2d: Sum(rhs),rhsMax =   2.40669334345966E-05  1.94064724340078E+00
 cg2d: Sum(rhs),rhsMax =   2.40666308428672E-05  1.94067165921554E+00
 cg2d: Sum(rhs),rhsMax =   2.40663337933711E-05  1.94069562386081E+00
 cg2d: Sum(rhs),rhsMax =   2.40660419734695E-05  1.94071913384324E+00
 cg2d: Sum(rhs),rhsMax =   2.40657558947532E-05  1.94074218492022E+00
 cg2d: Sum(rhs),rhsMax =   2.40654758556502E-05  1.94076477213967E+00
 cg2d: Sum(rhs),rhsMax =   2.40652018987930E-05  1.94078688988486E+00
 cg2d: Sum(rhs),rhsMax =   2.40649333989040E-05  1.94080853192457E+00
 cg2d: Sum(rhs),rhsMax =   2.40646711233694E-05  1.94082969146775E+00
 cg2d: Sum(rhs),rhsMax =   2.40644150011349E-05  1.94085036122222E+00
 cg2d: Sum(rhs),rhsMax =   2.40641642790251E-05  1.94087053345723E+00
 cg2d: Sum(rhs),rhsMax =   2.40639210176141E-05  1.94089020006911E+00
 cg2d: Sum(rhs),rhsMax =   2.40636832984364E-05  1.94090935264947E+00
 cg2d: Sum(rhs),rhsMax =   2.40634529689032E-05  1.94092798255574E+00
 cg2d: Sum(rhs),rhsMax =   2.40632273289521E-05  1.94094608098307E+00
 cg2d: Sum(rhs),rhsMax =   2.40630102155137E-05  1.94096363903735E+00
 cg2d: Sum(rhs),rhsMax =   2.40627996248577E-05  1.94098064780879E+00
 cg2d: Sum(rhs),rhsMax =   2.40625954148754E-05  1.94099709844525E+00
 cg2d: Sum(rhs),rhsMax =   2.40623991913935E-05  1.94101298222510E+00
 cg2d: Sum(rhs),rhsMax =   2.40622086806752E-05  1.94102829062901E+00
 cg2d: Sum(rhs),rhsMax =   2.40620261564573E-05  1.94104301540993E+00
 cg2d: Sum(rhs),rhsMax =   2.40618510218837E-05  1.94105714866089E+00
 cg2d: Sum(rhs),rhsMax =   2.40616837174912E-05  1.94107068288038E+00
 cg2d: Sum(rhs),rhsMax =   2.40615230779895E-05  1.94108361103421E+00
 cg2d: Sum(rhs),rhsMax =   2.40613703255121E-05  1.94109592661404E+00
 cg2d: Sum(rhs),rhsMax =   2.40612253605832E-05  1.94110762369178E+00
 cg2d: Sum(rhs),rhsMax =   2.40610885668957E-05  1.94111869696936E+00
 cg2d: Sum(rhs),rhsMax =   2.40609589639007E-05  1.94112914182407E+00
 cg2d: Sum(rhs),rhsMax =   2.40608371200324E-05  1.94113895434824E+00
 cg2d: Sum(rhs),rhsMax =   2.40607233195078E-05  1.94114813138375E+00
 cg2d: Sum(rhs),rhsMax =   2.40606177044356E-05  1.94115667055087E+00
 cg2d: Sum(rhs),rhsMax =   2.40605196495380E-05  1.94116457027098E+00
 cg2d: Sum(rhs),rhsMax =   2.40604296095626E-05  1.94117182978342E+00
 cg2d: Sum(rhs),rhsMax =   2.40603473997680E-05  1.94117844915598E+00
 cg2d: Sum(rhs),rhsMax =   2.40602731906847E-05  1.94118442928934E+00
 cg2d: Sum(rhs),rhsMax =   2.40602078349639E-05  1.94118977191518E+00
 cg2d: Sum(rhs),rhsMax =   2.40601484478020E-05  1.94119447958814E+00
 cg2d: Sum(rhs),rhsMax =   2.40600981555872E-05  1.94119855567164E+00
 cg2d: Sum(rhs),rhsMax =   2.40600555940773E-05  1.94120200431781E+00
 cg2d: Sum(rhs),rhsMax =   2.40600206780073E-05  1.94120483044154E+00
 cg2d: Sum(rhs),rhsMax =   2.40599932936902E-05  1.94120703968907E+00
 cg2d: Sum(rhs),rhsMax =   2.40599730005897E-05  1.94120863840118E+00
 cg2d: Sum(rhs),rhsMax =   2.40599607508329E-05  1.94120963357145E+00
 cg2d: Sum(rhs),rhsMax =   2.40599562886246E-05  1.94121003279978E+00
 cg2d: Sum(rhs),rhsMax =   2.40599583491985E-05  1.94120984424158E+00
 cg2d: Sum(rhs),rhsMax =   2.40599681973208E-05  1.94120907655319E+00
 cg2d: Sum(rhs),rhsMax =   2.40599843834843E-05  1.94120773883348E+00
 cg2d: Sum(rhs),rhsMax =   2.40600080729791E-05  1.94120584056279E+00
 cg2d: Sum(rhs),rhsMax =   2.40600383136780E-05  1.94120339153887E+00
 cg2d: Sum(rhs),rhsMax =   2.40600754466413E-05  1.94120040181101E+00
 cg2d: Sum(rhs),rhsMax =   2.40601196850321E-05  1.94119688161238E+00
 cg2d: Sum(rhs),rhsMax =   2.40601691103848E-05  1.94119284129130E+00
 cg2d: Sum(rhs),rhsMax =   2.40602255985323E-05  1.94118829124181E+00
 cg2d: Sum(rhs),rhsMax =   2.40602882684016E-05  1.94118324183441E+00
 cg2d: Sum(rhs),rhsMax =   2.40603563526065E-05  1.94117770334685E+00
 cg2d: Sum(rhs),rhsMax =   2.40604316985582E-05  1.94117168589620E+00
 cg2d: Sum(rhs),rhsMax =   2.40605118335679E-05  1.94116519937203E+00
 cg2d: Sum(rhs),rhsMax =   2.40605980081909E-05  1.94115825337176E+00
 cg2d: Sum(rhs),rhsMax =   2.40606894266193E-05  1.94115085713825E+00
 cg2d: Sum(rhs),rhsMax =   2.40607869415044E-05  1.94114301950025E+00
 cg2d: Sum(rhs),rhsMax =   2.40608892028149E-05  1.94113474881606E+00
 cg2d: Sum(rhs),rhsMax =   2.40609973900519E-05  1.94112605292097E+00
 cg2d: Sum(rhs),rhsMax =   2.40611097837018E-05  1.94111693907848E+00
 cg2d: Sum(rhs),rhsMax =   2.40612279753805E-05  1.94110741393616E+00
 cg2d: Sum(rhs),rhsMax =   2.40613509134846E-05  1.94109748348588E+00
 cg2d: Sum(rhs),rhsMax =   2.40614792232918E-05  1.94108715302920E+00
 cg2d: Sum(rhs),rhsMax =   2.40616120095183E-05  1.94107642714763E+00
 cg2d: Sum(rhs),rhsMax =   2.40617500253393E-05  1.94106530967856E+00
 cg2d: Sum(rhs),rhsMax =   2.40618925317904E-05  1.94105380369633E+00
 cg2d: Sum(rhs),rhsMax =   2.40620403673120E-05  1.94104191149908E+00
 cg2d: Sum(rhs),rhsMax =   2.40621918834449E-05  1.94102963460112E+00
 cg2d: Sum(rhs),rhsMax =   2.40623492970826E-05  1.94101697373117E+00
 cg2d: Sum(rhs),rhsMax =   2.40625109171333E-05  1.94100392883589E+00
 cg2d: Sum(rhs),rhsMax =   2.40626775678265E-05  1.94099049908936E+00
 cg2d: Sum(rhs),rhsMax =   2.40628485101979E-05  1.94097668290780E+00
 cg2d: Sum(rhs),rhsMax =   2.40630249521701E-05  1.94096247796971E+00
 cg2d: Sum(rhs),rhsMax =   2.40632062400437E-05  1.94094788124112E+00
 cg2d: Sum(rhs),rhsMax =   2.40633918195954E-05  1.94093288900591E+00
 cg2d: Sum(rhs),rhsMax =   2.40635824582114E-05  1.94091749690060E+00
 cg2d: Sum(rhs),rhsMax =   2.40637782695785E-05  1.94090169995375E+00
 cg2d: Sum(rhs),rhsMax =   2.40639792110642E-05  1.94088549262934E+00
 cg2d: Sum(rhs),rhsMax =   2.40641855526746E-05  1.94086886887398E+00
 cg2d: Sum(rhs),rhsMax =   2.40643966975540E-05  1.94085182216731E+00
 cg2d: Sum(rhs),rhsMax =   2.40646135694078E-05  1.94083434557574E+00
 cg2d: Sum(rhs),rhsMax =   2.40648362535012E-05  1.94081643180838E+00
 cg2d: Sum(rhs),rhsMax =   2.40650631582184E-05  1.94079807327549E+00
 cg2d: Sum(rhs),rhsMax =   2.40652968699351E-05  1.94077926214828E+00
 cg2d: Sum(rhs),rhsMax =   2.40655353138663E-05  1.94075999042039E+00
 cg2d: Sum(rhs),rhsMax =   2.40657804368993E-05  1.94074024996985E+00
 cg2d: Sum(rhs),rhsMax =   2.40660309458463E-05  1.94072003262158E+00
 cg2d: Sum(rhs),rhsMax =   2.40662872101893E-05  1.94069933020978E+00
 cg2d: Sum(rhs),rhsMax =   2.40665505799598E-05  1.94067813463972E+00
 cg2d: Sum(rhs),rhsMax =   2.40668197051264E-05  1.94065643794863E+00
 cg2d: Sum(rhs),rhsMax =   2.40670950120148E-05  1.94063423236510E+00
 cg2d: Sum(rhs),rhsMax =   2.40673768701072E-05  1.94061151036664E+00
 cg2d: Sum(rhs),rhsMax =   2.40676649241323E-05  1.94058826473503E+00
 cg2d: Sum(rhs),rhsMax =   2.40679602967475E-05  1.94056448860909E+00
 cg2d: Sum(rhs),rhsMax =   2.40682621210908E-05  1.94054017553431E+00
 cg2d: Sum(rhs),rhsMax =   2.40685696439868E-05  1.94051531950935E+00
 cg2d: Sum(rhs),rhsMax =   2.40688850965398E-05  1.94048991502869E+00
 cg2d: Sum(rhs),rhsMax =   2.40692064750192E-05  1.94046395712160E+00
 cg2d: Sum(rhs),rhsMax =   2.40695357405230E-05  1.94043744138669E+00
 cg2d: Sum(rhs),rhsMax =   2.40698714861765E-05  1.94041036402220E+00
 cg2d: Sum(rhs),rhsMax =   2.40702147493721E-05  1.94038272185178E+00
 cg2d: Sum(rhs),rhsMax =   2.40705641800787E-05  1.94035451234540E+00
 cg2d: Sum(rhs),rhsMax =   2.40709215120205E-05  1.94032573363554E+00
 cg2d: Sum(rhs),rhsMax =   2.40712855230640E-05  1.94029638452843E+00
 cg2d: Sum(rhs),rhsMax =   2.40716569805954E-05  1.94026646451028E+00
 cg2d: Sum(rhs),rhsMax =   2.40720343214207E-05  1.94023597374868E+00
 cg2d: Sum(rhs),rhsMax =   2.40724201603371E-05  1.94020491308893E+00
 cg2d: Sum(rhs),rhsMax =   2.40728128773071E-05  1.94017328404564E+00
 cg2d: Sum(rhs),rhsMax =   2.40732120317944E-05  1.94014108878952E+00
 cg2d: Sum(rhs),rhsMax =   2.40736187180346E-05  1.94010833012956E+00
 cg2d: Sum(rhs),rhsMax =   2.40740321686417E-05  1.94007501149078E+00
 cg2d: Sum(rhs),rhsMax =   2.40744527246761E-05  1.94004113688780E+00
 cg2d: Sum(rhs),rhsMax =   2.40748800024448E-05  1.94000671089433E+00
 cg2d: Sum(rhs),rhsMax =   2.40753141440564E-05  1.93997173860894E+00
 cg2d: Sum(rhs),rhsMax =   2.40757549079262E-05  1.93993622561748E+00
 cg2d: Sum(rhs),rhsMax =   2.40762017824636E-05  1.93990017795217E+00
 cg2d: Sum(rhs),rhsMax =   2.40766559613803E-05  1.93986360204810E+00
 cg2d: Sum(rhs),rhsMax =   2.40771164499165E-05  1.93982650469708E+00
 cg2d: Sum(rhs),rhsMax =   2.40775829780659E-05  1.93978889299945E+00
 cg2d: Sum(rhs),rhsMax =   2.40780563416365E-05  1.93975077431426E+00
 cg2d: Sum(rhs),rhsMax =   2.40785353611273E-05  1.93971215620797E+00
 cg2d: Sum(rhs),rhsMax =   2.40790202923336E-05  1.93967304640221E+00
 cg2d: Sum(rhs),rhsMax =   2.40795123715998E-05  1.93963345272113E+00
 cg2d: Sum(rhs),rhsMax =   2.40800100783645E-05  1.93959338303835E+00
 cg2d: Sum(rhs),rhsMax =   2.40805126310306E-05  1.93955284522437E+00
 cg2d: Sum(rhs),rhsMax =   2.40810227154498E-05  1.93951184709438E+00
 cg2d: Sum(rhs),rhsMax =   2.40815370631253E-05  1.93947039635721E+00
 cg2d: Sum(rhs),rhsMax =   2.40820573793599E-05  1.93942850056552E+00
 cg2d: Sum(rhs),rhsMax =   2.40825825841284E-05  1.93938616689335E+00
 cg2d: Sum(rhs),rhsMax =   2.40831143969444E-05  1.93934340232871E+00
 cg2d: Sum(rhs),rhsMax =   2.40836502030106E-05  1.93930021386081E+00
 cg2d: Sum(rhs),rhsMax =   2.40841915086776E-05  1.93925660823464E+00
 cg2d: Sum(rhs),rhsMax =   2.40847388823795E-05  1.93921259167351E+00
 cg2d: Sum(rhs),rhsMax =   2.40852903914401E-05  1.93916816981225E+00
 cg2d: Sum(rhs),rhsMax =   2.40858469027216E-05  1.93912334776517E+00
 cg2d: Sum(rhs),rhsMax =   2.40864084304349E-05  1.93907813019870E+00
 cg2d: Sum(rhs),rhsMax =   2.40869753156403E-05  1.93903252134706E+00
 cg2d: Sum(rhs),rhsMax =   2.40875463646262E-05  1.93898652498007E+00
 cg2d: Sum(rhs),rhsMax =   2.40881227284717E-05  1.93894014436018E+00
 cg2d: Sum(rhs),rhsMax =   2.40887038529536E-05  1.93889338221192E+00
 cg2d: Sum(rhs),rhsMax =   2.40892891696376E-05  1.93884624070778E+00
 cg2d: Sum(rhs),rhsMax =   2.40898801564526E-05  1.93879872146424E+00
 cg2d: Sum(rhs),rhsMax =   2.40904750796744E-05  1.93875082554361E+00
 cg2d: Sum(rhs),rhsMax =   2.40910747635326E-05  1.93870255346012E+00
 cg2d: Sum(rhs),rhsMax =   2.40916791369727E-05  1.93865390518916E+00
 cg2d: Sum(rhs),rhsMax =   2.40922881573624E-05  1.93860488018043E+00
 cg2d: Sum(rhs),rhsMax =   2.40929028194614E-05  1.93855547737408E+00
 cg2d: Sum(rhs),rhsMax =   2.40935210769067E-05  1.93850569522024E+00
 cg2d: Sum(rhs),rhsMax =   2.40941446492116E-05  1.93845553170171E+00
 cg2d: Sum(rhs),rhsMax =   2.40947737637498E-05  1.93840498435972E+00
 cg2d: Sum(rhs),rhsMax =   2.40954062178389E-05  1.93835405032277E+00
 cg2d: Sum(rhs),rhsMax =   2.40960443562699E-05  1.93830272633856E+00
 cg2d: Sum(rhs),rhsMax =   2.40966875111326E-05  1.93825100880855E+00
 cg2d: Sum(rhs),rhsMax =   2.40973351708362E-05  1.93819889382503E+00
 cg2d: Sum(rhs),rhsMax =   2.40979880175018E-05  1.93814637721035E+00
 cg2d: Sum(rhs),rhsMax =   2.40986468327264E-05  1.93809345455760E+00
 cg2d: Sum(rhs),rhsMax =   2.40993091580322E-05  1.93804012127276E+00
 cg2d: Sum(rhs),rhsMax =   2.40999773097883E-05  1.93798637261755E+00
 cg2d: Sum(rhs),rhsMax =   2.41006512879949E-05  1.93793220375270E+00
 cg2d: Sum(rhs),rhsMax =   2.41013303110549E-05  1.93787760978154E+00
 cg2d: Sum(rhs),rhsMax =   2.41020139100101E-05  1.93782258579330E+00
 cg2d: Sum(rhs),rhsMax =   2.41027042591213E-05  1.93776712690618E+00
 cg2d: Sum(rhs),rhsMax =   2.41033998662488E-05  1.93771122830942E+00
 cg2d: Sum(rhs),rhsMax =   2.41041008735010E-05  1.93765488530479E+00
 cg2d: Sum(rhs),rhsMax =   2.41048073661432E-05  1.93759809334639E+00
 cg2d: Sum(rhs),rhsMax =   2.41055194294404E-05  1.93754084807926E+00
 cg2d: Sum(rhs),rhsMax =   2.41062371060252E-05  1.93748314537590E+00
 cg2d: Sum(rhs),rhsMax =   2.41069614332901E-05  1.93742498137094E+00
 cg2d: Sum(rhs),rhsMax =   2.41076903932935E-05  1.93736635249332E+00
 cg2d: Sum(rhs),rhsMax =   2.41084262313507E-05  1.93730725549597E+00
 cg2d: Sum(rhs),rhsMax =   2.41091669721527E-05  1.93724768748289E+00
 cg2d: Sum(rhs),rhsMax =   2.41099139799417E-05  1.93718764593309E+00
 cg2d: Sum(rhs),rhsMax =   2.41106672547176E-05  1.93712712872171E+00
 cg2d: Sum(rhs),rhsMax =   2.41114269101672E-05  1.93706613413776E+00
 cg2d: Sum(rhs),rhsMax =   2.41121917241571E-05  1.93700466089872E+00
 cg2d: Sum(rhs),rhsMax =   2.41129631319836E-05  1.93694270816172E+00
 cg2d: Sum(rhs),rhsMax =   2.41137405225800E-05  1.93688027553133E+00
 cg2d: Sum(rhs),rhsMax =   2.41145236685725E-05  1.93681736306395E+00
 cg2d: Sum(rhs),rhsMax =   2.41153128399674E-05  1.93675397126872E+00
 cg2d: Sum(rhs),rhsMax =   2.41161089036268E-05  1.93669010110517E+00
 cg2d: Sum(rhs),rhsMax =   2.41169096426574E-05  1.93662575397739E+00
 cg2d: Sum(rhs),rhsMax =   2.41177168476270E-05  1.93656093172503E+00
 cg2d: Sum(rhs),rhsMax =   2.41185301064206E-05  1.93649563661115E+00
 cg2d: Sum(rhs),rhsMax =   2.41193491774538E-05  1.93642987130706E+00
 cg2d: Sum(rhs),rhsMax =   2.41201741459918E-05  1.93636363887421E+00
 cg2d: Sum(rhs),rhsMax =   2.41210048557150E-05  1.93629694274353E+00
 cg2d: Sum(rhs),rhsMax =   2.41218412924127E-05  1.93622978669210E+00
 cg2d: Sum(rhs),rhsMax =   2.41226838113562E-05  1.93616217481761E+00
 cg2d: Sum(rhs),rhsMax =   2.41235321141176E-05  1.93609411151072E+00
(PID.TID 0000.0001) Did not write pickup because writePickupAtEnd = FALSE
(PID.TID 0000.0001)   early fc =  0.000000000000000D+00
 --> objf_test(bi,bj)        =  0.189842651005979D+00
(PID.TID 0000.0001)   local fc =  0.189842651005979D+00
(PID.TID 0000.0001)  global fc =  0.322547972605508D+00
(PID.TID 0000.0001) grdchk perturb(-)fc: fcpertminus =  3.22547972605508E-01
(PID.TID 0000.0001)  ADM  ref_cost_function      =  3.22547976275027E-01
(PID.TID 0000.0001)  ADM  adjoint_gradient       =  3.66951819515652E-05
(PID.TID 0000.0001)  ADM  finite-diff_grad       =  3.66951913299829E-05
(PID.TID 0000.0001) ====== End of gradient-check number   1 (ierr=  0) =======
(PID.TID 0000.0001) 
(PID.TID 0000.0001) // =======================================================
(PID.TID 0000.0001) // Gradient check results  >>> START <<<
(PID.TID 0000.0001) // =======================================================
(PID.TID 0000.0001) 
(PID.TID 0000.0001)  EPS =   1.000000E-04
(PID.TID 0000.0001) 
(PID.TID 0000.0001) grdchk output h.p:  Id Itile Jtile LAYER   bi   bj   X(Id)           X(Id)+/-EPS
(PID.TID 0000.0001) grdchk output h.c:  Id  FC                   FC1                  FC2
(PID.TID 0000.0001) grdchk output h.g:  Id     FC1-FC2/(2*EPS)      ADJ GRAD(FC)         1-FDGRD/ADGRD
(PID.TID 0000.0001) 
(PID.TID 0000.0001) grdchk output (p):   1     0     0     1    0    0   0.000000000E+00  0.000000000E+00
(PID.TID 0000.0001) grdchk output (c):   1  3.2254797627503E-01  3.2254797994455E-01  3.2254797260551E-01
(PID.TID 0000.0001) grdchk output (g):   1     3.6695191329983E-05  3.6695181951565E-05 -2.5557626925909E-07
(PID.TID 0000.0001) 
(PID.TID 0000.0001) grdchk  summary  :  RMS of    1 ratios =  2.5557626925909E-07
(PID.TID 0000.0001) 
(PID.TID 0000.0001) // =======================================================
(PID.TID 0000.0001) // Gradient check results  >>> END <<<
(PID.TID 0000.0001) // =======================================================
(PID.TID 0000.0001) 
(PID.TID 0000.0001)   Seconds in section "ALL                    [THE_MODEL_MAIN]":
(PID.TID 0000.0001)           User time:   16.395460277795792
(PID.TID 0000.0001)         System time:  0.20294398069381714
(PID.TID 0000.0001)     Wall clock time:   16.877673864364624
(PID.TID 0000.0001)          No. starts:           1
(PID.TID 0000.0001)           No. stops:           1
(PID.TID 0000.0001)   Seconds in section "INITIALISE_FIXED       [THE_MODEL_MAIN]":
(PID.TID 0000.0001)           User time:   1.7825998365879059E-002
(PID.TID 0000.0001)         System time:   6.6019892692565918E-003
(PID.TID 0000.0001)     Wall clock time:  0.10132789611816406
(PID.TID 0000.0001)          No. starts:           1
(PID.TID 0000.0001)           No. stops:           1
(PID.TID 0000.0001)   Seconds in section "ADTHE_MAIN_LOOP          [ADJOINT RUN]":
(PID.TID 0000.0001)           User time:   11.842365309596062
(PID.TID 0000.0001)         System time:  0.16844701766967773
(PID.TID 0000.0001)     Wall clock time:   12.179671049118042
(PID.TID 0000.0001)          No. starts:           1
(PID.TID 0000.0001)           No. stops:           1
(PID.TID 0000.0001)   Seconds in section "FORWARD_STEP        [MAIN_DO_LOOP]":
(PID.TID 0000.0001)           User time:   9.0672697350382805
(PID.TID 0000.0001)         System time:   6.9791793823242188E-002
(PID.TID 0000.0001)     Wall clock time:   9.2788140773773193
(PID.TID 0000.0001)          No. starts:        2880
(PID.TID 0000.0001)           No. stops:        2880
(PID.TID 0000.0001)   Seconds in section "DO_STATEVARS_DIAGS  [FORWARD_STEP]":
(PID.TID 0000.0001)           User time:   9.3365311622619629E-003
(PID.TID 0000.0001)         System time:   1.4516711235046387E-004
(PID.TID 0000.0001)     Wall clock time:   9.5961093902587891E-003
(PID.TID 0000.0001)          No. starts:        1440
(PID.TID 0000.0001)           No. stops:        1440
(PID.TID 0000.0001)   Seconds in section "LOAD_FIELDS_DRIVER  [FORWARD_STEP]":
(PID.TID 0000.0001)           User time:   4.2966388165950775E-002
(PID.TID 0000.0001)         System time:   7.0407986640930176E-004
(PID.TID 0000.0001)     Wall clock time:   4.3736696243286133E-002
(PID.TID 0000.0001)          No. starts:        2880
(PID.TID 0000.0001)           No. stops:        2880
(PID.TID 0000.0001)   Seconds in section "EXTERNAL_FLDS_LOAD [LOAD_FLDS_DRIVER]":
(PID.TID 0000.0001)           User time:   1.8892072141170502E-002
(PID.TID 0000.0001)         System time:   3.2114982604980469E-004
(PID.TID 0000.0001)     Wall clock time:   1.8257856369018555E-002
(PID.TID 0000.0001)          No. starts:        3600
(PID.TID 0000.0001)           No. stops:        3600
(PID.TID 0000.0001)   Seconds in section "CTRL_MAP_FORCING  [FORWARD_STEP]":
(PID.TID 0000.0001)           User time:   1.4190144836902618E-002
(PID.TID 0000.0001)         System time:   2.3901462554931641E-004
(PID.TID 0000.0001)     Wall clock time:   1.4499664306640625E-002
(PID.TID 0000.0001)          No. starts:        2880
(PID.TID 0000.0001)           No. stops:        2880
(PID.TID 0000.0001)   Seconds in section "DO_ATMOSPHERIC_PHYS [FORWARD_STEP]":
(PID.TID 0000.0001)           User time:   3.1930997967720032E-002
(PID.TID 0000.0001)         System time:   6.2346458435058594E-004
(PID.TID 0000.0001)     Wall clock time:   3.2707452774047852E-002
(PID.TID 0000.0001)          No. starts:        2880
(PID.TID 0000.0001)           No. stops:        2880
(PID.TID 0000.0001)   Seconds in section "DO_OCEANIC_PHYS     [FORWARD_STEP]":
(PID.TID 0000.0001)           User time:  0.52393072843551636
(PID.TID 0000.0001)         System time:   9.7619891166687012E-003
(PID.TID 0000.0001)     Wall clock time:  0.53673768043518066
(PID.TID 0000.0001)          No. starts:        2880
(PID.TID 0000.0001)           No. stops:        2880
(PID.TID 0000.0001)   Seconds in section "THERMODYNAMICS      [FORWARD_STEP]":
(PID.TID 0000.0001)           User time:   1.7898906022310257
(PID.TID 0000.0001)         System time:   2.6312053203582764E-002
(PID.TID 0000.0001)     Wall clock time:   1.8245573043823242
(PID.TID 0000.0001)          No. starts:        2880
(PID.TID 0000.0001)           No. stops:        2880
(PID.TID 0000.0001)   Seconds in section "DYNAMICS            [FORWARD_STEP]":
(PID.TID 0000.0001)           User time:   3.2308196425437927
(PID.TID 0000.0001)         System time:   8.0640017986297607E-003
(PID.TID 0000.0001)     Wall clock time:   3.2527458667755127
(PID.TID 0000.0001)          No. starts:        2880
(PID.TID 0000.0001)           No. stops:        2880
(PID.TID 0000.0001)   Seconds in section "SOLVE_FOR_PRESSURE  [FORWARD_STEP]":
(PID.TID 0000.0001)           User time:   2.1770864948630333
(PID.TID 0000.0001)         System time:   6.6448450088500977E-003
(PID.TID 0000.0001)     Wall clock time:   2.1928081512451172
(PID.TID 0000.0001)          No. starts:        2880
(PID.TID 0000.0001)           No. stops:        2880
(PID.TID 0000.0001)   Seconds in section "MOM_CORRECTION_STEP [FORWARD_STEP]":
(PID.TID 0000.0001)           User time:  0.13531799614429474
(PID.TID 0000.0001)         System time:   6.0111284255981445E-004
(PID.TID 0000.0001)     Wall clock time:  0.13696432113647461
(PID.TID 0000.0001)          No. starts:        2880
(PID.TID 0000.0001)           No. stops:        2880
(PID.TID 0000.0001)   Seconds in section "INTEGR_CONTINUITY   [FORWARD_STEP]":
(PID.TID 0000.0001)           User time:  0.25427523255348206
(PID.TID 0000.0001)         System time:   1.2118816375732422E-003
(PID.TID 0000.0001)     Wall clock time:  0.25712299346923828
(PID.TID 0000.0001)          No. starts:        2880
(PID.TID 0000.0001)           No. stops:        2880
(PID.TID 0000.0001)   Seconds in section "TRC_CORRECTION_STEP [FORWARD_STEP]":
(PID.TID 0000.0001)           User time:   1.4558181166648865E-002
(PID.TID 0000.0001)         System time:   9.9092721939086914E-005
(PID.TID 0000.0001)     Wall clock time:   1.4735698699951172E-002
(PID.TID 0000.0001)          No. starts:        2880
(PID.TID 0000.0001)           No. stops:        2880
(PID.TID 0000.0001)   Seconds in section "BLOCKING_EXCHANGES  [FORWARD_STEP]":
(PID.TID 0000.0001)           User time:  0.32898274064064026
(PID.TID 0000.0001)         System time:   2.0641684532165527E-003
(PID.TID 0000.0001)     Wall clock time:  0.33302736282348633
(PID.TID 0000.0001)          No. starts:        2880
(PID.TID 0000.0001)           No. stops:        2880
(PID.TID 0000.0001)   Seconds in section "MONITOR             [FORWARD_STEP]":
(PID.TID 0000.0001)           User time:   3.7128403782844543E-003
(PID.TID 0000.0001)         System time:   3.9994716644287109E-005
(PID.TID 0000.0001)     Wall clock time:   3.7543773651123047E-003
(PID.TID 0000.0001)          No. starts:         720
(PID.TID 0000.0001)           No. stops:         720
(PID.TID 0000.0001)   Seconds in section "COST_TILE           [FORWARD_STEP]":
(PID.TID 0000.0001)           User time:  0.23252420872449875
(PID.TID 0000.0001)         System time:   1.9508898258209229E-003
(PID.TID 0000.0001)     Wall clock time:  0.23618960380554199
(PID.TID 0000.0001)          No. starts:        2880
(PID.TID 0000.0001)           No. stops:        2880
(PID.TID 0000.0001)   Seconds in section "DO_THE_MODEL_IO     [FORWARD_STEP]":
(PID.TID 0000.0001)           User time:   2.6381462812423706E-002
(PID.TID 0000.0001)         System time:   4.8380792140960693E-003
(PID.TID 0000.0001)     Wall clock time:  0.12248039245605469
(PID.TID 0000.0001)          No. starts:        2880
(PID.TID 0000.0001)           No. stops:        2880
(PID.TID 0000.0001)   Seconds in section "DO_WRITE_PICKUP     [FORWARD_STEP]":
(PID.TID 0000.0001)           User time:   1.4529213309288025E-002
(PID.TID 0000.0001)         System time:   3.6969482898712158E-003
(PID.TID 0000.0001)     Wall clock time:   3.4414768218994141E-002
(PID.TID 0000.0001)          No. starts:        2880
(PID.TID 0000.0001)           No. stops:        2880
(PID.TID 0000.0001)   Seconds in section "CTRL_PACK           [THE_MODEL_MAIN]":
(PID.TID 0000.0001)           User time:   6.9236755371093750E-004
(PID.TID 0000.0001)         System time:   0.0000000000000000
(PID.TID 0000.0001)     Wall clock time:   2.5289058685302734E-003
(PID.TID 0000.0001)          No. starts:           1
(PID.TID 0000.0001)           No. stops:           1
(PID.TID 0000.0001)   Seconds in section "CTRL_PACK     [THE_MODEL_MAIN]":
(PID.TID 0000.0001)           User time:   4.6825408935546875E-004
(PID.TID 0000.0001)         System time:   7.9870223999023438E-006
(PID.TID 0000.0001)     Wall clock time:   2.3281574249267578E-003
(PID.TID 0000.0001)          No. starts:           1
(PID.TID 0000.0001)           No. stops:           1
(PID.TID 0000.0001)   Seconds in section "GRDCHK_MAIN         [THE_MODEL_MAIN]":
(PID.TID 0000.0001)           User time:   4.5340805053710938
(PID.TID 0000.0001)         System time:   2.7868986129760742E-002
(PID.TID 0000.0001)     Wall clock time:   4.5917768478393555
(PID.TID 0000.0001)          No. starts:           1
(PID.TID 0000.0001)           No. stops:           1
(PID.TID 0000.0001)   Seconds in section "INITIALISE_VARIA    [THE_MAIN_LOOP]":
(PID.TID 0000.0001)           User time:   1.8863677978515625E-003
(PID.TID 0000.0001)         System time:   3.5800337791442871E-003
(PID.TID 0000.0001)     Wall clock time:   9.6688270568847656E-003
(PID.TID 0000.0001)          No. starts:           2
(PID.TID 0000.0001)           No. stops:           2
(PID.TID 0000.0001)   Seconds in section "MAIN LOOP           [THE_MAIN_LOOP]":
(PID.TID 0000.0001)           User time:   4.5312671661376953
(PID.TID 0000.0001)         System time:   2.3942947387695312E-002
(PID.TID 0000.0001)     Wall clock time:   4.5713679790496826
(PID.TID 0000.0001)          No. starts:           2
(PID.TID 0000.0001)           No. stops:           2
(PID.TID 0000.0001)   Seconds in section "MAIN_DO_LOOP        [THE_MAIN_LOOP]":
(PID.TID 0000.0001)           User time:   4.5232744216918945
(PID.TID 0000.0001)         System time:   2.3874819278717041E-002
(PID.TID 0000.0001)     Wall clock time:   4.5631747245788574
(PID.TID 0000.0001)          No. starts:        1440
(PID.TID 0000.0001)           No. stops:        1440
(PID.TID 0000.0001)   Seconds in section "COST_FINAL         [ADJOINT SPIN-DOWN]":
(PID.TID 0000.0001)           User time:   2.6702880859375000E-004
(PID.TID 0000.0001)         System time:   0.0000000000000000
(PID.TID 0000.0001)     Wall clock time:   3.8313865661621094E-004
(PID.TID 0000.0001)          No. starts:           2
(PID.TID 0000.0001)           No. stops:           2
(PID.TID 0000.0001) // ======================================================
(PID.TID 0000.0001) // Tile <-> Tile communication statistics
(PID.TID 0000.0001) // ======================================================
(PID.TID 0000.0001) // o Tile number: 000001
(PID.TID 0000.0001) //         No. X exchanges =              0
(PID.TID 0000.0001) //            Max. X spins =              0
(PID.TID 0000.0001) //            Min. X spins =     1000000000
(PID.TID 0000.0001) //          Total. X spins =              0
(PID.TID 0000.0001) //            Avg. X spins =       0.00E+00
(PID.TID 0000.0001) //         No. Y exchanges =              0
(PID.TID 0000.0001) //            Max. Y spins =              0
(PID.TID 0000.0001) //            Min. Y spins =     1000000000
(PID.TID 0000.0001) //          Total. Y spins =              0
(PID.TID 0000.0001) //            Avg. Y spins =       0.00E+00
(PID.TID 0000.0001) // o Thread number: 000001
(PID.TID 0000.0001) //            No. barriers =        1164492
(PID.TID 0000.0001) //      Max. barrier spins =              1
(PID.TID 0000.0001) //      Min. barrier spins =              1
(PID.TID 0000.0001) //     Total barrier spins =        1164492
(PID.TID 0000.0001) //      Avg. barrier spins =       1.00E+00
PROGRAM MAIN: Execution ended Normally
