(PID.TID 0000.0001) 
(PID.TID 0000.0001) // ======================================================
(PID.TID 0000.0001) //                      MITgcm UV
(PID.TID 0000.0001) //                      =========
(PID.TID 0000.0001) // ======================================================
(PID.TID 0000.0001) // execution environment starting up...
(PID.TID 0000.0001) 
(PID.TID 0000.0001) // MITgcmUV version:  checkpoint68j
(PID.TID 0000.0001) // Build user:        mjalabert314
(PID.TID 0000.0001) // Build host:        pod.cnsi.ucsb.edu
(PID.TID 0000.0001) // Build date:        Wed Aug 12 15:46:28 PDT 2026
(PID.TID 0000.0001) 
(PID.TID 0000.0001) // =======================================================
(PID.TID 0000.0001) // Execution Environment parameter file "eedata"
(PID.TID 0000.0001) // =======================================================
(PID.TID 0000.0001) > &EEPARMS
(PID.TID 0000.0001) > nTx=1,
(PID.TID 0000.0001) > nTy=1,
(PID.TID 0000.0001) > /
(PID.TID 0000.0001) >
(PID.TID 0000.0001) 
(PID.TID 0000.0001) // =======================================================
(PID.TID 0000.0001) // Computational Grid Specification ( see files "SIZE.h" )
(PID.TID 0000.0001) //                                  ( and "eedata"       )
(PID.TID 0000.0001) // =======================================================
(PID.TID 0000.0001)      nPx =    2 ; /* No. processes in X */
(PID.TID 0000.0001)      nPy =    2 ; /* No. processes in Y */
(PID.TID 0000.0001)      nSx =    1 ; /* No. tiles in X per process */
(PID.TID 0000.0001)      nSy =    1 ; /* No. tiles in Y per process */
(PID.TID 0000.0001)      sNx =   31 ; /* Tile size in X */
(PID.TID 0000.0001)      sNy =   31 ; /* Tile size in Y */
(PID.TID 0000.0001)      OLx =    2 ; /* Tile overlap distance in X */
(PID.TID 0000.0001)      OLy =    2 ; /* Tile overlap distance in Y */
(PID.TID 0000.0001)      nTx =    1 ; /* No. threads in X per process */
(PID.TID 0000.0001)      nTy =    1 ; /* No. threads in Y per process */
(PID.TID 0000.0001)       Nr =   15 ; /* No. levels in the vertical   */
(PID.TID 0000.0001)       Nx =   62 ; /* Total domain size in X ( = nPx*nSx*sNx ) */
(PID.TID 0000.0001)       Ny =   62 ; /* Total domain size in Y ( = nPy*nSy*sNy ) */
(PID.TID 0000.0001)   nTiles =    1 ; /* Total no. tiles per process ( = nSx*nSy ) */
(PID.TID 0000.0001)   nProcs =    4 ; /* Total no. processes ( = nPx*nPy ) */
(PID.TID 0000.0001) nThreads =    1 ; /* Total no. threads per process ( = nTx*nTy ) */
(PID.TID 0000.0001) usingMPI =    T ; /* Flag used to control whether MPI is in use */
(PID.TID 0000.0001)                   /*  note: To execute a program with MPI calls */
(PID.TID 0000.0001)                   /*  it must be launched appropriately e.g     */
(PID.TID 0000.0001)                   /*  "mpirun -np 64 ......"                    */
(PID.TID 0000.0001) useCoupler=   F ; /* Flag used to control communications with   */
(PID.TID 0000.0001)                   /*  other model components, through a coupler */
(PID.TID 0000.0001) useNest2W_parent =    F ;/* Control 2-W Nesting comm */
(PID.TID 0000.0001) useNest2W_child  =    F ;/* Control 2-W Nesting comm */
(PID.TID 0000.0001) debugMode =    F ; /* print debug msg. (sequence of S/R calls)  */
(PID.TID 0000.0001) printMapIncludesZeros=    F ; /* print zeros in Std.Output maps */
(PID.TID 0000.0001) maxLengthPrt1D=   65 /* maxLength of 1D array printed to StdOut */
(PID.TID 0000.0001) 
(PID.TID 0000.0001) ======= Starting MPI parallel Run =========
(PID.TID 0000.0001)  My Processor Name (len:  6 ) = node64
(PID.TID 0000.0001)  Located at (  0,  0) on processor grid (0:  1,0:  1)
(PID.TID 0000.0001)  Origin at  (     1,     1) on global grid (1:    62,1:    62)
(PID.TID 0000.0001)  North neighbor = processor 0001
(PID.TID 0000.0001)  South neighbor = processor 0001
(PID.TID 0000.0001)   East neighbor = processor 0002
(PID.TID 0000.0001)   West neighbor = processor 0002
(PID.TID 0000.0001) // ======================================================
(PID.TID 0000.0001) // Mapping of tiles to threads
(PID.TID 0000.0001) // ======================================================
(PID.TID 0000.0001) // -o- Thread   1, tiles (   1:   1,   1:   1)
(PID.TID 0000.0001) 
(PID.TID 0000.0001) // ======================================================
(PID.TID 0000.0001) // Tile <-> Tile connectvity table
(PID.TID 0000.0001) // ======================================================
(PID.TID 0000.0001) // Tile number: 000001 (process no. = 000000)
(PID.TID 0000.0001) //        WEST: Tile = 000002, Process = 000002, Comm = messages
(PID.TID 0000.0001) //                bi = 000001, bj = 000001
(PID.TID 0000.0001) //        EAST: Tile = 000002, Process = 000002, Comm = messages
(PID.TID 0000.0001) //                bi = 000001, bj = 000001
(PID.TID 0000.0001) //       SOUTH: Tile = 000003, Process = 000001, Comm = messages
(PID.TID 0000.0001) //                bi = 000001, bj = 000001
(PID.TID 0000.0001) //       NORTH: Tile = 000003, Process = 000001, Comm = messages
(PID.TID 0000.0001) //                bi = 000001, bj = 000001
(PID.TID 0000.0001) 
(PID.TID 0000.0001)  INI_PARMS: opening model parameter file "data"
(PID.TID 0000.0001)  OPEN_COPY_DATA_FILE: opening file data
(PID.TID 0000.0001) // =======================================================
(PID.TID 0000.0001) // Parameter file "data"
(PID.TID 0000.0001) // =======================================================
(PID.TID 0000.0001) ># AF--FNO S0 adjoint: official 1-degree baroclinic-gyre tutorial physics
(PID.TID 0000.0001) > &PARM01
(PID.TID 0000.0001) > viscAh=5000.,
(PID.TID 0000.0001) > viscAr=1.E-2,
(PID.TID 0000.0001) > no_slip_sides=.TRUE.,
(PID.TID 0000.0001) > no_slip_bottom=.FALSE.,
(PID.TID 0000.0001) > diffKhT=1000.,
(PID.TID 0000.0001) > diffKrT=1.E-5,
(PID.TID 0000.0001) > ivdc_kappa=1.,
(PID.TID 0000.0001) > implicitDiffusion=.TRUE.,
(PID.TID 0000.0001) > eosType='LINEAR',
(PID.TID 0000.0001) > tRef=30.,27.,24.,21.,18.,15.,13.,11.,9.,7.,6.,5.,4.,3.,2.,
(PID.TID 0000.0001) > tAlpha=2.E-4,
(PID.TID 0000.0001) > sBeta=0.,
(PID.TID 0000.0001) > rhoNil=999.8,
(PID.TID 0000.0001) > gravity=9.81,
(PID.TID 0000.0001) > rigidLid=.FALSE.,
(PID.TID 0000.0001) > implicitFreeSurface=.TRUE.,
(PID.TID 0000.0001) > exactConserv=.TRUE.,
(PID.TID 0000.0001) > saltStepping=.FALSE.,
(PID.TID 0000.0001) > useSingleCpuIO=.TRUE.,
(PID.TID 0000.0001) > /
(PID.TID 0000.0001) > &PARM02
(PID.TID 0000.0001) > cg2dTargetResidual=1.E-12,
(PID.TID 0000.0001) > cg2dMaxIters=1000,
(PID.TID 0000.0001) > /
(PID.TID 0000.0001) > &PARM03
(PID.TID 0000.0001) > nIter0=3111120,
(PID.TID 0000.0001) > nTimeSteps=720,
(PID.TID 0000.0001) > deltaT=1200.,
(PID.TID 0000.0001) > pChkptFreq=0.0,
(PID.TID 0000.0001) > chkptFreq=0.,
(PID.TID 0000.0001) > dumpFreq=0.,
(PID.TID 0000.0001) > monitorFreq=2592000.,
(PID.TID 0000.0001) > monitorSelect=2,
(PID.TID 0000.0001) > tauThetaClimRelax=2592000.,
(PID.TID 0000.0001) > /
(PID.TID 0000.0001) > &PARM04
(PID.TID 0000.0001) > usingSphericalPolarGrid=.TRUE.,
(PID.TID 0000.0001) > delX=62*1.,
(PID.TID 0000.0001) > delY=62*1.,
(PID.TID 0000.0001) > xgOrigin=-1.,
(PID.TID 0000.0001) > ygOrigin=14.,
(PID.TID 0000.0001) > delR=50.,60.,70.,80.,90.,100.,110.,120.,130.,140.,150.,160.,170.,180.,190.,
(PID.TID 0000.0001) > /
(PID.TID 0000.0001) > &PARM05
(PID.TID 0000.0001) > bathyFile='bathy.bin',
(PID.TID 0000.0001) > zonalWindFile='windx_cosy.bin',
(PID.TID 0000.0001) > thetaClimFile='SST_relax.bin',
(PID.TID 0000.0001) > /
(PID.TID 0000.0001) 
(PID.TID 0000.0001)  INI_PARMS ; starts to read PARM01
(PID.TID 0000.0001)  INI_PARMS ; read PARM01 : OK
(PID.TID 0000.0001)  INI_PARMS ; starts to read PARM02
(PID.TID 0000.0001)  INI_PARMS ; read PARM02 : OK
(PID.TID 0000.0001)  INI_PARMS ; starts to read PARM03
(PID.TID 0000.0001)  INI_PARMS ; read PARM03 : OK
(PID.TID 0000.0001)  INI_PARMS ; starts to read PARM04
(PID.TID 0000.0001)  INI_PARMS ; read PARM04 : OK
(PID.TID 0000.0001)  INI_PARMS ; starts to read PARM05
(PID.TID 0000.0001)  INI_PARMS ; read PARM05 : OK
(PID.TID 0000.0001)  INI_PARMS: finished reading file "data"
(PID.TID 0000.0001)  PACKAGES_BOOT: opening data.pkg
(PID.TID 0000.0001)  OPEN_COPY_DATA_FILE: opening file data.pkg
(PID.TID 0000.0001) // =======================================================
(PID.TID 0000.0001) // Parameter file "data.pkg"
(PID.TID 0000.0001) // =======================================================
(PID.TID 0000.0001) > &PACKAGES
(PID.TID 0000.0001) > useMNC=.FALSE.,
(PID.TID 0000.0001) > useDiagnostics=.TRUE.,
(PID.TID 0000.0001) > useGrdchk=.TRUE.,
(PID.TID 0000.0001) > /
(PID.TID 0000.0001) 
(PID.TID 0000.0001)  PACKAGES_BOOT: finished reading data.pkg
(PID.TID 0000.0001)  PACKAGES_BOOT: On/Off package Summary
 --------  pkgs with a standard "usePKG" On/Off switch in "data.pkg":  --------
 pkg/autodiff             compiled   and   used ( useAUTODIFF              = T )
 pkg/grdchk               compiled   and   used ( useGrdchk                = T )
 pkg/ctrl                 compiled   and   used ( useCTRL                  = T )
 pkg/diagnostics          compiled   and   used ( useDiagnostics           = T )
 -------- pkgs without standard "usePKG" On/Off switch in "data.pkg":  --------
 pkg/generic_advdiff      compiled   and   used ( useGAD                   = T )
 pkg/mom_common           compiled   and   used ( momStepping              = T )
 pkg/mom_vecinv           compiled but not used ( +vectorInvariantMomentum = F )
 pkg/mom_fluxform         compiled   and   used ( & not vectorInvariantMom = T )
 pkg/monitor              compiled   and   used ( monitorFreq > 0.         = T )
 pkg/debug                compiled but not used ( debugMode                = F )
 pkg/rw                   compiled   and   used
 pkg/mdsio                compiled   and   used
 pkg/autodiff             compiled   and   used
 pkg/cost                 compiled   and   used
(PID.TID 0000.0001)  PACKAGES_BOOT: End of package Summary
(PID.TID 0000.0001) 
(PID.TID 0000.0001) AUTODIFF_READPARMS: opening data.autodiff
(PID.TID 0000.0001)  OPEN_COPY_DATA_FILE: opening file data.autodiff
(PID.TID 0000.0001) // =======================================================
(PID.TID 0000.0001) // Parameter file "data.autodiff"
(PID.TID 0000.0001) // =======================================================
(PID.TID 0000.0001) ># AF--FNO adjoint options.
(PID.TID 0000.0001) >#
(PID.TID 0000.0001) ># inAdExact = .TRUE. (the default) requests the exact adjoint with no
(PID.TID 0000.0001) ># approximation.  Do not relax it: the whole point of this dataset is that it
(PID.TID 0000.0001) ># is exact.
(PID.TID 0000.0001) > &AUTODIFF_PARM01
(PID.TID 0000.0001) > inAdExact = .TRUE.,
(PID.TID 0000.0001) > /
(PID.TID 0000.0001) 
(PID.TID 0000.0001) AUTODIFF_READPARMS: finished reading data.autodiff
(PID.TID 0000.0001) // ===================================
(PID.TID 0000.0001) // AUTODIFF parameters :
(PID.TID 0000.0001) // ===================================
(PID.TID 0000.0001) inAdExact = /* get an exact adjoint (no approximation) */
(PID.TID 0000.0001)                   T
(PID.TID 0000.0001)     ;
(PID.TID 0000.0001) useApproxAdvectionInAdMode = /* approximate AD-advection */
(PID.TID 0000.0001)                   F
(PID.TID 0000.0001)     ;
(PID.TID 0000.0001) cg2dFullAdjoint = /* use full hand written cg2d adjoint (no approximation) */
(PID.TID 0000.0001)                   F
(PID.TID 0000.0001)     ;
(PID.TID 0000.0001) useKPPinAdMode = /* use KPP in adjoint mode */
(PID.TID 0000.0001)                   F
(PID.TID 0000.0001)     ;
(PID.TID 0000.0001) useGMRediInAdMode = /* use GMRedi in adjoint mode */
(PID.TID 0000.0001)                   F
(PID.TID 0000.0001)     ;
(PID.TID 0000.0001) useSEAICEinAdMode = /* use SEAICE in adjoint mode */
(PID.TID 0000.0001)                   F
(PID.TID 0000.0001)     ;
(PID.TID 0000.0001) useGGL90inAdMode = /* use GGL90 in adjoint mode */
(PID.TID 0000.0001)                   F
(PID.TID 0000.0001)     ;
(PID.TID 0000.0001) useSALT_PLUMEinAdMode = /* use SALT_PLUME in adjoint mode */
(PID.TID 0000.0001)                   F
(PID.TID 0000.0001)     ;
(PID.TID 0000.0001) dumpAdVarExch = /* control adexch before dumpinp */
(PID.TID 0000.0001)                       2
(PID.TID 0000.0001)     ;
(PID.TID 0000.0001) mon_AdVarExch = /* control adexch before monitor */
(PID.TID 0000.0001)                       2
(PID.TID 0000.0001)     ;
(PID.TID 0000.0001) viscFacInFw = /* viscosity factor for forward model */
(PID.TID 0000.0001)                 1.000000000000000E+00
(PID.TID 0000.0001)     ;
(PID.TID 0000.0001) viscFacInAd = /* viscosity factor for adjoint */
(PID.TID 0000.0001)                 1.000000000000000E+00
(PID.TID 0000.0001)     ;
(PID.TID 0000.0001) SIregFacInAd = /* sea ice factor for adjoint model */
(PID.TID 0000.0001)                 1.234567000000000E+05
(PID.TID 0000.0001)     ;
(PID.TID 0000.0001) SIregFacInFw = /* sea ice factor for forward model */
(PID.TID 0000.0001)                 1.234567000000000E+05
(PID.TID 0000.0001)     ;
(PID.TID 0000.0001) 
(PID.TID 0000.0001) OPTIM_READPARMS: opening data.optim
(PID.TID 0000.0001)  OPEN_COPY_DATA_FILE: opening file data.optim
(PID.TID 0000.0001) // =======================================================
(PID.TID 0000.0001) // Parameter file "data.optim"
(PID.TID 0000.0001) // =======================================================
(PID.TID 0000.0001) ># AF--FNO adjoint optimisation cycle.
(PID.TID 0000.0001) >#
(PID.TID 0000.0001) ># optimcycle = 0 fixes the control filename to xx_etan.0000000000.data and the
(PID.TID 0000.0001) ># gradient to adxx_etan.0000000000.data.  There is no optimisation here: this
(PID.TID 0000.0001) ># is a pure sensitivity calculation, one cycle only.
(PID.TID 0000.0001) > &OPTIM
(PID.TID 0000.0001) > optimcycle = 0,
(PID.TID 0000.0001) > /
(PID.TID 0000.0001) 
(PID.TID 0000.0001) OPTIM_READPARMS: finished reading data.optim
(PID.TID 0000.0001) CTRL_READPARMS: opening data.ctrl
(PID.TID 0000.0001)  OPEN_COPY_DATA_FILE: opening file data.ctrl
(PID.TID 0000.0001) // =======================================================
(PID.TID 0000.0001) // Parameter file "data.ctrl"
(PID.TID 0000.0001) // =======================================================
(PID.TID 0000.0001) ># AF--FNO adjoint control variables.
(PID.TID 0000.0001) >#
(PID.TID 0000.0001) ># The single control is the initial sea surface height, enabled by
(PID.TID 0000.0001) ># ALLOW_GENARR2D_CONTROL in code_ad/CTRL_OPTIONS.h.
(PID.TID 0000.0001) >#
(PID.TID 0000.0001) ># NOT ALLOW_ETAN0_CONTROL: in c68j every block of that flag lives inside
(PID.TID 0000.0001) ># #ifdef ECCO_CTRL_DEPRECATED, which is defined nowhere, so CTRL_MAP_INI
(PID.TID 0000.0001) ># compiles to an empty subroutine and the adjoint comes back identically zero.
(PID.TID 0000.0001) ># The generic-array path is the live one.
(PID.TID 0000.0001) >#
(PID.TID 0000.0001) ># ctrl_map_ini_genarr.F keys on the first 7 characters of xx_genarr2d_file, so
(PID.TID 0000.0001) ># the name must start with 'xx_etan'; it then calls
(PID.TID 0000.0001) ># CTRL_MAP_GENARR2D( etaN, ... ), which ACTIVE_READ_XY's
(PID.TID 0000.0001) ># xx_etan.<optimcycle> against xx_genarr2d_dummy(1) and adds it to etaN,
(PID.TID 0000.0001) ># masked by the surface maskC.  etaH follows through UPDATE_ETAH.
(PID.TID 0000.0001) >#
(PID.TID 0000.0001) ># xx_genarr2d_weight must be non-blank or ctrl_init.F:807 never registers the
(PID.TID 0000.0001) ># control and ctrl_map_ini_genarr.F:117 never matches it -- a blank weight is a
(PID.TID 0000.0001) ># second, quieter way to get a zero adjoint.  The named file is read
(PID.TID 0000.0001) ># unconditionally by READ_REC_3D_RL at ctrlprec (= 64, big-endian float64).
(PID.TID 0000.0001) >#
(PID.TID 0000.0001) ># 'noscaling' is REQUIRED for ground truth.  Without it ctrl_map_genarr.F:142
(PID.TID 0000.0001) ># divides the control by SQRT(wgenarr2d), which rescales the returned gradient
(PID.TID 0000.0001) ># by the same factor.  With it, fld = fld + xx_gen*mask and the gradient is
(PID.TID 0000.0001) ># dJ/deta in metres per metre, unscaled.  wetan_ones.bin then only has to be
(PID.TID 0000.0001) ># positive; it is staged as exact ones by scripts/stage_adjoint_run.py.
(PID.TID 0000.0001) >#
(PID.TID 0000.0001) ># xx_genarr2d_bounds is left at its default of all zeros: CTRL_BOUND_2D is a
(PID.TID 0000.0001) ># no-op unless boundsVec(1) < boundsVec(4).
(PID.TID 0000.0001) >#
(PID.TID 0000.0001) ># The gradient comes back as adxx_etan.<optimcycle>.data, 62x62.
(PID.TID 0000.0001) > &CTRL_NML
(PID.TID 0000.0001) > /
(PID.TID 0000.0001) >#
(PID.TID 0000.0001) ># names for ctrl_pack / ctrl_unpack
(PID.TID 0000.0001) > &CTRL_PACKNAMES
(PID.TID 0000.0001) > /
(PID.TID 0000.0001) >#
(PID.TID 0000.0001) ># the generic 2-D control: initial etaN
(PID.TID 0000.0001) > &CTRL_NML_GENARR
(PID.TID 0000.0001) > xx_genarr2d_file(1)      = 'xx_etan',
(PID.TID 0000.0001) > xx_genarr2d_weight(1)    = 'wetan_ones.bin',
(PID.TID 0000.0001) > xx_genarr2d_preproc(1,1) = 'noscaling',
(PID.TID 0000.0001) > /
(PID.TID 0000.0001) 
(PID.TID 0000.0001) CTRL_READPARMS: finished reading data.ctrl
(PID.TID 0000.0001) COST_READPARMS: opening data.cost
(PID.TID 0000.0001)  OPEN_COPY_DATA_FILE: opening file data.cost
(PID.TID 0000.0001) // =======================================================
(PID.TID 0000.0001) // Parameter file "data.cost"
(PID.TID 0000.0001) // =======================================================
(PID.TID 0000.0001) ># AF--FNO adjoint cost function.
(PID.TID 0000.0001) >#
(PID.TID 0000.0001) ># mult_test = 1. exactly, so fc = J and adxx_etan = dJ/deta with no rescaling.
(PID.TID 0000.0001) >#
(PID.TID 0000.0001) ># afCostWeightFile names the runtime weight field w that defines the quantity
(PID.TID 0000.0001) ># of interest:  J = sum_ij w_ij * etaN_ij(T).  Built by
(PID.TID 0000.0001) ># scripts/make_cost_weight.py, 62x62 big-endian float32.
(PID.TID 0000.0001) >#
(PID.TID 0000.0001) >#   costWeight_ssh_anomaly.bin  SSH anomaly at p* = (i=2, j=17)   <- production
(PID.TID 0000.0001) >#   costWeight_mean_only.bin    area-weighted wet mean alone      <- gate G3
(PID.TID 0000.0001) >#   costWeight_point_only.bin   bare point value at p*            <- diagnostic
(PID.TID 0000.0001) >#
(PID.TID 0000.0001) ># Changing the target cell or the functional means staging a different file
(PID.TID 0000.0001) ># here.  It never requires a rebuild, and so never a new TAF submission.
(PID.TID 0000.0001) > &COST_NML
(PID.TID 0000.0001) > mult_test        = 1.,
(PID.TID 0000.0001) > afCostWeightFile = 'costWeight.bin',
(PID.TID 0000.0001) > /
(PID.TID 0000.0001) 
(PID.TID 0000.0001) COST_READPARMS: finished reading data.cost
(PID.TID 0000.0001) GRDCHK_READPARMS: opening data.grdchk
(PID.TID 0000.0001)  OPEN_COPY_DATA_FILE: opening file data.grdchk
(PID.TID 0000.0001) // =======================================================
(PID.TID 0000.0001) // Parameter file "data.grdchk"
(PID.TID 0000.0001) // =======================================================
(PID.TID 0000.0001) ># AF--FNO adjoint gradient check -- Stage 7, acceptance gate G1.
(PID.TID 0000.0001) >#
(PID.TID 0000.0001) ># Requires useGrdchk=.TRUE. in data.pkg.  grdchk perturbs one control element
(PID.TID 0000.0001) ># by +/- grdchk_eps, runs the forward model twice, and compares the centred
(PID.TID 0000.0001) ># finite difference against the adjoint gradient.  This is the only thing
(PID.TID 0000.0001) ># standing between "a 62x62 array of plausible numbers" and ground truth.
(PID.TID 0000.0001) >#
(PID.TID 0000.0001) ># grdchkvarindex = 100 + iarr selects the iarr-th generic 2-D control, so 101
(PID.TID 0000.0001) ># is xx_genarr2d_file(1) = 'xx_etan' (ctrl_init.F:807 registers it as
(PID.TID 0000.0001) ># 100+iarr / 200+iarr, grdchk_getxx.F:614 accepts the range).
(PID.TID 0000.0001) >#
(PID.TID 0000.0001) ># NOT 29.  That index belongs to ALLOW_ETAN0_CONTROL, whose entire
(PID.TID 0000.0001) ># implementation is inside #ifdef ECCO_CTRL_DEPRECATED and is not compiled --
(PID.TID 0000.0001) ># see the note in code_ad/CTRL_OPTIONS.h.
(PID.TID 0000.0001) >#
(PID.TID 0000.0001) ># iGloPos / jGloPos are TILE-LOCAL positions (grdchk_get_position.F:81 sets
(PID.TID 0000.0001) ># itilepos = iGloPos, and grdchk_readparms.F:116 rejects iGloPos > sNx).  With
(PID.TID 0000.0001) ># sNx = sNy = 31 on a 2x2 decomposition the tiles cover:
(PID.TID 0000.0001) >#
(PID.TID 0000.0001) >#     iGloTile=1, jGloTile=1  ->  global i=1..31,  j=1..31
(PID.TID 0000.0001) >#     iGloTile=2, jGloTile=1  ->  global i=32..62, j=1..31
(PID.TID 0000.0001) >#     iGloTile=1, jGloTile=2  ->  global i=1..31,  j=32..62
(PID.TID 0000.0001) >#     iGloTile=2, jGloTile=2  ->  global i=32..62, j=32..62
(PID.TID 0000.0001) >#
(PID.TID 0000.0001) ># so global (i,j) in tile (1,1) is simply (iGloPos, jGloPos) = (i, j).
(PID.TID 0000.0001) >#
(PID.TID 0000.0001) ># The settings below are test point 1 of the plan's eight: p* itself,
(PID.TID 0000.0001) ># global (i=2, j=17), the self-sensitivity and the largest value on the map.
(PID.TID 0000.0001) ># Sweep grdchk_eps over {1e-3, 1e-4, 1e-5, 1e-6} and look for the plateau --
(PID.TID 0000.0001) ># a single epsilon agreeing is weak evidence, the plateau is strong evidence.
(PID.TID 0000.0001) >#
(PID.TID 0000.0001) ># The remaining seven points (plan section 8):
(PID.TID 0000.0001) >#   2-3  upstream in the boundary current   (i=2, j=14) and (i=2, j=11)
(PID.TID 0000.0001) >#   4    offshore of the current            (i=4, j=17)
(PID.TID 0000.0001) >#   5    mid-basin interior                 (i=31, j=17) -> tile (1,1) local (31,17)
(PID.TID 0000.0001) >#   6    eastern boundary                   (i=61, j=17) -> tile (2,1) local (30,17)
(PID.TID 0000.0001) >#   7    a convecting column                to be identified from the forward run
(PID.TID 0000.0001) >#
(PID.TID 0000.0001) ># nbeg MUST be 0.  grdchk_main.F:213 calls GRDCHK_GET_POSITION only when
(PID.TID 0000.0001) ># nbeg .EQ. 0; with any other value iGloPos/jGloPos are ignored entirely and
(PID.TID 0000.0001) ># icomp indexes the packed control vector directly, so nbeg=1 silently tests
(PID.TID 0000.0001) ># the FIRST WET CELL (i=2, j=2) no matter what position is requested here.
(PID.TID 0000.0001) ># GRDCHK_GET_POSITION then counts wet cells up to the requested position, sets
(PID.TID 0000.0001) ># nbeg to that count, and does nend = nbeg + nend -- so the namelist nend is an
(PID.TID 0000.0001) ># OFFSET, not an absolute index.  nend = 0 means exactly one test point.
(PID.TID 0000.0001) >#
(PID.TID 0000.0001) ># The land cell of the plan's eight-point table is not reachable from here:
(PID.TID 0000.0001) ># GRDCHK_GET_POSITION only ever lands on cells with wetlocal .NE. 0.  Land is
(PID.TID 0000.0001) ># covered by gate G4 on the extracted map instead, which is the stronger
(PID.TID 0000.0001) ># statement anyway (all 244 land cells, not one).
(PID.TID 0000.0001) > &GRDCHK_NML
(PID.TID 0000.0001) > grdchk_eps     = 1.d-4,
(PID.TID 0000.0001) > grdchkvarindex = 101,
(PID.TID 0000.0001) > useCentralDiff = .TRUE.,
(PID.TID 0000.0001) > iGloPos        = 4,
(PID.TID 0000.0001) > jGloPos        = 17,
(PID.TID 0000.0001) > kGloPos        = 1,
(PID.TID 0000.0001) > iGloTile       = 1,
(PID.TID 0000.0001) > jGloTile       = 1,
(PID.TID 0000.0001) > nbeg           = 0,
(PID.TID 0000.0001) > nstep          = 1,
(PID.TID 0000.0001) > nend           = 0,
(PID.TID 0000.0001) > /
(PID.TID 0000.0001) 
(PID.TID 0000.0001) GRDCHK_READPARMS: finished reading data.grdchk
(PID.TID 0000.0001) 
(PID.TID 0000.0001) // =======================================================
(PID.TID 0000.0001) // Gradient check configuration  >>> START <<<
(PID.TID 0000.0001) // =======================================================
(PID.TID 0000.0001) 
(PID.TID 0000.0001)   grdchkvarindex :                        101
(PID.TID 0000.0001)   eps:                              0.100E-03
(PID.TID 0000.0001)   First location:                           0
(PID.TID 0000.0001)   Last location:                            0
(PID.TID 0000.0001)   Increment:                                1
(PID.TID 0000.0001)   grdchkWhichProc:                          0
(PID.TID 0000.0001)   iLocTile =       1  ,    jLocTile =       1
(PID.TID 0000.0001) 
(PID.TID 0000.0001) // =======================================================
(PID.TID 0000.0001) // Gradient check configuration  >>> END <<<
(PID.TID 0000.0001) // =======================================================
(PID.TID 0000.0001) 
(PID.TID 0000.0001)  DIAGNOSTICS_READPARMS: opening data.diagnostics
(PID.TID 0000.0001)  OPEN_COPY_DATA_FILE: opening file data.diagnostics
(PID.TID 0000.0001) // =======================================================
(PID.TID 0000.0001) // Parameter file "data.diagnostics"
(PID.TID 0000.0001) // =======================================================
(PID.TID 0000.0001) > &DIAGNOSTICS_LIST
(PID.TID 0000.0001) > dumpAtLast=.FALSE.,
(PID.TID 0000.0001) > diag_mnc=.FALSE.,
(PID.TID 0000.0001) > fields(1:3,1)='UVEL    ','VVEL    ','THETA   ',
(PID.TID 0000.0001) > fileName(1)='dynState',
(PID.TID 0000.0001) > frequency(1)=-86400.,
(PID.TID 0000.0001) > timePhase(1)=0.,
(PID.TID 0000.0001) > fileFlags(1)='R       ',
(PID.TID 0000.0001) > fields(1,2)='ETAN    ',
(PID.TID 0000.0001) > fileName(2)='surfState',
(PID.TID 0000.0001) > frequency(2)=-86400.,
(PID.TID 0000.0001) > timePhase(2)=0.,
(PID.TID 0000.0001) > fileFlags(2)='R       ',
(PID.TID 0000.0001) > /
(PID.TID 0000.0001) > &DIAG_STATIS_PARMS
(PID.TID 0000.0001) > /
(PID.TID 0000.0001) >
(PID.TID 0000.0001) 
(PID.TID 0000.0001) S/R DIAGNOSTICS_READPARMS, read namelist "diagnostics_list": start
(PID.TID 0000.0001) S/R DIAGNOSTICS_READPARMS, read namelist "diagnostics_list": OK
(PID.TID 0000.0001) S/R DIAGNOSTICS_READPARMS, read namelist "DIAG_STATIS_PARMS": start
(PID.TID 0000.0001) S/R DIAGNOSTICS_READPARMS, read namelist "DIAG_STATIS_PARMS": OK
(PID.TID 0000.0001)  DIAGNOSTICS_READPARMS: global parameter summary:
(PID.TID 0000.0001)  dumpAtLast = /* always write time-ave diags at the end */
(PID.TID 0000.0001)                   F
(PID.TID 0000.0001)     ;
(PID.TID 0000.0001)  diag_mnc =   /* write NetCDF output files */
(PID.TID 0000.0001)                   F
(PID.TID 0000.0001)     ;
(PID.TID 0000.0001)  useMissingValue = /* put MissingValue where mask = 0 */
(PID.TID 0000.0001)                   F
(PID.TID 0000.0001)     ;
(PID.TID 0000.0001)  diagCG_maxIters = /* max number of iters in diag_cg2d */
(PID.TID 0000.0001)                    1000
(PID.TID 0000.0001)     ;
(PID.TID 0000.0001)  diagCG_resTarget = /* residual target for diag_cg2d */
(PID.TID 0000.0001)                 1.000000000000000E-12
(PID.TID 0000.0001)     ;
(PID.TID 0000.0001)  diagCG_pcOffDFac = /* preconditioner off-diagonal factor */
(PID.TID 0000.0001)                 9.611687812379854E-01
(PID.TID 0000.0001)     ;
(PID.TID 0000.0001) -----------------------------------------------------
(PID.TID 0000.0001)  DIAGNOSTICS_READPARMS: active diagnostics summary:
(PID.TID 0000.0001) -----------------------------------------------------
(PID.TID 0000.0001) Creating Output Stream: dynState
(PID.TID 0000.0001) Output Frequency:     -86400.000000 ; Phase:           0.000000
(PID.TID 0000.0001)  Averaging Freq.:          0.000000 , Phase:           0.000000 , Cycle:   1
(PID.TID 0000.0001)  missing value: -9.990000000000E+02 ; F-Flags="R       "
(PID.TID 0000.0001)  Levels:    will be set later
(PID.TID 0000.0001)  Fields:    UVEL     VVEL     THETA
(PID.TID 0000.0001) Creating Output Stream: surfState
(PID.TID 0000.0001) Output Frequency:     -86400.000000 ; Phase:           0.000000
(PID.TID 0000.0001)  Averaging Freq.:          0.000000 , Phase:           0.000000 , Cycle:   1
(PID.TID 0000.0001)  missing value: -9.990000000000E+02 ; F-Flags="R       "
(PID.TID 0000.0001)  Levels:    will be set later
(PID.TID 0000.0001)  Fields:    ETAN
(PID.TID 0000.0001) -----------------------------------------------------
(PID.TID 0000.0001)  DIAGNOSTICS_READPARMS: statistics diags. summary:
(PID.TID 0000.0001) -----------------------------------------------------
(PID.TID 0000.0001) 
(PID.TID 0000.0001) SET_PARMS: done
(PID.TID 0000.0001) Enter INI_VERTICAL_GRID: setInterFDr=    T ; setCenterDr=    F
(PID.TID 0000.0001) %MON XC_max                       =   6.0500000000000E+01
(PID.TID 0000.0001) %MON XC_min                       =  -5.0000000000000E-01
(PID.TID 0000.0001) %MON XC_mean                      =   3.0000000000000E+01
(PID.TID 0000.0001) %MON XC_sd                        =   1.7895530168173E+01
(PID.TID 0000.0001) %MON XG_max                       =   6.0000000000000E+01
(PID.TID 0000.0001) %MON XG_min                       =  -1.0000000000000E+00
(PID.TID 0000.0001) %MON XG_mean                      =   2.9500000000000E+01
(PID.TID 0000.0001) %MON XG_sd                        =   1.7895530168173E+01
(PID.TID 0000.0001) %MON DXC_max                      =   1.0763620848898E+05
(PID.TID 0000.0001) %MON DXC_min                      =   2.7836616228646E+04
(PID.TID 0000.0001) %MON DXC_mean                     =   7.4835486957243E+04
(PID.TID 0000.0001) %MON DXC_sd                       =   2.4080389995677E+04
(PID.TID 0000.0001) %MON DXF_max                      =   1.0763620848898E+05
(PID.TID 0000.0001) %MON DXF_min                      =   2.7836616228646E+04
(PID.TID 0000.0001) %MON DXF_mean                     =   7.4835486957243E+04
(PID.TID 0000.0001) %MON DXF_sd                       =   2.4080389995677E+04
(PID.TID 0000.0001) %MON DXG_max                      =   1.0787502725165E+05
(PID.TID 0000.0001) %MON DXG_min                      =   2.8774847489886E+04
(PID.TID 0000.0001) %MON DXG_mean                     =   7.5485691984679E+04
(PID.TID 0000.0001) %MON DXG_sd                       =   2.3877575243700E+04
(PID.TID 0000.0001) %MON DXV_max                      =   1.0787502725165E+05
(PID.TID 0000.0001) %MON DXV_min                      =   2.8774847489886E+04
(PID.TID 0000.0001) %MON DXV_mean                     =   7.5485691984679E+04
(PID.TID 0000.0001) %MON DXV_sd                       =   2.3877575243700E+04
(PID.TID 0000.0001) %MON YC_max                       =   7.5500000000000E+01
(PID.TID 0000.0001) %MON YC_min                       =   1.4500000000000E+01
(PID.TID 0000.0001) %MON YC_mean                      =   4.5000000000000E+01
(PID.TID 0000.0001) %MON YC_sd                        =   1.7895530168173E+01
(PID.TID 0000.0001) %MON YG_max                       =   7.5000000000000E+01
(PID.TID 0000.0001) %MON YG_min                       =   1.4000000000000E+01
(PID.TID 0000.0001) %MON YG_mean                      =   4.4500000000000E+01
(PID.TID 0000.0001) %MON YG_sd                        =   1.7895530168173E+01
(PID.TID 0000.0001) %MON DYC_max                      =   1.1117747335204E+05
(PID.TID 0000.0001) %MON DYC_min                      =   1.1117747335204E+05
(PID.TID 0000.0001) %MON DYC_mean                     =   1.1117747335204E+05
(PID.TID 0000.0001) %MON DYC_sd                       =   1.6298145055771E-09
(PID.TID 0000.0001) %MON DYF_max                      =   1.1117747335204E+05
(PID.TID 0000.0001) %MON DYF_min                      =   1.1117747335204E+05
(PID.TID 0000.0001) %MON DYF_mean                     =   1.1117747335204E+05
(PID.TID 0000.0001) %MON DYF_sd                       =   1.6298145055771E-09
(PID.TID 0000.0001) %MON DYG_max                      =   1.1117747335204E+05
(PID.TID 0000.0001) %MON DYG_min                      =   1.1117747335204E+05
(PID.TID 0000.0001) %MON DYG_mean                     =   1.1117747335204E+05
(PID.TID 0000.0001) %MON DYG_sd                       =   1.6298145055771E-09
(PID.TID 0000.0001) %MON DYU_max                      =   1.1117747335204E+05
(PID.TID 0000.0001) %MON DYU_min                      =   1.1117747335204E+05
(PID.TID 0000.0001) %MON DYU_mean                     =   1.1117747335204E+05
(PID.TID 0000.0001) %MON DYU_sd                       =   1.6298145055771E-09
(PID.TID 0000.0001) %MON RA_max                       =   1.1966569815247E+10
(PID.TID 0000.0001) %MON RA_min                       =   3.0947653786454E+09
(PID.TID 0000.0001) %MON RA_mean                      =   8.3199147564140E+09
(PID.TID 0000.0001) %MON RA_sd                        =   2.6771629371464E+09
(PID.TID 0000.0001) %MON RAW_max                      =   1.1966569815247E+10
(PID.TID 0000.0001) %MON RAW_min                      =   3.0947653786454E+09
(PID.TID 0000.0001) %MON RAW_mean                     =   8.3199147564140E+09
(PID.TID 0000.0001) %MON RAW_sd                       =   2.6771629371464E+09
(PID.TID 0000.0001) %MON RAS_max                      =   1.1993120744872E+10
(PID.TID 0000.0001) %MON RAS_min                      =   3.1990742357493E+09
(PID.TID 0000.0001) %MON RAS_mean                     =   8.3922019910189E+09
(PID.TID 0000.0001) %MON RAS_sd                       =   2.6546147916555E+09
(PID.TID 0000.0001) %MON RAZ_max                      =   1.1993120744872E+10
(PID.TID 0000.0001) %MON RAZ_min                      =   3.1990742357493E+09
(PID.TID 0000.0001) %MON RAZ_mean                     =   8.3922019910189E+09
(PID.TID 0000.0001) %MON RAZ_sd                       =   2.6546147916555E+09
(PID.TID 0000.0001) %MON AngleCS_max                  =   1.0000000000000E+00
(PID.TID 0000.0001) %MON AngleCS_min                  =   1.0000000000000E+00
(PID.TID 0000.0001) %MON AngleCS_mean                 =   1.0000000000000E+00
(PID.TID 0000.0001) %MON AngleCS_sd                   =   0.0000000000000E+00
(PID.TID 0000.0001) %MON AngleSN_max                  =   0.0000000000000E+00
(PID.TID 0000.0001) %MON AngleSN_min                  =   0.0000000000000E+00
(PID.TID 0000.0001) %MON AngleSN_mean                 =   0.0000000000000E+00
(PID.TID 0000.0001) %MON AngleSN_sd                   =   0.0000000000000E+00
(PID.TID 0000.0001) GAD_INIT_FIXED: GAD_OlMinSize=  1  0  1
(PID.TID 0000.0001) 
(PID.TID 0000.0001) // ===================================
(PID.TID 0000.0001) // GAD parameters :
(PID.TID 0000.0001) // ===================================
(PID.TID 0000.0001) tempAdvScheme =   /* Temp. Horiz.Advection scheme selector */
(PID.TID 0000.0001)                       2
(PID.TID 0000.0001)     ;
(PID.TID 0000.0001) tempVertAdvScheme =   /* Temp. Vert. Advection scheme selector */
(PID.TID 0000.0001)                       2
(PID.TID 0000.0001)     ;
(PID.TID 0000.0001) tempMultiDimAdvec =   /* use Muti-Dim Advec method for Temp */
(PID.TID 0000.0001)                   F
(PID.TID 0000.0001)     ;
(PID.TID 0000.0001) tempSOM_Advection = /* use 2nd Order Moment Advection for Temp */
(PID.TID 0000.0001)                   F
(PID.TID 0000.0001)     ;
(PID.TID 0000.0001) AdamsBashforthGt = /* apply Adams-Bashforth extrapolation on Gt */
(PID.TID 0000.0001)                   T
(PID.TID 0000.0001)     ;
(PID.TID 0000.0001) AdamsBashforth_T = /* apply Adams-Bashforth extrapolation on Temp */
(PID.TID 0000.0001)                   F
(PID.TID 0000.0001)     ;
(PID.TID 0000.0001) saltAdvScheme =   /* Salt. Horiz.advection scheme selector */
(PID.TID 0000.0001)                       2
(PID.TID 0000.0001)     ;
(PID.TID 0000.0001) saltVertAdvScheme =   /* Salt. Vert. Advection scheme selector */
(PID.TID 0000.0001)                       2
(PID.TID 0000.0001)     ;
(PID.TID 0000.0001) saltMultiDimAdvec =   /* use Muti-Dim Advec method for Salt */
(PID.TID 0000.0001)                   F
(PID.TID 0000.0001)     ;
(PID.TID 0000.0001) saltSOM_Advection = /* use 2nd Order Moment Advection for Salt */
(PID.TID 0000.0001)                   F
(PID.TID 0000.0001)     ;
(PID.TID 0000.0001) AdamsBashforthGs = /* apply Adams-Bashforth extrapolation on Gs */
(PID.TID 0000.0001)                   F
(PID.TID 0000.0001)     ;
(PID.TID 0000.0001) AdamsBashforth_S = /* apply Adams-Bashforth extrapolation on Salt */
(PID.TID 0000.0001)                   F
(PID.TID 0000.0001)     ;
(PID.TID 0000.0001) // ===================================
(PID.TID 0000.0001) ctrl-wet 1:    nvarlength =          900
(PID.TID 0000.0001) ctrl-wet 2: surface wet C =          900
(PID.TID 0000.0001) ctrl-wet 3: surface wet W =          870
(PID.TID 0000.0001) ctrl-wet 4: surface wet S =          870
(PID.TID 0000.0001) ctrl-wet 4a:surface wet V =            0
(PID.TID 0000.0001) ctrl-wet 5: 3D wet points =        13500
(PID.TID 0000.0001) ctrl-wet 6: no recs for i =     1           0
(PID.TID 0000.0001) ctrl-wet 6: no recs for i =     2           0
(PID.TID 0000.0001) ctrl-wet 6: no recs for i =     3           0
(PID.TID 0000.0001) ctrl-wet 6: no recs for i =     4           0
(PID.TID 0000.0001) ctrl-wet 6: no recs for i =     5           0
(PID.TID 0000.0001) ctrl-wet 6: no recs for i =     6           0
(PID.TID 0000.0001) ctrl-wet 6: no recs for i =     7           0
(PID.TID 0000.0001) ctrl-wet 6: no recs for i =     8           0
(PID.TID 0000.0001) ctrl-wet 6: no recs for i =     9           0
(PID.TID 0000.0001) ctrl-wet 6: no recs for i =    10           0
(PID.TID 0000.0001) ctrl-wet 6: no recs for i =    11           0
(PID.TID 0000.0001) ctrl-wet 6: no recs for i =    12           0
(PID.TID 0000.0001) ctrl-wet 6: no recs for i =    13           0
(PID.TID 0000.0001) ctrl-wet 6: no recs for i =    14           0
(PID.TID 0000.0001) ctrl-wet 6: no recs for i =    15           0
(PID.TID 0000.0001) ctrl-wet 6: no recs for i =    16           0
(PID.TID 0000.0001) ctrl-wet 6: no recs for i =    17           0
(PID.TID 0000.0001) ctrl-wet 6: no recs for i =    18           0
(PID.TID 0000.0001) ctrl-wet 6: no recs for i =    19           0
(PID.TID 0000.0001) ctrl-wet 6: no recs for i =    20           0
(PID.TID 0000.0001) ctrl-wet 6: no recs for i =    21           0
(PID.TID 0000.0001) ctrl-wet 6: no recs for i =    22           0
(PID.TID 0000.0001) ctrl-wet 6: no recs for i =    23           0
(PID.TID 0000.0001) ctrl-wet 6: no recs for i =    24           0
(PID.TID 0000.0001) ctrl-wet 6: no recs for i =    25           0
(PID.TID 0000.0001) ctrl-wet 6: no recs for i =    26           0
(PID.TID 0000.0001) ctrl-wet 6: no recs for i =    27           0
(PID.TID 0000.0001) ctrl-wet 6: no recs for i =    28           0
(PID.TID 0000.0001) ctrl-wet 6: no recs for i =    29           0
(PID.TID 0000.0001) ctrl-wet 6: no recs for i =    30           0
(PID.TID 0000.0001) ctrl-wet 6: no recs for i =    31           0
(PID.TID 0000.0001) ctrl-wet 6: no recs for i =    32           0
(PID.TID 0000.0001) ctrl-wet 6: no recs for i =    33           0
(PID.TID 0000.0001) ctrl-wet 6: no recs for i =    34           0
(PID.TID 0000.0001) ctrl-wet 6: no recs for i =    35           0
(PID.TID 0000.0001) ctrl-wet 6: no recs for i =    36           0
(PID.TID 0000.0001) ctrl-wet 6: no recs for i =    37           0
(PID.TID 0000.0001) ctrl-wet 6: no recs for i =    38           0
(PID.TID 0000.0001) ctrl-wet 6: no recs for i =    39           0
(PID.TID 0000.0001) ctrl-wet 6: no recs for i =    40           0
(PID.TID 0000.0001) ctrl-wet 6: no recs for i =    41           0
(PID.TID 0000.0001) ctrl-wet 6: no recs for i =    42           0
(PID.TID 0000.0001) ctrl-wet 6: no recs for i =    43           0
(PID.TID 0000.0001) ctrl-wet 6: no recs for i =    44           0
(PID.TID 0000.0001) ctrl-wet 6: no recs for i =    45           0
(PID.TID 0000.0001) ctrl-wet 6: no recs for i =    46           0
(PID.TID 0000.0001) ctrl-wet 6: no recs for i =    47           0
(PID.TID 0000.0001) ctrl-wet 6: no recs for i =    48           0
(PID.TID 0000.0001) ctrl-wet 6: no recs for i =    49           0
(PID.TID 0000.0001) ctrl-wet 6: no recs for i =    50           0
(PID.TID 0000.0001) ctrl-wet 6: no recs for i =    51           0
(PID.TID 0000.0001) ctrl-wet 6: no recs for i =    52           0
(PID.TID 0000.0001) ctrl-wet 6: no recs for i =    53           0
(PID.TID 0000.0001) ctrl-wet 6: no recs for i =    54           0
(PID.TID 0000.0001) ctrl-wet 6: no recs for i =    55           0
(PID.TID 0000.0001) ctrl-wet 6: no recs for i =    56           0
(PID.TID 0000.0001) ctrl-wet 6: no recs for i =    57           0
(PID.TID 0000.0001) ctrl-wet 6: no recs for i =    58           0
(PID.TID 0000.0001) ctrl-wet 6: no recs for i =    59           0
(PID.TID 0000.0001) ctrl-wet 6: no recs for i =    60           0
(PID.TID 0000.0001) ctrl-wet 6: no recs for i =    61           0
(PID.TID 0000.0001) ctrl-wet 6: no recs for i =    62           0
(PID.TID 0000.0001) ctrl-wet 6: no recs for i =    63           0
(PID.TID 0000.0001) ctrl-wet 6: no recs for i =    64           0
(PID.TID 0000.0001) ctrl-wet 6: no recs for i =    65           0
(PID.TID 0000.0001) ctrl-wet 6: no recs for i =    66           0
(PID.TID 0000.0001) ctrl-wet 6: no recs for i =    67           0
(PID.TID 0000.0001) ctrl-wet 6: no recs for i =    68           0
(PID.TID 0000.0001) ctrl-wet 6: no recs for i =    69           0
(PID.TID 0000.0001) ctrl-wet 6: no recs for i =    70           0
(PID.TID 0000.0001) ctrl-wet 6: no recs for i =    71           0
(PID.TID 0000.0001) ctrl-wet 6: no recs for i =    72           0
(PID.TID 0000.0001) ctrl-wet 6: no recs for i =    73           0
(PID.TID 0000.0001) ctrl-wet 6: no recs for i =    74           0
(PID.TID 0000.0001) ctrl-wet 6: no recs for i =    75           0
(PID.TID 0000.0001) ctrl-wet 6: no recs for i =    76           0
(PID.TID 0000.0001) ctrl-wet 6: no recs for i =    77           0
(PID.TID 0000.0001) ctrl-wet 6: no recs for i =    78           0
(PID.TID 0000.0001) ctrl-wet 6: no recs for i =    79           0
(PID.TID 0000.0001) ctrl-wet 6: no recs for i =    80           0
(PID.TID 0000.0001) ctrl-wet 6: no recs for i =    81           0
(PID.TID 0000.0001) ctrl-wet 6: no recs for i =    82           0
(PID.TID 0000.0001) ctrl-wet 6: no recs for i =    83           0
(PID.TID 0000.0001) ctrl-wet 6: no recs for i =    84           0
(PID.TID 0000.0001) ctrl-wet 6: no recs for i =    85           0
(PID.TID 0000.0001) ctrl-wet 6: no recs for i =    86           0
(PID.TID 0000.0001) ctrl-wet 6: no recs for i =    87           0
(PID.TID 0000.0001) ctrl-wet 6: no recs for i =    88           0
(PID.TID 0000.0001) ctrl-wet 6: no recs for i =    89           0
(PID.TID 0000.0001) ctrl-wet 6: no recs for i =    90           0
(PID.TID 0000.0001) ctrl-wet 6: no recs for i =    91           0
(PID.TID 0000.0001) ctrl-wet 6: no recs for i =    92           0
(PID.TID 0000.0001) ctrl-wet 6: no recs for i =    93           0
(PID.TID 0000.0001) ctrl-wet 6: no recs for i =    94           0
(PID.TID 0000.0001) ctrl-wet 6: no recs for i =    95           0
(PID.TID 0000.0001) ctrl-wet 6: no recs for i =    96           0
(PID.TID 0000.0001) ctrl-wet 6: no recs for i =    97           0
(PID.TID 0000.0001) ctrl-wet 6: no recs for i =    98           0
(PID.TID 0000.0001) ctrl-wet 6: no recs for i =    99           0
(PID.TID 0000.0001) ctrl-wet 6: no recs for i =   100           0
(PID.TID 0000.0001) ctrl-wet 6: no recs for i =   101           1
(PID.TID 0000.0001) ctrl-wet 6: no recs for i =   102           0
(PID.TID 0000.0001) ctrl-wet 6: no recs for i =   103           0
(PID.TID 0000.0001) ctrl-wet 6: no recs for i =   104           0
(PID.TID 0000.0001) ctrl-wet 6: no recs for i =   105           0
(PID.TID 0000.0001) ctrl-wet 6: no recs for i =   106           0
(PID.TID 0000.0001) ctrl-wet 6: no recs for i =   107           0
(PID.TID 0000.0001) ctrl-wet 6: no recs for i =   108           0
(PID.TID 0000.0001) ctrl-wet 6: no recs for i =   109           0
(PID.TID 0000.0001) ctrl-wet 6: no recs for i =   110           0
(PID.TID 0000.0001) ctrl-wet 6: no recs for i =   111           0
(PID.TID 0000.0001) ctrl-wet 6: no recs for i =   112           0
(PID.TID 0000.0001) ctrl-wet 6: no recs for i =   113           0
(PID.TID 0000.0001) ctrl-wet 6: no recs for i =   114           0
(PID.TID 0000.0001) ctrl-wet 6: no recs for i =   115           0
(PID.TID 0000.0001) ctrl-wet 6: no recs for i =   116           0
(PID.TID 0000.0001) ctrl-wet 6: no recs for i =   117           0
(PID.TID 0000.0001) ctrl-wet 6: no recs for i =   118           0
(PID.TID 0000.0001) ctrl-wet 6: no recs for i =   119           0
(PID.TID 0000.0001) ctrl-wet 6: no recs for i =   120           0
(PID.TID 0000.0001) ctrl-wet 6: no recs for i =   121           0
(PID.TID 0000.0001) ctrl-wet 6: no recs for i =   122           0
(PID.TID 0000.0001) ctrl-wet 6: no recs for i =   123           0
(PID.TID 0000.0001) ctrl-wet 6: no recs for i =   124           0
(PID.TID 0000.0001) ctrl-wet 6: no recs for i =   125           0
(PID.TID 0000.0001) ctrl-wet 6: no recs for i =   126           0
(PID.TID 0000.0001) ctrl-wet 6: no recs for i =   127           0
(PID.TID 0000.0001) ctrl-wet 6: no recs for i =   128           0
(PID.TID 0000.0001) ctrl-wet 6: no recs for i =   129           0
(PID.TID 0000.0001) ctrl-wet 6: no recs for i =   130           0
(PID.TID 0000.0001) ctrl-wet 6: no recs for i =   131           0
(PID.TID 0000.0001) ctrl-wet 6: no recs for i =   132           0
(PID.TID 0000.0001) ctrl-wet 6: no recs for i =   133           0
(PID.TID 0000.0001) ctrl-wet 6: no recs for i =   134           0
(PID.TID 0000.0001) ctrl-wet 6: no recs for i =   135           0
(PID.TID 0000.0001) ctrl-wet 6: no recs for i =   136           0
(PID.TID 0000.0001) ctrl-wet 6: no recs for i =   137           0
(PID.TID 0000.0001) ctrl-wet 6: no recs for i =   138           0
(PID.TID 0000.0001) ctrl-wet 6: no recs for i =   139           0
(PID.TID 0000.0001) ctrl-wet 6: no recs for i =   140           0
(PID.TID 0000.0001) ctrl-wet 6: no recs for i =   141           0
(PID.TID 0000.0001) ctrl-wet 6: no recs for i =   142           0
(PID.TID 0000.0001) ctrl-wet 6: no recs for i =   143           0
(PID.TID 0000.0001) ctrl-wet 6: no recs for i =   144           0
(PID.TID 0000.0001) ctrl-wet 6: no recs for i =   145           0
(PID.TID 0000.0001) ctrl-wet 6: no recs for i =   146           0
(PID.TID 0000.0001) ctrl-wet 6: no recs for i =   147           0
(PID.TID 0000.0001) ctrl-wet 6: no recs for i =   148           0
(PID.TID 0000.0001) ctrl-wet 6: no recs for i =   149           0
(PID.TID 0000.0001) ctrl-wet 6: no recs for i =   150           0
(PID.TID 0000.0001) ctrl-wet 6: no recs for i =   151           0
(PID.TID 0000.0001) ctrl-wet 6: no recs for i =   152           0
(PID.TID 0000.0001) ctrl-wet 6: no recs for i =   153           0
(PID.TID 0000.0001) ctrl-wet 6: no recs for i =   154           0
(PID.TID 0000.0001) ctrl-wet 6: no recs for i =   155           0
(PID.TID 0000.0001) ctrl-wet 6: no recs for i =   156           0
(PID.TID 0000.0001) ctrl-wet 6: no recs for i =   157           0
(PID.TID 0000.0001) ctrl-wet 6: no recs for i =   158           0
(PID.TID 0000.0001) ctrl-wet 6: no recs for i =   159           0
(PID.TID 0000.0001) ctrl-wet 6: no recs for i =   160           0
(PID.TID 0000.0001) ctrl-wet 6: no recs for i =   161           0
(PID.TID 0000.0001) ctrl-wet 6: no recs for i =   162           0
(PID.TID 0000.0001) ctrl-wet 6: no recs for i =   163           0
(PID.TID 0000.0001) ctrl-wet 6: no recs for i =   164           0
(PID.TID 0000.0001) ctrl-wet 6: no recs for i =   165           0
(PID.TID 0000.0001) ctrl-wet 6: no recs for i =   166           0
(PID.TID 0000.0001) ctrl-wet 6: no recs for i =   167           0
(PID.TID 0000.0001) ctrl-wet 6: no recs for i =   168           0
(PID.TID 0000.0001) ctrl-wet 6: no recs for i =   169           0
(PID.TID 0000.0001) ctrl-wet 6: no recs for i =   170           0
(PID.TID 0000.0001) ctrl-wet 6: no recs for i =   171           0
(PID.TID 0000.0001) ctrl-wet 6: no recs for i =   172           0
(PID.TID 0000.0001) ctrl-wet 6: no recs for i =   173           0
(PID.TID 0000.0001) ctrl-wet 6: no recs for i =   174           0
(PID.TID 0000.0001) ctrl-wet 6: no recs for i =   175           0
(PID.TID 0000.0001) ctrl-wet 6: no recs for i =   176           0
(PID.TID 0000.0001) ctrl-wet 6: no recs for i =   177           0
(PID.TID 0000.0001) ctrl-wet 6: no recs for i =   178           0
(PID.TID 0000.0001) ctrl-wet 6: no recs for i =   179           0
(PID.TID 0000.0001) ctrl-wet 6: no recs for i =   180           0
(PID.TID 0000.0001) ctrl-wet 6: no recs for i =   181           0
(PID.TID 0000.0001) ctrl-wet 6: no recs for i =   182           0
(PID.TID 0000.0001) ctrl-wet 6: no recs for i =   183           0
(PID.TID 0000.0001) ctrl-wet 6: no recs for i =   184           0
(PID.TID 0000.0001) ctrl-wet 6: no recs for i =   185           0
(PID.TID 0000.0001) ctrl-wet 6: no recs for i =   186           0
(PID.TID 0000.0001) ctrl-wet 6: no recs for i =   187           0
(PID.TID 0000.0001) ctrl-wet 6: no recs for i =   188           0
(PID.TID 0000.0001) ctrl-wet 6: no recs for i =   189           0
(PID.TID 0000.0001) ctrl-wet 6: no recs for i =   190           0
(PID.TID 0000.0001) ctrl-wet 6: no recs for i =   191           0
(PID.TID 0000.0001) ctrl-wet 6: no recs for i =   192           0
(PID.TID 0000.0001) ctrl-wet 6: no recs for i =   193           0
(PID.TID 0000.0001) ctrl-wet 6: no recs for i =   194           0
(PID.TID 0000.0001) ctrl-wet 6: no recs for i =   195           0
(PID.TID 0000.0001) ctrl-wet 6: no recs for i =   196           0
(PID.TID 0000.0001) ctrl-wet 6: no recs for i =   197           0
(PID.TID 0000.0001) ctrl-wet 6: no recs for i =   198           0
(PID.TID 0000.0001) ctrl-wet 6: no recs for i =   199           0
(PID.TID 0000.0001) ctrl-wet 6: no recs for i =   200           0
(PID.TID 0000.0001) ctrl-wet 6: no recs for i =   201           0
(PID.TID 0000.0001) ctrl-wet 6: no recs for i =   202           0
(PID.TID 0000.0001) ctrl-wet 6: no recs for i =   203           0
(PID.TID 0000.0001) ctrl-wet 6: no recs for i =   204           0
(PID.TID 0000.0001) ctrl-wet 6: no recs for i =   205           0
(PID.TID 0000.0001) ctrl-wet 6: no recs for i =   206           0
(PID.TID 0000.0001) ctrl-wet 6: no recs for i =   207           0
(PID.TID 0000.0001) ctrl-wet 6: no recs for i =   208           0
(PID.TID 0000.0001) ctrl-wet 6: no recs for i =   209           0
(PID.TID 0000.0001) ctrl-wet 6: no recs for i =   210           0
(PID.TID 0000.0001) ctrl-wet 6: no recs for i =   211           0
(PID.TID 0000.0001) ctrl-wet 6: no recs for i =   212           0
(PID.TID 0000.0001) ctrl-wet 6: no recs for i =   213           0
(PID.TID 0000.0001) ctrl-wet 6: no recs for i =   214           0
(PID.TID 0000.0001) ctrl-wet 6: no recs for i =   215           0
(PID.TID 0000.0001) ctrl-wet 6: no recs for i =   216           0
(PID.TID 0000.0001) ctrl-wet 6: no recs for i =   217           0
(PID.TID 0000.0001) ctrl-wet 6: no recs for i =   218           0
(PID.TID 0000.0001) ctrl-wet 6: no recs for i =   219           0
(PID.TID 0000.0001) ctrl-wet 6: no recs for i =   220           0
(PID.TID 0000.0001) ctrl-wet 6: no recs for i =   221           0
(PID.TID 0000.0001) ctrl-wet 6: no recs for i =   222           0
(PID.TID 0000.0001) ctrl-wet 6: no recs for i =   223           0
(PID.TID 0000.0001) ctrl-wet 6: no recs for i =   224           0
(PID.TID 0000.0001) ctrl-wet 6: no recs for i =   225           0
(PID.TID 0000.0001) ctrl-wet 6: no recs for i =   226           0
(PID.TID 0000.0001) ctrl-wet 6: no recs for i =   227           0
(PID.TID 0000.0001) ctrl-wet 6: no recs for i =   228           0
(PID.TID 0000.0001) ctrl-wet 6: no recs for i =   229           0
(PID.TID 0000.0001) ctrl-wet 6: no recs for i =   230           0
(PID.TID 0000.0001) ctrl-wet 6: no recs for i =   231           0
(PID.TID 0000.0001) ctrl-wet 6: no recs for i =   232           0
(PID.TID 0000.0001) ctrl-wet 6: no recs for i =   233           0
(PID.TID 0000.0001) ctrl-wet 6: no recs for i =   234           0
(PID.TID 0000.0001) ctrl-wet 6: no recs for i =   235           0
(PID.TID 0000.0001) ctrl-wet 6: no recs for i =   236           0
(PID.TID 0000.0001) ctrl-wet 6: no recs for i =   237           0
(PID.TID 0000.0001) ctrl-wet 6: no recs for i =   238           0
(PID.TID 0000.0001) ctrl-wet 6: no recs for i =   239           0
(PID.TID 0000.0001) ctrl-wet 6: no recs for i =   240           0
(PID.TID 0000.0001) ctrl-wet 6: no recs for i =   241           0
(PID.TID 0000.0001) ctrl-wet 6: no recs for i =   242           0
(PID.TID 0000.0001) ctrl-wet 6: no recs for i =   243           0
(PID.TID 0000.0001) ctrl-wet 6: no recs for i =   244           0
(PID.TID 0000.0001) ctrl-wet 6: no recs for i =   245           0
(PID.TID 0000.0001) ctrl-wet 6: no recs for i =   246           0
(PID.TID 0000.0001) ctrl-wet 6: no recs for i =   247           0
(PID.TID 0000.0001) ctrl-wet 6: no recs for i =   248           0
(PID.TID 0000.0001) ctrl-wet 6: no recs for i =   249           0
(PID.TID 0000.0001) ctrl-wet 6: no recs for i =   250           0
(PID.TID 0000.0001) ctrl-wet 6: no recs for i =   251           0
(PID.TID 0000.0001) ctrl-wet 6: no recs for i =   252           0
(PID.TID 0000.0001) ctrl-wet 6: no recs for i =   253           0
(PID.TID 0000.0001) ctrl-wet 6: no recs for i =   254           0
(PID.TID 0000.0001) ctrl-wet 6: no recs for i =   255           0
(PID.TID 0000.0001) ctrl-wet 6: no recs for i =   256           0
(PID.TID 0000.0001) ctrl-wet 6: no recs for i =   257           0
(PID.TID 0000.0001) ctrl-wet 6: no recs for i =   258           0
(PID.TID 0000.0001) ctrl-wet 6: no recs for i =   259           0
(PID.TID 0000.0001) ctrl-wet 6: no recs for i =   260           0
(PID.TID 0000.0001) ctrl-wet 6: no recs for i =   261           0
(PID.TID 0000.0001) ctrl-wet 6: no recs for i =   262           0
(PID.TID 0000.0001) ctrl-wet 6: no recs for i =   263           0
(PID.TID 0000.0001) ctrl-wet 6: no recs for i =   264           0
(PID.TID 0000.0001) ctrl-wet 6: no recs for i =   265           0
(PID.TID 0000.0001) ctrl-wet 6: no recs for i =   266           0
(PID.TID 0000.0001) ctrl-wet 6: no recs for i =   267           0
(PID.TID 0000.0001) ctrl-wet 6: no recs for i =   268           0
(PID.TID 0000.0001) ctrl-wet 6: no recs for i =   269           0
(PID.TID 0000.0001) ctrl-wet 6: no recs for i =   270           0
(PID.TID 0000.0001) ctrl-wet 6: no recs for i =   271           0
(PID.TID 0000.0001) ctrl-wet 6: no recs for i =   272           0
(PID.TID 0000.0001) ctrl-wet 6: no recs for i =   273           0
(PID.TID 0000.0001) ctrl-wet 6: no recs for i =   274           0
(PID.TID 0000.0001) ctrl-wet 6: no recs for i =   275           0
(PID.TID 0000.0001) ctrl-wet 6: no recs for i =   276           0
(PID.TID 0000.0001) ctrl-wet 6: no recs for i =   277           0
(PID.TID 0000.0001) ctrl-wet 6: no recs for i =   278           0
(PID.TID 0000.0001) ctrl-wet 6: no recs for i =   279           0
(PID.TID 0000.0001) ctrl-wet 6: no recs for i =   280           0
(PID.TID 0000.0001) ctrl-wet 6: no recs for i =   281           0
(PID.TID 0000.0001) ctrl-wet 6: no recs for i =   282           0
(PID.TID 0000.0001) ctrl-wet 6: no recs for i =   283           0
(PID.TID 0000.0001) ctrl-wet 6: no recs for i =   284           0
(PID.TID 0000.0001) ctrl-wet 6: no recs for i =   285           0
(PID.TID 0000.0001) ctrl-wet 6: no recs for i =   286           0
(PID.TID 0000.0001) ctrl-wet 6: no recs for i =   287           0
(PID.TID 0000.0001) ctrl-wet 6: no recs for i =   288           0
(PID.TID 0000.0001) ctrl-wet 6: no recs for i =   289           0
(PID.TID 0000.0001) ctrl-wet 6: no recs for i =   290           0
(PID.TID 0000.0001) ctrl-wet 6: no recs for i =   291           0
(PID.TID 0000.0001) ctrl-wet 6: no recs for i =   292           0
(PID.TID 0000.0001) ctrl-wet 6: no recs for i =   293           0
(PID.TID 0000.0001) ctrl-wet 6: no recs for i =   294           0
(PID.TID 0000.0001) ctrl-wet 6: no recs for i =   295           0
(PID.TID 0000.0001) ctrl-wet 6: no recs for i =   296           0
(PID.TID 0000.0001) ctrl-wet 6: no recs for i =   297           0
(PID.TID 0000.0001) ctrl-wet 6: no recs for i =   298           0
(PID.TID 0000.0001) ctrl-wet 6: no recs for i =   299           0
(PID.TID 0000.0001) ctrl-wet 6: no recs for i =   300           0
(PID.TID 0000.0001) ctrl-wet 6: no recs for i =   301           0
(PID.TID 0000.0001) ctrl-wet 6: no recs for i =   302           0
(PID.TID 0000.0001) ctrl-wet 6: no recs for i =   303           0
(PID.TID 0000.0001) ctrl-wet 6: no recs for i =   304           0
(PID.TID 0000.0001) ctrl-wet 6: no recs for i =   305           0
(PID.TID 0000.0001) ctrl-wet 6: no recs for i =   306           0
(PID.TID 0000.0001) ctrl-wet 6: no recs for i =   307           0
(PID.TID 0000.0001) ctrl-wet 6: no recs for i =   308           0
(PID.TID 0000.0001) ctrl-wet 6: no recs for i =   309           0
(PID.TID 0000.0001) ctrl-wet 6: no recs for i =   310           0
(PID.TID 0000.0001) ctrl-wet 6: no recs for i =   311           0
(PID.TID 0000.0001) ctrl-wet 6: no recs for i =   312           0
(PID.TID 0000.0001) ctrl-wet 6: no recs for i =   313           0
(PID.TID 0000.0001) ctrl-wet 6: no recs for i =   314           0
(PID.TID 0000.0001) ctrl-wet 6: no recs for i =   315           0
(PID.TID 0000.0001) ctrl-wet 6: no recs for i =   316           0
(PID.TID 0000.0001) ctrl-wet 6: no recs for i =   317           0
(PID.TID 0000.0001) ctrl-wet 6: no recs for i =   318           0
(PID.TID 0000.0001) ctrl-wet 6: no recs for i =   319           0
(PID.TID 0000.0001) ctrl-wet 6: no recs for i =   320           0
(PID.TID 0000.0001) ctrl-wet 6: no recs for i =   321           0
(PID.TID 0000.0001) ctrl-wet 6: no recs for i =   322           0
(PID.TID 0000.0001) ctrl-wet 6: no recs for i =   323           0
(PID.TID 0000.0001) ctrl-wet 6: no recs for i =   324           0
(PID.TID 0000.0001) ctrl-wet 6: no recs for i =   325           0
(PID.TID 0000.0001) ctrl-wet 6: no recs for i =   326           0
(PID.TID 0000.0001) ctrl-wet 6: no recs for i =   327           0
(PID.TID 0000.0001) ctrl-wet 6: no recs for i =   328           0
(PID.TID 0000.0001) ctrl-wet 6: no recs for i =   329           0
(PID.TID 0000.0001) ctrl-wet 6: no recs for i =   330           0
(PID.TID 0000.0001) ctrl-wet 6: no recs for i =   331           0
(PID.TID 0000.0001) ctrl-wet 6: no recs for i =   332           0
(PID.TID 0000.0001) ctrl-wet 6: no recs for i =   333           0
(PID.TID 0000.0001) ctrl-wet 6: no recs for i =   334           0
(PID.TID 0000.0001) ctrl-wet 6: no recs for i =   335           0
(PID.TID 0000.0001) ctrl-wet 6: no recs for i =   336           0
(PID.TID 0000.0001) ctrl-wet 6: no recs for i =   337           0
(PID.TID 0000.0001) ctrl-wet 6: no recs for i =   338           0
(PID.TID 0000.0001) ctrl-wet 6: no recs for i =   339           0
(PID.TID 0000.0001) ctrl-wet 6: no recs for i =   340           0
(PID.TID 0000.0001) ctrl-wet 6: no recs for i =   341           0
(PID.TID 0000.0001) ctrl-wet 6: no recs for i =   342           0
(PID.TID 0000.0001) ctrl-wet 6: no recs for i =   343           0
(PID.TID 0000.0001) ctrl-wet 6: no recs for i =   344           0
(PID.TID 0000.0001) ctrl-wet 6: no recs for i =   345           0
(PID.TID 0000.0001) ctrl-wet 6: no recs for i =   346           0
(PID.TID 0000.0001) ctrl-wet 6: no recs for i =   347           0
(PID.TID 0000.0001) ctrl-wet 6: no recs for i =   348           0
(PID.TID 0000.0001) ctrl-wet 6: no recs for i =   349           0
(PID.TID 0000.0001) ctrl-wet 6: no recs for i =   350           0
(PID.TID 0000.0001) ctrl-wet 6: no recs for i =   351           0
(PID.TID 0000.0001) ctrl-wet 6: no recs for i =   352           0
(PID.TID 0000.0001) ctrl-wet 6: no recs for i =   353           0
(PID.TID 0000.0001) ctrl-wet 6: no recs for i =   354           0
(PID.TID 0000.0001) ctrl-wet 6: no recs for i =   355           0
(PID.TID 0000.0001) ctrl-wet 6: no recs for i =   356           0
(PID.TID 0000.0001) ctrl-wet 6: no recs for i =   357           0
(PID.TID 0000.0001) ctrl-wet 6: no recs for i =   358           0
(PID.TID 0000.0001) ctrl-wet 6: no recs for i =   359           0
(PID.TID 0000.0001) ctrl-wet 6: no recs for i =   360           0
(PID.TID 0000.0001) ctrl-wet 6: no recs for i =   361           0
(PID.TID 0000.0001) ctrl-wet 6: no recs for i =   362           0
(PID.TID 0000.0001) ctrl-wet 6: no recs for i =   363           0
(PID.TID 0000.0001) ctrl-wet 6: no recs for i =   364           0
(PID.TID 0000.0001) ctrl-wet 6: no recs for i =   365           0
(PID.TID 0000.0001) ctrl-wet 6: no recs for i =   366           0
(PID.TID 0000.0001) ctrl-wet 6: no recs for i =   367           0
(PID.TID 0000.0001) ctrl-wet 6: no recs for i =   368           0
(PID.TID 0000.0001) ctrl-wet 6: no recs for i =   369           0
(PID.TID 0000.0001) ctrl-wet 6: no recs for i =   370           0
(PID.TID 0000.0001) ctrl-wet 6: no recs for i =   371           0
(PID.TID 0000.0001) ctrl-wet 6: no recs for i =   372           0
(PID.TID 0000.0001) ctrl-wet 6: no recs for i =   373           0
(PID.TID 0000.0001) ctrl-wet 6: no recs for i =   374           0
(PID.TID 0000.0001) ctrl-wet 6: no recs for i =   375           0
(PID.TID 0000.0001) ctrl-wet 6: no recs for i =   376           0
(PID.TID 0000.0001) ctrl-wet 6: no recs for i =   377           0
(PID.TID 0000.0001) ctrl-wet 6: no recs for i =   378           0
(PID.TID 0000.0001) ctrl-wet 6: no recs for i =   379           0
(PID.TID 0000.0001) ctrl-wet 6: no recs for i =   380           0
(PID.TID 0000.0001) ctrl-wet 6: no recs for i =   381           0
(PID.TID 0000.0001) ctrl-wet 6: no recs for i =   382           0
(PID.TID 0000.0001) ctrl-wet 6: no recs for i =   383           0
(PID.TID 0000.0001) ctrl-wet 6: no recs for i =   384           0
(PID.TID 0000.0001) ctrl-wet 6: no recs for i =   385           0
(PID.TID 0000.0001) ctrl-wet 6: no recs for i =   386           0
(PID.TID 0000.0001) ctrl-wet 6: no recs for i =   387           0
(PID.TID 0000.0001) ctrl-wet 6: no recs for i =   388           0
(PID.TID 0000.0001) ctrl-wet 6: no recs for i =   389           0
(PID.TID 0000.0001) ctrl-wet 6: no recs for i =   390           0
(PID.TID 0000.0001) ctrl-wet 6: no recs for i =   391           0
(PID.TID 0000.0001) ctrl-wet 6: no recs for i =   392           0
(PID.TID 0000.0001) ctrl-wet 6: no recs for i =   393           0
(PID.TID 0000.0001) ctrl-wet 6: no recs for i =   394           0
(PID.TID 0000.0001) ctrl-wet 6: no recs for i =   395           0
(PID.TID 0000.0001) ctrl-wet 6: no recs for i =   396           0
(PID.TID 0000.0001) ctrl-wet 6: no recs for i =   397           0
(PID.TID 0000.0001) ctrl-wet 6: no recs for i =   398           0
(PID.TID 0000.0001) ctrl-wet 6: no recs for i =   399           0
(PID.TID 0000.0001) ctrl-wet 6: no recs for i =   400           0
(PID.TID 0000.0001) ctrl-wet 7: flux         27000
(PID.TID 0000.0001) ctrl-wet 8: atmos        27000
(PID.TID 0000.0001) ctrl-wet -------------------------------------------------
(PID.TID 0000.0001) ctrl-wet 13: global nvarlength for Nr =   15        3600
(PID.TID 0000.0001) ctrl-wet -------------------------------------------------
(PID.TID 0000.0001) ctrl-wet 14: global nWet C/S/W/V k=    1        3600        3540        3540           0
(PID.TID 0000.0001) ctrl-wet 14: global nWet C/S/W/V k=    2        3600        3540        3540           0
(PID.TID 0000.0001) ctrl-wet 14: global nWet C/S/W/V k=    3        3600        3540        3540           0
(PID.TID 0000.0001) ctrl-wet 14: global nWet C/S/W/V k=    4        3600        3540        3540           0
(PID.TID 0000.0001) ctrl-wet 14: global nWet C/S/W/V k=    5        3600        3540        3540           0
(PID.TID 0000.0001) ctrl-wet 14: global nWet C/S/W/V k=    6        3600        3540        3540           0
(PID.TID 0000.0001) ctrl-wet 14: global nWet C/S/W/V k=    7        3600        3540        3540           0
(PID.TID 0000.0001) ctrl-wet 14: global nWet C/S/W/V k=    8        3600        3540        3540           0
(PID.TID 0000.0001) ctrl-wet 14: global nWet C/S/W/V k=    9        3600        3540        3540           0
(PID.TID 0000.0001) ctrl-wet 14: global nWet C/S/W/V k=   10        3600        3540        3540           0
(PID.TID 0000.0001) ctrl-wet 14: global nWet C/S/W/V k=   11        3600        3540        3540           0
(PID.TID 0000.0001) ctrl-wet 14: global nWet C/S/W/V k=   12        3600        3540        3540           0
(PID.TID 0000.0001) ctrl-wet 14: global nWet C/S/W/V k=   13        3600        3540        3540           0
(PID.TID 0000.0001) ctrl-wet 14: global nWet C/S/W/V k=   14        3600        3540        3540           0
(PID.TID 0000.0001) ctrl-wet 14: global nWet C/S/W/V k=   15        3600        3540        3540           0
(PID.TID 0000.0001) ctrl-wet -------------------------------------------------
(PID.TID 0000.0001) ctrl-wet -------------------------------------------------
(PID.TID 0000.0001) ctrl-wet -------------------------------------------------
(PID.TID 0000.0001) ctrl_init_wet: no. of control variables:            1
(PID.TID 0000.0001) ctrl_init_wet: control vector length:            3600
(PID.TID 0000.0001) 
(PID.TID 0000.0001) // =======================================================
(PID.TID 0000.0001) // control vector configuration  >>> START <<<
(PID.TID 0000.0001) // =======================================================
(PID.TID 0000.0001) 
(PID.TID 0000.0001)  Total number of ocean points per tile:
(PID.TID 0000.0001)  --------------------------------------
(PID.TID 0000.0001)  snx*sny*nr =    14415
(PID.TID 0000.0001) 
(PID.TID 0000.0001)  Number of ocean points per tile:
(PID.TID 0000.0001)  --------------------------------
(PID.TID 0000.0001)  bi,bj,#(c/s/w): 0001 0001 013500 013050 013050
(PID.TID 0000.0001) 
(PID.TID 0000.0001)  Settings of generic controls:
(PID.TID 0000.0001)  -----------------------------
(PID.TID 0000.0001) 
(PID.TID 0000.0001)  ctrlUseGen  =     T /* use generic controls */
(PID.TID 0000.0001)  -> 2D control, genarr2d no.  1 is in use
(PID.TID 0000.0001)       file       = xx_etan
(PID.TID 0000.0001)       weight     = wetan_ones.bin
(PID.TID 0000.0001)       index      =  0101
(PID.TID 0000.0001)       ncvarindex =  0201
(PID.TID 0000.0001)  preprocess = noscaling
(PID.TID 0000.0001) 
(PID.TID 0000.0001) // =======================================================
(PID.TID 0000.0001) // control vector configuration  >>> END <<<
(PID.TID 0000.0001) // =======================================================
(PID.TID 0000.0001) 
(PID.TID 0000.0001) ------------------------------------------------------------
(PID.TID 0000.0001) DIAGNOSTICS_SET_LEVELS: done
(PID.TID 0000.0001)  Total Nb of available Diagnostics: ndiagt=   206
(PID.TID 0000.0001)  write list of available Diagnostics to file: available_diagnostics.log
(PID.TID 0000.0001) SETDIAG: Allocate 15 x  1 Levels for Diagnostic #    30 UVEL
(PID.TID 0000.0001) SETDIAG: Allocate 15 x  1 Levels for Diagnostic #    31 VVEL
(PID.TID 0000.0001) SETDIAG: Allocate 15 x  1 Levels for Diagnostic #    26 THETA
(PID.TID 0000.0001) SETDIAG: Allocate  1 x  1 Levels for Diagnostic #    23 ETAN
(PID.TID 0000.0001)   space allocated for all diagnostics:      46 levels
(PID.TID 0000.0001)   set mate pointer for diag #    30  UVEL     , Parms: UUR     MR , mate:    31
(PID.TID 0000.0001)   set mate pointer for diag #    31  VVEL     , Parms: VVR     MR , mate:    30
(PID.TID 0000.0001) DIAGNOSTICS_SET_POINTERS: Set levels for Outp.Stream: dynState
(PID.TID 0000.0001)  Levels:       1.   2.   3.   4.   5.   6.   7.   8.   9.  10.  11.  12.  13.  14.  15.
(PID.TID 0000.0001) DIAGNOSTICS_SET_POINTERS: Set levels for Outp.Stream: surfState
(PID.TID 0000.0001)  Levels:       1.
(PID.TID 0000.0001) DIAGNOSTICS_SET_POINTERS: done
(PID.TID 0000.0001) ------------------------------------------------------------
(PID.TID 0000.0001) DIAGSTATS_SET_REGIONS: define no region
(PID.TID 0000.0001) ------------------------------------------------------------
(PID.TID 0000.0001)   space allocated for all stats-diags:       0 levels
(PID.TID 0000.0001) DIAGSTATS_SET_POINTERS: done
(PID.TID 0000.0001) ------------------------------------------------------------
(PID.TID 0000.0001) %MON fCori_max                    =   1.4119704352640E-04
(PID.TID 0000.0001) %MON fCori_min                    =   3.6516038314991E-05
(PID.TID 0000.0001) %MON fCori_mean                   =   9.8169098090289E-05
(PID.TID 0000.0001) %MON fCori_sd                     =   3.1588625445688E-05
(PID.TID 0000.0001) %MON fCoriG_max                   =   1.4087300867102E-04
(PID.TID 0000.0001) %MON fCoriG_min                   =   3.5282486883545E-05
(PID.TID 0000.0001) %MON fCoriG_mean                  =   9.7308683992513E-05
(PID.TID 0000.0001) %MON fCoriG_sd                    =   3.1852455422806E-05
(PID.TID 0000.0001) %MON fCoriCos_max                 =   1.4119704352640E-04
(PID.TID 0000.0001) %MON fCoriCos_min                 =   3.6516038314991E-05
(PID.TID 0000.0001) %MON fCoriCos_mean                =   9.8169098090289E-05
(PID.TID 0000.0001) %MON fCoriCos_sd                  =   3.1588625445688E-05
(PID.TID 0000.0001) INI_CG2D: CG2D normalisation factor =  1.4846576448792055E-04
(PID.TID 0000.0001) 
(PID.TID 0000.0001) // =======================================================
(PID.TID 0000.0001) // Model configuration
(PID.TID 0000.0001) // =======================================================
(PID.TID 0000.0001) //
(PID.TID 0000.0001) // "Physical" paramters ( PARM01 in namelist )
(PID.TID 0000.0001) //
(PID.TID 0000.0001) buoyancyRelation = /* Type of relation to get Buoyancy */
(PID.TID 0000.0001)               'OCEANIC'
(PID.TID 0000.0001)     ;
(PID.TID 0000.0001) fluidIsAir   =  /* fluid major constituent is Air */
(PID.TID 0000.0001)                   F
(PID.TID 0000.0001)     ;
(PID.TID 0000.0001) fluidIsWater =  /* fluid major constituent is Water */
(PID.TID 0000.0001)                   T
(PID.TID 0000.0001)     ;
(PID.TID 0000.0001) usingPCoords =  /* use p (or p*) vertical coordinate */
(PID.TID 0000.0001)                   F
(PID.TID 0000.0001)     ;
(PID.TID 0000.0001) usingZCoords =  /* use z (or z*) vertical coordinate */
(PID.TID 0000.0001)                   T
(PID.TID 0000.0001)     ;
(PID.TID 0000.0001) tRef =   /* Reference temperature profile ( oC or K ) */
(PID.TID 0000.0001)                 3.000000000000000E+01,      /* K =  1 */
(PID.TID 0000.0001)                 2.700000000000000E+01,      /* K =  2 */
(PID.TID 0000.0001)                 2.400000000000000E+01,      /* K =  3 */
(PID.TID 0000.0001)                 2.100000000000000E+01,      /* K =  4 */
(PID.TID 0000.0001)                 1.800000000000000E+01,      /* K =  5 */
(PID.TID 0000.0001)                 1.500000000000000E+01,      /* K =  6 */
(PID.TID 0000.0001)                 1.300000000000000E+01,      /* K =  7 */
(PID.TID 0000.0001)                 1.100000000000000E+01,      /* K =  8 */
(PID.TID 0000.0001)                 9.000000000000000E+00,      /* K =  9 */
(PID.TID 0000.0001)                 7.000000000000000E+00,      /* K = 10 */
(PID.TID 0000.0001)                 6.000000000000000E+00,      /* K = 11 */
(PID.TID 0000.0001)                 5.000000000000000E+00,      /* K = 12 */
(PID.TID 0000.0001)                 4.000000000000000E+00,      /* K = 13 */
(PID.TID 0000.0001)                 3.000000000000000E+00,      /* K = 14 */
(PID.TID 0000.0001)                 2.000000000000000E+00       /* K = 15 */
(PID.TID 0000.0001)     ;
(PID.TID 0000.0001) sRef =   /* Reference salinity profile ( g/kg ) */
(PID.TID 0000.0001)    15 @  3.000000000000000E+01              /* K =  1: 15 */
(PID.TID 0000.0001)     ;
(PID.TID 0000.0001) useStrainTensionVisc= /* Use StrainTension Form of Viscous Operator */
(PID.TID 0000.0001)                   F
(PID.TID 0000.0001)     ;
(PID.TID 0000.0001) useVariableVisc = /* Use variable horizontal viscosity */
(PID.TID 0000.0001)                   F
(PID.TID 0000.0001)     ;
(PID.TID 0000.0001) useHarmonicVisc = /* Use harmonic horizontal viscosity */
(PID.TID 0000.0001)                   T
(PID.TID 0000.0001)     ;
(PID.TID 0000.0001) useBiharmonicVisc= /* Use biharmonic horiz.  viscosity */
(PID.TID 0000.0001)                   F
(PID.TID 0000.0001)     ;
(PID.TID 0000.0001) useSmag3D = /* Use isotropic 3-D Smagorinsky viscosity */
(PID.TID 0000.0001)                   F
(PID.TID 0000.0001)     ;
(PID.TID 0000.0001) viscAh  =   /* Lateral harmonic viscosity ( m^2/s ) */
(PID.TID 0000.0001)                 5.000000000000000E+03
(PID.TID 0000.0001)     ;
(PID.TID 0000.0001) viscA4  =   /* Lateral biharmonic viscosity ( m^4/s ) */
(PID.TID 0000.0001)                 0.000000000000000E+00
(PID.TID 0000.0001)     ;
(PID.TID 0000.0001) no_slip_sides =  /* Viscous BCs: No-slip sides */
(PID.TID 0000.0001)                   T
(PID.TID 0000.0001)     ;
(PID.TID 0000.0001) sideDragFactor = /* side-drag scaling factor (non-dim) */
(PID.TID 0000.0001)                 2.000000000000000E+00
(PID.TID 0000.0001)     ;
(PID.TID 0000.0001) viscArNr = /* vertical profile of vertical viscosity ( m^2/s )*/
(PID.TID 0000.0001)    15 @  1.000000000000000E-02              /* K =  1: 15 */
(PID.TID 0000.0001)     ;
(PID.TID 0000.0001) no_slip_bottom =  /* Viscous BCs: No-slip bottom */
(PID.TID 0000.0001)                   F
(PID.TID 0000.0001)     ;
(PID.TID 0000.0001) bottomVisc_pCell = /* Partial-cell in bottom Visc. BC */
(PID.TID 0000.0001)                   F
(PID.TID 0000.0001)     ;
(PID.TID 0000.0001) bottomDragLinear = /* linear bottom-drag coefficient ( m/s ) */
(PID.TID 0000.0001)                 0.000000000000000E+00
(PID.TID 0000.0001)     ;
(PID.TID 0000.0001) bottomDragQuadratic = /* quadratic bottom-drag coefficient (-) */
(PID.TID 0000.0001)                 0.000000000000000E+00
(PID.TID 0000.0001)     ;
(PID.TID 0000.0001) selectBotDragQuadr = /* select quadratic bottom drag options */
(PID.TID 0000.0001)                      -1
(PID.TID 0000.0001)     ;
(PID.TID 0000.0001) diffKhT =   /* Laplacian diffusion of heat laterally ( m^2/s ) */
(PID.TID 0000.0001)                 1.000000000000000E+03
(PID.TID 0000.0001)     ;
(PID.TID 0000.0001) diffK4T =   /* Biharmonic diffusion of heat laterally ( m^4/s ) */
(PID.TID 0000.0001)                 0.000000000000000E+00
(PID.TID 0000.0001)     ;
(PID.TID 0000.0001) diffKhS =   /* Laplacian diffusion of salt laterally ( m^2/s ) */
(PID.TID 0000.0001)                 0.000000000000000E+00
(PID.TID 0000.0001)     ;
(PID.TID 0000.0001) diffK4S =   /* Biharmonic diffusion of salt laterally ( m^4/s ) */
(PID.TID 0000.0001)                 0.000000000000000E+00
(PID.TID 0000.0001)     ;
(PID.TID 0000.0001) diffKrNrT = /* vertical profile of vertical diffusion of Temp ( m^2/s )*/
(PID.TID 0000.0001)    15 @  1.000000000000000E-05              /* K =  1: 15 */
(PID.TID 0000.0001)     ;
(PID.TID 0000.0001) diffKrNrS = /* vertical profile of vertical diffusion of Salt ( m^2/s )*/
(PID.TID 0000.0001)    15 @  1.000000000000000E-05              /* K =  1: 15 */
(PID.TID 0000.0001)     ;
(PID.TID 0000.0001) diffKrBL79surf = /* Surface diffusion for Bryan and Lewis 79 ( m^2/s ) */
(PID.TID 0000.0001)                 0.000000000000000E+00
(PID.TID 0000.0001)     ;
(PID.TID 0000.0001) diffKrBL79deep = /* Deep diffusion for Bryan and Lewis 1979 ( m^2/s ) */
(PID.TID 0000.0001)                 0.000000000000000E+00
(PID.TID 0000.0001)     ;
(PID.TID 0000.0001) diffKrBL79scl = /* Depth scale for Bryan and Lewis 1979 ( m ) */
(PID.TID 0000.0001)                 2.000000000000000E+02
(PID.TID 0000.0001)     ;
(PID.TID 0000.0001) diffKrBL79Ho = /* Turning depth for Bryan and Lewis 1979 ( m ) */
(PID.TID 0000.0001)                -2.000000000000000E+03
(PID.TID 0000.0001)     ;
(PID.TID 0000.0001) ivdc_kappa = /* Implicit Vertical Diffusivity for Convection ( m^2/s) */
(PID.TID 0000.0001)                 1.000000000000000E+00
(PID.TID 0000.0001)     ;
(PID.TID 0000.0001) hMixCriteria=  /* Criteria for mixed-layer diagnostic */
(PID.TID 0000.0001)                -8.000000000000000E-01
(PID.TID 0000.0001)     ;
(PID.TID 0000.0001) dRhoSmall =  /* Parameter for mixed-layer diagnostic */
(PID.TID 0000.0001)                 1.000000000000000E-06
(PID.TID 0000.0001)     ;
(PID.TID 0000.0001) hMixSmooth=  /* Smoothing parameter for mixed-layer diagnostic */
(PID.TID 0000.0001)                 0.000000000000000E+00
(PID.TID 0000.0001)     ;
(PID.TID 0000.0001) eosType =  /* Type of Equation of State */
(PID.TID 0000.0001)               'LINEAR'
(PID.TID 0000.0001)     ;
(PID.TID 0000.0001) tAlpha = /* Linear EOS thermal expansion coefficient ( 1/oC ) */
(PID.TID 0000.0001)                 2.000000000000000E-04
(PID.TID 0000.0001)     ;
(PID.TID 0000.0001) sBeta  = /* Linear EOS haline contraction coefficient ( 1/(g/kg) ) */
(PID.TID 0000.0001)                 0.000000000000000E+00
(PID.TID 0000.0001)     ;
(PID.TID 0000.0001) rhoNil    = /* Reference density for Linear EOS ( kg/m^3 ) */
(PID.TID 0000.0001)                 9.998000000000000E+02
(PID.TID 0000.0001)     ;
(PID.TID 0000.0001) selectP_inEOS_Zc = /* select pressure to use in EOS (0,1,2,3) */
(PID.TID 0000.0001)                       0
(PID.TID 0000.0001)     0= -g*rhoConst*z ; 1= pRef (from tRef,sRef); 2= Hyd P ; 3= Hyd+NH P
(PID.TID 0000.0001)     ;
(PID.TID 0000.0001) surf_pRef = /* Surface reference pressure ( Pa ) */
(PID.TID 0000.0001)                 1.013250000000000E+05
(PID.TID 0000.0001)     ;
(PID.TID 0000.0001) HeatCapacity_Cp =  /* Specific heat capacity ( J/kg/K ) */
(PID.TID 0000.0001)                 3.994000000000000E+03
(PID.TID 0000.0001)     ;
(PID.TID 0000.0001) celsius2K = /* 0 degree Celsius converted to Kelvin ( K ) */
(PID.TID 0000.0001)                 2.731500000000000E+02
(PID.TID 0000.0001)     ;
(PID.TID 0000.0001) rhoConst  = /* Reference density (Boussinesq)  ( kg/m^3 ) */
(PID.TID 0000.0001)                 9.998000000000000E+02
(PID.TID 0000.0001)     ;
(PID.TID 0000.0001) rhoFacC = /* normalized Reference density @ cell-Center (-) */
(PID.TID 0000.0001)    15 @  1.000000000000000E+00              /* K =  1: 15 */
(PID.TID 0000.0001)     ;
(PID.TID 0000.0001) rhoFacF = /* normalized Reference density @ W-Interface (-) */
(PID.TID 0000.0001)    16 @  1.000000000000000E+00              /* K =  1: 16 */
(PID.TID 0000.0001)     ;
(PID.TID 0000.0001) rhoConstFresh = /* Fresh-water reference density ( kg/m^3 ) */
(PID.TID 0000.0001)                 9.998000000000000E+02
(PID.TID 0000.0001)     ;
(PID.TID 0000.0001) gravity =   /* Gravitational acceleration ( m/s^2 ) */
(PID.TID 0000.0001)                 9.810000000000000E+00
(PID.TID 0000.0001)     ;
(PID.TID 0000.0001) gBaro =   /* Barotropic gravity ( m/s^2 ) */
(PID.TID 0000.0001)                 9.810000000000000E+00
(PID.TID 0000.0001)     ;
(PID.TID 0000.0001) gravFacC = /* gravity factor (vs surf.) @ cell-Center (-) */
(PID.TID 0000.0001)    15 @  1.000000000000000E+00              /* K =  1: 15 */
(PID.TID 0000.0001)     ;
(PID.TID 0000.0001) gravFacF = /* gravity factor (vs surf.) @ W-Interface (-) */
(PID.TID 0000.0001)    16 @  1.000000000000000E+00              /* K =  1: 16 */
(PID.TID 0000.0001)     ;
(PID.TID 0000.0001) rotationPeriod =   /* Rotation Period ( s ) */
(PID.TID 0000.0001)                 8.616400000000000E+04
(PID.TID 0000.0001)     ;
(PID.TID 0000.0001) omega =   /* Angular velocity ( rad/s ) */
(PID.TID 0000.0001)                 7.292123516990375E-05
(PID.TID 0000.0001)     ;
(PID.TID 0000.0001) f0 =   /* Reference coriolis parameter ( 1/s ) */
(PID.TID 0000.0001)                 1.000000000000000E-04
(PID.TID 0000.0001)     ;
(PID.TID 0000.0001) beta =   /* Beta ( 1/(m.s) ) */
(PID.TID 0000.0001)                 9.999999999999999E-12
(PID.TID 0000.0001)     ;
(PID.TID 0000.0001) fPrime =   /* Second coriolis parameter ( 1/s ) */
(PID.TID 0000.0001)                 0.000000000000000E+00
(PID.TID 0000.0001)     ;
(PID.TID 0000.0001) rigidLid =   /* Rigid lid on/off flag */
(PID.TID 0000.0001)                   F
(PID.TID 0000.0001)     ;
(PID.TID 0000.0001) implicitFreeSurface =   /* Implicit free surface on/off flag */
(PID.TID 0000.0001)                   T
(PID.TID 0000.0001)     ;
(PID.TID 0000.0001) freeSurfFac =   /* Implicit free surface factor */
(PID.TID 0000.0001)                 1.000000000000000E+00
(PID.TID 0000.0001)     ;
(PID.TID 0000.0001) implicSurfPress =  /* Surface Pressure implicit factor (0-1) */
(PID.TID 0000.0001)                 1.000000000000000E+00
(PID.TID 0000.0001)     ;
(PID.TID 0000.0001) implicDiv2DFlow =  /* Barot. Flow Div. implicit factor (0-1) */
(PID.TID 0000.0001)                 1.000000000000000E+00
(PID.TID 0000.0001)     ;
(PID.TID 0000.0001) uniformLin_PhiSurf = /* use uniform Bo_surf on/off flag */
(PID.TID 0000.0001)                   T
(PID.TID 0000.0001)     ;
(PID.TID 0000.0001) uniformFreeSurfLev = /* free-surface level-index is uniform */
(PID.TID 0000.0001)                   T
(PID.TID 0000.0001)     ;
(PID.TID 0000.0001) sIceLoadFac =  /* scale factor for sIceLoad (0-1) */
(PID.TID 0000.0001)                 1.000000000000000E+00
(PID.TID 0000.0001)     ;
(PID.TID 0000.0001) hFacMin =   /* minimum partial cell factor (hFac) */
(PID.TID 0000.0001)                 1.000000000000000E+00
(PID.TID 0000.0001)     ;
(PID.TID 0000.0001) hFacMinDr = /* minimum partial cell thickness ( m) */
(PID.TID 0000.0001)                 0.000000000000000E+00
(PID.TID 0000.0001)     ;
(PID.TID 0000.0001) exactConserv =  /* Exact Volume Conservation on/off flag */
(PID.TID 0000.0001)                   T
(PID.TID 0000.0001)     ;
(PID.TID 0000.0001) linFSConserveTr = /* Tracer correction for Lin Free Surface on/off flag */
(PID.TID 0000.0001)                   F
(PID.TID 0000.0001)     ;
(PID.TID 0000.0001) nonlinFreeSurf = /* Non-linear Free Surf. options (-1,0,1,2,3)*/
(PID.TID 0000.0001)                       0
(PID.TID 0000.0001)      -1,0= Off ; 1,2,3= On, 2=+rescale gU,gV, 3=+update cg2d solv.
(PID.TID 0000.0001)     ;
(PID.TID 0000.0001) hFacInf =   /* lower threshold for hFac (nonlinFreeSurf only)*/
(PID.TID 0000.0001)                 2.000000000000000E-01
(PID.TID 0000.0001)     ;
(PID.TID 0000.0001) hFacSup =   /* upper threshold for hFac (nonlinFreeSurf only)*/
(PID.TID 0000.0001)                 2.000000000000000E+00
(PID.TID 0000.0001)     ;
(PID.TID 0000.0001) select_rStar = /* r* Vertical coord. options (=0 r coord.; >0 uses r*)*/
(PID.TID 0000.0001)                       0
(PID.TID 0000.0001)     ;
(PID.TID 0000.0001) useRealFreshWaterFlux = /* Real Fresh Water Flux on/off flag*/
(PID.TID 0000.0001)                   F
(PID.TID 0000.0001)     ;
(PID.TID 0000.0001) temp_EvPrRn = /* Temp. of Evap/Prec/R (UNSET=use local T)(oC)*/
(PID.TID 0000.0001)                 1.234567000000000E+05
(PID.TID 0000.0001)     ;
(PID.TID 0000.0001) salt_EvPrRn = /* Salin. of Evap/Prec/R (UNSET=use local S)(g/kg)*/
(PID.TID 0000.0001)                 0.000000000000000E+00
(PID.TID 0000.0001)     ;
(PID.TID 0000.0001) selectAddFluid = /* option for mass source/sink of fluid (=0: off) */
(PID.TID 0000.0001)                       0
(PID.TID 0000.0001)     ;
(PID.TID 0000.0001) temp_addMass = /* Temp. of addMass array (UNSET=use local T)(oC)*/
(PID.TID 0000.0001)                 1.234567000000000E+05
(PID.TID 0000.0001)     ;
(PID.TID 0000.0001) salt_addMass = /* Salin. of addMass array (UNSET=use local S)(g/kg)*/
(PID.TID 0000.0001)                 0.000000000000000E+00
(PID.TID 0000.0001)     ;
(PID.TID 0000.0001) convertFW2Salt = /* convert F.W. Flux to Salt Flux (-1=use local S)(g/kg)*/
(PID.TID 0000.0001)                 3.500000000000000E+01
(PID.TID 0000.0001)     ;
(PID.TID 0000.0001) use3Dsolver = /* use 3-D pressure solver on/off flag */
(PID.TID 0000.0001)                   F
(PID.TID 0000.0001)     ;
(PID.TID 0000.0001) nonHydrostatic =  /* Non-Hydrostatic on/off flag */
(PID.TID 0000.0001)                   F
(PID.TID 0000.0001)     ;
(PID.TID 0000.0001) nh_Am2 = /* Non-Hydrostatic terms scaling factor */
(PID.TID 0000.0001)                 1.000000000000000E+00
(PID.TID 0000.0001)     ;
(PID.TID 0000.0001) implicitNHPress = /* Non-Hyd Pressure implicit factor (0-1)*/
(PID.TID 0000.0001)                 1.000000000000000E+00
(PID.TID 0000.0001)     ;
(PID.TID 0000.0001) selectNHfreeSurf = /* Non-Hyd (free-)Surface option */
(PID.TID 0000.0001)                       0
(PID.TID 0000.0001)     ;
(PID.TID 0000.0001) quasiHydrostatic = /* Quasi-Hydrostatic on/off flag */
(PID.TID 0000.0001)                   F
(PID.TID 0000.0001)     ;
(PID.TID 0000.0001) calc_wVelocity = /* vertical velocity calculation on/off flag */
(PID.TID 0000.0001)                   T
(PID.TID 0000.0001)     ;
(PID.TID 0000.0001) momStepping =  /* Momentum equation on/off flag */
(PID.TID 0000.0001)                   T
(PID.TID 0000.0001)     ;
(PID.TID 0000.0001) vectorInvariantMomentum= /* Vector-Invariant Momentum on/off */
(PID.TID 0000.0001)                   F
(PID.TID 0000.0001)     ;
(PID.TID 0000.0001) momAdvection =  /* Momentum advection on/off flag */
(PID.TID 0000.0001)                   T
(PID.TID 0000.0001)     ;
(PID.TID 0000.0001) momViscosity =  /* Momentum viscosity on/off flag */
(PID.TID 0000.0001)                   T
(PID.TID 0000.0001)     ;
(PID.TID 0000.0001) momImplVertAdv= /* Momentum implicit vert. advection on/off*/
(PID.TID 0000.0001)                   F
(PID.TID 0000.0001)     ;
(PID.TID 0000.0001) implicitViscosity = /* Implicit viscosity on/off flag */
(PID.TID 0000.0001)                   F
(PID.TID 0000.0001)     ;
(PID.TID 0000.0001) selectImplicitDrag= /* Implicit bot Drag options (0,1,2)*/
(PID.TID 0000.0001)                       0
(PID.TID 0000.0001)     0= Expl. ; 1= Impl. on provis. Vel ; 2= Fully Impl (with surf.P)
(PID.TID 0000.0001)     ;
(PID.TID 0000.0001) metricTerms =  /* metric-Terms on/off flag */
(PID.TID 0000.0001)                   T
(PID.TID 0000.0001)     ;
(PID.TID 0000.0001) useNHMTerms = /* Non-Hydrostatic Metric-Terms on/off */
(PID.TID 0000.0001)                   F
(PID.TID 0000.0001)     ;
(PID.TID 0000.0001) selectCoriMap = /* Coriolis Map options (0,1,2,3)*/
(PID.TID 0000.0001)                       2
(PID.TID 0000.0001)     0= f-Plane ; 1= Beta-Plane ; 2= Spherical ; 3= read from file
(PID.TID 0000.0001)     ;
(PID.TID 0000.0001) use3dCoriolis = /* 3-D Coriolis on/off flag */
(PID.TID 0000.0001)                   F
(PID.TID 0000.0001)     ;
(PID.TID 0000.0001) useCoriolis =  /* Coriolis on/off flag */
(PID.TID 0000.0001)                   T
(PID.TID 0000.0001)     ;
(PID.TID 0000.0001) useCDscheme =  /* CD scheme on/off flag */
(PID.TID 0000.0001)                   F
(PID.TID 0000.0001)     ;
(PID.TID 0000.0001) selectCoriScheme= /* Scheme selector for Coriolis-Term */
(PID.TID 0000.0001)                       0
(PID.TID 0000.0001)    = 0 : original discretization (simple averaging, no hFac)
(PID.TID 0000.0001)    = 1 : Wet-point averaging (Jamar & Ozer 1986)
(PID.TID 0000.0001)    = 2 : energy conserving scheme (no hFac weight)
(PID.TID 0000.0001)    = 3 : energy conserving scheme using Wet-point averaging
(PID.TID 0000.0001)     ;
(PID.TID 0000.0001) momForcing =  /* Momentum forcing on/off flag */
(PID.TID 0000.0001)                   T
(PID.TID 0000.0001)     ;
(PID.TID 0000.0001) momTidalForcing = /* Momentum Tidal forcing on/off flag */
(PID.TID 0000.0001)                   T
(PID.TID 0000.0001)     ;
(PID.TID 0000.0001) momPressureForcing =  /* Momentum pressure term on/off flag */
(PID.TID 0000.0001)                   T
(PID.TID 0000.0001)     ;
(PID.TID 0000.0001) implicitIntGravWave= /* Implicit Internal Gravity Wave flag */
(PID.TID 0000.0001)                   F
(PID.TID 0000.0001)     ;
(PID.TID 0000.0001) staggerTimeStep =    /* Stagger time stepping on/off flag */
(PID.TID 0000.0001)                   F
(PID.TID 0000.0001)     ;
(PID.TID 0000.0001) doResetHFactors = /* reset thickness factors @ each time-step */
(PID.TID 0000.0001)                   F
(PID.TID 0000.0001)     ;
(PID.TID 0000.0001) multiDimAdvection =  /* enable/disable Multi-Dim Advection */
(PID.TID 0000.0001)                   T
(PID.TID 0000.0001)     ;
(PID.TID 0000.0001) useMultiDimAdvec =   /* Multi-Dim Advection is/is-not used */
(PID.TID 0000.0001)                   F
(PID.TID 0000.0001)     ;
(PID.TID 0000.0001) implicitDiffusion = /* Implicit Diffusion on/off flag */
(PID.TID 0000.0001)                   T
(PID.TID 0000.0001)     ;
(PID.TID 0000.0001) tempStepping =  /* Temperature equation on/off flag */
(PID.TID 0000.0001)                   T
(PID.TID 0000.0001)     ;
(PID.TID 0000.0001) tempAdvection = /* Temperature advection on/off flag */
(PID.TID 0000.0001)                   T
(PID.TID 0000.0001)     ;
(PID.TID 0000.0001) tempImplVertAdv = /* Temp. implicit vert. advection on/off */
(PID.TID 0000.0001)                   F
(PID.TID 0000.0001)     ;
(PID.TID 0000.0001) tempForcing  =  /* Temperature forcing on/off flag */
(PID.TID 0000.0001)                   T
(PID.TID 0000.0001)     ;
(PID.TID 0000.0001) doThetaClimRelax = /* apply SST relaxation on/off flag */
(PID.TID 0000.0001)                   T
(PID.TID 0000.0001)     ;
(PID.TID 0000.0001) tempIsActiveTr = /* Temp. is a dynamically Active Tracer */
(PID.TID 0000.0001)                   T
(PID.TID 0000.0001)     ;
(PID.TID 0000.0001) saltStepping =  /* Salinity equation on/off flag */
(PID.TID 0000.0001)                   F
(PID.TID 0000.0001)     ;
(PID.TID 0000.0001) saltAdvection = /* Salinity advection on/off flag */
(PID.TID 0000.0001)                   F
(PID.TID 0000.0001)     ;
(PID.TID 0000.0001) saltImplVertAdv = /* Sali. implicit vert. advection on/off */
(PID.TID 0000.0001)                   F
(PID.TID 0000.0001)     ;
(PID.TID 0000.0001) saltForcing  =  /* Salinity forcing on/off flag */
(PID.TID 0000.0001)                   F
(PID.TID 0000.0001)     ;
(PID.TID 0000.0001) doSaltClimRelax = /* apply SSS relaxation on/off flag */
(PID.TID 0000.0001)                   F
(PID.TID 0000.0001)     ;
(PID.TID 0000.0001) saltIsActiveTr = /* Salt  is a dynamically Active Tracer */
(PID.TID 0000.0001)                   F
(PID.TID 0000.0001)     ;
(PID.TID 0000.0001)  readBinaryPrec = /* Precision used for reading binary files */
(PID.TID 0000.0001)                      32
(PID.TID 0000.0001)     ;
(PID.TID 0000.0001) writeBinaryPrec = /* Precision used for writing binary files */
(PID.TID 0000.0001)                      32
(PID.TID 0000.0001)     ;
(PID.TID 0000.0001)  rwSuffixType =   /* select format of mds file suffix */
(PID.TID 0000.0001)                       0
(PID.TID 0000.0001)    = 0 : myIter (I10.10) ;   = 1 : 100*myTime (100th sec) ;
(PID.TID 0000.0001)    = 2 : myTime (seconds);   = 3 : myTime/360 (10th of hr);
(PID.TID 0000.0001)    = 4 : myTime/3600 (hours)
(PID.TID 0000.0001)     ;
(PID.TID 0000.0001)  globalFiles = /* write "global" (=not per tile) files */
(PID.TID 0000.0001)                   F
(PID.TID 0000.0001)     ;
(PID.TID 0000.0001)  useSingleCpuIO = /* only master MPI process does I/O */
(PID.TID 0000.0001)                   T
(PID.TID 0000.0001)     ;
(PID.TID 0000.0001)  useSingleCpuInput = /* only master process reads input */
(PID.TID 0000.0001)                   T
(PID.TID 0000.0001)     ;
(PID.TID 0000.0001) /* debLev[*]  : level of debug & auxiliary message printing */
(PID.TID 0000.0001) debLevZero =  0 ; /* level of disabled aux. msg printing */
(PID.TID 0000.0001)    debLevA =  1 ; /* level of minimum  aux. msg printing */
(PID.TID 0000.0001)    debLevB =  2 ; /* level of low aux. print (report read-file opening)*/
(PID.TID 0000.0001)    debLevC =  3 ; /* level of moderate debug prt (most pkgs debug msg) */
(PID.TID 0000.0001)    debLevD =  4 ; /* level of enhanced debug prt (add DEBUG_STATS prt) */
(PID.TID 0000.0001)    debLevE =  5 ; /* level of extensive debug printing */
(PID.TID 0000.0001) debugLevel =  /* select debug printing level */
(PID.TID 0000.0001)                       1
(PID.TID 0000.0001)     ;
(PID.TID 0000.0001)  plotLevel =  /* select PLOT_FIELD printing level */
(PID.TID 0000.0001)                       1
(PID.TID 0000.0001)     ;
(PID.TID 0000.0001) //
(PID.TID 0000.0001) // Elliptic solver(s) paramters ( PARM02 in namelist )
(PID.TID 0000.0001) //
(PID.TID 0000.0001) cg2dMaxIters =   /* Upper limit on 2d con. grad iterations  */
(PID.TID 0000.0001)                    1000
(PID.TID 0000.0001)     ;
(PID.TID 0000.0001) cg2dMinItersNSA =   /* Minimum number of iterations of 2d con. grad solver  */
(PID.TID 0000.0001)                       0
(PID.TID 0000.0001)     ;
(PID.TID 0000.0001) cg2dUseMinResSol= /* use cg2d last-iter(=0) / min-resid.(=1) solution */
(PID.TID 0000.0001)                       0
(PID.TID 0000.0001)     ;
(PID.TID 0000.0001) cg2dTargetResidual =   /* 2d con. grad target residual  */
(PID.TID 0000.0001)                 1.000000000000000E-12
(PID.TID 0000.0001)     ;
(PID.TID 0000.0001) cg2dTargetResWunit =   /* CG2d target residual [W units] */
(PID.TID 0000.0001)                -1.000000000000000E+00
(PID.TID 0000.0001)     ;
(PID.TID 0000.0001) cg2dPreCondFreq =   /* Freq. for updating cg2d preconditioner */
(PID.TID 0000.0001)                       1
(PID.TID 0000.0001)     ;
(PID.TID 0000.0001) useSRCGSolver =  /* use single reduction CG solver(s) */
(PID.TID 0000.0001)                   F
(PID.TID 0000.0001)     ;
(PID.TID 0000.0001) useNSACGSolver =  /* use not-self-adjoint CG solver */
(PID.TID 0000.0001)                   F
(PID.TID 0000.0001)     ;
(PID.TID 0000.0001) printResidualFreq = /* Freq. for printing CG residual */
(PID.TID 0000.0001)                       0
(PID.TID 0000.0001)     ;
(PID.TID 0000.0001) //
(PID.TID 0000.0001) // Time stepping paramters ( PARM03 in namelist )
(PID.TID 0000.0001) //
(PID.TID 0000.0001) deltaTMom =   /* Momentum equation timestep ( s ) */
(PID.TID 0000.0001)                 1.200000000000000E+03
(PID.TID 0000.0001)     ;
(PID.TID 0000.0001) deltaTFreeSurf = /* FreeSurface equation timestep ( s ) */
(PID.TID 0000.0001)                 1.200000000000000E+03
(PID.TID 0000.0001)     ;
(PID.TID 0000.0001) dTtracerLev =  /* Tracer equation timestep ( s ) */
(PID.TID 0000.0001)    15 @  1.200000000000000E+03              /* K =  1: 15 */
(PID.TID 0000.0001)     ;
(PID.TID 0000.0001) deltaTClock  =   /* Model clock timestep ( s ) */
(PID.TID 0000.0001)                 1.200000000000000E+03
(PID.TID 0000.0001)     ;
(PID.TID 0000.0001) cAdjFreq =   /* Convective adjustment interval ( s ) */
(PID.TID 0000.0001)                 0.000000000000000E+00
(PID.TID 0000.0001)     ;
(PID.TID 0000.0001) momForcingOutAB = /* =1: take Momentum Forcing out of Adams-Bash. stepping */
(PID.TID 0000.0001)                       0
(PID.TID 0000.0001)     ;
(PID.TID 0000.0001) tracForcingOutAB = /* =1: take T,S,pTr Forcing out of Adams-Bash. stepping */
(PID.TID 0000.0001)                       0
(PID.TID 0000.0001)     ;
(PID.TID 0000.0001) momDissip_In_AB = /* put Dissipation Tendency in Adams-Bash. stepping */
(PID.TID 0000.0001)                   T
(PID.TID 0000.0001)     ;
(PID.TID 0000.0001) doAB_onGtGs = /* apply AB on Tendencies (rather than on T,S)*/
(PID.TID 0000.0001)                   T
(PID.TID 0000.0001)     ;
(PID.TID 0000.0001) abEps =   /* Adams-Bashforth-2 stabilizing weight */
(PID.TID 0000.0001)                 1.000000000000000E-02
(PID.TID 0000.0001)     ;
(PID.TID 0000.0001) applyExchUV_early = /* Apply EXCH to U,V earlier in time-step */
(PID.TID 0000.0001)                   F
(PID.TID 0000.0001)     ;
(PID.TID 0000.0001) pickupStrictlyMatch= /* stop if pickup do not strictly match */
(PID.TID 0000.0001)                   T
(PID.TID 0000.0001)     ;
(PID.TID 0000.0001) nIter0   =   /* Run starting timestep number */
(PID.TID 0000.0001)                 3111120
(PID.TID 0000.0001)     ;
(PID.TID 0000.0001) nTimeSteps = /* Number of timesteps */
(PID.TID 0000.0001)                     720
(PID.TID 0000.0001)     ;
(PID.TID 0000.0001) nEndIter =   /* Run ending timestep number */
(PID.TID 0000.0001)                 3111840
(PID.TID 0000.0001)     ;
(PID.TID 0000.0001) baseTime =   /* Model base time ( s ) */
(PID.TID 0000.0001)                 0.000000000000000E+00
(PID.TID 0000.0001)     ;
(PID.TID 0000.0001) startTime =  /* Run start time ( s ) */
(PID.TID 0000.0001)                 3.733344000000000E+09
(PID.TID 0000.0001)     ;
(PID.TID 0000.0001) endTime  =   /* Integration ending time ( s ) */
(PID.TID 0000.0001)                 3.734208000000000E+09
(PID.TID 0000.0001)     ;
(PID.TID 0000.0001) pChkPtFreq = /* Permanent restart/pickup file interval ( s ) */
(PID.TID 0000.0001)                 0.000000000000000E+00
(PID.TID 0000.0001)     ;
(PID.TID 0000.0001) chkPtFreq  = /* Rolling restart/pickup file interval ( s ) */
(PID.TID 0000.0001)                 0.000000000000000E+00
(PID.TID 0000.0001)     ;
(PID.TID 0000.0001) pickup_write_mdsio =   /* Model IO flag. */
(PID.TID 0000.0001)                   T
(PID.TID 0000.0001)     ;
(PID.TID 0000.0001) pickup_read_mdsio =   /* Model IO flag. */
(PID.TID 0000.0001)                   T
(PID.TID 0000.0001)     ;
(PID.TID 0000.0001) writePickupAtEnd =   /* Model IO flag. */
(PID.TID 0000.0001)                   T
(PID.TID 0000.0001)     ;
(PID.TID 0000.0001) dumpFreq =   /* Model state write out interval ( s ). */
(PID.TID 0000.0001)                 0.000000000000000E+00
(PID.TID 0000.0001)     ;
(PID.TID 0000.0001) dumpInitAndLast= /* write out Initial & Last iter. model state */
(PID.TID 0000.0001)                   T
(PID.TID 0000.0001)     ;
(PID.TID 0000.0001) snapshot_mdsio =   /* Model IO flag. */
(PID.TID 0000.0001)                   T
(PID.TID 0000.0001)     ;
(PID.TID 0000.0001) monitorFreq =   /* Monitor output interval ( s ). */
(PID.TID 0000.0001)                 2.592000000000000E+06
(PID.TID 0000.0001)     ;
(PID.TID 0000.0001) monitorSelect = /* select group of variables to monitor */
(PID.TID 0000.0001)                       2
(PID.TID 0000.0001)     ;
(PID.TID 0000.0001) monitor_stdio =   /* Model IO flag. */
(PID.TID 0000.0001)                   T
(PID.TID 0000.0001)     ;
(PID.TID 0000.0001) externForcingPeriod =   /* forcing period (s) */
(PID.TID 0000.0001)                 0.000000000000000E+00
(PID.TID 0000.0001)     ;
(PID.TID 0000.0001) externForcingCycle =   /* period of the cyle (s). */
(PID.TID 0000.0001)                 0.000000000000000E+00
(PID.TID 0000.0001)     ;
(PID.TID 0000.0001) tauThetaClimRelax =   /* relaxation time scale (s) */
(PID.TID 0000.0001)                 2.592000000000000E+06
(PID.TID 0000.0001)     ;
(PID.TID 0000.0001) tauSaltClimRelax =   /* relaxation time scale (s) */
(PID.TID 0000.0001)                 0.000000000000000E+00
(PID.TID 0000.0001)     ;
(PID.TID 0000.0001) latBandClimRelax =   /* max. Lat. where relaxation */
(PID.TID 0000.0001)                 1.800000000000000E+02
(PID.TID 0000.0001)     ;
(PID.TID 0000.0001) //
(PID.TID 0000.0001) // Gridding paramters ( PARM04 in namelist )
(PID.TID 0000.0001) //
(PID.TID 0000.0001) usingCartesianGrid = /* Cartesian coordinates flag ( True/False ) */
(PID.TID 0000.0001)                   F
(PID.TID 0000.0001)     ;
(PID.TID 0000.0001) usingCylindricalGrid = /* Cylindrical coordinates flag ( True/False ) */
(PID.TID 0000.0001)                   F
(PID.TID 0000.0001)     ;
(PID.TID 0000.0001) usingSphericalPolarGrid = /* Spherical coordinates flag ( True/False ) */
(PID.TID 0000.0001)                   T
(PID.TID 0000.0001)     ;
(PID.TID 0000.0001) usingCurvilinearGrid = /* Curvilinear coordinates flag ( True/False ) */
(PID.TID 0000.0001)                   F
(PID.TID 0000.0001)     ;
(PID.TID 0000.0001) useMin4hFacEdges = /* set hFacW,S as minimum of adjacent hFacC factor */
(PID.TID 0000.0001)                   F
(PID.TID 0000.0001)     ;
(PID.TID 0000.0001) interViscAr_pCell = /* account for partial-cell in interior vert. viscosity */
(PID.TID 0000.0001)                   F
(PID.TID 0000.0001)     ;
(PID.TID 0000.0001) interDiffKr_pCell = /* account for partial-cell in interior vert. diffusion */
(PID.TID 0000.0001)                   F
(PID.TID 0000.0001)     ;
(PID.TID 0000.0001) pCellMix_select = /* option to enhance mixing near surface & bottom */
(PID.TID 0000.0001)                       0
(PID.TID 0000.0001)     ;
(PID.TID 0000.0001) selectSigmaCoord = /* Hybrid-Sigma Vert. Coordinate option */
(PID.TID 0000.0001)                       0
(PID.TID 0000.0001)     ;
(PID.TID 0000.0001) rSigmaBnd = /* r/sigma transition ( units of r ==  m ) */
(PID.TID 0000.0001)                 1.234567000000000E+05
(PID.TID 0000.0001)     ;
(PID.TID 0000.0001) rkSign =   /* index orientation relative to vertical coordinate */
(PID.TID 0000.0001)                -1.000000000000000E+00
(PID.TID 0000.0001)     ;
(PID.TID 0000.0001) gravitySign = /* gravity orientation relative to vertical coordinate */
(PID.TID 0000.0001)                -1.000000000000000E+00
(PID.TID 0000.0001)     ;
(PID.TID 0000.0001) seaLev_Z =  /* reference height of sea-level [m] */
(PID.TID 0000.0001)                 0.000000000000000E+00
(PID.TID 0000.0001)     ;
(PID.TID 0000.0001) top_Pres =  /* reference pressure at the top [Pa] */
(PID.TID 0000.0001)                 0.000000000000000E+00
(PID.TID 0000.0001)     ;
(PID.TID 0000.0001) mass2rUnit = /* convert mass per unit area [kg/m2] to r-units [m] */
(PID.TID 0000.0001)                 1.000200040008002E-03
(PID.TID 0000.0001)     ;
(PID.TID 0000.0001) rUnit2mass = /* convert r-units [m] to mass per unit area [kg/m2] */
(PID.TID 0000.0001)                 9.998000000000000E+02
(PID.TID 0000.0001)     ;
(PID.TID 0000.0001) drC =   /* C spacing ( units of r ) */
(PID.TID 0000.0001)                 2.500000000000000E+01,      /* K =  1 */
(PID.TID 0000.0001)                 5.500000000000000E+01,      /* K =  2 */
(PID.TID 0000.0001)                 6.500000000000000E+01,      /* K =  3 */
(PID.TID 0000.0001)                 7.500000000000000E+01,      /* K =  4 */
(PID.TID 0000.0001)                 8.500000000000000E+01,      /* K =  5 */
(PID.TID 0000.0001)                 9.500000000000000E+01,      /* K =  6 */
(PID.TID 0000.0001)                 1.050000000000000E+02,      /* K =  7 */
(PID.TID 0000.0001)                 1.150000000000000E+02,      /* K =  8 */
(PID.TID 0000.0001)                 1.250000000000000E+02,      /* K =  9 */
(PID.TID 0000.0001)                 1.350000000000000E+02,      /* K = 10 */
(PID.TID 0000.0001)                 1.450000000000000E+02,      /* K = 11 */
(PID.TID 0000.0001)                 1.550000000000000E+02,      /* K = 12 */
(PID.TID 0000.0001)                 1.650000000000000E+02,      /* K = 13 */
(PID.TID 0000.0001)                 1.750000000000000E+02,      /* K = 14 */
(PID.TID 0000.0001)                 1.850000000000000E+02,      /* K = 15 */
(PID.TID 0000.0001)                 9.500000000000000E+01       /* K = 16 */
(PID.TID 0000.0001)     ;
(PID.TID 0000.0001) drF =   /* W spacing ( units of r ) */
(PID.TID 0000.0001)                 5.000000000000000E+01,      /* K =  1 */
(PID.TID 0000.0001)                 6.000000000000000E+01,      /* K =  2 */
(PID.TID 0000.0001)                 7.000000000000000E+01,      /* K =  3 */
(PID.TID 0000.0001)                 8.000000000000000E+01,      /* K =  4 */
(PID.TID 0000.0001)                 9.000000000000000E+01,      /* K =  5 */
(PID.TID 0000.0001)                 1.000000000000000E+02,      /* K =  6 */
(PID.TID 0000.0001)                 1.100000000000000E+02,      /* K =  7 */
(PID.TID 0000.0001)                 1.200000000000000E+02,      /* K =  8 */
(PID.TID 0000.0001)                 1.300000000000000E+02,      /* K =  9 */
(PID.TID 0000.0001)                 1.400000000000000E+02,      /* K = 10 */
(PID.TID 0000.0001)                 1.500000000000000E+02,      /* K = 11 */
(PID.TID 0000.0001)                 1.600000000000000E+02,      /* K = 12 */
(PID.TID 0000.0001)                 1.700000000000000E+02,      /* K = 13 */
(PID.TID 0000.0001)                 1.800000000000000E+02,      /* K = 14 */
(PID.TID 0000.0001)                 1.900000000000000E+02       /* K = 15 */
(PID.TID 0000.0001)     ;
(PID.TID 0000.0001) delX = /* U spacing ( m - cartesian, degrees - spherical ) */
(PID.TID 0000.0001)    62 @  1.000000000000000E+00              /* I =  1: 62 */
(PID.TID 0000.0001)     ;
(PID.TID 0000.0001) delY = /* V spacing ( m - cartesian, degrees - spherical ) */
(PID.TID 0000.0001)    62 @  1.000000000000000E+00              /* J =  1: 62 */
(PID.TID 0000.0001)     ;
(PID.TID 0000.0001) xgOrigin = /* X-axis origin of West  edge (cartesian: m, lat-lon: deg) */
(PID.TID 0000.0001)                -1.000000000000000E+00
(PID.TID 0000.0001)     ;
(PID.TID 0000.0001) ygOrigin = /* Y-axis origin of South edge (cartesian: m, lat-lon: deg) */
(PID.TID 0000.0001)                 1.400000000000000E+01
(PID.TID 0000.0001)     ;
(PID.TID 0000.0001) rSphere =  /* Radius ( ignored - cartesian, m - spherical ) */
(PID.TID 0000.0001)                 6.370000000000000E+06
(PID.TID 0000.0001)     ;
(PID.TID 0000.0001) deepAtmosphere = /* Deep/Shallow Atmosphere flag (True/False) */
(PID.TID 0000.0001)                   F
(PID.TID 0000.0001)     ;
(PID.TID 0000.0001) xC =  /* xC(:,1,:,1) : P-point X coord ( deg. or m if cartesian) */
(PID.TID 0000.0001)                -5.000000000000000E-01,      /* I =  1 */
(PID.TID 0000.0001)                 5.000000000000000E-01,      /* I =  2 */
(PID.TID 0000.0001)                 1.500000000000000E+00,      /* I =  3 */
(PID.TID 0000.0001)                 2.500000000000000E+00,      /* I =  4 */
(PID.TID 0000.0001)                 3.500000000000000E+00,      /* I =  5 */
(PID.TID 0000.0001)                 4.500000000000000E+00,      /* I =  6 */
(PID.TID 0000.0001)                 5.500000000000000E+00,      /* I =  7 */
(PID.TID 0000.0001)                 6.500000000000000E+00,      /* I =  8 */
(PID.TID 0000.0001)                 7.500000000000000E+00,      /* I =  9 */
(PID.TID 0000.0001)                 8.500000000000000E+00,      /* I = 10 */
(PID.TID 0000.0001)                 9.500000000000000E+00,      /* I = 11 */
(PID.TID 0000.0001)                 1.050000000000000E+01,      /* I = 12 */
(PID.TID 0000.0001)                 1.150000000000000E+01,      /* I = 13 */
(PID.TID 0000.0001)                 1.250000000000000E+01,      /* I = 14 */
(PID.TID 0000.0001)                 1.350000000000000E+01,      /* I = 15 */
(PID.TID 0000.0001)                 1.450000000000000E+01,      /* I = 16 */
(PID.TID 0000.0001)                 1.550000000000000E+01,      /* I = 17 */
(PID.TID 0000.0001)                 1.650000000000000E+01,      /* I = 18 */
(PID.TID 0000.0001)                 1.750000000000000E+01,      /* I = 19 */
(PID.TID 0000.0001)                 1.850000000000000E+01,      /* I = 20 */
(PID.TID 0000.0001)                 1.950000000000000E+01,      /* I = 21 */
(PID.TID 0000.0001)                 2.050000000000000E+01,      /* I = 22 */
(PID.TID 0000.0001)                 2.150000000000000E+01,      /* I = 23 */
(PID.TID 0000.0001)                 2.250000000000000E+01,      /* I = 24 */
(PID.TID 0000.0001)                 2.350000000000000E+01,      /* I = 25 */
(PID.TID 0000.0001)                 2.450000000000000E+01,      /* I = 26 */
(PID.TID 0000.0001)                 2.550000000000000E+01,      /* I = 27 */
(PID.TID 0000.0001)                 2.650000000000000E+01,      /* I = 28 */
(PID.TID 0000.0001)                 2.750000000000000E+01,      /* I = 29 */
(PID.TID 0000.0001)                 2.850000000000000E+01,      /* I = 30 */
(PID.TID 0000.0001)                 2.950000000000000E+01       /* I = 31 */
(PID.TID 0000.0001)     ;
(PID.TID 0000.0001) yC =  /* yC(1,:,1,:) : P-point Y coord ( deg. or m if cartesian) */
(PID.TID 0000.0001)                 1.450000000000000E+01,      /* J =  1 */
(PID.TID 0000.0001)                 1.550000000000000E+01,      /* J =  2 */
(PID.TID 0000.0001)                 1.650000000000000E+01,      /* J =  3 */
(PID.TID 0000.0001)                 1.750000000000000E+01,      /* J =  4 */
(PID.TID 0000.0001)                 1.850000000000000E+01,      /* J =  5 */
(PID.TID 0000.0001)                 1.950000000000000E+01,      /* J =  6 */
(PID.TID 0000.0001)                 2.050000000000000E+01,      /* J =  7 */
(PID.TID 0000.0001)                 2.150000000000000E+01,      /* J =  8 */
(PID.TID 0000.0001)                 2.250000000000000E+01,      /* J =  9 */
(PID.TID 0000.0001)                 2.350000000000000E+01,      /* J = 10 */
(PID.TID 0000.0001)                 2.450000000000000E+01,      /* J = 11 */
(PID.TID 0000.0001)                 2.550000000000000E+01,      /* J = 12 */
(PID.TID 0000.0001)                 2.650000000000000E+01,      /* J = 13 */
(PID.TID 0000.0001)                 2.750000000000000E+01,      /* J = 14 */
(PID.TID 0000.0001)                 2.850000000000000E+01,      /* J = 15 */
(PID.TID 0000.0001)                 2.950000000000000E+01,      /* J = 16 */
(PID.TID 0000.0001)                 3.050000000000000E+01,      /* J = 17 */
(PID.TID 0000.0001)                 3.150000000000000E+01,      /* J = 18 */
(PID.TID 0000.0001)                 3.250000000000000E+01,      /* J = 19 */
(PID.TID 0000.0001)                 3.350000000000000E+01,      /* J = 20 */
(PID.TID 0000.0001)                 3.450000000000000E+01,      /* J = 21 */
(PID.TID 0000.0001)                 3.550000000000000E+01,      /* J = 22 */
(PID.TID 0000.0001)                 3.650000000000000E+01,      /* J = 23 */
(PID.TID 0000.0001)                 3.750000000000000E+01,      /* J = 24 */
(PID.TID 0000.0001)                 3.850000000000000E+01,      /* J = 25 */
(PID.TID 0000.0001)                 3.950000000000000E+01,      /* J = 26 */
(PID.TID 0000.0001)                 4.050000000000000E+01,      /* J = 27 */
(PID.TID 0000.0001)                 4.150000000000000E+01,      /* J = 28 */
(PID.TID 0000.0001)                 4.250000000000000E+01,      /* J = 29 */
(PID.TID 0000.0001)                 4.350000000000000E+01,      /* J = 30 */
(PID.TID 0000.0001)                 4.450000000000000E+01       /* J = 31 */
(PID.TID 0000.0001)     ;
(PID.TID 0000.0001) rcoord = /* P-point R coordinate (  units of r ) */
(PID.TID 0000.0001)                -2.500000000000000E+01,      /* K =  1 */
(PID.TID 0000.0001)                -8.000000000000000E+01,      /* K =  2 */
(PID.TID 0000.0001)                -1.450000000000000E+02,      /* K =  3 */
(PID.TID 0000.0001)                -2.200000000000000E+02,      /* K =  4 */
(PID.TID 0000.0001)                -3.050000000000000E+02,      /* K =  5 */
(PID.TID 0000.0001)                -4.000000000000000E+02,      /* K =  6 */
(PID.TID 0000.0001)                -5.050000000000000E+02,      /* K =  7 */
(PID.TID 0000.0001)                -6.200000000000000E+02,      /* K =  8 */
(PID.TID 0000.0001)                -7.450000000000000E+02,      /* K =  9 */
(PID.TID 0000.0001)                -8.800000000000000E+02,      /* K = 10 */
(PID.TID 0000.0001)                -1.025000000000000E+03,      /* K = 11 */
(PID.TID 0000.0001)                -1.180000000000000E+03,      /* K = 12 */
(PID.TID 0000.0001)                -1.345000000000000E+03,      /* K = 13 */
(PID.TID 0000.0001)                -1.520000000000000E+03,      /* K = 14 */
(PID.TID 0000.0001)                -1.705000000000000E+03       /* K = 15 */
(PID.TID 0000.0001)     ;
(PID.TID 0000.0001) rF =   /* W-Interf. R coordinate (  units of r ) */
(PID.TID 0000.0001)                 0.000000000000000E+00,      /* K =  1 */
(PID.TID 0000.0001)                -5.000000000000000E+01,      /* K =  2 */
(PID.TID 0000.0001)                -1.100000000000000E+02,      /* K =  3 */
(PID.TID 0000.0001)                -1.800000000000000E+02,      /* K =  4 */
(PID.TID 0000.0001)                -2.600000000000000E+02,      /* K =  5 */
(PID.TID 0000.0001)                -3.500000000000000E+02,      /* K =  6 */
(PID.TID 0000.0001)                -4.500000000000000E+02,      /* K =  7 */
(PID.TID 0000.0001)                -5.600000000000000E+02,      /* K =  8 */
(PID.TID 0000.0001)                -6.800000000000000E+02,      /* K =  9 */
(PID.TID 0000.0001)                -8.100000000000000E+02,      /* K = 10 */
(PID.TID 0000.0001)                -9.500000000000000E+02,      /* K = 11 */
(PID.TID 0000.0001)                -1.100000000000000E+03,      /* K = 12 */
(PID.TID 0000.0001)                -1.260000000000000E+03,      /* K = 13 */
(PID.TID 0000.0001)                -1.430000000000000E+03,      /* K = 14 */
(PID.TID 0000.0001)                -1.610000000000000E+03,      /* K = 15 */
(PID.TID 0000.0001)                -1.800000000000000E+03       /* K = 16 */
(PID.TID 0000.0001)     ;
(PID.TID 0000.0001) deepFacC = /* deep-model grid factor @ cell-Center (-) */
(PID.TID 0000.0001)    15 @  1.000000000000000E+00              /* K =  1: 15 */
(PID.TID 0000.0001)     ;
(PID.TID 0000.0001) deepFacF = /* deep-model grid factor @ W-Interface (-) */
(PID.TID 0000.0001)    16 @  1.000000000000000E+00              /* K =  1: 16 */
(PID.TID 0000.0001)     ;
(PID.TID 0000.0001) rVel2wUnit = /* convert units: rVel -> wSpeed (=1 if z-coord)*/
(PID.TID 0000.0001)    16 @  1.000000000000000E+00              /* K =  1: 16 */
(PID.TID 0000.0001)     ;
(PID.TID 0000.0001) wUnit2rVel = /* convert units: wSpeed -> rVel (=1 if z-coord)*/
(PID.TID 0000.0001)    16 @  1.000000000000000E+00              /* K =  1: 16 */
(PID.TID 0000.0001)     ;
(PID.TID 0000.0001) dBdrRef = /* Vertical grad. of reference buoyancy [(m/s/r)^2] */
(PID.TID 0000.0001)                 0.000000000000000E+00,      /* K =  1 */
(PID.TID 0000.0001)                 1.070181818181818E-04,      /* K =  2 */
(PID.TID 0000.0001)                 9.055384615384615E-05,      /* K =  3 */
(PID.TID 0000.0001)                 7.848000000000002E-05,      /* K =  4 */
(PID.TID 0000.0001)                 6.924705882352942E-05,      /* K =  5 */
(PID.TID 0000.0001)                 6.195789473684211E-05,      /* K =  6 */
(PID.TID 0000.0001)                 3.737142857142858E-05,      /* K =  7 */
(PID.TID 0000.0001)                 3.412173913043479E-05,      /* K =  8 */
(PID.TID 0000.0001)                 3.139200000000000E-05,      /* K =  9 */
(PID.TID 0000.0001)                 2.906666666666667E-05,      /* K = 10 */
(PID.TID 0000.0001)                 1.353103448275862E-05,      /* K = 11 */
(PID.TID 0000.0001)                 1.265806451612903E-05,      /* K = 12 */
(PID.TID 0000.0001)                 1.189090909090909E-05,      /* K = 13 */
(PID.TID 0000.0001)                 1.121142857142857E-05,      /* K = 14 */
(PID.TID 0000.0001)                 1.060540540540541E-05       /* K = 15 */
(PID.TID 0000.0001)     ;
(PID.TID 0000.0001) rotateGrid = /* use rotated grid ( True/False ) */
(PID.TID 0000.0001)                   F
(PID.TID 0000.0001)     ;
(PID.TID 0000.0001) phiEuler = /* Euler angle, rotation about original z-coordinate [rad] */
(PID.TID 0000.0001)                 0.000000000000000E+00
(PID.TID 0000.0001)     ;
(PID.TID 0000.0001) thetaEuler = /* Euler angle, rotation about new x-coordinate [rad] */
(PID.TID 0000.0001)                 0.000000000000000E+00
(PID.TID 0000.0001)     ;
(PID.TID 0000.0001) psiEuler = /* Euler angle, rotation about new z-coordinate [rad] */
(PID.TID 0000.0001)                 0.000000000000000E+00
(PID.TID 0000.0001)     ;
(PID.TID 0000.0001) dxF =  /* dxF(:,1,:,1) ( units: m ) */
(PID.TID 0000.0001)    31 @  1.076362084889763E+05              /* I =  1: 31 */
(PID.TID 0000.0001)     ;
(PID.TID 0000.0001) dxF =  /* dxF(1,:,1,:) ( units: m ) */
(PID.TID 0000.0001)                 1.076362084889763E+05,      /* J =  1 */
(PID.TID 0000.0001)                 1.071339990328148E+05,      /* J =  2 */
(PID.TID 0000.0001)                 1.065991555227175E+05,      /* J =  3 */
(PID.TID 0000.0001)                 1.060318408771987E+05,      /* J =  4 */
(PID.TID 0000.0001)                 1.054322279057952E+05,      /* J =  5 */
(PID.TID 0000.0001)                 1.048004992564268E+05,      /* J =  6 */
(PID.TID 0000.0001)                 1.041368473597596E+05,      /* J =  7 */
(PID.TID 0000.0001)                 1.034414743705903E+05,      /* J =  8 */
(PID.TID 0000.0001)                 1.027145921062676E+05,      /* J =  9 */
(PID.TID 0000.0001)                 1.019564219821708E+05,      /* J = 10 */
(PID.TID 0000.0001)                 1.011671949442642E+05,      /* J = 11 */
(PID.TID 0000.0001)                 1.003471513987490E+05,      /* J = 12 */
(PID.TID 0000.0001)                 9.949654113883297E+04,      /* J = 13 */
(PID.TID 0000.0001)                 9.861562326864146E+04,      /* J = 14 */
(PID.TID 0000.0001)                 9.770466612429130E+04,      /* J = 15 */
(PID.TID 0000.0001)                 9.676394719215337E+04,      /* J = 16 */
(PID.TID 0000.0001)                 9.579375302432729E+04,      /* J = 17 */
(PID.TID 0000.0001)                 9.479437915135507E+04,      /* J = 18 */
(PID.TID 0000.0001)                 9.376612999219958E+04,      /* J = 19 */
(PID.TID 0000.0001)                 9.270931876151556E+04,      /* J = 20 */
(PID.TID 0000.0001)                 9.162426737424145E+04,      /* J = 21 */
(PID.TID 0000.0001)                 9.051130634754094E+04,      /* J = 22 */
(PID.TID 0000.0001)                 8.937077470012424E+04,      /* J = 23 */
(PID.TID 0000.0001)                 8.820301984897976E+04,      /* J = 24 */
(PID.TID 0000.0001)                 8.700839750354746E+04,      /* J = 25 */
(PID.TID 0000.0001)                 8.578727155736629E+04,      /* J = 26 */
(PID.TID 0000.0001)                 8.454001397722879E+04,      /* J = 27 */
(PID.TID 0000.0001)                 8.326700468987631E+04,      /* J = 28 */
(PID.TID 0000.0001)                 8.196863146626971E+04,      /* J = 29 */
(PID.TID 0000.0001)                 8.064528980347053E+04,      /* J = 30 */
(PID.TID 0000.0001)                 7.929738280416874E+04       /* J = 31 */
(PID.TID 0000.0001)     ;
(PID.TID 0000.0001) dyF =  /* dyF(:,1,:,1) ( units: m ) */
(PID.TID 0000.0001)    31 @  1.111774733520388E+05              /* I =  1: 31 */
(PID.TID 0000.0001)     ;
(PID.TID 0000.0001) dyF =  /* dyF(1,:,1,:) ( units: m ) */
(PID.TID 0000.0001)    31 @  1.111774733520388E+05              /* J =  1: 31 */
(PID.TID 0000.0001)     ;
(PID.TID 0000.0001) dxG =  /* dxG(:,1,:,1) ( units: m ) */
(PID.TID 0000.0001)    31 @  1.078750272516468E+05              /* I =  1: 31 */
(PID.TID 0000.0001)     ;
(PID.TID 0000.0001) dxG =  /* dxG(1,:,1,:) ( units: m ) */
(PID.TID 0000.0001)                 1.078750272516468E+05,      /* J =  1 */
(PID.TID 0000.0001)                 1.073891928122990E+05,      /* J =  2 */
(PID.TID 0000.0001)                 1.068706465845181E+05,      /* J =  3 */
(PID.TID 0000.0001)                 1.063195465225083E+05,      /* J =  4 */
(PID.TID 0000.0001)                 1.057360604966873E+05,      /* J =  5 */
(PID.TID 0000.0001)                 1.051203662425507E+05,      /* J =  6 */
(PID.TID 0000.0001)                 1.044726513065328E+05,      /* J =  7 */
(PID.TID 0000.0001)                 1.037931129888776E+05,      /* J =  8 */
(PID.TID 0000.0001)                 1.030819582835396E+05,      /* J =  9 */
(PID.TID 0000.0001)                 1.023394038151311E+05,      /* J = 10 */
(PID.TID 0000.0001)                 1.015656757729363E+05,      /* J = 11 */
(PID.TID 0000.0001)                 1.007610098420124E+05,      /* J = 12 */
(PID.TID 0000.0001)                 9.992565113139673E+04,      /* J = 13 */
(PID.TID 0000.0001)                 9.905985409944496E+04,      /* J = 14 */
(PID.TID 0000.0001)                 9.816388247632013E+04,      /* J = 15 */
(PID.TID 0000.0001)                 9.723800918365814E+04,      /* J = 16 */
(PID.TID 0000.0001)                 9.628251625143306E+04,      /* J = 17 */
(PID.TID 0000.0001)                 9.529769473204810E+04,      /* J = 18 */
(PID.TID 0000.0001)                 9.428384461167829E+04,      /* J = 19 */
(PID.TID 0000.0001)                 9.324127471889161E+04,      /* J = 20 */
(PID.TID 0000.0001)                 9.217030263057708E+04,      /* J = 21 */
(PID.TID 0000.0001)                 9.107125457520749E+04,      /* J = 22 */
(PID.TID 0000.0001)                 8.994446533346726E+04,      /* J = 23 */
(PID.TID 0000.0001)                 8.879027813627482E+04,      /* J = 24 */
(PID.TID 0000.0001)                 8.760904456023136E+04,      /* J = 25 */
(PID.TID 0000.0001)                 8.640112442052698E+04,      /* J = 26 */
(PID.TID 0000.0001)                 8.516688566133760E+04,      /* J = 27 */
(PID.TID 0000.0001)                 8.390670424374563E+04,      /* J = 28 */
(PID.TID 0000.0001)                 8.262096403121852E+04,      /* J = 29 */
(PID.TID 0000.0001)                 8.131005667268026E+04,      /* J = 30 */
(PID.TID 0000.0001)                 7.997438148321131E+04       /* J = 31 */
(PID.TID 0000.0001)     ;
(PID.TID 0000.0001) dyG =  /* dyG(:,1,:,1) ( units: m ) */
(PID.TID 0000.0001)    31 @  1.111774733520388E+05              /* I =  1: 31 */
(PID.TID 0000.0001)     ;
(PID.TID 0000.0001) dyG =  /* dyG(1,:,1,:) ( units: m ) */
(PID.TID 0000.0001)    31 @  1.111774733520388E+05              /* J =  1: 31 */
(PID.TID 0000.0001)     ;
(PID.TID 0000.0001) dxC =  /* dxC(:,1,:,1) ( units: m ) */
(PID.TID 0000.0001)    31 @  1.076362084889763E+05              /* I =  1: 31 */
(PID.TID 0000.0001)     ;
(PID.TID 0000.0001) dxC =  /* dxC(1,:,1,:) ( units: m ) */
(PID.TID 0000.0001)                 1.076362084889763E+05,      /* J =  1 */
(PID.TID 0000.0001)                 1.071339990328148E+05,      /* J =  2 */
(PID.TID 0000.0001)                 1.065991555227175E+05,      /* J =  3 */
(PID.TID 0000.0001)                 1.060318408771987E+05,      /* J =  4 */
(PID.TID 0000.0001)                 1.054322279057952E+05,      /* J =  5 */
(PID.TID 0000.0001)                 1.048004992564268E+05,      /* J =  6 */
(PID.TID 0000.0001)                 1.041368473597596E+05,      /* J =  7 */
(PID.TID 0000.0001)                 1.034414743705903E+05,      /* J =  8 */
(PID.TID 0000.0001)                 1.027145921062676E+05,      /* J =  9 */
(PID.TID 0000.0001)                 1.019564219821708E+05,      /* J = 10 */
(PID.TID 0000.0001)                 1.011671949442642E+05,      /* J = 11 */
(PID.TID 0000.0001)                 1.003471513987490E+05,      /* J = 12 */
(PID.TID 0000.0001)                 9.949654113883297E+04,      /* J = 13 */
(PID.TID 0000.0001)                 9.861562326864146E+04,      /* J = 14 */
(PID.TID 0000.0001)                 9.770466612429130E+04,      /* J = 15 */
(PID.TID 0000.0001)                 9.676394719215337E+04,      /* J = 16 */
(PID.TID 0000.0001)                 9.579375302432729E+04,      /* J = 17 */
(PID.TID 0000.0001)                 9.479437915135507E+04,      /* J = 18 */
(PID.TID 0000.0001)                 9.376612999219958E+04,      /* J = 19 */
(PID.TID 0000.0001)                 9.270931876151556E+04,      /* J = 20 */
(PID.TID 0000.0001)                 9.162426737424145E+04,      /* J = 21 */
(PID.TID 0000.0001)                 9.051130634754094E+04,      /* J = 22 */
(PID.TID 0000.0001)                 8.937077470012424E+04,      /* J = 23 */
(PID.TID 0000.0001)                 8.820301984897976E+04,      /* J = 24 */
(PID.TID 0000.0001)                 8.700839750354746E+04,      /* J = 25 */
(PID.TID 0000.0001)                 8.578727155736629E+04,      /* J = 26 */
(PID.TID 0000.0001)                 8.454001397722879E+04,      /* J = 27 */
(PID.TID 0000.0001)                 8.326700468987631E+04,      /* J = 28 */
(PID.TID 0000.0001)                 8.196863146626971E+04,      /* J = 29 */
(PID.TID 0000.0001)                 8.064528980347053E+04,      /* J = 30 */
(PID.TID 0000.0001)                 7.929738280416874E+04       /* J = 31 */
(PID.TID 0000.0001)     ;
(PID.TID 0000.0001) dyC =  /* dyC(:,1,:,1) ( units: m ) */
(PID.TID 0000.0001)    31 @  1.111774733520388E+05              /* I =  1: 31 */
(PID.TID 0000.0001)     ;
(PID.TID 0000.0001) dyC =  /* dyC(1,:,1,:) ( units: m ) */
(PID.TID 0000.0001)    31 @  1.111774733520388E+05              /* J =  1: 31 */
(PID.TID 0000.0001)     ;
(PID.TID 0000.0001) dxV =  /* dxV(:,1,:,1) ( units: m ) */
(PID.TID 0000.0001)    31 @  1.078750272516468E+05              /* I =  1: 31 */
(PID.TID 0000.0001)     ;
(PID.TID 0000.0001) dxV =  /* dxV(1,:,1,:) ( units: m ) */
(PID.TID 0000.0001)                 1.078750272516468E+05,      /* J =  1 */
(PID.TID 0000.0001)                 1.073891928122990E+05,      /* J =  2 */
(PID.TID 0000.0001)                 1.068706465845181E+05,      /* J =  3 */
(PID.TID 0000.0001)                 1.063195465225083E+05,      /* J =  4 */
(PID.TID 0000.0001)                 1.057360604966873E+05,      /* J =  5 */
(PID.TID 0000.0001)                 1.051203662425507E+05,      /* J =  6 */
(PID.TID 0000.0001)                 1.044726513065328E+05,      /* J =  7 */
(PID.TID 0000.0001)                 1.037931129888776E+05,      /* J =  8 */
(PID.TID 0000.0001)                 1.030819582835396E+05,      /* J =  9 */
(PID.TID 0000.0001)                 1.023394038151311E+05,      /* J = 10 */
(PID.TID 0000.0001)                 1.015656757729363E+05,      /* J = 11 */
(PID.TID 0000.0001)                 1.007610098420124E+05,      /* J = 12 */
(PID.TID 0000.0001)                 9.992565113139673E+04,      /* J = 13 */
(PID.TID 0000.0001)                 9.905985409944496E+04,      /* J = 14 */
(PID.TID 0000.0001)                 9.816388247632013E+04,      /* J = 15 */
(PID.TID 0000.0001)                 9.723800918365814E+04,      /* J = 16 */
(PID.TID 0000.0001)                 9.628251625143306E+04,      /* J = 17 */
(PID.TID 0000.0001)                 9.529769473204810E+04,      /* J = 18 */
(PID.TID 0000.0001)                 9.428384461167829E+04,      /* J = 19 */
(PID.TID 0000.0001)                 9.324127471889161E+04,      /* J = 20 */
(PID.TID 0000.0001)                 9.217030263057708E+04,      /* J = 21 */
(PID.TID 0000.0001)                 9.107125457520749E+04,      /* J = 22 */
(PID.TID 0000.0001)                 8.994446533346726E+04,      /* J = 23 */
(PID.TID 0000.0001)                 8.879027813627482E+04,      /* J = 24 */
(PID.TID 0000.0001)                 8.760904456023136E+04,      /* J = 25 */
(PID.TID 0000.0001)                 8.640112442052698E+04,      /* J = 26 */
(PID.TID 0000.0001)                 8.516688566133760E+04,      /* J = 27 */
(PID.TID 0000.0001)                 8.390670424374563E+04,      /* J = 28 */
(PID.TID 0000.0001)                 8.262096403121852E+04,      /* J = 29 */
(PID.TID 0000.0001)                 8.131005667268026E+04,      /* J = 30 */
(PID.TID 0000.0001)                 7.997438148321131E+04       /* J = 31 */
(PID.TID 0000.0001)     ;
(PID.TID 0000.0001) dyU =  /* dyU(:,1,:,1) ( units: m ) */
(PID.TID 0000.0001)    31 @  1.111774733520388E+05              /* I =  1: 31 */
(PID.TID 0000.0001)     ;
(PID.TID 0000.0001) dyU =  /* dyU(1,:,1,:) ( units: m ) */
(PID.TID 0000.0001)    31 @  1.111774733520388E+05              /* J =  1: 31 */
(PID.TID 0000.0001)     ;
(PID.TID 0000.0001) rA  =  /* rA (:,1,:,1) ( units: m^2 ) */
(PID.TID 0000.0001)    31 @  1.196656981524733E+10              /* I =  1: 31 */
(PID.TID 0000.0001)     ;
(PID.TID 0000.0001) rA  =  /* rA (1,:,1,:) ( units: m^2 ) */
(PID.TID 0000.0001)                 1.196656981524733E+10,      /* J =  1 */
(PID.TID 0000.0001)                 1.191073614548694E+10,      /* J =  2 */
(PID.TID 0000.0001)                 1.185127435011474E+10,      /* J =  3 */
(PID.TID 0000.0001)                 1.178820254176960E+10,      /* J =  4 */
(PID.TID 0000.0001)                 1.172153993273539E+10,      /* J =  5 */
(PID.TID 0000.0001)                 1.165130682908854E+10,      /* J =  6 */
(PID.TID 0000.0001)                 1.157752462451282E+10,      /* J =  7 */
(PID.TID 0000.0001)                 1.150021579378240E+10,      /* J =  8 */
(PID.TID 0000.0001)                 1.141940388591624E+10,      /* J =  9 */
(PID.TID 0000.0001)                 1.133511351700411E+10,      /* J = 10 */
(PID.TID 0000.0001)                 1.124737036270893E+10,      /* J = 11 */
(PID.TID 0000.0001)                 1.115620115044562E+10,      /* J = 12 */
(PID.TID 0000.0001)                 1.106163365123932E+10,      /* J = 13 */
(PID.TID 0000.0001)                 1.096369667126643E+10,      /* J = 14 */
(PID.TID 0000.0001)                 1.086242004307971E+10,      /* J = 15 */
(PID.TID 0000.0001)                 1.075783461652121E+10,      /* J = 16 */
(PID.TID 0000.0001)                 1.064997224932518E+10,      /* J = 17 */
(PID.TID 0000.0001)                 1.053886579741327E+10,      /* J = 18 */
(PID.TID 0000.0001)                 1.042454910488719E+10,      /* J = 19 */
(PID.TID 0000.0001)                 1.030705699371901E+10,      /* J = 20 */
(PID.TID 0000.0001)                 1.018642525314361E+10,      /* J = 21 */
(PID.TID 0000.0001)                 1.006269062875826E+10,      /* J = 22 */
(PID.TID 0000.0001)                 9.935890811327726E+09,      /* J = 23 */
(PID.TID 0000.0001)                 9.806064425305017E+09,      /* J = 24 */
(PID.TID 0000.0001)                 9.673251017064857E+09,      /* J = 25 */
(PID.TID 0000.0001)                 9.537491042857967E+09,      /* J = 26 */
(PID.TID 0000.0001)                 9.398825856487764E+09,      /* J = 27 */
(PID.TID 0000.0001)                 9.257297696713127E+09,      /* J = 28 */
(PID.TID 0000.0001)                 9.112949674382658E+09,      /* J = 29 */
(PID.TID 0000.0001)                 8.965825759302095E+09,      /* J = 30 */
(PID.TID 0000.0001)                 8.815970766841616E+09       /* J = 31 */
(PID.TID 0000.0001)     ;
(PID.TID 0000.0001) rAw =  /* rAw(:,1,:,1) ( units: m^2 ) */
(PID.TID 0000.0001)    31 @  1.196656981524733E+10              /* I =  1: 31 */
(PID.TID 0000.0001)     ;
(PID.TID 0000.0001) rAw =  /* rAw(1,:,1,:) ( units: m^2 ) */
(PID.TID 0000.0001)                 1.196656981524733E+10,      /* J =  1 */
(PID.TID 0000.0001)                 1.191073614548694E+10,      /* J =  2 */
(PID.TID 0000.0001)                 1.185127435011474E+10,      /* J =  3 */
(PID.TID 0000.0001)                 1.178820254176960E+10,      /* J =  4 */
(PID.TID 0000.0001)                 1.172153993273539E+10,      /* J =  5 */
(PID.TID 0000.0001)                 1.165130682908854E+10,      /* J =  6 */
(PID.TID 0000.0001)                 1.157752462451282E+10,      /* J =  7 */
(PID.TID 0000.0001)                 1.150021579378240E+10,      /* J =  8 */
(PID.TID 0000.0001)                 1.141940388591624E+10,      /* J =  9 */
(PID.TID 0000.0001)                 1.133511351700411E+10,      /* J = 10 */
(PID.TID 0000.0001)                 1.124737036270893E+10,      /* J = 11 */
(PID.TID 0000.0001)                 1.115620115044562E+10,      /* J = 12 */
(PID.TID 0000.0001)                 1.106163365123932E+10,      /* J = 13 */
(PID.TID 0000.0001)                 1.096369667126643E+10,      /* J = 14 */
(PID.TID 0000.0001)                 1.086242004307971E+10,      /* J = 15 */
(PID.TID 0000.0001)                 1.075783461652121E+10,      /* J = 16 */
(PID.TID 0000.0001)                 1.064997224932518E+10,      /* J = 17 */
(PID.TID 0000.0001)                 1.053886579741327E+10,      /* J = 18 */
(PID.TID 0000.0001)                 1.042454910488719E+10,      /* J = 19 */
(PID.TID 0000.0001)                 1.030705699371901E+10,      /* J = 20 */
(PID.TID 0000.0001)                 1.018642525314361E+10,      /* J = 21 */
(PID.TID 0000.0001)                 1.006269062875826E+10,      /* J = 22 */
(PID.TID 0000.0001)                 9.935890811327726E+09,      /* J = 23 */
(PID.TID 0000.0001)                 9.806064425305017E+09,      /* J = 24 */
(PID.TID 0000.0001)                 9.673251017064857E+09,      /* J = 25 */
(PID.TID 0000.0001)                 9.537491042857967E+09,      /* J = 26 */
(PID.TID 0000.0001)                 9.398825856487764E+09,      /* J = 27 */
(PID.TID 0000.0001)                 9.257297696713127E+09,      /* J = 28 */
(PID.TID 0000.0001)                 9.112949674382658E+09,      /* J = 29 */
(PID.TID 0000.0001)                 8.965825759302095E+09,      /* J = 30 */
(PID.TID 0000.0001)                 8.815970766841616E+09       /* J = 31 */
(PID.TID 0000.0001)     ;
(PID.TID 0000.0001) rAs =  /* rAs(:,1,:,1) ( units: m^2 ) */
(PID.TID 0000.0001)    31 @  1.199312074487231E+10              /* I =  1: 31 */
(PID.TID 0000.0001)     ;
(PID.TID 0000.0001) rAs =  /* rAs(1,:,1,:) ( units: m^2 ) */
(PID.TID 0000.0001)                 1.199312074487231E+10,      /* J =  1 */
(PID.TID 0000.0001)                 1.193910758500046E+10,      /* J =  2 */
(PID.TID 0000.0001)                 1.188145765730160E+10,      /* J =  3 */
(PID.TID 0000.0001)                 1.182018852250200E+10,      /* J =  4 */
(PID.TID 0000.0001)                 1.175531884377381E+10,      /* J =  5 */
(PID.TID 0000.0001)                 1.168686838104932E+10,      /* J =  6 */
(PID.TID 0000.0001)                 1.161485798500282E+10,      /* J =  7 */
(PID.TID 0000.0001)                 1.153930959069842E+10,      /* J =  8 */
(PID.TID 0000.0001)                 1.146024621090888E+10,      /* J =  9 */
(PID.TID 0000.0001)                 1.137769192910564E+10,      /* J = 10 */
(PID.TID 0000.0001)                 1.129167189212251E+10,      /* J = 11 */
(PID.TID 0000.0001)                 1.120221230249629E+10,      /* J = 12 */
(PID.TID 0000.0001)                 1.110934041048438E+10,      /* J = 13 */
(PID.TID 0000.0001)                 1.101308450576488E+10,      /* J = 14 */
(PID.TID 0000.0001)                 1.091347390881877E+10,      /* J = 15 */
(PID.TID 0000.0001)                 1.081053896199882E+10,      /* J = 16 */
(PID.TID 0000.0001)                 1.070431102028697E+10,      /* J = 17 */
(PID.TID 0000.0001)                 1.059482244174344E+10,      /* J = 18 */
(PID.TID 0000.0001)                 1.048210657764977E+10,      /* J = 19 */
(PID.TID 0000.0001)                 1.036619776235010E+10,      /* J = 20 */
(PID.TID 0000.0001)                 1.024713130279231E+10,      /* J = 21 */
(PID.TID 0000.0001)                 1.012494346777366E+10,      /* J = 22 */
(PID.TID 0000.0001)                 9.999671476892084E+09,      /* J = 23 */
(PID.TID 0000.0001)                 9.871353489209755E+09,      /* J = 24 */
(PID.TID 0000.0001)                 9.740028591628616E+09,      /* J = 25 */
(PID.TID 0000.0001)                 9.605736786984573E+09,      /* J = 26 */
(PID.TID 0000.0001)                 9.468518981862591E+09,      /* J = 27 */
(PID.TID 0000.0001)                 9.328416974134933E+09,      /* J = 28 */
(PID.TID 0000.0001)                 9.185473440230581E+09,      /* J = 29 */
(PID.TID 0000.0001)                 9.039731922134653E+09,      /* J = 30 */
(PID.TID 0000.0001)                 8.891236814125528E+09       /* J = 31 */
(PID.TID 0000.0001)     ;
(PID.TID 0000.0001) globalArea = /* Integrated horizontal Area (m^2) */
(PID.TID 0000.0001)                 3.004640278222630E+13
(PID.TID 0000.0001)     ;
(PID.TID 0000.0001) // =======================================================
(PID.TID 0000.0001) // End of Model config. summary
(PID.TID 0000.0001) // =======================================================
(PID.TID 0000.0001) 
(PID.TID 0000.0001) == Packages configuration : Check & print summary ==
(PID.TID 0000.0001) 
(PID.TID 0000.0001) CTRL_CHECK:  --> Starts to check CTRL set-up
(PID.TID 0000.0001) CTRL_CHECK:  <-- Ends Normally
(PID.TID 0000.0001) 
(PID.TID 0000.0001) COST_CHECK: #define ALLOW_COST
(PID.TID 0000.0001) GRDCHK_CHECK: grdchk package
(PID.TID 0000.0001) GAD_CHECK: #define ALLOW_GENERIC_ADVDIFF
(PID.TID 0000.0001) // =======================================================
(PID.TID 0000.0001) // Check Model config. (CONFIG_CHECK):
(PID.TID 0000.0001) // CONFIG_CHECK : Normal End
(PID.TID 0000.0001) // =======================================================
(PID.TID 0000.0001) 
(PID.TID 0000.0001)  nRecords = 108 ; filePrec =  64 ; fileIter =   3111120
(PID.TID 0000.0001)     nDims =   2 , dims:
(PID.TID 0000.0001)    1:  62   1  62
(PID.TID 0000.0001)    2:  62   1  62
(PID.TID 0000.0001)     nFlds =  10 , nFl3D =   7 , fields:
(PID.TID 0000.0001)  >Uvel    < >Vvel    < >Theta   < >Salt    < >GuNm1   < >GvNm1   < >GtNm1   < >EtaN    < >dEtaHdt < >EtaH    <
(PID.TID 0000.0001) missingVal=  1.00000000000000E+00 ; nTimRec =   1 , timeList:
(PID.TID 0000.0001)   3.733344000000E+09
(PID.TID 0000.0001) READ_MFLDS_3D_RL: read field: "Uvel    ", #   1 in fldList, rec=   1
(PID.TID 0000.0001) READ_MFLDS_3D_RL: read field: "Vvel    ", #   2 in fldList, rec=   2
(PID.TID 0000.0001) READ_MFLDS_3D_RL: read field: "Theta   ", #   3 in fldList, rec=   3
(PID.TID 0000.0001) READ_MFLDS_3D_RL: read field: "Salt    ", #   4 in fldList, rec=   4
(PID.TID 0000.0001) READ_MFLDS_3D_RL: read field: "GuNm1   ", #   5 in fldList, rec=   5
(PID.TID 0000.0001) READ_MFLDS_3D_RL: read field: "GvNm1   ", #   6 in fldList, rec=   6
(PID.TID 0000.0001) READ_MFLDS_3D_RL: read field: "GtNm1   ", #   7 in fldList, rec=   7
(PID.TID 0000.0001) READ_MFLDS_3D_RL: read field: "EtaN    ", #   8 in fldList, rec= 106
(PID.TID 0000.0001) READ_MFLDS_3D_RL: read field: "dEtaHdt ", #   9 in fldList, rec= 107
(PID.TID 0000.0001) READ_MFLDS_CHECK: - normal end ; reset MFLDS file-name: pickup.0003111120
(PID.TID 0000.0001) // =======================================================
(PID.TID 0000.0001) // Model current state
(PID.TID 0000.0001) // =======================================================
(PID.TID 0000.0001) 
(PID.TID 0000.0001) whio : write lev 3 rec   1
(PID.TID 0000.0001) SOLVE_FOR_PRESSURE: putPmEinXvector =    F
 cg2d: Sum(rhs),rhsMax =   8.52651282912120E-13  1.99900718163814E+00
 cg2d: Sum(rhs),rhsMax =   7.81597009336110E-13  1.99891722427463E+00
 cg2d: Sum(rhs),rhsMax =   1.50635059981141E-12  1.99882649286104E+00
 cg2d: Sum(rhs),rhsMax =   5.82645043323282E-13  1.99873498159962E+00
 cg2d: Sum(rhs),rhsMax =   9.37916411203332E-13  1.99864269010628E+00
 cg2d: Sum(rhs),rhsMax =   3.26849658449646E-13  1.99854961876264E+00
 cg2d: Sum(rhs),rhsMax =   4.54747350886464E-13  1.99845576788955E+00
 cg2d: Sum(rhs),rhsMax =   5.25801624462474E-13  1.99836113784468E+00
 cg2d: Sum(rhs),rhsMax =   3.41060513164848E-13  1.99826572897853E+00
 cg2d: Sum(rhs),rhsMax =   9.37916411203332E-13  1.99816954154800E+00
 cg2d: Sum(rhs),rhsMax =   3.69482222595252E-13  1.99807257570752E+00
 cg2d: Sum(rhs),rhsMax =   9.37916411203332E-13  1.99797483157076E+00
 cg2d: Sum(rhs),rhsMax =   4.97379915032070E-13  1.99787630928802E+00
 cg2d: Sum(rhs),rhsMax =   8.52651282912120E-13  1.99777700909586E+00
 cg2d: Sum(rhs),rhsMax =   8.24229573481716E-13  1.99767693132623E+00
 cg2d: Sum(rhs),rhsMax =   5.68434188608080E-13  1.99757607638737E+00
 cg2d: Sum(rhs),rhsMax =   7.10542735760100E-13  1.99747444473723E+00
 cg2d: Sum(rhs),rhsMax =   8.81072992342524E-13  1.99737203686449E+00
 cg2d: Sum(rhs),rhsMax =   6.25277607468888E-13  1.99726885328106E+00
 cg2d: Sum(rhs),rhsMax =   7.81597009336110E-13  1.99716489452377E+00
 cg2d: Sum(rhs),rhsMax =   3.12638803734444E-13  1.99706016115903E+00
 cg2d: Sum(rhs),rhsMax =   3.83693077310454E-13  1.99695465378713E+00
 cg2d: Sum(rhs),rhsMax =   5.68434188608080E-13  1.99684837304370E+00
 cg2d: Sum(rhs),rhsMax =   4.26325641456060E-13  1.99674131959909E+00
 cg2d: Sum(rhs),rhsMax =   3.83693077310454E-13  1.99663349415570E+00
 cg2d: Sum(rhs),rhsMax =   5.40012479177676E-13  1.99652489744398E+00
 cg2d: Sum(rhs),rhsMax =   5.68434188608080E-13  1.99641553021776E+00
 cg2d: Sum(rhs),rhsMax =   7.67386154620908E-13  1.99630539324887E+00
 cg2d: Sum(rhs),rhsMax =   1.26476606965298E-12  1.99619448732192E+00
 cg2d: Sum(rhs),rhsMax =   3.26849658449646E-13  1.99608281322969E+00
 cg2d: Sum(rhs),rhsMax =  -2.41584530158434E-13  1.99597037176933E+00
 cg2d: Sum(rhs),rhsMax =   6.82121026329696E-13  1.99585716374004E+00
 cg2d: Sum(rhs),rhsMax =   7.38964445190504E-13  1.99574318994199E+00
 cg2d: Sum(rhs),rhsMax =   4.83169060316868E-13  1.99562845117595E+00
 cg2d: Sum(rhs),rhsMax =   8.52651282912120E-13  1.99551294824340E+00
 cg2d: Sum(rhs),rhsMax =   5.54223333892878E-13  1.99539668194636E+00
 cg2d: Sum(rhs),rhsMax =   7.81597009336110E-13  1.99527965308675E+00
 cg2d: Sum(rhs),rhsMax =   8.66862137627322E-13  1.99516186246490E+00
 cg2d: Sum(rhs),rhsMax =   6.39488462184090E-13  1.99504331087728E+00
 cg2d: Sum(rhs),rhsMax =   7.10542735760100E-14  1.99492399911349E+00
 cg2d: Sum(rhs),rhsMax =   1.70530256582424E-13  1.99480392795287E+00
 cg2d: Sum(rhs),rhsMax =   7.38964445190504E-13  1.99468309816143E+00
 cg2d: Sum(rhs),rhsMax =   9.80548975348938E-13  1.99456151048905E+00
 cg2d: Sum(rhs),rhsMax =   8.52651282912120E-13  1.99443916566721E+00
 cg2d: Sum(rhs),rhsMax =   1.12265752250096E-12  1.99431606440727E+00
 cg2d: Sum(rhs),rhsMax =   6.11066752753686E-13  1.99419220739920E+00
 cg2d: Sum(rhs),rhsMax =   6.82121026329696E-13  1.99406759531059E+00
 cg2d: Sum(rhs),rhsMax =   4.40536496171262E-13  1.99394222878600E+00
 cg2d: Sum(rhs),rhsMax =   5.11590769747272E-13  1.99381610844648E+00
 cg2d: Sum(rhs),rhsMax =   6.25277607468888E-13  1.99368923488917E+00
 cg2d: Sum(rhs),rhsMax =   1.06581410364015E-12  1.99356160868705E+00
 cg2d: Sum(rhs),rhsMax =   6.53699316899292E-13  1.99343323038886E+00
 cg2d: Sum(rhs),rhsMax =   5.11590769747272E-13  1.99330410051913E+00
 cg2d: Sum(rhs),rhsMax =   8.10018718766514E-13  1.99317421957839E+00
 cg2d: Sum(rhs),rhsMax =   7.38964445190504E-13  1.99304358804364E+00
 cg2d: Sum(rhs),rhsMax =   1.06581410364015E-12  1.99291220636902E+00
 cg2d: Sum(rhs),rhsMax =   4.97379915032070E-13  1.99278007498672E+00
 cg2d: Sum(rhs),rhsMax =   7.95807864051312E-13  1.99264719430797E+00
 cg2d: Sum(rhs),rhsMax =   7.24753590475302E-13  1.99251356472431E+00
 cg2d: Sum(rhs),rhsMax =   5.40012479177676E-13  1.99237918660897E+00
 cg2d: Sum(rhs),rhsMax =   5.96855898038484E-13  1.99224406031819E+00
 cg2d: Sum(rhs),rhsMax =   1.00897068477934E-12  1.99210818619292E+00
 cg2d: Sum(rhs),rhsMax =   7.95807864051312E-13  1.99197156456023E+00
 cg2d: Sum(rhs),rhsMax =   8.10018718766514E-13  1.99183419573504E+00
 cg2d: Sum(rhs),rhsMax =   4.54747350886464E-13  1.99169608002185E+00
 cg2d: Sum(rhs),rhsMax =   4.83169060316868E-13  1.99155721771640E+00
 cg2d: Sum(rhs),rhsMax =   6.96331881044898E-13  1.99141760910769E+00
 cg2d: Sum(rhs),rhsMax =   2.41584530158434E-13  1.99127725447975E+00
 cg2d: Sum(rhs),rhsMax =   6.39488462184090E-13  1.99113615411376E+00
 cg2d: Sum(rhs),rhsMax =   7.10542735760100E-13  1.99099430829005E+00
 cg2d: Sum(rhs),rhsMax =   8.24229573481716E-13  1.99085171729027E+00
 cg2d: Sum(rhs),rhsMax =   3.26849658449646E-13  1.99070838139951E+00
 cg2d: Sum(rhs),rhsMax =   1.05160324892495E-12  1.99056430090849E+00
 cg2d: Sum(rhs),rhsMax =   5.68434188608080E-13  1.99041947611577E+00
 cg2d: Sum(rhs),rhsMax =   2.55795384873636E-13  1.99027390732974E+00
 cg2d: Sum(rhs),rhsMax =   5.96855898038484E-13  1.99012759487094E+00
 cg2d: Sum(rhs),rhsMax =   3.26849658449646E-13  1.98998053907398E+00
 cg2d: Sum(rhs),rhsMax =   5.40012479177676E-13  1.98983274028953E+00
 cg2d: Sum(rhs),rhsMax =   8.81072992342524E-13  1.98968419888621E+00
 cg2d: Sum(rhs),rhsMax =   4.68958205601666E-13  1.98953491525243E+00
 cg2d: Sum(rhs),rhsMax =   3.97903932025656E-13  1.98938488979809E+00
 cg2d: Sum(rhs),rhsMax =   1.12265752250096E-12  1.98923412295613E+00
 cg2d: Sum(rhs),rhsMax =   4.97379915032070E-13  1.98908261518407E+00
 cg2d: Sum(rhs),rhsMax =   1.03739239420975E-12  1.98893036696536E+00
 cg2d: Sum(rhs),rhsMax =   3.97903932025656E-13  1.98877737881065E+00
 cg2d: Sum(rhs),rhsMax =   4.54747350886464E-13  1.98862365125883E+00
 cg2d: Sum(rhs),rhsMax =   7.95807864051312E-13  1.98846918487815E+00
 cg2d: Sum(rhs),rhsMax =   9.66338120633736E-13  1.98831398026689E+00
 cg2d: Sum(rhs),rhsMax =   9.23705556488130E-13  1.98815803805426E+00
 cg2d: Sum(rhs),rhsMax =   9.23705556488130E-13  1.98800135890080E+00
 cg2d: Sum(rhs),rhsMax =   2.27373675443232E-13  1.98784394349884E+00
 cg2d: Sum(rhs),rhsMax =   9.80548975348938E-13  1.98768579257287E+00
 cg2d: Sum(rhs),rhsMax =   4.40536496171262E-13  1.98752690687945E+00
 cg2d: Sum(rhs),rhsMax =   8.10018718766514E-13  1.98736728720735E+00
 cg2d: Sum(rhs),rhsMax =   2.27373675443232E-13  1.98720693437723E+00
 cg2d: Sum(rhs),rhsMax =   6.96331881044898E-13  1.98704584924140E+00
 cg2d: Sum(rhs),rhsMax =   7.67386154620908E-13  1.98688403268324E+00
 cg2d: Sum(rhs),rhsMax =   1.98951966012828E-13  1.98672148561659E+00
 cg2d: Sum(rhs),rhsMax =   5.40012479177676E-13  1.98655820898490E+00
 cg2d: Sum(rhs),rhsMax =   6.67910171614494E-13  1.98639420376027E+00
 cg2d: Sum(rhs),rhsMax =   4.40536496171262E-13  1.98622947094271E+00
 cg2d: Sum(rhs),rhsMax =   8.52651282912120E-13  1.98606401155908E+00
 cg2d: Sum(rhs),rhsMax =   4.54747350886464E-13  1.98589782666181E+00
 cg2d: Sum(rhs),rhsMax =   1.05160324892495E-12  1.98573091732729E+00
 cg2d: Sum(rhs),rhsMax =   2.98427949019242E-13  1.98556328465445E+00
 cg2d: Sum(rhs),rhsMax =   7.53175299905706E-13  1.98539492976335E+00
 cg2d: Sum(rhs),rhsMax =   7.81597009336110E-13  1.98522585379359E+00
 cg2d: Sum(rhs),rhsMax =   5.96855898038484E-13  1.98505605790274E+00
 cg2d: Sum(rhs),rhsMax =   5.82645043323282E-13  1.98488554326477E+00
 cg2d: Sum(rhs),rhsMax =   6.39488462184090E-13  1.98471431106829E+00
 cg2d: Sum(rhs),rhsMax =   4.68958205601666E-13  1.98454236251496E+00
 cg2d: Sum(rhs),rhsMax =   1.70530256582424E-13  1.98436969881764E+00
 cg2d: Sum(rhs),rhsMax =   9.23705556488130E-13  1.98419632119872E+00
 cg2d: Sum(rhs),rhsMax =   6.67910171614494E-13  1.98402223088842E+00
 cg2d: Sum(rhs),rhsMax =   2.27373675443232E-13  1.98384742912312E+00
 cg2d: Sum(rhs),rhsMax =   4.97379915032070E-13  1.98367191714351E+00
 cg2d: Sum(rhs),rhsMax =   7.10542735760100E-13  1.98349569619308E+00
 cg2d: Sum(rhs),rhsMax =   8.52651282912120E-13  1.98331876751651E+00
 cg2d: Sum(rhs),rhsMax =   8.81072992342524E-13  1.98314113235799E+00
 cg2d: Sum(rhs),rhsMax =   8.52651282912120E-13  1.98296279195984E+00
 cg2d: Sum(rhs),rhsMax =   1.02318153949454E-12  1.98278374756094E+00
 cg2d: Sum(rhs),rhsMax =   6.53699316899292E-13  1.98260400039550E+00
 cg2d: Sum(rhs),rhsMax =   4.68958205601666E-13  1.98242355169166E+00
 cg2d: Sum(rhs),rhsMax =   4.83169060316868E-13  1.98224240267025E+00
 cg2d: Sum(rhs),rhsMax =   7.38964445190504E-13  1.98206055454376E+00
 cg2d: Sum(rhs),rhsMax =   8.95283847057726E-13  1.98187800851551E+00
 cg2d: Sum(rhs),rhsMax =   7.67386154620908E-13  1.98169476577865E+00
 cg2d: Sum(rhs),rhsMax =   1.02318153949454E-12  1.98151082751545E+00
 cg2d: Sum(rhs),rhsMax =   5.40012479177676E-13  1.98132619489648E+00
 cg2d: Sum(rhs),rhsMax =   5.40012479177676E-13  1.98114086908013E+00
 cg2d: Sum(rhs),rhsMax =   6.53699316899292E-13  1.98095485121213E+00
 cg2d: Sum(rhs),rhsMax =   8.81072992342524E-13  1.98076814242527E+00
 cg2d: Sum(rhs),rhsMax =   5.11590769747272E-13  1.98058074383928E+00
 cg2d: Sum(rhs),rhsMax =   2.13162820728030E-13  1.98039265656073E+00
 cg2d: Sum(rhs),rhsMax =   4.97379915032070E-13  1.98020388168304E+00
 cg2d: Sum(rhs),rhsMax =   8.52651282912120E-13  1.98001442028673E+00
 cg2d: Sum(rhs),rhsMax =   7.38964445190504E-13  1.97982427343966E+00
 cg2d: Sum(rhs),rhsMax =   7.53175299905706E-13  1.97963344219734E+00
 cg2d: Sum(rhs),rhsMax =   3.55271367880050E-13  1.97944192760356E+00
 cg2d: Sum(rhs),rhsMax =   3.97903932025656E-13  1.97924973069082E+00
 cg2d: Sum(rhs),rhsMax =   7.53175299905706E-13  1.97905685248117E+00
 cg2d: Sum(rhs),rhsMax =   7.53175299905706E-13  1.97886329398688E+00
 cg2d: Sum(rhs),rhsMax =   6.11066752753686E-13  1.97866905621136E+00
 cg2d: Sum(rhs),rhsMax =   6.53699316899292E-13  1.97847414015006E+00
 cg2d: Sum(rhs),rhsMax =   5.25801624462474E-13  1.97827854679158E+00
 cg2d: Sum(rhs),rhsMax =   2.13162820728030E-13  1.97808227711866E+00
 cg2d: Sum(rhs),rhsMax =   3.97903932025656E-13  1.97788533210936E+00
 cg2d: Sum(rhs),rhsMax =   4.83169060316868E-13  1.97768771273827E+00
 cg2d: Sum(rhs),rhsMax =   5.68434188608080E-13  1.97748941997780E+00
 cg2d: Sum(rhs),rhsMax =   8.52651282912120E-13  1.97729045479931E+00
 cg2d: Sum(rhs),rhsMax =   5.25801624462474E-13  1.97709081817457E+00
 cg2d: Sum(rhs),rhsMax =   5.11590769747272E-13  1.97689051107700E+00
 cg2d: Sum(rhs),rhsMax =   7.24753590475302E-13  1.97668953448292E+00
 cg2d: Sum(rhs),rhsMax =   4.83169060316868E-13  1.97648788937311E+00
 cg2d: Sum(rhs),rhsMax =   4.26325641456060E-13  1.97628557673392E+00
 cg2d: Sum(rhs),rhsMax =   8.38440428196918E-13  1.97608259755867E+00
 cg2d: Sum(rhs),rhsMax =   7.38964445190504E-13  1.97587895284890E+00
 cg2d: Sum(rhs),rhsMax =   4.40536496171262E-13  1.97567464361575E+00
 cg2d: Sum(rhs),rhsMax =   5.40012479177676E-13  1.97546967088098E+00
 cg2d: Sum(rhs),rhsMax =   7.67386154620908E-13  1.97526403567837E+00
 cg2d: Sum(rhs),rhsMax =   4.83169060316868E-13  1.97505773905462E+00
 cg2d: Sum(rhs),rhsMax =   8.24229573481716E-13  1.97485078207062E+00
 cg2d: Sum(rhs),rhsMax =   4.40536496171262E-13  1.97464316580237E+00
 cg2d: Sum(rhs),rhsMax =   5.11590769747272E-13  1.97443489134190E+00
 cg2d: Sum(rhs),rhsMax =   7.38964445190504E-13  1.97422595979816E+00
 cg2d: Sum(rhs),rhsMax =   7.81597009336110E-13  1.97401637229787E+00
 cg2d: Sum(rhs),rhsMax =   5.40012479177676E-13  1.97380612998610E+00
 cg2d: Sum(rhs),rhsMax =   3.83693077310454E-13  1.97359523402704E+00
 cg2d: Sum(rhs),rhsMax =   6.82121026329696E-13  1.97338368560446E+00
 cg2d: Sum(rhs),rhsMax =   6.82121026329696E-13  1.97317148592217E+00
 cg2d: Sum(rhs),rhsMax =   4.40536496171262E-13  1.97295863620440E+00
 cg2d: Sum(rhs),rhsMax =   6.39488462184090E-13  1.97274513769602E+00
 cg2d: Sum(rhs),rhsMax =   4.97379915032070E-13  1.97253099166276E+00
 cg2d: Sum(rhs),rhsMax =   5.40012479177676E-13  1.97231619939129E+00
 cg2d: Sum(rhs),rhsMax =   9.94759830064140E-13  1.97210076218916E+00
 cg2d: Sum(rhs),rhsMax =   5.54223333892878E-13  1.97188468138468E+00
 cg2d: Sum(rhs),rhsMax =   5.40012479177676E-13  1.97166795832684E+00
 cg2d: Sum(rhs),rhsMax =   2.41584530158434E-13  1.97145059438484E+00
 cg2d: Sum(rhs),rhsMax =   2.13162820728030E-13  1.97123259094787E+00
 cg2d: Sum(rhs),rhsMax =   3.83693077310454E-13  1.97101394942454E+00
 cg2d: Sum(rhs),rhsMax =   7.38964445190504E-13  1.97079467124240E+00
 cg2d: Sum(rhs),rhsMax =   4.97379915032070E-13  1.97057475784731E+00
 cg2d: Sum(rhs),rhsMax =   5.68434188608080E-13  1.97035421070274E+00
 cg2d: Sum(rhs),rhsMax =   3.26849658449646E-13  1.97013303128896E+00
 cg2d: Sum(rhs),rhsMax =   9.52127265918534E-13  1.96991122110236E+00
 cg2d: Sum(rhs),rhsMax =   9.23705556488130E-13  1.96968878165438E+00
 cg2d: Sum(rhs),rhsMax =   9.94759830064140E-14  1.96946571447079E+00
 cg2d: Sum(rhs),rhsMax =   8.10018718766514E-13  1.96924202109055E+00
 cg2d: Sum(rhs),rhsMax =   5.40012479177676E-13  1.96901770306481E+00
 cg2d: Sum(rhs),rhsMax =   5.96855898038484E-13  1.96879276195601E+00
 cg2d: Sum(rhs),rhsMax =   6.82121026329696E-13  1.96856719933661E+00
 cg2d: Sum(rhs),rhsMax =   1.19371179607697E-12  1.96834101678808E+00
 cg2d: Sum(rhs),rhsMax =   4.12114786740858E-13  1.96811421589974E+00
 cg2d: Sum(rhs),rhsMax =   5.25801624462474E-13  1.96788679826769E+00
 cg2d: Sum(rhs),rhsMax =   8.24229573481716E-13  1.96765876549382E+00
 cg2d: Sum(rhs),rhsMax =   3.12638803734444E-13  1.96743011918473E+00
 cg2d: Sum(rhs),rhsMax =   4.40536496171262E-13  1.96720086095064E+00
 cg2d: Sum(rhs),rhsMax =   8.81072992342524E-13  1.96697099240417E+00
 cg2d: Sum(rhs),rhsMax =   6.67910171614494E-13  1.96674051515921E+00
 cg2d: Sum(rhs),rhsMax =   9.09494701772928E-13  1.96650943082984E+00
 cg2d: Sum(rhs),rhsMax =   6.53699316899292E-13  1.96627774102937E+00
 cg2d: Sum(rhs),rhsMax =   4.54747350886464E-13  1.96604544736946E+00
 cg2d: Sum(rhs),rhsMax =   6.39488462184090E-13  1.96581255145918E+00
 cg2d: Sum(rhs),rhsMax =   1.00897068477934E-12  1.96557905490431E+00
 cg2d: Sum(rhs),rhsMax =   6.53699316899292E-13  1.96534495930641E+00
 cg2d: Sum(rhs),rhsMax =   2.84217094304040E-13  1.96511026626221E+00
 cg2d: Sum(rhs),rhsMax =   5.96855898038484E-13  1.96487497736279E+00
 cg2d: Sum(rhs),rhsMax =   8.66862137627322E-13  1.96463909419305E+00
 cg2d: Sum(rhs),rhsMax =   1.15107923193136E-12  1.96440261833110E+00
 cg2d: Sum(rhs),rhsMax =   9.52127265918534E-13  1.96416555134775E+00
 cg2d: Sum(rhs),rhsMax =   2.55795384873636E-13  1.96392789480618E+00
 cg2d: Sum(rhs),rhsMax =   3.83693077310454E-13  1.96368965026149E+00
 cg2d: Sum(rhs),rhsMax =   3.83693077310454E-13  1.96345081926057E+00
 cg2d: Sum(rhs),rhsMax =   6.96331881044898E-13  1.96321140334176E+00
 cg2d: Sum(rhs),rhsMax =   5.11590769747272E-13  1.96297140403481E+00
 cg2d: Sum(rhs),rhsMax =   8.95283847057726E-13  1.96273082286086E+00
 cg2d: Sum(rhs),rhsMax =   7.24753590475302E-13  1.96248966133242E+00
 cg2d: Sum(rhs),rhsMax =   1.08002495835535E-12  1.96224792095346E+00
 cg2d: Sum(rhs),rhsMax =   7.67386154620908E-13  1.96200560321962E+00
 cg2d: Sum(rhs),rhsMax =   1.00897068477934E-12  1.96176270961842E+00
 cg2d: Sum(rhs),rhsMax =   3.69482222595252E-13  1.96151924162961E+00
 cg2d: Sum(rhs),rhsMax =   1.13686837721616E-12  1.96127520072553E+00
 cg2d: Sum(rhs),rhsMax =   5.40012479177676E-13  1.96103058837147E+00
 cg2d: Sum(rhs),rhsMax =   5.25801624462474E-13  1.96078540602631E+00
 cg2d: Sum(rhs),rhsMax =   5.82645043323282E-13  1.96053965514300E+00
 cg2d: Sum(rhs),rhsMax =   3.41060513164848E-13  1.96029333716912E+00
 cg2d: Sum(rhs),rhsMax =   7.24753590475302E-13  1.96004645354762E+00
 cg2d: Sum(rhs),rhsMax =   7.10542735760100E-13  1.95979900571744E+00
 cg2d: Sum(rhs),rhsMax =   1.36424205265939E-12  1.95955099511424E+00
 cg2d: Sum(rhs),rhsMax =   8.52651282912120E-13  1.95930242317123E+00
 cg2d: Sum(rhs),rhsMax =   8.24229573481716E-13  1.95905329131984E+00
 cg2d: Sum(rhs),rhsMax =   6.53699316899292E-13  1.95880360099056E+00
 cg2d: Sum(rhs),rhsMax =   4.54747350886464E-13  1.95855335361380E+00
 cg2d: Sum(rhs),rhsMax =   3.69482222595252E-13  1.95830255062066E+00
 cg2d: Sum(rhs),rhsMax =   5.82645043323282E-13  1.95805119344379E+00
 cg2d: Sum(rhs),rhsMax =   7.10542735760100E-13  1.95779928351826E+00
 cg2d: Sum(rhs),rhsMax =   7.67386154620908E-13  1.95754682228241E+00
 cg2d: Sum(rhs),rhsMax =   3.41060513164848E-13  1.95729381117865E+00
 cg2d: Sum(rhs),rhsMax =   7.67386154620908E-13  1.95704025165433E+00
 cg2d: Sum(rhs),rhsMax =   4.40536496171262E-13  1.95678614516253E+00
 cg2d: Sum(rhs),rhsMax =   4.12114786740858E-13  1.95653149316289E+00
 cg2d: Sum(rhs),rhsMax =   6.25277607468888E-13  1.95627629712234E+00
 cg2d: Sum(rhs),rhsMax =   3.26849658449646E-13  1.95602055851583E+00
 cg2d: Sum(rhs),rhsMax =   3.26849658449646E-13  1.95576427882672E+00
 cg2d: Sum(rhs),rhsMax =   4.97379915032070E-13  1.95550745954742E+00
 cg2d: Sum(rhs),rhsMax =   4.40536496171262E-13  1.95525010218045E+00
 cg2d: Sum(rhs),rhsMax =   6.25277607468888E-13  1.95499220823937E+00
 cg2d: Sum(rhs),rhsMax =   9.09494701772928E-13  1.95473377924937E+00
 cg2d: Sum(rhs),rhsMax =   5.54223333892878E-13  1.95447481674723E+00
 cg2d: Sum(rhs),rhsMax =   7.38964445190504E-13  1.95421532228136E+00
 cg2d: Sum(rhs),rhsMax =   5.68434188608080E-13  1.95395529741213E+00
 cg2d: Sum(rhs),rhsMax =   1.20792265079217E-12  1.95369474371237E+00
 cg2d: Sum(rhs),rhsMax =   6.67910171614494E-13  1.95343366276768E+00
 cg2d: Sum(rhs),rhsMax =   4.54747350886464E-13  1.95317205617682E+00
 cg2d: Sum(rhs),rhsMax =   5.54223333892878E-13  1.95290992555179E+00
 cg2d: Sum(rhs),rhsMax =   7.10542735760100E-13  1.95264727251788E+00
 cg2d: Sum(rhs),rhsMax =   5.25801624462474E-13  1.95238409871382E+00
 cg2d: Sum(rhs),rhsMax =   9.94759830064140E-14  1.95212040579161E+00
 cg2d: Sum(rhs),rhsMax =   6.11066752753686E-13  1.95185619541651E+00
 cg2d: Sum(rhs),rhsMax =   3.41060513164848E-13  1.95159146926691E+00
 cg2d: Sum(rhs),rhsMax =   7.67386154620908E-13  1.95132622903414E+00
 cg2d: Sum(rhs),rhsMax =   9.94759830064140E-14  1.95106047642222E+00
 cg2d: Sum(rhs),rhsMax =   3.97903932025656E-13  1.95079421314756E+00
 cg2d: Sum(rhs),rhsMax =   8.24229573481716E-13  1.95052744093867E+00
 cg2d: Sum(rhs),rhsMax =   8.38440428196918E-13  1.95026016153578E+00
 cg2d: Sum(rhs),rhsMax =   6.25277607468888E-13  1.94999237669033E+00
 cg2d: Sum(rhs),rhsMax =   4.12114786740858E-13  1.94972408816461E+00
 cg2d: Sum(rhs),rhsMax =   6.25277607468888E-13  1.94945529773121E+00
 cg2d: Sum(rhs),rhsMax =   8.66862137627322E-13  1.94918600717248E+00
 cg2d: Sum(rhs),rhsMax =   7.38964445190504E-13  1.94891621827997E+00
 cg2d: Sum(rhs),rhsMax =   6.96331881044898E-13  1.94864593285385E+00
 cg2d: Sum(rhs),rhsMax =   4.83169060316868E-13  1.94837515270227E+00
 cg2d: Sum(rhs),rhsMax =   7.24753590475302E-13  1.94810387964077E+00
 cg2d: Sum(rhs),rhsMax =   6.53699316899292E-13  1.94783211549159E+00
 cg2d: Sum(rhs),rhsMax =   3.97903932025656E-13  1.94755986208303E+00
 cg2d: Sum(rhs),rhsMax =   6.11066752753686E-13  1.94728712124878E+00
 cg2d: Sum(rhs),rhsMax =   1.09423581307055E-12  1.94701389482735E+00
 cg2d: Sum(rhs),rhsMax =   1.23634436022257E-12  1.94674018466117E+00
 cg2d: Sum(rhs),rhsMax =   8.24229573481716E-13  1.94646599259623E+00
 cg2d: Sum(rhs),rhsMax =   5.68434188608080E-13  1.94619132048125E+00
 cg2d: Sum(rhs),rhsMax =   7.67386154620908E-13  1.94591617016705E+00
 cg2d: Sum(rhs),rhsMax =   4.97379915032070E-13  1.94564054350604E+00
 cg2d: Sum(rhs),rhsMax =   6.96331881044898E-13  1.94536444235150E+00
 cg2d: Sum(rhs),rhsMax =   1.10844666778576E-12  1.94508786855703E+00
 cg2d: Sum(rhs),rhsMax =   3.83693077310454E-13  1.94481082397608E+00
 cg2d: Sum(rhs),rhsMax =   1.42108547152020E-14  1.94453331046125E+00
 cg2d: Sum(rhs),rhsMax =   7.24753590475302E-13  1.94425532986402E+00
 cg2d: Sum(rhs),rhsMax =   6.96331881044898E-13  1.94397688403403E+00
 cg2d: Sum(rhs),rhsMax =   9.09494701772928E-13  1.94369797481884E+00
 cg2d: Sum(rhs),rhsMax =   5.82645043323282E-13  1.94341860406343E+00
 cg2d: Sum(rhs),rhsMax =   7.95807864051312E-13  1.94313877360991E+00
 cg2d: Sum(rhs),rhsMax =   7.53175299905706E-13  1.94285848529712E+00
 cg2d: Sum(rhs),rhsMax =   6.53699316899292E-13  1.94257774096040E+00
 cg2d: Sum(rhs),rhsMax =   7.38964445190504E-13  1.94229654243137E+00
 cg2d: Sum(rhs),rhsMax =   8.81072992342524E-13  1.94201489153768E+00
 cg2d: Sum(rhs),rhsMax =   7.24753590475302E-13  1.94173279010287E+00
 cg2d: Sum(rhs),rhsMax =   6.67910171614494E-13  1.94145023994629E+00
 cg2d: Sum(rhs),rhsMax =   8.81072992342524E-13  1.94116724288296E+00
 cg2d: Sum(rhs),rhsMax =   1.42108547152020E-14  1.94088380072361E+00
 cg2d: Sum(rhs),rhsMax =   8.95283847057726E-13  1.94059991527469E+00
 cg2d: Sum(rhs),rhsMax =   7.10542735760100E-13  1.94031558833834E+00
 cg2d: Sum(rhs),rhsMax =   4.97379915032070E-13  1.94003082171255E+00
 cg2d: Sum(rhs),rhsMax =   6.11066752753686E-13  1.93974561719131E+00
 cg2d: Sum(rhs),rhsMax =   5.96855898038484E-13  1.93945997656475E+00
 cg2d: Sum(rhs),rhsMax =   6.53699316899292E-13  1.93917390161931E+00
 cg2d: Sum(rhs),rhsMax =   7.53175299905706E-13  1.93888739413803E+00
 cg2d: Sum(rhs),rhsMax =   8.10018718766514E-13  1.93860045590081E+00
 cg2d: Sum(rhs),rhsMax =   4.12114786740858E-13  1.93831308868469E+00
 cg2d: Sum(rhs),rhsMax =   6.96331881044898E-13  1.93802529426420E+00
 cg2d: Sum(rhs),rhsMax =   5.25801624462474E-13  1.93773707441167E+00
 cg2d: Sum(rhs),rhsMax =   3.55271367880050E-13  1.93744843089765E+00
 cg2d: Sum(rhs),rhsMax =   5.40012479177676E-13  1.93715936549131E+00
 cg2d: Sum(rhs),rhsMax =   9.66338120633736E-13  1.93686987996079E+00
 cg2d: Sum(rhs),rhsMax =   5.54223333892878E-13  1.93657997607369E+00
 cg2d: Sum(rhs),rhsMax =   1.02318153949454E-12  1.93628965559743E+00
 cg2d: Sum(rhs),rhsMax =   5.96855898038484E-13  1.93599892029981E+00
 cg2d: Sum(rhs),rhsMax =  -4.26325641456060E-14  1.93570777194933E+00
 cg2d: Sum(rhs),rhsMax =   3.83693077310454E-13  1.93541621231575E+00
 cg2d: Sum(rhs),rhsMax =   7.95807864051312E-13  1.93512424317045E+00
 cg2d: Sum(rhs),rhsMax =   2.84217094304040E-13  1.93483186628695E+00
 cg2d: Sum(rhs),rhsMax =   4.54747350886464E-13  1.93453908344132E+00
 cg2d: Sum(rhs),rhsMax =   6.25277607468888E-13  1.93424589641266E+00
 cg2d: Sum(rhs),rhsMax =   7.10542735760100E-13  1.93395230698345E+00
 cg2d: Sum(rhs),rhsMax =   9.37916411203332E-13  1.93365831694005E+00
 cg2d: Sum(rhs),rhsMax =   1.05160324892495E-12  1.93336392807306E+00
 cg2d: Sum(rhs),rhsMax =   9.80548975348938E-13  1.93306914217767E+00
 cg2d: Sum(rhs),rhsMax =   7.38964445190504E-13  1.93277396105408E+00
 cg2d: Sum(rhs),rhsMax =   4.68958205601666E-13  1.93247838650781E+00
 cg2d: Sum(rhs),rhsMax =   7.95807864051312E-13  1.93218242035007E+00
 cg2d: Sum(rhs),rhsMax =   2.13162820728030E-13  1.93188606439799E+00
 cg2d: Sum(rhs),rhsMax =   7.24753590475302E-13  1.93158932047489E+00
 cg2d: Sum(rhs),rhsMax =   8.10018718766514E-13  1.93129219041061E+00
 cg2d: Sum(rhs),rhsMax =   1.10844666778576E-12  1.93099467604166E+00
 cg2d: Sum(rhs),rhsMax =   9.52127265918534E-13  1.93069677921139E+00
 cg2d: Sum(rhs),rhsMax =   3.83693077310454E-13  1.93039850177019E+00
 cg2d: Sum(rhs),rhsMax =   1.02318153949454E-12  1.93009984557559E+00
 cg2d: Sum(rhs),rhsMax =   5.82645043323282E-13  1.92980081249243E+00
 cg2d: Sum(rhs),rhsMax =   8.95283847057726E-13  1.92950140439279E+00
 cg2d: Sum(rhs),rhsMax =   7.10542735760100E-13  1.92920162315618E+00
 cg2d: Sum(rhs),rhsMax =   3.97903932025656E-13  1.92890147066939E+00
 cg2d: Sum(rhs),rhsMax =   7.67386154620908E-13  1.92860094882665E+00
 cg2d: Sum(rhs),rhsMax =   7.10542735760100E-13  1.92830005952937E+00
 cg2d: Sum(rhs),rhsMax =   1.56319401867222E-13  1.92799880468621E+00
 cg2d: Sum(rhs),rhsMax =   4.68958205601666E-13  1.92769718621293E+00
 cg2d: Sum(rhs),rhsMax =   7.38964445190504E-13  1.92739520603222E+00
 cg2d: Sum(rhs),rhsMax =   3.26849658449646E-13  1.92709286607353E+00
 cg2d: Sum(rhs),rhsMax =   5.96855898038484E-13  1.92687610072743E+00
 cg2d: Sum(rhs),rhsMax =   4.40536496171262E-13  1.92700113295450E+00
 cg2d: Sum(rhs),rhsMax =   8.38440428196918E-13  1.92712564430495E+00
 cg2d: Sum(rhs),rhsMax =   9.09494701772928E-13  1.92724963435591E+00
 cg2d: Sum(rhs),rhsMax =   7.24753590475302E-13  1.92737310268716E+00
 cg2d: Sum(rhs),rhsMax =   5.11590769747272E-13  1.92749604888053E+00
 cg2d: Sum(rhs),rhsMax =   8.81072992342524E-13  1.92761847251958E+00
 cg2d: Sum(rhs),rhsMax =   4.26325641456060E-13  1.92774037318898E+00
 cg2d: Sum(rhs),rhsMax =   4.83169060316868E-13  1.92786175047422E+00
 cg2d: Sum(rhs),rhsMax =   5.82645043323282E-13  1.92798260396111E+00
 cg2d: Sum(rhs),rhsMax =   4.40536496171262E-13  1.92810293323547E+00
 cg2d: Sum(rhs),rhsMax =   7.53175299905706E-13  1.92822273788274E+00
 cg2d: Sum(rhs),rhsMax =   2.98427949019242E-13  1.92834201748786E+00
 cg2d: Sum(rhs),rhsMax =   9.09494701772928E-13  1.92846077163464E+00
 cg2d: Sum(rhs),rhsMax =   1.12265752250096E-12  1.92857899990590E+00
 cg2d: Sum(rhs),rhsMax =   1.30739863379858E-12  1.92869670188308E+00
 cg2d: Sum(rhs),rhsMax =   3.12638803734444E-13  1.92881387714620E+00
 cg2d: Sum(rhs),rhsMax =  -5.68434188608080E-14  1.92893052527365E+00
 cg2d: Sum(rhs),rhsMax =   1.02318153949454E-12  1.92904664584226E+00
 cg2d: Sum(rhs),rhsMax =   9.09494701772928E-13  1.92916223842715E+00
 cg2d: Sum(rhs),rhsMax =   6.25277607468888E-13  1.92927730260189E+00
 cg2d: Sum(rhs),rhsMax =   3.97903932025656E-13  1.92939183793842E+00
 cg2d: Sum(rhs),rhsMax =   2.27373675443232E-13  1.92950584400732E+00
 cg2d: Sum(rhs),rhsMax =   6.96331881044898E-13  1.92961932037779E+00
 cg2d: Sum(rhs),rhsMax =   6.82121026329696E-13  1.92973226661784E+00
 cg2d: Sum(rhs),rhsMax =   6.67910171614494E-13  1.92984468229466E+00
 cg2d: Sum(rhs),rhsMax =   1.98951966012828E-13  1.92995656697502E+00
 cg2d: Sum(rhs),rhsMax =   9.80548975348938E-13  1.93006792022564E+00
 cg2d: Sum(rhs),rhsMax =   9.23705556488130E-13  1.93017874161338E+00
 cg2d: Sum(rhs),rhsMax =   7.24753590475302E-13  1.93028903070541E+00
 cg2d: Sum(rhs),rhsMax =   9.23705556488130E-13  1.93039878706967E+00
 cg2d: Sum(rhs),rhsMax =   4.40536496171262E-13  1.93050801027531E+00
 cg2d: Sum(rhs),rhsMax =   6.39488462184090E-13  1.93061669989318E+00
 cg2d: Sum(rhs),rhsMax =   3.41060513164848E-13  1.93072485549639E+00
 cg2d: Sum(rhs),rhsMax =   1.08002495835535E-12  1.93083247666079E+00
 cg2d: Sum(rhs),rhsMax =   8.10018718766514E-13  1.93093956296559E+00
 cg2d: Sum(rhs),rhsMax =   2.84217094304040E-13  1.93104611399374E+00
 cg2d: Sum(rhs),rhsMax =   5.54223333892878E-13  1.93115212933257E+00
 cg2d: Sum(rhs),rhsMax =   5.54223333892878E-13  1.93125760857431E+00
 cg2d: Sum(rhs),rhsMax =   3.83693077310454E-13  1.93136255131335E+00
 cg2d: Sum(rhs),rhsMax =   6.39488462184090E-13  1.93146695714962E+00
 cg2d: Sum(rhs),rhsMax =   3.69482222595252E-13  1.93157082569487E+00
 cg2d: Sum(rhs),rhsMax =   7.67386154620908E-13  1.93167415657220E+00
 cg2d: Sum(rhs),rhsMax =   7.10542735760100E-13  1.93177694941151E+00
 cg2d: Sum(rhs),rhsMax =   3.83693077310454E-13  1.93187920384710E+00
 cg2d: Sum(rhs),rhsMax =   5.11590769747272E-13  1.93198091951891E+00
 cg2d: Sum(rhs),rhsMax =   6.25277607468888E-13  1.93208209607499E+00
 cg2d: Sum(rhs),rhsMax =   8.52651282912120E-13  1.93218273317348E+00
 cg2d: Sum(rhs),rhsMax =   6.67910171614494E-13  1.93228283048342E+00
 cg2d: Sum(rhs),rhsMax =   8.24229573481716E-13  1.93238238768493E+00
 cg2d: Sum(rhs),rhsMax =   3.97903932025656E-13  1.93248140446939E+00
 cg2d: Sum(rhs),rhsMax =   7.67386154620908E-13  1.93257988053936E+00
 cg2d: Sum(rhs),rhsMax =   4.83169060316868E-13  1.93267781560891E+00
 cg2d: Sum(rhs),rhsMax =   7.95807864051312E-13  1.93277520940368E+00
 cg2d: Sum(rhs),rhsMax =   4.26325641456060E-13  1.93287206166122E+00
 cg2d: Sum(rhs),rhsMax =   2.84217094304040E-13  1.93296837213107E+00
 cg2d: Sum(rhs),rhsMax =   6.96331881044898E-13  1.93306414057507E+00
 cg2d: Sum(rhs),rhsMax =   7.95807864051312E-13  1.93315936676738E+00
 cg2d: Sum(rhs),rhsMax =   6.39488462184090E-13  1.93325405049457E+00
 cg2d: Sum(rhs),rhsMax =   6.53699316899292E-13  1.93334819155571E+00
 cg2d: Sum(rhs),rhsMax =   8.66862137627322E-13  1.93344178976227E+00
 cg2d: Sum(rhs),rhsMax =   6.39488462184090E-13  1.93353484493810E+00
 cg2d: Sum(rhs),rhsMax =   7.53175299905706E-13  1.93362735691927E+00
 cg2d: Sum(rhs),rhsMax =   8.95283847057726E-13  1.93371932555399E+00
 cg2d: Sum(rhs),rhsMax =   6.67910171614494E-13  1.93381075070232E+00
 cg2d: Sum(rhs),rhsMax =   7.67386154620908E-13  1.93390163223594E+00
 cg2d: Sum(rhs),rhsMax =   1.27897692436818E-12  1.93399197003795E+00
 cg2d: Sum(rhs),rhsMax =   9.66338120633736E-13  1.93408176400248E+00
 cg2d: Sum(rhs),rhsMax =   8.95283847057726E-13  1.93417101403445E+00
 cg2d: Sum(rhs),rhsMax =   1.56319401867222E-13  1.93425972004916E+00
 cg2d: Sum(rhs),rhsMax =   5.96855898038484E-13  1.93434788197188E+00
 cg2d: Sum(rhs),rhsMax =   2.98427949019242E-13  1.93443549973748E+00
 cg2d: Sum(rhs),rhsMax =   5.68434188608080E-13  1.93452257328998E+00
 cg2d: Sum(rhs),rhsMax =   7.81597009336110E-13  1.93460910258195E+00
 cg2d: Sum(rhs),rhsMax =   7.38964445190504E-13  1.93469508757425E+00
 cg2d: Sum(rhs),rhsMax =   9.80548975348938E-13  1.93478052823526E+00
 cg2d: Sum(rhs),rhsMax =   9.94759830064140E-13  1.93486542454047E+00
 cg2d: Sum(rhs),rhsMax =   1.12265752250096E-12  1.93494977647197E+00
 cg2d: Sum(rhs),rhsMax =   5.96855898038484E-13  1.93503358401781E+00
 cg2d: Sum(rhs),rhsMax =   6.25277607468888E-13  1.93511684717146E+00
 cg2d: Sum(rhs),rhsMax =   9.52127265918534E-13  1.93519956593132E+00
 cg2d: Sum(rhs),rhsMax =   5.82645043323282E-13  1.93528174030007E+00
 cg2d: Sum(rhs),rhsMax =   0.00000000000000E+00  1.93536337028419E+00
 cg2d: Sum(rhs),rhsMax =   8.38440428196918E-13  1.93544445589338E+00
 cg2d: Sum(rhs),rhsMax =   6.25277607468888E-13  1.93552499703348E+00
 cg2d: Sum(rhs),rhsMax =   3.83693077310454E-13  1.93560499385334E+00
 cg2d: Sum(rhs),rhsMax =   4.54747350886464E-13  1.93568444643793E+00
 cg2d: Sum(rhs),rhsMax =   9.23705556488130E-13  1.93576335482255E+00
 cg2d: Sum(rhs),rhsMax =   7.67386154620908E-13  1.93584171904080E+00
 cg2d: Sum(rhs),rhsMax =   4.12114786740858E-13  1.93591953913990E+00
 cg2d: Sum(rhs),rhsMax =   4.68958205601666E-13  1.93599681517829E+00
 cg2d: Sum(rhs),rhsMax =   4.12114786740858E-13  1.93607354722011E+00
 cg2d: Sum(rhs),rhsMax =   5.25801624462474E-13  1.93614973533185E+00
 cg2d: Sum(rhs),rhsMax =   6.25277607468888E-13  1.93622537958142E+00
 cg2d: Sum(rhs),rhsMax =   6.67910171614494E-13  1.93630048003734E+00
 cg2d: Sum(rhs),rhsMax =   7.81597009336110E-13  1.93637503676829E+00
 cg2d: Sum(rhs),rhsMax =   1.22213350550737E-12  1.93644904984247E+00
 cg2d: Sum(rhs),rhsMax =   7.10542735760100E-13  1.93652251084128E+00
 cg2d: Sum(rhs),rhsMax =   8.38440428196918E-13  1.93659543271530E+00
 cg2d: Sum(rhs),rhsMax =   7.95807864051312E-13  1.93666781680667E+00
 cg2d: Sum(rhs),rhsMax =   2.27373675443232E-13  1.93673966115095E+00
 cg2d: Sum(rhs),rhsMax =   9.09494701772928E-13  1.93681096496432E+00
 cg2d: Sum(rhs),rhsMax =   8.24229573481716E-13  1.93688172875568E+00
 cg2d: Sum(rhs),rhsMax =   7.10542735760100E-13  1.93695195356343E+00
 cg2d: Sum(rhs),rhsMax =   4.26325641456060E-13  1.93702164043114E+00
 cg2d: Sum(rhs),rhsMax =   5.68434188608080E-13  1.93709079027513E+00
 cg2d: Sum(rhs),rhsMax =   7.95807864051312E-13  1.93715940391678E+00
 cg2d: Sum(rhs),rhsMax =   3.26849658449646E-13  1.93722748211796E+00
 cg2d: Sum(rhs),rhsMax =   4.68958205601666E-13  1.93729502559123E+00
 cg2d: Sum(rhs),rhsMax =   5.68434188608080E-13  1.93736203499913E+00
 cg2d: Sum(rhs),rhsMax =   5.82645043323282E-13  1.93742851095181E+00
 cg2d: Sum(rhs),rhsMax =   6.11066752753686E-13  1.93749445400491E+00
 cg2d: Sum(rhs),rhsMax =   5.82645043323282E-13  1.93755986465778E+00
 cg2d: Sum(rhs),rhsMax =   1.02318153949454E-12  1.93762474335235E+00
 cg2d: Sum(rhs),rhsMax =   8.10018718766514E-13  1.93768909047244E+00
 cg2d: Sum(rhs),rhsMax =   3.97903932025656E-13  1.93775290634385E+00
 cg2d: Sum(rhs),rhsMax =   7.38964445190504E-13  1.93781619123509E+00
 cg2d: Sum(rhs),rhsMax =   8.66862137627322E-13  1.93787894535841E+00
 cg2d: Sum(rhs),rhsMax =   5.96855898038484E-13  1.93794116887126E+00
 cg2d: Sum(rhs),rhsMax =   9.23705556488130E-13  1.93800286187763E+00
 cg2d: Sum(rhs),rhsMax =   6.53699316899292E-13  1.93806402442953E+00
 cg2d: Sum(rhs),rhsMax =   5.11590769747272E-13  1.93812465652821E+00
 cg2d: Sum(rhs),rhsMax =   7.38964445190504E-13  1.93818475812572E+00
 cg2d: Sum(rhs),rhsMax =   3.26849658449646E-13  1.93824432912662E+00
 cg2d: Sum(rhs),rhsMax =   5.54223333892878E-13  1.93830336939038E+00
 cg2d: Sum(rhs),rhsMax =   5.96855898038484E-13  1.93836116298171E+00
 cg2d: Sum(rhs),rhsMax =   6.67910171614494E-13  1.93841858617185E+00
 cg2d: Sum(rhs),rhsMax =   3.26849658449646E-13  1.93847548238650E+00
 cg2d: Sum(rhs),rhsMax =   4.68958205601666E-13  1.93853178913936E+00
 cg2d: Sum(rhs),rhsMax =   6.39488462184090E-13  1.93858751002915E+00
 cg2d: Sum(rhs),rhsMax =   9.66338120633736E-13  1.93864263962979E+00
 cg2d: Sum(rhs),rhsMax =   1.08002495835535E-12  1.93869716680955E+00
 cg2d: Sum(rhs),rhsMax =   8.66862137627322E-13  1.93875108089981E+00
 cg2d: Sum(rhs),rhsMax =   7.38964445190504E-13  1.93880437202617E+00
 cg2d: Sum(rhs),rhsMax =   2.84217094304040E-13  1.93885703078106E+00
 cg2d: Sum(rhs),rhsMax =   8.24229573481716E-13  1.93890904828486E+00
 cg2d: Sum(rhs),rhsMax =   2.70006239588838E-13  1.93896041633172E+00
 cg2d: Sum(rhs),rhsMax =   2.55795384873636E-13  1.93901112748906E+00
 cg2d: Sum(rhs),rhsMax =   7.38964445190504E-13  1.93906117516033E+00
 cg2d: Sum(rhs),rhsMax =   8.66862137627322E-13  1.93911055363119E+00
 cg2d: Sum(rhs),rhsMax =   8.38440428196918E-13  1.93915925810657E+00
 cg2d: Sum(rhs),rhsMax =   1.10844666778576E-12  1.93920728473974E+00
 cg2d: Sum(rhs),rhsMax =   2.84217094304040E-13  1.93925463065388E+00
 cg2d: Sum(rhs),rhsMax =   8.81072992342524E-13  1.93930129395609E+00
 cg2d: Sum(rhs),rhsMax =   8.10018718766514E-13  1.93934727374390E+00
 cg2d: Sum(rhs),rhsMax =   1.98951966012828E-13  1.93939257010398E+00
 cg2d: Sum(rhs),rhsMax =   1.06581410364015E-12  1.93943718410320E+00
 cg2d: Sum(rhs),rhsMax =   1.20792265079217E-12  1.93948111777149E+00
 cg2d: Sum(rhs),rhsMax =   5.82645043323282E-13  1.93952437407735E+00
 cg2d: Sum(rhs),rhsMax =   1.27897692436818E-13  1.93956695689568E+00
 cg2d: Sum(rhs),rhsMax =   9.52127265918534E-13  1.93960887096907E+00
 cg2d: Sum(rhs),rhsMax =   5.82645043323282E-13  1.93965012186296E+00
 cg2d: Sum(rhs),rhsMax =   1.10844666778576E-12  1.93969071591548E+00
 cg2d: Sum(rhs),rhsMax =   9.80548975348938E-13  1.93973066018250E+00
 cg2d: Sum(rhs),rhsMax =   4.40536496171262E-13  1.93976996237832E+00
 cg2d: Sum(rhs),rhsMax =   4.83169060316868E-13  1.93980863081241E+00
 cg2d: Sum(rhs),rhsMax =   9.09494701772928E-13  1.93984667432235E+00
 cg2d: Sum(rhs),rhsMax =   6.67910171614494E-13  1.93988410220343E+00
 cg2d: Sum(rhs),rhsMax =   2.84217094304040E-13  1.93992092413502E+00
 cg2d: Sum(rhs),rhsMax =   4.26325641456060E-13  1.93995715010443E+00
 cg2d: Sum(rhs),rhsMax =   9.23705556488130E-13  1.93999279032857E+00
 cg2d: Sum(rhs),rhsMax =   3.55271367880050E-13  1.94002785517417E+00
 cg2d: Sum(rhs),rhsMax =   3.55271367880050E-13  1.94006235507740E+00
 cg2d: Sum(rhs),rhsMax =   9.80548975348938E-13  1.94009630046311E+00
 cg2d: Sum(rhs),rhsMax =   6.39488462184090E-13  1.94012970166498E+00
 cg2d: Sum(rhs),rhsMax =   5.40012479177676E-13  1.94016256884671E+00
 cg2d: Sum(rhs),rhsMax =   2.55795384873636E-13  1.94019491192529E+00
 cg2d: Sum(rhs),rhsMax =   2.55795384873636E-13  1.94022674049651E+00
 cg2d: Sum(rhs),rhsMax =   9.52127265918534E-13  1.94025806376369E+00
 cg2d: Sum(rhs),rhsMax =   5.68434188608080E-13  1.94028889046982E+00
 cg2d: Sum(rhs),rhsMax =   5.82645043323282E-13  1.94031922883379E+00
 cg2d: Sum(rhs),rhsMax =   4.40536496171262E-13  1.94034908649114E+00
 cg2d: Sum(rhs),rhsMax =   4.83169060316868E-13  1.94037847043970E+00
 cg2d: Sum(rhs),rhsMax =   7.10542735760100E-14  1.94040738699049E+00
 cg2d: Sum(rhs),rhsMax =   8.24229573481716E-13  1.94043584172445E+00
 cg2d: Sum(rhs),rhsMax =   8.52651282912120E-13  1.94046383945504E+00
 cg2d: Sum(rhs),rhsMax =   4.97379915032070E-13  1.94049138419688E+00
 cg2d: Sum(rhs),rhsMax =   8.10018718766514E-13  1.94051847914120E+00
 cg2d: Sum(rhs),rhsMax =   8.38440428196918E-13  1.94054512663751E+00
 cg2d: Sum(rhs),rhsMax =   8.95283847057726E-13  1.94057132818200E+00
 cg2d: Sum(rhs),rhsMax =   6.39488462184090E-13  1.94059708441289E+00
 cg2d: Sum(rhs),rhsMax =   6.67910171614494E-13  1.94062239511220E+00
 cg2d: Sum(rhs),rhsMax =   6.53699316899292E-13  1.94064725921437E+00
 cg2d: Sum(rhs),rhsMax =   7.95807864051312E-13  1.94067167482145E+00
 cg2d: Sum(rhs),rhsMax =   4.26325641456060E-13  1.94069563922471E+00
 cg2d: Sum(rhs),rhsMax =   9.09494701772928E-13  1.94071914893251E+00
 cg2d: Sum(rhs),rhsMax =   8.24229573481716E-13  1.94074219970416E+00
 cg2d: Sum(rhs),rhsMax =   1.23634436022257E-12  1.94076478658954E+00
 cg2d: Sum(rhs),rhsMax =   6.96331881044898E-13  1.94078690397417E+00
 cg2d: Sum(rhs),rhsMax =   2.55795384873636E-13  1.94080854562908E+00
 cg2d: Sum(rhs),rhsMax =   5.54223333892878E-13  1.94082970476562E+00
 cg2d: Sum(rhs),rhsMax =   6.39488462184090E-13  1.94085037409407E+00
 cg2d: Sum(rhs),rhsMax =   5.96855898038484E-13  1.94087054588622E+00
 cg2d: Sum(rhs),rhsMax =   5.96855898038484E-13  1.94089021204094E+00
 cg2d: Sum(rhs),rhsMax =   2.41584530158434E-13  1.94090936415249E+00
 cg2d: Sum(rhs),rhsMax =   8.66862137627322E-13  1.94092799358086E+00
 cg2d: Sum(rhs),rhsMax =   6.67910171614494E-13  1.94094609152381E+00
 cg2d: Sum(rhs),rhsMax =   3.83693077310454E-13  1.94096364908981E+00
 cg2d: Sum(rhs),rhsMax =   7.67386154620908E-13  1.94098065737159E+00
 cg2d: Sum(rhs),rhsMax =   1.22213350550737E-12  1.94099710751947E+00
 cg2d: Sum(rhs),rhsMax =   9.09494701772928E-13  1.94101299081429E+00
 cg2d: Sum(rhs),rhsMax =   4.26325641456060E-13  1.94102829873900E+00
 cg2d: Sum(rhs),rhsMax =   1.42108547152020E-13  1.94104302304881E+00
 cg2d: Sum(rhs),rhsMax =   3.26849658449646E-13  1.94105715583890E+00
 cg2d: Sum(rhs),rhsMax =   3.97903932025656E-13  1.94107068960973E+00
 cg2d: Sum(rhs),rhsMax =  -1.70530256582424E-13  1.94108361732906E+00
 cg2d: Sum(rhs),rhsMax =   6.11066752753686E-13  1.94109593249035E+00
 cg2d: Sum(rhs),rhsMax =   3.69482222595252E-13  1.94110762916709E+00
 cg2d: Sum(rhs),rhsMax =   5.68434188608080E-13  1.94111870206282E+00
 cg2d: Sum(rhs),rhsMax =   6.25277607468888E-13  1.94112914655612E+00
 cg2d: Sum(rhs),rhsMax =   4.40536496171262E-13  1.94113895874055E+00
 cg2d: Sum(rhs),rhsMax =   8.24229573481716E-13  1.94114813545911E+00
 cg2d: Sum(rhs),rhsMax =   5.11590769747272E-13  1.94115667433301E+00
 cg2d: Sum(rhs),rhsMax =   7.67386154620908E-13  1.94116457378441E+00
 cg2d: Sum(rhs),rhsMax =   8.24229573481716E-13  1.94117183305327E+00
 cg2d: Sum(rhs),rhsMax =   2.55795384873636E-13  1.94117845220793E+00
 cg2d: Sum(rhs),rhsMax =   3.83693077310454E-13  1.94118443214945E+00
 cg2d: Sum(rhs),rhsMax =   1.22213350550737E-12  1.94118977460976E+00
 cg2d: Sum(rhs),rhsMax =   3.55271367880050E-13  1.94119448214358E+00
 cg2d: Sum(rhs),rhsMax =   5.25801624462474E-13  1.94119855811438E+00
 cg2d: Sum(rhs),rhsMax =   5.96855898038484E-13  1.94120200667414E+00
 cg2d: Sum(rhs),rhsMax =   8.95283847057726E-13  1.94120483273754E+00
 cg2d: Sum(rhs),rhsMax =   5.68434188608080E-13  1.94120704195050E+00
 cg2d: Sum(rhs),rhsMax =   7.10542735760100E-13  1.94120864065340E+00
 cg2d: Sum(rhs),rhsMax =   7.67386154620908E-13  1.94120963583930E+00
 cg2d: Sum(rhs),rhsMax =   1.98951966012828E-13  1.94121003510755E+00
 cg2d: Sum(rhs),rhsMax =   6.67910171614494E-13  1.94120984661294E+00
 cg2d: Sum(rhs),rhsMax =   1.22213350550737E-12  1.94120907901104E+00
 cg2d: Sum(rhs),rhsMax =   2.84217094304040E-13  1.94120774140009E+00
 cg2d: Sum(rhs),rhsMax =   1.25055521493778E-12  1.94120584325955E+00
 cg2d: Sum(rhs),rhsMax =   6.39488462184090E-13  1.94120339438638E+00
 cg2d: Sum(rhs),rhsMax =   5.68434188608080E-13  1.94120040482903E+00
 cg2d: Sum(rhs),rhsMax =   6.25277607468888E-13  1.94119688481977E+00
 cg2d: Sum(rhs),rhsMax =   1.03739239420975E-12  1.94119284470602E+00
 cg2d: Sum(rhs),rhsMax =   6.39488462184090E-13  1.94118829488098E+00
 cg2d: Sum(rhs),rhsMax =   2.27373675443232E-13  1.94118324571417E+00
 cg2d: Sum(rhs),rhsMax =   1.27897692436818E-13  1.94117770748247E+00
 cg2d: Sum(rhs),rhsMax =   5.54223333892878E-13  1.94117169030199E+00
 cg2d: Sum(rhs),rhsMax =   9.66338120633736E-13  1.94116520406141E+00
 cg2d: Sum(rhs),rhsMax =   1.84741111297626E-13  1.94115825835724E+00
 cg2d: Sum(rhs),rhsMax =   0.00000000000000E+00  1.94115086243142E+00
 cg2d: Sum(rhs),rhsMax =   1.13686837721616E-13  1.94114302511180E+00
 cg2d: Sum(rhs),rhsMax =   5.40012479177676E-13  1.94113475475575E+00
 cg2d: Sum(rhs),rhsMax =   3.26849658449646E-13  1.94112605919766E+00
 cg2d: Sum(rhs),rhsMax =   7.38964445190504E-13  1.94111694570012E+00
 cg2d: Sum(rhs),rhsMax =   2.55795384873636E-13  1.94110742090981E+00
 cg2d: Sum(rhs),rhsMax =   4.40536496171262E-13  1.94109749081763E+00
 cg2d: Sum(rhs),rhsMax =   4.26325641456060E-13  1.94108716072423E+00
 cg2d: Sum(rhs),rhsMax =   7.67386154620908E-13  1.94107643521020E+00
 cg2d: Sum(rhs),rhsMax =   3.97903932025656E-13  1.94106531811194E+00
 cg2d: Sum(rhs),rhsMax =   5.68434188608080E-14  1.94105381250283E+00
 cg2d: Sum(rhs),rhsMax =   9.23705556488130E-13  1.94104192067999E+00
 cg2d: Sum(rhs),rhsMax =   3.41060513164848E-13  1.94102964415676E+00
 cg2d: Sum(rhs),rhsMax =   9.23705556488130E-13  1.94101698366077E+00
 cg2d: Sum(rhs),rhsMax =   6.39488462184090E-13  1.94100393913766E+00
 cg2d: Sum(rhs),rhsMax =   5.68434188608080E-13  1.94099050976039E+00
 cg2d: Sum(rhs),rhsMax =   8.10018718766514E-13  1.94097669394410E+00
 cg2d: Sum(rhs),rhsMax =   3.26849658449646E-13  1.94096248936612E+00
 cg2d: Sum(rhs),rhsMax =   6.96331881044898E-13  1.94094789299137E+00
 cg2d: Sum(rhs),rhsMax =   4.26325641456060E-13  1.94093290110250E+00
 cg2d: Sum(rhs),rhsMax =   5.54223333892878E-13  1.94091750933489E+00
 cg2d: Sum(rhs),rhsMax =   5.96855898038484E-13  1.94090171271587E+00
 cg2d: Sum(rhs),rhsMax =   9.09494701772928E-13  1.94088550570824E+00
 cg2d: Sum(rhs),rhsMax =   7.10542735760100E-13  1.94086888225735E+00
 cg2d: Sum(rhs),rhsMax =   5.96855898038484E-13  1.94085183584171E+00
 cg2d: Sum(rhs),rhsMax =   8.66862137627322E-13  1.94083435952650E+00
 cg2d: Sum(rhs),rhsMax =   6.82121026329696E-13  1.94081644601970E+00
 cg2d: Sum(rhs),rhsMax =   6.82121026329696E-13  1.94079808773037E+00
 cg2d: Sum(rhs),rhsMax =   1.70530256582424E-13  1.94077927682870E+00
 cg2d: Sum(rhs),rhsMax =   1.84741111297626E-13  1.94076000530721E+00
 cg2d: Sum(rhs),rhsMax =   7.81597009336110E-13  1.94074026504293E+00
 cg2d: Sum(rhs),rhsMax =   1.03739239420975E-12  1.94072004785987E+00
 cg2d: Sum(rhs),rhsMax =   5.54223333892878E-13  1.94069934559134E+00
 cg2d: Sum(rhs),rhsMax =   6.82121026329696E-13  1.94067815014182E+00
 cg2d: Sum(rhs),rhsMax =   1.13686837721616E-13  1.94065645354785E+00
 cg2d: Sum(rhs),rhsMax =   4.83169060316868E-13  1.94063424803737E+00
 cg2d: Sum(rhs),rhsMax =   5.82645043323282E-13  1.94061152608741E+00
 cg2d: Sum(rhs),rhsMax =   4.12114786740858E-13  1.94058828047938E+00
 cg2d: Sum(rhs),rhsMax =   2.84217094304040E-13  1.94056450435178E+00
 cg2d: Sum(rhs),rhsMax =   1.10844666778576E-12  1.94054019124994E+00
 cg2d: Sum(rhs),rhsMax =   7.95807864051312E-13  1.94051533517248E+00
 cg2d: Sum(rhs),rhsMax =   3.83693077310454E-13  1.94048993061399E+00
 cg2d: Sum(rhs),rhsMax =   8.66862137627322E-13  1.94046397260394E+00
 cg2d: Sum(rhs),rhsMax =   7.38964445190504E-13  1.94043745674127E+00
 cg2d: Sum(rhs),rhsMax =   1.09423581307055E-12  1.94041037922478E+00
 cg2d: Sum(rhs),rhsMax =   3.55271367880050E-13  1.94038273687867E+00
 cg2d: Sum(rhs),rhsMax =   1.35003119794419E-12  1.94035452717367E+00
 cg2d: Sum(rhs),rhsMax =   5.82645043323282E-13  1.94032574824316E+00
 cg2d: Sum(rhs),rhsMax =   1.06581410364015E-12  1.94029639889434E+00
 cg2d: Sum(rhs),rhsMax =   7.24753590475302E-13  1.94026647861455E+00
 cg2d: Sum(rhs),rhsMax =   4.40536496171262E-13  1.94023598757261E+00
 cg2d: Sum(rhs),rhsMax =   1.13686837721616E-12  1.94020492661519E+00
 cg2d: Sum(rhs),rhsMax =   7.10542735760100E-13  1.94017329725830E+00
 cg2d: Sum(rhs),rhsMax =   2.98427949019242E-13  1.94014110167422E+00
 cg2d: Sum(rhs),rhsMax =   7.38964445190504E-13  1.94010834267353E+00
 cg2d: Sum(rhs),rhsMax =   8.24229573481716E-13  1.94007502368297E+00
 cg2d: Sum(rhs),rhsMax =   8.38440428196918E-13  1.94004114871889E+00
 cg2d: Sum(rhs),rhsMax =   6.25277607468888E-13  1.94000672235680E+00
 cg2d: Sum(rhs),rhsMax =   4.54747350886464E-13  1.93997174969717E+00
 cg2d: Sum(rhs),rhsMax =   6.25277607468888E-13  1.93993623632766E+00
 cg2d: Sum(rhs),rhsMax =  -7.10542735760100E-14  1.93990018828245E+00
 cg2d: Sum(rhs),rhsMax =   9.23705556488130E-13  1.93986361199849E+00
 cg2d: Sum(rhs),rhsMax =   1.00897068477934E-12  1.93982651426949E+00
 cg2d: Sum(rhs),rhsMax =   7.38964445190504E-13  1.93978890219771E+00
 cg2d: Sum(rhs),rhsMax =   6.82121026329696E-13  1.93975078314404E+00
 cg2d: Sum(rhs),rhsMax =   3.41060513164848E-13  1.93971216467670E+00
 cg2d: Sum(rhs),rhsMax =   7.10542735760100E-13  1.93967305451914E+00
 cg2d: Sum(rhs),rhsMax =   1.37845290737459E-12  1.93963346049720E+00
 cg2d: Sum(rhs),rhsMax =   7.53175299905706E-13  1.93959339048612E+00
 cg2d: Sum(rhs),rhsMax =   7.81597009336110E-13  1.93955285235793E+00
 cg2d: Sum(rhs),rhsMax =   4.12114786740858E-13  1.93951185392931E+00
 cg2d: Sum(rhs),rhsMax =   9.94759830064140E-13  1.93947040291042E+00
 cg2d: Sum(rhs),rhsMax =   8.10018718766514E-13  1.93942850685523E+00
 cg2d: Sum(rhs),rhsMax =   9.94759830064140E-13  1.93938617293887E+00
 cg2d: Sum(rhs),rhsMax =   4.83169060316868E-13  1.93934340815041E+00
 cg2d: Sum(rhs),rhsMax =   4.68958205601666E-13  1.93930021947994E+00
 cg2d: Sum(rhs),rhsMax =   7.81597009336110E-13  1.93925661367325E+00
 cg2d: Sum(rhs),rhsMax =   1.17950094136177E-12  1.93921259695431E+00
 cg2d: Sum(rhs),rhsMax =   5.96855898038484E-13  1.93916817495848E+00
 cg2d: Sum(rhs),rhsMax =   3.69482222595252E-13  1.93912335280045E+00
 cg2d: Sum(rhs),rhsMax =   5.11590769747272E-13  1.93907813514694E+00
 cg2d: Sum(rhs),rhsMax =   7.24753590475302E-13  1.93903252623230E+00
 cg2d: Sum(rhs),rhsMax =   9.80548975348938E-13  1.93898652982641E+00
 cg2d: Sum(rhs),rhsMax =   3.55271367880050E-13  1.93894014919155E+00
 cg2d: Sum(rhs),rhsMax =   6.39488462184090E-13  1.93889338705207E+00
 cg2d: Sum(rhs),rhsMax =   3.97903932025656E-13  1.93884624558013E+00
 cg2d: Sum(rhs),rhsMax =   6.11066752753686E-13  1.93879872639174E+00
 cg2d: Sum(rhs),rhsMax =   3.55271367880050E-13  1.93875083054868E+00
 cg2d: Sum(rhs),rhsMax =   7.24753590475302E-13  1.93870255856449E+00
 cg2d: Sum(rhs),rhsMax =   6.96331881044898E-13  1.93865391041391E+00
 cg2d: Sum(rhs),rhsMax =   7.10542735760100E-13  1.93860488554577E+00
 cg2d: Sum(rhs),rhsMax =   1.27897692436818E-12  1.93855548289934E+00
 cg2d: Sum(rhs),rhsMax =   6.53699316899292E-13  1.93850570092378E+00
 cg2d: Sum(rhs),rhsMax =   1.17950094136177E-12  1.93845553760088E+00
 cg2d: Sum(rhs),rhsMax =   4.26325641456060E-13  1.93840499047080E+00
 cg2d: Sum(rhs),rhsMax =   7.81597009336110E-13  1.93835405666091E+00
 cg2d: Sum(rhs),rhsMax =   5.68434188608080E-13  1.93830273291778E+00
 cg2d: Sum(rhs),rhsMax =   5.96855898038484E-13  1.93825101564168E+00
 cg2d: Sum(rhs),rhsMax =   9.52127265918534E-13  1.93819890092369E+00
 cg2d: Sum(rhs),rhsMax =   9.66338120633736E-13  1.93814638458490E+00
 cg2d: Sum(rhs),rhsMax =   2.98427949019242E-13  1.93809346221724E+00
 cg2d: Sum(rhs),rhsMax =   3.26849658449646E-13  1.93804012922544E+00
 cg2d: Sum(rhs),rhsMax =   1.00897068477934E-12  1.93798638086995E+00
 cg2d: Sum(rhs),rhsMax =   2.84217094304040E-13  1.93793221231030E+00
 cg2d: Sum(rhs),rhsMax =   3.12638803734444E-13  1.93787761864862E+00
 cg2d: Sum(rhs),rhsMax =   1.12265752250096E-12  1.93782259497296E+00
 cg2d: Sum(rhs),rhsMax =   5.82645043323282E-13  1.93776713640029E+00
 cg2d: Sum(rhs),rhsMax =   3.26849658449646E-13  1.93771123811878E+00
 cg2d: Sum(rhs),rhsMax =   1.00897068477934E-12  1.93765489542902E+00
 cg2d: Sum(rhs),rhsMax =   2.41584530158434E-13  1.93759810378407E+00
 cg2d: Sum(rhs),rhsMax =   5.82645043323282E-13  1.93754085882786E+00
 cg2d: Sum(rhs),rhsMax =   4.40536496171262E-13  1.93748315643191E+00
 cg2d: Sum(rhs),rhsMax =   2.98427949019242E-13  1.93742499272985E+00
 cg2d: Sum(rhs),rhsMax =   8.95283847057726E-13  1.93736636414964E+00
 cg2d: Sum(rhs),rhsMax =   9.52127265918534E-13  1.93730726744334E+00
 cg2d: Sum(rhs),rhsMax =   5.25801624462474E-13  1.93724769971404E+00
 cg2d: Sum(rhs),rhsMax =   3.55271367880050E-13  1.93718765843993E+00
 cg2d: Sum(rhs),rhsMax =   6.11066752753686E-13  1.93712714149533E+00
 cg2d: Sum(rhs),rhsMax =   4.12114786740858E-13  1.93706614716847E+00
 cg2d: Sum(rhs),rhsMax =   7.67386154620908E-13  1.93700467417615E+00
 cg2d: Sum(rhs),rhsMax =   5.96855898038484E-13  1.93694272167477E+00
 cg2d: Sum(rhs),rhsMax =   2.70006239588838E-13  1.93688028926826E+00
 cg2d: Sum(rhs),rhsMax =   4.40536496171262E-13  1.93681737701242E+00
 cg2d: Sum(rhs),rhsMax =   3.83693077310454E-13  1.93675398541580E+00
 cg2d: Sum(rhs),rhsMax =   2.70006239588838E-13  1.93669011543739E+00
 cg2d: Sum(rhs),rhsMax =   2.27373675443232E-13  1.93662576848078E+00
 cg2d: Sum(rhs),rhsMax =   5.82645043323282E-13  1.93656094638517E+00
 cg2d: Sum(rhs),rhsMax =   7.81597009336110E-13  1.93649565141318E+00
 cg2d: Sum(rhs),rhsMax =   8.24229573481716E-13  1.93642988623576E+00
 cg2d: Sum(rhs),rhsMax =   4.54747350886464E-13  1.93636365391401E+00
 cg2d: Sum(rhs),rhsMax =   8.24229573481716E-13  1.93629695787855E+00
 cg2d: Sum(rhs),rhsMax =   8.66862137627322E-13  1.93622980190620E+00
 cg2d: Sum(rhs),rhsMax =   3.26849658449646E-13  1.93616219009444E+00
 cg2d: Sum(rhs),rhsMax =   8.10018718766514E-13  1.93609412683379E+00
(PID.TID 0000.0001) %CHECKPOINT   3111840 ckptA
(PID.TID 0000.0001)   early fc =  0.000000000000000D+00
 --> objf_test(bi,bj)        =  0.189842664522704D+00
(PID.TID 0000.0001)   local fc =  0.189842664522704D+00
(PID.TID 0000.0001)  global fc =  0.322547976275027D+00
(PID.TID 0000.0001) whio : write lev 2 rec   1
(PID.TID 0000.0001) SOLVE_FOR_PRESSURE: putPmEinXvector =    F
 cg2d: Sum(rhs),rhsMax =   8.52651282912120E-13  1.99900718163814E+00
 cg2d: Sum(rhs),rhsMax =   7.81597009336110E-13  1.99891722427463E+00
 cg2d: Sum(rhs),rhsMax =   1.50635059981141E-12  1.99882649286104E+00
 cg2d: Sum(rhs),rhsMax =   5.82645043323282E-13  1.99873498159962E+00
 cg2d: Sum(rhs),rhsMax =   9.37916411203332E-13  1.99864269010628E+00
 cg2d: Sum(rhs),rhsMax =   3.26849658449646E-13  1.99854961876264E+00
 cg2d: Sum(rhs),rhsMax =   4.54747350886464E-13  1.99845576788955E+00
 cg2d: Sum(rhs),rhsMax =   5.25801624462474E-13  1.99836113784468E+00
 cg2d: Sum(rhs),rhsMax =   3.41060513164848E-13  1.99826572897853E+00
 cg2d: Sum(rhs),rhsMax =   9.37916411203332E-13  1.99816954154800E+00
 cg2d: Sum(rhs),rhsMax =   3.69482222595252E-13  1.99807257570752E+00
 cg2d: Sum(rhs),rhsMax =   9.37916411203332E-13  1.99797483157076E+00
 cg2d: Sum(rhs),rhsMax =   4.97379915032070E-13  1.99787630928802E+00
 cg2d: Sum(rhs),rhsMax =   8.52651282912120E-13  1.99777700909586E+00
 cg2d: Sum(rhs),rhsMax =   8.24229573481716E-13  1.99767693132623E+00
 cg2d: Sum(rhs),rhsMax =   5.68434188608080E-13  1.99757607638737E+00
 cg2d: Sum(rhs),rhsMax =   7.10542735760100E-13  1.99747444473723E+00
 cg2d: Sum(rhs),rhsMax =   8.81072992342524E-13  1.99737203686449E+00
 cg2d: Sum(rhs),rhsMax =   6.25277607468888E-13  1.99726885328106E+00
 cg2d: Sum(rhs),rhsMax =   7.81597009336110E-13  1.99716489452377E+00
 cg2d: Sum(rhs),rhsMax =   3.12638803734444E-13  1.99706016115903E+00
 cg2d: Sum(rhs),rhsMax =   3.83693077310454E-13  1.99695465378713E+00
 cg2d: Sum(rhs),rhsMax =   5.68434188608080E-13  1.99684837304370E+00
 cg2d: Sum(rhs),rhsMax =   4.26325641456060E-13  1.99674131959909E+00
 cg2d: Sum(rhs),rhsMax =   3.83693077310454E-13  1.99663349415570E+00
 cg2d: Sum(rhs),rhsMax =   5.40012479177676E-13  1.99652489744398E+00
 cg2d: Sum(rhs),rhsMax =   5.68434188608080E-13  1.99641553021776E+00
 cg2d: Sum(rhs),rhsMax =   7.67386154620908E-13  1.99630539324887E+00
 cg2d: Sum(rhs),rhsMax =   1.26476606965298E-12  1.99619448732192E+00
 cg2d: Sum(rhs),rhsMax =   3.26849658449646E-13  1.99608281322969E+00
 cg2d: Sum(rhs),rhsMax =  -2.41584530158434E-13  1.99597037176933E+00
 cg2d: Sum(rhs),rhsMax =   6.82121026329696E-13  1.99585716374004E+00
 cg2d: Sum(rhs),rhsMax =   7.38964445190504E-13  1.99574318994199E+00
 cg2d: Sum(rhs),rhsMax =   4.83169060316868E-13  1.99562845117595E+00
 cg2d: Sum(rhs),rhsMax =   8.52651282912120E-13  1.99551294824340E+00
 cg2d: Sum(rhs),rhsMax =   5.54223333892878E-13  1.99539668194636E+00
 cg2d: Sum(rhs),rhsMax =   7.81597009336110E-13  1.99527965308675E+00
 cg2d: Sum(rhs),rhsMax =   8.66862137627322E-13  1.99516186246490E+00
 cg2d: Sum(rhs),rhsMax =   6.39488462184090E-13  1.99504331087728E+00
 cg2d: Sum(rhs),rhsMax =   7.10542735760100E-14  1.99492399911349E+00
 cg2d: Sum(rhs),rhsMax =   1.70530256582424E-13  1.99480392795287E+00
 cg2d: Sum(rhs),rhsMax =   7.38964445190504E-13  1.99468309816143E+00
 cg2d: Sum(rhs),rhsMax =   9.80548975348938E-13  1.99456151048905E+00
 cg2d: Sum(rhs),rhsMax =   8.52651282912120E-13  1.99443916566721E+00
 cg2d: Sum(rhs),rhsMax =   1.12265752250096E-12  1.99431606440727E+00
 cg2d: Sum(rhs),rhsMax =   6.11066752753686E-13  1.99419220739920E+00
 cg2d: Sum(rhs),rhsMax =   6.82121026329696E-13  1.99406759531059E+00
 cg2d: Sum(rhs),rhsMax =   4.40536496171262E-13  1.99394222878600E+00
 cg2d: Sum(rhs),rhsMax =   5.11590769747272E-13  1.99381610844648E+00
 cg2d: Sum(rhs),rhsMax =   6.25277607468888E-13  1.99368923488917E+00
 cg2d: Sum(rhs),rhsMax =   1.06581410364015E-12  1.99356160868705E+00
 cg2d: Sum(rhs),rhsMax =   6.53699316899292E-13  1.99343323038886E+00
 cg2d: Sum(rhs),rhsMax =   5.11590769747272E-13  1.99330410051913E+00
 cg2d: Sum(rhs),rhsMax =   8.10018718766514E-13  1.99317421957839E+00
 cg2d: Sum(rhs),rhsMax =   7.38964445190504E-13  1.99304358804364E+00
 cg2d: Sum(rhs),rhsMax =   1.06581410364015E-12  1.99291220636902E+00
 cg2d: Sum(rhs),rhsMax =   4.97379915032070E-13  1.99278007498672E+00
 cg2d: Sum(rhs),rhsMax =   7.95807864051312E-13  1.99264719430797E+00
 cg2d: Sum(rhs),rhsMax =   7.24753590475302E-13  1.99251356472431E+00
 cg2d: Sum(rhs),rhsMax =   5.40012479177676E-13  1.99237918660897E+00
 cg2d: Sum(rhs),rhsMax =   5.96855898038484E-13  1.99224406031819E+00
 cg2d: Sum(rhs),rhsMax =   1.00897068477934E-12  1.99210818619292E+00
 cg2d: Sum(rhs),rhsMax =   7.95807864051312E-13  1.99197156456023E+00
 cg2d: Sum(rhs),rhsMax =   8.10018718766514E-13  1.99183419573504E+00
 cg2d: Sum(rhs),rhsMax =   4.54747350886464E-13  1.99169608002185E+00
 cg2d: Sum(rhs),rhsMax =   4.83169060316868E-13  1.99155721771640E+00
 cg2d: Sum(rhs),rhsMax =   6.96331881044898E-13  1.99141760910769E+00
 cg2d: Sum(rhs),rhsMax =   2.41584530158434E-13  1.99127725447975E+00
 cg2d: Sum(rhs),rhsMax =   6.39488462184090E-13  1.99113615411376E+00
 cg2d: Sum(rhs),rhsMax =   7.10542735760100E-13  1.99099430829005E+00
 cg2d: Sum(rhs),rhsMax =   8.24229573481716E-13  1.99085171729027E+00
 cg2d: Sum(rhs),rhsMax =   3.26849658449646E-13  1.99070838139951E+00
(PID.TID 0000.0001) whio : write lev 2 rec   2
 cg2d: Sum(rhs),rhsMax =   1.05160324892495E-12  1.99056430090849E+00
 cg2d: Sum(rhs),rhsMax =   5.68434188608080E-13  1.99041947611577E+00
 cg2d: Sum(rhs),rhsMax =   2.55795384873636E-13  1.99027390732974E+00
 cg2d: Sum(rhs),rhsMax =   5.96855898038484E-13  1.99012759487094E+00
 cg2d: Sum(rhs),rhsMax =   3.26849658449646E-13  1.98998053907398E+00
 cg2d: Sum(rhs),rhsMax =   5.40012479177676E-13  1.98983274028953E+00
 cg2d: Sum(rhs),rhsMax =   8.81072992342524E-13  1.98968419888621E+00
 cg2d: Sum(rhs),rhsMax =   4.68958205601666E-13  1.98953491525243E+00
 cg2d: Sum(rhs),rhsMax =   3.97903932025656E-13  1.98938488979809E+00
 cg2d: Sum(rhs),rhsMax =   1.12265752250096E-12  1.98923412295613E+00
 cg2d: Sum(rhs),rhsMax =   4.97379915032070E-13  1.98908261518407E+00
 cg2d: Sum(rhs),rhsMax =   1.03739239420975E-12  1.98893036696536E+00
 cg2d: Sum(rhs),rhsMax =   3.97903932025656E-13  1.98877737881065E+00
 cg2d: Sum(rhs),rhsMax =   4.54747350886464E-13  1.98862365125883E+00
 cg2d: Sum(rhs),rhsMax =   7.95807864051312E-13  1.98846918487815E+00
 cg2d: Sum(rhs),rhsMax =   9.66338120633736E-13  1.98831398026689E+00
 cg2d: Sum(rhs),rhsMax =   9.23705556488130E-13  1.98815803805426E+00
 cg2d: Sum(rhs),rhsMax =   9.23705556488130E-13  1.98800135890080E+00
 cg2d: Sum(rhs),rhsMax =   2.27373675443232E-13  1.98784394349884E+00
 cg2d: Sum(rhs),rhsMax =   9.80548975348938E-13  1.98768579257287E+00
 cg2d: Sum(rhs),rhsMax =   4.40536496171262E-13  1.98752690687945E+00
 cg2d: Sum(rhs),rhsMax =   8.10018718766514E-13  1.98736728720735E+00
 cg2d: Sum(rhs),rhsMax =   2.27373675443232E-13  1.98720693437723E+00
 cg2d: Sum(rhs),rhsMax =   6.96331881044898E-13  1.98704584924140E+00
 cg2d: Sum(rhs),rhsMax =   7.67386154620908E-13  1.98688403268324E+00
 cg2d: Sum(rhs),rhsMax =   1.98951966012828E-13  1.98672148561659E+00
 cg2d: Sum(rhs),rhsMax =   5.40012479177676E-13  1.98655820898490E+00
 cg2d: Sum(rhs),rhsMax =   6.67910171614494E-13  1.98639420376027E+00
 cg2d: Sum(rhs),rhsMax =   4.40536496171262E-13  1.98622947094271E+00
 cg2d: Sum(rhs),rhsMax =   8.52651282912120E-13  1.98606401155908E+00
 cg2d: Sum(rhs),rhsMax =   4.54747350886464E-13  1.98589782666181E+00
 cg2d: Sum(rhs),rhsMax =   1.05160324892495E-12  1.98573091732729E+00
 cg2d: Sum(rhs),rhsMax =   2.98427949019242E-13  1.98556328465445E+00
 cg2d: Sum(rhs),rhsMax =   7.53175299905706E-13  1.98539492976335E+00
 cg2d: Sum(rhs),rhsMax =   7.81597009336110E-13  1.98522585379359E+00
 cg2d: Sum(rhs),rhsMax =   5.96855898038484E-13  1.98505605790274E+00
 cg2d: Sum(rhs),rhsMax =   5.82645043323282E-13  1.98488554326477E+00
 cg2d: Sum(rhs),rhsMax =   6.39488462184090E-13  1.98471431106829E+00
 cg2d: Sum(rhs),rhsMax =   4.68958205601666E-13  1.98454236251496E+00
 cg2d: Sum(rhs),rhsMax =   1.70530256582424E-13  1.98436969881764E+00
 cg2d: Sum(rhs),rhsMax =   9.23705556488130E-13  1.98419632119872E+00
 cg2d: Sum(rhs),rhsMax =   6.67910171614494E-13  1.98402223088842E+00
 cg2d: Sum(rhs),rhsMax =   2.27373675443232E-13  1.98384742912312E+00
 cg2d: Sum(rhs),rhsMax =   4.97379915032070E-13  1.98367191714351E+00
 cg2d: Sum(rhs),rhsMax =   7.10542735760100E-13  1.98349569619308E+00
 cg2d: Sum(rhs),rhsMax =   8.52651282912120E-13  1.98331876751651E+00
 cg2d: Sum(rhs),rhsMax =   8.81072992342524E-13  1.98314113235799E+00
 cg2d: Sum(rhs),rhsMax =   8.52651282912120E-13  1.98296279195984E+00
 cg2d: Sum(rhs),rhsMax =   1.02318153949454E-12  1.98278374756094E+00
 cg2d: Sum(rhs),rhsMax =   6.53699316899292E-13  1.98260400039550E+00
 cg2d: Sum(rhs),rhsMax =   4.68958205601666E-13  1.98242355169166E+00
 cg2d: Sum(rhs),rhsMax =   4.83169060316868E-13  1.98224240267025E+00
 cg2d: Sum(rhs),rhsMax =   7.38964445190504E-13  1.98206055454376E+00
 cg2d: Sum(rhs),rhsMax =   8.95283847057726E-13  1.98187800851551E+00
 cg2d: Sum(rhs),rhsMax =   7.67386154620908E-13  1.98169476577865E+00
 cg2d: Sum(rhs),rhsMax =   1.02318153949454E-12  1.98151082751545E+00
 cg2d: Sum(rhs),rhsMax =   5.40012479177676E-13  1.98132619489648E+00
 cg2d: Sum(rhs),rhsMax =   5.40012479177676E-13  1.98114086908013E+00
 cg2d: Sum(rhs),rhsMax =   6.53699316899292E-13  1.98095485121213E+00
 cg2d: Sum(rhs),rhsMax =   8.81072992342524E-13  1.98076814242527E+00
 cg2d: Sum(rhs),rhsMax =   5.11590769747272E-13  1.98058074383928E+00
 cg2d: Sum(rhs),rhsMax =   2.13162820728030E-13  1.98039265656073E+00
 cg2d: Sum(rhs),rhsMax =   4.97379915032070E-13  1.98020388168304E+00
 cg2d: Sum(rhs),rhsMax =   8.52651282912120E-13  1.98001442028673E+00
 cg2d: Sum(rhs),rhsMax =   7.38964445190504E-13  1.97982427343966E+00
 cg2d: Sum(rhs),rhsMax =   7.53175299905706E-13  1.97963344219734E+00
 cg2d: Sum(rhs),rhsMax =   3.55271367880050E-13  1.97944192760356E+00
 cg2d: Sum(rhs),rhsMax =   3.97903932025656E-13  1.97924973069082E+00
 cg2d: Sum(rhs),rhsMax =   7.53175299905706E-13  1.97905685248117E+00
 cg2d: Sum(rhs),rhsMax =   7.53175299905706E-13  1.97886329398688E+00
 cg2d: Sum(rhs),rhsMax =   6.11066752753686E-13  1.97866905621136E+00
 cg2d: Sum(rhs),rhsMax =   6.53699316899292E-13  1.97847414015006E+00
(PID.TID 0000.0001) whio : write lev 2 rec   3
 cg2d: Sum(rhs),rhsMax =   5.25801624462474E-13  1.97827854679158E+00
 cg2d: Sum(rhs),rhsMax =   2.13162820728030E-13  1.97808227711866E+00
 cg2d: Sum(rhs),rhsMax =   3.97903932025656E-13  1.97788533210936E+00
 cg2d: Sum(rhs),rhsMax =   4.83169060316868E-13  1.97768771273827E+00
 cg2d: Sum(rhs),rhsMax =   5.68434188608080E-13  1.97748941997780E+00
 cg2d: Sum(rhs),rhsMax =   8.52651282912120E-13  1.97729045479931E+00
 cg2d: Sum(rhs),rhsMax =   5.25801624462474E-13  1.97709081817457E+00
 cg2d: Sum(rhs),rhsMax =   5.11590769747272E-13  1.97689051107700E+00
 cg2d: Sum(rhs),rhsMax =   7.24753590475302E-13  1.97668953448292E+00
 cg2d: Sum(rhs),rhsMax =   4.83169060316868E-13  1.97648788937311E+00
 cg2d: Sum(rhs),rhsMax =   4.26325641456060E-13  1.97628557673392E+00
 cg2d: Sum(rhs),rhsMax =   8.38440428196918E-13  1.97608259755867E+00
 cg2d: Sum(rhs),rhsMax =   7.38964445190504E-13  1.97587895284890E+00
 cg2d: Sum(rhs),rhsMax =   4.40536496171262E-13  1.97567464361575E+00
 cg2d: Sum(rhs),rhsMax =   5.40012479177676E-13  1.97546967088098E+00
 cg2d: Sum(rhs),rhsMax =   7.67386154620908E-13  1.97526403567837E+00
 cg2d: Sum(rhs),rhsMax =   4.83169060316868E-13  1.97505773905462E+00
 cg2d: Sum(rhs),rhsMax =   8.24229573481716E-13  1.97485078207062E+00
 cg2d: Sum(rhs),rhsMax =   4.40536496171262E-13  1.97464316580237E+00
 cg2d: Sum(rhs),rhsMax =   5.11590769747272E-13  1.97443489134190E+00
 cg2d: Sum(rhs),rhsMax =   7.38964445190504E-13  1.97422595979816E+00
 cg2d: Sum(rhs),rhsMax =   7.81597009336110E-13  1.97401637229787E+00
 cg2d: Sum(rhs),rhsMax =   5.40012479177676E-13  1.97380612998610E+00
 cg2d: Sum(rhs),rhsMax =   3.83693077310454E-13  1.97359523402704E+00
 cg2d: Sum(rhs),rhsMax =   6.82121026329696E-13  1.97338368560446E+00
 cg2d: Sum(rhs),rhsMax =   6.82121026329696E-13  1.97317148592217E+00
 cg2d: Sum(rhs),rhsMax =   4.40536496171262E-13  1.97295863620440E+00
 cg2d: Sum(rhs),rhsMax =   6.39488462184090E-13  1.97274513769602E+00
 cg2d: Sum(rhs),rhsMax =   4.97379915032070E-13  1.97253099166276E+00
 cg2d: Sum(rhs),rhsMax =   5.40012479177676E-13  1.97231619939129E+00
 cg2d: Sum(rhs),rhsMax =   9.94759830064140E-13  1.97210076218916E+00
 cg2d: Sum(rhs),rhsMax =   5.54223333892878E-13  1.97188468138468E+00
 cg2d: Sum(rhs),rhsMax =   5.40012479177676E-13  1.97166795832684E+00
 cg2d: Sum(rhs),rhsMax =   2.41584530158434E-13  1.97145059438484E+00
 cg2d: Sum(rhs),rhsMax =   2.13162820728030E-13  1.97123259094787E+00
 cg2d: Sum(rhs),rhsMax =   3.83693077310454E-13  1.97101394942454E+00
 cg2d: Sum(rhs),rhsMax =   7.38964445190504E-13  1.97079467124240E+00
 cg2d: Sum(rhs),rhsMax =   4.97379915032070E-13  1.97057475784731E+00
 cg2d: Sum(rhs),rhsMax =   5.68434188608080E-13  1.97035421070274E+00
 cg2d: Sum(rhs),rhsMax =   3.26849658449646E-13  1.97013303128896E+00
 cg2d: Sum(rhs),rhsMax =   9.52127265918534E-13  1.96991122110236E+00
 cg2d: Sum(rhs),rhsMax =   9.23705556488130E-13  1.96968878165438E+00
 cg2d: Sum(rhs),rhsMax =   9.94759830064140E-14  1.96946571447079E+00
 cg2d: Sum(rhs),rhsMax =   8.10018718766514E-13  1.96924202109055E+00
 cg2d: Sum(rhs),rhsMax =   5.40012479177676E-13  1.96901770306481E+00
 cg2d: Sum(rhs),rhsMax =   5.96855898038484E-13  1.96879276195601E+00
 cg2d: Sum(rhs),rhsMax =   6.82121026329696E-13  1.96856719933661E+00
 cg2d: Sum(rhs),rhsMax =   1.19371179607697E-12  1.96834101678808E+00
 cg2d: Sum(rhs),rhsMax =   4.12114786740858E-13  1.96811421589974E+00
 cg2d: Sum(rhs),rhsMax =   5.25801624462474E-13  1.96788679826769E+00
 cg2d: Sum(rhs),rhsMax =   8.24229573481716E-13  1.96765876549382E+00
 cg2d: Sum(rhs),rhsMax =   3.12638803734444E-13  1.96743011918473E+00
 cg2d: Sum(rhs),rhsMax =   4.40536496171262E-13  1.96720086095064E+00
 cg2d: Sum(rhs),rhsMax =   8.81072992342524E-13  1.96697099240417E+00
 cg2d: Sum(rhs),rhsMax =   6.67910171614494E-13  1.96674051515921E+00
 cg2d: Sum(rhs),rhsMax =   9.09494701772928E-13  1.96650943082984E+00
 cg2d: Sum(rhs),rhsMax =   6.53699316899292E-13  1.96627774102937E+00
 cg2d: Sum(rhs),rhsMax =   4.54747350886464E-13  1.96604544736946E+00
 cg2d: Sum(rhs),rhsMax =   6.39488462184090E-13  1.96581255145918E+00
 cg2d: Sum(rhs),rhsMax =   1.00897068477934E-12  1.96557905490431E+00
 cg2d: Sum(rhs),rhsMax =   6.53699316899292E-13  1.96534495930641E+00
 cg2d: Sum(rhs),rhsMax =   2.84217094304040E-13  1.96511026626221E+00
 cg2d: Sum(rhs),rhsMax =   5.96855898038484E-13  1.96487497736279E+00
 cg2d: Sum(rhs),rhsMax =   8.66862137627322E-13  1.96463909419305E+00
 cg2d: Sum(rhs),rhsMax =   1.15107923193136E-12  1.96440261833110E+00
 cg2d: Sum(rhs),rhsMax =   9.52127265918534E-13  1.96416555134775E+00
 cg2d: Sum(rhs),rhsMax =   2.55795384873636E-13  1.96392789480618E+00
 cg2d: Sum(rhs),rhsMax =   3.83693077310454E-13  1.96368965026149E+00
 cg2d: Sum(rhs),rhsMax =   3.83693077310454E-13  1.96345081926057E+00
 cg2d: Sum(rhs),rhsMax =   6.96331881044898E-13  1.96321140334176E+00
 cg2d: Sum(rhs),rhsMax =   5.11590769747272E-13  1.96297140403481E+00
 cg2d: Sum(rhs),rhsMax =   8.95283847057726E-13  1.96273082286086E+00
(PID.TID 0000.0001) whio : write lev 2 rec   4
 cg2d: Sum(rhs),rhsMax =   7.24753590475302E-13  1.96248966133242E+00
 cg2d: Sum(rhs),rhsMax =   1.08002495835535E-12  1.96224792095346E+00
 cg2d: Sum(rhs),rhsMax =   7.67386154620908E-13  1.96200560321962E+00
 cg2d: Sum(rhs),rhsMax =   1.00897068477934E-12  1.96176270961842E+00
 cg2d: Sum(rhs),rhsMax =   3.69482222595252E-13  1.96151924162961E+00
 cg2d: Sum(rhs),rhsMax =   1.13686837721616E-12  1.96127520072553E+00
 cg2d: Sum(rhs),rhsMax =   5.40012479177676E-13  1.96103058837147E+00
 cg2d: Sum(rhs),rhsMax =   5.25801624462474E-13  1.96078540602631E+00
 cg2d: Sum(rhs),rhsMax =   5.82645043323282E-13  1.96053965514300E+00
 cg2d: Sum(rhs),rhsMax =   3.41060513164848E-13  1.96029333716912E+00
 cg2d: Sum(rhs),rhsMax =   7.24753590475302E-13  1.96004645354762E+00
 cg2d: Sum(rhs),rhsMax =   7.10542735760100E-13  1.95979900571744E+00
 cg2d: Sum(rhs),rhsMax =   1.36424205265939E-12  1.95955099511424E+00
 cg2d: Sum(rhs),rhsMax =   8.52651282912120E-13  1.95930242317123E+00
 cg2d: Sum(rhs),rhsMax =   8.24229573481716E-13  1.95905329131984E+00
 cg2d: Sum(rhs),rhsMax =   6.53699316899292E-13  1.95880360099056E+00
 cg2d: Sum(rhs),rhsMax =   4.54747350886464E-13  1.95855335361380E+00
 cg2d: Sum(rhs),rhsMax =   3.69482222595252E-13  1.95830255062066E+00
 cg2d: Sum(rhs),rhsMax =   5.82645043323282E-13  1.95805119344379E+00
 cg2d: Sum(rhs),rhsMax =   7.10542735760100E-13  1.95779928351826E+00
 cg2d: Sum(rhs),rhsMax =   7.67386154620908E-13  1.95754682228241E+00
 cg2d: Sum(rhs),rhsMax =   3.41060513164848E-13  1.95729381117865E+00
 cg2d: Sum(rhs),rhsMax =   7.67386154620908E-13  1.95704025165433E+00
 cg2d: Sum(rhs),rhsMax =   4.40536496171262E-13  1.95678614516253E+00
 cg2d: Sum(rhs),rhsMax =   4.12114786740858E-13  1.95653149316289E+00
 cg2d: Sum(rhs),rhsMax =   6.25277607468888E-13  1.95627629712234E+00
 cg2d: Sum(rhs),rhsMax =   3.26849658449646E-13  1.95602055851583E+00
 cg2d: Sum(rhs),rhsMax =   3.26849658449646E-13  1.95576427882672E+00
 cg2d: Sum(rhs),rhsMax =   4.97379915032070E-13  1.95550745954742E+00
 cg2d: Sum(rhs),rhsMax =   4.40536496171262E-13  1.95525010218045E+00
 cg2d: Sum(rhs),rhsMax =   6.25277607468888E-13  1.95499220823937E+00
 cg2d: Sum(rhs),rhsMax =   9.09494701772928E-13  1.95473377924937E+00
 cg2d: Sum(rhs),rhsMax =   5.54223333892878E-13  1.95447481674723E+00
 cg2d: Sum(rhs),rhsMax =   7.38964445190504E-13  1.95421532228136E+00
 cg2d: Sum(rhs),rhsMax =   5.68434188608080E-13  1.95395529741213E+00
 cg2d: Sum(rhs),rhsMax =   1.20792265079217E-12  1.95369474371237E+00
 cg2d: Sum(rhs),rhsMax =   6.67910171614494E-13  1.95343366276768E+00
 cg2d: Sum(rhs),rhsMax =   4.54747350886464E-13  1.95317205617682E+00
 cg2d: Sum(rhs),rhsMax =   5.54223333892878E-13  1.95290992555179E+00
 cg2d: Sum(rhs),rhsMax =   7.10542735760100E-13  1.95264727251788E+00
 cg2d: Sum(rhs),rhsMax =   5.25801624462474E-13  1.95238409871382E+00
 cg2d: Sum(rhs),rhsMax =   9.94759830064140E-14  1.95212040579161E+00
 cg2d: Sum(rhs),rhsMax =   6.11066752753686E-13  1.95185619541651E+00
 cg2d: Sum(rhs),rhsMax =   3.41060513164848E-13  1.95159146926691E+00
 cg2d: Sum(rhs),rhsMax =   7.67386154620908E-13  1.95132622903414E+00
 cg2d: Sum(rhs),rhsMax =   9.94759830064140E-14  1.95106047642222E+00
 cg2d: Sum(rhs),rhsMax =   3.97903932025656E-13  1.95079421314756E+00
 cg2d: Sum(rhs),rhsMax =   8.24229573481716E-13  1.95052744093867E+00
 cg2d: Sum(rhs),rhsMax =   8.38440428196918E-13  1.95026016153578E+00
 cg2d: Sum(rhs),rhsMax =   6.25277607468888E-13  1.94999237669033E+00
 cg2d: Sum(rhs),rhsMax =   4.12114786740858E-13  1.94972408816461E+00
 cg2d: Sum(rhs),rhsMax =   6.25277607468888E-13  1.94945529773121E+00
 cg2d: Sum(rhs),rhsMax =   8.66862137627322E-13  1.94918600717248E+00
 cg2d: Sum(rhs),rhsMax =   7.38964445190504E-13  1.94891621827997E+00
 cg2d: Sum(rhs),rhsMax =   6.96331881044898E-13  1.94864593285385E+00
 cg2d: Sum(rhs),rhsMax =   4.83169060316868E-13  1.94837515270227E+00
 cg2d: Sum(rhs),rhsMax =   7.24753590475302E-13  1.94810387964077E+00
 cg2d: Sum(rhs),rhsMax =   6.53699316899292E-13  1.94783211549159E+00
 cg2d: Sum(rhs),rhsMax =   3.97903932025656E-13  1.94755986208303E+00
 cg2d: Sum(rhs),rhsMax =   6.11066752753686E-13  1.94728712124878E+00
 cg2d: Sum(rhs),rhsMax =   1.09423581307055E-12  1.94701389482735E+00
 cg2d: Sum(rhs),rhsMax =   1.23634436022257E-12  1.94674018466117E+00
 cg2d: Sum(rhs),rhsMax =   8.24229573481716E-13  1.94646599259623E+00
 cg2d: Sum(rhs),rhsMax =   5.68434188608080E-13  1.94619132048125E+00
 cg2d: Sum(rhs),rhsMax =   7.67386154620908E-13  1.94591617016705E+00
 cg2d: Sum(rhs),rhsMax =   4.97379915032070E-13  1.94564054350604E+00
 cg2d: Sum(rhs),rhsMax =   6.96331881044898E-13  1.94536444235150E+00
 cg2d: Sum(rhs),rhsMax =   1.10844666778576E-12  1.94508786855703E+00
 cg2d: Sum(rhs),rhsMax =   3.83693077310454E-13  1.94481082397608E+00
 cg2d: Sum(rhs),rhsMax =   1.42108547152020E-14  1.94453331046125E+00
 cg2d: Sum(rhs),rhsMax =   7.24753590475302E-13  1.94425532986402E+00
 cg2d: Sum(rhs),rhsMax =   6.96331881044898E-13  1.94397688403403E+00
(PID.TID 0000.0001) whio : write lev 2 rec   5
 cg2d: Sum(rhs),rhsMax =   9.09494701772928E-13  1.94369797481884E+00
 cg2d: Sum(rhs),rhsMax =   5.82645043323282E-13  1.94341860406343E+00
 cg2d: Sum(rhs),rhsMax =   7.95807864051312E-13  1.94313877360991E+00
 cg2d: Sum(rhs),rhsMax =   7.53175299905706E-13  1.94285848529712E+00
 cg2d: Sum(rhs),rhsMax =   6.53699316899292E-13  1.94257774096040E+00
 cg2d: Sum(rhs),rhsMax =   7.38964445190504E-13  1.94229654243137E+00
 cg2d: Sum(rhs),rhsMax =   8.81072992342524E-13  1.94201489153768E+00
 cg2d: Sum(rhs),rhsMax =   7.24753590475302E-13  1.94173279010287E+00
 cg2d: Sum(rhs),rhsMax =   6.67910171614494E-13  1.94145023994629E+00
 cg2d: Sum(rhs),rhsMax =   8.81072992342524E-13  1.94116724288296E+00
 cg2d: Sum(rhs),rhsMax =   1.42108547152020E-14  1.94088380072361E+00
 cg2d: Sum(rhs),rhsMax =   8.95283847057726E-13  1.94059991527469E+00
 cg2d: Sum(rhs),rhsMax =   7.10542735760100E-13  1.94031558833834E+00
 cg2d: Sum(rhs),rhsMax =   4.97379915032070E-13  1.94003082171255E+00
 cg2d: Sum(rhs),rhsMax =   6.11066752753686E-13  1.93974561719131E+00
 cg2d: Sum(rhs),rhsMax =   5.96855898038484E-13  1.93945997656475E+00
 cg2d: Sum(rhs),rhsMax =   6.53699316899292E-13  1.93917390161931E+00
 cg2d: Sum(rhs),rhsMax =   7.53175299905706E-13  1.93888739413803E+00
 cg2d: Sum(rhs),rhsMax =   8.10018718766514E-13  1.93860045590081E+00
 cg2d: Sum(rhs),rhsMax =   4.12114786740858E-13  1.93831308868469E+00
 cg2d: Sum(rhs),rhsMax =   6.96331881044898E-13  1.93802529426420E+00
 cg2d: Sum(rhs),rhsMax =   5.25801624462474E-13  1.93773707441167E+00
 cg2d: Sum(rhs),rhsMax =   3.55271367880050E-13  1.93744843089765E+00
 cg2d: Sum(rhs),rhsMax =   5.40012479177676E-13  1.93715936549131E+00
 cg2d: Sum(rhs),rhsMax =   9.66338120633736E-13  1.93686987996079E+00
 cg2d: Sum(rhs),rhsMax =   5.54223333892878E-13  1.93657997607369E+00
 cg2d: Sum(rhs),rhsMax =   1.02318153949454E-12  1.93628965559743E+00
 cg2d: Sum(rhs),rhsMax =   5.96855898038484E-13  1.93599892029981E+00
 cg2d: Sum(rhs),rhsMax =  -4.26325641456060E-14  1.93570777194933E+00
 cg2d: Sum(rhs),rhsMax =   3.83693077310454E-13  1.93541621231575E+00
 cg2d: Sum(rhs),rhsMax =   7.95807864051312E-13  1.93512424317045E+00
 cg2d: Sum(rhs),rhsMax =   2.84217094304040E-13  1.93483186628695E+00
 cg2d: Sum(rhs),rhsMax =   4.54747350886464E-13  1.93453908344132E+00
 cg2d: Sum(rhs),rhsMax =   6.25277607468888E-13  1.93424589641266E+00
 cg2d: Sum(rhs),rhsMax =   7.10542735760100E-13  1.93395230698345E+00
 cg2d: Sum(rhs),rhsMax =   9.37916411203332E-13  1.93365831694005E+00
 cg2d: Sum(rhs),rhsMax =   1.05160324892495E-12  1.93336392807306E+00
 cg2d: Sum(rhs),rhsMax =   9.80548975348938E-13  1.93306914217767E+00
 cg2d: Sum(rhs),rhsMax =   7.38964445190504E-13  1.93277396105408E+00
 cg2d: Sum(rhs),rhsMax =   4.68958205601666E-13  1.93247838650781E+00
 cg2d: Sum(rhs),rhsMax =   7.95807864051312E-13  1.93218242035007E+00
 cg2d: Sum(rhs),rhsMax =   2.13162820728030E-13  1.93188606439799E+00
 cg2d: Sum(rhs),rhsMax =   7.24753590475302E-13  1.93158932047489E+00
 cg2d: Sum(rhs),rhsMax =   8.10018718766514E-13  1.93129219041061E+00
 cg2d: Sum(rhs),rhsMax =   1.10844666778576E-12  1.93099467604166E+00
 cg2d: Sum(rhs),rhsMax =   9.52127265918534E-13  1.93069677921139E+00
 cg2d: Sum(rhs),rhsMax =   3.83693077310454E-13  1.93039850177019E+00
 cg2d: Sum(rhs),rhsMax =   1.02318153949454E-12  1.93009984557559E+00
 cg2d: Sum(rhs),rhsMax =   5.82645043323282E-13  1.92980081249243E+00
 cg2d: Sum(rhs),rhsMax =   8.95283847057726E-13  1.92950140439279E+00
 cg2d: Sum(rhs),rhsMax =   7.10542735760100E-13  1.92920162315618E+00
 cg2d: Sum(rhs),rhsMax =   3.97903932025656E-13  1.92890147066939E+00
 cg2d: Sum(rhs),rhsMax =   7.67386154620908E-13  1.92860094882665E+00
 cg2d: Sum(rhs),rhsMax =   7.10542735760100E-13  1.92830005952937E+00
 cg2d: Sum(rhs),rhsMax =   1.56319401867222E-13  1.92799880468621E+00
 cg2d: Sum(rhs),rhsMax =   4.68958205601666E-13  1.92769718621293E+00
 cg2d: Sum(rhs),rhsMax =   7.38964445190504E-13  1.92739520603222E+00
 cg2d: Sum(rhs),rhsMax =   3.26849658449646E-13  1.92709286607353E+00
 cg2d: Sum(rhs),rhsMax =   5.96855898038484E-13  1.92687610072743E+00
 cg2d: Sum(rhs),rhsMax =   4.40536496171262E-13  1.92700113295450E+00
 cg2d: Sum(rhs),rhsMax =   8.38440428196918E-13  1.92712564430495E+00
 cg2d: Sum(rhs),rhsMax =   9.09494701772928E-13  1.92724963435591E+00
 cg2d: Sum(rhs),rhsMax =   7.24753590475302E-13  1.92737310268716E+00
 cg2d: Sum(rhs),rhsMax =   5.11590769747272E-13  1.92749604888053E+00
 cg2d: Sum(rhs),rhsMax =   8.81072992342524E-13  1.92761847251958E+00
 cg2d: Sum(rhs),rhsMax =   4.26325641456060E-13  1.92774037318898E+00
 cg2d: Sum(rhs),rhsMax =   4.83169060316868E-13  1.92786175047422E+00
 cg2d: Sum(rhs),rhsMax =   5.82645043323282E-13  1.92798260396111E+00
 cg2d: Sum(rhs),rhsMax =   4.40536496171262E-13  1.92810293323547E+00
 cg2d: Sum(rhs),rhsMax =   7.53175299905706E-13  1.92822273788274E+00
 cg2d: Sum(rhs),rhsMax =   2.98427949019242E-13  1.92834201748786E+00
 cg2d: Sum(rhs),rhsMax =   9.09494701772928E-13  1.92846077163464E+00
(PID.TID 0000.0001) whio : write lev 2 rec   6
 cg2d: Sum(rhs),rhsMax =   1.12265752250096E-12  1.92857899990590E+00
 cg2d: Sum(rhs),rhsMax =   1.30739863379858E-12  1.92869670188308E+00
 cg2d: Sum(rhs),rhsMax =   3.12638803734444E-13  1.92881387714620E+00
 cg2d: Sum(rhs),rhsMax =  -5.68434188608080E-14  1.92893052527365E+00
 cg2d: Sum(rhs),rhsMax =   1.02318153949454E-12  1.92904664584226E+00
 cg2d: Sum(rhs),rhsMax =   9.09494701772928E-13  1.92916223842715E+00
 cg2d: Sum(rhs),rhsMax =   6.25277607468888E-13  1.92927730260189E+00
 cg2d: Sum(rhs),rhsMax =   3.97903932025656E-13  1.92939183793842E+00
 cg2d: Sum(rhs),rhsMax =   2.27373675443232E-13  1.92950584400732E+00
 cg2d: Sum(rhs),rhsMax =   6.96331881044898E-13  1.92961932037779E+00
 cg2d: Sum(rhs),rhsMax =   6.82121026329696E-13  1.92973226661784E+00
 cg2d: Sum(rhs),rhsMax =   6.67910171614494E-13  1.92984468229466E+00
 cg2d: Sum(rhs),rhsMax =   1.98951966012828E-13  1.92995656697502E+00
 cg2d: Sum(rhs),rhsMax =   9.80548975348938E-13  1.93006792022564E+00
 cg2d: Sum(rhs),rhsMax =   9.23705556488130E-13  1.93017874161338E+00
 cg2d: Sum(rhs),rhsMax =   7.24753590475302E-13  1.93028903070541E+00
 cg2d: Sum(rhs),rhsMax =   9.23705556488130E-13  1.93039878706967E+00
 cg2d: Sum(rhs),rhsMax =   4.40536496171262E-13  1.93050801027531E+00
 cg2d: Sum(rhs),rhsMax =   6.39488462184090E-13  1.93061669989318E+00
 cg2d: Sum(rhs),rhsMax =   3.41060513164848E-13  1.93072485549639E+00
 cg2d: Sum(rhs),rhsMax =   1.08002495835535E-12  1.93083247666079E+00
 cg2d: Sum(rhs),rhsMax =   8.10018718766514E-13  1.93093956296559E+00
 cg2d: Sum(rhs),rhsMax =   2.84217094304040E-13  1.93104611399374E+00
 cg2d: Sum(rhs),rhsMax =   5.54223333892878E-13  1.93115212933257E+00
 cg2d: Sum(rhs),rhsMax =   5.54223333892878E-13  1.93125760857431E+00
 cg2d: Sum(rhs),rhsMax =   3.83693077310454E-13  1.93136255131335E+00
 cg2d: Sum(rhs),rhsMax =   6.39488462184090E-13  1.93146695714962E+00
 cg2d: Sum(rhs),rhsMax =   3.69482222595252E-13  1.93157082569487E+00
 cg2d: Sum(rhs),rhsMax =   7.67386154620908E-13  1.93167415657220E+00
 cg2d: Sum(rhs),rhsMax =   7.10542735760100E-13  1.93177694941151E+00
 cg2d: Sum(rhs),rhsMax =   3.83693077310454E-13  1.93187920384710E+00
 cg2d: Sum(rhs),rhsMax =   5.11590769747272E-13  1.93198091951891E+00
 cg2d: Sum(rhs),rhsMax =   6.25277607468888E-13  1.93208209607499E+00
 cg2d: Sum(rhs),rhsMax =   8.52651282912120E-13  1.93218273317348E+00
 cg2d: Sum(rhs),rhsMax =   6.67910171614494E-13  1.93228283048342E+00
 cg2d: Sum(rhs),rhsMax =   8.24229573481716E-13  1.93238238768493E+00
 cg2d: Sum(rhs),rhsMax =   3.97903932025656E-13  1.93248140446939E+00
 cg2d: Sum(rhs),rhsMax =   7.67386154620908E-13  1.93257988053936E+00
 cg2d: Sum(rhs),rhsMax =   4.83169060316868E-13  1.93267781560891E+00
 cg2d: Sum(rhs),rhsMax =   7.95807864051312E-13  1.93277520940368E+00
 cg2d: Sum(rhs),rhsMax =   4.26325641456060E-13  1.93287206166122E+00
 cg2d: Sum(rhs),rhsMax =   2.84217094304040E-13  1.93296837213107E+00
 cg2d: Sum(rhs),rhsMax =   6.96331881044898E-13  1.93306414057507E+00
 cg2d: Sum(rhs),rhsMax =   7.95807864051312E-13  1.93315936676738E+00
 cg2d: Sum(rhs),rhsMax =   6.39488462184090E-13  1.93325405049457E+00
 cg2d: Sum(rhs),rhsMax =   6.53699316899292E-13  1.93334819155571E+00
 cg2d: Sum(rhs),rhsMax =   8.66862137627322E-13  1.93344178976227E+00
 cg2d: Sum(rhs),rhsMax =   6.39488462184090E-13  1.93353484493810E+00
 cg2d: Sum(rhs),rhsMax =   7.53175299905706E-13  1.93362735691927E+00
 cg2d: Sum(rhs),rhsMax =   8.95283847057726E-13  1.93371932555399E+00
 cg2d: Sum(rhs),rhsMax =   6.67910171614494E-13  1.93381075070232E+00
 cg2d: Sum(rhs),rhsMax =   7.67386154620908E-13  1.93390163223594E+00
 cg2d: Sum(rhs),rhsMax =   1.27897692436818E-12  1.93399197003795E+00
 cg2d: Sum(rhs),rhsMax =   9.66338120633736E-13  1.93408176400248E+00
 cg2d: Sum(rhs),rhsMax =   8.95283847057726E-13  1.93417101403445E+00
 cg2d: Sum(rhs),rhsMax =   1.56319401867222E-13  1.93425972004916E+00
 cg2d: Sum(rhs),rhsMax =   5.96855898038484E-13  1.93434788197188E+00
 cg2d: Sum(rhs),rhsMax =   2.98427949019242E-13  1.93443549973748E+00
 cg2d: Sum(rhs),rhsMax =   5.68434188608080E-13  1.93452257328998E+00
 cg2d: Sum(rhs),rhsMax =   7.81597009336110E-13  1.93460910258195E+00
 cg2d: Sum(rhs),rhsMax =   7.38964445190504E-13  1.93469508757425E+00
 cg2d: Sum(rhs),rhsMax =   9.80548975348938E-13  1.93478052823526E+00
 cg2d: Sum(rhs),rhsMax =   9.94759830064140E-13  1.93486542454047E+00
 cg2d: Sum(rhs),rhsMax =   1.12265752250096E-12  1.93494977647197E+00
 cg2d: Sum(rhs),rhsMax =   5.96855898038484E-13  1.93503358401781E+00
 cg2d: Sum(rhs),rhsMax =   6.25277607468888E-13  1.93511684717146E+00
 cg2d: Sum(rhs),rhsMax =   9.52127265918534E-13  1.93519956593132E+00
 cg2d: Sum(rhs),rhsMax =   5.82645043323282E-13  1.93528174030007E+00
 cg2d: Sum(rhs),rhsMax =   0.00000000000000E+00  1.93536337028419E+00
 cg2d: Sum(rhs),rhsMax =   8.38440428196918E-13  1.93544445589338E+00
 cg2d: Sum(rhs),rhsMax =   6.25277607468888E-13  1.93552499703348E+00
 cg2d: Sum(rhs),rhsMax =   3.83693077310454E-13  1.93560499385334E+00
(PID.TID 0000.0001) whio : write lev 2 rec   7
 cg2d: Sum(rhs),rhsMax =   4.54747350886464E-13  1.93568444643793E+00
 cg2d: Sum(rhs),rhsMax =   9.23705556488130E-13  1.93576335482255E+00
 cg2d: Sum(rhs),rhsMax =   7.67386154620908E-13  1.93584171904080E+00
 cg2d: Sum(rhs),rhsMax =   4.12114786740858E-13  1.93591953913990E+00
 cg2d: Sum(rhs),rhsMax =   4.68958205601666E-13  1.93599681517829E+00
 cg2d: Sum(rhs),rhsMax =   4.12114786740858E-13  1.93607354722011E+00
 cg2d: Sum(rhs),rhsMax =   5.25801624462474E-13  1.93614973533185E+00
 cg2d: Sum(rhs),rhsMax =   6.25277607468888E-13  1.93622537958142E+00
 cg2d: Sum(rhs),rhsMax =   6.67910171614494E-13  1.93630048003734E+00
 cg2d: Sum(rhs),rhsMax =   7.81597009336110E-13  1.93637503676829E+00
 cg2d: Sum(rhs),rhsMax =   1.22213350550737E-12  1.93644904984247E+00
 cg2d: Sum(rhs),rhsMax =   7.10542735760100E-13  1.93652251084128E+00
 cg2d: Sum(rhs),rhsMax =   8.38440428196918E-13  1.93659543271530E+00
 cg2d: Sum(rhs),rhsMax =   7.95807864051312E-13  1.93666781680667E+00
 cg2d: Sum(rhs),rhsMax =   2.27373675443232E-13  1.93673966115095E+00
 cg2d: Sum(rhs),rhsMax =   9.09494701772928E-13  1.93681096496432E+00
 cg2d: Sum(rhs),rhsMax =   8.24229573481716E-13  1.93688172875568E+00
 cg2d: Sum(rhs),rhsMax =   7.10542735760100E-13  1.93695195356343E+00
 cg2d: Sum(rhs),rhsMax =   4.26325641456060E-13  1.93702164043114E+00
 cg2d: Sum(rhs),rhsMax =   5.68434188608080E-13  1.93709079027513E+00
 cg2d: Sum(rhs),rhsMax =   7.95807864051312E-13  1.93715940391678E+00
 cg2d: Sum(rhs),rhsMax =   3.26849658449646E-13  1.93722748211796E+00
 cg2d: Sum(rhs),rhsMax =   4.68958205601666E-13  1.93729502559123E+00
 cg2d: Sum(rhs),rhsMax =   5.68434188608080E-13  1.93736203499913E+00
 cg2d: Sum(rhs),rhsMax =   5.82645043323282E-13  1.93742851095181E+00
 cg2d: Sum(rhs),rhsMax =   6.11066752753686E-13  1.93749445400491E+00
 cg2d: Sum(rhs),rhsMax =   5.82645043323282E-13  1.93755986465778E+00
 cg2d: Sum(rhs),rhsMax =   1.02318153949454E-12  1.93762474335235E+00
 cg2d: Sum(rhs),rhsMax =   8.10018718766514E-13  1.93768909047244E+00
 cg2d: Sum(rhs),rhsMax =   3.97903932025656E-13  1.93775290634385E+00
 cg2d: Sum(rhs),rhsMax =   7.38964445190504E-13  1.93781619123509E+00
 cg2d: Sum(rhs),rhsMax =   8.66862137627322E-13  1.93787894535841E+00
 cg2d: Sum(rhs),rhsMax =   5.96855898038484E-13  1.93794116887126E+00
 cg2d: Sum(rhs),rhsMax =   9.23705556488130E-13  1.93800286187763E+00
 cg2d: Sum(rhs),rhsMax =   6.53699316899292E-13  1.93806402442953E+00
 cg2d: Sum(rhs),rhsMax =   5.11590769747272E-13  1.93812465652821E+00
 cg2d: Sum(rhs),rhsMax =   7.38964445190504E-13  1.93818475812572E+00
 cg2d: Sum(rhs),rhsMax =   3.26849658449646E-13  1.93824432912662E+00
 cg2d: Sum(rhs),rhsMax =   5.54223333892878E-13  1.93830336939038E+00
 cg2d: Sum(rhs),rhsMax =   5.96855898038484E-13  1.93836116298171E+00
 cg2d: Sum(rhs),rhsMax =   6.67910171614494E-13  1.93841858617185E+00
 cg2d: Sum(rhs),rhsMax =   3.26849658449646E-13  1.93847548238650E+00
 cg2d: Sum(rhs),rhsMax =   4.68958205601666E-13  1.93853178913936E+00
 cg2d: Sum(rhs),rhsMax =   6.39488462184090E-13  1.93858751002915E+00
 cg2d: Sum(rhs),rhsMax =   9.66338120633736E-13  1.93864263962979E+00
 cg2d: Sum(rhs),rhsMax =   1.08002495835535E-12  1.93869716680955E+00
 cg2d: Sum(rhs),rhsMax =   8.66862137627322E-13  1.93875108089981E+00
 cg2d: Sum(rhs),rhsMax =   7.38964445190504E-13  1.93880437202617E+00
 cg2d: Sum(rhs),rhsMax =   2.84217094304040E-13  1.93885703078106E+00
 cg2d: Sum(rhs),rhsMax =   8.24229573481716E-13  1.93890904828486E+00
 cg2d: Sum(rhs),rhsMax =   2.70006239588838E-13  1.93896041633172E+00
 cg2d: Sum(rhs),rhsMax =   2.55795384873636E-13  1.93901112748906E+00
 cg2d: Sum(rhs),rhsMax =   7.38964445190504E-13  1.93906117516033E+00
 cg2d: Sum(rhs),rhsMax =   8.66862137627322E-13  1.93911055363119E+00
 cg2d: Sum(rhs),rhsMax =   8.38440428196918E-13  1.93915925810657E+00
 cg2d: Sum(rhs),rhsMax =   1.10844666778576E-12  1.93920728473974E+00
 cg2d: Sum(rhs),rhsMax =   2.84217094304040E-13  1.93925463065388E+00
 cg2d: Sum(rhs),rhsMax =   8.81072992342524E-13  1.93930129395609E+00
 cg2d: Sum(rhs),rhsMax =   8.10018718766514E-13  1.93934727374390E+00
 cg2d: Sum(rhs),rhsMax =   1.98951966012828E-13  1.93939257010398E+00
 cg2d: Sum(rhs),rhsMax =   1.06581410364015E-12  1.93943718410320E+00
 cg2d: Sum(rhs),rhsMax =   1.20792265079217E-12  1.93948111777149E+00
 cg2d: Sum(rhs),rhsMax =   5.82645043323282E-13  1.93952437407735E+00
 cg2d: Sum(rhs),rhsMax =   1.27897692436818E-13  1.93956695689568E+00
 cg2d: Sum(rhs),rhsMax =   9.52127265918534E-13  1.93960887096907E+00
 cg2d: Sum(rhs),rhsMax =   5.82645043323282E-13  1.93965012186296E+00
 cg2d: Sum(rhs),rhsMax =   1.10844666778576E-12  1.93969071591548E+00
 cg2d: Sum(rhs),rhsMax =   9.80548975348938E-13  1.93973066018250E+00
 cg2d: Sum(rhs),rhsMax =   4.40536496171262E-13  1.93976996237832E+00
 cg2d: Sum(rhs),rhsMax =   4.83169060316868E-13  1.93980863081241E+00
 cg2d: Sum(rhs),rhsMax =   9.09494701772928E-13  1.93984667432235E+00
 cg2d: Sum(rhs),rhsMax =   6.67910171614494E-13  1.93988410220343E+00
(PID.TID 0000.0001) whio : write lev 2 rec   8
 cg2d: Sum(rhs),rhsMax =   2.84217094304040E-13  1.93992092413502E+00
 cg2d: Sum(rhs),rhsMax =   4.26325641456060E-13  1.93995715010443E+00
 cg2d: Sum(rhs),rhsMax =   9.23705556488130E-13  1.93999279032857E+00
 cg2d: Sum(rhs),rhsMax =   3.55271367880050E-13  1.94002785517417E+00
 cg2d: Sum(rhs),rhsMax =   3.55271367880050E-13  1.94006235507740E+00
 cg2d: Sum(rhs),rhsMax =   9.80548975348938E-13  1.94009630046311E+00
 cg2d: Sum(rhs),rhsMax =   6.39488462184090E-13  1.94012970166498E+00
 cg2d: Sum(rhs),rhsMax =   5.40012479177676E-13  1.94016256884671E+00
 cg2d: Sum(rhs),rhsMax =   2.55795384873636E-13  1.94019491192529E+00
 cg2d: Sum(rhs),rhsMax =   2.55795384873636E-13  1.94022674049651E+00
 cg2d: Sum(rhs),rhsMax =   9.52127265918534E-13  1.94025806376369E+00
 cg2d: Sum(rhs),rhsMax =   5.68434188608080E-13  1.94028889046982E+00
 cg2d: Sum(rhs),rhsMax =   5.82645043323282E-13  1.94031922883379E+00
 cg2d: Sum(rhs),rhsMax =   4.40536496171262E-13  1.94034908649114E+00
 cg2d: Sum(rhs),rhsMax =   4.83169060316868E-13  1.94037847043970E+00
 cg2d: Sum(rhs),rhsMax =   7.10542735760100E-14  1.94040738699049E+00
 cg2d: Sum(rhs),rhsMax =   8.24229573481716E-13  1.94043584172445E+00
 cg2d: Sum(rhs),rhsMax =   8.52651282912120E-13  1.94046383945504E+00
 cg2d: Sum(rhs),rhsMax =   4.97379915032070E-13  1.94049138419688E+00
 cg2d: Sum(rhs),rhsMax =   8.10018718766514E-13  1.94051847914120E+00
 cg2d: Sum(rhs),rhsMax =   8.38440428196918E-13  1.94054512663751E+00
 cg2d: Sum(rhs),rhsMax =   8.95283847057726E-13  1.94057132818200E+00
 cg2d: Sum(rhs),rhsMax =   6.39488462184090E-13  1.94059708441289E+00
 cg2d: Sum(rhs),rhsMax =   6.67910171614494E-13  1.94062239511220E+00
 cg2d: Sum(rhs),rhsMax =   6.53699316899292E-13  1.94064725921437E+00
 cg2d: Sum(rhs),rhsMax =   7.95807864051312E-13  1.94067167482145E+00
 cg2d: Sum(rhs),rhsMax =   4.26325641456060E-13  1.94069563922471E+00
 cg2d: Sum(rhs),rhsMax =   9.09494701772928E-13  1.94071914893251E+00
 cg2d: Sum(rhs),rhsMax =   8.24229573481716E-13  1.94074219970416E+00
 cg2d: Sum(rhs),rhsMax =   1.23634436022257E-12  1.94076478658954E+00
 cg2d: Sum(rhs),rhsMax =   6.96331881044898E-13  1.94078690397417E+00
 cg2d: Sum(rhs),rhsMax =   2.55795384873636E-13  1.94080854562908E+00
 cg2d: Sum(rhs),rhsMax =   5.54223333892878E-13  1.94082970476562E+00
 cg2d: Sum(rhs),rhsMax =   6.39488462184090E-13  1.94085037409407E+00
 cg2d: Sum(rhs),rhsMax =   5.96855898038484E-13  1.94087054588622E+00
 cg2d: Sum(rhs),rhsMax =   5.96855898038484E-13  1.94089021204094E+00
 cg2d: Sum(rhs),rhsMax =   2.41584530158434E-13  1.94090936415249E+00
 cg2d: Sum(rhs),rhsMax =   8.66862137627322E-13  1.94092799358086E+00
 cg2d: Sum(rhs),rhsMax =   6.67910171614494E-13  1.94094609152381E+00
 cg2d: Sum(rhs),rhsMax =   3.83693077310454E-13  1.94096364908981E+00
 cg2d: Sum(rhs),rhsMax =   7.67386154620908E-13  1.94098065737159E+00
 cg2d: Sum(rhs),rhsMax =   1.22213350550737E-12  1.94099710751947E+00
 cg2d: Sum(rhs),rhsMax =   9.09494701772928E-13  1.94101299081429E+00
 cg2d: Sum(rhs),rhsMax =   4.26325641456060E-13  1.94102829873900E+00
 cg2d: Sum(rhs),rhsMax =   1.42108547152020E-13  1.94104302304881E+00
 cg2d: Sum(rhs),rhsMax =   3.26849658449646E-13  1.94105715583890E+00
 cg2d: Sum(rhs),rhsMax =   3.97903932025656E-13  1.94107068960973E+00
 cg2d: Sum(rhs),rhsMax =  -1.70530256582424E-13  1.94108361732906E+00
 cg2d: Sum(rhs),rhsMax =   6.11066752753686E-13  1.94109593249035E+00
 cg2d: Sum(rhs),rhsMax =   3.69482222595252E-13  1.94110762916709E+00
 cg2d: Sum(rhs),rhsMax =   5.68434188608080E-13  1.94111870206282E+00
 cg2d: Sum(rhs),rhsMax =   6.25277607468888E-13  1.94112914655612E+00
 cg2d: Sum(rhs),rhsMax =   4.40536496171262E-13  1.94113895874055E+00
 cg2d: Sum(rhs),rhsMax =   8.24229573481716E-13  1.94114813545911E+00
 cg2d: Sum(rhs),rhsMax =   5.11590769747272E-13  1.94115667433301E+00
 cg2d: Sum(rhs),rhsMax =   7.67386154620908E-13  1.94116457378441E+00
 cg2d: Sum(rhs),rhsMax =   8.24229573481716E-13  1.94117183305327E+00
 cg2d: Sum(rhs),rhsMax =   2.55795384873636E-13  1.94117845220793E+00
 cg2d: Sum(rhs),rhsMax =   3.83693077310454E-13  1.94118443214945E+00
 cg2d: Sum(rhs),rhsMax =   1.22213350550737E-12  1.94118977460976E+00
 cg2d: Sum(rhs),rhsMax =   3.55271367880050E-13  1.94119448214358E+00
 cg2d: Sum(rhs),rhsMax =   5.25801624462474E-13  1.94119855811438E+00
 cg2d: Sum(rhs),rhsMax =   5.96855898038484E-13  1.94120200667414E+00
 cg2d: Sum(rhs),rhsMax =   8.95283847057726E-13  1.94120483273754E+00
 cg2d: Sum(rhs),rhsMax =   5.68434188608080E-13  1.94120704195050E+00
 cg2d: Sum(rhs),rhsMax =   7.10542735760100E-13  1.94120864065340E+00
 cg2d: Sum(rhs),rhsMax =   7.67386154620908E-13  1.94120963583930E+00
 cg2d: Sum(rhs),rhsMax =   1.98951966012828E-13  1.94121003510755E+00
 cg2d: Sum(rhs),rhsMax =   6.67910171614494E-13  1.94120984661294E+00
 cg2d: Sum(rhs),rhsMax =   1.22213350550737E-12  1.94120907901104E+00
 cg2d: Sum(rhs),rhsMax =   2.84217094304040E-13  1.94120774140009E+00
 cg2d: Sum(rhs),rhsMax =   1.25055521493778E-12  1.94120584325955E+00
(PID.TID 0000.0001) whio : write lev 2 rec   9
 cg2d: Sum(rhs),rhsMax =   6.39488462184090E-13  1.94120339438638E+00
 cg2d: Sum(rhs),rhsMax =   5.68434188608080E-13  1.94120040482903E+00
 cg2d: Sum(rhs),rhsMax =   6.25277607468888E-13  1.94119688481977E+00
 cg2d: Sum(rhs),rhsMax =   1.03739239420975E-12  1.94119284470602E+00
 cg2d: Sum(rhs),rhsMax =   6.39488462184090E-13  1.94118829488098E+00
 cg2d: Sum(rhs),rhsMax =   2.27373675443232E-13  1.94118324571417E+00
 cg2d: Sum(rhs),rhsMax =   1.27897692436818E-13  1.94117770748247E+00
 cg2d: Sum(rhs),rhsMax =   5.54223333892878E-13  1.94117169030199E+00
 cg2d: Sum(rhs),rhsMax =   9.66338120633736E-13  1.94116520406141E+00
 cg2d: Sum(rhs),rhsMax =   1.84741111297626E-13  1.94115825835724E+00
 cg2d: Sum(rhs),rhsMax =   0.00000000000000E+00  1.94115086243142E+00
 cg2d: Sum(rhs),rhsMax =   1.13686837721616E-13  1.94114302511180E+00
 cg2d: Sum(rhs),rhsMax =   5.40012479177676E-13  1.94113475475575E+00
 cg2d: Sum(rhs),rhsMax =   3.26849658449646E-13  1.94112605919766E+00
 cg2d: Sum(rhs),rhsMax =   7.38964445190504E-13  1.94111694570012E+00
 cg2d: Sum(rhs),rhsMax =   2.55795384873636E-13  1.94110742090981E+00
 cg2d: Sum(rhs),rhsMax =   4.40536496171262E-13  1.94109749081763E+00
 cg2d: Sum(rhs),rhsMax =   4.26325641456060E-13  1.94108716072423E+00
 cg2d: Sum(rhs),rhsMax =   7.67386154620908E-13  1.94107643521020E+00
 cg2d: Sum(rhs),rhsMax =   3.97903932025656E-13  1.94106531811194E+00
 cg2d: Sum(rhs),rhsMax =   5.68434188608080E-14  1.94105381250283E+00
 cg2d: Sum(rhs),rhsMax =   9.23705556488130E-13  1.94104192067999E+00
 cg2d: Sum(rhs),rhsMax =   3.41060513164848E-13  1.94102964415676E+00
 cg2d: Sum(rhs),rhsMax =   9.23705556488130E-13  1.94101698366077E+00
 cg2d: Sum(rhs),rhsMax =   6.39488462184090E-13  1.94100393913766E+00
 cg2d: Sum(rhs),rhsMax =   5.68434188608080E-13  1.94099050976039E+00
 cg2d: Sum(rhs),rhsMax =   8.10018718766514E-13  1.94097669394410E+00
 cg2d: Sum(rhs),rhsMax =   3.26849658449646E-13  1.94096248936612E+00
 cg2d: Sum(rhs),rhsMax =   6.96331881044898E-13  1.94094789299137E+00
 cg2d: Sum(rhs),rhsMax =   4.26325641456060E-13  1.94093290110250E+00
 cg2d: Sum(rhs),rhsMax =   5.54223333892878E-13  1.94091750933489E+00
 cg2d: Sum(rhs),rhsMax =   5.96855898038484E-13  1.94090171271587E+00
 cg2d: Sum(rhs),rhsMax =   9.09494701772928E-13  1.94088550570824E+00
 cg2d: Sum(rhs),rhsMax =   7.10542735760100E-13  1.94086888225735E+00
 cg2d: Sum(rhs),rhsMax =   5.96855898038484E-13  1.94085183584171E+00
 cg2d: Sum(rhs),rhsMax =   8.66862137627322E-13  1.94083435952650E+00
 cg2d: Sum(rhs),rhsMax =   6.82121026329696E-13  1.94081644601970E+00
 cg2d: Sum(rhs),rhsMax =   6.82121026329696E-13  1.94079808773037E+00
 cg2d: Sum(rhs),rhsMax =   1.70530256582424E-13  1.94077927682870E+00
 cg2d: Sum(rhs),rhsMax =   1.84741111297626E-13  1.94076000530721E+00
 cg2d: Sum(rhs),rhsMax =   7.81597009336110E-13  1.94074026504293E+00
 cg2d: Sum(rhs),rhsMax =   1.03739239420975E-12  1.94072004785987E+00
 cg2d: Sum(rhs),rhsMax =   5.54223333892878E-13  1.94069934559134E+00
 cg2d: Sum(rhs),rhsMax =   6.82121026329696E-13  1.94067815014182E+00
 cg2d: Sum(rhs),rhsMax =   1.13686837721616E-13  1.94065645354785E+00
 cg2d: Sum(rhs),rhsMax =   4.83169060316868E-13  1.94063424803737E+00
 cg2d: Sum(rhs),rhsMax =   5.82645043323282E-13  1.94061152608741E+00
 cg2d: Sum(rhs),rhsMax =   4.12114786740858E-13  1.94058828047938E+00
 cg2d: Sum(rhs),rhsMax =   2.84217094304040E-13  1.94056450435178E+00
 cg2d: Sum(rhs),rhsMax =   1.10844666778576E-12  1.94054019124994E+00
 cg2d: Sum(rhs),rhsMax =   7.95807864051312E-13  1.94051533517248E+00
 cg2d: Sum(rhs),rhsMax =   3.83693077310454E-13  1.94048993061399E+00
 cg2d: Sum(rhs),rhsMax =   8.66862137627322E-13  1.94046397260394E+00
 cg2d: Sum(rhs),rhsMax =   7.38964445190504E-13  1.94043745674127E+00
 cg2d: Sum(rhs),rhsMax =   1.09423581307055E-12  1.94041037922478E+00
 cg2d: Sum(rhs),rhsMax =   3.55271367880050E-13  1.94038273687867E+00
 cg2d: Sum(rhs),rhsMax =   1.35003119794419E-12  1.94035452717367E+00
 cg2d: Sum(rhs),rhsMax =   5.82645043323282E-13  1.94032574824316E+00
 cg2d: Sum(rhs),rhsMax =   1.06581410364015E-12  1.94029639889434E+00
 cg2d: Sum(rhs),rhsMax =   7.24753590475302E-13  1.94026647861455E+00
 cg2d: Sum(rhs),rhsMax =   4.40536496171262E-13  1.94023598757261E+00
 cg2d: Sum(rhs),rhsMax =   1.13686837721616E-12  1.94020492661519E+00
 cg2d: Sum(rhs),rhsMax =   7.10542735760100E-13  1.94017329725830E+00
 cg2d: Sum(rhs),rhsMax =   2.98427949019242E-13  1.94014110167422E+00
 cg2d: Sum(rhs),rhsMax =   7.38964445190504E-13  1.94010834267353E+00
 cg2d: Sum(rhs),rhsMax =   8.24229573481716E-13  1.94007502368297E+00
 cg2d: Sum(rhs),rhsMax =   8.38440428196918E-13  1.94004114871889E+00
 cg2d: Sum(rhs),rhsMax =   6.25277607468888E-13  1.94000672235680E+00
 cg2d: Sum(rhs),rhsMax =   4.54747350886464E-13  1.93997174969717E+00
 cg2d: Sum(rhs),rhsMax =   6.25277607468888E-13  1.93993623632766E+00
 cg2d: Sum(rhs),rhsMax =  -7.10542735760100E-14  1.93990018828245E+00
 cg2d: Sum(rhs),rhsMax =   9.23705556488130E-13  1.93986361199849E+00
(PID.TID 0000.0001) whio : write lev 2 rec  10
 cg2d: Sum(rhs),rhsMax =   1.00897068477934E-12  1.93982651426949E+00
 cg2d: Sum(rhs),rhsMax =   7.38964445190504E-13  1.93978890219771E+00
 cg2d: Sum(rhs),rhsMax =   6.82121026329696E-13  1.93975078314404E+00
 cg2d: Sum(rhs),rhsMax =   3.41060513164848E-13  1.93971216467670E+00
 cg2d: Sum(rhs),rhsMax =   7.10542735760100E-13  1.93967305451914E+00
 cg2d: Sum(rhs),rhsMax =   1.37845290737459E-12  1.93963346049720E+00
 cg2d: Sum(rhs),rhsMax =   7.53175299905706E-13  1.93959339048612E+00
 cg2d: Sum(rhs),rhsMax =   7.81597009336110E-13  1.93955285235793E+00
 cg2d: Sum(rhs),rhsMax =   4.12114786740858E-13  1.93951185392931E+00
 cg2d: Sum(rhs),rhsMax =   9.94759830064140E-13  1.93947040291042E+00
 cg2d: Sum(rhs),rhsMax =   8.10018718766514E-13  1.93942850685523E+00
 cg2d: Sum(rhs),rhsMax =   9.94759830064140E-13  1.93938617293887E+00
 cg2d: Sum(rhs),rhsMax =   4.83169060316868E-13  1.93934340815041E+00
 cg2d: Sum(rhs),rhsMax =   4.68958205601666E-13  1.93930021947994E+00
 cg2d: Sum(rhs),rhsMax =   7.81597009336110E-13  1.93925661367325E+00
 cg2d: Sum(rhs),rhsMax =   1.17950094136177E-12  1.93921259695431E+00
 cg2d: Sum(rhs),rhsMax =   5.96855898038484E-13  1.93916817495848E+00
 cg2d: Sum(rhs),rhsMax =   3.69482222595252E-13  1.93912335280045E+00
 cg2d: Sum(rhs),rhsMax =   5.11590769747272E-13  1.93907813514694E+00
 cg2d: Sum(rhs),rhsMax =   7.24753590475302E-13  1.93903252623230E+00
 cg2d: Sum(rhs),rhsMax =   9.80548975348938E-13  1.93898652982641E+00
 cg2d: Sum(rhs),rhsMax =   3.55271367880050E-13  1.93894014919155E+00
 cg2d: Sum(rhs),rhsMax =   6.39488462184090E-13  1.93889338705207E+00
 cg2d: Sum(rhs),rhsMax =   3.97903932025656E-13  1.93884624558013E+00
 cg2d: Sum(rhs),rhsMax =   6.11066752753686E-13  1.93879872639174E+00
 cg2d: Sum(rhs),rhsMax =   3.55271367880050E-13  1.93875083054868E+00
 cg2d: Sum(rhs),rhsMax =   7.24753590475302E-13  1.93870255856449E+00
 cg2d: Sum(rhs),rhsMax =   6.96331881044898E-13  1.93865391041391E+00
 cg2d: Sum(rhs),rhsMax =   7.10542735760100E-13  1.93860488554577E+00
 cg2d: Sum(rhs),rhsMax =   1.27897692436818E-12  1.93855548289934E+00
 cg2d: Sum(rhs),rhsMax =   6.53699316899292E-13  1.93850570092378E+00
 cg2d: Sum(rhs),rhsMax =   1.17950094136177E-12  1.93845553760088E+00
 cg2d: Sum(rhs),rhsMax =   4.26325641456060E-13  1.93840499047080E+00
 cg2d: Sum(rhs),rhsMax =   7.81597009336110E-13  1.93835405666091E+00
 cg2d: Sum(rhs),rhsMax =   5.68434188608080E-13  1.93830273291778E+00
 cg2d: Sum(rhs),rhsMax =   5.96855898038484E-13  1.93825101564168E+00
 cg2d: Sum(rhs),rhsMax =   9.52127265918534E-13  1.93819890092369E+00
 cg2d: Sum(rhs),rhsMax =   9.66338120633736E-13  1.93814638458490E+00
 cg2d: Sum(rhs),rhsMax =   2.98427949019242E-13  1.93809346221724E+00
 cg2d: Sum(rhs),rhsMax =   3.26849658449646E-13  1.93804012922544E+00
 cg2d: Sum(rhs),rhsMax =   1.00897068477934E-12  1.93798638086995E+00
 cg2d: Sum(rhs),rhsMax =   2.84217094304040E-13  1.93793221231030E+00
 cg2d: Sum(rhs),rhsMax =   3.12638803734444E-13  1.93787761864862E+00
 cg2d: Sum(rhs),rhsMax =   1.12265752250096E-12  1.93782259497296E+00
 cg2d: Sum(rhs),rhsMax =   5.82645043323282E-13  1.93776713640029E+00
 cg2d: Sum(rhs),rhsMax =   3.26849658449646E-13  1.93771123811878E+00
 cg2d: Sum(rhs),rhsMax =   1.00897068477934E-12  1.93765489542902E+00
 cg2d: Sum(rhs),rhsMax =   2.41584530158434E-13  1.93759810378407E+00
 cg2d: Sum(rhs),rhsMax =   5.82645043323282E-13  1.93754085882786E+00
 cg2d: Sum(rhs),rhsMax =   4.40536496171262E-13  1.93748315643191E+00
 cg2d: Sum(rhs),rhsMax =   2.98427949019242E-13  1.93742499272985E+00
 cg2d: Sum(rhs),rhsMax =   8.95283847057726E-13  1.93736636414964E+00
 cg2d: Sum(rhs),rhsMax =   9.52127265918534E-13  1.93730726744334E+00
 cg2d: Sum(rhs),rhsMax =   5.25801624462474E-13  1.93724769971404E+00
 cg2d: Sum(rhs),rhsMax =   3.55271367880050E-13  1.93718765843993E+00
 cg2d: Sum(rhs),rhsMax =   6.11066752753686E-13  1.93712714149533E+00
 cg2d: Sum(rhs),rhsMax =   4.12114786740858E-13  1.93706614716847E+00
 cg2d: Sum(rhs),rhsMax =   7.67386154620908E-13  1.93700467417615E+00
 cg2d: Sum(rhs),rhsMax =   5.96855898038484E-13  1.93694272167477E+00
 cg2d: Sum(rhs),rhsMax =   2.70006239588838E-13  1.93688028926826E+00
 cg2d: Sum(rhs),rhsMax =   4.40536496171262E-13  1.93681737701242E+00
 cg2d: Sum(rhs),rhsMax =   3.83693077310454E-13  1.93675398541580E+00
 cg2d: Sum(rhs),rhsMax =   2.70006239588838E-13  1.93669011543739E+00
 cg2d: Sum(rhs),rhsMax =   2.27373675443232E-13  1.93662576848078E+00
 cg2d: Sum(rhs),rhsMax =   5.82645043323282E-13  1.93656094638517E+00
 cg2d: Sum(rhs),rhsMax =   7.81597009336110E-13  1.93649565141318E+00
 cg2d: Sum(rhs),rhsMax =   8.24229573481716E-13  1.93642988623576E+00
 cg2d: Sum(rhs),rhsMax =   4.54747350886464E-13  1.93636365391401E+00
 cg2d: Sum(rhs),rhsMax =   8.24229573481716E-13  1.93629695787855E+00
 cg2d: Sum(rhs),rhsMax =   8.66862137627322E-13  1.93622980190620E+00
 cg2d: Sum(rhs),rhsMax =   3.26849658449646E-13  1.93616219009444E+00
 cg2d: Sum(rhs),rhsMax =   8.10018718766514E-13  1.93609412683379E+00
(PID.TID 0000.0001) Did not write pickup because writePickupAtEnd = FALSE
(PID.TID 0000.0001) whio : write lev 2 rec  11
 cg2d: Sum(rhs),rhsMax =   1.00897068477934E-12  1.93982651426949E+00
 cg2d: Sum(rhs),rhsMax =   7.38964445190504E-13  1.93978890219771E+00
 cg2d: Sum(rhs),rhsMax =   6.82121026329696E-13  1.93975078314404E+00
 cg2d: Sum(rhs),rhsMax =   3.41060513164848E-13  1.93971216467670E+00
 cg2d: Sum(rhs),rhsMax =   7.10542735760100E-13  1.93967305451914E+00
 cg2d: Sum(rhs),rhsMax =   1.37845290737459E-12  1.93963346049720E+00
 cg2d: Sum(rhs),rhsMax =   7.53175299905706E-13  1.93959339048612E+00
 cg2d: Sum(rhs),rhsMax =   7.81597009336110E-13  1.93955285235793E+00
 cg2d: Sum(rhs),rhsMax =   4.12114786740858E-13  1.93951185392931E+00
 cg2d: Sum(rhs),rhsMax =   9.94759830064140E-13  1.93947040291042E+00
 cg2d: Sum(rhs),rhsMax =   8.10018718766514E-13  1.93942850685523E+00
 cg2d: Sum(rhs),rhsMax =   9.94759830064140E-13  1.93938617293887E+00
 cg2d: Sum(rhs),rhsMax =   4.83169060316868E-13  1.93934340815041E+00
 cg2d: Sum(rhs),rhsMax =   4.68958205601666E-13  1.93930021947994E+00
 cg2d: Sum(rhs),rhsMax =   7.81597009336110E-13  1.93925661367325E+00
 cg2d: Sum(rhs),rhsMax =   1.17950094136177E-12  1.93921259695431E+00
 cg2d: Sum(rhs),rhsMax =   5.96855898038484E-13  1.93916817495848E+00
 cg2d: Sum(rhs),rhsMax =   3.69482222595252E-13  1.93912335280045E+00
 cg2d: Sum(rhs),rhsMax =   5.11590769747272E-13  1.93907813514694E+00
 cg2d: Sum(rhs),rhsMax =   7.24753590475302E-13  1.93903252623230E+00
 cg2d: Sum(rhs),rhsMax =   9.80548975348938E-13  1.93898652982641E+00
 cg2d: Sum(rhs),rhsMax =   3.55271367880050E-13  1.93894014919155E+00
 cg2d: Sum(rhs),rhsMax =   6.39488462184090E-13  1.93889338705207E+00
 cg2d: Sum(rhs),rhsMax =   3.97903932025656E-13  1.93884624558013E+00
 cg2d: Sum(rhs),rhsMax =   6.11066752753686E-13  1.93879872639174E+00
 cg2d: Sum(rhs),rhsMax =   3.55271367880050E-13  1.93875083054868E+00
 cg2d: Sum(rhs),rhsMax =   7.24753590475302E-13  1.93870255856449E+00
 cg2d: Sum(rhs),rhsMax =   6.96331881044898E-13  1.93865391041391E+00
 cg2d: Sum(rhs),rhsMax =   7.10542735760100E-13  1.93860488554577E+00
 cg2d: Sum(rhs),rhsMax =   1.27897692436818E-12  1.93855548289934E+00
 cg2d: Sum(rhs),rhsMax =   6.53699316899292E-13  1.93850570092378E+00
 cg2d: Sum(rhs),rhsMax =   1.17950094136177E-12  1.93845553760088E+00
 cg2d: Sum(rhs),rhsMax =   4.26325641456060E-13  1.93840499047080E+00
 cg2d: Sum(rhs),rhsMax =   7.81597009336110E-13  1.93835405666091E+00
 cg2d: Sum(rhs),rhsMax =   5.68434188608080E-13  1.93830273291778E+00
 cg2d: Sum(rhs),rhsMax =   5.96855898038484E-13  1.93825101564168E+00
 cg2d: Sum(rhs),rhsMax =   9.52127265918534E-13  1.93819890092369E+00
 cg2d: Sum(rhs),rhsMax =   9.66338120633736E-13  1.93814638458490E+00
 cg2d: Sum(rhs),rhsMax =   2.98427949019242E-13  1.93809346221724E+00
 cg2d: Sum(rhs),rhsMax =   3.26849658449646E-13  1.93804012922544E+00
 cg2d: Sum(rhs),rhsMax =   1.00897068477934E-12  1.93798638086995E+00
 cg2d: Sum(rhs),rhsMax =   2.84217094304040E-13  1.93793221231030E+00
 cg2d: Sum(rhs),rhsMax =   3.12638803734444E-13  1.93787761864862E+00
 cg2d: Sum(rhs),rhsMax =   1.12265752250096E-12  1.93782259497296E+00
 cg2d: Sum(rhs),rhsMax =   5.82645043323282E-13  1.93776713640029E+00
 cg2d: Sum(rhs),rhsMax =   3.26849658449646E-13  1.93771123811878E+00
 cg2d: Sum(rhs),rhsMax =   1.00897068477934E-12  1.93765489542902E+00
 cg2d: Sum(rhs),rhsMax =   2.41584530158434E-13  1.93759810378407E+00
 cg2d: Sum(rhs),rhsMax =   5.82645043323282E-13  1.93754085882786E+00
 cg2d: Sum(rhs),rhsMax =   4.40536496171262E-13  1.93748315643191E+00
 cg2d: Sum(rhs),rhsMax =   2.98427949019242E-13  1.93742499272985E+00
 cg2d: Sum(rhs),rhsMax =   8.95283847057726E-13  1.93736636414964E+00
 cg2d: Sum(rhs),rhsMax =   9.52127265918534E-13  1.93730726744334E+00
 cg2d: Sum(rhs),rhsMax =   5.25801624462474E-13  1.93724769971404E+00
 cg2d: Sum(rhs),rhsMax =   3.55271367880050E-13  1.93718765843993E+00
 cg2d: Sum(rhs),rhsMax =   6.11066752753686E-13  1.93712714149533E+00
 cg2d: Sum(rhs),rhsMax =   4.12114786740858E-13  1.93706614716847E+00
 cg2d: Sum(rhs),rhsMax =   7.67386154620908E-13  1.93700467417615E+00
 cg2d: Sum(rhs),rhsMax =   5.96855898038484E-13  1.93694272167477E+00
 cg2d: Sum(rhs),rhsMax =   2.70006239588838E-13  1.93688028926826E+00
 cg2d: Sum(rhs),rhsMax =   4.40536496171262E-13  1.93681737701242E+00
 cg2d: Sum(rhs),rhsMax =   3.83693077310454E-13  1.93675398541580E+00
 cg2d: Sum(rhs),rhsMax =   2.70006239588838E-13  1.93669011543739E+00
 cg2d: Sum(rhs),rhsMax =   2.27373675443232E-13  1.93662576848078E+00
 cg2d: Sum(rhs),rhsMax =   5.82645043323282E-13  1.93656094638517E+00
 cg2d: Sum(rhs),rhsMax =   7.81597009336110E-13  1.93649565141318E+00
 cg2d: Sum(rhs),rhsMax =   8.24229573481716E-13  1.93642988623576E+00
 cg2d: Sum(rhs),rhsMax =   4.54747350886464E-13  1.93636365391401E+00
 cg2d: Sum(rhs),rhsMax =   8.24229573481716E-13  1.93629695787855E+00
 cg2d: Sum(rhs),rhsMax =   8.66862137627322E-13  1.93622980190620E+00
 cg2d: Sum(rhs),rhsMax =   3.26849658449646E-13  1.93616219009444E+00
 cg2d: Sum(rhs),rhsMax =   8.10018718766514E-13  1.93609412683379E+00
(PID.TID 0000.0001) Did not write pickup because writePickupAtEnd = FALSE
(PID.TID 0000.0001) Did not write pickup because writePickupAtEnd = FALSE
 Calling cg2d from S/R CG2D_MAD
 cg2d: Sum(rhs),rhsMax =   8.30074844698607E-16  1.04201910538688E-04
 Calling cg2d from S/R CG2D_MAD
 cg2d: Sum(rhs),rhsMax =   8.94083789065365E-17  2.44254364932085E-05
 Calling cg2d from S/R CG2D_MAD
 cg2d: Sum(rhs),rhsMax =  -9.79183321915772E-18  5.24357464011449E-06
 Calling cg2d from S/R CG2D_MAD
 cg2d: Sum(rhs),rhsMax =   4.49908749714173E-16  3.83204917753704E-06
 Calling cg2d from S/R CG2D_MAD
 cg2d: Sum(rhs),rhsMax =   1.45468760735096E-15  7.19172774409790E-07
 Calling cg2d from S/R CG2D_MAD
 cg2d: Sum(rhs),rhsMax =  -1.20823490101785E-15  2.81305738502626E-07
 Calling cg2d from S/R CG2D_MAD
 cg2d: Sum(rhs),rhsMax =  -2.22044604925031E-15  1.30663251845390E-07
 Calling cg2d from S/R CG2D_MAD
 cg2d: Sum(rhs),rhsMax =  -1.52690360355479E-14  7.26579887632042E-08
 Calling cg2d from S/R CG2D_MAD
 cg2d: Sum(rhs),rhsMax =  -4.01484401280072E-14  5.47266325352891E-08
 Calling cg2d from S/R CG2D_MAD
 cg2d: Sum(rhs),rhsMax =   2.85882428840978E-14  4.28575821287435E-08
 Calling cg2d from S/R CG2D_MAD
 cg2d: Sum(rhs),rhsMax =  -3.87467835594180E-14  3.43575814646101E-08
 Calling cg2d from S/R CG2D_MAD
 cg2d: Sum(rhs),rhsMax =   9.83657599817889E-14  2.83225591297375E-08
 Calling cg2d from S/R CG2D_MAD
 cg2d: Sum(rhs),rhsMax =  -5.06261699229071E-14  2.65881866082213E-08
 Calling cg2d from S/R CG2D_MAD
 cg2d: Sum(rhs),rhsMax =  -5.15143483426073E-14  2.48661767029081E-08
 Calling cg2d from S/R CG2D_MAD
 cg2d: Sum(rhs),rhsMax =   1.42108547152020E-14  2.21145059255546E-08
 Calling cg2d from S/R CG2D_MAD
 cg2d: Sum(rhs),rhsMax =   3.55271367880050E-15  1.94970157332185E-08
 Calling cg2d from S/R CG2D_MAD
 cg2d: Sum(rhs),rhsMax =  -5.68434188608080E-14  1.71191204922576E-08
 Calling cg2d from S/R CG2D_MAD
 cg2d: Sum(rhs),rhsMax =  -3.19744231092045E-14  1.52517810556377E-08
 Calling cg2d from S/R CG2D_MAD
 cg2d: Sum(rhs),rhsMax =   4.26325641456060E-14  1.36974972995051E-08
 Calling cg2d from S/R CG2D_MAD
 cg2d: Sum(rhs),rhsMax =  -9.94759830064140E-14  1.48064244219443E-08
 Calling cg2d from S/R CG2D_MAD
 cg2d: Sum(rhs),rhsMax =   7.10542735760100E-14  1.67979929142158E-08
 Calling cg2d from S/R CG2D_MAD
 cg2d: Sum(rhs),rhsMax =  -3.90798504668055E-14  1.86169679030323E-08
 Calling cg2d from S/R CG2D_MAD
 cg2d: Sum(rhs),rhsMax =   2.48689957516035E-14  1.99971373863071E-08
 Calling cg2d from S/R CG2D_MAD
 cg2d: Sum(rhs),rhsMax =  -5.68434188608080E-14  2.07532608436851E-08
 Calling cg2d from S/R CG2D_MAD
 cg2d: Sum(rhs),rhsMax =  -1.06581410364015E-14  2.08215621385374E-08
 Calling cg2d from S/R CG2D_MAD
 cg2d: Sum(rhs),rhsMax =   9.41469124882133E-14  2.02621912825600E-08
 Calling cg2d from S/R CG2D_MAD
 cg2d: Sum(rhs),rhsMax =   4.97379915032070E-14  1.92283416507737E-08
 Calling cg2d from S/R CG2D_MAD
 cg2d: Sum(rhs),rhsMax =   1.77635683940025E-15  1.79169695013534E-08
 Calling cg2d from S/R CG2D_MAD
 cg2d: Sum(rhs),rhsMax =  -3.90798504668055E-14  1.65189258471921E-08
 Calling cg2d from S/R CG2D_MAD
 cg2d: Sum(rhs),rhsMax =  -6.03961325396085E-14  1.51823661603112E-08
 Calling cg2d from S/R CG2D_MAD
 cg2d: Sum(rhs),rhsMax =  -2.13162820728030E-14  1.39957286986120E-08
 Calling cg2d from S/R CG2D_MAD
 cg2d: Sum(rhs),rhsMax =  -3.90798504668055E-14  1.29890828462078E-08
 Calling cg2d from S/R CG2D_MAD
 cg2d: Sum(rhs),rhsMax =  -3.55271367880050E-15  1.21478157423792E-08
 Calling cg2d from S/R CG2D_MAD
 cg2d: Sum(rhs),rhsMax =   6.03961325396085E-14  1.14312169706277E-08
 Calling cg2d from S/R CG2D_MAD
 cg2d: Sum(rhs),rhsMax =   9.23705556488130E-14  1.08372997350318E-08
 Calling cg2d from S/R CG2D_MAD
 cg2d: Sum(rhs),rhsMax =  -2.84217094304040E-14  1.06194274774132E-08
 Calling cg2d from S/R CG2D_MAD
 cg2d: Sum(rhs),rhsMax =   1.42108547152020E-14  1.02982353718964E-08
 Calling cg2d from S/R CG2D_MAD
 cg2d: Sum(rhs),rhsMax =  -5.32907051820075E-14  9.90993879757788E-09
 Calling cg2d from S/R CG2D_MAD
 cg2d: Sum(rhs),rhsMax =   5.32907051820075E-14  9.47990980937829E-09
 Calling cg2d from S/R CG2D_MAD
 cg2d: Sum(rhs),rhsMax =   4.26325641456060E-14  9.02381827990360E-09
 Calling cg2d from S/R CG2D_MAD
 cg2d: Sum(rhs),rhsMax =   8.52651282912120E-14  8.54999853186909E-09
 Calling cg2d from S/R CG2D_MAD
 cg2d: Sum(rhs),rhsMax =   1.77635683940025E-15  8.06198720837622E-09
 Calling cg2d from S/R CG2D_MAD
 cg2d: Sum(rhs),rhsMax =   1.07913677993565E-13  7.56063585252926E-09
 Calling cg2d from S/R CG2D_MAD
 cg2d: Sum(rhs),rhsMax =   1.86517468137026E-14  7.04558479454520E-09
 Calling cg2d from S/R CG2D_MAD
 cg2d: Sum(rhs),rhsMax =   9.59232693276135E-14  6.51613192840089E-09
 Calling cg2d from S/R CG2D_MAD
 cg2d: Sum(rhs),rhsMax =   2.41584530158434E-13  5.97164754246368E-09
 Calling cg2d from S/R CG2D_MAD
 cg2d: Sum(rhs),rhsMax =  -1.27897692436818E-13  5.41171234839185E-09
 Calling cg2d from S/R CG2D_MAD
 cg2d: Sum(rhs),rhsMax =  -7.10542735760100E-14  4.93542708881442E-09
 Calling cg2d from S/R CG2D_MAD
 cg2d: Sum(rhs),rhsMax =   2.13162820728030E-14  5.49187815711223E-09
 Calling cg2d from S/R CG2D_MAD
 cg2d: Sum(rhs),rhsMax =  -1.35003119794419E-13  6.00557629192982E-09
 Calling cg2d from S/R CG2D_MAD
 cg2d: Sum(rhs),rhsMax =  -7.10542735760100E-15  6.47543687432197E-09
 Calling cg2d from S/R CG2D_MAD
 cg2d: Sum(rhs),rhsMax =   0.00000000000000E+00  6.90035640701628E-09
 Calling cg2d from S/R CG2D_MAD
 cg2d: Sum(rhs),rhsMax =   1.13686837721616E-13  7.27893955496947E-09
 Calling cg2d from S/R CG2D_MAD
 cg2d: Sum(rhs),rhsMax =   2.13162820728030E-14  7.60921822387229E-09
 Calling cg2d from S/R CG2D_MAD
 cg2d: Sum(rhs),rhsMax =  -6.39488462184090E-14  7.88842450262209E-09
 Calling cg2d from S/R CG2D_MAD
 cg2d: Sum(rhs),rhsMax =   7.81597009336110E-14  8.11288241929919E-09
 Calling cg2d from S/R CG2D_MAD
 cg2d: Sum(rhs),rhsMax =  -1.27897692436818E-13  8.27807519852039E-09
 Calling cg2d from S/R CG2D_MAD
 cg2d: Sum(rhs),rhsMax =   7.81597009336110E-14  8.37892392638126E-09
 Calling cg2d from S/R CG2D_MAD
 cg2d: Sum(rhs),rhsMax =  -4.26325641456060E-14  8.41028151352157E-09
 Calling cg2d from S/R CG2D_MAD
 cg2d: Sum(rhs),rhsMax =  -6.39488462184090E-14  8.36760659527143E-09
 Calling cg2d from S/R CG2D_MAD
 cg2d: Sum(rhs),rhsMax =  -1.06581410364015E-13  8.24774186893606E-09
 Calling cg2d from S/R CG2D_MAD
 cg2d: Sum(rhs),rhsMax =  -1.42108547152020E-14  8.04968804129117E-09
 Calling cg2d from S/R CG2D_MAD
 cg2d: Sum(rhs),rhsMax =  -1.42108547152020E-14  7.77524562069235E-09
 Calling cg2d from S/R CG2D_MAD
 cg2d: Sum(rhs),rhsMax =  -2.84217094304040E-14  7.46731824347320E-09
 Calling cg2d from S/R CG2D_MAD
 cg2d: Sum(rhs),rhsMax =  -4.26325641456060E-14  7.63182622785729E-09
 Calling cg2d from S/R CG2D_MAD
 cg2d: Sum(rhs),rhsMax =  -6.39488462184090E-14  7.73983942929694E-09
 Calling cg2d from S/R CG2D_MAD
 cg2d: Sum(rhs),rhsMax =   5.68434188608080E-14  7.78234594140010E-09
 Calling cg2d from S/R CG2D_MAD
 cg2d: Sum(rhs),rhsMax =   0.00000000000000E+00  7.75029727304158E-09
 Calling cg2d from S/R CG2D_MAD
 cg2d: Sum(rhs),rhsMax =  -6.39488462184090E-14  7.63590311603244E-09
 Calling cg2d from S/R CG2D_MAD
 cg2d: Sum(rhs),rhsMax =  -4.26325641456060E-14  7.43396242633603E-09
 Calling cg2d from S/R CG2D_MAD
 cg2d: Sum(rhs),rhsMax =   2.84217094304040E-14  7.27642031107975E-09
 Calling cg2d from S/R CG2D_MAD
 cg2d: Sum(rhs),rhsMax =  -8.52651282912120E-14  7.66643120617436E-09
 cg2d: Sum(rhs),rhsMax =   6.39488462184090E-13  1.94120339438638E+00
 cg2d: Sum(rhs),rhsMax =   5.68434188608080E-13  1.94120040482903E+00
 cg2d: Sum(rhs),rhsMax =   6.25277607468888E-13  1.94119688481977E+00
 cg2d: Sum(rhs),rhsMax =   1.03739239420975E-12  1.94119284470602E+00
 cg2d: Sum(rhs),rhsMax =   6.39488462184090E-13  1.94118829488098E+00
 cg2d: Sum(rhs),rhsMax =   2.27373675443232E-13  1.94118324571417E+00
 cg2d: Sum(rhs),rhsMax =   1.27897692436818E-13  1.94117770748247E+00
 cg2d: Sum(rhs),rhsMax =   5.54223333892878E-13  1.94117169030199E+00
 cg2d: Sum(rhs),rhsMax =   9.66338120633736E-13  1.94116520406141E+00
 cg2d: Sum(rhs),rhsMax =   1.84741111297626E-13  1.94115825835724E+00
 cg2d: Sum(rhs),rhsMax =   0.00000000000000E+00  1.94115086243142E+00
 cg2d: Sum(rhs),rhsMax =   1.13686837721616E-13  1.94114302511180E+00
 cg2d: Sum(rhs),rhsMax =   5.40012479177676E-13  1.94113475475575E+00
 cg2d: Sum(rhs),rhsMax =   3.26849658449646E-13  1.94112605919766E+00
 cg2d: Sum(rhs),rhsMax =   7.38964445190504E-13  1.94111694570012E+00
 cg2d: Sum(rhs),rhsMax =   2.55795384873636E-13  1.94110742090981E+00
 cg2d: Sum(rhs),rhsMax =   4.40536496171262E-13  1.94109749081763E+00
 cg2d: Sum(rhs),rhsMax =   4.26325641456060E-13  1.94108716072423E+00
 cg2d: Sum(rhs),rhsMax =   7.67386154620908E-13  1.94107643521020E+00
 cg2d: Sum(rhs),rhsMax =   3.97903932025656E-13  1.94106531811194E+00
 cg2d: Sum(rhs),rhsMax =   5.68434188608080E-14  1.94105381250283E+00
 cg2d: Sum(rhs),rhsMax =   9.23705556488130E-13  1.94104192067999E+00
 cg2d: Sum(rhs),rhsMax =   3.41060513164848E-13  1.94102964415676E+00
 cg2d: Sum(rhs),rhsMax =   9.23705556488130E-13  1.94101698366077E+00
 cg2d: Sum(rhs),rhsMax =   6.39488462184090E-13  1.94100393913766E+00
 cg2d: Sum(rhs),rhsMax =   5.68434188608080E-13  1.94099050976039E+00
 cg2d: Sum(rhs),rhsMax =   8.10018718766514E-13  1.94097669394410E+00
 cg2d: Sum(rhs),rhsMax =   3.26849658449646E-13  1.94096248936612E+00
 cg2d: Sum(rhs),rhsMax =   6.96331881044898E-13  1.94094789299137E+00
 cg2d: Sum(rhs),rhsMax =   4.26325641456060E-13  1.94093290110250E+00
 cg2d: Sum(rhs),rhsMax =   5.54223333892878E-13  1.94091750933489E+00
 cg2d: Sum(rhs),rhsMax =   5.96855898038484E-13  1.94090171271587E+00
 cg2d: Sum(rhs),rhsMax =   9.09494701772928E-13  1.94088550570824E+00
 cg2d: Sum(rhs),rhsMax =   7.10542735760100E-13  1.94086888225735E+00
 cg2d: Sum(rhs),rhsMax =   5.96855898038484E-13  1.94085183584171E+00
 cg2d: Sum(rhs),rhsMax =   8.66862137627322E-13  1.94083435952650E+00
 cg2d: Sum(rhs),rhsMax =   6.82121026329696E-13  1.94081644601970E+00
 cg2d: Sum(rhs),rhsMax =   6.82121026329696E-13  1.94079808773037E+00
 cg2d: Sum(rhs),rhsMax =   1.70530256582424E-13  1.94077927682870E+00
 cg2d: Sum(rhs),rhsMax =   1.84741111297626E-13  1.94076000530721E+00
 cg2d: Sum(rhs),rhsMax =   7.81597009336110E-13  1.94074026504293E+00
 cg2d: Sum(rhs),rhsMax =   1.03739239420975E-12  1.94072004785987E+00
 cg2d: Sum(rhs),rhsMax =   5.54223333892878E-13  1.94069934559134E+00
 cg2d: Sum(rhs),rhsMax =   6.82121026329696E-13  1.94067815014182E+00
 cg2d: Sum(rhs),rhsMax =   1.13686837721616E-13  1.94065645354785E+00
 cg2d: Sum(rhs),rhsMax =   4.83169060316868E-13  1.94063424803737E+00
 cg2d: Sum(rhs),rhsMax =   5.82645043323282E-13  1.94061152608741E+00
 cg2d: Sum(rhs),rhsMax =   4.12114786740858E-13  1.94058828047938E+00
 cg2d: Sum(rhs),rhsMax =   2.84217094304040E-13  1.94056450435178E+00
 cg2d: Sum(rhs),rhsMax =   1.10844666778576E-12  1.94054019124994E+00
 cg2d: Sum(rhs),rhsMax =   7.95807864051312E-13  1.94051533517248E+00
 cg2d: Sum(rhs),rhsMax =   3.83693077310454E-13  1.94048993061399E+00
 cg2d: Sum(rhs),rhsMax =   8.66862137627322E-13  1.94046397260394E+00
 cg2d: Sum(rhs),rhsMax =   7.38964445190504E-13  1.94043745674127E+00
 cg2d: Sum(rhs),rhsMax =   1.09423581307055E-12  1.94041037922478E+00
 cg2d: Sum(rhs),rhsMax =   3.55271367880050E-13  1.94038273687867E+00
 cg2d: Sum(rhs),rhsMax =   1.35003119794419E-12  1.94035452717367E+00
 cg2d: Sum(rhs),rhsMax =   5.82645043323282E-13  1.94032574824316E+00
 cg2d: Sum(rhs),rhsMax =   1.06581410364015E-12  1.94029639889434E+00
 cg2d: Sum(rhs),rhsMax =   7.24753590475302E-13  1.94026647861455E+00
 cg2d: Sum(rhs),rhsMax =   4.40536496171262E-13  1.94023598757261E+00
 cg2d: Sum(rhs),rhsMax =   1.13686837721616E-12  1.94020492661519E+00
 cg2d: Sum(rhs),rhsMax =   7.10542735760100E-13  1.94017329725830E+00
 cg2d: Sum(rhs),rhsMax =   2.98427949019242E-13  1.94014110167422E+00
 cg2d: Sum(rhs),rhsMax =   7.38964445190504E-13  1.94010834267353E+00
 cg2d: Sum(rhs),rhsMax =   8.24229573481716E-13  1.94007502368297E+00
 cg2d: Sum(rhs),rhsMax =   8.38440428196918E-13  1.94004114871889E+00
 cg2d: Sum(rhs),rhsMax =   6.25277607468888E-13  1.94000672235680E+00
 cg2d: Sum(rhs),rhsMax =   4.54747350886464E-13  1.93997174969717E+00
 cg2d: Sum(rhs),rhsMax =   6.25277607468888E-13  1.93993623632766E+00
 cg2d: Sum(rhs),rhsMax =  -7.10542735760100E-14  1.93990018828245E+00
 cg2d: Sum(rhs),rhsMax =   9.23705556488130E-13  1.93986361199849E+00
 Calling cg2d from S/R CG2D_MAD
 cg2d: Sum(rhs),rhsMax =  -9.94759830064140E-14  8.05893652707776E-09
 Calling cg2d from S/R CG2D_MAD
 cg2d: Sum(rhs),rhsMax =   4.61852778244065E-14  8.44319993631371E-09
 Calling cg2d from S/R CG2D_MAD
 cg2d: Sum(rhs),rhsMax =  -4.26325641456060E-14  8.80496560133372E-09
 Calling cg2d from S/R CG2D_MAD
 cg2d: Sum(rhs),rhsMax =  -1.45661260830821E-13  9.12768065807610E-09
 Calling cg2d from S/R CG2D_MAD
 cg2d: Sum(rhs),rhsMax =  -7.81597009336110E-14  9.39402577413692E-09
 Calling cg2d from S/R CG2D_MAD
 cg2d: Sum(rhs),rhsMax =   1.42108547152020E-14  9.58757463407645E-09
 Calling cg2d from S/R CG2D_MAD
 cg2d: Sum(rhs),rhsMax =  -1.06692432666478E-13  9.69438969646902E-09
 Calling cg2d from S/R CG2D_MAD
 cg2d: Sum(rhs),rhsMax =   5.41788836017076E-14  9.70437442353448E-09
 Calling cg2d from S/R CG2D_MAD
 cg2d: Sum(rhs),rhsMax =  -1.95399252334028E-14  9.61223817269215E-09
 Calling cg2d from S/R CG2D_MAD
 cg2d: Sum(rhs),rhsMax =  -1.06581410364015E-14  9.41798262347670E-09
 Calling cg2d from S/R CG2D_MAD
 cg2d: Sum(rhs),rhsMax =   1.06581410364015E-13  9.12687956322036E-09
 Calling cg2d from S/R CG2D_MAD
 cg2d: Sum(rhs),rhsMax =   2.84217094304040E-14  8.74897015071168E-09
 Calling cg2d from S/R CG2D_MAD
 cg2d: Sum(rhs),rhsMax =   2.13162820728030E-14  8.29816743475521E-09
 Calling cg2d from S/R CG2D_MAD
 cg2d: Sum(rhs),rhsMax =  -1.13686837721616E-13  7.79108098755765E-09
 Calling cg2d from S/R CG2D_MAD
 cg2d: Sum(rhs),rhsMax =  -3.55271367880050E-14  7.24570177876085E-09
 Calling cg2d from S/R CG2D_MAD
 cg2d: Sum(rhs),rhsMax =  -5.68434188608080E-14  7.65369405992359E-09
 Calling cg2d from S/R CG2D_MAD
 cg2d: Sum(rhs),rhsMax =   2.06057393370429E-13  8.35889625873852E-09
 Calling cg2d from S/R CG2D_MAD
 cg2d: Sum(rhs),rhsMax =   1.20792265079217E-13  8.97967394126160E-09
 Calling cg2d from S/R CG2D_MAD
 cg2d: Sum(rhs),rhsMax =   7.10542735760100E-14  9.50483913930836E-09
 Calling cg2d from S/R CG2D_MAD
 cg2d: Sum(rhs),rhsMax =   7.10542735760100E-15  9.92720020026549E-09
 Calling cg2d from S/R CG2D_MAD
 cg2d: Sum(rhs),rhsMax =  -3.90798504668055E-14  1.02435093179888E-08
 Calling cg2d from S/R CG2D_MAD
 cg2d: Sum(rhs),rhsMax =   7.10542735760100E-15  1.04541083977194E-08
 Calling cg2d from S/R CG2D_MAD
 cg2d: Sum(rhs),rhsMax =   5.32907051820075E-14  1.05623487360553E-08
 Calling cg2d from S/R CG2D_MAD
 cg2d: Sum(rhs),rhsMax =  -6.92779167366098E-14  1.05738722961849E-08
 Calling cg2d from S/R CG2D_MAD
 cg2d: Sum(rhs),rhsMax =   6.83897383169096E-14  1.04958433528880E-08
 Calling cg2d from S/R CG2D_MAD
 cg2d: Sum(rhs),rhsMax =   1.05693231944315E-13  1.03362106398763E-08
 Calling cg2d from S/R CG2D_MAD
 cg2d: Sum(rhs),rhsMax =  -3.99680288865056E-15  1.01030643647108E-08
 Calling cg2d from S/R CG2D_MAD
 cg2d: Sum(rhs),rhsMax =  -1.44328993201270E-14  9.80413245631557E-09
 Calling cg2d from S/R CG2D_MAD
 cg2d: Sum(rhs),rhsMax =   0.00000000000000E+00  9.44643903577592E-09
 Calling cg2d from S/R CG2D_MAD
 cg2d: Sum(rhs),rhsMax =   3.28626015289046E-14  9.03612786230051E-09
 Calling cg2d from S/R CG2D_MAD
 cg2d: Sum(rhs),rhsMax =   1.95399252334028E-14  8.57843627002720E-09
 Calling cg2d from S/R CG2D_MAD
 cg2d: Sum(rhs),rhsMax =   3.90798504668055E-14  8.07779227348621E-09
 Calling cg2d from S/R CG2D_MAD
 cg2d: Sum(rhs),rhsMax =  -4.79616346638068E-14  7.53799954879956E-09
 Calling cg2d from S/R CG2D_MAD
 cg2d: Sum(rhs),rhsMax =  -2.66453525910038E-14  6.96247180906459E-09
 Calling cg2d from S/R CG2D_MAD
 cg2d: Sum(rhs),rhsMax =   6.03961325396085E-14  6.35447930460450E-09
 Calling cg2d from S/R CG2D_MAD
 cg2d: Sum(rhs),rhsMax =   5.15143483426073E-14  5.71737497914311E-09
 Calling cg2d from S/R CG2D_MAD
 cg2d: Sum(rhs),rhsMax =   6.66133814775094E-15  5.54175202993698E-09
 Calling cg2d from S/R CG2D_MAD
 cg2d: Sum(rhs),rhsMax =   9.72555369571637E-14  5.48675326037999E-09
 Calling cg2d from S/R CG2D_MAD
 cg2d: Sum(rhs),rhsMax =  -5.32907051820075E-15  5.38844071118791E-09
 Calling cg2d from S/R CG2D_MAD
 cg2d: Sum(rhs),rhsMax =  -8.88178419700125E-14  5.24810202472913E-09
 Calling cg2d from S/R CG2D_MAD
 cg2d: Sum(rhs),rhsMax =  -1.88293824976427E-13  5.06706048992439E-09
 Calling cg2d from S/R CG2D_MAD
 cg2d: Sum(rhs),rhsMax =  -1.13686837721616E-13  4.84672183976266E-09
 Calling cg2d from S/R CG2D_MAD
 cg2d: Sum(rhs),rhsMax =   1.42108547152020E-13  4.58865411305503E-09
 Calling cg2d from S/R CG2D_MAD
 cg2d: Sum(rhs),rhsMax =  -7.10542735760100E-14  4.43842785638633E-09
 Calling cg2d from S/R CG2D_MAD
 cg2d: Sum(rhs),rhsMax =   3.55271367880050E-13  4.52046473037127E-09
 Calling cg2d from S/R CG2D_MAD
 cg2d: Sum(rhs),rhsMax =  -7.10542735760100E-15  4.89119108779946E-09
 Calling cg2d from S/R CG2D_MAD
 cg2d: Sum(rhs),rhsMax =  -1.70530256582424E-13  5.23145964005605E-09
 Calling cg2d from S/R CG2D_MAD
 cg2d: Sum(rhs),rhsMax =  -1.20792265079217E-13  5.54146963008806E-09
 Calling cg2d from S/R CG2D_MAD
 cg2d: Sum(rhs),rhsMax =   1.20792265079217E-13  5.82188423657700E-09
 Calling cg2d from S/R CG2D_MAD
 cg2d: Sum(rhs),rhsMax =   2.84217094304040E-14  6.07377501123898E-09
 Calling cg2d from S/R CG2D_MAD
 cg2d: Sum(rhs),rhsMax =   1.49213974509621E-13  6.29854295676632E-09
 Calling cg2d from S/R CG2D_MAD
 cg2d: Sum(rhs),rhsMax =   0.00000000000000E+00  6.49782088120468E-09
 Calling cg2d from S/R CG2D_MAD
 cg2d: Sum(rhs),rhsMax =   4.61852778244065E-14  6.67336347692784E-09
 Calling cg2d from S/R CG2D_MAD
 cg2d: Sum(rhs),rhsMax =   1.06581410364015E-13  6.82693274026596E-09
 Calling cg2d from S/R CG2D_MAD
 cg2d: Sum(rhs),rhsMax =  -1.10134124042816E-13  6.96018678141463E-09
 Calling cg2d from S/R CG2D_MAD
 cg2d: Sum(rhs),rhsMax =  -8.17124146124115E-14  7.07457976140062E-09
 Calling cg2d from S/R CG2D_MAD
 cg2d: Sum(rhs),rhsMax =  -1.24344978758018E-13  7.17127969639033E-09
 Calling cg2d from S/R CG2D_MAD
 cg2d: Sum(rhs),rhsMax =   7.46069872548105E-14  7.25110931584523E-09
 Calling cg2d from S/R CG2D_MAD
 cg2d: Sum(rhs),rhsMax =   1.42108547152020E-14  7.31451322345875E-09
 Calling cg2d from S/R CG2D_MAD
 cg2d: Sum(rhs),rhsMax =   2.30926389122033E-14  7.51930612399969E-09
 Calling cg2d from S/R CG2D_MAD
 cg2d: Sum(rhs),rhsMax =  -1.77635683940025E-15  7.69453961158076E-09
 Calling cg2d from S/R CG2D_MAD
 cg2d: Sum(rhs),rhsMax =   0.00000000000000E+00  7.82955391352211E-09
 Calling cg2d from S/R CG2D_MAD
 cg2d: Sum(rhs),rhsMax =  -1.42108547152020E-14  7.92320793647142E-09
 Calling cg2d from S/R CG2D_MAD
 cg2d: Sum(rhs),rhsMax =   0.00000000000000E+00  7.97439759730851E-09
 Calling cg2d from S/R CG2D_MAD
 cg2d: Sum(rhs),rhsMax =  -2.48689957516035E-14  7.98213519864496E-09
 Calling cg2d from S/R CG2D_MAD
 cg2d: Sum(rhs),rhsMax =   3.55271367880050E-15  7.94562809886954E-09
 Calling cg2d from S/R CG2D_MAD
 cg2d: Sum(rhs),rhsMax =  -6.21724893790088E-15  7.86435128488278E-09
 Calling cg2d from S/R CG2D_MAD
 cg2d: Sum(rhs),rhsMax =   9.50350909079134E-14  7.73810952286742E-09
 Calling cg2d from S/R CG2D_MAD
 cg2d: Sum(rhs),rhsMax =   1.99840144432528E-14  7.56708604206683E-09
 Calling cg2d from S/R CG2D_MAD
 cg2d: Sum(rhs),rhsMax =   2.53130849614536E-14  7.35187606206007E-09
 Calling cg2d from S/R CG2D_MAD
 cg2d: Sum(rhs),rhsMax =   4.44089209850063E-14  7.09350477810900E-09
 Calling cg2d from S/R CG2D_MAD
 cg2d: Sum(rhs),rhsMax =  -4.97379915032070E-14  6.79343056398943E-09
 cg2d: Sum(rhs),rhsMax =   2.84217094304040E-13  1.93992092413502E+00
 cg2d: Sum(rhs),rhsMax =   4.26325641456060E-13  1.93995715010443E+00
 cg2d: Sum(rhs),rhsMax =   9.23705556488130E-13  1.93999279032857E+00
 cg2d: Sum(rhs),rhsMax =   3.55271367880050E-13  1.94002785517417E+00
 cg2d: Sum(rhs),rhsMax =   3.55271367880050E-13  1.94006235507740E+00
 cg2d: Sum(rhs),rhsMax =   9.80548975348938E-13  1.94009630046311E+00
 cg2d: Sum(rhs),rhsMax =   6.39488462184090E-13  1.94012970166498E+00
 cg2d: Sum(rhs),rhsMax =   5.40012479177676E-13  1.94016256884671E+00
 cg2d: Sum(rhs),rhsMax =   2.55795384873636E-13  1.94019491192529E+00
 cg2d: Sum(rhs),rhsMax =   2.55795384873636E-13  1.94022674049651E+00
 cg2d: Sum(rhs),rhsMax =   9.52127265918534E-13  1.94025806376369E+00
 cg2d: Sum(rhs),rhsMax =   5.68434188608080E-13  1.94028889046982E+00
 cg2d: Sum(rhs),rhsMax =   5.82645043323282E-13  1.94031922883379E+00
 cg2d: Sum(rhs),rhsMax =   4.40536496171262E-13  1.94034908649114E+00
 cg2d: Sum(rhs),rhsMax =   4.83169060316868E-13  1.94037847043970E+00
 cg2d: Sum(rhs),rhsMax =   7.10542735760100E-14  1.94040738699049E+00
 cg2d: Sum(rhs),rhsMax =   8.24229573481716E-13  1.94043584172445E+00
 cg2d: Sum(rhs),rhsMax =   8.52651282912120E-13  1.94046383945504E+00
 cg2d: Sum(rhs),rhsMax =   4.97379915032070E-13  1.94049138419688E+00
 cg2d: Sum(rhs),rhsMax =   8.10018718766514E-13  1.94051847914120E+00
 cg2d: Sum(rhs),rhsMax =   8.38440428196918E-13  1.94054512663751E+00
 cg2d: Sum(rhs),rhsMax =   8.95283847057726E-13  1.94057132818200E+00
 cg2d: Sum(rhs),rhsMax =   6.39488462184090E-13  1.94059708441289E+00
 cg2d: Sum(rhs),rhsMax =   6.67910171614494E-13  1.94062239511220E+00
 cg2d: Sum(rhs),rhsMax =   6.53699316899292E-13  1.94064725921437E+00
 cg2d: Sum(rhs),rhsMax =   7.95807864051312E-13  1.94067167482145E+00
 cg2d: Sum(rhs),rhsMax =   4.26325641456060E-13  1.94069563922471E+00
 cg2d: Sum(rhs),rhsMax =   9.09494701772928E-13  1.94071914893251E+00
 cg2d: Sum(rhs),rhsMax =   8.24229573481716E-13  1.94074219970416E+00
 cg2d: Sum(rhs),rhsMax =   1.23634436022257E-12  1.94076478658954E+00
 cg2d: Sum(rhs),rhsMax =   6.96331881044898E-13  1.94078690397417E+00
 cg2d: Sum(rhs),rhsMax =   2.55795384873636E-13  1.94080854562908E+00
 cg2d: Sum(rhs),rhsMax =   5.54223333892878E-13  1.94082970476562E+00
 cg2d: Sum(rhs),rhsMax =   6.39488462184090E-13  1.94085037409407E+00
 cg2d: Sum(rhs),rhsMax =   5.96855898038484E-13  1.94087054588622E+00
 cg2d: Sum(rhs),rhsMax =   5.96855898038484E-13  1.94089021204094E+00
 cg2d: Sum(rhs),rhsMax =   2.41584530158434E-13  1.94090936415249E+00
 cg2d: Sum(rhs),rhsMax =   8.66862137627322E-13  1.94092799358086E+00
 cg2d: Sum(rhs),rhsMax =   6.67910171614494E-13  1.94094609152381E+00
 cg2d: Sum(rhs),rhsMax =   3.83693077310454E-13  1.94096364908981E+00
 cg2d: Sum(rhs),rhsMax =   7.67386154620908E-13  1.94098065737159E+00
 cg2d: Sum(rhs),rhsMax =   1.22213350550737E-12  1.94099710751947E+00
 cg2d: Sum(rhs),rhsMax =   9.09494701772928E-13  1.94101299081429E+00
 cg2d: Sum(rhs),rhsMax =   4.26325641456060E-13  1.94102829873900E+00
 cg2d: Sum(rhs),rhsMax =   1.42108547152020E-13  1.94104302304881E+00
 cg2d: Sum(rhs),rhsMax =   3.26849658449646E-13  1.94105715583890E+00
 cg2d: Sum(rhs),rhsMax =   3.97903932025656E-13  1.94107068960973E+00
 cg2d: Sum(rhs),rhsMax =  -1.70530256582424E-13  1.94108361732906E+00
 cg2d: Sum(rhs),rhsMax =   6.11066752753686E-13  1.94109593249035E+00
 cg2d: Sum(rhs),rhsMax =   3.69482222595252E-13  1.94110762916709E+00
 cg2d: Sum(rhs),rhsMax =   5.68434188608080E-13  1.94111870206282E+00
 cg2d: Sum(rhs),rhsMax =   6.25277607468888E-13  1.94112914655612E+00
 cg2d: Sum(rhs),rhsMax =   4.40536496171262E-13  1.94113895874055E+00
 cg2d: Sum(rhs),rhsMax =   8.24229573481716E-13  1.94114813545911E+00
 cg2d: Sum(rhs),rhsMax =   5.11590769747272E-13  1.94115667433301E+00
 cg2d: Sum(rhs),rhsMax =   7.67386154620908E-13  1.94116457378441E+00
 cg2d: Sum(rhs),rhsMax =   8.24229573481716E-13  1.94117183305327E+00
 cg2d: Sum(rhs),rhsMax =   2.55795384873636E-13  1.94117845220793E+00
 cg2d: Sum(rhs),rhsMax =   3.83693077310454E-13  1.94118443214945E+00
 cg2d: Sum(rhs),rhsMax =   1.22213350550737E-12  1.94118977460976E+00
 cg2d: Sum(rhs),rhsMax =   3.55271367880050E-13  1.94119448214358E+00
 cg2d: Sum(rhs),rhsMax =   5.25801624462474E-13  1.94119855811438E+00
 cg2d: Sum(rhs),rhsMax =   5.96855898038484E-13  1.94120200667414E+00
 cg2d: Sum(rhs),rhsMax =   8.95283847057726E-13  1.94120483273754E+00
 cg2d: Sum(rhs),rhsMax =   5.68434188608080E-13  1.94120704195050E+00
 cg2d: Sum(rhs),rhsMax =   7.10542735760100E-13  1.94120864065340E+00
 cg2d: Sum(rhs),rhsMax =   7.67386154620908E-13  1.94120963583930E+00
 cg2d: Sum(rhs),rhsMax =   1.98951966012828E-13  1.94121003510755E+00
 cg2d: Sum(rhs),rhsMax =   6.67910171614494E-13  1.94120984661294E+00
 cg2d: Sum(rhs),rhsMax =   1.22213350550737E-12  1.94120907901104E+00
 cg2d: Sum(rhs),rhsMax =   2.84217094304040E-13  1.94120774140009E+00
 cg2d: Sum(rhs),rhsMax =   1.25055521493778E-12  1.94120584325955E+00
 Calling cg2d from S/R CG2D_MAD
 cg2d: Sum(rhs),rhsMax =  -1.99840144432528E-14  6.45353505629602E-09
 Calling cg2d from S/R CG2D_MAD
 cg2d: Sum(rhs),rhsMax =  -3.64153152077051E-14  6.07610239872190E-09
 Calling cg2d from S/R CG2D_MAD
 cg2d: Sum(rhs),rhsMax =   6.39488462184090E-14  5.66379023170018E-09
 Calling cg2d from S/R CG2D_MAD
 cg2d: Sum(rhs),rhsMax =  -8.17124146124115E-14  5.30015849950489E-09
 Calling cg2d from S/R CG2D_MAD
 cg2d: Sum(rhs),rhsMax =   2.32702745961433E-13  4.98128216100225E-09
 Calling cg2d from S/R CG2D_MAD
 cg2d: Sum(rhs),rhsMax =   6.03961325396085E-14  4.64543269628875E-09
 Calling cg2d from S/R CG2D_MAD
 cg2d: Sum(rhs),rhsMax =   6.39488462184090E-14  4.29474807553175E-09
 Calling cg2d from S/R CG2D_MAD
 cg2d: Sum(rhs),rhsMax =  -9.59232693276135E-14  4.13388436942729E-09
 Calling cg2d from S/R CG2D_MAD
 cg2d: Sum(rhs),rhsMax =   4.26325641456060E-14  4.28115289806238E-09
 Calling cg2d from S/R CG2D_MAD
 cg2d: Sum(rhs),rhsMax =   2.13162820728030E-14  4.40451043531005E-09
 Calling cg2d from S/R CG2D_MAD
 cg2d: Sum(rhs),rhsMax =  -7.10542735760100E-15  4.50240277025215E-09
 Calling cg2d from S/R CG2D_MAD
 cg2d: Sum(rhs),rhsMax =   0.00000000000000E+00  4.57336839889849E-09
 Calling cg2d from S/R CG2D_MAD
 cg2d: Sum(rhs),rhsMax =  -2.84217094304040E-14  4.61606011818217E-09
 Calling cg2d from S/R CG2D_MAD
 cg2d: Sum(rhs),rhsMax =   4.26325641456060E-14  4.62926951521955E-09
 Calling cg2d from S/R CG2D_MAD
 cg2d: Sum(rhs),rhsMax =  -1.42108547152020E-14  4.61195500283330E-09
 Calling cg2d from S/R CG2D_MAD
 cg2d: Sum(rhs),rhsMax =   0.00000000000000E+00  4.56327358217594E-09
 Calling cg2d from S/R CG2D_MAD
 cg2d: Sum(rhs),rhsMax =  -6.39488462184090E-14  4.48261595679770E-09
 Calling cg2d from S/R CG2D_MAD
 cg2d: Sum(rhs),rhsMax =  -2.13162820728030E-14  4.36964403478585E-09
 Calling cg2d from S/R CG2D_MAD
 cg2d: Sum(rhs),rhsMax =   4.26325641456060E-14  4.22432929403890E-09
 Calling cg2d from S/R CG2D_MAD
 cg2d: Sum(rhs),rhsMax =  -3.55271367880050E-14  4.04699000508925E-09
 Calling cg2d from S/R CG2D_MAD
 cg2d: Sum(rhs),rhsMax =  -4.26325641456060E-14  3.83832495401523E-09
 Calling cg2d from S/R CG2D_MAD
 cg2d: Sum(rhs),rhsMax =   8.52651282912120E-14  3.81181668328921E-09
 Calling cg2d from S/R CG2D_MAD
 cg2d: Sum(rhs),rhsMax =   1.42108547152020E-14  4.13095166975020E-09
 Calling cg2d from S/R CG2D_MAD
 cg2d: Sum(rhs),rhsMax =   0.00000000000000E+00  4.41313665085569E-09
 Calling cg2d from S/R CG2D_MAD
 cg2d: Sum(rhs),rhsMax =  -2.84217094304040E-14  4.65782630530292E-09
 Calling cg2d from S/R CG2D_MAD
 cg2d: Sum(rhs),rhsMax =   8.52651282912120E-14  4.86496907716042E-09
 Calling cg2d from S/R CG2D_MAD
 cg2d: Sum(rhs),rhsMax =  -7.10542735760100E-14  5.03498360512331E-09
 Calling cg2d from S/R CG2D_MAD
 cg2d: Sum(rhs),rhsMax =   4.26325641456060E-14  5.16872070228247E-09
 Calling cg2d from S/R CG2D_MAD
 cg2d: Sum(rhs),rhsMax =  -2.84217094304040E-14  5.26741200798893E-09
 Calling cg2d from S/R CG2D_MAD
 cg2d: Sum(rhs),rhsMax =   6.39488462184090E-14  5.33260718621537E-09
 Calling cg2d from S/R CG2D_MAD
 cg2d: Sum(rhs),rhsMax =   7.81597009336110E-14  5.36610221568182E-09
 Calling cg2d from S/R CG2D_MAD
 cg2d: Sum(rhs),rhsMax =   1.42108547152020E-14  5.36986186072949E-09
 Calling cg2d from S/R CG2D_MAD
 cg2d: Sum(rhs),rhsMax =   1.42108547152020E-14  5.34593979141123E-09
 Calling cg2d from S/R CG2D_MAD
 cg2d: Sum(rhs),rhsMax =  -6.03961325396085E-14  5.29640000997776E-09
 Calling cg2d from S/R CG2D_MAD
 cg2d: Sum(rhs),rhsMax =  -6.03961325396085E-14  5.22324322463263E-09
 Calling cg2d from S/R CG2D_MAD
 cg2d: Sum(rhs),rhsMax =   4.61852778244065E-14  5.12834158880438E-09
 Calling cg2d from S/R CG2D_MAD
 cg2d: Sum(rhs),rhsMax =   4.26325641456060E-14  5.01338480722684E-09
 Calling cg2d from S/R CG2D_MAD
 cg2d: Sum(rhs),rhsMax =   4.97379915032070E-14  5.21747517400729E-09
 Calling cg2d from S/R CG2D_MAD
 cg2d: Sum(rhs),rhsMax =  -8.88178419700125E-15  5.41302750388613E-09
 Calling cg2d from S/R CG2D_MAD
 cg2d: Sum(rhs),rhsMax =  -2.93098878501041E-14  5.57791488931301E-09
 Calling cg2d from S/R CG2D_MAD
 cg2d: Sum(rhs),rhsMax =   4.81836792687318E-14  5.71221903715152E-09
 Calling cg2d from S/R CG2D_MAD
 cg2d: Sum(rhs),rhsMax =  -3.06421554796543E-14  5.81657314028922E-09
 Calling cg2d from S/R CG2D_MAD
 cg2d: Sum(rhs),rhsMax =   8.88178419700125E-16  5.89211259442413E-09
 Calling cg2d from S/R CG2D_MAD
 cg2d: Sum(rhs),rhsMax =   2.30926389122033E-14  5.94040857095012E-09
 Calling cg2d from S/R CG2D_MAD
 cg2d: Sum(rhs),rhsMax =   4.08562073062058E-14  5.96338791578649E-09
 Calling cg2d from S/R CG2D_MAD
 cg2d: Sum(rhs),rhsMax =   7.10542735760100E-14  5.96324342678955E-09
 Calling cg2d from S/R CG2D_MAD
 cg2d: Sum(rhs),rhsMax =  -1.77635683940025E-14  5.94233890967567E-09
 Calling cg2d from S/R CG2D_MAD
 cg2d: Sum(rhs),rhsMax =  -3.90798504668055E-14  5.90311351127490E-09
 Calling cg2d from S/R CG2D_MAD
 cg2d: Sum(rhs),rhsMax =   3.55271367880050E-15  5.84798968218999E-09
 Calling cg2d from S/R CG2D_MAD
 cg2d: Sum(rhs),rhsMax =   3.55271367880050E-14  5.77928874616015E-09
 Calling cg2d from S/R CG2D_MAD
 cg2d: Sum(rhs),rhsMax =   8.17124146124115E-14  5.69915748136891E-09
 Calling cg2d from S/R CG2D_MAD
 cg2d: Sum(rhs),rhsMax =   8.52651282912120E-14  5.60950839094380E-09
 Calling cg2d from S/R CG2D_MAD
 cg2d: Sum(rhs),rhsMax =  -2.13162820728030E-14  5.51197550483299E-09
 Calling cg2d from S/R CG2D_MAD
 cg2d: Sum(rhs),rhsMax =  -7.10542735760100E-15  5.40788666610933E-09
 Calling cg2d from S/R CG2D_MAD
 cg2d: Sum(rhs),rhsMax =  -3.55271367880050E-14  5.29825236504376E-09
 Calling cg2d from S/R CG2D_MAD
 cg2d: Sum(rhs),rhsMax =  -4.26325641456060E-14  5.18377034427270E-09
 Calling cg2d from S/R CG2D_MAD
 cg2d: Sum(rhs),rhsMax =   3.55271367880050E-14  5.06484445520610E-09
 Calling cg2d from S/R CG2D_MAD
 cg2d: Sum(rhs),rhsMax =   7.10542735760100E-15  4.94161563439061E-09
 Calling cg2d from S/R CG2D_MAD
 cg2d: Sum(rhs),rhsMax =   2.84217094304040E-14  4.81400241199158E-09
 Calling cg2d from S/R CG2D_MAD
 cg2d: Sum(rhs),rhsMax =  -4.97379915032070E-14  4.68174808214599E-09
 Calling cg2d from S/R CG2D_MAD
 cg2d: Sum(rhs),rhsMax =   7.10542735760100E-15  4.54447156581927E-09
 Calling cg2d from S/R CG2D_MAD
 cg2d: Sum(rhs),rhsMax =   6.39488462184090E-14  4.40171907106766E-09
 Calling cg2d from S/R CG2D_MAD
 cg2d: Sum(rhs),rhsMax =   3.55271367880050E-14  4.25301388061189E-09
 Calling cg2d from S/R CG2D_MAD
 cg2d: Sum(rhs),rhsMax =   1.70530256582424E-13  4.09790194789325E-09
 Calling cg2d from S/R CG2D_MAD
 cg2d: Sum(rhs),rhsMax =   0.00000000000000E+00  3.93599143453330E-09
 Calling cg2d from S/R CG2D_MAD
 cg2d: Sum(rhs),rhsMax =  -9.23705556488130E-14  3.76698484240546E-09
 Calling cg2d from S/R CG2D_MAD
 cg2d: Sum(rhs),rhsMax =   1.27897692436818E-13  3.59070294443063E-09
 Calling cg2d from S/R CG2D_MAD
 cg2d: Sum(rhs),rhsMax =  -1.77635683940025E-14  3.66721172812506E-09
 Calling cg2d from S/R CG2D_MAD
 cg2d: Sum(rhs),rhsMax =  -1.06581410364015E-14  3.83919826513352E-09
 Calling cg2d from S/R CG2D_MAD
 cg2d: Sum(rhs),rhsMax =   4.26325641456060E-14  3.98295257794219E-09
 Calling cg2d from S/R CG2D_MAD
 cg2d: Sum(rhs),rhsMax =  -6.39488462184090E-14  4.09784859495447E-09
 Calling cg2d from S/R CG2D_MAD
 cg2d: Sum(rhs),rhsMax =   3.55271367880050E-14  4.18354804654464E-09
 cg2d: Sum(rhs),rhsMax =   4.54747350886464E-13  1.93568444643793E+00
 cg2d: Sum(rhs),rhsMax =   9.23705556488130E-13  1.93576335482255E+00
 cg2d: Sum(rhs),rhsMax =   7.67386154620908E-13  1.93584171904080E+00
 cg2d: Sum(rhs),rhsMax =   4.12114786740858E-13  1.93591953913990E+00
 cg2d: Sum(rhs),rhsMax =   4.68958205601666E-13  1.93599681517829E+00
 cg2d: Sum(rhs),rhsMax =   4.12114786740858E-13  1.93607354722011E+00
 cg2d: Sum(rhs),rhsMax =   5.25801624462474E-13  1.93614973533185E+00
 cg2d: Sum(rhs),rhsMax =   6.25277607468888E-13  1.93622537958142E+00
 cg2d: Sum(rhs),rhsMax =   6.67910171614494E-13  1.93630048003734E+00
 cg2d: Sum(rhs),rhsMax =   7.81597009336110E-13  1.93637503676829E+00
 cg2d: Sum(rhs),rhsMax =   1.22213350550737E-12  1.93644904984247E+00
 cg2d: Sum(rhs),rhsMax =   7.10542735760100E-13  1.93652251084128E+00
 cg2d: Sum(rhs),rhsMax =   8.38440428196918E-13  1.93659543271530E+00
 cg2d: Sum(rhs),rhsMax =   7.95807864051312E-13  1.93666781680667E+00
 cg2d: Sum(rhs),rhsMax =   2.27373675443232E-13  1.93673966115095E+00
 cg2d: Sum(rhs),rhsMax =   9.09494701772928E-13  1.93681096496432E+00
 cg2d: Sum(rhs),rhsMax =   8.24229573481716E-13  1.93688172875568E+00
 cg2d: Sum(rhs),rhsMax =   7.10542735760100E-13  1.93695195356343E+00
 cg2d: Sum(rhs),rhsMax =   4.26325641456060E-13  1.93702164043114E+00
 cg2d: Sum(rhs),rhsMax =   5.68434188608080E-13  1.93709079027513E+00
 cg2d: Sum(rhs),rhsMax =   7.95807864051312E-13  1.93715940391678E+00
 cg2d: Sum(rhs),rhsMax =   3.26849658449646E-13  1.93722748211796E+00
 cg2d: Sum(rhs),rhsMax =   4.68958205601666E-13  1.93729502559123E+00
 cg2d: Sum(rhs),rhsMax =   5.68434188608080E-13  1.93736203499913E+00
 cg2d: Sum(rhs),rhsMax =   5.82645043323282E-13  1.93742851095181E+00
 cg2d: Sum(rhs),rhsMax =   6.11066752753686E-13  1.93749445400491E+00
 cg2d: Sum(rhs),rhsMax =   5.82645043323282E-13  1.93755986465778E+00
 cg2d: Sum(rhs),rhsMax =   1.02318153949454E-12  1.93762474335235E+00
 cg2d: Sum(rhs),rhsMax =   8.10018718766514E-13  1.93768909047244E+00
 cg2d: Sum(rhs),rhsMax =   3.97903932025656E-13  1.93775290634385E+00
 cg2d: Sum(rhs),rhsMax =   7.38964445190504E-13  1.93781619123509E+00
 cg2d: Sum(rhs),rhsMax =   8.66862137627322E-13  1.93787894535841E+00
 cg2d: Sum(rhs),rhsMax =   5.96855898038484E-13  1.93794116887126E+00
 cg2d: Sum(rhs),rhsMax =   9.23705556488130E-13  1.93800286187763E+00
 cg2d: Sum(rhs),rhsMax =   6.53699316899292E-13  1.93806402442953E+00
 cg2d: Sum(rhs),rhsMax =   5.11590769747272E-13  1.93812465652821E+00
 cg2d: Sum(rhs),rhsMax =   7.38964445190504E-13  1.93818475812572E+00
 cg2d: Sum(rhs),rhsMax =   3.26849658449646E-13  1.93824432912662E+00
 cg2d: Sum(rhs),rhsMax =   5.54223333892878E-13  1.93830336939038E+00
 cg2d: Sum(rhs),rhsMax =   5.96855898038484E-13  1.93836116298171E+00
 cg2d: Sum(rhs),rhsMax =   6.67910171614494E-13  1.93841858617185E+00
 cg2d: Sum(rhs),rhsMax =   3.26849658449646E-13  1.93847548238650E+00
 cg2d: Sum(rhs),rhsMax =   4.68958205601666E-13  1.93853178913936E+00
 cg2d: Sum(rhs),rhsMax =   6.39488462184090E-13  1.93858751002915E+00
 cg2d: Sum(rhs),rhsMax =   9.66338120633736E-13  1.93864263962979E+00
 cg2d: Sum(rhs),rhsMax =   1.08002495835535E-12  1.93869716680955E+00
 cg2d: Sum(rhs),rhsMax =   8.66862137627322E-13  1.93875108089981E+00
 cg2d: Sum(rhs),rhsMax =   7.38964445190504E-13  1.93880437202617E+00
 cg2d: Sum(rhs),rhsMax =   2.84217094304040E-13  1.93885703078106E+00
 cg2d: Sum(rhs),rhsMax =   8.24229573481716E-13  1.93890904828486E+00
 cg2d: Sum(rhs),rhsMax =   2.70006239588838E-13  1.93896041633172E+00
 cg2d: Sum(rhs),rhsMax =   2.55795384873636E-13  1.93901112748906E+00
 cg2d: Sum(rhs),rhsMax =   7.38964445190504E-13  1.93906117516033E+00
 cg2d: Sum(rhs),rhsMax =   8.66862137627322E-13  1.93911055363119E+00
 cg2d: Sum(rhs),rhsMax =   8.38440428196918E-13  1.93915925810657E+00
 cg2d: Sum(rhs),rhsMax =   1.10844666778576E-12  1.93920728473974E+00
 cg2d: Sum(rhs),rhsMax =   2.84217094304040E-13  1.93925463065388E+00
 cg2d: Sum(rhs),rhsMax =   8.81072992342524E-13  1.93930129395609E+00
 cg2d: Sum(rhs),rhsMax =   8.10018718766514E-13  1.93934727374390E+00
 cg2d: Sum(rhs),rhsMax =   1.98951966012828E-13  1.93939257010398E+00
 cg2d: Sum(rhs),rhsMax =   1.06581410364015E-12  1.93943718410320E+00
 cg2d: Sum(rhs),rhsMax =   1.20792265079217E-12  1.93948111777149E+00
 cg2d: Sum(rhs),rhsMax =   5.82645043323282E-13  1.93952437407735E+00
 cg2d: Sum(rhs),rhsMax =   1.27897692436818E-13  1.93956695689568E+00
 cg2d: Sum(rhs),rhsMax =   9.52127265918534E-13  1.93960887096907E+00
 cg2d: Sum(rhs),rhsMax =   5.82645043323282E-13  1.93965012186296E+00
 cg2d: Sum(rhs),rhsMax =   1.10844666778576E-12  1.93969071591548E+00
 cg2d: Sum(rhs),rhsMax =   9.80548975348938E-13  1.93973066018250E+00
 cg2d: Sum(rhs),rhsMax =   4.40536496171262E-13  1.93976996237832E+00
 cg2d: Sum(rhs),rhsMax =   4.83169060316868E-13  1.93980863081241E+00
 cg2d: Sum(rhs),rhsMax =   9.09494701772928E-13  1.93984667432235E+00
 cg2d: Sum(rhs),rhsMax =   6.67910171614494E-13  1.93988410220343E+00
 Calling cg2d from S/R CG2D_MAD
 cg2d: Sum(rhs),rhsMax =  -2.13162820728030E-14  4.23998525726774E-09
 Calling cg2d from S/R CG2D_MAD
 cg2d: Sum(rhs),rhsMax =   6.21724893790088E-14  4.26734863059698E-09
 Calling cg2d from S/R CG2D_MAD
 cg2d: Sum(rhs),rhsMax =   2.84217094304040E-14  4.26606009035098E-09
 Calling cg2d from S/R CG2D_MAD
 cg2d: Sum(rhs),rhsMax =   6.92779167366098E-14  4.23675363109653E-09
 Calling cg2d from S/R CG2D_MAD
 cg2d: Sum(rhs),rhsMax =  -1.59872115546023E-14  4.18025396091055E-09
 Calling cg2d from S/R CG2D_MAD
 cg2d: Sum(rhs),rhsMax =   2.27373675443232E-13  4.09755601094900E-09
 Calling cg2d from S/R CG2D_MAD
 cg2d: Sum(rhs),rhsMax =  -1.22568621918617E-13  3.98980585540193E-09
 Calling cg2d from S/R CG2D_MAD
 cg2d: Sum(rhs),rhsMax =   2.66453525910038E-14  3.85828335061588E-09
 Calling cg2d from S/R CG2D_MAD
 cg2d: Sum(rhs),rhsMax =   1.04805053524615E-13  3.70438658012794E-09
 Calling cg2d from S/R CG2D_MAD
 cg2d: Sum(rhs),rhsMax =   1.42108547152020E-14  3.52961799748815E-09
 Calling cg2d from S/R CG2D_MAD
 cg2d: Sum(rhs),rhsMax =   2.00728322852228E-13  3.33557200240087E-09
 Calling cg2d from S/R CG2D_MAD
 cg2d: Sum(rhs),rhsMax =  -6.75015598972095E-14  3.12392357561657E-09
 Calling cg2d from S/R CG2D_MAD
 cg2d: Sum(rhs),rhsMax =  -1.95399252334028E-14  3.11026192545739E-09
 Calling cg2d from S/R CG2D_MAD
 cg2d: Sum(rhs),rhsMax =  -2.78888023785839E-13  3.16687834546642E-09
 Calling cg2d from S/R CG2D_MAD
 cg2d: Sum(rhs),rhsMax =   1.68753899743024E-13  3.35008461121061E-09
 Calling cg2d from S/R CG2D_MAD
 cg2d: Sum(rhs),rhsMax =   1.70530256582424E-13  3.55963667484329E-09
 Calling cg2d from S/R CG2D_MAD
 cg2d: Sum(rhs),rhsMax =   1.77635683940025E-13  3.75783344766414E-09
 Calling cg2d from S/R CG2D_MAD
 cg2d: Sum(rhs),rhsMax =   2.04281036531029E-14  3.94419918149608E-09
 Calling cg2d from S/R CG2D_MAD
 cg2d: Sum(rhs),rhsMax =  -1.77635683940025E-13  4.11831689000950E-09
 Calling cg2d from S/R CG2D_MAD
 cg2d: Sum(rhs),rhsMax =   5.86197757002083E-14  4.27982429203933E-09
 Calling cg2d from S/R CG2D_MAD
 cg2d: Sum(rhs),rhsMax =   2.22044604925031E-14  4.42840796393210E-09
 Calling cg2d from S/R CG2D_MAD
 cg2d: Sum(rhs),rhsMax =  -1.50990331349021E-14  4.56379617883995E-09
 Calling cg2d from S/R CG2D_MAD
 cg2d: Sum(rhs),rhsMax =   3.10862446895044E-15  4.68575102564159E-09
 Calling cg2d from S/R CG2D_MAD
 cg2d: Sum(rhs),rhsMax =  -4.95159468982820E-14  4.79406046903142E-09
 Calling cg2d from S/R CG2D_MAD
 cg2d: Sum(rhs),rhsMax =  -3.23074900165921E-14  4.88853103139059E-09
 Calling cg2d from S/R CG2D_MAD
 cg2d: Sum(rhs),rhsMax =  -1.71529457304587E-14  4.96898174591661E-09
 Calling cg2d from S/R CG2D_MAD
 cg2d: Sum(rhs),rhsMax =   2.88657986402541E-14  5.03523995219767E-09
 Calling cg2d from S/R CG2D_MAD
 cg2d: Sum(rhs),rhsMax =   6.52811138479592E-14  5.08713938604991E-09
 Calling cg2d from S/R CG2D_MAD
 cg2d: Sum(rhs),rhsMax =  -2.30926389122033E-14  5.12452086368879E-09
 Calling cg2d from S/R CG2D_MAD
 cg2d: Sum(rhs),rhsMax =  -1.06581410364015E-14  5.14723568676240E-09
 Calling cg2d from S/R CG2D_MAD
 cg2d: Sum(rhs),rhsMax =  -6.48370246381091E-14  5.15515171078870E-09
 Calling cg2d from S/R CG2D_MAD
 cg2d: Sum(rhs),rhsMax =   1.50990331349021E-14  5.14816183680323E-09
 Calling cg2d from S/R CG2D_MAD
 cg2d: Sum(rhs),rhsMax =  -1.19015908239817E-13  5.12619451801106E-09
 Calling cg2d from S/R CG2D_MAD
 cg2d: Sum(rhs),rhsMax =  -8.34887714518118E-14  5.08922573136457E-09
 Calling cg2d from S/R CG2D_MAD
 cg2d: Sum(rhs),rhsMax =  -1.20792265079217E-13  5.03729175636557E-09
 Calling cg2d from S/R CG2D_MAD
 cg2d: Sum(rhs),rhsMax =   9.76996261670138E-14  4.97050196833355E-09
 Calling cg2d from S/R CG2D_MAD
 cg2d: Sum(rhs),rhsMax =  -4.79616346638068E-14  4.88910681612842E-09
 Calling cg2d from S/R CG2D_MAD
 cg2d: Sum(rhs),rhsMax =  -1.91846538655227E-13  4.79324615445540E-09
 Calling cg2d from S/R CG2D_MAD
 cg2d: Sum(rhs),rhsMax =  -3.90798504668055E-14  4.68341340977508E-09
 Calling cg2d from S/R CG2D_MAD
 cg2d: Sum(rhs),rhsMax =  -5.32907051820075E-14  4.56014754177816E-09
 Calling cg2d from S/R CG2D_MAD
 cg2d: Sum(rhs),rhsMax =   1.06581410364015E-14  4.42403757025280E-09
 Calling cg2d from S/R CG2D_MAD
 cg2d: Sum(rhs),rhsMax =  -4.61852778244065E-14  4.27579784587766E-09
 Calling cg2d from S/R CG2D_MAD
 cg2d: Sum(rhs),rhsMax =  -1.95399252334028E-13  4.11626621252771E-09
 Calling cg2d from S/R CG2D_MAD
 cg2d: Sum(rhs),rhsMax =   9.23705556488130E-14  3.94638042342720E-09
 Calling cg2d from S/R CG2D_MAD
 cg2d: Sum(rhs),rhsMax =   2.13162820728030E-14  3.76716241667902E-09
 Calling cg2d from S/R CG2D_MAD
 cg2d: Sum(rhs),rhsMax =  -3.55271367880050E-14  3.57970465172482E-09
 Calling cg2d from S/R CG2D_MAD
 cg2d: Sum(rhs),rhsMax =   3.55271367880050E-14  3.38515347688902E-09
 Calling cg2d from S/R CG2D_MAD
 cg2d: Sum(rhs),rhsMax =  -1.42108547152020E-14  3.18468979745600E-09
 Calling cg2d from S/R CG2D_MAD
 cg2d: Sum(rhs),rhsMax =  -2.13162820728030E-14  2.97950834180689E-09
 Calling cg2d from S/R CG2D_MAD
 cg2d: Sum(rhs),rhsMax =  -1.13686837721616E-13  2.77079649522245E-09
 Calling cg2d from S/R CG2D_MAD
 cg2d: Sum(rhs),rhsMax =  -8.52651282912120E-14  2.80810940453784E-09
 Calling cg2d from S/R CG2D_MAD
 cg2d: Sum(rhs),rhsMax =   1.42108547152020E-14  2.89476686305138E-09
 Calling cg2d from S/R CG2D_MAD
 cg2d: Sum(rhs),rhsMax =   6.39488462184090E-14  2.96012823019209E-09
 Calling cg2d from S/R CG2D_MAD
 cg2d: Sum(rhs),rhsMax =  -9.23705556488130E-14  3.00392009304403E-09
 Calling cg2d from S/R CG2D_MAD
 cg2d: Sum(rhs),rhsMax =  -7.10542735760100E-14  3.02608419680818E-09
 Calling cg2d from S/R CG2D_MAD
 cg2d: Sum(rhs),rhsMax =  -2.84217094304040E-14  3.02677535213446E-09
 Calling cg2d from S/R CG2D_MAD
 cg2d: Sum(rhs),rhsMax =  -7.10542735760100E-15  3.00635536739848E-09
 Calling cg2d from S/R CG2D_MAD
 cg2d: Sum(rhs),rhsMax =   6.39488462184090E-14  2.96538321357630E-09
 Calling cg2d from S/R CG2D_MAD
 cg2d: Sum(rhs),rhsMax =  -2.13162820728030E-14  2.90460174791679E-09
 Calling cg2d from S/R CG2D_MAD
 cg2d: Sum(rhs),rhsMax =  -3.55271367880050E-14  2.82492142554967E-09
 Calling cg2d from S/R CG2D_MAD
 cg2d: Sum(rhs),rhsMax =   2.13162820728030E-14  2.72740151211746E-09
 Calling cg2d from S/R CG2D_MAD
 cg2d: Sum(rhs),rhsMax =   4.97379915032070E-14  2.65829380288053E-09
 Calling cg2d from S/R CG2D_MAD
 cg2d: Sum(rhs),rhsMax =  -6.39488462184090E-14  2.66842305814851E-09
 Calling cg2d from S/R CG2D_MAD
 cg2d: Sum(rhs),rhsMax =  -1.42108547152020E-13  2.66105712432305E-09
 Calling cg2d from S/R CG2D_MAD
 cg2d: Sum(rhs),rhsMax =   7.10542735760100E-15  2.63607752028508E-09
 Calling cg2d from S/R CG2D_MAD
 cg2d: Sum(rhs),rhsMax =  -3.19744231092045E-14  2.59350315082644E-09
 Calling cg2d from S/R CG2D_MAD
 cg2d: Sum(rhs),rhsMax =   1.77635683940025E-14  2.53348035243776E-09
 Calling cg2d from S/R CG2D_MAD
 cg2d: Sum(rhs),rhsMax =   1.06581410364015E-14  2.45630887703521E-09
 Calling cg2d from S/R CG2D_MAD
 cg2d: Sum(rhs),rhsMax =  -9.59232693276135E-14  2.36245322553974E-09
 Calling cg2d from S/R CG2D_MAD
 cg2d: Sum(rhs),rhsMax =  -8.17124146124115E-14  2.33974140421578E-09
 Calling cg2d from S/R CG2D_MAD
 cg2d: Sum(rhs),rhsMax =  -7.47735207085043E-14  2.45887142424550E-09
 Calling cg2d from S/R CG2D_MAD
 cg2d: Sum(rhs),rhsMax =  -1.50990331349021E-14  2.56540262902402E-09
 cg2d: Sum(rhs),rhsMax =   1.12265752250096E-12  1.92857899990590E+00
 cg2d: Sum(rhs),rhsMax =   1.30739863379858E-12  1.92869670188308E+00
 cg2d: Sum(rhs),rhsMax =   3.12638803734444E-13  1.92881387714620E+00
 cg2d: Sum(rhs),rhsMax =  -5.68434188608080E-14  1.92893052527365E+00
 cg2d: Sum(rhs),rhsMax =   1.02318153949454E-12  1.92904664584226E+00
 cg2d: Sum(rhs),rhsMax =   9.09494701772928E-13  1.92916223842715E+00
 cg2d: Sum(rhs),rhsMax =   6.25277607468888E-13  1.92927730260189E+00
 cg2d: Sum(rhs),rhsMax =   3.97903932025656E-13  1.92939183793842E+00
 cg2d: Sum(rhs),rhsMax =   2.27373675443232E-13  1.92950584400732E+00
 cg2d: Sum(rhs),rhsMax =   6.96331881044898E-13  1.92961932037779E+00
 cg2d: Sum(rhs),rhsMax =   6.82121026329696E-13  1.92973226661784E+00
 cg2d: Sum(rhs),rhsMax =   6.67910171614494E-13  1.92984468229466E+00
 cg2d: Sum(rhs),rhsMax =   1.98951966012828E-13  1.92995656697502E+00
 cg2d: Sum(rhs),rhsMax =   9.80548975348938E-13  1.93006792022564E+00
 cg2d: Sum(rhs),rhsMax =   9.23705556488130E-13  1.93017874161338E+00
 cg2d: Sum(rhs),rhsMax =   7.24753590475302E-13  1.93028903070541E+00
 cg2d: Sum(rhs),rhsMax =   9.23705556488130E-13  1.93039878706967E+00
 cg2d: Sum(rhs),rhsMax =   4.40536496171262E-13  1.93050801027531E+00
 cg2d: Sum(rhs),rhsMax =   6.39488462184090E-13  1.93061669989318E+00
 cg2d: Sum(rhs),rhsMax =   3.41060513164848E-13  1.93072485549639E+00
 cg2d: Sum(rhs),rhsMax =   1.08002495835535E-12  1.93083247666079E+00
 cg2d: Sum(rhs),rhsMax =   8.10018718766514E-13  1.93093956296559E+00
 cg2d: Sum(rhs),rhsMax =   2.84217094304040E-13  1.93104611399374E+00
 cg2d: Sum(rhs),rhsMax =   5.54223333892878E-13  1.93115212933257E+00
 cg2d: Sum(rhs),rhsMax =   5.54223333892878E-13  1.93125760857431E+00
 cg2d: Sum(rhs),rhsMax =   3.83693077310454E-13  1.93136255131335E+00
 cg2d: Sum(rhs),rhsMax =   6.39488462184090E-13  1.93146695714962E+00
 cg2d: Sum(rhs),rhsMax =   3.69482222595252E-13  1.93157082569487E+00
 cg2d: Sum(rhs),rhsMax =   7.67386154620908E-13  1.93167415657220E+00
 cg2d: Sum(rhs),rhsMax =   7.10542735760100E-13  1.93177694941151E+00
 cg2d: Sum(rhs),rhsMax =   3.83693077310454E-13  1.93187920384710E+00
 cg2d: Sum(rhs),rhsMax =   5.11590769747272E-13  1.93198091951891E+00
 cg2d: Sum(rhs),rhsMax =   6.25277607468888E-13  1.93208209607499E+00
 cg2d: Sum(rhs),rhsMax =   8.52651282912120E-13  1.93218273317348E+00
 cg2d: Sum(rhs),rhsMax =   6.67910171614494E-13  1.93228283048342E+00
 cg2d: Sum(rhs),rhsMax =   8.24229573481716E-13  1.93238238768493E+00
 cg2d: Sum(rhs),rhsMax =   3.97903932025656E-13  1.93248140446939E+00
 cg2d: Sum(rhs),rhsMax =   7.67386154620908E-13  1.93257988053936E+00
 cg2d: Sum(rhs),rhsMax =   4.83169060316868E-13  1.93267781560891E+00
 cg2d: Sum(rhs),rhsMax =   7.95807864051312E-13  1.93277520940368E+00
 cg2d: Sum(rhs),rhsMax =   4.26325641456060E-13  1.93287206166122E+00
 cg2d: Sum(rhs),rhsMax =   2.84217094304040E-13  1.93296837213107E+00
 cg2d: Sum(rhs),rhsMax =   6.96331881044898E-13  1.93306414057507E+00
 cg2d: Sum(rhs),rhsMax =   7.95807864051312E-13  1.93315936676738E+00
 cg2d: Sum(rhs),rhsMax =   6.39488462184090E-13  1.93325405049457E+00
 cg2d: Sum(rhs),rhsMax =   6.53699316899292E-13  1.93334819155571E+00
 cg2d: Sum(rhs),rhsMax =   8.66862137627322E-13  1.93344178976227E+00
 cg2d: Sum(rhs),rhsMax =   6.39488462184090E-13  1.93353484493810E+00
 cg2d: Sum(rhs),rhsMax =   7.53175299905706E-13  1.93362735691927E+00
 cg2d: Sum(rhs),rhsMax =   8.95283847057726E-13  1.93371932555399E+00
 cg2d: Sum(rhs),rhsMax =   6.67910171614494E-13  1.93381075070232E+00
 cg2d: Sum(rhs),rhsMax =   7.67386154620908E-13  1.93390163223594E+00
 cg2d: Sum(rhs),rhsMax =   1.27897692436818E-12  1.93399197003795E+00
 cg2d: Sum(rhs),rhsMax =   9.66338120633736E-13  1.93408176400248E+00
 cg2d: Sum(rhs),rhsMax =   8.95283847057726E-13  1.93417101403445E+00
 cg2d: Sum(rhs),rhsMax =   1.56319401867222E-13  1.93425972004916E+00
 cg2d: Sum(rhs),rhsMax =   5.96855898038484E-13  1.93434788197188E+00
 cg2d: Sum(rhs),rhsMax =   2.98427949019242E-13  1.93443549973748E+00
 cg2d: Sum(rhs),rhsMax =   5.68434188608080E-13  1.93452257328998E+00
 cg2d: Sum(rhs),rhsMax =   7.81597009336110E-13  1.93460910258195E+00
 cg2d: Sum(rhs),rhsMax =   7.38964445190504E-13  1.93469508757425E+00
 cg2d: Sum(rhs),rhsMax =   9.80548975348938E-13  1.93478052823526E+00
 cg2d: Sum(rhs),rhsMax =   9.94759830064140E-13  1.93486542454047E+00
 cg2d: Sum(rhs),rhsMax =   1.12265752250096E-12  1.93494977647197E+00
 cg2d: Sum(rhs),rhsMax =   5.96855898038484E-13  1.93503358401781E+00
 cg2d: Sum(rhs),rhsMax =   6.25277607468888E-13  1.93511684717146E+00
 cg2d: Sum(rhs),rhsMax =   9.52127265918534E-13  1.93519956593132E+00
 cg2d: Sum(rhs),rhsMax =   5.82645043323282E-13  1.93528174030007E+00
 cg2d: Sum(rhs),rhsMax =   0.00000000000000E+00  1.93536337028419E+00
 cg2d: Sum(rhs),rhsMax =   8.38440428196918E-13  1.93544445589338E+00
 cg2d: Sum(rhs),rhsMax =   6.25277607468888E-13  1.93552499703348E+00
 cg2d: Sum(rhs),rhsMax =   3.83693077310454E-13  1.93560499385334E+00
 Calling cg2d from S/R CG2D_MAD
 cg2d: Sum(rhs),rhsMax =  -2.66453525910038E-14  2.65864428117905E-09
 Calling cg2d from S/R CG2D_MAD
 cg2d: Sum(rhs),rhsMax =   1.17239551400417E-13  2.73792932564659E-09
 Calling cg2d from S/R CG2D_MAD
 cg2d: Sum(rhs),rhsMax =   2.84217094304040E-14  2.86538755792986E-09
 Calling cg2d from S/R CG2D_MAD
 cg2d: Sum(rhs),rhsMax =  -1.42108547152020E-14  3.04433065173721E-09
 Calling cg2d from S/R CG2D_MAD
 cg2d: Sum(rhs),rhsMax =   7.10542735760100E-15  3.21261627273477E-09
 Calling cg2d from S/R CG2D_MAD
 cg2d: Sum(rhs),rhsMax =  -3.55271367880050E-15  3.36984218525915E-09
 Calling cg2d from S/R CG2D_MAD
 cg2d: Sum(rhs),rhsMax =   1.17239551400417E-13  3.51653331485217E-09
 Calling cg2d from S/R CG2D_MAD
 cg2d: Sum(rhs),rhsMax =   3.19744231092045E-14  3.65100631511228E-09
 Calling cg2d from S/R CG2D_MAD
 cg2d: Sum(rhs),rhsMax =   6.03961325396085E-14  3.77267707034537E-09
 Calling cg2d from S/R CG2D_MAD
 cg2d: Sum(rhs),rhsMax =  -6.75015598972095E-14  3.88262963371634E-09
 Calling cg2d from S/R CG2D_MAD
 cg2d: Sum(rhs),rhsMax =   4.26325641456060E-14  3.98159267013718E-09
 Calling cg2d from S/R CG2D_MAD
 cg2d: Sum(rhs),rhsMax =  -7.10542735760100E-14  4.06936622920291E-09
 Calling cg2d from S/R CG2D_MAD
 cg2d: Sum(rhs),rhsMax =  -1.49213974509621E-13  4.14556278756798E-09
 Calling cg2d from S/R CG2D_MAD
 cg2d: Sum(rhs),rhsMax =  -4.26325641456060E-14  4.21010809522036E-09
 Calling cg2d from S/R CG2D_MAD
 cg2d: Sum(rhs),rhsMax =  -1.42108547152020E-14  4.26319228037975E-09
 Calling cg2d from S/R CG2D_MAD
 cg2d: Sum(rhs),rhsMax =  -4.26325641456060E-14  4.30507385306963E-09
 Calling cg2d from S/R CG2D_MAD
 cg2d: Sum(rhs),rhsMax =  -2.13162820728030E-14  4.33598138491066E-09
 Calling cg2d from S/R CG2D_MAD
 cg2d: Sum(rhs),rhsMax =  -3.55271367880050E-14  4.35610634768351E-09
 Calling cg2d from S/R CG2D_MAD
 cg2d: Sum(rhs),rhsMax =  -8.52651282912120E-14  4.36562083859151E-09
 Calling cg2d from S/R CG2D_MAD
 cg2d: Sum(rhs),rhsMax =   7.10542735760100E-14  4.36468868672358E-09
 Calling cg2d from S/R CG2D_MAD
 cg2d: Sum(rhs),rhsMax =   1.42108547152020E-14  4.35346828851220E-09
 Calling cg2d from S/R CG2D_MAD
 cg2d: Sum(rhs),rhsMax =   7.10542735760100E-15  4.33211273153947E-09
 Calling cg2d from S/R CG2D_MAD
 cg2d: Sum(rhs),rhsMax =   2.84217094304040E-14  4.30077047822465E-09
 Calling cg2d from S/R CG2D_MAD
 cg2d: Sum(rhs),rhsMax =   3.55271367880050E-14  4.25958735903131E-09
 Calling cg2d from S/R CG2D_MAD
 cg2d: Sum(rhs),rhsMax =   0.00000000000000E+00  4.20870967252301E-09
 Calling cg2d from S/R CG2D_MAD
 cg2d: Sum(rhs),rhsMax =  -1.42108547152020E-14  4.14828805008573E-09
 Calling cg2d from S/R CG2D_MAD
 cg2d: Sum(rhs),rhsMax =  -4.97379915032070E-14  4.07848177535065E-09
 Calling cg2d from S/R CG2D_MAD
 cg2d: Sum(rhs),rhsMax =  -1.06581410364015E-14  3.99946326894104E-09
 Calling cg2d from S/R CG2D_MAD
 cg2d: Sum(rhs),rhsMax =  -7.10542735760100E-15  3.91142246419217E-09
 Calling cg2d from S/R CG2D_MAD
 cg2d: Sum(rhs),rhsMax =   4.61852778244065E-14  3.81457083361763E-09
 Calling cg2d from S/R CG2D_MAD
 cg2d: Sum(rhs),rhsMax =   7.10542735760100E-14  3.70914488211089E-09
 Calling cg2d from S/R CG2D_MAD
 cg2d: Sum(rhs),rhsMax =  -3.19744231092045E-14  3.59540898850529E-09
 Calling cg2d from S/R CG2D_MAD
 cg2d: Sum(rhs),rhsMax =   4.61852778244065E-14  3.47365753565742E-09
 Calling cg2d from S/R CG2D_MAD
 cg2d: Sum(rhs),rhsMax =   6.39488462184090E-14  3.34421630907282E-09
 Calling cg2d from S/R CG2D_MAD
 cg2d: Sum(rhs),rhsMax =   1.10134124042816E-13  3.20744316299483E-09
 Calling cg2d from S/R CG2D_MAD
 cg2d: Sum(rhs),rhsMax =   8.52651282912120E-14  3.06372795724506E-09
 Calling cg2d from S/R CG2D_MAD
 cg2d: Sum(rhs),rhsMax =   6.75015598972095E-14  2.91349176884313E-09
 Calling cg2d from S/R CG2D_MAD
 cg2d: Sum(rhs),rhsMax =  -1.77635683940025E-14  2.75718538939901E-09
 Calling cg2d from S/R CG2D_MAD
 cg2d: Sum(rhs),rhsMax =   1.13686837721616E-13  2.59528713735621E-09
 Calling cg2d from S/R CG2D_MAD
 cg2d: Sum(rhs),rhsMax =   1.59872115546023E-14  2.63774469407321E-09
 Calling cg2d from S/R CG2D_MAD
 cg2d: Sum(rhs),rhsMax =   5.86197757002083E-14  2.73321231905786E-09
 Calling cg2d from S/R CG2D_MAD
 cg2d: Sum(rhs),rhsMax =  -1.10134124042816E-13  2.81105134886785E-09
 Calling cg2d from S/R CG2D_MAD
 cg2d: Sum(rhs),rhsMax =   9.99200722162641E-14  2.87087806474527E-09
 Calling cg2d from S/R CG2D_MAD
 cg2d: Sum(rhs),rhsMax =   1.26995636229310E-13  2.91243112674005E-09
 Calling cg2d from S/R CG2D_MAD
 cg2d: Sum(rhs),rhsMax =  -9.94759830064140E-14  2.93557022395794E-09
 Calling cg2d from S/R CG2D_MAD
 cg2d: Sum(rhs),rhsMax =  -1.55431223447522E-13  2.94027408990633E-09
 Calling cg2d from S/R CG2D_MAD
 cg2d: Sum(rhs),rhsMax =  -1.15463194561016E-14  2.92663798078743E-09
 Calling cg2d from S/R CG2D_MAD
 cg2d: Sum(rhs),rhsMax =   1.95399252334028E-14  2.89487070568378E-09
 Calling cg2d from S/R CG2D_MAD
 cg2d: Sum(rhs),rhsMax =  -1.77635683940025E-14  2.84529128616578E-09
 Calling cg2d from S/R CG2D_MAD
 cg2d: Sum(rhs),rhsMax =   1.24344978758018E-14  2.77832530914989E-09
 Calling cg2d from S/R CG2D_MAD
 cg2d: Sum(rhs),rhsMax =  -8.52651282912120E-14  2.69450102149496E-09
 Calling cg2d from S/R CG2D_MAD
 cg2d: Sum(rhs),rhsMax =   2.13162820728030E-14  2.59444489498871E-09
 Calling cg2d from S/R CG2D_MAD
 cg2d: Sum(rhs),rhsMax =  -7.10542735760100E-15  2.47887820625476E-09
 Calling cg2d from S/R CG2D_MAD
 cg2d: Sum(rhs),rhsMax =   1.45661260830821E-13  2.34861195105482E-09
 Calling cg2d from S/R CG2D_MAD
 cg2d: Sum(rhs),rhsMax =  -1.42108547152020E-14  2.20454143282464E-09
 Calling cg2d from S/R CG2D_MAD
 cg2d: Sum(rhs),rhsMax =  -9.23705556488130E-14  2.08009226174986E-09
 Calling cg2d from S/R CG2D_MAD
 cg2d: Sum(rhs),rhsMax =   0.00000000000000E+00  2.21709406108100E-09
 Calling cg2d from S/R CG2D_MAD
 cg2d: Sum(rhs),rhsMax =   3.19744231092045E-14  2.34861995758177E-09
 Calling cg2d from S/R CG2D_MAD
 cg2d: Sum(rhs),rhsMax =  -2.84217094304040E-14  2.47418003031134E-09
 Calling cg2d from S/R CG2D_MAD
 cg2d: Sum(rhs),rhsMax =  -6.39488462184090E-14  2.59331212919973E-09
 Calling cg2d from S/R CG2D_MAD
 cg2d: Sum(rhs),rhsMax =   3.90798504668055E-14  2.70558630072831E-09
 Calling cg2d from S/R CG2D_MAD
 cg2d: Sum(rhs),rhsMax =   1.77635683940025E-14  2.81060889211827E-09
 Calling cg2d from S/R CG2D_MAD
 cg2d: Sum(rhs),rhsMax =  -3.55271367880050E-15  2.90802627281265E-09
 Calling cg2d from S/R CG2D_MAD
 cg2d: Sum(rhs),rhsMax =  -9.23705556488130E-14  2.99752808362380E-09
 Calling cg2d from S/R CG2D_MAD
 cg2d: Sum(rhs),rhsMax =  -1.06581410364015E-14  3.07884991941055E-09
 Calling cg2d from S/R CG2D_MAD
 cg2d: Sum(rhs),rhsMax =   2.48689957516035E-14  3.15177536858000E-09
 Calling cg2d from S/R CG2D_MAD
 cg2d: Sum(rhs),rhsMax =  -1.42108547152020E-14  3.21613735620039E-09
 Calling cg2d from S/R CG2D_MAD
 cg2d: Sum(rhs),rhsMax =   2.48689957516035E-14  3.27181877005169E-09
 Calling cg2d from S/R CG2D_MAD
 cg2d: Sum(rhs),rhsMax =   7.10542735760100E-14  3.31875232745997E-09
 Calling cg2d from S/R CG2D_MAD
 cg2d: Sum(rhs),rhsMax =   5.68434188608080E-14  3.35691967605095E-09
 Calling cg2d from S/R CG2D_MAD
 cg2d: Sum(rhs),rhsMax =   3.90798504668055E-14  3.38634979632580E-09
 Calling cg2d from S/R CG2D_MAD
 cg2d: Sum(rhs),rhsMax =  -2.13162820728030E-13  3.40711676581763E-09
 cg2d: Sum(rhs),rhsMax =   9.09494701772928E-13  1.94369797481884E+00
 cg2d: Sum(rhs),rhsMax =   5.82645043323282E-13  1.94341860406343E+00
 cg2d: Sum(rhs),rhsMax =   7.95807864051312E-13  1.94313877360991E+00
 cg2d: Sum(rhs),rhsMax =   7.53175299905706E-13  1.94285848529712E+00
 cg2d: Sum(rhs),rhsMax =   6.53699316899292E-13  1.94257774096040E+00
 cg2d: Sum(rhs),rhsMax =   7.38964445190504E-13  1.94229654243137E+00
 cg2d: Sum(rhs),rhsMax =   8.81072992342524E-13  1.94201489153768E+00
 cg2d: Sum(rhs),rhsMax =   7.24753590475302E-13  1.94173279010287E+00
 cg2d: Sum(rhs),rhsMax =   6.67910171614494E-13  1.94145023994629E+00
 cg2d: Sum(rhs),rhsMax =   8.81072992342524E-13  1.94116724288296E+00
 cg2d: Sum(rhs),rhsMax =   1.42108547152020E-14  1.94088380072361E+00
 cg2d: Sum(rhs),rhsMax =   8.95283847057726E-13  1.94059991527469E+00
 cg2d: Sum(rhs),rhsMax =   7.10542735760100E-13  1.94031558833834E+00
 cg2d: Sum(rhs),rhsMax =   4.97379915032070E-13  1.94003082171255E+00
 cg2d: Sum(rhs),rhsMax =   6.11066752753686E-13  1.93974561719131E+00
 cg2d: Sum(rhs),rhsMax =   5.96855898038484E-13  1.93945997656475E+00
 cg2d: Sum(rhs),rhsMax =   6.53699316899292E-13  1.93917390161931E+00
 cg2d: Sum(rhs),rhsMax =   7.53175299905706E-13  1.93888739413803E+00
 cg2d: Sum(rhs),rhsMax =   8.10018718766514E-13  1.93860045590081E+00
 cg2d: Sum(rhs),rhsMax =   4.12114786740858E-13  1.93831308868469E+00
 cg2d: Sum(rhs),rhsMax =   6.96331881044898E-13  1.93802529426420E+00
 cg2d: Sum(rhs),rhsMax =   5.25801624462474E-13  1.93773707441167E+00
 cg2d: Sum(rhs),rhsMax =   3.55271367880050E-13  1.93744843089765E+00
 cg2d: Sum(rhs),rhsMax =   5.40012479177676E-13  1.93715936549131E+00
 cg2d: Sum(rhs),rhsMax =   9.66338120633736E-13  1.93686987996079E+00
 cg2d: Sum(rhs),rhsMax =   5.54223333892878E-13  1.93657997607369E+00
 cg2d: Sum(rhs),rhsMax =   1.02318153949454E-12  1.93628965559743E+00
 cg2d: Sum(rhs),rhsMax =   5.96855898038484E-13  1.93599892029981E+00
 cg2d: Sum(rhs),rhsMax =  -4.26325641456060E-14  1.93570777194933E+00
 cg2d: Sum(rhs),rhsMax =   3.83693077310454E-13  1.93541621231575E+00
 cg2d: Sum(rhs),rhsMax =   7.95807864051312E-13  1.93512424317045E+00
 cg2d: Sum(rhs),rhsMax =   2.84217094304040E-13  1.93483186628695E+00
 cg2d: Sum(rhs),rhsMax =   4.54747350886464E-13  1.93453908344132E+00
 cg2d: Sum(rhs),rhsMax =   6.25277607468888E-13  1.93424589641266E+00
 cg2d: Sum(rhs),rhsMax =   7.10542735760100E-13  1.93395230698345E+00
 cg2d: Sum(rhs),rhsMax =   9.37916411203332E-13  1.93365831694005E+00
 cg2d: Sum(rhs),rhsMax =   1.05160324892495E-12  1.93336392807306E+00
 cg2d: Sum(rhs),rhsMax =   9.80548975348938E-13  1.93306914217767E+00
 cg2d: Sum(rhs),rhsMax =   7.38964445190504E-13  1.93277396105408E+00
 cg2d: Sum(rhs),rhsMax =   4.68958205601666E-13  1.93247838650781E+00
 cg2d: Sum(rhs),rhsMax =   7.95807864051312E-13  1.93218242035007E+00
 cg2d: Sum(rhs),rhsMax =   2.13162820728030E-13  1.93188606439799E+00
 cg2d: Sum(rhs),rhsMax =   7.24753590475302E-13  1.93158932047489E+00
 cg2d: Sum(rhs),rhsMax =   8.10018718766514E-13  1.93129219041061E+00
 cg2d: Sum(rhs),rhsMax =   1.10844666778576E-12  1.93099467604166E+00
 cg2d: Sum(rhs),rhsMax =   9.52127265918534E-13  1.93069677921139E+00
 cg2d: Sum(rhs),rhsMax =   3.83693077310454E-13  1.93039850177019E+00
 cg2d: Sum(rhs),rhsMax =   1.02318153949454E-12  1.93009984557559E+00
 cg2d: Sum(rhs),rhsMax =   5.82645043323282E-13  1.92980081249243E+00
 cg2d: Sum(rhs),rhsMax =   8.95283847057726E-13  1.92950140439279E+00
 cg2d: Sum(rhs),rhsMax =   7.10542735760100E-13  1.92920162315618E+00
 cg2d: Sum(rhs),rhsMax =   3.97903932025656E-13  1.92890147066939E+00
 cg2d: Sum(rhs),rhsMax =   7.67386154620908E-13  1.92860094882665E+00
 cg2d: Sum(rhs),rhsMax =   7.10542735760100E-13  1.92830005952937E+00
 cg2d: Sum(rhs),rhsMax =   1.56319401867222E-13  1.92799880468621E+00
 cg2d: Sum(rhs),rhsMax =   4.68958205601666E-13  1.92769718621293E+00
 cg2d: Sum(rhs),rhsMax =   7.38964445190504E-13  1.92739520603222E+00
 cg2d: Sum(rhs),rhsMax =   3.26849658449646E-13  1.92709286607353E+00
 cg2d: Sum(rhs),rhsMax =   5.96855898038484E-13  1.92687610072743E+00
 cg2d: Sum(rhs),rhsMax =   4.40536496171262E-13  1.92700113295450E+00
 cg2d: Sum(rhs),rhsMax =   8.38440428196918E-13  1.92712564430495E+00
 cg2d: Sum(rhs),rhsMax =   9.09494701772928E-13  1.92724963435591E+00
 cg2d: Sum(rhs),rhsMax =   7.24753590475302E-13  1.92737310268716E+00
 cg2d: Sum(rhs),rhsMax =   5.11590769747272E-13  1.92749604888053E+00
 cg2d: Sum(rhs),rhsMax =   8.81072992342524E-13  1.92761847251958E+00
 cg2d: Sum(rhs),rhsMax =   4.26325641456060E-13  1.92774037318898E+00
 cg2d: Sum(rhs),rhsMax =   4.83169060316868E-13  1.92786175047422E+00
 cg2d: Sum(rhs),rhsMax =   5.82645043323282E-13  1.92798260396111E+00
 cg2d: Sum(rhs),rhsMax =   4.40536496171262E-13  1.92810293323547E+00
 cg2d: Sum(rhs),rhsMax =   7.53175299905706E-13  1.92822273788274E+00
 cg2d: Sum(rhs),rhsMax =   2.98427949019242E-13  1.92834201748786E+00
 cg2d: Sum(rhs),rhsMax =   9.09494701772928E-13  1.92846077163464E+00
 Calling cg2d from S/R CG2D_MAD
 cg2d: Sum(rhs),rhsMax =   3.55271367880050E-14  3.41933689714185E-09
 Calling cg2d from S/R CG2D_MAD
 cg2d: Sum(rhs),rhsMax =  -4.97379915032070E-14  3.42316527996517E-09
 Calling cg2d from S/R CG2D_MAD
 cg2d: Sum(rhs),rhsMax =  -1.06581410364015E-14  3.41879182087876E-09
 Calling cg2d from S/R CG2D_MAD
 cg2d: Sum(rhs),rhsMax =  -1.42108547152020E-14  3.40643690961953E-09
 Calling cg2d from S/R CG2D_MAD
 cg2d: Sum(rhs),rhsMax =   2.48689957516035E-14  3.38634683065801E-09
 Calling cg2d from S/R CG2D_MAD
 cg2d: Sum(rhs),rhsMax =   0.00000000000000E+00  3.35878902179568E-09
 Calling cg2d from S/R CG2D_MAD
 cg2d: Sum(rhs),rhsMax =  -3.55271367880050E-15  3.32404727952194E-09
 Calling cg2d from S/R CG2D_MAD
 cg2d: Sum(rhs),rhsMax =   5.32907051820075E-14  3.28241701892060E-09
 Calling cg2d from S/R CG2D_MAD
 cg2d: Sum(rhs),rhsMax =  -1.06581410364015E-14  3.23420070058880E-09
 Calling cg2d from S/R CG2D_MAD
 cg2d: Sum(rhs),rhsMax =   7.81597009336110E-14  3.17970353314585E-09
 Calling cg2d from S/R CG2D_MAD
 cg2d: Sum(rhs),rhsMax =   1.77635683940025E-14  3.11922954972889E-09
 Calling cg2d from S/R CG2D_MAD
 cg2d: Sum(rhs),rhsMax =   8.17124146124115E-14  3.05307814378219E-09
 Calling cg2d from S/R CG2D_MAD
 cg2d: Sum(rhs),rhsMax =   1.06581410364015E-13  2.98154113505233E-09
 Calling cg2d from S/R CG2D_MAD
 cg2d: Sum(rhs),rhsMax =   5.68434188608080E-14  2.90490042121649E-09
 Calling cg2d from S/R CG2D_MAD
 cg2d: Sum(rhs),rhsMax =   8.52651282912120E-14  2.82342625392732E-09
 Calling cg2d from S/R CG2D_MAD
 cg2d: Sum(rhs),rhsMax =  -1.27897692436818E-13  2.73737616046872E-09
 Calling cg2d from S/R CG2D_MAD
 cg2d: Sum(rhs),rhsMax =  -6.75015598972095E-14  2.64699451416773E-09
 Calling cg2d from S/R CG2D_MAD
 cg2d: Sum(rhs),rhsMax =  -7.10542735760100E-14  2.55251273874183E-09
 Calling cg2d from S/R CG2D_MAD
 cg2d: Sum(rhs),rhsMax =   3.19744231092045E-14  2.45415011443788E-09
 Calling cg2d from S/R CG2D_MAD
 cg2d: Sum(rhs),rhsMax =   1.77635683940025E-14  2.35211513762848E-09
 Calling cg2d from S/R CG2D_MAD
 cg2d: Sum(rhs),rhsMax =   7.10542735760100E-15  2.24660737090262E-09
 Calling cg2d from S/R CG2D_MAD
 cg2d: Sum(rhs),rhsMax =  -4.61852778244065E-14  2.13781970802332E-09
 Calling cg2d from S/R CG2D_MAD
 cg2d: Sum(rhs),rhsMax =  -1.42108547152020E-14  2.02594096773183E-09
 Calling cg2d from S/R CG2D_MAD
 cg2d: Sum(rhs),rhsMax =  -3.55271367880050E-15  1.91115872250766E-09
 Calling cg2d from S/R CG2D_MAD
 cg2d: Sum(rhs),rhsMax =   9.94759830064140E-14  1.79366226325430E-09
 Calling cg2d from S/R CG2D_MAD
 cg2d: Sum(rhs),rhsMax =   8.70414851306123E-14  1.67364559853503E-09
 Calling cg2d from S/R CG2D_MAD
 cg2d: Sum(rhs),rhsMax =  -3.10862446895044E-14  1.57089338689254E-09
 Calling cg2d from S/R CG2D_MAD
 cg2d: Sum(rhs),rhsMax =  -1.50990331349021E-14  1.63425055891268E-09
 Calling cg2d from S/R CG2D_MAD
 cg2d: Sum(rhs),rhsMax =   3.39728245535298E-14  1.72358212554946E-09
 Calling cg2d from S/R CG2D_MAD
 cg2d: Sum(rhs),rhsMax =   1.28785870856518E-13  1.80092283953059E-09
 Calling cg2d from S/R CG2D_MAD
 cg2d: Sum(rhs),rhsMax =  -1.27897692436818E-13  1.86582234014823E-09
 Calling cg2d from S/R CG2D_MAD
 cg2d: Sum(rhs),rhsMax =  -3.55271367880050E-15  1.91792603534892E-09
 Calling cg2d from S/R CG2D_MAD
 cg2d: Sum(rhs),rhsMax =  -1.42108547152020E-14  1.95697736591640E-09
 Calling cg2d from S/R CG2D_MAD
 cg2d: Sum(rhs),rhsMax =   5.32907051820075E-14  1.98281910539485E-09
 Calling cg2d from S/R CG2D_MAD
 cg2d: Sum(rhs),rhsMax =  -8.17124146124115E-14  1.99539369504979E-09
 Calling cg2d from S/R CG2D_MAD
 cg2d: Sum(rhs),rhsMax =  -7.10542735760100E-15  1.99474262698155E-09
 Calling cg2d from S/R CG2D_MAD
 cg2d: Sum(rhs),rhsMax =   1.42108547152020E-14  1.98100490171216E-09
 Calling cg2d from S/R CG2D_MAD
 cg2d: Sum(rhs),rhsMax =  -5.68434188608080E-14  1.95441459890569E-09
 Calling cg2d from S/R CG2D_MAD
 cg2d: Sum(rhs),rhsMax =  -4.97379915032070E-14  1.91529761113590E-09
 Calling cg2d from S/R CG2D_MAD
 cg2d: Sum(rhs),rhsMax =  -4.97379915032070E-14  1.86406760058055E-09
 Calling cg2d from S/R CG2D_MAD
 cg2d: Sum(rhs),rhsMax =   7.10542735760100E-15  1.80122124704678E-09
 Calling cg2d from S/R CG2D_MAD
 cg2d: Sum(rhs),rhsMax =  -2.13162820728030E-14  1.72733286269355E-09
 Calling cg2d from S/R CG2D_MAD
 cg2d: Sum(rhs),rhsMax =  -1.42108547152020E-14  1.70123599923701E-09
 Calling cg2d from S/R CG2D_MAD
 cg2d: Sum(rhs),rhsMax =   8.52651282912120E-14  1.84624212713829E-09
 Calling cg2d from S/R CG2D_MAD
 cg2d: Sum(rhs),rhsMax =  -2.84217094304040E-14  1.98692344306760E-09
 Calling cg2d from S/R CG2D_MAD
 cg2d: Sum(rhs),rhsMax =   1.42108547152020E-14  2.12292401289124E-09
 Calling cg2d from S/R CG2D_MAD
 cg2d: Sum(rhs),rhsMax =   7.10542735760100E-15  2.25390422028540E-09
 Calling cg2d from S/R CG2D_MAD
 cg2d: Sum(rhs),rhsMax =   7.10542735760100E-14  2.37953985877274E-09
 Calling cg2d from S/R CG2D_MAD
 cg2d: Sum(rhs),rhsMax =   4.26325641456060E-14  2.49952133049078E-09
 Calling cg2d from S/R CG2D_MAD
 cg2d: Sum(rhs),rhsMax =   8.52651282912120E-14  2.61355300275272E-09
 Calling cg2d from S/R CG2D_MAD
 cg2d: Sum(rhs),rhsMax =  -1.42108547152020E-14  2.72135276442277E-09
 Calling cg2d from S/R CG2D_MAD
 cg2d: Sum(rhs),rhsMax =  -7.81597009336110E-14  2.82265181396288E-09
 Calling cg2d from S/R CG2D_MAD
 cg2d: Sum(rhs),rhsMax =   7.10542735760100E-15  2.91719470011250E-09
 Calling cg2d from S/R CG2D_MAD
 cg2d: Sum(rhs),rhsMax =   5.68434188608080E-14  3.00473962484114E-09
 Calling cg2d from S/R CG2D_MAD
 cg2d: Sum(rhs),rhsMax =  -2.84217094304040E-14  3.08505900687224E-09
 Calling cg2d from S/R CG2D_MAD
 cg2d: Sum(rhs),rhsMax =   7.10542735760100E-15  3.15794029303806E-09
 Calling cg2d from S/R CG2D_MAD
 cg2d: Sum(rhs),rhsMax =   7.10542735760100E-15  3.22318699437119E-09
 Calling cg2d from S/R CG2D_MAD
 cg2d: Sum(rhs),rhsMax =  -1.10134124042816E-13  3.28061991446492E-09
 Calling cg2d from S/R CG2D_MAD
 cg2d: Sum(rhs),rhsMax =   1.77635683940025E-14  3.33007852955988E-09
 Calling cg2d from S/R CG2D_MAD
 cg2d: Sum(rhs),rhsMax =   7.10542735760100E-14  3.37142247326312E-09
 Calling cg2d from S/R CG2D_MAD
 cg2d: Sum(rhs),rhsMax =  -3.55271367880050E-15  3.40453307400401E-09
 Calling cg2d from S/R CG2D_MAD
 cg2d: Sum(rhs),rhsMax =  -7.10542735760100E-15  3.42931489039791E-09
 Calling cg2d from S/R CG2D_MAD
 cg2d: Sum(rhs),rhsMax =  -3.55271367880050E-15  3.44569718872473E-09
 Calling cg2d from S/R CG2D_MAD
 cg2d: Sum(rhs),rhsMax =  -3.90798504668055E-14  3.45363530773800E-09
 Calling cg2d from S/R CG2D_MAD
 cg2d: Sum(rhs),rhsMax =   1.06581410364015E-14  3.45311185896036E-09
 Calling cg2d from S/R CG2D_MAD
 cg2d: Sum(rhs),rhsMax =  -8.88178419700125E-15  3.44413771537233E-09
 Calling cg2d from S/R CG2D_MAD
 cg2d: Sum(rhs),rhsMax =  -2.48689957516035E-14  3.42675274779463E-09
 Calling cg2d from S/R CG2D_MAD
 cg2d: Sum(rhs),rhsMax =   2.84217094304040E-14  3.40102627606462E-09
 Calling cg2d from S/R CG2D_MAD
 cg2d: Sum(rhs),rhsMax =  -4.08562073062058E-14  3.36705721102519E-09
 Calling cg2d from S/R CG2D_MAD
 cg2d: Sum(rhs),rhsMax =   0.00000000000000E+00  3.32497387309077E-09
 Calling cg2d from S/R CG2D_MAD
 cg2d: Sum(rhs),rhsMax =  -3.19744231092045E-14  3.27493348333475E-09
 Calling cg2d from S/R CG2D_MAD
 cg2d: Sum(rhs),rhsMax =  -8.03801469828613E-14  3.21712133335045E-09
 cg2d: Sum(rhs),rhsMax =   7.24753590475302E-13  1.96248966133242E+00
 cg2d: Sum(rhs),rhsMax =   1.08002495835535E-12  1.96224792095346E+00
 cg2d: Sum(rhs),rhsMax =   7.67386154620908E-13  1.96200560321962E+00
 cg2d: Sum(rhs),rhsMax =   1.00897068477934E-12  1.96176270961842E+00
 cg2d: Sum(rhs),rhsMax =   3.69482222595252E-13  1.96151924162961E+00
 cg2d: Sum(rhs),rhsMax =   1.13686837721616E-12  1.96127520072553E+00
 cg2d: Sum(rhs),rhsMax =   5.40012479177676E-13  1.96103058837147E+00
 cg2d: Sum(rhs),rhsMax =   5.25801624462474E-13  1.96078540602631E+00
 cg2d: Sum(rhs),rhsMax =   5.82645043323282E-13  1.96053965514300E+00
 cg2d: Sum(rhs),rhsMax =   3.41060513164848E-13  1.96029333716912E+00
 cg2d: Sum(rhs),rhsMax =   7.24753590475302E-13  1.96004645354762E+00
 cg2d: Sum(rhs),rhsMax =   7.10542735760100E-13  1.95979900571744E+00
 cg2d: Sum(rhs),rhsMax =   1.36424205265939E-12  1.95955099511424E+00
 cg2d: Sum(rhs),rhsMax =   8.52651282912120E-13  1.95930242317123E+00
 cg2d: Sum(rhs),rhsMax =   8.24229573481716E-13  1.95905329131984E+00
 cg2d: Sum(rhs),rhsMax =   6.53699316899292E-13  1.95880360099056E+00
 cg2d: Sum(rhs),rhsMax =   4.54747350886464E-13  1.95855335361380E+00
 cg2d: Sum(rhs),rhsMax =   3.69482222595252E-13  1.95830255062066E+00
 cg2d: Sum(rhs),rhsMax =   5.82645043323282E-13  1.95805119344379E+00
 cg2d: Sum(rhs),rhsMax =   7.10542735760100E-13  1.95779928351826E+00
 cg2d: Sum(rhs),rhsMax =   7.67386154620908E-13  1.95754682228241E+00
 cg2d: Sum(rhs),rhsMax =   3.41060513164848E-13  1.95729381117865E+00
 cg2d: Sum(rhs),rhsMax =   7.67386154620908E-13  1.95704025165433E+00
 cg2d: Sum(rhs),rhsMax =   4.40536496171262E-13  1.95678614516253E+00
 cg2d: Sum(rhs),rhsMax =   4.12114786740858E-13  1.95653149316289E+00
 cg2d: Sum(rhs),rhsMax =   6.25277607468888E-13  1.95627629712234E+00
 cg2d: Sum(rhs),rhsMax =   3.26849658449646E-13  1.95602055851583E+00
 cg2d: Sum(rhs),rhsMax =   3.26849658449646E-13  1.95576427882672E+00
 cg2d: Sum(rhs),rhsMax =   4.97379915032070E-13  1.95550745954742E+00
 cg2d: Sum(rhs),rhsMax =   4.40536496171262E-13  1.95525010218045E+00
 cg2d: Sum(rhs),rhsMax =   6.25277607468888E-13  1.95499220823937E+00
 cg2d: Sum(rhs),rhsMax =   9.09494701772928E-13  1.95473377924937E+00
 cg2d: Sum(rhs),rhsMax =   5.54223333892878E-13  1.95447481674723E+00
 cg2d: Sum(rhs),rhsMax =   7.38964445190504E-13  1.95421532228136E+00
 cg2d: Sum(rhs),rhsMax =   5.68434188608080E-13  1.95395529741213E+00
 cg2d: Sum(rhs),rhsMax =   1.20792265079217E-12  1.95369474371237E+00
 cg2d: Sum(rhs),rhsMax =   6.67910171614494E-13  1.95343366276768E+00
 cg2d: Sum(rhs),rhsMax =   4.54747350886464E-13  1.95317205617682E+00
 cg2d: Sum(rhs),rhsMax =   5.54223333892878E-13  1.95290992555179E+00
 cg2d: Sum(rhs),rhsMax =   7.10542735760100E-13  1.95264727251788E+00
 cg2d: Sum(rhs),rhsMax =   5.25801624462474E-13  1.95238409871382E+00
 cg2d: Sum(rhs),rhsMax =   9.94759830064140E-14  1.95212040579161E+00
 cg2d: Sum(rhs),rhsMax =   6.11066752753686E-13  1.95185619541651E+00
 cg2d: Sum(rhs),rhsMax =   3.41060513164848E-13  1.95159146926691E+00
 cg2d: Sum(rhs),rhsMax =   7.67386154620908E-13  1.95132622903414E+00
 cg2d: Sum(rhs),rhsMax =   9.94759830064140E-14  1.95106047642222E+00
 cg2d: Sum(rhs),rhsMax =   3.97903932025656E-13  1.95079421314756E+00
 cg2d: Sum(rhs),rhsMax =   8.24229573481716E-13  1.95052744093867E+00
 cg2d: Sum(rhs),rhsMax =   8.38440428196918E-13  1.95026016153578E+00
 cg2d: Sum(rhs),rhsMax =   6.25277607468888E-13  1.94999237669033E+00
 cg2d: Sum(rhs),rhsMax =   4.12114786740858E-13  1.94972408816461E+00
 cg2d: Sum(rhs),rhsMax =   6.25277607468888E-13  1.94945529773121E+00
 cg2d: Sum(rhs),rhsMax =   8.66862137627322E-13  1.94918600717248E+00
 cg2d: Sum(rhs),rhsMax =   7.38964445190504E-13  1.94891621827997E+00
 cg2d: Sum(rhs),rhsMax =   6.96331881044898E-13  1.94864593285385E+00
 cg2d: Sum(rhs),rhsMax =   4.83169060316868E-13  1.94837515270227E+00
 cg2d: Sum(rhs),rhsMax =   7.24753590475302E-13  1.94810387964077E+00
 cg2d: Sum(rhs),rhsMax =   6.53699316899292E-13  1.94783211549159E+00
 cg2d: Sum(rhs),rhsMax =   3.97903932025656E-13  1.94755986208303E+00
 cg2d: Sum(rhs),rhsMax =   6.11066752753686E-13  1.94728712124878E+00
 cg2d: Sum(rhs),rhsMax =   1.09423581307055E-12  1.94701389482735E+00
 cg2d: Sum(rhs),rhsMax =   1.23634436022257E-12  1.94674018466117E+00
 cg2d: Sum(rhs),rhsMax =   8.24229573481716E-13  1.94646599259623E+00
 cg2d: Sum(rhs),rhsMax =   5.68434188608080E-13  1.94619132048125E+00
 cg2d: Sum(rhs),rhsMax =   7.67386154620908E-13  1.94591617016705E+00
 cg2d: Sum(rhs),rhsMax =   4.97379915032070E-13  1.94564054350604E+00
 cg2d: Sum(rhs),rhsMax =   6.96331881044898E-13  1.94536444235150E+00
 cg2d: Sum(rhs),rhsMax =   1.10844666778576E-12  1.94508786855703E+00
 cg2d: Sum(rhs),rhsMax =   3.83693077310454E-13  1.94481082397608E+00
 cg2d: Sum(rhs),rhsMax =   1.42108547152020E-14  1.94453331046125E+00
 cg2d: Sum(rhs),rhsMax =   7.24753590475302E-13  1.94425532986402E+00
 cg2d: Sum(rhs),rhsMax =   6.96331881044898E-13  1.94397688403403E+00
 Calling cg2d from S/R CG2D_MAD
 cg2d: Sum(rhs),rhsMax =  -2.06501482580279E-14  3.15174965015161E-09
 Calling cg2d from S/R CG2D_MAD
 cg2d: Sum(rhs),rhsMax =  -6.35047570085590E-14  3.07905618178964E-09
 Calling cg2d from S/R CG2D_MAD
 cg2d: Sum(rhs),rhsMax =   3.01980662698043E-14  2.99930253780101E-09
 Calling cg2d from S/R CG2D_MAD
 cg2d: Sum(rhs),rhsMax =   5.24025267623074E-14  2.91277232579394E-09
 Calling cg2d from S/R CG2D_MAD
 cg2d: Sum(rhs),rhsMax =   8.70414851306123E-14  2.81976913116351E-09
 Calling cg2d from S/R CG2D_MAD
 cg2d: Sum(rhs),rhsMax =  -5.50670620214078E-14  2.72061439089438E-09
 Calling cg2d from S/R CG2D_MAD
 cg2d: Sum(rhs),rhsMax =  -4.44089209850063E-14  2.61564521455485E-09
 Calling cg2d from S/R CG2D_MAD
 cg2d: Sum(rhs),rhsMax =  -4.61852778244065E-14  2.50521220580247E-09
 Calling cg2d from S/R CG2D_MAD
 cg2d: Sum(rhs),rhsMax =   2.48689957516035E-14  2.38967733604880E-09
 Calling cg2d from S/R CG2D_MAD
 cg2d: Sum(rhs),rhsMax =   7.10542735760100E-14  2.26941191841187E-09
 Calling cg2d from S/R CG2D_MAD
 cg2d: Sum(rhs),rhsMax =   4.26325641456060E-14  2.14479472487825E-09
 Calling cg2d from S/R CG2D_MAD
 cg2d: Sum(rhs),rhsMax =   5.68434188608080E-14  2.01621028288590E-09
 Calling cg2d from S/R CG2D_MAD
 cg2d: Sum(rhs),rhsMax =   1.42108547152020E-14  1.88404737959547E-09
 Calling cg2d from S/R CG2D_MAD
 cg2d: Sum(rhs),rhsMax =   5.68434188608080E-14  1.74869779322238E-09
 Calling cg2d from S/R CG2D_MAD
 cg2d: Sum(rhs),rhsMax =  -1.06581410364015E-13  1.61055526129646E-09
 Calling cg2d from S/R CG2D_MAD
 cg2d: Sum(rhs),rhsMax =  -2.62900812231237E-13  1.51803085681713E-09
 Calling cg2d from S/R CG2D_MAD
 cg2d: Sum(rhs),rhsMax =   2.13162820728030E-14  1.53984348793575E-09
 Calling cg2d from S/R CG2D_MAD
 cg2d: Sum(rhs),rhsMax =   3.55271367880050E-14  1.55140905435076E-09
 Calling cg2d from S/R CG2D_MAD
 cg2d: Sum(rhs),rhsMax =  -9.23705556488130E-14  1.55264592603811E-09
 Calling cg2d from S/R CG2D_MAD
 cg2d: Sum(rhs),rhsMax =   0.00000000000000E+00  1.54354400117158E-09
 Calling cg2d from S/R CG2D_MAD
 cg2d: Sum(rhs),rhsMax =   9.23705556488130E-14  1.52416523137576E-09
 Calling cg2d from S/R CG2D_MAD
 cg2d: Sum(rhs),rhsMax =   7.10542735760100E-15  1.49464361534466E-09
 Calling cg2d from S/R CG2D_MAD
 cg2d: Sum(rhs),rhsMax =   4.97379915032070E-14  1.45518464061299E-09
 Calling cg2d from S/R CG2D_MAD
 cg2d: Sum(rhs),rhsMax =  -7.81597009336110E-14  1.40606415850431E-09
 Calling cg2d from S/R CG2D_MAD
 cg2d: Sum(rhs),rhsMax =  -7.10542735760100E-14  1.34762668337531E-09
 Calling cg2d from S/R CG2D_MAD
 cg2d: Sum(rhs),rhsMax =  -7.81597009336110E-14  1.28028311410867E-09
 Calling cg2d from S/R CG2D_MAD
 cg2d: Sum(rhs),rhsMax =  -6.39488462184090E-14  1.34192869705109E-09
 Calling cg2d from S/R CG2D_MAD
 cg2d: Sum(rhs),rhsMax =   1.70530256582424E-13  1.40537135039184E-09
 Calling cg2d from S/R CG2D_MAD
 cg2d: Sum(rhs),rhsMax =   2.62900812231237E-13  1.46060607498145E-09
 Calling cg2d from S/R CG2D_MAD
 cg2d: Sum(rhs),rhsMax =   3.55271367880050E-14  1.50726496381589E-09
 Calling cg2d from S/R CG2D_MAD
 cg2d: Sum(rhs),rhsMax =  -7.81597009336110E-14  1.54502895345257E-09
 Calling cg2d from S/R CG2D_MAD
 cg2d: Sum(rhs),rhsMax =   7.81597009336110E-14  1.57363086028030E-09
 Calling cg2d from S/R CG2D_MAD
 cg2d: Sum(rhs),rhsMax =   1.13686837721616E-13  1.59285817989289E-09
 Calling cg2d from S/R CG2D_MAD
 cg2d: Sum(rhs),rhsMax =  -1.06581410364015E-13  1.60255560234808E-09
 Calling cg2d from S/R CG2D_MAD
 cg2d: Sum(rhs),rhsMax =   0.00000000000000E+00  1.60262719597083E-09
 Calling cg2d from S/R CG2D_MAD
 cg2d: Sum(rhs),rhsMax =  -2.06057393370429E-13  1.64243553682144E-09
 Calling cg2d from S/R CG2D_MAD
 cg2d: Sum(rhs),rhsMax =   1.56319401867222E-13  1.72347244118655E-09
 Calling cg2d from S/R CG2D_MAD
 cg2d: Sum(rhs),rhsMax =   1.06581410364015E-13  1.80101417627643E-09
 Calling cg2d from S/R CG2D_MAD
 cg2d: Sum(rhs),rhsMax =  -3.55271367880050E-14  1.87490326088292E-09
 Calling cg2d from S/R CG2D_MAD
 cg2d: Sum(rhs),rhsMax =  -1.77635683940025E-14  1.94499632764583E-09
 Calling cg2d from S/R CG2D_MAD
 cg2d: Sum(rhs),rhsMax =   1.06581410364015E-13  2.01116295306079E-09
 Calling cg2d from S/R CG2D_MAD
 cg2d: Sum(rhs),rhsMax =   1.66977542903624E-13  2.07328441048497E-09
 Calling cg2d from S/R CG2D_MAD
 cg2d: Sum(rhs),rhsMax =   3.90798504668055E-14  2.13125239423894E-09
 Calling cg2d from S/R CG2D_MAD
 cg2d: Sum(rhs),rhsMax =  -3.19744231092045E-14  2.18496776152136E-09
 Calling cg2d from S/R CG2D_MAD
 cg2d: Sum(rhs),rhsMax =  -6.21724893790088E-14  2.23433933615399E-09
 Calling cg2d from S/R CG2D_MAD
 cg2d: Sum(rhs),rhsMax =   6.21724893790088E-14  2.27928281431028E-09
 Calling cg2d from S/R CG2D_MAD
 cg2d: Sum(rhs),rhsMax =   3.90798504668055E-14  2.31971980751384E-09
 Calling cg2d from S/R CG2D_MAD
 cg2d: Sum(rhs),rhsMax =  -5.95079541199084E-14  2.35557705250015E-09
 Calling cg2d from S/R CG2D_MAD
 cg2d: Sum(rhs),rhsMax =   6.48370246381091E-14  2.38678581111580E-09
 Calling cg2d from S/R CG2D_MAD
 cg2d: Sum(rhs),rhsMax =   3.10862446895044E-14  2.41532251395069E-09
 Calling cg2d from S/R CG2D_MAD
 cg2d: Sum(rhs),rhsMax =   6.75015598972095E-14  2.43370841197314E-09
 Calling cg2d from S/R CG2D_MAD
 cg2d: Sum(rhs),rhsMax =   3.44169137633799E-14  2.45104921059592E-09
 Calling cg2d from S/R CG2D_MAD
 cg2d: Sum(rhs),rhsMax =  -1.88737914186277E-15  2.46431202115643E-09
 Calling cg2d from S/R CG2D_MAD
 cg2d: Sum(rhs),rhsMax =   4.44089209850063E-14  2.47167928834613E-09
 Calling cg2d from S/R CG2D_MAD
 cg2d: Sum(rhs),rhsMax =  -2.93098878501041E-14  2.47368568124147E-09
 Calling cg2d from S/R CG2D_MAD
 cg2d: Sum(rhs),rhsMax =  -4.70734562441066E-14  2.47072138520228E-09
 Calling cg2d from S/R CG2D_MAD
 cg2d: Sum(rhs),rhsMax =  -2.22044604925031E-14  2.46278437162817E-09
 Calling cg2d from S/R CG2D_MAD
 cg2d: Sum(rhs),rhsMax =  -7.81597009336110E-14  2.44980727810946E-09
 Calling cg2d from S/R CG2D_MAD
 cg2d: Sum(rhs),rhsMax =  -2.66453525910038E-14  2.43175896099829E-09
 Calling cg2d from S/R CG2D_MAD
 cg2d: Sum(rhs),rhsMax =   1.20792265079217E-13  2.40863501338690E-09
 Calling cg2d from S/R CG2D_MAD
 cg2d: Sum(rhs),rhsMax =  -1.50990331349021E-13  2.38044597526582E-09
 Calling cg2d from S/R CG2D_MAD
 cg2d: Sum(rhs),rhsMax =   4.97379915032070E-14  2.34721549843667E-09
 Calling cg2d from S/R CG2D_MAD
 cg2d: Sum(rhs),rhsMax =  -1.77635683940025E-14  2.30898146980107E-09
 Calling cg2d from S/R CG2D_MAD
 cg2d: Sum(rhs),rhsMax =   6.03961325396085E-14  2.26579719401926E-09
 Calling cg2d from S/R CG2D_MAD
 cg2d: Sum(rhs),rhsMax =   7.10542735760100E-15  2.21773234962814E-09
 Calling cg2d from S/R CG2D_MAD
 cg2d: Sum(rhs),rhsMax =   1.42108547152020E-13  2.16487380004348E-09
 Calling cg2d from S/R CG2D_MAD
 cg2d: Sum(rhs),rhsMax =   3.19744231092045E-14  2.10732626474381E-09
 Calling cg2d from S/R CG2D_MAD
 cg2d: Sum(rhs),rhsMax =   3.90798504668055E-14  2.04521282601336E-09
 Calling cg2d from S/R CG2D_MAD
 cg2d: Sum(rhs),rhsMax =   9.59232693276135E-14  1.97867525240473E-09
 Calling cg2d from S/R CG2D_MAD
 cg2d: Sum(rhs),rhsMax =   7.10542735760100E-15  1.90787412830688E-09
 Calling cg2d from S/R CG2D_MAD
 cg2d: Sum(rhs),rhsMax =  -1.27897692436818E-13  1.83298878479554E-09
 Calling cg2d from S/R CG2D_MAD
 cg2d: Sum(rhs),rhsMax =   0.00000000000000E+00  1.75421703172860E-09
 cg2d: Sum(rhs),rhsMax =   5.25801624462474E-13  1.97827854679158E+00
 cg2d: Sum(rhs),rhsMax =   2.13162820728030E-13  1.97808227711866E+00
 cg2d: Sum(rhs),rhsMax =   3.97903932025656E-13  1.97788533210936E+00
 cg2d: Sum(rhs),rhsMax =   4.83169060316868E-13  1.97768771273827E+00
 cg2d: Sum(rhs),rhsMax =   5.68434188608080E-13  1.97748941997780E+00
 cg2d: Sum(rhs),rhsMax =   8.52651282912120E-13  1.97729045479931E+00
 cg2d: Sum(rhs),rhsMax =   5.25801624462474E-13  1.97709081817457E+00
 cg2d: Sum(rhs),rhsMax =   5.11590769747272E-13  1.97689051107700E+00
 cg2d: Sum(rhs),rhsMax =   7.24753590475302E-13  1.97668953448292E+00
 cg2d: Sum(rhs),rhsMax =   4.83169060316868E-13  1.97648788937311E+00
 cg2d: Sum(rhs),rhsMax =   4.26325641456060E-13  1.97628557673392E+00
 cg2d: Sum(rhs),rhsMax =   8.38440428196918E-13  1.97608259755867E+00
 cg2d: Sum(rhs),rhsMax =   7.38964445190504E-13  1.97587895284890E+00
 cg2d: Sum(rhs),rhsMax =   4.40536496171262E-13  1.97567464361575E+00
 cg2d: Sum(rhs),rhsMax =   5.40012479177676E-13  1.97546967088098E+00
 cg2d: Sum(rhs),rhsMax =   7.67386154620908E-13  1.97526403567837E+00
 cg2d: Sum(rhs),rhsMax =   4.83169060316868E-13  1.97505773905462E+00
 cg2d: Sum(rhs),rhsMax =   8.24229573481716E-13  1.97485078207062E+00
 cg2d: Sum(rhs),rhsMax =   4.40536496171262E-13  1.97464316580237E+00
 cg2d: Sum(rhs),rhsMax =   5.11590769747272E-13  1.97443489134190E+00
 cg2d: Sum(rhs),rhsMax =   7.38964445190504E-13  1.97422595979816E+00
 cg2d: Sum(rhs),rhsMax =   7.81597009336110E-13  1.97401637229787E+00
 cg2d: Sum(rhs),rhsMax =   5.40012479177676E-13  1.97380612998610E+00
 cg2d: Sum(rhs),rhsMax =   3.83693077310454E-13  1.97359523402704E+00
 cg2d: Sum(rhs),rhsMax =   6.82121026329696E-13  1.97338368560446E+00
 cg2d: Sum(rhs),rhsMax =   6.82121026329696E-13  1.97317148592217E+00
 cg2d: Sum(rhs),rhsMax =   4.40536496171262E-13  1.97295863620440E+00
 cg2d: Sum(rhs),rhsMax =   6.39488462184090E-13  1.97274513769602E+00
 cg2d: Sum(rhs),rhsMax =   4.97379915032070E-13  1.97253099166276E+00
 cg2d: Sum(rhs),rhsMax =   5.40012479177676E-13  1.97231619939129E+00
 cg2d: Sum(rhs),rhsMax =   9.94759830064140E-13  1.97210076218916E+00
 cg2d: Sum(rhs),rhsMax =   5.54223333892878E-13  1.97188468138468E+00
 cg2d: Sum(rhs),rhsMax =   5.40012479177676E-13  1.97166795832684E+00
 cg2d: Sum(rhs),rhsMax =   2.41584530158434E-13  1.97145059438484E+00
 cg2d: Sum(rhs),rhsMax =   2.13162820728030E-13  1.97123259094787E+00
 cg2d: Sum(rhs),rhsMax =   3.83693077310454E-13  1.97101394942454E+00
 cg2d: Sum(rhs),rhsMax =   7.38964445190504E-13  1.97079467124240E+00
 cg2d: Sum(rhs),rhsMax =   4.97379915032070E-13  1.97057475784731E+00
 cg2d: Sum(rhs),rhsMax =   5.68434188608080E-13  1.97035421070274E+00
 cg2d: Sum(rhs),rhsMax =   3.26849658449646E-13  1.97013303128896E+00
 cg2d: Sum(rhs),rhsMax =   9.52127265918534E-13  1.96991122110236E+00
 cg2d: Sum(rhs),rhsMax =   9.23705556488130E-13  1.96968878165438E+00
 cg2d: Sum(rhs),rhsMax =   9.94759830064140E-14  1.96946571447079E+00
 cg2d: Sum(rhs),rhsMax =   8.10018718766514E-13  1.96924202109055E+00
 cg2d: Sum(rhs),rhsMax =   5.40012479177676E-13  1.96901770306481E+00
 cg2d: Sum(rhs),rhsMax =   5.96855898038484E-13  1.96879276195601E+00
 cg2d: Sum(rhs),rhsMax =   6.82121026329696E-13  1.96856719933661E+00
 cg2d: Sum(rhs),rhsMax =   1.19371179607697E-12  1.96834101678808E+00
 cg2d: Sum(rhs),rhsMax =   4.12114786740858E-13  1.96811421589974E+00
 cg2d: Sum(rhs),rhsMax =   5.25801624462474E-13  1.96788679826769E+00
 cg2d: Sum(rhs),rhsMax =   8.24229573481716E-13  1.96765876549382E+00
 cg2d: Sum(rhs),rhsMax =   3.12638803734444E-13  1.96743011918473E+00
 cg2d: Sum(rhs),rhsMax =   4.40536496171262E-13  1.96720086095064E+00
 cg2d: Sum(rhs),rhsMax =   8.81072992342524E-13  1.96697099240417E+00
 cg2d: Sum(rhs),rhsMax =   6.67910171614494E-13  1.96674051515921E+00
 cg2d: Sum(rhs),rhsMax =   9.09494701772928E-13  1.96650943082984E+00
 cg2d: Sum(rhs),rhsMax =   6.53699316899292E-13  1.96627774102937E+00
 cg2d: Sum(rhs),rhsMax =   4.54747350886464E-13  1.96604544736946E+00
 cg2d: Sum(rhs),rhsMax =   6.39488462184090E-13  1.96581255145918E+00
 cg2d: Sum(rhs),rhsMax =   1.00897068477934E-12  1.96557905490431E+00
 cg2d: Sum(rhs),rhsMax =   6.53699316899292E-13  1.96534495930641E+00
 cg2d: Sum(rhs),rhsMax =   2.84217094304040E-13  1.96511026626221E+00
 cg2d: Sum(rhs),rhsMax =   5.96855898038484E-13  1.96487497736279E+00
 cg2d: Sum(rhs),rhsMax =   8.66862137627322E-13  1.96463909419305E+00
 cg2d: Sum(rhs),rhsMax =   1.15107923193136E-12  1.96440261833110E+00
 cg2d: Sum(rhs),rhsMax =   9.52127265918534E-13  1.96416555134775E+00
 cg2d: Sum(rhs),rhsMax =   2.55795384873636E-13  1.96392789480618E+00
 cg2d: Sum(rhs),rhsMax =   3.83693077310454E-13  1.96368965026149E+00
 cg2d: Sum(rhs),rhsMax =   3.83693077310454E-13  1.96345081926057E+00
 cg2d: Sum(rhs),rhsMax =   6.96331881044898E-13  1.96321140334176E+00
 cg2d: Sum(rhs),rhsMax =   5.11590769747272E-13  1.96297140403481E+00
 cg2d: Sum(rhs),rhsMax =   8.95283847057726E-13  1.96273082286086E+00
 Calling cg2d from S/R CG2D_MAD
 cg2d: Sum(rhs),rhsMax =   7.10542735760100E-14  1.67177469510988E-09
 Calling cg2d from S/R CG2D_MAD
 cg2d: Sum(rhs),rhsMax =  -1.27897692436818E-13  1.58589496673867E-09
 Calling cg2d from S/R CG2D_MAD
 cg2d: Sum(rhs),rhsMax =  -7.81597009336110E-14  1.49682757497267E-09
 Calling cg2d from S/R CG2D_MAD
 cg2d: Sum(rhs),rhsMax =  -1.27897692436818E-13  1.41525871024801E-09
 Calling cg2d from S/R CG2D_MAD
 cg2d: Sum(rhs),rhsMax =   8.52651282912120E-14  1.39302458602416E-09
 Calling cg2d from S/R CG2D_MAD
 cg2d: Sum(rhs),rhsMax =   2.84217094304040E-14  1.36238696816982E-09
 Calling cg2d from S/R CG2D_MAD
 cg2d: Sum(rhs),rhsMax =  -5.68434188608080E-14  1.36181228324447E-09
 Calling cg2d from S/R CG2D_MAD
 cg2d: Sum(rhs),rhsMax =   0.00000000000000E+00  1.36278210793691E-09
 Calling cg2d from S/R CG2D_MAD
 cg2d: Sum(rhs),rhsMax =  -1.42108547152020E-14  1.35535343902700E-09
 Calling cg2d from S/R CG2D_MAD
 cg2d: Sum(rhs),rhsMax =   7.81597009336110E-14  1.33964302534399E-09
 Calling cg2d from S/R CG2D_MAD
 cg2d: Sum(rhs),rhsMax =  -1.49213974509621E-13  1.31581941468047E-09
 Calling cg2d from S/R CG2D_MAD
 cg2d: Sum(rhs),rhsMax =  -1.06581410364015E-13  1.28410136397530E-09
 Calling cg2d from S/R CG2D_MAD
 cg2d: Sum(rhs),rhsMax =   8.52651282912120E-14  1.24475595637917E-09
 Calling cg2d from S/R CG2D_MAD
 cg2d: Sum(rhs),rhsMax =  -9.94759830064140E-14  1.19809643612917E-09
 Calling cg2d from S/R CG2D_MAD
 cg2d: Sum(rhs),rhsMax =   0.00000000000000E+00  1.14447977524774E-09
 Calling cg2d from S/R CG2D_MAD
 cg2d: Sum(rhs),rhsMax =   4.97379915032070E-14  1.08430398904554E-09
 Calling cg2d from S/R CG2D_MAD
 cg2d: Sum(rhs),rhsMax =  -3.55271367880050E-14  1.13478928662225E-09
 Calling cg2d from S/R CG2D_MAD
 cg2d: Sum(rhs),rhsMax =  -4.26325641456060E-14  1.23403906134981E-09
 Calling cg2d from S/R CG2D_MAD
 cg2d: Sum(rhs),rhsMax =   0.00000000000000E+00  1.33071178560780E-09
 Calling cg2d from S/R CG2D_MAD
 cg2d: Sum(rhs),rhsMax =  -5.68434188608080E-14  1.42455001329686E-09
 Calling cg2d from S/R CG2D_MAD
 cg2d: Sum(rhs),rhsMax =   7.10542735760100E-14  1.51530475357411E-09
 Calling cg2d from S/R CG2D_MAD
 cg2d: Sum(rhs),rhsMax =   5.32907051820075E-14  1.60273610374150E-09
 Calling cg2d from S/R CG2D_MAD
 cg2d: Sum(rhs),rhsMax =  -3.90798504668055E-14  1.68661386751289E-09
 Calling cg2d from S/R CG2D_MAD
 cg2d: Sum(rhs),rhsMax =  -3.55271367880050E-15  1.76671815617372E-09
 Calling cg2d from S/R CG2D_MAD
 cg2d: Sum(rhs),rhsMax =   2.13162820728030E-14  1.84283997004964E-09
 Calling cg2d from S/R CG2D_MAD
 cg2d: Sum(rhs),rhsMax =  -7.10542735760100E-15  1.91478175739794E-09
 Calling cg2d from S/R CG2D_MAD
 cg2d: Sum(rhs),rhsMax =  -7.63833440942108E-14  1.98235794750088E-09
 Calling cg2d from S/R CG2D_MAD
 cg2d: Sum(rhs),rhsMax =  -8.88178419700125E-15  2.04539545448926E-09
 Calling cg2d from S/R CG2D_MAD
 cg2d: Sum(rhs),rhsMax =   1.77635683940025E-14  2.10373414839261E-09
 Calling cg2d from S/R CG2D_MAD
 cg2d: Sum(rhs),rhsMax =   3.79696274421804E-14  2.15722729013862E-09
 Calling cg2d from S/R CG2D_MAD
 cg2d: Sum(rhs),rhsMax =  -1.33226762955019E-14  2.20574192740703E-09
 Calling cg2d from S/R CG2D_MAD
 cg2d: Sum(rhs),rhsMax =   9.32587340685131E-15  2.24915924925810E-09
 Calling cg2d from S/R CG2D_MAD
 cg2d: Sum(rhs),rhsMax =  -1.77635683940025E-14  2.28737489923021E-09
 Calling cg2d from S/R CG2D_MAD
 cg2d: Sum(rhs),rhsMax =  -4.26325641456060E-14  2.32029924681732E-09
 Calling cg2d from S/R CG2D_MAD
 cg2d: Sum(rhs),rhsMax =  -7.46069872548105E-14  2.34785761585931E-09
 Calling cg2d from S/R CG2D_MAD
 cg2d: Sum(rhs),rhsMax =   2.48689957516035E-14  2.36999046868971E-09
 Calling cg2d from S/R CG2D_MAD
 cg2d: Sum(rhs),rhsMax =  -3.55271367880050E-14  2.38665354792670E-09
 Calling cg2d from S/R CG2D_MAD
 cg2d: Sum(rhs),rhsMax =   4.97379915032070E-14  2.39781798036983E-09
 Calling cg2d from S/R CG2D_MAD
 cg2d: Sum(rhs),rhsMax =  -7.81597009336110E-14  2.40347034696759E-09
 Calling cg2d from S/R CG2D_MAD
 cg2d: Sum(rhs),rhsMax =  -1.42108547152020E-14  2.40361272052752E-09
 Calling cg2d from S/R CG2D_MAD
 cg2d: Sum(rhs),rhsMax =   4.97379915032070E-14  2.39826267155751E-09
 Calling cg2d from S/R CG2D_MAD
 cg2d: Sum(rhs),rhsMax =  -7.10542735760100E-14  2.38745324319736E-09
 Calling cg2d from S/R CG2D_MAD
 cg2d: Sum(rhs),rhsMax =  -4.61852778244065E-14  2.37123289738380E-09
 Calling cg2d from S/R CG2D_MAD
 cg2d: Sum(rhs),rhsMax =  -1.42108547152020E-14  2.34966543479632E-09
 Calling cg2d from S/R CG2D_MAD
 cg2d: Sum(rhs),rhsMax =   2.84217094304040E-14  2.32282989049482E-09
 Calling cg2d from S/R CG2D_MAD
 cg2d: Sum(rhs),rhsMax =  -3.19744231092045E-14  2.29082040602611E-09
 Calling cg2d from S/R CG2D_MAD
 cg2d: Sum(rhs),rhsMax =  -5.32907051820075E-14  2.25374607767175E-09
 Calling cg2d from S/R CG2D_MAD
 cg2d: Sum(rhs),rhsMax =  -7.10542735760100E-14  2.21173077962479E-09
 Calling cg2d from S/R CG2D_MAD
 cg2d: Sum(rhs),rhsMax =  -7.10542735760100E-15  2.16491296013274E-09
 Calling cg2d from S/R CG2D_MAD
 cg2d: Sum(rhs),rhsMax =  -5.68434188608080E-14  2.11344540791535E-09
 Calling cg2d from S/R CG2D_MAD
 cg2d: Sum(rhs),rhsMax =   3.55271367880050E-14  2.05749498544604E-09
 Calling cg2d from S/R CG2D_MAD
 cg2d: Sum(rhs),rhsMax =  -2.84217094304040E-14  1.99724232500807E-09
 Calling cg2d from S/R CG2D_MAD
 cg2d: Sum(rhs),rhsMax =   0.00000000000000E+00  1.93288148285853E-09
 Calling cg2d from S/R CG2D_MAD
 cg2d: Sum(rhs),rhsMax =   5.68434188608080E-14  1.86461954641343E-09
 Calling cg2d from S/R CG2D_MAD
 cg2d: Sum(rhs),rhsMax =   0.00000000000000E+00  1.79267618912375E-09
 Calling cg2d from S/R CG2D_MAD
 cg2d: Sum(rhs),rhsMax =  -5.68434188608080E-14  1.71728316766040E-09
 Calling cg2d from S/R CG2D_MAD
 cg2d: Sum(rhs),rhsMax =   5.68434188608080E-14  1.63868375618249E-09
 Calling cg2d from S/R CG2D_MAD
 cg2d: Sum(rhs),rhsMax =  -7.10542735760100E-15  1.55713211281166E-09
 Calling cg2d from S/R CG2D_MAD
 cg2d: Sum(rhs),rhsMax =   9.23705556488130E-14  1.47289257399120E-09
 Calling cg2d from S/R CG2D_MAD
 cg2d: Sum(rhs),rhsMax =   0.00000000000000E+00  1.38623887315910E-09
 Calling cg2d from S/R CG2D_MAD
 cg2d: Sum(rhs),rhsMax =  -1.27897692436818E-13  1.29745328109965E-09
 Calling cg2d from S/R CG2D_MAD
 cg2d: Sum(rhs),rhsMax =  -7.10542735760100E-14  1.20682566645418E-09
 Calling cg2d from S/R CG2D_MAD
 cg2d: Sum(rhs),rhsMax =  -4.97379915032070E-14  1.11465247613973E-09
 Calling cg2d from S/R CG2D_MAD
 cg2d: Sum(rhs),rhsMax =   1.06581410364015E-13  1.02123563682626E-09
 Calling cg2d from S/R CG2D_MAD
 cg2d: Sum(rhs),rhsMax =  -5.68434188608080E-14  1.03785947287268E-09
 Calling cg2d from S/R CG2D_MAD
 cg2d: Sum(rhs),rhsMax =   3.55271367880050E-14  1.05045476799222E-09
 Calling cg2d from S/R CG2D_MAD
 cg2d: Sum(rhs),rhsMax =  -1.27897692436818E-13  1.05695078026426E-09
 Calling cg2d from S/R CG2D_MAD
 cg2d: Sum(rhs),rhsMax =   2.13162820728030E-14  1.05731521443704E-09
 Calling cg2d from S/R CG2D_MAD
 cg2d: Sum(rhs),rhsMax =   7.10542735760100E-14  1.05155266200127E-09
 Calling cg2d from S/R CG2D_MAD
 cg2d: Sum(rhs),rhsMax =   2.16715534406831E-13  1.03970474633634E-09
 Calling cg2d from S/R CG2D_MAD
 cg2d: Sum(rhs),rhsMax =   1.31450406115619E-13  1.02185004163675E-09
 Calling cg2d from S/R CG2D_MAD
 cg2d: Sum(rhs),rhsMax =  -2.30926389122033E-13  9.98103760683653E-10
 cg2d: Sum(rhs),rhsMax =   1.05160324892495E-12  1.99056430090849E+00
 cg2d: Sum(rhs),rhsMax =   5.68434188608080E-13  1.99041947611577E+00
 cg2d: Sum(rhs),rhsMax =   2.55795384873636E-13  1.99027390732974E+00
 cg2d: Sum(rhs),rhsMax =   5.96855898038484E-13  1.99012759487094E+00
 cg2d: Sum(rhs),rhsMax =   3.26849658449646E-13  1.98998053907398E+00
 cg2d: Sum(rhs),rhsMax =   5.40012479177676E-13  1.98983274028953E+00
 cg2d: Sum(rhs),rhsMax =   8.81072992342524E-13  1.98968419888621E+00
 cg2d: Sum(rhs),rhsMax =   4.68958205601666E-13  1.98953491525243E+00
 cg2d: Sum(rhs),rhsMax =   3.97903932025656E-13  1.98938488979809E+00
 cg2d: Sum(rhs),rhsMax =   1.12265752250096E-12  1.98923412295613E+00
 cg2d: Sum(rhs),rhsMax =   4.97379915032070E-13  1.98908261518407E+00
 cg2d: Sum(rhs),rhsMax =   1.03739239420975E-12  1.98893036696536E+00
 cg2d: Sum(rhs),rhsMax =   3.97903932025656E-13  1.98877737881065E+00
 cg2d: Sum(rhs),rhsMax =   4.54747350886464E-13  1.98862365125883E+00
 cg2d: Sum(rhs),rhsMax =   7.95807864051312E-13  1.98846918487815E+00
 cg2d: Sum(rhs),rhsMax =   9.66338120633736E-13  1.98831398026689E+00
 cg2d: Sum(rhs),rhsMax =   9.23705556488130E-13  1.98815803805426E+00
 cg2d: Sum(rhs),rhsMax =   9.23705556488130E-13  1.98800135890080E+00
 cg2d: Sum(rhs),rhsMax =   2.27373675443232E-13  1.98784394349884E+00
 cg2d: Sum(rhs),rhsMax =   9.80548975348938E-13  1.98768579257287E+00
 cg2d: Sum(rhs),rhsMax =   4.40536496171262E-13  1.98752690687945E+00
 cg2d: Sum(rhs),rhsMax =   8.10018718766514E-13  1.98736728720735E+00
 cg2d: Sum(rhs),rhsMax =   2.27373675443232E-13  1.98720693437723E+00
 cg2d: Sum(rhs),rhsMax =   6.96331881044898E-13  1.98704584924140E+00
 cg2d: Sum(rhs),rhsMax =   7.67386154620908E-13  1.98688403268324E+00
 cg2d: Sum(rhs),rhsMax =   1.98951966012828E-13  1.98672148561659E+00
 cg2d: Sum(rhs),rhsMax =   5.40012479177676E-13  1.98655820898490E+00
 cg2d: Sum(rhs),rhsMax =   6.67910171614494E-13  1.98639420376027E+00
 cg2d: Sum(rhs),rhsMax =   4.40536496171262E-13  1.98622947094271E+00
 cg2d: Sum(rhs),rhsMax =   8.52651282912120E-13  1.98606401155908E+00
 cg2d: Sum(rhs),rhsMax =   4.54747350886464E-13  1.98589782666181E+00
 cg2d: Sum(rhs),rhsMax =   1.05160324892495E-12  1.98573091732729E+00
 cg2d: Sum(rhs),rhsMax =   2.98427949019242E-13  1.98556328465445E+00
 cg2d: Sum(rhs),rhsMax =   7.53175299905706E-13  1.98539492976335E+00
 cg2d: Sum(rhs),rhsMax =   7.81597009336110E-13  1.98522585379359E+00
 cg2d: Sum(rhs),rhsMax =   5.96855898038484E-13  1.98505605790274E+00
 cg2d: Sum(rhs),rhsMax =   5.82645043323282E-13  1.98488554326477E+00
 cg2d: Sum(rhs),rhsMax =   6.39488462184090E-13  1.98471431106829E+00
 cg2d: Sum(rhs),rhsMax =   4.68958205601666E-13  1.98454236251496E+00
 cg2d: Sum(rhs),rhsMax =   1.70530256582424E-13  1.98436969881764E+00
 cg2d: Sum(rhs),rhsMax =   9.23705556488130E-13  1.98419632119872E+00
 cg2d: Sum(rhs),rhsMax =   6.67910171614494E-13  1.98402223088842E+00
 cg2d: Sum(rhs),rhsMax =   2.27373675443232E-13  1.98384742912312E+00
 cg2d: Sum(rhs),rhsMax =   4.97379915032070E-13  1.98367191714351E+00
 cg2d: Sum(rhs),rhsMax =   7.10542735760100E-13  1.98349569619308E+00
 cg2d: Sum(rhs),rhsMax =   8.52651282912120E-13  1.98331876751651E+00
 cg2d: Sum(rhs),rhsMax =   8.81072992342524E-13  1.98314113235799E+00
 cg2d: Sum(rhs),rhsMax =   8.52651282912120E-13  1.98296279195984E+00
 cg2d: Sum(rhs),rhsMax =   1.02318153949454E-12  1.98278374756094E+00
 cg2d: Sum(rhs),rhsMax =   6.53699316899292E-13  1.98260400039550E+00
 cg2d: Sum(rhs),rhsMax =   4.68958205601666E-13  1.98242355169166E+00
 cg2d: Sum(rhs),rhsMax =   4.83169060316868E-13  1.98224240267025E+00
 cg2d: Sum(rhs),rhsMax =   7.38964445190504E-13  1.98206055454376E+00
 cg2d: Sum(rhs),rhsMax =   8.95283847057726E-13  1.98187800851551E+00
 cg2d: Sum(rhs),rhsMax =   7.67386154620908E-13  1.98169476577865E+00
 cg2d: Sum(rhs),rhsMax =   1.02318153949454E-12  1.98151082751545E+00
 cg2d: Sum(rhs),rhsMax =   5.40012479177676E-13  1.98132619489648E+00
 cg2d: Sum(rhs),rhsMax =   5.40012479177676E-13  1.98114086908013E+00
 cg2d: Sum(rhs),rhsMax =   6.53699316899292E-13  1.98095485121213E+00
 cg2d: Sum(rhs),rhsMax =   8.81072992342524E-13  1.98076814242527E+00
 cg2d: Sum(rhs),rhsMax =   5.11590769747272E-13  1.98058074383928E+00
 cg2d: Sum(rhs),rhsMax =   2.13162820728030E-13  1.98039265656073E+00
 cg2d: Sum(rhs),rhsMax =   4.97379915032070E-13  1.98020388168304E+00
 cg2d: Sum(rhs),rhsMax =   8.52651282912120E-13  1.98001442028673E+00
 cg2d: Sum(rhs),rhsMax =   7.38964445190504E-13  1.97982427343966E+00
 cg2d: Sum(rhs),rhsMax =   7.53175299905706E-13  1.97963344219734E+00
 cg2d: Sum(rhs),rhsMax =   3.55271367880050E-13  1.97944192760356E+00
 cg2d: Sum(rhs),rhsMax =   3.97903932025656E-13  1.97924973069082E+00
 cg2d: Sum(rhs),rhsMax =   7.53175299905706E-13  1.97905685248117E+00
 cg2d: Sum(rhs),rhsMax =   7.53175299905706E-13  1.97886329398688E+00
 cg2d: Sum(rhs),rhsMax =   6.11066752753686E-13  1.97866905621136E+00
 cg2d: Sum(rhs),rhsMax =   6.53699316899292E-13  1.97847414015006E+00
 Calling cg2d from S/R CG2D_MAD
 cg2d: Sum(rhs),rhsMax =  -3.55271367880050E-14  9.76787052253208E-10
 Calling cg2d from S/R CG2D_MAD
 cg2d: Sum(rhs),rhsMax =   2.30926389122033E-13  9.52997621722680E-10
 Calling cg2d from S/R CG2D_MAD
 cg2d: Sum(rhs),rhsMax =   1.59872115546023E-14  9.23953296336565E-10
 Calling cg2d from S/R CG2D_MAD
 cg2d: Sum(rhs),rhsMax =   7.10542735760100E-15  8.89837706971168E-10
 Calling cg2d from S/R CG2D_MAD
 cg2d: Sum(rhs),rhsMax =  -3.81916720471054E-14  8.50863385100132E-10
 Calling cg2d from S/R CG2D_MAD
 cg2d: Sum(rhs),rhsMax =  -4.56301663120939E-14  8.23128128956032E-10
 Calling cg2d from S/R CG2D_MAD
 cg2d: Sum(rhs),rhsMax =  -1.89182003396127E-13  8.20209119641721E-10
 Calling cg2d from S/R CG2D_MAD
 cg2d: Sum(rhs),rhsMax =  -9.76996261670138E-14  8.26563437419385E-10
 Calling cg2d from S/R CG2D_MAD
 cg2d: Sum(rhs),rhsMax =  -8.17124146124115E-14  8.48870645280475E-10
 Calling cg2d from S/R CG2D_MAD
 cg2d: Sum(rhs),rhsMax =  -2.30926389122033E-14  8.66079976561879E-10
 Calling cg2d from S/R CG2D_MAD
 cg2d: Sum(rhs),rhsMax =  -4.61852778244065E-14  9.18905516210505E-10
 Calling cg2d from S/R CG2D_MAD
 cg2d: Sum(rhs),rhsMax =  -3.55271367880050E-14  1.00115365089788E-09
 Calling cg2d from S/R CG2D_MAD
 cg2d: Sum(rhs),rhsMax =  -1.17239551400417E-13  1.08181659275126E-09
 Calling cg2d from S/R CG2D_MAD
 cg2d: Sum(rhs),rhsMax =   2.84217094304040E-14  1.16066335044772E-09
 Calling cg2d from S/R CG2D_MAD
 cg2d: Sum(rhs),rhsMax =   2.84217094304040E-14  1.23746599545271E-09
 Calling cg2d from S/R CG2D_MAD
 cg2d: Sum(rhs),rhsMax =   9.59232693276135E-14  1.31200053355050E-09
 Calling cg2d from S/R CG2D_MAD
 cg2d: Sum(rhs),rhsMax =  -6.03961325396085E-14  1.38404785529667E-09
 Calling cg2d from S/R CG2D_MAD
 cg2d: Sum(rhs),rhsMax =   9.94759830064140E-14  1.45339464791951E-09
 Calling cg2d from S/R CG2D_MAD
 cg2d: Sum(rhs),rhsMax =   2.48689957516035E-14  1.51983421738084E-09
 Calling cg2d from S/R CG2D_MAD
 cg2d: Sum(rhs),rhsMax =  -6.75015598972095E-14  1.58316724144328E-09
 Calling cg2d from S/R CG2D_MAD
 cg2d: Sum(rhs),rhsMax =   0.00000000000000E+00  1.64320250468998E-09
 Calling cg2d from S/R CG2D_MAD
 cg2d: Sum(rhs),rhsMax =  -1.49213974509621E-13  1.69975765112652E-09
 Calling cg2d from S/R CG2D_MAD
 cg2d: Sum(rhs),rhsMax =   6.75015598972095E-14  1.75265995780577E-09
 Calling cg2d from S/R CG2D_MAD
 cg2d: Sum(rhs),rhsMax =   5.32907051820075E-14  1.80174711098468E-09
 Calling cg2d from S/R CG2D_MAD
 cg2d: Sum(rhs),rhsMax =  -1.77635683940025E-14  1.84686796226491E-09
 Calling cg2d from S/R CG2D_MAD
 cg2d: Sum(rhs),rhsMax =   7.10542735760100E-14  1.88788332234566E-09
 Calling cg2d from S/R CG2D_MAD
 cg2d: Sum(rhs),rhsMax =   0.00000000000000E+00  1.92466664826742E-09
 Calling cg2d from S/R CG2D_MAD
 cg2d: Sum(rhs),rhsMax =   4.61852778244065E-14  1.95710443424916E-09
 Calling cg2d from S/R CG2D_MAD
 cg2d: Sum(rhs),rhsMax =  -6.75015598972095E-14  1.98509657728846E-09
 Calling cg2d from S/R CG2D_MAD
 cg2d: Sum(rhs),rhsMax =  -3.19744231092045E-14  2.00855711931400E-09
 Calling cg2d from S/R CG2D_MAD
 cg2d: Sum(rhs),rhsMax =  -5.32907051820075E-14  2.02741519785243E-09
 Calling cg2d from S/R CG2D_MAD
 cg2d: Sum(rhs),rhsMax =   3.55271367880050E-14  2.04161565011817E-09
 Calling cg2d from S/R CG2D_MAD
 cg2d: Sum(rhs),rhsMax =  -5.32907051820075E-14  2.05111906660893E-09
 Calling cg2d from S/R CG2D_MAD
 cg2d: Sum(rhs),rhsMax =   5.68434188608080E-14  2.05590162151093E-09
 Calling cg2d from S/R CG2D_MAD
 cg2d: Sum(rhs),rhsMax =   0.00000000000000E+00  2.05595507283050E-09
 Calling cg2d from S/R CG2D_MAD
 cg2d: Sum(rhs),rhsMax =   3.19744231092045E-14  2.05128700455502E-09
 Calling cg2d from S/R CG2D_MAD
 cg2d: Sum(rhs),rhsMax =  -6.75015598972095E-14  2.04192112054555E-09
 Calling cg2d from S/R CG2D_MAD
 cg2d: Sum(rhs),rhsMax =   0.00000000000000E+00  2.02789739638471E-09
 Calling cg2d from S/R CG2D_MAD
 cg2d: Sum(rhs),rhsMax =  -5.32907051820075E-14  2.00927203251496E-09
 Calling cg2d from S/R CG2D_MAD
 cg2d: Sum(rhs),rhsMax =   2.84217094304040E-14  1.98611725696110E-09
 Calling cg2d from S/R CG2D_MAD
 cg2d: Sum(rhs),rhsMax =   6.39488462184090E-14  1.95852104339954E-09
 Calling cg2d from S/R CG2D_MAD
 cg2d: Sum(rhs),rhsMax =  -1.06581410364015E-14  1.92658677899610E-09
 Calling cg2d from S/R CG2D_MAD
 cg2d: Sum(rhs),rhsMax =  -4.97379915032070E-14  1.89043288499919E-09
 Calling cg2d from S/R CG2D_MAD
 cg2d: Sum(rhs),rhsMax =   3.90798504668055E-14  1.85019238019293E-09
 Calling cg2d from S/R CG2D_MAD
 cg2d: Sum(rhs),rhsMax =   3.55271367880050E-15  1.80601237834776E-09
 Calling cg2d from S/R CG2D_MAD
 cg2d: Sum(rhs),rhsMax =   6.39488462184090E-14  1.75805351605134E-09
 Calling cg2d from S/R CG2D_MAD
 cg2d: Sum(rhs),rhsMax =   6.75015598972095E-14  1.70648931129279E-09
 Calling cg2d from S/R CG2D_MAD
 cg2d: Sum(rhs),rhsMax =  -2.48689957516035E-14  1.65150545491599E-09
 Calling cg2d from S/R CG2D_MAD
 cg2d: Sum(rhs),rhsMax =  -2.84217094304040E-14  1.59329903743259E-09
 Calling cg2d from S/R CG2D_MAD
 cg2d: Sum(rhs),rhsMax =  -7.10542735760100E-14  1.53207771363097E-09
 Calling cg2d from S/R CG2D_MAD
 cg2d: Sum(rhs),rhsMax =  -8.88178419700125E-14  1.46806296877054E-09
 Calling cg2d from S/R CG2D_MAD
 cg2d: Sum(rhs),rhsMax =  -5.32907051820075E-15  1.40148039516516E-09
 Calling cg2d from S/R CG2D_MAD
 cg2d: Sum(rhs),rhsMax =   1.95399252334028E-14  1.33255499434715E-09
 Calling cg2d from S/R CG2D_MAD
 cg2d: Sum(rhs),rhsMax =   9.59232693276135E-14  1.26152210693015E-09
 Calling cg2d from S/R CG2D_MAD
 cg2d: Sum(rhs),rhsMax =   7.99360577730113E-14  1.18863313263050E-09
 Calling cg2d from S/R CG2D_MAD
 cg2d: Sum(rhs),rhsMax =   1.68753899743024E-14  1.11414698852181E-09
 Calling cg2d from S/R CG2D_MAD
 cg2d: Sum(rhs),rhsMax =   1.15463194561016E-13  1.03832043720349E-09
 Calling cg2d from S/R CG2D_MAD
 cg2d: Sum(rhs),rhsMax =  -3.12250225675825E-15  9.61406628333587E-10
 Calling cg2d from S/R CG2D_MAD
 cg2d: Sum(rhs),rhsMax =   1.49213974509621E-13  8.83658258518007E-10
 Calling cg2d from S/R CG2D_MAD
 cg2d: Sum(rhs),rhsMax =   1.22568621918617E-13  8.05329285450676E-10
 Calling cg2d from S/R CG2D_MAD
 cg2d: Sum(rhs),rhsMax =  -1.19015908239817E-13  7.28472649580548E-10
 Calling cg2d from S/R CG2D_MAD
 cg2d: Sum(rhs),rhsMax =  -1.42108547152020E-14  7.45174565344488E-10
 Calling cg2d from S/R CG2D_MAD
 cg2d: Sum(rhs),rhsMax =   1.91846538655227E-13  7.70499418733349E-10
 Calling cg2d from S/R CG2D_MAD
 cg2d: Sum(rhs),rhsMax =   1.59872115546023E-13  7.90885617350570E-10
 Calling cg2d from S/R CG2D_MAD
 cg2d: Sum(rhs),rhsMax =  -1.49213974509621E-13  8.06255491509276E-10
 Calling cg2d from S/R CG2D_MAD
 cg2d: Sum(rhs),rhsMax =  -1.13686837721616E-13  8.16564611823776E-10
 Calling cg2d from S/R CG2D_MAD
 cg2d: Sum(rhs),rhsMax =  -6.39488462184090E-14  8.21801918969403E-10
 Calling cg2d from S/R CG2D_MAD
 cg2d: Sum(rhs),rhsMax =   3.55271367880050E-14  8.21989568315515E-10
 Calling cg2d from S/R CG2D_MAD
 cg2d: Sum(rhs),rhsMax =   7.10542735760100E-14  8.17182478901494E-10
 Calling cg2d from S/R CG2D_MAD
 cg2d: Sum(rhs),rhsMax =  -2.84217094304040E-14  8.07467615789781E-10
 Calling cg2d from S/R CG2D_MAD
 cg2d: Sum(rhs),rhsMax =  -2.84217094304040E-14  7.92963041111597E-10
 Calling cg2d from S/R CG2D_MAD
 cg2d: Sum(rhs),rhsMax =   1.77635683940025E-13  7.73816759879580E-10
(PID.TID 0000.0001) SOLVE_FOR_PRESSURE: putPmEinXvector =    F
 cg2d: Sum(rhs),rhsMax =   8.52651282912120E-13  1.99900718163814E+00
 cg2d: Sum(rhs),rhsMax =   7.81597009336110E-13  1.99891722427463E+00
 cg2d: Sum(rhs),rhsMax =   1.50635059981141E-12  1.99882649286104E+00
 cg2d: Sum(rhs),rhsMax =   5.82645043323282E-13  1.99873498159962E+00
 cg2d: Sum(rhs),rhsMax =   9.37916411203332E-13  1.99864269010628E+00
 cg2d: Sum(rhs),rhsMax =   3.26849658449646E-13  1.99854961876264E+00
 cg2d: Sum(rhs),rhsMax =   4.54747350886464E-13  1.99845576788955E+00
 cg2d: Sum(rhs),rhsMax =   5.25801624462474E-13  1.99836113784468E+00
 cg2d: Sum(rhs),rhsMax =   3.41060513164848E-13  1.99826572897853E+00
 cg2d: Sum(rhs),rhsMax =   9.37916411203332E-13  1.99816954154800E+00
 cg2d: Sum(rhs),rhsMax =   3.69482222595252E-13  1.99807257570752E+00
 cg2d: Sum(rhs),rhsMax =   9.37916411203332E-13  1.99797483157076E+00
 cg2d: Sum(rhs),rhsMax =   4.97379915032070E-13  1.99787630928802E+00
 cg2d: Sum(rhs),rhsMax =   8.52651282912120E-13  1.99777700909586E+00
 cg2d: Sum(rhs),rhsMax =   8.24229573481716E-13  1.99767693132623E+00
 cg2d: Sum(rhs),rhsMax =   5.68434188608080E-13  1.99757607638737E+00
 cg2d: Sum(rhs),rhsMax =   7.10542735760100E-13  1.99747444473723E+00
 cg2d: Sum(rhs),rhsMax =   8.81072992342524E-13  1.99737203686449E+00
 cg2d: Sum(rhs),rhsMax =   6.25277607468888E-13  1.99726885328106E+00
 cg2d: Sum(rhs),rhsMax =   7.81597009336110E-13  1.99716489452377E+00
 cg2d: Sum(rhs),rhsMax =   3.12638803734444E-13  1.99706016115903E+00
 cg2d: Sum(rhs),rhsMax =   3.83693077310454E-13  1.99695465378713E+00
 cg2d: Sum(rhs),rhsMax =   5.68434188608080E-13  1.99684837304370E+00
 cg2d: Sum(rhs),rhsMax =   4.26325641456060E-13  1.99674131959909E+00
 cg2d: Sum(rhs),rhsMax =   3.83693077310454E-13  1.99663349415570E+00
 cg2d: Sum(rhs),rhsMax =   5.40012479177676E-13  1.99652489744398E+00
 cg2d: Sum(rhs),rhsMax =   5.68434188608080E-13  1.99641553021776E+00
 cg2d: Sum(rhs),rhsMax =   7.67386154620908E-13  1.99630539324887E+00
 cg2d: Sum(rhs),rhsMax =   1.26476606965298E-12  1.99619448732192E+00
 cg2d: Sum(rhs),rhsMax =   3.26849658449646E-13  1.99608281322969E+00
 cg2d: Sum(rhs),rhsMax =  -2.41584530158434E-13  1.99597037176933E+00
 cg2d: Sum(rhs),rhsMax =   6.82121026329696E-13  1.99585716374004E+00
 cg2d: Sum(rhs),rhsMax =   7.38964445190504E-13  1.99574318994199E+00
 cg2d: Sum(rhs),rhsMax =   4.83169060316868E-13  1.99562845117595E+00
 cg2d: Sum(rhs),rhsMax =   8.52651282912120E-13  1.99551294824340E+00
 cg2d: Sum(rhs),rhsMax =   5.54223333892878E-13  1.99539668194636E+00
 cg2d: Sum(rhs),rhsMax =   7.81597009336110E-13  1.99527965308675E+00
 cg2d: Sum(rhs),rhsMax =   8.66862137627322E-13  1.99516186246490E+00
 cg2d: Sum(rhs),rhsMax =   6.39488462184090E-13  1.99504331087728E+00
 cg2d: Sum(rhs),rhsMax =   7.10542735760100E-14  1.99492399911349E+00
 cg2d: Sum(rhs),rhsMax =   1.70530256582424E-13  1.99480392795287E+00
 cg2d: Sum(rhs),rhsMax =   7.38964445190504E-13  1.99468309816143E+00
 cg2d: Sum(rhs),rhsMax =   9.80548975348938E-13  1.99456151048905E+00
 cg2d: Sum(rhs),rhsMax =   8.52651282912120E-13  1.99443916566721E+00
 cg2d: Sum(rhs),rhsMax =   1.12265752250096E-12  1.99431606440727E+00
 cg2d: Sum(rhs),rhsMax =   6.11066752753686E-13  1.99419220739920E+00
 cg2d: Sum(rhs),rhsMax =   6.82121026329696E-13  1.99406759531059E+00
 cg2d: Sum(rhs),rhsMax =   4.40536496171262E-13  1.99394222878600E+00
 cg2d: Sum(rhs),rhsMax =   5.11590769747272E-13  1.99381610844648E+00
 cg2d: Sum(rhs),rhsMax =   6.25277607468888E-13  1.99368923488917E+00
 cg2d: Sum(rhs),rhsMax =   1.06581410364015E-12  1.99356160868705E+00
 cg2d: Sum(rhs),rhsMax =   6.53699316899292E-13  1.99343323038886E+00
 cg2d: Sum(rhs),rhsMax =   5.11590769747272E-13  1.99330410051913E+00
 cg2d: Sum(rhs),rhsMax =   8.10018718766514E-13  1.99317421957839E+00
 cg2d: Sum(rhs),rhsMax =   7.38964445190504E-13  1.99304358804364E+00
 cg2d: Sum(rhs),rhsMax =   1.06581410364015E-12  1.99291220636902E+00
 cg2d: Sum(rhs),rhsMax =   4.97379915032070E-13  1.99278007498672E+00
 cg2d: Sum(rhs),rhsMax =   7.95807864051312E-13  1.99264719430797E+00
 cg2d: Sum(rhs),rhsMax =   7.24753590475302E-13  1.99251356472431E+00
 cg2d: Sum(rhs),rhsMax =   5.40012479177676E-13  1.99237918660897E+00
 cg2d: Sum(rhs),rhsMax =   5.96855898038484E-13  1.99224406031819E+00
 cg2d: Sum(rhs),rhsMax =   1.00897068477934E-12  1.99210818619292E+00
 cg2d: Sum(rhs),rhsMax =   7.95807864051312E-13  1.99197156456023E+00
 cg2d: Sum(rhs),rhsMax =   8.10018718766514E-13  1.99183419573504E+00
 cg2d: Sum(rhs),rhsMax =   4.54747350886464E-13  1.99169608002185E+00
 cg2d: Sum(rhs),rhsMax =   4.83169060316868E-13  1.99155721771640E+00
 cg2d: Sum(rhs),rhsMax =   6.96331881044898E-13  1.99141760910769E+00
 cg2d: Sum(rhs),rhsMax =   2.41584530158434E-13  1.99127725447975E+00
 cg2d: Sum(rhs),rhsMax =   6.39488462184090E-13  1.99113615411376E+00
 cg2d: Sum(rhs),rhsMax =   7.10542735760100E-13  1.99099430829005E+00
 cg2d: Sum(rhs),rhsMax =   8.24229573481716E-13  1.99085171729027E+00
 cg2d: Sum(rhs),rhsMax =   3.26849658449646E-13  1.99070838139951E+00
 Calling cg2d from S/R CG2D_MAD
 cg2d: Sum(rhs),rhsMax =   3.55271367880050E-14  7.84085768581128E-10
 Calling cg2d from S/R CG2D_MAD
 cg2d: Sum(rhs),rhsMax =  -6.39488462184090E-14  8.35123352629690E-10
 Calling cg2d from S/R CG2D_MAD
 cg2d: Sum(rhs),rhsMax =   6.39488462184090E-14  8.84651422668008E-10
 Calling cg2d from S/R CG2D_MAD
 cg2d: Sum(rhs),rhsMax =  -7.10542735760100E-15  9.32553410996380E-10
 Calling cg2d from S/R CG2D_MAD
 cg2d: Sum(rhs),rhsMax =  -2.84217094304040E-14  9.78716122457689E-10
 Calling cg2d from S/R CG2D_MAD
 cg2d: Sum(rhs),rhsMax =   7.10542735760100E-15  1.02303011081280E-09
 Calling cg2d from S/R CG2D_MAD
 cg2d: Sum(rhs),rhsMax =  -9.23705556488130E-14  1.06539007657591E-09
 Calling cg2d from S/R CG2D_MAD
 cg2d: Sum(rhs),rhsMax =  -3.55271367880050E-14  1.10569528348597E-09
 Calling cg2d from S/R CG2D_MAD
 cg2d: Sum(rhs),rhsMax =  -3.55271367880050E-14  1.14384999001899E-09
 Calling cg2d from S/R CG2D_MAD
 cg2d: Sum(rhs),rhsMax =   7.10542735760100E-14  1.17976389179475E-09
 Calling cg2d from S/R CG2D_MAD
 cg2d: Sum(rhs),rhsMax =   4.97379915032070E-14  1.21335257034629E-09
 Calling cg2d from S/R CG2D_MAD
 cg2d: Sum(rhs),rhsMax =  -3.55271367880050E-14  1.24453794343451E-09
 Calling cg2d from S/R CG2D_MAD
 cg2d: Sum(rhs),rhsMax =  -2.13162820728030E-14  1.27324871180166E-09
 Calling cg2d from S/R CG2D_MAD
 cg2d: Sum(rhs),rhsMax =  -2.84217094304040E-14  1.29942079691859E-09
 Calling cg2d from S/R CG2D_MAD
 cg2d: Sum(rhs),rhsMax =  -1.42108547152020E-14  1.32299776387458E-09
 Calling cg2d from S/R CG2D_MAD
 cg2d: Sum(rhs),rhsMax =  -2.84217094304040E-14  1.34393122313984E-09
 Calling cg2d from S/R CG2D_MAD
 cg2d: Sum(rhs),rhsMax =   0.00000000000000E+00  1.36218120457239E-09
 Calling cg2d from S/R CG2D_MAD
 cg2d: Sum(rhs),rhsMax =  -3.55271367880050E-14  1.37771649684420E-09
 Calling cg2d from S/R CG2D_MAD
 cg2d: Sum(rhs),rhsMax =   7.81597009336110E-14  1.39051494548218E-09
 Calling cg2d from S/R CG2D_MAD
 cg2d: Sum(rhs),rhsMax =  -2.84217094304040E-14  1.40056370300025E-09
 Calling cg2d from S/R CG2D_MAD
 cg2d: Sum(rhs),rhsMax =   3.55271367880050E-15  1.40785942512242E-09
 Calling cg2d from S/R CG2D_MAD
 cg2d: Sum(rhs),rhsMax =   9.94759830064140E-14  1.41240840782331E-09
 Calling cg2d from S/R CG2D_MAD
 cg2d: Sum(rhs),rhsMax =   3.55271367880050E-14  1.41422666078405E-09
 Calling cg2d from S/R CG2D_MAD
 cg2d: Sum(rhs),rhsMax =  -7.10542735760100E-15  1.41333991381626E-09
 Calling cg2d from S/R CG2D_MAD
 cg2d: Sum(rhs),rhsMax =   1.74082970261225E-13  1.40978355379843E-09
 Calling cg2d from S/R CG2D_MAD
 cg2d: Sum(rhs),rhsMax =   1.06581410364015E-14  1.40360249066742E-09
 Calling cg2d from S/R CG2D_MAD
 cg2d: Sum(rhs),rhsMax =   7.10542735760100E-15  1.39485095199051E-09
 Calling cg2d from S/R CG2D_MAD
 cg2d: Sum(rhs),rhsMax =   3.55271367880050E-15  1.38359220660988E-09
 Calling cg2d from S/R CG2D_MAD
 cg2d: Sum(rhs),rhsMax =   6.92779167366098E-14  1.36989821879521E-09
 Calling cg2d from S/R CG2D_MAD
 cg2d: Sum(rhs),rhsMax =   4.61852778244065E-14  1.35384923525808E-09
 Calling cg2d from S/R CG2D_MAD
 cg2d: Sum(rhs),rhsMax =  -8.34887714518118E-14  1.33553330826284E-09
 Calling cg2d from S/R CG2D_MAD
 cg2d: Sum(rhs),rhsMax =   3.55271367880050E-15  1.31504575891337E-09
 Calling cg2d from S/R CG2D_MAD
 cg2d: Sum(rhs),rhsMax =  -3.81916720471054E-14  1.29248858547184E-09
 Calling cg2d from S/R CG2D_MAD
 cg2d: Sum(rhs),rhsMax =  -6.55031584528842E-15  1.26796982227465E-09
 Calling cg2d from S/R CG2D_MAD
 cg2d: Sum(rhs),rhsMax =   1.02140518265514E-14  1.24160285542923E-09
 Calling cg2d from S/R CG2D_MAD
 cg2d: Sum(rhs),rhsMax =  -3.99680288865056E-14  1.21350570199313E-09
 Calling cg2d from S/R CG2D_MAD
 cg2d: Sum(rhs),rhsMax =   1.24344978758018E-13  1.18380025974528E-09
 Calling cg2d from S/R CG2D_MAD
 cg2d: Sum(rhs),rhsMax =   9.05941988094128E-14  1.15261153495419E-09
 Calling cg2d from S/R CG2D_MAD
 cg2d: Sum(rhs),rhsMax =   7.10542735760100E-15  1.12006685572303E-09
 Calling cg2d from S/R CG2D_MAD
 cg2d: Sum(rhs),rhsMax =  -1.77635683940025E-14  1.08629507855113E-09
 Calling cg2d from S/R CG2D_MAD
 cg2d: Sum(rhs),rhsMax =  -5.32907051820075E-14  1.05142579570099E-09
 Calling cg2d from S/R CG2D_MAD
 cg2d: Sum(rhs),rhsMax =  -1.95399252334028E-13  1.01558855079586E-09
 Calling cg2d from S/R CG2D_MAD
 cg2d: Sum(rhs),rhsMax =  -5.68434188608080E-14  9.78912067247027E-10
 Calling cg2d from S/R CG2D_MAD
 cg2d: Sum(rhs),rhsMax =  -8.17124146124115E-14  9.41523496079437E-10
 Calling cg2d from S/R CG2D_MAD
 cg2d: Sum(rhs),rhsMax =   2.84217094304040E-14  9.03547699240209E-10
 Calling cg2d from S/R CG2D_MAD
 cg2d: Sum(rhs),rhsMax =   4.26325641456060E-14  8.65106581863363E-10
 Calling cg2d from S/R CG2D_MAD
 cg2d: Sum(rhs),rhsMax =  -6.39488462184090E-14  8.26318465992363E-10
 Calling cg2d from S/R CG2D_MAD
 cg2d: Sum(rhs),rhsMax =   7.10542735760100E-15  7.87297487983844E-10
 Calling cg2d from S/R CG2D_MAD
 cg2d: Sum(rhs),rhsMax =   3.55271367880050E-14  7.48153021165363E-10
 Calling cg2d from S/R CG2D_MAD
 cg2d: Sum(rhs),rhsMax =  -2.13162820728030E-14  7.08989150330356E-10
 Calling cg2d from S/R CG2D_MAD
 cg2d: Sum(rhs),rhsMax =  -6.39488462184090E-14  6.69904223955856E-10
 Calling cg2d from S/R CG2D_MAD
 cg2d: Sum(rhs),rhsMax =   3.12638803734444E-13  6.54655729665735E-10
 Calling cg2d from S/R CG2D_MAD
 cg2d: Sum(rhs),rhsMax =   1.27897692436818E-13  6.54184813173334E-10
 Calling cg2d from S/R CG2D_MAD
 cg2d: Sum(rhs),rhsMax =   4.26325641456060E-14  6.49932214034353E-10
 Calling cg2d from S/R CG2D_MAD
 cg2d: Sum(rhs),rhsMax =  -9.94759830064140E-14  6.41951513003910E-10
 Calling cg2d from S/R CG2D_MAD
 cg2d: Sum(rhs),rhsMax =   1.13686837721616E-13  6.30317692572024E-10
 Calling cg2d from S/R CG2D_MAD
 cg2d: Sum(rhs),rhsMax =   9.94759830064140E-14  6.29768837484755E-10
 Calling cg2d from S/R CG2D_MAD
 cg2d: Sum(rhs),rhsMax =   3.69482222595252E-13  6.47796288549974E-10
 Calling cg2d from S/R CG2D_MAD
 cg2d: Sum(rhs),rhsMax =   1.56319401867222E-13  6.61664870425121E-10
 Calling cg2d from S/R CG2D_MAD
 cg2d: Sum(rhs),rhsMax =  -1.27897692436818E-13  6.71325547456372E-10
 Calling cg2d from S/R CG2D_MAD
 cg2d: Sum(rhs),rhsMax =  -1.70530256582424E-13  6.76756593867293E-10
 Calling cg2d from S/R CG2D_MAD
 cg2d: Sum(rhs),rhsMax =  -9.23705556488130E-14  6.77963572516812E-10
 Calling cg2d from S/R CG2D_MAD
 cg2d: Sum(rhs),rhsMax =  -2.84217094304040E-13  6.74979132773220E-10
 Calling cg2d from S/R CG2D_MAD
 cg2d: Sum(rhs),rhsMax =   2.84217094304040E-14  6.67862629166458E-10
 Calling cg2d from S/R CG2D_MAD
 cg2d: Sum(rhs),rhsMax =   4.97379915032070E-14  6.56699563765006E-10
 Calling cg2d from S/R CG2D_MAD
 cg2d: Sum(rhs),rhsMax =   2.06057393370429E-13  6.60881885273288E-10
 Calling cg2d from S/R CG2D_MAD
 cg2d: Sum(rhs),rhsMax =   3.55271367880050E-14  7.03966233748920E-10
 Calling cg2d from S/R CG2D_MAD
 cg2d: Sum(rhs),rhsMax =   1.42108547152020E-14  7.54571682518631E-10
 Calling cg2d from S/R CG2D_MAD
 cg2d: Sum(rhs),rhsMax =  -1.56319401867222E-13  8.03327374979689E-10
 Calling cg2d from S/R CG2D_MAD
 cg2d: Sum(rhs),rhsMax =   1.42108547152020E-14  8.50108642010652E-10
 Calling cg2d from S/R CG2D_MAD
 cg2d: Sum(rhs),rhsMax =  -2.41584530158434E-13  8.94798820399173E-10
 Calling cg2d from S/R CG2D_MAD
 cg2d: Sum(rhs),rhsMax =  -2.13162820728030E-14  9.37289681987309E-10
(PID.TID 0000.0001)  nRecords = 108 ; filePrec =  64 ; fileIter =   3111120
(PID.TID 0000.0001)     nDims =   2 , dims:
(PID.TID 0000.0001)    1:  62   1  62
(PID.TID 0000.0001)    2:  62   1  62
(PID.TID 0000.0001)     nFlds =  10 , nFl3D =   7 , fields:
(PID.TID 0000.0001)  >Uvel    < >Vvel    < >Theta   < >Salt    < >GuNm1   < >GvNm1   < >GtNm1   < >EtaN    < >dEtaHdt < >EtaH    <
(PID.TID 0000.0001) missingVal=  1.00000000000000E+00 ; nTimRec =   1 , timeList:
(PID.TID 0000.0001)   3.733344000000E+09
(PID.TID 0000.0001) READ_MFLDS_3D_RL: read field: "Uvel    ", #   1 in fldList, rec=   1
(PID.TID 0000.0001) READ_MFLDS_3D_RL: read field: "Vvel    ", #   2 in fldList, rec=   2
(PID.TID 0000.0001) READ_MFLDS_3D_RL: read field: "Theta   ", #   3 in fldList, rec=   3
(PID.TID 0000.0001) READ_MFLDS_3D_RL: read field: "Salt    ", #   4 in fldList, rec=   4
(PID.TID 0000.0001) READ_MFLDS_3D_RL: read field: "GuNm1   ", #   5 in fldList, rec=   5
(PID.TID 0000.0001) READ_MFLDS_3D_RL: read field: "GvNm1   ", #   6 in fldList, rec=   6
(PID.TID 0000.0001) READ_MFLDS_3D_RL: read field: "GtNm1   ", #   7 in fldList, rec=   7
(PID.TID 0000.0001) READ_MFLDS_3D_RL: read field: "EtaN    ", #   8 in fldList, rec= 106
(PID.TID 0000.0001) READ_MFLDS_3D_RL: read field: "dEtaHdt ", #   9 in fldList, rec= 107
(PID.TID 0000.0001) READ_MFLDS_CHECK: - normal end ; reset MFLDS file-name: pickup.0003111120
 ph-pack: packing ecco_cost
 ph-pack: packing ecco_ctrl
(PID.TID 0000.0001) // =======================================================
(PID.TID 0000.0001) // Gradient-check starts (grdchk_main)
(PID.TID 0000.0001) // =======================================================
(PID.TID 0000.0001) grdchk reference fc: fcref       =  3.22547976275027E-01
grad-res -------------------------------
 grad-res  proc    #    i    j    k   bi   bj iobc       fc ref            fc + eps           fc - eps
 grad-res  proc    #    i    j    k   bi   bj iobc      adj grad            fd grad          1 - fd/adj
 grad-res exact position met: 
 grad-res     0  453    4   17    1    1    1
(PID.TID 0000.0001) ====== Starts gradient-check number   1 (=ichknum) =======
 ph-test icomp, ncvarcomp, ichknum          453         900           1
 ph-grd _loc: bi, bj, icomptest, ichknum            1           1           0           1
 ph-grd -->hit<--            4          17           1           1
(PID.TID 0000.0001) grdchk pos: i,j,k=    4   17    1 ; bi,bj=   1   1 ; iobc=  1 ; rec=   1
(PID.TID 0000.0001)  nRecords = 108 ; filePrec =  64 ; fileIter =   3111120
(PID.TID 0000.0001)     nDims =   2 , dims:
(PID.TID 0000.0001)    1:  62   1  62
(PID.TID 0000.0001)    2:  62   1  62
(PID.TID 0000.0001)     nFlds =  10 , nFl3D =   7 , fields:
(PID.TID 0000.0001)  >Uvel    < >Vvel    < >Theta   < >Salt    < >GuNm1   < >GvNm1   < >GtNm1   < >EtaN    < >dEtaHdt < >EtaH    <
(PID.TID 0000.0001) missingVal=  1.00000000000000E+00 ; nTimRec =   1 , timeList:
(PID.TID 0000.0001)   3.733344000000E+09
(PID.TID 0000.0001) READ_MFLDS_3D_RL: read field: "Uvel    ", #   1 in fldList, rec=   1
(PID.TID 0000.0001) READ_MFLDS_3D_RL: read field: "Vvel    ", #   2 in fldList, rec=   2
(PID.TID 0000.0001) READ_MFLDS_3D_RL: read field: "Theta   ", #   3 in fldList, rec=   3
(PID.TID 0000.0001) READ_MFLDS_3D_RL: read field: "Salt    ", #   4 in fldList, rec=   4
(PID.TID 0000.0001) READ_MFLDS_3D_RL: read field: "GuNm1   ", #   5 in fldList, rec=   5
(PID.TID 0000.0001) READ_MFLDS_3D_RL: read field: "GvNm1   ", #   6 in fldList, rec=   6
(PID.TID 0000.0001) READ_MFLDS_3D_RL: read field: "GtNm1   ", #   7 in fldList, rec=   7
(PID.TID 0000.0001) READ_MFLDS_3D_RL: read field: "EtaN    ", #   8 in fldList, rec= 106
(PID.TID 0000.0001) READ_MFLDS_3D_RL: read field: "dEtaHdt ", #   9 in fldList, rec= 107
(PID.TID 0000.0001) READ_MFLDS_CHECK: - normal end ; reset MFLDS file-name: pickup.0003111120
(PID.TID 0000.0001) // =======================================================
(PID.TID 0000.0001) // Model current state
(PID.TID 0000.0001) // =======================================================
(PID.TID 0000.0001) 
(PID.TID 0000.0001) SOLVE_FOR_PRESSURE: putPmEinXvector =    F
 cg2d: Sum(rhs),rhsMax =  -5.49285256283838E-05  1.99900718163814E+00
 cg2d: Sum(rhs),rhsMax =  -5.49309015127619E-05  1.99892072973624E+00
 cg2d: Sum(rhs),rhsMax =  -5.49334235842025E-05  1.99882896494082E+00
 cg2d: Sum(rhs),rhsMax =  -5.49360137966914E-05  1.99873471193457E+00
 cg2d: Sum(rhs),rhsMax =  -5.49385837871341E-05  1.99864121784188E+00
 cg2d: Sum(rhs),rhsMax =  -5.49411380603715E-05  1.99854830163172E+00
 cg2d: Sum(rhs),rhsMax =  -5.49437042138834E-05  1.99845495911538E+00
 cg2d: Sum(rhs),rhsMax =  -5.49462949805957E-05  1.99836071767363E+00
 cg2d: Sum(rhs),rhsMax =  -5.49489125631908E-05  1.99826552058456E+00
 cg2d: Sum(rhs),rhsMax =  -5.49515548868840E-05  1.99816943339583E+00
 cg2d: Sum(rhs),rhsMax =  -5.49542204737463E-05  1.99807251652107E+00
 cg2d: Sum(rhs),rhsMax =  -5.49569084000723E-05  1.99797480216055E+00
 cg2d: Sum(rhs),rhsMax =  -5.49596178984757E-05  1.99787630343550E+00
 cg2d: Sum(rhs),rhsMax =  -5.49623491110651E-05  1.99777702514388E+00
 cg2d: Sum(rhs),rhsMax =  -5.49651015973041E-05  1.99767696926495E+00
 cg2d: Sum(rhs),rhsMax =  -5.49678763235306E-05  1.99757613667470E+00
 cg2d: Sum(rhs),rhsMax =  -5.49706722239307E-05  1.99747452737281E+00
 cg2d: Sum(rhs),rhsMax =  -5.49734900516796E-05  1.99737214046962E+00
 cg2d: Sum(rhs),rhsMax =  -5.49763295936145E-05  1.99726897437654E+00
 cg2d: Sum(rhs),rhsMax =  -5.49791910771091E-05  1.99716502726246E+00
 cg2d: Sum(rhs),rhsMax =  -5.49820741895246E-05  1.99706029766620E+00
 cg2d: Sum(rhs),rhsMax =  -5.49849792861323E-05  1.99695478507819E+00
 cg2d: Sum(rhs),rhsMax =  -5.49879063100889E-05  1.99684849030638E+00
 cg2d: Sum(rhs),rhsMax =  -5.49908547924360E-05  1.99674141551232E+00
 cg2d: Sum(rhs),rhsMax =  -5.49938253868731E-05  1.99663356391304E+00
 cg2d: Sum(rhs),rhsMax =  -5.49968171981163E-05  1.99652493925026E+00
 cg2d: Sum(rhs),rhsMax =  -5.49998315761968E-05  1.99641554518963E+00
 cg2d: Sum(rhs),rhsMax =  -5.50028655936785E-05  1.99630538481325E+00
 cg2d: Sum(rhs),rhsMax =  -5.50059224764254E-05  1.99619446031728E+00
 cg2d: Sum(rhs),rhsMax =  -5.50089996238512E-05  1.99608277294870E+00
 cg2d: Sum(rhs),rhsMax =  -5.50120998070724E-05  1.99597032314482E+00
 cg2d: Sum(rhs),rhsMax =  -5.50152194165321E-05  1.99585711079524E+00
 cg2d: Sum(rhs),rhsMax =  -5.50183616780942E-05  1.99574313553611E+00
 cg2d: Sum(rhs),rhsMax =  -5.50215248722452E-05  1.99562839700489E+00
 cg2d: Sum(rhs),rhsMax =  -5.50247093968892E-05  1.99551289501508E+00
 cg2d: Sum(rhs),rhsMax =  -5.50279157351952E-05  1.99539662964207E+00
 cg2d: Sum(rhs),rhsMax =  -5.50311429918793E-05  1.99527960123464E+00
 cg2d: Sum(rhs),rhsMax =  -5.50343923322316E-05  1.99516181037695E+00
 cg2d: Sum(rhs),rhsMax =  -5.50376621646365E-05  1.99504325782750E+00
 cg2d: Sum(rhs),rhsMax =  -5.50409544644026E-05  1.99492394445398E+00
 cg2d: Sum(rhs),rhsMax =  -5.50442669151607E-05  1.99480387117759E+00
 cg2d: Sum(rhs),rhsMax =  -5.50476019043344E-05  1.99468303893118E+00
 cg2d: Sum(rhs),rhsMax =  -5.50509572008195E-05  1.99456144863154E+00
 cg2d: Sum(rhs),rhsMax =  -5.50543351920396E-05  1.99443910116259E+00
 cg2d: Sum(rhs),rhsMax =  -5.50577335900471E-05  1.99431599736661E+00
 cg2d: Sum(rhs),rhsMax =  -5.50611530201195E-05  1.99419213803977E+00
 cg2d: Sum(rhs),rhsMax =  -5.50645933259375E-05  1.99406752393015E+00
 cg2d: Sum(rhs),rhsMax =  -5.50680560564842E-05  1.99394215573719E+00
 cg2d: Sum(rhs),rhsMax =  -5.50715388953904E-05  1.99381603411204E+00
 cg2d: Sum(rhs),rhsMax =  -5.50750435479586E-05  1.99368915965937E+00
 cg2d: Sum(rhs),rhsMax =  -5.50785694315437E-05  1.99356153294086E+00
 cg2d: Sum(rhs),rhsMax =  -5.50821166598325E-05  1.99343315448079E+00
 cg2d: Sum(rhs),rhsMax =  -5.50856850765058E-05  1.99330402477386E+00
 cg2d: Sum(rhs),rhsMax =  -5.50892743973463E-05  1.99317414429469E+00
 cg2d: Sum(rhs),rhsMax =  -5.50928849492038E-05  1.99304351350843E+00
 cg2d: Sum(rhs),rhsMax =  -5.50965171584039E-05  1.99291213288061E+00
 cg2d: Sum(rhs),rhsMax =  -5.51001702717713E-05  1.99278000288548E+00
 cg2d: Sum(rhs),rhsMax =  -5.51038448435293E-05  1.99264712401044E+00
 cg2d: Sum(rhs),rhsMax =  -5.51075406320933E-05  1.99251349675547E+00
 cg2d: Sum(rhs),rhsMax =  -5.51112567848122E-05  1.99237912162700E+00
 cg2d: Sum(rhs),rhsMax =  -5.51149950069885E-05  1.99224399912589E+00
 cg2d: Sum(rhs),rhsMax =  -5.51187541759646E-05  1.99210812973057E+00
 cg2d: Sum(rhs),rhsMax =  -5.51225341212103E-05  1.99197151387720E+00
 cg2d: Sum(rhs),rhsMax =  -5.51263356101117E-05  1.99183415193954E+00
 cg2d: Sum(rhs),rhsMax =  -5.51301578752827E-05  1.99169604421159E+00
 cg2d: Sum(rhs),rhsMax =  -5.51340013998924E-05  1.99155719089587E+00
 cg2d: Sum(rhs),rhsMax =  -5.51378664397362E-05  1.99141759210041E+00
 cg2d: Sum(rhs),rhsMax =  -5.51417525542774E-05  1.99127724784568E+00
 cg2d: Sum(rhs),rhsMax =  -5.51456597435163E-05  1.99113615808230E+00
 cg2d: Sum(rhs),rhsMax =  -5.51495889595799E-05  1.99099432271836E+00
 cg2d: Sum(rhs),rhsMax =  -5.51535383266355E-05  1.99085174165392E+00
 cg2d: Sum(rhs),rhsMax =  -5.51575096636725E-05  1.99070841481965E+00
 cg2d: Sum(rhs),rhsMax =  -5.51615013648643E-05  1.99056434221489E+00
 cg2d: Sum(rhs),rhsMax =  -5.51655148512964E-05  1.99041952394132E+00
 cg2d: Sum(rhs),rhsMax =  -5.51695491424198E-05  1.99027396022801E+00
 cg2d: Sum(rhs),rhsMax =  -5.51736050908858E-05  1.99012765144502E+00
 cg2d: Sum(rhs),rhsMax =  -5.51776820714167E-05  1.98998059810419E+00
 cg2d: Sum(rhs),rhsMax =  -5.51817807803445E-05  1.98983280084646E+00
 cg2d: Sum(rhs),rhsMax =  -5.51859007202893E-05  1.98968426041796E+00
 cg2d: Sum(rhs),rhsMax =  -5.51900416922990E-05  1.98953497763702E+00
 cg2d: Sum(rhs),rhsMax =  -5.51942032132047E-05  1.98938495335631E+00
 cg2d: Sum(rhs),rhsMax =  -5.51983865051398E-05  1.98923418842367E+00
 cg2d: Sum(rhs),rhsMax =  -5.52025912838872E-05  1.98908268364675E+00
 cg2d: Sum(rhs),rhsMax =  -5.52068163131025E-05  1.98893043976402E+00
 cg2d: Sum(rhs),rhsMax =  -5.52110628433411E-05  1.98877745742549E+00
 cg2d: Sum(rhs),rhsMax =  -5.52153307467051E-05  1.98862373718429E+00
 cg2d: Sum(rhs),rhsMax =  -5.52196197816102E-05  1.98846927949944E+00
 cg2d: Sum(rhs),rhsMax =  -5.52239297206825E-05  1.98831408474903E+00
 cg2d: Sum(rhs),rhsMax =  -5.52282607344523E-05  1.98815815325147E+00
 cg2d: Sum(rhs),rhsMax =  -5.52326133771430E-05  1.98800148529264E+00
 cg2d: Sum(rhs),rhsMax =  -5.52369873929592E-05  1.98784408115577E+00
 cg2d: Sum(rhs),rhsMax =  -5.52413815313457E-05  1.98768594115123E+00
 cg2d: Sum(rhs),rhsMax =  -5.52457975260268E-05  1.98752706564347E+00
 cg2d: Sum(rhs),rhsMax =  -5.52502344390859E-05  1.98736745507322E+00
 cg2d: Sum(rhs),rhsMax =  -5.52546923131558E-05  1.98720710997359E+00
 cg2d: Sum(rhs),rhsMax =  -5.52591721856288E-05  1.98704603097942E+00
 cg2d: Sum(rhs),rhsMax =  -5.52636723085698E-05  1.98688421882974E+00
 cg2d: Sum(rhs),rhsMax =  -5.52681939467448E-05  1.98672167436466E+00
 cg2d: Sum(rhs),rhsMax =  -5.52727360201288E-05  1.98655839851699E+00
 cg2d: Sum(rhs),rhsMax =  -5.52772988129391E-05  1.98639439230089E+00
 cg2d: Sum(rhs),rhsMax =  -5.52818841299541E-05  1.98622965679873E+00
 cg2d: Sum(rhs),rhsMax =  -5.52864894842742E-05  1.98606419314753E+00
 cg2d: Sum(rhs),rhsMax =  -5.52911164390935E-05  1.98589800252601E+00
 cg2d: Sum(rhs),rhsMax =  -5.52957640564955E-05  1.98573108614339E+00
 cg2d: Sum(rhs),rhsMax =  -5.53004325496431E-05  1.98556344523048E+00
 cg2d: Sum(rhs),rhsMax =  -5.53051221601208E-05  1.98539508103402E+00
 cg2d: Sum(rhs),rhsMax =  -5.53098327600310E-05  1.98522599481304E+00
 cg2d: Sum(rhs),rhsMax =  -5.53145643351627E-05  1.98505618783776E+00
 cg2d: Sum(rhs),rhsMax =  -5.53193170418353E-05  1.98488566139012E+00
 cg2d: Sum(rhs),rhsMax =  -5.53240888905293E-05  1.98471441676538E+00
 cg2d: Sum(rhs),rhsMax =  -5.53288831071086E-05  1.98454245527406E+00
 cg2d: Sum(rhs),rhsMax =  -5.53336975173124E-05  1.98436977824379E+00
 cg2d: Sum(rhs),rhsMax =  -5.53385332295875E-05  1.98419638702021E+00
 cg2d: Sum(rhs),rhsMax =  -5.53433894623367E-05  1.98402228296701E+00
 cg2d: Sum(rhs),rhsMax =  -5.53482663718796E-05  1.98384746746429E+00
 cg2d: Sum(rhs),rhsMax =  -5.53531637876858E-05  1.98367194190590E+00
 cg2d: Sum(rhs),rhsMax =  -5.53580818660748E-05  1.98349570769494E+00
 cg2d: Sum(rhs),rhsMax =  -5.53630207491551E-05  1.98331876623870E+00
 cg2d: Sum(rhs),rhsMax =  -5.53679800532336E-05  1.98314111894243E+00
 cg2d: Sum(rhs),rhsMax =  -5.53729601904251E-05  1.98296276720293E+00
 cg2d: Sum(rhs),rhsMax =  -5.53779600096505E-05  1.98278371240197E+00
 cg2d: Sum(rhs),rhsMax =  -5.53829817135920E-05  1.98260395590031E+00
 cg2d: Sum(rhs),rhsMax =  -5.53880225027115E-05  1.98242349903220E+00
 cg2d: Sum(rhs),rhsMax =  -5.53930844375827E-05  1.98224234310100E+00
 cg2d: Sum(rhs),rhsMax =  -5.53981671203019E-05  1.98206048937595E+00
 cg2d: Sum(rhs),rhsMax =  -5.54032694140005E-05  1.98187793909043E+00
 cg2d: Sum(rhs),rhsMax =  -5.54083926118665E-05  1.98169469344130E+00
 cg2d: Sum(rhs),rhsMax =  -5.54135359038810E-05  1.98151075358933E+00
 cg2d: Sum(rhs),rhsMax =  -5.54187002137496E-05  1.98132612066070E+00
 cg2d: Sum(rhs),rhsMax =  -5.54238844472366E-05  1.98114079574948E+00
 cg2d: Sum(rhs),rhsMax =  -5.54290887748721E-05  1.98095477992072E+00
 cg2d: Sum(rhs),rhsMax =  -5.54343134382407E-05  1.98076807421381E+00
 cg2d: Sum(rhs),rhsMax =  -5.54395587357703E-05  1.98058067964627E+00
 cg2d: Sum(rhs),rhsMax =  -5.54448235590144E-05  1.98039259721727E+00
 cg2d: Sum(rhs),rhsMax =  -5.54501083342984E-05  1.98020382791098E+00
 cg2d: Sum(rhs),rhsMax =  -5.54554144969188E-05  1.98001437269966E+00
 cg2d: Sum(rhs),rhsMax =  -5.54607400573559E-05  1.97982423254623E+00
 cg2d: Sum(rhs),rhsMax =  -5.54660861240563E-05  1.97963340840640E+00
 cg2d: Sum(rhs),rhsMax =  -5.54714523985922E-05  1.97944190123038E+00
 cg2d: Sum(rhs),rhsMax =  -5.54768388099092E-05  1.97924971196405E+00
 cg2d: Sum(rhs),rhsMax =  -5.54822451874770E-05  1.97905684154989E+00
 cg2d: Sum(rhs),rhsMax =  -5.54876720002540E-05  1.97886329092751E+00
 cg2d: Sum(rhs),rhsMax =  -5.54931191203423E-05  1.97866906103405E+00
 cg2d: Sum(rhs),rhsMax =  -5.54985859224644E-05  1.97847415280436E+00
 cg2d: Sum(rhs),rhsMax =  -5.55040725771505E-05  1.97827856717127E+00
 cg2d: Sum(rhs),rhsMax =  -5.55095802354799E-05  1.97808230506572E+00
 cg2d: Sum(rhs),rhsMax =  -5.55151070074089E-05  1.97788536741711E+00
 cg2d: Sum(rhs),rhsMax =  -5.55206539161190E-05  1.97768775515366E+00
 cg2d: Sum(rhs),rhsMax =  -5.55262214874119E-05  1.97748946920289E+00
 cg2d: Sum(rhs),rhsMax =  -5.55318085702083E-05  1.97729051049242E+00
 cg2d: Sum(rhs),rhsMax =  -5.55374151360866E-05  1.97709087995063E+00
 cg2d: Sum(rhs),rhsMax =  -5.55430429045600E-05  1.97689057850768E+00
 cg2d: Sum(rhs),rhsMax =  -5.55486894171509E-05  1.97668960709661E+00
 cg2d: Sum(rhs),rhsMax =  -5.55543563933725E-05  1.97648796665440E+00
 cg2d: Sum(rhs),rhsMax =  -5.55600441600745E-05  1.97628565812349E+00
 cg2d: Sum(rhs),rhsMax =  -5.55657506851048E-05  1.97608268245301E+00
 cg2d: Sum(rhs),rhsMax =  -5.55714777590310E-05  1.97587904060046E+00
 cg2d: Sum(rhs),rhsMax =  -5.55772241028762E-05  1.97567473353326E+00
 cg2d: Sum(rhs),rhsMax =  -5.55829909956174E-05  1.97546976223057E+00
 cg2d: Sum(rhs),rhsMax =  -5.55887770445906E-05  1.97526412768522E+00
 cg2d: Sum(rhs),rhsMax =  -5.55945833156102E-05  1.97505783090569E+00
 cg2d: Sum(rhs),rhsMax =  -5.56004097376217E-05  1.97485087291830E+00
 cg2d: Sum(rhs),rhsMax =  -5.56062557137693E-05  1.97464325476940E+00
 cg2d: Sum(rhs),rhsMax =  -5.56121210451010E-05  1.97443497752777E+00
 cg2d: Sum(rhs),rhsMax =  -5.56180068258527E-05  1.97422604228697E+00
 cg2d: Sum(rhs),rhsMax =  -5.56239118765234E-05  1.97401645016767E+00
 cg2d: Sum(rhs),rhsMax =  -5.56298371066077E-05  1.97380620231995E+00
 cg2d: Sum(rhs),rhsMax =  -5.56357818766173E-05  1.97359529992543E+00
 cg2d: Sum(rhs),rhsMax =  -5.56417463144498E-05  1.97338374419921E+00
 cg2d: Sum(rhs),rhsMax =  -5.56477307043224E-05  1.97317153639145E+00
 cg2d: Sum(rhs),rhsMax =  -5.56537342504271E-05  1.97295867778859E+00
 cg2d: Sum(rhs),rhsMax =  -5.56597574359330E-05  1.97274516971414E+00
 cg2d: Sum(rhs),rhsMax =  -5.56658006019006E-05  1.97253101352887E+00
 cg2d: Sum(rhs),rhsMax =  -5.56718627393593E-05  1.97231621063060E+00
 cg2d: Sum(rhs),rhsMax =  -5.56779453404488E-05  1.97210076245310E+00
 cg2d: Sum(rhs),rhsMax =  -5.56840468419750E-05  1.97188467046470E+00
 cg2d: Sum(rhs),rhsMax =  -5.56901678692157E-05  1.97166793616601E+00
 cg2d: Sum(rhs),rhsMax =  -5.56963077116279E-05  1.97145056108740E+00
 cg2d: Sum(rhs),rhsMax =  -5.57024677902973E-05  1.97123254678554E+00
 cg2d: Sum(rhs),rhsMax =  -5.57086470962531E-05  1.97101389484004E+00
 cg2d: Sum(rhs),rhsMax =  -5.57148459989776E-05  1.97079460684929E+00
 cg2d: Sum(rhs),rhsMax =  -5.57210639584582E-05  1.97057468442642E+00
 cg2d: Sum(rhs),rhsMax =  -5.57273008894299E-05  1.97035412919495E+00
 cg2d: Sum(rhs),rhsMax =  -5.57335571755857E-05  1.97013294278470E+00
 cg2d: Sum(rhs),rhsMax =  -5.57398327885039E-05  1.96991112682764E+00
 cg2d: Sum(rhs),rhsMax =  -5.57461285382033E-05  1.96968868295408E+00
 cg2d: Sum(rhs),rhsMax =  -5.57524424493749E-05  1.96946561278933E+00
 cg2d: Sum(rhs),rhsMax =  -5.57587755594113E-05  1.96924191795076E+00
 cg2d: Sum(rhs),rhsMax =  -5.57651276977822E-05  1.96901760004529E+00
 cg2d: Sum(rhs),rhsMax =  -5.57714989213309E-05  1.96879266066762E+00
 cg2d: Sum(rhs),rhsMax =  -5.57778892300576E-05  1.96856710139883E+00
 cg2d: Sum(rhs),rhsMax =  -5.57842984676427E-05  1.96834092380576E+00
 cg2d: Sum(rhs),rhsMax =  -5.57907265346103E-05  1.96811412944073E+00
 cg2d: Sum(rhs),rhsMax =  -5.57971746388830E-05  1.96788671984189E+00
 cg2d: Sum(rhs),rhsMax =  -5.58036404072482E-05  1.96765869653409E+00
 cg2d: Sum(rhs),rhsMax =  -5.58101253318455E-05  1.96743006102999E+00
 cg2d: Sum(rhs),rhsMax =  -5.58166286026562E-05  1.96720081483129E+00
 cg2d: Sum(rhs),rhsMax =  -5.58231517260310E-05  1.96697095943008E+00
 cg2d: Sum(rhs),rhsMax =  -5.58296927835045E-05  1.96674049631023E+00
 cg2d: Sum(rhs),rhsMax =  -5.58362530256318E-05  1.96650942694882E+00
 cg2d: Sum(rhs),rhsMax =  -5.58428322250393E-05  1.96627775281751E+00
 cg2d: Sum(rhs),rhsMax =  -5.58494291595935E-05  1.96604547538384E+00
 cg2d: Sum(rhs),rhsMax =  -5.58560456767054E-05  1.96581259611218E+00
 cg2d: Sum(rhs),rhsMax =  -5.58626803410789E-05  1.96557911646457E+00
 cg2d: Sum(rhs),rhsMax =  -5.58693336927263E-05  1.96534503790124E+00
 cg2d: Sum(rhs),rhsMax =  -5.58760051774243E-05  1.96511036188083E+00
 cg2d: Sum(rhs),rhsMax =  -5.58826961452041E-05  1.96487508986051E+00
 cg2d: Sum(rhs),rhsMax =  -5.58894050470826E-05  1.96463922329579E+00
 cg2d: Sum(rhs),rhsMax =  -5.58961328067653E-05  1.96440276364025E+00
 cg2d: Sum(rhs),rhsMax =  -5.59028785858118E-05  1.96416571234525E+00
 cg2d: Sum(rhs),rhsMax =  -5.59096430947648E-05  1.96392807085948E+00
 cg2d: Sum(rhs),rhsMax =  -5.59164261773049E-05  1.96368984062863E+00
 cg2d: Sum(rhs),rhsMax =  -5.59232271371002E-05  1.96345102309509E+00
 cg2d: Sum(rhs),rhsMax =  -5.59300465852175E-05  1.96321161969774E+00
 cg2d: Sum(rhs),rhsMax =  -5.59368849337716E-05  1.96297163187197E+00
 cg2d: Sum(rhs),rhsMax =  -5.59437407900987E-05  1.96273106104969E+00
 cg2d: Sum(rhs),rhsMax =  -5.59506151347477E-05  1.96248990865974E+00
 cg2d: Sum(rhs),rhsMax =  -5.59575069871698E-05  1.96224817612825E+00
 cg2d: Sum(rhs),rhsMax =  -5.59644183226737E-05  1.96200586487940E+00
 cg2d: Sum(rhs),rhsMax =  -5.59713480896562E-05  1.96176297633616E+00
 cg2d: Sum(rhs),rhsMax =  -5.59782951228271E-05  1.96151951192122E+00
 cg2d: Sum(rhs),rhsMax =  -5.59852600758859E-05  1.96127547305813E+00
 cg2d: Sum(rhs),rhsMax =  -5.59922438725380E-05  1.96103086117232E+00
 cg2d: Sum(rhs),rhsMax =  -5.59992449638003E-05  1.96078567769227E+00
 cg2d: Sum(rhs),rhsMax =  -5.60062645149628E-05  1.96053992405080E+00
 cg2d: Sum(rhs),rhsMax =  -5.60133017586395E-05  1.96029360168605E+00
 cg2d: Sum(rhs),rhsMax =  -5.60203574764273E-05  1.96004671204269E+00
 cg2d: Sum(rhs),rhsMax =  -5.60274309862052E-05  1.95979925657288E+00
 cg2d: Sum(rhs),rhsMax =  -5.60345226148229E-05  1.95955123673725E+00
 cg2d: Sum(rhs),rhsMax =  -5.60416314101531E-05  1.95930265400575E+00
 cg2d: Sum(rhs),rhsMax =  -5.60487589353897E-05  1.95905350985823E+00
 cg2d: Sum(rhs),rhsMax =  -5.60559035989172E-05  1.95880380578525E+00
 cg2d: Sum(rhs),rhsMax =  -5.60630668644535E-05  1.95855354328848E+00
 cg2d: Sum(rhs),rhsMax =  -5.60702465293161E-05  1.95830272388119E+00
 cg2d: Sum(rhs),rhsMax =  -5.60774452509349E-05  1.95805134908859E+00
 cg2d: Sum(rhs),rhsMax =  -5.60846620771827E-05  1.95779942044809E+00
 cg2d: Sum(rhs),rhsMax =  -5.60918945495814E-05  1.95754693950951E+00
 cg2d: Sum(rhs),rhsMax =  -5.60991464624294E-05  1.95729390783529E+00
 cg2d: Sum(rhs),rhsMax =  -5.61064153856705E-05  1.95704032700055E+00
 cg2d: Sum(rhs),rhsMax =  -5.61137020724800E-05  1.95678619859312E+00
 cg2d: Sum(rhs),rhsMax =  -5.61210057981043E-05  1.95653152421356E+00
 cg2d: Sum(rhs),rhsMax =  -5.61283279552072E-05  1.95627630547511E+00
 cg2d: Sum(rhs),rhsMax =  -5.61356669379620E-05  1.95602054400347E+00
 cg2d: Sum(rhs),rhsMax =  -5.61430231584836E-05  1.95576424143639E+00
 cg2d: Sum(rhs),rhsMax =  -5.61503972562605E-05  1.95550739942323E+00
 cg2d: Sum(rhs),rhsMax =  -5.61577888475995E-05  1.95525001962506E+00
 cg2d: Sum(rhs),rhsMax =  -5.61651975630184E-05  1.95499210371471E+00
 cg2d: Sum(rhs),rhsMax =  -5.61726235304150E-05  1.95473365337594E+00
 cg2d: Sum(rhs),rhsMax =  -5.61800671334822E-05  1.95447467030253E+00
 cg2d: Sum(rhs),rhsMax =  -5.61875272495627E-05  1.95421515619696E+00
 cg2d: Sum(rhs),rhsMax =  -5.61950049018378E-05  1.95395511276952E+00
 cg2d: Sum(rhs),rhsMax =  -5.62024999766209E-05  1.95369454173754E+00
 cg2d: Sum(rhs),rhsMax =  -5.62100121754838E-05  1.95343344482436E+00
 cg2d: Sum(rhs),rhsMax =  -5.62175410578902E-05  1.95317182375848E+00
 cg2d: Sum(rhs),rhsMax =  -5.62250869933223E-05  1.95290968027229E+00
 cg2d: Sum(rhs),rhsMax =  -5.62326507917987E-05  1.95264701610090E+00
 cg2d: Sum(rhs),rhsMax =  -5.62402310038124E-05  1.95238383298117E+00
 cg2d: Sum(rhs),rhsMax =  -5.62478280130563E-05  1.95212013265035E+00
 cg2d: Sum(rhs),rhsMax =  -5.62554421748018E-05  1.95185591684520E+00
 cg2d: Sum(rhs),rhsMax =  -5.62630730200908E-05  1.95159118730102E+00
 cg2d: Sum(rhs),rhsMax =  -5.62707206626101E-05  1.95132594575074E+00
 cg2d: Sum(rhs),rhsMax =  -5.62783854292093E-05  1.95106019392424E+00
 cg2d: Sum(rhs),rhsMax =  -5.62860669077736E-05  1.95079393354774E+00
 cg2d: Sum(rhs),rhsMax =  -5.62937640324890E-05  1.95052716634335E+00
 cg2d: Sum(rhs),rhsMax =  -5.63014794749961E-05  1.95025989402880E+00
 cg2d: Sum(rhs),rhsMax =  -5.63092108905039E-05  1.94999211831724E+00
 cg2d: Sum(rhs),rhsMax =  -5.63169591174528E-05  1.94972384091724E+00
 cg2d: Sum(rhs),rhsMax =  -5.63247234879327E-05  1.94945506353298E+00
 cg2d: Sum(rhs),rhsMax =  -5.63325043998475E-05  1.94918578786434E+00
 cg2d: Sum(rhs),rhsMax =  -5.63403026490050E-05  1.94891601560741E+00
 cg2d: Sum(rhs),rhsMax =  -5.63481166295787E-05  1.94864574845482E+00
 cg2d: Sum(rhs),rhsMax =  -5.63559473647501E-05  1.94837498809620E+00
 cg2d: Sum(rhs),rhsMax =  -5.63637940018680E-05  1.94810373621874E+00
 cg2d: Sum(rhs),rhsMax =  -5.63716568677819E-05  1.94783199450779E+00
 cg2d: Sum(rhs),rhsMax =  -5.63795371277820E-05  1.94755976464732E+00
 cg2d: Sum(rhs),rhsMax =  -5.63874333607828E-05  1.94728704832042E+00
 cg2d: Sum(rhs),rhsMax =  -5.63953449699284E-05  1.94701384721005E+00
 cg2d: Sum(rhs),rhsMax =  -5.64032735610454E-05  1.94674016299916E+00
 cg2d: Sum(rhs),rhsMax =  -5.64112179404219E-05  1.94646599737134E+00
 cg2d: Sum(rhs),rhsMax =  -5.64191785770163E-05  1.94619135201121E+00
 cg2d: Sum(rhs),rhsMax =  -5.64271554708284E-05  1.94591622860453E+00
 cg2d: Sum(rhs),rhsMax =  -5.64351481671110E-05  1.94564062883872E+00
 cg2d: Sum(rhs),rhsMax =  -5.64431573764068E-05  1.94536455440294E+00
 cg2d: Sum(rhs),rhsMax =  -5.64511820471125E-05  1.94508800698824E+00
 cg2d: Sum(rhs),rhsMax =  -5.64592232308314E-05  1.94481098828787E+00
 cg2d: Sum(rhs),rhsMax =  -5.64672798475385E-05  1.94453349999731E+00
 cg2d: Sum(rhs),rhsMax =  -5.64753526930417E-05  1.94425554381451E+00
 cg2d: Sum(rhs),rhsMax =  -5.64834413410154E-05  1.94397712143996E+00
 cg2d: Sum(rhs),rhsMax =  -5.64915455925075E-05  1.94369823457694E+00
 cg2d: Sum(rhs),rhsMax =  -5.64996654048855E-05  1.94341888493175E+00
 cg2d: Sum(rhs),rhsMax =  -5.65078017871201E-05  1.94313907421391E+00
 cg2d: Sum(rhs),rhsMax =  -5.65159535028670E-05  1.94285880413652E+00
 cg2d: Sum(rhs),rhsMax =  -5.65241205094935E-05  1.94257807641662E+00
 cg2d: Sum(rhs),rhsMax =  -5.65323041143984E-05  1.94229689277557E+00
 cg2d: Sum(rhs),rhsMax =  -5.65405027117549E-05  1.94201525493961E+00
 cg2d: Sum(rhs),rhsMax =  -5.65487162589307E-05  1.94173316464026E+00
 cg2d: Sum(rhs),rhsMax =  -5.65569457080528E-05  1.94145062361502E+00
 cg2d: Sum(rhs),rhsMax =  -5.65651908459586E-05  1.94116763360792E+00
 cg2d: Sum(rhs),rhsMax =  -5.65734510473703E-05  1.94088419637013E+00
 cg2d: Sum(rhs),rhsMax =  -5.65817278754821E-05  1.94060031366066E+00
 cg2d: Sum(rhs),rhsMax =  -5.65900179907430E-05  1.94031598724703E+00
 cg2d: Sum(rhs),rhsMax =  -5.65983253011382E-05  1.94003121890582E+00
 cg2d: Sum(rhs),rhsMax =  -5.66066465097492E-05  1.93974601042341E+00
 cg2d: Sum(rhs),rhsMax =  -5.66149837908370E-05  1.93946036359647E+00
 cg2d: Sum(rhs),rhsMax =  -5.66233360359547E-05  1.93917428023249E+00
 cg2d: Sum(rhs),rhsMax =  -5.66317038135367E-05  1.93888776215027E+00
 cg2d: Sum(rhs),rhsMax =  -5.66400863988292E-05  1.93860081118027E+00
 cg2d: Sum(rhs),rhsMax =  -5.66484841755255E-05  1.93831342916487E+00
 cg2d: Sum(rhs),rhsMax =  -5.66568968309866E-05  1.93802561795860E+00
 cg2d: Sum(rhs),rhsMax =  -5.66653247062732E-05  1.93773737942808E+00
 cg2d: Sum(rhs),rhsMax =  -5.66737670766315E-05  1.93744871545213E+00
 cg2d: Sum(rhs),rhsMax =  -5.66822249368215E-05  1.93715962792150E+00
 cg2d: Sum(rhs),rhsMax =  -5.66906971926073E-05  1.93687011873862E+00
 cg2d: Sum(rhs),rhsMax =  -5.66991845687426E-05  1.93658018981718E+00
 cg2d: Sum(rhs),rhsMax =  -5.67076867383776E-05  1.93628984308164E+00
 cg2d: Sum(rhs),rhsMax =  -5.67162038294100E-05  1.93599908046660E+00
 cg2d: Sum(rhs),rhsMax =  -5.67247348186584E-05  1.93570790391603E+00
 cg2d: Sum(rhs),rhsMax =  -5.67332805019305E-05  1.93541631538260E+00
 cg2d: Sum(rhs),rhsMax =  -5.67418416750343E-05  1.93512431682659E+00
 cg2d: Sum(rhs),rhsMax =  -5.67504172437339E-05  1.93483191021510E+00
 cg2d: Sum(rhs),rhsMax =  -5.67590066964385E-05  1.93453909752093E+00
 cg2d: Sum(rhs),rhsMax =  -5.67676108715887E-05  1.93424588072165E+00
 cg2d: Sum(rhs),rhsMax =  -5.67762291865392E-05  1.93395226179833E+00
 cg2d: Sum(rhs),rhsMax =  -5.67848624370981E-05  1.93365824273468E+00
 cg2d: Sum(rhs),rhsMax =  -5.67935094579752E-05  1.93336382551577E+00
 cg2d: Sum(rhs),rhsMax =  -5.68021714855149E-05  1.93306901212702E+00
 cg2d: Sum(rhs),rhsMax =  -5.68108474539031E-05  1.93277380455321E+00
 cg2d: Sum(rhs),rhsMax =  -5.68195369510249E-05  1.93247820477732E+00
 cg2d: Sum(rhs),rhsMax =  -5.68282418527133E-05  1.93218221477970E+00
 cg2d: Sum(rhs),rhsMax =  -5.68369597289120E-05  1.93188583653705E+00
 cg2d: Sum(rhs),rhsMax =  -5.68456919154414E-05  1.93158907202163E+00
 cg2d: Sum(rhs),rhsMax =  -5.68544381565061E-05  1.93129192320043E+00
 cg2d: Sum(rhs),rhsMax =  -5.68631985942147E-05  1.93099439203449E+00
 cg2d: Sum(rhs),rhsMax =  -5.68719725748679E-05  1.93069648047822E+00
 cg2d: Sum(rhs),rhsMax =  -5.68807612353339E-05  1.93039819047896E+00
 cg2d: Sum(rhs),rhsMax =  -5.68895626429367E-05  1.93009952397630E+00
 cg2d: Sum(rhs),rhsMax =  -5.68983778777010E-05  1.92980048290190E+00
 cg2d: Sum(rhs),rhsMax =  -5.69072076359589E-05  1.92950106917904E+00
 cg2d: Sum(rhs),rhsMax =  -5.69160505392574E-05  1.92920128472241E+00
 cg2d: Sum(rhs),rhsMax =  -5.69249066160182E-05  1.92890113143801E+00
 cg2d: Sum(rhs),rhsMax =  -5.69337777847068E-05  1.92860061122299E+00
 cg2d: Sum(rhs),rhsMax =  -5.69426607910373E-05  1.92829972596573E+00
 cg2d: Sum(rhs),rhsMax =  -5.69515580650659E-05  1.92799847754581E+00
 cg2d: Sum(rhs),rhsMax =  -5.69604688251957E-05  1.92769686783422E+00
 cg2d: Sum(rhs),rhsMax =  -5.69693931709025E-05  1.92739489869353E+00
 cg2d: Sum(rhs),rhsMax =  -5.69783306474392E-05  1.92709257197816E+00
 cg2d: Sum(rhs),rhsMax =  -5.69847320406325E-05  1.92687610007272E+00
 cg2d: Sum(rhs),rhsMax =  -5.69810349304589E-05  1.92700112120431E+00
 cg2d: Sum(rhs),rhsMax =  -5.69773531680084E-05  1.92712562182089E+00
 cg2d: Sum(rhs),rhsMax =  -5.69736879896254E-05  1.92724960158274E+00
 cg2d: Sum(rhs),rhsMax =  -5.69700383152849E-05  1.92737306014964E+00
 cg2d: Sum(rhs),rhsMax =  -5.69664055376506E-05  1.92749599717970E+00
 cg2d: Sum(rhs),rhsMax =  -5.69627877524681E-05  1.92761841232817E+00
 cg2d: Sum(rhs),rhsMax =  -5.69591855565932E-05  1.92774030524635E+00
 cg2d: Sum(rhs),rhsMax =  -5.69555996747795E-05  1.92786167558067E+00
 cg2d: Sum(rhs),rhsMax =  -5.69520298938642E-05  1.92798252297157E+00
 cg2d: Sum(rhs),rhsMax =  -5.69484753185634E-05  1.92810284705280E+00
 cg2d: Sum(rhs),rhsMax =  -5.69449370715347E-05  1.92822264745056E+00
 cg2d: Sum(rhs),rhsMax =  -5.69414148969827E-05  1.92834192378283E+00
 cg2d: Sum(rhs),rhsMax =  -5.69379089228050E-05  1.92846067565893E+00
 cg2d: Sum(rhs),rhsMax =  -5.69344183247722E-05  1.92857890267889E+00
 cg2d: Sum(rhs),rhsMax =  -5.69309439129029E-05  1.92869660443327E+00
 cg2d: Sum(rhs),rhsMax =  -5.69274851756063E-05  1.92881378050294E+00
 cg2d: Sum(rhs),rhsMax =  -5.69240429513229E-05  1.92893043045889E+00
 cg2d: Sum(rhs),rhsMax =  -5.69206161031843E-05  1.92904655386236E+00
 cg2d: Sum(rhs),rhsMax =  -5.69172053559441E-05  1.92916215026499E+00
 cg2d: Sum(rhs),rhsMax =  -5.69138104253852E-05  1.92927721920910E+00
 cg2d: Sum(rhs),rhsMax =  -5.69104314536162E-05  1.92939176022788E+00
 cg2d: Sum(rhs),rhsMax =  -5.69070688243301E-05  1.92950577284625E+00
 cg2d: Sum(rhs),rhsMax =  -5.69037220969904E-05  1.92961925658107E+00
 cg2d: Sum(rhs),rhsMax =  -5.69003908310606E-05  1.92973221094192E+00
 cg2d: Sum(rhs),rhsMax =  -5.68970762913068E-05  1.92984463543197E+00
 cg2d: Sum(rhs),rhsMax =  -5.68937774261258E-05  1.92995652954900E+00
 cg2d: Sum(rhs),rhsMax =  -5.68904954434402E-05  1.93006789278634E+00
 cg2d: Sum(rhs),rhsMax =  -5.68872279416155E-05  1.93017872463364E+00
 cg2d: Sum(rhs),rhsMax =  -5.68839777628227E-05  1.93028902457798E+00
 cg2d: Sum(rhs),rhsMax =  -5.68807431591267E-05  1.93039879210459E+00
 cg2d: Sum(rhs),rhsMax =  -5.68775247273834E-05  1.93050802669824E+00
 cg2d: Sum(rhs),rhsMax =  -5.68743221123214E-05  1.93061672784431E+00
 cg2d: Sum(rhs),rhsMax =  -5.68711356834228E-05  1.93072489503012E+00
 cg2d: Sum(rhs),rhsMax =  -5.68679651991033E-05  1.93083252774591E+00
 cg2d: Sum(rhs),rhsMax =  -5.68648113414838E-05  1.93093962548614E+00
 cg2d: Sum(rhs),rhsMax =  -5.68616738405581E-05  1.93104618775063E+00
 cg2d: Sum(rhs),rhsMax =  -5.68585519715725E-05  1.93115221404561E+00
 cg2d: Sum(rhs),rhsMax =  -5.68554452939907E-05  1.93125770388489E+00
 cg2d: Sum(rhs),rhsMax =  -5.68523559252299E-05  1.93136265678761E+00
 cg2d: Sum(rhs),rhsMax =  -5.68492827142109E-05  1.93146707228221E+00
 cg2d: Sum(rhs),rhsMax =  -5.68462250924995E-05  1.93157094991298E+00
 cg2d: Sum(rhs),rhsMax =  -5.68431845096029E-05  1.93167428924016E+00
 cg2d: Sum(rhs),rhsMax =  -5.68401592744294E-05  1.93177708983577E+00
 cg2d: Sum(rhs),rhsMax =  -5.68371505380583E-05  1.93187935128145E+00
 cg2d: Sum(rhs),rhsMax =  -5.68341584852305E-05  1.93198107317005E+00
 cg2d: Sum(rhs),rhsMax =  -5.68311818085476E-05  1.93208225510840E+00
 cg2d: Sum(rhs),rhsMax =  -5.68282208917026E-05  1.93218289671944E+00
 cg2d: Sum(rhs),rhsMax =  -5.68252776673717E-05  1.93228299764320E+00
 cg2d: Sum(rhs),rhsMax =  -5.68223500323484E-05  1.93238255753721E+00
 cg2d: Sum(rhs),rhsMax =  -5.68194382140064E-05  1.93248157607661E+00
 cg2d: Sum(rhs),rhsMax =  -5.68165432923706E-05  1.93258005295429E+00
 cg2d: Sum(rhs),rhsMax =  -5.68136635621386E-05  1.93267798788115E+00
 cg2d: Sum(rhs),rhsMax =  -5.68108012544144E-05  1.93277538058617E+00
 cg2d: Sum(rhs),rhsMax =  -5.68079545359979E-05  1.93287223081668E+00
 cg2d: Sum(rhs),rhsMax =  -5.68051239042688E-05  1.93296853833828E+00
 cg2d: Sum(rhs),rhsMax =  -5.68023098423964E-05  1.93306430293517E+00
 cg2d: Sum(rhs),rhsMax =  -5.67995122509046E-05  1.93315952440986E+00
 cg2d: Sum(rhs),rhsMax =  -5.67967304760941E-05  1.93325420258312E+00
 cg2d: Sum(rhs),rhsMax =  -5.67939647027060E-05  1.93334833729387E+00
 cg2d: Sum(rhs),rhsMax =  -5.67912162239281E-05  1.93344192839867E+00
 cg2d: Sum(rhs),rhsMax =  -5.67884825812826E-05  1.93353497577160E+00
 cg2d: Sum(rhs),rhsMax =  -5.67857662616689E-05  1.93362747930359E+00
 cg2d: Sum(rhs),rhsMax =  -5.67830657018931E-05  1.93371943890206E+00
 cg2d: Sum(rhs),rhsMax =  -5.67803812003831E-05  1.93381085449019E+00
 cg2d: Sum(rhs),rhsMax =  -5.67777129703018E-05  1.93390172600639E+00
 cg2d: Sum(rhs),rhsMax =  -5.67750613384987E-05  1.93399205340347E+00
 cg2d: Sum(rhs),rhsMax =  -5.67724256086422E-05  1.93408183664797E+00
 cg2d: Sum(rhs),rhsMax =  -5.67698069886546E-05  1.93417107571923E+00
 cg2d: Sum(rhs),rhsMax =  -5.67672032190103E-05  1.93425977060865E+00
 cg2d: Sum(rhs),rhsMax =  -5.67646159481683E-05  1.93434792131869E+00
 cg2d: Sum(rhs),rhsMax =  -5.67620455029783E-05  1.93443552786193E+00
 cg2d: Sum(rhs),rhsMax =  -5.67594912723735E-05  1.93452259026009E+00
 cg2d: Sum(rhs),rhsMax =  -5.67569522331723E-05  1.93460910854302E+00
 cg2d: Sum(rhs),rhsMax =  -5.67544308438528E-05  1.93469508274758E+00
 cg2d: Sum(rhs),rhsMax =  -5.67519248306780E-05  1.93478051291667E+00
 cg2d: Sum(rhs),rhsMax =  -5.67494347905040E-05  1.93486539909810E+00
 cg2d: Sum(rhs),rhsMax =  -5.67469616186145E-05  1.93494974134353E+00
 cg2d: Sum(rhs),rhsMax =  -5.67445035670744E-05  1.93503353970743E+00
 cg2d: Sum(rhs),rhsMax =  -5.67420622274994E-05  1.93511679424600E+00
 cg2d: Sum(rhs),rhsMax =  -5.67396371593532E-05  1.93519950501620E+00
 cg2d: Sum(rhs),rhsMax =  -5.67372281494727E-05  1.93528167207469E+00
 cg2d: Sum(rhs),rhsMax =  -5.67348352831232E-05  1.93536329547697E+00
 cg2d: Sum(rhs),rhsMax =  -5.67324586455697E-05  1.93544437527643E+00
 cg2d: Sum(rhs),rhsMax =  -5.67300977110108E-05  1.93552491141683E+00
 cg2d: Sum(rhs),rhsMax =  -5.67277533463084E-05  1.93560490407929E+00
 cg2d: Sum(rhs),rhsMax =  -5.67254245709137E-05  1.93568435337464E+00
 cg2d: Sum(rhs),rhsMax =  -5.67231125501166E-05  1.93576325935779E+00
 cg2d: Sum(rhs),rhsMax =  -5.67208164738986E-05  1.93584162207540E+00
 cg2d: Sum(rhs),rhsMax =  -5.67185362285727E-05  1.93591944158129E+00
 cg2d: Sum(rhs),rhsMax =  -5.67162726810011E-05  1.93599671793390E+00
 cg2d: Sum(rhs),rhsMax =  -5.67140253906473E-05  1.93607345119076E+00
 cg2d: Sum(rhs),rhsMax =  -5.67117934764383E-05  1.93614964140538E+00
 cg2d: Sum(rhs),rhsMax =  -5.67095771515369E-05  1.93622528862617E+00
 cg2d: Sum(rhs),rhsMax =  -5.67073775101790E-05  1.93630039289610E+00
 cg2d: Sum(rhs),rhsMax =  -5.67051943107799E-05  1.93637495425228E+00
 cg2d: Sum(rhs),rhsMax =  -5.67030262743629E-05  1.93644897272556E+00
 cg2d: Sum(rhs),rhsMax =  -5.67008753762366E-05  1.93652243985504E+00
 cg2d: Sum(rhs),rhsMax =  -5.66987403090025E-05  1.93659536854269E+00
 cg2d: Sum(rhs),rhsMax =  -5.66966210442388E-05  1.93666776007846E+00
 cg2d: Sum(rhs),rhsMax =  -5.66945177808975E-05  1.93673961244130E+00
 cg2d: Sum(rhs),rhsMax =  -5.66924298084359E-05  1.93681092478679E+00
 cg2d: Sum(rhs),rhsMax =  -5.66903586758372E-05  1.93688169755969E+00
 cg2d: Sum(rhs),rhsMax =  -5.66883031041243E-05  1.93695193173132E+00
 cg2d: Sum(rhs),rhsMax =  -5.66862632069842E-05  1.93702162827587E+00
 cg2d: Sum(rhs),rhsMax =  -5.66842391691580E-05  1.93709078803813E+00
 cg2d: Sum(rhs),rhsMax =  -5.66822311753867E-05  1.93715941176673E+00
 cg2d: Sum(rhs),rhsMax =  -5.66802387993448E-05  1.93722750014974E+00
 cg2d: Sum(rhs),rhsMax =  -5.66782623963036E-05  1.93729505382556E+00
 cg2d: Sum(rhs),rhsMax =  -5.66763009999249E-05  1.93736207338265E+00
 cg2d: Sum(rhs),rhsMax =  -5.66743569549999E-05  1.93742855935774E+00
 cg2d: Sum(rhs),rhsMax =  -5.66724279309483E-05  1.93749451223417E+00
 cg2d: Sum(rhs),rhsMax =  -5.66705140840895E-05  1.93755993244064E+00
 cg2d: Sum(rhs),rhsMax =  -5.66686166791897E-05  1.93762482035052E+00
 cg2d: Sum(rhs),rhsMax =  -5.66667343093741E-05  1.93768917628166E+00
 cg2d: Sum(rhs),rhsMax =  -5.66648677420289E-05  1.93775300049695E+00
 cg2d: Sum(rhs),rhsMax =  -5.66630173324256E-05  1.93781629320542E+00
 cg2d: Sum(rhs),rhsMax =  -5.66611818868523E-05  1.93787905456373E+00
 cg2d: Sum(rhs),rhsMax =  -5.66593626842860E-05  1.93794128467803E+00
 cg2d: Sum(rhs),rhsMax =  -5.66575587441775E-05  1.93800298360564E+00
 cg2d: Sum(rhs),rhsMax =  -5.66557702086357E-05  1.93806415135679E+00
 cg2d: Sum(rhs),rhsMax =  -5.66539979018899E-05  1.93812478789628E+00
 cg2d: Sum(rhs),rhsMax =  -5.66522407154935E-05  1.93818489314517E+00
 cg2d: Sum(rhs),rhsMax =  -5.66505000421103E-05  1.93824446698283E+00
 cg2d: Sum(rhs),rhsMax =  -5.66487742332811E-05  1.93830350924943E+00
 cg2d: Sum(rhs),rhsMax =  -5.66470852447765E-05  1.93836130406178E+00
 cg2d: Sum(rhs),rhsMax =  -5.66454067438826E-05  1.93841872756949E+00
 cg2d: Sum(rhs),rhsMax =  -5.66437442159895E-05  1.93847562323783E+00
 cg2d: Sum(rhs),rhsMax =  -5.66420986700678E-05  1.93853192859649E+00
 cg2d: Sum(rhs),rhsMax =  -5.66404710156121E-05  1.93858764725481E+00
 cg2d: Sum(rhs),rhsMax =  -5.66388605420798E-05  1.93864277380511E+00
 cg2d: Sum(rhs),rhsMax =  -5.66372674910554E-05  1.93869729714047E+00
 cg2d: Sum(rhs),rhsMax =  -5.66356926725575E-05  1.93875120662272E+00
 cg2d: Sum(rhs),rhsMax =  -5.66341364418577E-05  1.93880449241332E+00
 cg2d: Sum(rhs),rhsMax =  -5.66325981026239E-05  1.93885714514610E+00
 cg2d: Sum(rhs),rhsMax =  -5.66310787064594E-05  1.93890915598796E+00
 cg2d: Sum(rhs),rhsMax =  -5.66295794754978E-05  1.93896051678437E+00
 cg2d: Sum(rhs),rhsMax =  -5.66280985196954E-05  1.93901122015858E+00
 cg2d: Sum(rhs),rhsMax =  -5.66266363506429E-05  1.93906125957388E+00
 cg2d: Sum(rhs),rhsMax =  -5.66251949862817E-05  1.93911062937945E+00
 cg2d: Sum(rhs),rhsMax =  -5.66237728349961E-05  1.93915932484674E+00
 cg2d: Sum(rhs),rhsMax =  -5.66223707352265E-05  1.93920734219829E+00
 cg2d: Sum(rhs),rhsMax =  -5.66209886869729E-05  1.93925467862858E+00
 cg2d: Sum(rhs),rhsMax =  -5.66196272870911E-05  1.93930133231753E+00
 cg2d: Sum(rhs),rhsMax =  -5.66182848871222E-05  1.93934730243646E+00
 cg2d: Sum(rhs),rhsMax =  -5.66169627802537E-05  1.93939258914628E+00
 cg2d: Sum(rhs),rhsMax =  -5.66156605827928E-05  1.93943719358777E+00
 cg2d: Sum(rhs),rhsMax =  -5.66143785647455E-05  1.93948111786413E+00
 cg2d: Sum(rhs),rhsMax =  -5.66131160439909E-05  1.93952436501568E+00
 cg2d: Sum(rhs),rhsMax =  -5.66118732336918E-05  1.93956693898721E+00
 cg2d: Sum(rhs),rhsMax =  -5.66106503328001E-05  1.93960884458875E+00
 cg2d: Sum(rhs),rhsMax =  -5.66094461333932E-05  1.93965008745016E+00
 cg2d: Sum(rhs),rhsMax =  -5.66082619712915E-05  1.93969067397042E+00
 cg2d: Sum(rhs),rhsMax =  -5.66070959422404E-05  1.93973061126230E+00
 cg2d: Sum(rhs),rhsMax =  -5.66059499789162E-05  1.93976990709246E+00
 cg2d: Sum(rhs),rhsMax =  -5.66048213386239E-05  1.93980856981793E+00
 cg2d: Sum(rhs),rhsMax =  -5.66037114708706E-05  1.93984660831858E+00
 cg2d: Sum(rhs),rhsMax =  -5.66026190540470E-05  1.93988403192640E+00
 cg2d: Sum(rhs),rhsMax =  -5.66015449265933E-05  1.93992085035168E+00
 cg2d: Sum(rhs),rhsMax =  -5.66004886337623E-05  1.93995707360653E+00
 cg2d: Sum(rhs),rhsMax =  -5.65994485697274E-05  1.93999271192635E+00
 cg2d: Sum(rhs),rhsMax =  -5.65984255871399E-05  1.94002777569008E+00
 cg2d: Sum(rhs),rhsMax =  -5.65974191459873E-05  1.94006227533951E+00
 cg2d: Sum(rhs),rhsMax =  -5.65964287773113E-05  1.94009622129871E+00
 cg2d: Sum(rhs),rhsMax =  -5.65954545663772E-05  1.94012962389401E+00
 cg2d: Sum(rhs),rhsMax =  -5.65944956036901E-05  1.94016249327547E+00
 cg2d: Sum(rhs),rhsMax =  -5.65935519318828E-05  1.94019483934011E+00
 cg2d: Sum(rhs),rhsMax =  -5.65926237925396E-05  1.94022667165764E+00
 cg2d: Sum(rhs),rhsMax =  -5.65917091677193E-05  1.94025799939949E+00
 cg2d: Sum(rhs),rhsMax =  -5.65908104164237E-05  1.94028883127112E+00
 cg2d: Sum(rhs),rhsMax =  -5.65899259044045E-05  1.94031917544865E+00
 cg2d: Sum(rhs),rhsMax =  -5.65890546226910E-05  1.94034903951985E+00
 cg2d: Sum(rhs),rhsMax =  -5.65881972534044E-05  1.94037843043031E+00
 cg2d: Sum(rhs),rhsMax =  -5.65873540949724E-05  1.94040735443465E+00
 cg2d: Sum(rhs),rhsMax =  -5.65865237547314E-05  1.94043581705380E+00
 cg2d: Sum(rhs),rhsMax =  -5.65857068721698E-05  1.94046382303790E+00
 cg2d: Sum(rhs),rhsMax =  -5.65849041151978E-05  1.94049137633574E+00
 cg2d: Sum(rhs),rhsMax =  -5.65841134516631E-05  1.94051848007046E+00
 cg2d: Sum(rhs),rhsMax =  -5.65833355778977E-05  1.94054513652179E+00
 cg2d: Sum(rhs),rhsMax =  -5.65825720286739E-05  1.94057134711529E+00
 cg2d: Sum(rhs),rhsMax =  -5.65818204876223E-05  1.94059711241776E+00
 cg2d: Sum(rhs),rhsMax =  -5.65810821768764E-05  1.94062243214000E+00
 cg2d: Sum(rhs),rhsMax =  -5.65803575085511E-05  1.94064730514577E+00
 cg2d: Sum(rhs),rhsMax =  -5.65796446920785E-05  1.94067172946757E+00
 cg2d: Sum(rhs),rhsMax =  -5.65789460722499E-05  1.94069570232878E+00
 cg2d: Sum(rhs),rhsMax =  -5.65782606258836E-05  1.94071922017206E+00
 cg2d: Sum(rhs),rhsMax =  -5.65775885092989E-05  1.94074227869374E+00
 cg2d: Sum(rhs),rhsMax =  -5.65769297793395E-05  1.94076487288389E+00
 cg2d: Sum(rhs),rhsMax =  -5.65762845212703E-05  1.94078699707179E+00
 cg2d: Sum(rhs),rhsMax =  -5.65756536019535E-05  1.94080864497640E+00
 cg2d: Sum(rhs),rhsMax =  -5.65750370640217E-05  1.94082980976135E+00
 cg2d: Sum(rhs),rhsMax =  -5.65744341258778E-05  1.94085048409412E+00
 cg2d: Sum(rhs),rhsMax =  -5.65738462654508E-05  1.94087066020876E+00
 cg2d: Sum(rhs),rhsMax =  -5.65732723316614E-05  1.94089032997184E+00
 cg2d: Sum(rhs),rhsMax =  -5.65727142571859E-05  1.94090948495104E+00
 cg2d: Sum(rhs),rhsMax =  -5.65721714878009E-05  1.94092811648556E+00
 cg2d: Sum(rhs),rhsMax =  -5.65716439666630E-05  1.94094621575843E+00
 cg2d: Sum(rhs),rhsMax =  -5.65711324611584E-05  1.94096377386949E+00
 cg2d: Sum(rhs),rhsMax =  -5.65706361186358E-05  1.94098078190900E+00
 cg2d: Sum(rhs),rhsMax =  -5.65701565307108E-05  1.94099723103104E+00
 cg2d: Sum(rhs),rhsMax =  -5.65696939247573E-05  1.94101311252629E+00
 cg2d: Sum(rhs),rhsMax =  -5.65692479028712E-05  1.94102841789365E+00
 cg2d: Sum(rhs),rhsMax =  -5.65688190050651E-05  1.94104313891014E+00
 cg2d: Sum(rhs),rhsMax =  -5.65684070608086E-05  1.94105726769854E+00
 cg2d: Sum(rhs),rhsMax =  -5.65680126527468E-05  1.94107079679238E+00
 cg2d: Sum(rhs),rhsMax =  -5.65676357524580E-05  1.94108371919776E+00
 cg2d: Sum(rhs),rhsMax =  -5.65672772978587E-05  1.94109602845136E+00
 cg2d: Sum(rhs),rhsMax =  -5.65669366352495E-05  1.94110771867455E+00
 cg2d: Sum(rhs),rhsMax =  -5.65666143472754E-05  1.94111878462284E+00
 cg2d: Sum(rhs),rhsMax =  -5.65663104765690E-05  1.94112922173062E+00
 cg2d: Sum(rhs),rhsMax =  -5.65660248241784E-05  1.94113902615058E+00
 cg2d: Sum(rhs),rhsMax =  -5.65657574327361E-05  1.94114819478768E+00
 cg2d: Sum(rhs),rhsMax =  -5.65655086575134E-05  1.94115672532745E+00
 cg2d: Sum(rhs),rhsMax =  -5.65652789674687E-05  1.94116461625823E+00
 cg2d: Sum(rhs),rhsMax =  -5.65650674957396E-05  1.94117186688749E+00
 cg2d: Sum(rhs),rhsMax =  -5.65648744128566E-05  1.94117847735180E+00
 cg2d: Sum(rhs),rhsMax =  -5.65647007562120E-05  1.94118444862074E+00
 cg2d: Sum(rhs),rhsMax =  -5.65645452041963E-05  1.94118978249446E+00
 cg2d: Sum(rhs),rhsMax =  -5.65644085952499E-05  1.94119448159506E+00
 cg2d: Sum(rhs),rhsMax =  -5.65642896646068E-05  1.94119854935200E+00
 cg2d: Sum(rhs),rhsMax =  -5.65641895633462E-05  1.94120198998139E+00
 cg2d: Sum(rhs),rhsMax =  -5.65641077656664E-05  1.94120480845967E+00
 cg2d: Sum(rhs),rhsMax =  -5.65640430920666E-05  1.94120701049165E+00
 cg2d: Sum(rhs),rhsMax =  -5.65639972762710E-05  1.94120860247327E+00
 cg2d: Sum(rhs),rhsMax =  -5.65639681724406E-05  1.94120959144949E+00
 cg2d: Sum(rhs),rhsMax =  -5.65639563490095E-05  1.94120998506731E+00
 cg2d: Sum(rhs),rhsMax =  -5.65639624170444E-05  1.94120979152482E+00
 cg2d: Sum(rhs),rhsMax =  -5.65639844154475E-05  1.94120901951600E+00
 cg2d: Sum(rhs),rhsMax =  -5.65640238647802E-05  1.94120767817242E+00
 cg2d: Sum(rhs),rhsMax =  -5.65640792160593E-05  1.94120577700156E+00
 cg2d: Sum(rhs),rhsMax =  -5.65641504834957E-05  1.94120332582291E+00
 cg2d: Sum(rhs),rhsMax =  -5.65642379797282E-05  1.94120033470172E+00
 cg2d: Sum(rhs),rhsMax =  -5.65643398289239E-05  1.94119681388128E+00
 cg2d: Sum(rhs),rhsMax =  -5.65644579921809E-05  1.94119277371423E+00
 cg2d: Sum(rhs),rhsMax =  -5.65645908352508E-05  1.94118822459309E+00
 cg2d: Sum(rhs),rhsMax =  -5.65647379460188E-05  1.94118317688094E+00
 cg2d: Sum(rhs),rhsMax =  -5.65648991113221E-05  1.94117764084241E+00
 cg2d: Sum(rhs),rhsMax =  -5.65650747432755E-05  1.94117162657574E+00
 cg2d: Sum(rhs),rhsMax =  -5.65652634776370E-05  1.94116514394627E+00
 cg2d: Sum(rhs),rhsMax =  -5.65654657691539E-05  1.94115820252194E+00
 cg2d: Sum(rhs),rhsMax =  -5.65656812057114E-05  1.94115081151107E+00
 cg2d: Sum(rhs),rhsMax =  -5.65659096167792E-05  1.94114297970313E+00
 cg2d: Sum(rhs),rhsMax =  -5.65661502918147E-05  1.94113471541274E+00
 cg2d: Sum(rhs),rhsMax =  -5.65664030887092E-05  1.94112602642737E+00
 cg2d: Sum(rhs),rhsMax =  -5.65666690732769E-05  1.94111691995905E+00
 cg2d: Sum(rhs),rhsMax =  -5.65669461138896E-05  1.94110740260051E+00
 cg2d: Sum(rhs),rhsMax =  -5.65672350774094E-05  1.94109748028593E+00
 cg2d: Sum(rhs),rhsMax =  -5.65675364612162E-05  1.94108715825664E+00
 cg2d: Sum(rhs),rhsMax =  -5.65678483326337E-05  1.94107644103200E+00
 cg2d: Sum(rhs),rhsMax =  -5.65681717290545E-05  1.94106533238564E+00
 cg2d: Sum(rhs),rhsMax =  -5.65685070057498E-05  1.94105383532707E+00
 cg2d: Sum(rhs),rhsMax =  -5.65688530826947E-05  1.94104195208904E+00
 cg2d: Sum(rhs),rhsMax =  -5.65692110257032E-05  1.94102968412036E+00
 cg2d: Sum(rhs),rhsMax =  -5.65695797831722E-05  1.94101703208455E+00
 cg2d: Sum(rhs),rhsMax =  -5.65699595114211E-05  1.94100399586397E+00
 cg2d: Sum(rhs),rhsMax =  -5.65703509067816E-05  1.94099057456972E+00
 cg2d: Sum(rhs),rhsMax =  -5.65707533297655E-05  1.94097676655670E+00
 cg2d: Sum(rhs),rhsMax =  -5.65711671782765E-05  1.94096256944437E+00
 cg2d: Sum(rhs),rhsMax =  -5.65715925375798E-05  1.94094798014236E+00
 cg2d: Sum(rhs),rhsMax =  -5.65720288676630E-05  1.94093299488101E+00
 cg2d: Sum(rhs),rhsMax =  -5.65724775469789E-05  1.94091760924691E+00
 cg2d: Sum(rhs),rhsMax =  -5.65729379502500E-05  1.94090181822226E+00
 cg2d: Sum(rhs),rhsMax =  -5.65734096369397E-05  1.94088561622885E+00
 cg2d: Sum(rhs),rhsMax =  -5.65738941560312E-05  1.94086899717534E+00
 cg2d: Sum(rhs),rhsMax =  -5.65743906832950E-05  1.94085195450823E+00
 cg2d: Sum(rhs),rhsMax =  -5.65749003555993E-05  1.94083448126543E+00
 cg2d: Sum(rhs),rhsMax =  -5.65754223487147E-05  1.94081657013273E+00
 cg2d: Sum(rhs),rhsMax =  -5.65759577000335E-05  1.94079821350213E+00
 cg2d: Sum(rhs),rhsMax =  -5.65765064095558E-05  1.94077940353201E+00
 cg2d: Sum(rhs),rhsMax =  -5.65770675251542E-05  1.94076013220847E+00
 cg2d: Sum(rhs),rhsMax =  -5.65776434768850E-05  1.94074039140744E+00
 cg2d: Sum(rhs),rhsMax =  -5.65782326589215E-05  1.94072017295713E+00
 cg2d: Sum(rhs),rhsMax =  -5.65788359949693E-05  1.94069946870044E+00
 cg2d: Sum(rhs),rhsMax =  -5.65794538545106E-05  1.94067827055663E+00
 cg2d: Sum(rhs),rhsMax =  -5.65800871328292E-05  1.94065657058208E+00
 cg2d: Sum(rhs),rhsMax =  -5.65807344656832E-05  1.94063436102951E+00
 cg2d: Sum(rhs),rhsMax =  -5.65813968051998E-05  1.94061163440548E+00
 cg2d: Sum(rhs),rhsMax =  -5.65820754445667E-05  1.94058838352537E+00
 cg2d: Sum(rhs),rhsMax =  -5.65827685363729E-05  1.94056460156596E+00
 cg2d: Sum(rhs),rhsMax =  -5.65834778569752E-05  1.94054028211477E+00
 cg2d: Sum(rhs),rhsMax =  -5.65842023689811E-05  1.94051541921621E+00
 cg2d: Sum(rhs),rhsMax =  -5.65849435929522E-05  1.94049000741398E+00
 cg2d: Sum(rhs),rhsMax =  -5.65857008183457E-05  1.94046404178953E+00
 cg2d: Sum(rhs),rhsMax =  -5.65864747557043E-05  1.94043751799639E+00
 cg2d: Sum(rhs),rhsMax =  -5.65872643250032E-05  1.94041043228991E+00
 cg2d: Sum(rhs),rhsMax =  -5.65880704641586E-05  1.94038278155272E+00
 cg2d: Sum(rhs),rhsMax =  -5.65888938410808E-05  1.94035456331516E+00
 cg2d: Sum(rhs),rhsMax =  -5.65897326225695E-05  1.94032577577109E+00
 cg2d: Sum(rhs),rhsMax =  -5.65905892955243E-05  1.94029641778857E+00
 cg2d: Sum(rhs),rhsMax =  -5.65914624672814E-05  1.94026648891580E+00
 cg2d: Sum(rhs),rhsMax =  -5.65923515267741E-05  1.94023598938195E+00
 cg2d: Sum(rhs),rhsMax =  -5.65932582077266E-05  1.94020492009316E+00
 cg2d: Sum(rhs),rhsMax =  -5.65941807337822E-05  1.94017328262360E+00
 cg2d: Sum(rhs),rhsMax =  -5.65951199007486E-05  1.94014107920191E+00
 cg2d: Sum(rhs),rhsMax =  -5.65960762770601E-05  1.94010831269294E+00
 cg2d: Sum(rhs),rhsMax =  -5.65970482142575E-05  1.94007498657519E+00
 cg2d: Sum(rhs),rhsMax =  -5.65980362239316E-05  1.94004110491386E+00
 cg2d: Sum(rhs),rhsMax =  -5.65990416419027E-05  1.94000667233012E+00
 cg2d: Sum(rhs),rhsMax =  -5.66000617254758E-05  1.93997169396657E+00
 cg2d: Sum(rhs),rhsMax =  -5.66010976683629E-05  1.93993617544919E+00
 cg2d: Sum(rhs),rhsMax =  -5.66021502947933E-05  1.93990012284642E+00
 cg2d: Sum(rhs),rhsMax =  -5.66032173026088E-05  1.93986354262516E+00
 cg2d: Sum(rhs),rhsMax =  -5.66043000418404E-05  1.93982644160460E+00
 cg2d: Sum(rhs),rhsMax =  -5.66053972761438E-05  1.93978882690780E+00
 cg2d: Sum(rhs),rhsMax =  -5.66065098865920E-05  1.93975070591168E+00
 cg2d: Sum(rhs),rhsMax =  -5.66076370915880E-05  1.93971208619568E+00
 cg2d: Sum(rhs),rhsMax =  -5.66087783226976E-05  1.93967297548943E+00
 cg2d: Sum(rhs),rhsMax =  -5.66099343615178E-05  1.93963338162004E+00
 cg2d: Sum(rhs),rhsMax =  -5.66111036732764E-05  1.93959331245911E+00
 cg2d: Sum(rhs),rhsMax =  -5.66122866274554E-05  1.93955277587012E+00
 cg2d: Sum(rhs),rhsMax =  -5.66134834372178E-05  1.93951177965632E+00
 cg2d: Sum(rhs),rhsMax =  -5.66146931504363E-05  1.93947033150982E+00
 cg2d: Sum(rhs),rhsMax =  -5.66159162360691E-05  1.93942843896190E+00
 cg2d: Sum(rhs),rhsMax =  -5.66171521683145E-05  1.93938610916073E+00
 cg2d: Sum(rhs),rhsMax =  -5.66184002082082E-05  1.93934334906419E+00
 cg2d: Sum(rhs),rhsMax =  -5.66196609810277E-05  1.93930016562717E+00
 cg2d: Sum(rhs),rhsMax =  -5.66209340604473E-05  1.93925656555657E+00
 cg2d: Sum(rhs),rhsMax =  -5.66222187643461E-05  1.93921255503420E+00
 cg2d: Sum(rhs),rhsMax =  -5.66235162722251E-05  1.93916813965023E+00
 cg2d: Sum(rhs),rhsMax =  -5.66248237419131E-05  1.93912332447139E+00
 cg2d: Sum(rhs),rhsMax =  -5.66261449392869E-05  1.93907811411396E+00
 cg2d: Sum(rhs),rhsMax =  -5.66274763400543E-05  1.93903251275985E+00
 cg2d: Sum(rhs),rhsMax =  -5.66288190668729E-05  1.93898652412479E+00
 cg2d: Sum(rhs),rhsMax =  -5.66301737734420E-05  1.93894015141574E+00
 cg2d: Sum(rhs),rhsMax =  -5.66315392518391E-05  1.93889339730079E+00
 cg2d: Sum(rhs),rhsMax =  -5.66329163120827E-05  1.93884626389535E+00
 cg2d: Sum(rhs),rhsMax =  -5.66343038741479E-05  1.93879875275865E+00
 cg2d: Sum(rhs),rhsMax =  -5.66357029896380E-05  1.93875086489599E+00
 cg2d: Sum(rhs),rhsMax =  -5.66371125501064E-05  1.93870260076519E+00
 cg2d: Sum(rhs),rhsMax =  -5.66385333797825E-05  1.93865396028628E+00
 cg2d: Sum(rhs),rhsMax =  -5.66399653507688E-05  1.93860494285500E+00
 cg2d: Sum(rhs),rhsMax =  -5.66414090599210E-05  1.93855554735929E+00
 cg2d: Sum(rhs),rhsMax =  -5.66428633277383E-05  1.93850577219923E+00
 cg2d: Sum(rhs),rhsMax =  -5.66443285663354E-05  1.93845561531011E+00
 cg2d: Sum(rhs),rhsMax =  -5.66458056852071E-05  1.93840507418837E+00
 cg2d: Sum(rhs),rhsMax =  -5.66472939169671E-05  1.93835414592094E+00
 cg2d: Sum(rhs),rhsMax =  -5.66487943558514E-05  1.93830282721733E+00
 cg2d: Sum(rhs),rhsMax =  -5.66503051260270E-05  1.93825111444442E+00
 cg2d: Sum(rhs),rhsMax =  -5.66518279327966E-05  1.93819900366387E+00
 cg2d: Sum(rhs),rhsMax =  -5.66533633019617E-05  1.93814649067144E+00
 cg2d: Sum(rhs),rhsMax =  -5.66549107645642E-05  1.93809357103794E+00
 cg2d: Sum(rhs),rhsMax =  -5.66564693542659E-05  1.93804024015142E+00
 cg2d: Sum(rhs),rhsMax =  -5.66580408332129E-05  1.93798649326018E+00
 cg2d: Sum(rhs),rhsMax =  -5.66596244055972E-05  1.93793232551617E+00
 cg2d: Sum(rhs),rhsMax =  -5.66612201708949E-05  1.93787773201847E+00
 cg2d: Sum(rhs),rhsMax =  -5.66628298770411E-05  1.93782270785678E+00
 cg2d: Sum(rhs),rhsMax =  -5.66644514492509E-05  1.93776724815422E+00
 cg2d: Sum(rhs),rhsMax =  -5.66660859391277E-05  1.93771134810969E+00
 cg2d: Sum(rhs),rhsMax =  -5.66677334603582E-05  1.93765500303889E+00
 cg2d: Sum(rhs),rhsMax =  -5.66693952777086E-05  1.93759820841430E+00
 cg2d: Sum(rhs),rhsMax =  -5.66710692169181E-05  1.93754095990339E+00
 cg2d: Sum(rhs),rhsMax =  -5.66727570259218E-05  1.93748325340523E+00
 cg2d: Sum(rhs),rhsMax =  -5.66744584915568E-05  1.93742508508468E+00
 cg2d: Sum(rhs),rhsMax =  -5.66761735143473E-05  1.93736645140444E+00
 cg2d: Sum(rhs),rhsMax =  -5.66779032027398E-05  1.93730734915456E+00
 cg2d: Sum(rhs),rhsMax =  -5.66796462351249E-05  1.93724777547911E+00
 cg2d: Sum(rhs),rhsMax =  -5.66814027678220E-05  1.93718772789981E+00
 cg2d: Sum(rhs),rhsMax =  -5.66831738808560E-05  1.93712720433695E+00
 cg2d: Sum(rhs),rhsMax =  -5.66849586220997E-05  1.93706620312668E+00
 cg2d: Sum(rhs),rhsMax =  -5.66867576452523E-05  1.93700472303529E+00
 cg2d: Sum(rhs),rhsMax =  -5.66885711492660E-05  1.93694276327004E+00
 cg2d: Sum(rhs),rhsMax =  -5.66903994609902E-05  1.93688032348659E+00
 cg2d: Sum(rhs),rhsMax =  -5.66922400651038E-05  1.93681740379299E+00
 cg2d: Sum(rhs),rhsMax =  -5.66940959743079E-05  1.93675400475023E+00
 cg2d: Sum(rhs),rhsMax =  -5.66959664496380E-05  1.93669012736950E+00
 cg2d: Sum(rhs),rhsMax =  -5.66978498994786E-05  1.93662577310605E+00
 cg2d: Sum(rhs),rhsMax =  -5.66997478586018E-05  1.93656094384968E+00
 cg2d: Sum(rhs),rhsMax =  -5.67016604406945E-05  1.93649564191243E+00
 cg2d: Sum(rhs),rhsMax =  -5.67035859120324E-05  1.93642987001297E+00
 cg2d: Sum(rhs),rhsMax =  -5.67055258642313E-05  1.93636363125810E+00
 cg2d: Sum(rhs),rhsMax =  -5.67074790183142E-05  1.93629692912185E+00
 cg2d: Sum(rhs),rhsMax =  -5.67094460706130E-05  1.93622976742192E+00
 cg2d: Sum(rhs),rhsMax =  -5.67114260832113E-05  1.93616215029369E+00
 cg2d: Sum(rhs),rhsMax =  -5.67134202782427E-05  1.93609408216249E+00
(PID.TID 0000.0001) Did not write pickup because writePickupAtEnd = FALSE
(PID.TID 0000.0001)   early fc =  0.000000000000000D+00
 --> objf_test(bi,bj)        =  0.189842702019268D+00
(PID.TID 0000.0001)   local fc =  0.189842702019268D+00
(PID.TID 0000.0001)  global fc =  0.322547988871634D+00
(PID.TID 0000.0001) grdchk perturb(+)fc: fcpertplus  =  3.22547988871634E-01
(PID.TID 0000.0001)  nRecords = 108 ; filePrec =  64 ; fileIter =   3111120
(PID.TID 0000.0001)     nDims =   2 , dims:
(PID.TID 0000.0001)    1:  62   1  62
(PID.TID 0000.0001)    2:  62   1  62
(PID.TID 0000.0001)     nFlds =  10 , nFl3D =   7 , fields:
(PID.TID 0000.0001)  >Uvel    < >Vvel    < >Theta   < >Salt    < >GuNm1   < >GvNm1   < >GtNm1   < >EtaN    < >dEtaHdt < >EtaH    <
(PID.TID 0000.0001) missingVal=  1.00000000000000E+00 ; nTimRec =   1 , timeList:
(PID.TID 0000.0001)   3.733344000000E+09
(PID.TID 0000.0001) READ_MFLDS_3D_RL: read field: "Uvel    ", #   1 in fldList, rec=   1
(PID.TID 0000.0001) READ_MFLDS_3D_RL: read field: "Vvel    ", #   2 in fldList, rec=   2
(PID.TID 0000.0001) READ_MFLDS_3D_RL: read field: "Theta   ", #   3 in fldList, rec=   3
(PID.TID 0000.0001) READ_MFLDS_3D_RL: read field: "Salt    ", #   4 in fldList, rec=   4
(PID.TID 0000.0001) READ_MFLDS_3D_RL: read field: "GuNm1   ", #   5 in fldList, rec=   5
(PID.TID 0000.0001) READ_MFLDS_3D_RL: read field: "GvNm1   ", #   6 in fldList, rec=   6
(PID.TID 0000.0001) READ_MFLDS_3D_RL: read field: "GtNm1   ", #   7 in fldList, rec=   7
(PID.TID 0000.0001) READ_MFLDS_3D_RL: read field: "EtaN    ", #   8 in fldList, rec= 106
(PID.TID 0000.0001) READ_MFLDS_3D_RL: read field: "dEtaHdt ", #   9 in fldList, rec= 107
(PID.TID 0000.0001) READ_MFLDS_CHECK: - normal end ; reset MFLDS file-name: pickup.0003111120
(PID.TID 0000.0001) // =======================================================
(PID.TID 0000.0001) // Model current state
(PID.TID 0000.0001) // =======================================================
(PID.TID 0000.0001) 
(PID.TID 0000.0001) SOLVE_FOR_PRESSURE: putPmEinXvector =    F
 cg2d: Sum(rhs),rhsMax =   5.49285272768429E-05  1.99900718163814E+00
 cg2d: Sum(rhs),rhsMax =   5.49310953772419E-05  1.99891371881312E+00
 cg2d: Sum(rhs),rhsMax =   5.49335608042156E-05  1.99882402078125E+00
 cg2d: Sum(rhs),rhsMax =   5.49359997847887E-05  1.99873525126466E+00
 cg2d: Sum(rhs),rhsMax =   5.49385038937089E-05  1.99864416237063E+00
 cg2d: Sum(rhs),rhsMax =   5.49410664802963E-05  1.99855093589354E+00
 cg2d: Sum(rhs),rhsMax =   5.49436608849874E-05  1.99845657666371E+00
 cg2d: Sum(rhs),rhsMax =   5.49462726127103E-05  1.99836155801574E+00
 cg2d: Sum(rhs),rhsMax =   5.49489025871708E-05  1.99826593737251E+00
 cg2d: Sum(rhs),rhsMax =   5.49515502825670E-05  1.99816964970016E+00
 cg2d: Sum(rhs),rhsMax =   5.49542186689678E-05  1.99807263489397E+00
 cg2d: Sum(rhs),rhsMax =   5.49569075758427E-05  1.99797486098098E+00
 cg2d: Sum(rhs),rhsMax =   5.49596184526990E-05  1.99787631514053E+00
 cg2d: Sum(rhs),rhsMax =   5.49623507453134E-05  1.99777699304784E+00
 cg2d: Sum(rhs),rhsMax =   5.49651050789635E-05  1.99767689338750E+00
 cg2d: Sum(rhs),rhsMax =   5.49678806152087E-05  1.99757601610002E+00
 cg2d: Sum(rhs),rhsMax =   5.49706781924897E-05  1.99747436210169E+00
 cg2d: Sum(rhs),rhsMax =   5.49734971144744E-05  1.99737193325934E+00
 cg2d: Sum(rhs),rhsMax =   5.49763373669521E-05  1.99726873218557E+00
 cg2d: Sum(rhs),rhsMax =   5.49791995041460E-05  1.99716476178507E+00
 cg2d: Sum(rhs),rhsMax =   5.49820828297243E-05  1.99706002465188E+00
 cg2d: Sum(rhs),rhsMax =   5.49849878552777E-05  1.99695452249606E+00
 cg2d: Sum(rhs),rhsMax =   5.49879140834264E-05  1.99684825578099E+00
 cg2d: Sum(rhs),rhsMax =   5.49908618552308E-05  1.99674122368586E+00
 cg2d: Sum(rhs),rhsMax =   5.49938303464614E-05  1.99663342439836E+00
 cg2d: Sum(rhs),rhsMax =   5.49968211629448E-05  1.99652485563770E+00
 cg2d: Sum(rhs),rhsMax =   5.49998333809754E-05  1.99641551524587E+00
 cg2d: Sum(rhs),rhsMax =   5.50028671568725E-05  1.99630540168447E+00
 cg2d: Sum(rhs),rhsMax =   5.50059219506238E-05  1.99619451432655E+00
 cg2d: Sum(rhs),rhsMax =   5.50089999507009E-05  1.99608285351068E+00
 cg2d: Sum(rhs),rhsMax =   5.50120983007218E-05  1.99597042039380E+00
 cg2d: Sum(rhs),rhsMax =   5.50152175549101E-05  1.99585721668484E+00
 cg2d: Sum(rhs),rhsMax =   5.50183599443699E-05  1.99574324434787E+00
 cg2d: Sum(rhs),rhsMax =   5.50215230106232E-05  1.99562850534700E+00
 cg2d: Sum(rhs),rhsMax =   5.50247081321231E-05  1.99551300147170E+00
 cg2d: Sum(rhs),rhsMax =   5.50279138593623E-05  1.99539673425065E+00
 cg2d: Sum(rhs),rhsMax =   5.50311416418481E-05  1.99527970493888E+00
 cg2d: Sum(rhs),rhsMax =   5.50343903569228E-05  1.99516191455286E+00
 cg2d: Sum(rhs),rhsMax =   5.50376603314362E-05  1.99504336392708E+00
 cg2d: Sum(rhs),rhsMax =   5.50409525743589E-05  1.99492405377299E+00
 cg2d: Sum(rhs),rhsMax =   5.50442655367078E-05  1.99480398472816E+00
 cg2d: Sum(rhs),rhsMax =   5.50475995737543E-05  1.99468315739166E+00
 cg2d: Sum(rhs),rhsMax =   5.50509552823542E-05  1.99456157234654E+00
 cg2d: Sum(rhs),rhsMax =   5.50543320940733E-05  1.99443923017182E+00
 cg2d: Sum(rhs),rhsMax =   5.50577303357613E-05  1.99431613144794E+00
 cg2d: Sum(rhs),rhsMax =   5.50611498368880E-05  1.99419227675867E+00
 cg2d: Sum(rhs),rhsMax =   5.50645908816705E-05  1.99406766669105E+00
 cg2d: Sum(rhs),rhsMax =   5.50680527027225E-05  1.99394230183485E+00
 cg2d: Sum(rhs),rhsMax =   5.50715360247978E-05  1.99381618278096E+00
 cg2d: Sum(rhs),rhsMax =   5.50750414873846E-05  1.99368931011900E+00
 cg2d: Sum(rhs),rhsMax =   5.50785666604270E-05  1.99356168443323E+00
 cg2d: Sum(rhs),rhsMax =   5.50821137750290E-05  1.99343330629696E+00
 cg2d: Sum(rhs),rhsMax =   5.50856819501178E-05  1.99330417626443E+00
 cg2d: Sum(rhs),rhsMax =   5.50892714556994E-05  1.99317429486210E+00
 cg2d: Sum(rhs),rhsMax =   5.50928824765151E-05  1.99304366257891E+00
 cg2d: Sum(rhs),rhsMax =   5.50965143304438E-05  1.99291227985753E+00
 cg2d: Sum(rhs),rhsMax =   5.51001679269802E-05  1.99278014708802E+00
 cg2d: Sum(rhs),rhsMax =   5.51038419729366E-05  1.99264726460560E+00
 cg2d: Sum(rhs),rhsMax =   5.51075373067533E-05  1.99251363269324E+00
 cg2d: Sum(rhs),rhsMax =   5.51112543689669E-05  1.99237925159100E+00
 cg2d: Sum(rhs),rhsMax =   5.51149929748362E-05  1.99224412151058E+00
 cg2d: Sum(rhs),rhsMax =   5.51187517459084E-05  1.99210824265536E+00
 cg2d: Sum(rhs),rhsMax =   5.51225324869620E-05  1.99197161524335E+00
 cg2d: Sum(rhs),rhsMax =   5.51263342458697E-05  1.99183423953064E+00
 cg2d: Sum(rhs),rhsMax =   5.51301567526252E-05  1.99169611583220E+00
 cg2d: Sum(rhs),rhsMax =   5.51340012719947E-05  1.99155724453704E+00
 cg2d: Sum(rhs),rhsMax =   5.51378670792246E-05  1.99141762611506E+00
 cg2d: Sum(rhs),rhsMax =   5.51417535632481E-05  1.99127726111392E+00
 cg2d: Sum(rhs),rhsMax =   5.51456614772405E-05  1.99113615014530E+00
 cg2d: Sum(rhs),rhsMax =   5.51495902811894E-05  1.99099429386183E+00
 cg2d: Sum(rhs),rhsMax =   5.51535412967041E-05  1.99085169292671E+00
 cg2d: Sum(rhs),rhsMax =   5.51575120795178E-05  1.99070834797945E+00
 cg2d: Sum(rhs),rhsMax =   5.51615050454757E-05  1.99056425960218E+00
 cg2d: Sum(rhs),rhsMax =   5.51655193561373E-05  1.99041942829024E+00
 cg2d: Sum(rhs),rhsMax =   5.51695534483088E-05  1.99027385443151E+00
 cg2d: Sum(rhs),rhsMax =   5.51736095388833E-05  1.99012753829694E+00
 cg2d: Sum(rhs),rhsMax =   5.51776869883724E-05  1.98998048004384E+00
 cg2d: Sum(rhs),rhsMax =   5.51817856120351E-05  1.98983267973266E+00
 cg2d: Sum(rhs),rhsMax =   5.51859057367210E-05  1.98968413735451E+00
 cg2d: Sum(rhs),rhsMax =   5.51900460834531E-05  1.98953485286786E+00
 cg2d: Sum(rhs),rhsMax =   5.51942081585821E-05  1.98938482623990E+00
 cg2d: Sum(rhs),rhsMax =   5.51983910526133E-05  1.98923405748862E+00
 cg2d: Sum(rhs),rhsMax =   5.52025962008429E-05  1.98908254672142E+00
 cg2d: Sum(rhs),rhsMax =   5.52068216848056E-05  1.98893029416673E+00
 cg2d: Sum(rhs),rhsMax =   5.52110688829544E-05  1.98877730019582E+00
 cg2d: Sum(rhs),rhsMax =   5.52153369142161E-05  1.98862356533341E+00
 cg2d: Sum(rhs),rhsMax =   5.52196261907056E-05  1.98846909025685E+00
 cg2d: Sum(rhs),rhsMax =   5.52239369540075E-05  1.98831387578476E+00
 cg2d: Sum(rhs),rhsMax =   5.52282691046457E-05  1.98815792285705E+00
 cg2d: Sum(rhs),rhsMax =   5.52326218041799E-05  1.98800123250894E+00
 cg2d: Sum(rhs),rhsMax =   5.52369956778875E-05  1.98784380584191E+00
 cg2d: Sum(rhs),rhsMax =   5.52413913084138E-05  1.98768564399449E+00
 cg2d: Sum(rhs),rhsMax =   5.52458076583662E-05  1.98752674811541E+00
 cg2d: Sum(rhs),rhsMax =   5.52502449693293E-05  1.98736711934144E+00
 cg2d: Sum(rhs),rhsMax =   5.52547035113093E-05  1.98720675878083E+00
 cg2d: Sum(rhs),rhsMax =   5.52591830000893E-05  1.98704566750334E+00
 cg2d: Sum(rhs),rhsMax =   5.52636830377651E-05  1.98688384653666E+00
 cg2d: Sum(rhs),rhsMax =   5.52682047612052E-05  1.98672129686846E+00
 cg2d: Sum(rhs),rhsMax =   5.52727476303971E-05  1.98655801945272E+00
 cg2d: Sum(rhs),rhsMax =   5.52773110769067E-05  1.98639401521956E+00
 cg2d: Sum(rhs),rhsMax =   5.52818952428424E-05  1.98622928508659E+00
 cg2d: Sum(rhs),rhsMax =   5.52865009950665E-05  1.98606382997055E+00
 cg2d: Sum(rhs),rhsMax =   5.52911279356749E-05  1.98589765079751E+00
 cg2d: Sum(rhs),rhsMax =   5.52957749704319E-05  1.98573074851112E+00
 cg2d: Sum(rhs),rhsMax =   5.53004423551329E-05  1.98556312407835E+00
 cg2d: Sum(rhs),rhsMax =   5.53051320508757E-05  1.98539477849262E+00
 cg2d: Sum(rhs),rhsMax =   5.53098419686648E-05  1.98522571277406E+00
 cg2d: Sum(rhs),rhsMax =   5.53145722932413E-05  1.98505592796764E+00
 cg2d: Sum(rhs),rhsMax =   5.53193238488348E-05  1.98488542513932E+00
 cg2d: Sum(rhs),rhsMax =   5.53240967349211E-05  1.98471420537113E+00
 cg2d: Sum(rhs),rhsMax =   5.53288896156801E-05  1.98454226975579E+00
 cg2d: Sum(rhs),rhsMax =   5.53337039548296E-05  1.98436961939141E+00
 cg2d: Sum(rhs),rhsMax =   5.53385382460192E-05  1.98419625537716E+00
 cg2d: Sum(rhs),rhsMax =   5.53433932708458E-05  1.98402217880982E+00
 cg2d: Sum(rhs),rhsMax =   5.53482691287854E-05  1.98384739078189E+00
 cg2d: Sum(rhs),rhsMax =   5.53531664309048E-05  1.98367189238105E+00
 cg2d: Sum(rhs),rhsMax =   5.53580839977030E-05  1.98349568469118E+00
 cg2d: Sum(rhs),rhsMax =   5.53630219570778E-05  1.98331876879426E+00
 cg2d: Sum(rhs),rhsMax =   5.53679806785112E-05  1.98314114577350E+00
 cg2d: Sum(rhs),rhsMax =   5.53729596930452E-05  1.98296281671669E+00
 cg2d: Sum(rhs),rhsMax =   5.53779594838488E-05  1.98278378271987E+00
 cg2d: Sum(rhs),rhsMax =   5.53829799798677E-05  1.98260404489066E+00
 cg2d: Sum(rhs),rhsMax =   5.53880207689872E-05  1.98242360435109E+00
 cg2d: Sum(rhs),rhsMax =   5.53930825617499E-05  1.98224246223948E+00
 cg2d: Sum(rhs),rhsMax =   5.53981643065526E-05  1.98206061971161E+00
 cg2d: Sum(rhs),rhsMax =   5.54032672397398E-05  1.98187807794059E+00
 cg2d: Sum(rhs),rhsMax =   5.54083901533886E-05  1.98169483811600E+00
 cg2d: Sum(rhs),rhsMax =   5.54135335164574E-05  1.98151090144158E+00
 cg2d: Sum(rhs),rhsMax =   5.54186963483971E-05  1.98132626913230E+00
 cg2d: Sum(rhs),rhsMax =   5.54238812497942E-05  1.98114094241081E+00
 cg2d: Sum(rhs),rhsMax =   5.54290852932127E-05  1.98095492250358E+00
 cg2d: Sum(rhs),rhsMax =   5.54343101981658E-05  1.98076821063678E+00
 cg2d: Sum(rhs),rhsMax =   5.54395551262132E-05  1.98058080803235E+00
 cg2d: Sum(rhs),rhsMax =   5.54448213563319E-05  1.98039271590426E+00
 cg2d: Sum(rhs),rhsMax =   5.54501069274238E-05  1.98020393545518E+00
 cg2d: Sum(rhs),rhsMax =   5.54554128342488E-05  1.98001446787391E+00
 cg2d: Sum(rhs),rhsMax =   5.54607394036566E-05  1.97982431433318E+00
 cg2d: Sum(rhs),rhsMax =   5.54660858824718E-05  1.97963347598838E+00
 cg2d: Sum(rhs),rhsMax =   5.54714524554356E-05  1.97944195397684E+00
 cg2d: Sum(rhs),rhsMax =   5.54768390657046E-05  1.97924974941770E+00
 cg2d: Sum(rhs),rhsMax =   5.54822461680260E-05  1.97905686341257E+00
 cg2d: Sum(rhs),rhsMax =   5.54876734071286E-05  1.97886329704637E+00
 cg2d: Sum(rhs),rhsMax =   5.54931204277409E-05  1.97866905138879E+00
 cg2d: Sum(rhs),rhsMax =   5.54985872298630E-05  1.97847412749589E+00
 cg2d: Sum(rhs),rhsMax =   5.55040752345803E-05  1.97827852641201E+00
 cg2d: Sum(rhs),rhsMax =   5.55095823671081E-05  1.97808224917170E+00
 cg2d: Sum(rhs),rhsMax =   5.55151100769535E-05  1.97788529680170E+00
 cg2d: Sum(rhs),rhsMax =   5.55206578241041E-05  1.97768767032304E+00
 cg2d: Sum(rhs),rhsMax =   5.55262253811861E-05  1.97748937075283E+00
 cg2d: Sum(rhs),rhsMax =   5.55318123645065E-05  1.97729039910633E+00
 cg2d: Sum(rhs),rhsMax =   5.55374201951508E-05  1.97709075639863E+00
 cg2d: Sum(rhs),rhsMax =   5.55430479352026E-05  1.97689044364638E+00
 cg2d: Sum(rhs),rhsMax =   5.55486949593842E-05  1.97668946186936E+00
 cg2d: Sum(rhs),rhsMax =   5.55543625324617E-05  1.97648781209193E+00
 cg2d: Sum(rhs),rhsMax =   5.55600495744102E-05  1.97628549534445E+00
 cg2d: Sum(rhs),rhsMax =   5.55657566394530E-05  1.97608251266440E+00
 cg2d: Sum(rhs),rhsMax =   5.55714833723187E-05  1.97587886509743E+00
 cg2d: Sum(rhs),rhsMax =   5.55772305546043E-05  1.97567455369831E+00
 cg2d: Sum(rhs),rhsMax =   5.55829973762911E-05  1.97546957953148E+00
 cg2d: Sum(rhs),rhsMax =   5.55887835389512E-05  1.97526394367156E+00
 cg2d: Sum(rhs),rhsMax =   5.55945901368204E-05  1.97505764720358E+00
 cg2d: Sum(rhs),rhsMax =   5.56004163456691E-05  1.97485069122300E+00
 cg2d: Sum(rhs),rhsMax =   5.56062621654974E-05  1.97464307683539E+00
 cg2d: Sum(rhs),rhsMax =   5.56121274541965E-05  1.97443480515604E+00
 cg2d: Sum(rhs),rhsMax =   5.56180131496831E-05  1.97422587730937E+00
 cg2d: Sum(rhs),rhsMax =   5.56239181150886E-05  1.97401629442805E+00
 cg2d: Sum(rhs),rhsMax =   5.56298421940937E-05  1.97380605765225E+00
 cg2d: Sum(rhs),rhsMax =   5.56357867793622E-05  1.97359516812862E+00
 cg2d: Sum(rhs),rhsMax =   5.56417507624474E-05  1.97338362700967E+00
 cg2d: Sum(rhs),rhsMax =   5.56477341433492E-05  1.97317143545286E+00
 cg2d: Sum(rhs),rhsMax =   5.56537378599842E-05  1.97295859462016E+00
 cg2d: Sum(rhs),rhsMax =   5.56597608323273E-05  1.97274510567785E+00
 cg2d: Sum(rhs),rhsMax =   5.56658031172219E-05  1.97253096979659E+00
 cg2d: Sum(rhs),rhsMax =   5.56718643736076E-05  1.97231618815193E+00
 cg2d: Sum(rhs),rhsMax =   5.56779463636303E-05  1.97210076192514E+00
 cg2d: Sum(rhs),rhsMax =   5.56840466288122E-05  1.97188469230460E+00
 cg2d: Sum(rhs),rhsMax =   5.56901675139443E-05  1.97166798048757E+00
 cg2d: Sum(rhs),rhsMax =   5.56963072568806E-05  1.97145062768220E+00
 cg2d: Sum(rhs),rhsMax =   5.57024670513329E-05  1.97123263511009E+00
 cg2d: Sum(rhs),rhsMax =   5.57086448793598E-05  1.97101400400894E+00
 cg2d: Sum(rhs),rhsMax =   5.57148436968191E-05  1.97079473563542E+00
 cg2d: Sum(rhs),rhsMax =   5.57210609599679E-05  1.97057483126812E+00
 cg2d: Sum(rhs),rhsMax =   5.57272970951317E-05  1.97035429221043E+00
 cg2d: Sum(rhs),rhsMax =   5.57335539639325E-05  1.97013311979312E+00
 cg2d: Sum(rhs),rhsMax =   5.57398289515731E-05  1.96991131537698E+00
 cg2d: Sum(rhs),rhsMax =   5.57461237917778E-05  1.96968888035462E+00
 cg2d: Sum(rhs),rhsMax =   5.57524375608409E-05  1.96946581615219E+00
 cg2d: Sum(rhs),rhsMax =   5.57587710545704E-05  1.96924212423024E+00
 cg2d: Sum(rhs),rhsMax =   5.57651230792544E-05  1.96901780608426E+00
 cg2d: Sum(rhs),rhsMax =   5.57714943170140E-05  1.96879286324434E+00
 cg2d: Sum(rhs),rhsMax =   5.57778856915547E-05  1.96856729727432E+00
 cg2d: Sum(rhs),rhsMax =   5.57842938633257E-05  1.96834110977034E+00
 cg2d: Sum(rhs),rhsMax =   5.57907232661137E-05  1.96811430235871E+00
 cg2d: Sum(rhs),rhsMax =   5.57971709582716E-05  1.96788687669345E+00
 cg2d: Sum(rhs),rhsMax =   5.58036369113779E-05  1.96765883445350E+00
 cg2d: Sum(rhs),rhsMax =   5.58101227170482E-05  1.96743017733944E+00
 cg2d: Sum(rhs),rhsMax =   5.58166273378902E-05  1.96720090706997E+00
 cg2d: Sum(rhs),rhsMax =   5.58231510012774E-05  1.96697102537825E+00
 cg2d: Sum(rhs),rhsMax =   5.58296927408719E-05  1.96674053400820E+00
 cg2d: Sum(rhs),rhsMax =   5.58362539351265E-05  1.96650943471089E+00
 cg2d: Sum(rhs),rhsMax =   5.58428340013961E-05  1.96627772924127E+00
 cg2d: Sum(rhs),rhsMax =   5.58494323001923E-05  1.96604541935511E+00
 cg2d: Sum(rhs),rhsMax =   5.58560491015214E-05  1.96581250680624E+00
 cg2d: Sum(rhs),rhsMax =   5.58626846896004E-05  1.96557899334409E+00
 cg2d: Sum(rhs),rhsMax =   5.58693396470744E-05  1.96534488071165E+00
 cg2d: Sum(rhs),rhsMax =   5.58760121975865E-05  1.96511017064367E+00
 cg2d: Sum(rhs),rhsMax =   5.58827037195897E-05  1.96487486486517E+00
 cg2d: Sum(rhs),rhsMax =   5.58894142130839E-05  1.96463896509043E+00
 cg2d: Sum(rhs),rhsMax =   5.58961423280380E-05  1.96440247302205E+00
 cg2d: Sum(rhs),rhsMax =   5.59028893150071E-05  1.96416539035037E+00
 cg2d: Sum(rhs),rhsMax =   5.59096545771354E-05  1.96392771875299E+00
 cg2d: Sum(rhs),rhsMax =   5.59164377023080E-05  1.96368945989449E+00
 cg2d: Sum(rhs),rhsMax =   5.59232399979237E-05  1.96345061542618E+00
 cg2d: Sum(rhs),rhsMax =   5.59300604834334E-05  1.96321118698589E+00
 cg2d: Sum(rhs),rhsMax =   5.59368986188247E-05  1.96297117619779E+00
 cg2d: Sum(rhs),rhsMax =   5.59437558962372E-05  1.96273058467218E+00
 cg2d: Sum(rhs),rhsMax =   5.59506304540491E-05  1.96248941400523E+00
 cg2d: Sum(rhs),rhsMax =   5.59575235570264E-05  1.96224766577881E+00
 cg2d: Sum(rhs),rhsMax =   5.59644348214761E-05  1.96200534155998E+00
 cg2d: Sum(rhs),rhsMax =   5.59713641195003E-05  1.96176244290085E+00
 cg2d: Sum(rhs),rhsMax =   5.59783108684542E-05  1.96151897133816E+00
 cg2d: Sum(rhs),rhsMax =   5.59852769441704E-05  1.96127492839305E+00
 cg2d: Sum(rhs),rhsMax =   5.59922599876472E-05  1.96103031557075E+00
 cg2d: Sum(rhs),rhsMax =   5.59992619741934E-05  1.96078513436049E+00
 cg2d: Sum(rhs),rhsMax =   5.60062814827234E-05  1.96053938623532E+00
 cg2d: Sum(rhs),rhsMax =   5.60133185558698E-05  1.96029307265232E+00
 cg2d: Sum(rhs),rhsMax =   5.60203741031273E-05  1.96004619505268E+00
 cg2d: Sum(rhs),rhsMax =   5.60274467318322E-05  1.95979875486209E+00
 cg2d: Sum(rhs),rhsMax =   5.60345373656901E-05  1.95955075349132E+00
 cg2d: Sum(rhs),rhsMax =   5.60416452657364E-05  1.95930219233680E+00
 cg2d: Sum(rhs),rhsMax =   5.60487724214909E-05  1.95905307278153E+00
 cg2d: Sum(rhs),rhsMax =   5.60559165450059E-05  1.95880339619595E+00
 cg2d: Sum(rhs),rhsMax =   5.60630782757698E-05  1.95855316393918E+00
 cg2d: Sum(rhs),rhsMax =   5.60702584238015E-05  1.95830237736016E+00
 cg2d: Sum(rhs),rhsMax =   5.60774558664434E-05  1.95805103779902E+00
 cg2d: Sum(rhs),rhsMax =   5.60846704900086E-05  1.95779914658847E+00
 cg2d: Sum(rhs),rhsMax =   5.60919027918771E-05  1.95754670505532E+00
 cg2d: Sum(rhs),rhsMax =   5.60991531841637E-05  1.95729371452201E+00
 cg2d: Sum(rhs),rhsMax =   5.61064206578976E-05  1.95704017630809E+00
 cg2d: Sum(rhs),rhsMax =   5.61137059094108E-05  1.95678609173192E+00
 cg2d: Sum(rhs),rhsMax =   5.61210093934505E-05  1.95653146211219E+00
 cg2d: Sum(rhs),rhsMax =   5.61283294189252E-05  1.95627628876953E+00
 cg2d: Sum(rhs),rhsMax =   5.61356672932334E-05  1.95602057302811E+00
 cg2d: Sum(rhs),rhsMax =   5.61430223058323E-05  1.95576431621699E+00
 cg2d: Sum(rhs),rhsMax =   5.61503950393671E-05  1.95550751967157E+00
 cg2d: Sum(rhs),rhsMax =   5.61577856643680E-05  1.95525018473576E+00
 cg2d: Sum(rhs),rhsMax =   5.61651927597495E-05  1.95499231276396E+00
 cg2d: Sum(rhs),rhsMax =   5.61726178602839E-05  1.95473390512271E+00
 cg2d: Sum(rhs),rhsMax =   5.61800598575246E-05  1.95447496319183E+00
 cg2d: Sum(rhs),rhsMax =   5.61875191920080E-05  1.95421548836564E+00
 cg2d: Sum(rhs),rhsMax =   5.61949957926799E-05  1.95395548205464E+00
 cg2d: Sum(rhs),rhsMax =   5.62024895742752E-05  1.95369494568709E+00
 cg2d: Sum(rhs),rhsMax =   5.62100008352218E-05  1.95343388071090E+00
 cg2d: Sum(rhs),rhsMax =   5.62175286091815E-05  1.95317228859506E+00
 cg2d: Sum(rhs),rhsMax =   5.62250748856741E-05  1.95291017083118E+00
 cg2d: Sum(rhs),rhsMax =   5.62326372772759E-05  1.95264752893475E+00
 cg2d: Sum(rhs),rhsMax =   5.62402171055965E-05  1.95238436444638E+00
 cg2d: Sum(rhs),rhsMax =   5.62478135890387E-05  1.95212067893277E+00
 cg2d: Sum(rhs),rhsMax =   5.62554275518323E-05  1.95185647398772E+00
 cg2d: Sum(rhs),rhsMax =   5.62630583402779E-05  1.95159175123273E+00
 cg2d: Sum(rhs),rhsMax =   5.62707055564715E-05  1.95132651231746E+00
 cg2d: Sum(rhs),rhsMax =   5.62783701667513E-05  1.95106075892010E+00
 cg2d: Sum(rhs),rhsMax =   5.62860520858521E-05  1.95079449274730E+00
 cg2d: Sum(rhs),rhsMax =   5.62937500632188E-05  1.95052771553392E+00
 cg2d: Sum(rhs),rhsMax =   5.63014652641414E-05  1.95026042904270E+00
 cg2d: Sum(rhs),rhsMax =   5.63091976744090E-05  1.94999263506336E+00
 cg2d: Sum(rhs),rhsMax =   5.63169466119007E-05  1.94972433541194E+00
 cg2d: Sum(rhs),rhsMax =   5.63247109681697E-05  1.94945553192942E+00
 cg2d: Sum(rhs),rhsMax =   5.63324934574894E-05  1.94918622648061E+00
 cg2d: Sum(rhs),rhsMax =   5.63402919198097E-05  1.94891642095252E+00
 cg2d: Sum(rhs),rhsMax =   5.63481070230409E-05  1.94864611725289E+00
 cg2d: Sum(rhs),rhsMax =   5.63559389092916E-05  1.94837531730838E+00
 cg2d: Sum(rhs),rhsMax =   5.63637872375011E-05  1.94810402306283E+00
 cg2d: Sum(rhs),rhsMax =   5.63716517376633E-05  1.94783223647542E+00
 cg2d: Sum(rhs),rhsMax =   5.63795327366279E-05  1.94755995951881E+00
 cg2d: Sum(rhs),rhsMax =   5.63874303480816E-05  1.94728719417721E+00
 cg2d: Sum(rhs),rhsMax =   5.63953436198972E-05  1.94701394244471E+00
 cg2d: Sum(rhs),rhsMax =   5.64032733336717E-05  1.94674020632328E+00
 cg2d: Sum(rhs),rhsMax =   5.64112192478206E-05  1.94646598782122E+00
 cg2d: Sum(rhs),rhsMax =   5.64191815612958E-05  1.94619128895140E+00
 cg2d: Sum(rhs),rhsMax =   5.64271601461996E-05  1.94591611172969E+00
 cg2d: Sum(rhs),rhsMax =   5.64351545335740E-05  1.94564045817348E+00
 cg2d: Sum(rhs),rhsMax =   5.64431651781661E-05  1.94536433030020E+00
 cg2d: Sum(rhs),rhsMax =   5.64511914546983E-05  1.94508773012597E+00
 cg2d: Sum(rhs),rhsMax =   5.64592342158221E-05  1.94481065966443E+00
 cg2d: Sum(rhs),rhsMax =   5.64672922394038E-05  1.94453312092538E+00
 cg2d: Sum(rhs),rhsMax =   5.64753664065165E-05  1.94425511591370E+00
 cg2d: Sum(rhs),rhsMax =   5.64834564045213E-05  1.94397664662827E+00
 cg2d: Sum(rhs),rhsMax =   5.64915620344664E-05  1.94369771506091E+00
 cg2d: Sum(rhs),rhsMax =   5.64996835095144E-05  1.94341832319529E+00
 cg2d: Sum(rhs),rhsMax =   5.65078202470204E-05  1.94313847300608E+00
 cg2d: Sum(rhs),rhsMax =   5.65159728438402E-05  1.94285816645787E+00
 cg2d: Sum(rhs),rhsMax =   5.65241419110407E-05  1.94257740550435E+00
 cg2d: Sum(rhs),rhsMax =   5.65323251748850E-05  1.94229619208733E+00
 cg2d: Sum(rhs),rhsMax =   5.65405249233208E-05  1.94201452813591E+00
 cg2d: Sum(rhs),rhsMax =   5.65487397921061E-05  1.94173241556564E+00
 cg2d: Sum(rhs),rhsMax =   5.65569693691259E-05  1.94144985627769E+00
 cg2d: Sum(rhs),rhsMax =   5.65652144786100E-05  1.94116685215813E+00
 cg2d: Sum(rhs),rhsMax =   5.65734753479319E-05  1.94088340507724E+00
 cg2d: Sum(rhs),rhsMax =   5.65817515223443E-05  1.94059951688883E+00
 cg2d: Sum(rhs),rhsMax =   5.65900428313171E-05  1.94031518942974E+00
 cg2d: Sum(rhs),rhsMax =   5.65983496443323E-05  1.94003042451936E+00
 cg2d: Sum(rhs),rhsMax =   5.66066709382085E-05  1.93974522395931E+00
 cg2d: Sum(rhs),rhsMax =   5.66150080061334E-05  1.93945958953312E+00
 cg2d: Sum(rhs),rhsMax =   5.66233596401844E-05  1.93917352300621E+00
 cg2d: Sum(rhs),rhsMax =   5.66317271761818E-05  1.93888702612585E+00
 cg2d: Sum(rhs),rhsMax =   5.66401083403889E-05  1.93860010062140E+00
 cg2d: Sum(rhs),rhsMax =   5.66485054207533E-05  1.93831274820454E+00
 cg2d: Sum(rhs),rhsMax =   5.66569167403941E-05  1.93802497056981E+00
 cg2d: Sum(rhs),rhsMax =   5.66653440330356E-05  1.93773676939525E+00
 cg2d: Sum(rhs),rhsMax =   5.66737852807364E-05  1.93744814634315E+00
 cg2d: Sum(rhs),rhsMax =   5.66822417340518E-05  1.93715910306109E+00
 cg2d: Sum(rhs),rhsMax =   5.66907129524452E-05  1.93686964118293E+00
 cg2d: Sum(rhs),rhsMax =   5.66991980406328E-05  1.93657976233012E+00
 cg2d: Sum(rhs),rhsMax =   5.67076986754955E-05  1.93628946811315E+00
 cg2d: Sum(rhs),rhsMax =   5.67162143312316E-05  1.93599876013294E+00
 cg2d: Sum(rhs),rhsMax =   5.67247438709728E-05  1.93570763998253E+00
 cg2d: Sum(rhs),rhsMax =   5.67332880478943E-05  1.93541610924878E+00
 cg2d: Sum(rhs),rhsMax =   5.67418471746350E-05  1.93512416951417E+00
 cg2d: Sum(rhs),rhsMax =   5.67504213506709E-05  1.93483182235865E+00
 cg2d: Sum(rhs),rhsMax =   5.67590088422776E-05  1.93453906936156E+00
 cg2d: Sum(rhs),rhsMax =   5.67676112837034E-05  1.93424591210352E+00
 cg2d: Sum(rhs),rhsMax =   5.67762279928274E-05  1.93395235216841E+00
 cg2d: Sum(rhs),rhsMax =   5.67848597086140E-05  1.93365839114529E+00
 cg2d: Sum(rhs),rhsMax =   5.67935051236645E-05  1.93336403063021E+00
 cg2d: Sum(rhs),rhsMax =   5.68021649627326E-05  1.93306927222815E+00
 cg2d: Sum(rhs),rhsMax =   5.68108397374090E-05  1.93277411755479E+00
 cg2d: Sum(rhs),rhsMax =   5.68195283818795E-05  1.93247856823816E+00
 cg2d: Sum(rhs),rhsMax =   5.68282304556078E-05  1.93218262592031E+00
 cg2d: Sum(rhs),rhsMax =   5.68369473512575E-05  1.93188629225880E+00
 cg2d: Sum(rhs),rhsMax =   5.68456784435512E-05  1.93158956892805E+00
 cg2d: Sum(rhs),rhsMax =   5.68544239456514E-05  1.93129245762071E+00
 cg2d: Sum(rhs),rhsMax =   5.68631832749134E-05  1.93099496004876E+00
 cg2d: Sum(rhs),rhsMax =   5.68719567581866E-05  1.93069707794446E+00
 cg2d: Sum(rhs),rhsMax =   5.68807435428198E-05  1.93039881306134E+00
 cg2d: Sum(rhs),rhsMax =   5.68895448651574E-05  1.93010016717483E+00
 cg2d: Sum(rhs),rhsMax =   5.68983599578132E-05  1.92980114208291E+00
 cg2d: Sum(rhs),rhsMax =   5.69071882949856E-05  1.92950173960653E+00
 cg2d: Sum(rhs),rhsMax =   5.69160316814532E-05  1.92920196158992E+00
 cg2d: Sum(rhs),rhsMax =   5.69248883550699E-05  1.92890180990081E+00
 cg2d: Sum(rhs),rhsMax =   5.69337588700591E-05  1.92860128643032E+00
 cg2d: Sum(rhs),rhsMax =   5.69426431979991E-05  1.92830039309303E+00
 cg2d: Sum(rhs),rhsMax =   5.69515403299192E-05  1.92799913182665E+00
 cg2d: Sum(rhs),rhsMax =   5.69604515163746E-05  1.92769750459168E+00
 cg2d: Sum(rhs),rhsMax =   5.69693762741963E-05  1.92739551337096E+00
 cg2d: Sum(rhs),rhsMax =   5.69783142765345E-05  1.92709316016897E+00
 cg2d: Sum(rhs),rhsMax =   5.69847328506512E-05  1.92687610138197E+00
 cg2d: Sum(rhs),rhsMax =   5.69810354278388E-05  1.92700114470455E+00
 cg2d: Sum(rhs),rhsMax =   5.69773534948581E-05  1.92712566678888E+00
 cg2d: Sum(rhs),rhsMax =   5.69736874211912E-05  1.92724966712898E+00
 cg2d: Sum(rhs),rhsMax =   5.69700374342119E-05  1.92737314522455E+00
 cg2d: Sum(rhs),rhsMax =   5.69664030507511E-05  1.92749610058126E+00
 cg2d: Sum(rhs),rhsMax =   5.69627850808274E-05  1.92761853271087E+00
 cg2d: Sum(rhs),rhsMax =   5.69591830554828E-05  1.92774044113150E+00
 cg2d: Sum(rhs),rhsMax =   5.69555966052349E-05  1.92786182536766E+00
 cg2d: Sum(rhs),rhsMax =   5.69520262843071E-05  1.92798268495057E+00
 cg2d: Sum(rhs),rhsMax =   5.69484720216451E-05  1.92810301941808E+00
 cg2d: Sum(rhs),rhsMax =   5.69449328935434E-05  1.92822282831498E+00
 cg2d: Sum(rhs),rhsMax =   5.69414108326782E-05  1.92834211119288E+00
 cg2d: Sum(rhs),rhsMax =   5.69379042332230E-05  1.92846086761038E+00
 cg2d: Sum(rhs),rhsMax =   5.69344137062444E-05  1.92857909713289E+00
 cg2d: Sum(rhs),rhsMax =   5.69309387543626E-05  1.92869679933292E+00
 cg2d: Sum(rhs),rhsMax =   5.69274804576025E-05  1.92881397378950E+00
 cg2d: Sum(rhs),rhsMax =   5.69240380059455E-05  1.92893062008848E+00
 cg2d: Sum(rhs),rhsMax =   5.69206117688736E-05  1.92904673782223E+00
 cg2d: Sum(rhs),rhsMax =   5.69172014479591E-05  1.92916232658939E+00
 cg2d: Sum(rhs),rhsMax =   5.69138065031893E-05  1.92927738599479E+00
 cg2d: Sum(rhs),rhsMax =   5.69104279151134E-05  1.92939191564908E+00
 cg2d: Sum(rhs),rhsMax =   5.69070656410986E-05  1.92950591516852E+00
 cg2d: Sum(rhs),rhsMax =   5.69037195248256E-05  1.92961938417464E+00
 cg2d: Sum(rhs),rhsMax =   5.69003892962883E-05  1.92973232229390E+00
 cg2d: Sum(rhs),rhsMax =   5.68970743017871E-05  1.92984472915750E+00
 cg2d: Sum(rhs),rhsMax =   5.68937763887334E-05  1.92995660440122E+00
 cg2d: Sum(rhs),rhsMax =   5.68904944486803E-05  1.93006794766512E+00
 cg2d: Sum(rhs),rhsMax =   5.68872287374234E-05  1.93017875859324E+00
 cg2d: Sum(rhs),rhsMax =   5.68839785302089E-05  1.93028903683298E+00
 cg2d: Sum(rhs),rhsMax =   5.68807443670494E-05  1.93039878203490E+00
 cg2d: Sum(rhs),rhsMax =   5.68775266174271E-05  1.93050799385252E+00
 cg2d: Sum(rhs),rhsMax =   5.68743254234505E-05  1.93061667194217E+00
 cg2d: Sum(rhs),rhsMax =   5.68711392929799E-05  1.93072481596279E+00
 cg2d: Sum(rhs),rhsMax =   5.68679699028962E-05  1.93083242557583E+00
 cg2d: Sum(rhs),rhsMax =   5.68648165142349E-05  1.93093950044516E+00
 cg2d: Sum(rhs),rhsMax =   5.68616791412069E-05  1.93104604023697E+00
 cg2d: Sum(rhs),rhsMax =   5.68585578548664E-05  1.93115204461966E+00
 cg2d: Sum(rhs),rhsMax =   5.68554528541654E-05  1.93125751326384E+00
 cg2d: Sum(rhs),rhsMax =   5.68523637980434E-05  1.93136244583915E+00
 cg2d: Sum(rhs),rhsMax =   5.68492903596507E-05  1.93146684201712E+00
 cg2d: Sum(rhs),rhsMax =   5.68462340169162E-05  1.93157070147684E+00
 cg2d: Sum(rhs),rhsMax =   5.68431935192848E-05  1.93167402390429E+00
 cg2d: Sum(rhs),rhsMax =   5.68401687530695E-05  1.93177680898730E+00
 cg2d: Sum(rhs),rhsMax =   5.68371609404039E-05  1.93187905641282E+00
 cg2d: Sum(rhs),rhsMax =   5.68341680065032E-05  1.93198076586781E+00
 cg2d: Sum(rhs),rhsMax =   5.68311925803755E-05  1.93208193704161E+00
 cg2d: Sum(rhs),rhsMax =   5.68282323456515E-05  1.93218256962755E+00
 cg2d: Sum(rhs),rhsMax =   5.68252885670972E-05  1.93228266332365E+00
 cg2d: Sum(rhs),rhsMax =   5.68223615573515E-05  1.93238221783267E+00
 cg2d: Sum(rhs),rhsMax =   5.68194493411056E-05  1.93248123286218E+00
 cg2d: Sum(rhs),rhsMax =   5.68165540784094E-05  1.93257970812444E+00
 cg2d: Sum(rhs),rhsMax =   5.68136755845217E-05  1.93267764333666E+00
 cg2d: Sum(rhs),rhsMax =   5.68108124099354E-05  1.93277503822117E+00
 cg2d: Sum(rhs),rhsMax =   5.68079656773079E-05  1.93287189250572E+00
 cg2d: Sum(rhs),rhsMax =   5.68051348324161E-05  1.93296820592383E+00
 cg2d: Sum(rhs),rhsMax =   5.68023205715917E-05  1.93306397821494E+00
 cg2d: Sum(rhs),rhsMax =   5.67995226248286E-05  1.93315920912485E+00
 cg2d: Sum(rhs),rhsMax =   5.67967405942227E-05  1.93325389840595E+00
 cg2d: Sum(rhs),rhsMax =   5.67939749203106E-05  1.93334804581747E+00
 cg2d: Sum(rhs),rhsMax =   5.67912253046643E-05  1.93344165112576E+00
 cg2d: Sum(rhs),rhsMax =   5.67884918183381E-05  1.93353471410447E+00
 cg2d: Sum(rhs),rhsMax =   5.67857743618561E-05  1.93362723453483E+00
 cg2d: Sum(rhs),rhsMax =   5.67830737026043E-05  1.93371921220581E+00
 cg2d: Sum(rhs),rhsMax =   5.67803885189733E-05  1.93381064691430E+00
 cg2d: Sum(rhs),rhsMax =   5.67777203599462E-05  1.93390153846533E+00
 cg2d: Sum(rhs),rhsMax =   5.67750674917988E-05  1.93399188667225E+00
 cg2d: Sum(rhs),rhsMax =   5.67724312219298E-05  1.93408169135683E+00
 cg2d: Sum(rhs),rhsMax =   5.67698114082305E-05  1.93417095234951E+00
 cg2d: Sum(rhs),rhsMax =   5.67672075248993E-05  1.93425966948949E+00
 cg2d: Sum(rhs),rhsMax =   5.67646196998339E-05  1.93434784262490E+00
 cg2d: Sum(rhs),rhsMax =   5.67620486435771E-05  1.93443547161288E+00
 cg2d: Sum(rhs),rhsMax =   5.67594930060977E-05  1.93452255631968E+00
 cg2d: Sum(rhs),rhsMax =   5.67569542937463E-05  1.93460909662076E+00
 cg2d: Sum(rhs),rhsMax =   5.67544317959801E-05  1.93469509240077E+00
 cg2d: Sum(rhs),rhsMax =   5.67519246743586E-05  1.93478054355369E+00
 cg2d: Sum(rhs),rhsMax =   5.67494348189257E-05  1.93486544998271E+00
 cg2d: Sum(rhs),rhsMax =   5.67469600127879E-05  1.93494981160028E+00
 cg2d: Sum(rhs),rhsMax =   5.67445021744106E-05  1.93503362832806E+00
 cg2d: Sum(rhs),rhsMax =   5.67420604085100E-05  1.93511690009681E+00
 cg2d: Sum(rhs),rhsMax =   5.67396348287730E-05  1.93519962684634E+00
 cg2d: Sum(rhs),rhsMax =   5.67372249520304E-05  1.93528180852535E+00
 cg2d: Sum(rhs),rhsMax =   5.67348318014638E-05  1.93536344509132E+00
 cg2d: Sum(rhs),rhsMax =   5.67324550928561E-05  1.93544453651027E+00
 cg2d: Sum(rhs),rhsMax =   5.67300938030257E-05  1.93552508265006E+00
 cg2d: Sum(rhs),rhsMax =   5.67277492393714E-05  1.93560508362734E+00
 cg2d: Sum(rhs),rhsMax =   5.67254207339829E-05  1.93568453950116E+00
 cg2d: Sum(rhs),rhsMax =   5.67231085568665E-05  1.93576345028728E+00
 cg2d: Sum(rhs),rhsMax =   5.67208125659135E-05  1.93584181600618E+00
 cg2d: Sum(rhs),rhsMax =   5.67185318516295E-05  1.93591963669849E+00
 cg2d: Sum(rhs),rhsMax =   5.67162683893230E-05  1.93599691242270E+00
 cg2d: Sum(rhs),rhsMax =   5.67140201042093E-05  1.93607364324945E+00
 cg2d: Sum(rhs),rhsMax =   5.67117888579105E-05  1.93614982925837E+00
 cg2d: Sum(rhs),rhsMax =   5.67095732009193E-05  1.93622547053670E+00
 cg2d: Sum(rhs),rhsMax =   5.67073738295676E-05  1.93630056717861E+00
 cg2d: Sum(rhs),rhsMax =   5.67051905306926E-05  1.93637511928437E+00
 cg2d: Sum(rhs),rhsMax =   5.67030240148370E-05  1.93644912695943E+00
 cg2d: Sum(rhs),rhsMax =   5.67008727045959E-05  1.93652258182760E+00
 cg2d: Sum(rhs),rhsMax =   5.66987376799943E-05  1.93659549688802E+00
 cg2d: Sum(rhs),rhsMax =   5.66966183725981E-05  1.93666787353500E+00
 cg2d: Sum(rhs),rhsMax =   5.66945157203236E-05  1.93673970986070E+00
 cg2d: Sum(rhs),rhsMax =   5.66924290552606E-05  1.93681100514195E+00
 cg2d: Sum(rhs),rhsMax =   5.66903579084510E-05  1.93688175995180E+00
 cg2d: Sum(rhs),rhsMax =   5.66883026209553E-05  1.93695197539565E+00
 cg2d: Sum(rhs),rhsMax =   5.66862635196230E-05  1.93702165258659E+00
 cg2d: Sum(rhs),rhsMax =   5.66842402491829E-05  1.93709079251225E+00
 cg2d: Sum(rhs),rhsMax =   5.66822324259419E-05  1.93715939606696E+00
 cg2d: Sum(rhs),rhsMax =   5.66802411583467E-05  1.93722746408632E+00
 cg2d: Sum(rhs),rhsMax =   5.66782653237397E-05  1.93729499735706E+00
 cg2d: Sum(rhs),rhsMax =   5.66763055047659E-05  1.93736199661576E+00
 cg2d: Sum(rhs),rhsMax =   5.66743610193043E-05  1.93742846254604E+00
 cg2d: Sum(rhs),rhsMax =   5.66724322368373E-05  1.93749439577577E+00
 cg2d: Sum(rhs),rhsMax =   5.66705194131600E-05  1.93755979687506E+00
 cg2d: Sum(rhs),rhsMax =   5.66686221645796E-05  1.93762466635430E+00
 cg2d: Sum(rhs),rhsMax =   5.66667410453192E-05  1.93768900466334E+00
 cg2d: Sum(rhs),rhsMax =   5.66648747479803E-05  1.93775281219087E+00
 cg2d: Sum(rhs),rhsMax =   5.66630241536359E-05  1.93781608926488E+00
 cg2d: Sum(rhs),rhsMax =   5.66611896317681E-05  1.93787883615320E+00
 cg2d: Sum(rhs),rhsMax =   5.66593704292018E-05  1.93794105306459E+00
 cg2d: Sum(rhs),rhsMax =   5.66575670717384E-05  1.93800274014971E+00
 cg2d: Sum(rhs),rhsMax =   5.66557790904199E-05  1.93806389750234E+00
 cg2d: Sum(rhs),rhsMax =   5.66540072668431E-05  1.93812452516022E+00
 cg2d: Sum(rhs),rhsMax =   5.66522503646638E-05  1.93818462310632E+00
 cg2d: Sum(rhs),rhsMax =   5.66505096770697E-05  1.93824419127046E+00
 cg2d: Sum(rhs),rhsMax =   5.66487833992824E-05  1.93830322953135E+00
 cg2d: Sum(rhs),rhsMax =   5.66470945955189E-05  1.93836102190166E+00
 cg2d: Sum(rhs),rhsMax =   5.66454163646313E-05  1.93841844477423E+00
 cg2d: Sum(rhs),rhsMax =   5.66437536377862E-05  1.93847534153515E+00
 cg2d: Sum(rhs),rhsMax =   5.66421086034552E-05  1.93853164968224E+00
 cg2d: Sum(rhs),rhsMax =   5.66404807500476E-05  1.93858737280347E+00
 cg2d: Sum(rhs),rhsMax =   5.66388697933462E-05  1.93864250545443E+00
 cg2d: Sum(rhs),rhsMax =   5.66372761880984E-05  1.93869703647856E+00
 cg2d: Sum(rhs),rhsMax =   5.66357016396069E-05  1.93875095517685E+00
 cg2d: Sum(rhs),rhsMax =   5.66341448262619E-05  1.93880425163895E+00
 cg2d: Sum(rhs),rhsMax =   5.66326060607025E-05  1.93885691641593E+00
 cg2d: Sum(rhs),rhsMax =   5.66310866787489E-05  1.93890894058168E+00
 cg2d: Sum(rhs),rhsMax =   5.66295862967081E-05  1.93896031587897E+00
 cg2d: Sum(rhs),rhsMax =   5.66281049714235E-05  1.93901103481944E+00
 cg2d: Sum(rhs),rhsMax =   5.66266427739492E-05  1.93906109074664E+00
 cg2d: Sum(rhs),rhsMax =   5.66252007416779E-05  1.93911047788282E+00
 cg2d: Sum(rhs),rhsMax =   5.66237784340728E-05  1.93915919136628E+00
 cg2d: Sum(rhs),rhsMax =   5.66223754532302E-05  1.93920722728104E+00
 cg2d: Sum(rhs),rhsMax =   5.66209927512773E-05  1.93925458267903E+00
 cg2d: Sum(rhs),rhsMax =   5.66196303424249E-05  1.93930125559450E+00
 cg2d: Sum(rhs),rhsMax =   5.66182880419319E-05  1.93934724505116E+00
 cg2d: Sum(rhs),rhsMax =   5.66169649403037E-05  1.93939255106154E+00
 cg2d: Sum(rhs),rhsMax =   5.66156621459868E-05  1.93943717461844E+00
 cg2d: Sum(rhs),rhsMax =   5.66143797016139E-05  1.93948111767869E+00
 cg2d: Sum(rhs),rhsMax =   5.66131163424188E-05  1.93952438313887E+00
 cg2d: Sum(rhs),rhsMax =   5.66118736600174E-05  1.93956697480400E+00
 cg2d: Sum(rhs),rhsMax =   5.66106496933116E-05  1.93960889734922E+00
 cg2d: Sum(rhs),rhsMax =   5.66094455933808E-05  1.93965015627560E+00
 cg2d: Sum(rhs),rhsMax =   5.66082607207363E-05  1.93969075786038E+00
 cg2d: Sum(rhs),rhsMax =   5.66070951180109E-05  1.93973070910256E+00
 cg2d: Sum(rhs),rhsMax =   5.66059476483360E-05  1.93977001766405E+00
 cg2d: Sum(rhs),rhsMax =   5.66048188517243E-05  1.93980869180676E+00
 cg2d: Sum(rhs),rhsMax =   5.66037086286997E-05  1.93984674032601E+00
 cg2d: Sum(rhs),rhsMax =   5.66026161692434E-05  1.93988417248034E+00
 cg2d: Sum(rhs),rhsMax =   5.66015423686395E-05  1.93992099791826E+00
 cg2d: Sum(rhs),rhsMax =   5.66004850526269E-05  1.93995722660224E+00
 cg2d: Sum(rhs),rhsMax =   5.65994448749052E-05  1.93999286873070E+00
 cg2d: Sum(rhs),rhsMax =   5.65984222333782E-05  1.94002793465820E+00
 cg2d: Sum(rhs),rhsMax =   5.65974154085325E-05  1.94006243481522E+00
 cg2d: Sum(rhs),rhsMax =   5.65964250540674E-05  1.94009637962747E+00
 cg2d: Sum(rhs),rhsMax =   5.65954510705069E-05  1.94012977943588E+00
 cg2d: Sum(rhs),rhsMax =   5.65944924773021E-05  1.94016264441790E+00
 cg2d: Sum(rhs),rhsMax =   5.65935491891878E-05  1.94019498451044E+00
 cg2d: Sum(rhs),rhsMax =   5.65926211777423E-05  1.94022680933536E+00
 cg2d: Sum(rhs),rhsMax =   5.65917072776756E-05  1.94025812812788E+00
 cg2d: Sum(rhs),rhsMax =   5.65908087537537E-05  1.94028894966851E+00
 cg2d: Sum(rhs),rhsMax =   5.65899235738243E-05  1.94031928221897E+00
 cg2d: Sum(rhs),rhsMax =   5.65890533295033E-05  1.94034913346247E+00
 cg2d: Sum(rhs),rhsMax =   5.65881961023251E-05  1.94037851044913E+00
 cg2d: Sum(rhs),rhsMax =   5.65873530007366E-05  1.94040741954636E+00
 cg2d: Sum(rhs),rhsMax =   5.65865239110508E-05  1.94043586639519E+00
 cg2d: Sum(rhs),rhsMax =   5.65857074974474E-05  1.94046385587222E+00
 cg2d: Sum(rhs),rhsMax =   5.65849044846800E-05  1.94049139205810E+00
 cg2d: Sum(rhs),rhsMax =   5.65841144748447E-05  1.94051847821203E+00
 cg2d: Sum(rhs),rhsMax =   5.65833381074299E-05  1.94054511675327E+00
 cg2d: Sum(rhs),rhsMax =   5.65825735066028E-05  1.94057130924882E+00
 cg2d: Sum(rhs),rhsMax =   5.65818232729498E-05  1.94059705640812E+00
 cg2d: Sum(rhs),rhsMax =   5.65810855590598E-05  1.94062235808449E+00
 cg2d: Sum(rhs),rhsMax =   5.65803610044213E-05  1.94064721328307E+00
 cg2d: Sum(rhs),rhsMax =   5.65796499643056E-05  1.94067162017544E+00
 cg2d: Sum(rhs),rhsMax =   5.65789511597359E-05  1.94069557612075E+00
 cg2d: Sum(rhs),rhsMax =   5.65782655570501E-05  1.94071907769305E+00
 cg2d: Sum(rhs),rhsMax =   5.65775945915448E-05  1.94074212071467E+00
 cg2d: Sum(rhs),rhsMax =   5.65769358757962E-05  1.94076470029531E+00
 cg2d: Sum(rhs),rhsMax =   5.65762920388124E-05  1.94078681087665E+00
 cg2d: Sum(rhs),rhsMax =   5.65756604231638E-05  1.94080844628187E+00
 cg2d: Sum(rhs),rhsMax =   5.65750438568102E-05  1.94082959976998E+00
 cg2d: Sum(rhs),rhsMax =   5.65744420839565E-05  1.94085026409412E+00
 cg2d: Sum(rhs),rhsMax =   5.65738539251015E-05  1.94087043156377E+00
 cg2d: Sum(rhs),rhsMax =   5.65732809434394E-05  1.94089009411013E+00
 cg2d: Sum(rhs),rhsMax =   5.65727225989576E-05  1.94090924335402E+00
 cg2d: Sum(rhs),rhsMax =   5.65721792469276E-05  1.94092787067623E+00
 cg2d: Sum(rhs),rhsMax =   5.65716519105308E-05  1.94094596728926E+00
 cg2d: Sum(rhs),rhsMax =   5.65711399929114E-05  1.94096352431020E+00
 cg2d: Sum(rhs),rhsMax =   5.65706450430525E-05  1.94098053283422E+00
 cg2d: Sum(rhs),rhsMax =   5.65701655972362E-05  1.94099698400794E+00
 cg2d: Sum(rhs),rhsMax =   5.65697022381073E-05  1.94101286910231E+00
 cg2d: Sum(rhs),rhsMax =   5.65692565288600E-05  1.94102817958439E+00
 cg2d: Sum(rhs),rhsMax =   5.65688271620957E-05  1.94104290718750E+00
 cg2d: Sum(rhs),rhsMax =   5.65684139530731E-05  1.94105704397926E+00
 cg2d: Sum(rhs),rhsMax =   5.65680205681929E-05  1.94107058242708E+00
 cg2d: Sum(rhs),rhsMax =   5.65676431847351E-05  1.94108351546037E+00
 cg2d: Sum(rhs),rhsMax =   5.65672843038101E-05  1.94109583652932E+00
 cg2d: Sum(rhs),rhsMax =   5.65669430017124E-05  1.94110753965962E+00
 cg2d: Sum(rhs),rhsMax =   5.65666207847926E-05  1.94111861950277E+00
 cg2d: Sum(rhs),rhsMax =   5.65663162745977E-05  1.94112907138159E+00
 cg2d: Sum(rhs),rhsMax =   5.65660299258752E-05  1.94113889133047E+00
 cg2d: Sum(rhs),rhsMax =   5.65657619944204E-05  1.94114807613049E+00
 cg2d: Sum(rhs),rhsMax =   5.65655130060350E-05  1.94115662333850E+00
 cg2d: Sum(rhs),rhsMax =   5.65652825059715E-05  1.94116453131051E+00
 cg2d: Sum(rhs),rhsMax =   5.65650701673803E-05  1.94117179921898E+00
 cg2d: Sum(rhs),rhsMax =   5.65648779655703E-05  1.94117842706399E+00
 cg2d: Sum(rhs),rhsMax =   5.65647032289007E-05  1.94118441567808E+00
 cg2d: Sum(rhs),rhsMax =   5.65645473500354E-05  1.94118976672496E+00
 cg2d: Sum(rhs),rhsMax =   5.65644096042206E-05  1.94119448269202E+00
 cg2d: Sum(rhs),rhsMax =   5.65642909293729E-05  1.94119856687666E+00
 cg2d: Sum(rhs),rhsMax =   5.65641899186176E-05  1.94120202336679E+00
 cg2d: Sum(rhs),rhsMax =   5.65641072540757E-05  1.94120485701530E+00
 cg2d: Sum(rhs),rhsMax =   5.65640432057535E-05  1.94120707340925E+00
 cg2d: Sum(rhs),rhsMax =   5.65639956704445E-05  1.94120867883340E+00
 cg2d: Sum(rhs),rhsMax =   5.65639669645179E-05  1.94120968022902E+00
 cg2d: Sum(rhs),rhsMax =   5.65639557095210E-05  1.94121008514767E+00
 cg2d: Sum(rhs),rhsMax =   5.65639609391155E-05  1.94120990170093E+00
 cg2d: Sum(rhs),rhsMax =   5.65639827243558E-05  1.94120913850599E+00
 cg2d: Sum(rhs),rhsMax =   5.65640213920915E-05  1.94120780462764E+00
 cg2d: Sum(rhs),rhsMax =   5.65640768428466E-05  1.94120590951742E+00
 cg2d: Sum(rhs),rhsMax =   5.65641476981682E-05  1.94120346294975E+00
 cg2d: Sum(rhs),rhsMax =   5.65642351233464E-05  1.94120047495625E+00
 cg2d: Sum(rhs),rhsMax =   5.65643373846569E-05  1.94119695575818E+00
 cg2d: Sum(rhs),rhsMax =   5.65644551073774E-05  1.94119291569774E+00
 cg2d: Sum(rhs),rhsMax =   5.65645883625621E-05  1.94118836516878E+00
 cg2d: Sum(rhs),rhsMax =   5.65647349333176E-05  1.94118331454731E+00
 cg2d: Sum(rhs),rhsMax =   5.65648961412535E-05  1.94117777412247E+00
 cg2d: Sum(rhs),rhsMax =   5.65650722847977E-05  1.94117175402819E+00
 cg2d: Sum(rhs),rhsMax =   5.65652615733825E-05  1.94116526417651E+00
 cg2d: Sum(rhs),rhsMax =   5.65654635948931E-05  1.94115831419251E+00
 cg2d: Sum(rhs),rhsMax =   5.65656793867220E-05  1.94115091335174E+00
 cg2d: Sum(rhs),rhsMax =   5.65659073572533E-05  1.94114307052043E+00
 cg2d: Sum(rhs),rhsMax =   5.65661497091696E-05  1.94113479409876E+00
 cg2d: Sum(rhs),rhsMax =   5.65664027192270E-05  1.94112609196794E+00
 cg2d: Sum(rhs),rhsMax =   5.65666685901078E-05  1.94111697144122E+00
 cg2d: Sum(rhs),rhsMax =   5.65669462986307E-05  1.94110743921909E+00
 cg2d: Sum(rhs),rhsMax =   5.65672355605784E-05  1.94109750134936E+00
 cg2d: Sum(rhs),rhsMax =   5.65675369585961E-05  1.94108716319185E+00
 cg2d: Sum(rhs),rhsMax =   5.65678497963518E-05  1.94107642938842E+00
 cg2d: Sum(rhs),rhsMax =   5.65681741164781E-05  1.94106530383828E+00
 cg2d: Sum(rhs),rhsMax =   5.65685098337099E-05  1.94105378967862E+00
 cg2d: Sum(rhs),rhsMax =   5.65688567775169E-05  1.94104188927099E+00
 cg2d: Sum(rhs),rhsMax =   5.65692144078866E-05  1.94102960419322E+00
 cg2d: Sum(rhs),rhsMax =   5.65695841032721E-05  1.94101693523706E+00
 cg2d: Sum(rhs),rhsMax =   5.65699640873163E-05  1.94100388241141E+00
 cg2d: Sum(rhs),rhsMax =   5.65703558095265E-05  1.94099044495116E+00
 cg2d: Sum(rhs),rhsMax =   5.65707586872577E-05  1.94097662133159E+00
 cg2d: Sum(rhs),rhsMax =   5.65711726494555E-05  1.94096240928796E+00
 cg2d: Sum(rhs),rhsMax =   5.65715985203497E-05  1.94094780584047E+00
 cg2d: Sum(rhs),rhsMax =   5.65720357030841E-05  1.94093280732408E+00
 cg2d: Sum(rhs),rhsMax =   5.65724842687132E-05  1.94091740942295E+00
 cg2d: Sum(rhs),rhsMax =   5.65729451977859E-05  1.94090160720955E+00
 cg2d: Sum(rhs),rhsMax =   5.65734175097532E-05  1.94088539518771E+00
 cg2d: Sum(rhs),rhsMax =   5.65739019577904E-05  1.94086876733943E+00
 cg2d: Sum(rhs),rhsMax =   5.65743994798140E-05  1.94085171717528E+00
 cg2d: Sum(rhs),rhsMax =   5.65749090810641E-05  1.94083423778765E+00
 cg2d: Sum(rhs),rhsMax =   5.65754311168121E-05  1.94081632190675E+00
 cg2d: Sum(rhs),rhsMax =   5.65759664965526E-05  1.94079796195871E+00
 cg2d: Sum(rhs),rhsMax =   5.65765148650144E-05  1.94077915012544E+00
 cg2d: Sum(rhs),rhsMax =   5.65770764495710E-05  1.94075987840599E+00
 cg2d: Sum(rhs),rhsMax =   5.65776518612893E-05  1.94074013867850E+00
 cg2d: Sum(rhs),rhsMax =   5.65782409722715E-05  1.94071992276266E+00
 cg2d: Sum(rhs),rhsMax =   5.65788451751814E-05  1.94069922248226E+00
 cg2d: Sum(rhs),rhsMax =   5.65794626226079E-05  1.94067802972705E+00
 cg2d: Sum(rhs),rhsMax =   5.65800953040707E-05  1.94065633651363E+00
 cg2d: Sum(rhs),rhsMax =   5.65807423384967E-05  1.94063413504524E+00
 cg2d: Sum(rhs),rhsMax =   5.65814046780133E-05  1.94061141776937E+00
 cg2d: Sum(rhs),rhsMax =   5.65820822231444E-05  1.94058817743339E+00
 cg2d: Sum(rhs),rhsMax =   5.65827751728420E-05  1.94056440713758E+00
 cg2d: Sum(rhs),rhsMax =   5.65834842660706E-05  1.94054010038509E+00
 cg2d: Sum(rhs),rhsMax =   5.65842087354440E-05  1.94051525112872E+00
 cg2d: Sum(rhs),rhsMax =   5.65849496041437E-05  1.94048985381397E+00
 cg2d: Sum(rhs),rhsMax =   5.65857064316333E-05  1.94046390341830E+00
 cg2d: Sum(rhs),rhsMax =   5.65864786494785E-05  1.94043739548613E+00
 cg2d: Sum(rhs),rhsMax =   5.65872685172053E-05  1.94041032615960E+00
 cg2d: Sum(rhs),rhsMax =   5.65880747984693E-05  1.94038269220456E+00
 cg2d: Sum(rhs),rhsMax =   5.65888968964146E-05  1.94035449103212E+00
 cg2d: Sum(rhs),rhsMax =   5.65897355784273E-05  1.94032572071518E+00
 cg2d: Sum(rhs),rhsMax =   5.65905916971587E-05  1.94029638000004E+00
 cg2d: Sum(rhs),rhsMax =   5.65914643289034E-05  1.94026646831324E+00
 cg2d: Sum(rhs),rhsMax =   5.65923535305046E-05  1.94023598576321E+00
 cg2d: Sum(rhs),rhsMax =   5.65932584493112E-05  1.94020493313713E+00
 cg2d: Sum(rhs),rhsMax =   5.65941815580118E-05  1.94017331189293E+00
 cg2d: Sum(rhs),rhsMax =   5.65951202702308E-05  1.94014112414646E+00
 cg2d: Sum(rhs),rhsMax =   5.65960761349515E-05  1.94010837265403E+00
 cg2d: Sum(rhs),rhsMax =   5.65970475605582E-05  1.94007506079067E+00
 cg2d: Sum(rhs),rhsMax =   5.65980354707563E-05  1.94004119252384E+00
 cg2d: Sum(rhs),rhsMax =   5.65990390981597E-05  1.94000677238341E+00
 cg2d: Sum(rhs),rhsMax =   5.66000599491190E-05  1.93997180542769E+00
 cg2d: Sum(rhs),rhsMax =   5.66010961904340E-05  1.93993629720606E+00
 cg2d: Sum(rhs),rhsMax =   5.66021473815681E-05  1.93990025371839E+00
 cg2d: Sum(rhs),rhsMax =   5.66032144604378E-05  1.93986368137175E+00
 cg2d: Sum(rhs),rhsMax =   5.66042968586089E-05  1.93982658693433E+00
 cg2d: Sum(rhs),rhsMax =   5.66053944339728E-05  1.93978897748756E+00
 cg2d: Sum(rhs),rhsMax =   5.66065067459931E-05  1.93975086037631E+00
 cg2d: Sum(rhs),rhsMax =   5.66076334820309E-05  1.93971224315767E+00
 cg2d: Sum(rhs),rhsMax =   5.66087754236833E-05  1.93967313354880E+00
 cg2d: Sum(rhs),rhsMax =   5.66099306524848E-05  1.93963353937429E+00
 cg2d: Sum(rhs),rhsMax =   5.66111001205627E-05  1.93959346851306E+00
 cg2d: Sum(rhs),rhsMax =   5.66122831600069E-05  1.93955292884570E+00
 cg2d: Sum(rhs),rhsMax =   5.66134806945229E-05  1.93951192820226E+00
 cg2d: Sum(rhs),rhsMax =   5.66146900808917E-05  1.93947047431101E+00
 cg2d: Sum(rhs),rhsMax =   5.66159130528376E-05  1.93942857474854E+00
 cg2d: Sum(rhs),rhsMax =   5.66171488713962E-05  1.93938623671698E+00
 cg2d: Sum(rhs),rhsMax =   5.66183981476343E-05  1.93934346723660E+00
 cg2d: Sum(rhs),rhsMax =   5.66196592615142E-05  1.93930027333271E+00
 cg2d: Sum(rhs),rhsMax =   5.66209325825184E-05  1.93925666178993E+00
 cg2d: Sum(rhs),rhsMax =   5.66222175280018E-05  1.93921263887440E+00
 cg2d: Sum(rhs),rhsMax =   5.66235153200978E-05  1.93916821026670E+00
 cg2d: Sum(rhs),rhsMax =   5.66248241113954E-05  1.93912338112951E+00
 cg2d: Sum(rhs),rhsMax =   5.66261446408589E-05  1.93907815617995E+00
 cg2d: Sum(rhs),rhsMax =   5.66274764111085E-05  1.93903253970478E+00
 cg2d: Sum(rhs),rhsMax =   5.66288206300669E-05  1.93898653552804E+00
 cg2d: Sum(rhs),rhsMax =   5.66301749103104E-05  1.93894014696736E+00
 cg2d: Sum(rhs),rhsMax =   5.66315407439788E-05  1.93889337680338E+00
 cg2d: Sum(rhs),rhsMax =   5.66329185431869E-05  1.93884622726494E+00
 cg2d: Sum(rhs),rhsMax =   5.66343068442166E-05  1.93879870002484E+00
 cg2d: Sum(rhs),rhsMax =   5.66357060591827E-05  1.93875079620139E+00
 cg2d: Sum(rhs),rhsMax =   5.66371161738743E-05  1.93870251636383E+00
 cg2d: Sum(rhs),rhsMax =   5.66385381972623E-05  1.93865386054157E+00
 cg2d: Sum(rhs),rhsMax =   5.66399702393028E-05  1.93860482823657E+00
 cg2d: Sum(rhs),rhsMax =   5.66414144174132E-05  1.93855541843942E+00
 cg2d: Sum(rhs),rhsMax =   5.66428685431219E-05  1.93850562964837E+00
 cg2d: Sum(rhs),rhsMax =   5.66443348333223E-05  1.93845545989170E+00
 cg2d: Sum(rhs),rhsMax =   5.66458118100854E-05  1.93840490675324E+00
 cg2d: Sum(rhs),rhsMax =   5.66473009513402E-05  1.93835396740091E+00
 cg2d: Sum(rhs),rhsMax =   5.66488008786337E-05  1.93830263861828E+00
 cg2d: Sum(rhs),rhsMax =   5.66503125014606E-05  1.93825091683895E+00
 cg2d: Sum(rhs),rhsMax =   5.66518362461466E-05  1.93819879818353E+00
 cg2d: Sum(rhs),rhsMax =   5.66533710042449E-05  1.93814627849841E+00
 cg2d: Sum(rhs),rhsMax =   5.66549178273590E-05  1.93809335339658E+00
 cg2d: Sum(rhs),rhsMax =   5.66564771276035E-05  1.93804001829947E+00
 cg2d: Sum(rhs),rhsMax =   5.66580486633939E-05  1.93798626847971E+00
 cg2d: Sum(rhs),rhsMax =   5.66596322784108E-05  1.93793209910445E+00
 cg2d: Sum(rhs),rhsMax =   5.66612282000278E-05  1.93787750527876E+00
 cg2d: Sum(rhs),rhsMax =   5.66628372240530E-05  1.93782248208914E+00
 cg2d: Sum(rhs),rhsMax =   5.66644590236365E-05  1.93776702464636E+00
 cg2d: Sum(rhs),rhsMax =   5.66660940677366E-05  1.93771112812787E+00
 cg2d: Sum(rhs),rhsMax =   5.66677416884431E-05  1.93765478781916E+00
 cg2d: Sum(rhs),rhsMax =   5.66694017436475E-05  1.93759799915383E+00
 cg2d: Sum(rhs),rhsMax =   5.66710765497191E-05  1.93754075775230E+00
 cg2d: Sum(rhs),rhsMax =   5.66727638755538E-05  1.93748305945857E+00
 cg2d: Sum(rhs),rhsMax =   5.66744654690865E-05  1.93742490037500E+00
 cg2d: Sum(rhs),rhsMax =   5.66761803639793E-05  1.93736627689483E+00
 cg2d: Sum(rhs),rhsMax =   5.66779087023406E-05  1.93730718573211E+00
 cg2d: Sum(rhs),rhsMax =   5.66796514789303E-05  1.93724762394896E+00
 cg2d: Sum(rhs),rhsMax =   5.66814082390010E-05  1.93718758898003E+00
 cg2d: Sum(rhs),rhsMax =   5.66831781725341E-05  1.93712707865366E+00
 cg2d: Sum(rhs),rhsMax =   5.66849629848321E-05  1.93706609121025E+00
 cg2d: Sum(rhs),rhsMax =   5.66867616527134E-05  1.93700462531699E+00
 cg2d: Sum(rhs),rhsMax =   5.66885745456602E-05  1.93694268007948E+00
 cg2d: Sum(rhs),rhsMax =   5.66904014789316E-05  1.93688025504991E+00
 cg2d: Sum(rhs),rhsMax =   5.66922431346484E-05  1.93681735023181E+00
 cg2d: Sum(rhs),rhsMax =   5.66940984754183E-05  1.93675396608133E+00
 cg2d: Sum(rhs),rhsMax =   5.66959680554646E-05  1.93669010350524E+00
 cg2d: Sum(rhs),rhsMax =   5.66978515053052E-05  1.93662576385548E+00
 cg2d: Sum(rhs),rhsMax =   5.66997491660004E-05  1.93656094892061E+00
 cg2d: Sum(rhs),rhsMax =   5.67016610375504E-05  1.93649566091388E+00
 cg2d: Sum(rhs),rhsMax =   5.67035867078403E-05  1.93642990245850E+00
 cg2d: Sum(rhs),rhsMax =   5.67055256794902E-05  1.93636367656987E+00
 cg2d: Sum(rhs),rhsMax =   5.67074783219823E-05  1.93629698663519E+00
 cg2d: Sum(rhs),rhsMax =   5.67094455021788E-05  1.93622983639044E+00
 cg2d: Sum(rhs),rhsMax =   5.67114255574097E-05  1.93616222989515E+00
 cg2d: Sum(rhs),rhsMax =   5.67134189708440E-05  1.93609417150505E+00
(PID.TID 0000.0001) Did not write pickup because writePickupAtEnd = FALSE
(PID.TID 0000.0001)   early fc =  0.000000000000000D+00
 --> objf_test(bi,bj)        =  0.189842627026142D+00
(PID.TID 0000.0001)   local fc =  0.189842627026142D+00
(PID.TID 0000.0001)  global fc =  0.322547963678421D+00
(PID.TID 0000.0001) grdchk perturb(-)fc: fcpertminus =  3.22547963678421E-01
grad-res -------------------------------
 grad-res     0    1    4   17    1    1    1    1   3.22547976275E-01  3.22547988872E-01  3.22547963678E-01
 grad-res     0    1    1  453    0    1    1    1   1.25966055501E-04  1.25966068409E-04 -1.02477711206E-07
(PID.TID 0000.0001)  ADM  ref_cost_function      =  3.22547976275027E-01
(PID.TID 0000.0001)  ADM  adjoint_gradient       =  1.25966055500709E-04
(PID.TID 0000.0001)  ADM  finite-diff_grad       =  1.25966068409422E-04
(PID.TID 0000.0001) ====== End of gradient-check number   1 (ierr=  0) =======
(PID.TID 0000.0001) 
(PID.TID 0000.0001) // =======================================================
(PID.TID 0000.0001) // Gradient check results  >>> START <<<
(PID.TID 0000.0001) // =======================================================
(PID.TID 0000.0001) 
(PID.TID 0000.0001)  EPS =   1.000000E-04
(PID.TID 0000.0001) 
(PID.TID 0000.0001) grdchk output h.p:  Id Itile Jtile LAYER   bi   bj   X(Id)           X(Id)+/-EPS
(PID.TID 0000.0001) grdchk output h.c:  Id  FC                   FC1                  FC2
(PID.TID 0000.0001) grdchk output h.g:  Id     FC1-FC2/(2*EPS)      ADJ GRAD(FC)         1-FDGRD/ADGRD
(PID.TID 0000.0001) 
(PID.TID 0000.0001) grdchk output (p):   1     4    17     1    1    1   0.000000000E+00 -1.000000000E-04
(PID.TID 0000.0001) grdchk output (c):   1  3.2254797627503E-01  3.2254798887163E-01  3.2254796367842E-01
(PID.TID 0000.0001) grdchk output (g):   1     1.2596606840942E-04  1.2596605550071E-04 -1.0247771120575E-07
(PID.TID 0000.0001) 
(PID.TID 0000.0001) grdchk  summary  :  RMS of    1 ratios =  1.0247771120575E-07
(PID.TID 0000.0001) 
(PID.TID 0000.0001) // =======================================================
(PID.TID 0000.0001) // Gradient check results  >>> END <<<
(PID.TID 0000.0001) // =======================================================
(PID.TID 0000.0001) 
(PID.TID 0000.0001)   Seconds in section "ALL                    [THE_MODEL_MAIN]":
(PID.TID 0000.0001)           User time:   16.251658111810684
(PID.TID 0000.0001)         System time:  0.19365102052688599
(PID.TID 0000.0001)     Wall clock time:   16.719854116439819
(PID.TID 0000.0001)          No. starts:           1
(PID.TID 0000.0001)           No. stops:           1
(PID.TID 0000.0001)   Seconds in section "INITIALISE_FIXED       [THE_MODEL_MAIN]":
(PID.TID 0000.0001)           User time:   2.2436000406742096E-002
(PID.TID 0000.0001)         System time:   3.0789971351623535E-003
(PID.TID 0000.0001)     Wall clock time:  0.10886883735656738
(PID.TID 0000.0001)          No. starts:           1
(PID.TID 0000.0001)           No. stops:           1
(PID.TID 0000.0001)   Seconds in section "ADTHE_MAIN_LOOP          [ADJOINT RUN]":
(PID.TID 0000.0001)           User time:   11.761715658009052
(PID.TID 0000.0001)         System time:  0.15467500686645508
(PID.TID 0000.0001)     Wall clock time:   12.076564073562622
(PID.TID 0000.0001)          No. starts:           1
(PID.TID 0000.0001)           No. stops:           1
(PID.TID 0000.0001)   Seconds in section "FORWARD_STEP        [MAIN_DO_LOOP]":
(PID.TID 0000.0001)           User time:   8.9320987090468407
(PID.TID 0000.0001)         System time:   6.9511979818344116E-002
(PID.TID 0000.0001)     Wall clock time:   9.1335923671722412
(PID.TID 0000.0001)          No. starts:        2880
(PID.TID 0000.0001)           No. stops:        2880
(PID.TID 0000.0001)   Seconds in section "DO_STATEVARS_DIAGS  [FORWARD_STEP]":
(PID.TID 0000.0001)           User time:   9.4528570771217346E-003
(PID.TID 0000.0001)         System time:   2.6100873947143555E-004
(PID.TID 0000.0001)     Wall clock time:   9.8419189453125000E-003
(PID.TID 0000.0001)          No. starts:        1440
(PID.TID 0000.0001)           No. stops:        1440
(PID.TID 0000.0001)   Seconds in section "LOAD_FIELDS_DRIVER  [FORWARD_STEP]":
(PID.TID 0000.0001)           User time:   4.2738042771816254E-002
(PID.TID 0000.0001)         System time:   7.9318881034851074E-004
(PID.TID 0000.0001)     Wall clock time:   4.3653488159179688E-002
(PID.TID 0000.0001)          No. starts:        2880
(PID.TID 0000.0001)           No. stops:        2880
(PID.TID 0000.0001)   Seconds in section "EXTERNAL_FLDS_LOAD [LOAD_FLDS_DRIVER]":
(PID.TID 0000.0001)           User time:   1.8802851438522339E-002
(PID.TID 0000.0001)         System time:   3.4189224243164062E-004
(PID.TID 0000.0001)     Wall clock time:   1.8241405487060547E-002
(PID.TID 0000.0001)          No. starts:        3600
(PID.TID 0000.0001)           No. stops:        3600
(PID.TID 0000.0001)   Seconds in section "CTRL_MAP_FORCING  [FORWARD_STEP]":
(PID.TID 0000.0001)           User time:   1.4069534838199615E-002
(PID.TID 0000.0001)         System time:   2.7570128440856934E-004
(PID.TID 0000.0001)     Wall clock time:   1.4403104782104492E-002
(PID.TID 0000.0001)          No. starts:        2880
(PID.TID 0000.0001)           No. stops:        2880
(PID.TID 0000.0001)   Seconds in section "DO_ATMOSPHERIC_PHYS [FORWARD_STEP]":
(PID.TID 0000.0001)           User time:   3.1045898795127869E-002
(PID.TID 0000.0001)         System time:   6.6715478897094727E-004
(PID.TID 0000.0001)     Wall clock time:   3.1904220581054688E-002
(PID.TID 0000.0001)          No. starts:        2880
(PID.TID 0000.0001)           No. stops:        2880
(PID.TID 0000.0001)   Seconds in section "DO_OCEANIC_PHYS     [FORWARD_STEP]":
(PID.TID 0000.0001)           User time:  0.48355002701282501
(PID.TID 0000.0001)         System time:   8.9919567108154297E-003
(PID.TID 0000.0001)     Wall clock time:  0.49502420425415039
(PID.TID 0000.0001)          No. starts:        2880
(PID.TID 0000.0001)           No. stops:        2880
(PID.TID 0000.0001)   Seconds in section "THERMODYNAMICS      [FORWARD_STEP]":
(PID.TID 0000.0001)           User time:   1.6034885868430138
(PID.TID 0000.0001)         System time:   2.7036100625991821E-002
(PID.TID 0000.0001)     Wall clock time:   1.6371152400970459
(PID.TID 0000.0001)          No. starts:        2880
(PID.TID 0000.0001)           No. stops:        2880
(PID.TID 0000.0001)   Seconds in section "DYNAMICS            [FORWARD_STEP]":
(PID.TID 0000.0001)           User time:   3.1294730752706528
(PID.TID 0000.0001)         System time:   1.0217040777206421E-002
(PID.TID 0000.0001)     Wall clock time:   3.1511230468750000
(PID.TID 0000.0001)          No. starts:        2880
(PID.TID 0000.0001)           No. stops:        2880
(PID.TID 0000.0001)   Seconds in section "SOLVE_FOR_PRESSURE  [FORWARD_STEP]":
(PID.TID 0000.0001)           User time:   2.3889658153057098
(PID.TID 0000.0001)         System time:   4.9208104610443115E-003
(PID.TID 0000.0001)     Wall clock time:   2.4031951427459717
(PID.TID 0000.0001)          No. starts:        2880
(PID.TID 0000.0001)           No. stops:        2880
(PID.TID 0000.0001)   Seconds in section "MOM_CORRECTION_STEP [FORWARD_STEP]":
(PID.TID 0000.0001)           User time:  0.12856149673461914
(PID.TID 0000.0001)         System time:   4.6190619468688965E-004
(PID.TID 0000.0001)     Wall clock time:  0.13001394271850586
(PID.TID 0000.0001)          No. starts:        2880
(PID.TID 0000.0001)           No. stops:        2880
(PID.TID 0000.0001)   Seconds in section "INTEGR_CONTINUITY   [FORWARD_STEP]":
(PID.TID 0000.0001)           User time:  0.26586567610502243
(PID.TID 0000.0001)         System time:   1.1909306049346924E-003
(PID.TID 0000.0001)     Wall clock time:  0.26867914199829102
(PID.TID 0000.0001)          No. starts:        2880
(PID.TID 0000.0001)           No. stops:        2880
(PID.TID 0000.0001)   Seconds in section "TRC_CORRECTION_STEP [FORWARD_STEP]":
(PID.TID 0000.0001)           User time:   1.4600850641727448E-002
(PID.TID 0000.0001)         System time:   1.0907649993896484E-004
(PID.TID 0000.0001)     Wall clock time:   1.4813899993896484E-002
(PID.TID 0000.0001)          No. starts:        2880
(PID.TID 0000.0001)           No. stops:        2880
(PID.TID 0000.0001)   Seconds in section "BLOCKING_EXCHANGES  [FORWARD_STEP]":
(PID.TID 0000.0001)           User time:  0.32496196776628494
(PID.TID 0000.0001)         System time:   1.9631385803222656E-003
(PID.TID 0000.0001)     Wall clock time:  0.32857322692871094
(PID.TID 0000.0001)          No. starts:        2880
(PID.TID 0000.0001)           No. stops:        2880
(PID.TID 0000.0001)   Seconds in section "MONITOR             [FORWARD_STEP]":
(PID.TID 0000.0001)           User time:   3.7123411893844604E-003
(PID.TID 0000.0001)         System time:   6.3896179199218750E-005
(PID.TID 0000.0001)     Wall clock time:   3.7701129913330078E-003
(PID.TID 0000.0001)          No. starts:         720
(PID.TID 0000.0001)           No. stops:         720
(PID.TID 0000.0001)   Seconds in section "COST_TILE           [FORWARD_STEP]":
(PID.TID 0000.0001)           User time:  0.21505782753229141
(PID.TID 0000.0001)         System time:   1.7560124397277832E-003
(PID.TID 0000.0001)     Wall clock time:  0.21815156936645508
(PID.TID 0000.0001)          No. starts:        2880
(PID.TID 0000.0001)           No. stops:        2880
(PID.TID 0000.0001)   Seconds in section "DO_THE_MODEL_IO     [FORWARD_STEP]":
(PID.TID 0000.0001)           User time:   2.5559753179550171E-002
(PID.TID 0000.0001)         System time:   6.1829984188079834E-003
(PID.TID 0000.0001)     Wall clock time:  0.12018990516662598
(PID.TID 0000.0001)          No. starts:        2880
(PID.TID 0000.0001)           No. stops:        2880
(PID.TID 0000.0001)   Seconds in section "DO_WRITE_PICKUP     [FORWARD_STEP]":
(PID.TID 0000.0001)           User time:   1.6551770269870758E-002
(PID.TID 0000.0001)         System time:   1.5921294689178467E-003
(PID.TID 0000.0001)     Wall clock time:   3.2141208648681641E-002
(PID.TID 0000.0001)          No. starts:        2880
(PID.TID 0000.0001)           No. stops:        2880
(PID.TID 0000.0001)   Seconds in section "CTRL_PACK           [THE_MODEL_MAIN]":
(PID.TID 0000.0001)           User time:   0.0000000000000000
(PID.TID 0000.0001)         System time:   6.6697597503662109E-004
(PID.TID 0000.0001)     Wall clock time:   2.4919509887695312E-003
(PID.TID 0000.0001)          No. starts:           1
(PID.TID 0000.0001)           No. stops:           1
(PID.TID 0000.0001)   Seconds in section "CTRL_PACK     [THE_MODEL_MAIN]":
(PID.TID 0000.0001)           User time:   0.0000000000000000
(PID.TID 0000.0001)         System time:   4.7099590301513672E-004
(PID.TID 0000.0001)     Wall clock time:   2.1879673004150391E-003
(PID.TID 0000.0001)          No. starts:           1
(PID.TID 0000.0001)           No. stops:           1
(PID.TID 0000.0001)   Seconds in section "GRDCHK_MAIN         [THE_MODEL_MAIN]":
(PID.TID 0000.0001)           User time:   4.4674806594848633
(PID.TID 0000.0001)         System time:   3.4727990627288818E-002
(PID.TID 0000.0001)     Wall clock time:   4.5296890735626221
(PID.TID 0000.0001)          No. starts:           1
(PID.TID 0000.0001)           No. stops:           1
(PID.TID 0000.0001)   Seconds in section "INITIALISE_VARIA    [THE_MAIN_LOOP]":
(PID.TID 0000.0001)           User time:   2.1076202392578125E-003
(PID.TID 0000.0001)         System time:   3.4599900245666504E-003
(PID.TID 0000.0001)     Wall clock time:   9.6862316131591797E-003
(PID.TID 0000.0001)          No. starts:           2
(PID.TID 0000.0001)           No. stops:           2
(PID.TID 0000.0001)   Seconds in section "MAIN LOOP           [THE_MAIN_LOOP]":
(PID.TID 0000.0001)           User time:   4.4640769958496094
(PID.TID 0000.0001)         System time:   3.0892014503479004E-002
(PID.TID 0000.0001)     Wall clock time:   4.5096788406372070
(PID.TID 0000.0001)          No. starts:           2
(PID.TID 0000.0001)           No. stops:           2
(PID.TID 0000.0001)   Seconds in section "MAIN_DO_LOOP        [THE_MAIN_LOOP]":
(PID.TID 0000.0001)           User time:   4.4558954238891602
(PID.TID 0000.0001)         System time:   3.0794024467468262E-002
(PID.TID 0000.0001)     Wall clock time:   4.5012044906616211
(PID.TID 0000.0001)          No. starts:        1440
(PID.TID 0000.0001)           No. stops:        1440
(PID.TID 0000.0001)   Seconds in section "COST_FINAL         [ADJOINT SPIN-DOWN]":
(PID.TID 0000.0001)           User time:   2.7751922607421875E-004
(PID.TID 0000.0001)         System time:   0.0000000000000000
(PID.TID 0000.0001)     Wall clock time:   4.0197372436523438E-004
(PID.TID 0000.0001)          No. starts:           2
(PID.TID 0000.0001)           No. stops:           2
(PID.TID 0000.0001) // ======================================================
(PID.TID 0000.0001) // Tile <-> Tile communication statistics
(PID.TID 0000.0001) // ======================================================
(PID.TID 0000.0001) // o Tile number: 000001
(PID.TID 0000.0001) //         No. X exchanges =              0
(PID.TID 0000.0001) //            Max. X spins =              0
(PID.TID 0000.0001) //            Min. X spins =     1000000000
(PID.TID 0000.0001) //          Total. X spins =              0
(PID.TID 0000.0001) //            Avg. X spins =       0.00E+00
(PID.TID 0000.0001) //         No. Y exchanges =              0
(PID.TID 0000.0001) //            Max. Y spins =              0
(PID.TID 0000.0001) //            Min. Y spins =     1000000000
(PID.TID 0000.0001) //          Total. Y spins =              0
(PID.TID 0000.0001) //            Avg. Y spins =       0.00E+00
(PID.TID 0000.0001) // o Thread number: 000001
(PID.TID 0000.0001) //            No. barriers =        1164774
(PID.TID 0000.0001) //      Max. barrier spins =              1
(PID.TID 0000.0001) //      Min. barrier spins =              1
(PID.TID 0000.0001) //     Total barrier spins =        1164774
(PID.TID 0000.0001) //      Avg. barrier spins =       1.00E+00
PROGRAM MAIN: Execution ended Normally
