(PID.TID 0000.0001) 
(PID.TID 0000.0001) // ======================================================
(PID.TID 0000.0001) //                      MITgcm UV
(PID.TID 0000.0001) //                      =========
(PID.TID 0000.0001) // ======================================================
(PID.TID 0000.0001) // execution environment starting up...
(PID.TID 0000.0001) 
(PID.TID 0000.0001) // MITgcmUV version:  checkpoint68j
(PID.TID 0000.0001) // Build user:        mjalabert314
(PID.TID 0000.0001) // Build host:        pod.cnsi.ucsb.edu
(PID.TID 0000.0001) // Build date:        Wed Aug 12 15:46:28 PDT 2026
(PID.TID 0000.0001) 
(PID.TID 0000.0001) // =======================================================
(PID.TID 0000.0001) // Execution Environment parameter file "eedata"
(PID.TID 0000.0001) // =======================================================
(PID.TID 0000.0001) > &EEPARMS
(PID.TID 0000.0001) > nTx=1,
(PID.TID 0000.0001) > nTy=1,
(PID.TID 0000.0001) > /
(PID.TID 0000.0001) >
(PID.TID 0000.0001) 
(PID.TID 0000.0001) // =======================================================
(PID.TID 0000.0001) // Computational Grid Specification ( see files "SIZE.h" )
(PID.TID 0000.0001) //                                  ( and "eedata"       )
(PID.TID 0000.0001) // =======================================================
(PID.TID 0000.0001)      nPx =    2 ; /* No. processes in X */
(PID.TID 0000.0001)      nPy =    2 ; /* No. processes in Y */
(PID.TID 0000.0001)      nSx =    1 ; /* No. tiles in X per process */
(PID.TID 0000.0001)      nSy =    1 ; /* No. tiles in Y per process */
(PID.TID 0000.0001)      sNx =   31 ; /* Tile size in X */
(PID.TID 0000.0001)      sNy =   31 ; /* Tile size in Y */
(PID.TID 0000.0001)      OLx =    2 ; /* Tile overlap distance in X */
(PID.TID 0000.0001)      OLy =    2 ; /* Tile overlap distance in Y */
(PID.TID 0000.0001)      nTx =    1 ; /* No. threads in X per process */
(PID.TID 0000.0001)      nTy =    1 ; /* No. threads in Y per process */
(PID.TID 0000.0001)       Nr =   15 ; /* No. levels in the vertical   */
(PID.TID 0000.0001)       Nx =   62 ; /* Total domain size in X ( = nPx*nSx*sNx ) */
(PID.TID 0000.0001)       Ny =   62 ; /* Total domain size in Y ( = nPy*nSy*sNy ) */
(PID.TID 0000.0001)   nTiles =    1 ; /* Total no. tiles per process ( = nSx*nSy ) */
(PID.TID 0000.0001)   nProcs =    4 ; /* Total no. processes ( = nPx*nPy ) */
(PID.TID 0000.0001) nThreads =    1 ; /* Total no. threads per process ( = nTx*nTy ) */
(PID.TID 0000.0001) usingMPI =    T ; /* Flag used to control whether MPI is in use */
(PID.TID 0000.0001)                   /*  note: To execute a program with MPI calls */
(PID.TID 0000.0001)                   /*  it must be launched appropriately e.g     */
(PID.TID 0000.0001)                   /*  "mpirun -np 64 ......"                    */
(PID.TID 0000.0001) useCoupler=   F ; /* Flag used to control communications with   */
(PID.TID 0000.0001)                   /*  other model components, through a coupler */
(PID.TID 0000.0001) useNest2W_parent =    F ;/* Control 2-W Nesting comm */
(PID.TID 0000.0001) useNest2W_child  =    F ;/* Control 2-W Nesting comm */
(PID.TID 0000.0001) debugMode =    F ; /* print debug msg. (sequence of S/R calls)  */
(PID.TID 0000.0001) printMapIncludesZeros=    F ; /* print zeros in Std.Output maps */
(PID.TID 0000.0001) maxLengthPrt1D=   65 /* maxLength of 1D array printed to StdOut */
(PID.TID 0000.0001) 
(PID.TID 0000.0001) ======= Starting MPI parallel Run =========
(PID.TID 0000.0001)  My Processor Name (len:  6 ) = node64
(PID.TID 0000.0001)  Located at (  0,  0) on processor grid (0:  1,0:  1)
(PID.TID 0000.0001)  Origin at  (     1,     1) on global grid (1:    62,1:    62)
(PID.TID 0000.0001)  North neighbor = processor 0001
(PID.TID 0000.0001)  South neighbor = processor 0001
(PID.TID 0000.0001)   East neighbor = processor 0002
(PID.TID 0000.0001)   West neighbor = processor 0002
(PID.TID 0000.0001) // ======================================================
(PID.TID 0000.0001) // Mapping of tiles to threads
(PID.TID 0000.0001) // ======================================================
(PID.TID 0000.0001) // -o- Thread   1, tiles (   1:   1,   1:   1)
(PID.TID 0000.0001) 
(PID.TID 0000.0001) // ======================================================
(PID.TID 0000.0001) // Tile <-> Tile connectvity table
(PID.TID 0000.0001) // ======================================================
(PID.TID 0000.0001) // Tile number: 000001 (process no. = 000000)
(PID.TID 0000.0001) //        WEST: Tile = 000002, Process = 000002, Comm = messages
(PID.TID 0000.0001) //                bi = 000001, bj = 000001
(PID.TID 0000.0001) //        EAST: Tile = 000002, Process = 000002, Comm = messages
(PID.TID 0000.0001) //                bi = 000001, bj = 000001
(PID.TID 0000.0001) //       SOUTH: Tile = 000003, Process = 000001, Comm = messages
(PID.TID 0000.0001) //                bi = 000001, bj = 000001
(PID.TID 0000.0001) //       NORTH: Tile = 000003, Process = 000001, Comm = messages
(PID.TID 0000.0001) //                bi = 000001, bj = 000001
(PID.TID 0000.0001) 
(PID.TID 0000.0001)  INI_PARMS: opening model parameter file "data"
(PID.TID 0000.0001)  OPEN_COPY_DATA_FILE: opening file data
(PID.TID 0000.0001) // =======================================================
(PID.TID 0000.0001) // Parameter file "data"
(PID.TID 0000.0001) // =======================================================
(PID.TID 0000.0001) ># AF--FNO S0 adjoint: official 1-degree baroclinic-gyre tutorial physics
(PID.TID 0000.0001) > &PARM01
(PID.TID 0000.0001) > viscAh=5000.,
(PID.TID 0000.0001) > viscAr=1.E-2,
(PID.TID 0000.0001) > no_slip_sides=.TRUE.,
(PID.TID 0000.0001) > no_slip_bottom=.FALSE.,
(PID.TID 0000.0001) > diffKhT=1000.,
(PID.TID 0000.0001) > diffKrT=1.E-5,
(PID.TID 0000.0001) > ivdc_kappa=1.,
(PID.TID 0000.0001) > implicitDiffusion=.TRUE.,
(PID.TID 0000.0001) > eosType='LINEAR',
(PID.TID 0000.0001) > tRef=30.,27.,24.,21.,18.,15.,13.,11.,9.,7.,6.,5.,4.,3.,2.,
(PID.TID 0000.0001) > tAlpha=2.E-4,
(PID.TID 0000.0001) > sBeta=0.,
(PID.TID 0000.0001) > rhoNil=999.8,
(PID.TID 0000.0001) > gravity=9.81,
(PID.TID 0000.0001) > rigidLid=.FALSE.,
(PID.TID 0000.0001) > implicitFreeSurface=.TRUE.,
(PID.TID 0000.0001) > exactConserv=.TRUE.,
(PID.TID 0000.0001) > saltStepping=.FALSE.,
(PID.TID 0000.0001) > useSingleCpuIO=.TRUE.,
(PID.TID 0000.0001) > /
(PID.TID 0000.0001) > &PARM02
(PID.TID 0000.0001) > cg2dTargetResidual=1.E-12,
(PID.TID 0000.0001) > cg2dMaxIters=1000,
(PID.TID 0000.0001) > /
(PID.TID 0000.0001) > &PARM03
(PID.TID 0000.0001) > nIter0=3111120,
(PID.TID 0000.0001) > nTimeSteps=720,
(PID.TID 0000.0001) > deltaT=1200.,
(PID.TID 0000.0001) > pChkptFreq=0.0,
(PID.TID 0000.0001) > chkptFreq=0.,
(PID.TID 0000.0001) > dumpFreq=0.,
(PID.TID 0000.0001) > monitorFreq=2592000.,
(PID.TID 0000.0001) > monitorSelect=2,
(PID.TID 0000.0001) > tauThetaClimRelax=2592000.,
(PID.TID 0000.0001) > /
(PID.TID 0000.0001) > &PARM04
(PID.TID 0000.0001) > usingSphericalPolarGrid=.TRUE.,
(PID.TID 0000.0001) > delX=62*1.,
(PID.TID 0000.0001) > delY=62*1.,
(PID.TID 0000.0001) > xgOrigin=-1.,
(PID.TID 0000.0001) > ygOrigin=14.,
(PID.TID 0000.0001) > delR=50.,60.,70.,80.,90.,100.,110.,120.,130.,140.,150.,160.,170.,180.,190.,
(PID.TID 0000.0001) > /
(PID.TID 0000.0001) > &PARM05
(PID.TID 0000.0001) > bathyFile='bathy.bin',
(PID.TID 0000.0001) > zonalWindFile='windx_cosy.bin',
(PID.TID 0000.0001) > thetaClimFile='SST_relax.bin',
(PID.TID 0000.0001) > /
(PID.TID 0000.0001) 
(PID.TID 0000.0001)  INI_PARMS ; starts to read PARM01
(PID.TID 0000.0001)  INI_PARMS ; read PARM01 : OK
(PID.TID 0000.0001)  INI_PARMS ; starts to read PARM02
(PID.TID 0000.0001)  INI_PARMS ; read PARM02 : OK
(PID.TID 0000.0001)  INI_PARMS ; starts to read PARM03
(PID.TID 0000.0001)  INI_PARMS ; read PARM03 : OK
(PID.TID 0000.0001)  INI_PARMS ; starts to read PARM04
(PID.TID 0000.0001)  INI_PARMS ; read PARM04 : OK
(PID.TID 0000.0001)  INI_PARMS ; starts to read PARM05
(PID.TID 0000.0001)  INI_PARMS ; read PARM05 : OK
(PID.TID 0000.0001)  INI_PARMS: finished reading file "data"
(PID.TID 0000.0001)  PACKAGES_BOOT: opening data.pkg
(PID.TID 0000.0001)  OPEN_COPY_DATA_FILE: opening file data.pkg
(PID.TID 0000.0001) // =======================================================
(PID.TID 0000.0001) // Parameter file "data.pkg"
(PID.TID 0000.0001) // =======================================================
(PID.TID 0000.0001) > &PACKAGES
(PID.TID 0000.0001) > useMNC=.FALSE.,
(PID.TID 0000.0001) > useDiagnostics=.TRUE.,
(PID.TID 0000.0001) > useGrdchk=.TRUE.,
(PID.TID 0000.0001) > /
(PID.TID 0000.0001) 
(PID.TID 0000.0001)  PACKAGES_BOOT: finished reading data.pkg
(PID.TID 0000.0001)  PACKAGES_BOOT: On/Off package Summary
 --------  pkgs with a standard "usePKG" On/Off switch in "data.pkg":  --------
 pkg/autodiff             compiled   and   used ( useAUTODIFF              = T )
 pkg/grdchk               compiled   and   used ( useGrdchk                = T )
 pkg/ctrl                 compiled   and   used ( useCTRL                  = T )
 pkg/diagnostics          compiled   and   used ( useDiagnostics           = T )
 -------- pkgs without standard "usePKG" On/Off switch in "data.pkg":  --------
 pkg/generic_advdiff      compiled   and   used ( useGAD                   = T )
 pkg/mom_common           compiled   and   used ( momStepping              = T )
 pkg/mom_vecinv           compiled but not used ( +vectorInvariantMomentum = F )
 pkg/mom_fluxform         compiled   and   used ( & not vectorInvariantMom = T )
 pkg/monitor              compiled   and   used ( monitorFreq > 0.         = T )
 pkg/debug                compiled but not used ( debugMode                = F )
 pkg/rw                   compiled   and   used
 pkg/mdsio                compiled   and   used
 pkg/autodiff             compiled   and   used
 pkg/cost                 compiled   and   used
(PID.TID 0000.0001)  PACKAGES_BOOT: End of package Summary
(PID.TID 0000.0001) 
(PID.TID 0000.0001) AUTODIFF_READPARMS: opening data.autodiff
(PID.TID 0000.0001)  OPEN_COPY_DATA_FILE: opening file data.autodiff
(PID.TID 0000.0001) // =======================================================
(PID.TID 0000.0001) // Parameter file "data.autodiff"
(PID.TID 0000.0001) // =======================================================
(PID.TID 0000.0001) ># AF--FNO adjoint options.
(PID.TID 0000.0001) >#
(PID.TID 0000.0001) ># inAdExact = .TRUE. (the default) requests the exact adjoint with no
(PID.TID 0000.0001) ># approximation.  Do not relax it: the whole point of this dataset is that it
(PID.TID 0000.0001) ># is exact.
(PID.TID 0000.0001) > &AUTODIFF_PARM01
(PID.TID 0000.0001) > inAdExact = .TRUE.,
(PID.TID 0000.0001) > /
(PID.TID 0000.0001) 
(PID.TID 0000.0001) AUTODIFF_READPARMS: finished reading data.autodiff
(PID.TID 0000.0001) // ===================================
(PID.TID 0000.0001) // AUTODIFF parameters :
(PID.TID 0000.0001) // ===================================
(PID.TID 0000.0001) inAdExact = /* get an exact adjoint (no approximation) */
(PID.TID 0000.0001)                   T
(PID.TID 0000.0001)     ;
(PID.TID 0000.0001) useApproxAdvectionInAdMode = /* approximate AD-advection */
(PID.TID 0000.0001)                   F
(PID.TID 0000.0001)     ;
(PID.TID 0000.0001) cg2dFullAdjoint = /* use full hand written cg2d adjoint (no approximation) */
(PID.TID 0000.0001)                   F
(PID.TID 0000.0001)     ;
(PID.TID 0000.0001) useKPPinAdMode = /* use KPP in adjoint mode */
(PID.TID 0000.0001)                   F
(PID.TID 0000.0001)     ;
(PID.TID 0000.0001) useGMRediInAdMode = /* use GMRedi in adjoint mode */
(PID.TID 0000.0001)                   F
(PID.TID 0000.0001)     ;
(PID.TID 0000.0001) useSEAICEinAdMode = /* use SEAICE in adjoint mode */
(PID.TID 0000.0001)                   F
(PID.TID 0000.0001)     ;
(PID.TID 0000.0001) useGGL90inAdMode = /* use GGL90 in adjoint mode */
(PID.TID 0000.0001)                   F
(PID.TID 0000.0001)     ;
(PID.TID 0000.0001) useSALT_PLUMEinAdMode = /* use SALT_PLUME in adjoint mode */
(PID.TID 0000.0001)                   F
(PID.TID 0000.0001)     ;
(PID.TID 0000.0001) dumpAdVarExch = /* control adexch before dumpinp */
(PID.TID 0000.0001)                       2
(PID.TID 0000.0001)     ;
(PID.TID 0000.0001) mon_AdVarExch = /* control adexch before monitor */
(PID.TID 0000.0001)                       2
(PID.TID 0000.0001)     ;
(PID.TID 0000.0001) viscFacInFw = /* viscosity factor for forward model */
(PID.TID 0000.0001)                 1.000000000000000E+00
(PID.TID 0000.0001)     ;
(PID.TID 0000.0001) viscFacInAd = /* viscosity factor for adjoint */
(PID.TID 0000.0001)                 1.000000000000000E+00
(PID.TID 0000.0001)     ;
(PID.TID 0000.0001) SIregFacInAd = /* sea ice factor for adjoint model */
(PID.TID 0000.0001)                 1.234567000000000E+05
(PID.TID 0000.0001)     ;
(PID.TID 0000.0001) SIregFacInFw = /* sea ice factor for forward model */
(PID.TID 0000.0001)                 1.234567000000000E+05
(PID.TID 0000.0001)     ;
(PID.TID 0000.0001) 
(PID.TID 0000.0001) OPTIM_READPARMS: opening data.optim
(PID.TID 0000.0001)  OPEN_COPY_DATA_FILE: opening file data.optim
(PID.TID 0000.0001) // =======================================================
(PID.TID 0000.0001) // Parameter file "data.optim"
(PID.TID 0000.0001) // =======================================================
(PID.TID 0000.0001) ># AF--FNO adjoint optimisation cycle.
(PID.TID 0000.0001) >#
(PID.TID 0000.0001) ># optimcycle = 0 fixes the control filename to xx_etan.0000000000.data and the
(PID.TID 0000.0001) ># gradient to adxx_etan.0000000000.data.  There is no optimisation here: this
(PID.TID 0000.0001) ># is a pure sensitivity calculation, one cycle only.
(PID.TID 0000.0001) > &OPTIM
(PID.TID 0000.0001) > optimcycle = 0,
(PID.TID 0000.0001) > /
(PID.TID 0000.0001) 
(PID.TID 0000.0001) OPTIM_READPARMS: finished reading data.optim
(PID.TID 0000.0001) CTRL_READPARMS: opening data.ctrl
(PID.TID 0000.0001)  OPEN_COPY_DATA_FILE: opening file data.ctrl
(PID.TID 0000.0001) // =======================================================
(PID.TID 0000.0001) // Parameter file "data.ctrl"
(PID.TID 0000.0001) // =======================================================
(PID.TID 0000.0001) ># AF--FNO adjoint control variables.
(PID.TID 0000.0001) >#
(PID.TID 0000.0001) ># The single control is the initial sea surface height, enabled by
(PID.TID 0000.0001) ># ALLOW_GENARR2D_CONTROL in code_ad/CTRL_OPTIONS.h.
(PID.TID 0000.0001) >#
(PID.TID 0000.0001) ># NOT ALLOW_ETAN0_CONTROL: in c68j every block of that flag lives inside
(PID.TID 0000.0001) ># #ifdef ECCO_CTRL_DEPRECATED, which is defined nowhere, so CTRL_MAP_INI
(PID.TID 0000.0001) ># compiles to an empty subroutine and the adjoint comes back identically zero.
(PID.TID 0000.0001) ># The generic-array path is the live one.
(PID.TID 0000.0001) >#
(PID.TID 0000.0001) ># ctrl_map_ini_genarr.F keys on the first 7 characters of xx_genarr2d_file, so
(PID.TID 0000.0001) ># the name must start with 'xx_etan'; it then calls
(PID.TID 0000.0001) ># CTRL_MAP_GENARR2D( etaN, ... ), which ACTIVE_READ_XY's
(PID.TID 0000.0001) ># xx_etan.<optimcycle> against xx_genarr2d_dummy(1) and adds it to etaN,
(PID.TID 0000.0001) ># masked by the surface maskC.  etaH follows through UPDATE_ETAH.
(PID.TID 0000.0001) >#
(PID.TID 0000.0001) ># xx_genarr2d_weight must be non-blank or ctrl_init.F:807 never registers the
(PID.TID 0000.0001) ># control and ctrl_map_ini_genarr.F:117 never matches it -- a blank weight is a
(PID.TID 0000.0001) ># second, quieter way to get a zero adjoint.  The named file is read
(PID.TID 0000.0001) ># unconditionally by READ_REC_3D_RL at ctrlprec (= 64, big-endian float64).
(PID.TID 0000.0001) >#
(PID.TID 0000.0001) ># 'noscaling' is REQUIRED for ground truth.  Without it ctrl_map_genarr.F:142
(PID.TID 0000.0001) ># divides the control by SQRT(wgenarr2d), which rescales the returned gradient
(PID.TID 0000.0001) ># by the same factor.  With it, fld = fld + xx_gen*mask and the gradient is
(PID.TID 0000.0001) ># dJ/deta in metres per metre, unscaled.  wetan_ones.bin then only has to be
(PID.TID 0000.0001) ># positive; it is staged as exact ones by scripts/stage_adjoint_run.py.
(PID.TID 0000.0001) >#
(PID.TID 0000.0001) ># xx_genarr2d_bounds is left at its default of all zeros: CTRL_BOUND_2D is a
(PID.TID 0000.0001) ># no-op unless boundsVec(1) < boundsVec(4).
(PID.TID 0000.0001) >#
(PID.TID 0000.0001) ># The gradient comes back as adxx_etan.<optimcycle>.data, 62x62.
(PID.TID 0000.0001) > &CTRL_NML
(PID.TID 0000.0001) > /
(PID.TID 0000.0001) >#
(PID.TID 0000.0001) ># names for ctrl_pack / ctrl_unpack
(PID.TID 0000.0001) > &CTRL_PACKNAMES
(PID.TID 0000.0001) > /
(PID.TID 0000.0001) >#
(PID.TID 0000.0001) ># the generic 2-D control: initial etaN
(PID.TID 0000.0001) > &CTRL_NML_GENARR
(PID.TID 0000.0001) > xx_genarr2d_file(1)      = 'xx_etan',
(PID.TID 0000.0001) > xx_genarr2d_weight(1)    = 'wetan_ones.bin',
(PID.TID 0000.0001) > xx_genarr2d_preproc(1,1) = 'noscaling',
(PID.TID 0000.0001) > /
(PID.TID 0000.0001) 
(PID.TID 0000.0001) CTRL_READPARMS: finished reading data.ctrl
(PID.TID 0000.0001) COST_READPARMS: opening data.cost
(PID.TID 0000.0001)  OPEN_COPY_DATA_FILE: opening file data.cost
(PID.TID 0000.0001) // =======================================================
(PID.TID 0000.0001) // Parameter file "data.cost"
(PID.TID 0000.0001) // =======================================================
(PID.TID 0000.0001) ># AF--FNO adjoint cost function.
(PID.TID 0000.0001) >#
(PID.TID 0000.0001) ># mult_test = 1. exactly, so fc = J and adxx_etan = dJ/deta with no rescaling.
(PID.TID 0000.0001) >#
(PID.TID 0000.0001) ># afCostWeightFile names the runtime weight field w that defines the quantity
(PID.TID 0000.0001) ># of interest:  J = sum_ij w_ij * etaN_ij(T).  Built by
(PID.TID 0000.0001) ># scripts/make_cost_weight.py, 62x62 big-endian float32.
(PID.TID 0000.0001) >#
(PID.TID 0000.0001) >#   costWeight_ssh_anomaly.bin  SSH anomaly at p* = (i=2, j=17)   <- production
(PID.TID 0000.0001) >#   costWeight_mean_only.bin    area-weighted wet mean alone      <- gate G3
(PID.TID 0000.0001) >#   costWeight_point_only.bin   bare point value at p*            <- diagnostic
(PID.TID 0000.0001) >#
(PID.TID 0000.0001) ># Changing the target cell or the functional means staging a different file
(PID.TID 0000.0001) ># here.  It never requires a rebuild, and so never a new TAF submission.
(PID.TID 0000.0001) > &COST_NML
(PID.TID 0000.0001) > mult_test        = 1.,
(PID.TID 0000.0001) > afCostWeightFile = 'costWeight.bin',
(PID.TID 0000.0001) > /
(PID.TID 0000.0001) 
(PID.TID 0000.0001) COST_READPARMS: finished reading data.cost
(PID.TID 0000.0001) GRDCHK_READPARMS: opening data.grdchk
(PID.TID 0000.0001)  OPEN_COPY_DATA_FILE: opening file data.grdchk
(PID.TID 0000.0001) // =======================================================
(PID.TID 0000.0001) // Parameter file "data.grdchk"
(PID.TID 0000.0001) // =======================================================
(PID.TID 0000.0001) ># AF--FNO adjoint gradient check -- Stage 7, acceptance gate G1.
(PID.TID 0000.0001) >#
(PID.TID 0000.0001) ># Requires useGrdchk=.TRUE. in data.pkg.  grdchk perturbs one control element
(PID.TID 0000.0001) ># by +/- grdchk_eps, runs the forward model twice, and compares the centred
(PID.TID 0000.0001) ># finite difference against the adjoint gradient.  This is the only thing
(PID.TID 0000.0001) ># standing between "a 62x62 array of plausible numbers" and ground truth.
(PID.TID 0000.0001) >#
(PID.TID 0000.0001) ># grdchkvarindex = 100 + iarr selects the iarr-th generic 2-D control, so 101
(PID.TID 0000.0001) ># is xx_genarr2d_file(1) = 'xx_etan' (ctrl_init.F:807 registers it as
(PID.TID 0000.0001) ># 100+iarr / 200+iarr, grdchk_getxx.F:614 accepts the range).
(PID.TID 0000.0001) >#
(PID.TID 0000.0001) ># NOT 29.  That index belongs to ALLOW_ETAN0_CONTROL, whose entire
(PID.TID 0000.0001) ># implementation is inside #ifdef ECCO_CTRL_DEPRECATED and is not compiled --
(PID.TID 0000.0001) ># see the note in code_ad/CTRL_OPTIONS.h.
(PID.TID 0000.0001) >#
(PID.TID 0000.0001) ># iGloPos / jGloPos are TILE-LOCAL positions (grdchk_get_position.F:81 sets
(PID.TID 0000.0001) ># itilepos = iGloPos, and grdchk_readparms.F:116 rejects iGloPos > sNx).  With
(PID.TID 0000.0001) ># sNx = sNy = 31 on a 2x2 decomposition the tiles cover:
(PID.TID 0000.0001) >#
(PID.TID 0000.0001) >#     iGloTile=1, jGloTile=1  ->  global i=1..31,  j=1..31
(PID.TID 0000.0001) >#     iGloTile=2, jGloTile=1  ->  global i=32..62, j=1..31
(PID.TID 0000.0001) >#     iGloTile=1, jGloTile=2  ->  global i=1..31,  j=32..62
(PID.TID 0000.0001) >#     iGloTile=2, jGloTile=2  ->  global i=32..62, j=32..62
(PID.TID 0000.0001) >#
(PID.TID 0000.0001) ># so global (i,j) in tile (1,1) is simply (iGloPos, jGloPos) = (i, j).
(PID.TID 0000.0001) >#
(PID.TID 0000.0001) ># The settings below are test point 1 of the plan's eight: p* itself,
(PID.TID 0000.0001) ># global (i=2, j=17), the self-sensitivity and the largest value on the map.
(PID.TID 0000.0001) ># Sweep grdchk_eps over {1e-3, 1e-4, 1e-5, 1e-6} and look for the plateau --
(PID.TID 0000.0001) ># a single epsilon agreeing is weak evidence, the plateau is strong evidence.
(PID.TID 0000.0001) >#
(PID.TID 0000.0001) ># The remaining seven points (plan section 8):
(PID.TID 0000.0001) >#   2-3  upstream in the boundary current   (i=2, j=14) and (i=2, j=11)
(PID.TID 0000.0001) >#   4    offshore of the current            (i=4, j=17)
(PID.TID 0000.0001) >#   5    mid-basin interior                 (i=31, j=17) -> tile (1,1) local (31,17)
(PID.TID 0000.0001) >#   6    eastern boundary                   (i=61, j=17) -> tile (2,1) local (30,17)
(PID.TID 0000.0001) >#   7    a convecting column                to be identified from the forward run
(PID.TID 0000.0001) >#
(PID.TID 0000.0001) ># nbeg MUST be 0.  grdchk_main.F:213 calls GRDCHK_GET_POSITION only when
(PID.TID 0000.0001) ># nbeg .EQ. 0; with any other value iGloPos/jGloPos are ignored entirely and
(PID.TID 0000.0001) ># icomp indexes the packed control vector directly, so nbeg=1 silently tests
(PID.TID 0000.0001) ># the FIRST WET CELL (i=2, j=2) no matter what position is requested here.
(PID.TID 0000.0001) ># GRDCHK_GET_POSITION then counts wet cells up to the requested position, sets
(PID.TID 0000.0001) ># nbeg to that count, and does nend = nbeg + nend -- so the namelist nend is an
(PID.TID 0000.0001) ># OFFSET, not an absolute index.  nend = 0 means exactly one test point.
(PID.TID 0000.0001) >#
(PID.TID 0000.0001) ># The land cell of the plan's eight-point table is not reachable from here:
(PID.TID 0000.0001) ># GRDCHK_GET_POSITION only ever lands on cells with wetlocal .NE. 0.  Land is
(PID.TID 0000.0001) ># covered by gate G4 on the extracted map instead, which is the stronger
(PID.TID 0000.0001) ># statement anyway (all 244 land cells, not one).
(PID.TID 0000.0001) > &GRDCHK_NML
(PID.TID 0000.0001) > grdchk_eps     = 1.d-3,
(PID.TID 0000.0001) > grdchkvarindex = 101,
(PID.TID 0000.0001) > useCentralDiff = .TRUE.,
(PID.TID 0000.0001) > iGloPos        = 2,
(PID.TID 0000.0001) > jGloPos        = 17,
(PID.TID 0000.0001) > kGloPos        = 1,
(PID.TID 0000.0001) > iGloTile       = 1,
(PID.TID 0000.0001) > jGloTile       = 1,
(PID.TID 0000.0001) > nbeg           = 0,
(PID.TID 0000.0001) > nstep          = 1,
(PID.TID 0000.0001) > nend           = 0,
(PID.TID 0000.0001) > /
(PID.TID 0000.0001) 
(PID.TID 0000.0001) GRDCHK_READPARMS: finished reading data.grdchk
(PID.TID 0000.0001) 
(PID.TID 0000.0001) // =======================================================
(PID.TID 0000.0001) // Gradient check configuration  >>> START <<<
(PID.TID 0000.0001) // =======================================================
(PID.TID 0000.0001) 
(PID.TID 0000.0001)   grdchkvarindex :                        101
(PID.TID 0000.0001)   eps:                              0.100E-02
(PID.TID 0000.0001)   First location:                           0
(PID.TID 0000.0001)   Last location:                            0
(PID.TID 0000.0001)   Increment:                                1
(PID.TID 0000.0001)   grdchkWhichProc:                          0
(PID.TID 0000.0001)   iLocTile =       1  ,    jLocTile =       1
(PID.TID 0000.0001) 
(PID.TID 0000.0001) // =======================================================
(PID.TID 0000.0001) // Gradient check configuration  >>> END <<<
(PID.TID 0000.0001) // =======================================================
(PID.TID 0000.0001) 
(PID.TID 0000.0001)  DIAGNOSTICS_READPARMS: opening data.diagnostics
(PID.TID 0000.0001)  OPEN_COPY_DATA_FILE: opening file data.diagnostics
(PID.TID 0000.0001) // =======================================================
(PID.TID 0000.0001) // Parameter file "data.diagnostics"
(PID.TID 0000.0001) // =======================================================
(PID.TID 0000.0001) > &DIAGNOSTICS_LIST
(PID.TID 0000.0001) > dumpAtLast=.FALSE.,
(PID.TID 0000.0001) > diag_mnc=.FALSE.,
(PID.TID 0000.0001) > fields(1:3,1)='UVEL    ','VVEL    ','THETA   ',
(PID.TID 0000.0001) > fileName(1)='dynState',
(PID.TID 0000.0001) > frequency(1)=-86400.,
(PID.TID 0000.0001) > timePhase(1)=0.,
(PID.TID 0000.0001) > fileFlags(1)='R       ',
(PID.TID 0000.0001) > fields(1,2)='ETAN    ',
(PID.TID 0000.0001) > fileName(2)='surfState',
(PID.TID 0000.0001) > frequency(2)=-86400.,
(PID.TID 0000.0001) > timePhase(2)=0.,
(PID.TID 0000.0001) > fileFlags(2)='R       ',
(PID.TID 0000.0001) > /
(PID.TID 0000.0001) > &DIAG_STATIS_PARMS
(PID.TID 0000.0001) > /
(PID.TID 0000.0001) >
(PID.TID 0000.0001) 
(PID.TID 0000.0001) S/R DIAGNOSTICS_READPARMS, read namelist "diagnostics_list": start
(PID.TID 0000.0001) S/R DIAGNOSTICS_READPARMS, read namelist "diagnostics_list": OK
(PID.TID 0000.0001) S/R DIAGNOSTICS_READPARMS, read namelist "DIAG_STATIS_PARMS": start
(PID.TID 0000.0001) S/R DIAGNOSTICS_READPARMS, read namelist "DIAG_STATIS_PARMS": OK
(PID.TID 0000.0001)  DIAGNOSTICS_READPARMS: global parameter summary:
(PID.TID 0000.0001)  dumpAtLast = /* always write time-ave diags at the end */
(PID.TID 0000.0001)                   F
(PID.TID 0000.0001)     ;
(PID.TID 0000.0001)  diag_mnc =   /* write NetCDF output files */
(PID.TID 0000.0001)                   F
(PID.TID 0000.0001)     ;
(PID.TID 0000.0001)  useMissingValue = /* put MissingValue where mask = 0 */
(PID.TID 0000.0001)                   F
(PID.TID 0000.0001)     ;
(PID.TID 0000.0001)  diagCG_maxIters = /* max number of iters in diag_cg2d */
(PID.TID 0000.0001)                    1000
(PID.TID 0000.0001)     ;
(PID.TID 0000.0001)  diagCG_resTarget = /* residual target for diag_cg2d */
(PID.TID 0000.0001)                 1.000000000000000E-12
(PID.TID 0000.0001)     ;
(PID.TID 0000.0001)  diagCG_pcOffDFac = /* preconditioner off-diagonal factor */
(PID.TID 0000.0001)                 9.611687812379854E-01
(PID.TID 0000.0001)     ;
(PID.TID 0000.0001) -----------------------------------------------------
(PID.TID 0000.0001)  DIAGNOSTICS_READPARMS: active diagnostics summary:
(PID.TID 0000.0001) -----------------------------------------------------
(PID.TID 0000.0001) Creating Output Stream: dynState
(PID.TID 0000.0001) Output Frequency:     -86400.000000 ; Phase:           0.000000
(PID.TID 0000.0001)  Averaging Freq.:          0.000000 , Phase:           0.000000 , Cycle:   1
(PID.TID 0000.0001)  missing value: -9.990000000000E+02 ; F-Flags="R       "
(PID.TID 0000.0001)  Levels:    will be set later
(PID.TID 0000.0001)  Fields:    UVEL     VVEL     THETA
(PID.TID 0000.0001) Creating Output Stream: surfState
(PID.TID 0000.0001) Output Frequency:     -86400.000000 ; Phase:           0.000000
(PID.TID 0000.0001)  Averaging Freq.:          0.000000 , Phase:           0.000000 , Cycle:   1
(PID.TID 0000.0001)  missing value: -9.990000000000E+02 ; F-Flags="R       "
(PID.TID 0000.0001)  Levels:    will be set later
(PID.TID 0000.0001)  Fields:    ETAN
(PID.TID 0000.0001) -----------------------------------------------------
(PID.TID 0000.0001)  DIAGNOSTICS_READPARMS: statistics diags. summary:
(PID.TID 0000.0001) -----------------------------------------------------
(PID.TID 0000.0001) 
(PID.TID 0000.0001) SET_PARMS: done
(PID.TID 0000.0001) Enter INI_VERTICAL_GRID: setInterFDr=    T ; setCenterDr=    F
(PID.TID 0000.0001) %MON XC_max                       =   6.0500000000000E+01
(PID.TID 0000.0001) %MON XC_min                       =  -5.0000000000000E-01
(PID.TID 0000.0001) %MON XC_mean                      =   3.0000000000000E+01
(PID.TID 0000.0001) %MON XC_sd                        =   1.7895530168173E+01
(PID.TID 0000.0001) %MON XG_max                       =   6.0000000000000E+01
(PID.TID 0000.0001) %MON XG_min                       =  -1.0000000000000E+00
(PID.TID 0000.0001) %MON XG_mean                      =   2.9500000000000E+01
(PID.TID 0000.0001) %MON XG_sd                        =   1.7895530168173E+01
(PID.TID 0000.0001) %MON DXC_max                      =   1.0763620848898E+05
(PID.TID 0000.0001) %MON DXC_min                      =   2.7836616228646E+04
(PID.TID 0000.0001) %MON DXC_mean                     =   7.4835486957243E+04
(PID.TID 0000.0001) %MON DXC_sd                       =   2.4080389995677E+04
(PID.TID 0000.0001) %MON DXF_max                      =   1.0763620848898E+05
(PID.TID 0000.0001) %MON DXF_min                      =   2.7836616228646E+04
(PID.TID 0000.0001) %MON DXF_mean                     =   7.4835486957243E+04
(PID.TID 0000.0001) %MON DXF_sd                       =   2.4080389995677E+04
(PID.TID 0000.0001) %MON DXG_max                      =   1.0787502725165E+05
(PID.TID 0000.0001) %MON DXG_min                      =   2.8774847489886E+04
(PID.TID 0000.0001) %MON DXG_mean                     =   7.5485691984679E+04
(PID.TID 0000.0001) %MON DXG_sd                       =   2.3877575243700E+04
(PID.TID 0000.0001) %MON DXV_max                      =   1.0787502725165E+05
(PID.TID 0000.0001) %MON DXV_min                      =   2.8774847489886E+04
(PID.TID 0000.0001) %MON DXV_mean                     =   7.5485691984679E+04
(PID.TID 0000.0001) %MON DXV_sd                       =   2.3877575243700E+04
(PID.TID 0000.0001) %MON YC_max                       =   7.5500000000000E+01
(PID.TID 0000.0001) %MON YC_min                       =   1.4500000000000E+01
(PID.TID 0000.0001) %MON YC_mean                      =   4.5000000000000E+01
(PID.TID 0000.0001) %MON YC_sd                        =   1.7895530168173E+01
(PID.TID 0000.0001) %MON YG_max                       =   7.5000000000000E+01
(PID.TID 0000.0001) %MON YG_min                       =   1.4000000000000E+01
(PID.TID 0000.0001) %MON YG_mean                      =   4.4500000000000E+01
(PID.TID 0000.0001) %MON YG_sd                        =   1.7895530168173E+01
(PID.TID 0000.0001) %MON DYC_max                      =   1.1117747335204E+05
(PID.TID 0000.0001) %MON DYC_min                      =   1.1117747335204E+05
(PID.TID 0000.0001) %MON DYC_mean                     =   1.1117747335204E+05
(PID.TID 0000.0001) %MON DYC_sd                       =   1.6298145055771E-09
(PID.TID 0000.0001) %MON DYF_max                      =   1.1117747335204E+05
(PID.TID 0000.0001) %MON DYF_min                      =   1.1117747335204E+05
(PID.TID 0000.0001) %MON DYF_mean                     =   1.1117747335204E+05
(PID.TID 0000.0001) %MON DYF_sd                       =   1.6298145055771E-09
(PID.TID 0000.0001) %MON DYG_max                      =   1.1117747335204E+05
(PID.TID 0000.0001) %MON DYG_min                      =   1.1117747335204E+05
(PID.TID 0000.0001) %MON DYG_mean                     =   1.1117747335204E+05
(PID.TID 0000.0001) %MON DYG_sd                       =   1.6298145055771E-09
(PID.TID 0000.0001) %MON DYU_max                      =   1.1117747335204E+05
(PID.TID 0000.0001) %MON DYU_min                      =   1.1117747335204E+05
(PID.TID 0000.0001) %MON DYU_mean                     =   1.1117747335204E+05
(PID.TID 0000.0001) %MON DYU_sd                       =   1.6298145055771E-09
(PID.TID 0000.0001) %MON RA_max                       =   1.1966569815247E+10
(PID.TID 0000.0001) %MON RA_min                       =   3.0947653786454E+09
(PID.TID 0000.0001) %MON RA_mean                      =   8.3199147564140E+09
(PID.TID 0000.0001) %MON RA_sd                        =   2.6771629371464E+09
(PID.TID 0000.0001) %MON RAW_max                      =   1.1966569815247E+10
(PID.TID 0000.0001) %MON RAW_min                      =   3.0947653786454E+09
(PID.TID 0000.0001) %MON RAW_mean                     =   8.3199147564140E+09
(PID.TID 0000.0001) %MON RAW_sd                       =   2.6771629371464E+09
(PID.TID 0000.0001) %MON RAS_max                      =   1.1993120744872E+10
(PID.TID 0000.0001) %MON RAS_min                      =   3.1990742357493E+09
(PID.TID 0000.0001) %MON RAS_mean                     =   8.3922019910189E+09
(PID.TID 0000.0001) %MON RAS_sd                       =   2.6546147916555E+09
(PID.TID 0000.0001) %MON RAZ_max                      =   1.1993120744872E+10
(PID.TID 0000.0001) %MON RAZ_min                      =   3.1990742357493E+09
(PID.TID 0000.0001) %MON RAZ_mean                     =   8.3922019910189E+09
(PID.TID 0000.0001) %MON RAZ_sd                       =   2.6546147916555E+09
(PID.TID 0000.0001) %MON AngleCS_max                  =   1.0000000000000E+00
(PID.TID 0000.0001) %MON AngleCS_min                  =   1.0000000000000E+00
(PID.TID 0000.0001) %MON AngleCS_mean                 =   1.0000000000000E+00
(PID.TID 0000.0001) %MON AngleCS_sd                   =   0.0000000000000E+00
(PID.TID 0000.0001) %MON AngleSN_max                  =   0.0000000000000E+00
(PID.TID 0000.0001) %MON AngleSN_min                  =   0.0000000000000E+00
(PID.TID 0000.0001) %MON AngleSN_mean                 =   0.0000000000000E+00
(PID.TID 0000.0001) %MON AngleSN_sd                   =   0.0000000000000E+00
(PID.TID 0000.0001) GAD_INIT_FIXED: GAD_OlMinSize=  1  0  1
(PID.TID 0000.0001) 
(PID.TID 0000.0001) // ===================================
(PID.TID 0000.0001) // GAD parameters :
(PID.TID 0000.0001) // ===================================
(PID.TID 0000.0001) tempAdvScheme =   /* Temp. Horiz.Advection scheme selector */
(PID.TID 0000.0001)                       2
(PID.TID 0000.0001)     ;
(PID.TID 0000.0001) tempVertAdvScheme =   /* Temp. Vert. Advection scheme selector */
(PID.TID 0000.0001)                       2
(PID.TID 0000.0001)     ;
(PID.TID 0000.0001) tempMultiDimAdvec =   /* use Muti-Dim Advec method for Temp */
(PID.TID 0000.0001)                   F
(PID.TID 0000.0001)     ;
(PID.TID 0000.0001) tempSOM_Advection = /* use 2nd Order Moment Advection for Temp */
(PID.TID 0000.0001)                   F
(PID.TID 0000.0001)     ;
(PID.TID 0000.0001) AdamsBashforthGt = /* apply Adams-Bashforth extrapolation on Gt */
(PID.TID 0000.0001)                   T
(PID.TID 0000.0001)     ;
(PID.TID 0000.0001) AdamsBashforth_T = /* apply Adams-Bashforth extrapolation on Temp */
(PID.TID 0000.0001)                   F
(PID.TID 0000.0001)     ;
(PID.TID 0000.0001) saltAdvScheme =   /* Salt. Horiz.advection scheme selector */
(PID.TID 0000.0001)                       2
(PID.TID 0000.0001)     ;
(PID.TID 0000.0001) saltVertAdvScheme =   /* Salt. Vert. Advection scheme selector */
(PID.TID 0000.0001)                       2
(PID.TID 0000.0001)     ;
(PID.TID 0000.0001) saltMultiDimAdvec =   /* use Muti-Dim Advec method for Salt */
(PID.TID 0000.0001)                   F
(PID.TID 0000.0001)     ;
(PID.TID 0000.0001) saltSOM_Advection = /* use 2nd Order Moment Advection for Salt */
(PID.TID 0000.0001)                   F
(PID.TID 0000.0001)     ;
(PID.TID 0000.0001) AdamsBashforthGs = /* apply Adams-Bashforth extrapolation on Gs */
(PID.TID 0000.0001)                   F
(PID.TID 0000.0001)     ;
(PID.TID 0000.0001) AdamsBashforth_S = /* apply Adams-Bashforth extrapolation on Salt */
(PID.TID 0000.0001)                   F
(PID.TID 0000.0001)     ;
(PID.TID 0000.0001) // ===================================
(PID.TID 0000.0001) ctrl-wet 1:    nvarlength =          900
(PID.TID 0000.0001) ctrl-wet 2: surface wet C =          900
(PID.TID 0000.0001) ctrl-wet 3: surface wet W =          870
(PID.TID 0000.0001) ctrl-wet 4: surface wet S =          870
(PID.TID 0000.0001) ctrl-wet 4a:surface wet V =            0
(PID.TID 0000.0001) ctrl-wet 5: 3D wet points =        13500
(PID.TID 0000.0001) ctrl-wet 6: no recs for i =     1           0
(PID.TID 0000.0001) ctrl-wet 6: no recs for i =     2           0
(PID.TID 0000.0001) ctrl-wet 6: no recs for i =     3           0
(PID.TID 0000.0001) ctrl-wet 6: no recs for i =     4           0
(PID.TID 0000.0001) ctrl-wet 6: no recs for i =     5           0
(PID.TID 0000.0001) ctrl-wet 6: no recs for i =     6           0
(PID.TID 0000.0001) ctrl-wet 6: no recs for i =     7           0
(PID.TID 0000.0001) ctrl-wet 6: no recs for i =     8           0
(PID.TID 0000.0001) ctrl-wet 6: no recs for i =     9           0
(PID.TID 0000.0001) ctrl-wet 6: no recs for i =    10           0
(PID.TID 0000.0001) ctrl-wet 6: no recs for i =    11           0
(PID.TID 0000.0001) ctrl-wet 6: no recs for i =    12           0
(PID.TID 0000.0001) ctrl-wet 6: no recs for i =    13           0
(PID.TID 0000.0001) ctrl-wet 6: no recs for i =    14           0
(PID.TID 0000.0001) ctrl-wet 6: no recs for i =    15           0
(PID.TID 0000.0001) ctrl-wet 6: no recs for i =    16           0
(PID.TID 0000.0001) ctrl-wet 6: no recs for i =    17           0
(PID.TID 0000.0001) ctrl-wet 6: no recs for i =    18           0
(PID.TID 0000.0001) ctrl-wet 6: no recs for i =    19           0
(PID.TID 0000.0001) ctrl-wet 6: no recs for i =    20           0
(PID.TID 0000.0001) ctrl-wet 6: no recs for i =    21           0
(PID.TID 0000.0001) ctrl-wet 6: no recs for i =    22           0
(PID.TID 0000.0001) ctrl-wet 6: no recs for i =    23           0
(PID.TID 0000.0001) ctrl-wet 6: no recs for i =    24           0
(PID.TID 0000.0001) ctrl-wet 6: no recs for i =    25           0
(PID.TID 0000.0001) ctrl-wet 6: no recs for i =    26           0
(PID.TID 0000.0001) ctrl-wet 6: no recs for i =    27           0
(PID.TID 0000.0001) ctrl-wet 6: no recs for i =    28           0
(PID.TID 0000.0001) ctrl-wet 6: no recs for i =    29           0
(PID.TID 0000.0001) ctrl-wet 6: no recs for i =    30           0
(PID.TID 0000.0001) ctrl-wet 6: no recs for i =    31           0
(PID.TID 0000.0001) ctrl-wet 6: no recs for i =    32           0
(PID.TID 0000.0001) ctrl-wet 6: no recs for i =    33           0
(PID.TID 0000.0001) ctrl-wet 6: no recs for i =    34           0
(PID.TID 0000.0001) ctrl-wet 6: no recs for i =    35           0
(PID.TID 0000.0001) ctrl-wet 6: no recs for i =    36           0
(PID.TID 0000.0001) ctrl-wet 6: no recs for i =    37           0
(PID.TID 0000.0001) ctrl-wet 6: no recs for i =    38           0
(PID.TID 0000.0001) ctrl-wet 6: no recs for i =    39           0
(PID.TID 0000.0001) ctrl-wet 6: no recs for i =    40           0
(PID.TID 0000.0001) ctrl-wet 6: no recs for i =    41           0
(PID.TID 0000.0001) ctrl-wet 6: no recs for i =    42           0
(PID.TID 0000.0001) ctrl-wet 6: no recs for i =    43           0
(PID.TID 0000.0001) ctrl-wet 6: no recs for i =    44           0
(PID.TID 0000.0001) ctrl-wet 6: no recs for i =    45           0
(PID.TID 0000.0001) ctrl-wet 6: no recs for i =    46           0
(PID.TID 0000.0001) ctrl-wet 6: no recs for i =    47           0
(PID.TID 0000.0001) ctrl-wet 6: no recs for i =    48           0
(PID.TID 0000.0001) ctrl-wet 6: no recs for i =    49           0
(PID.TID 0000.0001) ctrl-wet 6: no recs for i =    50           0
(PID.TID 0000.0001) ctrl-wet 6: no recs for i =    51           0
(PID.TID 0000.0001) ctrl-wet 6: no recs for i =    52           0
(PID.TID 0000.0001) ctrl-wet 6: no recs for i =    53           0
(PID.TID 0000.0001) ctrl-wet 6: no recs for i =    54           0
(PID.TID 0000.0001) ctrl-wet 6: no recs for i =    55           0
(PID.TID 0000.0001) ctrl-wet 6: no recs for i =    56           0
(PID.TID 0000.0001) ctrl-wet 6: no recs for i =    57           0
(PID.TID 0000.0001) ctrl-wet 6: no recs for i =    58           0
(PID.TID 0000.0001) ctrl-wet 6: no recs for i =    59           0
(PID.TID 0000.0001) ctrl-wet 6: no recs for i =    60           0
(PID.TID 0000.0001) ctrl-wet 6: no recs for i =    61           0
(PID.TID 0000.0001) ctrl-wet 6: no recs for i =    62           0
(PID.TID 0000.0001) ctrl-wet 6: no recs for i =    63           0
(PID.TID 0000.0001) ctrl-wet 6: no recs for i =    64           0
(PID.TID 0000.0001) ctrl-wet 6: no recs for i =    65           0
(PID.TID 0000.0001) ctrl-wet 6: no recs for i =    66           0
(PID.TID 0000.0001) ctrl-wet 6: no recs for i =    67           0
(PID.TID 0000.0001) ctrl-wet 6: no recs for i =    68           0
(PID.TID 0000.0001) ctrl-wet 6: no recs for i =    69           0
(PID.TID 0000.0001) ctrl-wet 6: no recs for i =    70           0
(PID.TID 0000.0001) ctrl-wet 6: no recs for i =    71           0
(PID.TID 0000.0001) ctrl-wet 6: no recs for i =    72           0
(PID.TID 0000.0001) ctrl-wet 6: no recs for i =    73           0
(PID.TID 0000.0001) ctrl-wet 6: no recs for i =    74           0
(PID.TID 0000.0001) ctrl-wet 6: no recs for i =    75           0
(PID.TID 0000.0001) ctrl-wet 6: no recs for i =    76           0
(PID.TID 0000.0001) ctrl-wet 6: no recs for i =    77           0
(PID.TID 0000.0001) ctrl-wet 6: no recs for i =    78           0
(PID.TID 0000.0001) ctrl-wet 6: no recs for i =    79           0
(PID.TID 0000.0001) ctrl-wet 6: no recs for i =    80           0
(PID.TID 0000.0001) ctrl-wet 6: no recs for i =    81           0
(PID.TID 0000.0001) ctrl-wet 6: no recs for i =    82           0
(PID.TID 0000.0001) ctrl-wet 6: no recs for i =    83           0
(PID.TID 0000.0001) ctrl-wet 6: no recs for i =    84           0
(PID.TID 0000.0001) ctrl-wet 6: no recs for i =    85           0
(PID.TID 0000.0001) ctrl-wet 6: no recs for i =    86           0
(PID.TID 0000.0001) ctrl-wet 6: no recs for i =    87           0
(PID.TID 0000.0001) ctrl-wet 6: no recs for i =    88           0
(PID.TID 0000.0001) ctrl-wet 6: no recs for i =    89           0
(PID.TID 0000.0001) ctrl-wet 6: no recs for i =    90           0
(PID.TID 0000.0001) ctrl-wet 6: no recs for i =    91           0
(PID.TID 0000.0001) ctrl-wet 6: no recs for i =    92           0
(PID.TID 0000.0001) ctrl-wet 6: no recs for i =    93           0
(PID.TID 0000.0001) ctrl-wet 6: no recs for i =    94           0
(PID.TID 0000.0001) ctrl-wet 6: no recs for i =    95           0
(PID.TID 0000.0001) ctrl-wet 6: no recs for i =    96           0
(PID.TID 0000.0001) ctrl-wet 6: no recs for i =    97           0
(PID.TID 0000.0001) ctrl-wet 6: no recs for i =    98           0
(PID.TID 0000.0001) ctrl-wet 6: no recs for i =    99           0
(PID.TID 0000.0001) ctrl-wet 6: no recs for i =   100           0
(PID.TID 0000.0001) ctrl-wet 6: no recs for i =   101           1
(PID.TID 0000.0001) ctrl-wet 6: no recs for i =   102           0
(PID.TID 0000.0001) ctrl-wet 6: no recs for i =   103           0
(PID.TID 0000.0001) ctrl-wet 6: no recs for i =   104           0
(PID.TID 0000.0001) ctrl-wet 6: no recs for i =   105           0
(PID.TID 0000.0001) ctrl-wet 6: no recs for i =   106           0
(PID.TID 0000.0001) ctrl-wet 6: no recs for i =   107           0
(PID.TID 0000.0001) ctrl-wet 6: no recs for i =   108           0
(PID.TID 0000.0001) ctrl-wet 6: no recs for i =   109           0
(PID.TID 0000.0001) ctrl-wet 6: no recs for i =   110           0
(PID.TID 0000.0001) ctrl-wet 6: no recs for i =   111           0
(PID.TID 0000.0001) ctrl-wet 6: no recs for i =   112           0
(PID.TID 0000.0001) ctrl-wet 6: no recs for i =   113           0
(PID.TID 0000.0001) ctrl-wet 6: no recs for i =   114           0
(PID.TID 0000.0001) ctrl-wet 6: no recs for i =   115           0
(PID.TID 0000.0001) ctrl-wet 6: no recs for i =   116           0
(PID.TID 0000.0001) ctrl-wet 6: no recs for i =   117           0
(PID.TID 0000.0001) ctrl-wet 6: no recs for i =   118           0
(PID.TID 0000.0001) ctrl-wet 6: no recs for i =   119           0
(PID.TID 0000.0001) ctrl-wet 6: no recs for i =   120           0
(PID.TID 0000.0001) ctrl-wet 6: no recs for i =   121           0
(PID.TID 0000.0001) ctrl-wet 6: no recs for i =   122           0
(PID.TID 0000.0001) ctrl-wet 6: no recs for i =   123           0
(PID.TID 0000.0001) ctrl-wet 6: no recs for i =   124           0
(PID.TID 0000.0001) ctrl-wet 6: no recs for i =   125           0
(PID.TID 0000.0001) ctrl-wet 6: no recs for i =   126           0
(PID.TID 0000.0001) ctrl-wet 6: no recs for i =   127           0
(PID.TID 0000.0001) ctrl-wet 6: no recs for i =   128           0
(PID.TID 0000.0001) ctrl-wet 6: no recs for i =   129           0
(PID.TID 0000.0001) ctrl-wet 6: no recs for i =   130           0
(PID.TID 0000.0001) ctrl-wet 6: no recs for i =   131           0
(PID.TID 0000.0001) ctrl-wet 6: no recs for i =   132           0
(PID.TID 0000.0001) ctrl-wet 6: no recs for i =   133           0
(PID.TID 0000.0001) ctrl-wet 6: no recs for i =   134           0
(PID.TID 0000.0001) ctrl-wet 6: no recs for i =   135           0
(PID.TID 0000.0001) ctrl-wet 6: no recs for i =   136           0
(PID.TID 0000.0001) ctrl-wet 6: no recs for i =   137           0
(PID.TID 0000.0001) ctrl-wet 6: no recs for i =   138           0
(PID.TID 0000.0001) ctrl-wet 6: no recs for i =   139           0
(PID.TID 0000.0001) ctrl-wet 6: no recs for i =   140           0
(PID.TID 0000.0001) ctrl-wet 6: no recs for i =   141           0
(PID.TID 0000.0001) ctrl-wet 6: no recs for i =   142           0
(PID.TID 0000.0001) ctrl-wet 6: no recs for i =   143           0
(PID.TID 0000.0001) ctrl-wet 6: no recs for i =   144           0
(PID.TID 0000.0001) ctrl-wet 6: no recs for i =   145           0
(PID.TID 0000.0001) ctrl-wet 6: no recs for i =   146           0
(PID.TID 0000.0001) ctrl-wet 6: no recs for i =   147           0
(PID.TID 0000.0001) ctrl-wet 6: no recs for i =   148           0
(PID.TID 0000.0001) ctrl-wet 6: no recs for i =   149           0
(PID.TID 0000.0001) ctrl-wet 6: no recs for i =   150           0
(PID.TID 0000.0001) ctrl-wet 6: no recs for i =   151           0
(PID.TID 0000.0001) ctrl-wet 6: no recs for i =   152           0
(PID.TID 0000.0001) ctrl-wet 6: no recs for i =   153           0
(PID.TID 0000.0001) ctrl-wet 6: no recs for i =   154           0
(PID.TID 0000.0001) ctrl-wet 6: no recs for i =   155           0
(PID.TID 0000.0001) ctrl-wet 6: no recs for i =   156           0
(PID.TID 0000.0001) ctrl-wet 6: no recs for i =   157           0
(PID.TID 0000.0001) ctrl-wet 6: no recs for i =   158           0
(PID.TID 0000.0001) ctrl-wet 6: no recs for i =   159           0
(PID.TID 0000.0001) ctrl-wet 6: no recs for i =   160           0
(PID.TID 0000.0001) ctrl-wet 6: no recs for i =   161           0
(PID.TID 0000.0001) ctrl-wet 6: no recs for i =   162           0
(PID.TID 0000.0001) ctrl-wet 6: no recs for i =   163           0
(PID.TID 0000.0001) ctrl-wet 6: no recs for i =   164           0
(PID.TID 0000.0001) ctrl-wet 6: no recs for i =   165           0
(PID.TID 0000.0001) ctrl-wet 6: no recs for i =   166           0
(PID.TID 0000.0001) ctrl-wet 6: no recs for i =   167           0
(PID.TID 0000.0001) ctrl-wet 6: no recs for i =   168           0
(PID.TID 0000.0001) ctrl-wet 6: no recs for i =   169           0
(PID.TID 0000.0001) ctrl-wet 6: no recs for i =   170           0
(PID.TID 0000.0001) ctrl-wet 6: no recs for i =   171           0
(PID.TID 0000.0001) ctrl-wet 6: no recs for i =   172           0
(PID.TID 0000.0001) ctrl-wet 6: no recs for i =   173           0
(PID.TID 0000.0001) ctrl-wet 6: no recs for i =   174           0
(PID.TID 0000.0001) ctrl-wet 6: no recs for i =   175           0
(PID.TID 0000.0001) ctrl-wet 6: no recs for i =   176           0
(PID.TID 0000.0001) ctrl-wet 6: no recs for i =   177           0
(PID.TID 0000.0001) ctrl-wet 6: no recs for i =   178           0
(PID.TID 0000.0001) ctrl-wet 6: no recs for i =   179           0
(PID.TID 0000.0001) ctrl-wet 6: no recs for i =   180           0
(PID.TID 0000.0001) ctrl-wet 6: no recs for i =   181           0
(PID.TID 0000.0001) ctrl-wet 6: no recs for i =   182           0
(PID.TID 0000.0001) ctrl-wet 6: no recs for i =   183           0
(PID.TID 0000.0001) ctrl-wet 6: no recs for i =   184           0
(PID.TID 0000.0001) ctrl-wet 6: no recs for i =   185           0
(PID.TID 0000.0001) ctrl-wet 6: no recs for i =   186           0
(PID.TID 0000.0001) ctrl-wet 6: no recs for i =   187           0
(PID.TID 0000.0001) ctrl-wet 6: no recs for i =   188           0
(PID.TID 0000.0001) ctrl-wet 6: no recs for i =   189           0
(PID.TID 0000.0001) ctrl-wet 6: no recs for i =   190           0
(PID.TID 0000.0001) ctrl-wet 6: no recs for i =   191           0
(PID.TID 0000.0001) ctrl-wet 6: no recs for i =   192           0
(PID.TID 0000.0001) ctrl-wet 6: no recs for i =   193           0
(PID.TID 0000.0001) ctrl-wet 6: no recs for i =   194           0
(PID.TID 0000.0001) ctrl-wet 6: no recs for i =   195           0
(PID.TID 0000.0001) ctrl-wet 6: no recs for i =   196           0
(PID.TID 0000.0001) ctrl-wet 6: no recs for i =   197           0
(PID.TID 0000.0001) ctrl-wet 6: no recs for i =   198           0
(PID.TID 0000.0001) ctrl-wet 6: no recs for i =   199           0
(PID.TID 0000.0001) ctrl-wet 6: no recs for i =   200           0
(PID.TID 0000.0001) ctrl-wet 6: no recs for i =   201           0
(PID.TID 0000.0001) ctrl-wet 6: no recs for i =   202           0
(PID.TID 0000.0001) ctrl-wet 6: no recs for i =   203           0
(PID.TID 0000.0001) ctrl-wet 6: no recs for i =   204           0
(PID.TID 0000.0001) ctrl-wet 6: no recs for i =   205           0
(PID.TID 0000.0001) ctrl-wet 6: no recs for i =   206           0
(PID.TID 0000.0001) ctrl-wet 6: no recs for i =   207           0
(PID.TID 0000.0001) ctrl-wet 6: no recs for i =   208           0
(PID.TID 0000.0001) ctrl-wet 6: no recs for i =   209           0
(PID.TID 0000.0001) ctrl-wet 6: no recs for i =   210           0
(PID.TID 0000.0001) ctrl-wet 6: no recs for i =   211           0
(PID.TID 0000.0001) ctrl-wet 6: no recs for i =   212           0
(PID.TID 0000.0001) ctrl-wet 6: no recs for i =   213           0
(PID.TID 0000.0001) ctrl-wet 6: no recs for i =   214           0
(PID.TID 0000.0001) ctrl-wet 6: no recs for i =   215           0
(PID.TID 0000.0001) ctrl-wet 6: no recs for i =   216           0
(PID.TID 0000.0001) ctrl-wet 6: no recs for i =   217           0
(PID.TID 0000.0001) ctrl-wet 6: no recs for i =   218           0
(PID.TID 0000.0001) ctrl-wet 6: no recs for i =   219           0
(PID.TID 0000.0001) ctrl-wet 6: no recs for i =   220           0
(PID.TID 0000.0001) ctrl-wet 6: no recs for i =   221           0
(PID.TID 0000.0001) ctrl-wet 6: no recs for i =   222           0
(PID.TID 0000.0001) ctrl-wet 6: no recs for i =   223           0
(PID.TID 0000.0001) ctrl-wet 6: no recs for i =   224           0
(PID.TID 0000.0001) ctrl-wet 6: no recs for i =   225           0
(PID.TID 0000.0001) ctrl-wet 6: no recs for i =   226           0
(PID.TID 0000.0001) ctrl-wet 6: no recs for i =   227           0
(PID.TID 0000.0001) ctrl-wet 6: no recs for i =   228           0
(PID.TID 0000.0001) ctrl-wet 6: no recs for i =   229           0
(PID.TID 0000.0001) ctrl-wet 6: no recs for i =   230           0
(PID.TID 0000.0001) ctrl-wet 6: no recs for i =   231           0
(PID.TID 0000.0001) ctrl-wet 6: no recs for i =   232           0
(PID.TID 0000.0001) ctrl-wet 6: no recs for i =   233           0
(PID.TID 0000.0001) ctrl-wet 6: no recs for i =   234           0
(PID.TID 0000.0001) ctrl-wet 6: no recs for i =   235           0
(PID.TID 0000.0001) ctrl-wet 6: no recs for i =   236           0
(PID.TID 0000.0001) ctrl-wet 6: no recs for i =   237           0
(PID.TID 0000.0001) ctrl-wet 6: no recs for i =   238           0
(PID.TID 0000.0001) ctrl-wet 6: no recs for i =   239           0
(PID.TID 0000.0001) ctrl-wet 6: no recs for i =   240           0
(PID.TID 0000.0001) ctrl-wet 6: no recs for i =   241           0
(PID.TID 0000.0001) ctrl-wet 6: no recs for i =   242           0
(PID.TID 0000.0001) ctrl-wet 6: no recs for i =   243           0
(PID.TID 0000.0001) ctrl-wet 6: no recs for i =   244           0
(PID.TID 0000.0001) ctrl-wet 6: no recs for i =   245           0
(PID.TID 0000.0001) ctrl-wet 6: no recs for i =   246           0
(PID.TID 0000.0001) ctrl-wet 6: no recs for i =   247           0
(PID.TID 0000.0001) ctrl-wet 6: no recs for i =   248           0
(PID.TID 0000.0001) ctrl-wet 6: no recs for i =   249           0
(PID.TID 0000.0001) ctrl-wet 6: no recs for i =   250           0
(PID.TID 0000.0001) ctrl-wet 6: no recs for i =   251           0
(PID.TID 0000.0001) ctrl-wet 6: no recs for i =   252           0
(PID.TID 0000.0001) ctrl-wet 6: no recs for i =   253           0
(PID.TID 0000.0001) ctrl-wet 6: no recs for i =   254           0
(PID.TID 0000.0001) ctrl-wet 6: no recs for i =   255           0
(PID.TID 0000.0001) ctrl-wet 6: no recs for i =   256           0
(PID.TID 0000.0001) ctrl-wet 6: no recs for i =   257           0
(PID.TID 0000.0001) ctrl-wet 6: no recs for i =   258           0
(PID.TID 0000.0001) ctrl-wet 6: no recs for i =   259           0
(PID.TID 0000.0001) ctrl-wet 6: no recs for i =   260           0
(PID.TID 0000.0001) ctrl-wet 6: no recs for i =   261           0
(PID.TID 0000.0001) ctrl-wet 6: no recs for i =   262           0
(PID.TID 0000.0001) ctrl-wet 6: no recs for i =   263           0
(PID.TID 0000.0001) ctrl-wet 6: no recs for i =   264           0
(PID.TID 0000.0001) ctrl-wet 6: no recs for i =   265           0
(PID.TID 0000.0001) ctrl-wet 6: no recs for i =   266           0
(PID.TID 0000.0001) ctrl-wet 6: no recs for i =   267           0
(PID.TID 0000.0001) ctrl-wet 6: no recs for i =   268           0
(PID.TID 0000.0001) ctrl-wet 6: no recs for i =   269           0
(PID.TID 0000.0001) ctrl-wet 6: no recs for i =   270           0
(PID.TID 0000.0001) ctrl-wet 6: no recs for i =   271           0
(PID.TID 0000.0001) ctrl-wet 6: no recs for i =   272           0
(PID.TID 0000.0001) ctrl-wet 6: no recs for i =   273           0
(PID.TID 0000.0001) ctrl-wet 6: no recs for i =   274           0
(PID.TID 0000.0001) ctrl-wet 6: no recs for i =   275           0
(PID.TID 0000.0001) ctrl-wet 6: no recs for i =   276           0
(PID.TID 0000.0001) ctrl-wet 6: no recs for i =   277           0
(PID.TID 0000.0001) ctrl-wet 6: no recs for i =   278           0
(PID.TID 0000.0001) ctrl-wet 6: no recs for i =   279           0
(PID.TID 0000.0001) ctrl-wet 6: no recs for i =   280           0
(PID.TID 0000.0001) ctrl-wet 6: no recs for i =   281           0
(PID.TID 0000.0001) ctrl-wet 6: no recs for i =   282           0
(PID.TID 0000.0001) ctrl-wet 6: no recs for i =   283           0
(PID.TID 0000.0001) ctrl-wet 6: no recs for i =   284           0
(PID.TID 0000.0001) ctrl-wet 6: no recs for i =   285           0
(PID.TID 0000.0001) ctrl-wet 6: no recs for i =   286           0
(PID.TID 0000.0001) ctrl-wet 6: no recs for i =   287           0
(PID.TID 0000.0001) ctrl-wet 6: no recs for i =   288           0
(PID.TID 0000.0001) ctrl-wet 6: no recs for i =   289           0
(PID.TID 0000.0001) ctrl-wet 6: no recs for i =   290           0
(PID.TID 0000.0001) ctrl-wet 6: no recs for i =   291           0
(PID.TID 0000.0001) ctrl-wet 6: no recs for i =   292           0
(PID.TID 0000.0001) ctrl-wet 6: no recs for i =   293           0
(PID.TID 0000.0001) ctrl-wet 6: no recs for i =   294           0
(PID.TID 0000.0001) ctrl-wet 6: no recs for i =   295           0
(PID.TID 0000.0001) ctrl-wet 6: no recs for i =   296           0
(PID.TID 0000.0001) ctrl-wet 6: no recs for i =   297           0
(PID.TID 0000.0001) ctrl-wet 6: no recs for i =   298           0
(PID.TID 0000.0001) ctrl-wet 6: no recs for i =   299           0
(PID.TID 0000.0001) ctrl-wet 6: no recs for i =   300           0
(PID.TID 0000.0001) ctrl-wet 6: no recs for i =   301           0
(PID.TID 0000.0001) ctrl-wet 6: no recs for i =   302           0
(PID.TID 0000.0001) ctrl-wet 6: no recs for i =   303           0
(PID.TID 0000.0001) ctrl-wet 6: no recs for i =   304           0
(PID.TID 0000.0001) ctrl-wet 6: no recs for i =   305           0
(PID.TID 0000.0001) ctrl-wet 6: no recs for i =   306           0
(PID.TID 0000.0001) ctrl-wet 6: no recs for i =   307           0
(PID.TID 0000.0001) ctrl-wet 6: no recs for i =   308           0
(PID.TID 0000.0001) ctrl-wet 6: no recs for i =   309           0
(PID.TID 0000.0001) ctrl-wet 6: no recs for i =   310           0
(PID.TID 0000.0001) ctrl-wet 6: no recs for i =   311           0
(PID.TID 0000.0001) ctrl-wet 6: no recs for i =   312           0
(PID.TID 0000.0001) ctrl-wet 6: no recs for i =   313           0
(PID.TID 0000.0001) ctrl-wet 6: no recs for i =   314           0
(PID.TID 0000.0001) ctrl-wet 6: no recs for i =   315           0
(PID.TID 0000.0001) ctrl-wet 6: no recs for i =   316           0
(PID.TID 0000.0001) ctrl-wet 6: no recs for i =   317           0
(PID.TID 0000.0001) ctrl-wet 6: no recs for i =   318           0
(PID.TID 0000.0001) ctrl-wet 6: no recs for i =   319           0
(PID.TID 0000.0001) ctrl-wet 6: no recs for i =   320           0
(PID.TID 0000.0001) ctrl-wet 6: no recs for i =   321           0
(PID.TID 0000.0001) ctrl-wet 6: no recs for i =   322           0
(PID.TID 0000.0001) ctrl-wet 6: no recs for i =   323           0
(PID.TID 0000.0001) ctrl-wet 6: no recs for i =   324           0
(PID.TID 0000.0001) ctrl-wet 6: no recs for i =   325           0
(PID.TID 0000.0001) ctrl-wet 6: no recs for i =   326           0
(PID.TID 0000.0001) ctrl-wet 6: no recs for i =   327           0
(PID.TID 0000.0001) ctrl-wet 6: no recs for i =   328           0
(PID.TID 0000.0001) ctrl-wet 6: no recs for i =   329           0
(PID.TID 0000.0001) ctrl-wet 6: no recs for i =   330           0
(PID.TID 0000.0001) ctrl-wet 6: no recs for i =   331           0
(PID.TID 0000.0001) ctrl-wet 6: no recs for i =   332           0
(PID.TID 0000.0001) ctrl-wet 6: no recs for i =   333           0
(PID.TID 0000.0001) ctrl-wet 6: no recs for i =   334           0
(PID.TID 0000.0001) ctrl-wet 6: no recs for i =   335           0
(PID.TID 0000.0001) ctrl-wet 6: no recs for i =   336           0
(PID.TID 0000.0001) ctrl-wet 6: no recs for i =   337           0
(PID.TID 0000.0001) ctrl-wet 6: no recs for i =   338           0
(PID.TID 0000.0001) ctrl-wet 6: no recs for i =   339           0
(PID.TID 0000.0001) ctrl-wet 6: no recs for i =   340           0
(PID.TID 0000.0001) ctrl-wet 6: no recs for i =   341           0
(PID.TID 0000.0001) ctrl-wet 6: no recs for i =   342           0
(PID.TID 0000.0001) ctrl-wet 6: no recs for i =   343           0
(PID.TID 0000.0001) ctrl-wet 6: no recs for i =   344           0
(PID.TID 0000.0001) ctrl-wet 6: no recs for i =   345           0
(PID.TID 0000.0001) ctrl-wet 6: no recs for i =   346           0
(PID.TID 0000.0001) ctrl-wet 6: no recs for i =   347           0
(PID.TID 0000.0001) ctrl-wet 6: no recs for i =   348           0
(PID.TID 0000.0001) ctrl-wet 6: no recs for i =   349           0
(PID.TID 0000.0001) ctrl-wet 6: no recs for i =   350           0
(PID.TID 0000.0001) ctrl-wet 6: no recs for i =   351           0
(PID.TID 0000.0001) ctrl-wet 6: no recs for i =   352           0
(PID.TID 0000.0001) ctrl-wet 6: no recs for i =   353           0
(PID.TID 0000.0001) ctrl-wet 6: no recs for i =   354           0
(PID.TID 0000.0001) ctrl-wet 6: no recs for i =   355           0
(PID.TID 0000.0001) ctrl-wet 6: no recs for i =   356           0
(PID.TID 0000.0001) ctrl-wet 6: no recs for i =   357           0
(PID.TID 0000.0001) ctrl-wet 6: no recs for i =   358           0
(PID.TID 0000.0001) ctrl-wet 6: no recs for i =   359           0
(PID.TID 0000.0001) ctrl-wet 6: no recs for i =   360           0
(PID.TID 0000.0001) ctrl-wet 6: no recs for i =   361           0
(PID.TID 0000.0001) ctrl-wet 6: no recs for i =   362           0
(PID.TID 0000.0001) ctrl-wet 6: no recs for i =   363           0
(PID.TID 0000.0001) ctrl-wet 6: no recs for i =   364           0
(PID.TID 0000.0001) ctrl-wet 6: no recs for i =   365           0
(PID.TID 0000.0001) ctrl-wet 6: no recs for i =   366           0
(PID.TID 0000.0001) ctrl-wet 6: no recs for i =   367           0
(PID.TID 0000.0001) ctrl-wet 6: no recs for i =   368           0
(PID.TID 0000.0001) ctrl-wet 6: no recs for i =   369           0
(PID.TID 0000.0001) ctrl-wet 6: no recs for i =   370           0
(PID.TID 0000.0001) ctrl-wet 6: no recs for i =   371           0
(PID.TID 0000.0001) ctrl-wet 6: no recs for i =   372           0
(PID.TID 0000.0001) ctrl-wet 6: no recs for i =   373           0
(PID.TID 0000.0001) ctrl-wet 6: no recs for i =   374           0
(PID.TID 0000.0001) ctrl-wet 6: no recs for i =   375           0
(PID.TID 0000.0001) ctrl-wet 6: no recs for i =   376           0
(PID.TID 0000.0001) ctrl-wet 6: no recs for i =   377           0
(PID.TID 0000.0001) ctrl-wet 6: no recs for i =   378           0
(PID.TID 0000.0001) ctrl-wet 6: no recs for i =   379           0
(PID.TID 0000.0001) ctrl-wet 6: no recs for i =   380           0
(PID.TID 0000.0001) ctrl-wet 6: no recs for i =   381           0
(PID.TID 0000.0001) ctrl-wet 6: no recs for i =   382           0
(PID.TID 0000.0001) ctrl-wet 6: no recs for i =   383           0
(PID.TID 0000.0001) ctrl-wet 6: no recs for i =   384           0
(PID.TID 0000.0001) ctrl-wet 6: no recs for i =   385           0
(PID.TID 0000.0001) ctrl-wet 6: no recs for i =   386           0
(PID.TID 0000.0001) ctrl-wet 6: no recs for i =   387           0
(PID.TID 0000.0001) ctrl-wet 6: no recs for i =   388           0
(PID.TID 0000.0001) ctrl-wet 6: no recs for i =   389           0
(PID.TID 0000.0001) ctrl-wet 6: no recs for i =   390           0
(PID.TID 0000.0001) ctrl-wet 6: no recs for i =   391           0
(PID.TID 0000.0001) ctrl-wet 6: no recs for i =   392           0
(PID.TID 0000.0001) ctrl-wet 6: no recs for i =   393           0
(PID.TID 0000.0001) ctrl-wet 6: no recs for i =   394           0
(PID.TID 0000.0001) ctrl-wet 6: no recs for i =   395           0
(PID.TID 0000.0001) ctrl-wet 6: no recs for i =   396           0
(PID.TID 0000.0001) ctrl-wet 6: no recs for i =   397           0
(PID.TID 0000.0001) ctrl-wet 6: no recs for i =   398           0
(PID.TID 0000.0001) ctrl-wet 6: no recs for i =   399           0
(PID.TID 0000.0001) ctrl-wet 6: no recs for i =   400           0
(PID.TID 0000.0001) ctrl-wet 7: flux         27000
(PID.TID 0000.0001) ctrl-wet 8: atmos        27000
(PID.TID 0000.0001) ctrl-wet -------------------------------------------------
(PID.TID 0000.0001) ctrl-wet 13: global nvarlength for Nr =   15        3600
(PID.TID 0000.0001) ctrl-wet -------------------------------------------------
(PID.TID 0000.0001) ctrl-wet 14: global nWet C/S/W/V k=    1        3600        3540        3540           0
(PID.TID 0000.0001) ctrl-wet 14: global nWet C/S/W/V k=    2        3600        3540        3540           0
(PID.TID 0000.0001) ctrl-wet 14: global nWet C/S/W/V k=    3        3600        3540        3540           0
(PID.TID 0000.0001) ctrl-wet 14: global nWet C/S/W/V k=    4        3600        3540        3540           0
(PID.TID 0000.0001) ctrl-wet 14: global nWet C/S/W/V k=    5        3600        3540        3540           0
(PID.TID 0000.0001) ctrl-wet 14: global nWet C/S/W/V k=    6        3600        3540        3540           0
(PID.TID 0000.0001) ctrl-wet 14: global nWet C/S/W/V k=    7        3600        3540        3540           0
(PID.TID 0000.0001) ctrl-wet 14: global nWet C/S/W/V k=    8        3600        3540        3540           0
(PID.TID 0000.0001) ctrl-wet 14: global nWet C/S/W/V k=    9        3600        3540        3540           0
(PID.TID 0000.0001) ctrl-wet 14: global nWet C/S/W/V k=   10        3600        3540        3540           0
(PID.TID 0000.0001) ctrl-wet 14: global nWet C/S/W/V k=   11        3600        3540        3540           0
(PID.TID 0000.0001) ctrl-wet 14: global nWet C/S/W/V k=   12        3600        3540        3540           0
(PID.TID 0000.0001) ctrl-wet 14: global nWet C/S/W/V k=   13        3600        3540        3540           0
(PID.TID 0000.0001) ctrl-wet 14: global nWet C/S/W/V k=   14        3600        3540        3540           0
(PID.TID 0000.0001) ctrl-wet 14: global nWet C/S/W/V k=   15        3600        3540        3540           0
(PID.TID 0000.0001) ctrl-wet -------------------------------------------------
(PID.TID 0000.0001) ctrl-wet -------------------------------------------------
(PID.TID 0000.0001) ctrl-wet -------------------------------------------------
(PID.TID 0000.0001) ctrl_init_wet: no. of control variables:            1
(PID.TID 0000.0001) ctrl_init_wet: control vector length:            3600
(PID.TID 0000.0001) 
(PID.TID 0000.0001) // =======================================================
(PID.TID 0000.0001) // control vector configuration  >>> START <<<
(PID.TID 0000.0001) // =======================================================
(PID.TID 0000.0001) 
(PID.TID 0000.0001)  Total number of ocean points per tile:
(PID.TID 0000.0001)  --------------------------------------
(PID.TID 0000.0001)  snx*sny*nr =    14415
(PID.TID 0000.0001) 
(PID.TID 0000.0001)  Number of ocean points per tile:
(PID.TID 0000.0001)  --------------------------------
(PID.TID 0000.0001)  bi,bj,#(c/s/w): 0001 0001 013500 013050 013050
(PID.TID 0000.0001) 
(PID.TID 0000.0001)  Settings of generic controls:
(PID.TID 0000.0001)  -----------------------------
(PID.TID 0000.0001) 
(PID.TID 0000.0001)  ctrlUseGen  =     T /* use generic controls */
(PID.TID 0000.0001)  -> 2D control, genarr2d no.  1 is in use
(PID.TID 0000.0001)       file       = xx_etan
(PID.TID 0000.0001)       weight     = wetan_ones.bin
(PID.TID 0000.0001)       index      =  0101
(PID.TID 0000.0001)       ncvarindex =  0201
(PID.TID 0000.0001)  preprocess = noscaling
(PID.TID 0000.0001) 
(PID.TID 0000.0001) // =======================================================
(PID.TID 0000.0001) // control vector configuration  >>> END <<<
(PID.TID 0000.0001) // =======================================================
(PID.TID 0000.0001) 
(PID.TID 0000.0001) ------------------------------------------------------------
(PID.TID 0000.0001) DIAGNOSTICS_SET_LEVELS: done
(PID.TID 0000.0001)  Total Nb of available Diagnostics: ndiagt=   206
(PID.TID 0000.0001)  write list of available Diagnostics to file: available_diagnostics.log
(PID.TID 0000.0001) SETDIAG: Allocate 15 x  1 Levels for Diagnostic #    30 UVEL
(PID.TID 0000.0001) SETDIAG: Allocate 15 x  1 Levels for Diagnostic #    31 VVEL
(PID.TID 0000.0001) SETDIAG: Allocate 15 x  1 Levels for Diagnostic #    26 THETA
(PID.TID 0000.0001) SETDIAG: Allocate  1 x  1 Levels for Diagnostic #    23 ETAN
(PID.TID 0000.0001)   space allocated for all diagnostics:      46 levels
(PID.TID 0000.0001)   set mate pointer for diag #    30  UVEL     , Parms: UUR     MR , mate:    31
(PID.TID 0000.0001)   set mate pointer for diag #    31  VVEL     , Parms: VVR     MR , mate:    30
(PID.TID 0000.0001) DIAGNOSTICS_SET_POINTERS: Set levels for Outp.Stream: dynState
(PID.TID 0000.0001)  Levels:       1.   2.   3.   4.   5.   6.   7.   8.   9.  10.  11.  12.  13.  14.  15.
(PID.TID 0000.0001) DIAGNOSTICS_SET_POINTERS: Set levels for Outp.Stream: surfState
(PID.TID 0000.0001)  Levels:       1.
(PID.TID 0000.0001) DIAGNOSTICS_SET_POINTERS: done
(PID.TID 0000.0001) ------------------------------------------------------------
(PID.TID 0000.0001) DIAGSTATS_SET_REGIONS: define no region
(PID.TID 0000.0001) ------------------------------------------------------------
(PID.TID 0000.0001)   space allocated for all stats-diags:       0 levels
(PID.TID 0000.0001) DIAGSTATS_SET_POINTERS: done
(PID.TID 0000.0001) ------------------------------------------------------------
(PID.TID 0000.0001) %MON fCori_max                    =   1.4119704352640E-04
(PID.TID 0000.0001) %MON fCori_min                    =   3.6516038314991E-05
(PID.TID 0000.0001) %MON fCori_mean                   =   9.8169098090289E-05
(PID.TID 0000.0001) %MON fCori_sd                     =   3.1588625445688E-05
(PID.TID 0000.0001) %MON fCoriG_max                   =   1.4087300867102E-04
(PID.TID 0000.0001) %MON fCoriG_min                   =   3.5282486883545E-05
(PID.TID 0000.0001) %MON fCoriG_mean                  =   9.7308683992513E-05
(PID.TID 0000.0001) %MON fCoriG_sd                    =   3.1852455422806E-05
(PID.TID 0000.0001) %MON fCoriCos_max                 =   1.4119704352640E-04
(PID.TID 0000.0001) %MON fCoriCos_min                 =   3.6516038314991E-05
(PID.TID 0000.0001) %MON fCoriCos_mean                =   9.8169098090289E-05
(PID.TID 0000.0001) %MON fCoriCos_sd                  =   3.1588625445688E-05
(PID.TID 0000.0001) INI_CG2D: CG2D normalisation factor =  1.4846576448792055E-04
(PID.TID 0000.0001) 
(PID.TID 0000.0001) // =======================================================
(PID.TID 0000.0001) // Model configuration
(PID.TID 0000.0001) // =======================================================
(PID.TID 0000.0001) //
(PID.TID 0000.0001) // "Physical" paramters ( PARM01 in namelist )
(PID.TID 0000.0001) //
(PID.TID 0000.0001) buoyancyRelation = /* Type of relation to get Buoyancy */
(PID.TID 0000.0001)               'OCEANIC'
(PID.TID 0000.0001)     ;
(PID.TID 0000.0001) fluidIsAir   =  /* fluid major constituent is Air */
(PID.TID 0000.0001)                   F
(PID.TID 0000.0001)     ;
(PID.TID 0000.0001) fluidIsWater =  /* fluid major constituent is Water */
(PID.TID 0000.0001)                   T
(PID.TID 0000.0001)     ;
(PID.TID 0000.0001) usingPCoords =  /* use p (or p*) vertical coordinate */
(PID.TID 0000.0001)                   F
(PID.TID 0000.0001)     ;
(PID.TID 0000.0001) usingZCoords =  /* use z (or z*) vertical coordinate */
(PID.TID 0000.0001)                   T
(PID.TID 0000.0001)     ;
(PID.TID 0000.0001) tRef =   /* Reference temperature profile ( oC or K ) */
(PID.TID 0000.0001)                 3.000000000000000E+01,      /* K =  1 */
(PID.TID 0000.0001)                 2.700000000000000E+01,      /* K =  2 */
(PID.TID 0000.0001)                 2.400000000000000E+01,      /* K =  3 */
(PID.TID 0000.0001)                 2.100000000000000E+01,      /* K =  4 */
(PID.TID 0000.0001)                 1.800000000000000E+01,      /* K =  5 */
(PID.TID 0000.0001)                 1.500000000000000E+01,      /* K =  6 */
(PID.TID 0000.0001)                 1.300000000000000E+01,      /* K =  7 */
(PID.TID 0000.0001)                 1.100000000000000E+01,      /* K =  8 */
(PID.TID 0000.0001)                 9.000000000000000E+00,      /* K =  9 */
(PID.TID 0000.0001)                 7.000000000000000E+00,      /* K = 10 */
(PID.TID 0000.0001)                 6.000000000000000E+00,      /* K = 11 */
(PID.TID 0000.0001)                 5.000000000000000E+00,      /* K = 12 */
(PID.TID 0000.0001)                 4.000000000000000E+00,      /* K = 13 */
(PID.TID 0000.0001)                 3.000000000000000E+00,      /* K = 14 */
(PID.TID 0000.0001)                 2.000000000000000E+00       /* K = 15 */
(PID.TID 0000.0001)     ;
(PID.TID 0000.0001) sRef =   /* Reference salinity profile ( g/kg ) */
(PID.TID 0000.0001)    15 @  3.000000000000000E+01              /* K =  1: 15 */
(PID.TID 0000.0001)     ;
(PID.TID 0000.0001) useStrainTensionVisc= /* Use StrainTension Form of Viscous Operator */
(PID.TID 0000.0001)                   F
(PID.TID 0000.0001)     ;
(PID.TID 0000.0001) useVariableVisc = /* Use variable horizontal viscosity */
(PID.TID 0000.0001)                   F
(PID.TID 0000.0001)     ;
(PID.TID 0000.0001) useHarmonicVisc = /* Use harmonic horizontal viscosity */
(PID.TID 0000.0001)                   T
(PID.TID 0000.0001)     ;
(PID.TID 0000.0001) useBiharmonicVisc= /* Use biharmonic horiz.  viscosity */
(PID.TID 0000.0001)                   F
(PID.TID 0000.0001)     ;
(PID.TID 0000.0001) useSmag3D = /* Use isotropic 3-D Smagorinsky viscosity */
(PID.TID 0000.0001)                   F
(PID.TID 0000.0001)     ;
(PID.TID 0000.0001) viscAh  =   /* Lateral harmonic viscosity ( m^2/s ) */
(PID.TID 0000.0001)                 5.000000000000000E+03
(PID.TID 0000.0001)     ;
(PID.TID 0000.0001) viscA4  =   /* Lateral biharmonic viscosity ( m^4/s ) */
(PID.TID 0000.0001)                 0.000000000000000E+00
(PID.TID 0000.0001)     ;
(PID.TID 0000.0001) no_slip_sides =  /* Viscous BCs: No-slip sides */
(PID.TID 0000.0001)                   T
(PID.TID 0000.0001)     ;
(PID.TID 0000.0001) sideDragFactor = /* side-drag scaling factor (non-dim) */
(PID.TID 0000.0001)                 2.000000000000000E+00
(PID.TID 0000.0001)     ;
(PID.TID 0000.0001) viscArNr = /* vertical profile of vertical viscosity ( m^2/s )*/
(PID.TID 0000.0001)    15 @  1.000000000000000E-02              /* K =  1: 15 */
(PID.TID 0000.0001)     ;
(PID.TID 0000.0001) no_slip_bottom =  /* Viscous BCs: No-slip bottom */
(PID.TID 0000.0001)                   F
(PID.TID 0000.0001)     ;
(PID.TID 0000.0001) bottomVisc_pCell = /* Partial-cell in bottom Visc. BC */
(PID.TID 0000.0001)                   F
(PID.TID 0000.0001)     ;
(PID.TID 0000.0001) bottomDragLinear = /* linear bottom-drag coefficient ( m/s ) */
(PID.TID 0000.0001)                 0.000000000000000E+00
(PID.TID 0000.0001)     ;
(PID.TID 0000.0001) bottomDragQuadratic = /* quadratic bottom-drag coefficient (-) */
(PID.TID 0000.0001)                 0.000000000000000E+00
(PID.TID 0000.0001)     ;
(PID.TID 0000.0001) selectBotDragQuadr = /* select quadratic bottom drag options */
(PID.TID 0000.0001)                      -1
(PID.TID 0000.0001)     ;
(PID.TID 0000.0001) diffKhT =   /* Laplacian diffusion of heat laterally ( m^2/s ) */
(PID.TID 0000.0001)                 1.000000000000000E+03
(PID.TID 0000.0001)     ;
(PID.TID 0000.0001) diffK4T =   /* Biharmonic diffusion of heat laterally ( m^4/s ) */
(PID.TID 0000.0001)                 0.000000000000000E+00
(PID.TID 0000.0001)     ;
(PID.TID 0000.0001) diffKhS =   /* Laplacian diffusion of salt laterally ( m^2/s ) */
(PID.TID 0000.0001)                 0.000000000000000E+00
(PID.TID 0000.0001)     ;
(PID.TID 0000.0001) diffK4S =   /* Biharmonic diffusion of salt laterally ( m^4/s ) */
(PID.TID 0000.0001)                 0.000000000000000E+00
(PID.TID 0000.0001)     ;
(PID.TID 0000.0001) diffKrNrT = /* vertical profile of vertical diffusion of Temp ( m^2/s )*/
(PID.TID 0000.0001)    15 @  1.000000000000000E-05              /* K =  1: 15 */
(PID.TID 0000.0001)     ;
(PID.TID 0000.0001) diffKrNrS = /* vertical profile of vertical diffusion of Salt ( m^2/s )*/
(PID.TID 0000.0001)    15 @  1.000000000000000E-05              /* K =  1: 15 */
(PID.TID 0000.0001)     ;
(PID.TID 0000.0001) diffKrBL79surf = /* Surface diffusion for Bryan and Lewis 79 ( m^2/s ) */
(PID.TID 0000.0001)                 0.000000000000000E+00
(PID.TID 0000.0001)     ;
(PID.TID 0000.0001) diffKrBL79deep = /* Deep diffusion for Bryan and Lewis 1979 ( m^2/s ) */
(PID.TID 0000.0001)                 0.000000000000000E+00
(PID.TID 0000.0001)     ;
(PID.TID 0000.0001) diffKrBL79scl = /* Depth scale for Bryan and Lewis 1979 ( m ) */
(PID.TID 0000.0001)                 2.000000000000000E+02
(PID.TID 0000.0001)     ;
(PID.TID 0000.0001) diffKrBL79Ho = /* Turning depth for Bryan and Lewis 1979 ( m ) */
(PID.TID 0000.0001)                -2.000000000000000E+03
(PID.TID 0000.0001)     ;
(PID.TID 0000.0001) ivdc_kappa = /* Implicit Vertical Diffusivity for Convection ( m^2/s) */
(PID.TID 0000.0001)                 1.000000000000000E+00
(PID.TID 0000.0001)     ;
(PID.TID 0000.0001) hMixCriteria=  /* Criteria for mixed-layer diagnostic */
(PID.TID 0000.0001)                -8.000000000000000E-01
(PID.TID 0000.0001)     ;
(PID.TID 0000.0001) dRhoSmall =  /* Parameter for mixed-layer diagnostic */
(PID.TID 0000.0001)                 1.000000000000000E-06
(PID.TID 0000.0001)     ;
(PID.TID 0000.0001) hMixSmooth=  /* Smoothing parameter for mixed-layer diagnostic */
(PID.TID 0000.0001)                 0.000000000000000E+00
(PID.TID 0000.0001)     ;
(PID.TID 0000.0001) eosType =  /* Type of Equation of State */
(PID.TID 0000.0001)               'LINEAR'
(PID.TID 0000.0001)     ;
(PID.TID 0000.0001) tAlpha = /* Linear EOS thermal expansion coefficient ( 1/oC ) */
(PID.TID 0000.0001)                 2.000000000000000E-04
(PID.TID 0000.0001)     ;
(PID.TID 0000.0001) sBeta  = /* Linear EOS haline contraction coefficient ( 1/(g/kg) ) */
(PID.TID 0000.0001)                 0.000000000000000E+00
(PID.TID 0000.0001)     ;
(PID.TID 0000.0001) rhoNil    = /* Reference density for Linear EOS ( kg/m^3 ) */
(PID.TID 0000.0001)                 9.998000000000000E+02
(PID.TID 0000.0001)     ;
(PID.TID 0000.0001) selectP_inEOS_Zc = /* select pressure to use in EOS (0,1,2,3) */
(PID.TID 0000.0001)                       0
(PID.TID 0000.0001)     0= -g*rhoConst*z ; 1= pRef (from tRef,sRef); 2= Hyd P ; 3= Hyd+NH P
(PID.TID 0000.0001)     ;
(PID.TID 0000.0001) surf_pRef = /* Surface reference pressure ( Pa ) */
(PID.TID 0000.0001)                 1.013250000000000E+05
(PID.TID 0000.0001)     ;
(PID.TID 0000.0001) HeatCapacity_Cp =  /* Specific heat capacity ( J/kg/K ) */
(PID.TID 0000.0001)                 3.994000000000000E+03
(PID.TID 0000.0001)     ;
(PID.TID 0000.0001) celsius2K = /* 0 degree Celsius converted to Kelvin ( K ) */
(PID.TID 0000.0001)                 2.731500000000000E+02
(PID.TID 0000.0001)     ;
(PID.TID 0000.0001) rhoConst  = /* Reference density (Boussinesq)  ( kg/m^3 ) */
(PID.TID 0000.0001)                 9.998000000000000E+02
(PID.TID 0000.0001)     ;
(PID.TID 0000.0001) rhoFacC = /* normalized Reference density @ cell-Center (-) */
(PID.TID 0000.0001)    15 @  1.000000000000000E+00              /* K =  1: 15 */
(PID.TID 0000.0001)     ;
(PID.TID 0000.0001) rhoFacF = /* normalized Reference density @ W-Interface (-) */
(PID.TID 0000.0001)    16 @  1.000000000000000E+00              /* K =  1: 16 */
(PID.TID 0000.0001)     ;
(PID.TID 0000.0001) rhoConstFresh = /* Fresh-water reference density ( kg/m^3 ) */
(PID.TID 0000.0001)                 9.998000000000000E+02
(PID.TID 0000.0001)     ;
(PID.TID 0000.0001) gravity =   /* Gravitational acceleration ( m/s^2 ) */
(PID.TID 0000.0001)                 9.810000000000000E+00
(PID.TID 0000.0001)     ;
(PID.TID 0000.0001) gBaro =   /* Barotropic gravity ( m/s^2 ) */
(PID.TID 0000.0001)                 9.810000000000000E+00
(PID.TID 0000.0001)     ;
(PID.TID 0000.0001) gravFacC = /* gravity factor (vs surf.) @ cell-Center (-) */
(PID.TID 0000.0001)    15 @  1.000000000000000E+00              /* K =  1: 15 */
(PID.TID 0000.0001)     ;
(PID.TID 0000.0001) gravFacF = /* gravity factor (vs surf.) @ W-Interface (-) */
(PID.TID 0000.0001)    16 @  1.000000000000000E+00              /* K =  1: 16 */
(PID.TID 0000.0001)     ;
(PID.TID 0000.0001) rotationPeriod =   /* Rotation Period ( s ) */
(PID.TID 0000.0001)                 8.616400000000000E+04
(PID.TID 0000.0001)     ;
(PID.TID 0000.0001) omega =   /* Angular velocity ( rad/s ) */
(PID.TID 0000.0001)                 7.292123516990375E-05
(PID.TID 0000.0001)     ;
(PID.TID 0000.0001) f0 =   /* Reference coriolis parameter ( 1/s ) */
(PID.TID 0000.0001)                 1.000000000000000E-04
(PID.TID 0000.0001)     ;
(PID.TID 0000.0001) beta =   /* Beta ( 1/(m.s) ) */
(PID.TID 0000.0001)                 9.999999999999999E-12
(PID.TID 0000.0001)     ;
(PID.TID 0000.0001) fPrime =   /* Second coriolis parameter ( 1/s ) */
(PID.TID 0000.0001)                 0.000000000000000E+00
(PID.TID 0000.0001)     ;
(PID.TID 0000.0001) rigidLid =   /* Rigid lid on/off flag */
(PID.TID 0000.0001)                   F
(PID.TID 0000.0001)     ;
(PID.TID 0000.0001) implicitFreeSurface =   /* Implicit free surface on/off flag */
(PID.TID 0000.0001)                   T
(PID.TID 0000.0001)     ;
(PID.TID 0000.0001) freeSurfFac =   /* Implicit free surface factor */
(PID.TID 0000.0001)                 1.000000000000000E+00
(PID.TID 0000.0001)     ;
(PID.TID 0000.0001) implicSurfPress =  /* Surface Pressure implicit factor (0-1) */
(PID.TID 0000.0001)                 1.000000000000000E+00
(PID.TID 0000.0001)     ;
(PID.TID 0000.0001) implicDiv2DFlow =  /* Barot. Flow Div. implicit factor (0-1) */
(PID.TID 0000.0001)                 1.000000000000000E+00
(PID.TID 0000.0001)     ;
(PID.TID 0000.0001) uniformLin_PhiSurf = /* use uniform Bo_surf on/off flag */
(PID.TID 0000.0001)                   T
(PID.TID 0000.0001)     ;
(PID.TID 0000.0001) uniformFreeSurfLev = /* free-surface level-index is uniform */
(PID.TID 0000.0001)                   T
(PID.TID 0000.0001)     ;
(PID.TID 0000.0001) sIceLoadFac =  /* scale factor for sIceLoad (0-1) */
(PID.TID 0000.0001)                 1.000000000000000E+00
(PID.TID 0000.0001)     ;
(PID.TID 0000.0001) hFacMin =   /* minimum partial cell factor (hFac) */
(PID.TID 0000.0001)                 1.000000000000000E+00
(PID.TID 0000.0001)     ;
(PID.TID 0000.0001) hFacMinDr = /* minimum partial cell thickness ( m) */
(PID.TID 0000.0001)                 0.000000000000000E+00
(PID.TID 0000.0001)     ;
(PID.TID 0000.0001) exactConserv =  /* Exact Volume Conservation on/off flag */
(PID.TID 0000.0001)                   T
(PID.TID 0000.0001)     ;
(PID.TID 0000.0001) linFSConserveTr = /* Tracer correction for Lin Free Surface on/off flag */
(PID.TID 0000.0001)                   F
(PID.TID 0000.0001)     ;
(PID.TID 0000.0001) nonlinFreeSurf = /* Non-linear Free Surf. options (-1,0,1,2,3)*/
(PID.TID 0000.0001)                       0
(PID.TID 0000.0001)      -1,0= Off ; 1,2,3= On, 2=+rescale gU,gV, 3=+update cg2d solv.
(PID.TID 0000.0001)     ;
(PID.TID 0000.0001) hFacInf =   /* lower threshold for hFac (nonlinFreeSurf only)*/
(PID.TID 0000.0001)                 2.000000000000000E-01
(PID.TID 0000.0001)     ;
(PID.TID 0000.0001) hFacSup =   /* upper threshold for hFac (nonlinFreeSurf only)*/
(PID.TID 0000.0001)                 2.000000000000000E+00
(PID.TID 0000.0001)     ;
(PID.TID 0000.0001) select_rStar = /* r* Vertical coord. options (=0 r coord.; >0 uses r*)*/
(PID.TID 0000.0001)                       0
(PID.TID 0000.0001)     ;
(PID.TID 0000.0001) useRealFreshWaterFlux = /* Real Fresh Water Flux on/off flag*/
(PID.TID 0000.0001)                   F
(PID.TID 0000.0001)     ;
(PID.TID 0000.0001) temp_EvPrRn = /* Temp. of Evap/Prec/R (UNSET=use local T)(oC)*/
(PID.TID 0000.0001)                 1.234567000000000E+05
(PID.TID 0000.0001)     ;
(PID.TID 0000.0001) salt_EvPrRn = /* Salin. of Evap/Prec/R (UNSET=use local S)(g/kg)*/
(PID.TID 0000.0001)                 0.000000000000000E+00
(PID.TID 0000.0001)     ;
(PID.TID 0000.0001) selectAddFluid = /* option for mass source/sink of fluid (=0: off) */
(PID.TID 0000.0001)                       0
(PID.TID 0000.0001)     ;
(PID.TID 0000.0001) temp_addMass = /* Temp. of addMass array (UNSET=use local T)(oC)*/
(PID.TID 0000.0001)                 1.234567000000000E+05
(PID.TID 0000.0001)     ;
(PID.TID 0000.0001) salt_addMass = /* Salin. of addMass array (UNSET=use local S)(g/kg)*/
(PID.TID 0000.0001)                 0.000000000000000E+00
(PID.TID 0000.0001)     ;
(PID.TID 0000.0001) convertFW2Salt = /* convert F.W. Flux to Salt Flux (-1=use local S)(g/kg)*/
(PID.TID 0000.0001)                 3.500000000000000E+01
(PID.TID 0000.0001)     ;
(PID.TID 0000.0001) use3Dsolver = /* use 3-D pressure solver on/off flag */
(PID.TID 0000.0001)                   F
(PID.TID 0000.0001)     ;
(PID.TID 0000.0001) nonHydrostatic =  /* Non-Hydrostatic on/off flag */
(PID.TID 0000.0001)                   F
(PID.TID 0000.0001)     ;
(PID.TID 0000.0001) nh_Am2 = /* Non-Hydrostatic terms scaling factor */
(PID.TID 0000.0001)                 1.000000000000000E+00
(PID.TID 0000.0001)     ;
(PID.TID 0000.0001) implicitNHPress = /* Non-Hyd Pressure implicit factor (0-1)*/
(PID.TID 0000.0001)                 1.000000000000000E+00
(PID.TID 0000.0001)     ;
(PID.TID 0000.0001) selectNHfreeSurf = /* Non-Hyd (free-)Surface option */
(PID.TID 0000.0001)                       0
(PID.TID 0000.0001)     ;
(PID.TID 0000.0001) quasiHydrostatic = /* Quasi-Hydrostatic on/off flag */
(PID.TID 0000.0001)                   F
(PID.TID 0000.0001)     ;
(PID.TID 0000.0001) calc_wVelocity = /* vertical velocity calculation on/off flag */
(PID.TID 0000.0001)                   T
(PID.TID 0000.0001)     ;
(PID.TID 0000.0001) momStepping =  /* Momentum equation on/off flag */
(PID.TID 0000.0001)                   T
(PID.TID 0000.0001)     ;
(PID.TID 0000.0001) vectorInvariantMomentum= /* Vector-Invariant Momentum on/off */
(PID.TID 0000.0001)                   F
(PID.TID 0000.0001)     ;
(PID.TID 0000.0001) momAdvection =  /* Momentum advection on/off flag */
(PID.TID 0000.0001)                   T
(PID.TID 0000.0001)     ;
(PID.TID 0000.0001) momViscosity =  /* Momentum viscosity on/off flag */
(PID.TID 0000.0001)                   T
(PID.TID 0000.0001)     ;
(PID.TID 0000.0001) momImplVertAdv= /* Momentum implicit vert. advection on/off*/
(PID.TID 0000.0001)                   F
(PID.TID 0000.0001)     ;
(PID.TID 0000.0001) implicitViscosity = /* Implicit viscosity on/off flag */
(PID.TID 0000.0001)                   F
(PID.TID 0000.0001)     ;
(PID.TID 0000.0001) selectImplicitDrag= /* Implicit bot Drag options (0,1,2)*/
(PID.TID 0000.0001)                       0
(PID.TID 0000.0001)     0= Expl. ; 1= Impl. on provis. Vel ; 2= Fully Impl (with surf.P)
(PID.TID 0000.0001)     ;
(PID.TID 0000.0001) metricTerms =  /* metric-Terms on/off flag */
(PID.TID 0000.0001)                   T
(PID.TID 0000.0001)     ;
(PID.TID 0000.0001) useNHMTerms = /* Non-Hydrostatic Metric-Terms on/off */
(PID.TID 0000.0001)                   F
(PID.TID 0000.0001)     ;
(PID.TID 0000.0001) selectCoriMap = /* Coriolis Map options (0,1,2,3)*/
(PID.TID 0000.0001)                       2
(PID.TID 0000.0001)     0= f-Plane ; 1= Beta-Plane ; 2= Spherical ; 3= read from file
(PID.TID 0000.0001)     ;
(PID.TID 0000.0001) use3dCoriolis = /* 3-D Coriolis on/off flag */
(PID.TID 0000.0001)                   F
(PID.TID 0000.0001)     ;
(PID.TID 0000.0001) useCoriolis =  /* Coriolis on/off flag */
(PID.TID 0000.0001)                   T
(PID.TID 0000.0001)     ;
(PID.TID 0000.0001) useCDscheme =  /* CD scheme on/off flag */
(PID.TID 0000.0001)                   F
(PID.TID 0000.0001)     ;
(PID.TID 0000.0001) selectCoriScheme= /* Scheme selector for Coriolis-Term */
(PID.TID 0000.0001)                       0
(PID.TID 0000.0001)    = 0 : original discretization (simple averaging, no hFac)
(PID.TID 0000.0001)    = 1 : Wet-point averaging (Jamar & Ozer 1986)
(PID.TID 0000.0001)    = 2 : energy conserving scheme (no hFac weight)
(PID.TID 0000.0001)    = 3 : energy conserving scheme using Wet-point averaging
(PID.TID 0000.0001)     ;
(PID.TID 0000.0001) momForcing =  /* Momentum forcing on/off flag */
(PID.TID 0000.0001)                   T
(PID.TID 0000.0001)     ;
(PID.TID 0000.0001) momTidalForcing = /* Momentum Tidal forcing on/off flag */
(PID.TID 0000.0001)                   T
(PID.TID 0000.0001)     ;
(PID.TID 0000.0001) momPressureForcing =  /* Momentum pressure term on/off flag */
(PID.TID 0000.0001)                   T
(PID.TID 0000.0001)     ;
(PID.TID 0000.0001) implicitIntGravWave= /* Implicit Internal Gravity Wave flag */
(PID.TID 0000.0001)                   F
(PID.TID 0000.0001)     ;
(PID.TID 0000.0001) staggerTimeStep =    /* Stagger time stepping on/off flag */
(PID.TID 0000.0001)                   F
(PID.TID 0000.0001)     ;
(PID.TID 0000.0001) doResetHFactors = /* reset thickness factors @ each time-step */
(PID.TID 0000.0001)                   F
(PID.TID 0000.0001)     ;
(PID.TID 0000.0001) multiDimAdvection =  /* enable/disable Multi-Dim Advection */
(PID.TID 0000.0001)                   T
(PID.TID 0000.0001)     ;
(PID.TID 0000.0001) useMultiDimAdvec =   /* Multi-Dim Advection is/is-not used */
(PID.TID 0000.0001)                   F
(PID.TID 0000.0001)     ;
(PID.TID 0000.0001) implicitDiffusion = /* Implicit Diffusion on/off flag */
(PID.TID 0000.0001)                   T
(PID.TID 0000.0001)     ;
(PID.TID 0000.0001) tempStepping =  /* Temperature equation on/off flag */
(PID.TID 0000.0001)                   T
(PID.TID 0000.0001)     ;
(PID.TID 0000.0001) tempAdvection = /* Temperature advection on/off flag */
(PID.TID 0000.0001)                   T
(PID.TID 0000.0001)     ;
(PID.TID 0000.0001) tempImplVertAdv = /* Temp. implicit vert. advection on/off */
(PID.TID 0000.0001)                   F
(PID.TID 0000.0001)     ;
(PID.TID 0000.0001) tempForcing  =  /* Temperature forcing on/off flag */
(PID.TID 0000.0001)                   T
(PID.TID 0000.0001)     ;
(PID.TID 0000.0001) doThetaClimRelax = /* apply SST relaxation on/off flag */
(PID.TID 0000.0001)                   T
(PID.TID 0000.0001)     ;
(PID.TID 0000.0001) tempIsActiveTr = /* Temp. is a dynamically Active Tracer */
(PID.TID 0000.0001)                   T
(PID.TID 0000.0001)     ;
(PID.TID 0000.0001) saltStepping =  /* Salinity equation on/off flag */
(PID.TID 0000.0001)                   F
(PID.TID 0000.0001)     ;
(PID.TID 0000.0001) saltAdvection = /* Salinity advection on/off flag */
(PID.TID 0000.0001)                   F
(PID.TID 0000.0001)     ;
(PID.TID 0000.0001) saltImplVertAdv = /* Sali. implicit vert. advection on/off */
(PID.TID 0000.0001)                   F
(PID.TID 0000.0001)     ;
(PID.TID 0000.0001) saltForcing  =  /* Salinity forcing on/off flag */
(PID.TID 0000.0001)                   F
(PID.TID 0000.0001)     ;
(PID.TID 0000.0001) doSaltClimRelax = /* apply SSS relaxation on/off flag */
(PID.TID 0000.0001)                   F
(PID.TID 0000.0001)     ;
(PID.TID 0000.0001) saltIsActiveTr = /* Salt  is a dynamically Active Tracer */
(PID.TID 0000.0001)                   F
(PID.TID 0000.0001)     ;
(PID.TID 0000.0001)  readBinaryPrec = /* Precision used for reading binary files */
(PID.TID 0000.0001)                      32
(PID.TID 0000.0001)     ;
(PID.TID 0000.0001) writeBinaryPrec = /* Precision used for writing binary files */
(PID.TID 0000.0001)                      32
(PID.TID 0000.0001)     ;
(PID.TID 0000.0001)  rwSuffixType =   /* select format of mds file suffix */
(PID.TID 0000.0001)                       0
(PID.TID 0000.0001)    = 0 : myIter (I10.10) ;   = 1 : 100*myTime (100th sec) ;
(PID.TID 0000.0001)    = 2 : myTime (seconds);   = 3 : myTime/360 (10th of hr);
(PID.TID 0000.0001)    = 4 : myTime/3600 (hours)
(PID.TID 0000.0001)     ;
(PID.TID 0000.0001)  globalFiles = /* write "global" (=not per tile) files */
(PID.TID 0000.0001)                   F
(PID.TID 0000.0001)     ;
(PID.TID 0000.0001)  useSingleCpuIO = /* only master MPI process does I/O */
(PID.TID 0000.0001)                   T
(PID.TID 0000.0001)     ;
(PID.TID 0000.0001)  useSingleCpuInput = /* only master process reads input */
(PID.TID 0000.0001)                   T
(PID.TID 0000.0001)     ;
(PID.TID 0000.0001) /* debLev[*]  : level of debug & auxiliary message printing */
(PID.TID 0000.0001) debLevZero =  0 ; /* level of disabled aux. msg printing */
(PID.TID 0000.0001)    debLevA =  1 ; /* level of minimum  aux. msg printing */
(PID.TID 0000.0001)    debLevB =  2 ; /* level of low aux. print (report read-file opening)*/
(PID.TID 0000.0001)    debLevC =  3 ; /* level of moderate debug prt (most pkgs debug msg) */
(PID.TID 0000.0001)    debLevD =  4 ; /* level of enhanced debug prt (add DEBUG_STATS prt) */
(PID.TID 0000.0001)    debLevE =  5 ; /* level of extensive debug printing */
(PID.TID 0000.0001) debugLevel =  /* select debug printing level */
(PID.TID 0000.0001)                       1
(PID.TID 0000.0001)     ;
(PID.TID 0000.0001)  plotLevel =  /* select PLOT_FIELD printing level */
(PID.TID 0000.0001)                       1
(PID.TID 0000.0001)     ;
(PID.TID 0000.0001) //
(PID.TID 0000.0001) // Elliptic solver(s) paramters ( PARM02 in namelist )
(PID.TID 0000.0001) //
(PID.TID 0000.0001) cg2dMaxIters =   /* Upper limit on 2d con. grad iterations  */
(PID.TID 0000.0001)                    1000
(PID.TID 0000.0001)     ;
(PID.TID 0000.0001) cg2dMinItersNSA =   /* Minimum number of iterations of 2d con. grad solver  */
(PID.TID 0000.0001)                       0
(PID.TID 0000.0001)     ;
(PID.TID 0000.0001) cg2dUseMinResSol= /* use cg2d last-iter(=0) / min-resid.(=1) solution */
(PID.TID 0000.0001)                       0
(PID.TID 0000.0001)     ;
(PID.TID 0000.0001) cg2dTargetResidual =   /* 2d con. grad target residual  */
(PID.TID 0000.0001)                 1.000000000000000E-12
(PID.TID 0000.0001)     ;
(PID.TID 0000.0001) cg2dTargetResWunit =   /* CG2d target residual [W units] */
(PID.TID 0000.0001)                -1.000000000000000E+00
(PID.TID 0000.0001)     ;
(PID.TID 0000.0001) cg2dPreCondFreq =   /* Freq. for updating cg2d preconditioner */
(PID.TID 0000.0001)                       1
(PID.TID 0000.0001)     ;
(PID.TID 0000.0001) useSRCGSolver =  /* use single reduction CG solver(s) */
(PID.TID 0000.0001)                   F
(PID.TID 0000.0001)     ;
(PID.TID 0000.0001) useNSACGSolver =  /* use not-self-adjoint CG solver */
(PID.TID 0000.0001)                   F
(PID.TID 0000.0001)     ;
(PID.TID 0000.0001) printResidualFreq = /* Freq. for printing CG residual */
(PID.TID 0000.0001)                       0
(PID.TID 0000.0001)     ;
(PID.TID 0000.0001) //
(PID.TID 0000.0001) // Time stepping paramters ( PARM03 in namelist )
(PID.TID 0000.0001) //
(PID.TID 0000.0001) deltaTMom =   /* Momentum equation timestep ( s ) */
(PID.TID 0000.0001)                 1.200000000000000E+03
(PID.TID 0000.0001)     ;
(PID.TID 0000.0001) deltaTFreeSurf = /* FreeSurface equation timestep ( s ) */
(PID.TID 0000.0001)                 1.200000000000000E+03
(PID.TID 0000.0001)     ;
(PID.TID 0000.0001) dTtracerLev =  /* Tracer equation timestep ( s ) */
(PID.TID 0000.0001)    15 @  1.200000000000000E+03              /* K =  1: 15 */
(PID.TID 0000.0001)     ;
(PID.TID 0000.0001) deltaTClock  =   /* Model clock timestep ( s ) */
(PID.TID 0000.0001)                 1.200000000000000E+03
(PID.TID 0000.0001)     ;
(PID.TID 0000.0001) cAdjFreq =   /* Convective adjustment interval ( s ) */
(PID.TID 0000.0001)                 0.000000000000000E+00
(PID.TID 0000.0001)     ;
(PID.TID 0000.0001) momForcingOutAB = /* =1: take Momentum Forcing out of Adams-Bash. stepping */
(PID.TID 0000.0001)                       0
(PID.TID 0000.0001)     ;
(PID.TID 0000.0001) tracForcingOutAB = /* =1: take T,S,pTr Forcing out of Adams-Bash. stepping */
(PID.TID 0000.0001)                       0
(PID.TID 0000.0001)     ;
(PID.TID 0000.0001) momDissip_In_AB = /* put Dissipation Tendency in Adams-Bash. stepping */
(PID.TID 0000.0001)                   T
(PID.TID 0000.0001)     ;
(PID.TID 0000.0001) doAB_onGtGs = /* apply AB on Tendencies (rather than on T,S)*/
(PID.TID 0000.0001)                   T
(PID.TID 0000.0001)     ;
(PID.TID 0000.0001) abEps =   /* Adams-Bashforth-2 stabilizing weight */
(PID.TID 0000.0001)                 1.000000000000000E-02
(PID.TID 0000.0001)     ;
(PID.TID 0000.0001) applyExchUV_early = /* Apply EXCH to U,V earlier in time-step */
(PID.TID 0000.0001)                   F
(PID.TID 0000.0001)     ;
(PID.TID 0000.0001) pickupStrictlyMatch= /* stop if pickup do not strictly match */
(PID.TID 0000.0001)                   T
(PID.TID 0000.0001)     ;
(PID.TID 0000.0001) nIter0   =   /* Run starting timestep number */
(PID.TID 0000.0001)                 3111120
(PID.TID 0000.0001)     ;
(PID.TID 0000.0001) nTimeSteps = /* Number of timesteps */
(PID.TID 0000.0001)                     720
(PID.TID 0000.0001)     ;
(PID.TID 0000.0001) nEndIter =   /* Run ending timestep number */
(PID.TID 0000.0001)                 3111840
(PID.TID 0000.0001)     ;
(PID.TID 0000.0001) baseTime =   /* Model base time ( s ) */
(PID.TID 0000.0001)                 0.000000000000000E+00
(PID.TID 0000.0001)     ;
(PID.TID 0000.0001) startTime =  /* Run start time ( s ) */
(PID.TID 0000.0001)                 3.733344000000000E+09
(PID.TID 0000.0001)     ;
(PID.TID 0000.0001) endTime  =   /* Integration ending time ( s ) */
(PID.TID 0000.0001)                 3.734208000000000E+09
(PID.TID 0000.0001)     ;
(PID.TID 0000.0001) pChkPtFreq = /* Permanent restart/pickup file interval ( s ) */
(PID.TID 0000.0001)                 0.000000000000000E+00
(PID.TID 0000.0001)     ;
(PID.TID 0000.0001) chkPtFreq  = /* Rolling restart/pickup file interval ( s ) */
(PID.TID 0000.0001)                 0.000000000000000E+00
(PID.TID 0000.0001)     ;
(PID.TID 0000.0001) pickup_write_mdsio =   /* Model IO flag. */
(PID.TID 0000.0001)                   T
(PID.TID 0000.0001)     ;
(PID.TID 0000.0001) pickup_read_mdsio =   /* Model IO flag. */
(PID.TID 0000.0001)                   T
(PID.TID 0000.0001)     ;
(PID.TID 0000.0001) writePickupAtEnd =   /* Model IO flag. */
(PID.TID 0000.0001)                   T
(PID.TID 0000.0001)     ;
(PID.TID 0000.0001) dumpFreq =   /* Model state write out interval ( s ). */
(PID.TID 0000.0001)                 0.000000000000000E+00
(PID.TID 0000.0001)     ;
(PID.TID 0000.0001) dumpInitAndLast= /* write out Initial & Last iter. model state */
(PID.TID 0000.0001)                   T
(PID.TID 0000.0001)     ;
(PID.TID 0000.0001) snapshot_mdsio =   /* Model IO flag. */
(PID.TID 0000.0001)                   T
(PID.TID 0000.0001)     ;
(PID.TID 0000.0001) monitorFreq =   /* Monitor output interval ( s ). */
(PID.TID 0000.0001)                 2.592000000000000E+06
(PID.TID 0000.0001)     ;
(PID.TID 0000.0001) monitorSelect = /* select group of variables to monitor */
(PID.TID 0000.0001)                       2
(PID.TID 0000.0001)     ;
(PID.TID 0000.0001) monitor_stdio =   /* Model IO flag. */
(PID.TID 0000.0001)                   T
(PID.TID 0000.0001)     ;
(PID.TID 0000.0001) externForcingPeriod =   /* forcing period (s) */
(PID.TID 0000.0001)                 0.000000000000000E+00
(PID.TID 0000.0001)     ;
(PID.TID 0000.0001) externForcingCycle =   /* period of the cyle (s). */
(PID.TID 0000.0001)                 0.000000000000000E+00
(PID.TID 0000.0001)     ;
(PID.TID 0000.0001) tauThetaClimRelax =   /* relaxation time scale (s) */
(PID.TID 0000.0001)                 2.592000000000000E+06
(PID.TID 0000.0001)     ;
(PID.TID 0000.0001) tauSaltClimRelax =   /* relaxation time scale (s) */
(PID.TID 0000.0001)                 0.000000000000000E+00
(PID.TID 0000.0001)     ;
(PID.TID 0000.0001) latBandClimRelax =   /* max. Lat. where relaxation */
(PID.TID 0000.0001)                 1.800000000000000E+02
(PID.TID 0000.0001)     ;
(PID.TID 0000.0001) //
(PID.TID 0000.0001) // Gridding paramters ( PARM04 in namelist )
(PID.TID 0000.0001) //
(PID.TID 0000.0001) usingCartesianGrid = /* Cartesian coordinates flag ( True/False ) */
(PID.TID 0000.0001)                   F
(PID.TID 0000.0001)     ;
(PID.TID 0000.0001) usingCylindricalGrid = /* Cylindrical coordinates flag ( True/False ) */
(PID.TID 0000.0001)                   F
(PID.TID 0000.0001)     ;
(PID.TID 0000.0001) usingSphericalPolarGrid = /* Spherical coordinates flag ( True/False ) */
(PID.TID 0000.0001)                   T
(PID.TID 0000.0001)     ;
(PID.TID 0000.0001) usingCurvilinearGrid = /* Curvilinear coordinates flag ( True/False ) */
(PID.TID 0000.0001)                   F
(PID.TID 0000.0001)     ;
(PID.TID 0000.0001) useMin4hFacEdges = /* set hFacW,S as minimum of adjacent hFacC factor */
(PID.TID 0000.0001)                   F
(PID.TID 0000.0001)     ;
(PID.TID 0000.0001) interViscAr_pCell = /* account for partial-cell in interior vert. viscosity */
(PID.TID 0000.0001)                   F
(PID.TID 0000.0001)     ;
(PID.TID 0000.0001) interDiffKr_pCell = /* account for partial-cell in interior vert. diffusion */
(PID.TID 0000.0001)                   F
(PID.TID 0000.0001)     ;
(PID.TID 0000.0001) pCellMix_select = /* option to enhance mixing near surface & bottom */
(PID.TID 0000.0001)                       0
(PID.TID 0000.0001)     ;
(PID.TID 0000.0001) selectSigmaCoord = /* Hybrid-Sigma Vert. Coordinate option */
(PID.TID 0000.0001)                       0
(PID.TID 0000.0001)     ;
(PID.TID 0000.0001) rSigmaBnd = /* r/sigma transition ( units of r ==  m ) */
(PID.TID 0000.0001)                 1.234567000000000E+05
(PID.TID 0000.0001)     ;
(PID.TID 0000.0001) rkSign =   /* index orientation relative to vertical coordinate */
(PID.TID 0000.0001)                -1.000000000000000E+00
(PID.TID 0000.0001)     ;
(PID.TID 0000.0001) gravitySign = /* gravity orientation relative to vertical coordinate */
(PID.TID 0000.0001)                -1.000000000000000E+00
(PID.TID 0000.0001)     ;
(PID.TID 0000.0001) seaLev_Z =  /* reference height of sea-level [m] */
(PID.TID 0000.0001)                 0.000000000000000E+00
(PID.TID 0000.0001)     ;
(PID.TID 0000.0001) top_Pres =  /* reference pressure at the top [Pa] */
(PID.TID 0000.0001)                 0.000000000000000E+00
(PID.TID 0000.0001)     ;
(PID.TID 0000.0001) mass2rUnit = /* convert mass per unit area [kg/m2] to r-units [m] */
(PID.TID 0000.0001)                 1.000200040008002E-03
(PID.TID 0000.0001)     ;
(PID.TID 0000.0001) rUnit2mass = /* convert r-units [m] to mass per unit area [kg/m2] */
(PID.TID 0000.0001)                 9.998000000000000E+02
(PID.TID 0000.0001)     ;
(PID.TID 0000.0001) drC =   /* C spacing ( units of r ) */
(PID.TID 0000.0001)                 2.500000000000000E+01,      /* K =  1 */
(PID.TID 0000.0001)                 5.500000000000000E+01,      /* K =  2 */
(PID.TID 0000.0001)                 6.500000000000000E+01,      /* K =  3 */
(PID.TID 0000.0001)                 7.500000000000000E+01,      /* K =  4 */
(PID.TID 0000.0001)                 8.500000000000000E+01,      /* K =  5 */
(PID.TID 0000.0001)                 9.500000000000000E+01,      /* K =  6 */
(PID.TID 0000.0001)                 1.050000000000000E+02,      /* K =  7 */
(PID.TID 0000.0001)                 1.150000000000000E+02,      /* K =  8 */
(PID.TID 0000.0001)                 1.250000000000000E+02,      /* K =  9 */
(PID.TID 0000.0001)                 1.350000000000000E+02,      /* K = 10 */
(PID.TID 0000.0001)                 1.450000000000000E+02,      /* K = 11 */
(PID.TID 0000.0001)                 1.550000000000000E+02,      /* K = 12 */
(PID.TID 0000.0001)                 1.650000000000000E+02,      /* K = 13 */
(PID.TID 0000.0001)                 1.750000000000000E+02,      /* K = 14 */
(PID.TID 0000.0001)                 1.850000000000000E+02,      /* K = 15 */
(PID.TID 0000.0001)                 9.500000000000000E+01       /* K = 16 */
(PID.TID 0000.0001)     ;
(PID.TID 0000.0001) drF =   /* W spacing ( units of r ) */
(PID.TID 0000.0001)                 5.000000000000000E+01,      /* K =  1 */
(PID.TID 0000.0001)                 6.000000000000000E+01,      /* K =  2 */
(PID.TID 0000.0001)                 7.000000000000000E+01,      /* K =  3 */
(PID.TID 0000.0001)                 8.000000000000000E+01,      /* K =  4 */
(PID.TID 0000.0001)                 9.000000000000000E+01,      /* K =  5 */
(PID.TID 0000.0001)                 1.000000000000000E+02,      /* K =  6 */
(PID.TID 0000.0001)                 1.100000000000000E+02,      /* K =  7 */
(PID.TID 0000.0001)                 1.200000000000000E+02,      /* K =  8 */
(PID.TID 0000.0001)                 1.300000000000000E+02,      /* K =  9 */
(PID.TID 0000.0001)                 1.400000000000000E+02,      /* K = 10 */
(PID.TID 0000.0001)                 1.500000000000000E+02,      /* K = 11 */
(PID.TID 0000.0001)                 1.600000000000000E+02,      /* K = 12 */
(PID.TID 0000.0001)                 1.700000000000000E+02,      /* K = 13 */
(PID.TID 0000.0001)                 1.800000000000000E+02,      /* K = 14 */
(PID.TID 0000.0001)                 1.900000000000000E+02       /* K = 15 */
(PID.TID 0000.0001)     ;
(PID.TID 0000.0001) delX = /* U spacing ( m - cartesian, degrees - spherical ) */
(PID.TID 0000.0001)    62 @  1.000000000000000E+00              /* I =  1: 62 */
(PID.TID 0000.0001)     ;
(PID.TID 0000.0001) delY = /* V spacing ( m - cartesian, degrees - spherical ) */
(PID.TID 0000.0001)    62 @  1.000000000000000E+00              /* J =  1: 62 */
(PID.TID 0000.0001)     ;
(PID.TID 0000.0001) xgOrigin = /* X-axis origin of West  edge (cartesian: m, lat-lon: deg) */
(PID.TID 0000.0001)                -1.000000000000000E+00
(PID.TID 0000.0001)     ;
(PID.TID 0000.0001) ygOrigin = /* Y-axis origin of South edge (cartesian: m, lat-lon: deg) */
(PID.TID 0000.0001)                 1.400000000000000E+01
(PID.TID 0000.0001)     ;
(PID.TID 0000.0001) rSphere =  /* Radius ( ignored - cartesian, m - spherical ) */
(PID.TID 0000.0001)                 6.370000000000000E+06
(PID.TID 0000.0001)     ;
(PID.TID 0000.0001) deepAtmosphere = /* Deep/Shallow Atmosphere flag (True/False) */
(PID.TID 0000.0001)                   F
(PID.TID 0000.0001)     ;
(PID.TID 0000.0001) xC =  /* xC(:,1,:,1) : P-point X coord ( deg. or m if cartesian) */
(PID.TID 0000.0001)                -5.000000000000000E-01,      /* I =  1 */
(PID.TID 0000.0001)                 5.000000000000000E-01,      /* I =  2 */
(PID.TID 0000.0001)                 1.500000000000000E+00,      /* I =  3 */
(PID.TID 0000.0001)                 2.500000000000000E+00,      /* I =  4 */
(PID.TID 0000.0001)                 3.500000000000000E+00,      /* I =  5 */
(PID.TID 0000.0001)                 4.500000000000000E+00,      /* I =  6 */
(PID.TID 0000.0001)                 5.500000000000000E+00,      /* I =  7 */
(PID.TID 0000.0001)                 6.500000000000000E+00,      /* I =  8 */
(PID.TID 0000.0001)                 7.500000000000000E+00,      /* I =  9 */
(PID.TID 0000.0001)                 8.500000000000000E+00,      /* I = 10 */
(PID.TID 0000.0001)                 9.500000000000000E+00,      /* I = 11 */
(PID.TID 0000.0001)                 1.050000000000000E+01,      /* I = 12 */
(PID.TID 0000.0001)                 1.150000000000000E+01,      /* I = 13 */
(PID.TID 0000.0001)                 1.250000000000000E+01,      /* I = 14 */
(PID.TID 0000.0001)                 1.350000000000000E+01,      /* I = 15 */
(PID.TID 0000.0001)                 1.450000000000000E+01,      /* I = 16 */
(PID.TID 0000.0001)                 1.550000000000000E+01,      /* I = 17 */
(PID.TID 0000.0001)                 1.650000000000000E+01,      /* I = 18 */
(PID.TID 0000.0001)                 1.750000000000000E+01,      /* I = 19 */
(PID.TID 0000.0001)                 1.850000000000000E+01,      /* I = 20 */
(PID.TID 0000.0001)                 1.950000000000000E+01,      /* I = 21 */
(PID.TID 0000.0001)                 2.050000000000000E+01,      /* I = 22 */
(PID.TID 0000.0001)                 2.150000000000000E+01,      /* I = 23 */
(PID.TID 0000.0001)                 2.250000000000000E+01,      /* I = 24 */
(PID.TID 0000.0001)                 2.350000000000000E+01,      /* I = 25 */
(PID.TID 0000.0001)                 2.450000000000000E+01,      /* I = 26 */
(PID.TID 0000.0001)                 2.550000000000000E+01,      /* I = 27 */
(PID.TID 0000.0001)                 2.650000000000000E+01,      /* I = 28 */
(PID.TID 0000.0001)                 2.750000000000000E+01,      /* I = 29 */
(PID.TID 0000.0001)                 2.850000000000000E+01,      /* I = 30 */
(PID.TID 0000.0001)                 2.950000000000000E+01       /* I = 31 */
(PID.TID 0000.0001)     ;
(PID.TID 0000.0001) yC =  /* yC(1,:,1,:) : P-point Y coord ( deg. or m if cartesian) */
(PID.TID 0000.0001)                 1.450000000000000E+01,      /* J =  1 */
(PID.TID 0000.0001)                 1.550000000000000E+01,      /* J =  2 */
(PID.TID 0000.0001)                 1.650000000000000E+01,      /* J =  3 */
(PID.TID 0000.0001)                 1.750000000000000E+01,      /* J =  4 */
(PID.TID 0000.0001)                 1.850000000000000E+01,      /* J =  5 */
(PID.TID 0000.0001)                 1.950000000000000E+01,      /* J =  6 */
(PID.TID 0000.0001)                 2.050000000000000E+01,      /* J =  7 */
(PID.TID 0000.0001)                 2.150000000000000E+01,      /* J =  8 */
(PID.TID 0000.0001)                 2.250000000000000E+01,      /* J =  9 */
(PID.TID 0000.0001)                 2.350000000000000E+01,      /* J = 10 */
(PID.TID 0000.0001)                 2.450000000000000E+01,      /* J = 11 */
(PID.TID 0000.0001)                 2.550000000000000E+01,      /* J = 12 */
(PID.TID 0000.0001)                 2.650000000000000E+01,      /* J = 13 */
(PID.TID 0000.0001)                 2.750000000000000E+01,      /* J = 14 */
(PID.TID 0000.0001)                 2.850000000000000E+01,      /* J = 15 */
(PID.TID 0000.0001)                 2.950000000000000E+01,      /* J = 16 */
(PID.TID 0000.0001)                 3.050000000000000E+01,      /* J = 17 */
(PID.TID 0000.0001)                 3.150000000000000E+01,      /* J = 18 */
(PID.TID 0000.0001)                 3.250000000000000E+01,      /* J = 19 */
(PID.TID 0000.0001)                 3.350000000000000E+01,      /* J = 20 */
(PID.TID 0000.0001)                 3.450000000000000E+01,      /* J = 21 */
(PID.TID 0000.0001)                 3.550000000000000E+01,      /* J = 22 */
(PID.TID 0000.0001)                 3.650000000000000E+01,      /* J = 23 */
(PID.TID 0000.0001)                 3.750000000000000E+01,      /* J = 24 */
(PID.TID 0000.0001)                 3.850000000000000E+01,      /* J = 25 */
(PID.TID 0000.0001)                 3.950000000000000E+01,      /* J = 26 */
(PID.TID 0000.0001)                 4.050000000000000E+01,      /* J = 27 */
(PID.TID 0000.0001)                 4.150000000000000E+01,      /* J = 28 */
(PID.TID 0000.0001)                 4.250000000000000E+01,      /* J = 29 */
(PID.TID 0000.0001)                 4.350000000000000E+01,      /* J = 30 */
(PID.TID 0000.0001)                 4.450000000000000E+01       /* J = 31 */
(PID.TID 0000.0001)     ;
(PID.TID 0000.0001) rcoord = /* P-point R coordinate (  units of r ) */
(PID.TID 0000.0001)                -2.500000000000000E+01,      /* K =  1 */
(PID.TID 0000.0001)                -8.000000000000000E+01,      /* K =  2 */
(PID.TID 0000.0001)                -1.450000000000000E+02,      /* K =  3 */
(PID.TID 0000.0001)                -2.200000000000000E+02,      /* K =  4 */
(PID.TID 0000.0001)                -3.050000000000000E+02,      /* K =  5 */
(PID.TID 0000.0001)                -4.000000000000000E+02,      /* K =  6 */
(PID.TID 0000.0001)                -5.050000000000000E+02,      /* K =  7 */
(PID.TID 0000.0001)                -6.200000000000000E+02,      /* K =  8 */
(PID.TID 0000.0001)                -7.450000000000000E+02,      /* K =  9 */
(PID.TID 0000.0001)                -8.800000000000000E+02,      /* K = 10 */
(PID.TID 0000.0001)                -1.025000000000000E+03,      /* K = 11 */
(PID.TID 0000.0001)                -1.180000000000000E+03,      /* K = 12 */
(PID.TID 0000.0001)                -1.345000000000000E+03,      /* K = 13 */
(PID.TID 0000.0001)                -1.520000000000000E+03,      /* K = 14 */
(PID.TID 0000.0001)                -1.705000000000000E+03       /* K = 15 */
(PID.TID 0000.0001)     ;
(PID.TID 0000.0001) rF =   /* W-Interf. R coordinate (  units of r ) */
(PID.TID 0000.0001)                 0.000000000000000E+00,      /* K =  1 */
(PID.TID 0000.0001)                -5.000000000000000E+01,      /* K =  2 */
(PID.TID 0000.0001)                -1.100000000000000E+02,      /* K =  3 */
(PID.TID 0000.0001)                -1.800000000000000E+02,      /* K =  4 */
(PID.TID 0000.0001)                -2.600000000000000E+02,      /* K =  5 */
(PID.TID 0000.0001)                -3.500000000000000E+02,      /* K =  6 */
(PID.TID 0000.0001)                -4.500000000000000E+02,      /* K =  7 */
(PID.TID 0000.0001)                -5.600000000000000E+02,      /* K =  8 */
(PID.TID 0000.0001)                -6.800000000000000E+02,      /* K =  9 */
(PID.TID 0000.0001)                -8.100000000000000E+02,      /* K = 10 */
(PID.TID 0000.0001)                -9.500000000000000E+02,      /* K = 11 */
(PID.TID 0000.0001)                -1.100000000000000E+03,      /* K = 12 */
(PID.TID 0000.0001)                -1.260000000000000E+03,      /* K = 13 */
(PID.TID 0000.0001)                -1.430000000000000E+03,      /* K = 14 */
(PID.TID 0000.0001)                -1.610000000000000E+03,      /* K = 15 */
(PID.TID 0000.0001)                -1.800000000000000E+03       /* K = 16 */
(PID.TID 0000.0001)     ;
(PID.TID 0000.0001) deepFacC = /* deep-model grid factor @ cell-Center (-) */
(PID.TID 0000.0001)    15 @  1.000000000000000E+00              /* K =  1: 15 */
(PID.TID 0000.0001)     ;
(PID.TID 0000.0001) deepFacF = /* deep-model grid factor @ W-Interface (-) */
(PID.TID 0000.0001)    16 @  1.000000000000000E+00              /* K =  1: 16 */
(PID.TID 0000.0001)     ;
(PID.TID 0000.0001) rVel2wUnit = /* convert units: rVel -> wSpeed (=1 if z-coord)*/
(PID.TID 0000.0001)    16 @  1.000000000000000E+00              /* K =  1: 16 */
(PID.TID 0000.0001)     ;
(PID.TID 0000.0001) wUnit2rVel = /* convert units: wSpeed -> rVel (=1 if z-coord)*/
(PID.TID 0000.0001)    16 @  1.000000000000000E+00              /* K =  1: 16 */
(PID.TID 0000.0001)     ;
(PID.TID 0000.0001) dBdrRef = /* Vertical grad. of reference buoyancy [(m/s/r)^2] */
(PID.TID 0000.0001)                 0.000000000000000E+00,      /* K =  1 */
(PID.TID 0000.0001)                 1.070181818181818E-04,      /* K =  2 */
(PID.TID 0000.0001)                 9.055384615384615E-05,      /* K =  3 */
(PID.TID 0000.0001)                 7.848000000000002E-05,      /* K =  4 */
(PID.TID 0000.0001)                 6.924705882352942E-05,      /* K =  5 */
(PID.TID 0000.0001)                 6.195789473684211E-05,      /* K =  6 */
(PID.TID 0000.0001)                 3.737142857142858E-05,      /* K =  7 */
(PID.TID 0000.0001)                 3.412173913043479E-05,      /* K =  8 */
(PID.TID 0000.0001)                 3.139200000000000E-05,      /* K =  9 */
(PID.TID 0000.0001)                 2.906666666666667E-05,      /* K = 10 */
(PID.TID 0000.0001)                 1.353103448275862E-05,      /* K = 11 */
(PID.TID 0000.0001)                 1.265806451612903E-05,      /* K = 12 */
(PID.TID 0000.0001)                 1.189090909090909E-05,      /* K = 13 */
(PID.TID 0000.0001)                 1.121142857142857E-05,      /* K = 14 */
(PID.TID 0000.0001)                 1.060540540540541E-05       /* K = 15 */
(PID.TID 0000.0001)     ;
(PID.TID 0000.0001) rotateGrid = /* use rotated grid ( True/False ) */
(PID.TID 0000.0001)                   F
(PID.TID 0000.0001)     ;
(PID.TID 0000.0001) phiEuler = /* Euler angle, rotation about original z-coordinate [rad] */
(PID.TID 0000.0001)                 0.000000000000000E+00
(PID.TID 0000.0001)     ;
(PID.TID 0000.0001) thetaEuler = /* Euler angle, rotation about new x-coordinate [rad] */
(PID.TID 0000.0001)                 0.000000000000000E+00
(PID.TID 0000.0001)     ;
(PID.TID 0000.0001) psiEuler = /* Euler angle, rotation about new z-coordinate [rad] */
(PID.TID 0000.0001)                 0.000000000000000E+00
(PID.TID 0000.0001)     ;
(PID.TID 0000.0001) dxF =  /* dxF(:,1,:,1) ( units: m ) */
(PID.TID 0000.0001)    31 @  1.076362084889763E+05              /* I =  1: 31 */
(PID.TID 0000.0001)     ;
(PID.TID 0000.0001) dxF =  /* dxF(1,:,1,:) ( units: m ) */
(PID.TID 0000.0001)                 1.076362084889763E+05,      /* J =  1 */
(PID.TID 0000.0001)                 1.071339990328148E+05,      /* J =  2 */
(PID.TID 0000.0001)                 1.065991555227175E+05,      /* J =  3 */
(PID.TID 0000.0001)                 1.060318408771987E+05,      /* J =  4 */
(PID.TID 0000.0001)                 1.054322279057952E+05,      /* J =  5 */
(PID.TID 0000.0001)                 1.048004992564268E+05,      /* J =  6 */
(PID.TID 0000.0001)                 1.041368473597596E+05,      /* J =  7 */
(PID.TID 0000.0001)                 1.034414743705903E+05,      /* J =  8 */
(PID.TID 0000.0001)                 1.027145921062676E+05,      /* J =  9 */
(PID.TID 0000.0001)                 1.019564219821708E+05,      /* J = 10 */
(PID.TID 0000.0001)                 1.011671949442642E+05,      /* J = 11 */
(PID.TID 0000.0001)                 1.003471513987490E+05,      /* J = 12 */
(PID.TID 0000.0001)                 9.949654113883297E+04,      /* J = 13 */
(PID.TID 0000.0001)                 9.861562326864146E+04,      /* J = 14 */
(PID.TID 0000.0001)                 9.770466612429130E+04,      /* J = 15 */
(PID.TID 0000.0001)                 9.676394719215337E+04,      /* J = 16 */
(PID.TID 0000.0001)                 9.579375302432729E+04,      /* J = 17 */
(PID.TID 0000.0001)                 9.479437915135507E+04,      /* J = 18 */
(PID.TID 0000.0001)                 9.376612999219958E+04,      /* J = 19 */
(PID.TID 0000.0001)                 9.270931876151556E+04,      /* J = 20 */
(PID.TID 0000.0001)                 9.162426737424145E+04,      /* J = 21 */
(PID.TID 0000.0001)                 9.051130634754094E+04,      /* J = 22 */
(PID.TID 0000.0001)                 8.937077470012424E+04,      /* J = 23 */
(PID.TID 0000.0001)                 8.820301984897976E+04,      /* J = 24 */
(PID.TID 0000.0001)                 8.700839750354746E+04,      /* J = 25 */
(PID.TID 0000.0001)                 8.578727155736629E+04,      /* J = 26 */
(PID.TID 0000.0001)                 8.454001397722879E+04,      /* J = 27 */
(PID.TID 0000.0001)                 8.326700468987631E+04,      /* J = 28 */
(PID.TID 0000.0001)                 8.196863146626971E+04,      /* J = 29 */
(PID.TID 0000.0001)                 8.064528980347053E+04,      /* J = 30 */
(PID.TID 0000.0001)                 7.929738280416874E+04       /* J = 31 */
(PID.TID 0000.0001)     ;
(PID.TID 0000.0001) dyF =  /* dyF(:,1,:,1) ( units: m ) */
(PID.TID 0000.0001)    31 @  1.111774733520388E+05              /* I =  1: 31 */
(PID.TID 0000.0001)     ;
(PID.TID 0000.0001) dyF =  /* dyF(1,:,1,:) ( units: m ) */
(PID.TID 0000.0001)    31 @  1.111774733520388E+05              /* J =  1: 31 */
(PID.TID 0000.0001)     ;
(PID.TID 0000.0001) dxG =  /* dxG(:,1,:,1) ( units: m ) */
(PID.TID 0000.0001)    31 @  1.078750272516468E+05              /* I =  1: 31 */
(PID.TID 0000.0001)     ;
(PID.TID 0000.0001) dxG =  /* dxG(1,:,1,:) ( units: m ) */
(PID.TID 0000.0001)                 1.078750272516468E+05,      /* J =  1 */
(PID.TID 0000.0001)                 1.073891928122990E+05,      /* J =  2 */
(PID.TID 0000.0001)                 1.068706465845181E+05,      /* J =  3 */
(PID.TID 0000.0001)                 1.063195465225083E+05,      /* J =  4 */
(PID.TID 0000.0001)                 1.057360604966873E+05,      /* J =  5 */
(PID.TID 0000.0001)                 1.051203662425507E+05,      /* J =  6 */
(PID.TID 0000.0001)                 1.044726513065328E+05,      /* J =  7 */
(PID.TID 0000.0001)                 1.037931129888776E+05,      /* J =  8 */
(PID.TID 0000.0001)                 1.030819582835396E+05,      /* J =  9 */
(PID.TID 0000.0001)                 1.023394038151311E+05,      /* J = 10 */
(PID.TID 0000.0001)                 1.015656757729363E+05,      /* J = 11 */
(PID.TID 0000.0001)                 1.007610098420124E+05,      /* J = 12 */
(PID.TID 0000.0001)                 9.992565113139673E+04,      /* J = 13 */
(PID.TID 0000.0001)                 9.905985409944496E+04,      /* J = 14 */
(PID.TID 0000.0001)                 9.816388247632013E+04,      /* J = 15 */
(PID.TID 0000.0001)                 9.723800918365814E+04,      /* J = 16 */
(PID.TID 0000.0001)                 9.628251625143306E+04,      /* J = 17 */
(PID.TID 0000.0001)                 9.529769473204810E+04,      /* J = 18 */
(PID.TID 0000.0001)                 9.428384461167829E+04,      /* J = 19 */
(PID.TID 0000.0001)                 9.324127471889161E+04,      /* J = 20 */
(PID.TID 0000.0001)                 9.217030263057708E+04,      /* J = 21 */
(PID.TID 0000.0001)                 9.107125457520749E+04,      /* J = 22 */
(PID.TID 0000.0001)                 8.994446533346726E+04,      /* J = 23 */
(PID.TID 0000.0001)                 8.879027813627482E+04,      /* J = 24 */
(PID.TID 0000.0001)                 8.760904456023136E+04,      /* J = 25 */
(PID.TID 0000.0001)                 8.640112442052698E+04,      /* J = 26 */
(PID.TID 0000.0001)                 8.516688566133760E+04,      /* J = 27 */
(PID.TID 0000.0001)                 8.390670424374563E+04,      /* J = 28 */
(PID.TID 0000.0001)                 8.262096403121852E+04,      /* J = 29 */
(PID.TID 0000.0001)                 8.131005667268026E+04,      /* J = 30 */
(PID.TID 0000.0001)                 7.997438148321131E+04       /* J = 31 */
(PID.TID 0000.0001)     ;
(PID.TID 0000.0001) dyG =  /* dyG(:,1,:,1) ( units: m ) */
(PID.TID 0000.0001)    31 @  1.111774733520388E+05              /* I =  1: 31 */
(PID.TID 0000.0001)     ;
(PID.TID 0000.0001) dyG =  /* dyG(1,:,1,:) ( units: m ) */
(PID.TID 0000.0001)    31 @  1.111774733520388E+05              /* J =  1: 31 */
(PID.TID 0000.0001)     ;
(PID.TID 0000.0001) dxC =  /* dxC(:,1,:,1) ( units: m ) */
(PID.TID 0000.0001)    31 @  1.076362084889763E+05              /* I =  1: 31 */
(PID.TID 0000.0001)     ;
(PID.TID 0000.0001) dxC =  /* dxC(1,:,1,:) ( units: m ) */
(PID.TID 0000.0001)                 1.076362084889763E+05,      /* J =  1 */
(PID.TID 0000.0001)                 1.071339990328148E+05,      /* J =  2 */
(PID.TID 0000.0001)                 1.065991555227175E+05,      /* J =  3 */
(PID.TID 0000.0001)                 1.060318408771987E+05,      /* J =  4 */
(PID.TID 0000.0001)                 1.054322279057952E+05,      /* J =  5 */
(PID.TID 0000.0001)                 1.048004992564268E+05,      /* J =  6 */
(PID.TID 0000.0001)                 1.041368473597596E+05,      /* J =  7 */
(PID.TID 0000.0001)                 1.034414743705903E+05,      /* J =  8 */
(PID.TID 0000.0001)                 1.027145921062676E+05,      /* J =  9 */
(PID.TID 0000.0001)                 1.019564219821708E+05,      /* J = 10 */
(PID.TID 0000.0001)                 1.011671949442642E+05,      /* J = 11 */
(PID.TID 0000.0001)                 1.003471513987490E+05,      /* J = 12 */
(PID.TID 0000.0001)                 9.949654113883297E+04,      /* J = 13 */
(PID.TID 0000.0001)                 9.861562326864146E+04,      /* J = 14 */
(PID.TID 0000.0001)                 9.770466612429130E+04,      /* J = 15 */
(PID.TID 0000.0001)                 9.676394719215337E+04,      /* J = 16 */
(PID.TID 0000.0001)                 9.579375302432729E+04,      /* J = 17 */
(PID.TID 0000.0001)                 9.479437915135507E+04,      /* J = 18 */
(PID.TID 0000.0001)                 9.376612999219958E+04,      /* J = 19 */
(PID.TID 0000.0001)                 9.270931876151556E+04,      /* J = 20 */
(PID.TID 0000.0001)                 9.162426737424145E+04,      /* J = 21 */
(PID.TID 0000.0001)                 9.051130634754094E+04,      /* J = 22 */
(PID.TID 0000.0001)                 8.937077470012424E+04,      /* J = 23 */
(PID.TID 0000.0001)                 8.820301984897976E+04,      /* J = 24 */
(PID.TID 0000.0001)                 8.700839750354746E+04,      /* J = 25 */
(PID.TID 0000.0001)                 8.578727155736629E+04,      /* J = 26 */
(PID.TID 0000.0001)                 8.454001397722879E+04,      /* J = 27 */
(PID.TID 0000.0001)                 8.326700468987631E+04,      /* J = 28 */
(PID.TID 0000.0001)                 8.196863146626971E+04,      /* J = 29 */
(PID.TID 0000.0001)                 8.064528980347053E+04,      /* J = 30 */
(PID.TID 0000.0001)                 7.929738280416874E+04       /* J = 31 */
(PID.TID 0000.0001)     ;
(PID.TID 0000.0001) dyC =  /* dyC(:,1,:,1) ( units: m ) */
(PID.TID 0000.0001)    31 @  1.111774733520388E+05              /* I =  1: 31 */
(PID.TID 0000.0001)     ;
(PID.TID 0000.0001) dyC =  /* dyC(1,:,1,:) ( units: m ) */
(PID.TID 0000.0001)    31 @  1.111774733520388E+05              /* J =  1: 31 */
(PID.TID 0000.0001)     ;
(PID.TID 0000.0001) dxV =  /* dxV(:,1,:,1) ( units: m ) */
(PID.TID 0000.0001)    31 @  1.078750272516468E+05              /* I =  1: 31 */
(PID.TID 0000.0001)     ;
(PID.TID 0000.0001) dxV =  /* dxV(1,:,1,:) ( units: m ) */
(PID.TID 0000.0001)                 1.078750272516468E+05,      /* J =  1 */
(PID.TID 0000.0001)                 1.073891928122990E+05,      /* J =  2 */
(PID.TID 0000.0001)                 1.068706465845181E+05,      /* J =  3 */
(PID.TID 0000.0001)                 1.063195465225083E+05,      /* J =  4 */
(PID.TID 0000.0001)                 1.057360604966873E+05,      /* J =  5 */
(PID.TID 0000.0001)                 1.051203662425507E+05,      /* J =  6 */
(PID.TID 0000.0001)                 1.044726513065328E+05,      /* J =  7 */
(PID.TID 0000.0001)                 1.037931129888776E+05,      /* J =  8 */
(PID.TID 0000.0001)                 1.030819582835396E+05,      /* J =  9 */
(PID.TID 0000.0001)                 1.023394038151311E+05,      /* J = 10 */
(PID.TID 0000.0001)                 1.015656757729363E+05,      /* J = 11 */
(PID.TID 0000.0001)                 1.007610098420124E+05,      /* J = 12 */
(PID.TID 0000.0001)                 9.992565113139673E+04,      /* J = 13 */
(PID.TID 0000.0001)                 9.905985409944496E+04,      /* J = 14 */
(PID.TID 0000.0001)                 9.816388247632013E+04,      /* J = 15 */
(PID.TID 0000.0001)                 9.723800918365814E+04,      /* J = 16 */
(PID.TID 0000.0001)                 9.628251625143306E+04,      /* J = 17 */
(PID.TID 0000.0001)                 9.529769473204810E+04,      /* J = 18 */
(PID.TID 0000.0001)                 9.428384461167829E+04,      /* J = 19 */
(PID.TID 0000.0001)                 9.324127471889161E+04,      /* J = 20 */
(PID.TID 0000.0001)                 9.217030263057708E+04,      /* J = 21 */
(PID.TID 0000.0001)                 9.107125457520749E+04,      /* J = 22 */
(PID.TID 0000.0001)                 8.994446533346726E+04,      /* J = 23 */
(PID.TID 0000.0001)                 8.879027813627482E+04,      /* J = 24 */
(PID.TID 0000.0001)                 8.760904456023136E+04,      /* J = 25 */
(PID.TID 0000.0001)                 8.640112442052698E+04,      /* J = 26 */
(PID.TID 0000.0001)                 8.516688566133760E+04,      /* J = 27 */
(PID.TID 0000.0001)                 8.390670424374563E+04,      /* J = 28 */
(PID.TID 0000.0001)                 8.262096403121852E+04,      /* J = 29 */
(PID.TID 0000.0001)                 8.131005667268026E+04,      /* J = 30 */
(PID.TID 0000.0001)                 7.997438148321131E+04       /* J = 31 */
(PID.TID 0000.0001)     ;
(PID.TID 0000.0001) dyU =  /* dyU(:,1,:,1) ( units: m ) */
(PID.TID 0000.0001)    31 @  1.111774733520388E+05              /* I =  1: 31 */
(PID.TID 0000.0001)     ;
(PID.TID 0000.0001) dyU =  /* dyU(1,:,1,:) ( units: m ) */
(PID.TID 0000.0001)    31 @  1.111774733520388E+05              /* J =  1: 31 */
(PID.TID 0000.0001)     ;
(PID.TID 0000.0001) rA  =  /* rA (:,1,:,1) ( units: m^2 ) */
(PID.TID 0000.0001)    31 @  1.196656981524733E+10              /* I =  1: 31 */
(PID.TID 0000.0001)     ;
(PID.TID 0000.0001) rA  =  /* rA (1,:,1,:) ( units: m^2 ) */
(PID.TID 0000.0001)                 1.196656981524733E+10,      /* J =  1 */
(PID.TID 0000.0001)                 1.191073614548694E+10,      /* J =  2 */
(PID.TID 0000.0001)                 1.185127435011474E+10,      /* J =  3 */
(PID.TID 0000.0001)                 1.178820254176960E+10,      /* J =  4 */
(PID.TID 0000.0001)                 1.172153993273539E+10,      /* J =  5 */
(PID.TID 0000.0001)                 1.165130682908854E+10,      /* J =  6 */
(PID.TID 0000.0001)                 1.157752462451282E+10,      /* J =  7 */
(PID.TID 0000.0001)                 1.150021579378240E+10,      /* J =  8 */
(PID.TID 0000.0001)                 1.141940388591624E+10,      /* J =  9 */
(PID.TID 0000.0001)                 1.133511351700411E+10,      /* J = 10 */
(PID.TID 0000.0001)                 1.124737036270893E+10,      /* J = 11 */
(PID.TID 0000.0001)                 1.115620115044562E+10,      /* J = 12 */
(PID.TID 0000.0001)                 1.106163365123932E+10,      /* J = 13 */
(PID.TID 0000.0001)                 1.096369667126643E+10,      /* J = 14 */
(PID.TID 0000.0001)                 1.086242004307971E+10,      /* J = 15 */
(PID.TID 0000.0001)                 1.075783461652121E+10,      /* J = 16 */
(PID.TID 0000.0001)                 1.064997224932518E+10,      /* J = 17 */
(PID.TID 0000.0001)                 1.053886579741327E+10,      /* J = 18 */
(PID.TID 0000.0001)                 1.042454910488719E+10,      /* J = 19 */
(PID.TID 0000.0001)                 1.030705699371901E+10,      /* J = 20 */
(PID.TID 0000.0001)                 1.018642525314361E+10,      /* J = 21 */
(PID.TID 0000.0001)                 1.006269062875826E+10,      /* J = 22 */
(PID.TID 0000.0001)                 9.935890811327726E+09,      /* J = 23 */
(PID.TID 0000.0001)                 9.806064425305017E+09,      /* J = 24 */
(PID.TID 0000.0001)                 9.673251017064857E+09,      /* J = 25 */
(PID.TID 0000.0001)                 9.537491042857967E+09,      /* J = 26 */
(PID.TID 0000.0001)                 9.398825856487764E+09,      /* J = 27 */
(PID.TID 0000.0001)                 9.257297696713127E+09,      /* J = 28 */
(PID.TID 0000.0001)                 9.112949674382658E+09,      /* J = 29 */
(PID.TID 0000.0001)                 8.965825759302095E+09,      /* J = 30 */
(PID.TID 0000.0001)                 8.815970766841616E+09       /* J = 31 */
(PID.TID 0000.0001)     ;
(PID.TID 0000.0001) rAw =  /* rAw(:,1,:,1) ( units: m^2 ) */
(PID.TID 0000.0001)    31 @  1.196656981524733E+10              /* I =  1: 31 */
(PID.TID 0000.0001)     ;
(PID.TID 0000.0001) rAw =  /* rAw(1,:,1,:) ( units: m^2 ) */
(PID.TID 0000.0001)                 1.196656981524733E+10,      /* J =  1 */
(PID.TID 0000.0001)                 1.191073614548694E+10,      /* J =  2 */
(PID.TID 0000.0001)                 1.185127435011474E+10,      /* J =  3 */
(PID.TID 0000.0001)                 1.178820254176960E+10,      /* J =  4 */
(PID.TID 0000.0001)                 1.172153993273539E+10,      /* J =  5 */
(PID.TID 0000.0001)                 1.165130682908854E+10,      /* J =  6 */
(PID.TID 0000.0001)                 1.157752462451282E+10,      /* J =  7 */
(PID.TID 0000.0001)                 1.150021579378240E+10,      /* J =  8 */
(PID.TID 0000.0001)                 1.141940388591624E+10,      /* J =  9 */
(PID.TID 0000.0001)                 1.133511351700411E+10,      /* J = 10 */
(PID.TID 0000.0001)                 1.124737036270893E+10,      /* J = 11 */
(PID.TID 0000.0001)                 1.115620115044562E+10,      /* J = 12 */
(PID.TID 0000.0001)                 1.106163365123932E+10,      /* J = 13 */
(PID.TID 0000.0001)                 1.096369667126643E+10,      /* J = 14 */
(PID.TID 0000.0001)                 1.086242004307971E+10,      /* J = 15 */
(PID.TID 0000.0001)                 1.075783461652121E+10,      /* J = 16 */
(PID.TID 0000.0001)                 1.064997224932518E+10,      /* J = 17 */
(PID.TID 0000.0001)                 1.053886579741327E+10,      /* J = 18 */
(PID.TID 0000.0001)                 1.042454910488719E+10,      /* J = 19 */
(PID.TID 0000.0001)                 1.030705699371901E+10,      /* J = 20 */
(PID.TID 0000.0001)                 1.018642525314361E+10,      /* J = 21 */
(PID.TID 0000.0001)                 1.006269062875826E+10,      /* J = 22 */
(PID.TID 0000.0001)                 9.935890811327726E+09,      /* J = 23 */
(PID.TID 0000.0001)                 9.806064425305017E+09,      /* J = 24 */
(PID.TID 0000.0001)                 9.673251017064857E+09,      /* J = 25 */
(PID.TID 0000.0001)                 9.537491042857967E+09,      /* J = 26 */
(PID.TID 0000.0001)                 9.398825856487764E+09,      /* J = 27 */
(PID.TID 0000.0001)                 9.257297696713127E+09,      /* J = 28 */
(PID.TID 0000.0001)                 9.112949674382658E+09,      /* J = 29 */
(PID.TID 0000.0001)                 8.965825759302095E+09,      /* J = 30 */
(PID.TID 0000.0001)                 8.815970766841616E+09       /* J = 31 */
(PID.TID 0000.0001)     ;
(PID.TID 0000.0001) rAs =  /* rAs(:,1,:,1) ( units: m^2 ) */
(PID.TID 0000.0001)    31 @  1.199312074487231E+10              /* I =  1: 31 */
(PID.TID 0000.0001)     ;
(PID.TID 0000.0001) rAs =  /* rAs(1,:,1,:) ( units: m^2 ) */
(PID.TID 0000.0001)                 1.199312074487231E+10,      /* J =  1 */
(PID.TID 0000.0001)                 1.193910758500046E+10,      /* J =  2 */
(PID.TID 0000.0001)                 1.188145765730160E+10,      /* J =  3 */
(PID.TID 0000.0001)                 1.182018852250200E+10,      /* J =  4 */
(PID.TID 0000.0001)                 1.175531884377381E+10,      /* J =  5 */
(PID.TID 0000.0001)                 1.168686838104932E+10,      /* J =  6 */
(PID.TID 0000.0001)                 1.161485798500282E+10,      /* J =  7 */
(PID.TID 0000.0001)                 1.153930959069842E+10,      /* J =  8 */
(PID.TID 0000.0001)                 1.146024621090888E+10,      /* J =  9 */
(PID.TID 0000.0001)                 1.137769192910564E+10,      /* J = 10 */
(PID.TID 0000.0001)                 1.129167189212251E+10,      /* J = 11 */
(PID.TID 0000.0001)                 1.120221230249629E+10,      /* J = 12 */
(PID.TID 0000.0001)                 1.110934041048438E+10,      /* J = 13 */
(PID.TID 0000.0001)                 1.101308450576488E+10,      /* J = 14 */
(PID.TID 0000.0001)                 1.091347390881877E+10,      /* J = 15 */
(PID.TID 0000.0001)                 1.081053896199882E+10,      /* J = 16 */
(PID.TID 0000.0001)                 1.070431102028697E+10,      /* J = 17 */
(PID.TID 0000.0001)                 1.059482244174344E+10,      /* J = 18 */
(PID.TID 0000.0001)                 1.048210657764977E+10,      /* J = 19 */
(PID.TID 0000.0001)                 1.036619776235010E+10,      /* J = 20 */
(PID.TID 0000.0001)                 1.024713130279231E+10,      /* J = 21 */
(PID.TID 0000.0001)                 1.012494346777366E+10,      /* J = 22 */
(PID.TID 0000.0001)                 9.999671476892084E+09,      /* J = 23 */
(PID.TID 0000.0001)                 9.871353489209755E+09,      /* J = 24 */
(PID.TID 0000.0001)                 9.740028591628616E+09,      /* J = 25 */
(PID.TID 0000.0001)                 9.605736786984573E+09,      /* J = 26 */
(PID.TID 0000.0001)                 9.468518981862591E+09,      /* J = 27 */
(PID.TID 0000.0001)                 9.328416974134933E+09,      /* J = 28 */
(PID.TID 0000.0001)                 9.185473440230581E+09,      /* J = 29 */
(PID.TID 0000.0001)                 9.039731922134653E+09,      /* J = 30 */
(PID.TID 0000.0001)                 8.891236814125528E+09       /* J = 31 */
(PID.TID 0000.0001)     ;
(PID.TID 0000.0001) globalArea = /* Integrated horizontal Area (m^2) */
(PID.TID 0000.0001)                 3.004640278222630E+13
(PID.TID 0000.0001)     ;
(PID.TID 0000.0001) // =======================================================
(PID.TID 0000.0001) // End of Model config. summary
(PID.TID 0000.0001) // =======================================================
(PID.TID 0000.0001) 
(PID.TID 0000.0001) == Packages configuration : Check & print summary ==
(PID.TID 0000.0001) 
(PID.TID 0000.0001) CTRL_CHECK:  --> Starts to check CTRL set-up
(PID.TID 0000.0001) CTRL_CHECK:  <-- Ends Normally
(PID.TID 0000.0001) 
(PID.TID 0000.0001) COST_CHECK: #define ALLOW_COST
(PID.TID 0000.0001) GRDCHK_CHECK: grdchk package
(PID.TID 0000.0001) GAD_CHECK: #define ALLOW_GENERIC_ADVDIFF
(PID.TID 0000.0001) // =======================================================
(PID.TID 0000.0001) // Check Model config. (CONFIG_CHECK):
(PID.TID 0000.0001) // CONFIG_CHECK : Normal End
(PID.TID 0000.0001) // =======================================================
(PID.TID 0000.0001) 
(PID.TID 0000.0001)  nRecords = 108 ; filePrec =  64 ; fileIter =   3111120
(PID.TID 0000.0001)     nDims =   2 , dims:
(PID.TID 0000.0001)    1:  62   1  62
(PID.TID 0000.0001)    2:  62   1  62
(PID.TID 0000.0001)     nFlds =  10 , nFl3D =   7 , fields:
(PID.TID 0000.0001)  >Uvel    < >Vvel    < >Theta   < >Salt    < >GuNm1   < >GvNm1   < >GtNm1   < >EtaN    < >dEtaHdt < >EtaH    <
(PID.TID 0000.0001) missingVal=  1.00000000000000E+00 ; nTimRec =   1 , timeList:
(PID.TID 0000.0001)   3.733344000000E+09
(PID.TID 0000.0001) READ_MFLDS_3D_RL: read field: "Uvel    ", #   1 in fldList, rec=   1
(PID.TID 0000.0001) READ_MFLDS_3D_RL: read field: "Vvel    ", #   2 in fldList, rec=   2
(PID.TID 0000.0001) READ_MFLDS_3D_RL: read field: "Theta   ", #   3 in fldList, rec=   3
(PID.TID 0000.0001) READ_MFLDS_3D_RL: read field: "Salt    ", #   4 in fldList, rec=   4
(PID.TID 0000.0001) READ_MFLDS_3D_RL: read field: "GuNm1   ", #   5 in fldList, rec=   5
(PID.TID 0000.0001) READ_MFLDS_3D_RL: read field: "GvNm1   ", #   6 in fldList, rec=   6
(PID.TID 0000.0001) READ_MFLDS_3D_RL: read field: "GtNm1   ", #   7 in fldList, rec=   7
(PID.TID 0000.0001) READ_MFLDS_3D_RL: read field: "EtaN    ", #   8 in fldList, rec= 106
(PID.TID 0000.0001) READ_MFLDS_3D_RL: read field: "dEtaHdt ", #   9 in fldList, rec= 107
(PID.TID 0000.0001) READ_MFLDS_CHECK: - normal end ; reset MFLDS file-name: pickup.0003111120
(PID.TID 0000.0001) // =======================================================
(PID.TID 0000.0001) // Model current state
(PID.TID 0000.0001) // =======================================================
(PID.TID 0000.0001) 
(PID.TID 0000.0001) whio : write lev 3 rec   1
(PID.TID 0000.0001) SOLVE_FOR_PRESSURE: putPmEinXvector =    F
 cg2d: Sum(rhs),rhsMax =   8.52651282912120E-13  1.99900718163814E+00
 cg2d: Sum(rhs),rhsMax =   7.81597009336110E-13  1.99891722427463E+00
 cg2d: Sum(rhs),rhsMax =   1.50635059981141E-12  1.99882649286104E+00
 cg2d: Sum(rhs),rhsMax =   5.82645043323282E-13  1.99873498159962E+00
 cg2d: Sum(rhs),rhsMax =   9.37916411203332E-13  1.99864269010628E+00
 cg2d: Sum(rhs),rhsMax =   3.26849658449646E-13  1.99854961876264E+00
 cg2d: Sum(rhs),rhsMax =   4.54747350886464E-13  1.99845576788955E+00
 cg2d: Sum(rhs),rhsMax =   5.25801624462474E-13  1.99836113784468E+00
 cg2d: Sum(rhs),rhsMax =   3.41060513164848E-13  1.99826572897853E+00
 cg2d: Sum(rhs),rhsMax =   9.37916411203332E-13  1.99816954154800E+00
 cg2d: Sum(rhs),rhsMax =   3.69482222595252E-13  1.99807257570752E+00
 cg2d: Sum(rhs),rhsMax =   9.37916411203332E-13  1.99797483157076E+00
 cg2d: Sum(rhs),rhsMax =   4.97379915032070E-13  1.99787630928802E+00
 cg2d: Sum(rhs),rhsMax =   8.52651282912120E-13  1.99777700909586E+00
 cg2d: Sum(rhs),rhsMax =   8.24229573481716E-13  1.99767693132623E+00
 cg2d: Sum(rhs),rhsMax =   5.68434188608080E-13  1.99757607638737E+00
 cg2d: Sum(rhs),rhsMax =   7.10542735760100E-13  1.99747444473723E+00
 cg2d: Sum(rhs),rhsMax =   8.81072992342524E-13  1.99737203686449E+00
 cg2d: Sum(rhs),rhsMax =   6.25277607468888E-13  1.99726885328106E+00
 cg2d: Sum(rhs),rhsMax =   7.81597009336110E-13  1.99716489452377E+00
 cg2d: Sum(rhs),rhsMax =   3.12638803734444E-13  1.99706016115903E+00
 cg2d: Sum(rhs),rhsMax =   3.83693077310454E-13  1.99695465378713E+00
 cg2d: Sum(rhs),rhsMax =   5.68434188608080E-13  1.99684837304370E+00
 cg2d: Sum(rhs),rhsMax =   4.26325641456060E-13  1.99674131959909E+00
 cg2d: Sum(rhs),rhsMax =   3.83693077310454E-13  1.99663349415570E+00
 cg2d: Sum(rhs),rhsMax =   5.40012479177676E-13  1.99652489744398E+00
 cg2d: Sum(rhs),rhsMax =   5.68434188608080E-13  1.99641553021776E+00
 cg2d: Sum(rhs),rhsMax =   7.67386154620908E-13  1.99630539324887E+00
 cg2d: Sum(rhs),rhsMax =   1.26476606965298E-12  1.99619448732192E+00
 cg2d: Sum(rhs),rhsMax =   3.26849658449646E-13  1.99608281322969E+00
 cg2d: Sum(rhs),rhsMax =  -2.41584530158434E-13  1.99597037176933E+00
 cg2d: Sum(rhs),rhsMax =   6.82121026329696E-13  1.99585716374004E+00
 cg2d: Sum(rhs),rhsMax =   7.38964445190504E-13  1.99574318994199E+00
 cg2d: Sum(rhs),rhsMax =   4.83169060316868E-13  1.99562845117595E+00
 cg2d: Sum(rhs),rhsMax =   8.52651282912120E-13  1.99551294824340E+00
 cg2d: Sum(rhs),rhsMax =   5.54223333892878E-13  1.99539668194636E+00
 cg2d: Sum(rhs),rhsMax =   7.81597009336110E-13  1.99527965308675E+00
 cg2d: Sum(rhs),rhsMax =   8.66862137627322E-13  1.99516186246490E+00
 cg2d: Sum(rhs),rhsMax =   6.39488462184090E-13  1.99504331087728E+00
 cg2d: Sum(rhs),rhsMax =   7.10542735760100E-14  1.99492399911349E+00
 cg2d: Sum(rhs),rhsMax =   1.70530256582424E-13  1.99480392795287E+00
 cg2d: Sum(rhs),rhsMax =   7.38964445190504E-13  1.99468309816143E+00
 cg2d: Sum(rhs),rhsMax =   9.80548975348938E-13  1.99456151048905E+00
 cg2d: Sum(rhs),rhsMax =   8.52651282912120E-13  1.99443916566721E+00
 cg2d: Sum(rhs),rhsMax =   1.12265752250096E-12  1.99431606440727E+00
 cg2d: Sum(rhs),rhsMax =   6.11066752753686E-13  1.99419220739920E+00
 cg2d: Sum(rhs),rhsMax =   6.82121026329696E-13  1.99406759531059E+00
 cg2d: Sum(rhs),rhsMax =   4.40536496171262E-13  1.99394222878600E+00
 cg2d: Sum(rhs),rhsMax =   5.11590769747272E-13  1.99381610844648E+00
 cg2d: Sum(rhs),rhsMax =   6.25277607468888E-13  1.99368923488917E+00
 cg2d: Sum(rhs),rhsMax =   1.06581410364015E-12  1.99356160868705E+00
 cg2d: Sum(rhs),rhsMax =   6.53699316899292E-13  1.99343323038886E+00
 cg2d: Sum(rhs),rhsMax =   5.11590769747272E-13  1.99330410051913E+00
 cg2d: Sum(rhs),rhsMax =   8.10018718766514E-13  1.99317421957839E+00
 cg2d: Sum(rhs),rhsMax =   7.38964445190504E-13  1.99304358804364E+00
 cg2d: Sum(rhs),rhsMax =   1.06581410364015E-12  1.99291220636902E+00
 cg2d: Sum(rhs),rhsMax =   4.97379915032070E-13  1.99278007498672E+00
 cg2d: Sum(rhs),rhsMax =   7.95807864051312E-13  1.99264719430797E+00
 cg2d: Sum(rhs),rhsMax =   7.24753590475302E-13  1.99251356472431E+00
 cg2d: Sum(rhs),rhsMax =   5.40012479177676E-13  1.99237918660897E+00
 cg2d: Sum(rhs),rhsMax =   5.96855898038484E-13  1.99224406031819E+00
 cg2d: Sum(rhs),rhsMax =   1.00897068477934E-12  1.99210818619292E+00
 cg2d: Sum(rhs),rhsMax =   7.95807864051312E-13  1.99197156456023E+00
 cg2d: Sum(rhs),rhsMax =   8.10018718766514E-13  1.99183419573504E+00
 cg2d: Sum(rhs),rhsMax =   4.54747350886464E-13  1.99169608002185E+00
 cg2d: Sum(rhs),rhsMax =   4.83169060316868E-13  1.99155721771640E+00
 cg2d: Sum(rhs),rhsMax =   6.96331881044898E-13  1.99141760910769E+00
 cg2d: Sum(rhs),rhsMax =   2.41584530158434E-13  1.99127725447975E+00
 cg2d: Sum(rhs),rhsMax =   6.39488462184090E-13  1.99113615411376E+00
 cg2d: Sum(rhs),rhsMax =   7.10542735760100E-13  1.99099430829005E+00
 cg2d: Sum(rhs),rhsMax =   8.24229573481716E-13  1.99085171729027E+00
 cg2d: Sum(rhs),rhsMax =   3.26849658449646E-13  1.99070838139951E+00
 cg2d: Sum(rhs),rhsMax =   1.05160324892495E-12  1.99056430090849E+00
 cg2d: Sum(rhs),rhsMax =   5.68434188608080E-13  1.99041947611577E+00
 cg2d: Sum(rhs),rhsMax =   2.55795384873636E-13  1.99027390732974E+00
 cg2d: Sum(rhs),rhsMax =   5.96855898038484E-13  1.99012759487094E+00
 cg2d: Sum(rhs),rhsMax =   3.26849658449646E-13  1.98998053907398E+00
 cg2d: Sum(rhs),rhsMax =   5.40012479177676E-13  1.98983274028953E+00
 cg2d: Sum(rhs),rhsMax =   8.81072992342524E-13  1.98968419888621E+00
 cg2d: Sum(rhs),rhsMax =   4.68958205601666E-13  1.98953491525243E+00
 cg2d: Sum(rhs),rhsMax =   3.97903932025656E-13  1.98938488979809E+00
 cg2d: Sum(rhs),rhsMax =   1.12265752250096E-12  1.98923412295613E+00
 cg2d: Sum(rhs),rhsMax =   4.97379915032070E-13  1.98908261518407E+00
 cg2d: Sum(rhs),rhsMax =   1.03739239420975E-12  1.98893036696536E+00
 cg2d: Sum(rhs),rhsMax =   3.97903932025656E-13  1.98877737881065E+00
 cg2d: Sum(rhs),rhsMax =   4.54747350886464E-13  1.98862365125883E+00
 cg2d: Sum(rhs),rhsMax =   7.95807864051312E-13  1.98846918487815E+00
 cg2d: Sum(rhs),rhsMax =   9.66338120633736E-13  1.98831398026689E+00
 cg2d: Sum(rhs),rhsMax =   9.23705556488130E-13  1.98815803805426E+00
 cg2d: Sum(rhs),rhsMax =   9.23705556488130E-13  1.98800135890080E+00
 cg2d: Sum(rhs),rhsMax =   2.27373675443232E-13  1.98784394349884E+00
 cg2d: Sum(rhs),rhsMax =   9.80548975348938E-13  1.98768579257287E+00
 cg2d: Sum(rhs),rhsMax =   4.40536496171262E-13  1.98752690687945E+00
 cg2d: Sum(rhs),rhsMax =   8.10018718766514E-13  1.98736728720735E+00
 cg2d: Sum(rhs),rhsMax =   2.27373675443232E-13  1.98720693437723E+00
 cg2d: Sum(rhs),rhsMax =   6.96331881044898E-13  1.98704584924140E+00
 cg2d: Sum(rhs),rhsMax =   7.67386154620908E-13  1.98688403268324E+00
 cg2d: Sum(rhs),rhsMax =   1.98951966012828E-13  1.98672148561659E+00
 cg2d: Sum(rhs),rhsMax =   5.40012479177676E-13  1.98655820898490E+00
 cg2d: Sum(rhs),rhsMax =   6.67910171614494E-13  1.98639420376027E+00
 cg2d: Sum(rhs),rhsMax =   4.40536496171262E-13  1.98622947094271E+00
 cg2d: Sum(rhs),rhsMax =   8.52651282912120E-13  1.98606401155908E+00
 cg2d: Sum(rhs),rhsMax =   4.54747350886464E-13  1.98589782666181E+00
 cg2d: Sum(rhs),rhsMax =   1.05160324892495E-12  1.98573091732729E+00
 cg2d: Sum(rhs),rhsMax =   2.98427949019242E-13  1.98556328465445E+00
 cg2d: Sum(rhs),rhsMax =   7.53175299905706E-13  1.98539492976335E+00
 cg2d: Sum(rhs),rhsMax =   7.81597009336110E-13  1.98522585379359E+00
 cg2d: Sum(rhs),rhsMax =   5.96855898038484E-13  1.98505605790274E+00
 cg2d: Sum(rhs),rhsMax =   5.82645043323282E-13  1.98488554326477E+00
 cg2d: Sum(rhs),rhsMax =   6.39488462184090E-13  1.98471431106829E+00
 cg2d: Sum(rhs),rhsMax =   4.68958205601666E-13  1.98454236251496E+00
 cg2d: Sum(rhs),rhsMax =   1.70530256582424E-13  1.98436969881764E+00
 cg2d: Sum(rhs),rhsMax =   9.23705556488130E-13  1.98419632119872E+00
 cg2d: Sum(rhs),rhsMax =   6.67910171614494E-13  1.98402223088842E+00
 cg2d: Sum(rhs),rhsMax =   2.27373675443232E-13  1.98384742912312E+00
 cg2d: Sum(rhs),rhsMax =   4.97379915032070E-13  1.98367191714351E+00
 cg2d: Sum(rhs),rhsMax =   7.10542735760100E-13  1.98349569619308E+00
 cg2d: Sum(rhs),rhsMax =   8.52651282912120E-13  1.98331876751651E+00
 cg2d: Sum(rhs),rhsMax =   8.81072992342524E-13  1.98314113235799E+00
 cg2d: Sum(rhs),rhsMax =   8.52651282912120E-13  1.98296279195984E+00
 cg2d: Sum(rhs),rhsMax =   1.02318153949454E-12  1.98278374756094E+00
 cg2d: Sum(rhs),rhsMax =   6.53699316899292E-13  1.98260400039550E+00
 cg2d: Sum(rhs),rhsMax =   4.68958205601666E-13  1.98242355169166E+00
 cg2d: Sum(rhs),rhsMax =   4.83169060316868E-13  1.98224240267025E+00
 cg2d: Sum(rhs),rhsMax =   7.38964445190504E-13  1.98206055454376E+00
 cg2d: Sum(rhs),rhsMax =   8.95283847057726E-13  1.98187800851551E+00
 cg2d: Sum(rhs),rhsMax =   7.67386154620908E-13  1.98169476577865E+00
 cg2d: Sum(rhs),rhsMax =   1.02318153949454E-12  1.98151082751545E+00
 cg2d: Sum(rhs),rhsMax =   5.40012479177676E-13  1.98132619489648E+00
 cg2d: Sum(rhs),rhsMax =   5.40012479177676E-13  1.98114086908013E+00
 cg2d: Sum(rhs),rhsMax =   6.53699316899292E-13  1.98095485121213E+00
 cg2d: Sum(rhs),rhsMax =   8.81072992342524E-13  1.98076814242527E+00
 cg2d: Sum(rhs),rhsMax =   5.11590769747272E-13  1.98058074383928E+00
 cg2d: Sum(rhs),rhsMax =   2.13162820728030E-13  1.98039265656073E+00
 cg2d: Sum(rhs),rhsMax =   4.97379915032070E-13  1.98020388168304E+00
 cg2d: Sum(rhs),rhsMax =   8.52651282912120E-13  1.98001442028673E+00
 cg2d: Sum(rhs),rhsMax =   7.38964445190504E-13  1.97982427343966E+00
 cg2d: Sum(rhs),rhsMax =   7.53175299905706E-13  1.97963344219734E+00
 cg2d: Sum(rhs),rhsMax =   3.55271367880050E-13  1.97944192760356E+00
 cg2d: Sum(rhs),rhsMax =   3.97903932025656E-13  1.97924973069082E+00
 cg2d: Sum(rhs),rhsMax =   7.53175299905706E-13  1.97905685248117E+00
 cg2d: Sum(rhs),rhsMax =   7.53175299905706E-13  1.97886329398688E+00
 cg2d: Sum(rhs),rhsMax =   6.11066752753686E-13  1.97866905621136E+00
 cg2d: Sum(rhs),rhsMax =   6.53699316899292E-13  1.97847414015006E+00
 cg2d: Sum(rhs),rhsMax =   5.25801624462474E-13  1.97827854679158E+00
 cg2d: Sum(rhs),rhsMax =   2.13162820728030E-13  1.97808227711866E+00
 cg2d: Sum(rhs),rhsMax =   3.97903932025656E-13  1.97788533210936E+00
 cg2d: Sum(rhs),rhsMax =   4.83169060316868E-13  1.97768771273827E+00
 cg2d: Sum(rhs),rhsMax =   5.68434188608080E-13  1.97748941997780E+00
 cg2d: Sum(rhs),rhsMax =   8.52651282912120E-13  1.97729045479931E+00
 cg2d: Sum(rhs),rhsMax =   5.25801624462474E-13  1.97709081817457E+00
 cg2d: Sum(rhs),rhsMax =   5.11590769747272E-13  1.97689051107700E+00
 cg2d: Sum(rhs),rhsMax =   7.24753590475302E-13  1.97668953448292E+00
 cg2d: Sum(rhs),rhsMax =   4.83169060316868E-13  1.97648788937311E+00
 cg2d: Sum(rhs),rhsMax =   4.26325641456060E-13  1.97628557673392E+00
 cg2d: Sum(rhs),rhsMax =   8.38440428196918E-13  1.97608259755867E+00
 cg2d: Sum(rhs),rhsMax =   7.38964445190504E-13  1.97587895284890E+00
 cg2d: Sum(rhs),rhsMax =   4.40536496171262E-13  1.97567464361575E+00
 cg2d: Sum(rhs),rhsMax =   5.40012479177676E-13  1.97546967088098E+00
 cg2d: Sum(rhs),rhsMax =   7.67386154620908E-13  1.97526403567837E+00
 cg2d: Sum(rhs),rhsMax =   4.83169060316868E-13  1.97505773905462E+00
 cg2d: Sum(rhs),rhsMax =   8.24229573481716E-13  1.97485078207062E+00
 cg2d: Sum(rhs),rhsMax =   4.40536496171262E-13  1.97464316580237E+00
 cg2d: Sum(rhs),rhsMax =   5.11590769747272E-13  1.97443489134190E+00
 cg2d: Sum(rhs),rhsMax =   7.38964445190504E-13  1.97422595979816E+00
 cg2d: Sum(rhs),rhsMax =   7.81597009336110E-13  1.97401637229787E+00
 cg2d: Sum(rhs),rhsMax =   5.40012479177676E-13  1.97380612998610E+00
 cg2d: Sum(rhs),rhsMax =   3.83693077310454E-13  1.97359523402704E+00
 cg2d: Sum(rhs),rhsMax =   6.82121026329696E-13  1.97338368560446E+00
 cg2d: Sum(rhs),rhsMax =   6.82121026329696E-13  1.97317148592217E+00
 cg2d: Sum(rhs),rhsMax =   4.40536496171262E-13  1.97295863620440E+00
 cg2d: Sum(rhs),rhsMax =   6.39488462184090E-13  1.97274513769602E+00
 cg2d: Sum(rhs),rhsMax =   4.97379915032070E-13  1.97253099166276E+00
 cg2d: Sum(rhs),rhsMax =   5.40012479177676E-13  1.97231619939129E+00
 cg2d: Sum(rhs),rhsMax =   9.94759830064140E-13  1.97210076218916E+00
 cg2d: Sum(rhs),rhsMax =   5.54223333892878E-13  1.97188468138468E+00
 cg2d: Sum(rhs),rhsMax =   5.40012479177676E-13  1.97166795832684E+00
 cg2d: Sum(rhs),rhsMax =   2.41584530158434E-13  1.97145059438484E+00
 cg2d: Sum(rhs),rhsMax =   2.13162820728030E-13  1.97123259094787E+00
 cg2d: Sum(rhs),rhsMax =   3.83693077310454E-13  1.97101394942454E+00
 cg2d: Sum(rhs),rhsMax =   7.38964445190504E-13  1.97079467124240E+00
 cg2d: Sum(rhs),rhsMax =   4.97379915032070E-13  1.97057475784731E+00
 cg2d: Sum(rhs),rhsMax =   5.68434188608080E-13  1.97035421070274E+00
 cg2d: Sum(rhs),rhsMax =   3.26849658449646E-13  1.97013303128896E+00
 cg2d: Sum(rhs),rhsMax =   9.52127265918534E-13  1.96991122110236E+00
 cg2d: Sum(rhs),rhsMax =   9.23705556488130E-13  1.96968878165438E+00
 cg2d: Sum(rhs),rhsMax =   9.94759830064140E-14  1.96946571447079E+00
 cg2d: Sum(rhs),rhsMax =   8.10018718766514E-13  1.96924202109055E+00
 cg2d: Sum(rhs),rhsMax =   5.40012479177676E-13  1.96901770306481E+00
 cg2d: Sum(rhs),rhsMax =   5.96855898038484E-13  1.96879276195601E+00
 cg2d: Sum(rhs),rhsMax =   6.82121026329696E-13  1.96856719933661E+00
 cg2d: Sum(rhs),rhsMax =   1.19371179607697E-12  1.96834101678808E+00
 cg2d: Sum(rhs),rhsMax =   4.12114786740858E-13  1.96811421589974E+00
 cg2d: Sum(rhs),rhsMax =   5.25801624462474E-13  1.96788679826769E+00
 cg2d: Sum(rhs),rhsMax =   8.24229573481716E-13  1.96765876549382E+00
 cg2d: Sum(rhs),rhsMax =   3.12638803734444E-13  1.96743011918473E+00
 cg2d: Sum(rhs),rhsMax =   4.40536496171262E-13  1.96720086095064E+00
 cg2d: Sum(rhs),rhsMax =   8.81072992342524E-13  1.96697099240417E+00
 cg2d: Sum(rhs),rhsMax =   6.67910171614494E-13  1.96674051515921E+00
 cg2d: Sum(rhs),rhsMax =   9.09494701772928E-13  1.96650943082984E+00
 cg2d: Sum(rhs),rhsMax =   6.53699316899292E-13  1.96627774102937E+00
 cg2d: Sum(rhs),rhsMax =   4.54747350886464E-13  1.96604544736946E+00
 cg2d: Sum(rhs),rhsMax =   6.39488462184090E-13  1.96581255145918E+00
 cg2d: Sum(rhs),rhsMax =   1.00897068477934E-12  1.96557905490431E+00
 cg2d: Sum(rhs),rhsMax =   6.53699316899292E-13  1.96534495930641E+00
 cg2d: Sum(rhs),rhsMax =   2.84217094304040E-13  1.96511026626221E+00
 cg2d: Sum(rhs),rhsMax =   5.96855898038484E-13  1.96487497736279E+00
 cg2d: Sum(rhs),rhsMax =   8.66862137627322E-13  1.96463909419305E+00
 cg2d: Sum(rhs),rhsMax =   1.15107923193136E-12  1.96440261833110E+00
 cg2d: Sum(rhs),rhsMax =   9.52127265918534E-13  1.96416555134775E+00
 cg2d: Sum(rhs),rhsMax =   2.55795384873636E-13  1.96392789480618E+00
 cg2d: Sum(rhs),rhsMax =   3.83693077310454E-13  1.96368965026149E+00
 cg2d: Sum(rhs),rhsMax =   3.83693077310454E-13  1.96345081926057E+00
 cg2d: Sum(rhs),rhsMax =   6.96331881044898E-13  1.96321140334176E+00
 cg2d: Sum(rhs),rhsMax =   5.11590769747272E-13  1.96297140403481E+00
 cg2d: Sum(rhs),rhsMax =   8.95283847057726E-13  1.96273082286086E+00
 cg2d: Sum(rhs),rhsMax =   7.24753590475302E-13  1.96248966133242E+00
 cg2d: Sum(rhs),rhsMax =   1.08002495835535E-12  1.96224792095346E+00
 cg2d: Sum(rhs),rhsMax =   7.67386154620908E-13  1.96200560321962E+00
 cg2d: Sum(rhs),rhsMax =   1.00897068477934E-12  1.96176270961842E+00
 cg2d: Sum(rhs),rhsMax =   3.69482222595252E-13  1.96151924162961E+00
 cg2d: Sum(rhs),rhsMax =   1.13686837721616E-12  1.96127520072553E+00
 cg2d: Sum(rhs),rhsMax =   5.40012479177676E-13  1.96103058837147E+00
 cg2d: Sum(rhs),rhsMax =   5.25801624462474E-13  1.96078540602631E+00
 cg2d: Sum(rhs),rhsMax =   5.82645043323282E-13  1.96053965514300E+00
 cg2d: Sum(rhs),rhsMax =   3.41060513164848E-13  1.96029333716912E+00
 cg2d: Sum(rhs),rhsMax =   7.24753590475302E-13  1.96004645354762E+00
 cg2d: Sum(rhs),rhsMax =   7.10542735760100E-13  1.95979900571744E+00
 cg2d: Sum(rhs),rhsMax =   1.36424205265939E-12  1.95955099511424E+00
 cg2d: Sum(rhs),rhsMax =   8.52651282912120E-13  1.95930242317123E+00
 cg2d: Sum(rhs),rhsMax =   8.24229573481716E-13  1.95905329131984E+00
 cg2d: Sum(rhs),rhsMax =   6.53699316899292E-13  1.95880360099056E+00
 cg2d: Sum(rhs),rhsMax =   4.54747350886464E-13  1.95855335361380E+00
 cg2d: Sum(rhs),rhsMax =   3.69482222595252E-13  1.95830255062066E+00
 cg2d: Sum(rhs),rhsMax =   5.82645043323282E-13  1.95805119344379E+00
 cg2d: Sum(rhs),rhsMax =   7.10542735760100E-13  1.95779928351826E+00
 cg2d: Sum(rhs),rhsMax =   7.67386154620908E-13  1.95754682228241E+00
 cg2d: Sum(rhs),rhsMax =   3.41060513164848E-13  1.95729381117865E+00
 cg2d: Sum(rhs),rhsMax =   7.67386154620908E-13  1.95704025165433E+00
 cg2d: Sum(rhs),rhsMax =   4.40536496171262E-13  1.95678614516253E+00
 cg2d: Sum(rhs),rhsMax =   4.12114786740858E-13  1.95653149316289E+00
 cg2d: Sum(rhs),rhsMax =   6.25277607468888E-13  1.95627629712234E+00
 cg2d: Sum(rhs),rhsMax =   3.26849658449646E-13  1.95602055851583E+00
 cg2d: Sum(rhs),rhsMax =   3.26849658449646E-13  1.95576427882672E+00
 cg2d: Sum(rhs),rhsMax =   4.97379915032070E-13  1.95550745954742E+00
 cg2d: Sum(rhs),rhsMax =   4.40536496171262E-13  1.95525010218045E+00
 cg2d: Sum(rhs),rhsMax =   6.25277607468888E-13  1.95499220823937E+00
 cg2d: Sum(rhs),rhsMax =   9.09494701772928E-13  1.95473377924937E+00
 cg2d: Sum(rhs),rhsMax =   5.54223333892878E-13  1.95447481674723E+00
 cg2d: Sum(rhs),rhsMax =   7.38964445190504E-13  1.95421532228136E+00
 cg2d: Sum(rhs),rhsMax =   5.68434188608080E-13  1.95395529741213E+00
 cg2d: Sum(rhs),rhsMax =   1.20792265079217E-12  1.95369474371237E+00
 cg2d: Sum(rhs),rhsMax =   6.67910171614494E-13  1.95343366276768E+00
 cg2d: Sum(rhs),rhsMax =   4.54747350886464E-13  1.95317205617682E+00
 cg2d: Sum(rhs),rhsMax =   5.54223333892878E-13  1.95290992555179E+00
 cg2d: Sum(rhs),rhsMax =   7.10542735760100E-13  1.95264727251788E+00
 cg2d: Sum(rhs),rhsMax =   5.25801624462474E-13  1.95238409871382E+00
 cg2d: Sum(rhs),rhsMax =   9.94759830064140E-14  1.95212040579161E+00
 cg2d: Sum(rhs),rhsMax =   6.11066752753686E-13  1.95185619541651E+00
 cg2d: Sum(rhs),rhsMax =   3.41060513164848E-13  1.95159146926691E+00
 cg2d: Sum(rhs),rhsMax =   7.67386154620908E-13  1.95132622903414E+00
 cg2d: Sum(rhs),rhsMax =   9.94759830064140E-14  1.95106047642222E+00
 cg2d: Sum(rhs),rhsMax =   3.97903932025656E-13  1.95079421314756E+00
 cg2d: Sum(rhs),rhsMax =   8.24229573481716E-13  1.95052744093867E+00
 cg2d: Sum(rhs),rhsMax =   8.38440428196918E-13  1.95026016153578E+00
 cg2d: Sum(rhs),rhsMax =   6.25277607468888E-13  1.94999237669033E+00
 cg2d: Sum(rhs),rhsMax =   4.12114786740858E-13  1.94972408816461E+00
 cg2d: Sum(rhs),rhsMax =   6.25277607468888E-13  1.94945529773121E+00
 cg2d: Sum(rhs),rhsMax =   8.66862137627322E-13  1.94918600717248E+00
 cg2d: Sum(rhs),rhsMax =   7.38964445190504E-13  1.94891621827997E+00
 cg2d: Sum(rhs),rhsMax =   6.96331881044898E-13  1.94864593285385E+00
 cg2d: Sum(rhs),rhsMax =   4.83169060316868E-13  1.94837515270227E+00
 cg2d: Sum(rhs),rhsMax =   7.24753590475302E-13  1.94810387964077E+00
 cg2d: Sum(rhs),rhsMax =   6.53699316899292E-13  1.94783211549159E+00
 cg2d: Sum(rhs),rhsMax =   3.97903932025656E-13  1.94755986208303E+00
 cg2d: Sum(rhs),rhsMax =   6.11066752753686E-13  1.94728712124878E+00
 cg2d: Sum(rhs),rhsMax =   1.09423581307055E-12  1.94701389482735E+00
 cg2d: Sum(rhs),rhsMax =   1.23634436022257E-12  1.94674018466117E+00
 cg2d: Sum(rhs),rhsMax =   8.24229573481716E-13  1.94646599259623E+00
 cg2d: Sum(rhs),rhsMax =   5.68434188608080E-13  1.94619132048125E+00
 cg2d: Sum(rhs),rhsMax =   7.67386154620908E-13  1.94591617016705E+00
 cg2d: Sum(rhs),rhsMax =   4.97379915032070E-13  1.94564054350604E+00
 cg2d: Sum(rhs),rhsMax =   6.96331881044898E-13  1.94536444235150E+00
 cg2d: Sum(rhs),rhsMax =   1.10844666778576E-12  1.94508786855703E+00
 cg2d: Sum(rhs),rhsMax =   3.83693077310454E-13  1.94481082397608E+00
 cg2d: Sum(rhs),rhsMax =   1.42108547152020E-14  1.94453331046125E+00
 cg2d: Sum(rhs),rhsMax =   7.24753590475302E-13  1.94425532986402E+00
 cg2d: Sum(rhs),rhsMax =   6.96331881044898E-13  1.94397688403403E+00
 cg2d: Sum(rhs),rhsMax =   9.09494701772928E-13  1.94369797481884E+00
 cg2d: Sum(rhs),rhsMax =   5.82645043323282E-13  1.94341860406343E+00
 cg2d: Sum(rhs),rhsMax =   7.95807864051312E-13  1.94313877360991E+00
 cg2d: Sum(rhs),rhsMax =   7.53175299905706E-13  1.94285848529712E+00
 cg2d: Sum(rhs),rhsMax =   6.53699316899292E-13  1.94257774096040E+00
 cg2d: Sum(rhs),rhsMax =   7.38964445190504E-13  1.94229654243137E+00
 cg2d: Sum(rhs),rhsMax =   8.81072992342524E-13  1.94201489153768E+00
 cg2d: Sum(rhs),rhsMax =   7.24753590475302E-13  1.94173279010287E+00
 cg2d: Sum(rhs),rhsMax =   6.67910171614494E-13  1.94145023994629E+00
 cg2d: Sum(rhs),rhsMax =   8.81072992342524E-13  1.94116724288296E+00
 cg2d: Sum(rhs),rhsMax =   1.42108547152020E-14  1.94088380072361E+00
 cg2d: Sum(rhs),rhsMax =   8.95283847057726E-13  1.94059991527469E+00
 cg2d: Sum(rhs),rhsMax =   7.10542735760100E-13  1.94031558833834E+00
 cg2d: Sum(rhs),rhsMax =   4.97379915032070E-13  1.94003082171255E+00
 cg2d: Sum(rhs),rhsMax =   6.11066752753686E-13  1.93974561719131E+00
 cg2d: Sum(rhs),rhsMax =   5.96855898038484E-13  1.93945997656475E+00
 cg2d: Sum(rhs),rhsMax =   6.53699316899292E-13  1.93917390161931E+00
 cg2d: Sum(rhs),rhsMax =   7.53175299905706E-13  1.93888739413803E+00
 cg2d: Sum(rhs),rhsMax =   8.10018718766514E-13  1.93860045590081E+00
 cg2d: Sum(rhs),rhsMax =   4.12114786740858E-13  1.93831308868469E+00
 cg2d: Sum(rhs),rhsMax =   6.96331881044898E-13  1.93802529426420E+00
 cg2d: Sum(rhs),rhsMax =   5.25801624462474E-13  1.93773707441167E+00
 cg2d: Sum(rhs),rhsMax =   3.55271367880050E-13  1.93744843089765E+00
 cg2d: Sum(rhs),rhsMax =   5.40012479177676E-13  1.93715936549131E+00
 cg2d: Sum(rhs),rhsMax =   9.66338120633736E-13  1.93686987996079E+00
 cg2d: Sum(rhs),rhsMax =   5.54223333892878E-13  1.93657997607369E+00
 cg2d: Sum(rhs),rhsMax =   1.02318153949454E-12  1.93628965559743E+00
 cg2d: Sum(rhs),rhsMax =   5.96855898038484E-13  1.93599892029981E+00
 cg2d: Sum(rhs),rhsMax =  -4.26325641456060E-14  1.93570777194933E+00
 cg2d: Sum(rhs),rhsMax =   3.83693077310454E-13  1.93541621231575E+00
 cg2d: Sum(rhs),rhsMax =   7.95807864051312E-13  1.93512424317045E+00
 cg2d: Sum(rhs),rhsMax =   2.84217094304040E-13  1.93483186628695E+00
 cg2d: Sum(rhs),rhsMax =   4.54747350886464E-13  1.93453908344132E+00
 cg2d: Sum(rhs),rhsMax =   6.25277607468888E-13  1.93424589641266E+00
 cg2d: Sum(rhs),rhsMax =   7.10542735760100E-13  1.93395230698345E+00
 cg2d: Sum(rhs),rhsMax =   9.37916411203332E-13  1.93365831694005E+00
 cg2d: Sum(rhs),rhsMax =   1.05160324892495E-12  1.93336392807306E+00
 cg2d: Sum(rhs),rhsMax =   9.80548975348938E-13  1.93306914217767E+00
 cg2d: Sum(rhs),rhsMax =   7.38964445190504E-13  1.93277396105408E+00
 cg2d: Sum(rhs),rhsMax =   4.68958205601666E-13  1.93247838650781E+00
 cg2d: Sum(rhs),rhsMax =   7.95807864051312E-13  1.93218242035007E+00
 cg2d: Sum(rhs),rhsMax =   2.13162820728030E-13  1.93188606439799E+00
 cg2d: Sum(rhs),rhsMax =   7.24753590475302E-13  1.93158932047489E+00
 cg2d: Sum(rhs),rhsMax =   8.10018718766514E-13  1.93129219041061E+00
 cg2d: Sum(rhs),rhsMax =   1.10844666778576E-12  1.93099467604166E+00
 cg2d: Sum(rhs),rhsMax =   9.52127265918534E-13  1.93069677921139E+00
 cg2d: Sum(rhs),rhsMax =   3.83693077310454E-13  1.93039850177019E+00
 cg2d: Sum(rhs),rhsMax =   1.02318153949454E-12  1.93009984557559E+00
 cg2d: Sum(rhs),rhsMax =   5.82645043323282E-13  1.92980081249243E+00
 cg2d: Sum(rhs),rhsMax =   8.95283847057726E-13  1.92950140439279E+00
 cg2d: Sum(rhs),rhsMax =   7.10542735760100E-13  1.92920162315618E+00
 cg2d: Sum(rhs),rhsMax =   3.97903932025656E-13  1.92890147066939E+00
 cg2d: Sum(rhs),rhsMax =   7.67386154620908E-13  1.92860094882665E+00
 cg2d: Sum(rhs),rhsMax =   7.10542735760100E-13  1.92830005952937E+00
 cg2d: Sum(rhs),rhsMax =   1.56319401867222E-13  1.92799880468621E+00
 cg2d: Sum(rhs),rhsMax =   4.68958205601666E-13  1.92769718621293E+00
 cg2d: Sum(rhs),rhsMax =   7.38964445190504E-13  1.92739520603222E+00
 cg2d: Sum(rhs),rhsMax =   3.26849658449646E-13  1.92709286607353E+00
 cg2d: Sum(rhs),rhsMax =   5.96855898038484E-13  1.92687610072743E+00
 cg2d: Sum(rhs),rhsMax =   4.40536496171262E-13  1.92700113295450E+00
 cg2d: Sum(rhs),rhsMax =   8.38440428196918E-13  1.92712564430495E+00
 cg2d: Sum(rhs),rhsMax =   9.09494701772928E-13  1.92724963435591E+00
 cg2d: Sum(rhs),rhsMax =   7.24753590475302E-13  1.92737310268716E+00
 cg2d: Sum(rhs),rhsMax =   5.11590769747272E-13  1.92749604888053E+00
 cg2d: Sum(rhs),rhsMax =   8.81072992342524E-13  1.92761847251958E+00
 cg2d: Sum(rhs),rhsMax =   4.26325641456060E-13  1.92774037318898E+00
 cg2d: Sum(rhs),rhsMax =   4.83169060316868E-13  1.92786175047422E+00
 cg2d: Sum(rhs),rhsMax =   5.82645043323282E-13  1.92798260396111E+00
 cg2d: Sum(rhs),rhsMax =   4.40536496171262E-13  1.92810293323547E+00
 cg2d: Sum(rhs),rhsMax =   7.53175299905706E-13  1.92822273788274E+00
 cg2d: Sum(rhs),rhsMax =   2.98427949019242E-13  1.92834201748786E+00
 cg2d: Sum(rhs),rhsMax =   9.09494701772928E-13  1.92846077163464E+00
 cg2d: Sum(rhs),rhsMax =   1.12265752250096E-12  1.92857899990590E+00
 cg2d: Sum(rhs),rhsMax =   1.30739863379858E-12  1.92869670188308E+00
 cg2d: Sum(rhs),rhsMax =   3.12638803734444E-13  1.92881387714620E+00
 cg2d: Sum(rhs),rhsMax =  -5.68434188608080E-14  1.92893052527365E+00
 cg2d: Sum(rhs),rhsMax =   1.02318153949454E-12  1.92904664584226E+00
 cg2d: Sum(rhs),rhsMax =   9.09494701772928E-13  1.92916223842715E+00
 cg2d: Sum(rhs),rhsMax =   6.25277607468888E-13  1.92927730260189E+00
 cg2d: Sum(rhs),rhsMax =   3.97903932025656E-13  1.92939183793842E+00
 cg2d: Sum(rhs),rhsMax =   2.27373675443232E-13  1.92950584400732E+00
 cg2d: Sum(rhs),rhsMax =   6.96331881044898E-13  1.92961932037779E+00
 cg2d: Sum(rhs),rhsMax =   6.82121026329696E-13  1.92973226661784E+00
 cg2d: Sum(rhs),rhsMax =   6.67910171614494E-13  1.92984468229466E+00
 cg2d: Sum(rhs),rhsMax =   1.98951966012828E-13  1.92995656697502E+00
 cg2d: Sum(rhs),rhsMax =   9.80548975348938E-13  1.93006792022564E+00
 cg2d: Sum(rhs),rhsMax =   9.23705556488130E-13  1.93017874161338E+00
 cg2d: Sum(rhs),rhsMax =   7.24753590475302E-13  1.93028903070541E+00
 cg2d: Sum(rhs),rhsMax =   9.23705556488130E-13  1.93039878706967E+00
 cg2d: Sum(rhs),rhsMax =   4.40536496171262E-13  1.93050801027531E+00
 cg2d: Sum(rhs),rhsMax =   6.39488462184090E-13  1.93061669989318E+00
 cg2d: Sum(rhs),rhsMax =   3.41060513164848E-13  1.93072485549639E+00
 cg2d: Sum(rhs),rhsMax =   1.08002495835535E-12  1.93083247666079E+00
 cg2d: Sum(rhs),rhsMax =   8.10018718766514E-13  1.93093956296559E+00
 cg2d: Sum(rhs),rhsMax =   2.84217094304040E-13  1.93104611399374E+00
 cg2d: Sum(rhs),rhsMax =   5.54223333892878E-13  1.93115212933257E+00
 cg2d: Sum(rhs),rhsMax =   5.54223333892878E-13  1.93125760857431E+00
 cg2d: Sum(rhs),rhsMax =   3.83693077310454E-13  1.93136255131335E+00
 cg2d: Sum(rhs),rhsMax =   6.39488462184090E-13  1.93146695714962E+00
 cg2d: Sum(rhs),rhsMax =   3.69482222595252E-13  1.93157082569487E+00
 cg2d: Sum(rhs),rhsMax =   7.67386154620908E-13  1.93167415657220E+00
 cg2d: Sum(rhs),rhsMax =   7.10542735760100E-13  1.93177694941151E+00
 cg2d: Sum(rhs),rhsMax =   3.83693077310454E-13  1.93187920384710E+00
 cg2d: Sum(rhs),rhsMax =   5.11590769747272E-13  1.93198091951891E+00
 cg2d: Sum(rhs),rhsMax =   6.25277607468888E-13  1.93208209607499E+00
 cg2d: Sum(rhs),rhsMax =   8.52651282912120E-13  1.93218273317348E+00
 cg2d: Sum(rhs),rhsMax =   6.67910171614494E-13  1.93228283048342E+00
 cg2d: Sum(rhs),rhsMax =   8.24229573481716E-13  1.93238238768493E+00
 cg2d: Sum(rhs),rhsMax =   3.97903932025656E-13  1.93248140446939E+00
 cg2d: Sum(rhs),rhsMax =   7.67386154620908E-13  1.93257988053936E+00
 cg2d: Sum(rhs),rhsMax =   4.83169060316868E-13  1.93267781560891E+00
 cg2d: Sum(rhs),rhsMax =   7.95807864051312E-13  1.93277520940368E+00
 cg2d: Sum(rhs),rhsMax =   4.26325641456060E-13  1.93287206166122E+00
 cg2d: Sum(rhs),rhsMax =   2.84217094304040E-13  1.93296837213107E+00
 cg2d: Sum(rhs),rhsMax =   6.96331881044898E-13  1.93306414057507E+00
 cg2d: Sum(rhs),rhsMax =   7.95807864051312E-13  1.93315936676738E+00
 cg2d: Sum(rhs),rhsMax =   6.39488462184090E-13  1.93325405049457E+00
 cg2d: Sum(rhs),rhsMax =   6.53699316899292E-13  1.93334819155571E+00
 cg2d: Sum(rhs),rhsMax =   8.66862137627322E-13  1.93344178976227E+00
 cg2d: Sum(rhs),rhsMax =   6.39488462184090E-13  1.93353484493810E+00
 cg2d: Sum(rhs),rhsMax =   7.53175299905706E-13  1.93362735691927E+00
 cg2d: Sum(rhs),rhsMax =   8.95283847057726E-13  1.93371932555399E+00
 cg2d: Sum(rhs),rhsMax =   6.67910171614494E-13  1.93381075070232E+00
 cg2d: Sum(rhs),rhsMax =   7.67386154620908E-13  1.93390163223594E+00
 cg2d: Sum(rhs),rhsMax =   1.27897692436818E-12  1.93399197003795E+00
 cg2d: Sum(rhs),rhsMax =   9.66338120633736E-13  1.93408176400248E+00
 cg2d: Sum(rhs),rhsMax =   8.95283847057726E-13  1.93417101403445E+00
 cg2d: Sum(rhs),rhsMax =   1.56319401867222E-13  1.93425972004916E+00
 cg2d: Sum(rhs),rhsMax =   5.96855898038484E-13  1.93434788197188E+00
 cg2d: Sum(rhs),rhsMax =   2.98427949019242E-13  1.93443549973748E+00
 cg2d: Sum(rhs),rhsMax =   5.68434188608080E-13  1.93452257328998E+00
 cg2d: Sum(rhs),rhsMax =   7.81597009336110E-13  1.93460910258195E+00
 cg2d: Sum(rhs),rhsMax =   7.38964445190504E-13  1.93469508757425E+00
 cg2d: Sum(rhs),rhsMax =   9.80548975348938E-13  1.93478052823526E+00
 cg2d: Sum(rhs),rhsMax =   9.94759830064140E-13  1.93486542454047E+00
 cg2d: Sum(rhs),rhsMax =   1.12265752250096E-12  1.93494977647197E+00
 cg2d: Sum(rhs),rhsMax =   5.96855898038484E-13  1.93503358401781E+00
 cg2d: Sum(rhs),rhsMax =   6.25277607468888E-13  1.93511684717146E+00
 cg2d: Sum(rhs),rhsMax =   9.52127265918534E-13  1.93519956593132E+00
 cg2d: Sum(rhs),rhsMax =   5.82645043323282E-13  1.93528174030007E+00
 cg2d: Sum(rhs),rhsMax =   0.00000000000000E+00  1.93536337028419E+00
 cg2d: Sum(rhs),rhsMax =   8.38440428196918E-13  1.93544445589338E+00
 cg2d: Sum(rhs),rhsMax =   6.25277607468888E-13  1.93552499703348E+00
 cg2d: Sum(rhs),rhsMax =   3.83693077310454E-13  1.93560499385334E+00
 cg2d: Sum(rhs),rhsMax =   4.54747350886464E-13  1.93568444643793E+00
 cg2d: Sum(rhs),rhsMax =   9.23705556488130E-13  1.93576335482255E+00
 cg2d: Sum(rhs),rhsMax =   7.67386154620908E-13  1.93584171904080E+00
 cg2d: Sum(rhs),rhsMax =   4.12114786740858E-13  1.93591953913990E+00
 cg2d: Sum(rhs),rhsMax =   4.68958205601666E-13  1.93599681517829E+00
 cg2d: Sum(rhs),rhsMax =   4.12114786740858E-13  1.93607354722011E+00
 cg2d: Sum(rhs),rhsMax =   5.25801624462474E-13  1.93614973533185E+00
 cg2d: Sum(rhs),rhsMax =   6.25277607468888E-13  1.93622537958142E+00
 cg2d: Sum(rhs),rhsMax =   6.67910171614494E-13  1.93630048003734E+00
 cg2d: Sum(rhs),rhsMax =   7.81597009336110E-13  1.93637503676829E+00
 cg2d: Sum(rhs),rhsMax =   1.22213350550737E-12  1.93644904984247E+00
 cg2d: Sum(rhs),rhsMax =   7.10542735760100E-13  1.93652251084128E+00
 cg2d: Sum(rhs),rhsMax =   8.38440428196918E-13  1.93659543271530E+00
 cg2d: Sum(rhs),rhsMax =   7.95807864051312E-13  1.93666781680667E+00
 cg2d: Sum(rhs),rhsMax =   2.27373675443232E-13  1.93673966115095E+00
 cg2d: Sum(rhs),rhsMax =   9.09494701772928E-13  1.93681096496432E+00
 cg2d: Sum(rhs),rhsMax =   8.24229573481716E-13  1.93688172875568E+00
 cg2d: Sum(rhs),rhsMax =   7.10542735760100E-13  1.93695195356343E+00
 cg2d: Sum(rhs),rhsMax =   4.26325641456060E-13  1.93702164043114E+00
 cg2d: Sum(rhs),rhsMax =   5.68434188608080E-13  1.93709079027513E+00
 cg2d: Sum(rhs),rhsMax =   7.95807864051312E-13  1.93715940391678E+00
 cg2d: Sum(rhs),rhsMax =   3.26849658449646E-13  1.93722748211796E+00
 cg2d: Sum(rhs),rhsMax =   4.68958205601666E-13  1.93729502559123E+00
 cg2d: Sum(rhs),rhsMax =   5.68434188608080E-13  1.93736203499913E+00
 cg2d: Sum(rhs),rhsMax =   5.82645043323282E-13  1.93742851095181E+00
 cg2d: Sum(rhs),rhsMax =   6.11066752753686E-13  1.93749445400491E+00
 cg2d: Sum(rhs),rhsMax =   5.82645043323282E-13  1.93755986465778E+00
 cg2d: Sum(rhs),rhsMax =   1.02318153949454E-12  1.93762474335235E+00
 cg2d: Sum(rhs),rhsMax =   8.10018718766514E-13  1.93768909047244E+00
 cg2d: Sum(rhs),rhsMax =   3.97903932025656E-13  1.93775290634385E+00
 cg2d: Sum(rhs),rhsMax =   7.38964445190504E-13  1.93781619123509E+00
 cg2d: Sum(rhs),rhsMax =   8.66862137627322E-13  1.93787894535841E+00
 cg2d: Sum(rhs),rhsMax =   5.96855898038484E-13  1.93794116887126E+00
 cg2d: Sum(rhs),rhsMax =   9.23705556488130E-13  1.93800286187763E+00
 cg2d: Sum(rhs),rhsMax =   6.53699316899292E-13  1.93806402442953E+00
 cg2d: Sum(rhs),rhsMax =   5.11590769747272E-13  1.93812465652821E+00
 cg2d: Sum(rhs),rhsMax =   7.38964445190504E-13  1.93818475812572E+00
 cg2d: Sum(rhs),rhsMax =   3.26849658449646E-13  1.93824432912662E+00
 cg2d: Sum(rhs),rhsMax =   5.54223333892878E-13  1.93830336939038E+00
 cg2d: Sum(rhs),rhsMax =   5.96855898038484E-13  1.93836116298171E+00
 cg2d: Sum(rhs),rhsMax =   6.67910171614494E-13  1.93841858617185E+00
 cg2d: Sum(rhs),rhsMax =   3.26849658449646E-13  1.93847548238650E+00
 cg2d: Sum(rhs),rhsMax =   4.68958205601666E-13  1.93853178913936E+00
 cg2d: Sum(rhs),rhsMax =   6.39488462184090E-13  1.93858751002915E+00
 cg2d: Sum(rhs),rhsMax =   9.66338120633736E-13  1.93864263962979E+00
 cg2d: Sum(rhs),rhsMax =   1.08002495835535E-12  1.93869716680955E+00
 cg2d: Sum(rhs),rhsMax =   8.66862137627322E-13  1.93875108089981E+00
 cg2d: Sum(rhs),rhsMax =   7.38964445190504E-13  1.93880437202617E+00
 cg2d: Sum(rhs),rhsMax =   2.84217094304040E-13  1.93885703078106E+00
 cg2d: Sum(rhs),rhsMax =   8.24229573481716E-13  1.93890904828486E+00
 cg2d: Sum(rhs),rhsMax =   2.70006239588838E-13  1.93896041633172E+00
 cg2d: Sum(rhs),rhsMax =   2.55795384873636E-13  1.93901112748906E+00
 cg2d: Sum(rhs),rhsMax =   7.38964445190504E-13  1.93906117516033E+00
 cg2d: Sum(rhs),rhsMax =   8.66862137627322E-13  1.93911055363119E+00
 cg2d: Sum(rhs),rhsMax =   8.38440428196918E-13  1.93915925810657E+00
 cg2d: Sum(rhs),rhsMax =   1.10844666778576E-12  1.93920728473974E+00
 cg2d: Sum(rhs),rhsMax =   2.84217094304040E-13  1.93925463065388E+00
 cg2d: Sum(rhs),rhsMax =   8.81072992342524E-13  1.93930129395609E+00
 cg2d: Sum(rhs),rhsMax =   8.10018718766514E-13  1.93934727374390E+00
 cg2d: Sum(rhs),rhsMax =   1.98951966012828E-13  1.93939257010398E+00
 cg2d: Sum(rhs),rhsMax =   1.06581410364015E-12  1.93943718410320E+00
 cg2d: Sum(rhs),rhsMax =   1.20792265079217E-12  1.93948111777149E+00
 cg2d: Sum(rhs),rhsMax =   5.82645043323282E-13  1.93952437407735E+00
 cg2d: Sum(rhs),rhsMax =   1.27897692436818E-13  1.93956695689568E+00
 cg2d: Sum(rhs),rhsMax =   9.52127265918534E-13  1.93960887096907E+00
 cg2d: Sum(rhs),rhsMax =   5.82645043323282E-13  1.93965012186296E+00
 cg2d: Sum(rhs),rhsMax =   1.10844666778576E-12  1.93969071591548E+00
 cg2d: Sum(rhs),rhsMax =   9.80548975348938E-13  1.93973066018250E+00
 cg2d: Sum(rhs),rhsMax =   4.40536496171262E-13  1.93976996237832E+00
 cg2d: Sum(rhs),rhsMax =   4.83169060316868E-13  1.93980863081241E+00
 cg2d: Sum(rhs),rhsMax =   9.09494701772928E-13  1.93984667432235E+00
 cg2d: Sum(rhs),rhsMax =   6.67910171614494E-13  1.93988410220343E+00
 cg2d: Sum(rhs),rhsMax =   2.84217094304040E-13  1.93992092413502E+00
 cg2d: Sum(rhs),rhsMax =   4.26325641456060E-13  1.93995715010443E+00
 cg2d: Sum(rhs),rhsMax =   9.23705556488130E-13  1.93999279032857E+00
 cg2d: Sum(rhs),rhsMax =   3.55271367880050E-13  1.94002785517417E+00
 cg2d: Sum(rhs),rhsMax =   3.55271367880050E-13  1.94006235507740E+00
 cg2d: Sum(rhs),rhsMax =   9.80548975348938E-13  1.94009630046311E+00
 cg2d: Sum(rhs),rhsMax =   6.39488462184090E-13  1.94012970166498E+00
 cg2d: Sum(rhs),rhsMax =   5.40012479177676E-13  1.94016256884671E+00
 cg2d: Sum(rhs),rhsMax =   2.55795384873636E-13  1.94019491192529E+00
 cg2d: Sum(rhs),rhsMax =   2.55795384873636E-13  1.94022674049651E+00
 cg2d: Sum(rhs),rhsMax =   9.52127265918534E-13  1.94025806376369E+00
 cg2d: Sum(rhs),rhsMax =   5.68434188608080E-13  1.94028889046982E+00
 cg2d: Sum(rhs),rhsMax =   5.82645043323282E-13  1.94031922883379E+00
 cg2d: Sum(rhs),rhsMax =   4.40536496171262E-13  1.94034908649114E+00
 cg2d: Sum(rhs),rhsMax =   4.83169060316868E-13  1.94037847043970E+00
 cg2d: Sum(rhs),rhsMax =   7.10542735760100E-14  1.94040738699049E+00
 cg2d: Sum(rhs),rhsMax =   8.24229573481716E-13  1.94043584172445E+00
 cg2d: Sum(rhs),rhsMax =   8.52651282912120E-13  1.94046383945504E+00
 cg2d: Sum(rhs),rhsMax =   4.97379915032070E-13  1.94049138419688E+00
 cg2d: Sum(rhs),rhsMax =   8.10018718766514E-13  1.94051847914120E+00
 cg2d: Sum(rhs),rhsMax =   8.38440428196918E-13  1.94054512663751E+00
 cg2d: Sum(rhs),rhsMax =   8.95283847057726E-13  1.94057132818200E+00
 cg2d: Sum(rhs),rhsMax =   6.39488462184090E-13  1.94059708441289E+00
 cg2d: Sum(rhs),rhsMax =   6.67910171614494E-13  1.94062239511220E+00
 cg2d: Sum(rhs),rhsMax =   6.53699316899292E-13  1.94064725921437E+00
 cg2d: Sum(rhs),rhsMax =   7.95807864051312E-13  1.94067167482145E+00
 cg2d: Sum(rhs),rhsMax =   4.26325641456060E-13  1.94069563922471E+00
 cg2d: Sum(rhs),rhsMax =   9.09494701772928E-13  1.94071914893251E+00
 cg2d: Sum(rhs),rhsMax =   8.24229573481716E-13  1.94074219970416E+00
 cg2d: Sum(rhs),rhsMax =   1.23634436022257E-12  1.94076478658954E+00
 cg2d: Sum(rhs),rhsMax =   6.96331881044898E-13  1.94078690397417E+00
 cg2d: Sum(rhs),rhsMax =   2.55795384873636E-13  1.94080854562908E+00
 cg2d: Sum(rhs),rhsMax =   5.54223333892878E-13  1.94082970476562E+00
 cg2d: Sum(rhs),rhsMax =   6.39488462184090E-13  1.94085037409407E+00
 cg2d: Sum(rhs),rhsMax =   5.96855898038484E-13  1.94087054588622E+00
 cg2d: Sum(rhs),rhsMax =   5.96855898038484E-13  1.94089021204094E+00
 cg2d: Sum(rhs),rhsMax =   2.41584530158434E-13  1.94090936415249E+00
 cg2d: Sum(rhs),rhsMax =   8.66862137627322E-13  1.94092799358086E+00
 cg2d: Sum(rhs),rhsMax =   6.67910171614494E-13  1.94094609152381E+00
 cg2d: Sum(rhs),rhsMax =   3.83693077310454E-13  1.94096364908981E+00
 cg2d: Sum(rhs),rhsMax =   7.67386154620908E-13  1.94098065737159E+00
 cg2d: Sum(rhs),rhsMax =   1.22213350550737E-12  1.94099710751947E+00
 cg2d: Sum(rhs),rhsMax =   9.09494701772928E-13  1.94101299081429E+00
 cg2d: Sum(rhs),rhsMax =   4.26325641456060E-13  1.94102829873900E+00
 cg2d: Sum(rhs),rhsMax =   1.42108547152020E-13  1.94104302304881E+00
 cg2d: Sum(rhs),rhsMax =   3.26849658449646E-13  1.94105715583890E+00
 cg2d: Sum(rhs),rhsMax =   3.97903932025656E-13  1.94107068960973E+00
 cg2d: Sum(rhs),rhsMax =  -1.70530256582424E-13  1.94108361732906E+00
 cg2d: Sum(rhs),rhsMax =   6.11066752753686E-13  1.94109593249035E+00
 cg2d: Sum(rhs),rhsMax =   3.69482222595252E-13  1.94110762916709E+00
 cg2d: Sum(rhs),rhsMax =   5.68434188608080E-13  1.94111870206282E+00
 cg2d: Sum(rhs),rhsMax =   6.25277607468888E-13  1.94112914655612E+00
 cg2d: Sum(rhs),rhsMax =   4.40536496171262E-13  1.94113895874055E+00
 cg2d: Sum(rhs),rhsMax =   8.24229573481716E-13  1.94114813545911E+00
 cg2d: Sum(rhs),rhsMax =   5.11590769747272E-13  1.94115667433301E+00
 cg2d: Sum(rhs),rhsMax =   7.67386154620908E-13  1.94116457378441E+00
 cg2d: Sum(rhs),rhsMax =   8.24229573481716E-13  1.94117183305327E+00
 cg2d: Sum(rhs),rhsMax =   2.55795384873636E-13  1.94117845220793E+00
 cg2d: Sum(rhs),rhsMax =   3.83693077310454E-13  1.94118443214945E+00
 cg2d: Sum(rhs),rhsMax =   1.22213350550737E-12  1.94118977460976E+00
 cg2d: Sum(rhs),rhsMax =   3.55271367880050E-13  1.94119448214358E+00
 cg2d: Sum(rhs),rhsMax =   5.25801624462474E-13  1.94119855811438E+00
 cg2d: Sum(rhs),rhsMax =   5.96855898038484E-13  1.94120200667414E+00
 cg2d: Sum(rhs),rhsMax =   8.95283847057726E-13  1.94120483273754E+00
 cg2d: Sum(rhs),rhsMax =   5.68434188608080E-13  1.94120704195050E+00
 cg2d: Sum(rhs),rhsMax =   7.10542735760100E-13  1.94120864065340E+00
 cg2d: Sum(rhs),rhsMax =   7.67386154620908E-13  1.94120963583930E+00
 cg2d: Sum(rhs),rhsMax =   1.98951966012828E-13  1.94121003510755E+00
 cg2d: Sum(rhs),rhsMax =   6.67910171614494E-13  1.94120984661294E+00
 cg2d: Sum(rhs),rhsMax =   1.22213350550737E-12  1.94120907901104E+00
 cg2d: Sum(rhs),rhsMax =   2.84217094304040E-13  1.94120774140009E+00
 cg2d: Sum(rhs),rhsMax =   1.25055521493778E-12  1.94120584325955E+00
 cg2d: Sum(rhs),rhsMax =   6.39488462184090E-13  1.94120339438638E+00
 cg2d: Sum(rhs),rhsMax =   5.68434188608080E-13  1.94120040482903E+00
 cg2d: Sum(rhs),rhsMax =   6.25277607468888E-13  1.94119688481977E+00
 cg2d: Sum(rhs),rhsMax =   1.03739239420975E-12  1.94119284470602E+00
 cg2d: Sum(rhs),rhsMax =   6.39488462184090E-13  1.94118829488098E+00
 cg2d: Sum(rhs),rhsMax =   2.27373675443232E-13  1.94118324571417E+00
 cg2d: Sum(rhs),rhsMax =   1.27897692436818E-13  1.94117770748247E+00
 cg2d: Sum(rhs),rhsMax =   5.54223333892878E-13  1.94117169030199E+00
 cg2d: Sum(rhs),rhsMax =   9.66338120633736E-13  1.94116520406141E+00
 cg2d: Sum(rhs),rhsMax =   1.84741111297626E-13  1.94115825835724E+00
 cg2d: Sum(rhs),rhsMax =   0.00000000000000E+00  1.94115086243142E+00
 cg2d: Sum(rhs),rhsMax =   1.13686837721616E-13  1.94114302511180E+00
 cg2d: Sum(rhs),rhsMax =   5.40012479177676E-13  1.94113475475575E+00
 cg2d: Sum(rhs),rhsMax =   3.26849658449646E-13  1.94112605919766E+00
 cg2d: Sum(rhs),rhsMax =   7.38964445190504E-13  1.94111694570012E+00
 cg2d: Sum(rhs),rhsMax =   2.55795384873636E-13  1.94110742090981E+00
 cg2d: Sum(rhs),rhsMax =   4.40536496171262E-13  1.94109749081763E+00
 cg2d: Sum(rhs),rhsMax =   4.26325641456060E-13  1.94108716072423E+00
 cg2d: Sum(rhs),rhsMax =   7.67386154620908E-13  1.94107643521020E+00
 cg2d: Sum(rhs),rhsMax =   3.97903932025656E-13  1.94106531811194E+00
 cg2d: Sum(rhs),rhsMax =   5.68434188608080E-14  1.94105381250283E+00
 cg2d: Sum(rhs),rhsMax =   9.23705556488130E-13  1.94104192067999E+00
 cg2d: Sum(rhs),rhsMax =   3.41060513164848E-13  1.94102964415676E+00
 cg2d: Sum(rhs),rhsMax =   9.23705556488130E-13  1.94101698366077E+00
 cg2d: Sum(rhs),rhsMax =   6.39488462184090E-13  1.94100393913766E+00
 cg2d: Sum(rhs),rhsMax =   5.68434188608080E-13  1.94099050976039E+00
 cg2d: Sum(rhs),rhsMax =   8.10018718766514E-13  1.94097669394410E+00
 cg2d: Sum(rhs),rhsMax =   3.26849658449646E-13  1.94096248936612E+00
 cg2d: Sum(rhs),rhsMax =   6.96331881044898E-13  1.94094789299137E+00
 cg2d: Sum(rhs),rhsMax =   4.26325641456060E-13  1.94093290110250E+00
 cg2d: Sum(rhs),rhsMax =   5.54223333892878E-13  1.94091750933489E+00
 cg2d: Sum(rhs),rhsMax =   5.96855898038484E-13  1.94090171271587E+00
 cg2d: Sum(rhs),rhsMax =   9.09494701772928E-13  1.94088550570824E+00
 cg2d: Sum(rhs),rhsMax =   7.10542735760100E-13  1.94086888225735E+00
 cg2d: Sum(rhs),rhsMax =   5.96855898038484E-13  1.94085183584171E+00
 cg2d: Sum(rhs),rhsMax =   8.66862137627322E-13  1.94083435952650E+00
 cg2d: Sum(rhs),rhsMax =   6.82121026329696E-13  1.94081644601970E+00
 cg2d: Sum(rhs),rhsMax =   6.82121026329696E-13  1.94079808773037E+00
 cg2d: Sum(rhs),rhsMax =   1.70530256582424E-13  1.94077927682870E+00
 cg2d: Sum(rhs),rhsMax =   1.84741111297626E-13  1.94076000530721E+00
 cg2d: Sum(rhs),rhsMax =   7.81597009336110E-13  1.94074026504293E+00
 cg2d: Sum(rhs),rhsMax =   1.03739239420975E-12  1.94072004785987E+00
 cg2d: Sum(rhs),rhsMax =   5.54223333892878E-13  1.94069934559134E+00
 cg2d: Sum(rhs),rhsMax =   6.82121026329696E-13  1.94067815014182E+00
 cg2d: Sum(rhs),rhsMax =   1.13686837721616E-13  1.94065645354785E+00
 cg2d: Sum(rhs),rhsMax =   4.83169060316868E-13  1.94063424803737E+00
 cg2d: Sum(rhs),rhsMax =   5.82645043323282E-13  1.94061152608741E+00
 cg2d: Sum(rhs),rhsMax =   4.12114786740858E-13  1.94058828047938E+00
 cg2d: Sum(rhs),rhsMax =   2.84217094304040E-13  1.94056450435178E+00
 cg2d: Sum(rhs),rhsMax =   1.10844666778576E-12  1.94054019124994E+00
 cg2d: Sum(rhs),rhsMax =   7.95807864051312E-13  1.94051533517248E+00
 cg2d: Sum(rhs),rhsMax =   3.83693077310454E-13  1.94048993061399E+00
 cg2d: Sum(rhs),rhsMax =   8.66862137627322E-13  1.94046397260394E+00
 cg2d: Sum(rhs),rhsMax =   7.38964445190504E-13  1.94043745674127E+00
 cg2d: Sum(rhs),rhsMax =   1.09423581307055E-12  1.94041037922478E+00
 cg2d: Sum(rhs),rhsMax =   3.55271367880050E-13  1.94038273687867E+00
 cg2d: Sum(rhs),rhsMax =   1.35003119794419E-12  1.94035452717367E+00
 cg2d: Sum(rhs),rhsMax =   5.82645043323282E-13  1.94032574824316E+00
 cg2d: Sum(rhs),rhsMax =   1.06581410364015E-12  1.94029639889434E+00
 cg2d: Sum(rhs),rhsMax =   7.24753590475302E-13  1.94026647861455E+00
 cg2d: Sum(rhs),rhsMax =   4.40536496171262E-13  1.94023598757261E+00
 cg2d: Sum(rhs),rhsMax =   1.13686837721616E-12  1.94020492661519E+00
 cg2d: Sum(rhs),rhsMax =   7.10542735760100E-13  1.94017329725830E+00
 cg2d: Sum(rhs),rhsMax =   2.98427949019242E-13  1.94014110167422E+00
 cg2d: Sum(rhs),rhsMax =   7.38964445190504E-13  1.94010834267353E+00
 cg2d: Sum(rhs),rhsMax =   8.24229573481716E-13  1.94007502368297E+00
 cg2d: Sum(rhs),rhsMax =   8.38440428196918E-13  1.94004114871889E+00
 cg2d: Sum(rhs),rhsMax =   6.25277607468888E-13  1.94000672235680E+00
 cg2d: Sum(rhs),rhsMax =   4.54747350886464E-13  1.93997174969717E+00
 cg2d: Sum(rhs),rhsMax =   6.25277607468888E-13  1.93993623632766E+00
 cg2d: Sum(rhs),rhsMax =  -7.10542735760100E-14  1.93990018828245E+00
 cg2d: Sum(rhs),rhsMax =   9.23705556488130E-13  1.93986361199849E+00
 cg2d: Sum(rhs),rhsMax =   1.00897068477934E-12  1.93982651426949E+00
 cg2d: Sum(rhs),rhsMax =   7.38964445190504E-13  1.93978890219771E+00
 cg2d: Sum(rhs),rhsMax =   6.82121026329696E-13  1.93975078314404E+00
 cg2d: Sum(rhs),rhsMax =   3.41060513164848E-13  1.93971216467670E+00
 cg2d: Sum(rhs),rhsMax =   7.10542735760100E-13  1.93967305451914E+00
 cg2d: Sum(rhs),rhsMax =   1.37845290737459E-12  1.93963346049720E+00
 cg2d: Sum(rhs),rhsMax =   7.53175299905706E-13  1.93959339048612E+00
 cg2d: Sum(rhs),rhsMax =   7.81597009336110E-13  1.93955285235793E+00
 cg2d: Sum(rhs),rhsMax =   4.12114786740858E-13  1.93951185392931E+00
 cg2d: Sum(rhs),rhsMax =   9.94759830064140E-13  1.93947040291042E+00
 cg2d: Sum(rhs),rhsMax =   8.10018718766514E-13  1.93942850685523E+00
 cg2d: Sum(rhs),rhsMax =   9.94759830064140E-13  1.93938617293887E+00
 cg2d: Sum(rhs),rhsMax =   4.83169060316868E-13  1.93934340815041E+00
 cg2d: Sum(rhs),rhsMax =   4.68958205601666E-13  1.93930021947994E+00
 cg2d: Sum(rhs),rhsMax =   7.81597009336110E-13  1.93925661367325E+00
 cg2d: Sum(rhs),rhsMax =   1.17950094136177E-12  1.93921259695431E+00
 cg2d: Sum(rhs),rhsMax =   5.96855898038484E-13  1.93916817495848E+00
 cg2d: Sum(rhs),rhsMax =   3.69482222595252E-13  1.93912335280045E+00
 cg2d: Sum(rhs),rhsMax =   5.11590769747272E-13  1.93907813514694E+00
 cg2d: Sum(rhs),rhsMax =   7.24753590475302E-13  1.93903252623230E+00
 cg2d: Sum(rhs),rhsMax =   9.80548975348938E-13  1.93898652982641E+00
 cg2d: Sum(rhs),rhsMax =   3.55271367880050E-13  1.93894014919155E+00
 cg2d: Sum(rhs),rhsMax =   6.39488462184090E-13  1.93889338705207E+00
 cg2d: Sum(rhs),rhsMax =   3.97903932025656E-13  1.93884624558013E+00
 cg2d: Sum(rhs),rhsMax =   6.11066752753686E-13  1.93879872639174E+00
 cg2d: Sum(rhs),rhsMax =   3.55271367880050E-13  1.93875083054868E+00
 cg2d: Sum(rhs),rhsMax =   7.24753590475302E-13  1.93870255856449E+00
 cg2d: Sum(rhs),rhsMax =   6.96331881044898E-13  1.93865391041391E+00
 cg2d: Sum(rhs),rhsMax =   7.10542735760100E-13  1.93860488554577E+00
 cg2d: Sum(rhs),rhsMax =   1.27897692436818E-12  1.93855548289934E+00
 cg2d: Sum(rhs),rhsMax =   6.53699316899292E-13  1.93850570092378E+00
 cg2d: Sum(rhs),rhsMax =   1.17950094136177E-12  1.93845553760088E+00
 cg2d: Sum(rhs),rhsMax =   4.26325641456060E-13  1.93840499047080E+00
 cg2d: Sum(rhs),rhsMax =   7.81597009336110E-13  1.93835405666091E+00
 cg2d: Sum(rhs),rhsMax =   5.68434188608080E-13  1.93830273291778E+00
 cg2d: Sum(rhs),rhsMax =   5.96855898038484E-13  1.93825101564168E+00
 cg2d: Sum(rhs),rhsMax =   9.52127265918534E-13  1.93819890092369E+00
 cg2d: Sum(rhs),rhsMax =   9.66338120633736E-13  1.93814638458490E+00
 cg2d: Sum(rhs),rhsMax =   2.98427949019242E-13  1.93809346221724E+00
 cg2d: Sum(rhs),rhsMax =   3.26849658449646E-13  1.93804012922544E+00
 cg2d: Sum(rhs),rhsMax =   1.00897068477934E-12  1.93798638086995E+00
 cg2d: Sum(rhs),rhsMax =   2.84217094304040E-13  1.93793221231030E+00
 cg2d: Sum(rhs),rhsMax =   3.12638803734444E-13  1.93787761864862E+00
 cg2d: Sum(rhs),rhsMax =   1.12265752250096E-12  1.93782259497296E+00
 cg2d: Sum(rhs),rhsMax =   5.82645043323282E-13  1.93776713640029E+00
 cg2d: Sum(rhs),rhsMax =   3.26849658449646E-13  1.93771123811878E+00
 cg2d: Sum(rhs),rhsMax =   1.00897068477934E-12  1.93765489542902E+00
 cg2d: Sum(rhs),rhsMax =   2.41584530158434E-13  1.93759810378407E+00
 cg2d: Sum(rhs),rhsMax =   5.82645043323282E-13  1.93754085882786E+00
 cg2d: Sum(rhs),rhsMax =   4.40536496171262E-13  1.93748315643191E+00
 cg2d: Sum(rhs),rhsMax =   2.98427949019242E-13  1.93742499272985E+00
 cg2d: Sum(rhs),rhsMax =   8.95283847057726E-13  1.93736636414964E+00
 cg2d: Sum(rhs),rhsMax =   9.52127265918534E-13  1.93730726744334E+00
 cg2d: Sum(rhs),rhsMax =   5.25801624462474E-13  1.93724769971404E+00
 cg2d: Sum(rhs),rhsMax =   3.55271367880050E-13  1.93718765843993E+00
 cg2d: Sum(rhs),rhsMax =   6.11066752753686E-13  1.93712714149533E+00
 cg2d: Sum(rhs),rhsMax =   4.12114786740858E-13  1.93706614716847E+00
 cg2d: Sum(rhs),rhsMax =   7.67386154620908E-13  1.93700467417615E+00
 cg2d: Sum(rhs),rhsMax =   5.96855898038484E-13  1.93694272167477E+00
 cg2d: Sum(rhs),rhsMax =   2.70006239588838E-13  1.93688028926826E+00
 cg2d: Sum(rhs),rhsMax =   4.40536496171262E-13  1.93681737701242E+00
 cg2d: Sum(rhs),rhsMax =   3.83693077310454E-13  1.93675398541580E+00
 cg2d: Sum(rhs),rhsMax =   2.70006239588838E-13  1.93669011543739E+00
 cg2d: Sum(rhs),rhsMax =   2.27373675443232E-13  1.93662576848078E+00
 cg2d: Sum(rhs),rhsMax =   5.82645043323282E-13  1.93656094638517E+00
 cg2d: Sum(rhs),rhsMax =   7.81597009336110E-13  1.93649565141318E+00
 cg2d: Sum(rhs),rhsMax =   8.24229573481716E-13  1.93642988623576E+00
 cg2d: Sum(rhs),rhsMax =   4.54747350886464E-13  1.93636365391401E+00
 cg2d: Sum(rhs),rhsMax =   8.24229573481716E-13  1.93629695787855E+00
 cg2d: Sum(rhs),rhsMax =   8.66862137627322E-13  1.93622980190620E+00
 cg2d: Sum(rhs),rhsMax =   3.26849658449646E-13  1.93616219009444E+00
 cg2d: Sum(rhs),rhsMax =   8.10018718766514E-13  1.93609412683379E+00
(PID.TID 0000.0001) %CHECKPOINT   3111840 ckptA
(PID.TID 0000.0001)   early fc =  0.000000000000000D+00
 --> objf_test(bi,bj)        =  0.189842664522704D+00
(PID.TID 0000.0001)   local fc =  0.189842664522704D+00
(PID.TID 0000.0001)  global fc =  0.322547976275027D+00
(PID.TID 0000.0001) whio : write lev 2 rec   1
(PID.TID 0000.0001) SOLVE_FOR_PRESSURE: putPmEinXvector =    F
 cg2d: Sum(rhs),rhsMax =   8.52651282912120E-13  1.99900718163814E+00
 cg2d: Sum(rhs),rhsMax =   7.81597009336110E-13  1.99891722427463E+00
 cg2d: Sum(rhs),rhsMax =   1.50635059981141E-12  1.99882649286104E+00
 cg2d: Sum(rhs),rhsMax =   5.82645043323282E-13  1.99873498159962E+00
 cg2d: Sum(rhs),rhsMax =   9.37916411203332E-13  1.99864269010628E+00
 cg2d: Sum(rhs),rhsMax =   3.26849658449646E-13  1.99854961876264E+00
 cg2d: Sum(rhs),rhsMax =   4.54747350886464E-13  1.99845576788955E+00
 cg2d: Sum(rhs),rhsMax =   5.25801624462474E-13  1.99836113784468E+00
 cg2d: Sum(rhs),rhsMax =   3.41060513164848E-13  1.99826572897853E+00
 cg2d: Sum(rhs),rhsMax =   9.37916411203332E-13  1.99816954154800E+00
 cg2d: Sum(rhs),rhsMax =   3.69482222595252E-13  1.99807257570752E+00
 cg2d: Sum(rhs),rhsMax =   9.37916411203332E-13  1.99797483157076E+00
 cg2d: Sum(rhs),rhsMax =   4.97379915032070E-13  1.99787630928802E+00
 cg2d: Sum(rhs),rhsMax =   8.52651282912120E-13  1.99777700909586E+00
 cg2d: Sum(rhs),rhsMax =   8.24229573481716E-13  1.99767693132623E+00
 cg2d: Sum(rhs),rhsMax =   5.68434188608080E-13  1.99757607638737E+00
 cg2d: Sum(rhs),rhsMax =   7.10542735760100E-13  1.99747444473723E+00
 cg2d: Sum(rhs),rhsMax =   8.81072992342524E-13  1.99737203686449E+00
 cg2d: Sum(rhs),rhsMax =   6.25277607468888E-13  1.99726885328106E+00
 cg2d: Sum(rhs),rhsMax =   7.81597009336110E-13  1.99716489452377E+00
 cg2d: Sum(rhs),rhsMax =   3.12638803734444E-13  1.99706016115903E+00
 cg2d: Sum(rhs),rhsMax =   3.83693077310454E-13  1.99695465378713E+00
 cg2d: Sum(rhs),rhsMax =   5.68434188608080E-13  1.99684837304370E+00
 cg2d: Sum(rhs),rhsMax =   4.26325641456060E-13  1.99674131959909E+00
 cg2d: Sum(rhs),rhsMax =   3.83693077310454E-13  1.99663349415570E+00
 cg2d: Sum(rhs),rhsMax =   5.40012479177676E-13  1.99652489744398E+00
 cg2d: Sum(rhs),rhsMax =   5.68434188608080E-13  1.99641553021776E+00
 cg2d: Sum(rhs),rhsMax =   7.67386154620908E-13  1.99630539324887E+00
 cg2d: Sum(rhs),rhsMax =   1.26476606965298E-12  1.99619448732192E+00
 cg2d: Sum(rhs),rhsMax =   3.26849658449646E-13  1.99608281322969E+00
 cg2d: Sum(rhs),rhsMax =  -2.41584530158434E-13  1.99597037176933E+00
 cg2d: Sum(rhs),rhsMax =   6.82121026329696E-13  1.99585716374004E+00
 cg2d: Sum(rhs),rhsMax =   7.38964445190504E-13  1.99574318994199E+00
 cg2d: Sum(rhs),rhsMax =   4.83169060316868E-13  1.99562845117595E+00
 cg2d: Sum(rhs),rhsMax =   8.52651282912120E-13  1.99551294824340E+00
 cg2d: Sum(rhs),rhsMax =   5.54223333892878E-13  1.99539668194636E+00
 cg2d: Sum(rhs),rhsMax =   7.81597009336110E-13  1.99527965308675E+00
 cg2d: Sum(rhs),rhsMax =   8.66862137627322E-13  1.99516186246490E+00
 cg2d: Sum(rhs),rhsMax =   6.39488462184090E-13  1.99504331087728E+00
 cg2d: Sum(rhs),rhsMax =   7.10542735760100E-14  1.99492399911349E+00
 cg2d: Sum(rhs),rhsMax =   1.70530256582424E-13  1.99480392795287E+00
 cg2d: Sum(rhs),rhsMax =   7.38964445190504E-13  1.99468309816143E+00
 cg2d: Sum(rhs),rhsMax =   9.80548975348938E-13  1.99456151048905E+00
 cg2d: Sum(rhs),rhsMax =   8.52651282912120E-13  1.99443916566721E+00
 cg2d: Sum(rhs),rhsMax =   1.12265752250096E-12  1.99431606440727E+00
 cg2d: Sum(rhs),rhsMax =   6.11066752753686E-13  1.99419220739920E+00
 cg2d: Sum(rhs),rhsMax =   6.82121026329696E-13  1.99406759531059E+00
 cg2d: Sum(rhs),rhsMax =   4.40536496171262E-13  1.99394222878600E+00
 cg2d: Sum(rhs),rhsMax =   5.11590769747272E-13  1.99381610844648E+00
 cg2d: Sum(rhs),rhsMax =   6.25277607468888E-13  1.99368923488917E+00
 cg2d: Sum(rhs),rhsMax =   1.06581410364015E-12  1.99356160868705E+00
 cg2d: Sum(rhs),rhsMax =   6.53699316899292E-13  1.99343323038886E+00
 cg2d: Sum(rhs),rhsMax =   5.11590769747272E-13  1.99330410051913E+00
 cg2d: Sum(rhs),rhsMax =   8.10018718766514E-13  1.99317421957839E+00
 cg2d: Sum(rhs),rhsMax =   7.38964445190504E-13  1.99304358804364E+00
 cg2d: Sum(rhs),rhsMax =   1.06581410364015E-12  1.99291220636902E+00
 cg2d: Sum(rhs),rhsMax =   4.97379915032070E-13  1.99278007498672E+00
 cg2d: Sum(rhs),rhsMax =   7.95807864051312E-13  1.99264719430797E+00
 cg2d: Sum(rhs),rhsMax =   7.24753590475302E-13  1.99251356472431E+00
 cg2d: Sum(rhs),rhsMax =   5.40012479177676E-13  1.99237918660897E+00
 cg2d: Sum(rhs),rhsMax =   5.96855898038484E-13  1.99224406031819E+00
 cg2d: Sum(rhs),rhsMax =   1.00897068477934E-12  1.99210818619292E+00
 cg2d: Sum(rhs),rhsMax =   7.95807864051312E-13  1.99197156456023E+00
 cg2d: Sum(rhs),rhsMax =   8.10018718766514E-13  1.99183419573504E+00
 cg2d: Sum(rhs),rhsMax =   4.54747350886464E-13  1.99169608002185E+00
 cg2d: Sum(rhs),rhsMax =   4.83169060316868E-13  1.99155721771640E+00
 cg2d: Sum(rhs),rhsMax =   6.96331881044898E-13  1.99141760910769E+00
 cg2d: Sum(rhs),rhsMax =   2.41584530158434E-13  1.99127725447975E+00
 cg2d: Sum(rhs),rhsMax =   6.39488462184090E-13  1.99113615411376E+00
 cg2d: Sum(rhs),rhsMax =   7.10542735760100E-13  1.99099430829005E+00
 cg2d: Sum(rhs),rhsMax =   8.24229573481716E-13  1.99085171729027E+00
 cg2d: Sum(rhs),rhsMax =   3.26849658449646E-13  1.99070838139951E+00
(PID.TID 0000.0001) whio : write lev 2 rec   2
 cg2d: Sum(rhs),rhsMax =   1.05160324892495E-12  1.99056430090849E+00
 cg2d: Sum(rhs),rhsMax =   5.68434188608080E-13  1.99041947611577E+00
 cg2d: Sum(rhs),rhsMax =   2.55795384873636E-13  1.99027390732974E+00
 cg2d: Sum(rhs),rhsMax =   5.96855898038484E-13  1.99012759487094E+00
 cg2d: Sum(rhs),rhsMax =   3.26849658449646E-13  1.98998053907398E+00
 cg2d: Sum(rhs),rhsMax =   5.40012479177676E-13  1.98983274028953E+00
 cg2d: Sum(rhs),rhsMax =   8.81072992342524E-13  1.98968419888621E+00
 cg2d: Sum(rhs),rhsMax =   4.68958205601666E-13  1.98953491525243E+00
 cg2d: Sum(rhs),rhsMax =   3.97903932025656E-13  1.98938488979809E+00
 cg2d: Sum(rhs),rhsMax =   1.12265752250096E-12  1.98923412295613E+00
 cg2d: Sum(rhs),rhsMax =   4.97379915032070E-13  1.98908261518407E+00
 cg2d: Sum(rhs),rhsMax =   1.03739239420975E-12  1.98893036696536E+00
 cg2d: Sum(rhs),rhsMax =   3.97903932025656E-13  1.98877737881065E+00
 cg2d: Sum(rhs),rhsMax =   4.54747350886464E-13  1.98862365125883E+00
 cg2d: Sum(rhs),rhsMax =   7.95807864051312E-13  1.98846918487815E+00
 cg2d: Sum(rhs),rhsMax =   9.66338120633736E-13  1.98831398026689E+00
 cg2d: Sum(rhs),rhsMax =   9.23705556488130E-13  1.98815803805426E+00
 cg2d: Sum(rhs),rhsMax =   9.23705556488130E-13  1.98800135890080E+00
 cg2d: Sum(rhs),rhsMax =   2.27373675443232E-13  1.98784394349884E+00
 cg2d: Sum(rhs),rhsMax =   9.80548975348938E-13  1.98768579257287E+00
 cg2d: Sum(rhs),rhsMax =   4.40536496171262E-13  1.98752690687945E+00
 cg2d: Sum(rhs),rhsMax =   8.10018718766514E-13  1.98736728720735E+00
 cg2d: Sum(rhs),rhsMax =   2.27373675443232E-13  1.98720693437723E+00
 cg2d: Sum(rhs),rhsMax =   6.96331881044898E-13  1.98704584924140E+00
 cg2d: Sum(rhs),rhsMax =   7.67386154620908E-13  1.98688403268324E+00
 cg2d: Sum(rhs),rhsMax =   1.98951966012828E-13  1.98672148561659E+00
 cg2d: Sum(rhs),rhsMax =   5.40012479177676E-13  1.98655820898490E+00
 cg2d: Sum(rhs),rhsMax =   6.67910171614494E-13  1.98639420376027E+00
 cg2d: Sum(rhs),rhsMax =   4.40536496171262E-13  1.98622947094271E+00
 cg2d: Sum(rhs),rhsMax =   8.52651282912120E-13  1.98606401155908E+00
 cg2d: Sum(rhs),rhsMax =   4.54747350886464E-13  1.98589782666181E+00
 cg2d: Sum(rhs),rhsMax =   1.05160324892495E-12  1.98573091732729E+00
 cg2d: Sum(rhs),rhsMax =   2.98427949019242E-13  1.98556328465445E+00
 cg2d: Sum(rhs),rhsMax =   7.53175299905706E-13  1.98539492976335E+00
 cg2d: Sum(rhs),rhsMax =   7.81597009336110E-13  1.98522585379359E+00
 cg2d: Sum(rhs),rhsMax =   5.96855898038484E-13  1.98505605790274E+00
 cg2d: Sum(rhs),rhsMax =   5.82645043323282E-13  1.98488554326477E+00
 cg2d: Sum(rhs),rhsMax =   6.39488462184090E-13  1.98471431106829E+00
 cg2d: Sum(rhs),rhsMax =   4.68958205601666E-13  1.98454236251496E+00
 cg2d: Sum(rhs),rhsMax =   1.70530256582424E-13  1.98436969881764E+00
 cg2d: Sum(rhs),rhsMax =   9.23705556488130E-13  1.98419632119872E+00
 cg2d: Sum(rhs),rhsMax =   6.67910171614494E-13  1.98402223088842E+00
 cg2d: Sum(rhs),rhsMax =   2.27373675443232E-13  1.98384742912312E+00
 cg2d: Sum(rhs),rhsMax =   4.97379915032070E-13  1.98367191714351E+00
 cg2d: Sum(rhs),rhsMax =   7.10542735760100E-13  1.98349569619308E+00
 cg2d: Sum(rhs),rhsMax =   8.52651282912120E-13  1.98331876751651E+00
 cg2d: Sum(rhs),rhsMax =   8.81072992342524E-13  1.98314113235799E+00
 cg2d: Sum(rhs),rhsMax =   8.52651282912120E-13  1.98296279195984E+00
 cg2d: Sum(rhs),rhsMax =   1.02318153949454E-12  1.98278374756094E+00
 cg2d: Sum(rhs),rhsMax =   6.53699316899292E-13  1.98260400039550E+00
 cg2d: Sum(rhs),rhsMax =   4.68958205601666E-13  1.98242355169166E+00
 cg2d: Sum(rhs),rhsMax =   4.83169060316868E-13  1.98224240267025E+00
 cg2d: Sum(rhs),rhsMax =   7.38964445190504E-13  1.98206055454376E+00
 cg2d: Sum(rhs),rhsMax =   8.95283847057726E-13  1.98187800851551E+00
 cg2d: Sum(rhs),rhsMax =   7.67386154620908E-13  1.98169476577865E+00
 cg2d: Sum(rhs),rhsMax =   1.02318153949454E-12  1.98151082751545E+00
 cg2d: Sum(rhs),rhsMax =   5.40012479177676E-13  1.98132619489648E+00
 cg2d: Sum(rhs),rhsMax =   5.40012479177676E-13  1.98114086908013E+00
 cg2d: Sum(rhs),rhsMax =   6.53699316899292E-13  1.98095485121213E+00
 cg2d: Sum(rhs),rhsMax =   8.81072992342524E-13  1.98076814242527E+00
 cg2d: Sum(rhs),rhsMax =   5.11590769747272E-13  1.98058074383928E+00
 cg2d: Sum(rhs),rhsMax =   2.13162820728030E-13  1.98039265656073E+00
 cg2d: Sum(rhs),rhsMax =   4.97379915032070E-13  1.98020388168304E+00
 cg2d: Sum(rhs),rhsMax =   8.52651282912120E-13  1.98001442028673E+00
 cg2d: Sum(rhs),rhsMax =   7.38964445190504E-13  1.97982427343966E+00
 cg2d: Sum(rhs),rhsMax =   7.53175299905706E-13  1.97963344219734E+00
 cg2d: Sum(rhs),rhsMax =   3.55271367880050E-13  1.97944192760356E+00
 cg2d: Sum(rhs),rhsMax =   3.97903932025656E-13  1.97924973069082E+00
 cg2d: Sum(rhs),rhsMax =   7.53175299905706E-13  1.97905685248117E+00
 cg2d: Sum(rhs),rhsMax =   7.53175299905706E-13  1.97886329398688E+00
 cg2d: Sum(rhs),rhsMax =   6.11066752753686E-13  1.97866905621136E+00
 cg2d: Sum(rhs),rhsMax =   6.53699316899292E-13  1.97847414015006E+00
(PID.TID 0000.0001) whio : write lev 2 rec   3
 cg2d: Sum(rhs),rhsMax =   5.25801624462474E-13  1.97827854679158E+00
 cg2d: Sum(rhs),rhsMax =   2.13162820728030E-13  1.97808227711866E+00
 cg2d: Sum(rhs),rhsMax =   3.97903932025656E-13  1.97788533210936E+00
 cg2d: Sum(rhs),rhsMax =   4.83169060316868E-13  1.97768771273827E+00
 cg2d: Sum(rhs),rhsMax =   5.68434188608080E-13  1.97748941997780E+00
 cg2d: Sum(rhs),rhsMax =   8.52651282912120E-13  1.97729045479931E+00
 cg2d: Sum(rhs),rhsMax =   5.25801624462474E-13  1.97709081817457E+00
 cg2d: Sum(rhs),rhsMax =   5.11590769747272E-13  1.97689051107700E+00
 cg2d: Sum(rhs),rhsMax =   7.24753590475302E-13  1.97668953448292E+00
 cg2d: Sum(rhs),rhsMax =   4.83169060316868E-13  1.97648788937311E+00
 cg2d: Sum(rhs),rhsMax =   4.26325641456060E-13  1.97628557673392E+00
 cg2d: Sum(rhs),rhsMax =   8.38440428196918E-13  1.97608259755867E+00
 cg2d: Sum(rhs),rhsMax =   7.38964445190504E-13  1.97587895284890E+00
 cg2d: Sum(rhs),rhsMax =   4.40536496171262E-13  1.97567464361575E+00
 cg2d: Sum(rhs),rhsMax =   5.40012479177676E-13  1.97546967088098E+00
 cg2d: Sum(rhs),rhsMax =   7.67386154620908E-13  1.97526403567837E+00
 cg2d: Sum(rhs),rhsMax =   4.83169060316868E-13  1.97505773905462E+00
 cg2d: Sum(rhs),rhsMax =   8.24229573481716E-13  1.97485078207062E+00
 cg2d: Sum(rhs),rhsMax =   4.40536496171262E-13  1.97464316580237E+00
 cg2d: Sum(rhs),rhsMax =   5.11590769747272E-13  1.97443489134190E+00
 cg2d: Sum(rhs),rhsMax =   7.38964445190504E-13  1.97422595979816E+00
 cg2d: Sum(rhs),rhsMax =   7.81597009336110E-13  1.97401637229787E+00
 cg2d: Sum(rhs),rhsMax =   5.40012479177676E-13  1.97380612998610E+00
 cg2d: Sum(rhs),rhsMax =   3.83693077310454E-13  1.97359523402704E+00
 cg2d: Sum(rhs),rhsMax =   6.82121026329696E-13  1.97338368560446E+00
 cg2d: Sum(rhs),rhsMax =   6.82121026329696E-13  1.97317148592217E+00
 cg2d: Sum(rhs),rhsMax =   4.40536496171262E-13  1.97295863620440E+00
 cg2d: Sum(rhs),rhsMax =   6.39488462184090E-13  1.97274513769602E+00
 cg2d: Sum(rhs),rhsMax =   4.97379915032070E-13  1.97253099166276E+00
 cg2d: Sum(rhs),rhsMax =   5.40012479177676E-13  1.97231619939129E+00
 cg2d: Sum(rhs),rhsMax =   9.94759830064140E-13  1.97210076218916E+00
 cg2d: Sum(rhs),rhsMax =   5.54223333892878E-13  1.97188468138468E+00
 cg2d: Sum(rhs),rhsMax =   5.40012479177676E-13  1.97166795832684E+00
 cg2d: Sum(rhs),rhsMax =   2.41584530158434E-13  1.97145059438484E+00
 cg2d: Sum(rhs),rhsMax =   2.13162820728030E-13  1.97123259094787E+00
 cg2d: Sum(rhs),rhsMax =   3.83693077310454E-13  1.97101394942454E+00
 cg2d: Sum(rhs),rhsMax =   7.38964445190504E-13  1.97079467124240E+00
 cg2d: Sum(rhs),rhsMax =   4.97379915032070E-13  1.97057475784731E+00
 cg2d: Sum(rhs),rhsMax =   5.68434188608080E-13  1.97035421070274E+00
 cg2d: Sum(rhs),rhsMax =   3.26849658449646E-13  1.97013303128896E+00
 cg2d: Sum(rhs),rhsMax =   9.52127265918534E-13  1.96991122110236E+00
 cg2d: Sum(rhs),rhsMax =   9.23705556488130E-13  1.96968878165438E+00
 cg2d: Sum(rhs),rhsMax =   9.94759830064140E-14  1.96946571447079E+00
 cg2d: Sum(rhs),rhsMax =   8.10018718766514E-13  1.96924202109055E+00
 cg2d: Sum(rhs),rhsMax =   5.40012479177676E-13  1.96901770306481E+00
 cg2d: Sum(rhs),rhsMax =   5.96855898038484E-13  1.96879276195601E+00
 cg2d: Sum(rhs),rhsMax =   6.82121026329696E-13  1.96856719933661E+00
 cg2d: Sum(rhs),rhsMax =   1.19371179607697E-12  1.96834101678808E+00
 cg2d: Sum(rhs),rhsMax =   4.12114786740858E-13  1.96811421589974E+00
 cg2d: Sum(rhs),rhsMax =   5.25801624462474E-13  1.96788679826769E+00
 cg2d: Sum(rhs),rhsMax =   8.24229573481716E-13  1.96765876549382E+00
 cg2d: Sum(rhs),rhsMax =   3.12638803734444E-13  1.96743011918473E+00
 cg2d: Sum(rhs),rhsMax =   4.40536496171262E-13  1.96720086095064E+00
 cg2d: Sum(rhs),rhsMax =   8.81072992342524E-13  1.96697099240417E+00
 cg2d: Sum(rhs),rhsMax =   6.67910171614494E-13  1.96674051515921E+00
 cg2d: Sum(rhs),rhsMax =   9.09494701772928E-13  1.96650943082984E+00
 cg2d: Sum(rhs),rhsMax =   6.53699316899292E-13  1.96627774102937E+00
 cg2d: Sum(rhs),rhsMax =   4.54747350886464E-13  1.96604544736946E+00
 cg2d: Sum(rhs),rhsMax =   6.39488462184090E-13  1.96581255145918E+00
 cg2d: Sum(rhs),rhsMax =   1.00897068477934E-12  1.96557905490431E+00
 cg2d: Sum(rhs),rhsMax =   6.53699316899292E-13  1.96534495930641E+00
 cg2d: Sum(rhs),rhsMax =   2.84217094304040E-13  1.96511026626221E+00
 cg2d: Sum(rhs),rhsMax =   5.96855898038484E-13  1.96487497736279E+00
 cg2d: Sum(rhs),rhsMax =   8.66862137627322E-13  1.96463909419305E+00
 cg2d: Sum(rhs),rhsMax =   1.15107923193136E-12  1.96440261833110E+00
 cg2d: Sum(rhs),rhsMax =   9.52127265918534E-13  1.96416555134775E+00
 cg2d: Sum(rhs),rhsMax =   2.55795384873636E-13  1.96392789480618E+00
 cg2d: Sum(rhs),rhsMax =   3.83693077310454E-13  1.96368965026149E+00
 cg2d: Sum(rhs),rhsMax =   3.83693077310454E-13  1.96345081926057E+00
 cg2d: Sum(rhs),rhsMax =   6.96331881044898E-13  1.96321140334176E+00
 cg2d: Sum(rhs),rhsMax =   5.11590769747272E-13  1.96297140403481E+00
 cg2d: Sum(rhs),rhsMax =   8.95283847057726E-13  1.96273082286086E+00
(PID.TID 0000.0001) whio : write lev 2 rec   4
 cg2d: Sum(rhs),rhsMax =   7.24753590475302E-13  1.96248966133242E+00
 cg2d: Sum(rhs),rhsMax =   1.08002495835535E-12  1.96224792095346E+00
 cg2d: Sum(rhs),rhsMax =   7.67386154620908E-13  1.96200560321962E+00
 cg2d: Sum(rhs),rhsMax =   1.00897068477934E-12  1.96176270961842E+00
 cg2d: Sum(rhs),rhsMax =   3.69482222595252E-13  1.96151924162961E+00
 cg2d: Sum(rhs),rhsMax =   1.13686837721616E-12  1.96127520072553E+00
 cg2d: Sum(rhs),rhsMax =   5.40012479177676E-13  1.96103058837147E+00
 cg2d: Sum(rhs),rhsMax =   5.25801624462474E-13  1.96078540602631E+00
 cg2d: Sum(rhs),rhsMax =   5.82645043323282E-13  1.96053965514300E+00
 cg2d: Sum(rhs),rhsMax =   3.41060513164848E-13  1.96029333716912E+00
 cg2d: Sum(rhs),rhsMax =   7.24753590475302E-13  1.96004645354762E+00
 cg2d: Sum(rhs),rhsMax =   7.10542735760100E-13  1.95979900571744E+00
 cg2d: Sum(rhs),rhsMax =   1.36424205265939E-12  1.95955099511424E+00
 cg2d: Sum(rhs),rhsMax =   8.52651282912120E-13  1.95930242317123E+00
 cg2d: Sum(rhs),rhsMax =   8.24229573481716E-13  1.95905329131984E+00
 cg2d: Sum(rhs),rhsMax =   6.53699316899292E-13  1.95880360099056E+00
 cg2d: Sum(rhs),rhsMax =   4.54747350886464E-13  1.95855335361380E+00
 cg2d: Sum(rhs),rhsMax =   3.69482222595252E-13  1.95830255062066E+00
 cg2d: Sum(rhs),rhsMax =   5.82645043323282E-13  1.95805119344379E+00
 cg2d: Sum(rhs),rhsMax =   7.10542735760100E-13  1.95779928351826E+00
 cg2d: Sum(rhs),rhsMax =   7.67386154620908E-13  1.95754682228241E+00
 cg2d: Sum(rhs),rhsMax =   3.41060513164848E-13  1.95729381117865E+00
 cg2d: Sum(rhs),rhsMax =   7.67386154620908E-13  1.95704025165433E+00
 cg2d: Sum(rhs),rhsMax =   4.40536496171262E-13  1.95678614516253E+00
 cg2d: Sum(rhs),rhsMax =   4.12114786740858E-13  1.95653149316289E+00
 cg2d: Sum(rhs),rhsMax =   6.25277607468888E-13  1.95627629712234E+00
 cg2d: Sum(rhs),rhsMax =   3.26849658449646E-13  1.95602055851583E+00
 cg2d: Sum(rhs),rhsMax =   3.26849658449646E-13  1.95576427882672E+00
 cg2d: Sum(rhs),rhsMax =   4.97379915032070E-13  1.95550745954742E+00
 cg2d: Sum(rhs),rhsMax =   4.40536496171262E-13  1.95525010218045E+00
 cg2d: Sum(rhs),rhsMax =   6.25277607468888E-13  1.95499220823937E+00
 cg2d: Sum(rhs),rhsMax =   9.09494701772928E-13  1.95473377924937E+00
 cg2d: Sum(rhs),rhsMax =   5.54223333892878E-13  1.95447481674723E+00
 cg2d: Sum(rhs),rhsMax =   7.38964445190504E-13  1.95421532228136E+00
 cg2d: Sum(rhs),rhsMax =   5.68434188608080E-13  1.95395529741213E+00
 cg2d: Sum(rhs),rhsMax =   1.20792265079217E-12  1.95369474371237E+00
 cg2d: Sum(rhs),rhsMax =   6.67910171614494E-13  1.95343366276768E+00
 cg2d: Sum(rhs),rhsMax =   4.54747350886464E-13  1.95317205617682E+00
 cg2d: Sum(rhs),rhsMax =   5.54223333892878E-13  1.95290992555179E+00
 cg2d: Sum(rhs),rhsMax =   7.10542735760100E-13  1.95264727251788E+00
 cg2d: Sum(rhs),rhsMax =   5.25801624462474E-13  1.95238409871382E+00
 cg2d: Sum(rhs),rhsMax =   9.94759830064140E-14  1.95212040579161E+00
 cg2d: Sum(rhs),rhsMax =   6.11066752753686E-13  1.95185619541651E+00
 cg2d: Sum(rhs),rhsMax =   3.41060513164848E-13  1.95159146926691E+00
 cg2d: Sum(rhs),rhsMax =   7.67386154620908E-13  1.95132622903414E+00
 cg2d: Sum(rhs),rhsMax =   9.94759830064140E-14  1.95106047642222E+00
 cg2d: Sum(rhs),rhsMax =   3.97903932025656E-13  1.95079421314756E+00
 cg2d: Sum(rhs),rhsMax =   8.24229573481716E-13  1.95052744093867E+00
 cg2d: Sum(rhs),rhsMax =   8.38440428196918E-13  1.95026016153578E+00
 cg2d: Sum(rhs),rhsMax =   6.25277607468888E-13  1.94999237669033E+00
 cg2d: Sum(rhs),rhsMax =   4.12114786740858E-13  1.94972408816461E+00
 cg2d: Sum(rhs),rhsMax =   6.25277607468888E-13  1.94945529773121E+00
 cg2d: Sum(rhs),rhsMax =   8.66862137627322E-13  1.94918600717248E+00
 cg2d: Sum(rhs),rhsMax =   7.38964445190504E-13  1.94891621827997E+00
 cg2d: Sum(rhs),rhsMax =   6.96331881044898E-13  1.94864593285385E+00
 cg2d: Sum(rhs),rhsMax =   4.83169060316868E-13  1.94837515270227E+00
 cg2d: Sum(rhs),rhsMax =   7.24753590475302E-13  1.94810387964077E+00
 cg2d: Sum(rhs),rhsMax =   6.53699316899292E-13  1.94783211549159E+00
 cg2d: Sum(rhs),rhsMax =   3.97903932025656E-13  1.94755986208303E+00
 cg2d: Sum(rhs),rhsMax =   6.11066752753686E-13  1.94728712124878E+00
 cg2d: Sum(rhs),rhsMax =   1.09423581307055E-12  1.94701389482735E+00
 cg2d: Sum(rhs),rhsMax =   1.23634436022257E-12  1.94674018466117E+00
 cg2d: Sum(rhs),rhsMax =   8.24229573481716E-13  1.94646599259623E+00
 cg2d: Sum(rhs),rhsMax =   5.68434188608080E-13  1.94619132048125E+00
 cg2d: Sum(rhs),rhsMax =   7.67386154620908E-13  1.94591617016705E+00
 cg2d: Sum(rhs),rhsMax =   4.97379915032070E-13  1.94564054350604E+00
 cg2d: Sum(rhs),rhsMax =   6.96331881044898E-13  1.94536444235150E+00
 cg2d: Sum(rhs),rhsMax =   1.10844666778576E-12  1.94508786855703E+00
 cg2d: Sum(rhs),rhsMax =   3.83693077310454E-13  1.94481082397608E+00
 cg2d: Sum(rhs),rhsMax =   1.42108547152020E-14  1.94453331046125E+00
 cg2d: Sum(rhs),rhsMax =   7.24753590475302E-13  1.94425532986402E+00
 cg2d: Sum(rhs),rhsMax =   6.96331881044898E-13  1.94397688403403E+00
(PID.TID 0000.0001) whio : write lev 2 rec   5
 cg2d: Sum(rhs),rhsMax =   9.09494701772928E-13  1.94369797481884E+00
 cg2d: Sum(rhs),rhsMax =   5.82645043323282E-13  1.94341860406343E+00
 cg2d: Sum(rhs),rhsMax =   7.95807864051312E-13  1.94313877360991E+00
 cg2d: Sum(rhs),rhsMax =   7.53175299905706E-13  1.94285848529712E+00
 cg2d: Sum(rhs),rhsMax =   6.53699316899292E-13  1.94257774096040E+00
 cg2d: Sum(rhs),rhsMax =   7.38964445190504E-13  1.94229654243137E+00
 cg2d: Sum(rhs),rhsMax =   8.81072992342524E-13  1.94201489153768E+00
 cg2d: Sum(rhs),rhsMax =   7.24753590475302E-13  1.94173279010287E+00
 cg2d: Sum(rhs),rhsMax =   6.67910171614494E-13  1.94145023994629E+00
 cg2d: Sum(rhs),rhsMax =   8.81072992342524E-13  1.94116724288296E+00
 cg2d: Sum(rhs),rhsMax =   1.42108547152020E-14  1.94088380072361E+00
 cg2d: Sum(rhs),rhsMax =   8.95283847057726E-13  1.94059991527469E+00
 cg2d: Sum(rhs),rhsMax =   7.10542735760100E-13  1.94031558833834E+00
 cg2d: Sum(rhs),rhsMax =   4.97379915032070E-13  1.94003082171255E+00
 cg2d: Sum(rhs),rhsMax =   6.11066752753686E-13  1.93974561719131E+00
 cg2d: Sum(rhs),rhsMax =   5.96855898038484E-13  1.93945997656475E+00
 cg2d: Sum(rhs),rhsMax =   6.53699316899292E-13  1.93917390161931E+00
 cg2d: Sum(rhs),rhsMax =   7.53175299905706E-13  1.93888739413803E+00
 cg2d: Sum(rhs),rhsMax =   8.10018718766514E-13  1.93860045590081E+00
 cg2d: Sum(rhs),rhsMax =   4.12114786740858E-13  1.93831308868469E+00
 cg2d: Sum(rhs),rhsMax =   6.96331881044898E-13  1.93802529426420E+00
 cg2d: Sum(rhs),rhsMax =   5.25801624462474E-13  1.93773707441167E+00
 cg2d: Sum(rhs),rhsMax =   3.55271367880050E-13  1.93744843089765E+00
 cg2d: Sum(rhs),rhsMax =   5.40012479177676E-13  1.93715936549131E+00
 cg2d: Sum(rhs),rhsMax =   9.66338120633736E-13  1.93686987996079E+00
 cg2d: Sum(rhs),rhsMax =   5.54223333892878E-13  1.93657997607369E+00
 cg2d: Sum(rhs),rhsMax =   1.02318153949454E-12  1.93628965559743E+00
 cg2d: Sum(rhs),rhsMax =   5.96855898038484E-13  1.93599892029981E+00
 cg2d: Sum(rhs),rhsMax =  -4.26325641456060E-14  1.93570777194933E+00
 cg2d: Sum(rhs),rhsMax =   3.83693077310454E-13  1.93541621231575E+00
 cg2d: Sum(rhs),rhsMax =   7.95807864051312E-13  1.93512424317045E+00
 cg2d: Sum(rhs),rhsMax =   2.84217094304040E-13  1.93483186628695E+00
 cg2d: Sum(rhs),rhsMax =   4.54747350886464E-13  1.93453908344132E+00
 cg2d: Sum(rhs),rhsMax =   6.25277607468888E-13  1.93424589641266E+00
 cg2d: Sum(rhs),rhsMax =   7.10542735760100E-13  1.93395230698345E+00
 cg2d: Sum(rhs),rhsMax =   9.37916411203332E-13  1.93365831694005E+00
 cg2d: Sum(rhs),rhsMax =   1.05160324892495E-12  1.93336392807306E+00
 cg2d: Sum(rhs),rhsMax =   9.80548975348938E-13  1.93306914217767E+00
 cg2d: Sum(rhs),rhsMax =   7.38964445190504E-13  1.93277396105408E+00
 cg2d: Sum(rhs),rhsMax =   4.68958205601666E-13  1.93247838650781E+00
 cg2d: Sum(rhs),rhsMax =   7.95807864051312E-13  1.93218242035007E+00
 cg2d: Sum(rhs),rhsMax =   2.13162820728030E-13  1.93188606439799E+00
 cg2d: Sum(rhs),rhsMax =   7.24753590475302E-13  1.93158932047489E+00
 cg2d: Sum(rhs),rhsMax =   8.10018718766514E-13  1.93129219041061E+00
 cg2d: Sum(rhs),rhsMax =   1.10844666778576E-12  1.93099467604166E+00
 cg2d: Sum(rhs),rhsMax =   9.52127265918534E-13  1.93069677921139E+00
 cg2d: Sum(rhs),rhsMax =   3.83693077310454E-13  1.93039850177019E+00
 cg2d: Sum(rhs),rhsMax =   1.02318153949454E-12  1.93009984557559E+00
 cg2d: Sum(rhs),rhsMax =   5.82645043323282E-13  1.92980081249243E+00
 cg2d: Sum(rhs),rhsMax =   8.95283847057726E-13  1.92950140439279E+00
 cg2d: Sum(rhs),rhsMax =   7.10542735760100E-13  1.92920162315618E+00
 cg2d: Sum(rhs),rhsMax =   3.97903932025656E-13  1.92890147066939E+00
 cg2d: Sum(rhs),rhsMax =   7.67386154620908E-13  1.92860094882665E+00
 cg2d: Sum(rhs),rhsMax =   7.10542735760100E-13  1.92830005952937E+00
 cg2d: Sum(rhs),rhsMax =   1.56319401867222E-13  1.92799880468621E+00
 cg2d: Sum(rhs),rhsMax =   4.68958205601666E-13  1.92769718621293E+00
 cg2d: Sum(rhs),rhsMax =   7.38964445190504E-13  1.92739520603222E+00
 cg2d: Sum(rhs),rhsMax =   3.26849658449646E-13  1.92709286607353E+00
 cg2d: Sum(rhs),rhsMax =   5.96855898038484E-13  1.92687610072743E+00
 cg2d: Sum(rhs),rhsMax =   4.40536496171262E-13  1.92700113295450E+00
 cg2d: Sum(rhs),rhsMax =   8.38440428196918E-13  1.92712564430495E+00
 cg2d: Sum(rhs),rhsMax =   9.09494701772928E-13  1.92724963435591E+00
 cg2d: Sum(rhs),rhsMax =   7.24753590475302E-13  1.92737310268716E+00
 cg2d: Sum(rhs),rhsMax =   5.11590769747272E-13  1.92749604888053E+00
 cg2d: Sum(rhs),rhsMax =   8.81072992342524E-13  1.92761847251958E+00
 cg2d: Sum(rhs),rhsMax =   4.26325641456060E-13  1.92774037318898E+00
 cg2d: Sum(rhs),rhsMax =   4.83169060316868E-13  1.92786175047422E+00
 cg2d: Sum(rhs),rhsMax =   5.82645043323282E-13  1.92798260396111E+00
 cg2d: Sum(rhs),rhsMax =   4.40536496171262E-13  1.92810293323547E+00
 cg2d: Sum(rhs),rhsMax =   7.53175299905706E-13  1.92822273788274E+00
 cg2d: Sum(rhs),rhsMax =   2.98427949019242E-13  1.92834201748786E+00
 cg2d: Sum(rhs),rhsMax =   9.09494701772928E-13  1.92846077163464E+00
(PID.TID 0000.0001) whio : write lev 2 rec   6
 cg2d: Sum(rhs),rhsMax =   1.12265752250096E-12  1.92857899990590E+00
 cg2d: Sum(rhs),rhsMax =   1.30739863379858E-12  1.92869670188308E+00
 cg2d: Sum(rhs),rhsMax =   3.12638803734444E-13  1.92881387714620E+00
 cg2d: Sum(rhs),rhsMax =  -5.68434188608080E-14  1.92893052527365E+00
 cg2d: Sum(rhs),rhsMax =   1.02318153949454E-12  1.92904664584226E+00
 cg2d: Sum(rhs),rhsMax =   9.09494701772928E-13  1.92916223842715E+00
 cg2d: Sum(rhs),rhsMax =   6.25277607468888E-13  1.92927730260189E+00
 cg2d: Sum(rhs),rhsMax =   3.97903932025656E-13  1.92939183793842E+00
 cg2d: Sum(rhs),rhsMax =   2.27373675443232E-13  1.92950584400732E+00
 cg2d: Sum(rhs),rhsMax =   6.96331881044898E-13  1.92961932037779E+00
 cg2d: Sum(rhs),rhsMax =   6.82121026329696E-13  1.92973226661784E+00
 cg2d: Sum(rhs),rhsMax =   6.67910171614494E-13  1.92984468229466E+00
 cg2d: Sum(rhs),rhsMax =   1.98951966012828E-13  1.92995656697502E+00
 cg2d: Sum(rhs),rhsMax =   9.80548975348938E-13  1.93006792022564E+00
 cg2d: Sum(rhs),rhsMax =   9.23705556488130E-13  1.93017874161338E+00
 cg2d: Sum(rhs),rhsMax =   7.24753590475302E-13  1.93028903070541E+00
 cg2d: Sum(rhs),rhsMax =   9.23705556488130E-13  1.93039878706967E+00
 cg2d: Sum(rhs),rhsMax =   4.40536496171262E-13  1.93050801027531E+00
 cg2d: Sum(rhs),rhsMax =   6.39488462184090E-13  1.93061669989318E+00
 cg2d: Sum(rhs),rhsMax =   3.41060513164848E-13  1.93072485549639E+00
 cg2d: Sum(rhs),rhsMax =   1.08002495835535E-12  1.93083247666079E+00
 cg2d: Sum(rhs),rhsMax =   8.10018718766514E-13  1.93093956296559E+00
 cg2d: Sum(rhs),rhsMax =   2.84217094304040E-13  1.93104611399374E+00
 cg2d: Sum(rhs),rhsMax =   5.54223333892878E-13  1.93115212933257E+00
 cg2d: Sum(rhs),rhsMax =   5.54223333892878E-13  1.93125760857431E+00
 cg2d: Sum(rhs),rhsMax =   3.83693077310454E-13  1.93136255131335E+00
 cg2d: Sum(rhs),rhsMax =   6.39488462184090E-13  1.93146695714962E+00
 cg2d: Sum(rhs),rhsMax =   3.69482222595252E-13  1.93157082569487E+00
 cg2d: Sum(rhs),rhsMax =   7.67386154620908E-13  1.93167415657220E+00
 cg2d: Sum(rhs),rhsMax =   7.10542735760100E-13  1.93177694941151E+00
 cg2d: Sum(rhs),rhsMax =   3.83693077310454E-13  1.93187920384710E+00
 cg2d: Sum(rhs),rhsMax =   5.11590769747272E-13  1.93198091951891E+00
 cg2d: Sum(rhs),rhsMax =   6.25277607468888E-13  1.93208209607499E+00
 cg2d: Sum(rhs),rhsMax =   8.52651282912120E-13  1.93218273317348E+00
 cg2d: Sum(rhs),rhsMax =   6.67910171614494E-13  1.93228283048342E+00
 cg2d: Sum(rhs),rhsMax =   8.24229573481716E-13  1.93238238768493E+00
 cg2d: Sum(rhs),rhsMax =   3.97903932025656E-13  1.93248140446939E+00
 cg2d: Sum(rhs),rhsMax =   7.67386154620908E-13  1.93257988053936E+00
 cg2d: Sum(rhs),rhsMax =   4.83169060316868E-13  1.93267781560891E+00
 cg2d: Sum(rhs),rhsMax =   7.95807864051312E-13  1.93277520940368E+00
 cg2d: Sum(rhs),rhsMax =   4.26325641456060E-13  1.93287206166122E+00
 cg2d: Sum(rhs),rhsMax =   2.84217094304040E-13  1.93296837213107E+00
 cg2d: Sum(rhs),rhsMax =   6.96331881044898E-13  1.93306414057507E+00
 cg2d: Sum(rhs),rhsMax =   7.95807864051312E-13  1.93315936676738E+00
 cg2d: Sum(rhs),rhsMax =   6.39488462184090E-13  1.93325405049457E+00
 cg2d: Sum(rhs),rhsMax =   6.53699316899292E-13  1.93334819155571E+00
 cg2d: Sum(rhs),rhsMax =   8.66862137627322E-13  1.93344178976227E+00
 cg2d: Sum(rhs),rhsMax =   6.39488462184090E-13  1.93353484493810E+00
 cg2d: Sum(rhs),rhsMax =   7.53175299905706E-13  1.93362735691927E+00
 cg2d: Sum(rhs),rhsMax =   8.95283847057726E-13  1.93371932555399E+00
 cg2d: Sum(rhs),rhsMax =   6.67910171614494E-13  1.93381075070232E+00
 cg2d: Sum(rhs),rhsMax =   7.67386154620908E-13  1.93390163223594E+00
 cg2d: Sum(rhs),rhsMax =   1.27897692436818E-12  1.93399197003795E+00
 cg2d: Sum(rhs),rhsMax =   9.66338120633736E-13  1.93408176400248E+00
 cg2d: Sum(rhs),rhsMax =   8.95283847057726E-13  1.93417101403445E+00
 cg2d: Sum(rhs),rhsMax =   1.56319401867222E-13  1.93425972004916E+00
 cg2d: Sum(rhs),rhsMax =   5.96855898038484E-13  1.93434788197188E+00
 cg2d: Sum(rhs),rhsMax =   2.98427949019242E-13  1.93443549973748E+00
 cg2d: Sum(rhs),rhsMax =   5.68434188608080E-13  1.93452257328998E+00
 cg2d: Sum(rhs),rhsMax =   7.81597009336110E-13  1.93460910258195E+00
 cg2d: Sum(rhs),rhsMax =   7.38964445190504E-13  1.93469508757425E+00
 cg2d: Sum(rhs),rhsMax =   9.80548975348938E-13  1.93478052823526E+00
 cg2d: Sum(rhs),rhsMax =   9.94759830064140E-13  1.93486542454047E+00
 cg2d: Sum(rhs),rhsMax =   1.12265752250096E-12  1.93494977647197E+00
 cg2d: Sum(rhs),rhsMax =   5.96855898038484E-13  1.93503358401781E+00
 cg2d: Sum(rhs),rhsMax =   6.25277607468888E-13  1.93511684717146E+00
 cg2d: Sum(rhs),rhsMax =   9.52127265918534E-13  1.93519956593132E+00
 cg2d: Sum(rhs),rhsMax =   5.82645043323282E-13  1.93528174030007E+00
 cg2d: Sum(rhs),rhsMax =   0.00000000000000E+00  1.93536337028419E+00
 cg2d: Sum(rhs),rhsMax =   8.38440428196918E-13  1.93544445589338E+00
 cg2d: Sum(rhs),rhsMax =   6.25277607468888E-13  1.93552499703348E+00
 cg2d: Sum(rhs),rhsMax =   3.83693077310454E-13  1.93560499385334E+00
(PID.TID 0000.0001) whio : write lev 2 rec   7
 cg2d: Sum(rhs),rhsMax =   4.54747350886464E-13  1.93568444643793E+00
 cg2d: Sum(rhs),rhsMax =   9.23705556488130E-13  1.93576335482255E+00
 cg2d: Sum(rhs),rhsMax =   7.67386154620908E-13  1.93584171904080E+00
 cg2d: Sum(rhs),rhsMax =   4.12114786740858E-13  1.93591953913990E+00
 cg2d: Sum(rhs),rhsMax =   4.68958205601666E-13  1.93599681517829E+00
 cg2d: Sum(rhs),rhsMax =   4.12114786740858E-13  1.93607354722011E+00
 cg2d: Sum(rhs),rhsMax =   5.25801624462474E-13  1.93614973533185E+00
 cg2d: Sum(rhs),rhsMax =   6.25277607468888E-13  1.93622537958142E+00
 cg2d: Sum(rhs),rhsMax =   6.67910171614494E-13  1.93630048003734E+00
 cg2d: Sum(rhs),rhsMax =   7.81597009336110E-13  1.93637503676829E+00
 cg2d: Sum(rhs),rhsMax =   1.22213350550737E-12  1.93644904984247E+00
 cg2d: Sum(rhs),rhsMax =   7.10542735760100E-13  1.93652251084128E+00
 cg2d: Sum(rhs),rhsMax =   8.38440428196918E-13  1.93659543271530E+00
 cg2d: Sum(rhs),rhsMax =   7.95807864051312E-13  1.93666781680667E+00
 cg2d: Sum(rhs),rhsMax =   2.27373675443232E-13  1.93673966115095E+00
 cg2d: Sum(rhs),rhsMax =   9.09494701772928E-13  1.93681096496432E+00
 cg2d: Sum(rhs),rhsMax =   8.24229573481716E-13  1.93688172875568E+00
 cg2d: Sum(rhs),rhsMax =   7.10542735760100E-13  1.93695195356343E+00
 cg2d: Sum(rhs),rhsMax =   4.26325641456060E-13  1.93702164043114E+00
 cg2d: Sum(rhs),rhsMax =   5.68434188608080E-13  1.93709079027513E+00
 cg2d: Sum(rhs),rhsMax =   7.95807864051312E-13  1.93715940391678E+00
 cg2d: Sum(rhs),rhsMax =   3.26849658449646E-13  1.93722748211796E+00
 cg2d: Sum(rhs),rhsMax =   4.68958205601666E-13  1.93729502559123E+00
 cg2d: Sum(rhs),rhsMax =   5.68434188608080E-13  1.93736203499913E+00
 cg2d: Sum(rhs),rhsMax =   5.82645043323282E-13  1.93742851095181E+00
 cg2d: Sum(rhs),rhsMax =   6.11066752753686E-13  1.93749445400491E+00
 cg2d: Sum(rhs),rhsMax =   5.82645043323282E-13  1.93755986465778E+00
 cg2d: Sum(rhs),rhsMax =   1.02318153949454E-12  1.93762474335235E+00
 cg2d: Sum(rhs),rhsMax =   8.10018718766514E-13  1.93768909047244E+00
 cg2d: Sum(rhs),rhsMax =   3.97903932025656E-13  1.93775290634385E+00
 cg2d: Sum(rhs),rhsMax =   7.38964445190504E-13  1.93781619123509E+00
 cg2d: Sum(rhs),rhsMax =   8.66862137627322E-13  1.93787894535841E+00
 cg2d: Sum(rhs),rhsMax =   5.96855898038484E-13  1.93794116887126E+00
 cg2d: Sum(rhs),rhsMax =   9.23705556488130E-13  1.93800286187763E+00
 cg2d: Sum(rhs),rhsMax =   6.53699316899292E-13  1.93806402442953E+00
 cg2d: Sum(rhs),rhsMax =   5.11590769747272E-13  1.93812465652821E+00
 cg2d: Sum(rhs),rhsMax =   7.38964445190504E-13  1.93818475812572E+00
 cg2d: Sum(rhs),rhsMax =   3.26849658449646E-13  1.93824432912662E+00
 cg2d: Sum(rhs),rhsMax =   5.54223333892878E-13  1.93830336939038E+00
 cg2d: Sum(rhs),rhsMax =   5.96855898038484E-13  1.93836116298171E+00
 cg2d: Sum(rhs),rhsMax =   6.67910171614494E-13  1.93841858617185E+00
 cg2d: Sum(rhs),rhsMax =   3.26849658449646E-13  1.93847548238650E+00
 cg2d: Sum(rhs),rhsMax =   4.68958205601666E-13  1.93853178913936E+00
 cg2d: Sum(rhs),rhsMax =   6.39488462184090E-13  1.93858751002915E+00
 cg2d: Sum(rhs),rhsMax =   9.66338120633736E-13  1.93864263962979E+00
 cg2d: Sum(rhs),rhsMax =   1.08002495835535E-12  1.93869716680955E+00
 cg2d: Sum(rhs),rhsMax =   8.66862137627322E-13  1.93875108089981E+00
 cg2d: Sum(rhs),rhsMax =   7.38964445190504E-13  1.93880437202617E+00
 cg2d: Sum(rhs),rhsMax =   2.84217094304040E-13  1.93885703078106E+00
 cg2d: Sum(rhs),rhsMax =   8.24229573481716E-13  1.93890904828486E+00
 cg2d: Sum(rhs),rhsMax =   2.70006239588838E-13  1.93896041633172E+00
 cg2d: Sum(rhs),rhsMax =   2.55795384873636E-13  1.93901112748906E+00
 cg2d: Sum(rhs),rhsMax =   7.38964445190504E-13  1.93906117516033E+00
 cg2d: Sum(rhs),rhsMax =   8.66862137627322E-13  1.93911055363119E+00
 cg2d: Sum(rhs),rhsMax =   8.38440428196918E-13  1.93915925810657E+00
 cg2d: Sum(rhs),rhsMax =   1.10844666778576E-12  1.93920728473974E+00
 cg2d: Sum(rhs),rhsMax =   2.84217094304040E-13  1.93925463065388E+00
 cg2d: Sum(rhs),rhsMax =   8.81072992342524E-13  1.93930129395609E+00
 cg2d: Sum(rhs),rhsMax =   8.10018718766514E-13  1.93934727374390E+00
 cg2d: Sum(rhs),rhsMax =   1.98951966012828E-13  1.93939257010398E+00
 cg2d: Sum(rhs),rhsMax =   1.06581410364015E-12  1.93943718410320E+00
 cg2d: Sum(rhs),rhsMax =   1.20792265079217E-12  1.93948111777149E+00
 cg2d: Sum(rhs),rhsMax =   5.82645043323282E-13  1.93952437407735E+00
 cg2d: Sum(rhs),rhsMax =   1.27897692436818E-13  1.93956695689568E+00
 cg2d: Sum(rhs),rhsMax =   9.52127265918534E-13  1.93960887096907E+00
 cg2d: Sum(rhs),rhsMax =   5.82645043323282E-13  1.93965012186296E+00
 cg2d: Sum(rhs),rhsMax =   1.10844666778576E-12  1.93969071591548E+00
 cg2d: Sum(rhs),rhsMax =   9.80548975348938E-13  1.93973066018250E+00
 cg2d: Sum(rhs),rhsMax =   4.40536496171262E-13  1.93976996237832E+00
 cg2d: Sum(rhs),rhsMax =   4.83169060316868E-13  1.93980863081241E+00
 cg2d: Sum(rhs),rhsMax =   9.09494701772928E-13  1.93984667432235E+00
 cg2d: Sum(rhs),rhsMax =   6.67910171614494E-13  1.93988410220343E+00
(PID.TID 0000.0001) whio : write lev 2 rec   8
 cg2d: Sum(rhs),rhsMax =   2.84217094304040E-13  1.93992092413502E+00
 cg2d: Sum(rhs),rhsMax =   4.26325641456060E-13  1.93995715010443E+00
 cg2d: Sum(rhs),rhsMax =   9.23705556488130E-13  1.93999279032857E+00
 cg2d: Sum(rhs),rhsMax =   3.55271367880050E-13  1.94002785517417E+00
 cg2d: Sum(rhs),rhsMax =   3.55271367880050E-13  1.94006235507740E+00
 cg2d: Sum(rhs),rhsMax =   9.80548975348938E-13  1.94009630046311E+00
 cg2d: Sum(rhs),rhsMax =   6.39488462184090E-13  1.94012970166498E+00
 cg2d: Sum(rhs),rhsMax =   5.40012479177676E-13  1.94016256884671E+00
 cg2d: Sum(rhs),rhsMax =   2.55795384873636E-13  1.94019491192529E+00
 cg2d: Sum(rhs),rhsMax =   2.55795384873636E-13  1.94022674049651E+00
 cg2d: Sum(rhs),rhsMax =   9.52127265918534E-13  1.94025806376369E+00
 cg2d: Sum(rhs),rhsMax =   5.68434188608080E-13  1.94028889046982E+00
 cg2d: Sum(rhs),rhsMax =   5.82645043323282E-13  1.94031922883379E+00
 cg2d: Sum(rhs),rhsMax =   4.40536496171262E-13  1.94034908649114E+00
 cg2d: Sum(rhs),rhsMax =   4.83169060316868E-13  1.94037847043970E+00
 cg2d: Sum(rhs),rhsMax =   7.10542735760100E-14  1.94040738699049E+00
 cg2d: Sum(rhs),rhsMax =   8.24229573481716E-13  1.94043584172445E+00
 cg2d: Sum(rhs),rhsMax =   8.52651282912120E-13  1.94046383945504E+00
 cg2d: Sum(rhs),rhsMax =   4.97379915032070E-13  1.94049138419688E+00
 cg2d: Sum(rhs),rhsMax =   8.10018718766514E-13  1.94051847914120E+00
 cg2d: Sum(rhs),rhsMax =   8.38440428196918E-13  1.94054512663751E+00
 cg2d: Sum(rhs),rhsMax =   8.95283847057726E-13  1.94057132818200E+00
 cg2d: Sum(rhs),rhsMax =   6.39488462184090E-13  1.94059708441289E+00
 cg2d: Sum(rhs),rhsMax =   6.67910171614494E-13  1.94062239511220E+00
 cg2d: Sum(rhs),rhsMax =   6.53699316899292E-13  1.94064725921437E+00
 cg2d: Sum(rhs),rhsMax =   7.95807864051312E-13  1.94067167482145E+00
 cg2d: Sum(rhs),rhsMax =   4.26325641456060E-13  1.94069563922471E+00
 cg2d: Sum(rhs),rhsMax =   9.09494701772928E-13  1.94071914893251E+00
 cg2d: Sum(rhs),rhsMax =   8.24229573481716E-13  1.94074219970416E+00
 cg2d: Sum(rhs),rhsMax =   1.23634436022257E-12  1.94076478658954E+00
 cg2d: Sum(rhs),rhsMax =   6.96331881044898E-13  1.94078690397417E+00
 cg2d: Sum(rhs),rhsMax =   2.55795384873636E-13  1.94080854562908E+00
 cg2d: Sum(rhs),rhsMax =   5.54223333892878E-13  1.94082970476562E+00
 cg2d: Sum(rhs),rhsMax =   6.39488462184090E-13  1.94085037409407E+00
 cg2d: Sum(rhs),rhsMax =   5.96855898038484E-13  1.94087054588622E+00
 cg2d: Sum(rhs),rhsMax =   5.96855898038484E-13  1.94089021204094E+00
 cg2d: Sum(rhs),rhsMax =   2.41584530158434E-13  1.94090936415249E+00
 cg2d: Sum(rhs),rhsMax =   8.66862137627322E-13  1.94092799358086E+00
 cg2d: Sum(rhs),rhsMax =   6.67910171614494E-13  1.94094609152381E+00
 cg2d: Sum(rhs),rhsMax =   3.83693077310454E-13  1.94096364908981E+00
 cg2d: Sum(rhs),rhsMax =   7.67386154620908E-13  1.94098065737159E+00
 cg2d: Sum(rhs),rhsMax =   1.22213350550737E-12  1.94099710751947E+00
 cg2d: Sum(rhs),rhsMax =   9.09494701772928E-13  1.94101299081429E+00
 cg2d: Sum(rhs),rhsMax =   4.26325641456060E-13  1.94102829873900E+00
 cg2d: Sum(rhs),rhsMax =   1.42108547152020E-13  1.94104302304881E+00
 cg2d: Sum(rhs),rhsMax =   3.26849658449646E-13  1.94105715583890E+00
 cg2d: Sum(rhs),rhsMax =   3.97903932025656E-13  1.94107068960973E+00
 cg2d: Sum(rhs),rhsMax =  -1.70530256582424E-13  1.94108361732906E+00
 cg2d: Sum(rhs),rhsMax =   6.11066752753686E-13  1.94109593249035E+00
 cg2d: Sum(rhs),rhsMax =   3.69482222595252E-13  1.94110762916709E+00
 cg2d: Sum(rhs),rhsMax =   5.68434188608080E-13  1.94111870206282E+00
 cg2d: Sum(rhs),rhsMax =   6.25277607468888E-13  1.94112914655612E+00
 cg2d: Sum(rhs),rhsMax =   4.40536496171262E-13  1.94113895874055E+00
 cg2d: Sum(rhs),rhsMax =   8.24229573481716E-13  1.94114813545911E+00
 cg2d: Sum(rhs),rhsMax =   5.11590769747272E-13  1.94115667433301E+00
 cg2d: Sum(rhs),rhsMax =   7.67386154620908E-13  1.94116457378441E+00
 cg2d: Sum(rhs),rhsMax =   8.24229573481716E-13  1.94117183305327E+00
 cg2d: Sum(rhs),rhsMax =   2.55795384873636E-13  1.94117845220793E+00
 cg2d: Sum(rhs),rhsMax =   3.83693077310454E-13  1.94118443214945E+00
 cg2d: Sum(rhs),rhsMax =   1.22213350550737E-12  1.94118977460976E+00
 cg2d: Sum(rhs),rhsMax =   3.55271367880050E-13  1.94119448214358E+00
 cg2d: Sum(rhs),rhsMax =   5.25801624462474E-13  1.94119855811438E+00
 cg2d: Sum(rhs),rhsMax =   5.96855898038484E-13  1.94120200667414E+00
 cg2d: Sum(rhs),rhsMax =   8.95283847057726E-13  1.94120483273754E+00
 cg2d: Sum(rhs),rhsMax =   5.68434188608080E-13  1.94120704195050E+00
 cg2d: Sum(rhs),rhsMax =   7.10542735760100E-13  1.94120864065340E+00
 cg2d: Sum(rhs),rhsMax =   7.67386154620908E-13  1.94120963583930E+00
 cg2d: Sum(rhs),rhsMax =   1.98951966012828E-13  1.94121003510755E+00
 cg2d: Sum(rhs),rhsMax =   6.67910171614494E-13  1.94120984661294E+00
 cg2d: Sum(rhs),rhsMax =   1.22213350550737E-12  1.94120907901104E+00
 cg2d: Sum(rhs),rhsMax =   2.84217094304040E-13  1.94120774140009E+00
 cg2d: Sum(rhs),rhsMax =   1.25055521493778E-12  1.94120584325955E+00
(PID.TID 0000.0001) whio : write lev 2 rec   9
 cg2d: Sum(rhs),rhsMax =   6.39488462184090E-13  1.94120339438638E+00
 cg2d: Sum(rhs),rhsMax =   5.68434188608080E-13  1.94120040482903E+00
 cg2d: Sum(rhs),rhsMax =   6.25277607468888E-13  1.94119688481977E+00
 cg2d: Sum(rhs),rhsMax =   1.03739239420975E-12  1.94119284470602E+00
 cg2d: Sum(rhs),rhsMax =   6.39488462184090E-13  1.94118829488098E+00
 cg2d: Sum(rhs),rhsMax =   2.27373675443232E-13  1.94118324571417E+00
 cg2d: Sum(rhs),rhsMax =   1.27897692436818E-13  1.94117770748247E+00
 cg2d: Sum(rhs),rhsMax =   5.54223333892878E-13  1.94117169030199E+00
 cg2d: Sum(rhs),rhsMax =   9.66338120633736E-13  1.94116520406141E+00
 cg2d: Sum(rhs),rhsMax =   1.84741111297626E-13  1.94115825835724E+00
 cg2d: Sum(rhs),rhsMax =   0.00000000000000E+00  1.94115086243142E+00
 cg2d: Sum(rhs),rhsMax =   1.13686837721616E-13  1.94114302511180E+00
 cg2d: Sum(rhs),rhsMax =   5.40012479177676E-13  1.94113475475575E+00
 cg2d: Sum(rhs),rhsMax =   3.26849658449646E-13  1.94112605919766E+00
 cg2d: Sum(rhs),rhsMax =   7.38964445190504E-13  1.94111694570012E+00
 cg2d: Sum(rhs),rhsMax =   2.55795384873636E-13  1.94110742090981E+00
 cg2d: Sum(rhs),rhsMax =   4.40536496171262E-13  1.94109749081763E+00
 cg2d: Sum(rhs),rhsMax =   4.26325641456060E-13  1.94108716072423E+00
 cg2d: Sum(rhs),rhsMax =   7.67386154620908E-13  1.94107643521020E+00
 cg2d: Sum(rhs),rhsMax =   3.97903932025656E-13  1.94106531811194E+00
 cg2d: Sum(rhs),rhsMax =   5.68434188608080E-14  1.94105381250283E+00
 cg2d: Sum(rhs),rhsMax =   9.23705556488130E-13  1.94104192067999E+00
 cg2d: Sum(rhs),rhsMax =   3.41060513164848E-13  1.94102964415676E+00
 cg2d: Sum(rhs),rhsMax =   9.23705556488130E-13  1.94101698366077E+00
 cg2d: Sum(rhs),rhsMax =   6.39488462184090E-13  1.94100393913766E+00
 cg2d: Sum(rhs),rhsMax =   5.68434188608080E-13  1.94099050976039E+00
 cg2d: Sum(rhs),rhsMax =   8.10018718766514E-13  1.94097669394410E+00
 cg2d: Sum(rhs),rhsMax =   3.26849658449646E-13  1.94096248936612E+00
 cg2d: Sum(rhs),rhsMax =   6.96331881044898E-13  1.94094789299137E+00
 cg2d: Sum(rhs),rhsMax =   4.26325641456060E-13  1.94093290110250E+00
 cg2d: Sum(rhs),rhsMax =   5.54223333892878E-13  1.94091750933489E+00
 cg2d: Sum(rhs),rhsMax =   5.96855898038484E-13  1.94090171271587E+00
 cg2d: Sum(rhs),rhsMax =   9.09494701772928E-13  1.94088550570824E+00
 cg2d: Sum(rhs),rhsMax =   7.10542735760100E-13  1.94086888225735E+00
 cg2d: Sum(rhs),rhsMax =   5.96855898038484E-13  1.94085183584171E+00
 cg2d: Sum(rhs),rhsMax =   8.66862137627322E-13  1.94083435952650E+00
 cg2d: Sum(rhs),rhsMax =   6.82121026329696E-13  1.94081644601970E+00
 cg2d: Sum(rhs),rhsMax =   6.82121026329696E-13  1.94079808773037E+00
 cg2d: Sum(rhs),rhsMax =   1.70530256582424E-13  1.94077927682870E+00
 cg2d: Sum(rhs),rhsMax =   1.84741111297626E-13  1.94076000530721E+00
 cg2d: Sum(rhs),rhsMax =   7.81597009336110E-13  1.94074026504293E+00
 cg2d: Sum(rhs),rhsMax =   1.03739239420975E-12  1.94072004785987E+00
 cg2d: Sum(rhs),rhsMax =   5.54223333892878E-13  1.94069934559134E+00
 cg2d: Sum(rhs),rhsMax =   6.82121026329696E-13  1.94067815014182E+00
 cg2d: Sum(rhs),rhsMax =   1.13686837721616E-13  1.94065645354785E+00
 cg2d: Sum(rhs),rhsMax =   4.83169060316868E-13  1.94063424803737E+00
 cg2d: Sum(rhs),rhsMax =   5.82645043323282E-13  1.94061152608741E+00
 cg2d: Sum(rhs),rhsMax =   4.12114786740858E-13  1.94058828047938E+00
 cg2d: Sum(rhs),rhsMax =   2.84217094304040E-13  1.94056450435178E+00
 cg2d: Sum(rhs),rhsMax =   1.10844666778576E-12  1.94054019124994E+00
 cg2d: Sum(rhs),rhsMax =   7.95807864051312E-13  1.94051533517248E+00
 cg2d: Sum(rhs),rhsMax =   3.83693077310454E-13  1.94048993061399E+00
 cg2d: Sum(rhs),rhsMax =   8.66862137627322E-13  1.94046397260394E+00
 cg2d: Sum(rhs),rhsMax =   7.38964445190504E-13  1.94043745674127E+00
 cg2d: Sum(rhs),rhsMax =   1.09423581307055E-12  1.94041037922478E+00
 cg2d: Sum(rhs),rhsMax =   3.55271367880050E-13  1.94038273687867E+00
 cg2d: Sum(rhs),rhsMax =   1.35003119794419E-12  1.94035452717367E+00
 cg2d: Sum(rhs),rhsMax =   5.82645043323282E-13  1.94032574824316E+00
 cg2d: Sum(rhs),rhsMax =   1.06581410364015E-12  1.94029639889434E+00
 cg2d: Sum(rhs),rhsMax =   7.24753590475302E-13  1.94026647861455E+00
 cg2d: Sum(rhs),rhsMax =   4.40536496171262E-13  1.94023598757261E+00
 cg2d: Sum(rhs),rhsMax =   1.13686837721616E-12  1.94020492661519E+00
 cg2d: Sum(rhs),rhsMax =   7.10542735760100E-13  1.94017329725830E+00
 cg2d: Sum(rhs),rhsMax =   2.98427949019242E-13  1.94014110167422E+00
 cg2d: Sum(rhs),rhsMax =   7.38964445190504E-13  1.94010834267353E+00
 cg2d: Sum(rhs),rhsMax =   8.24229573481716E-13  1.94007502368297E+00
 cg2d: Sum(rhs),rhsMax =   8.38440428196918E-13  1.94004114871889E+00
 cg2d: Sum(rhs),rhsMax =   6.25277607468888E-13  1.94000672235680E+00
 cg2d: Sum(rhs),rhsMax =   4.54747350886464E-13  1.93997174969717E+00
 cg2d: Sum(rhs),rhsMax =   6.25277607468888E-13  1.93993623632766E+00
 cg2d: Sum(rhs),rhsMax =  -7.10542735760100E-14  1.93990018828245E+00
 cg2d: Sum(rhs),rhsMax =   9.23705556488130E-13  1.93986361199849E+00
(PID.TID 0000.0001) whio : write lev 2 rec  10
 cg2d: Sum(rhs),rhsMax =   1.00897068477934E-12  1.93982651426949E+00
 cg2d: Sum(rhs),rhsMax =   7.38964445190504E-13  1.93978890219771E+00
 cg2d: Sum(rhs),rhsMax =   6.82121026329696E-13  1.93975078314404E+00
 cg2d: Sum(rhs),rhsMax =   3.41060513164848E-13  1.93971216467670E+00
 cg2d: Sum(rhs),rhsMax =   7.10542735760100E-13  1.93967305451914E+00
 cg2d: Sum(rhs),rhsMax =   1.37845290737459E-12  1.93963346049720E+00
 cg2d: Sum(rhs),rhsMax =   7.53175299905706E-13  1.93959339048612E+00
 cg2d: Sum(rhs),rhsMax =   7.81597009336110E-13  1.93955285235793E+00
 cg2d: Sum(rhs),rhsMax =   4.12114786740858E-13  1.93951185392931E+00
 cg2d: Sum(rhs),rhsMax =   9.94759830064140E-13  1.93947040291042E+00
 cg2d: Sum(rhs),rhsMax =   8.10018718766514E-13  1.93942850685523E+00
 cg2d: Sum(rhs),rhsMax =   9.94759830064140E-13  1.93938617293887E+00
 cg2d: Sum(rhs),rhsMax =   4.83169060316868E-13  1.93934340815041E+00
 cg2d: Sum(rhs),rhsMax =   4.68958205601666E-13  1.93930021947994E+00
 cg2d: Sum(rhs),rhsMax =   7.81597009336110E-13  1.93925661367325E+00
 cg2d: Sum(rhs),rhsMax =   1.17950094136177E-12  1.93921259695431E+00
 cg2d: Sum(rhs),rhsMax =   5.96855898038484E-13  1.93916817495848E+00
 cg2d: Sum(rhs),rhsMax =   3.69482222595252E-13  1.93912335280045E+00
 cg2d: Sum(rhs),rhsMax =   5.11590769747272E-13  1.93907813514694E+00
 cg2d: Sum(rhs),rhsMax =   7.24753590475302E-13  1.93903252623230E+00
 cg2d: Sum(rhs),rhsMax =   9.80548975348938E-13  1.93898652982641E+00
 cg2d: Sum(rhs),rhsMax =   3.55271367880050E-13  1.93894014919155E+00
 cg2d: Sum(rhs),rhsMax =   6.39488462184090E-13  1.93889338705207E+00
 cg2d: Sum(rhs),rhsMax =   3.97903932025656E-13  1.93884624558013E+00
 cg2d: Sum(rhs),rhsMax =   6.11066752753686E-13  1.93879872639174E+00
 cg2d: Sum(rhs),rhsMax =   3.55271367880050E-13  1.93875083054868E+00
 cg2d: Sum(rhs),rhsMax =   7.24753590475302E-13  1.93870255856449E+00
 cg2d: Sum(rhs),rhsMax =   6.96331881044898E-13  1.93865391041391E+00
 cg2d: Sum(rhs),rhsMax =   7.10542735760100E-13  1.93860488554577E+00
 cg2d: Sum(rhs),rhsMax =   1.27897692436818E-12  1.93855548289934E+00
 cg2d: Sum(rhs),rhsMax =   6.53699316899292E-13  1.93850570092378E+00
 cg2d: Sum(rhs),rhsMax =   1.17950094136177E-12  1.93845553760088E+00
 cg2d: Sum(rhs),rhsMax =   4.26325641456060E-13  1.93840499047080E+00
 cg2d: Sum(rhs),rhsMax =   7.81597009336110E-13  1.93835405666091E+00
 cg2d: Sum(rhs),rhsMax =   5.68434188608080E-13  1.93830273291778E+00
 cg2d: Sum(rhs),rhsMax =   5.96855898038484E-13  1.93825101564168E+00
 cg2d: Sum(rhs),rhsMax =   9.52127265918534E-13  1.93819890092369E+00
 cg2d: Sum(rhs),rhsMax =   9.66338120633736E-13  1.93814638458490E+00
 cg2d: Sum(rhs),rhsMax =   2.98427949019242E-13  1.93809346221724E+00
 cg2d: Sum(rhs),rhsMax =   3.26849658449646E-13  1.93804012922544E+00
 cg2d: Sum(rhs),rhsMax =   1.00897068477934E-12  1.93798638086995E+00
 cg2d: Sum(rhs),rhsMax =   2.84217094304040E-13  1.93793221231030E+00
 cg2d: Sum(rhs),rhsMax =   3.12638803734444E-13  1.93787761864862E+00
 cg2d: Sum(rhs),rhsMax =   1.12265752250096E-12  1.93782259497296E+00
 cg2d: Sum(rhs),rhsMax =   5.82645043323282E-13  1.93776713640029E+00
 cg2d: Sum(rhs),rhsMax =   3.26849658449646E-13  1.93771123811878E+00
 cg2d: Sum(rhs),rhsMax =   1.00897068477934E-12  1.93765489542902E+00
 cg2d: Sum(rhs),rhsMax =   2.41584530158434E-13  1.93759810378407E+00
 cg2d: Sum(rhs),rhsMax =   5.82645043323282E-13  1.93754085882786E+00
 cg2d: Sum(rhs),rhsMax =   4.40536496171262E-13  1.93748315643191E+00
 cg2d: Sum(rhs),rhsMax =   2.98427949019242E-13  1.93742499272985E+00
 cg2d: Sum(rhs),rhsMax =   8.95283847057726E-13  1.93736636414964E+00
 cg2d: Sum(rhs),rhsMax =   9.52127265918534E-13  1.93730726744334E+00
 cg2d: Sum(rhs),rhsMax =   5.25801624462474E-13  1.93724769971404E+00
 cg2d: Sum(rhs),rhsMax =   3.55271367880050E-13  1.93718765843993E+00
 cg2d: Sum(rhs),rhsMax =   6.11066752753686E-13  1.93712714149533E+00
 cg2d: Sum(rhs),rhsMax =   4.12114786740858E-13  1.93706614716847E+00
 cg2d: Sum(rhs),rhsMax =   7.67386154620908E-13  1.93700467417615E+00
 cg2d: Sum(rhs),rhsMax =   5.96855898038484E-13  1.93694272167477E+00
 cg2d: Sum(rhs),rhsMax =   2.70006239588838E-13  1.93688028926826E+00
 cg2d: Sum(rhs),rhsMax =   4.40536496171262E-13  1.93681737701242E+00
 cg2d: Sum(rhs),rhsMax =   3.83693077310454E-13  1.93675398541580E+00
 cg2d: Sum(rhs),rhsMax =   2.70006239588838E-13  1.93669011543739E+00
 cg2d: Sum(rhs),rhsMax =   2.27373675443232E-13  1.93662576848078E+00
 cg2d: Sum(rhs),rhsMax =   5.82645043323282E-13  1.93656094638517E+00
 cg2d: Sum(rhs),rhsMax =   7.81597009336110E-13  1.93649565141318E+00
 cg2d: Sum(rhs),rhsMax =   8.24229573481716E-13  1.93642988623576E+00
 cg2d: Sum(rhs),rhsMax =   4.54747350886464E-13  1.93636365391401E+00
 cg2d: Sum(rhs),rhsMax =   8.24229573481716E-13  1.93629695787855E+00
 cg2d: Sum(rhs),rhsMax =   8.66862137627322E-13  1.93622980190620E+00
 cg2d: Sum(rhs),rhsMax =   3.26849658449646E-13  1.93616219009444E+00
 cg2d: Sum(rhs),rhsMax =   8.10018718766514E-13  1.93609412683379E+00
(PID.TID 0000.0001) Did not write pickup because writePickupAtEnd = FALSE
(PID.TID 0000.0001) whio : write lev 2 rec  11
 cg2d: Sum(rhs),rhsMax =   1.00897068477934E-12  1.93982651426949E+00
 cg2d: Sum(rhs),rhsMax =   7.38964445190504E-13  1.93978890219771E+00
 cg2d: Sum(rhs),rhsMax =   6.82121026329696E-13  1.93975078314404E+00
 cg2d: Sum(rhs),rhsMax =   3.41060513164848E-13  1.93971216467670E+00
 cg2d: Sum(rhs),rhsMax =   7.10542735760100E-13  1.93967305451914E+00
 cg2d: Sum(rhs),rhsMax =   1.37845290737459E-12  1.93963346049720E+00
 cg2d: Sum(rhs),rhsMax =   7.53175299905706E-13  1.93959339048612E+00
 cg2d: Sum(rhs),rhsMax =   7.81597009336110E-13  1.93955285235793E+00
 cg2d: Sum(rhs),rhsMax =   4.12114786740858E-13  1.93951185392931E+00
 cg2d: Sum(rhs),rhsMax =   9.94759830064140E-13  1.93947040291042E+00
 cg2d: Sum(rhs),rhsMax =   8.10018718766514E-13  1.93942850685523E+00
 cg2d: Sum(rhs),rhsMax =   9.94759830064140E-13  1.93938617293887E+00
 cg2d: Sum(rhs),rhsMax =   4.83169060316868E-13  1.93934340815041E+00
 cg2d: Sum(rhs),rhsMax =   4.68958205601666E-13  1.93930021947994E+00
 cg2d: Sum(rhs),rhsMax =   7.81597009336110E-13  1.93925661367325E+00
 cg2d: Sum(rhs),rhsMax =   1.17950094136177E-12  1.93921259695431E+00
 cg2d: Sum(rhs),rhsMax =   5.96855898038484E-13  1.93916817495848E+00
 cg2d: Sum(rhs),rhsMax =   3.69482222595252E-13  1.93912335280045E+00
 cg2d: Sum(rhs),rhsMax =   5.11590769747272E-13  1.93907813514694E+00
 cg2d: Sum(rhs),rhsMax =   7.24753590475302E-13  1.93903252623230E+00
 cg2d: Sum(rhs),rhsMax =   9.80548975348938E-13  1.93898652982641E+00
 cg2d: Sum(rhs),rhsMax =   3.55271367880050E-13  1.93894014919155E+00
 cg2d: Sum(rhs),rhsMax =   6.39488462184090E-13  1.93889338705207E+00
 cg2d: Sum(rhs),rhsMax =   3.97903932025656E-13  1.93884624558013E+00
 cg2d: Sum(rhs),rhsMax =   6.11066752753686E-13  1.93879872639174E+00
 cg2d: Sum(rhs),rhsMax =   3.55271367880050E-13  1.93875083054868E+00
 cg2d: Sum(rhs),rhsMax =   7.24753590475302E-13  1.93870255856449E+00
 cg2d: Sum(rhs),rhsMax =   6.96331881044898E-13  1.93865391041391E+00
 cg2d: Sum(rhs),rhsMax =   7.10542735760100E-13  1.93860488554577E+00
 cg2d: Sum(rhs),rhsMax =   1.27897692436818E-12  1.93855548289934E+00
 cg2d: Sum(rhs),rhsMax =   6.53699316899292E-13  1.93850570092378E+00
 cg2d: Sum(rhs),rhsMax =   1.17950094136177E-12  1.93845553760088E+00
 cg2d: Sum(rhs),rhsMax =   4.26325641456060E-13  1.93840499047080E+00
 cg2d: Sum(rhs),rhsMax =   7.81597009336110E-13  1.93835405666091E+00
 cg2d: Sum(rhs),rhsMax =   5.68434188608080E-13  1.93830273291778E+00
 cg2d: Sum(rhs),rhsMax =   5.96855898038484E-13  1.93825101564168E+00
 cg2d: Sum(rhs),rhsMax =   9.52127265918534E-13  1.93819890092369E+00
 cg2d: Sum(rhs),rhsMax =   9.66338120633736E-13  1.93814638458490E+00
 cg2d: Sum(rhs),rhsMax =   2.98427949019242E-13  1.93809346221724E+00
 cg2d: Sum(rhs),rhsMax =   3.26849658449646E-13  1.93804012922544E+00
 cg2d: Sum(rhs),rhsMax =   1.00897068477934E-12  1.93798638086995E+00
 cg2d: Sum(rhs),rhsMax =   2.84217094304040E-13  1.93793221231030E+00
 cg2d: Sum(rhs),rhsMax =   3.12638803734444E-13  1.93787761864862E+00
 cg2d: Sum(rhs),rhsMax =   1.12265752250096E-12  1.93782259497296E+00
 cg2d: Sum(rhs),rhsMax =   5.82645043323282E-13  1.93776713640029E+00
 cg2d: Sum(rhs),rhsMax =   3.26849658449646E-13  1.93771123811878E+00
 cg2d: Sum(rhs),rhsMax =   1.00897068477934E-12  1.93765489542902E+00
 cg2d: Sum(rhs),rhsMax =   2.41584530158434E-13  1.93759810378407E+00
 cg2d: Sum(rhs),rhsMax =   5.82645043323282E-13  1.93754085882786E+00
 cg2d: Sum(rhs),rhsMax =   4.40536496171262E-13  1.93748315643191E+00
 cg2d: Sum(rhs),rhsMax =   2.98427949019242E-13  1.93742499272985E+00
 cg2d: Sum(rhs),rhsMax =   8.95283847057726E-13  1.93736636414964E+00
 cg2d: Sum(rhs),rhsMax =   9.52127265918534E-13  1.93730726744334E+00
 cg2d: Sum(rhs),rhsMax =   5.25801624462474E-13  1.93724769971404E+00
 cg2d: Sum(rhs),rhsMax =   3.55271367880050E-13  1.93718765843993E+00
 cg2d: Sum(rhs),rhsMax =   6.11066752753686E-13  1.93712714149533E+00
 cg2d: Sum(rhs),rhsMax =   4.12114786740858E-13  1.93706614716847E+00
 cg2d: Sum(rhs),rhsMax =   7.67386154620908E-13  1.93700467417615E+00
 cg2d: Sum(rhs),rhsMax =   5.96855898038484E-13  1.93694272167477E+00
 cg2d: Sum(rhs),rhsMax =   2.70006239588838E-13  1.93688028926826E+00
 cg2d: Sum(rhs),rhsMax =   4.40536496171262E-13  1.93681737701242E+00
 cg2d: Sum(rhs),rhsMax =   3.83693077310454E-13  1.93675398541580E+00
 cg2d: Sum(rhs),rhsMax =   2.70006239588838E-13  1.93669011543739E+00
 cg2d: Sum(rhs),rhsMax =   2.27373675443232E-13  1.93662576848078E+00
 cg2d: Sum(rhs),rhsMax =   5.82645043323282E-13  1.93656094638517E+00
 cg2d: Sum(rhs),rhsMax =   7.81597009336110E-13  1.93649565141318E+00
 cg2d: Sum(rhs),rhsMax =   8.24229573481716E-13  1.93642988623576E+00
 cg2d: Sum(rhs),rhsMax =   4.54747350886464E-13  1.93636365391401E+00
 cg2d: Sum(rhs),rhsMax =   8.24229573481716E-13  1.93629695787855E+00
 cg2d: Sum(rhs),rhsMax =   8.66862137627322E-13  1.93622980190620E+00
 cg2d: Sum(rhs),rhsMax =   3.26849658449646E-13  1.93616219009444E+00
 cg2d: Sum(rhs),rhsMax =   8.10018718766514E-13  1.93609412683379E+00
(PID.TID 0000.0001) Did not write pickup because writePickupAtEnd = FALSE
(PID.TID 0000.0001) Did not write pickup because writePickupAtEnd = FALSE
 Calling cg2d from S/R CG2D_MAD
 cg2d: Sum(rhs),rhsMax =   8.30074844698607E-16  1.04201910538688E-04
 Calling cg2d from S/R CG2D_MAD
 cg2d: Sum(rhs),rhsMax =   8.94083789065365E-17  2.44254364932085E-05
 Calling cg2d from S/R CG2D_MAD
 cg2d: Sum(rhs),rhsMax =  -9.79183321915772E-18  5.24357464011449E-06
 Calling cg2d from S/R CG2D_MAD
 cg2d: Sum(rhs),rhsMax =   4.49908749714173E-16  3.83204917753704E-06
 Calling cg2d from S/R CG2D_MAD
 cg2d: Sum(rhs),rhsMax =   1.45468760735096E-15  7.19172774409790E-07
 Calling cg2d from S/R CG2D_MAD
 cg2d: Sum(rhs),rhsMax =  -1.20823490101785E-15  2.81305738502626E-07
 Calling cg2d from S/R CG2D_MAD
 cg2d: Sum(rhs),rhsMax =  -2.22044604925031E-15  1.30663251845390E-07
 Calling cg2d from S/R CG2D_MAD
 cg2d: Sum(rhs),rhsMax =  -1.52690360355479E-14  7.26579887632042E-08
 Calling cg2d from S/R CG2D_MAD
 cg2d: Sum(rhs),rhsMax =  -4.01484401280072E-14  5.47266325352891E-08
 Calling cg2d from S/R CG2D_MAD
 cg2d: Sum(rhs),rhsMax =   2.85882428840978E-14  4.28575821287435E-08
 Calling cg2d from S/R CG2D_MAD
 cg2d: Sum(rhs),rhsMax =  -3.87467835594180E-14  3.43575814646101E-08
 Calling cg2d from S/R CG2D_MAD
 cg2d: Sum(rhs),rhsMax =   9.83657599817889E-14  2.83225591297375E-08
 Calling cg2d from S/R CG2D_MAD
 cg2d: Sum(rhs),rhsMax =  -5.06261699229071E-14  2.65881866082213E-08
 Calling cg2d from S/R CG2D_MAD
 cg2d: Sum(rhs),rhsMax =  -5.15143483426073E-14  2.48661767029081E-08
 Calling cg2d from S/R CG2D_MAD
 cg2d: Sum(rhs),rhsMax =   1.42108547152020E-14  2.21145059255546E-08
 Calling cg2d from S/R CG2D_MAD
 cg2d: Sum(rhs),rhsMax =   3.55271367880050E-15  1.94970157332185E-08
 Calling cg2d from S/R CG2D_MAD
 cg2d: Sum(rhs),rhsMax =  -5.68434188608080E-14  1.71191204922576E-08
 Calling cg2d from S/R CG2D_MAD
 cg2d: Sum(rhs),rhsMax =  -3.19744231092045E-14  1.52517810556377E-08
 Calling cg2d from S/R CG2D_MAD
 cg2d: Sum(rhs),rhsMax =   4.26325641456060E-14  1.36974972995051E-08
 Calling cg2d from S/R CG2D_MAD
 cg2d: Sum(rhs),rhsMax =  -9.94759830064140E-14  1.48064244219443E-08
 Calling cg2d from S/R CG2D_MAD
 cg2d: Sum(rhs),rhsMax =   7.10542735760100E-14  1.67979929142158E-08
 Calling cg2d from S/R CG2D_MAD
 cg2d: Sum(rhs),rhsMax =  -3.90798504668055E-14  1.86169679030323E-08
 Calling cg2d from S/R CG2D_MAD
 cg2d: Sum(rhs),rhsMax =   2.48689957516035E-14  1.99971373863071E-08
 Calling cg2d from S/R CG2D_MAD
 cg2d: Sum(rhs),rhsMax =  -5.68434188608080E-14  2.07532608436851E-08
 Calling cg2d from S/R CG2D_MAD
 cg2d: Sum(rhs),rhsMax =  -1.06581410364015E-14  2.08215621385374E-08
 Calling cg2d from S/R CG2D_MAD
 cg2d: Sum(rhs),rhsMax =   9.41469124882133E-14  2.02621912825600E-08
 Calling cg2d from S/R CG2D_MAD
 cg2d: Sum(rhs),rhsMax =   4.97379915032070E-14  1.92283416507737E-08
 Calling cg2d from S/R CG2D_MAD
 cg2d: Sum(rhs),rhsMax =   1.77635683940025E-15  1.79169695013534E-08
 Calling cg2d from S/R CG2D_MAD
 cg2d: Sum(rhs),rhsMax =  -3.90798504668055E-14  1.65189258471921E-08
 Calling cg2d from S/R CG2D_MAD
 cg2d: Sum(rhs),rhsMax =  -6.03961325396085E-14  1.51823661603112E-08
 Calling cg2d from S/R CG2D_MAD
 cg2d: Sum(rhs),rhsMax =  -2.13162820728030E-14  1.39957286986120E-08
 Calling cg2d from S/R CG2D_MAD
 cg2d: Sum(rhs),rhsMax =  -3.90798504668055E-14  1.29890828462078E-08
 Calling cg2d from S/R CG2D_MAD
 cg2d: Sum(rhs),rhsMax =  -3.55271367880050E-15  1.21478157423792E-08
 Calling cg2d from S/R CG2D_MAD
 cg2d: Sum(rhs),rhsMax =   6.03961325396085E-14  1.14312169706277E-08
 Calling cg2d from S/R CG2D_MAD
 cg2d: Sum(rhs),rhsMax =   9.23705556488130E-14  1.08372997350318E-08
 Calling cg2d from S/R CG2D_MAD
 cg2d: Sum(rhs),rhsMax =  -2.84217094304040E-14  1.06194274774132E-08
 Calling cg2d from S/R CG2D_MAD
 cg2d: Sum(rhs),rhsMax =   1.42108547152020E-14  1.02982353718964E-08
 Calling cg2d from S/R CG2D_MAD
 cg2d: Sum(rhs),rhsMax =  -5.32907051820075E-14  9.90993879757788E-09
 Calling cg2d from S/R CG2D_MAD
 cg2d: Sum(rhs),rhsMax =   5.32907051820075E-14  9.47990980937829E-09
 Calling cg2d from S/R CG2D_MAD
 cg2d: Sum(rhs),rhsMax =   4.26325641456060E-14  9.02381827990360E-09
 Calling cg2d from S/R CG2D_MAD
 cg2d: Sum(rhs),rhsMax =   8.52651282912120E-14  8.54999853186909E-09
 Calling cg2d from S/R CG2D_MAD
 cg2d: Sum(rhs),rhsMax =   1.77635683940025E-15  8.06198720837622E-09
 Calling cg2d from S/R CG2D_MAD
 cg2d: Sum(rhs),rhsMax =   1.07913677993565E-13  7.56063585252926E-09
 Calling cg2d from S/R CG2D_MAD
 cg2d: Sum(rhs),rhsMax =   1.86517468137026E-14  7.04558479454520E-09
 Calling cg2d from S/R CG2D_MAD
 cg2d: Sum(rhs),rhsMax =   9.59232693276135E-14  6.51613192840089E-09
 Calling cg2d from S/R CG2D_MAD
 cg2d: Sum(rhs),rhsMax =   2.41584530158434E-13  5.97164754246368E-09
 Calling cg2d from S/R CG2D_MAD
 cg2d: Sum(rhs),rhsMax =  -1.27897692436818E-13  5.41171234839185E-09
 Calling cg2d from S/R CG2D_MAD
 cg2d: Sum(rhs),rhsMax =  -7.10542735760100E-14  4.93542708881442E-09
 Calling cg2d from S/R CG2D_MAD
 cg2d: Sum(rhs),rhsMax =   2.13162820728030E-14  5.49187815711223E-09
 Calling cg2d from S/R CG2D_MAD
 cg2d: Sum(rhs),rhsMax =  -1.35003119794419E-13  6.00557629192982E-09
 Calling cg2d from S/R CG2D_MAD
 cg2d: Sum(rhs),rhsMax =  -7.10542735760100E-15  6.47543687432197E-09
 Calling cg2d from S/R CG2D_MAD
 cg2d: Sum(rhs),rhsMax =   0.00000000000000E+00  6.90035640701628E-09
 Calling cg2d from S/R CG2D_MAD
 cg2d: Sum(rhs),rhsMax =   1.13686837721616E-13  7.27893955496947E-09
 Calling cg2d from S/R CG2D_MAD
 cg2d: Sum(rhs),rhsMax =   2.13162820728030E-14  7.60921822387229E-09
 Calling cg2d from S/R CG2D_MAD
 cg2d: Sum(rhs),rhsMax =  -6.39488462184090E-14  7.88842450262209E-09
 Calling cg2d from S/R CG2D_MAD
 cg2d: Sum(rhs),rhsMax =   7.81597009336110E-14  8.11288241929919E-09
 Calling cg2d from S/R CG2D_MAD
 cg2d: Sum(rhs),rhsMax =  -1.27897692436818E-13  8.27807519852039E-09
 Calling cg2d from S/R CG2D_MAD
 cg2d: Sum(rhs),rhsMax =   7.81597009336110E-14  8.37892392638126E-09
 Calling cg2d from S/R CG2D_MAD
 cg2d: Sum(rhs),rhsMax =  -4.26325641456060E-14  8.41028151352157E-09
 Calling cg2d from S/R CG2D_MAD
 cg2d: Sum(rhs),rhsMax =  -6.39488462184090E-14  8.36760659527143E-09
 Calling cg2d from S/R CG2D_MAD
 cg2d: Sum(rhs),rhsMax =  -1.06581410364015E-13  8.24774186893606E-09
 Calling cg2d from S/R CG2D_MAD
 cg2d: Sum(rhs),rhsMax =  -1.42108547152020E-14  8.04968804129117E-09
 Calling cg2d from S/R CG2D_MAD
 cg2d: Sum(rhs),rhsMax =  -1.42108547152020E-14  7.77524562069235E-09
 Calling cg2d from S/R CG2D_MAD
 cg2d: Sum(rhs),rhsMax =  -2.84217094304040E-14  7.46731824347320E-09
 Calling cg2d from S/R CG2D_MAD
 cg2d: Sum(rhs),rhsMax =  -4.26325641456060E-14  7.63182622785729E-09
 Calling cg2d from S/R CG2D_MAD
 cg2d: Sum(rhs),rhsMax =  -6.39488462184090E-14  7.73983942929694E-09
 Calling cg2d from S/R CG2D_MAD
 cg2d: Sum(rhs),rhsMax =   5.68434188608080E-14  7.78234594140010E-09
 Calling cg2d from S/R CG2D_MAD
 cg2d: Sum(rhs),rhsMax =   0.00000000000000E+00  7.75029727304158E-09
 Calling cg2d from S/R CG2D_MAD
 cg2d: Sum(rhs),rhsMax =  -6.39488462184090E-14  7.63590311603244E-09
 Calling cg2d from S/R CG2D_MAD
 cg2d: Sum(rhs),rhsMax =  -4.26325641456060E-14  7.43396242633603E-09
 Calling cg2d from S/R CG2D_MAD
 cg2d: Sum(rhs),rhsMax =   2.84217094304040E-14  7.27642031107975E-09
 Calling cg2d from S/R CG2D_MAD
 cg2d: Sum(rhs),rhsMax =  -8.52651282912120E-14  7.66643120617436E-09
 cg2d: Sum(rhs),rhsMax =   6.39488462184090E-13  1.94120339438638E+00
 cg2d: Sum(rhs),rhsMax =   5.68434188608080E-13  1.94120040482903E+00
 cg2d: Sum(rhs),rhsMax =   6.25277607468888E-13  1.94119688481977E+00
 cg2d: Sum(rhs),rhsMax =   1.03739239420975E-12  1.94119284470602E+00
 cg2d: Sum(rhs),rhsMax =   6.39488462184090E-13  1.94118829488098E+00
 cg2d: Sum(rhs),rhsMax =   2.27373675443232E-13  1.94118324571417E+00
 cg2d: Sum(rhs),rhsMax =   1.27897692436818E-13  1.94117770748247E+00
 cg2d: Sum(rhs),rhsMax =   5.54223333892878E-13  1.94117169030199E+00
 cg2d: Sum(rhs),rhsMax =   9.66338120633736E-13  1.94116520406141E+00
 cg2d: Sum(rhs),rhsMax =   1.84741111297626E-13  1.94115825835724E+00
 cg2d: Sum(rhs),rhsMax =   0.00000000000000E+00  1.94115086243142E+00
 cg2d: Sum(rhs),rhsMax =   1.13686837721616E-13  1.94114302511180E+00
 cg2d: Sum(rhs),rhsMax =   5.40012479177676E-13  1.94113475475575E+00
 cg2d: Sum(rhs),rhsMax =   3.26849658449646E-13  1.94112605919766E+00
 cg2d: Sum(rhs),rhsMax =   7.38964445190504E-13  1.94111694570012E+00
 cg2d: Sum(rhs),rhsMax =   2.55795384873636E-13  1.94110742090981E+00
 cg2d: Sum(rhs),rhsMax =   4.40536496171262E-13  1.94109749081763E+00
 cg2d: Sum(rhs),rhsMax =   4.26325641456060E-13  1.94108716072423E+00
 cg2d: Sum(rhs),rhsMax =   7.67386154620908E-13  1.94107643521020E+00
 cg2d: Sum(rhs),rhsMax =   3.97903932025656E-13  1.94106531811194E+00
 cg2d: Sum(rhs),rhsMax =   5.68434188608080E-14  1.94105381250283E+00
 cg2d: Sum(rhs),rhsMax =   9.23705556488130E-13  1.94104192067999E+00
 cg2d: Sum(rhs),rhsMax =   3.41060513164848E-13  1.94102964415676E+00
 cg2d: Sum(rhs),rhsMax =   9.23705556488130E-13  1.94101698366077E+00
 cg2d: Sum(rhs),rhsMax =   6.39488462184090E-13  1.94100393913766E+00
 cg2d: Sum(rhs),rhsMax =   5.68434188608080E-13  1.94099050976039E+00
 cg2d: Sum(rhs),rhsMax =   8.10018718766514E-13  1.94097669394410E+00
 cg2d: Sum(rhs),rhsMax =   3.26849658449646E-13  1.94096248936612E+00
 cg2d: Sum(rhs),rhsMax =   6.96331881044898E-13  1.94094789299137E+00
 cg2d: Sum(rhs),rhsMax =   4.26325641456060E-13  1.94093290110250E+00
 cg2d: Sum(rhs),rhsMax =   5.54223333892878E-13  1.94091750933489E+00
 cg2d: Sum(rhs),rhsMax =   5.96855898038484E-13  1.94090171271587E+00
 cg2d: Sum(rhs),rhsMax =   9.09494701772928E-13  1.94088550570824E+00
 cg2d: Sum(rhs),rhsMax =   7.10542735760100E-13  1.94086888225735E+00
 cg2d: Sum(rhs),rhsMax =   5.96855898038484E-13  1.94085183584171E+00
 cg2d: Sum(rhs),rhsMax =   8.66862137627322E-13  1.94083435952650E+00
 cg2d: Sum(rhs),rhsMax =   6.82121026329696E-13  1.94081644601970E+00
 cg2d: Sum(rhs),rhsMax =   6.82121026329696E-13  1.94079808773037E+00
 cg2d: Sum(rhs),rhsMax =   1.70530256582424E-13  1.94077927682870E+00
 cg2d: Sum(rhs),rhsMax =   1.84741111297626E-13  1.94076000530721E+00
 cg2d: Sum(rhs),rhsMax =   7.81597009336110E-13  1.94074026504293E+00
 cg2d: Sum(rhs),rhsMax =   1.03739239420975E-12  1.94072004785987E+00
 cg2d: Sum(rhs),rhsMax =   5.54223333892878E-13  1.94069934559134E+00
 cg2d: Sum(rhs),rhsMax =   6.82121026329696E-13  1.94067815014182E+00
 cg2d: Sum(rhs),rhsMax =   1.13686837721616E-13  1.94065645354785E+00
 cg2d: Sum(rhs),rhsMax =   4.83169060316868E-13  1.94063424803737E+00
 cg2d: Sum(rhs),rhsMax =   5.82645043323282E-13  1.94061152608741E+00
 cg2d: Sum(rhs),rhsMax =   4.12114786740858E-13  1.94058828047938E+00
 cg2d: Sum(rhs),rhsMax =   2.84217094304040E-13  1.94056450435178E+00
 cg2d: Sum(rhs),rhsMax =   1.10844666778576E-12  1.94054019124994E+00
 cg2d: Sum(rhs),rhsMax =   7.95807864051312E-13  1.94051533517248E+00
 cg2d: Sum(rhs),rhsMax =   3.83693077310454E-13  1.94048993061399E+00
 cg2d: Sum(rhs),rhsMax =   8.66862137627322E-13  1.94046397260394E+00
 cg2d: Sum(rhs),rhsMax =   7.38964445190504E-13  1.94043745674127E+00
 cg2d: Sum(rhs),rhsMax =   1.09423581307055E-12  1.94041037922478E+00
 cg2d: Sum(rhs),rhsMax =   3.55271367880050E-13  1.94038273687867E+00
 cg2d: Sum(rhs),rhsMax =   1.35003119794419E-12  1.94035452717367E+00
 cg2d: Sum(rhs),rhsMax =   5.82645043323282E-13  1.94032574824316E+00
 cg2d: Sum(rhs),rhsMax =   1.06581410364015E-12  1.94029639889434E+00
 cg2d: Sum(rhs),rhsMax =   7.24753590475302E-13  1.94026647861455E+00
 cg2d: Sum(rhs),rhsMax =   4.40536496171262E-13  1.94023598757261E+00
 cg2d: Sum(rhs),rhsMax =   1.13686837721616E-12  1.94020492661519E+00
 cg2d: Sum(rhs),rhsMax =   7.10542735760100E-13  1.94017329725830E+00
 cg2d: Sum(rhs),rhsMax =   2.98427949019242E-13  1.94014110167422E+00
 cg2d: Sum(rhs),rhsMax =   7.38964445190504E-13  1.94010834267353E+00
 cg2d: Sum(rhs),rhsMax =   8.24229573481716E-13  1.94007502368297E+00
 cg2d: Sum(rhs),rhsMax =   8.38440428196918E-13  1.94004114871889E+00
 cg2d: Sum(rhs),rhsMax =   6.25277607468888E-13  1.94000672235680E+00
 cg2d: Sum(rhs),rhsMax =   4.54747350886464E-13  1.93997174969717E+00
 cg2d: Sum(rhs),rhsMax =   6.25277607468888E-13  1.93993623632766E+00
 cg2d: Sum(rhs),rhsMax =  -7.10542735760100E-14  1.93990018828245E+00
 cg2d: Sum(rhs),rhsMax =   9.23705556488130E-13  1.93986361199849E+00
 Calling cg2d from S/R CG2D_MAD
 cg2d: Sum(rhs),rhsMax =  -9.94759830064140E-14  8.05893652707776E-09
 Calling cg2d from S/R CG2D_MAD
 cg2d: Sum(rhs),rhsMax =   4.61852778244065E-14  8.44319993631371E-09
 Calling cg2d from S/R CG2D_MAD
 cg2d: Sum(rhs),rhsMax =  -4.26325641456060E-14  8.80496560133372E-09
 Calling cg2d from S/R CG2D_MAD
 cg2d: Sum(rhs),rhsMax =  -1.45661260830821E-13  9.12768065807610E-09
 Calling cg2d from S/R CG2D_MAD
 cg2d: Sum(rhs),rhsMax =  -7.81597009336110E-14  9.39402577413692E-09
 Calling cg2d from S/R CG2D_MAD
 cg2d: Sum(rhs),rhsMax =   1.42108547152020E-14  9.58757463407645E-09
 Calling cg2d from S/R CG2D_MAD
 cg2d: Sum(rhs),rhsMax =  -1.06692432666478E-13  9.69438969646902E-09
 Calling cg2d from S/R CG2D_MAD
 cg2d: Sum(rhs),rhsMax =   5.41788836017076E-14  9.70437442353448E-09
 Calling cg2d from S/R CG2D_MAD
 cg2d: Sum(rhs),rhsMax =  -1.95399252334028E-14  9.61223817269215E-09
 Calling cg2d from S/R CG2D_MAD
 cg2d: Sum(rhs),rhsMax =  -1.06581410364015E-14  9.41798262347670E-09
 Calling cg2d from S/R CG2D_MAD
 cg2d: Sum(rhs),rhsMax =   1.06581410364015E-13  9.12687956322036E-09
 Calling cg2d from S/R CG2D_MAD
 cg2d: Sum(rhs),rhsMax =   2.84217094304040E-14  8.74897015071168E-09
 Calling cg2d from S/R CG2D_MAD
 cg2d: Sum(rhs),rhsMax =   2.13162820728030E-14  8.29816743475521E-09
 Calling cg2d from S/R CG2D_MAD
 cg2d: Sum(rhs),rhsMax =  -1.13686837721616E-13  7.79108098755765E-09
 Calling cg2d from S/R CG2D_MAD
 cg2d: Sum(rhs),rhsMax =  -3.55271367880050E-14  7.24570177876085E-09
 Calling cg2d from S/R CG2D_MAD
 cg2d: Sum(rhs),rhsMax =  -5.68434188608080E-14  7.65369405992359E-09
 Calling cg2d from S/R CG2D_MAD
 cg2d: Sum(rhs),rhsMax =   2.06057393370429E-13  8.35889625873852E-09
 Calling cg2d from S/R CG2D_MAD
 cg2d: Sum(rhs),rhsMax =   1.20792265079217E-13  8.97967394126160E-09
 Calling cg2d from S/R CG2D_MAD
 cg2d: Sum(rhs),rhsMax =   7.10542735760100E-14  9.50483913930836E-09
 Calling cg2d from S/R CG2D_MAD
 cg2d: Sum(rhs),rhsMax =   7.10542735760100E-15  9.92720020026549E-09
 Calling cg2d from S/R CG2D_MAD
 cg2d: Sum(rhs),rhsMax =  -3.90798504668055E-14  1.02435093179888E-08
 Calling cg2d from S/R CG2D_MAD
 cg2d: Sum(rhs),rhsMax =   7.10542735760100E-15  1.04541083977194E-08
 Calling cg2d from S/R CG2D_MAD
 cg2d: Sum(rhs),rhsMax =   5.32907051820075E-14  1.05623487360553E-08
 Calling cg2d from S/R CG2D_MAD
 cg2d: Sum(rhs),rhsMax =  -6.92779167366098E-14  1.05738722961849E-08
 Calling cg2d from S/R CG2D_MAD
 cg2d: Sum(rhs),rhsMax =   6.83897383169096E-14  1.04958433528880E-08
 Calling cg2d from S/R CG2D_MAD
 cg2d: Sum(rhs),rhsMax =   1.05693231944315E-13  1.03362106398763E-08
 Calling cg2d from S/R CG2D_MAD
 cg2d: Sum(rhs),rhsMax =  -3.99680288865056E-15  1.01030643647108E-08
 Calling cg2d from S/R CG2D_MAD
 cg2d: Sum(rhs),rhsMax =  -1.44328993201270E-14  9.80413245631557E-09
 Calling cg2d from S/R CG2D_MAD
 cg2d: Sum(rhs),rhsMax =   0.00000000000000E+00  9.44643903577592E-09
 Calling cg2d from S/R CG2D_MAD
 cg2d: Sum(rhs),rhsMax =   3.28626015289046E-14  9.03612786230051E-09
 Calling cg2d from S/R CG2D_MAD
 cg2d: Sum(rhs),rhsMax =   1.95399252334028E-14  8.57843627002720E-09
 Calling cg2d from S/R CG2D_MAD
 cg2d: Sum(rhs),rhsMax =   3.90798504668055E-14  8.07779227348621E-09
 Calling cg2d from S/R CG2D_MAD
 cg2d: Sum(rhs),rhsMax =  -4.79616346638068E-14  7.53799954879956E-09
 Calling cg2d from S/R CG2D_MAD
 cg2d: Sum(rhs),rhsMax =  -2.66453525910038E-14  6.96247180906459E-09
 Calling cg2d from S/R CG2D_MAD
 cg2d: Sum(rhs),rhsMax =   6.03961325396085E-14  6.35447930460450E-09
 Calling cg2d from S/R CG2D_MAD
 cg2d: Sum(rhs),rhsMax =   5.15143483426073E-14  5.71737497914311E-09
 Calling cg2d from S/R CG2D_MAD
 cg2d: Sum(rhs),rhsMax =   6.66133814775094E-15  5.54175202993698E-09
 Calling cg2d from S/R CG2D_MAD
 cg2d: Sum(rhs),rhsMax =   9.72555369571637E-14  5.48675326037999E-09
 Calling cg2d from S/R CG2D_MAD
 cg2d: Sum(rhs),rhsMax =  -5.32907051820075E-15  5.38844071118791E-09
 Calling cg2d from S/R CG2D_MAD
 cg2d: Sum(rhs),rhsMax =  -8.88178419700125E-14  5.24810202472913E-09
 Calling cg2d from S/R CG2D_MAD
 cg2d: Sum(rhs),rhsMax =  -1.88293824976427E-13  5.06706048992439E-09
 Calling cg2d from S/R CG2D_MAD
 cg2d: Sum(rhs),rhsMax =  -1.13686837721616E-13  4.84672183976266E-09
 Calling cg2d from S/R CG2D_MAD
 cg2d: Sum(rhs),rhsMax =   1.42108547152020E-13  4.58865411305503E-09
 Calling cg2d from S/R CG2D_MAD
 cg2d: Sum(rhs),rhsMax =  -7.10542735760100E-14  4.43842785638633E-09
 Calling cg2d from S/R CG2D_MAD
 cg2d: Sum(rhs),rhsMax =   3.55271367880050E-13  4.52046473037127E-09
 Calling cg2d from S/R CG2D_MAD
 cg2d: Sum(rhs),rhsMax =  -7.10542735760100E-15  4.89119108779946E-09
 Calling cg2d from S/R CG2D_MAD
 cg2d: Sum(rhs),rhsMax =  -1.70530256582424E-13  5.23145964005605E-09
 Calling cg2d from S/R CG2D_MAD
 cg2d: Sum(rhs),rhsMax =  -1.20792265079217E-13  5.54146963008806E-09
 Calling cg2d from S/R CG2D_MAD
 cg2d: Sum(rhs),rhsMax =   1.20792265079217E-13  5.82188423657700E-09
 Calling cg2d from S/R CG2D_MAD
 cg2d: Sum(rhs),rhsMax =   2.84217094304040E-14  6.07377501123898E-09
 Calling cg2d from S/R CG2D_MAD
 cg2d: Sum(rhs),rhsMax =   1.49213974509621E-13  6.29854295676632E-09
 Calling cg2d from S/R CG2D_MAD
 cg2d: Sum(rhs),rhsMax =   0.00000000000000E+00  6.49782088120468E-09
 Calling cg2d from S/R CG2D_MAD
 cg2d: Sum(rhs),rhsMax =   4.61852778244065E-14  6.67336347692784E-09
 Calling cg2d from S/R CG2D_MAD
 cg2d: Sum(rhs),rhsMax =   1.06581410364015E-13  6.82693274026596E-09
 Calling cg2d from S/R CG2D_MAD
 cg2d: Sum(rhs),rhsMax =  -1.10134124042816E-13  6.96018678141463E-09
 Calling cg2d from S/R CG2D_MAD
 cg2d: Sum(rhs),rhsMax =  -8.17124146124115E-14  7.07457976140062E-09
 Calling cg2d from S/R CG2D_MAD
 cg2d: Sum(rhs),rhsMax =  -1.24344978758018E-13  7.17127969639033E-09
 Calling cg2d from S/R CG2D_MAD
 cg2d: Sum(rhs),rhsMax =   7.46069872548105E-14  7.25110931584523E-09
 Calling cg2d from S/R CG2D_MAD
 cg2d: Sum(rhs),rhsMax =   1.42108547152020E-14  7.31451322345875E-09
 Calling cg2d from S/R CG2D_MAD
 cg2d: Sum(rhs),rhsMax =   2.30926389122033E-14  7.51930612399969E-09
 Calling cg2d from S/R CG2D_MAD
 cg2d: Sum(rhs),rhsMax =  -1.77635683940025E-15  7.69453961158076E-09
 Calling cg2d from S/R CG2D_MAD
 cg2d: Sum(rhs),rhsMax =   0.00000000000000E+00  7.82955391352211E-09
 Calling cg2d from S/R CG2D_MAD
 cg2d: Sum(rhs),rhsMax =  -1.42108547152020E-14  7.92320793647142E-09
 Calling cg2d from S/R CG2D_MAD
 cg2d: Sum(rhs),rhsMax =   0.00000000000000E+00  7.97439759730851E-09
 Calling cg2d from S/R CG2D_MAD
 cg2d: Sum(rhs),rhsMax =  -2.48689957516035E-14  7.98213519864496E-09
 Calling cg2d from S/R CG2D_MAD
 cg2d: Sum(rhs),rhsMax =   3.55271367880050E-15  7.94562809886954E-09
 Calling cg2d from S/R CG2D_MAD
 cg2d: Sum(rhs),rhsMax =  -6.21724893790088E-15  7.86435128488278E-09
 Calling cg2d from S/R CG2D_MAD
 cg2d: Sum(rhs),rhsMax =   9.50350909079134E-14  7.73810952286742E-09
 Calling cg2d from S/R CG2D_MAD
 cg2d: Sum(rhs),rhsMax =   1.99840144432528E-14  7.56708604206683E-09
 Calling cg2d from S/R CG2D_MAD
 cg2d: Sum(rhs),rhsMax =   2.53130849614536E-14  7.35187606206007E-09
 Calling cg2d from S/R CG2D_MAD
 cg2d: Sum(rhs),rhsMax =   4.44089209850063E-14  7.09350477810900E-09
 Calling cg2d from S/R CG2D_MAD
 cg2d: Sum(rhs),rhsMax =  -4.97379915032070E-14  6.79343056398943E-09
 cg2d: Sum(rhs),rhsMax =   2.84217094304040E-13  1.93992092413502E+00
 cg2d: Sum(rhs),rhsMax =   4.26325641456060E-13  1.93995715010443E+00
 cg2d: Sum(rhs),rhsMax =   9.23705556488130E-13  1.93999279032857E+00
 cg2d: Sum(rhs),rhsMax =   3.55271367880050E-13  1.94002785517417E+00
 cg2d: Sum(rhs),rhsMax =   3.55271367880050E-13  1.94006235507740E+00
 cg2d: Sum(rhs),rhsMax =   9.80548975348938E-13  1.94009630046311E+00
 cg2d: Sum(rhs),rhsMax =   6.39488462184090E-13  1.94012970166498E+00
 cg2d: Sum(rhs),rhsMax =   5.40012479177676E-13  1.94016256884671E+00
 cg2d: Sum(rhs),rhsMax =   2.55795384873636E-13  1.94019491192529E+00
 cg2d: Sum(rhs),rhsMax =   2.55795384873636E-13  1.94022674049651E+00
 cg2d: Sum(rhs),rhsMax =   9.52127265918534E-13  1.94025806376369E+00
 cg2d: Sum(rhs),rhsMax =   5.68434188608080E-13  1.94028889046982E+00
 cg2d: Sum(rhs),rhsMax =   5.82645043323282E-13  1.94031922883379E+00
 cg2d: Sum(rhs),rhsMax =   4.40536496171262E-13  1.94034908649114E+00
 cg2d: Sum(rhs),rhsMax =   4.83169060316868E-13  1.94037847043970E+00
 cg2d: Sum(rhs),rhsMax =   7.10542735760100E-14  1.94040738699049E+00
 cg2d: Sum(rhs),rhsMax =   8.24229573481716E-13  1.94043584172445E+00
 cg2d: Sum(rhs),rhsMax =   8.52651282912120E-13  1.94046383945504E+00
 cg2d: Sum(rhs),rhsMax =   4.97379915032070E-13  1.94049138419688E+00
 cg2d: Sum(rhs),rhsMax =   8.10018718766514E-13  1.94051847914120E+00
 cg2d: Sum(rhs),rhsMax =   8.38440428196918E-13  1.94054512663751E+00
 cg2d: Sum(rhs),rhsMax =   8.95283847057726E-13  1.94057132818200E+00
 cg2d: Sum(rhs),rhsMax =   6.39488462184090E-13  1.94059708441289E+00
 cg2d: Sum(rhs),rhsMax =   6.67910171614494E-13  1.94062239511220E+00
 cg2d: Sum(rhs),rhsMax =   6.53699316899292E-13  1.94064725921437E+00
 cg2d: Sum(rhs),rhsMax =   7.95807864051312E-13  1.94067167482145E+00
 cg2d: Sum(rhs),rhsMax =   4.26325641456060E-13  1.94069563922471E+00
 cg2d: Sum(rhs),rhsMax =   9.09494701772928E-13  1.94071914893251E+00
 cg2d: Sum(rhs),rhsMax =   8.24229573481716E-13  1.94074219970416E+00
 cg2d: Sum(rhs),rhsMax =   1.23634436022257E-12  1.94076478658954E+00
 cg2d: Sum(rhs),rhsMax =   6.96331881044898E-13  1.94078690397417E+00
 cg2d: Sum(rhs),rhsMax =   2.55795384873636E-13  1.94080854562908E+00
 cg2d: Sum(rhs),rhsMax =   5.54223333892878E-13  1.94082970476562E+00
 cg2d: Sum(rhs),rhsMax =   6.39488462184090E-13  1.94085037409407E+00
 cg2d: Sum(rhs),rhsMax =   5.96855898038484E-13  1.94087054588622E+00
 cg2d: Sum(rhs),rhsMax =   5.96855898038484E-13  1.94089021204094E+00
 cg2d: Sum(rhs),rhsMax =   2.41584530158434E-13  1.94090936415249E+00
 cg2d: Sum(rhs),rhsMax =   8.66862137627322E-13  1.94092799358086E+00
 cg2d: Sum(rhs),rhsMax =   6.67910171614494E-13  1.94094609152381E+00
 cg2d: Sum(rhs),rhsMax =   3.83693077310454E-13  1.94096364908981E+00
 cg2d: Sum(rhs),rhsMax =   7.67386154620908E-13  1.94098065737159E+00
 cg2d: Sum(rhs),rhsMax =   1.22213350550737E-12  1.94099710751947E+00
 cg2d: Sum(rhs),rhsMax =   9.09494701772928E-13  1.94101299081429E+00
 cg2d: Sum(rhs),rhsMax =   4.26325641456060E-13  1.94102829873900E+00
 cg2d: Sum(rhs),rhsMax =   1.42108547152020E-13  1.94104302304881E+00
 cg2d: Sum(rhs),rhsMax =   3.26849658449646E-13  1.94105715583890E+00
 cg2d: Sum(rhs),rhsMax =   3.97903932025656E-13  1.94107068960973E+00
 cg2d: Sum(rhs),rhsMax =  -1.70530256582424E-13  1.94108361732906E+00
 cg2d: Sum(rhs),rhsMax =   6.11066752753686E-13  1.94109593249035E+00
 cg2d: Sum(rhs),rhsMax =   3.69482222595252E-13  1.94110762916709E+00
 cg2d: Sum(rhs),rhsMax =   5.68434188608080E-13  1.94111870206282E+00
 cg2d: Sum(rhs),rhsMax =   6.25277607468888E-13  1.94112914655612E+00
 cg2d: Sum(rhs),rhsMax =   4.40536496171262E-13  1.94113895874055E+00
 cg2d: Sum(rhs),rhsMax =   8.24229573481716E-13  1.94114813545911E+00
 cg2d: Sum(rhs),rhsMax =   5.11590769747272E-13  1.94115667433301E+00
 cg2d: Sum(rhs),rhsMax =   7.67386154620908E-13  1.94116457378441E+00
 cg2d: Sum(rhs),rhsMax =   8.24229573481716E-13  1.94117183305327E+00
 cg2d: Sum(rhs),rhsMax =   2.55795384873636E-13  1.94117845220793E+00
 cg2d: Sum(rhs),rhsMax =   3.83693077310454E-13  1.94118443214945E+00
 cg2d: Sum(rhs),rhsMax =   1.22213350550737E-12  1.94118977460976E+00
 cg2d: Sum(rhs),rhsMax =   3.55271367880050E-13  1.94119448214358E+00
 cg2d: Sum(rhs),rhsMax =   5.25801624462474E-13  1.94119855811438E+00
 cg2d: Sum(rhs),rhsMax =   5.96855898038484E-13  1.94120200667414E+00
 cg2d: Sum(rhs),rhsMax =   8.95283847057726E-13  1.94120483273754E+00
 cg2d: Sum(rhs),rhsMax =   5.68434188608080E-13  1.94120704195050E+00
 cg2d: Sum(rhs),rhsMax =   7.10542735760100E-13  1.94120864065340E+00
 cg2d: Sum(rhs),rhsMax =   7.67386154620908E-13  1.94120963583930E+00
 cg2d: Sum(rhs),rhsMax =   1.98951966012828E-13  1.94121003510755E+00
 cg2d: Sum(rhs),rhsMax =   6.67910171614494E-13  1.94120984661294E+00
 cg2d: Sum(rhs),rhsMax =   1.22213350550737E-12  1.94120907901104E+00
 cg2d: Sum(rhs),rhsMax =   2.84217094304040E-13  1.94120774140009E+00
 cg2d: Sum(rhs),rhsMax =   1.25055521493778E-12  1.94120584325955E+00
 Calling cg2d from S/R CG2D_MAD
 cg2d: Sum(rhs),rhsMax =  -1.99840144432528E-14  6.45353505629602E-09
 Calling cg2d from S/R CG2D_MAD
 cg2d: Sum(rhs),rhsMax =  -3.64153152077051E-14  6.07610239872190E-09
 Calling cg2d from S/R CG2D_MAD
 cg2d: Sum(rhs),rhsMax =   6.39488462184090E-14  5.66379023170018E-09
 Calling cg2d from S/R CG2D_MAD
 cg2d: Sum(rhs),rhsMax =  -8.17124146124115E-14  5.30015849950489E-09
 Calling cg2d from S/R CG2D_MAD
 cg2d: Sum(rhs),rhsMax =   2.32702745961433E-13  4.98128216100225E-09
 Calling cg2d from S/R CG2D_MAD
 cg2d: Sum(rhs),rhsMax =   6.03961325396085E-14  4.64543269628875E-09
 Calling cg2d from S/R CG2D_MAD
 cg2d: Sum(rhs),rhsMax =   6.39488462184090E-14  4.29474807553175E-09
 Calling cg2d from S/R CG2D_MAD
 cg2d: Sum(rhs),rhsMax =  -9.59232693276135E-14  4.13388436942729E-09
 Calling cg2d from S/R CG2D_MAD
 cg2d: Sum(rhs),rhsMax =   4.26325641456060E-14  4.28115289806238E-09
 Calling cg2d from S/R CG2D_MAD
 cg2d: Sum(rhs),rhsMax =   2.13162820728030E-14  4.40451043531005E-09
 Calling cg2d from S/R CG2D_MAD
 cg2d: Sum(rhs),rhsMax =  -7.10542735760100E-15  4.50240277025215E-09
 Calling cg2d from S/R CG2D_MAD
 cg2d: Sum(rhs),rhsMax =   0.00000000000000E+00  4.57336839889849E-09
 Calling cg2d from S/R CG2D_MAD
 cg2d: Sum(rhs),rhsMax =  -2.84217094304040E-14  4.61606011818217E-09
 Calling cg2d from S/R CG2D_MAD
 cg2d: Sum(rhs),rhsMax =   4.26325641456060E-14  4.62926951521955E-09
 Calling cg2d from S/R CG2D_MAD
 cg2d: Sum(rhs),rhsMax =  -1.42108547152020E-14  4.61195500283330E-09
 Calling cg2d from S/R CG2D_MAD
 cg2d: Sum(rhs),rhsMax =   0.00000000000000E+00  4.56327358217594E-09
 Calling cg2d from S/R CG2D_MAD
 cg2d: Sum(rhs),rhsMax =  -6.39488462184090E-14  4.48261595679770E-09
 Calling cg2d from S/R CG2D_MAD
 cg2d: Sum(rhs),rhsMax =  -2.13162820728030E-14  4.36964403478585E-09
 Calling cg2d from S/R CG2D_MAD
 cg2d: Sum(rhs),rhsMax =   4.26325641456060E-14  4.22432929403890E-09
 Calling cg2d from S/R CG2D_MAD
 cg2d: Sum(rhs),rhsMax =  -3.55271367880050E-14  4.04699000508925E-09
 Calling cg2d from S/R CG2D_MAD
 cg2d: Sum(rhs),rhsMax =  -4.26325641456060E-14  3.83832495401523E-09
 Calling cg2d from S/R CG2D_MAD
 cg2d: Sum(rhs),rhsMax =   8.52651282912120E-14  3.81181668328921E-09
 Calling cg2d from S/R CG2D_MAD
 cg2d: Sum(rhs),rhsMax =   1.42108547152020E-14  4.13095166975020E-09
 Calling cg2d from S/R CG2D_MAD
 cg2d: Sum(rhs),rhsMax =   0.00000000000000E+00  4.41313665085569E-09
 Calling cg2d from S/R CG2D_MAD
 cg2d: Sum(rhs),rhsMax =  -2.84217094304040E-14  4.65782630530292E-09
 Calling cg2d from S/R CG2D_MAD
 cg2d: Sum(rhs),rhsMax =   8.52651282912120E-14  4.86496907716042E-09
 Calling cg2d from S/R CG2D_MAD
 cg2d: Sum(rhs),rhsMax =  -7.10542735760100E-14  5.03498360512331E-09
 Calling cg2d from S/R CG2D_MAD
 cg2d: Sum(rhs),rhsMax =   4.26325641456060E-14  5.16872070228247E-09
 Calling cg2d from S/R CG2D_MAD
 cg2d: Sum(rhs),rhsMax =  -2.84217094304040E-14  5.26741200798893E-09
 Calling cg2d from S/R CG2D_MAD
 cg2d: Sum(rhs),rhsMax =   6.39488462184090E-14  5.33260718621537E-09
 Calling cg2d from S/R CG2D_MAD
 cg2d: Sum(rhs),rhsMax =   7.81597009336110E-14  5.36610221568182E-09
 Calling cg2d from S/R CG2D_MAD
 cg2d: Sum(rhs),rhsMax =   1.42108547152020E-14  5.36986186072949E-09
 Calling cg2d from S/R CG2D_MAD
 cg2d: Sum(rhs),rhsMax =   1.42108547152020E-14  5.34593979141123E-09
 Calling cg2d from S/R CG2D_MAD
 cg2d: Sum(rhs),rhsMax =  -6.03961325396085E-14  5.29640000997776E-09
 Calling cg2d from S/R CG2D_MAD
 cg2d: Sum(rhs),rhsMax =  -6.03961325396085E-14  5.22324322463263E-09
 Calling cg2d from S/R CG2D_MAD
 cg2d: Sum(rhs),rhsMax =   4.61852778244065E-14  5.12834158880438E-09
 Calling cg2d from S/R CG2D_MAD
 cg2d: Sum(rhs),rhsMax =   4.26325641456060E-14  5.01338480722684E-09
 Calling cg2d from S/R CG2D_MAD
 cg2d: Sum(rhs),rhsMax =   4.97379915032070E-14  5.21747517400729E-09
 Calling cg2d from S/R CG2D_MAD
 cg2d: Sum(rhs),rhsMax =  -8.88178419700125E-15  5.41302750388613E-09
 Calling cg2d from S/R CG2D_MAD
 cg2d: Sum(rhs),rhsMax =  -2.93098878501041E-14  5.57791488931301E-09
 Calling cg2d from S/R CG2D_MAD
 cg2d: Sum(rhs),rhsMax =   4.81836792687318E-14  5.71221903715152E-09
 Calling cg2d from S/R CG2D_MAD
 cg2d: Sum(rhs),rhsMax =  -3.06421554796543E-14  5.81657314028922E-09
 Calling cg2d from S/R CG2D_MAD
 cg2d: Sum(rhs),rhsMax =   8.88178419700125E-16  5.89211259442413E-09
 Calling cg2d from S/R CG2D_MAD
 cg2d: Sum(rhs),rhsMax =   2.30926389122033E-14  5.94040857095012E-09
 Calling cg2d from S/R CG2D_MAD
 cg2d: Sum(rhs),rhsMax =   4.08562073062058E-14  5.96338791578649E-09
 Calling cg2d from S/R CG2D_MAD
 cg2d: Sum(rhs),rhsMax =   7.10542735760100E-14  5.96324342678955E-09
 Calling cg2d from S/R CG2D_MAD
 cg2d: Sum(rhs),rhsMax =  -1.77635683940025E-14  5.94233890967567E-09
 Calling cg2d from S/R CG2D_MAD
 cg2d: Sum(rhs),rhsMax =  -3.90798504668055E-14  5.90311351127490E-09
 Calling cg2d from S/R CG2D_MAD
 cg2d: Sum(rhs),rhsMax =   3.55271367880050E-15  5.84798968218999E-09
 Calling cg2d from S/R CG2D_MAD
 cg2d: Sum(rhs),rhsMax =   3.55271367880050E-14  5.77928874616015E-09
 Calling cg2d from S/R CG2D_MAD
 cg2d: Sum(rhs),rhsMax =   8.17124146124115E-14  5.69915748136891E-09
 Calling cg2d from S/R CG2D_MAD
 cg2d: Sum(rhs),rhsMax =   8.52651282912120E-14  5.60950839094380E-09
 Calling cg2d from S/R CG2D_MAD
 cg2d: Sum(rhs),rhsMax =  -2.13162820728030E-14  5.51197550483299E-09
 Calling cg2d from S/R CG2D_MAD
 cg2d: Sum(rhs),rhsMax =  -7.10542735760100E-15  5.40788666610933E-09
 Calling cg2d from S/R CG2D_MAD
 cg2d: Sum(rhs),rhsMax =  -3.55271367880050E-14  5.29825236504376E-09
 Calling cg2d from S/R CG2D_MAD
 cg2d: Sum(rhs),rhsMax =  -4.26325641456060E-14  5.18377034427270E-09
 Calling cg2d from S/R CG2D_MAD
 cg2d: Sum(rhs),rhsMax =   3.55271367880050E-14  5.06484445520610E-09
 Calling cg2d from S/R CG2D_MAD
 cg2d: Sum(rhs),rhsMax =   7.10542735760100E-15  4.94161563439061E-09
 Calling cg2d from S/R CG2D_MAD
 cg2d: Sum(rhs),rhsMax =   2.84217094304040E-14  4.81400241199158E-09
 Calling cg2d from S/R CG2D_MAD
 cg2d: Sum(rhs),rhsMax =  -4.97379915032070E-14  4.68174808214599E-09
 Calling cg2d from S/R CG2D_MAD
 cg2d: Sum(rhs),rhsMax =   7.10542735760100E-15  4.54447156581927E-09
 Calling cg2d from S/R CG2D_MAD
 cg2d: Sum(rhs),rhsMax =   6.39488462184090E-14  4.40171907106766E-09
 Calling cg2d from S/R CG2D_MAD
 cg2d: Sum(rhs),rhsMax =   3.55271367880050E-14  4.25301388061189E-09
 Calling cg2d from S/R CG2D_MAD
 cg2d: Sum(rhs),rhsMax =   1.70530256582424E-13  4.09790194789325E-09
 Calling cg2d from S/R CG2D_MAD
 cg2d: Sum(rhs),rhsMax =   0.00000000000000E+00  3.93599143453330E-09
 Calling cg2d from S/R CG2D_MAD
 cg2d: Sum(rhs),rhsMax =  -9.23705556488130E-14  3.76698484240546E-09
 Calling cg2d from S/R CG2D_MAD
 cg2d: Sum(rhs),rhsMax =   1.27897692436818E-13  3.59070294443063E-09
 Calling cg2d from S/R CG2D_MAD
 cg2d: Sum(rhs),rhsMax =  -1.77635683940025E-14  3.66721172812506E-09
 Calling cg2d from S/R CG2D_MAD
 cg2d: Sum(rhs),rhsMax =  -1.06581410364015E-14  3.83919826513352E-09
 Calling cg2d from S/R CG2D_MAD
 cg2d: Sum(rhs),rhsMax =   4.26325641456060E-14  3.98295257794219E-09
 Calling cg2d from S/R CG2D_MAD
 cg2d: Sum(rhs),rhsMax =  -6.39488462184090E-14  4.09784859495447E-09
 Calling cg2d from S/R CG2D_MAD
 cg2d: Sum(rhs),rhsMax =   3.55271367880050E-14  4.18354804654464E-09
 cg2d: Sum(rhs),rhsMax =   4.54747350886464E-13  1.93568444643793E+00
 cg2d: Sum(rhs),rhsMax =   9.23705556488130E-13  1.93576335482255E+00
 cg2d: Sum(rhs),rhsMax =   7.67386154620908E-13  1.93584171904080E+00
 cg2d: Sum(rhs),rhsMax =   4.12114786740858E-13  1.93591953913990E+00
 cg2d: Sum(rhs),rhsMax =   4.68958205601666E-13  1.93599681517829E+00
 cg2d: Sum(rhs),rhsMax =   4.12114786740858E-13  1.93607354722011E+00
 cg2d: Sum(rhs),rhsMax =   5.25801624462474E-13  1.93614973533185E+00
 cg2d: Sum(rhs),rhsMax =   6.25277607468888E-13  1.93622537958142E+00
 cg2d: Sum(rhs),rhsMax =   6.67910171614494E-13  1.93630048003734E+00
 cg2d: Sum(rhs),rhsMax =   7.81597009336110E-13  1.93637503676829E+00
 cg2d: Sum(rhs),rhsMax =   1.22213350550737E-12  1.93644904984247E+00
 cg2d: Sum(rhs),rhsMax =   7.10542735760100E-13  1.93652251084128E+00
 cg2d: Sum(rhs),rhsMax =   8.38440428196918E-13  1.93659543271530E+00
 cg2d: Sum(rhs),rhsMax =   7.95807864051312E-13  1.93666781680667E+00
 cg2d: Sum(rhs),rhsMax =   2.27373675443232E-13  1.93673966115095E+00
 cg2d: Sum(rhs),rhsMax =   9.09494701772928E-13  1.93681096496432E+00
 cg2d: Sum(rhs),rhsMax =   8.24229573481716E-13  1.93688172875568E+00
 cg2d: Sum(rhs),rhsMax =   7.10542735760100E-13  1.93695195356343E+00
 cg2d: Sum(rhs),rhsMax =   4.26325641456060E-13  1.93702164043114E+00
 cg2d: Sum(rhs),rhsMax =   5.68434188608080E-13  1.93709079027513E+00
 cg2d: Sum(rhs),rhsMax =   7.95807864051312E-13  1.93715940391678E+00
 cg2d: Sum(rhs),rhsMax =   3.26849658449646E-13  1.93722748211796E+00
 cg2d: Sum(rhs),rhsMax =   4.68958205601666E-13  1.93729502559123E+00
 cg2d: Sum(rhs),rhsMax =   5.68434188608080E-13  1.93736203499913E+00
 cg2d: Sum(rhs),rhsMax =   5.82645043323282E-13  1.93742851095181E+00
 cg2d: Sum(rhs),rhsMax =   6.11066752753686E-13  1.93749445400491E+00
 cg2d: Sum(rhs),rhsMax =   5.82645043323282E-13  1.93755986465778E+00
 cg2d: Sum(rhs),rhsMax =   1.02318153949454E-12  1.93762474335235E+00
 cg2d: Sum(rhs),rhsMax =   8.10018718766514E-13  1.93768909047244E+00
 cg2d: Sum(rhs),rhsMax =   3.97903932025656E-13  1.93775290634385E+00
 cg2d: Sum(rhs),rhsMax =   7.38964445190504E-13  1.93781619123509E+00
 cg2d: Sum(rhs),rhsMax =   8.66862137627322E-13  1.93787894535841E+00
 cg2d: Sum(rhs),rhsMax =   5.96855898038484E-13  1.93794116887126E+00
 cg2d: Sum(rhs),rhsMax =   9.23705556488130E-13  1.93800286187763E+00
 cg2d: Sum(rhs),rhsMax =   6.53699316899292E-13  1.93806402442953E+00
 cg2d: Sum(rhs),rhsMax =   5.11590769747272E-13  1.93812465652821E+00
 cg2d: Sum(rhs),rhsMax =   7.38964445190504E-13  1.93818475812572E+00
 cg2d: Sum(rhs),rhsMax =   3.26849658449646E-13  1.93824432912662E+00
 cg2d: Sum(rhs),rhsMax =   5.54223333892878E-13  1.93830336939038E+00
 cg2d: Sum(rhs),rhsMax =   5.96855898038484E-13  1.93836116298171E+00
 cg2d: Sum(rhs),rhsMax =   6.67910171614494E-13  1.93841858617185E+00
 cg2d: Sum(rhs),rhsMax =   3.26849658449646E-13  1.93847548238650E+00
 cg2d: Sum(rhs),rhsMax =   4.68958205601666E-13  1.93853178913936E+00
 cg2d: Sum(rhs),rhsMax =   6.39488462184090E-13  1.93858751002915E+00
 cg2d: Sum(rhs),rhsMax =   9.66338120633736E-13  1.93864263962979E+00
 cg2d: Sum(rhs),rhsMax =   1.08002495835535E-12  1.93869716680955E+00
 cg2d: Sum(rhs),rhsMax =   8.66862137627322E-13  1.93875108089981E+00
 cg2d: Sum(rhs),rhsMax =   7.38964445190504E-13  1.93880437202617E+00
 cg2d: Sum(rhs),rhsMax =   2.84217094304040E-13  1.93885703078106E+00
 cg2d: Sum(rhs),rhsMax =   8.24229573481716E-13  1.93890904828486E+00
 cg2d: Sum(rhs),rhsMax =   2.70006239588838E-13  1.93896041633172E+00
 cg2d: Sum(rhs),rhsMax =   2.55795384873636E-13  1.93901112748906E+00
 cg2d: Sum(rhs),rhsMax =   7.38964445190504E-13  1.93906117516033E+00
 cg2d: Sum(rhs),rhsMax =   8.66862137627322E-13  1.93911055363119E+00
 cg2d: Sum(rhs),rhsMax =   8.38440428196918E-13  1.93915925810657E+00
 cg2d: Sum(rhs),rhsMax =   1.10844666778576E-12  1.93920728473974E+00
 cg2d: Sum(rhs),rhsMax =   2.84217094304040E-13  1.93925463065388E+00
 cg2d: Sum(rhs),rhsMax =   8.81072992342524E-13  1.93930129395609E+00
 cg2d: Sum(rhs),rhsMax =   8.10018718766514E-13  1.93934727374390E+00
 cg2d: Sum(rhs),rhsMax =   1.98951966012828E-13  1.93939257010398E+00
 cg2d: Sum(rhs),rhsMax =   1.06581410364015E-12  1.93943718410320E+00
 cg2d: Sum(rhs),rhsMax =   1.20792265079217E-12  1.93948111777149E+00
 cg2d: Sum(rhs),rhsMax =   5.82645043323282E-13  1.93952437407735E+00
 cg2d: Sum(rhs),rhsMax =   1.27897692436818E-13  1.93956695689568E+00
 cg2d: Sum(rhs),rhsMax =   9.52127265918534E-13  1.93960887096907E+00
 cg2d: Sum(rhs),rhsMax =   5.82645043323282E-13  1.93965012186296E+00
 cg2d: Sum(rhs),rhsMax =   1.10844666778576E-12  1.93969071591548E+00
 cg2d: Sum(rhs),rhsMax =   9.80548975348938E-13  1.93973066018250E+00
 cg2d: Sum(rhs),rhsMax =   4.40536496171262E-13  1.93976996237832E+00
 cg2d: Sum(rhs),rhsMax =   4.83169060316868E-13  1.93980863081241E+00
 cg2d: Sum(rhs),rhsMax =   9.09494701772928E-13  1.93984667432235E+00
 cg2d: Sum(rhs),rhsMax =   6.67910171614494E-13  1.93988410220343E+00
 Calling cg2d from S/R CG2D_MAD
 cg2d: Sum(rhs),rhsMax =  -2.13162820728030E-14  4.23998525726774E-09
 Calling cg2d from S/R CG2D_MAD
 cg2d: Sum(rhs),rhsMax =   6.21724893790088E-14  4.26734863059698E-09
 Calling cg2d from S/R CG2D_MAD
 cg2d: Sum(rhs),rhsMax =   2.84217094304040E-14  4.26606009035098E-09
 Calling cg2d from S/R CG2D_MAD
 cg2d: Sum(rhs),rhsMax =   6.92779167366098E-14  4.23675363109653E-09
 Calling cg2d from S/R CG2D_MAD
 cg2d: Sum(rhs),rhsMax =  -1.59872115546023E-14  4.18025396091055E-09
 Calling cg2d from S/R CG2D_MAD
 cg2d: Sum(rhs),rhsMax =   2.27373675443232E-13  4.09755601094900E-09
 Calling cg2d from S/R CG2D_MAD
 cg2d: Sum(rhs),rhsMax =  -1.22568621918617E-13  3.98980585540193E-09
 Calling cg2d from S/R CG2D_MAD
 cg2d: Sum(rhs),rhsMax =   2.66453525910038E-14  3.85828335061588E-09
 Calling cg2d from S/R CG2D_MAD
 cg2d: Sum(rhs),rhsMax =   1.04805053524615E-13  3.70438658012794E-09
 Calling cg2d from S/R CG2D_MAD
 cg2d: Sum(rhs),rhsMax =   1.42108547152020E-14  3.52961799748815E-09
 Calling cg2d from S/R CG2D_MAD
 cg2d: Sum(rhs),rhsMax =   2.00728322852228E-13  3.33557200240087E-09
 Calling cg2d from S/R CG2D_MAD
 cg2d: Sum(rhs),rhsMax =  -6.75015598972095E-14  3.12392357561657E-09
 Calling cg2d from S/R CG2D_MAD
 cg2d: Sum(rhs),rhsMax =  -1.95399252334028E-14  3.11026192545739E-09
 Calling cg2d from S/R CG2D_MAD
 cg2d: Sum(rhs),rhsMax =  -2.78888023785839E-13  3.16687834546642E-09
 Calling cg2d from S/R CG2D_MAD
 cg2d: Sum(rhs),rhsMax =   1.68753899743024E-13  3.35008461121061E-09
 Calling cg2d from S/R CG2D_MAD
 cg2d: Sum(rhs),rhsMax =   1.70530256582424E-13  3.55963667484329E-09
 Calling cg2d from S/R CG2D_MAD
 cg2d: Sum(rhs),rhsMax =   1.77635683940025E-13  3.75783344766414E-09
 Calling cg2d from S/R CG2D_MAD
 cg2d: Sum(rhs),rhsMax =   2.04281036531029E-14  3.94419918149608E-09
 Calling cg2d from S/R CG2D_MAD
 cg2d: Sum(rhs),rhsMax =  -1.77635683940025E-13  4.11831689000950E-09
 Calling cg2d from S/R CG2D_MAD
 cg2d: Sum(rhs),rhsMax =   5.86197757002083E-14  4.27982429203933E-09
 Calling cg2d from S/R CG2D_MAD
 cg2d: Sum(rhs),rhsMax =   2.22044604925031E-14  4.42840796393210E-09
 Calling cg2d from S/R CG2D_MAD
 cg2d: Sum(rhs),rhsMax =  -1.50990331349021E-14  4.56379617883995E-09
 Calling cg2d from S/R CG2D_MAD
 cg2d: Sum(rhs),rhsMax =   3.10862446895044E-15  4.68575102564159E-09
 Calling cg2d from S/R CG2D_MAD
 cg2d: Sum(rhs),rhsMax =  -4.95159468982820E-14  4.79406046903142E-09
 Calling cg2d from S/R CG2D_MAD
 cg2d: Sum(rhs),rhsMax =  -3.23074900165921E-14  4.88853103139059E-09
 Calling cg2d from S/R CG2D_MAD
 cg2d: Sum(rhs),rhsMax =  -1.71529457304587E-14  4.96898174591661E-09
 Calling cg2d from S/R CG2D_MAD
 cg2d: Sum(rhs),rhsMax =   2.88657986402541E-14  5.03523995219767E-09
 Calling cg2d from S/R CG2D_MAD
 cg2d: Sum(rhs),rhsMax =   6.52811138479592E-14  5.08713938604991E-09
 Calling cg2d from S/R CG2D_MAD
 cg2d: Sum(rhs),rhsMax =  -2.30926389122033E-14  5.12452086368879E-09
 Calling cg2d from S/R CG2D_MAD
 cg2d: Sum(rhs),rhsMax =  -1.06581410364015E-14  5.14723568676240E-09
 Calling cg2d from S/R CG2D_MAD
 cg2d: Sum(rhs),rhsMax =  -6.48370246381091E-14  5.15515171078870E-09
 Calling cg2d from S/R CG2D_MAD
 cg2d: Sum(rhs),rhsMax =   1.50990331349021E-14  5.14816183680323E-09
 Calling cg2d from S/R CG2D_MAD
 cg2d: Sum(rhs),rhsMax =  -1.19015908239817E-13  5.12619451801106E-09
 Calling cg2d from S/R CG2D_MAD
 cg2d: Sum(rhs),rhsMax =  -8.34887714518118E-14  5.08922573136457E-09
 Calling cg2d from S/R CG2D_MAD
 cg2d: Sum(rhs),rhsMax =  -1.20792265079217E-13  5.03729175636557E-09
 Calling cg2d from S/R CG2D_MAD
 cg2d: Sum(rhs),rhsMax =   9.76996261670138E-14  4.97050196833355E-09
 Calling cg2d from S/R CG2D_MAD
 cg2d: Sum(rhs),rhsMax =  -4.79616346638068E-14  4.88910681612842E-09
 Calling cg2d from S/R CG2D_MAD
 cg2d: Sum(rhs),rhsMax =  -1.91846538655227E-13  4.79324615445540E-09
 Calling cg2d from S/R CG2D_MAD
 cg2d: Sum(rhs),rhsMax =  -3.90798504668055E-14  4.68341340977508E-09
 Calling cg2d from S/R CG2D_MAD
 cg2d: Sum(rhs),rhsMax =  -5.32907051820075E-14  4.56014754177816E-09
 Calling cg2d from S/R CG2D_MAD
 cg2d: Sum(rhs),rhsMax =   1.06581410364015E-14  4.42403757025280E-09
 Calling cg2d from S/R CG2D_MAD
 cg2d: Sum(rhs),rhsMax =  -4.61852778244065E-14  4.27579784587766E-09
 Calling cg2d from S/R CG2D_MAD
 cg2d: Sum(rhs),rhsMax =  -1.95399252334028E-13  4.11626621252771E-09
 Calling cg2d from S/R CG2D_MAD
 cg2d: Sum(rhs),rhsMax =   9.23705556488130E-14  3.94638042342720E-09
 Calling cg2d from S/R CG2D_MAD
 cg2d: Sum(rhs),rhsMax =   2.13162820728030E-14  3.76716241667902E-09
 Calling cg2d from S/R CG2D_MAD
 cg2d: Sum(rhs),rhsMax =  -3.55271367880050E-14  3.57970465172482E-09
 Calling cg2d from S/R CG2D_MAD
 cg2d: Sum(rhs),rhsMax =   3.55271367880050E-14  3.38515347688902E-09
 Calling cg2d from S/R CG2D_MAD
 cg2d: Sum(rhs),rhsMax =  -1.42108547152020E-14  3.18468979745600E-09
 Calling cg2d from S/R CG2D_MAD
 cg2d: Sum(rhs),rhsMax =  -2.13162820728030E-14  2.97950834180689E-09
 Calling cg2d from S/R CG2D_MAD
 cg2d: Sum(rhs),rhsMax =  -1.13686837721616E-13  2.77079649522245E-09
 Calling cg2d from S/R CG2D_MAD
 cg2d: Sum(rhs),rhsMax =  -8.52651282912120E-14  2.80810940453784E-09
 Calling cg2d from S/R CG2D_MAD
 cg2d: Sum(rhs),rhsMax =   1.42108547152020E-14  2.89476686305138E-09
 Calling cg2d from S/R CG2D_MAD
 cg2d: Sum(rhs),rhsMax =   6.39488462184090E-14  2.96012823019209E-09
 Calling cg2d from S/R CG2D_MAD
 cg2d: Sum(rhs),rhsMax =  -9.23705556488130E-14  3.00392009304403E-09
 Calling cg2d from S/R CG2D_MAD
 cg2d: Sum(rhs),rhsMax =  -7.10542735760100E-14  3.02608419680818E-09
 Calling cg2d from S/R CG2D_MAD
 cg2d: Sum(rhs),rhsMax =  -2.84217094304040E-14  3.02677535213446E-09
 Calling cg2d from S/R CG2D_MAD
 cg2d: Sum(rhs),rhsMax =  -7.10542735760100E-15  3.00635536739848E-09
 Calling cg2d from S/R CG2D_MAD
 cg2d: Sum(rhs),rhsMax =   6.39488462184090E-14  2.96538321357630E-09
 Calling cg2d from S/R CG2D_MAD
 cg2d: Sum(rhs),rhsMax =  -2.13162820728030E-14  2.90460174791679E-09
 Calling cg2d from S/R CG2D_MAD
 cg2d: Sum(rhs),rhsMax =  -3.55271367880050E-14  2.82492142554967E-09
 Calling cg2d from S/R CG2D_MAD
 cg2d: Sum(rhs),rhsMax =   2.13162820728030E-14  2.72740151211746E-09
 Calling cg2d from S/R CG2D_MAD
 cg2d: Sum(rhs),rhsMax =   4.97379915032070E-14  2.65829380288053E-09
 Calling cg2d from S/R CG2D_MAD
 cg2d: Sum(rhs),rhsMax =  -6.39488462184090E-14  2.66842305814851E-09
 Calling cg2d from S/R CG2D_MAD
 cg2d: Sum(rhs),rhsMax =  -1.42108547152020E-13  2.66105712432305E-09
 Calling cg2d from S/R CG2D_MAD
 cg2d: Sum(rhs),rhsMax =   7.10542735760100E-15  2.63607752028508E-09
 Calling cg2d from S/R CG2D_MAD
 cg2d: Sum(rhs),rhsMax =  -3.19744231092045E-14  2.59350315082644E-09
 Calling cg2d from S/R CG2D_MAD
 cg2d: Sum(rhs),rhsMax =   1.77635683940025E-14  2.53348035243776E-09
 Calling cg2d from S/R CG2D_MAD
 cg2d: Sum(rhs),rhsMax =   1.06581410364015E-14  2.45630887703521E-09
 Calling cg2d from S/R CG2D_MAD
 cg2d: Sum(rhs),rhsMax =  -9.59232693276135E-14  2.36245322553974E-09
 Calling cg2d from S/R CG2D_MAD
 cg2d: Sum(rhs),rhsMax =  -8.17124146124115E-14  2.33974140421578E-09
 Calling cg2d from S/R CG2D_MAD
 cg2d: Sum(rhs),rhsMax =  -7.47735207085043E-14  2.45887142424550E-09
 Calling cg2d from S/R CG2D_MAD
 cg2d: Sum(rhs),rhsMax =  -1.50990331349021E-14  2.56540262902402E-09
 cg2d: Sum(rhs),rhsMax =   1.12265752250096E-12  1.92857899990590E+00
 cg2d: Sum(rhs),rhsMax =   1.30739863379858E-12  1.92869670188308E+00
 cg2d: Sum(rhs),rhsMax =   3.12638803734444E-13  1.92881387714620E+00
 cg2d: Sum(rhs),rhsMax =  -5.68434188608080E-14  1.92893052527365E+00
 cg2d: Sum(rhs),rhsMax =   1.02318153949454E-12  1.92904664584226E+00
 cg2d: Sum(rhs),rhsMax =   9.09494701772928E-13  1.92916223842715E+00
 cg2d: Sum(rhs),rhsMax =   6.25277607468888E-13  1.92927730260189E+00
 cg2d: Sum(rhs),rhsMax =   3.97903932025656E-13  1.92939183793842E+00
 cg2d: Sum(rhs),rhsMax =   2.27373675443232E-13  1.92950584400732E+00
 cg2d: Sum(rhs),rhsMax =   6.96331881044898E-13  1.92961932037779E+00
 cg2d: Sum(rhs),rhsMax =   6.82121026329696E-13  1.92973226661784E+00
 cg2d: Sum(rhs),rhsMax =   6.67910171614494E-13  1.92984468229466E+00
 cg2d: Sum(rhs),rhsMax =   1.98951966012828E-13  1.92995656697502E+00
 cg2d: Sum(rhs),rhsMax =   9.80548975348938E-13  1.93006792022564E+00
 cg2d: Sum(rhs),rhsMax =   9.23705556488130E-13  1.93017874161338E+00
 cg2d: Sum(rhs),rhsMax =   7.24753590475302E-13  1.93028903070541E+00
 cg2d: Sum(rhs),rhsMax =   9.23705556488130E-13  1.93039878706967E+00
 cg2d: Sum(rhs),rhsMax =   4.40536496171262E-13  1.93050801027531E+00
 cg2d: Sum(rhs),rhsMax =   6.39488462184090E-13  1.93061669989318E+00
 cg2d: Sum(rhs),rhsMax =   3.41060513164848E-13  1.93072485549639E+00
 cg2d: Sum(rhs),rhsMax =   1.08002495835535E-12  1.93083247666079E+00
 cg2d: Sum(rhs),rhsMax =   8.10018718766514E-13  1.93093956296559E+00
 cg2d: Sum(rhs),rhsMax =   2.84217094304040E-13  1.93104611399374E+00
 cg2d: Sum(rhs),rhsMax =   5.54223333892878E-13  1.93115212933257E+00
 cg2d: Sum(rhs),rhsMax =   5.54223333892878E-13  1.93125760857431E+00
 cg2d: Sum(rhs),rhsMax =   3.83693077310454E-13  1.93136255131335E+00
 cg2d: Sum(rhs),rhsMax =   6.39488462184090E-13  1.93146695714962E+00
 cg2d: Sum(rhs),rhsMax =   3.69482222595252E-13  1.93157082569487E+00
 cg2d: Sum(rhs),rhsMax =   7.67386154620908E-13  1.93167415657220E+00
 cg2d: Sum(rhs),rhsMax =   7.10542735760100E-13  1.93177694941151E+00
 cg2d: Sum(rhs),rhsMax =   3.83693077310454E-13  1.93187920384710E+00
 cg2d: Sum(rhs),rhsMax =   5.11590769747272E-13  1.93198091951891E+00
 cg2d: Sum(rhs),rhsMax =   6.25277607468888E-13  1.93208209607499E+00
 cg2d: Sum(rhs),rhsMax =   8.52651282912120E-13  1.93218273317348E+00
 cg2d: Sum(rhs),rhsMax =   6.67910171614494E-13  1.93228283048342E+00
 cg2d: Sum(rhs),rhsMax =   8.24229573481716E-13  1.93238238768493E+00
 cg2d: Sum(rhs),rhsMax =   3.97903932025656E-13  1.93248140446939E+00
 cg2d: Sum(rhs),rhsMax =   7.67386154620908E-13  1.93257988053936E+00
 cg2d: Sum(rhs),rhsMax =   4.83169060316868E-13  1.93267781560891E+00
 cg2d: Sum(rhs),rhsMax =   7.95807864051312E-13  1.93277520940368E+00
 cg2d: Sum(rhs),rhsMax =   4.26325641456060E-13  1.93287206166122E+00
 cg2d: Sum(rhs),rhsMax =   2.84217094304040E-13  1.93296837213107E+00
 cg2d: Sum(rhs),rhsMax =   6.96331881044898E-13  1.93306414057507E+00
 cg2d: Sum(rhs),rhsMax =   7.95807864051312E-13  1.93315936676738E+00
 cg2d: Sum(rhs),rhsMax =   6.39488462184090E-13  1.93325405049457E+00
 cg2d: Sum(rhs),rhsMax =   6.53699316899292E-13  1.93334819155571E+00
 cg2d: Sum(rhs),rhsMax =   8.66862137627322E-13  1.93344178976227E+00
 cg2d: Sum(rhs),rhsMax =   6.39488462184090E-13  1.93353484493810E+00
 cg2d: Sum(rhs),rhsMax =   7.53175299905706E-13  1.93362735691927E+00
 cg2d: Sum(rhs),rhsMax =   8.95283847057726E-13  1.93371932555399E+00
 cg2d: Sum(rhs),rhsMax =   6.67910171614494E-13  1.93381075070232E+00
 cg2d: Sum(rhs),rhsMax =   7.67386154620908E-13  1.93390163223594E+00
 cg2d: Sum(rhs),rhsMax =   1.27897692436818E-12  1.93399197003795E+00
 cg2d: Sum(rhs),rhsMax =   9.66338120633736E-13  1.93408176400248E+00
 cg2d: Sum(rhs),rhsMax =   8.95283847057726E-13  1.93417101403445E+00
 cg2d: Sum(rhs),rhsMax =   1.56319401867222E-13  1.93425972004916E+00
 cg2d: Sum(rhs),rhsMax =   5.96855898038484E-13  1.93434788197188E+00
 cg2d: Sum(rhs),rhsMax =   2.98427949019242E-13  1.93443549973748E+00
 cg2d: Sum(rhs),rhsMax =   5.68434188608080E-13  1.93452257328998E+00
 cg2d: Sum(rhs),rhsMax =   7.81597009336110E-13  1.93460910258195E+00
 cg2d: Sum(rhs),rhsMax =   7.38964445190504E-13  1.93469508757425E+00
 cg2d: Sum(rhs),rhsMax =   9.80548975348938E-13  1.93478052823526E+00
 cg2d: Sum(rhs),rhsMax =   9.94759830064140E-13  1.93486542454047E+00
 cg2d: Sum(rhs),rhsMax =   1.12265752250096E-12  1.93494977647197E+00
 cg2d: Sum(rhs),rhsMax =   5.96855898038484E-13  1.93503358401781E+00
 cg2d: Sum(rhs),rhsMax =   6.25277607468888E-13  1.93511684717146E+00
 cg2d: Sum(rhs),rhsMax =   9.52127265918534E-13  1.93519956593132E+00
 cg2d: Sum(rhs),rhsMax =   5.82645043323282E-13  1.93528174030007E+00
 cg2d: Sum(rhs),rhsMax =   0.00000000000000E+00  1.93536337028419E+00
 cg2d: Sum(rhs),rhsMax =   8.38440428196918E-13  1.93544445589338E+00
 cg2d: Sum(rhs),rhsMax =   6.25277607468888E-13  1.93552499703348E+00
 cg2d: Sum(rhs),rhsMax =   3.83693077310454E-13  1.93560499385334E+00
 Calling cg2d from S/R CG2D_MAD
 cg2d: Sum(rhs),rhsMax =  -2.66453525910038E-14  2.65864428117905E-09
 Calling cg2d from S/R CG2D_MAD
 cg2d: Sum(rhs),rhsMax =   1.17239551400417E-13  2.73792932564659E-09
 Calling cg2d from S/R CG2D_MAD
 cg2d: Sum(rhs),rhsMax =   2.84217094304040E-14  2.86538755792986E-09
 Calling cg2d from S/R CG2D_MAD
 cg2d: Sum(rhs),rhsMax =  -1.42108547152020E-14  3.04433065173721E-09
 Calling cg2d from S/R CG2D_MAD
 cg2d: Sum(rhs),rhsMax =   7.10542735760100E-15  3.21261627273477E-09
 Calling cg2d from S/R CG2D_MAD
 cg2d: Sum(rhs),rhsMax =  -3.55271367880050E-15  3.36984218525915E-09
 Calling cg2d from S/R CG2D_MAD
 cg2d: Sum(rhs),rhsMax =   1.17239551400417E-13  3.51653331485217E-09
 Calling cg2d from S/R CG2D_MAD
 cg2d: Sum(rhs),rhsMax =   3.19744231092045E-14  3.65100631511228E-09
 Calling cg2d from S/R CG2D_MAD
 cg2d: Sum(rhs),rhsMax =   6.03961325396085E-14  3.77267707034537E-09
 Calling cg2d from S/R CG2D_MAD
 cg2d: Sum(rhs),rhsMax =  -6.75015598972095E-14  3.88262963371634E-09
 Calling cg2d from S/R CG2D_MAD
 cg2d: Sum(rhs),rhsMax =   4.26325641456060E-14  3.98159267013718E-09
 Calling cg2d from S/R CG2D_MAD
 cg2d: Sum(rhs),rhsMax =  -7.10542735760100E-14  4.06936622920291E-09
 Calling cg2d from S/R CG2D_MAD
 cg2d: Sum(rhs),rhsMax =  -1.49213974509621E-13  4.14556278756798E-09
 Calling cg2d from S/R CG2D_MAD
 cg2d: Sum(rhs),rhsMax =  -4.26325641456060E-14  4.21010809522036E-09
 Calling cg2d from S/R CG2D_MAD
 cg2d: Sum(rhs),rhsMax =  -1.42108547152020E-14  4.26319228037975E-09
 Calling cg2d from S/R CG2D_MAD
 cg2d: Sum(rhs),rhsMax =  -4.26325641456060E-14  4.30507385306963E-09
 Calling cg2d from S/R CG2D_MAD
 cg2d: Sum(rhs),rhsMax =  -2.13162820728030E-14  4.33598138491066E-09
 Calling cg2d from S/R CG2D_MAD
 cg2d: Sum(rhs),rhsMax =  -3.55271367880050E-14  4.35610634768351E-09
 Calling cg2d from S/R CG2D_MAD
 cg2d: Sum(rhs),rhsMax =  -8.52651282912120E-14  4.36562083859151E-09
 Calling cg2d from S/R CG2D_MAD
 cg2d: Sum(rhs),rhsMax =   7.10542735760100E-14  4.36468868672358E-09
 Calling cg2d from S/R CG2D_MAD
 cg2d: Sum(rhs),rhsMax =   1.42108547152020E-14  4.35346828851220E-09
 Calling cg2d from S/R CG2D_MAD
 cg2d: Sum(rhs),rhsMax =   7.10542735760100E-15  4.33211273153947E-09
 Calling cg2d from S/R CG2D_MAD
 cg2d: Sum(rhs),rhsMax =   2.84217094304040E-14  4.30077047822465E-09
 Calling cg2d from S/R CG2D_MAD
 cg2d: Sum(rhs),rhsMax =   3.55271367880050E-14  4.25958735903131E-09
 Calling cg2d from S/R CG2D_MAD
 cg2d: Sum(rhs),rhsMax =   0.00000000000000E+00  4.20870967252301E-09
 Calling cg2d from S/R CG2D_MAD
 cg2d: Sum(rhs),rhsMax =  -1.42108547152020E-14  4.14828805008573E-09
 Calling cg2d from S/R CG2D_MAD
 cg2d: Sum(rhs),rhsMax =  -4.97379915032070E-14  4.07848177535065E-09
 Calling cg2d from S/R CG2D_MAD
 cg2d: Sum(rhs),rhsMax =  -1.06581410364015E-14  3.99946326894104E-09
 Calling cg2d from S/R CG2D_MAD
 cg2d: Sum(rhs),rhsMax =  -7.10542735760100E-15  3.91142246419217E-09
 Calling cg2d from S/R CG2D_MAD
 cg2d: Sum(rhs),rhsMax =   4.61852778244065E-14  3.81457083361763E-09
 Calling cg2d from S/R CG2D_MAD
 cg2d: Sum(rhs),rhsMax =   7.10542735760100E-14  3.70914488211089E-09
 Calling cg2d from S/R CG2D_MAD
 cg2d: Sum(rhs),rhsMax =  -3.19744231092045E-14  3.59540898850529E-09
 Calling cg2d from S/R CG2D_MAD
 cg2d: Sum(rhs),rhsMax =   4.61852778244065E-14  3.47365753565742E-09
 Calling cg2d from S/R CG2D_MAD
 cg2d: Sum(rhs),rhsMax =   6.39488462184090E-14  3.34421630907282E-09
 Calling cg2d from S/R CG2D_MAD
 cg2d: Sum(rhs),rhsMax =   1.10134124042816E-13  3.20744316299483E-09
 Calling cg2d from S/R CG2D_MAD
 cg2d: Sum(rhs),rhsMax =   8.52651282912120E-14  3.06372795724506E-09
 Calling cg2d from S/R CG2D_MAD
 cg2d: Sum(rhs),rhsMax =   6.75015598972095E-14  2.91349176884313E-09
 Calling cg2d from S/R CG2D_MAD
 cg2d: Sum(rhs),rhsMax =  -1.77635683940025E-14  2.75718538939901E-09
 Calling cg2d from S/R CG2D_MAD
 cg2d: Sum(rhs),rhsMax =   1.13686837721616E-13  2.59528713735621E-09
 Calling cg2d from S/R CG2D_MAD
 cg2d: Sum(rhs),rhsMax =   1.59872115546023E-14  2.63774469407321E-09
 Calling cg2d from S/R CG2D_MAD
 cg2d: Sum(rhs),rhsMax =   5.86197757002083E-14  2.73321231905786E-09
 Calling cg2d from S/R CG2D_MAD
 cg2d: Sum(rhs),rhsMax =  -1.10134124042816E-13  2.81105134886785E-09
 Calling cg2d from S/R CG2D_MAD
 cg2d: Sum(rhs),rhsMax =   9.99200722162641E-14  2.87087806474527E-09
 Calling cg2d from S/R CG2D_MAD
 cg2d: Sum(rhs),rhsMax =   1.26995636229310E-13  2.91243112674005E-09
 Calling cg2d from S/R CG2D_MAD
 cg2d: Sum(rhs),rhsMax =  -9.94759830064140E-14  2.93557022395794E-09
 Calling cg2d from S/R CG2D_MAD
 cg2d: Sum(rhs),rhsMax =  -1.55431223447522E-13  2.94027408990633E-09
 Calling cg2d from S/R CG2D_MAD
 cg2d: Sum(rhs),rhsMax =  -1.15463194561016E-14  2.92663798078743E-09
 Calling cg2d from S/R CG2D_MAD
 cg2d: Sum(rhs),rhsMax =   1.95399252334028E-14  2.89487070568378E-09
 Calling cg2d from S/R CG2D_MAD
 cg2d: Sum(rhs),rhsMax =  -1.77635683940025E-14  2.84529128616578E-09
 Calling cg2d from S/R CG2D_MAD
 cg2d: Sum(rhs),rhsMax =   1.24344978758018E-14  2.77832530914989E-09
 Calling cg2d from S/R CG2D_MAD
 cg2d: Sum(rhs),rhsMax =  -8.52651282912120E-14  2.69450102149496E-09
 Calling cg2d from S/R CG2D_MAD
 cg2d: Sum(rhs),rhsMax =   2.13162820728030E-14  2.59444489498871E-09
 Calling cg2d from S/R CG2D_MAD
 cg2d: Sum(rhs),rhsMax =  -7.10542735760100E-15  2.47887820625476E-09
 Calling cg2d from S/R CG2D_MAD
 cg2d: Sum(rhs),rhsMax =   1.45661260830821E-13  2.34861195105482E-09
 Calling cg2d from S/R CG2D_MAD
 cg2d: Sum(rhs),rhsMax =  -1.42108547152020E-14  2.20454143282464E-09
 Calling cg2d from S/R CG2D_MAD
 cg2d: Sum(rhs),rhsMax =  -9.23705556488130E-14  2.08009226174986E-09
 Calling cg2d from S/R CG2D_MAD
 cg2d: Sum(rhs),rhsMax =   0.00000000000000E+00  2.21709406108100E-09
 Calling cg2d from S/R CG2D_MAD
 cg2d: Sum(rhs),rhsMax =   3.19744231092045E-14  2.34861995758177E-09
 Calling cg2d from S/R CG2D_MAD
 cg2d: Sum(rhs),rhsMax =  -2.84217094304040E-14  2.47418003031134E-09
 Calling cg2d from S/R CG2D_MAD
 cg2d: Sum(rhs),rhsMax =  -6.39488462184090E-14  2.59331212919973E-09
 Calling cg2d from S/R CG2D_MAD
 cg2d: Sum(rhs),rhsMax =   3.90798504668055E-14  2.70558630072831E-09
 Calling cg2d from S/R CG2D_MAD
 cg2d: Sum(rhs),rhsMax =   1.77635683940025E-14  2.81060889211827E-09
 Calling cg2d from S/R CG2D_MAD
 cg2d: Sum(rhs),rhsMax =  -3.55271367880050E-15  2.90802627281265E-09
 Calling cg2d from S/R CG2D_MAD
 cg2d: Sum(rhs),rhsMax =  -9.23705556488130E-14  2.99752808362380E-09
 Calling cg2d from S/R CG2D_MAD
 cg2d: Sum(rhs),rhsMax =  -1.06581410364015E-14  3.07884991941055E-09
 Calling cg2d from S/R CG2D_MAD
 cg2d: Sum(rhs),rhsMax =   2.48689957516035E-14  3.15177536858000E-09
 Calling cg2d from S/R CG2D_MAD
 cg2d: Sum(rhs),rhsMax =  -1.42108547152020E-14  3.21613735620039E-09
 Calling cg2d from S/R CG2D_MAD
 cg2d: Sum(rhs),rhsMax =   2.48689957516035E-14  3.27181877005169E-09
 Calling cg2d from S/R CG2D_MAD
 cg2d: Sum(rhs),rhsMax =   7.10542735760100E-14  3.31875232745997E-09
 Calling cg2d from S/R CG2D_MAD
 cg2d: Sum(rhs),rhsMax =   5.68434188608080E-14  3.35691967605095E-09
 Calling cg2d from S/R CG2D_MAD
 cg2d: Sum(rhs),rhsMax =   3.90798504668055E-14  3.38634979632580E-09
 Calling cg2d from S/R CG2D_MAD
 cg2d: Sum(rhs),rhsMax =  -2.13162820728030E-13  3.40711676581763E-09
 cg2d: Sum(rhs),rhsMax =   9.09494701772928E-13  1.94369797481884E+00
 cg2d: Sum(rhs),rhsMax =   5.82645043323282E-13  1.94341860406343E+00
 cg2d: Sum(rhs),rhsMax =   7.95807864051312E-13  1.94313877360991E+00
 cg2d: Sum(rhs),rhsMax =   7.53175299905706E-13  1.94285848529712E+00
 cg2d: Sum(rhs),rhsMax =   6.53699316899292E-13  1.94257774096040E+00
 cg2d: Sum(rhs),rhsMax =   7.38964445190504E-13  1.94229654243137E+00
 cg2d: Sum(rhs),rhsMax =   8.81072992342524E-13  1.94201489153768E+00
 cg2d: Sum(rhs),rhsMax =   7.24753590475302E-13  1.94173279010287E+00
 cg2d: Sum(rhs),rhsMax =   6.67910171614494E-13  1.94145023994629E+00
 cg2d: Sum(rhs),rhsMax =   8.81072992342524E-13  1.94116724288296E+00
 cg2d: Sum(rhs),rhsMax =   1.42108547152020E-14  1.94088380072361E+00
 cg2d: Sum(rhs),rhsMax =   8.95283847057726E-13  1.94059991527469E+00
 cg2d: Sum(rhs),rhsMax =   7.10542735760100E-13  1.94031558833834E+00
 cg2d: Sum(rhs),rhsMax =   4.97379915032070E-13  1.94003082171255E+00
 cg2d: Sum(rhs),rhsMax =   6.11066752753686E-13  1.93974561719131E+00
 cg2d: Sum(rhs),rhsMax =   5.96855898038484E-13  1.93945997656475E+00
 cg2d: Sum(rhs),rhsMax =   6.53699316899292E-13  1.93917390161931E+00
 cg2d: Sum(rhs),rhsMax =   7.53175299905706E-13  1.93888739413803E+00
 cg2d: Sum(rhs),rhsMax =   8.10018718766514E-13  1.93860045590081E+00
 cg2d: Sum(rhs),rhsMax =   4.12114786740858E-13  1.93831308868469E+00
 cg2d: Sum(rhs),rhsMax =   6.96331881044898E-13  1.93802529426420E+00
 cg2d: Sum(rhs),rhsMax =   5.25801624462474E-13  1.93773707441167E+00
 cg2d: Sum(rhs),rhsMax =   3.55271367880050E-13  1.93744843089765E+00
 cg2d: Sum(rhs),rhsMax =   5.40012479177676E-13  1.93715936549131E+00
 cg2d: Sum(rhs),rhsMax =   9.66338120633736E-13  1.93686987996079E+00
 cg2d: Sum(rhs),rhsMax =   5.54223333892878E-13  1.93657997607369E+00
 cg2d: Sum(rhs),rhsMax =   1.02318153949454E-12  1.93628965559743E+00
 cg2d: Sum(rhs),rhsMax =   5.96855898038484E-13  1.93599892029981E+00
 cg2d: Sum(rhs),rhsMax =  -4.26325641456060E-14  1.93570777194933E+00
 cg2d: Sum(rhs),rhsMax =   3.83693077310454E-13  1.93541621231575E+00
 cg2d: Sum(rhs),rhsMax =   7.95807864051312E-13  1.93512424317045E+00
 cg2d: Sum(rhs),rhsMax =   2.84217094304040E-13  1.93483186628695E+00
 cg2d: Sum(rhs),rhsMax =   4.54747350886464E-13  1.93453908344132E+00
 cg2d: Sum(rhs),rhsMax =   6.25277607468888E-13  1.93424589641266E+00
 cg2d: Sum(rhs),rhsMax =   7.10542735760100E-13  1.93395230698345E+00
 cg2d: Sum(rhs),rhsMax =   9.37916411203332E-13  1.93365831694005E+00
 cg2d: Sum(rhs),rhsMax =   1.05160324892495E-12  1.93336392807306E+00
 cg2d: Sum(rhs),rhsMax =   9.80548975348938E-13  1.93306914217767E+00
 cg2d: Sum(rhs),rhsMax =   7.38964445190504E-13  1.93277396105408E+00
 cg2d: Sum(rhs),rhsMax =   4.68958205601666E-13  1.93247838650781E+00
 cg2d: Sum(rhs),rhsMax =   7.95807864051312E-13  1.93218242035007E+00
 cg2d: Sum(rhs),rhsMax =   2.13162820728030E-13  1.93188606439799E+00
 cg2d: Sum(rhs),rhsMax =   7.24753590475302E-13  1.93158932047489E+00
 cg2d: Sum(rhs),rhsMax =   8.10018718766514E-13  1.93129219041061E+00
 cg2d: Sum(rhs),rhsMax =   1.10844666778576E-12  1.93099467604166E+00
 cg2d: Sum(rhs),rhsMax =   9.52127265918534E-13  1.93069677921139E+00
 cg2d: Sum(rhs),rhsMax =   3.83693077310454E-13  1.93039850177019E+00
 cg2d: Sum(rhs),rhsMax =   1.02318153949454E-12  1.93009984557559E+00
 cg2d: Sum(rhs),rhsMax =   5.82645043323282E-13  1.92980081249243E+00
 cg2d: Sum(rhs),rhsMax =   8.95283847057726E-13  1.92950140439279E+00
 cg2d: Sum(rhs),rhsMax =   7.10542735760100E-13  1.92920162315618E+00
 cg2d: Sum(rhs),rhsMax =   3.97903932025656E-13  1.92890147066939E+00
 cg2d: Sum(rhs),rhsMax =   7.67386154620908E-13  1.92860094882665E+00
 cg2d: Sum(rhs),rhsMax =   7.10542735760100E-13  1.92830005952937E+00
 cg2d: Sum(rhs),rhsMax =   1.56319401867222E-13  1.92799880468621E+00
 cg2d: Sum(rhs),rhsMax =   4.68958205601666E-13  1.92769718621293E+00
 cg2d: Sum(rhs),rhsMax =   7.38964445190504E-13  1.92739520603222E+00
 cg2d: Sum(rhs),rhsMax =   3.26849658449646E-13  1.92709286607353E+00
 cg2d: Sum(rhs),rhsMax =   5.96855898038484E-13  1.92687610072743E+00
 cg2d: Sum(rhs),rhsMax =   4.40536496171262E-13  1.92700113295450E+00
 cg2d: Sum(rhs),rhsMax =   8.38440428196918E-13  1.92712564430495E+00
 cg2d: Sum(rhs),rhsMax =   9.09494701772928E-13  1.92724963435591E+00
 cg2d: Sum(rhs),rhsMax =   7.24753590475302E-13  1.92737310268716E+00
 cg2d: Sum(rhs),rhsMax =   5.11590769747272E-13  1.92749604888053E+00
 cg2d: Sum(rhs),rhsMax =   8.81072992342524E-13  1.92761847251958E+00
 cg2d: Sum(rhs),rhsMax =   4.26325641456060E-13  1.92774037318898E+00
 cg2d: Sum(rhs),rhsMax =   4.83169060316868E-13  1.92786175047422E+00
 cg2d: Sum(rhs),rhsMax =   5.82645043323282E-13  1.92798260396111E+00
 cg2d: Sum(rhs),rhsMax =   4.40536496171262E-13  1.92810293323547E+00
 cg2d: Sum(rhs),rhsMax =   7.53175299905706E-13  1.92822273788274E+00
 cg2d: Sum(rhs),rhsMax =   2.98427949019242E-13  1.92834201748786E+00
 cg2d: Sum(rhs),rhsMax =   9.09494701772928E-13  1.92846077163464E+00
 Calling cg2d from S/R CG2D_MAD
 cg2d: Sum(rhs),rhsMax =   3.55271367880050E-14  3.41933689714185E-09
 Calling cg2d from S/R CG2D_MAD
 cg2d: Sum(rhs),rhsMax =  -4.97379915032070E-14  3.42316527996517E-09
 Calling cg2d from S/R CG2D_MAD
 cg2d: Sum(rhs),rhsMax =  -1.06581410364015E-14  3.41879182087876E-09
 Calling cg2d from S/R CG2D_MAD
 cg2d: Sum(rhs),rhsMax =  -1.42108547152020E-14  3.40643690961953E-09
 Calling cg2d from S/R CG2D_MAD
 cg2d: Sum(rhs),rhsMax =   2.48689957516035E-14  3.38634683065801E-09
 Calling cg2d from S/R CG2D_MAD
 cg2d: Sum(rhs),rhsMax =   0.00000000000000E+00  3.35878902179568E-09
 Calling cg2d from S/R CG2D_MAD
 cg2d: Sum(rhs),rhsMax =  -3.55271367880050E-15  3.32404727952194E-09
 Calling cg2d from S/R CG2D_MAD
 cg2d: Sum(rhs),rhsMax =   5.32907051820075E-14  3.28241701892060E-09
 Calling cg2d from S/R CG2D_MAD
 cg2d: Sum(rhs),rhsMax =  -1.06581410364015E-14  3.23420070058880E-09
 Calling cg2d from S/R CG2D_MAD
 cg2d: Sum(rhs),rhsMax =   7.81597009336110E-14  3.17970353314585E-09
 Calling cg2d from S/R CG2D_MAD
 cg2d: Sum(rhs),rhsMax =   1.77635683940025E-14  3.11922954972889E-09
 Calling cg2d from S/R CG2D_MAD
 cg2d: Sum(rhs),rhsMax =   8.17124146124115E-14  3.05307814378219E-09
 Calling cg2d from S/R CG2D_MAD
 cg2d: Sum(rhs),rhsMax =   1.06581410364015E-13  2.98154113505233E-09
 Calling cg2d from S/R CG2D_MAD
 cg2d: Sum(rhs),rhsMax =   5.68434188608080E-14  2.90490042121649E-09
 Calling cg2d from S/R CG2D_MAD
 cg2d: Sum(rhs),rhsMax =   8.52651282912120E-14  2.82342625392732E-09
 Calling cg2d from S/R CG2D_MAD
 cg2d: Sum(rhs),rhsMax =  -1.27897692436818E-13  2.73737616046872E-09
 Calling cg2d from S/R CG2D_MAD
 cg2d: Sum(rhs),rhsMax =  -6.75015598972095E-14  2.64699451416773E-09
 Calling cg2d from S/R CG2D_MAD
 cg2d: Sum(rhs),rhsMax =  -7.10542735760100E-14  2.55251273874183E-09
 Calling cg2d from S/R CG2D_MAD
 cg2d: Sum(rhs),rhsMax =   3.19744231092045E-14  2.45415011443788E-09
 Calling cg2d from S/R CG2D_MAD
 cg2d: Sum(rhs),rhsMax =   1.77635683940025E-14  2.35211513762848E-09
 Calling cg2d from S/R CG2D_MAD
 cg2d: Sum(rhs),rhsMax =   7.10542735760100E-15  2.24660737090262E-09
 Calling cg2d from S/R CG2D_MAD
 cg2d: Sum(rhs),rhsMax =  -4.61852778244065E-14  2.13781970802332E-09
 Calling cg2d from S/R CG2D_MAD
 cg2d: Sum(rhs),rhsMax =  -1.42108547152020E-14  2.02594096773183E-09
 Calling cg2d from S/R CG2D_MAD
 cg2d: Sum(rhs),rhsMax =  -3.55271367880050E-15  1.91115872250766E-09
 Calling cg2d from S/R CG2D_MAD
 cg2d: Sum(rhs),rhsMax =   9.94759830064140E-14  1.79366226325430E-09
 Calling cg2d from S/R CG2D_MAD
 cg2d: Sum(rhs),rhsMax =   8.70414851306123E-14  1.67364559853503E-09
 Calling cg2d from S/R CG2D_MAD
 cg2d: Sum(rhs),rhsMax =  -3.10862446895044E-14  1.57089338689254E-09
 Calling cg2d from S/R CG2D_MAD
 cg2d: Sum(rhs),rhsMax =  -1.50990331349021E-14  1.63425055891268E-09
 Calling cg2d from S/R CG2D_MAD
 cg2d: Sum(rhs),rhsMax =   3.39728245535298E-14  1.72358212554946E-09
 Calling cg2d from S/R CG2D_MAD
 cg2d: Sum(rhs),rhsMax =   1.28785870856518E-13  1.80092283953059E-09
 Calling cg2d from S/R CG2D_MAD
 cg2d: Sum(rhs),rhsMax =  -1.27897692436818E-13  1.86582234014823E-09
 Calling cg2d from S/R CG2D_MAD
 cg2d: Sum(rhs),rhsMax =  -3.55271367880050E-15  1.91792603534892E-09
 Calling cg2d from S/R CG2D_MAD
 cg2d: Sum(rhs),rhsMax =  -1.42108547152020E-14  1.95697736591640E-09
 Calling cg2d from S/R CG2D_MAD
 cg2d: Sum(rhs),rhsMax =   5.32907051820075E-14  1.98281910539485E-09
 Calling cg2d from S/R CG2D_MAD
 cg2d: Sum(rhs),rhsMax =  -8.17124146124115E-14  1.99539369504979E-09
 Calling cg2d from S/R CG2D_MAD
 cg2d: Sum(rhs),rhsMax =  -7.10542735760100E-15  1.99474262698155E-09
 Calling cg2d from S/R CG2D_MAD
 cg2d: Sum(rhs),rhsMax =   1.42108547152020E-14  1.98100490171216E-09
 Calling cg2d from S/R CG2D_MAD
 cg2d: Sum(rhs),rhsMax =  -5.68434188608080E-14  1.95441459890569E-09
 Calling cg2d from S/R CG2D_MAD
 cg2d: Sum(rhs),rhsMax =  -4.97379915032070E-14  1.91529761113590E-09
 Calling cg2d from S/R CG2D_MAD
 cg2d: Sum(rhs),rhsMax =  -4.97379915032070E-14  1.86406760058055E-09
 Calling cg2d from S/R CG2D_MAD
 cg2d: Sum(rhs),rhsMax =   7.10542735760100E-15  1.80122124704678E-09
 Calling cg2d from S/R CG2D_MAD
 cg2d: Sum(rhs),rhsMax =  -2.13162820728030E-14  1.72733286269355E-09
 Calling cg2d from S/R CG2D_MAD
 cg2d: Sum(rhs),rhsMax =  -1.42108547152020E-14  1.70123599923701E-09
 Calling cg2d from S/R CG2D_MAD
 cg2d: Sum(rhs),rhsMax =   8.52651282912120E-14  1.84624212713829E-09
 Calling cg2d from S/R CG2D_MAD
 cg2d: Sum(rhs),rhsMax =  -2.84217094304040E-14  1.98692344306760E-09
 Calling cg2d from S/R CG2D_MAD
 cg2d: Sum(rhs),rhsMax =   1.42108547152020E-14  2.12292401289124E-09
 Calling cg2d from S/R CG2D_MAD
 cg2d: Sum(rhs),rhsMax =   7.10542735760100E-15  2.25390422028540E-09
 Calling cg2d from S/R CG2D_MAD
 cg2d: Sum(rhs),rhsMax =   7.10542735760100E-14  2.37953985877274E-09
 Calling cg2d from S/R CG2D_MAD
 cg2d: Sum(rhs),rhsMax =   4.26325641456060E-14  2.49952133049078E-09
 Calling cg2d from S/R CG2D_MAD
 cg2d: Sum(rhs),rhsMax =   8.52651282912120E-14  2.61355300275272E-09
 Calling cg2d from S/R CG2D_MAD
 cg2d: Sum(rhs),rhsMax =  -1.42108547152020E-14  2.72135276442277E-09
 Calling cg2d from S/R CG2D_MAD
 cg2d: Sum(rhs),rhsMax =  -7.81597009336110E-14  2.82265181396288E-09
 Calling cg2d from S/R CG2D_MAD
 cg2d: Sum(rhs),rhsMax =   7.10542735760100E-15  2.91719470011250E-09
 Calling cg2d from S/R CG2D_MAD
 cg2d: Sum(rhs),rhsMax =   5.68434188608080E-14  3.00473962484114E-09
 Calling cg2d from S/R CG2D_MAD
 cg2d: Sum(rhs),rhsMax =  -2.84217094304040E-14  3.08505900687224E-09
 Calling cg2d from S/R CG2D_MAD
 cg2d: Sum(rhs),rhsMax =   7.10542735760100E-15  3.15794029303806E-09
 Calling cg2d from S/R CG2D_MAD
 cg2d: Sum(rhs),rhsMax =   7.10542735760100E-15  3.22318699437119E-09
 Calling cg2d from S/R CG2D_MAD
 cg2d: Sum(rhs),rhsMax =  -1.10134124042816E-13  3.28061991446492E-09
 Calling cg2d from S/R CG2D_MAD
 cg2d: Sum(rhs),rhsMax =   1.77635683940025E-14  3.33007852955988E-09
 Calling cg2d from S/R CG2D_MAD
 cg2d: Sum(rhs),rhsMax =   7.10542735760100E-14  3.37142247326312E-09
 Calling cg2d from S/R CG2D_MAD
 cg2d: Sum(rhs),rhsMax =  -3.55271367880050E-15  3.40453307400401E-09
 Calling cg2d from S/R CG2D_MAD
 cg2d: Sum(rhs),rhsMax =  -7.10542735760100E-15  3.42931489039791E-09
 Calling cg2d from S/R CG2D_MAD
 cg2d: Sum(rhs),rhsMax =  -3.55271367880050E-15  3.44569718872473E-09
 Calling cg2d from S/R CG2D_MAD
 cg2d: Sum(rhs),rhsMax =  -3.90798504668055E-14  3.45363530773800E-09
 Calling cg2d from S/R CG2D_MAD
 cg2d: Sum(rhs),rhsMax =   1.06581410364015E-14  3.45311185896036E-09
 Calling cg2d from S/R CG2D_MAD
 cg2d: Sum(rhs),rhsMax =  -8.88178419700125E-15  3.44413771537233E-09
 Calling cg2d from S/R CG2D_MAD
 cg2d: Sum(rhs),rhsMax =  -2.48689957516035E-14  3.42675274779463E-09
 Calling cg2d from S/R CG2D_MAD
 cg2d: Sum(rhs),rhsMax =   2.84217094304040E-14  3.40102627606462E-09
 Calling cg2d from S/R CG2D_MAD
 cg2d: Sum(rhs),rhsMax =  -4.08562073062058E-14  3.36705721102519E-09
 Calling cg2d from S/R CG2D_MAD
 cg2d: Sum(rhs),rhsMax =   0.00000000000000E+00  3.32497387309077E-09
 Calling cg2d from S/R CG2D_MAD
 cg2d: Sum(rhs),rhsMax =  -3.19744231092045E-14  3.27493348333475E-09
 Calling cg2d from S/R CG2D_MAD
 cg2d: Sum(rhs),rhsMax =  -8.03801469828613E-14  3.21712133335045E-09
 cg2d: Sum(rhs),rhsMax =   7.24753590475302E-13  1.96248966133242E+00
 cg2d: Sum(rhs),rhsMax =   1.08002495835535E-12  1.96224792095346E+00
 cg2d: Sum(rhs),rhsMax =   7.67386154620908E-13  1.96200560321962E+00
 cg2d: Sum(rhs),rhsMax =   1.00897068477934E-12  1.96176270961842E+00
 cg2d: Sum(rhs),rhsMax =   3.69482222595252E-13  1.96151924162961E+00
 cg2d: Sum(rhs),rhsMax =   1.13686837721616E-12  1.96127520072553E+00
 cg2d: Sum(rhs),rhsMax =   5.40012479177676E-13  1.96103058837147E+00
 cg2d: Sum(rhs),rhsMax =   5.25801624462474E-13  1.96078540602631E+00
 cg2d: Sum(rhs),rhsMax =   5.82645043323282E-13  1.96053965514300E+00
 cg2d: Sum(rhs),rhsMax =   3.41060513164848E-13  1.96029333716912E+00
 cg2d: Sum(rhs),rhsMax =   7.24753590475302E-13  1.96004645354762E+00
 cg2d: Sum(rhs),rhsMax =   7.10542735760100E-13  1.95979900571744E+00
 cg2d: Sum(rhs),rhsMax =   1.36424205265939E-12  1.95955099511424E+00
 cg2d: Sum(rhs),rhsMax =   8.52651282912120E-13  1.95930242317123E+00
 cg2d: Sum(rhs),rhsMax =   8.24229573481716E-13  1.95905329131984E+00
 cg2d: Sum(rhs),rhsMax =   6.53699316899292E-13  1.95880360099056E+00
 cg2d: Sum(rhs),rhsMax =   4.54747350886464E-13  1.95855335361380E+00
 cg2d: Sum(rhs),rhsMax =   3.69482222595252E-13  1.95830255062066E+00
 cg2d: Sum(rhs),rhsMax =   5.82645043323282E-13  1.95805119344379E+00
 cg2d: Sum(rhs),rhsMax =   7.10542735760100E-13  1.95779928351826E+00
 cg2d: Sum(rhs),rhsMax =   7.67386154620908E-13  1.95754682228241E+00
 cg2d: Sum(rhs),rhsMax =   3.41060513164848E-13  1.95729381117865E+00
 cg2d: Sum(rhs),rhsMax =   7.67386154620908E-13  1.95704025165433E+00
 cg2d: Sum(rhs),rhsMax =   4.40536496171262E-13  1.95678614516253E+00
 cg2d: Sum(rhs),rhsMax =   4.12114786740858E-13  1.95653149316289E+00
 cg2d: Sum(rhs),rhsMax =   6.25277607468888E-13  1.95627629712234E+00
 cg2d: Sum(rhs),rhsMax =   3.26849658449646E-13  1.95602055851583E+00
 cg2d: Sum(rhs),rhsMax =   3.26849658449646E-13  1.95576427882672E+00
 cg2d: Sum(rhs),rhsMax =   4.97379915032070E-13  1.95550745954742E+00
 cg2d: Sum(rhs),rhsMax =   4.40536496171262E-13  1.95525010218045E+00
 cg2d: Sum(rhs),rhsMax =   6.25277607468888E-13  1.95499220823937E+00
 cg2d: Sum(rhs),rhsMax =   9.09494701772928E-13  1.95473377924937E+00
 cg2d: Sum(rhs),rhsMax =   5.54223333892878E-13  1.95447481674723E+00
 cg2d: Sum(rhs),rhsMax =   7.38964445190504E-13  1.95421532228136E+00
 cg2d: Sum(rhs),rhsMax =   5.68434188608080E-13  1.95395529741213E+00
 cg2d: Sum(rhs),rhsMax =   1.20792265079217E-12  1.95369474371237E+00
 cg2d: Sum(rhs),rhsMax =   6.67910171614494E-13  1.95343366276768E+00
 cg2d: Sum(rhs),rhsMax =   4.54747350886464E-13  1.95317205617682E+00
 cg2d: Sum(rhs),rhsMax =   5.54223333892878E-13  1.95290992555179E+00
 cg2d: Sum(rhs),rhsMax =   7.10542735760100E-13  1.95264727251788E+00
 cg2d: Sum(rhs),rhsMax =   5.25801624462474E-13  1.95238409871382E+00
 cg2d: Sum(rhs),rhsMax =   9.94759830064140E-14  1.95212040579161E+00
 cg2d: Sum(rhs),rhsMax =   6.11066752753686E-13  1.95185619541651E+00
 cg2d: Sum(rhs),rhsMax =   3.41060513164848E-13  1.95159146926691E+00
 cg2d: Sum(rhs),rhsMax =   7.67386154620908E-13  1.95132622903414E+00
 cg2d: Sum(rhs),rhsMax =   9.94759830064140E-14  1.95106047642222E+00
 cg2d: Sum(rhs),rhsMax =   3.97903932025656E-13  1.95079421314756E+00
 cg2d: Sum(rhs),rhsMax =   8.24229573481716E-13  1.95052744093867E+00
 cg2d: Sum(rhs),rhsMax =   8.38440428196918E-13  1.95026016153578E+00
 cg2d: Sum(rhs),rhsMax =   6.25277607468888E-13  1.94999237669033E+00
 cg2d: Sum(rhs),rhsMax =   4.12114786740858E-13  1.94972408816461E+00
 cg2d: Sum(rhs),rhsMax =   6.25277607468888E-13  1.94945529773121E+00
 cg2d: Sum(rhs),rhsMax =   8.66862137627322E-13  1.94918600717248E+00
 cg2d: Sum(rhs),rhsMax =   7.38964445190504E-13  1.94891621827997E+00
 cg2d: Sum(rhs),rhsMax =   6.96331881044898E-13  1.94864593285385E+00
 cg2d: Sum(rhs),rhsMax =   4.83169060316868E-13  1.94837515270227E+00
 cg2d: Sum(rhs),rhsMax =   7.24753590475302E-13  1.94810387964077E+00
 cg2d: Sum(rhs),rhsMax =   6.53699316899292E-13  1.94783211549159E+00
 cg2d: Sum(rhs),rhsMax =   3.97903932025656E-13  1.94755986208303E+00
 cg2d: Sum(rhs),rhsMax =   6.11066752753686E-13  1.94728712124878E+00
 cg2d: Sum(rhs),rhsMax =   1.09423581307055E-12  1.94701389482735E+00
 cg2d: Sum(rhs),rhsMax =   1.23634436022257E-12  1.94674018466117E+00
 cg2d: Sum(rhs),rhsMax =   8.24229573481716E-13  1.94646599259623E+00
 cg2d: Sum(rhs),rhsMax =   5.68434188608080E-13  1.94619132048125E+00
 cg2d: Sum(rhs),rhsMax =   7.67386154620908E-13  1.94591617016705E+00
 cg2d: Sum(rhs),rhsMax =   4.97379915032070E-13  1.94564054350604E+00
 cg2d: Sum(rhs),rhsMax =   6.96331881044898E-13  1.94536444235150E+00
 cg2d: Sum(rhs),rhsMax =   1.10844666778576E-12  1.94508786855703E+00
 cg2d: Sum(rhs),rhsMax =   3.83693077310454E-13  1.94481082397608E+00
 cg2d: Sum(rhs),rhsMax =   1.42108547152020E-14  1.94453331046125E+00
 cg2d: Sum(rhs),rhsMax =   7.24753590475302E-13  1.94425532986402E+00
 cg2d: Sum(rhs),rhsMax =   6.96331881044898E-13  1.94397688403403E+00
 Calling cg2d from S/R CG2D_MAD
 cg2d: Sum(rhs),rhsMax =  -2.06501482580279E-14  3.15174965015161E-09
 Calling cg2d from S/R CG2D_MAD
 cg2d: Sum(rhs),rhsMax =  -6.35047570085590E-14  3.07905618178964E-09
 Calling cg2d from S/R CG2D_MAD
 cg2d: Sum(rhs),rhsMax =   3.01980662698043E-14  2.99930253780101E-09
 Calling cg2d from S/R CG2D_MAD
 cg2d: Sum(rhs),rhsMax =   5.24025267623074E-14  2.91277232579394E-09
 Calling cg2d from S/R CG2D_MAD
 cg2d: Sum(rhs),rhsMax =   8.70414851306123E-14  2.81976913116351E-09
 Calling cg2d from S/R CG2D_MAD
 cg2d: Sum(rhs),rhsMax =  -5.50670620214078E-14  2.72061439089438E-09
 Calling cg2d from S/R CG2D_MAD
 cg2d: Sum(rhs),rhsMax =  -4.44089209850063E-14  2.61564521455485E-09
 Calling cg2d from S/R CG2D_MAD
 cg2d: Sum(rhs),rhsMax =  -4.61852778244065E-14  2.50521220580247E-09
 Calling cg2d from S/R CG2D_MAD
 cg2d: Sum(rhs),rhsMax =   2.48689957516035E-14  2.38967733604880E-09
 Calling cg2d from S/R CG2D_MAD
 cg2d: Sum(rhs),rhsMax =   7.10542735760100E-14  2.26941191841187E-09
 Calling cg2d from S/R CG2D_MAD
 cg2d: Sum(rhs),rhsMax =   4.26325641456060E-14  2.14479472487825E-09
 Calling cg2d from S/R CG2D_MAD
 cg2d: Sum(rhs),rhsMax =   5.68434188608080E-14  2.01621028288590E-09
 Calling cg2d from S/R CG2D_MAD
 cg2d: Sum(rhs),rhsMax =   1.42108547152020E-14  1.88404737959547E-09
 Calling cg2d from S/R CG2D_MAD
 cg2d: Sum(rhs),rhsMax =   5.68434188608080E-14  1.74869779322238E-09
 Calling cg2d from S/R CG2D_MAD
 cg2d: Sum(rhs),rhsMax =  -1.06581410364015E-13  1.61055526129646E-09
 Calling cg2d from S/R CG2D_MAD
 cg2d: Sum(rhs),rhsMax =  -2.62900812231237E-13  1.51803085681713E-09
 Calling cg2d from S/R CG2D_MAD
 cg2d: Sum(rhs),rhsMax =   2.13162820728030E-14  1.53984348793575E-09
 Calling cg2d from S/R CG2D_MAD
 cg2d: Sum(rhs),rhsMax =   3.55271367880050E-14  1.55140905435076E-09
 Calling cg2d from S/R CG2D_MAD
 cg2d: Sum(rhs),rhsMax =  -9.23705556488130E-14  1.55264592603811E-09
 Calling cg2d from S/R CG2D_MAD
 cg2d: Sum(rhs),rhsMax =   0.00000000000000E+00  1.54354400117158E-09
 Calling cg2d from S/R CG2D_MAD
 cg2d: Sum(rhs),rhsMax =   9.23705556488130E-14  1.52416523137576E-09
 Calling cg2d from S/R CG2D_MAD
 cg2d: Sum(rhs),rhsMax =   7.10542735760100E-15  1.49464361534466E-09
 Calling cg2d from S/R CG2D_MAD
 cg2d: Sum(rhs),rhsMax =   4.97379915032070E-14  1.45518464061299E-09
 Calling cg2d from S/R CG2D_MAD
 cg2d: Sum(rhs),rhsMax =  -7.81597009336110E-14  1.40606415850431E-09
 Calling cg2d from S/R CG2D_MAD
 cg2d: Sum(rhs),rhsMax =  -7.10542735760100E-14  1.34762668337531E-09
 Calling cg2d from S/R CG2D_MAD
 cg2d: Sum(rhs),rhsMax =  -7.81597009336110E-14  1.28028311410867E-09
 Calling cg2d from S/R CG2D_MAD
 cg2d: Sum(rhs),rhsMax =  -6.39488462184090E-14  1.34192869705109E-09
 Calling cg2d from S/R CG2D_MAD
 cg2d: Sum(rhs),rhsMax =   1.70530256582424E-13  1.40537135039184E-09
 Calling cg2d from S/R CG2D_MAD
 cg2d: Sum(rhs),rhsMax =   2.62900812231237E-13  1.46060607498145E-09
 Calling cg2d from S/R CG2D_MAD
 cg2d: Sum(rhs),rhsMax =   3.55271367880050E-14  1.50726496381589E-09
 Calling cg2d from S/R CG2D_MAD
 cg2d: Sum(rhs),rhsMax =  -7.81597009336110E-14  1.54502895345257E-09
 Calling cg2d from S/R CG2D_MAD
 cg2d: Sum(rhs),rhsMax =   7.81597009336110E-14  1.57363086028030E-09
 Calling cg2d from S/R CG2D_MAD
 cg2d: Sum(rhs),rhsMax =   1.13686837721616E-13  1.59285817989289E-09
 Calling cg2d from S/R CG2D_MAD
 cg2d: Sum(rhs),rhsMax =  -1.06581410364015E-13  1.60255560234808E-09
 Calling cg2d from S/R CG2D_MAD
 cg2d: Sum(rhs),rhsMax =   0.00000000000000E+00  1.60262719597083E-09
 Calling cg2d from S/R CG2D_MAD
 cg2d: Sum(rhs),rhsMax =  -2.06057393370429E-13  1.64243553682144E-09
 Calling cg2d from S/R CG2D_MAD
 cg2d: Sum(rhs),rhsMax =   1.56319401867222E-13  1.72347244118655E-09
 Calling cg2d from S/R CG2D_MAD
 cg2d: Sum(rhs),rhsMax =   1.06581410364015E-13  1.80101417627643E-09
 Calling cg2d from S/R CG2D_MAD
 cg2d: Sum(rhs),rhsMax =  -3.55271367880050E-14  1.87490326088292E-09
 Calling cg2d from S/R CG2D_MAD
 cg2d: Sum(rhs),rhsMax =  -1.77635683940025E-14  1.94499632764583E-09
 Calling cg2d from S/R CG2D_MAD
 cg2d: Sum(rhs),rhsMax =   1.06581410364015E-13  2.01116295306079E-09
 Calling cg2d from S/R CG2D_MAD
 cg2d: Sum(rhs),rhsMax =   1.66977542903624E-13  2.07328441048497E-09
 Calling cg2d from S/R CG2D_MAD
 cg2d: Sum(rhs),rhsMax =   3.90798504668055E-14  2.13125239423894E-09
 Calling cg2d from S/R CG2D_MAD
 cg2d: Sum(rhs),rhsMax =  -3.19744231092045E-14  2.18496776152136E-09
 Calling cg2d from S/R CG2D_MAD
 cg2d: Sum(rhs),rhsMax =  -6.21724893790088E-14  2.23433933615399E-09
 Calling cg2d from S/R CG2D_MAD
 cg2d: Sum(rhs),rhsMax =   6.21724893790088E-14  2.27928281431028E-09
 Calling cg2d from S/R CG2D_MAD
 cg2d: Sum(rhs),rhsMax =   3.90798504668055E-14  2.31971980751384E-09
 Calling cg2d from S/R CG2D_MAD
 cg2d: Sum(rhs),rhsMax =  -5.95079541199084E-14  2.35557705250015E-09
 Calling cg2d from S/R CG2D_MAD
 cg2d: Sum(rhs),rhsMax =   6.48370246381091E-14  2.38678581111580E-09
 Calling cg2d from S/R CG2D_MAD
 cg2d: Sum(rhs),rhsMax =   3.10862446895044E-14  2.41532251395069E-09
 Calling cg2d from S/R CG2D_MAD
 cg2d: Sum(rhs),rhsMax =   6.75015598972095E-14  2.43370841197314E-09
 Calling cg2d from S/R CG2D_MAD
 cg2d: Sum(rhs),rhsMax =   3.44169137633799E-14  2.45104921059592E-09
 Calling cg2d from S/R CG2D_MAD
 cg2d: Sum(rhs),rhsMax =  -1.88737914186277E-15  2.46431202115643E-09
 Calling cg2d from S/R CG2D_MAD
 cg2d: Sum(rhs),rhsMax =   4.44089209850063E-14  2.47167928834613E-09
 Calling cg2d from S/R CG2D_MAD
 cg2d: Sum(rhs),rhsMax =  -2.93098878501041E-14  2.47368568124147E-09
 Calling cg2d from S/R CG2D_MAD
 cg2d: Sum(rhs),rhsMax =  -4.70734562441066E-14  2.47072138520228E-09
 Calling cg2d from S/R CG2D_MAD
 cg2d: Sum(rhs),rhsMax =  -2.22044604925031E-14  2.46278437162817E-09
 Calling cg2d from S/R CG2D_MAD
 cg2d: Sum(rhs),rhsMax =  -7.81597009336110E-14  2.44980727810946E-09
 Calling cg2d from S/R CG2D_MAD
 cg2d: Sum(rhs),rhsMax =  -2.66453525910038E-14  2.43175896099829E-09
 Calling cg2d from S/R CG2D_MAD
 cg2d: Sum(rhs),rhsMax =   1.20792265079217E-13  2.40863501338690E-09
 Calling cg2d from S/R CG2D_MAD
 cg2d: Sum(rhs),rhsMax =  -1.50990331349021E-13  2.38044597526582E-09
 Calling cg2d from S/R CG2D_MAD
 cg2d: Sum(rhs),rhsMax =   4.97379915032070E-14  2.34721549843667E-09
 Calling cg2d from S/R CG2D_MAD
 cg2d: Sum(rhs),rhsMax =  -1.77635683940025E-14  2.30898146980107E-09
 Calling cg2d from S/R CG2D_MAD
 cg2d: Sum(rhs),rhsMax =   6.03961325396085E-14  2.26579719401926E-09
 Calling cg2d from S/R CG2D_MAD
 cg2d: Sum(rhs),rhsMax =   7.10542735760100E-15  2.21773234962814E-09
 Calling cg2d from S/R CG2D_MAD
 cg2d: Sum(rhs),rhsMax =   1.42108547152020E-13  2.16487380004348E-09
 Calling cg2d from S/R CG2D_MAD
 cg2d: Sum(rhs),rhsMax =   3.19744231092045E-14  2.10732626474381E-09
 Calling cg2d from S/R CG2D_MAD
 cg2d: Sum(rhs),rhsMax =   3.90798504668055E-14  2.04521282601336E-09
 Calling cg2d from S/R CG2D_MAD
 cg2d: Sum(rhs),rhsMax =   9.59232693276135E-14  1.97867525240473E-09
 Calling cg2d from S/R CG2D_MAD
 cg2d: Sum(rhs),rhsMax =   7.10542735760100E-15  1.90787412830688E-09
 Calling cg2d from S/R CG2D_MAD
 cg2d: Sum(rhs),rhsMax =  -1.27897692436818E-13  1.83298878479554E-09
 Calling cg2d from S/R CG2D_MAD
 cg2d: Sum(rhs),rhsMax =   0.00000000000000E+00  1.75421703172860E-09
 cg2d: Sum(rhs),rhsMax =   5.25801624462474E-13  1.97827854679158E+00
 cg2d: Sum(rhs),rhsMax =   2.13162820728030E-13  1.97808227711866E+00
 cg2d: Sum(rhs),rhsMax =   3.97903932025656E-13  1.97788533210936E+00
 cg2d: Sum(rhs),rhsMax =   4.83169060316868E-13  1.97768771273827E+00
 cg2d: Sum(rhs),rhsMax =   5.68434188608080E-13  1.97748941997780E+00
 cg2d: Sum(rhs),rhsMax =   8.52651282912120E-13  1.97729045479931E+00
 cg2d: Sum(rhs),rhsMax =   5.25801624462474E-13  1.97709081817457E+00
 cg2d: Sum(rhs),rhsMax =   5.11590769747272E-13  1.97689051107700E+00
 cg2d: Sum(rhs),rhsMax =   7.24753590475302E-13  1.97668953448292E+00
 cg2d: Sum(rhs),rhsMax =   4.83169060316868E-13  1.97648788937311E+00
 cg2d: Sum(rhs),rhsMax =   4.26325641456060E-13  1.97628557673392E+00
 cg2d: Sum(rhs),rhsMax =   8.38440428196918E-13  1.97608259755867E+00
 cg2d: Sum(rhs),rhsMax =   7.38964445190504E-13  1.97587895284890E+00
 cg2d: Sum(rhs),rhsMax =   4.40536496171262E-13  1.97567464361575E+00
 cg2d: Sum(rhs),rhsMax =   5.40012479177676E-13  1.97546967088098E+00
 cg2d: Sum(rhs),rhsMax =   7.67386154620908E-13  1.97526403567837E+00
 cg2d: Sum(rhs),rhsMax =   4.83169060316868E-13  1.97505773905462E+00
 cg2d: Sum(rhs),rhsMax =   8.24229573481716E-13  1.97485078207062E+00
 cg2d: Sum(rhs),rhsMax =   4.40536496171262E-13  1.97464316580237E+00
 cg2d: Sum(rhs),rhsMax =   5.11590769747272E-13  1.97443489134190E+00
 cg2d: Sum(rhs),rhsMax =   7.38964445190504E-13  1.97422595979816E+00
 cg2d: Sum(rhs),rhsMax =   7.81597009336110E-13  1.97401637229787E+00
 cg2d: Sum(rhs),rhsMax =   5.40012479177676E-13  1.97380612998610E+00
 cg2d: Sum(rhs),rhsMax =   3.83693077310454E-13  1.97359523402704E+00
 cg2d: Sum(rhs),rhsMax =   6.82121026329696E-13  1.97338368560446E+00
 cg2d: Sum(rhs),rhsMax =   6.82121026329696E-13  1.97317148592217E+00
 cg2d: Sum(rhs),rhsMax =   4.40536496171262E-13  1.97295863620440E+00
 cg2d: Sum(rhs),rhsMax =   6.39488462184090E-13  1.97274513769602E+00
 cg2d: Sum(rhs),rhsMax =   4.97379915032070E-13  1.97253099166276E+00
 cg2d: Sum(rhs),rhsMax =   5.40012479177676E-13  1.97231619939129E+00
 cg2d: Sum(rhs),rhsMax =   9.94759830064140E-13  1.97210076218916E+00
 cg2d: Sum(rhs),rhsMax =   5.54223333892878E-13  1.97188468138468E+00
 cg2d: Sum(rhs),rhsMax =   5.40012479177676E-13  1.97166795832684E+00
 cg2d: Sum(rhs),rhsMax =   2.41584530158434E-13  1.97145059438484E+00
 cg2d: Sum(rhs),rhsMax =   2.13162820728030E-13  1.97123259094787E+00
 cg2d: Sum(rhs),rhsMax =   3.83693077310454E-13  1.97101394942454E+00
 cg2d: Sum(rhs),rhsMax =   7.38964445190504E-13  1.97079467124240E+00
 cg2d: Sum(rhs),rhsMax =   4.97379915032070E-13  1.97057475784731E+00
 cg2d: Sum(rhs),rhsMax =   5.68434188608080E-13  1.97035421070274E+00
 cg2d: Sum(rhs),rhsMax =   3.26849658449646E-13  1.97013303128896E+00
 cg2d: Sum(rhs),rhsMax =   9.52127265918534E-13  1.96991122110236E+00
 cg2d: Sum(rhs),rhsMax =   9.23705556488130E-13  1.96968878165438E+00
 cg2d: Sum(rhs),rhsMax =   9.94759830064140E-14  1.96946571447079E+00
 cg2d: Sum(rhs),rhsMax =   8.10018718766514E-13  1.96924202109055E+00
 cg2d: Sum(rhs),rhsMax =   5.40012479177676E-13  1.96901770306481E+00
 cg2d: Sum(rhs),rhsMax =   5.96855898038484E-13  1.96879276195601E+00
 cg2d: Sum(rhs),rhsMax =   6.82121026329696E-13  1.96856719933661E+00
 cg2d: Sum(rhs),rhsMax =   1.19371179607697E-12  1.96834101678808E+00
 cg2d: Sum(rhs),rhsMax =   4.12114786740858E-13  1.96811421589974E+00
 cg2d: Sum(rhs),rhsMax =   5.25801624462474E-13  1.96788679826769E+00
 cg2d: Sum(rhs),rhsMax =   8.24229573481716E-13  1.96765876549382E+00
 cg2d: Sum(rhs),rhsMax =   3.12638803734444E-13  1.96743011918473E+00
 cg2d: Sum(rhs),rhsMax =   4.40536496171262E-13  1.96720086095064E+00
 cg2d: Sum(rhs),rhsMax =   8.81072992342524E-13  1.96697099240417E+00
 cg2d: Sum(rhs),rhsMax =   6.67910171614494E-13  1.96674051515921E+00
 cg2d: Sum(rhs),rhsMax =   9.09494701772928E-13  1.96650943082984E+00
 cg2d: Sum(rhs),rhsMax =   6.53699316899292E-13  1.96627774102937E+00
 cg2d: Sum(rhs),rhsMax =   4.54747350886464E-13  1.96604544736946E+00
 cg2d: Sum(rhs),rhsMax =   6.39488462184090E-13  1.96581255145918E+00
 cg2d: Sum(rhs),rhsMax =   1.00897068477934E-12  1.96557905490431E+00
 cg2d: Sum(rhs),rhsMax =   6.53699316899292E-13  1.96534495930641E+00
 cg2d: Sum(rhs),rhsMax =   2.84217094304040E-13  1.96511026626221E+00
 cg2d: Sum(rhs),rhsMax =   5.96855898038484E-13  1.96487497736279E+00
 cg2d: Sum(rhs),rhsMax =   8.66862137627322E-13  1.96463909419305E+00
 cg2d: Sum(rhs),rhsMax =   1.15107923193136E-12  1.96440261833110E+00
 cg2d: Sum(rhs),rhsMax =   9.52127265918534E-13  1.96416555134775E+00
 cg2d: Sum(rhs),rhsMax =   2.55795384873636E-13  1.96392789480618E+00
 cg2d: Sum(rhs),rhsMax =   3.83693077310454E-13  1.96368965026149E+00
 cg2d: Sum(rhs),rhsMax =   3.83693077310454E-13  1.96345081926057E+00
 cg2d: Sum(rhs),rhsMax =   6.96331881044898E-13  1.96321140334176E+00
 cg2d: Sum(rhs),rhsMax =   5.11590769747272E-13  1.96297140403481E+00
 cg2d: Sum(rhs),rhsMax =   8.95283847057726E-13  1.96273082286086E+00
 Calling cg2d from S/R CG2D_MAD
 cg2d: Sum(rhs),rhsMax =   7.10542735760100E-14  1.67177469510988E-09
 Calling cg2d from S/R CG2D_MAD
 cg2d: Sum(rhs),rhsMax =  -1.27897692436818E-13  1.58589496673867E-09
 Calling cg2d from S/R CG2D_MAD
 cg2d: Sum(rhs),rhsMax =  -7.81597009336110E-14  1.49682757497267E-09
 Calling cg2d from S/R CG2D_MAD
 cg2d: Sum(rhs),rhsMax =  -1.27897692436818E-13  1.41525871024801E-09
 Calling cg2d from S/R CG2D_MAD
 cg2d: Sum(rhs),rhsMax =   8.52651282912120E-14  1.39302458602416E-09
 Calling cg2d from S/R CG2D_MAD
 cg2d: Sum(rhs),rhsMax =   2.84217094304040E-14  1.36238696816982E-09
 Calling cg2d from S/R CG2D_MAD
 cg2d: Sum(rhs),rhsMax =  -5.68434188608080E-14  1.36181228324447E-09
 Calling cg2d from S/R CG2D_MAD
 cg2d: Sum(rhs),rhsMax =   0.00000000000000E+00  1.36278210793691E-09
 Calling cg2d from S/R CG2D_MAD
 cg2d: Sum(rhs),rhsMax =  -1.42108547152020E-14  1.35535343902700E-09
 Calling cg2d from S/R CG2D_MAD
 cg2d: Sum(rhs),rhsMax =   7.81597009336110E-14  1.33964302534399E-09
 Calling cg2d from S/R CG2D_MAD
 cg2d: Sum(rhs),rhsMax =  -1.49213974509621E-13  1.31581941468047E-09
 Calling cg2d from S/R CG2D_MAD
 cg2d: Sum(rhs),rhsMax =  -1.06581410364015E-13  1.28410136397530E-09
 Calling cg2d from S/R CG2D_MAD
 cg2d: Sum(rhs),rhsMax =   8.52651282912120E-14  1.24475595637917E-09
 Calling cg2d from S/R CG2D_MAD
 cg2d: Sum(rhs),rhsMax =  -9.94759830064140E-14  1.19809643612917E-09
 Calling cg2d from S/R CG2D_MAD
 cg2d: Sum(rhs),rhsMax =   0.00000000000000E+00  1.14447977524774E-09
 Calling cg2d from S/R CG2D_MAD
 cg2d: Sum(rhs),rhsMax =   4.97379915032070E-14  1.08430398904554E-09
 Calling cg2d from S/R CG2D_MAD
 cg2d: Sum(rhs),rhsMax =  -3.55271367880050E-14  1.13478928662225E-09
 Calling cg2d from S/R CG2D_MAD
 cg2d: Sum(rhs),rhsMax =  -4.26325641456060E-14  1.23403906134981E-09
 Calling cg2d from S/R CG2D_MAD
 cg2d: Sum(rhs),rhsMax =   0.00000000000000E+00  1.33071178560780E-09
 Calling cg2d from S/R CG2D_MAD
 cg2d: Sum(rhs),rhsMax =  -5.68434188608080E-14  1.42455001329686E-09
 Calling cg2d from S/R CG2D_MAD
 cg2d: Sum(rhs),rhsMax =   7.10542735760100E-14  1.51530475357411E-09
 Calling cg2d from S/R CG2D_MAD
 cg2d: Sum(rhs),rhsMax =   5.32907051820075E-14  1.60273610374150E-09
 Calling cg2d from S/R CG2D_MAD
 cg2d: Sum(rhs),rhsMax =  -3.90798504668055E-14  1.68661386751289E-09
 Calling cg2d from S/R CG2D_MAD
 cg2d: Sum(rhs),rhsMax =  -3.55271367880050E-15  1.76671815617372E-09
 Calling cg2d from S/R CG2D_MAD
 cg2d: Sum(rhs),rhsMax =   2.13162820728030E-14  1.84283997004964E-09
 Calling cg2d from S/R CG2D_MAD
 cg2d: Sum(rhs),rhsMax =  -7.10542735760100E-15  1.91478175739794E-09
 Calling cg2d from S/R CG2D_MAD
 cg2d: Sum(rhs),rhsMax =  -7.63833440942108E-14  1.98235794750088E-09
 Calling cg2d from S/R CG2D_MAD
 cg2d: Sum(rhs),rhsMax =  -8.88178419700125E-15  2.04539545448926E-09
 Calling cg2d from S/R CG2D_MAD
 cg2d: Sum(rhs),rhsMax =   1.77635683940025E-14  2.10373414839261E-09
 Calling cg2d from S/R CG2D_MAD
 cg2d: Sum(rhs),rhsMax =   3.79696274421804E-14  2.15722729013862E-09
 Calling cg2d from S/R CG2D_MAD
 cg2d: Sum(rhs),rhsMax =  -1.33226762955019E-14  2.20574192740703E-09
 Calling cg2d from S/R CG2D_MAD
 cg2d: Sum(rhs),rhsMax =   9.32587340685131E-15  2.24915924925810E-09
 Calling cg2d from S/R CG2D_MAD
 cg2d: Sum(rhs),rhsMax =  -1.77635683940025E-14  2.28737489923021E-09
 Calling cg2d from S/R CG2D_MAD
 cg2d: Sum(rhs),rhsMax =  -4.26325641456060E-14  2.32029924681732E-09
 Calling cg2d from S/R CG2D_MAD
 cg2d: Sum(rhs),rhsMax =  -7.46069872548105E-14  2.34785761585931E-09
 Calling cg2d from S/R CG2D_MAD
 cg2d: Sum(rhs),rhsMax =   2.48689957516035E-14  2.36999046868971E-09
 Calling cg2d from S/R CG2D_MAD
 cg2d: Sum(rhs),rhsMax =  -3.55271367880050E-14  2.38665354792670E-09
 Calling cg2d from S/R CG2D_MAD
 cg2d: Sum(rhs),rhsMax =   4.97379915032070E-14  2.39781798036983E-09
 Calling cg2d from S/R CG2D_MAD
 cg2d: Sum(rhs),rhsMax =  -7.81597009336110E-14  2.40347034696759E-09
 Calling cg2d from S/R CG2D_MAD
 cg2d: Sum(rhs),rhsMax =  -1.42108547152020E-14  2.40361272052752E-09
 Calling cg2d from S/R CG2D_MAD
 cg2d: Sum(rhs),rhsMax =   4.97379915032070E-14  2.39826267155751E-09
 Calling cg2d from S/R CG2D_MAD
 cg2d: Sum(rhs),rhsMax =  -7.10542735760100E-14  2.38745324319736E-09
 Calling cg2d from S/R CG2D_MAD
 cg2d: Sum(rhs),rhsMax =  -4.61852778244065E-14  2.37123289738380E-09
 Calling cg2d from S/R CG2D_MAD
 cg2d: Sum(rhs),rhsMax =  -1.42108547152020E-14  2.34966543479632E-09
 Calling cg2d from S/R CG2D_MAD
 cg2d: Sum(rhs),rhsMax =   2.84217094304040E-14  2.32282989049482E-09
 Calling cg2d from S/R CG2D_MAD
 cg2d: Sum(rhs),rhsMax =  -3.19744231092045E-14  2.29082040602611E-09
 Calling cg2d from S/R CG2D_MAD
 cg2d: Sum(rhs),rhsMax =  -5.32907051820075E-14  2.25374607767175E-09
 Calling cg2d from S/R CG2D_MAD
 cg2d: Sum(rhs),rhsMax =  -7.10542735760100E-14  2.21173077962479E-09
 Calling cg2d from S/R CG2D_MAD
 cg2d: Sum(rhs),rhsMax =  -7.10542735760100E-15  2.16491296013274E-09
 Calling cg2d from S/R CG2D_MAD
 cg2d: Sum(rhs),rhsMax =  -5.68434188608080E-14  2.11344540791535E-09
 Calling cg2d from S/R CG2D_MAD
 cg2d: Sum(rhs),rhsMax =   3.55271367880050E-14  2.05749498544604E-09
 Calling cg2d from S/R CG2D_MAD
 cg2d: Sum(rhs),rhsMax =  -2.84217094304040E-14  1.99724232500807E-09
 Calling cg2d from S/R CG2D_MAD
 cg2d: Sum(rhs),rhsMax =   0.00000000000000E+00  1.93288148285853E-09
 Calling cg2d from S/R CG2D_MAD
 cg2d: Sum(rhs),rhsMax =   5.68434188608080E-14  1.86461954641343E-09
 Calling cg2d from S/R CG2D_MAD
 cg2d: Sum(rhs),rhsMax =   0.00000000000000E+00  1.79267618912375E-09
 Calling cg2d from S/R CG2D_MAD
 cg2d: Sum(rhs),rhsMax =  -5.68434188608080E-14  1.71728316766040E-09
 Calling cg2d from S/R CG2D_MAD
 cg2d: Sum(rhs),rhsMax =   5.68434188608080E-14  1.63868375618249E-09
 Calling cg2d from S/R CG2D_MAD
 cg2d: Sum(rhs),rhsMax =  -7.10542735760100E-15  1.55713211281166E-09
 Calling cg2d from S/R CG2D_MAD
 cg2d: Sum(rhs),rhsMax =   9.23705556488130E-14  1.47289257399120E-09
 Calling cg2d from S/R CG2D_MAD
 cg2d: Sum(rhs),rhsMax =   0.00000000000000E+00  1.38623887315910E-09
 Calling cg2d from S/R CG2D_MAD
 cg2d: Sum(rhs),rhsMax =  -1.27897692436818E-13  1.29745328109965E-09
 Calling cg2d from S/R CG2D_MAD
 cg2d: Sum(rhs),rhsMax =  -7.10542735760100E-14  1.20682566645418E-09
 Calling cg2d from S/R CG2D_MAD
 cg2d: Sum(rhs),rhsMax =  -4.97379915032070E-14  1.11465247613973E-09
 Calling cg2d from S/R CG2D_MAD
 cg2d: Sum(rhs),rhsMax =   1.06581410364015E-13  1.02123563682626E-09
 Calling cg2d from S/R CG2D_MAD
 cg2d: Sum(rhs),rhsMax =  -5.68434188608080E-14  1.03785947287268E-09
 Calling cg2d from S/R CG2D_MAD
 cg2d: Sum(rhs),rhsMax =   3.55271367880050E-14  1.05045476799222E-09
 Calling cg2d from S/R CG2D_MAD
 cg2d: Sum(rhs),rhsMax =  -1.27897692436818E-13  1.05695078026426E-09
 Calling cg2d from S/R CG2D_MAD
 cg2d: Sum(rhs),rhsMax =   2.13162820728030E-14  1.05731521443704E-09
 Calling cg2d from S/R CG2D_MAD
 cg2d: Sum(rhs),rhsMax =   7.10542735760100E-14  1.05155266200127E-09
 Calling cg2d from S/R CG2D_MAD
 cg2d: Sum(rhs),rhsMax =   2.16715534406831E-13  1.03970474633634E-09
 Calling cg2d from S/R CG2D_MAD
 cg2d: Sum(rhs),rhsMax =   1.31450406115619E-13  1.02185004163675E-09
 Calling cg2d from S/R CG2D_MAD
 cg2d: Sum(rhs),rhsMax =  -2.30926389122033E-13  9.98103760683653E-10
 cg2d: Sum(rhs),rhsMax =   1.05160324892495E-12  1.99056430090849E+00
 cg2d: Sum(rhs),rhsMax =   5.68434188608080E-13  1.99041947611577E+00
 cg2d: Sum(rhs),rhsMax =   2.55795384873636E-13  1.99027390732974E+00
 cg2d: Sum(rhs),rhsMax =   5.96855898038484E-13  1.99012759487094E+00
 cg2d: Sum(rhs),rhsMax =   3.26849658449646E-13  1.98998053907398E+00
 cg2d: Sum(rhs),rhsMax =   5.40012479177676E-13  1.98983274028953E+00
 cg2d: Sum(rhs),rhsMax =   8.81072992342524E-13  1.98968419888621E+00
 cg2d: Sum(rhs),rhsMax =   4.68958205601666E-13  1.98953491525243E+00
 cg2d: Sum(rhs),rhsMax =   3.97903932025656E-13  1.98938488979809E+00
 cg2d: Sum(rhs),rhsMax =   1.12265752250096E-12  1.98923412295613E+00
 cg2d: Sum(rhs),rhsMax =   4.97379915032070E-13  1.98908261518407E+00
 cg2d: Sum(rhs),rhsMax =   1.03739239420975E-12  1.98893036696536E+00
 cg2d: Sum(rhs),rhsMax =   3.97903932025656E-13  1.98877737881065E+00
 cg2d: Sum(rhs),rhsMax =   4.54747350886464E-13  1.98862365125883E+00
 cg2d: Sum(rhs),rhsMax =   7.95807864051312E-13  1.98846918487815E+00
 cg2d: Sum(rhs),rhsMax =   9.66338120633736E-13  1.98831398026689E+00
 cg2d: Sum(rhs),rhsMax =   9.23705556488130E-13  1.98815803805426E+00
 cg2d: Sum(rhs),rhsMax =   9.23705556488130E-13  1.98800135890080E+00
 cg2d: Sum(rhs),rhsMax =   2.27373675443232E-13  1.98784394349884E+00
 cg2d: Sum(rhs),rhsMax =   9.80548975348938E-13  1.98768579257287E+00
 cg2d: Sum(rhs),rhsMax =   4.40536496171262E-13  1.98752690687945E+00
 cg2d: Sum(rhs),rhsMax =   8.10018718766514E-13  1.98736728720735E+00
 cg2d: Sum(rhs),rhsMax =   2.27373675443232E-13  1.98720693437723E+00
 cg2d: Sum(rhs),rhsMax =   6.96331881044898E-13  1.98704584924140E+00
 cg2d: Sum(rhs),rhsMax =   7.67386154620908E-13  1.98688403268324E+00
 cg2d: Sum(rhs),rhsMax =   1.98951966012828E-13  1.98672148561659E+00
 cg2d: Sum(rhs),rhsMax =   5.40012479177676E-13  1.98655820898490E+00
 cg2d: Sum(rhs),rhsMax =   6.67910171614494E-13  1.98639420376027E+00
 cg2d: Sum(rhs),rhsMax =   4.40536496171262E-13  1.98622947094271E+00
 cg2d: Sum(rhs),rhsMax =   8.52651282912120E-13  1.98606401155908E+00
 cg2d: Sum(rhs),rhsMax =   4.54747350886464E-13  1.98589782666181E+00
 cg2d: Sum(rhs),rhsMax =   1.05160324892495E-12  1.98573091732729E+00
 cg2d: Sum(rhs),rhsMax =   2.98427949019242E-13  1.98556328465445E+00
 cg2d: Sum(rhs),rhsMax =   7.53175299905706E-13  1.98539492976335E+00
 cg2d: Sum(rhs),rhsMax =   7.81597009336110E-13  1.98522585379359E+00
 cg2d: Sum(rhs),rhsMax =   5.96855898038484E-13  1.98505605790274E+00
 cg2d: Sum(rhs),rhsMax =   5.82645043323282E-13  1.98488554326477E+00
 cg2d: Sum(rhs),rhsMax =   6.39488462184090E-13  1.98471431106829E+00
 cg2d: Sum(rhs),rhsMax =   4.68958205601666E-13  1.98454236251496E+00
 cg2d: Sum(rhs),rhsMax =   1.70530256582424E-13  1.98436969881764E+00
 cg2d: Sum(rhs),rhsMax =   9.23705556488130E-13  1.98419632119872E+00
 cg2d: Sum(rhs),rhsMax =   6.67910171614494E-13  1.98402223088842E+00
 cg2d: Sum(rhs),rhsMax =   2.27373675443232E-13  1.98384742912312E+00
 cg2d: Sum(rhs),rhsMax =   4.97379915032070E-13  1.98367191714351E+00
 cg2d: Sum(rhs),rhsMax =   7.10542735760100E-13  1.98349569619308E+00
 cg2d: Sum(rhs),rhsMax =   8.52651282912120E-13  1.98331876751651E+00
 cg2d: Sum(rhs),rhsMax =   8.81072992342524E-13  1.98314113235799E+00
 cg2d: Sum(rhs),rhsMax =   8.52651282912120E-13  1.98296279195984E+00
 cg2d: Sum(rhs),rhsMax =   1.02318153949454E-12  1.98278374756094E+00
 cg2d: Sum(rhs),rhsMax =   6.53699316899292E-13  1.98260400039550E+00
 cg2d: Sum(rhs),rhsMax =   4.68958205601666E-13  1.98242355169166E+00
 cg2d: Sum(rhs),rhsMax =   4.83169060316868E-13  1.98224240267025E+00
 cg2d: Sum(rhs),rhsMax =   7.38964445190504E-13  1.98206055454376E+00
 cg2d: Sum(rhs),rhsMax =   8.95283847057726E-13  1.98187800851551E+00
 cg2d: Sum(rhs),rhsMax =   7.67386154620908E-13  1.98169476577865E+00
 cg2d: Sum(rhs),rhsMax =   1.02318153949454E-12  1.98151082751545E+00
 cg2d: Sum(rhs),rhsMax =   5.40012479177676E-13  1.98132619489648E+00
 cg2d: Sum(rhs),rhsMax =   5.40012479177676E-13  1.98114086908013E+00
 cg2d: Sum(rhs),rhsMax =   6.53699316899292E-13  1.98095485121213E+00
 cg2d: Sum(rhs),rhsMax =   8.81072992342524E-13  1.98076814242527E+00
 cg2d: Sum(rhs),rhsMax =   5.11590769747272E-13  1.98058074383928E+00
 cg2d: Sum(rhs),rhsMax =   2.13162820728030E-13  1.98039265656073E+00
 cg2d: Sum(rhs),rhsMax =   4.97379915032070E-13  1.98020388168304E+00
 cg2d: Sum(rhs),rhsMax =   8.52651282912120E-13  1.98001442028673E+00
 cg2d: Sum(rhs),rhsMax =   7.38964445190504E-13  1.97982427343966E+00
 cg2d: Sum(rhs),rhsMax =   7.53175299905706E-13  1.97963344219734E+00
 cg2d: Sum(rhs),rhsMax =   3.55271367880050E-13  1.97944192760356E+00
 cg2d: Sum(rhs),rhsMax =   3.97903932025656E-13  1.97924973069082E+00
 cg2d: Sum(rhs),rhsMax =   7.53175299905706E-13  1.97905685248117E+00
 cg2d: Sum(rhs),rhsMax =   7.53175299905706E-13  1.97886329398688E+00
 cg2d: Sum(rhs),rhsMax =   6.11066752753686E-13  1.97866905621136E+00
 cg2d: Sum(rhs),rhsMax =   6.53699316899292E-13  1.97847414015006E+00
 Calling cg2d from S/R CG2D_MAD
 cg2d: Sum(rhs),rhsMax =  -3.55271367880050E-14  9.76787052253208E-10
 Calling cg2d from S/R CG2D_MAD
 cg2d: Sum(rhs),rhsMax =   2.30926389122033E-13  9.52997621722680E-10
 Calling cg2d from S/R CG2D_MAD
 cg2d: Sum(rhs),rhsMax =   1.59872115546023E-14  9.23953296336565E-10
 Calling cg2d from S/R CG2D_MAD
 cg2d: Sum(rhs),rhsMax =   7.10542735760100E-15  8.89837706971168E-10
 Calling cg2d from S/R CG2D_MAD
 cg2d: Sum(rhs),rhsMax =  -3.81916720471054E-14  8.50863385100132E-10
 Calling cg2d from S/R CG2D_MAD
 cg2d: Sum(rhs),rhsMax =  -4.56301663120939E-14  8.23128128956032E-10
 Calling cg2d from S/R CG2D_MAD
 cg2d: Sum(rhs),rhsMax =  -1.89182003396127E-13  8.20209119641721E-10
 Calling cg2d from S/R CG2D_MAD
 cg2d: Sum(rhs),rhsMax =  -9.76996261670138E-14  8.26563437419385E-10
 Calling cg2d from S/R CG2D_MAD
 cg2d: Sum(rhs),rhsMax =  -8.17124146124115E-14  8.48870645280475E-10
 Calling cg2d from S/R CG2D_MAD
 cg2d: Sum(rhs),rhsMax =  -2.30926389122033E-14  8.66079976561879E-10
 Calling cg2d from S/R CG2D_MAD
 cg2d: Sum(rhs),rhsMax =  -4.61852778244065E-14  9.18905516210505E-10
 Calling cg2d from S/R CG2D_MAD
 cg2d: Sum(rhs),rhsMax =  -3.55271367880050E-14  1.00115365089788E-09
 Calling cg2d from S/R CG2D_MAD
 cg2d: Sum(rhs),rhsMax =  -1.17239551400417E-13  1.08181659275126E-09
 Calling cg2d from S/R CG2D_MAD
 cg2d: Sum(rhs),rhsMax =   2.84217094304040E-14  1.16066335044772E-09
 Calling cg2d from S/R CG2D_MAD
 cg2d: Sum(rhs),rhsMax =   2.84217094304040E-14  1.23746599545271E-09
 Calling cg2d from S/R CG2D_MAD
 cg2d: Sum(rhs),rhsMax =   9.59232693276135E-14  1.31200053355050E-09
 Calling cg2d from S/R CG2D_MAD
 cg2d: Sum(rhs),rhsMax =  -6.03961325396085E-14  1.38404785529667E-09
 Calling cg2d from S/R CG2D_MAD
 cg2d: Sum(rhs),rhsMax =   9.94759830064140E-14  1.45339464791951E-09
 Calling cg2d from S/R CG2D_MAD
 cg2d: Sum(rhs),rhsMax =   2.48689957516035E-14  1.51983421738084E-09
 Calling cg2d from S/R CG2D_MAD
 cg2d: Sum(rhs),rhsMax =  -6.75015598972095E-14  1.58316724144328E-09
 Calling cg2d from S/R CG2D_MAD
 cg2d: Sum(rhs),rhsMax =   0.00000000000000E+00  1.64320250468998E-09
 Calling cg2d from S/R CG2D_MAD
 cg2d: Sum(rhs),rhsMax =  -1.49213974509621E-13  1.69975765112652E-09
 Calling cg2d from S/R CG2D_MAD
 cg2d: Sum(rhs),rhsMax =   6.75015598972095E-14  1.75265995780577E-09
 Calling cg2d from S/R CG2D_MAD
 cg2d: Sum(rhs),rhsMax =   5.32907051820075E-14  1.80174711098468E-09
 Calling cg2d from S/R CG2D_MAD
 cg2d: Sum(rhs),rhsMax =  -1.77635683940025E-14  1.84686796226491E-09
 Calling cg2d from S/R CG2D_MAD
 cg2d: Sum(rhs),rhsMax =   7.10542735760100E-14  1.88788332234566E-09
 Calling cg2d from S/R CG2D_MAD
 cg2d: Sum(rhs),rhsMax =   0.00000000000000E+00  1.92466664826742E-09
 Calling cg2d from S/R CG2D_MAD
 cg2d: Sum(rhs),rhsMax =   4.61852778244065E-14  1.95710443424916E-09
 Calling cg2d from S/R CG2D_MAD
 cg2d: Sum(rhs),rhsMax =  -6.75015598972095E-14  1.98509657728846E-09
 Calling cg2d from S/R CG2D_MAD
 cg2d: Sum(rhs),rhsMax =  -3.19744231092045E-14  2.00855711931400E-09
 Calling cg2d from S/R CG2D_MAD
 cg2d: Sum(rhs),rhsMax =  -5.32907051820075E-14  2.02741519785243E-09
 Calling cg2d from S/R CG2D_MAD
 cg2d: Sum(rhs),rhsMax =   3.55271367880050E-14  2.04161565011817E-09
 Calling cg2d from S/R CG2D_MAD
 cg2d: Sum(rhs),rhsMax =  -5.32907051820075E-14  2.05111906660893E-09
 Calling cg2d from S/R CG2D_MAD
 cg2d: Sum(rhs),rhsMax =   5.68434188608080E-14  2.05590162151093E-09
 Calling cg2d from S/R CG2D_MAD
 cg2d: Sum(rhs),rhsMax =   0.00000000000000E+00  2.05595507283050E-09
 Calling cg2d from S/R CG2D_MAD
 cg2d: Sum(rhs),rhsMax =   3.19744231092045E-14  2.05128700455502E-09
 Calling cg2d from S/R CG2D_MAD
 cg2d: Sum(rhs),rhsMax =  -6.75015598972095E-14  2.04192112054555E-09
 Calling cg2d from S/R CG2D_MAD
 cg2d: Sum(rhs),rhsMax =   0.00000000000000E+00  2.02789739638471E-09
 Calling cg2d from S/R CG2D_MAD
 cg2d: Sum(rhs),rhsMax =  -5.32907051820075E-14  2.00927203251496E-09
 Calling cg2d from S/R CG2D_MAD
 cg2d: Sum(rhs),rhsMax =   2.84217094304040E-14  1.98611725696110E-09
 Calling cg2d from S/R CG2D_MAD
 cg2d: Sum(rhs),rhsMax =   6.39488462184090E-14  1.95852104339954E-09
 Calling cg2d from S/R CG2D_MAD
 cg2d: Sum(rhs),rhsMax =  -1.06581410364015E-14  1.92658677899610E-09
 Calling cg2d from S/R CG2D_MAD
 cg2d: Sum(rhs),rhsMax =  -4.97379915032070E-14  1.89043288499919E-09
 Calling cg2d from S/R CG2D_MAD
 cg2d: Sum(rhs),rhsMax =   3.90798504668055E-14  1.85019238019293E-09
 Calling cg2d from S/R CG2D_MAD
 cg2d: Sum(rhs),rhsMax =   3.55271367880050E-15  1.80601237834776E-09
 Calling cg2d from S/R CG2D_MAD
 cg2d: Sum(rhs),rhsMax =   6.39488462184090E-14  1.75805351605134E-09
 Calling cg2d from S/R CG2D_MAD
 cg2d: Sum(rhs),rhsMax =   6.75015598972095E-14  1.70648931129279E-09
 Calling cg2d from S/R CG2D_MAD
 cg2d: Sum(rhs),rhsMax =  -2.48689957516035E-14  1.65150545491599E-09
 Calling cg2d from S/R CG2D_MAD
 cg2d: Sum(rhs),rhsMax =  -2.84217094304040E-14  1.59329903743259E-09
 Calling cg2d from S/R CG2D_MAD
 cg2d: Sum(rhs),rhsMax =  -7.10542735760100E-14  1.53207771363097E-09
 Calling cg2d from S/R CG2D_MAD
 cg2d: Sum(rhs),rhsMax =  -8.88178419700125E-14  1.46806296877054E-09
 Calling cg2d from S/R CG2D_MAD
 cg2d: Sum(rhs),rhsMax =  -5.32907051820075E-15  1.40148039516516E-09
 Calling cg2d from S/R CG2D_MAD
 cg2d: Sum(rhs),rhsMax =   1.95399252334028E-14  1.33255499434715E-09
 Calling cg2d from S/R CG2D_MAD
 cg2d: Sum(rhs),rhsMax =   9.59232693276135E-14  1.26152210693015E-09
 Calling cg2d from S/R CG2D_MAD
 cg2d: Sum(rhs),rhsMax =   7.99360577730113E-14  1.18863313263050E-09
 Calling cg2d from S/R CG2D_MAD
 cg2d: Sum(rhs),rhsMax =   1.68753899743024E-14  1.11414698852181E-09
 Calling cg2d from S/R CG2D_MAD
 cg2d: Sum(rhs),rhsMax =   1.15463194561016E-13  1.03832043720349E-09
 Calling cg2d from S/R CG2D_MAD
 cg2d: Sum(rhs),rhsMax =  -3.12250225675825E-15  9.61406628333587E-10
 Calling cg2d from S/R CG2D_MAD
 cg2d: Sum(rhs),rhsMax =   1.49213974509621E-13  8.83658258518007E-10
 Calling cg2d from S/R CG2D_MAD
 cg2d: Sum(rhs),rhsMax =   1.22568621918617E-13  8.05329285450676E-10
 Calling cg2d from S/R CG2D_MAD
 cg2d: Sum(rhs),rhsMax =  -1.19015908239817E-13  7.28472649580548E-10
 Calling cg2d from S/R CG2D_MAD
 cg2d: Sum(rhs),rhsMax =  -1.42108547152020E-14  7.45174565344488E-10
 Calling cg2d from S/R CG2D_MAD
 cg2d: Sum(rhs),rhsMax =   1.91846538655227E-13  7.70499418733349E-10
 Calling cg2d from S/R CG2D_MAD
 cg2d: Sum(rhs),rhsMax =   1.59872115546023E-13  7.90885617350570E-10
 Calling cg2d from S/R CG2D_MAD
 cg2d: Sum(rhs),rhsMax =  -1.49213974509621E-13  8.06255491509276E-10
 Calling cg2d from S/R CG2D_MAD
 cg2d: Sum(rhs),rhsMax =  -1.13686837721616E-13  8.16564611823776E-10
 Calling cg2d from S/R CG2D_MAD
 cg2d: Sum(rhs),rhsMax =  -6.39488462184090E-14  8.21801918969403E-10
 Calling cg2d from S/R CG2D_MAD
 cg2d: Sum(rhs),rhsMax =   3.55271367880050E-14  8.21989568315515E-10
 Calling cg2d from S/R CG2D_MAD
 cg2d: Sum(rhs),rhsMax =   7.10542735760100E-14  8.17182478901494E-10
 Calling cg2d from S/R CG2D_MAD
 cg2d: Sum(rhs),rhsMax =  -2.84217094304040E-14  8.07467615789781E-10
 Calling cg2d from S/R CG2D_MAD
 cg2d: Sum(rhs),rhsMax =  -2.84217094304040E-14  7.92963041111597E-10
 Calling cg2d from S/R CG2D_MAD
 cg2d: Sum(rhs),rhsMax =   1.77635683940025E-13  7.73816759879580E-10
(PID.TID 0000.0001) SOLVE_FOR_PRESSURE: putPmEinXvector =    F
 cg2d: Sum(rhs),rhsMax =   8.52651282912120E-13  1.99900718163814E+00
 cg2d: Sum(rhs),rhsMax =   7.81597009336110E-13  1.99891722427463E+00
 cg2d: Sum(rhs),rhsMax =   1.50635059981141E-12  1.99882649286104E+00
 cg2d: Sum(rhs),rhsMax =   5.82645043323282E-13  1.99873498159962E+00
 cg2d: Sum(rhs),rhsMax =   9.37916411203332E-13  1.99864269010628E+00
 cg2d: Sum(rhs),rhsMax =   3.26849658449646E-13  1.99854961876264E+00
 cg2d: Sum(rhs),rhsMax =   4.54747350886464E-13  1.99845576788955E+00
 cg2d: Sum(rhs),rhsMax =   5.25801624462474E-13  1.99836113784468E+00
 cg2d: Sum(rhs),rhsMax =   3.41060513164848E-13  1.99826572897853E+00
 cg2d: Sum(rhs),rhsMax =   9.37916411203332E-13  1.99816954154800E+00
 cg2d: Sum(rhs),rhsMax =   3.69482222595252E-13  1.99807257570752E+00
 cg2d: Sum(rhs),rhsMax =   9.37916411203332E-13  1.99797483157076E+00
 cg2d: Sum(rhs),rhsMax =   4.97379915032070E-13  1.99787630928802E+00
 cg2d: Sum(rhs),rhsMax =   8.52651282912120E-13  1.99777700909586E+00
 cg2d: Sum(rhs),rhsMax =   8.24229573481716E-13  1.99767693132623E+00
 cg2d: Sum(rhs),rhsMax =   5.68434188608080E-13  1.99757607638737E+00
 cg2d: Sum(rhs),rhsMax =   7.10542735760100E-13  1.99747444473723E+00
 cg2d: Sum(rhs),rhsMax =   8.81072992342524E-13  1.99737203686449E+00
 cg2d: Sum(rhs),rhsMax =   6.25277607468888E-13  1.99726885328106E+00
 cg2d: Sum(rhs),rhsMax =   7.81597009336110E-13  1.99716489452377E+00
 cg2d: Sum(rhs),rhsMax =   3.12638803734444E-13  1.99706016115903E+00
 cg2d: Sum(rhs),rhsMax =   3.83693077310454E-13  1.99695465378713E+00
 cg2d: Sum(rhs),rhsMax =   5.68434188608080E-13  1.99684837304370E+00
 cg2d: Sum(rhs),rhsMax =   4.26325641456060E-13  1.99674131959909E+00
 cg2d: Sum(rhs),rhsMax =   3.83693077310454E-13  1.99663349415570E+00
 cg2d: Sum(rhs),rhsMax =   5.40012479177676E-13  1.99652489744398E+00
 cg2d: Sum(rhs),rhsMax =   5.68434188608080E-13  1.99641553021776E+00
 cg2d: Sum(rhs),rhsMax =   7.67386154620908E-13  1.99630539324887E+00
 cg2d: Sum(rhs),rhsMax =   1.26476606965298E-12  1.99619448732192E+00
 cg2d: Sum(rhs),rhsMax =   3.26849658449646E-13  1.99608281322969E+00
 cg2d: Sum(rhs),rhsMax =  -2.41584530158434E-13  1.99597037176933E+00
 cg2d: Sum(rhs),rhsMax =   6.82121026329696E-13  1.99585716374004E+00
 cg2d: Sum(rhs),rhsMax =   7.38964445190504E-13  1.99574318994199E+00
 cg2d: Sum(rhs),rhsMax =   4.83169060316868E-13  1.99562845117595E+00
 cg2d: Sum(rhs),rhsMax =   8.52651282912120E-13  1.99551294824340E+00
 cg2d: Sum(rhs),rhsMax =   5.54223333892878E-13  1.99539668194636E+00
 cg2d: Sum(rhs),rhsMax =   7.81597009336110E-13  1.99527965308675E+00
 cg2d: Sum(rhs),rhsMax =   8.66862137627322E-13  1.99516186246490E+00
 cg2d: Sum(rhs),rhsMax =   6.39488462184090E-13  1.99504331087728E+00
 cg2d: Sum(rhs),rhsMax =   7.10542735760100E-14  1.99492399911349E+00
 cg2d: Sum(rhs),rhsMax =   1.70530256582424E-13  1.99480392795287E+00
 cg2d: Sum(rhs),rhsMax =   7.38964445190504E-13  1.99468309816143E+00
 cg2d: Sum(rhs),rhsMax =   9.80548975348938E-13  1.99456151048905E+00
 cg2d: Sum(rhs),rhsMax =   8.52651282912120E-13  1.99443916566721E+00
 cg2d: Sum(rhs),rhsMax =   1.12265752250096E-12  1.99431606440727E+00
 cg2d: Sum(rhs),rhsMax =   6.11066752753686E-13  1.99419220739920E+00
 cg2d: Sum(rhs),rhsMax =   6.82121026329696E-13  1.99406759531059E+00
 cg2d: Sum(rhs),rhsMax =   4.40536496171262E-13  1.99394222878600E+00
 cg2d: Sum(rhs),rhsMax =   5.11590769747272E-13  1.99381610844648E+00
 cg2d: Sum(rhs),rhsMax =   6.25277607468888E-13  1.99368923488917E+00
 cg2d: Sum(rhs),rhsMax =   1.06581410364015E-12  1.99356160868705E+00
 cg2d: Sum(rhs),rhsMax =   6.53699316899292E-13  1.99343323038886E+00
 cg2d: Sum(rhs),rhsMax =   5.11590769747272E-13  1.99330410051913E+00
 cg2d: Sum(rhs),rhsMax =   8.10018718766514E-13  1.99317421957839E+00
 cg2d: Sum(rhs),rhsMax =   7.38964445190504E-13  1.99304358804364E+00
 cg2d: Sum(rhs),rhsMax =   1.06581410364015E-12  1.99291220636902E+00
 cg2d: Sum(rhs),rhsMax =   4.97379915032070E-13  1.99278007498672E+00
 cg2d: Sum(rhs),rhsMax =   7.95807864051312E-13  1.99264719430797E+00
 cg2d: Sum(rhs),rhsMax =   7.24753590475302E-13  1.99251356472431E+00
 cg2d: Sum(rhs),rhsMax =   5.40012479177676E-13  1.99237918660897E+00
 cg2d: Sum(rhs),rhsMax =   5.96855898038484E-13  1.99224406031819E+00
 cg2d: Sum(rhs),rhsMax =   1.00897068477934E-12  1.99210818619292E+00
 cg2d: Sum(rhs),rhsMax =   7.95807864051312E-13  1.99197156456023E+00
 cg2d: Sum(rhs),rhsMax =   8.10018718766514E-13  1.99183419573504E+00
 cg2d: Sum(rhs),rhsMax =   4.54747350886464E-13  1.99169608002185E+00
 cg2d: Sum(rhs),rhsMax =   4.83169060316868E-13  1.99155721771640E+00
 cg2d: Sum(rhs),rhsMax =   6.96331881044898E-13  1.99141760910769E+00
 cg2d: Sum(rhs),rhsMax =   2.41584530158434E-13  1.99127725447975E+00
 cg2d: Sum(rhs),rhsMax =   6.39488462184090E-13  1.99113615411376E+00
 cg2d: Sum(rhs),rhsMax =   7.10542735760100E-13  1.99099430829005E+00
 cg2d: Sum(rhs),rhsMax =   8.24229573481716E-13  1.99085171729027E+00
 cg2d: Sum(rhs),rhsMax =   3.26849658449646E-13  1.99070838139951E+00
 Calling cg2d from S/R CG2D_MAD
 cg2d: Sum(rhs),rhsMax =   3.55271367880050E-14  7.84085768581128E-10
 Calling cg2d from S/R CG2D_MAD
 cg2d: Sum(rhs),rhsMax =  -6.39488462184090E-14  8.35123352629690E-10
 Calling cg2d from S/R CG2D_MAD
 cg2d: Sum(rhs),rhsMax =   6.39488462184090E-14  8.84651422668008E-10
 Calling cg2d from S/R CG2D_MAD
 cg2d: Sum(rhs),rhsMax =  -7.10542735760100E-15  9.32553410996380E-10
 Calling cg2d from S/R CG2D_MAD
 cg2d: Sum(rhs),rhsMax =  -2.84217094304040E-14  9.78716122457689E-10
 Calling cg2d from S/R CG2D_MAD
 cg2d: Sum(rhs),rhsMax =   7.10542735760100E-15  1.02303011081280E-09
 Calling cg2d from S/R CG2D_MAD
 cg2d: Sum(rhs),rhsMax =  -9.23705556488130E-14  1.06539007657591E-09
 Calling cg2d from S/R CG2D_MAD
 cg2d: Sum(rhs),rhsMax =  -3.55271367880050E-14  1.10569528348597E-09
 Calling cg2d from S/R CG2D_MAD
 cg2d: Sum(rhs),rhsMax =  -3.55271367880050E-14  1.14384999001899E-09
 Calling cg2d from S/R CG2D_MAD
 cg2d: Sum(rhs),rhsMax =   7.10542735760100E-14  1.17976389179475E-09
 Calling cg2d from S/R CG2D_MAD
 cg2d: Sum(rhs),rhsMax =   4.97379915032070E-14  1.21335257034629E-09
 Calling cg2d from S/R CG2D_MAD
 cg2d: Sum(rhs),rhsMax =  -3.55271367880050E-14  1.24453794343451E-09
 Calling cg2d from S/R CG2D_MAD
 cg2d: Sum(rhs),rhsMax =  -2.13162820728030E-14  1.27324871180166E-09
 Calling cg2d from S/R CG2D_MAD
 cg2d: Sum(rhs),rhsMax =  -2.84217094304040E-14  1.29942079691859E-09
 Calling cg2d from S/R CG2D_MAD
 cg2d: Sum(rhs),rhsMax =  -1.42108547152020E-14  1.32299776387458E-09
 Calling cg2d from S/R CG2D_MAD
 cg2d: Sum(rhs),rhsMax =  -2.84217094304040E-14  1.34393122313984E-09
 Calling cg2d from S/R CG2D_MAD
 cg2d: Sum(rhs),rhsMax =   0.00000000000000E+00  1.36218120457239E-09
 Calling cg2d from S/R CG2D_MAD
 cg2d: Sum(rhs),rhsMax =  -3.55271367880050E-14  1.37771649684420E-09
 Calling cg2d from S/R CG2D_MAD
 cg2d: Sum(rhs),rhsMax =   7.81597009336110E-14  1.39051494548218E-09
 Calling cg2d from S/R CG2D_MAD
 cg2d: Sum(rhs),rhsMax =  -2.84217094304040E-14  1.40056370300025E-09
 Calling cg2d from S/R CG2D_MAD
 cg2d: Sum(rhs),rhsMax =   3.55271367880050E-15  1.40785942512242E-09
 Calling cg2d from S/R CG2D_MAD
 cg2d: Sum(rhs),rhsMax =   9.94759830064140E-14  1.41240840782331E-09
 Calling cg2d from S/R CG2D_MAD
 cg2d: Sum(rhs),rhsMax =   3.55271367880050E-14  1.41422666078405E-09
 Calling cg2d from S/R CG2D_MAD
 cg2d: Sum(rhs),rhsMax =  -7.10542735760100E-15  1.41333991381626E-09
 Calling cg2d from S/R CG2D_MAD
 cg2d: Sum(rhs),rhsMax =   1.74082970261225E-13  1.40978355379843E-09
 Calling cg2d from S/R CG2D_MAD
 cg2d: Sum(rhs),rhsMax =   1.06581410364015E-14  1.40360249066742E-09
 Calling cg2d from S/R CG2D_MAD
 cg2d: Sum(rhs),rhsMax =   7.10542735760100E-15  1.39485095199051E-09
 Calling cg2d from S/R CG2D_MAD
 cg2d: Sum(rhs),rhsMax =   3.55271367880050E-15  1.38359220660988E-09
 Calling cg2d from S/R CG2D_MAD
 cg2d: Sum(rhs),rhsMax =   6.92779167366098E-14  1.36989821879521E-09
 Calling cg2d from S/R CG2D_MAD
 cg2d: Sum(rhs),rhsMax =   4.61852778244065E-14  1.35384923525808E-09
 Calling cg2d from S/R CG2D_MAD
 cg2d: Sum(rhs),rhsMax =  -8.34887714518118E-14  1.33553330826284E-09
 Calling cg2d from S/R CG2D_MAD
 cg2d: Sum(rhs),rhsMax =   3.55271367880050E-15  1.31504575891337E-09
 Calling cg2d from S/R CG2D_MAD
 cg2d: Sum(rhs),rhsMax =  -3.81916720471054E-14  1.29248858547184E-09
 Calling cg2d from S/R CG2D_MAD
 cg2d: Sum(rhs),rhsMax =  -6.55031584528842E-15  1.26796982227465E-09
 Calling cg2d from S/R CG2D_MAD
 cg2d: Sum(rhs),rhsMax =   1.02140518265514E-14  1.24160285542923E-09
 Calling cg2d from S/R CG2D_MAD
 cg2d: Sum(rhs),rhsMax =  -3.99680288865056E-14  1.21350570199313E-09
 Calling cg2d from S/R CG2D_MAD
 cg2d: Sum(rhs),rhsMax =   1.24344978758018E-13  1.18380025974528E-09
 Calling cg2d from S/R CG2D_MAD
 cg2d: Sum(rhs),rhsMax =   9.05941988094128E-14  1.15261153495419E-09
 Calling cg2d from S/R CG2D_MAD
 cg2d: Sum(rhs),rhsMax =   7.10542735760100E-15  1.12006685572303E-09
 Calling cg2d from S/R CG2D_MAD
 cg2d: Sum(rhs),rhsMax =  -1.77635683940025E-14  1.08629507855113E-09
 Calling cg2d from S/R CG2D_MAD
 cg2d: Sum(rhs),rhsMax =  -5.32907051820075E-14  1.05142579570099E-09
 Calling cg2d from S/R CG2D_MAD
 cg2d: Sum(rhs),rhsMax =  -1.95399252334028E-13  1.01558855079586E-09
 Calling cg2d from S/R CG2D_MAD
 cg2d: Sum(rhs),rhsMax =  -5.68434188608080E-14  9.78912067247027E-10
 Calling cg2d from S/R CG2D_MAD
 cg2d: Sum(rhs),rhsMax =  -8.17124146124115E-14  9.41523496079437E-10
 Calling cg2d from S/R CG2D_MAD
 cg2d: Sum(rhs),rhsMax =   2.84217094304040E-14  9.03547699240209E-10
 Calling cg2d from S/R CG2D_MAD
 cg2d: Sum(rhs),rhsMax =   4.26325641456060E-14  8.65106581863363E-10
 Calling cg2d from S/R CG2D_MAD
 cg2d: Sum(rhs),rhsMax =  -6.39488462184090E-14  8.26318465992363E-10
 Calling cg2d from S/R CG2D_MAD
 cg2d: Sum(rhs),rhsMax =   7.10542735760100E-15  7.87297487983844E-10
 Calling cg2d from S/R CG2D_MAD
 cg2d: Sum(rhs),rhsMax =   3.55271367880050E-14  7.48153021165363E-10
 Calling cg2d from S/R CG2D_MAD
 cg2d: Sum(rhs),rhsMax =  -2.13162820728030E-14  7.08989150330356E-10
 Calling cg2d from S/R CG2D_MAD
 cg2d: Sum(rhs),rhsMax =  -6.39488462184090E-14  6.69904223955856E-10
 Calling cg2d from S/R CG2D_MAD
 cg2d: Sum(rhs),rhsMax =   3.12638803734444E-13  6.54655729665735E-10
 Calling cg2d from S/R CG2D_MAD
 cg2d: Sum(rhs),rhsMax =   1.27897692436818E-13  6.54184813173334E-10
 Calling cg2d from S/R CG2D_MAD
 cg2d: Sum(rhs),rhsMax =   4.26325641456060E-14  6.49932214034353E-10
 Calling cg2d from S/R CG2D_MAD
 cg2d: Sum(rhs),rhsMax =  -9.94759830064140E-14  6.41951513003910E-10
 Calling cg2d from S/R CG2D_MAD
 cg2d: Sum(rhs),rhsMax =   1.13686837721616E-13  6.30317692572024E-10
 Calling cg2d from S/R CG2D_MAD
 cg2d: Sum(rhs),rhsMax =   9.94759830064140E-14  6.29768837484755E-10
 Calling cg2d from S/R CG2D_MAD
 cg2d: Sum(rhs),rhsMax =   3.69482222595252E-13  6.47796288549974E-10
 Calling cg2d from S/R CG2D_MAD
 cg2d: Sum(rhs),rhsMax =   1.56319401867222E-13  6.61664870425121E-10
 Calling cg2d from S/R CG2D_MAD
 cg2d: Sum(rhs),rhsMax =  -1.27897692436818E-13  6.71325547456372E-10
 Calling cg2d from S/R CG2D_MAD
 cg2d: Sum(rhs),rhsMax =  -1.70530256582424E-13  6.76756593867293E-10
 Calling cg2d from S/R CG2D_MAD
 cg2d: Sum(rhs),rhsMax =  -9.23705556488130E-14  6.77963572516812E-10
 Calling cg2d from S/R CG2D_MAD
 cg2d: Sum(rhs),rhsMax =  -2.84217094304040E-13  6.74979132773220E-10
 Calling cg2d from S/R CG2D_MAD
 cg2d: Sum(rhs),rhsMax =   2.84217094304040E-14  6.67862629166458E-10
 Calling cg2d from S/R CG2D_MAD
 cg2d: Sum(rhs),rhsMax =   4.97379915032070E-14  6.56699563765006E-10
 Calling cg2d from S/R CG2D_MAD
 cg2d: Sum(rhs),rhsMax =   2.06057393370429E-13  6.60881885273288E-10
 Calling cg2d from S/R CG2D_MAD
 cg2d: Sum(rhs),rhsMax =   3.55271367880050E-14  7.03966233748920E-10
 Calling cg2d from S/R CG2D_MAD
 cg2d: Sum(rhs),rhsMax =   1.42108547152020E-14  7.54571682518631E-10
 Calling cg2d from S/R CG2D_MAD
 cg2d: Sum(rhs),rhsMax =  -1.56319401867222E-13  8.03327374979689E-10
 Calling cg2d from S/R CG2D_MAD
 cg2d: Sum(rhs),rhsMax =   1.42108547152020E-14  8.50108642010652E-10
 Calling cg2d from S/R CG2D_MAD
 cg2d: Sum(rhs),rhsMax =  -2.41584530158434E-13  8.94798820399173E-10
 Calling cg2d from S/R CG2D_MAD
 cg2d: Sum(rhs),rhsMax =  -2.13162820728030E-14  9.37289681987309E-10
(PID.TID 0000.0001)  nRecords = 108 ; filePrec =  64 ; fileIter =   3111120
(PID.TID 0000.0001)     nDims =   2 , dims:
(PID.TID 0000.0001)    1:  62   1  62
(PID.TID 0000.0001)    2:  62   1  62
(PID.TID 0000.0001)     nFlds =  10 , nFl3D =   7 , fields:
(PID.TID 0000.0001)  >Uvel    < >Vvel    < >Theta   < >Salt    < >GuNm1   < >GvNm1   < >GtNm1   < >EtaN    < >dEtaHdt < >EtaH    <
(PID.TID 0000.0001) missingVal=  1.00000000000000E+00 ; nTimRec =   1 , timeList:
(PID.TID 0000.0001)   3.733344000000E+09
(PID.TID 0000.0001) READ_MFLDS_3D_RL: read field: "Uvel    ", #   1 in fldList, rec=   1
(PID.TID 0000.0001) READ_MFLDS_3D_RL: read field: "Vvel    ", #   2 in fldList, rec=   2
(PID.TID 0000.0001) READ_MFLDS_3D_RL: read field: "Theta   ", #   3 in fldList, rec=   3
(PID.TID 0000.0001) READ_MFLDS_3D_RL: read field: "Salt    ", #   4 in fldList, rec=   4
(PID.TID 0000.0001) READ_MFLDS_3D_RL: read field: "GuNm1   ", #   5 in fldList, rec=   5
(PID.TID 0000.0001) READ_MFLDS_3D_RL: read field: "GvNm1   ", #   6 in fldList, rec=   6
(PID.TID 0000.0001) READ_MFLDS_3D_RL: read field: "GtNm1   ", #   7 in fldList, rec=   7
(PID.TID 0000.0001) READ_MFLDS_3D_RL: read field: "EtaN    ", #   8 in fldList, rec= 106
(PID.TID 0000.0001) READ_MFLDS_3D_RL: read field: "dEtaHdt ", #   9 in fldList, rec= 107
(PID.TID 0000.0001) READ_MFLDS_CHECK: - normal end ; reset MFLDS file-name: pickup.0003111120
 ph-pack: packing ecco_cost
 ph-pack: packing ecco_ctrl
(PID.TID 0000.0001) // =======================================================
(PID.TID 0000.0001) // Gradient-check starts (grdchk_main)
(PID.TID 0000.0001) // =======================================================
(PID.TID 0000.0001) grdchk reference fc: fcref       =  3.22547976275027E-01
grad-res -------------------------------
 grad-res  proc    #    i    j    k   bi   bj iobc       fc ref            fc + eps           fc - eps
 grad-res  proc    #    i    j    k   bi   bj iobc      adj grad            fd grad          1 - fd/adj
 grad-res exact position met: 
 grad-res     0  451    2   17    1    1    1
(PID.TID 0000.0001) ====== Starts gradient-check number   1 (=ichknum) =======
 ph-test icomp, ncvarcomp, ichknum          451         900           1
 ph-grd _loc: bi, bj, icomptest, ichknum            1           1           0           1
 ph-grd -->hit<--            2          17           1           1
(PID.TID 0000.0001) grdchk pos: i,j,k=    2   17    1 ; bi,bj=   1   1 ; iobc=  1 ; rec=   1
(PID.TID 0000.0001)  nRecords = 108 ; filePrec =  64 ; fileIter =   3111120
(PID.TID 0000.0001)     nDims =   2 , dims:
(PID.TID 0000.0001)    1:  62   1  62
(PID.TID 0000.0001)    2:  62   1  62
(PID.TID 0000.0001)     nFlds =  10 , nFl3D =   7 , fields:
(PID.TID 0000.0001)  >Uvel    < >Vvel    < >Theta   < >Salt    < >GuNm1   < >GvNm1   < >GtNm1   < >EtaN    < >dEtaHdt < >EtaH    <
(PID.TID 0000.0001) missingVal=  1.00000000000000E+00 ; nTimRec =   1 , timeList:
(PID.TID 0000.0001)   3.733344000000E+09
(PID.TID 0000.0001) READ_MFLDS_3D_RL: read field: "Uvel    ", #   1 in fldList, rec=   1
(PID.TID 0000.0001) READ_MFLDS_3D_RL: read field: "Vvel    ", #   2 in fldList, rec=   2
(PID.TID 0000.0001) READ_MFLDS_3D_RL: read field: "Theta   ", #   3 in fldList, rec=   3
(PID.TID 0000.0001) READ_MFLDS_3D_RL: read field: "Salt    ", #   4 in fldList, rec=   4
(PID.TID 0000.0001) READ_MFLDS_3D_RL: read field: "GuNm1   ", #   5 in fldList, rec=   5
(PID.TID 0000.0001) READ_MFLDS_3D_RL: read field: "GvNm1   ", #   6 in fldList, rec=   6
(PID.TID 0000.0001) READ_MFLDS_3D_RL: read field: "GtNm1   ", #   7 in fldList, rec=   7
(PID.TID 0000.0001) READ_MFLDS_3D_RL: read field: "EtaN    ", #   8 in fldList, rec= 106
(PID.TID 0000.0001) READ_MFLDS_3D_RL: read field: "dEtaHdt ", #   9 in fldList, rec= 107
(PID.TID 0000.0001) READ_MFLDS_CHECK: - normal end ; reset MFLDS file-name: pickup.0003111120
(PID.TID 0000.0001) // =======================================================
(PID.TID 0000.0001) // Model current state
(PID.TID 0000.0001) // =======================================================
(PID.TID 0000.0001) 
(PID.TID 0000.0001) SOLVE_FOR_PRESSURE: putPmEinXvector =    F
 cg2d: Sum(rhs),rhsMax =  -5.49285263787169E-04  1.99900718163814E+00
 cg2d: Sum(rhs),rhsMax =  -5.49296871255933E-04  1.99896493965392E+00
 cg2d: Sum(rhs),rhsMax =  -5.49327414745449E-04  1.99885379485539E+00
 cg2d: Sum(rhs),rhsMax =  -5.49363764008604E-04  1.99872153963754E+00
 cg2d: Sum(rhs),rhsMax =  -5.49392217777722E-04  1.99861802191037E+00
 cg2d: Sum(rhs),rhsMax =  -5.49415399547115E-04  1.99853369360913E+00
 cg2d: Sum(rhs),rhsMax =  -5.49438661508361E-04  1.99844907856476E+00
 cg2d: Sum(rhs),rhsMax =  -5.49463514218473E-04  1.99835868722355E+00
 cg2d: Sum(rhs),rhsMax =  -5.49489412179582E-04  1.99826450450593E+00
 cg2d: Sum(rhs),rhsMax =  -5.49515772604536E-04  1.99816864422430E+00
 cg2d: Sum(rhs),rhsMax =  -5.49542383311064E-04  1.99807188789351E+00
 cg2d: Sum(rhs),rhsMax =  -5.49569208374123E-04  1.99797436151760E+00
 cg2d: Sum(rhs),rhsMax =  -5.49596249243223E-04  1.99787605563021E+00
 cg2d: Sum(rhs),rhsMax =  -5.49623509343178E-04  1.99777696769269E+00
 cg2d: Sum(rhs),rhsMax =  -5.49650984353889E-04  1.99767710553930E+00
 cg2d: Sum(rhs),rhsMax =  -5.49678673721132E-04  1.99757647422209E+00
 cg2d: Sum(rhs),rhsMax =  -5.49706579022313E-04  1.99747506957117E+00
 cg2d: Sum(rhs),rhsMax =  -5.49734704350158E-04  1.99737287700403E+00
 cg2d: Sum(rhs),rhsMax =  -5.49763055346375E-04  1.99726987382299E+00
 cg2d: Sum(rhs),rhsMax =  -5.49791638533748E-04  1.99716603430149E+00
 cg2d: Sum(rhs),rhsMax =  -5.49820462097728E-04  1.99706133636311E+00
 cg2d: Sum(rhs),rhsMax =  -5.49849528667323E-04  1.99695576794365E+00
 cg2d: Sum(rhs),rhsMax =  -5.49878836736184E-04  1.99684933105908E+00
 cg2d: Sum(rhs),rhsMax =  -5.49908382993181E-04  1.99674204230949E+00
 cg2d: Sum(rhs),rhsMax =  -5.49938158641794E-04  1.99663392973103E+00
 cg2d: Sum(rhs),rhsMax =  -5.49968155752367E-04  1.99652502706735E+00
 cg2d: Sum(rhs),rhsMax =  -5.49998364647308E-04  1.99641536722458E+00
 cg2d: Sum(rhs),rhsMax =  -5.50028778476985E-04  1.99630497670216E+00
 cg2d: Sum(rhs),rhsMax =  -5.50059392125490E-04  1.99619387223655E+00
 cg2d: Sum(rhs),rhsMax =  -5.50090203589093E-04  1.99608206005824E+00
 cg2d: Sum(rhs),rhsMax =  -5.50121215312060E-04  1.99596953737955E+00
 cg2d: Sum(rhs),rhsMax =  -5.50152427948092E-04  1.99585629524364E+00
 cg2d: Sum(rhs),rhsMax =  -5.50183846598884E-04  1.99574232175158E+00
 cg2d: Sum(rhs),rhsMax =  -5.50215473253957E-04  1.99562760487367E+00
 cg2d: Sum(rhs),rhsMax =  -5.50247312148144E-04  1.99551213439582E+00
 cg2d: Sum(rhs),rhsMax =  -5.50279363594086E-04  1.99539590289816E+00
 cg2d: Sum(rhs),rhsMax =  -5.50311630263423E-04  1.99527890591902E+00
 cg2d: Sum(rhs),rhsMax =  -5.50344112014045E-04  1.99516114157681E+00
 cg2d: Sum(rhs),rhsMax =  -5.50376810636521E-04  1.99504260993398E+00
 cg2d: Sum(rhs),rhsMax =  -5.50409722848144E-04  1.99492331232176E+00
 cg2d: Sum(rhs),rhsMax =  -5.50442850709487E-04  1.99480325076215E+00
 cg2d: Sum(rhs),rhsMax =  -5.50476192032079E-04  1.99468242754024E+00
 cg2d: Sum(rhs),rhsMax =  -5.50509748237005E-04  1.99456084492642E+00
 cg2d: Sum(rhs),rhsMax =  -5.50543516169455E-04  1.99443850501768E+00
 cg2d: Sum(rhs),rhsMax =  -5.50577498188431E-04  1.99431540966052E+00
 cg2d: Sum(rhs),rhsMax =  -5.50611691025438E-04  1.99419156042021E+00
 cg2d: Sum(rhs),rhsMax =  -5.50646096698415E-04  1.99406695857573E+00
 cg2d: Sum(rhs),rhsMax =  -5.50680714994201E-04  1.99394160512474E+00
 cg2d: Sum(rhs),rhsMax =  -5.50715543624847E-04  1.99381550079789E+00
 cg2d: Sum(rhs),rhsMax =  -5.50750584622506E-04  1.99368864608274E+00
 cg2d: Sum(rhs),rhsMax =  -5.50785837589274E-04  1.99356104126175E+00
 cg2d: Sum(rhs),rhsMax =  -5.50821302070403E-04  1.99343268646777E+00
 cg2d: Sum(rhs),rhsMax =  -5.50856978165370E-04  1.99330358175791E+00
 cg2d: Sum(rhs),rhsMax =  -5.50892866129971E-04  1.99317372720252E+00
 cg2d: Sum(rhs),rhsMax =  -5.50928965836306E-04  1.99304312298127E+00
 cg2d: Sum(rhs),rhsMax =  -5.50965278989679E-04  1.99291176947468E+00
 cg2d: Sum(rhs),rhsMax =  -5.51001801753159E-04  1.99277966733585E+00
 cg2d: Sum(rhs),rhsMax =  -5.51038536940496E-04  1.99264681752743E+00
 cg2d: Sum(rhs),rhsMax =  -5.51075483699037E-04  1.99251322131039E+00
 cg2d: Sum(rhs),rhsMax =  -5.51112641531404E-04  1.99237888017618E+00
 cg2d: Sum(rhs),rhsMax =  -5.51150009883372E-04  1.99224379572183E+00
 cg2d: Sum(rhs),rhsMax =  -5.51187588484936E-04  1.99210796947585E+00
 cg2d: Sum(rhs),rhsMax =  -5.51225376582920E-04  1.99197140269262E+00
 cg2d: Sum(rhs),rhsMax =  -5.51263375328404E-04  1.99183409614052E+00
 cg2d: Sum(rhs),rhsMax =  -5.51301584309272E-04  1.99169604991420E+00
 cg2d: Sum(rhs),rhsMax =  -5.51340003156042E-04  1.99155726330194E+00
 cg2d: Sum(rhs),rhsMax =  -5.51378632678734E-04  1.99141773473489E+00
 cg2d: Sum(rhs),rhsMax =  -5.51417473403149E-04  1.99127746183725E+00
 cg2d: Sum(rhs),rhsMax =  -5.51456527091432E-04  1.99113644158299E+00
 cg2d: Sum(rhs),rhsMax =  -5.51495794226753E-04  1.99099467055101E+00
 cg2d: Sum(rhs),rhsMax =  -5.51535276031245E-04  1.99085214525671E+00
 cg2d: Sum(rhs),rhsMax =  -5.51574973158608E-04  1.99070886252521E+00
 cg2d: Sum(rhs),rhsMax =  -5.51614886802554E-04  1.99056481986441E+00
 cg2d: Sum(rhs),rhsMax =  -5.51655017176245E-04  1.99042001579318E+00
 cg2d: Sum(rhs),rhsMax =  -5.51695364308102E-04  1.99027445008458E+00
 cg2d: Sum(rhs),rhsMax =  -5.51735928169705E-04  1.99012812389197E+00
 cg2d: Sum(rhs),rhsMax =  -5.51776707851559E-04  1.98998103974066E+00
 cg2d: Sum(rhs),rhsMax =  -5.51817703552615E-04  1.98983320138295E+00
 cg2d: Sum(rhs),rhsMax =  -5.51858912871239E-04  1.98968461353113E+00
 cg2d: Sum(rhs),rhsMax =  -5.51900334869515E-04  1.98953528149623E+00
 cg2d: Sum(rhs),rhsMax =  -5.51941967302128E-04  1.98938521077171E+00
 cg2d: Sum(rhs),rhsMax =  -5.51983810098022E-04  1.98923440660563E+00
 cg2d: Sum(rhs),rhsMax =  -5.52025861722427E-04  1.98908287360514E+00
 cg2d: Sum(rhs),rhsMax =  -5.52068120668991E-04  1.98893061541155E+00
 cg2d: Sum(rhs),rhsMax =  -5.52110587335619E-04  1.98877763447471E+00
 cg2d: Sum(rhs),rhsMax =  -5.52153260628074E-04  1.98862393194340E+00
 cg2d: Sum(rhs),rhsMax =  -5.52196140375827E-04  1.98846950767487E+00
 cg2d: Sum(rhs),rhsMax =  -5.52239228099438E-04  1.98831436035455E+00
 cg2d: Sum(rhs),rhsMax =  -5.52282523827330E-04  1.98815848770584E+00
 cg2d: Sum(rhs),rhsMax =  -5.52326028625316E-04  1.98800188676391E+00
 cg2d: Sum(rhs),rhsMax =  -5.52369743942904E-04  1.98784455418154E+00
 cg2d: Sum(rhs),rhsMax =  -5.52413670249052E-04  1.98768648653771E+00
 cg2d: Sum(rhs),rhsMax =  -5.52457808709050E-04  1.98752768062053E+00
 cg2d: Sum(rhs),rhsMax =  -5.52502160346080E-04  1.98736813366300E+00
 cg2d: Sum(rhs),rhsMax =  -5.52546725870684E-04  1.98720784351745E+00
 cg2d: Sum(rhs),rhsMax =  -5.52591505410760E-04  1.98704680876103E+00
 cg2d: Sum(rhs),rhsMax =  -5.52636499222103E-04  1.98688502873393E+00
 cg2d: Sum(rhs),rhsMax =  -5.52681708626324E-04  1.98672250351650E+00
 cg2d: Sum(rhs),rhsMax =  -5.52727131974962E-04  1.98655923385743E+00
 cg2d: Sum(rhs),rhsMax =  -5.52772769808030E-04  1.98639522106734E+00
 cg2d: Sum(rhs),rhsMax =  -5.52818621343931E-04  1.98623046689383E+00
 cg2d: Sum(rhs),rhsMax =  -5.52864685133159E-04  1.98606497339225E+00
 cg2d: Sum(rhs),rhsMax =  -5.52910963278919E-04  1.98589874280479E+00
 cg2d: Sum(rhs),rhsMax =  -5.52957453749059E-04  1.98573177745812E+00
 cg2d: Sum(rhs),rhsMax =  -5.53004155605663E-04  1.98556407968554E+00
 cg2d: Sum(rhs),rhsMax =  -5.53051069033472E-04  1.98539565177675E+00
 cg2d: Sum(rhs),rhsMax =  -5.53098192625612E-04  1.98522649595420E+00
 cg2d: Sum(rhs),rhsMax =  -5.53145527135257E-04  1.98505661437311E+00
 cg2d: Sum(rhs),rhsMax =  -5.53193070757629E-04  1.98488600913932E+00
 cg2d: Sum(rhs),rhsMax =  -5.53240824771706E-04  1.98471468233914E+00
 cg2d: Sum(rhs),rhsMax =  -5.53288786264261E-04  1.98454263607409E+00
 cg2d: Sum(rhs),rhsMax =  -5.53336957040074E-04  1.98436987249419E+00
 cg2d: Sum(rhs),rhsMax =  -5.53385335621215E-04  1.98419639382510E+00
 cg2d: Sum(rhs),rhsMax =  -5.53433921339774E-04  1.98402220238346E+00
 cg2d: Sum(rhs),rhsMax =  -5.53482713129938E-04  1.98384730058002E+00
 cg2d: Sum(rhs),rhsMax =  -5.53531712583322E-04  1.98367169090848E+00
 cg2d: Sum(rhs),rhsMax =  -5.53580916246688E-04  1.98349537592105E+00
 cg2d: Sum(rhs),rhsMax =  -5.53630324972687E-04  1.98331835819303E+00
 cg2d: Sum(rhs),rhsMax =  -5.53679938107621E-04  1.98314064027943E+00
 cg2d: Sum(rhs),rhsMax =  -5.53729755282006E-04  1.98296222466702E+00
 cg2d: Sum(rhs),rhsMax =  -5.53779775430030E-04  1.98278311372594E+00
 cg2d: Sum(rhs),rhsMax =  -5.53829998025890E-04  1.98260330966458E+00
 cg2d: Sum(rhs),rhsMax =  -5.53880423240116E-04  1.98242281449073E+00
 cg2d: Sum(rhs),rhsMax =  -5.53931049410039E-04  1.98224162998198E+00
 cg2d: Sum(rhs),rhsMax =  -5.53981878312015E-04  1.98205975766677E+00
 cg2d: Sum(rhs),rhsMax =  -5.54032907629676E-04  1.98187719881746E+00
 cg2d: Sum(rhs),rhsMax =  -5.54084138315147E-04  1.98169395445472E+00
 cg2d: Sum(rhs),rhsMax =  -5.54135570268954E-04  1.98151002536253E+00
 cg2d: Sum(rhs),rhsMax =  -5.54187202652656E-04  1.98132541211253E+00
 cg2d: Sum(rhs),rhsMax =  -5.54239036077320E-04  1.98114011509546E+00
 cg2d: Sum(rhs),rhsMax =  -5.54291070500312E-04  1.98095413455744E+00
 cg2d: Sum(rhs),rhsMax =  -5.54343305850580E-04  1.98076747063882E+00
 cg2d: Sum(rhs),rhsMax =  -5.54395742284441E-04  1.98058012341292E+00
 cg2d: Sum(rhs),rhsMax =  -5.54448380142958E-04  1.98039209292285E+00
 cg2d: Sum(rhs),rhsMax =  -5.54501218786640E-04  1.98020337921458E+00
 cg2d: Sum(rhs),rhsMax =  -5.54554259764473E-04  1.98001398236499E+00
 cg2d: Sum(rhs),rhsMax =  -5.54607501442206E-04  1.97982390250402E+00
 cg2d: Sum(rhs),rhsMax =  -5.54660944544594E-04  1.97963313983085E+00
 cg2d: Sum(rhs),rhsMax =  -5.54714589952710E-04  1.97944169462346E+00
 cg2d: Sum(rhs),rhsMax =  -5.54768436487052E-04  1.97924956724349E+00
 cg2d: Sum(rhs),rhsMax =  -5.54822484374995E-04  1.97905675813482E+00
 cg2d: Sum(rhs),rhsMax =  -5.54876734014442E-04  1.97886326781946E+00
 cg2d: Sum(rhs),rhsMax =  -5.54931185519081E-04  1.97866909688929E+00
 cg2d: Sum(rhs),rhsMax =  -5.54985837666777E-04  1.97847424599610E+00
 cg2d: Sum(rhs),rhsMax =  -5.55040692134412E-04  1.97827871584058E+00
 cg2d: Sum(rhs),rhsMax =  -5.55095747159839E-04  1.97808250716041E+00
 cg2d: Sum(rhs),rhsMax =  -5.55151003524657E-04  1.97788562071904E+00
 cg2d: Sum(rhs),rhsMax =  -5.55206460845170E-04  1.97768805729494E+00
 cg2d: Sum(rhs),rhsMax =  -5.55262119419808E-04  1.97748981767192E+00
 cg2d: Sum(rhs),rhsMax =  -5.55317978623293E-04  1.97729090263083E+00
 cg2d: Sum(rhs),rhsMax =  -5.55374038611944E-04  1.97709131294254E+00
 cg2d: Sum(rhs),rhsMax =  -5.55430299328918E-04  1.97689104936260E+00
 cg2d: Sum(rhs),rhsMax =  -5.55486760688950E-04  1.97669011262708E+00
 cg2d: Sum(rhs),rhsMax =  -5.55543422152027E-04  1.97648850345032E+00
 cg2d: Sum(rhs),rhsMax =  -5.55600284130264E-04  1.97628622252388E+00
 cg2d: Sum(rhs),rhsMax =  -5.55657346922089E-04  1.97608327051757E+00
 cg2d: Sum(rhs),rhsMax =  -5.55714609490110E-04  1.97587964808179E+00
 cg2d: Sum(rhs),rhsMax =  -5.55772072459604E-04  1.97567535585212E+00
 cg2d: Sum(rhs),rhsMax =  -5.55829735546354E-04  1.97547039445586E+00
 cg2d: Sum(rhs),rhsMax =  -5.55887598878257E-04  1.97526476452054E+00
 cg2d: Sum(rhs),rhsMax =  -5.55945662128465E-04  1.97505846668476E+00
 cg2d: Sum(rhs),rhsMax =  -5.56003925595405E-04  1.97485150161114E+00
 cg2d: Sum(rhs),rhsMax =  -5.56062388326950E-04  1.97464387000125E+00
 cg2d: Sum(rhs),rhsMax =  -5.56121051289438E-04  1.97443557261226E+00
 cg2d: Sum(rhs),rhsMax =  -5.56179914099175E-04  1.97422661027488E+00
 cg2d: Sum(rhs),rhsMax =  -5.56238977026169E-04  1.97401698391222E+00
 cg2d: Sum(rhs),rhsMax =  -5.56298238819863E-04  1.97380669455867E+00
 cg2d: Sum(rhs),rhsMax =  -5.56357699579735E-04  1.97359574337821E+00
 cg2d: Sum(rhs),rhsMax =  -5.56417359504735E-04  1.97338413168120E+00
 cg2d: Sum(rhs),rhsMax =  -5.56477217955376E-04  1.97317186093896E+00
 cg2d: Sum(rhs),rhsMax =  -5.56537274903235E-04  1.97295893279509E+00
 cg2d: Sum(rhs),rhsMax =  -5.56597529069336E-04  1.97274534907300E+00
 cg2d: Sum(rhs),rhsMax =  -5.56657981846342E-04  1.97253111177867E+00
 cg2d: Sum(rhs),rhsMax =  -5.56718630846831E-04  1.97231622309848E+00
 cg2d: Sum(rhs),rhsMax =  -5.56779476724500E-04  1.97210068539165E+00
 cg2d: Sum(rhs),rhsMax =  -5.56840518271429E-04  1.97188450117677E+00
 cg2d: Sum(rhs),rhsMax =  -5.56901755302874E-04  1.97166767311364E+00
 cg2d: Sum(rhs),rhsMax =  -5.56963186085113E-04  1.97145020397964E+00
 cg2d: Sum(rhs),rhsMax =  -5.57024811286055E-04  1.97123209664189E+00
 cg2d: Sum(rhs),rhsMax =  -5.57086629854098E-04  1.97101335402596E+00
 cg2d: Sum(rhs),rhsMax =  -5.57148641235017E-04  1.97079397908201E+00
 cg2d: Sum(rhs),rhsMax =  -5.57210844135625E-04  1.97057397474969E+00
 cg2d: Sum(rhs),rhsMax =  -5.57273237845379E-04  1.97035334392271E+00
 cg2d: Sum(rhs),rhsMax =  -5.57335822236382E-04  1.97013208941484E+00
 cg2d: Sum(rhs),rhsMax =  -5.57398596086500E-04  1.96991021392797E+00
 cg2d: Sum(rhs),rhsMax =  -5.57461559353101E-04  1.96968772002378E+00
 cg2d: Sum(rhs),rhsMax =  -5.57524710870894E-04  1.96946461009982E+00
 cg2d: Sum(rhs),rhsMax =  -5.57588051222524E-04  1.96924088637076E+00
 cg2d: Sum(rhs),rhsMax =  -5.57651578162677E-04  1.96901655085563E+00
 cg2d: Sum(rhs),rhsMax =  -5.57715292714533E-04  1.96879160537055E+00
 cg2d: Sum(rhs),rhsMax =  -5.57779194906516E-04  1.96856605152825E+00
 cg2d: Sum(rhs),rhsMax =  -5.57843283502280E-04  1.96833989074301E+00
 cg2d: Sum(rhs),rhsMax =  -5.57907558501824E-04  1.96811312424119E+00
 cg2d: Sum(rhs),rhsMax =  -5.57972019478825E-04  1.96788575307652E+00
 cg2d: Sum(rhs),rhsMax =  -5.58036666831185E-04  1.96765777814945E+00
 cg2d: Sum(rhs),rhsMax =  -5.58101499649410E-04  1.96742920022937E+00
 cg2d: Sum(rhs),rhsMax =  -5.58166518601411E-04  1.96720001997872E+00
 cg2d: Sum(rhs),rhsMax =  -5.58231724525626E-04  1.96697023797779E+00
 cg2d: Sum(rhs),rhsMax =  -5.58297114992001E-04  1.96673985474964E+00
 cg2d: Sum(rhs),rhsMax =  -5.58362692132164E-04  1.96650887078376E+00
 cg2d: Sum(rhs),rhsMax =  -5.58428455249782E-04  1.96627728655810E+00
 cg2d: Sum(rhs),rhsMax =  -5.58494403250620E-04  1.96604510255842E+00
 cg2d: Sum(rhs),rhsMax =  -5.58560538465258E-04  1.96581231929489E+00
 cg2d: Sum(rhs),rhsMax =  -5.58626859373135E-04  1.96557893731510E+00
 cg2d: Sum(rhs),rhsMax =  -5.58693365050544E-04  1.96534495721379E+00
 cg2d: Sum(rhs),rhsMax =  -5.58760056051710E-04  1.96511037963917E+00
 cg2d: Sum(rhs),rhsMax =  -5.58826934778267E-04  1.96487520529622E+00
 cg2d: Sum(rhs),rhsMax =  -5.58893997720133E-04  1.96463943494714E+00
 cg2d: Sum(rhs),rhsMax =  -5.58961245957335E-04  1.96440306940955E+00
 cg2d: Sum(rhs),rhsMax =  -5.59028679930407E-04  1.96416610955309E+00
 cg2d: Sum(rhs),rhsMax =  -5.59096298943018E-04  1.96392855629471E+00
 cg2d: Sum(rhs),rhsMax =  -5.59164102995169E-04  1.96369041059339E+00
 cg2d: Sum(rhs),rhsMax =  -5.59232092413708E-04  1.96345167344478E+00
 cg2d: Sum(rhs),rhsMax =  -5.59300265905449E-04  1.96321234587634E+00
 cg2d: Sum(rhs),rhsMax =  -5.59368624649892E-04  1.96297242894296E+00
 cg2d: Sum(rhs),rhsMax =  -5.59437167240162E-04  1.96273192372380E+00
 cg2d: Sum(rhs),rhsMax =  -5.59505894287327E-04  1.96249083132052E+00
 cg2d: Sum(rhs),rhsMax =  -5.59574805564012E-04  1.96224915285641E+00
 cg2d: Sum(rhs),rhsMax =  -5.59643900118090E-04  1.96200688947698E+00
 cg2d: Sum(rhs),rhsMax =  -5.59713178233778E-04  1.96176404235187E+00
 cg2d: Sum(rhs),rhsMax =  -5.59782640294770E-04  1.96152061267734E+00
 cg2d: Sum(rhs),rhsMax =  -5.59852285206830E-04  1.96127660167986E+00
 cg2d: Sum(rhs),rhsMax =  -5.59922112913114E-04  1.96103201062009E+00
 cg2d: Sum(rhs),rhsMax =  -5.59992123740471E-04  1.96078684079697E+00
 cg2d: Sum(rhs),rhsMax =  -5.60062316708354E-04  1.96054109355185E+00
 cg2d: Sum(rhs),rhsMax =  -5.60132692143611E-04  1.96029477027233E+00
 cg2d: Sum(rhs),rhsMax =  -5.60203249150959E-04  1.96004787239566E+00
 cg2d: Sum(rhs),rhsMax =  -5.60273988583049E-04  1.95980040141149E+00
 cg2d: Sum(rhs),rhsMax =  -5.60344908464572E-04  1.95955235886379E+00
 cg2d: Sum(rhs),rhsMax =  -5.60416009889764E-04  1.95930374635228E+00
 cg2d: Sum(rhs),rhsMax =  -5.60487291721756E-04  1.95905456553282E+00
 cg2d: Sum(rhs),rhsMax =  -5.60558753392115E-04  1.95880481811728E+00
 cg2d: Sum(rhs),rhsMax =  -5.60630396051920E-04  1.95855450587275E+00
 cg2d: Sum(rhs),rhsMax =  -5.60702217669018E-04  1.95830363062027E+00
 cg2d: Sum(rhs),rhsMax =  -5.60774217802873E-04  1.95805219423315E+00
 cg2d: Sum(rhs),rhsMax =  -5.60846396965076E-04  1.95780019863494E+00
 cg2d: Sum(rhs),rhsMax =  -5.60918754729300E-04  1.95754764579742E+00
 cg2d: Sum(rhs),rhsMax =  -5.60991289731305E-04  1.95729453773838E+00
 cg2d: Sum(rhs),rhsMax =  -5.61064002482681E-04  1.95704087651927E+00
 cg2d: Sum(rhs),rhsMax =  -5.61136892272884E-04  1.95678666424303E+00
 cg2d: Sum(rhs),rhsMax =  -5.61209958405584E-04  1.95653190305174E+00
 cg2d: Sum(rhs),rhsMax =  -5.61283199530749E-04  1.95627659512416E+00
 cg2d: Sum(rhs),rhsMax =  -5.61356617168940E-04  1.95602074267316E+00
 cg2d: Sum(rhs),rhsMax =  -5.61430209359060E-04  1.95576434794274E+00
 cg2d: Sum(rhs),rhsMax =  -5.61503975831101E-04  1.95550741320465E+00
 cg2d: Sum(rhs),rhsMax =  -5.61577916172951E-04  1.95524994075526E+00
 cg2d: Sum(rhs),rhsMax =  -5.61652029489323E-04  1.95499193291193E+00
 cg2d: Sum(rhs),rhsMax =  -5.61726316377076E-04  1.95473339200816E+00
 cg2d: Sum(rhs),rhsMax =  -5.61800774931953E-04  1.95447432038773E+00
 cg2d: Sum(rhs),rhsMax =  -5.61875405054479E-04  1.95421472039835E+00
 cg2d: Sum(rhs),rhsMax =  -5.61950206545703E-04  1.95395459438483E+00
 cg2d: Sum(rhs),rhsMax =  -5.62025178211911E-04  1.95369394468224E+00
 cg2d: Sum(rhs),rhsMax =  -5.62100320181003E-04  1.95343277360816E+00
 cg2d: Sum(rhs),rhsMax =  -5.62175632012440E-04  1.95317108345512E+00
 cg2d: Sum(rhs),rhsMax =  -5.62251111702494E-04  1.95290887648261E+00
 cg2d: Sum(rhs),rhsMax =  -5.62326760984888E-04  1.95264615490905E+00
 cg2d: Sum(rhs),rhsMax =  -5.62402578040633E-04  1.95238292090458E+00
 cg2d: Sum(rhs),rhsMax =  -5.62478562329716E-04  1.95211917658399E+00
 cg2d: Sum(rhs),rhsMax =  -5.62554713468444E-04  1.95185492400068E+00
 cg2d: Sum(rhs),rhsMax =  -5.62631031783667E-04  1.95159016514160E+00
 cg2d: Sum(rhs),rhsMax =  -5.62707514660588E-04  1.95132490192328E+00
 cg2d: Sum(rhs),rhsMax =  -5.62784165538233E-04  1.95105913618932E+00
 cg2d: Sum(rhs),rhsMax =  -5.62860980551250E-04  1.95079286970913E+00
 cg2d: Sum(rhs),rhsMax =  -5.62937960452814E-04  1.95052610417814E+00
 cg2d: Sum(rhs),rhsMax =  -5.63015105228715E-04  1.95025884121955E+00
 cg2d: Sum(rhs),rhsMax =  -5.63092414395783E-04  1.94999108238732E+00
 cg2d: Sum(rhs),rhsMax =  -5.63169887712434E-04  1.94972282917045E+00
 cg2d: Sum(rhs),rhsMax =  -5.63247525036559E-04  1.94945408299843E+00
 cg2d: Sum(rhs),rhsMax =  -5.63325325842357E-04  1.94918484524754E+00
 cg2d: Sum(rhs),rhsMax =  -5.63403289248754E-04  1.94891511724781E+00
 cg2d: Sum(rhs),rhsMax =  -5.63481416236300E-04  1.94864490029062E+00
 cg2d: Sum(rhs),rhsMax =  -5.63559705440753E-04  1.94837419563629E+00
 cg2d: Sum(rhs),rhsMax =  -5.63638156961588E-04  1.94810300452181E+00
 cg2d: Sum(rhs),rhsMax =  -5.63716771864620E-04  1.94783132816819E+00
 cg2d: Sum(rhs),rhsMax =  -5.63795547549262E-04  1.94755916778746E+00
 cg2d: Sum(rhs),rhsMax =  -5.63874486047666E-04  1.94728652458898E+00
 cg2d: Sum(rhs),rhsMax =  -5.63953585071886E-04  1.94701339978483E+00
 cg2d: Sum(rhs),rhsMax =  -5.64032846142482E-04  1.94673979459449E+00
 cg2d: Sum(rhs),rhsMax =  -5.64112268619965E-04  1.94646571024840E+00
 cg2d: Sum(rhs),rhsMax =  -5.64191851822216E-04  1.94619114799059E+00
 cg2d: Sum(rhs),rhsMax =  -5.64271596061872E-04  1.94591610908031E+00
 cg2d: Sum(rhs),rhsMax =  -5.64351499605209E-04  1.94564059479274E+00
 cg2d: Sum(rhs),rhsMax =  -5.64431563802259E-04  1.94536460641886E+00
 cg2d: Sum(rhs),rhsMax =  -5.64511788624600E-04  1.94508814526472E+00
 cg2d: Sum(rhs),rhsMax =  -5.64592172779044E-04  1.94481121264993E+00
 cg2d: Sum(rhs),rhsMax =  -5.64672715938741E-04  1.94453380990606E+00
 cg2d: Sum(rhs),rhsMax =  -5.64753418586861E-04  1.94425593837455E+00
 cg2d: Sum(rhs),rhsMax =  -5.64834280169180E-04  1.94397759940471E+00
 cg2d: Sum(rhs),rhsMax =  -5.64915300003577E-04  1.94369879435192E+00
 cg2d: Sum(rhs),rhsMax =  -5.64996478544799E-04  1.94341952457583E+00
 cg2d: Sum(rhs),rhsMax =  -5.65077815110726E-04  1.94313979143931E+00
 cg2d: Sum(rhs),rhsMax =  -5.65159309374508E-04  1.94285959630771E+00
 cg2d: Sum(rhs),rhsMax =  -5.65240961336144E-04  1.94257894054882E+00
 cg2d: Sum(rhs),rhsMax =  -5.65322769872978E-04  1.94229782553355E+00
 cg2d: Sum(rhs),rhsMax =  -5.65404736164510E-04  1.94201625263724E+00
 cg2d: Sum(rhs),rhsMax =  -5.65486859187558E-04  1.94173422324173E+00
 cg2d: Sum(rhs),rhsMax =  -5.65569138302635E-04  1.94145173873820E+00
 cg2d: Sum(rhs),rhsMax =  -5.65651574405024E-04  1.94116880053058E+00
 cg2d: Sum(rhs),rhsMax =  -5.65734164894138E-04  1.94088541003941E+00
 cg2d: Sum(rhs),rhsMax =  -5.65816912143191E-04  1.94060156870644E+00
 cg2d: Sum(rhs),rhsMax =  -5.65899814247928E-04  1.94031727799941E+00
 cg2d: Sum(rhs),rhsMax =  -5.65982871407300E-04  1.94003253941698E+00
 cg2d: Sum(rhs),rhsMax =  -5.66066083536043E-04  1.93974735449399E+00
 cg2d: Sum(rhs),rhsMax =  -5.66149449383602E-04  1.93946172480643E+00
 cg2d: Sum(rhs),rhsMax =  -5.66232969234193E-04  1.93917565197637E+00
 cg2d: Sum(rhs),rhsMax =  -5.66316643244136E-04  1.93888913767657E+00
 cg2d: Sum(rhs),rhsMax =  -5.66400469466544E-04  1.93860218363452E+00
 cg2d: Sum(rhs),rhsMax =  -5.66484449578297E-04  1.93831479163605E+00
 cg2d: Sum(rhs),rhsMax =  -5.66568581305660E-04  1.93802696352829E+00
 cg2d: Sum(rhs),rhsMax =  -5.66652865799711E-04  1.93773870122182E+00
 cg2d: Sum(rhs),rhsMax =  -5.66737301113562E-04  1.93745000669197E+00
 cg2d: Sum(rhs),rhsMax =  -5.66821887190372E-04  1.93716088197952E+00
 cg2d: Sum(rhs),rhsMax =  -5.66906624470676E-04  1.93687132919031E+00
 cg2d: Sum(rhs),rhsMax =  -5.66991511590231E-04  1.93658135049406E+00
 cg2d: Sum(rhs),rhsMax =  -5.67076548065870E-04  1.93629094812237E+00
 cg2d: Sum(rhs),rhsMax =  -5.67161734423394E-04  1.93600012436595E+00
 cg2d: Sum(rhs),rhsMax =  -5.67247067863264E-04  1.93570888157097E+00
 cg2d: Sum(rhs),rhsMax =  -5.67332550090782E-04  1.93541722213491E+00
 cg2d: Sum(rhs),rhsMax =  -5.67418178818002E-04  1.93512514850164E+00
 cg2d: Sum(rhs),rhsMax =  -5.67503954329140E-04  1.93483266315608E+00
 cg2d: Sum(rhs),rhsMax =  -5.67589876098396E-04  1.93453976861842E+00
 cg2d: Sum(rhs),rhsMax =  -5.67675943301538E-04  1.93424646743805E+00
 cg2d: Sum(rhs),rhsMax =  -5.67762154645379E-04  1.93395276218721E+00
 cg2d: Sum(rhs),rhsMax =  -5.67848510627300E-04  1.93365865545455E+00
 cg2d: Sum(rhs),rhsMax =  -5.67935010479914E-04  1.93336414983877E+00
 cg2d: Sum(rhs),rhsMax =  -5.68021652611606E-04  1.93306924794225E+00
 cg2d: Sum(rhs),rhsMax =  -5.68108436169723E-04  1.93277395236474E+00
 cg2d: Sum(rhs),rhsMax =  -5.68195361736912E-04  1.93247826569743E+00
 cg2d: Sum(rhs),rhsMax =  -5.68282428375255E-04  1.93218219051739E+00
 cg2d: Sum(rhs),rhsMax =  -5.68369635104204E-04  1.93188572938195E+00
 cg2d: Sum(rhs),rhsMax =  -5.68456981980603E-04  1.93158888482398E+00
 cg2d: Sum(rhs),rhsMax =  -5.68544467469678E-04  1.93129165934728E+00
 cg2d: Sum(rhs),rhsMax =  -5.68632090690357E-04  1.93099405542231E+00
 cg2d: Sum(rhs),rhsMax =  -5.68719852509503E-04  1.93069607548269E+00
 cg2d: Sum(rhs),rhsMax =  -5.68807750838118E-04  1.93039772192184E+00
 cg2d: Sum(rhs),rhsMax =  -5.68895786855705E-04  1.93009899709015E+00
 cg2d: Sum(rhs),rhsMax =  -5.68983957947466E-04  1.92979990329247E+00
 cg2d: Sum(rhs),rhsMax =  -5.69072265236059E-04  1.92950044278620E+00
 cg2d: Sum(rhs),rhsMax =  -5.69160707129868E-04  1.92920061777948E+00
 cg2d: Sum(rhs),rhsMax =  -5.69249283557838E-04  1.92890043042983E+00
 cg2d: Sum(rhs),rhsMax =  -5.69337993880481E-04  1.92859988284316E+00
 cg2d: Sum(rhs),rhsMax =  -5.69426836932507E-04  1.92829897707291E+00
 cg2d: Sum(rhs),rhsMax =  -5.69515813793942E-04  1.92799771511960E+00
 cg2d: Sum(rhs),rhsMax =  -5.69604922674216E-04  1.92769609893053E+00
 cg2d: Sum(rhs),rhsMax =  -5.69694163829126E-04  1.92739413039979E+00
 cg2d: Sum(rhs),rhsMax =  -5.69783536377599E-04  1.92709181136841E+00
 cg2d: Sum(rhs),rhsMax =  -5.69847572108984E-04  1.92687525622165E+00
 cg2d: Sum(rhs),rhsMax =  -5.69810620262956E-04  1.92700021460346E+00
 cg2d: Sum(rhs),rhsMax =  -5.69773825475295E-04  1.92712465825114E+00
 cg2d: Sum(rhs),rhsMax =  -5.69737186296493E-04  1.92724858727210E+00
 cg2d: Sum(rhs),rhsMax =  -5.69700704488696E-04  1.92737200173644E+00
 cg2d: Sum(rhs),rhsMax =  -5.69664379355572E-04  1.92749490167206E+00
 cg2d: Sum(rhs),rhsMax =  -5.69628211309237E-04  1.92761728705983E+00
 cg2d: Sum(rhs),rhsMax =  -5.69592199596514E-04  1.92773915782919E+00
 cg2d: Sum(rhs),rhsMax =  -5.69556344373723E-04  1.92786051385416E+00
 cg2d: Sum(rhs),rhsMax =  -5.69520646408250E-04  1.92798135494975E+00
 cg2d: Sum(rhs),rhsMax =  -5.69485103994793E-04  1.92810168086894E+00
 cg2d: Sum(rhs),rhsMax =  -5.69449719520776E-04  1.92822149130025E+00
 cg2d: Sum(rhs),rhsMax =  -5.69414490911413E-04  1.92834078586579E+00
 cg2d: Sum(rhs),rhsMax =  -5.69379419829374E-04  1.92845956412020E+00
 cg2d: Sum(rhs),rhsMax =  -5.69344504938840E-04  1.92857782554994E+00
 cg2d: Sum(rhs),rhsMax =  -5.69309747504576E-04  1.92869556957366E+00
 cg2d: Sum(rhs),rhsMax =  -5.69275146915516E-04  1.92881279554275E+00
 cg2d: Sum(rhs),rhsMax =  -5.69240703484297E-04  1.92892950274293E+00
 cg2d: Sum(rhs),rhsMax =  -5.69206417779355E-04  1.92904569039664E+00
 cg2d: Sum(rhs),rhsMax =  -5.69172290383335E-04  1.92916135766546E+00
 cg2d: Sum(rhs),rhsMax =  -5.69138320102525E-04  1.92927650365399E+00
 cg2d: Sum(rhs),rhsMax =  -5.69104507718521E-04  1.92939112741303E+00
 cg2d: Sum(rhs),rhsMax =  -5.69070853629228E-04  1.92950522794486E+00
 cg2d: Sum(rhs),rhsMax =  -5.69037358715718E-04  1.92961880420754E+00
 cg2d: Sum(rhs),rhsMax =  -5.69004022608510E-04  1.92973185512031E+00
 cg2d: Sum(rhs),rhsMax =  -5.68970845236549E-04  1.92984437956924E+00
 cg2d: Sum(rhs),rhsMax =  -5.68937827424065E-04  1.92995637641327E+00
 cg2d: Sum(rhs),rhsMax =  -5.68904968872630E-04  1.93006784449016E+00
 cg2d: Sum(rhs),rhsMax =  -5.68872270974907E-04  1.93017878262257E+00
 cg2d: Sum(rhs),rhsMax =  -5.68839732878246E-04  1.93028918962402E+00
 cg2d: Sum(rhs),rhsMax =  -5.68807355620038E-04  1.93039906430500E+00
 cg2d: Sum(rhs),rhsMax =  -5.68775139726085E-04  1.93050840547912E+00
 cg2d: Sum(rhs),rhsMax =  -5.68743083917411E-04  1.93061721196904E+00
 cg2d: Sum(rhs),rhsMax =  -5.68711189998794E-04  1.93072548261239E+00
 cg2d: Sum(rhs),rhsMax =  -5.68679458282872E-04  1.93083321626712E+00
 cg2d: Sum(rhs),rhsMax =  -5.68647887718043E-04  1.93094041181697E+00
 cg2d: Sum(rhs),rhsMax =  -5.68616480762785E-04  1.93104706817627E+00
 cg2d: Sum(rhs),rhsMax =  -5.68585235143360E-04  1.93115318429464E+00
 cg2d: Sum(rhs),rhsMax =  -5.68554152394540E-04  1.93125875916123E+00
 cg2d: Sum(rhs),rhsMax =  -5.68523233454243E-04  1.93136379180536E+00
 cg2d: Sum(rhs),rhsMax =  -5.68492476986648E-04  1.93146828130300E+00
 cg2d: Sum(rhs),rhsMax =  -5.68461884299154E-04  1.93157222678540E+00
 cg2d: Sum(rhs),rhsMax =  -5.68431454794904E-04  1.93167562744111E+00
 cg2d: Sum(rhs),rhsMax =  -5.68401189255496E-04  1.93177848251330E+00
 cg2d: Sum(rhs),rhsMax =  -5.68371088348840E-04  1.93188079129880E+00
 cg2d: Sum(rhs),rhsMax =  -5.68341150838592E-04  1.93198255315055E+00
 cg2d: Sum(rhs),rhsMax =  -5.68311377620034E-04  1.93208376748110E+00
 cg2d: Sum(rhs),rhsMax =  -5.68281769247392E-04  1.93218443376493E+00
 cg2d: Sum(rhs),rhsMax =  -5.68252324370633E-04  1.93228455153970E+00
 cg2d: Sum(rhs),rhsMax =  -5.68223044723482E-04  1.93238412040639E+00
 cg2d: Sum(rhs),rhsMax =  -5.68193928600635E-04  1.93248314002913E+00
 cg2d: Sum(rhs),rhsMax =  -5.68164977352126E-04  1.93258161013492E+00
 cg2d: Sum(rhs),rhsMax =  -5.68136191319013E-04  1.93267953051290E+00
 cg2d: Sum(rhs),rhsMax =  -5.68107569549170E-04  1.93277690101372E+00
 cg2d: Sum(rhs),rhsMax =  -5.68079112412079E-04  1.93287372154862E+00
 cg2d: Sum(rhs),rhsMax =  -5.68050819637733E-04  1.93296999208832E+00
 cg2d: Sum(rhs),rhsMax =  -5.68022690217163E-04  1.93306571266164E+00
 cg2d: Sum(rhs),rhsMax =  -5.67994726722532E-04  1.93316088335397E+00
 cg2d: Sum(rhs),rhsMax =  -5.67966926794838E-04  1.93325550430548E+00
 cg2d: Sum(rhs),rhsMax =  -5.67939290661457E-04  1.93334957570912E+00
 cg2d: Sum(rhs),rhsMax =  -5.67911819629785E-04  1.93344309780836E+00
 cg2d: Sum(rhs),rhsMax =  -5.67884511340822E-04  1.93353607089477E+00
 cg2d: Sum(rhs),rhsMax =  -5.67857367840929E-04  1.93362849530539E+00
 cg2d: Sum(rhs),rhsMax =  -5.67830387311119E-04  1.93372037141976E+00
 cg2d: Sum(rhs),rhsMax =  -5.67803570220349E-04  1.93381169965708E+00
 cg2d: Sum(rhs),rhsMax =  -5.67776916369667E-04  1.93390248047265E+00
 cg2d: Sum(rhs),rhsMax =  -5.67750425915392E-04  1.93399271435466E+00
 cg2d: Sum(rhs),rhsMax =  -5.67724098118561E-04  1.93408240182036E+00
 cg2d: Sum(rhs),rhsMax =  -5.67697933433919E-04  1.93417154341264E+00
 cg2d: Sum(rhs),rhsMax =  -5.67671930511437E-04  1.93426013969569E+00
 cg2d: Sum(rhs),rhsMax =  -5.67646090473772E-04  1.93434819125113E+00
 cg2d: Sum(rhs),rhsMax =  -5.67620411572989E-04  1.93443569867371E+00
 cg2d: Sum(rhs),rhsMax =  -5.67594894647527E-04  1.93452266256725E+00
 cg2d: Sum(rhs),rhsMax =  -5.67569539711599E-04  1.93460908353993E+00
 cg2d: Sum(rhs),rhsMax =  -5.67544346111504E-04  1.93469496219991E+00
 cg2d: Sum(rhs),rhsMax =  -5.67519313847242E-04  1.93478029915118E+00
 cg2d: Sum(rhs),rhsMax =  -5.67494442009320E-04  1.93486509498886E+00
 cg2d: Sum(rhs),rhsMax =  -5.67469730981429E-04  1.93494935029489E+00
 cg2d: Sum(rhs),rhsMax =  -5.67445180067239E-04  1.93503306563366E+00
 cg2d: Sum(rhs),rhsMax =  -5.67420790403617E-04  1.93511624154797E+00
 cg2d: Sum(rhs),rhsMax =  -5.67396560398947E-04  1.93519887855492E+00
 cg2d: Sum(rhs),rhsMax =  -5.67372490507978E-04  1.93528097714203E+00
 cg2d: Sum(rhs),rhsMax =  -5.67348580219118E-04  1.93536253776372E+00
 cg2d: Sum(rhs),rhsMax =  -5.67324828949722E-04  1.93544356083783E+00
 cg2d: Sum(rhs),rhsMax =  -5.67301238120876E-04  1.93552404663688E+00
 cg2d: Sum(rhs),rhsMax =  -5.67277805387789E-04  1.93560399562925E+00
 cg2d: Sum(rhs),rhsMax =  -5.67254532811035E-04  1.93568340817496E+00
 cg2d: Sum(rhs),rhsMax =  -5.67231419267955E-04  1.93576228453624E+00
 cg2d: Sum(rhs),rhsMax =  -5.67208463934321E-04  1.93584062492386E+00
 cg2d: Sum(rhs),rhsMax =  -5.67185668060688E-04  1.93591842951159E+00
 cg2d: Sum(rhs),rhsMax =  -5.67163030495976E-04  1.93599569843343E+00
 cg2d: Sum(rhs),rhsMax =  -5.67140552163892E-04  1.93607243177782E+00
 cg2d: Sum(rhs),rhsMax =  -5.67118231771246E-04  1.93614862958451E+00
 cg2d: Sum(rhs),rhsMax =  -5.67096070966500E-04  1.93622429184383E+00
 cg2d: Sum(rhs),rhsMax =  -5.67074068101192E-04  1.93629941849689E+00
 cg2d: Sum(rhs),rhsMax =  -5.67052223274800E-04  1.93637400943604E+00
 cg2d: Sum(rhs),rhsMax =  -5.67030538064728E-04  1.93644806450570E+00
 cg2d: Sum(rhs),rhsMax =  -5.67009013295205E-04  1.93652157501820E+00
 cg2d: Sum(rhs),rhsMax =  -5.66987646479333E-04  1.93659455360963E+00
 cg2d: Sum(rhs),rhsMax =  -5.66966436394978E-04  1.93666700126729E+00
 cg2d: Sum(rhs),rhsMax =  -5.66945383582151E-04  1.93673891563259E+00
 cg2d: Sum(rhs),rhsMax =  -5.66924489305620E-04  1.93681029549053E+00
 cg2d: Sum(rhs),rhsMax =  -5.66903752925896E-04  1.93688114088487E+00
 cg2d: Sum(rhs),rhsMax =  -5.66883174812460E-04  1.93695145235774E+00
 cg2d: Sum(rhs),rhsMax =  -5.66862753018427E-04  1.93702123042858E+00
 cg2d: Sum(rhs),rhsMax =  -5.66842489263308E-04  1.93709047546469E+00
 cg2d: Sum(rhs),rhsMax =  -5.66822383319732E-04  1.93715918771694E+00
 cg2d: Sum(rhs),rhsMax =  -5.66802434533997E-04  1.93722736735851E+00
 cg2d: Sum(rhs),rhsMax =  -5.66782642366093E-04  1.93729501449840E+00
 cg2d: Sum(rhs),rhsMax =  -5.66763007938675E-04  1.93736212918435E+00
 cg2d: Sum(rhs),rhsMax =  -5.66743530370672E-04  1.93742871140387E+00
 cg2d: Sum(rhs),rhsMax =  -5.66724210230518E-04  1.93749476108571E+00
 cg2d: Sum(rhs),rhsMax =  -5.66705046196603E-04  1.93756027810169E+00
 cg2d: Sum(rhs),rhsMax =  -5.66686040173181E-04  1.93762526226900E+00
 cg2d: Sum(rhs),rhsMax =  -5.66667191137071E-04  1.93768971335320E+00
 cg2d: Sum(rhs),rhsMax =  -5.66648499727762E-04  1.93775363107187E+00
 cg2d: Sum(rhs),rhsMax =  -5.66629965419452E-04  1.93781701509871E+00
 cg2d: Sum(rhs),rhsMax =  -5.66611587942134E-04  1.93787986506828E+00
 cg2d: Sum(rhs),rhsMax =  -5.66593368262147E-04  1.93794218058067E+00
 cg2d: Sum(rhs),rhsMax =  -5.66575306137906E-04  1.93800396120634E+00
 cg2d: Sum(rhs),rhsMax =  -5.66557401626255E-04  1.93806520649079E+00
 cg2d: Sum(rhs),rhsMax =  -5.66539654911935E-04  1.93812591595901E+00
 cg2d: Sum(rhs),rhsMax =  -5.66522065781783E-04  1.93818608912001E+00
 cg2d: Sum(rhs),rhsMax =  -5.66504635486353E-04  1.93824572547136E+00
 cg2d: Sum(rhs),rhsMax =  -5.66487362519297E-04  1.93830482450456E+00
 cg2d: Sum(rhs),rhsMax =  -5.66470457044943E-04  1.93836267044682E+00
 cg2d: Sum(rhs),rhsMax =  -5.66453662827371E-04  1.93842013842862E+00
 cg2d: Sum(rhs),rhsMax =  -5.66437026293443E-04  1.93847707194053E+00
 cg2d: Sum(rhs),rhsMax =  -5.66420564652503E-04  1.93853340838380E+00
 cg2d: Sum(rhs),rhsMax =  -5.66404277805077E-04  1.93858915120730E+00
 cg2d: Sum(rhs),rhsMax =  -5.66388166461707E-04  1.93864429489620E+00
 cg2d: Sum(rhs),rhsMax =  -5.66372234828805E-04  1.93869882828372E+00
 cg2d: Sum(rhs),rhsMax =  -5.66356484767994E-04  1.93875274071504E+00
 cg2d: Sum(rhs),rhsMax =  -5.66340920656216E-04  1.93880602237939E+00
 cg2d: Sum(rhs),rhsMax =  -5.66325544042456E-04  1.93885866398389E+00
 cg2d: Sum(rhs),rhsMax =  -5.66310357527300E-04  1.93891065681413E+00
 cg2d: Sum(rhs),rhsMax =  -5.66295363981340E-04  1.93896199287901E+00
 cg2d: Sum(rhs),rhsMax =  -5.66280564783028E-04  1.93901266500913E+00
 cg2d: Sum(rhs),rhsMax =  -5.66265962007151E-04  1.93906266691758E+00
 cg2d: Sum(rhs),rhsMax =  -5.66251557714281E-04  1.93911199324426E+00
 cg2d: Sum(rhs),rhsMax =  -5.66237353183396E-04  1.93916063959038E+00
 cg2d: Sum(rhs),rhsMax =  -5.66223347931327E-04  1.93920860254481E+00
 cg2d: Sum(rhs),rhsMax =  -5.66209544089702E-04  1.93925587970251E+00
 cg2d: Sum(rhs),rhsMax =  -5.66195940706393E-04  1.93930246967517E+00
 cg2d: Sum(rhs),rhsMax =  -5.66182540083560E-04  1.93934837209403E+00
 cg2d: Sum(rhs),rhsMax =  -5.66169339919043E-04  1.93939358760482E+00
 cg2d: Sum(rhs),rhsMax =  -5.66156340823909E-04  1.93943811785439E+00
 cg2d: Sum(rhs),rhsMax =  -5.66143540950748E-04  1.93948196546995E+00
 cg2d: Sum(rhs),rhsMax =  -5.66130940057974E-04  1.93952513402960E+00
 cg2d: Sum(rhs),rhsMax =  -5.66118536028171E-04  1.93956762802598E+00
 cg2d: Sum(rhs),rhsMax =  -5.66106329230820E-04  1.93960945282314E+00
 cg2d: Sum(rhs),rhsMax =  -5.66094315885834E-04  1.93965061460701E+00
 cg2d: Sum(rhs),rhsMax =  -5.66082494785292E-04  1.93969112033084E+00
 cg2d: Sum(rhs),rhsMax =  -5.66070862433321E-04  1.93973097765600E+00
 cg2d: Sum(rhs),rhsMax =  -5.66059417224096E-04  1.93977019488806E+00
 cg2d: Sum(rhs),rhsMax =  -5.66048157764953E-04  1.93980878090958E+00
 cg2d: Sum(rhs),rhsMax =  -5.66037080275805E-04  1.93984674510895E+00
 cg2d: Sum(rhs),rhsMax =  -5.66026180834456E-04  1.93988409730636E+00
 cg2d: Sum(rhs),rhsMax =  -5.66015457863500E-04  1.93992084767647E+00
 cg2d: Sum(rhs),rhsMax =  -5.66004908364448E-04  1.93995700666901E+00
 cg2d: Sum(rhs),rhsMax =  -5.65994528116676E-04  1.93999258492738E+00
 cg2d: Sum(rhs),rhsMax =  -5.65984314746970E-04  1.94002759320620E+00
 cg2d: Sum(rhs),rhsMax =  -5.65974264503666E-04  1.94006204228845E+00
 cg2d: Sum(rhs),rhsMax =  -5.65964374814598E-04  1.94009594290273E+00
 cg2d: Sum(rhs),rhsMax =  -5.65954642098632E-04  1.94012930564151E+00
 cg2d: Sum(rhs),rhsMax =  -5.65945064352036E-04  1.94016214088107E+00
 cg2d: Sum(rhs),rhsMax =  -5.65935637936832E-04  1.94019445870356E+00
 cg2d: Sum(rhs),rhsMax =  -5.65926358518709E-04  1.94022626882197E+00
 cg2d: Sum(rhs),rhsMax =  -5.65917225671342E-04  1.94025758050835E+00
 cg2d: Sum(rhs),rhsMax =  -5.65908236055179E-04  1.94028840252608E+00
 cg2d: Sum(rhs),rhsMax =  -5.65899387297009E-04  1.94031874306640E+00
 cg2d: Sum(rhs),rhsMax =  -5.65890675972014E-04  1.94034860968975E+00
 cg2d: Sum(rhs),rhsMax =  -5.65882102307569E-04  1.94037800927256E+00
 cg2d: Sum(rhs),rhsMax =  -5.65873663532557E-04  1.94040694795943E+00
 cg2d: Sum(rhs),rhsMax =  -5.65865356492168E-04  1.94043543112136E+00
 cg2d: Sum(rhs),rhsMax =  -5.65857182536433E-04  1.94046346332037E+00
 cg2d: Sum(rhs),rhsMax =  -5.65849138212116E-04  1.94049104828042E+00
 cg2d: Sum(rhs),rhsMax =  -5.65841224315022E-04  1.94051818886504E+00
 cg2d: Sum(rhs),rhsMax =  -5.65833439239327E-04  1.94054488706183E+00
 cg2d: Sum(rhs),rhsMax =  -5.65825782842921E-04  1.94057114397374E+00
 cg2d: Sum(rhs),rhsMax =  -5.65818256134776E-04  1.94059695981746E+00
 cg2d: Sum(rhs),rhsMax =  -5.65810857636961E-04  1.94062233392836E+00
 cg2d: Sum(rhs),rhsMax =  -5.65803588983727E-04  1.94064726477261E+00
 cg2d: Sum(rhs),rhsMax =  -5.65796450189282E-04  1.94067174996586E+00
 cg2d: Sum(rhs),rhsMax =  -5.65789442831033E-04  1.94069578629835E+00
 cg2d: Sum(rhs),rhsMax =  -5.65782567292672E-04  1.94071936976661E+00
 cg2d: Sum(rhs),rhsMax =  -5.65775825222659E-04  1.94074249561090E+00
 cg2d: Sum(rhs),rhsMax =  -5.65769218923151E-04  1.94076515835874E+00
 cg2d: Sum(rhs),rhsMax =  -5.65762748991006E-04  1.94078735187354E+00
 cg2d: Sum(rhs),rhsMax =  -5.65756418552610E-04  1.94080906940839E+00
 cg2d: Sum(rhs),rhsMax =  -5.65750228332718E-04  1.94083030366429E+00
 cg2d: Sum(rhs),rhsMax =  -5.65744181287187E-04  1.94085104685258E+00
 cg2d: Sum(rhs),rhsMax =  -5.65738281096628E-04  1.94087129076080E+00
 cg2d: Sum(rhs),rhsMax =  -5.65732528002627E-04  1.94089102682171E+00
 cg2d: Sum(rhs),rhsMax =  -5.65726925813692E-04  1.94091024618470E+00
 cg2d: Sum(rhs),rhsMax =  -5.65721477400416E-04  1.94092893978922E+00
 cg2d: Sum(rhs),rhsMax =  -5.65716184993903E-04  1.94094709843955E+00
 cg2d: Sum(rhs),rhsMax =  -5.65711050569462E-04  1.94096471288038E+00
 cg2d: Sum(rhs),rhsMax =  -5.65706078077710E-04  1.94098177387265E+00
 cg2d: Sum(rhs),rhsMax =  -5.65701269621854E-04  1.94099827226902E+00
 cg2d: Sum(rhs),rhsMax =  -5.65696628044066E-04  1.94101419908861E+00
 cg2d: Sum(rhs),rhsMax =  -5.65692155589659E-04  1.94102954559009E+00
 cg2d: Sum(rhs),rhsMax =  -5.65687854930275E-04  1.94104430334311E+00
 cg2d: Sum(rhs),rhsMax =  -5.65683727700161E-04  1.94105846429696E+00
 cg2d: Sum(rhs),rhsMax =  -5.65679776457273E-04  1.94107202084652E+00
 cg2d: Sum(rhs),rhsMax =  -5.65676004697480E-04  1.94108496589449E+00
 cg2d: Sum(rhs),rhsMax =  -5.65672411880769E-04  1.94109729290996E+00
 cg2d: Sum(rhs),rhsMax =  -5.65669001190372E-04  1.94110899598238E+00
 cg2d: Sum(rhs),rhsMax =  -5.65665773933688E-04  1.94112006987093E+00
 cg2d: Sum(rhs),rhsMax =  -5.65662731631278E-04  1.94113051004867E+00
 cg2d: Sum(rhs),rhsMax =  -5.65659875348956E-04  1.94114031274129E+00
 cg2d: Sum(rhs),rhsMax =  -5.65657205541470E-04  1.94114947496009E+00
 cg2d: Sum(rhs),rhsMax =  -5.65654722578302E-04  1.94115799452898E+00
 cg2d: Sum(rhs),rhsMax =  -5.65652428363705E-04  1.94116587010541E+00
 cg2d: Sum(rhs),rhsMax =  -5.65650320808686E-04  1.94117310119491E+00
 cg2d: Sum(rhs),rhsMax =  -5.65648401533281E-04  1.94117968815925E+00
 cg2d: Sum(rhs),rhsMax =  -5.65646669343778E-04  1.94118563221833E+00
 cg2d: Sum(rhs),rhsMax =  -5.65645124396497E-04  1.94119093544550E+00
 cg2d: Sum(rhs),rhsMax =  -5.65643764630863E-04  1.94119560075674E+00
 cg2d: Sum(rhs),rhsMax =  -5.65642590203197E-04  1.94119963189344E+00
 cg2d: Sum(rhs),rhsMax =  -5.65641598996081E-04  1.94120303339935E+00
 cg2d: Sum(rhs),rhsMax =  -5.65640790128441E-04  1.94120581059154E+00
 cg2d: Sum(rhs),rhsMax =  -5.65640160488101E-04  1.94120796952576E+00
 cg2d: Sum(rhs),rhsMax =  -5.65639709606103E-04  1.94120951695664E+00
 cg2d: Sum(rhs),rhsMax =  -5.65639434398690E-04  1.94121046029273E+00
 cg2d: Sum(rhs),rhsMax =  -5.65639333629520E-04  1.94121080754695E+00
 cg2d: Sum(rhs),rhsMax =  -5.65639403362184E-04  1.94121056728291E+00
 cg2d: Sum(rhs),rhsMax =  -5.65639641479265E-04  1.94120974855724E+00
 cg2d: Sum(rhs),rhsMax =  -5.65640046602311E-04  1.94120836085853E+00
 cg2d: Sum(rhs),rhsMax =  -5.65640614127005E-04  1.94120641404349E+00
 cg2d: Sum(rhs),rhsMax =  -5.65641341339074E-04  1.94120391827048E+00
 cg2d: Sum(rhs),rhsMax =  -5.65642224955809E-04  1.94120088393120E+00
 cg2d: Sum(rhs),rhsMax =  -5.65643263158222E-04  1.94119732158080E+00
 cg2d: Sum(rhs),rhsMax =  -5.65644451512526E-04  1.94119324186724E+00
 cg2d: Sum(rhs),rhsMax =  -5.65645788114466E-04  1.94118865546007E+00
 cg2d: Sum(rhs),rhsMax =  -5.65647269397118E-04  1.94118357297941E+00
 cg2d: Sum(rhs),rhsMax =  -5.65648892489889E-04  1.94117800492556E+00
 cg2d: Sum(rhs),rhsMax =  -5.65650653229000E-04  1.94117196160971E+00
 cg2d: Sum(rhs),rhsMax =  -5.65652549582296E-04  1.94116545308633E+00
 cg2d: Sum(rhs),rhsMax =  -5.65654578934982E-04  1.94115848908768E+00
 cg2d: Sum(rhs),rhsMax =  -5.65656738658049E-04  1.94115107896092E+00
 cg2d: Sum(rhs),rhsMax =  -5.65659024630349E-04  1.94114323160828E+00
 cg2d: Sum(rhs),rhsMax =  -5.65661436709775E-04  1.94113495543066E+00
 cg2d: Sum(rhs),rhsMax =  -5.65663971059394E-04  1.94112625827511E+00
 cg2d: Sum(rhs),rhsMax =  -5.65666625846006E-04  1.94111714738656E+00
 cg2d: Sum(rhs),rhsMax =  -5.65669399591684E-04  1.94110762936405E+00
 cg2d: Sum(rhs),rhsMax =  -5.65672290647967E-04  1.94109771012186E+00
 cg2d: Sum(rhs),rhsMax =  -5.65675296030577E-04  1.94108739485559E+00
 cg2d: Sum(rhs),rhsMax =  -5.65678416975857E-04  1.94107668801384E+00
 cg2d: Sum(rhs),rhsMax =  -5.65681650130045E-04  1.94106559327506E+00
 cg2d: Sum(rhs),rhsMax =  -5.65684995478932E-04  1.94105411353026E+00
 cg2d: Sum(rhs),rhsMax =  -5.65688452851987E-04  1.94104225087133E+00
 cg2d: Sum(rhs),rhsMax =  -5.65692021012865E-04  1.94103000658518E+00
 cg2d: Sum(rhs),rhsMax =  -5.65695700132096E-04  1.94101738115359E+00
 cg2d: Sum(rhs),rhsMax =  -5.65699491701821E-04  1.94100437425892E+00
 cg2d: Sum(rhs),rhsMax =  -5.65703393931472E-04  1.94099098479539E+00
 cg2d: Sum(rhs),rhsMax =  -5.65707408398453E-04  1.94097721088597E+00
 cg2d: Sum(rhs),rhsMax =  -5.65711535671198E-04  1.94096304990465E+00
 cg2d: Sum(rhs),rhsMax =  -5.65715776517095E-04  1.94094849850401E+00
 cg2d: Sum(rhs),rhsMax =  -5.65720133138825E-04  1.94093355264749E+00
 cg2d: Sum(rhs),rhsMax =  -5.65724605777973E-04  1.94091820764679E+00
 cg2d: Sum(rhs),rhsMax =  -5.65729195812992E-04  1.94090245820330E+00
 cg2d: Sum(rhs),rhsMax =  -5.65733906242372E-04  1.94088629845387E+00
 cg2d: Sum(rhs),rhsMax =  -5.65738738032451E-04  1.94086972202018E+00
 cg2d: Sum(rhs),rhsMax =  -5.65743693485388E-04  1.94085272206144E+00
 cg2d: Sum(rhs),rhsMax =  -5.65748774292274E-04  1.94083529133019E+00
 cg2d: Sum(rhs),rhsMax =  -5.65753983323702E-04  1.94081742223041E+00
 cg2d: Sum(rhs),rhsMax =  -5.65759321645487E-04  1.94079910687789E+00
 cg2d: Sum(rhs),rhsMax =  -5.65764793861945E-04  1.94078033716215E+00
 cg2d: Sum(rhs),rhsMax =  -5.65770400257293E-04  1.94076110480951E+00
 cg2d: Sum(rhs),rhsMax =  -5.65776144583197E-04  1.94074140144691E+00
 cg2d: Sum(rhs),rhsMax =  -5.65782028630224E-04  1.94072121866603E+00
 cg2d: Sum(rhs),rhsMax =  -5.65788054259997E-04  1.94070054808703E+00
 cg2d: Sum(rhs),rhsMax =  -5.65794224897331E-04  1.94067938142174E+00
 cg2d: Sum(rhs),rhsMax =  -5.65800543199657E-04  1.94065771053565E+00
 cg2d: Sum(rhs),rhsMax =  -5.65807011497554E-04  1.94063552750841E+00
 cg2d: Sum(rhs),rhsMax =  -5.65813630288403E-04  1.94061282469217E+00
 cg2d: Sum(rhs),rhsMax =  -5.65820403863881E-04  1.94058959476767E+00
 cg2d: Sum(rhs),rhsMax =  -5.65827332309254E-04  1.94056583079738E+00
 cg2d: Sum(rhs),rhsMax =  -5.65834419234079E-04  1.94054152627568E+00
 cg2d: Sum(rhs),rhsMax =  -5.65841665348898E-04  1.94051667517537E+00
 cg2d: Sum(rhs),rhsMax =  -5.65849073410618E-04  1.94049127199036E+00
 cg2d: Sum(rhs),rhsMax =  -5.65856643078178E-04  1.94046531177446E+00
 cg2d: Sum(rhs),rhsMax =  -5.65864377378489E-04  1.94043879017560E+00
 cg2d: Sum(rhs),rhsMax =  -5.65872276311552E-04  1.94041170346564E+00
 cg2d: Sum(rhs),rhsMax =  -5.65880341127922E-04  1.94038404856537E+00
 cg2d: Sum(rhs),rhsMax =  -5.65888572864992E-04  1.94035582306472E+00
 cg2d: Sum(rhs),rhsMax =  -5.65896971195912E-04  1.94032702523793E+00
 cg2d: Sum(rhs),rhsMax =  -5.65905537612821E-04  1.94029765405366E+00
 cg2d: Sum(rhs),rhsMax =  -5.65914271433599E-04  1.94026770918006E+00
 cg2d: Sum(rhs),rhsMax =  -5.65923172715088E-04  1.94023719098474E+00
 cg2d: Sum(rhs),rhsMax =  -5.65932241784139E-04  1.94020610052969E+00
 cg2d: Sum(rhs),rhsMax =  -5.65941476338594E-04  1.94017443956130E+00
 cg2d: Sum(rhs),rhsMax =  -5.65950878581134E-04  1.94014221049543E+00
 cg2d: Sum(rhs),rhsMax =  -5.65960444333768E-04  1.94010941639800E+00
 cg2d: Sum(rhs),rhsMax =  -5.65970174960739E-04  1.94007606096086E+00
 cg2d: Sum(rhs),rhsMax =  -5.65980068728322E-04  1.94004214847349E+00
 cg2d: Sum(rhs),rhsMax =  -5.65990122595394E-04  1.94000768379063E+00
 cg2d: Sum(rhs),rhsMax =  -5.66000337641981E-04  1.93997267229620E+00
 cg2d: Sum(rhs),rhsMax =  -5.66010710414844E-04  1.93993711986369E+00
 cg2d: Sum(rhs),rhsMax =  -5.66021239677639E-04  1.93990103281335E+00
 cg2d: Sum(rhs),rhsMax =  -5.66031923199262E-04  1.93986441786677E+00
 cg2d: Sum(rhs),rhsMax =  -5.66042759402308E-04  1.93982728209882E+00
 cg2d: Sum(rhs),rhsMax =  -5.66053746069883E-04  1.93978963288763E+00
 cg2d: Sum(rhs),rhsMax =  -5.66064879748751E-04  1.93975147786280E+00
 cg2d: Sum(rhs),rhsMax =  -5.66076160296802E-04  1.93971282485247E+00
 cg2d: Sum(rhs),rhsMax =  -5.66087583493413E-04  1.93967368182930E+00
 cg2d: Sum(rhs),rhsMax =  -5.66099148443300E-04  1.93963405685618E+00
 cg2d: Sum(rhs),rhsMax =  -5.66110851380586E-04  1.93959395803168E+00
 cg2d: Sum(rhs),rhsMax =  -5.66122691381565E-04  1.93955339343591E+00
 cg2d: Sum(rhs),rhsMax =  -5.66134665788809E-04  1.93951237107711E+00
 cg2d: Sum(rhs),rhsMax =  -5.66146771291187E-04  1.93947089883918E+00
 cg2d: Sum(rhs),rhsMax =  -5.66159006822886E-04  1.93942898443099E+00
 cg2d: Sum(rhs),rhsMax =  -5.66171369527524E-04  1.93938663516281E+00
 cg2d: Sum(rhs),rhsMax =  -5.66183857458213E-04  1.93934385813800E+00
 cg2d: Sum(rhs),rhsMax =  -5.66196469875990E-04  1.93930066043927E+00
 cg2d: Sum(rhs),rhsMax =  -5.66209202844448E-04  1.93925704888314E+00
 cg2d: Sum(rhs),rhsMax =  -5.66222055851995E-04  1.93921302974202E+00
 cg2d: Sum(rhs),rhsMax =  -5.66235026155937E-04  1.93916860867709E+00
 cg2d: Sum(rhs),rhsMax =  -5.66248112505718E-04  1.93912379080596E+00
 cg2d: Sum(rhs),rhsMax =  -5.66261315341876E-04  1.93907858077543E+00
 cg2d: Sum(rhs),rhsMax =  -5.66274631509600E-04  1.93903298277724E+00
 cg2d: Sum(rhs),rhsMax =  -5.66288060880993E-04  1.93898700051631E+00
 cg2d: Sum(rhs),rhsMax =  -5.66301601807595E-04  1.93894063716821E+00
 cg2d: Sum(rhs),rhsMax =  -5.66315253180960E-04  1.93889389534942E+00
 cg2d: Sum(rhs),rhsMax =  -5.66329015882161E-04  1.93884677710372E+00
 cg2d: Sum(rhs),rhsMax =  -5.66342889058546E-04  1.93879928389935E+00
 cg2d: Sum(rhs),rhsMax =  -5.66356871615881E-04  1.93875141663184E+00
 cg2d: Sum(rhs),rhsMax =  -5.66370965202623E-04  1.93870317563115E+00
 cg2d: Sum(rhs),rhsMax =  -5.66385167616090E-04  1.93865456067247E+00
 cg2d: Sum(rhs),rhsMax =  -5.66399479751567E-04  1.93860557099045E+00
 cg2d: Sum(rhs),rhsMax =  -5.66413903769103E-04  1.93855620529706E+00
 cg2d: Sum(rhs),rhsMax =  -5.66428437821287E-04  1.93850646180264E+00
 cg2d: Sum(rhs),rhsMax =  -5.66443084437651E-04  1.93845633824025E+00
 cg2d: Sum(rhs),rhsMax =  -5.66457843916623E-04  1.93840583189317E+00
 cg2d: Sum(rhs),rhsMax =  -5.66472716570843E-04  1.93835493962558E+00
 cg2d: Sum(rhs),rhsMax =  -5.66487703167695E-04  1.93830365791620E+00
 cg2d: Sum(rhs),rhsMax =  -5.66502806279345E-04  1.93825198289482E+00
 cg2d: Sum(rhs),rhsMax =  -5.66518025792107E-04  1.93819991038118E+00
 cg2d: Sum(rhs),rhsMax =  -5.66533364860788E-04  1.93814743592605E+00
 cg2d: Sum(rhs),rhsMax =  -5.66548822177992E-04  1.93809455485390E+00
 cg2d: Sum(rhs),rhsMax =  -5.66564401552228E-04  1.93804126230671E+00
 cg2d: Sum(rhs),rhsMax =  -5.66580103139813E-04  1.93798755328869E+00
 cg2d: Sum(rhs),rhsMax =  -5.66595928873426E-04  1.93793342271135E+00
 cg2d: Sum(rhs),rhsMax =  -5.66611880159940E-04  1.93787886543867E+00
 cg2d: Sum(rhs),rhsMax =  -5.66627958747290E-04  1.93782387633213E+00
 cg2d: Sum(rhs),rhsMax =  -5.66644165687080E-04  1.93776845029507E+00
 cg2d: Sum(rhs),rhsMax =  -5.66660503494631E-04  1.93771258231656E+00
 cg2d: Sum(rhs),rhsMax =  -5.66676972724167E-04  1.93765626751372E+00
 cg2d: Sum(rhs),rhsMax =  -5.66693574739929E-04  1.93759950117315E+00
 cg2d: Sum(rhs),rhsMax =  -5.66710310835106E-04  1.93754227879033E+00
 cg2d: Sum(rhs),rhsMax =  -5.66727182913951E-04  1.93748459610724E+00
 cg2d: Sum(rhs),rhsMax =  -5.66744192013857E-04  1.93742644914771E+00
 cg2d: Sum(rhs),rhsMax =  -5.66761338873789E-04  1.93736783425035E+00
 cg2d: Sum(rhs),rhsMax =  -5.66778624730091E-04  1.93730874809872E+00
 cg2d: Sum(rhs),rhsMax =  -5.66796049511709E-04  1.93724918774872E+00
 cg2d: Sum(rhs),rhsMax =  -5.66813616259765E-04  1.93718915065280E+00
 cg2d: Sum(rhs),rhsMax =  -5.66831323141059E-04  1.93712863468114E+00
 cg2d: Sum(rhs),rhsMax =  -5.66849172670914E-04  1.93706763813925E+00
 cg2d: Sum(rhs),rhsMax =  -5.66867163797724E-04  1.93700615978237E+00
 cg2d: Sum(rhs),rhsMax =  -5.66885297217823E-04  1.93694419882630E+00
 cg2d: Sum(rhs),rhsMax =  -5.66903572988053E-04  1.93688175495454E+00
 cg2d: Sum(rhs),rhsMax =  -5.66921991548952E-04  1.93681882832212E+00
 cg2d: Sum(rhs),rhsMax =  -5.66940552246820E-04  1.93675541955572E+00
 cg2d: Sum(rhs),rhsMax =  -5.66959255550614E-04  1.93669152975031E+00
 cg2d: Sum(rhs),rhsMax =  -5.66978099925564E-04  1.93662716046230E+00
 cg2d: Sum(rhs),rhsMax =  -5.66997085030607E-04  1.93656231369947E+00
 cg2d: Sum(rhs),rhsMax =  -5.67016211235227E-04  1.93649699190749E+00
 cg2d: Sum(rhs),rhsMax =  -5.67035476535693E-04  1.93643119795341E+00
 cg2d: Sum(rhs),rhsMax =  -5.67054880605156E-04  1.93636493510619E+00
 cg2d: Sum(rhs),rhsMax =  -5.67074422377800E-04  1.93629820701446E+00
 cg2d: Sum(rhs),rhsMax =  -5.67094100517807E-04  1.93623101768171E+00
 cg2d: Sum(rhs),rhsMax =  -5.67113914215156E-04  1.93616337143912E+00
 cg2d: Sum(rhs),rhsMax =  -5.67133860982949E-04  1.93609527291631E+00
(PID.TID 0000.0001) Did not write pickup because writePickupAtEnd = FALSE
(PID.TID 0000.0001)   early fc =  0.000000000000000D+00
 --> objf_test(bi,bj)        =  0.189843002809671D+00
(PID.TID 0000.0001)   local fc =  0.189843002809671D+00
(PID.TID 0000.0001)  global fc =  0.322548068899504D+00
(PID.TID 0000.0001) grdchk perturb(+)fc: fcpertplus  =  3.22548068899504E-01
(PID.TID 0000.0001)  nRecords = 108 ; filePrec =  64 ; fileIter =   3111120
(PID.TID 0000.0001)     nDims =   2 , dims:
(PID.TID 0000.0001)    1:  62   1  62
(PID.TID 0000.0001)    2:  62   1  62
(PID.TID 0000.0001)     nFlds =  10 , nFl3D =   7 , fields:
(PID.TID 0000.0001)  >Uvel    < >Vvel    < >Theta   < >Salt    < >GuNm1   < >GvNm1   < >GtNm1   < >EtaN    < >dEtaHdt < >EtaH    <
(PID.TID 0000.0001) missingVal=  1.00000000000000E+00 ; nTimRec =   1 , timeList:
(PID.TID 0000.0001)   3.733344000000E+09
(PID.TID 0000.0001) READ_MFLDS_3D_RL: read field: "Uvel    ", #   1 in fldList, rec=   1
(PID.TID 0000.0001) READ_MFLDS_3D_RL: read field: "Vvel    ", #   2 in fldList, rec=   2
(PID.TID 0000.0001) READ_MFLDS_3D_RL: read field: "Theta   ", #   3 in fldList, rec=   3
(PID.TID 0000.0001) READ_MFLDS_3D_RL: read field: "Salt    ", #   4 in fldList, rec=   4
(PID.TID 0000.0001) READ_MFLDS_3D_RL: read field: "GuNm1   ", #   5 in fldList, rec=   5
(PID.TID 0000.0001) READ_MFLDS_3D_RL: read field: "GvNm1   ", #   6 in fldList, rec=   6
(PID.TID 0000.0001) READ_MFLDS_3D_RL: read field: "GtNm1   ", #   7 in fldList, rec=   7
(PID.TID 0000.0001) READ_MFLDS_3D_RL: read field: "EtaN    ", #   8 in fldList, rec= 106
(PID.TID 0000.0001) READ_MFLDS_3D_RL: read field: "dEtaHdt ", #   9 in fldList, rec= 107
(PID.TID 0000.0001) READ_MFLDS_CHECK: - normal end ; reset MFLDS file-name: pickup.0003111120
(PID.TID 0000.0001) // =======================================================
(PID.TID 0000.0001) // Model current state
(PID.TID 0000.0001) // =======================================================
(PID.TID 0000.0001) 
(PID.TID 0000.0001) SOLVE_FOR_PRESSURE: putPmEinXvector =    F
 cg2d: Sum(rhs),rhsMax =   5.49285265435628E-04  1.99900718163814E+00
 cg2d: Sum(rhs),rhsMax =   5.49323097558840E-04  1.99886950890123E+00
 cg2d: Sum(rhs),rhsMax =   5.49342422559107E-04  1.99879919087018E+00
 cg2d: Sum(rhs),rhsMax =   5.49356375529442E-04  1.99874842355671E+00
 cg2d: Sum(rhs),rhsMax =   5.49378657922261E-04  1.99866735829890E+00
 cg2d: Sum(rhs),rhsMax =   5.49406644893224E-04  1.99856554391630E+00
 cg2d: Sum(rhs),rhsMax =   5.49434985359198E-04  1.99846245721540E+00
 cg2d: Sum(rhs),rhsMax =   5.49462168280002E-04  1.99836358846649E+00
 cg2d: Sum(rhs),rhsMax =   5.49488739764570E-04  1.99826695345138E+00
 cg2d: Sum(rhs),rhsMax =   5.49515281008439E-04  1.99817043887173E+00
 cg2d: Sum(rhs),rhsMax =   5.49542006211823E-04  1.99807326352155E+00
 cg2d: Sum(rhs),rhsMax =   5.49568951129231E-04  1.99797530162395E+00
 cg2d: Sum(rhs),rhsMax =   5.49596111682149E-04  1.99787656294576E+00
 cg2d: Sum(rhs),rhsMax =   5.49623487231088E-04  1.99777705049893E+00
 cg2d: Sum(rhs),rhsMax =   5.49651081641400E-04  1.99767675711299E+00
 cg2d: Sum(rhs),rhsMax =   5.49678894557815E-04  1.99757567855241E+00
 cg2d: Sum(rhs),rhsMax =   5.49706923990811E-04  1.99747381990304E+00
 cg2d: Sum(rhs),rhsMax =   5.49735167879817E-04  1.99737119672462E+00
 cg2d: Sum(rhs),rhsMax =   5.49763617939902E-04  1.99726783273873E+00
 cg2d: Sum(rhs),rhsMax =   5.49792267818816E-04  1.99716375474556E+00
 cg2d: Sum(rhs),rhsMax =   5.49821110638504E-04  1.99705898595445E+00
 cg2d: Sum(rhs),rhsMax =   5.49850143073627E-04  1.99695353962998E+00
 cg2d: Sum(rhs),rhsMax =   5.49879365294714E-04  1.99684741502756E+00
 cg2d: Sum(rhs),rhsMax =   5.49908781920294E-04  1.99674059688787E+00
 cg2d: Sum(rhs),rhsMax =   5.49938400212113E-04  1.99663305857938E+00
 cg2d: Sum(rhs),rhsMax =   5.49968228597209E-04  1.99652476781957E+00
 cg2d: Sum(rhs),rhsMax =   5.49998275559460E-04  1.99641569320984E+00
 cg2d: Sum(rhs),rhsMax =   5.50028549739068E-04  1.99630580979442E+00
 cg2d: Sum(rhs),rhsMax =   5.50059053551877E-04  1.99619510240608E+00
 cg2d: Sum(rhs),rhsMax =   5.50089789840058E-04  1.99608356639980E+00
 cg2d: Sum(rhs),rhsMax =   5.50120756528827E-04  1.99597120615769E+00
 cg2d: Sum(rhs),rhsMax =   5.50151950818645E-04  1.99585803223500E+00
 cg2d: Sum(rhs),rhsMax =   5.50183368886792E-04  1.99574405813100E+00
 cg2d: Sum(rhs),rhsMax =   5.50215007891097E-04  1.99562929747674E+00
 cg2d: Sum(rhs),rhsMax =   5.50246864207793E-04  1.99551376208943E+00
 cg2d: Sum(rhs),rhsMax =   5.50278935136816E-04  1.99539746099301E+00
 cg2d: Sum(rhs),rhsMax =   5.50311219257082E-04  1.99528040025297E+00
 cg2d: Sum(rhs),rhsMax =   5.50343716241741E-04  1.99516258335142E+00
 cg2d: Sum(rhs),rhsMax =   5.50376424328647E-04  1.99504401181906E+00
 cg2d: Sum(rhs),rhsMax =   5.50409345535741E-04  1.99492468590375E+00
 cg2d: Sum(rhs),rhsMax =   5.50442478484570E-04  1.99480460514219E+00
 cg2d: Sum(rhs),rhsMax =   5.50475823800411E-04  1.99468376878131E+00
 cg2d: Sum(rhs),rhsMax =   5.50509381540110E-04  1.99456217605046E+00
 cg2d: Sum(rhs),rhsMax =   5.50543152684213E-04  1.99443982631554E+00
 cg2d: Sum(rhs),rhsMax =   5.50577136820607E-04  1.99431671915303E+00
 cg2d: Sum(rhs),rhsMax =   5.50611334929840E-04  1.99419285437729E+00
 cg2d: Sum(rhs),rhsMax =   5.50645746130840E-04  1.99406823204466E+00
 cg2d: Sum(rhs),rhsMax =   5.50680370579926E-04  1.99394285244663E+00
 cg2d: Sum(rhs),rhsMax =   5.50715209158170E-04  1.99381671609457E+00
 cg2d: Sum(rhs),rhsMax =   5.50750260458699E-04  1.99368982369527E+00
 cg2d: Sum(rhs),rhsMax =   5.50785524609410E-04  1.99356217611225E+00
 cg2d: Sum(rhs),rhsMax =   5.50821002661905E-04  1.99343377431000E+00
 cg2d: Sum(rhs),rhsMax =   5.50856692953516E-04  1.99330461928053E+00
 cg2d: Sum(rhs),rhsMax =   5.50892595541086E-04  1.99317471195466E+00
 cg2d: Sum(rhs),rhsMax =   5.50928710651988E-04  1.99304405310659E+00
 cg2d: Sum(rhs),rhsMax =   5.50965037945161E-04  1.99291264326417E+00
 cg2d: Sum(rhs),rhsMax =   5.51001577377974E-04  1.99278048263859E+00
 cg2d: Sum(rhs),rhsMax =   5.51038330030451E-04  1.99264757108969E+00
 cg2d: Sum(rhs),rhsMax =   5.51075295135206E-04  1.99251390813962E+00
 cg2d: Sum(rhs),rhsMax =   5.51112473459625E-04  1.99237949304330E+00
 cg2d: Sum(rhs),rhsMax =   5.51149864563172E-04  1.99224432491627E+00
 cg2d: Sum(rhs),rhsMax =   5.51187470392733E-04  1.99210840291186E+00
 cg2d: Sum(rhs),rhsMax =   5.51225289072477E-04  1.99197172642988E+00
 cg2d: Sum(rhs),rhsMax =   5.51263321995066E-04  1.99183429533173E+00
 cg2d: Sum(rhs),rhsMax =   5.51301568606277E-04  1.99169611013175E+00
 cg2d: Sum(rhs),rhsMax =   5.51340029275593E-04  1.99155717213325E+00
 cg2d: Sum(rhs),rhsMax =   5.51378703377736E-04  1.99141748348296E+00
 cg2d: Sum(rhs),rhsMax =   5.51417589946368E-04  1.99127704712484E+00
 cg2d: Sum(rhs),rhsMax =   5.51456687773566E-04  1.99113586664717E+00
 cg2d: Sum(rhs),rhsMax =   5.51495996106155E-04  1.99099394603176E+00
 cg2d: Sum(rhs),rhsMax =   5.51535513963586E-04  1.99085128932646E+00
 cg2d: Sum(rhs),rhsMax =   5.51575240677948E-04  1.99070790027645E+00
 cg2d: Sum(rhs),rhsMax =   5.51615175780285E-04  1.99056378195523E+00
 cg2d: Sum(rhs),rhsMax =   5.51655317153177E-04  1.99041893644090E+00
 cg2d: Sum(rhs),rhsMax =   5.51695666416663E-04  1.99027336457735E+00
 cg2d: Sum(rhs),rhsMax =   5.51736222561772E-04  1.99012706585226E+00
 cg2d: Sum(rhs),rhsMax =   5.51776987094854E-04  1.98998003840954E+00
 cg2d: Sum(rhs),rhsMax =   5.51817960399603E-04  1.98983227919822E+00
 cg2d: Sum(rhs),rhsMax =   5.51859144451328E-04  1.98968378424318E+00
 cg2d: Sum(rhs),rhsMax =   5.51900539491612E-04  1.98953454901035E+00
 cg2d: Sum(rhs),rhsMax =   5.51942147239970E-04  1.98938456882597E+00
 cg2d: Sum(rhs),rhsMax =   5.51983969273806E-04  1.98923383930790E+00
 cg2d: Sum(rhs),rhsMax =   5.52026006999995E-04  1.98908235676402E+00
 cg2d: Sum(rhs),rhsMax =   5.52068260134320E-04  1.98893011851995E+00
 cg2d: Sum(rhs),rhsMax =   5.52110730168920E-04  1.98877712314708E+00
 cg2d: Sum(rhs),rhsMax =   5.52153417316958E-04  1.98862337057449E+00
 cg2d: Sum(rhs),rhsMax =   5.52196321123688E-04  1.98846886208131E+00
 cg2d: Sum(rhs),rhsMax =   5.52239440224866E-04  1.98831360017886E+00
 cg2d: Sum(rhs),rhsMax =   5.52282774833657E-04  1.98815758840194E+00
 cg2d: Sum(rhs),rhsMax =   5.52326323258967E-04  1.98800083103662E+00
 cg2d: Sum(rhs),rhsMax =   5.52370084818676E-04  1.98784333281484E+00
 cg2d: Sum(rhs),rhsMax =   5.52414057253259E-04  1.98768509860636E+00
 cg2d: Sum(rhs),rhsMax =   5.52458240520082E-04  1.98752613313642E+00
 cg2d: Sum(rhs),rhsMax =   5.52502632586993E-04  1.98736644074940E+00
 cg2d: Sum(rhs),rhsMax =   5.52547232913980E-04  1.98720602523443E+00
 cg2d: Sum(rhs),rhsMax =   5.52592040037325E-04  1.98704488971889E+00
 cg2d: Sum(rhs),rhsMax =   5.52637054980210E-04  1.98688303662937E+00
 cg2d: Sum(rhs),rhsMax =   5.52682275483107E-04  1.98672046771323E+00
 cg2d: Sum(rhs),rhsMax =   5.52727703322375E-04  1.98655718410867E+00
 cg2d: Sum(rhs),rhsMax =   5.52773336693235E-04  1.98639318644927E+00
 cg2d: Sum(rhs),rhsMax =   5.52819175752006E-04  1.98622847498744E+00
 cg2d: Sum(rhs),rhsMax =   5.52865222175569E-04  1.98606304972162E+00
 cg2d: Sum(rhs),rhsMax =   5.52911475026008E-04  1.98589691051436E+00
 cg2d: Sum(rhs),rhsMax =   5.52957934147003E-04  1.98573005719185E+00
 cg2d: Sum(rhs),rhsMax =   5.53004599751716E-04  1.98556248961868E+00
 cg2d: Sum(rhs),rhsMax =   5.53051472579114E-04  1.98539420774519E+00
 cg2d: Sum(rhs),rhsMax =   5.53098551748121E-04  1.98522521162824E+00
 cg2d: Sum(rhs),rhsMax =   5.53145838523506E-04  1.98505550142760E+00
 cg2d: Sum(rhs),rhsMax =   5.53193331739976E-04  1.98488507738545E+00
 cg2d: Sum(rhs),rhsMax =   5.53241033145468E-04  1.98471393979280E+00
 cg2d: Sum(rhs),rhsMax =   5.53288939997287E-04  1.98454208895133E+00
 cg2d: Sum(rhs),rhsMax =   5.53337055777092E-04  1.98436952513664E+00
 cg2d: Sum(rhs),rhsMax =   5.53385377273230E-04  1.98419624856812E+00
 cg2d: Sum(rhs),rhsMax =   5.53433906816281E-04  1.98402225938941E+00
 cg2d: Sum(rhs),rhsMax =   5.53482643027792E-04  1.98384755766242E+00
 cg2d: Sum(rhs),rhsMax =   5.53531587399902E-04  1.98367214337492E+00
 cg2d: Sum(rhs),rhsMax =   5.53580738980486E-04  1.98349601646180E+00
 cg2d: Sum(rhs),rhsMax =   5.53630097883229E-04  1.98331917683697E+00
 cg2d: Sum(rhs),rhsMax =   5.53679664960782E-04  1.98314162443386E+00
 cg2d: Sum(rhs),rhsMax =   5.53729439857875E-04  1.98296335925030E+00
 cg2d: Sum(rhs),rhsMax =   5.53779422943990E-04  1.98278438139396E+00
 cg2d: Sum(rhs),rhsMax =   5.53829614091228E-04  1.98260469112481E+00
 cg2d: Sum(rhs),rhsMax =   5.53880012731156E-04  1.98242428889134E+00
 cg2d: Sum(rhs),rhsMax =   5.53930619489051E-04  1.98224317535766E+00
 cg2d: Sum(rhs),rhsMax =   5.53981433981221E-04  1.98206135142032E+00
 cg2d: Sum(rhs),rhsMax =   5.54032456648201E-04  1.98187881821347E+00
 cg2d: Sum(rhs),rhsMax =   5.54083686168383E-04  1.98169557710289E+00
 cg2d: Sum(rhs),rhsMax =   5.54135122840194E-04  1.98151162966905E+00
 cg2d: Sum(rhs),rhsMax =   5.54186765782561E-04  1.98132697768150E+00
 cg2d: Sum(rhs),rhsMax =   5.54238615336544E-04  1.98114162306625E+00
 cg2d: Sum(rhs),rhsMax =   5.54290670748969E-04  1.98095556786858E+00
 cg2d: Sum(rhs),rhsMax =   5.54342930897178E-04  1.98076881421382E+00
 cg2d: Sum(rhs),rhsMax =   5.54395396051177E-04  1.98058136426804E+00
 cg2d: Sum(rhs),rhsMax =   5.54448065415158E-04  1.98039322020126E+00
 cg2d: Sum(rhs),rhsMax =   5.54500939244917E-04  1.98020438415440E+00
 cg2d: Sum(rhs),rhsMax =   5.54554015607778E-04  1.98001485821160E+00
 cg2d: Sum(rhs),rhsMax =   5.54607294759535E-04  1.97982464437857E+00
 cg2d: Sum(rhs),rhsMax =   5.54660776927562E-04  1.97963374456730E+00
 cg2d: Sum(rhs),rhsMax =   5.54714460349714E-04  1.97944216058718E+00
 cg2d: Sum(rhs),rhsMax =   5.54768345978118E-04  1.97924989414181E+00
 cg2d: Sum(rhs),rhsMax =   5.54822432846436E-04  1.97905694683117E+00
 cg2d: Sum(rhs),rhsMax =   5.54876720315178E-04  1.97886332015798E+00
 cg2d: Sum(rhs),rhsMax =   5.54931209393317E-04  1.97866901553704E+00
 cg2d: Sum(rhs),rhsMax =   5.54985898318705E-04  1.97847403430753E+00
 cg2d: Sum(rhs),rhsMax =   5.55040788057681E-04  1.97827837774597E+00
 cg2d: Sum(rhs),rhsMax =   5.55095877743383E-04  1.97808204708011E+00
 cg2d: Sum(rhs),rhsMax =   5.55151167148438E-04  1.97788504350264E+00
 cg2d: Sum(rhs),rhsMax =   5.55206655576512E-04  1.97768736818434E+00
 cg2d: Sum(rhs),rhsMax =   5.55262344590801E-04  1.97748902228609E+00
 cg2d: Sum(rhs),rhsMax =   5.55318231107549E-04  1.97729000696989E+00
 cg2d: Sum(rhs),rhsMax =   5.55374317855239E-04  1.97709032340831E+00
 cg2d: Sum(rhs),rhsMax =   5.55430603583318E-04  1.97688997279267E+00
 cg2d: Sum(rhs),rhsMax =   5.55487086586481E-04  1.97668895633963E+00
 cg2d: Sum(rhs),rhsMax =   5.55543769010569E-04  1.97648727529632E+00
 cg2d: Sum(rhs),rhsMax =   5.55600648866061E-04  1.97628493094385E+00
 cg2d: Sum(rhs),rhsMax =   5.55657726877712E-04  1.97608192459912E+00
 cg2d: Sum(rhs),rhsMax =   5.55715001866020E-04  1.97587825761486E+00
 cg2d: Sum(rhs),rhsMax =   5.55772474797323E-04  1.97567393137762E+00
 cg2d: Sum(rhs),rhsMax =   5.55830144520542E-04  1.97546894730380E+00
 cg2d: Sum(rhs),rhsMax =   5.55888010580929E-04  1.97526330683329E+00
 cg2d: Sum(rhs),rhsMax =   5.55946073177438E-04  1.97505701142102E+00
 cg2d: Sum(rhs),rhsMax =   5.56004332182169E-04  1.97485006252603E+00
 cg2d: Sum(rhs),rhsMax =   5.56062786444045E-04  1.97464246159884E+00
 cg2d: Sum(rhs),rhsMax =   5.56121436119383E-04  1.97443421006634E+00
 cg2d: Sum(rhs),rhsMax =   5.56180282572427E-04  1.97422530931570E+00
 cg2d: Sum(rhs),rhsMax =   5.56239322847318E-04  1.97401576067721E+00
 cg2d: Sum(rhs),rhsMax =   5.56298558478829E-04  1.97380556540669E+00
 cg2d: Sum(rhs),rhsMax =   5.56357988244827E-04  1.97359472466855E+00
 cg2d: Sum(rhs),rhsMax =   5.56417612031623E-04  1.97338323951994E+00
 cg2d: Sum(rhs),rhsMax =   5.56477430691871E-04  1.97317111089717E+00
 cg2d: Sum(rhs),rhsMax =   5.56537443443972E-04  1.97295833960509E+00
 cg2d: Sum(rhs),rhsMax =   5.56597649776336E-04  1.97274492631007E+00
 cg2d: Sum(rhs),rhsMax =   5.56658050953729E-04  1.97253087153757E+00
 cg2d: Sum(rhs),rhsMax =   5.56718645654541E-04  1.97231617567453E+00
 cg2d: Sum(rhs),rhsMax =   5.56779434873533E-04  1.97210083897690E+00
 cg2d: Sum(rhs),rhsMax =   5.56840418113325E-04  1.97188486158274E+00
 cg2d: Sum(rhs),rhsMax =   5.56901595203385E-04  1.97166824353004E+00
 cg2d: Sum(rhs),rhsMax =   5.56962966555830E-04  1.97145098478001E+00
 cg2d: Sum(rhs),rhsMax =   5.57024533463846E-04  1.97123308524379E+00
 cg2d: Sum(rhs),rhsMax =   5.57086295316367E-04  1.97101454481315E+00
 cg2d: Sum(rhs),rhsMax =   5.57148250933892E-04  1.97079536339301E+00
 cg2d: Sum(rhs),rhsMax =   5.57210402476471E-04  1.97057554093535E+00
 cg2d: Sum(rhs),rhsMax =   5.57272748849869E-04  1.97035507747342E+00
 cg2d: Sum(rhs),rhsMax =   5.57335290054084E-04  1.97013397315407E+00
 cg2d: Sum(rhs),rhsMax =   5.57398027353884E-04  1.96991222826812E+00
 cg2d: Sum(rhs),rhsMax =   5.57460959498712E-04  1.96968984327684E+00
 cg2d: Sum(rhs),rhsMax =   5.57524087000161E-04  1.96946681883411E+00
 cg2d: Sum(rhs),rhsMax =   5.57587409375060E-04  1.96924315580317E+00
 cg2d: Sum(rhs),rhsMax =   5.57650926666042E-04  1.96901885526747E+00
 cg2d: Sum(rhs),rhsMax =   5.57714639057849E-04  1.96879391853559E+00
 cg2d: Sum(rhs),rhsMax =   5.57778545612564E-04  1.96856834713980E+00
 cg2d: Sum(rhs),rhsMax =   5.57842647012308E-04  1.96834214282871E+00
 cg2d: Sum(rhs),rhsMax =   5.57906940414910E-04  1.96811530755461E+00
 cg2d: Sum(rhs),rhsMax =   5.57971427951998E-04  1.96788784345598E+00
 cg2d: Sum(rhs),rhsMax =   5.58036108159854E-04  1.96765975283613E+00
 cg2d: Sum(rhs),rhsMax =   5.58100979645815E-04  1.96743103813888E+00
 cg2d: Sum(rhs),rhsMax =   5.58166043347796E-04  1.96720170192221E+00
 cg2d: Sum(rhs),rhsMax =   5.58231296764689E-04  1.96697174683107E+00
 cg2d: Sum(rhs),rhsMax =   5.58296741559161E-04  1.96674117557014E+00
 cg2d: Sum(rhs),rhsMax =   5.58362375713273E-04  1.96650999087814E+00
 cg2d: Sum(rhs),rhsMax =   5.58428197990679E-04  1.96627819550375E+00
 cg2d: Sum(rhs),rhsMax =   5.58494209656146E-04  1.96604579218440E+00
 cg2d: Sum(rhs),rhsMax =   5.58560408165931E-04  1.96581278362820E+00
 cg2d: Sum(rhs),rhsMax =   5.58626793591088E-04  1.96557917249899E+00
 cg2d: Sum(rhs),rhsMax =   5.58693365377394E-04  1.96534496140528E+00
 cg2d: Sum(rhs),rhsMax =   5.58760122686408E-04  1.96511015289218E+00
 cg2d: Sum(rhs),rhsMax =   5.58827065475498E-04  1.96487474943696E+00
 cg2d: Sum(rhs),rhsMax =   5.58894192877801E-04  1.96463875344719E+00
 cg2d: Sum(rhs),rhsMax =   5.58961504040667E-04  1.96440216726141E+00
 cg2d: Sum(rhs),rhsMax =   5.59028999020938E-04  1.96416499315167E+00
 cg2d: Sum(rhs),rhsMax =   5.59096677093862E-04  1.96392723332733E+00
 cg2d: Sum(rhs),rhsMax =   5.59164537136780E-04  1.96368888993967E+00
 cg2d: Sum(rhs),rhsMax =   5.59232579888658E-04  1.96344996508671E+00
 cg2d: Sum(rhs),rhsMax =   5.59300804368945E-04  1.96321046081777E+00
 cg2d: Sum(rhs),rhsMax =   5.59369209753413E-04  1.96297037913746E+00
 cg2d: Sum(rhs),rhsMax =   5.59437795956796E-04  1.96272972200879E+00
 cg2d: Sum(rhs),rhsMax =   5.59506562524348E-04  1.96248849135522E+00
 cg2d: Sum(rhs),rhsMax =   5.59575509029742E-04  1.96224668906131E+00
 cg2d: Sum(rhs),rhsMax =   5.59644635160339E-04  1.96200431697290E+00
 cg2d: Sum(rhs),rhsMax =   5.59713940177176E-04  1.96176137689540E+00
 cg2d: Sum(rhs),rhsMax =   5.59783424066040E-04  1.96151787059203E+00
 cg2d: Sum(rhs),rhsMax =   5.59853086173234E-04  1.96127379978093E+00
 cg2d: Sum(rhs),rhsMax =   5.59922926896661E-04  1.96102916613213E+00
 cg2d: Sum(rhs),rhsMax =   5.59992944744181E-04  1.96078397126442E+00
 cg2d: Sum(rhs),rhsMax =   5.60063140483180E-04  1.96053821674234E+00
 cg2d: Sum(rhs),rhsMax =   5.60133512337302E-04  1.96029190407345E+00
 cg2d: Sum(rhs),rhsMax =   5.60204062111325E-04  1.96004503470638E+00
 cg2d: Sum(rhs),rhsMax =   5.60274787503090E-04  1.95979761002942E+00
 cg2d: Sum(rhs),rhsMax =   5.60345689521569E-04  1.95954963136992E+00
 cg2d: Sum(rhs),rhsMax =   5.60416767839911E-04  1.95930109999453E+00
 cg2d: Sum(rhs),rhsMax =   5.60488021875472E-04  1.95905201711031E+00
 cg2d: Sum(rhs),rhsMax =   5.60559451940890E-04  1.95880238386630E+00
 cg2d: Sum(rhs),rhsMax =   5.60631057197725E-04  1.95855220135634E+00
 cg2d: Sum(rhs),rhsMax =   5.60702836807536E-04  1.95830147062153E+00
 cg2d: Sum(rhs),rhsMax =   5.60774792816687E-04  1.95805019265392E+00
 cg2d: Sum(rhs),rhsMax =   5.60846922937230E-04  1.95779836840008E+00
 cg2d: Sum(rhs),rhsMax =   5.60919227226009E-04  1.95754599876488E+00
 cg2d: Sum(rhs),rhsMax =   5.60991707729386E-04  1.95729308461539E+00
 cg2d: Sum(rhs),rhsMax =   5.61064362059938E-04  1.95703962678485E+00
 cg2d: Sum(rhs),rhsMax =   5.61137191084526E-04  1.95678562607651E+00
 cg2d: Sum(rhs),rhsMax =   5.61210194248929E-04  1.95653108326758E+00
 cg2d: Sum(rhs),rhsMax =   5.61283372263688E-04  1.95627599911314E+00
 cg2d: Sum(rhs),rhsMax =   5.61356724205098E-04  1.95602037435022E+00
 cg2d: Sum(rhs),rhsMax =   5.61430250627382E-04  1.95576420970160E+00
 cg2d: Sum(rhs),rhsMax =   5.61503950024189E-04  1.95550750588034E+00
 cg2d: Sum(rhs),rhsMax =   5.61577824825576E-04  1.95525026359503E+00
 cg2d: Sum(rhs),rhsMax =   5.61651872786229E-04  1.95499248355559E+00
 cg2d: Sum(rhs),rhsMax =   5.61726094829851E-04  1.95473416647876E+00
 cg2d: Sum(rhs),rhsMax =   5.61800490501696E-04  1.95447531309438E+00
 cg2d: Sum(rhs),rhsMax =   5.61875060355987E-04  1.95421592415157E+00
 cg2d: Sum(rhs),rhsMax =   5.61949803497441E-04  1.95395600042626E+00
 cg2d: Sum(rhs),rhsMax =   5.62024719826582E-04  1.95369554272906E+00
 cg2d: Sum(rhs),rhsMax =   5.62099810352379E-04  1.95343455191360E+00
 cg2d: Sum(rhs),rhsMax =   5.62175072886362E-04  1.95317302888480E+00
 cg2d: Sum(rhs),rhsMax =   5.62250508934881E-04  1.95291097460726E+00
 cg2d: Sum(rhs),rhsMax =   5.62326118412670E-04  1.95264839011311E+00
 cg2d: Sum(rhs),rhsMax =   5.62401900523923E-04  1.95238527650961E+00
 cg2d: Sum(rhs),rhsMax =   5.62477854842314E-04  1.95212163498607E+00
 cg2d: Sum(rhs),rhsMax =   5.62553981836800E-04  1.95185746681955E+00
 cg2d: Sum(rhs),rhsMax =   5.62630280725784E-04  1.95159277337990E+00
 cg2d: Sum(rhs),rhsMax =   5.62706751267683E-04  1.95132755613320E+00
 cg2d: Sum(rhs),rhsMax =   5.62783393704080E-04  1.95106181664392E+00
 cg2d: Sum(rhs),rhsMax =   5.62860206727578E-04  1.95079555657550E+00
 cg2d: Sum(rhs),rhsMax =   5.62937190650814E-04  1.95052877768949E+00
 cg2d: Sum(rhs),rhsMax =   5.63014344763246E-04  1.95026148184312E+00
 cg2d: Sum(rhs),rhsMax =   5.63091668567495E-04  1.94999367098536E+00
 cg2d: Sum(rhs),rhsMax =   5.63169162347776E-04  1.94972534715176E+00
 cg2d: Sum(rhs),rhsMax =   5.63246824711428E-04  1.94945651245800E+00
 cg2d: Sum(rhs),rhsMax =   5.63324655445285E-04  1.94918716909249E+00
 cg2d: Sum(rhs),rhsMax =   5.63402653895650E-04  1.94891731930831E+00
 cg2d: Sum(rhs),rhsMax =   5.63480819877782E-04  1.94864696541437E+00
 cg2d: Sum(rhs),rhsMax =   5.63559152965354E-04  1.94837610976671E+00
 cg2d: Sum(rhs),rhsMax =   5.63637652390980E-04  1.94810475475937E+00
 cg2d: Sum(rhs),rhsMax =   5.63716316946739E-04  1.94783290281580E+00
 cg2d: Sum(rhs),rhsMax =   5.63795147215274E-04  1.94756055638057E+00
 cg2d: Sum(rhs),rhsMax =   5.63874141150222E-04  1.94728771791177E+00
 cg2d: Sum(rhs),rhsMax =   5.63953300130038E-04  1.94701438987417E+00
 cg2d: Sum(rhs),rhsMax =   5.64032621696242E-04  1.94674057473330E+00
 cg2d: Sum(rhs),rhsMax =   5.64112106545167E-04  1.94646627495062E+00
 cg2d: Sum(rhs),rhsMax =   5.64191752431498E-04  1.94619149297950E+00
 cg2d: Sum(rhs),rhsMax =   5.64271561188434E-04  1.94591623126244E+00
 cg2d: Sum(rhs),rhsMax =   5.64351531451734E-04  1.94564049222895E+00
 cg2d: Sum(rhs),rhsMax =   5.64431660961873E-04  1.94536427829463E+00
 cg2d: Sum(rhs),rhsMax =   5.64511950159385E-04  1.94508759186074E+00
 cg2d: Sum(rhs),rhsMax =   5.64592399200592E-04  1.94481043531435E+00
 cg2d: Sum(rhs),rhsMax =   5.64673006891780E-04  1.94453281102930E+00
 cg2d: Sum(rhs),rhsMax =   5.64753773218740E-04  1.94425472136694E+00
 cg2d: Sum(rhs),rhsMax =   5.64834696888283E-04  1.94397616867730E+00
 cg2d: Sum(rhs),rhsMax =   5.64915777147235E-04  1.94369715530016E+00
 cg2d: Sum(rhs),rhsMax =   5.64997014748769E-04  1.94341768356580E+00
 cg2d: Sum(rhs),rhsMax =   5.65078407788633E-04  1.94313775579553E+00
 cg2d: Sum(rhs),rhsMax =   5.65159956934735E-04  1.94285737430170E+00
 cg2d: Sum(rhs),rhsMax =   5.65241660567040E-04  1.94257654138724E+00
 cg2d: Sum(rhs),rhsMax =   5.65323518671335E-04  1.94229525934441E+00
 cg2d: Sum(rhs),rhsMax =   5.65405530068119E-04  1.94201353045321E+00
 cg2d: Sum(rhs),rhsMax =   5.65487695041611E-04  1.94173135697887E+00
 cg2d: Sum(rhs),rhsMax =   5.65570013080219E-04  1.94144874116888E+00
 cg2d: Sum(rhs),rhsMax =   5.65652483189183E-04  1.94116568524944E+00
 cg2d: Sum(rhs),rhsMax =   5.65735104629539E-04  1.94088219142143E+00
 cg2d: Sum(rhs),rhsMax =   5.65817877671293E-04  1.94059826185593E+00
 cg2d: Sum(rhs),rhsMax =   5.65900801333896E-04  1.94031389868956E+00
 cg2d: Sum(rhs),rhsMax =   5.65983875063125E-04  1.94002910401966E+00
 cg2d: Sum(rhs),rhsMax =   5.66067098347389E-04  1.93974387989937E+00
 cg2d: Sum(rhs),rhsMax =   5.66150470604043E-04  1.93945822833290E+00
 cg2d: Sum(rhs),rhsMax =   5.66233992785214E-04  1.93917215127111E+00
 cg2d: Sum(rhs),rhsMax =   5.66317662176630E-04  1.93888565060736E+00
 cg2d: Sum(rhs),rhsMax =   5.66401480398326E-04  1.93859872817392E+00
 cg2d: Sum(rhs),rhsMax =   5.66485445418152E-04  1.93831138573905E+00
 cg2d: Sum(rhs),rhsMax =   5.66569558458241E-04  1.93802362500466E+00
 cg2d: Sum(rhs),rhsMax =   5.66653818367513E-04  1.93773544760494E+00
 cg2d: Sum(rhs),rhsMax =   5.66738224321739E-04  1.93744685510558E+00
 cg2d: Sum(rhs),rhsMax =   5.66822776136178E-04  1.93715784900416E+00
 cg2d: Sum(rhs),rhsMax =   5.66907473952938E-04  1.93686843073118E+00
 cg2d: Sum(rhs),rhsMax =   5.66992317715176E-04  1.93657860165202E+00
 cg2d: Sum(rhs),rhsMax =   5.67077306286023E-04  1.93628836307007E+00
 cg2d: Sum(rhs),rhsMax =   5.67162440333391E-04  1.93599771623013E+00
 cg2d: Sum(rhs),rhsMax =   5.67247719473585E-04  1.93570666232304E+00
 cg2d: Sum(rhs),rhsMax =   5.67333142896587E-04  1.93541520249086E+00
 cg2d: Sum(rhs),rhsMax =   5.67418711355572E-04  1.93512333783248E+00
 cg2d: Sum(rhs),rhsMax =   5.67504423514720E-04  1.93483106941007E+00
 cg2d: Sum(rhs),rhsMax =   5.67590279473507E-04  1.93453839825559E+00
 cg2d: Sum(rhs),rhsMax =   5.67676279857210E-04  1.93424532537782E+00
 cg2d: Sum(rhs),rhsMax =   5.67762423230533E-04  1.93395185176951E+00
 cg2d: Sum(rhs),rhsMax =   5.67848710289809E-04  1.93365797841469E+00
 cg2d: Sum(rhs),rhsMax =   5.67935141177145E-04  1.93336370629584E+00
 cg2d: Sum(rhs),rhsMax =   5.68021715423583E-04  1.93306903640106E+00
 cg2d: Sum(rhs),rhsMax =   5.68108432105419E-04  1.93277396973097E+00
 cg2d: Sum(rhs),rhsMax =   5.68195291847928E-04  1.93247850730540E+00
 cg2d: Sum(rhs),rhsMax =   5.68282294295841E-04  1.93218265016976E+00
 cg2d: Sum(rhs),rhsMax =   5.68369439363892E-04  1.93188639940089E+00
 cg2d: Sum(rhs),rhsMax =   5.68456726782074E-04  1.93158975611264E+00
 cg2d: Sum(rhs),rhsMax =   5.68544156024586E-04  1.93129272146089E+00
 cg2d: Sum(rhs),rhsMax =   5.68631727389857E-04  1.93099529664811E+00
 cg2d: Sum(rhs),rhsMax =   5.68719439456800E-04  1.93069748292744E+00
 cg2d: Sum(rhs),rhsMax =   5.68807292808060E-04  1.93039928160625E+00
 cg2d: Sum(rhs),rhsMax =   5.68895287585747E-04  1.93010069404925E+00
 cg2d: Sum(rhs),rhsMax =   5.68983424003022E-04  1.92980172168115E+00
 cg2d: Sum(rhs),rhsMax =   5.69071699871415E-04  1.92950236598881E+00
 cg2d: Sum(rhs),rhsMax =   5.69160115276190E-04  1.92920262852302E+00
 cg2d: Sum(rhs),rhsMax =   5.69248670601041E-04  1.92890251089993E+00
 cg2d: Sum(rhs),rhsMax =   5.69337364893840E-04  1.92860201480199E+00
 cg2d: Sum(rhs),rhsMax =   5.69426199135137E-04  1.92830114197865E+00
 cg2d: Sum(rhs),rhsMax =   5.69515171548574E-04  1.92799989424667E+00
 cg2d: Sum(rhs),rhsMax =   5.69604281039915E-04  1.92769827349026E+00
 cg2d: Sum(rhs),rhsMax =   5.69693529456572E-04  1.92739628166069E+00
 cg2d: Sum(rhs),rhsMax =   5.69782914183747E-04  1.92709392077588E+00
 cg2d: Sum(rhs),rhsMax =   5.69847074089580E-04  1.92687694522522E+00
 cg2d: Sum(rhs),rhsMax =   5.69810078403066E-04  1.92700205129765E+00
 cg2d: Sum(rhs),rhsMax =   5.69773242744986E-04  1.92712663035100E+00
 cg2d: Sum(rhs),rhsMax =   5.69736568834855E-04  1.92725068143217E+00
 cg2d: Sum(rhs),rhsMax =   5.69700054853683E-04  1.92737420363054E+00
 cg2d: Sum(rhs),rhsMax =   5.69663703032575E-04  1.92749719608195E+00
 cg2d: Sum(rhs),rhsMax =   5.69627512064130E-04  1.92761965797260E+00
 cg2d: Sum(rhs),rhsMax =   5.69591482701526E-04  1.92774158854240E+00
 cg2d: Sum(rhs),rhsMax =   5.69555615300033E-04  1.92786298708831E+00
 cg2d: Sum(rhs),rhsMax =   5.69519909802807E-04  1.92798385296695E+00
 cg2d: Sum(rhs),rhsMax =   5.69484366053530E-04  1.92810418559698E+00
 cg2d: Sum(rhs),rhsMax =   5.69448984705900E-04  1.92822398446083E+00
 cg2d: Sum(rhs),rhsMax =   5.69413765205695E-04  1.92834324910597E+00
 cg2d: Sum(rhs),rhsMax =   5.69378708419777E-04  1.92846197914576E+00
 cg2d: Sum(rhs),rhsMax =   5.69343813211276E-04  1.92858017425908E+00
 cg2d: Sum(rhs),rhsMax =   5.69309079921254E-04  1.92869783419035E+00
 cg2d: Sum(rhs),rhsMax =   5.69274509402362E-04  1.92881495874817E+00
 cg2d: Sum(rhs),rhsMax =   5.69240102379354E-04  1.92893154780360E+00
 cg2d: Sum(rhs),rhsMax =   5.69205855683208E-04  1.92904760128774E+00
 cg2d: Sum(rhs),rhsMax =   5.69171771104493E-04  1.92916311918931E+00
 cg2d: Sum(rhs),rhsMax =   5.69137849595336E-04  1.92927810155097E+00
 cg2d: Sum(rhs),rhsMax =   5.69104089379380E-04  1.92939254846565E+00
 cg2d: Sum(rhs),rhsMax =   5.69070492034029E-04  1.92950646007225E+00
 cg2d: Sum(rhs),rhsMax =   5.69037055171862E-04  1.92961983655112E+00
 cg2d: Sum(rhs),rhsMax =   5.69003780725552E-04  1.92973267811906E+00
 cg2d: Sum(rhs),rhsMax =   5.68970668197721E-04  1.92984498502435E+00
 cg2d: Sum(rhs),rhsMax =   5.68937715954121E-04  1.92995675754161E+00
 cg2d: Sum(rhs),rhsMax =   5.68904925899005E-04  1.93006799596649E+00
 cg2d: Sum(rhs),rhsMax =   5.68872296526024E-04  1.93017870061002E+00
 cg2d: Sum(rhs),rhsMax =   5.68839828019918E-04  1.93028887179307E+00
 cg2d: Sum(rhs),rhsMax =   5.68807520366477E-04  1.93039850984101E+00
 cg2d: Sum(rhs),rhsMax =   5.68775373579911E-04  1.93050761507852E+00
 cg2d: Sum(rhs),rhsMax =   5.68743386793358E-04  1.93061618782461E+00
 cg2d: Sum(rhs),rhsMax =   5.68711561001578E-04  1.93072422838794E+00
 cg2d: Sum(rhs),rhsMax =   5.68679895195601E-04  1.93083173706223E+00
 cg2d: Sum(rhs),rhsMax =   5.68648389176474E-04  1.93093871412211E+00
 cg2d: Sum(rhs),rhsMax =   5.68617043285258E-04  1.93104515981919E+00
 cg2d: Sum(rhs),rhsMax =   5.68585857934067E-04  1.93115107437851E+00
 cg2d: Sum(rhs),rhsMax =   5.68554831787083E-04  1.93125645799536E+00
 cg2d: Sum(rhs),rhsMax =   5.68523964602718E-04  1.93136131082918E+00
 cg2d: Sum(rhs),rhsMax =   5.68493257645741E-04  1.93146563300398E+00
 cg2d: Sum(rhs),rhsMax =   5.68462709750861E-04  1.93156942461187E+00
 cg2d: Sum(rhs),rhsMax =   5.68432321500723E-04  1.93167268571054E+00
 cg2d: Sum(rhs),rhsMax =   5.68402092753217E-04  1.93177541631668E+00
 cg2d: Sum(rhs),rhsMax =   5.68372023664665E-04  1.93187761640203E+00
 cg2d: Sum(rhs),rhsMax =   5.68342113197673E-04  1.93197928589346E+00
 cg2d: Sum(rhs),rhsMax =   5.68312362119627E-04  1.93208042467462E+00
 cg2d: Sum(rhs),rhsMax =   5.68282770046835E-04  1.93218103258727E+00
 cg2d: Sum(rhs),rhsMax =   5.68253337718261E-04  1.93228110943182E+00
 cg2d: Sum(rhs),rhsMax =   5.68224064039669E-04  1.93238065496761E+00
 cg2d: Sum(rhs),rhsMax =   5.68194950361089E-04  1.93247966891313E+00
 cg2d: Sum(rhs),rhsMax =   5.68165996369885E-04  1.93257815094665E+00
 cg2d: Sum(rhs),rhsMax =   5.68137201156560E-04  1.93267610070708E+00
 cg2d: Sum(rhs),rhsMax =   5.68108564721115E-04  1.93277351779510E+00
 cg2d: Sum(rhs),rhsMax =   5.68080088768852E-04  1.93287040177453E+00
 cg2d: Sum(rhs),rhsMax =   5.68051772290801E-04  1.93296675217384E+00
 cg2d: Sum(rhs),rhsMax =   5.68023616210667E-04  1.93306256848779E+00
 cg2d: Sum(rhs),rhsMax =   5.67995619633166E-04  1.93315785017934E+00
 cg2d: Sum(rhs),rhsMax =   5.67967782387768E-04  1.93325259668148E+00
 cg2d: Sum(rhs),rhsMax =   5.67940105270281E-04  1.93334680739938E+00
 cg2d: Sum(rhs),rhsMax =   5.67912589659159E-04  1.93344048171255E+00
 cg2d: Sum(rhs),rhsMax =   5.67885233849097E-04  1.93353361897708E+00
 cg2d: Sum(rhs),rhsMax =   5.67858037570090E-04  1.93362621852817E+00
 cg2d: Sum(rhs),rhsMax =   5.67831002683761E-04  1.93371827968256E+00
 cg2d: Sum(rhs),rhsMax =   5.67804128792204E-04  1.93380980174130E+00
 cg2d: Sum(rhs),rhsMax =   5.67777415994897E-04  1.93390078399242E+00
 cg2d: Sum(rhs),rhsMax =   5.67750864050254E-04  1.93399122571392E+00
 cg2d: Sum(rhs),rhsMax =   5.67724473711451E-04  1.93408112617674E+00
 cg2d: Sum(rhs),rhsMax =   5.67698245362180E-04  1.93417048464799E+00
 cg2d: Sum(rhs),rhsMax =   5.67672177979262E-04  1.93425930039398E+00
 cg2d: Sum(rhs),rhsMax =   5.67646272330080E-04  1.93434757268368E+00
 cg2d: Sum(rhs),rhsMax =   5.67620529622559E-04  1.93443530079200E+00
 cg2d: Sum(rhs),rhsMax =   5.67594948634564E-04  1.93452248400322E+00
 cg2d: Sum(rhs),rhsMax =   5.67569530389278E-04  1.93460912161446E+00
 cg2d: Sum(rhs),rhsMax =   5.67544274105103E-04  1.93469521293896E+00
 cg2d: Sum(rhs),rhsMax =   5.67519180876275E-04  1.93478075730964E+00
 cg2d: Sum(rhs),rhsMax =   5.67494250361733E-04  1.93486575408246E+00
 cg2d: Sum(rhs),rhsMax =   5.67469482405158E-04  1.93495020263951E+00
 cg2d: Sum(rhs),rhsMax =   5.67444877717094E-04  1.93503410239259E+00
 cg2d: Sum(rhs),rhsMax =   5.67420436397015E-04  1.93511745278588E+00
 cg2d: Sum(rhs),rhsMax =   5.67396158587030E-04  1.93520025329893E+00
 cg2d: Sum(rhs),rhsMax =   5.67372044400827E-04  1.93528250344968E+00
 cg2d: Sum(rhs),rhsMax =   5.67348093440501E-04  1.93536420279662E+00
 cg2d: Sum(rhs),rhsMax =   5.67324305293937E-04  1.93544535094139E+00
 cg2d: Sum(rhs),rhsMax =   5.67300681993288E-04  1.93552594742314E+00
 cg2d: Sum(rhs),rhsMax =   5.67277221833251E-04  1.93560599207106E+00
 cg2d: Sum(rhs),rhsMax =   5.67253925240152E-04  1.93568548469515E+00
 cg2d: Sum(rhs),rhsMax =   5.67230793265594E-04  1.93576442510378E+00
 cg2d: Sum(rhs),rhsMax =   5.67207824389016E-04  1.93584281315338E+00
 cg2d: Sum(rhs),rhsMax =   5.67185018198302E-04  1.93592064876459E+00
 cg2d: Sum(rhs),rhsMax =   5.67162377379304E-04  1.93599793192032E+00
 cg2d: Sum(rhs),rhsMax =   5.67139899729341E-04  1.93607466266035E+00
 cg2d: Sum(rhs),rhsMax =   5.67117585774213E-04  1.93615084107800E+00
 cg2d: Sum(rhs),rhsMax =   5.67095434632847E-04  1.93622646731864E+00
 cg2d: Sum(rhs),rhsMax =   5.67073446958943E-04  1.93630154157827E+00
 cg2d: Sum(rhs),rhsMax =   5.67051622979875E-04  1.93637606410190E+00
 cg2d: Sum(rhs),rhsMax =   5.67029962297738E-04  1.93645003518143E+00
 cg2d: Sum(rhs),rhsMax =   5.67008467001529E-04  1.93652344666737E+00
 cg2d: Sum(rhs),rhsMax =   5.66987132700092E-04  1.93659631182484E+00
 cg2d: Sum(rhs),rhsMax =   5.66965959549748E-04  1.93666863235074E+00
 cg2d: Sum(rhs),rhsMax =   5.66944948360515E-04  1.93674040667479E+00
 cg2d: Sum(rhs),rhsMax =   5.66924098066579E-04  1.93681163444433E+00
 cg2d: Sum(rhs),rhsMax =   5.66903410074815E-04  1.93688231663346E+00
 cg2d: Sum(rhs),rhsMax =   5.66882881869901E-04  1.93695245477677E+00
 cg2d: Sum(rhs),rhsMax =   5.66862513863953E-04  1.93702205044203E+00
 cg2d: Sum(rhs),rhsMax =   5.66842306980675E-04  1.93709110509448E+00
 cg2d: Sum(rhs),rhsMax =   5.66822257979993E-04  1.93715962012605E+00
 cg2d: Sum(rhs),rhsMax =   5.66802367970354E-04  1.93722759688736E+00
 cg2d: Sum(rhs),rhsMax =   5.66782637463348E-04  1.93729503669443E+00
 cg2d: Sum(rhs),rhsMax =   5.66763064682618E-04  1.93736194082459E+00
 cg2d: Sum(rhs),rhsMax =   5.66743648377610E-04  1.93742831051081E+00
 cg2d: Sum(rhs),rhsMax =   5.66724390679951E-04  1.93749414693534E+00
 cg2d: Sum(rhs),rhsMax =   5.66705290211189E-04  1.93755945122527E+00
 cg2d: Sum(rhs),rhsMax =   5.66686344882328E-04  1.93762422444715E+00
 cg2d: Sum(rhs),rhsMax =   5.66667556498146E-04  1.93768846760320E+00
 cg2d: Sum(rhs),rhsMax =   5.66648924873903E-04  1.93775218162732E+00
 cg2d: Sum(rhs),rhsMax =   5.66630448133765E-04  1.93781536738282E+00
 cg2d: Sum(rhs),rhsMax =   5.66612127158805E-04  1.93787802565970E+00
 cg2d: Sum(rhs),rhsMax =   5.66593960812156E-04  1.93794015717275E+00
 cg2d: Sum(rhs),rhsMax =   5.66575950401216E-04  1.93800176255951E+00
 cg2d: Sum(rhs),rhsMax =   5.66558093609615E-04  1.93806284237846E+00
 cg2d: Sum(rhs),rhsMax =   5.66540392682668E-04  1.93812339710715E+00
 cg2d: Sum(rhs),rhsMax =   5.66522845318218E-04  1.93818342714069E+00
 cg2d: Sum(rhs),rhsMax =   5.66505452795241E-04  1.93824293279053E+00
 cg2d: Sum(rhs),rhsMax =   5.66488214573724E-04  1.93830191428424E+00
 cg2d: Sum(rhs),rhsMax =   5.66471339055852E-04  1.93835965552409E+00
 cg2d: Sum(rhs),rhsMax =   5.66454571142572E-04  1.93841703392184E+00
 cg2d: Sum(rhs),rhsMax =   5.66437956578625E-04  1.93847389283846E+00
 cg2d: Sum(rhs),rhsMax =   5.66421512019133E-04  1.93853016990018E+00
 cg2d: Sum(rhs),rhsMax =   5.66405237734102E-04  1.93858586885546E+00
 cg2d: Sum(rhs),rhsMax =   5.66389135386203E-04  1.93864098436703E+00
 cg2d: Sum(rhs),rhsMax =   5.66373206766002E-04  1.93869550533812E+00
 cg2d: Sum(rhs),rhsMax =   5.66357456264655E-04  1.93874942108653E+00
 cg2d: Sum(rhs),rhsMax =   5.66341885985366E-04  1.93880272167404E+00
 cg2d: Sum(rhs),rhsMax =   5.66326498770309E-04  1.93885539757848E+00
 cg2d: Sum(rhs),rhsMax =   5.66311298996425E-04  1.93890743975502E+00
 cg2d: Sum(rhs),rhsMax =   5.66296286422130E-04  1.93895883978299E+00
 cg2d: Sum(rhs),rhsMax =   5.66281464401186E-04  1.93900958996676E+00
 cg2d: Sum(rhs),rhsMax =   5.66266835249962E-04  1.93905968340005E+00
 cg2d: Sum(rhs),rhsMax =   5.66252399565315E-04  1.93910911401435E+00
 cg2d: Sum(rhs),rhsMax =   5.66238160629950E-04  1.93915787661827E+00
 cg2d: Sum(rhs),rhsMax =   5.66224119040726E-04  1.93920596692949E+00
 cg2d: Sum(rhs),rhsMax =   5.66210274683954E-04  1.93925338159943E+00
 cg2d: Sum(rhs),rhsMax =   5.66196629563365E-04  1.93930011823062E+00
 cg2d: Sum(rhs),rhsMax =   5.66183182812097E-04  1.93934617538682E+00
 cg2d: Sum(rhs),rhsMax =   5.66169935140692E-04  1.93939155259580E+00
 cg2d: Sum(rhs),rhsMax =   5.66156887245484E-04  1.93943625034418E+00
 cg2d: Sum(rhs),rhsMax =   5.66144036923788E-04  1.93948027006488E+00
 cg2d: Sum(rhs),rhsMax =   5.66131385383528E-04  1.93952361411669E+00
 cg2d: Sum(rhs),rhsMax =   5.66118929739901E-04  1.93956628575674E+00
 cg2d: Sum(rhs),rhsMax =   5.66106670092381E-04  1.93960828910622E+00
 cg2d: Sum(rhs),rhsMax =   5.66094605005674E-04  1.93964962911005E+00
 cg2d: Sum(rhs),rhsMax =   5.66082731495499E-04  1.93969031149122E+00
 cg2d: Sum(rhs),rhsMax =   5.66071048751837E-04  1.93973034270020E+00
 cg2d: Sum(rhs),rhsMax =   5.66059554572007E-04  1.93976972985994E+00
 cg2d: Sum(rhs),rhsMax =   5.66048246795958E-04  1.93980848070686E+00
 cg2d: Sum(rhs),rhsMax =   5.66037122510465E-04  1.93984660352763E+00
 cg2d: Sum(rhs),rhsMax =   5.66026179441792E-04  1.93988410709271E+00
 cg2d: Sum(rhs),rhsMax =   5.66015415088827E-04  1.93992100058619E+00
 cg2d: Sum(rhs),rhsMax =   5.66004825358846E-04  1.93995729353294E+00
 cg2d: Sum(rhs),rhsMax =   5.65994409626569E-04  1.93999299572338E+00
 cg2d: Sum(rhs),rhsMax =   5.65984163287681E-04  1.94002811713638E+00
 cg2d: Sum(rhs),rhsMax =   5.65974083471588E-04  1.94006266786121E+00
 cg2d: Sum(rhs),rhsMax =   5.65964167549282E-04  1.94009665801904E+00
 cg2d: Sum(rhs),rhsMax =   5.65954412735437E-04  1.94013009768470E+00
 cg2d: Sum(rhs),rhsMax =   5.65944815917874E-04  1.94016299680940E+00
 cg2d: Sum(rhs),rhsMax =   5.65935374154947E-04  1.94019536514486E+00
 cg2d: Sum(rhs),rhsMax =   5.65926084902912E-04  1.94022721216974E+00
 cg2d: Sum(rhs),rhsMax =   5.65916945234335E-04  1.94025854701858E+00
 cg2d: Sum(rhs),rhsMax =   5.65907952989164E-04  1.94028937841398E+00
 cg2d: Sum(rhs),rhsMax =   5.65899104643108E-04  1.94031971460253E+00
 cg2d: Sum(rhs),rhsMax =   5.65890399698787E-04  1.94034956329477E+00
 cg2d: Sum(rhs),rhsMax =   5.65881834930337E-04  1.94037893160996E+00
 cg2d: Sum(rhs),rhsMax =   5.65873408149287E-04  1.94040782602560E+00
 cg2d: Sum(rhs),rhsMax =   5.65865118630882E-04  1.94043625233250E+00
 cg2d: Sum(rhs),rhsMax =   5.65856964513500E-04  1.94046421559550E+00
 cg2d: Sum(rhs),rhsMax =   5.65848943764991E-04  1.94049172012000E+00
 cg2d: Sum(rhs),rhsMax =   5.65841056442196E-04  1.94051876942486E+00
 cg2d: Sum(rhs),rhsMax =   5.65833301138241E-04  1.94054536622143E+00
 cg2d: Sum(rhs),rhsMax =   5.65825677156795E-04  1.94057151239927E+00
 cg2d: Sum(rhs),rhsMax =   5.65818184597333E-04  1.94059720901805E+00
 cg2d: Sum(rhs),rhsMax =   5.65810823573543E-04  1.94062245630644E+00
 cg2d: Sum(rhs),rhsMax =   5.65803593232772E-04  1.94064725366713E+00
 cg2d: Sum(rhs),rhsMax =   5.65796495607174E-04  1.94067159968861E+00
 cg2d: Sum(rhs),rhsMax =   5.65789528991445E-04  1.94069549216316E+00
 cg2d: Sum(rhs),rhsMax =   5.65782697648842E-04  1.94071892811093E+00
 cg2d: Sum(rhs),rhsMax =   5.65775999206153E-04  1.94074190381030E+00
 cg2d: Sum(rhs),rhsMax =   5.65769436775554E-04  1.94076441483355E+00
 cg2d: Sum(rhs),rhsMax =   5.65763011053377E-04  1.94078645608821E+00
 cg2d: Sum(rhs),rhsMax =   5.65756724739686E-04  1.94080802186337E+00
 cg2d: Sum(rhs),rhsMax =   5.65750578360280E-04  1.94082910588057E+00
 cg2d: Sum(rhs),rhsMax =   5.65744575325766E-04  1.94084970134922E+00
 cg2d: Sum(rhs),rhsMax =   5.65738716304054E-04  1.94086980102524E+00
 cg2d: Sum(rhs),rhsMax =   5.65733004023627E-04  1.94088939727367E+00
 cg2d: Sum(rhs),rhsMax =   5.65727441596664E-04  1.94090848213357E+00
 cg2d: Sum(rhs),rhsMax =   5.65722030060556E-04  1.94092704738554E+00
 cg2d: Sum(rhs),rhsMax =   5.65716773039071E-04  1.94094508462079E+00
 cg2d: Sum(rhs),rhsMax =   5.65711672109614E-04  1.94096258531157E+00
 cg2d: Sum(rhs),rhsMax =   5.65706730625948E-04  1.94097954088241E+00
 cg2d: Sum(rhs),rhsMax =   5.65701950165476E-04  1.94099594278130E+00
 cg2d: Sum(rhs),rhsMax =   5.65697333485105E-04  1.94101178255079E+00
 cg2d: Sum(rhs),rhsMax =   5.65692883114366E-04  1.94102705189814E+00
 cg2d: Sum(rhs),rhsMax =   5.65688602137016E-04  1.94104174276407E+00
 cg2d: Sum(rhs),rhsMax =   5.65684492173091E-04  1.94105584738976E+00
 cg2d: Sum(rhs),rhsMax =   5.65680554430514E-04  1.94106935838114E+00
 cg2d: Sum(rhs),rhsMax =   5.65676791168812E-04  1.94108226877107E+00
 cg2d: Sum(rhs),rhsMax =   5.65673205656481E-04  1.94109457207738E+00
 cg2d: Sum(rhs),rhsMax =   5.65669799343027E-04  1.94110626235765E+00
 cg2d: Sum(rhs),rhsMax =   5.65666572711621E-04  1.94111733425973E+00
 cg2d: Sum(rhs),rhsMax =   5.65663528291793E-04  1.94112778306777E+00
 cg2d: Sum(rhs),rhsMax =   5.65660666126178E-04  1.94113760474319E+00
 cg2d: Sum(rhs),rhsMax =   5.65657987280588E-04  1.94114679596071E+00
 cg2d: Sum(rhs),rhsMax =   5.65655493389272E-04  1.94115535413877E+00
 cg2d: Sum(rhs),rhsMax =   5.65653184480652E-04  1.94116327746433E+00
 cg2d: Sum(rhs),rhsMax =   5.65651061435801E-04  1.94117056491180E+00
 cg2d: Sum(rhs),rhsMax =   5.65649122876266E-04  1.94117721625602E+00
 cg2d: Sum(rhs),rhsMax =   5.65647370081024E-04  1.94118323207926E+00
 cg2d: Sum(rhs),rhsMax =   5.65645801870573E-04  1.94118861377199E+00
 cg2d: Sum(rhs),rhsMax =   5.65644417577005E-04  1.94119336352778E+00
 cg2d: Sum(rhs),rhsMax =   5.65643216859257E-04  1.94119748433205E+00
 cg2d: Sum(rhs),rhsMax =   5.65642198282035E-04  1.94120097994511E+00
 cg2d: Sum(rhs),rhsMax =   5.65641360694258E-04  1.94120385487923E+00
 cg2d: Sum(rhs),rhsMax =   5.65640702546943E-04  1.94120611437048E+00
 cg2d: Sum(rhs),rhsMax =   5.65640221850572E-04  1.94120776434500E+00
 cg2d: Sum(rhs),rhsMax =   5.65639916345617E-04  1.94120881138041E+00
 cg2d: Sum(rhs),rhsMax =   5.65639785094163E-04  1.94120926266240E+00
 cg2d: Sum(rhs),rhsMax =   5.65639824600339E-04  1.94120912593701E+00
 cg2d: Sum(rhs),rhsMax =   5.65640033869386E-04  1.94120840945881E+00
 cg2d: Sum(rhs),rhsMax =   5.65640408410673E-04  1.94120712193553E+00
 cg2d: Sum(rhs),rhsMax =   5.65640947641555E-04  1.94120527246949E+00
 cg2d: Sum(rhs),rhsMax =   5.65641648051951E-04  1.94120287049625E+00
 cg2d: Sum(rhs),rhsMax =   5.65642505378605E-04  1.94119992572099E+00
 cg2d: Sum(rhs),rhsMax =   5.65643519024661E-04  1.94119644805309E+00
 cg2d: Sum(rhs),rhsMax =   5.65644685082134E-04  1.94119244753943E+00
 cg2d: Sum(rhs),rhsMax =   5.65645999898834E-04  1.94118793429684E+00
 cg2d: Sum(rhs),rhsMax =   5.65647460987861E-04  1.94118291844430E+00
 cg2d: Sum(rhs),rhsMax =   5.65649066700757E-04  1.94117741003520E+00
 cg2d: Sum(rhs),rhsMax =   5.65650812276886E-04  1.94117141899060E+00
 cg2d: Sum(rhs),rhsMax =   5.65652695883045E-04  1.94116495503341E+00
 cg2d: Sum(rhs),rhsMax =   5.65654713923891E-04  1.94115802762434E+00
 cg2d: Sum(rhs),rhsMax =   5.65656866285735E-04  1.94115064590012E+00
 cg2d: Sum(rhs),rhsMax =   5.65659146417374E-04  1.94114281861421E+00
 cg2d: Sum(rhs),rhsMax =   5.65661554716712E-04  1.94113455408049E+00
 cg2d: Sum(rhs),rhsMax =   5.65664088441054E-04  1.94112586012061E+00
 cg2d: Sum(rhs),rhsMax =   5.65666744634541E-04  1.94111674401490E+00
 cg2d: Sum(rhs),rhsMax =   5.65669522401890E-04  1.94110721245757E+00
 cg2d: Sum(rhs),rhsMax =   5.65672419526209E-04  1.94109727151625E+00
 cg2d: Sum(rhs),rhsMax =   5.65675434430091E-04  1.94108692659655E+00
 cg2d: Sum(rhs),rhsMax =   5.65678565322969E-04  1.94107618241108E+00
 cg2d: Sum(rhs),rhsMax =   5.65681811607988E-04  1.94106504295419E+00
 cg2d: Sum(rhs),rhsMax =   5.65685171949326E-04  1.94105351148158E+00
 cg2d: Sum(rhs),rhsMax =   5.65688646346985E-04  1.94104159049566E+00
 cg2d: Sum(rhs),rhsMax =   5.65692233450932E-04  1.94102928173616E+00
 cg2d: Sum(rhs),rhsMax =   5.65695933630650E-04  1.94101658617654E+00
 cg2d: Sum(rhs),rhsMax =   5.65699746701398E-04  1.94100350402574E+00
 cg2d: Sum(rhs),rhsMax =   5.65703672620543E-04  1.94099003473547E+00
 cg2d: Sum(rhs),rhsMax =   5.65707711288610E-04  1.94097617701297E+00
 cg2d: Sum(rhs),rhsMax =   5.65711863643514E-04  1.94096192883895E+00
 cg2d: Sum(rhs),rhsMax =   5.65716130864757E-04  1.94094728749069E+00
 cg2d: Sum(rhs),rhsMax =   5.65720514146051E-04  1.94093224957002E+00
 cg2d: Sum(rhs),rhsMax =   5.65725013842666E-04  1.94091681103597E+00
 cg2d: Sum(rhs),rhsMax =   5.65729631944123E-04  1.94090096724185E+00
 cg2d: Sum(rhs),rhsMax =   5.65734370539417E-04  1.94088471297637E+00
 cg2d: Sum(rhs),rhsMax =   5.65739228818529E-04  1.94086804250860E+00
 cg2d: Sum(rhs),rhsMax =   5.65744210604180E-04  1.94085094963632E+00
 cg2d: Sum(rhs),rhsMax =   5.65749318752751E-04  1.94083342773734E+00
 cg2d: Sum(rhs),rhsMax =   5.65754553718989E-04  1.94081546982364E+00
 cg2d: Sum(rhs),rhsMax =   5.65759917662945E-04  1.94079706859757E+00
 cg2d: Sum(rhs),rhsMax =   5.65765412915198E-04  1.94077821650993E+00
 cg2d: Sum(rhs),rhsMax =   5.65771042587926E-04  1.94075890581953E+00
 cg2d: Sum(rhs),rhsMax =   5.65776808315377E-04  1.94073912865345E+00
 cg2d: Sum(rhs),rhsMax =   5.65782712456553E-04  1.94071887706801E+00
 cg2d: Sum(rhs),rhsMax =   5.65788757114660E-04  1.94069814310967E+00
 cg2d: Sum(rhs),rhsMax =   5.65794944904496E-04  1.94067691887563E+00
 cg2d: Sum(rhs),rhsMax =   5.65801278114009E-04  1.94065519657338E+00
 cg2d: Sum(rhs),rhsMax =   5.65807758121650E-04  1.94063296857925E+00
 cg2d: Sum(rhs),rhsMax =   5.65814389133834E-04  1.94061022749510E+00
 cg2d: Sum(rhs),rhsMax =   5.65821171079506E-04  1.94058696620303E+00
 cg2d: Sum(rhs),rhsMax =   5.65828107170319E-04  1.94056317791752E+00
 cg2d: Sum(rhs),rhsMax =   5.65835198912623E-04  1.94053885623495E+00
 cg2d: Sum(rhs),rhsMax =   5.65842447855402E-04  1.94051399517972E+00
 cg2d: Sum(rhs),rhsMax =   5.65849856656087E-04  1.94048858924708E+00
 cg2d: Sum(rhs),rhsMax =   5.65857425456784E-04  1.94046263344218E+00
 cg2d: Sum(rhs),rhsMax =   5.65865156090695E-04  1.94043612331503E+00
 cg2d: Sum(rhs),rhsMax =   5.65873050348387E-04  1.94040905499127E+00
 cg2d: Sum(rhs),rhsMax =   5.65881107732480E-04  1.94038142519856E+00
 cg2d: Sum(rhs),rhsMax =   5.65889329806168E-04  1.94035323128849E+00
 cg2d: Sum(rhs),rhsMax =   5.65897718090014E-04  1.94032447125354E+00
 cg2d: Sum(rhs),rhsMax =   5.65906271162930E-04  1.94029514373942E+00
 cg2d: Sum(rhs),rhsMax =   5.65914990914962E-04  1.94026524805273E+00
 cg2d: Sum(rhs),rhsMax =   5.65923876621355E-04  1.94023478416347E+00
 cg2d: Sum(rhs),rhsMax =   5.65932927969470E-04  1.94020375270298E+00
 cg2d: Sum(rhs),rhsMax =   5.65942144206133E-04  1.94017215495696E+00
 cg2d: Sum(rhs),rhsMax =   5.65951526155573E-04  1.94013999285402E+00
 cg2d: Sum(rhs),rhsMax =   5.65961072013010E-04  1.94010726894948E+00
 cg2d: Sum(rhs),rhsMax =   5.65970781565284E-04  1.94007398640494E+00
 cg2d: Sum(rhs),rhsMax =   5.65980652453391E-04  1.94004014896364E+00
 cg2d: Sum(rhs),rhsMax =   5.65990685004181E-04  1.94000576092188E+00
 cg2d: Sum(rhs),rhsMax =   5.66000877384454E-04  1.93997082709659E+00
 cg2d: Sum(rhs),rhsMax =   5.66011226865726E-04  1.93993535278974E+00
 cg2d: Sum(rhs),rhsMax =   5.66021733447997E-04  1.93989934374933E+00
 cg2d: Sum(rhs),rhsMax =   5.66032394573313E-04  1.93986280612772E+00
 cg2d: Sum(rhs),rhsMax =   5.66043209005329E-04  1.93982574643748E+00
 cg2d: Sum(rhs),rhsMax =   5.66054173305020E-04  1.93978817150497E+00
 cg2d: Sum(rhs),rhsMax =   5.66065286676576E-04  1.93975008842234E+00
 cg2d: Sum(rhs),rhsMax =   5.66076546860472E-04  1.93971150449799E+00
 cg2d: Sum(rhs),rhsMax =   5.66087950872429E-04  1.93967242720608E+00
 cg2d: Sum(rhs),rhsMax =   5.66099497476102E-04  1.93963286413538E+00
 cg2d: Sum(rhs),rhsMax =   5.66111183914586E-04  1.93959282293788E+00
 cg2d: Sum(rhs),rhsMax =   5.66123008880481E-04  1.93955231127746E+00
 cg2d: Sum(rhs),rhsMax =   5.66134969034238E-04  1.93951133677930E+00
 cg2d: Sum(rhs),rhsMax =   5.66147062357913E-04  1.93946990697976E+00
 cg2d: Sum(rhs),rhsMax =   5.66159286620405E-04  1.93942802927793E+00
 cg2d: Sum(rhs),rhsMax =   5.66171640571156E-04  1.93938571071380E+00
 cg2d: Sum(rhs),rhsMax =   5.66184122362756E-04  1.93934295816215E+00
 cg2d: Sum(rhs),rhsMax =   5.66196728186696E-04  1.93929977852044E+00
 cg2d: Sum(rhs),rhsMax =   5.66209458312983E-04  1.93925617846373E+00
 cg2d: Sum(rhs),rhsMax =   5.66222309743125E-04  1.93921216416752E+00
 cg2d: Sum(rhs),rhsMax =   5.66235280317073E-04  1.93916774124140E+00
 cg2d: Sum(rhs),rhsMax =   5.66248370006406E-04  1.93912291479712E+00
 cg2d: Sum(rhs),rhsMax =   5.66261576281590E-04  1.93907768952130E+00
 cg2d: Sum(rhs),rhsMax =   5.66274899028940E-04  1.93903206969090E+00
 cg2d: Sum(rhs),rhsMax =   5.66288336258935E-04  1.93898605914071E+00
 cg2d: Sum(rhs),rhsMax =   5.66301887744203E-04  1.93893966121977E+00
 cg2d: Sum(rhs),rhsMax =   5.66315551637331E-04  1.93889287876035E+00
 cg2d: Sum(rhs),rhsMax =   5.66329327824633E-04  1.93884571406287E+00
 cg2d: Sum(rhs),rhsMax =   5.66343215794518E-04  1.93879816889113E+00
 cg2d: Sum(rhs),rhsMax =   5.66357215248559E-04  1.93875024447323E+00
 cg2d: Sum(rhs),rhsMax =   5.66371326058857E-04  1.93870194150621E+00
 cg2d: Sum(rhs),rhsMax =   5.66385548182780E-04  1.93865326016439E+00
 cg2d: Sum(rhs),rhsMax =   5.66399881478219E-04  1.93860420011078E+00
 cg2d: Sum(rhs),rhsMax =   5.66414326584663E-04  1.93855476051191E+00
 cg2d: Sum(rhs),rhsMax =   5.66428883999492E-04  1.93850494005580E+00
 cg2d: Sum(rhs),rhsMax =   5.66443554006923E-04  1.93845473697295E+00
 cg2d: Sum(rhs),rhsMax =   5.66458336933806E-04  1.93840414906035E+00
 cg2d: Sum(rhs),rhsMax =   5.66473233732268E-04  1.93835317370867E+00
 cg2d: Sum(rhs),rhsMax =   5.66488245127061E-04  1.93830180793220E+00
 cg2d: Sum(rhs),rhsMax =   5.66503372866123E-04  1.93825004840177E+00
 cg2d: Sum(rhs),rhsMax =   5.66518617603151E-04  1.93819789147975E+00
 cg2d: Sum(rhs),rhsMax =   5.66533980560280E-04  1.93814533325761E+00
 cg2d: Sum(rhs),rhsMax =   5.66549462249100E-04  1.93809236959468E+00
 cg2d: Sum(rhs),rhsMax =   5.66565065270197E-04  1.93803899615844E+00
 cg2d: Sum(rhs),rhsMax =   5.66580789481463E-04  1.93798520846561E+00
 cg2d: Sum(rhs),rhsMax =   5.66596637440853E-04  1.93793100192375E+00
 cg2d: Sum(rhs),rhsMax =   5.66612610469974E-04  1.93787637187308E+00
 cg2d: Sum(rhs),rhsMax =   5.66628708867256E-04  1.93782131362827E+00
 cg2d: Sum(rhs),rhsMax =   5.66644935517502E-04  1.93776582251990E+00
 cg2d: Sum(rhs),rhsMax =   5.66661290633874E-04  1.93770989393529E+00
 cg2d: Sum(rhs),rhsMax =   5.66677776447477E-04  1.93765352335843E+00
 cg2d: Sum(rhs),rhsMax =   5.66694393299372E-04  1.93759670640885E+00
 cg2d: Sum(rhs),rhsMax =   5.66711143051180E-04  1.93753943887899E+00
 cg2d: Sum(rhs),rhsMax =   5.66728026512919E-04  1.93748171676987E+00
 cg2d: Sum(rhs),rhsMax =   5.66745045645689E-04  1.93742353632490E+00
 cg2d: Sum(rhs),rhsMax =   5.66762199866844E-04  1.93736489406147E+00
 cg2d: Sum(rhs),rhsMax =   5.66779491890657E-04  1.93730578680006E+00
 cg2d: Sum(rhs),rhsMax =   5.66796922214508E-04  1.93724621169101E+00
 cg2d: Sum(rhs),rhsMax =   5.66814490554179E-04  1.93718616623819E+00
 cg2d: Sum(rhs),rhsMax =   5.66832198771294E-04  1.93712564832014E+00
 cg2d: Sum(rhs),rhsMax =   5.66850046169520E-04  1.93706465620781E+00
 cg2d: Sum(rhs),rhsMax =   5.66868033942569E-04  1.93700318857945E+00
 cg2d: Sum(rhs),rhsMax =   5.66886162971514E-04  1.93694124453221E+00
 cg2d: Sum(rhs),rhsMax =   5.66904432346860E-04  1.93687882359039E+00
 cg2d: Sum(rhs),rhsMax =   5.66922842409667E-04  1.93681592571052E+00
 cg2d: Sum(rhs),rhsMax =   5.66941393586262E-04  1.93675255128309E+00
 cg2d: Sum(rhs),rhsMax =   5.66960084540824E-04  1.93668870113110E+00
 cg2d: Sum(rhs),rhsMax =   5.66978916239691E-04  1.93662437650531E+00
 cg2d: Sum(rhs),rhsMax =   5.66997887503362E-04  1.93655957907634E+00
 cg2d: Sum(rhs),rhsMax =   5.67016997536030E-04  1.93649431092380E+00
 cg2d: Sum(rhs),rhsMax =   5.67036246323482E-04  1.93642857452249E+00
 cg2d: Sum(rhs),rhsMax =   5.67055632259894E-04  1.93636237272570E+00
 cg2d: Sum(rhs),rhsMax =   5.67075155544217E-04  1.93629570874604E+00
 cg2d: Sum(rhs),rhsMax =   5.67094814428515E-04  1.93622858613362E+00
 cg2d: Sum(rhs),rhsMax =   5.67114607065378E-04  1.93616100875227E+00
 cg2d: Sum(rhs),rhsMax =   5.67134533696390E-04  1.93609298075339E+00
(PID.TID 0000.0001) Did not write pickup because writePickupAtEnd = FALSE
(PID.TID 0000.0001)   early fc =  0.000000000000000D+00
 --> objf_test(bi,bj)        =  0.189842326234876D+00
(PID.TID 0000.0001)   local fc =  0.189842326234876D+00
(PID.TID 0000.0001)  global fc =  0.322547883649686D+00
(PID.TID 0000.0001) grdchk perturb(-)fc: fcpertminus =  3.22547883649686E-01
grad-res -------------------------------
 grad-res     0    1    2   17    1    1    1    1   3.22547976275E-01  3.22548068900E-01  3.22547883650E-01
 grad-res     0    1    1  451    0    1    1    1   9.26249076380E-05  9.26249090205E-05 -1.49261927263E-08
(PID.TID 0000.0001)  ADM  ref_cost_function      =  3.22547976275027E-01
(PID.TID 0000.0001)  ADM  adjoint_gradient       =  9.26249076379739E-05
(PID.TID 0000.0001)  ADM  finite-diff_grad       =  9.26249090205111E-05
(PID.TID 0000.0001) ====== End of gradient-check number   1 (ierr=  0) =======
(PID.TID 0000.0001) 
(PID.TID 0000.0001) // =======================================================
(PID.TID 0000.0001) // Gradient check results  >>> START <<<
(PID.TID 0000.0001) // =======================================================
(PID.TID 0000.0001) 
(PID.TID 0000.0001)  EPS =   1.000000E-03
(PID.TID 0000.0001) 
(PID.TID 0000.0001) grdchk output h.p:  Id Itile Jtile LAYER   bi   bj   X(Id)           X(Id)+/-EPS
(PID.TID 0000.0001) grdchk output h.c:  Id  FC                   FC1                  FC2
(PID.TID 0000.0001) grdchk output h.g:  Id     FC1-FC2/(2*EPS)      ADJ GRAD(FC)         1-FDGRD/ADGRD
(PID.TID 0000.0001) 
(PID.TID 0000.0001) grdchk output (p):   1     2    17     1    1    1   0.000000000E+00 -1.000000000E-03
(PID.TID 0000.0001) grdchk output (c):   1  3.2254797627503E-01  3.2254806889950E-01  3.2254788364969E-01
(PID.TID 0000.0001) grdchk output (g):   1     9.2624909020511E-05  9.2624907637974E-05 -1.4926192726250E-08
(PID.TID 0000.0001) 
(PID.TID 0000.0001) grdchk  summary  :  RMS of    1 ratios =  1.4926192726250E-08
(PID.TID 0000.0001) 
(PID.TID 0000.0001) // =======================================================
(PID.TID 0000.0001) // Gradient check results  >>> END <<<
(PID.TID 0000.0001) // =======================================================
(PID.TID 0000.0001) 
(PID.TID 0000.0001)   Seconds in section "ALL                    [THE_MODEL_MAIN]":
(PID.TID 0000.0001)           User time:   16.047748722136021
(PID.TID 0000.0001)         System time:  0.20554196834564209
(PID.TID 0000.0001)     Wall clock time:   16.616729021072388
(PID.TID 0000.0001)          No. starts:           1
(PID.TID 0000.0001)           No. stops:           1
(PID.TID 0000.0001)   Seconds in section "INITIALISE_FIXED       [THE_MODEL_MAIN]":
(PID.TID 0000.0001)           User time:   1.4544002711772919E-002
(PID.TID 0000.0001)         System time:   9.3500018119812012E-003
(PID.TID 0000.0001)     Wall clock time:  0.10876297950744629
(PID.TID 0000.0001)          No. starts:           1
(PID.TID 0000.0001)           No. stops:           1
(PID.TID 0000.0001)   Seconds in section "ADTHE_MAIN_LOOP          [ADJOINT RUN]":
(PID.TID 0000.0001)           User time:   11.626781970262527
(PID.TID 0000.0001)         System time:  0.16642600297927856
(PID.TID 0000.0001)     Wall clock time:   11.976016044616699
(PID.TID 0000.0001)          No. starts:           1
(PID.TID 0000.0001)           No. stops:           1
(PID.TID 0000.0001)   Seconds in section "FORWARD_STEP        [MAIN_DO_LOOP]":
(PID.TID 0000.0001)           User time:   8.8045682683587074
(PID.TID 0000.0001)         System time:   7.2101056575775146E-002
(PID.TID 0000.0001)     Wall clock time:   9.0272634029388428
(PID.TID 0000.0001)          No. starts:        2880
(PID.TID 0000.0001)           No. stops:        2880
(PID.TID 0000.0001)   Seconds in section "DO_STATEVARS_DIAGS  [FORWARD_STEP]":
(PID.TID 0000.0001)           User time:   8.9909732341766357E-003
(PID.TID 0000.0001)         System time:   3.0806660652160645E-004
(PID.TID 0000.0001)     Wall clock time:   9.3963146209716797E-003
(PID.TID 0000.0001)          No. starts:        1440
(PID.TID 0000.0001)           No. stops:        1440
(PID.TID 0000.0001)   Seconds in section "LOAD_FIELDS_DRIVER  [FORWARD_STEP]":
(PID.TID 0000.0001)           User time:   4.2465493083000183E-002
(PID.TID 0000.0001)         System time:   9.1290473937988281E-004
(PID.TID 0000.0001)     Wall clock time:   4.3494224548339844E-002
(PID.TID 0000.0001)          No. starts:        2880
(PID.TID 0000.0001)           No. stops:        2880
(PID.TID 0000.0001)   Seconds in section "EXTERNAL_FLDS_LOAD [LOAD_FLDS_DRIVER]":
(PID.TID 0000.0001)           User time:   1.8666625022888184E-002
(PID.TID 0000.0001)         System time:   3.8847327232360840E-004
(PID.TID 0000.0001)     Wall clock time:   1.8222570419311523E-002
(PID.TID 0000.0001)          No. starts:        3600
(PID.TID 0000.0001)           No. stops:        3600
(PID.TID 0000.0001)   Seconds in section "CTRL_MAP_FORCING  [FORWARD_STEP]":
(PID.TID 0000.0001)           User time:   1.4154307544231415E-002
(PID.TID 0000.0001)         System time:   3.1301379203796387E-004
(PID.TID 0000.0001)     Wall clock time:   1.4470338821411133E-002
(PID.TID 0000.0001)          No. starts:        2880
(PID.TID 0000.0001)           No. stops:        2880
(PID.TID 0000.0001)   Seconds in section "DO_ATMOSPHERIC_PHYS [FORWARD_STEP]":
(PID.TID 0000.0001)           User time:   3.1106740236282349E-002
(PID.TID 0000.0001)         System time:   7.3319673538208008E-004
(PID.TID 0000.0001)     Wall clock time:   3.1987428665161133E-002
(PID.TID 0000.0001)          No. starts:        2880
(PID.TID 0000.0001)           No. stops:        2880
(PID.TID 0000.0001)   Seconds in section "DO_OCEANIC_PHYS     [FORWARD_STEP]":
(PID.TID 0000.0001)           User time:  0.49850896000862122
(PID.TID 0000.0001)         System time:   1.0178595781326294E-002
(PID.TID 0000.0001)     Wall clock time:  0.51121783256530762
(PID.TID 0000.0001)          No. starts:        2880
(PID.TID 0000.0001)           No. stops:        2880
(PID.TID 0000.0001)   Seconds in section "THERMODYNAMICS      [FORWARD_STEP]":
(PID.TID 0000.0001)           User time:   1.5894542708992958
(PID.TID 0000.0001)         System time:   2.3368060588836670E-002
(PID.TID 0000.0001)     Wall clock time:   1.6200788021087646
(PID.TID 0000.0001)          No. starts:        2880
(PID.TID 0000.0001)           No. stops:        2880
(PID.TID 0000.0001)   Seconds in section "DYNAMICS            [FORWARD_STEP]":
(PID.TID 0000.0001)           User time:   3.1591521352529526
(PID.TID 0000.0001)         System time:   9.0320706367492676E-003
(PID.TID 0000.0001)     Wall clock time:   3.1810417175292969
(PID.TID 0000.0001)          No. starts:        2880
(PID.TID 0000.0001)           No. stops:        2880
(PID.TID 0000.0001)   Seconds in section "SOLVE_FOR_PRESSURE  [FORWARD_STEP]":
(PID.TID 0000.0001)           User time:   2.2338455244898796
(PID.TID 0000.0001)         System time:   6.0259401798248291E-003
(PID.TID 0000.0001)     Wall clock time:   2.2490243911743164
(PID.TID 0000.0001)          No. starts:        2880
(PID.TID 0000.0001)           No. stops:        2880
(PID.TID 0000.0001)   Seconds in section "MOM_CORRECTION_STEP [FORWARD_STEP]":
(PID.TID 0000.0001)           User time:  0.12918605655431747
(PID.TID 0000.0001)         System time:   5.8731436729431152E-004
(PID.TID 0000.0001)     Wall clock time:  0.13088011741638184
(PID.TID 0000.0001)          No. starts:        2880
(PID.TID 0000.0001)           No. stops:        2880
(PID.TID 0000.0001)   Seconds in section "INTEGR_CONTINUITY   [FORWARD_STEP]":
(PID.TID 0000.0001)           User time:  0.25361035764217377
(PID.TID 0000.0001)         System time:   1.4340579509735107E-003
(PID.TID 0000.0001)     Wall clock time:  0.25669646263122559
(PID.TID 0000.0001)          No. starts:        2880
(PID.TID 0000.0001)           No. stops:        2880
(PID.TID 0000.0001)   Seconds in section "TRC_CORRECTION_STEP [FORWARD_STEP]":
(PID.TID 0000.0001)           User time:   1.4573596417903900E-002
(PID.TID 0000.0001)         System time:   1.3700127601623535E-004
(PID.TID 0000.0001)     Wall clock time:   1.4854192733764648E-002
(PID.TID 0000.0001)          No. starts:        2880
(PID.TID 0000.0001)           No. stops:        2880
(PID.TID 0000.0001)   Seconds in section "BLOCKING_EXCHANGES  [FORWARD_STEP]":
(PID.TID 0000.0001)           User time:  0.31648204475641251
(PID.TID 0000.0001)         System time:   2.5348365306854248E-003
(PID.TID 0000.0001)     Wall clock time:  0.32067346572875977
(PID.TID 0000.0001)          No. starts:        2880
(PID.TID 0000.0001)           No. stops:        2880
(PID.TID 0000.0001)   Seconds in section "MONITOR             [FORWARD_STEP]":
(PID.TID 0000.0001)           User time:   3.6861449480056763E-003
(PID.TID 0000.0001)         System time:   7.2062015533447266E-005
(PID.TID 0000.0001)     Wall clock time:   3.7617683410644531E-003
(PID.TID 0000.0001)          No. starts:         720
(PID.TID 0000.0001)           No. stops:         720
(PID.TID 0000.0001)   Seconds in section "COST_TILE           [FORWARD_STEP]":
(PID.TID 0000.0001)           User time:  0.23472952842712402
(PID.TID 0000.0001)         System time:   2.3869276046752930E-003
(PID.TID 0000.0001)     Wall clock time:  0.23869967460632324
(PID.TID 0000.0001)          No. starts:        2880
(PID.TID 0000.0001)           No. stops:        2880
(PID.TID 0000.0001)   Seconds in section "DO_THE_MODEL_IO     [FORWARD_STEP]":
(PID.TID 0000.0001)           User time:   2.3120477795600891E-002
(PID.TID 0000.0001)         System time:   8.4312558174133301E-003
(PID.TID 0000.0001)     Wall clock time:  0.12919187545776367
(PID.TID 0000.0001)          No. starts:        2880
(PID.TID 0000.0001)           No. stops:        2880
(PID.TID 0000.0001)   Seconds in section "DO_WRITE_PICKUP     [FORWARD_STEP]":
(PID.TID 0000.0001)           User time:   1.6509093344211578E-002
(PID.TID 0000.0001)         System time:   2.1111071109771729E-003
(PID.TID 0000.0001)     Wall clock time:   4.0018320083618164E-002
(PID.TID 0000.0001)          No. starts:        2880
(PID.TID 0000.0001)           No. stops:        2880
(PID.TID 0000.0001)   Seconds in section "CTRL_PACK           [THE_MODEL_MAIN]":
(PID.TID 0000.0001)           User time:   0.0000000000000000
(PID.TID 0000.0001)         System time:   6.8396329879760742E-004
(PID.TID 0000.0001)     Wall clock time:   2.1300315856933594E-003
(PID.TID 0000.0001)          No. starts:           1
(PID.TID 0000.0001)           No. stops:           1
(PID.TID 0000.0001)   Seconds in section "CTRL_PACK     [THE_MODEL_MAIN]":
(PID.TID 0000.0001)           User time:   1.7261505126953125E-004
(PID.TID 0000.0001)         System time:   2.6798248291015625E-004
(PID.TID 0000.0001)     Wall clock time:   1.7831325531005859E-003
(PID.TID 0000.0001)          No. starts:           1
(PID.TID 0000.0001)           No. stops:           1
(PID.TID 0000.0001)   Seconds in section "GRDCHK_MAIN         [THE_MODEL_MAIN]":
(PID.TID 0000.0001)           User time:   4.4062347412109375
(PID.TID 0000.0001)         System time:   2.8783023357391357E-002
(PID.TID 0000.0001)     Wall clock time:   4.5279970169067383
(PID.TID 0000.0001)          No. starts:           1
(PID.TID 0000.0001)           No. stops:           1
(PID.TID 0000.0001)   Seconds in section "INITIALISE_VARIA    [THE_MAIN_LOOP]":
(PID.TID 0000.0001)           User time:   4.9152374267578125E-003
(PID.TID 0000.0001)         System time:   9.3603134155273438E-004
(PID.TID 0000.0001)     Wall clock time:   7.5598001480102539E-002
(PID.TID 0000.0001)          No. starts:           2
(PID.TID 0000.0001)           No. stops:           2
(PID.TID 0000.0001)   Seconds in section "MAIN LOOP           [THE_MAIN_LOOP]":
(PID.TID 0000.0001)           User time:   4.4005584716796875
(PID.TID 0000.0001)         System time:   2.7140974998474121E-002
(PID.TID 0000.0001)     Wall clock time:   4.4424290657043457
(PID.TID 0000.0001)          No. starts:           2
(PID.TID 0000.0001)           No. stops:           2
(PID.TID 0000.0001)   Seconds in section "MAIN_DO_LOOP        [THE_MAIN_LOOP]":
(PID.TID 0000.0001)           User time:   4.3926868438720703
(PID.TID 0000.0001)         System time:   2.6952981948852539E-002
(PID.TID 0000.0001)     Wall clock time:   4.4342448711395264
(PID.TID 0000.0001)          No. starts:        1440
(PID.TID 0000.0001)           No. stops:        1440
(PID.TID 0000.0001)   Seconds in section "COST_FINAL         [ADJOINT SPIN-DOWN]":
(PID.TID 0000.0001)           User time:   1.4877319335937500E-004
(PID.TID 0000.0001)         System time:   1.3899803161621094E-004
(PID.TID 0000.0001)     Wall clock time:   4.2009353637695312E-004
(PID.TID 0000.0001)          No. starts:           2
(PID.TID 0000.0001)           No. stops:           2
(PID.TID 0000.0001) // ======================================================
(PID.TID 0000.0001) // Tile <-> Tile communication statistics
(PID.TID 0000.0001) // ======================================================
(PID.TID 0000.0001) // o Tile number: 000001
(PID.TID 0000.0001) //         No. X exchanges =              0
(PID.TID 0000.0001) //            Max. X spins =              0
(PID.TID 0000.0001) //            Min. X spins =     1000000000
(PID.TID 0000.0001) //          Total. X spins =              0
(PID.TID 0000.0001) //            Avg. X spins =       0.00E+00
(PID.TID 0000.0001) //         No. Y exchanges =              0
(PID.TID 0000.0001) //            Max. Y spins =              0
(PID.TID 0000.0001) //            Min. Y spins =     1000000000
(PID.TID 0000.0001) //          Total. Y spins =              0
(PID.TID 0000.0001) //            Avg. Y spins =       0.00E+00
(PID.TID 0000.0001) // o Thread number: 000001
(PID.TID 0000.0001) //            No. barriers =        1165878
(PID.TID 0000.0001) //      Max. barrier spins =              1
(PID.TID 0000.0001) //      Min. barrier spins =              1
(PID.TID 0000.0001) //     Total barrier spins =        1165878
(PID.TID 0000.0001) //      Avg. barrier spins =       1.00E+00
PROGRAM MAIN: Execution ended Normally
