metric,model_or_method,field,lead_days,mean,p10,p90
rmse,model,surface_speed,0,0.0,0.0,0.0
rmse,model,surface_speed,10,0.0005774069558052967,0.0004921700456179678,0.0006554389954544603
rmse,model,surface_speed,20,0.0007513862879325946,0.0006454747635871172,0.00084137711673975
rmse,model,surface_speed,30,0.0008376346939864258,0.0007372016669251024,0.0009474308462813497
rmse,model,surface_speed,40,0.0009032094851136208,0.0007225750479847193,0.0010493810288608075
rmse,model,surface_speed,50,0.0009970801998861133,0.0008197303046472371,0.0011518626473844052
rmse,model,surface_speed,60,0.0010686586339337131,0.0007757192593999207,0.0012339211767539381
rmse,model,surface_speed,70,0.0011143311043269933,0.0008674960816279053,0.0012436009477823974
rmse,model,surface_speed,80,0.0011457433186781902,0.0009241614025086164,0.0012856334913522005
rmse,model,surface_speed,90,0.0012121300445869566,0.0009939067531377077,0.001476077758707106
rmse,model,surface_speed,100,0.0012663404767711958,0.001033222721889615,0.001681690802797675
rmse,model,surface_speed,110,0.0013303561136126518,0.0010164641309529543,0.0017757031600922344
rmse,model,surface_speed,120,0.0014083476969972252,0.001063832174986601,0.0019018895924091336
rmse,model,surface_speed,130,0.0014802411353836457,0.001086804107762873,0.0019890113733708856
rmse,model,surface_speed,140,0.0015027163860698541,0.0010674976278096438,0.002134167309850454
rmse,model,surface_speed,150,0.0015518707611287634,0.0011080927914008498,0.002529993141070008
rmse,model,surface_speed,160,0.0016165394724036257,0.0010868917685002088,0.0024601704906672237
rmse,model,surface_speed,170,0.001680793659761548,0.0011287103407084942,0.0024019515141844748
rmse,model,surface_speed,180,0.0017233925095448892,0.0012014529667794705,0.002747932355850935
rmse,model,surface_speed,190,0.001799730925510327,0.0012658830266445876,0.0028921106364578003
rmse,model,surface_speed,200,0.0018449353519827127,0.0012770173139870166,0.0026749384123831987
rmse,model,surface_speed,210,0.001874849176965654,0.00127506700810045,0.0027305207215249537
rmse,model,surface_speed,220,0.0019388516511147222,0.0013381371973082423,0.0030872260686010122
rmse,model,surface_speed,230,0.0020081776194274424,0.0013996877940371632,0.0032145076431334017
rmse,model,surface_speed,240,0.002049500176993509,0.0014044874114915729,0.003448342205956578
rmse,model,surface_speed,250,0.002057796367444098,0.0014445360517129301,0.0034559704363346096
rmse,model,surface_speed,260,0.002053955259422461,0.0015165816526859998,0.0032719931099563834
rmse,model,surface_speed,270,0.0020280694278577965,0.0015175622655078768,0.00305423098616302
rmse,model,surface_speed,280,0.002018587834512194,0.001554922596551478,0.0028583505656570194
rmse,model,surface_speed,290,0.0020124358357861637,0.0015823086723685265,0.0027777007780969143
rmse,model,surface_speed,300,0.00203490499407053,0.0016411260468885303,0.002739091124385595
rmse,model,surface_speed,310,0.002039374232602616,0.0016747497720643878,0.0027264407370239494
rmse,model,surface_speed,320,0.0020641322790955503,0.0017344195861369372,0.0027511680498719213
rmse,model,surface_speed,330,0.0020831319270655513,0.001779628312215209,0.0027703162282705306
rmse,model,surface_speed,340,0.0021166074632977447,0.0018367126816883684,0.0027750069741159676
rmse,model,surface_speed,350,0.002129661765260001,0.0018912284867838025,0.0027402115520089865
rmse,model,surface_speed,360,0.002159813892406722,0.0019292938522994518,0.0027074654120951887
rmse,model,surface_speed,370,0.0021983195018644135,0.001987366145476699,0.0026759349275380373
rmse,model,surface_speed,380,0.002231806640823682,0.00203603757545352,0.002691101841628551
rmse,model,surface_speed,390,0.002261938170219461,0.0020981378853321075,0.0027299602515995502
rmse,model,surface_speed,400,0.002305883029475808,0.002131567755714059,0.002731933584436774
rmse,model,surface_speed,410,0.0023510189882169166,0.002092324523255229,0.002714572148397565
rmse,model,surface_speed,420,0.0023728670397152505,0.0020865339785814284,0.002720393100753426
rmse,model,surface_speed,430,0.002418296116714676,0.0021330385468900205,0.002798856049776077
rmse,model,surface_speed,440,0.002457369832942883,0.0021693684626370668,0.0028233066666871307
rmse,model,surface_speed,450,0.0025139044659833114,0.002166273584589362,0.002903486788272858
rmse,model,surface_speed,460,0.002583819286276897,0.0021735031623393297,0.0030094665475189687
rmse,model,surface_speed,470,0.0026915650504330795,0.002222388004884124,0.003186614066362381
rmse,model,surface_speed,480,0.00279018118356665,0.002245498448610306,0.0034960535820573566
rmse,model,surface_speed,490,0.0029361004941165446,0.002289161551743746,0.003960505966097116
rmse,model,surface_speed,500,0.003052056472127636,0.0023117604199796916,0.004447122663259506
rmse,model,surface_speed,510,0.003159627007941405,0.0023656859062612056,0.004776098672300577
rmse,model,surface_speed,520,0.003207565533618132,0.002411970868706703,0.004794214759021998
rmse,model,surface_speed,530,0.0032622425972173613,0.002443624474108219,0.004615400452166796
rmse,model,surface_speed,540,0.0033189880196005106,0.0025201319716870786,0.004378132522106171
rmse,model,surface_speed,550,0.0033632992145915825,0.0025992127135396003,0.004420714639127255
rmse,model,surface_speed,560,0.003380061856781443,0.002628893731161952,0.004472370073199272
rmse,model,surface_speed,570,0.0034037821926176546,0.002660160604864359,0.004436856601387262
rmse,model,surface_speed,580,0.0034538943475733203,0.002748140878975391,0.004317566752433777
rmse,model,surface_speed,590,0.003524874181797107,0.002795384032651782,0.0042060806415975096
rmse,model,surface_speed,600,0.0036476335488259794,0.0028490443248301743,0.00423375591635704
rmse,model,surface_speed,610,0.003783170320093632,0.002961238846182823,0.004583053477108479
rmse,model,surface_speed,620,0.003892289645348986,0.0030629700049757957,0.0048253657296299934
rmse,model,surface_speed,630,0.003946284127111236,0.0031206701416522263,0.004782408382743597
rmse,model,surface_speed,640,0.003957969478021065,0.003162602102383971,0.004694047290831805
rmse,model,surface_speed,650,0.003931704893087347,0.003223078511655331,0.004485799092799425
rmse,model,surface_speed,660,0.003924097012107571,0.003341845143586397,0.004399114847183227
rmse,model,surface_speed,670,0.00388205093331635,0.0033535127062350512,0.004345463961362839
rmse,model,surface_speed,680,0.0038802138064056636,0.0034652773290872576,0.004321353882551194
rmse,model,surface_speed,690,0.0038760611476997536,0.0036130948457866905,0.004317718837410211
rmse,model,surface_speed,700,0.003903635032474995,0.00362676614895463,0.004353627469390631
rmse,model,surface_speed,710,0.003944762703031302,0.0037171973846852778,0.004316272214055061
rmse,model,surface_speed,720,0.003962706122547388,0.003796288510784507,0.00418766001239419
rmse,model,surface_speed,730,0.003951506922021508,0.003778529819101095,0.004171600285917521
rmse,model,surface_speed,740,0.003953320439904928,0.00381104345433414,0.004123708140105009
rmse,model,surface_speed,750,0.003964825905859471,0.0038470672909170387,0.004136092308908701
rmse,model,surface_speed,760,0.003989458844686548,0.0038766451645642517,0.0041772514581680294
rmse,model,surface_speed,770,0.004001663687328498,0.003838798590004444,0.004213518835604191
rmse,model,surface_speed,780,0.004035726950193445,0.0037901106756180526,0.004211121238768101
rmse,model,surface_speed,790,0.004069397645071149,0.0038164619822055102,0.004246220551431179
rmse,model,surface_speed,800,0.004129610521097978,0.0038316340651363134,0.004339215811342001
rmse,model,surface_speed,810,0.004212242116530736,0.0038666893262416123,0.0045571733266115185
rmse,model,surface_speed,820,0.004284065682440996,0.0038948156870901585,0.004863899294286966
rmse,model,surface_speed,830,0.004364615042383472,0.0039058617781847715,0.0052273419685661794
rmse,model,surface_speed,840,0.004448536209141215,0.00396230947226286,0.00563307050615549
rmse,model,surface_speed,850,0.0045541309130688505,0.0040045052766799925,0.005852800607681274
rmse,model,surface_speed,860,0.004625803666810194,0.004023898299783469,0.006044187489897012
rmse,model,surface_speed,870,0.0046939336694777015,0.00407282505184412,0.006267098523676395
rmse,model,surface_speed,880,0.004760859161615371,0.004102393798530102,0.006454089563339948
rmse,model,surface_speed,890,0.004788551727930705,0.004119554255157709,0.006312666088342666
rmse,model,surface_speed,900,0.004774972672263781,0.0041314329952001575,0.006110835075378418
rmse,model,surface_speed,910,0.004784563618401686,0.004161099065095186,0.005915332492440939
rmse,model,surface_speed,920,0.004779689262310664,0.004199278354644775,0.005799093190580607
rmse,model,surface_speed,930,0.004766673843065897,0.004235144983977079,0.005650109797716141
rmse,model,surface_speed,940,0.0047423448724051315,0.0042415461502969265,0.005629992205649614
rmse,model,surface_speed,950,0.00474931796391805,0.004281493090093136,0.005492330063134432
rmse,model,surface_speed,960,0.004707583443572124,0.00433503370732069,0.005244187917560339
rmse,model,surface_speed,970,0.0046954174215594925,0.004356047231703996,0.005007984675467014
rmse,model,surface_speed,980,0.004687912420680126,0.004319676756858825,0.004911452624946832
rmse,model,surface_speed,990,0.004702367819845676,0.004408232402056456,0.0049494001083076
rmse,model,surface_speed,1000,0.00469431501502792,0.004414565674960613,0.00501624932512641
rmse,model,surface_speed,1010,0.004725797257075707,0.0043729330413043496,0.005060004629194736
rmse,model,surface_speed,1020,0.004756717135508856,0.004453313909471035,0.005183914676308632
rmse,model,surface_speed,1030,0.004789913880328337,0.0045401183888316154,0.005197650287300348
rmse,model,surface_speed,1040,0.004812255501747131,0.004538546781986952,0.005222170799970627
rmse,model,surface_speed,1050,0.004879545544584593,0.004564155824482441,0.005241107847541571
rmse,model,surface_speed,1060,0.004920332320034504,0.004585348255932331,0.005354226287454367
rmse,model,surface_speed,1070,0.004960051209976276,0.004642053414136172,0.005440661497414112
rmse,model,surface_speed,1080,0.005036858934909105,0.004727706592530012,0.005527650658041239
rmse,model,surface_speed,1090,0.0051092479067544145,0.004728712048381567,0.005660136323422193
rmse,model,surface_speed,1100,0.0051585336215794085,0.004687171895056963,0.005805431865155697
rmse,model,surface_speed,1110,0.005259585070113341,0.004708819650113582,0.006190625671297312
rmse,model,surface_speed,1120,0.005404932207117478,0.004781304020434618,0.006622585188597441
rmse,model,surface_speed,1130,0.005486022277424733,0.004778232611715794,0.006959893554449081
rmse,model,surface_speed,1140,0.005569209779302279,0.0047847750596702095,0.007148908637464047
rmse,model,surface_speed,1150,0.005678808813293775,0.004814033303409815,0.0072527090087533
rmse,model,surface_speed,1160,0.005772111844271422,0.004896096419543028,0.0071214943192899225
rmse,model,surface_speed,1170,0.005822863771269718,0.004978196788579225,0.0071085294708609584
rmse,model,surface_speed,1180,0.00586676908036073,0.004993632342666388,0.007230922952294349
rmse,model,surface_speed,1190,0.0058851783163845536,0.005032563395798206,0.007148145418614148
rmse,model,surface_speed,1200,0.005915167989830176,0.00518240537494421,0.007031794171780348
rmse,model,surface_speed,1210,0.005903965452065071,0.005265410710126162,0.006986367516219616
rmse,model,surface_speed,1220,0.005933547889192899,0.005263626668602228,0.007119817472994327
rmse,model,surface_speed,1230,0.005973811789105336,0.005176810175180435,0.007326084468513727
rmse,model,surface_speed,1240,0.0059965328934292,0.005060407146811485,0.007647674437612295
rmse,model,surface_speed,1250,0.0059713129264612995,0.005084948800504208,0.007640095427632332
rmse,model,surface_speed,1260,0.005936496332287789,0.00508199529722333,0.00758908549323678
rmse,model,surface_speed,1270,0.005858978349715471,0.005114030558615923,0.007389227952808141
rmse,model,surface_speed,1280,0.005788054969161749,0.005161249358206987,0.007182951457798481
rmse,model,surface_speed,1290,0.005691658891737461,0.005091826431453228,0.00686666565015912
rmse,model,surface_speed,1300,0.005585480015724897,0.005030207429081201,0.006534418929368258
rmse,model,surface_speed,1310,0.005492650934805473,0.0050072607584297655,0.006202348880469799
rmse,model,surface_speed,1320,0.0054316974555452665,0.004990627896040678,0.005949198175221682
rmse,model,surface_speed,1330,0.0053768960759043695,0.005001882091164589,0.0056958355009555815
rmse,model,surface_speed,1340,0.005308824342985948,0.0051197350025177,0.005673298612236977
rmse,model,surface_speed,1350,0.00526947428782781,0.004986045323312283,0.005695436522364617
rmse,model,surface_speed,1360,0.005263297073543072,0.0049613876268267635,0.005761830508708954
rmse,model,surface_speed,1370,0.005288232862949371,0.004992832615971565,0.005812911316752434
rmse,model,surface_speed,1380,0.005270838396002849,0.004929784033447504,0.005843665264546871
rmse,model,surface_speed,1390,0.005282281121859948,0.004890354070812464,0.0058430956676602365
rmse,model,surface_speed,1400,0.005318050800512234,0.0049662631005048755,0.005869436729699373
rmse,model,surface_speed,1410,0.005342659136901299,0.004966710321605205,0.005800967942923308
rmse,model,surface_speed,1420,0.005353205775221189,0.004891214892268181,0.005850192159414291
rmse,model,surface_speed,1430,0.00545998423670729,0.005057855416089297,0.005909861251711846
rmse,model,surface_speed,1440,0.005501162074506283,0.005067609716206789,0.005881721340119839
rmse,model,surface_speed,1450,0.005524643510580063,0.005061871372163296,0.005974928382784128
rmse,model,surface_speed,1460,0.005544354921827714,0.005116778146475554,0.006139193940907717
rmse,model,surface_speed,1470,0.005607643288870653,0.0051565785892307755,0.006360297370702028
rmse,model,surface_speed,1480,0.00561085402344664,0.005125661566853523,0.006581298727542161
rmse,model,surface_speed,1490,0.00565414143105348,0.005066272988915444,0.006665339693427086
rmse,model,surface_speed,1500,0.005706484771023194,0.005129908863455057,0.0065894673578441145
rmse,model,surface_speed,1510,0.005750376358628273,0.00510746231302619,0.006614863034337759
rmse,model,surface_speed,1520,0.005793249669174353,0.005031257029622793,0.006791999097913504
rmse,model,surface_speed,1530,0.0058779348619282246,0.005155940726399422,0.0071510056033730505
rmse,model,surface_speed,1540,0.005915835748116175,0.005053262040019035,0.0074575414881110184
rmse,model,surface_speed,1550,0.00591470996538798,0.005030582472681999,0.0074422027915716175
rmse,model,surface_speed,1560,0.005932636776318153,0.005040010623633862,0.007550312951207161
rmse,model,surface_speed,1570,0.005925996198008458,0.005025993194431066,0.007401315588504076
rmse,model,surface_speed,1580,0.005854397515455882,0.0050370247103273865,0.0070538600906729695
rmse,model,surface_speed,1590,0.005773390146593253,0.00509372241795063,0.0067548444494605064
rmse,model,surface_speed,1600,0.005800329148769379,0.0051186119206249716,0.006533480249345303
rmse,model,surface_speed,1610,0.005746635980904103,0.005123435147106647,0.006329793389886617
rmse,model,surface_speed,1620,0.005664960915843646,0.00513916090130806,0.006035206839442253
rmse,model,surface_speed,1630,0.005564216834803422,0.005200644768774509,0.0059116707183420655
rmse,model,surface_speed,1640,0.00562557578086853,0.005164372175931931,0.006014385260641575
rmse,model,surface_speed,1650,0.005535459145903587,0.005098467785865068,0.005864241439849138
rmse,model,surface_speed,1660,0.0055370069729785126,0.005166455358266831,0.005813191365450621
rmse,model,surface_speed,1670,0.005530894361436367,0.0051913982257246975,0.005813737213611603
rmse,model,surface_speed,1680,0.0055695746714870134,0.005136198457330465,0.0059543195180594925
rmse,model,surface_speed,1690,0.0055192428641021255,0.005111450795084238,0.005908893141895533
rmse,model,surface_speed,1700,0.0055551774799823764,0.005190724693238735,0.006032606586813927
rmse,model,surface_speed,1710,0.0055645560845732685,0.005134159326553344,0.006140841357409954
rmse,model,surface_speed,1720,0.005586744317164024,0.005131181981414557,0.006140188220888377
rmse,model,surface_speed,1730,0.005597424445052942,0.005167444981634617,0.006195936445146799
rmse,model,surface_speed,1740,0.005657865013927221,0.005295795947313308,0.006189442612230777
rmse,model,surface_speed,1750,0.005624367793401083,0.005318055488169193,0.006050852965563536
rmse,model,surface_speed,1760,0.005619497628261646,0.005227584298700095,0.005945698358118534
rmse,model,surface_speed,1770,0.0057011124988396965,0.005247568897902966,0.0061497707851231095
rmse,model,surface_speed,1780,0.005755399788419406,0.005330019351094961,0.006069031730294228
rmse,model,surface_speed,1790,0.005769291830559572,0.005212481878697872,0.006205502990633249
rmse,model,surface_speed,1800,0.0057928367207447685,0.005160491075366735,0.006459452398121357
rmse,model,surface_speed,1810,0.00594659565637509,0.005345369968563318,0.0067394450306892395
rmse,model,surface_speed,1820,0.0059433556472261746,0.0052536877803504465,0.006745877768844366
rmse,model,surface_speed,1830,0.005987433344125747,0.005267915781587362,0.006682689674198628
rmse,model,surface_speed,1840,0.005990454182028771,0.005271811969578266,0.006864104978740215
rmse,model,surface_speed,1850,0.0060519742468992865,0.005415310245007276,0.007040146086364984
rmse,model,surface_speed,1860,0.006020531958589951,0.005373343732208014,0.007060810551047325
rmse,model,surface_speed,1870,0.006009648771335681,0.005360580887645483,0.006892800703644752
rmse,model,surface_speed,1880,0.0059706253930926325,0.005349539127200842,0.006955149956047534
rmse,model,surface_speed,1890,0.005952869728207588,0.005206964816898108,0.006776671204715967
rmse,model,surface_speed,1900,0.005911027360707521,0.005215099826455116,0.006684950180351734
rmse,model,surface_speed,1910,0.006012529538323482,0.005346995033323765,0.006801329925656319
rmse,model,surface_speed,1920,0.005955130482713382,0.005230399128049612,0.006770294904708862
rmse,model,surface_speed,1930,0.005933863793810209,0.005270969960838557,0.006801672838628292
rmse,model,surface_speed,1940,0.005923485414435466,0.005306846462190151,0.006762539967894554
rmse,model,surface_speed,1950,0.005978262145072221,0.005456857196986675,0.006660539004951715
rmse,model,surface_speed,1960,0.005848973803222179,0.005465212557464838,0.006425891630351543
rmse,model,surface_speed,1970,0.005762841179966926,0.0054510063491761684,0.006211091112345457
rmse,model,surface_speed,1980,0.005740315901736418,0.005489060934633016,0.005978340283036232
rmse,model,surface_speed,1990,0.005685312983890374,0.0054509125649929045,0.005932891741394997
rmse,model,surface_speed,2000,0.005615148258705934,0.005418616067618132,0.005920651089400053
rmse,climatology,surface_speed,0,0.003483150666579604,0.003082289919257164,0.0038193108048290014
rmse,climatology,surface_speed,10,0.0033636869086573523,0.0030656424816697834,0.0036313133779913185
rmse,climatology,surface_speed,20,0.0034482390930255253,0.0032233613543212413,0.003711535269394517
rmse,climatology,surface_speed,30,0.0035018501492838066,0.00318124876357615,0.0038929723203182222
rmse,climatology,surface_speed,40,0.00342121225160857,0.0030003468040376902,0.0037263927049934866
rmse,climatology,surface_speed,50,0.00343005396425724,0.003051483677700162,0.00374471521936357
rmse,climatology,surface_speed,60,0.00351786605703334,0.003111187648028135,0.003641898510977626
rmse,climatology,surface_speed,70,0.003458885584647457,0.0029819020535796882,0.003498874185606837
rmse,climatology,surface_speed,80,0.0034494626335799692,0.002973990887403488,0.003671011235564947
rmse,climatology,surface_speed,90,0.003562444138030211,0.002918521873652935,0.004021911416202784
rmse,climatology,surface_speed,100,0.003629363172998031,0.0032170973252505066,0.004143981635570526
rmse,climatology,surface_speed,110,0.0034900281423081952,0.0030214297119528057,0.004266700614243745
rmse,climatology,surface_speed,120,0.0035588504591335854,0.0029065740294754506,0.00481131300330162
rmse,climatology,surface_speed,130,0.003643997525796294,0.003074161522090435,0.00488055795431137
rmse,climatology,surface_speed,140,0.003640605447192987,0.003067094273865223,0.004740914143621921
rmse,climatology,surface_speed,150,0.003612006471181909,0.0029644875321537256,0.004666800983250141
rmse,climatology,surface_speed,160,0.0037537249891708294,0.00306641417555511,0.005282246973365544
rmse,climatology,surface_speed,170,0.0037696822391202053,0.002968915365636349,0.005190011765807866
rmse,climatology,surface_speed,180,0.0036744978123654922,0.0028529281727969645,0.005210142023861408
rmse,climatology,surface_speed,190,0.0037473389413207768,0.002872107271105051,0.005604173522442579
rmse,climatology,surface_speed,200,0.0038475769106298685,0.0030372698325663804,0.005471385922282934
rmse,climatology,surface_speed,210,0.0037900323048233988,0.002925727842375636,0.005063790269196033
rmse,climatology,surface_speed,220,0.0037698041337231795,0.0029313983395695686,0.005118785426020622
rmse,climatology,surface_speed,230,0.0038252479707201322,0.002960879262536764,0.005211523734033108
rmse,climatology,surface_speed,240,0.003753873007372022,0.0029495298862457276,0.005208831559866667
rmse,climatology,surface_speed,250,0.0036651603411883118,0.0030053016263991593,0.005084473639726639
rmse,climatology,surface_speed,260,0.003671895805746317,0.0028910859022289515,0.004959142953157425
rmse,climatology,surface_speed,270,0.003667520980040232,0.0031860648654401303,0.0046119867824018
rmse,climatology,surface_speed,280,0.0034454568289220334,0.003060405608266592,0.004083133209496737
rmse,climatology,surface_speed,290,0.003401386303206285,0.002830109279602766,0.00402572276070714
rmse,climatology,surface_speed,300,0.0034250445198267697,0.003014210145920515,0.003971921280026436
rmse,climatology,surface_speed,310,0.0033765321131795645,0.003023827215656638,0.00366395371966064
rmse,climatology,surface_speed,320,0.0032736305768291158,0.0028565974440425634,0.0036053655203431845
rmse,climatology,surface_speed,330,0.003378949345399936,0.0030613488983362914,0.0039013768546283245
rmse,climatology,surface_speed,340,0.0033724169712513684,0.0030343753285706045,0.003849106002599001
rmse,climatology,surface_speed,350,0.003227809738988678,0.00286314464174211,0.0035764701664447785
rmse,climatology,surface_speed,360,0.0032508065303166705,0.002860331628471613,0.0036229236982762815
rmse,climatology,surface_speed,370,0.0033503105708708367,0.003139591868966818,0.003549442160874605
rmse,climatology,surface_speed,380,0.003269168408587575,0.0029179556760936974,0.00350967226549983
rmse,climatology,surface_speed,390,0.003235493072619041,0.0029687096364796163,0.003426301945000887
rmse,climatology,surface_speed,400,0.0033003112922112146,0.0030058433767408133,0.003532146429643035
rmse,climatology,surface_speed,410,0.003261845527837674,0.003029937716200948,0.0035112340934574603
rmse,climatology,surface_speed,420,0.0031898466404527426,0.0029560215305536987,0.0033971755765378475
rmse,climatology,surface_speed,430,0.00327877402305603,0.002953060111030936,0.003623278858140111
rmse,climatology,surface_speed,440,0.0033657065437485774,0.003197721717879176,0.0036037725862115622
rmse,climatology,surface_speed,450,0.0032249768109371265,0.0029514880385249852,0.003596463007852435
rmse,climatology,surface_speed,460,0.0032497651254137358,0.0029145242646336556,0.0037092600017786027
rmse,climatology,surface_speed,470,0.0033850479250152905,0.00307630836032331,0.0038338986225426195
rmse,climatology,surface_speed,480,0.003428985395779212,0.0030160026159137487,0.004103754460811615
rmse,climatology,surface_speed,490,0.0034124450913319984,0.0028766268398612736,0.004412508942186832
rmse,climatology,surface_speed,500,0.003615680957833926,0.0029289675410836937,0.004921845998615026
rmse,climatology,surface_speed,510,0.003727396282677849,0.0031099626794457436,0.005083191394805908
rmse,climatology,surface_speed,520,0.0036459272106488545,0.0029935962054878475,0.00492771714925766
rmse,climatology,surface_speed,530,0.003675053423891465,0.002942278841510415,0.0049709082581102845
rmse,climatology,surface_speed,540,0.0038143802744646867,0.0031749569345265625,0.0048048138618469235
rmse,climatology,surface_speed,550,0.0037620560576518375,0.0030813737772405147,0.004867095127701759
rmse,climatology,surface_speed,560,0.003726983225593964,0.0030779171269387008,0.004772997647523879
rmse,climatology,surface_speed,570,0.0037786295016606648,0.0032932757865637543,0.004555350821465253
rmse,climatology,surface_speed,580,0.003746431041508913,0.0031629163306206463,0.0045543526299297804
rmse,climatology,surface_speed,590,0.003668068613236149,0.0028480586130172013,0.004420152492821216
rmse,climatology,surface_speed,600,0.0037960171854744353,0.003146848874166608,0.004614917747676373
rmse,climatology,surface_speed,610,0.0039253285775582,0.0032548642717301845,0.005145917367190123
rmse,climatology,surface_speed,620,0.003822322702035308,0.0028419777750968932,0.005156856961548328
rmse,climatology,surface_speed,630,0.0037880198874821265,0.002966047590598464,0.004986649565398693
rmse,climatology,surface_speed,640,0.0038187511575718722,0.0032493894919753074,0.004971655085682869
rmse,climatology,surface_speed,650,0.0037338935925314825,0.003081676363945007,0.004771142173558474
rmse,climatology,surface_speed,660,0.0035465432486186427,0.0028347054962068797,0.004235955700278282
rmse,climatology,surface_speed,670,0.003568793833255768,0.0030489079654216766,0.003969620261341333
rmse,climatology,surface_speed,680,0.0035576490530123315,0.0031617289409041406,0.004001104179769755
rmse,climatology,surface_speed,690,0.0033942118597527346,0.0030402847565710544,0.0037747783586382865
rmse,climatology,surface_speed,700,0.0033654055713365476,0.0031211990863084793,0.0035383099224418403
rmse,climatology,surface_speed,710,0.003480742359533906,0.0032232464756816624,0.0038772803731262685
rmse,climatology,surface_speed,720,0.0034168411511927843,0.0029841640964150427,0.0038944500498473643
rmse,climatology,surface_speed,730,0.0033544565085321665,0.003047868236899376,0.00375081836245954
rmse,climatology,surface_speed,740,0.0033866417749474445,0.0030638725496828557,0.003598664794117212
rmse,climatology,surface_speed,750,0.0033684566927452884,0.0030818921979516743,0.003633845504373312
rmse,climatology,surface_speed,760,0.0032512521836906673,0.0028972772881388663,0.003545897640287876
rmse,climatology,surface_speed,770,0.0033277866430580618,0.0030144714284688233,0.003567061806097627
rmse,climatology,surface_speed,780,0.003435218287631869,0.0032103005796670914,0.0036598543170839547
rmse,climatology,surface_speed,790,0.0033685239342351753,0.0029806568752974274,0.003679005289450288
rmse,climatology,surface_speed,800,0.0033466598329444726,0.003004077123478055,0.0037214158102869986
rmse,climatology,surface_speed,810,0.0035054344528665147,0.003057651361450553,0.00410188203677535
rmse,climatology,surface_speed,820,0.003571228248377641,0.003023998253047466,0.004411763045936823
rmse,climatology,surface_speed,830,0.003550385699296991,0.0029544650111347436,0.004612153023481369
rmse,climatology,surface_speed,840,0.0036889115038017434,0.0031512598507106304,0.004806322883814573
rmse,climatology,surface_speed,850,0.003807465390612682,0.0031829651445150374,0.005291166715323925
rmse,climatology,surface_speed,860,0.003756018433098992,0.0029023126233369114,0.005499448440968989
rmse,climatology,surface_speed,870,0.0037750601458052795,0.0029348606709390878,0.0057083630003035065
rmse,climatology,surface_speed,880,0.003931408204759161,0.003101547062397003,0.005864362139254808
rmse,climatology,surface_speed,890,0.0039097297160575785,0.002910455921664834,0.005636879615485668
rmse,climatology,surface_speed,900,0.0038534436374902726,0.003092334931716323,0.005456079635769128
rmse,climatology,surface_speed,910,0.003855879682426651,0.0029949455987662078,0.005395757034420967
rmse,climatology,surface_speed,920,0.003854065357397,0.003058219188824296,0.005302259884774685
rmse,climatology,surface_speed,930,0.0037207117148985464,0.002990168798714876,0.004902261309325695
rmse,climatology,surface_speed,940,0.0037272818541775146,0.002989420900121331,0.004866993241012097
rmse,climatology,surface_speed,950,0.003754812370364865,0.0030858533456921576,0.004758679587393999
rmse,climatology,surface_speed,960,0.003651261795312166,0.0031948034651577474,0.0044403743930161
rmse,climatology,surface_speed,970,0.0034877146283785504,0.0029359097126871346,0.004003398772329092
rmse,climatology,surface_speed,980,0.003528600496550401,0.0029782110825181006,0.004033603239804506
rmse,climatology,surface_speed,990,0.0035078913749506074,0.002999085234478116,0.003934560157358646
rmse,climatology,surface_speed,1000,0.00339272307852904,0.0030041394289582967,0.00375783983618021
rmse,climatology,surface_speed,1010,0.003409686886395017,0.003007041243836284,0.0038038922008126973
rmse,climatology,surface_speed,1020,0.0034829982556402682,0.003218369884416461,0.003950420394539833
rmse,climatology,surface_speed,1030,0.0033822712022811173,0.003065738594159484,0.003791326889768243
rmse,climatology,surface_speed,1040,0.0033152353794624408,0.0028786400333046915,0.003682311624288559
rmse,climatology,surface_speed,1050,0.003459652839228511,0.0031046563759446143,0.0037015491630882024
rmse,climatology,surface_speed,1060,0.0034671182899425426,0.003264105599373579,0.0036979662254452705
rmse,climatology,surface_speed,1070,0.003437341082220276,0.0031659504398703574,0.0036662640050053596
rmse,climatology,surface_speed,1080,0.003504659328609705,0.0031751477159559726,0.0039935044944286345
rmse,climatology,surface_speed,1090,0.0036145526450127364,0.0032837734557688235,0.004318331368267536
rmse,climatology,surface_speed,1100,0.0035892950681348642,0.003095647320151329,0.004545974638313055
rmse,climatology,surface_speed,1110,0.0037251312596102556,0.003175779851153493,0.005049869138747453
rmse,climatology,surface_speed,1120,0.003932924382388592,0.003258400084450841,0.005686503369361162
rmse,climatology,surface_speed,1130,0.003990552760660649,0.003130413917824626,0.006139156315475702
rmse,climatology,surface_speed,1140,0.003947760025039315,0.00299038621596992,0.006235881708562374
rmse,climatology,surface_speed,1150,0.0041289209388196465,0.0032295427285134793,0.006235435325652361
rmse,climatology,surface_speed,1160,0.004212926390270392,0.003225545771420002,0.006007725093513727
rmse,climatology,surface_speed,1170,0.004168435946727792,0.002933873748406768,0.006016780529171228
rmse,climatology,surface_speed,1180,0.004222654923796654,0.0029874933883547784,0.0060809972696006295
rmse,climatology,surface_speed,1190,0.00435757456968228,0.0032812856137752534,0.006040880177170038
rmse,climatology,surface_speed,1200,0.00431026207904021,0.003234781324863434,0.005958169791847467
rmse,climatology,surface_speed,1210,0.00426282921495537,0.00316123329102993,0.0055800508707761765
rmse,climatology,surface_speed,1220,0.004414316390951475,0.0033022246789187193,0.0057739528827369215
rmse,climatology,surface_speed,1230,0.004441550762082139,0.0031681222841143607,0.0060390206053853035
rmse,climatology,surface_speed,1240,0.004389458211759726,0.003115272242575884,0.00623865956440568
rmse,climatology,surface_speed,1250,0.004406350494051973,0.0032806190196424724,0.006239398662000894
rmse,climatology,surface_speed,1260,0.004405390021080772,0.0032627823762595653,0.006287518516182899
rmse,climatology,surface_speed,1270,0.00423104491395255,0.0029886878561228513,0.00610178429633379
rmse,climatology,surface_speed,1280,0.004153840476647019,0.00302314436994493,0.005897067859768868
rmse,climatology,surface_speed,1290,0.0041486608174939954,0.0033074154518544672,0.005714122112840414
rmse,climatology,surface_speed,1300,0.004028375757237275,0.003050229791551828,0.005485580209642649
rmse,climatology,surface_speed,1310,0.003781936364248395,0.0028778256848454474,0.004942322801798582
rmse,climatology,surface_speed,1320,0.0037853848809997243,0.003203206369653344,0.004611828085035086
rmse,climatology,surface_speed,1330,0.003726622803757588,0.003236055513843894,0.0045799828134477135
rmse,climatology,surface_speed,1340,0.003576600675781568,0.0028739833272993565,0.004176139924675226
rmse,climatology,surface_speed,1350,0.0035150228689114255,0.003041479317471385,0.003911227453500032
rmse,climatology,surface_speed,1360,0.0036019527974228065,0.0033205090090632438,0.0039850080385804175
rmse,climatology,surface_speed,1370,0.0035193977256615955,0.0030760710127651692,0.0038558426313102245
rmse,climatology,surface_speed,1380,0.0034194305849572022,0.003180071944370866,0.003650882327929139
rmse,climatology,surface_speed,1390,0.003534998589505752,0.003283839672803879,0.003830647375434637
rmse,climatology,surface_speed,1400,0.003560285766919454,0.0032187178265303375,0.004045372363179922
rmse,climatology,surface_speed,1410,0.0034928809540967147,0.0030986817553639414,0.003892435319721699
rmse,climatology,surface_speed,1420,0.003512888370702664,0.003128799423575401,0.003867947310209274
rmse,climatology,surface_speed,1430,0.003588366166998943,0.0031875554006546734,0.0037177907768636944
rmse,climatology,surface_speed,1440,0.0035110281159480413,0.0030492117162793874,0.00357005731202662
rmse,climatology,surface_speed,1450,0.0035433168367793163,0.0030760748311877252,0.003794097388163209
rmse,climatology,surface_speed,1460,0.0036719241024305424,0.003057637484744191,0.004133610893040895
rmse,climatology,surface_speed,1470,0.0037330862289915484,0.003317404305562377,0.00420271186158061
rmse,climatology,surface_speed,1480,0.0036246208318819603,0.0031419376377016307,0.00433592926710844
rmse,climatology,surface_speed,1490,0.0037448931174973647,0.0030905394814908504,0.005077395681291818
rmse,climatology,surface_speed,1500,0.003843313812588652,0.0031021731905639172,0.005169719457626343
rmse,climatology,surface_speed,1510,0.0038699767086654902,0.003189635928720236,0.004993745870888233
rmse,climatology,surface_speed,1520,0.003925311441222826,0.0030252041295170786,0.00500233955681324
rmse,climatology,surface_speed,1530,0.004112348643441995,0.003180397627875209,0.005889481492340564
rmse,climatology,surface_speed,1540,0.004139021039009094,0.003030895534902811,0.006007590144872665
rmse,climatology,surface_speed,1550,0.004072834023584922,0.002919855434447527,0.006000776402652263
rmse,climatology,surface_speed,1560,0.004155380294347802,0.0029834537301212547,0.005968423280864954
rmse,climatology,surface_speed,1570,0.00419392556262513,0.0030533078126609324,0.006078978441655636
rmse,climatology,surface_speed,1580,0.00407754722982645,0.0030717679765075445,0.005839893221855163
rmse,climatology,surface_speed,1590,0.003977657093976935,0.00300363153219223,0.005601373594254255
rmse,climatology,surface_speed,1600,0.003951208883275588,0.0031039098277688025,0.005396846961230039
rmse,climatology,surface_speed,1610,0.0037822847875456016,0.0030231381300836802,0.005014111567288637
rmse,climatology,surface_speed,1620,0.0036743930075317623,0.0030261910520493983,0.0045153751038014885
rmse,climatology,surface_speed,1630,0.0036739306213955086,0.0029691459145396947,0.004461151082068682
rmse,climatology,surface_speed,1640,0.003666991787031293,0.0032624487299472093,0.00424496429041028
rmse,climatology,surface_speed,1650,0.003454491263255477,0.003083659382537007,0.0038854533806443213
rmse,climatology,surface_speed,1660,0.003463859452555577,0.0029211162589490415,0.003938332200050354
rmse,climatology,surface_speed,1670,0.003490000156064828,0.0030600385274738074,0.003988782223314047
rmse,climatology,surface_speed,1680,0.0034290702392657598,0.0030774158891290425,0.003771828906610608
rmse,climatology,surface_speed,1690,0.0033443720390399297,0.002928570657968521,0.0035575578920543196
rmse,climatology,surface_speed,1700,0.00345506079805394,0.0031281853560358288,0.003933800291270018
rmse,climatology,surface_speed,1710,0.0034270163315037886,0.0031746040098369122,0.003757159039378166
rmse,climatology,surface_speed,1720,0.003302545193582773,0.0029868190642446278,0.003573654778301716
rmse,climatology,surface_speed,1730,0.00337705936593314,0.0030236778780817985,0.0037287162151187657
rmse,climatology,surface_speed,1740,0.0034775389668842156,0.003333620401099324,0.003625327441841364
rmse,climatology,surface_speed,1750,0.0034328064881265163,0.003185700997710228,0.00362375364638865
rmse,climatology,surface_speed,1760,0.0034503706420461336,0.003193987440317869,0.003801527619361877
rmse,climatology,surface_speed,1770,0.0035732102580368517,0.0032646028324961663,0.004135799035429954
rmse,climatology,surface_speed,1780,0.0035800772408644357,0.0032191650941967966,0.004378953576087951
rmse,climatology,surface_speed,1790,0.0036254010628908873,0.003044609911739826,0.004670258890837431
rmse,climatology,surface_speed,1800,0.0038136415959646305,0.0032254350837320088,0.005296829435974359
rmse,climatology,surface_speed,1810,0.003963970144589742,0.0032910324633121492,0.0058178952895104885
rmse,climatology,surface_speed,1820,0.0038718244216094416,0.002952520363032818,0.005963444989174604
rmse,climatology,surface_speed,1830,0.00396890703899165,0.0031293689273297785,0.005952510982751846
rmse,climatology,surface_speed,1840,0.004097223359470566,0.0032691482454538347,0.005671996343880892
rmse,climatology,surface_speed,1850,0.0040859647716085115,0.003084045276045799,0.005694076791405677
rmse,climatology,surface_speed,1860,0.0040204573577890795,0.002915373258292675,0.0057408324442803855
rmse,climatology,surface_speed,1870,0.004153450531885028,0.0031988158356398345,0.005658949259668589
rmse,climatology,surface_speed,1880,0.004162945877760648,0.003247534716501832,0.00558280861005187
rmse,climatology,surface_speed,1890,0.00406453269533813,0.0031438773963600396,0.005201768688857555
rmse,climatology,surface_speed,1900,0.004149850892523925,0.003301633708178997,0.005275586433708668
rmse,climatology,surface_speed,1910,0.004267155441145102,0.0033008340746164323,0.005655864905565977
rmse,climatology,surface_speed,1920,0.004225961087892453,0.0031674396246671676,0.005998440273106098
rmse,climatology,surface_speed,1930,0.004207824434464176,0.0031635412015020847,0.005963752884417773
rmse,climatology,surface_speed,1940,0.004238449828699231,0.003302009357139468,0.005954916588962078
rmse,climatology,surface_speed,1950,0.004124819021672011,0.00317979296669364,0.0058259968645870686
rmse,climatology,surface_speed,1960,0.003951636546601852,0.0029259569011628626,0.0054572481662034985
rmse,climatology,surface_speed,1970,0.003932349321742853,0.0032596212811768057,0.005206241365522146
rmse,climatology,surface_speed,1980,0.003890287612254421,0.003264970052987337,0.005007334519177675
rmse,climatology,surface_speed,1990,0.0036496213171631096,0.002885755896568298,0.004592771641910076
rmse,climatology,surface_speed,2000,0.003586794187625249,0.003061279933899641,0.004096773359924555
rmse,persistence,surface_speed,0,0.0,0.0,0.0
rmse,persistence,surface_speed,10,0.00237644847172002,0.002035052655264735,0.002700142050161958
rmse,persistence,surface_speed,20,0.0032833594363182784,0.0029404053930193186,0.003675637533888221
rmse,persistence,surface_speed,30,0.003681389195844531,0.0033001508098095657,0.004024333599954843
rmse,persistence,surface_speed,40,0.0045264661001662414,0.003929562866687775,0.005070245265960694
rmse,persistence,surface_speed,50,0.004964599960173169,0.004248273093253374,0.0054371686652302745
rmse,persistence,surface_speed,60,0.0051937012933194636,0.004525898862630129,0.005741261411458254
rmse,persistence,surface_speed,70,0.005310371425002814,0.004489631857722998,0.005888010561466217
rmse,persistence,surface_speed,80,0.005204244144260883,0.004347568657249212,0.0059099489822983745
rmse,persistence,surface_speed,90,0.005416389834135771,0.004741821996867656,0.0060455967672169205
rmse,persistence,surface_speed,100,0.0055740152796109515,0.004879198968410492,0.00616434533149004
rmse,persistence,surface_speed,110,0.005279846241076787,0.0047600151970982555,0.005954581033438444
rmse,persistence,surface_speed,120,0.005435800800720851,0.004786104056984186,0.0063180244527757164
rmse,persistence,surface_speed,130,0.005256649261961381,0.004486268479377031,0.005970214027911425
rmse,persistence,surface_speed,140,0.004499524692073464,0.0037095443811267616,0.005091130640357733
rmse,persistence,surface_speed,150,0.004245611404379209,0.0033035920932888985,0.005477508250623941
rmse,persistence,surface_speed,160,0.0037416763914128143,0.00255281045101583,0.005531643796712159
rmse,persistence,surface_speed,170,0.0025874722593774396,0.0008837294648401439,0.004832661990076303
rmse,persistence,surface_speed,180,0.003591783344745636,0.0022254577372223137,0.0053179672919213775
rmse,persistence,surface_speed,190,0.00439929220204552,0.0032426915597170594,0.006022075656801462
rmse,persistence,surface_speed,200,0.004690920903036992,0.0037387358024716377,0.006346746161580086
rmse,persistence,surface_speed,210,0.005343084859972199,0.0041995651088655,0.00667443424463272
rmse,persistence,surface_speed,220,0.005719550295422474,0.004424439277499914,0.006950722075998783
rmse,persistence,surface_speed,230,0.005845271423459053,0.004611402377486229,0.0074125674553215505
rmse,persistence,surface_speed,240,0.005924042065938314,0.004743037559092045,0.0072401674464344975
rmse,persistence,surface_speed,250,0.0057650023140013214,0.004544943477958441,0.006878987699747085
rmse,persistence,surface_speed,260,0.005831575145324072,0.00495765246450901,0.006793437339365482
rmse,persistence,surface_speed,270,0.005935318643848101,0.0051739029586315155,0.006629346404224634
rmse,persistence,surface_speed,280,0.005581463531901439,0.005188841465860605,0.005974634271115065
rmse,persistence,surface_speed,290,0.005591918310771386,0.0050319510512053965,0.006185992155224085
rmse,persistence,surface_speed,300,0.005411236764242252,0.004758166428655386,0.005887713842093944
rmse,persistence,surface_speed,310,0.004614793757597605,0.004336942452937365,0.0048907820135355
rmse,persistence,surface_speed,320,0.00422796073059241,0.003687992412596941,0.004793608095496893
rmse,persistence,surface_speed,330,0.0037518538534641265,0.0030303823761641977,0.004435506369918585
rmse,persistence,surface_speed,340,0.002539715721892814,0.0017407476669177413,0.003111038589850068
rmse,persistence,surface_speed,350,0.0031762702080110707,0.0025394455529749393,0.003670419426634908
rmse,persistence,surface_speed,360,0.003997614110509555,0.0034357949625700712,0.00438751308247447
rmse,persistence,surface_speed,370,0.004237994784489274,0.00395481325685978,0.004488400276750326
rmse,persistence,surface_speed,380,0.004868433189888795,0.004413747601211071,0.00531868040561676
rmse,persistence,surface_speed,390,0.005294178208957116,0.004652152676135302,0.005748218111693859
rmse,persistence,surface_speed,400,0.0054226522023479145,0.004920038115233183,0.005799949262291193
rmse,persistence,surface_speed,410,0.0055304508656263355,0.004918215423822403,0.0059505971148610115
rmse,persistence,surface_speed,420,0.005388362240046263,0.004711078759282827,0.005978742334991694
rmse,persistence,surface_speed,430,0.005489535039911667,0.005247452948242426,0.006094528920948505
rmse,persistence,surface_speed,440,0.005699122324585915,0.005235832184553146,0.006253791786730289
rmse,persistence,surface_speed,450,0.0054102193874617415,0.0046289324760437015,0.005915296822786331
rmse,persistence,surface_speed,460,0.005478166633596023,0.005112202558666468,0.006083502620458603
rmse,persistence,surface_speed,470,0.005459312628954649,0.004993091709911824,0.005971933994442224
rmse,persistence,surface_speed,480,0.00473855941866835,0.0037198676727712154,0.005720369610935449
rmse,persistence,surface_speed,490,0.00443839201082786,0.0037404253147542478,0.00565118957310915
rmse,persistence,surface_speed,500,0.0042317780355612435,0.003401294443756342,0.005668861605226993
rmse,persistence,surface_speed,510,0.003107931682219108,0.0014091983437538149,0.005380587931722402
rmse,persistence,surface_speed,520,0.003609881162022551,0.002159274648874998,0.005563201755285263
rmse,persistence,surface_speed,530,0.00448083383962512,0.00320310415700078,0.005799531284719705
rmse,persistence,surface_speed,540,0.004713238356634975,0.0036702339537441732,0.006088192854076624
rmse,persistence,surface_speed,550,0.005279194780935844,0.004360025841742754,0.006472751405090094
rmse,persistence,surface_speed,560,0.005699907708913088,0.004841420240700245,0.007050248607993126
rmse,persistence,surface_speed,570,0.005775598560770353,0.005009366292506456,0.006724037509411573
rmse,persistence,surface_speed,580,0.005826621626814206,0.005044000037014484,0.006716908887028694
rmse,persistence,surface_speed,590,0.005617104439685742,0.0047409145161509516,0.006601684261113405
rmse,persistence,surface_speed,600,0.005624670224885146,0.005089593399316072,0.0064957886934280396
rmse,persistence,surface_speed,610,0.005812314028541247,0.005126226786524057,0.006792392581701279
rmse,persistence,surface_speed,620,0.005505377302567164,0.00446788314729929,0.006413378659635783
rmse,persistence,surface_speed,630,0.0054418073656658334,0.004907762166112661,0.006015168037265539
rmse,persistence,surface_speed,640,0.00535070967550079,0.00490436302497983,0.006319316569715738
rmse,persistence,surface_speed,650,0.004465935208524267,0.0036315206438302995,0.005295980162918568
rmse,persistence,surface_speed,660,0.0038252410168449083,0.003400800283998251,0.004415791667997837
rmse,persistence,surface_speed,670,0.0033744209135572116,0.0030022991355508565,0.0038091566413640974
rmse,persistence,surface_speed,680,0.0016121338975305358,0.0011512375669553876,0.0021776008885353803
rmse,persistence,surface_speed,690,0.0018326799230029185,0.0015194965060800314,0.0021579395048320293
rmse,persistence,surface_speed,700,0.0031483335110048453,0.0027465160470455884,0.003543599462136626
rmse,persistence,surface_speed,710,0.0034721440635621546,0.0030769400764256716,0.0038704921025782824
rmse,persistence,surface_speed,720,0.00414651093694071,0.003774925274774432,0.004643524438142777
rmse,persistence,surface_speed,730,0.004770992153013746,0.004108355287462473,0.005147989187389612
rmse,persistence,surface_speed,740,0.004945241163174311,0.004371971357613802,0.005468386225402355
rmse,persistence,surface_speed,750,0.005132311303168535,0.004529326781630516,0.005768323503434658
rmse,persistence,surface_speed,760,0.005045022225628296,0.004220580961555242,0.005630562361329794
rmse,persistence,surface_speed,770,0.005103237585475048,0.004702840559184551,0.005756900180131197
rmse,persistence,surface_speed,780,0.005404508082816998,0.004989372286945582,0.0060884407721459866
rmse,persistence,surface_speed,790,0.0052206335278848805,0.0045415916480124,0.0058022222481668
rmse,persistence,surface_speed,800,0.005186170308540265,0.004897620063275099,0.005590206757187843
rmse,persistence,surface_speed,810,0.0053128845989704136,0.0048128744587302204,0.005866845976561308
rmse,persistence,surface_speed,820,0.004687452378372352,0.003977946005761623,0.005268745683133602
rmse,persistence,surface_speed,830,0.004196463447685043,0.0035444003529846667,0.005111858248710632
rmse,persistence,surface_speed,840,0.00403649527579546,0.0031048092525452374,0.005124596692621708
rmse,persistence,surface_speed,850,0.0029527189986159404,0.001623096107505262,0.0047107704915106295
rmse,persistence,surface_speed,860,0.0030504207747677962,0.0016385423950850964,0.0050313396379351605
rmse,persistence,surface_speed,870,0.004209531983360648,0.003039324609562755,0.006020215991884469
rmse,persistence,surface_speed,880,0.0045659104362130165,0.0034850392024964095,0.006492416933178901
rmse,persistence,surface_speed,890,0.005080898447583119,0.0040523986332118515,0.00679960660636425
rmse,persistence,surface_speed,900,0.005646306121100982,0.004400054179131985,0.006987798493355513
rmse,persistence,surface_speed,910,0.005783518652121226,0.00458357846364379,0.0073480186983942986
rmse,persistence,surface_speed,920,0.005919304955750704,0.004866481013596058,0.007589833345264196
rmse,persistence,surface_speed,930,0.005832820758223533,0.0047589815221726894,0.006894983071833849
rmse,persistence,surface_speed,940,0.005784411666293939,0.004828591085970402,0.006676223780959845
rmse,persistence,surface_speed,950,0.005985362486292918,0.0052020523697137834,0.006909485813230276
rmse,persistence,surface_speed,960,0.005804115689049164,0.005247068684548139,0.006427296157926321
rmse,persistence,surface_speed,970,0.005599766876548529,0.0052012988366186615,0.0060646506026387215
rmse,persistence,surface_speed,980,0.005657941506554683,0.005092015583068132,0.006154779158532619
rmse,persistence,surface_speed,990,0.00503741546223561,0.004540092032402754,0.005442012846469879
rmse,persistence,surface_speed,1000,0.004393321399887403,0.004075440019369126,0.004839434009045363
rmse,persistence,surface_speed,1010,0.004186173807829619,0.0036090521607548,0.004819860495626926
rmse,persistence,surface_speed,1020,0.00316093269114693,0.002589681837707758,0.0035840360913425686
rmse,persistence,surface_speed,1030,0.0028975921993454295,0.0024303508922457694,0.0033387545496225356
rmse,persistence,surface_speed,1040,0.00395554380180935,0.0035511822905391456,0.004330276697874069
rmse,persistence,surface_speed,1050,0.004316455125808716,0.004024873534217477,0.004550627991557121
rmse,persistence,surface_speed,1060,0.00478405902783076,0.00452280966565013,0.005049935635179281
rmse,persistence,surface_speed,1070,0.005422013128797213,0.004969621263444424,0.005745388101786375
rmse,persistence,surface_speed,1080,0.0056353527121245865,0.005263270530849695,0.005903408024460077
rmse,persistence,surface_speed,1090,0.005846110420922438,0.005385382194072008,0.006351128127425909
rmse,persistence,surface_speed,1100,0.0058604764131208265,0.004976084176450968,0.006605743058025837
rmse,persistence,surface_speed,1110,0.0058881697244942185,0.00495717665180564,0.007104211207479239
rmse,persistence,surface_speed,1120,0.006215595050404469,0.005340002197772265,0.0077884020283818245
rmse,persistence,surface_speed,1130,0.0061740400890509285,0.004782317206263542,0.00828635785728693
rmse,persistence,surface_speed,1140,0.006042889008919398,0.004781127627938986,0.0082558861002326
rmse,persistence,surface_speed,1150,0.006259916132936875,0.005204803124070167,0.00820841733366251
rmse,persistence,surface_speed,1160,0.005787101046492656,0.004202405828982592,0.007790586166083813
rmse,persistence,surface_speed,1170,0.005188565126930674,0.0035260446835309266,0.007376363873481751
rmse,persistence,surface_speed,1180,0.005134417861700058,0.0036259871907532216,0.007074572890996933
rmse,persistence,surface_speed,1190,0.004303622633839647,0.0023777227848768233,0.006560896802693605
rmse,persistence,surface_speed,1200,0.0037603901466354726,0.0013268893118947745,0.0062711752951145165
rmse,persistence,surface_speed,1210,0.004732890954862038,0.0028760279528796673,0.006637680344283581
rmse,persistence,surface_speed,1220,0.005069988764201601,0.003473366843536496,0.006770013831555843
rmse,persistence,surface_speed,1230,0.005416349849353234,0.003982059564441443,0.0069816564209759235
rmse,persistence,surface_speed,1240,0.005949056334793567,0.004631587117910385,0.007394359912723303
rmse,persistence,surface_speed,1250,0.006083644833415747,0.004904293268918991,0.007561296783387661
rmse,persistence,surface_speed,1260,0.0061594606998066105,0.005152880307286977,0.007638327125459909
rmse,persistence,surface_speed,1270,0.006015621063609918,0.004693176224827766,0.007508671190589666
rmse,persistence,surface_speed,1280,0.005791012508173783,0.004770614393055439,0.007346407882869244
rmse,persistence,surface_speed,1290,0.005893989372998476,0.0052193434908986095,0.007300693169236183
rmse,persistence,surface_speed,1300,0.005709502194076776,0.004713179636746645,0.006765085272490978
rmse,persistence,surface_speed,1310,0.005310586219032605,0.004625980835407972,0.005993795860558748
rmse,persistence,surface_speed,1320,0.005345387135942777,0.005023119691759348,0.0058115717954933645
rmse,persistence,surface_speed,1330,0.004722618559996287,0.004191618319600821,0.005532624013721943
rmse,persistence,surface_speed,1340,0.0037712609084943932,0.0033411314710974694,0.004468211904168129
rmse,persistence,surface_speed,1350,0.003473274875432253,0.0030319227837026117,0.00380386752076447
rmse,persistence,surface_speed,1360,0.002311532308037082,0.0020078407134860752,0.0026333038695156574
rmse,persistence,surface_speed,1370,0.0008603865280747414,0.0006580277578905225,0.0010000126902014017
rmse,persistence,surface_speed,1380,0.002700080272431175,0.0023538294713944196,0.003046945249661803
rmse,persistence,surface_speed,1390,0.003359393108015259,0.003002719022333622,0.003746657492592931
rmse,persistence,surface_speed,1400,0.003810633843143781,0.0033578867558389904,0.0042372655123472215
rmse,persistence,surface_speed,1410,0.004629435824851195,0.004022398125380277,0.005186037719249725
rmse,persistence,surface_speed,1420,0.004960988306750854,0.0043741163797676565,0.005334119591861963
rmse,persistence,surface_speed,1430,0.005196399986743927,0.00458071306347847,0.005850005801767111
rmse,persistence,surface_speed,1440,0.005270600877702236,0.0044818509370088576,0.00584067776799202
rmse,persistence,surface_speed,1450,0.0052026129638155305,0.00445866072550416,0.00575900562107563
rmse,persistence,surface_speed,1460,0.005480492860078812,0.004823276773095131,0.006040386483073234
rmse,persistence,surface_speed,1470,0.005569251844038566,0.004914786387234926,0.006075484026223421
rmse,persistence,surface_speed,1480,0.005321081448346377,0.004883964546024799,0.005943313147872686
rmse,persistence,surface_speed,1490,0.0055395096230010194,0.004949832148849964,0.006481004040688276
rmse,persistence,surface_speed,1500,0.00527118102957805,0.0043867077678442,0.006017064210027456
rmse,persistence,surface_speed,1510,0.004610671848058701,0.0039552003145217896,0.005236270651221275
rmse,persistence,surface_speed,1520,0.004500408625851075,0.0034100741613656282,0.00599398585036397
rmse,persistence,surface_speed,1530,0.0039508796917895475,0.00242335326038301,0.006090430915355683
rmse,persistence,surface_speed,1540,0.003205504547804594,0.0011448717443272472,0.005670259147882462
rmse,persistence,surface_speed,1550,0.004238261608406901,0.002566173207014799,0.0063694224692881106
rmse,persistence,surface_speed,1560,0.004824781185016036,0.003382566897198558,0.006804257724434137
rmse,persistence,surface_speed,1570,0.00509809471356372,0.003892990155145526,0.0069968136027455325
rmse,persistence,surface_speed,1580,0.005675309368719657,0.004355597589164972,0.007415091805160046
rmse,persistence,surface_speed,1590,0.005880839222421249,0.004536484647542238,0.0074696863070130345
rmse,persistence,surface_speed,1600,0.005939878554393848,0.004768726322799921,0.007442683354020118
rmse,persistence,surface_speed,1610,0.005919996121277412,0.004814906138926744,0.0072590896859765055
rmse,persistence,surface_speed,1620,0.005720520950853824,0.004617493506520987,0.006450921855866909
rmse,persistence,surface_speed,1630,0.005823944912602504,0.005033220909535885,0.006607730127871037
rmse,persistence,surface_speed,1640,0.005879130649069945,0.005214088596403599,0.006437920965254307
rmse,persistence,surface_speed,1650,0.005534062689791123,0.005178236216306686,0.0059669696725904945
rmse,persistence,surface_speed,1660,0.005621468865623077,0.005126961972564459,0.006304887402802706
rmse,persistence,surface_speed,1670,0.005348707363009453,0.004771659336984158,0.005742867384105921
rmse,persistence,surface_speed,1680,0.0045537490397691725,0.0043194257654249665,0.004849060345441103
rmse,persistence,surface_speed,1690,0.004279368712256352,0.0037772759329527616,0.004831085726618767
rmse,persistence,surface_speed,1700,0.003705649853994449,0.0031518375035375357,0.004228952713310718
rmse,persistence,surface_speed,1710,0.0026585175500561794,0.0021887618117034436,0.0031555387191474437
rmse,persistence,surface_speed,1720,0.0035027526939908665,0.003035449841991067,0.003906430583447218
rmse,persistence,surface_speed,1730,0.004200760787352919,0.0038110827561467888,0.004461795929819346
rmse,persistence,surface_speed,1740,0.004485504329204559,0.004312591347843409,0.004701824393123388
rmse,persistence,surface_speed,1750,0.005165327588717143,0.004764758516103029,0.0054634975269436835
rmse,persistence,surface_speed,1760,0.005545431313415368,0.005137717165052891,0.005876635294407606
rmse,persistence,surface_speed,1770,0.005725490984817346,0.005312986951321363,0.006088816281408072
rmse,persistence,surface_speed,1780,0.005857820436358452,0.005156800150871277,0.006453465856611729
rmse,persistence,surface_speed,1790,0.005793159268796444,0.004840214271098375,0.006752697937190533
rmse,persistence,surface_speed,1800,0.006011278244356314,0.005335303023457527,0.007334782090038061
rmse,persistence,surface_speed,1810,0.006213290399561326,0.005173486098647118,0.007940319925546646
rmse,persistence,surface_speed,1820,0.005949465154359738,0.004599761217832565,0.008004466630518436
rmse,persistence,surface_speed,1830,0.0061080130438009896,0.005179834365844726,0.0079878406599164
rmse,persistence,surface_speed,1840,0.005994955947001775,0.004853555932641029,0.0076080761849880215
rmse,persistence,surface_speed,1850,0.0052418586487571394,0.0035830398090183737,0.007217330392450094
rmse,persistence,surface_speed,1860,0.0050087403350820145,0.0037127180956304075,0.006895121745765209
rmse,persistence,surface_speed,1870,0.0046241052293529115,0.003203581692650914,0.006441727187484502
rmse,persistence,surface_speed,1880,0.0034639520260194936,0.0012894167564809324,0.005808468908071518
rmse,persistence,surface_speed,1890,0.004062210256233811,0.0023296416271477937,0.005874175392091274
rmse,persistence,surface_speed,1900,0.004735863441601396,0.0032756363973021506,0.006314330361783504
rmse,persistence,surface_speed,1910,0.004947503842413425,0.003740064986050129,0.006328813824802637
rmse,persistence,surface_speed,1920,0.005506005448599656,0.0044061335735023025,0.006760897859930992
rmse,persistence,surface_speed,1930,0.005830251735945543,0.004838667437434196,0.00720574539154768
rmse,persistence,surface_speed,1940,0.005888525055100521,0.004921339359134436,0.007243120484054089
rmse,persistence,surface_speed,1950,0.005881830677390098,0.004751720651984215,0.0071145941503345965
rmse,persistence,surface_speed,1960,0.005587353774656852,0.004481740109622478,0.00686678932979703
rmse,persistence,surface_speed,1970,0.005547779984772206,0.004984524566680193,0.006728372629731893
rmse,persistence,surface_speed,1980,0.005602989283700784,0.004995788726955652,0.0065515262074768545
rmse,persistence,surface_speed,1990,0.005161304151018461,0.0044117792509496215,0.0058073695749044415
rmse,persistence,surface_speed,2000,0.005100472581883272,0.004923991486430168,0.005275088641792536
rmse,model,phihyd_surface,0,0.0,0.0,0.0
rmse,model,phihyd_surface,10,0.002032209684451421,0.0014659206615760922,0.002361217886209488
rmse,model,phihyd_surface,20,0.002614975464530289,0.00184750622138381,0.003043021587654948
rmse,model,phihyd_surface,30,0.0029861392608533303,0.002151725208386779,0.003511337516829371
rmse,model,phihyd_surface,40,0.0032947802760948737,0.0023967963177710773,0.0038562262430787086
rmse,model,phihyd_surface,50,0.0035688872759540875,0.0026344985235482454,0.004188515432178974
rmse,model,phihyd_surface,60,0.0038522121341278154,0.0029000813607126474,0.0044857731088995935
rmse,model,phihyd_surface,70,0.004120922119667133,0.0030853125266730786,0.004805082269012928
rmse,model,phihyd_surface,80,0.00437012390854458,0.003266469854861498,0.005044904630631208
rmse,model,phihyd_surface,90,0.0045868162997066975,0.00353978481143713,0.005243241693824529
rmse,model,phihyd_surface,100,0.004805661318823695,0.003897193679586053,0.0054686120711266994
rmse,model,phihyd_surface,110,0.005002119764685631,0.004070218559354544,0.005703355278819799
rmse,model,phihyd_surface,120,0.0052165271093448,0.004252697713673115,0.005867037177085877
rmse,model,phihyd_surface,130,0.0054640353036423525,0.004495806246995926,0.0060678630135953425
rmse,model,phihyd_surface,140,0.005685214760402838,0.004768058005720377,0.006326653994619846
rmse,model,phihyd_surface,150,0.005855748771379391,0.005098514072597027,0.006583897676318884
rmse,model,phihyd_surface,160,0.0060485772478083765,0.005529372021555901,0.006752573326230049
rmse,model,phihyd_surface,170,0.006240031712998946,0.005675282422453165,0.007016046717762947
rmse,model,phihyd_surface,180,0.00640972846498092,0.005743719451129436,0.007226490974426269
rmse,model,phihyd_surface,190,0.006597235084821781,0.005782483238726854,0.007457849942147731
rmse,model,phihyd_surface,200,0.006808838527649641,0.005909936130046844,0.007674041204154491
rmse,model,phihyd_surface,210,0.006982190844913323,0.0060597041621804236,0.007942968048155308
rmse,model,phihyd_surface,220,0.007140509908397993,0.0061522933654487135,0.008177503012120724
rmse,model,phihyd_surface,230,0.007341121323406696,0.006339344009757042,0.008484347909688949
rmse,model,phihyd_surface,240,0.00754741324732701,0.006530848518013954,0.008873559720814227
rmse,model,phihyd_surface,250,0.007739326388885578,0.0067147242836654185,0.00906632076948881
rmse,model,phihyd_surface,260,0.007948502960304419,0.006944379117339849,0.009278090111911295
rmse,model,phihyd_surface,270,0.00815425372372071,0.007255085185170174,0.009534626640379427
rmse,model,phihyd_surface,280,0.00832721075663964,0.00741157066076994,0.00977578368037939
rmse,model,phihyd_surface,290,0.00850628266731898,0.007501309737563133,0.00990837700664997
rmse,model,phihyd_surface,300,0.008719558082520961,0.007676383480429649,0.010067130811512469
rmse,model,phihyd_surface,310,0.008914627445240816,0.007830928452312947,0.010262616164982318
rmse,model,phihyd_surface,320,0.009059031742314498,0.007933557964861393,0.010491606034338474
rmse,model,phihyd_surface,330,0.00925695470844706,0.008157861977815628,0.010684342682361602
rmse,model,phihyd_surface,340,0.009456316692133744,0.008464932814240456,0.010928277298808096
rmse,model,phihyd_surface,350,0.009611379417280356,0.008502042293548584,0.011108770594000816
rmse,model,phihyd_surface,360,0.00981996078044176,0.008544260822236537,0.011322365701198578
rmse,model,phihyd_surface,370,0.010068732996781666,0.008780925907194615,0.011528529599308966
rmse,model,phihyd_surface,380,0.01024792604148388,0.008895405381917954,0.01175996921956539
rmse,model,phihyd_surface,390,0.010434943561752638,0.009062302112579346,0.011981273628771305
rmse,model,phihyd_surface,400,0.010677660318712394,0.009351946972310543,0.012290422618389129
rmse,model,phihyd_surface,410,0.010893940428892772,0.009467879682779312,0.012622157298028468
rmse,model,phihyd_surface,420,0.011085022737582525,0.009529343619942666,0.012813423201441763
rmse,model,phihyd_surface,430,0.011320028640329837,0.00975148193538189,0.013117623887956141
rmse,model,phihyd_surface,440,0.011511207806567352,0.009862502105534077,0.013302323408424854
rmse,model,phihyd_surface,450,0.011686978427072366,0.009939414076507091,0.013498716801404952
rmse,model,phihyd_surface,460,0.011895230102042357,0.010074859112501144,0.013709822483360766
rmse,model,phihyd_surface,470,0.012130146101117133,0.010297059267759322,0.013872516341507435
rmse,model,phihyd_surface,480,0.012344179612894853,0.010400173254311085,0.014125028252601623
rmse,model,phihyd_surface,490,0.012540329558153948,0.010508381202816964,0.014445458725094795
rmse,model,phihyd_surface,500,0.012767713330686093,0.01067509837448597,0.01464004460722208
rmse,model,phihyd_surface,510,0.012978233210742474,0.010940039530396461,0.014899841137230396
rmse,model,phihyd_surface,520,0.01314423040797313,0.011030713468790055,0.015067462623119353
rmse,model,phihyd_surface,530,0.013348486895362536,0.011078502424061299,0.015247298404574394
rmse,model,phihyd_surface,540,0.013568720904489358,0.011235874332487582,0.015451087057590483
rmse,model,phihyd_surface,550,0.01371742133051157,0.011415229737758636,0.015598335117101668
rmse,model,phihyd_surface,560,0.013835193340977032,0.011569039337337017,0.01572924926877022
rmse,model,phihyd_surface,570,0.013984086737036706,0.011717058531939984,0.015835300087928772
rmse,model,phihyd_surface,580,0.014113014315565426,0.011853600852191448,0.01594194322824478
rmse,model,phihyd_surface,590,0.014254733795921008,0.011965248733758926,0.01599326580762863
rmse,model,phihyd_surface,600,0.014434157684445382,0.012129757925868035,0.01623322255909443
rmse,model,phihyd_surface,610,0.014542197684446971,0.012342514097690582,0.016318898648023605
rmse,model,phihyd_surface,620,0.014612371101975441,0.012471342086791992,0.016394537314772605
rmse,model,phihyd_surface,630,0.014679769550760587,0.012471754290163516,0.01647697389125824
rmse,model,phihyd_surface,640,0.014793927284578482,0.012732718139886856,0.016579261422157286
rmse,model,phihyd_surface,650,0.014913267890612284,0.012992850504815578,0.016726545244455337
rmse,model,phihyd_surface,660,0.01498457882553339,0.013088969700038432,0.01684037409722805
rmse,model,phihyd_surface,670,0.015072060252229373,0.01319315042346716,0.016999253258109092
rmse,model,phihyd_surface,680,0.015169398114085197,0.01353263519704342,0.01717972122132778
rmse,model,phihyd_surface,690,0.015247393647829692,0.013787691295146943,0.01736929044127464
rmse,model,phihyd_surface,700,0.015323908689121405,0.013797294534742831,0.01748320236802101
rmse,model,phihyd_surface,710,0.015447798743844032,0.013905535452067852,0.017536139488220213
rmse,model,phihyd_surface,720,0.015559383109211922,0.014245581068098544,0.01769893169403076
rmse,model,phihyd_surface,730,0.015600800141692161,0.014398109540343285,0.017753628641366957
rmse,model,phihyd_surface,740,0.015686027084787686,0.014532863348722457,0.017870546877384184
rmse,model,phihyd_surface,750,0.015821165467302004,0.014724560454487801,0.018104873597621918
rmse,model,phihyd_surface,760,0.015936131961643694,0.014800343848764896,0.018254831805825232
rmse,model,phihyd_surface,770,0.016113847121596338,0.01484029907733202,0.018534736707806587
rmse,model,phihyd_surface,780,0.01629953117420276,0.01508510708808899,0.018836809694766997
rmse,model,phihyd_surface,790,0.016418840860327084,0.01527192648500204,0.01891467124223709
rmse,model,phihyd_surface,800,0.016500740125775338,0.015214307606220246,0.01898922063410282
rmse,model,phihyd_surface,810,0.01669570313145717,0.015366604551672935,0.019201684370636938
rmse,model,phihyd_surface,820,0.016858392705519993,0.01551919113844633,0.019466323405504225
rmse,model,phihyd_surface,830,0.01693908137579759,0.015714092180132866,0.01963745355606079
rmse,model,phihyd_surface,840,0.01709482160707315,0.015662482008337975,0.019940894469618796
rmse,model,phihyd_surface,850,0.01722001942495505,0.015680630691349506,0.02024032734334469
rmse,model,phihyd_surface,860,0.017294803882638612,0.015857597813010216,0.019944965094327926
rmse,model,phihyd_surface,870,0.01739281862974167,0.015922683849930765,0.020089802518486976
rmse,model,phihyd_surface,880,0.01753590429822604,0.016179609298706054,0.020028212293982505
rmse,model,phihyd_surface,890,0.017666112631559372,0.016338006407022477,0.020328445732593535
rmse,model,phihyd_surface,900,0.01774295891324679,0.01640941798686981,0.020349824428558348
rmse,model,phihyd_surface,910,0.017821770161390305,0.016527853161096572,0.020370051637291907
rmse,model,phihyd_surface,920,0.01788049079477787,0.01642245501279831,0.02053922154009342
rmse,model,phihyd_surface,930,0.01791185177862644,0.016434898227453233,0.02060115560889244
rmse,model,phihyd_surface,940,0.018023405224084854,0.016484729200601577,0.020839853584766387
rmse,model,phihyd_surface,950,0.018097868499656517,0.016394033282995223,0.020796061679720878
rmse,model,phihyd_surface,960,0.01809755644450585,0.01627262495458126,0.020580919459462166
rmse,model,phihyd_surface,970,0.018093704680601754,0.01621243990957737,0.02064377851784229
rmse,model,phihyd_surface,980,0.01822099188963572,0.016265982016921043,0.020741870626807213
rmse,model,phihyd_surface,990,0.018321880946556728,0.01633857823908329,0.02060074917972088
rmse,model,phihyd_surface,1000,0.018355182185769082,0.016353193297982217,0.02076619081199169
rmse,model,phihyd_surface,1010,0.0184729332725207,0.01627575159072876,0.02092662937939167
rmse,model,phihyd_surface,1020,0.018586369852224987,0.016259748488664627,0.021305885910987855
rmse,model,phihyd_surface,1030,0.018672655895352365,0.016412651538848876,0.021047868579626084
rmse,model,phihyd_surface,1040,0.018768855556845664,0.016369647160172463,0.021222087368369103
rmse,model,phihyd_surface,1050,0.01892190823952357,0.0161587655544281,0.021360026299953462
rmse,model,phihyd_surface,1060,0.019095090155800184,0.016293380036950113,0.021655121073126792
rmse,model,phihyd_surface,1070,0.01921290618677934,0.01619647443294525,0.0217139333486557
rmse,model,phihyd_surface,1080,0.019335920736193658,0.016081517189741136,0.021877333521842957
rmse,model,phihyd_surface,1090,0.01945410408079624,0.016082363203167915,0.022094110772013665
rmse,model,phihyd_surface,1100,0.01955749380091826,0.016182620823383332,0.02214275859296322
rmse,model,phihyd_surface,1110,0.01973870359361172,0.016150116547942163,0.022368752211332322
rmse,model,phihyd_surface,1120,0.019861924772461254,0.0161833431571722,0.022288095206022263
rmse,model,phihyd_surface,1130,0.019911621138453482,0.01637527160346508,0.021901847794651985
rmse,model,phihyd_surface,1140,0.019916334375739097,0.016459474712610243,0.021942318975925447
rmse,model,phihyd_surface,1150,0.020103019351760548,0.01668340861797333,0.02206125631928444
rmse,model,phihyd_surface,1160,0.020318925753235816,0.0169815544039011,0.022233931347727776
rmse,model,phihyd_surface,1170,0.020421133562922477,0.017130775004625322,0.02243635393679142
rmse,model,phihyd_surface,1180,0.020580933118859928,0.017286044731736182,0.02268543317914009
rmse,model,phihyd_surface,1190,0.0207253015289704,0.017523273825645447,0.022990691289305688
rmse,model,phihyd_surface,1200,0.02081409047047297,0.017732252925634386,0.022798319905996324
rmse,model,phihyd_surface,1210,0.020881073052684464,0.017782770469784735,0.022818943858146666
rmse,model,phihyd_surface,1220,0.020993147417902945,0.017629741877317428,0.022916504740715028
rmse,model,phihyd_surface,1230,0.02107999175786972,0.01782614067196846,0.023141942545771597
rmse,model,phihyd_surface,1240,0.021020170425375302,0.01777539886534214,0.023022141307592392
rmse,model,phihyd_surface,1250,0.02092211755613486,0.01779884025454521,0.023027843981981277
rmse,model,phihyd_surface,1260,0.020880996932586035,0.017858194559812544,0.022968284785747528
rmse,model,phihyd_surface,1270,0.02087613008916378,0.017893465608358382,0.02285296246409416
rmse,model,phihyd_surface,1280,0.02098183718820413,0.01791849881410599,0.022986776009202004
rmse,model,phihyd_surface,1290,0.02102090120315552,0.018078560009598732,0.022848938778042793
rmse,model,phihyd_surface,1300,0.021046746522188187,0.01844239644706249,0.02273525930941105
rmse,model,phihyd_surface,1310,0.020955003425478937,0.01840098313987255,0.022686921060085297
rmse,model,phihyd_surface,1320,0.02107977035144965,0.018764861300587653,0.022864120453596114
rmse,model,phihyd_surface,1330,0.021214742213487625,0.01925751082599163,0.023150738701224326
rmse,model,phihyd_surface,1340,0.021199038003881773,0.01936304718255997,0.023150569945573806
rmse,model,phihyd_surface,1350,0.021272643531362215,0.019437801837921143,0.02342599295079708
rmse,model,phihyd_surface,1360,0.02143759255607923,0.019840460270643234,0.023827188089489935
rmse,model,phihyd_surface,1370,0.021486704175670942,0.0200720340013504,0.023823264241218566
rmse,model,phihyd_surface,1380,0.021486438686649005,0.020232110843062402,0.023745020851492882
rmse,model,phihyd_surface,1390,0.021600240220626194,0.02022387646138668,0.0239931333810091
rmse,model,phihyd_surface,1400,0.021751817688345908,0.02035873644053936,0.024757683649659155
rmse,model,phihyd_surface,1410,0.021812175462643305,0.020297351852059366,0.0248121190816164
rmse,model,phihyd_surface,1420,0.021878443534175555,0.02033449225127697,0.02473742179572582
rmse,model,phihyd_surface,1430,0.02197894218067328,0.020403259620070457,0.02499573417007923
rmse,model,phihyd_surface,1440,0.022075913349787393,0.020484254881739616,0.025214751437306403
rmse,model,phihyd_surface,1450,0.02224098617831866,0.020468785613775253,0.02538817413151264
rmse,model,phihyd_surface,1460,0.022415313373009362,0.020700153708457947,0.025370769575238226
rmse,model,phihyd_surface,1470,0.022589021424452464,0.020809584856033327,0.02529867626726627
rmse,model,phihyd_surface,1480,0.022594324002663296,0.02073444165289402,0.025102441385388374
rmse,model,phihyd_surface,1490,0.02281779907643795,0.02055899165570736,0.02557760179042816
rmse,model,phihyd_surface,1500,0.023034844795862833,0.02055850252509117,0.026019037142395972
rmse,model,phihyd_surface,1510,0.023132926722367605,0.020817239955067634,0.025976718962192533
rmse,model,phihyd_surface,1520,0.023266593739390374,0.020916596055030823,0.026212545856833455
rmse,model,phihyd_surface,1530,0.023580047364036242,0.021300891041755678,0.02676716260612011
rmse,model,phihyd_surface,1540,0.023601817215482393,0.021438241004943848,0.02656448371708393
rmse,model,phihyd_surface,1550,0.023560661201675732,0.021727793291211127,0.026309477165341377
rmse,model,phihyd_surface,1560,0.023695249607165656,0.021797675266861917,0.02660759650170803
rmse,model,phihyd_surface,1570,0.023891650885343552,0.022161267697811127,0.027079132199287412
rmse,model,phihyd_surface,1580,0.023889214545488358,0.02227330021560192,0.026910115778446195
rmse,model,phihyd_surface,1590,0.024026380851864815,0.02240596488118172,0.026852141320705413
rmse,model,phihyd_surface,1600,0.024130245049794514,0.0225938580930233,0.02689500972628593
rmse,model,phihyd_surface,1610,0.024176248783866563,0.02258981540799141,0.02711692824959755
rmse,model,phihyd_surface,1620,0.024215190733472506,0.022468766942620278,0.02732345387339592
rmse,model,phihyd_surface,1630,0.024383179967602094,0.022660234570503236,0.027427414804697035
rmse,model,phihyd_surface,1640,0.02445642612874508,0.022754820808768273,0.0269242525100708
rmse,model,phihyd_surface,1650,0.024362614378333092,0.022849446162581444,0.026962794363498688
rmse,model,phihyd_surface,1660,0.02444593757390976,0.022683684900403022,0.027149180695414544
rmse,model,phihyd_surface,1670,0.024601015076041222,0.022739647328853606,0.027462224289774892
rmse,model,phihyd_surface,1680,0.024668930595119796,0.022876695916056632,0.027375287935137747
rmse,model,phihyd_surface,1690,0.02472026621301969,0.022923332825303077,0.027267612144351003
rmse,model,phihyd_surface,1700,0.025126584122578302,0.02298973985016346,0.02782389372587204
rmse,model,phihyd_surface,1710,0.02518089363972346,0.02298758737742901,0.02803794629871845
rmse,model,phihyd_surface,1720,0.025173726429541906,0.02334936857223511,0.027636801078915595
rmse,model,phihyd_surface,1730,0.025323042397697768,0.02346329651772976,0.027609670907258986
rmse,model,phihyd_surface,1740,0.025677709405620894,0.02369965873658657,0.02822500132024288
rmse,model,phihyd_surface,1750,0.025655094782511392,0.023643454909324645,0.028340447694063187
rmse,model,phihyd_surface,1760,0.02584683857858181,0.0236115001142025,0.028570349141955376
rmse,model,phihyd_surface,1770,0.02609027735888958,0.023627403005957604,0.028881828114390374
rmse,model,phihyd_surface,1780,0.026215174794197084,0.023550913855433463,0.029107189550995827
rmse,model,phihyd_surface,1790,0.026183211679259934,0.023268551006913184,0.02904686480760574
rmse,model,phihyd_surface,1800,0.02651222385466099,0.023821826651692392,0.029696987941861153
rmse,model,phihyd_surface,1810,0.026670797790090243,0.024136101454496385,0.029052569717168807
rmse,model,phihyd_surface,1820,0.026653382182121276,0.024378250911831857,0.029113758727908133
rmse,model,phihyd_surface,1830,0.026741219063599903,0.024152514338493348,0.02924633026123047
rmse,model,phihyd_surface,1840,0.027089207743604977,0.024630694836378097,0.030176936462521554
rmse,model,phihyd_surface,1850,0.02716893975933393,0.024874305725097655,0.029887260496616365
rmse,model,phihyd_surface,1860,0.027207507068912187,0.025020295381546022,0.029824866726994515
rmse,model,phihyd_surface,1870,0.027645245318611462,0.024827315658330917,0.030338525772094727
rmse,model,phihyd_surface,1880,0.02787178965906302,0.024824412539601326,0.03065957725048065
rmse,model,phihyd_surface,1890,0.027784817044933637,0.024621544033288957,0.03009124621748924
rmse,model,phihyd_surface,1900,0.02781384972234567,0.02500656098127365,0.030431297793984412
rmse,model,phihyd_surface,1910,0.028141110638777413,0.025611237809062003,0.030828993022441863
rmse,model,phihyd_surface,1920,0.0279642716050148,0.025426654517650603,0.03028609566390514
rmse,model,phihyd_surface,1930,0.02790981928507487,0.025314319878816605,0.030195668712258338
rmse,model,phihyd_surface,1940,0.02803544277946154,0.025371793285012247,0.03045196123421192
rmse,model,phihyd_surface,1950,0.028099251290162403,0.025531956925988197,0.030235634371638297
rmse,model,phihyd_surface,1960,0.027839218576749165,0.02551712319254875,0.03037596493959427
rmse,model,phihyd_surface,1970,0.028032656759023666,0.0255850151181221,0.030804983526468276
rmse,model,phihyd_surface,1980,0.028220890959103902,0.025978994742035865,0.030661877244710922
rmse,model,phihyd_surface,1990,0.028238639111320178,0.02662792392075062,0.030431126430630683
rmse,model,phihyd_surface,2000,0.02809956893324852,0.026137179136276244,0.030468831211328505
rmse,climatology,phihyd_surface,0,0.05692157025138537,0.0540118932723999,0.06075506955385208
rmse,climatology,phihyd_surface,10,0.056680009017388025,0.05367028638720513,0.06037708297371864
rmse,climatology,phihyd_surface,20,0.05694338803490003,0.05384332314133644,0.06084540709853172
rmse,climatology,phihyd_surface,30,0.057446611920992534,0.05423908606171608,0.060870414972305296
rmse,climatology,phihyd_surface,40,0.057454103728135426,0.05363750085234642,0.0611496739089489
rmse,climatology,phihyd_surface,50,0.057469504823287325,0.05428253337740898,0.06128906905651092
rmse,climatology,phihyd_surface,60,0.057764495412508644,0.054917764663696286,0.061568853259086606
rmse,climatology,phihyd_surface,70,0.057812611510356264,0.05439188927412033,0.06136211305856704
rmse,climatology,phihyd_surface,80,0.05779709865649541,0.0544616349041462,0.06104524731636047
rmse,climatology,phihyd_surface,90,0.05823042243719101,0.054851552844047545,0.061501675844192506
rmse,climatology,phihyd_surface,100,0.058571910858154295,0.05556148514151573,0.06224257200956344
rmse,climatology,phihyd_surface,110,0.05832597240805626,0.05456456691026688,0.062055636942386624
rmse,climatology,phihyd_surface,120,0.05838046645124753,0.0552049845457077,0.06185265481472015
rmse,climatology,phihyd_surface,130,0.058862271656592684,0.056280724704265594,0.06226893961429596
rmse,climatology,phihyd_surface,140,0.05890630135933558,0.055307308584451674,0.06234569996595383
rmse,climatology,phihyd_surface,150,0.058795631925265,0.055010396242141726,0.06245765537023544
rmse,climatology,phihyd_surface,160,0.059227278580268224,0.055673220008611676,0.06248127669095993
rmse,climatology,phihyd_surface,170,0.0593919758995374,0.05608486458659172,0.06336658149957657
rmse,climatology,phihyd_surface,180,0.05913980553547541,0.05560798794031143,0.06322231292724609
rmse,climatology,phihyd_surface,190,0.05930270453294118,0.05560361742973328,0.06361835449934006
rmse,climatology,phihyd_surface,200,0.05977260222037633,0.0562749944627285,0.06364061832427978
rmse,climatology,phihyd_surface,210,0.05977979078888893,0.055629491060972217,0.06387710720300674
rmse,climatology,phihyd_surface,220,0.059729818751414615,0.05552392974495888,0.0639174908399582
rmse,climatology,phihyd_surface,230,0.05998009741306305,0.05623206943273544,0.06413090825080872
rmse,climatology,phihyd_surface,240,0.060027102132638295,0.056172411888837814,0.06374824345111847
rmse,climatology,phihyd_surface,250,0.05995760038495064,0.055935739725828174,0.06330418288707733
rmse,climatology,phihyd_surface,260,0.060308658083279926,0.056830041110515594,0.0638186901807785
rmse,climatology,phihyd_surface,270,0.06065331523617109,0.05662447139620781,0.06455380767583847
rmse,climatology,phihyd_surface,280,0.060408310343821846,0.055542159080505374,0.06437153369188309
rmse,climatology,phihyd_surface,290,0.060378834356864294,0.05614174604415893,0.06424322873353958
rmse,climatology,phihyd_surface,300,0.060835018505652746,0.05727676749229431,0.06441317796707154
rmse,climatology,phihyd_surface,310,0.06092786093552907,0.05653144121170044,0.06424515843391418
rmse,climatology,phihyd_surface,320,0.06076440364122391,0.05623466148972511,0.06415620446205139
rmse,climatology,phihyd_surface,330,0.06115221704045932,0.057151006907224654,0.06424508988857269
rmse,climatology,phihyd_surface,340,0.06138925676544507,0.05764157474040985,0.0649036094546318
rmse,climatology,phihyd_surface,350,0.06119506061077118,0.05739986523985863,0.06481354087591171
rmse,climatology,phihyd_surface,360,0.06133954251805941,0.05728352516889572,0.06510765999555587
rmse,climatology,phihyd_surface,370,0.061872268964846926,0.05792978852987289,0.06517649292945862
rmse,climatology,phihyd_surface,380,0.06199516380826632,0.057432716339826585,0.06543024182319641
rmse,climatology,phihyd_surface,390,0.06198998764157295,0.05779837444424629,0.06556831300258636
rmse,climatology,phihyd_surface,400,0.062293627361456556,0.058491166681051254,0.06596781015396118
rmse,climatology,phihyd_surface,410,0.062442297488451,0.05825912728905678,0.06599228531122207
rmse,climatology,phihyd_surface,420,0.06242025246222814,0.05794728249311447,0.06558659225702286
rmse,climatology,phihyd_surface,430,0.062762417892615,0.05885829702019692,0.06606810241937637
rmse,climatology,phihyd_surface,440,0.06317219361662865,0.05912090167403221,0.06672806590795517
rmse,climatology,phihyd_surface,450,0.06301639502247175,0.058131230622529985,0.06668462157249451
rmse,climatology,phihyd_surface,460,0.06298208609223366,0.05840150192379952,0.06662967056035995
rmse,climatology,phihyd_surface,470,0.06345696076750755,0.05980171412229538,0.06670883595943451
rmse,climatology,phihyd_surface,480,0.06364863117535909,0.05933931693434715,0.06689698845148087
rmse,climatology,phihyd_surface,490,0.06349440515041352,0.058671087771654126,0.0667315036058426
rmse,climatology,phihyd_surface,500,0.06383654524882634,0.05955568253993988,0.06678965836763381
rmse,climatology,phihyd_surface,510,0.0641077975432078,0.06015075296163559,0.06744753420352936
rmse,climatology,phihyd_surface,520,0.06394057770570119,0.05998289659619331,0.06756779104471207
rmse,climatology,phihyd_surface,530,0.06401904573043188,0.05976750776171684,0.0676952913403511
rmse,climatology,phihyd_surface,540,0.0645153840382894,0.06048252657055855,0.06781647205352784
rmse,climatology,phihyd_surface,550,0.0646311655640602,0.05994043275713921,0.06802677810192108
rmse,climatology,phihyd_surface,560,0.06453656579057375,0.05998754277825356,0.06790613681077957
rmse,climatology,phihyd_surface,570,0.06474194129308065,0.060726483911275865,0.06819631457328797
rmse,climatology,phihyd_surface,580,0.06484273374080658,0.06062316745519638,0.06818518936634063
rmse,climatology,phihyd_surface,590,0.06473097776373228,0.06019945740699768,0.0677907258272171
rmse,climatology,phihyd_surface,600,0.06492720146973928,0.06103810369968414,0.06781469285488129
rmse,climatology,phihyd_surface,610,0.06525187293688456,0.061425799131393434,0.06837361603975296
rmse,climatology,phihyd_surface,620,0.06504991576075554,0.0605489231646061,0.06846066415309907
rmse,climatology,phihyd_surface,630,0.06490104297796885,0.06062305271625519,0.0684202641248703
rmse,climatology,phihyd_surface,640,0.06531135588884354,0.06204385906457901,0.06836063712835312
rmse,climatology,phihyd_surface,650,0.06555694863200187,0.061809518933296205,0.06876436620950699
rmse,climatology,phihyd_surface,660,0.06541104912757874,0.061003798991441725,0.06861963719129563
rmse,climatology,phihyd_surface,670,0.06570803076028824,0.061936506628990175,0.0688043013215065
rmse,climatology,phihyd_surface,680,0.0660092497865359,0.062600277364254,0.0692927896976471
rmse,climatology,phihyd_surface,690,0.0658518247306347,0.06251320242881775,0.06977245509624481
rmse,climatology,phihyd_surface,700,0.06584160402417183,0.06241929233074188,0.06980532109737396
rmse,climatology,phihyd_surface,710,0.06630083546042442,0.06296867281198501,0.06997156739234925
rmse,climatology,phihyd_surface,720,0.06648046374320984,0.062468376755714414,0.07018117904663086
rmse,climatology,phihyd_surface,730,0.06641964713732401,0.06260938346385955,0.07019177228212356
rmse,climatology,phihyd_surface,740,0.06664885804057122,0.06345040500164031,0.07059156149625778
rmse,climatology,phihyd_surface,750,0.06683835089206695,0.06345011740922928,0.0707003727555275
rmse,climatology,phihyd_surface,760,0.06681650504469872,0.06288141608238221,0.07037393897771835
rmse,climatology,phihyd_surface,770,0.06707796951134999,0.0636759877204895,0.07060198932886123
rmse,climatology,phihyd_surface,780,0.06754937469959259,0.06427071988582611,0.07117386013269425
rmse,climatology,phihyd_surface,790,0.06753469879428546,0.06359432190656662,0.07149288803339005
rmse,climatology,phihyd_surface,800,0.06743075003226598,0.06349241882562637,0.07149431854486465
rmse,climatology,phihyd_surface,810,0.06782886336247126,0.0648969516158104,0.0713901087641716
rmse,climatology,phihyd_surface,820,0.06812459776798883,0.06491313874721527,0.0719097688794136
rmse,climatology,phihyd_surface,830,0.06798334966103235,0.06410926282405853,0.07158269584178925
rmse,climatology,phihyd_surface,840,0.06821932643651962,0.06457338482141495,0.07177293300628662
rmse,climatology,phihyd_surface,850,0.06853639433781306,0.06560182124376297,0.07200665324926377
rmse,climatology,phihyd_surface,860,0.06839062025149663,0.0655621588230133,0.07204246073961258
rmse,climatology,phihyd_surface,870,0.06830141643683116,0.06521108746528625,0.07175869345664979
rmse,climatology,phihyd_surface,880,0.06871830274661382,0.06573315560817719,0.07197325229644776
rmse,climatology,phihyd_surface,890,0.06895308246215184,0.06555509567260742,0.07220278680324554
rmse,climatology,phihyd_surface,900,0.06890016992886862,0.06515448391437531,0.07240539491176605
rmse,climatology,phihyd_surface,910,0.06908411085605622,0.06562727093696594,0.07289955019950867
rmse,climatology,phihyd_surface,920,0.06925471325715384,0.06586232334375382,0.07299630343914032
rmse,climatology,phihyd_surface,930,0.06918003112077713,0.06542624533176422,0.0726561963558197
rmse,climatology,phihyd_surface,940,0.0693193236986796,0.06592341363430024,0.0728282243013382
rmse,climatology,phihyd_surface,950,0.06971457004547119,0.06607861071825027,0.07327287346124649
rmse,climatology,phihyd_surface,960,0.06969102174043655,0.0654661476612091,0.07342355102300643
rmse,climatology,phihyd_surface,970,0.0695037176211675,0.06514701396226882,0.07324914932250977
rmse,climatology,phihyd_surface,980,0.06981508036454519,0.06634537130594254,0.07320066839456559
rmse,climatology,phihyd_surface,990,0.07012118597825369,0.06629467904567718,0.07356815040111542
rmse,climatology,phihyd_surface,1000,0.06997173925240835,0.06553266793489457,0.07312462031841278
rmse,climatology,phihyd_surface,1010,0.07013312727212906,0.06612063795328141,0.07337591648101807
rmse,climatology,phihyd_surface,1020,0.07049078692992529,0.06641355156898499,0.07354060113430023
rmse,climatology,phihyd_surface,1030,0.07044793864091238,0.06647260189056396,0.07415570914745331
rmse,climatology,phihyd_surface,1040,0.07039273877938589,0.0662717029452324,0.07396337389945984
rmse,climatology,phihyd_surface,1050,0.07083370685577392,0.06690557450056075,0.07427409887313843
rmse,climatology,phihyd_surface,1060,0.07115377386411031,0.06656282246112824,0.07435140013694763
rmse,climatology,phihyd_surface,1070,0.07115020056565603,0.06656177788972854,0.07457352876663208
rmse,climatology,phihyd_surface,1080,0.07136312127113342,0.0672287479043007,0.07503714859485626
rmse,climatology,phihyd_surface,1090,0.07162613968054453,0.06766646653413773,0.07524458318948746
rmse,climatology,phihyd_surface,1100,0.07162835896015167,0.06683275401592255,0.07495339214801788
rmse,climatology,phihyd_surface,1110,0.07176018158594767,0.0674424096941948,0.07487977892160416
rmse,climatology,phihyd_surface,1120,0.07214866628249486,0.06819974184036255,0.07515641003847122
rmse,climatology,phihyd_surface,1130,0.0721589187781016,0.06770756095647812,0.0756022185087204
rmse,climatology,phihyd_surface,1140,0.07193963478008907,0.0672881320118904,0.07532519549131393
rmse,climatology,phihyd_surface,1150,0.07222985476255417,0.06845470666885375,0.07507137507200241
rmse,climatology,phihyd_surface,1160,0.07262792686621349,0.06881829798221588,0.075775246322155
rmse,climatology,phihyd_surface,1170,0.0725602368513743,0.06795705556869507,0.07545194029808044
rmse,climatology,phihyd_surface,1180,0.07267973969380061,0.06841475367546082,0.07571099996566773
rmse,climatology,phihyd_surface,1190,0.07305443336566289,0.06912154108285903,0.07585675716400146
rmse,climatology,phihyd_surface,1200,0.07307509630918503,0.06922845393419266,0.07665702700614929
rmse,climatology,phihyd_surface,1210,0.07298866808414459,0.06899158805608749,0.07622971087694168
rmse,climatology,phihyd_surface,1220,0.0733256995677948,0.06940837055444718,0.07653092294931411
rmse,climatology,phihyd_surface,1230,0.07354893386363984,0.06924781948328018,0.07654089331626893
rmse,climatology,phihyd_surface,1240,0.07337459127108256,0.06899127215147019,0.07672089487314224
rmse,climatology,phihyd_surface,1250,0.0733867809176445,0.06964316219091415,0.07682103514671326
rmse,climatology,phihyd_surface,1260,0.07356307407220204,0.07008877992630005,0.07694344073534012
rmse,climatology,phihyd_surface,1270,0.07354514598846436,0.06935083419084549,0.07673077434301376
rmse,climatology,phihyd_surface,1280,0.07363764892021815,0.06978769749403,0.0767656609416008
rmse,climatology,phihyd_surface,1290,0.0740376055240631,0.07045051455497742,0.0768529400229454
rmse,climatology,phihyd_surface,1300,0.07414656480153402,0.07014208137989045,0.07739941924810409
rmse,climatology,phihyd_surface,1310,0.07393090526262919,0.06961499154567719,0.07712427824735642
rmse,climatology,phihyd_surface,1320,0.07412738154331842,0.0706562876701355,0.07703469395637512
rmse,climatology,phihyd_surface,1330,0.07448959946632386,0.07122593224048615,0.07759877890348435
rmse,climatology,phihyd_surface,1340,0.0744293769200643,0.07043402493000031,0.07739463150501251
rmse,climatology,phihyd_surface,1350,0.0744918887813886,0.07071377038955688,0.07767269164323806
rmse,climatology,phihyd_surface,1360,0.07486753116051356,0.07150282114744186,0.07777639478445053
rmse,climatology,phihyd_surface,1370,0.07490825851758322,0.07176849097013474,0.07856562733650208
rmse,climatology,phihyd_surface,1380,0.07477229287226995,0.07154101282358169,0.07829537093639374
rmse,climatology,phihyd_surface,1390,0.07507073581218719,0.07189963310956955,0.07867537289857865
rmse,climatology,phihyd_surface,1400,0.07540774991114935,0.07191538959741592,0.07871362715959548
rmse,climatology,phihyd_surface,1410,0.07538889149824778,0.0717790737748146,0.07894333302974701
rmse,climatology,phihyd_surface,1420,0.07548548579216004,0.07243122905492783,0.07915873974561691
rmse,climatology,phihyd_surface,1430,0.07573437094688415,0.07300751954317093,0.07938239872455596
rmse,climatology,phihyd_surface,1440,0.07575590014457703,0.07233449816703796,0.07928234785795212
rmse,climatology,phihyd_surface,1450,0.07581512828667959,0.07261932641267776,0.07917832732200622
rmse,climatology,phihyd_surface,1460,0.07622155050436656,0.07301418781280518,0.07956441938877105
rmse,climatology,phihyd_surface,1470,0.076456784705321,0.07348747253417968,0.08020341843366623
rmse,climatology,phihyd_surface,1480,0.0763171891371409,0.07286379784345627,0.08004744797945022
rmse,climatology,phihyd_surface,1490,0.07649621764818827,0.07366715669631958,0.07992962151765823
rmse,climatology,phihyd_surface,1500,0.07687220325072606,0.07423707246780395,0.08038027882575989
rmse,climatology,phihyd_surface,1510,0.07683821072181066,0.07331745326519012,0.08023654520511628
rmse,climatology,phihyd_surface,1520,0.07682551294565201,0.07325226068496704,0.08038118034601212
rmse,climatology,phihyd_surface,1530,0.077163465321064,0.0741541862487793,0.08037637025117875
rmse,climatology,phihyd_surface,1540,0.07720060497522355,0.07404913604259492,0.0809181272983551
rmse,climatology,phihyd_surface,1550,0.0770004466176033,0.07363619208335877,0.08032764047384262
rmse,climatology,phihyd_surface,1560,0.07721679260333379,0.07417798042297363,0.08075584471225739
rmse,climatology,phihyd_surface,1570,0.07757302075624466,0.07428430765867233,0.08081723898649215
rmse,climatology,phihyd_surface,1580,0.07757673064867655,0.07395322322845459,0.08113281577825546
rmse,climatology,phihyd_surface,1590,0.07763385673364004,0.07408267557621002,0.08136717975139618
rmse,climatology,phihyd_surface,1600,0.07787857204675674,0.07461673468351364,0.08160435557365417
rmse,climatology,phihyd_surface,1610,0.07791258146365483,0.07438546866178512,0.08140158355236053
rmse,climatology,phihyd_surface,1620,0.07791242301464081,0.07444216758012771,0.08108875155448914
rmse,climatology,phihyd_surface,1630,0.07823084046443303,0.07487311810255051,0.08152918964624405
rmse,climatology,phihyd_surface,1640,0.07844077597061792,0.0747852623462677,0.08203520923852921
rmse,climatology,phihyd_surface,1650,0.07824296901623408,0.07407883256673813,0.08163137584924698
rmse,climatology,phihyd_surface,1660,0.07831674963235855,0.0747125118970871,0.08158945888280869
rmse,climatology,phihyd_surface,1670,0.07868469456831614,0.07535350024700165,0.08182039856910706
rmse,climatology,phihyd_surface,1680,0.07871209780375163,0.07461183071136475,0.081662879884243
rmse,climatology,phihyd_surface,1690,0.07867238720258077,0.07469270080327987,0.08177667111158371
rmse,climatology,phihyd_surface,1700,0.0790339931845665,0.07525292038917542,0.0818263366818428
rmse,climatology,phihyd_surface,1710,0.07919730991125107,0.07543612569570542,0.08244438916444778
rmse,climatology,phihyd_surface,1720,0.07909093002478282,0.07522009760141372,0.0824307844042778
rmse,climatology,phihyd_surface,1730,0.07932202766338985,0.07536506056785583,0.08287565857172012
rmse,climatology,phihyd_surface,1740,0.07975259721279145,0.07571159452199935,0.08295485824346542
rmse,climatology,phihyd_surface,1750,0.07984561920166015,0.0754326418042183,0.08320118635892867
rmse,climatology,phihyd_surface,1760,0.07992210288842519,0.07587989866733551,0.08341194540262223
rmse,climatology,phihyd_surface,1770,0.08020233164230982,0.076484052836895,0.08368216156959533
rmse,climatology,phihyd_surface,1780,0.08029500097036361,0.07606295496225357,0.08363444507122039
rmse,climatology,phihyd_surface,1790,0.08029505411783854,0.07594126760959626,0.08326652348041534
rmse,climatology,phihyd_surface,1800,0.080582195520401,0.07670546621084214,0.08344512283802033
rmse,climatology,phihyd_surface,1810,0.08082535962263743,0.07686355262994767,0.08389799147844315
rmse,climatology,phihyd_surface,1820,0.08065820087989171,0.0761458307504654,0.08381610810756683
rmse,climatology,phihyd_surface,1830,0.08071261445681253,0.07659720033407211,0.08375120759010315
rmse,climatology,phihyd_surface,1840,0.08112095048030217,0.07756310254335404,0.08392696529626846
rmse,climatology,phihyd_surface,1850,0.08123307625452678,0.07704231441020966,0.0840674802660942
rmse,climatology,phihyd_surface,1860,0.08116287887096404,0.0767599567770958,0.08408184051513672
rmse,climatology,phihyd_surface,1870,0.08148393879334132,0.07745583802461624,0.08414220064878464
rmse,climatology,phihyd_surface,1880,0.08167717109123866,0.07786711752414703,0.0846978023648262
rmse,climatology,phihyd_surface,1890,0.08155357191960017,0.0776984602212906,0.08474824577569962
rmse,climatology,phihyd_surface,1900,0.08165500412384669,0.07773183435201644,0.08486632406711578
rmse,climatology,phihyd_surface,1910,0.08196439445018769,0.0781221017241478,0.08486697971820831
rmse,climatology,phihyd_surface,1920,0.08193000058333079,0.07767378985881805,0.08507666885852813
rmse,climatology,phihyd_surface,1930,0.08183421144882838,0.07800686508417129,0.08501246720552444
rmse,climatology,phihyd_surface,1940,0.08201277901728948,0.07864661961793899,0.08517699092626571
rmse,climatology,phihyd_surface,1950,0.0820940429965655,0.07832285910844802,0.08526203483343124
rmse,climatology,phihyd_surface,1960,0.08207200318574906,0.07811755686998367,0.08503737300634384
rmse,climatology,phihyd_surface,1970,0.08233088652292887,0.07884961813688278,0.0850958302617073
rmse,climatology,phihyd_surface,1980,0.08263024489084879,0.07913771271705627,0.0856183111667633
rmse,climatology,phihyd_surface,1990,0.08250818898280461,0.07845491915941238,0.08562885224819183
rmse,climatology,phihyd_surface,2000,0.0824887494246165,0.07873230576515197,0.08563082069158554
rmse,persistence,phihyd_surface,0,0.0,0.0,0.0
rmse,persistence,phihyd_surface,10,0.010350699505458276,0.007396924961358309,0.012786458991467953
rmse,persistence,phihyd_surface,20,0.014682069482902686,0.011606127209961414,0.017236204445362092
rmse,persistence,phihyd_surface,30,0.01813393794000149,0.015945703163743018,0.021325619891285896
rmse,persistence,phihyd_surface,40,0.023417344068487486,0.018077804893255233,0.026974673941731454
rmse,persistence,phihyd_surface,50,0.02690871643523375,0.0225798349827528,0.030930523574352265
rmse,persistence,phihyd_surface,60,0.029418931528925895,0.026224426552653314,0.03442290276288986
rmse,persistence,phihyd_surface,70,0.030977992216746013,0.02609020732343197,0.035264651477336886
rmse,persistence,phihyd_surface,80,0.031150045742591222,0.026520409807562827,0.03484172448515892
rmse,persistence,phihyd_surface,90,0.03239365803698699,0.029249688237905504,0.03540579527616501
rmse,persistence,phihyd_surface,100,0.03225948164860407,0.02844003662467003,0.03502363786101341
rmse,persistence,phihyd_surface,110,0.028799115493893624,0.02590886726975441,0.03185688331723213
rmse,persistence,phihyd_surface,120,0.027389134963353476,0.02412121444940567,0.03053924851119518
rmse,persistence,phihyd_surface,130,0.02531686139603456,0.02194419503211975,0.028098203241825104
rmse,persistence,phihyd_surface,140,0.019774264097213744,0.017686392366886138,0.021753213927149774
rmse,persistence,phihyd_surface,150,0.01693753395229578,0.014315492659807205,0.019125309959053993
rmse,persistence,phihyd_surface,160,0.013396045689781507,0.011218058504164219,0.015376081690192223
rmse,persistence,phihyd_surface,170,0.006632236142953237,0.004543252196162939,0.009211843088269233
rmse,persistence,phihyd_surface,180,0.011823307691762845,0.008746748976409436,0.014190986566245557
rmse,persistence,phihyd_surface,190,0.016097692027688026,0.012788659147918224,0.01925821602344513
rmse,persistence,phihyd_surface,200,0.019039624805251756,0.016452279686927796,0.022971908375620843
rmse,persistence,phihyd_surface,210,0.024049313987294832,0.018796714767813683,0.02754022292792797
rmse,persistence,phihyd_surface,220,0.027587907885511718,0.023236847296357156,0.03174922987818718
rmse,persistence,phihyd_surface,230,0.030012928321957587,0.026738087832927703,0.03505796864628792
rmse,persistence,phihyd_surface,240,0.031689587111274405,0.026756518334150315,0.03599748238921165
rmse,persistence,phihyd_surface,250,0.03183698778351148,0.026816593855619433,0.035109365731477736
rmse,persistence,phihyd_surface,260,0.03293548077344895,0.029743649438023566,0.03579128310084343
rmse,persistence,phihyd_surface,270,0.03314891681075096,0.02931418754160404,0.03606499060988426
rmse,persistence,phihyd_surface,280,0.029847001532713573,0.0267690934240818,0.03242136910557747
rmse,persistence,phihyd_surface,290,0.028183861325184505,0.025087203085422515,0.031074604764580727
rmse,persistence,phihyd_surface,300,0.02646376925210158,0.02315697483718395,0.029269886016845704
rmse,persistence,phihyd_surface,310,0.021231967210769653,0.019354835525155066,0.02302424907684326
rmse,persistence,phihyd_surface,320,0.018106472430129847,0.015506014041602612,0.01979845352470875
rmse,persistence,phihyd_surface,330,0.01524729256828626,0.013539195992052555,0.017163263633847237
rmse,persistence,phihyd_surface,340,0.009172300497690836,0.008277679421007633,0.010142106376588345
rmse,persistence,phihyd_surface,350,0.012626016202072302,0.010895662382245064,0.01424255259335041
rmse,persistence,phihyd_surface,360,0.016900581556061903,0.014311446994543075,0.019180769473314284
rmse,persistence,phihyd_surface,370,0.019475867599248887,0.01741660721600056,0.02277185507118702
rmse,persistence,phihyd_surface,380,0.024261447663108508,0.019709407538175582,0.027329936623573303
rmse,persistence,phihyd_surface,390,0.027897535264492034,0.023581895604729654,0.031319548934698106
rmse,persistence,phihyd_surface,400,0.030309210593501727,0.02748127430677414,0.03459388166666031
rmse,persistence,phihyd_surface,410,0.03214511411885421,0.027954702824354173,0.035905007272958755
rmse,persistence,phihyd_surface,420,0.03233402135471503,0.02764187306165695,0.035950297862291335
rmse,persistence,phihyd_surface,430,0.033307912200689314,0.030546346306800844,0.035950638353824615
rmse,persistence,phihyd_surface,440,0.03383823161323865,0.03021205998957157,0.0365279532968998
rmse,persistence,phihyd_surface,450,0.030779794106880823,0.027307901158928873,0.032785499840974806
rmse,persistence,phihyd_surface,460,0.02894703547159831,0.026230430975556374,0.03116188570857048
rmse,persistence,phihyd_surface,470,0.02760178173581759,0.02469240389764309,0.030172185972332954
rmse,persistence,phihyd_surface,480,0.02272682897746563,0.020048889517784118,0.02528516240417957
rmse,persistence,phihyd_surface,490,0.019417044272025428,0.016272091865539552,0.021892016753554344
rmse,persistence,phihyd_surface,500,0.017260719339052835,0.015129698440432549,0.01884107030928135
rmse,persistence,phihyd_surface,510,0.011779833336671193,0.009526276774704457,0.013660268858075142
rmse,persistence,phihyd_surface,520,0.01391870112468799,0.012113799154758454,0.015439272671937943
rmse,persistence,phihyd_surface,530,0.018156616762280465,0.015942785143852233,0.02013680264353752
rmse,persistence,phihyd_surface,540,0.020421225329240164,0.018827595934271812,0.022957587242126466
rmse,persistence,phihyd_surface,550,0.024809945747256278,0.02096293680369854,0.027190107852220535
rmse,persistence,phihyd_surface,560,0.02843542570869128,0.023658309131860733,0.03112570159137249
rmse,persistence,phihyd_surface,570,0.030779243633151054,0.027541660144925116,0.03446303009986877
rmse,persistence,phihyd_surface,580,0.03265571718414625,0.02897219583392143,0.03620849773287773
rmse,persistence,phihyd_surface,590,0.032802363485097887,0.027523193135857583,0.03677690252661705
rmse,persistence,phihyd_surface,600,0.033551944916447,0.030697905272245408,0.03678645119071007
rmse,persistence,phihyd_surface,610,0.03424744568765163,0.0310493066906929,0.03741757646203041
rmse,persistence,phihyd_surface,620,0.03135509664813677,0.027554421871900558,0.03337596729397774
rmse,persistence,phihyd_surface,630,0.02914568061629931,0.026937657967209816,0.03138257786631584
rmse,persistence,phihyd_surface,640,0.02790232685705026,0.024986476078629492,0.030949989333748817
rmse,persistence,phihyd_surface,650,0.023206911236047744,0.021199171990156175,0.025984431430697442
rmse,persistence,phihyd_surface,660,0.019351106509566306,0.01687808334827423,0.020489643141627312
rmse,persistence,phihyd_surface,670,0.01725222890575727,0.01557402554899454,0.01944032162427902
rmse,persistence,phihyd_surface,680,0.01146235807488362,0.010601694881916045,0.012516424432396889
rmse,persistence,phihyd_surface,690,0.012502745849390824,0.011320210061967373,0.013603144697844982
rmse,persistence,phihyd_surface,700,0.017156605236232282,0.014448689110577107,0.019511164724826814
rmse,persistence,phihyd_surface,710,0.019412266835570336,0.01696406714618206,0.022555357590317727
rmse,persistence,phihyd_surface,720,0.023811874662836394,0.019789475202560424,0.02680824026465416
rmse,persistence,phihyd_surface,730,0.027788942307233812,0.022916229069232942,0.0312685176730156
rmse,persistence,phihyd_surface,740,0.030279692262411118,0.027352772653102875,0.03478817045688629
rmse,persistence,phihyd_surface,750,0.03238491391142209,0.028307559341192244,0.036872217804193495
rmse,persistence,phihyd_surface,760,0.03279062112172445,0.027859998121857642,0.03653308302164078
rmse,persistence,phihyd_surface,770,0.033523587385813396,0.030944444611668585,0.0361083023250103
rmse,persistence,phihyd_surface,780,0.03455326197048028,0.0312642939388752,0.037987370043992996
rmse,persistence,phihyd_surface,790,0.03215041520694892,0.028641016408801078,0.034128396213054656
rmse,persistence,phihyd_surface,800,0.029822831973433495,0.0277636643499136,0.03217482194304466
rmse,persistence,phihyd_surface,810,0.02892669936021169,0.026167741790413857,0.03215961307287216
rmse,persistence,phihyd_surface,820,0.024883761753638586,0.023523998633027076,0.027094386145472528
rmse,persistence,phihyd_surface,830,0.02104124240577221,0.01915645822882652,0.022344033047556878
rmse,persistence,phihyd_surface,840,0.019507469485203426,0.018181844055652617,0.021229855343699457
rmse,persistence,phihyd_surface,850,0.01483286488801241,0.013707287609577179,0.01598438769578934
rmse,persistence,phihyd_surface,860,0.014957618713378907,0.013781049847602844,0.015947993099689483
rmse,persistence,phihyd_surface,870,0.019233235840996107,0.01630372926592827,0.021268192678689957
rmse,persistence,phihyd_surface,880,0.021335350597898164,0.019196679070591926,0.024101774767041208
rmse,persistence,phihyd_surface,890,0.025222550829251608,0.0218167319893837,0.027693600952625276
rmse,persistence,phihyd_surface,900,0.029157927880684536,0.02413007952272892,0.03260806500911713
rmse,persistence,phihyd_surface,910,0.031583875169356665,0.028506096079945566,0.036103449016809466
rmse,persistence,phihyd_surface,920,0.033679926147063576,0.029720456898212434,0.038388483226299286
rmse,persistence,phihyd_surface,930,0.034199609359105425,0.02950829789042473,0.03808400928974152
rmse,persistence,phihyd_surface,940,0.0347293737034003,0.03197851777076721,0.037156792730093
rmse,persistence,phihyd_surface,950,0.03583508481582006,0.032860317081212995,0.0392012894153595
rmse,persistence,phihyd_surface,960,0.0338437436769406,0.03047347590327263,0.03581198155879974
rmse,persistence,phihyd_surface,970,0.03130990937352181,0.029526497051119805,0.03358913511037827
rmse,persistence,phihyd_surface,980,0.030522485822439195,0.027942517027258872,0.03377858325839043
rmse,persistence,phihyd_surface,990,0.026986476530631385,0.02586021237075329,0.029140901193022727
rmse,persistence,phihyd_surface,1000,0.02300859900812308,0.0212261576205492,0.02482767589390278
rmse,persistence,phihyd_surface,1010,0.02168862596154213,0.020151391625404358,0.023360245302319525
rmse,persistence,phihyd_surface,1020,0.01768081064025561,0.0171160988509655,0.018340934067964554
rmse,persistence,phihyd_surface,1030,0.016994884982705117,0.01616986617445946,0.017573219910264015
rmse,persistence,phihyd_surface,1040,0.020957665145397188,0.019063057005405427,0.022584790363907814
rmse,persistence,phihyd_surface,1050,0.022972481325268745,0.021084192395210265,0.02478027381002903
rmse,persistence,phihyd_surface,1060,0.026383720462520917,0.024433116987347604,0.028462260589003564
rmse,persistence,phihyd_surface,1070,0.030296813199917474,0.026173819229006766,0.03253033384680748
rmse,persistence,phihyd_surface,1080,0.0327301266292731,0.02992173843085766,0.03573865592479706
rmse,persistence,phihyd_surface,1090,0.03486239661773046,0.03127204589545727,0.03828358948230744
rmse,persistence,phihyd_surface,1100,0.03556743400792281,0.0317968737334013,0.039331696927547455
rmse,persistence,phihyd_surface,1110,0.03596480712294579,0.033515043556690216,0.03838248401880264
rmse,persistence,phihyd_surface,1120,0.037135319660107295,0.0341089703142643,0.039860257506370546
rmse,persistence,phihyd_surface,1130,0.03558195742468039,0.03210391849279404,0.038269539922475816
rmse,persistence,phihyd_surface,1140,0.03294844689468543,0.031129085272550584,0.035710010677576065
rmse,persistence,phihyd_surface,1150,0.03229650172094504,0.029419141262769698,0.03467889279127121
rmse,persistence,phihyd_surface,1160,0.029325086747606595,0.027425892651081085,0.03185852020978928
rmse,persistence,phihyd_surface,1170,0.025359415511290232,0.0223335362970829,0.028381716459989548
rmse,persistence,phihyd_surface,1180,0.02420365735888481,0.021629226580262183,0.02570384293794632
rmse,persistence,phihyd_surface,1190,0.02083688465257486,0.01897690035402775,0.02256788909435272
rmse,persistence,phihyd_surface,1200,0.019511843596895537,0.0172846969217062,0.021360153332352638
rmse,persistence,phihyd_surface,1210,0.022966912885506948,0.020974411442875863,0.024698641523718833
rmse,persistence,phihyd_surface,1220,0.024843873580296834,0.022842638567090033,0.026731425896286964
rmse,persistence,phihyd_surface,1230,0.02760617497066657,0.025643230974674226,0.028858735412359237
rmse,persistence,phihyd_surface,1240,0.031217039624849955,0.026956301555037497,0.03401622697710991
rmse,persistence,phihyd_surface,1250,0.03349475661913554,0.030190344899892807,0.036481267958879474
rmse,persistence,phihyd_surface,1260,0.03548291996121407,0.032463391125202176,0.038763925433158875
rmse,persistence,phihyd_surface,1270,0.03622281079490979,0.031922328472137454,0.03985166549682617
rmse,persistence,phihyd_surface,1280,0.036391102025906244,0.03295055627822876,0.039516917616128924
rmse,persistence,phihyd_surface,1290,0.03749302874008815,0.0346080906689167,0.040562228113412854
rmse,persistence,phihyd_surface,1300,0.03630220418175061,0.03311789929866791,0.0390614002943039
rmse,persistence,phihyd_surface,1310,0.03343285756806533,0.03145480751991272,0.03595082312822342
rmse,persistence,phihyd_surface,1320,0.032589850823084514,0.029781357571482658,0.03559354543685913
rmse,persistence,phihyd_surface,1330,0.02989503207306067,0.027891645580530165,0.03225742280483246
rmse,persistence,phihyd_surface,1340,0.025670175378521284,0.023810719326138496,0.0273789893835783
rmse,persistence,phihyd_surface,1350,0.024315149709582328,0.02264484167098999,0.02601938582956791
rmse,persistence,phihyd_surface,1360,0.021203271547953286,0.02033059261739254,0.02229989655315876
rmse,persistence,phihyd_surface,1370,0.019202544912695886,0.01877475716173649,0.019582315534353256
rmse,persistence,phihyd_surface,1380,0.022489376117785773,0.020821575820446015,0.024073277413845063
rmse,persistence,phihyd_surface,1390,0.024583929404616355,0.022653133794665336,0.026606502011418343
rmse,persistence,phihyd_surface,1400,0.027215592687328656,0.02533154934644699,0.02960168309509754
rmse,persistence,phihyd_surface,1410,0.031093947341044745,0.0266569834202528,0.03389505669474602
rmse,persistence,phihyd_surface,1420,0.033645895992716154,0.030564599111676215,0.03676505908370018
rmse,persistence,phihyd_surface,1430,0.0357648362716039,0.03293171301484108,0.039831303805112836
rmse,persistence,phihyd_surface,1440,0.03684091418981552,0.032830819487571716,0.04065527021884918
rmse,persistence,phihyd_surface,1450,0.0370574839413166,0.0335024282336235,0.039977063238620755
rmse,persistence,phihyd_surface,1460,0.03824445257584254,0.0353177398443222,0.04120759069919586
rmse,persistence,phihyd_surface,1470,0.03765382294853528,0.03486190885305405,0.0402582012116909
rmse,persistence,phihyd_surface,1480,0.034933980802694956,0.03284262642264366,0.03736530691385269
rmse,persistence,phihyd_surface,1490,0.0341662493844827,0.031553083658218385,0.03738127425312996
rmse,persistence,phihyd_surface,1500,0.032110923528671266,0.029645298421382905,0.034032905101776124
rmse,persistence,phihyd_surface,1510,0.0281651146709919,0.027085895463824273,0.029747981205582617
rmse,persistence,phihyd_surface,1520,0.026868043715755144,0.025429175421595573,0.02878973223268986
rmse,persistence,phihyd_surface,1530,0.02449548455576102,0.023230791091918945,0.025754736363887788
rmse,persistence,phihyd_surface,1540,0.02231584439675013,0.021364734321832658,0.022994916886091232
rmse,persistence,phihyd_surface,1550,0.024981815616289774,0.023270606994628906,0.02631976790726185
rmse,persistence,phihyd_surface,1560,0.027098532890280087,0.02522239610552788,0.02920087017118931
rmse,persistence,phihyd_surface,1570,0.02928162068128586,0.02731477953493595,0.03196834772825241
rmse,persistence,phihyd_surface,1580,0.03290397773186366,0.028763041645288468,0.03551953658461571
rmse,persistence,phihyd_surface,1590,0.0354120671749115,0.03221976384520531,0.03863311111927033
rmse,persistence,phihyd_surface,1600,0.03739361936847369,0.03485353216528893,0.04133057519793511
rmse,persistence,phihyd_surface,1610,0.03857641418774923,0.03461407572031021,0.04188809171319008
rmse,persistence,phihyd_surface,1620,0.038680987308422725,0.03489893153309822,0.04138498902320862
rmse,persistence,phihyd_surface,1630,0.03969701627890269,0.036758401244878766,0.042188648134469986
rmse,persistence,phihyd_surface,1640,0.03945685451229413,0.03669230118393898,0.041643678396940234
rmse,persistence,phihyd_surface,1650,0.036755284667015074,0.03459167182445526,0.03889143243432045
rmse,persistence,phihyd_surface,1660,0.03580593690276146,0.03328031152486801,0.038167980313301084
rmse,persistence,phihyd_surface,1670,0.03415146693587303,0.03202773481607437,0.03612881526350975
rmse,persistence,phihyd_surface,1680,0.030322078118721642,0.028577010333538055,0.0320955827832222
rmse,persistence,phihyd_surface,1690,0.02885657859345277,0.027242830023169518,0.03000202439725399
rmse,persistence,phihyd_surface,1700,0.02696369377275308,0.026158251613378525,0.0279059961438179
rmse,persistence,phihyd_surface,1710,0.02458608311911424,0.023529157787561417,0.025061845034360885
rmse,persistence,phihyd_surface,1720,0.026765187457203864,0.025998124852776527,0.02760164365172386
rmse,persistence,phihyd_surface,1730,0.028983137011528014,0.027615639567375182,0.03012275882065296
rmse,persistence,phihyd_surface,1740,0.030864309147000314,0.029764655232429504,0.03243262320756912
rmse,persistence,phihyd_surface,1750,0.03430485191444556,0.031214124336838723,0.036385031044483186
rmse,persistence,phihyd_surface,1760,0.036879801253477736,0.0340864971280098,0.03917422369122505
rmse,persistence,phihyd_surface,1770,0.038825121521949765,0.036670492589473726,0.04137157574295998
rmse,persistence,phihyd_surface,1780,0.040173110117514926,0.03742381110787392,0.04296167269349098
rmse,persistence,phihyd_surface,1790,0.04028906871875127,0.03697692379355431,0.04323727488517761
rmse,persistence,phihyd_surface,1800,0.0411929560204347,0.038957276940345766,0.04339001402258873
rmse,persistence,phihyd_surface,1810,0.0413031667470932,0.0385241337120533,0.04362638145685196
rmse,persistence,phihyd_surface,1820,0.03877140233914057,0.03622537478804588,0.04139574021100998
rmse,persistence,phihyd_surface,1830,0.03772054041425387,0.03583378940820694,0.03945076018571854
rmse,persistence,phihyd_surface,1840,0.036490966627995176,0.034496673941612245,0.03862573653459549
rmse,persistence,phihyd_surface,1850,0.03290999494493008,0.030423611029982568,0.035226748883724214
rmse,persistence,phihyd_surface,1860,0.031264907618363695,0.02896486297249794,0.032427741587162016
rmse,persistence,phihyd_surface,1870,0.02977820932865143,0.028070341050624847,0.03130779415369034
rmse,persistence,phihyd_surface,1880,0.027287204066912332,0.025437621772289275,0.028844141215085984
rmse,persistence,phihyd_surface,1890,0.02880724680920442,0.027370484545826912,0.03065122663974762
rmse,persistence,phihyd_surface,1900,0.030946833019455274,0.02894211821258068,0.0322759635746479
rmse,persistence,phihyd_surface,1910,0.032394514853755635,0.030985110625624656,0.03370624110102653
rmse,persistence,phihyd_surface,1920,0.03537202775478363,0.03252433016896248,0.03738251477479935
rmse,persistence,phihyd_surface,1930,0.03780812496940295,0.03415103927254677,0.04017809182405472
rmse,persistence,phihyd_surface,1940,0.03957424983382225,0.0369275338947773,0.042310331016778946
rmse,persistence,phihyd_surface,1950,0.04093841512997945,0.03764446824789047,0.0437908448278904
rmse,persistence,phihyd_surface,1960,0.040984607736269635,0.03668266385793686,0.04429667443037033
rmse,persistence,phihyd_surface,1970,0.041677213211854296,0.03903843238949776,0.044561658054590225
rmse,persistence,phihyd_surface,1980,0.04203392490744591,0.03937948271632195,0.044943101704120636
rmse,persistence,phihyd_surface,1990,0.039624132712682086,0.03683935254812241,0.04121319428086281
rmse,persistence,phihyd_surface,2000,0.038242372870445254,0.036230454593896864,0.040171122550964354
rmse,model,sst,0,0.0,0.0,0.0
rmse,model,sst,10,0.006419708828131357,0.00573050333186984,0.007111131493002176
rmse,model,sst,20,0.00886859359840552,0.007714731153100729,0.009810339473187924
rmse,model,sst,30,0.010082860973974069,0.008240029960870743,0.011522209271788597
rmse,model,sst,40,0.011096653963128726,0.008985389769077302,0.012691262550652027
rmse,model,sst,50,0.011735234533747037,0.009625102020800113,0.013634854555130005
rmse,model,sst,60,0.012304933493336041,0.010400360450148582,0.014189106598496436
rmse,model,sst,70,0.01288238720347484,0.01048872098326683,0.014932742714881897
rmse,model,sst,80,0.013369857519865035,0.01070095058530569,0.015450542047619819
rmse,model,sst,90,0.01385997012257576,0.011157270893454552,0.015887551382184027
rmse,model,sst,100,0.01408101220925649,0.011935712210834027,0.01623937301337719
rmse,model,sst,110,0.014303224782148996,0.01251377146691084,0.016239777952432633
rmse,model,sst,120,0.014505649047593275,0.012262245640158653,0.01626483127474785
rmse,model,sst,130,0.014941727618376414,0.01265848260372877,0.016615524888038635
rmse,model,sst,140,0.015469403192400932,0.013217818923294544,0.016877786070108414
rmse,model,sst,150,0.01580417181054751,0.013975033350288869,0.0172529011964798
rmse,model,sst,160,0.015830034203827382,0.014636477455496788,0.01757023259997368
rmse,model,sst,170,0.015990518716474375,0.014911311864852905,0.017608638480305673
rmse,model,sst,180,0.0162350503106912,0.014953069575130939,0.01750893108546734
rmse,model,sst,190,0.016667078124980132,0.015489679574966431,0.017539629340171815
rmse,model,sst,200,0.017059548820058505,0.016127902269363403,0.017791179567575456
rmse,model,sst,210,0.01740358757476012,0.01667856201529503,0.018252380937337876
rmse,model,sst,220,0.017431821549932162,0.01668573506176472,0.01862792782485485
rmse,model,sst,230,0.017660067851344743,0.016359047219157218,0.019231330975890158
rmse,model,sst,240,0.018207867816090583,0.016828834637999536,0.020055046677589415
rmse,model,sst,250,0.018706971779465675,0.017471912875771524,0.020786767080426215
rmse,model,sst,260,0.018982694546381632,0.017521364986896514,0.021269521117210387
rmse,model,sst,270,0.01906154155731201,0.01776740625500679,0.02152864634990692
rmse,model,sst,280,0.019099287688732147,0.017701144516468047,0.021347908675670622
rmse,model,sst,290,0.01922014368077119,0.018246865645051003,0.021026598289608955
rmse,model,sst,300,0.019627097621560098,0.01839106120169163,0.021484549716114996
rmse,model,sst,310,0.02004013496140639,0.018933740630745887,0.021802067756652832
rmse,model,sst,320,0.02021100086470445,0.018747502565383913,0.02222524881362915
rmse,model,sst,330,0.020211588715513547,0.01895774491131306,0.022667866200208664
rmse,model,sst,340,0.020349855720996856,0.01925862692296505,0.02288759648799896
rmse,model,sst,350,0.02058325583736102,0.01942538172006607,0.023067401349544523
rmse,model,sst,360,0.02102043218910694,0.019537920132279396,0.02324741743505001
rmse,model,sst,370,0.02137479583422343,0.019810502231121064,0.02340109571814537
rmse,model,sst,380,0.021603873992959658,0.02023045942187309,0.02396303042769432
rmse,model,sst,390,0.0216050506879886,0.020194356516003608,0.024389869719743728
rmse,model,sst,400,0.02178984098136425,0.02058274932205677,0.02440538890659809
rmse,model,sst,410,0.022161864986022312,0.02071768380701542,0.02479359023272991
rmse,model,sst,420,0.02269078753888607,0.020878438651561738,0.024965110048651692
rmse,model,sst,430,0.023159079998731614,0.021119297295808793,0.025414693355560302
rmse,model,sst,440,0.02333535303672155,0.021125779300928117,0.026078473776578903
rmse,model,sst,450,0.023473524674773216,0.02179718166589737,0.026074369996786115
rmse,model,sst,460,0.02390618473291397,0.022300200536847115,0.026309312134981156
rmse,model,sst,470,0.024600464602311453,0.022724396362900735,0.026950058341026307
rmse,model,sst,480,0.025162784506877263,0.0226211316883564,0.027580508589744566
rmse,model,sst,490,0.025681366895635924,0.022648194059729575,0.028449168056249616
rmse,model,sst,500,0.026047103727857273,0.02309797555208206,0.029245091229677198
rmse,model,sst,510,0.02665116935968399,0.02400546818971634,0.03052372261881828
rmse,model,sst,520,0.02729020913441976,0.024563972279429434,0.031270164996385574
rmse,model,sst,530,0.02798967311779658,0.024429908394813536,0.03150989785790444
rmse,model,sst,540,0.028581082945068677,0.0243452999740839,0.03183404877781868
rmse,model,sst,550,0.02925938641031583,0.02508721612393856,0.032553930580615995
rmse,model,sst,560,0.029718668013811112,0.025899050757288933,0.03317059949040413
rmse,model,sst,570,0.030085656171043713,0.026323265582323074,0.03291197121143341
rmse,model,sst,580,0.030525790651639302,0.026843319833278655,0.03323373571038246
rmse,model,sst,590,0.03137914712230364,0.027217429131269455,0.03365788459777832
rmse,model,sst,600,0.03223755247890949,0.02767888270318508,0.034822548180818556
rmse,model,sst,610,0.03271120103696982,0.02757987305521965,0.035670341551303865
rmse,model,sst,620,0.033069283018509546,0.028236090764403345,0.03550887852907181
rmse,model,sst,630,0.033783399810393654,0.029820793122053147,0.03619941025972366
rmse,model,sst,640,0.03455086102088292,0.03025543987751007,0.03761138617992401
rmse,model,sst,650,0.035094553232192995,0.02986628785729408,0.037708519399166106
rmse,model,sst,660,0.03553552192946275,0.030474394932389258,0.03816159144043922
rmse,model,sst,670,0.03573359039922555,0.030944415554404258,0.03792910277843475
rmse,model,sst,680,0.0362028402586778,0.03214344307780266,0.03913201913237572
rmse,model,sst,690,0.036652745803197224,0.03283550664782524,0.039980826526880266
rmse,model,sst,700,0.0370922863483429,0.03313851803541183,0.04011771380901337
rmse,model,sst,710,0.03754903003573418,0.0328641839325428,0.04015002697706223
rmse,model,sst,720,0.03818287327885628,0.03345509022474289,0.04092863872647286
rmse,model,sst,730,0.038303271184364954,0.03447202369570732,0.04145631566643715
rmse,model,sst,740,0.0382283387084802,0.03460845351219177,0.041223442554473876
rmse,model,sst,750,0.03841327279806137,0.035092265158891675,0.04087355807423591
rmse,model,sst,760,0.03909971490502358,0.035824114084243776,0.04148232191801071
rmse,model,sst,770,0.039630968620379764,0.036191017180681226,0.04283660277724266
rmse,model,sst,780,0.039712020506461464,0.0360321655869484,0.043451233953237536
rmse,model,sst,790,0.0398350457350413,0.03645993396639824,0.042621692270040513
rmse,model,sst,800,0.0403680016597112,0.03778549283742905,0.0425821952521801
rmse,model,sst,810,0.04083994055787722,0.037677157670259476,0.04297350868582726
rmse,model,sst,820,0.04125948920845986,0.037929951399564746,0.0437142588198185
rmse,model,sst,830,0.04166374380389849,0.03798102214932442,0.04353082105517388
rmse,model,sst,840,0.041925994058450065,0.03840580135583878,0.04378957822918892
rmse,model,sst,850,0.04244092081983884,0.03961686715483666,0.04561362639069557
rmse,model,sst,860,0.04270304342110952,0.03978894278407097,0.04704338684678078
rmse,model,sst,870,0.043118265767892204,0.040436238050460815,0.04695706218481064
rmse,model,sst,880,0.04367483382423719,0.041081758588552474,0.04737279042601585
rmse,model,sst,890,0.04439460684855779,0.040832404792308805,0.048830991983413695
rmse,model,sst,900,0.044332120070854825,0.04077970832586288,0.049127064645290375
rmse,model,sst,910,0.04412379960219066,0.04104540944099426,0.04858866333961487
rmse,model,sst,920,0.04435445020596186,0.041829866170883176,0.04766119942069053
rmse,model,sst,930,0.044987703114748,0.04248430728912354,0.048169474303722384
rmse,model,sst,940,0.04504701520005862,0.04212278500199318,0.048244786262512204
rmse,model,sst,950,0.04487844780087471,0.04240431636571884,0.048321828991174695
rmse,model,sst,960,0.04504745056231817,0.042982643097639085,0.04788752272725105
rmse,model,sst,970,0.0454867884516716,0.04367082267999649,0.048277460783720014
rmse,model,sst,980,0.045501622805992764,0.04329253137111664,0.047874563932418825
rmse,model,sst,990,0.04573176503181457,0.0436953142285347,0.04775131493806839
rmse,model,sst,1000,0.04619602089126905,0.045231443643569944,0.04778727889060974
rmse,model,sst,1010,0.04643118977546692,0.044513893127441403,0.048663768172264095
rmse,model,sst,1020,0.04659453605612119,0.044190884381532666,0.05024421438574791
rmse,model,sst,1030,0.046465154737234116,0.04466440752148628,0.04981379359960556
rmse,model,sst,1040,0.04691926464438438,0.045506396889686586,0.04984811320900917
rmse,model,sst,1050,0.047758693993091586,0.04568209499120712,0.05097682997584343
rmse,model,sst,1060,0.048265527188777926,0.0454028457403183,0.05236018747091293
rmse,model,sst,1070,0.047912438462177916,0.04458329156041145,0.05200695320963859
rmse,model,sst,1080,0.047909818092981976,0.045280715078115465,0.051718179136514664
rmse,model,sst,1090,0.04846479520201683,0.04549139365553856,0.05224648863077164
rmse,model,sst,1100,0.04887865980466207,0.04571273103356362,0.05243584141135216
rmse,model,sst,1110,0.04858183264732361,0.04559921473264694,0.05176650732755661
rmse,model,sst,1120,0.048506582528352736,0.04558391273021698,0.0513331227004528
rmse,model,sst,1130,0.04910706381003062,0.0462514266371727,0.05165888294577599
rmse,model,sst,1140,0.04959867422779401,0.04725349098443985,0.05294929668307304
rmse,model,sst,1150,0.04930089389284452,0.04654395878314972,0.052477683126926425
rmse,model,sst,1160,0.049436620374520616,0.04755029454827309,0.052368190884590146
rmse,model,sst,1170,0.05019948979218801,0.047923117876052856,0.05215165391564369
rmse,model,sst,1180,0.05038696179787318,0.04794488996267319,0.05315283462405205
rmse,model,sst,1190,0.05017959251999855,0.047982607036828995,0.05306537076830864
rmse,model,sst,1200,0.05011649578809738,0.04804800823330879,0.05278709083795547
rmse,model,sst,1210,0.0510000191628933,0.048674578219652175,0.053474219888448714
rmse,model,sst,1220,0.05170738076170286,0.04870043322443962,0.05538863614201546
rmse,model,sst,1230,0.05172697777549426,0.04884423241019249,0.05541122704744339
rmse,model,sst,1240,0.05148689175645511,0.04932488724589348,0.0549626924097538
rmse,model,sst,1250,0.0518475758532683,0.04806205704808235,0.056248787045478824
rmse,model,sst,1260,0.05221530397733053,0.04852016121149063,0.05620246157050133
rmse,model,sst,1270,0.05202850451072057,0.048973286896944045,0.055162464082241056
rmse,model,sst,1280,0.05159141073624293,0.049611324816942214,0.054250911623239514
rmse,model,sst,1290,0.05179594357808431,0.049566949158906935,0.05469408333301544
rmse,model,sst,1300,0.05247902398308118,0.04949450492858887,0.054640764743089675
rmse,model,sst,1310,0.05242951263984044,0.05059836134314537,0.05531417280435562
rmse,model,sst,1320,0.0517911193271478,0.049201078712940216,0.05294560566544533
rmse,model,sst,1330,0.05202117984493573,0.05079495683312416,0.05399034544825554
rmse,model,sst,1340,0.052678548047939935,0.050424706935882566,0.05475953593850136
rmse,model,sst,1350,0.05264031738042831,0.050511784106493,0.054576147347688675
rmse,model,sst,1360,0.05232144743204117,0.050420962274074554,0.054814879596233365
rmse,model,sst,1370,0.05267382462819417,0.05004509165883064,0.05520631447434425
rmse,model,sst,1380,0.05340530350804329,0.050123540312051774,0.05600022152066231
rmse,model,sst,1390,0.053653393685817716,0.0514597587287426,0.05646017417311668
rmse,model,sst,1400,0.05362934619188309,0.051709852367639544,0.0563132107257843
rmse,model,sst,1410,0.053650786727666856,0.051192907989025115,0.05620533227920532
rmse,model,sst,1420,0.05398247664173444,0.05039187073707581,0.056819184124469756
rmse,model,sst,1430,0.05426935354868571,0.05164580717682839,0.05758276283740997
rmse,model,sst,1440,0.05404433732231458,0.05155065804719925,0.057795364409685135
rmse,model,sst,1450,0.05398022904992104,0.052076301723718646,0.05680432170629501
rmse,model,sst,1460,0.05454614907503128,0.05285230800509453,0.057613505423069
rmse,model,sst,1470,0.05521941632032394,0.05261620581150055,0.05850715637207031
rmse,model,sst,1480,0.0547773003578186,0.05075737982988358,0.058500202000141145
rmse,model,sst,1490,0.05456042885780334,0.0518849678337574,0.058401023596525194
rmse,model,sst,1500,0.05541662126779556,0.05188639685511589,0.05938868746161461
rmse,model,sst,1510,0.056136314074198404,0.05378897860646248,0.058337603509426114
rmse,model,sst,1520,0.05608711540699005,0.05276267901062966,0.059032059460878375
rmse,model,sst,1530,0.05609079922238986,0.053599072992801665,0.05834921672940254
rmse,model,sst,1540,0.056671340763568875,0.053044090420007704,0.05916687622666359
rmse,model,sst,1550,0.05693475628892581,0.05339029207825661,0.060009370744228366
rmse,model,sst,1560,0.05698722079396248,0.05376766473054886,0.05959250032901764
rmse,model,sst,1570,0.05705411061644554,0.05476741194725036,0.05884459689259529
rmse,model,sst,1580,0.05718696440259616,0.05394725650548935,0.060343869030475616
rmse,model,sst,1590,0.05724111869931221,0.053528542071580885,0.06067443564534187
rmse,model,sst,1600,0.05734219377239545,0.05428151413798332,0.0603860080242157
rmse,model,sst,1610,0.057324619591236116,0.0551437646150589,0.059628909826278685
rmse,model,sst,1620,0.057346138854821524,0.05501242652535439,0.06035781428217888
rmse,model,sst,1630,0.05723838359117508,0.05570742785930634,0.05905716046690941
rmse,model,sst,1640,0.05760806202888489,0.05599895492196083,0.059061899036169055
rmse,model,sst,1650,0.057339919606844585,0.05463744997978211,0.05917271748185158
rmse,model,sst,1660,0.057167187333106995,0.05424128919839859,0.060080434381961825
rmse,model,sst,1670,0.057495760669310884,0.05487480312585831,0.0602724090218544
rmse,model,sst,1680,0.05816857690612475,0.055552905052900316,0.05984191596508026
rmse,model,sst,1690,0.05807303314407666,0.05571078509092331,0.06005817130208015
rmse,model,sst,1700,0.05803106700380643,0.05594191029667854,0.06024973317980766
rmse,model,sst,1710,0.058230899771054584,0.05555663704872131,0.0597849614918232
rmse,model,sst,1720,0.05813831960161527,0.0557754784822464,0.06017572358250618
rmse,model,sst,1730,0.057898996770381926,0.055506182461977006,0.060615192353725436
rmse,model,sst,1740,0.058049138138691586,0.05607591643929481,0.061037497222423555
rmse,model,sst,1750,0.05822814678152402,0.055654770135879515,0.06061584874987602
rmse,model,sst,1760,0.05808129385113716,0.055325178802013396,0.060553161054849626
rmse,model,sst,1770,0.05783066426714261,0.055601444095373154,0.06099258288741112
rmse,model,sst,1780,0.05811130851507187,0.056069948524236676,0.061667293310165405
rmse,model,sst,1790,0.058171761532624565,0.05583701357245445,0.060931240767240526
rmse,model,sst,1800,0.05783760945002238,0.05559806004166603,0.06046151220798492
rmse,model,sst,1810,0.058092292646567026,0.05600653365254402,0.06059410944581032
rmse,model,sst,1820,0.05840731163819631,0.055356641113758084,0.06089829280972481
rmse,model,sst,1830,0.058240168790022535,0.0549348384141922,0.061926426738500594
rmse,model,sst,1840,0.05807531053821246,0.05490019619464874,0.06129792258143425
rmse,model,sst,1850,0.05884698803226153,0.05621877536177635,0.06195318847894669
rmse,model,sst,1860,0.05889014552036921,0.055580832064151764,0.06164876967668533
rmse,model,sst,1870,0.059040700147549315,0.056423967331647874,0.06195787936449051
rmse,model,sst,1880,0.05926549037297567,0.057133282721042636,0.062174631655216216
rmse,model,sst,1890,0.059247955679893494,0.056794476509094236,0.061185026168823244
rmse,model,sst,1900,0.05886216809352239,0.05673433169722557,0.06057330518960953
rmse,model,sst,1910,0.059358614434798555,0.05759283751249313,0.061326202005147934
rmse,model,sst,1920,0.05959826037287712,0.05729164332151413,0.06193025484681129
rmse,model,sst,1930,0.05933154250184695,0.056763768941164014,0.06101233065128327
rmse,model,sst,1940,0.05875465845068296,0.056942018866539004,0.06030152663588524
rmse,model,sst,1950,0.059020568678776426,0.05678505077958107,0.06089811101555824
rmse,model,sst,1960,0.05879405910770098,0.057300422340631485,0.06075835675001144
rmse,model,sst,1970,0.05838443785905838,0.056728924810886386,0.060171850770711896
rmse,model,sst,1980,0.05842846532662709,0.05611640363931656,0.060692650824785234
rmse,model,sst,1990,0.058784145613511404,0.056716188043355945,0.06170839667320251
rmse,model,sst,2000,0.05843129977583885,0.055761630088090895,0.06138868182897568
rmse,climatology,sst,0,0.03851603989799817,0.036900915950536725,0.03973420113325119
rmse,climatology,sst,10,0.03781576032439868,0.035535778850317,0.04006939306855202
rmse,climatology,sst,20,0.03781564633051555,0.03527504801750183,0.03965738043189049
rmse,climatology,sst,30,0.03884542236725489,0.03711217045783997,0.04016238525509834
rmse,climatology,sst,40,0.03886417100826899,0.036503059417009355,0.04012349918484688
rmse,climatology,sst,50,0.03842119152347247,0.03684120923280716,0.040487205237150194
rmse,climatology,sst,60,0.038532724728186925,0.03676047548651695,0.03974761813879013
rmse,climatology,sst,70,0.03861062526702881,0.03658171072602272,0.03990474119782448
rmse,climatology,sst,80,0.03843752220273018,0.03549491465091705,0.040605226159095766
rmse,climatology,sst,90,0.038854054858287176,0.036740957945585254,0.04068373143672943
rmse,climatology,sst,100,0.03913060203194618,0.03746839314699173,0.04064115881919861
rmse,climatology,sst,110,0.038527952631314595,0.036318307369947435,0.04059659689664841
rmse,climatology,sst,120,0.038027372459570566,0.03586315289139748,0.0394700713455677
rmse,climatology,sst,130,0.038665489355723066,0.03592869713902473,0.041383955627679825
rmse,climatology,sst,140,0.039239687472581865,0.036676251143217084,0.04050481840968132
rmse,climatology,sst,150,0.038672966261704765,0.03681488856673241,0.04060835912823677
rmse,climatology,sst,160,0.038775215049584706,0.03723837658762932,0.040503659099340436
rmse,climatology,sst,170,0.039168488482634226,0.03759124279022217,0.04178773984313011
rmse,climatology,sst,180,0.03855066696802775,0.036078120768070224,0.04145420491695404
rmse,climatology,sst,190,0.038436446835597354,0.03508598729968071,0.04066128954291344
rmse,climatology,sst,200,0.0394647940993309,0.036680477857589724,0.041797037422657016
rmse,climatology,sst,210,0.03957072248061498,0.03776433765888214,0.041832901537418365
rmse,climatology,sst,220,0.03909092421332995,0.036948248744010925,0.04226228818297386
rmse,climatology,sst,230,0.0390734667579333,0.0364606112241745,0.04218714982271195
rmse,climatology,sst,240,0.03917079468568166,0.03684882670640945,0.04135345071554184
rmse,climatology,sst,250,0.03887764786680539,0.03601968958973885,0.04050496593117714
rmse,climatology,sst,260,0.03917609577377637,0.03798637166619301,0.040682753175497056
rmse,climatology,sst,270,0.039376326153675714,0.038016805052757265,0.04026465639472008
rmse,climatology,sst,280,0.038794286797444025,0.03677078634500504,0.04094310775399208
rmse,climatology,sst,290,0.038082990298668545,0.03610694259405136,0.03996110782027244
rmse,climatology,sst,300,0.03855792060494423,0.036393004655838015,0.04027100950479508
rmse,climatology,sst,310,0.03909511292974154,0.03693906888365746,0.04035145044326782
rmse,climatology,sst,320,0.0385559377570947,0.035903166979551315,0.04054376631975174
rmse,climatology,sst,330,0.038458637644847235,0.036419297009706496,0.040279462933540344
rmse,climatology,sst,340,0.03889277602235476,0.03813767284154892,0.04028479382395744
rmse,climatology,sst,350,0.03829583351810773,0.03620692789554596,0.04042485803365707
rmse,climatology,sst,360,0.03801253587007523,0.0353331096470356,0.04003552868962288
rmse,climatology,sst,370,0.03899626980225245,0.03700552806258202,0.04077000319957733
rmse,climatology,sst,380,0.03922013441721598,0.03726558610796928,0.04051142260432243
rmse,climatology,sst,390,0.03877046083410581,0.036696947365999225,0.040697024762630464
rmse,climatology,sst,400,0.038720737646023434,0.03687774837017059,0.040412505716085435
rmse,climatology,sst,410,0.03890338738759359,0.037442931532859804,0.03990479111671448
rmse,climatology,sst,420,0.03862849101424217,0.03570310994982719,0.04073374420404434
rmse,climatology,sst,430,0.03898104305068652,0.03696275129914284,0.04086991548538208
rmse,climatology,sst,440,0.03930189808209737,0.03799036368727684,0.04072136431932449
rmse,climatology,sst,450,0.03894876663883527,0.03640907928347588,0.040656764060258865
rmse,climatology,sst,460,0.03825824384888013,0.036514648050069806,0.04025536999106407
rmse,climatology,sst,470,0.03877248962720235,0.03703045547008514,0.04073928892612457
rmse,climatology,sst,480,0.039432907849550246,0.03718254044651985,0.04120938256382942
rmse,climatology,sst,490,0.03910219445824623,0.03598805442452431,0.042047418653964996
rmse,climatology,sst,500,0.03896090015769005,0.03619916662573815,0.04198901355266571
rmse,climatology,sst,510,0.03955008710424105,0.03837437406182289,0.04066052809357643
rmse,climatology,sst,520,0.03911329160133998,0.03742280900478363,0.04084525927901268
rmse,climatology,sst,530,0.03873288556933403,0.03587512746453285,0.0410590834915638
rmse,climatology,sst,540,0.03964851722121239,0.037656379491090776,0.04230037331581116
rmse,climatology,sst,550,0.04000753164291382,0.03751448392868042,0.04169944748282432
rmse,climatology,sst,560,0.03959584832191467,0.037057044357061385,0.041694610565900805
rmse,climatology,sst,570,0.03949484924475352,0.03886979669332504,0.04084833189845085
rmse,climatology,sst,580,0.039695824434359865,0.03862956464290619,0.0410238653421402
rmse,climatology,sst,590,0.039367585877577466,0.035953227430582047,0.04187123104929924
rmse,climatology,sst,600,0.03965748250484467,0.03702503591775894,0.04253181517124176
rmse,climatology,sst,610,0.040002467731634773,0.03811360076069832,0.041948482394218445
rmse,climatology,sst,620,0.039779138813416166,0.03736575990915299,0.04117407277226448
rmse,climatology,sst,630,0.038968556374311444,0.03725899308919907,0.04073019623756409
rmse,climatology,sst,640,0.03930319423476855,0.037986265122890474,0.040718131512403485
rmse,climatology,sst,650,0.039859251429637275,0.03878151848912239,0.04194410517811775
rmse,climatology,sst,660,0.03952638184030851,0.03651728853583336,0.04156668484210968
rmse,climatology,sst,670,0.03908563256263733,0.036287394165992734,0.04117891639471054
rmse,climatology,sst,680,0.03952408457795779,0.038457346707582475,0.04099954441189766
rmse,climatology,sst,690,0.03906241456667582,0.037071704119443896,0.04066969230771065
rmse,climatology,sst,700,0.038516459862391154,0.035813777893781665,0.040613953769207
rmse,climatology,sst,710,0.039304149647553764,0.03764658346772194,0.04110327363014221
rmse,climatology,sst,720,0.03976966341336568,0.0380713015794754,0.04075989574193954
rmse,climatology,sst,730,0.03935083349545797,0.03777039721608162,0.04104299247264862
rmse,climatology,sst,740,0.03916231741507848,0.03754429146647453,0.041119348257780075
rmse,climatology,sst,750,0.03940478637814522,0.038147857040166856,0.040616422146558764
rmse,climatology,sst,760,0.039120070884625116,0.03617736771702766,0.04096054136753082
rmse,climatology,sst,770,0.03937878708044688,0.03711293861269951,0.041416078060865405
rmse,climatology,sst,780,0.039727876583735146,0.03837566822767258,0.04114457592368126
rmse,climatology,sst,790,0.039627980440855026,0.03752958625555038,0.04143806397914886
rmse,climatology,sst,800,0.038782234241565065,0.0370381660759449,0.041337674111127855
rmse,climatology,sst,810,0.03910851130882899,0.037473367899656294,0.04040670916438103
rmse,climatology,sst,820,0.039829529573520026,0.03779711872339249,0.041122731566429135
rmse,climatology,sst,830,0.03980964124202728,0.03829002156853676,0.04140245988965034
rmse,climatology,sst,840,0.03939596985777219,0.03832131624221802,0.04104635044932366
rmse,climatology,sst,850,0.03995481679836909,0.03853539302945137,0.04127385467290878
rmse,climatology,sst,860,0.039733297377824786,0.03720280304551125,0.04287215024232864
rmse,climatology,sst,870,0.03923556183775266,0.035869503021240236,0.04250720888376236
rmse,climatology,sst,880,0.03998217657208443,0.03746035695075989,0.04215587601065636
rmse,climatology,sst,890,0.04059510280688604,0.039760810881853105,0.04271698072552681
rmse,climatology,sst,900,0.04019556219379107,0.03850667327642441,0.04337859600782394
rmse,climatology,sst,910,0.03989854628841082,0.037561652809381486,0.043544397503137586
rmse,climatology,sst,920,0.04013536920150121,0.038505513966083524,0.04249098300933838
rmse,climatology,sst,930,0.03985231344898542,0.03707718476653099,0.041866686940193173
rmse,climatology,sst,940,0.03996626064181328,0.03792163133621216,0.041613074392080306
rmse,climatology,sst,950,0.040232813855012255,0.038425957411527635,0.04149194285273552
rmse,climatology,sst,960,0.040158663193384805,0.03854202926158905,0.042226304113864896
rmse,climatology,sst,970,0.03918878982464472,0.03715727999806404,0.04082603827118873
rmse,climatology,sst,980,0.03928936496376991,0.0376300074160099,0.041085734218358996
rmse,climatology,sst,990,0.03987719764312108,0.03781002908945084,0.04115330651402473
rmse,climatology,sst,1000,0.039874761303265886,0.037740858644247054,0.041589502990245816
rmse,climatology,sst,1010,0.0392499104142189,0.037231330573558805,0.041301003843545916
rmse,climatology,sst,1020,0.039717013388872145,0.03854494467377663,0.040980149805545804
rmse,climatology,sst,1030,0.03954687714576721,0.037759315222501755,0.04097777083516121
rmse,climatology,sst,1040,0.03890643840034803,0.036052112281322476,0.04103891253471374
rmse,climatology,sst,1050,0.039469156165917715,0.03751822337508202,0.041433630883693694
rmse,climatology,sst,1060,0.04021712616086006,0.03883202746510506,0.04164064526557922
rmse,climatology,sst,1070,0.03993442033727964,0.03814382255077362,0.041690414398908617
rmse,climatology,sst,1080,0.03965704441070557,0.03799668326973915,0.0417534850537777
rmse,climatology,sst,1090,0.0400091474254926,0.03840900659561157,0.04128861352801323
rmse,climatology,sst,1100,0.03988728548089663,0.0380250409245491,0.04136604815721512
rmse,climatology,sst,1110,0.04004949604471524,0.03832425624132156,0.041781171411275866
rmse,climatology,sst,1120,0.04051530063152313,0.038191231340169905,0.04256749004125595
rmse,climatology,sst,1130,0.04074862226843834,0.03845600560307503,0.042804069072008136
rmse,climatology,sst,1140,0.039990871647993725,0.037374015897512436,0.042447373270988464
rmse,climatology,sst,1150,0.040127280602852505,0.03800106793642044,0.04307130351662636
rmse,climatology,sst,1160,0.040812643120686214,0.038356625288724897,0.04348862320184708
rmse,climatology,sst,1170,0.04098827491203944,0.03794790208339691,0.044494444876909255
rmse,climatology,sst,1180,0.04037984137733777,0.037032654881477355,0.04429437294602394
rmse,climatology,sst,1190,0.04089593191941579,0.038904211670160296,0.04311558529734612
rmse,climatology,sst,1200,0.04090653533736865,0.039687664806842805,0.04303414896130562
rmse,climatology,sst,1210,0.04022831122080485,0.03795699179172516,0.04303555563092232
rmse,climatology,sst,1220,0.0406055711209774,0.0386480376124382,0.04354520067572594
rmse,climatology,sst,1230,0.04142464299996694,0.03902117013931274,0.04387813061475754
rmse,climatology,sst,1240,0.04124600440263748,0.03895829021930695,0.043735826015472413
rmse,climatology,sst,1250,0.04090488776564598,0.0388765349984169,0.04278057962656021
rmse,climatology,sst,1260,0.04113015905022621,0.03962922841310501,0.043442442268133166
rmse,climatology,sst,1270,0.040894715487957,0.03801743164658546,0.044094021618366244
rmse,climatology,sst,1280,0.04074158991376559,0.03764265552163124,0.04467112049460411
rmse,climatology,sst,1290,0.04101137245694796,0.03830147460103035,0.0442747101187706
rmse,climatology,sst,1300,0.041083073864380516,0.03894828259944916,0.04331532046198845
rmse,climatology,sst,1310,0.040142641464869185,0.038007428497076036,0.04188031703233719
rmse,climatology,sst,1320,0.039929024130105975,0.0386287622153759,0.041480475664138795
rmse,climatology,sst,1330,0.040433295319477716,0.03881743773818016,0.04181225821375847
rmse,climatology,sst,1340,0.04057931676506996,0.03826235830783844,0.04248681142926216
rmse,climatology,sst,1350,0.03980102116862933,0.03716800212860107,0.042031672596931455
rmse,climatology,sst,1360,0.04014320249358813,0.03893999233841896,0.04183062613010406
rmse,climatology,sst,1370,0.04018904318412145,0.038323008269071576,0.04137372896075249
rmse,climatology,sst,1380,0.0394639161725839,0.0370161235332489,0.04157543033361435
rmse,climatology,sst,1390,0.03968385681509971,0.03748329654335976,0.041292347759008405
rmse,climatology,sst,1400,0.04057432810465495,0.039379685372114184,0.04187999814748764
rmse,climatology,sst,1410,0.04046142647663752,0.03829950541257858,0.04179715439677238
rmse,climatology,sst,1420,0.0400787723561128,0.038386411219835284,0.04202195554971695
rmse,climatology,sst,1430,0.04032147005200386,0.03893178701400757,0.04163531512022019
rmse,climatology,sst,1440,0.04028454174598058,0.03841204047203064,0.04154019057750702
rmse,climatology,sst,1450,0.04020405088861783,0.03769596815109253,0.04220611453056335
rmse,climatology,sst,1460,0.040654470771551134,0.03888170048594475,0.04225556030869484
rmse,climatology,sst,1470,0.040912848462661106,0.03920854777097702,0.04254038855433464
rmse,climatology,sst,1480,0.040197692314783734,0.03783303052186966,0.04247070848941803
rmse,climatology,sst,1490,0.03997199237346649,0.0379866786301136,0.04120429083704948
rmse,climatology,sst,1500,0.04065163681904475,0.03800183087587357,0.0432118259370327
rmse,climatology,sst,1510,0.0410922721028328,0.038963576406240465,0.042476384341716765
rmse,climatology,sst,1520,0.04049774681528409,0.03893643990159035,0.042148028314113614
rmse,climatology,sst,1530,0.040846307575702664,0.03912407010793686,0.042745080590248105
rmse,climatology,sst,1540,0.04111018230517705,0.03915370181202889,0.0440746046602726
rmse,climatology,sst,1550,0.040494545549154284,0.03769119381904602,0.04389810562133789
rmse,climatology,sst,1560,0.040568289409081144,0.037044412642717364,0.043129979819059375
rmse,climatology,sst,1570,0.041483786702156064,0.039007415622472764,0.043990501761436464
rmse,climatology,sst,1580,0.04140189290046692,0.03973371610045433,0.04432077184319496
rmse,climatology,sst,1590,0.04090306237339973,0.03864916041493416,0.04463358521461487
rmse,climatology,sst,1600,0.04095824509859085,0.03846440985798836,0.04391901046037674
rmse,climatology,sst,1610,0.04088143482804298,0.038754602521657945,0.04301354736089706
rmse,climatology,sst,1620,0.04057071730494499,0.03840754330158234,0.04208210557699203
rmse,climatology,sst,1630,0.04086758693059286,0.03950523287057876,0.04230224788188934
rmse,climatology,sst,1640,0.041041891525189084,0.03978301510214806,0.04245786219835281
rmse,climatology,sst,1650,0.04033667047818502,0.038541074842214584,0.041922514140605924
rmse,climatology,sst,1660,0.039856387923161186,0.03810471147298813,0.04149398133158684
rmse,climatology,sst,1670,0.04039597784479459,0.038034217059612276,0.04188908562064171
rmse,climatology,sst,1680,0.04079273591438929,0.03872290253639221,0.042056252062320706
rmse,climatology,sst,1690,0.040143640836079915,0.037588247656822206,0.04208428636193275
rmse,climatology,sst,1700,0.04030028134584427,0.038772077113389966,0.041965342313051227
rmse,climatology,sst,1710,0.040589771668116253,0.03948519602417946,0.04189821407198906
rmse,climatology,sst,1720,0.0399562897781531,0.03782509565353394,0.042029937356710435
rmse,climatology,sst,1730,0.03985433951020241,0.037125363945961,0.0417638398706913
rmse,climatology,sst,1740,0.04082364862163861,0.03884899690747261,0.042603612691164014
rmse,climatology,sst,1750,0.04090796013673147,0.03891950771212578,0.04225585535168648
rmse,climatology,sst,1760,0.04054271926482519,0.0389139786362648,0.04238495677709579
rmse,climatology,sst,1770,0.040683913975954056,0.039012500643730165,0.042327750474214554
rmse,climatology,sst,1780,0.0408514770368735,0.03972087949514389,0.04165942743420601
rmse,climatology,sst,1790,0.04065427506963412,0.038561060279607776,0.042433063685894015
rmse,climatology,sst,1800,0.041114887098471324,0.03906605094671249,0.04269450381398201
rmse,climatology,sst,1810,0.041512616475423175,0.040009531378746035,0.043528773635625836
rmse,climatology,sst,1820,0.04111150652170181,0.038327538222074506,0.0432419590651989
rmse,climatology,sst,1830,0.0406346728404363,0.03864151164889336,0.04295035004615784
rmse,climatology,sst,1840,0.041207682838042575,0.039463037997484206,0.043513334542512896
rmse,climatology,sst,1850,0.04171258782347043,0.039425358176231384,0.044175713509321216
rmse,climatology,sst,1860,0.041203928242127104,0.03768225088715553,0.04439535662531853
rmse,climatology,sst,1870,0.04123796795805295,0.03844296932220459,0.04400660917162895
rmse,climatology,sst,1880,0.04165106589595477,0.04003531038761139,0.0430902287364006
rmse,climatology,sst,1890,0.041078847646713254,0.03970099091529846,0.04290786385536194
rmse,climatology,sst,1900,0.04081750636299451,0.038826160877943036,0.0434499479830265
rmse,climatology,sst,1910,0.04173401395479838,0.04003656879067421,0.044129859656095505
rmse,climatology,sst,1920,0.041928801437218985,0.03932853266596794,0.04427476674318313
rmse,climatology,sst,1930,0.04155346105496089,0.038845423609018326,0.043249227851629254
rmse,climatology,sst,1940,0.04154327735304832,0.040056458115577696,0.043148572742939
rmse,climatology,sst,1950,0.0416392741103967,0.03993682861328125,0.04393850937485695
rmse,climatology,sst,1960,0.04123890002568563,0.03767600953578949,0.044309594482183454
rmse,climatology,sst,1970,0.04146891236305237,0.03912145420908928,0.04472135603427887
rmse,climatology,sst,1980,0.041674202183882396,0.04003878384828567,0.044054288417100906
rmse,climatology,sst,1990,0.041215269515911736,0.038962170481681824,0.042664535343647
rmse,climatology,sst,2000,0.04045771807432175,0.03911134675145149,0.04228607416152954
rmse,persistence,sst,0,0.0,0.0,0.0
rmse,persistence,sst,10,0.02277104581395785,0.02005648724734783,0.0260111790150404
rmse,persistence,sst,20,0.03690005987882614,0.032902874797582624,0.042597992718219756
rmse,persistence,sst,30,0.046992530673742296,0.04306855425238609,0.05079416483640671
rmse,persistence,sst,40,0.056269496430953345,0.053324317932128905,0.06013324782252312
rmse,persistence,sst,50,0.06047984833518664,0.0560417652130127,0.06490538716316223
rmse,persistence,sst,60,0.06041321754455566,0.0579209566116333,0.0635100856423378
rmse,persistence,sst,70,0.05969542612632116,0.056972562521696093,0.06275995075702667
rmse,persistence,sst,80,0.05716982657710711,0.052809572964906695,0.061019223928451535
rmse,persistence,sst,90,0.05698631157477697,0.05413502380251885,0.06048431918025017
rmse,persistence,sst,100,0.05964070186018944,0.05688762292265892,0.06204100474715233
rmse,persistence,sst,110,0.06008577694495519,0.05766545459628105,0.06265183836221695
rmse,persistence,sst,120,0.05954590116937955,0.05612862184643745,0.06331712603569031
rmse,persistence,sst,130,0.05737851833303769,0.05446888506412506,0.059749290347099304
rmse,persistence,sst,140,0.0497275431950887,0.04488251581788063,0.052604719251394275
rmse,persistence,sst,150,0.039102938522895175,0.03722296431660652,0.04255034402012825
rmse,persistence,sst,160,0.025812445829312008,0.023020010441541672,0.030310665816068647
rmse,persistence,sst,170,0.009188951707134645,0.004442368354648352,0.01632644534111023
rmse,persistence,sst,180,0.02306468884150187,0.019707217067480087,0.02851911634206772
rmse,persistence,sst,190,0.03725454757610957,0.03283312991261482,0.043246112018823626
rmse,persistence,sst,200,0.04716278339425723,0.043027421832084654,0.05190766081213951
rmse,persistence,sst,210,0.056426632404327395,0.05326180309057236,0.06017152592539787
rmse,persistence,sst,220,0.06113413522640864,0.05702020451426506,0.0659404531121254
rmse,persistence,sst,230,0.06115473732352257,0.05784983187913895,0.06514734923839569
rmse,persistence,sst,240,0.060503147542476654,0.057428078353405,0.06396663039922715
rmse,persistence,sst,250,0.057984597980976105,0.05323583781719208,0.06166594997048378
rmse,persistence,sst,260,0.05735572874546051,0.054987572878599164,0.06061787158250809
rmse,persistence,sst,270,0.0598341333369414,0.056838408857584,0.06201933771371841
rmse,persistence,sst,280,0.06047899971405665,0.05785971805453301,0.0625938817858696
rmse,persistence,sst,290,0.05984831750392914,0.0560979850590229,0.06289719343185425
rmse,persistence,sst,300,0.05795379107197126,0.055527261644601825,0.06029443070292473
rmse,persistence,sst,310,0.050743446002403894,0.04645076543092728,0.05387233570218086
rmse,persistence,sst,320,0.04016914442181587,0.037608949840068816,0.04405286237597465
rmse,persistence,sst,330,0.02724996010462443,0.025107920914888383,0.030527608841657637
rmse,persistence,sst,340,0.010026508507629235,0.008389104902744294,0.01148988101631403
rmse,persistence,sst,350,0.02081693671643734,0.018898893520236014,0.023451661691069603
rmse,persistence,sst,360,0.035753812392552695,0.03176296353340149,0.04067623391747475
rmse,persistence,sst,370,0.04575861990451813,0.041626089811325075,0.04989072978496552
rmse,persistence,sst,380,0.05524814004699389,0.05262848362326622,0.058551914244890216
rmse,persistence,sst,390,0.06058231070637703,0.056465961039066315,0.06496821194887162
rmse,persistence,sst,400,0.06080531924962997,0.05758290737867355,0.06418546885252
rmse,persistence,sst,410,0.060254255682229994,0.0579474464058876,0.0632697582244873
rmse,persistence,sst,420,0.057853896419207254,0.053891167789697644,0.06153258830308914
rmse,persistence,sst,430,0.05688598677515984,0.05405949130654335,0.060110273957252505
rmse,persistence,sst,440,0.05932895268003146,0.05711791515350342,0.062212548404932025
rmse,persistence,sst,450,0.06037593558430672,0.05791889727115631,0.06226861551403999
rmse,persistence,sst,460,0.05985428939263026,0.05622337237000465,0.06259792894124985
rmse,persistence,sst,470,0.05839444796244304,0.05585671439766884,0.06009577587246895
rmse,persistence,sst,480,0.05183782453338305,0.04670373201370239,0.055268324166536334
rmse,persistence,sst,490,0.04159003545840581,0.037837912887334825,0.046468968689441684
rmse,persistence,sst,500,0.02952458361784617,0.02692820467054844,0.03232637420296669
rmse,persistence,sst,510,0.013206437416374683,0.009475356712937356,0.018732920289039612
rmse,persistence,sst,520,0.02044876168171565,0.018382737040519716,0.023594806715846062
rmse,persistence,sst,530,0.03553614107271035,0.03228930160403252,0.0397649846971035
rmse,persistence,sst,540,0.0454838606218497,0.041128233820199964,0.049741561710834506
rmse,persistence,sst,550,0.054979120194911954,0.052150556445121767,0.0575292706489563
rmse,persistence,sst,560,0.060839249690373735,0.056839636713266375,0.06468404829502106
rmse,persistence,sst,570,0.0613078070183595,0.057964835315942764,0.0642036959528923
rmse,persistence,sst,580,0.06077282776435216,0.05833764225244522,0.06355584710836411
rmse,persistence,sst,590,0.05842992961406708,0.054455002397298814,0.062310867756605146
rmse,persistence,sst,600,0.05699757983287176,0.05373428538441658,0.06059990003705025
rmse,persistence,sst,610,0.0591443640490373,0.05673665031790733,0.062465493381023404
rmse,persistence,sst,620,0.060416735460360846,0.05812976509332657,0.06241352409124375
rmse,persistence,sst,630,0.05978253434101741,0.056891363114118576,0.06247459501028061
rmse,persistence,sst,640,0.058459632098674774,0.05626753345131874,0.060489369183778764
rmse,persistence,sst,650,0.05230350196361542,0.04778531566262245,0.056133517622947694
rmse,persistence,sst,660,0.04192993392546972,0.03831675946712494,0.046255742013454434
rmse,persistence,sst,670,0.02958464858432611,0.027102913334965707,0.03255439475178719
rmse,persistence,sst,680,0.011110926667849222,0.010040579549968242,0.012168043293058872
rmse,persistence,sst,690,0.01527829710394144,0.01375632919371128,0.017330705374479293
rmse,persistence,sst,700,0.032479811708132425,0.02863108366727829,0.03717254623770714
rmse,persistence,sst,710,0.043099540968736014,0.03850403353571892,0.048021447658538816
rmse,persistence,sst,720,0.052922763675451276,0.04998781904578209,0.0565754160284996
rmse,persistence,sst,730,0.05950156996647517,0.05574144273996353,0.0641317367553711
rmse,persistence,sst,740,0.06040160581469536,0.05677885562181473,0.06444139331579209
rmse,persistence,sst,750,0.060007238388061525,0.05763367712497711,0.06322947591543197
rmse,persistence,sst,760,0.05796130547920863,0.05410197079181671,0.06143945008516312
rmse,persistence,sst,770,0.056320404758056004,0.052828365564346315,0.059751296043396
rmse,persistence,sst,780,0.058341729640960696,0.05565507635474205,0.06154411137104034
rmse,persistence,sst,790,0.0600803275903066,0.05769861713051796,0.06195748671889305
rmse,persistence,sst,800,0.05958398108681043,0.05617265626788139,0.06261120289564133
rmse,persistence,sst,810,0.058650042116642,0.05629861205816269,0.06105796173214913
rmse,persistence,sst,820,0.05332333321372668,0.049823809415102005,0.05648183524608612
rmse,persistence,sst,830,0.04343779236078262,0.03958150297403336,0.04716368317604065
rmse,persistence,sst,840,0.03182651946942012,0.02985725961625576,0.035731930285692215
rmse,persistence,sst,850,0.01543496393909057,0.012818750739097596,0.01881182789802551
rmse,persistence,sst,860,0.015813297281662624,0.012491690553724765,0.020347863063216207
rmse,persistence,sst,870,0.03262225414315859,0.027982503920793534,0.03832699581980705
rmse,persistence,sst,880,0.04333683227499326,0.038426253199577334,0.0488716684281826
rmse,persistence,sst,890,0.053021812438964845,0.04955108910799026,0.05737380236387253
rmse,persistence,sst,900,0.06002749651670456,0.05592641457915306,0.06565320193767547
rmse,persistence,sst,910,0.061313146352767946,0.0571723110973835,0.06680968254804612
rmse,persistence,sst,920,0.06094062626361847,0.05827362313866615,0.06496253758668899
rmse,persistence,sst,930,0.05909964839617411,0.05498836264014244,0.06207685992121696
rmse,persistence,sst,940,0.05713204940160115,0.05369641184806824,0.06037488356232643
rmse,persistence,sst,950,0.058734184006849925,0.055573157221078875,0.06157198622822761
rmse,persistence,sst,960,0.060679293672243756,0.05914506763219833,0.062429964542388916
rmse,persistence,sst,970,0.0601462056239446,0.05700855702161789,0.06280087828636169
rmse,persistence,sst,980,0.059318302075068156,0.05693622753024101,0.06225023418664932
rmse,persistence,sst,990,0.05453478967150052,0.05132870078086853,0.057544111460447314
rmse,persistence,sst,1000,0.04484727457165718,0.040927215665578845,0.048441816866397855
rmse,persistence,sst,1010,0.03345271721482277,0.0307928416877985,0.03643233552575111
rmse,persistence,sst,1020,0.017635527811944485,0.016298386082053185,0.019546591863036155
rmse,persistence,sst,1030,0.014014088362455369,0.012673133797943593,0.015437826327979565
rmse,persistence,sst,1040,0.031027902911106745,0.028044898062944412,0.03477674499154091
rmse,persistence,sst,1050,0.042076665659745535,0.03766356110572815,0.04719266071915627
rmse,persistence,sst,1060,0.0517923153936863,0.048528991639614105,0.05483694896101952
rmse,persistence,sst,1070,0.059383294979731244,0.05635074302554131,0.06326526552438735
rmse,persistence,sst,1080,0.061205850541591646,0.05773417800664902,0.06500563025474548
rmse,persistence,sst,1090,0.06092376584808032,0.05896259918808937,0.06355865001678467
rmse,persistence,sst,1100,0.05941407879193624,0.056683095544576644,0.06245076656341553
rmse,persistence,sst,1110,0.05728103419144948,0.05431494116783142,0.06046897098422051
rmse,persistence,sst,1120,0.05864749103784561,0.056679727882146834,0.06194166988134384
rmse,persistence,sst,1130,0.06101271584630012,0.058015350997447965,0.06353776901960373
rmse,persistence,sst,1140,0.06073672200242678,0.05708705559372902,0.0632947951555252
rmse,persistence,sst,1150,0.06020439391334852,0.05790218785405159,0.06346848309040069
rmse,persistence,sst,1160,0.05616022249062856,0.05178304836153984,0.058863038569688796
rmse,persistence,sst,1170,0.046981930484374365,0.04064292311668396,0.05186261609196663
rmse,persistence,sst,1180,0.036288918803135554,0.03266000747680664,0.04138517528772354
rmse,persistence,sst,1190,0.022179282332460085,0.01838030479848385,0.026858580112457276
rmse,persistence,sst,1200,0.01567877965668837,0.009781593643128871,0.022463655471801756
rmse,persistence,sst,1210,0.031289451941847804,0.02888791561126709,0.03316805139183998
rmse,persistence,sst,1220,0.042203012853860855,0.038807135075330734,0.04659907072782517
rmse,persistence,sst,1230,0.05156080077091853,0.049107184261083604,0.05539424493908882
rmse,persistence,sst,1240,0.05946430812279383,0.055838306248188016,0.062298734486103055
rmse,persistence,sst,1250,0.06170943155884743,0.05714435651898384,0.06490290015935898
rmse,persistence,sst,1260,0.06130170822143555,0.05858655720949173,0.06406842023134232
rmse,persistence,sst,1270,0.05984177167216937,0.05696634873747826,0.06378521919250488
rmse,persistence,sst,1280,0.05725594287117322,0.05272316709160805,0.06194327101111412
rmse,persistence,sst,1290,0.057998958975076675,0.055119071155786514,0.06207498013973236
rmse,persistence,sst,1300,0.06032708709438642,0.05778660699725151,0.06242509037256241
rmse,persistence,sst,1310,0.05997664605577787,0.05724019855260849,0.06227835714817047
rmse,persistence,sst,1320,0.0593161995212237,0.0571837529540062,0.06208258718252182
rmse,persistence,sst,1330,0.0556415356695652,0.05255035310983658,0.05877557620406151
rmse,persistence,sst,1340,0.04648246243596077,0.041594214737415314,0.050147776305675504
rmse,persistence,sst,1350,0.0353021456549565,0.03264835625886917,0.039029264450073244
rmse,persistence,sst,1360,0.02002638007203738,0.018269618973135948,0.02209326662123203
rmse,persistence,sst,1370,0.007351480983197689,0.006701117660850286,0.008287831582129002
rmse,persistence,sst,1380,0.02645531954864661,0.023557685688138007,0.030627815797924996
rmse,persistence,sst,1390,0.03899723986784617,0.03453633040189743,0.04455889463424682
rmse,persistence,sst,1400,0.04885484079519908,0.045065028965473174,0.05225335881114006
rmse,persistence,sst,1410,0.057526010026534395,0.05436767786741257,0.06141294464468956
rmse,persistence,sst,1420,0.06059718380371729,0.056249579042196275,0.06500906348228455
rmse,persistence,sst,1430,0.060385991881291075,0.058070076256990434,0.06343548446893692
rmse,persistence,sst,1440,0.059349472324053444,0.056659691780805585,0.062241580337285995
rmse,persistence,sst,1450,0.056812308728694916,0.052481944859027865,0.06033124029636383
rmse,persistence,sst,1460,0.05733683407306671,0.05454844683408737,0.06072063595056534
rmse,persistence,sst,1470,0.05998547275861104,0.057154258340597154,0.06198674514889717
rmse,persistence,sst,1480,0.06004489709933599,0.05735766515135765,0.06304453164339066
rmse,persistence,sst,1490,0.05961355492472649,0.056570421904325485,0.06326421797275543
rmse,persistence,sst,1500,0.05677760740121206,0.05406152456998825,0.059087250381708145
rmse,persistence,sst,1510,0.04845042650898298,0.04421969577670097,0.05129312872886658
rmse,persistence,sst,1520,0.037939321746428806,0.035155536234378816,0.04103416129946709
rmse,persistence,sst,1530,0.024433214714129767,0.021555106341838836,0.029869019240140914
rmse,persistence,sst,1540,0.01232787383099397,0.007457854226231575,0.018721218407154083
rmse,persistence,sst,1550,0.02709358384211858,0.023133935779333113,0.033168870210647586
rmse,persistence,sst,1560,0.039675094683965045,0.035228225588798526,0.04580807462334633
rmse,persistence,sst,1570,0.04921236857771873,0.044794612377882,0.05432729795575142
rmse,persistence,sst,1580,0.05796276678641637,0.054276565462350844,0.06280233561992646
rmse,persistence,sst,1590,0.06157412131627401,0.05722911953926087,0.06700299233198166
rmse,persistence,sst,1600,0.06131921435395877,0.058072352409362794,0.06536982506513596
rmse,persistence,sst,1610,0.06037215515971184,0.057224583625793454,0.06346295922994613
rmse,persistence,sst,1620,0.057661222666502,0.053054841607809065,0.06115660890936851
rmse,persistence,sst,1630,0.057592981557051344,0.05511487945914269,0.061178749054670335
rmse,persistence,sst,1640,0.060140286882718406,0.05709562301635742,0.06229184120893479
rmse,persistence,sst,1650,0.060392641772826515,0.05762844607234001,0.06254966259002685
rmse,persistence,sst,1660,0.0598848007619381,0.0566930815577507,0.06294570416212082
rmse,persistence,sst,1670,0.05747045129537583,0.05483510866761208,0.060366930067539216
rmse,persistence,sst,1680,0.04951286762952804,0.04479246884584427,0.05240231901407242
rmse,persistence,sst,1690,0.038994993766148886,0.036667095869779585,0.042873091995716095
rmse,persistence,sst,1700,0.02588062733411789,0.023784242570400238,0.028298837691545488
rmse,persistence,sst,1710,0.011266047693789005,0.010398650169372558,0.012166515551507473
rmse,persistence,sst,1720,0.02437567412853241,0.022580453008413316,0.027603498846292495
rmse,persistence,sst,1730,0.037850112716356916,0.03396918773651123,0.04262178763747215
rmse,persistence,sst,1740,0.04751543700695038,0.04350608214735985,0.05099805891513824
rmse,persistence,sst,1750,0.056672756622234984,0.05417017266154289,0.059487207978963855
rmse,persistence,sst,1760,0.061115455875794096,0.057141663134098054,0.06500644385814666
rmse,persistence,sst,1770,0.06109495212634405,0.05925930812954903,0.0638631448149681
rmse,persistence,sst,1780,0.06045787011583646,0.05794198140501976,0.06306775659322739
rmse,persistence,sst,1790,0.05792529806494713,0.05459517017006874,0.06156367212533951
rmse,persistence,sst,1800,0.05754089032610257,0.05480488762259483,0.060411394387483594
rmse,persistence,sst,1810,0.060198864340782164,0.05757065638899803,0.06284293085336685
rmse,persistence,sst,1820,0.06090771754582723,0.057572568953037265,0.06366908997297287
rmse,persistence,sst,1830,0.060529092947642006,0.05687638372182846,0.06322899162769317
rmse,persistence,sst,1840,0.05869158481558164,0.05572680681943894,0.060857506841421126
rmse,persistence,sst,1850,0.05144241253534953,0.04548007622361183,0.05492214486002922
rmse,persistence,sst,1860,0.04132015282909075,0.036912184208631516,0.04690130427479744
rmse,persistence,sst,1870,0.02934988389412562,0.02604718841612339,0.032480067759752276
rmse,persistence,sst,1880,0.014744423516094684,0.009558031521737575,0.021155786141753195
rmse,persistence,sst,1890,0.024155716722210247,0.021673264726996423,0.026309770718216895
rmse,persistence,sst,1900,0.03763391549388568,0.034968574345111844,0.04177380427718162
rmse,persistence,sst,1910,0.04702959855397542,0.043819126486778257,0.05096184015274048
rmse,persistence,sst,1920,0.05618391633033752,0.0533448725938797,0.058601686358451845
rmse,persistence,sst,1930,0.061192819972833,0.0565273329615593,0.06461853981018066
rmse,persistence,sst,1940,0.061252293487389885,0.0577548660337925,0.06391484588384629
rmse,persistence,sst,1950,0.06056783745686213,0.05832180231809616,0.06385747939348221
rmse,persistence,sst,1960,0.05793558855851491,0.053810612112283704,0.06224345937371254
rmse,persistence,sst,1970,0.056877481192350386,0.05425193756818771,0.06045535355806351
rmse,persistence,sst,1980,0.05920417830348015,0.05665823370218277,0.062483041733503344
rmse,persistence,sst,1990,0.0600896954536438,0.05764656290411949,0.06201302632689476
rmse,persistence,sst,2000,0.05954834868510564,0.05638449937105179,0.06244913339614868
acc,selected,surface_u,0,1.0,1.0,1.0
acc,selected,surface_u,10,0.9946866234143575,0.9929856061935425,0.9961048603057862
acc,selected,surface_u,20,0.9907061815261841,0.987314236164093,0.9952435493469238
acc,selected,surface_u,30,0.9874187310536703,0.9839487791061401,0.9929115653038025
acc,selected,surface_u,40,0.9833041270573933,0.9776546001434326,0.9906454682350159
acc,selected,surface_u,50,0.9784906109174093,0.9678829908370972,0.9877396941184997
acc,selected,surface_u,60,0.9753729065259298,0.96587153673172,0.9855589866638184
acc,selected,surface_u,70,0.9700725833574931,0.9601172089576722,0.980810284614563
acc,selected,surface_u,80,0.9653764963150024,0.9564430952072144,0.9753259897232056
acc,selected,surface_u,90,0.9633227268854777,0.9552677392959594,0.9798457980155945
acc,selected,surface_u,100,0.959982446829478,0.9535212993621827,0.9760713100433349
acc,selected,surface_u,110,0.951667328675588,0.9384673118591309,0.9702765345573425
acc,selected,surface_u,120,0.9480458577473958,0.9279100775718689,0.9709779143333435
acc,selected,surface_u,130,0.9478883067766826,0.9180594205856323,0.9723275542259217
acc,selected,surface_u,140,0.9413299878438314,0.9010665893554688,0.9708738207817078
acc,selected,surface_u,150,0.9352620879809062,0.9030435442924499,0.9688877940177918
acc,selected,surface_u,160,0.9363799889882406,0.8975380539894104,0.9661111950874328
acc,selected,surface_u,170,0.9326605796813965,0.8832241296768188,0.9601966857910156
acc,selected,surface_u,180,0.9217185099919637,0.8708308219909668,0.9579884171485901
acc,selected,surface_u,190,0.9180826067924499,0.8583801627159119,0.9570959091186524
acc,selected,surface_u,200,0.9182664712270101,0.8562341332435608,0.9506486415863037
acc,prior,surface_u,0,1.0,1.0,1.0
acc,prior,surface_u,10,0.9944658557573954,0.9927256464958191,0.9958949685096741
acc,prior,surface_u,20,0.9903149326642354,0.987214195728302,0.9948859453201294
acc,prior,surface_u,30,0.9867208242416382,0.9828092217445373,0.9924452066421509
acc,prior,surface_u,40,0.9821130951245626,0.9768986225128173,0.9900825023651123
acc,prior,surface_u,50,0.9767244776089986,0.965325391292572,0.9871861577033997
acc,prior,surface_u,60,0.9731616655985514,0.9627704739570617,0.9848167777061463
acc,prior,surface_u,70,0.9672971169153849,0.956322193145752,0.9795169830322266
acc,prior,surface_u,80,0.9621565659840902,0.952326774597168,0.9727587223052978
acc,prior,surface_u,90,0.9597043951352437,0.9506474375724793,0.9772806644439698
acc,prior,surface_u,100,0.9554482658704122,0.9486718773841858,0.9733695745468139
acc,prior,surface_u,110,0.9457097252209982,0.930375599861145,0.9665547609329224
acc,prior,surface_u,120,0.9416502436002095,0.9174132943153381,0.9668583631515503
acc,prior,surface_u,130,0.9411000887552897,0.9044243574142456,0.9682150840759277
acc,prior,surface_u,140,0.9329562465349833,0.8883745551109314,0.9664160370826721
acc,prior,surface_u,150,0.9253960768381755,0.8923421263694763,0.9642743229866028
acc,prior,surface_u,160,0.9262287974357605,0.881705904006958,0.9603873014450073
acc,prior,surface_u,170,0.921011225382487,0.8604604840278626,0.9551565885543823
acc,prior,surface_u,180,0.9081050117810567,0.8452222585678101,0.9527986884117127
acc,prior,surface_u,190,0.9036343336105347,0.8286932468414306,0.9518582940101623
acc,prior,surface_u,200,0.9033629218737285,0.8242061257362365,0.9453761458396912
acc,selected,surface_v,0,1.0,1.0,1.0
acc,selected,surface_v,10,0.9817789475123088,0.974479877948761,0.9887183308601379
acc,selected,surface_v,20,0.9716768185297648,0.9606295108795166,0.9822571635246277
acc,selected,surface_v,30,0.9727359811464945,0.9665561795234681,0.978797173500061
acc,selected,surface_v,40,0.9687311053276062,0.9535741806030273,0.9780358076095581
acc,selected,surface_v,50,0.9638242840766906,0.9524611234664917,0.9715564846992493
acc,selected,surface_v,60,0.9633411367734274,0.9425657749176025,0.9813206672668457
acc,selected,surface_v,70,0.96439714829127,0.9546733021736145,0.9741059899330139
acc,selected,surface_v,80,0.9606755256652832,0.9525742650032043,0.971374225616455
acc,selected,surface_v,90,0.9597493092219035,0.9395239353179932,0.970160448551178
acc,selected,surface_v,100,0.9624844749768575,0.9441069722175598,0.9727411031723022
acc,selected,surface_v,110,0.956441855430603,0.9429763317108154,0.9689361453056335
acc,selected,surface_v,120,0.9511860450108846,0.9288640022277832,0.9723762154579163
acc,selected,surface_v,130,0.9554742574691772,0.9430675983428956,0.9680411338806152
acc,selected,surface_v,140,0.9561410029729207,0.9430441975593566,0.9640235185623169
acc,selected,surface_v,150,0.9491441528002421,0.9261916518211365,0.9675939798355102
acc,selected,surface_v,160,0.95062757730484,0.9316982150077819,0.9715440511703491
acc,selected,surface_v,170,0.9519420544306437,0.9376106262207031,0.9688146352767945
acc,selected,surface_v,180,0.9443525989850362,0.9255885601043701,0.9646782398223877
acc,selected,surface_v,190,0.9424823959668477,0.9190079092979431,0.9559174299240112
acc,selected,surface_v,200,0.9483609000841776,0.9336053848266601,0.9593012571334839
acc,prior,surface_v,0,1.0,1.0,1.0
acc,prior,surface_v,10,0.9810168544451395,0.9733111143112183,0.9876585960388183
acc,prior,surface_v,20,0.9701937198638916,0.9585419416427612,0.9811151385307312
acc,prior,surface_v,30,0.9711637735366822,0.9647730231285095,0.9768355965614319
acc,prior,surface_v,40,0.9668969472249349,0.952090585231781,0.976854407787323
acc,prior,surface_v,50,0.9619841337203979,0.9507355093955994,0.9704316973686218
acc,prior,surface_v,60,0.9613077680269877,0.9389086484909057,0.9806922674179077
acc,prior,surface_v,70,0.9622511744499207,0.9504923820495605,0.9731481909751892
acc,prior,surface_v,80,0.9585749069849651,0.949261462688446,0.9695783019065857
acc,prior,surface_v,90,0.957793120543162,0.9370748639106751,0.9684368252754212
acc,prior,surface_v,100,0.960469925403595,0.9419845700263977,0.971115517616272
acc,prior,surface_v,110,0.9542001207669576,0.9403096199035644,0.967613959312439
acc,prior,surface_v,120,0.9487661361694336,0.9243281006813049,0.9715807318687439
acc,prior,surface_v,130,0.9533797979354859,0.9394418358802795,0.9662158489227295
acc,prior,surface_v,140,0.9536532521247864,0.9398561954498291,0.9622039079666138
acc,prior,surface_v,150,0.9460273186365763,0.9214913368225097,0.9658568024635314
acc,prior,surface_v,160,0.9479408105214436,0.927569591999054,0.9703488707542419
acc,prior,surface_v,170,0.9492998480796814,0.9341333150863648,0.9674795269966125
acc,prior,surface_v,180,0.9409490585327148,0.9222018718719482,0.9637160778045655
acc,prior,surface_v,190,0.9394665797551472,0.9141878724098206,0.9548336625099182
acc,prior,surface_v,200,0.9450307250022888,0.9308887124061584,0.9577459931373596
acc,selected,phihyd_surface,0,1.0,1.0,1.0
acc,selected,phihyd_surface,10,0.9994304100672404,0.9993314623832703,0.9996857881546021
acc,selected,phihyd_surface,20,0.9991391936937968,0.9989767909049988,0.9995339274406433
acc,selected,phihyd_surface,30,0.9989809234937032,0.9987611174583435,0.9994073987007142
acc,selected,phihyd_surface,40,0.9988574147224426,0.9986433506011962,0.9993076920509338
acc,selected,phihyd_surface,50,0.9987403869628906,0.9985061526298523,0.9991982460021973
acc,selected,phihyd_surface,60,0.9985803604125977,0.9983935832977295,0.9990717649459839
acc,selected,phihyd_surface,70,0.9984340747197469,0.9982747554779052,0.9989551901817322
acc,selected,phihyd_surface,80,0.9982959945996602,0.9981457471847535,0.9988036274909973
acc,selected,phihyd_surface,90,0.9982155919075012,0.9980326771736145,0.9986233830451965
acc,selected,phihyd_surface,100,0.9981210390726726,0.9976826429367065,0.9984651923179626
acc,selected,phihyd_surface,110,0.9980048219362895,0.997368311882019,0.9983847379684448
acc,selected,phihyd_surface,120,0.9978094180425008,0.9972506046295166,0.9982704758644104
acc,selected,phihyd_surface,130,0.9975761453310649,0.9970763206481934,0.9980258941650391
acc,selected,phihyd_surface,140,0.9974238793055217,0.9968976020812989,0.9978981375694275
acc,selected,phihyd_surface,150,0.997320540746053,0.9963138222694397,0.9979587197303772
acc,selected,phihyd_surface,160,0.997169554233551,0.995500648021698,0.9977552175521851
acc,selected,phihyd_surface,170,0.9970317045847575,0.9953966021537781,0.9976900935173034
acc,selected,phihyd_surface,180,0.9968666553497314,0.995471715927124,0.9976605534553528
acc,selected,phihyd_surface,190,0.9966161489486695,0.9952662110328674,0.9974408984184265
acc,selected,phihyd_surface,200,0.9964338858922323,0.9950985550880432,0.9973139286041259
acc,prior,phihyd_surface,0,1.0,1.0,1.0
acc,prior,phihyd_surface,10,0.99940927028656,0.9993204712867737,0.9996581912040711
acc,prior,phihyd_surface,20,0.9991037607192993,0.9989315867424011,0.9994983315467835
acc,prior,phihyd_surface,30,0.998936394850413,0.9987069487571716,0.9993617057800293
acc,prior,phihyd_surface,40,0.9988005558649699,0.9985774636268616,0.9992397904396058
acc,prior,phihyd_surface,50,0.9986713051795959,0.9984276056289673,0.9991223335266113
acc,prior,phihyd_surface,60,0.9985029975573222,0.9983120799064636,0.9989934206008911
acc,prior,phihyd_surface,70,0.998347016175588,0.9981794595718384,0.9988642573356629
acc,prior,phihyd_surface,80,0.9981969237327576,0.9980461835861206,0.9987013339996338
acc,prior,phihyd_surface,90,0.9981042742729187,0.9979093432426452,0.9985130310058594
acc,prior,phihyd_surface,100,0.9980034669240315,0.9975457072257996,0.9983548045158386
acc,prior,phihyd_surface,110,0.9978714346885681,0.9971373677253723,0.9982759594917298
acc,prior,phihyd_surface,120,0.9976581414540608,0.997010350227356,0.9981537342071534
acc,prior,phihyd_surface,130,0.9974186698595683,0.9968622922897339,0.9978854298591614
acc,prior,phihyd_surface,140,0.9972603797912598,0.9966758370399476,0.9977756142616272
acc,prior,phihyd_surface,150,0.9971263885498047,0.9960470557212829,0.997804605960846
acc,prior,phihyd_surface,160,0.9969519535700481,0.9951733946800232,0.9975893139839173
acc,prior,phihyd_surface,170,0.9967886845270792,0.9949027180671692,0.9975277423858643
acc,prior,phihyd_surface,180,0.9965960542360942,0.9949632287025452,0.997467291355133
acc,prior,phihyd_surface,190,0.9963184237480164,0.994838535785675,0.9972432374954223
acc,prior,phihyd_surface,200,0.996121593316396,0.9945329546928405,0.9971119403839112
acc,selected,sst,0,1.0,1.0,1.0
acc,selected,sst,10,0.9856956442197163,0.9820974230766296,0.9890662550926208
acc,selected,sst,20,0.9726203759511312,0.9676241517066956,0.9797056674957275
acc,selected,sst,30,0.9660670002301533,0.9581061482429505,0.9773486614227295
acc,selected,sst,40,0.9591689348220825,0.9469294786453247,0.9712121963500977
acc,selected,sst,50,0.9538408239682515,0.9423822045326233,0.9682380318641662
acc,selected,sst,60,0.949610690275828,0.9369672894477844,0.964990782737732
acc,selected,sst,70,0.9457352042198182,0.9288663148880005,0.9637895822525024
acc,selected,sst,80,0.9410255829493205,0.9177165150642395,0.9581906199455261
acc,selected,sst,90,0.9375486532847087,0.9196638703346253,0.9579911231994629
acc,selected,sst,100,0.9367383718490601,0.9184710025787354,0.9550610065460206
acc,selected,sst,110,0.9338929891586304,0.9197606801986694,0.9497332215309143
acc,selected,sst,120,0.9306361476580302,0.9161072134971618,0.9485976576805115
acc,selected,sst,130,0.9286994775136311,0.9120168805122375,0.947261643409729
acc,selected,sst,140,0.9258805433909099,0.9099838376045227,0.9416667342185974
acc,selected,sst,150,0.9200773000717163,0.9012233972549438,0.9328356385231018
acc,selected,sst,160,0.9200074474016825,0.8984681487083435,0.9323961853981018
acc,selected,sst,170,0.9206702431042989,0.9073874831199646,0.9330905079841614
acc,selected,sst,180,0.9165629108746847,0.9073883533477783,0.9266614794731141
acc,selected,sst,190,0.9110858559608459,0.8987163186073304,0.9251489639282227
acc,selected,sst,200,0.9111607631047567,0.9023416757583618,0.9222872018814087
acc,prior,sst,0,1.0,1.0,1.0
acc,prior,sst,10,0.9848897417386373,0.9810796499252319,0.9885394930839538
acc,prior,sst,20,0.9712562402089436,0.9659902572631835,0.9787423372268677
acc,prior,sst,30,0.9644303401311238,0.9557965993881226,0.9763215184211731
acc,prior,sst,40,0.9572650631268819,0.9443524122238159,0.9700021386146546
acc,prior,sst,50,0.9516504605611166,0.939769184589386,0.9669114112854004
acc,prior,sst,60,0.9470936377843221,0.9340632200241089,0.9635112166404725
acc,prior,sst,70,0.9429221073786418,0.9249480485916137,0.9621617197990417
acc,prior,sst,80,0.9380233526229859,0.913612163066864,0.9565453290939331
acc,prior,sst,90,0.934381651878357,0.9157682061195374,0.9562890291213989
acc,prior,sst,100,0.933381454149882,0.9148108243942261,0.9531874775886535
acc,prior,sst,110,0.9302748799324035,0.9156713962554932,0.9474544286727905
acc,prior,sst,120,0.9267577807108561,0.9114892959594727,0.9460933923721313
acc,prior,sst,130,0.9246646364529928,0.9060696125030517,0.9445869445800781
acc,prior,sst,140,0.9216348727544149,0.9066542744636535,0.9381944894790649
acc,prior,sst,150,0.9153992851575216,0.8963804483413697,0.9286227107048035
acc,prior,sst,160,0.9150577545166015,0.8936897039413452,0.9288988471031189
acc,prior,sst,170,0.9154600103696188,0.9022659420967102,0.9295180439949036
acc,prior,sst,180,0.9108856638272603,0.9005843520164489,0.9202516555786133
acc,prior,sst,190,0.9051434199015299,0.8913386940956116,0.9190145969390869
acc,prior,sst,200,0.9051314075787862,0.8953726053237915,0.9173786878585816
