metric,model_or_method,field,lead_days,mean,p10,p90
rmse,model,surface_speed,0,0.0,0.0,0.0
rmse,model,surface_speed,10,0.001620546340321501,0.0014165217988193035,0.00173862362280488
rmse,model,surface_speed,20,0.0019240830248842637,0.0016247112769633531,0.002246430516242981
rmse,model,surface_speed,30,0.001959195088905593,0.0017062699422240256,0.0021902309730648995
rmse,model,surface_speed,40,0.0022376204297567407,0.0018565903883427382,0.0026456176768988367
rmse,model,surface_speed,50,0.0024133923308302958,0.002083489578217268,0.0029344232287257907
rmse,model,surface_speed,60,0.0026380674447864295,0.0022780952509492635,0.003141743363812566
rmse,model,surface_speed,70,0.0029119978348414103,0.002455728594213724,0.003480075066909194
rmse,model,surface_speed,80,0.003211614955216646,0.0027749659027904274,0.003812467446550727
rmse,model,surface_speed,90,0.0035682166771342358,0.0030055250972509384,0.004212395939975977
rmse,model,surface_speed,100,0.004038667725399137,0.003324503917247057,0.004579407442361116
rmse,model,surface_speed,110,0.0045675004987667,0.00368678318336606,0.0053253015503287315
rmse,model,surface_speed,120,0.0052180683550735315,0.004277926590293646,0.006136894598603249
rmse,model,surface_speed,130,0.00596603856732448,0.004865735769271851,0.006896945741027593
rmse,model,surface_speed,140,0.006737455694625775,0.005562893580645323,0.007721891999244689
rmse,model,surface_speed,150,0.007542369111130635,0.006379188876599074,0.00851763654500246
rmse,model,surface_speed,160,0.00826591815178593,0.007456027995795011,0.008988492749631405
rmse,model,surface_speed,170,0.00894712544977665,0.008262777887284755,0.009740105271339417
rmse,model,surface_speed,180,0.009561480954289436,0.00891432911157608,0.010246899351477623
rmse,model,surface_speed,190,0.010125320528944333,0.009380004927515983,0.010970528982579709
rmse,model,surface_speed,200,0.01058554258197546,0.00964595451951027,0.011590045876801014
rmse,model,surface_speed,210,0.011035353317856789,0.0102073285728693,0.012110500410199166
rmse,model,surface_speed,220,0.011402852026124795,0.010555327124893665,0.012461292557418346
rmse,model,surface_speed,230,0.011647206917405128,0.010804379172623158,0.012769022211432456
rmse,model,surface_speed,240,0.01186892818659544,0.01116154007613659,0.013143002986907959
rmse,model,surface_speed,250,0.012104161394139131,0.011326861009001732,0.013390031084418297
rmse,model,surface_speed,260,0.012255380923549334,0.011358794197440148,0.013353463262319565
rmse,model,surface_speed,270,0.012365905568003654,0.011719170399010182,0.013298953883349895
rmse,model,surface_speed,280,0.012509837374091148,0.011906288750469684,0.013328766822814942
rmse,model,surface_speed,290,0.012625191857417424,0.011977363564074039,0.013448330387473107
rmse,model,surface_speed,300,0.012652913170556227,0.012142154388129711,0.013043280690908432
rmse,model,surface_speed,310,0.012728134356439113,0.01231821607798338,0.013231850415468215
rmse,model,surface_speed,320,0.012821054086089134,0.012403808906674385,0.013467320427298545
rmse,model,surface_speed,330,0.012827212922275066,0.01249518059194088,0.013661558553576468
rmse,model,surface_speed,340,0.012839347496628762,0.01237177848815918,0.013645763136446476
rmse,model,surface_speed,350,0.012872370705008507,0.012431368790566921,0.013410908542573452
rmse,model,surface_speed,360,0.012917509861290455,0.012562885135412215,0.01341689433902502
rmse,model,surface_speed,370,0.01289556585252285,0.012631054781377316,0.013254261016845703
rmse,model,surface_speed,380,0.012946453380088012,0.01270631980150938,0.0131498534232378
rmse,model,surface_speed,390,0.013009729236364365,0.01270618624985218,0.013264206796884536
rmse,model,surface_speed,400,0.013050121565659841,0.012718943506479263,0.013224980235099793
rmse,model,surface_speed,410,0.013067283978064856,0.01266404502093792,0.013462344743311405
rmse,model,surface_speed,420,0.013147705048322678,0.012646701931953431,0.013519103080034256
rmse,model,surface_speed,430,0.013237615674734115,0.012696432694792748,0.013606814108788967
rmse,model,surface_speed,440,0.013311618069807688,0.012871937453746795,0.01368910912424326
rmse,model,surface_speed,450,0.013429420193036397,0.012913748808205127,0.013821845315396786
rmse,model,surface_speed,460,0.01356755755841732,0.01308294925838709,0.013961300812661647
rmse,model,surface_speed,470,0.01369238793849945,0.013264015316963196,0.014112546294927596
rmse,model,surface_speed,480,0.013846210204064846,0.0133562371134758,0.01425343044102192
rmse,model,surface_speed,490,0.014023792433242003,0.013434921763837338,0.01438980121165514
rmse,model,surface_speed,500,0.014158905856311322,0.013569239526987076,0.01468572709709406
rmse,model,surface_speed,510,0.014253829047083855,0.013290931098163128,0.014965810067951679
rmse,model,surface_speed,520,0.014372965941826502,0.013336977548897266,0.015332478843629361
rmse,model,surface_speed,530,0.014511536248028279,0.013569539226591588,0.015520032867789269
rmse,model,surface_speed,540,0.01459800818314155,0.013637802563607693,0.015735216438770294
rmse,model,surface_speed,550,0.014708949687580268,0.013637837022542953,0.015865889191627503
rmse,model,surface_speed,560,0.014794697922964891,0.01382500771433115,0.015836158767342567
rmse,model,surface_speed,570,0.014845094519356887,0.014044811949133873,0.0157816369086504
rmse,model,surface_speed,580,0.014869357459247112,0.014124886877834798,0.015674490481615067
rmse,model,surface_speed,590,0.014959619877239068,0.014191784337162972,0.0157724991440773
rmse,model,surface_speed,600,0.01502518281340599,0.014384605921804905,0.015840674936771392
rmse,model,surface_speed,610,0.015051888488233089,0.014325308427214623,0.015920324996113778
rmse,model,surface_speed,620,0.015116480800012747,0.014541014283895492,0.015770212560892106
rmse,model,surface_speed,630,0.015220570005476474,0.014678185246884823,0.015812449529767035
rmse,model,surface_speed,640,0.015282980849345524,0.014920049719512463,0.015779486298561095
rmse,model,surface_speed,650,0.015359556364516417,0.014837635681033134,0.015961671620607375
rmse,model,surface_speed,660,0.015406229843695959,0.014768666401505471,0.015858657658100128
rmse,model,surface_speed,670,0.015436758038898308,0.014928587898612022,0.015874051302671433
rmse,model,surface_speed,680,0.015441714537640412,0.01484862957149744,0.016014961898326872
rmse,model,surface_speed,690,0.015418340514103571,0.014686776697635651,0.015966533869504928
rmse,model,surface_speed,700,0.015400638369222482,0.014798734709620476,0.015813620761036873
rmse,model,surface_speed,710,0.015371025788287323,0.014903531037271022,0.01581338532269001
rmse,model,surface_speed,720,0.015356030936042467,0.01468438096344471,0.01581999845802784
rmse,model,surface_speed,730,0.015345262922346592,0.01468424554914236,0.01584557816386223
rmse,model,surface_speed,740,0.015338626379768053,0.014663691632449627,0.015923550724983214
rmse,model,surface_speed,750,0.015300060498217742,0.014491987600922584,0.015957143902778626
rmse,model,surface_speed,760,0.015330284833908081,0.014482587575912476,0.016076452285051345
rmse,model,surface_speed,770,0.015443964240451654,0.01470353901386261,0.016367926821112634
rmse,model,surface_speed,780,0.015471791103482246,0.014449159242212772,0.016379322856664658
rmse,model,surface_speed,790,0.015506164791683355,0.014463694393634796,0.016304047778248787
rmse,model,surface_speed,800,0.015594096792240938,0.014661850407719612,0.01651020869612694
rmse,model,surface_speed,810,0.01565813316653172,0.01479636672884226,0.016652479022741317
rmse,model,surface_speed,820,0.01570546788473924,0.014799243584275246,0.01665651351213455
rmse,model,surface_speed,830,0.01577734878907601,0.014892994239926339,0.01671755313873291
rmse,model,surface_speed,840,0.01583024635910988,0.015005983598530292,0.01675092913210392
rmse,model,surface_speed,850,0.01587532280633847,0.01484132520854473,0.01670241691172123
rmse,model,surface_speed,860,0.01589752044528723,0.014772023633122444,0.01703498512506485
rmse,model,surface_speed,870,0.015874687954783438,0.014682631753385068,0.01704261489212513
rmse,model,surface_speed,880,0.015872118870417277,0.014606608636677265,0.016880315169692038
rmse,model,surface_speed,890,0.015899390292664368,0.014590098522603512,0.016791466251015665
rmse,model,surface_speed,900,0.01592159563054641,0.014591591991484165,0.016679170355200768
rmse,model,surface_speed,910,0.015941447330017885,0.014620432816445827,0.016684196889400482
rmse,model,surface_speed,920,0.015918344321350256,0.014558669924736024,0.016655600816011428
rmse,model,surface_speed,930,0.015913205655912557,0.014596396312117576,0.01674036346375942
rmse,model,surface_speed,940,0.015988872138162455,0.014655522629618644,0.017071615904569626
rmse,model,surface_speed,950,0.016005607259770235,0.014737790264189244,0.01700972244143486
rmse,model,surface_speed,960,0.015979427844285965,0.014775264263153075,0.017044096440076827
rmse,model,surface_speed,970,0.016019843456645807,0.01489955149590969,0.01713925115764141
rmse,model,surface_speed,980,0.01602085984001557,0.01502870824187994,0.017073656618595123
rmse,model,surface_speed,990,0.015986911952495575,0.014974449202418328,0.017117158323526383
rmse,model,surface_speed,1000,0.015980905294418334,0.014863336645066737,0.017058177292346953
rmse,model,surface_speed,1010,0.015951144074400268,0.014913128316402435,0.01695275604724884
rmse,model,surface_speed,1020,0.01592508777976036,0.014855255745351315,0.016950155794620513
rmse,model,surface_speed,1030,0.01591364381213983,0.01480507180094719,0.016971778869628907
rmse,model,surface_speed,1040,0.015868807397782802,0.014822743274271489,0.016940338537096977
rmse,model,surface_speed,1050,0.015838283176223437,0.01476122923195362,0.016909504309296608
rmse,model,surface_speed,1060,0.015868059545755386,0.014839583076536655,0.01683109290897846
rmse,model,surface_speed,1070,0.015900398977100848,0.014818351529538632,0.016912375390529633
rmse,model,surface_speed,1080,0.015952249181767304,0.01478094570338726,0.017077695950865744
rmse,model,surface_speed,1090,0.015933141733209293,0.014897920563817025,0.016895126923918723
rmse,model,surface_speed,1100,0.015908535259465378,0.01486970279365778,0.01683100201189518
rmse,model,surface_speed,1110,0.01592772292594115,0.01486852690577507,0.01694936230778694
rmse,model,surface_speed,1120,0.015878084550301232,0.014834108576178551,0.016788477823138238
rmse,model,surface_speed,1130,0.015816118009388445,0.014716364629566669,0.016667844355106355
rmse,model,surface_speed,1140,0.015836034590999287,0.014866950921714306,0.016655965149402617
rmse,model,surface_speed,1150,0.01583021736393372,0.014869230985641479,0.016625485941767694
rmse,model,surface_speed,1160,0.015792460987965266,0.014710144698619842,0.016626200824975967
rmse,model,surface_speed,1170,0.015751538425683977,0.014796215668320655,0.016476579755544663
rmse,model,surface_speed,1180,0.01573115841796001,0.014911332167685032,0.016524239629507064
rmse,model,surface_speed,1190,0.015695576990644135,0.014733397588133811,0.016617610305547714
rmse,model,surface_speed,1200,0.015678447919587293,0.014609696343541145,0.016571858152747154
rmse,model,surface_speed,1210,0.015663551973799865,0.014626424945890903,0.016461998969316483
rmse,model,surface_speed,1220,0.015632862970232964,0.01456994228065014,0.01629900485277176
rmse,model,surface_speed,1230,0.01561588713278373,0.01448411550372839,0.016434186697006227
rmse,model,surface_speed,1240,0.015622243781884511,0.014559363946318626,0.0164371557533741
rmse,model,surface_speed,1250,0.015642758955558143,0.014621289260685445,0.01638057120144367
rmse,model,surface_speed,1260,0.015601092328627905,0.014598064869642258,0.01647114157676697
rmse,model,surface_speed,1270,0.015582349648078283,0.014553352631628514,0.01657668948173523
rmse,model,surface_speed,1280,0.015596372820436955,0.014637300930917262,0.016535939648747444
rmse,model,surface_speed,1290,0.015594913500050704,0.014643705822527409,0.01643826477229595
rmse,model,surface_speed,1300,0.015598558137814205,0.014643124118447304,0.016524601355195047
rmse,model,surface_speed,1310,0.015621579624712468,0.014646680280566215,0.016562841832637787
rmse,model,surface_speed,1320,0.015631885516146818,0.014789162203669548,0.01645369492471218
rmse,model,surface_speed,1330,0.015602517314255238,0.014754096046090126,0.01649402901530266
rmse,model,surface_speed,1340,0.015585199184715747,0.014854191057384013,0.01660158410668373
rmse,model,surface_speed,1350,0.015572413864235083,0.014915765821933746,0.016493476554751398
rmse,model,surface_speed,1360,0.015538977831602097,0.014722018316388131,0.01644683852791786
rmse,model,surface_speed,1370,0.015495988788704078,0.01463665384799242,0.01644108407199383
rmse,model,surface_speed,1380,0.01545750442892313,0.014737237989902497,0.016416937112808228
rmse,model,surface_speed,1390,0.015425234598418077,0.014658317714929581,0.01626006104052067
rmse,model,surface_speed,1400,0.015405655403931936,0.014515549875795841,0.016247718036174773
rmse,model,surface_speed,1410,0.015402847776810329,0.014582330919802189,0.016357984393835068
rmse,model,surface_speed,1420,0.015386935323476791,0.014635766670107842,0.016246555745601653
rmse,model,surface_speed,1430,0.015376316507657369,0.014634709991514682,0.016159094870090485
rmse,model,surface_speed,1440,0.015400791106124719,0.0146241907030344,0.016240016371011735
rmse,model,surface_speed,1450,0.0154146874944369,0.014559705927968025,0.016265685111284255
rmse,model,surface_speed,1460,0.015394477359950542,0.014384659007191658,0.016211781278252603
rmse,model,surface_speed,1470,0.015365395012001197,0.014355620741844178,0.01632106862962246
rmse,model,surface_speed,1480,0.015365046635270118,0.014374764449894429,0.016412710025906562
rmse,model,surface_speed,1490,0.01538492167989413,0.014337857067584992,0.0163357961922884
rmse,model,surface_speed,1500,0.015398789631823699,0.014283416233956814,0.016357718780636788
rmse,model,surface_speed,1510,0.015437471866607665,0.014499495178461075,0.016387224942445756
rmse,model,surface_speed,1520,0.015450400921205679,0.014495509117841721,0.016381994634866715
rmse,model,surface_speed,1530,0.015452724571029345,0.014456641674041749,0.016349088028073312
rmse,model,surface_speed,1540,0.015474901782969635,0.014453583210706712,0.01638343632221222
rmse,model,surface_speed,1550,0.015468057990074158,0.014422858506441117,0.01652732752263546
rmse,model,surface_speed,1560,0.015440203746159871,0.01445915810763836,0.016369565576314925
rmse,model,surface_speed,1570,0.01544503252953291,0.014447321183979511,0.016384899243712427
rmse,model,surface_speed,1580,0.015487184251348178,0.014527805894613267,0.016384819895029067
rmse,model,surface_speed,1590,0.01548411902040243,0.01462881788611412,0.016430732607841492
rmse,model,surface_speed,1600,0.015463007303575674,0.014598404616117477,0.016426007077097893
rmse,model,surface_speed,1610,0.015469418031473954,0.014481835812330247,0.016330939903855323
rmse,model,surface_speed,1620,0.01547698633124431,0.014526892825961113,0.01623700335621834
rmse,model,surface_speed,1630,0.01544818760206302,0.014602318592369556,0.016194473206996917
rmse,model,surface_speed,1640,0.015437754367788633,0.014505185000598431,0.01625809110701084
rmse,model,surface_speed,1650,0.015461900271475315,0.01455070860683918,0.01626482643187046
rmse,model,surface_speed,1660,0.01545727284004291,0.01471944060176611,0.01616796590387821
rmse,model,surface_speed,1670,0.015422070647279422,0.014562927559018135,0.016210903599858283
rmse,model,surface_speed,1680,0.015424786694347858,0.014566301740705967,0.016202326491475107
rmse,model,surface_speed,1690,0.015406732633709907,0.014727607741951943,0.016146381944417955
rmse,model,surface_speed,1700,0.015384274224440256,0.014702740870416165,0.016038620844483376
rmse,model,surface_speed,1710,0.015408904043336709,0.014652717299759388,0.01618510000407696
rmse,model,surface_speed,1720,0.015412221786876519,0.01472309622913599,0.01621202491223812
rmse,model,surface_speed,1730,0.015410340204834939,0.014828290604054929,0.016140545904636382
rmse,model,surface_speed,1740,0.015415204750994841,0.01478283442556858,0.016216694936156274
rmse,model,surface_speed,1750,0.015439542569220066,0.014827505126595497,0.01613059639930725
rmse,model,surface_speed,1760,0.015436763999362786,0.014871052838861943,0.0160456083714962
rmse,model,surface_speed,1770,0.015424935271342595,0.014863700047135353,0.016006582230329514
rmse,model,surface_speed,1780,0.015440979662040869,0.014908118546009064,0.015942754223942757
rmse,model,surface_speed,1790,0.015456030331552028,0.014853965304791928,0.015861520171165468
rmse,model,surface_speed,1800,0.015473952889442444,0.014878185838460923,0.01590183936059475
rmse,model,surface_speed,1810,0.015462661099930605,0.015049930848181247,0.015957358106970788
rmse,model,surface_speed,1820,0.015486752800643443,0.015105062536895275,0.016028641536831856
rmse,model,surface_speed,1830,0.015545798900226752,0.015082594938576221,0.016121382266283034
rmse,model,surface_speed,1840,0.01553475676725308,0.014951184391975403,0.01612968146800995
rmse,model,surface_speed,1850,0.015531235995392004,0.014850332215428353,0.01619447357952595
rmse,model,surface_speed,1860,0.01551142359773318,0.014923617988824845,0.016212768480181695
rmse,model,surface_speed,1870,0.015481947797040145,0.014980907924473286,0.016051961481571196
rmse,model,surface_speed,1880,0.015474386140704155,0.014971466548740864,0.01599787212908268
rmse,model,surface_speed,1890,0.015412598041196664,0.014913388527929783,0.01598132513463497
rmse,model,surface_speed,1900,0.01536282387872537,0.014791859313845634,0.01589164398610592
rmse,model,surface_speed,1910,0.015330362319946288,0.014731601066887378,0.015836021676659585
rmse,model,surface_speed,1920,0.015305613105495771,0.01466431189328432,0.015799186751246454
rmse,model,surface_speed,1930,0.015301289471487204,0.01462111584842205,0.015928886085748672
rmse,model,surface_speed,1940,0.015324758614103,0.014636656269431114,0.016025140509009363
rmse,model,surface_speed,1950,0.015320946338276069,0.014568973518908023,0.015913304314017294
rmse,model,surface_speed,1960,0.015346027289827665,0.014661793783307075,0.016007469221949577
rmse,model,surface_speed,1970,0.015378623145322005,0.014667299203574657,0.016031651198863982
rmse,model,surface_speed,1980,0.015343863951663176,0.014655602350831031,0.016078706085681915
rmse,model,surface_speed,1990,0.015347173747917017,0.014710136130452156,0.016143868491053582
rmse,model,surface_speed,2000,0.015373543029030164,0.01470919493585825,0.01618880480527878
rmse,climatology,surface_speed,0,0.0033954898981998364,0.0027918787207454445,0.00389752434566617
rmse,climatology,surface_speed,10,0.0034668739574650925,0.0030271850526332857,0.003942240681499243
rmse,climatology,surface_speed,20,0.0035074455508341392,0.0029918336309492587,0.00436863200739026
rmse,climatology,surface_speed,30,0.0034759498201310636,0.003024546708911657,0.004658483900129795
rmse,climatology,surface_speed,40,0.003502055676653981,0.002897839294746518,0.004888666514307261
rmse,climatology,surface_speed,50,0.003532432159408927,0.002966472739353776,0.004909996595233679
rmse,climatology,surface_speed,60,0.0034939745130638284,0.0029706605710089207,0.004667840618640184
rmse,climatology,surface_speed,70,0.003474932008733352,0.0028296575881540777,0.00455883052200079
rmse,climatology,surface_speed,80,0.003490965502957503,0.0030389972031116485,0.004242264293134212
rmse,climatology,surface_speed,90,0.0033896784608562786,0.0028782528825104237,0.00388410035520792
rmse,climatology,surface_speed,100,0.0033179504331201314,0.0029093541204929354,0.0039775663055479525
rmse,climatology,surface_speed,110,0.0033665262162685394,0.002999371336773038,0.004031009133905172
rmse,climatology,surface_speed,120,0.0034356479067355395,0.0029286411590874195,0.0040211336687207225
rmse,climatology,surface_speed,130,0.0034359915958096583,0.0030081392731517555,0.0038294066209346054
rmse,climatology,surface_speed,140,0.003444012984012564,0.002868756465613842,0.003871730901300907
rmse,climatology,surface_speed,150,0.003487827737505237,0.0030458863358944653,0.0038801884278655053
rmse,climatology,surface_speed,160,0.0034604857054849466,0.0030679598450660704,0.004023695271462202
rmse,climatology,surface_speed,170,0.0034962706733494995,0.00288698012009263,0.00411820188164711
rmse,climatology,surface_speed,180,0.0035273684809605283,0.0029927135910838842,0.004329511523246765
rmse,climatology,surface_speed,190,0.003567487094551325,0.0030097540002316236,0.004116017557680607
rmse,climatology,surface_speed,200,0.0035114748403429984,0.0029399384278804065,0.004124777298420668
rmse,climatology,surface_speed,210,0.0035614587056140103,0.002936993958428502,0.004434080421924591
rmse,climatology,surface_speed,220,0.003602910212551554,0.002878150064498186,0.0047729677520692345
rmse,climatology,surface_speed,230,0.003633251056695978,0.002964925393462181,0.004771346505731344
rmse,climatology,surface_speed,240,0.0036938192478070658,0.0029327154625207186,0.005034111440181732
rmse,climatology,surface_speed,250,0.0037467705085873606,0.003015265706926584,0.005174400843679905
rmse,climatology,surface_speed,260,0.003679828190555175,0.002873856667429209,0.00492402222007513
rmse,climatology,surface_speed,270,0.0035810903646051884,0.0028975806664675472,0.004708244837820529
rmse,climatology,surface_speed,280,0.0036032873671501876,0.002976549742743373,0.004598866961896419
rmse,climatology,surface_speed,290,0.0036572308590014776,0.0029690983239561318,0.004339236486703158
rmse,climatology,surface_speed,300,0.0036335818624744815,0.00314425197429955,0.004105041921138764
rmse,climatology,surface_speed,310,0.0036246126051992177,0.003014674037694931,0.004399604722857475
rmse,climatology,surface_speed,320,0.0036288870343317587,0.0031702523585408924,0.004596541263163089
rmse,climatology,surface_speed,330,0.0035781698301434518,0.0031105633825063705,0.00457151560112834
rmse,climatology,surface_speed,340,0.003585081345712145,0.0031708912458270786,0.004283440485596657
rmse,climatology,surface_speed,350,0.003535271156579256,0.003103206492960453,0.004065363761037588
rmse,climatology,surface_speed,360,0.0035134110910197097,0.0029705676715821028,0.003989473730325699
rmse,climatology,surface_speed,370,0.0033792157502224047,0.002955552330240607,0.003831999562680721
rmse,climatology,surface_speed,380,0.003371882593880097,0.003064694441854954,0.003630109503865242
rmse,climatology,surface_speed,390,0.003346522447342674,0.0029068277683109043,0.0038779578171670437
rmse,climatology,surface_speed,400,0.0033251641939083735,0.0028527666814625262,0.003951703943312168
rmse,climatology,surface_speed,410,0.003368244708205263,0.002903015445917845,0.0038128361105918885
rmse,climatology,surface_speed,420,0.0034401246967415014,0.0030406360048800705,0.0038047559559345246
rmse,climatology,surface_speed,430,0.003422937790552775,0.002935165911912918,0.0038754411973059176
rmse,climatology,surface_speed,440,0.003365456545725465,0.0030136479064822195,0.003936752676963806
rmse,climatology,surface_speed,450,0.0034244208751867213,0.0028788238298147915,0.003941970039159059
rmse,climatology,surface_speed,460,0.003499841938416163,0.002912422176450491,0.004198596160858869
rmse,climatology,surface_speed,470,0.003502926276996732,0.003059978736564517,0.004216747265309095
rmse,climatology,surface_speed,480,0.003522990209360917,0.0029008346144109966,0.003987901471555233
rmse,climatology,surface_speed,490,0.003560201559836666,0.0031097746919840573,0.004039861727505922
rmse,climatology,surface_speed,500,0.0035560539768387874,0.0028534929268062116,0.004224724974483251
rmse,climatology,surface_speed,510,0.003608547120044629,0.003058172995224595,0.004587673116475344
rmse,climatology,surface_speed,520,0.0036663770209997893,0.0032011411152780057,0.004580445401370525
rmse,climatology,surface_speed,530,0.0037564510479569436,0.0032537091989070176,0.004935831390321254
rmse,climatology,surface_speed,540,0.0036738066157946986,0.003069631475955248,0.005018468294292688
rmse,climatology,surface_speed,550,0.003680452797561884,0.002906015468761325,0.0050532610155642034
rmse,climatology,surface_speed,560,0.0036518567241728304,0.003109700605273247,0.00489680515602231
rmse,climatology,surface_speed,570,0.0035924360000838835,0.0031995571218430994,0.004530951008200645
rmse,climatology,surface_speed,580,0.003562205114091436,0.0028540401719510554,0.004180461447685957
rmse,climatology,surface_speed,590,0.0035823808051645757,0.003130749659612775,0.00422472907230258
rmse,climatology,surface_speed,600,0.003569420939311385,0.0031401023268699648,0.004067892488092184
rmse,climatology,surface_speed,610,0.0035044541116803886,0.0029966115020215512,0.0040722288191318515
rmse,climatology,surface_speed,620,0.003575342505549391,0.002940833428874612,0.004318566806614399
rmse,climatology,surface_speed,630,0.0037161578424274922,0.003146368870511651,0.004405703116208315
rmse,climatology,surface_speed,640,0.0037527378803739945,0.003042607894167304,0.004883205704391003
rmse,climatology,surface_speed,650,0.003800419516240557,0.0029332416597753763,0.005465649534016847
rmse,climatology,surface_speed,660,0.0038403588347136973,0.0030537490267306565,0.005883226450532675
rmse,climatology,surface_speed,670,0.0038567734882235527,0.0029744147323071957,0.006085625384002924
rmse,climatology,surface_speed,680,0.0038479113796104987,0.002913953736424446,0.0061522706411778925
rmse,climatology,surface_speed,690,0.003849097015336156,0.0029649296309798958,0.0060153348371386525
rmse,climatology,surface_speed,700,0.003884270026658972,0.0031915354076772927,0.0057537853717803955
rmse,climatology,surface_speed,710,0.003762137486288945,0.0030790972523391247,0.0054016543552279465
rmse,climatology,surface_speed,720,0.0037253574623415868,0.0029082351829856634,0.005242110695689917
rmse,climatology,surface_speed,730,0.003696978200847904,0.0030195435974746943,0.004863444436341524
rmse,climatology,surface_speed,740,0.0036812208282450834,0.003061389969661832,0.00468049943447113
rmse,climatology,surface_speed,750,0.003688833738366763,0.0030502339359372854,0.004890497494488955
rmse,climatology,surface_speed,760,0.003728675826763113,0.003145549073815346,0.004512606281787157
rmse,climatology,surface_speed,770,0.0037421755958348514,0.0030579096637666225,0.0045462436974048615
rmse,climatology,surface_speed,780,0.0036817832849919798,0.003104314161464572,0.004430038388818502
rmse,climatology,surface_speed,790,0.003740129837145408,0.002972320932894945,0.004469246510416269
rmse,climatology,surface_speed,800,0.00386471056068937,0.003252508584409952,0.005071834754198789
rmse,climatology,surface_speed,810,0.003897750470787287,0.003166977968066931,0.005355113744735717
rmse,climatology,surface_speed,820,0.003952176744739215,0.00325283738784492,0.005298586841672659
rmse,climatology,surface_speed,830,0.003996181348338723,0.0031035350635647773,0.005401504598557949
rmse,climatology,surface_speed,840,0.004060718898350994,0.003171329014003277,0.0056158947758376595
rmse,climatology,surface_speed,850,0.004091357191403707,0.0031373842619359495,0.005909959599375725
rmse,climatology,surface_speed,860,0.004134934131676952,0.0031267673708498477,0.006096226535737514
rmse,climatology,surface_speed,870,0.004212558517853419,0.0031897721346467733,0.006316740904003382
rmse,climatology,surface_speed,880,0.004136524070054293,0.0030680765863507985,0.006249377224594355
rmse,climatology,surface_speed,890,0.004132163741936286,0.0032259463798254727,0.006206955667585134
rmse,climatology,surface_speed,900,0.004107336436087887,0.003056502528488636,0.005957242660224437
rmse,climatology,surface_speed,910,0.00406968182263275,0.002908617863431573,0.005946398247033358
rmse,climatology,surface_speed,920,0.004073257138952613,0.002982842829078436,0.005796445067971945
rmse,climatology,surface_speed,930,0.004062300190950433,0.00305658932775259,0.005556839425116777
rmse,climatology,surface_speed,940,0.0040344680969913805,0.00296991067007184,0.005736501421779394
rmse,climatology,surface_speed,950,0.003899647512783607,0.00293225753121078,0.005620975233614444
rmse,climatology,surface_speed,960,0.003864198084920645,0.0029918364714831116,0.005496049299836159
rmse,climatology,surface_speed,970,0.003881442251925667,0.0030889452900737524,0.005252687726169824
rmse,climatology,surface_speed,980,0.0038334008771926165,0.003054782887920737,0.005003398749977349
rmse,climatology,surface_speed,990,0.0038048434536904095,0.0032210673205554487,0.00471127675846219
rmse,climatology,surface_speed,1000,0.003747289984797438,0.0032196817453950645,0.004432488046586513
rmse,climatology,surface_speed,1010,0.0037237314662585657,0.0031412474811077116,0.004594029858708382
rmse,climatology,surface_speed,1020,0.0036813185550272466,0.003187233582139015,0.004475174285471439
rmse,climatology,surface_speed,1030,0.0037012656684964895,0.00328354611992836,0.004409996140748262
rmse,climatology,surface_speed,1040,0.0037355775634447734,0.0031876508612185715,0.004392175562679767
rmse,climatology,surface_speed,1050,0.0036649891020109258,0.0030050438828766344,0.004185005556792021
rmse,climatology,surface_speed,1060,0.0036733644704024,0.0030646170023828747,0.004233774077147245
rmse,climatology,surface_speed,1070,0.0036940278795858225,0.0032321013975888492,0.004339433182030916
rmse,climatology,surface_speed,1080,0.003716180892661214,0.0029287029057741163,0.004656353406608104
rmse,climatology,surface_speed,1090,0.0037516873329877854,0.003099728375673294,0.005161856394261121
rmse,climatology,surface_speed,1100,0.003802479648341735,0.0030079011805355547,0.005251052230596542
rmse,climatology,surface_speed,1110,0.0038645341371496516,0.0031108543742448093,0.005233979597687721
rmse,climatology,surface_speed,1120,0.003806670910368363,0.002990270499140024,0.005058208014816046
rmse,climatology,surface_speed,1130,0.0038514476890365284,0.0028639216907322407,0.0052816177718341345
rmse,climatology,surface_speed,1140,0.0039701710144678755,0.0030712745152413844,0.005749721266329288
rmse,climatology,surface_speed,1150,0.004018589699019988,0.002974661672487855,0.00600770590826869
rmse,climatology,surface_speed,1160,0.004039737908169627,0.0030249539297074078,0.006164499651640653
rmse,climatology,surface_speed,1170,0.004027329990640283,0.0029665690381079912,0.00629928782582283
rmse,climatology,surface_speed,1180,0.004035082211097081,0.0030238123144954443,0.006224111188203096
rmse,climatology,surface_speed,1190,0.003936638170853257,0.003022493189200759,0.006042469665408135
rmse,climatology,surface_speed,1200,0.0039171076379716395,0.00308756772428751,0.00586879849433899
rmse,climatology,surface_speed,1210,0.0038995357075085244,0.003145337849855423,0.005618814937770366
rmse,climatology,surface_speed,1220,0.003770975799610217,0.0031923421658575533,0.0052391583099961276
rmse,climatology,surface_speed,1230,0.003669424494728446,0.0029819301795214414,0.00484683969989419
rmse,climatology,surface_speed,1240,0.0036155518610030413,0.0030558685306459666,0.0046060275286436084
rmse,climatology,surface_speed,1250,0.0035786551889032125,0.003108280524611473,0.004420423973351717
rmse,climatology,surface_speed,1260,0.0035245636322846015,0.0030120075680315495,0.004162268992513418
rmse,climatology,surface_speed,1270,0.003521616027380029,0.0028815420344471933,0.004064058884978294
rmse,climatology,surface_speed,1280,0.0035772169940173626,0.0032298489939421417,0.00398216163739562
rmse,climatology,surface_speed,1290,0.0035129141993820666,0.003065488999709487,0.003975858259946108
rmse,climatology,surface_speed,1300,0.0035318281346311173,0.002882026368752122,0.004219912644475699
rmse,climatology,surface_speed,1310,0.0036489835940301417,0.0030843439511954785,0.00430176667869091
rmse,climatology,surface_speed,1320,0.0037333490792661904,0.003048936603590846,0.004550679307430983
rmse,climatology,surface_speed,1330,0.0037652300981183846,0.0029744090512394904,0.005148153938353061
rmse,climatology,surface_speed,1340,0.0037733921936402718,0.0029288067016750574,0.005523985810577869
rmse,climatology,surface_speed,1350,0.0038213337461153666,0.003036598954349756,0.0057086762972176075
rmse,climatology,surface_speed,1360,0.0037647837307304144,0.0030902020633220674,0.005794021766632795
rmse,climatology,surface_speed,1370,0.003780471362794439,0.002856158325448632,0.00565881310030818
rmse,climatology,surface_speed,1380,0.0037922197952866554,0.003118705516681075,0.0053282868117094035
rmse,climatology,surface_speed,1390,0.0037210296218593915,0.0031329745426774023,0.0049521752633154385
rmse,climatology,surface_speed,1400,0.003631842245037357,0.0031121785286813974,0.0047037614509463305
rmse,climatology,surface_speed,1410,0.0035986500636984906,0.0030531135853379965,0.00460967468097806
rmse,climatology,surface_speed,1420,0.003600096811229984,0.0030197945423424246,0.00436820238828659
rmse,climatology,surface_speed,1430,0.0035899119606862466,0.003043551417067647,0.004483937192708253
rmse,climatology,surface_speed,1440,0.003613335344319542,0.0030042209662497045,0.00414132010191679
rmse,climatology,surface_speed,1450,0.003687690043201049,0.003198780585080385,0.004164495039731264
rmse,climatology,surface_speed,1460,0.0036369814071804283,0.0030850404873490334,0.0043089528568089
rmse,climatology,surface_speed,1470,0.0036297443633278212,0.0030418909154832363,0.004280210379511117
rmse,climatology,surface_speed,1480,0.003729514917358756,0.003129466064274311,0.004611101932823658
rmse,climatology,surface_speed,1490,0.003802792184675733,0.0032631273847073317,0.005034720338881016
rmse,climatology,surface_speed,1500,0.003829063925271233,0.0032057699747383593,0.004924829769879579
rmse,climatology,surface_speed,1510,0.003852959116920829,0.0031431995797902347,0.004934776201844215
rmse,climatology,surface_speed,1520,0.003923965711146593,0.0031832211650907995,0.005257919058203697
rmse,climatology,surface_speed,1530,0.003938445495441556,0.003199722757562995,0.005472345557063818
rmse,climatology,surface_speed,1540,0.004010725471501549,0.0031352216843515634,0.005733078345656395
rmse,climatology,surface_speed,1550,0.004053064171845714,0.0031722776126116513,0.006025773379951716
rmse,climatology,surface_speed,1560,0.004050106462091208,0.0030632336158305405,0.005979518871754408
rmse,climatology,surface_speed,1570,0.003978381042058269,0.0030295141506940125,0.005823078285902739
rmse,climatology,surface_speed,1580,0.003966993512585759,0.0031448762398213147,0.005541250016540288
rmse,climatology,surface_speed,1590,0.003931667159001033,0.0028812482487410307,0.005477875377982855
rmse,climatology,surface_speed,1600,0.003880598784113924,0.0029946144204586744,0.00529420617967844
rmse,climatology,surface_speed,1610,0.003876434654618303,0.0030169089324772356,0.005078090075403452
rmse,climatology,surface_speed,1620,0.003899237792938948,0.0030707665253430607,0.00534271840006113
rmse,climatology,surface_speed,1630,0.003802505306278666,0.0029580438509583472,0.005299909971654414
rmse,climatology,surface_speed,1640,0.0037188900945087275,0.0029727625194936992,0.005061272624880075
rmse,climatology,surface_speed,1650,0.003727529942989349,0.0030509117525070904,0.004884317982941866
rmse,climatology,surface_speed,1660,0.0037311031793554623,0.0029926454182714226,0.004654106404632329
rmse,climatology,surface_speed,1670,0.0036841622553765775,0.0032080738805234433,0.004397938493639231
rmse,climatology,surface_speed,1680,0.0036309046515574056,0.003273313958197832,0.004088099393993616
rmse,climatology,surface_speed,1690,0.0036138953175395725,0.003218906419351697,0.004173980746418238
rmse,climatology,surface_speed,1700,0.0035494459172089893,0.0031584691256284713,0.004349592607468367
rmse,climatology,surface_speed,1710,0.0035946427068362635,0.003265575412660837,0.004009417537599802
rmse,climatology,surface_speed,1720,0.003607936405266325,0.003196245152503252,0.004058270342648029
rmse,climatology,surface_speed,1730,0.003634719705830018,0.003164787730202079,0.004028893262147904
rmse,climatology,surface_speed,1740,0.0035764979353795447,0.0030992606189101934,0.004074251465499401
rmse,climatology,surface_speed,1750,0.0036259376754363376,0.0031552222557365895,0.004177907668054103
rmse,climatology,surface_speed,1760,0.003645699331536889,0.003081941418349743,0.004354500025510788
rmse,climatology,surface_speed,1770,0.003643178753554821,0.0029573739506304265,0.004810738377273082
rmse,climatology,surface_speed,1780,0.0036812082243462404,0.0029068964067846537,0.004858497902750968
rmse,climatology,surface_speed,1790,0.0037597295672943194,0.0031300746835768224,0.004874111525714397
rmse,climatology,surface_speed,1800,0.0037468135356903075,0.0029883910436183216,0.004741216357797384
rmse,climatology,surface_speed,1810,0.0037201130607475838,0.0029881462920457124,0.004846607055515051
rmse,climatology,surface_speed,1820,0.0038181775094320376,0.0029813865199685096,0.005278866458684205
rmse,climatology,surface_speed,1830,0.0039216405246406795,0.0029840197879821063,0.005584349110722542
rmse,climatology,surface_speed,1840,0.003933616851766904,0.0031416499987244606,0.005788895580917597
rmse,climatology,surface_speed,1850,0.0039280074803779525,0.002911451319232583,0.006031867302954197
rmse,climatology,surface_speed,1860,0.003942071134224534,0.0031630342360585927,0.005911966133862734
rmse,climatology,surface_speed,1870,0.003865373382965724,0.0028583877719938755,0.0057042501866817474
rmse,climatology,surface_speed,1880,0.0038322793940703073,0.003054647333920002,0.005387664679437875
rmse,climatology,surface_speed,1890,0.0037892631875971953,0.0032324505038559435,0.005146351736038923
rmse,climatology,surface_speed,1900,0.0037745572937031586,0.0032704589422792195,0.004810765292495489
rmse,climatology,surface_speed,1910,0.0036434367919961613,0.0030713758897036314,0.004403361584991217
rmse,climatology,surface_speed,1920,0.0036337540795405706,0.002915017865598202,0.004466456733644008
rmse,climatology,surface_speed,1930,0.0036427143185089033,0.003139633405953646,0.004252995178103447
rmse,climatology,surface_speed,1940,0.0036466782602171104,0.00317933214828372,0.004189039953052998
rmse,climatology,surface_speed,1950,0.0036966842599213123,0.002871823124587536,0.004589053709059953
rmse,climatology,surface_speed,1960,0.003797369512418906,0.003168791485950351,0.004747056495398283
rmse,climatology,surface_speed,1970,0.003828466140354673,0.003141238819807768,0.005207721795886755
rmse,climatology,surface_speed,1980,0.0037940117220083875,0.0030247246380895377,0.005606396123766899
rmse,climatology,surface_speed,1990,0.0038364776720603306,0.0030011657625436785,0.0058653044514358045
rmse,climatology,surface_speed,2000,0.003912205450857679,0.003214430855587125,0.0060101734474301335
rmse,persistence,surface_speed,0,0.0,0.0,0.0
rmse,persistence,surface_speed,10,0.0023572532227262855,0.0018963044043630362,0.0027663080487400292
rmse,persistence,surface_speed,20,0.003400436214481791,0.0029766032472252845,0.004053850192576647
rmse,persistence,surface_speed,30,0.00391251506904761,0.0035253064706921577,0.004308911599218845
rmse,persistence,surface_speed,40,0.004639810618634025,0.003953629685565829,0.005117436870932579
rmse,persistence,surface_speed,50,0.005038322228938341,0.004373225476592779,0.005583388730883598
rmse,persistence,surface_speed,60,0.005001902890702088,0.004390926007181406,0.005515665281563997
rmse,persistence,surface_speed,70,0.005037047807127238,0.004310251865535975,0.005785898771136999
rmse,persistence,surface_speed,80,0.005074647969255845,0.004635517112910747,0.00565723879262805
rmse,persistence,surface_speed,90,0.005038200784474612,0.004659904260188341,0.005478307232260704
rmse,persistence,surface_speed,100,0.005005148239433765,0.004520984925329685,0.005603096541017294
rmse,persistence,surface_speed,110,0.005097492535909017,0.0046012021601200105,0.005618757009506226
rmse,persistence,surface_speed,120,0.005242130439728499,0.004708578623831272,0.005810542497783899
rmse,persistence,surface_speed,130,0.00490835647409161,0.004304117057472467,0.0060242117382586
rmse,persistence,surface_speed,140,0.004261675399417678,0.003474553767591715,0.005655288882553578
rmse,persistence,surface_speed,150,0.004050730417172114,0.003170584701001644,0.00537145072594285
rmse,persistence,surface_speed,160,0.0033371809559563795,0.00251683103851974,0.004723521322011947
rmse,persistence,surface_speed,170,0.002038806319857637,0.0008841575472615659,0.003926041163504123
rmse,persistence,surface_speed,180,0.0031738621182739735,0.002033446403220296,0.0045071830041706566
rmse,persistence,surface_speed,190,0.004137167287990451,0.003094263980165124,0.005409853905439376
rmse,persistence,surface_speed,200,0.004568165556217234,0.0035656771622598173,0.0058641361072659486
rmse,persistence,surface_speed,210,0.0052292381413280966,0.0041028596460819244,0.00624394379556179
rmse,persistence,surface_speed,220,0.005647476545224587,0.0045807227492332455,0.006754624005407095
rmse,persistence,surface_speed,230,0.005675594105074803,0.004592994879931212,0.00685798330232501
rmse,persistence,surface_speed,240,0.005739325160781543,0.004475494660437107,0.0068112539127469065
rmse,persistence,surface_speed,250,0.0057803652870158356,0.004724288173019886,0.007133145444095134
rmse,persistence,surface_speed,260,0.005747358128428459,0.0049191095866262914,0.006669763196259737
rmse,persistence,surface_speed,270,0.005653013475239277,0.004880719818174839,0.006477510929107666
rmse,persistence,surface_speed,280,0.005660365987569094,0.004826950561255217,0.0063990683294832705
rmse,persistence,surface_speed,290,0.005760909554859002,0.0051187979988753796,0.006461274251341819
rmse,persistence,surface_speed,300,0.0054432791968186695,0.004798935074359178,0.006298672314733266
rmse,persistence,surface_speed,310,0.004777532971153657,0.0039893138688057665,0.005921192932873964
rmse,persistence,surface_speed,320,0.004472513512397806,0.0035731963347643615,0.005841599870473146
rmse,persistence,surface_speed,330,0.003862670964250962,0.0029170972760766745,0.005194236524403095
rmse,persistence,surface_speed,340,0.0026680357831840714,0.0017475624103099109,0.004302652552723885
rmse,persistence,surface_speed,350,0.0032691159440825382,0.0024613537825644016,0.0044449083507061005
rmse,persistence,surface_speed,360,0.004160525447999438,0.0034341805148869753,0.0050718699581921095
rmse,persistence,surface_speed,370,0.004474535584449768,0.004023437388241291,0.005208440870046615
rmse,persistence,surface_speed,380,0.005054445192217827,0.004561838880181313,0.005511907953768968
rmse,persistence,surface_speed,390,0.0054516919888556005,0.005055133439600468,0.005788940377533436
rmse,persistence,surface_speed,400,0.005460472746441762,0.005090691428631544,0.005887399427592754
rmse,persistence,surface_speed,410,0.005481966957449913,0.004913245514035225,0.005999371502548456
rmse,persistence,surface_speed,420,0.005519127783675988,0.0049271484836936,0.006351049337536096
rmse,persistence,surface_speed,430,0.005508948086450497,0.004878811351954937,0.006269664131104946
rmse,persistence,surface_speed,440,0.005450557234386603,0.004763821419328451,0.006168003287166357
rmse,persistence,surface_speed,450,0.005463121738284826,0.004862395022064448,0.006473447661846876
rmse,persistence,surface_speed,460,0.00557916092996796,0.004863769095391035,0.006686387583613396
rmse,persistence,surface_speed,470,0.005327096239974101,0.004516820423305035,0.006115107983350754
rmse,persistence,surface_speed,480,0.004665089057137569,0.003770272620022297,0.00559046259149909
rmse,persistence,surface_speed,490,0.004341744227955738,0.003203916037455201,0.005298473406583071
rmse,persistence,surface_speed,500,0.003843289986252785,0.002844778401777148,0.004937667306512595
rmse,persistence,surface_speed,510,0.002475308945092062,0.0010739153949543834,0.004671494290232658
rmse,persistence,surface_speed,520,0.0030618602487569053,0.0016359001398086547,0.004929003119468689
rmse,persistence,surface_speed,530,0.004174561301867167,0.002898596553131938,0.0058708351105451586
rmse,persistence,surface_speed,540,0.004551377659663558,0.003627162426710129,0.0064676754176616665
rmse,persistence,surface_speed,550,0.005107116466388106,0.004007698688656092,0.006824563629925251
rmse,persistence,surface_speed,560,0.005499805820484956,0.004485773760825396,0.007001078873872757
rmse,persistence,surface_speed,570,0.005472481312851111,0.004585734847933054,0.006818163860589265
rmse,persistence,surface_speed,580,0.005380578028659026,0.004450063407421112,0.006334721948951483
rmse,persistence,surface_speed,590,0.005325818154960871,0.004542510025203228,0.006327283289283514
rmse,persistence,surface_speed,600,0.005236121608565251,0.004676099121570587,0.006057074014097452
rmse,persistence,surface_speed,610,0.0050830019327501455,0.004402415361255407,0.005687887035310269
rmse,persistence,surface_speed,620,0.00504424221192797,0.0044474158436059955,0.005837712530046701
rmse,persistence,surface_speed,630,0.0051690690529843175,0.00461044954136014,0.00586423184722662
rmse,persistence,surface_speed,640,0.0049473272636532785,0.004380558151751757,0.005597754567861557
rmse,persistence,surface_speed,650,0.004251193627715111,0.0036909297574311494,0.0051086157560348506
rmse,persistence,surface_speed,660,0.003851220058277249,0.003065067669376731,0.004903842788189649
rmse,persistence,surface_speed,670,0.003385084324205915,0.002705602627247572,0.004403636883944273
rmse,persistence,surface_speed,680,0.0017251373191053668,0.00106894513592124,0.0034296130761504165
rmse,persistence,surface_speed,690,0.0020694298359254996,0.0013607382541522383,0.003387904353439807
rmse,persistence,surface_speed,700,0.003471746714785695,0.0027288625948131084,0.004634253215044737
rmse,persistence,surface_speed,710,0.003925676892201106,0.003254587994888425,0.00475514680147171
rmse,persistence,surface_speed,720,0.004550354353462656,0.0038087906781584025,0.005392076261341572
rmse,persistence,surface_speed,730,0.00508300078411897,0.0043534042313694956,0.005909467861056328
rmse,persistence,surface_speed,740,0.005194185518970092,0.004483490716665983,0.005787597689777613
rmse,persistence,surface_speed,750,0.005220996371159951,0.004459600709378719,0.006076911557465791
rmse,persistence,surface_speed,760,0.005301767680794001,0.004441932961344719,0.005885125789791346
rmse,persistence,surface_speed,770,0.005354811530560255,0.004718531016260385,0.00607187207788229
rmse,persistence,surface_speed,780,0.005339317210018635,0.004516999609768391,0.005907412618398666
rmse,persistence,surface_speed,790,0.005396695745488008,0.004457026999443769,0.0062595194205641745
rmse,persistence,surface_speed,800,0.005603102811922629,0.0047970333136618136,0.007041260506957769
rmse,persistence,surface_speed,810,0.005536130505303541,0.004672197811305523,0.0068543291650712485
rmse,persistence,surface_speed,820,0.005010963355501493,0.004037143941968679,0.006309194024652243
rmse,persistence,surface_speed,830,0.004668606941898664,0.003499203361570835,0.006160050164908171
rmse,persistence,surface_speed,840,0.004438312926019232,0.003036916861310601,0.006139111146330833
rmse,persistence,surface_speed,850,0.003425469622015953,0.0016500282799825072,0.005624579917639494
rmse,persistence,surface_speed,860,0.0035220150214930377,0.0016738174017518759,0.005766401998698711
rmse,persistence,surface_speed,870,0.004626492783427238,0.003209978714585304,0.006766205746680498
rmse,persistence,surface_speed,880,0.005035150004550815,0.0037056658416986465,0.007082483731210232
rmse,persistence,surface_speed,890,0.00553062188749512,0.004345502983778715,0.007317334134131669
rmse,persistence,surface_speed,900,0.006005618628114462,0.004838761314749718,0.007548190094530582
rmse,persistence,surface_speed,910,0.006109945351878802,0.004924963228404522,0.007585733849555254
rmse,persistence,surface_speed,920,0.006074961709479491,0.004947314597666263,0.0075631609186530115
rmse,persistence,surface_speed,930,0.006086391893525918,0.004909695591777563,0.007441793102771044
rmse,persistence,surface_speed,940,0.006070409528911113,0.005158701352775097,0.00717618502676487
rmse,persistence,surface_speed,950,0.005959299765527249,0.00498815681785345,0.007159438077360391
rmse,persistence,surface_speed,960,0.005875839572399855,0.004784392658621073,0.007170396577566861
rmse,persistence,surface_speed,970,0.005941695099075635,0.0052096136845648285,0.007243929803371429
rmse,persistence,surface_speed,980,0.00581258883078893,0.005201651249080896,0.006831810716539621
rmse,persistence,surface_speed,990,0.005212103171894948,0.0045581328682601455,0.006122420076280832
rmse,persistence,surface_speed,1000,0.0046851498230050005,0.003915472701191902,0.005813296232372522
rmse,persistence,surface_speed,1010,0.00439526039796571,0.0033681971486657857,0.005336927715688944
rmse,persistence,surface_speed,1020,0.003335756730909149,0.002425759844481945,0.004645003285259008
rmse,persistence,surface_speed,1030,0.003067122904273371,0.0021204645279794933,0.004468601569533348
rmse,persistence,surface_speed,1040,0.00416096206754446,0.0032934595365077257,0.00501104686409235
rmse,persistence,surface_speed,1050,0.0046381768149634205,0.0039043800439685582,0.0054437012411654
rmse,persistence,surface_speed,1060,0.005128333251923323,0.0044534155167639256,0.005899022612720728
rmse,persistence,surface_speed,1070,0.00566400724152724,0.004875857848674059,0.006607633363455534
rmse,persistence,surface_speed,1080,0.005856433107207219,0.005266435258090496,0.00676143579185009
rmse,persistence,surface_speed,1090,0.005839476982752482,0.00504232281818986,0.006960815750062466
rmse,persistence,surface_speed,1100,0.005869851137200992,0.004766492825001478,0.00713214110583067
rmse,persistence,surface_speed,1110,0.005892710573971271,0.004946447629481554,0.007171900290995836
rmse,persistence,surface_speed,1120,0.005844780740638574,0.0049082874320447445,0.006918044481426478
rmse,persistence,surface_speed,1130,0.0058275726002951465,0.004739301837980747,0.007537894695997238
rmse,persistence,surface_speed,1140,0.005948313449819883,0.0048128762282431126,0.007864679396152496
rmse,persistence,surface_speed,1150,0.005934796202927828,0.004819305706769228,0.008020449429750443
rmse,persistence,surface_speed,1160,0.005417408204327027,0.004125868156552315,0.00787895154207945
rmse,persistence,surface_speed,1170,0.00487287905998528,0.003428297210484743,0.007547549903392792
rmse,persistence,surface_speed,1180,0.004634454970558485,0.003170232893899083,0.007143471855670214
rmse,persistence,surface_speed,1190,0.003508291121882697,0.0019418489886447788,0.006615527626127005
rmse,persistence,surface_speed,1200,0.0027745178978269298,0.0010628596879541873,0.006167668104171753
rmse,persistence,surface_speed,1210,0.00397006249986589,0.0024467438459396364,0.006332044396549464
rmse,persistence,surface_speed,1220,0.004448531552528342,0.0033753262367099525,0.0064734254963696005
rmse,persistence,surface_speed,1230,0.004818002724399169,0.003870141413062811,0.006468635145574808
rmse,persistence,surface_speed,1240,0.005300628890593847,0.00425739623606205,0.0065472438931465145
rmse,persistence,surface_speed,1250,0.005444886566450199,0.004637944418936968,0.006589002441614866
rmse,persistence,surface_speed,1260,0.005300812485317389,0.004424085188657045,0.006184440851211548
rmse,persistence,surface_speed,1270,0.005244506678233544,0.004343059007078409,0.006119159795343876
rmse,persistence,surface_speed,1280,0.005192808248102665,0.004703289084136486,0.005935985594987869
rmse,persistence,surface_speed,1290,0.0050492895146210985,0.004575928766280412,0.005735097266733646
rmse,persistence,surface_speed,1300,0.004944966019441684,0.004371592588722706,0.005659028328955173
rmse,persistence,surface_speed,1310,0.0050289529996613664,0.004532273951917886,0.005588375963270664
rmse,persistence,surface_speed,1320,0.0050431739538908,0.004572335723787546,0.005450478382408619
rmse,persistence,surface_speed,1330,0.004511839322124918,0.003945218212902546,0.005260591302067041
rmse,persistence,surface_speed,1340,0.0038570433389395475,0.003260200330987573,0.004497291706502438
rmse,persistence,surface_speed,1350,0.00363113172352314,0.0029475053772330282,0.004508997779339552
rmse,persistence,surface_speed,1360,0.002482177596539259,0.0019679486751556395,0.003491976391524076
rmse,persistence,surface_speed,1370,0.0012254978064447641,0.0006563208531588316,0.0025906062684953207
rmse,persistence,surface_speed,1380,0.0029382498158762854,0.002223551087081432,0.003914139233529568
rmse,persistence,surface_speed,1390,0.003715201405187448,0.003082114038988948,0.004479708708822727
rmse,persistence,surface_speed,1400,0.004202533264954885,0.0036734355147928,0.004727709386497736
rmse,persistence,surface_speed,1410,0.004859954491257668,0.004090240597724915,0.0055304613895714285
rmse,persistence,surface_speed,1420,0.005176058287421862,0.004427383281290531,0.0058839056640863415
rmse,persistence,surface_speed,1430,0.005168139996627966,0.004416558332741261,0.005942401476204395
rmse,persistence,surface_speed,1440,0.005245799912760655,0.004315217025578022,0.005944471061229706
rmse,persistence,surface_speed,1450,0.0053238588074843085,0.00466614980250597,0.006139884609729051
rmse,persistence,surface_speed,1460,0.0053221007498602075,0.00460212528705597,0.006088066566735506
rmse,persistence,surface_speed,1470,0.005320866250743469,0.004494857601821422,0.006176459416747093
rmse,persistence,surface_speed,1480,0.005458444977800052,0.004752844013273716,0.006761322170495986
rmse,persistence,surface_speed,1490,0.005586259905248881,0.004788544028997421,0.006795710045844316
rmse,persistence,surface_speed,1500,0.005228083425511916,0.004362311773002147,0.006313096825033426
rmse,persistence,surface_speed,1510,0.004673784909149011,0.0036097405012696982,0.006000296585261821
rmse,persistence,surface_speed,1520,0.004543159669265151,0.0032019917853176594,0.006274563167244195
rmse,persistence,surface_speed,1530,0.0038572998562206823,0.0024644196033477782,0.005624311603605747
rmse,persistence,surface_speed,1540,0.0030665295431390404,0.001171397906728089,0.00517948642373085
rmse,persistence,surface_speed,1550,0.004085352007920543,0.0027279703877866267,0.0061117812991142275
rmse,persistence,surface_speed,1560,0.004779796814545989,0.003477227408438921,0.006726144719868898
rmse,persistence,surface_speed,1570,0.005139179310450951,0.0039255739189684394,0.006801263708621263
rmse,persistence,surface_speed,1580,0.005682322041441997,0.004672287218272686,0.007071584090590477
rmse,persistence,surface_speed,1590,0.005959459207952022,0.005055621452629566,0.00717590507119894
rmse,persistence,surface_speed,1600,0.005892271362245083,0.004831692203879356,0.007122096791863442
rmse,persistence,surface_speed,1610,0.005893979345758756,0.004869590979069471,0.007101035118103027
rmse,persistence,surface_speed,1620,0.005897004591921965,0.004927052836865187,0.006940282322466374
rmse,persistence,surface_speed,1630,0.005824575976779063,0.0050569319166243075,0.00698628993704915
rmse,persistence,surface_speed,1640,0.0057161887797216576,0.004886740725487471,0.006701846979558467
rmse,persistence,surface_speed,1650,0.0057110732421278955,0.00493195578455925,0.006909097637981176
rmse,persistence,surface_speed,1660,0.005763021639237801,0.005200968403369188,0.006718640960752964
rmse,persistence,surface_speed,1670,0.0053711806423962115,0.004885209258645773,0.006098747439682484
rmse,persistence,surface_speed,1680,0.004682545115550359,0.004138033278286457,0.005630040448158979
rmse,persistence,surface_speed,1690,0.004417501902207732,0.0036834918428212404,0.005370434746146202
rmse,persistence,surface_speed,1700,0.003736209279547135,0.0030075446236878635,0.004789955355226994
rmse,persistence,surface_speed,1710,0.002696205916193624,0.0016872254665941,0.004138135630637407
rmse,persistence,surface_speed,1720,0.0035101009998470545,0.002668462600558996,0.00443106573075056
rmse,persistence,surface_speed,1730,0.004366403073072433,0.0034663799218833447,0.005170018225908279
rmse,persistence,surface_speed,1740,0.004748071761180957,0.004115318227559328,0.005522637534886598
rmse,persistence,surface_speed,1750,0.005348116190483173,0.0045160575769841674,0.006305356975644827
rmse,persistence,surface_speed,1760,0.005706597957760096,0.005075607262551784,0.006622750498354435
rmse,persistence,surface_speed,1770,0.005701262690126896,0.004925412777811289,0.006818578112870455
rmse,persistence,surface_speed,1780,0.005710882134735584,0.004649955872446298,0.006641272269189358
rmse,persistence,surface_speed,1790,0.00572659932076931,0.004777884669601917,0.006903865374624729
rmse,persistence,surface_speed,1800,0.005709075275808573,0.00471342084929347,0.006803940422832966
rmse,persistence,surface_speed,1810,0.005659939814358949,0.004557632748037577,0.007090380229055881
rmse,persistence,surface_speed,1820,0.00570364532371362,0.004726418573409319,0.007337826769798994
rmse,persistence,surface_speed,1830,0.005841899352769057,0.004777773283421993,0.00774676576256752
rmse,persistence,surface_speed,1840,0.005564475152641535,0.004379802942276001,0.007744576688855887
rmse,persistence,surface_speed,1850,0.004895409693320593,0.0036871285177767278,0.007463766168802977
rmse,persistence,surface_speed,1860,0.004609965408841769,0.003183929715305567,0.006985699292272329
rmse,persistence,surface_speed,1870,0.003981175910060604,0.0027217721566557885,0.006540459115058184
rmse,persistence,surface_speed,1880,0.0025339839087488753,0.0010082015069201589,0.005674124415963888
rmse,persistence,surface_speed,1890,0.003168973970847825,0.0018386152805760503,0.0055471364408731455
rmse,persistence,surface_speed,1900,0.004077139993508657,0.0029863468836992977,0.005762614216655493
rmse,persistence,surface_speed,1910,0.0043580583141495785,0.0036568849347531794,0.0058443968184292315
rmse,persistence,surface_speed,1920,0.004878208382676045,0.003932807967066765,0.00593264615163207
rmse,persistence,surface_speed,1930,0.005218085460364818,0.004443005565553904,0.006151448283344507
rmse,persistence,surface_speed,1940,0.0051523529303570586,0.004443058464676142,0.005958830937743187
rmse,persistence,surface_speed,1950,0.005110645511498054,0.00431145541369915,0.00578442383557558
rmse,persistence,surface_speed,1960,0.005125841405242681,0.004485227353870869,0.0058028134517371655
rmse,persistence,surface_speed,1970,0.005113098180542389,0.004577877465635538,0.005581919196993112
rmse,persistence,surface_speed,1980,0.0050397469662129876,0.0043289877474308016,0.005818288121372461
rmse,persistence,surface_speed,1990,0.005058412750562032,0.004401824437081814,0.005868975631892681
rmse,persistence,surface_speed,2000,0.005199551799645027,0.004577579721808433,0.005877254996448755
rmse,model,phihyd_surface,0,0.0,0.0,0.0
rmse,model,phihyd_surface,10,0.018004544948538145,0.01672869399189949,0.020177702978253366
rmse,model,phihyd_surface,20,0.023799861098329225,0.02102125622332096,0.02737392149865627
rmse,model,phihyd_surface,30,0.028179014722506206,0.0241615679115057,0.03346953764557838
rmse,model,phihyd_surface,40,0.03307552759846052,0.027234024181962014,0.04097511395812035
rmse,model,phihyd_surface,50,0.038868652159969014,0.030848801508545874,0.04981154203414917
rmse,model,phihyd_surface,60,0.04617710436383883,0.03536759838461876,0.06085523813962936
rmse,model,phihyd_surface,70,0.055095160255829494,0.04077461883425713,0.07418108433485031
rmse,model,phihyd_surface,80,0.06610550532738367,0.04737360849976539,0.0903695985674858
rmse,model,phihyd_surface,90,0.07959355190396308,0.05526913106441498,0.10916827023029327
rmse,model,phihyd_surface,100,0.09555297195911408,0.06512665450572967,0.1296974539756775
rmse,model,phihyd_surface,110,0.1137270450592041,0.07738124132156372,0.15094245970249176
rmse,model,phihyd_surface,120,0.13345472911993664,0.09202997833490371,0.17101710438728332
rmse,model,phihyd_surface,130,0.15368072390556337,0.10934483408927917,0.18757633864879608
rmse,model,phihyd_surface,140,0.17321874101956686,0.1284843772649765,0.20352964997291564
rmse,model,phihyd_surface,150,0.19124995668729147,0.14869788587093352,0.21584051847457886
rmse,model,phihyd_surface,160,0.2071916530529658,0.16934634745121002,0.227203169465065
rmse,model,phihyd_surface,170,0.2206738958756129,0.18936537206172943,0.23824402093887329
rmse,model,phihyd_surface,180,0.23145194152990978,0.20755751430988312,0.246134614944458
rmse,model,phihyd_surface,190,0.23945353031158448,0.21877942979335785,0.25282729864120485
rmse,model,phihyd_surface,200,0.2448110153277715,0.22348464727401735,0.2589037775993347
rmse,model,phihyd_surface,210,0.24796224335829417,0.22790495455265045,0.26491445302963257
rmse,model,phihyd_surface,220,0.24924499293168387,0.2286767840385437,0.26846996545791624
rmse,model,phihyd_surface,230,0.24893395205338795,0.22626777291297911,0.26923197507858276
rmse,model,phihyd_surface,240,0.24753660559654236,0.2238170921802521,0.26832720041275027
rmse,model,phihyd_surface,250,0.24539772073427837,0.22132474184036255,0.26620725989341737
rmse,model,phihyd_surface,260,0.24260114034016927,0.21877517700195312,0.26347296237945556
rmse,model,phihyd_surface,270,0.23946925898392996,0.21646210849285125,0.26046743988990784
rmse,model,phihyd_surface,280,0.23620523810386657,0.2136649638414383,0.2570706844329834
rmse,model,phihyd_surface,290,0.23281020720799764,0.2108500838279724,0.2535923719406128
rmse,model,phihyd_surface,300,0.22928340137004852,0.20825758278369905,0.2502326250076294
rmse,model,phihyd_surface,310,0.22578130066394805,0.20589206516742706,0.24661528468132018
rmse,model,phihyd_surface,320,0.22227103809515636,0.20356782674789428,0.242377433180809
rmse,model,phihyd_surface,330,0.21883552968502046,0.2013174533843994,0.2381853461265564
rmse,model,phihyd_surface,340,0.21552039583524069,0.1992628365755081,0.23430541157722473
rmse,model,phihyd_surface,350,0.212362402677536,0.19743072986602783,0.22996399104595183
rmse,model,phihyd_surface,360,0.20927251974741617,0.1958979457616806,0.22534798681735993
rmse,model,phihyd_surface,370,0.20626150965690612,0.19492986500263215,0.22106502652168275
rmse,model,phihyd_surface,380,0.20356443723042805,0.19411687254905702,0.21667404770851134
rmse,model,phihyd_surface,390,0.20120304822921753,0.1931305229663849,0.21252771019935607
rmse,model,phihyd_surface,400,0.19903965989748637,0.19208873808383942,0.2092173367738724
rmse,model,phihyd_surface,410,0.19707600971062977,0.19105684161186218,0.20635886192321778
rmse,model,phihyd_surface,420,0.19548645516236623,0.1876614898443222,0.20334385633468627
rmse,model,phihyd_surface,430,0.19399081468582152,0.18464505672454834,0.20042297542095183
rmse,model,phihyd_surface,440,0.19274581968784332,0.1833502769470215,0.1991903930902481
rmse,model,phihyd_surface,450,0.19200286368529002,0.1825258642435074,0.19863609373569488
rmse,model,phihyd_surface,460,0.19147251745065053,0.17996535301208497,0.19931003153324128
rmse,model,phihyd_surface,470,0.19104741017023721,0.1778582215309143,0.19967420101165773
rmse,model,phihyd_surface,480,0.19102324942747753,0.17667624950408936,0.1998847544193268
rmse,model,phihyd_surface,490,0.1912885715564092,0.17504705786705016,0.200922629237175
rmse,model,phihyd_surface,500,0.19177385667959848,0.17391375601291656,0.20190978050231934
rmse,model,phihyd_surface,510,0.1924211025238037,0.17369111478328705,0.2019765555858612
rmse,model,phihyd_surface,520,0.19341868261496226,0.17358916401863098,0.20458078980445862
rmse,model,phihyd_surface,530,0.19463439385096232,0.17381446957588195,0.20603764057159424
rmse,model,phihyd_surface,540,0.19588368932406108,0.17458018958568572,0.20760774612426758
rmse,model,phihyd_surface,550,0.19726538161436716,0.17542154788970948,0.20971014797687532
rmse,model,phihyd_surface,560,0.19883892337481182,0.17672863304615022,0.2113087594509125
rmse,model,phihyd_surface,570,0.2003938396771749,0.17809623181819917,0.2128499209880829
rmse,model,phihyd_surface,580,0.20203653275966643,0.17947564423084258,0.21488920748233795
rmse,model,phihyd_surface,590,0.203897425532341,0.18107936084270476,0.21677260100841522
rmse,model,phihyd_surface,600,0.20563315550486247,0.18260030448436737,0.21857119500637054
rmse,model,phihyd_surface,610,0.20735956331094105,0.18390550017356871,0.22101364731788636
rmse,model,phihyd_surface,620,0.20924774706363677,0.18625085353851317,0.22345470786094665
rmse,model,phihyd_surface,630,0.21112392246723174,0.18760136663913726,0.22548789978027345
rmse,model,phihyd_surface,640,0.21301689644654592,0.1894400417804718,0.22790406346321107
rmse,model,phihyd_surface,650,0.21495894094308218,0.19204440712928772,0.23042891919612885
rmse,model,phihyd_surface,660,0.2169206738471985,0.19398096799850464,0.23241620361804963
rmse,model,phihyd_surface,670,0.2188378204902013,0.19551871716976166,0.2345057338476181
rmse,model,phihyd_surface,680,0.2207236707210541,0.19775632321834563,0.2369026154279709
rmse,model,phihyd_surface,690,0.2226668119430542,0.19965244829654694,0.23910340070724487
rmse,model,phihyd_surface,700,0.2246828019618988,0.20189495980739594,0.2408781409263611
rmse,model,phihyd_surface,710,0.226706196864446,0.20465715527534484,0.2430924355983734
rmse,model,phihyd_surface,720,0.2288896361986796,0.20749012231826783,0.24555051624774932
rmse,model,phihyd_surface,730,0.23128827810287475,0.21028615832328795,0.24759647846221924
rmse,model,phihyd_surface,740,0.23361210525035858,0.21306314170360566,0.24969539046287537
rmse,model,phihyd_surface,750,0.23593198855717976,0.21531632244586946,0.251931494474411
rmse,model,phihyd_surface,760,0.23831721345583598,0.21743639409542084,0.2538466274738312
rmse,model,phihyd_surface,770,0.2405951271454493,0.22020591497421266,0.2557167410850525
rmse,model,phihyd_surface,780,0.24287624955177306,0.22230380773544312,0.2580295741558075
rmse,model,phihyd_surface,790,0.2451404372851054,0.22414383590221404,0.25995561480522156
rmse,model,phihyd_surface,800,0.24735079904397328,0.22666253745555878,0.2614156186580658
rmse,model,phihyd_surface,810,0.24955934683481854,0.22909146547317505,0.2635234594345093
rmse,model,phihyd_surface,820,0.2518101245164871,0.23128680586814881,0.2663461327552795
rmse,model,phihyd_surface,830,0.2541093736886978,0.23389309048652648,0.26885092854499815
rmse,model,phihyd_surface,840,0.2565341790517171,0.23691703975200654,0.2711939513683319
rmse,model,phihyd_surface,850,0.2590521852175395,0.23981185257434845,0.27403305768966674
rmse,model,phihyd_surface,860,0.26157768368721007,0.2419027119874954,0.2769747316837311
rmse,model,phihyd_surface,870,0.26419356564680735,0.24445007145404815,0.2799968600273132
rmse,model,phihyd_surface,880,0.26678406397501625,0.24730397760868073,0.2830060839653015
rmse,model,phihyd_surface,890,0.2693476984898249,0.2497762769460678,0.2859133183956146
rmse,model,phihyd_surface,900,0.27193080087502797,0.25194578766822817,0.2888270139694214
rmse,model,phihyd_surface,910,0.27447214126586916,0.25422161221504214,0.29167588949203493
rmse,model,phihyd_surface,920,0.27705666224161785,0.25673099756240847,0.29457567930221557
rmse,model,phihyd_surface,930,0.27974454363187157,0.2594489872455597,0.2975186169147491
rmse,model,phihyd_surface,940,0.2824162979920705,0.2619174659252167,0.3003718316555023
rmse,model,phihyd_surface,950,0.28503235975901287,0.26437339186668396,0.30272977352142333
rmse,model,phihyd_surface,960,0.28763143022855125,0.2668969690799713,0.3053003966808319
rmse,model,phihyd_surface,970,0.29024459918340045,0.26961216926574705,0.3076842248439789
rmse,model,phihyd_surface,980,0.2928865194320679,0.27238876223564146,0.31019636392593386
rmse,model,phihyd_surface,990,0.2955397923787435,0.27544267773628234,0.3132038235664368
rmse,model,phihyd_surface,1000,0.29816598296165464,0.2780653893947601,0.316791296005249
rmse,model,phihyd_surface,1010,0.3008057455221812,0.2804200768470764,0.32013664245605467
rmse,model,phihyd_surface,1020,0.3033777813116709,0.2831190347671509,0.32352313995361326
rmse,model,phihyd_surface,1030,0.30593997438748677,0.28564579486846925,0.32686774134635926
rmse,model,phihyd_surface,1040,0.30854763785998024,0.2878522157669067,0.3302140474319458
rmse,model,phihyd_surface,1050,0.31107522050539654,0.2902704060077667,0.33334229588508607
rmse,model,phihyd_surface,1060,0.313574077685674,0.2926758050918579,0.3365717947483063
rmse,model,phihyd_surface,1070,0.31611467401186627,0.29497023224830626,0.3400951027870178
rmse,model,phihyd_surface,1080,0.318582816918691,0.2968517541885376,0.34360196590423586
rmse,model,phihyd_surface,1090,0.3209825575351715,0.29861508011817933,0.3468816697597504
rmse,model,phihyd_surface,1100,0.3234003941218058,0.30043338537216185,0.3501089036464691
rmse,model,phihyd_surface,1110,0.3257276237010956,0.30212554931640623,0.3531904578208923
rmse,model,phihyd_surface,1120,0.32793808579444883,0.30435768961906434,0.35613608956336973
rmse,model,phihyd_surface,1130,0.3300962527592977,0.30656689405441284,0.359033590555191
rmse,model,phihyd_surface,1140,0.3322039544582367,0.30873141884803773,0.361785364151001
rmse,model,phihyd_surface,1150,0.3342467228571574,0.3108420193195343,0.3641490817070007
rmse,model,phihyd_surface,1160,0.3361444115638733,0.3127039551734924,0.3663058698177338
rmse,model,phihyd_surface,1170,0.3379526535669963,0.31433883905410764,0.36851162314414976
rmse,model,phihyd_surface,1180,0.3397047996520996,0.3157351851463318,0.3705922424793243
rmse,model,phihyd_surface,1190,0.34132575591405234,0.31701731085777285,0.3724116086959839
rmse,model,phihyd_surface,1200,0.34281466007232664,0.3185036540031433,0.3741805911064148
rmse,model,phihyd_surface,1210,0.3443143169085185,0.32009286284446714,0.3758987247943878
rmse,model,phihyd_surface,1220,0.34576127529144285,0.3214426577091217,0.3773160338401794
rmse,model,phihyd_surface,1230,0.34709264636039733,0.3227770566940308,0.37869867086410525
rmse,model,phihyd_surface,1240,0.34837158521016437,0.3239637792110443,0.38005065321922304
rmse,model,phihyd_surface,1250,0.3495391229788462,0.32496583461761475,0.3811120867729187
rmse,model,phihyd_surface,1260,0.35058174331982933,0.3267171561717987,0.38184643983840943
rmse,model,phihyd_surface,1270,0.351634015639623,0.3278019607067108,0.3826212823390961
rmse,model,phihyd_surface,1280,0.3527120590209961,0.32893269062042235,0.3833769381046295
rmse,model,phihyd_surface,1290,0.35374991297721864,0.33044350147247314,0.3839391231536865
rmse,model,phihyd_surface,1300,0.3547527591387431,0.3321016013622284,0.38442962169647216
rmse,model,phihyd_surface,1310,0.3557069540023804,0.33320107460021975,0.3850855052471161
rmse,model,phihyd_surface,1320,0.356657733519872,0.33401485681533816,0.3859020471572876
rmse,model,phihyd_surface,1330,0.35765815575917564,0.33523213267326357,0.38692293167114256
rmse,model,phihyd_surface,1340,0.3586986601352692,0.3364000618457794,0.38795832395553587
rmse,model,phihyd_surface,1350,0.3597042739391327,0.3373514533042908,0.3889168083667755
rmse,model,phihyd_surface,1360,0.36062159538269045,0.33815903663635255,0.38984655141830443
rmse,model,phihyd_surface,1370,0.3614691654841105,0.33919757604599,0.3905455470085144
rmse,model,phihyd_surface,1380,0.3623187144597371,0.34036001563072205,0.39149652123451234
rmse,model,phihyd_surface,1390,0.3631627301375071,0.3413139760494232,0.39240007996559145
rmse,model,phihyd_surface,1400,0.3639720598856608,0.342199444770813,0.3926710844039917
rmse,model,phihyd_surface,1410,0.36473442912101744,0.3430838704109192,0.39285123348236084
rmse,model,phihyd_surface,1420,0.36548149784406025,0.3436718761920929,0.3933331370353699
rmse,model,phihyd_surface,1430,0.366168471177419,0.3441076040267944,0.39384348392486573
rmse,model,phihyd_surface,1440,0.36686114271481834,0.3446940124034882,0.39419189691543577
rmse,model,phihyd_surface,1450,0.367562727133433,0.34523946046829224,0.39497300386428835
rmse,model,phihyd_surface,1460,0.36819838285446166,0.3455754280090332,0.39588677883148193
rmse,model,phihyd_surface,1470,0.36880573829015095,0.34580036997795105,0.3966255307197571
rmse,model,phihyd_surface,1480,0.36936800678571063,0.34623758792877196,0.3975227355957031
rmse,model,phihyd_surface,1490,0.3699181914329529,0.34648445844650266,0.3984826445579529
rmse,model,phihyd_surface,1500,0.3704444964726766,0.34646340608596804,0.39934499859809874
rmse,model,phihyd_surface,1510,0.3709254841009776,0.3467906415462494,0.3996892750263214
rmse,model,phihyd_surface,1520,0.37134995460510256,0.34693458676338196,0.3998738408088684
rmse,model,phihyd_surface,1530,0.37171927889188133,0.3467938542366028,0.4000972807407379
rmse,model,phihyd_surface,1540,0.37207850615183513,0.34666078686714175,0.4001951336860657
rmse,model,phihyd_surface,1550,0.37245257894198097,0.3467917203903198,0.4002640724182129
rmse,model,phihyd_surface,1560,0.3728466590245565,0.346867299079895,0.4004117548465729
rmse,model,phihyd_surface,1570,0.3732023815313975,0.34664134979248046,0.40051632523536684
rmse,model,phihyd_surface,1580,0.37354756792386373,0.3464657723903656,0.40063955783843996
rmse,model,phihyd_surface,1590,0.373909858862559,0.3462445616722107,0.4008491516113281
rmse,model,phihyd_surface,1600,0.37421733935674034,0.345770400762558,0.4008285641670227
rmse,model,phihyd_surface,1610,0.37456212838490804,0.3456572353839874,0.4007849395275116
rmse,model,phihyd_surface,1620,0.374886147181193,0.3456173002719879,0.40090487599372865
rmse,model,phihyd_surface,1630,0.37516080935796103,0.3449885129928589,0.40093093514442446
rmse,model,phihyd_surface,1640,0.3754349112510681,0.34490267038345335,0.40073648691177366
rmse,model,phihyd_surface,1650,0.3756726642449697,0.3451798439025879,0.4007170915603638
rmse,model,phihyd_surface,1660,0.375852233171463,0.34512869119644163,0.40086308121681213
rmse,model,phihyd_surface,1670,0.3760314881801605,0.34512255191802976,0.4009991526603699
rmse,model,phihyd_surface,1680,0.3762939234574636,0.34516823291778564,0.4011177122592926
rmse,model,phihyd_surface,1690,0.3765496512254079,0.34507882595062256,0.4013174891471863
rmse,model,phihyd_surface,1700,0.37679649194081627,0.34515228271484377,0.40160844922065736
rmse,model,phihyd_surface,1710,0.3770738979180654,0.3452836453914642,0.40189546942710874
rmse,model,phihyd_surface,1720,0.3773589491844177,0.3456028997898102,0.4021271288394928
rmse,model,phihyd_surface,1730,0.3776751538117727,0.3462740838527679,0.4023289144039154
rmse,model,phihyd_surface,1740,0.3779967188835144,0.3467228353023529,0.40241614580154417
rmse,model,phihyd_surface,1750,0.3782967189947764,0.34718434810638427,0.40251958966255186
rmse,model,phihyd_surface,1760,0.3785979906717936,0.3479572653770447,0.4029097378253937
rmse,model,phihyd_surface,1770,0.37886960903803507,0.3484064221382141,0.4032547652721405
rmse,model,phihyd_surface,1780,0.3791409889856974,0.34903690218925476,0.4035555779933929
rmse,model,phihyd_surface,1790,0.3793799420197805,0.3494713604450226,0.4038271546363831
rmse,model,phihyd_surface,1800,0.3795513927936554,0.34959120154380796,0.40397109985351565
rmse,model,phihyd_surface,1810,0.37974103093147277,0.35020854473114016,0.4040189743041992
rmse,model,phihyd_surface,1820,0.37995206912358603,0.3506199300289154,0.40412514805793764
rmse,model,phihyd_surface,1830,0.3800987184047699,0.3508753478527069,0.4041238307952881
rmse,model,phihyd_surface,1840,0.3802292545636495,0.3514586925506592,0.404045432806015
rmse,model,phihyd_surface,1850,0.38042269547780355,0.3520563364028931,0.4040548264980316
rmse,model,phihyd_surface,1860,0.38059128920237223,0.35247003436088564,0.4039700269699097
rmse,model,phihyd_surface,1870,0.3807372728983561,0.35309755206108095,0.4037303030490875
rmse,model,phihyd_surface,1880,0.3809057633082072,0.35393559336662295,0.40355473160743716
rmse,model,phihyd_surface,1890,0.38108020424842837,0.3546383619308472,0.40345087051391604
rmse,model,phihyd_surface,1900,0.3812918484210968,0.35531980991363527,0.403395414352417
rmse,model,phihyd_surface,1910,0.38155396382013956,0.3563644468784332,0.40332813262939454
rmse,model,phihyd_surface,1920,0.3818085690339406,0.3574673533439636,0.4032351434230804
rmse,model,phihyd_surface,1930,0.3820462127526601,0.3581544101238251,0.4033174753189087
rmse,model,phihyd_surface,1940,0.3822818319002787,0.3588863551616669,0.40357512831687925
rmse,model,phihyd_surface,1950,0.382491397857666,0.35954936742782595,0.40370139479637146
rmse,model,phihyd_surface,1960,0.3826405227184296,0.35970077514648435,0.40376293659210205
rmse,model,phihyd_surface,1970,0.3827514052391052,0.35981969237327577,0.4040218353271484
rmse,model,phihyd_surface,1980,0.3828668157259623,0.36004666090011594,0.40424912571907046
rmse,model,phihyd_surface,1990,0.38297595183054606,0.36007964611053467,0.404481965303421
rmse,model,phihyd_surface,2000,0.3830552319685618,0.36007300615310667,0.404533451795578
rmse,climatology,phihyd_surface,0,0.05984025125702222,0.056404624879360196,0.06402579247951508
rmse,climatology,phihyd_surface,10,0.06010510275761286,0.056744199991226194,0.06391846984624863
rmse,climatology,phihyd_surface,20,0.06023698722322782,0.05655715167522431,0.06389102339744568
rmse,climatology,phihyd_surface,30,0.06017488539218903,0.056602439284324645,0.06375264674425125
rmse,climatology,phihyd_surface,40,0.060250507791837056,0.05701505318284035,0.06416825950145721
rmse,climatology,phihyd_surface,50,0.060458700607220334,0.05672315433621407,0.06401004642248154
rmse,climatology,phihyd_surface,60,0.06055341437458992,0.056919632107019426,0.06387328803539276
rmse,climatology,phihyd_surface,70,0.06078809574246406,0.057637288421392444,0.06406933814287186
rmse,climatology,phihyd_surface,80,0.06102285484472911,0.05744138807058334,0.06447117030620575
rmse,climatology,phihyd_surface,90,0.061015975475311277,0.05722617208957672,0.06387983411550521
rmse,climatology,phihyd_surface,100,0.060961957772572836,0.05739617198705673,0.06413893848657608
rmse,climatology,phihyd_surface,110,0.061217680821816126,0.05788678452372551,0.06437309831380844
rmse,climatology,phihyd_surface,120,0.061583783477544785,0.05843490958213806,0.06464013010263443
rmse,climatology,phihyd_surface,130,0.06162599548697471,0.05843041092157364,0.06440296322107315
rmse,climatology,phihyd_surface,140,0.06165744910637538,0.05849884524941444,0.06453309208154678
rmse,climatology,phihyd_surface,150,0.06177335853377978,0.05830725431442261,0.0645478755235672
rmse,climatology,phihyd_surface,160,0.061910526206096016,0.05857601091265678,0.06478683948516846
rmse,climatology,phihyd_surface,170,0.06211302230755488,0.05875762552022934,0.06481584459543228
rmse,climatology,phihyd_surface,180,0.062381427238384884,0.05901026427745819,0.06500801593065261
rmse,climatology,phihyd_surface,190,0.06255087281266848,0.05878124237060547,0.06501335948705673
rmse,climatology,phihyd_surface,200,0.062499555697043734,0.05887935385107994,0.06497381627559662
rmse,climatology,phihyd_surface,210,0.06256946002443632,0.059267306327819826,0.06561780124902725
rmse,climatology,phihyd_surface,220,0.06276584143439928,0.05899416655302048,0.0655372142791748
rmse,climatology,phihyd_surface,230,0.06285179083546003,0.05920992717146874,0.06562778353691101
rmse,climatology,phihyd_surface,240,0.06303618947664896,0.05978593826293945,0.06569280326366425
rmse,climatology,phihyd_surface,250,0.06325871124863625,0.059722530841827395,0.06597369462251663
rmse,climatology,phihyd_surface,260,0.06327468628684679,0.05964002013206482,0.06608268320560455
rmse,climatology,phihyd_surface,270,0.0632168581088384,0.05974230393767357,0.06608048230409622
rmse,climatology,phihyd_surface,280,0.06344573423266411,0.06035481542348862,0.06643806546926498
rmse,climatology,phihyd_surface,290,0.06381326441963514,0.06076784208416939,0.06652482151985169
rmse,climatology,phihyd_surface,300,0.06386329705516497,0.06088475063443184,0.06662445664405822
rmse,climatology,phihyd_surface,310,0.0638705313205719,0.060947482287883756,0.0667687401175499
rmse,climatology,phihyd_surface,320,0.06395377864440283,0.06091712936758995,0.06719792187213898
rmse,climatology,phihyd_surface,330,0.06406039794286092,0.06109188124537468,0.06750125288963318
rmse,climatology,phihyd_surface,340,0.06421602418025335,0.06131140068173409,0.06764332354068756
rmse,climatology,phihyd_surface,350,0.06446043699979782,0.06162628009915352,0.06747611314058304
rmse,climatology,phihyd_surface,360,0.06464671318729719,0.06143717393279076,0.06768186390399933
rmse,climatology,phihyd_surface,370,0.06460114891330401,0.06156760156154632,0.06752774864435196
rmse,climatology,phihyd_surface,380,0.06466103618343672,0.06195758953690529,0.06800488531589508
rmse,climatology,phihyd_surface,390,0.064861228565375,0.06183373332023621,0.06795719861984253
rmse,climatology,phihyd_surface,400,0.06498831063508988,0.062086145579814914,0.06795876324176789
rmse,climatology,phihyd_surface,410,0.06517616286873817,0.06250299587845802,0.06796898990869522
rmse,climatology,phihyd_surface,420,0.06543394351998964,0.0626752257347107,0.06843453943729401
rmse,climatology,phihyd_surface,430,0.06549552356203397,0.06266231313347817,0.06847993433475494
rmse,climatology,phihyd_surface,440,0.06543983295559883,0.06271858662366867,0.06846140027046203
rmse,climatology,phihyd_surface,450,0.06566225389639536,0.06316866427659988,0.06879435032606125
rmse,climatology,phihyd_surface,460,0.06607650617758433,0.06363043040037156,0.06881114244461059
rmse,climatology,phihyd_surface,470,0.06620915283759435,0.06399949938058853,0.06897622644901276
rmse,climatology,phihyd_surface,480,0.06625833163658777,0.06389613300561905,0.06920989155769348
rmse,climatology,phihyd_surface,490,0.06636892259120941,0.06384798735380173,0.06960107237100602
rmse,climatology,phihyd_surface,500,0.06650513857603073,0.06381054818630219,0.06997595876455306
rmse,climatology,phihyd_surface,510,0.06664654662211736,0.06402216851711273,0.07012086212635041
rmse,climatology,phihyd_surface,520,0.06685659140348435,0.06413082033395767,0.07000533789396286
rmse,climatology,phihyd_surface,530,0.06702635139226913,0.06396650820970536,0.07023230940103531
rmse,climatology,phihyd_surface,540,0.06696383307377497,0.06414208859205246,0.07023370116949082
rmse,climatology,phihyd_surface,550,0.06699417034784953,0.06438907384872436,0.07075566500425338
rmse,climatology,phihyd_surface,560,0.06717801491419474,0.06365620344877243,0.07070076912641525
rmse,climatology,phihyd_surface,570,0.06732329924901327,0.06384767293930053,0.07084112465381623
rmse,climatology,phihyd_surface,580,0.06748594641685486,0.06454368382692337,0.0710567981004715
rmse,climatology,phihyd_surface,590,0.06774069170157114,0.06485456973314285,0.07137017250061035
rmse,climatology,phihyd_surface,600,0.06781296730041504,0.06406107097864151,0.07159252464771271
rmse,climatology,phihyd_surface,610,0.06772284706433614,0.06444272994995118,0.07172177881002426
rmse,climatology,phihyd_surface,620,0.06786203185717264,0.06471105217933655,0.07185029685497284
rmse,climatology,phihyd_surface,630,0.06820386052131652,0.06457141190767288,0.07208835780620575
rmse,climatology,phihyd_surface,640,0.06830773701270422,0.06483113169670104,0.07193062007427216
rmse,climatology,phihyd_surface,650,0.0683153952161471,0.06487345546483994,0.07163424491882324
rmse,climatology,phihyd_surface,660,0.06839638700087865,0.06497206389904023,0.07198628634214402
rmse,climatology,phihyd_surface,670,0.06852607081333796,0.06490826606750488,0.07214966565370559
rmse,climatology,phihyd_surface,680,0.06867485890785853,0.06514746397733688,0.0722455382347107
rmse,climatology,phihyd_surface,690,0.06893883794546127,0.06554954648017883,0.07220875471830368
rmse,climatology,phihyd_surface,700,0.06921577006578446,0.06554955393075942,0.07234105914831161
rmse,climatology,phihyd_surface,710,0.06926227311293284,0.06567202508449554,0.07241273820400237
rmse,climatology,phihyd_surface,720,0.0693404441078504,0.06599786281585693,0.07280274629592895
rmse,climatology,phihyd_surface,730,0.06953697403271993,0.06573043465614319,0.07301258444786071
rmse,climatology,phihyd_surface,740,0.06969877084096272,0.06599330753087998,0.07293496280908585
rmse,climatology,phihyd_surface,750,0.06982652594645818,0.06624484360218048,0.0727616474032402
rmse,climatology,phihyd_surface,760,0.07006445874770482,0.06677560955286026,0.07340418696403503
rmse,climatology,phihyd_surface,770,0.07014458527167639,0.06661339104175568,0.07311525642871856
rmse,climatology,phihyd_surface,780,0.07006184111038843,0.06661277562379837,0.07290648221969605
rmse,climatology,phihyd_surface,790,0.070198293030262,0.06710234433412551,0.07286598235368728
rmse,climatology,phihyd_surface,800,0.07056573331356049,0.0671066775918007,0.07312309890985488
rmse,climatology,phihyd_surface,810,0.07073295911153157,0.06763112545013428,0.0733994722366333
rmse,climatology,phihyd_surface,820,0.070741468667984,0.06761541068553925,0.07335146963596344
rmse,climatology,phihyd_surface,830,0.07081401993830999,0.06759387850761414,0.0735654816031456
rmse,climatology,phihyd_surface,840,0.0709429050485293,0.06751887500286102,0.07359071522951126
rmse,climatology,phihyd_surface,850,0.07104972451925277,0.0677744135260582,0.07379255443811417
rmse,climatology,phihyd_surface,860,0.07123499264319738,0.06801234483718872,0.07383691668510436
rmse,climatology,phihyd_surface,870,0.07142887612183889,0.06796371340751647,0.0738260343670845
rmse,climatology,phihyd_surface,880,0.07143098761638006,0.06813415884971619,0.07394192516803741
rmse,climatology,phihyd_surface,890,0.07148151298364004,0.068269544839859,0.07420585602521897
rmse,climatology,phihyd_surface,900,0.07167026301225027,0.0680185928940773,0.07440330535173416
rmse,climatology,phihyd_surface,910,0.0718416432539622,0.06833456754684449,0.07453331947326661
rmse,climatology,phihyd_surface,920,0.07192510316769282,0.06853393465280533,0.07444153279066086
rmse,climatology,phihyd_surface,930,0.07213419079780578,0.06910956352949142,0.07486369907855987
rmse,climatology,phihyd_surface,940,0.07222816050052643,0.0689722865819931,0.07487318366765976
rmse,climatology,phihyd_surface,950,0.07213773280382156,0.0688880130648613,0.07488739341497422
rmse,climatology,phihyd_surface,960,0.07221456517775854,0.06939126998186111,0.07494803816080094
rmse,climatology,phihyd_surface,970,0.07255565424760183,0.06947533786296844,0.07510308474302292
rmse,climatology,phihyd_surface,980,0.07278061260779699,0.07006223201751709,0.07537694871425629
rmse,climatology,phihyd_surface,990,0.07281951556603114,0.06995398849248886,0.07550816386938095
rmse,climatology,phihyd_surface,1000,0.07289772629737853,0.07024735063314438,0.07563105523586273
rmse,climatology,phihyd_surface,1010,0.07302345335483551,0.070157490670681,0.07603489607572556
rmse,climatology,phihyd_surface,1020,0.07313222487767537,0.07035456597805023,0.07622909098863602
rmse,climatology,phihyd_surface,1030,0.0733318159977595,0.07070021629333496,0.07616644948720933
rmse,climatology,phihyd_surface,1040,0.07354649007320405,0.0708831086754799,0.07620541751384735
rmse,climatology,phihyd_surface,1050,0.07355782637993495,0.07083269655704498,0.07624879330396653
rmse,climatology,phihyd_surface,1060,0.07354619751373927,0.07107640355825424,0.07634862214326858
rmse,climatology,phihyd_surface,1070,0.0736908550063769,0.0710259273648262,0.0765899121761322
rmse,climatology,phihyd_surface,1080,0.07389150162537893,0.07155916541814804,0.07667308896780015
rmse,climatology,phihyd_surface,1090,0.07400419066349666,0.07162489593029023,0.07664017528295516
rmse,climatology,phihyd_surface,1100,0.07424670110146205,0.0722238227725029,0.07710910886526108
rmse,climatology,phihyd_surface,1110,0.07439347058534622,0.07193599194288254,0.07698055058717727
rmse,climatology,phihyd_surface,1120,0.07435546666383744,0.07180400788784028,0.07707994282245637
rmse,climatology,phihyd_surface,1130,0.07442876448233922,0.07225374579429626,0.07716080397367478
rmse,climatology,phihyd_surface,1140,0.07472979525725047,0.07221401929855346,0.0773472398519516
rmse,climatology,phihyd_surface,1150,0.07493343005577723,0.07240738868713378,0.07763552069664001
rmse,climatology,phihyd_surface,1160,0.07491707702477773,0.07248878031969071,0.07777650505304337
rmse,climatology,phihyd_surface,1170,0.07495966752370199,0.07239376157522201,0.07799944579601288
rmse,climatology,phihyd_surface,1180,0.075088303287824,0.07214615792036057,0.07840154618024826
rmse,climatology,phihyd_surface,1190,0.07522125840187073,0.07256154716014862,0.07872173339128494
rmse,climatology,phihyd_surface,1200,0.07544659773508708,0.07247696816921234,0.0786740630865097
rmse,climatology,phihyd_surface,1210,0.07569334457317987,0.07300317734479904,0.07872570306062698
rmse,climatology,phihyd_surface,1220,0.07576176871856054,0.07305400222539901,0.07899722903966903
rmse,climatology,phihyd_surface,1230,0.07575051188468933,0.07314052879810333,0.07909212410449981
rmse,climatology,phihyd_surface,1240,0.07586564670006433,0.07288095206022263,0.07936098128557205
rmse,climatology,phihyd_surface,1250,0.07604431211948395,0.0727488249540329,0.07945661693811416
rmse,climatology,phihyd_surface,1260,0.07612720727920533,0.07332992255687713,0.07960196435451508
rmse,climatology,phihyd_surface,1270,0.0763566811879476,0.07379122078418732,0.07999467253684997
rmse,climatology,phihyd_surface,1280,0.07652195195357005,0.07338001430034638,0.08001681715250016
rmse,climatology,phihyd_surface,1290,0.0764829104145368,0.07321011573076248,0.080233396589756
rmse,climatology,phihyd_surface,1300,0.07649571349223455,0.07329443842172623,0.08014681488275528
rmse,climatology,phihyd_surface,1310,0.07675029387076696,0.07336775064468384,0.08055012524127961
rmse,climatology,phihyd_surface,1320,0.07699180295070013,0.0737685427069664,0.08066600561141968
rmse,climatology,phihyd_surface,1330,0.07700900435447693,0.07357941716909408,0.0805379405617714
rmse,climatology,phihyd_surface,1340,0.07706974993149439,0.07387088388204574,0.08042608946561813
rmse,climatology,phihyd_surface,1350,0.0771998683611552,0.07372502982616425,0.08075161129236222
rmse,climatology,phihyd_surface,1360,0.07732462485631307,0.0739834189414978,0.08092616498470306
rmse,climatology,phihyd_surface,1370,0.0775407279531161,0.07429697960615159,0.08081014305353165
rmse,climatology,phihyd_surface,1380,0.07781011114517848,0.07458946257829666,0.08091970831155777
rmse,climatology,phihyd_surface,1390,0.0779503474632899,0.0745196908712387,0.08110164105892181
rmse,climatology,phihyd_surface,1400,0.07796630362669627,0.07454331070184708,0.08108266741037369
rmse,climatology,phihyd_surface,1410,0.0780879482626915,0.07476008534431458,0.08154400736093521
rmse,climatology,phihyd_surface,1420,0.07827367683251699,0.07482453882694244,0.0814871072769165
rmse,climatology,phihyd_surface,1430,0.07834451148907344,0.07492426335811615,0.08117416948080063
rmse,climatology,phihyd_surface,1440,0.07853959202766418,0.07553500235080719,0.08129700720310211
rmse,climatology,phihyd_surface,1450,0.07870070785284042,0.07537943124771118,0.08139181435108185
rmse,climatology,phihyd_surface,1460,0.07868080735206603,0.0751831129193306,0.08110377341508865
rmse,climatology,phihyd_surface,1470,0.078688516219457,0.07544233351945877,0.08109091222286224
rmse,climatology,phihyd_surface,1480,0.07894599934418996,0.07568032145500184,0.08130743354558945
rmse,climatology,phihyd_surface,1490,0.07923960785071055,0.07623318582773209,0.08164980858564377
rmse,climatology,phihyd_surface,1500,0.07928117314974467,0.07613168209791184,0.08148251175880432
rmse,climatology,phihyd_surface,1510,0.079342287282149,0.07633383572101593,0.08205389082431794
rmse,climatology,phihyd_surface,1520,0.07946712970733642,0.07611146122217179,0.08188706636428833
rmse,climatology,phihyd_surface,1530,0.07957003017266591,0.07633456289768219,0.08219747990369797
rmse,climatology,phihyd_surface,1540,0.07972123523553212,0.0765509307384491,0.08227428942918777
rmse,climatology,phihyd_surface,1550,0.07991653879483542,0.07677672654390336,0.08229346126317978
rmse,climatology,phihyd_surface,1560,0.08003134379784266,0.07668453603982925,0.08258280754089356
rmse,climatology,phihyd_surface,1570,0.08002537290255228,0.07663693130016327,0.08251490145921707
rmse,climatology,phihyd_surface,1580,0.08013877322276433,0.07702506482601165,0.08299793452024459
rmse,climatology,phihyd_surface,1590,0.08032017995913823,0.07704723924398423,0.08295631408691406
rmse,climatology,phihyd_surface,1600,0.08037740439176559,0.07706557959318161,0.08296783864498139
rmse,climatology,phihyd_surface,1610,0.08053368330001831,0.07765417546033859,0.08306933492422104
rmse,climatology,phihyd_surface,1620,0.08069837292035421,0.07756027728319168,0.08322462141513824
rmse,climatology,phihyd_surface,1630,0.08069254557291666,0.07745118588209152,0.08329446464776993
rmse,climatology,phihyd_surface,1640,0.0806572859485944,0.07761851698160172,0.0832790657877922
rmse,climatology,phihyd_surface,1650,0.08086989174286524,0.07804457247257232,0.08358638137578964
rmse,climatology,phihyd_surface,1660,0.08118073145548503,0.07852945774793625,0.08370847553014756
rmse,climatology,phihyd_surface,1670,0.08124813983837763,0.07857444882392883,0.08374537825584412
rmse,climatology,phihyd_surface,1680,0.08130780657132466,0.0787326455116272,0.08396093994379043
rmse,climatology,phihyd_surface,1690,0.08142181485891342,0.07872938215732575,0.08428925275802612
rmse,climatology,phihyd_surface,1700,0.0815327674150467,0.07889520078897476,0.0845231831073761
rmse,climatology,phihyd_surface,1710,0.08169003824392955,0.07914438992738723,0.08459254503250122
rmse,climatology,phihyd_surface,1720,0.08190162579218546,0.07945806682109832,0.08449986428022385
rmse,climatology,phihyd_surface,1730,0.08204785784085591,0.07938578575849534,0.08469886034727096
rmse,climatology,phihyd_surface,1740,0.08202339907487234,0.07944620996713639,0.08464610427618027
rmse,climatology,phihyd_surface,1750,0.08211500644683838,0.07990474104881287,0.08512269109487533
rmse,climatology,phihyd_surface,1760,0.08231753458579381,0.08002745658159256,0.08504442721605301
rmse,climatology,phihyd_surface,1770,0.08243152598539988,0.08018612116575241,0.08512906730175018
rmse,climatology,phihyd_surface,1780,0.08261001209417979,0.08062139600515365,0.08523481786251068
rmse,climatology,phihyd_surface,1790,0.08282096932331721,0.0805449590086937,0.08543945848941803
rmse,climatology,phihyd_surface,1800,0.08287980308135351,0.0803168073296547,0.08566777855157852
rmse,climatology,phihyd_surface,1810,0.08286035805940628,0.0806776151061058,0.08562911003828048
rmse,climatology,phihyd_surface,1820,0.0830426221092542,0.08097051829099655,0.08592476844787597
rmse,climatology,phihyd_surface,1830,0.08332790484031041,0.08096689134836196,0.08600776493549347
rmse,climatology,phihyd_surface,1840,0.0833756223320961,0.08078316450119019,0.0861367017030716
rmse,climatology,phihyd_surface,1850,0.08340302109718323,0.08078544586896896,0.08643725514411926
rmse,climatology,phihyd_surface,1860,0.0835070937871933,0.08088245987892151,0.0867998406291008
rmse,climatology,phihyd_surface,1870,0.08364013383785883,0.08108075112104415,0.0870896264910698
rmse,climatology,phihyd_surface,1880,0.08380565494298935,0.0809923380613327,0.08724765777587891
rmse,climatology,phihyd_surface,1890,0.0840289314587911,0.08126279264688492,0.08724968880414963
rmse,climatology,phihyd_surface,1900,0.08421140958865483,0.08124573826789856,0.08751367628574372
rmse,climatology,phihyd_surface,1910,0.08419967244068781,0.0815839096903801,0.08771078139543534
rmse,climatology,phihyd_surface,1920,0.08426515559355417,0.08164486736059189,0.08817689716815949
rmse,climatology,phihyd_surface,1930,0.0844264050324758,0.08118622303009033,0.08812481164932251
rmse,climatology,phihyd_surface,1940,0.08451696087916692,0.08113770931959152,0.08829227536916733
rmse,climatology,phihyd_surface,1950,0.08463482012351355,0.08167318999767303,0.08806246519088745
rmse,climatology,phihyd_surface,1960,0.08480641692876816,0.08170857131481171,0.08842989057302475
rmse,climatology,phihyd_surface,1970,0.08483663549025854,0.08134101033210754,0.08803595751523971
rmse,climatology,phihyd_surface,1980,0.08476267208655676,0.08144325017929077,0.08806865811347961
rmse,climatology,phihyd_surface,1990,0.08489741136630376,0.081765216588974,0.0882702812552452
rmse,climatology,phihyd_surface,2000,0.08520227620999019,0.08189353793859482,0.08812665939331055
rmse,persistence,phihyd_surface,0,0.0,0.0,0.0
rmse,persistence,phihyd_surface,10,0.010182256530970334,0.007837671041488649,0.012259475514292717
rmse,persistence,phihyd_surface,20,0.015910394986470542,0.01368479523807764,0.018782074749469756
rmse,persistence,phihyd_surface,30,0.01898232102394104,0.016912510618567467,0.02104645296931267
rmse,persistence,phihyd_surface,40,0.023090865711371103,0.019866061955690385,0.026520794630050658
rmse,persistence,phihyd_surface,50,0.026819317042827605,0.02353983335196972,0.029501819610595705
rmse,persistence,phihyd_surface,60,0.028702687720457712,0.024942293390631677,0.03215681686997414
rmse,persistence,phihyd_surface,70,0.030361282204588256,0.026607538759708404,0.03425607979297638
rmse,persistence,phihyd_surface,80,0.031723083555698396,0.02947077453136444,0.03528487682342529
rmse,persistence,phihyd_surface,90,0.03126896731555462,0.028856055811047554,0.034733247756958005
rmse,persistence,phihyd_surface,100,0.029796357452869415,0.02643309123814106,0.03357672020792961
rmse,persistence,phihyd_surface,110,0.029120703414082526,0.025774454325437547,0.03303473144769668
rmse,persistence,phihyd_surface,120,0.028099453697601955,0.024343269318342207,0.03195893689990044
rmse,persistence,phihyd_surface,130,0.02399270621438821,0.021768366172909736,0.02644923999905586
rmse,persistence,phihyd_surface,140,0.018958678220709166,0.01671829931437969,0.022240835800766943
rmse,persistence,phihyd_surface,150,0.016540214978158475,0.013103155419230461,0.020135533437132834
rmse,persistence,phihyd_surface,160,0.012506605995198091,0.01068168468773365,0.014771046675741672
rmse,persistence,phihyd_surface,170,0.0061388291418552395,0.0045182274654507635,0.009087749570608138
rmse,persistence,phihyd_surface,180,0.011360766800741355,0.008862550370395184,0.013591638579964638
rmse,persistence,phihyd_surface,190,0.016909080805877844,0.014354053139686584,0.020069941505789758
rmse,persistence,phihyd_surface,200,0.019848499322930972,0.017553424835205077,0.02194702923297882
rmse,persistence,phihyd_surface,210,0.02369432200988134,0.020598582178354263,0.027164490893483162
rmse,persistence,phihyd_surface,220,0.027415810028711955,0.023882849514484404,0.030206751450896262
rmse,persistence,phihyd_surface,230,0.029401386529207228,0.025819120183587074,0.03297273442149162
rmse,persistence,phihyd_surface,240,0.031004596998294196,0.027435778453946114,0.0344184473156929
rmse,persistence,phihyd_surface,250,0.032426025221745175,0.029903612658381463,0.0360412135720253
rmse,persistence,phihyd_surface,260,0.03217028627792994,0.029815173894166946,0.03555042073130608
rmse,persistence,phihyd_surface,270,0.030720180148879686,0.0276028536260128,0.03420243114233017
rmse,persistence,phihyd_surface,280,0.029913819829622903,0.026612463220953942,0.033334245532751085
rmse,persistence,phihyd_surface,290,0.029090266302227975,0.025155524536967278,0.03271931856870651
rmse,persistence,phihyd_surface,300,0.025354906047383944,0.023453344777226447,0.027439111098647117
rmse,persistence,phihyd_surface,310,0.020317668343583742,0.018734882399439812,0.023276055976748464
rmse,persistence,phihyd_surface,320,0.017796777561306952,0.014723256416618823,0.02081378847360611
rmse,persistence,phihyd_surface,330,0.01438078104207913,0.012801831029355526,0.016819120943546297
rmse,persistence,phihyd_surface,340,0.008703848471244176,0.007747279107570648,0.00973460152745247
rmse,persistence,phihyd_surface,350,0.012050909238557022,0.011081576719880104,0.013097633235156536
rmse,persistence,phihyd_surface,360,0.01745046346137921,0.01589498221874237,0.01982455253601074
rmse,persistence,phihyd_surface,370,0.020270783578356107,0.018541224673390387,0.022420981898903847
rmse,persistence,phihyd_surface,380,0.02387306330104669,0.02148147188127041,0.027368024736642838
rmse,persistence,phihyd_surface,390,0.027602328235904375,0.02469758875668049,0.030070228129625322
rmse,persistence,phihyd_surface,400,0.029696907227238018,0.026695052906870843,0.033007148653268814
rmse,persistence,phihyd_surface,410,0.03121132291853428,0.028366746753454207,0.034837839752435686
rmse,persistence,phihyd_surface,420,0.03267820241550604,0.030193935707211496,0.036771999299526216
rmse,persistence,phihyd_surface,430,0.032622359693050385,0.03008195161819458,0.03569413274526596
rmse,persistence,phihyd_surface,440,0.031214831521113713,0.027491454407572745,0.03442777171730995
rmse,persistence,phihyd_surface,450,0.03029207674165567,0.02657683603465557,0.03364763557910919
rmse,persistence,phihyd_surface,460,0.02963486003379027,0.025544045120477678,0.03333090096712112
rmse,persistence,phihyd_surface,470,0.026273237665494283,0.023865718767046927,0.028576863184571265
rmse,persistence,phihyd_surface,480,0.021245813742280007,0.01925247237086296,0.024712712690234184
rmse,persistence,phihyd_surface,490,0.018612667980293433,0.014782016538083554,0.02134239040315151
rmse,persistence,phihyd_surface,500,0.015671457226077715,0.012807682901620866,0.018042127415537835
rmse,persistence,phihyd_surface,510,0.010159438848495484,0.008344433829188347,0.013602730445563793
rmse,persistence,phihyd_surface,520,0.012266765162348748,0.010084632784128189,0.01527568157762289
rmse,persistence,phihyd_surface,530,0.017668419082959495,0.015065758675336837,0.020463341474533082
rmse,persistence,phihyd_surface,540,0.02050537479420503,0.018299193307757377,0.023200607672333718
rmse,persistence,phihyd_surface,550,0.023871901755531628,0.021238000690937044,0.027330752462148666
rmse,persistence,phihyd_surface,560,0.027618946259220442,0.023669685795903207,0.030539726838469505
rmse,persistence,phihyd_surface,570,0.02983764447271824,0.026570860296487808,0.03329835906624794
rmse,persistence,phihyd_surface,580,0.03125648486117522,0.02790258824825287,0.034558273106813434
rmse,persistence,phihyd_surface,590,0.032740333552161854,0.029567082598805427,0.036790207773447034
rmse,persistence,phihyd_surface,600,0.03285085583726565,0.03029070533812046,0.035693345963954924
rmse,persistence,phihyd_surface,610,0.03143307293454806,0.027216514572501183,0.03420499488711357
rmse,persistence,phihyd_surface,620,0.030338377381364506,0.026846766099333765,0.03295636549592018
rmse,persistence,phihyd_surface,630,0.029778807361920675,0.026190848648548128,0.033617136627435686
rmse,persistence,phihyd_surface,640,0.026728017379840215,0.024692122265696524,0.029378709942102434
rmse,persistence,phihyd_surface,650,0.02164249916871389,0.01964797228574753,0.024826832860708234
rmse,persistence,phihyd_surface,660,0.018776755097011724,0.01583876870572567,0.021518288180232048
rmse,persistence,phihyd_surface,670,0.016184594730536142,0.014192527160048485,0.018836184591054916
rmse,persistence,phihyd_surface,680,0.010891264987488587,0.010454451851546764,0.011384139582514764
rmse,persistence,phihyd_surface,690,0.012020583637058735,0.011271691881120205,0.012939065136015416
rmse,persistence,phihyd_surface,700,0.01757222811381022,0.01570235416293144,0.019902259483933447
rmse,persistence,phihyd_surface,710,0.020630120237668356,0.01886752061545849,0.02291041426360607
rmse,persistence,phihyd_surface,720,0.02389554095764955,0.0217618890106678,0.026846054941415787
rmse,persistence,phihyd_surface,730,0.02772121938566367,0.023932366445660592,0.03027420900762081
rmse,persistence,phihyd_surface,740,0.030179815987745922,0.02748475521802902,0.033746226131916045
rmse,persistence,phihyd_surface,750,0.0316579882055521,0.028736384585499763,0.03383226543664932
rmse,persistence,phihyd_surface,760,0.033249916260441145,0.030058710277080535,0.037027614563703536
rmse,persistence,phihyd_surface,770,0.033654324958721796,0.031241117045283318,0.03613334149122238
rmse,persistence,phihyd_surface,780,0.032461427400509515,0.02872047498822212,0.03473885953426361
rmse,persistence,phihyd_surface,790,0.03139678637186686,0.02781795561313629,0.03450296521186828
rmse,persistence,phihyd_surface,800,0.031048941239714623,0.028023619949817658,0.034824316203594205
rmse,persistence,phihyd_surface,810,0.028582282985250156,0.026548151671886445,0.031450874358415606
rmse,persistence,phihyd_surface,820,0.02391297680636247,0.021969517320394517,0.026656311005353928
rmse,persistence,phihyd_surface,830,0.021123170852661133,0.018621553480625153,0.023538853973150253
rmse,persistence,phihyd_surface,840,0.019148498276869454,0.01757081486284733,0.021876399219036103
rmse,persistence,phihyd_surface,850,0.014914185057083766,0.013689441978931427,0.015984324738383293
rmse,persistence,phihyd_surface,860,0.015001275390386582,0.013985979557037353,0.01614515222609043
rmse,persistence,phihyd_surface,870,0.019680097078283627,0.017788001149892808,0.022083042934536935
rmse,persistence,phihyd_surface,880,0.02257522443930308,0.02088443301618099,0.025075233727693557
rmse,persistence,phihyd_surface,890,0.02545053412516912,0.023111230880022048,0.027811673656105994
rmse,persistence,phihyd_surface,900,0.02906964495778084,0.025590113550424575,0.03137767091393471
rmse,persistence,phihyd_surface,910,0.03155945601562659,0.02881014458835125,0.03477884158492088
rmse,persistence,phihyd_surface,920,0.03293619453907013,0.029593876004219054,0.034707558900117876
rmse,persistence,phihyd_surface,930,0.03445613284905751,0.031193118542432785,0.038055256754159925
rmse,persistence,phihyd_surface,940,0.034987726559241615,0.03263419046998024,0.03710972741246223
rmse,persistence,phihyd_surface,950,0.033879786853988965,0.030617422610521316,0.03601106926798821
rmse,persistence,phihyd_surface,960,0.03269022131959597,0.029166875779628752,0.03603842332959175
rmse,persistence,phihyd_surface,970,0.032329301039377846,0.029713170230388643,0.03595540449023247
rmse,persistence,phihyd_surface,980,0.030241381376981735,0.028109661862254144,0.03295203372836113
rmse,persistence,phihyd_surface,990,0.025818736727039018,0.02408858872950077,0.02823950871825218
rmse,persistence,phihyd_surface,1000,0.022846003373463947,0.02047251835465431,0.02461509481072426
rmse,persistence,phihyd_surface,1010,0.021108784650762876,0.019115376099944115,0.023660847917199135
rmse,persistence,phihyd_surface,1020,0.017334900423884393,0.01633559465408325,0.018223951011896132
rmse,persistence,phihyd_surface,1030,0.01660049060980479,0.015631476975977422,0.017772266268730165
rmse,persistence,phihyd_surface,1040,0.020785943667093913,0.019245529547333717,0.022189588472247123
rmse,persistence,phihyd_surface,1050,0.023674226676424343,0.022009184956550597,0.025683684274554253
rmse,persistence,phihyd_surface,1060,0.02620799243450165,0.024186597019433976,0.02901904098689556
rmse,persistence,phihyd_surface,1070,0.029673530409733456,0.025936157256364823,0.03242077231407166
rmse,persistence,phihyd_surface,1080,0.032284734522302946,0.029809261485934258,0.03457534536719322
rmse,persistence,phihyd_surface,1090,0.033640006681283315,0.030802933126688005,0.036383312195539474
rmse,persistence,phihyd_surface,1100,0.035124457503358526,0.03170673251152038,0.039252739399671555
rmse,persistence,phihyd_surface,1110,0.03583546231190363,0.033082877099514005,0.038606831431388856
rmse,persistence,phihyd_surface,1120,0.034900325288375215,0.03245731219649315,0.03784394189715386
rmse,persistence,phihyd_surface,1130,0.03367399461567402,0.03006514683365822,0.03779893293976784
rmse,persistence,phihyd_surface,1140,0.03330005444586277,0.03059370219707489,0.0366221658885479
rmse,persistence,phihyd_surface,1150,0.03155348723133405,0.028606268391013146,0.034002989530563354
rmse,persistence,phihyd_surface,1160,0.02734057083725929,0.025112640485167502,0.02995181754231453
rmse,persistence,phihyd_surface,1170,0.02418428808450699,0.02160590551793575,0.026570625975728034
rmse,persistence,phihyd_surface,1180,0.0226194662352403,0.020152486860752106,0.025049413740634918
rmse,persistence,phihyd_surface,1190,0.019217172513405482,0.01766250468790531,0.021603550016880035
rmse,persistence,phihyd_surface,1200,0.017827854429682096,0.01655876636505127,0.02076050080358982
rmse,persistence,phihyd_surface,1210,0.021510519832372666,0.019459695369005204,0.02403436005115509
rmse,persistence,phihyd_surface,1220,0.024438751116394996,0.022756458446383476,0.026845191791653632
rmse,persistence,phihyd_surface,1230,0.026715687289834023,0.024939605221152305,0.02932989299297333
rmse,persistence,phihyd_surface,1240,0.02999895674486955,0.026490801572799684,0.03277459144592285
rmse,persistence,phihyd_surface,1250,0.032641784350077314,0.029737440496683122,0.035001906007528304
rmse,persistence,phihyd_surface,1260,0.033955017228921254,0.030415141582489015,0.036614027619361875
rmse,persistence,phihyd_surface,1270,0.03537865603963534,0.0319230780005455,0.039379905164241794
rmse,persistence,phihyd_surface,1280,0.03620491499702136,0.03423022031784058,0.03864281103014946
rmse,persistence,phihyd_surface,1290,0.0353682953864336,0.03289683163166046,0.038401421159505844
rmse,persistence,phihyd_surface,1300,0.0340410182873408,0.03129789493978023,0.03752676099538803
rmse,persistence,phihyd_surface,1310,0.033595935255289075,0.031214978918433188,0.036556608974933624
rmse,persistence,phihyd_surface,1320,0.032187708839774135,0.02964543178677559,0.03539179190993309
rmse,persistence,phihyd_surface,1330,0.028243550037344297,0.02637309953570366,0.03040933907032013
rmse,persistence,phihyd_surface,1340,0.0249153067668279,0.0232448048889637,0.026990944147109983
rmse,persistence,phihyd_surface,1350,0.023497825115919115,0.02177097536623478,0.025985196232795715
rmse,persistence,phihyd_surface,1360,0.020529267440239588,0.01992584243416786,0.021530074626207353
rmse,persistence,phihyd_surface,1370,0.018751202896237374,0.018663232028484345,0.01887793019413948
rmse,persistence,phihyd_surface,1380,0.02208115831017494,0.020852000638842582,0.023346174135804178
rmse,persistence,phihyd_surface,1390,0.02522462432583173,0.023657166585326194,0.027092179283499718
rmse,persistence,phihyd_surface,1400,0.02744678929448128,0.02590220458805561,0.029037581756711006
rmse,persistence,phihyd_surface,1410,0.030662152792016666,0.027827699854969978,0.033369611203670504
rmse,persistence,phihyd_surface,1420,0.03344716392457485,0.030848356336355208,0.03560416996479034
rmse,persistence,phihyd_surface,1430,0.034883419424295424,0.031818986684083936,0.03739550411701202
rmse,persistence,phihyd_surface,1440,0.03633428911368052,0.03316035121679306,0.03993599861860275
rmse,persistence,phihyd_surface,1450,0.037349486847718556,0.03551253080368042,0.04005875512957573
rmse,persistence,phihyd_surface,1460,0.03680278907219569,0.034431052207946775,0.03988578766584396
rmse,persistence,phihyd_surface,1470,0.035592573260267574,0.033288145810365675,0.03903892040252686
rmse,persistence,phihyd_surface,1480,0.035177831848462425,0.03277376666665077,0.03808174431324005
rmse,persistence,phihyd_surface,1490,0.03421097584068775,0.03133845403790474,0.03718406781554222
rmse,persistence,phihyd_surface,1500,0.03078422819574674,0.02892174944281578,0.03255439326167107
rmse,persistence,phihyd_surface,1510,0.027517639845609666,0.026034507155418395,0.02950804717838764
rmse,persistence,phihyd_surface,1520,0.026261777679125468,0.02474755682051182,0.02820456176996231
rmse,persistence,phihyd_surface,1530,0.02386481687426567,0.022913085669279097,0.025159063562750817
rmse,persistence,phihyd_surface,1540,0.0218699861317873,0.021339183673262596,0.02244313582777977
rmse,persistence,phihyd_surface,1550,0.02440336768825849,0.02362789735198021,0.025441058352589606
rmse,persistence,phihyd_surface,1560,0.027397800236940384,0.025946355238556863,0.029318978264927863
rmse,persistence,phihyd_surface,1570,0.02938024140894413,0.02811744771897793,0.030815744400024415
rmse,persistence,phihyd_surface,1580,0.032312966386477154,0.03027418367564678,0.0345503993332386
rmse,persistence,phihyd_surface,1590,0.03503340135018031,0.0328839048743248,0.03693410456180572
rmse,persistence,phihyd_surface,1600,0.036451642960309984,0.03362463042140007,0.03885069638490677
rmse,persistence,phihyd_surface,1610,0.0377728300789992,0.03496038466691971,0.041080990433692934
rmse,persistence,phihyd_surface,1620,0.03882118066151937,0.03710208460688591,0.04173353984951973
rmse,persistence,phihyd_surface,1630,0.03842912837862968,0.03659759610891342,0.041386612504720685
rmse,persistence,phihyd_surface,1640,0.03719449142615001,0.03462225422263145,0.040166544169187544
rmse,persistence,phihyd_surface,1650,0.03664437606930733,0.03430301994085312,0.03924736827611923
rmse,persistence,phihyd_surface,1660,0.03590923026204109,0.03264802619814873,0.03850789591670036
rmse,persistence,phihyd_surface,1670,0.03284189229210218,0.0313476674258709,0.034639864414930346
rmse,persistence,phihyd_surface,1680,0.02950286790728569,0.028249188512563705,0.031500575691461564
rmse,persistence,phihyd_surface,1690,0.028189843023816743,0.025875627994537354,0.030269139632582664
rmse,persistence,phihyd_surface,1700,0.02615756926437219,0.02488805875182152,0.027157264202833174
rmse,persistence,phihyd_surface,1710,0.023946269353230795,0.022987166419625282,0.02518643029034138
rmse,persistence,phihyd_surface,1720,0.025872101510564485,0.024780063331127165,0.027180403098464014
rmse,persistence,phihyd_surface,1730,0.0288186797251304,0.02730674259364605,0.03036494068801403
rmse,persistence,phihyd_surface,1740,0.030646340424815812,0.029046886786818504,0.032495413720607755
rmse,persistence,phihyd_surface,1750,0.033316092814008394,0.03089966028928757,0.036381032317876816
rmse,persistence,phihyd_surface,1760,0.03604683627684911,0.03374018296599388,0.038108035922050476
rmse,persistence,phihyd_surface,1770,0.03757003098726273,0.03448193222284317,0.04041330367326736
rmse,persistence,phihyd_surface,1780,0.03881002763907115,0.03649945184588432,0.042863454669713974
rmse,persistence,phihyd_surface,1790,0.03993730594714483,0.03780196532607079,0.04336449950933456
rmse,persistence,phihyd_surface,1800,0.03977771699428558,0.03733353242278099,0.04200995787978172
rmse,persistence,phihyd_surface,1810,0.03861491655309995,0.03543985188007355,0.041338611394166946
rmse,persistence,phihyd_surface,1820,0.03797179361184438,0.03479293063282966,0.0405951090157032
rmse,persistence,phihyd_surface,1830,0.03742084726691246,0.033741481602191925,0.04069257602095604
rmse,persistence,phihyd_surface,1840,0.034684554859995845,0.03257588148117065,0.03767772689461708
rmse,persistence,phihyd_surface,1850,0.031293280174334845,0.02964620143175125,0.033692116290330885
rmse,persistence,phihyd_surface,1860,0.029895817736784618,0.02756948247551918,0.03192028999328613
rmse,persistence,phihyd_surface,1870,0.0281729981303215,0.026719796657562255,0.029914374649524688
rmse,persistence,phihyd_surface,1880,0.025835455457369486,0.024823459237813948,0.028152627125382423
rmse,persistence,phihyd_surface,1890,0.027152840544780097,0.026007665693759917,0.02927555702626705
rmse,persistence,phihyd_surface,1900,0.030000951513648032,0.028537235409021377,0.03216556832194328
rmse,persistence,phihyd_surface,1910,0.03173314779996872,0.03019726574420929,0.03405398726463318
rmse,persistence,phihyd_surface,1920,0.03413284805913766,0.032121022790670396,0.036482305824756624
rmse,persistence,phihyd_surface,1930,0.03677509501576424,0.03406164422631264,0.03903467357158661
rmse,persistence,phihyd_surface,1940,0.03832153081893921,0.03558974638581276,0.041284972429275514
rmse,persistence,phihyd_surface,1950,0.039451988289753596,0.03686992526054382,0.04243576526641846
rmse,persistence,phihyd_surface,1960,0.040597194184859596,0.03846620544791222,0.04352364987134934
rmse,persistence,phihyd_surface,1970,0.040575868884722394,0.038545843213796616,0.04319739863276482
rmse,persistence,phihyd_surface,1980,0.039438204218943916,0.03619590699672699,0.04160658717155456
rmse,persistence,phihyd_surface,1990,0.03869750176866849,0.0360957071185112,0.040549947321414946
rmse,persistence,phihyd_surface,2000,0.038319241752227146,0.035539577901363376,0.041151534765958786
rmse,model,sst,0,0.0,0.0,0.0
rmse,model,sst,10,0.013023835482696693,0.011555904336273671,0.014099804870784282
rmse,model,sst,20,0.01726157162338495,0.01579690109938383,0.018773530423641206
rmse,model,sst,30,0.020189966882268588,0.018330894783139227,0.02333681732416153
rmse,model,sst,40,0.02373047893246015,0.02159842699766159,0.02799668088555336
rmse,model,sst,50,0.02742273434996605,0.02450590841472149,0.03217314928770065
rmse,model,sst,60,0.03126545486350854,0.02785358428955078,0.036528319120407104
rmse,model,sst,70,0.03529067921141783,0.030014336854219437,0.042149278521537784
rmse,model,sst,80,0.03992434094349543,0.03370557948946953,0.049064097553491594
rmse,model,sst,90,0.04532179559270541,0.037762855738401414,0.05579382479190827
rmse,model,sst,100,0.05166336347659429,0.04211056157946587,0.06380778104066849
rmse,model,sst,110,0.05892051011323929,0.0476019911468029,0.07206122279167175
rmse,model,sst,120,0.06696579679846763,0.054800378531217574,0.07996692210435867
rmse,model,sst,130,0.07530784979462624,0.06315250992774964,0.08752235621213914
rmse,model,sst,140,0.08355371952056885,0.07089000940322876,0.09465782195329667
rmse,model,sst,150,0.09159118135770163,0.07886582762002944,0.10232420563697815
rmse,model,sst,160,0.09922272066275278,0.08768822252750397,0.10893365442752838
rmse,model,sst,170,0.10606214851140976,0.0966488093137741,0.11472858637571334
rmse,model,sst,180,0.11199102203051249,0.10512531846761704,0.11924940794706344
rmse,model,sst,190,0.11679575840632121,0.11211820393800735,0.12276967912912369
rmse,model,sst,200,0.12007628480593363,0.11520133018493653,0.12465803623199463
rmse,model,sst,210,0.12219586124022802,0.11671319156885147,0.12660300433635713
rmse,model,sst,220,0.12351324756940206,0.11671525985002518,0.13022800385951996
rmse,model,sst,230,0.1242526630560557,0.11645884215831756,0.13204971551895142
rmse,model,sst,240,0.12444262405236563,0.11713645905256272,0.13282134234905243
rmse,model,sst,250,0.12462903012832006,0.11862696707248688,0.13293810188770294
rmse,model,sst,260,0.12462208320697149,0.11883212178945542,0.1326059341430664
rmse,model,sst,270,0.12468996345996856,0.1193417027592659,0.13203134536743164
rmse,model,sst,280,0.1253771071632703,0.1203625813126564,0.13059428930282593
rmse,model,sst,290,0.126515098909537,0.12152552157640457,0.13078067004680632
rmse,model,sst,300,0.12757734606663387,0.12293046563863755,0.13101940155029296
rmse,model,sst,310,0.12844650745391845,0.12364809811115265,0.13169479966163636
rmse,model,sst,320,0.12940047134955723,0.12407678812742233,0.1329119473695755
rmse,model,sst,330,0.1306937942902247,0.12543359100818635,0.13480980098247528
rmse,model,sst,340,0.13203462362289428,0.12741488814353943,0.13633923530578612
rmse,model,sst,350,0.13330204387505848,0.12821085155010223,0.13806841969490052
rmse,model,sst,360,0.1345990926027298,0.12901543080806732,0.14014430940151215
rmse,model,sst,370,0.1358326514561971,0.13131205439567567,0.1420150101184845
rmse,model,sst,380,0.1371464212735494,0.13302962183952333,0.14345846176147461
rmse,model,sst,390,0.13858188887437184,0.1340237706899643,0.14576249122619628
rmse,model,sst,400,0.1399516463279724,0.13403816223144532,0.14907066226005555
rmse,model,sst,410,0.14121720294157664,0.1338380366563797,0.15164291560649873
rmse,model,sst,420,0.1425859163204829,0.13470345139503478,0.15347254872322083
rmse,model,sst,430,0.14364178478717804,0.13537403345108032,0.15478091537952424
rmse,model,sst,440,0.1442367096741994,0.1365448385477066,0.15637120902538298
rmse,model,sst,450,0.1449051707983017,0.13732982575893402,0.15814733207225798
rmse,model,sst,460,0.14559019406636556,0.13827237188816072,0.15919052064418793
rmse,model,sst,470,0.14627946615219117,0.1386413425207138,0.1589951515197754
rmse,model,sst,480,0.14660959740479787,0.13859734833240508,0.15912879705429075
rmse,model,sst,490,0.14672532180945078,0.13728176057338715,0.15870482325553895
rmse,model,sst,500,0.14690936108430228,0.13712773025035857,0.15878237187862396
rmse,model,sst,510,0.14702310264110566,0.13771875500679015,0.15724782645702362
rmse,model,sst,520,0.14727040529251098,0.13922452330589294,0.15634328722953797
rmse,model,sst,530,0.14731956919034322,0.13935653269290924,0.15628097355365753
rmse,model,sst,540,0.14721100231011708,0.13870640099048615,0.1549802154302597
rmse,model,sst,550,0.14702609876791636,0.1400922179222107,0.15315667688846588
rmse,model,sst,560,0.14714022278785704,0.14139246940612793,0.1529945969581604
rmse,model,sst,570,0.14759608805179597,0.14124041199684143,0.15248458385467528
rmse,model,sst,580,0.1477701445420583,0.14101748764514924,0.153709676861763
rmse,model,sst,590,0.14798626601696013,0.14077669978141785,0.15596158504486085
rmse,model,sst,600,0.14798618853092194,0.14084481298923493,0.1558113843202591
rmse,model,sst,610,0.14808768332004546,0.13986704051494597,0.15591739416122435
rmse,model,sst,620,0.14840912918249766,0.13923180997371673,0.15613483786582946
rmse,model,sst,630,0.14936196208000183,0.1404643625020981,0.15632598400115966
rmse,model,sst,640,0.15003037552038828,0.14068769812583923,0.15664878785610198
rmse,model,sst,650,0.15034640928109486,0.13985351026058196,0.15752991437911987
rmse,model,sst,660,0.1507864624261856,0.14150263667106627,0.15768167972564698
rmse,model,sst,670,0.15134292443593342,0.14296442568302153,0.15752601623535156
rmse,model,sst,680,0.15214523871739705,0.14339370131492615,0.1581643342971802
rmse,model,sst,690,0.15273852745691935,0.14442967176437377,0.15932753086090087
rmse,model,sst,700,0.15301134288311005,0.14469133913517,0.1601247638463974
rmse,model,sst,710,0.15291745861371359,0.14385581612586976,0.16027257740497589
rmse,model,sst,720,0.15265394548575084,0.14328163266181945,0.1596495032310486
rmse,model,sst,730,0.15272358159224192,0.14253093302249908,0.16114003360271453
rmse,model,sst,740,0.1529637982447942,0.14192283749580384,0.16269405782222748
rmse,model,sst,750,0.15302739242712657,0.1415234088897705,0.16337611377239228
rmse,model,sst,760,0.15312645932038624,0.14119457006454467,0.16491818130016328
rmse,model,sst,770,0.15344471434752147,0.14200282394886016,0.16709229350090027
rmse,model,sst,780,0.1535851905743281,0.14324195683002472,0.1660253405570984
rmse,model,sst,790,0.1540546993414561,0.14404461681842803,0.16629514396190642
rmse,model,sst,800,0.15472190479437511,0.14468620121479034,0.1670974910259247
rmse,model,sst,810,0.15517070293426513,0.14557450711727143,0.16767350137233733
rmse,model,sst,820,0.15565786262353262,0.14655523002147675,0.16826904118061065
rmse,model,sst,830,0.1561549206574758,0.14737463891506195,0.16835165917873382
rmse,model,sst,840,0.15683830976486207,0.14716722965240478,0.17005588710308076
rmse,model,sst,850,0.15736003518104552,0.14706259965896606,0.1710051029920578
rmse,model,sst,860,0.15813239713509877,0.1477949231863022,0.1710892379283905
rmse,model,sst,870,0.15901631514231365,0.14919801652431489,0.17294881939888002
rmse,model,sst,880,0.15991978744665783,0.1503394991159439,0.1746243953704834
rmse,model,sst,890,0.1606775442759196,0.15054777264595032,0.1755355030298233
rmse,model,sst,900,0.1614760935306549,0.15084968507289886,0.17720746397972106
rmse,model,sst,910,0.1624242752790451,0.15081256330013276,0.17824488282203674
rmse,model,sst,920,0.16317018369833627,0.15129835307598113,0.17855145335197448
rmse,model,sst,930,0.16405145426591236,0.151598459482193,0.18015237152576447
rmse,model,sst,940,0.16461915969848634,0.1510368138551712,0.18115415573120117
rmse,model,sst,950,0.16479040880997975,0.15084718465805053,0.17959885895252228
rmse,model,sst,960,0.1650973121325175,0.15141341090202332,0.1797115236520767
rmse,model,sst,970,0.16591934263706207,0.15135754346847535,0.18112168312072754
rmse,model,sst,980,0.1669584443171819,0.15122109651565552,0.18214266002178192
rmse,model,sst,990,0.16785751183827718,0.15299033522605895,0.18310196995735167
rmse,model,sst,1000,0.16877437829971315,0.15421388149261475,0.1842218220233917
rmse,model,sst,1010,0.16963197390238444,0.15446821749210357,0.18550485968589783
rmse,model,sst,1020,0.1702616234620412,0.15517654716968537,0.1864888399839401
rmse,model,sst,1030,0.17085126141707102,0.15631887018680574,0.1873147577047348
rmse,model,sst,1040,0.1714627871910731,0.15825367867946624,0.18861013054847717
rmse,model,sst,1050,0.1721146325270335,0.1597418427467346,0.18929450511932372
rmse,model,sst,1060,0.17247047424316406,0.16001171469688416,0.18901913464069367
rmse,model,sst,1070,0.17307566901048024,0.16041701436042785,0.18958249390125276
rmse,model,sst,1080,0.17388815581798553,0.1601165324449539,0.19138417840003968
rmse,model,sst,1090,0.1746176173289617,0.16073177754878998,0.19202347695827485
rmse,model,sst,1100,0.17523591816425324,0.16167515218257905,0.1925689846277237
rmse,model,sst,1110,0.1757704218228658,0.1617773711681366,0.1932898998260498
rmse,model,sst,1120,0.176476389169693,0.1627021849155426,0.19334646463394164
rmse,model,sst,1130,0.17735476195812225,0.16525940001010894,0.19392618238925935
rmse,model,sst,1140,0.1785992681980133,0.16726450026035308,0.19499680995941163
rmse,model,sst,1150,0.1796814868847529,0.16808206140995025,0.1960285097360611
rmse,model,sst,1160,0.18044771552085875,0.16955966353416443,0.1955232322216034
rmse,model,sst,1170,0.18119687239329021,0.17024053037166595,0.19565945863723755
rmse,model,sst,1180,0.181918794910113,0.1710475951433182,0.19570257067680358
rmse,model,sst,1190,0.18288873334725697,0.17152231633663179,0.19681851267814637
rmse,model,sst,1200,0.18392841021219888,0.17311503887176513,0.199237596988678
rmse,model,sst,1210,0.18489550749460856,0.1746402710676193,0.20063915550708772
rmse,model,sst,1220,0.1855412781238556,0.17545672059059142,0.20184706151485443
rmse,model,sst,1230,0.18597268760204316,0.17537825405597687,0.20247984826564788
rmse,model,sst,1240,0.18639950454235077,0.17467684149742127,0.202755007147789
rmse,model,sst,1250,0.18716106514135997,0.17391989827156068,0.20394300520420075
rmse,model,sst,1260,0.18785277307033538,0.1731848657131195,0.20538143813610077
rmse,model,sst,1270,0.1884900023539861,0.17290359139442443,0.20539768636226655
rmse,model,sst,1280,0.1894373079140981,0.17261459827423095,0.20693466067314148
rmse,model,sst,1290,0.1901490052541097,0.17185004949569702,0.20815807580947876
rmse,model,sst,1300,0.19066380560398102,0.17227016091346742,0.2069041907787323
rmse,model,sst,1310,0.19160192608833312,0.17231447100639344,0.2071796774864197
rmse,model,sst,1320,0.19264365136623382,0.1717280238866806,0.20992660522460938
rmse,model,sst,1330,0.19337121844291688,0.17207062542438506,0.21196713149547577
rmse,model,sst,1340,0.19406470557053884,0.1720726430416107,0.21442667841911317
rmse,model,sst,1350,0.19460296432177226,0.17321008145809175,0.21692770719528198
rmse,model,sst,1360,0.19521509806315104,0.17438375651836396,0.218850103020668
rmse,model,sst,1370,0.19585038820902506,0.17453932464122773,0.2198042631149292
rmse,model,sst,1380,0.19628536601861318,0.17424390614032745,0.2206053763628006
rmse,model,sst,1390,0.1965586205323537,0.17502234876155853,0.2216349482536316
rmse,model,sst,1400,0.1964762528737386,0.17530869245529174,0.22162392139434814
rmse,model,sst,1410,0.19642268419265746,0.17505950927734376,0.22038569450378417
rmse,model,sst,1420,0.19655947089195253,0.173953515291214,0.22023842334747315
rmse,model,sst,1430,0.1965368817249934,0.17259509563446046,0.22098406553268432
rmse,model,sst,1440,0.19644354085127513,0.1712716430425644,0.22098017632961273
rmse,model,sst,1450,0.19684011936187745,0.17084670960903167,0.22091865837574004
rmse,model,sst,1460,0.19742877880732218,0.17055051624774933,0.22170435786247253
rmse,model,sst,1470,0.19776371121406555,0.17106882631778716,0.22149344384670258
rmse,model,sst,1480,0.1983200659354528,0.17163017988204957,0.22068148851394653
rmse,model,sst,1490,0.19885430932044984,0.17099498808383942,0.22042205035686493
rmse,model,sst,1500,0.1992612212896347,0.17118603885173797,0.22049220204353331
rmse,model,sst,1510,0.19957764546076456,0.17208052575588226,0.21999864280223846
rmse,model,sst,1520,0.19960748851299287,0.1730447918176651,0.2205216705799103
rmse,model,sst,1530,0.19971359372138978,0.17366201877593995,0.22059206068515777
rmse,model,sst,1540,0.19969759086767833,0.1746053785085678,0.22102942764759065
rmse,model,sst,1550,0.19957262972990672,0.17558540999889374,0.22146761417388916
rmse,model,sst,1560,0.19943363964557648,0.17613304853439332,0.22181506752967833
rmse,model,sst,1570,0.19901341696580252,0.17623353898525237,0.22178241610527039
rmse,model,sst,1580,0.19851928452650705,0.17603358030319213,0.22081722021102904
rmse,model,sst,1590,0.1983287215232849,0.17552719116210938,0.22095920741558076
rmse,model,sst,1600,0.19790718754132589,0.17432025969028472,0.22183454036712646
rmse,model,sst,1610,0.19739388128121693,0.17337972223758696,0.22218902111053465
rmse,model,sst,1620,0.197414834300677,0.17297015488147735,0.2233116865158081
rmse,model,sst,1630,0.1975095808506012,0.1728054702281952,0.22276587784290314
rmse,model,sst,1640,0.1972733199596405,0.17257364690303803,0.22161871194839478
rmse,model,sst,1650,0.19727211097876232,0.17345642447471618,0.22094818949699402
rmse,model,sst,1660,0.19749080737431843,0.17418321073055268,0.2206556260585785
rmse,model,sst,1670,0.19762338598569235,0.17393717765808106,0.22000962495803833
rmse,model,sst,1680,0.19766295353571575,0.174026021361351,0.21953678429126738
rmse,model,sst,1690,0.19754207332928975,0.17446512281894683,0.21941049993038178
rmse,model,sst,1700,0.19756943980852762,0.17645802199840546,0.21879974603652955
rmse,model,sst,1710,0.1974664847056071,0.1775764137506485,0.21811599433422088
rmse,model,sst,1720,0.19712315003077188,0.1778992384672165,0.21754603385925292
rmse,model,sst,1730,0.19691754678885143,0.17692475914955139,0.21711562871932982
rmse,model,sst,1740,0.19659795264403027,0.17540334463119506,0.21638774573802946
rmse,model,sst,1750,0.19615883827209474,0.17456453144550324,0.21527751684188842
rmse,model,sst,1760,0.19594686627388,0.17404690086841584,0.2149736702442169
rmse,model,sst,1770,0.19574250181516012,0.17369005382061004,0.21518567502498626
rmse,model,sst,1780,0.19529705544312795,0.1737039566040039,0.21488980054855347
rmse,model,sst,1790,0.19513872861862183,0.17462110221385957,0.21407907903194426
rmse,model,sst,1800,0.19501778185367585,0.175109800696373,0.21311516761779786
rmse,model,sst,1810,0.19453773299853008,0.17507336139678956,0.211815944314003
rmse,model,sst,1820,0.19434115489323933,0.17574868500232696,0.21021539568901063
rmse,model,sst,1830,0.19441841244697572,0.17659179866313934,0.20843438506126405
rmse,model,sst,1840,0.19455305635929107,0.1765558272600174,0.20709151923656463
rmse,model,sst,1850,0.1946049412091573,0.17633172273635864,0.20680693686008453
rmse,model,sst,1860,0.19446971913178762,0.17590516209602355,0.2062455713748932
rmse,model,sst,1870,0.19452734291553497,0.1750483840703964,0.20629126131534575
rmse,model,sst,1880,0.19431037902832032,0.17442469596862792,0.20592225790023805
rmse,model,sst,1890,0.1937890221675237,0.17333828806877136,0.205245304107666
rmse,model,sst,1900,0.19357424974441528,0.17195186018943787,0.20528032183647155
rmse,model,sst,1910,0.19327126344045004,0.170749169588089,0.20537698566913604
rmse,model,sst,1920,0.19291167656580607,0.1699419289827347,0.20497257113456727
rmse,model,sst,1930,0.19277763863404593,0.16935164034366607,0.20573318898677825
rmse,model,sst,1940,0.19280331929524738,0.1694944053888321,0.20668672621250153
rmse,model,sst,1950,0.19265411794185638,0.16936514675617217,0.20648176074028016
rmse,model,sst,1960,0.19271889527638753,0.1691673904657364,0.20633541643619538
rmse,model,sst,1970,0.19291278819243113,0.1691802442073822,0.2069223165512085
rmse,model,sst,1980,0.19273992578188578,0.1691640645265579,0.20761778056621552
rmse,model,sst,1990,0.1927671402692795,0.16878593266010283,0.20764915347099305
rmse,model,sst,2000,0.19304797649383545,0.16916174590587615,0.2076745808124542
rmse,climatology,sst,0,0.0389265276491642,0.035574182868003845,0.04028378054499626
rmse,climatology,sst,10,0.03923815041780472,0.03736589401960373,0.04099519625306129
rmse,climatology,sst,20,0.039320103575785956,0.03762618154287338,0.040531442314386365
rmse,climatology,sst,30,0.038740519682566324,0.037184206396341325,0.040703299641609195
rmse,climatology,sst,40,0.03858900268872579,0.03573226556181908,0.04099956303834915
rmse,climatology,sst,50,0.03869208519657453,0.035776589065790176,0.04141226857900619
rmse,climatology,sst,60,0.03892315253615379,0.03620801270008087,0.04084012880921364
rmse,climatology,sst,70,0.03883726025621096,0.03657793998718262,0.04039426445960999
rmse,climatology,sst,80,0.03889933948715528,0.03720342889428139,0.040493494272232054
rmse,climatology,sst,90,0.0385918083290259,0.036352936178445816,0.04007422626018524
rmse,climatology,sst,100,0.03808314949274063,0.03563640341162681,0.03997560814023018
rmse,climatology,sst,110,0.03846561486522357,0.03538846671581268,0.04068335667252541
rmse,climatology,sst,120,0.0391620268424352,0.0369360975921154,0.040663623809814455
rmse,climatology,sst,130,0.03905573238929113,0.036967542767524716,0.04051199331879616
rmse,climatology,sst,140,0.03854350820183754,0.03628925234079361,0.04055894613265991
rmse,climatology,sst,150,0.03847473462422689,0.036773454397916794,0.04018149375915527
rmse,climatology,sst,160,0.03876204937696457,0.03648825287818909,0.04059707745909691
rmse,climatology,sst,170,0.039192409813404085,0.03596422746777535,0.04108245670795441
rmse,climatology,sst,180,0.03954434792200724,0.0378026694059372,0.04160578474402428
rmse,climatology,sst,190,0.039666857073704404,0.03801183849573135,0.04131584540009499
rmse,climatology,sst,200,0.0391374833881855,0.037005302309989926,0.04073157012462616
rmse,climatology,sst,210,0.03894718736410141,0.036845603585243226,0.041131512820720674
rmse,climatology,sst,220,0.039013138661781945,0.0360864095389843,0.041439615190029144
rmse,climatology,sst,230,0.03928909674286842,0.03607980981469154,0.04221329838037491
rmse,climatology,sst,240,0.03928377578655879,0.037222766876220705,0.04152922257781029
rmse,climatology,sst,250,0.039394378165404004,0.037359080463647845,0.040860824286937714
rmse,climatology,sst,260,0.03917150224248568,0.03787416815757751,0.040325429290533066
rmse,climatology,sst,270,0.038594473898410794,0.035747194290161134,0.041040093451738355
rmse,climatology,sst,280,0.038892330477635066,0.03569264784455299,0.041796446591615674
rmse,climatology,sst,290,0.03954295342167218,0.03681600540876388,0.04184556677937508
rmse,climatology,sst,300,0.03950322071711222,0.03669897019863129,0.04123248979449272
rmse,climatology,sst,310,0.038967961569627126,0.03685956448316574,0.040392880141735074
rmse,climatology,sst,320,0.03876896525422732,0.03676007017493248,0.04019445404410362
rmse,climatology,sst,330,0.03901253615816434,0.0367580384016037,0.04072318896651268
rmse,climatology,sst,340,0.039333031078179675,0.03730050250887871,0.04114143699407578
rmse,climatology,sst,350,0.03970204119880994,0.03842826262116432,0.040792157500982286
rmse,climatology,sst,360,0.03977415512005488,0.03860125839710236,0.04086871892213821
rmse,climatology,sst,370,0.03922105406721433,0.03733905926346779,0.040893657505512236
rmse,climatology,sst,380,0.03893251071373622,0.03676949143409729,0.04075540006160736
rmse,climatology,sst,390,0.03892797057827314,0.036288332939147946,0.04078308492898941
rmse,climatology,sst,400,0.039199275771776836,0.036311205476522446,0.041010621935129166
rmse,climatology,sst,410,0.039177962392568585,0.03710019960999489,0.04088482037186623
rmse,climatology,sst,420,0.03924319545427958,0.037356197088956836,0.040992462635040285
rmse,climatology,sst,430,0.039126329123973846,0.03758440688252449,0.04028929993510246
rmse,climatology,sst,440,0.03859675228595734,0.035973739624023435,0.04058179408311844
rmse,climatology,sst,450,0.038875288764635724,0.036123715341091156,0.04096135273575783
rmse,climatology,sst,460,0.0395233042538166,0.037233800441026685,0.04109750390052795
rmse,climatology,sst,470,0.03961017181475957,0.03667069897055626,0.0419235073029995
rmse,climatology,sst,480,0.0391746590534846,0.03701706826686859,0.04102122187614441
rmse,climatology,sst,490,0.038961848119894664,0.036649566143751144,0.04074745252728462
rmse,climatology,sst,500,0.03924075911442439,0.03702825680375099,0.04068201258778572
rmse,climatology,sst,510,0.03952258303761482,0.03730960935354233,0.041575784981250766
rmse,climatology,sst,520,0.03999821146329244,0.037730637937784195,0.04208253473043442
rmse,climatology,sst,530,0.04016936346888542,0.03925746530294418,0.041725782305002214
rmse,climatology,sst,540,0.03974688525001208,0.038326366990804675,0.04130316227674484
rmse,climatology,sst,550,0.03941935946544011,0.03750720992684364,0.04129010960459709
rmse,climatology,sst,560,0.03937338143587112,0.03743123114109039,0.041358274221420285
rmse,climatology,sst,570,0.039621128638585405,0.03651306629180908,0.04146371483802795
rmse,climatology,sst,580,0.03957422599196434,0.03712171912193298,0.04127625897526741
rmse,climatology,sst,590,0.0395555113752683,0.03747207000851631,0.04163379594683647
rmse,climatology,sst,600,0.03946403861045837,0.038206251710653304,0.04042920097708702
rmse,climatology,sst,610,0.03891412814458211,0.037230723351240155,0.04071764126420021
rmse,climatology,sst,620,0.039094367623329164,0.036197981983423236,0.04087410792708397
rmse,climatology,sst,630,0.03976216887434324,0.037381333857774736,0.04120213389396667
rmse,climatology,sst,640,0.04001028488079707,0.03789178282022476,0.0414759948849678
rmse,climatology,sst,650,0.039657976229985556,0.03800180703401566,0.04169531241059303
rmse,climatology,sst,660,0.03940767968694369,0.037139274179935455,0.042672567814588544
rmse,climatology,sst,670,0.03971094439427058,0.037156013399362565,0.042715606093406674
rmse,climatology,sst,680,0.039961193998654686,0.037435438483953476,0.04334578737616539
rmse,climatology,sst,690,0.040455657492081326,0.037824685126543044,0.04358770996332169
rmse,climatology,sst,700,0.04059690038363139,0.038637428730726245,0.042629342526197433
rmse,climatology,sst,710,0.04019549960891406,0.03834060952067375,0.042960327863693235
rmse,climatology,sst,720,0.039749699334303536,0.03740804716944694,0.042580753564834595
rmse,climatology,sst,730,0.039660439391930896,0.037138352543115614,0.041863950341939925
rmse,climatology,sst,740,0.03993046581745148,0.03732277825474739,0.04212096408009529
rmse,climatology,sst,750,0.039928440501292545,0.03796677812933922,0.04135965555906296
rmse,climatology,sst,760,0.03988582044839859,0.03805260807275772,0.04221247360110283
rmse,climatology,sst,770,0.0398756355047226,0.038502460718154906,0.04137360826134682
rmse,climatology,sst,780,0.03936569367845853,0.037119095027446744,0.04223604500293732
rmse,climatology,sst,790,0.03943144058187802,0.03703489750623703,0.04116088077425957
rmse,climatology,sst,800,0.040034457792838415,0.03786059468984604,0.04167283847928047
rmse,climatology,sst,810,0.04035055960218112,0.03734857067465782,0.04249558374285698
rmse,climatology,sst,820,0.04005491534868876,0.03848462328314781,0.042617876827716825
rmse,climatology,sst,830,0.03976211448510488,0.03751961141824722,0.04204339012503624
rmse,climatology,sst,840,0.0400624968111515,0.03827800527215004,0.0420110210776329
rmse,climatology,sst,850,0.040316805243492126,0.03809357732534409,0.04302234798669815
rmse,climatology,sst,860,0.040874794125556946,0.03849682286381721,0.043085020035505295
rmse,climatology,sst,870,0.04109724462032318,0.039014453440904616,0.043657094985246656
rmse,climatology,sst,880,0.04087039877971013,0.03812505975365639,0.04285670816898346
rmse,climatology,sst,890,0.04039949476718903,0.0381341889500618,0.04322784021496773
rmse,climatology,sst,900,0.04029621531565984,0.0374300591647625,0.044116347283124926
rmse,climatology,sst,910,0.040525620927413304,0.0370324857532978,0.04378214254975319
rmse,climatology,sst,920,0.04056992456316948,0.03861876353621483,0.043988478183746335
rmse,climatology,sst,930,0.04049479886889458,0.038243109732866286,0.042775098234415054
rmse,climatology,sst,940,0.04048402061065038,0.039012042433023454,0.04209213778376579
rmse,climatology,sst,950,0.03992336491743723,0.037575563788414,0.043389689177274704
rmse,climatology,sst,960,0.039783069988091786,0.036785179376602174,0.04257661551237106
rmse,climatology,sst,970,0.04024874245127042,0.037572725862264636,0.042731688171625135
rmse,climatology,sst,980,0.040551318973302844,0.03737293630838394,0.04284642562270165
rmse,climatology,sst,990,0.04015395392974218,0.0385109044611454,0.04162464141845703
rmse,climatology,sst,1000,0.03968651369214058,0.037180012464523314,0.04097885712981224
rmse,climatology,sst,1010,0.03982573623458544,0.03767070472240448,0.040924787521362305
rmse,climatology,sst,1020,0.04000506748755773,0.03759349659085274,0.04174910038709641
rmse,climatology,sst,1030,0.040522772322098416,0.03901488855481148,0.04182024002075195
rmse,climatology,sst,1040,0.04067090253035228,0.03947173058986664,0.041593723744153974
rmse,climatology,sst,1050,0.0405220165848732,0.038726451247930525,0.04253634363412857
rmse,climatology,sst,1060,0.04002908517916997,0.037983471900224684,0.041537946462631224
rmse,climatology,sst,1070,0.03999927168091138,0.0378521591424942,0.04207375794649124
rmse,climatology,sst,1080,0.040253596752882,0.03743250817060471,0.04193212017416954
rmse,climatology,sst,1090,0.04035128951072693,0.03854134157299995,0.04201788753271103
rmse,climatology,sst,1100,0.0403200534482797,0.037618924677371976,0.0429812990128994
rmse,climatology,sst,1110,0.040460674464702605,0.03919013068079948,0.04231737330555916
rmse,climatology,sst,1120,0.040067223459482194,0.037821578234434126,0.04182684198021889
rmse,climatology,sst,1130,0.03990391020973524,0.03774506896734238,0.041196220368146894
rmse,climatology,sst,1140,0.04044067735473315,0.038453197479248045,0.04286759123206139
rmse,climatology,sst,1150,0.040964020788669585,0.038243168592453004,0.04314146041870117
rmse,climatology,sst,1160,0.04070663129289945,0.03875950053334236,0.04307485446333885
rmse,climatology,sst,1170,0.040280140936374664,0.03665898442268371,0.04334911480545998
rmse,climatology,sst,1180,0.04039734726150831,0.0387549988925457,0.043094496428966525
rmse,climatology,sst,1190,0.040535857528448106,0.0371116504073143,0.04343818575143814
rmse,climatology,sst,1200,0.04098510468999545,0.037693044543266295,0.04409050792455673
rmse,climatology,sst,1210,0.04109025672078133,0.03903769850730896,0.04352933540940285
rmse,climatology,sst,1220,0.04095784748593966,0.03938766345381737,0.04277277812361717
rmse,climatology,sst,1230,0.040319263686736426,0.03862808868288994,0.04171583652496338
rmse,climatology,sst,1240,0.040175589919090274,0.0383313424885273,0.042140697687864305
rmse,climatology,sst,1250,0.04030706236759821,0.03821108415722847,0.042169494181871416
rmse,climatology,sst,1260,0.04034544974565506,0.03876626417040825,0.04199964925646782
rmse,climatology,sst,1270,0.04023234943548838,0.037885463982820514,0.04209604561328888
rmse,climatology,sst,1280,0.04032240261634191,0.039106564968824385,0.042050641030073166
rmse,climatology,sst,1290,0.039957874764998756,0.03788528516888619,0.04160626009106636
rmse,climatology,sst,1300,0.03967845439910889,0.03773863986134529,0.04126293882727623
rmse,climatology,sst,1310,0.0401764211555322,0.037311796098947525,0.04203509241342544
rmse,climatology,sst,1320,0.040819522986809416,0.03916796743869781,0.04206844493746757
rmse,climatology,sst,1330,0.040624981621901195,0.03906555846333504,0.04197691306471825
rmse,climatology,sst,1340,0.04018539513150851,0.03800393417477608,0.042569630593061444
rmse,climatology,sst,1350,0.04026504581173261,0.03827325627207756,0.04276412799954414
rmse,climatology,sst,1360,0.04048949976762136,0.0373726487159729,0.04351980909705162
rmse,climatology,sst,1370,0.04098515634735425,0.03766613006591797,0.04385845512151718
rmse,climatology,sst,1380,0.041161747525135677,0.039302176982164386,0.043013372272253034
rmse,climatology,sst,1390,0.04112643152475357,0.039282400906085965,0.04329364597797394
rmse,climatology,sst,1400,0.04050477892160416,0.03883707597851753,0.04307471588253975
rmse,climatology,sst,1410,0.04036785339315732,0.037910154461860655,0.042400097101926805
rmse,climatology,sst,1420,0.04048984348773956,0.03781618997454643,0.04260598495602608
rmse,climatology,sst,1430,0.04060747598608335,0.038573943078517914,0.04230679199099541
rmse,climatology,sst,1440,0.040521283199389774,0.03861702755093575,0.04226296618580818
rmse,climatology,sst,1450,0.04064768478274346,0.039070792496204376,0.04220638945698738
rmse,climatology,sst,1460,0.040367187062899275,0.038424254208803174,0.04252757132053375
rmse,climatology,sst,1470,0.039979999015728636,0.03726644143462181,0.04218429774045944
rmse,climatology,sst,1480,0.0404066023727258,0.03842575028538704,0.04255111217498779
rmse,climatology,sst,1490,0.041092508286237714,0.038560354709625246,0.0426804780960083
rmse,climatology,sst,1500,0.040958639979362485,0.038688021898269656,0.04325947016477585
rmse,climatology,sst,1510,0.04052856018145879,0.03830949142575264,0.0429424025118351
rmse,climatology,sst,1520,0.04054990187287331,0.03889039382338524,0.041907912492752074
rmse,climatology,sst,1530,0.040825051814317705,0.03898916766047478,0.04332024827599525
rmse,climatology,sst,1540,0.041315358877182004,0.038755118101835254,0.04326828196644783
rmse,climatology,sst,1550,0.041595975309610365,0.03984755501151085,0.04400506913661957
rmse,climatology,sst,1560,0.04167978391051293,0.039496705681085584,0.04372515305876732
rmse,climatology,sst,1570,0.04111440678437551,0.03864116594195366,0.04285746738314629
rmse,climatology,sst,1580,0.04095339874426524,0.03910853564739227,0.04388387128710747
rmse,climatology,sst,1590,0.04100876376032829,0.0382003091275692,0.04395983144640923
rmse,climatology,sst,1600,0.04114906514684359,0.03835702911019325,0.04427207261323929
rmse,climatology,sst,1610,0.041051002343495686,0.03889369145035744,0.04366464912891388
rmse,climatology,sst,1620,0.041129828741153084,0.03953730762004852,0.04255763664841652
rmse,climatology,sst,1630,0.04083139250675837,0.039364997297525406,0.043316307663917544
rmse,climatology,sst,1640,0.04030461957057317,0.03747496381402016,0.04310665726661682
rmse,climatology,sst,1650,0.04058432380358378,0.037572456151247026,0.042834044247865674
rmse,climatology,sst,1660,0.041188707451025645,0.0385990247130394,0.04358363896608353
rmse,climatology,sst,1670,0.04104507391651471,0.03855032548308372,0.042697151005268094
rmse,climatology,sst,1680,0.04051572034756343,0.03851882070302963,0.04175920933485031
rmse,climatology,sst,1690,0.04038137967387835,0.03866378739476204,0.04158435463905334
rmse,climatology,sst,1700,0.040611815204222995,0.038391324877738955,0.042102723568677905
rmse,climatology,sst,1710,0.0409739077091217,0.03953967243432999,0.04256449416279793
rmse,climatology,sst,1720,0.04129303793112437,0.03992599844932556,0.04243656769394875
rmse,climatology,sst,1730,0.04139807124932607,0.040375564247369766,0.042552171647548674
rmse,climatology,sst,1740,0.040907031297683714,0.03907790035009384,0.04248782098293304
rmse,climatology,sst,1750,0.04076925342281659,0.038266072422266005,0.04266425967216492
rmse,climatology,sst,1760,0.0408424807091554,0.038646642863750455,0.04261467903852463
rmse,climatology,sst,1770,0.04108066732684771,0.038975877314805986,0.04261013418436051
rmse,climatology,sst,1780,0.041045248756806055,0.03871481344103813,0.043272634595632554
rmse,climatology,sst,1790,0.04118432725469271,0.03933758065104485,0.04344757497310638
rmse,climatology,sst,1800,0.04104899341861407,0.03953409790992737,0.04243944212794304
rmse,climatology,sst,1810,0.04055558194716771,0.038506540656089785,0.04239427670836449
rmse,climatology,sst,1820,0.0408610666791598,0.03880712166428566,0.04267729669809341
rmse,climatology,sst,1830,0.041530511776606244,0.03940248191356659,0.04357566088438034
rmse,climatology,sst,1840,0.0415676881869634,0.03962739333510399,0.043776945769786836
rmse,climatology,sst,1850,0.04111889451742172,0.038632041215896605,0.0432883195579052
rmse,climatology,sst,1860,0.04093213950594266,0.03857018649578094,0.04344930425286293
rmse,climatology,sst,1870,0.04115298911929131,0.038687439262866975,0.04361452758312225
rmse,climatology,sst,1880,0.04137253065903981,0.038680321723222735,0.04390581846237183
rmse,climatology,sst,1890,0.04170452331503232,0.039516158401966095,0.04377297684550285
rmse,climatology,sst,1900,0.041775421053171155,0.04064891412854195,0.04340821281075478
rmse,climatology,sst,1910,0.041279500474532445,0.03989434540271759,0.042859040945768354
rmse,climatology,sst,1920,0.041013117382923764,0.03900380879640579,0.04269414767622948
rmse,climatology,sst,1930,0.04099471047520638,0.038906097412109375,0.04313959404826164
rmse,climatology,sst,1940,0.04124706586201986,0.03862219750881195,0.04280190691351891
rmse,climatology,sst,1950,0.04124195327361425,0.038993924111127856,0.042798858135938644
rmse,climatology,sst,1960,0.041344628234704334,0.03969873860478401,0.043725666403770444
rmse,climatology,sst,1970,0.04130065689484278,0.03956850245594978,0.04341807663440704
rmse,climatology,sst,1980,0.04083047186334928,0.038992829620838165,0.04291983619332314
rmse,climatology,sst,1990,0.04105264221628507,0.037743794918060306,0.042988076061010363
rmse,climatology,sst,2000,0.04167828361193339,0.03930864557623863,0.043147407472133636
rmse,persistence,sst,0,0.0,0.0,0.0
rmse,persistence,sst,10,0.023042166605591774,0.020479941740632057,0.02563916929066181
rmse,persistence,sst,20,0.03856733292341232,0.03373042419552803,0.04298889711499214
rmse,persistence,sst,30,0.04891509289542834,0.04647354483604431,0.05156893655657768
rmse,persistence,sst,40,0.057242782910664876,0.05418467968702316,0.05950823128223419
rmse,persistence,sst,50,0.06063304543495178,0.05708782449364662,0.06359810680150986
rmse,persistence,sst,60,0.06012430936098099,0.05624728724360466,0.06265129595994949
rmse,persistence,sst,70,0.05777601401011149,0.054612552374601366,0.06046492829918861
rmse,persistence,sst,80,0.05628771136204402,0.05466724410653114,0.059250836819410325
rmse,persistence,sst,90,0.05650631164511045,0.05237568914890289,0.06010627299547196
rmse,persistence,sst,100,0.05736470048626264,0.054158564656972885,0.060222916305065155
rmse,persistence,sst,110,0.059464330226182936,0.05618496611714363,0.06233227401971817
rmse,persistence,sst,120,0.061601980278889336,0.058154468238353726,0.06477647721767425
rmse,persistence,sst,130,0.057892923802137376,0.054586438834667204,0.06133759096264839
rmse,persistence,sst,140,0.0485353097319603,0.04516090154647827,0.052382343262434
rmse,persistence,sst,150,0.03918354411919912,0.03462531939148903,0.04354237616062164
rmse,persistence,sst,160,0.026337347676356634,0.022562621161341667,0.030428403988480568
rmse,persistence,sst,170,0.00792422991556426,0.004298828914761544,0.01397098246961832
rmse,persistence,sst,180,0.022736939415335656,0.019568313658237458,0.025879812613129615
rmse,persistence,sst,190,0.038413395484288536,0.03384401425719261,0.0426293708384037
rmse,persistence,sst,200,0.048792302856842676,0.04622915461659431,0.05128918662667274
rmse,persistence,sst,210,0.05732917338609696,0.05408214032649994,0.05966533496975899
rmse,persistence,sst,220,0.06116565962632497,0.057142330706119536,0.06445401906967163
rmse,persistence,sst,230,0.06098727285861969,0.056582964956760406,0.06418800801038742
rmse,persistence,sst,240,0.05873332694172859,0.054895386844873426,0.06132027879357338
rmse,persistence,sst,250,0.057100818306207654,0.05507359877228737,0.060181742161512376
rmse,persistence,sst,260,0.05720635106166204,0.053904710710048674,0.0606622114777565
rmse,persistence,sst,270,0.0579372559984525,0.05468766540288925,0.060530157387256624
rmse,persistence,sst,280,0.05977712472279866,0.05647493675351143,0.06240667924284935
rmse,persistence,sst,290,0.06208477939168612,0.058399172872304915,0.06539676040410995
rmse,persistence,sst,300,0.059102864811817805,0.056422244757413864,0.062367182970046994
rmse,persistence,sst,310,0.05000442390640577,0.046959517151117326,0.0534022681415081
rmse,persistence,sst,320,0.04064119632045428,0.03658885657787323,0.04514366537332535
rmse,persistence,sst,330,0.02858776313563188,0.02476356364786625,0.032689718157052995
rmse,persistence,sst,340,0.010739213787019253,0.008615901321172714,0.014986113458871842
rmse,persistence,sst,350,0.021221152196327846,0.019207865372300147,0.02300005778670311
rmse,persistence,sst,360,0.03726205229759216,0.03253916054964066,0.040852976590394975
rmse,persistence,sst,370,0.04778944179415703,0.04404589980840683,0.05050943195819855
rmse,persistence,sst,380,0.05656925092140833,0.054643557965755464,0.05834648683667183
rmse,persistence,sst,390,0.060873207201560336,0.05751967802643776,0.06385107338428497
rmse,persistence,sst,400,0.060984612256288526,0.057375714927911756,0.0636196956038475
rmse,persistence,sst,410,0.058748547732830045,0.05476367995142937,0.0611641176044941
rmse,persistence,sst,420,0.05691383803884188,0.054657251387834546,0.05948930829763412
rmse,persistence,sst,430,0.0568803404768308,0.052732905745506285,0.060019660741090775
rmse,persistence,sst,440,0.05759602238734563,0.05403863787651062,0.06036221235990524
rmse,persistence,sst,450,0.059327831119298936,0.05562944784760475,0.062120279669761656
rmse,persistence,sst,460,0.06181384970744451,0.0586536705493927,0.06580062210559845
rmse,persistence,sst,470,0.05959331418077151,0.0562618114054203,0.06291785389184952
rmse,persistence,sst,480,0.05088289429744085,0.04714471697807312,0.05441480353474617
rmse,persistence,sst,490,0.041534288724263506,0.03709461465477944,0.04599729627370834
rmse,persistence,sst,500,0.030118444686134657,0.0255777932703495,0.034046436101198195
rmse,persistence,sst,510,0.011922400506834189,0.00822939332574606,0.01779892109334469
rmse,persistence,sst,520,0.01922636286665996,0.015957046300172806,0.024095606431365012
rmse,persistence,sst,530,0.03599305773774783,0.030969375744462013,0.04048373475670815
rmse,persistence,sst,540,0.04691285118460655,0.04217287302017212,0.050658611208200456
rmse,persistence,sst,550,0.055929681907097496,0.05311096534132957,0.05816507190465927
rmse,persistence,sst,560,0.060712827493747075,0.05635459795594215,0.06390184462070465
rmse,persistence,sst,570,0.06112276340524356,0.05652530863881111,0.0643899530172348
rmse,persistence,sst,580,0.05891189177831014,0.05442845821380615,0.06131061911582947
rmse,persistence,sst,590,0.05680682708819707,0.05446892455220222,0.060029088705778125
rmse,persistence,sst,600,0.05650502194960912,0.052517658472061156,0.059934253245592116
rmse,persistence,sst,610,0.05706616565585136,0.05324354320764542,0.060483375936746596
rmse,persistence,sst,620,0.058562486867109936,0.054472704976797105,0.06115721464157105
rmse,persistence,sst,630,0.061131654183069865,0.05800265297293663,0.06482765823602676
rmse,persistence,sst,640,0.05963086436192195,0.05678364261984825,0.06332844346761704
rmse,persistence,sst,650,0.051283509284257886,0.047787246853113176,0.05474387854337692
rmse,persistence,sst,660,0.04176929096380869,0.03760173469781876,0.04551720097661018
rmse,persistence,sst,670,0.030760911603768665,0.026298149675130843,0.035313486307859424
rmse,persistence,sst,680,0.011983227419356505,0.00998624712228775,0.016461360827088354
rmse,persistence,sst,690,0.015797963800529637,0.013318159431219102,0.01864155903458595
rmse,persistence,sst,700,0.03386419676244259,0.02927938997745514,0.0375713936984539
rmse,persistence,sst,710,0.04537333970268567,0.04148001000285149,0.049187127500772476
rmse,persistence,sst,720,0.05468042343854904,0.05253071486949921,0.0568036787211895
rmse,persistence,sst,730,0.06011539325118065,0.05590623468160629,0.06275120228528977
rmse,persistence,sst,740,0.06100916763146718,0.057338394969701764,0.06409125477075577
rmse,persistence,sst,750,0.05904928669333458,0.055123770236968996,0.06131694242358208
rmse,persistence,sst,760,0.05693450495600701,0.055736062675714494,0.05939725637435913
rmse,persistence,sst,770,0.05660824303825696,0.05278588160872459,0.059056705236434935
rmse,persistence,sst,780,0.057266671458880106,0.05275895819067955,0.061200284957885744
rmse,persistence,sst,790,0.058716977139314015,0.054273690283298495,0.06153527721762657
rmse,persistence,sst,800,0.06139896338184674,0.05849026814103127,0.06487861424684524
rmse,persistence,sst,810,0.06072766780853271,0.057798010855913164,0.06458815187215805
rmse,persistence,sst,820,0.05312500670552254,0.049901819229125975,0.056715229898691176
rmse,persistence,sst,830,0.04379466747244199,0.03947948738932609,0.04697113260626793
rmse,persistence,sst,840,0.033672177543242775,0.02982631027698517,0.03933161795139313
rmse,persistence,sst,850,0.017306965589523316,0.013133064843714237,0.02252291366457939
rmse,persistence,sst,860,0.01692923946926991,0.012627722509205342,0.022170082852244376
rmse,persistence,sst,870,0.034019344424208,0.02981583960354328,0.037183592468500136
rmse,persistence,sst,880,0.04565877467393875,0.041765902936458585,0.049609123915433886
rmse,persistence,sst,890,0.05489303469657898,0.05265468433499336,0.05652179643511772
rmse,persistence,sst,900,0.060766492038965225,0.05643740519881248,0.06393496245145798
rmse,persistence,sst,910,0.06201424226164818,0.05764615759253502,0.06504294425249099
rmse,persistence,sst,920,0.06024949525793393,0.056231190264225,0.06362189501523971
rmse,persistence,sst,930,0.05798893496394157,0.05527754724025726,0.060819408297538756
rmse,persistence,sst,940,0.05738770837585131,0.05557007119059563,0.05974890217185021
rmse,persistence,sst,950,0.05789164255062739,0.05371634289622307,0.06189994513988495
rmse,persistence,sst,960,0.05903708760937055,0.0549553170800209,0.06218849942088127
rmse,persistence,sst,970,0.06155035470922788,0.059142643213272096,0.065666563808918
rmse,persistence,sst,980,0.06144327918688456,0.05804925337433815,0.06470653265714646
rmse,persistence,sst,990,0.05436349486311277,0.05050182715058327,0.05735345110297203
rmse,persistence,sst,1000,0.044811762124300006,0.04087447375059128,0.0485202319920063
rmse,persistence,sst,1010,0.03492133008937041,0.030205558240413665,0.03995368108153343
rmse,persistence,sst,1020,0.01895454842597246,0.016377830132842063,0.021951086074113845
rmse,persistence,sst,1030,0.014318067766726016,0.012460402213037014,0.017274418100714683
rmse,persistence,sst,1040,0.03175078853964806,0.029313527792692185,0.034423237293958665
rmse,persistence,sst,1050,0.04406328524152438,0.040327951312065125,0.04757417812943458
rmse,persistence,sst,1060,0.05352019170920054,0.05220853164792061,0.05490037426352501
rmse,persistence,sst,1070,0.06004265372951825,0.05791284739971161,0.06222050189971924
rmse,persistence,sst,1080,0.06172760700186094,0.05845733806490898,0.06466100364923477
rmse,persistence,sst,1090,0.06019745816787084,0.056770633161067965,0.062449365854263306
rmse,persistence,sst,1100,0.05787949214378993,0.05475921705365181,0.060483957082033156
rmse,persistence,sst,1110,0.05710738698641459,0.05416729971766472,0.06103752553462982
rmse,persistence,sst,1120,0.05762287825345993,0.05258907973766327,0.06112379655241966
rmse,persistence,sst,1130,0.05871333802739779,0.056004087626934054,0.06223269104957581
rmse,persistence,sst,1140,0.06122983197371165,0.058491974323987964,0.0651638612151146
rmse,persistence,sst,1150,0.06186984380086263,0.05793982073664665,0.06630152463912964
rmse,persistence,sst,1160,0.05562391902009646,0.051001927256584166,0.059862714260816574
rmse,persistence,sst,1170,0.04614449764291446,0.042023904621601105,0.05062175542116165
rmse,persistence,sst,1180,0.03667994787295659,0.03097493276000023,0.041653641313314435
rmse,persistence,sst,1190,0.021585043395558993,0.017207476869225503,0.02750749848783016
rmse,persistence,sst,1200,0.012691132972637813,0.008340931124985218,0.02262430228292942
rmse,persistence,sst,1210,0.030030825858314833,0.025514493882656097,0.03587357401847839
rmse,persistence,sst,1220,0.04282739460468292,0.03705382794141769,0.046819958835840225
rmse,persistence,sst,1230,0.05231359526515007,0.05021338164806366,0.054963575303554536
rmse,persistence,sst,1240,0.05928880721330643,0.055318613350391385,0.061732206493616104
rmse,persistence,sst,1250,0.061316727598508196,0.05764050856232643,0.06466609686613083
rmse,persistence,sst,1260,0.059913894285758336,0.05586512461304664,0.0622978150844574
rmse,persistence,sst,1270,0.05740919411182403,0.05454493761062622,0.0601060189306736
rmse,persistence,sst,1280,0.056260295957326886,0.05423091426491737,0.05944081693887711
rmse,persistence,sst,1290,0.05660928164919218,0.0522329568862915,0.06030103489756584
rmse,persistence,sst,1300,0.05750604743758837,0.054009263217449185,0.05985878705978394
rmse,persistence,sst,1310,0.059855165580908455,0.05761010944843292,0.06282074451446533
rmse,persistence,sst,1320,0.06108804071942965,0.05770583227276802,0.06442611068487167
rmse,persistence,sst,1330,0.05556539793809255,0.052052701264619826,0.05852259024977684
rmse,persistence,sst,1340,0.045881934463977814,0.04226013422012329,0.049619477987289426
rmse,persistence,sst,1350,0.03640158760050933,0.03159277141094208,0.041721022129058837
rmse,persistence,sst,1360,0.021641405299305916,0.018833833187818526,0.024477125331759452
rmse,persistence,sst,1370,0.008093584949771563,0.006423192005604506,0.012797352112829685
rmse,persistence,sst,1380,0.026858454570174217,0.023616959154605866,0.029336444661021234
rmse,persistence,sst,1390,0.0408488504588604,0.036210736632347106,0.04495819509029388
rmse,persistence,sst,1400,0.05072938874363899,0.048950185626745225,0.05297311916947365
rmse,persistence,sst,1410,0.058378028621276216,0.054907529056072234,0.060568132996559144
rmse,persistence,sst,1420,0.06102152317762375,0.057692380249500276,0.06424815952777863
rmse,persistence,sst,1430,0.060044803222020465,0.05611486732959747,0.062356064468622206
rmse,persistence,sst,1440,0.0576723908384641,0.05559713393449783,0.060002265870571135
rmse,persistence,sst,1450,0.05643197024861971,0.05495389774441719,0.05946228802204132
rmse,persistence,sst,1460,0.05682966709136963,0.052464810013771054,0.06066239550709725
rmse,persistence,sst,1470,0.05774782498677571,0.05460819005966187,0.06058684885501862
rmse,persistence,sst,1480,0.05998336101571719,0.05702350214123726,0.06306773573160171
rmse,persistence,sst,1490,0.06180011530717214,0.05804518386721611,0.0652750626206398
rmse,persistence,sst,1500,0.05729093924164772,0.05423391163349152,0.06020905822515488
rmse,persistence,sst,1510,0.04791487058003743,0.044469673186540604,0.05138137117028237
rmse,persistence,sst,1520,0.03884499420722325,0.03437775894999504,0.04440344050526619
rmse,persistence,sst,1530,0.025791164860129355,0.022637390345335007,0.03112637624144554
rmse,persistence,sst,1540,0.01219325214624405,0.007428327761590481,0.017405590787529946
rmse,persistence,sst,1550,0.026820438851912817,0.023212758451700212,0.02952914088964462
rmse,persistence,sst,1560,0.04090925852457682,0.03687070310115814,0.044521939009428024
rmse,persistence,sst,1570,0.050714973857005435,0.048355698585510254,0.052976212650537494
rmse,persistence,sst,1580,0.05863470484813054,0.05517871305346489,0.061259415745735166
rmse,persistence,sst,1590,0.06172051305572192,0.05767630115151405,0.06447037458419799
rmse,persistence,sst,1600,0.06104907567302386,0.057261377573013306,0.06390774250030518
rmse,persistence,sst,1610,0.058650969465573626,0.054865922033786776,0.06171985790133476
rmse,persistence,sst,1620,0.05711562260985374,0.05503595247864723,0.060189664363861084
rmse,persistence,sst,1630,0.05730654448270798,0.05334169939160347,0.06089831218123436
rmse,persistence,sst,1640,0.0580316257973512,0.054879502207040784,0.06119440570473671
rmse,persistence,sst,1650,0.05994752322634061,0.05674271509051323,0.06282267868518829
rmse,persistence,sst,1660,0.06203700179855029,0.05825800970196724,0.06527782678604126
rmse,persistence,sst,1670,0.05833714629213015,0.05504908934235573,0.061352402716875074
rmse,persistence,sst,1680,0.049030966311693194,0.04575858861207962,0.052705025672912596
rmse,persistence,sst,1690,0.039890864739815395,0.03565497621893883,0.04410940706729889
rmse,persistence,sst,1700,0.02751944859822591,0.023646580800414086,0.031076956540346146
rmse,persistence,sst,1710,0.011784841492772102,0.009680540859699249,0.01529904194176197
rmse,persistence,sst,1720,0.024093384792407354,0.022108166292309762,0.02585356719791889
rmse,persistence,sst,1730,0.039080755412578584,0.035451528429985044,0.04290486797690392
rmse,persistence,sst,1740,0.04922504350543022,0.04632671251893043,0.05148364007472992
rmse,persistence,sst,1750,0.05762861991922061,0.05596588253974914,0.05922999754548073
rmse,persistence,sst,1760,0.061310214052597685,0.058489571511745456,0.06408173739910125
rmse,persistence,sst,1770,0.06103743712107341,0.057815763354301455,0.06343306005001068
rmse,persistence,sst,1780,0.058710091809431715,0.05446735396981239,0.06079599857330322
rmse,persistence,sst,1790,0.056994096686442695,0.05440312623977661,0.06045592054724693
rmse,persistence,sst,1800,0.05710428208112717,0.0524235799908638,0.06040059328079224
rmse,persistence,sst,1810,0.05784615452090899,0.05471122488379478,0.06137728542089462
rmse,persistence,sst,1820,0.05965744405984878,0.05553137958049774,0.06332571804523468
rmse,persistence,sst,1830,0.06208048264185587,0.05902735739946365,0.06624058187007904
rmse,persistence,sst,1840,0.05935184011856715,0.055530717968940733,0.06245289146900177
rmse,persistence,sst,1850,0.05043573478857676,0.0463826559484005,0.05482934489846229
rmse,persistence,sst,1860,0.041351507604122165,0.036572837829589845,0.04557496383786201
rmse,persistence,sst,1870,0.029792913670341172,0.0249100711196661,0.034307724237442015
rmse,persistence,sst,1880,0.012847467573980491,0.00921768881380558,0.021205345168709755
rmse,persistence,sst,1890,0.02187277264893055,0.01862318515777588,0.0272540558129549
rmse,persistence,sst,1900,0.03740686972935994,0.03230886459350586,0.04166882708668709
rmse,persistence,sst,1910,0.047791597743829094,0.043416035175323484,0.05105718672275543
rmse,persistence,sst,1920,0.0564610406756401,0.05357642099261284,0.058476226031780244
rmse,persistence,sst,1930,0.060640815645456314,0.0565903902053833,0.06372574418783188
rmse,persistence,sst,1940,0.0606674924492836,0.0565807044506073,0.0633682057261467
rmse,persistence,sst,1950,0.05833361744880676,0.054085171222686766,0.06073984503746033
rmse,persistence,sst,1960,0.05634482055902481,0.05417411848902702,0.05908866077661514
rmse,persistence,sst,1970,0.05628473411003749,0.05227991491556168,0.05992211401462555
rmse,persistence,sst,1980,0.05700519730647405,0.053562816232442856,0.06023810803890228
rmse,persistence,sst,1990,0.05864937876661618,0.05488943755626678,0.06170997843146324
rmse,persistence,sst,2000,0.06128479888041814,0.058351154625415805,0.0647919699549675
acc,selected,surface_u,0,1.0,1.0,1.0
acc,selected,surface_u,10,0.9815266529719034,0.975597620010376,0.9868889570236206
acc,selected,surface_u,20,0.9667389512062072,0.9585406064987183,0.9735189080238342
acc,selected,surface_u,30,0.950059711933136,0.9391070961952209,0.9601063013076783
acc,selected,surface_u,40,0.9274278322855631,0.9069903254508972,0.9426757335662842
acc,selected,surface_u,50,0.9088550567626953,0.8844003438949585,0.9304869651794434
acc,selected,surface_u,60,0.8818740407625835,0.8635987162590026,0.9095339417457581
acc,selected,surface_u,70,0.8418979128201802,0.7933034539222718,0.8776013970375061
acc,selected,surface_u,80,0.8035646041234334,0.7452393174171448,0.8474106192588806
acc,selected,surface_u,90,0.7560304204622904,0.7034294724464416,0.8128306865692139
acc,selected,surface_u,100,0.6990794658660888,0.6316773891448975,0.7714379906654358
acc,selected,surface_u,110,0.6460209131240845,0.5648135900497436,0.7308403611183166
acc,selected,surface_u,120,0.5868106544017792,0.5232271909713745,0.6724451303482055
acc,selected,surface_u,130,0.5293535788853964,0.45605658292770385,0.6309684991836548
acc,selected,surface_u,140,0.4789959291617076,0.4062558591365814,0.5778915405273437
acc,selected,surface_u,150,0.43397099574406944,0.36833169460296633,0.5206737399101258
acc,selected,surface_u,160,0.39205378890037534,0.3338352620601654,0.4599966168403625
acc,selected,surface_u,170,0.3544992864131927,0.3005569100379944,0.4158414363861084
acc,selected,surface_u,180,0.32042542497316995,0.26631267070770265,0.3765800416469574
acc,selected,surface_u,190,0.28851525485515594,0.22705419659614562,0.3365598857402802
acc,selected,surface_u,200,0.2611909955739975,0.20446334183216094,0.31815723776817323
acc,prior,surface_u,0,1.0,1.0,1.0
acc,prior,surface_u,10,0.9984351992607117,0.9974883913993835,0.9989295125007629
acc,prior,surface_u,20,0.9956607977549236,0.9928113102912903,0.997404420375824
acc,prior,surface_u,30,0.9919271429379781,0.9871979117393493,0.9951715111732483
acc,prior,surface_u,40,0.987838073571523,0.98043133020401,0.9925280809402466
acc,prior,surface_u,50,0.9835324009259542,0.9717370271682739,0.989260482788086
acc,prior,surface_u,60,0.9778804461161296,0.965944504737854,0.9847900152206421
acc,prior,surface_u,70,0.9701323588689168,0.9616667747497558,0.9784470438957215
acc,prior,surface_u,80,0.9590199629465739,0.9513627052307129,0.9674429535865784
acc,prior,surface_u,90,0.9356128573417664,0.9159899950027466,0.9533535838127136
acc,prior,surface_u,100,0.9011690338452657,0.8733396768569947,0.9251613616943359
acc,prior,surface_u,110,0.8583651860555013,0.8318544030189514,0.8901733994483948
acc,prior,surface_u,120,0.7926381071408589,0.7494979858398437,0.841316020488739
acc,prior,surface_u,130,0.7005482157071431,0.6380636096000671,0.7618695855140686
acc,prior,surface_u,140,0.6069706956545512,0.5145698070526123,0.6895035862922668
acc,prior,surface_u,150,0.5220770239830017,0.425090354681015,0.6010220170021057
acc,prior,surface_u,160,0.4236696521441142,0.32526651620864866,0.48596136569976806
acc,prior,surface_u,170,0.3297210981448491,0.24731263816356658,0.4193995714187622
acc,prior,surface_u,180,0.23555328647295634,0.17116623520851135,0.3064421474933624
acc,prior,surface_u,190,0.16240133047103883,0.10962077975273132,0.21677417755126954
acc,prior,surface_u,200,0.10722747414062421,0.03506849016994239,0.16245122849941254
acc,selected,surface_v,0,1.0,1.0,1.0
acc,selected,surface_v,10,0.8434654831886291,0.781401002407074,0.8778696894645691
acc,selected,surface_v,20,0.8007540146509806,0.7554844737052917,0.8402069330215454
acc,selected,surface_v,30,0.8028436462084453,0.7548415541648865,0.8410846948623657
acc,selected,surface_v,40,0.7634098052978515,0.7142682671546936,0.8286422252655029
acc,selected,surface_v,50,0.7528047204017639,0.6937703132629395,0.8021019339561463
acc,selected,surface_v,60,0.7321961363156636,0.654345166683197,0.8091264009475708
acc,selected,surface_v,70,0.7132508635520936,0.6443400740623474,0.7784067630767822
acc,selected,surface_v,80,0.6971275329589843,0.6399253249168396,0.7476772665977478
acc,selected,surface_v,90,0.6815738876660665,0.5967028856277465,0.7529115319252014
acc,selected,surface_v,100,0.6345414996147156,0.5669071435928345,0.7071524262428284
acc,selected,surface_v,110,0.6055883387724559,0.5213264942169189,0.6922408819198609
acc,selected,surface_v,120,0.5735266129175822,0.5029922127723694,0.6685752153396606
acc,selected,surface_v,130,0.5163980007171631,0.4366654515266418,0.6189850091934204
acc,selected,surface_v,140,0.4563454031944275,0.28083269000053407,0.6358443140983582
acc,selected,surface_v,150,0.39779731035232546,0.255571573972702,0.5538984417915345
acc,selected,surface_v,160,0.344136385122935,0.19703957438468933,0.49102969765663146
acc,selected,surface_v,170,0.2853331575791041,0.1644955664873123,0.43686063289642335
acc,selected,surface_v,180,0.2386999358733495,0.07422824651002885,0.4173873960971832
acc,selected,surface_v,190,0.1980121921747923,0.03535795472562314,0.42439226508140565
acc,selected,surface_v,200,0.16298016738146542,0.016612364910542972,0.34432122111320496
acc,prior,surface_v,0,1.0,1.0,1.0
acc,prior,surface_v,10,0.9961950659751893,0.9947222352027894,0.997584342956543
acc,prior,surface_v,20,0.9909307440121968,0.9867780804634094,0.9939675807952881
acc,prior,surface_v,30,0.9841895580291748,0.9792963624000549,0.9893628478050231
acc,prior,surface_v,40,0.9754677057266236,0.9655409812927246,0.9823072195053101
acc,prior,surface_v,50,0.9632188638051351,0.950294029712677,0.9743140339851379
acc,prior,surface_v,60,0.9432830691337586,0.9128382205963135,0.9651349306106567
acc,prior,surface_v,70,0.9178865393002827,0.863269305229187,0.9511645555496215
acc,prior,surface_v,80,0.881681764125824,0.7985991716384888,0.921418023109436
acc,prior,surface_v,90,0.8185238361358642,0.7386204481124878,0.8810495615005494
acc,prior,surface_v,100,0.7289711038271586,0.5949299812316895,0.7909720301628113
acc,prior,surface_v,110,0.6337644398212433,0.5250549912452698,0.7119653344154357
acc,prior,surface_v,120,0.5447904030481975,0.44086437225341796,0.6274553656578064
acc,prior,surface_v,130,0.43938699960708616,0.3250021517276764,0.5105231523513794
acc,prior,surface_v,140,0.3322791943947474,0.25314687490463256,0.40279570817947385
acc,prior,surface_v,150,0.23515379031499226,0.18706318438053132,0.2925356388092041
acc,prior,surface_v,160,0.16039163768291473,0.1285394698381424,0.19910942316055297
acc,prior,surface_v,170,0.12021857102711996,0.0879202127456665,0.16424699425697326
acc,prior,surface_v,180,0.07978320419788361,0.050553809851408005,0.10035769045352935
acc,prior,surface_v,190,0.04929304085671902,0.0241396963596344,0.07064073532819748
acc,prior,surface_v,200,0.032784234670301275,0.015050899051129819,0.05608820617198944
acc,selected,phihyd_surface,0,1.0,1.0,1.0
acc,selected,phihyd_surface,10,0.9620006163914998,0.9584075570106506,0.9662393569946289
acc,selected,phihyd_surface,20,0.9417925477027893,0.9358921527862549,0.9478035569190979
acc,selected,phihyd_surface,30,0.9285515705744426,0.9199434995651246,0.9357980132102967
acc,selected,phihyd_surface,40,0.9145077069600424,0.8990568280220032,0.9252663612365722
acc,selected,phihyd_surface,50,0.8982765754063924,0.8772618412971497,0.9131358742713929
acc,selected,phihyd_surface,60,0.8778323332468668,0.8498359441757202,0.8988739132881165
acc,selected,phihyd_surface,70,0.8542790174484253,0.8199544429779053,0.8795657515525818
acc,selected,phihyd_surface,80,0.8265412648518881,0.7882610917091369,0.8574398040771485
acc,selected,phihyd_surface,90,0.7956296801567078,0.7551606178283692,0.8336286425590516
acc,selected,phihyd_surface,100,0.7640952428181966,0.7228917360305787,0.8063451766967773
acc,selected,phihyd_surface,110,0.7323909958203634,0.6965577602386475,0.776628828048706
acc,selected,phihyd_surface,120,0.7014479398727417,0.6713619828224182,0.7477601766586304
acc,selected,phihyd_surface,130,0.6755314071973165,0.6495636820793151,0.714536702632904
acc,selected,phihyd_surface,140,0.6538706223169962,0.6304341793060303,0.6860876083374023
acc,selected,phihyd_surface,150,0.6360881010691325,0.6195596814155578,0.662656569480896
acc,selected,phihyd_surface,160,0.6216815789540608,0.6035713195800781,0.6423997998237609
acc,selected,phihyd_surface,170,0.6099574049313863,0.5930334329605103,0.6264208316802978
acc,selected,phihyd_surface,180,0.599690846602122,0.5819509029388428,0.6155974626541137
acc,selected,phihyd_surface,190,0.5920412341753641,0.5740682125091553,0.6087438344955445
acc,selected,phihyd_surface,200,0.5876514156659444,0.5709220409393311,0.6053301334381104
acc,prior,phihyd_surface,0,1.0,1.0,1.0
acc,prior,phihyd_surface,10,0.9976354956626892,0.9973227739334106,0.9981500625610351
acc,prior,phihyd_surface,20,0.9916198134422303,0.9899059534072876,0.993475365638733
acc,prior,phihyd_surface,30,0.9788703680038452,0.9726675629615784,0.9843868017196655
acc,prior,phihyd_surface,40,0.9527767459551494,0.9342064023017883,0.9652591347694397
acc,prior,phihyd_surface,50,0.9044010122617085,0.8656325459480285,0.929598069190979
acc,prior,phihyd_surface,60,0.826513671875,0.7659948229789734,0.8657341003417969
acc,prior,phihyd_surface,70,0.7218432784080505,0.6428766965866088,0.7713683843612671
acc,prior,phihyd_surface,80,0.6010306497414907,0.5105210721492768,0.6552477002143859
acc,prior,phihyd_surface,90,0.47981491684913635,0.3900329232215881,0.5300289154052734
acc,prior,phihyd_surface,100,0.37155115803082783,0.29539951086044314,0.41422832012176514
acc,prior,phihyd_surface,110,0.282104962070783,0.22151127755641936,0.3210678040981293
acc,prior,phihyd_surface,120,0.21247776250044506,0.1670596718788147,0.24234998524188994
acc,prior,phihyd_surface,130,0.15763091991345088,0.12647227048873902,0.17802613377571105
acc,prior,phihyd_surface,140,0.11305916160345078,0.10007545202970505,0.1314477503299713
acc,prior,phihyd_surface,150,0.08068207154671352,0.06734978556632995,0.0885312408208847
acc,prior,phihyd_surface,160,0.05644329761465391,0.04483107849955559,0.06821736842393875
acc,prior,phihyd_surface,170,0.03745899386703968,0.02906148470938206,0.04690044820308685
acc,prior,phihyd_surface,180,0.02353443348159393,0.014360155537724495,0.032196966558694834
acc,prior,phihyd_surface,190,0.011824943400764216,0.0013326429878361525,0.021163552254438396
acc,prior,phihyd_surface,200,0.003326413267253277,-0.0046593365259468555,0.013128267042338848
acc,selected,sst,0,1.0,1.0,1.0
acc,selected,sst,10,0.9440256873766582,0.934330153465271,0.9540449023246765
acc,selected,sst,20,0.9030670086542766,0.8908609032630921,0.9180675029754639
acc,selected,sst,30,0.8696910381317139,0.8499160170555115,0.8815882563591003
acc,selected,sst,40,0.8285694479942322,0.8006523370742797,0.8454971313476562
acc,selected,sst,50,0.787980568408966,0.7566927790641784,0.8207064390182495
acc,selected,sst,60,0.747096308072408,0.704619312286377,0.7783212065696716
acc,selected,sst,70,0.7064936598141988,0.6498641014099121,0.7577715992927552
acc,selected,sst,80,0.66159987449646,0.5941745162010192,0.7199933171272278
acc,selected,sst,90,0.6150202631950379,0.5461766123771667,0.6762758135795593
acc,selected,sst,100,0.5653217931588491,0.4996483623981476,0.6181790232658386
acc,selected,sst,110,0.5125812590122223,0.4373400807380676,0.5743113875389099
acc,selected,sst,120,0.45559133887290953,0.4012814462184906,0.528687345981598
acc,selected,sst,130,0.40464691321055096,0.345078843832016,0.4705162405967712
acc,selected,sst,140,0.36315802931785585,0.30729821920394895,0.41831381916999816
acc,selected,sst,150,0.3250586688518524,0.263047593832016,0.3788410723209381
acc,selected,sst,160,0.29155156513055164,0.24146620631217958,0.3439004719257355
acc,selected,sst,170,0.2665589402119319,0.21721408665180206,0.30473658442497253
acc,selected,sst,180,0.2422361393769582,0.1918207734823227,0.29140202403068544
acc,selected,sst,190,0.21722275416056316,0.16232652366161346,0.2714514672756195
acc,selected,sst,200,0.20159402986367544,0.1520592153072357,0.24872530102729798
acc,prior,sst,0,1.0,1.0,1.0
acc,prior,sst,10,0.9599370797475179,0.9466445922851563,0.9679758548736572
acc,prior,sst,20,0.8945281585057576,0.857421052455902,0.9199724912643432
acc,prior,sst,30,0.8074055115381876,0.7354424715042114,0.8495879769325256
acc,prior,sst,40,0.7030866265296936,0.5932259440422059,0.7642396688461304
acc,prior,sst,50,0.5968573411305745,0.46909801959991454,0.6643274903297425
acc,prior,sst,60,0.49246931870778404,0.37300198078155516,0.5584379076957703
acc,prior,sst,70,0.40188530683517454,0.29177541732788087,0.4678443908691406
acc,prior,sst,80,0.3234431912501653,0.2338535338640213,0.3737383782863617
acc,prior,sst,90,0.24048419098059337,0.1643320620059967,0.30014500617980955
acc,prior,sst,100,0.17627644191185635,0.12403349876403809,0.2360237032175064
acc,prior,sst,110,0.12127452542384466,0.06255555003881455,0.1565141648054123
acc,prior,sst,120,0.08490140931680798,0.0328356770798564,0.11001990139484405
acc,prior,sst,130,0.08451934431989988,0.04744355157017708,0.11861434876918792
acc,prior,sst,140,0.0854538306593895,0.04740192294120789,0.1333206534385681
acc,prior,sst,150,0.08432852278153101,0.03689503222703934,0.12043318152427673
acc,prior,sst,160,0.07082322829713424,0.01933313254266978,0.10674502700567245
acc,prior,sst,170,0.042924556384483975,-0.022462159395217896,0.10294714272022246
acc,prior,sst,180,0.011964041056732337,-0.049583218246698375,0.06032236367464065
acc,prior,sst,190,-0.019847072970393734,-0.0791889190673828,0.02327565178275108
acc,prior,sst,200,-0.03649974774258832,-0.0773028388619423,0.0012726966291666001
