metric,model_or_method,field,lead_days,mean,p10,p90
rmse,model,surface_speed,0,0.0,0.0,0.0
rmse,model,surface_speed,10,0.0017782770873357853,0.0015602464787662028,0.0019516825675964355
rmse,model,surface_speed,20,0.0026501509671409923,0.0023470747284591196,0.002891178289428353
rmse,model,surface_speed,30,0.0033773189410567284,0.0030820286832749844,0.0038967628963291643
rmse,model,surface_speed,40,0.0041711942137529455,0.0036937627010047436,0.004859434533864259
rmse,model,surface_speed,50,0.005061395683636268,0.004485174920409918,0.005837962497025728
rmse,model,surface_speed,60,0.006067659302304188,0.005439193639904261,0.006781465001404285
rmse,model,surface_speed,70,0.006993875155846278,0.006475816573947668,0.007424102071672678
rmse,model,surface_speed,80,0.007804144949962695,0.007544790394604206,0.008010800927877426
rmse,model,surface_speed,90,0.00850481993208329,0.00823752973228693,0.008780421130359173
rmse,model,surface_speed,100,0.009014780757327874,0.008542956225574017,0.009573479928076268
rmse,model,surface_speed,110,0.009355402365326882,0.008786033652722836,0.010027476213872432
rmse,model,surface_speed,120,0.009621855119864147,0.009017693251371384,0.010322773829102516
rmse,model,surface_speed,130,0.009887418958048027,0.00912183616310358,0.0106483219191432
rmse,model,surface_speed,140,0.010088623439272245,0.00943265724927187,0.010819622501730918
rmse,model,surface_speed,150,0.0103339243059357,0.009742442332208157,0.011288698203861714
rmse,model,surface_speed,160,0.010560760895411173,0.009989379718899728,0.011386124417185783
rmse,model,surface_speed,170,0.010832177475094795,0.010242550633847713,0.011689983494579791
rmse,model,surface_speed,180,0.011062326841056347,0.010449206456542015,0.011935555934906006
rmse,model,surface_speed,190,0.011307600202659767,0.010971512459218503,0.012069548107683658
rmse,model,surface_speed,200,0.011516845598816872,0.011136616952717305,0.012293261848390103
rmse,model,surface_speed,210,0.011785028005639712,0.01126035712659359,0.012653552740812302
rmse,model,surface_speed,220,0.01202918440103531,0.01142724435776472,0.012748184241354465
rmse,model,surface_speed,230,0.012224480199317137,0.011648737452924251,0.012838178128004075
rmse,model,surface_speed,240,0.012418173998594285,0.011873870715498924,0.013006411492824554
rmse,model,surface_speed,250,0.012590506051977476,0.012082370184361934,0.013199299387633801
rmse,model,surface_speed,260,0.0126921267559131,0.012236312218010425,0.013237800635397434
rmse,model,surface_speed,270,0.012796686527629693,0.012286759167909621,0.013339150324463844
rmse,model,surface_speed,280,0.012959189030031364,0.012372373044490815,0.013533055782318115
rmse,model,surface_speed,290,0.013085536658763885,0.012556861340999603,0.013825539499521255
rmse,model,surface_speed,300,0.013103095007439454,0.012592547573149204,0.013779207691550254
rmse,model,surface_speed,310,0.013134676590561866,0.012634657882153988,0.013916960917413235
rmse,model,surface_speed,320,0.013198075008889039,0.012831120751798153,0.01386176273226738
rmse,model,surface_speed,330,0.01322022577126821,0.012736510671675205,0.013615017011761665
rmse,model,surface_speed,340,0.01324791635076205,0.012694135122001172,0.013820131495594978
rmse,model,surface_speed,350,0.01328672437618176,0.012741997465491295,0.014010178297758103
rmse,model,surface_speed,360,0.013317586109042167,0.012816278263926506,0.013937153108417987
rmse,model,surface_speed,370,0.01328927514453729,0.012742356210947037,0.013858352601528167
rmse,model,surface_speed,380,0.01336972825229168,0.01297365054488182,0.013787769339978695
rmse,model,surface_speed,390,0.013461922792096933,0.013003523834049702,0.013905505277216434
rmse,model,surface_speed,400,0.013504355835417906,0.013103728741407394,0.01377241350710392
rmse,model,surface_speed,410,0.013543158707519373,0.01296138260513544,0.013988152891397477
rmse,model,surface_speed,420,0.013525889503459137,0.013103321380913257,0.01402568183839321
rmse,model,surface_speed,430,0.013467335514724255,0.013014175556600093,0.013947564736008644
rmse,model,surface_speed,440,0.013436695436636607,0.012872738949954509,0.013840298168361187
rmse,model,surface_speed,450,0.013465732211867969,0.012946259416639804,0.013859949447214604
rmse,model,surface_speed,460,0.013512936234474183,0.013088387437164783,0.013761124387383462
rmse,model,surface_speed,470,0.013510782333711783,0.013087086193263531,0.013967231661081315
rmse,model,surface_speed,480,0.013542552354435126,0.012980602122843266,0.014024310000240802
rmse,model,surface_speed,490,0.013615178503096103,0.013143600523471832,0.014085768349468708
rmse,model,surface_speed,500,0.013665771670639515,0.01316264048218727,0.014142481610178947
rmse,model,surface_speed,510,0.013719347553948562,0.01302134096622467,0.014474285207688809
rmse,model,surface_speed,520,0.01379276035974423,0.013108078017830848,0.014666401781141758
rmse,model,surface_speed,530,0.013833974674344062,0.013126365281641484,0.01473302748054266
rmse,model,surface_speed,540,0.013797780809303125,0.01313046608120203,0.014772809483110905
rmse,model,surface_speed,550,0.013859028493364652,0.01308386754244566,0.014920574426651002
rmse,model,surface_speed,560,0.013895007160802683,0.013124893233180047,0.014769425243139267
rmse,model,surface_speed,570,0.013876623101532459,0.013313396461308002,0.014620285108685493
rmse,model,surface_speed,580,0.013911541178822517,0.01331149972975254,0.01467478796839714
rmse,model,surface_speed,590,0.013954812039931616,0.013349819742143155,0.014473351649940014
rmse,model,surface_speed,600,0.013914453114072483,0.013241841830313206,0.014722749404609204
rmse,model,surface_speed,610,0.013881176027158897,0.01334412582218647,0.014535600505769252
rmse,model,surface_speed,620,0.013952365579704444,0.01346705574542284,0.014495112374424935
rmse,model,surface_speed,630,0.013972983881831168,0.013468907959759236,0.014361391589045525
rmse,model,surface_speed,640,0.013953183032572269,0.013482563383877277,0.014393806271255017
rmse,model,surface_speed,650,0.013966877075533072,0.013474412076175214,0.014578884094953537
rmse,model,surface_speed,660,0.013978581378857295,0.013351458497345448,0.014645566791296005
rmse,model,surface_speed,670,0.013997759856283664,0.01336651984602213,0.01449735313653946
rmse,model,surface_speed,680,0.01405556295067072,0.013431749865412712,0.014642642438411712
rmse,model,surface_speed,690,0.014071080523232618,0.01352869812399149,0.014604272320866585
rmse,model,surface_speed,700,0.013986633718013763,0.013365701586008073,0.01447850614786148
rmse,model,surface_speed,710,0.013929379855593045,0.013250653631985188,0.01455627679824829
rmse,model,surface_speed,720,0.013884177555640538,0.013000928051769733,0.014607607945799827
rmse,model,surface_speed,730,0.013804089960952599,0.013136273063719273,0.014440118335187435
rmse,model,surface_speed,740,0.013794741593301296,0.013165621645748615,0.014425764605402947
rmse,model,surface_speed,750,0.013705142028629779,0.013020024448633195,0.014505985006690024
rmse,model,surface_speed,760,0.013580229071279367,0.012898347713053227,0.014369861036539078
rmse,model,surface_speed,770,0.013416843178371588,0.012950948812067509,0.014373558014631272
rmse,model,surface_speed,780,0.013380238724251588,0.012840031832456588,0.014306806959211826
rmse,model,surface_speed,790,0.013272564113140106,0.012602205947041511,0.014044136181473732
rmse,model,surface_speed,800,0.01324869350840648,0.012719227932393551,0.014147676341235638
rmse,model,surface_speed,810,0.013172059382001559,0.01262649018317461,0.01412709839642048
rmse,model,surface_speed,820,0.013015748312075933,0.012361338920891285,0.013837601616978645
rmse,model,surface_speed,830,0.013033894325296084,0.012424175441265107,0.013705173321068288
rmse,model,surface_speed,840,0.013011877362926801,0.012526617757976055,0.013761301338672639
rmse,model,surface_speed,850,0.0129357585683465,0.012441319786012173,0.013576752878725529
rmse,model,surface_speed,860,0.01287879105657339,0.01227975096553564,0.013434099592268467
rmse,model,surface_speed,870,0.01291820512463649,0.012537403218448161,0.013490025140345096
rmse,model,surface_speed,880,0.012780381304522356,0.012377450615167618,0.01323870737105608
rmse,model,surface_speed,890,0.012692628987133503,0.012313372083008289,0.013162045739591122
rmse,model,surface_speed,900,0.012809330659608046,0.012404416501522065,0.013279450498521328
rmse,model,surface_speed,910,0.012710430721441904,0.012334426864981651,0.013212496601045131
rmse,model,surface_speed,920,0.012735688065489133,0.012393107637763023,0.01319442093372345
rmse,model,surface_speed,930,0.012777082808315753,0.012381043657660485,0.013340464048087596
rmse,model,surface_speed,940,0.012725983870526154,0.012368542514741421,0.013481697998940945
rmse,model,surface_speed,950,0.012693124637007714,0.012395531870424747,0.013107910752296448
rmse,model,surface_speed,960,0.012711756676435471,0.012385937385261059,0.013222277723252773
rmse,model,surface_speed,970,0.012712908163666724,0.012250393442809582,0.013299351185560226
rmse,model,surface_speed,980,0.012591503436366717,0.012250899337232113,0.012946142069995403
rmse,model,surface_speed,990,0.012662492195765178,0.012239188328385353,0.013057838752865791
rmse,model,surface_speed,1000,0.012680584626893202,0.0123974384739995,0.013204943761229515
rmse,model,surface_speed,1010,0.012647848576307297,0.01230476088821888,0.013065366260707378
rmse,model,surface_speed,1020,0.012637006677687168,0.012267716415226459,0.012935432605445385
rmse,model,surface_speed,1030,0.012735062216718992,0.012515432201325893,0.01299180593341589
rmse,model,surface_speed,1040,0.0126242412875096,0.012199786119163036,0.012991983629763126
rmse,model,surface_speed,1050,0.012573854935665926,0.012213858030736446,0.012819076515734195
rmse,model,surface_speed,1060,0.012698615901172161,0.012272399477660656,0.012996939197182655
rmse,model,surface_speed,1070,0.012742187393208345,0.012212616205215455,0.013239176943898201
rmse,model,surface_speed,1080,0.012778373807668686,0.012306226603686809,0.01339001301676035
rmse,model,surface_speed,1090,0.0128585875655214,0.012249257415533066,0.013494595885276794
rmse,model,surface_speed,1100,0.012906974616150061,0.0123995965346694,0.01346673909574747
rmse,model,surface_speed,1110,0.012835151081283887,0.01240968406200409,0.013167198002338409
rmse,model,surface_speed,1120,0.01289331925412019,0.012418979592621327,0.013543122075498104
rmse,model,surface_speed,1130,0.012920950104792913,0.01235277708619833,0.013645941577851772
rmse,model,surface_speed,1140,0.012984332256019115,0.01251851487904787,0.013660519383847713
rmse,model,surface_speed,1150,0.013047713165481886,0.01232048962265253,0.013950301706790924
rmse,model,surface_speed,1160,0.013057044707238674,0.01242495235055685,0.0138813940808177
rmse,model,surface_speed,1170,0.013094456990559895,0.012351259030401707,0.014083623886108398
rmse,model,surface_speed,1180,0.013044415600597858,0.012309033796191216,0.014040523208677769
rmse,model,surface_speed,1190,0.013101953019698461,0.01241066213697195,0.013981747068464756
rmse,model,surface_speed,1200,0.013117935632665952,0.012429529801011086,0.013721180334687232
rmse,model,surface_speed,1210,0.0129650067538023,0.012309480272233487,0.013611441850662232
rmse,model,surface_speed,1220,0.012911632594962915,0.012286665849387646,0.013455143198370934
rmse,model,surface_speed,1230,0.013003021540741126,0.012421030178666114,0.01359756588935852
rmse,model,surface_speed,1240,0.012909913746019205,0.012319085001945496,0.013474058732390404
rmse,model,surface_speed,1250,0.013006874856849511,0.01239398829638958,0.013435095362365247
rmse,model,surface_speed,1260,0.013044225859145324,0.01250032801181078,0.01356599610298872
rmse,model,surface_speed,1270,0.012978163361549378,0.012508710846304893,0.013446097634732724
rmse,model,surface_speed,1280,0.012964476458728313,0.012560546956956386,0.013427693583071231
rmse,model,surface_speed,1290,0.012947457966705163,0.01245975997298956,0.01349046640098095
rmse,model,surface_speed,1300,0.01298889039705197,0.01261402815580368,0.01334863230586052
rmse,model,surface_speed,1310,0.012982997670769691,0.012623653374612331,0.013352111913263798
rmse,model,surface_speed,1320,0.013129118209083876,0.012519247084856033,0.013703688979148865
rmse,model,surface_speed,1330,0.013142816598216693,0.012569908984005451,0.013812145218253136
rmse,model,surface_speed,1340,0.013055791767934958,0.012733889929950237,0.013389541767537594
rmse,model,surface_speed,1350,0.0130625340466698,0.012681706994771957,0.013609875738620759
rmse,model,surface_speed,1360,0.013120345957577228,0.012628241442143917,0.013641108572483063
rmse,model,surface_speed,1370,0.013061010278761387,0.012693837843835354,0.01358840987086296
rmse,model,surface_speed,1380,0.012976780161261558,0.01243202481418848,0.013506464660167694
rmse,model,surface_speed,1390,0.012983059945205848,0.012611502595245839,0.013580631278455258
rmse,model,surface_speed,1400,0.01294195478161176,0.012465773709118366,0.013392845541238785
rmse,model,surface_speed,1410,0.01290671235571305,0.012636058777570725,0.013261747732758521
rmse,model,surface_speed,1420,0.012950965948402882,0.01261676922440529,0.013286172971129417
rmse,model,surface_speed,1430,0.013029389393826326,0.012608370557427407,0.01364261731505394
rmse,model,surface_speed,1440,0.012961877509951591,0.01256734486669302,0.01352467704564333
rmse,model,surface_speed,1450,0.012983992447455723,0.012684770673513413,0.013464582711458206
rmse,model,surface_speed,1460,0.013010593317449092,0.012515975907444955,0.013531280681490898
rmse,model,surface_speed,1470,0.012925356688598792,0.01251930370926857,0.013334057852625847
rmse,model,surface_speed,1480,0.013068546044329802,0.012583430856466293,0.01354798600077629
rmse,model,surface_speed,1490,0.01313914346198241,0.012655553594231605,0.014021350815892219
rmse,model,surface_speed,1500,0.013058581637839477,0.012623469904065132,0.013568496704101563
rmse,model,surface_speed,1510,0.01292636077851057,0.012497728317975998,0.013457258045673371
rmse,model,surface_speed,1520,0.012974796071648597,0.012501883134245873,0.01381661370396614
rmse,model,surface_speed,1530,0.012963235874970754,0.012340260297060012,0.013505316525697707
rmse,model,surface_speed,1540,0.012944249374171098,0.012270468845963478,0.013618557155132294
rmse,model,surface_speed,1550,0.012958927576740583,0.01251053400337696,0.013582840748131274
rmse,model,surface_speed,1560,0.012991571985185146,0.012518367171287537,0.01357418429106474
rmse,model,surface_speed,1570,0.012936551123857498,0.01248506736010313,0.013407385349273682
rmse,model,surface_speed,1580,0.01289092501004537,0.012530158273875713,0.013255946524441242
rmse,model,surface_speed,1590,0.012974194871882597,0.012675928510725498,0.013492713309824466
rmse,model,surface_speed,1600,0.012903262302279473,0.012380299530923367,0.013477629609405994
rmse,model,surface_speed,1610,0.012921614882846674,0.012590360268950463,0.01335749849677086
rmse,model,surface_speed,1620,0.012961461146672567,0.012669864669442176,0.013361263647675514
rmse,model,surface_speed,1630,0.012938802130520344,0.012366321869194508,0.013322247564792633
rmse,model,surface_speed,1640,0.012917556862036387,0.012541271932423114,0.013273882307112217
rmse,model,surface_speed,1650,0.013004839792847634,0.012597372755408287,0.013505098782479763
rmse,model,surface_speed,1660,0.013118599293132622,0.012700549326837063,0.013726986199617385
rmse,model,surface_speed,1670,0.012978386568526427,0.012621179595589638,0.013471272587776183
rmse,model,surface_speed,1680,0.01288835604985555,0.012548398971557618,0.013407878391444684
rmse,model,surface_speed,1690,0.012897765077650548,0.012510668858885765,0.013538530841469765
rmse,model,surface_speed,1700,0.012822827883064747,0.012332838773727418,0.0132840134203434
rmse,model,surface_speed,1710,0.012823285162448883,0.012390862032771111,0.01330055259168148
rmse,model,surface_speed,1720,0.012871418272455533,0.012313672155141831,0.013626884296536445
rmse,model,surface_speed,1730,0.01289977083603541,0.012260515987873078,0.013685084320604802
rmse,model,surface_speed,1740,0.012896305446823438,0.012460662610828876,0.013526783138513566
rmse,model,surface_speed,1750,0.012925300498803456,0.01247248351573944,0.013412987068295478
rmse,model,surface_speed,1760,0.012929404092331728,0.012405421398580075,0.013474763929843902
rmse,model,surface_speed,1770,0.012911725416779518,0.012460649386048317,0.01361385714262724
rmse,model,surface_speed,1780,0.012979910460611184,0.012376195564866067,0.013656264171004295
rmse,model,surface_speed,1790,0.013021772479017575,0.012500333413481713,0.013743775896728039
rmse,model,surface_speed,1800,0.01293225089708964,0.012569975294172763,0.01337262224406004
rmse,model,surface_speed,1810,0.012949451493720213,0.012728306651115417,0.013429721258580685
rmse,model,surface_speed,1820,0.0131377587094903,0.01260965708643198,0.01362209152430296
rmse,model,surface_speed,1830,0.0131558187926809,0.012686393409967422,0.013581269979476928
rmse,model,surface_speed,1840,0.01314151156693697,0.012703845649957657,0.013726463727653026
rmse,model,surface_speed,1850,0.013134432335694632,0.0124705595895648,0.013862007856369018
rmse,model,surface_speed,1860,0.013095900478462378,0.012544829770922661,0.01365429237484932
rmse,model,surface_speed,1870,0.012967107569177945,0.01260243747383356,0.013361434452235699
rmse,model,surface_speed,1880,0.012979128584265708,0.012554556876420975,0.013599812425673008
rmse,model,surface_speed,1890,0.013012620744605859,0.012298251874744892,0.013541286066174506
rmse,model,surface_speed,1900,0.012985848324994246,0.012483994290232659,0.013405670784413815
rmse,model,surface_speed,1910,0.012965095539887747,0.012512898631393909,0.013353173062205315
rmse,model,surface_speed,1920,0.013019620068371296,0.012740872055292129,0.013391486555337905
rmse,model,surface_speed,1930,0.012925304472446442,0.012673421762883663,0.013153444044291973
rmse,model,surface_speed,1940,0.01302858063330253,0.012581893429160117,0.013435086607933045
rmse,model,surface_speed,1950,0.013077503070235252,0.01250351443886757,0.013698187470436097
rmse,model,surface_speed,1960,0.013014980405569077,0.01255396343767643,0.0133104944601655
rmse,model,surface_speed,1970,0.013029606640338897,0.012809591554105281,0.013405904918909074
rmse,model,surface_speed,1980,0.013110058444241682,0.01265396699309349,0.013541760668158532
rmse,model,surface_speed,1990,0.01313652116805315,0.012898702919483186,0.013419225066900253
rmse,model,surface_speed,2000,0.01316013044367234,0.012749662809073924,0.013602480851113796
rmse,climatology,surface_speed,0,0.0034442005989452204,0.00287977191619575,0.003875560965389013
rmse,climatology,surface_speed,10,0.0035104284062981604,0.003094617836177349,0.0038966566324234006
rmse,climatology,surface_speed,20,0.003547420430307587,0.003072134079411626,0.0043019942939281465
rmse,climatology,surface_speed,30,0.003514549182727933,0.003092056466266513,0.00456506572663784
rmse,climatology,surface_speed,40,0.0035392621842523417,0.002965962141752243,0.004791211057454348
rmse,climatology,surface_speed,50,0.003566974261775613,0.003036959981545806,0.004803465493023395
rmse,climatology,surface_speed,60,0.0035287216616173584,0.0030390224419534206,0.004567684605717659
rmse,climatology,surface_speed,70,0.0035106929950416087,0.0028928513173013927,0.004470290523022413
rmse,climatology,surface_speed,80,0.003526552952826023,0.003109109168872237,0.004170549474656581
rmse,climatology,surface_speed,90,0.0034272278503825267,0.002943176403641701,0.003827381134033203
rmse,climatology,surface_speed,100,0.0033568331661323705,0.0029825594741851092,0.003935295343399048
rmse,climatology,surface_speed,110,0.003405422329281767,0.003059694077819586,0.003970739617943764
rmse,climatology,surface_speed,120,0.003474108021085461,0.0029837605077773334,0.003997228760272265
rmse,climatology,surface_speed,130,0.0034748852252960206,0.0030780320521444082,0.00381172513589263
rmse,climatology,surface_speed,140,0.0034825090474138658,0.0029281149618327618,0.0038863522931933403
rmse,climatology,surface_speed,150,0.0035250418509046237,0.0030994242522865536,0.003868772415444255
rmse,climatology,surface_speed,160,0.003495829769720634,0.003119238140061498,0.004010770749300718
rmse,climatology,surface_speed,170,0.0035301468955973784,0.0029487555846571924,0.00408251890912652
rmse,climatology,surface_speed,180,0.003558365923042099,0.003057529916986823,0.004280426632612943
rmse,climatology,surface_speed,190,0.0035956642124801872,0.0030843290500342847,0.004045648127794265
rmse,climatology,surface_speed,200,0.0035386462075014907,0.003009729832410812,0.004055941198021174
rmse,climatology,surface_speed,210,0.0035849614224086205,0.002988535072654486,0.004364592675119639
rmse,climatology,surface_speed,220,0.0036243821028620004,0.002953187795355916,0.004680049698799848
rmse,climatology,surface_speed,230,0.003652802078674237,0.0030463059432804585,0.004676809906959534
rmse,climatology,surface_speed,240,0.0037113939101497333,0.002998485369607806,0.004929770436137915
rmse,climatology,surface_speed,250,0.0037641709049542746,0.00309427403844893,0.005064872838556766
rmse,climatology,surface_speed,260,0.0036990659000972906,0.0029575345572084187,0.0048165833577513695
rmse,climatology,surface_speed,270,0.003601826773956418,0.002978475112468004,0.004605913627892732
rmse,climatology,surface_speed,280,0.003624646443252762,0.003047523135319352,0.0045073144137859344
rmse,climatology,surface_speed,290,0.0036801341455429794,0.003060947032645345,0.0042630708776414394
rmse,climatology,surface_speed,300,0.0036576955889662107,0.0032213551457971334,0.004033236857503652
rmse,climatology,surface_speed,310,0.003650394454598427,0.0030773342587053776,0.0043269267305731775
rmse,climatology,surface_speed,320,0.0036573524742076796,0.0032360964454710484,0.004523624293506145
rmse,climatology,surface_speed,330,0.0036095798170814914,0.003170969430357218,0.004515306837856769
rmse,climatology,surface_speed,340,0.00361695634201169,0.0032426852267235518,0.004229567293077707
rmse,climatology,surface_speed,350,0.0035707703325897457,0.003175476100295782,0.004039018880575895
rmse,climatology,surface_speed,360,0.0035526296434303124,0.003050050279125571,0.00396313862875104
rmse,climatology,surface_speed,370,0.003423118016993006,0.0030280019156634806,0.0038171983789652584
rmse,climatology,surface_speed,380,0.0034165226699163515,0.003151419898495078,0.0036499320529401304
rmse,climatology,surface_speed,390,0.0033940750795106093,0.0029725370928645133,0.0038571241311728954
rmse,climatology,surface_speed,400,0.003375140173981587,0.0029208974447101355,0.0039056915789842605
rmse,climatology,surface_speed,410,0.003417674001927177,0.002990359580144286,0.003834861982613802
rmse,climatology,surface_speed,420,0.0034889162983745337,0.0030987619888037444,0.0038072438444942233
rmse,climatology,surface_speed,430,0.003473139399041732,0.003004395170137286,0.003899379353970289
rmse,climatology,surface_speed,440,0.0034159280825406314,0.0030882093124091625,0.00392351308837533
rmse,climatology,surface_speed,450,0.0034725637640804054,0.0029475912917405365,0.003916606027632952
rmse,climatology,surface_speed,460,0.003547144215553999,0.002980186743661761,0.004155945684760808
rmse,climatology,surface_speed,470,0.003548840153962374,0.0031480713747441768,0.004167617112398147
rmse,climatology,surface_speed,480,0.0035665270096311968,0.0030021341517567635,0.0039268328808248045
rmse,climatology,surface_speed,490,0.003599001451705893,0.003194466372951865,0.003981662355363369
rmse,climatology,surface_speed,500,0.003592263317356507,0.0029609384946525097,0.00416276203468442
rmse,climatology,surface_speed,510,0.0036398884374648334,0.003145270561799407,0.004505192674696445
rmse,climatology,surface_speed,520,0.0036930271579573553,0.003272200049832463,0.004490867350250482
rmse,climatology,surface_speed,530,0.003779845358803868,0.0033293867949396373,0.004842416383326054
rmse,climatology,surface_speed,540,0.003699436178430915,0.0031335268169641493,0.004915786255151033
rmse,climatology,surface_speed,550,0.003706487889091174,0.0030068826396018266,0.004945045616477728
rmse,climatology,surface_speed,560,0.003677255210156242,0.0031969523057341575,0.004792896751314402
rmse,climatology,surface_speed,570,0.003620003613953789,0.003258259827271104,0.0044356204569339745
rmse,climatology,surface_speed,580,0.0035926962271332743,0.0029379313345998526,0.004130696970969438
rmse,climatology,surface_speed,590,0.003612711187452078,0.0032041138038039207,0.004195695463567972
rmse,climatology,surface_speed,600,0.0036003262425462405,0.003219885379076004,0.0040060154162347315
rmse,climatology,surface_speed,610,0.0035377623668561378,0.0030802150256931784,0.004038932453840971
rmse,climatology,surface_speed,620,0.003609822628398736,0.0030251934193074705,0.004303804971277713
rmse,climatology,surface_speed,630,0.003749093133956194,0.0032135124783962965,0.004366020113229751
rmse,climatology,surface_speed,640,0.0037869798329969247,0.0031227793544530867,0.004823918268084526
rmse,climatology,surface_speed,650,0.0038353497783343,0.0030213434249162672,0.005390833877027035
rmse,climatology,surface_speed,660,0.0038749581358085076,0.003144743712618947,0.005793656967580318
rmse,climatology,surface_speed,670,0.003891379137833913,0.0030492324847728016,0.005990230385214091
rmse,climatology,surface_speed,680,0.0038831317021201053,0.0030071651097387077,0.006051855720579624
rmse,climatology,surface_speed,690,0.0038836736387262744,0.003057269332930446,0.005908575467765331
rmse,climatology,surface_speed,700,0.003916494688019157,0.003270990587770939,0.0056482220999896525
rmse,climatology,surface_speed,710,0.0037951110086093345,0.003149500209838152,0.0052973940968513485
rmse,climatology,surface_speed,720,0.003758036997169256,0.0029979840852320193,0.005140585545450448
rmse,climatology,surface_speed,730,0.0037270774754385155,0.0031089645344763994,0.0047839836217463015
rmse,climatology,surface_speed,740,0.003708714386448264,0.0031527201645076275,0.0045997962355613705
rmse,climatology,surface_speed,750,0.003715333590904872,0.0031317630782723427,0.004790961369872093
rmse,climatology,surface_speed,760,0.003753833022589485,0.003229153249412775,0.004419043939560652
rmse,climatology,surface_speed,770,0.0037673837350060543,0.0031331054866313933,0.004482447728514671
rmse,climatology,surface_speed,780,0.0037064772099256516,0.00316653111949563,0.004373760987073183
rmse,climatology,surface_speed,790,0.003763727657496929,0.0030543293803930284,0.004418186843395233
rmse,climatology,surface_speed,800,0.0038860648094365996,0.0033285323064774276,0.005015035066753625
rmse,climatology,surface_speed,810,0.003918086892614762,0.003233082126826048,0.0052787804976105685
rmse,climatology,surface_speed,820,0.003969973248119155,0.0033067821990698577,0.005211394187062978
rmse,climatology,surface_speed,830,0.004011034810294707,0.003164875693619251,0.005306841991841793
rmse,climatology,surface_speed,840,0.004071906845395764,0.003254347434267402,0.00552164502441883
rmse,climatology,surface_speed,850,0.0041003689169883725,0.0032039227429777385,0.005812089610844851
rmse,climatology,surface_speed,860,0.004143103118985891,0.003201471408829093,0.006007719039916992
rmse,climatology,surface_speed,870,0.004219145063931743,0.003267280152067542,0.006218700017780065
rmse,climatology,surface_speed,880,0.004143818529943625,0.003151559084653854,0.006144216377288103
rmse,climatology,surface_speed,890,0.004137500887736678,0.003300343081355095,0.0061009356752038
rmse,climatology,surface_speed,900,0.0041120982263237234,0.003133466187864542,0.005850545037537813
rmse,climatology,surface_speed,910,0.00407569653665026,0.0029940822627395392,0.0058530551381409165
rmse,climatology,surface_speed,920,0.004077354026958346,0.0030674343928694726,0.005691635049879551
rmse,climatology,surface_speed,930,0.004067470831796527,0.003135554539039731,0.005452668946236372
rmse,climatology,surface_speed,940,0.004042943955088655,0.0030604461673647164,0.005642736796289682
rmse,climatology,surface_speed,950,0.003911737632006407,0.0030279699712991714,0.005515201110392809
rmse,climatology,surface_speed,960,0.003878980161001285,0.0030614152085036038,0.0053939961828291414
rmse,climatology,surface_speed,970,0.0038994408057381707,0.003183938330039382,0.005155605915933847
rmse,climatology,surface_speed,980,0.0038547945053627095,0.0031395915430039167,0.004950684215873479
rmse,climatology,surface_speed,990,0.0038276090752333404,0.0032981418538838626,0.004634771030396223
rmse,climatology,surface_speed,1000,0.0037722464185208082,0.003279555682092905,0.004360083024948835
rmse,climatology,surface_speed,1010,0.003750532865524292,0.003203098149970174,0.00452825017273426
rmse,climatology,surface_speed,1020,0.003707697366674741,0.003256454737856984,0.0044142106547951695
rmse,climatology,surface_speed,1030,0.0037268843812247117,0.003343668952584267,0.0043557404540479185
rmse,climatology,surface_speed,1040,0.003763290805121263,0.0032599305268377066,0.004347844049334526
rmse,climatology,surface_speed,1050,0.003696082610016068,0.003075180808082223,0.004126107413321733
rmse,climatology,surface_speed,1060,0.0037045853522916635,0.0031346777454018594,0.004191340878605843
rmse,climatology,surface_speed,1070,0.0037244508353372415,0.00329936258494854,0.004290160536766052
rmse,climatology,surface_speed,1080,0.003748056509842475,0.0030224659014493225,0.00461678123101592
rmse,climatology,surface_speed,1090,0.0037833226068566244,0.003179195336997509,0.0051220451481640335
rmse,climatology,surface_speed,1100,0.003832730930298567,0.0030937471427023413,0.005179498251527547
rmse,climatology,surface_speed,1110,0.0038934827782213686,0.003198090195655823,0.0051554422825574875
rmse,climatology,surface_speed,1120,0.0038350632569442195,0.003074886044487357,0.004968061111867428
rmse,climatology,surface_speed,1130,0.0038775098510086536,0.0029611542820930483,0.005190879758447408
rmse,climatology,surface_speed,1140,0.0039942494904001554,0.003151484066620469,0.0056533244438469405
rmse,climatology,surface_speed,1150,0.0040427379931012785,0.003062023175880313,0.005912947468459606
rmse,climatology,surface_speed,1160,0.00406418660034736,0.0031162577215582132,0.0060672487132251264
rmse,climatology,surface_speed,1170,0.004051928718884786,0.0030624370090663435,0.006198585126549005
rmse,climatology,surface_speed,1180,0.004058603321512541,0.0031122938264161347,0.006119117233902216
rmse,climatology,surface_speed,1190,0.003961792122572661,0.0031002983916550873,0.0059352156706154345
rmse,climatology,surface_speed,1200,0.003940865475063522,0.0031701647210866215,0.005763308424502611
rmse,climatology,surface_speed,1210,0.003922421593839923,0.0032212958671152593,0.005514384340494871
rmse,climatology,surface_speed,1220,0.0037965656879047553,0.003252260060980916,0.005135362688452005
rmse,climatology,surface_speed,1230,0.003697969593728582,0.0030760550405830147,0.004745503421872854
rmse,climatology,surface_speed,1240,0.003644604965423544,0.0031321807764470577,0.0045104089193046095
rmse,climatology,surface_speed,1250,0.003608265115569035,0.0031651838682591913,0.004335521627217531
rmse,climatology,surface_speed,1260,0.0035578992683440447,0.0030994067434221505,0.004121405724436045
rmse,climatology,surface_speed,1270,0.003556328515211741,0.002971585653722286,0.004039733577519656
rmse,climatology,surface_speed,1280,0.0036112353360901275,0.0033054778818041087,0.0039359647780656815
rmse,climatology,surface_speed,1290,0.0035487339831888677,0.003137614857405424,0.003943083714693785
rmse,climatology,surface_speed,1300,0.0035691579338163137,0.002974908612668514,0.004195093084126711
rmse,climatology,surface_speed,1310,0.003685229892532031,0.003169501153752208,0.004286000970751047
rmse,climatology,surface_speed,1320,0.0037691787040481967,0.0031272268388420343,0.004498007241636515
rmse,climatology,surface_speed,1330,0.003802137216553092,0.0030636214185506107,0.005080049391835928
rmse,climatology,surface_speed,1340,0.0038104481219003597,0.0030207919888198377,0.005432756338268518
rmse,climatology,surface_speed,1350,0.003857655078172684,0.003125580493360758,0.00561300003901124
rmse,climatology,surface_speed,1360,0.0038019962764034667,0.0031744420994073153,0.0056923855096101756
rmse,climatology,surface_speed,1370,0.0038175030611455442,0.002938450174406171,0.005559752788394689
rmse,climatology,surface_speed,1380,0.0038270983068893353,0.00319438218139112,0.0052313563413918015
rmse,climatology,surface_speed,1390,0.0037556531683852275,0.0032109624706208708,0.00486080078408122
rmse,climatology,surface_speed,1400,0.0036671171120057503,0.003201105073094368,0.0046184285543859
rmse,climatology,surface_speed,1410,0.0036334261763840913,0.0031343935523182155,0.004546179156750441
rmse,climatology,surface_speed,1420,0.0036323242665578922,0.003105223225429654,0.004303124267607927
rmse,climatology,surface_speed,1430,0.0036214803035060565,0.0031326045747846363,0.0044042601250112055
rmse,climatology,surface_speed,1440,0.0036448878856996697,0.0030733455438166856,0.004075299482792616
rmse,climatology,surface_speed,1450,0.0037186847068369387,0.0032588269095867872,0.004116565641015768
rmse,climatology,surface_speed,1460,0.0036685879187037546,0.003153044916689396,0.004268525261431932
rmse,climatology,surface_speed,1470,0.0036606993215779465,0.0031296616420149804,0.00424495218321681
rmse,climatology,surface_speed,1480,0.0037587300253411134,0.003208954306319356,0.004557805322110652
rmse,climatology,surface_speed,1490,0.0038309722673147916,0.0033246657345443963,0.004964634962379932
rmse,climatology,surface_speed,1500,0.00385528146289289,0.003280721278861165,0.004849004745483398
rmse,climatology,surface_speed,1510,0.003876560057202975,0.0031980221159756184,0.0048506991937756535
rmse,climatology,surface_speed,1520,0.0039441089301059645,0.003262343956157565,0.005184317752718925
rmse,climatology,surface_speed,1530,0.00395515418301026,0.0032780941110104322,0.0053781050257384775
rmse,climatology,surface_speed,1540,0.004026128398254514,0.003191065788269043,0.005641661304980517
rmse,climatology,surface_speed,1550,0.004067059544225534,0.0032548892311751844,0.005928264930844307
rmse,climatology,surface_speed,1560,0.00406343680806458,0.0031456542667001484,0.005876727029681205
rmse,climatology,surface_speed,1570,0.0039912110505004724,0.0031052377074956895,0.005720737483352422
rmse,climatology,surface_speed,1580,0.003977850746984283,0.0032289471477270127,0.005441011395305395
rmse,climatology,surface_speed,1590,0.003944517361621062,0.0029692347161471844,0.005388551577925682
rmse,climatology,surface_speed,1600,0.0038940371324618656,0.003079746337607503,0.005198286566883326
rmse,climatology,surface_speed,1610,0.003890303165341417,0.0031091815792024134,0.004987064935266972
rmse,climatology,surface_speed,1620,0.0039162436500191685,0.003155094059184194,0.005257442127913237
rmse,climatology,surface_speed,1630,0.003824150701984763,0.003044127719476819,0.005205472186207771
rmse,climatology,surface_speed,1640,0.0037448540795594456,0.003066566726192832,0.004974288307130336
rmse,climatology,surface_speed,1650,0.003756815070907275,0.0031433104537427425,0.004802403599023819
rmse,climatology,surface_speed,1660,0.003764292784035206,0.0030959542840719224,0.004600167460739612
rmse,climatology,surface_speed,1670,0.003719385356331865,0.003297837404534221,0.004340550396591425
rmse,climatology,surface_speed,1680,0.003667901751274864,0.0033298728987574576,0.004043087549507618
rmse,climatology,surface_speed,1690,0.0036526487208902838,0.0032899929210543633,0.004133746027946472
rmse,climatology,surface_speed,1700,0.0035900415076563757,0.0032430616673082115,0.004305326566100121
rmse,climatology,surface_speed,1710,0.003632825752720237,0.0033484998159110544,0.003983055427670479
rmse,climatology,surface_speed,1720,0.003647590537245075,0.0032684660051018,0.0040404605679214
rmse,climatology,surface_speed,1730,0.003675739389533798,0.0032326100394129754,0.003994250763207674
rmse,climatology,surface_speed,1740,0.0036194265820086004,0.003186142398044467,0.004068666417151689
rmse,climatology,surface_speed,1750,0.0036664264742285015,0.0032110547181218863,0.004159070551395416
rmse,climatology,surface_speed,1760,0.003685531656568249,0.003159497957676649,0.004313196428120136
rmse,climatology,surface_speed,1770,0.0036834222730249165,0.003037991281598806,0.004785012081265449
rmse,climatology,surface_speed,1780,0.0037201007672895987,0.0030019063968211414,0.004792903922498226
rmse,climatology,surface_speed,1790,0.0037961250636726618,0.0032095990143716337,0.004806176479905844
rmse,climatology,surface_speed,1800,0.0037822038556138676,0.0030792617704719304,0.004665287956595421
rmse,climatology,surface_speed,1810,0.003754191752523184,0.003080715565010905,0.004779179580509663
rmse,climatology,surface_speed,1820,0.0038490587069342536,0.0030680518131703137,0.005186876095831394
rmse,climatology,surface_speed,1830,0.003951301084210475,0.003074760874733329,0.005495086126029491
rmse,climatology,surface_speed,1840,0.0039636118337512015,0.0032301380764693023,0.005694481730461121
rmse,climatology,surface_speed,1850,0.003958260811244448,0.0030062667094171045,0.005934592988342047
rmse,climatology,surface_speed,1860,0.00396994996505479,0.003242545481771231,0.005808637104928493
rmse,climatology,surface_speed,1870,0.0038945176483442387,0.002963586989790201,0.005602665897458792
rmse,climatology,surface_speed,1880,0.0038609168647478023,0.00315213305875659,0.0052895512431859965
rmse,climatology,surface_speed,1890,0.003816895776738723,0.0033157294150441886,0.005053679831326007
rmse,climatology,surface_speed,1900,0.003801497910171747,0.003359289560467005,0.00472285058349371
rmse,climatology,surface_speed,1910,0.003673368087038398,0.0031528493855148554,0.004321504663676023
rmse,climatology,surface_speed,1920,0.003664567228406668,0.003005043976008892,0.004414206743240356
rmse,climatology,surface_speed,1930,0.0036718524216363827,0.0032220630440860988,0.004179720859974622
rmse,climatology,surface_speed,1940,0.003676876146346331,0.003269837656989694,0.004140777885913849
rmse,climatology,surface_speed,1950,0.0037284130230545998,0.002957217022776604,0.004531216621398926
rmse,climatology,surface_speed,1960,0.003827442197750012,0.0032428909093141557,0.0046873754821717736
rmse,climatology,surface_speed,1970,0.003859008941799402,0.00321637406013906,0.005128767527639866
rmse,climatology,surface_speed,1980,0.00382693267116944,0.003108407137915492,0.005516718607395887
rmse,climatology,surface_speed,1990,0.003871361274893085,0.003085223585367203,0.005773772299289703
rmse,climatology,surface_speed,2000,0.0039475432441880304,0.0032892007846385242,0.0059175299480557445
rmse,persistence,surface_speed,0,0.0,0.0,0.0
rmse,persistence,surface_speed,10,0.0023572532227262855,0.0018963044043630362,0.0027663080487400292
rmse,persistence,surface_speed,20,0.003400436214481791,0.0029766032472252845,0.004053850192576647
rmse,persistence,surface_speed,30,0.00391251506904761,0.0035253064706921577,0.004308911599218845
rmse,persistence,surface_speed,40,0.004639810618634025,0.003953629685565829,0.005117436870932579
rmse,persistence,surface_speed,50,0.005038322228938341,0.004373225476592779,0.005583388730883598
rmse,persistence,surface_speed,60,0.005001902890702088,0.004390926007181406,0.005515665281563997
rmse,persistence,surface_speed,70,0.005037047807127238,0.004310251865535975,0.005785898771136999
rmse,persistence,surface_speed,80,0.005074647969255845,0.004635517112910747,0.00565723879262805
rmse,persistence,surface_speed,90,0.005038200784474612,0.004659904260188341,0.005478307232260704
rmse,persistence,surface_speed,100,0.005005148239433765,0.004520984925329685,0.005603096541017294
rmse,persistence,surface_speed,110,0.005097492535909017,0.0046012021601200105,0.005618757009506226
rmse,persistence,surface_speed,120,0.005242130439728499,0.004708578623831272,0.005810542497783899
rmse,persistence,surface_speed,130,0.00490835647409161,0.004304117057472467,0.0060242117382586
rmse,persistence,surface_speed,140,0.004261675399417678,0.003474553767591715,0.005655288882553578
rmse,persistence,surface_speed,150,0.004050730417172114,0.003170584701001644,0.00537145072594285
rmse,persistence,surface_speed,160,0.0033371809559563795,0.00251683103851974,0.004723521322011947
rmse,persistence,surface_speed,170,0.002038806319857637,0.0008841575472615659,0.003926041163504123
rmse,persistence,surface_speed,180,0.0031738621182739735,0.002033446403220296,0.0045071830041706566
rmse,persistence,surface_speed,190,0.004137167287990451,0.003094263980165124,0.005409853905439376
rmse,persistence,surface_speed,200,0.004568165556217234,0.0035656771622598173,0.0058641361072659486
rmse,persistence,surface_speed,210,0.0052292381413280966,0.0041028596460819244,0.00624394379556179
rmse,persistence,surface_speed,220,0.005647476545224587,0.0045807227492332455,0.006754624005407095
rmse,persistence,surface_speed,230,0.005675594105074803,0.004592994879931212,0.00685798330232501
rmse,persistence,surface_speed,240,0.005739325160781543,0.004475494660437107,0.0068112539127469065
rmse,persistence,surface_speed,250,0.0057803652870158356,0.004724288173019886,0.007133145444095134
rmse,persistence,surface_speed,260,0.005747358128428459,0.0049191095866262914,0.006669763196259737
rmse,persistence,surface_speed,270,0.005653013475239277,0.004880719818174839,0.006477510929107666
rmse,persistence,surface_speed,280,0.005660365987569094,0.004826950561255217,0.0063990683294832705
rmse,persistence,surface_speed,290,0.005760909554859002,0.0051187979988753796,0.006461274251341819
rmse,persistence,surface_speed,300,0.0054432791968186695,0.004798935074359178,0.006298672314733266
rmse,persistence,surface_speed,310,0.004777532971153657,0.0039893138688057665,0.005921192932873964
rmse,persistence,surface_speed,320,0.004472513512397806,0.0035731963347643615,0.005841599870473146
rmse,persistence,surface_speed,330,0.003862670964250962,0.0029170972760766745,0.005194236524403095
rmse,persistence,surface_speed,340,0.0026680357831840714,0.0017475624103099109,0.004302652552723885
rmse,persistence,surface_speed,350,0.0032691159440825382,0.0024613537825644016,0.0044449083507061005
rmse,persistence,surface_speed,360,0.004160525447999438,0.0034341805148869753,0.0050718699581921095
rmse,persistence,surface_speed,370,0.004474535584449768,0.004023437388241291,0.005208440870046615
rmse,persistence,surface_speed,380,0.005054445192217827,0.004561838880181313,0.005511907953768968
rmse,persistence,surface_speed,390,0.0054516919888556005,0.005055133439600468,0.005788940377533436
rmse,persistence,surface_speed,400,0.005460472746441762,0.005090691428631544,0.005887399427592754
rmse,persistence,surface_speed,410,0.005481966957449913,0.004913245514035225,0.005999371502548456
rmse,persistence,surface_speed,420,0.005519127783675988,0.0049271484836936,0.006351049337536096
rmse,persistence,surface_speed,430,0.005508948086450497,0.004878811351954937,0.006269664131104946
rmse,persistence,surface_speed,440,0.005450557234386603,0.004763821419328451,0.006168003287166357
rmse,persistence,surface_speed,450,0.005463121738284826,0.004862395022064448,0.006473447661846876
rmse,persistence,surface_speed,460,0.00557916092996796,0.004863769095391035,0.006686387583613396
rmse,persistence,surface_speed,470,0.005327096239974101,0.004516820423305035,0.006115107983350754
rmse,persistence,surface_speed,480,0.004665089057137569,0.003770272620022297,0.00559046259149909
rmse,persistence,surface_speed,490,0.004341744227955738,0.003203916037455201,0.005298473406583071
rmse,persistence,surface_speed,500,0.003843289986252785,0.002844778401777148,0.004937667306512595
rmse,persistence,surface_speed,510,0.002475308945092062,0.0010739153949543834,0.004671494290232658
rmse,persistence,surface_speed,520,0.0030618602487569053,0.0016359001398086547,0.004929003119468689
rmse,persistence,surface_speed,530,0.004174561301867167,0.002898596553131938,0.0058708351105451586
rmse,persistence,surface_speed,540,0.004551377659663558,0.003627162426710129,0.0064676754176616665
rmse,persistence,surface_speed,550,0.005107116466388106,0.004007698688656092,0.006824563629925251
rmse,persistence,surface_speed,560,0.005499805820484956,0.004485773760825396,0.007001078873872757
rmse,persistence,surface_speed,570,0.005472481312851111,0.004585734847933054,0.006818163860589265
rmse,persistence,surface_speed,580,0.005380578028659026,0.004450063407421112,0.006334721948951483
rmse,persistence,surface_speed,590,0.005325818154960871,0.004542510025203228,0.006327283289283514
rmse,persistence,surface_speed,600,0.005236121608565251,0.004676099121570587,0.006057074014097452
rmse,persistence,surface_speed,610,0.0050830019327501455,0.004402415361255407,0.005687887035310269
rmse,persistence,surface_speed,620,0.00504424221192797,0.0044474158436059955,0.005837712530046701
rmse,persistence,surface_speed,630,0.0051690690529843175,0.00461044954136014,0.00586423184722662
rmse,persistence,surface_speed,640,0.0049473272636532785,0.004380558151751757,0.005597754567861557
rmse,persistence,surface_speed,650,0.004251193627715111,0.0036909297574311494,0.0051086157560348506
rmse,persistence,surface_speed,660,0.003851220058277249,0.003065067669376731,0.004903842788189649
rmse,persistence,surface_speed,670,0.003385084324205915,0.002705602627247572,0.004403636883944273
rmse,persistence,surface_speed,680,0.0017251373191053668,0.00106894513592124,0.0034296130761504165
rmse,persistence,surface_speed,690,0.0020694298359254996,0.0013607382541522383,0.003387904353439807
rmse,persistence,surface_speed,700,0.003471746714785695,0.0027288625948131084,0.004634253215044737
rmse,persistence,surface_speed,710,0.003925676892201106,0.003254587994888425,0.00475514680147171
rmse,persistence,surface_speed,720,0.004550354353462656,0.0038087906781584025,0.005392076261341572
rmse,persistence,surface_speed,730,0.00508300078411897,0.0043534042313694956,0.005909467861056328
rmse,persistence,surface_speed,740,0.005194185518970092,0.004483490716665983,0.005787597689777613
rmse,persistence,surface_speed,750,0.005220996371159951,0.004459600709378719,0.006076911557465791
rmse,persistence,surface_speed,760,0.005301767680794001,0.004441932961344719,0.005885125789791346
rmse,persistence,surface_speed,770,0.005354811530560255,0.004718531016260385,0.00607187207788229
rmse,persistence,surface_speed,780,0.005339317210018635,0.004516999609768391,0.005907412618398666
rmse,persistence,surface_speed,790,0.005396695745488008,0.004457026999443769,0.0062595194205641745
rmse,persistence,surface_speed,800,0.005603102811922629,0.0047970333136618136,0.007041260506957769
rmse,persistence,surface_speed,810,0.005536130505303541,0.004672197811305523,0.0068543291650712485
rmse,persistence,surface_speed,820,0.005010963355501493,0.004037143941968679,0.006309194024652243
rmse,persistence,surface_speed,830,0.004668606941898664,0.003499203361570835,0.006160050164908171
rmse,persistence,surface_speed,840,0.004438312926019232,0.003036916861310601,0.006139111146330833
rmse,persistence,surface_speed,850,0.003425469622015953,0.0016500282799825072,0.005624579917639494
rmse,persistence,surface_speed,860,0.0035220150214930377,0.0016738174017518759,0.005766401998698711
rmse,persistence,surface_speed,870,0.004626492783427238,0.003209978714585304,0.006766205746680498
rmse,persistence,surface_speed,880,0.005035150004550815,0.0037056658416986465,0.007082483731210232
rmse,persistence,surface_speed,890,0.00553062188749512,0.004345502983778715,0.007317334134131669
rmse,persistence,surface_speed,900,0.006005618628114462,0.004838761314749718,0.007548190094530582
rmse,persistence,surface_speed,910,0.006109945351878802,0.004924963228404522,0.007585733849555254
rmse,persistence,surface_speed,920,0.006074961709479491,0.004947314597666263,0.0075631609186530115
rmse,persistence,surface_speed,930,0.006086391893525918,0.004909695591777563,0.007441793102771044
rmse,persistence,surface_speed,940,0.006070409528911113,0.005158701352775097,0.00717618502676487
rmse,persistence,surface_speed,950,0.005959299765527249,0.00498815681785345,0.007159438077360391
rmse,persistence,surface_speed,960,0.005875839572399855,0.004784392658621073,0.007170396577566861
rmse,persistence,surface_speed,970,0.005941695099075635,0.0052096136845648285,0.007243929803371429
rmse,persistence,surface_speed,980,0.00581258883078893,0.005201651249080896,0.006831810716539621
rmse,persistence,surface_speed,990,0.005212103171894948,0.0045581328682601455,0.006122420076280832
rmse,persistence,surface_speed,1000,0.0046851498230050005,0.003915472701191902,0.005813296232372522
rmse,persistence,surface_speed,1010,0.00439526039796571,0.0033681971486657857,0.005336927715688944
rmse,persistence,surface_speed,1020,0.003335756730909149,0.002425759844481945,0.004645003285259008
rmse,persistence,surface_speed,1030,0.003067122904273371,0.0021204645279794933,0.004468601569533348
rmse,persistence,surface_speed,1040,0.00416096206754446,0.0032934595365077257,0.00501104686409235
rmse,persistence,surface_speed,1050,0.0046381768149634205,0.0039043800439685582,0.0054437012411654
rmse,persistence,surface_speed,1060,0.005128333251923323,0.0044534155167639256,0.005899022612720728
rmse,persistence,surface_speed,1070,0.00566400724152724,0.004875857848674059,0.006607633363455534
rmse,persistence,surface_speed,1080,0.005856433107207219,0.005266435258090496,0.00676143579185009
rmse,persistence,surface_speed,1090,0.005839476982752482,0.00504232281818986,0.006960815750062466
rmse,persistence,surface_speed,1100,0.005869851137200992,0.004766492825001478,0.00713214110583067
rmse,persistence,surface_speed,1110,0.005892710573971271,0.004946447629481554,0.007171900290995836
rmse,persistence,surface_speed,1120,0.005844780740638574,0.0049082874320447445,0.006918044481426478
rmse,persistence,surface_speed,1130,0.0058275726002951465,0.004739301837980747,0.007537894695997238
rmse,persistence,surface_speed,1140,0.005948313449819883,0.0048128762282431126,0.007864679396152496
rmse,persistence,surface_speed,1150,0.005934796202927828,0.004819305706769228,0.008020449429750443
rmse,persistence,surface_speed,1160,0.005417408204327027,0.004125868156552315,0.00787895154207945
rmse,persistence,surface_speed,1170,0.00487287905998528,0.003428297210484743,0.007547549903392792
rmse,persistence,surface_speed,1180,0.004634454970558485,0.003170232893899083,0.007143471855670214
rmse,persistence,surface_speed,1190,0.003508291121882697,0.0019418489886447788,0.006615527626127005
rmse,persistence,surface_speed,1200,0.0027745178978269298,0.0010628596879541873,0.006167668104171753
rmse,persistence,surface_speed,1210,0.00397006249986589,0.0024467438459396364,0.006332044396549464
rmse,persistence,surface_speed,1220,0.004448531552528342,0.0033753262367099525,0.0064734254963696005
rmse,persistence,surface_speed,1230,0.004818002724399169,0.003870141413062811,0.006468635145574808
rmse,persistence,surface_speed,1240,0.005300628890593847,0.00425739623606205,0.0065472438931465145
rmse,persistence,surface_speed,1250,0.005444886566450199,0.004637944418936968,0.006589002441614866
rmse,persistence,surface_speed,1260,0.005300812485317389,0.004424085188657045,0.006184440851211548
rmse,persistence,surface_speed,1270,0.005244506678233544,0.004343059007078409,0.006119159795343876
rmse,persistence,surface_speed,1280,0.005192808248102665,0.004703289084136486,0.005935985594987869
rmse,persistence,surface_speed,1290,0.0050492895146210985,0.004575928766280412,0.005735097266733646
rmse,persistence,surface_speed,1300,0.004944966019441684,0.004371592588722706,0.005659028328955173
rmse,persistence,surface_speed,1310,0.0050289529996613664,0.004532273951917886,0.005588375963270664
rmse,persistence,surface_speed,1320,0.0050431739538908,0.004572335723787546,0.005450478382408619
rmse,persistence,surface_speed,1330,0.004511839322124918,0.003945218212902546,0.005260591302067041
rmse,persistence,surface_speed,1340,0.0038570433389395475,0.003260200330987573,0.004497291706502438
rmse,persistence,surface_speed,1350,0.00363113172352314,0.0029475053772330282,0.004508997779339552
rmse,persistence,surface_speed,1360,0.002482177596539259,0.0019679486751556395,0.003491976391524076
rmse,persistence,surface_speed,1370,0.0012254978064447641,0.0006563208531588316,0.0025906062684953207
rmse,persistence,surface_speed,1380,0.0029382498158762854,0.002223551087081432,0.003914139233529568
rmse,persistence,surface_speed,1390,0.003715201405187448,0.003082114038988948,0.004479708708822727
rmse,persistence,surface_speed,1400,0.004202533264954885,0.0036734355147928,0.004727709386497736
rmse,persistence,surface_speed,1410,0.004859954491257668,0.004090240597724915,0.0055304613895714285
rmse,persistence,surface_speed,1420,0.005176058287421862,0.004427383281290531,0.0058839056640863415
rmse,persistence,surface_speed,1430,0.005168139996627966,0.004416558332741261,0.005942401476204395
rmse,persistence,surface_speed,1440,0.005245799912760655,0.004315217025578022,0.005944471061229706
rmse,persistence,surface_speed,1450,0.0053238588074843085,0.00466614980250597,0.006139884609729051
rmse,persistence,surface_speed,1460,0.0053221007498602075,0.00460212528705597,0.006088066566735506
rmse,persistence,surface_speed,1470,0.005320866250743469,0.004494857601821422,0.006176459416747093
rmse,persistence,surface_speed,1480,0.005458444977800052,0.004752844013273716,0.006761322170495986
rmse,persistence,surface_speed,1490,0.005586259905248881,0.004788544028997421,0.006795710045844316
rmse,persistence,surface_speed,1500,0.005228083425511916,0.004362311773002147,0.006313096825033426
rmse,persistence,surface_speed,1510,0.004673784909149011,0.0036097405012696982,0.006000296585261821
rmse,persistence,surface_speed,1520,0.004543159669265151,0.0032019917853176594,0.006274563167244195
rmse,persistence,surface_speed,1530,0.0038572998562206823,0.0024644196033477782,0.005624311603605747
rmse,persistence,surface_speed,1540,0.0030665295431390404,0.001171397906728089,0.00517948642373085
rmse,persistence,surface_speed,1550,0.004085352007920543,0.0027279703877866267,0.0061117812991142275
rmse,persistence,surface_speed,1560,0.004779796814545989,0.003477227408438921,0.006726144719868898
rmse,persistence,surface_speed,1570,0.005139179310450951,0.0039255739189684394,0.006801263708621263
rmse,persistence,surface_speed,1580,0.005682322041441997,0.004672287218272686,0.007071584090590477
rmse,persistence,surface_speed,1590,0.005959459207952022,0.005055621452629566,0.00717590507119894
rmse,persistence,surface_speed,1600,0.005892271362245083,0.004831692203879356,0.007122096791863442
rmse,persistence,surface_speed,1610,0.005893979345758756,0.004869590979069471,0.007101035118103027
rmse,persistence,surface_speed,1620,0.005897004591921965,0.004927052836865187,0.006940282322466374
rmse,persistence,surface_speed,1630,0.005824575976779063,0.0050569319166243075,0.00698628993704915
rmse,persistence,surface_speed,1640,0.0057161887797216576,0.004886740725487471,0.006701846979558467
rmse,persistence,surface_speed,1650,0.0057110732421278955,0.00493195578455925,0.006909097637981176
rmse,persistence,surface_speed,1660,0.005763021639237801,0.005200968403369188,0.006718640960752964
rmse,persistence,surface_speed,1670,0.0053711806423962115,0.004885209258645773,0.006098747439682484
rmse,persistence,surface_speed,1680,0.004682545115550359,0.004138033278286457,0.005630040448158979
rmse,persistence,surface_speed,1690,0.004417501902207732,0.0036834918428212404,0.005370434746146202
rmse,persistence,surface_speed,1700,0.003736209279547135,0.0030075446236878635,0.004789955355226994
rmse,persistence,surface_speed,1710,0.002696205916193624,0.0016872254665941,0.004138135630637407
rmse,persistence,surface_speed,1720,0.0035101009998470545,0.002668462600558996,0.00443106573075056
rmse,persistence,surface_speed,1730,0.004366403073072433,0.0034663799218833447,0.005170018225908279
rmse,persistence,surface_speed,1740,0.004748071761180957,0.004115318227559328,0.005522637534886598
rmse,persistence,surface_speed,1750,0.005348116190483173,0.0045160575769841674,0.006305356975644827
rmse,persistence,surface_speed,1760,0.005706597957760096,0.005075607262551784,0.006622750498354435
rmse,persistence,surface_speed,1770,0.005701262690126896,0.004925412777811289,0.006818578112870455
rmse,persistence,surface_speed,1780,0.005710882134735584,0.004649955872446298,0.006641272269189358
rmse,persistence,surface_speed,1790,0.00572659932076931,0.004777884669601917,0.006903865374624729
rmse,persistence,surface_speed,1800,0.005709075275808573,0.00471342084929347,0.006803940422832966
rmse,persistence,surface_speed,1810,0.005659939814358949,0.004557632748037577,0.007090380229055881
rmse,persistence,surface_speed,1820,0.00570364532371362,0.004726418573409319,0.007337826769798994
rmse,persistence,surface_speed,1830,0.005841899352769057,0.004777773283421993,0.00774676576256752
rmse,persistence,surface_speed,1840,0.005564475152641535,0.004379802942276001,0.007744576688855887
rmse,persistence,surface_speed,1850,0.004895409693320593,0.0036871285177767278,0.007463766168802977
rmse,persistence,surface_speed,1860,0.004609965408841769,0.003183929715305567,0.006985699292272329
rmse,persistence,surface_speed,1870,0.003981175910060604,0.0027217721566557885,0.006540459115058184
rmse,persistence,surface_speed,1880,0.0025339839087488753,0.0010082015069201589,0.005674124415963888
rmse,persistence,surface_speed,1890,0.003168973970847825,0.0018386152805760503,0.0055471364408731455
rmse,persistence,surface_speed,1900,0.004077139993508657,0.0029863468836992977,0.005762614216655493
rmse,persistence,surface_speed,1910,0.0043580583141495785,0.0036568849347531794,0.0058443968184292315
rmse,persistence,surface_speed,1920,0.004878208382676045,0.003932807967066765,0.00593264615163207
rmse,persistence,surface_speed,1930,0.005218085460364818,0.004443005565553904,0.006151448283344507
rmse,persistence,surface_speed,1940,0.0051523529303570586,0.004443058464676142,0.005958830937743187
rmse,persistence,surface_speed,1950,0.005110645511498054,0.00431145541369915,0.00578442383557558
rmse,persistence,surface_speed,1960,0.005125841405242681,0.004485227353870869,0.0058028134517371655
rmse,persistence,surface_speed,1970,0.005113098180542389,0.004577877465635538,0.005581919196993112
rmse,persistence,surface_speed,1980,0.0050397469662129876,0.0043289877474308016,0.005818288121372461
rmse,persistence,surface_speed,1990,0.005058412750562032,0.004401824437081814,0.005868975631892681
rmse,persistence,surface_speed,2000,0.005199551799645027,0.004577579721808433,0.005877254996448755
rmse,model,phihyd_surface,0,0.0,0.0,0.0
rmse,model,phihyd_surface,10,0.021573340396086375,0.01776265949010849,0.02507438659667969
rmse,model,phihyd_surface,20,0.03981280898054441,0.03053421340882778,0.048954741656780244
rmse,model,phihyd_surface,30,0.0634513591726621,0.04497704431414604,0.08206599354743957
rmse,model,phihyd_surface,40,0.0966504842042923,0.06446743458509445,0.1281955599784851
rmse,model,phihyd_surface,50,0.1394098887840907,0.09209972470998765,0.18206803798675536
rmse,model,phihyd_surface,60,0.18664802213509876,0.12917329370975494,0.23145209550857543
rmse,model,phihyd_surface,70,0.23130667010943096,0.17446800768375398,0.2687774360179901
rmse,model,phihyd_surface,80,0.2688706229130427,0.22278095483779908,0.2949746012687683
rmse,model,phihyd_surface,90,0.29830875198046364,0.26697899103164674,0.3138981521129608
rmse,model,phihyd_surface,100,0.3204744100570679,0.3023855209350586,0.32856041193008423
rmse,model,phihyd_surface,110,0.33708306948343914,0.3284702003002167,0.34184502959251406
rmse,model,phihyd_surface,120,0.34995784759521487,0.34574177861213684,0.35370763540267947
rmse,model,phihyd_surface,130,0.3603680233160655,0.3557194650173187,0.3642310738563538
rmse,model,phihyd_surface,140,0.36913617253303527,0.3630675971508026,0.37324183583259585
rmse,model,phihyd_surface,150,0.37673149108886717,0.36985886096954346,0.3815767586231232
rmse,model,phihyd_surface,160,0.38336578210194905,0.3761841177940369,0.3886071503162384
rmse,model,phihyd_surface,170,0.38924378355344136,0.381959593296051,0.39479103684425354
rmse,model,phihyd_surface,180,0.3945807119210561,0.38712191581726074,0.4003464221954346
rmse,model,phihyd_surface,190,0.39941227237383525,0.39167646169662473,0.4051771640777588
rmse,model,phihyd_surface,200,0.4037319858868917,0.3957183301448822,0.40970432162284853
rmse,model,phihyd_surface,210,0.4076046446959178,0.3993100166320801,0.4138688564300537
rmse,model,phihyd_surface,220,0.41107650597890216,0.40245101451873777,0.41747536063194274
rmse,model,phihyd_surface,230,0.41419957677523295,0.40537246465682986,0.4206764340400696
rmse,model,phihyd_surface,240,0.41704119245211285,0.4082575082778931,0.423697692155838
rmse,model,phihyd_surface,250,0.419639257589976,0.41109493374824524,0.42624404430389407
rmse,model,phihyd_surface,260,0.4219574471314748,0.4139723241329193,0.4283543944358826
rmse,model,phihyd_surface,270,0.4240418910980225,0.41701921820640564,0.4300050437450409
rmse,model,phihyd_surface,280,0.42597087820370994,0.4199166178703308,0.4313941359519958
rmse,model,phihyd_surface,290,0.4277775724728902,0.42259196043014524,0.4325811505317688
rmse,model,phihyd_surface,300,0.42946286996205646,0.42525898218154906,0.4336340487003326
rmse,model,phihyd_surface,310,0.43104491631189984,0.42781552076339724,0.4346939444541931
rmse,model,phihyd_surface,320,0.43253740270932517,0.4301386833190918,0.43567943572998047
rmse,model,phihyd_surface,330,0.4339546799659729,0.4317465007305145,0.43658252358436583
rmse,model,phihyd_surface,340,0.43532108863194785,0.4333364963531494,0.4376594007015228
rmse,model,phihyd_surface,350,0.43668380777041116,0.434854781627655,0.43890660405159
rmse,model,phihyd_surface,360,0.43803406357765196,0.43586580753326415,0.4400850534439087
rmse,model,phihyd_surface,370,0.4393440246582031,0.4368377089500427,0.4414657473564148
rmse,model,phihyd_surface,380,0.4406158288319906,0.43780259490013124,0.4432286858558655
rmse,model,phihyd_surface,390,0.4419238289197286,0.43888179063796995,0.44483524560928345
rmse,model,phihyd_surface,400,0.4432862937450409,0.44007849097251894,0.44663554430007935
rmse,model,phihyd_surface,410,0.4446830133597056,0.4412463068962097,0.4485701024532318
rmse,model,phihyd_surface,420,0.4461466670036316,0.4424886584281921,0.45035443305969236
rmse,model,phihyd_surface,430,0.447638859351476,0.4437429666519165,0.45225459337234497
rmse,model,phihyd_surface,440,0.44915105899175006,0.444792902469635,0.4541890621185303
rmse,model,phihyd_surface,450,0.4507605075836182,0.44590687155723574,0.4560218572616577
rmse,model,phihyd_surface,460,0.4524734119574229,0.447310733795166,0.45794970393180845
rmse,model,phihyd_surface,470,0.4542186141014099,0.44871787428855897,0.4598389148712158
rmse,model,phihyd_surface,480,0.4559817890326182,0.45006046891212464,0.46158739924430847
rmse,model,phihyd_surface,490,0.4577942967414856,0.45147772431373595,0.4634224891662598
rmse,model,phihyd_surface,500,0.4596616963545481,0.4528634786605835,0.4654598832130432
rmse,model,phihyd_surface,510,0.46157306830088296,0.4542882561683655,0.4674801409244537
rmse,model,phihyd_surface,520,0.463540921608607,0.45592802166938784,0.4694626271724701
rmse,model,phihyd_surface,530,0.4655669053395589,0.4576673567295074,0.4714010000228882
rmse,model,phihyd_surface,540,0.46760379473368324,0.4592400789260864,0.4734325647354126
rmse,model,phihyd_surface,550,0.46961403091748555,0.4607719123363495,0.47550728917121887
rmse,model,phihyd_surface,560,0.4716503659884135,0.46282650232315065,0.47768943309783934
rmse,model,phihyd_surface,570,0.47373827497164406,0.4648346722126007,0.4797942578792572
rmse,model,phihyd_surface,580,0.4757992724577586,0.4667142450809479,0.48194671273231504
rmse,model,phihyd_surface,590,0.47783387899398805,0.4686249792575836,0.48407496213912965
rmse,model,phihyd_surface,600,0.47983797391255695,0.47060975432395935,0.4863686621189117
rmse,model,phihyd_surface,610,0.48178829153378805,0.4725860059261322,0.48859896659851076
rmse,model,phihyd_surface,620,0.4836526950200399,0.4745286762714386,0.49066590070724486
rmse,model,phihyd_surface,630,0.4855331619580587,0.4764660596847534,0.49274514317512513
rmse,model,phihyd_surface,640,0.48743516008059184,0.4783214330673218,0.4947261273860931
rmse,model,phihyd_surface,650,0.48921205202738444,0.48003390431404114,0.49636738896369936
rmse,model,phihyd_surface,660,0.4909278690814972,0.4817635118961334,0.49815394282341
rmse,model,phihyd_surface,670,0.4926067213217417,0.48359494805336,0.4996925175189972
rmse,model,phihyd_surface,680,0.49423787792523705,0.48540410995483396,0.50137859582901
rmse,model,phihyd_surface,690,0.4958725571632385,0.4871588349342346,0.5028975009918213
rmse,model,phihyd_surface,700,0.4973971784114838,0.48882591128349306,0.5044455766677857
rmse,model,phihyd_surface,710,0.4987683693567912,0.49053704738616943,0.506106972694397
rmse,model,phihyd_surface,720,0.5000403821468353,0.49225765466690063,0.5072299599647522
rmse,model,phihyd_surface,730,0.5012839873631795,0.4937780797481537,0.5084097981452942
rmse,model,phihyd_surface,740,0.5024526278177898,0.49528228044509887,0.5098231315612793
rmse,model,phihyd_surface,750,0.503597742319107,0.4968481481075287,0.5108346223831177
rmse,model,phihyd_surface,760,0.5046945571899414,0.49801191687583923,0.5118274569511414
rmse,model,phihyd_surface,770,0.5057139078776042,0.4991670548915863,0.5127358436584473
rmse,model,phihyd_surface,780,0.5067871471246084,0.5005489528179169,0.5136204361915588
rmse,model,phihyd_surface,790,0.5077888985474904,0.5016215085983277,0.5144758224487305
rmse,model,phihyd_surface,800,0.508750836054484,0.5026260614395142,0.5152949690818787
rmse,model,phihyd_surface,810,0.5097275972366333,0.5035704016685486,0.5159627437591553
rmse,model,phihyd_surface,820,0.510647302865982,0.504439115524292,0.5167349338531494
rmse,model,phihyd_surface,830,0.511514675617218,0.5052136778831482,0.5176538348197937
rmse,model,phihyd_surface,840,0.5123746196428934,0.5058621644973755,0.518191909790039
rmse,model,phihyd_surface,850,0.5131693780422211,0.5065691828727722,0.5188039183616638
rmse,model,phihyd_surface,860,0.5140056610107422,0.5074889779090881,0.5201480150222778
rmse,model,phihyd_surface,870,0.5148701389630636,0.5084362745285034,0.5210572123527527
rmse,model,phihyd_surface,880,0.5156661669413248,0.509172773361206,0.5215986490249633
rmse,model,phihyd_surface,890,0.5164585888385773,0.5102261662483215,0.5222035884857178
rmse,model,phihyd_surface,900,0.5172251383463542,0.5113079428672791,0.5233154535293579
rmse,model,phihyd_surface,910,0.5179891705513,0.5119488954544067,0.5240914344787597
rmse,model,phihyd_surface,920,0.5187468945980072,0.5128024578094482,0.5243706107139587
rmse,model,phihyd_surface,930,0.5195519328117371,0.5137512922286988,0.5248275637626648
rmse,model,phihyd_surface,940,0.5203237652778625,0.5146611928939819,0.5250554203987121
rmse,model,phihyd_surface,950,0.5210248390833537,0.5156886458396912,0.5255170583724975
rmse,model,phihyd_surface,960,0.5217201908429464,0.5165414333343505,0.5262269496917724
rmse,model,phihyd_surface,970,0.5224231680234274,0.5173945426940918,0.5264541268348694
rmse,model,phihyd_surface,980,0.5231441299120585,0.5183768391609191,0.5271280527114868
rmse,model,phihyd_surface,990,0.523765230178833,0.5193230271339416,0.5275612950325013
rmse,model,phihyd_surface,1000,0.5242987672487894,0.5199357748031617,0.5277694821357727
rmse,model,phihyd_surface,1010,0.5247632463773092,0.5208026885986328,0.5280272960662842
rmse,model,phihyd_surface,1020,0.5252871990203858,0.5220072865486145,0.5284744262695312
rmse,model,phihyd_surface,1030,0.5258052508036296,0.5224677681922912,0.5286608815193177
rmse,model,phihyd_surface,1040,0.5262103160222371,0.5228859424591065,0.5288208723068237
rmse,model,phihyd_surface,1050,0.5265670855840047,0.5238895535469055,0.5290691137313843
rmse,model,phihyd_surface,1060,0.5269205252329509,0.524455451965332,0.5292757272720336
rmse,model,phihyd_surface,1070,0.5273023128509522,0.5248848915100097,0.5296897411346435
rmse,model,phihyd_surface,1080,0.527612853050232,0.5254412651062011,0.5301994323730469
rmse,model,phihyd_surface,1090,0.5279655893643697,0.5260888695716858,0.5305192589759826
rmse,model,phihyd_surface,1100,0.5283137679100036,0.526307225227356,0.5309984803199768
rmse,model,phihyd_surface,1110,0.5285598874092102,0.5268376111984253,0.5313845992088317
rmse,model,phihyd_surface,1120,0.528788153330485,0.5276959300041199,0.5311184406280518
rmse,model,phihyd_surface,1130,0.5289951125780742,0.5276996850967407,0.5311797022819519
rmse,model,phihyd_surface,1140,0.5291976690292358,0.5278531074523926,0.5315532565116883
rmse,model,phihyd_surface,1150,0.5293383161226909,0.528458297252655,0.5312434196472168
rmse,model,phihyd_surface,1160,0.5294119397799174,0.5285361766815185,0.5316473364830017
rmse,model,phihyd_surface,1170,0.5295164148012798,0.5280174612998962,0.5317855715751648
rmse,model,phihyd_surface,1180,0.5295879403750102,0.528210186958313,0.5318519592285156
rmse,model,phihyd_surface,1190,0.5296000878016154,0.5282179117202759,0.5317854404449462
rmse,model,phihyd_surface,1200,0.5296718200047811,0.5278709769248963,0.5320830941200256
rmse,model,phihyd_surface,1210,0.5297224521636963,0.5277297258377075,0.5322901487350464
rmse,model,phihyd_surface,1220,0.529634972413381,0.5276711225509644,0.5322258234024048
rmse,model,phihyd_surface,1230,0.5296176552772522,0.5271969318389893,0.5320367097854615
rmse,model,phihyd_surface,1240,0.5296043872833252,0.5268258929252625,0.532125961780548
rmse,model,phihyd_surface,1250,0.5295835415522258,0.5269826889038086,0.5323521733283997
rmse,model,phihyd_surface,1260,0.5296315868695577,0.5268294930458068,0.5322146058082581
rmse,model,phihyd_surface,1270,0.5296817064285279,0.5265030980110168,0.5321317076683044
rmse,model,phihyd_surface,1280,0.5296906948089599,0.5266018390655518,0.5324360847473144
rmse,model,phihyd_surface,1290,0.5296508431434631,0.52673819065094,0.5325072884559632
rmse,model,phihyd_surface,1300,0.5296522219975789,0.5266528367996216,0.5321960210800171
rmse,model,phihyd_surface,1310,0.5295385797818501,0.5266054272651672,0.5321287035942077
rmse,model,phihyd_surface,1320,0.5294604579607646,0.5267898082733155,0.5320802569389343
rmse,model,phihyd_surface,1330,0.5294971227645874,0.5266320109367371,0.5322568774223327
rmse,model,phihyd_surface,1340,0.5293869614601135,0.5265051603317261,0.5320334672927857
rmse,model,phihyd_surface,1350,0.5292341748873393,0.5265844345092774,0.5320469260215759
rmse,model,phihyd_surface,1360,0.5291738351186116,0.5262313485145569,0.5320195078849792
rmse,model,phihyd_surface,1370,0.5291778842608134,0.5261788964271545,0.5318745136260986
rmse,model,phihyd_surface,1380,0.5290888627370198,0.5262367129325867,0.5320067286491394
rmse,model,phihyd_surface,1390,0.5290098786354065,0.5262653708457947,0.5318484902381897
rmse,model,phihyd_surface,1400,0.5289599855740865,0.5259547591209411,0.5320266008377075
rmse,model,phihyd_surface,1410,0.5287981549898784,0.5257612705230713,0.5320640325546264
rmse,model,phihyd_surface,1420,0.5287428816159566,0.5260333180427551,0.5320837378501893
rmse,model,phihyd_surface,1430,0.5287856976191203,0.525736129283905,0.5319395661354065
rmse,model,phihyd_surface,1440,0.5287059187889099,0.5255205631256104,0.5316719055175781
rmse,model,phihyd_surface,1450,0.5286654035250345,0.5260743618011474,0.5318129062652588
rmse,model,phihyd_surface,1460,0.5286882678667705,0.5261938095092773,0.5318279504776001
rmse,model,phihyd_surface,1470,0.5286398649215698,0.5258755207061767,0.5318201541900635
rmse,model,phihyd_surface,1480,0.5285649339358012,0.5263066530227661,0.5317909836769104
rmse,model,phihyd_surface,1490,0.5286805272102356,0.5264037847518921,0.5321865916252136
rmse,model,phihyd_surface,1500,0.5287304679552715,0.526180100440979,0.5322426438331604
rmse,model,phihyd_surface,1510,0.5285760402679444,0.5261585593223572,0.5316838026046753
rmse,model,phihyd_surface,1520,0.5285749832789103,0.5261187195777893,0.5317164540290833
rmse,model,phihyd_surface,1530,0.5285566290219624,0.525887668132782,0.5317721962928772
rmse,model,phihyd_surface,1540,0.528521700700124,0.5259632706642151,0.5315341234207154
rmse,model,phihyd_surface,1550,0.5285460432370503,0.5259431958198547,0.5314443707466125
rmse,model,phihyd_surface,1560,0.5285685936609904,0.5258185505867005,0.5312334537506104
rmse,model,phihyd_surface,1570,0.5285555839538574,0.5258274435997009,0.5312801003456116
rmse,model,phihyd_surface,1580,0.528520154953003,0.5259394168853759,0.5314156413078308
rmse,model,phihyd_surface,1590,0.5286354462305705,0.5257842302322387,0.5312476515769958
rmse,model,phihyd_surface,1600,0.5286489327748617,0.5257009267807007,0.5309291958808899
rmse,model,phihyd_surface,1610,0.5286584973335267,0.5258594512939453,0.5308348655700683
rmse,model,phihyd_surface,1620,0.5287068883577982,0.5257959485054016,0.5310279965400696
rmse,model,phihyd_surface,1630,0.5287599841753642,0.5258488416671753,0.5307604193687439
rmse,model,phihyd_surface,1640,0.5287236134211223,0.5258661031723022,0.5306877732276917
rmse,model,phihyd_surface,1650,0.5288025379180908,0.5258916854858399,0.5313519954681396
rmse,model,phihyd_surface,1660,0.5289468129475912,0.52614905834198,0.5311970472335815
rmse,model,phihyd_surface,1670,0.5288387775421143,0.5259174942970276,0.5306732058525085
rmse,model,phihyd_surface,1680,0.5288518865903219,0.5257726073265075,0.5309500217437744
rmse,model,phihyd_surface,1690,0.5288443326950073,0.526002824306488,0.5311510682106018
rmse,model,phihyd_surface,1700,0.5287640452384949,0.526127016544342,0.5309227466583252
rmse,model,phihyd_surface,1710,0.528704293568929,0.5258692622184753,0.5308901071548462
rmse,model,phihyd_surface,1720,0.5287342468897501,0.5259107828140259,0.5313002467155457
rmse,model,phihyd_surface,1730,0.5287201245625813,0.5260499715805054,0.5313118696212769
rmse,model,phihyd_surface,1740,0.5286624749501546,0.5260766625404358,0.5309861183166504
rmse,model,phihyd_surface,1750,0.5286784688631694,0.5259338736534118,0.5310354948043823
rmse,model,phihyd_surface,1760,0.5287077069282532,0.5260586857795715,0.531222665309906
rmse,model,phihyd_surface,1770,0.5286966681480407,0.526144015789032,0.5311472177505493
rmse,model,phihyd_surface,1780,0.5286788741747538,0.5259466171264648,0.5309159994125366
rmse,model,phihyd_surface,1790,0.5287018299102784,0.5258489966392517,0.5312680602073669
rmse,model,phihyd_surface,1800,0.5286277174949646,0.5259373545646667,0.5313862204551697
rmse,model,phihyd_surface,1810,0.5286296248435974,0.5260035395622253,0.5312330603599549
rmse,model,phihyd_surface,1820,0.5286746740341186,0.5260289192199707,0.5314489483833313
rmse,model,phihyd_surface,1830,0.5285604079564412,0.5260663270950318,0.5315954327583313
rmse,model,phihyd_surface,1840,0.5285404205322266,0.5257209777832031,0.5313468098640441
rmse,model,phihyd_surface,1850,0.5286153395970662,0.5256646752357483,0.5314114689826965
rmse,model,phihyd_surface,1860,0.5285125295321147,0.5258933901786804,0.5316211819648743
rmse,model,phihyd_surface,1870,0.5283855557441711,0.52553950548172,0.5313202977180481
rmse,model,phihyd_surface,1880,0.5284284035364787,0.5255713820457458,0.5310268402099609
rmse,model,phihyd_surface,1890,0.5284440120061239,0.5253461718559265,0.5314182043075562
rmse,model,phihyd_surface,1900,0.5284009138743083,0.5253061413764953,0.5315736174583435
rmse,model,phihyd_surface,1910,0.5283475041389465,0.5255767345428467,0.5311870574951172
rmse,model,phihyd_surface,1920,0.5283148368199666,0.525317370891571,0.5313023924827576
rmse,model,phihyd_surface,1930,0.5282474160194397,0.5252854228019714,0.5314063668251038
rmse,model,phihyd_surface,1940,0.5282827218373617,0.5254932999610901,0.531251060962677
rmse,model,phihyd_surface,1950,0.5282452901204427,0.5257444620132447,0.531327760219574
rmse,model,phihyd_surface,1960,0.5281819542249043,0.5255320191383361,0.5315131664276123
rmse,model,phihyd_surface,1970,0.5282072861989339,0.5253843069076538,0.5314940214157104
rmse,model,phihyd_surface,1980,0.5282160997390747,0.5255288004875183,0.5314045190811157
rmse,model,phihyd_surface,1990,0.5281533678372701,0.5254269361495971,0.5314513564109802
rmse,model,phihyd_surface,2000,0.5281373103459676,0.5254691123962403,0.531377625465393
rmse,climatology,phihyd_surface,0,0.06840005169312159,0.06497379243373871,0.07260011732578278
rmse,climatology,phihyd_surface,10,0.06864881366491318,0.06524903625249863,0.07250987589359284
rmse,climatology,phihyd_surface,20,0.06878143896659215,0.06508793234825135,0.07247475534677505
rmse,climatology,phihyd_surface,30,0.06874514768520991,0.06510399878025055,0.07236329466104507
rmse,climatology,phihyd_surface,40,0.06882945994536081,0.06550066769123078,0.07270258516073227
rmse,climatology,phihyd_surface,50,0.0690309743086497,0.06534764915704727,0.07256342768669129
rmse,climatology,phihyd_surface,60,0.06913265784581503,0.06548504829406739,0.07249113619327545
rmse,climatology,phihyd_surface,70,0.06935830314954122,0.06611502468585968,0.07265767604112625
rmse,climatology,phihyd_surface,80,0.06958460758129756,0.065975983440876,0.07302181124687195
rmse,climatology,phihyd_surface,90,0.06959927678108216,0.06584738045930863,0.07253613770008087
rmse,climatology,phihyd_surface,100,0.06956975410381953,0.06596519351005554,0.0727386236190796
rmse,climatology,phihyd_surface,110,0.06981061001618703,0.06647811532020569,0.0729504570364952
rmse,climatology,phihyd_surface,120,0.07014799018700918,0.06695506572723389,0.07318325638771057
rmse,climatology,phihyd_surface,130,0.07019799103339514,0.06694708168506622,0.07296456396579742
rmse,climatology,phihyd_surface,140,0.0702407459417979,0.06707483381032944,0.07307411134243011
rmse,climatology,phihyd_surface,150,0.07035999298095703,0.0668628916144371,0.07315205484628677
rmse,climatology,phihyd_surface,160,0.07049955874681473,0.06711487770080567,0.073362036049366
rmse,climatology,phihyd_surface,170,0.070696359872818,0.06730809956789016,0.07338221967220307
rmse,climatology,phihyd_surface,180,0.07094994237025579,0.0675450474023819,0.07354549169540406
rmse,climatology,phihyd_surface,190,0.07111641069253286,0.06736510396003723,0.07360215932130813
rmse,climatology,phihyd_surface,200,0.07108869800964991,0.0674196258187294,0.07363893538713455
rmse,climatology,phihyd_surface,210,0.07116760164499283,0.06778359562158584,0.07418567687273026
rmse,climatology,phihyd_surface,220,0.07135764161745707,0.06765862107276917,0.07413423806428909
rmse,climatology,phihyd_surface,230,0.07144822974999746,0.06781645864248276,0.0742410510778427
rmse,climatology,phihyd_surface,240,0.07162445137898127,0.0683189332485199,0.07436573654413223
rmse,climatology,phihyd_surface,250,0.07183583329121272,0.06828136295080185,0.07460872828960419
rmse,climatology,phihyd_surface,260,0.07186885376771292,0.0682571843266487,0.07477163821458817
rmse,climatology,phihyd_surface,270,0.0718363513549169,0.06833765357732773,0.0747554361820221
rmse,climatology,phihyd_surface,280,0.07205542226632436,0.06890656799077988,0.07508061975240707
rmse,climatology,phihyd_surface,290,0.07239450563987096,0.06931782811880112,0.07516714483499527
rmse,climatology,phihyd_surface,300,0.0724495420853297,0.06943670809268951,0.07527764737606049
rmse,climatology,phihyd_surface,310,0.07246833642323812,0.06950034946203232,0.07539627999067307
rmse,climatology,phihyd_surface,320,0.07255606899658838,0.06955048590898513,0.07584813535213471
rmse,climatology,phihyd_surface,330,0.07266534417867661,0.06966825127601624,0.07614119350910187
rmse,climatology,phihyd_surface,340,0.07281753569841384,0.06987558603286743,0.07624912708997726
rmse,climatology,phihyd_surface,350,0.07304882804552713,0.07016575783491134,0.07611611485481262
rmse,climatology,phihyd_surface,360,0.07323076377312342,0.07005486041307449,0.0763109341263771
rmse,climatology,phihyd_surface,370,0.07320844332377116,0.07013371884822846,0.0762006863951683
rmse,climatology,phihyd_surface,380,0.07327961275974909,0.07050514221191406,0.0766491487622261
rmse,climatology,phihyd_surface,390,0.07347539514303207,0.07049404829740524,0.07658651471138
rmse,climatology,phihyd_surface,400,0.0736064945658048,0.07070422619581222,0.07663766741752624
rmse,climatology,phihyd_surface,410,0.07379067490498224,0.07107292860746384,0.07667079120874405
rmse,climatology,phihyd_surface,420,0.07403649141391118,0.07124695181846619,0.07702921479940414
rmse,climatology,phihyd_surface,430,0.07410996307929357,0.07128966599702835,0.07716909199953079
rmse,climatology,phihyd_surface,440,0.07407942314942678,0.07132929563522339,0.07715211808681488
rmse,climatology,phihyd_surface,450,0.07429608503977457,0.07177792489528656,0.07745605409145355
rmse,climatology,phihyd_surface,460,0.0746826633810997,0.07221937477588654,0.07748056948184967
rmse,climatology,phihyd_surface,470,0.07481702168782552,0.07256120145320892,0.0776500642299652
rmse,climatology,phihyd_surface,480,0.07487710217634837,0.07251123934984208,0.07785732746124267
rmse,climatology,phihyd_surface,490,0.07499215255180995,0.07244661003351212,0.07827927321195602
rmse,climatology,phihyd_surface,500,0.07512957056363424,0.07241023480892181,0.07860126048326492
rmse,climatology,phihyd_surface,510,0.07526838878790537,0.07260435223579406,0.07874775975942612
rmse,climatology,phihyd_surface,520,0.075465027987957,0.07269596308469772,0.07866604626178741
rmse,climatology,phihyd_surface,530,0.0756256863474846,0.07258769422769547,0.07888519763946533
rmse,climatology,phihyd_surface,540,0.07558233886957169,0.07267307341098786,0.07894023954868316
rmse,climatology,phihyd_surface,550,0.07562440733114878,0.07291319072246552,0.07942497730255127
rmse,climatology,phihyd_surface,560,0.0758049100637436,0.07231643944978713,0.07934804558753968
rmse,climatology,phihyd_surface,570,0.07595279216766357,0.07250393629074096,0.07949578166007995
rmse,climatology,phihyd_surface,580,0.07611510405937831,0.07310694605112075,0.0797656923532486
rmse,climatology,phihyd_surface,590,0.07635820458332697,0.07339278161525727,0.08003530949354172
rmse,climatology,phihyd_surface,600,0.07643929918607076,0.07270241677761077,0.08024722188711167
rmse,climatology,phihyd_surface,610,0.07637394368648528,0.07304036766290664,0.08039976507425309
rmse,climatology,phihyd_surface,620,0.07651060819625854,0.07327007502317429,0.08052837699651719
rmse,climatology,phihyd_surface,630,0.07682517419258754,0.07317624986171722,0.08075535893440247
rmse,climatology,phihyd_surface,640,0.07692616134881973,0.07338488847017288,0.08056223541498184
rmse,climatology,phihyd_surface,650,0.07694322913885117,0.07342024147510529,0.08031723946332932
rmse,climatology,phihyd_surface,660,0.07702841460704804,0.07353254705667496,0.08062156736850738
rmse,climatology,phihyd_surface,670,0.0771589125196139,0.07349713891744614,0.08074989169836044
rmse,climatology,phihyd_surface,680,0.07730703155199686,0.07373161166906357,0.08081577569246293
rmse,climatology,phihyd_surface,690,0.07756037463744482,0.07411925643682479,0.08080061078071595
rmse,climatology,phihyd_surface,700,0.0778284897406896,0.07420471161603928,0.0809381514787674
rmse,climatology,phihyd_surface,710,0.07789285580317179,0.07423638552427292,0.08106675446033478
rmse,climatology,phihyd_surface,720,0.07798486153284709,0.07456684559583664,0.08143760710954666
rmse,climatology,phihyd_surface,730,0.07817952980597814,0.07441730350255966,0.08161225616931915
rmse,climatology,phihyd_surface,740,0.07834186951319376,0.07468633204698563,0.08160367459058762
rmse,climatology,phihyd_surface,750,0.07847090462843577,0.07486734241247177,0.08144241720438003
rmse,climatology,phihyd_surface,760,0.0786961813767751,0.0753511667251587,0.08197547048330307
rmse,climatology,phihyd_surface,770,0.07878139664729436,0.0752504125237465,0.081781667470932
rmse,climatology,phihyd_surface,780,0.07872199316819509,0.07523493319749833,0.08159107118844985
rmse,climatology,phihyd_surface,790,0.07885966549317042,0.07570221275091171,0.08155670762062073
rmse,climatology,phihyd_surface,800,0.07920261472463608,0.07576109021902085,0.08178612291812896
rmse,climatology,phihyd_surface,810,0.07936365157365799,0.0762268140912056,0.08197785019874573
rmse,climatology,phihyd_surface,820,0.07938141971826554,0.0762045368552208,0.08196217268705368
rmse,climatology,phihyd_surface,830,0.07945823272069295,0.07626073509454727,0.08218487650156021
rmse,climatology,phihyd_surface,840,0.0795864368478457,0.07620582282543183,0.08221829682588577
rmse,climatology,phihyd_surface,850,0.07969200511773428,0.07639804482460022,0.08241020143032074
rmse,climatology,phihyd_surface,860,0.07986579885085424,0.0766680583357811,0.08245358169078827
rmse,climatology,phihyd_surface,870,0.08004838426907858,0.0766365498304367,0.08248062580823898
rmse,climatology,phihyd_surface,880,0.08006405929724375,0.07673277258872986,0.08263859748840333
rmse,climatology,phihyd_surface,890,0.08012789289156595,0.07689002603292465,0.0828934520483017
rmse,climatology,phihyd_surface,900,0.08031571805477142,0.07673248946666718,0.08305067121982575
rmse,climatology,phihyd_surface,910,0.08048620621363321,0.07704776972532272,0.08318781554698944
rmse,climatology,phihyd_surface,920,0.08057274669408798,0.07717141211032867,0.08315733075141907
rmse,climatology,phihyd_surface,930,0.08077008972565333,0.07770708799362183,0.08353059738874435
rmse,climatology,phihyd_surface,940,0.08086674213409424,0.07762844562530517,0.08354772180318833
rmse,climatology,phihyd_surface,950,0.0807989830772082,0.07753869444131851,0.08361005336046219
rmse,climatology,phihyd_surface,960,0.08088209827740987,0.07803029716014862,0.08367829471826553
rmse,climatology,phihyd_surface,970,0.08120323121547698,0.07814576774835587,0.0838020458817482
rmse,climatology,phihyd_surface,980,0.0814208929737409,0.07868074029684066,0.08406521379947662
rmse,climatology,phihyd_surface,990,0.08147056847810745,0.07857353985309601,0.08421910554170609
rmse,climatology,phihyd_surface,1000,0.08155548423528672,0.07887084633111954,0.08433921337127685
rmse,climatology,phihyd_surface,1010,0.08168303966522217,0.07881074994802476,0.08470694422721863
rmse,climatology,phihyd_surface,1020,0.08179325113693874,0.07900165021419525,0.08491512835025787
rmse,climatology,phihyd_surface,1030,0.08198379427194595,0.07932408004999161,0.08484737575054169
rmse,climatology,phihyd_surface,1040,0.08218727260828018,0.07950997501611709,0.0848924160003662
rmse,climatology,phihyd_surface,1050,0.0822087953488032,0.07945216447114944,0.0849527895450592
rmse,climatology,phihyd_surface,1060,0.08221132308244705,0.07972053587436675,0.08506740927696228
rmse,climatology,phihyd_surface,1070,0.0823555901646614,0.079701629281044,0.085263092815876
rmse,climatology,phihyd_surface,1080,0.08255306680997213,0.08025954812765121,0.08535247296094894
rmse,climatology,phihyd_surface,1090,0.08266997039318084,0.08030615448951721,0.0853738859295845
rmse,climatology,phihyd_surface,1100,0.08290119220813115,0.0808784767985344,0.08574578911066055
rmse,climatology,phihyd_surface,1110,0.08304714461167653,0.08056347966194152,0.0856819361448288
rmse,climatology,phihyd_surface,1120,0.08302859316269556,0.08043545484542847,0.08582909852266311
rmse,climatology,phihyd_surface,1130,0.0831096996863683,0.0808785155415535,0.08591496646404266
rmse,climatology,phihyd_surface,1140,0.08339163959026337,0.08087252378463745,0.08607363998889923
rmse,climatology,phihyd_surface,1150,0.0835828756292661,0.08097619861364365,0.0863437220454216
rmse,climatology,phihyd_surface,1160,0.083574873705705,0.0810630351305008,0.08649884313344955
rmse,climatology,phihyd_surface,1170,0.08362309286991755,0.08096247613430023,0.08673833906650544
rmse,climatology,phihyd_surface,1180,0.08375306278467179,0.08075696080923081,0.08709562420845032
rmse,climatology,phihyd_surface,1190,0.08388876765966416,0.08115347474813461,0.08739565163850785
rmse,climatology,phihyd_surface,1200,0.0841078743338585,0.08116331398487091,0.0873722866177559
rmse,climatology,phihyd_surface,1210,0.08434476405382156,0.08165789246559144,0.08743319064378738
rmse,climatology,phihyd_surface,1220,0.08442122836907705,0.08166487514972687,0.08771418631076813
rmse,climatology,phihyd_surface,1230,0.08442634642124176,0.0817540243268013,0.08782856166362762
rmse,climatology,phihyd_surface,1240,0.08454394042491913,0.08154930025339127,0.0880510687828064
rmse,climatology,phihyd_surface,1250,0.08471991072098414,0.08143023699522019,0.08815074414014816
rmse,climatology,phihyd_surface,1260,0.08480886618296306,0.08195860087871551,0.08831229209899902
rmse,climatology,phihyd_surface,1270,0.08502939641475678,0.08237839490175247,0.08869185596704483
rmse,climatology,phihyd_surface,1280,0.08519241660833358,0.0820266455411911,0.08873503506183625
rmse,climatology,phihyd_surface,1290,0.08517107417186101,0.08187626898288727,0.08898128122091294
rmse,climatology,phihyd_surface,1300,0.08519472430149715,0.0819425106048584,0.08888980746269226
rmse,climatology,phihyd_surface,1310,0.08543386509021124,0.08201981037855148,0.08926834166049957
rmse,climatology,phihyd_surface,1320,0.08566084454456965,0.08237871676683425,0.08934612423181534
rmse,climatology,phihyd_surface,1330,0.08568546821673712,0.08220655173063278,0.08923975974321366
rmse,climatology,phihyd_surface,1340,0.08575188219547272,0.08249126225709916,0.08913358002901077
rmse,climatology,phihyd_surface,1350,0.08588295380274455,0.08237870186567306,0.08941935747861862
rmse,climatology,phihyd_surface,1360,0.08600979447364807,0.08263185769319534,0.08956422209739685
rmse,climatology,phihyd_surface,1370,0.08622028032938639,0.08295980095863342,0.08946522921323777
rmse,climatology,phihyd_surface,1380,0.08647958586613337,0.0832298755645752,0.08958514779806137
rmse,climatology,phihyd_surface,1390,0.08662382860978445,0.08314334452152253,0.08978624492883683
rmse,climatology,phihyd_surface,1400,0.08665585865577062,0.08320771157741547,0.08977622091770172
rmse,climatology,phihyd_surface,1410,0.08678061614433924,0.08344000726938247,0.09019761681556701
rmse,climatology,phihyd_surface,1420,0.0869625632961591,0.08355783671140671,0.0901739776134491
rmse,climatology,phihyd_surface,1430,0.08703887263933817,0.08358544111251831,0.08989224433898926
rmse,climatology,phihyd_surface,1440,0.08722581515709558,0.08415611237287521,0.08997146934270858
rmse,climatology,phihyd_surface,1450,0.08738241493701934,0.08404766917228698,0.09009080678224564
rmse,climatology,phihyd_surface,1460,0.08737737635771434,0.0838658407330513,0.0897971510887146
rmse,climatology,phihyd_surface,1470,0.08739803582429886,0.0841315284371376,0.08982636332511902
rmse,climatology,phihyd_surface,1480,0.0876436690489451,0.08437561392784118,0.09001887440681458
rmse,climatology,phihyd_surface,1490,0.08792111227909724,0.08488139361143113,0.09030252546072007
rmse,climatology,phihyd_surface,1500,0.08796868572632471,0.08480244129896164,0.09015359580516816
rmse,climatology,phihyd_surface,1510,0.08803537984689076,0.08499074280261994,0.09072672724723815
rmse,climatology,phihyd_surface,1520,0.08816064298152923,0.08483385592699051,0.09058117568492889
rmse,climatology,phihyd_surface,1530,0.08826426913340886,0.08501383662223816,0.09087363928556443
rmse,climatology,phihyd_surface,1540,0.08840964982906978,0.08521619886159897,0.0909683033823967
rmse,climatology,phihyd_surface,1550,0.08859419226646423,0.08542680144309997,0.09100333601236343
rmse,climatology,phihyd_surface,1560,0.0887091726064682,0.0853642001748085,0.09128243625164031
rmse,climatology,phihyd_surface,1570,0.08871809194485346,0.08531578183174134,0.09125022143125534
rmse,climatology,phihyd_surface,1580,0.0888350526491801,0.08568372726440429,0.09168253242969512
rmse,climatology,phihyd_surface,1590,0.08901275992393494,0.08579091876745223,0.09165482819080353
rmse,climatology,phihyd_surface,1600,0.08907508005698522,0.08577859550714492,0.0916990026831627
rmse,climatology,phihyd_surface,1610,0.08922542879978816,0.08630338609218598,0.0918128490447998
rmse,climatology,phihyd_surface,1620,0.08938452154397965,0.08625392019748687,0.09194843173027038
rmse,climatology,phihyd_surface,1630,0.08939127127329509,0.08618176728487015,0.09205819368362426
rmse,climatology,phihyd_surface,1640,0.08937165240446726,0.08633728623390198,0.0920341968536377
rmse,climatology,phihyd_surface,1650,0.08957691142956416,0.08673512041568757,0.09231890290975571
rmse,climatology,phihyd_surface,1660,0.08987191567818324,0.08720468282699585,0.0924361452460289
rmse,climatology,phihyd_surface,1670,0.08994492590427398,0.08726322054862976,0.0924855500459671
rmse,climatology,phihyd_surface,1680,0.0900115042924881,0.08741389513015747,0.09266168028116226
rmse,climatology,phihyd_surface,1690,0.09012796878814697,0.08741729110479354,0.09302210807800293
rmse,climatology,phihyd_surface,1700,0.09024102886517843,0.0875939354300499,0.0932533711194992
rmse,climatology,phihyd_surface,1710,0.0903948778907458,0.0878317192196846,0.09330190122127532
rmse,climatology,phihyd_surface,1720,0.09059670120477677,0.08812737166881561,0.09322982579469681
rmse,climatology,phihyd_surface,1730,0.09074022024869918,0.08808894902467727,0.09342042505741119
rmse,climatology,phihyd_surface,1740,0.09073017040888469,0.08813531398773193,0.09339981526136398
rmse,climatology,phihyd_surface,1750,0.090826183060805,0.08857488632202148,0.09382237046957016
rmse,climatology,phihyd_surface,1760,0.0910243476430575,0.08875173926353455,0.09376118332147598
rmse,climatology,phihyd_surface,1770,0.09114190886418025,0.08892132490873336,0.09385167509317398
rmse,climatology,phihyd_surface,1780,0.09131640940904617,0.08932277262210846,0.09399695545434952
rmse,climatology,phihyd_surface,1790,0.09152004470427831,0.08923146575689316,0.09417633712291718
rmse,climatology,phihyd_surface,1800,0.09158767213424047,0.08904126435518264,0.09441661238670349
rmse,climatology,phihyd_surface,1810,0.09158369451761246,0.08937979936599731,0.09439249634742737
rmse,climatology,phihyd_surface,1820,0.09176013320684433,0.08967728614807129,0.09466783106327056
rmse,climatology,phihyd_surface,1830,0.09202762345472972,0.0896170124411583,0.09475155919790268
rmse,climatology,phihyd_surface,1840,0.09207747330268225,0.08945825695991516,0.09488819241523742
rmse,climatology,phihyd_surface,1850,0.09211095124483108,0.0894821748137474,0.09520871341228485
rmse,climatology,phihyd_surface,1860,0.09221716572841009,0.08955654948949814,0.09553302377462387
rmse,climatology,phihyd_surface,1870,0.09235202173391978,0.08976026028394699,0.09580752849578858
rmse,climatology,phihyd_surface,1880,0.09251634975274405,0.0896911159157753,0.09597283452749253
rmse,climatology,phihyd_surface,1890,0.09273160099983216,0.08992068618535995,0.09598966240882874
rmse,climatology,phihyd_surface,1900,0.09290990978479385,0.08993195444345474,0.0962467685341835
rmse,climatology,phihyd_surface,1910,0.0929120197892189,0.09023799002170563,0.09647204726934433
rmse,climatology,phihyd_surface,1920,0.09298382451136906,0.09031336158514022,0.09688079506158828
rmse,climatology,phihyd_surface,1930,0.09314192533493042,0.08989656269550324,0.09684587270021439
rmse,climatology,phihyd_surface,1940,0.09323491056760153,0.08986612111330032,0.0970290943980217
rmse,climatology,phihyd_surface,1950,0.09335056891043982,0.09034202843904496,0.09680679589509963
rmse,climatology,phihyd_surface,1960,0.09351381113131842,0.09038051217794418,0.09713007509708405
rmse,climatology,phihyd_surface,1970,0.09355004926522573,0.0900585487484932,0.0967724084854126
rmse,climatology,phihyd_surface,1980,0.09349199980497361,0.09014237374067306,0.09678756296634675
rmse,climatology,phihyd_surface,1990,0.09362418154875438,0.09044535011053086,0.09697429984807968
rmse,climatology,phihyd_surface,2000,0.09391258507966996,0.09057932794094085,0.09683475196361542
rmse,persistence,phihyd_surface,0,0.0,0.0,0.0
rmse,persistence,phihyd_surface,10,0.010182256530970334,0.007837671041488649,0.012259475514292717
rmse,persistence,phihyd_surface,20,0.015910394986470542,0.01368479523807764,0.018782074749469756
rmse,persistence,phihyd_surface,30,0.01898232102394104,0.016912510618567467,0.02104645296931267
rmse,persistence,phihyd_surface,40,0.023090865711371103,0.019866061955690385,0.026520794630050658
rmse,persistence,phihyd_surface,50,0.026819317042827605,0.02353983335196972,0.029501819610595705
rmse,persistence,phihyd_surface,60,0.028702687720457712,0.024942293390631677,0.03215681686997414
rmse,persistence,phihyd_surface,70,0.030361282204588256,0.026607538759708404,0.03425607979297638
rmse,persistence,phihyd_surface,80,0.031723083555698396,0.02947077453136444,0.03528487682342529
rmse,persistence,phihyd_surface,90,0.03126896731555462,0.028856055811047554,0.034733247756958005
rmse,persistence,phihyd_surface,100,0.029796357452869415,0.02643309123814106,0.03357672020792961
rmse,persistence,phihyd_surface,110,0.029120703414082526,0.025774454325437547,0.03303473144769668
rmse,persistence,phihyd_surface,120,0.028099453697601955,0.024343269318342207,0.03195893689990044
rmse,persistence,phihyd_surface,130,0.02399270621438821,0.021768366172909736,0.02644923999905586
rmse,persistence,phihyd_surface,140,0.018958678220709166,0.01671829931437969,0.022240835800766943
rmse,persistence,phihyd_surface,150,0.016540214978158475,0.013103155419230461,0.020135533437132834
rmse,persistence,phihyd_surface,160,0.012506605995198091,0.01068168468773365,0.014771046675741672
rmse,persistence,phihyd_surface,170,0.0061388291418552395,0.0045182274654507635,0.009087749570608138
rmse,persistence,phihyd_surface,180,0.011360766800741355,0.008862550370395184,0.013591638579964638
rmse,persistence,phihyd_surface,190,0.016909080805877844,0.014354053139686584,0.020069941505789758
rmse,persistence,phihyd_surface,200,0.019848499322930972,0.017553424835205077,0.02194702923297882
rmse,persistence,phihyd_surface,210,0.02369432200988134,0.020598582178354263,0.027164490893483162
rmse,persistence,phihyd_surface,220,0.027415810028711955,0.023882849514484404,0.030206751450896262
rmse,persistence,phihyd_surface,230,0.029401386529207228,0.025819120183587074,0.03297273442149162
rmse,persistence,phihyd_surface,240,0.031004596998294196,0.027435778453946114,0.0344184473156929
rmse,persistence,phihyd_surface,250,0.032426025221745175,0.029903612658381463,0.0360412135720253
rmse,persistence,phihyd_surface,260,0.03217028627792994,0.029815173894166946,0.03555042073130608
rmse,persistence,phihyd_surface,270,0.030720180148879686,0.0276028536260128,0.03420243114233017
rmse,persistence,phihyd_surface,280,0.029913819829622903,0.026612463220953942,0.033334245532751085
rmse,persistence,phihyd_surface,290,0.029090266302227975,0.025155524536967278,0.03271931856870651
rmse,persistence,phihyd_surface,300,0.025354906047383944,0.023453344777226447,0.027439111098647117
rmse,persistence,phihyd_surface,310,0.020317668343583742,0.018734882399439812,0.023276055976748464
rmse,persistence,phihyd_surface,320,0.017796777561306952,0.014723256416618823,0.02081378847360611
rmse,persistence,phihyd_surface,330,0.01438078104207913,0.012801831029355526,0.016819120943546297
rmse,persistence,phihyd_surface,340,0.008703848471244176,0.007747279107570648,0.00973460152745247
rmse,persistence,phihyd_surface,350,0.012050909238557022,0.011081576719880104,0.013097633235156536
rmse,persistence,phihyd_surface,360,0.01745046346137921,0.01589498221874237,0.01982455253601074
rmse,persistence,phihyd_surface,370,0.020270783578356107,0.018541224673390387,0.022420981898903847
rmse,persistence,phihyd_surface,380,0.02387306330104669,0.02148147188127041,0.027368024736642838
rmse,persistence,phihyd_surface,390,0.027602328235904375,0.02469758875668049,0.030070228129625322
rmse,persistence,phihyd_surface,400,0.029696907227238018,0.026695052906870843,0.033007148653268814
rmse,persistence,phihyd_surface,410,0.03121132291853428,0.028366746753454207,0.034837839752435686
rmse,persistence,phihyd_surface,420,0.03267820241550604,0.030193935707211496,0.036771999299526216
rmse,persistence,phihyd_surface,430,0.032622359693050385,0.03008195161819458,0.03569413274526596
rmse,persistence,phihyd_surface,440,0.031214831521113713,0.027491454407572745,0.03442777171730995
rmse,persistence,phihyd_surface,450,0.03029207674165567,0.02657683603465557,0.03364763557910919
rmse,persistence,phihyd_surface,460,0.02963486003379027,0.025544045120477678,0.03333090096712112
rmse,persistence,phihyd_surface,470,0.026273237665494283,0.023865718767046927,0.028576863184571265
rmse,persistence,phihyd_surface,480,0.021245813742280007,0.01925247237086296,0.024712712690234184
rmse,persistence,phihyd_surface,490,0.018612667980293433,0.014782016538083554,0.02134239040315151
rmse,persistence,phihyd_surface,500,0.015671457226077715,0.012807682901620866,0.018042127415537835
rmse,persistence,phihyd_surface,510,0.010159438848495484,0.008344433829188347,0.013602730445563793
rmse,persistence,phihyd_surface,520,0.012266765162348748,0.010084632784128189,0.01527568157762289
rmse,persistence,phihyd_surface,530,0.017668419082959495,0.015065758675336837,0.020463341474533082
rmse,persistence,phihyd_surface,540,0.02050537479420503,0.018299193307757377,0.023200607672333718
rmse,persistence,phihyd_surface,550,0.023871901755531628,0.021238000690937044,0.027330752462148666
rmse,persistence,phihyd_surface,560,0.027618946259220442,0.023669685795903207,0.030539726838469505
rmse,persistence,phihyd_surface,570,0.02983764447271824,0.026570860296487808,0.03329835906624794
rmse,persistence,phihyd_surface,580,0.03125648486117522,0.02790258824825287,0.034558273106813434
rmse,persistence,phihyd_surface,590,0.032740333552161854,0.029567082598805427,0.036790207773447034
rmse,persistence,phihyd_surface,600,0.03285085583726565,0.03029070533812046,0.035693345963954924
rmse,persistence,phihyd_surface,610,0.03143307293454806,0.027216514572501183,0.03420499488711357
rmse,persistence,phihyd_surface,620,0.030338377381364506,0.026846766099333765,0.03295636549592018
rmse,persistence,phihyd_surface,630,0.029778807361920675,0.026190848648548128,0.033617136627435686
rmse,persistence,phihyd_surface,640,0.026728017379840215,0.024692122265696524,0.029378709942102434
rmse,persistence,phihyd_surface,650,0.02164249916871389,0.01964797228574753,0.024826832860708234
rmse,persistence,phihyd_surface,660,0.018776755097011724,0.01583876870572567,0.021518288180232048
rmse,persistence,phihyd_surface,670,0.016184594730536142,0.014192527160048485,0.018836184591054916
rmse,persistence,phihyd_surface,680,0.010891264987488587,0.010454451851546764,0.011384139582514764
rmse,persistence,phihyd_surface,690,0.012020583637058735,0.011271691881120205,0.012939065136015416
rmse,persistence,phihyd_surface,700,0.01757222811381022,0.01570235416293144,0.019902259483933447
rmse,persistence,phihyd_surface,710,0.020630120237668356,0.01886752061545849,0.02291041426360607
rmse,persistence,phihyd_surface,720,0.02389554095764955,0.0217618890106678,0.026846054941415787
rmse,persistence,phihyd_surface,730,0.02772121938566367,0.023932366445660592,0.03027420900762081
rmse,persistence,phihyd_surface,740,0.030179815987745922,0.02748475521802902,0.033746226131916045
rmse,persistence,phihyd_surface,750,0.0316579882055521,0.028736384585499763,0.03383226543664932
rmse,persistence,phihyd_surface,760,0.033249916260441145,0.030058710277080535,0.037027614563703536
rmse,persistence,phihyd_surface,770,0.033654324958721796,0.031241117045283318,0.03613334149122238
rmse,persistence,phihyd_surface,780,0.032461427400509515,0.02872047498822212,0.03473885953426361
rmse,persistence,phihyd_surface,790,0.03139678637186686,0.02781795561313629,0.03450296521186828
rmse,persistence,phihyd_surface,800,0.031048941239714623,0.028023619949817658,0.034824316203594205
rmse,persistence,phihyd_surface,810,0.028582282985250156,0.026548151671886445,0.031450874358415606
rmse,persistence,phihyd_surface,820,0.02391297680636247,0.021969517320394517,0.026656311005353928
rmse,persistence,phihyd_surface,830,0.021123170852661133,0.018621553480625153,0.023538853973150253
rmse,persistence,phihyd_surface,840,0.019148498276869454,0.01757081486284733,0.021876399219036103
rmse,persistence,phihyd_surface,850,0.014914185057083766,0.013689441978931427,0.015984324738383293
rmse,persistence,phihyd_surface,860,0.015001275390386582,0.013985979557037353,0.01614515222609043
rmse,persistence,phihyd_surface,870,0.019680097078283627,0.017788001149892808,0.022083042934536935
rmse,persistence,phihyd_surface,880,0.02257522443930308,0.02088443301618099,0.025075233727693557
rmse,persistence,phihyd_surface,890,0.02545053412516912,0.023111230880022048,0.027811673656105994
rmse,persistence,phihyd_surface,900,0.02906964495778084,0.025590113550424575,0.03137767091393471
rmse,persistence,phihyd_surface,910,0.03155945601562659,0.02881014458835125,0.03477884158492088
rmse,persistence,phihyd_surface,920,0.03293619453907013,0.029593876004219054,0.034707558900117876
rmse,persistence,phihyd_surface,930,0.03445613284905751,0.031193118542432785,0.038055256754159925
rmse,persistence,phihyd_surface,940,0.034987726559241615,0.03263419046998024,0.03710972741246223
rmse,persistence,phihyd_surface,950,0.033879786853988965,0.030617422610521316,0.03601106926798821
rmse,persistence,phihyd_surface,960,0.03269022131959597,0.029166875779628752,0.03603842332959175
rmse,persistence,phihyd_surface,970,0.032329301039377846,0.029713170230388643,0.03595540449023247
rmse,persistence,phihyd_surface,980,0.030241381376981735,0.028109661862254144,0.03295203372836113
rmse,persistence,phihyd_surface,990,0.025818736727039018,0.02408858872950077,0.02823950871825218
rmse,persistence,phihyd_surface,1000,0.022846003373463947,0.02047251835465431,0.02461509481072426
rmse,persistence,phihyd_surface,1010,0.021108784650762876,0.019115376099944115,0.023660847917199135
rmse,persistence,phihyd_surface,1020,0.017334900423884393,0.01633559465408325,0.018223951011896132
rmse,persistence,phihyd_surface,1030,0.01660049060980479,0.015631476975977422,0.017772266268730165
rmse,persistence,phihyd_surface,1040,0.020785943667093913,0.019245529547333717,0.022189588472247123
rmse,persistence,phihyd_surface,1050,0.023674226676424343,0.022009184956550597,0.025683684274554253
rmse,persistence,phihyd_surface,1060,0.02620799243450165,0.024186597019433976,0.02901904098689556
rmse,persistence,phihyd_surface,1070,0.029673530409733456,0.025936157256364823,0.03242077231407166
rmse,persistence,phihyd_surface,1080,0.032284734522302946,0.029809261485934258,0.03457534536719322
rmse,persistence,phihyd_surface,1090,0.033640006681283315,0.030802933126688005,0.036383312195539474
rmse,persistence,phihyd_surface,1100,0.035124457503358526,0.03170673251152038,0.039252739399671555
rmse,persistence,phihyd_surface,1110,0.03583546231190363,0.033082877099514005,0.038606831431388856
rmse,persistence,phihyd_surface,1120,0.034900325288375215,0.03245731219649315,0.03784394189715386
rmse,persistence,phihyd_surface,1130,0.03367399461567402,0.03006514683365822,0.03779893293976784
rmse,persistence,phihyd_surface,1140,0.03330005444586277,0.03059370219707489,0.0366221658885479
rmse,persistence,phihyd_surface,1150,0.03155348723133405,0.028606268391013146,0.034002989530563354
rmse,persistence,phihyd_surface,1160,0.02734057083725929,0.025112640485167502,0.02995181754231453
rmse,persistence,phihyd_surface,1170,0.02418428808450699,0.02160590551793575,0.026570625975728034
rmse,persistence,phihyd_surface,1180,0.0226194662352403,0.020152486860752106,0.025049413740634918
rmse,persistence,phihyd_surface,1190,0.019217172513405482,0.01766250468790531,0.021603550016880035
rmse,persistence,phihyd_surface,1200,0.017827854429682096,0.01655876636505127,0.02076050080358982
rmse,persistence,phihyd_surface,1210,0.021510519832372666,0.019459695369005204,0.02403436005115509
rmse,persistence,phihyd_surface,1220,0.024438751116394996,0.022756458446383476,0.026845191791653632
rmse,persistence,phihyd_surface,1230,0.026715687289834023,0.024939605221152305,0.02932989299297333
rmse,persistence,phihyd_surface,1240,0.02999895674486955,0.026490801572799684,0.03277459144592285
rmse,persistence,phihyd_surface,1250,0.032641784350077314,0.029737440496683122,0.035001906007528304
rmse,persistence,phihyd_surface,1260,0.033955017228921254,0.030415141582489015,0.036614027619361875
rmse,persistence,phihyd_surface,1270,0.03537865603963534,0.0319230780005455,0.039379905164241794
rmse,persistence,phihyd_surface,1280,0.03620491499702136,0.03423022031784058,0.03864281103014946
rmse,persistence,phihyd_surface,1290,0.0353682953864336,0.03289683163166046,0.038401421159505844
rmse,persistence,phihyd_surface,1300,0.0340410182873408,0.03129789493978023,0.03752676099538803
rmse,persistence,phihyd_surface,1310,0.033595935255289075,0.031214978918433188,0.036556608974933624
rmse,persistence,phihyd_surface,1320,0.032187708839774135,0.02964543178677559,0.03539179190993309
rmse,persistence,phihyd_surface,1330,0.028243550037344297,0.02637309953570366,0.03040933907032013
rmse,persistence,phihyd_surface,1340,0.0249153067668279,0.0232448048889637,0.026990944147109983
rmse,persistence,phihyd_surface,1350,0.023497825115919115,0.02177097536623478,0.025985196232795715
rmse,persistence,phihyd_surface,1360,0.020529267440239588,0.01992584243416786,0.021530074626207353
rmse,persistence,phihyd_surface,1370,0.018751202896237374,0.018663232028484345,0.01887793019413948
rmse,persistence,phihyd_surface,1380,0.02208115831017494,0.020852000638842582,0.023346174135804178
rmse,persistence,phihyd_surface,1390,0.02522462432583173,0.023657166585326194,0.027092179283499718
rmse,persistence,phihyd_surface,1400,0.02744678929448128,0.02590220458805561,0.029037581756711006
rmse,persistence,phihyd_surface,1410,0.030662152792016666,0.027827699854969978,0.033369611203670504
rmse,persistence,phihyd_surface,1420,0.03344716392457485,0.030848356336355208,0.03560416996479034
rmse,persistence,phihyd_surface,1430,0.034883419424295424,0.031818986684083936,0.03739550411701202
rmse,persistence,phihyd_surface,1440,0.03633428911368052,0.03316035121679306,0.03993599861860275
rmse,persistence,phihyd_surface,1450,0.037349486847718556,0.03551253080368042,0.04005875512957573
rmse,persistence,phihyd_surface,1460,0.03680278907219569,0.034431052207946775,0.03988578766584396
rmse,persistence,phihyd_surface,1470,0.035592573260267574,0.033288145810365675,0.03903892040252686
rmse,persistence,phihyd_surface,1480,0.035177831848462425,0.03277376666665077,0.03808174431324005
rmse,persistence,phihyd_surface,1490,0.03421097584068775,0.03133845403790474,0.03718406781554222
rmse,persistence,phihyd_surface,1500,0.03078422819574674,0.02892174944281578,0.03255439326167107
rmse,persistence,phihyd_surface,1510,0.027517639845609666,0.026034507155418395,0.02950804717838764
rmse,persistence,phihyd_surface,1520,0.026261777679125468,0.02474755682051182,0.02820456176996231
rmse,persistence,phihyd_surface,1530,0.02386481687426567,0.022913085669279097,0.025159063562750817
rmse,persistence,phihyd_surface,1540,0.0218699861317873,0.021339183673262596,0.02244313582777977
rmse,persistence,phihyd_surface,1550,0.02440336768825849,0.02362789735198021,0.025441058352589606
rmse,persistence,phihyd_surface,1560,0.027397800236940384,0.025946355238556863,0.029318978264927863
rmse,persistence,phihyd_surface,1570,0.02938024140894413,0.02811744771897793,0.030815744400024415
rmse,persistence,phihyd_surface,1580,0.032312966386477154,0.03027418367564678,0.0345503993332386
rmse,persistence,phihyd_surface,1590,0.03503340135018031,0.0328839048743248,0.03693410456180572
rmse,persistence,phihyd_surface,1600,0.036451642960309984,0.03362463042140007,0.03885069638490677
rmse,persistence,phihyd_surface,1610,0.0377728300789992,0.03496038466691971,0.041080990433692934
rmse,persistence,phihyd_surface,1620,0.03882118066151937,0.03710208460688591,0.04173353984951973
rmse,persistence,phihyd_surface,1630,0.03842912837862968,0.03659759610891342,0.041386612504720685
rmse,persistence,phihyd_surface,1640,0.03719449142615001,0.03462225422263145,0.040166544169187544
rmse,persistence,phihyd_surface,1650,0.03664437606930733,0.03430301994085312,0.03924736827611923
rmse,persistence,phihyd_surface,1660,0.03590923026204109,0.03264802619814873,0.03850789591670036
rmse,persistence,phihyd_surface,1670,0.03284189229210218,0.0313476674258709,0.034639864414930346
rmse,persistence,phihyd_surface,1680,0.02950286790728569,0.028249188512563705,0.031500575691461564
rmse,persistence,phihyd_surface,1690,0.028189843023816743,0.025875627994537354,0.030269139632582664
rmse,persistence,phihyd_surface,1700,0.02615756926437219,0.02488805875182152,0.027157264202833174
rmse,persistence,phihyd_surface,1710,0.023946269353230795,0.022987166419625282,0.02518643029034138
rmse,persistence,phihyd_surface,1720,0.025872101510564485,0.024780063331127165,0.027180403098464014
rmse,persistence,phihyd_surface,1730,0.0288186797251304,0.02730674259364605,0.03036494068801403
rmse,persistence,phihyd_surface,1740,0.030646340424815812,0.029046886786818504,0.032495413720607755
rmse,persistence,phihyd_surface,1750,0.033316092814008394,0.03089966028928757,0.036381032317876816
rmse,persistence,phihyd_surface,1760,0.03604683627684911,0.03374018296599388,0.038108035922050476
rmse,persistence,phihyd_surface,1770,0.03757003098726273,0.03448193222284317,0.04041330367326736
rmse,persistence,phihyd_surface,1780,0.03881002763907115,0.03649945184588432,0.042863454669713974
rmse,persistence,phihyd_surface,1790,0.03993730594714483,0.03780196532607079,0.04336449950933456
rmse,persistence,phihyd_surface,1800,0.03977771699428558,0.03733353242278099,0.04200995787978172
rmse,persistence,phihyd_surface,1810,0.03861491655309995,0.03543985188007355,0.041338611394166946
rmse,persistence,phihyd_surface,1820,0.03797179361184438,0.03479293063282966,0.0405951090157032
rmse,persistence,phihyd_surface,1830,0.03742084726691246,0.033741481602191925,0.04069257602095604
rmse,persistence,phihyd_surface,1840,0.034684554859995845,0.03257588148117065,0.03767772689461708
rmse,persistence,phihyd_surface,1850,0.031293280174334845,0.02964620143175125,0.033692116290330885
rmse,persistence,phihyd_surface,1860,0.029895817736784618,0.02756948247551918,0.03192028999328613
rmse,persistence,phihyd_surface,1870,0.0281729981303215,0.026719796657562255,0.029914374649524688
rmse,persistence,phihyd_surface,1880,0.025835455457369486,0.024823459237813948,0.028152627125382423
rmse,persistence,phihyd_surface,1890,0.027152840544780097,0.026007665693759917,0.02927555702626705
rmse,persistence,phihyd_surface,1900,0.030000951513648032,0.028537235409021377,0.03216556832194328
rmse,persistence,phihyd_surface,1910,0.03173314779996872,0.03019726574420929,0.03405398726463318
rmse,persistence,phihyd_surface,1920,0.03413284805913766,0.032121022790670396,0.036482305824756624
rmse,persistence,phihyd_surface,1930,0.03677509501576424,0.03406164422631264,0.03903467357158661
rmse,persistence,phihyd_surface,1940,0.03832153081893921,0.03558974638581276,0.041284972429275514
rmse,persistence,phihyd_surface,1950,0.039451988289753596,0.03686992526054382,0.04243576526641846
rmse,persistence,phihyd_surface,1960,0.040597194184859596,0.03846620544791222,0.04352364987134934
rmse,persistence,phihyd_surface,1970,0.040575868884722394,0.038545843213796616,0.04319739863276482
rmse,persistence,phihyd_surface,1980,0.039438204218943916,0.03619590699672699,0.04160658717155456
rmse,persistence,phihyd_surface,1990,0.03869750176866849,0.0360957071185112,0.040549947321414946
rmse,persistence,phihyd_surface,2000,0.038319241752227146,0.035539577901363376,0.041151534765958786
rmse,model,sst,0,0.0,0.0,0.0
rmse,model,sst,10,0.018437748526533446,0.017111273109912874,0.02004031538963318
rmse,model,sst,20,0.026859724894165993,0.024533455073833466,0.029495831578969955
rmse,model,sst,30,0.03558681160211563,0.031082577258348464,0.039661078900098796
rmse,model,sst,40,0.04609898676474889,0.040465927124023436,0.0513348251581192
rmse,model,sst,50,0.058667222907145815,0.051936621963977816,0.06334736198186874
rmse,model,sst,60,0.07213041285673777,0.06493345946073532,0.07679266035556793
rmse,model,sst,70,0.0837014044324557,0.07840933799743652,0.08948651850223541
rmse,model,sst,80,0.09251026461521784,0.08814165741205215,0.0975047543644905
rmse,model,sst,90,0.09907769759496053,0.09422063380479813,0.10398603975772858
rmse,model,sst,100,0.10382689386606217,0.09913057684898377,0.1083028957247734
rmse,model,sst,110,0.10758566906054814,0.10235633254051209,0.11147936433553696
rmse,model,sst,120,0.11117602388064067,0.10641840994358062,0.11619640290737152
rmse,model,sst,130,0.11469660550355912,0.11028778553009033,0.11948530077934265
rmse,model,sst,140,0.11768737783034643,0.1137290433049202,0.12209220975637436
rmse,model,sst,150,0.12054623117049536,0.11687344461679458,0.12535986304283142
rmse,model,sst,160,0.12323246250549952,0.12002181857824326,0.12746354043483735
rmse,model,sst,170,0.12576573292414348,0.12145106047391892,0.1294480323791504
rmse,model,sst,180,0.12794485340515774,0.12339806407690049,0.13310813307762145
rmse,model,sst,190,0.12966150442759197,0.12461128532886505,0.1353205919265747
rmse,model,sst,200,0.13097318212191264,0.1257120341062546,0.13781241774559022
rmse,model,sst,210,0.13194873829682668,0.12590673565864563,0.14008564352989197
rmse,model,sst,220,0.13275990039110183,0.12642643451690674,0.14109892547130584
rmse,model,sst,230,0.13356390446424485,0.12680679857730864,0.14205225110054015
rmse,model,sst,240,0.1343209594488144,0.12683196365833282,0.14329158067703246
rmse,model,sst,250,0.13516376515229542,0.1267544537782669,0.14369750618934632
rmse,model,sst,260,0.13597614963849386,0.1278882086277008,0.1442900151014328
rmse,model,sst,270,0.13691403468449911,0.12962815761566163,0.14491914510726928
rmse,model,sst,280,0.13816546102364857,0.13143187165260314,0.14561407566070556
rmse,model,sst,290,0.1394394447406133,0.1331291526556015,0.14597588479518891
rmse,model,sst,300,0.14048038323720297,0.13502594828605652,0.1462633103132248
rmse,model,sst,310,0.1413149913152059,0.13688258826732635,0.14691187739372252
rmse,model,sst,320,0.1423254152139028,0.1383001536130905,0.14663509428501129
rmse,model,sst,330,0.1432816078265508,0.138682621717453,0.14733000695705414
rmse,model,sst,340,0.14392825762430828,0.13916159570217132,0.1483196347951889
rmse,model,sst,350,0.1443253566821416,0.1394069492816925,0.1488814979791641
rmse,model,sst,360,0.14445312122503917,0.1394858568906784,0.148980513215065
rmse,model,sst,370,0.14441406230131784,0.13936822712421418,0.14916327595710754
rmse,model,sst,380,0.14442471663157144,0.14009902775287628,0.15015452206134797
rmse,model,sst,390,0.14436951677004498,0.1407204419374466,0.15020216703414918
rmse,model,sst,400,0.14430589377880096,0.14069145023822785,0.15042672753334047
rmse,model,sst,410,0.14417604804039003,0.1406750500202179,0.15038972198963166
rmse,model,sst,420,0.14406250913937887,0.14097225069999694,0.14974232912063598
rmse,model,sst,430,0.1439695527156194,0.140380597114563,0.14908545911312104
rmse,model,sst,440,0.14398696819941204,0.13992948830127716,0.1489115387201309
rmse,model,sst,450,0.14413187603155772,0.14019202589988708,0.14916141629219054
rmse,model,sst,460,0.14426575700441996,0.14050814807415007,0.1496119499206543
rmse,model,sst,470,0.14429887036482494,0.14103303253650665,0.15034178793430328
rmse,model,sst,480,0.1440210392077764,0.14038198590278625,0.1505190759897232
rmse,model,sst,490,0.14368989070256552,0.1404401034116745,0.15036762058734893
rmse,model,sst,500,0.14354053338368733,0.13974235951900482,0.15090695321559905
rmse,model,sst,510,0.14338997900485992,0.13868770003318787,0.151016703248024
rmse,model,sst,520,0.14324450393517812,0.1384137123823166,0.15074090361595155
rmse,model,sst,530,0.1429562916358312,0.13831782042980195,0.15026247799396514
rmse,model,sst,540,0.14264098703861236,0.1382951557636261,0.15022034645080568
rmse,model,sst,550,0.14248897631963095,0.13778054118156433,0.15047103762626649
rmse,model,sst,560,0.14259340365727743,0.1378849059343338,0.15047068595886232
rmse,model,sst,570,0.1428889314333598,0.13867157995700835,0.1500969111919403
rmse,model,sst,580,0.14319668114185333,0.13901353776454925,0.14980926513671874
rmse,model,sst,590,0.14350048700968424,0.13897438049316407,0.149966761469841
rmse,model,sst,600,0.14378459751605988,0.13870247602462768,0.15008463263511657
rmse,model,sst,610,0.14415772557258605,0.13928750455379485,0.1495044708251953
rmse,model,sst,620,0.14472880065441132,0.14044576287269592,0.14948574900627137
rmse,model,sst,630,0.14522761901219686,0.14126996994018554,0.14970168173313142
rmse,model,sst,640,0.14569716652234396,0.14128433763980866,0.1500033289194107
rmse,model,sst,650,0.14605360428492228,0.14157544076442719,0.15003801882266998
rmse,model,sst,660,0.1462651918331782,0.14124244153499604,0.14973156452178954
rmse,model,sst,670,0.14658398926258087,0.1416076600551605,0.15023086369037628
rmse,model,sst,680,0.14683162371317546,0.14190369844436646,0.15075650215148925
rmse,model,sst,690,0.14694427649180095,0.14145911931991578,0.1509690284729004
rmse,model,sst,700,0.14673296014467876,0.14090956151485443,0.15228466391563417
rmse,model,sst,710,0.14627788960933685,0.14029483795166015,0.15278948247432708
rmse,model,sst,720,0.14563741087913512,0.14010790586471558,0.15219863057136535
rmse,model,sst,730,0.14517526427904764,0.1396259695291519,0.15117210447788237
rmse,model,sst,740,0.14482954442501067,0.13916277885437012,0.15061043798923493
rmse,model,sst,750,0.14445401827494303,0.1387431263923645,0.15064596235752106
rmse,model,sst,760,0.14408479630947113,0.13800804316997528,0.1506590336561203
rmse,model,sst,770,0.14368069668610892,0.13649696111679077,0.15014728307723998
rmse,model,sst,780,0.14344760477542878,0.13629769682884216,0.14964694678783416
rmse,model,sst,790,0.1433173139890035,0.13650246560573578,0.1492875784635544
rmse,model,sst,800,0.1431361436843872,0.1374198853969574,0.14900971949100494
rmse,model,sst,810,0.14327083726723988,0.13778832852840422,0.15040784180164338
rmse,model,sst,820,0.14353128969669343,0.13752513527870178,0.14975868463516234
rmse,model,sst,830,0.1436090389887492,0.13739550709724427,0.15028786063194274
rmse,model,sst,840,0.14372532069683075,0.13728950619697572,0.15171445906162262
rmse,model,sst,850,0.14382860163847605,0.13757615983486177,0.15029121339321136
rmse,model,sst,860,0.14445791244506836,0.1375359535217285,0.1495901972055435
rmse,model,sst,870,0.14453640282154084,0.13693220019340516,0.14917387962341308
rmse,model,sst,880,0.14405805468559266,0.1358061820268631,0.14910488724708557
rmse,model,sst,890,0.1444010535875956,0.13609583377838136,0.15133767127990722
rmse,model,sst,900,0.1444885750611623,0.13557857573032378,0.15112773478031158
rmse,model,sst,910,0.1445287823677063,0.13439296185970306,0.1527409017086029
rmse,model,sst,920,0.14522545337677,0.13500686585903168,0.153805610537529
rmse,model,sst,930,0.14573255479335784,0.1350172370672226,0.15429057776927949
rmse,model,sst,940,0.1461944470802943,0.13500153124332429,0.15410543084144593
rmse,model,sst,950,0.1470486879348755,0.13611877262592315,0.15357235670089722
rmse,model,sst,960,0.14756371279557545,0.13614789247512818,0.15328116416931153
rmse,model,sst,970,0.14814495344956716,0.13698756396770478,0.15355462431907654
rmse,model,sst,980,0.14907537003358204,0.13951962888240815,0.15484089255332947
rmse,model,sst,990,0.14973196784655254,0.14003718197345733,0.15726870596408843
rmse,model,sst,1000,0.15009903411070505,0.14095003306865692,0.1570107251405716
rmse,model,sst,1010,0.15068327784538268,0.1414817750453949,0.15865976810455323
rmse,model,sst,1020,0.15126014550526937,0.142056804895401,0.15983825623989106
rmse,model,sst,1030,0.15161238014698028,0.14320051074028015,0.15991931557655334
rmse,model,sst,1040,0.15185355345408122,0.14401913583278655,0.15888484716415405
rmse,model,sst,1050,0.15221395393212636,0.14444671273231507,0.15960091054439546
rmse,model,sst,1060,0.15204650163650513,0.14470241069793702,0.1608220100402832
rmse,model,sst,1070,0.15231533745924633,0.14599347114562988,0.15953324139118194
rmse,model,sst,1080,0.15275253256162008,0.14531370103359223,0.16075156331062318
rmse,model,sst,1090,0.1529671053091685,0.14581605792045593,0.16105358004570008
rmse,model,sst,1100,0.1529846707979838,0.1470346838235855,0.16019759476184844
rmse,model,sst,1110,0.153213033080101,0.14760778844356537,0.15940391421318054
rmse,model,sst,1120,0.15341511070728303,0.14766985476016997,0.1593702733516693
rmse,model,sst,1130,0.15342145562171935,0.14830242395401,0.15899168848991393
rmse,model,sst,1140,0.15384872953097026,0.14869017004966736,0.1588868111371994
rmse,model,sst,1150,0.15454304019610088,0.1493201494216919,0.15916113257408143
rmse,model,sst,1160,0.15444081723690034,0.15000155568122864,0.15907201766967774
rmse,model,sst,1170,0.15469466944535573,0.14970887303352357,0.1594919204711914
rmse,model,sst,1180,0.1557086447874705,0.15149849355220796,0.15979031324386597
rmse,model,sst,1190,0.15561447143554688,0.15126801133155823,0.15960231125354768
rmse,model,sst,1200,0.1557995617389679,0.15213328301906587,0.16056298911571504
rmse,model,sst,1210,0.15619055132071177,0.1516354650259018,0.16012037992477418
rmse,model,sst,1220,0.15620573461055756,0.1523180454969406,0.159418985247612
rmse,model,sst,1230,0.1558485746383667,0.15235027074813842,0.1593787282705307
rmse,model,sst,1240,0.15601256092389423,0.15157510340213776,0.1593797743320465
rmse,model,sst,1250,0.15620609621206918,0.1518306165933609,0.1600228577852249
rmse,model,sst,1260,0.15618489782015482,0.15160990357398987,0.15995066463947297
rmse,model,sst,1270,0.15631466805934907,0.15184297859668733,0.1595673531293869
rmse,model,sst,1280,0.156533145904541,0.15236591398715973,0.1592775195837021
rmse,model,sst,1290,0.15652103026707967,0.15236222445964814,0.16024417877197267
rmse,model,sst,1300,0.15672999123732248,0.15197446644306184,0.15965336859226226
rmse,model,sst,1310,0.15723577737808228,0.1534720093011856,0.16059327721595765
rmse,model,sst,1320,0.15731917122999828,0.15353189110755922,0.1605643153190613
rmse,model,sst,1330,0.15736597577730815,0.15332738161087037,0.16043244898319245
rmse,model,sst,1340,0.15797982613245645,0.15412660539150239,0.16116978228092194
rmse,model,sst,1350,0.15832677880922955,0.15491306483745576,0.16105410158634187
rmse,model,sst,1360,0.15821194549401602,0.15458934605121613,0.16135814189910888
rmse,model,sst,1370,0.1585773418347041,0.1551341325044632,0.1615895450115204
rmse,model,sst,1380,0.15894126296043395,0.15582510232925414,0.16163740158081055
rmse,model,sst,1390,0.1585855374733607,0.1557651400566101,0.16115137338638305
rmse,model,sst,1400,0.15843468407789865,0.154736664891243,0.16052818596363067
rmse,model,sst,1410,0.15853395064671835,0.15503217577934264,0.1603887528181076
rmse,model,sst,1420,0.15872766276200612,0.15541214048862456,0.160967817902565
rmse,model,sst,1430,0.1589404135942459,0.1551820456981659,0.16140818893909453
rmse,model,sst,1440,0.15910463333129882,0.15520188510417937,0.16153859496116638
rmse,model,sst,1450,0.1594872683286667,0.15543970167636872,0.16133788824081421
rmse,model,sst,1460,0.1595420350631078,0.15464860796928406,0.16146497130393983
rmse,model,sst,1470,0.15947426855564117,0.155599707365036,0.16134655177593232
rmse,model,sst,1480,0.15964918732643127,0.15560061633586883,0.1617291361093521
rmse,model,sst,1490,0.16001638770103455,0.15636713206768035,0.16264461278915404
rmse,model,sst,1500,0.16048310498396556,0.15652016997337342,0.16365258991718293
rmse,model,sst,1510,0.16084902981917062,0.15753036439418794,0.1632470428943634
rmse,model,sst,1520,0.16064588328202564,0.15748968720436096,0.16354556977748871
rmse,model,sst,1530,0.16061788698037466,0.15752582252025604,0.16390385031700133
rmse,model,sst,1540,0.1611500710248947,0.1581556260585785,0.16462361216545104
rmse,model,sst,1550,0.16112584273020428,0.15844904780387878,0.16434884071350098
rmse,model,sst,1560,0.1610921025276184,0.1583040475845337,0.1640239655971527
rmse,model,sst,1570,0.16073320309321085,0.15760546326637268,0.16346886157989501
rmse,model,sst,1580,0.1608654588460922,0.157771697640419,0.16411667466163635
rmse,model,sst,1590,0.16100382308165231,0.15708547532558442,0.16355707943439485
rmse,model,sst,1600,0.1609290510416031,0.1566629081964493,0.16375387609004974
rmse,model,sst,1610,0.161177330215772,0.15694165527820586,0.1653456598520279
rmse,model,sst,1620,0.16143288215001425,0.15748259127140046,0.16433390974998474
rmse,model,sst,1630,0.16146904230117798,0.1568885028362274,0.16497134268283845
rmse,model,sst,1640,0.16122039059797924,0.15757966041564941,0.16561231315135955
rmse,model,sst,1650,0.1614863892396291,0.15700525045394897,0.1658312827348709
rmse,model,sst,1660,0.16194654901822408,0.15670354664325714,0.16663248538970948
rmse,model,sst,1670,0.16246588329474132,0.15734378397464752,0.16729147136211395
rmse,model,sst,1680,0.16249106228351592,0.15787164270877838,0.16813541650772096
rmse,model,sst,1690,0.1622643440961838,0.15803193151950837,0.16731196343898774
rmse,model,sst,1700,0.16250183880329133,0.15849001109600067,0.16849574744701384
rmse,model,sst,1710,0.16289451519648235,0.15859465003013612,0.16945175528526307
rmse,model,sst,1720,0.16291687885920206,0.1589506059885025,0.16953161656856536
rmse,model,sst,1730,0.16278254290421804,0.15908620953559877,0.16875289082527162
rmse,model,sst,1740,0.16290795703728994,0.15903674960136413,0.16873469948768616
rmse,model,sst,1750,0.1627749502658844,0.1584291934967041,0.16789345145225526
rmse,model,sst,1760,0.16267020603020985,0.15851138532161713,0.16820429265499115
rmse,model,sst,1770,0.1625949372847875,0.1580051451921463,0.16880510449409486
rmse,model,sst,1780,0.1628296544154485,0.15805675387382506,0.16958484649658204
rmse,model,sst,1790,0.16302053034305572,0.15822533071041106,0.17038980424404143
rmse,model,sst,1800,0.16283310155073802,0.15834069848060608,0.17046966254711152
rmse,model,sst,1810,0.16277622183163962,0.15722160637378693,0.17051833868026733
rmse,model,sst,1820,0.1629011849562327,0.1569323420524597,0.17117912769317628
rmse,model,sst,1830,0.16338860789934795,0.15596041679382325,0.17191171646118164
rmse,model,sst,1840,0.1637227863073349,0.15571492314338684,0.17257983088493348
rmse,model,sst,1850,0.16355223655700685,0.1554013729095459,0.1720808833837509
rmse,model,sst,1860,0.1634180376927058,0.15523722767829895,0.17218347489833832
rmse,model,sst,1870,0.16381854712963104,0.15715101957321168,0.17101872563362122
rmse,model,sst,1880,0.1636533220609029,0.15829339027404785,0.17030989825725557
rmse,model,sst,1890,0.16374777654806774,0.15829309225082397,0.16992491483688354
rmse,model,sst,1900,0.16385870774586994,0.1572888672351837,0.16976980566978456
rmse,model,sst,1910,0.163852063814799,0.1584353655576706,0.16971880793571473
rmse,model,sst,1920,0.1636488139629364,0.1580958753824234,0.16852627396583558
rmse,model,sst,1930,0.16351529856522878,0.15826112926006317,0.16878974735736846
rmse,model,sst,1940,0.16373819708824158,0.15947088301181794,0.16919346451759337
rmse,model,sst,1950,0.1636475831270218,0.15822609663009643,0.1698590636253357
rmse,model,sst,1960,0.1636584053436915,0.1588129371404648,0.16969203650951387
rmse,model,sst,1970,0.16359744369983673,0.1594254732131958,0.16911504566669464
rmse,model,sst,1980,0.16318284173806508,0.15899727940559388,0.16982092559337617
rmse,model,sst,1990,0.16314428846041362,0.1580650806427002,0.17043293118476868
rmse,model,sst,2000,0.16356767515341442,0.15812843143939972,0.16886526048183442
rmse,climatology,sst,0,0.039902253448963164,0.0367139883339405,0.04125935062766075
rmse,climatology,sst,10,0.04019332403937976,0.038304847478866574,0.04195714741945267
rmse,climatology,sst,20,0.040266380707422895,0.03863387852907181,0.04146210625767708
rmse,climatology,sst,30,0.03970507880051931,0.038114627450704576,0.04165766313672066
rmse,climatology,sst,40,0.03956101263562838,0.03671174943447113,0.04189671576023102
rmse,climatology,sst,50,0.03965807358423869,0.0368288442492485,0.042306946218013765
rmse,climatology,sst,60,0.03988200028737386,0.037257551401853564,0.04173772931098938
rmse,climatology,sst,70,0.03980525135993958,0.037598039209842685,0.04136608242988586
rmse,climatology,sst,80,0.03987343708674113,0.03819933831691742,0.041555417329072954
rmse,climatology,sst,90,0.0395865132411321,0.03735930845141411,0.04099363312125206
rmse,climatology,sst,100,0.03910983353853226,0.03679051250219345,0.04088523536920548
rmse,climatology,sst,110,0.03950054620703061,0.036579579859972,0.04159343540668488
rmse,climatology,sst,120,0.040189438064893085,0.03813721984624863,0.04161925166845322
rmse,climatology,sst,130,0.04009175052245458,0.03812600746750831,0.041465965658426286
rmse,climatology,sst,140,0.03959584285815557,0.03744494915008545,0.04158676415681839
rmse,climatology,sst,150,0.03951960454384486,0.03784827440977097,0.041164381057024
rmse,climatology,sst,160,0.03978660653034846,0.037606341391801835,0.04163973554968834
rmse,climatology,sst,170,0.040192139645417534,0.037144073843955995,0.042019713670015335
rmse,climatology,sst,180,0.04052517488598824,0.03876587599515915,0.042432761192321776
rmse,climatology,sst,190,0.04063764438033104,0.03905064687132835,0.04216546192765236
rmse,climatology,sst,200,0.04012534022331238,0.03800424933433533,0.041741769015789035
rmse,climatology,sst,210,0.03994400352239609,0.03805437833070755,0.04211376011371613
rmse,climatology,sst,220,0.04000508611400922,0.03718689531087875,0.042376503348350525
rmse,climatology,sst,230,0.04026962071657181,0.03720815256237984,0.04298168122768402
rmse,climatology,sst,240,0.04026558473706245,0.038271835446357726,0.04235660508275032
rmse,climatology,sst,250,0.040376391261816025,0.038367859274148944,0.04179068580269814
rmse,climatology,sst,260,0.04016894151767095,0.03887649774551392,0.04140739068388939
rmse,climatology,sst,270,0.03962616696953773,0.036992432177066804,0.04194854944944382
rmse,climatology,sst,280,0.039933375517527264,0.03685863614082337,0.04256428778171539
rmse,climatology,sst,290,0.040577471752961475,0.038112203031778334,0.04259936511516571
rmse,climatology,sst,300,0.04054347351193428,0.03793133795261383,0.0421279601752758
rmse,climatology,sst,310,0.04002440869808197,0.03808683529496193,0.04141981154680252
rmse,climatology,sst,320,0.03982383857170741,0.03784942775964737,0.041273602098226544
rmse,climatology,sst,330,0.04004912848273913,0.03776471465826035,0.041645845770835875
rmse,climatology,sst,340,0.04034820372859637,0.03846231922507286,0.04216808527708053
rmse,climatology,sst,350,0.040700903783241905,0.039485550671815875,0.0418014757335186
rmse,climatology,sst,360,0.04076887543002764,0.03962150365114212,0.04188704341650009
rmse,climatology,sst,370,0.040239140888055164,0.0383805938065052,0.04195348918437958
rmse,climatology,sst,380,0.03996617719531059,0.03788204938173294,0.04177775308489799
rmse,climatology,sst,390,0.039963639030853905,0.037489375472068785,0.04174458980560303
rmse,climatology,sst,400,0.04022927979628245,0.03748615533113479,0.041978266835212705
rmse,climatology,sst,410,0.04021327570080757,0.03815186619758606,0.04190403670072555
rmse,climatology,sst,420,0.040282742430766426,0.038374502956867215,0.04184882342815399
rmse,climatology,sst,430,0.04017714609702428,0.03875753730535507,0.041279449313879016
rmse,climatology,sst,440,0.03967855523029963,0.03724469020962715,0.04149810150265694
rmse,climatology,sst,450,0.039964792877435686,0.037472504377365115,0.04189396053552628
rmse,climatology,sst,460,0.04060690055290858,0.038557637482881546,0.04204362705349922
rmse,climatology,sst,470,0.040697185198465984,0.037904929369688034,0.042806051671504974
rmse,climatology,sst,480,0.04027378832300504,0.038260827958583835,0.041954944282770155
rmse,climatology,sst,490,0.04005835279822349,0.03785591050982475,0.04181837737560272
rmse,climatology,sst,500,0.040315264960130055,0.03820503503084183,0.04169621914625168
rmse,climatology,sst,510,0.04057277391354243,0.03840887993574142,0.042539647221565245
rmse,climatology,sst,520,0.041021783649921414,0.03876589313149452,0.042839867621660234
rmse,climatology,sst,530,0.041176939755678175,0.040359821170568466,0.04269074946641922
rmse,climatology,sst,540,0.040766677757104235,0.039343889057636264,0.042299605906009674
rmse,climatology,sst,550,0.040453497072060904,0.03872196078300476,0.042257525771856305
rmse,climatology,sst,560,0.040409724414348605,0.0385612778365612,0.04237345308065414
rmse,climatology,sst,570,0.04065143217643102,0.037701298296451566,0.042446811497211454
rmse,climatology,sst,580,0.04061227242151896,0.03832227364182472,0.042188555002212524
rmse,climatology,sst,590,0.04060232962171237,0.03852387294173241,0.04257323369383812
rmse,climatology,sst,600,0.04052079319953918,0.03930609598755837,0.04141091257333755
rmse,climatology,sst,610,0.0400023065507412,0.03834054619073868,0.04166765883564949
rmse,climatology,sst,620,0.04019331708550453,0.03736832439899444,0.041848686337471006
rmse,climatology,sst,630,0.040853577603896456,0.038640360534191134,0.04219243377447128
rmse,climatology,sst,640,0.04110019877552986,0.03913005739450455,0.04260339364409447
rmse,climatology,sst,650,0.0407590168217818,0.039094728976488115,0.042799198627471925
rmse,climatology,sst,660,0.04050964787602425,0.038188584893941876,0.04360376819968224
rmse,climatology,sst,670,0.040789852788050966,0.03820798248052597,0.04368717968463898
rmse,climatology,sst,680,0.041018036256233854,0.038611531257629395,0.044260865449905394
rmse,climatology,sst,690,0.04148848180969556,0.03890379071235657,0.04447205513715744
rmse,climatology,sst,700,0.04161787033081055,0.03974052742123604,0.04349783137440681
rmse,climatology,sst,710,0.041231453667084375,0.03947988599538803,0.043870313465595244
rmse,climatology,sst,720,0.04080559909343719,0.03861517384648323,0.043537506461143495
rmse,climatology,sst,730,0.040720586727062864,0.03833337128162384,0.04276186153292656
rmse,climatology,sst,740,0.040980068345864616,0.0384687639772892,0.043032779544591906
rmse,climatology,sst,750,0.04097994888822238,0.03906621187925339,0.04231923595070839
rmse,climatology,sst,760,0.04094563474257787,0.03911441490054131,0.04308980405330658
rmse,climatology,sst,770,0.0409418689707915,0.03971337229013443,0.04220575839281082
rmse,climatology,sst,780,0.04046187251806259,0.03836794793605804,0.04312712550163269
rmse,climatology,sst,790,0.040540985266367596,0.038209373503923415,0.04215278550982475
rmse,climatology,sst,800,0.04113944520552953,0.039039508998394014,0.042667947709560394
rmse,climatology,sst,810,0.04145459830760956,0.03861502408981323,0.04359319880604744
rmse,climatology,sst,820,0.041167379915714265,0.039667483419179916,0.043595779687166214
rmse,climatology,sst,830,0.04087698186437289,0.03860315531492233,0.04301105812191963
rmse,climatology,sst,840,0.04115255797902743,0.03951562792062759,0.04308821186423302
rmse,climatology,sst,850,0.04138118798534075,0.039281148463487625,0.044019151479005814
rmse,climatology,sst,860,0.041910620282093684,0.03959265649318695,0.044054793566465376
rmse,climatology,sst,870,0.04211496437589327,0.040105798095464704,0.04460934624075889
rmse,climatology,sst,880,0.04189397071798642,0.03926709592342377,0.04374895989894867
rmse,climatology,sst,890,0.04144180292884509,0.039181815832853316,0.04408571347594261
rmse,climatology,sst,900,0.04134310881296794,0.03875657320022583,0.044956453144550323
rmse,climatology,sst,910,0.04156439701716105,0.03819234967231751,0.044638796150684355
rmse,climatology,sst,920,0.04160735234618187,0.0397318072617054,0.04490401148796082
rmse,climatology,sst,930,0.04153881520032883,0.03945073783397675,0.043659452348947525
rmse,climatology,sst,940,0.041533806920051576,0.04023751839995384,0.043031470477581026
rmse,climatology,sst,950,0.04100678066412608,0.03890861496329308,0.04426395148038864
rmse,climatology,sst,960,0.04088791832327843,0.03819439634680748,0.04341707825660705
rmse,climatology,sst,970,0.04135753487547238,0.03890361040830612,0.043555200845003125
rmse,climatology,sst,980,0.04166396483778954,0.03872297927737236,0.043808824568986895
rmse,climatology,sst,990,0.04128221124410629,0.039746003597974776,0.04263961985707283
rmse,climatology,sst,1000,0.04083020488421122,0.03843645378947258,0.04217526391148567
rmse,climatology,sst,1010,0.040955550223588946,0.038776934146881104,0.04204625934362412
rmse,climatology,sst,1020,0.04111789415280024,0.03882777988910675,0.04286220893263817
rmse,climatology,sst,1030,0.04161069790522257,0.04013950899243355,0.04286550134420395
rmse,climatology,sst,1040,0.04174775555729866,0.04053453356027603,0.04260680675506592
rmse,climatology,sst,1050,0.04160554831226667,0.03988006487488747,0.043450312316417695
rmse,climatology,sst,1060,0.04113304316997528,0.03911786824464798,0.04264276623725891
rmse,climatology,sst,1070,0.041105720897515616,0.03892984464764595,0.04318807274103165
rmse,climatology,sst,1080,0.041352135688066484,0.038777495920658114,0.042974922060966494
rmse,climatology,sst,1090,0.04144884621103605,0.03975770398974419,0.04306957498192787
rmse,climatology,sst,1100,0.04142489706476529,0.0387567050755024,0.04392394497990608
rmse,climatology,sst,1110,0.04156508296728134,0.04036332666873932,0.043266909569501875
rmse,climatology,sst,1120,0.041194815188646317,0.03916027769446373,0.04273634180426598
rmse,climatology,sst,1130,0.041048938781023024,0.039091522246599196,0.04232095032930374
rmse,climatology,sst,1140,0.04158150305350621,0.03971190005540848,0.043920434266328814
rmse,climatology,sst,1150,0.04209535072247187,0.039490148425102234,0.04411876127123833
rmse,climatology,sst,1160,0.04184409976005554,0.04007726833224297,0.04395567998290062
rmse,climatology,sst,1170,0.04142820338408152,0.03803192302584648,0.04421030357480049
rmse,climatology,sst,1180,0.0415284829835097,0.039883962273597716,0.04397766888141632
rmse,climatology,sst,1190,0.04165155912439029,0.03844330534338951,0.04429292529821396
rmse,climatology,sst,1200,0.042078033089637756,0.03892463818192482,0.0449542224407196
rmse,climatology,sst,1210,0.04217275033394496,0.04022085666656494,0.044384907186031344
rmse,climatology,sst,1220,0.04204487105210622,0.04052207171916962,0.04376499503850937
rmse,climatology,sst,1230,0.04143344933787982,0.03981328010559082,0.04289210364222527
rmse,climatology,sst,1240,0.041299870361884435,0.03950116485357284,0.04311077669262886
rmse,climatology,sst,1250,0.04142868419488271,0.03953549712896347,0.04310338273644447
rmse,climatology,sst,1260,0.04147101044654846,0.04005710631608963,0.04310815930366516
rmse,climatology,sst,1270,0.04137142598628998,0.03906474187970162,0.04314575344324112
rmse,climatology,sst,1280,0.041465200235446295,0.04033167958259583,0.04300643131136894
rmse,climatology,sst,1290,0.04112437888979912,0.039045792818069455,0.0426680400967598
rmse,climatology,sst,1300,0.040868132313092546,0.03900376856327057,0.04247669205069542
rmse,climatology,sst,1310,0.04136692235867182,0.03864174485206604,0.0431370347738266
rmse,climatology,sst,1320,0.04199891661604246,0.04047356620430946,0.04319232031702995
rmse,climatology,sst,1330,0.04181209032734235,0.04038419052958488,0.043217633664608
rmse,climatology,sst,1340,0.04138562853137652,0.03927743285894394,0.043622715026140214
rmse,climatology,sst,1350,0.041450096170107524,0.039590252190828325,0.04383533596992493
rmse,climatology,sst,1360,0.041654119888941445,0.038754639029502866,0.044582351297140124
rmse,climatology,sst,1370,0.04212284634510676,0.03895009234547615,0.04484321475028992
rmse,climatology,sst,1380,0.042285103102525076,0.0405010774731636,0.04400917515158653
rmse,climatology,sst,1390,0.04224997411171595,0.0404817521572113,0.04430828019976616
rmse,climatology,sst,1400,0.041653177390495934,0.039977367222309115,0.044147192686796184
rmse,climatology,sst,1410,0.0415259192387263,0.03905206844210625,0.043576722592115404
rmse,climatology,sst,1420,0.04164243713021278,0.03906816840171814,0.043609649688005445
rmse,climatology,sst,1430,0.04175622214873632,0.03981768786907196,0.043480896204710004
rmse,climatology,sst,1440,0.041679880519707994,0.03983135968446731,0.0432917945086956
rmse,climatology,sst,1450,0.041808246076107024,0.04034550487995148,0.04323071539402008
rmse,climatology,sst,1460,0.041548063357671104,0.039611296355724336,0.04350243359804153
rmse,climatology,sst,1470,0.04118774781624476,0.03863896727561951,0.04318034574389458
rmse,climatology,sst,1480,0.04161722287535667,0.039656832814216614,0.043609372526407245
rmse,climatology,sst,1490,0.04229197775324186,0.03997294083237648,0.0437993973493576
rmse,climatology,sst,1500,0.042164866874615355,0.04003064632415772,0.0442890539765358
rmse,climatology,sst,1510,0.0417467050254345,0.03961920514702797,0.044014714658260345
rmse,climatology,sst,1520,0.04175352801879247,0.04020474702119827,0.04316101223230362
rmse,climatology,sst,1530,0.04200312172373136,0.04011902287602424,0.04437083601951599
rmse,climatology,sst,1540,0.04246234074234963,0.04001151770353317,0.04435340613126755
rmse,climatology,sst,1550,0.04272335693240166,0.0410024143755436,0.045095375180244444
rmse,climatology,sst,1560,0.04279947653412819,0.04070001989603043,0.04474617093801499
rmse,climatology,sst,1570,0.042254733542601265,0.039833870530128476,0.043855781108140944
rmse,climatology,sst,1580,0.04210320735971133,0.040376192331314086,0.04485141336917877
rmse,climatology,sst,1590,0.0421556256711483,0.03939230591058731,0.04494234248995781
rmse,climatology,sst,1600,0.04229173983136813,0.03966028764843941,0.04532415345311165
rmse,climatology,sst,1610,0.0422009048362573,0.04013790786266327,0.04468226954340935
rmse,climatology,sst,1620,0.042282096048196154,0.04071831777691841,0.043577315658330916
rmse,climatology,sst,1630,0.042004883537689844,0.04053071811795235,0.04425600990653038
rmse,climatology,sst,1640,0.04151235669851303,0.03890712335705757,0.04413550794124603
rmse,climatology,sst,1650,0.04180234844485919,0.03894046097993851,0.04377276673913002
rmse,climatology,sst,1660,0.04240241795778275,0.04007645174860954,0.04452687427401543
rmse,climatology,sst,1670,0.04227031394839287,0.03991683647036552,0.04381128549575806
rmse,climatology,sst,1680,0.041761803130308785,0.03992154151201248,0.0429841972887516
rmse,climatology,sst,1690,0.04162521362304687,0.03994836285710335,0.042834671586751936
rmse,climatology,sst,1700,0.04183793316284815,0.03970472291111946,0.04318924173712731
rmse,climatology,sst,1710,0.042176126440366106,0.04077060222625732,0.04359274655580521
rmse,climatology,sst,1720,0.042477189501126604,0.0411819078028202,0.043547799438238145
rmse,climatology,sst,1730,0.04257530321677526,0.04158902019262314,0.04362572357058525
rmse,climatology,sst,1740,0.04210418562094371,0.040328693389892575,0.04361339956521988
rmse,climatology,sst,1750,0.041975143800179165,0.03954702690243721,0.04386854618787765
rmse,climatology,sst,1760,0.04204516783356667,0.03993204832077026,0.04367412924766541
rmse,climatology,sst,1770,0.042276148994763695,0.04015533328056335,0.04377939626574516
rmse,climatology,sst,1780,0.04224659229318301,0.03995339199900627,0.04443151876330376
rmse,climatology,sst,1790,0.04238623157143593,0.0405290886759758,0.04448963180184364
rmse,climatology,sst,1800,0.04226170480251312,0.040814808756113055,0.0434931755065918
rmse,climatology,sst,1810,0.04179578920205434,0.039820896834135054,0.04346790462732315
rmse,climatology,sst,1820,0.04210410863161087,0.04007575362920761,0.043868732452392575
rmse,climatology,sst,1830,0.042760311315457024,0.04082706868648529,0.04465740919113159
rmse,climatology,sst,1840,0.04279881765445073,0.04095167070627213,0.044784796237945554
rmse,climatology,sst,1850,0.04236392825841904,0.04006144180893898,0.04429329335689545
rmse,climatology,sst,1860,0.04217461347579956,0.03994939774274826,0.04446943700313568
rmse,climatology,sst,1870,0.04237713739275932,0.04005012959241867,0.04459303990006447
rmse,climatology,sst,1880,0.04257813096046448,0.0399872288107872,0.04496423825621605
rmse,climatology,sst,1890,0.04289283355077108,0.04072937145829201,0.04475419744849205
rmse,climatology,sst,1900,0.042956859618425366,0.04175588712096214,0.04451163783669472
rmse,climatology,sst,1910,0.04248135387897491,0.041162611544132234,0.044084567576646805
rmse,climatology,sst,1920,0.04223090708255768,0.04017952382564545,0.04382658675312996
rmse,climatology,sst,1930,0.04221476564804713,0.040196793526411055,0.044249915331602094
rmse,climatology,sst,1940,0.04245983759562175,0.03990866169333458,0.04389669224619865
rmse,climatology,sst,1950,0.0424592100083828,0.04035722464323044,0.04397859945893288
rmse,climatology,sst,1960,0.04256393810113271,0.04088630601763725,0.04479687809944153
rmse,climatology,sst,1970,0.042526369293530784,0.0409010075032711,0.04449116513133049
rmse,climatology,sst,1980,0.04208157435059547,0.04022548124194145,0.044054703414440156
rmse,climatology,sst,1990,0.04231156979997953,0.03919761478900909,0.04413660988211632
rmse,climatology,sst,2000,0.04292762999733289,0.04075527936220169,0.044357655197381975
rmse,persistence,sst,0,0.0,0.0,0.0
rmse,persistence,sst,10,0.023042166605591774,0.020479941740632057,0.02563916929066181
rmse,persistence,sst,20,0.03856733292341232,0.03373042419552803,0.04298889711499214
rmse,persistence,sst,30,0.04891509289542834,0.04647354483604431,0.05156893655657768
rmse,persistence,sst,40,0.057242782910664876,0.05418467968702316,0.05950823128223419
rmse,persistence,sst,50,0.06063304543495178,0.05708782449364662,0.06359810680150986
rmse,persistence,sst,60,0.06012430936098099,0.05624728724360466,0.06265129595994949
rmse,persistence,sst,70,0.05777601401011149,0.054612552374601366,0.06046492829918861
rmse,persistence,sst,80,0.05628771136204402,0.05466724410653114,0.059250836819410325
rmse,persistence,sst,90,0.05650631164511045,0.05237568914890289,0.06010627299547196
rmse,persistence,sst,100,0.05736470048626264,0.054158564656972885,0.060222916305065155
rmse,persistence,sst,110,0.059464330226182936,0.05618496611714363,0.06233227401971817
rmse,persistence,sst,120,0.061601980278889336,0.058154468238353726,0.06477647721767425
rmse,persistence,sst,130,0.057892923802137376,0.054586438834667204,0.06133759096264839
rmse,persistence,sst,140,0.0485353097319603,0.04516090154647827,0.052382343262434
rmse,persistence,sst,150,0.03918354411919912,0.03462531939148903,0.04354237616062164
rmse,persistence,sst,160,0.026337347676356634,0.022562621161341667,0.030428403988480568
rmse,persistence,sst,170,0.00792422991556426,0.004298828914761544,0.01397098246961832
rmse,persistence,sst,180,0.022736939415335656,0.019568313658237458,0.025879812613129615
rmse,persistence,sst,190,0.038413395484288536,0.03384401425719261,0.0426293708384037
rmse,persistence,sst,200,0.048792302856842676,0.04622915461659431,0.05128918662667274
rmse,persistence,sst,210,0.05732917338609696,0.05408214032649994,0.05966533496975899
rmse,persistence,sst,220,0.06116565962632497,0.057142330706119536,0.06445401906967163
rmse,persistence,sst,230,0.06098727285861969,0.056582964956760406,0.06418800801038742
rmse,persistence,sst,240,0.05873332694172859,0.054895386844873426,0.06132027879357338
rmse,persistence,sst,250,0.057100818306207654,0.05507359877228737,0.060181742161512376
rmse,persistence,sst,260,0.05720635106166204,0.053904710710048674,0.0606622114777565
rmse,persistence,sst,270,0.0579372559984525,0.05468766540288925,0.060530157387256624
rmse,persistence,sst,280,0.05977712472279866,0.05647493675351143,0.06240667924284935
rmse,persistence,sst,290,0.06208477939168612,0.058399172872304915,0.06539676040410995
rmse,persistence,sst,300,0.059102864811817805,0.056422244757413864,0.062367182970046994
rmse,persistence,sst,310,0.05000442390640577,0.046959517151117326,0.0534022681415081
rmse,persistence,sst,320,0.04064119632045428,0.03658885657787323,0.04514366537332535
rmse,persistence,sst,330,0.02858776313563188,0.02476356364786625,0.032689718157052995
rmse,persistence,sst,340,0.010739213787019253,0.008615901321172714,0.014986113458871842
rmse,persistence,sst,350,0.021221152196327846,0.019207865372300147,0.02300005778670311
rmse,persistence,sst,360,0.03726205229759216,0.03253916054964066,0.040852976590394975
rmse,persistence,sst,370,0.04778944179415703,0.04404589980840683,0.05050943195819855
rmse,persistence,sst,380,0.05656925092140833,0.054643557965755464,0.05834648683667183
rmse,persistence,sst,390,0.060873207201560336,0.05751967802643776,0.06385107338428497
rmse,persistence,sst,400,0.060984612256288526,0.057375714927911756,0.0636196956038475
rmse,persistence,sst,410,0.058748547732830045,0.05476367995142937,0.0611641176044941
rmse,persistence,sst,420,0.05691383803884188,0.054657251387834546,0.05948930829763412
rmse,persistence,sst,430,0.0568803404768308,0.052732905745506285,0.060019660741090775
rmse,persistence,sst,440,0.05759602238734563,0.05403863787651062,0.06036221235990524
rmse,persistence,sst,450,0.059327831119298936,0.05562944784760475,0.062120279669761656
rmse,persistence,sst,460,0.06181384970744451,0.0586536705493927,0.06580062210559845
rmse,persistence,sst,470,0.05959331418077151,0.0562618114054203,0.06291785389184952
rmse,persistence,sst,480,0.05088289429744085,0.04714471697807312,0.05441480353474617
rmse,persistence,sst,490,0.041534288724263506,0.03709461465477944,0.04599729627370834
rmse,persistence,sst,500,0.030118444686134657,0.0255777932703495,0.034046436101198195
rmse,persistence,sst,510,0.011922400506834189,0.00822939332574606,0.01779892109334469
rmse,persistence,sst,520,0.01922636286665996,0.015957046300172806,0.024095606431365012
rmse,persistence,sst,530,0.03599305773774783,0.030969375744462013,0.04048373475670815
rmse,persistence,sst,540,0.04691285118460655,0.04217287302017212,0.050658611208200456
rmse,persistence,sst,550,0.055929681907097496,0.05311096534132957,0.05816507190465927
rmse,persistence,sst,560,0.060712827493747075,0.05635459795594215,0.06390184462070465
rmse,persistence,sst,570,0.06112276340524356,0.05652530863881111,0.0643899530172348
rmse,persistence,sst,580,0.05891189177831014,0.05442845821380615,0.06131061911582947
rmse,persistence,sst,590,0.05680682708819707,0.05446892455220222,0.060029088705778125
rmse,persistence,sst,600,0.05650502194960912,0.052517658472061156,0.059934253245592116
rmse,persistence,sst,610,0.05706616565585136,0.05324354320764542,0.060483375936746596
rmse,persistence,sst,620,0.058562486867109936,0.054472704976797105,0.06115721464157105
rmse,persistence,sst,630,0.061131654183069865,0.05800265297293663,0.06482765823602676
rmse,persistence,sst,640,0.05963086436192195,0.05678364261984825,0.06332844346761704
rmse,persistence,sst,650,0.051283509284257886,0.047787246853113176,0.05474387854337692
rmse,persistence,sst,660,0.04176929096380869,0.03760173469781876,0.04551720097661018
rmse,persistence,sst,670,0.030760911603768665,0.026298149675130843,0.035313486307859424
rmse,persistence,sst,680,0.011983227419356505,0.00998624712228775,0.016461360827088354
rmse,persistence,sst,690,0.015797963800529637,0.013318159431219102,0.01864155903458595
rmse,persistence,sst,700,0.03386419676244259,0.02927938997745514,0.0375713936984539
rmse,persistence,sst,710,0.04537333970268567,0.04148001000285149,0.049187127500772476
rmse,persistence,sst,720,0.05468042343854904,0.05253071486949921,0.0568036787211895
rmse,persistence,sst,730,0.06011539325118065,0.05590623468160629,0.06275120228528977
rmse,persistence,sst,740,0.06100916763146718,0.057338394969701764,0.06409125477075577
rmse,persistence,sst,750,0.05904928669333458,0.055123770236968996,0.06131694242358208
rmse,persistence,sst,760,0.05693450495600701,0.055736062675714494,0.05939725637435913
rmse,persistence,sst,770,0.05660824303825696,0.05278588160872459,0.059056705236434935
rmse,persistence,sst,780,0.057266671458880106,0.05275895819067955,0.061200284957885744
rmse,persistence,sst,790,0.058716977139314015,0.054273690283298495,0.06153527721762657
rmse,persistence,sst,800,0.06139896338184674,0.05849026814103127,0.06487861424684524
rmse,persistence,sst,810,0.06072766780853271,0.057798010855913164,0.06458815187215805
rmse,persistence,sst,820,0.05312500670552254,0.049901819229125975,0.056715229898691176
rmse,persistence,sst,830,0.04379466747244199,0.03947948738932609,0.04697113260626793
rmse,persistence,sst,840,0.033672177543242775,0.02982631027698517,0.03933161795139313
rmse,persistence,sst,850,0.017306965589523316,0.013133064843714237,0.02252291366457939
rmse,persistence,sst,860,0.01692923946926991,0.012627722509205342,0.022170082852244376
rmse,persistence,sst,870,0.034019344424208,0.02981583960354328,0.037183592468500136
rmse,persistence,sst,880,0.04565877467393875,0.041765902936458585,0.049609123915433886
rmse,persistence,sst,890,0.05489303469657898,0.05265468433499336,0.05652179643511772
rmse,persistence,sst,900,0.060766492038965225,0.05643740519881248,0.06393496245145798
rmse,persistence,sst,910,0.06201424226164818,0.05764615759253502,0.06504294425249099
rmse,persistence,sst,920,0.06024949525793393,0.056231190264225,0.06362189501523971
rmse,persistence,sst,930,0.05798893496394157,0.05527754724025726,0.060819408297538756
rmse,persistence,sst,940,0.05738770837585131,0.05557007119059563,0.05974890217185021
rmse,persistence,sst,950,0.05789164255062739,0.05371634289622307,0.06189994513988495
rmse,persistence,sst,960,0.05903708760937055,0.0549553170800209,0.06218849942088127
rmse,persistence,sst,970,0.06155035470922788,0.059142643213272096,0.065666563808918
rmse,persistence,sst,980,0.06144327918688456,0.05804925337433815,0.06470653265714646
rmse,persistence,sst,990,0.05436349486311277,0.05050182715058327,0.05735345110297203
rmse,persistence,sst,1000,0.044811762124300006,0.04087447375059128,0.0485202319920063
rmse,persistence,sst,1010,0.03492133008937041,0.030205558240413665,0.03995368108153343
rmse,persistence,sst,1020,0.01895454842597246,0.016377830132842063,0.021951086074113845
rmse,persistence,sst,1030,0.014318067766726016,0.012460402213037014,0.017274418100714683
rmse,persistence,sst,1040,0.03175078853964806,0.029313527792692185,0.034423237293958665
rmse,persistence,sst,1050,0.04406328524152438,0.040327951312065125,0.04757417812943458
rmse,persistence,sst,1060,0.05352019170920054,0.05220853164792061,0.05490037426352501
rmse,persistence,sst,1070,0.06004265372951825,0.05791284739971161,0.06222050189971924
rmse,persistence,sst,1080,0.06172760700186094,0.05845733806490898,0.06466100364923477
rmse,persistence,sst,1090,0.06019745816787084,0.056770633161067965,0.062449365854263306
rmse,persistence,sst,1100,0.05787949214378993,0.05475921705365181,0.060483957082033156
rmse,persistence,sst,1110,0.05710738698641459,0.05416729971766472,0.06103752553462982
rmse,persistence,sst,1120,0.05762287825345993,0.05258907973766327,0.06112379655241966
rmse,persistence,sst,1130,0.05871333802739779,0.056004087626934054,0.06223269104957581
rmse,persistence,sst,1140,0.06122983197371165,0.058491974323987964,0.0651638612151146
rmse,persistence,sst,1150,0.06186984380086263,0.05793982073664665,0.06630152463912964
rmse,persistence,sst,1160,0.05562391902009646,0.051001927256584166,0.059862714260816574
rmse,persistence,sst,1170,0.04614449764291446,0.042023904621601105,0.05062175542116165
rmse,persistence,sst,1180,0.03667994787295659,0.03097493276000023,0.041653641313314435
rmse,persistence,sst,1190,0.021585043395558993,0.017207476869225503,0.02750749848783016
rmse,persistence,sst,1200,0.012691132972637813,0.008340931124985218,0.02262430228292942
rmse,persistence,sst,1210,0.030030825858314833,0.025514493882656097,0.03587357401847839
rmse,persistence,sst,1220,0.04282739460468292,0.03705382794141769,0.046819958835840225
rmse,persistence,sst,1230,0.05231359526515007,0.05021338164806366,0.054963575303554536
rmse,persistence,sst,1240,0.05928880721330643,0.055318613350391385,0.061732206493616104
rmse,persistence,sst,1250,0.061316727598508196,0.05764050856232643,0.06466609686613083
rmse,persistence,sst,1260,0.059913894285758336,0.05586512461304664,0.0622978150844574
rmse,persistence,sst,1270,0.05740919411182403,0.05454493761062622,0.0601060189306736
rmse,persistence,sst,1280,0.056260295957326886,0.05423091426491737,0.05944081693887711
rmse,persistence,sst,1290,0.05660928164919218,0.0522329568862915,0.06030103489756584
rmse,persistence,sst,1300,0.05750604743758837,0.054009263217449185,0.05985878705978394
rmse,persistence,sst,1310,0.059855165580908455,0.05761010944843292,0.06282074451446533
rmse,persistence,sst,1320,0.06108804071942965,0.05770583227276802,0.06442611068487167
rmse,persistence,sst,1330,0.05556539793809255,0.052052701264619826,0.05852259024977684
rmse,persistence,sst,1340,0.045881934463977814,0.04226013422012329,0.049619477987289426
rmse,persistence,sst,1350,0.03640158760050933,0.03159277141094208,0.041721022129058837
rmse,persistence,sst,1360,0.021641405299305916,0.018833833187818526,0.024477125331759452
rmse,persistence,sst,1370,0.008093584949771563,0.006423192005604506,0.012797352112829685
rmse,persistence,sst,1380,0.026858454570174217,0.023616959154605866,0.029336444661021234
rmse,persistence,sst,1390,0.0408488504588604,0.036210736632347106,0.04495819509029388
rmse,persistence,sst,1400,0.05072938874363899,0.048950185626745225,0.05297311916947365
rmse,persistence,sst,1410,0.058378028621276216,0.054907529056072234,0.060568132996559144
rmse,persistence,sst,1420,0.06102152317762375,0.057692380249500276,0.06424815952777863
rmse,persistence,sst,1430,0.060044803222020465,0.05611486732959747,0.062356064468622206
rmse,persistence,sst,1440,0.0576723908384641,0.05559713393449783,0.060002265870571135
rmse,persistence,sst,1450,0.05643197024861971,0.05495389774441719,0.05946228802204132
rmse,persistence,sst,1460,0.05682966709136963,0.052464810013771054,0.06066239550709725
rmse,persistence,sst,1470,0.05774782498677571,0.05460819005966187,0.06058684885501862
rmse,persistence,sst,1480,0.05998336101571719,0.05702350214123726,0.06306773573160171
rmse,persistence,sst,1490,0.06180011530717214,0.05804518386721611,0.0652750626206398
rmse,persistence,sst,1500,0.05729093924164772,0.05423391163349152,0.06020905822515488
rmse,persistence,sst,1510,0.04791487058003743,0.044469673186540604,0.05138137117028237
rmse,persistence,sst,1520,0.03884499420722325,0.03437775894999504,0.04440344050526619
rmse,persistence,sst,1530,0.025791164860129355,0.022637390345335007,0.03112637624144554
rmse,persistence,sst,1540,0.01219325214624405,0.007428327761590481,0.017405590787529946
rmse,persistence,sst,1550,0.026820438851912817,0.023212758451700212,0.02952914088964462
rmse,persistence,sst,1560,0.04090925852457682,0.03687070310115814,0.044521939009428024
rmse,persistence,sst,1570,0.050714973857005435,0.048355698585510254,0.052976212650537494
rmse,persistence,sst,1580,0.05863470484813054,0.05517871305346489,0.061259415745735166
rmse,persistence,sst,1590,0.06172051305572192,0.05767630115151405,0.06447037458419799
rmse,persistence,sst,1600,0.06104907567302386,0.057261377573013306,0.06390774250030518
rmse,persistence,sst,1610,0.058650969465573626,0.054865922033786776,0.06171985790133476
rmse,persistence,sst,1620,0.05711562260985374,0.05503595247864723,0.060189664363861084
rmse,persistence,sst,1630,0.05730654448270798,0.05334169939160347,0.06089831218123436
rmse,persistence,sst,1640,0.0580316257973512,0.054879502207040784,0.06119440570473671
rmse,persistence,sst,1650,0.05994752322634061,0.05674271509051323,0.06282267868518829
rmse,persistence,sst,1660,0.06203700179855029,0.05825800970196724,0.06527782678604126
rmse,persistence,sst,1670,0.05833714629213015,0.05504908934235573,0.061352402716875074
rmse,persistence,sst,1680,0.049030966311693194,0.04575858861207962,0.052705025672912596
rmse,persistence,sst,1690,0.039890864739815395,0.03565497621893883,0.04410940706729889
rmse,persistence,sst,1700,0.02751944859822591,0.023646580800414086,0.031076956540346146
rmse,persistence,sst,1710,0.011784841492772102,0.009680540859699249,0.01529904194176197
rmse,persistence,sst,1720,0.024093384792407354,0.022108166292309762,0.02585356719791889
rmse,persistence,sst,1730,0.039080755412578584,0.035451528429985044,0.04290486797690392
rmse,persistence,sst,1740,0.04922504350543022,0.04632671251893043,0.05148364007472992
rmse,persistence,sst,1750,0.05762861991922061,0.05596588253974914,0.05922999754548073
rmse,persistence,sst,1760,0.061310214052597685,0.058489571511745456,0.06408173739910125
rmse,persistence,sst,1770,0.06103743712107341,0.057815763354301455,0.06343306005001068
rmse,persistence,sst,1780,0.058710091809431715,0.05446735396981239,0.06079599857330322
rmse,persistence,sst,1790,0.056994096686442695,0.05440312623977661,0.06045592054724693
rmse,persistence,sst,1800,0.05710428208112717,0.0524235799908638,0.06040059328079224
rmse,persistence,sst,1810,0.05784615452090899,0.05471122488379478,0.06137728542089462
rmse,persistence,sst,1820,0.05965744405984878,0.05553137958049774,0.06332571804523468
rmse,persistence,sst,1830,0.06208048264185587,0.05902735739946365,0.06624058187007904
rmse,persistence,sst,1840,0.05935184011856715,0.055530717968940733,0.06245289146900177
rmse,persistence,sst,1850,0.05043573478857676,0.0463826559484005,0.05482934489846229
rmse,persistence,sst,1860,0.041351507604122165,0.036572837829589845,0.04557496383786201
rmse,persistence,sst,1870,0.029792913670341172,0.0249100711196661,0.034307724237442015
rmse,persistence,sst,1880,0.012847467573980491,0.00921768881380558,0.021205345168709755
rmse,persistence,sst,1890,0.02187277264893055,0.01862318515777588,0.0272540558129549
rmse,persistence,sst,1900,0.03740686972935994,0.03230886459350586,0.04166882708668709
rmse,persistence,sst,1910,0.047791597743829094,0.043416035175323484,0.05105718672275543
rmse,persistence,sst,1920,0.0564610406756401,0.05357642099261284,0.058476226031780244
rmse,persistence,sst,1930,0.060640815645456314,0.0565903902053833,0.06372574418783188
rmse,persistence,sst,1940,0.0606674924492836,0.0565807044506073,0.0633682057261467
rmse,persistence,sst,1950,0.05833361744880676,0.054085171222686766,0.06073984503746033
rmse,persistence,sst,1960,0.05634482055902481,0.05417411848902702,0.05908866077661514
rmse,persistence,sst,1970,0.05628473411003749,0.05227991491556168,0.05992211401462555
rmse,persistence,sst,1980,0.05700519730647405,0.053562816232442856,0.06023810803890228
rmse,persistence,sst,1990,0.05864937876661618,0.05488943755626678,0.06170997843146324
rmse,persistence,sst,2000,0.06128479888041814,0.058351154625415805,0.0647919699549675
acc,selected,surface_u,0,1.0,1.0,1.0
acc,selected,surface_u,10,0.9668455362319947,0.9572715997695923,0.9756910920143127
acc,selected,surface_u,20,0.9184054772059123,0.8968206882476807,0.9441522836685181
acc,selected,surface_u,30,0.8517694751421611,0.8129815578460693,0.8966936230659485
acc,selected,surface_u,40,0.7859381596247356,0.7281121492385865,0.8543344378471375
acc,selected,surface_u,50,0.7220634579658508,0.6651416301727295,0.780473268032074
acc,selected,surface_u,60,0.6490677038828532,0.579028058052063,0.72199547290802
acc,selected,surface_u,70,0.5832629124323527,0.5001803755760192,0.6726829171180725
acc,selected,surface_u,80,0.5429622193177541,0.4657907605171204,0.5957789182662964
acc,selected,surface_u,90,0.5023182372252146,0.41933279633522036,0.5785006046295166
acc,selected,surface_u,100,0.4616540352503459,0.3823849081993103,0.5491950154304505
acc,selected,surface_u,110,0.44324995279312135,0.3551912486553192,0.5220750212669373
acc,selected,surface_u,120,0.4099725822607676,0.2883929193019867,0.5130221366882324
acc,selected,surface_u,130,0.37607959111531575,0.2630010604858398,0.4983412384986877
acc,selected,surface_u,140,0.35747458835442864,0.2483391135931015,0.4766265094280243
acc,selected,surface_u,150,0.33782717287540437,0.19848978519439697,0.4549424171447754
acc,selected,surface_u,160,0.3161763817071915,0.19561808705329897,0.43906012177467346
acc,selected,surface_u,170,0.2966538985570272,0.1794917643070221,0.41555281877517697
acc,selected,surface_u,180,0.2864061196645101,0.19056126475334167,0.38681046962738036
acc,selected,surface_u,190,0.27345496316750845,0.18664944171905518,0.3578391909599304
acc,selected,surface_u,200,0.26068471521139147,0.15122165977954866,0.3630068719387054
acc,prior,surface_u,0,1.0,1.0,1.0
acc,prior,surface_u,10,0.998444155852,0.9973410725593567,0.9989770770072937
acc,prior,surface_u,20,0.9956561048825582,0.9924007892608643,0.9975138306617737
acc,prior,surface_u,30,0.9919167439142863,0.986270010471344,0.9953678846359253
acc,prior,surface_u,40,0.9878963152567546,0.9790702939033509,0.9928228259086609
acc,prior,surface_u,50,0.9836315194765727,0.9707307577133178,0.9897112250328064
acc,prior,surface_u,60,0.978126585483551,0.9646446228027343,0.985531485080719
acc,prior,surface_u,70,0.9707352558771769,0.9616247415542603,0.9794178962707519
acc,prior,surface_u,80,0.9598509947458903,0.9507615804672241,0.9690168142318726
acc,prior,surface_u,90,0.9370322505633036,0.9136139273643493,0.9552564144134521
acc,prior,surface_u,100,0.9034977634747823,0.8736734509468078,0.9273913621902465
acc,prior,surface_u,110,0.8612207293510437,0.8315922260284424,0.8940229058265686
acc,prior,surface_u,120,0.7958611090977986,0.7442874193191529,0.8469469308853149
acc,prior,surface_u,130,0.7046791235605876,0.6285348176956177,0.7721044421195984
acc,prior,surface_u,140,0.6118186513582865,0.517464017868042,0.7016936421394349
acc,prior,surface_u,150,0.5271526257197062,0.42502482533454894,0.615834641456604
acc,prior,surface_u,160,0.42862836122512815,0.3292418777942657,0.5024792075157165
acc,prior,surface_u,170,0.33449649314085644,0.24744943380355836,0.424875009059906
acc,prior,surface_u,180,0.23988930334647496,0.17311918437480928,0.3248601913452148
acc,prior,surface_u,190,0.1661406363050143,0.107967047393322,0.2276660442352295
acc,prior,surface_u,200,0.11044877301901579,0.03159348443150521,0.1731760561466217
acc,selected,surface_v,0,1.0,1.0,1.0
acc,selected,surface_v,10,0.8536267161369324,0.8003682136535645,0.8897794246673584
acc,selected,surface_v,20,0.7663210272789002,0.7344810128211975,0.8030796408653259
acc,selected,surface_v,30,0.7129954179128011,0.6555351853370667,0.772593331336975
acc,selected,surface_v,40,0.6453167041142781,0.5783288598060607,0.7198519587516784
acc,selected,surface_v,50,0.5968155940373738,0.5386346340179443,0.657208788394928
acc,selected,surface_v,60,0.5325603485107422,0.4783474802970886,0.5929629445075989
acc,selected,surface_v,70,0.49113417863845826,0.4200583577156067,0.55704824924469
acc,selected,surface_v,80,0.45469348033269247,0.4129065990447998,0.5143813014030456
acc,selected,surface_v,90,0.3957352519035339,0.3361566960811615,0.44002147316932677
acc,selected,surface_v,100,0.35265939235687255,0.30242841243743895,0.40372546911239626
acc,selected,surface_v,110,0.3266225516796112,0.28167293667793275,0.37448580265045167
acc,selected,surface_v,120,0.30595901707808176,0.24530285000801086,0.3445116341114044
acc,selected,surface_v,130,0.2677696744600932,0.20933363437652588,0.32128278017044065
acc,selected,surface_v,140,0.24139321148395537,0.17536048889160155,0.29260219931602477
acc,selected,surface_v,150,0.20604635626077653,0.1523893028497696,0.25699532628059385
acc,selected,surface_v,160,0.18273934026559194,0.12024874836206437,0.24187631905078888
acc,selected,surface_v,170,0.15349644819895428,0.08890289068222046,0.217081880569458
acc,selected,surface_v,180,0.13621649593114854,0.06726117730140686,0.20182940661907195
acc,selected,surface_v,190,0.10998379314939181,0.045341322571039205,0.17985562980175018
acc,selected,surface_v,200,0.09217654913663864,0.047516956180334094,0.14919059872627258
acc,prior,surface_v,0,1.0,1.0,1.0
acc,prior,surface_v,10,0.9962748765945435,0.9948710083961487,0.9976436734199524
acc,prior,surface_v,20,0.9911100149154664,0.987090277671814,0.9941152215003968
acc,prior,surface_v,30,0.9845001935958863,0.9796534776687622,0.9895906567573547
acc,prior,surface_v,40,0.9759645620981853,0.9663349032402039,0.9827804327011108
acc,prior,surface_v,50,0.963916830221812,0.950891637802124,0.9748522877693176
acc,prior,surface_v,60,0.9443477829297383,0.9142051935195923,0.9658347487449646
acc,prior,surface_v,70,0.9194180289904277,0.8641069769859314,0.9520020127296448
acc,prior,surface_v,80,0.8836266358693441,0.8007127046585083,0.9225715279579163
acc,prior,surface_v,90,0.8216700156529745,0.7405695676803589,0.8826543927192688
acc,prior,surface_v,100,0.7332701365152995,0.5987075448036194,0.7938639998435975
acc,prior,surface_v,110,0.6385654509067535,0.5292537689208985,0.7157379627227783
acc,prior,surface_v,120,0.5491961399714153,0.44461190700531006,0.6310505867004395
acc,prior,surface_v,130,0.443345175186793,0.32916921377182007,0.5151060700416565
acc,prior,surface_v,140,0.3356316973765691,0.2548483401536942,0.4061592757701874
acc,prior,surface_v,150,0.23775583803653716,0.18949542343616485,0.29479913115501405
acc,prior,surface_v,160,0.1622962698340416,0.1292850285768509,0.20132187604904173
acc,prior,surface_v,170,0.12135937760273616,0.08814359158277511,0.16556586623191832
acc,prior,surface_v,180,0.08048513034979503,0.051170381158590315,0.10134644955396652
acc,prior,surface_v,190,0.04972236640751362,0.02451930530369282,0.07071008384227753
acc,prior,surface_v,200,0.03301877211779356,0.01555773038417101,0.05678016543388366
acc,selected,phihyd_surface,0,1.0,1.0,1.0
acc,selected,phihyd_surface,10,0.9732737859090169,0.9705644845962524,0.9778434276580811
acc,selected,phihyd_surface,20,0.9401454448699951,0.9342390537261963,0.9510347843170166
acc,selected,phihyd_surface,30,0.9015050292015075,0.889176607131958,0.9204022288322449
acc,selected,phihyd_surface,40,0.8574386676152547,0.838886022567749,0.8833794116973877
acc,selected,phihyd_surface,50,0.8149993618329366,0.7989390850067138,0.8412025809288025
acc,selected,phihyd_surface,60,0.7813750147819519,0.7684744596481323,0.802025580406189
acc,selected,phihyd_surface,70,0.7562423308690389,0.7458639740943909,0.7694796681404114
acc,selected,phihyd_surface,80,0.7378007769584656,0.7302417039871216,0.7473958134651184
acc,selected,phihyd_surface,90,0.7252621213595073,0.7163445830345154,0.7363106489181519
acc,selected,phihyd_surface,100,0.7161822517712911,0.7110936522483826,0.7230102777481079
acc,selected,phihyd_surface,110,0.7072172045707703,0.7007954597473145,0.7162249207496643
acc,selected,phihyd_surface,120,0.6985892653465271,0.6919984579086303,0.7062403917312622
acc,selected,phihyd_surface,130,0.6929392496744792,0.6869904518127441,0.703824234008789
acc,selected,phihyd_surface,140,0.6878427306811015,0.6806938409805298,0.6988341331481933
acc,selected,phihyd_surface,150,0.6825899680455526,0.6738272070884704,0.6934659004211425
acc,selected,phihyd_surface,160,0.6777557253837585,0.6681944131851196,0.6877718210220337
acc,selected,phihyd_surface,170,0.6727724393208822,0.6650988459587097,0.6836458802223205
acc,selected,phihyd_surface,180,0.667018989721934,0.6576657772064209,0.6789544463157654
acc,selected,phihyd_surface,190,0.6618651628494263,0.6519750952720642,0.6758562684059143
acc,selected,phihyd_surface,200,0.6586639841397604,0.6489967584609986,0.6699839472770691
acc,prior,phihyd_surface,0,1.0,1.0,1.0
acc,prior,phihyd_surface,10,0.9981870214144389,0.9979423880577087,0.9985792517662049
acc,prior,phihyd_surface,20,0.9935714880625407,0.9922308206558228,0.994973611831665
acc,prior,phihyd_surface,30,0.9837614258130392,0.978697395324707,0.988001000881195
acc,prior,phihyd_surface,40,0.9634431004524231,0.9481236815452576,0.9731704235076905
acc,prior,phihyd_surface,50,0.9249313592910766,0.892471706867218,0.9449816226959229
acc,prior,phihyd_surface,60,0.860413400332133,0.8072535276412964,0.8933968663215637
acc,prior,phihyd_surface,70,0.7685050368309021,0.6949915409088134,0.8124888777732849
acc,prior,phihyd_surface,80,0.6551890075206757,0.5660793781280518,0.7061467170715332
acc,prior,phihyd_surface,90,0.5340911328792572,0.4413032352924347,0.5842103719711303
acc,prior,phihyd_surface,100,0.4199678977330526,0.33778990507125856,0.46502569913864134
acc,prior,phihyd_surface,110,0.32201740344365437,0.2549148976802826,0.3629422545433044
acc,prior,phihyd_surface,120,0.24357283314069111,0.1904229700565338,0.27606152892112734
acc,prior,phihyd_surface,130,0.1812657356262207,0.1443687289953232,0.20479334592819215
acc,prior,phihyd_surface,140,0.13107507775227228,0.1141929417848587,0.15052743554115294
acc,prior,phihyd_surface,150,0.09414665699005127,0.07982365489006042,0.10351835489273072
acc,prior,phihyd_surface,160,0.06644750460982322,0.055684304982423785,0.07840462625026703
acc,prior,phihyd_surface,170,0.04496906672914823,0.036535269021987914,0.05338589027523994
acc,prior,phihyd_surface,180,0.02915838671227296,0.020729755610227586,0.037899731844663616
acc,prior,phihyd_surface,190,0.01623647895952066,0.007380745746195317,0.02463049441576004
acc,prior,phihyd_surface,200,0.006856993314189216,-0.0002663925522938368,0.015798040106892584
acc,selected,sst,0,1.0,1.0,1.0
acc,selected,sst,10,0.9067021210988363,0.8920784831047058,0.9198636412620544
acc,selected,sst,20,0.8290136933326722,0.8104208707809448,0.8483127474784851
acc,selected,sst,30,0.7409421284993489,0.7155311703681946,0.7681052207946777
acc,selected,sst,40,0.6454317529996236,0.6057618498802185,0.684225058555603
acc,selected,sst,50,0.5525486747423808,0.5108243823051453,0.5852816820144653
acc,selected,sst,60,0.4708666960398356,0.44793590903282166,0.5040371656417847
acc,selected,sst,70,0.41439589063326515,0.38336470127105715,0.44727550745010375
acc,selected,sst,80,0.37461900115013125,0.3445705950260162,0.40199323296546935
acc,selected,sst,90,0.3375397026538849,0.31057907938957213,0.3682148098945618
acc,selected,sst,100,0.3073227862517039,0.268387097120285,0.3499228894710541
acc,selected,sst,110,0.2824966967105865,0.23346942365169526,0.3232141673564911
acc,selected,sst,120,0.2513971616824468,0.18419567346572877,0.31338468194007874
acc,selected,sst,130,0.21554092268149058,0.14091567397117616,0.27952545285224917
acc,selected,sst,140,0.18686704834302267,0.12453429251909257,0.2487633168697357
acc,selected,sst,150,0.16371551702419918,0.0968405231833458,0.2255938321352005
acc,selected,sst,160,0.1465964545806249,0.08878706842660904,0.20202991962432862
acc,selected,sst,170,0.1321746493379275,0.08051823675632477,0.18332846760749816
acc,selected,sst,180,0.12071263045072556,0.08582918792963028,0.16300821006298066
acc,selected,sst,190,0.11336059421300888,0.0845860257744789,0.1422486811876297
acc,selected,sst,200,0.10705259293317795,0.08321716040372848,0.13304576575756072
acc,prior,sst,0,1.0,1.0,1.0
acc,prior,sst,10,0.9616963108380635,0.9489591717720032,0.9693089485168457
acc,prior,sst,20,0.8985920310020447,0.8627244353294372,0.9231648445129395
acc,prior,sst,30,0.8139954606691996,0.7437334179878234,0.8559143304824829
acc,prior,sst,40,0.7118712902069092,0.6030964374542236,0.77247474193573
acc,prior,sst,50,0.606709365049998,0.47807019352912905,0.6729080438613891
acc,prior,sst,60,0.5025055448214213,0.3818580150604248,0.566323208808899
acc,prior,sst,70,0.41118438442548116,0.29846267104148866,0.47430917620658875
acc,prior,sst,80,0.33146555721759796,0.2404940515756607,0.3822428286075592
acc,prior,sst,90,0.24771085480848948,0.17261143922805786,0.30700134634971615
acc,prior,sst,100,0.18249935855468113,0.1298866957426071,0.24087016880512238
acc,prior,sst,110,0.12663902739683788,0.06844316869974137,0.1617047071456909
acc,prior,sst,120,0.08929315290103355,0.03836177624762059,0.1139252781867981
acc,prior,sst,130,0.08731634989380836,0.05141813084483147,0.1206394761800766
acc,prior,sst,140,0.08695438106854757,0.0503995344042778,0.13386484682559968
acc,prior,sst,150,0.0847637053579092,0.039394570887088774,0.1194576308131218
acc,prior,sst,160,0.07069848235696555,0.02023424860090018,0.10520385056734086
acc,prior,sst,170,0.04285573450227578,-0.020823580026626584,0.10173971951007842
acc,prior,sst,180,0.012229829716185728,-0.048472192138433456,0.05966532006859779
acc,prior,sst,190,-0.019176579418611558,-0.0771472156047821,0.02304173484444618
acc,prior,sst,200,-0.035698562922577066,-0.07554252743721009,0.0016215612180530995
