metric,model_or_method,field,lead_days,mean,p10,p90
rmse,model,surface_speed,0,0.0,0.0,0.0
rmse,model,surface_speed,10,0.000672147423028946,0.0005536813288927079,0.0007512932643294334
rmse,model,surface_speed,20,0.0008896450395695865,0.0007455389364622534,0.0009896416682749986
rmse,model,surface_speed,30,0.0009892106793510417,0.0008195591624826194,0.0011255561839789152
rmse,model,surface_speed,40,0.0010692607766638199,0.0008647841517813504,0.0012699384242296219
rmse,model,surface_speed,50,0.0011782521847635507,0.0009888873202726245,0.001369770267046988
rmse,model,surface_speed,60,0.0012616974262831112,0.0008798280381597578,0.0014743200037628413
rmse,model,surface_speed,70,0.0013110229784312347,0.0009770767646841705,0.001498091034591198
rmse,model,surface_speed,80,0.0013686502041916051,0.0011144425719976426,0.0015632119961082936
rmse,model,surface_speed,90,0.0014422536555988093,0.001198256923817098,0.0017926920671015977
rmse,model,surface_speed,100,0.0015038428517679372,0.0012728638481348752,0.0019208612851798533
rmse,model,surface_speed,110,0.001574370676341156,0.0012461028527468443,0.0019699622411280867
rmse,model,surface_speed,120,0.0016743623108292618,0.0012662619585171342,0.002164157247170806
rmse,model,surface_speed,130,0.0017681728893270095,0.0013026576722040772,0.0022982260677963493
rmse,model,surface_speed,140,0.001827309785100321,0.0013157267356291413,0.0025529387407004834
rmse,model,surface_speed,150,0.001908575293297569,0.0013587431982159614,0.0029955071862787005
rmse,model,surface_speed,160,0.0019791125707949203,0.0013078776886686684,0.002956700278446078
rmse,model,surface_speed,170,0.0020403121520454685,0.0013663239078596234,0.002866477146744728
rmse,model,surface_speed,180,0.002110740783003469,0.0014865750912576915,0.0032036281190812588
rmse,model,surface_speed,190,0.002184924941199521,0.0015370703302323818,0.0034226806368678805
rmse,model,surface_speed,200,0.002257630384216706,0.0016060874098911882,0.0032463221345096823
rmse,model,surface_speed,210,0.002296324757238229,0.0016568765975534915,0.003271982120350003
rmse,model,surface_speed,220,0.0023647542499626675,0.001688396604731679,0.0036233598832041023
rmse,model,surface_speed,230,0.0024232359991098445,0.0017899067141115665,0.0037421751767396927
rmse,model,surface_speed,240,0.0024671008655180533,0.001811938895843923,0.003892199322581291
rmse,model,surface_speed,250,0.00249070858117193,0.0018482784274965526,0.003854939807206392
rmse,model,surface_speed,260,0.0025092112676550946,0.0019039122853428125,0.003688477631658315
rmse,model,surface_speed,270,0.0025077680125832557,0.0018977600615471602,0.003562358673661947
rmse,model,surface_speed,280,0.0025098495883867145,0.001988897332921624,0.0034287104848772284
rmse,model,surface_speed,290,0.002524989827846487,0.002102481946349144,0.0033578337170183654
rmse,model,surface_speed,300,0.0025585762535532317,0.002181623037904501,0.003320184489712119
rmse,model,surface_speed,310,0.0025975832249969244,0.0022418758366256953,0.0033493575640022753
rmse,model,surface_speed,320,0.002640605205669999,0.002323798928409815,0.0032643062993884084
rmse,model,surface_speed,330,0.002659111376851797,0.0023665071930736303,0.0032814909704029557
rmse,model,surface_speed,340,0.0026859987216691175,0.0024483096785843372,0.0032638637349009514
rmse,model,surface_speed,350,0.0027260194066911934,0.002492852509021759,0.003205172065645456
rmse,model,surface_speed,360,0.002755322027951479,0.0025342184118926523,0.003172329487279057
rmse,model,surface_speed,370,0.0028256033392002186,0.0026048499159514902,0.0031324402894824742
rmse,model,surface_speed,380,0.0028452589021374783,0.0026543229818344117,0.0031448880210518835
rmse,model,surface_speed,390,0.002905382961034775,0.002720416244119406,0.0032020130660384894
rmse,model,surface_speed,400,0.00295280572026968,0.0027785384096205234,0.0032531374599784613
rmse,model,surface_speed,410,0.003052023813749353,0.002802543621510267,0.0034230994060635567
rmse,model,surface_speed,420,0.003109251661226153,0.0027706724125891925,0.0035190179478377104
rmse,model,surface_speed,430,0.0031998413149267437,0.0028106606099754573,0.0036674011964350937
rmse,model,surface_speed,440,0.0032810399929682414,0.002845280151814222,0.0037757671903818845
rmse,model,surface_speed,450,0.0034009717870503663,0.002910774340853095,0.0039672253653407095
rmse,model,surface_speed,460,0.003494528913870454,0.002853200165554881,0.004144060052931308
rmse,model,surface_speed,470,0.003617541026324034,0.002924929326400161,0.004377132840454578
rmse,model,surface_speed,480,0.0037395399374266463,0.002937534963712096,0.004620457254350186
rmse,model,surface_speed,490,0.003904054407030344,0.002999511966481805,0.004917332343757153
rmse,model,surface_speed,500,0.0040230019794156155,0.0030328146182000636,0.005176395736634731
rmse,model,surface_speed,510,0.004140553856268525,0.0031243708916008474,0.0053936028853058815
rmse,model,surface_speed,520,0.004247575392946601,0.0031209361739456655,0.0054439687170088295
rmse,model,surface_speed,530,0.004358419092992941,0.003134291060268879,0.0056402673944830894
rmse,model,surface_speed,540,0.004486882376174132,0.003245426248759031,0.00574281569570303
rmse,model,surface_speed,550,0.004595063130060832,0.0033580235205590723,0.005958822555840015
rmse,model,surface_speed,560,0.004703715924794475,0.0033930404111742972,0.006171819940209389
rmse,model,surface_speed,570,0.004810062733789285,0.0034576939418911935,0.006318418588489294
rmse,model,surface_speed,580,0.004998028418049217,0.003637530328705907,0.006388041563332081
rmse,model,surface_speed,590,0.005160404943550626,0.0035992123186588286,0.006501522939652204
rmse,model,surface_speed,600,0.00532346460968256,0.0036478567868471145,0.006796621158719062
rmse,model,surface_speed,610,0.005470026253412167,0.003771705226972699,0.006837275344878435
rmse,model,surface_speed,620,0.00560181369073689,0.0038997739553451537,0.006920724455267191
rmse,model,surface_speed,630,0.005639493294681112,0.003915661433711648,0.006977330707013607
rmse,model,surface_speed,640,0.005641166990001997,0.004032346419990063,0.007024363428354263
rmse,model,surface_speed,650,0.0055744212586432695,0.003951072553172707,0.006900579947978258
rmse,model,surface_speed,660,0.005526934005320072,0.003963703010231257,0.006784321926534176
rmse,model,surface_speed,670,0.0054603581471989555,0.003999564051628113,0.006611962988972664
rmse,model,surface_speed,680,0.005398867465555668,0.004109044466167689,0.006360732764005661
rmse,model,surface_speed,690,0.005283076905955871,0.004105041362345218,0.006144674867391587
rmse,model,surface_speed,700,0.005257472178588311,0.004182288702577352,0.005991603713482618
rmse,model,surface_speed,710,0.005235028018554052,0.004228220414370298,0.00595015399158001
rmse,model,surface_speed,720,0.005217035394161939,0.004308335669338703,0.005877989903092384
rmse,model,surface_speed,730,0.005141624373694261,0.004214023426175118,0.005793437361717224
rmse,model,surface_speed,740,0.005100516198823849,0.004308438953012228,0.005687715578824281
rmse,model,surface_speed,750,0.005100664775818586,0.004534271452575922,0.005625658854842186
rmse,model,surface_speed,760,0.005119075967619817,0.00451188450679183,0.005601245816797018
rmse,model,surface_speed,770,0.005074072846521934,0.004532774165272713,0.005527940765023232
rmse,model,surface_speed,780,0.005072827978680531,0.0047697070054709915,0.005416088830679655
rmse,model,surface_speed,790,0.005104049885024627,0.004826389532536268,0.005300875194370747
rmse,model,surface_speed,800,0.005125694970289866,0.004795592091977596,0.005564730055630207
rmse,model,surface_speed,810,0.005189791601151228,0.004837418906390667,0.005605957005172968
rmse,model,surface_speed,820,0.005308380722999573,0.004898597486317158,0.005921799596399068
rmse,model,surface_speed,830,0.0053513788307706514,0.0047576016746461395,0.006309353373944759
rmse,model,surface_speed,840,0.005434939234207074,0.004665067512542009,0.006491383351385593
rmse,model,surface_speed,850,0.005519151159872612,0.004641222581267357,0.006773275043815374
rmse,model,surface_speed,860,0.0055400030377010506,0.004630891513079405,0.007056170515716075
rmse,model,surface_speed,870,0.005598043681432804,0.004571937955915928,0.007130507752299308
rmse,model,surface_speed,880,0.005636154301464557,0.004516331106424331,0.007307556085288524
rmse,model,surface_speed,890,0.005664336681365967,0.0045530683360993866,0.007434912770986557
rmse,model,surface_speed,900,0.005643144249916077,0.004716937988996505,0.007144506927579641
rmse,model,surface_speed,910,0.005637458929171165,0.004664437007158994,0.006970073282718658
rmse,model,surface_speed,920,0.0056970944628119465,0.004764226544648409,0.007129977270960808
rmse,model,surface_speed,930,0.005725902691483498,0.004903634916990996,0.007013772800564766
rmse,model,surface_speed,940,0.00569308881337444,0.00501315277069807,0.006635333690792322
rmse,model,surface_speed,950,0.005658166917661826,0.005035725235939026,0.006503722351044417
rmse,model,surface_speed,960,0.005683969675252835,0.005020333267748356,0.006519187148660422
rmse,model,surface_speed,970,0.005661245280255874,0.0050285978242754934,0.006313549447804689
rmse,model,surface_speed,980,0.0056635592753688496,0.0050905531272292135,0.006273059453815222
rmse,model,surface_speed,990,0.005741847244401773,0.0051448258571326734,0.006327756028622389
rmse,model,surface_speed,1000,0.005718953379740318,0.005099254008382559,0.006231291778385639
rmse,model,surface_speed,1010,0.005728875814626614,0.005113477353006601,0.006447039730846882
rmse,model,surface_speed,1020,0.005804367115100225,0.005254304781556129,0.006376991793513298
rmse,model,surface_speed,1030,0.005830716869483391,0.005268362723290921,0.006354781519621611
rmse,model,surface_speed,1040,0.005806800505767266,0.0052678418345749375,0.006200407352298498
rmse,model,surface_speed,1050,0.005840153774867455,0.00538214324042201,0.006248555053025484
rmse,model,surface_speed,1060,0.005902558999756972,0.005481524765491486,0.0063225095160305495
rmse,model,surface_speed,1070,0.005928666020433108,0.005571277346462011,0.006265880446881056
rmse,model,surface_speed,1080,0.0059838211784760155,0.0056887115351855755,0.006239140965044498
rmse,model,surface_speed,1090,0.006126705463975668,0.005804707296192646,0.006381079740822315
rmse,model,surface_speed,1100,0.0062010330458482105,0.00583728114143014,0.006542302202433348
rmse,model,surface_speed,1110,0.006291791734596094,0.0057137726806104185,0.006971511896699667
rmse,model,surface_speed,1120,0.006375632869700591,0.005813066568225622,0.007374146953225136
rmse,model,surface_speed,1130,0.006559646471093098,0.006187562737613917,0.007725909538567066
rmse,model,surface_speed,1140,0.006598910813530286,0.005938860401511192,0.007667903136461973
rmse,model,surface_speed,1150,0.0066770718122522036,0.005899159051477909,0.007624858990311623
rmse,model,surface_speed,1160,0.006805783292899529,0.0062168188393116,0.007713211700320244
rmse,model,surface_speed,1170,0.006864544407775005,0.006257934123277664,0.007949261181056499
rmse,model,surface_speed,1180,0.006881106613824765,0.006340045295655727,0.008017097413539885
rmse,model,surface_speed,1190,0.006943851864586274,0.006343684624880552,0.007725113257765769
rmse,model,surface_speed,1200,0.006999497395008802,0.006407360453158617,0.0077133744955062864
rmse,model,surface_speed,1210,0.0069944562390446665,0.006247548945248127,0.007851970195770264
rmse,model,surface_speed,1220,0.007014399953186512,0.006301794853061438,0.008015301451086998
rmse,model,surface_speed,1230,0.007047205977141857,0.006285521108657122,0.008145229890942574
rmse,model,surface_speed,1240,0.007047447189688682,0.00618106983602047,0.008376973867416381
rmse,model,surface_speed,1250,0.007044255981842677,0.006085139513015747,0.008515869826078415
rmse,model,surface_speed,1260,0.007015307899564505,0.006159393861889839,0.008400486782193184
rmse,model,surface_speed,1270,0.007006538100540638,0.006200032774358988,0.008316568657755851
rmse,model,surface_speed,1280,0.0069580347587664924,0.006080409791320562,0.008157117664813996
rmse,model,surface_speed,1290,0.006924165971577167,0.006170134991407394,0.00795799307525158
rmse,model,surface_speed,1300,0.0069612307784458006,0.0062025351449847225,0.00790336262434721
rmse,model,surface_speed,1310,0.006877717779328426,0.006334963347762823,0.0077485011890530585
rmse,model,surface_speed,1320,0.006833896351357301,0.006315284688025713,0.007378235924988985
rmse,model,surface_speed,1330,0.006778092620273431,0.006365224253386259,0.007281331904232502
rmse,model,surface_speed,1340,0.00684052590901653,0.006304954551160336,0.007471802830696106
rmse,model,surface_speed,1350,0.006801089054594437,0.006197358388453722,0.007268949691206217
rmse,model,surface_speed,1360,0.006824222579598427,0.006302478071302175,0.007345730252563953
rmse,model,surface_speed,1370,0.006850453745573759,0.006418333575129509,0.007385907229036093
rmse,model,surface_speed,1380,0.006883305683732033,0.006276474054902792,0.007427545450627804
rmse,model,surface_speed,1390,0.006892913859337569,0.006443840079009533,0.007378086168318987
rmse,model,surface_speed,1400,0.006893169259031614,0.006588535662740469,0.007357169128954411
rmse,model,surface_speed,1410,0.006903821757684152,0.006413142196834087,0.0074496263638138775
rmse,model,surface_speed,1420,0.006921049455801646,0.006398686207830906,0.0074653754942119125
rmse,model,surface_speed,1430,0.006862972242136796,0.006366001907736063,0.0072506522759795185
rmse,model,surface_speed,1440,0.006933791004121304,0.006467070803046227,0.007291435729712248
rmse,model,surface_speed,1450,0.006966117179642121,0.006528028938919306,0.007305898331105709
rmse,model,surface_speed,1460,0.007033398530135552,0.006532306410372257,0.007370854821056127
rmse,model,surface_speed,1470,0.007063891738653183,0.006562053319066763,0.007584313303232193
rmse,model,surface_speed,1480,0.007118827197700739,0.00658898577094078,0.007821497321128844
rmse,model,surface_speed,1490,0.007131572533398867,0.00667371079325676,0.00798654444515705
rmse,model,surface_speed,1500,0.007163485884666443,0.006649802066385746,0.008131448924541472
rmse,model,surface_speed,1510,0.007257909731318553,0.00659533403813839,0.008284311182796955
rmse,model,surface_speed,1520,0.007272876674930254,0.006477084010839462,0.008109653927385807
rmse,model,surface_speed,1530,0.007327747748543819,0.006581211928278208,0.008404507488012313
rmse,model,surface_speed,1540,0.0073583325371146206,0.00651453472673893,0.008630501851439477
rmse,model,surface_speed,1550,0.007384115240226189,0.006373647600412369,0.008591115847229958
rmse,model,surface_speed,1560,0.007371605653315782,0.006407992541790008,0.008587838895618916
rmse,model,surface_speed,1570,0.007319029793143273,0.006310773268342018,0.008634434826672076
rmse,model,surface_speed,1580,0.007246909632037083,0.006277975719422102,0.00854072105139494
rmse,model,surface_speed,1590,0.007186070115615924,0.006318372022360563,0.00835274849087
rmse,model,surface_speed,1600,0.0070537125070889795,0.006317476369440555,0.008089161105453968
rmse,model,surface_speed,1610,0.006972284180422624,0.006267705000936985,0.007958070188760756
rmse,model,surface_speed,1620,0.006885718740522862,0.00625940477475524,0.0076453969813883305
rmse,model,surface_speed,1630,0.0068243827049930894,0.006365760881453753,0.007491551246494055
rmse,model,surface_speed,1640,0.0068273863134284815,0.0063159788958728315,0.007592377904802561
rmse,model,surface_speed,1650,0.006818007460484902,0.006241214368492365,0.007464873604476452
rmse,model,surface_speed,1660,0.00676017114892602,0.006438741181045771,0.007211670558899641
rmse,model,surface_speed,1670,0.006745195544014374,0.006466220412403345,0.007291057053953409
rmse,model,surface_speed,1680,0.006794799802203973,0.0064499139785766605,0.007283846102654934
rmse,model,surface_speed,1690,0.006808777898550033,0.006434820685535669,0.007188489101827145
rmse,model,surface_speed,1700,0.006784518528729677,0.006505608838051557,0.007244642172008753
rmse,model,surface_speed,1710,0.00673016607761383,0.0064359443262219426,0.007044330704957247
rmse,model,surface_speed,1720,0.006741191198428472,0.0063717133365571495,0.007242083735764027
rmse,model,surface_speed,1730,0.006759694466988246,0.006456414703279734,0.007254640199244022
rmse,model,surface_speed,1740,0.006777677064140637,0.006409692298620939,0.0072164003737270836
rmse,model,surface_speed,1750,0.006772128337373336,0.006318680755794048,0.00720069482922554
rmse,model,surface_speed,1760,0.006782688231517871,0.00636642724275589,0.007246708590537309
rmse,model,surface_speed,1770,0.006775749661028385,0.006445428449660539,0.007245596032589674
rmse,model,surface_speed,1780,0.006823249068111182,0.006480235699564218,0.0072718216106295586
rmse,model,surface_speed,1790,0.006897858530282974,0.006475695408880711,0.007357434649020433
rmse,model,surface_speed,1800,0.006976224978764852,0.006374300364404917,0.007759975828230381
rmse,model,surface_speed,1810,0.007114878327896198,0.006449963245540857,0.007989509776234627
rmse,model,surface_speed,1820,0.007176512417693933,0.006467260979115963,0.008222107402980327
rmse,model,surface_speed,1830,0.007225538914402326,0.006606961879879236,0.008212777599692345
rmse,model,surface_speed,1840,0.0072549482807517055,0.006593924947082996,0.007946254126727581
rmse,model,surface_speed,1850,0.007325656184305748,0.00661774342879653,0.00806631352752447
rmse,model,surface_speed,1860,0.007373149724056323,0.006895812228322029,0.007985667139291764
rmse,model,surface_speed,1870,0.007412763809164365,0.006885029841214418,0.008004701137542725
rmse,model,surface_speed,1880,0.0074047250362734,0.006822159979492426,0.008100660331547261
rmse,model,surface_speed,1890,0.007451747668286165,0.00670397924259305,0.008241883665323257
rmse,model,surface_speed,1900,0.007468487011889616,0.006713328044861555,0.008292495645582676
rmse,model,surface_speed,1910,0.007503647698710362,0.006675878074020147,0.008451062813401222
rmse,model,surface_speed,1920,0.00749447758619984,0.006584268249571324,0.008748539723455906
rmse,model,surface_speed,1930,0.0074529663970073065,0.006313272099941969,0.008914707228541374
rmse,model,surface_speed,1940,0.007411668015023073,0.006405611056834459,0.008829369023442269
rmse,model,surface_speed,1950,0.007327744488914808,0.006303824484348297,0.008577137812972068
rmse,model,surface_speed,1960,0.007232286253323158,0.0064746768213808535,0.008385412395000458
rmse,model,surface_speed,1970,0.007200830212483803,0.006518721207976341,0.008117613755166531
rmse,model,surface_speed,1980,0.0071632082884510355,0.006432715896517038,0.007846012338995933
rmse,model,surface_speed,1990,0.0070933009497821334,0.006429020408540964,0.007748508639633655
rmse,model,surface_speed,2000,0.007084167345116536,0.006501498911529779,0.007512858230620622
rmse,climatology,surface_speed,0,0.003483150666579604,0.003082289919257164,0.0038193108048290014
rmse,climatology,surface_speed,10,0.0033636869086573523,0.0030656424816697834,0.0036313133779913185
rmse,climatology,surface_speed,20,0.0034482390930255253,0.0032233613543212413,0.003711535269394517
rmse,climatology,surface_speed,30,0.0035018501492838066,0.00318124876357615,0.0038929723203182222
rmse,climatology,surface_speed,40,0.00342121225160857,0.0030003468040376902,0.0037263927049934866
rmse,climatology,surface_speed,50,0.00343005396425724,0.003051483677700162,0.00374471521936357
rmse,climatology,surface_speed,60,0.00351786605703334,0.003111187648028135,0.003641898510977626
rmse,climatology,surface_speed,70,0.003458885584647457,0.0029819020535796882,0.003498874185606837
rmse,climatology,surface_speed,80,0.0034494626335799692,0.002973990887403488,0.003671011235564947
rmse,climatology,surface_speed,90,0.003562444138030211,0.002918521873652935,0.004021911416202784
rmse,climatology,surface_speed,100,0.003629363172998031,0.0032170973252505066,0.004143981635570526
rmse,climatology,surface_speed,110,0.0034900281423081952,0.0030214297119528057,0.004266700614243745
rmse,climatology,surface_speed,120,0.0035588504591335854,0.0029065740294754506,0.00481131300330162
rmse,climatology,surface_speed,130,0.003643997525796294,0.003074161522090435,0.00488055795431137
rmse,climatology,surface_speed,140,0.003640605447192987,0.003067094273865223,0.004740914143621921
rmse,climatology,surface_speed,150,0.003612006471181909,0.0029644875321537256,0.004666800983250141
rmse,climatology,surface_speed,160,0.0037537249891708294,0.00306641417555511,0.005282246973365544
rmse,climatology,surface_speed,170,0.0037696822391202053,0.002968915365636349,0.005190011765807866
rmse,climatology,surface_speed,180,0.0036744978123654922,0.0028529281727969645,0.005210142023861408
rmse,climatology,surface_speed,190,0.0037473389413207768,0.002872107271105051,0.005604173522442579
rmse,climatology,surface_speed,200,0.0038475769106298685,0.0030372698325663804,0.005471385922282934
rmse,climatology,surface_speed,210,0.0037900323048233988,0.002925727842375636,0.005063790269196033
rmse,climatology,surface_speed,220,0.0037698041337231795,0.0029313983395695686,0.005118785426020622
rmse,climatology,surface_speed,230,0.0038252479707201322,0.002960879262536764,0.005211523734033108
rmse,climatology,surface_speed,240,0.003753873007372022,0.0029495298862457276,0.005208831559866667
rmse,climatology,surface_speed,250,0.0036651603411883118,0.0030053016263991593,0.005084473639726639
rmse,climatology,surface_speed,260,0.003671895805746317,0.0028910859022289515,0.004959142953157425
rmse,climatology,surface_speed,270,0.003667520980040232,0.0031860648654401303,0.0046119867824018
rmse,climatology,surface_speed,280,0.0034454568289220334,0.003060405608266592,0.004083133209496737
rmse,climatology,surface_speed,290,0.003401386303206285,0.002830109279602766,0.00402572276070714
rmse,climatology,surface_speed,300,0.0034250445198267697,0.003014210145920515,0.003971921280026436
rmse,climatology,surface_speed,310,0.0033765321131795645,0.003023827215656638,0.00366395371966064
rmse,climatology,surface_speed,320,0.0032736305768291158,0.0028565974440425634,0.0036053655203431845
rmse,climatology,surface_speed,330,0.003378949345399936,0.0030613488983362914,0.0039013768546283245
rmse,climatology,surface_speed,340,0.0033724169712513684,0.0030343753285706045,0.003849106002599001
rmse,climatology,surface_speed,350,0.003227809738988678,0.00286314464174211,0.0035764701664447785
rmse,climatology,surface_speed,360,0.0032508065303166705,0.002860331628471613,0.0036229236982762815
rmse,climatology,surface_speed,370,0.0033503105708708367,0.003139591868966818,0.003549442160874605
rmse,climatology,surface_speed,380,0.003269168408587575,0.0029179556760936974,0.00350967226549983
rmse,climatology,surface_speed,390,0.003235493072619041,0.0029687096364796163,0.003426301945000887
rmse,climatology,surface_speed,400,0.0033003112922112146,0.0030058433767408133,0.003532146429643035
rmse,climatology,surface_speed,410,0.003261845527837674,0.003029937716200948,0.0035112340934574603
rmse,climatology,surface_speed,420,0.0031898466404527426,0.0029560215305536987,0.0033971755765378475
rmse,climatology,surface_speed,430,0.00327877402305603,0.002953060111030936,0.003623278858140111
rmse,climatology,surface_speed,440,0.0033657065437485774,0.003197721717879176,0.0036037725862115622
rmse,climatology,surface_speed,450,0.0032249768109371265,0.0029514880385249852,0.003596463007852435
rmse,climatology,surface_speed,460,0.0032497651254137358,0.0029145242646336556,0.0037092600017786027
rmse,climatology,surface_speed,470,0.0033850479250152905,0.00307630836032331,0.0038338986225426195
rmse,climatology,surface_speed,480,0.003428985395779212,0.0030160026159137487,0.004103754460811615
rmse,climatology,surface_speed,490,0.0034124450913319984,0.0028766268398612736,0.004412508942186832
rmse,climatology,surface_speed,500,0.003615680957833926,0.0029289675410836937,0.004921845998615026
rmse,climatology,surface_speed,510,0.003727396282677849,0.0031099626794457436,0.005083191394805908
rmse,climatology,surface_speed,520,0.0036459272106488545,0.0029935962054878475,0.00492771714925766
rmse,climatology,surface_speed,530,0.003675053423891465,0.002942278841510415,0.0049709082581102845
rmse,climatology,surface_speed,540,0.0038143802744646867,0.0031749569345265625,0.0048048138618469235
rmse,climatology,surface_speed,550,0.0037620560576518375,0.0030813737772405147,0.004867095127701759
rmse,climatology,surface_speed,560,0.003726983225593964,0.0030779171269387008,0.004772997647523879
rmse,climatology,surface_speed,570,0.0037786295016606648,0.0032932757865637543,0.004555350821465253
rmse,climatology,surface_speed,580,0.003746431041508913,0.0031629163306206463,0.0045543526299297804
rmse,climatology,surface_speed,590,0.003668068613236149,0.0028480586130172013,0.004420152492821216
rmse,climatology,surface_speed,600,0.0037960171854744353,0.003146848874166608,0.004614917747676373
rmse,climatology,surface_speed,610,0.0039253285775582,0.0032548642717301845,0.005145917367190123
rmse,climatology,surface_speed,620,0.003822322702035308,0.0028419777750968932,0.005156856961548328
rmse,climatology,surface_speed,630,0.0037880198874821265,0.002966047590598464,0.004986649565398693
rmse,climatology,surface_speed,640,0.0038187511575718722,0.0032493894919753074,0.004971655085682869
rmse,climatology,surface_speed,650,0.0037338935925314825,0.003081676363945007,0.004771142173558474
rmse,climatology,surface_speed,660,0.0035465432486186427,0.0028347054962068797,0.004235955700278282
rmse,climatology,surface_speed,670,0.003568793833255768,0.0030489079654216766,0.003969620261341333
rmse,climatology,surface_speed,680,0.0035576490530123315,0.0031617289409041406,0.004001104179769755
rmse,climatology,surface_speed,690,0.0033942118597527346,0.0030402847565710544,0.0037747783586382865
rmse,climatology,surface_speed,700,0.0033654055713365476,0.0031211990863084793,0.0035383099224418403
rmse,climatology,surface_speed,710,0.003480742359533906,0.0032232464756816624,0.0038772803731262685
rmse,climatology,surface_speed,720,0.0034168411511927843,0.0029841640964150427,0.0038944500498473643
rmse,climatology,surface_speed,730,0.0033544565085321665,0.003047868236899376,0.00375081836245954
rmse,climatology,surface_speed,740,0.0033866417749474445,0.0030638725496828557,0.003598664794117212
rmse,climatology,surface_speed,750,0.0033684566927452884,0.0030818921979516743,0.003633845504373312
rmse,climatology,surface_speed,760,0.0032512521836906673,0.0028972772881388663,0.003545897640287876
rmse,climatology,surface_speed,770,0.0033277866430580618,0.0030144714284688233,0.003567061806097627
rmse,climatology,surface_speed,780,0.003435218287631869,0.0032103005796670914,0.0036598543170839547
rmse,climatology,surface_speed,790,0.0033685239342351753,0.0029806568752974274,0.003679005289450288
rmse,climatology,surface_speed,800,0.0033466598329444726,0.003004077123478055,0.0037214158102869986
rmse,climatology,surface_speed,810,0.0035054344528665147,0.003057651361450553,0.00410188203677535
rmse,climatology,surface_speed,820,0.003571228248377641,0.003023998253047466,0.004411763045936823
rmse,climatology,surface_speed,830,0.003550385699296991,0.0029544650111347436,0.004612153023481369
rmse,climatology,surface_speed,840,0.0036889115038017434,0.0031512598507106304,0.004806322883814573
rmse,climatology,surface_speed,850,0.003807465390612682,0.0031829651445150374,0.005291166715323925
rmse,climatology,surface_speed,860,0.003756018433098992,0.0029023126233369114,0.005499448440968989
rmse,climatology,surface_speed,870,0.0037750601458052795,0.0029348606709390878,0.0057083630003035065
rmse,climatology,surface_speed,880,0.003931408204759161,0.003101547062397003,0.005864362139254808
rmse,climatology,surface_speed,890,0.0039097297160575785,0.002910455921664834,0.005636879615485668
rmse,climatology,surface_speed,900,0.0038534436374902726,0.003092334931716323,0.005456079635769128
rmse,climatology,surface_speed,910,0.003855879682426651,0.0029949455987662078,0.005395757034420967
rmse,climatology,surface_speed,920,0.003854065357397,0.003058219188824296,0.005302259884774685
rmse,climatology,surface_speed,930,0.0037207117148985464,0.002990168798714876,0.004902261309325695
rmse,climatology,surface_speed,940,0.0037272818541775146,0.002989420900121331,0.004866993241012097
rmse,climatology,surface_speed,950,0.003754812370364865,0.0030858533456921576,0.004758679587393999
rmse,climatology,surface_speed,960,0.003651261795312166,0.0031948034651577474,0.0044403743930161
rmse,climatology,surface_speed,970,0.0034877146283785504,0.0029359097126871346,0.004003398772329092
rmse,climatology,surface_speed,980,0.003528600496550401,0.0029782110825181006,0.004033603239804506
rmse,climatology,surface_speed,990,0.0035078913749506074,0.002999085234478116,0.003934560157358646
rmse,climatology,surface_speed,1000,0.00339272307852904,0.0030041394289582967,0.00375783983618021
rmse,climatology,surface_speed,1010,0.003409686886395017,0.003007041243836284,0.0038038922008126973
rmse,climatology,surface_speed,1020,0.0034829982556402682,0.003218369884416461,0.003950420394539833
rmse,climatology,surface_speed,1030,0.0033822712022811173,0.003065738594159484,0.003791326889768243
rmse,climatology,surface_speed,1040,0.0033152353794624408,0.0028786400333046915,0.003682311624288559
rmse,climatology,surface_speed,1050,0.003459652839228511,0.0031046563759446143,0.0037015491630882024
rmse,climatology,surface_speed,1060,0.0034671182899425426,0.003264105599373579,0.0036979662254452705
rmse,climatology,surface_speed,1070,0.003437341082220276,0.0031659504398703574,0.0036662640050053596
rmse,climatology,surface_speed,1080,0.003504659328609705,0.0031751477159559726,0.0039935044944286345
rmse,climatology,surface_speed,1090,0.0036145526450127364,0.0032837734557688235,0.004318331368267536
rmse,climatology,surface_speed,1100,0.0035892950681348642,0.003095647320151329,0.004545974638313055
rmse,climatology,surface_speed,1110,0.0037251312596102556,0.003175779851153493,0.005049869138747453
rmse,climatology,surface_speed,1120,0.003932924382388592,0.003258400084450841,0.005686503369361162
rmse,climatology,surface_speed,1130,0.003990552760660649,0.003130413917824626,0.006139156315475702
rmse,climatology,surface_speed,1140,0.003947760025039315,0.00299038621596992,0.006235881708562374
rmse,climatology,surface_speed,1150,0.0041289209388196465,0.0032295427285134793,0.006235435325652361
rmse,climatology,surface_speed,1160,0.004212926390270392,0.003225545771420002,0.006007725093513727
rmse,climatology,surface_speed,1170,0.004168435946727792,0.002933873748406768,0.006016780529171228
rmse,climatology,surface_speed,1180,0.004222654923796654,0.0029874933883547784,0.0060809972696006295
rmse,climatology,surface_speed,1190,0.00435757456968228,0.0032812856137752534,0.006040880177170038
rmse,climatology,surface_speed,1200,0.00431026207904021,0.003234781324863434,0.005958169791847467
rmse,climatology,surface_speed,1210,0.00426282921495537,0.00316123329102993,0.0055800508707761765
rmse,climatology,surface_speed,1220,0.004414316390951475,0.0033022246789187193,0.0057739528827369215
rmse,climatology,surface_speed,1230,0.004441550762082139,0.0031681222841143607,0.0060390206053853035
rmse,climatology,surface_speed,1240,0.004389458211759726,0.003115272242575884,0.00623865956440568
rmse,climatology,surface_speed,1250,0.004406350494051973,0.0032806190196424724,0.006239398662000894
rmse,climatology,surface_speed,1260,0.004405390021080772,0.0032627823762595653,0.006287518516182899
rmse,climatology,surface_speed,1270,0.00423104491395255,0.0029886878561228513,0.00610178429633379
rmse,climatology,surface_speed,1280,0.004153840476647019,0.00302314436994493,0.005897067859768868
rmse,climatology,surface_speed,1290,0.0041486608174939954,0.0033074154518544672,0.005714122112840414
rmse,climatology,surface_speed,1300,0.004028375757237275,0.003050229791551828,0.005485580209642649
rmse,climatology,surface_speed,1310,0.003781936364248395,0.0028778256848454474,0.004942322801798582
rmse,climatology,surface_speed,1320,0.0037853848809997243,0.003203206369653344,0.004611828085035086
rmse,climatology,surface_speed,1330,0.003726622803757588,0.003236055513843894,0.0045799828134477135
rmse,climatology,surface_speed,1340,0.003576600675781568,0.0028739833272993565,0.004176139924675226
rmse,climatology,surface_speed,1350,0.0035150228689114255,0.003041479317471385,0.003911227453500032
rmse,climatology,surface_speed,1360,0.0036019527974228065,0.0033205090090632438,0.0039850080385804175
rmse,climatology,surface_speed,1370,0.0035193977256615955,0.0030760710127651692,0.0038558426313102245
rmse,climatology,surface_speed,1380,0.0034194305849572022,0.003180071944370866,0.003650882327929139
rmse,climatology,surface_speed,1390,0.003534998589505752,0.003283839672803879,0.003830647375434637
rmse,climatology,surface_speed,1400,0.003560285766919454,0.0032187178265303375,0.004045372363179922
rmse,climatology,surface_speed,1410,0.0034928809540967147,0.0030986817553639414,0.003892435319721699
rmse,climatology,surface_speed,1420,0.003512888370702664,0.003128799423575401,0.003867947310209274
rmse,climatology,surface_speed,1430,0.003588366166998943,0.0031875554006546734,0.0037177907768636944
rmse,climatology,surface_speed,1440,0.0035110281159480413,0.0030492117162793874,0.00357005731202662
rmse,climatology,surface_speed,1450,0.0035433168367793163,0.0030760748311877252,0.003794097388163209
rmse,climatology,surface_speed,1460,0.0036719241024305424,0.003057637484744191,0.004133610893040895
rmse,climatology,surface_speed,1470,0.0037330862289915484,0.003317404305562377,0.00420271186158061
rmse,climatology,surface_speed,1480,0.0036246208318819603,0.0031419376377016307,0.00433592926710844
rmse,climatology,surface_speed,1490,0.0037448931174973647,0.0030905394814908504,0.005077395681291818
rmse,climatology,surface_speed,1500,0.003843313812588652,0.0031021731905639172,0.005169719457626343
rmse,climatology,surface_speed,1510,0.0038699767086654902,0.003189635928720236,0.004993745870888233
rmse,climatology,surface_speed,1520,0.003925311441222826,0.0030252041295170786,0.00500233955681324
rmse,climatology,surface_speed,1530,0.004112348643441995,0.003180397627875209,0.005889481492340564
rmse,climatology,surface_speed,1540,0.004139021039009094,0.003030895534902811,0.006007590144872665
rmse,climatology,surface_speed,1550,0.004072834023584922,0.002919855434447527,0.006000776402652263
rmse,climatology,surface_speed,1560,0.004155380294347802,0.0029834537301212547,0.005968423280864954
rmse,climatology,surface_speed,1570,0.00419392556262513,0.0030533078126609324,0.006078978441655636
rmse,climatology,surface_speed,1580,0.00407754722982645,0.0030717679765075445,0.005839893221855163
rmse,climatology,surface_speed,1590,0.003977657093976935,0.00300363153219223,0.005601373594254255
rmse,climatology,surface_speed,1600,0.003951208883275588,0.0031039098277688025,0.005396846961230039
rmse,climatology,surface_speed,1610,0.0037822847875456016,0.0030231381300836802,0.005014111567288637
rmse,climatology,surface_speed,1620,0.0036743930075317623,0.0030261910520493983,0.0045153751038014885
rmse,climatology,surface_speed,1630,0.0036739306213955086,0.0029691459145396947,0.004461151082068682
rmse,climatology,surface_speed,1640,0.003666991787031293,0.0032624487299472093,0.00424496429041028
rmse,climatology,surface_speed,1650,0.003454491263255477,0.003083659382537007,0.0038854533806443213
rmse,climatology,surface_speed,1660,0.003463859452555577,0.0029211162589490415,0.003938332200050354
rmse,climatology,surface_speed,1670,0.003490000156064828,0.0030600385274738074,0.003988782223314047
rmse,climatology,surface_speed,1680,0.0034290702392657598,0.0030774158891290425,0.003771828906610608
rmse,climatology,surface_speed,1690,0.0033443720390399297,0.002928570657968521,0.0035575578920543196
rmse,climatology,surface_speed,1700,0.00345506079805394,0.0031281853560358288,0.003933800291270018
rmse,climatology,surface_speed,1710,0.0034270163315037886,0.0031746040098369122,0.003757159039378166
rmse,climatology,surface_speed,1720,0.003302545193582773,0.0029868190642446278,0.003573654778301716
rmse,climatology,surface_speed,1730,0.00337705936593314,0.0030236778780817985,0.0037287162151187657
rmse,climatology,surface_speed,1740,0.0034775389668842156,0.003333620401099324,0.003625327441841364
rmse,climatology,surface_speed,1750,0.0034328064881265163,0.003185700997710228,0.00362375364638865
rmse,climatology,surface_speed,1760,0.0034503706420461336,0.003193987440317869,0.003801527619361877
rmse,climatology,surface_speed,1770,0.0035732102580368517,0.0032646028324961663,0.004135799035429954
rmse,climatology,surface_speed,1780,0.0035800772408644357,0.0032191650941967966,0.004378953576087951
rmse,climatology,surface_speed,1790,0.0036254010628908873,0.003044609911739826,0.004670258890837431
rmse,climatology,surface_speed,1800,0.0038136415959646305,0.0032254350837320088,0.005296829435974359
rmse,climatology,surface_speed,1810,0.003963970144589742,0.0032910324633121492,0.0058178952895104885
rmse,climatology,surface_speed,1820,0.0038718244216094416,0.002952520363032818,0.005963444989174604
rmse,climatology,surface_speed,1830,0.00396890703899165,0.0031293689273297785,0.005952510982751846
rmse,climatology,surface_speed,1840,0.004097223359470566,0.0032691482454538347,0.005671996343880892
rmse,climatology,surface_speed,1850,0.0040859647716085115,0.003084045276045799,0.005694076791405677
rmse,climatology,surface_speed,1860,0.0040204573577890795,0.002915373258292675,0.0057408324442803855
rmse,climatology,surface_speed,1870,0.004153450531885028,0.0031988158356398345,0.005658949259668589
rmse,climatology,surface_speed,1880,0.004162945877760648,0.003247534716501832,0.00558280861005187
rmse,climatology,surface_speed,1890,0.00406453269533813,0.0031438773963600396,0.005201768688857555
rmse,climatology,surface_speed,1900,0.004149850892523925,0.003301633708178997,0.005275586433708668
rmse,climatology,surface_speed,1910,0.004267155441145102,0.0033008340746164323,0.005655864905565977
rmse,climatology,surface_speed,1920,0.004225961087892453,0.0031674396246671676,0.005998440273106098
rmse,climatology,surface_speed,1930,0.004207824434464176,0.0031635412015020847,0.005963752884417773
rmse,climatology,surface_speed,1940,0.004238449828699231,0.003302009357139468,0.005954916588962078
rmse,climatology,surface_speed,1950,0.004124819021672011,0.00317979296669364,0.0058259968645870686
rmse,climatology,surface_speed,1960,0.003951636546601852,0.0029259569011628626,0.0054572481662034985
rmse,climatology,surface_speed,1970,0.003932349321742853,0.0032596212811768057,0.005206241365522146
rmse,climatology,surface_speed,1980,0.003890287612254421,0.003264970052987337,0.005007334519177675
rmse,climatology,surface_speed,1990,0.0036496213171631096,0.002885755896568298,0.004592771641910076
rmse,climatology,surface_speed,2000,0.003586794187625249,0.003061279933899641,0.004096773359924555
rmse,persistence,surface_speed,0,0.0,0.0,0.0
rmse,persistence,surface_speed,10,0.00237644847172002,0.002035052655264735,0.002700142050161958
rmse,persistence,surface_speed,20,0.0032833594363182784,0.0029404053930193186,0.003675637533888221
rmse,persistence,surface_speed,30,0.003681389195844531,0.0033001508098095657,0.004024333599954843
rmse,persistence,surface_speed,40,0.0045264661001662414,0.003929562866687775,0.005070245265960694
rmse,persistence,surface_speed,50,0.004964599960173169,0.004248273093253374,0.0054371686652302745
rmse,persistence,surface_speed,60,0.0051937012933194636,0.004525898862630129,0.005741261411458254
rmse,persistence,surface_speed,70,0.005310371425002814,0.004489631857722998,0.005888010561466217
rmse,persistence,surface_speed,80,0.005204244144260883,0.004347568657249212,0.0059099489822983745
rmse,persistence,surface_speed,90,0.005416389834135771,0.004741821996867656,0.0060455967672169205
rmse,persistence,surface_speed,100,0.0055740152796109515,0.004879198968410492,0.00616434533149004
rmse,persistence,surface_speed,110,0.005279846241076787,0.0047600151970982555,0.005954581033438444
rmse,persistence,surface_speed,120,0.005435800800720851,0.004786104056984186,0.0063180244527757164
rmse,persistence,surface_speed,130,0.005256649261961381,0.004486268479377031,0.005970214027911425
rmse,persistence,surface_speed,140,0.004499524692073464,0.0037095443811267616,0.005091130640357733
rmse,persistence,surface_speed,150,0.004245611404379209,0.0033035920932888985,0.005477508250623941
rmse,persistence,surface_speed,160,0.0037416763914128143,0.00255281045101583,0.005531643796712159
rmse,persistence,surface_speed,170,0.0025874722593774396,0.0008837294648401439,0.004832661990076303
rmse,persistence,surface_speed,180,0.003591783344745636,0.0022254577372223137,0.0053179672919213775
rmse,persistence,surface_speed,190,0.00439929220204552,0.0032426915597170594,0.006022075656801462
rmse,persistence,surface_speed,200,0.004690920903036992,0.0037387358024716377,0.006346746161580086
rmse,persistence,surface_speed,210,0.005343084859972199,0.0041995651088655,0.00667443424463272
rmse,persistence,surface_speed,220,0.005719550295422474,0.004424439277499914,0.006950722075998783
rmse,persistence,surface_speed,230,0.005845271423459053,0.004611402377486229,0.0074125674553215505
rmse,persistence,surface_speed,240,0.005924042065938314,0.004743037559092045,0.0072401674464344975
rmse,persistence,surface_speed,250,0.0057650023140013214,0.004544943477958441,0.006878987699747085
rmse,persistence,surface_speed,260,0.005831575145324072,0.00495765246450901,0.006793437339365482
rmse,persistence,surface_speed,270,0.005935318643848101,0.0051739029586315155,0.006629346404224634
rmse,persistence,surface_speed,280,0.005581463531901439,0.005188841465860605,0.005974634271115065
rmse,persistence,surface_speed,290,0.005591918310771386,0.0050319510512053965,0.006185992155224085
rmse,persistence,surface_speed,300,0.005411236764242252,0.004758166428655386,0.005887713842093944
rmse,persistence,surface_speed,310,0.004614793757597605,0.004336942452937365,0.0048907820135355
rmse,persistence,surface_speed,320,0.00422796073059241,0.003687992412596941,0.004793608095496893
rmse,persistence,surface_speed,330,0.0037518538534641265,0.0030303823761641977,0.004435506369918585
rmse,persistence,surface_speed,340,0.002539715721892814,0.0017407476669177413,0.003111038589850068
rmse,persistence,surface_speed,350,0.0031762702080110707,0.0025394455529749393,0.003670419426634908
rmse,persistence,surface_speed,360,0.003997614110509555,0.0034357949625700712,0.00438751308247447
rmse,persistence,surface_speed,370,0.004237994784489274,0.00395481325685978,0.004488400276750326
rmse,persistence,surface_speed,380,0.004868433189888795,0.004413747601211071,0.00531868040561676
rmse,persistence,surface_speed,390,0.005294178208957116,0.004652152676135302,0.005748218111693859
rmse,persistence,surface_speed,400,0.0054226522023479145,0.004920038115233183,0.005799949262291193
rmse,persistence,surface_speed,410,0.0055304508656263355,0.004918215423822403,0.0059505971148610115
rmse,persistence,surface_speed,420,0.005388362240046263,0.004711078759282827,0.005978742334991694
rmse,persistence,surface_speed,430,0.005489535039911667,0.005247452948242426,0.006094528920948505
rmse,persistence,surface_speed,440,0.005699122324585915,0.005235832184553146,0.006253791786730289
rmse,persistence,surface_speed,450,0.0054102193874617415,0.0046289324760437015,0.005915296822786331
rmse,persistence,surface_speed,460,0.005478166633596023,0.005112202558666468,0.006083502620458603
rmse,persistence,surface_speed,470,0.005459312628954649,0.004993091709911824,0.005971933994442224
rmse,persistence,surface_speed,480,0.00473855941866835,0.0037198676727712154,0.005720369610935449
rmse,persistence,surface_speed,490,0.00443839201082786,0.0037404253147542478,0.00565118957310915
rmse,persistence,surface_speed,500,0.0042317780355612435,0.003401294443756342,0.005668861605226993
rmse,persistence,surface_speed,510,0.003107931682219108,0.0014091983437538149,0.005380587931722402
rmse,persistence,surface_speed,520,0.003609881162022551,0.002159274648874998,0.005563201755285263
rmse,persistence,surface_speed,530,0.00448083383962512,0.00320310415700078,0.005799531284719705
rmse,persistence,surface_speed,540,0.004713238356634975,0.0036702339537441732,0.006088192854076624
rmse,persistence,surface_speed,550,0.005279194780935844,0.004360025841742754,0.006472751405090094
rmse,persistence,surface_speed,560,0.005699907708913088,0.004841420240700245,0.007050248607993126
rmse,persistence,surface_speed,570,0.005775598560770353,0.005009366292506456,0.006724037509411573
rmse,persistence,surface_speed,580,0.005826621626814206,0.005044000037014484,0.006716908887028694
rmse,persistence,surface_speed,590,0.005617104439685742,0.0047409145161509516,0.006601684261113405
rmse,persistence,surface_speed,600,0.005624670224885146,0.005089593399316072,0.0064957886934280396
rmse,persistence,surface_speed,610,0.005812314028541247,0.005126226786524057,0.006792392581701279
rmse,persistence,surface_speed,620,0.005505377302567164,0.00446788314729929,0.006413378659635783
rmse,persistence,surface_speed,630,0.0054418073656658334,0.004907762166112661,0.006015168037265539
rmse,persistence,surface_speed,640,0.00535070967550079,0.00490436302497983,0.006319316569715738
rmse,persistence,surface_speed,650,0.004465935208524267,0.0036315206438302995,0.005295980162918568
rmse,persistence,surface_speed,660,0.0038252410168449083,0.003400800283998251,0.004415791667997837
rmse,persistence,surface_speed,670,0.0033744209135572116,0.0030022991355508565,0.0038091566413640974
rmse,persistence,surface_speed,680,0.0016121338975305358,0.0011512375669553876,0.0021776008885353803
rmse,persistence,surface_speed,690,0.0018326799230029185,0.0015194965060800314,0.0021579395048320293
rmse,persistence,surface_speed,700,0.0031483335110048453,0.0027465160470455884,0.003543599462136626
rmse,persistence,surface_speed,710,0.0034721440635621546,0.0030769400764256716,0.0038704921025782824
rmse,persistence,surface_speed,720,0.00414651093694071,0.003774925274774432,0.004643524438142777
rmse,persistence,surface_speed,730,0.004770992153013746,0.004108355287462473,0.005147989187389612
rmse,persistence,surface_speed,740,0.004945241163174311,0.004371971357613802,0.005468386225402355
rmse,persistence,surface_speed,750,0.005132311303168535,0.004529326781630516,0.005768323503434658
rmse,persistence,surface_speed,760,0.005045022225628296,0.004220580961555242,0.005630562361329794
rmse,persistence,surface_speed,770,0.005103237585475048,0.004702840559184551,0.005756900180131197
rmse,persistence,surface_speed,780,0.005404508082816998,0.004989372286945582,0.0060884407721459866
rmse,persistence,surface_speed,790,0.0052206335278848805,0.0045415916480124,0.0058022222481668
rmse,persistence,surface_speed,800,0.005186170308540265,0.004897620063275099,0.005590206757187843
rmse,persistence,surface_speed,810,0.0053128845989704136,0.0048128744587302204,0.005866845976561308
rmse,persistence,surface_speed,820,0.004687452378372352,0.003977946005761623,0.005268745683133602
rmse,persistence,surface_speed,830,0.004196463447685043,0.0035444003529846667,0.005111858248710632
rmse,persistence,surface_speed,840,0.00403649527579546,0.0031048092525452374,0.005124596692621708
rmse,persistence,surface_speed,850,0.0029527189986159404,0.001623096107505262,0.0047107704915106295
rmse,persistence,surface_speed,860,0.0030504207747677962,0.0016385423950850964,0.0050313396379351605
rmse,persistence,surface_speed,870,0.004209531983360648,0.003039324609562755,0.006020215991884469
rmse,persistence,surface_speed,880,0.0045659104362130165,0.0034850392024964095,0.006492416933178901
rmse,persistence,surface_speed,890,0.005080898447583119,0.0040523986332118515,0.00679960660636425
rmse,persistence,surface_speed,900,0.005646306121100982,0.004400054179131985,0.006987798493355513
rmse,persistence,surface_speed,910,0.005783518652121226,0.00458357846364379,0.0073480186983942986
rmse,persistence,surface_speed,920,0.005919304955750704,0.004866481013596058,0.007589833345264196
rmse,persistence,surface_speed,930,0.005832820758223533,0.0047589815221726894,0.006894983071833849
rmse,persistence,surface_speed,940,0.005784411666293939,0.004828591085970402,0.006676223780959845
rmse,persistence,surface_speed,950,0.005985362486292918,0.0052020523697137834,0.006909485813230276
rmse,persistence,surface_speed,960,0.005804115689049164,0.005247068684548139,0.006427296157926321
rmse,persistence,surface_speed,970,0.005599766876548529,0.0052012988366186615,0.0060646506026387215
rmse,persistence,surface_speed,980,0.005657941506554683,0.005092015583068132,0.006154779158532619
rmse,persistence,surface_speed,990,0.00503741546223561,0.004540092032402754,0.005442012846469879
rmse,persistence,surface_speed,1000,0.004393321399887403,0.004075440019369126,0.004839434009045363
rmse,persistence,surface_speed,1010,0.004186173807829619,0.0036090521607548,0.004819860495626926
rmse,persistence,surface_speed,1020,0.00316093269114693,0.002589681837707758,0.0035840360913425686
rmse,persistence,surface_speed,1030,0.0028975921993454295,0.0024303508922457694,0.0033387545496225356
rmse,persistence,surface_speed,1040,0.00395554380180935,0.0035511822905391456,0.004330276697874069
rmse,persistence,surface_speed,1050,0.004316455125808716,0.004024873534217477,0.004550627991557121
rmse,persistence,surface_speed,1060,0.00478405902783076,0.00452280966565013,0.005049935635179281
rmse,persistence,surface_speed,1070,0.005422013128797213,0.004969621263444424,0.005745388101786375
rmse,persistence,surface_speed,1080,0.0056353527121245865,0.005263270530849695,0.005903408024460077
rmse,persistence,surface_speed,1090,0.005846110420922438,0.005385382194072008,0.006351128127425909
rmse,persistence,surface_speed,1100,0.0058604764131208265,0.004976084176450968,0.006605743058025837
rmse,persistence,surface_speed,1110,0.0058881697244942185,0.00495717665180564,0.007104211207479239
rmse,persistence,surface_speed,1120,0.006215595050404469,0.005340002197772265,0.0077884020283818245
rmse,persistence,surface_speed,1130,0.0061740400890509285,0.004782317206263542,0.00828635785728693
rmse,persistence,surface_speed,1140,0.006042889008919398,0.004781127627938986,0.0082558861002326
rmse,persistence,surface_speed,1150,0.006259916132936875,0.005204803124070167,0.00820841733366251
rmse,persistence,surface_speed,1160,0.005787101046492656,0.004202405828982592,0.007790586166083813
rmse,persistence,surface_speed,1170,0.005188565126930674,0.0035260446835309266,0.007376363873481751
rmse,persistence,surface_speed,1180,0.005134417861700058,0.0036259871907532216,0.007074572890996933
rmse,persistence,surface_speed,1190,0.004303622633839647,0.0023777227848768233,0.006560896802693605
rmse,persistence,surface_speed,1200,0.0037603901466354726,0.0013268893118947745,0.0062711752951145165
rmse,persistence,surface_speed,1210,0.004732890954862038,0.0028760279528796673,0.006637680344283581
rmse,persistence,surface_speed,1220,0.005069988764201601,0.003473366843536496,0.006770013831555843
rmse,persistence,surface_speed,1230,0.005416349849353234,0.003982059564441443,0.0069816564209759235
rmse,persistence,surface_speed,1240,0.005949056334793567,0.004631587117910385,0.007394359912723303
rmse,persistence,surface_speed,1250,0.006083644833415747,0.004904293268918991,0.007561296783387661
rmse,persistence,surface_speed,1260,0.0061594606998066105,0.005152880307286977,0.007638327125459909
rmse,persistence,surface_speed,1270,0.006015621063609918,0.004693176224827766,0.007508671190589666
rmse,persistence,surface_speed,1280,0.005791012508173783,0.004770614393055439,0.007346407882869244
rmse,persistence,surface_speed,1290,0.005893989372998476,0.0052193434908986095,0.007300693169236183
rmse,persistence,surface_speed,1300,0.005709502194076776,0.004713179636746645,0.006765085272490978
rmse,persistence,surface_speed,1310,0.005310586219032605,0.004625980835407972,0.005993795860558748
rmse,persistence,surface_speed,1320,0.005345387135942777,0.005023119691759348,0.0058115717954933645
rmse,persistence,surface_speed,1330,0.004722618559996287,0.004191618319600821,0.005532624013721943
rmse,persistence,surface_speed,1340,0.0037712609084943932,0.0033411314710974694,0.004468211904168129
rmse,persistence,surface_speed,1350,0.003473274875432253,0.0030319227837026117,0.00380386752076447
rmse,persistence,surface_speed,1360,0.002311532308037082,0.0020078407134860752,0.0026333038695156574
rmse,persistence,surface_speed,1370,0.0008603865280747414,0.0006580277578905225,0.0010000126902014017
rmse,persistence,surface_speed,1380,0.002700080272431175,0.0023538294713944196,0.003046945249661803
rmse,persistence,surface_speed,1390,0.003359393108015259,0.003002719022333622,0.003746657492592931
rmse,persistence,surface_speed,1400,0.003810633843143781,0.0033578867558389904,0.0042372655123472215
rmse,persistence,surface_speed,1410,0.004629435824851195,0.004022398125380277,0.005186037719249725
rmse,persistence,surface_speed,1420,0.004960988306750854,0.0043741163797676565,0.005334119591861963
rmse,persistence,surface_speed,1430,0.005196399986743927,0.00458071306347847,0.005850005801767111
rmse,persistence,surface_speed,1440,0.005270600877702236,0.0044818509370088576,0.00584067776799202
rmse,persistence,surface_speed,1450,0.0052026129638155305,0.00445866072550416,0.00575900562107563
rmse,persistence,surface_speed,1460,0.005480492860078812,0.004823276773095131,0.006040386483073234
rmse,persistence,surface_speed,1470,0.005569251844038566,0.004914786387234926,0.006075484026223421
rmse,persistence,surface_speed,1480,0.005321081448346377,0.004883964546024799,0.005943313147872686
rmse,persistence,surface_speed,1490,0.0055395096230010194,0.004949832148849964,0.006481004040688276
rmse,persistence,surface_speed,1500,0.00527118102957805,0.0043867077678442,0.006017064210027456
rmse,persistence,surface_speed,1510,0.004610671848058701,0.0039552003145217896,0.005236270651221275
rmse,persistence,surface_speed,1520,0.004500408625851075,0.0034100741613656282,0.00599398585036397
rmse,persistence,surface_speed,1530,0.0039508796917895475,0.00242335326038301,0.006090430915355683
rmse,persistence,surface_speed,1540,0.003205504547804594,0.0011448717443272472,0.005670259147882462
rmse,persistence,surface_speed,1550,0.004238261608406901,0.002566173207014799,0.0063694224692881106
rmse,persistence,surface_speed,1560,0.004824781185016036,0.003382566897198558,0.006804257724434137
rmse,persistence,surface_speed,1570,0.00509809471356372,0.003892990155145526,0.0069968136027455325
rmse,persistence,surface_speed,1580,0.005675309368719657,0.004355597589164972,0.007415091805160046
rmse,persistence,surface_speed,1590,0.005880839222421249,0.004536484647542238,0.0074696863070130345
rmse,persistence,surface_speed,1600,0.005939878554393848,0.004768726322799921,0.007442683354020118
rmse,persistence,surface_speed,1610,0.005919996121277412,0.004814906138926744,0.0072590896859765055
rmse,persistence,surface_speed,1620,0.005720520950853824,0.004617493506520987,0.006450921855866909
rmse,persistence,surface_speed,1630,0.005823944912602504,0.005033220909535885,0.006607730127871037
rmse,persistence,surface_speed,1640,0.005879130649069945,0.005214088596403599,0.006437920965254307
rmse,persistence,surface_speed,1650,0.005534062689791123,0.005178236216306686,0.0059669696725904945
rmse,persistence,surface_speed,1660,0.005621468865623077,0.005126961972564459,0.006304887402802706
rmse,persistence,surface_speed,1670,0.005348707363009453,0.004771659336984158,0.005742867384105921
rmse,persistence,surface_speed,1680,0.0045537490397691725,0.0043194257654249665,0.004849060345441103
rmse,persistence,surface_speed,1690,0.004279368712256352,0.0037772759329527616,0.004831085726618767
rmse,persistence,surface_speed,1700,0.003705649853994449,0.0031518375035375357,0.004228952713310718
rmse,persistence,surface_speed,1710,0.0026585175500561794,0.0021887618117034436,0.0031555387191474437
rmse,persistence,surface_speed,1720,0.0035027526939908665,0.003035449841991067,0.003906430583447218
rmse,persistence,surface_speed,1730,0.004200760787352919,0.0038110827561467888,0.004461795929819346
rmse,persistence,surface_speed,1740,0.004485504329204559,0.004312591347843409,0.004701824393123388
rmse,persistence,surface_speed,1750,0.005165327588717143,0.004764758516103029,0.0054634975269436835
rmse,persistence,surface_speed,1760,0.005545431313415368,0.005137717165052891,0.005876635294407606
rmse,persistence,surface_speed,1770,0.005725490984817346,0.005312986951321363,0.006088816281408072
rmse,persistence,surface_speed,1780,0.005857820436358452,0.005156800150871277,0.006453465856611729
rmse,persistence,surface_speed,1790,0.005793159268796444,0.004840214271098375,0.006752697937190533
rmse,persistence,surface_speed,1800,0.006011278244356314,0.005335303023457527,0.007334782090038061
rmse,persistence,surface_speed,1810,0.006213290399561326,0.005173486098647118,0.007940319925546646
rmse,persistence,surface_speed,1820,0.005949465154359738,0.004599761217832565,0.008004466630518436
rmse,persistence,surface_speed,1830,0.0061080130438009896,0.005179834365844726,0.0079878406599164
rmse,persistence,surface_speed,1840,0.005994955947001775,0.004853555932641029,0.0076080761849880215
rmse,persistence,surface_speed,1850,0.0052418586487571394,0.0035830398090183737,0.007217330392450094
rmse,persistence,surface_speed,1860,0.0050087403350820145,0.0037127180956304075,0.006895121745765209
rmse,persistence,surface_speed,1870,0.0046241052293529115,0.003203581692650914,0.006441727187484502
rmse,persistence,surface_speed,1880,0.0034639520260194936,0.0012894167564809324,0.005808468908071518
rmse,persistence,surface_speed,1890,0.004062210256233811,0.0023296416271477937,0.005874175392091274
rmse,persistence,surface_speed,1900,0.004735863441601396,0.0032756363973021506,0.006314330361783504
rmse,persistence,surface_speed,1910,0.004947503842413425,0.003740064986050129,0.006328813824802637
rmse,persistence,surface_speed,1920,0.005506005448599656,0.0044061335735023025,0.006760897859930992
rmse,persistence,surface_speed,1930,0.005830251735945543,0.004838667437434196,0.00720574539154768
rmse,persistence,surface_speed,1940,0.005888525055100521,0.004921339359134436,0.007243120484054089
rmse,persistence,surface_speed,1950,0.005881830677390098,0.004751720651984215,0.0071145941503345965
rmse,persistence,surface_speed,1960,0.005587353774656852,0.004481740109622478,0.00686678932979703
rmse,persistence,surface_speed,1970,0.005547779984772206,0.004984524566680193,0.006728372629731893
rmse,persistence,surface_speed,1980,0.005602989283700784,0.004995788726955652,0.0065515262074768545
rmse,persistence,surface_speed,1990,0.005161304151018461,0.0044117792509496215,0.0058073695749044415
rmse,persistence,surface_speed,2000,0.005100472581883272,0.004923991486430168,0.005275088641792536
rmse,model,phihyd_surface,0,0.0,0.0,0.0
rmse,model,phihyd_surface,10,0.0025155694301550588,0.0019373466726392507,0.002918677730485797
rmse,model,phihyd_surface,20,0.003221093878770868,0.002443051477894187,0.0037428531330078838
rmse,model,phihyd_surface,30,0.003669924351076285,0.0028261329513043164,0.004291202127933502
rmse,model,phihyd_surface,40,0.0040433777961879965,0.0031514148693531753,0.004704954382032156
rmse,model,phihyd_surface,50,0.004378334541494648,0.003435975546017289,0.0050982202403247355
rmse,model,phihyd_surface,60,0.004713382835810383,0.003730888431891799,0.005475262552499771
rmse,model,phihyd_surface,70,0.005041713593527675,0.004005080834031105,0.005840714182704687
rmse,model,phihyd_surface,80,0.0053419847351809345,0.004203435406088829,0.00618637315928936
rmse,model,phihyd_surface,90,0.005604476823161046,0.004496572166681289,0.006420636270195246
rmse,model,phihyd_surface,100,0.005873883453508218,0.004865094739943743,0.00665638130158186
rmse,model,phihyd_surface,110,0.006129417413224776,0.005038719344884157,0.0069528047926723955
rmse,model,phihyd_surface,120,0.00637705052892367,0.005298652034252882,0.007149329409003258
rmse,model,phihyd_surface,130,0.00665746567149957,0.005612991657108069,0.0073869977146387095
rmse,model,phihyd_surface,140,0.0069118170688549675,0.005873883329331875,0.007706484757363796
rmse,model,phihyd_surface,150,0.007124558091163635,0.006108557246625424,0.007921888865530491
rmse,model,phihyd_surface,160,0.00735480006163319,0.006376834120601416,0.008180875703692437
rmse,model,phihyd_surface,170,0.007600387713561456,0.006712496560066938,0.008456831611692904
rmse,model,phihyd_surface,180,0.00782084207360943,0.006978745479136706,0.008736415766179562
rmse,model,phihyd_surface,190,0.008024059236049652,0.007071505393832922,0.009014641493558883
rmse,model,phihyd_surface,200,0.008256954327225684,0.007178756408393383,0.009247076697647572
rmse,model,phihyd_surface,210,0.008482979858915012,0.007388455606997013,0.009517942927777768
rmse,model,phihyd_surface,220,0.008717044567068418,0.007625224441289902,0.00979500226676464
rmse,model,phihyd_surface,230,0.008955101730922859,0.007868603244423867,0.010098513960838317
rmse,model,phihyd_surface,240,0.009216598266114791,0.008098218031227589,0.010463410057127476
rmse,model,phihyd_surface,250,0.009450237018366654,0.00825867261737585,0.01076336856931448
rmse,model,phihyd_surface,260,0.009704400102297466,0.008527011424303056,0.010980492830276488
rmse,model,phihyd_surface,270,0.009970033913850785,0.008775889687240124,0.01122155264019966
rmse,model,phihyd_surface,280,0.010234198595086733,0.008934232965111732,0.011518222093582152
rmse,model,phihyd_surface,290,0.010460631611446539,0.009092009998857975,0.011749438382685183
rmse,model,phihyd_surface,300,0.010721123218536377,0.009363517165184021,0.012017934769392013
rmse,model,phihyd_surface,310,0.010995765899618466,0.009628316015005111,0.012394650280475615
rmse,model,phihyd_surface,320,0.011232842629154523,0.009851286932826043,0.012595332413911819
rmse,model,phihyd_surface,330,0.011503504899640879,0.010106842033565044,0.012912861444056034
rmse,model,phihyd_surface,340,0.01181138064712286,0.010429276339709758,0.01323583647608757
rmse,model,phihyd_surface,350,0.01205955638239781,0.010795466788113117,0.013532888703048229
rmse,model,phihyd_surface,360,0.012290475517511367,0.011132383532822133,0.013812319561839103
rmse,model,phihyd_surface,370,0.012584016347924868,0.011405017599463463,0.01412997953593731
rmse,model,phihyd_surface,380,0.01287829497208198,0.011644979938864708,0.014413100481033324
rmse,model,phihyd_surface,390,0.013172011263668537,0.011835610494017601,0.014853497594594955
rmse,model,phihyd_surface,400,0.013444033451378345,0.01208095084875822,0.015283715724945067
rmse,model,phihyd_surface,410,0.013762642008562883,0.01237366497516632,0.01564983166754246
rmse,model,phihyd_surface,420,0.013997789286077023,0.01241213120520115,0.01594274155795574
rmse,model,phihyd_surface,430,0.014271994618078073,0.01249173954129219,0.01618971973657608
rmse,model,phihyd_surface,440,0.014592711627483369,0.012783743254840375,0.01636909805238247
rmse,model,phihyd_surface,450,0.014931469783186912,0.013026632741093636,0.016734880581498145
rmse,model,phihyd_surface,460,0.015124268333117167,0.013016595132648945,0.017061051353812216
rmse,model,phihyd_surface,470,0.015428547312815984,0.013486073166131974,0.017256807163357736
rmse,model,phihyd_surface,480,0.015816631664832433,0.01397208571434021,0.017818132042884825
rmse,model,phihyd_surface,490,0.01603592752168576,0.013787942752242089,0.01807682663202286
rmse,model,phihyd_surface,500,0.016282066081960995,0.014055070467293262,0.018249757960438727
rmse,model,phihyd_surface,510,0.01667055624226729,0.014404030703008174,0.018435443565249444
rmse,model,phihyd_surface,520,0.016911593017478785,0.014488415978848933,0.018876205384731292
rmse,model,phihyd_surface,530,0.017009557348986466,0.014534945227205753,0.018764451518654822
rmse,model,phihyd_surface,540,0.01726005400220553,0.015113678388297557,0.018846071884036062
rmse,model,phihyd_surface,550,0.017566196682552496,0.015286271646618842,0.019039637222886086
rmse,model,phihyd_surface,560,0.017700287885963915,0.015091871283948422,0.019358442723751066
rmse,model,phihyd_surface,570,0.01785330759982268,0.015503377094864846,0.01955055333673954
rmse,model,phihyd_surface,580,0.018192781880497933,0.016390832141041756,0.019733111932873724
rmse,model,phihyd_surface,590,0.018281705242892108,0.016108592599630357,0.020082585141062734
rmse,model,phihyd_surface,600,0.018414756283164024,0.016041718423366547,0.020165353268384933
rmse,model,phihyd_surface,610,0.018709930405020715,0.016516943275928498,0.020245324820280075
rmse,model,phihyd_surface,620,0.019003002469738326,0.017170707136392592,0.02052197940647602
rmse,model,phihyd_surface,630,0.01891581155359745,0.01666032262146473,0.020893111452460287
rmse,model,phihyd_surface,640,0.01912056157986323,0.017255133762955666,0.020904138311743734
rmse,model,phihyd_surface,650,0.019490880643328032,0.0179354690015316,0.021324649453163147
rmse,model,phihyd_surface,660,0.019502987464269,0.017659863457083702,0.021558186039328575
rmse,model,phihyd_surface,670,0.01955995857715607,0.017623242735862733,0.02161915712058544
rmse,model,phihyd_surface,680,0.020009294152259827,0.018407689407467842,0.021947501599788664
rmse,model,phihyd_surface,690,0.02007850507895152,0.018242861703038217,0.022352079302072524
rmse,model,phihyd_surface,700,0.019931518907348313,0.01796901151537895,0.022437582910060882
rmse,model,phihyd_surface,710,0.020121548573176065,0.01879662647843361,0.02228536084294319
rmse,model,phihyd_surface,720,0.02042540522913138,0.01898694783449173,0.022192465886473656
rmse,model,phihyd_surface,730,0.02038140147924423,0.018282802775502205,0.022350694239139556
rmse,model,phihyd_surface,740,0.020482498531540234,0.0187095258384943,0.022502507269382476
rmse,model,phihyd_surface,750,0.02083399991194407,0.01956842876970768,0.022798536345362663
rmse,model,phihyd_surface,760,0.02086283601820469,0.01951567381620407,0.023321134224534034
rmse,model,phihyd_surface,770,0.02082720920443535,0.019091326370835306,0.022743667289614678
rmse,model,phihyd_surface,780,0.021192117283741634,0.01988271400332451,0.022763492539525032
rmse,model,phihyd_surface,790,0.021651210139195125,0.02053808830678463,0.023128600791096687
rmse,model,phihyd_surface,800,0.021441622575124105,0.019780318439006805,0.02357655204832554
rmse,model,phihyd_surface,810,0.021505292505025864,0.020278187841176985,0.023418710753321647
rmse,model,phihyd_surface,820,0.02202697644631068,0.020955341681838036,0.023900081589818
rmse,model,phihyd_surface,830,0.022002706428368886,0.020629265159368516,0.024381932988762855
rmse,model,phihyd_surface,840,0.021919476861755053,0.02062295600771904,0.02450740709900856
rmse,model,phihyd_surface,850,0.022448824966947237,0.02154012434184551,0.0241842407733202
rmse,model,phihyd_surface,860,0.022598739589254062,0.02142953611910343,0.024450496584177014
rmse,model,phihyd_surface,870,0.022348388905326526,0.021283717826008797,0.024123017862439155
rmse,model,phihyd_surface,880,0.022531548142433168,0.02157024182379246,0.024316122755408287
rmse,model,phihyd_surface,890,0.023033578942219416,0.02225388027727604,0.024323044717311858
rmse,model,phihyd_surface,900,0.023074272523323693,0.02156563363969326,0.024619048461318016
rmse,model,phihyd_surface,910,0.023096990212798117,0.021227401867508888,0.024849151074886323
rmse,model,phihyd_surface,920,0.023574729263782502,0.022281768172979353,0.02503100372850895
rmse,model,phihyd_surface,930,0.023647458975513777,0.02257861793041229,0.02541978918015957
rmse,model,phihyd_surface,940,0.023417114466428756,0.02136264741420746,0.024686870351433753
rmse,model,phihyd_surface,950,0.023664626106619836,0.022329503297805788,0.02475793845951557
rmse,model,phihyd_surface,960,0.024148657297094662,0.023092425987124444,0.025092918425798416
rmse,model,phihyd_surface,970,0.023777736971775692,0.021507267281413077,0.02585446909070015
rmse,model,phihyd_surface,980,0.023616619780659674,0.021896834298968316,0.02533855140209198
rmse,model,phihyd_surface,990,0.0242219977080822,0.02326354421675205,0.025177953764796257
rmse,model,phihyd_surface,1000,0.02420906039575736,0.02307875044643879,0.02578902803361416
rmse,model,phihyd_surface,1010,0.023857408141096433,0.021720191463828087,0.026011450588703154
rmse,model,phihyd_surface,1020,0.02443194997807344,0.0230848528444767,0.026160184293985367
rmse,model,phihyd_surface,1030,0.024837264666954677,0.022965458035469056,0.02613145001232624
rmse,model,phihyd_surface,1040,0.024440869440635046,0.022621408477425574,0.026042893901467322
rmse,model,phihyd_surface,1050,0.024500082557400066,0.022712256386876108,0.026165827363729476
rmse,model,phihyd_surface,1060,0.0252261886994044,0.023389240354299547,0.026350507885217665
rmse,model,phihyd_surface,1070,0.025374282523989676,0.023050448670983315,0.026724427565932275
rmse,model,phihyd_surface,1080,0.025359857206543285,0.0221392959356308,0.02699926234781742
rmse,model,phihyd_surface,1090,0.02581397369503975,0.02351249158382416,0.02766108401119709
rmse,model,phihyd_surface,1100,0.026025725776950517,0.024161696434020996,0.027368198707699777
rmse,model,phihyd_surface,1110,0.025739743063847225,0.022044005617499352,0.027862358093261718
rmse,model,phihyd_surface,1120,0.02605407213171323,0.02380733788013458,0.027859565615653992
rmse,model,phihyd_surface,1130,0.026733887071410816,0.025357113778591157,0.0282306045293808
rmse,model,phihyd_surface,1140,0.026322645942370097,0.023688007891178132,0.028385896980762482
rmse,model,phihyd_surface,1150,0.02602427899837494,0.023073723167181016,0.02817799001932144
rmse,model,phihyd_surface,1160,0.026694321259856223,0.025265898928046225,0.028243135660886765
rmse,model,phihyd_surface,1170,0.02705308571457863,0.025726247951388358,0.02883187048137188
rmse,model,phihyd_surface,1180,0.02652186875542005,0.024043173342943192,0.029650554060935974
rmse,model,phihyd_surface,1190,0.026949900885423025,0.024891996383666994,0.02890758663415909
rmse,model,phihyd_surface,1200,0.027564927066365878,0.025828828662633897,0.02909437157213688
rmse,model,phihyd_surface,1210,0.027433302129308383,0.025378717109560966,0.029618122056126593
rmse,model,phihyd_surface,1220,0.02716099520524343,0.024796762317419053,0.02955469600856304
rmse,model,phihyd_surface,1230,0.02775811602671941,0.025512628257274628,0.029098505899310113
rmse,model,phihyd_surface,1240,0.027897671113411585,0.025758935883641244,0.029624855145812035
rmse,model,phihyd_surface,1250,0.02775998550156752,0.02533560395240784,0.030198854580521583
rmse,model,phihyd_surface,1260,0.027781652410825093,0.025456992909312248,0.0296626728028059
rmse,model,phihyd_surface,1270,0.028132867192228635,0.026516633480787276,0.029877540096640585
rmse,model,phihyd_surface,1280,0.027752996732791264,0.02498481348156929,0.030204178392887117
rmse,model,phihyd_surface,1290,0.02791039223472277,0.025371283665299414,0.0302602905780077
rmse,model,phihyd_surface,1300,0.02844318114221096,0.027034011483192445,0.029472585022449493
rmse,model,phihyd_surface,1310,0.028334839393695195,0.026135521382093428,0.02966266982257366
rmse,model,phihyd_surface,1320,0.027664399767915408,0.02459657974541187,0.030151461809873582
rmse,model,phihyd_surface,1330,0.027943991869688035,0.026704049110412596,0.029790636524558066
rmse,model,phihyd_surface,1340,0.02842393492658933,0.02761916071176529,0.030277619138360023
rmse,model,phihyd_surface,1350,0.02810189425945282,0.026049249246716498,0.030209702998399736
rmse,model,phihyd_surface,1360,0.02825079100827376,0.026163504272699357,0.02994433157145977
rmse,model,phihyd_surface,1370,0.028798155610760053,0.027793143689632416,0.030435073003172875
rmse,model,phihyd_surface,1380,0.02884461941818396,0.027338065207004547,0.030408463999629022
rmse,model,phihyd_surface,1390,0.028482440610726675,0.026886644959449767,0.030616020411252977
rmse,model,phihyd_surface,1400,0.02903914327422778,0.02783822752535343,0.03028380051255226
rmse,model,phihyd_surface,1410,0.029294529805580775,0.027898785099387167,0.030255455523729324
rmse,model,phihyd_surface,1420,0.029209484159946442,0.02775057889521122,0.030466973781585693
rmse,model,phihyd_surface,1430,0.029154210661848385,0.027674824371933936,0.03092615008354187
rmse,model,phihyd_surface,1440,0.029602190976341567,0.028210486471652984,0.03110957592725754
rmse,model,phihyd_surface,1450,0.02932241012652715,0.027625882998108864,0.03172991648316383
rmse,model,phihyd_surface,1460,0.029380674411853155,0.027407700195908546,0.03127295523881912
rmse,model,phihyd_surface,1470,0.029831713686386745,0.028291769325733185,0.0317386269569397
rmse,model,phihyd_surface,1480,0.030088136345148085,0.0283083900809288,0.03210511803627014
rmse,model,phihyd_surface,1490,0.02948022782802582,0.026280131191015244,0.031631313264369965
rmse,model,phihyd_surface,1500,0.02961411823829015,0.026827166602015496,0.03143569976091385
rmse,model,phihyd_surface,1510,0.030025656521320342,0.02804349213838577,0.03227613195776939
rmse,model,phihyd_surface,1520,0.02999089832107226,0.027213723585009574,0.03176149278879166
rmse,model,phihyd_surface,1530,0.029870638872186342,0.027100728079676627,0.0321412019431591
rmse,model,phihyd_surface,1540,0.03029590050379435,0.028332914039492608,0.032337697595357894
rmse,model,phihyd_surface,1550,0.03038277377684911,0.02883723974227905,0.031844516098499295
rmse,model,phihyd_surface,1560,0.03006773826976617,0.027536528557538985,0.03163783475756645
rmse,model,phihyd_surface,1570,0.030462199449539186,0.029304014146327974,0.03199768364429474
rmse,model,phihyd_surface,1580,0.030774273350834845,0.02943880930542946,0.03167074248194694
rmse,model,phihyd_surface,1590,0.030704854677120846,0.029486074298620223,0.0314767025411129
rmse,model,phihyd_surface,1600,0.030596835787097612,0.029224077984690667,0.032357311248779295
rmse,model,phihyd_surface,1610,0.03081152041753133,0.02947239503264427,0.032670318335294726
rmse,model,phihyd_surface,1620,0.03064440836509069,0.02925904020667076,0.03224282413721084
rmse,model,phihyd_surface,1630,0.030646001795927684,0.02866930589079857,0.032301782816648486
rmse,model,phihyd_surface,1640,0.030923568954070408,0.029077301919460296,0.03286164999008179
rmse,model,phihyd_surface,1650,0.031077440207203228,0.029495501518249513,0.03301833122968674
rmse,model,phihyd_surface,1660,0.030676328390836716,0.02800166793167591,0.03346755802631378
rmse,model,phihyd_surface,1670,0.030601934840281803,0.027897749096155167,0.03294508457183838
rmse,model,phihyd_surface,1680,0.030857280269265173,0.02900044582784176,0.03280196115374565
rmse,model,phihyd_surface,1690,0.030852008114258447,0.028543709963560104,0.032639135420322415
rmse,model,phihyd_surface,1700,0.030782775580883028,0.02765943817794323,0.033198826014995575
rmse,model,phihyd_surface,1710,0.031051774322986603,0.028500309959053994,0.03408507481217384
rmse,model,phihyd_surface,1720,0.03117129442592462,0.029959403350949286,0.033235447108745576
rmse,model,phihyd_surface,1730,0.031018630415201188,0.02915565185248852,0.03269406408071518
rmse,model,phihyd_surface,1740,0.031375703712304435,0.02970668822526932,0.032962532341480257
rmse,model,phihyd_surface,1750,0.031739636634786926,0.030668730661273003,0.033389125019311905
rmse,model,phihyd_surface,1760,0.0318010085572799,0.029753126576542853,0.033185476809740065
rmse,model,phihyd_surface,1770,0.03188089951872826,0.03036510944366455,0.0337764248251915
rmse,model,phihyd_surface,1780,0.03199891398350398,0.030917150527238847,0.0341842845082283
rmse,model,phihyd_surface,1790,0.031871688986818,0.030581694096326828,0.033721025288105014
rmse,model,phihyd_surface,1800,0.03195200798412164,0.030401239171624184,0.03373889774084091
rmse,model,phihyd_surface,1810,0.03233715233703454,0.03030138798058033,0.034642761945724486
rmse,model,phihyd_surface,1820,0.03247818152109782,0.030416978895664214,0.03404678478837013
rmse,model,phihyd_surface,1830,0.03226962039868037,0.029905424267053605,0.03488953039050102
rmse,model,phihyd_surface,1840,0.03230475895106792,0.029969881847500802,0.03458869233727455
rmse,model,phihyd_surface,1850,0.03257897992928823,0.030566590651869775,0.034533416479825975
rmse,model,phihyd_surface,1860,0.03252983999749025,0.030645962059497833,0.033751490712165835
rmse,model,phihyd_surface,1870,0.032559371863802276,0.03035842441022396,0.0340047150850296
rmse,model,phihyd_surface,1880,0.03280040385822455,0.030874889716506003,0.03504326865077019
rmse,model,phihyd_surface,1890,0.03285621131459872,0.03141124621033668,0.03454155549407005
rmse,model,phihyd_surface,1900,0.032611349845925966,0.03145436719059944,0.033981704711914064
rmse,model,phihyd_surface,1910,0.0328020508090655,0.03155753314495087,0.034191019088029864
rmse,model,phihyd_surface,1920,0.03293892281750838,0.031966861337423325,0.03429445177316666
rmse,model,phihyd_surface,1930,0.03287576225896676,0.0312887541949749,0.034038228541612627
rmse,model,phihyd_surface,1940,0.033009508003791176,0.031874656677246094,0.0346817247569561
rmse,model,phihyd_surface,1950,0.03310798654953639,0.03161218464374542,0.03501225709915161
rmse,model,phihyd_surface,1960,0.03289889941612879,0.03158082142472267,0.03444403409957886
rmse,model,phihyd_surface,1970,0.03296570343275865,0.03152090311050415,0.034115029871463774
rmse,model,phihyd_surface,1980,0.033487433070937794,0.03143884390592575,0.03587730452418327
rmse,model,phihyd_surface,1990,0.033695418015122415,0.03136740252375603,0.03604226484894753
rmse,model,phihyd_surface,2000,0.03346348764995734,0.031460723280906676,0.03575601503252983
rmse,climatology,phihyd_surface,0,0.05692157025138537,0.0540118932723999,0.06075506955385208
rmse,climatology,phihyd_surface,10,0.056680009017388025,0.05367028638720513,0.06037708297371864
rmse,climatology,phihyd_surface,20,0.05694338803490003,0.05384332314133644,0.06084540709853172
rmse,climatology,phihyd_surface,30,0.057446611920992534,0.05423908606171608,0.060870414972305296
rmse,climatology,phihyd_surface,40,0.057454103728135426,0.05363750085234642,0.0611496739089489
rmse,climatology,phihyd_surface,50,0.057469504823287325,0.05428253337740898,0.06128906905651092
rmse,climatology,phihyd_surface,60,0.057764495412508644,0.054917764663696286,0.061568853259086606
rmse,climatology,phihyd_surface,70,0.057812611510356264,0.05439188927412033,0.06136211305856704
rmse,climatology,phihyd_surface,80,0.05779709865649541,0.0544616349041462,0.06104524731636047
rmse,climatology,phihyd_surface,90,0.05823042243719101,0.054851552844047545,0.061501675844192506
rmse,climatology,phihyd_surface,100,0.058571910858154295,0.05556148514151573,0.06224257200956344
rmse,climatology,phihyd_surface,110,0.05832597240805626,0.05456456691026688,0.062055636942386624
rmse,climatology,phihyd_surface,120,0.05838046645124753,0.0552049845457077,0.06185265481472015
rmse,climatology,phihyd_surface,130,0.058862271656592684,0.056280724704265594,0.06226893961429596
rmse,climatology,phihyd_surface,140,0.05890630135933558,0.055307308584451674,0.06234569996595383
rmse,climatology,phihyd_surface,150,0.058795631925265,0.055010396242141726,0.06245765537023544
rmse,climatology,phihyd_surface,160,0.059227278580268224,0.055673220008611676,0.06248127669095993
rmse,climatology,phihyd_surface,170,0.0593919758995374,0.05608486458659172,0.06336658149957657
rmse,climatology,phihyd_surface,180,0.05913980553547541,0.05560798794031143,0.06322231292724609
rmse,climatology,phihyd_surface,190,0.05930270453294118,0.05560361742973328,0.06361835449934006
rmse,climatology,phihyd_surface,200,0.05977260222037633,0.0562749944627285,0.06364061832427978
rmse,climatology,phihyd_surface,210,0.05977979078888893,0.055629491060972217,0.06387710720300674
rmse,climatology,phihyd_surface,220,0.059729818751414615,0.05552392974495888,0.0639174908399582
rmse,climatology,phihyd_surface,230,0.05998009741306305,0.05623206943273544,0.06413090825080872
rmse,climatology,phihyd_surface,240,0.060027102132638295,0.056172411888837814,0.06374824345111847
rmse,climatology,phihyd_surface,250,0.05995760038495064,0.055935739725828174,0.06330418288707733
rmse,climatology,phihyd_surface,260,0.060308658083279926,0.056830041110515594,0.0638186901807785
rmse,climatology,phihyd_surface,270,0.06065331523617109,0.05662447139620781,0.06455380767583847
rmse,climatology,phihyd_surface,280,0.060408310343821846,0.055542159080505374,0.06437153369188309
rmse,climatology,phihyd_surface,290,0.060378834356864294,0.05614174604415893,0.06424322873353958
rmse,climatology,phihyd_surface,300,0.060835018505652746,0.05727676749229431,0.06441317796707154
rmse,climatology,phihyd_surface,310,0.06092786093552907,0.05653144121170044,0.06424515843391418
rmse,climatology,phihyd_surface,320,0.06076440364122391,0.05623466148972511,0.06415620446205139
rmse,climatology,phihyd_surface,330,0.06115221704045932,0.057151006907224654,0.06424508988857269
rmse,climatology,phihyd_surface,340,0.06138925676544507,0.05764157474040985,0.0649036094546318
rmse,climatology,phihyd_surface,350,0.06119506061077118,0.05739986523985863,0.06481354087591171
rmse,climatology,phihyd_surface,360,0.06133954251805941,0.05728352516889572,0.06510765999555587
rmse,climatology,phihyd_surface,370,0.061872268964846926,0.05792978852987289,0.06517649292945862
rmse,climatology,phihyd_surface,380,0.06199516380826632,0.057432716339826585,0.06543024182319641
rmse,climatology,phihyd_surface,390,0.06198998764157295,0.05779837444424629,0.06556831300258636
rmse,climatology,phihyd_surface,400,0.062293627361456556,0.058491166681051254,0.06596781015396118
rmse,climatology,phihyd_surface,410,0.062442297488451,0.05825912728905678,0.06599228531122207
rmse,climatology,phihyd_surface,420,0.06242025246222814,0.05794728249311447,0.06558659225702286
rmse,climatology,phihyd_surface,430,0.062762417892615,0.05885829702019692,0.06606810241937637
rmse,climatology,phihyd_surface,440,0.06317219361662865,0.05912090167403221,0.06672806590795517
rmse,climatology,phihyd_surface,450,0.06301639502247175,0.058131230622529985,0.06668462157249451
rmse,climatology,phihyd_surface,460,0.06298208609223366,0.05840150192379952,0.06662967056035995
rmse,climatology,phihyd_surface,470,0.06345696076750755,0.05980171412229538,0.06670883595943451
rmse,climatology,phihyd_surface,480,0.06364863117535909,0.05933931693434715,0.06689698845148087
rmse,climatology,phihyd_surface,490,0.06349440515041352,0.058671087771654126,0.0667315036058426
rmse,climatology,phihyd_surface,500,0.06383654524882634,0.05955568253993988,0.06678965836763381
rmse,climatology,phihyd_surface,510,0.0641077975432078,0.06015075296163559,0.06744753420352936
rmse,climatology,phihyd_surface,520,0.06394057770570119,0.05998289659619331,0.06756779104471207
rmse,climatology,phihyd_surface,530,0.06401904573043188,0.05976750776171684,0.0676952913403511
rmse,climatology,phihyd_surface,540,0.0645153840382894,0.06048252657055855,0.06781647205352784
rmse,climatology,phihyd_surface,550,0.0646311655640602,0.05994043275713921,0.06802677810192108
rmse,climatology,phihyd_surface,560,0.06453656579057375,0.05998754277825356,0.06790613681077957
rmse,climatology,phihyd_surface,570,0.06474194129308065,0.060726483911275865,0.06819631457328797
rmse,climatology,phihyd_surface,580,0.06484273374080658,0.06062316745519638,0.06818518936634063
rmse,climatology,phihyd_surface,590,0.06473097776373228,0.06019945740699768,0.0677907258272171
rmse,climatology,phihyd_surface,600,0.06492720146973928,0.06103810369968414,0.06781469285488129
rmse,climatology,phihyd_surface,610,0.06525187293688456,0.061425799131393434,0.06837361603975296
rmse,climatology,phihyd_surface,620,0.06504991576075554,0.0605489231646061,0.06846066415309907
rmse,climatology,phihyd_surface,630,0.06490104297796885,0.06062305271625519,0.0684202641248703
rmse,climatology,phihyd_surface,640,0.06531135588884354,0.06204385906457901,0.06836063712835312
rmse,climatology,phihyd_surface,650,0.06555694863200187,0.061809518933296205,0.06876436620950699
rmse,climatology,phihyd_surface,660,0.06541104912757874,0.061003798991441725,0.06861963719129563
rmse,climatology,phihyd_surface,670,0.06570803076028824,0.061936506628990175,0.0688043013215065
rmse,climatology,phihyd_surface,680,0.0660092497865359,0.062600277364254,0.0692927896976471
rmse,climatology,phihyd_surface,690,0.0658518247306347,0.06251320242881775,0.06977245509624481
rmse,climatology,phihyd_surface,700,0.06584160402417183,0.06241929233074188,0.06980532109737396
rmse,climatology,phihyd_surface,710,0.06630083546042442,0.06296867281198501,0.06997156739234925
rmse,climatology,phihyd_surface,720,0.06648046374320984,0.062468376755714414,0.07018117904663086
rmse,climatology,phihyd_surface,730,0.06641964713732401,0.06260938346385955,0.07019177228212356
rmse,climatology,phihyd_surface,740,0.06664885804057122,0.06345040500164031,0.07059156149625778
rmse,climatology,phihyd_surface,750,0.06683835089206695,0.06345011740922928,0.0707003727555275
rmse,climatology,phihyd_surface,760,0.06681650504469872,0.06288141608238221,0.07037393897771835
rmse,climatology,phihyd_surface,770,0.06707796951134999,0.0636759877204895,0.07060198932886123
rmse,climatology,phihyd_surface,780,0.06754937469959259,0.06427071988582611,0.07117386013269425
rmse,climatology,phihyd_surface,790,0.06753469879428546,0.06359432190656662,0.07149288803339005
rmse,climatology,phihyd_surface,800,0.06743075003226598,0.06349241882562637,0.07149431854486465
rmse,climatology,phihyd_surface,810,0.06782886336247126,0.0648969516158104,0.0713901087641716
rmse,climatology,phihyd_surface,820,0.06812459776798883,0.06491313874721527,0.0719097688794136
rmse,climatology,phihyd_surface,830,0.06798334966103235,0.06410926282405853,0.07158269584178925
rmse,climatology,phihyd_surface,840,0.06821932643651962,0.06457338482141495,0.07177293300628662
rmse,climatology,phihyd_surface,850,0.06853639433781306,0.06560182124376297,0.07200665324926377
rmse,climatology,phihyd_surface,860,0.06839062025149663,0.0655621588230133,0.07204246073961258
rmse,climatology,phihyd_surface,870,0.06830141643683116,0.06521108746528625,0.07175869345664979
rmse,climatology,phihyd_surface,880,0.06871830274661382,0.06573315560817719,0.07197325229644776
rmse,climatology,phihyd_surface,890,0.06895308246215184,0.06555509567260742,0.07220278680324554
rmse,climatology,phihyd_surface,900,0.06890016992886862,0.06515448391437531,0.07240539491176605
rmse,climatology,phihyd_surface,910,0.06908411085605622,0.06562727093696594,0.07289955019950867
rmse,climatology,phihyd_surface,920,0.06925471325715384,0.06586232334375382,0.07299630343914032
rmse,climatology,phihyd_surface,930,0.06918003112077713,0.06542624533176422,0.0726561963558197
rmse,climatology,phihyd_surface,940,0.0693193236986796,0.06592341363430024,0.0728282243013382
rmse,climatology,phihyd_surface,950,0.06971457004547119,0.06607861071825027,0.07327287346124649
rmse,climatology,phihyd_surface,960,0.06969102174043655,0.0654661476612091,0.07342355102300643
rmse,climatology,phihyd_surface,970,0.0695037176211675,0.06514701396226882,0.07324914932250977
rmse,climatology,phihyd_surface,980,0.06981508036454519,0.06634537130594254,0.07320066839456559
rmse,climatology,phihyd_surface,990,0.07012118597825369,0.06629467904567718,0.07356815040111542
rmse,climatology,phihyd_surface,1000,0.06997173925240835,0.06553266793489457,0.07312462031841278
rmse,climatology,phihyd_surface,1010,0.07013312727212906,0.06612063795328141,0.07337591648101807
rmse,climatology,phihyd_surface,1020,0.07049078692992529,0.06641355156898499,0.07354060113430023
rmse,climatology,phihyd_surface,1030,0.07044793864091238,0.06647260189056396,0.07415570914745331
rmse,climatology,phihyd_surface,1040,0.07039273877938589,0.0662717029452324,0.07396337389945984
rmse,climatology,phihyd_surface,1050,0.07083370685577392,0.06690557450056075,0.07427409887313843
rmse,climatology,phihyd_surface,1060,0.07115377386411031,0.06656282246112824,0.07435140013694763
rmse,climatology,phihyd_surface,1070,0.07115020056565603,0.06656177788972854,0.07457352876663208
rmse,climatology,phihyd_surface,1080,0.07136312127113342,0.0672287479043007,0.07503714859485626
rmse,climatology,phihyd_surface,1090,0.07162613968054453,0.06766646653413773,0.07524458318948746
rmse,climatology,phihyd_surface,1100,0.07162835896015167,0.06683275401592255,0.07495339214801788
rmse,climatology,phihyd_surface,1110,0.07176018158594767,0.0674424096941948,0.07487977892160416
rmse,climatology,phihyd_surface,1120,0.07214866628249486,0.06819974184036255,0.07515641003847122
rmse,climatology,phihyd_surface,1130,0.0721589187781016,0.06770756095647812,0.0756022185087204
rmse,climatology,phihyd_surface,1140,0.07193963478008907,0.0672881320118904,0.07532519549131393
rmse,climatology,phihyd_surface,1150,0.07222985476255417,0.06845470666885375,0.07507137507200241
rmse,climatology,phihyd_surface,1160,0.07262792686621349,0.06881829798221588,0.075775246322155
rmse,climatology,phihyd_surface,1170,0.0725602368513743,0.06795705556869507,0.07545194029808044
rmse,climatology,phihyd_surface,1180,0.07267973969380061,0.06841475367546082,0.07571099996566773
rmse,climatology,phihyd_surface,1190,0.07305443336566289,0.06912154108285903,0.07585675716400146
rmse,climatology,phihyd_surface,1200,0.07307509630918503,0.06922845393419266,0.07665702700614929
rmse,climatology,phihyd_surface,1210,0.07298866808414459,0.06899158805608749,0.07622971087694168
rmse,climatology,phihyd_surface,1220,0.0733256995677948,0.06940837055444718,0.07653092294931411
rmse,climatology,phihyd_surface,1230,0.07354893386363984,0.06924781948328018,0.07654089331626893
rmse,climatology,phihyd_surface,1240,0.07337459127108256,0.06899127215147019,0.07672089487314224
rmse,climatology,phihyd_surface,1250,0.0733867809176445,0.06964316219091415,0.07682103514671326
rmse,climatology,phihyd_surface,1260,0.07356307407220204,0.07008877992630005,0.07694344073534012
rmse,climatology,phihyd_surface,1270,0.07354514598846436,0.06935083419084549,0.07673077434301376
rmse,climatology,phihyd_surface,1280,0.07363764892021815,0.06978769749403,0.0767656609416008
rmse,climatology,phihyd_surface,1290,0.0740376055240631,0.07045051455497742,0.0768529400229454
rmse,climatology,phihyd_surface,1300,0.07414656480153402,0.07014208137989045,0.07739941924810409
rmse,climatology,phihyd_surface,1310,0.07393090526262919,0.06961499154567719,0.07712427824735642
rmse,climatology,phihyd_surface,1320,0.07412738154331842,0.0706562876701355,0.07703469395637512
rmse,climatology,phihyd_surface,1330,0.07448959946632386,0.07122593224048615,0.07759877890348435
rmse,climatology,phihyd_surface,1340,0.0744293769200643,0.07043402493000031,0.07739463150501251
rmse,climatology,phihyd_surface,1350,0.0744918887813886,0.07071377038955688,0.07767269164323806
rmse,climatology,phihyd_surface,1360,0.07486753116051356,0.07150282114744186,0.07777639478445053
rmse,climatology,phihyd_surface,1370,0.07490825851758322,0.07176849097013474,0.07856562733650208
rmse,climatology,phihyd_surface,1380,0.07477229287226995,0.07154101282358169,0.07829537093639374
rmse,climatology,phihyd_surface,1390,0.07507073581218719,0.07189963310956955,0.07867537289857865
rmse,climatology,phihyd_surface,1400,0.07540774991114935,0.07191538959741592,0.07871362715959548
rmse,climatology,phihyd_surface,1410,0.07538889149824778,0.0717790737748146,0.07894333302974701
rmse,climatology,phihyd_surface,1420,0.07548548579216004,0.07243122905492783,0.07915873974561691
rmse,climatology,phihyd_surface,1430,0.07573437094688415,0.07300751954317093,0.07938239872455596
rmse,climatology,phihyd_surface,1440,0.07575590014457703,0.07233449816703796,0.07928234785795212
rmse,climatology,phihyd_surface,1450,0.07581512828667959,0.07261932641267776,0.07917832732200622
rmse,climatology,phihyd_surface,1460,0.07622155050436656,0.07301418781280518,0.07956441938877105
rmse,climatology,phihyd_surface,1470,0.076456784705321,0.07348747253417968,0.08020341843366623
rmse,climatology,phihyd_surface,1480,0.0763171891371409,0.07286379784345627,0.08004744797945022
rmse,climatology,phihyd_surface,1490,0.07649621764818827,0.07366715669631958,0.07992962151765823
rmse,climatology,phihyd_surface,1500,0.07687220325072606,0.07423707246780395,0.08038027882575989
rmse,climatology,phihyd_surface,1510,0.07683821072181066,0.07331745326519012,0.08023654520511628
rmse,climatology,phihyd_surface,1520,0.07682551294565201,0.07325226068496704,0.08038118034601212
rmse,climatology,phihyd_surface,1530,0.077163465321064,0.0741541862487793,0.08037637025117875
rmse,climatology,phihyd_surface,1540,0.07720060497522355,0.07404913604259492,0.0809181272983551
rmse,climatology,phihyd_surface,1550,0.0770004466176033,0.07363619208335877,0.08032764047384262
rmse,climatology,phihyd_surface,1560,0.07721679260333379,0.07417798042297363,0.08075584471225739
rmse,climatology,phihyd_surface,1570,0.07757302075624466,0.07428430765867233,0.08081723898649215
rmse,climatology,phihyd_surface,1580,0.07757673064867655,0.07395322322845459,0.08113281577825546
rmse,climatology,phihyd_surface,1590,0.07763385673364004,0.07408267557621002,0.08136717975139618
rmse,climatology,phihyd_surface,1600,0.07787857204675674,0.07461673468351364,0.08160435557365417
rmse,climatology,phihyd_surface,1610,0.07791258146365483,0.07438546866178512,0.08140158355236053
rmse,climatology,phihyd_surface,1620,0.07791242301464081,0.07444216758012771,0.08108875155448914
rmse,climatology,phihyd_surface,1630,0.07823084046443303,0.07487311810255051,0.08152918964624405
rmse,climatology,phihyd_surface,1640,0.07844077597061792,0.0747852623462677,0.08203520923852921
rmse,climatology,phihyd_surface,1650,0.07824296901623408,0.07407883256673813,0.08163137584924698
rmse,climatology,phihyd_surface,1660,0.07831674963235855,0.0747125118970871,0.08158945888280869
rmse,climatology,phihyd_surface,1670,0.07868469456831614,0.07535350024700165,0.08182039856910706
rmse,climatology,phihyd_surface,1680,0.07871209780375163,0.07461183071136475,0.081662879884243
rmse,climatology,phihyd_surface,1690,0.07867238720258077,0.07469270080327987,0.08177667111158371
rmse,climatology,phihyd_surface,1700,0.0790339931845665,0.07525292038917542,0.0818263366818428
rmse,climatology,phihyd_surface,1710,0.07919730991125107,0.07543612569570542,0.08244438916444778
rmse,climatology,phihyd_surface,1720,0.07909093002478282,0.07522009760141372,0.0824307844042778
rmse,climatology,phihyd_surface,1730,0.07932202766338985,0.07536506056785583,0.08287565857172012
rmse,climatology,phihyd_surface,1740,0.07975259721279145,0.07571159452199935,0.08295485824346542
rmse,climatology,phihyd_surface,1750,0.07984561920166015,0.0754326418042183,0.08320118635892867
rmse,climatology,phihyd_surface,1760,0.07992210288842519,0.07587989866733551,0.08341194540262223
rmse,climatology,phihyd_surface,1770,0.08020233164230982,0.076484052836895,0.08368216156959533
rmse,climatology,phihyd_surface,1780,0.08029500097036361,0.07606295496225357,0.08363444507122039
rmse,climatology,phihyd_surface,1790,0.08029505411783854,0.07594126760959626,0.08326652348041534
rmse,climatology,phihyd_surface,1800,0.080582195520401,0.07670546621084214,0.08344512283802033
rmse,climatology,phihyd_surface,1810,0.08082535962263743,0.07686355262994767,0.08389799147844315
rmse,climatology,phihyd_surface,1820,0.08065820087989171,0.0761458307504654,0.08381610810756683
rmse,climatology,phihyd_surface,1830,0.08071261445681253,0.07659720033407211,0.08375120759010315
rmse,climatology,phihyd_surface,1840,0.08112095048030217,0.07756310254335404,0.08392696529626846
rmse,climatology,phihyd_surface,1850,0.08123307625452678,0.07704231441020966,0.0840674802660942
rmse,climatology,phihyd_surface,1860,0.08116287887096404,0.0767599567770958,0.08408184051513672
rmse,climatology,phihyd_surface,1870,0.08148393879334132,0.07745583802461624,0.08414220064878464
rmse,climatology,phihyd_surface,1880,0.08167717109123866,0.07786711752414703,0.0846978023648262
rmse,climatology,phihyd_surface,1890,0.08155357191960017,0.0776984602212906,0.08474824577569962
rmse,climatology,phihyd_surface,1900,0.08165500412384669,0.07773183435201644,0.08486632406711578
rmse,climatology,phihyd_surface,1910,0.08196439445018769,0.0781221017241478,0.08486697971820831
rmse,climatology,phihyd_surface,1920,0.08193000058333079,0.07767378985881805,0.08507666885852813
rmse,climatology,phihyd_surface,1930,0.08183421144882838,0.07800686508417129,0.08501246720552444
rmse,climatology,phihyd_surface,1940,0.08201277901728948,0.07864661961793899,0.08517699092626571
rmse,climatology,phihyd_surface,1950,0.0820940429965655,0.07832285910844802,0.08526203483343124
rmse,climatology,phihyd_surface,1960,0.08207200318574906,0.07811755686998367,0.08503737300634384
rmse,climatology,phihyd_surface,1970,0.08233088652292887,0.07884961813688278,0.0850958302617073
rmse,climatology,phihyd_surface,1980,0.08263024489084879,0.07913771271705627,0.0856183111667633
rmse,climatology,phihyd_surface,1990,0.08250818898280461,0.07845491915941238,0.08562885224819183
rmse,climatology,phihyd_surface,2000,0.0824887494246165,0.07873230576515197,0.08563082069158554
rmse,persistence,phihyd_surface,0,0.0,0.0,0.0
rmse,persistence,phihyd_surface,10,0.010350699505458276,0.007396924961358309,0.012786458991467953
rmse,persistence,phihyd_surface,20,0.014682069482902686,0.011606127209961414,0.017236204445362092
rmse,persistence,phihyd_surface,30,0.01813393794000149,0.015945703163743018,0.021325619891285896
rmse,persistence,phihyd_surface,40,0.023417344068487486,0.018077804893255233,0.026974673941731454
rmse,persistence,phihyd_surface,50,0.02690871643523375,0.0225798349827528,0.030930523574352265
rmse,persistence,phihyd_surface,60,0.029418931528925895,0.026224426552653314,0.03442290276288986
rmse,persistence,phihyd_surface,70,0.030977992216746013,0.02609020732343197,0.035264651477336886
rmse,persistence,phihyd_surface,80,0.031150045742591222,0.026520409807562827,0.03484172448515892
rmse,persistence,phihyd_surface,90,0.03239365803698699,0.029249688237905504,0.03540579527616501
rmse,persistence,phihyd_surface,100,0.03225948164860407,0.02844003662467003,0.03502363786101341
rmse,persistence,phihyd_surface,110,0.028799115493893624,0.02590886726975441,0.03185688331723213
rmse,persistence,phihyd_surface,120,0.027389134963353476,0.02412121444940567,0.03053924851119518
rmse,persistence,phihyd_surface,130,0.02531686139603456,0.02194419503211975,0.028098203241825104
rmse,persistence,phihyd_surface,140,0.019774264097213744,0.017686392366886138,0.021753213927149774
rmse,persistence,phihyd_surface,150,0.01693753395229578,0.014315492659807205,0.019125309959053993
rmse,persistence,phihyd_surface,160,0.013396045689781507,0.011218058504164219,0.015376081690192223
rmse,persistence,phihyd_surface,170,0.006632236142953237,0.004543252196162939,0.009211843088269233
rmse,persistence,phihyd_surface,180,0.011823307691762845,0.008746748976409436,0.014190986566245557
rmse,persistence,phihyd_surface,190,0.016097692027688026,0.012788659147918224,0.01925821602344513
rmse,persistence,phihyd_surface,200,0.019039624805251756,0.016452279686927796,0.022971908375620843
rmse,persistence,phihyd_surface,210,0.024049313987294832,0.018796714767813683,0.02754022292792797
rmse,persistence,phihyd_surface,220,0.027587907885511718,0.023236847296357156,0.03174922987818718
rmse,persistence,phihyd_surface,230,0.030012928321957587,0.026738087832927703,0.03505796864628792
rmse,persistence,phihyd_surface,240,0.031689587111274405,0.026756518334150315,0.03599748238921165
rmse,persistence,phihyd_surface,250,0.03183698778351148,0.026816593855619433,0.035109365731477736
rmse,persistence,phihyd_surface,260,0.03293548077344895,0.029743649438023566,0.03579128310084343
rmse,persistence,phihyd_surface,270,0.03314891681075096,0.02931418754160404,0.03606499060988426
rmse,persistence,phihyd_surface,280,0.029847001532713573,0.0267690934240818,0.03242136910557747
rmse,persistence,phihyd_surface,290,0.028183861325184505,0.025087203085422515,0.031074604764580727
rmse,persistence,phihyd_surface,300,0.02646376925210158,0.02315697483718395,0.029269886016845704
rmse,persistence,phihyd_surface,310,0.021231967210769653,0.019354835525155066,0.02302424907684326
rmse,persistence,phihyd_surface,320,0.018106472430129847,0.015506014041602612,0.01979845352470875
rmse,persistence,phihyd_surface,330,0.01524729256828626,0.013539195992052555,0.017163263633847237
rmse,persistence,phihyd_surface,340,0.009172300497690836,0.008277679421007633,0.010142106376588345
rmse,persistence,phihyd_surface,350,0.012626016202072302,0.010895662382245064,0.01424255259335041
rmse,persistence,phihyd_surface,360,0.016900581556061903,0.014311446994543075,0.019180769473314284
rmse,persistence,phihyd_surface,370,0.019475867599248887,0.01741660721600056,0.02277185507118702
rmse,persistence,phihyd_surface,380,0.024261447663108508,0.019709407538175582,0.027329936623573303
rmse,persistence,phihyd_surface,390,0.027897535264492034,0.023581895604729654,0.031319548934698106
rmse,persistence,phihyd_surface,400,0.030309210593501727,0.02748127430677414,0.03459388166666031
rmse,persistence,phihyd_surface,410,0.03214511411885421,0.027954702824354173,0.035905007272958755
rmse,persistence,phihyd_surface,420,0.03233402135471503,0.02764187306165695,0.035950297862291335
rmse,persistence,phihyd_surface,430,0.033307912200689314,0.030546346306800844,0.035950638353824615
rmse,persistence,phihyd_surface,440,0.03383823161323865,0.03021205998957157,0.0365279532968998
rmse,persistence,phihyd_surface,450,0.030779794106880823,0.027307901158928873,0.032785499840974806
rmse,persistence,phihyd_surface,460,0.02894703547159831,0.026230430975556374,0.03116188570857048
rmse,persistence,phihyd_surface,470,0.02760178173581759,0.02469240389764309,0.030172185972332954
rmse,persistence,phihyd_surface,480,0.02272682897746563,0.020048889517784118,0.02528516240417957
rmse,persistence,phihyd_surface,490,0.019417044272025428,0.016272091865539552,0.021892016753554344
rmse,persistence,phihyd_surface,500,0.017260719339052835,0.015129698440432549,0.01884107030928135
rmse,persistence,phihyd_surface,510,0.011779833336671193,0.009526276774704457,0.013660268858075142
rmse,persistence,phihyd_surface,520,0.01391870112468799,0.012113799154758454,0.015439272671937943
rmse,persistence,phihyd_surface,530,0.018156616762280465,0.015942785143852233,0.02013680264353752
rmse,persistence,phihyd_surface,540,0.020421225329240164,0.018827595934271812,0.022957587242126466
rmse,persistence,phihyd_surface,550,0.024809945747256278,0.02096293680369854,0.027190107852220535
rmse,persistence,phihyd_surface,560,0.02843542570869128,0.023658309131860733,0.03112570159137249
rmse,persistence,phihyd_surface,570,0.030779243633151054,0.027541660144925116,0.03446303009986877
rmse,persistence,phihyd_surface,580,0.03265571718414625,0.02897219583392143,0.03620849773287773
rmse,persistence,phihyd_surface,590,0.032802363485097887,0.027523193135857583,0.03677690252661705
rmse,persistence,phihyd_surface,600,0.033551944916447,0.030697905272245408,0.03678645119071007
rmse,persistence,phihyd_surface,610,0.03424744568765163,0.0310493066906929,0.03741757646203041
rmse,persistence,phihyd_surface,620,0.03135509664813677,0.027554421871900558,0.03337596729397774
rmse,persistence,phihyd_surface,630,0.02914568061629931,0.026937657967209816,0.03138257786631584
rmse,persistence,phihyd_surface,640,0.02790232685705026,0.024986476078629492,0.030949989333748817
rmse,persistence,phihyd_surface,650,0.023206911236047744,0.021199171990156175,0.025984431430697442
rmse,persistence,phihyd_surface,660,0.019351106509566306,0.01687808334827423,0.020489643141627312
rmse,persistence,phihyd_surface,670,0.01725222890575727,0.01557402554899454,0.01944032162427902
rmse,persistence,phihyd_surface,680,0.01146235807488362,0.010601694881916045,0.012516424432396889
rmse,persistence,phihyd_surface,690,0.012502745849390824,0.011320210061967373,0.013603144697844982
rmse,persistence,phihyd_surface,700,0.017156605236232282,0.014448689110577107,0.019511164724826814
rmse,persistence,phihyd_surface,710,0.019412266835570336,0.01696406714618206,0.022555357590317727
rmse,persistence,phihyd_surface,720,0.023811874662836394,0.019789475202560424,0.02680824026465416
rmse,persistence,phihyd_surface,730,0.027788942307233812,0.022916229069232942,0.0312685176730156
rmse,persistence,phihyd_surface,740,0.030279692262411118,0.027352772653102875,0.03478817045688629
rmse,persistence,phihyd_surface,750,0.03238491391142209,0.028307559341192244,0.036872217804193495
rmse,persistence,phihyd_surface,760,0.03279062112172445,0.027859998121857642,0.03653308302164078
rmse,persistence,phihyd_surface,770,0.033523587385813396,0.030944444611668585,0.0361083023250103
rmse,persistence,phihyd_surface,780,0.03455326197048028,0.0312642939388752,0.037987370043992996
rmse,persistence,phihyd_surface,790,0.03215041520694892,0.028641016408801078,0.034128396213054656
rmse,persistence,phihyd_surface,800,0.029822831973433495,0.0277636643499136,0.03217482194304466
rmse,persistence,phihyd_surface,810,0.02892669936021169,0.026167741790413857,0.03215961307287216
rmse,persistence,phihyd_surface,820,0.024883761753638586,0.023523998633027076,0.027094386145472528
rmse,persistence,phihyd_surface,830,0.02104124240577221,0.01915645822882652,0.022344033047556878
rmse,persistence,phihyd_surface,840,0.019507469485203426,0.018181844055652617,0.021229855343699457
rmse,persistence,phihyd_surface,850,0.01483286488801241,0.013707287609577179,0.01598438769578934
rmse,persistence,phihyd_surface,860,0.014957618713378907,0.013781049847602844,0.015947993099689483
rmse,persistence,phihyd_surface,870,0.019233235840996107,0.01630372926592827,0.021268192678689957
rmse,persistence,phihyd_surface,880,0.021335350597898164,0.019196679070591926,0.024101774767041208
rmse,persistence,phihyd_surface,890,0.025222550829251608,0.0218167319893837,0.027693600952625276
rmse,persistence,phihyd_surface,900,0.029157927880684536,0.02413007952272892,0.03260806500911713
rmse,persistence,phihyd_surface,910,0.031583875169356665,0.028506096079945566,0.036103449016809466
rmse,persistence,phihyd_surface,920,0.033679926147063576,0.029720456898212434,0.038388483226299286
rmse,persistence,phihyd_surface,930,0.034199609359105425,0.02950829789042473,0.03808400928974152
rmse,persistence,phihyd_surface,940,0.0347293737034003,0.03197851777076721,0.037156792730093
rmse,persistence,phihyd_surface,950,0.03583508481582006,0.032860317081212995,0.0392012894153595
rmse,persistence,phihyd_surface,960,0.0338437436769406,0.03047347590327263,0.03581198155879974
rmse,persistence,phihyd_surface,970,0.03130990937352181,0.029526497051119805,0.03358913511037827
rmse,persistence,phihyd_surface,980,0.030522485822439195,0.027942517027258872,0.03377858325839043
rmse,persistence,phihyd_surface,990,0.026986476530631385,0.02586021237075329,0.029140901193022727
rmse,persistence,phihyd_surface,1000,0.02300859900812308,0.0212261576205492,0.02482767589390278
rmse,persistence,phihyd_surface,1010,0.02168862596154213,0.020151391625404358,0.023360245302319525
rmse,persistence,phihyd_surface,1020,0.01768081064025561,0.0171160988509655,0.018340934067964554
rmse,persistence,phihyd_surface,1030,0.016994884982705117,0.01616986617445946,0.017573219910264015
rmse,persistence,phihyd_surface,1040,0.020957665145397188,0.019063057005405427,0.022584790363907814
rmse,persistence,phihyd_surface,1050,0.022972481325268745,0.021084192395210265,0.02478027381002903
rmse,persistence,phihyd_surface,1060,0.026383720462520917,0.024433116987347604,0.028462260589003564
rmse,persistence,phihyd_surface,1070,0.030296813199917474,0.026173819229006766,0.03253033384680748
rmse,persistence,phihyd_surface,1080,0.0327301266292731,0.02992173843085766,0.03573865592479706
rmse,persistence,phihyd_surface,1090,0.03486239661773046,0.03127204589545727,0.03828358948230744
rmse,persistence,phihyd_surface,1100,0.03556743400792281,0.0317968737334013,0.039331696927547455
rmse,persistence,phihyd_surface,1110,0.03596480712294579,0.033515043556690216,0.03838248401880264
rmse,persistence,phihyd_surface,1120,0.037135319660107295,0.0341089703142643,0.039860257506370546
rmse,persistence,phihyd_surface,1130,0.03558195742468039,0.03210391849279404,0.038269539922475816
rmse,persistence,phihyd_surface,1140,0.03294844689468543,0.031129085272550584,0.035710010677576065
rmse,persistence,phihyd_surface,1150,0.03229650172094504,0.029419141262769698,0.03467889279127121
rmse,persistence,phihyd_surface,1160,0.029325086747606595,0.027425892651081085,0.03185852020978928
rmse,persistence,phihyd_surface,1170,0.025359415511290232,0.0223335362970829,0.028381716459989548
rmse,persistence,phihyd_surface,1180,0.02420365735888481,0.021629226580262183,0.02570384293794632
rmse,persistence,phihyd_surface,1190,0.02083688465257486,0.01897690035402775,0.02256788909435272
rmse,persistence,phihyd_surface,1200,0.019511843596895537,0.0172846969217062,0.021360153332352638
rmse,persistence,phihyd_surface,1210,0.022966912885506948,0.020974411442875863,0.024698641523718833
rmse,persistence,phihyd_surface,1220,0.024843873580296834,0.022842638567090033,0.026731425896286964
rmse,persistence,phihyd_surface,1230,0.02760617497066657,0.025643230974674226,0.028858735412359237
rmse,persistence,phihyd_surface,1240,0.031217039624849955,0.026956301555037497,0.03401622697710991
rmse,persistence,phihyd_surface,1250,0.03349475661913554,0.030190344899892807,0.036481267958879474
rmse,persistence,phihyd_surface,1260,0.03548291996121407,0.032463391125202176,0.038763925433158875
rmse,persistence,phihyd_surface,1270,0.03622281079490979,0.031922328472137454,0.03985166549682617
rmse,persistence,phihyd_surface,1280,0.036391102025906244,0.03295055627822876,0.039516917616128924
rmse,persistence,phihyd_surface,1290,0.03749302874008815,0.0346080906689167,0.040562228113412854
rmse,persistence,phihyd_surface,1300,0.03630220418175061,0.03311789929866791,0.0390614002943039
rmse,persistence,phihyd_surface,1310,0.03343285756806533,0.03145480751991272,0.03595082312822342
rmse,persistence,phihyd_surface,1320,0.032589850823084514,0.029781357571482658,0.03559354543685913
rmse,persistence,phihyd_surface,1330,0.02989503207306067,0.027891645580530165,0.03225742280483246
rmse,persistence,phihyd_surface,1340,0.025670175378521284,0.023810719326138496,0.0273789893835783
rmse,persistence,phihyd_surface,1350,0.024315149709582328,0.02264484167098999,0.02601938582956791
rmse,persistence,phihyd_surface,1360,0.021203271547953286,0.02033059261739254,0.02229989655315876
rmse,persistence,phihyd_surface,1370,0.019202544912695886,0.01877475716173649,0.019582315534353256
rmse,persistence,phihyd_surface,1380,0.022489376117785773,0.020821575820446015,0.024073277413845063
rmse,persistence,phihyd_surface,1390,0.024583929404616355,0.022653133794665336,0.026606502011418343
rmse,persistence,phihyd_surface,1400,0.027215592687328656,0.02533154934644699,0.02960168309509754
rmse,persistence,phihyd_surface,1410,0.031093947341044745,0.0266569834202528,0.03389505669474602
rmse,persistence,phihyd_surface,1420,0.033645895992716154,0.030564599111676215,0.03676505908370018
rmse,persistence,phihyd_surface,1430,0.0357648362716039,0.03293171301484108,0.039831303805112836
rmse,persistence,phihyd_surface,1440,0.03684091418981552,0.032830819487571716,0.04065527021884918
rmse,persistence,phihyd_surface,1450,0.0370574839413166,0.0335024282336235,0.039977063238620755
rmse,persistence,phihyd_surface,1460,0.03824445257584254,0.0353177398443222,0.04120759069919586
rmse,persistence,phihyd_surface,1470,0.03765382294853528,0.03486190885305405,0.0402582012116909
rmse,persistence,phihyd_surface,1480,0.034933980802694956,0.03284262642264366,0.03736530691385269
rmse,persistence,phihyd_surface,1490,0.0341662493844827,0.031553083658218385,0.03738127425312996
rmse,persistence,phihyd_surface,1500,0.032110923528671266,0.029645298421382905,0.034032905101776124
rmse,persistence,phihyd_surface,1510,0.0281651146709919,0.027085895463824273,0.029747981205582617
rmse,persistence,phihyd_surface,1520,0.026868043715755144,0.025429175421595573,0.02878973223268986
rmse,persistence,phihyd_surface,1530,0.02449548455576102,0.023230791091918945,0.025754736363887788
rmse,persistence,phihyd_surface,1540,0.02231584439675013,0.021364734321832658,0.022994916886091232
rmse,persistence,phihyd_surface,1550,0.024981815616289774,0.023270606994628906,0.02631976790726185
rmse,persistence,phihyd_surface,1560,0.027098532890280087,0.02522239610552788,0.02920087017118931
rmse,persistence,phihyd_surface,1570,0.02928162068128586,0.02731477953493595,0.03196834772825241
rmse,persistence,phihyd_surface,1580,0.03290397773186366,0.028763041645288468,0.03551953658461571
rmse,persistence,phihyd_surface,1590,0.0354120671749115,0.03221976384520531,0.03863311111927033
rmse,persistence,phihyd_surface,1600,0.03739361936847369,0.03485353216528893,0.04133057519793511
rmse,persistence,phihyd_surface,1610,0.03857641418774923,0.03461407572031021,0.04188809171319008
rmse,persistence,phihyd_surface,1620,0.038680987308422725,0.03489893153309822,0.04138498902320862
rmse,persistence,phihyd_surface,1630,0.03969701627890269,0.036758401244878766,0.042188648134469986
rmse,persistence,phihyd_surface,1640,0.03945685451229413,0.03669230118393898,0.041643678396940234
rmse,persistence,phihyd_surface,1650,0.036755284667015074,0.03459167182445526,0.03889143243432045
rmse,persistence,phihyd_surface,1660,0.03580593690276146,0.03328031152486801,0.038167980313301084
rmse,persistence,phihyd_surface,1670,0.03415146693587303,0.03202773481607437,0.03612881526350975
rmse,persistence,phihyd_surface,1680,0.030322078118721642,0.028577010333538055,0.0320955827832222
rmse,persistence,phihyd_surface,1690,0.02885657859345277,0.027242830023169518,0.03000202439725399
rmse,persistence,phihyd_surface,1700,0.02696369377275308,0.026158251613378525,0.0279059961438179
rmse,persistence,phihyd_surface,1710,0.02458608311911424,0.023529157787561417,0.025061845034360885
rmse,persistence,phihyd_surface,1720,0.026765187457203864,0.025998124852776527,0.02760164365172386
rmse,persistence,phihyd_surface,1730,0.028983137011528014,0.027615639567375182,0.03012275882065296
rmse,persistence,phihyd_surface,1740,0.030864309147000314,0.029764655232429504,0.03243262320756912
rmse,persistence,phihyd_surface,1750,0.03430485191444556,0.031214124336838723,0.036385031044483186
rmse,persistence,phihyd_surface,1760,0.036879801253477736,0.0340864971280098,0.03917422369122505
rmse,persistence,phihyd_surface,1770,0.038825121521949765,0.036670492589473726,0.04137157574295998
rmse,persistence,phihyd_surface,1780,0.040173110117514926,0.03742381110787392,0.04296167269349098
rmse,persistence,phihyd_surface,1790,0.04028906871875127,0.03697692379355431,0.04323727488517761
rmse,persistence,phihyd_surface,1800,0.0411929560204347,0.038957276940345766,0.04339001402258873
rmse,persistence,phihyd_surface,1810,0.0413031667470932,0.0385241337120533,0.04362638145685196
rmse,persistence,phihyd_surface,1820,0.03877140233914057,0.03622537478804588,0.04139574021100998
rmse,persistence,phihyd_surface,1830,0.03772054041425387,0.03583378940820694,0.03945076018571854
rmse,persistence,phihyd_surface,1840,0.036490966627995176,0.034496673941612245,0.03862573653459549
rmse,persistence,phihyd_surface,1850,0.03290999494493008,0.030423611029982568,0.035226748883724214
rmse,persistence,phihyd_surface,1860,0.031264907618363695,0.02896486297249794,0.032427741587162016
rmse,persistence,phihyd_surface,1870,0.02977820932865143,0.028070341050624847,0.03130779415369034
rmse,persistence,phihyd_surface,1880,0.027287204066912332,0.025437621772289275,0.028844141215085984
rmse,persistence,phihyd_surface,1890,0.02880724680920442,0.027370484545826912,0.03065122663974762
rmse,persistence,phihyd_surface,1900,0.030946833019455274,0.02894211821258068,0.0322759635746479
rmse,persistence,phihyd_surface,1910,0.032394514853755635,0.030985110625624656,0.03370624110102653
rmse,persistence,phihyd_surface,1920,0.03537202775478363,0.03252433016896248,0.03738251477479935
rmse,persistence,phihyd_surface,1930,0.03780812496940295,0.03415103927254677,0.04017809182405472
rmse,persistence,phihyd_surface,1940,0.03957424983382225,0.0369275338947773,0.042310331016778946
rmse,persistence,phihyd_surface,1950,0.04093841512997945,0.03764446824789047,0.0437908448278904
rmse,persistence,phihyd_surface,1960,0.040984607736269635,0.03668266385793686,0.04429667443037033
rmse,persistence,phihyd_surface,1970,0.041677213211854296,0.03903843238949776,0.044561658054590225
rmse,persistence,phihyd_surface,1980,0.04203392490744591,0.03937948271632195,0.044943101704120636
rmse,persistence,phihyd_surface,1990,0.039624132712682086,0.03683935254812241,0.04121319428086281
rmse,persistence,phihyd_surface,2000,0.038242372870445254,0.036230454593896864,0.040171122550964354
rmse,model,sst,0,0.0,0.0,0.0
rmse,model,sst,10,0.0076545785802106065,0.006848032120615244,0.008411356247961521
rmse,model,sst,20,0.010475528053939342,0.009211248345673084,0.011342244781553745
rmse,model,sst,30,0.011918166466057301,0.0098822720348835,0.013463198021054269
rmse,model,sst,40,0.013108870138724645,0.01099875122308731,0.014782520569860935
rmse,model,sst,50,0.0138426315660278,0.011489254795014859,0.015992197766900064
rmse,model,sst,60,0.014539266439775626,0.012449302338063717,0.016518328711390494
rmse,model,sst,70,0.015232188565035661,0.012665761448442937,0.01707659550011158
rmse,model,sst,80,0.015788321072856586,0.012963377684354783,0.017713877186179162
rmse,model,sst,90,0.016322021558880805,0.013388338312506676,0.018183405324816704
rmse,model,sst,100,0.0166245823726058,0.014127206429839135,0.018746323138475417
rmse,model,sst,110,0.0168996578703324,0.014894795417785645,0.01875794157385826
rmse,model,sst,120,0.01709721746544043,0.01492814440280199,0.018661382794380187
rmse,model,sst,130,0.01752135542531808,0.015342405438423157,0.0190638467669487
rmse,model,sst,140,0.018119032432635625,0.01600456852465868,0.019406627118587493
rmse,model,sst,150,0.018563629065950712,0.016674355044960974,0.019908458366990088
rmse,model,sst,160,0.018676220253109933,0.01709514521062374,0.020198437944054605
rmse,model,sst,170,0.018955605601270995,0.017888377979397775,0.020401058346033098
rmse,model,sst,180,0.019238867486516636,0.017910347133874894,0.020588572323322295
rmse,model,sst,190,0.019702063873410225,0.018488602712750435,0.020749539881944657
rmse,model,sst,200,0.020077757289012274,0.01901828423142433,0.02120855338871479
rmse,model,sst,210,0.020545422037442525,0.019264374300837515,0.02181829921901226
rmse,model,sst,220,0.020693638175725938,0.019177005067467688,0.022327939048409462
rmse,model,sst,230,0.021016047274072965,0.019121454283595084,0.022735611349344254
rmse,model,sst,240,0.02155300776163737,0.01972889304161072,0.02344970665872097
rmse,model,sst,250,0.022143800308307014,0.02092041037976742,0.024030873179435728
rmse,model,sst,260,0.022490613907575608,0.02150428108870983,0.024559994414448737
rmse,model,sst,270,0.022727406645814578,0.02155795693397522,0.02471555098891258
rmse,model,sst,280,0.022916885341207185,0.021784162521362303,0.024909638985991477
rmse,model,sst,290,0.023223098864157996,0.022372083738446236,0.024980219081044197
rmse,model,sst,300,0.02367397372921308,0.02278737649321556,0.02531684711575508
rmse,model,sst,310,0.024301769336064656,0.023114172369241716,0.0262222733348608
rmse,model,sst,320,0.024696660662690797,0.023345838114619256,0.027032428979873655
rmse,model,sst,330,0.024983051667610803,0.02332726791501045,0.02769894152879715
rmse,model,sst,340,0.025387332836786906,0.023594662174582483,0.02842755205929279
rmse,model,sst,350,0.025856675331791243,0.02402024082839489,0.0294045764952898
rmse,model,sst,360,0.02641301105419795,0.024614162743091583,0.03002949059009552
rmse,model,sst,370,0.026871345564723016,0.02488875314593315,0.030306167155504226
rmse,model,sst,380,0.027237713212768237,0.025302236154675483,0.03088202252984047
rmse,model,sst,390,0.027527154237031937,0.02551365941762924,0.0314193844795227
rmse,model,sst,400,0.02790746887524923,0.025835056975483894,0.031698417663574216
rmse,model,sst,410,0.028443391372760137,0.025948847457766534,0.032036831974983214
rmse,model,sst,420,0.029121248051524162,0.02644319273531437,0.032359834760427475
rmse,model,sst,430,0.029681556299328803,0.026741804927587508,0.03301782011985779
rmse,model,sst,440,0.03014095425605774,0.027157340571284293,0.03379264324903488
rmse,model,sst,450,0.03062803881863753,0.027673375606536866,0.03416633978486061
rmse,model,sst,460,0.031218867376446725,0.02827514410018921,0.03469308242201805
rmse,model,sst,470,0.03185554804901282,0.02859119474887848,0.0355889156460762
rmse,model,sst,480,0.03265433274209499,0.02902895547449589,0.03696361035108566
rmse,model,sst,490,0.033420586089293165,0.029350711032748222,0.038399302214384076
rmse,model,sst,500,0.03397144476572673,0.0295917272567749,0.039056938141584396
rmse,model,sst,510,0.034684731438755986,0.03037860207259655,0.0397969476878643
rmse,model,sst,520,0.03544989712536335,0.0311379823833704,0.04080666825175285
rmse,model,sst,530,0.036014809583624206,0.03111145757138729,0.04090032130479813
rmse,model,sst,540,0.03658819446961085,0.031097736582159995,0.04126201570034027
rmse,model,sst,550,0.0373251847922802,0.032022152096033096,0.04152911230921745
rmse,model,sst,560,0.037996865312258404,0.03263447657227516,0.042592115700244904
rmse,model,sst,570,0.03836620251337687,0.03273372128605843,0.042744603008031845
rmse,model,sst,580,0.03898348063230515,0.03318469002842903,0.042517316341400144
rmse,model,sst,590,0.03992047856251399,0.03409092649817467,0.04327130988240242
rmse,model,sst,600,0.04084374556938807,0.03468148037791252,0.04400147646665573
rmse,model,sst,610,0.04152591948707898,0.034290742874145505,0.045019225031137464
rmse,model,sst,620,0.04225764522949855,0.035091007500886916,0.04590521603822708
rmse,model,sst,630,0.04303340216477712,0.036217601597309114,0.04676913246512413
rmse,model,sst,640,0.043638184666633606,0.03645825088024139,0.04732527583837509
rmse,model,sst,650,0.04441230992476145,0.03743452429771423,0.04828177839517593
rmse,model,sst,660,0.04490121727188428,0.037571830302476884,0.04875106811523437
rmse,model,sst,670,0.045127269625663755,0.03733198866248131,0.048987098038196564
rmse,model,sst,680,0.04567533681790034,0.0384154736995697,0.04940485060214996
rmse,model,sst,690,0.04637791266043981,0.039433129131793976,0.05030455216765404
rmse,model,sst,700,0.04679479002952576,0.03899341002106667,0.0507075734436512
rmse,model,sst,710,0.04741624593734741,0.03858797773718834,0.05127274468541145
rmse,model,sst,720,0.04832771966854731,0.040533052384853364,0.0520088404417038
rmse,model,sst,730,0.04892918840050697,0.04069019854068756,0.0522249199450016
rmse,model,sst,740,0.04897035136818886,0.04019925892353058,0.05323934778571129
rmse,model,sst,750,0.0495884378751119,0.04111480489373207,0.05447118505835533
rmse,model,sst,760,0.05064995115001996,0.04225379377603531,0.05592304468154907
rmse,model,sst,770,0.05144219100475311,0.04199684336781502,0.056898103654384614
rmse,model,sst,780,0.051612923045953114,0.042371492832899094,0.05702561065554619
rmse,model,sst,790,0.052036167681217195,0.043184106796979906,0.057598926872015
rmse,model,sst,800,0.05253780434528987,0.043835698068141936,0.057595056295394895
rmse,model,sst,810,0.05297227650880813,0.044678932428359984,0.05781807377934456
rmse,model,sst,820,0.053605013092358905,0.0459711454808712,0.05801866948604584
rmse,model,sst,830,0.05401221811771393,0.04625772461295128,0.05846390724182129
rmse,model,sst,840,0.05386620362599691,0.04558525681495666,0.05962235182523727
rmse,model,sst,850,0.05411217163006465,0.04729619547724724,0.058547476679086684
rmse,model,sst,860,0.05508243466416995,0.04881880581378937,0.05971826314926147
rmse,model,sst,870,0.05534139747420947,0.04826753810048103,0.05976145416498184
rmse,model,sst,880,0.05576003268361092,0.048199549317359924,0.06071217432618141
rmse,model,sst,890,0.056538716952006025,0.04969414323568344,0.06179891750216484
rmse,model,sst,900,0.057219970722993216,0.05112441331148147,0.06292669177055359
rmse,model,sst,910,0.05708979964256287,0.049909867346286774,0.0620957113802433
rmse,model,sst,920,0.05788590833544731,0.05087118521332741,0.06335498243570328
rmse,model,sst,930,0.05911677380402883,0.05285348892211914,0.06630671471357345
rmse,model,sst,940,0.05978491504987081,0.05183149427175522,0.06734049767255783
rmse,model,sst,950,0.05957394738992055,0.05131389573216438,0.06600620597600937
rmse,model,sst,960,0.06016211484869321,0.05349999815225601,0.06534711867570878
rmse,model,sst,970,0.060709779461224876,0.05388636887073517,0.06511089652776718
rmse,model,sst,980,0.060831279555956526,0.054242100566625595,0.0663680002093315
rmse,model,sst,990,0.06099266310532888,0.055677109956741334,0.06628032773733139
rmse,model,sst,1000,0.06137071996927261,0.056285233795642854,0.0655730351805687
rmse,model,sst,1010,0.061424265553553896,0.05573304072022438,0.06616772562265397
rmse,model,sst,1020,0.0617490974565347,0.05662968382239342,0.06790777444839477
rmse,model,sst,1030,0.06284433926145236,0.05837913304567337,0.07039659321308137
rmse,model,sst,1040,0.062619049847126,0.057982777059078214,0.06799259781837463
rmse,model,sst,1050,0.0626923382282257,0.05713398829102516,0.06820686161518097
rmse,model,sst,1060,0.06327660878499348,0.0582112617790699,0.07072625607252121
rmse,model,sst,1070,0.0639490341146787,0.06007934808731079,0.07337236553430557
rmse,model,sst,1080,0.06338286946217218,0.05828162655234337,0.0704362615942955
rmse,model,sst,1090,0.06377729897697766,0.05891778171062469,0.07003685534000396
rmse,model,sst,1100,0.06467912892500559,0.0606169193983078,0.07115276902914047
rmse,model,sst,1110,0.06548132474223772,0.05967112705111503,0.07326808720827102
rmse,model,sst,1120,0.06535235717892647,0.058333801478147505,0.07260333448648452
rmse,model,sst,1130,0.06607018858194351,0.06102454662322998,0.07134247720241546
rmse,model,sst,1140,0.06655601089199384,0.06165230050683022,0.07026636153459549
rmse,model,sst,1150,0.0665668157239755,0.061377746611833574,0.07030810117721557
rmse,model,sst,1160,0.06664365405837695,0.06286205649375916,0.07201634049415588
rmse,model,sst,1170,0.06712587873140971,0.06363137811422348,0.07308552712202072
rmse,model,sst,1180,0.06694506456454595,0.06324346363544464,0.07112173289060593
rmse,model,sst,1190,0.0667036602894465,0.06319305747747421,0.0706358015537262
rmse,model,sst,1200,0.06773909529050191,0.06419406086206436,0.07358409464359283
rmse,model,sst,1210,0.0679759035507838,0.06502705067396164,0.07355262339115143
rmse,model,sst,1220,0.06791303704182307,0.06457185298204422,0.0724773183465004
rmse,model,sst,1230,0.06837463304400444,0.06387149393558503,0.0737461656332016
rmse,model,sst,1240,0.0691536970436573,0.0645277202129364,0.07747315466403962
rmse,model,sst,1250,0.0690138263007005,0.06529375314712524,0.07701285034418107
rmse,model,sst,1260,0.06911704738934835,0.06449777781963348,0.07582081407308579
rmse,model,sst,1270,0.06959018955628077,0.06453108042478561,0.07606651484966279
rmse,model,sst,1280,0.07012087305386862,0.06545552164316178,0.07809613049030303
rmse,model,sst,1290,0.0699855275452137,0.06583201736211777,0.07699869275093078
rmse,model,sst,1300,0.07039208461840947,0.06538755297660828,0.07529061883687974
rmse,model,sst,1310,0.0706551045179367,0.0658831238746643,0.07377848923206329
rmse,model,sst,1320,0.07025567839543025,0.06684452146291733,0.07355076521635055
rmse,model,sst,1330,0.06998372773329417,0.06644875407218934,0.07255696058273316
rmse,model,sst,1340,0.07065940350294113,0.06571184545755386,0.07457753717899322
rmse,model,sst,1350,0.0707382137576739,0.06730758100748062,0.07427624762058258
rmse,model,sst,1360,0.07019667625427246,0.06749868094921112,0.0743072047829628
rmse,model,sst,1370,0.07056450247764587,0.06712353825569153,0.07569702714681625
rmse,model,sst,1380,0.07114181419213612,0.06687265485525132,0.07554787695407868
rmse,model,sst,1390,0.07090465972820918,0.06765709966421127,0.07544669508934021
rmse,model,sst,1400,0.07122134019931158,0.06664388179779053,0.0769867554306984
rmse,model,sst,1410,0.07154455582300821,0.06748919039964676,0.07703828811645508
rmse,model,sst,1420,0.07129033207893372,0.06688421219587326,0.07634468525648117
rmse,model,sst,1430,0.0708404337366422,0.06659984737634658,0.07632330060005188
rmse,model,sst,1440,0.0711173896988233,0.0661177709698677,0.0753316417336464
rmse,model,sst,1450,0.07142971853415171,0.06617363393306733,0.07513082176446914
rmse,model,sst,1460,0.07132667700449626,0.06644267141819,0.0744164988398552
rmse,model,sst,1470,0.07132873137791952,0.06586237400770187,0.07566975802183151
rmse,model,sst,1480,0.07162363727887472,0.06790166795253753,0.07606030255556107
rmse,model,sst,1490,0.07132288316885631,0.06755303293466568,0.07631534487009048
rmse,model,sst,1500,0.07115145176649093,0.06696082204580307,0.07595183700323105
rmse,model,sst,1510,0.07157988548278808,0.0668612465262413,0.07555826902389526
rmse,model,sst,1520,0.07191583663225173,0.06609289497137069,0.07624348551034928
rmse,model,sst,1530,0.07153459837039312,0.06649352163076401,0.07559799998998643
rmse,model,sst,1540,0.07155572126309077,0.0669702336192131,0.07609868049621582
rmse,model,sst,1550,0.0720849648118019,0.06753891259431839,0.07686767876148223
rmse,model,sst,1560,0.07170906960964203,0.06739516109228134,0.07557907700538635
rmse,model,sst,1570,0.07195779929558437,0.0675898551940918,0.07568885982036591
rmse,model,sst,1580,0.07202364454666774,0.06747171878814698,0.07610902935266495
rmse,model,sst,1590,0.07163514544566472,0.06680676490068435,0.0759090930223465
rmse,model,sst,1600,0.07093852907419204,0.06566658169031143,0.07569817453622818
rmse,model,sst,1610,0.07127078498403232,0.06514336317777633,0.07730916440486908
rmse,model,sst,1620,0.07155213256676991,0.06538714021444321,0.07643608003854752
rmse,model,sst,1630,0.07154348095258077,0.06583638787269593,0.07482906430959702
rmse,model,sst,1640,0.07155246411760648,0.06623052060604095,0.07595594674348831
rmse,model,sst,1650,0.0720590442419052,0.06816613376140594,0.07647078782320023
rmse,model,sst,1660,0.07186382015546162,0.06739929169416428,0.07603459358215332
rmse,model,sst,1670,0.07143774330615997,0.06639203280210496,0.07603034824132919
rmse,model,sst,1680,0.07160995503266653,0.06671173721551896,0.07563517838716508
rmse,model,sst,1690,0.07189996689558029,0.06635604351758957,0.07519505172967911
rmse,model,sst,1700,0.07146135618289312,0.06621398627758027,0.07541924715042114
rmse,model,sst,1710,0.07132497479518254,0.0658487319946289,0.07580386847257614
rmse,model,sst,1720,0.0716553047299385,0.06612585783004761,0.07606074661016464
rmse,model,sst,1730,0.07130488852659861,0.06508010327816009,0.0754946619272232
rmse,model,sst,1740,0.07155008713404337,0.0655381828546524,0.07558821141719818
rmse,model,sst,1750,0.07203580141067505,0.06603580564260483,0.0761733666062355
rmse,model,sst,1760,0.07185047045350075,0.06572349071502685,0.07697291821241378
rmse,model,sst,1770,0.07108532339334488,0.0644673079252243,0.07682006657123566
rmse,model,sst,1780,0.0715926468372345,0.06498238444328308,0.07709518522024154
rmse,model,sst,1790,0.07206041216850281,0.06532615348696709,0.07637757360935211
rmse,model,sst,1800,0.07228876650333405,0.06551929339766502,0.07649104744195938
rmse,model,sst,1810,0.07263554881016414,0.06726976633071899,0.07755209505558014
rmse,model,sst,1820,0.07350133806467056,0.06908325850963593,0.07815204262733459
rmse,model,sst,1830,0.07355281462272008,0.06819975227117539,0.07830279767513275
rmse,model,sst,1840,0.07331876953442891,0.06738997548818589,0.07815165668725968
rmse,model,sst,1850,0.07382557839155197,0.06888243556022644,0.07769883424043655
rmse,model,sst,1860,0.07422339568535487,0.06898515969514847,0.07801138162612915
rmse,model,sst,1870,0.07378309865792593,0.06827563941478729,0.07704298347234725
rmse,model,sst,1880,0.07372166961431503,0.06893515586853027,0.07619079500436783
rmse,model,sst,1890,0.07403608212868372,0.06984486281871796,0.07721244990825653
rmse,model,sst,1900,0.07352182020743687,0.06881738305091858,0.07775834053754807
rmse,model,sst,1910,0.07356366763512294,0.06838009059429169,0.07801160514354706
rmse,model,sst,1920,0.0741298978527387,0.06905450969934464,0.07815676778554917
rmse,model,sst,1930,0.07387939145167668,0.06868523508310317,0.07898975163698196
rmse,model,sst,1940,0.07297645956277847,0.0680425301194191,0.07835742980241775
rmse,model,sst,1950,0.07318505346775055,0.06765598952770233,0.07824609875679016
rmse,model,sst,1960,0.07317450096209845,0.06815432906150817,0.07789484709501267
rmse,model,sst,1970,0.07271212190389634,0.0677097350358963,0.0767329528927803
rmse,model,sst,1980,0.07261496980985006,0.06898154169321061,0.07763692736625671
rmse,model,sst,1990,0.07353522727886835,0.06904111504554748,0.07832216322422028
rmse,model,sst,2000,0.0732793723543485,0.06991675794124604,0.07658116072416306
rmse,climatology,sst,0,0.03851603989799817,0.036900915950536725,0.03973420113325119
rmse,climatology,sst,10,0.03781576032439868,0.035535778850317,0.04006939306855202
rmse,climatology,sst,20,0.03781564633051555,0.03527504801750183,0.03965738043189049
rmse,climatology,sst,30,0.03884542236725489,0.03711217045783997,0.04016238525509834
rmse,climatology,sst,40,0.03886417100826899,0.036503059417009355,0.04012349918484688
rmse,climatology,sst,50,0.03842119152347247,0.03684120923280716,0.040487205237150194
rmse,climatology,sst,60,0.038532724728186925,0.03676047548651695,0.03974761813879013
rmse,climatology,sst,70,0.03861062526702881,0.03658171072602272,0.03990474119782448
rmse,climatology,sst,80,0.03843752220273018,0.03549491465091705,0.040605226159095766
rmse,climatology,sst,90,0.038854054858287176,0.036740957945585254,0.04068373143672943
rmse,climatology,sst,100,0.03913060203194618,0.03746839314699173,0.04064115881919861
rmse,climatology,sst,110,0.038527952631314595,0.036318307369947435,0.04059659689664841
rmse,climatology,sst,120,0.038027372459570566,0.03586315289139748,0.0394700713455677
rmse,climatology,sst,130,0.038665489355723066,0.03592869713902473,0.041383955627679825
rmse,climatology,sst,140,0.039239687472581865,0.036676251143217084,0.04050481840968132
rmse,climatology,sst,150,0.038672966261704765,0.03681488856673241,0.04060835912823677
rmse,climatology,sst,160,0.038775215049584706,0.03723837658762932,0.040503659099340436
rmse,climatology,sst,170,0.039168488482634226,0.03759124279022217,0.04178773984313011
rmse,climatology,sst,180,0.03855066696802775,0.036078120768070224,0.04145420491695404
rmse,climatology,sst,190,0.038436446835597354,0.03508598729968071,0.04066128954291344
rmse,climatology,sst,200,0.0394647940993309,0.036680477857589724,0.041797037422657016
rmse,climatology,sst,210,0.03957072248061498,0.03776433765888214,0.041832901537418365
rmse,climatology,sst,220,0.03909092421332995,0.036948248744010925,0.04226228818297386
rmse,climatology,sst,230,0.0390734667579333,0.0364606112241745,0.04218714982271195
rmse,climatology,sst,240,0.03917079468568166,0.03684882670640945,0.04135345071554184
rmse,climatology,sst,250,0.03887764786680539,0.03601968958973885,0.04050496593117714
rmse,climatology,sst,260,0.03917609577377637,0.03798637166619301,0.040682753175497056
rmse,climatology,sst,270,0.039376326153675714,0.038016805052757265,0.04026465639472008
rmse,climatology,sst,280,0.038794286797444025,0.03677078634500504,0.04094310775399208
rmse,climatology,sst,290,0.038082990298668545,0.03610694259405136,0.03996110782027244
rmse,climatology,sst,300,0.03855792060494423,0.036393004655838015,0.04027100950479508
rmse,climatology,sst,310,0.03909511292974154,0.03693906888365746,0.04035145044326782
rmse,climatology,sst,320,0.0385559377570947,0.035903166979551315,0.04054376631975174
rmse,climatology,sst,330,0.038458637644847235,0.036419297009706496,0.040279462933540344
rmse,climatology,sst,340,0.03889277602235476,0.03813767284154892,0.04028479382395744
rmse,climatology,sst,350,0.03829583351810773,0.03620692789554596,0.04042485803365707
rmse,climatology,sst,360,0.03801253587007523,0.0353331096470356,0.04003552868962288
rmse,climatology,sst,370,0.03899626980225245,0.03700552806258202,0.04077000319957733
rmse,climatology,sst,380,0.03922013441721598,0.03726558610796928,0.04051142260432243
rmse,climatology,sst,390,0.03877046083410581,0.036696947365999225,0.040697024762630464
rmse,climatology,sst,400,0.038720737646023434,0.03687774837017059,0.040412505716085435
rmse,climatology,sst,410,0.03890338738759359,0.037442931532859804,0.03990479111671448
rmse,climatology,sst,420,0.03862849101424217,0.03570310994982719,0.04073374420404434
rmse,climatology,sst,430,0.03898104305068652,0.03696275129914284,0.04086991548538208
rmse,climatology,sst,440,0.03930189808209737,0.03799036368727684,0.04072136431932449
rmse,climatology,sst,450,0.03894876663883527,0.03640907928347588,0.040656764060258865
rmse,climatology,sst,460,0.03825824384888013,0.036514648050069806,0.04025536999106407
rmse,climatology,sst,470,0.03877248962720235,0.03703045547008514,0.04073928892612457
rmse,climatology,sst,480,0.039432907849550246,0.03718254044651985,0.04120938256382942
rmse,climatology,sst,490,0.03910219445824623,0.03598805442452431,0.042047418653964996
rmse,climatology,sst,500,0.03896090015769005,0.03619916662573815,0.04198901355266571
rmse,climatology,sst,510,0.03955008710424105,0.03837437406182289,0.04066052809357643
rmse,climatology,sst,520,0.03911329160133998,0.03742280900478363,0.04084525927901268
rmse,climatology,sst,530,0.03873288556933403,0.03587512746453285,0.0410590834915638
rmse,climatology,sst,540,0.03964851722121239,0.037656379491090776,0.04230037331581116
rmse,climatology,sst,550,0.04000753164291382,0.03751448392868042,0.04169944748282432
rmse,climatology,sst,560,0.03959584832191467,0.037057044357061385,0.041694610565900805
rmse,climatology,sst,570,0.03949484924475352,0.03886979669332504,0.04084833189845085
rmse,climatology,sst,580,0.039695824434359865,0.03862956464290619,0.0410238653421402
rmse,climatology,sst,590,0.039367585877577466,0.035953227430582047,0.04187123104929924
rmse,climatology,sst,600,0.03965748250484467,0.03702503591775894,0.04253181517124176
rmse,climatology,sst,610,0.040002467731634773,0.03811360076069832,0.041948482394218445
rmse,climatology,sst,620,0.039779138813416166,0.03736575990915299,0.04117407277226448
rmse,climatology,sst,630,0.038968556374311444,0.03725899308919907,0.04073019623756409
rmse,climatology,sst,640,0.03930319423476855,0.037986265122890474,0.040718131512403485
rmse,climatology,sst,650,0.039859251429637275,0.03878151848912239,0.04194410517811775
rmse,climatology,sst,660,0.03952638184030851,0.03651728853583336,0.04156668484210968
rmse,climatology,sst,670,0.03908563256263733,0.036287394165992734,0.04117891639471054
rmse,climatology,sst,680,0.03952408457795779,0.038457346707582475,0.04099954441189766
rmse,climatology,sst,690,0.03906241456667582,0.037071704119443896,0.04066969230771065
rmse,climatology,sst,700,0.038516459862391154,0.035813777893781665,0.040613953769207
rmse,climatology,sst,710,0.039304149647553764,0.03764658346772194,0.04110327363014221
rmse,climatology,sst,720,0.03976966341336568,0.0380713015794754,0.04075989574193954
rmse,climatology,sst,730,0.03935083349545797,0.03777039721608162,0.04104299247264862
rmse,climatology,sst,740,0.03916231741507848,0.03754429146647453,0.041119348257780075
rmse,climatology,sst,750,0.03940478637814522,0.038147857040166856,0.040616422146558764
rmse,climatology,sst,760,0.039120070884625116,0.03617736771702766,0.04096054136753082
rmse,climatology,sst,770,0.03937878708044688,0.03711293861269951,0.041416078060865405
rmse,climatology,sst,780,0.039727876583735146,0.03837566822767258,0.04114457592368126
rmse,climatology,sst,790,0.039627980440855026,0.03752958625555038,0.04143806397914886
rmse,climatology,sst,800,0.038782234241565065,0.0370381660759449,0.041337674111127855
rmse,climatology,sst,810,0.03910851130882899,0.037473367899656294,0.04040670916438103
rmse,climatology,sst,820,0.039829529573520026,0.03779711872339249,0.041122731566429135
rmse,climatology,sst,830,0.03980964124202728,0.03829002156853676,0.04140245988965034
rmse,climatology,sst,840,0.03939596985777219,0.03832131624221802,0.04104635044932366
rmse,climatology,sst,850,0.03995481679836909,0.03853539302945137,0.04127385467290878
rmse,climatology,sst,860,0.039733297377824786,0.03720280304551125,0.04287215024232864
rmse,climatology,sst,870,0.03923556183775266,0.035869503021240236,0.04250720888376236
rmse,climatology,sst,880,0.03998217657208443,0.03746035695075989,0.04215587601065636
rmse,climatology,sst,890,0.04059510280688604,0.039760810881853105,0.04271698072552681
rmse,climatology,sst,900,0.04019556219379107,0.03850667327642441,0.04337859600782394
rmse,climatology,sst,910,0.03989854628841082,0.037561652809381486,0.043544397503137586
rmse,climatology,sst,920,0.04013536920150121,0.038505513966083524,0.04249098300933838
rmse,climatology,sst,930,0.03985231344898542,0.03707718476653099,0.041866686940193173
rmse,climatology,sst,940,0.03996626064181328,0.03792163133621216,0.041613074392080306
rmse,climatology,sst,950,0.040232813855012255,0.038425957411527635,0.04149194285273552
rmse,climatology,sst,960,0.040158663193384805,0.03854202926158905,0.042226304113864896
rmse,climatology,sst,970,0.03918878982464472,0.03715727999806404,0.04082603827118873
rmse,climatology,sst,980,0.03928936496376991,0.0376300074160099,0.041085734218358996
rmse,climatology,sst,990,0.03987719764312108,0.03781002908945084,0.04115330651402473
rmse,climatology,sst,1000,0.039874761303265886,0.037740858644247054,0.041589502990245816
rmse,climatology,sst,1010,0.0392499104142189,0.037231330573558805,0.041301003843545916
rmse,climatology,sst,1020,0.039717013388872145,0.03854494467377663,0.040980149805545804
rmse,climatology,sst,1030,0.03954687714576721,0.037759315222501755,0.04097777083516121
rmse,climatology,sst,1040,0.03890643840034803,0.036052112281322476,0.04103891253471374
rmse,climatology,sst,1050,0.039469156165917715,0.03751822337508202,0.041433630883693694
rmse,climatology,sst,1060,0.04021712616086006,0.03883202746510506,0.04164064526557922
rmse,climatology,sst,1070,0.03993442033727964,0.03814382255077362,0.041690414398908617
rmse,climatology,sst,1080,0.03965704441070557,0.03799668326973915,0.0417534850537777
rmse,climatology,sst,1090,0.0400091474254926,0.03840900659561157,0.04128861352801323
rmse,climatology,sst,1100,0.03988728548089663,0.0380250409245491,0.04136604815721512
rmse,climatology,sst,1110,0.04004949604471524,0.03832425624132156,0.041781171411275866
rmse,climatology,sst,1120,0.04051530063152313,0.038191231340169905,0.04256749004125595
rmse,climatology,sst,1130,0.04074862226843834,0.03845600560307503,0.042804069072008136
rmse,climatology,sst,1140,0.039990871647993725,0.037374015897512436,0.042447373270988464
rmse,climatology,sst,1150,0.040127280602852505,0.03800106793642044,0.04307130351662636
rmse,climatology,sst,1160,0.040812643120686214,0.038356625288724897,0.04348862320184708
rmse,climatology,sst,1170,0.04098827491203944,0.03794790208339691,0.044494444876909255
rmse,climatology,sst,1180,0.04037984137733777,0.037032654881477355,0.04429437294602394
rmse,climatology,sst,1190,0.04089593191941579,0.038904211670160296,0.04311558529734612
rmse,climatology,sst,1200,0.04090653533736865,0.039687664806842805,0.04303414896130562
rmse,climatology,sst,1210,0.04022831122080485,0.03795699179172516,0.04303555563092232
rmse,climatology,sst,1220,0.0406055711209774,0.0386480376124382,0.04354520067572594
rmse,climatology,sst,1230,0.04142464299996694,0.03902117013931274,0.04387813061475754
rmse,climatology,sst,1240,0.04124600440263748,0.03895829021930695,0.043735826015472413
rmse,climatology,sst,1250,0.04090488776564598,0.0388765349984169,0.04278057962656021
rmse,climatology,sst,1260,0.04113015905022621,0.03962922841310501,0.043442442268133166
rmse,climatology,sst,1270,0.040894715487957,0.03801743164658546,0.044094021618366244
rmse,climatology,sst,1280,0.04074158991376559,0.03764265552163124,0.04467112049460411
rmse,climatology,sst,1290,0.04101137245694796,0.03830147460103035,0.0442747101187706
rmse,climatology,sst,1300,0.041083073864380516,0.03894828259944916,0.04331532046198845
rmse,climatology,sst,1310,0.040142641464869185,0.038007428497076036,0.04188031703233719
rmse,climatology,sst,1320,0.039929024130105975,0.0386287622153759,0.041480475664138795
rmse,climatology,sst,1330,0.040433295319477716,0.03881743773818016,0.04181225821375847
rmse,climatology,sst,1340,0.04057931676506996,0.03826235830783844,0.04248681142926216
rmse,climatology,sst,1350,0.03980102116862933,0.03716800212860107,0.042031672596931455
rmse,climatology,sst,1360,0.04014320249358813,0.03893999233841896,0.04183062613010406
rmse,climatology,sst,1370,0.04018904318412145,0.038323008269071576,0.04137372896075249
rmse,climatology,sst,1380,0.0394639161725839,0.0370161235332489,0.04157543033361435
rmse,climatology,sst,1390,0.03968385681509971,0.03748329654335976,0.041292347759008405
rmse,climatology,sst,1400,0.04057432810465495,0.039379685372114184,0.04187999814748764
rmse,climatology,sst,1410,0.04046142647663752,0.03829950541257858,0.04179715439677238
rmse,climatology,sst,1420,0.0400787723561128,0.038386411219835284,0.04202195554971695
rmse,climatology,sst,1430,0.04032147005200386,0.03893178701400757,0.04163531512022019
rmse,climatology,sst,1440,0.04028454174598058,0.03841204047203064,0.04154019057750702
rmse,climatology,sst,1450,0.04020405088861783,0.03769596815109253,0.04220611453056335
rmse,climatology,sst,1460,0.040654470771551134,0.03888170048594475,0.04225556030869484
rmse,climatology,sst,1470,0.040912848462661106,0.03920854777097702,0.04254038855433464
rmse,climatology,sst,1480,0.040197692314783734,0.03783303052186966,0.04247070848941803
rmse,climatology,sst,1490,0.03997199237346649,0.0379866786301136,0.04120429083704948
rmse,climatology,sst,1500,0.04065163681904475,0.03800183087587357,0.0432118259370327
rmse,climatology,sst,1510,0.0410922721028328,0.038963576406240465,0.042476384341716765
rmse,climatology,sst,1520,0.04049774681528409,0.03893643990159035,0.042148028314113614
rmse,climatology,sst,1530,0.040846307575702664,0.03912407010793686,0.042745080590248105
rmse,climatology,sst,1540,0.04111018230517705,0.03915370181202889,0.0440746046602726
rmse,climatology,sst,1550,0.040494545549154284,0.03769119381904602,0.04389810562133789
rmse,climatology,sst,1560,0.040568289409081144,0.037044412642717364,0.043129979819059375
rmse,climatology,sst,1570,0.041483786702156064,0.039007415622472764,0.043990501761436464
rmse,climatology,sst,1580,0.04140189290046692,0.03973371610045433,0.04432077184319496
rmse,climatology,sst,1590,0.04090306237339973,0.03864916041493416,0.04463358521461487
rmse,climatology,sst,1600,0.04095824509859085,0.03846440985798836,0.04391901046037674
rmse,climatology,sst,1610,0.04088143482804298,0.038754602521657945,0.04301354736089706
rmse,climatology,sst,1620,0.04057071730494499,0.03840754330158234,0.04208210557699203
rmse,climatology,sst,1630,0.04086758693059286,0.03950523287057876,0.04230224788188934
rmse,climatology,sst,1640,0.041041891525189084,0.03978301510214806,0.04245786219835281
rmse,climatology,sst,1650,0.04033667047818502,0.038541074842214584,0.041922514140605924
rmse,climatology,sst,1660,0.039856387923161186,0.03810471147298813,0.04149398133158684
rmse,climatology,sst,1670,0.04039597784479459,0.038034217059612276,0.04188908562064171
rmse,climatology,sst,1680,0.04079273591438929,0.03872290253639221,0.042056252062320706
rmse,climatology,sst,1690,0.040143640836079915,0.037588247656822206,0.04208428636193275
rmse,climatology,sst,1700,0.04030028134584427,0.038772077113389966,0.041965342313051227
rmse,climatology,sst,1710,0.040589771668116253,0.03948519602417946,0.04189821407198906
rmse,climatology,sst,1720,0.0399562897781531,0.03782509565353394,0.042029937356710435
rmse,climatology,sst,1730,0.03985433951020241,0.037125363945961,0.0417638398706913
rmse,climatology,sst,1740,0.04082364862163861,0.03884899690747261,0.042603612691164014
rmse,climatology,sst,1750,0.04090796013673147,0.03891950771212578,0.04225585535168648
rmse,climatology,sst,1760,0.04054271926482519,0.0389139786362648,0.04238495677709579
rmse,climatology,sst,1770,0.040683913975954056,0.039012500643730165,0.042327750474214554
rmse,climatology,sst,1780,0.0408514770368735,0.03972087949514389,0.04165942743420601
rmse,climatology,sst,1790,0.04065427506963412,0.038561060279607776,0.042433063685894015
rmse,climatology,sst,1800,0.041114887098471324,0.03906605094671249,0.04269450381398201
rmse,climatology,sst,1810,0.041512616475423175,0.040009531378746035,0.043528773635625836
rmse,climatology,sst,1820,0.04111150652170181,0.038327538222074506,0.0432419590651989
rmse,climatology,sst,1830,0.0406346728404363,0.03864151164889336,0.04295035004615784
rmse,climatology,sst,1840,0.041207682838042575,0.039463037997484206,0.043513334542512896
rmse,climatology,sst,1850,0.04171258782347043,0.039425358176231384,0.044175713509321216
rmse,climatology,sst,1860,0.041203928242127104,0.03768225088715553,0.04439535662531853
rmse,climatology,sst,1870,0.04123796795805295,0.03844296932220459,0.04400660917162895
rmse,climatology,sst,1880,0.04165106589595477,0.04003531038761139,0.0430902287364006
rmse,climatology,sst,1890,0.041078847646713254,0.03970099091529846,0.04290786385536194
rmse,climatology,sst,1900,0.04081750636299451,0.038826160877943036,0.0434499479830265
rmse,climatology,sst,1910,0.04173401395479838,0.04003656879067421,0.044129859656095505
rmse,climatology,sst,1920,0.041928801437218985,0.03932853266596794,0.04427476674318313
rmse,climatology,sst,1930,0.04155346105496089,0.038845423609018326,0.043249227851629254
rmse,climatology,sst,1940,0.04154327735304832,0.040056458115577696,0.043148572742939
rmse,climatology,sst,1950,0.0416392741103967,0.03993682861328125,0.04393850937485695
rmse,climatology,sst,1960,0.04123890002568563,0.03767600953578949,0.044309594482183454
rmse,climatology,sst,1970,0.04146891236305237,0.03912145420908928,0.04472135603427887
rmse,climatology,sst,1980,0.041674202183882396,0.04003878384828567,0.044054288417100906
rmse,climatology,sst,1990,0.041215269515911736,0.038962170481681824,0.042664535343647
rmse,climatology,sst,2000,0.04045771807432175,0.03911134675145149,0.04228607416152954
rmse,persistence,sst,0,0.0,0.0,0.0
rmse,persistence,sst,10,0.02277104581395785,0.02005648724734783,0.0260111790150404
rmse,persistence,sst,20,0.03690005987882614,0.032902874797582624,0.042597992718219756
rmse,persistence,sst,30,0.046992530673742296,0.04306855425238609,0.05079416483640671
rmse,persistence,sst,40,0.056269496430953345,0.053324317932128905,0.06013324782252312
rmse,persistence,sst,50,0.06047984833518664,0.0560417652130127,0.06490538716316223
rmse,persistence,sst,60,0.06041321754455566,0.0579209566116333,0.0635100856423378
rmse,persistence,sst,70,0.05969542612632116,0.056972562521696093,0.06275995075702667
rmse,persistence,sst,80,0.05716982657710711,0.052809572964906695,0.061019223928451535
rmse,persistence,sst,90,0.05698631157477697,0.05413502380251885,0.06048431918025017
rmse,persistence,sst,100,0.05964070186018944,0.05688762292265892,0.06204100474715233
rmse,persistence,sst,110,0.06008577694495519,0.05766545459628105,0.06265183836221695
rmse,persistence,sst,120,0.05954590116937955,0.05612862184643745,0.06331712603569031
rmse,persistence,sst,130,0.05737851833303769,0.05446888506412506,0.059749290347099304
rmse,persistence,sst,140,0.0497275431950887,0.04488251581788063,0.052604719251394275
rmse,persistence,sst,150,0.039102938522895175,0.03722296431660652,0.04255034402012825
rmse,persistence,sst,160,0.025812445829312008,0.023020010441541672,0.030310665816068647
rmse,persistence,sst,170,0.009188951707134645,0.004442368354648352,0.01632644534111023
rmse,persistence,sst,180,0.02306468884150187,0.019707217067480087,0.02851911634206772
rmse,persistence,sst,190,0.03725454757610957,0.03283312991261482,0.043246112018823626
rmse,persistence,sst,200,0.04716278339425723,0.043027421832084654,0.05190766081213951
rmse,persistence,sst,210,0.056426632404327395,0.05326180309057236,0.06017152592539787
rmse,persistence,sst,220,0.06113413522640864,0.05702020451426506,0.0659404531121254
rmse,persistence,sst,230,0.06115473732352257,0.05784983187913895,0.06514734923839569
rmse,persistence,sst,240,0.060503147542476654,0.057428078353405,0.06396663039922715
rmse,persistence,sst,250,0.057984597980976105,0.05323583781719208,0.06166594997048378
rmse,persistence,sst,260,0.05735572874546051,0.054987572878599164,0.06061787158250809
rmse,persistence,sst,270,0.0598341333369414,0.056838408857584,0.06201933771371841
rmse,persistence,sst,280,0.06047899971405665,0.05785971805453301,0.0625938817858696
rmse,persistence,sst,290,0.05984831750392914,0.0560979850590229,0.06289719343185425
rmse,persistence,sst,300,0.05795379107197126,0.055527261644601825,0.06029443070292473
rmse,persistence,sst,310,0.050743446002403894,0.04645076543092728,0.05387233570218086
rmse,persistence,sst,320,0.04016914442181587,0.037608949840068816,0.04405286237597465
rmse,persistence,sst,330,0.02724996010462443,0.025107920914888383,0.030527608841657637
rmse,persistence,sst,340,0.010026508507629235,0.008389104902744294,0.01148988101631403
rmse,persistence,sst,350,0.02081693671643734,0.018898893520236014,0.023451661691069603
rmse,persistence,sst,360,0.035753812392552695,0.03176296353340149,0.04067623391747475
rmse,persistence,sst,370,0.04575861990451813,0.041626089811325075,0.04989072978496552
rmse,persistence,sst,380,0.05524814004699389,0.05262848362326622,0.058551914244890216
rmse,persistence,sst,390,0.06058231070637703,0.056465961039066315,0.06496821194887162
rmse,persistence,sst,400,0.06080531924962997,0.05758290737867355,0.06418546885252
rmse,persistence,sst,410,0.060254255682229994,0.0579474464058876,0.0632697582244873
rmse,persistence,sst,420,0.057853896419207254,0.053891167789697644,0.06153258830308914
rmse,persistence,sst,430,0.05688598677515984,0.05405949130654335,0.060110273957252505
rmse,persistence,sst,440,0.05932895268003146,0.05711791515350342,0.062212548404932025
rmse,persistence,sst,450,0.06037593558430672,0.05791889727115631,0.06226861551403999
rmse,persistence,sst,460,0.05985428939263026,0.05622337237000465,0.06259792894124985
rmse,persistence,sst,470,0.05839444796244304,0.05585671439766884,0.06009577587246895
rmse,persistence,sst,480,0.05183782453338305,0.04670373201370239,0.055268324166536334
rmse,persistence,sst,490,0.04159003545840581,0.037837912887334825,0.046468968689441684
rmse,persistence,sst,500,0.02952458361784617,0.02692820467054844,0.03232637420296669
rmse,persistence,sst,510,0.013206437416374683,0.009475356712937356,0.018732920289039612
rmse,persistence,sst,520,0.02044876168171565,0.018382737040519716,0.023594806715846062
rmse,persistence,sst,530,0.03553614107271035,0.03228930160403252,0.0397649846971035
rmse,persistence,sst,540,0.0454838606218497,0.041128233820199964,0.049741561710834506
rmse,persistence,sst,550,0.054979120194911954,0.052150556445121767,0.0575292706489563
rmse,persistence,sst,560,0.060839249690373735,0.056839636713266375,0.06468404829502106
rmse,persistence,sst,570,0.0613078070183595,0.057964835315942764,0.0642036959528923
rmse,persistence,sst,580,0.06077282776435216,0.05833764225244522,0.06355584710836411
rmse,persistence,sst,590,0.05842992961406708,0.054455002397298814,0.062310867756605146
rmse,persistence,sst,600,0.05699757983287176,0.05373428538441658,0.06059990003705025
rmse,persistence,sst,610,0.0591443640490373,0.05673665031790733,0.062465493381023404
rmse,persistence,sst,620,0.060416735460360846,0.05812976509332657,0.06241352409124375
rmse,persistence,sst,630,0.05978253434101741,0.056891363114118576,0.06247459501028061
rmse,persistence,sst,640,0.058459632098674774,0.05626753345131874,0.060489369183778764
rmse,persistence,sst,650,0.05230350196361542,0.04778531566262245,0.056133517622947694
rmse,persistence,sst,660,0.04192993392546972,0.03831675946712494,0.046255742013454434
rmse,persistence,sst,670,0.02958464858432611,0.027102913334965707,0.03255439475178719
rmse,persistence,sst,680,0.011110926667849222,0.010040579549968242,0.012168043293058872
rmse,persistence,sst,690,0.01527829710394144,0.01375632919371128,0.017330705374479293
rmse,persistence,sst,700,0.032479811708132425,0.02863108366727829,0.03717254623770714
rmse,persistence,sst,710,0.043099540968736014,0.03850403353571892,0.048021447658538816
rmse,persistence,sst,720,0.052922763675451276,0.04998781904578209,0.0565754160284996
rmse,persistence,sst,730,0.05950156996647517,0.05574144273996353,0.0641317367553711
rmse,persistence,sst,740,0.06040160581469536,0.05677885562181473,0.06444139331579209
rmse,persistence,sst,750,0.060007238388061525,0.05763367712497711,0.06322947591543197
rmse,persistence,sst,760,0.05796130547920863,0.05410197079181671,0.06143945008516312
rmse,persistence,sst,770,0.056320404758056004,0.052828365564346315,0.059751296043396
rmse,persistence,sst,780,0.058341729640960696,0.05565507635474205,0.06154411137104034
rmse,persistence,sst,790,0.0600803275903066,0.05769861713051796,0.06195748671889305
rmse,persistence,sst,800,0.05958398108681043,0.05617265626788139,0.06261120289564133
rmse,persistence,sst,810,0.058650042116642,0.05629861205816269,0.06105796173214913
rmse,persistence,sst,820,0.05332333321372668,0.049823809415102005,0.05648183524608612
rmse,persistence,sst,830,0.04343779236078262,0.03958150297403336,0.04716368317604065
rmse,persistence,sst,840,0.03182651946942012,0.02985725961625576,0.035731930285692215
rmse,persistence,sst,850,0.01543496393909057,0.012818750739097596,0.01881182789802551
rmse,persistence,sst,860,0.015813297281662624,0.012491690553724765,0.020347863063216207
rmse,persistence,sst,870,0.03262225414315859,0.027982503920793534,0.03832699581980705
rmse,persistence,sst,880,0.04333683227499326,0.038426253199577334,0.0488716684281826
rmse,persistence,sst,890,0.053021812438964845,0.04955108910799026,0.05737380236387253
rmse,persistence,sst,900,0.06002749651670456,0.05592641457915306,0.06565320193767547
rmse,persistence,sst,910,0.061313146352767946,0.0571723110973835,0.06680968254804612
rmse,persistence,sst,920,0.06094062626361847,0.05827362313866615,0.06496253758668899
rmse,persistence,sst,930,0.05909964839617411,0.05498836264014244,0.06207685992121696
rmse,persistence,sst,940,0.05713204940160115,0.05369641184806824,0.06037488356232643
rmse,persistence,sst,950,0.058734184006849925,0.055573157221078875,0.06157198622822761
rmse,persistence,sst,960,0.060679293672243756,0.05914506763219833,0.062429964542388916
rmse,persistence,sst,970,0.0601462056239446,0.05700855702161789,0.06280087828636169
rmse,persistence,sst,980,0.059318302075068156,0.05693622753024101,0.06225023418664932
rmse,persistence,sst,990,0.05453478967150052,0.05132870078086853,0.057544111460447314
rmse,persistence,sst,1000,0.04484727457165718,0.040927215665578845,0.048441816866397855
rmse,persistence,sst,1010,0.03345271721482277,0.0307928416877985,0.03643233552575111
rmse,persistence,sst,1020,0.017635527811944485,0.016298386082053185,0.019546591863036155
rmse,persistence,sst,1030,0.014014088362455369,0.012673133797943593,0.015437826327979565
rmse,persistence,sst,1040,0.031027902911106745,0.028044898062944412,0.03477674499154091
rmse,persistence,sst,1050,0.042076665659745535,0.03766356110572815,0.04719266071915627
rmse,persistence,sst,1060,0.0517923153936863,0.048528991639614105,0.05483694896101952
rmse,persistence,sst,1070,0.059383294979731244,0.05635074302554131,0.06326526552438735
rmse,persistence,sst,1080,0.061205850541591646,0.05773417800664902,0.06500563025474548
rmse,persistence,sst,1090,0.06092376584808032,0.05896259918808937,0.06355865001678467
rmse,persistence,sst,1100,0.05941407879193624,0.056683095544576644,0.06245076656341553
rmse,persistence,sst,1110,0.05728103419144948,0.05431494116783142,0.06046897098422051
rmse,persistence,sst,1120,0.05864749103784561,0.056679727882146834,0.06194166988134384
rmse,persistence,sst,1130,0.06101271584630012,0.058015350997447965,0.06353776901960373
rmse,persistence,sst,1140,0.06073672200242678,0.05708705559372902,0.0632947951555252
rmse,persistence,sst,1150,0.06020439391334852,0.05790218785405159,0.06346848309040069
rmse,persistence,sst,1160,0.05616022249062856,0.05178304836153984,0.058863038569688796
rmse,persistence,sst,1170,0.046981930484374365,0.04064292311668396,0.05186261609196663
rmse,persistence,sst,1180,0.036288918803135554,0.03266000747680664,0.04138517528772354
rmse,persistence,sst,1190,0.022179282332460085,0.01838030479848385,0.026858580112457276
rmse,persistence,sst,1200,0.01567877965668837,0.009781593643128871,0.022463655471801756
rmse,persistence,sst,1210,0.031289451941847804,0.02888791561126709,0.03316805139183998
rmse,persistence,sst,1220,0.042203012853860855,0.038807135075330734,0.04659907072782517
rmse,persistence,sst,1230,0.05156080077091853,0.049107184261083604,0.05539424493908882
rmse,persistence,sst,1240,0.05946430812279383,0.055838306248188016,0.062298734486103055
rmse,persistence,sst,1250,0.06170943155884743,0.05714435651898384,0.06490290015935898
rmse,persistence,sst,1260,0.06130170822143555,0.05858655720949173,0.06406842023134232
rmse,persistence,sst,1270,0.05984177167216937,0.05696634873747826,0.06378521919250488
rmse,persistence,sst,1280,0.05725594287117322,0.05272316709160805,0.06194327101111412
rmse,persistence,sst,1290,0.057998958975076675,0.055119071155786514,0.06207498013973236
rmse,persistence,sst,1300,0.06032708709438642,0.05778660699725151,0.06242509037256241
rmse,persistence,sst,1310,0.05997664605577787,0.05724019855260849,0.06227835714817047
rmse,persistence,sst,1320,0.0593161995212237,0.0571837529540062,0.06208258718252182
rmse,persistence,sst,1330,0.0556415356695652,0.05255035310983658,0.05877557620406151
rmse,persistence,sst,1340,0.04648246243596077,0.041594214737415314,0.050147776305675504
rmse,persistence,sst,1350,0.0353021456549565,0.03264835625886917,0.039029264450073244
rmse,persistence,sst,1360,0.02002638007203738,0.018269618973135948,0.02209326662123203
rmse,persistence,sst,1370,0.007351480983197689,0.006701117660850286,0.008287831582129002
rmse,persistence,sst,1380,0.02645531954864661,0.023557685688138007,0.030627815797924996
rmse,persistence,sst,1390,0.03899723986784617,0.03453633040189743,0.04455889463424682
rmse,persistence,sst,1400,0.04885484079519908,0.045065028965473174,0.05225335881114006
rmse,persistence,sst,1410,0.057526010026534395,0.05436767786741257,0.06141294464468956
rmse,persistence,sst,1420,0.06059718380371729,0.056249579042196275,0.06500906348228455
rmse,persistence,sst,1430,0.060385991881291075,0.058070076256990434,0.06343548446893692
rmse,persistence,sst,1440,0.059349472324053444,0.056659691780805585,0.062241580337285995
rmse,persistence,sst,1450,0.056812308728694916,0.052481944859027865,0.06033124029636383
rmse,persistence,sst,1460,0.05733683407306671,0.05454844683408737,0.06072063595056534
rmse,persistence,sst,1470,0.05998547275861104,0.057154258340597154,0.06198674514889717
rmse,persistence,sst,1480,0.06004489709933599,0.05735766515135765,0.06304453164339066
rmse,persistence,sst,1490,0.05961355492472649,0.056570421904325485,0.06326421797275543
rmse,persistence,sst,1500,0.05677760740121206,0.05406152456998825,0.059087250381708145
rmse,persistence,sst,1510,0.04845042650898298,0.04421969577670097,0.05129312872886658
rmse,persistence,sst,1520,0.037939321746428806,0.035155536234378816,0.04103416129946709
rmse,persistence,sst,1530,0.024433214714129767,0.021555106341838836,0.029869019240140914
rmse,persistence,sst,1540,0.01232787383099397,0.007457854226231575,0.018721218407154083
rmse,persistence,sst,1550,0.02709358384211858,0.023133935779333113,0.033168870210647586
rmse,persistence,sst,1560,0.039675094683965045,0.035228225588798526,0.04580807462334633
rmse,persistence,sst,1570,0.04921236857771873,0.044794612377882,0.05432729795575142
rmse,persistence,sst,1580,0.05796276678641637,0.054276565462350844,0.06280233561992646
rmse,persistence,sst,1590,0.06157412131627401,0.05722911953926087,0.06700299233198166
rmse,persistence,sst,1600,0.06131921435395877,0.058072352409362794,0.06536982506513596
rmse,persistence,sst,1610,0.06037215515971184,0.057224583625793454,0.06346295922994613
rmse,persistence,sst,1620,0.057661222666502,0.053054841607809065,0.06115660890936851
rmse,persistence,sst,1630,0.057592981557051344,0.05511487945914269,0.061178749054670335
rmse,persistence,sst,1640,0.060140286882718406,0.05709562301635742,0.06229184120893479
rmse,persistence,sst,1650,0.060392641772826515,0.05762844607234001,0.06254966259002685
rmse,persistence,sst,1660,0.0598848007619381,0.0566930815577507,0.06294570416212082
rmse,persistence,sst,1670,0.05747045129537583,0.05483510866761208,0.060366930067539216
rmse,persistence,sst,1680,0.04951286762952804,0.04479246884584427,0.05240231901407242
rmse,persistence,sst,1690,0.038994993766148886,0.036667095869779585,0.042873091995716095
rmse,persistence,sst,1700,0.02588062733411789,0.023784242570400238,0.028298837691545488
rmse,persistence,sst,1710,0.011266047693789005,0.010398650169372558,0.012166515551507473
rmse,persistence,sst,1720,0.02437567412853241,0.022580453008413316,0.027603498846292495
rmse,persistence,sst,1730,0.037850112716356916,0.03396918773651123,0.04262178763747215
rmse,persistence,sst,1740,0.04751543700695038,0.04350608214735985,0.05099805891513824
rmse,persistence,sst,1750,0.056672756622234984,0.05417017266154289,0.059487207978963855
rmse,persistence,sst,1760,0.061115455875794096,0.057141663134098054,0.06500644385814666
rmse,persistence,sst,1770,0.06109495212634405,0.05925930812954903,0.0638631448149681
rmse,persistence,sst,1780,0.06045787011583646,0.05794198140501976,0.06306775659322739
rmse,persistence,sst,1790,0.05792529806494713,0.05459517017006874,0.06156367212533951
rmse,persistence,sst,1800,0.05754089032610257,0.05480488762259483,0.060411394387483594
rmse,persistence,sst,1810,0.060198864340782164,0.05757065638899803,0.06284293085336685
rmse,persistence,sst,1820,0.06090771754582723,0.057572568953037265,0.06366908997297287
rmse,persistence,sst,1830,0.060529092947642006,0.05687638372182846,0.06322899162769317
rmse,persistence,sst,1840,0.05869158481558164,0.05572680681943894,0.060857506841421126
rmse,persistence,sst,1850,0.05144241253534953,0.04548007622361183,0.05492214486002922
rmse,persistence,sst,1860,0.04132015282909075,0.036912184208631516,0.04690130427479744
rmse,persistence,sst,1870,0.02934988389412562,0.02604718841612339,0.032480067759752276
rmse,persistence,sst,1880,0.014744423516094684,0.009558031521737575,0.021155786141753195
rmse,persistence,sst,1890,0.024155716722210247,0.021673264726996423,0.026309770718216895
rmse,persistence,sst,1900,0.03763391549388568,0.034968574345111844,0.04177380427718162
rmse,persistence,sst,1910,0.04702959855397542,0.043819126486778257,0.05096184015274048
rmse,persistence,sst,1920,0.05618391633033752,0.0533448725938797,0.058601686358451845
rmse,persistence,sst,1930,0.061192819972833,0.0565273329615593,0.06461853981018066
rmse,persistence,sst,1940,0.061252293487389885,0.0577548660337925,0.06391484588384629
rmse,persistence,sst,1950,0.06056783745686213,0.05832180231809616,0.06385747939348221
rmse,persistence,sst,1960,0.05793558855851491,0.053810612112283704,0.06224345937371254
rmse,persistence,sst,1970,0.056877481192350386,0.05425193756818771,0.06045535355806351
rmse,persistence,sst,1980,0.05920417830348015,0.05665823370218277,0.062483041733503344
rmse,persistence,sst,1990,0.0600896954536438,0.05764656290411949,0.06201302632689476
rmse,persistence,sst,2000,0.05954834868510564,0.05638449937105179,0.06244913339614868
acc,selected,surface_u,0,1.0,1.0,1.0
acc,selected,surface_u,10,0.9932908733685811,0.9915285229682922,0.9950096368789673
acc,selected,surface_u,20,0.988167138894399,0.9851196050643921,0.993124520778656
acc,selected,surface_u,30,0.9839414636294047,0.9784021615982056,0.9905186891555786
acc,selected,surface_u,40,0.9779801448186238,0.9718608498573303,0.9876632809638977
acc,selected,surface_u,50,0.9710900664329529,0.9552224397659301,0.982792854309082
acc,selected,surface_u,60,0.9666231592496236,0.9514043807983399,0.9802784085273742
acc,selected,surface_u,70,0.9597851673762003,0.9440308451652527,0.9738190770149231
acc,selected,surface_u,80,0.9528412302335103,0.9373655796051026,0.9705037713050843
acc,selected,surface_u,90,0.9496964812278748,0.9345499396324157,0.9759211897850036
acc,selected,surface_u,100,0.9438133915265401,0.9322004914283752,0.9697716712951661
acc,selected,surface_u,110,0.9305564681688945,0.903249728679657,0.961569857597351
acc,selected,surface_u,120,0.9258617679278056,0.8867226839065552,0.9617821097373962
acc,selected,surface_u,130,0.9254274805386861,0.8748491168022156,0.9618294715881348
acc,selected,surface_u,140,0.9140845656394958,0.8497668743133545,0.9584366321563721
acc,selected,surface_u,150,0.9036285599072774,0.8565566539764404,0.9553602457046508
acc,selected,surface_u,160,0.9051604469617208,0.8404473662376404,0.9491124391555786
acc,selected,surface_u,170,0.89857497215271,0.8161368131637573,0.9434484004974365
acc,selected,surface_u,180,0.8834480365117391,0.7943612694740295,0.9411855459213256
acc,selected,surface_u,190,0.8780902107556661,0.7751647591590881,0.9387452960014343
acc,selected,surface_u,200,0.8788967688878377,0.7691359758377075,0.9329500794410706
acc,prior,surface_u,0,1.0,1.0,1.0
acc,prior,surface_u,10,0.9928310592969258,0.990874457359314,0.9945799350738526
acc,prior,surface_u,20,0.9874207496643066,0.9842984795570373,0.9927828311920166
acc,prior,surface_u,30,0.9827837467193603,0.9774461388587952,0.9898840188980103
acc,prior,surface_u,40,0.9761120994885762,0.9676224708557128,0.9869239807128907
acc,prior,surface_u,50,0.9684547106424968,0.9492287993431091,0.9822634339332581
acc,prior,surface_u,60,0.9632361928621928,0.9451887369155884,0.9790091156959534
acc,prior,surface_u,70,0.9548359553019206,0.9363682627677917,0.9723211526870728
acc,prior,surface_u,80,0.9465230941772461,0.9287744760513306,0.9654755473136902
acc,prior,surface_u,90,0.9423900683720906,0.9252589702606201,0.9722907423973084
acc,prior,surface_u,100,0.9345291733741761,0.9214316129684448,0.9642309784889221
acc,prior,surface_u,110,0.9178659756978352,0.8894984722137451,0.9553865790367126
acc,prior,surface_u,120,0.9123741110165914,0.8689004182815552,0.9552641391754151
acc,prior,surface_u,130,0.9116895278294881,0.846004319190979,0.9557003736495971
acc,prior,surface_u,140,0.8981515963872274,0.818757688999176,0.9513968229293823
acc,prior,surface_u,150,0.8860901792844137,0.8322078227996826,0.9476083278656006
acc,prior,surface_u,160,0.8886158506075541,0.8164475798606873,0.9413757801055909
acc,prior,surface_u,170,0.8797480265299479,0.7739291787147522,0.9329712867736817
acc,prior,surface_u,180,0.8619465072949727,0.7604696750640869,0.9288768768310547
acc,prior,surface_u,190,0.8585385759671529,0.7635429859161377,0.9264499545097351
acc,prior,surface_u,200,0.8607968171437581,0.7332703113555908,0.91841641664505
acc,selected,surface_v,0,1.0,1.0,1.0
acc,selected,surface_v,10,0.9751947919527689,0.961164653301239,0.9828990817070007
acc,selected,surface_v,20,0.9600298484166463,0.9467539310455322,0.9755833268165588
acc,selected,surface_v,30,0.9613142291704814,0.9504799365997314,0.9726312279701232
acc,selected,surface_v,40,0.955052399635315,0.9293206453323364,0.9711867451667786
acc,selected,surface_v,50,0.9494319478670756,0.9345494151115418,0.967281448841095
acc,selected,surface_v,60,0.9483413060506185,0.9165456771850586,0.9760826110839844
acc,selected,surface_v,70,0.9511480609575907,0.9356672763824463,0.9669202446937561
acc,selected,surface_v,80,0.9431011358896891,0.9303765177726746,0.9557258486747742
acc,selected,surface_v,90,0.9423929452896118,0.9134764313697815,0.9592297554016114
acc,selected,surface_v,100,0.9465863267580669,0.9249033331871033,0.9654304504394531
acc,selected,surface_v,110,0.9413495421409607,0.9247850179672241,0.9592185616493225
acc,selected,surface_v,120,0.9315151810646057,0.9094708919525146,0.9601408243179321
acc,selected,surface_v,130,0.9366395036379497,0.9076636075973511,0.9552295446395874
acc,selected,surface_v,140,0.9366572578748067,0.9101749897003174,0.9492388486862182
acc,selected,surface_v,150,0.9244451363881429,0.8951351642608643,0.953596544265747
acc,selected,surface_v,160,0.9271524866422017,0.8929571390151978,0.9652588129043579
acc,selected,surface_v,170,0.9344491283098857,0.9110738039016724,0.9569089651107788
acc,selected,surface_v,180,0.9234065095583598,0.8994246244430542,0.9507072448730469
acc,selected,surface_v,190,0.9206851085027059,0.8979965925216675,0.9417982339859009
acc,selected,surface_v,200,0.9263133366902669,0.9073339581489563,0.9451307892799378
acc,prior,surface_v,0,1.0,1.0,1.0
acc,prior,surface_v,10,0.9743401368459066,0.9593007922172546,0.9827616810798645
acc,prior,surface_v,20,0.9596357107162475,0.9472906470298768,0.974522078037262
acc,prior,surface_v,30,0.960307248433431,0.9505849123001099,0.9691608190536499
acc,prior,surface_v,40,0.9534056464831034,0.9310095310211182,0.9696070671081543
acc,prior,surface_v,50,0.9481199185053507,0.9327170014381408,0.9657366633415222
acc,prior,surface_v,60,0.9470708131790161,0.916763436794281,0.975888478755951
acc,prior,surface_v,70,0.9498040119806925,0.9330282211303711,0.9632518887519836
acc,prior,surface_v,80,0.9418927748998006,0.9291415214538574,0.9522172093391419
acc,prior,surface_v,90,0.9416653076807658,0.910560917854309,0.9592140793800354
acc,prior,surface_v,100,0.9449020743370056,0.9258728146553039,0.9613654613494873
acc,prior,surface_v,110,0.9389508605003357,0.925323486328125,0.9546164751052857
acc,prior,surface_v,120,0.9306576053301493,0.9041714906692505,0.9580443859100342
acc,prior,surface_v,130,0.9362140417098999,0.9146814703941345,0.9555126547813415
acc,prior,surface_v,140,0.9344409584999085,0.9136585474014283,0.9464342832565308
acc,prior,surface_v,150,0.9231424450874328,0.8974974513053894,0.951021146774292
acc,prior,surface_v,160,0.9263082464536031,0.8969238996505737,0.9637331962585449
acc,prior,surface_v,170,0.9295726656913758,0.9045166730880737,0.9527273178100586
acc,prior,surface_v,180,0.9181538939476013,0.8914493203163147,0.9489393353462219
acc,prior,surface_v,190,0.9156700253486634,0.8925557613372803,0.9376997947692871
acc,prior,surface_v,200,0.9208097497622172,0.9052927374839783,0.941122305393219
acc,selected,phihyd_surface,0,1.0,1.0,1.0
acc,selected,phihyd_surface,10,0.9991250395774841,0.998982834815979,0.9994355320930481
acc,selected,phihyd_surface,20,0.998689071337382,0.9984437823295593,0.9991753697395325
acc,selected,phihyd_surface,30,0.9984483361244202,0.9981178402900696,0.9989514231681824
acc,selected,phihyd_surface,40,0.9982449769973755,0.9979331135749817,0.9987346172332764
acc,selected,phihyd_surface,50,0.9980481306711833,0.997683322429657,0.9985687494277954
acc,selected,phihyd_surface,60,0.9978174924850464,0.9975019812583923,0.9984058260917663
acc,selected,phihyd_surface,70,0.9975682576497396,0.9972517251968384,0.9981593370437623
acc,selected,phihyd_surface,80,0.9973652680714925,0.9970922470092773,0.997985327243805
acc,selected,phihyd_surface,90,0.9972320357958476,0.9969495415687561,0.9977519035339355
acc,selected,phihyd_surface,100,0.9970586816469829,0.9965219497680664,0.9975061893463135
acc,selected,phihyd_surface,110,0.9968177119890849,0.9961531519889831,0.9973886847496033
acc,selected,phihyd_surface,120,0.9965805848439534,0.9956286907196045,0.9972636342048645
acc,selected,phihyd_surface,130,0.9962788065274556,0.9954708695411683,0.9968735456466675
acc,selected,phihyd_surface,140,0.9960392951965332,0.9951336264610291,0.9967778921127319
acc,selected,phihyd_surface,150,0.9958823879559835,0.994635820388794,0.9966047883033753
acc,selected,phihyd_surface,160,0.9956987738609314,0.9939908146858215,0.9964008688926697
acc,selected,phihyd_surface,170,0.9953735669453939,0.9934311389923096,0.9961335182189941
acc,selected,phihyd_surface,180,0.9950546940167745,0.9932828545570374,0.9958810567855835
acc,selected,phihyd_surface,190,0.9947948972384135,0.9931334853172302,0.995711886882782
acc,selected,phihyd_surface,200,0.9945402304331462,0.9926716327667237,0.9956138253211975
acc,prior,phihyd_surface,0,1.0,1.0,1.0
acc,prior,phihyd_surface,10,0.9991827408472697,0.9990551471710205,0.9995015263557434
acc,prior,phihyd_surface,20,0.9987743854522705,0.9985668301582337,0.9992591381072998
acc,prior,phihyd_surface,30,0.9985429843266805,0.9982671976089478,0.9990723729133606
acc,prior,phihyd_surface,40,0.998335087299347,0.998055386543274,0.9988452792167664
acc,prior,phihyd_surface,50,0.9981364011764526,0.9978574752807617,0.9986836910247803
acc,prior,phihyd_surface,60,0.9979022939999899,0.9976922154426575,0.9985036373138427
acc,prior,phihyd_surface,70,0.9976716915766398,0.9974802255630493,0.9982804417610168
acc,prior,phihyd_surface,80,0.9974652886390686,0.9973142266273498,0.998033881187439
acc,prior,phihyd_surface,90,0.9973164319992065,0.9971302032470704,0.997839605808258
acc,prior,phihyd_surface,100,0.9971433917681376,0.9963744759559632,0.9976078152656556
acc,prior,phihyd_surface,110,0.9968827962875366,0.9959461212158203,0.9974165916442871
acc,prior,phihyd_surface,120,0.99658655722936,0.9957947254180908,0.9972386479377746
acc,prior,phihyd_surface,130,0.9962468385696411,0.99554044008255,0.9967829704284668
acc,prior,phihyd_surface,140,0.9959465066591898,0.9951528668403625,0.9966254591941833
acc,prior,phihyd_surface,150,0.995681349436442,0.9944051265716553,0.9965811491012573
acc,prior,phihyd_surface,160,0.9954088648160299,0.9934067726135254,0.9962965369224548
acc,prior,phihyd_surface,170,0.9950248956680298,0.9926242709159852,0.9959806561470032
acc,prior,phihyd_surface,180,0.9945787787437439,0.9922536730766296,0.9956576824188232
acc,prior,phihyd_surface,190,0.9941188176472981,0.99186772108078,0.9952584028244018
acc,prior,phihyd_surface,200,0.9937520345052083,0.9912208080291748,0.9950852036476135
acc,selected,sst,0,1.0,1.0,1.0
acc,selected,sst,10,0.9796980937321981,0.9746480822563172,0.9840734720230102
acc,selected,sst,20,0.9618491649627685,0.9552276134490967,0.9709679961204529
acc,selected,sst,30,0.9527742107709248,0.941842782497406,0.9676383256912231
acc,selected,sst,40,0.9435161471366882,0.9275927901268005,0.9598695516586304
acc,selected,sst,50,0.9366413036982218,0.9215393424034118,0.9553050398826599
acc,selected,sst,60,0.9307448784510295,0.9140079379081726,0.950029993057251
acc,selected,sst,70,0.9255755782127381,0.9065899968147277,0.947524905204773
acc,selected,sst,80,0.9197057843208313,0.8938326358795166,0.940033221244812
acc,selected,sst,90,0.9155061920483907,0.8926286101341248,0.9412279605865479
acc,selected,sst,100,0.9138946572939555,0.8917828321456909,0.9378561615943909
acc,selected,sst,110,0.910512630144755,0.8944490671157836,0.9289094567298889
acc,selected,sst,120,0.9066601077715556,0.8886594772338867,0.9254969358444214
acc,selected,sst,130,0.9046539743741353,0.8859300494194031,0.9273377537727356
acc,selected,sst,140,0.9009208997090657,0.8841083765029907,0.9185588002204895
acc,selected,sst,150,0.893335513273875,0.873061454296112,0.9081082582473755
acc,selected,sst,160,0.8925649762153626,0.8704485058784485,0.9090604066848755
acc,selected,sst,170,0.8924510041872661,0.8792217254638672,0.90865478515625
acc,selected,sst,180,0.8875188390413921,0.8771539688110351,0.8972877621650696
acc,selected,sst,190,0.8805819590886433,0.871765923500061,0.8947296619415284
acc,selected,sst,200,0.8809393008550008,0.8697027802467346,0.8957827091217041
acc,prior,sst,0,1.0,1.0,1.0
acc,prior,sst,10,0.9785180528958638,0.9732491135597229,0.9832055807113648
acc,prior,sst,20,0.9599950551986695,0.9529642701148987,0.9696804642677307
acc,prior,sst,30,0.9504676620165508,0.938862931728363,0.9667537450790405
acc,prior,sst,40,0.9411055207252502,0.9247005224227905,0.9585100293159485
acc,prior,sst,50,0.9340211192766825,0.9184458255767822,0.953027319908142
acc,prior,sst,60,0.9274316628774008,0.9095749497413635,0.9476393342018128
acc,prior,sst,70,0.9213452140490214,0.9010045051574707,0.9454499840736389
acc,prior,sst,80,0.9148155053456625,0.8871111869812012,0.9375880599021912
acc,prior,sst,90,0.9101470232009887,0.8830824851989746,0.9376158833503723
acc,prior,sst,100,0.9082644661267598,0.8826517581939697,0.9334027290344238
acc,prior,sst,110,0.9042556762695313,0.8850209593772889,0.9249797463417053
acc,prior,sst,120,0.8990200956662496,0.878787636756897,0.9215633511543274
acc,prior,sst,130,0.8957060058911641,0.8740191102027893,0.9203744530677795
acc,prior,sst,140,0.8912722150484721,0.8740982055664063,0.9128334641456604
acc,prior,sst,150,0.882939354578654,0.8649495124816895,0.8990950345993042
acc,prior,sst,160,0.881427550315857,0.8568556189537049,0.9024476051330567
acc,prior,sst,170,0.8802570422490438,0.8647324800491333,0.902623462677002
acc,prior,sst,180,0.8740319013595581,0.8602758407592773,0.892494261264801
acc,prior,sst,190,0.866392437616984,0.8518877029418945,0.8878565430641174
acc,prior,sst,200,0.8660062432289124,0.8547572016716003,0.8887633085250854
