metric,method,field,lead_days,finite_members,mean,p10,p90
rmse,selected,surface_speed,0,15,1.2320063319976143e-10,9.580927789245382e-11,1.4392815378677444e-10
rmse,selected,surface_speed,10,15,0.0003943356743980883,0.00032763173268013937,0.0004891486421197463
rmse,selected,surface_speed,20,15,0.000595327911692778,0.00047829970674537485,0.00085958198846891
rmse,selected,surface_speed,30,15,0.0007400986128830906,0.0005665620461528837,0.0010998091589742452
rmse,selected,surface_speed,40,15,0.0008823767986375317,0.0006711063929382748,0.0014290537836297132
rmse,selected,surface_speed,50,15,0.0010101233259346973,0.000743688008479461,0.0018181501639853185
rmse,selected,surface_speed,60,15,0.0011084002213802757,0.0008235853271734021,0.001823765468158884
rmse,selected,surface_speed,70,15,0.001195148223764255,0.0009252728484559055,0.0017985805540429558
rmse,selected,surface_speed,80,15,0.001255870982838311,0.0009863747530877048,0.0017995521849078172
rmse,selected,surface_speed,90,15,0.0013287836774617263,0.0010777022163589393,0.0018170962835011965
rmse,selected,surface_speed,100,15,0.0013955359339047544,0.001099980092423683,0.0018661998973675098
rmse,selected,surface_speed,110,15,0.0014832930867618964,0.0011948904860414327,0.0020279167164401124
rmse,selected,surface_speed,120,15,0.001604726914114299,0.0012815189634176197,0.0021813134436180436
rmse,selected,surface_speed,130,15,0.0017434447485211797,0.0013641333637390983,0.002272193946113523
rmse,selected,surface_speed,140,15,0.0018903970351516206,0.0014452535168521417,0.002350088645060191
rmse,selected,surface_speed,150,15,0.002020274649132322,0.0015528600973573684,0.002476227233099614
rmse,selected,surface_speed,160,15,0.0021314733949479394,0.0016556999185408196,0.002593116456971867
rmse,selected,surface_speed,170,15,0.002252543926946149,0.0017284126206515025,0.002983191175703953
rmse,selected,surface_speed,180,15,0.0023872364221795028,0.0017799643863951502,0.0034128452199452034
rmse,selected,surface_speed,190,15,0.0025554873912364785,0.001856764545075568,0.0034202274514743003
rmse,selected,surface_speed,200,15,0.002704415853325684,0.001964041447791909,0.003440316265853218
rmse,selected,surface_speed,210,15,0.0028713670192409527,0.002047497382951825,0.0037834228853391087
rmse,selected,surface_speed,220,15,0.0030458040224128654,0.0021395226766508816,0.004201756664259387
rmse,selected,surface_speed,230,15,0.0032173844119630724,0.002214324600486683,0.0044125445476448115
rmse,selected,surface_speed,240,15,0.0033849526629397826,0.0023078644657785695,0.004791896532129854
rmse,selected,surface_speed,250,15,0.003520000737423279,0.0024009697628864955,0.005017435934027927
rmse,selected,surface_speed,260,15,0.0036391899960392235,0.002516930852985903,0.005062649982133484
rmse,selected,surface_speed,270,15,0.0037446223993510366,0.002601026009726467,0.004965029369590644
rmse,selected,surface_speed,280,15,0.0038605346725395745,0.0026721205188903682,0.0049544209412999965
rmse,selected,surface_speed,290,15,0.00400827143010703,0.0028090156933627654,0.004931013253541637
rmse,selected,surface_speed,300,15,0.0041619350123252696,0.002942564894649209,0.005096187629942309
rmse,selected,surface_speed,310,15,0.00430659806134301,0.0030179809089317536,0.005522317656273294
rmse,selected,surface_speed,320,15,0.0044603602727484775,0.0031492410884330913,0.005861943757413062
rmse,selected,surface_speed,330,15,0.004607993800437365,0.003273821641676672,0.0059214216079123095
rmse,selected,surface_speed,340,15,0.004764930527899847,0.0033809929879272263,0.006018453177665677
rmse,selected,surface_speed,350,15,0.0049242523469329785,0.0035255322250659984,0.006312666908376918
rmse,selected,surface_speed,360,15,0.005087164913696671,0.003698842282057392,0.0065414673707974305
rmse,selected,surface_speed,370,15,0.005263292466510544,0.003859425472208994,0.006681533367276622
rmse,selected,surface_speed,380,15,0.005451297830603398,0.004054120185609171,0.006919435200435073
rmse,selected,surface_speed,390,15,0.005651091152763891,0.004265295338756698,0.007239540562786689
rmse,selected,surface_speed,400,15,0.005858978058553861,0.004504796276243198,0.007618048380709081
rmse,selected,surface_speed,410,15,0.00610404103738084,0.004775427596799688,0.007962522762049312
rmse,selected,surface_speed,420,15,0.006338224901867911,0.005102632171377583,0.008289993558296583
rmse,selected,surface_speed,430,15,0.0065608475857873265,0.0053396892184110435,0.008512814770476652
rmse,selected,surface_speed,440,15,0.006816709331658037,0.005565484085653203,0.008804098274895821
rmse,selected,surface_speed,450,15,0.007059333772138359,0.005768779201114053,0.0091305298674604
rmse,selected,surface_speed,460,15,0.007310829589188491,0.005988156352884259,0.009459562697192772
rmse,selected,surface_speed,470,15,0.007542805842257719,0.006224383301731139,0.009811940332915178
rmse,selected,surface_speed,480,15,0.007787055541239378,0.006424646313957542,0.010182555251051946
rmse,selected,surface_speed,490,15,0.00802116811884096,0.0066539671538093405,0.010432599071951813
rmse,selected,surface_speed,500,15,0.008244151156381895,0.006794078980646235,0.010779279255814855
rmse,selected,surface_speed,510,15,0.008484792485825903,0.006914123365087108,0.011038472785168705
rmse,selected,surface_speed,520,15,0.008758003850093935,0.0072179033083625875,0.011329259507152611
rmse,selected,surface_speed,530,15,0.009026975368721265,0.0074785074880592325,0.011499098259800203
rmse,selected,surface_speed,540,15,0.009289751116999562,0.007714013476986162,0.01168135939321249
rmse,selected,surface_speed,550,15,0.009545428862376528,0.007985248495912199,0.011892245434695053
rmse,selected,surface_speed,560,15,0.00978722808553617,0.008234848467388343,0.012043693614772021
rmse,selected,surface_speed,570,15,0.01002734322718004,0.008555401975532772,0.012163096788088534
rmse,selected,surface_speed,580,15,0.010316594826670862,0.008808810709317457,0.01251604947061392
rmse,selected,surface_speed,590,15,0.010587651102466641,0.008926818503490584,0.012786165949571632
rmse,selected,surface_speed,600,15,0.010860038428728526,0.009167589148766739,0.013119447831441868
rmse,selected,surface_speed,610,15,0.011156634980188122,0.009611892928977623,0.013480674325719524
rmse,selected,surface_speed,620,15,0.011506052461722873,0.009974284216236329,0.013888661203911412
rmse,selected,surface_speed,630,15,0.01185921747744089,0.010140126742731482,0.014219122694817633
rmse,selected,surface_speed,640,15,0.012179714605216874,0.010439311574398232,0.014637831277626072
rmse,selected,surface_speed,650,15,0.012516934426334145,0.010736245560063327,0.015158834193527957
rmse,selected,surface_speed,660,15,0.012867278201535779,0.010882533715190422,0.015511426509299564
rmse,selected,surface_speed,670,15,0.013194718692975805,0.011020999618135848,0.015848951752209926
rmse,selected,surface_speed,680,15,0.013503895407512892,0.011265185134547231,0.016293118137701786
rmse,selected,surface_speed,690,15,0.013821583680549119,0.011532146808689596,0.016669027489460263
rmse,selected,surface_speed,700,15,0.014172244723380654,0.011717927365487334,0.01696195229576688
rmse,selected,surface_speed,710,15,0.014516937969921288,0.012132862650251505,0.017343594499239123
rmse,selected,surface_speed,720,15,0.014867916215888224,0.012559192170726546,0.017786508429582827
rmse,selected,surface_speed,730,15,0.01520188519633642,0.012755173851438664,0.01815732751541539
rmse,selected,surface_speed,740,15,0.015544295542685807,0.013041700485941832,0.01849175724778004
rmse,selected,surface_speed,750,15,0.015935761181748737,0.013487135009740627,0.018926425902836795
rmse,selected,surface_speed,760,15,0.016301772248396972,0.013817580491628205,0.01942562138712145
rmse,selected,surface_speed,770,15,0.016657112506433716,0.014050776836432056,0.019800976277237335
rmse,selected,surface_speed,780,15,0.017029267029926246,0.014338397630313781,0.02018080275350193
rmse,selected,surface_speed,790,15,0.017439316941162453,0.014791213358320428,0.020651770939386877
rmse,selected,surface_speed,800,15,0.01785706412127797,0.015118068659538204,0.021106066832801973
rmse,selected,surface_speed,810,15,0.018264510177156953,0.015364970832043743,0.02161247732450427
rmse,selected,surface_speed,820,15,0.018707738636591045,0.015673258447824443,0.02216055866092808
rmse,selected,surface_speed,830,15,0.01916572868225526,0.0158975118466656,0.022685740991267606
rmse,selected,surface_speed,840,15,0.01960398105699809,0.016184027087320488,0.02317032946430644
rmse,selected,surface_speed,850,15,0.020015344298569864,0.016451109290264384,0.023523601309935475
rmse,selected,surface_speed,860,15,0.020413752322635814,0.016774813875628486,0.02360301360557955
rmse,selected,surface_speed,870,15,0.02085964389424473,0.01707548565487593,0.023743387652677937
rmse,selected,surface_speed,880,15,0.02130953616685427,0.017408041599814992,0.024087440857958466
rmse,selected,surface_speed,890,15,0.02177967868443776,0.017743441263996382,0.024433005439976126
rmse,selected,surface_speed,900,15,0.022205825543771054,0.0181285029144365,0.024659992999132872
rmse,selected,surface_speed,910,15,0.022602223625314062,0.018500080299435326,0.024866420000664743
rmse,selected,surface_speed,920,15,0.023041137493086204,0.018875590900102622,0.025075801132560433
rmse,selected,surface_speed,930,15,0.02347825261099358,0.0193210306153455,0.02531526215870136
rmse,selected,surface_speed,940,15,0.02389774705717237,0.019769112282882733,0.025503096036719193
rmse,selected,surface_speed,950,15,0.02432012286117224,0.020171605669076064,0.025934974212825403
rmse,selected,surface_speed,960,15,0.024782590785641146,0.020722411123597764,0.026585322560144328
rmse,selected,surface_speed,970,15,0.02525187231218259,0.021250892339222175,0.027241524705067695
rmse,selected,surface_speed,980,15,0.025749012972221534,0.021661654957065294,0.028020015614106945
rmse,selected,surface_speed,990,15,0.02625860333572699,0.022118439272028705,0.028890327729777333
rmse,selected,surface_speed,1000,15,0.026760121745245922,0.02265680686232895,0.02969317856610454
rmse,selected,surface_speed,1010,15,0.02729030502538017,0.02332964109305886,0.03044933461115274
rmse,selected,surface_speed,1020,15,0.02779376261242363,0.023941340775682992,0.03119830070314253
rmse,selected,surface_speed,1030,15,0.028293200118720937,0.02439951874454018,0.0316675854137872
rmse,selected,surface_speed,1040,15,0.02886887232622654,0.024955219555023268,0.03203455197098349
rmse,selected,surface_speed,1050,15,0.029448188136054956,0.02559646644556465,0.03237551765241995
rmse,selected,surface_speed,1060,15,0.030051350694000757,0.026251044014246744,0.0328705373012575
rmse,selected,surface_speed,1070,15,0.030670734527992086,0.026878902687656234,0.03338899434676742
rmse,selected,surface_speed,1080,15,0.03126815088455976,0.02754453247508441,0.03404286715783736
rmse,selected,surface_speed,1090,15,0.03191163740959069,0.028206640089874464,0.034787702918755666
rmse,selected,surface_speed,1100,15,0.03260860207591424,0.02884126643259467,0.03560342586753727
rmse,selected,surface_speed,1110,15,0.03331609193701907,0.02953445651547231,0.03638662650362353
rmse,selected,surface_speed,1120,15,0.03406303684918561,0.030175183087367843,0.03725138200952059
rmse,selected,surface_speed,1130,15,0.03484118636274088,0.030856045937303355,0.03801402035509078
rmse,selected,surface_speed,1140,15,0.03562622399236118,0.03160042805287999,0.03858238057232518
rmse,selected,surface_speed,1150,15,0.03649159169622216,0.032349760838942,0.039412505391523356
rmse,selected,surface_speed,1160,15,0.03737329099121322,0.0331676586446243,0.04044860775135229
rmse,selected,surface_speed,1170,15,0.03823179713821646,0.033971014874048765,0.0416147942899987
rmse,selected,surface_speed,1180,15,0.03915387658815083,0.034987814951266044,0.04280268245407229
rmse,selected,surface_speed,1190,15,0.04007674886545976,0.03599010336551558,0.04400517748482258
rmse,selected,surface_speed,1200,15,0.040981373266537786,0.03688683543050059,0.04528692065352184
rmse,selected,surface_speed,1210,15,0.04193914310875722,0.03788174196173539,0.046555156925751504
rmse,selected,surface_speed,1220,15,0.04289391986383635,0.03886796895881607,0.047848743526523276
rmse,selected,surface_speed,1230,15,0.043891103573600175,0.03981672336620426,0.04908297104491556
rmse,selected,surface_speed,1240,15,0.04495069584377766,0.04086694047340949,0.05023624506687975
rmse,selected,surface_speed,1250,15,0.04601728798409018,0.041958810456506686,0.0513051603321896
rmse,selected,surface_speed,1260,15,0.04716362573410635,0.043099696730844295,0.05249779255843346
rmse,selected,surface_speed,1270,15,0.04840368401144667,0.04435108991117414,0.05379374507687292
rmse,selected,surface_speed,1280,15,0.049675478487899195,0.045637411793422344,0.055011704974009826
rmse,selected,surface_speed,1290,15,0.05097478952281971,0.046883288934039355,0.056200416125469346
rmse,selected,surface_speed,1300,15,0.05233769647041986,0.048279384694705635,0.057622730126292404
rmse,selected,surface_speed,1310,15,0.05374941487657402,0.04940537241545782,0.059054940139826956
rmse,selected,surface_speed,1320,15,0.05524080136256675,0.050634854977369505,0.060523113741564216
rmse,selected,surface_speed,1330,15,0.056798532409247086,0.051910396534448434,0.062133692394801245
rmse,selected,surface_speed,1340,15,0.05836596186358925,0.05305329582941688,0.06363822618854428
rmse,selected,surface_speed,1350,15,0.059983568578483866,0.0544262118221986,0.06535143292921583
rmse,selected,surface_speed,1360,15,0.06168415753916287,0.0558796713225165,0.06758670835248819
rmse,selected,surface_speed,1370,15,0.06342204505257511,0.057254217310299095,0.0698276885077516
rmse,selected,surface_speed,1380,15,0.06521825101542689,0.058870502849001256,0.07197958180804832
rmse,selected,surface_speed,1390,15,0.06706663853369732,0.060195446655668644,0.07407585426813149
rmse,selected,surface_speed,1400,15,0.06892179573339967,0.061581841845080316,0.07593566814761749
rmse,selected,surface_speed,1410,15,0.07083310929232131,0.06315814607147105,0.07771159750552482
rmse,selected,surface_speed,1420,15,0.07281043754759396,0.0647205899772565,0.07962131796984942
rmse,selected,surface_speed,1430,15,0.0748325685492776,0.06677306320847261,0.08198565826693506
rmse,selected,surface_speed,1440,15,0.07693647674701756,0.06893793512508171,0.08438833818631998
rmse,selected,surface_speed,1450,15,0.07912389976238923,0.071083230714965,0.08689767008522355
rmse,selected,surface_speed,1460,15,0.08136297107948484,0.07304282353355072,0.08946067229852064
rmse,selected,surface_speed,1470,15,0.083671171995059,0.07486905002456022,0.0921507445956841
rmse,selected,surface_speed,1480,15,0.08610691563073461,0.07686928048955824,0.09495164029145835
rmse,selected,surface_speed,1490,15,0.08865304261072905,0.07890893886531535,0.0977253136754099
rmse,selected,surface_speed,1500,15,0.09130257022501179,0.08096508416868507,0.10062836198243749
rmse,selected,surface_speed,1510,15,0.09404205462004317,0.08318153277145406,0.1037645889999558
rmse,selected,surface_speed,1520,15,0.09685061261079456,0.08535889724946176,0.10688333185737141
rmse,selected,surface_speed,1530,15,0.0997823673091828,0.08767768349176798,0.1100825032817737
rmse,selected,surface_speed,1540,15,0.1028275714166947,0.09015618598983957,0.11357041147564124
rmse,selected,surface_speed,1550,15,0.10595626111229058,0.09262569704295445,0.11703790088475406
rmse,selected,surface_speed,1560,15,0.10922325553889842,0.09528562858121004,0.12058925721544435
rmse,selected,surface_speed,1570,15,0.11260355521761653,0.09816849759141051,0.12416446125618381
rmse,selected,surface_speed,1580,15,0.11602705025571217,0.10095564196375342,0.12793279044515007
rmse,selected,surface_speed,1590,15,0.11952934371865773,0.10382904062904538,0.1318476744766693
rmse,selected,surface_speed,1600,15,0.12312314952935907,0.10685925163129137,0.13577298501938204
rmse,selected,surface_speed,1610,15,0.12680375433329755,0.10994490671433813,0.13977222448465698
rmse,selected,surface_speed,1620,15,0.13057154253622485,0.11315254195047812,0.14383827586467005
rmse,selected,surface_speed,1630,15,0.13443878189882552,0.11649736115514908,0.14793037158189992
rmse,selected,surface_speed,1640,15,0.1384512406624237,0.11993258113034441,0.15212272852601585
rmse,selected,surface_speed,1650,15,0.14262302872835575,0.12361476671509641,0.15654476338403941
rmse,selected,surface_speed,1660,15,0.14692589250869384,0.12746746342953078,0.16131668941009072
rmse,selected,surface_speed,1670,15,0.15140214065284427,0.13147087313293543,0.1663036866486557
rmse,selected,surface_speed,1680,15,0.15605595398139605,0.13571761397326293,0.17157030694974287
rmse,selected,surface_speed,1690,15,0.16081779395416823,0.14004909360279177,0.1770221495524146
rmse,selected,surface_speed,1700,15,0.16576116219403975,0.14462206772269073,0.18266908014585606
rmse,selected,surface_speed,1710,15,0.170921889970647,0.14945663729121633,0.18865965189104109
rmse,selected,surface_speed,1720,15,0.17621155559202029,0.15439021395112626,0.1948014764676505
rmse,selected,surface_speed,1730,15,0.1816719223108637,0.1595679745701487,0.20109190977711125
rmse,selected,surface_speed,1740,15,0.1873523066400851,0.16503259993772318,0.20767061934544082
rmse,selected,surface_speed,1750,15,0.19320418240837303,0.1705920229676745,0.21437566319019496
rmse,selected,surface_speed,1760,15,0.1992681666035994,0.1763508425695466,0.2212011819782164
rmse,selected,surface_speed,1770,15,0.20555961161324687,0.18232681970850892,0.22832262623566163
rmse,selected,surface_speed,1780,15,0.21207891248946234,0.188416517424557,0.2356447663704317
rmse,selected,surface_speed,1790,15,0.21882136230903745,0.19468216743759542,0.24313492661369815
rmse,selected,surface_speed,1800,15,0.2257830618404104,0.2011671444128182,0.2508835035142433
rmse,selected,surface_speed,1810,15,0.23301621611079665,0.20777692547427756,0.2588064709664207
rmse,selected,surface_speed,1820,15,0.2405376221403202,0.2146631158610924,0.2670739597945394
rmse,selected,surface_speed,1830,15,0.2483248594257568,0.22178195211311746,0.2756466841715609
rmse,selected,surface_speed,1840,15,0.25641415803260925,0.22904571624845216,0.2844405259320773
rmse,selected,surface_speed,1850,15,0.2648158723039219,0.23654675306998807,0.29352814439932395
rmse,selected,surface_speed,1860,15,0.2734905977626695,0.2442676244862401,0.30285223165817
rmse,selected,surface_speed,1870,15,0.2824640630325187,0.25217421484759844,0.31244231338717465
rmse,selected,surface_speed,1880,15,0.29176175781026814,0.2603217099317507,0.3224023299370837
rmse,selected,surface_speed,1890,15,0.30131121484219453,0.268621394027688,0.3325296505996007
rmse,selected,surface_speed,1900,15,0.31111371230845797,0.2771069267898999,0.34282898889069835
rmse,selected,surface_speed,1910,15,0.32120388039860154,0.28587271926797453,0.3533653423382687
rmse,selected,surface_speed,1920,15,0.3315396372264711,0.2947046912632833,0.3641097180599792
rmse,selected,surface_speed,1930,15,0.3421636327133352,0.3036595145039906,0.3751185236079359
rmse,selected,surface_speed,1940,15,0.3531298715517356,0.3128864577793196,0.3864791222080666
rmse,selected,surface_speed,1950,15,0.364403510129355,0.322264466083797,0.3986215621205295
rmse,selected,surface_speed,1960,15,0.3760251348709158,0.3317959847648313,0.41100099983390176
rmse,selected,surface_speed,1970,15,0.3879821303722808,0.34152696515747144,0.4236333629460718
rmse,selected,surface_speed,1980,15,0.40026005150989014,0.35146789606854495,0.43642877993517276
rmse,selected,surface_speed,1990,15,0.41292333969529876,0.3617881777239834,0.449429368025178
rmse,selected,surface_speed,2000,15,0.42598677424857295,0.37249482477490037,0.4628006920877015
rmse,selected,phihyd_surface,0,15,1.6052560312671315e-09,1.5259158532821509e-09,1.7311576993798157e-09
rmse,selected,phihyd_surface,10,15,0.0016641888660551038,0.0015093429309911393,0.0018495970425888816
rmse,selected,phihyd_surface,20,15,0.00237945205271964,0.0021813039817654162,0.0026750251665113405
rmse,selected,phihyd_surface,30,15,0.0029831418264764016,0.002655096491779334,0.003514976981777185
rmse,selected,phihyd_surface,40,15,0.0035303003112168293,0.0031435591536255834,0.004192926880765729
rmse,selected,phihyd_surface,50,15,0.00408476830085484,0.003716935640623433,0.004863024516618335
rmse,selected,phihyd_surface,60,15,0.004629744359315163,0.004233097600755607,0.005473950227770975
rmse,selected,phihyd_surface,70,15,0.005192727126831688,0.00482577912107784,0.006062752732728194
rmse,selected,phihyd_surface,80,15,0.005756026991746867,0.005335275084561468,0.006637783878504139
rmse,selected,phihyd_surface,90,15,0.0063339506093271075,0.005896606993016936,0.0071739325822213
rmse,selected,phihyd_surface,100,15,0.006924974239040646,0.006473172585082205,0.007685858249751666
rmse,selected,phihyd_surface,110,15,0.007555512523727153,0.007049805515969849,0.008313870449664695
rmse,selected,phihyd_surface,120,15,0.008220128849997614,0.007691015690183694,0.008949731934896243
rmse,selected,phihyd_surface,130,15,0.008916752245707066,0.008390820095856354,0.009600238865887227
rmse,selected,phihyd_surface,140,15,0.009646080847565318,0.00914388193862741,0.01032893530140964
rmse,selected,phihyd_surface,150,15,0.010435756580688172,0.009928748847105782,0.011104950333204014
rmse,selected,phihyd_surface,160,15,0.01128227962145124,0.010792002896755148,0.012032400353738114
rmse,selected,phihyd_surface,170,15,0.01215644458502313,0.011630200899234147,0.013001813401450202
rmse,selected,phihyd_surface,180,15,0.01307913635213518,0.012457587705352071,0.013958819996750943
rmse,selected,phihyd_surface,190,15,0.014063892300648778,0.013387603049358397,0.015005779331170735
rmse,selected,phihyd_surface,200,15,0.015087901487957306,0.014386269055002742,0.016123758814554297
rmse,selected,phihyd_surface,210,15,0.0161554158723201,0.01524953928446346,0.017363729935671604
rmse,selected,phihyd_surface,220,15,0.01728270022488818,0.016223254778496808,0.018603676853151924
rmse,selected,phihyd_surface,230,15,0.018450196556396858,0.01737116056365891,0.019901428113177688
rmse,selected,phihyd_surface,240,15,0.019659519709990223,0.018481742806801663,0.021268077695432108
rmse,selected,phihyd_surface,250,15,0.02093784828476316,0.019613201976260247,0.02265913778008928
rmse,selected,phihyd_surface,260,15,0.022222436584073323,0.020864950693112328,0.02409158267610919
rmse,selected,phihyd_surface,270,15,0.023519305528173457,0.0219534297553925,0.025378775215854948
rmse,selected,phihyd_surface,280,15,0.024889593791121645,0.023112107454247233,0.026965578874371413
rmse,selected,phihyd_surface,290,15,0.026322753506063033,0.024417607155795277,0.028513308005816248
rmse,selected,phihyd_surface,300,15,0.0278058251552531,0.025754946625152136,0.03001131871047556
rmse,selected,phihyd_surface,310,15,0.02930297548999948,0.027074333869230534,0.031578590214417265
rmse,selected,phihyd_surface,320,15,0.03085172071380408,0.028375313914405488,0.033252827840673974
rmse,selected,phihyd_surface,330,15,0.032448664246497685,0.029810869887214566,0.03497185955968827
rmse,selected,phihyd_surface,340,15,0.03407978410714292,0.031174430932982534,0.036685660671616285
rmse,selected,phihyd_surface,350,15,0.0357572476019435,0.032678824565982804,0.03844772805372349
rmse,selected,phihyd_surface,360,15,0.03748348026860677,0.034204135121007985,0.040268360863903424
rmse,selected,phihyd_surface,370,15,0.03924026241635177,0.03567666995901666,0.04219267885462304
rmse,selected,phihyd_surface,380,15,0.041015582463876626,0.037262746805096315,0.04417808972781612
rmse,selected,phihyd_surface,390,15,0.04285167462030444,0.038877023797996985,0.046205457630868994
rmse,selected,phihyd_surface,400,15,0.0447387694109028,0.04053899155840634,0.04821145776655347
rmse,selected,phihyd_surface,410,15,0.04666270961717747,0.042172486359141656,0.050290133256068875
rmse,selected,phihyd_surface,420,15,0.048633055226401385,0.04383243002838333,0.05243087583907629
rmse,selected,phihyd_surface,430,15,0.050629375354318544,0.04548252723988731,0.05460529205972975
rmse,selected,phihyd_surface,440,15,0.05265594089282966,0.047156880837366494,0.056770969965634015
rmse,selected,phihyd_surface,450,15,0.054725998310660745,0.0488297183408626,0.05902294554846463
rmse,selected,phihyd_surface,460,15,0.05687773852064214,0.050573239649785155,0.06140377532625328
rmse,selected,phihyd_surface,470,15,0.059051869273712386,0.05235219582405405,0.0637941295962457
rmse,selected,phihyd_surface,480,15,0.06122376051246513,0.05417545798412464,0.06599770815318878
rmse,selected,phihyd_surface,490,15,0.06342262588489563,0.05597864166505914,0.06836836928573953
rmse,selected,phihyd_surface,500,15,0.06565626798936748,0.05789239239376655,0.07097640723753784
rmse,selected,phihyd_surface,510,15,0.06793403613443316,0.059918514450900254,0.0734569132941534
rmse,selected,phihyd_surface,520,15,0.07026166871097887,0.06199216207994188,0.07592838081928308
rmse,selected,phihyd_surface,530,15,0.07264849622322411,0.0640921189657737,0.07841800906276168
rmse,selected,phihyd_surface,540,15,0.07505123782669101,0.06619014891813262,0.08102643481555352
rmse,selected,phihyd_surface,550,15,0.07745573499565166,0.06826200336788657,0.08379313895942746
rmse,selected,phihyd_surface,560,15,0.0799375185023284,0.07046342577082054,0.0864895230320194
rmse,selected,phihyd_surface,570,15,0.08248327054374682,0.07269274500517157,0.0891371276823158
rmse,selected,phihyd_surface,580,15,0.08506308576082423,0.0748661270077004,0.09209419646532775
rmse,selected,phihyd_surface,590,15,0.0877005205058319,0.0771254739311356,0.09495441260728782
rmse,selected,phihyd_surface,600,15,0.09037592369765625,0.07935225834369217,0.09789316175566001
rmse,selected,phihyd_surface,610,15,0.09307142309830468,0.08156631791715398,0.10099927082599933
rmse,selected,phihyd_surface,620,15,0.09578454795643632,0.0839016596516827,0.10401711011116108
rmse,selected,phihyd_surface,630,15,0.09866749975340576,0.08617146359822168,0.10707212739776888
rmse,selected,phihyd_surface,640,15,0.10156881058611515,0.08858108740845677,0.11010458359743268
rmse,selected,phihyd_surface,650,15,0.1045174214939428,0.09115765109963679,0.11330172983231532
rmse,selected,phihyd_surface,660,15,0.10742478151858467,0.0936324959540766,0.1162518376242815
rmse,selected,phihyd_surface,670,15,0.11040386222404465,0.09619542483897496,0.11963330215956171
rmse,selected,phihyd_surface,680,15,0.11344891386096395,0.09888649052281308,0.12283944331951742
rmse,selected,phihyd_surface,690,15,0.11659016661850097,0.10171140564755235,0.12624590756907894
rmse,selected,phihyd_surface,700,15,0.11977775106838992,0.10458279281882332,0.12980720222343842
rmse,selected,phihyd_surface,710,15,0.1229285517744596,0.10710964542812834,0.1331981080812805
rmse,selected,phihyd_surface,720,15,0.12612070372634437,0.10987699926548533,0.13697002178996665
rmse,selected,phihyd_surface,730,15,0.12936517055888117,0.11287032054326493,0.14048131843107534
rmse,selected,phihyd_surface,740,15,0.132696887229706,0.11601859675278173,0.14386027295910173
rmse,selected,phihyd_surface,750,15,0.1361074745661601,0.11895010055488411,0.14734857592419398
rmse,selected,phihyd_surface,760,15,0.13961661366802694,0.12195218087931319,0.151049006557243
rmse,selected,phihyd_surface,770,15,0.14314456360929978,0.12507164394299267,0.15480524133285314
rmse,selected,phihyd_surface,780,15,0.14668929757806373,0.12801282930544125,0.15867886817477578
rmse,selected,phihyd_surface,790,15,0.15037459827121202,0.1313635014018366,0.16261468192198353
rmse,selected,phihyd_surface,800,15,0.1542479839988,0.1348153133905729,0.16665066086905322
rmse,selected,phihyd_surface,810,15,0.15818308428289743,0.13830207746780576,0.17081783170834985
rmse,selected,phihyd_surface,820,15,0.1621806961886345,0.1422203900446635,0.17490726099828685
rmse,selected,phihyd_surface,830,15,0.1662610390103901,0.14613364171995125,0.17912437001333475
rmse,selected,phihyd_surface,840,15,0.1703764776721292,0.14998669257842112,0.18307567341609918
rmse,selected,phihyd_surface,850,15,0.17461908062442003,0.15419005708182268,0.18729674078454778
rmse,selected,phihyd_surface,860,15,0.17901635270365407,0.15854667208551054,0.19174603811622162
rmse,selected,phihyd_surface,870,15,0.1834762297372213,0.1626228842014542,0.19617166518311607
rmse,selected,phihyd_surface,880,15,0.18795023172181916,0.16662284813002798,0.20048173954781642
rmse,selected,phihyd_surface,890,15,0.19250755453632415,0.17125457245707998,0.2049908668142454
rmse,selected,phihyd_surface,900,15,0.19719724535958497,0.17588203849731363,0.20940303087593776
rmse,selected,phihyd_surface,910,15,0.20197760319687677,0.1807289724665435,0.21382790193744522
rmse,selected,phihyd_surface,920,15,0.20684684171578446,0.1858158833993231,0.21865142005399754
rmse,selected,phihyd_surface,930,15,0.21187338609517478,0.19085100559591817,0.22363221855218007
rmse,selected,phihyd_surface,940,15,0.21697380269666844,0.19618105476770833,0.2285844194232363
rmse,selected,phihyd_surface,950,15,0.22212889128890914,0.20157438681019185,0.23372977901146322
rmse,selected,phihyd_surface,960,15,0.22747762801633922,0.20684525930762415,0.23908440946790613
rmse,selected,phihyd_surface,970,15,0.23308840941894565,0.21230380424660097,0.2445846844237475
rmse,selected,phihyd_surface,980,15,0.2387405579141112,0.21806677034957692,0.2506219385392536
rmse,selected,phihyd_surface,990,15,0.24446290144157476,0.22361204979503232,0.25679690157533896
rmse,selected,phihyd_surface,1000,15,0.2503424885569685,0.2290327638340187,0.26323460748158994
rmse,selected,phihyd_surface,1010,15,0.2563451203915159,0.23465615325662126,0.26991316758411293
rmse,selected,phihyd_surface,1020,15,0.26251408650509933,0.24035442993515252,0.2770187956365007
rmse,selected,phihyd_surface,1030,15,0.26886749222098205,0.24603188515913865,0.284598573181962
rmse,selected,phihyd_surface,1040,15,0.2753041966163427,0.2517094969041292,0.29231401327552153
rmse,selected,phihyd_surface,1050,15,0.2817785755090639,0.2573798180255037,0.300140622054253
rmse,selected,phihyd_surface,1060,15,0.288388752858887,0.26290785410826584,0.3082469202936445
rmse,selected,phihyd_surface,1070,15,0.29515575566458135,0.2686191481381057,0.3166346609272261
rmse,selected,phihyd_surface,1080,15,0.30205104797746546,0.2745136432053319,0.3253796553828927
rmse,selected,phihyd_surface,1090,15,0.3090272177972121,0.28012781801419845,0.33413222358358435
rmse,selected,phihyd_surface,1100,15,0.3160996777131133,0.2856970701786308,0.3428748360105278
rmse,selected,phihyd_surface,1110,15,0.32328368248213857,0.2918466154447959,0.35154592832057346
rmse,selected,phihyd_surface,1120,15,0.3305152233470306,0.29793771010962344,0.3597723483486282
rmse,selected,phihyd_surface,1130,15,0.3378860018444382,0.3040023706779714,0.3680070622545274
rmse,selected,phihyd_surface,1140,15,0.3454319524979403,0.31007327717527305,0.3768237279426508
rmse,selected,phihyd_surface,1150,15,0.35297738874812173,0.31602157290298283,0.38607527431386324
rmse,selected,phihyd_surface,1160,15,0.36054154764057605,0.3221492444970621,0.3952619323280492
rmse,selected,phihyd_surface,1170,15,0.36822698872617604,0.3284014971647256,0.40489901062566946
rmse,selected,phihyd_surface,1180,15,0.375999653107175,0.33442719171253577,0.41460100232340885
rmse,selected,phihyd_surface,1190,15,0.3838440033053955,0.34040052257700715,0.42441767314613443
rmse,selected,phihyd_surface,1200,15,0.3917625837738574,0.34635565517188577,0.4344931160006216
rmse,selected,phihyd_surface,1210,15,0.3997931842189261,0.3521913506214225,0.4448203420519756
rmse,selected,phihyd_surface,1220,15,0.4079644819593309,0.35810512678300593,0.45534454180986533
rmse,selected,phihyd_surface,1230,15,0.4163085333906309,0.36443683504172814,0.466021280012311
rmse,selected,phihyd_surface,1240,15,0.4248908547253427,0.3709529243489868,0.4762732705820488
rmse,selected,phihyd_surface,1250,15,0.4337080221867401,0.3776315535320154,0.48645779496587743
rmse,selected,phihyd_surface,1260,15,0.44277024985036906,0.3848373643509119,0.49691894307723666
rmse,selected,phihyd_surface,1270,15,0.45212006835639723,0.3924165677687969,0.5074069076655991
rmse,selected,phihyd_surface,1280,15,0.4617466765623367,0.40022990513375206,0.5178416944007442
rmse,selected,phihyd_surface,1290,15,0.47166001494075666,0.408546484306036,0.5282469529275515
rmse,selected,phihyd_surface,1300,15,0.48194999561961294,0.4175150971375745,0.5387044703142682
rmse,selected,phihyd_surface,1310,15,0.492656806753973,0.4270537682330588,0.5498838962570253
rmse,selected,phihyd_surface,1320,15,0.5037117720764709,0.43716037180727263,0.5614301526857685
rmse,selected,phihyd_surface,1330,15,0.5151089868667695,0.44788862288613246,0.5732850726676474
rmse,selected,phihyd_surface,1340,15,0.5269321164570336,0.4591915980173498,0.5858546941686679
rmse,selected,phihyd_surface,1350,15,0.539194071707483,0.4708331804659455,0.598683869150633
rmse,selected,phihyd_surface,1360,15,0.5518732341903623,0.48288066112078,0.6116622431761852
rmse,selected,phihyd_surface,1370,15,0.5649705645306142,0.4954513560849757,0.6252682068401609
rmse,selected,phihyd_surface,1380,15,0.5785724424845463,0.508396277759741,0.6393792189527308
rmse,selected,phihyd_surface,1390,15,0.5926766226603637,0.5216730819969794,0.653645691251559
rmse,selected,phihyd_surface,1400,15,0.6072526721713739,0.5356386402916072,0.6686108221112427
rmse,selected,phihyd_surface,1410,15,0.62239393066419,0.5500978213539637,0.6841233177241396
rmse,selected,phihyd_surface,1420,15,0.6381035293714852,0.5647908576112869,0.6996798746231038
rmse,selected,phihyd_surface,1430,15,0.6543358207193898,0.5801703244520062,0.7160369934782744
rmse,selected,phihyd_surface,1440,15,0.6711043746452182,0.5961211274463941,0.7329505854009362
rmse,selected,phihyd_surface,1450,15,0.6884066759487394,0.6122598281127434,0.7501448742392135
rmse,selected,phihyd_surface,1460,15,0.7061601352177542,0.6289178687092318,0.7674380099642538
rmse,selected,phihyd_surface,1470,15,0.7244117671188529,0.646961233852557,0.7853393830128268
rmse,selected,phihyd_surface,1480,15,0.7432032540615141,0.665992061327728,0.8038623909298708
rmse,selected,phihyd_surface,1490,15,0.7624231711327153,0.6855592537889774,0.8238988198436853
rmse,selected,phihyd_surface,1500,15,0.7820132469049169,0.7054452129290644,0.8440036896721551
rmse,selected,phihyd_surface,1510,15,0.8020815594821545,0.7258556342373758,0.8645040779568753
rmse,selected,phihyd_surface,1520,15,0.8226722333763884,0.7468308800830072,0.8855526948946627
rmse,selected,phihyd_surface,1530,15,0.8436661500724977,0.7683055483837706,0.9069704929810936
rmse,selected,phihyd_surface,1540,15,0.8650666544916584,0.790216973408891,0.9290552499789682
rmse,selected,phihyd_surface,1550,15,0.8869830988757831,0.8125332408257212,0.9528008662890765
rmse,selected,phihyd_surface,1560,15,0.9093642904611648,0.835309745685851,0.9780138898925824
rmse,selected,phihyd_surface,1570,15,0.9321250201351294,0.8583968249935492,1.003427857705662
rmse,selected,phihyd_surface,1580,15,0.955276535907879,0.8816978477293607,1.0291743584199706
rmse,selected,phihyd_surface,1590,15,0.9788948533432063,0.9055149526201502,1.0554688247556108
rmse,selected,phihyd_surface,1600,15,1.0029745032907291,0.9297746785817563,1.0822828798597763
rmse,selected,phihyd_surface,1610,15,1.0274531249426047,0.9541861877293578,1.1094832508154915
rmse,selected,phihyd_surface,1620,15,1.052418853268371,0.9791888183799422,1.1373010813299995
rmse,selected,phihyd_surface,1630,15,1.077850311997931,1.004794052590511,1.1659332406478171
rmse,selected,phihyd_surface,1640,15,1.1037285206970517,1.030754426318143,1.1950331319109646
rmse,selected,phihyd_surface,1650,15,1.1301660950937582,1.0574876109641955,1.2245915182499922
rmse,selected,phihyd_surface,1660,15,1.157117917713495,1.084979040139737,1.254984453626506
rmse,selected,phihyd_surface,1670,15,1.1844905378915398,1.1101514775951715,1.2858513107543958
rmse,selected,phihyd_surface,1680,15,1.212434461423906,1.135170970211586,1.3170315937484849
rmse,selected,phihyd_surface,1690,15,1.2410258385534878,1.1614936966161058,1.3490052571306699
rmse,selected,phihyd_surface,1700,15,1.2701383992765216,1.1881002249457722,1.3814075453027872
rmse,selected,phihyd_surface,1710,15,1.2997917357416935,1.2143744799714542,1.4139132834157795
rmse,selected,phihyd_surface,1720,15,1.3301365809040213,1.239682508908252,1.4480292303350344
rmse,selected,phihyd_surface,1730,15,1.361228239588097,1.265977921271503,1.4830979041154535
rmse,selected,phihyd_surface,1740,15,1.3930255532701117,1.2931241740381063,1.5191766002777802
rmse,selected,phihyd_surface,1750,15,1.4254700171920205,1.3208499931454971,1.5563890133936242
rmse,selected,phihyd_surface,1760,15,1.458671502145713,1.3497778311805253,1.5937807559629291
rmse,selected,phihyd_surface,1770,15,1.4926863319647075,1.3800842386772494,1.6319834175606016
rmse,selected,phihyd_surface,1780,15,1.5273994934230306,1.4108212170517582,1.671324314081175
rmse,selected,phihyd_surface,1790,15,1.562887241053365,1.4422376321659975,1.7111366305957172
rmse,selected,phihyd_surface,1800,15,1.5993002763806763,1.4749319098864266,1.7517656413397695
rmse,selected,phihyd_surface,1810,15,1.6366049797385396,1.5080048897642313,1.793848884216591
rmse,selected,phihyd_surface,1820,15,1.674841600018071,1.5417519719220847,1.8371564742059532
rmse,selected,phihyd_surface,1830,15,1.7141390370547067,1.57707784747483,1.8815557573498467
rmse,selected,phihyd_surface,1840,15,1.7544770121037152,1.6130842870945379,1.9271361535458966
rmse,selected,phihyd_surface,1850,15,1.795942978348451,1.6497194833550912,1.9744303192274346
rmse,selected,phihyd_surface,1860,15,1.8387093774160161,1.6882398735318356,2.0236719408247588
rmse,selected,phihyd_surface,1870,15,1.8827014625037992,1.728291392220594,2.0743091308431105
rmse,selected,phihyd_surface,1880,15,1.927900747509212,1.7681201185545707,2.1265673031980494
rmse,selected,phihyd_surface,1890,15,1.974491427324309,1.8092793039270205,2.180936361234181
rmse,selected,phihyd_surface,1900,15,2.022604873929869,1.8523047963552657,2.233600998476669
rmse,selected,phihyd_surface,1910,15,2.072250237844516,1.897531413800881,2.2849683613990157
rmse,selected,phihyd_surface,1920,15,2.1233835630442495,1.9467761202172502,2.3380024293315755
rmse,selected,phihyd_surface,1930,15,2.176084218796205,1.9973672891836523,2.392539148248958
rmse,selected,phihyd_surface,1940,15,2.230453611673832,2.04782865546109,2.44849945060221
rmse,selected,phihyd_surface,1950,15,2.286486380734148,2.0981887898496203,2.5059324713417053
rmse,selected,phihyd_surface,1960,15,2.3441955439708853,2.14955471505873,2.5647217938026845
rmse,selected,phihyd_surface,1970,15,2.403709914078533,2.2008897022756124,2.6248190276098238
rmse,selected,phihyd_surface,1980,15,2.465034932902325,2.2540082161389767,2.6863880091884456
rmse,selected,phihyd_surface,1990,15,2.5282072613095385,2.3100761610915006,2.75481993081717
rmse,selected,phihyd_surface,2000,15,2.5933355884322116,2.371022799100201,2.8248110873058536
rmse,selected,sst,0,15,1.1739487957687324e-09,1.0289821456926073e-09,1.2741477862431596e-09
rmse,selected,sst,10,15,0.0034439343752815875,0.003145282813280138,0.0037246458708680703
rmse,selected,sst,20,15,0.005171064245611616,0.0046300444869382664,0.006045450894938088
rmse,selected,sst,30,15,0.006429584743384444,0.005777978289076567,0.007548131584985218
rmse,selected,sst,40,15,0.007596214900023813,0.006776242982491167,0.008977886231792168
rmse,selected,sst,50,15,0.008654774273200416,0.007805737984987429,0.010531267510301343
rmse,selected,sst,60,15,0.00964014927846982,0.00865188310421415,0.012008052774051346
rmse,selected,sst,70,15,0.010472909082109124,0.009363227876203488,0.012926000779734128
rmse,selected,sst,80,15,0.011289502618497965,0.010180321299524883,0.01375571300646595
rmse,selected,sst,90,15,0.012018470547679957,0.010987222656072536,0.01440554618078928
rmse,selected,sst,100,15,0.012751633666078361,0.01175066231033823,0.01498965835711773
rmse,selected,sst,110,15,0.013618678462674944,0.012616936473394347,0.015938924200103875
rmse,selected,sst,120,15,0.014505603681913387,0.013435192021251255,0.01695504113155564
rmse,selected,sst,130,15,0.015443187504245337,0.014271289597201716,0.017941413118491102
rmse,selected,sst,140,15,0.016426247183811887,0.015193985438942157,0.019171993238389598
rmse,selected,sst,150,15,0.017485934638989436,0.015910501501354802,0.020581926297968775
rmse,selected,sst,160,15,0.018631279974062796,0.016950827668360906,0.02202414531235483
rmse,selected,sst,170,15,0.019828242319159122,0.017901030413700534,0.02360351469796454
rmse,selected,sst,180,15,0.021169437812427104,0.01897107203832967,0.025222008557005758
rmse,selected,sst,190,15,0.02257937758961603,0.020087123591283788,0.026854261815932597
rmse,selected,sst,200,15,0.0241103543203992,0.02123143314492582,0.02843084015299932
rmse,selected,sst,210,15,0.025719012741426253,0.022555962631011128,0.030543263642874328
rmse,selected,sst,220,15,0.027489559963841455,0.023961792229693326,0.03288804541139041
rmse,selected,sst,230,15,0.02940075435597163,0.025393265401110778,0.035031885859394166
rmse,selected,sst,240,15,0.031400999674070985,0.02696223900658292,0.03717932336666874
rmse,selected,sst,250,15,0.03356211362607358,0.028309287159397088,0.03969484084091848
rmse,selected,sst,260,15,0.03585691683139494,0.029854128501700744,0.04246342766013728
rmse,selected,sst,270,15,0.03828707186366113,0.031373015938306645,0.04520251484125068
rmse,selected,sst,280,15,0.04097254123113994,0.03321078737593506,0.047854682537965744
rmse,selected,sst,290,15,0.043896266549711946,0.03518738646250202,0.05083050691728691
rmse,selected,sst,300,15,0.04696235312484705,0.03715812667501051,0.05425288864117324
rmse,selected,sst,310,15,0.05017955572550806,0.03945613229745635,0.05785739447008884
rmse,selected,sst,320,15,0.05361326343041336,0.04205388134886958,0.06168967632002149
rmse,selected,sst,330,15,0.05734560746330653,0.04466918277579794,0.06589413265231203
rmse,selected,sst,340,15,0.061308685947126594,0.04720710446706574,0.07041181950338132
rmse,selected,sst,350,15,0.06538204346516184,0.050148121415009454,0.07461290958973704
rmse,selected,sst,360,15,0.06959614449634785,0.05328256634759934,0.07862290834883108
rmse,selected,sst,370,15,0.0739975566654327,0.05657449243041479,0.08303695519148979
rmse,selected,sst,380,15,0.0786547605109213,0.060236389824039456,0.08799152010487168
rmse,selected,sst,390,15,0.08354033645066311,0.06394389045934777,0.09380073587027535
rmse,selected,sst,400,15,0.08861237756884889,0.0680584996705293,0.10020417354643477
rmse,selected,sst,410,15,0.09382117883511472,0.07235707453925358,0.10706034508293776
rmse,selected,sst,420,15,0.09905168033250558,0.07667005267931644,0.11410986713804784
rmse,selected,sst,430,15,0.10430311340207842,0.08091401628411359,0.12106638475811915
rmse,selected,sst,440,15,0.10962974361746697,0.08497602566141689,0.12817612531251105
rmse,selected,sst,450,15,0.11498945704201705,0.08898389875445302,0.1353921126278553
rmse,selected,sst,460,15,0.12026945921198669,0.09310565199933532,0.14243853606280982
rmse,selected,sst,470,15,0.12531821816027466,0.09695112549910007,0.14872097779194127
rmse,selected,sst,480,15,0.1301123618025399,0.10062280206591888,0.15453871434173777
rmse,selected,sst,490,15,0.1346235019685227,0.10412418888790653,0.16025982440529776
rmse,selected,sst,500,15,0.13894484819699487,0.10754116833555862,0.16583976677053458
rmse,selected,sst,510,15,0.14314614623237298,0.11034391770108902,0.17136998900723321
rmse,selected,sst,520,15,0.14727508968846806,0.11298641306677765,0.17691235612803324
rmse,selected,sst,530,15,0.15126069384910262,0.11558700442327524,0.18230137515365788
rmse,selected,sst,540,15,0.15518079436731616,0.11802384897285137,0.18750774787581928
rmse,selected,sst,550,15,0.1590610853823488,0.12049228457083451,0.19223846558901722
rmse,selected,sst,560,15,0.1629541172837571,0.12281691727147453,0.19647030312592959
rmse,selected,sst,570,15,0.16677285475484932,0.1250853094262833,0.20064785628495485
rmse,selected,sst,580,15,0.17066846300069718,0.12749687723310055,0.20577030557362785
rmse,selected,sst,590,15,0.17459325043743518,0.12987574362607024,0.2121906280567926
rmse,selected,sst,600,15,0.1784850094173329,0.13221202613716654,0.21875580642231784
rmse,selected,sst,610,15,0.18237253185176028,0.13454107886676495,0.22561803648040946
rmse,selected,sst,620,15,0.18647270196442356,0.1364074413657747,0.2330854536824935
rmse,selected,sst,630,15,0.1906829037724636,0.1382305203690807,0.24085208959386342
rmse,selected,sst,640,15,0.19482202730085327,0.14022563678524172,0.24874127731079024
rmse,selected,sst,650,15,0.19893495025360905,0.14179006001560787,0.2562864564099433
rmse,selected,sst,660,15,0.20312808729909657,0.14333651311049167,0.26424155819754985
rmse,selected,sst,670,15,0.20739919099018123,0.14491701162700665,0.2725040349718979
rmse,selected,sst,680,15,0.2117729015374074,0.14661846631018535,0.28064088248990193
rmse,selected,sst,690,15,0.21607015631811072,0.1484000136609646,0.2890538823730369
rmse,selected,sst,700,15,0.22023714909398573,0.15018088522412937,0.29644593745004616
rmse,selected,sst,710,15,0.22434136193782603,0.15163552489662208,0.3036569332403998
rmse,selected,sst,720,15,0.22851715822791535,0.15291591082992242,0.31098708733040187
rmse,selected,sst,730,15,0.23274975886461038,0.15544894442792445,0.3180571316042331
rmse,selected,sst,740,15,0.2369396989402375,0.1580875298453344,0.324710106675096
rmse,selected,sst,750,15,0.2412735684997866,0.16085833823627763,0.3317916695624423
rmse,selected,sst,760,15,0.24559475849778956,0.16376123974127554,0.33998197942933045
rmse,selected,sst,770,15,0.2499862036712543,0.16650916967324694,0.34815000425649534
rmse,selected,sst,780,15,0.254403853846226,0.16902724205644593,0.3567889411154635
rmse,selected,sst,790,15,0.25917109723872106,0.1725744812088814,0.3657612669284481
rmse,selected,sst,800,15,0.2642980747737502,0.1766572206094042,0.37450621617957325
rmse,selected,sst,810,15,0.26971001159939983,0.18084764020396982,0.3835811826579175
rmse,selected,sst,820,15,0.27538285449707445,0.18494174150467368,0.3930456520537957
rmse,selected,sst,830,15,0.28142333305036166,0.18934285614642177,0.4027566214856388
rmse,selected,sst,840,15,0.28801511444119066,0.19427612093763164,0.41302811808709267
rmse,selected,sst,850,15,0.2952486064792789,0.19959087951217405,0.42403387723323416
rmse,selected,sst,860,15,0.3029193247095851,0.20460812212523968,0.43591625884604623
rmse,selected,sst,870,15,0.3109063164144584,0.20926798845087957,0.44823721487940077
rmse,selected,sst,880,15,0.31923394314906706,0.21406543440652012,0.4606654240901854
rmse,selected,sst,890,15,0.3281426427634996,0.21939104765428297,0.47333890277763746
rmse,selected,sst,900,15,0.3374612273942311,0.2249817855629947,0.48638220893459133
rmse,selected,sst,910,15,0.3471469812550051,0.23078260752550608,0.49964641986299074
rmse,selected,sst,920,15,0.3573736996158149,0.23727410405647098,0.5124171417009341
rmse,selected,sst,930,15,0.3678198308384347,0.24354972005305087,0.5260114507487272
rmse,selected,sst,940,15,0.37858369809285014,0.25048547456438086,0.5399765130167384
rmse,selected,sst,950,15,0.38958208801192107,0.2572823911903683,0.5551265934150936
rmse,selected,sst,960,15,0.4008355295658116,0.2636125031055833,0.5719387803427676
rmse,selected,sst,970,15,0.41226544154765726,0.27011988458160097,0.5889491942442978
rmse,selected,sst,980,15,0.4239379350615319,0.27731732078015836,0.6039425487802402
rmse,selected,sst,990,15,0.43587652326774884,0.2851982213638168,0.6182660392480486
rmse,selected,sst,1000,15,0.4480026226878157,0.2928789714755177,0.6333617661152119
rmse,selected,sst,1010,15,0.46041035839543976,0.30038687364798566,0.6496456261841422
rmse,selected,sst,1020,15,0.47316627518746773,0.3085964082647926,0.6668063875477953
rmse,selected,sst,1030,15,0.48630593402748234,0.31770590588937236,0.6847383009719482
rmse,selected,sst,1040,15,0.4995767361420379,0.3267861780952822,0.7026433088821854
rmse,selected,sst,1050,15,0.5129959004012239,0.33537577674651814,0.7203581210271048
rmse,selected,sst,1060,15,0.5266835321123876,0.34391726583587084,0.7383249860344665
rmse,selected,sst,1070,15,0.5406751128081095,0.35330556409587127,0.7562265779071458
rmse,selected,sst,1080,15,0.5550538119226491,0.36361711949714864,0.7745439760897933
rmse,selected,sst,1090,15,0.5699534681591889,0.37429185424651484,0.7932675391569379
rmse,selected,sst,1100,15,0.5852277824219506,0.38518286688712716,0.8121317177482972
rmse,selected,sst,1110,15,0.6009669742727297,0.39636484296186675,0.8315735768375768
rmse,selected,sst,1120,15,0.6173389909573371,0.40789240940910365,0.8518913246853516
rmse,selected,sst,1130,15,0.6343189773631989,0.41998842813012816,0.8734471979771624
rmse,selected,sst,1140,15,0.6518129027141993,0.4328420742072936,0.8980450155052716
rmse,selected,sst,1150,15,0.6697669145254486,0.44641603488630033,0.923791437503993
rmse,selected,sst,1160,15,0.6881349621242482,0.46061776830663315,0.9497738939383331
rmse,selected,sst,1170,15,0.7069615638060864,0.47601651958807123,0.9759492519490348
rmse,selected,sst,1180,15,0.7262330009881007,0.49192632513798823,1.00215339901474
rmse,selected,sst,1190,15,0.745956722279936,0.5072240894591102,1.0281359644331665
rmse,selected,sst,1200,15,0.7661272966887193,0.5228921621456005,1.0539053539715355
rmse,selected,sst,1210,15,0.7866398600137846,0.538922052206167,1.079181648261191
rmse,selected,sst,1220,15,0.8075781772072347,0.5553625578558307,1.1040438521557872
rmse,selected,sst,1230,15,0.829119666900623,0.5724662838595643,1.1289686223258444
rmse,selected,sst,1240,15,0.8511927626151677,0.5906152979559233,1.1545362417319913
rmse,selected,sst,1250,15,0.8737958301388442,0.6097634196931753,1.1809320506914462
rmse,selected,sst,1260,15,0.8971130023298234,0.6298799800635857,1.2083105379631087
rmse,selected,sst,1270,15,0.9209749152655621,0.6509342239798456,1.236415613267535
rmse,selected,sst,1280,15,0.9452508215897303,0.6725283694844958,1.265087152236732
rmse,selected,sst,1290,15,0.9701020503944365,0.6945130604558506,1.2949131806583412
rmse,selected,sst,1300,15,0.9954786315959497,0.7170403709884221,1.3265453142308379
rmse,selected,sst,1310,15,1.0213250363968889,0.7400466708368705,1.3588270390409212
rmse,selected,sst,1320,15,1.047604817243595,0.7636396036807627,1.3918918884586682
rmse,selected,sst,1330,15,1.0744355965866805,0.7879502920235925,1.42521994645949
rmse,selected,sst,1340,15,1.1017536960574972,0.8123906304472084,1.4588818352531892
rmse,selected,sst,1350,15,1.1295228881103618,0.8371526105953537,1.49313886829085
rmse,selected,sst,1360,15,1.157853536003942,0.8612349510456956,1.5276638714727835
rmse,selected,sst,1370,15,1.1868860379596178,0.8834091609677146,1.5624343851742264
rmse,selected,sst,1380,15,1.2166355045477955,0.9058805239759461,1.5975531778348293
rmse,selected,sst,1390,15,1.2472802544307091,0.9287241101554953,1.63376651548184
rmse,selected,sst,1400,15,1.2789491010862926,0.9515678901905197,1.6721811876482986
rmse,selected,sst,1410,15,1.3118079773169915,0.9743238817497957,1.7127140513448404
rmse,selected,sst,1420,15,1.3460133637828176,0.9972697298157931,1.7562028422183882
rmse,selected,sst,1430,15,1.3816788366487882,1.0209394534536262,1.8023141045910922
rmse,selected,sst,1440,15,1.418617559045831,1.045176671393263,1.8532221962592423
rmse,selected,sst,1450,15,1.4565572507617004,1.0691005332039591,1.9061598409871756
rmse,selected,sst,1460,15,1.495454167656144,1.0929454955327766,1.9598090655017295
rmse,selected,sst,1470,15,1.5352671827251163,1.117149607083842,2.014229078622147
rmse,selected,sst,1480,15,1.5760176586047767,1.1418285108990358,2.0689939850357906
rmse,selected,sst,1490,15,1.6175490126763346,1.1670604388214356,2.123737130688377
rmse,selected,sst,1500,15,1.6599661912848824,1.1930479496004531,2.17837201447016
rmse,selected,sst,1510,15,1.70330719078462,1.219761049867085,2.233386826288396
rmse,selected,sst,1520,15,1.747526377645111,1.2470470154192146,2.2892160471476304
rmse,selected,sst,1530,15,1.7926483115623006,1.2747573023089138,2.3458053826613527
rmse,selected,sst,1540,15,1.8386600594134053,1.3035467428740082,2.4029805991567263
rmse,selected,sst,1550,15,1.885405390295093,1.3332666650486102,2.4603635846183605
rmse,selected,sst,1560,15,1.9328506691280152,1.3641132821567397,2.517624978907979
rmse,selected,sst,1570,15,1.9807739516392855,1.3959495208432968,2.5761102049784985
rmse,selected,sst,1580,15,2.029278449890848,1.42919560813415,2.6375240474430917
rmse,selected,sst,1590,15,2.0784048932455557,1.463762371418537,2.702102153917523
rmse,selected,sst,1600,15,2.1283726828478846,1.500752950156137,2.770078885880817
rmse,selected,sst,1610,15,2.1793527932504517,1.5406102606372374,2.8448184747047565
rmse,selected,sst,1620,15,2.231278684535833,1.5823640125152556,2.9267650161675958
rmse,selected,sst,1630,15,2.2844097202275715,1.616821239594174,3.0116021038285727
rmse,selected,sst,1640,15,2.3391911218202806,1.6512835408471132,3.1033713424716725
rmse,selected,sst,1650,15,2.395748843550708,1.6831026865359402,3.19940529391477
rmse,selected,sst,1660,15,2.454094862401228,1.7168953054845981,3.2986889951645897
rmse,selected,sst,1670,15,2.514374787851031,1.753013801356904,3.378448450692759
rmse,selected,sst,1680,15,2.5764470804462123,1.7906653412109486,3.44661383591542
rmse,selected,sst,1690,15,2.640342353465709,1.8296512071634885,3.520054288583211
rmse,selected,sst,1700,15,2.706154791935412,1.8697820377537948,3.5999212640862686
rmse,selected,sst,1710,15,2.773636746034116,1.9112759798053371,3.681587210002736
rmse,selected,sst,1720,15,2.842700717205877,1.9540894682203829,3.7649234213731475
rmse,selected,sst,1730,15,2.9133082844866043,1.9977886720800089,3.8494223691128377
rmse,selected,sst,1740,15,2.984934595429555,2.0422216963890674,3.935179481674341
rmse,selected,sst,1750,15,3.0575296315256324,2.088048303814247,4.022232465194083
rmse,selected,sst,1760,15,3.131019633974078,2.1348666298205043,4.110948284678583
rmse,selected,sst,1770,15,3.2054063380737006,2.1832568507985344,4.201482829086193
rmse,selected,sst,1780,15,3.280931095358242,2.2350401867454037,4.295116311814359
rmse,selected,sst,1790,15,3.357633791216104,2.2897988709207002,4.391647484426192
rmse,selected,sst,1800,15,3.4353220586210904,2.3476972904598896,4.487923514831453
rmse,selected,sst,1810,15,3.5138841911145664,2.40893704184196,4.58407935271557
rmse,selected,sst,1820,15,3.5935451670212197,2.472680494240655,4.68057510116618
rmse,selected,sst,1830,15,3.6742981368999295,2.539411569670613,4.776712437163032
rmse,selected,sst,1840,15,3.7563545008357186,2.6054168407708214,4.872330148936393
rmse,selected,sst,1850,15,3.839995618847337,2.672230537897505,4.967772785927806
rmse,selected,sst,1860,15,3.9251487613890044,2.7417349142305483,5.0635110794132006
rmse,selected,sst,1870,15,4.012071618200072,2.814442022782356,5.159238008445436
rmse,selected,sst,1880,15,4.100792343869325,2.8895783048748784,5.257474149616535
rmse,selected,sst,1890,15,4.191023913297425,2.9662297272004507,5.361368196313075
rmse,selected,sst,1900,15,4.282891068218436,3.0441063872761207,5.464127515646918
rmse,selected,sst,1910,15,4.376860670460654,3.123080905665275,5.566110151316116
rmse,selected,sst,1920,15,4.473081083313204,3.2026678265541286,5.667914215337768
rmse,selected,sst,1930,15,4.571547344244179,3.2821163437569805,5.769344391674541
rmse,selected,sst,1940,15,4.672397801870618,3.3613634188198778,5.870263109597647
rmse,selected,sst,1950,15,4.776048520728268,3.4409700775578336,5.970937408124636
rmse,selected,sst,1960,15,4.882809066969656,3.520645922159698,6.071893664333249
rmse,selected,sst,1970,15,4.992513761492082,3.6003331658123296,6.1735976098031875
rmse,selected,sst,1980,15,5.104941920085101,3.6798195974518197,6.27569090110499
rmse,selected,sst,1990,15,5.22038128081824,3.758625959005765,6.37871522080106
rmse,selected,sst,2000,15,5.339086096668021,3.83752359800606,6.484398421901612
rmse,layernorm,surface_speed,0,15,1.2320063319976143e-10,9.580927789245382e-11,1.4392815378677444e-10
rmse,layernorm,surface_speed,10,15,0.00043703490426650585,0.0003492123421456553,0.0005469873509556017
rmse,layernorm,surface_speed,20,15,0.0006465485256092232,0.0005305086552050681,0.0009079882161918416
rmse,layernorm,surface_speed,30,15,0.000807636509839293,0.0006257033318493753,0.0012938141743817756
rmse,layernorm,surface_speed,40,15,0.0009427847196693936,0.00071882780582278,0.0015249270436797603
rmse,layernorm,surface_speed,50,15,0.0010671510964744763,0.0008099701887578914,0.001825067399258075
rmse,layernorm,surface_speed,60,15,0.0011649516616254623,0.0008717756228830547,0.0019975310472618913
rmse,layernorm,surface_speed,70,15,0.0012460083596784418,0.0009324117510907156,0.001982763287984801
rmse,layernorm,surface_speed,80,15,0.0013233156937605965,0.00104346053327468,0.001947525091904149
rmse,layernorm,surface_speed,90,15,0.001399638287643715,0.0011272453146577812,0.001984099491077927
rmse,layernorm,surface_speed,100,15,0.0014708311950706848,0.0012218329297040151,0.002040148995439218
rmse,layernorm,surface_speed,110,15,0.0015642014825103443,0.0012670284836569714,0.002240326365296263
rmse,layernorm,surface_speed,120,15,0.0016813372288161598,0.0013137635562199452,0.002387559871900642
rmse,layernorm,surface_speed,130,15,0.00182059323333229,0.0014315847360311564,0.0025714612830287716
rmse,layernorm,surface_speed,140,15,0.0019571547364705196,0.0014727569446915446,0.002716339433100594
rmse,layernorm,surface_speed,150,15,0.002082591746629108,0.001522866228215982,0.0028942596277212623
rmse,layernorm,surface_speed,160,15,0.002224790341372528,0.0016742434534481561,0.0030693266114734325
rmse,layernorm,surface_speed,170,15,0.0023586258582088708,0.0017584046034885086,0.0032375956412850205
rmse,layernorm,surface_speed,180,15,0.002488084265516085,0.0017805225383352575,0.0035448635235363073
rmse,layernorm,surface_speed,190,15,0.0026291618720966727,0.0018843684260739521,0.0035287027569882216
rmse,layernorm,surface_speed,200,15,0.0027673318352287456,0.0019509404726494048,0.003576479405037274
rmse,layernorm,surface_speed,210,15,0.00292331410858116,0.0020630237806322327,0.003827351792710462
rmse,layernorm,surface_speed,220,15,0.0030803365287180398,0.002169717485171498,0.004031316044176099
rmse,layernorm,surface_speed,230,15,0.0032433432804028217,0.00227300390213263,0.004212793317746568
rmse,layernorm,surface_speed,240,15,0.0033856625191091847,0.0023685008439999844,0.004683237688646868
rmse,layernorm,surface_speed,250,15,0.0035169627203562024,0.0024578590854963628,0.0049830822421562575
rmse,layernorm,surface_speed,260,15,0.0036460742040261484,0.002558837031882139,0.005134991573949692
rmse,layernorm,surface_speed,270,15,0.003766131104074861,0.002701634595814372,0.005161901074302706
rmse,layernorm,surface_speed,280,15,0.003899198989270716,0.0027821759181040377,0.005205285817376841
rmse,layernorm,surface_speed,290,15,0.004026456927778563,0.002843326169353897,0.005251508565690329
rmse,layernorm,surface_speed,300,15,0.004144418811682891,0.0028950050850642256,0.005322903855129706
rmse,layernorm,surface_speed,310,15,0.004280461692519607,0.0029918488327508328,0.005418269734652132
rmse,layernorm,surface_speed,320,15,0.0044123806474066505,0.003093819059834502,0.0055029342248614855
rmse,layernorm,surface_speed,330,15,0.004524385918278873,0.0031746740695207634,0.005585107260820138
rmse,layernorm,surface_speed,340,15,0.004606333239907489,0.0032552657182801413,0.005715689423583597
rmse,layernorm,surface_speed,350,15,0.004668878766397829,0.003463388810689776,0.005810104198481157
rmse,layernorm,surface_speed,360,15,0.004743277889026333,0.0036416939434580496,0.005839350293293847
rmse,layernorm,surface_speed,370,15,0.0048155314581174394,0.003729074805659147,0.005899934823802049
rmse,layernorm,surface_speed,380,15,0.004899341343806272,0.003782671119203713,0.005985499768648925
rmse,layernorm,surface_speed,390,15,0.005007868759058778,0.00383015191282612,0.006016793777032896
rmse,layernorm,surface_speed,400,15,0.005145059134478727,0.004047745784346373,0.006060428876622335
rmse,layernorm,surface_speed,410,15,0.005281406895769938,0.004257039726038777,0.006114359456646076
rmse,layernorm,surface_speed,420,15,0.005425341117898665,0.004327986068906087,0.006409392137979819
rmse,layernorm,surface_speed,430,15,0.005587421582078104,0.004472160141375344,0.006513022670040423
rmse,layernorm,surface_speed,440,15,0.0057245432626535355,0.004701589919322351,0.006610510054572787
rmse,layernorm,surface_speed,450,15,0.005837240884744822,0.0048687842796803615,0.0067212010811888
rmse,layernorm,surface_speed,460,15,0.005978945171430892,0.005033890176927721,0.006914330125330456
rmse,layernorm,surface_speed,470,15,0.006077601231338057,0.005128553725642027,0.00705926979270316
rmse,layernorm,surface_speed,480,15,0.006208859724082259,0.0053685272011424565,0.007176218164377767
rmse,layernorm,surface_speed,490,15,0.006306409335345459,0.005489937185166427,0.007231796264885847
rmse,layernorm,surface_speed,500,15,0.006417426368276333,0.005598933756606722,0.00744815952475793
rmse,layernorm,surface_speed,510,15,0.006509523628586545,0.005712497852034296,0.007497585821441606
rmse,layernorm,surface_speed,520,15,0.00661374952616303,0.005853362355124839,0.007597839752984205
rmse,layernorm,surface_speed,530,15,0.006778160102630452,0.006027737863045907,0.007512338629154197
rmse,layernorm,surface_speed,540,15,0.00689623611775342,0.006221841044326573,0.007472980854950708
rmse,layernorm,surface_speed,550,15,0.006995964920548899,0.006302087908267306,0.00772677185150085
rmse,layernorm,surface_speed,560,15,0.007130251884883057,0.006461460265279856,0.007783927045058014
rmse,layernorm,surface_speed,570,15,0.007232794769610989,0.006590959051412791,0.007996922484514881
rmse,layernorm,surface_speed,580,15,0.007359455490710874,0.006792301042780722,0.008057777545206745
rmse,layernorm,surface_speed,590,15,0.007459222566550507,0.0067560574019757584,0.00837815175621552
rmse,layernorm,surface_speed,600,15,0.007598706241450243,0.006737942830241321,0.008692642523809737
rmse,layernorm,surface_speed,610,15,0.007755505482065666,0.0069162060550640855,0.008837642807309394
rmse,layernorm,surface_speed,620,15,0.007860984466143273,0.007031992330279002,0.008955883067440076
rmse,layernorm,surface_speed,630,15,0.008010025908917105,0.007070392610555063,0.009183946147942594
rmse,layernorm,surface_speed,640,15,0.008162633638068286,0.007218561569459492,0.009463353597140834
rmse,layernorm,surface_speed,650,15,0.008344932588720468,0.007388029064954794,0.00976005619954132
rmse,layernorm,surface_speed,660,15,0.008494500390621653,0.007436351889657362,0.009802283145808298
rmse,layernorm,surface_speed,670,15,0.008606958948901811,0.00741782272648627,0.009816318306858316
rmse,layernorm,surface_speed,680,15,0.008695201878197221,0.0074282497275016115,0.009998206015521087
rmse,layernorm,surface_speed,690,15,0.008811537294423142,0.007608780445223183,0.00997851408657652
rmse,layernorm,surface_speed,700,15,0.00901351392358959,0.007858143804352558,0.010073021573921478
rmse,layernorm,surface_speed,710,15,0.009174595547299687,0.008123779745387708,0.01010961714318353
rmse,layernorm,surface_speed,720,15,0.009312802359445758,0.008146303813676474,0.010395886316637846
rmse,layernorm,surface_speed,730,15,0.009467423875485267,0.008321321660475898,0.010638319642997973
rmse,layernorm,surface_speed,740,15,0.009630088972629272,0.008690339687208256,0.01061781484854271
rmse,layernorm,surface_speed,750,15,0.009777796155113101,0.008911819680315847,0.010791648699618961
rmse,layernorm,surface_speed,760,15,0.00995226998485914,0.009053468275700867,0.011244784394174511
rmse,layernorm,surface_speed,770,15,0.010157322311468504,0.00933154419341882,0.011505329694232206
rmse,layernorm,surface_speed,780,15,0.010302721094957548,0.009441846364329175,0.01154569189560742
rmse,layernorm,surface_speed,790,15,0.010411500084405386,0.009599404034608832,0.011734976262437403
rmse,layernorm,surface_speed,800,15,0.010593330723351205,0.009734480301409304,0.011985672085811033
rmse,layernorm,surface_speed,810,15,0.010700418269171317,0.009985343641017342,0.01207295617317206
rmse,layernorm,surface_speed,820,15,0.010864283469276112,0.010062018663670283,0.012137193043214988
rmse,layernorm,surface_speed,830,15,0.011091465836328175,0.010228612536389813,0.012533177442548761
rmse,layernorm,surface_speed,840,15,0.011218849544710622,0.010400304496671887,0.012633456646836258
rmse,layernorm,surface_speed,850,15,0.01121120036040982,0.010323700635336542,0.012525666956931145
rmse,layernorm,surface_speed,860,15,0.011352064146827028,0.010325757033310389,0.012965128330421639
rmse,layernorm,surface_speed,870,15,0.0115291279591718,0.010583846938262264,0.013242816693227499
rmse,layernorm,surface_speed,880,15,0.011697710348789836,0.01074240262320106,0.013329335097907069
rmse,layernorm,surface_speed,890,15,0.011834859243103775,0.010760800343160841,0.013583705454396479
rmse,layernorm,surface_speed,900,15,0.01205004056806974,0.01081168413512794,0.013870719813579084
rmse,layernorm,surface_speed,910,15,0.012270494469425521,0.010851544211772876,0.013884531741327444
rmse,layernorm,surface_speed,920,15,0.012392027802686745,0.01088160756782139,0.01408448276431122
rmse,layernorm,surface_speed,930,15,0.012562244552959049,0.0111160141787039,0.014490952994812381
rmse,layernorm,surface_speed,940,15,0.012770215009346936,0.011416319135278656,0.014629837082968413
rmse,layernorm,surface_speed,950,15,0.012879210064806128,0.011443974566013728,0.014778275583544304
rmse,layernorm,surface_speed,960,15,0.013056029661136325,0.011724129534056039,0.015186780591116328
rmse,layernorm,surface_speed,970,15,0.013237853698064241,0.011731771246853887,0.015329465878471773
rmse,layernorm,surface_speed,980,15,0.013396065880549087,0.011739634107816713,0.015657237119729637
rmse,layernorm,surface_speed,990,15,0.013556210133057292,0.011974425727581783,0.015953870841750373
rmse,layernorm,surface_speed,1000,15,0.01375732078331569,0.012115938200072849,0.01625425742863102
rmse,layernorm,surface_speed,1010,15,0.013932641254932565,0.012100215575316106,0.016620489592784976
rmse,layernorm,surface_speed,1020,15,0.014136930875798643,0.012259010383253168,0.016967450087123324
rmse,layernorm,surface_speed,1030,15,0.01434576716269392,0.012460874166858593,0.01721953744965464
rmse,layernorm,surface_speed,1040,15,0.014587374232448035,0.012503299563140932,0.017628561964234034
rmse,layernorm,surface_speed,1050,15,0.014779561565097727,0.012650140046187088,0.017872512073969372
rmse,layernorm,surface_speed,1060,15,0.014954292941954762,0.01282485600995733,0.017971249184289932
rmse,layernorm,surface_speed,1070,15,0.015114952904663213,0.012772440712142355,0.018161300497094527
rmse,layernorm,surface_speed,1080,15,0.015268139513838493,0.01285844151134508,0.018437546298751686
rmse,layernorm,surface_speed,1090,15,0.015415254094510571,0.013223056021718829,0.018560566288164517
rmse,layernorm,surface_speed,1100,15,0.015587921575798516,0.013471715125791607,0.018581755787688947
rmse,layernorm,surface_speed,1110,15,0.01577744886566086,0.013710348098882741,0.018627267511114723
rmse,layernorm,surface_speed,1120,15,0.01591150092000903,0.013947957287103017,0.01862667040707723
rmse,layernorm,surface_speed,1130,15,0.016044390456501946,0.014067582336007658,0.01866292583535308
rmse,layernorm,surface_speed,1140,15,0.01624601911179862,0.014150228888057894,0.0188178667372962
rmse,layernorm,surface_speed,1150,15,0.016432203827146906,0.014309749732254623,0.01884081327136271
rmse,layernorm,surface_speed,1160,15,0.016550392209163545,0.014441252284661258,0.018800406462418682
rmse,layernorm,surface_speed,1170,15,0.01665144540556634,0.014470320611301971,0.018748503536805558
rmse,layernorm,surface_speed,1180,15,0.01674960878273917,0.014514538433058034,0.01875194700884801
rmse,layernorm,surface_speed,1190,15,0.01679357853238248,0.014726019146843905,0.01887181110802505
rmse,layernorm,surface_speed,1200,15,0.016896243619036407,0.014803584425878799,0.01898276604852197
rmse,layernorm,surface_speed,1210,15,0.016993946098117375,0.014989226677342418,0.019068335624575862
rmse,layernorm,surface_speed,1220,15,0.01703637493709452,0.015044427151844423,0.01918138352335124
rmse,layernorm,surface_speed,1230,15,0.017109805957817917,0.015070131725979964,0.019253824707071734
rmse,layernorm,surface_speed,1240,15,0.01716529674899327,0.01511865486119455,0.01919195139645345
rmse,layernorm,surface_speed,1250,15,0.017230372309044232,0.015144838901064973,0.019342991609762362
rmse,layernorm,surface_speed,1260,15,0.01730992726556633,0.015331679373754832,0.019494478143662827
rmse,layernorm,surface_speed,1270,15,0.01737164011005424,0.015423898194567036,0.01961063346559494
rmse,layernorm,surface_speed,1280,15,0.017492061264653237,0.015669287509018453,0.019773232843917223
rmse,layernorm,surface_speed,1290,15,0.017599154259567425,0.01590163285594265,0.019868984735047047
rmse,layernorm,surface_speed,1300,15,0.01768829543929428,0.01588396864625358,0.019899115875483896
rmse,layernorm,surface_speed,1310,15,0.017820003310811416,0.015942395963226226,0.020082948310896496
rmse,layernorm,surface_speed,1320,15,0.017950542782418644,0.016153081116580894,0.02032675800585991
rmse,layernorm,surface_speed,1330,15,0.018059751092879585,0.016352756887575502,0.020379182404241584
rmse,layernorm,surface_speed,1340,15,0.018176768715610723,0.01644947577407655,0.020327148638640036
rmse,layernorm,surface_speed,1350,15,0.018271394973632078,0.016427742126799292,0.020249706976078
rmse,layernorm,surface_speed,1360,15,0.018291249275327232,0.016508298093928588,0.02030888411230812
rmse,layernorm,surface_speed,1370,15,0.018401889717765907,0.016603572769908696,0.02056797959461267
rmse,layernorm,surface_speed,1380,15,0.018534097188714634,0.016818772195022907,0.020630951600213825
rmse,layernorm,surface_speed,1390,15,0.018583666918358117,0.01696215124830207,0.020761674671431463
rmse,layernorm,surface_speed,1400,15,0.018669266077552867,0.017092070013817233,0.020859430273301827
rmse,layernorm,surface_speed,1410,15,0.018738783315303823,0.017156522703096123,0.02098101224422558
rmse,layernorm,surface_speed,1420,15,0.01876604854670204,0.017314299236171265,0.02093356245585539
rmse,layernorm,surface_speed,1430,15,0.018873519540843434,0.01741369215651626,0.020921574957362864
rmse,layernorm,surface_speed,1440,15,0.01894043340994215,0.017413959576367717,0.02109338426183953
rmse,layernorm,surface_speed,1450,15,0.019017925428429852,0.017450714765493706,0.021363063128833043
rmse,layernorm,surface_speed,1460,15,0.019163294123815025,0.01747809295770391,0.02153426938874769
rmse,layernorm,surface_speed,1470,15,0.019260478064946015,0.01763754769221531,0.02153884463247132
rmse,layernorm,surface_speed,1480,15,0.019331156272301492,0.017650957110015995,0.021805839349552485
rmse,layernorm,surface_speed,1490,15,0.019456277228530498,0.0175329627172474,0.021987488885241335
rmse,layernorm,surface_speed,1500,15,0.019531898978393324,0.017635640706737087,0.021993444706301084
rmse,layernorm,surface_speed,1510,15,0.019575917668092892,0.01760457849654436,0.022289044109819824
rmse,layernorm,surface_speed,1520,15,0.019624777273420605,0.017667354034828046,0.02234403150213844
rmse,layernorm,surface_speed,1530,15,0.019606360611326493,0.017777942186148362,0.022393228782028866
rmse,layernorm,surface_speed,1540,15,0.01964348371432867,0.01782807830344277,0.022741547655064028
rmse,layernorm,surface_speed,1550,15,0.019709202065418697,0.017848548718800098,0.022783973487384264
rmse,layernorm,surface_speed,1560,15,0.019712452801980637,0.017797244352459492,0.022689421720618087
rmse,layernorm,surface_speed,1570,15,0.01971918058578375,0.01788595607464172,0.022762560523884222
rmse,layernorm,surface_speed,1580,15,0.019717787775425974,0.01802712308662679,0.02259999081512894
rmse,layernorm,surface_speed,1590,15,0.01962058384966044,0.018053964201684522,0.02233591981846104
rmse,layernorm,surface_speed,1600,15,0.019585862746776962,0.018187321873716886,0.0223403767988175
rmse,layernorm,surface_speed,1610,15,0.019602874522627708,0.018064549299703598,0.02226555020643446
rmse,layernorm,surface_speed,1620,15,0.019577605053144546,0.018104406455273465,0.022328062415815107
rmse,layernorm,surface_speed,1630,15,0.01959290349753106,0.018085224847831108,0.022376185490941124
rmse,layernorm,surface_speed,1640,15,0.019648314305678125,0.01811482652827335,0.022253745789263
rmse,layernorm,surface_speed,1650,15,0.019657417139719097,0.018229423839472368,0.022377880796667558
rmse,layernorm,surface_speed,1660,15,0.019709836696825075,0.0184916229825856,0.022432540088647163
rmse,layernorm,surface_speed,1670,15,0.019729892139031566,0.018485194011749563,0.022208144861657054
rmse,layernorm,surface_speed,1680,15,0.01975615717326195,0.01830436526167729,0.022473148470307482
rmse,layernorm,surface_speed,1690,15,0.019768390195749004,0.01819256474570103,0.022455658465261537
rmse,layernorm,surface_speed,1700,15,0.01967010575382257,0.01823867120882335,0.02211714799226736
rmse,layernorm,surface_speed,1710,15,0.019663578952769233,0.018228124638449184,0.02241583345494574
rmse,layernorm,surface_speed,1720,15,0.019743845843731907,0.018130514212060637,0.02260231646546082
rmse,layernorm,surface_speed,1730,15,0.019706126650828916,0.01803170462719994,0.022236236842458117
rmse,layernorm,surface_speed,1740,15,0.019677406821589867,0.017861428380408474,0.02209384788842131
rmse,layernorm,surface_speed,1750,15,0.01972097100283863,0.017812447032124944,0.02205470286691994
rmse,layernorm,surface_speed,1760,15,0.019699335260272066,0.01780647330008453,0.021670506631192164
rmse,layernorm,surface_speed,1770,15,0.019735281855010958,0.01782922230994768,0.021643702979673083
rmse,layernorm,surface_speed,1780,15,0.01981209702390842,0.0178745467599481,0.021675963044083084
rmse,layernorm,surface_speed,1790,15,0.019874085146434493,0.018088396319286257,0.021654615562409732
rmse,layernorm,surface_speed,1800,15,0.0200010612613251,0.018259691738239173,0.021656290643231282
rmse,layernorm,surface_speed,1810,15,0.020126920153246897,0.01834295236941488,0.021499401624434315
rmse,layernorm,surface_speed,1820,15,0.020165657274301797,0.01835259878808452,0.021419925093679067
rmse,layernorm,surface_speed,1830,15,0.020291165643742205,0.018535098053748613,0.021508498827970814
rmse,layernorm,surface_speed,1840,15,0.020434512471816577,0.01855750795000596,0.021797124112163255
rmse,layernorm,surface_speed,1850,15,0.020513719605348566,0.018580555797239936,0.021989826694537477
rmse,layernorm,surface_speed,1860,15,0.02057592174595032,0.018734217638721646,0.021995716455131105
rmse,layernorm,surface_speed,1870,15,0.020605171914021274,0.018865070295897367,0.022242766044431594
rmse,layernorm,surface_speed,1880,15,0.02065254954451558,0.01882351347464153,0.022440149694964932
rmse,layernorm,surface_speed,1890,15,0.020736911306175873,0.018829936035361265,0.022560406912818257
rmse,layernorm,surface_speed,1900,15,0.02079094586150775,0.01910574472019745,0.022505502606937337
rmse,layernorm,surface_speed,1910,15,0.02084148384148573,0.01922770885391663,0.022682449307793947
rmse,layernorm,surface_speed,1920,15,0.020885424927076884,0.019178143320144826,0.022955789787832175
rmse,layernorm,surface_speed,1930,15,0.0208864011352087,0.01942339141959523,0.022905187035987356
rmse,layernorm,surface_speed,1940,15,0.020964753428858354,0.01953302349934585,0.022967056780555252
rmse,layernorm,surface_speed,1950,15,0.021048378613700416,0.019567734963613713,0.023235692839879876
rmse,layernorm,surface_speed,1960,15,0.021113307845552324,0.01976384926798877,0.023407394587235817
rmse,layernorm,surface_speed,1970,15,0.021252566100667617,0.019910658390879785,0.023534683106429498
rmse,layernorm,surface_speed,1980,15,0.02138738774865376,0.020102178954027727,0.02373218918162802
rmse,layernorm,surface_speed,1990,15,0.021512051579193215,0.020228994974791664,0.024056688015769143
rmse,layernorm,surface_speed,2000,15,0.021683314578554377,0.020275866374500944,0.02434015137390256
rmse,layernorm,phihyd_surface,0,15,1.6052560312671315e-09,1.5259158532821509e-09,1.7311576993798157e-09
rmse,layernorm,phihyd_surface,10,15,0.0019550741211889363,0.0018138316811613473,0.002213640141014443
rmse,layernorm,phihyd_surface,20,15,0.0030098852003549695,0.0028105024020731602,0.0033080213315528875
rmse,layernorm,phihyd_surface,30,15,0.0040799126904254,0.003828247327720733,0.0045019120608736215
rmse,layernorm,phihyd_surface,40,15,0.005202234891625543,0.004876207569869385,0.005759760612090013
rmse,layernorm,phihyd_surface,50,15,0.006406422449437495,0.005966989993220409,0.007083483511663415
rmse,layernorm,phihyd_surface,60,15,0.007648731783959276,0.007139325542717506,0.008339583948652462
rmse,layernorm,phihyd_surface,70,15,0.008917051514252573,0.008355038815819794,0.009699307358562986
rmse,layernorm,phihyd_surface,80,15,0.010196314510868902,0.009533544898384897,0.011134287902000564
rmse,layernorm,phihyd_surface,90,15,0.011503148566255842,0.010652345859601222,0.012569176204936609
rmse,layernorm,phihyd_surface,100,15,0.012854468068668995,0.011896838796535995,0.014077905901882988
rmse,layernorm,phihyd_surface,110,15,0.014224889623046683,0.013216505126658175,0.015521826374744693
rmse,layernorm,phihyd_surface,120,15,0.015608776927472338,0.014554541734352718,0.01701014398875128
rmse,layernorm,phihyd_surface,130,15,0.016981656893232236,0.01582523351891036,0.018501851390569857
rmse,layernorm,phihyd_surface,140,15,0.01834530791117848,0.0171056276172724,0.01992002129614434
rmse,layernorm,phihyd_surface,150,15,0.019706361104275313,0.018400969908161348,0.021389016377765153
rmse,layernorm,phihyd_surface,160,15,0.021063522686838417,0.019675861818417028,0.02274322626487335
rmse,layernorm,phihyd_surface,170,15,0.022415757427641205,0.020925981511674217,0.02401771512632012
rmse,layernorm,phihyd_surface,180,15,0.02376766836993327,0.02220797069084798,0.025373579185604768
rmse,layernorm,phihyd_surface,190,15,0.025115405234240204,0.023477423363533013,0.026681795341099778
rmse,layernorm,phihyd_surface,200,15,0.026426239680095307,0.024709968391708113,0.02784826361385229
rmse,layernorm,phihyd_surface,210,15,0.02774968465343254,0.02596394331430464,0.02920461505776661
rmse,layernorm,phihyd_surface,220,15,0.029094979735750568,0.027217552358796734,0.030642391541705158
rmse,layernorm,phihyd_surface,230,15,0.03041085209552509,0.028400358234469864,0.03168339453535851
rmse,layernorm,phihyd_surface,240,15,0.0317308679916047,0.029612793522022177,0.03316740232641114
rmse,layernorm,phihyd_surface,250,15,0.03304610446371232,0.030835947871917128,0.03450178005026731
rmse,layernorm,phihyd_surface,260,15,0.03433548977001215,0.031941164739422635,0.03578272144699184
rmse,layernorm,phihyd_surface,270,15,0.035595074077067856,0.033123558585429175,0.03706770786693146
rmse,layernorm,phihyd_surface,280,15,0.03687250767390185,0.03436926463129506,0.038422126523225596
rmse,layernorm,phihyd_surface,290,15,0.03817189970754677,0.03563442770656828,0.039757799581817896
rmse,layernorm,phihyd_surface,300,15,0.03945116557103078,0.03682461269520872,0.04105061352797755
rmse,layernorm,phihyd_surface,310,15,0.04070843227284925,0.038031038111180346,0.042386906204962105
rmse,layernorm,phihyd_surface,320,15,0.041975901934031494,0.039247940957316436,0.043695453350019106
rmse,layernorm,phihyd_surface,330,15,0.043241119228352984,0.040427054430855404,0.044892031893188473
rmse,layernorm,phihyd_surface,340,15,0.04449552721778631,0.04164045811674654,0.04618993104331007
rmse,layernorm,phihyd_surface,350,15,0.0457346438155321,0.04283844411754442,0.04758520279332272
rmse,layernorm,phihyd_surface,360,15,0.04693689125767841,0.043816651063220406,0.04884690545793147
rmse,layernorm,phihyd_surface,370,15,0.04810017964111021,0.0449286811381064,0.05006898975045655
rmse,layernorm,phihyd_surface,380,15,0.04926365215560365,0.046088028658464515,0.05132958807802963
rmse,layernorm,phihyd_surface,390,15,0.05043696146972105,0.04716527537294025,0.05245709665519781
rmse,layernorm,phihyd_surface,400,15,0.0515751318706917,0.048129344136532796,0.0535958336673009
rmse,layernorm,phihyd_surface,410,15,0.05271541758386789,0.04937506900165015,0.05480625504792306
rmse,layernorm,phihyd_surface,420,15,0.05387363687460087,0.05043989949009034,0.05606635515121364
rmse,layernorm,phihyd_surface,430,15,0.05503915523383087,0.05139838543966628,0.05746169976880757
rmse,layernorm,phihyd_surface,440,15,0.05618945370853685,0.0524946373568374,0.058698558661709144
rmse,layernorm,phihyd_surface,450,15,0.057375957103912,0.05363525257951811,0.060003779450745524
rmse,layernorm,phihyd_surface,460,15,0.058601695340403166,0.054620642947752464,0.06137159148065849
rmse,layernorm,phihyd_surface,470,15,0.059813539406675824,0.055694254281939595,0.06276761881177412
rmse,layernorm,phihyd_surface,480,15,0.060988186516593594,0.05691076263183407,0.06415424568341935
rmse,layernorm,phihyd_surface,490,15,0.06218343962416436,0.057958125891411624,0.0655540629350296
rmse,layernorm,phihyd_surface,500,15,0.06342211749584264,0.059019446455236046,0.06691184877038951
rmse,layernorm,phihyd_surface,510,15,0.06467042049157506,0.06023293578713405,0.06829934883889224
rmse,layernorm,phihyd_surface,520,15,0.06590778827057914,0.06134503311061146,0.06965639430683877
rmse,layernorm,phihyd_surface,530,15,0.06716251771053791,0.062400949878167064,0.07118657609264066
rmse,layernorm,phihyd_surface,540,15,0.06841085004455445,0.06347033056036683,0.0726744222721021
rmse,layernorm,phihyd_surface,550,15,0.0696982540289893,0.06470086381529533,0.07427123582377526
rmse,layernorm,phihyd_surface,560,15,0.07107674204144111,0.06592246816039062,0.0758364883994735
rmse,layernorm,phihyd_surface,570,15,0.07246693573259502,0.06713256714897171,0.07754881686157007
rmse,layernorm,phihyd_surface,580,15,0.07388386819338084,0.06862394949171774,0.07939592369354488
rmse,layernorm,phihyd_surface,590,15,0.07537378732964031,0.06986379531448123,0.08134902343880959
rmse,layernorm,phihyd_surface,600,15,0.07688119087892789,0.07105968345064642,0.08318721775824305
rmse,layernorm,phihyd_surface,610,15,0.0783824504408124,0.0721663931734931,0.08496820192477302
rmse,layernorm,phihyd_surface,620,15,0.07996190872697798,0.07340770610876697,0.08693446287523422
rmse,layernorm,phihyd_surface,630,15,0.08162170687539562,0.07482056546999302,0.08894462246444802
rmse,layernorm,phihyd_surface,640,15,0.08325918706666328,0.07616665757087879,0.09067848308485138
rmse,layernorm,phihyd_surface,650,15,0.08487724499303166,0.07730179941292316,0.09242882687076966
rmse,layernorm,phihyd_surface,660,15,0.08654179003218958,0.07860295402246456,0.09430866956016774
rmse,layernorm,phihyd_surface,670,15,0.08827938517902201,0.08007670599770014,0.09647175191960605
rmse,layernorm,phihyd_surface,680,15,0.09008314503497376,0.0815504141885993,0.09869715085984782
rmse,layernorm,phihyd_surface,690,15,0.09194844564321229,0.08289495133178709,0.10085987775757495
rmse,layernorm,phihyd_surface,700,15,0.09381474279118465,0.08444885519131952,0.10291327551039202
rmse,layernorm,phihyd_surface,710,15,0.0957141527245738,0.08591717693398912,0.10515540470075785
rmse,layernorm,phihyd_surface,720,15,0.09768332824513158,0.08719909282204212,0.10788985847422959
rmse,layernorm,phihyd_surface,730,15,0.09977066713023909,0.08896021501679988,0.1106964801409839
rmse,layernorm,phihyd_surface,740,15,0.1018110380073713,0.09026931779632405,0.11318451967370596
rmse,layernorm,phihyd_surface,750,15,0.10392677627937053,0.09210855491750597,0.11567068837206466
rmse,layernorm,phihyd_surface,760,15,0.10614892432790436,0.09390750948024568,0.11846998025320163
rmse,layernorm,phihyd_surface,770,15,0.10838736937314963,0.09532063181137587,0.12139028267168626
rmse,layernorm,phihyd_surface,780,15,0.11066563959268857,0.09678171633808433,0.12427878569208656
rmse,layernorm,phihyd_surface,790,15,0.11302729290650386,0.09865621810531701,0.12728675790616792
rmse,layernorm,phihyd_surface,800,15,0.11547240789448264,0.10041978871362348,0.13057498313761204
rmse,layernorm,phihyd_surface,810,15,0.1179683282832713,0.10248116648555909,0.1337346534849639
rmse,layernorm,phihyd_surface,820,15,0.12054078127879754,0.10421199078583032,0.13706604005954773
rmse,layernorm,phihyd_surface,830,15,0.12314985204785708,0.10625602663500032,0.1403649478104733
rmse,layernorm,phihyd_surface,840,15,0.12581095628857397,0.10854210656697946,0.1438306228850651
rmse,layernorm,phihyd_surface,850,15,0.1285590832982964,0.11071730915148074,0.14739866783112393
rmse,layernorm,phihyd_surface,860,15,0.13144219911540456,0.1129099091137689,0.15091637508904346
rmse,layernorm,phihyd_surface,870,15,0.1343720216205642,0.11529843996923186,0.1542005619958356
rmse,layernorm,phihyd_surface,880,15,0.1373494763423331,0.1178660418296633,0.15748059339158108
rmse,layernorm,phihyd_surface,890,15,0.14049558478469323,0.12037398849665973,0.16124859437719108
rmse,layernorm,phihyd_surface,900,15,0.14370534420302797,0.12282770043782398,0.1649737078402503
rmse,layernorm,phihyd_surface,910,15,0.14697105699930446,0.12541078575019576,0.1684177711321312
rmse,layernorm,phihyd_surface,920,15,0.15039285855890488,0.12836739988224016,0.17211419799741376
rmse,layernorm,phihyd_surface,930,15,0.15397183024654112,0.13129727463239865,0.17616464055076753
rmse,layernorm,phihyd_surface,940,15,0.15760125042294557,0.13420360244073729,0.18029244637194727
rmse,layernorm,phihyd_surface,950,15,0.1612806455138838,0.1370162138047442,0.18442509786839797
rmse,layernorm,phihyd_surface,960,15,0.16508634553884463,0.13994069074031268,0.18861404869034037
rmse,layernorm,phihyd_surface,970,15,0.1689867409515136,0.14298159912509315,0.19306415578821828
rmse,layernorm,phihyd_surface,980,15,0.17292095419047065,0.14628718568422183,0.19753733168898807
rmse,layernorm,phihyd_surface,990,15,0.17686383754098675,0.14931791701885375,0.20193819566125235
rmse,layernorm,phihyd_surface,1000,15,0.18085542628255322,0.15201007062131033,0.20641198281100473
rmse,layernorm,phihyd_surface,1010,15,0.18489985180482812,0.1550769336702684,0.2110167560925459
rmse,layernorm,phihyd_surface,1020,15,0.18898491026137856,0.15851513580394272,0.2158155764662622
rmse,layernorm,phihyd_surface,1030,15,0.1931226119714655,0.16175811350072308,0.22046132900064913
rmse,layernorm,phihyd_surface,1040,15,0.1972490858806181,0.16483225143247934,0.22485583501724518
rmse,layernorm,phihyd_surface,1050,15,0.20136518831986422,0.16799674101484105,0.22922468504914212
rmse,layernorm,phihyd_surface,1060,15,0.20554641861073172,0.17112003484825963,0.23387013334483028
rmse,layernorm,phihyd_surface,1070,15,0.2097438526964469,0.17443806761073505,0.23847627209367017
rmse,layernorm,phihyd_surface,1080,15,0.21395081020443021,0.1777954565688595,0.2428453969108699
rmse,layernorm,phihyd_surface,1090,15,0.21821792629392173,0.1810063858153117,0.24720981725803834
rmse,layernorm,phihyd_surface,1100,15,0.22255563947308002,0.18433543117639406,0.25187219423581647
rmse,layernorm,phihyd_surface,1110,15,0.22685638751153192,0.1878509921792368,0.25659593395378805
rmse,layernorm,phihyd_surface,1120,15,0.23119232672926582,0.1914580856689173,0.2612387144600442
rmse,layernorm,phihyd_surface,1130,15,0.23558644671245446,0.19492899822218648,0.2659502636171885
rmse,layernorm,phihyd_surface,1140,15,0.24004739415941198,0.1983370296769792,0.2708927373634099
rmse,layernorm,phihyd_surface,1150,15,0.24452152428964471,0.20206474988700165,0.27584276093934834
rmse,layernorm,phihyd_surface,1160,15,0.24902278525720628,0.20589410097421681,0.2806148680729642
rmse,layernorm,phihyd_surface,1170,15,0.25359064542855786,0.20982919843815742,0.2853747900697559
rmse,layernorm,phihyd_surface,1180,15,0.25822378644466165,0.21371296026676617,0.29025044305356895
rmse,layernorm,phihyd_surface,1190,15,0.2629049788199536,0.21760620556554752,0.2952372083123404
rmse,layernorm,phihyd_surface,1200,15,0.26763767490689333,0.22151345377431705,0.3000799974126278
rmse,layernorm,phihyd_surface,1210,15,0.27238950855612065,0.22539461163292562,0.30481569708726197
rmse,layernorm,phihyd_surface,1220,15,0.2771350794665494,0.22948898675720303,0.30945181610835504
rmse,layernorm,phihyd_surface,1230,15,0.2819080397078818,0.2334817351457473,0.314108778495664
rmse,layernorm,phihyd_surface,1240,15,0.28670005656900727,0.23747320277044667,0.3187617364690659
rmse,layernorm,phihyd_surface,1250,15,0.29148189010586145,0.24171852469055938,0.3232458713125675
rmse,layernorm,phihyd_surface,1260,15,0.2962629997448335,0.24626036246914787,0.32758638476295787
rmse,layernorm,phihyd_surface,1270,15,0.3010776116850809,0.25065467817972414,0.3321091772868146
rmse,layernorm,phihyd_surface,1280,15,0.3058579314511179,0.25502612789934576,0.33693657576838426
rmse,layernorm,phihyd_surface,1290,15,0.3105842903903737,0.25970430754796603,0.341654737021446
rmse,layernorm,phihyd_surface,1300,15,0.31530555445793607,0.26417362537548866,0.34635962334852444
rmse,layernorm,phihyd_surface,1310,15,0.32002679112906723,0.2686801813043806,0.35133866936365954
rmse,layernorm,phihyd_surface,1320,15,0.3247063904986459,0.2733389149043683,0.3563865219226406
rmse,layernorm,phihyd_surface,1330,15,0.32932202787645004,0.27786806658121516,0.36136553507093344
rmse,layernorm,phihyd_surface,1340,15,0.33391743323818557,0.2823735513762144,0.36624997960772737
rmse,layernorm,phihyd_surface,1350,15,0.3384952085391413,0.28721939767451926,0.3711377524908916
rmse,layernorm,phihyd_surface,1360,15,0.34302261142207074,0.29214268850215763,0.37604043171367324
rmse,layernorm,phihyd_surface,1370,15,0.3474965949735887,0.29687391263998686,0.38110729563151924
rmse,layernorm,phihyd_surface,1380,15,0.3519368953873855,0.3015985078167546,0.3861577886024537
rmse,layernorm,phihyd_surface,1390,15,0.3563110105297906,0.3066495546406102,0.39095793164606346
rmse,layernorm,phihyd_surface,1400,15,0.3606271881237673,0.3116228515117939,0.3955198398439678
rmse,layernorm,phihyd_surface,1410,15,0.3649239937060401,0.31630894315311214,0.40024221785691866
rmse,layernorm,phihyd_surface,1420,15,0.36918315325683376,0.3212546471217145,0.4048476836365213
rmse,layernorm,phihyd_surface,1430,15,0.3733864660781284,0.32640539836679205,0.40901511961496373
rmse,layernorm,phihyd_surface,1440,15,0.3775728237579274,0.33125865523982834,0.4132461740117028
rmse,layernorm,phihyd_surface,1450,15,0.3817228446488041,0.3356041117796688,0.4176189653240297
rmse,layernorm,phihyd_surface,1460,15,0.38581882328730455,0.3398421780695845,0.42169457451332765
rmse,layernorm,phihyd_surface,1470,15,0.3898792164298966,0.3439638836494515,0.4256024028787952
rmse,layernorm,phihyd_surface,1480,15,0.39393048578865464,0.348016347067764,0.42960638833127374
rmse,layernorm,phihyd_surface,1490,15,0.3979162436388759,0.3518706371742381,0.4338087663187689
rmse,layernorm,phihyd_surface,1500,15,0.40181134986771216,0.35554851978812746,0.43788454086315776
rmse,layernorm,phihyd_surface,1510,15,0.4056701131179716,0.359861776520062,0.44193638155757803
rmse,layernorm,phihyd_surface,1520,15,0.4094767370050538,0.3646901344400759,0.4459811556189084
rmse,layernorm,phihyd_surface,1530,15,0.4131978167585074,0.3695807848311645,0.44981255648926405
rmse,layernorm,phihyd_surface,1540,15,0.41683465862291424,0.3744014098969013,0.4535014440896648
rmse,layernorm,phihyd_surface,1550,15,0.4204292449667612,0.37903526545880517,0.45720263971775915
rmse,layernorm,phihyd_surface,1560,15,0.42396663977384746,0.38355033790999593,0.46081879945922843
rmse,layernorm,phihyd_surface,1570,15,0.42742590907678135,0.3882067987469689,0.46428861798918425
rmse,layernorm,phihyd_surface,1580,15,0.43083641498373443,0.3926381995822624,0.4677909906526471
rmse,layernorm,phihyd_surface,1590,15,0.4342023975255719,0.3969316796945189,0.47133245527023704
rmse,layernorm,phihyd_surface,1600,15,0.437534292004077,0.4012963152563512,0.47475360304923925
rmse,layernorm,phihyd_surface,1610,15,0.44085823041097033,0.4056852554261635,0.4781177238486045
rmse,layernorm,phihyd_surface,1620,15,0.44415518510524127,0.4098559765445492,0.4816599819211499
rmse,layernorm,phihyd_surface,1630,15,0.4474141226533398,0.41395608824936475,0.48506581031004753
rmse,layernorm,phihyd_surface,1640,15,0.4506445342186098,0.4180628523052596,0.48821407389493443
rmse,layernorm,phihyd_surface,1650,15,0.45388063682595065,0.42210059528247135,0.49149424452624374
rmse,layernorm,phihyd_surface,1660,15,0.4570977797173426,0.4260486347442683,0.4948335269356198
rmse,layernorm,phihyd_surface,1670,15,0.46024013918720524,0.4299446115849248,0.49789373745955906
rmse,layernorm,phihyd_surface,1680,15,0.4633554340094447,0.43376059960196267,0.5008612474722657
rmse,layernorm,phihyd_surface,1690,15,0.46648272435336263,0.4374610610395619,0.5039033261391435
rmse,layernorm,phihyd_surface,1700,15,0.4695526073842533,0.44082166653647703,0.5068250399447559
rmse,layernorm,phihyd_surface,1710,15,0.47254561083361696,0.44375029660924836,0.509613271878893
rmse,layernorm,phihyd_surface,1720,15,0.47554864610225933,0.4466822789352633,0.5123692782835015
rmse,layernorm,phihyd_surface,1730,15,0.47851926431449243,0.44956817161087165,0.5150715006926314
rmse,layernorm,phihyd_surface,1740,15,0.48143944240595826,0.4524468015202732,0.5177096344667901
rmse,layernorm,phihyd_surface,1750,15,0.48435246655590214,0.4552790351440656,0.5202897205408574
rmse,layernorm,phihyd_surface,1760,15,0.48722708939817116,0.4580260716847601,0.5228570778455551
rmse,layernorm,phihyd_surface,1770,15,0.49007949770251125,0.4607942458884805,0.5253978678767564
rmse,layernorm,phihyd_surface,1780,15,0.4929304552104281,0.46362906823439287,0.5278309869641834
rmse,layernorm,phihyd_surface,1790,15,0.4957893440560641,0.46637788058635826,0.5303716937444222
rmse,layernorm,phihyd_surface,1800,15,0.49864861334501764,0.4691281644228543,0.5328803749498238
rmse,layernorm,phihyd_surface,1810,15,0.5014708948879396,0.4718435385521238,0.535106229498252
rmse,layernorm,phihyd_surface,1820,15,0.5042891660725389,0.47446842426280195,0.5373705476344839
rmse,layernorm,phihyd_surface,1830,15,0.5071212116952561,0.47708471456596124,0.5397303832207392
rmse,layernorm,phihyd_surface,1840,15,0.5099046563091817,0.47973089117932066,0.5418655024132706
rmse,layernorm,phihyd_surface,1850,15,0.5126422824641403,0.48231620515345675,0.5438311067449838
rmse,layernorm,phihyd_surface,1860,15,0.515410606658882,0.4848121419059515,0.5458683965340467
rmse,layernorm,phihyd_surface,1870,15,0.5181597454599579,0.4872512651330275,0.5478480451260678
rmse,layernorm,phihyd_surface,1880,15,0.5208156771469609,0.4896445540352279,0.54970900548557
rmse,layernorm,phihyd_surface,1890,15,0.5234729157423789,0.49207826410126565,0.5515270875947571
rmse,layernorm,phihyd_surface,1900,15,0.5261522418791124,0.4950788981083448,0.5533084371875447
rmse,layernorm,phihyd_surface,1910,15,0.5288025688957255,0.49811177552334,0.5551795593998146
rmse,layernorm,phihyd_surface,1920,15,0.5314404207492428,0.5011734898329945,0.5572269971283677
rmse,layernorm,phihyd_surface,1930,15,0.5340619404548154,0.5043152767029352,0.5592419594487226
rmse,layernorm,phihyd_surface,1940,15,0.5366933555809262,0.5072966697449028,0.5611817944032627
rmse,layernorm,phihyd_surface,1950,15,0.5393275547031415,0.5102406916796242,0.5630882938268108
rmse,layernorm,phihyd_surface,1960,15,0.5419605290480105,0.5132027952176043,0.5650795165324807
rmse,layernorm,phihyd_surface,1970,15,0.5446174452040614,0.5161413577669735,0.5670682225075755
rmse,layernorm,phihyd_surface,1980,15,0.5472587974658754,0.5190389461101557,0.5689297220900148
rmse,layernorm,phihyd_surface,1990,15,0.549885160691725,0.5218855546497254,0.5707702238729377
rmse,layernorm,phihyd_surface,2000,15,0.5525281559476772,0.5246304458844602,0.5726199731224156
rmse,layernorm,sst,0,15,1.1739487957687324e-09,1.0289821456926073e-09,1.2741477862431596e-09
rmse,layernorm,sst,10,15,0.003549466666751312,0.0032097038304168646,0.003852807278519379
rmse,layernorm,sst,20,15,0.005421210437839711,0.004752644503238809,0.006163569209288039
rmse,layernorm,sst,30,15,0.006981643330633706,0.006134533575964799,0.00795139901951689
rmse,layernorm,sst,40,15,0.008469312760137793,0.00739859568123343,0.009681757087615733
rmse,layernorm,sst,50,15,0.00980120943712512,0.008615657789648453,0.011300161420531704
rmse,layernorm,sst,60,15,0.011035045293925539,0.009762449855393915,0.012929717158004263
rmse,layernorm,sst,70,15,0.01202561376991436,0.010497033981575237,0.0138194796937667
rmse,layernorm,sst,80,15,0.013081792837602297,0.011650059349865856,0.015202129377349915
rmse,layernorm,sst,90,15,0.014008228584811312,0.012533107102606012,0.016385916198663194
rmse,layernorm,sst,100,15,0.015047853929006507,0.013379398655593316,0.017278646249814615
rmse,layernorm,sst,110,15,0.016083098073032556,0.014268300731393182,0.01821555957778046
rmse,layernorm,sst,120,15,0.017025497078641386,0.015186962640588601,0.01910585285437313
rmse,layernorm,sst,130,15,0.017909245742504538,0.01626219602763538,0.020223117929166184
rmse,layernorm,sst,140,15,0.018787020634887287,0.01747954783660906,0.020972909329323972
rmse,layernorm,sst,150,15,0.01984801114112509,0.018536734599445985,0.021961102974124166
rmse,layernorm,sst,160,15,0.02093020265643399,0.01965336974266955,0.0227017579356259
rmse,layernorm,sst,170,15,0.022046948136786117,0.020706371880705822,0.023605404835038524
rmse,layernorm,sst,180,15,0.023279992717811997,0.021911571164822858,0.025254743482676204
rmse,layernorm,sst,190,15,0.02453749676416668,0.02296243677317306,0.026869031798294217
rmse,layernorm,sst,200,15,0.02580899685642436,0.02393913181476299,0.028670413428191977
rmse,layernorm,sst,210,15,0.027190085680619855,0.024947462111363308,0.030364941637318017
rmse,layernorm,sst,220,15,0.02871928307951096,0.0262344594851363,0.03214604293334441
rmse,layernorm,sst,230,15,0.03017227282971959,0.02758319189771489,0.03419662005841837
rmse,layernorm,sst,240,15,0.03160261918522322,0.028257232891693514,0.036202336028841535
rmse,layernorm,sst,250,15,0.03301660352461737,0.02887421425463424,0.038075018893573474
rmse,layernorm,sst,260,15,0.0343348896882063,0.02996663846021582,0.03979399934727218
rmse,layernorm,sst,270,15,0.03575462970010537,0.03120384898847981,0.0411980890232539
rmse,layernorm,sst,280,15,0.03725396562110037,0.032576086951437704,0.042602579261250106
rmse,layernorm,sst,290,15,0.03875777017240013,0.03360206832228132,0.044273830780429624
rmse,layernorm,sst,300,15,0.04009891580041731,0.03389666025139377,0.04608631399683
rmse,layernorm,sst,310,15,0.041489171720010806,0.03492267212269392,0.04789764444204822
rmse,layernorm,sst,320,15,0.04313266371486684,0.03605250876117861,0.050102530469331746
rmse,layernorm,sst,330,15,0.04476170361458764,0.03713951167688495,0.051694420834303874
rmse,layernorm,sst,340,15,0.04636304550266769,0.03828475815496892,0.05323303380106477
rmse,layernorm,sst,350,15,0.047935259487213715,0.0396503390655644,0.055282932546916595
rmse,layernorm,sst,360,15,0.04936458065849906,0.041329682636503405,0.05695964601643206
rmse,layernorm,sst,370,15,0.05065818674318602,0.04289530924561419,0.05804022498073361
rmse,layernorm,sst,380,15,0.051925861619973944,0.04427960669204534,0.059211571764180695
rmse,layernorm,sst,390,15,0.053341459467674435,0.04617739819759873,0.06055390160805465
rmse,layernorm,sst,400,15,0.05447926168856753,0.04779210565292205,0.06163978472344477
rmse,layernorm,sst,410,15,0.055512095552651734,0.048724846999716354,0.0626786373183883
rmse,layernorm,sst,420,15,0.05650784646100095,0.05027578681925331,0.06396851363505228
rmse,layernorm,sst,430,15,0.05761995142104259,0.051955285554009654,0.06457781834762696
rmse,layernorm,sst,440,15,0.05898132761529086,0.05372539280103871,0.06579068659334995
rmse,layernorm,sst,450,15,0.060303035734847445,0.055315057872069244,0.06714092174325544
rmse,layernorm,sst,460,15,0.061591626820979205,0.0563781808312605,0.06857593481891311
rmse,layernorm,sst,470,15,0.06290543495556393,0.056974916754512085,0.06932968816199003
rmse,layernorm,sst,480,15,0.06436834322592587,0.0584324054887681,0.07145118167560838
rmse,layernorm,sst,490,15,0.06616474292560821,0.060279399540266614,0.07395702286829547
rmse,layernorm,sst,500,15,0.06810789493015575,0.06151880607475404,0.0758486307032186
rmse,layernorm,sst,510,15,0.07025676277598972,0.06342436373183528,0.07782195473874857
rmse,layernorm,sst,520,15,0.072649476532854,0.06547820903671703,0.08061313348420847
rmse,layernorm,sst,530,15,0.074993820899485,0.06687206131063911,0.08336248263097155
rmse,layernorm,sst,540,15,0.07729127085243875,0.06891445367874376,0.08573568829428899
rmse,layernorm,sst,550,15,0.07998471085180438,0.07134558429457362,0.08876639317922554
rmse,layernorm,sst,560,15,0.08296135841056088,0.07393059574043082,0.09192863791650357
rmse,layernorm,sst,570,15,0.08585517071642502,0.0756264846325304,0.09489692995446393
rmse,layernorm,sst,580,15,0.08860248103797513,0.07724847454921545,0.09730739700107251
rmse,layernorm,sst,590,15,0.09124464603931051,0.07895923535152784,0.10032134523808889
rmse,layernorm,sst,600,15,0.09407150033401884,0.0811007333089933,0.10301558680549189
rmse,layernorm,sst,610,15,0.09705460462521334,0.08385125556162538,0.10571053749379623
rmse,layernorm,sst,620,15,0.09980221841386674,0.0866386866657063,0.10885723740704631
rmse,layernorm,sst,630,15,0.10215812138857029,0.08823659131861908,0.11110101767182567
rmse,layernorm,sst,640,15,0.10458826310464531,0.08985946225869679,0.1137698964472199
rmse,layernorm,sst,650,15,0.10746209370827177,0.09224265009931039,0.11718933858445242
rmse,layernorm,sst,660,15,0.110557669850729,0.094346780716503,0.12068578934837772
rmse,layernorm,sst,670,15,0.1135137892821744,0.09559783573564914,0.12378195784504727
rmse,layernorm,sst,680,15,0.1162827560272433,0.0980164244614624,0.12685290194990873
rmse,layernorm,sst,690,15,0.11937864230332626,0.10064378655661704,0.13190717858321535
rmse,layernorm,sst,700,15,0.12226543363473019,0.10329038009945699,0.1363886068051531
rmse,layernorm,sst,710,15,0.12501405917983283,0.10548180665262606,0.13944311017993202
rmse,layernorm,sst,720,15,0.1275441323117613,0.10853450620054932,0.14219647623077883
rmse,layernorm,sst,730,15,0.1299498311061319,0.11137660137217918,0.14461570877323132
rmse,layernorm,sst,740,15,0.1325041493415175,0.11434248464677609,0.14718346017168701
rmse,layernorm,sst,750,15,0.13515490346736583,0.11731053034004384,0.14953427290929666
rmse,layernorm,sst,760,15,0.13790347381199838,0.12010235315616548,0.15197491122440374
rmse,layernorm,sst,770,15,0.14099132741724463,0.12375969605351886,0.1546837479720147
rmse,layernorm,sst,780,15,0.14438015056099784,0.12753353126989309,0.15826124982166634
rmse,layernorm,sst,790,15,0.14769193797265323,0.1309812770444564,0.1611191901918716
rmse,layernorm,sst,800,15,0.1508417590417517,0.13449564935490818,0.16420980709871505
rmse,layernorm,sst,810,15,0.15420172528780637,0.13813681972509131,0.1685089897808839
rmse,layernorm,sst,820,15,0.1576347991632116,0.1405312774394036,0.1727638253580484
rmse,layernorm,sst,830,15,0.1610460942246144,0.14324514803504507,0.17618910033579513
rmse,layernorm,sst,840,15,0.16458336140776894,0.14647160205850498,0.17963152475260621
rmse,layernorm,sst,850,15,0.16818679178879103,0.14978890343711035,0.18389995153313643
rmse,layernorm,sst,860,15,0.17188942874880853,0.1537554189080015,0.18886458610772813
rmse,layernorm,sst,870,15,0.17507315378244723,0.15694548254008922,0.1929900277003447
rmse,layernorm,sst,880,15,0.17795445023765294,0.1587934491425835,0.19766613030318658
rmse,layernorm,sst,890,15,0.18039324403762755,0.16120769135253246,0.20213529293366514
rmse,layernorm,sst,900,15,0.1825743710101783,0.1635335011049051,0.2067524159112122
rmse,layernorm,sst,910,15,0.18471070687241006,0.16547311828250053,0.21107858209564753
rmse,layernorm,sst,920,15,0.1868761266890294,0.1681120919256851,0.21515636893835813
rmse,layernorm,sst,930,15,0.18891953409899964,0.17116537458093228,0.21833983225773101
rmse,layernorm,sst,940,15,0.19095793308875522,0.1740334196137388,0.22148688933370286
rmse,layernorm,sst,950,15,0.19316584434731562,0.17664618579964553,0.22522363321645528
rmse,layernorm,sst,960,15,0.19561858373126997,0.18009844149436904,0.22871038888942852
rmse,layernorm,sst,970,15,0.19800025403447882,0.18300041533035233,0.2310932826999359
rmse,layernorm,sst,980,15,0.200649664100052,0.18576887094343666,0.23484767230768702
rmse,layernorm,sst,990,15,0.20358748301714308,0.18747931838674398,0.23948110376168355
rmse,layernorm,sst,1000,15,0.20645861225225032,0.188900550334471,0.24347516831372867
rmse,layernorm,sst,1010,15,0.2092443088603608,0.19072137175438078,0.24696208298955735
rmse,layernorm,sst,1020,15,0.21217001368375135,0.19435119962883643,0.25061785496846084
rmse,layernorm,sst,1030,15,0.21512971898713823,0.19785762202313859,0.25445707052312444
rmse,layernorm,sst,1040,15,0.2177819912030078,0.20109574778517822,0.2574133430729664
rmse,layernorm,sst,1050,15,0.22035980473698966,0.20363398901036828,0.26004361508169227
rmse,layernorm,sst,1060,15,0.22276781969244425,0.2059591799958035,0.2626200198114642
rmse,layernorm,sst,1070,15,0.22509602507529772,0.20685482842733768,0.2650425923588397
rmse,layernorm,sst,1080,15,0.22761366587768303,0.2080570742651324,0.2671268680829343
rmse,layernorm,sst,1090,15,0.23009217971630064,0.20981966058214874,0.2688633368186676
rmse,layernorm,sst,1100,15,0.23239351072166245,0.21072500717875023,0.27035765484612806
rmse,layernorm,sst,1110,15,0.2345679902112875,0.21203314738171156,0.2716349533056842
rmse,layernorm,sst,1120,15,0.2366404103045028,0.213666757627198,0.27351895267486687
rmse,layernorm,sst,1130,15,0.2389106351337783,0.21522267129835415,0.2753681762753189
rmse,layernorm,sst,1140,15,0.2409400159860353,0.2167090267163601,0.27556309903068976
rmse,layernorm,sst,1150,15,0.24291625630310526,0.21831573291803016,0.2757419833235209
rmse,layernorm,sst,1160,15,0.2449280473416696,0.21957461890435112,0.27663944611709096
rmse,layernorm,sst,1170,15,0.246834447474414,0.22130845218008863,0.27723469859447913
rmse,layernorm,sst,1180,15,0.2485925902790952,0.22344824270224953,0.2775441060161998
rmse,layernorm,sst,1190,15,0.25042408254370074,0.22568170070282484,0.2783166112324454
rmse,layernorm,sst,1200,15,0.25236048199438715,0.228043496388843,0.279640770721061
rmse,layernorm,sst,1210,15,0.25408005786177074,0.22995186608691578,0.28021177629576977
rmse,layernorm,sst,1220,15,0.2555678173666263,0.2318428371275886,0.28063014955020604
rmse,layernorm,sst,1230,15,0.2570442224016608,0.23401128978361813,0.28128574593527245
rmse,layernorm,sst,1240,15,0.2585002287259882,0.23572632414761277,0.2817606991406502
rmse,layernorm,sst,1250,15,0.2601691277456767,0.23760054282081347,0.28183334535032417
rmse,layernorm,sst,1260,15,0.26195840891936867,0.23996454220377994,0.2822385546361818
rmse,layernorm,sst,1270,15,0.2636934432213303,0.24194417083669484,0.2822590859943326
rmse,layernorm,sst,1280,15,0.26545744012412115,0.24410449415019356,0.28288311544204103
rmse,layernorm,sst,1290,15,0.267253547647045,0.24630317756422254,0.2844087215553692
rmse,layernorm,sst,1300,15,0.26935466593432633,0.24901342988053635,0.2862269815451157
rmse,layernorm,sst,1310,15,0.2713441517436944,0.2524034757899637,0.2872676648366558
rmse,layernorm,sst,1320,15,0.2731733323479242,0.2551945918255188,0.2889149052969466
rmse,layernorm,sst,1330,15,0.27514641849804466,0.2576442644494623,0.2911047196079861
rmse,layernorm,sst,1340,15,0.27709785786662783,0.2587041351592884,0.292707682371313
rmse,layernorm,sst,1350,15,0.2789938124876834,0.2599043736099277,0.2948628532349993
rmse,layernorm,sst,1360,15,0.28116952904160775,0.2614567960390115,0.29834309452222363
rmse,layernorm,sst,1370,15,0.2833919621666502,0.26263446953293357,0.29949422575340184
rmse,layernorm,sst,1380,15,0.28547307341363176,0.26396410671118176,0.30026003029786724
rmse,layernorm,sst,1390,15,0.2875155228070066,0.2660885812345846,0.3020631707554015
rmse,layernorm,sst,1400,15,0.28967805264667873,0.26870769934883476,0.3040773866146531
rmse,layernorm,sst,1410,15,0.2918058514702439,0.2709786368311725,0.30737157101613666
rmse,layernorm,sst,1420,15,0.2938788933599768,0.27225428135478646,0.310454644058264
rmse,layernorm,sst,1430,15,0.29579899472327803,0.27306826527377515,0.313485491603177
rmse,layernorm,sst,1440,15,0.29765521991679683,0.2744722995804013,0.3163637913858929
rmse,layernorm,sst,1450,15,0.2997653239868569,0.27693075951648694,0.3185810402565369
rmse,layernorm,sst,1460,15,0.30183857652780316,0.2800629046415089,0.3207329416901037
rmse,layernorm,sst,1470,15,0.30405713923553657,0.28256366666714183,0.3229952227769542
rmse,layernorm,sst,1480,15,0.306242030867869,0.28453950933748035,0.3249079882263885
rmse,layernorm,sst,1490,15,0.3080600167095547,0.2865221657385062,0.3266324234619995
rmse,layernorm,sst,1500,15,0.30988677313088425,0.2879883694675061,0.32903217721604217
rmse,layernorm,sst,1510,15,0.31168958348359255,0.28834846376811696,0.33187637380428897
rmse,layernorm,sst,1520,15,0.31325251365439605,0.2877350448240037,0.3348071441544754
rmse,layernorm,sst,1530,15,0.31511848520813285,0.2883948030196641,0.33865806436319534
rmse,layernorm,sst,1540,15,0.31695272954917264,0.2904288491001314,0.3419733058927601
rmse,layernorm,sst,1550,15,0.31849938149216184,0.2915218760769502,0.3451603182636739
rmse,layernorm,sst,1560,15,0.32020309410890424,0.29220377982241463,0.349026896695844
rmse,layernorm,sst,1570,15,0.32192443953015004,0.2935095673604968,0.3522498264777607
rmse,layernorm,sst,1580,15,0.32361597925415747,0.29444205064594575,0.3547426705594169
rmse,layernorm,sst,1590,15,0.3254689198693162,0.29436775638918133,0.3579435470014871
rmse,layernorm,sst,1600,15,0.32713047222790964,0.2945648841247887,0.36064390315691935
rmse,layernorm,sst,1610,15,0.32876017184236844,0.2957293253213686,0.36343251832950224
rmse,layernorm,sst,1620,15,0.33081092588384503,0.29800801081673217,0.3662684479062191
rmse,layernorm,sst,1630,15,0.3327733117652317,0.30092899281662105,0.3689933418559136
rmse,layernorm,sst,1640,15,0.33478449172357083,0.3044344508750641,0.3725658266097696
rmse,layernorm,sst,1650,15,0.33711349293792703,0.30783795741338754,0.376269395714619
rmse,layernorm,sst,1660,15,0.3392135139170328,0.31062235028666446,0.37840616917348924
rmse,layernorm,sst,1670,15,0.34132166909992095,0.3130707748740073,0.3804265507320144
rmse,layernorm,sst,1680,15,0.3435984574221456,0.31571373820063386,0.38331200383550373
rmse,layernorm,sst,1690,15,0.34562008240599507,0.31788544447126205,0.3859588090142236
rmse,layernorm,sst,1700,15,0.34793225328777866,0.3207399825332052,0.38851738226815197
rmse,layernorm,sst,1710,15,0.3503740456813866,0.32501008595271136,0.39164816312265943
rmse,layernorm,sst,1720,15,0.35251188169266584,0.3282021021563878,0.3944051626985671
rmse,layernorm,sst,1730,15,0.35486163023351486,0.33017306283895614,0.3965040646769495
rmse,layernorm,sst,1740,15,0.3572606827061755,0.3327061179541902,0.39901606778819254
rmse,layernorm,sst,1750,15,0.3594687988957425,0.3347237931877951,0.4015073019558735
rmse,layernorm,sst,1760,15,0.3618483199875446,0.3364857921400526,0.40377244430220227
rmse,layernorm,sst,1770,15,0.36423750365609014,0.3388600276228829,0.4059746068930622
rmse,layernorm,sst,1780,15,0.3664438090264605,0.34182680947746463,0.40909760414195295
rmse,layernorm,sst,1790,15,0.3690070516268234,0.34402506923913256,0.4107865704068781
rmse,layernorm,sst,1800,15,0.37167180103485836,0.34634080319552946,0.41294143900303093
rmse,layernorm,sst,1810,15,0.3741909246729291,0.34849290267027944,0.41533115953375926
rmse,layernorm,sst,1820,15,0.37706618310800205,0.35040894887272495,0.41794142831256453
rmse,layernorm,sst,1830,15,0.37993336847338616,0.3526444332575825,0.42072608286757496
rmse,layernorm,sst,1840,15,0.38239121122315445,0.3540292229604069,0.4234078131390965
rmse,layernorm,sst,1850,15,0.3849619808805872,0.35561191875619885,0.4262359238911132
rmse,layernorm,sst,1860,15,0.38739406164485685,0.3573773060647531,0.42885738220863767
rmse,layernorm,sst,1870,15,0.38995120124451516,0.3589541226481823,0.43176193917213734
rmse,layernorm,sst,1880,15,0.3926759886131795,0.3602856353425907,0.4339878120170406
rmse,layernorm,sst,1890,15,0.3950701634847371,0.3624116597178955,0.4352521788002577
rmse,layernorm,sst,1900,15,0.3975403429331955,0.36398584324754907,0.43826720356630894
rmse,layernorm,sst,1910,15,0.400016524943289,0.3646859836485678,0.4411303566054814
rmse,layernorm,sst,1920,15,0.40214517466159416,0.3648917031710681,0.4429860174371489
rmse,layernorm,sst,1930,15,0.40432030714724987,0.36501004196058423,0.44498158405487126
rmse,layernorm,sst,1940,15,0.40661322506541264,0.3654135257620545,0.4462399640285618
rmse,layernorm,sst,1950,15,0.4086895535884168,0.3658675626874008,0.4489834772128524
rmse,layernorm,sst,1960,15,0.41106215677224506,0.3661459405448238,0.45228377354904514
rmse,layernorm,sst,1970,15,0.4136322465861225,0.367463008595034,0.4547111809836154
rmse,layernorm,sst,1980,15,0.41604355343470145,0.36873226646149343,0.45755353754638806
rmse,layernorm,sst,1990,15,0.41890663513442433,0.3701040663322578,0.4603261785554999
rmse,layernorm,sst,2000,15,0.42183890860966045,0.3719874621036411,0.46326148172627857
rmse,prior_residual,surface_speed,0,15,2.8824533015577473e-09,2.7463756383695507e-09,3.059100426372716e-09
rmse,prior_residual,surface_speed,10,15,0.0002673990968923606,0.00021476954780690324,0.00032013299482145654
rmse,prior_residual,surface_speed,20,15,0.0004358936008167879,0.0003359360289718246,0.0006551724773942687
rmse,prior_residual,surface_speed,30,15,0.0005704666586682777,0.0004206594554721909,0.0009441404942626221
rmse,prior_residual,surface_speed,40,15,0.0007016593641913046,0.0005263107379405676,0.001113944896050894
rmse,prior_residual,surface_speed,50,15,0.0008339735386648224,0.0006486954202158995,0.0013652204489636663
rmse,prior_residual,surface_speed,60,15,0.0009726781129456763,0.0007951945073917524,0.0015393480541542087
rmse,prior_residual,surface_speed,70,15,0.0011429362531552027,0.0009460714325548318,0.0016705248364837079
rmse,prior_residual,surface_speed,80,15,0.0013894442748290982,0.0011803821752887959,0.001959331082481155
rmse,prior_residual,surface_speed,90,15,0.0017320509073082385,0.0014903669060151658,0.0023871642527831284
rmse,prior_residual,surface_speed,100,15,0.002219392455629272,0.001928434782179758,0.002983776948274199
rmse,prior_residual,surface_speed,110,15,0.0028922773965433853,0.0025304515197674166,0.0038555461889493037
rmse,prior_residual,surface_speed,120,15,0.0038189982508430097,0.003358021659004448,0.005083169557117921
rmse,prior_residual,surface_speed,130,15,0.005098193506051801,0.004521255695668877,0.006702113966792226
rmse,prior_residual,surface_speed,140,15,0.006854373832268957,0.006108082519946953,0.008869913025623129
rmse,prior_residual,surface_speed,150,15,0.009315310282559495,0.008320518850771282,0.0119974510539373
rmse,prior_residual,surface_speed,160,15,0.012765411604494598,0.011466819555784106,0.01638986159990984
rmse,prior_residual,surface_speed,170,15,0.01748784506957675,0.015775132542318215,0.0222962631853611
rmse,prior_residual,surface_speed,180,15,0.02414079217862978,0.021779190428601568,0.030608327785253485
rmse,prior_residual,surface_speed,190,15,0.03388139038010927,0.03051214797255123,0.04250279250672207
rmse,prior_residual,surface_speed,200,15,0.04811295083863419,0.04338701025643189,0.05934064348521306
rmse,prior_residual,surface_speed,210,15,0.06874175548481015,0.06225407945782238,0.08322684807297988
rmse,prior_residual,surface_speed,220,15,0.09817154402508366,0.08945505356907708,0.11659079603972262
rmse,prior_residual,surface_speed,230,15,0.13973579527196728,0.12820294070409108,0.16289091256558796
rmse,prior_residual,surface_speed,240,15,0.19785732729551017,0.18263418529457495,0.22674180941929542
rmse,prior_residual,surface_speed,250,15,0.27890402918457174,0.258902128963127,0.314805147575454
rmse,prior_residual,surface_speed,260,15,0.39164342349098696,0.36529372215213773,0.43624236927235754
rmse,prior_residual,surface_speed,270,15,0.5482091429158642,0.5131669192259339,0.6034131402117623
rmse,prior_residual,surface_speed,280,15,0.7652524703408802,0.7180474904876104,0.8337824014819855
rmse,prior_residual,surface_speed,290,15,1.0657153451155206,1.0016999899425238,1.1511430829987637
rmse,prior_residual,surface_speed,300,15,1.481023353587615,1.3937882854833206,1.5881660955335803
rmse,prior_residual,surface_speed,310,15,2.0545628271568948,1.9352696720402307,2.190395884976049
rmse,prior_residual,surface_speed,320,15,2.846135406337633,2.6828443625516396,3.020461069767096
rmse,prior_residual,surface_speed,330,15,3.9385212356823236,3.7151245483921422,4.16659470822645
rmse,prior_residual,surface_speed,340,15,5.446492808393987,5.141161491866403,5.7558329873628455
rmse,prior_residual,surface_speed,350,15,7.529405385057126,7.110144117230411,7.951191504987237
rmse,prior_residual,surface_speed,360,15,10.408263654161857,9.829092137667145,10.985468564003236
rmse,prior_residual,surface_speed,370,15,14.390084961698056,13.595319430161739,15.180875649712107
rmse,prior_residual,surface_speed,380,15,19.90188618089723,18.816486170575974,20.98324735665585
rmse,prior_residual,surface_speed,390,15,27.536465518208963,26.061187159576765,29.00914058599553
rmse,prior_residual,surface_speed,400,15,38.1176162653702,36.11345374832414,40.11313084228683
rmse,prior_residual,surface_speed,410,15,52.78901353564671,50.07473972960973,55.47810897206013
rmse,prior_residual,surface_speed,420,15,73.1388773434131,69.46740550700218,76.74014541723481
rmse,prior_residual,surface_speed,430,15,101.36958419469697,96.40268067864727,106.15656293072729
rmse,prior_residual,surface_speed,440,15,140.53878315776592,133.80431305880646,146.85352572141716
rmse,prior_residual,surface_speed,450,15,194.88904703003465,185.72246891189826,203.33308082598086
rmse,prior_residual,surface_speed,460,15,270.3093822065891,257.7840455231844,281.56956407830535
rmse,prior_residual,surface_speed,470,15,374.98686989449993,357.81250108738976,390.0212194913257
rmse,prior_residual,surface_speed,480,15,520.3016005638252,496.6729040814016,541.5015772142617
rmse,prior_residual,surface_speed,490,15,722.0822695552305,689.4120130665844,751.8150866188375
rmse,prior_residual,surface_speed,500,15,1002.4131849458565,956.9834196990656,1043.9999353300768
rmse,prior_residual,surface_speed,510,15,1392.0690638016672,1328.5870869623548,1450.852968656498
rmse,prior_residual,surface_speed,520,15,1933.9541196344944,1844.9203503648573,2016.373528686734
rmse,prior_residual,surface_speed,530,15,2688.0000404983975,2562.661928265191,2802.553870761735
rmse,prior_residual,surface_speed,540,15,3737.9758307488623,3560.7682509344822,3897.436724244676
rmse,prior_residual,surface_speed,550,15,5200.969293498306,4944.700987709332,5429.908840876026
rmse,prior_residual,surface_speed,560,15,7240.90093434019,6869.020117939619,7566.687099801166
rmse,prior_residual,surface_speed,570,15,10087.671313431094,9544.316933509015,10548.002865092505
rmse,prior_residual,surface_speed,580,15,14063.19907602738,13260.974658649371,14710.194846921904
rmse,prior_residual,surface_speed,590,15,19618.62977707467,18466.595448027187,20550.550034385946
rmse,prior_residual,surface_speed,600,15,27386.239335286955,25737.649179843316,28728.715467976057
rmse,prior_residual,surface_speed,610,15,38253.256811046325,35887.878480183106,40223.79320418935
rmse,prior_residual,surface_speed,620,15,53463.55993811871,50061.564052545225,56349.788838227076
rmse,prior_residual,surface_speed,630,15,74761.87335890159,69862.72843140844,78984.48881361904
rmse,prior_residual,surface_speed,640,15,104601.83383051176,97538.10131819567,110772.32148094571
rmse,prior_residual,surface_speed,650,15,146425.98975129865,136233.5766082408,155424.43637779244
rmse,prior_residual,surface_speed,660,15,205066.1670038045,190349.48927944392,218166.66490523968
rmse,prior_residual,surface_speed,670,15,287298.4872170872,265996.7078279864,306306.03485364036
rmse,prior_residual,surface_speed,680,15,402641.65078480414,371684.04676277185,430120.95703632606
rmse,prior_residual,surface_speed,690,15,564495.8477258027,519623.5326224717,604208.285947502
rmse,prior_residual,surface_speed,700,15,791679.8833697523,726786.3224564885,848757.410079924
rmse,prior_residual,surface_speed,710,15,1110658.7279953083,1017020.4054988886,1192330.252507995
rmse,prior_residual,surface_speed,720,15,1558695.956364909,1423940.2111333157,1675290.6808893536
rmse,prior_residual,surface_speed,730,15,2188167.9107301417,1994697.450185818,2354779.7863234333
rmse,prior_residual,surface_speed,740,15,3072808.781826326,2795537.8794021793,3311061.7029156294
rmse,prior_residual,surface_speed,750,15,4316669.500912274,3919664.434362374,4657642.478606089
rmse,prior_residual,surface_speed,760,15,6066236.3894091165,5498279.764261035,6553714.250207212
rmse,prior_residual,surface_speed,770,15,8527960.047863502,7715949.035627782,9224639.20088575
rmse,prior_residual,surface_speed,780,15,11993429.094679264,10832719.01993016,12989033.116372691
rmse,prior_residual,surface_speed,790,15,16873876.39269372,15215251.856869418,18296443.125202596
rmse,prior_residual,surface_speed,800,15,23749669.31551666,21380412.30311633,25781607.989883296
rmse,prior_residual,surface_speed,810,15,33439972.45978149,30059155.64821898,36341890.589672804
rmse,prior_residual,surface_speed,820,15,47101608.33727705,42280557.65001526,51247953.69447219
rmse,prior_residual,surface_speed,830,15,66369813.94054454,59497611.8899597,72297272.70342503
rmse,prior_residual,surface_speed,840,15,93557959.85867825,83761785.52703573,102044207.60997528
rmse,prior_residual,surface_speed,850,15,131934693.09729752,117967636.61140308,144094452.77036294
rmse,prior_residual,surface_speed,860,15,186117648.8290806,166195420.38900822,203542577.77334452
rmse,prior_residual,surface_speed,870,15,262631416.73397917,234212017.13063347,287618993.0682013
rmse,prior_residual,surface_speed,880,15,370696493.44628865,330175591.88633096,406623353.23408574
rmse,prior_residual,surface_speed,890,15,523348110.9354771,465584363.83148617,574994442.1386645
rmse,prior_residual,surface_speed,900,15,739004461.699518,656646145.0643644,813183881.4941385
rmse,prior_residual,surface_speed,910,15,1043706952.0934943,926291118.1801674,1149499963.1001418
rmse,prior_residual,surface_speed,920,15,1474341174.8170996,1306960987.1581159,1625103906.444055
rmse,prior_residual,surface_speed,930,15,2083031534.5338068,1844389097.1613908,2297924994.526614
rmse,prior_residual,surface_speed,940,15,2943478435.0851912,2603308305.1651516,3249831987.2106915
rmse,prior_residual,surface_speed,950,15,4159866048.4469857,3675370360.4214725,4596477919.929983
rmse,prior_residual,surface_speed,960,15,5879403277.815917,5189847972.440849,6500949960.817498
rmse,prior_residual,surface_speed,970,15,8310185118.213408,7329353958.205265,9194755401.969181
rmse,prior_residual,surface_speed,980,15,11746553791.952772,10350729631.095388,13005031390.21396
rmse,prior_residual,surface_speed,990,15,16604700061.123957,14617655952.4812,18394893868.248363
rmse,prior_residual,surface_speed,1000,15,23473069557.1886,20643239623.243046,26022688698.260117
rmse,prior_residual,surface_speed,1010,15,33184906874.446938,29153355905.726295,36819209208.283134
rmse,prior_residual,surface_speed,1020,15,46917063304.75863,41173087198.22885,52098572292.85504
rmse,prior_residual,surface_speed,1030,15,66331041015.7152,58151187762.158264,73714533348.99191
rmse,prior_residual,surface_speed,1040,15,93776071157.04317,82133901853.75055,104292333650.12646
rmse,prior_residual,surface_speed,1050,15,132577590670.85759,116014212727.81555,147552269900.22324
rmse,prior_residual,surface_speed,1060,15,187441039537.34055,163883464133.49896,208775347071.9491
rmse,prior_residual,surface_speed,1070,15,265022219261.80206,231512722772.58237,295438918797.7358
rmse,prior_residual,surface_speed,1080,15,374738258377.7645,327050388860.7789,418097050218.9253
rmse,prior_residual,surface_speed,1090,15,529914353421.00604,461761082115.86115,591673901120.9279
rmse,prior_residual,surface_speed,1100,15,749401647803.5018,651929188170.3911,837263417708.0994
rmse,prior_residual,surface_speed,1110,15,1059883192433.6147,920496793100.7809,1184764138610.443
rmse,prior_residual,surface_speed,1120,15,1499059198240.5017,1299624689117.108,1676658250231.267
rmse,prior_residual,surface_speed,1130,15,2120317046295.385,1834875736262.789,2373227230150.5176
rmse,prior_residual,surface_speed,1140,15,2999234453046.72,2590761163111.862,3359717565441.13
rmse,prior_residual,surface_speed,1150,15,4242888318966.9355,3658662445993.068,4757179739544.878
rmse,prior_residual,surface_speed,1160,15,6002915017726.247,5167285177686.831,6736806062823.175
rmse,prior_residual,surface_speed,1170,15,8493876845985.628,7298868714005.513,9539928210829.006
rmse,prior_residual,surface_speed,1180,15,12018935338730.9,10309705264675.93,13507899671359.744
rmse,prior_residual,surface_speed,1190,15,17007380383678.158,14562542273901.092,19124443070313.11
rmse,prior_residual,surface_speed,1200,15,24066550422609.19,20570304502735.938,27075133711290.33
rmse,prior_residual,surface_speed,1210,15,34056689106555.246,29057201751281.555,38334233679592.836
rmse,prior_residual,surface_speed,1220,15,48197112312099.59,41050325245562.305,54279120396598.17
rmse,prior_residual,surface_speed,1230,15,68211158671486.07,57998125076767.79,76854195362796.48
rmse,prior_residual,surface_speed,1240,15,96538872384658.73,81950074681513.4,108821566175326.84
rmse,prior_residual,surface_speed,1250,15,136638099827879.69,115805619570679.98,154103198149008.25
rmse,prior_residual,surface_speed,1260,15,193403133844972.44,163663422717536.88,218233433074338.4
rmse,prior_residual,surface_speed,1270,15,273761398099912.53,231318173695836.2,309040141698724.7
rmse,prior_residual,surface_speed,1280,15,387533946904549.2,326966030643272.56,437659918259189.0
rmse,prior_residual,surface_speed,1290,15,548651404279256.75,462241806364613.9,619887827509977.0
rmse,prior_residual,surface_speed,1300,15,776843793118287.2,653585579235477.5,878075296684787.4
rmse,prior_residual,surface_speed,1310,15,1100019033776662.1,924220049157480.1,1243942847865071.0
rmse,prior_residual,surface_speed,1320,15,1557694550522918.5,1307031369659622.8,1762224532926485.0
rmse,prior_residual,surface_speed,1330,15,2206010052725832.8,1848627651762356.5,2496634088413325.0
rmse,prior_residual,surface_speed,1340,15,3124507351368926.0,2614848117440450.0,3537312198597517.5
rmse,prior_residual,surface_speed,1350,15,4425849708013202.5,3698847266588081.0,5012202004249026.0
rmse,prior_residual,surface_speed,1360,15,6269612826717876.0,5232459342294971.0,7102522119947640.0
rmse,prior_residual,surface_speed,1370,15,8882046131283042.0,7402634422515384.0,1.0065782049098316e+16
rmse,prior_residual,surface_speed,1380,15,1.2583547022495702e+16,1.0473791077376484e+16,1.4267453052339556e+16
rmse,prior_residual,surface_speed,1390,15,1.7828796997897802e+16,1.4820438518879726e+16,2.0225427449728284e+16
rmse,prior_residual,surface_speed,1400,15,2.526220081055145e+16,2.097278634944477e+16,2.867191465889501e+16
rmse,prior_residual,surface_speed,1410,15,3.5796488033201096e+16,2.968243265120727e+16,4.064395311150288e+16
rmse,prior_residual,surface_speed,1420,15,5.0727003734368856e+16,4.201477050997981e+16,5.761322736051855e+16
rmse,prior_residual,surface_speed,1430,15,7.189073283870279e+16,5.9474225278771896e+16,8.167006375106858e+16
rmse,prior_residual,surface_speed,1440,15,1.0189597340653291e+17,8.419232847528034e+16,1.1579024688589624e+17
rmse,prior_residual,surface_speed,1450,15,1.444415155838004e+17,1.1919039255127832e+17,1.6418556117217667e+17
rmse,prior_residual,surface_speed,1460,15,2.0476245823591088e+17,1.6873881576889235e+17,2.3282342234369696e+17
rmse,prior_residual,surface_speed,1470,15,2.902813777915422e+17,2.388942012939431e+17,3.301611565325615e+17
rmse,prior_residual,surface_speed,1480,15,4.1153067268253075e+17,3.3823345186290336e+17,4.682304388238644e+17
rmse,prior_residual,surface_speed,1490,15,5.834594140753358e+17,4.7890628764963437e+17,6.641036185216238e+17
rmse,prior_residual,surface_speed,1500,15,8.272795519929121e+17,6.781448672652938e+17,9.41985452930934e+17
rmse,prior_residual,surface_speed,1510,15,1.173073292043748e+18,9.604069953571555e+17,1.3362511401919127e+18
rmse,prior_residual,surface_speed,1520,15,1.6635342882673843e+18,1.360291876344446e+18,1.895626066995116e+18
rmse,prior_residual,surface_speed,1530,15,2.3592587816589143e+18,1.9268581588774538e+18,2.6892991594241823e+18
rmse,prior_residual,surface_speed,1540,15,3.3461233564086344e+18,2.729362980315183e+18,3.8154802976681764e+18
rmse,prior_residual,surface_speed,1550,15,4.745887409143822e+18,3.8662046267095465e+18,5.41338422051345e+18
rmse,prior_residual,surface_speed,1560,15,6.731241561265163e+18,5.477017222547517e+18,7.680764709656111e+18
rmse,prior_residual,surface_speed,1570,15,9.547463326365874e+18,7.759805008270693e+18,1.0898408876978602e+19
rmse,prior_residual,surface_speed,1580,15,1.3542871934832175e+19,1.099522558440893e+19,1.546542552256865e+19
rmse,prior_residual,surface_speed,1590,15,1.9211960572531204e+19,1.5581829284645876e+19,2.194775230854853e+19
rmse,prior_residual,surface_speed,1600,15,2.7256821689077854e+19,2.2083290811859902e+19,3.114775709755147e+19
rmse,prior_residual,surface_speed,1610,15,3.86740889994206e+19,3.1299841966465618e+19,4.4206487063732404e+19
rmse,prior_residual,surface_speed,1620,15,5.48772276252295e+19,4.436702989262729e+19,6.27414729949322e+19
rmse,prior_residual,surface_speed,1630,15,7.787218392343619e+19,6.289339296006593e+19,8.904628527687959e+19
rmse,prior_residual,surface_speed,1640,15,1.1050185289975554e+20,8.915750718509407e+19,1.2637565198243973e+20
rmse,prior_residual,surface_speed,1650,15,1.5680436538403537e+20,1.2639237941831888e+20,1.7934579087695675e+20
rmse,prior_residual,surface_speed,1660,15,2.2251067808589264e+20,1.7918514241078575e+20,2.545270873553596e+20
rmse,prior_residual,surface_speed,1670,15,3.157557731183221e+20,2.5403836756535388e+20,3.612780618523479e+20
rmse,prior_residual,surface_speed,1680,15,4.480869559427355e+20,3.602642651856867e+20,5.128147955450924e+20
rmse,prior_residual,surface_speed,1690,15,6.358949293701594e+20,5.110422470021064e+20,7.27909113354525e+20
rmse,prior_residual,surface_speed,1700,15,9.024406378888562e+20,7.249887339801287e+20,1.033188212805303e+21
rmse,prior_residual,surface_speed,1710,15,1.280740217662174e+21,1.0286234355651868e+21,1.4665245058135805e+21
rmse,prior_residual,surface_speed,1720,15,1.8176355740920853e+21,1.4595312834458411e+21,2.0815840968966194e+21
rmse,prior_residual,surface_speed,1730,15,2.579677519268549e+21,2.0710915449828475e+21,2.9547764075622564e+21
rmse,prior_residual,surface_speed,1740,15,3.6614397612362155e+21,2.9389718966667706e+21,4.19479823341399e+21
rmse,prior_residual,surface_speed,1750,15,5.19712802593606e+21,4.1704288371177774e+21,5.956070178641876e+21
rmse,prior_residual,surface_speed,1760,15,7.377176627525977e+21,5.91770829975234e+21,8.457224449984323e+21
rmse,prior_residual,surface_speed,1770,15,1.0471689416394743e+22,8.39723936155621e+21,1.200784234730434e+22
rmse,prior_residual,surface_speed,1780,15,1.4864443109622413e+22,1.1916864652739055e+22,1.7049023741380826e+22
rmse,prior_residual,surface_speed,1790,15,2.1100613623340507e+22,1.6913503285190735e+22,2.420659514026258e+22
rmse,prior_residual,surface_speed,1800,15,2.9953213996880527e+22,2.4005965747601076e+22,3.4367001745502297e+22
rmse,prior_residual,surface_speed,1810,15,4.252035667512519e+22,3.4071871655201554e+22,4.879405603231895e+22
rmse,prior_residual,surface_speed,1820,15,6.036312221555565e+22,4.8357056576433385e+22,6.928303012695783e+22
rmse,prior_residual,surface_speed,1830,15,8.569684412559474e+22,6.863069554637673e+22,9.838347163592673e+22
rmse,prior_residual,surface_speed,1840,15,1.2166668364092598e+23,9.740788658827388e+22,1.3971424871209326e+23
rmse,prior_residual,surface_speed,1850,15,1.7273868197167632e+23,1.3825796301870859e+23,1.9839667883142342e+23
rmse,prior_residual,surface_speed,1860,15,2.4525303345731415e+23,1.9624380702373325e+23,2.8171251546781943e+23
rmse,prior_residual,surface_speed,1870,15,3.482131666194665e+23,2.7856664122300108e+23,4.0003228356452966e+23
rmse,prior_residual,surface_speed,1880,15,4.94390448498482e+23,3.9543800543423955e+23,5.680465515785365e+23
rmse,prior_residual,surface_speed,1890,15,7.019167526185828e+23,5.6132213823583096e+23,8.066465488584916e+23
rmse,prior_residual,surface_speed,1900,15,9.965379265258082e+23,7.967467984299134e+23,1.1455144496668609e+24
rmse,prior_residual,surface_speed,1910,15,1.4148312937700963e+24,1.130883934267195e+24,1.6268108034433754e+24
rmse,prior_residual,surface_speed,1920,15,2.0087422607875835e+24,1.605219011123676e+24,2.3103131880618295e+24
rmse,prior_residual,surface_speed,1930,15,2.852016152410751e+24,2.2787452429250507e+24,3.2809764504139964e+24
rmse,prior_residual,surface_speed,1940,15,4.049373331113755e+24,3.235107036918493e+24,4.6593210283973027e+24
rmse,prior_residual,surface_speed,1950,15,5.749536498153281e+24,4.5925138191194793e+24,6.616323407986924e+24
rmse,prior_residual,surface_speed,1960,15,8.16364826092074e+24,6.5196968205342e+24,9.395378287894129e+24
rmse,prior_residual,surface_speed,1970,15,1.159157859268432e+25,9.255787609012914e+24,1.3342704785770074e+25
rmse,prior_residual,surface_speed,1980,15,1.645939774423974e+25,1.314075176040374e+25,1.89499419484519e+25
rmse,prior_residual,surface_speed,1990,15,2.3372075809367822e+25,1.8656343020951782e+25,2.6914757132604593e+25
rmse,prior_residual,surface_speed,2000,15,3.318851252303993e+25,2.6487792992829344e+25,3.8226213591063526e+25
rmse,prior_residual,phihyd_surface,0,15,1.9941334885574852e-07,1.973955520748528e-07,2.0179131689414756e-07
rmse,prior_residual,phihyd_surface,10,15,0.004108711708403911,0.0037549403730161965,0.004607924667893129
rmse,prior_residual,phihyd_surface,20,15,0.007707369324236927,0.006978453407321643,0.008994328188605164
rmse,prior_residual,phihyd_surface,30,15,0.012227295804451593,0.01073699135667213,0.014992164713779035
rmse,prior_residual,phihyd_surface,40,15,0.01849492671314855,0.01593517477401165,0.023566211002882618
rmse,prior_residual,phihyd_surface,50,15,0.027114224239219255,0.023388768672574712,0.03474685216172904
rmse,prior_residual,phihyd_surface,60,15,0.038781699367177104,0.03353833385266153,0.04944716202449247
rmse,prior_residual,phihyd_surface,70,15,0.05431281088841198,0.04735473641395103,0.06881874199475992
rmse,prior_residual,phihyd_surface,80,15,0.07496101014590248,0.0656994626173015,0.0949059141273684
rmse,prior_residual,phihyd_surface,90,15,0.10241840581007886,0.08944185043066138,0.13017584760601267
rmse,prior_residual,phihyd_surface,100,15,0.1391380362028824,0.12100142292759598,0.17780732608929387
rmse,prior_residual,phihyd_surface,110,15,0.18823359432387748,0.16285603622582714,0.24145173394650993
rmse,prior_residual,phihyd_surface,120,15,0.25397214643078697,0.21873914974497496,0.32595955604799953
rmse,prior_residual,phihyd_surface,130,15,0.34207135306235537,0.29506007858653494,0.4372718508583301
rmse,prior_residual,phihyd_surface,140,15,0.46039257680339585,0.3980187781827678,0.5829201700394203
rmse,prior_residual,phihyd_surface,150,15,0.619950462747033,0.5363296320622255,0.773110024175604
rmse,prior_residual,phihyd_surface,160,15,0.8359180528975655,0.7236572510438628,1.0215589048094114
rmse,prior_residual,phihyd_surface,170,15,1.129542598355168,0.9810237061003375,1.3471244889278635
rmse,prior_residual,phihyd_surface,180,15,1.5304730010961576,1.3365936406239571,1.7805025744832668
rmse,prior_residual,phihyd_surface,190,15,2.080155844242097,1.8303696979327675,2.3728209417545965
rmse,prior_residual,phihyd_surface,200,15,2.835833840059609,2.5176697763731095,3.1710791336724213
rmse,prior_residual,phihyd_surface,210,15,3.876324368528038,3.473367313287754,4.256720117209163
rmse,prior_residual,phihyd_surface,220,15,5.309888062126663,4.798032997372676,5.798037384874218
rmse,prior_residual,phihyd_surface,230,15,7.282345439550993,6.610926734261191,7.953488687612159
rmse,prior_residual,phihyd_surface,240,15,9.990918677022625,9.090617143917369,10.902775890821474
rmse,prior_residual,phihyd_surface,250,15,13.70604943629431,12.48736460137399,14.938552123913269
rmse,prior_residual,phihyd_surface,260,15,18.800576555621717,17.14492642592146,20.468086120200255
rmse,prior_residual,phihyd_surface,270,15,25.78800138396985,23.537679908978117,28.053594678266116
rmse,prior_residual,phihyd_surface,280,15,35.37306167779181,32.322750152647025,38.46600305137241
rmse,prior_residual,phihyd_surface,290,15,48.52010837786903,44.42061527616299,52.7594534092194
rmse,prior_residual,phihyd_surface,300,15,66.55084367077319,61.159722965973565,72.37988732014205
rmse,prior_residual,phihyd_surface,310,15,91.280624390555,84.12700025513436,99.31540332772099
rmse,prior_residual,phihyd_surface,320,15,125.20362579413425,115.63692559119264,136.30394903515275
rmse,prior_residual,phihyd_surface,330,15,171.75176735915682,159.29733178681244,187.13711485611873
rmse,prior_residual,phihyd_surface,340,15,235.6505242482557,219.0853554348724,257.0377061942727
rmse,prior_residual,phihyd_surface,350,15,323.41506974042926,300.9082534261784,353.14593418427694
rmse,prior_residual,phihyd_surface,360,15,444.02768653110144,413.4566804118693,485.32389630806534
rmse,prior_residual,phihyd_surface,370,15,609.8952959339914,568.4587199355408,667.2023433491178
rmse,prior_residual,phihyd_surface,380,15,838.1758196892107,782.0757819112436,917.618773963084
rmse,prior_residual,phihyd_surface,390,15,1152.5870503414703,1076.2717066613577,1262.5840213753654
rmse,prior_residual,phihyd_surface,400,15,1585.9832886185618,1481.7557972946884,1738.0844822030526
rmse,prior_residual,phihyd_surface,410,15,2183.880257289094,2041.0365364252334,2393.9257135472294
rmse,prior_residual,phihyd_surface,420,15,3009.3756653906403,2813.231949479282,3299.186028276267
rmse,prior_residual,phihyd_surface,430,15,4149.930107164163,3879.7788052741885,4549.523005909049
rmse,prior_residual,phihyd_surface,440,15,5726.765769356639,5353.387416486147,6277.4980952901315
rmse,prior_residual,phihyd_surface,450,15,7908.006065919648,7389.630406523768,8647.988240161163
rmse,prior_residual,phihyd_surface,460,15,10926.993190598288,10203.844673991714,11916.95405023342
rmse,prior_residual,phihyd_surface,470,15,15107.71822939182,14093.647141599226,16432.100308733097
rmse,prior_residual,phihyd_surface,480,15,20900.414121824477,19471.088011242748,22677.93480274389
rmse,prior_residual,phihyd_surface,490,15,28931.070961607038,26953.553320717543,31326.946699769032
rmse,prior_residual,phihyd_surface,500,15,40070.82360688461,37351.923650852244,43313.27204882169
rmse,prior_residual,phihyd_surface,510,15,55532.484350666775,51802.380135494255,59936.500060975966
rmse,prior_residual,phihyd_surface,520,15,77005.81792935642,71900.45203260214,83034.04345951296
rmse,prior_residual,phihyd_surface,530,15,106845.87790593998,99871.68500964234,115096.8140247198
rmse,prior_residual,phihyd_surface,540,15,148335.732940692,138827.35627703406,159602.32053813242
rmse,prior_residual,phihyd_surface,550,15,206054.05218719147,193111.81238324515,221425.4995186118
rmse,prior_residual,phihyd_surface,560,15,286385.7977781874,268794.16016810125,307433.0296429387
rmse,prior_residual,phihyd_surface,570,15,398234.5225321729,374355.5735929183,427012.57072733203
rmse,prior_residual,phihyd_surface,580,15,554031.6097337356,521657.99810965324,593274.6710110682
rmse,prior_residual,phihyd_surface,590,15,771130.0121856839,727267.3184514091,824429.1397622284
rmse,prior_residual,phihyd_surface,600,15,1073747.3413254342,1014297.5955458689,1146314.220902227
rmse,prior_residual,phihyd_surface,610,15,1495699.8942579858,1414809.4217417727,1594058.6485068782
rmse,prior_residual,phihyd_surface,620,15,2084182.5844716425,1973899.9593321297,2216235.7916869153
rmse,prior_residual,phihyd_surface,630,15,2905061.3178832773,2754759.1674864497,3080424.320208666
rmse,prior_residual,phihyd_surface,640,15,4050342.7069686214,3845697.243360514,4280410.580001448
rmse,prior_residual,phihyd_surface,650,15,5648722.214106495,5369037.745374008,5958668.891375994
rmse,prior_residual,phihyd_surface,660,15,7880231.359493796,7496254.641340193,8304612.461637087
rmse,prior_residual,phihyd_surface,670,15,10996684.72428819,10468768.216123557,11583623.685837679
rmse,prior_residual,phihyd_surface,680,15,15350443.471970422,14623946.740072973,16113993.507107314
rmse,prior_residual,phihyd_surface,690,15,21434808.081836518,20433476.318250403,22421273.75055532
rmse,prior_residual,phihyd_surface,700,15,29940369.896488957,28547680.684200343,31282412.903026037
rmse,prior_residual,phihyd_surface,710,15,41833933.365005985,39896530.356214434,43691165.808995046
rmse,prior_residual,phihyd_surface,720,15,58470197.17981599,55774539.80847666,61043478.46192163
rmse,prior_residual,phihyd_surface,730,15,81748610.05247976,77973926.39491877,85353950.16795395
rmse,prior_residual,phihyd_surface,740,15,114332920.28199014,109028161.28837104,119421334.88903573
rmse,prior_residual,phihyd_surface,750,15,159959356.39845964,152401662.7568661,167203297.20450625
rmse,prior_residual,phihyd_surface,760,15,223865873.08602697,213108823.5734776,234268722.62150592
rmse,prior_residual,phihyd_surface,770,15,313395393.3672456,298100236.7258719,328517187.7615861
rmse,prior_residual,phihyd_surface,780,15,438841801.5601593,417125661.2653383,460773416.86427367
rmse,prior_residual,phihyd_surface,790,15,614638996.2023989,583862379.7208573,646319927.7119118
rmse,prior_residual,phihyd_surface,800,15,861039598.3590051,817525961.2193562,906625096.7772472
rmse,prior_residual,phihyd_surface,810,15,1206447800.0947711,1145081846.8020954,1271792094.4688225
rmse,prior_residual,phihyd_surface,820,15,1690716166.6494322,1604383921.1580644,1784058721.3370106
rmse,prior_residual,phihyd_surface,830,15,2369755429.779088,2248579309.093384,2502610081.9981956
rmse,prior_residual,phihyd_surface,840,15,3322009164.2186484,3151366827.4741106,3510370741.614456
rmse,prior_residual,phihyd_surface,850,15,4657557690.414401,4412969630.795348,4923451643.774561
rmse,prior_residual,phihyd_surface,860,15,6530784313.487255,6181772278.382194,6904573814.707176
rmse,prior_residual,phihyd_surface,870,15,9158231876.392696,8662021930.596775,9682084879.810568
rmse,prior_residual,phihyd_surface,880,15,12843659486.167631,12140610815.482296,13580117413.282433
rmse,prior_residual,phihyd_surface,890,15,18013485043.52482,17020936000.998428,19046505594.813293
rmse,prior_residual,phihyd_surface,900,15,25266105085.239967,23869675128.76587,26712760765.33214
rmse,prior_residual,phihyd_surface,910,15,35440697345.38633,33482531761.964283,37463932130.15596
rmse,prior_residual,phihyd_surface,920,15,49715219813.56923,46978406945.75053,52543935816.382645
rmse,prior_residual,phihyd_surface,930,15,69742045234.51382,65928212445.795845,73700902483.25287
rmse,prior_residual,phihyd_surface,940,15,97839638198.47517,92538910850.13162,103381743491.418
rmse,prior_residual,phihyd_surface,950,15,137262720118.02518,129911752902.25938,145020327456.27338
rmse,prior_residual,phihyd_surface,960,15,192582784292.33383,182404701666.13135,203438359068.5791
rmse,prior_residual,phihyd_surface,970,15,270220102773.72107,256147969156.10657,285404987264.7923
rmse,prior_residual,phihyd_surface,980,15,379193349844.00055,359771872002.10095,400422433442.98975
rmse,prior_residual,phihyd_surface,990,15,532172707056.09485,505420808824.47046,561834864226.8519
rmse,prior_residual,phihyd_surface,1000,15,746948393816.0314,710160415584.5956,788371044920.639
rmse,prior_residual,phihyd_surface,1010,15,1048496200258.8136,997986697093.8792,1106774187777.6963
rmse,prior_residual,phihyd_surface,1020,15,1471921405601.2405,1402626097919.3687,1554245300080.5022
rmse,prior_residual,phihyd_surface,1030,15,2066555313104.643,1971447669826.8416,2182891295850.5027
rmse,prior_residual,phihyd_surface,1040,15,2901757711020.0894,2770721973617.606,3066389928498.104
rmse,prior_residual,phihyd_surface,1050,15,4075063395084.6157,3893764234835.948,4308385202498.0293
rmse,prior_residual,phihyd_surface,1060,15,5723653533852.779,5468019575469.26,6054809650058.738
rmse,prior_residual,phihyd_surface,1070,15,8040356679821.134,7677650086312.095,8510763658692.124
rmse,prior_residual,phihyd_surface,1080,15,11296418375584.76,10781009249682.492,11965073483448.533
rmse,prior_residual,phihyd_surface,1090,15,15873303778482.213,15135449574569.096,16824106081088.953
rmse,prior_residual,phihyd_surface,1100,15,22307991289303.555,21241401121243.055,23659604431882.355
rmse,prior_residual,phihyd_surface,1110,15,31356851771069.746,29818181028499.18,33277273087802.19
rmse,prior_residual,phihyd_surface,1120,15,44084144300208.8,41869513615343.516,46812510624793.97
rmse,prior_residual,phihyd_surface,1130,15,61987685394014.766,58788752517629.88,65862018627999.86
rmse,prior_residual,phihyd_surface,1140,15,87175684878975.4,82561305169148.12,92675269855291.39
rmse,prior_residual,phihyd_surface,1150,15,122616421308947.75,115966327368752.64,130421804750969.23
rmse,prior_residual,phihyd_surface,1160,15,172489479802878.94,162910355570154.53,183565145378256.78
rmse,prior_residual,phihyd_surface,1170,15,242678750942202.97,228886701554382.06,258391308419217.97
rmse,prior_residual,phihyd_surface,1180,15,341472861347052.56,321624423327397.1,363768205365423.3
rmse,prior_residual,phihyd_surface,1190,15,480543076865265.6,451993848674079.5,512318107629835.44
rmse,prior_residual,phihyd_surface,1200,15,676328964588221.2,635293841193518.6,721589108626675.2
rmse,prior_residual,phihyd_surface,1210,15,952005802500247.8,893063730675123.0,1016436685493251.4
rmse,prior_residual,phihyd_surface,1220,15,1340212627155593.8,1255564421229712.2,1433622643988450.5
rmse,prior_residual,phihyd_surface,1230,15,1886928282939031.2,1765369937475990.0,2022244849541447.2
rmse,prior_residual,phihyd_surface,1240,15,2656920653716422.0,2482465579173358.5,2852878931841593.5
rmse,prior_residual,phihyd_surface,1250,15,3741437687510914.5,3491248728286952.5,4026178593008656.0
rmse,prior_residual,phihyd_surface,1260,15,5269063131749482.0,4910822724005405.0,5682303728476079.0
rmse,prior_residual,phihyd_surface,1270,15,7421085159901370.0,6919819091054602.0,8020055894431248.0
rmse,prior_residual,phihyd_surface,1280,15,1.0453321535947484e+16,9752178059352276.0,1.1320555555806286e+16
rmse,prior_residual,phihyd_surface,1290,15,1.4726551431712588e+16,1.374593714845825e+16,1.5981048890869414e+16
rmse,prior_residual,phihyd_surface,1300,15,2.0749431830400172e+16,1.9377452342230816e+16,2.256350931957519e+16
rmse,prior_residual,phihyd_surface,1310,15,2.9239322039010116e+16,2.7318669078503948e+16,3.1862550878958224e+16
rmse,prior_residual,phihyd_surface,1320,15,4.1207559632470024e+16,3.851702852218552e+16,4.500084823075678e+16
rmse,prior_residual,phihyd_surface,1330,15,5.808014987768128e+16,5.430395726940948e+16,6.3564638545051464e+16
rmse,prior_residual,phihyd_surface,1340,15,8.18681769014006e+16,7.653739627226875e+16,8.979390738855317e+16
rmse,prior_residual,phihyd_surface,1350,15,1.1540972181310045e+17,1.0788120831717155e+17,1.2685769212726555e+17
rmse,prior_residual,phihyd_surface,1360,15,1.6271063906036224e+17,1.5207367298459827e+17,1.79233649212936e+17
rmse,prior_residual,phihyd_surface,1370,15,2.294267148995513e+17,2.144031994809194e+17,2.532477780414713e+17
rmse,prior_residual,phihyd_surface,1380,15,3.2354038629675296e+17,3.022572468445821e+17,3.5784914845039034e+17
rmse,prior_residual,phihyd_surface,1390,15,4.563139823161651e+17,4.259207438581571e+17,5.053380027280533e+17
rmse,prior_residual,phihyd_surface,1400,15,6.436329400348306e+17,6.002083012799039e+17,7.133871695298676e+17
rmse,prior_residual,phihyd_surface,1410,15,9.079066765755994e+17,8.458454467102188e+17,1.0072183409894533e+18
rmse,prior_residual,phihyd_surface,1420,15,1.2807633301334784e+18,1.191986966464569e+18,1.4222377577414776e+18
rmse,prior_residual,phihyd_surface,1430,15,1.8068823595739745e+18,1.6798711981464484e+18,2.008494327080483e+18
rmse,prior_residual,phihyd_surface,1440,15,2.549432496738994e+18,2.3679923545326305e+18,2.8367782657767716e+18
rmse,prior_residual,phihyd_surface,1450,15,3.597601253186935e+18,3.338766447092628e+18,4.007112658008123e+18
rmse,prior_residual,phihyd_surface,1460,15,5.077430488932739e+18,4.708439411694171e+18,5.660943626722175e+18
rmse,prior_residual,phihyd_surface,1470,15,7.166936073228878e+18,6.641139787641705e+18,7.998142282928293e+18
rmse,prior_residual,phihyd_surface,1480,15,1.0117427790734211e+19,9.368089227313056e+18,1.1301329744777314e+19
rmse,prior_residual,phihyd_surface,1490,15,1.4283615941027465e+19,1.3210290924049836e+19,1.5969724320996192e+19
rmse,prior_residual,phihyd_surface,1500,15,2.0166348938632258e+19,1.8626329413165412e+19,2.2567518041424114e+19
rmse,prior_residual,phihyd_surface,1510,15,2.8472973059653865e+19,2.6263413048823665e+19,3.1894549605061226e+19
rmse,prior_residual,phihyd_surface,1520,15,4.020296701913092e+19,3.703305391119977e+19,4.5086424059953275e+19
rmse,prior_residual,phihyd_surface,1530,15,5.6769960046612595e+19,5.22232443563715e+19,6.374131516454369e+19
rmse,prior_residual,phihyd_surface,1540,15,8.0171597041906e+19,7.365220999553219e+19,9.012365774243144e+19
rmse,prior_residual,phihyd_surface,1550,15,1.1322990512173769e+20,1.038838367861985e+20,1.2743409119483702e+20
rmse,prior_residual,phihyd_surface,1560,15,1.5993165166508648e+20,1.465340409656294e+20,1.8019879931420282e+20
rmse,prior_residual,phihyd_surface,1570,15,2.2590718467359814e+20,2.067017646340639e+20,2.5481757239838654e+20
rmse,prior_residual,phihyd_surface,1580,15,3.191050342044924e+20,2.9156878649685813e+20,3.603456786323596e+20
rmse,prior_residual,phihyd_surface,1590,15,4.507676441836003e+20,4.1130163166570486e+20,5.0958624516523124e+20
rmse,prior_residual,phihyd_surface,1600,15,6.368015370499215e+20,5.802910858367012e+20,7.206776652549018e+20
rmse,prior_residual,phihyd_surface,1610,15,8.996905904680859e+20,8.18843305028511e+20,1.0193095436021571e+21
rmse,prior_residual,phihyd_surface,1620,15,1.271222335343073e+21,1.1556172326995059e+21,1.4418508886723052e+21
rmse,prior_residual,phihyd_surface,1630,15,1.7963668605690878e+21,1.6310990258225045e+21,2.03980354889545e+21
rmse,prior_residual,phihyd_surface,1640,15,2.5387219417811444e+21,2.302439062649285e+21,2.886074476603954e+21
rmse,prior_residual,phihyd_surface,1650,15,3.5882158094678156e+21,3.2502966567983047e+21,4.083945990513474e+21
rmse,prior_residual,phihyd_surface,1660,15,5.071940265960967e+21,4.588530635302432e+21,5.779490553126034e+21
rmse,prior_residual,phihyd_surface,1670,15,7.169572519916681e+21,6.47815828882981e+21,8.179186615076806e+21
rmse,prior_residual,phihyd_surface,1680,15,1.0135281706620999e+22,9.146930559469722e+21,1.1575423779788856e+22
rmse,prior_residual,phihyd_surface,1690,15,1.4328596221041305e+22,1.2916474085699616e+22,1.638235254024621e+22
rmse,prior_residual,phihyd_surface,1700,15,2.025813251905061e+22,1.8241316376135602e+22,2.3186569988822914e+22
rmse,prior_residual,phihyd_surface,1710,15,2.8643445229029157e+22,2.5763713663507183e+22,3.2819086910456037e+22
rmse,prior_residual,phihyd_surface,1720,15,4.050240691233149e+22,3.6390415851974436e+22,4.6457740788586395e+22
rmse,prior_residual,phihyd_surface,1730,15,5.727571470830278e+22,5.140478313805537e+22,6.577150128829214e+22
rmse,prior_residual,phihyd_surface,1740,15,8.100109165691817e+22,7.2619512208731136e+22,9.312435407822415e+22
rmse,prior_residual,phihyd_surface,1750,15,1.1456099142810883e+23,1.025962715994259e+23,1.3186495735113043e+23
rmse,prior_residual,phihyd_surface,1760,15,1.6203187672254568e+23,1.4495235719612714e+23,1.867360578050947e+23
rmse,prior_residual,phihyd_surface,1770,15,2.291809358818325e+23,2.048027785487041e+23,2.6444529472520006e+23
rmse,prior_residual,phihyd_surface,1780,15,3.2416866893978813e+23,2.893763895661731e+23,3.744905643794131e+23
rmse,prior_residual,phihyd_surface,1790,15,4.585388072298769e+23,4.088715725441803e+23,5.303327982698207e+23
rmse,prior_residual,phihyd_surface,1800,15,6.48629354313227e+23,5.776483750459662e+23,7.510415094470355e+23
rmse,prior_residual,phihyd_surface,1810,15,9.175630412504838e+23,8.16082437071157e+23,1.0636418961007321e+24
rmse,prior_residual,phihyd_surface,1820,15,1.298063977180704e+24,1.1529760520724998e+24,1.50639473185402e+24
rmse,prior_residual,phihyd_surface,1830,15,1.836455718024045e+24,1.6289918376443335e+24,2.1335368183828554e+24
rmse,prior_residual,phihyd_surface,1840,15,2.5983224293217683e+24,2.3017245333869825e+24,3.0219385130890914e+24
rmse,prior_residual,phihyd_surface,1850,15,3.676488194208536e+24,3.25265801632261e+24,4.280489552110896e+24
rmse,prior_residual,phihyd_surface,1860,15,5.202295797062945e+24,4.596833286535214e+24,6.063598399318017e+24
rmse,prior_residual,phihyd_surface,1870,15,7.361641705258458e+24,6.497027332905618e+24,8.589926432087206e+24
rmse,prior_residual,phihyd_surface,1880,15,1.0417789897306467e+25,9.183309211588327e+24,1.2169554462325081e+25
rmse,prior_residual,phihyd_surface,1890,15,1.4743663602566766e+25,1.2980688302800781e+25,1.724277499338537e+25
rmse,prior_residual,phihyd_surface,1900,15,2.0867547183897206e+25,1.8348670400881117e+25,2.4433318255889674e+25
rmse,prior_residual,phihyd_surface,1910,15,2.953803844379482e+25,2.5938156584635396e+25,3.4625472855500618e+25
rmse,prior_residual,phihyd_surface,1920,15,4.181502215675028e+25,3.667057986083981e+25,4.907127294367311e+25
rmse,prior_residual,phihyd_surface,1930,15,5.919869526311032e+25,5.184848307769939e+25,6.954481217729865e+25
rmse,prior_residual,phihyd_surface,1940,15,8.381369124790864e+25,7.331475268830387e+25,9.856337532845093e+25
rmse,prior_residual,phihyd_surface,1950,15,1.1867021128476063e+26,1.0368214343060541e+26,1.3969751231281202e+26
rmse,prior_residual,phihyd_surface,1960,15,1.6803287574377143e+26,1.4664878376130447e+26,1.980098396314133e+26
rmse,prior_residual,phihyd_surface,1970,15,2.379394184948459e+26,2.0743922609964888e+26,2.8067964073319955e+26
rmse,prior_residual,phihyd_surface,1980,15,3.369471142582002e+26,2.9343318770219375e+26,3.978995109236714e+26
rmse,prior_residual,phihyd_surface,1990,15,4.7718706596662824e+26,4.150751516792663e+26,5.6412026299432635e+26
rmse,prior_residual,phihyd_surface,2000,15,6.758419245257702e+26,5.8714578252848914e+26,7.998280525133687e+26
rmse,prior_residual,sst,0,15,2.5564834224926667e-07,2.516826581330109e-07,2.60820041934448e-07
rmse,prior_residual,sst,10,15,0.011385516814973188,0.010331605512762491,0.013683967364969272
rmse,prior_residual,sst,20,15,0.019518682013382575,0.01711015645479111,0.024349700297816603
rmse,prior_residual,sst,30,15,0.028225684386849848,0.023563334418237006,0.036635884626019743
rmse,prior_residual,sst,40,15,0.03886885659725479,0.032400629518531454,0.05273114666147773
rmse,prior_residual,sst,50,15,0.051865842621638694,0.04295395906224911,0.07382362474488477
rmse,prior_residual,sst,60,15,0.0685062044159268,0.05706526073180685,0.09727888058374846
rmse,prior_residual,sst,70,15,0.09012158282837471,0.0762364394471838,0.12712841346483045
rmse,prior_residual,sst,80,15,0.11810392257567749,0.1008609828262847,0.16541763106433974
rmse,prior_residual,sst,90,15,0.1549563164282152,0.13370587997859967,0.21537921229678084
rmse,prior_residual,sst,100,15,0.2038818427283014,0.17697037418345135,0.2807103586486079
rmse,prior_residual,sst,110,15,0.26889118442928023,0.23409401378809216,0.3582081927832494
rmse,prior_residual,sst,120,15,0.35538582666862817,0.31038263210023104,0.4573440617266835
rmse,prior_residual,sst,130,15,0.47104898050063276,0.41427677248007777,0.5855541472439131
rmse,prior_residual,sst,140,15,0.6267646033629468,0.5552936576546013,0.7527881609311541
rmse,prior_residual,sst,150,15,0.8382233783529816,0.7485297267253695,0.9756182589501374
rmse,prior_residual,sst,160,15,1.1265580731394909,1.0131871316943004,1.2782532334192092
rmse,prior_residual,sst,170,15,1.5218979766740308,1.3740446498813872,1.6959640344268991
rmse,prior_residual,sst,180,15,2.0660449570369237,1.8704042791092639,2.2778843627889405
rmse,prior_residual,sst,190,15,2.816034586060884,2.551356478713285,3.0939211377680413
rmse,prior_residual,sst,200,15,3.8490780564148306,3.4835310947601577,4.235645097270353
rmse,prior_residual,sst,210,15,5.269774759653259,4.757750264885277,5.828939841847168
rmse,prior_residual,sst,220,15,7.218473105580861,6.496992384639428,8.037062935065105
rmse,prior_residual,sst,230,15,9.887168705522354,8.872821358472038,11.077045856508208
rmse,prior_residual,sst,240,15,13.537203489114027,12.138714705389717,15.241329468115795
rmse,prior_residual,sst,250,15,18.527924919192895,16.5986755137721,20.922866043246568
rmse,prior_residual,sst,260,15,25.348749073308852,22.67562948074744,28.656658485191986
rmse,prior_residual,sst,270,15,34.67506284132705,30.99475760375306,39.167732222312644
rmse,prior_residual,sst,280,15,47.438013833497344,42.405326161682524,53.44241380901338
rmse,prior_residual,sst,290,15,64.91700616366911,58.0796836151935,72.82858026195667
rmse,prior_residual,sst,300,15,88.8762854636768,79.637218230602,99.16801214358047
rmse,prior_residual,sst,310,15,121.74979375121232,109.33244762985218,134.99717458502556
rmse,prior_residual,sst,320,15,166.88853106515342,150.33927081332652,183.80314516898017
rmse,prior_residual,sst,330,15,228.9011042954938,206.73372997705525,250.36859703740657
rmse,prior_residual,sst,340,15,314.13064178869604,284.39985284005144,341.29587889380167
rmse,prior_residual,sst,350,15,431.30140031679224,391.3260835545469,465.67428040494417
rmse,prior_residual,sst,360,15,592.4518421737429,538.523787442577,636.0538546899566
rmse,prior_residual,sst,370,15,814.1800076855118,741.1465265245396,870.4253190381992
rmse,prior_residual,sst,380,15,1119.3709370413737,1020.0376192430476,1195.2654690978409
rmse,prior_residual,sst,390,15,1539.634882221243,1404.0036437557362,1642.956754827313
rmse,prior_residual,sst,400,15,2118.7455240631725,1932.871509464957,2260.643016356885
rmse,prior_residual,sst,410,15,2917.37450903902,2661.5412164968975,3113.636564835763
rmse,prior_residual,sst,420,15,4019.66701678182,3666.835336319588,4293.269803628994
rmse,prior_residual,sst,430,15,5542.541615697788,5061.444252514209,5926.9686622032605
rmse,prior_residual,sst,440,15,7648.544994844436,6993.687426283624,8192.283439970053
rmse,prior_residual,sst,450,15,10563.805355211756,9673.106801350516,11336.891362984054
rmse,prior_residual,sst,460,15,14603.097827731786,13392.997641623913,15706.304924396472
rmse,prior_residual,sst,470,15,20204.7857931508,18562.4785186092,21781.852537526327
rmse,prior_residual,sst,480,15,27979.446692266334,25753.303171742136,30234.16611086238
rmse,prior_residual,sst,490,15,38776.84520056854,35731.53628779284,41994.28739829811
rmse,prior_residual,sst,500,15,53777.4593297925,49587.18764369974,58352.33590337261
rmse,prior_residual,sst,510,15,74624.07899294222,68870.825585388,81101.52940702539
rmse,prior_residual,sst,520,15,103603.3876376678,95718.50333074683,112730.82654179126
rmse,prior_residual,sst,530,15,143899.0901823294,133107.83797182437,156701.5941875638
rmse,prior_residual,sst,540,15,199943.36280829826,185190.63099284304,217821.58690894343
rmse,prior_residual,sst,550,15,277903.4622231162,257767.0677301762,302760.2890870507
rmse,prior_residual,sst,560,15,386367.9513555604,358921.7623283598,420814.7460132252
rmse,prior_residual,sst,570,15,537305.4981577967,499967.48855630535,584938.149422762
rmse,prior_residual,sst,580,15,747384.0031752301,696705.1929878315,813146.2158381843
rmse,prior_residual,sst,590,15,1039839.9619628787,971879.7545938925,1130553.9338041497
rmse,prior_residual,sst,600,15,1447085.952182032,1355670.2470984291,1572555.066707294
rmse,prior_residual,sst,610,15,2014354.8599382376,1888900.3838634929,2189194.2151798243
rmse,prior_residual,sst,620,15,2804789.7151817707,2632698.6391319754,3048436.018985771
rmse,prior_residual,sst,630,15,3906709.547673637,3670914.1619186434,4246456.963042267
rmse,prior_residual,sst,640,15,5443464.069829496,5120430.4230785,5918159.026947066
rmse,prior_residual,sst,650,15,7587355.728363513,7144779.908871397,8252083.54050493
rmse,prior_residual,sst,660,15,10579466.307281567,9973143.770622803,11512327.002939116
rmse,prior_residual,sst,670,15,14757324.738863425,13926118.907869063,16070858.973004697
rmse,prior_residual,sst,680,15,20593684.34069046,19452262.4318768,22449747.247937713
rmse,prior_residual,sst,690,15,28749820.296567857,27164750.3624749,31379723.294721834
rmse,prior_residual,sst,700,15,40152269.82969694,37948523.49409116,43810068.51437747
rmse,prior_residual,sst,710,15,56099573.70714221,52995165.07918751,61140032.28446587
rmse,prior_residual,sst,720,15,78413530.47584812,74026125.73250727,85371248.11767942
rmse,prior_residual,sst,730,15,109650204.69052172,103452864.11624452,119263075.21821302
rmse,prior_residual,sst,740,15,153394138.7608946,144644846.1110498,166687868.15836146
rmse,prior_residual,sst,750,15,214670588.2752878,202327052.5255501,233066499.92269462
rmse,prior_residual,sst,760,15,300542879.09973836,283141747.6768853,326012482.4837821
rmse,prior_residual,sst,770,15,420931040.4673951,396417389.83382946,456204173.39226735
rmse,prior_residual,sst,780,15,589760385.6147722,555232429.2285599,638655947.9751945
rmse,prior_residual,sst,790,15,826601424.091261,777921090.5367041,894502373.8972697
rmse,prior_residual,sst,800,15,1158949989.7575078,1090238716.6256032,1253475852.6067865
rmse,prior_residual,sst,810,15,1625453340.5053086,1528269850.1954436,1757434686.277582
rmse,prior_residual,sst,820,15,2280469892.1160846,2142721353.6466007,2465146994.3227997
rmse,prior_residual,sst,830,15,3200388190.093614,3004788197.8179035,3459312781.109312
rmse,prior_residual,sst,840,15,4492667092.672879,4214533070.891926,4856295933.931127
rmse,prior_residual,sst,850,15,6308628131.168249,5912932134.647204,6819729695.230236
rmse,prior_residual,sst,860,15,8861368884.142632,8298638280.722121,9580359442.620161
rmse,prior_residual,sst,870,15,12451026422.54386,11654961469.235071,13464129179.237747
rmse,prior_residual,sst,880,15,17500080220.101727,16372277162.53943,18931541557.167778
rmse,prior_residual,sst,890,15,24603117221.064034,23002942951.26971,26632202143.706985
rmse,prior_residual,sst,900,15,34597729084.39411,32322967444.558613,37483507818.78913
rmse,prior_residual,sst,910,15,48665135827.78117,45426555224.53441,52778809067.18464
rmse,prior_residual,sst,920,15,68470999355.11666,63855174726.95245,74345714205.44934
rmse,prior_residual,sst,930,15,96363096937.23505,89785085879.73653,104760254877.3966
rmse,prior_residual,sst,940,15,135657698449.8242,126281474809.15923,147659799088.80945
rmse,prior_residual,sst,950,15,191036609463.41113,177657925777.48825,208198728752.2125
rmse,prior_residual,sst,960,15,269104866706.8931,249997862454.01532,293661011246.4605
rmse,prior_residual,sst,970,15,379186837617.81976,351858280144.7688,414356270660.8389
rmse,prior_residual,sst,980,15,534445971145.7136,495311449289.07214,584848720578.0278
rmse,prior_residual,sst,990,15,753450259270.4629,697397761452.9725,825646054801.2688
rmse,prior_residual,sst,1000,15,1062419049068.8074,982167306652.7446,1165632038619.7676
rmse,prior_residual,sst,1010,15,1498354737470.4683,1383501311838.7654,1645580573516.3364
rmse,prior_residual,sst,1020,15,2113484729984.0493,1949203315265.69,2323366664458.9004
rmse,prior_residual,sst,1030,15,2981635075391.8296,2746658665666.1553,3281051646655.625
rmse,prior_residual,sst,1040,15,4207168067084.1855,3871036610874.4277,4634351731653.614
rmse,prior_residual,sst,1050,15,5937621568541.049,5456829063422.5625,6546981705994.357
rmse,prior_residual,sst,1060,15,8381669605441.956,7693840020860.488,9251018218976.924
rmse,prior_residual,sst,1070,15,11833940973180.7,10849980142495.562,13073561214291.295
rmse,prior_residual,sst,1080,15,16710869831543.898,15304445976529.07,18476341850614.03
rmse,prior_residual,sst,1090,15,23601125106028.46,21585848171665.527,26114490097072.457
rmse,prior_residual,sst,1100,15,33336461568750.066,30442491960183.133,36914607525129.61
rmse,prior_residual,sst,1110,15,47092613630796.23,42938531213248.02,52187307484049.6
rmse,prior_residual,sst,1120,15,66533118171216.67,60581107264720.7,73786101451656.25
rmse,prior_residual,sst,1130,15,94011991971806.36,85496110518592.1,104338449782056.12
rmse,prior_residual,sst,1140,15,132853692925934.56,120675418563533.25,147550949182791.66
rmse,prior_residual,sst,1150,15,187753849538575.6,170339426626054.28,208660504719681.4
rmse,prior_residual,sst,1160,15,265358839134120.7,240466441322161.56,295083411661801.94
rmse,prior_residual,sst,1170,15,375078666637815.7,339508624206147.8,417308359339858.75
rmse,prior_residual,sst,1180,15,530234311436457.06,479504368417965.4,590227629090251.8
rmse,prior_residual,sst,1190,15,749653134610318.0,677309907014382.2,834900251321705.9
rmse,prior_residual,sst,1200,15,1059990716708497.4,956862332293231.9,1181161631833300.2
rmse,prior_residual,sst,1210,15,1499005067633672.5,1352059362833796.2,1671235904975469.8
rmse,prior_residual,sst,1220,15,2120106848273587.5,1910827071021546.5,2364943746538499.0
rmse,prior_residual,sst,1230,15,2998800496373677.5,2701021618197994.0,3346812964447405.0
rmse,prior_residual,sst,1240,15,4242087537490794.0,3818724615576051.0,4736431451454944.0
rmse,prior_residual,sst,1250,15,6001257824253994.0,5399611950712206.0,6703140469570003.0
rmse,prior_residual,sst,1260,15,8490614701730172.0,7635609972187858.0,9487033435353086.0
rmse,prior_residual,sst,1270,15,1.201368314813905e+16,1.0798188165008046e+16,1.3427798478027622e+16
rmse,prior_residual,sst,1280,15,1.6999918014330564e+16,1.5272570123100022e+16,1.9006025189747708e+16
rmse,prior_residual,sst,1290,15,2.405754595977975e+16,2.1603727347182056e+16,2.690249559302179e+16
rmse,prior_residual,sst,1300,15,3.4047737307041296e+16,3.0563443286898508e+16,3.8082689101467176e+16
rmse,prior_residual,sst,1310,15,4.8190751236314216e+16,4.3241811654200536e+16,5.391642781191883e+16
rmse,prior_residual,sst,1320,15,6.821454457151694e+16,6.117482231151947e+16,7.634092759730445e+16
rmse,prior_residual,sst,1330,15,9.656426002998782e+16,8.654532242683595e+16,1.0809485895997008e+17
rmse,prior_residual,sst,1340,15,1.3670430352790582e+17,1.2244139179009754e+17,1.53066121447815e+17
rmse,prior_residual,sst,1350,15,1.9354316003196298e+17,1.7323304355870294e+17,2.167624371297917e+17
rmse,prior_residual,sst,1360,15,2.7402774159901408e+17,2.4511121107806986e+17,3.0698067287534464e+17
rmse,prior_residual,sst,1370,15,3.8799425728134406e+17,3.468185422164754e+17,4.347427364298519e+17
rmse,prior_residual,sst,1380,15,5.493814048987719e+17,4.907227286525749e+17,6.156743918631276e+17
rmse,prior_residual,sst,1390,15,7.77928301490895e+17,6.94357688090066e+17,8.719063367326255e+17
rmse,prior_residual,sst,1400,15,1.1016066722070438e+18,9.825904253454565e+17,1.2348097074754404e+18
rmse,prior_residual,sst,1410,15,1.5600694081400625e+18,1.390688152634061e+18,1.7488883500837832e+18
rmse,prior_residual,sst,1420,15,2.2095395115823585e+18,1.9685521915412296e+18,2.47725589640034e+18
rmse,prior_residual,sst,1430,15,3.129743896611961e+18,2.7868920953254927e+18,3.5095898011196964e+18
rmse,prior_residual,sst,1440,15,4.433687893551931e+18,3.945944915625938e+18,4.972950337887476e+18
rmse,prior_residual,sst,1450,15,6.281484771795265e+18,5.5875906085118e+18,7.047292987345512e+18
rmse,prior_residual,sst,1460,15,8.899991014620878e+18,7.912863048352762e+18,9.98726818042896e+18
rmse,prior_residual,sst,1470,15,1.2610797619237024e+19,1.1206987804968665e+19,1.4154279481199817e+19
rmse,prior_residual,sst,1480,15,1.7870144068552002e+19,1.587352748778371e+19,2.006148373825066e+19
rmse,prior_residual,sst,1490,15,2.532455086315514e+19,2.2484390281843122e+19,2.8437999290503774e+19
rmse,prior_residual,sst,1500,15,3.589046528360671e+19,3.1849516595877683e+19,4.031778480333167e+19
rmse,prior_residual,sst,1510,15,5.086666351830655e+19,4.511803987299973e+19,5.7161524744023286e+19
rmse,prior_residual,sst,1520,15,7.209545841172866e+19,6.391903001447592e+19,8.103920399942797e+19
rmse,prior_residual,sst,1530,15,1.0219004201036756e+20,9.056415745049566e+19,1.148910962028931e+20
rmse,prior_residual,sst,1540,15,1.4485905806449073e+20,1.2833350085257039e+20,1.6289133662487344e+20
rmse,prior_residual,sst,1550,15,2.0535784679941482e+20,1.8186786998247473e+20,2.3096059414337834e+20
rmse,prior_residual,sst,1560,15,2.9114060825021317e+20,2.5773555253548456e+20,3.275154221973177e+20
rmse,prior_residual,sst,1570,15,4.1277650142849964e+20,3.65251586318534e+20,4.644711326836315e+20
rmse,prior_residual,sst,1580,15,5.852578131515987e+20,5.1761812928212854e+20,6.587646111392817e+20
rmse,prior_residual,sst,1590,15,8.298451552540198e+20,7.335409577775137e+20,9.343985576035144e+20
rmse,prior_residual,sst,1600,15,1.1766949792466559e+21,1.039558470134997e+21,1.3253130402930523e+21
rmse,prior_residual,sst,1610,15,1.6685748900054463e+21,1.473275736250623e+21,1.8797679677796345e+21
rmse,prior_residual,sst,1620,15,2.366217873306952e+21,2.088063846841268e+21,2.6662575175438046e+21
rmse,prior_residual,sst,1630,15,3.3557686098040114e+21,2.959793940992463e+21,3.7820264259700644e+21
rmse,prior_residual,sst,1640,15,4.759442328256474e+21,4.195984588067616e+21,5.36492721028593e+21
rmse,prior_residual,sst,1650,15,6.750653041598521e+21,5.948944363953603e+21,7.610818322330206e+21
rmse,prior_residual,sst,1660,15,9.575587260997021e+21,8.434374241983876e+21,1.0798057995368885e+22
rmse,prior_residual,sst,1670,15,1.3583506922504234e+22,1.19580719310279e+22,1.53212808743788e+22
rmse,prior_residual,sst,1680,15,1.92696731501401e+22,1.6953913167764422e+22,2.174040475207717e+22
rmse,prior_residual,sst,1690,15,2.7336799370518416e+22,2.4037541443337896e+22,3.0849904191630576e+22
rmse,prior_residual,sst,1700,15,3.878175248847771e+22,3.4082733347075726e+22,4.377501722523272e+22
rmse,prior_residual,sst,1710,15,5.50195822382356e+22,4.8325921771468265e+22,6.211662989536177e+22
rmse,prior_residual,sst,1720,15,7.805865900251277e+22,6.85254409105924e+22,8.81458918495843e+22
rmse,prior_residual,sst,1730,15,1.1075013063011573e+23,9.717383321326568e+22,1.2509669160255255e+23
rmse,prior_residual,sst,1740,15,1.5714020245972854e+23,1.3780174554187728e+23,1.7755841023706222e+23
rmse,prior_residual,sst,1750,15,2.2296741453399116e+23,1.9541806835482644e+23,2.5202467095217894e+23
rmse,prior_residual,sst,1760,15,3.163698461176318e+23,2.77136064411461e+23,3.5771046333197857e+23
rmse,prior_residual,sst,1770,15,4.488920922847579e+23,3.930411698504508e+23,5.0768953180749065e+23
rmse,prior_residual,sst,1780,15,6.369291404102468e+23,5.574312501840972e+23,7.205324105549898e+23
rmse,prior_residual,sst,1790,15,9.03775707573206e+23,7.905880106842723e+23,1.0227012505863449e+24
rmse,prior_residual,sst,1800,15,1.2825091304041994e+24,1.1213450736210848e+24,1.451737035544472e+24
rmse,prior_residual,sst,1810,15,1.8200750896283366e+24,1.590612626012001e+24,2.0609671821549447e+24
rmse,prior_residual,sst,1820,15,2.583119710864744e+24,2.2564672182691957e+24,2.926079251045067e+24
rmse,prior_residual,sst,1830,15,3.666177411088382e+24,3.201240092120667e+24,4.154267359719018e+24
rmse,prior_residual,sst,1840,15,5.203316354010508e+24,4.5418983603593374e+24,5.897624215904148e+24
rmse,prior_residual,sst,1850,15,7.3846582648157e+24,6.444327534037267e+24,8.371575589959387e+24
rmse,prior_residual,sst,1860,15,1.0480170469346725e+25,9.144039270073213e+24,1.1882684365061046e+25
rmse,prior_residual,sst,1870,15,1.487348250411475e+25,1.2974337511254332e+25,1.6867461400398002e+25
rmse,prior_residual,sst,1880,15,2.1109978424551803e+25,1.8408318571283858e+25,2.394703964451912e+25
rmse,prior_residual,sst,1890,15,2.9963658390152325e+25,2.611763819627056e+25,3.4003354153791464e+25
rmse,prior_residual,sst,1900,15,4.253409949592127e+25,3.7057300737029032e+25,4.828729552014137e+25
rmse,prior_residual,sst,1910,15,6.038300808924853e+25,5.258392291206484e+25,6.857487646809928e+25
rmse,prior_residual,sst,1920,15,8.572519961448603e+25,7.46246400728609e+25,9.737931540133811e+25
rmse,prior_residual,sst,1930,15,1.2170256374383367e+26,1.059106709762403e+26,1.382657761305265e+26
rmse,prior_residual,sst,1940,15,1.7277774413675695e+26,1.5031727182227419e+26,1.963100478707055e+26
rmse,prior_residual,sst,1950,15,2.452831034869626e+26,2.13339129759023e+26,2.787149192120354e+26
rmse,prior_residual,sst,1960,15,3.4821743003694385e+26,3.0278229762452604e+26,3.957377675352568e+26
rmse,prior_residual,sst,1970,15,4.9436088578406064e+26,4.297190107891161e+26,5.619461666677948e+26
rmse,prior_residual,sst,1980,15,7.018641497257599e+26,6.0985735132283824e+26,7.980340822631162e+26
rmse,prior_residual,sst,1990,15,9.965066491409767e+26,8.655358372527572e+26,1.133369883381777e+27
rmse,prior_residual,sst,2000,15,1.414883661483082e+27,1.2284300850612123e+27,1.6096844138744913e+27
rmse,climatology,surface_speed,0,15,0.003395494229213866,0.0027918805884723443,0.003897527013372193
rmse,climatology,surface_speed,10,15,0.003466878045345431,0.003027186019871174,0.0039422434669118146
rmse,climatology,surface_speed,20,15,0.0035074487619172925,0.0029918359795543643,0.004368635207722699
rmse,climatology,surface_speed,30,15,0.0034759530137459067,0.0030245492855663224,0.004658486260378902
rmse,climatology,surface_speed,40,15,0.003502058255679107,0.0028978405911391308,0.004888669201399163
rmse,climatology,surface_speed,50,15,0.003532435260662664,0.0029664762048830415,0.004909997277824349
rmse,climatology,surface_speed,60,15,0.0034939766381516957,0.002970662447631077,0.004667841723414929
rmse,climatology,surface_speed,70,15,0.0034749355145323605,0.00282966048657436,0.004558834200845035
rmse,climatology,surface_speed,80,15,0.003490968923735598,0.0030389985733997264,0.00424226662829541
rmse,climatology,surface_speed,90,15,0.0033896818065494065,0.002878255685529036,0.0038841014959063547
rmse,climatology,surface_speed,100,15,0.0033179538556782043,0.0029093576086454357,0.003977569175342453
rmse,climatology,surface_speed,110,15,0.0033665288697104444,0.002999373778962585,0.004031012366301748
rmse,climatology,surface_speed,120,15,0.0034356508235590393,0.0029286422848530075,0.004021135724976772
rmse,climatology,surface_speed,130,15,0.003435994111020635,0.003008142590089509,0.003829407863153261
rmse,climatology,surface_speed,140,15,0.0034440160750827337,0.002868758288950115,0.003871730485467412
rmse,climatology,surface_speed,150,15,0.0034878319226182173,0.0030458882539716515,0.0038801925911570705
rmse,climatology,surface_speed,160,15,0.0034604884342507992,0.0030679614450018072,0.00402369862872667
rmse,climatology,surface_speed,170,15,0.003496274605332385,0.002886982136470684,0.004118204485789757
rmse,climatology,surface_speed,180,15,0.0035273717408572033,0.0029927155600999503,0.004329516754500891
rmse,climatology,surface_speed,190,15,0.0035674898325929326,0.0030097556744639077,0.004116019612606419
rmse,climatology,surface_speed,200,15,0.0035114779820930434,0.002939940832488455,0.0041247801365617105
rmse,climatology,surface_speed,210,15,0.0035614618717101977,0.0029369963549098995,0.00443408262538623
rmse,climatology,surface_speed,220,15,0.0036029133000207883,0.0028781537487923606,0.004772970414728671
rmse,climatology,surface_speed,230,15,0.003633253816733712,0.0029649275391259423,0.004771347224436863
rmse,climatology,surface_speed,240,15,0.0036938224485403947,0.0029327173562727744,0.0050341121251206876
rmse,climatology,surface_speed,250,15,0.0037467735393265996,0.003015267837747358,0.00517440178395956
rmse,climatology,surface_speed,260,15,0.00367983137223739,0.002873858660530063,0.004924025142156415
rmse,climatology,surface_speed,270,15,0.0035810933159181324,0.002897583487574531,0.004708245601068035
rmse,climatology,surface_speed,280,15,0.003603290143512973,0.0029765506068757464,0.00459886714715094
rmse,climatology,surface_speed,290,15,0.003657233760056449,0.0029691000078721844,0.004339238497432572
rmse,climatology,surface_speed,300,15,0.0036335856477790283,0.0031442561996120294,0.004105043673070159
rmse,climatology,surface_speed,310,15,0.0036246163259627687,0.0030146787242792527,0.004399607072108433
rmse,climatology,surface_speed,320,15,0.0036288896941103115,0.003170253915241974,0.004596543166416064
rmse,climatology,surface_speed,330,15,0.0035781719789731658,0.003110564827909302,0.0045715181055451595
rmse,climatology,surface_speed,340,15,0.0035850838548652534,0.003170896799653904,0.004283442138472686
rmse,climatology,surface_speed,350,15,0.003535274821784721,0.003103210220766253,0.004065367093581738
rmse,climatology,surface_speed,360,15,0.003513414183132213,0.0029705695898491996,0.003989476636828139
rmse,climatology,surface_speed,370,15,0.0033792180168275053,0.0029555541335153043,0.003832003991439961
rmse,climatology,surface_speed,380,15,0.0033718864334425142,0.003064697154973794,0.003630111693577854
rmse,climatology,surface_speed,390,15,0.0033465251188185955,0.002906829575025228,0.00387796076706744
rmse,climatology,surface_speed,400,15,0.0033251673121747444,0.00285276708244965,0.003951705902548562
rmse,climatology,surface_speed,410,15,0.003368248114571187,0.002903016120126891,0.003812840557420374
rmse,climatology,surface_speed,420,15,0.003440127023311892,0.0030406370288222247,0.003804760474820978
rmse,climatology,surface_speed,430,15,0.0034229404840945047,0.0029351678646612742,0.003875444540298656
rmse,climatology,surface_speed,440,15,0.0033654597056031314,0.0030136499908477114,0.003936758098426655
rmse,climatology,surface_speed,450,15,0.0034244233607779342,0.0028788246915646674,0.003941973232164816
rmse,climatology,surface_speed,460,15,0.0034998457125595874,0.0029124240596178925,0.004198599554684184
rmse,climatology,surface_speed,470,15,0.0035029291328541536,0.0030599825940525317,0.004216748436710316
rmse,climatology,surface_speed,480,15,0.003522992982788792,0.002900837359196525,0.003987904552798795
rmse,climatology,surface_speed,490,15,0.003560204545750235,0.0031097777033845214,0.004039863562930956
rmse,climatology,surface_speed,500,15,0.0035560564382382262,0.002853495596921875,0.00422472681476403
rmse,climatology,surface_speed,510,15,0.003608550325931599,0.0030581759425563244,0.004587675660266754
rmse,climatology,surface_speed,520,15,0.003666380470240506,0.003201145237563047,0.004580446848675316
rmse,climatology,surface_speed,530,15,0.0037564535861386917,0.0032537119056353743,0.004935834382406965
rmse,climatology,surface_speed,540,15,0.0036738095902894897,0.0030696333495265357,0.0050184700190673715
rmse,climatology,surface_speed,550,15,0.0036804554605562724,0.002906017037624217,0.005053263303427086
rmse,climatology,surface_speed,560,15,0.0036518591336668982,0.003109703757784562,0.004896806608694437
rmse,climatology,surface_speed,570,15,0.003592439483920148,0.003199563248855941,0.004530952447176182
rmse,climatology,surface_speed,580,15,0.0035622071061157195,0.0028540407626480987,0.00418046310493652
rmse,climatology,surface_speed,590,15,0.0035823849754456818,0.0031307528058329825,0.004224732121454968
rmse,climatology,surface_speed,600,15,0.0035694235095694656,0.0031401033162199153,0.004067894635064124
rmse,climatology,surface_speed,610,15,0.0035044571028267483,0.002996613924671804,0.004072230270594718
rmse,climatology,surface_speed,620,15,0.0035753454257592392,0.002940834860814438,0.004318571315226633
rmse,climatology,surface_speed,630,15,0.0037161594142785023,0.003146370622437951,0.004405704731188273
rmse,climatology,surface_speed,640,15,0.0037527410920688816,0.003042611189140518,0.004883207573728935
rmse,climatology,surface_speed,650,15,0.003800421847826178,0.0029332424242603577,0.005465651468293651
rmse,climatology,surface_speed,660,15,0.0038403618662247877,0.0030537524524992506,0.005883226903134865
rmse,climatology,surface_speed,670,15,0.0038567760946792563,0.00297441637098139,0.006085628238264514
rmse,climatology,surface_speed,680,15,0.0038479143150775825,0.0029139547460890745,0.006152272487417065
rmse,climatology,surface_speed,690,15,0.003849100268877119,0.002964932798819421,0.006015338510898404
rmse,climatology,surface_speed,700,15,0.003884273069968928,0.0031915377805771046,0.0057537879332627394
rmse,climatology,surface_speed,710,15,0.0037621407570360608,0.0030790999250665148,0.005401656089130775
rmse,climatology,surface_speed,720,15,0.0037253602213902135,0.002908236097358702,0.005242110961637997
rmse,climatology,surface_speed,730,15,0.003696980686988094,0.0030195462591015004,0.0048634446878522575
rmse,climatology,surface_speed,740,15,0.003681223010859674,0.0030613927224887308,0.0046804995104804785
rmse,climatology,surface_speed,750,15,0.0036888368776285263,0.0030502359021604315,0.004890497636312967
rmse,climatology,surface_speed,760,15,0.0037286782703133074,0.0031455531970629516,0.004512608657695084
rmse,climatology,surface_speed,770,15,0.003742178324040689,0.0030579109317099545,0.004546246411844343
rmse,climatology,surface_speed,780,15,0.0036817855666719267,0.0031043145301963833,0.004430040353610475
rmse,climatology,surface_speed,790,15,0.003740132819921006,0.0029723249603881034,0.004469247682516896
rmse,climatology,surface_speed,800,15,0.003864713855152058,0.0032525130201786633,0.00507183734286155
rmse,climatology,surface_speed,810,15,0.003897752817964869,0.0031669821216370824,0.005355116302516667
rmse,climatology,surface_speed,820,15,0.003952179664576784,0.0032528389502386934,0.0052985884566397095
rmse,climatology,surface_speed,830,15,0.0039961838962911415,0.0031035376651365985,0.0054015061790542015
rmse,climatology,surface_speed,840,15,0.004060721198683015,0.003171332735841637,0.005615894254333331
rmse,climatology,surface_speed,850,15,0.004091359779135595,0.0031373865837188127,0.0059099613427296685
rmse,climatology,surface_speed,860,15,0.004134937200813184,0.003126770617837629,0.006096229673043189
rmse,climatology,surface_speed,870,15,0.004212561537732983,0.0031897780275736243,0.006316743154391941
rmse,climatology,surface_speed,880,15,0.004136527165878542,0.003068079329220346,0.006249379103796789
rmse,climatology,surface_speed,890,15,0.004132166208795173,0.003225947201415032,0.006206958141526839
rmse,climatology,surface_speed,900,15,0.004107338513846557,0.003056503912293912,0.005957243708406236
rmse,climatology,surface_speed,910,15,0.004069684756466818,0.002908620928302564,0.0059464004097002565
rmse,climatology,surface_speed,920,15,0.0040732594252898624,0.0029828465213704285,0.005796448037116286
rmse,climatology,surface_speed,930,15,0.004062302542376303,0.0030565925237474234,0.005556842181392133
rmse,climatology,surface_speed,940,15,0.004034470324164943,0.002969913163605251,0.005736505399388008
rmse,climatology,surface_speed,950,15,0.0038996499514308697,0.0029322603557805833,0.005620977785314771
rmse,climatology,surface_speed,960,15,0.0038642004750472233,0.002991838199986653,0.005496050748799204
rmse,climatology,surface_speed,970,15,0.003881444977244642,0.003088949223215426,0.005252691115944957
rmse,climatology,surface_speed,980,15,0.0038334040526870946,0.00305478736011901,0.005003403313590361
rmse,climatology,surface_speed,990,15,0.0038048458548137526,0.0032210712991151266,0.004711278262469041
rmse,climatology,surface_speed,1000,15,0.00374729242175668,0.00321968346090424,0.004432490075608694
rmse,climatology,surface_speed,1010,15,0.0037237340420150735,0.0031412491678244766,0.004594032433967602
rmse,climatology,surface_speed,1020,15,0.003681320722261837,0.0031872369633117767,0.004475174900163499
rmse,climatology,surface_speed,1030,15,0.003701269301631938,0.003283549620536741,0.00440999981153979
rmse,climatology,surface_speed,1040,15,0.0037355806249378043,0.0031876520391834733,0.004392178586620876
rmse,climatology,surface_speed,1050,15,0.003664992192467014,0.0030050457574290305,0.004185006165020968
rmse,climatology,surface_speed,1060,15,0.0036733674712713473,0.003064618448621113,0.004233778380141314
rmse,climatology,surface_speed,1070,15,0.0036940300450322887,0.0032321030367242687,0.004339433804859596
rmse,climatology,surface_speed,1080,15,0.003716182621420949,0.0029287040727149142,0.004656355159273318
rmse,climatology,surface_speed,1090,15,0.0037516898719404173,0.0030997288234658094,0.005161860622362713
rmse,climatology,surface_speed,1100,15,0.003802482905532737,0.0030079039119751314,0.005251055436844694
rmse,climatology,surface_speed,1110,15,0.003864537394875919,0.003110857841413828,0.0052339818762798486
rmse,climatology,surface_speed,1120,15,0.0038066729191299736,0.002990272339759044,0.005058208472616022
rmse,climatology,surface_speed,1130,15,0.0038514505187056225,0.002863923226211666,0.005281620043181946
rmse,climatology,surface_speed,1140,15,0.003970173235545121,0.0030712769908479045,0.005749720850452042
rmse,climatology,surface_speed,1150,15,0.004018592370835668,0.0029746643372659917,0.006007707033382011
rmse,climatology,surface_speed,1160,15,0.004039740549505139,0.0030249539285473193,0.006164503523255636
rmse,climatology,surface_speed,1170,15,0.0040273328659233215,0.002966570090254044,0.006299288703315495
rmse,climatology,surface_speed,1180,15,0.004035084830446035,0.0030238128784043877,0.006224113651478565
rmse,climatology,surface_speed,1190,15,0.003936640549824578,0.0030224951222054676,0.006042469646147958
rmse,climatology,surface_speed,1200,15,0.003917110453873909,0.003087571284048975,0.005868802498671321
rmse,climatology,surface_speed,1210,15,0.0038995384026648777,0.003145340203200297,0.00561881674050178
rmse,climatology,surface_speed,1220,15,0.0037709789841472437,0.0031923447140131036,0.005239160215125758
rmse,climatology,surface_speed,1230,15,0.003669426937222353,0.002981932706448413,0.004846840158628363
rmse,climatology,surface_speed,1240,15,0.003615554687381111,0.0030558701646344233,0.004606029177979557
rmse,climatology,surface_speed,1250,15,0.0035786581927315583,0.003108282827334763,0.004420426680796732
rmse,climatology,surface_speed,1260,15,0.0035245659890675643,0.003012007989176742,0.004162270996895096
rmse,climatology,surface_speed,1270,15,0.003521619141585146,0.002881544543198118,0.004064060935865711
rmse,climatology,surface_speed,1280,15,0.003577220095597597,0.0032298512944370075,0.003982163717806703
rmse,climatology,surface_speed,1290,15,0.003512917156750042,0.0030654911854494722,0.003975860212336361
rmse,climatology,surface_speed,1300,15,0.0035318304416607233,0.0028820292410592797,0.004219914047666959
rmse,climatology,surface_speed,1310,15,0.0036489868062369204,0.00308434620766762,0.004301769228344085
rmse,climatology,surface_speed,1320,15,0.003733351553298465,0.003048937410216183,0.004550678905580741
rmse,climatology,surface_speed,1330,15,0.0037652330869514953,0.0029744108428119923,0.005148155550342475
rmse,climatology,surface_speed,1340,15,0.00377339444543233,0.002928806888950126,0.005523985214859429
rmse,climatology,surface_speed,1350,15,0.0038213355862768096,0.0030365999914112327,0.005708678504125197
rmse,climatology,surface_speed,1360,15,0.0037647861581441926,0.0030902028057938637,0.005794024589061676
rmse,climatology,surface_speed,1370,15,0.0037804746744015683,0.002856160824188832,0.005658815875450931
rmse,climatology,surface_speed,1380,15,0.003792222923424038,0.0031187072351894236,0.0053282880346076575
rmse,climatology,surface_speed,1390,15,0.0037210322219152696,0.003132977775158066,0.004952176603953246
rmse,climatology,surface_speed,1400,15,0.003631844801626103,0.0031121796277778406,0.004703765163231173
rmse,climatology,surface_speed,1410,15,0.003598652492978805,0.0030531165012435716,0.004609676279049636
rmse,climatology,surface_speed,1420,15,0.0036000991379400637,0.003019795599046161,0.004368203290900666
rmse,climatology,surface_speed,1430,15,0.0035899142984444333,0.003043551658751034,0.004483939316488695
rmse,climatology,surface_speed,1440,15,0.0036133385231828445,0.0030042225870296293,0.004141323762255378
rmse,climatology,surface_speed,1450,15,0.003687692568801811,0.0031987822371301426,0.0041644962333733755
rmse,climatology,surface_speed,1460,15,0.0036369839774378116,0.003085042469222682,0.004308956442247281
rmse,climatology,surface_speed,1470,15,0.00362974710641781,0.0030418930814965937,0.004280213094588236
rmse,climatology,surface_speed,1480,15,0.003729517271330868,0.0031294678695124698,0.0046111045921267335
rmse,climatology,surface_speed,1490,15,0.003802794934853565,0.003263132249046847,0.005034721260169292
rmse,climatology,surface_speed,1500,15,0.0038290667821828193,0.003205774646678097,0.004924830693071686
rmse,climatology,surface_speed,1510,15,0.0038529613875168994,0.00314320276998952,0.004934777070126849
rmse,climatology,surface_speed,1520,15,0.003923968622360878,0.0031832249815889856,0.005257922624622408
rmse,climatology,surface_speed,1530,15,0.003938448327200464,0.0031997265337818316,0.005472348227703948
rmse,climatology,surface_speed,1540,15,0.0040107283114352126,0.0031352237934482593,0.00573308049850208
rmse,climatology,surface_speed,1550,15,0.004053067300388494,0.003172279234364153,0.006025774978699853
rmse,climatology,surface_speed,1560,15,0.004050109170153234,0.0030632357766075756,0.005979522337398611
rmse,climatology,surface_speed,1570,15,0.003978382502134338,0.003029515996054796,0.005823080342093508
rmse,climatology,surface_speed,1580,15,0.003966995222145189,0.0031448774526348817,0.005541252797762618
rmse,climatology,surface_speed,1590,15,0.003931669963829507,0.002881250017736474,0.005477878080231702
rmse,climatology,surface_speed,1600,15,0.003880601161817461,0.0029946178173267095,0.005294209448237197
rmse,climatology,surface_speed,1610,15,0.0038764373448552285,0.003016910276782286,0.005078093306123375
rmse,climatology,surface_speed,1620,15,0.0038992405393307545,0.003070769040088212,0.005342719858212512
rmse,climatology,surface_speed,1630,15,0.0038025077309282837,0.0029580457384255254,0.0052999103926022265
rmse,climatology,surface_speed,1640,15,0.0037188916594498734,0.0029727642574707805,0.005061274966719862
rmse,climatology,surface_speed,1650,15,0.0037275312396801933,0.003050912458069487,0.004884320700721391
rmse,climatology,surface_speed,1660,15,0.003731105532435023,0.0029926469671456737,0.004654108166989915
rmse,climatology,surface_speed,1670,15,0.003684164077084482,0.0032080742245484692,0.0043979399743623
rmse,climatology,surface_speed,1680,15,0.003630906653175167,0.003273317840729501,0.004088098767257216
rmse,climatology,surface_speed,1690,15,0.0036138972123080757,0.0032189066670361686,0.004173980698034847
rmse,climatology,surface_speed,1700,15,0.0035494491483204073,0.0031584698390336985,0.004349598717372266
rmse,climatology,surface_speed,1710,15,0.0035946449413947947,0.003265578920718104,0.004009417726933634
rmse,climatology,surface_speed,1720,15,0.0036079383782369146,0.003196245909903061,0.004058272269366403
rmse,climatology,surface_speed,1730,15,0.0036347221871292886,0.0031647893938666636,0.0040288982275616106
rmse,climatology,surface_speed,1740,15,0.003576499572886514,0.0030992613480855216,0.0040742550750947895
rmse,climatology,surface_speed,1750,15,0.003625939833241178,0.003155223718362528,0.004177910231772327
rmse,climatology,surface_speed,1760,15,0.0036457008047849904,0.0030819447105902573,0.004354500562871872
rmse,climatology,surface_speed,1770,15,0.0036431814558354424,0.002957376170646352,0.004810741760352831
rmse,climatology,surface_speed,1780,15,0.003681209675305825,0.002906899461584993,0.004858499313245786
rmse,climatology,surface_speed,1790,15,0.0037597327135301135,0.003130078493821866,0.004874113432593855
rmse,climatology,surface_speed,1800,15,0.0037468154820592806,0.0029883914159583927,0.004741217040206462
rmse,climatology,surface_speed,1810,15,0.003720114565995801,0.002988148436868903,0.004846609071027885
rmse,climatology,surface_speed,1820,15,0.0038181802240744946,0.0029813884256236056,0.00527886731574219
rmse,climatology,surface_speed,1830,15,0.003921642632588685,0.002984022437655378,0.00558435348604018
rmse,climatology,surface_speed,1840,15,0.003933618989039367,0.003141652163541419,0.005788898742146656
rmse,climatology,surface_speed,1850,15,0.003928009456993533,0.0029114529817380512,0.006031867498221837
rmse,climatology,surface_speed,1860,15,0.00394207326460731,0.003163037953499374,0.005911968440224706
rmse,climatology,surface_speed,1870,15,0.003865375295065682,0.0028583884592850435,0.005704252987271092
rmse,climatology,surface_speed,1880,15,0.003832281661190267,0.003054649278305292,0.005387666500324143
rmse,climatology,surface_speed,1890,15,0.0037892656228647385,0.003232454294330787,0.005146354104866517
rmse,climatology,surface_speed,1900,15,0.0037745594806455588,0.003270461419262959,0.004810767864234949
rmse,climatology,surface_speed,1910,15,0.0036434390333526844,0.0030713782163301643,0.004403364716589206
rmse,climatology,surface_speed,1920,15,0.0036337566204576043,0.002915017667052491,0.004466458679166419
rmse,climatology,surface_speed,1930,15,0.0036427161096146813,0.003139632885482763,0.004252995166866179
rmse,climatology,surface_speed,1940,15,0.0036466800637210838,0.0031793338129170266,0.004189039227011053
rmse,climatology,surface_speed,1950,15,0.003696685937055609,0.002871824051134549,0.0045890555724009425
rmse,climatology,surface_speed,1960,15,0.0037973711962415706,0.0031687923854154462,0.004747057785878465
rmse,climatology,surface_speed,1970,15,0.0038284679061336615,0.0031412409385316704,0.005207724290504666
rmse,climatology,surface_speed,1980,15,0.0037940135391335695,0.0030247269080290852,0.00560639853114267
rmse,climatology,surface_speed,1990,15,0.003836480043683243,0.003001167675591265,0.005865305790245422
rmse,climatology,surface_speed,2000,15,0.003912207851405593,0.003214432121423417,0.00601017509310219
rmse,climatology,phihyd_surface,0,15,0.05984025312787116,0.05640464820016668,0.06402580254276223
rmse,climatology,phihyd_surface,10,15,0.060105111039366624,0.05674421803484388,0.06391846681266176
rmse,climatology,phihyd_surface,20,15,0.060236980466153715,0.056557133449440786,0.06389102142324177
rmse,climatology,phihyd_surface,30,15,0.06017487974032458,0.05660242766119764,0.06375264794435198
rmse,climatology,phihyd_surface,40,15,0.06025050989350255,0.05701506457218251,0.06416825682576281
rmse,climatology,phihyd_surface,50,15,0.060458700571615405,0.056723161202576096,0.06401005346770507
rmse,climatology,phihyd_surface,60,15,0.06055341882866667,0.05691964942989085,0.0638732887189429
rmse,climatology,phihyd_surface,70,15,0.06078809638715303,0.0576373016211726,0.0640693123137239
rmse,climatology,phihyd_surface,80,15,0.06102285163545049,0.05744139048978461,0.06447116606397688
rmse,climatology,phihyd_surface,90,15,0.06101597633687154,0.0572261675966527,0.06387982082176975
rmse,climatology,phihyd_surface,100,15,0.060961949723971474,0.05739618352255102,0.06413890326663117
rmse,climatology,phihyd_surface,110,15,0.0612176748640303,0.05788679350368001,0.06437309160307596
rmse,climatology,phihyd_surface,120,15,0.06158379198412627,0.05843491958626401,0.0646401443498625
rmse,climatology,phihyd_surface,130,15,0.061625997793843715,0.058430418933756,0.06440296800600305
rmse,climatology,phihyd_surface,140,15,0.061657454747114815,0.058498862928745406,0.06453308314733248
rmse,climatology,phihyd_surface,150,15,0.06177336217596925,0.058307256927474,0.0645478757848413
rmse,climatology,phihyd_surface,160,15,0.061910527151542306,0.05857598895930132,0.0647868347005422
rmse,climatology,phihyd_surface,170,15,0.062113021318140546,0.05875764491191845,0.0648158416245733
rmse,climatology,phihyd_surface,180,15,0.06238142193020769,0.059010250923468004,0.06500803052777218
rmse,climatology,phihyd_surface,190,15,0.06255087247035471,0.05878123511039243,0.06501335900426337
rmse,climatology,phihyd_surface,200,15,0.062499557559657186,0.05887934825539165,0.06497381309152815
rmse,climatology,phihyd_surface,210,15,0.06256946758575915,0.059267331341057945,0.06561779867353078
rmse,climatology,phihyd_surface,220,15,0.06276583752357644,0.0589941637094175,0.06553720728348036
rmse,climatology,phihyd_surface,230,15,0.06285179657194541,0.05920992248461416,0.06562778410860576
rmse,climatology,phihyd_surface,240,15,0.06303619728974011,0.05978595013974106,0.06569281201371276
rmse,climatology,phihyd_surface,250,15,0.06325871486088844,0.0597225491921136,0.06597370344019593
rmse,climatology,phihyd_surface,260,15,0.06327469470397694,0.059640036789076784,0.06608266510598523
rmse,climatology,phihyd_surface,270,15,0.06321685843007042,0.05974231761054894,0.06608047443616659
rmse,climatology,phihyd_surface,280,15,0.06344573956161731,0.06035480658540487,0.06643807211818885
rmse,climatology,phihyd_surface,290,15,0.06381326363193414,0.06076783197462672,0.06652482372734898
rmse,climatology,phihyd_surface,300,15,0.06386330421221921,0.0608847531299713,0.06662448806003653
rmse,climatology,phihyd_surface,310,15,0.06387053820921404,0.06094747560366431,0.06676876473649045
rmse,climatology,phihyd_surface,320,15,0.06395377688216361,0.06091713987430266,0.06719794855345582
rmse,climatology,phihyd_surface,330,15,0.06406040044247131,0.061091881093169216,0.06750125255297999
rmse,climatology,phihyd_surface,340,15,0.06421602442741013,0.06131141739818068,0.06764334831597839
rmse,climatology,phihyd_surface,350,15,0.06446043083891612,0.061626265936617734,0.0674761207920785
rmse,climatology,phihyd_surface,360,15,0.06464672250400692,0.06143717071236117,0.06768189279369367
rmse,climatology,phihyd_surface,370,15,0.06460114630290133,0.061567599578507735,0.06752775313353303
rmse,climatology,phihyd_surface,380,15,0.06466103501365275,0.06195756794836997,0.06800490248979568
rmse,climatology,phihyd_surface,390,15,0.06486123854585453,0.06183374497829542,0.06795720494347997
rmse,climatology,phihyd_surface,400,15,0.06498830977231954,0.062086168719928,0.06795875247978876
rmse,climatology,phihyd_surface,410,15,0.0651761639443323,0.06250301134220482,0.06796898853332628
rmse,climatology,phihyd_surface,420,15,0.06543394506819535,0.06267522950160127,0.06843454550955748
rmse,climatology,phihyd_surface,430,15,0.06549553237219648,0.06266234981736798,0.06847993123939378
rmse,climatology,phihyd_surface,440,15,0.06543983772517446,0.0627186183976218,0.06846140747292684
rmse,climatology,phihyd_surface,450,15,0.06566225168841645,0.0631686573119418,0.0687943717679247
rmse,climatology,phihyd_surface,460,15,0.06607650765390817,0.06363043859052311,0.06881114173506432
rmse,climatology,phihyd_surface,470,15,0.06620915517301124,0.06399950511656793,0.06897621756682233
rmse,climatology,phihyd_surface,480,15,0.06625832799650745,0.06389612660443544,0.06920986453318789
rmse,climatology,phihyd_surface,490,15,0.06636892869934179,0.06384798412503086,0.06960109931986684
rmse,climatology,phihyd_surface,500,15,0.06650513479899536,0.0638105509357013,0.06997597871998514
rmse,climatology,phihyd_surface,510,15,0.06664655118708225,0.06402217111649987,0.07012083697048348
rmse,climatology,phihyd_surface,520,15,0.06685660305046863,0.06413082656081011,0.07000538300598429
rmse,climatology,phihyd_surface,530,15,0.06702634787787086,0.06396649831258808,0.07023229279180233
rmse,climatology,phihyd_surface,540,15,0.06696383915489194,0.06414207668061656,0.07023371212662304
rmse,climatology,phihyd_surface,550,15,0.06699416929782728,0.06438906110125324,0.07075566579091935
rmse,climatology,phihyd_surface,560,15,0.0671780267025776,0.06365620424261277,0.07070078646793213
rmse,climatology,phihyd_surface,570,15,0.06732330306951649,0.06384765155973046,0.0708411219258672
rmse,climatology,phihyd_surface,580,15,0.0674859414500689,0.06454369073958759,0.07105678769292713
rmse,climatology,phihyd_surface,590,15,0.0677406898247895,0.06485456057444526,0.0713701396066473
rmse,climatology,phihyd_surface,600,15,0.06781296358686267,0.06406107340717203,0.07159251677282372
rmse,climatology,phihyd_surface,610,15,0.06772285134708955,0.06444272559646316,0.07172180617554513
rmse,climatology,phihyd_surface,620,15,0.06786203590071942,0.0647110248365974,0.0718503205766307
rmse,climatology,phihyd_surface,630,15,0.06820387144629378,0.06457138991322904,0.07208839028516273
rmse,climatology,phihyd_surface,640,15,0.06830774231605402,0.06483112585360341,0.07193060791287845
rmse,climatology,phihyd_surface,650,15,0.0683153920011887,0.06487343759457795,0.07163421866295905
rmse,climatology,phihyd_surface,660,15,0.06839638303225656,0.06497207096907193,0.07198628647974227
rmse,climatology,phihyd_surface,670,15,0.0685260746386361,0.06490827614130738,0.07214971853662389
rmse,climatology,phihyd_surface,680,15,0.06867485604502936,0.0651474506292309,0.072245536459487
rmse,climatology,phihyd_surface,690,15,0.0689388331925697,0.06554951931531405,0.07220875423350234
rmse,climatology,phihyd_surface,700,15,0.06921577246459241,0.06554956438992114,0.0723410621130076
rmse,climatology,phihyd_surface,710,15,0.06926226673731063,0.065672065727357,0.07241272977100686
rmse,climatology,phihyd_surface,720,15,0.06934043478864339,0.06599786514847283,0.07280271176515264
rmse,climatology,phihyd_surface,730,15,0.06953696920603505,0.06573042743149594,0.07301259227152142
rmse,climatology,phihyd_surface,740,15,0.06969876872073703,0.06599331535867893,0.07293495546235375
rmse,climatology,phihyd_surface,750,15,0.0698265280807812,0.06624485144707694,0.07276165448206667
rmse,climatology,phihyd_surface,760,15,0.07006445287897796,0.06677561545918874,0.07340417990854839
rmse,climatology,phihyd_surface,770,15,0.07014458708565159,0.06661337764657768,0.0731152498025054
rmse,climatology,phihyd_surface,780,15,0.07006183725116054,0.06661277755632758,0.0729064929750694
rmse,climatology,phihyd_surface,790,15,0.07019828772357974,0.06710233969579661,0.07286595593302064
rmse,climatology,phihyd_surface,800,15,0.07056572828852274,0.06710668178339195,0.07312309450018621
rmse,climatology,phihyd_surface,810,15,0.0707329602035592,0.06763112708233039,0.07339946363623313
rmse,climatology,phihyd_surface,820,15,0.07074146998556395,0.06761539807190398,0.07335145226570017
rmse,climatology,phihyd_surface,830,15,0.07081401516924656,0.06759388213650867,0.07356549720033252
rmse,climatology,phihyd_surface,840,15,0.07094290558696623,0.06751890676196111,0.07359069487400263
rmse,climatology,phihyd_surface,850,15,0.07104972735872257,0.06777441890606002,0.07379256057919083
rmse,climatology,phihyd_surface,860,15,0.07123499453525775,0.06801231656523296,0.07383692620862474
rmse,climatology,phihyd_surface,870,15,0.07142887277641313,0.06796372532082684,0.07382602447740982
rmse,climatology,phihyd_surface,880,15,0.07143098868734338,0.06813416701153807,0.07394194444511445
rmse,climatology,phihyd_surface,890,15,0.07148151813295886,0.06826956302584042,0.07420590079509852
rmse,climatology,phihyd_surface,900,15,0.07167026251886517,0.06801859102686582,0.0744033092643791
rmse,climatology,phihyd_surface,910,15,0.07184163728561307,0.06833454898528404,0.07453331563123851
rmse,climatology,phihyd_surface,920,15,0.07192509692511401,0.0685339161901413,0.07444154041278772
rmse,climatology,phihyd_surface,930,15,0.07213419445488113,0.06910955847683836,0.07486370151908048
rmse,climatology,phihyd_surface,940,15,0.0722281555230352,0.06897226382688046,0.07487320720572722
rmse,climatology,phihyd_surface,950,15,0.0721377357120821,0.06888804627108717,0.07488739344143999
rmse,climatology,phihyd_surface,960,15,0.07221456409173842,0.06939126023806325,0.07494804920881126
rmse,climatology,phihyd_surface,970,15,0.07255565351694697,0.0694753298365602,0.0751030904883286
rmse,climatology,phihyd_surface,980,15,0.07278060970298447,0.07006222460944826,0.07537695122788426
rmse,climatology,phihyd_surface,990,15,0.07281950823279738,0.06995398268889025,0.07550816378442336
rmse,climatology,phihyd_surface,1000,15,0.0728977226179459,0.07024735117921217,0.07563104036166136
rmse,climatology,phihyd_surface,1010,15,0.07302345789602555,0.070157489928571,0.07603492636166413
rmse,climatology,phihyd_surface,1020,15,0.07313223075861613,0.07035455562447464,0.0762291088861302
rmse,climatology,phihyd_surface,1030,15,0.07333181727029041,0.07070021915643974,0.07616647131609525
rmse,climatology,phihyd_surface,1040,15,0.07354648944293915,0.07088308896200471,0.07620540956746258
rmse,climatology,phihyd_surface,1050,15,0.0735578192325048,0.07083269104293542,0.076248785626753
rmse,climatology,phihyd_surface,1060,15,0.07354620179991986,0.07107640513764973,0.07634862642854998
rmse,climatology,phihyd_surface,1070,15,0.07369085959855533,0.07102591588960905,0.07658991796268559
rmse,climatology,phihyd_surface,1080,15,0.07389149891385129,0.07155915070456172,0.0766730909102297
rmse,climatology,phihyd_surface,1090,15,0.07400418705063697,0.07162490083578443,0.07664018145801146
rmse,climatology,phihyd_surface,1100,15,0.07424670450469115,0.07222381031199435,0.07710912500104243
rmse,climatology,phihyd_surface,1110,15,0.074393472509714,0.07193597676659572,0.07698055193084644
rmse,climatology,phihyd_surface,1120,15,0.07435547197737521,0.0718040405395288,0.07707995002999446
rmse,climatology,phihyd_surface,1130,15,0.07442877699751956,0.07225375172146328,0.07716081892671575
rmse,climatology,phihyd_surface,1140,15,0.07472979924528884,0.07221401672058415,0.07734725391932681
rmse,climatology,phihyd_surface,1150,15,0.07493343505963475,0.07240739101918509,0.07763551706953405
rmse,climatology,phihyd_surface,1160,15,0.07491707550243534,0.07248877435062241,0.07777652323464532
rmse,climatology,phihyd_surface,1170,15,0.07495966429892281,0.07239374895167429,0.077999450066616
rmse,climatology,phihyd_surface,1180,15,0.07508830939313285,0.07214613569549871,0.07840154930791836
rmse,climatology,phihyd_surface,1190,15,0.07522125629243503,0.07256154042510683,0.07872173942146479
rmse,climatology,phihyd_surface,1200,15,0.07544660215675857,0.0724769809949845,0.0786740406531629
rmse,climatology,phihyd_surface,1210,15,0.07569335071645318,0.07300317133578205,0.07872571255868287
rmse,climatology,phihyd_surface,1220,15,0.07576176479000472,0.07305399447202712,0.07899723345888501
rmse,climatology,phihyd_surface,1230,15,0.07575052085549942,0.07314051970881799,0.07909214208542821
rmse,climatology,phihyd_surface,1240,15,0.07586564305053918,0.07288097704274299,0.07936096276554294
rmse,climatology,phihyd_surface,1250,15,0.07604432219891713,0.07274881708548392,0.07945663267629846
rmse,climatology,phihyd_surface,1260,15,0.07612720583598279,0.07332990744063608,0.07960196776101323
rmse,climatology,phihyd_surface,1270,15,0.07635667294506492,0.07379119840829908,0.07999465049062739
rmse,climatology,phihyd_surface,1280,15,0.07652196121235319,0.07338001008549401,0.08001682221147596
rmse,climatology,phihyd_surface,1290,15,0.07648291773935738,0.0732101068742139,0.08023341744464164
rmse,climatology,phihyd_surface,1300,15,0.07649572099871153,0.07329442009263895,0.08014683204352002
rmse,climatology,phihyd_surface,1310,15,0.07675029682698534,0.07336774664806331,0.08055013070870186
rmse,climatology,phihyd_surface,1320,15,0.07699179558379923,0.07376852969266014,0.08066599675862635
rmse,climatology,phihyd_surface,1330,15,0.07700901419319851,0.07357941792531833,0.08053794968728349
rmse,climatology,phihyd_surface,1340,15,0.07706975577840688,0.07387089648180266,0.08042611476839687
rmse,climatology,phihyd_surface,1350,15,0.0771998711220777,0.07372501394773814,0.08075161935320412
rmse,climatology,phihyd_surface,1360,15,0.07732462448426743,0.07398339947319348,0.0809261477593518
rmse,climatology,phihyd_surface,1370,15,0.07754072592816444,0.07429695807793858,0.08081015866865948
rmse,climatology,phihyd_surface,1380,15,0.07781011734927633,0.07458947936222986,0.08091970395188838
rmse,climatology,phihyd_surface,1390,15,0.0779503531938672,0.07451968826330219,0.08110163725219025
rmse,climatology,phihyd_surface,1400,15,0.07796631355600926,0.07454333180138074,0.08108267218947937
rmse,climatology,phihyd_surface,1410,15,0.07808795300963087,0.0747600856620287,0.08154402501838659
rmse,climatology,phihyd_surface,1420,15,0.07827366523794341,0.07482451938395719,0.08148710127409693
rmse,climatology,phihyd_surface,1430,15,0.07834451195759727,0.07492425694410153,0.08117417225948037
rmse,climatology,phihyd_surface,1440,15,0.0785396059284611,0.07553501637546811,0.08129703022734203
rmse,climatology,phihyd_surface,1450,15,0.07870071322758179,0.07537945918900446,0.08139180079985174
rmse,climatology,phihyd_surface,1460,15,0.07868081116175475,0.07518311198710943,0.081103779349064
rmse,climatology,phihyd_surface,1470,15,0.07868852053286153,0.07544233494672538,0.08109091745813908
rmse,climatology,phihyd_surface,1480,15,0.07894600006656985,0.07568033087578191,0.08130741734919295
rmse,climatology,phihyd_surface,1490,15,0.0792396093586103,0.07623320494715205,0.08164980589105424
rmse,climatology,phihyd_surface,1500,15,0.0792811716447223,0.07613166840902172,0.0814825341432945
rmse,climatology,phihyd_surface,1510,15,0.0793422891117444,0.07633383406455405,0.08205390000425289
rmse,climatology,phihyd_surface,1520,15,0.07946714023034092,0.07611146810877965,0.0818870747298057
rmse,climatology,phihyd_surface,1530,15,0.07957003570212823,0.0763345765911898,0.08219748037815026
rmse,climatology,phihyd_surface,1540,15,0.07972122356183146,0.07655094584628472,0.08227427237715182
rmse,climatology,phihyd_surface,1550,15,0.07991654452759439,0.07677669466409523,0.08229344164120944
rmse,climatology,phihyd_surface,1560,15,0.08003135053432778,0.07668452708592444,0.08258281670320458
rmse,climatology,phihyd_surface,1570,15,0.08002537213047552,0.07663691493854594,0.08251488720162874
rmse,climatology,phihyd_surface,1580,15,0.08013877756753013,0.0770250899944725,0.08299794313767518
rmse,climatology,phihyd_surface,1590,15,0.0803201718054285,0.07704723116501959,0.0829562959885113
rmse,climatology,phihyd_surface,1600,15,0.08037740476159794,0.07706556900933338,0.08296784923683642
rmse,climatology,phihyd_surface,1610,15,0.08053369038964325,0.0776541698890481,0.08306935814460141
rmse,climatology,phihyd_surface,1620,15,0.08069837589316368,0.07756028389365642,0.08322461565443477
rmse,climatology,phihyd_surface,1630,15,0.0806925500682189,0.07745118776511846,0.08329446214831467
rmse,climatology,phihyd_surface,1640,15,0.08065728381921375,0.07761851297138087,0.08327904998181844
rmse,climatology,phihyd_surface,1650,15,0.08086989165439708,0.07804455220670845,0.08358638637949406
rmse,climatology,phihyd_surface,1660,15,0.08118073424677733,0.07852947855819634,0.08370848279720687
rmse,climatology,phihyd_surface,1670,15,0.08124814571568707,0.07857444720936628,0.08374537992597994
rmse,climatology,phihyd_surface,1680,15,0.08130781467478239,0.07873266158344543,0.08396093522729892
rmse,climatology,phihyd_surface,1690,15,0.08142181636059478,0.07872938484036651,0.08428926409141126
rmse,climatology,phihyd_surface,1700,15,0.08153276445111632,0.07889519296675983,0.084523187599239
rmse,climatology,phihyd_surface,1710,15,0.08169004152380123,0.07914442311522314,0.08459254491563578
rmse,climatology,phihyd_surface,1720,15,0.08190162915182289,0.07945806543538605,0.08449987843462664
rmse,climatology,phihyd_surface,1730,15,0.08204786158565773,0.07938578412494118,0.08469887963297393
rmse,climatology,phihyd_surface,1740,15,0.08202340057240523,0.07944622010415973,0.08464611626068995
rmse,climatology,phihyd_surface,1750,15,0.08211501342270912,0.07990473478450923,0.08512266564273588
rmse,climatology,phihyd_surface,1760,15,0.08231753723756702,0.08002745187934954,0.08504444670722887
rmse,climatology,phihyd_surface,1770,15,0.08243152893721713,0.08018612346795356,0.08512905537932072
rmse,climatology,phihyd_surface,1780,15,0.08261000996262578,0.08062140558485846,0.0852348156533627
rmse,climatology,phihyd_surface,1790,15,0.08282096388573272,0.08054493543119395,0.0854394399474476
rmse,climatology,phihyd_surface,1800,15,0.08287980179298923,0.08031681996955173,0.08566778627372564
rmse,climatology,phihyd_surface,1810,15,0.08286036451005489,0.08067758484682619,0.08562909255649402
rmse,climatology,phihyd_surface,1820,15,0.08304262147474066,0.08097052911292085,0.0859247769580188
rmse,climatology,phihyd_surface,1830,15,0.08332790031113398,0.08096687539482701,0.08600774194492009
rmse,climatology,phihyd_surface,1840,15,0.08337561694479546,0.08078314650105058,0.08613669752599999
rmse,climatology,phihyd_surface,1850,15,0.08340303348580387,0.08078548553289974,0.08643728679279747
rmse,climatology,phihyd_surface,1860,15,0.08350709273807783,0.08088244509474944,0.08679984918348639
rmse,climatology,phihyd_surface,1870,15,0.08364013193085061,0.0810807456646835,0.0870896145751997
rmse,climatology,phihyd_surface,1880,15,0.08380565101607676,0.08099233435311143,0.08724766114777295
rmse,climatology,phihyd_surface,1890,15,0.08402892938767528,0.08126279918378952,0.08724968260782437
rmse,climatology,phihyd_surface,1900,15,0.084211409619514,0.08124573586051889,0.08751365638490988
rmse,climatology,phihyd_surface,1910,15,0.08419966830487083,0.08158389495619116,0.08771077747521623
rmse,climatology,phihyd_surface,1920,15,0.0842651587993327,0.08164484344824942,0.08817690755770306
rmse,climatology,phihyd_surface,1930,15,0.0844264104265453,0.08118623566267201,0.08812480790144053
rmse,climatology,phihyd_surface,1940,15,0.08451695395614651,0.08113770588473754,0.08829228211568528
rmse,climatology,phihyd_surface,1950,15,0.08463482594910143,0.08167322316801516,0.0880624758241841
rmse,climatology,phihyd_surface,1960,15,0.08480641801887535,0.08170859080860572,0.08842989643169698
rmse,climatology,phihyd_surface,1970,15,0.08483662443814956,0.08134098629284693,0.08803594588564372
rmse,climatology,phihyd_surface,1980,15,0.08476268204677646,0.08144325872941025,0.0880686502016678
rmse,climatology,phihyd_surface,1990,15,0.08489741705281834,0.08176522199629639,0.0882702807912904
rmse,climatology,phihyd_surface,2000,15,0.08520228223173977,0.08189356505738211,0.08812666688793763
rmse,climatology,sst,0,15,0.038926541203725615,0.03557420514642971,0.0402837741797113
rmse,climatology,sst,10,15,0.03923816953713662,0.037365892951542835,0.04099523623960119
rmse,climatology,sst,20,15,0.039320122612859595,0.03762620611631685,0.0405314336378475
rmse,climatology,sst,30,15,0.03874053183909262,0.03718421098699746,0.04070331307861397
rmse,climatology,sst,40,15,0.038589016540679824,0.03573224821844664,0.0409996034152627
rmse,climatology,sst,50,15,0.038692094471477034,0.0357765792109862,0.04141228251521682
rmse,climatology,sst,60,15,0.038923169390428364,0.036208033097370855,0.04084015131811664
rmse,climatology,sst,70,15,0.03883727195925053,0.036577938523714375,0.04039427572563329
rmse,climatology,sst,80,15,0.038899348144271755,0.03720342245674546,0.04049349433639322
rmse,climatology,sst,90,15,0.03859182811025534,0.036352933211529,0.04007424441286412
rmse,climatology,sst,100,15,0.03808316336299696,0.03563638506945245,0.03997563807029918
rmse,climatology,sst,110,15,0.03846563971636773,0.03538848366117589,0.04068335294075047
rmse,climatology,sst,120,15,0.03916203935936427,0.0369360746193712,0.04066363981636094
rmse,climatology,sst,130,15,0.03905574532397706,0.03696756462051177,0.040511971189464695
rmse,climatology,sst,140,15,0.03854352013928544,0.036289263423549774,0.04055896540301233
rmse,climatology,sst,150,15,0.03847474467845344,0.03677347128641677,0.04018151107848936
rmse,climatology,sst,160,15,0.03876205584497288,0.03648828156358352,0.040597082882120675
rmse,climatology,sst,170,15,0.03919240703915568,0.03596420482150981,0.04108244322403937
rmse,climatology,sst,180,15,0.03954435766789486,0.037802716991073626,0.04160576932465402
rmse,climatology,sst,190,15,0.039666863077473025,0.038011848281873165,0.04131585374482706
rmse,climatology,sst,200,15,0.03913749244776498,0.03700530182126936,0.04073154437650555
rmse,climatology,sst,210,15,0.03894719016291897,0.0368456225660072,0.04113149725232341
rmse,climatology,sst,220,15,0.039013157322702004,0.0360864219783301,0.041439644409506426
rmse,climatology,sst,230,15,0.039289115928229916,0.03607983685872816,0.04221333016589995
rmse,climatology,sst,240,15,0.03928379241597547,0.037222776688099694,0.04152922567531229
rmse,climatology,sst,250,15,0.03939439533572985,0.03735911424188838,0.040860817320551336
rmse,climatology,sst,260,15,0.03917151576045869,0.03787419384067307,0.040325458905591666
rmse,climatology,sst,270,15,0.038594487950417616,0.035747205766755094,0.041040119043995835
rmse,climatology,sst,280,15,0.03889234219421038,0.03569262847318304,0.041796471031386354
rmse,climatology,sst,290,15,0.039542958144200606,0.03681600847826205,0.041845558755737707
rmse,climatology,sst,300,15,0.03950323161754252,0.03669896771812234,0.04123252817267242
rmse,climatology,sst,310,15,0.03896798455375537,0.03685959247774201,0.04039289866328229
rmse,climatology,sst,320,15,0.03876899111498401,0.03676010730099393,0.04019449586126166
rmse,climatology,sst,330,15,0.03901253847188473,0.03675803736359444,0.04072321104838134
rmse,climatology,sst,340,15,0.03933304101822752,0.03730053879225586,0.04114144512958689
rmse,climatology,sst,350,15,0.03970205589311789,0.03842829383276085,0.040792203376547466
rmse,climatology,sst,360,15,0.03977416802595286,0.0386013018388877,0.04086875188056985
rmse,climatology,sst,370,15,0.039221065235831507,0.03733907494585995,0.04089365045293732
rmse,climatology,sst,380,15,0.03893252527766995,0.03676951287197968,0.040755437048827746
rmse,climatology,sst,390,15,0.038927975760655535,0.03628835013875004,0.04078308436704633
rmse,climatology,sst,400,15,0.03919928107660139,0.03631120079522613,0.04101063656591467
rmse,climatology,sst,410,15,0.03917797408172925,0.03710023480174496,0.040884819127495094
rmse,climatology,sst,420,15,0.03924321177361789,0.03735624183440476,0.04099247775543068
rmse,climatology,sst,430,15,0.03912634158416605,0.03758442786052442,0.04028929949295229
rmse,climatology,sst,440,15,0.038596768680616976,0.035973757303439866,0.04058182096435416
rmse,climatology,sst,450,15,0.038875295339472545,0.03612370817165021,0.04096135600430726
rmse,climatology,sst,460,15,0.0395233094143723,0.03723380918665957,0.041097530036893634
rmse,climatology,sst,470,15,0.03961017895073106,0.03667069732255622,0.04192351708769259
rmse,climatology,sst,480,15,0.03917467598401058,0.037017109163909614,0.04102121417764058
rmse,climatology,sst,490,15,0.03896184745258688,0.036649546673892176,0.04074746451243504
rmse,climatology,sst,500,15,0.03924077395882485,0.037028270396675424,0.040682009889928525
rmse,climatology,sst,510,15,0.039522600580036246,0.037309637056294066,0.04157578552357228
rmse,climatology,sst,520,15,0.039998227197636835,0.03773068488429451,0.04208255459757629
rmse,climatology,sst,530,15,0.04016937477881632,0.039257488874662474,0.041725803060243746
rmse,climatology,sst,540,15,0.03974689397005215,0.038326367738647324,0.04130314380994351
rmse,climatology,sst,550,15,0.039419366151826646,0.03750719976490834,0.04129015277292964
rmse,climatology,sst,560,15,0.039373392814557935,0.03743126248366238,0.04135828661199656
rmse,climatology,sst,570,15,0.039621139979802676,0.03651305037098815,0.04146371838940537
rmse,climatology,sst,580,15,0.03957423187406201,0.037121728965936275,0.04127628060183966
rmse,climatology,sst,590,15,0.03955551762738973,0.037472086177796765,0.04163379473595144
rmse,climatology,sst,600,15,0.039464040412880444,0.03820626064841594,0.04042922031541578
rmse,climatology,sst,610,15,0.03891413467012164,0.03723072952423881,0.040717631829966
rmse,climatology,sst,620,15,0.03909438241410377,0.03619801699196694,0.04087412522853348
rmse,climatology,sst,630,15,0.039762178292760124,0.037381328061701316,0.04120212928235222
rmse,climatology,sst,640,15,0.040010284771289144,0.037891781131520405,0.04147597068619609
rmse,climatology,sst,650,15,0.03965798083707026,0.03800185109141238,0.04169528921069469
rmse,climatology,sst,660,15,0.03940769310920879,0.03713929996964491,0.042672572356101904
rmse,climatology,sst,670,15,0.03971095281373414,0.03715603639451735,0.04271563544791569
rmse,climatology,sst,680,15,0.03996119625758478,0.03743543148634866,0.04334579425536755
rmse,climatology,sst,690,15,0.040455671620483025,0.03782472191181551,0.043587737890073586
rmse,climatology,sst,700,15,0.04059691170252752,0.03863744405415576,0.042629366402398804
rmse,climatology,sst,710,15,0.04019550576910535,0.038340639516797795,0.04296031217323141
rmse,climatology,sst,720,15,0.03974970944058476,0.03740806253469046,0.042580761136179354
rmse,climatology,sst,730,15,0.03966044340271876,0.037138362830921104,0.04186394374485805
rmse,climatology,sst,740,15,0.039930480775247267,0.037322785738500036,0.04212097455214
rmse,climatology,sst,750,15,0.039928447208304844,0.03796677997206826,0.041359664691465056
rmse,climatology,sst,760,15,0.03988582266895416,0.03805258964137611,0.04221246856693369
rmse,climatology,sst,770,15,0.03987564861748673,0.03850245544328048,0.04137364673102546
rmse,climatology,sst,780,15,0.03936570414535582,0.03711910558358253,0.04223604109233329
rmse,climatology,sst,790,15,0.03943144851675902,0.03703490182238253,0.041160889382948276
rmse,climatology,sst,800,15,0.0400344619808383,0.037860604957459215,0.04167284418633647
rmse,climatology,sst,810,15,0.04035056896658716,0.03734857713116643,0.04249558719426438
rmse,climatology,sst,820,15,0.040054922687773636,0.0384846389035803,0.04261789546688176
rmse,climatology,sst,830,15,0.03976212790592357,0.03751964203059968,0.042043394546760905
rmse,climatology,sst,840,15,0.04006250176120486,0.03827800791838103,0.042011024234882045
rmse,climatology,sst,850,15,0.040316811348803466,0.03809359557853291,0.04302235567440797
rmse,climatology,sst,860,15,0.04087481567496645,0.038496857697034155,0.04308502574285746
rmse,climatology,sst,870,15,0.04109725790733874,0.03901445496404694,0.043657108974853455
rmse,climatology,sst,880,15,0.04087040478553621,0.03812508129341762,0.042856694533423965
rmse,climatology,sst,890,15,0.04039950264028578,0.038134206840636224,0.043227842240607925
rmse,climatology,sst,900,15,0.04029622692962211,0.037430066471124714,0.044116360083052156
rmse,climatology,sst,910,15,0.04052562602397991,0.03703251062445957,0.04378216687650865
rmse,climatology,sst,920,15,0.04056992483612183,0.038618727299031395,0.043988492998598576
rmse,climatology,sst,930,15,0.04049480511315741,0.038243129035315404,0.04277514543986415
rmse,climatology,sst,940,15,0.04048402995739754,0.03901205889366178,0.042092146685690446
rmse,climatology,sst,950,15,0.039923373666514515,0.0375755815251786,0.04338970167060333
rmse,climatology,sst,960,15,0.03978307112349144,0.036785192178999275,0.04257661447385916
rmse,climatology,sst,970,15,0.040248747733859364,0.037572742224746714,0.04273170988143072
rmse,climatology,sst,980,15,0.040551324044333516,0.037372958694441974,0.042846455968227164
rmse,climatology,sst,990,15,0.040153973598907405,0.03851094894044143,0.04162466923259547
rmse,climatology,sst,1000,15,0.039686520925057006,0.03718001770252036,0.04097887355739535
rmse,climatology,sst,1010,15,0.03982574535736532,0.03767071407230241,0.040924806543608964
rmse,climatology,sst,1020,15,0.040005086061551794,0.0375935212448523,0.041749135461671555
rmse,climatology,sst,1030,15,0.04052277904729905,0.03901488607599998,0.0418202342313713
rmse,climatology,sst,1040,15,0.04067091136530117,0.03947173053838292,0.041593770837544904
rmse,climatology,sst,1050,15,0.04052201848612351,0.038726438520199566,0.04253636416061087
rmse,climatology,sst,1060,15,0.04002909584986762,0.03798350288133097,0.04153796951696901
rmse,climatology,sst,1070,15,0.03999927586697404,0.03785215283050201,0.042073767524888846
rmse,climatology,sst,1080,15,0.04025359865922164,0.037432513902222526,0.04193214712166521
rmse,climatology,sst,1090,15,0.040351306439781055,0.038541363574258074,0.0420178897097248
rmse,climatology,sst,1100,15,0.04032005484524989,0.03761892238754522,0.042981290560911975
rmse,climatology,sst,1110,15,0.04046069331520188,0.03919015881940359,0.04231741578579517
rmse,climatology,sst,1120,15,0.040067226484927256,0.037821585066184674,0.04182686392307388
rmse,climatology,sst,1130,15,0.03990392790749366,0.03774509016733827,0.04119622739119005
rmse,climatology,sst,1140,15,0.04044068854743377,0.03845319424004151,0.042867614307420254
rmse,climatology,sst,1150,15,0.0409640350169299,0.03824315158036762,0.04314146981855685
rmse,climatology,sst,1160,15,0.040706639886698585,0.038759509457334786,0.04307487233455101
rmse,climatology,sst,1170,15,0.04028015106282593,0.03665900468448358,0.04334912333928163
rmse,climatology,sst,1180,15,0.040397353889195395,0.03875501072560601,0.043094488956600896
rmse,climatology,sst,1190,15,0.04053586542225551,0.0371116557647337,0.04343816935755104
rmse,climatology,sst,1200,15,0.04098511949328534,0.03769304011582474,0.04409052757578107
rmse,climatology,sst,1210,15,0.041090268114219224,0.03903772163233502,0.04352936248939638
rmse,climatology,sst,1220,15,0.040957864096471,0.039387668158315195,0.04277282666970214
rmse,climatology,sst,1230,15,0.0403192746609431,0.038628077943714326,0.04171585993781299
rmse,climatology,sst,1240,15,0.04017559983584835,0.03833136148230324,0.042140686146563903
rmse,climatology,sst,1250,15,0.04030708403640412,0.03821109688041508,0.042169527820804215
rmse,climatology,sst,1260,15,0.040345461178033254,0.03876628479633049,0.0419996646433117
rmse,climatology,sst,1270,15,0.040232370679562424,0.03788546908889966,0.042096091456035246
rmse,climatology,sst,1280,15,0.040322410962963,0.03910657898233141,0.04205065511219621
rmse,climatology,sst,1290,15,0.03995788233132528,0.037885325421532785,0.041606282702712806
rmse,climatology,sst,1300,15,0.039678469259934,0.03773865068280024,0.04126294695495919
rmse,climatology,sst,1310,15,0.040176431354698824,0.03731182716307301,0.04203510521505851
rmse,climatology,sst,1320,15,0.04081953601998105,0.03916799131727975,0.0420684659900421
rmse,climatology,sst,1330,15,0.04062500421195659,0.03906558928524674,0.0419769503391422
rmse,climatology,sst,1340,15,0.040185402118525546,0.03800391561814039,0.04256966524389394
rmse,climatology,sst,1350,15,0.04026505926567007,0.03827327711476598,0.04276414029944564
rmse,climatology,sst,1360,15,0.04048951449299123,0.037372663933227586,0.04351980803995106
rmse,climatology,sst,1370,15,0.04098517400912926,0.03766614828658131,0.043858456859732976
rmse,climatology,sst,1380,15,0.041161766673617865,0.03930223186745315,0.04301339805205143
rmse,climatology,sst,1390,15,0.04112643688582265,0.03928241540712211,0.04329365158373899
rmse,climatology,sst,1400,15,0.04050479393778949,0.038837077474264646,0.04307472038013565
rmse,climatology,sst,1410,15,0.04036786257458637,0.037910142909452424,0.04240012242789996
rmse,climatology,sst,1420,15,0.040489861823579186,0.03781620070832306,0.04260601225722396
rmse,climatology,sst,1430,15,0.040607495053714686,0.038573982610622976,0.04230682899436606
rmse,climatology,sst,1440,15,0.04052129762591434,0.03861704408089173,0.04226299047954241
rmse,climatology,sst,1450,15,0.040647673881334015,0.03907079300743154,0.042206354766353475
rmse,climatology,sst,1460,15,0.04036718796725589,0.038424253949474484,0.042527551528731174
rmse,climatology,sst,1470,15,0.03998000493957248,0.03726645574821019,0.042184303218184116
rmse,climatology,sst,1480,15,0.04040661488531872,0.03842576835998654,0.04255114725076168
rmse,climatology,sst,1490,15,0.041092502824422276,0.03856034219777135,0.04268046052586853
rmse,climatology,sst,1500,15,0.0409586431951544,0.03868802679839854,0.043259461647238553
rmse,climatology,sst,1510,15,0.04052857678735926,0.038309520147767,0.04294242060076693
rmse,climatology,sst,1520,15,0.040549908381740794,0.038890412388138,0.04190791665144987
rmse,climatology,sst,1530,15,0.040825066702648134,0.038989184200504186,0.04332027734358466
rmse,climatology,sst,1540,15,0.04131535706011595,0.038755128568909926,0.04326826911168526
rmse,climatology,sst,1550,15,0.041595990398176894,0.03984757031912053,0.044005065380174894
rmse,climatology,sst,1560,15,0.04167979683924659,0.03949674673558818,0.04372519304857485
rmse,climatology,sst,1570,15,0.0411144258648692,0.03864118791640839,0.04285749946186019
rmse,climatology,sst,1580,15,0.04095341565404627,0.03910852931159631,0.04388389441029021
rmse,climatology,sst,1590,15,0.04100877768428949,0.03820035218828387,0.04395984132736604
rmse,climatology,sst,1600,15,0.04114907752216537,0.03835704829300757,0.0442720995907294
rmse,climatology,sst,1610,15,0.04105102338631814,0.03889373126750466,0.04366465596677462
rmse,climatology,sst,1620,15,0.04112984151020039,0.03953731742198176,0.04255766071321873
rmse,climatology,sst,1630,15,0.04083140729741743,0.03936502639914564,0.04331629990150847
rmse,climatology,sst,1640,15,0.040304639171600924,0.03747498203294173,0.043106680433805986
rmse,climatology,sst,1650,15,0.040584342523147986,0.03757245358954637,0.04283405441848097
rmse,climatology,sst,1660,15,0.0411887250580486,0.03859905062321451,0.04358364059740188
rmse,climatology,sst,1670,15,0.04104507872897302,0.03855033282986825,0.04269715625801197
rmse,climatology,sst,1680,15,0.04051572065062097,0.03851882078485814,0.0417591998302533
rmse,climatology,sst,1690,15,0.04038140248204124,0.03866383517481635,0.0415843959198336
rmse,climatology,sst,1700,15,0.040611823780757415,0.03839135337082285,0.042102744282804805
rmse,climatology,sst,1710,15,0.040973928025689485,0.039539669864118464,0.042564513875621525
rmse,climatology,sst,1720,15,0.041293054255875476,0.03992603328841255,0.042436595880884484
rmse,climatology,sst,1730,15,0.04139808063199138,0.04037553421612732,0.042552181413042935
rmse,climatology,sst,1740,15,0.040907034379745875,0.03907790060390345,0.04248783385183004
rmse,climatology,sst,1750,15,0.04076926328882007,0.03826610037869821,0.04266426765135125
rmse,climatology,sst,1760,15,0.040842487802796215,0.03864664172376484,0.042614707133441905
rmse,climatology,sst,1770,15,0.041080666795846515,0.03897590435545025,0.04261011010980157
rmse,climatology,sst,1780,15,0.041045257967499735,0.0387148127215696,0.043272650932790736
rmse,climatology,sst,1790,15,0.041184325252021266,0.03933757981765239,0.043447561227167406
rmse,climatology,sst,1800,15,0.041048997914338796,0.03953411310651972,0.04243946538637621
rmse,climatology,sst,1810,15,0.0405555908332224,0.038506572130780146,0.04239427824428608
rmse,climatology,sst,1820,15,0.04086107461774439,0.03880712737023381,0.04267728685419413
rmse,climatology,sst,1830,15,0.04153052077296073,0.03940247710660695,0.04357565640066262
rmse,climatology,sst,1840,15,0.041567702043436315,0.03962737875150466,0.04377695921631565
rmse,climatology,sst,1850,15,0.04111890022412015,0.0386320556484415,0.04328834348507083
rmse,climatology,sst,1860,15,0.040932154153567955,0.038570198305646564,0.04344932845023659
rmse,climatology,sst,1870,15,0.041152992837898035,0.03868748275247341,0.043614510826176685
rmse,climatology,sst,1880,15,0.041372551155533184,0.03868035109283466,0.043905864287062044
rmse,climatology,sst,1890,15,0.04170454192351396,0.03951614480097867,0.04377300128944995
rmse,climatology,sst,1900,15,0.0417754198344835,0.040648890915691134,0.04340820784911925
rmse,climatology,sst,1910,15,0.041279500670851156,0.039894342247555496,0.042859048066558436
rmse,climatology,sst,1920,15,0.04101313209184897,0.039003827476924845,0.0426941784823028
rmse,climatology,sst,1930,15,0.040994719105053166,0.03890611634720315,0.04313958892192578
rmse,climatology,sst,1940,15,0.04124707576201245,0.03862220788518864,0.0428019146323901
rmse,climatology,sst,1950,15,0.0412419561436699,0.038993926706611545,0.04279884646178472
rmse,climatology,sst,1960,15,0.04134463608358253,0.03969874592222669,0.04372568445981428
rmse,climatology,sst,1970,15,0.04130066663838274,0.0395685064559263,0.04341806188262258
rmse,climatology,sst,1980,15,0.04083047765393189,0.03899283557959459,0.042919809939923996
rmse,climatology,sst,1990,15,0.04105266316714887,0.037743810665794825,0.04298808447592537
rmse,climatology,sst,2000,15,0.04167829417940094,0.039308668852597095,0.043147393702502534
