metric,model_or_method,field,lead_days,mean,p10,p90
rmse,model,surface_speed,0,0.0,0.0,0.0
rmse,model,surface_speed,10,0.0011991966981440782,0.0010758554795756935,0.0013086300110444426
rmse,model,surface_speed,20,0.0014394858774418632,0.0013334404211491346,0.0014954638667404653
rmse,model,surface_speed,30,0.001601259239638845,0.0013142002513632177,0.0018140815896913408
rmse,model,surface_speed,40,0.0017884644602114955,0.001534794201143086,0.002090213634073734
rmse,model,surface_speed,50,0.001977075713997086,0.0016498048324137926,0.002201435808092356
rmse,model,surface_speed,60,0.002171691631277402,0.0018675849307328463,0.0024072609841823576
rmse,model,surface_speed,70,0.0022954055729011696,0.0019563296111300586,0.0025188987608999016
rmse,model,surface_speed,80,0.00249744748386244,0.002089401660487056,0.0028951162472367286
rmse,model,surface_speed,90,0.0026524106971919535,0.0022313280031085016,0.0032685447484254834
rmse,model,surface_speed,100,0.0027676067004601163,0.0023295705206692217,0.0032039816956967115
rmse,model,surface_speed,110,0.002878083661198616,0.0023070340044796466,0.0032021882478147743
rmse,model,surface_speed,120,0.0030571833873788514,0.002326895762234926,0.0035802229307591916
rmse,model,surface_speed,130,0.003217720628405611,0.0024049528408795597,0.0038976436480879784
rmse,model,surface_speed,140,0.003331022057682276,0.0025499273091554643,0.004099635407328606
rmse,model,surface_speed,150,0.0034848793564985197,0.0027164746541529896,0.004524377267807722
rmse,model,surface_speed,160,0.0036471519929667314,0.0027485094498842953,0.004678182676434516
rmse,model,surface_speed,170,0.0037624065298587084,0.0028179953806102276,0.004648728016763926
rmse,model,surface_speed,180,0.0039044452365487813,0.0030076928436756135,0.004846630524843931
rmse,model,surface_speed,190,0.004031514733408888,0.0031573194544762375,0.005104025173932314
rmse,model,surface_speed,200,0.004152259587620695,0.0033244630321860313,0.00507476357743144
rmse,model,surface_speed,210,0.004238034800315897,0.0034715561196208,0.0049891935661435126
rmse,model,surface_speed,220,0.004363699878255526,0.0036193888168781995,0.0050055313855409626
rmse,model,surface_speed,230,0.0045120490714907644,0.003822657745331526,0.005172825884073973
rmse,model,surface_speed,240,0.00468455475444595,0.004150623455643654,0.005243630148470402
rmse,model,surface_speed,250,0.004839463780323665,0.004417496174573899,0.0053993075154721735
rmse,model,surface_speed,260,0.004989718894163767,0.004641329124569893,0.0055008123628795145
rmse,model,surface_speed,270,0.005159269738942385,0.004771517682820558,0.00558161623775959
rmse,model,surface_speed,280,0.005324111102769772,0.005001424625515938,0.005636295583099127
rmse,model,surface_speed,290,0.005507278194030126,0.0050824923440814015,0.0058429518714547156
rmse,model,surface_speed,300,0.005702258677532276,0.0052074695006012915,0.006222223676741123
rmse,model,surface_speed,310,0.005913328162084023,0.005379178654402494,0.006550904363393784
rmse,model,surface_speed,320,0.006055783946067095,0.005580170266330242,0.0067918596789240835
rmse,model,surface_speed,330,0.006184466555714608,0.005733938328921795,0.006778717413544655
rmse,model,surface_speed,340,0.006362708347539107,0.005780620500445366,0.00709211677312851
rmse,model,surface_speed,350,0.006549761754771074,0.00591558963060379,0.007349649257957935
rmse,model,surface_speed,360,0.006661434844136238,0.005971762631088495,0.007490491308271885
rmse,model,surface_speed,370,0.006710717268288135,0.005911936052143574,0.007371227815747261
rmse,model,surface_speed,380,0.006822347734123468,0.006074199080467224,0.007478003855794668
rmse,model,surface_speed,390,0.006943156383931637,0.0062650546431541445,0.007603595219552517
rmse,model,surface_speed,400,0.00694964462891221,0.006324929092079401,0.007532436959445476
rmse,model,surface_speed,410,0.0070018012076616285,0.006346192304044962,0.007450355775654316
rmse,model,surface_speed,420,0.007059921510517597,0.006267755385488271,0.0075391997583210465
rmse,model,surface_speed,430,0.007125646993517876,0.006526410114020109,0.0074968508444726465
rmse,model,surface_speed,440,0.0071124456822872165,0.006578144524246455,0.007465474400669336
rmse,model,surface_speed,450,0.007216207093248764,0.006797933112829923,0.0077065094374120235
rmse,model,surface_speed,460,0.007303075181941191,0.006977970991283655,0.00777747631072998
rmse,model,surface_speed,470,0.007339313471068938,0.006998540554195643,0.007807616703212261
rmse,model,surface_speed,480,0.007382686343044042,0.006885938066989184,0.007805918343365192
rmse,model,surface_speed,490,0.007541378028690815,0.007101115770637989,0.007958585582673549
rmse,model,surface_speed,500,0.007606551082183917,0.007195542566478252,0.00798190999776125
rmse,model,surface_speed,510,0.007638181280344725,0.007068666815757752,0.008194400370121003
rmse,model,surface_speed,520,0.007699581204603115,0.007006439566612244,0.008355091139674187
rmse,model,surface_speed,530,0.007806854757169883,0.0071536566130816935,0.008426650799810887
rmse,model,surface_speed,540,0.00781466399009029,0.007079648319631815,0.008480565063655377
rmse,model,surface_speed,550,0.007822091691195965,0.007015070784837008,0.00853189267218113
rmse,model,surface_speed,560,0.007906622315446536,0.00717539619654417,0.008596903271973133
rmse,model,surface_speed,570,0.0079441807543238,0.0072287975810468195,0.008677415549755096
rmse,model,surface_speed,580,0.007992114468167225,0.007229381334036588,0.008676590397953987
rmse,model,surface_speed,590,0.008029869540284078,0.007472818624228239,0.008660602942109108
rmse,model,surface_speed,600,0.00809738716731469,0.0075728556141257284,0.008783446438610554
rmse,model,surface_speed,610,0.008113990320513647,0.007505088206380605,0.008861143700778484
rmse,model,surface_speed,620,0.008151417877525092,0.007438694313168526,0.009018159843981266
rmse,model,surface_speed,630,0.00819324078038335,0.007435107883065939,0.00924360454082489
rmse,model,surface_speed,640,0.008275140418360631,0.007449446804821491,0.009523970447480679
rmse,model,surface_speed,650,0.008270417433232069,0.00751225845888257,0.009428994357585907
rmse,model,surface_speed,660,0.008252821769565344,0.007589048426598311,0.0092879269272089
rmse,model,surface_speed,670,0.008243852108716965,0.00757844652980566,0.009037155099213124
rmse,model,surface_speed,680,0.008191009890288115,0.007649332471191883,0.008865598775446414
rmse,model,surface_speed,690,0.00813123993575573,0.007481456734240055,0.00865501444786787
rmse,model,surface_speed,700,0.008159578902026017,0.00776887834072113,0.00855514295399189
rmse,model,surface_speed,710,0.008241349210341772,0.007876798510551453,0.008597766235470771
rmse,model,surface_speed,720,0.008204668077329795,0.007806773111224174,0.008509215340018273
rmse,model,surface_speed,730,0.008192624617367982,0.007832601200789213,0.008577820658683778
rmse,model,surface_speed,740,0.008262270751098791,0.007830890640616418,0.008644395507872105
rmse,model,surface_speed,750,0.008250917959958314,0.0078005088493227955,0.008649660274386406
rmse,model,surface_speed,760,0.008191632417341074,0.007824123091995715,0.008600164949893952
rmse,model,surface_speed,770,0.008261191720763842,0.007906803116202354,0.00871800146996975
rmse,model,surface_speed,780,0.008308558259159327,0.007897959649562835,0.008887699618935586
rmse,model,surface_speed,790,0.00833109524101019,0.007844402454793453,0.009093145094811916
rmse,model,surface_speed,800,0.008384715889890988,0.00792669877409935,0.009109486453235149
rmse,model,surface_speed,810,0.00853360587110122,0.007836100086569786,0.009248188883066177
rmse,model,surface_speed,820,0.008631643683960041,0.007993795350193978,0.009261560253798961
rmse,model,surface_speed,830,0.008662117614100377,0.008172181434929371,0.009305466525256633
rmse,model,surface_speed,840,0.008681766875088214,0.008152146078646182,0.009396142326295376
rmse,model,surface_speed,850,0.00869624096279343,0.008112328872084618,0.009554413333535194
rmse,model,surface_speed,860,0.00870731205989917,0.008189876191318035,0.009652873687446117
rmse,model,surface_speed,870,0.008765911435087521,0.008273041993379592,0.009628114476799964
rmse,model,surface_speed,880,0.008788616955280304,0.008278341963887215,0.009686245024204254
rmse,model,surface_speed,890,0.00879038975884517,0.008161473274230956,0.009776644222438336
rmse,model,surface_speed,900,0.008753614934782187,0.008156953938305378,0.009588490426540374
rmse,model,surface_speed,910,0.00878151555856069,0.00828351192176342,0.009303736314177514
rmse,model,surface_speed,920,0.008787694511314233,0.008240947686135768,0.009237844496965408
rmse,model,surface_speed,930,0.008735527843236923,0.008009042404592038,0.00919835940003395
rmse,model,surface_speed,940,0.008712766816218694,0.008073201216757298,0.009321523830294609
rmse,model,surface_speed,950,0.008658317352334658,0.008129820972681046,0.0092367272824049
rmse,model,surface_speed,960,0.008633309168120225,0.00803268700838089,0.009339587204158306
rmse,model,surface_speed,970,0.008577899355441333,0.007884487882256508,0.009462079219520091
rmse,model,surface_speed,980,0.008525560144335032,0.007955760136246682,0.009383122809231282
rmse,model,surface_speed,990,0.008545565822472175,0.00796926636248827,0.009142759628593922
rmse,model,surface_speed,1000,0.008564234400788942,0.008060819283127785,0.008911160193383694
rmse,model,surface_speed,1010,0.008559514706333479,0.008231296762824058,0.008994656428694726
rmse,model,surface_speed,1020,0.00853135275344054,0.008167311362922192,0.008909070678055287
rmse,model,surface_speed,1030,0.008530549891293048,0.008248444646596909,0.008928063511848449
rmse,model,surface_speed,1040,0.008529100567102432,0.008251972123980522,0.00882717575877905
rmse,model,surface_speed,1050,0.00847994467864434,0.008306636661291122,0.00878866109997034
rmse,model,surface_speed,1060,0.008449070466061434,0.008178333938121795,0.008781995065510273
rmse,model,surface_speed,1070,0.008460204613705476,0.008124300464987754,0.008703034557402133
rmse,model,surface_speed,1080,0.008482684195041657,0.008196178823709488,0.008848926611244678
rmse,model,surface_speed,1090,0.008519370915989082,0.008158361166715622,0.009012502245604992
rmse,model,surface_speed,1100,0.008552659427126248,0.008061802946031094,0.009059219993650914
rmse,model,surface_speed,1110,0.008622173344095548,0.008241521939635277,0.009220060147345065
rmse,model,surface_speed,1120,0.008659777293602625,0.00817662626504898,0.009368853829801082
rmse,model,surface_speed,1130,0.008722233461836974,0.008126083388924598,0.009546178951859474
rmse,model,surface_speed,1140,0.008779472609361013,0.008104477263987064,0.009470192156732083
rmse,model,surface_speed,1150,0.008802172727882862,0.00815100185573101,0.009391366504132748
rmse,model,surface_speed,1160,0.008843714681764444,0.008214691840112209,0.009492380917072296
rmse,model,surface_speed,1170,0.008908156181375186,0.008276426792144775,0.009674535319209098
rmse,model,surface_speed,1180,0.00894484706223011,0.008333016373217105,0.00965461302548647
rmse,model,surface_speed,1190,0.008985510530571143,0.008354088850319385,0.009555182792246342
rmse,model,surface_speed,1200,0.009010364611943563,0.008481519296765327,0.009721445664763451
rmse,model,surface_speed,1210,0.008981563523411751,0.008393992856144904,0.009641597419977188
rmse,model,surface_speed,1220,0.008919526574512322,0.008283456973731517,0.009720085375010967
rmse,model,surface_speed,1230,0.008882858231663704,0.00822566132992506,0.009644658491015434
rmse,model,surface_speed,1240,0.008893895025054614,0.008278115466237069,0.009623384475708008
rmse,model,surface_speed,1250,0.008868869580328464,0.008257541060447692,0.009581591002643108
rmse,model,surface_speed,1260,0.008839694783091545,0.008198948763310909,0.009663037024438381
rmse,model,surface_speed,1270,0.008816407062113285,0.008176208287477494,0.009580354765057563
rmse,model,surface_speed,1280,0.00879178320368131,0.008115394413471222,0.009494606964290142
rmse,model,surface_speed,1290,0.008723454425732295,0.008155950345098972,0.009208597242832184
rmse,model,surface_speed,1300,0.008700591946641604,0.00807810053229332,0.009136480465531348
rmse,model,surface_speed,1310,0.00865696022907893,0.00824040174484253,0.009107688814401627
rmse,model,surface_speed,1320,0.008632371916125219,0.008206993900239467,0.009135415591299535
rmse,model,surface_speed,1330,0.00858262243370215,0.008164123818278312,0.008968355692923069
rmse,model,surface_speed,1340,0.008605989813804626,0.00830401536077261,0.008907550387084484
rmse,model,surface_speed,1350,0.00860584961871306,0.008254468813538552,0.009022480435669422
rmse,model,surface_speed,1360,0.00863459041963021,0.008301172032952308,0.009133127704262733
rmse,model,surface_speed,1370,0.008640152961015701,0.008252795413136482,0.009032242186367511
rmse,model,surface_speed,1380,0.00863408495982488,0.008239749632775784,0.009073146805167197
rmse,model,surface_speed,1390,0.008667264009515445,0.008221149072051048,0.009131539426743985
rmse,model,surface_speed,1400,0.008652676517764727,0.008130231499671936,0.009052436798810959
rmse,model,surface_speed,1410,0.008685057361920675,0.00814654752612114,0.009016847237944603
rmse,model,surface_speed,1420,0.008748504209021728,0.008143963292241096,0.00921610090881586
rmse,model,surface_speed,1430,0.00875766525665919,0.008080620132386685,0.009218906238675117
rmse,model,surface_speed,1440,0.008785255439579486,0.008204850368201733,0.00917373299598694
rmse,model,surface_speed,1450,0.008816248551011086,0.008236227929592133,0.009363829344511031
rmse,model,surface_speed,1460,0.00878428692619006,0.00818262603133917,0.009288131259381771
rmse,model,surface_speed,1470,0.008783088500301043,0.00819263570010662,0.009175526350736618
rmse,model,surface_speed,1480,0.008772362271944683,0.008130979537963868,0.009473763965070247
rmse,model,surface_speed,1490,0.008840689311424892,0.008164147101342677,0.009763354994356632
rmse,model,surface_speed,1500,0.008808045834302902,0.008098813332617283,0.009880517236888408
rmse,model,surface_speed,1510,0.008881025388836861,0.008319319039583207,0.009744414314627647
rmse,model,surface_speed,1520,0.008915820407370727,0.008305182121694088,0.009650755114853382
rmse,model,surface_speed,1530,0.008940609047810237,0.008260340616106986,0.009656170569360256
rmse,model,surface_speed,1540,0.008966693344215551,0.00814344771206379,0.009692428261041641
rmse,model,surface_speed,1550,0.008926370181143284,0.008187680318951607,0.009833377972245216
rmse,model,surface_speed,1560,0.009021630138158798,0.00824470240622759,0.010013232007622719
rmse,model,surface_speed,1570,0.009041800412038963,0.008233425579965115,0.009849121235311032
rmse,model,surface_speed,1580,0.008999157138168812,0.008202709816396236,0.009887254796922207
rmse,model,surface_speed,1590,0.009011850816508134,0.008221634477376939,0.00996380839496851
rmse,model,surface_speed,1600,0.008972828586896261,0.00830060914158821,0.00974106341600418
rmse,model,surface_speed,1610,0.008892330278952917,0.008324293419718742,0.009486240707337857
rmse,model,surface_speed,1620,0.008819471423824629,0.008127342537045478,0.00939648672938347
rmse,model,surface_speed,1630,0.008751270982126394,0.008011459000408649,0.009396389499306679
rmse,model,surface_speed,1640,0.008664481217662494,0.008040320686995983,0.009054542519152164
rmse,model,surface_speed,1650,0.00860954107095798,0.008161128126084804,0.008995655179023742
rmse,model,surface_speed,1660,0.008634463635583718,0.008193288184702396,0.0090071652084589
rmse,model,surface_speed,1670,0.008588825538754463,0.008152909390628339,0.008941984921693801
rmse,model,surface_speed,1680,0.008608708468576273,0.008149964548647404,0.008928332105278968
rmse,model,surface_speed,1690,0.00863961490492026,0.0082077631726861,0.009072287566959858
rmse,model,surface_speed,1700,0.0086723775913318,0.008307294733822346,0.008991062454879285
rmse,model,surface_speed,1710,0.00868516235301892,0.008450327068567276,0.008889537304639816
rmse,model,surface_speed,1720,0.008709942797819774,0.00840796809643507,0.009013066999614239
rmse,model,surface_speed,1730,0.008789887093007565,0.008383945748209953,0.009276085160672664
rmse,model,surface_speed,1740,0.008827037985126178,0.00835859589278698,0.009130281023681163
rmse,model,surface_speed,1750,0.00876972246915102,0.008417720906436443,0.009103631600737572
rmse,model,surface_speed,1760,0.00881437472999096,0.008321521431207657,0.009167689457535743
rmse,model,surface_speed,1770,0.008853977111478646,0.008330483548343181,0.009350758604705333
rmse,model,surface_speed,1780,0.008873702213168144,0.008310430496931077,0.009532276913523674
rmse,model,surface_speed,1790,0.008917307232817013,0.008208205737173558,0.0097799152135849
rmse,model,surface_speed,1800,0.008955040698250134,0.00827615186572075,0.009875762276351452
rmse,model,surface_speed,1810,0.008927483297884464,0.008285546489059926,0.010034678690135478
rmse,model,surface_speed,1820,0.008925524167716503,0.008320802822709084,0.009994499385356903
rmse,model,surface_speed,1830,0.009005864212910334,0.008499480597674847,0.009797614999115467
rmse,model,surface_speed,1840,0.00899703154961268,0.008512690290808677,0.009633300453424453
rmse,model,surface_speed,1850,0.009007645832995573,0.008514304086565972,0.009793579764664172
rmse,model,surface_speed,1860,0.009043485050400098,0.008546487800776959,0.00992807149887085
rmse,model,surface_speed,1870,0.009050168221195538,0.00853328537195921,0.009655767865478993
rmse,model,surface_speed,1880,0.009038347999254863,0.008512579277157784,0.009493514336645604
rmse,model,surface_speed,1890,0.009040580627818902,0.008426474407315254,0.009474434889853
rmse,model,surface_speed,1900,0.009103315571943918,0.008370800130069255,0.009697473607957363
rmse,model,surface_speed,1910,0.00914126510421435,0.008656366169452668,0.009902911633253098
rmse,model,surface_speed,1920,0.009058471458653608,0.008483843132853507,0.009824530407786369
rmse,model,surface_speed,1930,0.009058433088163535,0.008472923748195171,0.009793025255203248
rmse,model,surface_speed,1940,0.009024142225583395,0.008314421772956848,0.009812705218791962
rmse,model,surface_speed,1950,0.008986997914810975,0.008156708069145679,0.009876772202551365
rmse,model,surface_speed,1960,0.009037098723153274,0.008370560593903065,0.009937815368175507
rmse,model,surface_speed,1970,0.009047896539171537,0.008461321145296097,0.009734044037759303
rmse,model,surface_speed,1980,0.008924852963536978,0.008407337963581086,0.009509515203535556
rmse,model,surface_speed,1990,0.008832406563063463,0.008284072950482368,0.009352478943765164
rmse,model,surface_speed,2000,0.008855280404289564,0.008215400762856007,0.009363391436636448
rmse,climatology,surface_speed,0,0.003483150666579604,0.003082289919257164,0.0038193108048290014
rmse,climatology,surface_speed,10,0.0033636869086573523,0.0030656424816697834,0.0036313133779913185
rmse,climatology,surface_speed,20,0.0034482390930255253,0.0032233613543212413,0.003711535269394517
rmse,climatology,surface_speed,30,0.0035018501492838066,0.00318124876357615,0.0038929723203182222
rmse,climatology,surface_speed,40,0.00342121225160857,0.0030003468040376902,0.0037263927049934866
rmse,climatology,surface_speed,50,0.00343005396425724,0.003051483677700162,0.00374471521936357
rmse,climatology,surface_speed,60,0.00351786605703334,0.003111187648028135,0.003641898510977626
rmse,climatology,surface_speed,70,0.003458885584647457,0.0029819020535796882,0.003498874185606837
rmse,climatology,surface_speed,80,0.0034494626335799692,0.002973990887403488,0.003671011235564947
rmse,climatology,surface_speed,90,0.003562444138030211,0.002918521873652935,0.004021911416202784
rmse,climatology,surface_speed,100,0.003629363172998031,0.0032170973252505066,0.004143981635570526
rmse,climatology,surface_speed,110,0.0034900281423081952,0.0030214297119528057,0.004266700614243745
rmse,climatology,surface_speed,120,0.0035588504591335854,0.0029065740294754506,0.00481131300330162
rmse,climatology,surface_speed,130,0.003643997525796294,0.003074161522090435,0.00488055795431137
rmse,climatology,surface_speed,140,0.003640605447192987,0.003067094273865223,0.004740914143621921
rmse,climatology,surface_speed,150,0.003612006471181909,0.0029644875321537256,0.004666800983250141
rmse,climatology,surface_speed,160,0.0037537249891708294,0.00306641417555511,0.005282246973365544
rmse,climatology,surface_speed,170,0.0037696822391202053,0.002968915365636349,0.005190011765807866
rmse,climatology,surface_speed,180,0.0036744978123654922,0.0028529281727969645,0.005210142023861408
rmse,climatology,surface_speed,190,0.0037473389413207768,0.002872107271105051,0.005604173522442579
rmse,climatology,surface_speed,200,0.0038475769106298685,0.0030372698325663804,0.005471385922282934
rmse,climatology,surface_speed,210,0.0037900323048233988,0.002925727842375636,0.005063790269196033
rmse,climatology,surface_speed,220,0.0037698041337231795,0.0029313983395695686,0.005118785426020622
rmse,climatology,surface_speed,230,0.0038252479707201322,0.002960879262536764,0.005211523734033108
rmse,climatology,surface_speed,240,0.003753873007372022,0.0029495298862457276,0.005208831559866667
rmse,climatology,surface_speed,250,0.0036651603411883118,0.0030053016263991593,0.005084473639726639
rmse,climatology,surface_speed,260,0.003671895805746317,0.0028910859022289515,0.004959142953157425
rmse,climatology,surface_speed,270,0.003667520980040232,0.0031860648654401303,0.0046119867824018
rmse,climatology,surface_speed,280,0.0034454568289220334,0.003060405608266592,0.004083133209496737
rmse,climatology,surface_speed,290,0.003401386303206285,0.002830109279602766,0.00402572276070714
rmse,climatology,surface_speed,300,0.0034250445198267697,0.003014210145920515,0.003971921280026436
rmse,climatology,surface_speed,310,0.0033765321131795645,0.003023827215656638,0.00366395371966064
rmse,climatology,surface_speed,320,0.0032736305768291158,0.0028565974440425634,0.0036053655203431845
rmse,climatology,surface_speed,330,0.003378949345399936,0.0030613488983362914,0.0039013768546283245
rmse,climatology,surface_speed,340,0.0033724169712513684,0.0030343753285706045,0.003849106002599001
rmse,climatology,surface_speed,350,0.003227809738988678,0.00286314464174211,0.0035764701664447785
rmse,climatology,surface_speed,360,0.0032508065303166705,0.002860331628471613,0.0036229236982762815
rmse,climatology,surface_speed,370,0.0033503105708708367,0.003139591868966818,0.003549442160874605
rmse,climatology,surface_speed,380,0.003269168408587575,0.0029179556760936974,0.00350967226549983
rmse,climatology,surface_speed,390,0.003235493072619041,0.0029687096364796163,0.003426301945000887
rmse,climatology,surface_speed,400,0.0033003112922112146,0.0030058433767408133,0.003532146429643035
rmse,climatology,surface_speed,410,0.003261845527837674,0.003029937716200948,0.0035112340934574603
rmse,climatology,surface_speed,420,0.0031898466404527426,0.0029560215305536987,0.0033971755765378475
rmse,climatology,surface_speed,430,0.00327877402305603,0.002953060111030936,0.003623278858140111
rmse,climatology,surface_speed,440,0.0033657065437485774,0.003197721717879176,0.0036037725862115622
rmse,climatology,surface_speed,450,0.0032249768109371265,0.0029514880385249852,0.003596463007852435
rmse,climatology,surface_speed,460,0.0032497651254137358,0.0029145242646336556,0.0037092600017786027
rmse,climatology,surface_speed,470,0.0033850479250152905,0.00307630836032331,0.0038338986225426195
rmse,climatology,surface_speed,480,0.003428985395779212,0.0030160026159137487,0.004103754460811615
rmse,climatology,surface_speed,490,0.0034124450913319984,0.0028766268398612736,0.004412508942186832
rmse,climatology,surface_speed,500,0.003615680957833926,0.0029289675410836937,0.004921845998615026
rmse,climatology,surface_speed,510,0.003727396282677849,0.0031099626794457436,0.005083191394805908
rmse,climatology,surface_speed,520,0.0036459272106488545,0.0029935962054878475,0.00492771714925766
rmse,climatology,surface_speed,530,0.003675053423891465,0.002942278841510415,0.0049709082581102845
rmse,climatology,surface_speed,540,0.0038143802744646867,0.0031749569345265625,0.0048048138618469235
rmse,climatology,surface_speed,550,0.0037620560576518375,0.0030813737772405147,0.004867095127701759
rmse,climatology,surface_speed,560,0.003726983225593964,0.0030779171269387008,0.004772997647523879
rmse,climatology,surface_speed,570,0.0037786295016606648,0.0032932757865637543,0.004555350821465253
rmse,climatology,surface_speed,580,0.003746431041508913,0.0031629163306206463,0.0045543526299297804
rmse,climatology,surface_speed,590,0.003668068613236149,0.0028480586130172013,0.004420152492821216
rmse,climatology,surface_speed,600,0.0037960171854744353,0.003146848874166608,0.004614917747676373
rmse,climatology,surface_speed,610,0.0039253285775582,0.0032548642717301845,0.005145917367190123
rmse,climatology,surface_speed,620,0.003822322702035308,0.0028419777750968932,0.005156856961548328
rmse,climatology,surface_speed,630,0.0037880198874821265,0.002966047590598464,0.004986649565398693
rmse,climatology,surface_speed,640,0.0038187511575718722,0.0032493894919753074,0.004971655085682869
rmse,climatology,surface_speed,650,0.0037338935925314825,0.003081676363945007,0.004771142173558474
rmse,climatology,surface_speed,660,0.0035465432486186427,0.0028347054962068797,0.004235955700278282
rmse,climatology,surface_speed,670,0.003568793833255768,0.0030489079654216766,0.003969620261341333
rmse,climatology,surface_speed,680,0.0035576490530123315,0.0031617289409041406,0.004001104179769755
rmse,climatology,surface_speed,690,0.0033942118597527346,0.0030402847565710544,0.0037747783586382865
rmse,climatology,surface_speed,700,0.0033654055713365476,0.0031211990863084793,0.0035383099224418403
rmse,climatology,surface_speed,710,0.003480742359533906,0.0032232464756816624,0.0038772803731262685
rmse,climatology,surface_speed,720,0.0034168411511927843,0.0029841640964150427,0.0038944500498473643
rmse,climatology,surface_speed,730,0.0033544565085321665,0.003047868236899376,0.00375081836245954
rmse,climatology,surface_speed,740,0.0033866417749474445,0.0030638725496828557,0.003598664794117212
rmse,climatology,surface_speed,750,0.0033684566927452884,0.0030818921979516743,0.003633845504373312
rmse,climatology,surface_speed,760,0.0032512521836906673,0.0028972772881388663,0.003545897640287876
rmse,climatology,surface_speed,770,0.0033277866430580618,0.0030144714284688233,0.003567061806097627
rmse,climatology,surface_speed,780,0.003435218287631869,0.0032103005796670914,0.0036598543170839547
rmse,climatology,surface_speed,790,0.0033685239342351753,0.0029806568752974274,0.003679005289450288
rmse,climatology,surface_speed,800,0.0033466598329444726,0.003004077123478055,0.0037214158102869986
rmse,climatology,surface_speed,810,0.0035054344528665147,0.003057651361450553,0.00410188203677535
rmse,climatology,surface_speed,820,0.003571228248377641,0.003023998253047466,0.004411763045936823
rmse,climatology,surface_speed,830,0.003550385699296991,0.0029544650111347436,0.004612153023481369
rmse,climatology,surface_speed,840,0.0036889115038017434,0.0031512598507106304,0.004806322883814573
rmse,climatology,surface_speed,850,0.003807465390612682,0.0031829651445150374,0.005291166715323925
rmse,climatology,surface_speed,860,0.003756018433098992,0.0029023126233369114,0.005499448440968989
rmse,climatology,surface_speed,870,0.0037750601458052795,0.0029348606709390878,0.0057083630003035065
rmse,climatology,surface_speed,880,0.003931408204759161,0.003101547062397003,0.005864362139254808
rmse,climatology,surface_speed,890,0.0039097297160575785,0.002910455921664834,0.005636879615485668
rmse,climatology,surface_speed,900,0.0038534436374902726,0.003092334931716323,0.005456079635769128
rmse,climatology,surface_speed,910,0.003855879682426651,0.0029949455987662078,0.005395757034420967
rmse,climatology,surface_speed,920,0.003854065357397,0.003058219188824296,0.005302259884774685
rmse,climatology,surface_speed,930,0.0037207117148985464,0.002990168798714876,0.004902261309325695
rmse,climatology,surface_speed,940,0.0037272818541775146,0.002989420900121331,0.004866993241012097
rmse,climatology,surface_speed,950,0.003754812370364865,0.0030858533456921576,0.004758679587393999
rmse,climatology,surface_speed,960,0.003651261795312166,0.0031948034651577474,0.0044403743930161
rmse,climatology,surface_speed,970,0.0034877146283785504,0.0029359097126871346,0.004003398772329092
rmse,climatology,surface_speed,980,0.003528600496550401,0.0029782110825181006,0.004033603239804506
rmse,climatology,surface_speed,990,0.0035078913749506074,0.002999085234478116,0.003934560157358646
rmse,climatology,surface_speed,1000,0.00339272307852904,0.0030041394289582967,0.00375783983618021
rmse,climatology,surface_speed,1010,0.003409686886395017,0.003007041243836284,0.0038038922008126973
rmse,climatology,surface_speed,1020,0.0034829982556402682,0.003218369884416461,0.003950420394539833
rmse,climatology,surface_speed,1030,0.0033822712022811173,0.003065738594159484,0.003791326889768243
rmse,climatology,surface_speed,1040,0.0033152353794624408,0.0028786400333046915,0.003682311624288559
rmse,climatology,surface_speed,1050,0.003459652839228511,0.0031046563759446143,0.0037015491630882024
rmse,climatology,surface_speed,1060,0.0034671182899425426,0.003264105599373579,0.0036979662254452705
rmse,climatology,surface_speed,1070,0.003437341082220276,0.0031659504398703574,0.0036662640050053596
rmse,climatology,surface_speed,1080,0.003504659328609705,0.0031751477159559726,0.0039935044944286345
rmse,climatology,surface_speed,1090,0.0036145526450127364,0.0032837734557688235,0.004318331368267536
rmse,climatology,surface_speed,1100,0.0035892950681348642,0.003095647320151329,0.004545974638313055
rmse,climatology,surface_speed,1110,0.0037251312596102556,0.003175779851153493,0.005049869138747453
rmse,climatology,surface_speed,1120,0.003932924382388592,0.003258400084450841,0.005686503369361162
rmse,climatology,surface_speed,1130,0.003990552760660649,0.003130413917824626,0.006139156315475702
rmse,climatology,surface_speed,1140,0.003947760025039315,0.00299038621596992,0.006235881708562374
rmse,climatology,surface_speed,1150,0.0041289209388196465,0.0032295427285134793,0.006235435325652361
rmse,climatology,surface_speed,1160,0.004212926390270392,0.003225545771420002,0.006007725093513727
rmse,climatology,surface_speed,1170,0.004168435946727792,0.002933873748406768,0.006016780529171228
rmse,climatology,surface_speed,1180,0.004222654923796654,0.0029874933883547784,0.0060809972696006295
rmse,climatology,surface_speed,1190,0.00435757456968228,0.0032812856137752534,0.006040880177170038
rmse,climatology,surface_speed,1200,0.00431026207904021,0.003234781324863434,0.005958169791847467
rmse,climatology,surface_speed,1210,0.00426282921495537,0.00316123329102993,0.0055800508707761765
rmse,climatology,surface_speed,1220,0.004414316390951475,0.0033022246789187193,0.0057739528827369215
rmse,climatology,surface_speed,1230,0.004441550762082139,0.0031681222841143607,0.0060390206053853035
rmse,climatology,surface_speed,1240,0.004389458211759726,0.003115272242575884,0.00623865956440568
rmse,climatology,surface_speed,1250,0.004406350494051973,0.0032806190196424724,0.006239398662000894
rmse,climatology,surface_speed,1260,0.004405390021080772,0.0032627823762595653,0.006287518516182899
rmse,climatology,surface_speed,1270,0.00423104491395255,0.0029886878561228513,0.00610178429633379
rmse,climatology,surface_speed,1280,0.004153840476647019,0.00302314436994493,0.005897067859768868
rmse,climatology,surface_speed,1290,0.0041486608174939954,0.0033074154518544672,0.005714122112840414
rmse,climatology,surface_speed,1300,0.004028375757237275,0.003050229791551828,0.005485580209642649
rmse,climatology,surface_speed,1310,0.003781936364248395,0.0028778256848454474,0.004942322801798582
rmse,climatology,surface_speed,1320,0.0037853848809997243,0.003203206369653344,0.004611828085035086
rmse,climatology,surface_speed,1330,0.003726622803757588,0.003236055513843894,0.0045799828134477135
rmse,climatology,surface_speed,1340,0.003576600675781568,0.0028739833272993565,0.004176139924675226
rmse,climatology,surface_speed,1350,0.0035150228689114255,0.003041479317471385,0.003911227453500032
rmse,climatology,surface_speed,1360,0.0036019527974228065,0.0033205090090632438,0.0039850080385804175
rmse,climatology,surface_speed,1370,0.0035193977256615955,0.0030760710127651692,0.0038558426313102245
rmse,climatology,surface_speed,1380,0.0034194305849572022,0.003180071944370866,0.003650882327929139
rmse,climatology,surface_speed,1390,0.003534998589505752,0.003283839672803879,0.003830647375434637
rmse,climatology,surface_speed,1400,0.003560285766919454,0.0032187178265303375,0.004045372363179922
rmse,climatology,surface_speed,1410,0.0034928809540967147,0.0030986817553639414,0.003892435319721699
rmse,climatology,surface_speed,1420,0.003512888370702664,0.003128799423575401,0.003867947310209274
rmse,climatology,surface_speed,1430,0.003588366166998943,0.0031875554006546734,0.0037177907768636944
rmse,climatology,surface_speed,1440,0.0035110281159480413,0.0030492117162793874,0.00357005731202662
rmse,climatology,surface_speed,1450,0.0035433168367793163,0.0030760748311877252,0.003794097388163209
rmse,climatology,surface_speed,1460,0.0036719241024305424,0.003057637484744191,0.004133610893040895
rmse,climatology,surface_speed,1470,0.0037330862289915484,0.003317404305562377,0.00420271186158061
rmse,climatology,surface_speed,1480,0.0036246208318819603,0.0031419376377016307,0.00433592926710844
rmse,climatology,surface_speed,1490,0.0037448931174973647,0.0030905394814908504,0.005077395681291818
rmse,climatology,surface_speed,1500,0.003843313812588652,0.0031021731905639172,0.005169719457626343
rmse,climatology,surface_speed,1510,0.0038699767086654902,0.003189635928720236,0.004993745870888233
rmse,climatology,surface_speed,1520,0.003925311441222826,0.0030252041295170786,0.00500233955681324
rmse,climatology,surface_speed,1530,0.004112348643441995,0.003180397627875209,0.005889481492340564
rmse,climatology,surface_speed,1540,0.004139021039009094,0.003030895534902811,0.006007590144872665
rmse,climatology,surface_speed,1550,0.004072834023584922,0.002919855434447527,0.006000776402652263
rmse,climatology,surface_speed,1560,0.004155380294347802,0.0029834537301212547,0.005968423280864954
rmse,climatology,surface_speed,1570,0.00419392556262513,0.0030533078126609324,0.006078978441655636
rmse,climatology,surface_speed,1580,0.00407754722982645,0.0030717679765075445,0.005839893221855163
rmse,climatology,surface_speed,1590,0.003977657093976935,0.00300363153219223,0.005601373594254255
rmse,climatology,surface_speed,1600,0.003951208883275588,0.0031039098277688025,0.005396846961230039
rmse,climatology,surface_speed,1610,0.0037822847875456016,0.0030231381300836802,0.005014111567288637
rmse,climatology,surface_speed,1620,0.0036743930075317623,0.0030261910520493983,0.0045153751038014885
rmse,climatology,surface_speed,1630,0.0036739306213955086,0.0029691459145396947,0.004461151082068682
rmse,climatology,surface_speed,1640,0.003666991787031293,0.0032624487299472093,0.00424496429041028
rmse,climatology,surface_speed,1650,0.003454491263255477,0.003083659382537007,0.0038854533806443213
rmse,climatology,surface_speed,1660,0.003463859452555577,0.0029211162589490415,0.003938332200050354
rmse,climatology,surface_speed,1670,0.003490000156064828,0.0030600385274738074,0.003988782223314047
rmse,climatology,surface_speed,1680,0.0034290702392657598,0.0030774158891290425,0.003771828906610608
rmse,climatology,surface_speed,1690,0.0033443720390399297,0.002928570657968521,0.0035575578920543196
rmse,climatology,surface_speed,1700,0.00345506079805394,0.0031281853560358288,0.003933800291270018
rmse,climatology,surface_speed,1710,0.0034270163315037886,0.0031746040098369122,0.003757159039378166
rmse,climatology,surface_speed,1720,0.003302545193582773,0.0029868190642446278,0.003573654778301716
rmse,climatology,surface_speed,1730,0.00337705936593314,0.0030236778780817985,0.0037287162151187657
rmse,climatology,surface_speed,1740,0.0034775389668842156,0.003333620401099324,0.003625327441841364
rmse,climatology,surface_speed,1750,0.0034328064881265163,0.003185700997710228,0.00362375364638865
rmse,climatology,surface_speed,1760,0.0034503706420461336,0.003193987440317869,0.003801527619361877
rmse,climatology,surface_speed,1770,0.0035732102580368517,0.0032646028324961663,0.004135799035429954
rmse,climatology,surface_speed,1780,0.0035800772408644357,0.0032191650941967966,0.004378953576087951
rmse,climatology,surface_speed,1790,0.0036254010628908873,0.003044609911739826,0.004670258890837431
rmse,climatology,surface_speed,1800,0.0038136415959646305,0.0032254350837320088,0.005296829435974359
rmse,climatology,surface_speed,1810,0.003963970144589742,0.0032910324633121492,0.0058178952895104885
rmse,climatology,surface_speed,1820,0.0038718244216094416,0.002952520363032818,0.005963444989174604
rmse,climatology,surface_speed,1830,0.00396890703899165,0.0031293689273297785,0.005952510982751846
rmse,climatology,surface_speed,1840,0.004097223359470566,0.0032691482454538347,0.005671996343880892
rmse,climatology,surface_speed,1850,0.0040859647716085115,0.003084045276045799,0.005694076791405677
rmse,climatology,surface_speed,1860,0.0040204573577890795,0.002915373258292675,0.0057408324442803855
rmse,climatology,surface_speed,1870,0.004153450531885028,0.0031988158356398345,0.005658949259668589
rmse,climatology,surface_speed,1880,0.004162945877760648,0.003247534716501832,0.00558280861005187
rmse,climatology,surface_speed,1890,0.00406453269533813,0.0031438773963600396,0.005201768688857555
rmse,climatology,surface_speed,1900,0.004149850892523925,0.003301633708178997,0.005275586433708668
rmse,climatology,surface_speed,1910,0.004267155441145102,0.0033008340746164323,0.005655864905565977
rmse,climatology,surface_speed,1920,0.004225961087892453,0.0031674396246671676,0.005998440273106098
rmse,climatology,surface_speed,1930,0.004207824434464176,0.0031635412015020847,0.005963752884417773
rmse,climatology,surface_speed,1940,0.004238449828699231,0.003302009357139468,0.005954916588962078
rmse,climatology,surface_speed,1950,0.004124819021672011,0.00317979296669364,0.0058259968645870686
rmse,climatology,surface_speed,1960,0.003951636546601852,0.0029259569011628626,0.0054572481662034985
rmse,climatology,surface_speed,1970,0.003932349321742853,0.0032596212811768057,0.005206241365522146
rmse,climatology,surface_speed,1980,0.003890287612254421,0.003264970052987337,0.005007334519177675
rmse,climatology,surface_speed,1990,0.0036496213171631096,0.002885755896568298,0.004592771641910076
rmse,climatology,surface_speed,2000,0.003586794187625249,0.003061279933899641,0.004096773359924555
rmse,persistence,surface_speed,0,0.0,0.0,0.0
rmse,persistence,surface_speed,10,0.00237644847172002,0.002035052655264735,0.002700142050161958
rmse,persistence,surface_speed,20,0.0032833594363182784,0.0029404053930193186,0.003675637533888221
rmse,persistence,surface_speed,30,0.003681389195844531,0.0033001508098095657,0.004024333599954843
rmse,persistence,surface_speed,40,0.0045264661001662414,0.003929562866687775,0.005070245265960694
rmse,persistence,surface_speed,50,0.004964599960173169,0.004248273093253374,0.0054371686652302745
rmse,persistence,surface_speed,60,0.0051937012933194636,0.004525898862630129,0.005741261411458254
rmse,persistence,surface_speed,70,0.005310371425002814,0.004489631857722998,0.005888010561466217
rmse,persistence,surface_speed,80,0.005204244144260883,0.004347568657249212,0.0059099489822983745
rmse,persistence,surface_speed,90,0.005416389834135771,0.004741821996867656,0.0060455967672169205
rmse,persistence,surface_speed,100,0.0055740152796109515,0.004879198968410492,0.00616434533149004
rmse,persistence,surface_speed,110,0.005279846241076787,0.0047600151970982555,0.005954581033438444
rmse,persistence,surface_speed,120,0.005435800800720851,0.004786104056984186,0.0063180244527757164
rmse,persistence,surface_speed,130,0.005256649261961381,0.004486268479377031,0.005970214027911425
rmse,persistence,surface_speed,140,0.004499524692073464,0.0037095443811267616,0.005091130640357733
rmse,persistence,surface_speed,150,0.004245611404379209,0.0033035920932888985,0.005477508250623941
rmse,persistence,surface_speed,160,0.0037416763914128143,0.00255281045101583,0.005531643796712159
rmse,persistence,surface_speed,170,0.0025874722593774396,0.0008837294648401439,0.004832661990076303
rmse,persistence,surface_speed,180,0.003591783344745636,0.0022254577372223137,0.0053179672919213775
rmse,persistence,surface_speed,190,0.00439929220204552,0.0032426915597170594,0.006022075656801462
rmse,persistence,surface_speed,200,0.004690920903036992,0.0037387358024716377,0.006346746161580086
rmse,persistence,surface_speed,210,0.005343084859972199,0.0041995651088655,0.00667443424463272
rmse,persistence,surface_speed,220,0.005719550295422474,0.004424439277499914,0.006950722075998783
rmse,persistence,surface_speed,230,0.005845271423459053,0.004611402377486229,0.0074125674553215505
rmse,persistence,surface_speed,240,0.005924042065938314,0.004743037559092045,0.0072401674464344975
rmse,persistence,surface_speed,250,0.0057650023140013214,0.004544943477958441,0.006878987699747085
rmse,persistence,surface_speed,260,0.005831575145324072,0.00495765246450901,0.006793437339365482
rmse,persistence,surface_speed,270,0.005935318643848101,0.0051739029586315155,0.006629346404224634
rmse,persistence,surface_speed,280,0.005581463531901439,0.005188841465860605,0.005974634271115065
rmse,persistence,surface_speed,290,0.005591918310771386,0.0050319510512053965,0.006185992155224085
rmse,persistence,surface_speed,300,0.005411236764242252,0.004758166428655386,0.005887713842093944
rmse,persistence,surface_speed,310,0.004614793757597605,0.004336942452937365,0.0048907820135355
rmse,persistence,surface_speed,320,0.00422796073059241,0.003687992412596941,0.004793608095496893
rmse,persistence,surface_speed,330,0.0037518538534641265,0.0030303823761641977,0.004435506369918585
rmse,persistence,surface_speed,340,0.002539715721892814,0.0017407476669177413,0.003111038589850068
rmse,persistence,surface_speed,350,0.0031762702080110707,0.0025394455529749393,0.003670419426634908
rmse,persistence,surface_speed,360,0.003997614110509555,0.0034357949625700712,0.00438751308247447
rmse,persistence,surface_speed,370,0.004237994784489274,0.00395481325685978,0.004488400276750326
rmse,persistence,surface_speed,380,0.004868433189888795,0.004413747601211071,0.00531868040561676
rmse,persistence,surface_speed,390,0.005294178208957116,0.004652152676135302,0.005748218111693859
rmse,persistence,surface_speed,400,0.0054226522023479145,0.004920038115233183,0.005799949262291193
rmse,persistence,surface_speed,410,0.0055304508656263355,0.004918215423822403,0.0059505971148610115
rmse,persistence,surface_speed,420,0.005388362240046263,0.004711078759282827,0.005978742334991694
rmse,persistence,surface_speed,430,0.005489535039911667,0.005247452948242426,0.006094528920948505
rmse,persistence,surface_speed,440,0.005699122324585915,0.005235832184553146,0.006253791786730289
rmse,persistence,surface_speed,450,0.0054102193874617415,0.0046289324760437015,0.005915296822786331
rmse,persistence,surface_speed,460,0.005478166633596023,0.005112202558666468,0.006083502620458603
rmse,persistence,surface_speed,470,0.005459312628954649,0.004993091709911824,0.005971933994442224
rmse,persistence,surface_speed,480,0.00473855941866835,0.0037198676727712154,0.005720369610935449
rmse,persistence,surface_speed,490,0.00443839201082786,0.0037404253147542478,0.00565118957310915
rmse,persistence,surface_speed,500,0.0042317780355612435,0.003401294443756342,0.005668861605226993
rmse,persistence,surface_speed,510,0.003107931682219108,0.0014091983437538149,0.005380587931722402
rmse,persistence,surface_speed,520,0.003609881162022551,0.002159274648874998,0.005563201755285263
rmse,persistence,surface_speed,530,0.00448083383962512,0.00320310415700078,0.005799531284719705
rmse,persistence,surface_speed,540,0.004713238356634975,0.0036702339537441732,0.006088192854076624
rmse,persistence,surface_speed,550,0.005279194780935844,0.004360025841742754,0.006472751405090094
rmse,persistence,surface_speed,560,0.005699907708913088,0.004841420240700245,0.007050248607993126
rmse,persistence,surface_speed,570,0.005775598560770353,0.005009366292506456,0.006724037509411573
rmse,persistence,surface_speed,580,0.005826621626814206,0.005044000037014484,0.006716908887028694
rmse,persistence,surface_speed,590,0.005617104439685742,0.0047409145161509516,0.006601684261113405
rmse,persistence,surface_speed,600,0.005624670224885146,0.005089593399316072,0.0064957886934280396
rmse,persistence,surface_speed,610,0.005812314028541247,0.005126226786524057,0.006792392581701279
rmse,persistence,surface_speed,620,0.005505377302567164,0.00446788314729929,0.006413378659635783
rmse,persistence,surface_speed,630,0.0054418073656658334,0.004907762166112661,0.006015168037265539
rmse,persistence,surface_speed,640,0.00535070967550079,0.00490436302497983,0.006319316569715738
rmse,persistence,surface_speed,650,0.004465935208524267,0.0036315206438302995,0.005295980162918568
rmse,persistence,surface_speed,660,0.0038252410168449083,0.003400800283998251,0.004415791667997837
rmse,persistence,surface_speed,670,0.0033744209135572116,0.0030022991355508565,0.0038091566413640974
rmse,persistence,surface_speed,680,0.0016121338975305358,0.0011512375669553876,0.0021776008885353803
rmse,persistence,surface_speed,690,0.0018326799230029185,0.0015194965060800314,0.0021579395048320293
rmse,persistence,surface_speed,700,0.0031483335110048453,0.0027465160470455884,0.003543599462136626
rmse,persistence,surface_speed,710,0.0034721440635621546,0.0030769400764256716,0.0038704921025782824
rmse,persistence,surface_speed,720,0.00414651093694071,0.003774925274774432,0.004643524438142777
rmse,persistence,surface_speed,730,0.004770992153013746,0.004108355287462473,0.005147989187389612
rmse,persistence,surface_speed,740,0.004945241163174311,0.004371971357613802,0.005468386225402355
rmse,persistence,surface_speed,750,0.005132311303168535,0.004529326781630516,0.005768323503434658
rmse,persistence,surface_speed,760,0.005045022225628296,0.004220580961555242,0.005630562361329794
rmse,persistence,surface_speed,770,0.005103237585475048,0.004702840559184551,0.005756900180131197
rmse,persistence,surface_speed,780,0.005404508082816998,0.004989372286945582,0.0060884407721459866
rmse,persistence,surface_speed,790,0.0052206335278848805,0.0045415916480124,0.0058022222481668
rmse,persistence,surface_speed,800,0.005186170308540265,0.004897620063275099,0.005590206757187843
rmse,persistence,surface_speed,810,0.0053128845989704136,0.0048128744587302204,0.005866845976561308
rmse,persistence,surface_speed,820,0.004687452378372352,0.003977946005761623,0.005268745683133602
rmse,persistence,surface_speed,830,0.004196463447685043,0.0035444003529846667,0.005111858248710632
rmse,persistence,surface_speed,840,0.00403649527579546,0.0031048092525452374,0.005124596692621708
rmse,persistence,surface_speed,850,0.0029527189986159404,0.001623096107505262,0.0047107704915106295
rmse,persistence,surface_speed,860,0.0030504207747677962,0.0016385423950850964,0.0050313396379351605
rmse,persistence,surface_speed,870,0.004209531983360648,0.003039324609562755,0.006020215991884469
rmse,persistence,surface_speed,880,0.0045659104362130165,0.0034850392024964095,0.006492416933178901
rmse,persistence,surface_speed,890,0.005080898447583119,0.0040523986332118515,0.00679960660636425
rmse,persistence,surface_speed,900,0.005646306121100982,0.004400054179131985,0.006987798493355513
rmse,persistence,surface_speed,910,0.005783518652121226,0.00458357846364379,0.0073480186983942986
rmse,persistence,surface_speed,920,0.005919304955750704,0.004866481013596058,0.007589833345264196
rmse,persistence,surface_speed,930,0.005832820758223533,0.0047589815221726894,0.006894983071833849
rmse,persistence,surface_speed,940,0.005784411666293939,0.004828591085970402,0.006676223780959845
rmse,persistence,surface_speed,950,0.005985362486292918,0.0052020523697137834,0.006909485813230276
rmse,persistence,surface_speed,960,0.005804115689049164,0.005247068684548139,0.006427296157926321
rmse,persistence,surface_speed,970,0.005599766876548529,0.0052012988366186615,0.0060646506026387215
rmse,persistence,surface_speed,980,0.005657941506554683,0.005092015583068132,0.006154779158532619
rmse,persistence,surface_speed,990,0.00503741546223561,0.004540092032402754,0.005442012846469879
rmse,persistence,surface_speed,1000,0.004393321399887403,0.004075440019369126,0.004839434009045363
rmse,persistence,surface_speed,1010,0.004186173807829619,0.0036090521607548,0.004819860495626926
rmse,persistence,surface_speed,1020,0.00316093269114693,0.002589681837707758,0.0035840360913425686
rmse,persistence,surface_speed,1030,0.0028975921993454295,0.0024303508922457694,0.0033387545496225356
rmse,persistence,surface_speed,1040,0.00395554380180935,0.0035511822905391456,0.004330276697874069
rmse,persistence,surface_speed,1050,0.004316455125808716,0.004024873534217477,0.004550627991557121
rmse,persistence,surface_speed,1060,0.00478405902783076,0.00452280966565013,0.005049935635179281
rmse,persistence,surface_speed,1070,0.005422013128797213,0.004969621263444424,0.005745388101786375
rmse,persistence,surface_speed,1080,0.0056353527121245865,0.005263270530849695,0.005903408024460077
rmse,persistence,surface_speed,1090,0.005846110420922438,0.005385382194072008,0.006351128127425909
rmse,persistence,surface_speed,1100,0.0058604764131208265,0.004976084176450968,0.006605743058025837
rmse,persistence,surface_speed,1110,0.0058881697244942185,0.00495717665180564,0.007104211207479239
rmse,persistence,surface_speed,1120,0.006215595050404469,0.005340002197772265,0.0077884020283818245
rmse,persistence,surface_speed,1130,0.0061740400890509285,0.004782317206263542,0.00828635785728693
rmse,persistence,surface_speed,1140,0.006042889008919398,0.004781127627938986,0.0082558861002326
rmse,persistence,surface_speed,1150,0.006259916132936875,0.005204803124070167,0.00820841733366251
rmse,persistence,surface_speed,1160,0.005787101046492656,0.004202405828982592,0.007790586166083813
rmse,persistence,surface_speed,1170,0.005188565126930674,0.0035260446835309266,0.007376363873481751
rmse,persistence,surface_speed,1180,0.005134417861700058,0.0036259871907532216,0.007074572890996933
rmse,persistence,surface_speed,1190,0.004303622633839647,0.0023777227848768233,0.006560896802693605
rmse,persistence,surface_speed,1200,0.0037603901466354726,0.0013268893118947745,0.0062711752951145165
rmse,persistence,surface_speed,1210,0.004732890954862038,0.0028760279528796673,0.006637680344283581
rmse,persistence,surface_speed,1220,0.005069988764201601,0.003473366843536496,0.006770013831555843
rmse,persistence,surface_speed,1230,0.005416349849353234,0.003982059564441443,0.0069816564209759235
rmse,persistence,surface_speed,1240,0.005949056334793567,0.004631587117910385,0.007394359912723303
rmse,persistence,surface_speed,1250,0.006083644833415747,0.004904293268918991,0.007561296783387661
rmse,persistence,surface_speed,1260,0.0061594606998066105,0.005152880307286977,0.007638327125459909
rmse,persistence,surface_speed,1270,0.006015621063609918,0.004693176224827766,0.007508671190589666
rmse,persistence,surface_speed,1280,0.005791012508173783,0.004770614393055439,0.007346407882869244
rmse,persistence,surface_speed,1290,0.005893989372998476,0.0052193434908986095,0.007300693169236183
rmse,persistence,surface_speed,1300,0.005709502194076776,0.004713179636746645,0.006765085272490978
rmse,persistence,surface_speed,1310,0.005310586219032605,0.004625980835407972,0.005993795860558748
rmse,persistence,surface_speed,1320,0.005345387135942777,0.005023119691759348,0.0058115717954933645
rmse,persistence,surface_speed,1330,0.004722618559996287,0.004191618319600821,0.005532624013721943
rmse,persistence,surface_speed,1340,0.0037712609084943932,0.0033411314710974694,0.004468211904168129
rmse,persistence,surface_speed,1350,0.003473274875432253,0.0030319227837026117,0.00380386752076447
rmse,persistence,surface_speed,1360,0.002311532308037082,0.0020078407134860752,0.0026333038695156574
rmse,persistence,surface_speed,1370,0.0008603865280747414,0.0006580277578905225,0.0010000126902014017
rmse,persistence,surface_speed,1380,0.002700080272431175,0.0023538294713944196,0.003046945249661803
rmse,persistence,surface_speed,1390,0.003359393108015259,0.003002719022333622,0.003746657492592931
rmse,persistence,surface_speed,1400,0.003810633843143781,0.0033578867558389904,0.0042372655123472215
rmse,persistence,surface_speed,1410,0.004629435824851195,0.004022398125380277,0.005186037719249725
rmse,persistence,surface_speed,1420,0.004960988306750854,0.0043741163797676565,0.005334119591861963
rmse,persistence,surface_speed,1430,0.005196399986743927,0.00458071306347847,0.005850005801767111
rmse,persistence,surface_speed,1440,0.005270600877702236,0.0044818509370088576,0.00584067776799202
rmse,persistence,surface_speed,1450,0.0052026129638155305,0.00445866072550416,0.00575900562107563
rmse,persistence,surface_speed,1460,0.005480492860078812,0.004823276773095131,0.006040386483073234
rmse,persistence,surface_speed,1470,0.005569251844038566,0.004914786387234926,0.006075484026223421
rmse,persistence,surface_speed,1480,0.005321081448346377,0.004883964546024799,0.005943313147872686
rmse,persistence,surface_speed,1490,0.0055395096230010194,0.004949832148849964,0.006481004040688276
rmse,persistence,surface_speed,1500,0.00527118102957805,0.0043867077678442,0.006017064210027456
rmse,persistence,surface_speed,1510,0.004610671848058701,0.0039552003145217896,0.005236270651221275
rmse,persistence,surface_speed,1520,0.004500408625851075,0.0034100741613656282,0.00599398585036397
rmse,persistence,surface_speed,1530,0.0039508796917895475,0.00242335326038301,0.006090430915355683
rmse,persistence,surface_speed,1540,0.003205504547804594,0.0011448717443272472,0.005670259147882462
rmse,persistence,surface_speed,1550,0.004238261608406901,0.002566173207014799,0.0063694224692881106
rmse,persistence,surface_speed,1560,0.004824781185016036,0.003382566897198558,0.006804257724434137
rmse,persistence,surface_speed,1570,0.00509809471356372,0.003892990155145526,0.0069968136027455325
rmse,persistence,surface_speed,1580,0.005675309368719657,0.004355597589164972,0.007415091805160046
rmse,persistence,surface_speed,1590,0.005880839222421249,0.004536484647542238,0.0074696863070130345
rmse,persistence,surface_speed,1600,0.005939878554393848,0.004768726322799921,0.007442683354020118
rmse,persistence,surface_speed,1610,0.005919996121277412,0.004814906138926744,0.0072590896859765055
rmse,persistence,surface_speed,1620,0.005720520950853824,0.004617493506520987,0.006450921855866909
rmse,persistence,surface_speed,1630,0.005823944912602504,0.005033220909535885,0.006607730127871037
rmse,persistence,surface_speed,1640,0.005879130649069945,0.005214088596403599,0.006437920965254307
rmse,persistence,surface_speed,1650,0.005534062689791123,0.005178236216306686,0.0059669696725904945
rmse,persistence,surface_speed,1660,0.005621468865623077,0.005126961972564459,0.006304887402802706
rmse,persistence,surface_speed,1670,0.005348707363009453,0.004771659336984158,0.005742867384105921
rmse,persistence,surface_speed,1680,0.0045537490397691725,0.0043194257654249665,0.004849060345441103
rmse,persistence,surface_speed,1690,0.004279368712256352,0.0037772759329527616,0.004831085726618767
rmse,persistence,surface_speed,1700,0.003705649853994449,0.0031518375035375357,0.004228952713310718
rmse,persistence,surface_speed,1710,0.0026585175500561794,0.0021887618117034436,0.0031555387191474437
rmse,persistence,surface_speed,1720,0.0035027526939908665,0.003035449841991067,0.003906430583447218
rmse,persistence,surface_speed,1730,0.004200760787352919,0.0038110827561467888,0.004461795929819346
rmse,persistence,surface_speed,1740,0.004485504329204559,0.004312591347843409,0.004701824393123388
rmse,persistence,surface_speed,1750,0.005165327588717143,0.004764758516103029,0.0054634975269436835
rmse,persistence,surface_speed,1760,0.005545431313415368,0.005137717165052891,0.005876635294407606
rmse,persistence,surface_speed,1770,0.005725490984817346,0.005312986951321363,0.006088816281408072
rmse,persistence,surface_speed,1780,0.005857820436358452,0.005156800150871277,0.006453465856611729
rmse,persistence,surface_speed,1790,0.005793159268796444,0.004840214271098375,0.006752697937190533
rmse,persistence,surface_speed,1800,0.006011278244356314,0.005335303023457527,0.007334782090038061
rmse,persistence,surface_speed,1810,0.006213290399561326,0.005173486098647118,0.007940319925546646
rmse,persistence,surface_speed,1820,0.005949465154359738,0.004599761217832565,0.008004466630518436
rmse,persistence,surface_speed,1830,0.0061080130438009896,0.005179834365844726,0.0079878406599164
rmse,persistence,surface_speed,1840,0.005994955947001775,0.004853555932641029,0.0076080761849880215
rmse,persistence,surface_speed,1850,0.0052418586487571394,0.0035830398090183737,0.007217330392450094
rmse,persistence,surface_speed,1860,0.0050087403350820145,0.0037127180956304075,0.006895121745765209
rmse,persistence,surface_speed,1870,0.0046241052293529115,0.003203581692650914,0.006441727187484502
rmse,persistence,surface_speed,1880,0.0034639520260194936,0.0012894167564809324,0.005808468908071518
rmse,persistence,surface_speed,1890,0.004062210256233811,0.0023296416271477937,0.005874175392091274
rmse,persistence,surface_speed,1900,0.004735863441601396,0.0032756363973021506,0.006314330361783504
rmse,persistence,surface_speed,1910,0.004947503842413425,0.003740064986050129,0.006328813824802637
rmse,persistence,surface_speed,1920,0.005506005448599656,0.0044061335735023025,0.006760897859930992
rmse,persistence,surface_speed,1930,0.005830251735945543,0.004838667437434196,0.00720574539154768
rmse,persistence,surface_speed,1940,0.005888525055100521,0.004921339359134436,0.007243120484054089
rmse,persistence,surface_speed,1950,0.005881830677390098,0.004751720651984215,0.0071145941503345965
rmse,persistence,surface_speed,1960,0.005587353774656852,0.004481740109622478,0.00686678932979703
rmse,persistence,surface_speed,1970,0.005547779984772206,0.004984524566680193,0.006728372629731893
rmse,persistence,surface_speed,1980,0.005602989283700784,0.004995788726955652,0.0065515262074768545
rmse,persistence,surface_speed,1990,0.005161304151018461,0.0044117792509496215,0.0058073695749044415
rmse,persistence,surface_speed,2000,0.005100472581883272,0.004923991486430168,0.005275088641792536
rmse,model,phihyd_surface,0,0.0,0.0,0.0
rmse,model,phihyd_surface,10,0.004234531009569764,0.0035296496003866195,0.004757185094058513
rmse,model,phihyd_surface,20,0.00551808529223005,0.004552555363625288,0.006091558281332255
rmse,model,phihyd_surface,30,0.006259161171813806,0.0053571568801999096,0.006912873219698667
rmse,model,phihyd_surface,40,0.006856806731472413,0.0057116572745144365,0.00742697324603796
rmse,model,phihyd_surface,50,0.007390754763036966,0.005923586804419756,0.008040920644998551
rmse,model,phihyd_surface,60,0.007917124622811874,0.006451009307056665,0.008663543127477169
rmse,model,phihyd_surface,70,0.008367180389662584,0.007032175175845623,0.009102932177484035
rmse,model,phihyd_surface,80,0.008847145301600298,0.007480964530259371,0.009656551852822303
rmse,model,phihyd_surface,90,0.009332788456231356,0.008181700948625803,0.01008907426148653
rmse,model,phihyd_surface,100,0.009813678544014692,0.008632475882768631,0.010719490610063076
rmse,model,phihyd_surface,110,0.010233752988278865,0.008971210941672325,0.011380012892186642
rmse,model,phihyd_surface,120,0.01068109143525362,0.009822099097073078,0.01180965844541788
rmse,model,phihyd_surface,130,0.011213352282842001,0.010611691698431968,0.01240193322300911
rmse,model,phihyd_surface,140,0.011677466705441475,0.011034649796783924,0.013077910430729388
rmse,model,phihyd_surface,150,0.01209189829727014,0.011179530061781406,0.01323546152561903
rmse,model,phihyd_surface,160,0.012712581579883893,0.012040758691728114,0.013769839890301228
rmse,model,phihyd_surface,170,0.013295181654393673,0.012485144846141338,0.014722158946096896
rmse,model,phihyd_surface,180,0.013527695337931316,0.012826653383672237,0.014925212599337101
rmse,model,phihyd_surface,190,0.014002539279560248,0.01329065002501011,0.015521438047289848
rmse,model,phihyd_surface,200,0.01454111294200023,0.01366370338946581,0.01580432802438736
rmse,model,phihyd_surface,210,0.01497438233345747,0.013706725277006625,0.016262142360210417
rmse,model,phihyd_surface,220,0.01542167216539383,0.013842814788222312,0.016787188500165938
rmse,model,phihyd_surface,230,0.016000986844301224,0.014472141303122044,0.017446396872401237
rmse,model,phihyd_surface,240,0.01645275590320428,0.014992573857307434,0.01817313805222511
rmse,model,phihyd_surface,250,0.016853802961607774,0.014884294755756856,0.018510829657316208
rmse,model,phihyd_surface,260,0.017453543841838837,0.01552010327577591,0.01913601942360401
rmse,model,phihyd_surface,270,0.018164655566215514,0.016152418032288552,0.019631149992346764
rmse,model,phihyd_surface,280,0.018745303029815356,0.016509266942739485,0.020425773039460183
rmse,model,phihyd_surface,290,0.01919179633259773,0.016891226544976233,0.020933107286691666
rmse,model,phihyd_surface,300,0.019832669695218404,0.017823579907417297,0.021440719440579414
rmse,model,phihyd_surface,310,0.02063376282652219,0.018677209690213203,0.022625843062996864
rmse,model,phihyd_surface,320,0.021098311245441436,0.018114249408245086,0.022782814130187033
rmse,model,phihyd_surface,330,0.021709348633885385,0.01880900524556637,0.02362797223031521
rmse,model,phihyd_surface,340,0.02259684676925341,0.01958310641348362,0.025060881674289704
rmse,model,phihyd_surface,350,0.023016891504327456,0.01971891224384308,0.025385430455207823
rmse,model,phihyd_surface,360,0.02334830177326997,0.019798646122217177,0.025432978197932242
rmse,model,phihyd_surface,370,0.024094316487510998,0.020689097791910173,0.026311714202165604
rmse,model,phihyd_surface,380,0.024816766132911047,0.02096390649676323,0.027189326658844947
rmse,model,phihyd_surface,390,0.025161593655745187,0.0207652784883976,0.027182269468903543
rmse,model,phihyd_surface,400,0.025590158253908157,0.021199968457221986,0.027650828287005425
rmse,model,phihyd_surface,410,0.026226090267300606,0.02208597883582115,0.028150615841150285
rmse,model,phihyd_surface,420,0.026677774265408516,0.02253672033548355,0.028812304139137268
rmse,model,phihyd_surface,430,0.027137032772103945,0.02280287630856037,0.029240426793694495
rmse,model,phihyd_surface,440,0.027589342494805654,0.02323801815509796,0.029696322232484817
rmse,model,phihyd_surface,450,0.02820116952061653,0.024305108934640884,0.03046148009598255
rmse,model,phihyd_surface,460,0.028431181609630585,0.024472473934292794,0.030704760923981667
rmse,model,phihyd_surface,470,0.02884375527501106,0.025137192755937576,0.030956809967756273
rmse,model,phihyd_surface,480,0.029344958687822022,0.025889408960938453,0.0315023772418499
rmse,model,phihyd_surface,490,0.02975551225244999,0.0263850599527359,0.03171807900071144
rmse,model,phihyd_surface,500,0.03015073649585247,0.026680600270628928,0.032238103449344635
rmse,model,phihyd_surface,510,0.0307214617729187,0.027103469520807267,0.03306907191872597
rmse,model,phihyd_surface,520,0.030898992841442426,0.027580634504556657,0.03302107974886894
rmse,model,phihyd_surface,530,0.031056611239910124,0.02775704488158226,0.03307403028011322
rmse,model,phihyd_surface,540,0.03154613524675369,0.028203318640589715,0.03373657837510109
rmse,model,phihyd_surface,550,0.03183569647371769,0.028225453570485115,0.03457683846354485
rmse,model,phihyd_surface,560,0.031891724467277525,0.028316343575716017,0.03424895778298378
rmse,model,phihyd_surface,570,0.032031136999527615,0.028545305505394934,0.03394558429718018
rmse,model,phihyd_surface,580,0.03223575068016847,0.028812646120786666,0.034283791482448575
rmse,model,phihyd_surface,590,0.03236358960469564,0.028838087618350983,0.03436115384101868
rmse,model,phihyd_surface,600,0.03256039209663868,0.029269610717892646,0.03430945500731468
rmse,model,phihyd_surface,610,0.03280334969361623,0.029346899315714835,0.0345884270966053
rmse,model,phihyd_surface,620,0.03304548499484857,0.02958272658288479,0.03540615886449814
rmse,model,phihyd_surface,630,0.03310258314013481,0.029759567975997925,0.03547082841396332
rmse,model,phihyd_surface,640,0.03325735492010911,0.030592356622219086,0.03546076491475105
rmse,model,phihyd_surface,650,0.03343732059001923,0.030684081837534904,0.03552409708499908
rmse,model,phihyd_surface,660,0.033712324872612956,0.030917354673147202,0.03576882854104042
rmse,model,phihyd_surface,670,0.033997666214903195,0.031377676874399185,0.03607132434844971
rmse,model,phihyd_surface,680,0.03435538063446681,0.0316595084965229,0.03679147213697433
rmse,model,phihyd_surface,690,0.03445429267982642,0.03200404867529869,0.036876209825277326
rmse,model,phihyd_surface,700,0.034581548223892845,0.032182297110557555,0.03703456223011017
rmse,model,phihyd_surface,710,0.03491825188199679,0.03281641751527786,0.037232864648103714
rmse,model,phihyd_surface,720,0.035265946139891945,0.032848963886499404,0.0374014213681221
rmse,model,phihyd_surface,730,0.035349901765584946,0.032644736021757124,0.03743254020810127
rmse,model,phihyd_surface,740,0.035408776998519895,0.03298599198460579,0.037666968256235125
rmse,model,phihyd_surface,750,0.03552274803320567,0.03369811326265335,0.038135371357202526
rmse,model,phihyd_surface,760,0.03568899631500244,0.033694171160459516,0.03811536505818367
rmse,model,phihyd_surface,770,0.03592453996340434,0.033801016956567766,0.03819641247391701
rmse,model,phihyd_surface,780,0.03634300629297892,0.03396733701229095,0.03898088559508324
rmse,model,phihyd_surface,790,0.03651477446158727,0.034367500245571135,0.03936640247702598
rmse,model,phihyd_surface,800,0.036523596942424776,0.03440714627504349,0.03936900570988655
rmse,model,phihyd_surface,810,0.03658240735530853,0.03459105715155601,0.039353500306606296
rmse,model,phihyd_surface,820,0.03676396980881691,0.03474426418542862,0.039326728135347364
rmse,model,phihyd_surface,830,0.03692214787006378,0.03475664407014847,0.039341536909341814
rmse,model,phihyd_surface,840,0.037127533555030824,0.035242331027984616,0.03964482098817825
rmse,model,phihyd_surface,850,0.03747070655226707,0.03561873063445091,0.04046889394521713
rmse,model,phihyd_surface,860,0.037705453236897786,0.03550481572747231,0.040472731739282605
rmse,model,phihyd_surface,870,0.037841480473677316,0.03585223332047462,0.04021093621850014
rmse,model,phihyd_surface,880,0.038099269817272824,0.036080846935510634,0.04023013412952423
rmse,model,phihyd_surface,890,0.03860266009966532,0.03617970123887062,0.04081131294369698
rmse,model,phihyd_surface,900,0.03870868335167567,0.03632098287343979,0.04123043790459633
rmse,model,phihyd_surface,910,0.03875304584701856,0.03643937334418297,0.041269319504499434
rmse,model,phihyd_surface,920,0.038835743069648744,0.03622794598340988,0.0417128287255764
rmse,model,phihyd_surface,930,0.03894396026929219,0.03614136055111885,0.04188964366912842
rmse,model,phihyd_surface,940,0.03893519068757693,0.03604953065514564,0.041510266810655595
rmse,model,phihyd_surface,950,0.03922847658395767,0.0361918568611145,0.041806721687316896
rmse,model,phihyd_surface,960,0.03933193931976954,0.036006850004196164,0.04284868985414505
rmse,model,phihyd_surface,970,0.03932542602221171,0.03603271767497063,0.04289390742778778
rmse,model,phihyd_surface,980,0.039355940123399095,0.03600229173898697,0.04264636486768723
rmse,model,phihyd_surface,990,0.03951200395822525,0.03656069040298462,0.04274742156267166
rmse,model,phihyd_surface,1000,0.03964334055781364,0.03680579513311386,0.04244360327720642
rmse,model,phihyd_surface,1010,0.03963852301239967,0.03684576600790024,0.042284727841615674
rmse,model,phihyd_surface,1020,0.03983904843529065,0.03759190365672112,0.04269632175564766
rmse,model,phihyd_surface,1030,0.040078747520844143,0.037869686633348464,0.043121547996997835
rmse,model,phihyd_surface,1040,0.04007730906208356,0.03750743344426155,0.0424668550491333
rmse,model,phihyd_surface,1050,0.04022813712557157,0.038079417496919635,0.04234527423977852
rmse,model,phihyd_surface,1060,0.04048026874661446,0.039115766435861586,0.0428088940680027
rmse,model,phihyd_surface,1070,0.04055592566728592,0.039153502136468885,0.04297498911619187
rmse,model,phihyd_surface,1080,0.04056621640920639,0.03866658806800842,0.0428760439157486
rmse,model,phihyd_surface,1090,0.040638334055741625,0.038552531599998476,0.04339658617973328
rmse,model,phihyd_surface,1100,0.04074187502264977,0.038613032549619675,0.04342696517705917
rmse,model,phihyd_surface,1110,0.04067989910642306,0.038656074553728104,0.04289053604006767
rmse,model,phihyd_surface,1120,0.0409740520020326,0.039138253033161166,0.043520110100507735
rmse,model,phihyd_surface,1130,0.04129201322793961,0.03915930017828941,0.044394354522228244
rmse,model,phihyd_surface,1140,0.04122630481918653,0.03923139795660972,0.044118335098028184
rmse,model,phihyd_surface,1150,0.041133831193049746,0.03933934792876244,0.04367422237992287
rmse,model,phihyd_surface,1160,0.04147259493668874,0.03968593627214432,0.04398417025804519
rmse,model,phihyd_surface,1170,0.04171532119313876,0.03979204073548317,0.043941371887922284
rmse,model,phihyd_surface,1180,0.04164690052469571,0.039813275635242465,0.04382611140608787
rmse,model,phihyd_surface,1190,0.041691118478775026,0.039505384117364886,0.04425988122820854
rmse,model,phihyd_surface,1200,0.04196486547589302,0.03955443426966667,0.0448992520570755
rmse,model,phihyd_surface,1210,0.04200987815856934,0.03996490687131882,0.04424013271927833
rmse,model,phihyd_surface,1220,0.04215985983610153,0.04071429520845413,0.04435553252696991
rmse,model,phihyd_surface,1230,0.04238303750753403,0.0406001977622509,0.04456258118152619
rmse,model,phihyd_surface,1240,0.04232707594831785,0.04023674502968788,0.044577785581350324
rmse,model,phihyd_surface,1250,0.042243827134370804,0.03972707912325859,0.04471072927117348
rmse,model,phihyd_surface,1260,0.042293388148148855,0.040113261342048644,0.04443894550204277
rmse,model,phihyd_surface,1270,0.04253259499867757,0.0406980387866497,0.04485861361026764
rmse,model,phihyd_surface,1280,0.04249406382441521,0.0407832182943821,0.04493192806839943
rmse,model,phihyd_surface,1290,0.042764302094777426,0.040637920051813124,0.04450848400592804
rmse,model,phihyd_surface,1300,0.043217485398054124,0.041223035752773286,0.045211029797792436
rmse,model,phihyd_surface,1310,0.04332952251036962,0.041200070083141326,0.04620326682925224
rmse,model,phihyd_surface,1320,0.043234824140866594,0.04124453514814377,0.04582898616790772
rmse,model,phihyd_surface,1330,0.0435505710542202,0.041495852172374725,0.045780223608016965
rmse,model,phihyd_surface,1340,0.04382739985982577,0.042473559826612474,0.04629883617162704
rmse,model,phihyd_surface,1350,0.04374866609772046,0.04247129186987877,0.045506172627210614
rmse,model,phihyd_surface,1360,0.04382444570461909,0.04210168495774269,0.04586342945694923
rmse,model,phihyd_surface,1370,0.04421122993032137,0.04257667735219002,0.04626898393034935
rmse,model,phihyd_surface,1380,0.044178476681311925,0.04273893609642983,0.04583888947963714
rmse,model,phihyd_surface,1390,0.04432748878995577,0.04290416538715362,0.045790177583694455
rmse,model,phihyd_surface,1400,0.04468354632457097,0.04317549020051956,0.0458729550242424
rmse,model,phihyd_surface,1410,0.04483060936133067,0.043123791366815566,0.046276354044675824
rmse,model,phihyd_surface,1420,0.044876216600338616,0.04324404671788216,0.04639209285378456
rmse,model,phihyd_surface,1430,0.04504405781626701,0.04330612421035766,0.046987433731555936
rmse,model,phihyd_surface,1440,0.04527809942762057,0.04368261620402336,0.04761862307786942
rmse,model,phihyd_surface,1450,0.04519021982947986,0.04369621649384499,0.047253555804491046
rmse,model,phihyd_surface,1460,0.045429593821366625,0.043444328010082245,0.04772904887795448
rmse,model,phihyd_surface,1470,0.045814644048611325,0.04353416040539741,0.04857025817036629
rmse,model,phihyd_surface,1480,0.04588334957758586,0.04373330324888229,0.048763132840394977
rmse,model,phihyd_surface,1490,0.045826221257448195,0.04318777620792389,0.048666471242904664
rmse,model,phihyd_surface,1500,0.0460590993364652,0.043100333958864215,0.04946690127253532
rmse,model,phihyd_surface,1510,0.04631136084596316,0.04425714164972305,0.049769284576177596
rmse,model,phihyd_surface,1520,0.04633163834611575,0.04434150084853172,0.04916796386241913
rmse,model,phihyd_surface,1530,0.046466957529385886,0.04427254274487495,0.049183773994445804
rmse,model,phihyd_surface,1540,0.04686311980088552,0.04469030424952507,0.049463632702827456
rmse,model,phihyd_surface,1550,0.046902781973282494,0.04514049142599106,0.04906885325908661
rmse,model,phihyd_surface,1560,0.047050491720438,0.045279324799776074,0.04884343072772026
rmse,model,phihyd_surface,1570,0.04736791277925174,0.045358574390411376,0.04887451380491257
rmse,model,phihyd_surface,1580,0.047596030433972675,0.04528790265321732,0.04943382069468498
rmse,model,phihyd_surface,1590,0.0476949284474055,0.04531869888305664,0.04932219013571739
rmse,model,phihyd_surface,1600,0.047766456256310146,0.045453129708766936,0.04944064021110535
rmse,model,phihyd_surface,1610,0.04778439129392306,0.04560514390468597,0.05010852590203285
rmse,model,phihyd_surface,1620,0.04773106450835864,0.04560076594352722,0.04975316897034645
rmse,model,phihyd_surface,1630,0.04794824769099553,0.045990167558193205,0.05003828406333923
rmse,model,phihyd_surface,1640,0.04822797626256943,0.04629585593938827,0.05050590038299561
rmse,model,phihyd_surface,1650,0.048332024614016214,0.04654868319630623,0.05079820677638054
rmse,model,phihyd_surface,1660,0.04838263740142187,0.046292997896671295,0.05051175877451897
rmse,model,phihyd_surface,1670,0.04855297083655993,0.0463630884885788,0.05095787420868873
rmse,model,phihyd_surface,1680,0.04867226630449295,0.046739903092384336,0.05117669105529785
rmse,model,phihyd_surface,1690,0.04871111089984576,0.04674308821558952,0.050854185968637465
rmse,model,phihyd_surface,1700,0.04881649886568387,0.04666152447462082,0.05106742903590202
rmse,model,phihyd_surface,1710,0.048986693223317467,0.04664710685610771,0.05168418511748314
rmse,model,phihyd_surface,1720,0.04894948254028956,0.0465270072221756,0.0514995202422142
rmse,model,phihyd_surface,1730,0.0490916612247626,0.04708984941244125,0.0515549436211586
rmse,model,phihyd_surface,1740,0.04932669972380002,0.047536592930555344,0.05158876553177834
rmse,model,phihyd_surface,1750,0.049443132678667706,0.047938819229602816,0.05157291889190674
rmse,model,phihyd_surface,1760,0.0495433434844017,0.047599023580551146,0.05160387232899666
rmse,model,phihyd_surface,1770,0.04957360401749611,0.04735390841960907,0.05208364874124527
rmse,model,phihyd_surface,1780,0.04956638117631276,0.04726284071803093,0.05260753035545349
rmse,model,phihyd_surface,1790,0.049717337886492415,0.047465958446264264,0.05266296714544296
rmse,model,phihyd_surface,1800,0.0499534214536349,0.04735900238156319,0.05278067886829376
rmse,model,phihyd_surface,1810,0.05013671343525251,0.04699459299445152,0.05317162051796913
rmse,model,phihyd_surface,1820,0.050213763117790224,0.04718802869319916,0.05346398428082466
rmse,model,phihyd_surface,1830,0.05046139980355899,0.047811179608106616,0.05360495448112488
rmse,model,phihyd_surface,1840,0.050699898848930995,0.04810637161135674,0.05358346402645111
rmse,model,phihyd_surface,1850,0.050752194970846175,0.048093269020318984,0.05406928062438965
rmse,model,phihyd_surface,1860,0.050856550534566246,0.04827247783541679,0.05358975976705551
rmse,model,phihyd_surface,1870,0.05115108167131742,0.04864998161792755,0.05427905470132828
rmse,model,phihyd_surface,1880,0.05131692439317703,0.04895892515778542,0.05451831594109535
rmse,model,phihyd_surface,1890,0.05123237123092016,0.04902895390987396,0.054659973829984665
rmse,model,phihyd_surface,1900,0.051432545234759645,0.04882891923189163,0.054328349977731706
rmse,model,phihyd_surface,1910,0.05172240460912387,0.04908088073134422,0.05520205423235893
rmse,model,phihyd_surface,1920,0.05164846430222193,0.0488367386162281,0.05443572103977203
rmse,model,phihyd_surface,1930,0.05161517535646756,0.048153574019670485,0.05434201508760452
rmse,model,phihyd_surface,1940,0.05167500202854474,0.04822807312011719,0.054529426246881486
rmse,model,phihyd_surface,1950,0.05156061376134555,0.04797983542084694,0.054908924549818036
rmse,model,phihyd_surface,1960,0.05167471890648206,0.04859640821814537,0.05533171370625496
rmse,model,phihyd_surface,1970,0.0520407480498155,0.048933280259370805,0.05557233616709709
rmse,model,phihyd_surface,1980,0.05222882926464081,0.04922151938080788,0.05601077005267143
rmse,model,phihyd_surface,1990,0.05221218441923459,0.04923622235655785,0.05641634911298752
rmse,model,phihyd_surface,2000,0.05242157876491547,0.048973523825407025,0.056404534727334976
rmse,climatology,phihyd_surface,0,0.05692157025138537,0.0540118932723999,0.06075506955385208
rmse,climatology,phihyd_surface,10,0.056680009017388025,0.05367028638720513,0.06037708297371864
rmse,climatology,phihyd_surface,20,0.05694338803490003,0.05384332314133644,0.06084540709853172
rmse,climatology,phihyd_surface,30,0.057446611920992534,0.05423908606171608,0.060870414972305296
rmse,climatology,phihyd_surface,40,0.057454103728135426,0.05363750085234642,0.0611496739089489
rmse,climatology,phihyd_surface,50,0.057469504823287325,0.05428253337740898,0.06128906905651092
rmse,climatology,phihyd_surface,60,0.057764495412508644,0.054917764663696286,0.061568853259086606
rmse,climatology,phihyd_surface,70,0.057812611510356264,0.05439188927412033,0.06136211305856704
rmse,climatology,phihyd_surface,80,0.05779709865649541,0.0544616349041462,0.06104524731636047
rmse,climatology,phihyd_surface,90,0.05823042243719101,0.054851552844047545,0.061501675844192506
rmse,climatology,phihyd_surface,100,0.058571910858154295,0.05556148514151573,0.06224257200956344
rmse,climatology,phihyd_surface,110,0.05832597240805626,0.05456456691026688,0.062055636942386624
rmse,climatology,phihyd_surface,120,0.05838046645124753,0.0552049845457077,0.06185265481472015
rmse,climatology,phihyd_surface,130,0.058862271656592684,0.056280724704265594,0.06226893961429596
rmse,climatology,phihyd_surface,140,0.05890630135933558,0.055307308584451674,0.06234569996595383
rmse,climatology,phihyd_surface,150,0.058795631925265,0.055010396242141726,0.06245765537023544
rmse,climatology,phihyd_surface,160,0.059227278580268224,0.055673220008611676,0.06248127669095993
rmse,climatology,phihyd_surface,170,0.0593919758995374,0.05608486458659172,0.06336658149957657
rmse,climatology,phihyd_surface,180,0.05913980553547541,0.05560798794031143,0.06322231292724609
rmse,climatology,phihyd_surface,190,0.05930270453294118,0.05560361742973328,0.06361835449934006
rmse,climatology,phihyd_surface,200,0.05977260222037633,0.0562749944627285,0.06364061832427978
rmse,climatology,phihyd_surface,210,0.05977979078888893,0.055629491060972217,0.06387710720300674
rmse,climatology,phihyd_surface,220,0.059729818751414615,0.05552392974495888,0.0639174908399582
rmse,climatology,phihyd_surface,230,0.05998009741306305,0.05623206943273544,0.06413090825080872
rmse,climatology,phihyd_surface,240,0.060027102132638295,0.056172411888837814,0.06374824345111847
rmse,climatology,phihyd_surface,250,0.05995760038495064,0.055935739725828174,0.06330418288707733
rmse,climatology,phihyd_surface,260,0.060308658083279926,0.056830041110515594,0.0638186901807785
rmse,climatology,phihyd_surface,270,0.06065331523617109,0.05662447139620781,0.06455380767583847
rmse,climatology,phihyd_surface,280,0.060408310343821846,0.055542159080505374,0.06437153369188309
rmse,climatology,phihyd_surface,290,0.060378834356864294,0.05614174604415893,0.06424322873353958
rmse,climatology,phihyd_surface,300,0.060835018505652746,0.05727676749229431,0.06441317796707154
rmse,climatology,phihyd_surface,310,0.06092786093552907,0.05653144121170044,0.06424515843391418
rmse,climatology,phihyd_surface,320,0.06076440364122391,0.05623466148972511,0.06415620446205139
rmse,climatology,phihyd_surface,330,0.06115221704045932,0.057151006907224654,0.06424508988857269
rmse,climatology,phihyd_surface,340,0.06138925676544507,0.05764157474040985,0.0649036094546318
rmse,climatology,phihyd_surface,350,0.06119506061077118,0.05739986523985863,0.06481354087591171
rmse,climatology,phihyd_surface,360,0.06133954251805941,0.05728352516889572,0.06510765999555587
rmse,climatology,phihyd_surface,370,0.061872268964846926,0.05792978852987289,0.06517649292945862
rmse,climatology,phihyd_surface,380,0.06199516380826632,0.057432716339826585,0.06543024182319641
rmse,climatology,phihyd_surface,390,0.06198998764157295,0.05779837444424629,0.06556831300258636
rmse,climatology,phihyd_surface,400,0.062293627361456556,0.058491166681051254,0.06596781015396118
rmse,climatology,phihyd_surface,410,0.062442297488451,0.05825912728905678,0.06599228531122207
rmse,climatology,phihyd_surface,420,0.06242025246222814,0.05794728249311447,0.06558659225702286
rmse,climatology,phihyd_surface,430,0.062762417892615,0.05885829702019692,0.06606810241937637
rmse,climatology,phihyd_surface,440,0.06317219361662865,0.05912090167403221,0.06672806590795517
rmse,climatology,phihyd_surface,450,0.06301639502247175,0.058131230622529985,0.06668462157249451
rmse,climatology,phihyd_surface,460,0.06298208609223366,0.05840150192379952,0.06662967056035995
rmse,climatology,phihyd_surface,470,0.06345696076750755,0.05980171412229538,0.06670883595943451
rmse,climatology,phihyd_surface,480,0.06364863117535909,0.05933931693434715,0.06689698845148087
rmse,climatology,phihyd_surface,490,0.06349440515041352,0.058671087771654126,0.0667315036058426
rmse,climatology,phihyd_surface,500,0.06383654524882634,0.05955568253993988,0.06678965836763381
rmse,climatology,phihyd_surface,510,0.0641077975432078,0.06015075296163559,0.06744753420352936
rmse,climatology,phihyd_surface,520,0.06394057770570119,0.05998289659619331,0.06756779104471207
rmse,climatology,phihyd_surface,530,0.06401904573043188,0.05976750776171684,0.0676952913403511
rmse,climatology,phihyd_surface,540,0.0645153840382894,0.06048252657055855,0.06781647205352784
rmse,climatology,phihyd_surface,550,0.0646311655640602,0.05994043275713921,0.06802677810192108
rmse,climatology,phihyd_surface,560,0.06453656579057375,0.05998754277825356,0.06790613681077957
rmse,climatology,phihyd_surface,570,0.06474194129308065,0.060726483911275865,0.06819631457328797
rmse,climatology,phihyd_surface,580,0.06484273374080658,0.06062316745519638,0.06818518936634063
rmse,climatology,phihyd_surface,590,0.06473097776373228,0.06019945740699768,0.0677907258272171
rmse,climatology,phihyd_surface,600,0.06492720146973928,0.06103810369968414,0.06781469285488129
rmse,climatology,phihyd_surface,610,0.06525187293688456,0.061425799131393434,0.06837361603975296
rmse,climatology,phihyd_surface,620,0.06504991576075554,0.0605489231646061,0.06846066415309907
rmse,climatology,phihyd_surface,630,0.06490104297796885,0.06062305271625519,0.0684202641248703
rmse,climatology,phihyd_surface,640,0.06531135588884354,0.06204385906457901,0.06836063712835312
rmse,climatology,phihyd_surface,650,0.06555694863200187,0.061809518933296205,0.06876436620950699
rmse,climatology,phihyd_surface,660,0.06541104912757874,0.061003798991441725,0.06861963719129563
rmse,climatology,phihyd_surface,670,0.06570803076028824,0.061936506628990175,0.0688043013215065
rmse,climatology,phihyd_surface,680,0.0660092497865359,0.062600277364254,0.0692927896976471
rmse,climatology,phihyd_surface,690,0.0658518247306347,0.06251320242881775,0.06977245509624481
rmse,climatology,phihyd_surface,700,0.06584160402417183,0.06241929233074188,0.06980532109737396
rmse,climatology,phihyd_surface,710,0.06630083546042442,0.06296867281198501,0.06997156739234925
rmse,climatology,phihyd_surface,720,0.06648046374320984,0.062468376755714414,0.07018117904663086
rmse,climatology,phihyd_surface,730,0.06641964713732401,0.06260938346385955,0.07019177228212356
rmse,climatology,phihyd_surface,740,0.06664885804057122,0.06345040500164031,0.07059156149625778
rmse,climatology,phihyd_surface,750,0.06683835089206695,0.06345011740922928,0.0707003727555275
rmse,climatology,phihyd_surface,760,0.06681650504469872,0.06288141608238221,0.07037393897771835
rmse,climatology,phihyd_surface,770,0.06707796951134999,0.0636759877204895,0.07060198932886123
rmse,climatology,phihyd_surface,780,0.06754937469959259,0.06427071988582611,0.07117386013269425
rmse,climatology,phihyd_surface,790,0.06753469879428546,0.06359432190656662,0.07149288803339005
rmse,climatology,phihyd_surface,800,0.06743075003226598,0.06349241882562637,0.07149431854486465
rmse,climatology,phihyd_surface,810,0.06782886336247126,0.0648969516158104,0.0713901087641716
rmse,climatology,phihyd_surface,820,0.06812459776798883,0.06491313874721527,0.0719097688794136
rmse,climatology,phihyd_surface,830,0.06798334966103235,0.06410926282405853,0.07158269584178925
rmse,climatology,phihyd_surface,840,0.06821932643651962,0.06457338482141495,0.07177293300628662
rmse,climatology,phihyd_surface,850,0.06853639433781306,0.06560182124376297,0.07200665324926377
rmse,climatology,phihyd_surface,860,0.06839062025149663,0.0655621588230133,0.07204246073961258
rmse,climatology,phihyd_surface,870,0.06830141643683116,0.06521108746528625,0.07175869345664979
rmse,climatology,phihyd_surface,880,0.06871830274661382,0.06573315560817719,0.07197325229644776
rmse,climatology,phihyd_surface,890,0.06895308246215184,0.06555509567260742,0.07220278680324554
rmse,climatology,phihyd_surface,900,0.06890016992886862,0.06515448391437531,0.07240539491176605
rmse,climatology,phihyd_surface,910,0.06908411085605622,0.06562727093696594,0.07289955019950867
rmse,climatology,phihyd_surface,920,0.06925471325715384,0.06586232334375382,0.07299630343914032
rmse,climatology,phihyd_surface,930,0.06918003112077713,0.06542624533176422,0.0726561963558197
rmse,climatology,phihyd_surface,940,0.0693193236986796,0.06592341363430024,0.0728282243013382
rmse,climatology,phihyd_surface,950,0.06971457004547119,0.06607861071825027,0.07327287346124649
rmse,climatology,phihyd_surface,960,0.06969102174043655,0.0654661476612091,0.07342355102300643
rmse,climatology,phihyd_surface,970,0.0695037176211675,0.06514701396226882,0.07324914932250977
rmse,climatology,phihyd_surface,980,0.06981508036454519,0.06634537130594254,0.07320066839456559
rmse,climatology,phihyd_surface,990,0.07012118597825369,0.06629467904567718,0.07356815040111542
rmse,climatology,phihyd_surface,1000,0.06997173925240835,0.06553266793489457,0.07312462031841278
rmse,climatology,phihyd_surface,1010,0.07013312727212906,0.06612063795328141,0.07337591648101807
rmse,climatology,phihyd_surface,1020,0.07049078692992529,0.06641355156898499,0.07354060113430023
rmse,climatology,phihyd_surface,1030,0.07044793864091238,0.06647260189056396,0.07415570914745331
rmse,climatology,phihyd_surface,1040,0.07039273877938589,0.0662717029452324,0.07396337389945984
rmse,climatology,phihyd_surface,1050,0.07083370685577392,0.06690557450056075,0.07427409887313843
rmse,climatology,phihyd_surface,1060,0.07115377386411031,0.06656282246112824,0.07435140013694763
rmse,climatology,phihyd_surface,1070,0.07115020056565603,0.06656177788972854,0.07457352876663208
rmse,climatology,phihyd_surface,1080,0.07136312127113342,0.0672287479043007,0.07503714859485626
rmse,climatology,phihyd_surface,1090,0.07162613968054453,0.06766646653413773,0.07524458318948746
rmse,climatology,phihyd_surface,1100,0.07162835896015167,0.06683275401592255,0.07495339214801788
rmse,climatology,phihyd_surface,1110,0.07176018158594767,0.0674424096941948,0.07487977892160416
rmse,climatology,phihyd_surface,1120,0.07214866628249486,0.06819974184036255,0.07515641003847122
rmse,climatology,phihyd_surface,1130,0.0721589187781016,0.06770756095647812,0.0756022185087204
rmse,climatology,phihyd_surface,1140,0.07193963478008907,0.0672881320118904,0.07532519549131393
rmse,climatology,phihyd_surface,1150,0.07222985476255417,0.06845470666885375,0.07507137507200241
rmse,climatology,phihyd_surface,1160,0.07262792686621349,0.06881829798221588,0.075775246322155
rmse,climatology,phihyd_surface,1170,0.0725602368513743,0.06795705556869507,0.07545194029808044
rmse,climatology,phihyd_surface,1180,0.07267973969380061,0.06841475367546082,0.07571099996566773
rmse,climatology,phihyd_surface,1190,0.07305443336566289,0.06912154108285903,0.07585675716400146
rmse,climatology,phihyd_surface,1200,0.07307509630918503,0.06922845393419266,0.07665702700614929
rmse,climatology,phihyd_surface,1210,0.07298866808414459,0.06899158805608749,0.07622971087694168
rmse,climatology,phihyd_surface,1220,0.0733256995677948,0.06940837055444718,0.07653092294931411
rmse,climatology,phihyd_surface,1230,0.07354893386363984,0.06924781948328018,0.07654089331626893
rmse,climatology,phihyd_surface,1240,0.07337459127108256,0.06899127215147019,0.07672089487314224
rmse,climatology,phihyd_surface,1250,0.0733867809176445,0.06964316219091415,0.07682103514671326
rmse,climatology,phihyd_surface,1260,0.07356307407220204,0.07008877992630005,0.07694344073534012
rmse,climatology,phihyd_surface,1270,0.07354514598846436,0.06935083419084549,0.07673077434301376
rmse,climatology,phihyd_surface,1280,0.07363764892021815,0.06978769749403,0.0767656609416008
rmse,climatology,phihyd_surface,1290,0.0740376055240631,0.07045051455497742,0.0768529400229454
rmse,climatology,phihyd_surface,1300,0.07414656480153402,0.07014208137989045,0.07739941924810409
rmse,climatology,phihyd_surface,1310,0.07393090526262919,0.06961499154567719,0.07712427824735642
rmse,climatology,phihyd_surface,1320,0.07412738154331842,0.0706562876701355,0.07703469395637512
rmse,climatology,phihyd_surface,1330,0.07448959946632386,0.07122593224048615,0.07759877890348435
rmse,climatology,phihyd_surface,1340,0.0744293769200643,0.07043402493000031,0.07739463150501251
rmse,climatology,phihyd_surface,1350,0.0744918887813886,0.07071377038955688,0.07767269164323806
rmse,climatology,phihyd_surface,1360,0.07486753116051356,0.07150282114744186,0.07777639478445053
rmse,climatology,phihyd_surface,1370,0.07490825851758322,0.07176849097013474,0.07856562733650208
rmse,climatology,phihyd_surface,1380,0.07477229287226995,0.07154101282358169,0.07829537093639374
rmse,climatology,phihyd_surface,1390,0.07507073581218719,0.07189963310956955,0.07867537289857865
rmse,climatology,phihyd_surface,1400,0.07540774991114935,0.07191538959741592,0.07871362715959548
rmse,climatology,phihyd_surface,1410,0.07538889149824778,0.0717790737748146,0.07894333302974701
rmse,climatology,phihyd_surface,1420,0.07548548579216004,0.07243122905492783,0.07915873974561691
rmse,climatology,phihyd_surface,1430,0.07573437094688415,0.07300751954317093,0.07938239872455596
rmse,climatology,phihyd_surface,1440,0.07575590014457703,0.07233449816703796,0.07928234785795212
rmse,climatology,phihyd_surface,1450,0.07581512828667959,0.07261932641267776,0.07917832732200622
rmse,climatology,phihyd_surface,1460,0.07622155050436656,0.07301418781280518,0.07956441938877105
rmse,climatology,phihyd_surface,1470,0.076456784705321,0.07348747253417968,0.08020341843366623
rmse,climatology,phihyd_surface,1480,0.0763171891371409,0.07286379784345627,0.08004744797945022
rmse,climatology,phihyd_surface,1490,0.07649621764818827,0.07366715669631958,0.07992962151765823
rmse,climatology,phihyd_surface,1500,0.07687220325072606,0.07423707246780395,0.08038027882575989
rmse,climatology,phihyd_surface,1510,0.07683821072181066,0.07331745326519012,0.08023654520511628
rmse,climatology,phihyd_surface,1520,0.07682551294565201,0.07325226068496704,0.08038118034601212
rmse,climatology,phihyd_surface,1530,0.077163465321064,0.0741541862487793,0.08037637025117875
rmse,climatology,phihyd_surface,1540,0.07720060497522355,0.07404913604259492,0.0809181272983551
rmse,climatology,phihyd_surface,1550,0.0770004466176033,0.07363619208335877,0.08032764047384262
rmse,climatology,phihyd_surface,1560,0.07721679260333379,0.07417798042297363,0.08075584471225739
rmse,climatology,phihyd_surface,1570,0.07757302075624466,0.07428430765867233,0.08081723898649215
rmse,climatology,phihyd_surface,1580,0.07757673064867655,0.07395322322845459,0.08113281577825546
rmse,climatology,phihyd_surface,1590,0.07763385673364004,0.07408267557621002,0.08136717975139618
rmse,climatology,phihyd_surface,1600,0.07787857204675674,0.07461673468351364,0.08160435557365417
rmse,climatology,phihyd_surface,1610,0.07791258146365483,0.07438546866178512,0.08140158355236053
rmse,climatology,phihyd_surface,1620,0.07791242301464081,0.07444216758012771,0.08108875155448914
rmse,climatology,phihyd_surface,1630,0.07823084046443303,0.07487311810255051,0.08152918964624405
rmse,climatology,phihyd_surface,1640,0.07844077597061792,0.0747852623462677,0.08203520923852921
rmse,climatology,phihyd_surface,1650,0.07824296901623408,0.07407883256673813,0.08163137584924698
rmse,climatology,phihyd_surface,1660,0.07831674963235855,0.0747125118970871,0.08158945888280869
rmse,climatology,phihyd_surface,1670,0.07868469456831614,0.07535350024700165,0.08182039856910706
rmse,climatology,phihyd_surface,1680,0.07871209780375163,0.07461183071136475,0.081662879884243
rmse,climatology,phihyd_surface,1690,0.07867238720258077,0.07469270080327987,0.08177667111158371
rmse,climatology,phihyd_surface,1700,0.0790339931845665,0.07525292038917542,0.0818263366818428
rmse,climatology,phihyd_surface,1710,0.07919730991125107,0.07543612569570542,0.08244438916444778
rmse,climatology,phihyd_surface,1720,0.07909093002478282,0.07522009760141372,0.0824307844042778
rmse,climatology,phihyd_surface,1730,0.07932202766338985,0.07536506056785583,0.08287565857172012
rmse,climatology,phihyd_surface,1740,0.07975259721279145,0.07571159452199935,0.08295485824346542
rmse,climatology,phihyd_surface,1750,0.07984561920166015,0.0754326418042183,0.08320118635892867
rmse,climatology,phihyd_surface,1760,0.07992210288842519,0.07587989866733551,0.08341194540262223
rmse,climatology,phihyd_surface,1770,0.08020233164230982,0.076484052836895,0.08368216156959533
rmse,climatology,phihyd_surface,1780,0.08029500097036361,0.07606295496225357,0.08363444507122039
rmse,climatology,phihyd_surface,1790,0.08029505411783854,0.07594126760959626,0.08326652348041534
rmse,climatology,phihyd_surface,1800,0.080582195520401,0.07670546621084214,0.08344512283802033
rmse,climatology,phihyd_surface,1810,0.08082535962263743,0.07686355262994767,0.08389799147844315
rmse,climatology,phihyd_surface,1820,0.08065820087989171,0.0761458307504654,0.08381610810756683
rmse,climatology,phihyd_surface,1830,0.08071261445681253,0.07659720033407211,0.08375120759010315
rmse,climatology,phihyd_surface,1840,0.08112095048030217,0.07756310254335404,0.08392696529626846
rmse,climatology,phihyd_surface,1850,0.08123307625452678,0.07704231441020966,0.0840674802660942
rmse,climatology,phihyd_surface,1860,0.08116287887096404,0.0767599567770958,0.08408184051513672
rmse,climatology,phihyd_surface,1870,0.08148393879334132,0.07745583802461624,0.08414220064878464
rmse,climatology,phihyd_surface,1880,0.08167717109123866,0.07786711752414703,0.0846978023648262
rmse,climatology,phihyd_surface,1890,0.08155357191960017,0.0776984602212906,0.08474824577569962
rmse,climatology,phihyd_surface,1900,0.08165500412384669,0.07773183435201644,0.08486632406711578
rmse,climatology,phihyd_surface,1910,0.08196439445018769,0.0781221017241478,0.08486697971820831
rmse,climatology,phihyd_surface,1920,0.08193000058333079,0.07767378985881805,0.08507666885852813
rmse,climatology,phihyd_surface,1930,0.08183421144882838,0.07800686508417129,0.08501246720552444
rmse,climatology,phihyd_surface,1940,0.08201277901728948,0.07864661961793899,0.08517699092626571
rmse,climatology,phihyd_surface,1950,0.0820940429965655,0.07832285910844802,0.08526203483343124
rmse,climatology,phihyd_surface,1960,0.08207200318574906,0.07811755686998367,0.08503737300634384
rmse,climatology,phihyd_surface,1970,0.08233088652292887,0.07884961813688278,0.0850958302617073
rmse,climatology,phihyd_surface,1980,0.08263024489084879,0.07913771271705627,0.0856183111667633
rmse,climatology,phihyd_surface,1990,0.08250818898280461,0.07845491915941238,0.08562885224819183
rmse,climatology,phihyd_surface,2000,0.0824887494246165,0.07873230576515197,0.08563082069158554
rmse,persistence,phihyd_surface,0,0.0,0.0,0.0
rmse,persistence,phihyd_surface,10,0.010350699505458276,0.007396924961358309,0.012786458991467953
rmse,persistence,phihyd_surface,20,0.014682069482902686,0.011606127209961414,0.017236204445362092
rmse,persistence,phihyd_surface,30,0.01813393794000149,0.015945703163743018,0.021325619891285896
rmse,persistence,phihyd_surface,40,0.023417344068487486,0.018077804893255233,0.026974673941731454
rmse,persistence,phihyd_surface,50,0.02690871643523375,0.0225798349827528,0.030930523574352265
rmse,persistence,phihyd_surface,60,0.029418931528925895,0.026224426552653314,0.03442290276288986
rmse,persistence,phihyd_surface,70,0.030977992216746013,0.02609020732343197,0.035264651477336886
rmse,persistence,phihyd_surface,80,0.031150045742591222,0.026520409807562827,0.03484172448515892
rmse,persistence,phihyd_surface,90,0.03239365803698699,0.029249688237905504,0.03540579527616501
rmse,persistence,phihyd_surface,100,0.03225948164860407,0.02844003662467003,0.03502363786101341
rmse,persistence,phihyd_surface,110,0.028799115493893624,0.02590886726975441,0.03185688331723213
rmse,persistence,phihyd_surface,120,0.027389134963353476,0.02412121444940567,0.03053924851119518
rmse,persistence,phihyd_surface,130,0.02531686139603456,0.02194419503211975,0.028098203241825104
rmse,persistence,phihyd_surface,140,0.019774264097213744,0.017686392366886138,0.021753213927149774
rmse,persistence,phihyd_surface,150,0.01693753395229578,0.014315492659807205,0.019125309959053993
rmse,persistence,phihyd_surface,160,0.013396045689781507,0.011218058504164219,0.015376081690192223
rmse,persistence,phihyd_surface,170,0.006632236142953237,0.004543252196162939,0.009211843088269233
rmse,persistence,phihyd_surface,180,0.011823307691762845,0.008746748976409436,0.014190986566245557
rmse,persistence,phihyd_surface,190,0.016097692027688026,0.012788659147918224,0.01925821602344513
rmse,persistence,phihyd_surface,200,0.019039624805251756,0.016452279686927796,0.022971908375620843
rmse,persistence,phihyd_surface,210,0.024049313987294832,0.018796714767813683,0.02754022292792797
rmse,persistence,phihyd_surface,220,0.027587907885511718,0.023236847296357156,0.03174922987818718
rmse,persistence,phihyd_surface,230,0.030012928321957587,0.026738087832927703,0.03505796864628792
rmse,persistence,phihyd_surface,240,0.031689587111274405,0.026756518334150315,0.03599748238921165
rmse,persistence,phihyd_surface,250,0.03183698778351148,0.026816593855619433,0.035109365731477736
rmse,persistence,phihyd_surface,260,0.03293548077344895,0.029743649438023566,0.03579128310084343
rmse,persistence,phihyd_surface,270,0.03314891681075096,0.02931418754160404,0.03606499060988426
rmse,persistence,phihyd_surface,280,0.029847001532713573,0.0267690934240818,0.03242136910557747
rmse,persistence,phihyd_surface,290,0.028183861325184505,0.025087203085422515,0.031074604764580727
rmse,persistence,phihyd_surface,300,0.02646376925210158,0.02315697483718395,0.029269886016845704
rmse,persistence,phihyd_surface,310,0.021231967210769653,0.019354835525155066,0.02302424907684326
rmse,persistence,phihyd_surface,320,0.018106472430129847,0.015506014041602612,0.01979845352470875
rmse,persistence,phihyd_surface,330,0.01524729256828626,0.013539195992052555,0.017163263633847237
rmse,persistence,phihyd_surface,340,0.009172300497690836,0.008277679421007633,0.010142106376588345
rmse,persistence,phihyd_surface,350,0.012626016202072302,0.010895662382245064,0.01424255259335041
rmse,persistence,phihyd_surface,360,0.016900581556061903,0.014311446994543075,0.019180769473314284
rmse,persistence,phihyd_surface,370,0.019475867599248887,0.01741660721600056,0.02277185507118702
rmse,persistence,phihyd_surface,380,0.024261447663108508,0.019709407538175582,0.027329936623573303
rmse,persistence,phihyd_surface,390,0.027897535264492034,0.023581895604729654,0.031319548934698106
rmse,persistence,phihyd_surface,400,0.030309210593501727,0.02748127430677414,0.03459388166666031
rmse,persistence,phihyd_surface,410,0.03214511411885421,0.027954702824354173,0.035905007272958755
rmse,persistence,phihyd_surface,420,0.03233402135471503,0.02764187306165695,0.035950297862291335
rmse,persistence,phihyd_surface,430,0.033307912200689314,0.030546346306800844,0.035950638353824615
rmse,persistence,phihyd_surface,440,0.03383823161323865,0.03021205998957157,0.0365279532968998
rmse,persistence,phihyd_surface,450,0.030779794106880823,0.027307901158928873,0.032785499840974806
rmse,persistence,phihyd_surface,460,0.02894703547159831,0.026230430975556374,0.03116188570857048
rmse,persistence,phihyd_surface,470,0.02760178173581759,0.02469240389764309,0.030172185972332954
rmse,persistence,phihyd_surface,480,0.02272682897746563,0.020048889517784118,0.02528516240417957
rmse,persistence,phihyd_surface,490,0.019417044272025428,0.016272091865539552,0.021892016753554344
rmse,persistence,phihyd_surface,500,0.017260719339052835,0.015129698440432549,0.01884107030928135
rmse,persistence,phihyd_surface,510,0.011779833336671193,0.009526276774704457,0.013660268858075142
rmse,persistence,phihyd_surface,520,0.01391870112468799,0.012113799154758454,0.015439272671937943
rmse,persistence,phihyd_surface,530,0.018156616762280465,0.015942785143852233,0.02013680264353752
rmse,persistence,phihyd_surface,540,0.020421225329240164,0.018827595934271812,0.022957587242126466
rmse,persistence,phihyd_surface,550,0.024809945747256278,0.02096293680369854,0.027190107852220535
rmse,persistence,phihyd_surface,560,0.02843542570869128,0.023658309131860733,0.03112570159137249
rmse,persistence,phihyd_surface,570,0.030779243633151054,0.027541660144925116,0.03446303009986877
rmse,persistence,phihyd_surface,580,0.03265571718414625,0.02897219583392143,0.03620849773287773
rmse,persistence,phihyd_surface,590,0.032802363485097887,0.027523193135857583,0.03677690252661705
rmse,persistence,phihyd_surface,600,0.033551944916447,0.030697905272245408,0.03678645119071007
rmse,persistence,phihyd_surface,610,0.03424744568765163,0.0310493066906929,0.03741757646203041
rmse,persistence,phihyd_surface,620,0.03135509664813677,0.027554421871900558,0.03337596729397774
rmse,persistence,phihyd_surface,630,0.02914568061629931,0.026937657967209816,0.03138257786631584
rmse,persistence,phihyd_surface,640,0.02790232685705026,0.024986476078629492,0.030949989333748817
rmse,persistence,phihyd_surface,650,0.023206911236047744,0.021199171990156175,0.025984431430697442
rmse,persistence,phihyd_surface,660,0.019351106509566306,0.01687808334827423,0.020489643141627312
rmse,persistence,phihyd_surface,670,0.01725222890575727,0.01557402554899454,0.01944032162427902
rmse,persistence,phihyd_surface,680,0.01146235807488362,0.010601694881916045,0.012516424432396889
rmse,persistence,phihyd_surface,690,0.012502745849390824,0.011320210061967373,0.013603144697844982
rmse,persistence,phihyd_surface,700,0.017156605236232282,0.014448689110577107,0.019511164724826814
rmse,persistence,phihyd_surface,710,0.019412266835570336,0.01696406714618206,0.022555357590317727
rmse,persistence,phihyd_surface,720,0.023811874662836394,0.019789475202560424,0.02680824026465416
rmse,persistence,phihyd_surface,730,0.027788942307233812,0.022916229069232942,0.0312685176730156
rmse,persistence,phihyd_surface,740,0.030279692262411118,0.027352772653102875,0.03478817045688629
rmse,persistence,phihyd_surface,750,0.03238491391142209,0.028307559341192244,0.036872217804193495
rmse,persistence,phihyd_surface,760,0.03279062112172445,0.027859998121857642,0.03653308302164078
rmse,persistence,phihyd_surface,770,0.033523587385813396,0.030944444611668585,0.0361083023250103
rmse,persistence,phihyd_surface,780,0.03455326197048028,0.0312642939388752,0.037987370043992996
rmse,persistence,phihyd_surface,790,0.03215041520694892,0.028641016408801078,0.034128396213054656
rmse,persistence,phihyd_surface,800,0.029822831973433495,0.0277636643499136,0.03217482194304466
rmse,persistence,phihyd_surface,810,0.02892669936021169,0.026167741790413857,0.03215961307287216
rmse,persistence,phihyd_surface,820,0.024883761753638586,0.023523998633027076,0.027094386145472528
rmse,persistence,phihyd_surface,830,0.02104124240577221,0.01915645822882652,0.022344033047556878
rmse,persistence,phihyd_surface,840,0.019507469485203426,0.018181844055652617,0.021229855343699457
rmse,persistence,phihyd_surface,850,0.01483286488801241,0.013707287609577179,0.01598438769578934
rmse,persistence,phihyd_surface,860,0.014957618713378907,0.013781049847602844,0.015947993099689483
rmse,persistence,phihyd_surface,870,0.019233235840996107,0.01630372926592827,0.021268192678689957
rmse,persistence,phihyd_surface,880,0.021335350597898164,0.019196679070591926,0.024101774767041208
rmse,persistence,phihyd_surface,890,0.025222550829251608,0.0218167319893837,0.027693600952625276
rmse,persistence,phihyd_surface,900,0.029157927880684536,0.02413007952272892,0.03260806500911713
rmse,persistence,phihyd_surface,910,0.031583875169356665,0.028506096079945566,0.036103449016809466
rmse,persistence,phihyd_surface,920,0.033679926147063576,0.029720456898212434,0.038388483226299286
rmse,persistence,phihyd_surface,930,0.034199609359105425,0.02950829789042473,0.03808400928974152
rmse,persistence,phihyd_surface,940,0.0347293737034003,0.03197851777076721,0.037156792730093
rmse,persistence,phihyd_surface,950,0.03583508481582006,0.032860317081212995,0.0392012894153595
rmse,persistence,phihyd_surface,960,0.0338437436769406,0.03047347590327263,0.03581198155879974
rmse,persistence,phihyd_surface,970,0.03130990937352181,0.029526497051119805,0.03358913511037827
rmse,persistence,phihyd_surface,980,0.030522485822439195,0.027942517027258872,0.03377858325839043
rmse,persistence,phihyd_surface,990,0.026986476530631385,0.02586021237075329,0.029140901193022727
rmse,persistence,phihyd_surface,1000,0.02300859900812308,0.0212261576205492,0.02482767589390278
rmse,persistence,phihyd_surface,1010,0.02168862596154213,0.020151391625404358,0.023360245302319525
rmse,persistence,phihyd_surface,1020,0.01768081064025561,0.0171160988509655,0.018340934067964554
rmse,persistence,phihyd_surface,1030,0.016994884982705117,0.01616986617445946,0.017573219910264015
rmse,persistence,phihyd_surface,1040,0.020957665145397188,0.019063057005405427,0.022584790363907814
rmse,persistence,phihyd_surface,1050,0.022972481325268745,0.021084192395210265,0.02478027381002903
rmse,persistence,phihyd_surface,1060,0.026383720462520917,0.024433116987347604,0.028462260589003564
rmse,persistence,phihyd_surface,1070,0.030296813199917474,0.026173819229006766,0.03253033384680748
rmse,persistence,phihyd_surface,1080,0.0327301266292731,0.02992173843085766,0.03573865592479706
rmse,persistence,phihyd_surface,1090,0.03486239661773046,0.03127204589545727,0.03828358948230744
rmse,persistence,phihyd_surface,1100,0.03556743400792281,0.0317968737334013,0.039331696927547455
rmse,persistence,phihyd_surface,1110,0.03596480712294579,0.033515043556690216,0.03838248401880264
rmse,persistence,phihyd_surface,1120,0.037135319660107295,0.0341089703142643,0.039860257506370546
rmse,persistence,phihyd_surface,1130,0.03558195742468039,0.03210391849279404,0.038269539922475816
rmse,persistence,phihyd_surface,1140,0.03294844689468543,0.031129085272550584,0.035710010677576065
rmse,persistence,phihyd_surface,1150,0.03229650172094504,0.029419141262769698,0.03467889279127121
rmse,persistence,phihyd_surface,1160,0.029325086747606595,0.027425892651081085,0.03185852020978928
rmse,persistence,phihyd_surface,1170,0.025359415511290232,0.0223335362970829,0.028381716459989548
rmse,persistence,phihyd_surface,1180,0.02420365735888481,0.021629226580262183,0.02570384293794632
rmse,persistence,phihyd_surface,1190,0.02083688465257486,0.01897690035402775,0.02256788909435272
rmse,persistence,phihyd_surface,1200,0.019511843596895537,0.0172846969217062,0.021360153332352638
rmse,persistence,phihyd_surface,1210,0.022966912885506948,0.020974411442875863,0.024698641523718833
rmse,persistence,phihyd_surface,1220,0.024843873580296834,0.022842638567090033,0.026731425896286964
rmse,persistence,phihyd_surface,1230,0.02760617497066657,0.025643230974674226,0.028858735412359237
rmse,persistence,phihyd_surface,1240,0.031217039624849955,0.026956301555037497,0.03401622697710991
rmse,persistence,phihyd_surface,1250,0.03349475661913554,0.030190344899892807,0.036481267958879474
rmse,persistence,phihyd_surface,1260,0.03548291996121407,0.032463391125202176,0.038763925433158875
rmse,persistence,phihyd_surface,1270,0.03622281079490979,0.031922328472137454,0.03985166549682617
rmse,persistence,phihyd_surface,1280,0.036391102025906244,0.03295055627822876,0.039516917616128924
rmse,persistence,phihyd_surface,1290,0.03749302874008815,0.0346080906689167,0.040562228113412854
rmse,persistence,phihyd_surface,1300,0.03630220418175061,0.03311789929866791,0.0390614002943039
rmse,persistence,phihyd_surface,1310,0.03343285756806533,0.03145480751991272,0.03595082312822342
rmse,persistence,phihyd_surface,1320,0.032589850823084514,0.029781357571482658,0.03559354543685913
rmse,persistence,phihyd_surface,1330,0.02989503207306067,0.027891645580530165,0.03225742280483246
rmse,persistence,phihyd_surface,1340,0.025670175378521284,0.023810719326138496,0.0273789893835783
rmse,persistence,phihyd_surface,1350,0.024315149709582328,0.02264484167098999,0.02601938582956791
rmse,persistence,phihyd_surface,1360,0.021203271547953286,0.02033059261739254,0.02229989655315876
rmse,persistence,phihyd_surface,1370,0.019202544912695886,0.01877475716173649,0.019582315534353256
rmse,persistence,phihyd_surface,1380,0.022489376117785773,0.020821575820446015,0.024073277413845063
rmse,persistence,phihyd_surface,1390,0.024583929404616355,0.022653133794665336,0.026606502011418343
rmse,persistence,phihyd_surface,1400,0.027215592687328656,0.02533154934644699,0.02960168309509754
rmse,persistence,phihyd_surface,1410,0.031093947341044745,0.0266569834202528,0.03389505669474602
rmse,persistence,phihyd_surface,1420,0.033645895992716154,0.030564599111676215,0.03676505908370018
rmse,persistence,phihyd_surface,1430,0.0357648362716039,0.03293171301484108,0.039831303805112836
rmse,persistence,phihyd_surface,1440,0.03684091418981552,0.032830819487571716,0.04065527021884918
rmse,persistence,phihyd_surface,1450,0.0370574839413166,0.0335024282336235,0.039977063238620755
rmse,persistence,phihyd_surface,1460,0.03824445257584254,0.0353177398443222,0.04120759069919586
rmse,persistence,phihyd_surface,1470,0.03765382294853528,0.03486190885305405,0.0402582012116909
rmse,persistence,phihyd_surface,1480,0.034933980802694956,0.03284262642264366,0.03736530691385269
rmse,persistence,phihyd_surface,1490,0.0341662493844827,0.031553083658218385,0.03738127425312996
rmse,persistence,phihyd_surface,1500,0.032110923528671266,0.029645298421382905,0.034032905101776124
rmse,persistence,phihyd_surface,1510,0.0281651146709919,0.027085895463824273,0.029747981205582617
rmse,persistence,phihyd_surface,1520,0.026868043715755144,0.025429175421595573,0.02878973223268986
rmse,persistence,phihyd_surface,1530,0.02449548455576102,0.023230791091918945,0.025754736363887788
rmse,persistence,phihyd_surface,1540,0.02231584439675013,0.021364734321832658,0.022994916886091232
rmse,persistence,phihyd_surface,1550,0.024981815616289774,0.023270606994628906,0.02631976790726185
rmse,persistence,phihyd_surface,1560,0.027098532890280087,0.02522239610552788,0.02920087017118931
rmse,persistence,phihyd_surface,1570,0.02928162068128586,0.02731477953493595,0.03196834772825241
rmse,persistence,phihyd_surface,1580,0.03290397773186366,0.028763041645288468,0.03551953658461571
rmse,persistence,phihyd_surface,1590,0.0354120671749115,0.03221976384520531,0.03863311111927033
rmse,persistence,phihyd_surface,1600,0.03739361936847369,0.03485353216528893,0.04133057519793511
rmse,persistence,phihyd_surface,1610,0.03857641418774923,0.03461407572031021,0.04188809171319008
rmse,persistence,phihyd_surface,1620,0.038680987308422725,0.03489893153309822,0.04138498902320862
rmse,persistence,phihyd_surface,1630,0.03969701627890269,0.036758401244878766,0.042188648134469986
rmse,persistence,phihyd_surface,1640,0.03945685451229413,0.03669230118393898,0.041643678396940234
rmse,persistence,phihyd_surface,1650,0.036755284667015074,0.03459167182445526,0.03889143243432045
rmse,persistence,phihyd_surface,1660,0.03580593690276146,0.03328031152486801,0.038167980313301084
rmse,persistence,phihyd_surface,1670,0.03415146693587303,0.03202773481607437,0.03612881526350975
rmse,persistence,phihyd_surface,1680,0.030322078118721642,0.028577010333538055,0.0320955827832222
rmse,persistence,phihyd_surface,1690,0.02885657859345277,0.027242830023169518,0.03000202439725399
rmse,persistence,phihyd_surface,1700,0.02696369377275308,0.026158251613378525,0.0279059961438179
rmse,persistence,phihyd_surface,1710,0.02458608311911424,0.023529157787561417,0.025061845034360885
rmse,persistence,phihyd_surface,1720,0.026765187457203864,0.025998124852776527,0.02760164365172386
rmse,persistence,phihyd_surface,1730,0.028983137011528014,0.027615639567375182,0.03012275882065296
rmse,persistence,phihyd_surface,1740,0.030864309147000314,0.029764655232429504,0.03243262320756912
rmse,persistence,phihyd_surface,1750,0.03430485191444556,0.031214124336838723,0.036385031044483186
rmse,persistence,phihyd_surface,1760,0.036879801253477736,0.0340864971280098,0.03917422369122505
rmse,persistence,phihyd_surface,1770,0.038825121521949765,0.036670492589473726,0.04137157574295998
rmse,persistence,phihyd_surface,1780,0.040173110117514926,0.03742381110787392,0.04296167269349098
rmse,persistence,phihyd_surface,1790,0.04028906871875127,0.03697692379355431,0.04323727488517761
rmse,persistence,phihyd_surface,1800,0.0411929560204347,0.038957276940345766,0.04339001402258873
rmse,persistence,phihyd_surface,1810,0.0413031667470932,0.0385241337120533,0.04362638145685196
rmse,persistence,phihyd_surface,1820,0.03877140233914057,0.03622537478804588,0.04139574021100998
rmse,persistence,phihyd_surface,1830,0.03772054041425387,0.03583378940820694,0.03945076018571854
rmse,persistence,phihyd_surface,1840,0.036490966627995176,0.034496673941612245,0.03862573653459549
rmse,persistence,phihyd_surface,1850,0.03290999494493008,0.030423611029982568,0.035226748883724214
rmse,persistence,phihyd_surface,1860,0.031264907618363695,0.02896486297249794,0.032427741587162016
rmse,persistence,phihyd_surface,1870,0.02977820932865143,0.028070341050624847,0.03130779415369034
rmse,persistence,phihyd_surface,1880,0.027287204066912332,0.025437621772289275,0.028844141215085984
rmse,persistence,phihyd_surface,1890,0.02880724680920442,0.027370484545826912,0.03065122663974762
rmse,persistence,phihyd_surface,1900,0.030946833019455274,0.02894211821258068,0.0322759635746479
rmse,persistence,phihyd_surface,1910,0.032394514853755635,0.030985110625624656,0.03370624110102653
rmse,persistence,phihyd_surface,1920,0.03537202775478363,0.03252433016896248,0.03738251477479935
rmse,persistence,phihyd_surface,1930,0.03780812496940295,0.03415103927254677,0.04017809182405472
rmse,persistence,phihyd_surface,1940,0.03957424983382225,0.0369275338947773,0.042310331016778946
rmse,persistence,phihyd_surface,1950,0.04093841512997945,0.03764446824789047,0.0437908448278904
rmse,persistence,phihyd_surface,1960,0.040984607736269635,0.03668266385793686,0.04429667443037033
rmse,persistence,phihyd_surface,1970,0.041677213211854296,0.03903843238949776,0.044561658054590225
rmse,persistence,phihyd_surface,1980,0.04203392490744591,0.03937948271632195,0.044943101704120636
rmse,persistence,phihyd_surface,1990,0.039624132712682086,0.03683935254812241,0.04121319428086281
rmse,persistence,phihyd_surface,2000,0.038242372870445254,0.036230454593896864,0.040171122550964354
rmse,model,sst,0,0.0,0.0,0.0
rmse,model,sst,10,0.012166410932938259,0.01143380831927061,0.0130296403542161
rmse,model,sst,20,0.015766436234116554,0.01436412837356329,0.01660266928374767
rmse,model,sst,30,0.017846761643886565,0.016323840990662575,0.01877407431602478
rmse,model,sst,40,0.019342165937026343,0.017816188186407088,0.02039015367627144
rmse,model,sst,50,0.020191994309425355,0.018496013060212136,0.02145659029483795
rmse,model,sst,60,0.02138836421072483,0.020163093879818916,0.022649083659052847
rmse,model,sst,70,0.022284404064218204,0.02066119499504566,0.023698023334145547
rmse,model,sst,80,0.022984329362710318,0.021570636704564095,0.024583373963832856
rmse,model,sst,90,0.02382823886970679,0.02271043471992016,0.025990644469857216
rmse,model,sst,100,0.024803331370155016,0.023378181830048562,0.02717248536646366
rmse,model,sst,110,0.0254155566294988,0.024009444564580918,0.02769353277981281
rmse,model,sst,120,0.026032482708493867,0.024741582572460175,0.028184326365590096
rmse,model,sst,130,0.02695702910423279,0.025779852643609047,0.029419656470417978
rmse,model,sst,140,0.02797716644903024,0.026340925693511964,0.03080132566392422
rmse,model,sst,150,0.028639141097664834,0.0268241573125124,0.03191520497202873
rmse,model,sst,160,0.02967423014342785,0.027783664315938948,0.032977253943681714
rmse,model,sst,170,0.030979121600588164,0.02863747887313366,0.03428668528795242
rmse,model,sst,180,0.03201897752781709,0.029833410680294038,0.03553901389241219
rmse,model,sst,190,0.032917007058858874,0.03079177662730217,0.03640097677707672
rmse,model,sst,200,0.03396291236082713,0.03179849684238434,0.03744376301765442
rmse,model,sst,210,0.03518129239479701,0.03308272063732147,0.038738830387592314
rmse,model,sst,220,0.03635394821564356,0.03423022404313088,0.039804503321647644
rmse,model,sst,230,0.03775251135230064,0.03547204062342644,0.04127500876784325
rmse,model,sst,240,0.03942697371045748,0.0370554082095623,0.043072622269392014
rmse,model,sst,250,0.04093877996007601,0.03834961578249931,0.044380607455968855
rmse,model,sst,260,0.04245734512805939,0.04023462161421776,0.046213384717702866
rmse,model,sst,270,0.044240701198577884,0.04171511679887772,0.048594553023576736
rmse,model,sst,280,0.04605286096533139,0.043264638632535934,0.05026431605219841
rmse,model,sst,290,0.047807234525680545,0.044936346262693404,0.051301209628582
rmse,model,sst,300,0.0494664045671622,0.04722378477454185,0.05310418531298637
rmse,model,sst,310,0.051510111739238106,0.049018058180809024,0.05564349144697189
rmse,model,sst,320,0.053431024154027305,0.0507033184170723,0.058057200908660886
rmse,model,sst,330,0.05531389564275742,0.05273322463035583,0.05962028503417969
rmse,model,sst,340,0.057319533576567966,0.054543256759643555,0.061323915421962735
rmse,model,sst,350,0.05931308194994926,0.05656038001179695,0.0628869503736496
rmse,model,sst,360,0.060913746058940885,0.05822978690266609,0.06409130543470383
rmse,model,sst,370,0.06232875684897105,0.059518898278474806,0.06595460027456283
rmse,model,sst,380,0.06373620678981146,0.06092899367213249,0.06714847534894944
rmse,model,sst,390,0.06507344866792361,0.06257745772600173,0.06837470531463623
rmse,model,sst,400,0.06619810511668524,0.0632711559534073,0.0704887866973877
rmse,model,sst,410,0.06735607112447421,0.06339334845542907,0.07225251197814941
rmse,model,sst,420,0.06873610615730286,0.06413796097040177,0.07367806434631348
rmse,model,sst,430,0.06995889643828074,0.06557537466287613,0.07481807470321655
rmse,model,sst,440,0.07087574352820715,0.06621906757354737,0.07603432983160019
rmse,model,sst,450,0.07180310984452566,0.06688030213117599,0.07734673023223877
rmse,model,sst,460,0.0725122054417928,0.06750871539115906,0.07717446982860565
rmse,model,sst,470,0.07326125353574753,0.06925887912511826,0.07796750962734222
rmse,model,sst,480,0.07443265269200007,0.07156889587640762,0.07908128499984741
rmse,model,sst,490,0.07548803985118865,0.07207817733287811,0.08058507293462754
rmse,model,sst,500,0.07623953471581141,0.07259700000286103,0.0813415914773941
rmse,model,sst,510,0.07725028445323308,0.07378997206687928,0.08197385966777801
rmse,model,sst,520,0.07834364275137583,0.07458499372005463,0.0820863664150238
rmse,model,sst,530,0.07921012292305628,0.07514113336801528,0.082353575527668
rmse,model,sst,540,0.08006520917018255,0.075027696788311,0.08269518464803696
rmse,model,sst,550,0.08096704284350077,0.07550064921379089,0.08429106622934342
rmse,model,sst,560,0.0819007138411204,0.0759080171585083,0.08582197427749634
rmse,model,sst,570,0.08290631175041199,0.07664602696895599,0.08613100945949555
rmse,model,sst,580,0.0837883417805036,0.07717240303754806,0.08670735657215119
rmse,model,sst,590,0.0846255545814832,0.07774151563644409,0.08839554041624069
rmse,model,sst,600,0.08556321859359742,0.0789320170879364,0.08880113810300827
rmse,model,sst,610,0.0863848606745402,0.07978126853704452,0.08979629725217819
rmse,model,sst,620,0.08711719910303752,0.08159059435129165,0.09081966429948807
rmse,model,sst,630,0.08750607321659724,0.081782366335392,0.09169384390115738
rmse,model,sst,640,0.08808905929327011,0.08245440572500229,0.09253528267145157
rmse,model,sst,650,0.08924316763877868,0.08331672102212906,0.0942009687423706
rmse,model,sst,660,0.09012521157662073,0.08337953239679337,0.09586395472288131
rmse,model,sst,670,0.09072596728801727,0.08333169966936112,0.09601866453886032
rmse,model,sst,680,0.09136418948570887,0.08409681916236877,0.09597848057746887
rmse,model,sst,690,0.09185611059268316,0.08543242216110229,0.09621886610984802
rmse,model,sst,700,0.09194775372743606,0.08564811050891877,0.09663493633270263
rmse,model,sst,710,0.09220568140347798,0.08703289926052094,0.09657592922449112
rmse,model,sst,720,0.09248803555965424,0.08856980800628662,0.09611737728118896
rmse,model,sst,730,0.09256939888000489,0.08931363523006439,0.09778534919023514
rmse,model,sst,740,0.09297213057676951,0.08985594213008881,0.0979449838399887
rmse,model,sst,750,0.09403095543384551,0.0900520220398903,0.0985025554895401
rmse,model,sst,760,0.09478384306033452,0.09048503786325454,0.10155030190944671
rmse,model,sst,770,0.09542612135410308,0.09115876406431198,0.10179363340139388
rmse,model,sst,780,0.09578177233537039,0.09099687933921814,0.1016673669219017
rmse,model,sst,790,0.095773616929849,0.09083027988672257,0.10178215056657791
rmse,model,sst,800,0.0950916901230812,0.09009478837251664,0.1019939124584198
rmse,model,sst,810,0.09456197669108708,0.08871860206127166,0.10038900971412659
rmse,model,sst,820,0.09483327021201451,0.08831372261047363,0.1017163097858429
rmse,model,sst,830,0.09522006859381994,0.08844019770622254,0.10244688838720321
rmse,model,sst,840,0.09550597220659256,0.08807754516601562,0.10265134125947953
rmse,model,sst,850,0.09595482846101125,0.08749373555183411,0.1033350721001625
rmse,model,sst,860,0.09607295244932175,0.08786222636699677,0.10279471576213836
rmse,model,sst,870,0.09595286647478739,0.08752710968255997,0.1012192964553833
rmse,model,sst,880,0.09595845888058345,0.08789685815572738,0.10084632486104965
rmse,model,sst,890,0.09562754730383555,0.08720940053462982,0.1012847438454628
rmse,model,sst,900,0.0951209619641304,0.0865044817328453,0.10115562975406647
rmse,model,sst,910,0.09497920076052348,0.08566388487815857,0.10131184011697769
rmse,model,sst,920,0.09559075236320495,0.08595780283212662,0.10241205543279648
rmse,model,sst,930,0.0962293525536855,0.08562653958797455,0.1033122107386589
rmse,model,sst,940,0.0966357429822286,0.08618229627609253,0.10243547111749648
rmse,model,sst,950,0.09672391762336095,0.08699159175157548,0.10288333892822266
rmse,model,sst,960,0.09673324227333069,0.0876643791794777,0.10304622948169709
rmse,model,sst,970,0.09610646069049836,0.08759625256061554,0.10199380964040757
rmse,model,sst,980,0.09548496603965759,0.0867507964372635,0.10167262554168702
rmse,model,sst,990,0.0954257920384407,0.08702825456857681,0.10179475098848342
rmse,model,sst,1000,0.09601990828911464,0.08846083283424377,0.1016392320394516
rmse,model,sst,1010,0.09672556469837824,0.08858512341976166,0.10153788179159165
rmse,model,sst,1020,0.097542937596639,0.08867758214473724,0.10263443589210511
rmse,model,sst,1030,0.0979098046819369,0.08875414133071899,0.10372335910797119
rmse,model,sst,1040,0.09807682832082112,0.08847816586494446,0.10450452864170075
rmse,model,sst,1050,0.09856675565242767,0.08866336047649384,0.10556303113698959
rmse,model,sst,1060,0.0989776556690534,0.09004054814577103,0.10614591240882873
rmse,model,sst,1070,0.09875623683134714,0.08956294506788254,0.10518981367349625
rmse,model,sst,1080,0.09850728809833527,0.08878456205129623,0.10500277429819108
rmse,model,sst,1090,0.09909324198961258,0.08960116505622864,0.10606301575899124
rmse,model,sst,1100,0.10000759214162827,0.09096132963895798,0.10721597820520401
rmse,model,sst,1110,0.10112250794967016,0.09250214397907257,0.10870155841112136
rmse,model,sst,1120,0.10203962475061416,0.09241856187582016,0.10950508713722229
rmse,model,sst,1130,0.1026958778500557,0.09344650357961655,0.11009112894535064
rmse,model,sst,1140,0.10231409917275111,0.09349703788757324,0.11048163026571274
rmse,model,sst,1150,0.10186510533094406,0.09350167661905288,0.1102115198969841
rmse,model,sst,1160,0.10156365086634954,0.0933222234249115,0.11123808324337006
rmse,model,sst,1170,0.10174139440059662,0.09425613731145858,0.11252422779798507
rmse,model,sst,1180,0.10193535387516021,0.09509737342596054,0.11261922419071198
rmse,model,sst,1190,0.10270620634158452,0.09510536640882492,0.11265650242567063
rmse,model,sst,1200,0.10344440390666326,0.09548832476139069,0.11361934244632721
rmse,model,sst,1210,0.10364797314008077,0.09483256191015244,0.11364707350730896
rmse,model,sst,1220,0.10369342317183812,0.09488286823034286,0.11276893764734268
rmse,model,sst,1230,0.10363676647345225,0.09593557864427567,0.1124376967549324
rmse,model,sst,1240,0.103108149766922,0.09662659615278243,0.11334307491779327
rmse,model,sst,1250,0.1021993969877561,0.09545104652643203,0.11304302960634231
rmse,model,sst,1260,0.1018129954735438,0.09587867110967636,0.11154683381319046
rmse,model,sst,1270,0.10189542969067891,0.09536162316799164,0.11222469955682754
rmse,model,sst,1280,0.10258556455373764,0.09433978348970413,0.11393594443798065
rmse,model,sst,1290,0.10314964105685552,0.09354265630245209,0.11521385610103607
rmse,model,sst,1300,0.10359226961930593,0.09403231739997864,0.11750055849552155
rmse,model,sst,1310,0.10334579745928446,0.09569354951381684,0.11693069338798523
rmse,model,sst,1320,0.10277882218360901,0.0954939991235733,0.11423121392726898
rmse,model,sst,1330,0.10216286728779475,0.09454540014266968,0.11297236084938049
rmse,model,sst,1340,0.1022416278719902,0.09409397393465042,0.11197673231363296
rmse,model,sst,1350,0.10224302113056183,0.09452653974294663,0.11026996672153473
rmse,model,sst,1360,0.10251108606656392,0.09441657215356827,0.11121319085359573
rmse,model,sst,1370,0.10299616754055023,0.09471090734004975,0.11340503990650178
rmse,model,sst,1380,0.10330289353926976,0.09524210691452026,0.11431059688329696
rmse,model,sst,1390,0.10324104378620784,0.09513848423957824,0.11384609937667847
rmse,model,sst,1400,0.10337329159180324,0.0953746646642685,0.11354474872350692
rmse,model,sst,1410,0.10333442240953446,0.095366732776165,0.11357600390911102
rmse,model,sst,1420,0.10281344056129456,0.09521362632513046,0.1121096208691597
rmse,model,sst,1430,0.10239000618457794,0.09458800703287125,0.11051451414823532
rmse,model,sst,1440,0.10228378822406133,0.09484833627939224,0.11073087006807328
rmse,model,sst,1450,0.10249768495559693,0.09590844511985779,0.1114544466137886
rmse,model,sst,1460,0.10252912839253743,0.09687619507312775,0.11219970732927323
rmse,model,sst,1470,0.10252649039030075,0.09579775780439377,0.11365712136030197
rmse,model,sst,1480,0.1023842453956604,0.09605312943458558,0.1141948863863945
rmse,model,sst,1490,0.10244954079389572,0.09671778082847596,0.11325196921825409
rmse,model,sst,1500,0.10228909204403559,0.0968295618891716,0.11278868317604065
rmse,model,sst,1510,0.10243469576040903,0.09718036651611328,0.11167294234037399
rmse,model,sst,1520,0.10283002903064092,0.09773335307836532,0.11079210788011551
rmse,model,sst,1530,0.10301798085371654,0.09711202681064605,0.11145015209913253
rmse,model,sst,1540,0.10316928178071975,0.09657009690999985,0.1110820785164833
rmse,model,sst,1550,0.10327715178330739,0.09686787128448486,0.11071407049894333
rmse,model,sst,1560,0.10309634854396184,0.09714074432849884,0.11057341396808625
rmse,model,sst,1570,0.10289287269115448,0.09728765934705734,0.10924923419952393
rmse,model,sst,1580,0.10244787981112798,0.09612661749124526,0.10874126255512237
rmse,model,sst,1590,0.1022612988948822,0.09515711814165115,0.10968380272388459
rmse,model,sst,1600,0.1020249346892039,0.09507004767656327,0.10969256907701493
rmse,model,sst,1610,0.10172937115033467,0.09480859339237213,0.11061729788780213
rmse,model,sst,1620,0.10183469901482264,0.09514072686433792,0.11157228648662568
rmse,model,sst,1630,0.10207580377658208,0.09523852467536927,0.11186446994543076
rmse,model,sst,1640,0.10215644240379333,0.09525969624519348,0.11159782707691193
rmse,model,sst,1650,0.10195291091998418,0.09615598320960998,0.11069726496934891
rmse,model,sst,1660,0.10199338297049204,0.09698359370231628,0.11053949743509292
rmse,model,sst,1670,0.10218414117892584,0.09637710452079773,0.11016225069761276
rmse,model,sst,1680,0.10245904078086217,0.09591842144727707,0.10925220847129821
rmse,model,sst,1690,0.10275208055973054,0.09546053558588027,0.11009866893291473
rmse,model,sst,1700,0.10299236079057057,0.0950111836194992,0.11046546250581742
rmse,model,sst,1710,0.10320594062407812,0.09587409496307372,0.11071407198905944
rmse,model,sst,1720,0.10353495428959529,0.09745094925165176,0.11081704497337341
rmse,model,sst,1730,0.1035890613993009,0.09798020720481873,0.11187170445919037
rmse,model,sst,1740,0.10337631950775782,0.09701934456825256,0.11205600202083588
rmse,model,sst,1750,0.10262977480888366,0.09503958374261856,0.1109377384185791
rmse,model,sst,1760,0.10245291441679001,0.0943565770983696,0.11191090196371078
rmse,model,sst,1770,0.1024698073665301,0.09455706775188447,0.11232999861240386
rmse,model,sst,1780,0.1024159903327624,0.09466519504785538,0.1131835013628006
rmse,model,sst,1790,0.10254430323839188,0.0945035994052887,0.11349072754383087
rmse,model,sst,1800,0.10309597651163736,0.09521898329257965,0.11307811588048935
rmse,model,sst,1810,0.10369535734256109,0.09631113111972808,0.1130763828754425
rmse,model,sst,1820,0.10414274831612905,0.09755066335201264,0.11316774487495422
rmse,model,sst,1830,0.10428787370522817,0.09772260934114456,0.1132047638297081
rmse,model,sst,1840,0.10461350977420807,0.0981998547911644,0.1136621966958046
rmse,model,sst,1850,0.10503716965516409,0.09686503708362579,0.11486455798149109
rmse,model,sst,1860,0.1053027480840683,0.09478889405727386,0.11684536933898926
rmse,model,sst,1870,0.1055848091840744,0.09562549740076065,0.11736507564783095
rmse,model,sst,1880,0.10622424284617106,0.0974845051765442,0.11790951788425445
rmse,model,sst,1890,0.10687028865019481,0.09947054982185363,0.11778942942619323
rmse,model,sst,1900,0.10700450191895167,0.09918985217809677,0.11790115088224411
rmse,model,sst,1910,0.1064703956246376,0.09744531959295273,0.11726924926042556
rmse,model,sst,1920,0.1054770569006602,0.09524124264717101,0.11626621335744858
rmse,model,sst,1930,0.10490764578183492,0.09386548101902008,0.11598105281591416
rmse,model,sst,1940,0.10465163191159567,0.09321606308221816,0.11657341867685318
rmse,model,sst,1950,0.10498780608177186,0.09366086721420289,0.11666564643383026
rmse,model,sst,1960,0.1052936906615893,0.09456700831651688,0.11630051583051682
rmse,model,sst,1970,0.10564735929171244,0.09609301984310151,0.11618637144565583
rmse,model,sst,1980,0.10588120271762212,0.0977521538734436,0.11619371920824051
rmse,model,sst,1990,0.10590554376443227,0.09722740799188614,0.11749451458454133
rmse,model,sst,2000,0.10561738163232803,0.09617996513843537,0.11952199190855026
rmse,climatology,sst,0,0.03851603989799817,0.036900915950536725,0.03973420113325119
rmse,climatology,sst,10,0.03781576032439868,0.035535778850317,0.04006939306855202
rmse,climatology,sst,20,0.03781564633051555,0.03527504801750183,0.03965738043189049
rmse,climatology,sst,30,0.03884542236725489,0.03711217045783997,0.04016238525509834
rmse,climatology,sst,40,0.03886417100826899,0.036503059417009355,0.04012349918484688
rmse,climatology,sst,50,0.03842119152347247,0.03684120923280716,0.040487205237150194
rmse,climatology,sst,60,0.038532724728186925,0.03676047548651695,0.03974761813879013
rmse,climatology,sst,70,0.03861062526702881,0.03658171072602272,0.03990474119782448
rmse,climatology,sst,80,0.03843752220273018,0.03549491465091705,0.040605226159095766
rmse,climatology,sst,90,0.038854054858287176,0.036740957945585254,0.04068373143672943
rmse,climatology,sst,100,0.03913060203194618,0.03746839314699173,0.04064115881919861
rmse,climatology,sst,110,0.038527952631314595,0.036318307369947435,0.04059659689664841
rmse,climatology,sst,120,0.038027372459570566,0.03586315289139748,0.0394700713455677
rmse,climatology,sst,130,0.038665489355723066,0.03592869713902473,0.041383955627679825
rmse,climatology,sst,140,0.039239687472581865,0.036676251143217084,0.04050481840968132
rmse,climatology,sst,150,0.038672966261704765,0.03681488856673241,0.04060835912823677
rmse,climatology,sst,160,0.038775215049584706,0.03723837658762932,0.040503659099340436
rmse,climatology,sst,170,0.039168488482634226,0.03759124279022217,0.04178773984313011
rmse,climatology,sst,180,0.03855066696802775,0.036078120768070224,0.04145420491695404
rmse,climatology,sst,190,0.038436446835597354,0.03508598729968071,0.04066128954291344
rmse,climatology,sst,200,0.0394647940993309,0.036680477857589724,0.041797037422657016
rmse,climatology,sst,210,0.03957072248061498,0.03776433765888214,0.041832901537418365
rmse,climatology,sst,220,0.03909092421332995,0.036948248744010925,0.04226228818297386
rmse,climatology,sst,230,0.0390734667579333,0.0364606112241745,0.04218714982271195
rmse,climatology,sst,240,0.03917079468568166,0.03684882670640945,0.04135345071554184
rmse,climatology,sst,250,0.03887764786680539,0.03601968958973885,0.04050496593117714
rmse,climatology,sst,260,0.03917609577377637,0.03798637166619301,0.040682753175497056
rmse,climatology,sst,270,0.039376326153675714,0.038016805052757265,0.04026465639472008
rmse,climatology,sst,280,0.038794286797444025,0.03677078634500504,0.04094310775399208
rmse,climatology,sst,290,0.038082990298668545,0.03610694259405136,0.03996110782027244
rmse,climatology,sst,300,0.03855792060494423,0.036393004655838015,0.04027100950479508
rmse,climatology,sst,310,0.03909511292974154,0.03693906888365746,0.04035145044326782
rmse,climatology,sst,320,0.0385559377570947,0.035903166979551315,0.04054376631975174
rmse,climatology,sst,330,0.038458637644847235,0.036419297009706496,0.040279462933540344
rmse,climatology,sst,340,0.03889277602235476,0.03813767284154892,0.04028479382395744
rmse,climatology,sst,350,0.03829583351810773,0.03620692789554596,0.04042485803365707
rmse,climatology,sst,360,0.03801253587007523,0.0353331096470356,0.04003552868962288
rmse,climatology,sst,370,0.03899626980225245,0.03700552806258202,0.04077000319957733
rmse,climatology,sst,380,0.03922013441721598,0.03726558610796928,0.04051142260432243
rmse,climatology,sst,390,0.03877046083410581,0.036696947365999225,0.040697024762630464
rmse,climatology,sst,400,0.038720737646023434,0.03687774837017059,0.040412505716085435
rmse,climatology,sst,410,0.03890338738759359,0.037442931532859804,0.03990479111671448
rmse,climatology,sst,420,0.03862849101424217,0.03570310994982719,0.04073374420404434
rmse,climatology,sst,430,0.03898104305068652,0.03696275129914284,0.04086991548538208
rmse,climatology,sst,440,0.03930189808209737,0.03799036368727684,0.04072136431932449
rmse,climatology,sst,450,0.03894876663883527,0.03640907928347588,0.040656764060258865
rmse,climatology,sst,460,0.03825824384888013,0.036514648050069806,0.04025536999106407
rmse,climatology,sst,470,0.03877248962720235,0.03703045547008514,0.04073928892612457
rmse,climatology,sst,480,0.039432907849550246,0.03718254044651985,0.04120938256382942
rmse,climatology,sst,490,0.03910219445824623,0.03598805442452431,0.042047418653964996
rmse,climatology,sst,500,0.03896090015769005,0.03619916662573815,0.04198901355266571
rmse,climatology,sst,510,0.03955008710424105,0.03837437406182289,0.04066052809357643
rmse,climatology,sst,520,0.03911329160133998,0.03742280900478363,0.04084525927901268
rmse,climatology,sst,530,0.03873288556933403,0.03587512746453285,0.0410590834915638
rmse,climatology,sst,540,0.03964851722121239,0.037656379491090776,0.04230037331581116
rmse,climatology,sst,550,0.04000753164291382,0.03751448392868042,0.04169944748282432
rmse,climatology,sst,560,0.03959584832191467,0.037057044357061385,0.041694610565900805
rmse,climatology,sst,570,0.03949484924475352,0.03886979669332504,0.04084833189845085
rmse,climatology,sst,580,0.039695824434359865,0.03862956464290619,0.0410238653421402
rmse,climatology,sst,590,0.039367585877577466,0.035953227430582047,0.04187123104929924
rmse,climatology,sst,600,0.03965748250484467,0.03702503591775894,0.04253181517124176
rmse,climatology,sst,610,0.040002467731634773,0.03811360076069832,0.041948482394218445
rmse,climatology,sst,620,0.039779138813416166,0.03736575990915299,0.04117407277226448
rmse,climatology,sst,630,0.038968556374311444,0.03725899308919907,0.04073019623756409
rmse,climatology,sst,640,0.03930319423476855,0.037986265122890474,0.040718131512403485
rmse,climatology,sst,650,0.039859251429637275,0.03878151848912239,0.04194410517811775
rmse,climatology,sst,660,0.03952638184030851,0.03651728853583336,0.04156668484210968
rmse,climatology,sst,670,0.03908563256263733,0.036287394165992734,0.04117891639471054
rmse,climatology,sst,680,0.03952408457795779,0.038457346707582475,0.04099954441189766
rmse,climatology,sst,690,0.03906241456667582,0.037071704119443896,0.04066969230771065
rmse,climatology,sst,700,0.038516459862391154,0.035813777893781665,0.040613953769207
rmse,climatology,sst,710,0.039304149647553764,0.03764658346772194,0.04110327363014221
rmse,climatology,sst,720,0.03976966341336568,0.0380713015794754,0.04075989574193954
rmse,climatology,sst,730,0.03935083349545797,0.03777039721608162,0.04104299247264862
rmse,climatology,sst,740,0.03916231741507848,0.03754429146647453,0.041119348257780075
rmse,climatology,sst,750,0.03940478637814522,0.038147857040166856,0.040616422146558764
rmse,climatology,sst,760,0.039120070884625116,0.03617736771702766,0.04096054136753082
rmse,climatology,sst,770,0.03937878708044688,0.03711293861269951,0.041416078060865405
rmse,climatology,sst,780,0.039727876583735146,0.03837566822767258,0.04114457592368126
rmse,climatology,sst,790,0.039627980440855026,0.03752958625555038,0.04143806397914886
rmse,climatology,sst,800,0.038782234241565065,0.0370381660759449,0.041337674111127855
rmse,climatology,sst,810,0.03910851130882899,0.037473367899656294,0.04040670916438103
rmse,climatology,sst,820,0.039829529573520026,0.03779711872339249,0.041122731566429135
rmse,climatology,sst,830,0.03980964124202728,0.03829002156853676,0.04140245988965034
rmse,climatology,sst,840,0.03939596985777219,0.03832131624221802,0.04104635044932366
rmse,climatology,sst,850,0.03995481679836909,0.03853539302945137,0.04127385467290878
rmse,climatology,sst,860,0.039733297377824786,0.03720280304551125,0.04287215024232864
rmse,climatology,sst,870,0.03923556183775266,0.035869503021240236,0.04250720888376236
rmse,climatology,sst,880,0.03998217657208443,0.03746035695075989,0.04215587601065636
rmse,climatology,sst,890,0.04059510280688604,0.039760810881853105,0.04271698072552681
rmse,climatology,sst,900,0.04019556219379107,0.03850667327642441,0.04337859600782394
rmse,climatology,sst,910,0.03989854628841082,0.037561652809381486,0.043544397503137586
rmse,climatology,sst,920,0.04013536920150121,0.038505513966083524,0.04249098300933838
rmse,climatology,sst,930,0.03985231344898542,0.03707718476653099,0.041866686940193173
rmse,climatology,sst,940,0.03996626064181328,0.03792163133621216,0.041613074392080306
rmse,climatology,sst,950,0.040232813855012255,0.038425957411527635,0.04149194285273552
rmse,climatology,sst,960,0.040158663193384805,0.03854202926158905,0.042226304113864896
rmse,climatology,sst,970,0.03918878982464472,0.03715727999806404,0.04082603827118873
rmse,climatology,sst,980,0.03928936496376991,0.0376300074160099,0.041085734218358996
rmse,climatology,sst,990,0.03987719764312108,0.03781002908945084,0.04115330651402473
rmse,climatology,sst,1000,0.039874761303265886,0.037740858644247054,0.041589502990245816
rmse,climatology,sst,1010,0.0392499104142189,0.037231330573558805,0.041301003843545916
rmse,climatology,sst,1020,0.039717013388872145,0.03854494467377663,0.040980149805545804
rmse,climatology,sst,1030,0.03954687714576721,0.037759315222501755,0.04097777083516121
rmse,climatology,sst,1040,0.03890643840034803,0.036052112281322476,0.04103891253471374
rmse,climatology,sst,1050,0.039469156165917715,0.03751822337508202,0.041433630883693694
rmse,climatology,sst,1060,0.04021712616086006,0.03883202746510506,0.04164064526557922
rmse,climatology,sst,1070,0.03993442033727964,0.03814382255077362,0.041690414398908617
rmse,climatology,sst,1080,0.03965704441070557,0.03799668326973915,0.0417534850537777
rmse,climatology,sst,1090,0.0400091474254926,0.03840900659561157,0.04128861352801323
rmse,climatology,sst,1100,0.03988728548089663,0.0380250409245491,0.04136604815721512
rmse,climatology,sst,1110,0.04004949604471524,0.03832425624132156,0.041781171411275866
rmse,climatology,sst,1120,0.04051530063152313,0.038191231340169905,0.04256749004125595
rmse,climatology,sst,1130,0.04074862226843834,0.03845600560307503,0.042804069072008136
rmse,climatology,sst,1140,0.039990871647993725,0.037374015897512436,0.042447373270988464
rmse,climatology,sst,1150,0.040127280602852505,0.03800106793642044,0.04307130351662636
rmse,climatology,sst,1160,0.040812643120686214,0.038356625288724897,0.04348862320184708
rmse,climatology,sst,1170,0.04098827491203944,0.03794790208339691,0.044494444876909255
rmse,climatology,sst,1180,0.04037984137733777,0.037032654881477355,0.04429437294602394
rmse,climatology,sst,1190,0.04089593191941579,0.038904211670160296,0.04311558529734612
rmse,climatology,sst,1200,0.04090653533736865,0.039687664806842805,0.04303414896130562
rmse,climatology,sst,1210,0.04022831122080485,0.03795699179172516,0.04303555563092232
rmse,climatology,sst,1220,0.0406055711209774,0.0386480376124382,0.04354520067572594
rmse,climatology,sst,1230,0.04142464299996694,0.03902117013931274,0.04387813061475754
rmse,climatology,sst,1240,0.04124600440263748,0.03895829021930695,0.043735826015472413
rmse,climatology,sst,1250,0.04090488776564598,0.0388765349984169,0.04278057962656021
rmse,climatology,sst,1260,0.04113015905022621,0.03962922841310501,0.043442442268133166
rmse,climatology,sst,1270,0.040894715487957,0.03801743164658546,0.044094021618366244
rmse,climatology,sst,1280,0.04074158991376559,0.03764265552163124,0.04467112049460411
rmse,climatology,sst,1290,0.04101137245694796,0.03830147460103035,0.0442747101187706
rmse,climatology,sst,1300,0.041083073864380516,0.03894828259944916,0.04331532046198845
rmse,climatology,sst,1310,0.040142641464869185,0.038007428497076036,0.04188031703233719
rmse,climatology,sst,1320,0.039929024130105975,0.0386287622153759,0.041480475664138795
rmse,climatology,sst,1330,0.040433295319477716,0.03881743773818016,0.04181225821375847
rmse,climatology,sst,1340,0.04057931676506996,0.03826235830783844,0.04248681142926216
rmse,climatology,sst,1350,0.03980102116862933,0.03716800212860107,0.042031672596931455
rmse,climatology,sst,1360,0.04014320249358813,0.03893999233841896,0.04183062613010406
rmse,climatology,sst,1370,0.04018904318412145,0.038323008269071576,0.04137372896075249
rmse,climatology,sst,1380,0.0394639161725839,0.0370161235332489,0.04157543033361435
rmse,climatology,sst,1390,0.03968385681509971,0.03748329654335976,0.041292347759008405
rmse,climatology,sst,1400,0.04057432810465495,0.039379685372114184,0.04187999814748764
rmse,climatology,sst,1410,0.04046142647663752,0.03829950541257858,0.04179715439677238
rmse,climatology,sst,1420,0.0400787723561128,0.038386411219835284,0.04202195554971695
rmse,climatology,sst,1430,0.04032147005200386,0.03893178701400757,0.04163531512022019
rmse,climatology,sst,1440,0.04028454174598058,0.03841204047203064,0.04154019057750702
rmse,climatology,sst,1450,0.04020405088861783,0.03769596815109253,0.04220611453056335
rmse,climatology,sst,1460,0.040654470771551134,0.03888170048594475,0.04225556030869484
rmse,climatology,sst,1470,0.040912848462661106,0.03920854777097702,0.04254038855433464
rmse,climatology,sst,1480,0.040197692314783734,0.03783303052186966,0.04247070848941803
rmse,climatology,sst,1490,0.03997199237346649,0.0379866786301136,0.04120429083704948
rmse,climatology,sst,1500,0.04065163681904475,0.03800183087587357,0.0432118259370327
rmse,climatology,sst,1510,0.0410922721028328,0.038963576406240465,0.042476384341716765
rmse,climatology,sst,1520,0.04049774681528409,0.03893643990159035,0.042148028314113614
rmse,climatology,sst,1530,0.040846307575702664,0.03912407010793686,0.042745080590248105
rmse,climatology,sst,1540,0.04111018230517705,0.03915370181202889,0.0440746046602726
rmse,climatology,sst,1550,0.040494545549154284,0.03769119381904602,0.04389810562133789
rmse,climatology,sst,1560,0.040568289409081144,0.037044412642717364,0.043129979819059375
rmse,climatology,sst,1570,0.041483786702156064,0.039007415622472764,0.043990501761436464
rmse,climatology,sst,1580,0.04140189290046692,0.03973371610045433,0.04432077184319496
rmse,climatology,sst,1590,0.04090306237339973,0.03864916041493416,0.04463358521461487
rmse,climatology,sst,1600,0.04095824509859085,0.03846440985798836,0.04391901046037674
rmse,climatology,sst,1610,0.04088143482804298,0.038754602521657945,0.04301354736089706
rmse,climatology,sst,1620,0.04057071730494499,0.03840754330158234,0.04208210557699203
rmse,climatology,sst,1630,0.04086758693059286,0.03950523287057876,0.04230224788188934
rmse,climatology,sst,1640,0.041041891525189084,0.03978301510214806,0.04245786219835281
rmse,climatology,sst,1650,0.04033667047818502,0.038541074842214584,0.041922514140605924
rmse,climatology,sst,1660,0.039856387923161186,0.03810471147298813,0.04149398133158684
rmse,climatology,sst,1670,0.04039597784479459,0.038034217059612276,0.04188908562064171
rmse,climatology,sst,1680,0.04079273591438929,0.03872290253639221,0.042056252062320706
rmse,climatology,sst,1690,0.040143640836079915,0.037588247656822206,0.04208428636193275
rmse,climatology,sst,1700,0.04030028134584427,0.038772077113389966,0.041965342313051227
rmse,climatology,sst,1710,0.040589771668116253,0.03948519602417946,0.04189821407198906
rmse,climatology,sst,1720,0.0399562897781531,0.03782509565353394,0.042029937356710435
rmse,climatology,sst,1730,0.03985433951020241,0.037125363945961,0.0417638398706913
rmse,climatology,sst,1740,0.04082364862163861,0.03884899690747261,0.042603612691164014
rmse,climatology,sst,1750,0.04090796013673147,0.03891950771212578,0.04225585535168648
rmse,climatology,sst,1760,0.04054271926482519,0.0389139786362648,0.04238495677709579
rmse,climatology,sst,1770,0.040683913975954056,0.039012500643730165,0.042327750474214554
rmse,climatology,sst,1780,0.0408514770368735,0.03972087949514389,0.04165942743420601
rmse,climatology,sst,1790,0.04065427506963412,0.038561060279607776,0.042433063685894015
rmse,climatology,sst,1800,0.041114887098471324,0.03906605094671249,0.04269450381398201
rmse,climatology,sst,1810,0.041512616475423175,0.040009531378746035,0.043528773635625836
rmse,climatology,sst,1820,0.04111150652170181,0.038327538222074506,0.0432419590651989
rmse,climatology,sst,1830,0.0406346728404363,0.03864151164889336,0.04295035004615784
rmse,climatology,sst,1840,0.041207682838042575,0.039463037997484206,0.043513334542512896
rmse,climatology,sst,1850,0.04171258782347043,0.039425358176231384,0.044175713509321216
rmse,climatology,sst,1860,0.041203928242127104,0.03768225088715553,0.04439535662531853
rmse,climatology,sst,1870,0.04123796795805295,0.03844296932220459,0.04400660917162895
rmse,climatology,sst,1880,0.04165106589595477,0.04003531038761139,0.0430902287364006
rmse,climatology,sst,1890,0.041078847646713254,0.03970099091529846,0.04290786385536194
rmse,climatology,sst,1900,0.04081750636299451,0.038826160877943036,0.0434499479830265
rmse,climatology,sst,1910,0.04173401395479838,0.04003656879067421,0.044129859656095505
rmse,climatology,sst,1920,0.041928801437218985,0.03932853266596794,0.04427476674318313
rmse,climatology,sst,1930,0.04155346105496089,0.038845423609018326,0.043249227851629254
rmse,climatology,sst,1940,0.04154327735304832,0.040056458115577696,0.043148572742939
rmse,climatology,sst,1950,0.0416392741103967,0.03993682861328125,0.04393850937485695
rmse,climatology,sst,1960,0.04123890002568563,0.03767600953578949,0.044309594482183454
rmse,climatology,sst,1970,0.04146891236305237,0.03912145420908928,0.04472135603427887
rmse,climatology,sst,1980,0.041674202183882396,0.04003878384828567,0.044054288417100906
rmse,climatology,sst,1990,0.041215269515911736,0.038962170481681824,0.042664535343647
rmse,climatology,sst,2000,0.04045771807432175,0.03911134675145149,0.04228607416152954
rmse,persistence,sst,0,0.0,0.0,0.0
rmse,persistence,sst,10,0.02277104581395785,0.02005648724734783,0.0260111790150404
rmse,persistence,sst,20,0.03690005987882614,0.032902874797582624,0.042597992718219756
rmse,persistence,sst,30,0.046992530673742296,0.04306855425238609,0.05079416483640671
rmse,persistence,sst,40,0.056269496430953345,0.053324317932128905,0.06013324782252312
rmse,persistence,sst,50,0.06047984833518664,0.0560417652130127,0.06490538716316223
rmse,persistence,sst,60,0.06041321754455566,0.0579209566116333,0.0635100856423378
rmse,persistence,sst,70,0.05969542612632116,0.056972562521696093,0.06275995075702667
rmse,persistence,sst,80,0.05716982657710711,0.052809572964906695,0.061019223928451535
rmse,persistence,sst,90,0.05698631157477697,0.05413502380251885,0.06048431918025017
rmse,persistence,sst,100,0.05964070186018944,0.05688762292265892,0.06204100474715233
rmse,persistence,sst,110,0.06008577694495519,0.05766545459628105,0.06265183836221695
rmse,persistence,sst,120,0.05954590116937955,0.05612862184643745,0.06331712603569031
rmse,persistence,sst,130,0.05737851833303769,0.05446888506412506,0.059749290347099304
rmse,persistence,sst,140,0.0497275431950887,0.04488251581788063,0.052604719251394275
rmse,persistence,sst,150,0.039102938522895175,0.03722296431660652,0.04255034402012825
rmse,persistence,sst,160,0.025812445829312008,0.023020010441541672,0.030310665816068647
rmse,persistence,sst,170,0.009188951707134645,0.004442368354648352,0.01632644534111023
rmse,persistence,sst,180,0.02306468884150187,0.019707217067480087,0.02851911634206772
rmse,persistence,sst,190,0.03725454757610957,0.03283312991261482,0.043246112018823626
rmse,persistence,sst,200,0.04716278339425723,0.043027421832084654,0.05190766081213951
rmse,persistence,sst,210,0.056426632404327395,0.05326180309057236,0.06017152592539787
rmse,persistence,sst,220,0.06113413522640864,0.05702020451426506,0.0659404531121254
rmse,persistence,sst,230,0.06115473732352257,0.05784983187913895,0.06514734923839569
rmse,persistence,sst,240,0.060503147542476654,0.057428078353405,0.06396663039922715
rmse,persistence,sst,250,0.057984597980976105,0.05323583781719208,0.06166594997048378
rmse,persistence,sst,260,0.05735572874546051,0.054987572878599164,0.06061787158250809
rmse,persistence,sst,270,0.0598341333369414,0.056838408857584,0.06201933771371841
rmse,persistence,sst,280,0.06047899971405665,0.05785971805453301,0.0625938817858696
rmse,persistence,sst,290,0.05984831750392914,0.0560979850590229,0.06289719343185425
rmse,persistence,sst,300,0.05795379107197126,0.055527261644601825,0.06029443070292473
rmse,persistence,sst,310,0.050743446002403894,0.04645076543092728,0.05387233570218086
rmse,persistence,sst,320,0.04016914442181587,0.037608949840068816,0.04405286237597465
rmse,persistence,sst,330,0.02724996010462443,0.025107920914888383,0.030527608841657637
rmse,persistence,sst,340,0.010026508507629235,0.008389104902744294,0.01148988101631403
rmse,persistence,sst,350,0.02081693671643734,0.018898893520236014,0.023451661691069603
rmse,persistence,sst,360,0.035753812392552695,0.03176296353340149,0.04067623391747475
rmse,persistence,sst,370,0.04575861990451813,0.041626089811325075,0.04989072978496552
rmse,persistence,sst,380,0.05524814004699389,0.05262848362326622,0.058551914244890216
rmse,persistence,sst,390,0.06058231070637703,0.056465961039066315,0.06496821194887162
rmse,persistence,sst,400,0.06080531924962997,0.05758290737867355,0.06418546885252
rmse,persistence,sst,410,0.060254255682229994,0.0579474464058876,0.0632697582244873
rmse,persistence,sst,420,0.057853896419207254,0.053891167789697644,0.06153258830308914
rmse,persistence,sst,430,0.05688598677515984,0.05405949130654335,0.060110273957252505
rmse,persistence,sst,440,0.05932895268003146,0.05711791515350342,0.062212548404932025
rmse,persistence,sst,450,0.06037593558430672,0.05791889727115631,0.06226861551403999
rmse,persistence,sst,460,0.05985428939263026,0.05622337237000465,0.06259792894124985
rmse,persistence,sst,470,0.05839444796244304,0.05585671439766884,0.06009577587246895
rmse,persistence,sst,480,0.05183782453338305,0.04670373201370239,0.055268324166536334
rmse,persistence,sst,490,0.04159003545840581,0.037837912887334825,0.046468968689441684
rmse,persistence,sst,500,0.02952458361784617,0.02692820467054844,0.03232637420296669
rmse,persistence,sst,510,0.013206437416374683,0.009475356712937356,0.018732920289039612
rmse,persistence,sst,520,0.02044876168171565,0.018382737040519716,0.023594806715846062
rmse,persistence,sst,530,0.03553614107271035,0.03228930160403252,0.0397649846971035
rmse,persistence,sst,540,0.0454838606218497,0.041128233820199964,0.049741561710834506
rmse,persistence,sst,550,0.054979120194911954,0.052150556445121767,0.0575292706489563
rmse,persistence,sst,560,0.060839249690373735,0.056839636713266375,0.06468404829502106
rmse,persistence,sst,570,0.0613078070183595,0.057964835315942764,0.0642036959528923
rmse,persistence,sst,580,0.06077282776435216,0.05833764225244522,0.06355584710836411
rmse,persistence,sst,590,0.05842992961406708,0.054455002397298814,0.062310867756605146
rmse,persistence,sst,600,0.05699757983287176,0.05373428538441658,0.06059990003705025
rmse,persistence,sst,610,0.0591443640490373,0.05673665031790733,0.062465493381023404
rmse,persistence,sst,620,0.060416735460360846,0.05812976509332657,0.06241352409124375
rmse,persistence,sst,630,0.05978253434101741,0.056891363114118576,0.06247459501028061
rmse,persistence,sst,640,0.058459632098674774,0.05626753345131874,0.060489369183778764
rmse,persistence,sst,650,0.05230350196361542,0.04778531566262245,0.056133517622947694
rmse,persistence,sst,660,0.04192993392546972,0.03831675946712494,0.046255742013454434
rmse,persistence,sst,670,0.02958464858432611,0.027102913334965707,0.03255439475178719
rmse,persistence,sst,680,0.011110926667849222,0.010040579549968242,0.012168043293058872
rmse,persistence,sst,690,0.01527829710394144,0.01375632919371128,0.017330705374479293
rmse,persistence,sst,700,0.032479811708132425,0.02863108366727829,0.03717254623770714
rmse,persistence,sst,710,0.043099540968736014,0.03850403353571892,0.048021447658538816
rmse,persistence,sst,720,0.052922763675451276,0.04998781904578209,0.0565754160284996
rmse,persistence,sst,730,0.05950156996647517,0.05574144273996353,0.0641317367553711
rmse,persistence,sst,740,0.06040160581469536,0.05677885562181473,0.06444139331579209
rmse,persistence,sst,750,0.060007238388061525,0.05763367712497711,0.06322947591543197
rmse,persistence,sst,760,0.05796130547920863,0.05410197079181671,0.06143945008516312
rmse,persistence,sst,770,0.056320404758056004,0.052828365564346315,0.059751296043396
rmse,persistence,sst,780,0.058341729640960696,0.05565507635474205,0.06154411137104034
rmse,persistence,sst,790,0.0600803275903066,0.05769861713051796,0.06195748671889305
rmse,persistence,sst,800,0.05958398108681043,0.05617265626788139,0.06261120289564133
rmse,persistence,sst,810,0.058650042116642,0.05629861205816269,0.06105796173214913
rmse,persistence,sst,820,0.05332333321372668,0.049823809415102005,0.05648183524608612
rmse,persistence,sst,830,0.04343779236078262,0.03958150297403336,0.04716368317604065
rmse,persistence,sst,840,0.03182651946942012,0.02985725961625576,0.035731930285692215
rmse,persistence,sst,850,0.01543496393909057,0.012818750739097596,0.01881182789802551
rmse,persistence,sst,860,0.015813297281662624,0.012491690553724765,0.020347863063216207
rmse,persistence,sst,870,0.03262225414315859,0.027982503920793534,0.03832699581980705
rmse,persistence,sst,880,0.04333683227499326,0.038426253199577334,0.0488716684281826
rmse,persistence,sst,890,0.053021812438964845,0.04955108910799026,0.05737380236387253
rmse,persistence,sst,900,0.06002749651670456,0.05592641457915306,0.06565320193767547
rmse,persistence,sst,910,0.061313146352767946,0.0571723110973835,0.06680968254804612
rmse,persistence,sst,920,0.06094062626361847,0.05827362313866615,0.06496253758668899
rmse,persistence,sst,930,0.05909964839617411,0.05498836264014244,0.06207685992121696
rmse,persistence,sst,940,0.05713204940160115,0.05369641184806824,0.06037488356232643
rmse,persistence,sst,950,0.058734184006849925,0.055573157221078875,0.06157198622822761
rmse,persistence,sst,960,0.060679293672243756,0.05914506763219833,0.062429964542388916
rmse,persistence,sst,970,0.0601462056239446,0.05700855702161789,0.06280087828636169
rmse,persistence,sst,980,0.059318302075068156,0.05693622753024101,0.06225023418664932
rmse,persistence,sst,990,0.05453478967150052,0.05132870078086853,0.057544111460447314
rmse,persistence,sst,1000,0.04484727457165718,0.040927215665578845,0.048441816866397855
rmse,persistence,sst,1010,0.03345271721482277,0.0307928416877985,0.03643233552575111
rmse,persistence,sst,1020,0.017635527811944485,0.016298386082053185,0.019546591863036155
rmse,persistence,sst,1030,0.014014088362455369,0.012673133797943593,0.015437826327979565
rmse,persistence,sst,1040,0.031027902911106745,0.028044898062944412,0.03477674499154091
rmse,persistence,sst,1050,0.042076665659745535,0.03766356110572815,0.04719266071915627
rmse,persistence,sst,1060,0.0517923153936863,0.048528991639614105,0.05483694896101952
rmse,persistence,sst,1070,0.059383294979731244,0.05635074302554131,0.06326526552438735
rmse,persistence,sst,1080,0.061205850541591646,0.05773417800664902,0.06500563025474548
rmse,persistence,sst,1090,0.06092376584808032,0.05896259918808937,0.06355865001678467
rmse,persistence,sst,1100,0.05941407879193624,0.056683095544576644,0.06245076656341553
rmse,persistence,sst,1110,0.05728103419144948,0.05431494116783142,0.06046897098422051
rmse,persistence,sst,1120,0.05864749103784561,0.056679727882146834,0.06194166988134384
rmse,persistence,sst,1130,0.06101271584630012,0.058015350997447965,0.06353776901960373
rmse,persistence,sst,1140,0.06073672200242678,0.05708705559372902,0.0632947951555252
rmse,persistence,sst,1150,0.06020439391334852,0.05790218785405159,0.06346848309040069
rmse,persistence,sst,1160,0.05616022249062856,0.05178304836153984,0.058863038569688796
rmse,persistence,sst,1170,0.046981930484374365,0.04064292311668396,0.05186261609196663
rmse,persistence,sst,1180,0.036288918803135554,0.03266000747680664,0.04138517528772354
rmse,persistence,sst,1190,0.022179282332460085,0.01838030479848385,0.026858580112457276
rmse,persistence,sst,1200,0.01567877965668837,0.009781593643128871,0.022463655471801756
rmse,persistence,sst,1210,0.031289451941847804,0.02888791561126709,0.03316805139183998
rmse,persistence,sst,1220,0.042203012853860855,0.038807135075330734,0.04659907072782517
rmse,persistence,sst,1230,0.05156080077091853,0.049107184261083604,0.05539424493908882
rmse,persistence,sst,1240,0.05946430812279383,0.055838306248188016,0.062298734486103055
rmse,persistence,sst,1250,0.06170943155884743,0.05714435651898384,0.06490290015935898
rmse,persistence,sst,1260,0.06130170822143555,0.05858655720949173,0.06406842023134232
rmse,persistence,sst,1270,0.05984177167216937,0.05696634873747826,0.06378521919250488
rmse,persistence,sst,1280,0.05725594287117322,0.05272316709160805,0.06194327101111412
rmse,persistence,sst,1290,0.057998958975076675,0.055119071155786514,0.06207498013973236
rmse,persistence,sst,1300,0.06032708709438642,0.05778660699725151,0.06242509037256241
rmse,persistence,sst,1310,0.05997664605577787,0.05724019855260849,0.06227835714817047
rmse,persistence,sst,1320,0.0593161995212237,0.0571837529540062,0.06208258718252182
rmse,persistence,sst,1330,0.0556415356695652,0.05255035310983658,0.05877557620406151
rmse,persistence,sst,1340,0.04648246243596077,0.041594214737415314,0.050147776305675504
rmse,persistence,sst,1350,0.0353021456549565,0.03264835625886917,0.039029264450073244
rmse,persistence,sst,1360,0.02002638007203738,0.018269618973135948,0.02209326662123203
rmse,persistence,sst,1370,0.007351480983197689,0.006701117660850286,0.008287831582129002
rmse,persistence,sst,1380,0.02645531954864661,0.023557685688138007,0.030627815797924996
rmse,persistence,sst,1390,0.03899723986784617,0.03453633040189743,0.04455889463424682
rmse,persistence,sst,1400,0.04885484079519908,0.045065028965473174,0.05225335881114006
rmse,persistence,sst,1410,0.057526010026534395,0.05436767786741257,0.06141294464468956
rmse,persistence,sst,1420,0.06059718380371729,0.056249579042196275,0.06500906348228455
rmse,persistence,sst,1430,0.060385991881291075,0.058070076256990434,0.06343548446893692
rmse,persistence,sst,1440,0.059349472324053444,0.056659691780805585,0.062241580337285995
rmse,persistence,sst,1450,0.056812308728694916,0.052481944859027865,0.06033124029636383
rmse,persistence,sst,1460,0.05733683407306671,0.05454844683408737,0.06072063595056534
rmse,persistence,sst,1470,0.05998547275861104,0.057154258340597154,0.06198674514889717
rmse,persistence,sst,1480,0.06004489709933599,0.05735766515135765,0.06304453164339066
rmse,persistence,sst,1490,0.05961355492472649,0.056570421904325485,0.06326421797275543
rmse,persistence,sst,1500,0.05677760740121206,0.05406152456998825,0.059087250381708145
rmse,persistence,sst,1510,0.04845042650898298,0.04421969577670097,0.05129312872886658
rmse,persistence,sst,1520,0.037939321746428806,0.035155536234378816,0.04103416129946709
rmse,persistence,sst,1530,0.024433214714129767,0.021555106341838836,0.029869019240140914
rmse,persistence,sst,1540,0.01232787383099397,0.007457854226231575,0.018721218407154083
rmse,persistence,sst,1550,0.02709358384211858,0.023133935779333113,0.033168870210647586
rmse,persistence,sst,1560,0.039675094683965045,0.035228225588798526,0.04580807462334633
rmse,persistence,sst,1570,0.04921236857771873,0.044794612377882,0.05432729795575142
rmse,persistence,sst,1580,0.05796276678641637,0.054276565462350844,0.06280233561992646
rmse,persistence,sst,1590,0.06157412131627401,0.05722911953926087,0.06700299233198166
rmse,persistence,sst,1600,0.06131921435395877,0.058072352409362794,0.06536982506513596
rmse,persistence,sst,1610,0.06037215515971184,0.057224583625793454,0.06346295922994613
rmse,persistence,sst,1620,0.057661222666502,0.053054841607809065,0.06115660890936851
rmse,persistence,sst,1630,0.057592981557051344,0.05511487945914269,0.061178749054670335
rmse,persistence,sst,1640,0.060140286882718406,0.05709562301635742,0.06229184120893479
rmse,persistence,sst,1650,0.060392641772826515,0.05762844607234001,0.06254966259002685
rmse,persistence,sst,1660,0.0598848007619381,0.0566930815577507,0.06294570416212082
rmse,persistence,sst,1670,0.05747045129537583,0.05483510866761208,0.060366930067539216
rmse,persistence,sst,1680,0.04951286762952804,0.04479246884584427,0.05240231901407242
rmse,persistence,sst,1690,0.038994993766148886,0.036667095869779585,0.042873091995716095
rmse,persistence,sst,1700,0.02588062733411789,0.023784242570400238,0.028298837691545488
rmse,persistence,sst,1710,0.011266047693789005,0.010398650169372558,0.012166515551507473
rmse,persistence,sst,1720,0.02437567412853241,0.022580453008413316,0.027603498846292495
rmse,persistence,sst,1730,0.037850112716356916,0.03396918773651123,0.04262178763747215
rmse,persistence,sst,1740,0.04751543700695038,0.04350608214735985,0.05099805891513824
rmse,persistence,sst,1750,0.056672756622234984,0.05417017266154289,0.059487207978963855
rmse,persistence,sst,1760,0.061115455875794096,0.057141663134098054,0.06500644385814666
rmse,persistence,sst,1770,0.06109495212634405,0.05925930812954903,0.0638631448149681
rmse,persistence,sst,1780,0.06045787011583646,0.05794198140501976,0.06306775659322739
rmse,persistence,sst,1790,0.05792529806494713,0.05459517017006874,0.06156367212533951
rmse,persistence,sst,1800,0.05754089032610257,0.05480488762259483,0.060411394387483594
rmse,persistence,sst,1810,0.060198864340782164,0.05757065638899803,0.06284293085336685
rmse,persistence,sst,1820,0.06090771754582723,0.057572568953037265,0.06366908997297287
rmse,persistence,sst,1830,0.060529092947642006,0.05687638372182846,0.06322899162769317
rmse,persistence,sst,1840,0.05869158481558164,0.05572680681943894,0.060857506841421126
rmse,persistence,sst,1850,0.05144241253534953,0.04548007622361183,0.05492214486002922
rmse,persistence,sst,1860,0.04132015282909075,0.036912184208631516,0.04690130427479744
rmse,persistence,sst,1870,0.02934988389412562,0.02604718841612339,0.032480067759752276
rmse,persistence,sst,1880,0.014744423516094684,0.009558031521737575,0.021155786141753195
rmse,persistence,sst,1890,0.024155716722210247,0.021673264726996423,0.026309770718216895
rmse,persistence,sst,1900,0.03763391549388568,0.034968574345111844,0.04177380427718162
rmse,persistence,sst,1910,0.04702959855397542,0.043819126486778257,0.05096184015274048
rmse,persistence,sst,1920,0.05618391633033752,0.0533448725938797,0.058601686358451845
rmse,persistence,sst,1930,0.061192819972833,0.0565273329615593,0.06461853981018066
rmse,persistence,sst,1940,0.061252293487389885,0.0577548660337925,0.06391484588384629
rmse,persistence,sst,1950,0.06056783745686213,0.05832180231809616,0.06385747939348221
rmse,persistence,sst,1960,0.05793558855851491,0.053810612112283704,0.06224345937371254
rmse,persistence,sst,1970,0.056877481192350386,0.05425193756818771,0.06045535355806351
rmse,persistence,sst,1980,0.05920417830348015,0.05665823370218277,0.062483041733503344
rmse,persistence,sst,1990,0.0600896954536438,0.05764656290411949,0.06201302632689476
rmse,persistence,sst,2000,0.05954834868510564,0.05638449937105179,0.06244913339614868
acc,selected,surface_u,0,1.0,1.0,1.0
acc,selected,surface_u,10,0.9837137937545777,0.9796576142311096,0.987018346786499
acc,selected,surface_u,20,0.9716627359390259,0.9605787038803101,0.9811967015266418
acc,selected,surface_u,30,0.9599602222442627,0.9465717077255249,0.9732592940330506
acc,selected,surface_u,40,0.9400349219640096,0.9155392169952392,0.9623129606246948
acc,selected,surface_u,50,0.9176049868265788,0.874072813987732,0.9448848485946655
acc,selected,surface_u,60,0.9055342872937521,0.8655750989913941,0.9377337217330932
acc,selected,surface_u,70,0.8820989608764649,0.8431881427764892,0.9274335741996765
acc,selected,surface_u,80,0.8564728458722433,0.8090427398681641,0.9070165157318115
acc,selected,surface_u,90,0.8441575209299723,0.7971407413482666,0.9058411836624145
acc,selected,surface_u,100,0.828392497698466,0.7926026821136475,0.8905593514442444
acc,selected,surface_u,110,0.7896025160948436,0.7192264914512634,0.8681785225868225
acc,selected,surface_u,120,0.7728854497273763,0.6782952547073364,0.8684693098068237
acc,selected,surface_u,130,0.768430495262146,0.6640021204948425,0.8564962267875671
acc,selected,surface_u,140,0.7420430441697439,0.5814811587333679,0.8434581637382508
acc,selected,surface_u,150,0.7064875980218251,0.5781097173690796,0.8297558426856995
acc,selected,surface_u,160,0.7050513545672099,0.5938036441802979,0.8178707122802734
acc,selected,surface_u,170,0.6950520912806193,0.5466201722621918,0.8004418134689331
acc,selected,surface_u,180,0.6631430387496948,0.5256690442562103,0.7841034054756164
acc,selected,surface_u,190,0.6542273958524069,0.5203504920005798,0.7712639451026917
acc,selected,surface_u,200,0.6582911888758342,0.5475933909416199,0.7455811023712158
acc,prior,surface_u,0,1.0,1.0,1.0
acc,prior,surface_u,10,0.9237763325373332,0.9026533126831054,0.9454603314399719
acc,prior,surface_u,20,0.8613195419311523,0.8201413035392762,0.899398124217987
acc,prior,surface_u,30,0.8225007772445678,0.779745590686798,0.8640962481498718
acc,prior,surface_u,40,0.7681668758392334,0.732411527633667,0.8204907774925232
acc,prior,surface_u,50,0.7086826960245768,0.6703430771827698,0.7602067947387695
acc,prior,surface_u,60,0.6513011018435161,0.6023168444633484,0.697446072101593
acc,prior,surface_u,70,0.5981627106666565,0.5492964744567871,0.6593832015991211
acc,prior,surface_u,80,0.5479743699232738,0.4782461583614349,0.6346570730209351
acc,prior,surface_u,90,0.5234058996041616,0.45683587789535524,0.5822088360786438
acc,prior,surface_u,100,0.4992481509844462,0.44758158922195435,0.5486981034278869
acc,prior,surface_u,110,0.45661213596661887,0.4274717509746552,0.49820995330810547
acc,prior,surface_u,120,0.4124171257019043,0.37195721864700315,0.4422751307487488
acc,prior,surface_u,130,0.3909678280353546,0.3471131920814514,0.45040584206581114
acc,prior,surface_u,140,0.37221138874689735,0.32683271169662476,0.43378711938858033
acc,prior,surface_u,150,0.34756407539049783,0.2792263746261597,0.38792556524276733
acc,prior,surface_u,160,0.33251642088095346,0.28816327452659607,0.36545068621635435
acc,prior,surface_u,170,0.31642183860143025,0.28602129220962524,0.33470086455345155
acc,prior,surface_u,180,0.2899926314751307,0.25795215368270874,0.31988006830215454
acc,prior,surface_u,190,0.2693486620982488,0.23348971605300903,0.3128633379936218
acc,prior,surface_u,200,0.2657811552286148,0.23983368575572966,0.29834473729133604
acc,selected,surface_v,0,1.0,1.0,1.0
acc,selected,surface_v,10,0.9101013819376628,0.8767140507698059,0.9312519431114197
acc,selected,surface_v,20,0.8856723308563232,0.8609132528305053,0.9160786509513855
acc,selected,surface_v,30,0.8867900172869364,0.8538678765296936,0.9190370798110962
acc,selected,surface_v,40,0.8693242073059082,0.8322575092315674,0.9039291501045227
acc,selected,surface_v,50,0.8555450995763143,0.8307393550872803,0.8875752449035644
acc,selected,surface_v,60,0.8563385049502055,0.8089815139770508,0.8902045607566833
acc,selected,surface_v,70,0.8627002835273743,0.8432685256004333,0.8827430248260498
acc,selected,surface_v,80,0.8216288725535075,0.7721234917640686,0.8672258734703064
acc,selected,surface_v,90,0.821575923760732,0.7915673971176147,0.8632142782211304
acc,selected,surface_v,100,0.828205939133962,0.7821594834327698,0.8641045808792114
acc,selected,surface_v,110,0.8185243328412374,0.7651225686073303,0.8593169450759888
acc,selected,surface_v,120,0.7930641492207845,0.7424886345863342,0.8579868197441101
acc,selected,surface_v,130,0.8034333904584249,0.7602423667907715,0.8586762547492981
acc,selected,surface_v,140,0.8007143656412761,0.7442899584770203,0.8310970783233642
acc,selected,surface_v,150,0.7766101837158204,0.7108961343765259,0.819303548336029
acc,selected,surface_v,160,0.7611751476923625,0.6972270131111145,0.8320600509643554
acc,selected,surface_v,170,0.7774466633796692,0.7313985824584961,0.820929753780365
acc,selected,surface_v,180,0.7542568723360698,0.69590824842453,0.822670316696167
acc,selected,surface_v,190,0.7376677791277567,0.6643109798431397,0.7926447868347168
acc,selected,surface_v,200,0.7425617456436158,0.6752743363380432,0.7932839751243591
acc,prior,surface_v,0,1.0,1.0,1.0
acc,prior,surface_v,10,0.7310831983884175,0.6604160785675048,0.8394197344779968
acc,prior,surface_v,20,0.6911322792371114,0.615365731716156,0.7681786179542541
acc,prior,surface_v,30,0.7462633689244588,0.6718504428863525,0.8039277076721192
acc,prior,surface_v,40,0.711705748240153,0.6620452046394348,0.7473617553710937
acc,prior,surface_v,50,0.641658612092336,0.5656650543212891,0.7029000520706177
acc,prior,surface_v,60,0.6492514848709107,0.5993834495544433,0.707265031337738
acc,prior,surface_v,70,0.6397145489851633,0.5753328919410705,0.6856814622879028
acc,prior,surface_v,80,0.5995565215746562,0.5487983584403991,0.6460103392601013
acc,prior,surface_v,90,0.5662093758583069,0.5240986704826355,0.6150741934776306
acc,prior,surface_v,100,0.5782821317513783,0.5140096426010132,0.645331597328186
acc,prior,surface_v,110,0.5648659388224284,0.5035675644874573,0.6277646064758301
acc,prior,surface_v,120,0.5307450751463573,0.4996634840965271,0.5697445869445801
acc,prior,surface_v,130,0.5371888995170593,0.48447793126106264,0.6005082845687866
acc,prior,surface_v,140,0.5240422109762828,0.43689426183700564,0.5968129277229309
acc,prior,surface_v,150,0.4802664856115977,0.4203463733196259,0.5376661777496338
acc,prior,surface_v,160,0.47805139422416687,0.3978257715702057,0.5587289929389954
acc,prior,surface_v,170,0.4846993943055471,0.45357427597045896,0.5210551619529724
acc,prior,surface_v,180,0.4412598152955373,0.3645683228969574,0.5049932122230529
acc,prior,surface_v,190,0.415462330977122,0.3849940598011017,0.4546604335308075
acc,prior,surface_v,200,0.418987242380778,0.352379697561264,0.4929972946643829
acc,selected,phihyd_surface,0,1.0,1.0,1.0
acc,selected,phihyd_surface,10,0.9976924022038778,0.9973050236701966,0.9981287717819214
acc,selected,phihyd_surface,20,0.9962627013524373,0.9955871820449829,0.9970408797264099
acc,selected,phihyd_surface,30,0.9954803546269735,0.9949907541275025,0.9961729168891906
acc,selected,phihyd_surface,40,0.9947757959365845,0.9941754460334777,0.9955418586730957
acc,selected,phihyd_surface,50,0.9939591487248739,0.9931239008903503,0.9950510025024414
acc,selected,phihyd_surface,60,0.992976979414622,0.9921589612960815,0.994281017780304
acc,selected,phihyd_surface,70,0.9921819647153218,0.9907879948616027,0.9929066658020019
acc,selected,phihyd_surface,80,0.9914286812146504,0.9904197335243226,0.9927193641662597
acc,selected,phihyd_surface,90,0.9906566977500916,0.9881656765937805,0.992518675327301
acc,selected,phihyd_surface,100,0.9896063645680745,0.9870358943939209,0.9916046500205994
acc,selected,phihyd_surface,110,0.9883773644765218,0.9860051393508911,0.9905752182006836
acc,selected,phihyd_surface,120,0.9872195204099019,0.9852056384086609,0.9899222016334533
acc,selected,phihyd_surface,130,0.9856780529022217,0.9818447947502136,0.9888304710388184
acc,selected,phihyd_surface,140,0.9842059731483459,0.9798990488052368,0.9879393935203552
acc,selected,phihyd_surface,150,0.9829975326855978,0.979143488407135,0.9865344405174256
acc,selected,phihyd_surface,160,0.9810906688372294,0.976581609249115,0.9846745729446411
acc,selected,phihyd_surface,170,0.978495717048645,0.9758513331413269,0.9829243898391724
acc,selected,phihyd_surface,180,0.9771735151608785,0.9741713166236877,0.9810405611991883
acc,selected,phihyd_surface,190,0.975335693359375,0.9710814476013183,0.9796415090560913
acc,selected,phihyd_surface,200,0.9735004067420959,0.9702610373497009,0.9776406288146973
acc,prior,phihyd_surface,0,1.0,1.0,1.0
acc,prior,phihyd_surface,10,0.9755500197410584,0.9694863200187683,0.9818682312965393
acc,prior,phihyd_surface,20,0.9555517991383871,0.9428129673004151,0.9650830864906311
acc,prior,phihyd_surface,30,0.9392671386400858,0.9204784750938415,0.9527639031410218
acc,prior,phihyd_surface,40,0.9233722805976867,0.902695894241333,0.9434173464775085
acc,prior,phihyd_surface,50,0.9046656529108683,0.8849178552627563,0.9303838968276977
acc,prior,phihyd_surface,60,0.8838693936665852,0.8610427618026734,0.9124914765357971
acc,prior,phihyd_surface,70,0.8618959267934163,0.8369056344032287,0.8918621063232421
acc,prior,phihyd_surface,80,0.8401503841082255,0.8151741743087768,0.8725709557533264
acc,prior,phihyd_surface,90,0.81676052014033,0.7931765675544739,0.8464098334312439
acc,prior,phihyd_surface,100,0.7950913429260253,0.7698495030403137,0.8242895364761352
acc,prior,phihyd_surface,110,0.7793399135271708,0.7549823760986328,0.8102481245994568
acc,prior,phihyd_surface,120,0.765436859925588,0.7464503407478332,0.7891578674316406
acc,prior,phihyd_surface,130,0.7504505634307861,0.7299628615379333,0.7661448836326599
acc,prior,phihyd_surface,140,0.7394540826479594,0.7200644612312317,0.760342252254486
acc,prior,phihyd_surface,150,0.7311510284741719,0.715130090713501,0.7487557888031006
acc,prior,phihyd_surface,160,0.7203301310539245,0.7043214797973633,0.7333474040031434
acc,prior,phihyd_surface,170,0.7122231562932332,0.6973740220069885,0.7241991519927978
acc,prior,phihyd_surface,180,0.7079995354016622,0.696421456336975,0.7203940629959107
acc,prior,phihyd_surface,190,0.7014589190483094,0.6929306507110595,0.7117873072624207
acc,prior,phihyd_surface,200,0.6926665862401327,0.6816545009613038,0.7027374744415283
acc,selected,sst,0,1.0,1.0,1.0
acc,selected,sst,10,0.9487751801808675,0.9420595526695251,0.9551057815551758
acc,selected,sst,20,0.915156090259552,0.902576994895935,0.927361786365509
acc,selected,sst,30,0.8966403086980184,0.8859317898750305,0.913908588886261
acc,selected,sst,40,0.880984361966451,0.8709363102912903,0.8982556462287903
acc,selected,sst,50,0.8710770646731059,0.8617232441902161,0.8888214230537415
acc,selected,sst,60,0.8579017480214437,0.8473700404167175,0.8734360814094544
acc,selected,sst,70,0.8481847127278646,0.8352123737335205,0.8636385202407837
acc,selected,sst,80,0.8389322400093079,0.8209572434425354,0.8496159553527832
acc,selected,sst,90,0.8310426354408265,0.8110838413238526,0.844511890411377
acc,selected,sst,100,0.821658972899119,0.8044774651527404,0.832268750667572
acc,selected,sst,110,0.8116931041081746,0.7944235324859619,0.8231438875198365
acc,selected,sst,120,0.8013051708539327,0.7884699583053589,0.8127877354621887
acc,selected,sst,130,0.7945267677307128,0.7771456599235534,0.8106636166572571
acc,selected,sst,140,0.7847104628880819,0.7567317962646485,0.8018906235694885
acc,selected,sst,150,0.7738581776618958,0.7378814935684204,0.7958892822265625
acc,selected,sst,160,0.7629397630691528,0.7228856444358825,0.7862971901893616
acc,selected,sst,170,0.7502501527468364,0.7159523010253906,0.7691370964050293
acc,selected,sst,180,0.7324439088503519,0.704732358455658,0.7591700196266175
acc,selected,sst,190,0.7198049028714498,0.6840532779693603,0.7508737921714783
acc,selected,sst,200,0.7132629116376241,0.6801671743392944,0.7413739442825318
acc,prior,sst,0,1.0,1.0,1.0
acc,prior,sst,10,0.8026041865348816,0.7713944435119628,0.8257326245307922
acc,prior,sst,20,0.6784772713979085,0.6450692176818847,0.7218491792678833
acc,prior,sst,30,0.5957267165184021,0.5397762537002564,0.6451976895332336
acc,prior,sst,40,0.5399372220039368,0.47700130343437197,0.5954761266708374
acc,prior,sst,50,0.504657793045044,0.44700558185577394,0.5824323654174804
acc,prior,sst,60,0.4672352870305379,0.42632369995117186,0.5416292309761047
acc,prior,sst,70,0.4312384188175201,0.3924356818199158,0.491412365436554
acc,prior,sst,80,0.40144805510838827,0.3570935070514679,0.4525560975074768
acc,prior,sst,90,0.37590266664822897,0.3243687927722931,0.4227817952632904
acc,prior,sst,100,0.3552128215630849,0.3043592631816864,0.40404862761497495
acc,prior,sst,110,0.3344972749551137,0.30043053030967715,0.3781517505645752
acc,prior,sst,120,0.3139812688032786,0.2799971282482147,0.34986736774444577
acc,prior,sst,130,0.3000169038772583,0.26520879864692687,0.3423241317272186
acc,prior,sst,140,0.28259222010771434,0.2440457284450531,0.30830930471420287
acc,prior,sst,150,0.2632820020119349,0.23488018810749053,0.28557305932044985
acc,prior,sst,160,0.2527693430582682,0.2253514438867569,0.2849436283111572
acc,prior,sst,170,0.24391993383566538,0.21967653632164003,0.27594646215438845
acc,prior,sst,180,0.23279693424701692,0.2058521807193756,0.26597285866737364
acc,prior,sst,190,0.2219929446776708,0.1906589835882187,0.24246613085269927
acc,prior,sst,200,0.21931604743003846,0.18732104301452637,0.24651078581809996
