metric,model_or_method,field,lead_days,mean,p10,p90
rmse,model,surface_speed,0,0.0,0.0,0.0
rmse,model,surface_speed,10,0.000755251629743725,0.000625604426022619,0.0009053089306689799
rmse,model,surface_speed,20,0.0009778769027131299,0.0008412147872149944,0.001103791780769825
rmse,model,surface_speed,30,0.0011240021131622294,0.0010165245737880468,0.0012079179286956787
rmse,model,surface_speed,40,0.0012861661962233484,0.0010661861626431346,0.0015130348037928343
rmse,model,surface_speed,50,0.0013950833585113288,0.0011082130018621682,0.0015705979894846678
rmse,model,surface_speed,60,0.0015465146473919351,0.0011926601408049464,0.0017351243644952775
rmse,model,surface_speed,70,0.0016508062758172552,0.0013496453408151864,0.0018284529447555541
rmse,model,surface_speed,80,0.001766721399811407,0.0014230689266696572,0.0019691948778927325
rmse,model,surface_speed,90,0.0018711332076539597,0.0016016184817999601,0.002187734330072999
rmse,model,surface_speed,100,0.0020339250564575194,0.0017635348485782743,0.0024840998928993938
rmse,model,surface_speed,110,0.0021230005736773212,0.0016815785551443697,0.00261590052396059
rmse,model,surface_speed,120,0.0022608509908119837,0.0018134975573047996,0.0027589506469666955
rmse,model,surface_speed,130,0.002408691286109388,0.0019043773645535111,0.002908899029716849
rmse,model,surface_speed,140,0.002533768148471912,0.0020570777822285892,0.0031611211597919464
rmse,model,surface_speed,150,0.002684069999183218,0.0021773803047835825,0.003593578841537237
rmse,model,surface_speed,160,0.0028403537503133218,0.0022833438124507666,0.0037592848762869834
rmse,model,surface_speed,170,0.002961765245224039,0.002400033315643668,0.003708800626918673
rmse,model,surface_speed,180,0.003087724419310689,0.0025267719756811857,0.003979815635830164
rmse,model,surface_speed,190,0.003219624577711026,0.00270377304404974,0.004264737199991941
rmse,model,surface_speed,200,0.0033548805862665177,0.002863714937120676,0.004138652607798576
rmse,model,surface_speed,210,0.003487005907421311,0.0030298138968646525,0.00421977024525404
rmse,model,surface_speed,220,0.0036077513359487057,0.0031022299081087112,0.004421478509902954
rmse,model,surface_speed,230,0.003744392469525337,0.0032635766081511976,0.004679724480956793
rmse,model,surface_speed,240,0.003840362668658296,0.0033274785615503787,0.004840882960706949
rmse,model,surface_speed,250,0.003968481005479892,0.0034659948199987412,0.004845146089792252
rmse,model,surface_speed,260,0.004055657175680002,0.0035413188859820368,0.004854651913046837
rmse,model,surface_speed,270,0.004169771835828821,0.0036814781837165357,0.00489593930542469
rmse,model,surface_speed,280,0.004235127009451389,0.0039023369550704955,0.00482500847429037
rmse,model,surface_speed,290,0.004358308513959249,0.003992905188351869,0.004954406898468732
rmse,model,surface_speed,300,0.004504913308968146,0.00419226186349988,0.005030968878418207
rmse,model,surface_speed,310,0.0046453909948468205,0.004387879930436611,0.005142657086253166
rmse,model,surface_speed,320,0.004774998997648557,0.004512808471918106,0.005275318026542663
rmse,model,surface_speed,330,0.004969996648530165,0.004707813449203968,0.005435871612280607
rmse,model,surface_speed,340,0.0051128562850256765,0.004775376338511705,0.005505847372114658
rmse,model,surface_speed,350,0.005226237575213114,0.004876065626740455,0.005634733475744724
rmse,model,surface_speed,360,0.005367755486319462,0.005050614010542631,0.005748631339520216
rmse,model,surface_speed,370,0.00554032496487101,0.005098108667880297,0.0058335205540061
rmse,model,surface_speed,380,0.0056202862411737445,0.00521186999976635,0.005867732409387827
rmse,model,surface_speed,390,0.00573584595695138,0.005503917019814253,0.0059901423752307895
rmse,model,surface_speed,400,0.005869873675207297,0.005634483881294727,0.00625797500833869
rmse,model,surface_speed,410,0.005988522929449876,0.005574090126901865,0.006519860681146383
rmse,model,surface_speed,420,0.00608461145311594,0.00572654576972127,0.006605162844061851
rmse,model,surface_speed,430,0.006118917589386304,0.005856814328581095,0.0064310702495276924
rmse,model,surface_speed,440,0.006226041043798129,0.005867947731167078,0.0065655970014631745
rmse,model,surface_speed,450,0.006340224420030912,0.005924472864717245,0.006964265927672386
rmse,model,surface_speed,460,0.006402406810472409,0.005877926666289568,0.00694138603284955
rmse,model,surface_speed,470,0.006430341303348542,0.005864999070763588,0.007027869578450918
rmse,model,surface_speed,480,0.0065962096365789575,0.006053455173969269,0.007171204779297113
rmse,model,surface_speed,490,0.006624510915329059,0.0060622477903962135,0.0073055514134466645
rmse,model,surface_speed,500,0.006720969577630361,0.006002651806920767,0.007623554114252329
rmse,model,surface_speed,510,0.006854265400518974,0.0061363461427390575,0.007931794971227646
rmse,model,surface_speed,520,0.0068769521700839205,0.00616748770698905,0.00781371258199215
rmse,model,surface_speed,530,0.006883670855313539,0.00620188545435667,0.007377496268600225
rmse,model,surface_speed,540,0.006988086955000957,0.0063507543876767155,0.007442979328334332
rmse,model,surface_speed,550,0.007067046562830607,0.006519780959933996,0.007639420498162508
rmse,model,surface_speed,560,0.007068837558229764,0.006381055247038603,0.008072384819388389
rmse,model,surface_speed,570,0.007087106009324392,0.006229296419769525,0.008082873933017253
rmse,model,surface_speed,580,0.0072464527251819765,0.006580659653991461,0.00799044631421566
rmse,model,surface_speed,590,0.007325063397487005,0.006737190205603838,0.00803668275475502
rmse,model,surface_speed,600,0.007251718547195196,0.00653665354475379,0.008117425441741943
rmse,model,surface_speed,610,0.00736917316292723,0.0066498065367341045,0.008283141069114208
rmse,model,surface_speed,620,0.007523430356134971,0.006794426124542952,0.008879165723919868
rmse,model,surface_speed,630,0.007532918608436982,0.006778629682958126,0.008747681602835655
rmse,model,surface_speed,640,0.007423568175484737,0.006634495407342911,0.008392295241355896
rmse,model,surface_speed,650,0.007539183398087819,0.006940062623471022,0.008367077633738517
rmse,model,surface_speed,660,0.007531558629125357,0.006935122609138489,0.008472356759011746
rmse,model,surface_speed,670,0.007505717904617389,0.006945363339036703,0.008131698705255985
rmse,model,surface_speed,680,0.007522241398692131,0.007021388970315456,0.008059714920818806
rmse,model,surface_speed,690,0.007550514737764994,0.007057332806289196,0.008092492260038853
rmse,model,surface_speed,700,0.007583638994644085,0.0071286696940660475,0.008163568004965783
rmse,model,surface_speed,710,0.007620800534884135,0.0072371927089989185,0.008151726424694061
rmse,model,surface_speed,720,0.007598453015089035,0.007201075833290815,0.0081210071220994
rmse,model,surface_speed,730,0.007624186296015978,0.007185087632387876,0.008269547298550606
rmse,model,surface_speed,740,0.007608609367161989,0.007096566632390023,0.008332165144383907
rmse,model,surface_speed,750,0.007699931381891171,0.007264807354658842,0.00835479274392128
rmse,model,surface_speed,760,0.007714506890624762,0.00728529067710042,0.008318635076284409
rmse,model,surface_speed,770,0.007703246269375086,0.007077117823064328,0.008257056586444378
rmse,model,surface_speed,780,0.007695668159673611,0.007058450486510992,0.008231008797883988
rmse,model,surface_speed,790,0.00782487274458011,0.007230920437723398,0.008462489396333695
rmse,model,surface_speed,800,0.00778423963735501,0.007291202526539564,0.008231708407402038
rmse,model,surface_speed,810,0.007867774926126003,0.007356908172369003,0.008239706046879292
rmse,model,surface_speed,820,0.007993290418138106,0.007637490425258875,0.008432651124894618
rmse,model,surface_speed,830,0.0080491759814322,0.007525377999991178,0.008414451964199543
rmse,model,surface_speed,840,0.00813007652759552,0.00762587171047926,0.008624769933521747
rmse,model,surface_speed,850,0.008260967737684647,0.007741998787969351,0.008943801932036876
rmse,model,surface_speed,860,0.00827570032949249,0.007566021010279656,0.009180947579443455
rmse,model,surface_speed,870,0.008355084744592508,0.007737395819276571,0.009111321158707142
rmse,model,surface_speed,880,0.00848294903213779,0.007853670604526996,0.00941083375364542
rmse,model,surface_speed,890,0.00850341518719991,0.0077509601600468155,0.009228186681866646
rmse,model,surface_speed,900,0.008456773900737366,0.007757644262164831,0.008989072032272815
rmse,model,surface_speed,910,0.00855361313248674,0.007799311447888613,0.009301500208675862
rmse,model,surface_speed,920,0.008671478182077409,0.0079087745398283,0.009373975545167923
rmse,model,surface_speed,930,0.00861483154197534,0.007935014925897122,0.009263219870626926
rmse,model,surface_speed,940,0.008582648572822411,0.00805615857243538,0.00901667308062315
rmse,model,surface_speed,950,0.008594550006091595,0.00805753394961357,0.009195148758590222
rmse,model,surface_speed,960,0.008632224487761657,0.008108286000788213,0.009335161559283734
rmse,model,surface_speed,970,0.00847123774389426,0.008004900813102723,0.00896315611898899
rmse,model,surface_speed,980,0.008506006871660551,0.00800842847675085,0.00894865281879902
rmse,model,surface_speed,990,0.008593531263371309,0.00797730777412653,0.009202243015170097
rmse,model,surface_speed,1000,0.008553280433019003,0.00799185037612915,0.009152134880423546
rmse,model,surface_speed,1010,0.008492795936763286,0.008002847619354724,0.00887729823589325
rmse,model,surface_speed,1020,0.008579648720721403,0.008012907393276692,0.009078970551490784
rmse,model,surface_speed,1030,0.008567751323183378,0.00795233715325594,0.009074889309704303
rmse,model,surface_speed,1040,0.00846933964639902,0.007886869460344314,0.009121425449848175
rmse,model,surface_speed,1050,0.008558626969655354,0.007945398055016994,0.009183436818420886
rmse,model,surface_speed,1060,0.008687153582771619,0.008077210746705532,0.009521987847983837
rmse,model,surface_speed,1070,0.008533427553872267,0.008010865561664105,0.009062845073640347
rmse,model,surface_speed,1080,0.008598720623801152,0.007955223321914673,0.009323377348482608
rmse,model,surface_speed,1090,0.008773700365175803,0.008170301280915736,0.009598935395479203
rmse,model,surface_speed,1100,0.008767563725511233,0.008250240981578828,0.009453427605330944
rmse,model,surface_speed,1110,0.008799453948934872,0.00811917893588543,0.009344490617513657
rmse,model,surface_speed,1120,0.008866596470276515,0.008232656493782997,0.00940797571092844
rmse,model,surface_speed,1130,0.008990552090108395,0.008250588551163673,0.0096570435911417
rmse,model,surface_speed,1140,0.008925763517618179,0.008187025971710681,0.009548551216721535
rmse,model,surface_speed,1150,0.008980068688591322,0.008266938850283623,0.009515465050935746
rmse,model,surface_speed,1160,0.009082681809862455,0.008359347842633725,0.009787769243121146
rmse,model,surface_speed,1170,0.009062787021199862,0.00824822075664997,0.00975753515958786
rmse,model,surface_speed,1180,0.008986064481238525,0.00826247949153185,0.009694180078804493
rmse,model,surface_speed,1190,0.009087965140740078,0.008369342982769012,0.009810463525354862
rmse,model,surface_speed,1200,0.009130897497137387,0.008455551229417324,0.009929967485368252
rmse,model,surface_speed,1210,0.008993908390402794,0.008189496211707592,0.009717071987688541
rmse,model,surface_speed,1220,0.009052603133022785,0.008035784400999547,0.01012132354080677
rmse,model,surface_speed,1230,0.009170210609833399,0.008212709985673427,0.010321207903325557
rmse,model,surface_speed,1240,0.00908138658851385,0.008039217814803124,0.010237093083560467
rmse,model,surface_speed,1250,0.009142729515830676,0.00807266216725111,0.010465160571038723
rmse,model,surface_speed,1260,0.0092035211622715,0.008180462941527366,0.010542524792253972
rmse,model,surface_speed,1270,0.009176103708644709,0.008355838619172573,0.010477430187165737
rmse,model,surface_speed,1280,0.009098067817588647,0.008263341896235944,0.010360365174710751
rmse,model,surface_speed,1290,0.009070361281434696,0.00825769193470478,0.010143485851585865
rmse,model,surface_speed,1300,0.009012473622957866,0.008200566656887532,0.010087711922824382
rmse,model,surface_speed,1310,0.00887714313964049,0.008083784393966198,0.009878494404256343
rmse,model,surface_speed,1320,0.008747509121894837,0.0079661188647151,0.009705387987196445
rmse,model,surface_speed,1330,0.008807182653496663,0.007899586111307144,0.009573158249258995
rmse,model,surface_speed,1340,0.008772898651659488,0.007802061643451453,0.009637211076915264
rmse,model,surface_speed,1350,0.00859858701005578,0.00785142369568348,0.009299730323255062
rmse,model,surface_speed,1360,0.008615876144419114,0.007841802667826414,0.00924458410590887
rmse,model,surface_speed,1370,0.008589073084294796,0.007840972300618887,0.009007957950234412
rmse,model,surface_speed,1380,0.008487155971427759,0.007807121053338051,0.008932122588157653
rmse,model,surface_speed,1390,0.008555781779189904,0.00792979057878256,0.009026412852108479
rmse,model,surface_speed,1400,0.008621548985441525,0.0079872764647007,0.009058475121855735
rmse,model,surface_speed,1410,0.008574364179124435,0.00797801073640585,0.008995742723345756
rmse,model,surface_speed,1420,0.008640909505387147,0.008064794167876244,0.009173255041241645
rmse,model,surface_speed,1430,0.00875489426155885,0.008146323822438717,0.009253032132983207
rmse,model,surface_speed,1440,0.008808219991624355,0.008329292759299278,0.009263703785836696
rmse,model,surface_speed,1450,0.008805627500017484,0.008364812843501568,0.009335164539515972
rmse,model,surface_speed,1460,0.00883897158006827,0.008323559351265431,0.009568104520440102
rmse,model,surface_speed,1470,0.008903164106110731,0.008403202146291732,0.009479243867099285
rmse,model,surface_speed,1480,0.008901353863378366,0.008210536278784274,0.009441712684929372
rmse,model,surface_speed,1490,0.008825132499138515,0.008254179172217846,0.009646423906087876
rmse,model,surface_speed,1500,0.00892270915210247,0.008285626210272313,0.009477272257208824
rmse,model,surface_speed,1510,0.008953227537373702,0.008397385664284229,0.009605738706886769
rmse,model,surface_speed,1520,0.008843627882500489,0.008252023160457611,0.009428675472736358
rmse,model,surface_speed,1530,0.008933239119748275,0.0082249965518713,0.009544845670461655
rmse,model,surface_speed,1540,0.008921238904198011,0.008193300105631351,0.00971619039773941
rmse,model,surface_speed,1550,0.008917665916184585,0.008315753191709518,0.009656460583209991
rmse,model,surface_speed,1560,0.00896268164118131,0.008219442702829838,0.009580501727759838
rmse,model,surface_speed,1570,0.009033743975063164,0.008296154625713825,0.009800605475902557
rmse,model,surface_speed,1580,0.008958652801811694,0.008308129198849202,0.009564634785056115
rmse,model,surface_speed,1590,0.00895398271580537,0.008325822651386261,0.009621298871934414
rmse,model,surface_speed,1600,0.008958704521258671,0.008482229523360729,0.00958441011607647
rmse,model,surface_speed,1610,0.00899723997960488,0.00855965055525303,0.009525103308260442
rmse,model,surface_speed,1620,0.00894677775601546,0.008613871783018113,0.009241316840052605
rmse,model,surface_speed,1630,0.008884482582410176,0.008625278435647487,0.009267118945717811
rmse,model,surface_speed,1640,0.008895132814844449,0.00858769454061985,0.009384757466614246
rmse,model,surface_speed,1650,0.008847603077689807,0.00852248128503561,0.009216035902500152
rmse,model,surface_speed,1660,0.008607469995816549,0.008292165584862232,0.008957386389374733
rmse,model,surface_speed,1670,0.008603194231788317,0.00814701709896326,0.00910454485565424
rmse,model,surface_speed,1680,0.008635374034444492,0.008178286999464036,0.009233692847192287
rmse,model,surface_speed,1690,0.00853711428741614,0.008082348480820655,0.009072973579168319
rmse,model,surface_speed,1700,0.008563492757578691,0.008086478710174561,0.009121397323906422
rmse,model,surface_speed,1710,0.008620115059117476,0.008139310963451862,0.009063607268035411
rmse,model,surface_speed,1720,0.008612028136849404,0.008308537304401398,0.008966388553380967
rmse,model,surface_speed,1730,0.008615194540470838,0.008202170953154564,0.009073961898684502
rmse,model,surface_speed,1740,0.008688471497346957,0.008173985220491887,0.009075280278921127
rmse,model,surface_speed,1750,0.008626957672337692,0.008188667334616184,0.009153678640723228
rmse,model,surface_speed,1760,0.00865021850913763,0.008255204372107982,0.008969385735690593
rmse,model,surface_speed,1770,0.008635878438750903,0.008161274343729019,0.008973226882517338
rmse,model,surface_speed,1780,0.008712595887482166,0.008352363482117653,0.009174306876957417
rmse,model,surface_speed,1790,0.00878820860137542,0.008220532163977622,0.00946911945939064
rmse,model,surface_speed,1800,0.00886830451587836,0.008249656111001969,0.009754706919193269
rmse,model,surface_speed,1810,0.008915728020171324,0.008234065398573876,0.009733646549284459
rmse,model,surface_speed,1820,0.008932042556504408,0.008201565220952034,0.009858957678079604
rmse,model,surface_speed,1830,0.008875571191310883,0.008002525568008423,0.009893777966499328
rmse,model,surface_speed,1840,0.008891779898355405,0.008175626769661904,0.009819907881319524
rmse,model,surface_speed,1850,0.00895930901169777,0.008224459365010262,0.010069386102259159
rmse,model,surface_speed,1860,0.008986705169081687,0.008060421608388425,0.010257944650948047
rmse,model,surface_speed,1870,0.009027960741271575,0.008127567730844021,0.010050441697239875
rmse,model,surface_speed,1880,0.0090379875463744,0.008354067616164685,0.010017805732786655
rmse,model,surface_speed,1890,0.009070163841048877,0.008248199336230755,0.010180797427892685
rmse,model,surface_speed,1900,0.009113098525752624,0.008213861286640168,0.01005489844828844
rmse,model,surface_speed,1910,0.009171864452461402,0.00828010607510805,0.010191100090742112
rmse,model,surface_speed,1920,0.009138042852282525,0.008280237391591071,0.010087645798921584
rmse,model,surface_speed,1930,0.009055233125885328,0.008225941844284535,0.009884352050721645
rmse,model,surface_speed,1940,0.008957640298952659,0.008122526109218597,0.009876816533505917
rmse,model,surface_speed,1950,0.00894942997644345,0.008154226094484329,0.009983128122985362
rmse,model,surface_speed,1960,0.00897063808515668,0.007929614745080471,0.009912821464240551
rmse,model,surface_speed,1970,0.008992792914311092,0.008094955980777741,0.009732131101191043
rmse,model,surface_speed,1980,0.008923215574274461,0.007960981782525777,0.009895731508731841
rmse,model,surface_speed,1990,0.008871319269140561,0.007841010112315416,0.01001115720719099
rmse,model,surface_speed,2000,0.00891869617626071,0.007955763302743436,0.010164357163012028
rmse,climatology,surface_speed,0,0.003483150666579604,0.003082289919257164,0.0038193108048290014
rmse,climatology,surface_speed,10,0.0033636869086573523,0.0030656424816697834,0.0036313133779913185
rmse,climatology,surface_speed,20,0.0034482390930255253,0.0032233613543212413,0.003711535269394517
rmse,climatology,surface_speed,30,0.0035018501492838066,0.00318124876357615,0.0038929723203182222
rmse,climatology,surface_speed,40,0.00342121225160857,0.0030003468040376902,0.0037263927049934866
rmse,climatology,surface_speed,50,0.00343005396425724,0.003051483677700162,0.00374471521936357
rmse,climatology,surface_speed,60,0.00351786605703334,0.003111187648028135,0.003641898510977626
rmse,climatology,surface_speed,70,0.003458885584647457,0.0029819020535796882,0.003498874185606837
rmse,climatology,surface_speed,80,0.0034494626335799692,0.002973990887403488,0.003671011235564947
rmse,climatology,surface_speed,90,0.003562444138030211,0.002918521873652935,0.004021911416202784
rmse,climatology,surface_speed,100,0.003629363172998031,0.0032170973252505066,0.004143981635570526
rmse,climatology,surface_speed,110,0.0034900281423081952,0.0030214297119528057,0.004266700614243745
rmse,climatology,surface_speed,120,0.0035588504591335854,0.0029065740294754506,0.00481131300330162
rmse,climatology,surface_speed,130,0.003643997525796294,0.003074161522090435,0.00488055795431137
rmse,climatology,surface_speed,140,0.003640605447192987,0.003067094273865223,0.004740914143621921
rmse,climatology,surface_speed,150,0.003612006471181909,0.0029644875321537256,0.004666800983250141
rmse,climatology,surface_speed,160,0.0037537249891708294,0.00306641417555511,0.005282246973365544
rmse,climatology,surface_speed,170,0.0037696822391202053,0.002968915365636349,0.005190011765807866
rmse,climatology,surface_speed,180,0.0036744978123654922,0.0028529281727969645,0.005210142023861408
rmse,climatology,surface_speed,190,0.0037473389413207768,0.002872107271105051,0.005604173522442579
rmse,climatology,surface_speed,200,0.0038475769106298685,0.0030372698325663804,0.005471385922282934
rmse,climatology,surface_speed,210,0.0037900323048233988,0.002925727842375636,0.005063790269196033
rmse,climatology,surface_speed,220,0.0037698041337231795,0.0029313983395695686,0.005118785426020622
rmse,climatology,surface_speed,230,0.0038252479707201322,0.002960879262536764,0.005211523734033108
rmse,climatology,surface_speed,240,0.003753873007372022,0.0029495298862457276,0.005208831559866667
rmse,climatology,surface_speed,250,0.0036651603411883118,0.0030053016263991593,0.005084473639726639
rmse,climatology,surface_speed,260,0.003671895805746317,0.0028910859022289515,0.004959142953157425
rmse,climatology,surface_speed,270,0.003667520980040232,0.0031860648654401303,0.0046119867824018
rmse,climatology,surface_speed,280,0.0034454568289220334,0.003060405608266592,0.004083133209496737
rmse,climatology,surface_speed,290,0.003401386303206285,0.002830109279602766,0.00402572276070714
rmse,climatology,surface_speed,300,0.0034250445198267697,0.003014210145920515,0.003971921280026436
rmse,climatology,surface_speed,310,0.0033765321131795645,0.003023827215656638,0.00366395371966064
rmse,climatology,surface_speed,320,0.0032736305768291158,0.0028565974440425634,0.0036053655203431845
rmse,climatology,surface_speed,330,0.003378949345399936,0.0030613488983362914,0.0039013768546283245
rmse,climatology,surface_speed,340,0.0033724169712513684,0.0030343753285706045,0.003849106002599001
rmse,climatology,surface_speed,350,0.003227809738988678,0.00286314464174211,0.0035764701664447785
rmse,climatology,surface_speed,360,0.0032508065303166705,0.002860331628471613,0.0036229236982762815
rmse,climatology,surface_speed,370,0.0033503105708708367,0.003139591868966818,0.003549442160874605
rmse,climatology,surface_speed,380,0.003269168408587575,0.0029179556760936974,0.00350967226549983
rmse,climatology,surface_speed,390,0.003235493072619041,0.0029687096364796163,0.003426301945000887
rmse,climatology,surface_speed,400,0.0033003112922112146,0.0030058433767408133,0.003532146429643035
rmse,climatology,surface_speed,410,0.003261845527837674,0.003029937716200948,0.0035112340934574603
rmse,climatology,surface_speed,420,0.0031898466404527426,0.0029560215305536987,0.0033971755765378475
rmse,climatology,surface_speed,430,0.00327877402305603,0.002953060111030936,0.003623278858140111
rmse,climatology,surface_speed,440,0.0033657065437485774,0.003197721717879176,0.0036037725862115622
rmse,climatology,surface_speed,450,0.0032249768109371265,0.0029514880385249852,0.003596463007852435
rmse,climatology,surface_speed,460,0.0032497651254137358,0.0029145242646336556,0.0037092600017786027
rmse,climatology,surface_speed,470,0.0033850479250152905,0.00307630836032331,0.0038338986225426195
rmse,climatology,surface_speed,480,0.003428985395779212,0.0030160026159137487,0.004103754460811615
rmse,climatology,surface_speed,490,0.0034124450913319984,0.0028766268398612736,0.004412508942186832
rmse,climatology,surface_speed,500,0.003615680957833926,0.0029289675410836937,0.004921845998615026
rmse,climatology,surface_speed,510,0.003727396282677849,0.0031099626794457436,0.005083191394805908
rmse,climatology,surface_speed,520,0.0036459272106488545,0.0029935962054878475,0.00492771714925766
rmse,climatology,surface_speed,530,0.003675053423891465,0.002942278841510415,0.0049709082581102845
rmse,climatology,surface_speed,540,0.0038143802744646867,0.0031749569345265625,0.0048048138618469235
rmse,climatology,surface_speed,550,0.0037620560576518375,0.0030813737772405147,0.004867095127701759
rmse,climatology,surface_speed,560,0.003726983225593964,0.0030779171269387008,0.004772997647523879
rmse,climatology,surface_speed,570,0.0037786295016606648,0.0032932757865637543,0.004555350821465253
rmse,climatology,surface_speed,580,0.003746431041508913,0.0031629163306206463,0.0045543526299297804
rmse,climatology,surface_speed,590,0.003668068613236149,0.0028480586130172013,0.004420152492821216
rmse,climatology,surface_speed,600,0.0037960171854744353,0.003146848874166608,0.004614917747676373
rmse,climatology,surface_speed,610,0.0039253285775582,0.0032548642717301845,0.005145917367190123
rmse,climatology,surface_speed,620,0.003822322702035308,0.0028419777750968932,0.005156856961548328
rmse,climatology,surface_speed,630,0.0037880198874821265,0.002966047590598464,0.004986649565398693
rmse,climatology,surface_speed,640,0.0038187511575718722,0.0032493894919753074,0.004971655085682869
rmse,climatology,surface_speed,650,0.0037338935925314825,0.003081676363945007,0.004771142173558474
rmse,climatology,surface_speed,660,0.0035465432486186427,0.0028347054962068797,0.004235955700278282
rmse,climatology,surface_speed,670,0.003568793833255768,0.0030489079654216766,0.003969620261341333
rmse,climatology,surface_speed,680,0.0035576490530123315,0.0031617289409041406,0.004001104179769755
rmse,climatology,surface_speed,690,0.0033942118597527346,0.0030402847565710544,0.0037747783586382865
rmse,climatology,surface_speed,700,0.0033654055713365476,0.0031211990863084793,0.0035383099224418403
rmse,climatology,surface_speed,710,0.003480742359533906,0.0032232464756816624,0.0038772803731262685
rmse,climatology,surface_speed,720,0.0034168411511927843,0.0029841640964150427,0.0038944500498473643
rmse,climatology,surface_speed,730,0.0033544565085321665,0.003047868236899376,0.00375081836245954
rmse,climatology,surface_speed,740,0.0033866417749474445,0.0030638725496828557,0.003598664794117212
rmse,climatology,surface_speed,750,0.0033684566927452884,0.0030818921979516743,0.003633845504373312
rmse,climatology,surface_speed,760,0.0032512521836906673,0.0028972772881388663,0.003545897640287876
rmse,climatology,surface_speed,770,0.0033277866430580618,0.0030144714284688233,0.003567061806097627
rmse,climatology,surface_speed,780,0.003435218287631869,0.0032103005796670914,0.0036598543170839547
rmse,climatology,surface_speed,790,0.0033685239342351753,0.0029806568752974274,0.003679005289450288
rmse,climatology,surface_speed,800,0.0033466598329444726,0.003004077123478055,0.0037214158102869986
rmse,climatology,surface_speed,810,0.0035054344528665147,0.003057651361450553,0.00410188203677535
rmse,climatology,surface_speed,820,0.003571228248377641,0.003023998253047466,0.004411763045936823
rmse,climatology,surface_speed,830,0.003550385699296991,0.0029544650111347436,0.004612153023481369
rmse,climatology,surface_speed,840,0.0036889115038017434,0.0031512598507106304,0.004806322883814573
rmse,climatology,surface_speed,850,0.003807465390612682,0.0031829651445150374,0.005291166715323925
rmse,climatology,surface_speed,860,0.003756018433098992,0.0029023126233369114,0.005499448440968989
rmse,climatology,surface_speed,870,0.0037750601458052795,0.0029348606709390878,0.0057083630003035065
rmse,climatology,surface_speed,880,0.003931408204759161,0.003101547062397003,0.005864362139254808
rmse,climatology,surface_speed,890,0.0039097297160575785,0.002910455921664834,0.005636879615485668
rmse,climatology,surface_speed,900,0.0038534436374902726,0.003092334931716323,0.005456079635769128
rmse,climatology,surface_speed,910,0.003855879682426651,0.0029949455987662078,0.005395757034420967
rmse,climatology,surface_speed,920,0.003854065357397,0.003058219188824296,0.005302259884774685
rmse,climatology,surface_speed,930,0.0037207117148985464,0.002990168798714876,0.004902261309325695
rmse,climatology,surface_speed,940,0.0037272818541775146,0.002989420900121331,0.004866993241012097
rmse,climatology,surface_speed,950,0.003754812370364865,0.0030858533456921576,0.004758679587393999
rmse,climatology,surface_speed,960,0.003651261795312166,0.0031948034651577474,0.0044403743930161
rmse,climatology,surface_speed,970,0.0034877146283785504,0.0029359097126871346,0.004003398772329092
rmse,climatology,surface_speed,980,0.003528600496550401,0.0029782110825181006,0.004033603239804506
rmse,climatology,surface_speed,990,0.0035078913749506074,0.002999085234478116,0.003934560157358646
rmse,climatology,surface_speed,1000,0.00339272307852904,0.0030041394289582967,0.00375783983618021
rmse,climatology,surface_speed,1010,0.003409686886395017,0.003007041243836284,0.0038038922008126973
rmse,climatology,surface_speed,1020,0.0034829982556402682,0.003218369884416461,0.003950420394539833
rmse,climatology,surface_speed,1030,0.0033822712022811173,0.003065738594159484,0.003791326889768243
rmse,climatology,surface_speed,1040,0.0033152353794624408,0.0028786400333046915,0.003682311624288559
rmse,climatology,surface_speed,1050,0.003459652839228511,0.0031046563759446143,0.0037015491630882024
rmse,climatology,surface_speed,1060,0.0034671182899425426,0.003264105599373579,0.0036979662254452705
rmse,climatology,surface_speed,1070,0.003437341082220276,0.0031659504398703574,0.0036662640050053596
rmse,climatology,surface_speed,1080,0.003504659328609705,0.0031751477159559726,0.0039935044944286345
rmse,climatology,surface_speed,1090,0.0036145526450127364,0.0032837734557688235,0.004318331368267536
rmse,climatology,surface_speed,1100,0.0035892950681348642,0.003095647320151329,0.004545974638313055
rmse,climatology,surface_speed,1110,0.0037251312596102556,0.003175779851153493,0.005049869138747453
rmse,climatology,surface_speed,1120,0.003932924382388592,0.003258400084450841,0.005686503369361162
rmse,climatology,surface_speed,1130,0.003990552760660649,0.003130413917824626,0.006139156315475702
rmse,climatology,surface_speed,1140,0.003947760025039315,0.00299038621596992,0.006235881708562374
rmse,climatology,surface_speed,1150,0.0041289209388196465,0.0032295427285134793,0.006235435325652361
rmse,climatology,surface_speed,1160,0.004212926390270392,0.003225545771420002,0.006007725093513727
rmse,climatology,surface_speed,1170,0.004168435946727792,0.002933873748406768,0.006016780529171228
rmse,climatology,surface_speed,1180,0.004222654923796654,0.0029874933883547784,0.0060809972696006295
rmse,climatology,surface_speed,1190,0.00435757456968228,0.0032812856137752534,0.006040880177170038
rmse,climatology,surface_speed,1200,0.00431026207904021,0.003234781324863434,0.005958169791847467
rmse,climatology,surface_speed,1210,0.00426282921495537,0.00316123329102993,0.0055800508707761765
rmse,climatology,surface_speed,1220,0.004414316390951475,0.0033022246789187193,0.0057739528827369215
rmse,climatology,surface_speed,1230,0.004441550762082139,0.0031681222841143607,0.0060390206053853035
rmse,climatology,surface_speed,1240,0.004389458211759726,0.003115272242575884,0.00623865956440568
rmse,climatology,surface_speed,1250,0.004406350494051973,0.0032806190196424724,0.006239398662000894
rmse,climatology,surface_speed,1260,0.004405390021080772,0.0032627823762595653,0.006287518516182899
rmse,climatology,surface_speed,1270,0.00423104491395255,0.0029886878561228513,0.00610178429633379
rmse,climatology,surface_speed,1280,0.004153840476647019,0.00302314436994493,0.005897067859768868
rmse,climatology,surface_speed,1290,0.0041486608174939954,0.0033074154518544672,0.005714122112840414
rmse,climatology,surface_speed,1300,0.004028375757237275,0.003050229791551828,0.005485580209642649
rmse,climatology,surface_speed,1310,0.003781936364248395,0.0028778256848454474,0.004942322801798582
rmse,climatology,surface_speed,1320,0.0037853848809997243,0.003203206369653344,0.004611828085035086
rmse,climatology,surface_speed,1330,0.003726622803757588,0.003236055513843894,0.0045799828134477135
rmse,climatology,surface_speed,1340,0.003576600675781568,0.0028739833272993565,0.004176139924675226
rmse,climatology,surface_speed,1350,0.0035150228689114255,0.003041479317471385,0.003911227453500032
rmse,climatology,surface_speed,1360,0.0036019527974228065,0.0033205090090632438,0.0039850080385804175
rmse,climatology,surface_speed,1370,0.0035193977256615955,0.0030760710127651692,0.0038558426313102245
rmse,climatology,surface_speed,1380,0.0034194305849572022,0.003180071944370866,0.003650882327929139
rmse,climatology,surface_speed,1390,0.003534998589505752,0.003283839672803879,0.003830647375434637
rmse,climatology,surface_speed,1400,0.003560285766919454,0.0032187178265303375,0.004045372363179922
rmse,climatology,surface_speed,1410,0.0034928809540967147,0.0030986817553639414,0.003892435319721699
rmse,climatology,surface_speed,1420,0.003512888370702664,0.003128799423575401,0.003867947310209274
rmse,climatology,surface_speed,1430,0.003588366166998943,0.0031875554006546734,0.0037177907768636944
rmse,climatology,surface_speed,1440,0.0035110281159480413,0.0030492117162793874,0.00357005731202662
rmse,climatology,surface_speed,1450,0.0035433168367793163,0.0030760748311877252,0.003794097388163209
rmse,climatology,surface_speed,1460,0.0036719241024305424,0.003057637484744191,0.004133610893040895
rmse,climatology,surface_speed,1470,0.0037330862289915484,0.003317404305562377,0.00420271186158061
rmse,climatology,surface_speed,1480,0.0036246208318819603,0.0031419376377016307,0.00433592926710844
rmse,climatology,surface_speed,1490,0.0037448931174973647,0.0030905394814908504,0.005077395681291818
rmse,climatology,surface_speed,1500,0.003843313812588652,0.0031021731905639172,0.005169719457626343
rmse,climatology,surface_speed,1510,0.0038699767086654902,0.003189635928720236,0.004993745870888233
rmse,climatology,surface_speed,1520,0.003925311441222826,0.0030252041295170786,0.00500233955681324
rmse,climatology,surface_speed,1530,0.004112348643441995,0.003180397627875209,0.005889481492340564
rmse,climatology,surface_speed,1540,0.004139021039009094,0.003030895534902811,0.006007590144872665
rmse,climatology,surface_speed,1550,0.004072834023584922,0.002919855434447527,0.006000776402652263
rmse,climatology,surface_speed,1560,0.004155380294347802,0.0029834537301212547,0.005968423280864954
rmse,climatology,surface_speed,1570,0.00419392556262513,0.0030533078126609324,0.006078978441655636
rmse,climatology,surface_speed,1580,0.00407754722982645,0.0030717679765075445,0.005839893221855163
rmse,climatology,surface_speed,1590,0.003977657093976935,0.00300363153219223,0.005601373594254255
rmse,climatology,surface_speed,1600,0.003951208883275588,0.0031039098277688025,0.005396846961230039
rmse,climatology,surface_speed,1610,0.0037822847875456016,0.0030231381300836802,0.005014111567288637
rmse,climatology,surface_speed,1620,0.0036743930075317623,0.0030261910520493983,0.0045153751038014885
rmse,climatology,surface_speed,1630,0.0036739306213955086,0.0029691459145396947,0.004461151082068682
rmse,climatology,surface_speed,1640,0.003666991787031293,0.0032624487299472093,0.00424496429041028
rmse,climatology,surface_speed,1650,0.003454491263255477,0.003083659382537007,0.0038854533806443213
rmse,climatology,surface_speed,1660,0.003463859452555577,0.0029211162589490415,0.003938332200050354
rmse,climatology,surface_speed,1670,0.003490000156064828,0.0030600385274738074,0.003988782223314047
rmse,climatology,surface_speed,1680,0.0034290702392657598,0.0030774158891290425,0.003771828906610608
rmse,climatology,surface_speed,1690,0.0033443720390399297,0.002928570657968521,0.0035575578920543196
rmse,climatology,surface_speed,1700,0.00345506079805394,0.0031281853560358288,0.003933800291270018
rmse,climatology,surface_speed,1710,0.0034270163315037886,0.0031746040098369122,0.003757159039378166
rmse,climatology,surface_speed,1720,0.003302545193582773,0.0029868190642446278,0.003573654778301716
rmse,climatology,surface_speed,1730,0.00337705936593314,0.0030236778780817985,0.0037287162151187657
rmse,climatology,surface_speed,1740,0.0034775389668842156,0.003333620401099324,0.003625327441841364
rmse,climatology,surface_speed,1750,0.0034328064881265163,0.003185700997710228,0.00362375364638865
rmse,climatology,surface_speed,1760,0.0034503706420461336,0.003193987440317869,0.003801527619361877
rmse,climatology,surface_speed,1770,0.0035732102580368517,0.0032646028324961663,0.004135799035429954
rmse,climatology,surface_speed,1780,0.0035800772408644357,0.0032191650941967966,0.004378953576087951
rmse,climatology,surface_speed,1790,0.0036254010628908873,0.003044609911739826,0.004670258890837431
rmse,climatology,surface_speed,1800,0.0038136415959646305,0.0032254350837320088,0.005296829435974359
rmse,climatology,surface_speed,1810,0.003963970144589742,0.0032910324633121492,0.0058178952895104885
rmse,climatology,surface_speed,1820,0.0038718244216094416,0.002952520363032818,0.005963444989174604
rmse,climatology,surface_speed,1830,0.00396890703899165,0.0031293689273297785,0.005952510982751846
rmse,climatology,surface_speed,1840,0.004097223359470566,0.0032691482454538347,0.005671996343880892
rmse,climatology,surface_speed,1850,0.0040859647716085115,0.003084045276045799,0.005694076791405677
rmse,climatology,surface_speed,1860,0.0040204573577890795,0.002915373258292675,0.0057408324442803855
rmse,climatology,surface_speed,1870,0.004153450531885028,0.0031988158356398345,0.005658949259668589
rmse,climatology,surface_speed,1880,0.004162945877760648,0.003247534716501832,0.00558280861005187
rmse,climatology,surface_speed,1890,0.00406453269533813,0.0031438773963600396,0.005201768688857555
rmse,climatology,surface_speed,1900,0.004149850892523925,0.003301633708178997,0.005275586433708668
rmse,climatology,surface_speed,1910,0.004267155441145102,0.0033008340746164323,0.005655864905565977
rmse,climatology,surface_speed,1920,0.004225961087892453,0.0031674396246671676,0.005998440273106098
rmse,climatology,surface_speed,1930,0.004207824434464176,0.0031635412015020847,0.005963752884417773
rmse,climatology,surface_speed,1940,0.004238449828699231,0.003302009357139468,0.005954916588962078
rmse,climatology,surface_speed,1950,0.004124819021672011,0.00317979296669364,0.0058259968645870686
rmse,climatology,surface_speed,1960,0.003951636546601852,0.0029259569011628626,0.0054572481662034985
rmse,climatology,surface_speed,1970,0.003932349321742853,0.0032596212811768057,0.005206241365522146
rmse,climatology,surface_speed,1980,0.003890287612254421,0.003264970052987337,0.005007334519177675
rmse,climatology,surface_speed,1990,0.0036496213171631096,0.002885755896568298,0.004592771641910076
rmse,climatology,surface_speed,2000,0.003586794187625249,0.003061279933899641,0.004096773359924555
rmse,persistence,surface_speed,0,0.0,0.0,0.0
rmse,persistence,surface_speed,10,0.00237644847172002,0.002035052655264735,0.002700142050161958
rmse,persistence,surface_speed,20,0.0032833594363182784,0.0029404053930193186,0.003675637533888221
rmse,persistence,surface_speed,30,0.003681389195844531,0.0033001508098095657,0.004024333599954843
rmse,persistence,surface_speed,40,0.0045264661001662414,0.003929562866687775,0.005070245265960694
rmse,persistence,surface_speed,50,0.004964599960173169,0.004248273093253374,0.0054371686652302745
rmse,persistence,surface_speed,60,0.0051937012933194636,0.004525898862630129,0.005741261411458254
rmse,persistence,surface_speed,70,0.005310371425002814,0.004489631857722998,0.005888010561466217
rmse,persistence,surface_speed,80,0.005204244144260883,0.004347568657249212,0.0059099489822983745
rmse,persistence,surface_speed,90,0.005416389834135771,0.004741821996867656,0.0060455967672169205
rmse,persistence,surface_speed,100,0.0055740152796109515,0.004879198968410492,0.00616434533149004
rmse,persistence,surface_speed,110,0.005279846241076787,0.0047600151970982555,0.005954581033438444
rmse,persistence,surface_speed,120,0.005435800800720851,0.004786104056984186,0.0063180244527757164
rmse,persistence,surface_speed,130,0.005256649261961381,0.004486268479377031,0.005970214027911425
rmse,persistence,surface_speed,140,0.004499524692073464,0.0037095443811267616,0.005091130640357733
rmse,persistence,surface_speed,150,0.004245611404379209,0.0033035920932888985,0.005477508250623941
rmse,persistence,surface_speed,160,0.0037416763914128143,0.00255281045101583,0.005531643796712159
rmse,persistence,surface_speed,170,0.0025874722593774396,0.0008837294648401439,0.004832661990076303
rmse,persistence,surface_speed,180,0.003591783344745636,0.0022254577372223137,0.0053179672919213775
rmse,persistence,surface_speed,190,0.00439929220204552,0.0032426915597170594,0.006022075656801462
rmse,persistence,surface_speed,200,0.004690920903036992,0.0037387358024716377,0.006346746161580086
rmse,persistence,surface_speed,210,0.005343084859972199,0.0041995651088655,0.00667443424463272
rmse,persistence,surface_speed,220,0.005719550295422474,0.004424439277499914,0.006950722075998783
rmse,persistence,surface_speed,230,0.005845271423459053,0.004611402377486229,0.0074125674553215505
rmse,persistence,surface_speed,240,0.005924042065938314,0.004743037559092045,0.0072401674464344975
rmse,persistence,surface_speed,250,0.0057650023140013214,0.004544943477958441,0.006878987699747085
rmse,persistence,surface_speed,260,0.005831575145324072,0.00495765246450901,0.006793437339365482
rmse,persistence,surface_speed,270,0.005935318643848101,0.0051739029586315155,0.006629346404224634
rmse,persistence,surface_speed,280,0.005581463531901439,0.005188841465860605,0.005974634271115065
rmse,persistence,surface_speed,290,0.005591918310771386,0.0050319510512053965,0.006185992155224085
rmse,persistence,surface_speed,300,0.005411236764242252,0.004758166428655386,0.005887713842093944
rmse,persistence,surface_speed,310,0.004614793757597605,0.004336942452937365,0.0048907820135355
rmse,persistence,surface_speed,320,0.00422796073059241,0.003687992412596941,0.004793608095496893
rmse,persistence,surface_speed,330,0.0037518538534641265,0.0030303823761641977,0.004435506369918585
rmse,persistence,surface_speed,340,0.002539715721892814,0.0017407476669177413,0.003111038589850068
rmse,persistence,surface_speed,350,0.0031762702080110707,0.0025394455529749393,0.003670419426634908
rmse,persistence,surface_speed,360,0.003997614110509555,0.0034357949625700712,0.00438751308247447
rmse,persistence,surface_speed,370,0.004237994784489274,0.00395481325685978,0.004488400276750326
rmse,persistence,surface_speed,380,0.004868433189888795,0.004413747601211071,0.00531868040561676
rmse,persistence,surface_speed,390,0.005294178208957116,0.004652152676135302,0.005748218111693859
rmse,persistence,surface_speed,400,0.0054226522023479145,0.004920038115233183,0.005799949262291193
rmse,persistence,surface_speed,410,0.0055304508656263355,0.004918215423822403,0.0059505971148610115
rmse,persistence,surface_speed,420,0.005388362240046263,0.004711078759282827,0.005978742334991694
rmse,persistence,surface_speed,430,0.005489535039911667,0.005247452948242426,0.006094528920948505
rmse,persistence,surface_speed,440,0.005699122324585915,0.005235832184553146,0.006253791786730289
rmse,persistence,surface_speed,450,0.0054102193874617415,0.0046289324760437015,0.005915296822786331
rmse,persistence,surface_speed,460,0.005478166633596023,0.005112202558666468,0.006083502620458603
rmse,persistence,surface_speed,470,0.005459312628954649,0.004993091709911824,0.005971933994442224
rmse,persistence,surface_speed,480,0.00473855941866835,0.0037198676727712154,0.005720369610935449
rmse,persistence,surface_speed,490,0.00443839201082786,0.0037404253147542478,0.00565118957310915
rmse,persistence,surface_speed,500,0.0042317780355612435,0.003401294443756342,0.005668861605226993
rmse,persistence,surface_speed,510,0.003107931682219108,0.0014091983437538149,0.005380587931722402
rmse,persistence,surface_speed,520,0.003609881162022551,0.002159274648874998,0.005563201755285263
rmse,persistence,surface_speed,530,0.00448083383962512,0.00320310415700078,0.005799531284719705
rmse,persistence,surface_speed,540,0.004713238356634975,0.0036702339537441732,0.006088192854076624
rmse,persistence,surface_speed,550,0.005279194780935844,0.004360025841742754,0.006472751405090094
rmse,persistence,surface_speed,560,0.005699907708913088,0.004841420240700245,0.007050248607993126
rmse,persistence,surface_speed,570,0.005775598560770353,0.005009366292506456,0.006724037509411573
rmse,persistence,surface_speed,580,0.005826621626814206,0.005044000037014484,0.006716908887028694
rmse,persistence,surface_speed,590,0.005617104439685742,0.0047409145161509516,0.006601684261113405
rmse,persistence,surface_speed,600,0.005624670224885146,0.005089593399316072,0.0064957886934280396
rmse,persistence,surface_speed,610,0.005812314028541247,0.005126226786524057,0.006792392581701279
rmse,persistence,surface_speed,620,0.005505377302567164,0.00446788314729929,0.006413378659635783
rmse,persistence,surface_speed,630,0.0054418073656658334,0.004907762166112661,0.006015168037265539
rmse,persistence,surface_speed,640,0.00535070967550079,0.00490436302497983,0.006319316569715738
rmse,persistence,surface_speed,650,0.004465935208524267,0.0036315206438302995,0.005295980162918568
rmse,persistence,surface_speed,660,0.0038252410168449083,0.003400800283998251,0.004415791667997837
rmse,persistence,surface_speed,670,0.0033744209135572116,0.0030022991355508565,0.0038091566413640974
rmse,persistence,surface_speed,680,0.0016121338975305358,0.0011512375669553876,0.0021776008885353803
rmse,persistence,surface_speed,690,0.0018326799230029185,0.0015194965060800314,0.0021579395048320293
rmse,persistence,surface_speed,700,0.0031483335110048453,0.0027465160470455884,0.003543599462136626
rmse,persistence,surface_speed,710,0.0034721440635621546,0.0030769400764256716,0.0038704921025782824
rmse,persistence,surface_speed,720,0.00414651093694071,0.003774925274774432,0.004643524438142777
rmse,persistence,surface_speed,730,0.004770992153013746,0.004108355287462473,0.005147989187389612
rmse,persistence,surface_speed,740,0.004945241163174311,0.004371971357613802,0.005468386225402355
rmse,persistence,surface_speed,750,0.005132311303168535,0.004529326781630516,0.005768323503434658
rmse,persistence,surface_speed,760,0.005045022225628296,0.004220580961555242,0.005630562361329794
rmse,persistence,surface_speed,770,0.005103237585475048,0.004702840559184551,0.005756900180131197
rmse,persistence,surface_speed,780,0.005404508082816998,0.004989372286945582,0.0060884407721459866
rmse,persistence,surface_speed,790,0.0052206335278848805,0.0045415916480124,0.0058022222481668
rmse,persistence,surface_speed,800,0.005186170308540265,0.004897620063275099,0.005590206757187843
rmse,persistence,surface_speed,810,0.0053128845989704136,0.0048128744587302204,0.005866845976561308
rmse,persistence,surface_speed,820,0.004687452378372352,0.003977946005761623,0.005268745683133602
rmse,persistence,surface_speed,830,0.004196463447685043,0.0035444003529846667,0.005111858248710632
rmse,persistence,surface_speed,840,0.00403649527579546,0.0031048092525452374,0.005124596692621708
rmse,persistence,surface_speed,850,0.0029527189986159404,0.001623096107505262,0.0047107704915106295
rmse,persistence,surface_speed,860,0.0030504207747677962,0.0016385423950850964,0.0050313396379351605
rmse,persistence,surface_speed,870,0.004209531983360648,0.003039324609562755,0.006020215991884469
rmse,persistence,surface_speed,880,0.0045659104362130165,0.0034850392024964095,0.006492416933178901
rmse,persistence,surface_speed,890,0.005080898447583119,0.0040523986332118515,0.00679960660636425
rmse,persistence,surface_speed,900,0.005646306121100982,0.004400054179131985,0.006987798493355513
rmse,persistence,surface_speed,910,0.005783518652121226,0.00458357846364379,0.0073480186983942986
rmse,persistence,surface_speed,920,0.005919304955750704,0.004866481013596058,0.007589833345264196
rmse,persistence,surface_speed,930,0.005832820758223533,0.0047589815221726894,0.006894983071833849
rmse,persistence,surface_speed,940,0.005784411666293939,0.004828591085970402,0.006676223780959845
rmse,persistence,surface_speed,950,0.005985362486292918,0.0052020523697137834,0.006909485813230276
rmse,persistence,surface_speed,960,0.005804115689049164,0.005247068684548139,0.006427296157926321
rmse,persistence,surface_speed,970,0.005599766876548529,0.0052012988366186615,0.0060646506026387215
rmse,persistence,surface_speed,980,0.005657941506554683,0.005092015583068132,0.006154779158532619
rmse,persistence,surface_speed,990,0.00503741546223561,0.004540092032402754,0.005442012846469879
rmse,persistence,surface_speed,1000,0.004393321399887403,0.004075440019369126,0.004839434009045363
rmse,persistence,surface_speed,1010,0.004186173807829619,0.0036090521607548,0.004819860495626926
rmse,persistence,surface_speed,1020,0.00316093269114693,0.002589681837707758,0.0035840360913425686
rmse,persistence,surface_speed,1030,0.0028975921993454295,0.0024303508922457694,0.0033387545496225356
rmse,persistence,surface_speed,1040,0.00395554380180935,0.0035511822905391456,0.004330276697874069
rmse,persistence,surface_speed,1050,0.004316455125808716,0.004024873534217477,0.004550627991557121
rmse,persistence,surface_speed,1060,0.00478405902783076,0.00452280966565013,0.005049935635179281
rmse,persistence,surface_speed,1070,0.005422013128797213,0.004969621263444424,0.005745388101786375
rmse,persistence,surface_speed,1080,0.0056353527121245865,0.005263270530849695,0.005903408024460077
rmse,persistence,surface_speed,1090,0.005846110420922438,0.005385382194072008,0.006351128127425909
rmse,persistence,surface_speed,1100,0.0058604764131208265,0.004976084176450968,0.006605743058025837
rmse,persistence,surface_speed,1110,0.0058881697244942185,0.00495717665180564,0.007104211207479239
rmse,persistence,surface_speed,1120,0.006215595050404469,0.005340002197772265,0.0077884020283818245
rmse,persistence,surface_speed,1130,0.0061740400890509285,0.004782317206263542,0.00828635785728693
rmse,persistence,surface_speed,1140,0.006042889008919398,0.004781127627938986,0.0082558861002326
rmse,persistence,surface_speed,1150,0.006259916132936875,0.005204803124070167,0.00820841733366251
rmse,persistence,surface_speed,1160,0.005787101046492656,0.004202405828982592,0.007790586166083813
rmse,persistence,surface_speed,1170,0.005188565126930674,0.0035260446835309266,0.007376363873481751
rmse,persistence,surface_speed,1180,0.005134417861700058,0.0036259871907532216,0.007074572890996933
rmse,persistence,surface_speed,1190,0.004303622633839647,0.0023777227848768233,0.006560896802693605
rmse,persistence,surface_speed,1200,0.0037603901466354726,0.0013268893118947745,0.0062711752951145165
rmse,persistence,surface_speed,1210,0.004732890954862038,0.0028760279528796673,0.006637680344283581
rmse,persistence,surface_speed,1220,0.005069988764201601,0.003473366843536496,0.006770013831555843
rmse,persistence,surface_speed,1230,0.005416349849353234,0.003982059564441443,0.0069816564209759235
rmse,persistence,surface_speed,1240,0.005949056334793567,0.004631587117910385,0.007394359912723303
rmse,persistence,surface_speed,1250,0.006083644833415747,0.004904293268918991,0.007561296783387661
rmse,persistence,surface_speed,1260,0.0061594606998066105,0.005152880307286977,0.007638327125459909
rmse,persistence,surface_speed,1270,0.006015621063609918,0.004693176224827766,0.007508671190589666
rmse,persistence,surface_speed,1280,0.005791012508173783,0.004770614393055439,0.007346407882869244
rmse,persistence,surface_speed,1290,0.005893989372998476,0.0052193434908986095,0.007300693169236183
rmse,persistence,surface_speed,1300,0.005709502194076776,0.004713179636746645,0.006765085272490978
rmse,persistence,surface_speed,1310,0.005310586219032605,0.004625980835407972,0.005993795860558748
rmse,persistence,surface_speed,1320,0.005345387135942777,0.005023119691759348,0.0058115717954933645
rmse,persistence,surface_speed,1330,0.004722618559996287,0.004191618319600821,0.005532624013721943
rmse,persistence,surface_speed,1340,0.0037712609084943932,0.0033411314710974694,0.004468211904168129
rmse,persistence,surface_speed,1350,0.003473274875432253,0.0030319227837026117,0.00380386752076447
rmse,persistence,surface_speed,1360,0.002311532308037082,0.0020078407134860752,0.0026333038695156574
rmse,persistence,surface_speed,1370,0.0008603865280747414,0.0006580277578905225,0.0010000126902014017
rmse,persistence,surface_speed,1380,0.002700080272431175,0.0023538294713944196,0.003046945249661803
rmse,persistence,surface_speed,1390,0.003359393108015259,0.003002719022333622,0.003746657492592931
rmse,persistence,surface_speed,1400,0.003810633843143781,0.0033578867558389904,0.0042372655123472215
rmse,persistence,surface_speed,1410,0.004629435824851195,0.004022398125380277,0.005186037719249725
rmse,persistence,surface_speed,1420,0.004960988306750854,0.0043741163797676565,0.005334119591861963
rmse,persistence,surface_speed,1430,0.005196399986743927,0.00458071306347847,0.005850005801767111
rmse,persistence,surface_speed,1440,0.005270600877702236,0.0044818509370088576,0.00584067776799202
rmse,persistence,surface_speed,1450,0.0052026129638155305,0.00445866072550416,0.00575900562107563
rmse,persistence,surface_speed,1460,0.005480492860078812,0.004823276773095131,0.006040386483073234
rmse,persistence,surface_speed,1470,0.005569251844038566,0.004914786387234926,0.006075484026223421
rmse,persistence,surface_speed,1480,0.005321081448346377,0.004883964546024799,0.005943313147872686
rmse,persistence,surface_speed,1490,0.0055395096230010194,0.004949832148849964,0.006481004040688276
rmse,persistence,surface_speed,1500,0.00527118102957805,0.0043867077678442,0.006017064210027456
rmse,persistence,surface_speed,1510,0.004610671848058701,0.0039552003145217896,0.005236270651221275
rmse,persistence,surface_speed,1520,0.004500408625851075,0.0034100741613656282,0.00599398585036397
rmse,persistence,surface_speed,1530,0.0039508796917895475,0.00242335326038301,0.006090430915355683
rmse,persistence,surface_speed,1540,0.003205504547804594,0.0011448717443272472,0.005670259147882462
rmse,persistence,surface_speed,1550,0.004238261608406901,0.002566173207014799,0.0063694224692881106
rmse,persistence,surface_speed,1560,0.004824781185016036,0.003382566897198558,0.006804257724434137
rmse,persistence,surface_speed,1570,0.00509809471356372,0.003892990155145526,0.0069968136027455325
rmse,persistence,surface_speed,1580,0.005675309368719657,0.004355597589164972,0.007415091805160046
rmse,persistence,surface_speed,1590,0.005880839222421249,0.004536484647542238,0.0074696863070130345
rmse,persistence,surface_speed,1600,0.005939878554393848,0.004768726322799921,0.007442683354020118
rmse,persistence,surface_speed,1610,0.005919996121277412,0.004814906138926744,0.0072590896859765055
rmse,persistence,surface_speed,1620,0.005720520950853824,0.004617493506520987,0.006450921855866909
rmse,persistence,surface_speed,1630,0.005823944912602504,0.005033220909535885,0.006607730127871037
rmse,persistence,surface_speed,1640,0.005879130649069945,0.005214088596403599,0.006437920965254307
rmse,persistence,surface_speed,1650,0.005534062689791123,0.005178236216306686,0.0059669696725904945
rmse,persistence,surface_speed,1660,0.005621468865623077,0.005126961972564459,0.006304887402802706
rmse,persistence,surface_speed,1670,0.005348707363009453,0.004771659336984158,0.005742867384105921
rmse,persistence,surface_speed,1680,0.0045537490397691725,0.0043194257654249665,0.004849060345441103
rmse,persistence,surface_speed,1690,0.004279368712256352,0.0037772759329527616,0.004831085726618767
rmse,persistence,surface_speed,1700,0.003705649853994449,0.0031518375035375357,0.004228952713310718
rmse,persistence,surface_speed,1710,0.0026585175500561794,0.0021887618117034436,0.0031555387191474437
rmse,persistence,surface_speed,1720,0.0035027526939908665,0.003035449841991067,0.003906430583447218
rmse,persistence,surface_speed,1730,0.004200760787352919,0.0038110827561467888,0.004461795929819346
rmse,persistence,surface_speed,1740,0.004485504329204559,0.004312591347843409,0.004701824393123388
rmse,persistence,surface_speed,1750,0.005165327588717143,0.004764758516103029,0.0054634975269436835
rmse,persistence,surface_speed,1760,0.005545431313415368,0.005137717165052891,0.005876635294407606
rmse,persistence,surface_speed,1770,0.005725490984817346,0.005312986951321363,0.006088816281408072
rmse,persistence,surface_speed,1780,0.005857820436358452,0.005156800150871277,0.006453465856611729
rmse,persistence,surface_speed,1790,0.005793159268796444,0.004840214271098375,0.006752697937190533
rmse,persistence,surface_speed,1800,0.006011278244356314,0.005335303023457527,0.007334782090038061
rmse,persistence,surface_speed,1810,0.006213290399561326,0.005173486098647118,0.007940319925546646
rmse,persistence,surface_speed,1820,0.005949465154359738,0.004599761217832565,0.008004466630518436
rmse,persistence,surface_speed,1830,0.0061080130438009896,0.005179834365844726,0.0079878406599164
rmse,persistence,surface_speed,1840,0.005994955947001775,0.004853555932641029,0.0076080761849880215
rmse,persistence,surface_speed,1850,0.0052418586487571394,0.0035830398090183737,0.007217330392450094
rmse,persistence,surface_speed,1860,0.0050087403350820145,0.0037127180956304075,0.006895121745765209
rmse,persistence,surface_speed,1870,0.0046241052293529115,0.003203581692650914,0.006441727187484502
rmse,persistence,surface_speed,1880,0.0034639520260194936,0.0012894167564809324,0.005808468908071518
rmse,persistence,surface_speed,1890,0.004062210256233811,0.0023296416271477937,0.005874175392091274
rmse,persistence,surface_speed,1900,0.004735863441601396,0.0032756363973021506,0.006314330361783504
rmse,persistence,surface_speed,1910,0.004947503842413425,0.003740064986050129,0.006328813824802637
rmse,persistence,surface_speed,1920,0.005506005448599656,0.0044061335735023025,0.006760897859930992
rmse,persistence,surface_speed,1930,0.005830251735945543,0.004838667437434196,0.00720574539154768
rmse,persistence,surface_speed,1940,0.005888525055100521,0.004921339359134436,0.007243120484054089
rmse,persistence,surface_speed,1950,0.005881830677390098,0.004751720651984215,0.0071145941503345965
rmse,persistence,surface_speed,1960,0.005587353774656852,0.004481740109622478,0.00686678932979703
rmse,persistence,surface_speed,1970,0.005547779984772206,0.004984524566680193,0.006728372629731893
rmse,persistence,surface_speed,1980,0.005602989283700784,0.004995788726955652,0.0065515262074768545
rmse,persistence,surface_speed,1990,0.005161304151018461,0.0044117792509496215,0.0058073695749044415
rmse,persistence,surface_speed,2000,0.005100472581883272,0.004923991486430168,0.005275088641792536
rmse,model,phihyd_surface,0,0.0,0.0,0.0
rmse,model,phihyd_surface,10,0.0032576759656270343,0.002471141377463937,0.003748039389029145
rmse,model,phihyd_surface,20,0.004305010195821524,0.003264012513682246,0.004904242232441902
rmse,model,phihyd_surface,30,0.004981833463534713,0.003782974649220705,0.005649245902895927
rmse,model,phihyd_surface,40,0.005503655442347129,0.004215659573674202,0.006188990175724029
rmse,model,phihyd_surface,50,0.005951498045275608,0.00458092987537384,0.006665242742747069
rmse,model,phihyd_surface,60,0.006346429077287515,0.004936850164085627,0.007002416625618934
rmse,model,phihyd_surface,70,0.00673304870724678,0.005369520653039217,0.0073949783109128475
rmse,model,phihyd_surface,80,0.007110937001804511,0.005772948451340199,0.007872798666357993
rmse,model,phihyd_surface,90,0.00747250843172272,0.00625924738124013,0.008245099894702434
rmse,model,phihyd_surface,100,0.007862061262130737,0.006945817824453116,0.008506975136697292
rmse,model,phihyd_surface,110,0.00828081543246905,0.007465704903006554,0.008903427980840206
rmse,model,phihyd_surface,120,0.008699077429870765,0.008053283207118511,0.009596554189920425
rmse,model,phihyd_surface,130,0.009172392667581637,0.008684472925961018,0.010328655689954757
rmse,model,phihyd_surface,140,0.009680384707947572,0.0093357739970088,0.011082585714757443
rmse,model,phihyd_surface,150,0.01017221628377835,0.009645571000874043,0.011614818312227725
rmse,model,phihyd_surface,160,0.010708800641198953,0.010107890516519547,0.012037282623350621
rmse,model,phihyd_surface,170,0.011260674272974332,0.010658570192754268,0.012723258323967456
rmse,model,phihyd_surface,180,0.011793369303146999,0.011055596545338631,0.013337229005992412
rmse,model,phihyd_surface,190,0.012352944165468217,0.011617955565452576,0.013903721608221531
rmse,model,phihyd_surface,200,0.012916340120136737,0.01227103304117918,0.014381489902734756
rmse,model,phihyd_surface,210,0.013511126612623532,0.012777141854166984,0.015017776191234587
rmse,model,phihyd_surface,220,0.014157797706623872,0.013310480117797851,0.015642376244068144
rmse,model,phihyd_surface,230,0.014809979250033696,0.013861442171037196,0.016292523965239523
rmse,model,phihyd_surface,240,0.01550061230858167,0.014485833980143071,0.017175134643912314
rmse,model,phihyd_surface,250,0.016232695057988168,0.01518072597682476,0.017940934002399444
rmse,model,phihyd_surface,260,0.01695642024278641,0.01586570143699646,0.01867953911423683
rmse,model,phihyd_surface,270,0.017713982487718265,0.01657363064587116,0.01950187310576439
rmse,model,phihyd_surface,280,0.01852771614988645,0.017283807694911956,0.020429367199540138
rmse,model,phihyd_surface,290,0.019261373082796733,0.017745544388890266,0.021264765039086343
rmse,model,phihyd_surface,300,0.019910696893930435,0.018179639428853988,0.022220897302031518
rmse,model,phihyd_surface,310,0.020634783804416655,0.018700405582785608,0.022975416108965873
rmse,model,phihyd_surface,320,0.021329585959513984,0.019118250533938407,0.023564666137099267
rmse,model,phihyd_surface,330,0.0220199899127086,0.01968819834291935,0.024365752935409546
rmse,model,phihyd_surface,340,0.022687874858578046,0.019979805499315263,0.024841241911053656
rmse,model,phihyd_surface,350,0.02328237754603227,0.020434315875172616,0.02542191036045551
rmse,model,phihyd_surface,360,0.023802905778090157,0.020986035466194153,0.025964514911174776
rmse,model,phihyd_surface,370,0.024364594991008442,0.021312160417437553,0.02663373351097107
rmse,model,phihyd_surface,380,0.024962932243943213,0.021726769208908082,0.027317985892295837
rmse,model,phihyd_surface,390,0.025575379033883412,0.022248122096061706,0.028284915164113043
rmse,model,phihyd_surface,400,0.026042991131544114,0.0225361168384552,0.029275917261838914
rmse,model,phihyd_surface,410,0.026561598976453146,0.02284172773361206,0.03022007644176483
rmse,model,phihyd_surface,420,0.027052857105930646,0.023131769523024558,0.03098473511636257
rmse,model,phihyd_surface,430,0.02762806974351406,0.023833012208342552,0.031958242505788804
rmse,model,phihyd_surface,440,0.028254126012325288,0.02414606437087059,0.032796710729599
rmse,model,phihyd_surface,450,0.02874183009068171,0.02439938634634018,0.033324016630649565
rmse,model,phihyd_surface,460,0.029034101963043214,0.024522014334797858,0.03375577256083488
rmse,model,phihyd_surface,470,0.02944668990870317,0.02526044026017189,0.03371388390660286
rmse,model,phihyd_surface,480,0.030011721327900885,0.026155705004930495,0.03389392644166946
rmse,model,phihyd_surface,490,0.030256370082497597,0.025932221114635466,0.03403472602367401
rmse,model,phihyd_surface,500,0.030597835779190063,0.026403219625353812,0.03413137346506119
rmse,model,phihyd_surface,510,0.031148878733317058,0.027669505029916764,0.03434497639536858
rmse,model,phihyd_surface,520,0.03140632299085458,0.027535420283675192,0.034670714288949966
rmse,model,phihyd_surface,530,0.031393797447284065,0.027869194000959396,0.03418625220656395
rmse,model,phihyd_surface,540,0.031767195711533226,0.028743789345026017,0.03373087123036385
rmse,model,phihyd_surface,550,0.03210977837443352,0.02904234007000923,0.03409942612051964
rmse,model,phihyd_surface,560,0.03230658893783887,0.028857604041695593,0.03471609503030777
rmse,model,phihyd_surface,570,0.0325566799690326,0.029544413834810258,0.03509409204125404
rmse,model,phihyd_surface,580,0.033046780774990715,0.030122010409832,0.03562245741486549
rmse,model,phihyd_surface,590,0.03322051142652829,0.029727498441934584,0.03582806214690208
rmse,model,phihyd_surface,600,0.03352314867079258,0.030431753396987914,0.03688032478094101
rmse,model,phihyd_surface,610,0.03411047011613846,0.03199836611747742,0.037571615725755694
rmse,model,phihyd_surface,620,0.034536956499020256,0.032058627158403394,0.03790571168065071
rmse,model,phihyd_surface,630,0.03427428590754668,0.031204615905880927,0.03762468695640564
rmse,model,phihyd_surface,640,0.03447754308581352,0.03169343546032906,0.03742330297827721
rmse,model,phihyd_surface,650,0.035122952858606976,0.03272866979241371,0.037896778434515
rmse,model,phihyd_surface,660,0.035286138455073036,0.032766199111938475,0.038144180178642274
rmse,model,phihyd_surface,670,0.03545832733313243,0.03288718611001969,0.03845281079411507
rmse,model,phihyd_surface,680,0.03622067694862684,0.03401570692658425,0.03860097825527191
rmse,model,phihyd_surface,690,0.03648265947898229,0.03424922674894333,0.03876536563038826
rmse,model,phihyd_surface,700,0.03632841557264328,0.034424857795238496,0.038632819801568984
rmse,model,phihyd_surface,710,0.03679692447185516,0.03455725908279419,0.03870166167616844
rmse,model,phihyd_surface,720,0.037388123323520026,0.035812462121248244,0.03895611390471458
rmse,model,phihyd_surface,730,0.03742622410257657,0.03611225560307503,0.039179686456918716
rmse,model,phihyd_surface,740,0.03757447178165118,0.03589380905032158,0.03929542452096939
rmse,model,phihyd_surface,750,0.03802945539355278,0.036438842117786405,0.040197431296110156
rmse,model,phihyd_surface,760,0.03816207175453504,0.03655210062861443,0.040177487581968305
rmse,model,phihyd_surface,770,0.03824698974688848,0.036521071940660475,0.0404842235147953
rmse,model,phihyd_surface,780,0.038816494246323906,0.0370550163090229,0.0413826197385788
rmse,model,phihyd_surface,790,0.03928795432051023,0.03740118965506554,0.042006703466176985
rmse,model,phihyd_surface,800,0.03890334020058314,0.03623530715703964,0.041706201434135434
rmse,model,phihyd_surface,810,0.03888321270545324,0.03639146015048027,0.04111074730753898
rmse,model,phihyd_surface,820,0.03948192646106084,0.037644243240356444,0.04137634113430977
rmse,model,phihyd_surface,830,0.039600780606269835,0.03780853077769279,0.04146261662244797
rmse,model,phihyd_surface,840,0.03954533785581589,0.03706614971160889,0.04154699146747589
rmse,model,phihyd_surface,850,0.0401544397075971,0.03872350603342056,0.04194837138056755
rmse,model,phihyd_surface,860,0.04044159203767776,0.038695444166660306,0.04198960140347481
rmse,model,phihyd_surface,870,0.04024057264129321,0.03869349583983421,0.042449509352445604
rmse,model,phihyd_surface,880,0.04055282423893611,0.03945928364992142,0.04225896671414375
rmse,model,phihyd_surface,890,0.04114090576767922,0.04035664722323418,0.04181839898228645
rmse,model,phihyd_surface,900,0.04111565351486206,0.03997532278299332,0.042729873955249784
rmse,model,phihyd_surface,910,0.04116389652093252,0.04058675616979599,0.04212723821401596
rmse,model,phihyd_surface,920,0.041593054185311,0.04079585522413254,0.043166258931159975
rmse,model,phihyd_surface,930,0.041645368188619615,0.040655472129583356,0.04272032082080841
rmse,model,phihyd_surface,940,0.04149495636423429,0.03981599509716034,0.0433981291949749
rmse,model,phihyd_surface,950,0.0419273612399896,0.04029322266578674,0.04401262030005455
rmse,model,phihyd_surface,960,0.04218204319477081,0.04119620472192764,0.043124431371688844
rmse,model,phihyd_surface,970,0.041701695322990416,0.040291544049978256,0.04319239556789398
rmse,model,phihyd_surface,980,0.041545258710781734,0.04014103785157204,0.042919330298900604
rmse,model,phihyd_surface,990,0.041934289038181305,0.040252798795700075,0.043077898770570756
rmse,model,phihyd_surface,1000,0.042039571950833,0.040587712079286575,0.043659360706806184
rmse,model,phihyd_surface,1010,0.0419037900865078,0.04051847830414772,0.043906035274267195
rmse,model,phihyd_surface,1020,0.04229939257105191,0.040984601527452466,0.044240996986627576
rmse,model,phihyd_surface,1030,0.04255223001043002,0.040036216378211975,0.04436264783143997
rmse,model,phihyd_surface,1040,0.04243279844522476,0.03984503671526909,0.04414604753255844
rmse,model,phihyd_surface,1050,0.042603136599063875,0.040616953372955324,0.04404688477516174
rmse,model,phihyd_surface,1060,0.04313717111945152,0.04142167568206787,0.04488248601555824
rmse,model,phihyd_surface,1070,0.04317337100704511,0.04163470789790154,0.04511142894625664
rmse,model,phihyd_surface,1080,0.043231847882270816,0.04185888171195984,0.045311754941940306
rmse,model,phihyd_surface,1090,0.04362146531542142,0.042208772897720334,0.045424516499042514
rmse,model,phihyd_surface,1100,0.04375606576601664,0.042855773121118546,0.045182150602340695
rmse,model,phihyd_surface,1110,0.04357768843571345,0.042059877514839174,0.04537971690297127
rmse,model,phihyd_surface,1120,0.04396820366382599,0.04217740148305893,0.04584702104330063
rmse,model,phihyd_surface,1130,0.044317164768775306,0.04284908771514893,0.04599909633398056
rmse,model,phihyd_surface,1140,0.043952287485202156,0.042812728136777875,0.04537242129445076
rmse,model,phihyd_surface,1150,0.043725208441416426,0.042342720180749895,0.044999735057353975
rmse,model,phihyd_surface,1160,0.04416935717066129,0.04319324865937233,0.04524601474404335
rmse,model,phihyd_surface,1170,0.04442555258671443,0.04272677451372146,0.04573315680027008
rmse,model,phihyd_surface,1180,0.044225076337655385,0.0422368697822094,0.04571450501680374
rmse,model,phihyd_surface,1190,0.044378810872634254,0.0425321601331234,0.045713292062282564
rmse,model,phihyd_surface,1200,0.044602295756340025,0.042742477357387544,0.04603903666138649
rmse,model,phihyd_surface,1210,0.04438790629307429,0.04204473197460175,0.046201398223638536
rmse,model,phihyd_surface,1220,0.04439055894811948,0.04216376841068268,0.0458605132997036
rmse,model,phihyd_surface,1230,0.044883220146099724,0.042855126410722734,0.0465106151998043
rmse,model,phihyd_surface,1240,0.04494190588593483,0.04310278668999672,0.0468458816409111
rmse,model,phihyd_surface,1250,0.04494291916489601,0.04319373220205307,0.04711870104074478
rmse,model,phihyd_surface,1260,0.045219132055838905,0.043601448833942416,0.04647420570254326
rmse,model,phihyd_surface,1270,0.04534401645263036,0.043719593435525894,0.04649270921945572
rmse,model,phihyd_surface,1280,0.0450557733575503,0.04346441999077797,0.04687161520123482
rmse,model,phihyd_surface,1290,0.0452414833009243,0.04345298632979393,0.04657729491591454
rmse,model,phihyd_surface,1300,0.04544912700851758,0.043655223399400714,0.046727992594242096
rmse,model,phihyd_surface,1310,0.04515287851293882,0.04298355430364609,0.04659281969070435
rmse,model,phihyd_surface,1320,0.044821686546007794,0.04265953227877617,0.0465446375310421
rmse,model,phihyd_surface,1330,0.04506785323222478,0.043505121022462845,0.04691402092576027
rmse,model,phihyd_surface,1340,0.04534804696838061,0.04362011998891831,0.04699893966317177
rmse,model,phihyd_surface,1350,0.04518555055061976,0.04323925822973251,0.04721447005867958
rmse,model,phihyd_surface,1360,0.045175410062074664,0.04361157715320587,0.047416191548109055
rmse,model,phihyd_surface,1370,0.04538567786415418,0.043859177827835084,0.04753093048930168
rmse,model,phihyd_surface,1380,0.045272090037663776,0.04335340037941933,0.047602249681949614
rmse,model,phihyd_surface,1390,0.04516267677148183,0.04353100582957268,0.047402223944664
rmse,model,phihyd_surface,1400,0.04542220210035642,0.04427032172679901,0.04785720109939575
rmse,model,phihyd_surface,1410,0.045501374453306195,0.044364821165800095,0.047949934005737306
rmse,model,phihyd_surface,1420,0.04542897865176201,0.044258351624011996,0.047885865718126294
rmse,model,phihyd_surface,1430,0.04561563308040301,0.04450757652521133,0.04770146682858467
rmse,model,phihyd_surface,1440,0.04578607678413391,0.04447143450379372,0.047926542907953264
rmse,model,phihyd_surface,1450,0.04562487999598185,0.04437627568840981,0.04814773872494697
rmse,model,phihyd_surface,1460,0.045883004118998844,0.044280122965574265,0.04794343337416649
rmse,model,phihyd_surface,1470,0.04616008202234904,0.04444162622094154,0.048304693400859834
rmse,model,phihyd_surface,1480,0.04594135085741679,0.04379979744553566,0.048487105220556256
rmse,model,phihyd_surface,1490,0.04563720648487409,0.04350685849785805,0.0478568859398365
rmse,model,phihyd_surface,1500,0.04581361959377925,0.04388439506292343,0.04729752764105797
rmse,model,phihyd_surface,1510,0.04606644039352735,0.04425052776932716,0.04766526743769646
rmse,model,phihyd_surface,1520,0.045968131224314375,0.04397142603993416,0.048276720196008684
rmse,model,phihyd_surface,1530,0.04597318321466446,0.04395517483353615,0.04816906824707985
rmse,model,phihyd_surface,1540,0.04613898793856303,0.04434510916471481,0.04849831014871597
rmse,model,phihyd_surface,1550,0.04610737015803655,0.044345935434103013,0.048856339603662494
rmse,model,phihyd_surface,1560,0.04612904091676076,0.04417248591780663,0.0488221675157547
rmse,model,phihyd_surface,1570,0.046416407575209935,0.045172030478715895,0.04897626936435699
rmse,model,phihyd_surface,1580,0.04659563278158506,0.04552013278007507,0.04917569756507874
rmse,model,phihyd_surface,1590,0.04653030360738437,0.045059940218925475,0.0490736111998558
rmse,model,phihyd_surface,1600,0.04658904994527499,0.04516776651144028,0.04898882135748863
rmse,model,phihyd_surface,1610,0.04674154321352641,0.04518120214343071,0.04946930557489395
rmse,model,phihyd_surface,1620,0.046647591640551885,0.044260463863611224,0.04967917203903198
rmse,model,phihyd_surface,1630,0.046709805230299634,0.043865809589624404,0.04987339302897453
rmse,model,phihyd_surface,1640,0.0468379703660806,0.04436848908662796,0.050156614184379576
rmse,model,phihyd_surface,1650,0.04671293248732885,0.04411868080496788,0.05033561065793037
rmse,model,phihyd_surface,1660,0.0465123176574707,0.04398384988307953,0.049672297388315204
rmse,model,phihyd_surface,1670,0.046778027216593424,0.04472472295165062,0.04949624836444855
rmse,model,phihyd_surface,1680,0.04701701998710632,0.044547300040721896,0.05045106038451195
rmse,model,phihyd_surface,1690,0.047084542860587435,0.044377488642930986,0.05108155682682991
rmse,model,phihyd_surface,1700,0.0472467636068662,0.04490134045481682,0.05082387328147888
rmse,model,phihyd_surface,1710,0.0473835676908493,0.04540609046816826,0.05086548402905464
rmse,model,phihyd_surface,1720,0.04737603316704432,0.04533408731222153,0.05059261173009873
rmse,model,phihyd_surface,1730,0.047518736620744066,0.04548201337456703,0.050391219556331635
rmse,model,phihyd_surface,1740,0.04785577754179637,0.04612918794155121,0.0506148487329483
rmse,model,phihyd_surface,1750,0.04797146866718928,0.04595775306224823,0.050637055188417435
rmse,model,phihyd_surface,1760,0.04797191694378853,0.04570801556110382,0.050585081428289415
rmse,model,phihyd_surface,1770,0.04814708431561788,0.04576122090220451,0.05028973743319511
rmse,model,phihyd_surface,1780,0.04829699595769246,0.04530055448412895,0.05130208283662796
rmse,model,phihyd_surface,1790,0.048341851433118185,0.0445303700864315,0.05184715837240219
rmse,model,phihyd_surface,1800,0.04840998252232869,0.044695211201906206,0.051131248474121094
rmse,model,phihyd_surface,1810,0.04841794321934382,0.044827917218208314,0.05171646550297737
rmse,model,phihyd_surface,1820,0.04820476373036702,0.044176862388849256,0.05202072486281395
rmse,model,phihyd_surface,1830,0.048247844974199934,0.0445356048643589,0.051061782985925674
rmse,model,phihyd_surface,1840,0.04872984935839971,0.04559765383601189,0.05163213759660721
rmse,model,phihyd_surface,1850,0.04897934744755427,0.04542068839073181,0.05272758305072784
rmse,model,phihyd_surface,1860,0.04904304221272469,0.04461577385663986,0.052670557796955106
rmse,model,phihyd_surface,1870,0.04929795414209366,0.046014079451560976,0.052235369384288785
rmse,model,phihyd_surface,1880,0.04935403416554133,0.04639910608530044,0.052431073039770126
rmse,model,phihyd_surface,1890,0.0492405725022157,0.045719878375530244,0.052208411693573
rmse,model,phihyd_surface,1900,0.04952625508109729,0.04614956229925156,0.05217004269361496
rmse,model,phihyd_surface,1910,0.04994828229149183,0.04657475575804711,0.05273177549242973
rmse,model,phihyd_surface,1920,0.04994370912512144,0.046224982291460034,0.05335698351264
rmse,model,phihyd_surface,1930,0.04976201951503754,0.04612448215484619,0.05332120209932327
rmse,model,phihyd_surface,1940,0.04982764422893524,0.045995327085256575,0.05197492241859436
rmse,model,phihyd_surface,1950,0.04995142196615537,0.04569079652428627,0.05305544584989548
rmse,model,phihyd_surface,1960,0.04983546088139216,0.0449890710413456,0.054234296828508374
rmse,model,phihyd_surface,1970,0.04990408097704251,0.0448091059923172,0.05399294123053551
rmse,model,phihyd_surface,1980,0.050173070778449375,0.045051257312297824,0.05375333055853844
rmse,model,phihyd_surface,1990,0.050023194402456284,0.04432267248630524,0.054412076622247695
rmse,model,phihyd_surface,2000,0.050027860204378764,0.04468875229358673,0.05351651161909103
rmse,climatology,phihyd_surface,0,0.05692157025138537,0.0540118932723999,0.06075506955385208
rmse,climatology,phihyd_surface,10,0.056680009017388025,0.05367028638720513,0.06037708297371864
rmse,climatology,phihyd_surface,20,0.05694338803490003,0.05384332314133644,0.06084540709853172
rmse,climatology,phihyd_surface,30,0.057446611920992534,0.05423908606171608,0.060870414972305296
rmse,climatology,phihyd_surface,40,0.057454103728135426,0.05363750085234642,0.0611496739089489
rmse,climatology,phihyd_surface,50,0.057469504823287325,0.05428253337740898,0.06128906905651092
rmse,climatology,phihyd_surface,60,0.057764495412508644,0.054917764663696286,0.061568853259086606
rmse,climatology,phihyd_surface,70,0.057812611510356264,0.05439188927412033,0.06136211305856704
rmse,climatology,phihyd_surface,80,0.05779709865649541,0.0544616349041462,0.06104524731636047
rmse,climatology,phihyd_surface,90,0.05823042243719101,0.054851552844047545,0.061501675844192506
rmse,climatology,phihyd_surface,100,0.058571910858154295,0.05556148514151573,0.06224257200956344
rmse,climatology,phihyd_surface,110,0.05832597240805626,0.05456456691026688,0.062055636942386624
rmse,climatology,phihyd_surface,120,0.05838046645124753,0.0552049845457077,0.06185265481472015
rmse,climatology,phihyd_surface,130,0.058862271656592684,0.056280724704265594,0.06226893961429596
rmse,climatology,phihyd_surface,140,0.05890630135933558,0.055307308584451674,0.06234569996595383
rmse,climatology,phihyd_surface,150,0.058795631925265,0.055010396242141726,0.06245765537023544
rmse,climatology,phihyd_surface,160,0.059227278580268224,0.055673220008611676,0.06248127669095993
rmse,climatology,phihyd_surface,170,0.0593919758995374,0.05608486458659172,0.06336658149957657
rmse,climatology,phihyd_surface,180,0.05913980553547541,0.05560798794031143,0.06322231292724609
rmse,climatology,phihyd_surface,190,0.05930270453294118,0.05560361742973328,0.06361835449934006
rmse,climatology,phihyd_surface,200,0.05977260222037633,0.0562749944627285,0.06364061832427978
rmse,climatology,phihyd_surface,210,0.05977979078888893,0.055629491060972217,0.06387710720300674
rmse,climatology,phihyd_surface,220,0.059729818751414615,0.05552392974495888,0.0639174908399582
rmse,climatology,phihyd_surface,230,0.05998009741306305,0.05623206943273544,0.06413090825080872
rmse,climatology,phihyd_surface,240,0.060027102132638295,0.056172411888837814,0.06374824345111847
rmse,climatology,phihyd_surface,250,0.05995760038495064,0.055935739725828174,0.06330418288707733
rmse,climatology,phihyd_surface,260,0.060308658083279926,0.056830041110515594,0.0638186901807785
rmse,climatology,phihyd_surface,270,0.06065331523617109,0.05662447139620781,0.06455380767583847
rmse,climatology,phihyd_surface,280,0.060408310343821846,0.055542159080505374,0.06437153369188309
rmse,climatology,phihyd_surface,290,0.060378834356864294,0.05614174604415893,0.06424322873353958
rmse,climatology,phihyd_surface,300,0.060835018505652746,0.05727676749229431,0.06441317796707154
rmse,climatology,phihyd_surface,310,0.06092786093552907,0.05653144121170044,0.06424515843391418
rmse,climatology,phihyd_surface,320,0.06076440364122391,0.05623466148972511,0.06415620446205139
rmse,climatology,phihyd_surface,330,0.06115221704045932,0.057151006907224654,0.06424508988857269
rmse,climatology,phihyd_surface,340,0.06138925676544507,0.05764157474040985,0.0649036094546318
rmse,climatology,phihyd_surface,350,0.06119506061077118,0.05739986523985863,0.06481354087591171
rmse,climatology,phihyd_surface,360,0.06133954251805941,0.05728352516889572,0.06510765999555587
rmse,climatology,phihyd_surface,370,0.061872268964846926,0.05792978852987289,0.06517649292945862
rmse,climatology,phihyd_surface,380,0.06199516380826632,0.057432716339826585,0.06543024182319641
rmse,climatology,phihyd_surface,390,0.06198998764157295,0.05779837444424629,0.06556831300258636
rmse,climatology,phihyd_surface,400,0.062293627361456556,0.058491166681051254,0.06596781015396118
rmse,climatology,phihyd_surface,410,0.062442297488451,0.05825912728905678,0.06599228531122207
rmse,climatology,phihyd_surface,420,0.06242025246222814,0.05794728249311447,0.06558659225702286
rmse,climatology,phihyd_surface,430,0.062762417892615,0.05885829702019692,0.06606810241937637
rmse,climatology,phihyd_surface,440,0.06317219361662865,0.05912090167403221,0.06672806590795517
rmse,climatology,phihyd_surface,450,0.06301639502247175,0.058131230622529985,0.06668462157249451
rmse,climatology,phihyd_surface,460,0.06298208609223366,0.05840150192379952,0.06662967056035995
rmse,climatology,phihyd_surface,470,0.06345696076750755,0.05980171412229538,0.06670883595943451
rmse,climatology,phihyd_surface,480,0.06364863117535909,0.05933931693434715,0.06689698845148087
rmse,climatology,phihyd_surface,490,0.06349440515041352,0.058671087771654126,0.0667315036058426
rmse,climatology,phihyd_surface,500,0.06383654524882634,0.05955568253993988,0.06678965836763381
rmse,climatology,phihyd_surface,510,0.0641077975432078,0.06015075296163559,0.06744753420352936
rmse,climatology,phihyd_surface,520,0.06394057770570119,0.05998289659619331,0.06756779104471207
rmse,climatology,phihyd_surface,530,0.06401904573043188,0.05976750776171684,0.0676952913403511
rmse,climatology,phihyd_surface,540,0.0645153840382894,0.06048252657055855,0.06781647205352784
rmse,climatology,phihyd_surface,550,0.0646311655640602,0.05994043275713921,0.06802677810192108
rmse,climatology,phihyd_surface,560,0.06453656579057375,0.05998754277825356,0.06790613681077957
rmse,climatology,phihyd_surface,570,0.06474194129308065,0.060726483911275865,0.06819631457328797
rmse,climatology,phihyd_surface,580,0.06484273374080658,0.06062316745519638,0.06818518936634063
rmse,climatology,phihyd_surface,590,0.06473097776373228,0.06019945740699768,0.0677907258272171
rmse,climatology,phihyd_surface,600,0.06492720146973928,0.06103810369968414,0.06781469285488129
rmse,climatology,phihyd_surface,610,0.06525187293688456,0.061425799131393434,0.06837361603975296
rmse,climatology,phihyd_surface,620,0.06504991576075554,0.0605489231646061,0.06846066415309907
rmse,climatology,phihyd_surface,630,0.06490104297796885,0.06062305271625519,0.0684202641248703
rmse,climatology,phihyd_surface,640,0.06531135588884354,0.06204385906457901,0.06836063712835312
rmse,climatology,phihyd_surface,650,0.06555694863200187,0.061809518933296205,0.06876436620950699
rmse,climatology,phihyd_surface,660,0.06541104912757874,0.061003798991441725,0.06861963719129563
rmse,climatology,phihyd_surface,670,0.06570803076028824,0.061936506628990175,0.0688043013215065
rmse,climatology,phihyd_surface,680,0.0660092497865359,0.062600277364254,0.0692927896976471
rmse,climatology,phihyd_surface,690,0.0658518247306347,0.06251320242881775,0.06977245509624481
rmse,climatology,phihyd_surface,700,0.06584160402417183,0.06241929233074188,0.06980532109737396
rmse,climatology,phihyd_surface,710,0.06630083546042442,0.06296867281198501,0.06997156739234925
rmse,climatology,phihyd_surface,720,0.06648046374320984,0.062468376755714414,0.07018117904663086
rmse,climatology,phihyd_surface,730,0.06641964713732401,0.06260938346385955,0.07019177228212356
rmse,climatology,phihyd_surface,740,0.06664885804057122,0.06345040500164031,0.07059156149625778
rmse,climatology,phihyd_surface,750,0.06683835089206695,0.06345011740922928,0.0707003727555275
rmse,climatology,phihyd_surface,760,0.06681650504469872,0.06288141608238221,0.07037393897771835
rmse,climatology,phihyd_surface,770,0.06707796951134999,0.0636759877204895,0.07060198932886123
rmse,climatology,phihyd_surface,780,0.06754937469959259,0.06427071988582611,0.07117386013269425
rmse,climatology,phihyd_surface,790,0.06753469879428546,0.06359432190656662,0.07149288803339005
rmse,climatology,phihyd_surface,800,0.06743075003226598,0.06349241882562637,0.07149431854486465
rmse,climatology,phihyd_surface,810,0.06782886336247126,0.0648969516158104,0.0713901087641716
rmse,climatology,phihyd_surface,820,0.06812459776798883,0.06491313874721527,0.0719097688794136
rmse,climatology,phihyd_surface,830,0.06798334966103235,0.06410926282405853,0.07158269584178925
rmse,climatology,phihyd_surface,840,0.06821932643651962,0.06457338482141495,0.07177293300628662
rmse,climatology,phihyd_surface,850,0.06853639433781306,0.06560182124376297,0.07200665324926377
rmse,climatology,phihyd_surface,860,0.06839062025149663,0.0655621588230133,0.07204246073961258
rmse,climatology,phihyd_surface,870,0.06830141643683116,0.06521108746528625,0.07175869345664979
rmse,climatology,phihyd_surface,880,0.06871830274661382,0.06573315560817719,0.07197325229644776
rmse,climatology,phihyd_surface,890,0.06895308246215184,0.06555509567260742,0.07220278680324554
rmse,climatology,phihyd_surface,900,0.06890016992886862,0.06515448391437531,0.07240539491176605
rmse,climatology,phihyd_surface,910,0.06908411085605622,0.06562727093696594,0.07289955019950867
rmse,climatology,phihyd_surface,920,0.06925471325715384,0.06586232334375382,0.07299630343914032
rmse,climatology,phihyd_surface,930,0.06918003112077713,0.06542624533176422,0.0726561963558197
rmse,climatology,phihyd_surface,940,0.0693193236986796,0.06592341363430024,0.0728282243013382
rmse,climatology,phihyd_surface,950,0.06971457004547119,0.06607861071825027,0.07327287346124649
rmse,climatology,phihyd_surface,960,0.06969102174043655,0.0654661476612091,0.07342355102300643
rmse,climatology,phihyd_surface,970,0.0695037176211675,0.06514701396226882,0.07324914932250977
rmse,climatology,phihyd_surface,980,0.06981508036454519,0.06634537130594254,0.07320066839456559
rmse,climatology,phihyd_surface,990,0.07012118597825369,0.06629467904567718,0.07356815040111542
rmse,climatology,phihyd_surface,1000,0.06997173925240835,0.06553266793489457,0.07312462031841278
rmse,climatology,phihyd_surface,1010,0.07013312727212906,0.06612063795328141,0.07337591648101807
rmse,climatology,phihyd_surface,1020,0.07049078692992529,0.06641355156898499,0.07354060113430023
rmse,climatology,phihyd_surface,1030,0.07044793864091238,0.06647260189056396,0.07415570914745331
rmse,climatology,phihyd_surface,1040,0.07039273877938589,0.0662717029452324,0.07396337389945984
rmse,climatology,phihyd_surface,1050,0.07083370685577392,0.06690557450056075,0.07427409887313843
rmse,climatology,phihyd_surface,1060,0.07115377386411031,0.06656282246112824,0.07435140013694763
rmse,climatology,phihyd_surface,1070,0.07115020056565603,0.06656177788972854,0.07457352876663208
rmse,climatology,phihyd_surface,1080,0.07136312127113342,0.0672287479043007,0.07503714859485626
rmse,climatology,phihyd_surface,1090,0.07162613968054453,0.06766646653413773,0.07524458318948746
rmse,climatology,phihyd_surface,1100,0.07162835896015167,0.06683275401592255,0.07495339214801788
rmse,climatology,phihyd_surface,1110,0.07176018158594767,0.0674424096941948,0.07487977892160416
rmse,climatology,phihyd_surface,1120,0.07214866628249486,0.06819974184036255,0.07515641003847122
rmse,climatology,phihyd_surface,1130,0.0721589187781016,0.06770756095647812,0.0756022185087204
rmse,climatology,phihyd_surface,1140,0.07193963478008907,0.0672881320118904,0.07532519549131393
rmse,climatology,phihyd_surface,1150,0.07222985476255417,0.06845470666885375,0.07507137507200241
rmse,climatology,phihyd_surface,1160,0.07262792686621349,0.06881829798221588,0.075775246322155
rmse,climatology,phihyd_surface,1170,0.0725602368513743,0.06795705556869507,0.07545194029808044
rmse,climatology,phihyd_surface,1180,0.07267973969380061,0.06841475367546082,0.07571099996566773
rmse,climatology,phihyd_surface,1190,0.07305443336566289,0.06912154108285903,0.07585675716400146
rmse,climatology,phihyd_surface,1200,0.07307509630918503,0.06922845393419266,0.07665702700614929
rmse,climatology,phihyd_surface,1210,0.07298866808414459,0.06899158805608749,0.07622971087694168
rmse,climatology,phihyd_surface,1220,0.0733256995677948,0.06940837055444718,0.07653092294931411
rmse,climatology,phihyd_surface,1230,0.07354893386363984,0.06924781948328018,0.07654089331626893
rmse,climatology,phihyd_surface,1240,0.07337459127108256,0.06899127215147019,0.07672089487314224
rmse,climatology,phihyd_surface,1250,0.0733867809176445,0.06964316219091415,0.07682103514671326
rmse,climatology,phihyd_surface,1260,0.07356307407220204,0.07008877992630005,0.07694344073534012
rmse,climatology,phihyd_surface,1270,0.07354514598846436,0.06935083419084549,0.07673077434301376
rmse,climatology,phihyd_surface,1280,0.07363764892021815,0.06978769749403,0.0767656609416008
rmse,climatology,phihyd_surface,1290,0.0740376055240631,0.07045051455497742,0.0768529400229454
rmse,climatology,phihyd_surface,1300,0.07414656480153402,0.07014208137989045,0.07739941924810409
rmse,climatology,phihyd_surface,1310,0.07393090526262919,0.06961499154567719,0.07712427824735642
rmse,climatology,phihyd_surface,1320,0.07412738154331842,0.0706562876701355,0.07703469395637512
rmse,climatology,phihyd_surface,1330,0.07448959946632386,0.07122593224048615,0.07759877890348435
rmse,climatology,phihyd_surface,1340,0.0744293769200643,0.07043402493000031,0.07739463150501251
rmse,climatology,phihyd_surface,1350,0.0744918887813886,0.07071377038955688,0.07767269164323806
rmse,climatology,phihyd_surface,1360,0.07486753116051356,0.07150282114744186,0.07777639478445053
rmse,climatology,phihyd_surface,1370,0.07490825851758322,0.07176849097013474,0.07856562733650208
rmse,climatology,phihyd_surface,1380,0.07477229287226995,0.07154101282358169,0.07829537093639374
rmse,climatology,phihyd_surface,1390,0.07507073581218719,0.07189963310956955,0.07867537289857865
rmse,climatology,phihyd_surface,1400,0.07540774991114935,0.07191538959741592,0.07871362715959548
rmse,climatology,phihyd_surface,1410,0.07538889149824778,0.0717790737748146,0.07894333302974701
rmse,climatology,phihyd_surface,1420,0.07548548579216004,0.07243122905492783,0.07915873974561691
rmse,climatology,phihyd_surface,1430,0.07573437094688415,0.07300751954317093,0.07938239872455596
rmse,climatology,phihyd_surface,1440,0.07575590014457703,0.07233449816703796,0.07928234785795212
rmse,climatology,phihyd_surface,1450,0.07581512828667959,0.07261932641267776,0.07917832732200622
rmse,climatology,phihyd_surface,1460,0.07622155050436656,0.07301418781280518,0.07956441938877105
rmse,climatology,phihyd_surface,1470,0.076456784705321,0.07348747253417968,0.08020341843366623
rmse,climatology,phihyd_surface,1480,0.0763171891371409,0.07286379784345627,0.08004744797945022
rmse,climatology,phihyd_surface,1490,0.07649621764818827,0.07366715669631958,0.07992962151765823
rmse,climatology,phihyd_surface,1500,0.07687220325072606,0.07423707246780395,0.08038027882575989
rmse,climatology,phihyd_surface,1510,0.07683821072181066,0.07331745326519012,0.08023654520511628
rmse,climatology,phihyd_surface,1520,0.07682551294565201,0.07325226068496704,0.08038118034601212
rmse,climatology,phihyd_surface,1530,0.077163465321064,0.0741541862487793,0.08037637025117875
rmse,climatology,phihyd_surface,1540,0.07720060497522355,0.07404913604259492,0.0809181272983551
rmse,climatology,phihyd_surface,1550,0.0770004466176033,0.07363619208335877,0.08032764047384262
rmse,climatology,phihyd_surface,1560,0.07721679260333379,0.07417798042297363,0.08075584471225739
rmse,climatology,phihyd_surface,1570,0.07757302075624466,0.07428430765867233,0.08081723898649215
rmse,climatology,phihyd_surface,1580,0.07757673064867655,0.07395322322845459,0.08113281577825546
rmse,climatology,phihyd_surface,1590,0.07763385673364004,0.07408267557621002,0.08136717975139618
rmse,climatology,phihyd_surface,1600,0.07787857204675674,0.07461673468351364,0.08160435557365417
rmse,climatology,phihyd_surface,1610,0.07791258146365483,0.07438546866178512,0.08140158355236053
rmse,climatology,phihyd_surface,1620,0.07791242301464081,0.07444216758012771,0.08108875155448914
rmse,climatology,phihyd_surface,1630,0.07823084046443303,0.07487311810255051,0.08152918964624405
rmse,climatology,phihyd_surface,1640,0.07844077597061792,0.0747852623462677,0.08203520923852921
rmse,climatology,phihyd_surface,1650,0.07824296901623408,0.07407883256673813,0.08163137584924698
rmse,climatology,phihyd_surface,1660,0.07831674963235855,0.0747125118970871,0.08158945888280869
rmse,climatology,phihyd_surface,1670,0.07868469456831614,0.07535350024700165,0.08182039856910706
rmse,climatology,phihyd_surface,1680,0.07871209780375163,0.07461183071136475,0.081662879884243
rmse,climatology,phihyd_surface,1690,0.07867238720258077,0.07469270080327987,0.08177667111158371
rmse,climatology,phihyd_surface,1700,0.0790339931845665,0.07525292038917542,0.0818263366818428
rmse,climatology,phihyd_surface,1710,0.07919730991125107,0.07543612569570542,0.08244438916444778
rmse,climatology,phihyd_surface,1720,0.07909093002478282,0.07522009760141372,0.0824307844042778
rmse,climatology,phihyd_surface,1730,0.07932202766338985,0.07536506056785583,0.08287565857172012
rmse,climatology,phihyd_surface,1740,0.07975259721279145,0.07571159452199935,0.08295485824346542
rmse,climatology,phihyd_surface,1750,0.07984561920166015,0.0754326418042183,0.08320118635892867
rmse,climatology,phihyd_surface,1760,0.07992210288842519,0.07587989866733551,0.08341194540262223
rmse,climatology,phihyd_surface,1770,0.08020233164230982,0.076484052836895,0.08368216156959533
rmse,climatology,phihyd_surface,1780,0.08029500097036361,0.07606295496225357,0.08363444507122039
rmse,climatology,phihyd_surface,1790,0.08029505411783854,0.07594126760959626,0.08326652348041534
rmse,climatology,phihyd_surface,1800,0.080582195520401,0.07670546621084214,0.08344512283802033
rmse,climatology,phihyd_surface,1810,0.08082535962263743,0.07686355262994767,0.08389799147844315
rmse,climatology,phihyd_surface,1820,0.08065820087989171,0.0761458307504654,0.08381610810756683
rmse,climatology,phihyd_surface,1830,0.08071261445681253,0.07659720033407211,0.08375120759010315
rmse,climatology,phihyd_surface,1840,0.08112095048030217,0.07756310254335404,0.08392696529626846
rmse,climatology,phihyd_surface,1850,0.08123307625452678,0.07704231441020966,0.0840674802660942
rmse,climatology,phihyd_surface,1860,0.08116287887096404,0.0767599567770958,0.08408184051513672
rmse,climatology,phihyd_surface,1870,0.08148393879334132,0.07745583802461624,0.08414220064878464
rmse,climatology,phihyd_surface,1880,0.08167717109123866,0.07786711752414703,0.0846978023648262
rmse,climatology,phihyd_surface,1890,0.08155357191960017,0.0776984602212906,0.08474824577569962
rmse,climatology,phihyd_surface,1900,0.08165500412384669,0.07773183435201644,0.08486632406711578
rmse,climatology,phihyd_surface,1910,0.08196439445018769,0.0781221017241478,0.08486697971820831
rmse,climatology,phihyd_surface,1920,0.08193000058333079,0.07767378985881805,0.08507666885852813
rmse,climatology,phihyd_surface,1930,0.08183421144882838,0.07800686508417129,0.08501246720552444
rmse,climatology,phihyd_surface,1940,0.08201277901728948,0.07864661961793899,0.08517699092626571
rmse,climatology,phihyd_surface,1950,0.0820940429965655,0.07832285910844802,0.08526203483343124
rmse,climatology,phihyd_surface,1960,0.08207200318574906,0.07811755686998367,0.08503737300634384
rmse,climatology,phihyd_surface,1970,0.08233088652292887,0.07884961813688278,0.0850958302617073
rmse,climatology,phihyd_surface,1980,0.08263024489084879,0.07913771271705627,0.0856183111667633
rmse,climatology,phihyd_surface,1990,0.08250818898280461,0.07845491915941238,0.08562885224819183
rmse,climatology,phihyd_surface,2000,0.0824887494246165,0.07873230576515197,0.08563082069158554
rmse,persistence,phihyd_surface,0,0.0,0.0,0.0
rmse,persistence,phihyd_surface,10,0.010350699505458276,0.007396924961358309,0.012786458991467953
rmse,persistence,phihyd_surface,20,0.014682069482902686,0.011606127209961414,0.017236204445362092
rmse,persistence,phihyd_surface,30,0.01813393794000149,0.015945703163743018,0.021325619891285896
rmse,persistence,phihyd_surface,40,0.023417344068487486,0.018077804893255233,0.026974673941731454
rmse,persistence,phihyd_surface,50,0.02690871643523375,0.0225798349827528,0.030930523574352265
rmse,persistence,phihyd_surface,60,0.029418931528925895,0.026224426552653314,0.03442290276288986
rmse,persistence,phihyd_surface,70,0.030977992216746013,0.02609020732343197,0.035264651477336886
rmse,persistence,phihyd_surface,80,0.031150045742591222,0.026520409807562827,0.03484172448515892
rmse,persistence,phihyd_surface,90,0.03239365803698699,0.029249688237905504,0.03540579527616501
rmse,persistence,phihyd_surface,100,0.03225948164860407,0.02844003662467003,0.03502363786101341
rmse,persistence,phihyd_surface,110,0.028799115493893624,0.02590886726975441,0.03185688331723213
rmse,persistence,phihyd_surface,120,0.027389134963353476,0.02412121444940567,0.03053924851119518
rmse,persistence,phihyd_surface,130,0.02531686139603456,0.02194419503211975,0.028098203241825104
rmse,persistence,phihyd_surface,140,0.019774264097213744,0.017686392366886138,0.021753213927149774
rmse,persistence,phihyd_surface,150,0.01693753395229578,0.014315492659807205,0.019125309959053993
rmse,persistence,phihyd_surface,160,0.013396045689781507,0.011218058504164219,0.015376081690192223
rmse,persistence,phihyd_surface,170,0.006632236142953237,0.004543252196162939,0.009211843088269233
rmse,persistence,phihyd_surface,180,0.011823307691762845,0.008746748976409436,0.014190986566245557
rmse,persistence,phihyd_surface,190,0.016097692027688026,0.012788659147918224,0.01925821602344513
rmse,persistence,phihyd_surface,200,0.019039624805251756,0.016452279686927796,0.022971908375620843
rmse,persistence,phihyd_surface,210,0.024049313987294832,0.018796714767813683,0.02754022292792797
rmse,persistence,phihyd_surface,220,0.027587907885511718,0.023236847296357156,0.03174922987818718
rmse,persistence,phihyd_surface,230,0.030012928321957587,0.026738087832927703,0.03505796864628792
rmse,persistence,phihyd_surface,240,0.031689587111274405,0.026756518334150315,0.03599748238921165
rmse,persistence,phihyd_surface,250,0.03183698778351148,0.026816593855619433,0.035109365731477736
rmse,persistence,phihyd_surface,260,0.03293548077344895,0.029743649438023566,0.03579128310084343
rmse,persistence,phihyd_surface,270,0.03314891681075096,0.02931418754160404,0.03606499060988426
rmse,persistence,phihyd_surface,280,0.029847001532713573,0.0267690934240818,0.03242136910557747
rmse,persistence,phihyd_surface,290,0.028183861325184505,0.025087203085422515,0.031074604764580727
rmse,persistence,phihyd_surface,300,0.02646376925210158,0.02315697483718395,0.029269886016845704
rmse,persistence,phihyd_surface,310,0.021231967210769653,0.019354835525155066,0.02302424907684326
rmse,persistence,phihyd_surface,320,0.018106472430129847,0.015506014041602612,0.01979845352470875
rmse,persistence,phihyd_surface,330,0.01524729256828626,0.013539195992052555,0.017163263633847237
rmse,persistence,phihyd_surface,340,0.009172300497690836,0.008277679421007633,0.010142106376588345
rmse,persistence,phihyd_surface,350,0.012626016202072302,0.010895662382245064,0.01424255259335041
rmse,persistence,phihyd_surface,360,0.016900581556061903,0.014311446994543075,0.019180769473314284
rmse,persistence,phihyd_surface,370,0.019475867599248887,0.01741660721600056,0.02277185507118702
rmse,persistence,phihyd_surface,380,0.024261447663108508,0.019709407538175582,0.027329936623573303
rmse,persistence,phihyd_surface,390,0.027897535264492034,0.023581895604729654,0.031319548934698106
rmse,persistence,phihyd_surface,400,0.030309210593501727,0.02748127430677414,0.03459388166666031
rmse,persistence,phihyd_surface,410,0.03214511411885421,0.027954702824354173,0.035905007272958755
rmse,persistence,phihyd_surface,420,0.03233402135471503,0.02764187306165695,0.035950297862291335
rmse,persistence,phihyd_surface,430,0.033307912200689314,0.030546346306800844,0.035950638353824615
rmse,persistence,phihyd_surface,440,0.03383823161323865,0.03021205998957157,0.0365279532968998
rmse,persistence,phihyd_surface,450,0.030779794106880823,0.027307901158928873,0.032785499840974806
rmse,persistence,phihyd_surface,460,0.02894703547159831,0.026230430975556374,0.03116188570857048
rmse,persistence,phihyd_surface,470,0.02760178173581759,0.02469240389764309,0.030172185972332954
rmse,persistence,phihyd_surface,480,0.02272682897746563,0.020048889517784118,0.02528516240417957
rmse,persistence,phihyd_surface,490,0.019417044272025428,0.016272091865539552,0.021892016753554344
rmse,persistence,phihyd_surface,500,0.017260719339052835,0.015129698440432549,0.01884107030928135
rmse,persistence,phihyd_surface,510,0.011779833336671193,0.009526276774704457,0.013660268858075142
rmse,persistence,phihyd_surface,520,0.01391870112468799,0.012113799154758454,0.015439272671937943
rmse,persistence,phihyd_surface,530,0.018156616762280465,0.015942785143852233,0.02013680264353752
rmse,persistence,phihyd_surface,540,0.020421225329240164,0.018827595934271812,0.022957587242126466
rmse,persistence,phihyd_surface,550,0.024809945747256278,0.02096293680369854,0.027190107852220535
rmse,persistence,phihyd_surface,560,0.02843542570869128,0.023658309131860733,0.03112570159137249
rmse,persistence,phihyd_surface,570,0.030779243633151054,0.027541660144925116,0.03446303009986877
rmse,persistence,phihyd_surface,580,0.03265571718414625,0.02897219583392143,0.03620849773287773
rmse,persistence,phihyd_surface,590,0.032802363485097887,0.027523193135857583,0.03677690252661705
rmse,persistence,phihyd_surface,600,0.033551944916447,0.030697905272245408,0.03678645119071007
rmse,persistence,phihyd_surface,610,0.03424744568765163,0.0310493066906929,0.03741757646203041
rmse,persistence,phihyd_surface,620,0.03135509664813677,0.027554421871900558,0.03337596729397774
rmse,persistence,phihyd_surface,630,0.02914568061629931,0.026937657967209816,0.03138257786631584
rmse,persistence,phihyd_surface,640,0.02790232685705026,0.024986476078629492,0.030949989333748817
rmse,persistence,phihyd_surface,650,0.023206911236047744,0.021199171990156175,0.025984431430697442
rmse,persistence,phihyd_surface,660,0.019351106509566306,0.01687808334827423,0.020489643141627312
rmse,persistence,phihyd_surface,670,0.01725222890575727,0.01557402554899454,0.01944032162427902
rmse,persistence,phihyd_surface,680,0.01146235807488362,0.010601694881916045,0.012516424432396889
rmse,persistence,phihyd_surface,690,0.012502745849390824,0.011320210061967373,0.013603144697844982
rmse,persistence,phihyd_surface,700,0.017156605236232282,0.014448689110577107,0.019511164724826814
rmse,persistence,phihyd_surface,710,0.019412266835570336,0.01696406714618206,0.022555357590317727
rmse,persistence,phihyd_surface,720,0.023811874662836394,0.019789475202560424,0.02680824026465416
rmse,persistence,phihyd_surface,730,0.027788942307233812,0.022916229069232942,0.0312685176730156
rmse,persistence,phihyd_surface,740,0.030279692262411118,0.027352772653102875,0.03478817045688629
rmse,persistence,phihyd_surface,750,0.03238491391142209,0.028307559341192244,0.036872217804193495
rmse,persistence,phihyd_surface,760,0.03279062112172445,0.027859998121857642,0.03653308302164078
rmse,persistence,phihyd_surface,770,0.033523587385813396,0.030944444611668585,0.0361083023250103
rmse,persistence,phihyd_surface,780,0.03455326197048028,0.0312642939388752,0.037987370043992996
rmse,persistence,phihyd_surface,790,0.03215041520694892,0.028641016408801078,0.034128396213054656
rmse,persistence,phihyd_surface,800,0.029822831973433495,0.0277636643499136,0.03217482194304466
rmse,persistence,phihyd_surface,810,0.02892669936021169,0.026167741790413857,0.03215961307287216
rmse,persistence,phihyd_surface,820,0.024883761753638586,0.023523998633027076,0.027094386145472528
rmse,persistence,phihyd_surface,830,0.02104124240577221,0.01915645822882652,0.022344033047556878
rmse,persistence,phihyd_surface,840,0.019507469485203426,0.018181844055652617,0.021229855343699457
rmse,persistence,phihyd_surface,850,0.01483286488801241,0.013707287609577179,0.01598438769578934
rmse,persistence,phihyd_surface,860,0.014957618713378907,0.013781049847602844,0.015947993099689483
rmse,persistence,phihyd_surface,870,0.019233235840996107,0.01630372926592827,0.021268192678689957
rmse,persistence,phihyd_surface,880,0.021335350597898164,0.019196679070591926,0.024101774767041208
rmse,persistence,phihyd_surface,890,0.025222550829251608,0.0218167319893837,0.027693600952625276
rmse,persistence,phihyd_surface,900,0.029157927880684536,0.02413007952272892,0.03260806500911713
rmse,persistence,phihyd_surface,910,0.031583875169356665,0.028506096079945566,0.036103449016809466
rmse,persistence,phihyd_surface,920,0.033679926147063576,0.029720456898212434,0.038388483226299286
rmse,persistence,phihyd_surface,930,0.034199609359105425,0.02950829789042473,0.03808400928974152
rmse,persistence,phihyd_surface,940,0.0347293737034003,0.03197851777076721,0.037156792730093
rmse,persistence,phihyd_surface,950,0.03583508481582006,0.032860317081212995,0.0392012894153595
rmse,persistence,phihyd_surface,960,0.0338437436769406,0.03047347590327263,0.03581198155879974
rmse,persistence,phihyd_surface,970,0.03130990937352181,0.029526497051119805,0.03358913511037827
rmse,persistence,phihyd_surface,980,0.030522485822439195,0.027942517027258872,0.03377858325839043
rmse,persistence,phihyd_surface,990,0.026986476530631385,0.02586021237075329,0.029140901193022727
rmse,persistence,phihyd_surface,1000,0.02300859900812308,0.0212261576205492,0.02482767589390278
rmse,persistence,phihyd_surface,1010,0.02168862596154213,0.020151391625404358,0.023360245302319525
rmse,persistence,phihyd_surface,1020,0.01768081064025561,0.0171160988509655,0.018340934067964554
rmse,persistence,phihyd_surface,1030,0.016994884982705117,0.01616986617445946,0.017573219910264015
rmse,persistence,phihyd_surface,1040,0.020957665145397188,0.019063057005405427,0.022584790363907814
rmse,persistence,phihyd_surface,1050,0.022972481325268745,0.021084192395210265,0.02478027381002903
rmse,persistence,phihyd_surface,1060,0.026383720462520917,0.024433116987347604,0.028462260589003564
rmse,persistence,phihyd_surface,1070,0.030296813199917474,0.026173819229006766,0.03253033384680748
rmse,persistence,phihyd_surface,1080,0.0327301266292731,0.02992173843085766,0.03573865592479706
rmse,persistence,phihyd_surface,1090,0.03486239661773046,0.03127204589545727,0.03828358948230744
rmse,persistence,phihyd_surface,1100,0.03556743400792281,0.0317968737334013,0.039331696927547455
rmse,persistence,phihyd_surface,1110,0.03596480712294579,0.033515043556690216,0.03838248401880264
rmse,persistence,phihyd_surface,1120,0.037135319660107295,0.0341089703142643,0.039860257506370546
rmse,persistence,phihyd_surface,1130,0.03558195742468039,0.03210391849279404,0.038269539922475816
rmse,persistence,phihyd_surface,1140,0.03294844689468543,0.031129085272550584,0.035710010677576065
rmse,persistence,phihyd_surface,1150,0.03229650172094504,0.029419141262769698,0.03467889279127121
rmse,persistence,phihyd_surface,1160,0.029325086747606595,0.027425892651081085,0.03185852020978928
rmse,persistence,phihyd_surface,1170,0.025359415511290232,0.0223335362970829,0.028381716459989548
rmse,persistence,phihyd_surface,1180,0.02420365735888481,0.021629226580262183,0.02570384293794632
rmse,persistence,phihyd_surface,1190,0.02083688465257486,0.01897690035402775,0.02256788909435272
rmse,persistence,phihyd_surface,1200,0.019511843596895537,0.0172846969217062,0.021360153332352638
rmse,persistence,phihyd_surface,1210,0.022966912885506948,0.020974411442875863,0.024698641523718833
rmse,persistence,phihyd_surface,1220,0.024843873580296834,0.022842638567090033,0.026731425896286964
rmse,persistence,phihyd_surface,1230,0.02760617497066657,0.025643230974674226,0.028858735412359237
rmse,persistence,phihyd_surface,1240,0.031217039624849955,0.026956301555037497,0.03401622697710991
rmse,persistence,phihyd_surface,1250,0.03349475661913554,0.030190344899892807,0.036481267958879474
rmse,persistence,phihyd_surface,1260,0.03548291996121407,0.032463391125202176,0.038763925433158875
rmse,persistence,phihyd_surface,1270,0.03622281079490979,0.031922328472137454,0.03985166549682617
rmse,persistence,phihyd_surface,1280,0.036391102025906244,0.03295055627822876,0.039516917616128924
rmse,persistence,phihyd_surface,1290,0.03749302874008815,0.0346080906689167,0.040562228113412854
rmse,persistence,phihyd_surface,1300,0.03630220418175061,0.03311789929866791,0.0390614002943039
rmse,persistence,phihyd_surface,1310,0.03343285756806533,0.03145480751991272,0.03595082312822342
rmse,persistence,phihyd_surface,1320,0.032589850823084514,0.029781357571482658,0.03559354543685913
rmse,persistence,phihyd_surface,1330,0.02989503207306067,0.027891645580530165,0.03225742280483246
rmse,persistence,phihyd_surface,1340,0.025670175378521284,0.023810719326138496,0.0273789893835783
rmse,persistence,phihyd_surface,1350,0.024315149709582328,0.02264484167098999,0.02601938582956791
rmse,persistence,phihyd_surface,1360,0.021203271547953286,0.02033059261739254,0.02229989655315876
rmse,persistence,phihyd_surface,1370,0.019202544912695886,0.01877475716173649,0.019582315534353256
rmse,persistence,phihyd_surface,1380,0.022489376117785773,0.020821575820446015,0.024073277413845063
rmse,persistence,phihyd_surface,1390,0.024583929404616355,0.022653133794665336,0.026606502011418343
rmse,persistence,phihyd_surface,1400,0.027215592687328656,0.02533154934644699,0.02960168309509754
rmse,persistence,phihyd_surface,1410,0.031093947341044745,0.0266569834202528,0.03389505669474602
rmse,persistence,phihyd_surface,1420,0.033645895992716154,0.030564599111676215,0.03676505908370018
rmse,persistence,phihyd_surface,1430,0.0357648362716039,0.03293171301484108,0.039831303805112836
rmse,persistence,phihyd_surface,1440,0.03684091418981552,0.032830819487571716,0.04065527021884918
rmse,persistence,phihyd_surface,1450,0.0370574839413166,0.0335024282336235,0.039977063238620755
rmse,persistence,phihyd_surface,1460,0.03824445257584254,0.0353177398443222,0.04120759069919586
rmse,persistence,phihyd_surface,1470,0.03765382294853528,0.03486190885305405,0.0402582012116909
rmse,persistence,phihyd_surface,1480,0.034933980802694956,0.03284262642264366,0.03736530691385269
rmse,persistence,phihyd_surface,1490,0.0341662493844827,0.031553083658218385,0.03738127425312996
rmse,persistence,phihyd_surface,1500,0.032110923528671266,0.029645298421382905,0.034032905101776124
rmse,persistence,phihyd_surface,1510,0.0281651146709919,0.027085895463824273,0.029747981205582617
rmse,persistence,phihyd_surface,1520,0.026868043715755144,0.025429175421595573,0.02878973223268986
rmse,persistence,phihyd_surface,1530,0.02449548455576102,0.023230791091918945,0.025754736363887788
rmse,persistence,phihyd_surface,1540,0.02231584439675013,0.021364734321832658,0.022994916886091232
rmse,persistence,phihyd_surface,1550,0.024981815616289774,0.023270606994628906,0.02631976790726185
rmse,persistence,phihyd_surface,1560,0.027098532890280087,0.02522239610552788,0.02920087017118931
rmse,persistence,phihyd_surface,1570,0.02928162068128586,0.02731477953493595,0.03196834772825241
rmse,persistence,phihyd_surface,1580,0.03290397773186366,0.028763041645288468,0.03551953658461571
rmse,persistence,phihyd_surface,1590,0.0354120671749115,0.03221976384520531,0.03863311111927033
rmse,persistence,phihyd_surface,1600,0.03739361936847369,0.03485353216528893,0.04133057519793511
rmse,persistence,phihyd_surface,1610,0.03857641418774923,0.03461407572031021,0.04188809171319008
rmse,persistence,phihyd_surface,1620,0.038680987308422725,0.03489893153309822,0.04138498902320862
rmse,persistence,phihyd_surface,1630,0.03969701627890269,0.036758401244878766,0.042188648134469986
rmse,persistence,phihyd_surface,1640,0.03945685451229413,0.03669230118393898,0.041643678396940234
rmse,persistence,phihyd_surface,1650,0.036755284667015074,0.03459167182445526,0.03889143243432045
rmse,persistence,phihyd_surface,1660,0.03580593690276146,0.03328031152486801,0.038167980313301084
rmse,persistence,phihyd_surface,1670,0.03415146693587303,0.03202773481607437,0.03612881526350975
rmse,persistence,phihyd_surface,1680,0.030322078118721642,0.028577010333538055,0.0320955827832222
rmse,persistence,phihyd_surface,1690,0.02885657859345277,0.027242830023169518,0.03000202439725399
rmse,persistence,phihyd_surface,1700,0.02696369377275308,0.026158251613378525,0.0279059961438179
rmse,persistence,phihyd_surface,1710,0.02458608311911424,0.023529157787561417,0.025061845034360885
rmse,persistence,phihyd_surface,1720,0.026765187457203864,0.025998124852776527,0.02760164365172386
rmse,persistence,phihyd_surface,1730,0.028983137011528014,0.027615639567375182,0.03012275882065296
rmse,persistence,phihyd_surface,1740,0.030864309147000314,0.029764655232429504,0.03243262320756912
rmse,persistence,phihyd_surface,1750,0.03430485191444556,0.031214124336838723,0.036385031044483186
rmse,persistence,phihyd_surface,1760,0.036879801253477736,0.0340864971280098,0.03917422369122505
rmse,persistence,phihyd_surface,1770,0.038825121521949765,0.036670492589473726,0.04137157574295998
rmse,persistence,phihyd_surface,1780,0.040173110117514926,0.03742381110787392,0.04296167269349098
rmse,persistence,phihyd_surface,1790,0.04028906871875127,0.03697692379355431,0.04323727488517761
rmse,persistence,phihyd_surface,1800,0.0411929560204347,0.038957276940345766,0.04339001402258873
rmse,persistence,phihyd_surface,1810,0.0413031667470932,0.0385241337120533,0.04362638145685196
rmse,persistence,phihyd_surface,1820,0.03877140233914057,0.03622537478804588,0.04139574021100998
rmse,persistence,phihyd_surface,1830,0.03772054041425387,0.03583378940820694,0.03945076018571854
rmse,persistence,phihyd_surface,1840,0.036490966627995176,0.034496673941612245,0.03862573653459549
rmse,persistence,phihyd_surface,1850,0.03290999494493008,0.030423611029982568,0.035226748883724214
rmse,persistence,phihyd_surface,1860,0.031264907618363695,0.02896486297249794,0.032427741587162016
rmse,persistence,phihyd_surface,1870,0.02977820932865143,0.028070341050624847,0.03130779415369034
rmse,persistence,phihyd_surface,1880,0.027287204066912332,0.025437621772289275,0.028844141215085984
rmse,persistence,phihyd_surface,1890,0.02880724680920442,0.027370484545826912,0.03065122663974762
rmse,persistence,phihyd_surface,1900,0.030946833019455274,0.02894211821258068,0.0322759635746479
rmse,persistence,phihyd_surface,1910,0.032394514853755635,0.030985110625624656,0.03370624110102653
rmse,persistence,phihyd_surface,1920,0.03537202775478363,0.03252433016896248,0.03738251477479935
rmse,persistence,phihyd_surface,1930,0.03780812496940295,0.03415103927254677,0.04017809182405472
rmse,persistence,phihyd_surface,1940,0.03957424983382225,0.0369275338947773,0.042310331016778946
rmse,persistence,phihyd_surface,1950,0.04093841512997945,0.03764446824789047,0.0437908448278904
rmse,persistence,phihyd_surface,1960,0.040984607736269635,0.03668266385793686,0.04429667443037033
rmse,persistence,phihyd_surface,1970,0.041677213211854296,0.03903843238949776,0.044561658054590225
rmse,persistence,phihyd_surface,1980,0.04203392490744591,0.03937948271632195,0.044943101704120636
rmse,persistence,phihyd_surface,1990,0.039624132712682086,0.03683935254812241,0.04121319428086281
rmse,persistence,phihyd_surface,2000,0.038242372870445254,0.036230454593896864,0.040171122550964354
rmse,model,sst,0,0.0,0.0,0.0
rmse,model,sst,10,0.008813955634832383,0.008013470005244017,0.009638959355652333
rmse,model,sst,20,0.012006181913117567,0.010731958039104938,0.012807458452880383
rmse,model,sst,30,0.014000396368404229,0.012123114056885242,0.015296055004000664
rmse,model,sst,40,0.01566821845869223,0.013622811250388622,0.01726565696299076
rmse,model,sst,50,0.016849597605566185,0.01464572809636593,0.018888037651777267
rmse,model,sst,60,0.018052105233073233,0.01599104404449463,0.019901346415281296
rmse,model,sst,70,0.019243306790788967,0.01700606681406498,0.021433264762163163
rmse,model,sst,80,0.02036449114481608,0.017947302758693696,0.02267385125160217
rmse,model,sst,90,0.021513226007421813,0.018997181951999665,0.024065697565674782
rmse,model,sst,100,0.022505550955732662,0.020011481642723084,0.025150175765156744
rmse,model,sst,110,0.02352774478495121,0.021188105642795562,0.026073091849684715
rmse,model,sst,120,0.02463882863521576,0.021973111480474473,0.026751598343253136
rmse,model,sst,130,0.02595123859743277,0.02350361905992031,0.027938882261514662
rmse,model,sst,140,0.027338497092326483,0.024998114630579948,0.029862961918115615
rmse,model,sst,150,0.028658850491046904,0.026364729925990104,0.03174129128456116
rmse,model,sst,160,0.029884695013364156,0.02776356376707554,0.032941973954439166
rmse,model,sst,170,0.031318940594792365,0.02939249761402607,0.03410092517733574
rmse,model,sst,180,0.032678270464142165,0.03080780953168869,0.035566627979278564
rmse,model,sst,190,0.03405046686530113,0.03205457851290703,0.03689038977026939
rmse,model,sst,200,0.03537753745913506,0.03310835063457489,0.03814649879932404
rmse,model,sst,210,0.03676789328455925,0.03433205336332321,0.039889033138751986
rmse,model,sst,220,0.03805323416988055,0.03528442531824112,0.041188155114650724
rmse,model,sst,230,0.03956120908260345,0.03649676144123078,0.042972154915332794
rmse,model,sst,240,0.04129021738966306,0.038095978647470476,0.044433466345071795
rmse,model,sst,250,0.043035646279652916,0.039808832854032514,0.046228589862585066
rmse,model,sst,260,0.044651024291912714,0.041847965121269225,0.04788688644766807
rmse,model,sst,270,0.0463333286345005,0.04399615153670311,0.04943746030330658
rmse,model,sst,280,0.048004924009243645,0.04539754018187523,0.05113901123404503
rmse,model,sst,290,0.04957666968305906,0.046871012449264525,0.05250693932175636
rmse,model,sst,300,0.051069284230470656,0.04847587198019028,0.05403156206011772
rmse,model,sst,310,0.052675283948580426,0.05093062445521355,0.055480854213237764
rmse,model,sst,320,0.05425853331883748,0.05226628705859184,0.0567664347589016
rmse,model,sst,330,0.05561341991027196,0.053433052450418475,0.05789327248930931
rmse,model,sst,340,0.05707303136587143,0.05432446524500847,0.05921690762042999
rmse,model,sst,350,0.058512542645136514,0.05618143603205681,0.06019807085394859
rmse,model,sst,360,0.05959632471203804,0.05741647779941559,0.06126750484108925
rmse,model,sst,370,0.060690256953239444,0.05775939896702766,0.06299833208322525
rmse,model,sst,380,0.062086366365353265,0.0591712586581707,0.06486685872077942
rmse,model,sst,390,0.06327263961235682,0.060746793448925016,0.06608355641365052
rmse,model,sst,400,0.06414794872204463,0.06079427897930145,0.06797924935817719
rmse,model,sst,410,0.06520380129416783,0.062020737677812576,0.06887189000844955
rmse,model,sst,420,0.06638830925027529,0.06289809867739678,0.06974286288022995
rmse,model,sst,430,0.06722623854875565,0.06327770948410034,0.06982898265123368
rmse,model,sst,440,0.06820780138174692,0.06495600044727326,0.07162851095199585
rmse,model,sst,450,0.0694232776761055,0.06673937737941742,0.07260132431983948
rmse,model,sst,460,0.07042904694875081,0.0667235568165779,0.07446841448545456
rmse,model,sst,470,0.07092834214369456,0.06734854131937026,0.07498316168785095
rmse,model,sst,480,0.07258426646391551,0.06921487897634507,0.07636945694684982
rmse,model,sst,490,0.07410962531963984,0.0703813299536705,0.07798020392656327
rmse,model,sst,500,0.07473612477382024,0.07115438431501389,0.07820244133472443
rmse,model,sst,510,0.07585053543249766,0.07155896574258805,0.08032076507806778
rmse,model,sst,520,0.0771021788318952,0.07187600135803222,0.08189534842967987
rmse,model,sst,530,0.07751891265312831,0.07316837012767792,0.08153820335865021
rmse,model,sst,540,0.07824572871128718,0.07359490841627121,0.08125843852758408
rmse,model,sst,550,0.07978752354780833,0.07447110414505005,0.08339819461107253
rmse,model,sst,560,0.08098106036583583,0.0772420734167099,0.08487201631069183
rmse,model,sst,570,0.08125282575686772,0.07705945372581482,0.08460025787353516
rmse,model,sst,580,0.08208133578300476,0.07736667990684509,0.08535714745521546
rmse,model,sst,590,0.0832503875096639,0.07889753878116608,0.08709534257650375
rmse,model,sst,600,0.0842688833673795,0.0806549146771431,0.088664211332798
rmse,model,sst,610,0.08512656589349112,0.08151502460241318,0.08971695005893707
rmse,model,sst,620,0.086382195353508,0.08338515013456345,0.09167104363441467
rmse,model,sst,630,0.08699893057346345,0.08253672122955322,0.09267839193344116
rmse,model,sst,640,0.08711127539475759,0.08187003880739212,0.09206562638282775
rmse,model,sst,650,0.08807908743619919,0.08280214071273803,0.09306485950946808
rmse,model,sst,660,0.08919804294904073,0.08441635966300964,0.0966080904006958
rmse,model,sst,670,0.08933396538098654,0.08309468179941178,0.09807323813438415
rmse,model,sst,680,0.08993143488963445,0.08349666297435761,0.09805111587047577
rmse,model,sst,690,0.09076075653235118,0.08307284414768219,0.09801113009452819
rmse,model,sst,700,0.09076527406771978,0.08521534651517867,0.09730719029903412
rmse,model,sst,710,0.09056781977415085,0.08572493940591812,0.09607195854187012
rmse,model,sst,720,0.0912442589799563,0.08599954098463058,0.09651186317205429
rmse,model,sst,730,0.09208102275927861,0.08655218780040741,0.09713019728660584
rmse,model,sst,740,0.09188165664672851,0.08729869723320008,0.09592699706554413
rmse,model,sst,750,0.09230711807807286,0.08772369921207428,0.0954923152923584
rmse,model,sst,760,0.09304114033778509,0.08954973220825195,0.09700403809547424
rmse,model,sst,770,0.09348582774400711,0.09034319967031479,0.0972992017865181
rmse,model,sst,780,0.09391097923119864,0.09035607576370239,0.09776821434497833
rmse,model,sst,790,0.09490722864866256,0.09196319282054902,0.09935765713453293
rmse,model,sst,800,0.09519213587045669,0.09207478165626526,0.1001181498169899
rmse,model,sst,810,0.09500011652708054,0.09187540560960769,0.09934241622686386
rmse,model,sst,820,0.09518991510073344,0.090773606300354,0.09997024983167649
rmse,model,sst,830,0.09601986755927404,0.09109456539154052,0.10274123251438141
rmse,model,sst,840,0.09616483847300211,0.09135482609272003,0.10389150083065032
rmse,model,sst,850,0.09621399790048599,0.08968383818864822,0.1042363166809082
rmse,model,sst,860,0.09583291908105214,0.08879048228263856,0.10351260900497436
rmse,model,sst,870,0.09531347652276358,0.08951324373483657,0.10191907435655594
rmse,model,sst,880,0.09535060326258342,0.09021773487329483,0.10135570168495178
rmse,model,sst,890,0.09560020317633947,0.09085997492074967,0.10184212625026703
rmse,model,sst,900,0.0956648901104927,0.09134012013673783,0.1008105844259262
rmse,model,sst,910,0.09529869308074315,0.09115280508995056,0.09953579753637314
rmse,model,sst,920,0.09548918604850769,0.09138687700033188,0.09936331659555435
rmse,model,sst,930,0.0961330309510231,0.09286384135484696,0.10021454691886902
rmse,model,sst,940,0.0967349241177241,0.09366806298494339,0.10111740529537201
rmse,model,sst,950,0.09659716586271921,0.0925986036658287,0.10013956278562545
rmse,model,sst,960,0.09702187379201253,0.09223099797964096,0.10157231390476226
rmse,model,sst,970,0.09743676185607911,0.09389538168907166,0.10206173956394196
rmse,model,sst,980,0.09740884701410929,0.09418673068284988,0.10186532884836197
rmse,model,sst,990,0.09727197388807933,0.09335693269968033,0.10160206705331802
rmse,model,sst,1000,0.09766659041245779,0.09393101632595062,0.10284425765275955
rmse,model,sst,1010,0.09785768687725067,0.09326879978179932,0.10403211414813995
rmse,model,sst,1020,0.09821074306964875,0.09282428920269012,0.10570554137229919
rmse,model,sst,1030,0.09844738443692526,0.0939277708530426,0.10616623312234878
rmse,model,sst,1040,0.09827539871136347,0.09369215220212937,0.10566324144601821
rmse,model,sst,1050,0.09858771214882532,0.09354499280452729,0.10480856001377106
rmse,model,sst,1060,0.09913755555947622,0.09392705112695694,0.1055782526731491
rmse,model,sst,1070,0.09916148185729981,0.0946658879518509,0.10584088414907455
rmse,model,sst,1080,0.09898037016391754,0.09440240114927292,0.1046484112739563
rmse,model,sst,1090,0.099207337697347,0.09424522370100022,0.10472560822963714
rmse,model,sst,1100,0.10006256053845088,0.09467487782239914,0.10627893507480621
rmse,model,sst,1110,0.1009104996919632,0.09529557675123215,0.10805348604917527
rmse,model,sst,1120,0.10097240507602692,0.09559179842472076,0.1077769234776497
rmse,model,sst,1130,0.1014916256070137,0.09569580703973771,0.10840742141008378
rmse,model,sst,1140,0.10237055420875549,0.09637403339147568,0.11065950244665146
rmse,model,sst,1150,0.10302404214938482,0.09648644030094147,0.11171198338270187
rmse,model,sst,1160,0.10323288838068644,0.0959932953119278,0.11265318989753723
rmse,model,sst,1170,0.10367976129055023,0.0969889760017395,0.11363188624382019
rmse,model,sst,1180,0.10368449687957763,0.09599313139915466,0.1139201670885086
rmse,model,sst,1190,0.10393658628066381,0.0958892285823822,0.11423266530036927
rmse,model,sst,1200,0.10435229043165843,0.09719854146242142,0.11465943455696107
rmse,model,sst,1210,0.10446609755357107,0.09641764760017395,0.11426486670970917
rmse,model,sst,1220,0.104521111647288,0.09736153334379197,0.11262677162885666
rmse,model,sst,1230,0.10491469353437424,0.0973985254764557,0.11297754347324371
rmse,model,sst,1240,0.10496282428503037,0.09752027541399003,0.11411958038806916
rmse,model,sst,1250,0.10482768664757411,0.09844777584075928,0.11416333764791489
rmse,model,sst,1260,0.10479015310605368,0.09768183082342148,0.11437509357929229
rmse,model,sst,1270,0.10531013955672582,0.09776095151901246,0.11589620560407639
rmse,model,sst,1280,0.1058780938386917,0.09799538552761078,0.11650641411542892
rmse,model,sst,1290,0.10639050155878067,0.09860972315073013,0.11600786447525024
rmse,model,sst,1300,0.10694635560115179,0.09994910061359405,0.11547569781541825
rmse,model,sst,1310,0.10749966899553935,0.09906266778707504,0.11613730043172836
rmse,model,sst,1320,0.10816482802232107,0.09835528880357743,0.11747625470161438
rmse,model,sst,1330,0.10908695658047994,0.09869890958070755,0.12002368867397309
rmse,model,sst,1340,0.10994150787591934,0.09948797821998596,0.12310170233249665
rmse,model,sst,1350,0.11006566286087036,0.099704110622406,0.12328480035066605
rmse,model,sst,1360,0.11025901287794113,0.09970283955335617,0.12267623841762543
rmse,model,sst,1370,0.11059202055136362,0.10057194828987122,0.12254636138677596
rmse,model,sst,1380,0.11071249345938365,0.10063556879758835,0.1218265175819397
rmse,model,sst,1390,0.11048044562339783,0.10162803381681443,0.12018107622861862
rmse,model,sst,1400,0.11069902429978053,0.10174538791179658,0.11940969079732895
rmse,model,sst,1410,0.11077241947253545,0.10265370011329651,0.11852868795394897
rmse,model,sst,1420,0.11085791140794754,0.10320713967084885,0.11852732747793197
rmse,model,sst,1430,0.11076696465412776,0.10222914516925811,0.1190489336848259
rmse,model,sst,1440,0.11107877145210902,0.10231626033782959,0.12133874893188476
rmse,model,sst,1450,0.11140209287405015,0.10272250920534134,0.12268882840871811
rmse,model,sst,1460,0.11179038236538569,0.10220908224582673,0.12263668775558471
rmse,model,sst,1470,0.11195527414480845,0.10224576145410538,0.12233874946832657
rmse,model,sst,1480,0.11218915184338887,0.10321291536092758,0.1222243532538414
rmse,model,sst,1490,0.1125857616464297,0.10307764410972595,0.12196387648582459
rmse,model,sst,1500,0.11317782153685887,0.10292271375656128,0.1225825384259224
rmse,model,sst,1510,0.11349930415550867,0.1029242679476738,0.12319190353155136
rmse,model,sst,1520,0.11331365903218588,0.10210174918174744,0.12276488840579987
rmse,model,sst,1530,0.1133860930800438,0.10211470872163772,0.12250864356756211
rmse,model,sst,1540,0.1135642558336258,0.10223875045776368,0.12229662388563156
rmse,model,sst,1550,0.11369897524515787,0.10356797575950623,0.1215290904045105
rmse,model,sst,1560,0.11369525094827017,0.1045404925942421,0.1205009326338768
rmse,model,sst,1570,0.11369340966145197,0.10434307307004928,0.12077151238918304
rmse,model,sst,1580,0.11345028281211852,0.10425655841827393,0.12126967906951905
rmse,model,sst,1590,0.11350066165129344,0.10644658356904983,0.1219295471906662
rmse,model,sst,1600,0.11327375719944636,0.10523746609687805,0.12224001735448838
rmse,model,sst,1610,0.11311946759621302,0.10579262673854828,0.12181817591190339
rmse,model,sst,1620,0.11319693475961685,0.10611725449562073,0.12201308608055114
rmse,model,sst,1630,0.11345084806283315,0.10614895224571227,0.12228932678699493
rmse,model,sst,1640,0.11341472615798315,0.10443300157785415,0.12237617075443268
rmse,model,sst,1650,0.11349862615267435,0.10379374176263809,0.12271472811698914
rmse,model,sst,1660,0.11405108769734701,0.10469465106725692,0.12411950826644898
rmse,model,sst,1670,0.11474884947141012,0.10389388501644134,0.12480995059013367
rmse,model,sst,1680,0.11515041142702102,0.10368419885635376,0.12553904950618744
rmse,model,sst,1690,0.11502129485209783,0.10436000525951386,0.1251383602619171
rmse,model,sst,1700,0.11487614611784618,0.10474379807710647,0.12382281720638275
rmse,model,sst,1710,0.11487572987874349,0.10580920577049255,0.12319160997867584
rmse,model,sst,1720,0.11492123256127039,0.1071082442998886,0.12257810831069946
rmse,model,sst,1730,0.11483908196290334,0.10807505249977112,0.12283452302217483
rmse,model,sst,1740,0.11506893783807755,0.10844078212976456,0.12361107170581817
rmse,model,sst,1750,0.11508572349945705,0.10875732898712158,0.12338244616985321
rmse,model,sst,1760,0.1153096983830134,0.10963879376649857,0.12353554964065551
rmse,model,sst,1770,0.11516170799732209,0.10787140130996704,0.12481994926929474
rmse,model,sst,1780,0.1148554265499115,0.10720266699790955,0.12590390741825103
rmse,model,sst,1790,0.11467520346244177,0.1071030005812645,0.12608957290649414
rmse,model,sst,1800,0.11507225980361303,0.10742340534925461,0.12547126710414885
rmse,model,sst,1810,0.11522167871395747,0.10648319572210312,0.12536908984184264
rmse,model,sst,1820,0.1152326762676239,0.1064994215965271,0.1265820324420929
rmse,model,sst,1830,0.11572920630375544,0.1071335345506668,0.12787612080574035
rmse,model,sst,1840,0.1163199504216512,0.10761542618274689,0.1279962807893753
rmse,model,sst,1850,0.11676115641991297,0.1075209453701973,0.1292042076587677
rmse,model,sst,1860,0.11647234509388606,0.10634583830833436,0.13153948187828063
rmse,model,sst,1870,0.11615437964598338,0.10637875646352768,0.13193932473659514
rmse,model,sst,1880,0.11624655425548554,0.1071127787232399,0.13156752288341522
rmse,model,sst,1890,0.11636220117410025,0.10669098198413848,0.13299063742160797
rmse,model,sst,1900,0.11617394387722016,0.10691293776035309,0.13419362306594848
rmse,model,sst,1910,0.11632277965545654,0.1070742890238762,0.1340528905391693
rmse,model,sst,1920,0.1161888341108958,0.10717911422252654,0.1332977831363678
rmse,model,sst,1930,0.11617576877276102,0.1071472018957138,0.13275866508483886
rmse,model,sst,1940,0.11597061455249787,0.10636132955551147,0.1332179218530655
rmse,model,sst,1950,0.11563620418310165,0.10526216179132461,0.13407171964645387
rmse,model,sst,1960,0.11558936685323715,0.10433313548564911,0.13474224209785463
rmse,model,sst,1970,0.11582724501689275,0.10427569597959518,0.1342831641435623
rmse,model,sst,1980,0.11578790893157323,0.10481337904930114,0.13406644761562347
rmse,model,sst,1990,0.11564062982797622,0.10471672266721725,0.1346917450428009
rmse,model,sst,2000,0.1158691460887591,0.10514794439077377,0.135420885682106
rmse,climatology,sst,0,0.03851603989799817,0.036900915950536725,0.03973420113325119
rmse,climatology,sst,10,0.03781576032439868,0.035535778850317,0.04006939306855202
rmse,climatology,sst,20,0.03781564633051555,0.03527504801750183,0.03965738043189049
rmse,climatology,sst,30,0.03884542236725489,0.03711217045783997,0.04016238525509834
rmse,climatology,sst,40,0.03886417100826899,0.036503059417009355,0.04012349918484688
rmse,climatology,sst,50,0.03842119152347247,0.03684120923280716,0.040487205237150194
rmse,climatology,sst,60,0.038532724728186925,0.03676047548651695,0.03974761813879013
rmse,climatology,sst,70,0.03861062526702881,0.03658171072602272,0.03990474119782448
rmse,climatology,sst,80,0.03843752220273018,0.03549491465091705,0.040605226159095766
rmse,climatology,sst,90,0.038854054858287176,0.036740957945585254,0.04068373143672943
rmse,climatology,sst,100,0.03913060203194618,0.03746839314699173,0.04064115881919861
rmse,climatology,sst,110,0.038527952631314595,0.036318307369947435,0.04059659689664841
rmse,climatology,sst,120,0.038027372459570566,0.03586315289139748,0.0394700713455677
rmse,climatology,sst,130,0.038665489355723066,0.03592869713902473,0.041383955627679825
rmse,climatology,sst,140,0.039239687472581865,0.036676251143217084,0.04050481840968132
rmse,climatology,sst,150,0.038672966261704765,0.03681488856673241,0.04060835912823677
rmse,climatology,sst,160,0.038775215049584706,0.03723837658762932,0.040503659099340436
rmse,climatology,sst,170,0.039168488482634226,0.03759124279022217,0.04178773984313011
rmse,climatology,sst,180,0.03855066696802775,0.036078120768070224,0.04145420491695404
rmse,climatology,sst,190,0.038436446835597354,0.03508598729968071,0.04066128954291344
rmse,climatology,sst,200,0.0394647940993309,0.036680477857589724,0.041797037422657016
rmse,climatology,sst,210,0.03957072248061498,0.03776433765888214,0.041832901537418365
rmse,climatology,sst,220,0.03909092421332995,0.036948248744010925,0.04226228818297386
rmse,climatology,sst,230,0.0390734667579333,0.0364606112241745,0.04218714982271195
rmse,climatology,sst,240,0.03917079468568166,0.03684882670640945,0.04135345071554184
rmse,climatology,sst,250,0.03887764786680539,0.03601968958973885,0.04050496593117714
rmse,climatology,sst,260,0.03917609577377637,0.03798637166619301,0.040682753175497056
rmse,climatology,sst,270,0.039376326153675714,0.038016805052757265,0.04026465639472008
rmse,climatology,sst,280,0.038794286797444025,0.03677078634500504,0.04094310775399208
rmse,climatology,sst,290,0.038082990298668545,0.03610694259405136,0.03996110782027244
rmse,climatology,sst,300,0.03855792060494423,0.036393004655838015,0.04027100950479508
rmse,climatology,sst,310,0.03909511292974154,0.03693906888365746,0.04035145044326782
rmse,climatology,sst,320,0.0385559377570947,0.035903166979551315,0.04054376631975174
rmse,climatology,sst,330,0.038458637644847235,0.036419297009706496,0.040279462933540344
rmse,climatology,sst,340,0.03889277602235476,0.03813767284154892,0.04028479382395744
rmse,climatology,sst,350,0.03829583351810773,0.03620692789554596,0.04042485803365707
rmse,climatology,sst,360,0.03801253587007523,0.0353331096470356,0.04003552868962288
rmse,climatology,sst,370,0.03899626980225245,0.03700552806258202,0.04077000319957733
rmse,climatology,sst,380,0.03922013441721598,0.03726558610796928,0.04051142260432243
rmse,climatology,sst,390,0.03877046083410581,0.036696947365999225,0.040697024762630464
rmse,climatology,sst,400,0.038720737646023434,0.03687774837017059,0.040412505716085435
rmse,climatology,sst,410,0.03890338738759359,0.037442931532859804,0.03990479111671448
rmse,climatology,sst,420,0.03862849101424217,0.03570310994982719,0.04073374420404434
rmse,climatology,sst,430,0.03898104305068652,0.03696275129914284,0.04086991548538208
rmse,climatology,sst,440,0.03930189808209737,0.03799036368727684,0.04072136431932449
rmse,climatology,sst,450,0.03894876663883527,0.03640907928347588,0.040656764060258865
rmse,climatology,sst,460,0.03825824384888013,0.036514648050069806,0.04025536999106407
rmse,climatology,sst,470,0.03877248962720235,0.03703045547008514,0.04073928892612457
rmse,climatology,sst,480,0.039432907849550246,0.03718254044651985,0.04120938256382942
rmse,climatology,sst,490,0.03910219445824623,0.03598805442452431,0.042047418653964996
rmse,climatology,sst,500,0.03896090015769005,0.03619916662573815,0.04198901355266571
rmse,climatology,sst,510,0.03955008710424105,0.03837437406182289,0.04066052809357643
rmse,climatology,sst,520,0.03911329160133998,0.03742280900478363,0.04084525927901268
rmse,climatology,sst,530,0.03873288556933403,0.03587512746453285,0.0410590834915638
rmse,climatology,sst,540,0.03964851722121239,0.037656379491090776,0.04230037331581116
rmse,climatology,sst,550,0.04000753164291382,0.03751448392868042,0.04169944748282432
rmse,climatology,sst,560,0.03959584832191467,0.037057044357061385,0.041694610565900805
rmse,climatology,sst,570,0.03949484924475352,0.03886979669332504,0.04084833189845085
rmse,climatology,sst,580,0.039695824434359865,0.03862956464290619,0.0410238653421402
rmse,climatology,sst,590,0.039367585877577466,0.035953227430582047,0.04187123104929924
rmse,climatology,sst,600,0.03965748250484467,0.03702503591775894,0.04253181517124176
rmse,climatology,sst,610,0.040002467731634773,0.03811360076069832,0.041948482394218445
rmse,climatology,sst,620,0.039779138813416166,0.03736575990915299,0.04117407277226448
rmse,climatology,sst,630,0.038968556374311444,0.03725899308919907,0.04073019623756409
rmse,climatology,sst,640,0.03930319423476855,0.037986265122890474,0.040718131512403485
rmse,climatology,sst,650,0.039859251429637275,0.03878151848912239,0.04194410517811775
rmse,climatology,sst,660,0.03952638184030851,0.03651728853583336,0.04156668484210968
rmse,climatology,sst,670,0.03908563256263733,0.036287394165992734,0.04117891639471054
rmse,climatology,sst,680,0.03952408457795779,0.038457346707582475,0.04099954441189766
rmse,climatology,sst,690,0.03906241456667582,0.037071704119443896,0.04066969230771065
rmse,climatology,sst,700,0.038516459862391154,0.035813777893781665,0.040613953769207
rmse,climatology,sst,710,0.039304149647553764,0.03764658346772194,0.04110327363014221
rmse,climatology,sst,720,0.03976966341336568,0.0380713015794754,0.04075989574193954
rmse,climatology,sst,730,0.03935083349545797,0.03777039721608162,0.04104299247264862
rmse,climatology,sst,740,0.03916231741507848,0.03754429146647453,0.041119348257780075
rmse,climatology,sst,750,0.03940478637814522,0.038147857040166856,0.040616422146558764
rmse,climatology,sst,760,0.039120070884625116,0.03617736771702766,0.04096054136753082
rmse,climatology,sst,770,0.03937878708044688,0.03711293861269951,0.041416078060865405
rmse,climatology,sst,780,0.039727876583735146,0.03837566822767258,0.04114457592368126
rmse,climatology,sst,790,0.039627980440855026,0.03752958625555038,0.04143806397914886
rmse,climatology,sst,800,0.038782234241565065,0.0370381660759449,0.041337674111127855
rmse,climatology,sst,810,0.03910851130882899,0.037473367899656294,0.04040670916438103
rmse,climatology,sst,820,0.039829529573520026,0.03779711872339249,0.041122731566429135
rmse,climatology,sst,830,0.03980964124202728,0.03829002156853676,0.04140245988965034
rmse,climatology,sst,840,0.03939596985777219,0.03832131624221802,0.04104635044932366
rmse,climatology,sst,850,0.03995481679836909,0.03853539302945137,0.04127385467290878
rmse,climatology,sst,860,0.039733297377824786,0.03720280304551125,0.04287215024232864
rmse,climatology,sst,870,0.03923556183775266,0.035869503021240236,0.04250720888376236
rmse,climatology,sst,880,0.03998217657208443,0.03746035695075989,0.04215587601065636
rmse,climatology,sst,890,0.04059510280688604,0.039760810881853105,0.04271698072552681
rmse,climatology,sst,900,0.04019556219379107,0.03850667327642441,0.04337859600782394
rmse,climatology,sst,910,0.03989854628841082,0.037561652809381486,0.043544397503137586
rmse,climatology,sst,920,0.04013536920150121,0.038505513966083524,0.04249098300933838
rmse,climatology,sst,930,0.03985231344898542,0.03707718476653099,0.041866686940193173
rmse,climatology,sst,940,0.03996626064181328,0.03792163133621216,0.041613074392080306
rmse,climatology,sst,950,0.040232813855012255,0.038425957411527635,0.04149194285273552
rmse,climatology,sst,960,0.040158663193384805,0.03854202926158905,0.042226304113864896
rmse,climatology,sst,970,0.03918878982464472,0.03715727999806404,0.04082603827118873
rmse,climatology,sst,980,0.03928936496376991,0.0376300074160099,0.041085734218358996
rmse,climatology,sst,990,0.03987719764312108,0.03781002908945084,0.04115330651402473
rmse,climatology,sst,1000,0.039874761303265886,0.037740858644247054,0.041589502990245816
rmse,climatology,sst,1010,0.0392499104142189,0.037231330573558805,0.041301003843545916
rmse,climatology,sst,1020,0.039717013388872145,0.03854494467377663,0.040980149805545804
rmse,climatology,sst,1030,0.03954687714576721,0.037759315222501755,0.04097777083516121
rmse,climatology,sst,1040,0.03890643840034803,0.036052112281322476,0.04103891253471374
rmse,climatology,sst,1050,0.039469156165917715,0.03751822337508202,0.041433630883693694
rmse,climatology,sst,1060,0.04021712616086006,0.03883202746510506,0.04164064526557922
rmse,climatology,sst,1070,0.03993442033727964,0.03814382255077362,0.041690414398908617
rmse,climatology,sst,1080,0.03965704441070557,0.03799668326973915,0.0417534850537777
rmse,climatology,sst,1090,0.0400091474254926,0.03840900659561157,0.04128861352801323
rmse,climatology,sst,1100,0.03988728548089663,0.0380250409245491,0.04136604815721512
rmse,climatology,sst,1110,0.04004949604471524,0.03832425624132156,0.041781171411275866
rmse,climatology,sst,1120,0.04051530063152313,0.038191231340169905,0.04256749004125595
rmse,climatology,sst,1130,0.04074862226843834,0.03845600560307503,0.042804069072008136
rmse,climatology,sst,1140,0.039990871647993725,0.037374015897512436,0.042447373270988464
rmse,climatology,sst,1150,0.040127280602852505,0.03800106793642044,0.04307130351662636
rmse,climatology,sst,1160,0.040812643120686214,0.038356625288724897,0.04348862320184708
rmse,climatology,sst,1170,0.04098827491203944,0.03794790208339691,0.044494444876909255
rmse,climatology,sst,1180,0.04037984137733777,0.037032654881477355,0.04429437294602394
rmse,climatology,sst,1190,0.04089593191941579,0.038904211670160296,0.04311558529734612
rmse,climatology,sst,1200,0.04090653533736865,0.039687664806842805,0.04303414896130562
rmse,climatology,sst,1210,0.04022831122080485,0.03795699179172516,0.04303555563092232
rmse,climatology,sst,1220,0.0406055711209774,0.0386480376124382,0.04354520067572594
rmse,climatology,sst,1230,0.04142464299996694,0.03902117013931274,0.04387813061475754
rmse,climatology,sst,1240,0.04124600440263748,0.03895829021930695,0.043735826015472413
rmse,climatology,sst,1250,0.04090488776564598,0.0388765349984169,0.04278057962656021
rmse,climatology,sst,1260,0.04113015905022621,0.03962922841310501,0.043442442268133166
rmse,climatology,sst,1270,0.040894715487957,0.03801743164658546,0.044094021618366244
rmse,climatology,sst,1280,0.04074158991376559,0.03764265552163124,0.04467112049460411
rmse,climatology,sst,1290,0.04101137245694796,0.03830147460103035,0.0442747101187706
rmse,climatology,sst,1300,0.041083073864380516,0.03894828259944916,0.04331532046198845
rmse,climatology,sst,1310,0.040142641464869185,0.038007428497076036,0.04188031703233719
rmse,climatology,sst,1320,0.039929024130105975,0.0386287622153759,0.041480475664138795
rmse,climatology,sst,1330,0.040433295319477716,0.03881743773818016,0.04181225821375847
rmse,climatology,sst,1340,0.04057931676506996,0.03826235830783844,0.04248681142926216
rmse,climatology,sst,1350,0.03980102116862933,0.03716800212860107,0.042031672596931455
rmse,climatology,sst,1360,0.04014320249358813,0.03893999233841896,0.04183062613010406
rmse,climatology,sst,1370,0.04018904318412145,0.038323008269071576,0.04137372896075249
rmse,climatology,sst,1380,0.0394639161725839,0.0370161235332489,0.04157543033361435
rmse,climatology,sst,1390,0.03968385681509971,0.03748329654335976,0.041292347759008405
rmse,climatology,sst,1400,0.04057432810465495,0.039379685372114184,0.04187999814748764
rmse,climatology,sst,1410,0.04046142647663752,0.03829950541257858,0.04179715439677238
rmse,climatology,sst,1420,0.0400787723561128,0.038386411219835284,0.04202195554971695
rmse,climatology,sst,1430,0.04032147005200386,0.03893178701400757,0.04163531512022019
rmse,climatology,sst,1440,0.04028454174598058,0.03841204047203064,0.04154019057750702
rmse,climatology,sst,1450,0.04020405088861783,0.03769596815109253,0.04220611453056335
rmse,climatology,sst,1460,0.040654470771551134,0.03888170048594475,0.04225556030869484
rmse,climatology,sst,1470,0.040912848462661106,0.03920854777097702,0.04254038855433464
rmse,climatology,sst,1480,0.040197692314783734,0.03783303052186966,0.04247070848941803
rmse,climatology,sst,1490,0.03997199237346649,0.0379866786301136,0.04120429083704948
rmse,climatology,sst,1500,0.04065163681904475,0.03800183087587357,0.0432118259370327
rmse,climatology,sst,1510,0.0410922721028328,0.038963576406240465,0.042476384341716765
rmse,climatology,sst,1520,0.04049774681528409,0.03893643990159035,0.042148028314113614
rmse,climatology,sst,1530,0.040846307575702664,0.03912407010793686,0.042745080590248105
rmse,climatology,sst,1540,0.04111018230517705,0.03915370181202889,0.0440746046602726
rmse,climatology,sst,1550,0.040494545549154284,0.03769119381904602,0.04389810562133789
rmse,climatology,sst,1560,0.040568289409081144,0.037044412642717364,0.043129979819059375
rmse,climatology,sst,1570,0.041483786702156064,0.039007415622472764,0.043990501761436464
rmse,climatology,sst,1580,0.04140189290046692,0.03973371610045433,0.04432077184319496
rmse,climatology,sst,1590,0.04090306237339973,0.03864916041493416,0.04463358521461487
rmse,climatology,sst,1600,0.04095824509859085,0.03846440985798836,0.04391901046037674
rmse,climatology,sst,1610,0.04088143482804298,0.038754602521657945,0.04301354736089706
rmse,climatology,sst,1620,0.04057071730494499,0.03840754330158234,0.04208210557699203
rmse,climatology,sst,1630,0.04086758693059286,0.03950523287057876,0.04230224788188934
rmse,climatology,sst,1640,0.041041891525189084,0.03978301510214806,0.04245786219835281
rmse,climatology,sst,1650,0.04033667047818502,0.038541074842214584,0.041922514140605924
rmse,climatology,sst,1660,0.039856387923161186,0.03810471147298813,0.04149398133158684
rmse,climatology,sst,1670,0.04039597784479459,0.038034217059612276,0.04188908562064171
rmse,climatology,sst,1680,0.04079273591438929,0.03872290253639221,0.042056252062320706
rmse,climatology,sst,1690,0.040143640836079915,0.037588247656822206,0.04208428636193275
rmse,climatology,sst,1700,0.04030028134584427,0.038772077113389966,0.041965342313051227
rmse,climatology,sst,1710,0.040589771668116253,0.03948519602417946,0.04189821407198906
rmse,climatology,sst,1720,0.0399562897781531,0.03782509565353394,0.042029937356710435
rmse,climatology,sst,1730,0.03985433951020241,0.037125363945961,0.0417638398706913
rmse,climatology,sst,1740,0.04082364862163861,0.03884899690747261,0.042603612691164014
rmse,climatology,sst,1750,0.04090796013673147,0.03891950771212578,0.04225585535168648
rmse,climatology,sst,1760,0.04054271926482519,0.0389139786362648,0.04238495677709579
rmse,climatology,sst,1770,0.040683913975954056,0.039012500643730165,0.042327750474214554
rmse,climatology,sst,1780,0.0408514770368735,0.03972087949514389,0.04165942743420601
rmse,climatology,sst,1790,0.04065427506963412,0.038561060279607776,0.042433063685894015
rmse,climatology,sst,1800,0.041114887098471324,0.03906605094671249,0.04269450381398201
rmse,climatology,sst,1810,0.041512616475423175,0.040009531378746035,0.043528773635625836
rmse,climatology,sst,1820,0.04111150652170181,0.038327538222074506,0.0432419590651989
rmse,climatology,sst,1830,0.0406346728404363,0.03864151164889336,0.04295035004615784
rmse,climatology,sst,1840,0.041207682838042575,0.039463037997484206,0.043513334542512896
rmse,climatology,sst,1850,0.04171258782347043,0.039425358176231384,0.044175713509321216
rmse,climatology,sst,1860,0.041203928242127104,0.03768225088715553,0.04439535662531853
rmse,climatology,sst,1870,0.04123796795805295,0.03844296932220459,0.04400660917162895
rmse,climatology,sst,1880,0.04165106589595477,0.04003531038761139,0.0430902287364006
rmse,climatology,sst,1890,0.041078847646713254,0.03970099091529846,0.04290786385536194
rmse,climatology,sst,1900,0.04081750636299451,0.038826160877943036,0.0434499479830265
rmse,climatology,sst,1910,0.04173401395479838,0.04003656879067421,0.044129859656095505
rmse,climatology,sst,1920,0.041928801437218985,0.03932853266596794,0.04427476674318313
rmse,climatology,sst,1930,0.04155346105496089,0.038845423609018326,0.043249227851629254
rmse,climatology,sst,1940,0.04154327735304832,0.040056458115577696,0.043148572742939
rmse,climatology,sst,1950,0.0416392741103967,0.03993682861328125,0.04393850937485695
rmse,climatology,sst,1960,0.04123890002568563,0.03767600953578949,0.044309594482183454
rmse,climatology,sst,1970,0.04146891236305237,0.03912145420908928,0.04472135603427887
rmse,climatology,sst,1980,0.041674202183882396,0.04003878384828567,0.044054288417100906
rmse,climatology,sst,1990,0.041215269515911736,0.038962170481681824,0.042664535343647
rmse,climatology,sst,2000,0.04045771807432175,0.03911134675145149,0.04228607416152954
rmse,persistence,sst,0,0.0,0.0,0.0
rmse,persistence,sst,10,0.02277104581395785,0.02005648724734783,0.0260111790150404
rmse,persistence,sst,20,0.03690005987882614,0.032902874797582624,0.042597992718219756
rmse,persistence,sst,30,0.046992530673742296,0.04306855425238609,0.05079416483640671
rmse,persistence,sst,40,0.056269496430953345,0.053324317932128905,0.06013324782252312
rmse,persistence,sst,50,0.06047984833518664,0.0560417652130127,0.06490538716316223
rmse,persistence,sst,60,0.06041321754455566,0.0579209566116333,0.0635100856423378
rmse,persistence,sst,70,0.05969542612632116,0.056972562521696093,0.06275995075702667
rmse,persistence,sst,80,0.05716982657710711,0.052809572964906695,0.061019223928451535
rmse,persistence,sst,90,0.05698631157477697,0.05413502380251885,0.06048431918025017
rmse,persistence,sst,100,0.05964070186018944,0.05688762292265892,0.06204100474715233
rmse,persistence,sst,110,0.06008577694495519,0.05766545459628105,0.06265183836221695
rmse,persistence,sst,120,0.05954590116937955,0.05612862184643745,0.06331712603569031
rmse,persistence,sst,130,0.05737851833303769,0.05446888506412506,0.059749290347099304
rmse,persistence,sst,140,0.0497275431950887,0.04488251581788063,0.052604719251394275
rmse,persistence,sst,150,0.039102938522895175,0.03722296431660652,0.04255034402012825
rmse,persistence,sst,160,0.025812445829312008,0.023020010441541672,0.030310665816068647
rmse,persistence,sst,170,0.009188951707134645,0.004442368354648352,0.01632644534111023
rmse,persistence,sst,180,0.02306468884150187,0.019707217067480087,0.02851911634206772
rmse,persistence,sst,190,0.03725454757610957,0.03283312991261482,0.043246112018823626
rmse,persistence,sst,200,0.04716278339425723,0.043027421832084654,0.05190766081213951
rmse,persistence,sst,210,0.056426632404327395,0.05326180309057236,0.06017152592539787
rmse,persistence,sst,220,0.06113413522640864,0.05702020451426506,0.0659404531121254
rmse,persistence,sst,230,0.06115473732352257,0.05784983187913895,0.06514734923839569
rmse,persistence,sst,240,0.060503147542476654,0.057428078353405,0.06396663039922715
rmse,persistence,sst,250,0.057984597980976105,0.05323583781719208,0.06166594997048378
rmse,persistence,sst,260,0.05735572874546051,0.054987572878599164,0.06061787158250809
rmse,persistence,sst,270,0.0598341333369414,0.056838408857584,0.06201933771371841
rmse,persistence,sst,280,0.06047899971405665,0.05785971805453301,0.0625938817858696
rmse,persistence,sst,290,0.05984831750392914,0.0560979850590229,0.06289719343185425
rmse,persistence,sst,300,0.05795379107197126,0.055527261644601825,0.06029443070292473
rmse,persistence,sst,310,0.050743446002403894,0.04645076543092728,0.05387233570218086
rmse,persistence,sst,320,0.04016914442181587,0.037608949840068816,0.04405286237597465
rmse,persistence,sst,330,0.02724996010462443,0.025107920914888383,0.030527608841657637
rmse,persistence,sst,340,0.010026508507629235,0.008389104902744294,0.01148988101631403
rmse,persistence,sst,350,0.02081693671643734,0.018898893520236014,0.023451661691069603
rmse,persistence,sst,360,0.035753812392552695,0.03176296353340149,0.04067623391747475
rmse,persistence,sst,370,0.04575861990451813,0.041626089811325075,0.04989072978496552
rmse,persistence,sst,380,0.05524814004699389,0.05262848362326622,0.058551914244890216
rmse,persistence,sst,390,0.06058231070637703,0.056465961039066315,0.06496821194887162
rmse,persistence,sst,400,0.06080531924962997,0.05758290737867355,0.06418546885252
rmse,persistence,sst,410,0.060254255682229994,0.0579474464058876,0.0632697582244873
rmse,persistence,sst,420,0.057853896419207254,0.053891167789697644,0.06153258830308914
rmse,persistence,sst,430,0.05688598677515984,0.05405949130654335,0.060110273957252505
rmse,persistence,sst,440,0.05932895268003146,0.05711791515350342,0.062212548404932025
rmse,persistence,sst,450,0.06037593558430672,0.05791889727115631,0.06226861551403999
rmse,persistence,sst,460,0.05985428939263026,0.05622337237000465,0.06259792894124985
rmse,persistence,sst,470,0.05839444796244304,0.05585671439766884,0.06009577587246895
rmse,persistence,sst,480,0.05183782453338305,0.04670373201370239,0.055268324166536334
rmse,persistence,sst,490,0.04159003545840581,0.037837912887334825,0.046468968689441684
rmse,persistence,sst,500,0.02952458361784617,0.02692820467054844,0.03232637420296669
rmse,persistence,sst,510,0.013206437416374683,0.009475356712937356,0.018732920289039612
rmse,persistence,sst,520,0.02044876168171565,0.018382737040519716,0.023594806715846062
rmse,persistence,sst,530,0.03553614107271035,0.03228930160403252,0.0397649846971035
rmse,persistence,sst,540,0.0454838606218497,0.041128233820199964,0.049741561710834506
rmse,persistence,sst,550,0.054979120194911954,0.052150556445121767,0.0575292706489563
rmse,persistence,sst,560,0.060839249690373735,0.056839636713266375,0.06468404829502106
rmse,persistence,sst,570,0.0613078070183595,0.057964835315942764,0.0642036959528923
rmse,persistence,sst,580,0.06077282776435216,0.05833764225244522,0.06355584710836411
rmse,persistence,sst,590,0.05842992961406708,0.054455002397298814,0.062310867756605146
rmse,persistence,sst,600,0.05699757983287176,0.05373428538441658,0.06059990003705025
rmse,persistence,sst,610,0.0591443640490373,0.05673665031790733,0.062465493381023404
rmse,persistence,sst,620,0.060416735460360846,0.05812976509332657,0.06241352409124375
rmse,persistence,sst,630,0.05978253434101741,0.056891363114118576,0.06247459501028061
rmse,persistence,sst,640,0.058459632098674774,0.05626753345131874,0.060489369183778764
rmse,persistence,sst,650,0.05230350196361542,0.04778531566262245,0.056133517622947694
rmse,persistence,sst,660,0.04192993392546972,0.03831675946712494,0.046255742013454434
rmse,persistence,sst,670,0.02958464858432611,0.027102913334965707,0.03255439475178719
rmse,persistence,sst,680,0.011110926667849222,0.010040579549968242,0.012168043293058872
rmse,persistence,sst,690,0.01527829710394144,0.01375632919371128,0.017330705374479293
rmse,persistence,sst,700,0.032479811708132425,0.02863108366727829,0.03717254623770714
rmse,persistence,sst,710,0.043099540968736014,0.03850403353571892,0.048021447658538816
rmse,persistence,sst,720,0.052922763675451276,0.04998781904578209,0.0565754160284996
rmse,persistence,sst,730,0.05950156996647517,0.05574144273996353,0.0641317367553711
rmse,persistence,sst,740,0.06040160581469536,0.05677885562181473,0.06444139331579209
rmse,persistence,sst,750,0.060007238388061525,0.05763367712497711,0.06322947591543197
rmse,persistence,sst,760,0.05796130547920863,0.05410197079181671,0.06143945008516312
rmse,persistence,sst,770,0.056320404758056004,0.052828365564346315,0.059751296043396
rmse,persistence,sst,780,0.058341729640960696,0.05565507635474205,0.06154411137104034
rmse,persistence,sst,790,0.0600803275903066,0.05769861713051796,0.06195748671889305
rmse,persistence,sst,800,0.05958398108681043,0.05617265626788139,0.06261120289564133
rmse,persistence,sst,810,0.058650042116642,0.05629861205816269,0.06105796173214913
rmse,persistence,sst,820,0.05332333321372668,0.049823809415102005,0.05648183524608612
rmse,persistence,sst,830,0.04343779236078262,0.03958150297403336,0.04716368317604065
rmse,persistence,sst,840,0.03182651946942012,0.02985725961625576,0.035731930285692215
rmse,persistence,sst,850,0.01543496393909057,0.012818750739097596,0.01881182789802551
rmse,persistence,sst,860,0.015813297281662624,0.012491690553724765,0.020347863063216207
rmse,persistence,sst,870,0.03262225414315859,0.027982503920793534,0.03832699581980705
rmse,persistence,sst,880,0.04333683227499326,0.038426253199577334,0.0488716684281826
rmse,persistence,sst,890,0.053021812438964845,0.04955108910799026,0.05737380236387253
rmse,persistence,sst,900,0.06002749651670456,0.05592641457915306,0.06565320193767547
rmse,persistence,sst,910,0.061313146352767946,0.0571723110973835,0.06680968254804612
rmse,persistence,sst,920,0.06094062626361847,0.05827362313866615,0.06496253758668899
rmse,persistence,sst,930,0.05909964839617411,0.05498836264014244,0.06207685992121696
rmse,persistence,sst,940,0.05713204940160115,0.05369641184806824,0.06037488356232643
rmse,persistence,sst,950,0.058734184006849925,0.055573157221078875,0.06157198622822761
rmse,persistence,sst,960,0.060679293672243756,0.05914506763219833,0.062429964542388916
rmse,persistence,sst,970,0.0601462056239446,0.05700855702161789,0.06280087828636169
rmse,persistence,sst,980,0.059318302075068156,0.05693622753024101,0.06225023418664932
rmse,persistence,sst,990,0.05453478967150052,0.05132870078086853,0.057544111460447314
rmse,persistence,sst,1000,0.04484727457165718,0.040927215665578845,0.048441816866397855
rmse,persistence,sst,1010,0.03345271721482277,0.0307928416877985,0.03643233552575111
rmse,persistence,sst,1020,0.017635527811944485,0.016298386082053185,0.019546591863036155
rmse,persistence,sst,1030,0.014014088362455369,0.012673133797943593,0.015437826327979565
rmse,persistence,sst,1040,0.031027902911106745,0.028044898062944412,0.03477674499154091
rmse,persistence,sst,1050,0.042076665659745535,0.03766356110572815,0.04719266071915627
rmse,persistence,sst,1060,0.0517923153936863,0.048528991639614105,0.05483694896101952
rmse,persistence,sst,1070,0.059383294979731244,0.05635074302554131,0.06326526552438735
rmse,persistence,sst,1080,0.061205850541591646,0.05773417800664902,0.06500563025474548
rmse,persistence,sst,1090,0.06092376584808032,0.05896259918808937,0.06355865001678467
rmse,persistence,sst,1100,0.05941407879193624,0.056683095544576644,0.06245076656341553
rmse,persistence,sst,1110,0.05728103419144948,0.05431494116783142,0.06046897098422051
rmse,persistence,sst,1120,0.05864749103784561,0.056679727882146834,0.06194166988134384
rmse,persistence,sst,1130,0.06101271584630012,0.058015350997447965,0.06353776901960373
rmse,persistence,sst,1140,0.06073672200242678,0.05708705559372902,0.0632947951555252
rmse,persistence,sst,1150,0.06020439391334852,0.05790218785405159,0.06346848309040069
rmse,persistence,sst,1160,0.05616022249062856,0.05178304836153984,0.058863038569688796
rmse,persistence,sst,1170,0.046981930484374365,0.04064292311668396,0.05186261609196663
rmse,persistence,sst,1180,0.036288918803135554,0.03266000747680664,0.04138517528772354
rmse,persistence,sst,1190,0.022179282332460085,0.01838030479848385,0.026858580112457276
rmse,persistence,sst,1200,0.01567877965668837,0.009781593643128871,0.022463655471801756
rmse,persistence,sst,1210,0.031289451941847804,0.02888791561126709,0.03316805139183998
rmse,persistence,sst,1220,0.042203012853860855,0.038807135075330734,0.04659907072782517
rmse,persistence,sst,1230,0.05156080077091853,0.049107184261083604,0.05539424493908882
rmse,persistence,sst,1240,0.05946430812279383,0.055838306248188016,0.062298734486103055
rmse,persistence,sst,1250,0.06170943155884743,0.05714435651898384,0.06490290015935898
rmse,persistence,sst,1260,0.06130170822143555,0.05858655720949173,0.06406842023134232
rmse,persistence,sst,1270,0.05984177167216937,0.05696634873747826,0.06378521919250488
rmse,persistence,sst,1280,0.05725594287117322,0.05272316709160805,0.06194327101111412
rmse,persistence,sst,1290,0.057998958975076675,0.055119071155786514,0.06207498013973236
rmse,persistence,sst,1300,0.06032708709438642,0.05778660699725151,0.06242509037256241
rmse,persistence,sst,1310,0.05997664605577787,0.05724019855260849,0.06227835714817047
rmse,persistence,sst,1320,0.0593161995212237,0.0571837529540062,0.06208258718252182
rmse,persistence,sst,1330,0.0556415356695652,0.05255035310983658,0.05877557620406151
rmse,persistence,sst,1340,0.04648246243596077,0.041594214737415314,0.050147776305675504
rmse,persistence,sst,1350,0.0353021456549565,0.03264835625886917,0.039029264450073244
rmse,persistence,sst,1360,0.02002638007203738,0.018269618973135948,0.02209326662123203
rmse,persistence,sst,1370,0.007351480983197689,0.006701117660850286,0.008287831582129002
rmse,persistence,sst,1380,0.02645531954864661,0.023557685688138007,0.030627815797924996
rmse,persistence,sst,1390,0.03899723986784617,0.03453633040189743,0.04455889463424682
rmse,persistence,sst,1400,0.04885484079519908,0.045065028965473174,0.05225335881114006
rmse,persistence,sst,1410,0.057526010026534395,0.05436767786741257,0.06141294464468956
rmse,persistence,sst,1420,0.06059718380371729,0.056249579042196275,0.06500906348228455
rmse,persistence,sst,1430,0.060385991881291075,0.058070076256990434,0.06343548446893692
rmse,persistence,sst,1440,0.059349472324053444,0.056659691780805585,0.062241580337285995
rmse,persistence,sst,1450,0.056812308728694916,0.052481944859027865,0.06033124029636383
rmse,persistence,sst,1460,0.05733683407306671,0.05454844683408737,0.06072063595056534
rmse,persistence,sst,1470,0.05998547275861104,0.057154258340597154,0.06198674514889717
rmse,persistence,sst,1480,0.06004489709933599,0.05735766515135765,0.06304453164339066
rmse,persistence,sst,1490,0.05961355492472649,0.056570421904325485,0.06326421797275543
rmse,persistence,sst,1500,0.05677760740121206,0.05406152456998825,0.059087250381708145
rmse,persistence,sst,1510,0.04845042650898298,0.04421969577670097,0.05129312872886658
rmse,persistence,sst,1520,0.037939321746428806,0.035155536234378816,0.04103416129946709
rmse,persistence,sst,1530,0.024433214714129767,0.021555106341838836,0.029869019240140914
rmse,persistence,sst,1540,0.01232787383099397,0.007457854226231575,0.018721218407154083
rmse,persistence,sst,1550,0.02709358384211858,0.023133935779333113,0.033168870210647586
rmse,persistence,sst,1560,0.039675094683965045,0.035228225588798526,0.04580807462334633
rmse,persistence,sst,1570,0.04921236857771873,0.044794612377882,0.05432729795575142
rmse,persistence,sst,1580,0.05796276678641637,0.054276565462350844,0.06280233561992646
rmse,persistence,sst,1590,0.06157412131627401,0.05722911953926087,0.06700299233198166
rmse,persistence,sst,1600,0.06131921435395877,0.058072352409362794,0.06536982506513596
rmse,persistence,sst,1610,0.06037215515971184,0.057224583625793454,0.06346295922994613
rmse,persistence,sst,1620,0.057661222666502,0.053054841607809065,0.06115660890936851
rmse,persistence,sst,1630,0.057592981557051344,0.05511487945914269,0.061178749054670335
rmse,persistence,sst,1640,0.060140286882718406,0.05709562301635742,0.06229184120893479
rmse,persistence,sst,1650,0.060392641772826515,0.05762844607234001,0.06254966259002685
rmse,persistence,sst,1660,0.0598848007619381,0.0566930815577507,0.06294570416212082
rmse,persistence,sst,1670,0.05747045129537583,0.05483510866761208,0.060366930067539216
rmse,persistence,sst,1680,0.04951286762952804,0.04479246884584427,0.05240231901407242
rmse,persistence,sst,1690,0.038994993766148886,0.036667095869779585,0.042873091995716095
rmse,persistence,sst,1700,0.02588062733411789,0.023784242570400238,0.028298837691545488
rmse,persistence,sst,1710,0.011266047693789005,0.010398650169372558,0.012166515551507473
rmse,persistence,sst,1720,0.02437567412853241,0.022580453008413316,0.027603498846292495
rmse,persistence,sst,1730,0.037850112716356916,0.03396918773651123,0.04262178763747215
rmse,persistence,sst,1740,0.04751543700695038,0.04350608214735985,0.05099805891513824
rmse,persistence,sst,1750,0.056672756622234984,0.05417017266154289,0.059487207978963855
rmse,persistence,sst,1760,0.061115455875794096,0.057141663134098054,0.06500644385814666
rmse,persistence,sst,1770,0.06109495212634405,0.05925930812954903,0.0638631448149681
rmse,persistence,sst,1780,0.06045787011583646,0.05794198140501976,0.06306775659322739
rmse,persistence,sst,1790,0.05792529806494713,0.05459517017006874,0.06156367212533951
rmse,persistence,sst,1800,0.05754089032610257,0.05480488762259483,0.060411394387483594
rmse,persistence,sst,1810,0.060198864340782164,0.05757065638899803,0.06284293085336685
rmse,persistence,sst,1820,0.06090771754582723,0.057572568953037265,0.06366908997297287
rmse,persistence,sst,1830,0.060529092947642006,0.05687638372182846,0.06322899162769317
rmse,persistence,sst,1840,0.05869158481558164,0.05572680681943894,0.060857506841421126
rmse,persistence,sst,1850,0.05144241253534953,0.04548007622361183,0.05492214486002922
rmse,persistence,sst,1860,0.04132015282909075,0.036912184208631516,0.04690130427479744
rmse,persistence,sst,1870,0.02934988389412562,0.02604718841612339,0.032480067759752276
rmse,persistence,sst,1880,0.014744423516094684,0.009558031521737575,0.021155786141753195
rmse,persistence,sst,1890,0.024155716722210247,0.021673264726996423,0.026309770718216895
rmse,persistence,sst,1900,0.03763391549388568,0.034968574345111844,0.04177380427718162
rmse,persistence,sst,1910,0.04702959855397542,0.043819126486778257,0.05096184015274048
rmse,persistence,sst,1920,0.05618391633033752,0.0533448725938797,0.058601686358451845
rmse,persistence,sst,1930,0.061192819972833,0.0565273329615593,0.06461853981018066
rmse,persistence,sst,1940,0.061252293487389885,0.0577548660337925,0.06391484588384629
rmse,persistence,sst,1950,0.06056783745686213,0.05832180231809616,0.06385747939348221
rmse,persistence,sst,1960,0.05793558855851491,0.053810612112283704,0.06224345937371254
rmse,persistence,sst,1970,0.056877481192350386,0.05425193756818771,0.06045535355806351
rmse,persistence,sst,1980,0.05920417830348015,0.05665823370218277,0.062483041733503344
rmse,persistence,sst,1990,0.0600896954536438,0.05764656290411949,0.06201302632689476
rmse,persistence,sst,2000,0.05954834868510564,0.05638449937105179,0.06244913339614868
acc,selected,surface_u,0,1.0,1.0,1.0
acc,selected,surface_u,10,0.9913379987080891,0.9890615224838257,0.9932578682899476
acc,selected,surface_u,20,0.9841432849566142,0.9803853273391724,0.990686571598053
acc,selected,surface_u,30,0.9768946011861165,0.9691025733947753,0.9859513759613037
acc,selected,surface_u,40,0.9662121057510376,0.955635917186737,0.9801120162010193
acc,selected,surface_u,50,0.9543193538983663,0.9307826519012451,0.9725971341133117
acc,selected,surface_u,60,0.9457178513209025,0.9227032542228699,0.9686889171600341
acc,selected,surface_u,70,0.9319329380989074,0.9095993518829346,0.9564914345741272
acc,selected,surface_u,80,0.9171936670939128,0.8937934398651123,0.9405350685119629
acc,selected,surface_u,90,0.9080313165982564,0.8847579717636108,0.9481900811195374
acc,selected,surface_u,100,0.8946911891301473,0.8725164294242859,0.9296238780021667
acc,selected,surface_u,110,0.865816597143809,0.8401404857635498,0.9107287526130676
acc,selected,surface_u,120,0.851478922367096,0.8113353967666626,0.907468843460083
acc,selected,surface_u,130,0.8470810651779175,0.7900371193885803,0.9026922821998596
acc,selected,surface_u,140,0.824709153175354,0.7164745688438415,0.8857745409011841
acc,selected,surface_u,150,0.7969702959060669,0.7189093828201294,0.8740136027336121
acc,selected,surface_u,160,0.7946762681007385,0.729707658290863,0.8591162443161011
acc,selected,surface_u,170,0.7777041594187418,0.6777613997459412,0.8315323114395141
acc,selected,surface_u,180,0.7449999133745829,0.6519396543502808,0.8200396656990051
acc,selected,surface_u,190,0.7336827198664347,0.6492275118827819,0.8124175310134888
acc,selected,surface_u,200,0.7354028065999348,0.6635199785232544,0.8002633452415466
acc,prior,surface_u,0,1.0,1.0,1.0
acc,prior,surface_u,10,0.9778959433237712,0.972752845287323,0.9828227996826172
acc,prior,surface_u,20,0.9571308692296346,0.9410874485969544,0.9697763919830322
acc,prior,surface_u,30,0.937429674466451,0.9191478490829468,0.9566232919692993
acc,prior,surface_u,40,0.9070920626322428,0.8780219078063964,0.9342257261276246
acc,prior,surface_u,50,0.8782045165697734,0.8263222575187683,0.9151593565940856
acc,prior,surface_u,60,0.8608536322911581,0.8072464823722839,0.9050825238227844
acc,prior,surface_u,70,0.8218831419944763,0.7609952807426452,0.8817280650138855
acc,prior,surface_u,80,0.7800981283187867,0.7350393176078797,0.8474026679992676
acc,prior,surface_u,90,0.7621825734774271,0.7101195812225342,0.8193560004234314
acc,prior,surface_u,100,0.7359451532363892,0.6820837736129761,0.8010757327079773
acc,prior,surface_u,110,0.6837921698888143,0.5795856356620789,0.7903096437454223
acc,prior,surface_u,120,0.6587171634038289,0.5569103479385376,0.7531781315803527
acc,prior,surface_u,130,0.6476267258326213,0.5747231125831604,0.6913808941841125
acc,prior,surface_u,140,0.6148010154565176,0.5061400294303894,0.6909073710441589
acc,prior,surface_u,150,0.5826930324236552,0.49460562467575075,0.6752274036407471
acc,prior,surface_u,160,0.5794188479582468,0.4954366207122803,0.6418706059455872
acc,prior,surface_u,170,0.5636921346187591,0.48460007309913633,0.6263962507247924
acc,prior,surface_u,180,0.5241201341152191,0.46994572281837466,0.5721067428588867
acc,prior,surface_u,190,0.5056925694147746,0.45375036597251894,0.5618681311607361
acc,prior,surface_u,200,0.4987863004207611,0.4363477170467377,0.5584974765777588
acc,selected,surface_v,0,1.0,1.0,1.0
acc,selected,surface_v,10,0.9681393345197041,0.9472532153129578,0.9790761113166809
acc,selected,surface_v,20,0.953236997127533,0.9410454034805298,0.9677722930908204
acc,selected,surface_v,30,0.9524114886919658,0.9414225578308105,0.9628221273422242
acc,selected,surface_v,40,0.9362427234649658,0.9150338768959045,0.9615470409393311
acc,selected,surface_v,50,0.9329427162806193,0.9141765117645264,0.9545027375221252
acc,selected,surface_v,60,0.9277970314025878,0.8976308941841126,0.95936199426651
acc,selected,surface_v,70,0.9290865898132324,0.9124925017356873,0.9407540082931518
acc,selected,surface_v,80,0.9132847984631857,0.891597592830658,0.9312455654144287
acc,selected,surface_v,90,0.915696938832601,0.8869680643081665,0.9386457681655884
acc,selected,surface_v,100,0.9073957244555155,0.8838645339012146,0.9272438645362854
acc,selected,surface_v,110,0.899416200319926,0.8743484735488891,0.9309686779975891
acc,selected,surface_v,120,0.8876285751660665,0.8517226815223694,0.92739337682724
acc,selected,surface_v,130,0.8915290514628093,0.842231285572052,0.9207784175872803
acc,selected,surface_v,140,0.8865863760312398,0.8598031401634216,0.9048242449760437
acc,selected,surface_v,150,0.8621399561564128,0.8113559365272522,0.9043060064315795
acc,selected,surface_v,160,0.8590618173281351,0.7989875555038453,0.9043550252914428
acc,selected,surface_v,170,0.865880020459493,0.8393260717391968,0.8997220993041992
acc,selected,surface_v,180,0.8475988467534383,0.8084642767906189,0.8865505695343018
acc,selected,surface_v,190,0.8350344737370808,0.778043019771576,0.8718686461448669
acc,selected,surface_v,200,0.8439664999643962,0.826374101638794,0.8729747891426086
acc,prior,surface_v,0,1.0,1.0,1.0
acc,prior,surface_v,10,0.9130774339040121,0.8785823702812194,0.9347230315208435
acc,prior,surface_v,20,0.8773988644282024,0.8489379525184632,0.9038647532463073
acc,prior,surface_v,30,0.8744659503300984,0.8525682687759399,0.8963293075561524
acc,prior,surface_v,40,0.8494425336519877,0.8177426934242249,0.8795904636383056
acc,prior,surface_v,50,0.8275188604990641,0.8141506433486938,0.8468862533569336
acc,prior,surface_v,60,0.8156346638997396,0.7793982625007629,0.8537540555000305
acc,prior,surface_v,70,0.8140279412269592,0.7815851330757141,0.8410497307777405
acc,prior,surface_v,80,0.7603153268496196,0.7055574297904968,0.7976566791534424
acc,prior,surface_v,90,0.7586271564165751,0.7135119199752807,0.8029487371444702
acc,prior,surface_v,100,0.7524125019709269,0.7029125690460205,0.8056033730506897
acc,prior,surface_v,110,0.7284049550692241,0.6658265113830566,0.7936893701553345
acc,prior,surface_v,120,0.7056437055269877,0.6446537137031555,0.7765674591064453
acc,prior,surface_v,130,0.7050958434740703,0.6484450221061706,0.7606556653976441
acc,prior,surface_v,140,0.6977354407310485,0.6163699388504028,0.753393828868866
acc,prior,surface_v,150,0.6746182680130005,0.5940656304359436,0.7365169405937195
acc,prior,surface_v,160,0.6600151817003886,0.584268319606781,0.7398656606674194
acc,prior,surface_v,170,0.673741094271342,0.6147439002990722,0.7439299821853638
acc,prior,surface_v,180,0.6429532607396443,0.5664887309074402,0.7193125724792481
acc,prior,surface_v,190,0.6202395915985107,0.5744711637496949,0.6638172745704651
acc,prior,surface_v,200,0.6425854325294494,0.6101388931274414,0.6671847462654114
acc,selected,phihyd_surface,0,1.0,1.0,1.0
acc,selected,phihyd_surface,10,0.9984137852986653,0.9981339931488037,0.9989518880844116
acc,selected,phihyd_surface,20,0.9973236958185832,0.9968747019767761,0.9982447385787964
acc,selected,phihyd_surface,30,0.9965410073598225,0.9960002779960633,0.9976774692535401
acc,selected,phihyd_surface,40,0.9958087762196859,0.9952571749687195,0.997014844417572
acc,selected,phihyd_surface,50,0.9950884421666463,0.9943281054496765,0.9965299487113952
acc,selected,phihyd_surface,60,0.9944447159767151,0.9936302542686463,0.9961151480674744
acc,selected,phihyd_surface,70,0.9937235514322916,0.993067455291748,0.9952152848243714
acc,selected,phihyd_surface,80,0.9929628531138103,0.992466139793396,0.9943331837654114
acc,selected,phihyd_surface,90,0.9923046549161275,0.9918707370758056,0.9936006784439086
acc,selected,phihyd_surface,100,0.9915279388427735,0.9906116843223571,0.992791497707367
acc,selected,phihyd_surface,110,0.9903565049171448,0.9890958786010742,0.9915962219238281
acc,selected,phihyd_surface,120,0.9892215291659038,0.9881305694580078,0.9901313185691833
acc,selected,phihyd_surface,130,0.9881229758262634,0.9868605613708497,0.9889939785003662
acc,selected,phihyd_surface,140,0.9867164532343546,0.9851069211959839,0.9879826545715332
acc,selected,phihyd_surface,150,0.9851596395174662,0.9829439520835876,0.9867735743522644
acc,selected,phihyd_surface,160,0.9837340990702311,0.9806389570236206,0.9855337858200073
acc,selected,phihyd_surface,170,0.9820697625478109,0.9787839174270629,0.9838828563690185
acc,selected,phihyd_surface,180,0.980116585890452,0.9761776208877564,0.9821751117706299
acc,selected,phihyd_surface,190,0.9782691319783529,0.9746140956878662,0.9809480786323548
acc,selected,phihyd_surface,200,0.9766671180725097,0.9728846430778504,0.9790972590446472
acc,prior,phihyd_surface,0,1.0,1.0,1.0
acc,prior,phihyd_surface,10,0.9716018875439961,0.9673874974250793,0.9739965200424194
acc,prior,phihyd_surface,20,0.9597054878870647,0.9531108975410462,0.9628750801086425
acc,prior,phihyd_surface,30,0.9551418860753377,0.9478813290596009,0.9589098334312439
acc,prior,phihyd_surface,40,0.9514641364415487,0.9425891995429992,0.955531370639801
acc,prior,phihyd_surface,50,0.9482200582822163,0.9394174695014954,0.953423285484314
acc,prior,phihyd_surface,60,0.9457558314005534,0.9377938628196716,0.9511654257774353
acc,prior,phihyd_surface,70,0.9437245647112529,0.9337713837623596,0.9490405559539795
acc,prior,phihyd_surface,80,0.9411937395731608,0.9301032423973083,0.9463778495788574
acc,prior,phihyd_surface,90,0.9388950586318969,0.928435206413269,0.9443938255310058
acc,prior,phihyd_surface,100,0.9366345683733622,0.925853431224823,0.9432088613510132
acc,prior,phihyd_surface,110,0.9333757678667705,0.9198736190795899,0.940211832523346
acc,prior,phihyd_surface,120,0.9304691116015117,0.9171535491943359,0.9379889965057373
acc,prior,phihyd_surface,130,0.9279766321182251,0.9147103548049926,0.93552485704422
acc,prior,phihyd_surface,140,0.9249212900797527,0.9103279948234558,0.934223473072052
acc,prior,phihyd_surface,150,0.9216424783070882,0.9070032119750977,0.932389760017395
acc,prior,phihyd_surface,160,0.9189813931783041,0.904535174369812,0.9306700825691223
acc,prior,phihyd_surface,170,0.9159532070159913,0.9016528844833374,0.9287843585014344
acc,prior,phihyd_surface,180,0.9131080627441406,0.9007718324661255,0.9253618478775024
acc,prior,phihyd_surface,190,0.9100680073102315,0.8990397810935974,0.922804880142212
acc,prior,phihyd_surface,200,0.906838838259379,0.8957605957984924,0.9181856036186218
acc,selected,sst,0,1.0,1.0,1.0
acc,selected,sst,10,0.9732416431109111,0.967834222316742,0.9779131889343262
acc,selected,sst,20,0.9503570238749186,0.9414195060729981,0.9603048443794251
acc,selected,sst,30,0.9358505129814148,0.9219532966613769,0.9525970697402955
acc,selected,sst,40,0.9215362946192424,0.9043426752090454,0.9390461087226868
acc,selected,sst,50,0.9101961374282836,0.8952060222625733,0.9291301846504212
acc,selected,sst,60,0.8994497497876485,0.8819267392158509,0.9226271152496338
acc,selected,sst,70,0.8894231756528218,0.8660796523094177,0.9110257744789123
acc,selected,sst,80,0.8772522489229838,0.8478747844696045,0.8990442633628846
acc,selected,sst,90,0.8668208360671997,0.8375788450241088,0.8926556587219239
acc,selected,sst,100,0.85825142065684,0.8312949299812317,0.8865118265151978
acc,selected,sst,110,0.8463882446289063,0.8264166474342346,0.8725588083267212
acc,selected,sst,120,0.8316136757532756,0.8030246376991272,0.8577017903327941
acc,selected,sst,130,0.8217529495557149,0.7916137456893921,0.8512061715126038
acc,selected,sst,140,0.8098330020904541,0.7793025493621826,0.8363559246063232
acc,selected,sst,150,0.7910313447316487,0.7660107612609863,0.8123565673828125
acc,selected,sst,160,0.7791788697242736,0.748468565940857,0.8013285756111145
acc,selected,sst,170,0.7678284406661987,0.748295533657074,0.7949763774871826
acc,selected,sst,180,0.7500643889109294,0.7334869146347046,0.7719404339790344
acc,selected,sst,190,0.7319701313972473,0.7037882566452026,0.7570433378219604
acc,selected,sst,200,0.7240268031756083,0.6874336719512939,0.7492199778556824
acc,prior,sst,0,1.0,1.0,1.0
acc,prior,sst,10,0.9088884234428406,0.900226640701294,0.9208149671554565
acc,prior,sst,20,0.8398480971654256,0.8280010461807251,0.8607315182685852
acc,prior,sst,30,0.8018788059552511,0.7869264721870423,0.823377811908722
acc,prior,sst,40,0.7735023816426595,0.7492344379425049,0.7914652228355408
acc,prior,sst,50,0.754594071706136,0.7305087804794311,0.7735546708106995
acc,prior,sst,60,0.7349624037742615,0.7138695001602173,0.7606250524520874
acc,prior,sst,70,0.7174428264300029,0.690719735622406,0.7444166660308837
acc,prior,sst,80,0.700203800201416,0.6710745811462402,0.7259477138519287
acc,prior,sst,90,0.6891377687454223,0.6602036952972412,0.7210822701454163
acc,prior,sst,100,0.677892263730367,0.6498692631721497,0.7154296398162842
acc,prior,sst,110,0.6636467854181926,0.6278176188468934,0.6955177307128906
acc,prior,sst,120,0.6487540443738301,0.6212109088897705,0.6799220323562623
acc,prior,sst,130,0.6389745632807414,0.6180034756660462,0.6661062479019165
acc,prior,sst,140,0.6239052295684815,0.6121293544769287,0.6476983189582824
acc,prior,sst,150,0.6058296203613281,0.5873952746391297,0.6291876554489135
acc,prior,sst,160,0.591038688023885,0.5656673431396484,0.6231103062629699
acc,prior,sst,170,0.5785959204037984,0.5573424577713013,0.6025803327560425
acc,prior,sst,180,0.5555251439412435,0.5338539838790893,0.5764125466346741
acc,prior,sst,190,0.531847333908081,0.5028525710105896,0.563142728805542
acc,prior,sst,200,0.520185383160909,0.48562546372413634,0.5641602516174317
