metric,model_or_method,field,lead_days,mean,p10,p90
rmse,model,surface_speed,0,0.0,0.0,0.0
rmse,model,surface_speed,10,0.0024026501613358658,0.0022374724969267843,0.0025329669937491418
rmse,model,surface_speed,20,0.003001850936561823,0.0027054219972342253,0.003252050932496786
rmse,model,surface_speed,30,0.003442348850270112,0.0032117759343236684,0.0036732814740389587
rmse,model,surface_speed,40,0.0036714633926749228,0.0033384911715984345,0.004021579958498478
rmse,model,surface_speed,50,0.0038946321699768307,0.0034491154365241528,0.004176152125000954
rmse,model,surface_speed,60,0.004033523704856634,0.0036007567774504422,0.004240529611706734
rmse,model,surface_speed,70,0.0041900319047272205,0.0036344800144433977,0.004770816583186388
rmse,model,surface_speed,80,0.004496036811421315,0.004064108058810234,0.004988882876932621
rmse,model,surface_speed,90,0.004539616902669271,0.003936387225985527,0.004930156841874122
rmse,model,surface_speed,100,0.004586215844998757,0.004037493653595447,0.005147434864193201
rmse,model,surface_speed,110,0.004923029989004135,0.004327079188078642,0.005686995200812816
rmse,model,surface_speed,120,0.005210614732156197,0.004571689385920763,0.0058402719907462595
rmse,model,surface_speed,130,0.005432227657486995,0.004870201740413904,0.006059880275279284
rmse,model,surface_speed,140,0.005655800209691127,0.005241066869348288,0.006304432637989521
rmse,model,surface_speed,150,0.005914015509188175,0.005338800605386496,0.006498066242784262
rmse,model,surface_speed,160,0.006212629191577434,0.005697053112089634,0.0067947452887892725
rmse,model,surface_speed,170,0.006494262224684159,0.006041045021265745,0.007154679857194424
rmse,model,surface_speed,180,0.006738796023031076,0.006285818759351969,0.007282544858753681
rmse,model,surface_speed,190,0.007047234351436297,0.006466084625571966,0.007581331674009562
rmse,model,surface_speed,200,0.007384747980783383,0.006715562473982572,0.00796739049255848
rmse,model,surface_speed,210,0.0076531322983404,0.006996249128133058,0.008562187477946282
rmse,model,surface_speed,220,0.007993166738500198,0.007347447704523802,0.008841969445347786
rmse,model,surface_speed,230,0.008439353170494239,0.0077965065836906435,0.00920194536447525
rmse,model,surface_speed,240,0.008899465265373389,0.008100454695522785,0.009851320460438729
rmse,model,surface_speed,250,0.009185824605325858,0.008449047803878784,0.010351712442934513
rmse,model,surface_speed,260,0.009486204944550991,0.008760767430067063,0.010687411576509476
rmse,model,surface_speed,270,0.009916036017239093,0.009012559242546559,0.011069205589592457
rmse,model,surface_speed,280,0.010272895234326522,0.009426786005496979,0.011292613483965397
rmse,model,surface_speed,290,0.010582238063216209,0.009785387478768826,0.011445454694330693
rmse,model,surface_speed,300,0.010906653044124444,0.010118288174271583,0.011621582694351673
rmse,model,surface_speed,310,0.01122716087847948,0.010398289375007152,0.011728588864207268
rmse,model,surface_speed,320,0.011636562272906303,0.011060621216893196,0.012146462686359882
rmse,model,surface_speed,330,0.011842933545509974,0.011372189223766326,0.012235123291611671
rmse,model,surface_speed,340,0.011996059368054071,0.011434956267476083,0.01244900692254305
rmse,model,surface_speed,350,0.012254060432314872,0.01193612590432167,0.012526864744722843
rmse,model,surface_speed,360,0.012424143341680368,0.012119489908218383,0.012755230814218522
rmse,model,surface_speed,370,0.01254516417781512,0.012046739272773267,0.01286125872284174
rmse,model,surface_speed,380,0.012686845970650514,0.012259612232446671,0.01298138927668333
rmse,model,surface_speed,390,0.012830344587564468,0.01208844818174839,0.013286717422306537
rmse,model,surface_speed,400,0.013010819256305695,0.012454441376030445,0.013519984297454357
rmse,model,surface_speed,410,0.013027412071824073,0.012484636716544628,0.013482020981609822
rmse,model,surface_speed,420,0.013082694200177988,0.012592298351228237,0.013580146431922912
rmse,model,surface_speed,430,0.013214574754238128,0.012606172449886799,0.013991348259150983
rmse,model,surface_speed,440,0.013301452435553075,0.012788397446274757,0.01394956074655056
rmse,model,surface_speed,450,0.013344635814428329,0.012778403423726558,0.014144928194582462
rmse,model,surface_speed,460,0.013305053239067395,0.012688669189810754,0.014099879376590251
rmse,model,surface_speed,470,0.013358715673287709,0.012761495634913444,0.014019075594842435
rmse,model,surface_speed,480,0.013537339121103286,0.013013075105845928,0.014359677396714687
rmse,model,surface_speed,490,0.013565244215230147,0.012997181341052055,0.01447314079850912
rmse,model,surface_speed,500,0.013565582906206448,0.013116282038390636,0.014427783712744712
rmse,model,surface_speed,510,0.013584946592648825,0.012891180999577045,0.014501779526472091
rmse,model,surface_speed,520,0.013718932370344798,0.013215937651693821,0.014481436274945737
rmse,model,surface_speed,530,0.013812772060434023,0.01333308033645153,0.01457842979580164
rmse,model,surface_speed,540,0.013821932363013427,0.013201878219842911,0.014805962517857551
rmse,model,surface_speed,550,0.013906631618738174,0.013365547917783261,0.014920915104448795
rmse,model,surface_speed,560,0.013978744111955165,0.013292457535862922,0.014987178333103656
rmse,model,surface_speed,570,0.01404705767830213,0.013115421868860722,0.014929273538291455
rmse,model,surface_speed,580,0.014078361975649992,0.012900994718074798,0.014983873255550862
rmse,model,surface_speed,590,0.014046031050384045,0.012728735990822315,0.015242752432823182
rmse,model,surface_speed,600,0.01410677284002304,0.01303212959319353,0.015377313829958439
rmse,model,surface_speed,610,0.014105644511679808,0.013164418376982212,0.015396854281425476
rmse,model,surface_speed,620,0.01406501028686762,0.013143225945532322,0.015532156080007553
rmse,model,surface_speed,630,0.013905134797096253,0.012864590995013714,0.015093344822525978
rmse,model,surface_speed,640,0.013758964898685614,0.012857982888817787,0.014908142760396004
rmse,model,surface_speed,650,0.013740460264186065,0.0126871844753623,0.01468444000929594
rmse,model,surface_speed,660,0.013704929500818253,0.012702440656721593,0.014828951470553875
rmse,model,surface_speed,670,0.013587438501417637,0.012728955037891865,0.01488414853811264
rmse,model,surface_speed,680,0.013613696023821831,0.012737322226166725,0.014965025335550308
rmse,model,surface_speed,690,0.013613092899322509,0.012740535847842693,0.015039305575191975
rmse,model,surface_speed,700,0.01361161960909764,0.012774835154414178,0.014806900732219219
rmse,model,surface_speed,710,0.013530081324279308,0.012791494280099869,0.014669879153370856
rmse,model,surface_speed,720,0.013565026285747687,0.012877756170928479,0.014576306007802487
rmse,model,surface_speed,730,0.013766355440020561,0.013239563442766666,0.014617858082056045
rmse,model,surface_speed,740,0.013821845750013988,0.013130546547472477,0.014598819240927695
rmse,model,surface_speed,750,0.01366175798078378,0.013085505552589893,0.0141941137611866
rmse,model,surface_speed,760,0.013570946392913659,0.012969561852514744,0.014128604345023632
rmse,model,surface_speed,770,0.013679447025060654,0.012978908233344555,0.014361785911023616
rmse,model,surface_speed,780,0.013806830781201521,0.013003131374716759,0.014571511000394822
rmse,model,surface_speed,790,0.013747864154477913,0.012851489335298538,0.014472153410315514
rmse,model,surface_speed,800,0.013548500339190165,0.012658018060028553,0.014363676868379116
rmse,model,surface_speed,810,0.013650405903657277,0.012912221811711788,0.014457375183701516
rmse,model,surface_speed,820,0.013726236733297507,0.013023243099451066,0.014385219663381577
rmse,model,surface_speed,830,0.013635769796868166,0.013056686893105508,0.014284289069473743
rmse,model,surface_speed,840,0.013675091663996379,0.013026629015803337,0.01441456787288189
rmse,model,surface_speed,850,0.013826755930980046,0.012747568264603614,0.014502855949103832
rmse,model,surface_speed,860,0.013971482651929061,0.013034895062446594,0.014882658421993256
rmse,model,surface_speed,870,0.01378185860812664,0.012862798012793063,0.014313977211713791
rmse,model,surface_speed,880,0.01354519110172987,0.01248013935983181,0.014475520327687263
rmse,model,surface_speed,890,0.013670043212672074,0.012650603242218495,0.01429733969271183
rmse,model,surface_speed,900,0.013818025837341945,0.012977358140051364,0.014518027193844318
rmse,model,surface_speed,910,0.013575776542226473,0.012855903431773185,0.014413510635495185
rmse,model,surface_speed,920,0.013366432177523773,0.012483598664402962,0.014308136329054833
rmse,model,surface_speed,930,0.013402040116488934,0.012672040797770023,0.01413020808249712
rmse,model,surface_speed,940,0.013560897981127104,0.013164023868739605,0.013987750373780727
rmse,model,surface_speed,950,0.013492136262357235,0.012617775425314903,0.014140987023711204
rmse,model,surface_speed,960,0.013265459425747394,0.01265876293182373,0.01395223718136549
rmse,model,surface_speed,970,0.013370254511634509,0.012582702562212944,0.014088884182274341
rmse,model,surface_speed,980,0.01346275961647431,0.013003450632095338,0.013879841938614846
rmse,model,surface_speed,990,0.013376593776047229,0.012943408079445362,0.013976527377963066
rmse,model,surface_speed,1000,0.013398845121264458,0.012877571955323219,0.014100420847535133
rmse,model,surface_speed,1010,0.013503357457617918,0.012709400989115239,0.014105891436338424
rmse,model,surface_speed,1020,0.013705384234587352,0.013164122588932514,0.01437246035784483
rmse,model,surface_speed,1030,0.013643777991334597,0.012899665907025338,0.014160222373902798
rmse,model,surface_speed,1040,0.013459442121287187,0.012837951816618443,0.014150744117796422
rmse,model,surface_speed,1050,0.01351326002428929,0.012851818464696407,0.014156422391533852
rmse,model,surface_speed,1060,0.013572200573980809,0.013304423540830612,0.013915418088436127
rmse,model,surface_speed,1070,0.013619051252802213,0.013001055270433427,0.014278270304203033
rmse,model,surface_speed,1080,0.01339717786759138,0.0126967778429389,0.014038840867578983
rmse,model,surface_speed,1090,0.013241586461663245,0.012790175341069698,0.01383025273680687
rmse,model,surface_speed,1100,0.013474831047157446,0.012927361205220223,0.014314684830605984
rmse,model,surface_speed,1110,0.013456456611553829,0.012937116995453834,0.01396241933107376
rmse,model,surface_speed,1120,0.013306292146444321,0.012915222160518169,0.013955182954668998
rmse,model,surface_speed,1130,0.013387494534254075,0.012588620930910111,0.013956971652805805
rmse,model,surface_speed,1140,0.013353143508235613,0.012924643605947495,0.013969358801841737
rmse,model,surface_speed,1150,0.013488420099020005,0.012950450740754604,0.014390798844397068
rmse,model,surface_speed,1160,0.013619080744683742,0.013155220262706279,0.013891243934631347
rmse,model,surface_speed,1170,0.013417082962890466,0.013026225566864013,0.013924907706677914
rmse,model,surface_speed,1180,0.013543968088924885,0.013080884143710137,0.01422197911888361
rmse,model,surface_speed,1190,0.013655827504893144,0.012933220900595187,0.014243843406438828
rmse,model,surface_speed,1200,0.013708722591400147,0.013166793249547481,0.014384984038770199
rmse,model,surface_speed,1210,0.013583453744649887,0.012808264791965484,0.014243271574378014
rmse,model,surface_speed,1220,0.01353062770018975,0.01290528904646635,0.014154715277254582
rmse,model,surface_speed,1230,0.013815636311968168,0.013219450041651726,0.014294916950166225
rmse,model,surface_speed,1240,0.013895952266951402,0.01315692812204361,0.014746505580842496
rmse,model,surface_speed,1250,0.013837189165254433,0.012962296791374683,0.014615644887089729
rmse,model,surface_speed,1260,0.013763246374825637,0.013045449927449226,0.014422933757305145
rmse,model,surface_speed,1270,0.013754673860967159,0.01289943978190422,0.014279937371611595
rmse,model,surface_speed,1280,0.013911683609088262,0.013520977459847927,0.014260535687208175
rmse,model,surface_speed,1290,0.01388810904075702,0.013271414116024971,0.014284988678991795
rmse,model,surface_speed,1300,0.013705235781768958,0.012925921566784382,0.014425118267536164
rmse,model,surface_speed,1310,0.013853496251006922,0.013159054517745971,0.014319021627306939
rmse,model,surface_speed,1320,0.014085799145201841,0.0131565285846591,0.01472325250506401
rmse,model,surface_speed,1330,0.014050458123286565,0.01348415445536375,0.01442240308970213
rmse,model,surface_speed,1340,0.013898849673569202,0.013125321827828884,0.01436284352093935
rmse,model,surface_speed,1350,0.013938820175826549,0.0130733797326684,0.014642142876982688
rmse,model,surface_speed,1360,0.014095332038899263,0.013539079390466214,0.014603424444794654
rmse,model,surface_speed,1370,0.014093310075501601,0.013425448909401894,0.014674261398613452
rmse,model,surface_speed,1380,0.013909387153883774,0.012892419658601283,0.014767731726169585
rmse,model,surface_speed,1390,0.013787688377002874,0.013104180432856083,0.014516905322670937
rmse,model,surface_speed,1400,0.014035368338227272,0.013462481461465359,0.014669062942266465
rmse,model,surface_speed,1410,0.014192728760341803,0.013531986624002457,0.014952576160430909
rmse,model,surface_speed,1420,0.014010823083420594,0.013119404017925263,0.014868620224297047
rmse,model,surface_speed,1430,0.013905771573384603,0.012952832318842412,0.014681644551455975
rmse,model,surface_speed,1440,0.014163037327428659,0.013287310674786567,0.015039676614105702
rmse,model,surface_speed,1450,0.0143391452729702,0.013508231937885284,0.015266031585633754
rmse,model,surface_speed,1460,0.014286757012208303,0.01365765668451786,0.0152449581772089
rmse,model,surface_speed,1470,0.014271266758441925,0.013605631701648236,0.014862243272364139
rmse,model,surface_speed,1480,0.014412743039429188,0.013870708271861076,0.015156876295804977
rmse,model,surface_speed,1490,0.014759689010679722,0.013981190510094166,0.015648951381444932
rmse,model,surface_speed,1500,0.014781983693440755,0.01410676445811987,0.015279434435069562
rmse,model,surface_speed,1510,0.01466178974757592,0.014240040443837643,0.014989468082785607
rmse,model,surface_speed,1520,0.01483329925686121,0.014232665114104748,0.015580888278782368
rmse,model,surface_speed,1530,0.01496472315241893,0.01457811277359724,0.015434289164841176
rmse,model,surface_speed,1540,0.015107689797878266,0.014359906688332558,0.01579967364668846
rmse,model,surface_speed,1550,0.015049819399913152,0.014456796087324619,0.015537808835506439
rmse,model,surface_speed,1560,0.015017701250811418,0.014693081378936768,0.015369483269751072
rmse,model,surface_speed,1570,0.015297857671976089,0.014911404810845852,0.015615763142704964
rmse,model,surface_speed,1580,0.01533002977569898,0.01498401965945959,0.015608824603259564
rmse,model,surface_speed,1590,0.01524595357477665,0.014705361984670162,0.015873076394200325
rmse,model,surface_speed,1600,0.015256821488340696,0.014613540098071098,0.016074176877737045
rmse,model,surface_speed,1610,0.015311507508158684,0.014729058928787708,0.015886096656322478
rmse,model,surface_speed,1620,0.015463547470668951,0.015005401894450187,0.016008765250444413
rmse,model,surface_speed,1630,0.015521181995670002,0.014952650107443333,0.01619732193648815
rmse,model,surface_speed,1640,0.015377758319179218,0.014872596599161625,0.015823568776249887
rmse,model,surface_speed,1650,0.015582431480288506,0.014750730246305466,0.016301234439015388
rmse,model,surface_speed,1660,0.015786664187908174,0.014905792661011219,0.01643774248659611
rmse,model,surface_speed,1670,0.01567575807372729,0.014719964563846588,0.0166685301810503
rmse,model,surface_speed,1680,0.01559813196460406,0.014908717945218086,0.01639629602432251
rmse,model,surface_speed,1690,0.015512932961185773,0.014963224157691002,0.0161643348634243
rmse,model,surface_speed,1700,0.015692956311007342,0.015018681436777115,0.016513903439044953
rmse,model,surface_speed,1710,0.015836207444469133,0.015342344343662263,0.016474389284849168
rmse,model,surface_speed,1720,0.015585890350242456,0.014847944304347039,0.016326142102479936
rmse,model,surface_speed,1730,0.01554487484196822,0.014795740321278571,0.016148047521710396
rmse,model,surface_speed,1740,0.015683675246934096,0.014985665306448936,0.016475174203515054
rmse,model,surface_speed,1750,0.01589989997446537,0.015462752804160118,0.01654587760567665
rmse,model,surface_speed,1760,0.015817169534663358,0.01507328674197197,0.01653268188238144
rmse,model,surface_speed,1770,0.015660611415902772,0.01494095791131258,0.016487767174839973
rmse,model,surface_speed,1780,0.015904674120247365,0.015095380134880543,0.016627971827983857
rmse,model,surface_speed,1790,0.016041805408895014,0.015423092618584633,0.01677350290119648
rmse,model,surface_speed,1800,0.015800784652431805,0.01522458977997303,0.01612883396446705
rmse,model,surface_speed,1810,0.015690682642161845,0.014921984635293484,0.016533592715859413
rmse,model,surface_speed,1820,0.015872271731495857,0.015020712465047836,0.016851317137479782
rmse,model,surface_speed,1830,0.016130251809954643,0.015395998023450375,0.016915015876293182
rmse,model,surface_speed,1840,0.016034078722198804,0.015480190329253674,0.01677282676100731
rmse,model,surface_speed,1850,0.0158916503811876,0.014952698163688183,0.016905196383595465
rmse,model,surface_speed,1860,0.015922922765215237,0.015342053771018983,0.01655162237584591
rmse,model,surface_speed,1870,0.016089460067451,0.015335008688271045,0.01646483354270458
rmse,model,surface_speed,1880,0.016023726326723893,0.015605241991579533,0.016811743006110193
rmse,model,surface_speed,1890,0.015768933047850927,0.01498150173574686,0.016522439196705818
rmse,model,surface_speed,1900,0.015595755850275358,0.014875434339046478,0.016404926031827926
rmse,model,surface_speed,1910,0.0158661978940169,0.015273569710552692,0.01621776446700096
rmse,model,surface_speed,1920,0.01589140798896551,0.015347075089812279,0.016611310094594954
rmse,model,surface_speed,1930,0.015714286640286446,0.015228686295449734,0.016361114010214804
rmse,model,surface_speed,1940,0.015754309358696143,0.01512739211320877,0.016339166834950448
rmse,model,surface_speed,1950,0.0157080185910066,0.015293421968817712,0.016145622357726097
rmse,model,surface_speed,1960,0.01579484312484662,0.015360311605036259,0.01627035029232502
rmse,model,surface_speed,1970,0.015609240221480528,0.014887536503374576,0.01624891795217991
rmse,model,surface_speed,1980,0.015420326528449853,0.015003347024321555,0.01592409797012806
rmse,model,surface_speed,1990,0.015710192608336608,0.01521245501935482,0.01624140180647373
rmse,model,surface_speed,2000,0.015722685183087986,0.015240899287164211,0.016171853616833688
rmse,climatology,surface_speed,0,0.0074016280161837734,0.007115360070019961,0.00767661901190877
rmse,climatology,surface_speed,10,0.007383582803110282,0.007042241375893354,0.0077679665759205815
rmse,climatology,surface_speed,20,0.007305180995414654,0.006866677291691303,0.007676282431930304
rmse,climatology,surface_speed,30,0.0072903656711181,0.007055838499218226,0.007563523203134537
rmse,climatology,surface_speed,40,0.007334929518401622,0.007032576762139797,0.007658320106565952
rmse,climatology,surface_speed,50,0.007258633896708488,0.007041069772094488,0.0074732544831931595
rmse,climatology,surface_speed,60,0.007246069641162952,0.007058459427207708,0.0075967079028487206
rmse,climatology,surface_speed,70,0.007339784471939007,0.006865263264626264,0.007738326303660869
rmse,climatology,surface_speed,80,0.007339149340987205,0.0070416035130620004,0.007674490474164486
rmse,climatology,surface_speed,90,0.00726883535583814,0.006996952276676893,0.007620027754455805
rmse,climatology,surface_speed,100,0.007235936758418878,0.0068768180906772615,0.0077922515571117405
rmse,climatology,surface_speed,110,0.0072337956167757515,0.00700544761493802,0.007500135246664286
rmse,climatology,surface_speed,120,0.007246729265898466,0.007031690049916506,0.007588880602270365
rmse,climatology,surface_speed,130,0.007253019573787848,0.006976094841957092,0.007663269434124231
rmse,climatology,surface_speed,140,0.0072479926360150175,0.006800458580255508,0.007670773286372423
rmse,climatology,surface_speed,150,0.0072713609474400675,0.006960330158472061,0.007736466359347105
rmse,climatology,surface_speed,160,0.007266873649011056,0.006991707626730204,0.007661841809749603
rmse,climatology,surface_speed,170,0.007222393124053875,0.006900071166455746,0.007549128215759993
rmse,climatology,surface_speed,180,0.007196097386380037,0.006736441608518362,0.0077737707644701
rmse,climatology,surface_speed,190,0.007291067205369472,0.006830005999654531,0.007654123939573765
rmse,climatology,surface_speed,200,0.007359762272487084,0.006973788794130087,0.007694557402282953
rmse,climatology,surface_speed,210,0.007295944883177678,0.007041778601706028,0.0077433989383280276
rmse,climatology,surface_speed,220,0.007345293927937746,0.0070010915398597716,0.007757250964641571
rmse,climatology,surface_speed,230,0.0074161302919189135,0.00708970595151186,0.00768247339874506
rmse,climatology,surface_speed,240,0.0073808817192912105,0.007008887082338333,0.0076494630426168445
rmse,climatology,surface_speed,250,0.007401102874428034,0.0071149423718452455,0.00784961823374033
rmse,climatology,surface_speed,260,0.007438957163443168,0.007101780828088522,0.007777548674494028
rmse,climatology,surface_speed,270,0.007440186788638433,0.007027226500213146,0.007783091347664595
rmse,climatology,surface_speed,280,0.007430080883204937,0.007037194911390543,0.007808815315365791
rmse,climatology,surface_speed,290,0.0073915094758073485,0.007083547487854958,0.007727350853383541
rmse,climatology,surface_speed,300,0.007337365175286928,0.006961350888013839,0.007701424229890108
rmse,climatology,surface_speed,310,0.007419919843475024,0.007109204679727555,0.0077195045538246635
rmse,climatology,surface_speed,320,0.007417410767326753,0.007093528937548399,0.007717445585876703
rmse,climatology,surface_speed,330,0.007329628989100456,0.006941470503807068,0.007680723257362842
rmse,climatology,surface_speed,340,0.007294535078108311,0.007034695614129305,0.007504521682858467
rmse,climatology,surface_speed,350,0.007356217317283154,0.007082563359290361,0.007659325376152992
rmse,climatology,surface_speed,360,0.007297751990457376,0.007063282746821642,0.007548709772527218
rmse,climatology,surface_speed,370,0.007262783280263345,0.007114161737263203,0.007518780324608088
rmse,climatology,surface_speed,380,0.007346417040874561,0.006862430088222027,0.007780203223228454
rmse,climatology,surface_speed,390,0.007367701021333536,0.007056225836277008,0.007677154522389174
rmse,climatology,surface_speed,400,0.0072869360136489075,0.007079291809350252,0.007577748224139214
rmse,climatology,surface_speed,410,0.007263031943390767,0.007001382298767567,0.007814406231045724
rmse,climatology,surface_speed,420,0.007264238471786181,0.007028166204690933,0.007561983354389667
rmse,climatology,surface_speed,430,0.007265459684034189,0.006996928993612528,0.007628928497433662
rmse,climatology,surface_speed,440,0.007275776596119007,0.006997772864997387,0.007705048937350511
rmse,climatology,surface_speed,450,0.0072794710596402485,0.006882850918918848,0.007640351168811321
rmse,climatology,surface_speed,460,0.007274611418445905,0.006955681648105383,0.007746676821261645
rmse,climatology,surface_speed,470,0.0072975876741111275,0.0069584687240421775,0.007656514458358288
rmse,climatology,surface_speed,480,0.007258449619015058,0.006996273808181286,0.007609313726425171
rmse,climatology,surface_speed,490,0.007240208114186923,0.006925838440656662,0.007774244993925095
rmse,climatology,surface_speed,500,0.007302307368566592,0.006791741028428078,0.007707582041621208
rmse,climatology,surface_speed,510,0.007386947143822908,0.007074512448161841,0.0076713372021913525
rmse,climatology,surface_speed,520,0.007339297980070114,0.00710900379344821,0.007746902666985989
rmse,climatology,surface_speed,530,0.007343015447258949,0.007015728205442428,0.00774844428524375
rmse,climatology,surface_speed,540,0.007434322685003281,0.007052708324044943,0.007774707209318876
rmse,climatology,surface_speed,550,0.00742180688927571,0.0070791997015476225,0.007729673385620117
rmse,climatology,surface_speed,560,0.007403186522424221,0.007075842376798392,0.00779616478830576
rmse,climatology,surface_speed,570,0.007435304143776496,0.0071446186862885955,0.007713817339390516
rmse,climatology,surface_speed,580,0.007443290234853824,0.007046632934361696,0.007832706347107888
rmse,climatology,surface_speed,590,0.0074232089954117935,0.007025302760303021,0.007786902785301209
rmse,climatology,surface_speed,600,0.007394549250602722,0.007147587835788727,0.0076578443869948385
rmse,climatology,surface_speed,610,0.0073422035202383995,0.006989489961415529,0.0077532042749226095
rmse,climatology,surface_speed,620,0.00741068683564663,0.007077252771705389,0.0076975513249635695
rmse,climatology,surface_speed,630,0.007420174001405637,0.007161432225257158,0.007657749764621258
rmse,climatology,surface_speed,640,0.007331663525352875,0.007018128782510758,0.007676613237708807
rmse,climatology,surface_speed,650,0.0072783802015086016,0.007035920582711697,0.0075392376631498335
rmse,climatology,surface_speed,660,0.007344314828515053,0.007045756746083498,0.00765636982396245
rmse,climatology,surface_speed,670,0.007321179596086343,0.00705247838050127,0.0076533426530659195
rmse,climatology,surface_speed,680,0.007260914208988349,0.0070396197028458115,0.007479123584926128
rmse,climatology,surface_speed,690,0.007328866763661305,0.006932719424366951,0.007792715262621641
rmse,climatology,surface_speed,700,0.00736553513755401,0.0070256879553198814,0.0076546984724700454
rmse,climatology,surface_speed,710,0.007277348854889472,0.007025565579533577,0.007521164324134588
rmse,climatology,surface_speed,720,0.007265902000168959,0.006955729145556688,0.007746921107172966
rmse,climatology,surface_speed,730,0.00725855998074015,0.007021869719028473,0.007606454379856587
rmse,climatology,surface_speed,740,0.007260613298664491,0.0069506513886153694,0.007616894133388996
rmse,climatology,surface_speed,750,0.0072789464766780535,0.006900694500654936,0.007724746502935887
rmse,climatology,surface_speed,760,0.007270357416321834,0.006978130154311657,0.00753432335332036
rmse,climatology,surface_speed,770,0.007245670879880587,0.00690977768972516,0.007701699901372194
rmse,climatology,surface_speed,780,0.007303263309101264,0.006930424179881811,0.00768815977498889
rmse,climatology,surface_speed,790,0.007281763230760892,0.0070150037296116356,0.007569471839815378
rmse,climatology,surface_speed,800,0.007266653577486674,0.0070375134237110615,0.007751199975609779
rmse,climatology,surface_speed,810,0.007296852146585782,0.00679340697824955,0.007697539683431387
rmse,climatology,surface_speed,820,0.007392916362732649,0.007096204254776239,0.007727951370179653
rmse,climatology,surface_speed,830,0.007360208034515381,0.0070587689988315105,0.007700993400067091
rmse,climatology,surface_speed,840,0.0073359626034895575,0.0070031313225626945,0.007693197578191757
rmse,climatology,surface_speed,850,0.007434540179868539,0.007059921789914369,0.007765074074268341
rmse,climatology,surface_speed,860,0.0074444209225475785,0.00712002394720912,0.007828157767653466
rmse,climatology,surface_speed,870,0.007400271762162447,0.006998927239328623,0.007731590606272221
rmse,climatology,surface_speed,880,0.0074168622804184755,0.007103164866566658,0.007675620075315237
rmse,climatology,surface_speed,890,0.007435524649918079,0.007037002686411142,0.007846158556640148
rmse,climatology,surface_speed,900,0.007413560493538777,0.006967339292168617,0.0077001360245049
rmse,climatology,surface_speed,910,0.007393572138001522,0.007154893595725298,0.007638200744986534
rmse,climatology,surface_speed,920,0.0073513814558585485,0.0069627705961465836,0.007808903604745865
rmse,climatology,surface_speed,930,0.007391503360122442,0.0070559755899012085,0.007641117181628942
rmse,climatology,surface_speed,940,0.007410447827229897,0.0072053026407957075,0.007623027730733156
rmse,climatology,surface_speed,950,0.00732618955274423,0.006927844416350126,0.00769001767039299
rmse,climatology,surface_speed,960,0.0072604713030159475,0.007060653995722532,0.007572992891073227
rmse,climatology,surface_speed,970,0.007323944816986719,0.006986411660909653,0.007633555866777897
rmse,climatology,surface_speed,980,0.007326935573170583,0.006972261425107718,0.007751642819494009
rmse,climatology,surface_speed,990,0.007253478094935417,0.00703678447753191,0.007455934304744005
rmse,climatology,surface_speed,1000,0.007307964283972979,0.006946664582937956,0.007759461458772421
rmse,climatology,surface_speed,1010,0.007347023983796438,0.007000862341374159,0.00767632182687521
rmse,climatology,surface_speed,1020,0.007258462936927875,0.006927844416350126,0.007493224274367094
rmse,climatology,surface_speed,1030,0.007251609116792679,0.0069199690595269205,0.007656027376651764
rmse,climatology,surface_speed,1040,0.007248490117490292,0.007003419939428568,0.0075940259732306
rmse,climatology,surface_speed,1050,0.007250936546673377,0.006928100157529116,0.007586349174380303
rmse,climatology,surface_speed,1060,0.007269619684666395,0.0068473681807518,0.0077246342785656456
rmse,climatology,surface_speed,1070,0.007258495409041643,0.007034836802631617,0.007500811386853457
rmse,climatology,surface_speed,1080,0.007222653397669395,0.006909854803234338,0.007630260474979877
rmse,climatology,surface_speed,1090,0.007304941831777493,0.006927905138581991,0.007755312509834767
rmse,climatology,surface_speed,1100,0.007309814946105083,0.007012337166815996,0.007560012582689524
rmse,climatology,surface_speed,1110,0.00728683831791083,0.007001103181391954,0.007763303816318512
rmse,climatology,surface_speed,1120,0.007300158776342869,0.006854613218456507,0.00772185418754816
rmse,climatology,surface_speed,1130,0.007399577181786299,0.006984269991517067,0.007762010954320431
rmse,climatology,surface_speed,1140,0.007379172835499048,0.0070468935184180735,0.00762966824695468
rmse,climatology,surface_speed,1150,0.007342178933322429,0.006955102737993002,0.0076466288417577745
rmse,climatology,surface_speed,1160,0.007438535895198583,0.007063714880496263,0.007817959785461426
rmse,climatology,surface_speed,1170,0.007461117580533028,0.007106076460331678,0.007874010875821114
rmse,climatology,surface_speed,1180,0.00740213505923748,0.006939316168427467,0.0076433965936303135
rmse,climatology,surface_speed,1190,0.0074099204192558926,0.0070853463374078276,0.007718303985893726
rmse,climatology,surface_speed,1200,0.007432730837414662,0.007020002696663141,0.007828820496797562
rmse,climatology,surface_speed,1210,0.007409313321113586,0.006939973589032889,0.007671235688030719
rmse,climatology,surface_speed,1220,0.007391728616009156,0.007145402487367392,0.0076315105892717835
rmse,climatology,surface_speed,1230,0.007364564978828033,0.006996537931263447,0.007819007337093353
rmse,climatology,surface_speed,1240,0.007373392085234324,0.007055636215955019,0.007672231923788786
rmse,climatology,surface_speed,1250,0.007400434340039889,0.007176942285150289,0.007586913928389549
rmse,climatology,surface_speed,1260,0.007326113556822141,0.006936381570994854,0.007726073730736971
rmse,climatology,surface_speed,1270,0.007253278636684021,0.007070463337004185,0.0075477007776498795
rmse,climatology,surface_speed,1280,0.007308450775841872,0.006963430717587471,0.007588998973369598
rmse,climatology,surface_speed,1290,0.007326671108603478,0.006958859227597714,0.007796415500342846
rmse,climatology,surface_speed,1300,0.007247891090810299,0.0070065555162727835,0.007477673422545195
rmse,climatology,surface_speed,1310,0.007295009028166532,0.006927225086838007,0.007673750258982181
rmse,climatology,surface_speed,1320,0.007336242031306029,0.0069940643385052684,0.007725229300558567
rmse,climatology,surface_speed,1330,0.007247857128580411,0.006870031729340554,0.007515278831124306
rmse,climatology,surface_speed,1340,0.0072390780784189705,0.006880701519548893,0.007588736806064844
rmse,climatology,surface_speed,1350,0.007252117153257132,0.006991936732083559,0.007614980079233646
rmse,climatology,surface_speed,1360,0.00725696145867308,0.006943147256970405,0.0075812630355358126
rmse,climatology,surface_speed,1370,0.007270260155200959,0.006832879222929478,0.00770668014883995
rmse,climatology,surface_speed,1380,0.007265352116276821,0.006999497860670089,0.00755130248144269
rmse,climatology,surface_speed,1390,0.007220695881793897,0.0068897965364158155,0.007614034228026867
rmse,climatology,surface_speed,1400,0.007314605948825677,0.006955191213637591,0.007780993916094303
rmse,climatology,surface_speed,1410,0.007348024845123291,0.007045023795217276,0.0075780066661536695
rmse,climatology,surface_speed,1420,0.007311800712098678,0.006985418405383826,0.007725775428116322
rmse,climatology,surface_speed,1430,0.007325388522197803,0.006930155120790005,0.007743320614099503
rmse,climatology,surface_speed,1440,0.007418225364138682,0.007028088998049497,0.007763528637588024
rmse,climatology,surface_speed,1450,0.007404674310237169,0.007039327081292868,0.007607084512710571
rmse,climatology,surface_speed,1460,0.007364913634955883,0.006938157882541418,0.00764562077820301
rmse,climatology,surface_speed,1470,0.007450840839495262,0.007077463623136282,0.007816845923662186
rmse,climatology,surface_speed,1480,0.007475215134521326,0.007064733561128378,0.007898390293121338
rmse,climatology,surface_speed,1490,0.007414035312831402,0.006976364646106958,0.007686388026922941
rmse,climatology,surface_speed,1500,0.007415828388184309,0.007122214324772358,0.007778211683034897
rmse,climatology,surface_speed,1510,0.007438452293475469,0.007057653646916151,0.00780907291918993
rmse,climatology,surface_speed,1520,0.007411022204905748,0.006973154842853546,0.007693405542522669
rmse,climatology,surface_speed,1530,0.0073893900960683824,0.007141197007149458,0.0076457994990050794
rmse,climatology,surface_speed,1540,0.007376036265244087,0.007011049054563045,0.007790424861013889
rmse,climatology,surface_speed,1550,0.007373443773637215,0.007076428551226854,0.007663608528673649
rmse,climatology,surface_speed,1560,0.0073973439012964565,0.007159490138292313,0.007574300095438957
rmse,climatology,surface_speed,1570,0.007327779723952214,0.006879551056772471,0.007708314061164856
rmse,climatology,surface_speed,1580,0.007259147396932046,0.007055895868688822,0.007548458315432072
rmse,climatology,surface_speed,1590,0.007309186613808075,0.006979274284094572,0.007587715983390808
rmse,climatology,surface_speed,1600,0.00732007414723436,0.006973254028707743,0.007772363256663084
rmse,climatology,surface_speed,1610,0.007253712974488735,0.006974122859537602,0.00752893490716815
rmse,climatology,surface_speed,1620,0.007301785952101151,0.006996308080852031,0.007642276771366596
rmse,climatology,surface_speed,1630,0.007331704503546158,0.007004610914736986,0.007735364884138107
rmse,climatology,surface_speed,1640,0.007237102246532837,0.006822381913661957,0.007554415334016085
rmse,climatology,surface_speed,1650,0.007244224411745866,0.006866601575165987,0.007579879276454449
rmse,climatology,surface_speed,1660,0.0072739748284220695,0.0069943353533744815,0.007654744200408459
rmse,climatology,surface_speed,1670,0.007270759716629982,0.006953999865800142,0.007600019499659538
rmse,climatology,surface_speed,1680,0.007282228240122398,0.006841216795146465,0.007707000523805618
rmse,climatology,surface_speed,1690,0.007286406308412552,0.006997455283999443,0.007576091121882201
rmse,climatology,surface_speed,1700,0.007238359252611796,0.006963509600609541,0.007653026189655065
rmse,climatology,surface_speed,1710,0.007333209117253621,0.006990283261984587,0.007775457389652729
rmse,climatology,surface_speed,1720,0.0073846261637906235,0.007075637485831976,0.007612088788300752
rmse,climatology,surface_speed,1730,0.007339964248239994,0.006988640502095222,0.007703305874019861
rmse,climatology,surface_speed,1740,0.007360075941930214,0.006998718157410622,0.007765381876379251
rmse,climatology,surface_speed,1750,0.007451805534462134,0.007132453564554453,0.007763686031103134
rmse,climatology,surface_speed,1760,0.007423886377364397,0.007060487661510706,0.007666291296482086
rmse,climatology,surface_speed,1770,0.007386219874024391,0.0069197194650769235,0.007657583896070718
rmse,climatology,surface_speed,1780,0.007466306289037068,0.007119797263294458,0.0077968893572688104
rmse,climatology,surface_speed,1790,0.007484144251793623,0.00708301616832614,0.007907707802951336
rmse,climatology,surface_speed,1800,0.0074221541794637835,0.007012070715427398,0.007719132117927074
rmse,climatology,surface_speed,1810,0.007425263834496339,0.007084203884005547,0.0077794380486011505
rmse,climatology,surface_speed,1820,0.0074404140934348105,0.0070554066449403765,0.00777928251773119
rmse,climatology,surface_speed,1830,0.007406726696838935,0.0070198382250964645,0.007671114336699247
rmse,climatology,surface_speed,1840,0.007384367318203052,0.007124020252376795,0.007675059046596289
rmse,climatology,surface_speed,1850,0.007385856192559004,0.007038940582424403,0.007757321093231439
rmse,climatology,surface_speed,1860,0.0073783621191978455,0.007108975294977426,0.007634170353412628
rmse,climatology,surface_speed,1870,0.007391245073328416,0.00709341075271368,0.007561502885073424
rmse,climatology,surface_speed,1880,0.007334592596938212,0.006877232063561678,0.007693015597760677
rmse,climatology,surface_speed,1890,0.007264781339714924,0.007092858850955963,0.007547169085592031
rmse,climatology,surface_speed,1900,0.0073101956397295,0.007014341652393341,0.007658491190522909
rmse,climatology,surface_speed,1910,0.007318045447270076,0.006965800281614065,0.007742373552173376
rmse,climatology,surface_speed,1920,0.007259317580610514,0.006962374318391085,0.007503477949649095
rmse,climatology,surface_speed,1930,0.007304453601439794,0.007044102344661951,0.007610643468797207
rmse,climatology,surface_speed,1940,0.007331070924798648,0.007055896148085594,0.007730045914649963
rmse,climatology,surface_speed,1950,0.0072417261078953745,0.0068069231696426865,0.007564735598862171
rmse,climatology,surface_speed,1960,0.007250477218379577,0.006812827475368976,0.0076209851540625095
rmse,climatology,surface_speed,1970,0.007289460394531488,0.007033887319266796,0.00766619648784399
rmse,climatology,surface_speed,1980,0.0072913761250674725,0.00698644071817398,0.007637431006878614
rmse,climatology,surface_speed,1990,0.0072996058190862335,0.006816967017948627,0.007708433456718922
rmse,climatology,surface_speed,2000,0.007307568471878767,0.006987149454653263,0.007558172196149826
rmse,persistence,surface_speed,0,0.0,0.0,0.0
rmse,persistence,surface_speed,10,0.005117929261177778,0.0049051265232264996,0.0053129193373024465
rmse,persistence,surface_speed,20,0.007930428441613912,0.00776778170838952,0.008181829005479813
rmse,persistence,surface_speed,30,0.010103668520847956,0.009759779460728169,0.010515865124762058
rmse,persistence,surface_speed,40,0.01212510404487451,0.011808417923748493,0.012578933499753475
rmse,persistence,surface_speed,50,0.01276982929557562,0.01233400646597147,0.0131093580275774
rmse,persistence,surface_speed,60,0.012818408819536367,0.012296739593148231,0.013196835853159427
rmse,persistence,surface_speed,70,0.012430967142184576,0.011750931479036808,0.01289383377879858
rmse,persistence,surface_speed,80,0.011364118754863739,0.010644864849746227,0.012120798975229264
rmse,persistence,surface_speed,90,0.010225148933629195,0.00964240226894617,0.011115080676972866
rmse,persistence,surface_speed,100,0.0091072761764129,0.00837339237332344,0.010364561155438424
rmse,persistence,surface_speed,110,0.009024026493231455,0.008190164156258107,0.009881310909986497
rmse,persistence,surface_speed,120,0.009436104508737723,0.0089001402258873,0.009943580627441407
rmse,persistence,surface_speed,130,0.009947705268859863,0.009676499851047992,0.010243462957441806
rmse,persistence,surface_speed,140,0.01095401675750812,0.010498224571347237,0.011305451579391956
rmse,persistence,surface_speed,150,0.010785694668690364,0.010530954599380494,0.01116039715707302
rmse,persistence,surface_speed,160,0.010379295361538728,0.01014330368489027,0.01073298379778862
rmse,persistence,surface_speed,170,0.01036259587854147,0.010154666006565094,0.010624618828296661
rmse,persistence,surface_speed,180,0.009362060949206353,0.008860214240849018,0.00982823185622692
rmse,persistence,surface_speed,190,0.009140235930681228,0.008304190449416637,0.009860965050756931
rmse,persistence,surface_speed,200,0.009634674340486527,0.00864534880965948,0.010328053683042526
rmse,persistence,surface_speed,210,0.010096665720144908,0.009107943437993527,0.010876224562525749
rmse,persistence,surface_speed,220,0.011284378233055274,0.010406548902392388,0.012200762517750263
rmse,persistence,surface_speed,230,0.012265419214963913,0.01152518168091774,0.012863155640661716
rmse,persistence,surface_speed,240,0.01286468505859375,0.0121110862120986,0.013348024524748325
rmse,persistence,surface_speed,250,0.01298084557056427,0.012500921078026295,0.013509208895266056
rmse,persistence,surface_speed,260,0.012410591046015421,0.011898953467607498,0.012781578116118908
rmse,persistence,surface_speed,270,0.011287032254040241,0.01064589899033308,0.011933538317680358
rmse,persistence,surface_speed,280,0.008882566168904305,0.00849857684224844,0.00927825141698122
rmse,persistence,surface_speed,290,0.006215991762777169,0.005849302001297474,0.00657270634546876
rmse,persistence,surface_speed,300,0.004090590014432867,0.003705944772809744,0.004393234755843878
rmse,persistence,surface_speed,310,0.002558380427459876,0.0023882498033344747,0.0027167916297912596
rmse,persistence,surface_speed,320,0.006549854452411334,0.006244268454611302,0.006805075332522392
rmse,persistence,surface_speed,330,0.009477580214540164,0.009277508966624737,0.0097643680870533
rmse,persistence,surface_speed,340,0.011119787581264973,0.01076651643961668,0.011480481550097465
rmse,persistence,surface_speed,350,0.012628452417751153,0.01230093240737915,0.01310141533613205
rmse,persistence,surface_speed,360,0.012929985920588175,0.01251653376966715,0.01331388410180807
rmse,persistence,surface_speed,370,0.012494575915237267,0.01192274522036314,0.012874787300825119
rmse,persistence,surface_speed,380,0.011851697477201622,0.01110773328691721,0.012492498010396957
rmse,persistence,surface_speed,390,0.010660447304447492,0.00979253426194191,0.011529899947345257
rmse,persistence,surface_speed,400,0.009638273095091184,0.008715705759823323,0.01064617931842804
rmse,persistence,surface_speed,410,0.008962686794499556,0.008136926591396332,0.010218202508985997
rmse,persistence,surface_speed,420,0.009344401520987351,0.008787737414240836,0.010085272789001464
rmse,persistence,surface_speed,430,0.010192868672311306,0.009713987074792384,0.010687737539410592
rmse,persistence,surface_speed,440,0.010576294548809529,0.01032763123512268,0.010848388448357582
rmse,persistence,surface_speed,450,0.011235746555030346,0.010735207796096801,0.01158068422228098
rmse,persistence,surface_speed,460,0.010874259658157826,0.010582679882645607,0.011262680217623711
rmse,persistence,surface_speed,470,0.00983070433139801,0.00959388017654419,0.010072689689695834
rmse,persistence,surface_speed,480,0.009690911509096622,0.009468228742480277,0.009993690811097623
rmse,persistence,surface_speed,490,0.00895552063981692,0.00810981821268797,0.009650426544249057
rmse,persistence,surface_speed,500,0.008929518299798172,0.007908059563487769,0.009797703847289086
rmse,persistence,surface_speed,510,0.010001172684133053,0.008964738994836807,0.010757967084646224
rmse,persistence,surface_speed,520,0.010764372224609057,0.009935535117983818,0.011512747965753078
rmse,persistence,surface_speed,530,0.011858426282803218,0.011026107892394065,0.012626580335199833
rmse,persistence,surface_speed,540,0.01274410430341959,0.012166775204241276,0.013377893529832364
rmse,persistence,surface_speed,550,0.01302021462470293,0.012359253130853176,0.013531494699418545
rmse,persistence,surface_speed,560,0.012765298162897428,0.012298358231782913,0.013207236863672733
rmse,persistence,surface_speed,570,0.011714249663054944,0.011270350590348244,0.012002719938755036
rmse,persistence,surface_speed,580,0.010175611513356367,0.009565225802361965,0.01088786292821169
rmse,persistence,surface_speed,590,0.007566032869120439,0.007124908827245235,0.00805151518434286
rmse,persistence,surface_speed,600,0.004688967236628135,0.004431933909654617,0.005087501741945744
rmse,persistence,surface_speed,610,0.004233543404067556,0.003693395480513573,0.0046472144313156605
rmse,persistence,surface_speed,620,0.004872418784846862,0.004611395485699177,0.005146725289523602
rmse,persistence,surface_speed,630,0.007915973104536534,0.0075910490937531,0.008208085037767886
rmse,persistence,surface_speed,640,0.010657358479996522,0.010416579246520997,0.010985298827290536
rmse,persistence,surface_speed,650,0.011817480127016703,0.011432435922324657,0.01212978083640337
rmse,persistence,surface_speed,660,0.012768261693418026,0.012362520396709441,0.013282859325408935
rmse,persistence,surface_speed,670,0.012817546042303245,0.012378383614122867,0.013242042995989323
rmse,persistence,surface_speed,680,0.011982140131294727,0.01139570977538824,0.012508685141801834
rmse,persistence,surface_speed,690,0.011154688708484174,0.010377678088843822,0.011958088539540768
rmse,persistence,surface_speed,700,0.010015039518475533,0.009062765352427959,0.010900471732020378
rmse,persistence,surface_speed,710,0.009237597758571307,0.008106105588376522,0.010177381336688995
rmse,persistence,surface_speed,720,0.009139913196365038,0.008217897638678551,0.010207580029964447
rmse,persistence,surface_speed,730,0.009816089272499084,0.00943233035504818,0.01036542747169733
rmse,persistence,surface_speed,740,0.010825182062884171,0.010303469002246856,0.011331572569906712
rmse,persistence,surface_speed,750,0.011018795147538184,0.01077438984066248,0.011246796324849128
rmse,persistence,surface_speed,760,0.011197876061002414,0.01075391359627247,0.011595153994858266
rmse,persistence,surface_speed,770,0.010702701471745967,0.010366270318627357,0.011078150570392608
rmse,persistence,surface_speed,780,0.009231562726199627,0.008973943069577217,0.009435285814106464
rmse,persistence,surface_speed,790,0.009019815052549044,0.008570613525807857,0.009279993548989295
rmse,persistence,surface_speed,800,0.008841712027788162,0.007747930474579334,0.009694000519812108
rmse,persistence,surface_speed,810,0.009094854351133108,0.007950192503631114,0.009971006400883197
rmse,persistence,surface_speed,820,0.01053777951747179,0.00957357082515955,0.01140360850840807
rmse,persistence,surface_speed,830,0.011469006662567456,0.010757599771022797,0.012168170884251595
rmse,persistence,surface_speed,840,0.01233570110052824,0.011605964414775372,0.01291418019682169
rmse,persistence,surface_speed,850,0.013008664610485237,0.012597142159938813,0.01363584864884615
rmse,persistence,surface_speed,860,0.012910802972813447,0.012347870506346226,0.013404112495481967
rmse,persistence,surface_speed,870,0.012241997197270394,0.01174682006239891,0.012723393179476261
rmse,persistence,surface_speed,880,0.010724776362379392,0.010406677424907685,0.011067146249115468
rmse,persistence,surface_speed,890,0.008806539482126634,0.008241931535303592,0.00951106045395136
rmse,persistence,surface_speed,900,0.006283377421398958,0.005761488061398268,0.006899828277528286
rmse,persistence,surface_speed,910,0.0038719302664200466,0.0034201028756797314,0.0042645327746868135
rmse,persistence,surface_speed,920,0.00532884451871117,0.00480269081890583,0.005706297140568495
rmse,persistence,surface_speed,930,0.006952715292572975,0.006638222932815551,0.007307035010308027
rmse,persistence,surface_speed,940,0.00919587022314469,0.008919165283441544,0.009533959999680519
rmse,persistence,surface_speed,950,0.01152642834931612,0.011247019842267036,0.011877820268273354
rmse,persistence,surface_speed,960,0.012259234860539436,0.011795056425035,0.012517254799604416
rmse,persistence,surface_speed,970,0.012644392810761929,0.012146738916635513,0.013159071281552314
rmse,persistence,surface_speed,980,0.012452471318344276,0.011880755238234997,0.012912101484835148
rmse,persistence,surface_speed,990,0.011323950936396916,0.01062040589749813,0.011977417580783366
rmse,persistence,surface_speed,1000,0.010389986323813598,0.00970334354788065,0.011337639950215816
rmse,persistence,surface_speed,1010,0.009493909155329069,0.008561821654438972,0.010611341893672943
rmse,persistence,surface_speed,1020,0.009113566391170025,0.008022056892514229,0.009938043542206287
rmse,persistence,surface_speed,1030,0.009575207345187664,0.00878343228250742,0.010323790647089482
rmse,persistence,surface_speed,1040,0.010380811927219232,0.009970451705157757,0.010802356153726577
rmse,persistence,surface_speed,1050,0.011295496920744578,0.010816045477986336,0.011839861422777176
rmse,persistence,surface_speed,1060,0.011256699077785015,0.01095883660018444,0.011558436788618565
rmse,persistence,surface_speed,1070,0.010935717821121215,0.010544681921601295,0.011245371028780937
rmse,persistence,surface_speed,1080,0.010317025023202102,0.009946417808532716,0.010604546032845974
rmse,persistence,surface_speed,1090,0.008696668098370235,0.008248544856905937,0.009044843167066574
rmse,persistence,surface_speed,1100,0.008521510505427916,0.007763505820184946,0.008996800892055035
rmse,persistence,surface_speed,1110,0.009020596059660118,0.007839730195701122,0.009915385395288467
rmse,persistence,surface_speed,1120,0.009594821992019812,0.008414262346923352,0.010453685186803341
rmse,persistence,surface_speed,1130,0.011158801739414533,0.01032168436795473,0.01202804148197174
rmse,persistence,surface_speed,1140,0.012115341300765673,0.01145145669579506,0.01270258091390133
rmse,persistence,surface_speed,1150,0.012681737480064233,0.011943308636546135,0.013097454980015754
rmse,persistence,surface_speed,1160,0.013031792516509691,0.012677005864679814,0.013556301966309548
rmse,persistence,surface_speed,1170,0.012513276189565659,0.012065260112285614,0.012936695851385594
rmse,persistence,surface_speed,1180,0.011382705718278884,0.010870185308158397,0.011982832476496697
rmse,persistence,surface_speed,1190,0.009441455081105232,0.008996418677270412,0.009877701476216316
rmse,persistence,surface_speed,1200,0.007281019166111946,0.006732237432152033,0.007870794832706451
rmse,persistence,surface_speed,1210,0.005312148109078407,0.004726987611502409,0.0060708348639309405
rmse,persistence,surface_speed,1220,0.004435062548145652,0.0039294961839914325,0.004927911516278982
rmse,persistence,surface_speed,1230,0.006909066749115785,0.0065051928162574765,0.007237543445080518
rmse,persistence,surface_speed,1240,0.008759218268096447,0.008456016890704632,0.009092661179602146
rmse,persistence,surface_speed,1250,0.010336911119520665,0.00992567539215088,0.010745951719582082
rmse,persistence,surface_speed,1260,0.01211240670333306,0.011675732955336571,0.012467066384851932
rmse,persistence,surface_speed,1270,0.012425393983721732,0.011886462196707725,0.012753744795918464
rmse,persistence,surface_speed,1280,0.012295062032838663,0.011712476797401904,0.012760728038847447
rmse,persistence,surface_speed,1290,0.011853211186826229,0.011213055066764354,0.012404556944966316
rmse,persistence,surface_speed,1300,0.010552717993656794,0.009675361216068268,0.011356383375823498
rmse,persistence,surface_speed,1310,0.00967429851492246,0.00892766211181879,0.010601920075714588
rmse,persistence,surface_speed,1320,0.009220722131431103,0.00844470839947462,0.010594173707067967
rmse,persistence,surface_speed,1330,0.009337099579473337,0.008482027053833007,0.009995875507593155
rmse,persistence,surface_speed,1340,0.010170601618786653,0.009515480697154998,0.010712542571127415
rmse,persistence,surface_speed,1350,0.010937998319665592,0.010588707588613033,0.011354748532176018
rmse,persistence,surface_speed,1360,0.011583137325942516,0.011107134073972702,0.012100077420473098
rmse,persistence,surface_speed,1370,0.011245108954608441,0.010908124409615994,0.011624730192124844
rmse,persistence,surface_speed,1380,0.010510233355065186,0.01015764642506838,0.010698576830327511
rmse,persistence,surface_speed,1390,0.009808823155860106,0.009341784194111824,0.010137569904327393
rmse,persistence,surface_speed,1400,0.008305211272090673,0.007500454038381577,0.008858274854719638
rmse,persistence,surface_speed,1410,0.008387616618225973,0.007292945869266987,0.00906262844800949
rmse,persistence,surface_speed,1420,0.009469366570313772,0.008309854753315448,0.010332691483199596
rmse,persistence,surface_speed,1430,0.010298183312018712,0.009230859577655792,0.011104021221399307
rmse,persistence,surface_speed,1440,0.011792487713197868,0.011040241271257401,0.012567371688783168
rmse,persistence,surface_speed,1450,0.01261604279279709,0.011958912946283817,0.013102278858423234
rmse,persistence,surface_speed,1460,0.012833980719248454,0.012117450870573521,0.013149384781718254
rmse,persistence,surface_speed,1470,0.01276902500540018,0.012379159592092038,0.01318523809313774
rmse,persistence,surface_speed,1480,0.011782517718772093,0.01140831932425499,0.012132919952273368
rmse,persistence,surface_speed,1490,0.010183377750217914,0.009658758528530598,0.010886091552674771
rmse,persistence,surface_speed,1500,0.007924107679476341,0.00733094047755003,0.008547571487724781
rmse,persistence,surface_speed,1510,0.005908691914131244,0.005292479135096073,0.006382493954151869
rmse,persistence,surface_speed,1520,0.005219792885084947,0.004596731625497341,0.0060243472456932064
rmse,persistence,surface_speed,1530,0.006002094130963087,0.005680023226886988,0.0063666184432804585
rmse,persistence,surface_speed,1540,0.008585247707863649,0.00820067897439003,0.008873590640723706
rmse,persistence,surface_speed,1550,0.010220492879549662,0.009937143512070179,0.010517282970249653
rmse,persistence,surface_speed,1560,0.011223249696195125,0.010720951296389104,0.011563556082546712
rmse,persistence,surface_speed,1570,0.012403607865174611,0.011822210997343064,0.012699110992252826
rmse,persistence,surface_speed,1580,0.012282402006288369,0.01171853020787239,0.012706770561635494
rmse,persistence,surface_speed,1590,0.011738838131229083,0.011046431958675385,0.012239940091967582
rmse,persistence,surface_speed,1600,0.011077408803006013,0.010342918895184993,0.011863445863127708
rmse,persistence,surface_speed,1610,0.009763219207525254,0.00872912835329771,0.010661271587014198
rmse,persistence,surface_speed,1620,0.009197968710213899,0.00830838419497013,0.010289902798831463
rmse,persistence,surface_speed,1630,0.009300897394617398,0.008667160198092461,0.010481970757246018
rmse,persistence,surface_speed,1640,0.009851936437189578,0.009243559464812279,0.01029253751039505
rmse,persistence,surface_speed,1650,0.010797280445694923,0.010284961946308614,0.011301990039646626
rmse,persistence,surface_speed,1660,0.011368341992298763,0.011032960191369057,0.011771782115101815
rmse,persistence,surface_speed,1670,0.011643307904402414,0.011246866919100285,0.012122062966227531
rmse,persistence,surface_speed,1680,0.010961724817752838,0.010600363649427891,0.01136145442724228
rmse,persistence,surface_speed,1690,0.009973584736386935,0.00962615516036749,0.010230028070509434
rmse,persistence,surface_speed,1700,0.009312100025514762,0.00869626048952341,0.00978070441633463
rmse,persistence,surface_speed,1710,0.00814556535333395,0.007024169620126486,0.00889658611267805
rmse,persistence,surface_speed,1720,0.008699715106437604,0.007425521314144134,0.00946116168051958
rmse,persistence,surface_speed,1730,0.010121266605953376,0.009051870927214623,0.010909038223326206
rmse,persistence,surface_speed,1740,0.011050920809308688,0.01017319280654192,0.011780657432973385
rmse,persistence,surface_speed,1750,0.012370072181026141,0.01186018604785204,0.01302153840661049
rmse,persistence,surface_speed,1760,0.012895413922766845,0.012330331839621067,0.013302507065236568
rmse,persistence,surface_speed,1770,0.012712291441857815,0.012031269632279873,0.0130739226937294
rmse,persistence,surface_speed,1780,0.012170809196929137,0.011802680790424347,0.01256711445748806
rmse,persistence,surface_speed,1790,0.010681111986438433,0.010370135866105556,0.010999420657753944
rmse,persistence,surface_speed,1800,0.008684164968629678,0.008172309771180154,0.009471225179731846
rmse,persistence,surface_speed,1810,0.0063698001826802885,0.005700938124209643,0.007247982919216156
rmse,persistence,surface_speed,1820,0.0052854586703081925,0.004573639761656523,0.005852760653942824
rmse,persistence,surface_speed,1830,0.006219573287914197,0.005678972322493791,0.006956096738576889
rmse,persistence,surface_speed,1840,0.00781479775905609,0.007512514851987362,0.008098468370735645
rmse,persistence,surface_speed,1850,0.01011276946713527,0.009680393524467945,0.010410778596997261
rmse,persistence,surface_speed,1860,0.011283423254887263,0.010959776677191257,0.011613176576793194
rmse,persistence,surface_speed,1870,0.011752418366571267,0.011203638650476933,0.012048060074448586
rmse,persistence,surface_speed,1880,0.012380338770647844,0.011747195199131966,0.012751916237175465
rmse,persistence,surface_speed,1890,0.011815535587569077,0.011259596422314644,0.012377893924713135
rmse,persistence,surface_speed,1900,0.010983828579386075,0.010221721790730953,0.011596738733351231
rmse,persistence,surface_speed,1910,0.010232082506020864,0.009360376931726932,0.011334388144314289
rmse,persistence,surface_speed,1920,0.00912576929355661,0.00803366731852293,0.010219119675457477
rmse,persistence,surface_speed,1930,0.009119769744575023,0.008144066669046879,0.01017702855169773
rmse,persistence,surface_speed,1940,0.00974456537514925,0.009277535043656826,0.010555750876665115
rmse,persistence,surface_speed,1950,0.010523553130527337,0.010047214478254319,0.010907875373959541
rmse,persistence,surface_speed,1960,0.011318159786363443,0.010880524292588234,0.011756613850593567
rmse,persistence,surface_speed,1970,0.011564646288752556,0.011288315616548061,0.011917508579790593
rmse,persistence,surface_speed,1980,0.011457864629725615,0.01105618868023157,0.011901388503611087
rmse,persistence,surface_speed,1990,0.010458914190530777,0.010135559737682343,0.010878934897482396
rmse,persistence,surface_speed,2000,0.00940948079029719,0.009043115004897118,0.009865785390138626
rmse,model,phihyd_surface,0,0.0,0.0,0.0
rmse,model,phihyd_surface,10,0.023937503124276796,0.02250155955553055,0.026370292529463768
rmse,model,phihyd_surface,20,0.03073145200808843,0.02916039377450943,0.03325641080737114
rmse,model,phihyd_surface,30,0.0337578655531009,0.031838344782590865,0.036233119666576385
rmse,model,phihyd_surface,40,0.03532788058121999,0.033202093094587326,0.03789285495877266
rmse,model,phihyd_surface,50,0.0364681842426459,0.034498289972543714,0.03904803991317749
rmse,model,phihyd_surface,60,0.03782974680264791,0.035487397015094756,0.040474945306777955
rmse,model,phihyd_surface,70,0.039399502178033195,0.03686783090233803,0.04242344126105309
rmse,model,phihyd_surface,80,0.040896848092476526,0.03844717219471931,0.043580333888530734
rmse,model,phihyd_surface,90,0.042462238917748134,0.039797978848218916,0.045135799795389175
rmse,model,phihyd_surface,100,0.04427499398589134,0.04154967218637466,0.04705282971262932
rmse,model,phihyd_surface,110,0.04660933042565982,0.04364047423005104,0.04886186793446541
rmse,model,phihyd_surface,120,0.04891658251484235,0.04586576819419861,0.05139872655272484
rmse,model,phihyd_surface,130,0.05126087839404742,0.048347807675600055,0.05452005118131638
rmse,model,phihyd_surface,140,0.05403581137458483,0.05121120512485504,0.05719902142882347
rmse,model,phihyd_surface,150,0.05691214178999265,0.05382189229130745,0.05982854440808296
rmse,model,phihyd_surface,160,0.059660968681176506,0.056675417721271514,0.06272360980510712
rmse,model,phihyd_surface,170,0.062365215023358664,0.05903053432703018,0.06545533388853073
rmse,model,phihyd_surface,180,0.06522833655277888,0.0616035521030426,0.06857889592647552
rmse,model,phihyd_surface,190,0.06825642188390096,0.0642666608095169,0.07198607623577118
rmse,model,phihyd_surface,200,0.07099594374497732,0.06665268242359161,0.07477745413780212
rmse,model,phihyd_surface,210,0.07378323674201966,0.06921676844358444,0.07775519043207169
rmse,model,phihyd_surface,220,0.07674838503201803,0.07206481695175171,0.08115633130073548
rmse,model,phihyd_surface,230,0.079709525903066,0.0743901863694191,0.08405904471874237
rmse,model,phihyd_surface,240,0.08231513053178788,0.07696652859449386,0.08623998016119003
rmse,model,phihyd_surface,250,0.08482137024402618,0.08042817860841751,0.08874146193265915
rmse,model,phihyd_surface,260,0.0875760888059934,0.08336380273103713,0.09084562361240386
rmse,model,phihyd_surface,270,0.09023277014493943,0.08628085404634475,0.09338353127241135
rmse,model,phihyd_surface,280,0.09242618680000306,0.08883722871541977,0.09568643569946289
rmse,model,phihyd_surface,290,0.09455939481655756,0.09102096557617187,0.09764586091041565
rmse,model,phihyd_surface,300,0.09681334048509598,0.09321753084659576,0.10041462630033493
rmse,model,phihyd_surface,310,0.09905082831780115,0.09514885395765305,0.10296659618616104
rmse,model,phihyd_surface,320,0.101153531173865,0.09709833562374115,0.10463174730539322
rmse,model,phihyd_surface,330,0.10281996279954911,0.09882900267839431,0.10577604323625564
rmse,model,phihyd_surface,340,0.1047188734014829,0.10069368034601212,0.10753998607397079
rmse,model,phihyd_surface,350,0.10688401957352957,0.10303891897201538,0.10916670709848404
rmse,model,phihyd_surface,360,0.10864186584949494,0.10495671182870865,0.11125262677669526
rmse,model,phihyd_surface,370,0.1101638674736023,0.10721148997545242,0.11225464791059495
rmse,model,phihyd_surface,380,0.11197342922290167,0.10921754986047745,0.11416913270950317
rmse,model,phihyd_surface,390,0.1137131318449974,0.11126233637332916,0.11700847446918487
rmse,model,phihyd_surface,400,0.11516924252112706,0.11324716657400132,0.11856111735105515
rmse,model,phihyd_surface,410,0.11646202405293783,0.11464974135160447,0.11946641653776169
rmse,model,phihyd_surface,420,0.1178239956498146,0.11560451537370682,0.1208968237042427
rmse,model,phihyd_surface,430,0.11924640685319901,0.11683579534292221,0.12254186570644379
rmse,model,phihyd_surface,440,0.12035619368155798,0.1174848809838295,0.12277924120426179
rmse,model,phihyd_surface,450,0.12136037002007166,0.11881328970193863,0.12396429926156997
rmse,model,phihyd_surface,460,0.12240267743666967,0.11959251463413238,0.12460960149765014
rmse,model,phihyd_surface,470,0.12358687072992325,0.12073351591825485,0.1255940705537796
rmse,model,phihyd_surface,480,0.1246598834792773,0.12264245152473449,0.12741301953792572
rmse,model,phihyd_surface,490,0.12544222871462504,0.12261120826005936,0.128355473279953
rmse,model,phihyd_surface,500,0.12652676105499266,0.12428456395864487,0.12928106188774108
rmse,model,phihyd_surface,510,0.12778834998607635,0.12554339170455933,0.13064320683479308
rmse,model,phihyd_surface,520,0.1287416805823644,0.12655938565731048,0.13080605268478393
rmse,model,phihyd_surface,530,0.12965133686860403,0.12794997692108154,0.13140341639518738
rmse,model,phihyd_surface,540,0.13072276612122855,0.12911074459552765,0.132477805018425
rmse,model,phihyd_surface,550,0.13175301551818847,0.12967724204063416,0.1345684975385666
rmse,model,phihyd_surface,560,0.13272489209969837,0.12999549508094788,0.13501622676849365
rmse,model,phihyd_surface,570,0.13341103394826254,0.13125889003276825,0.13515114784240723
rmse,model,phihyd_surface,580,0.1341576834519704,0.13220216929912568,0.1360680103302002
rmse,model,phihyd_surface,590,0.1349517563978831,0.13290086388587952,0.13672250807285308
rmse,model,phihyd_surface,600,0.13563049236933392,0.1338439792394638,0.13732643127441407
rmse,model,phihyd_surface,610,0.13650622765223186,0.13511654436588288,0.1381807655096054
rmse,model,phihyd_surface,620,0.13726396361986795,0.13556062281131745,0.13887546062469483
rmse,model,phihyd_surface,630,0.13816109200318655,0.13652234077453612,0.1400374263525009
rmse,model,phihyd_surface,640,0.1390173465013504,0.1377190351486206,0.1410257935523987
rmse,model,phihyd_surface,650,0.13944621483484904,0.13788503408432007,0.141926109790802
rmse,model,phihyd_surface,660,0.1400347133477529,0.13858392536640168,0.1421447604894638
rmse,model,phihyd_surface,670,0.14090512990951537,0.1392345130443573,0.14293659031391143
rmse,model,phihyd_surface,680,0.14125690758228301,0.1390894591808319,0.14407876133918762
rmse,model,phihyd_surface,690,0.14179509083429973,0.13877141773700713,0.14453600645065307
rmse,model,phihyd_surface,700,0.14241067667802174,0.13952203691005707,0.14515403509140015
rmse,model,phihyd_surface,710,0.14272597134113313,0.13981159627437592,0.14576887488365173
rmse,model,phihyd_surface,720,0.143335156639417,0.13986798822879792,0.1458920419216156
rmse,model,phihyd_surface,730,0.14372620781262715,0.14066432118415834,0.14595195651054382
rmse,model,phihyd_surface,740,0.14418583512306213,0.14109768271446227,0.1464787393808365
rmse,model,phihyd_surface,750,0.14476205905278525,0.14249078333377838,0.14679329097270966
rmse,model,phihyd_surface,760,0.14495460788408915,0.1430295616388321,0.14688022136688234
rmse,model,phihyd_surface,770,0.1453771342833837,0.14334897696971893,0.1473021239042282
rmse,model,phihyd_surface,780,0.14580561717351279,0.14367913603782653,0.1479632705450058
rmse,model,phihyd_surface,790,0.1464003711938858,0.1442420870065689,0.14920553267002107
rmse,model,phihyd_surface,800,0.14686479369799296,0.14451492130756377,0.14964571297168733
rmse,model,phihyd_surface,810,0.14704269568125408,0.14470867216587066,0.15007657706737518
rmse,model,phihyd_surface,820,0.14735888640085856,0.1446646362543106,0.15019010305404662
rmse,model,phihyd_surface,830,0.14776137073834736,0.1449846625328064,0.15026762187480927
rmse,model,phihyd_surface,840,0.14787406822045643,0.144843927025795,0.15105375051498413
rmse,model,phihyd_surface,850,0.14823568761348724,0.14487338960170745,0.15146065950393678
rmse,model,phihyd_surface,860,0.14848534166812896,0.1454772561788559,0.15158458948135375
rmse,model,phihyd_surface,870,0.14861137568950653,0.14575183987617493,0.15149303674697875
rmse,model,phihyd_surface,880,0.1488264520963033,0.14591751396656036,0.15149590075016023
rmse,model,phihyd_surface,890,0.1489664574464162,0.14637126326560973,0.15167557895183564
rmse,model,phihyd_surface,900,0.14931097030639648,0.1470154583454132,0.15158344209194183
rmse,model,phihyd_surface,910,0.1496044675509135,0.14773994982242583,0.1522021025419235
rmse,model,phihyd_surface,920,0.14974939624468486,0.14781686961650847,0.15219162702560424
rmse,model,phihyd_surface,930,0.15017049809296926,0.1482590228319168,0.15240187346935272
rmse,model,phihyd_surface,940,0.1504242092370987,0.14834230542182922,0.15280815660953523
rmse,model,phihyd_surface,950,0.15081721246242524,0.1485310435295105,0.15354441106319427
rmse,model,phihyd_surface,960,0.15118184785048167,0.1488609254360199,0.15379845798015596
rmse,model,phihyd_surface,970,0.15144395232200622,0.14879468977451324,0.15433277785778046
rmse,model,phihyd_surface,980,0.15179889698823293,0.14910100698471068,0.15501580238342286
rmse,model,phihyd_surface,990,0.15203274091084798,0.149498051404953,0.155215847492218
rmse,model,phihyd_surface,1000,0.1523063768943151,0.14956855475902558,0.15533852577209473
rmse,model,phihyd_surface,1010,0.15265036324659984,0.15016452074050904,0.15570408403873442
rmse,model,phihyd_surface,1020,0.15270369748274484,0.14997556209564208,0.15565744042396545
rmse,model,phihyd_surface,1030,0.153008900086085,0.15025110244750978,0.1554260343313217
rmse,model,phihyd_surface,1040,0.15346703231334685,0.15098126232624054,0.15607658624649048
rmse,model,phihyd_surface,1050,0.15374912917613984,0.15093720853328704,0.15629319846630096
rmse,model,phihyd_surface,1060,0.15418435235818226,0.15178458392620087,0.1563342422246933
rmse,model,phihyd_surface,1070,0.1545163889726003,0.15209291875362396,0.1570080876350403
rmse,model,phihyd_surface,1080,0.15489125549793242,0.15244764983654022,0.15713184475898742
rmse,model,phihyd_surface,1090,0.15542983015378317,0.1529248684644699,0.15779234766960143
rmse,model,phihyd_surface,1100,0.15578892827033997,0.15342246890068054,0.1581954151391983
rmse,model,phihyd_surface,1110,0.15612644652525584,0.15401932895183562,0.15855562686920166
rmse,model,phihyd_surface,1120,0.15658326248327892,0.15412578582763672,0.15915706753730774
rmse,model,phihyd_surface,1130,0.15704753895600637,0.15465786457061767,0.15968993902206421
rmse,model,phihyd_surface,1140,0.15726484258969625,0.15546170771121978,0.1596622049808502
rmse,model,phihyd_surface,1150,0.15758001804351807,0.1550123393535614,0.15996327102184296
rmse,model,phihyd_surface,1160,0.158343110481898,0.15580452978610992,0.16106703579425813
rmse,model,phihyd_surface,1170,0.15871845384438832,0.15672258734703065,0.1619706779718399
rmse,model,phihyd_surface,1180,0.15894739429155985,0.15634979605674743,0.16196828484535217
rmse,model,phihyd_surface,1190,0.15952304502328238,0.15655944049358367,0.16242991089820863
rmse,model,phihyd_surface,1200,0.1598265786965688,0.15644885897636412,0.16386533677577972
rmse,model,phihyd_surface,1210,0.16010044713815053,0.15708819925785064,0.16375140845775604
rmse,model,phihyd_surface,1220,0.160612815618515,0.15804352462291718,0.16401953399181365
rmse,model,phihyd_surface,1230,0.16107250253359476,0.1575002819299698,0.16516605913639068
rmse,model,phihyd_surface,1240,0.16161630054314932,0.15738810300827027,0.16619428396224975
rmse,model,phihyd_surface,1250,0.16209275821844737,0.1582154631614685,0.16655739843845369
rmse,model,phihyd_surface,1260,0.1623594025770823,0.1584106981754303,0.16677146255970002
rmse,model,phihyd_surface,1270,0.16263997952143353,0.15832181870937348,0.16714538335800172
rmse,model,phihyd_surface,1280,0.16304201483726502,0.15966863930225372,0.1663247525691986
rmse,model,phihyd_surface,1290,0.16350229581197104,0.1601336866617203,0.16750894486904144
rmse,model,phihyd_surface,1300,0.16363997757434845,0.1603415220975876,0.16745276153087615
rmse,model,phihyd_surface,1310,0.1641862730185191,0.16023386120796204,0.1672340750694275
rmse,model,phihyd_surface,1320,0.1648048649231593,0.16009738445281982,0.16838575303554534
rmse,model,phihyd_surface,1330,0.16482512851556141,0.16098292469978331,0.1686536192893982
rmse,model,phihyd_surface,1340,0.1654573341210683,0.1617018461227417,0.16937476992607117
rmse,model,phihyd_surface,1350,0.16629083156585694,0.16225131154060363,0.16999908089637755
rmse,model,phihyd_surface,1360,0.16666695574919382,0.16285928785800935,0.1714649498462677
rmse,model,phihyd_surface,1370,0.16705229083697,0.1623875766992569,0.17186515033245087
rmse,model,phihyd_surface,1380,0.16752366920312245,0.16286490261554717,0.17131828665733337
rmse,model,phihyd_surface,1390,0.1681092192729314,0.16360592544078828,0.17262853384017945
rmse,model,phihyd_surface,1400,0.16876435577869414,0.16418085396289825,0.17366590201854706
rmse,model,phihyd_surface,1410,0.16901394426822663,0.1649882048368454,0.17273102700710297
rmse,model,phihyd_surface,1420,0.1694579432408015,0.1668556183576584,0.17312856912612914
rmse,model,phihyd_surface,1430,0.17002009054025014,0.16738605201244355,0.1733256071805954
rmse,model,phihyd_surface,1440,0.17059645454088848,0.16804421246051787,0.17310350835323335
rmse,model,phihyd_surface,1450,0.1710058550039927,0.16957234740257263,0.17391557693481446
rmse,model,phihyd_surface,1460,0.1715696781873703,0.1697467476129532,0.17458794713020326
rmse,model,phihyd_surface,1470,0.17266031503677368,0.16992595791816711,0.17613387405872344
rmse,model,phihyd_surface,1480,0.17343752980232238,0.16972530782222747,0.1776224821805954
rmse,model,phihyd_surface,1490,0.17354153494040173,0.16994115710258484,0.1786979615688324
rmse,model,phihyd_surface,1500,0.17415399154027303,0.17051091194152831,0.1794196367263794
rmse,model,phihyd_surface,1510,0.17518965899944305,0.17068829834461213,0.18051656782627107
rmse,model,phihyd_surface,1520,0.1756437967220942,0.17155010104179383,0.18275750279426575
rmse,model,phihyd_surface,1530,0.17583922743797303,0.17151600420475005,0.18308404386043547
rmse,model,phihyd_surface,1540,0.17620078126589458,0.1719075173139572,0.18272422552108764
rmse,model,phihyd_surface,1550,0.17686660289764405,0.17263610064983367,0.1830431789159775
rmse,model,phihyd_surface,1560,0.1774826427300771,0.17290882468223573,0.1841323345899582
rmse,model,phihyd_surface,1570,0.17752589682737988,0.1738805055618286,0.18369479477405548
rmse,model,phihyd_surface,1580,0.177789236108462,0.17403389215469361,0.18315961658954621
rmse,model,phihyd_surface,1590,0.17852635184923807,0.17446105182170868,0.1838484525680542
rmse,model,phihyd_surface,1600,0.17915557424227396,0.17562109231948853,0.184357687830925
rmse,model,phihyd_surface,1610,0.17920024891694386,0.17552592754364013,0.18406733870506287
rmse,model,phihyd_surface,1620,0.17947470446427663,0.17559164464473725,0.184462708234787
rmse,model,phihyd_surface,1630,0.18027574320634207,0.17575742304325104,0.18552789390087127
rmse,model,phihyd_surface,1640,0.18067657550175983,0.17612995505332946,0.18585390150547026
rmse,model,phihyd_surface,1650,0.18066742320855458,0.17718546986579894,0.1868441343307495
rmse,model,phihyd_surface,1660,0.18095550338427227,0.17708951830863953,0.18742232024669647
rmse,model,phihyd_surface,1670,0.18165274759133657,0.17739802300930024,0.18769218027591705
rmse,model,phihyd_surface,1680,0.18207139571507772,0.17837943136692047,0.1881496399641037
rmse,model,phihyd_surface,1690,0.18215992748737336,0.17904355823993684,0.18866896331310273
rmse,model,phihyd_surface,1700,0.1820815215508143,0.17884435057640075,0.18738868534564973
rmse,model,phihyd_surface,1710,0.1826631635427475,0.18005266189575195,0.18714882135391236
rmse,model,phihyd_surface,1720,0.18324452737967173,0.18056570291519164,0.18862438201904297
rmse,model,phihyd_surface,1730,0.1834114223718643,0.1801079362630844,0.1889084756374359
rmse,model,phihyd_surface,1740,0.1834470013777415,0.17843352854251862,0.18868138194084166
rmse,model,phihyd_surface,1750,0.18397383987903596,0.17819505631923677,0.18931755125522615
rmse,model,phihyd_surface,1760,0.18449237644672395,0.17995485067367553,0.19051600396633148
rmse,model,phihyd_surface,1770,0.18466196854909261,0.17935500144958497,0.1909205824136734
rmse,model,phihyd_surface,1780,0.184822412331899,0.17877948582172393,0.1916832745075226
rmse,model,phihyd_surface,1790,0.18533237079779308,0.17954027354717256,0.19304574728012086
rmse,model,phihyd_surface,1800,0.18564408520857492,0.18020912408828735,0.19299810528755187
rmse,model,phihyd_surface,1810,0.18571227093537648,0.18022448420524598,0.19345642924308776
rmse,model,phihyd_surface,1820,0.185835595925649,0.18094821870326996,0.19389735758304597
rmse,model,phihyd_surface,1830,0.1860853801170985,0.18129083514213562,0.1938410520553589
rmse,model,phihyd_surface,1840,0.18638914823532104,0.18114383816719054,0.19361177682876587
rmse,model,phihyd_surface,1850,0.18646760086218517,0.18123223781585693,0.19389806985855101
rmse,model,phihyd_surface,1860,0.18645317554473878,0.18168686628341674,0.19379588961601257
rmse,model,phihyd_surface,1870,0.1866715560356776,0.1808890998363495,0.19312277734279631
rmse,model,phihyd_surface,1880,0.18688376744588217,0.18068166077136993,0.19351184964179993
rmse,model,phihyd_surface,1890,0.18718132774035137,0.1819140285253525,0.19418832957744597
rmse,model,phihyd_surface,1900,0.1874222934246063,0.1811049610376358,0.19429921805858613
rmse,model,phihyd_surface,1910,0.18757252693176268,0.18042812049388884,0.19448714852333068
rmse,model,phihyd_surface,1920,0.1878876398007075,0.1817867487668991,0.19567137360572814
rmse,model,phihyd_surface,1930,0.18832502663135528,0.18330734968185425,0.19581194519996642
rmse,model,phihyd_surface,1940,0.18858469128608704,0.1831718474626541,0.19679693579673768
rmse,model,phihyd_surface,1950,0.1887285272280375,0.18284042179584503,0.19837673902511596
rmse,model,phihyd_surface,1960,0.18883938590685526,0.18273097276687622,0.19711818397045136
rmse,model,phihyd_surface,1970,0.18901246388753254,0.1841783791780472,0.19649746417999267
rmse,model,phihyd_surface,1980,0.1890183061361313,0.183262699842453,0.1973324179649353
rmse,model,phihyd_surface,1990,0.18909238378206888,0.18296805620193482,0.1965014696121216
rmse,model,phihyd_surface,2000,0.18933913707733155,0.18388378024101257,0.1961588442325592
rmse,climatology,phihyd_surface,0,0.06408709809184074,0.06236683800816536,0.0659743756055832
rmse,climatology,phihyd_surface,10,0.06403923581043879,0.062199652940034864,0.06624198704957962
rmse,climatology,phihyd_surface,20,0.06368708411852518,0.06191769987344742,0.0652494490146637
rmse,climatology,phihyd_surface,30,0.06407679691910743,0.06209306344389916,0.06472892612218857
rmse,climatology,phihyd_surface,40,0.06435034150878588,0.06265830099582673,0.06615601032972336
rmse,climatology,phihyd_surface,50,0.06421761438250542,0.06226329803466797,0.06615405678749084
rmse,climatology,phihyd_surface,60,0.06425575489799182,0.06243356019258499,0.06585997939109803
rmse,climatology,phihyd_surface,70,0.06476919651031494,0.06277289837598801,0.06699884682893753
rmse,climatology,phihyd_surface,80,0.06483185614148776,0.06263468787074089,0.06723107546567916
rmse,climatology,phihyd_surface,90,0.06460718363523484,0.06314138919115067,0.06603347212076187
rmse,climatology,phihyd_surface,100,0.0646634096900622,0.06277579814195633,0.06600654572248459
rmse,climatology,phihyd_surface,110,0.0650470661620299,0.063209767639637,0.06744946092367173
rmse,climatology,phihyd_surface,120,0.06518651296695073,0.06343446224927902,0.06706805229187011
rmse,climatology,phihyd_surface,130,0.06513215849796931,0.06371908783912658,0.06698221415281295
rmse,climatology,phihyd_surface,140,0.06518761217594146,0.06326237916946412,0.06771373748779297
rmse,climatology,phihyd_surface,150,0.06538537864883741,0.06377815008163452,0.06723983734846115
rmse,climatology,phihyd_surface,160,0.06559707721074422,0.06420519351959228,0.06771859377622605
rmse,climatology,phihyd_surface,170,0.06533876160780588,0.0632486492395401,0.06745661497116089
rmse,climatology,phihyd_surface,180,0.06528439496954282,0.06356458216905594,0.06697282493114472
rmse,climatology,phihyd_surface,190,0.06580122311909993,0.06373293548822404,0.06676543205976486
rmse,climatology,phihyd_surface,200,0.06588849226633707,0.06379606425762177,0.0681491032242775
rmse,climatology,phihyd_surface,210,0.06567123432954153,0.06417820900678635,0.06738390028476715
rmse,climatology,phihyd_surface,220,0.06596735368172328,0.06406376957893371,0.06765436679124832
rmse,climatology,phihyd_surface,230,0.06640647649765015,0.06465573459863663,0.06905760318040848
rmse,climatology,phihyd_surface,240,0.06624693671862285,0.06430395394563675,0.06816410273313522
rmse,climatology,phihyd_surface,250,0.06612840344508489,0.06454090774059296,0.06758939474821091
rmse,climatology,phihyd_surface,260,0.06634611735741297,0.0647577777504921,0.06806560456752778
rmse,climatology,phihyd_surface,270,0.06659319698810577,0.06452620923519134,0.06872093677520752
rmse,climatology,phihyd_surface,280,0.06654143383105596,0.06469038873910904,0.06778854727745057
rmse,climatology,phihyd_surface,290,0.06653579225142797,0.06492325067520141,0.06857983022928238
rmse,climatology,phihyd_surface,300,0.06673431545495986,0.06475895345211029,0.06915778070688247
rmse,climatology,phihyd_surface,310,0.0671103705962499,0.06542066335678101,0.06907543390989304
rmse,climatology,phihyd_surface,320,0.06716109017531077,0.065413498878479,0.06940276771783829
rmse,climatology,phihyd_surface,330,0.06677204022804896,0.06490936726331711,0.06845551282167435
rmse,climatology,phihyd_surface,340,0.0670338620742162,0.06505724638700486,0.06791052222251892
rmse,climatology,phihyd_surface,350,0.06743993063767752,0.06568538397550583,0.06900100111961364
rmse,climatology,phihyd_surface,360,0.06738149374723434,0.06515289098024368,0.06949085742235184
rmse,climatology,phihyd_surface,370,0.0673232485850652,0.06560692042112351,0.0688479334115982
rmse,climatology,phihyd_surface,380,0.06774769177039465,0.0657945603132248,0.06962935477495194
rmse,climatology,phihyd_surface,390,0.06792238006989161,0.06563998460769653,0.07047072201967239
rmse,climatology,phihyd_surface,400,0.06770520061254501,0.06625192910432816,0.06924681812524795
rmse,climatology,phihyd_surface,410,0.06771075129508972,0.06583045870065689,0.06903850436210632
rmse,climatology,phihyd_surface,420,0.06806123654047648,0.06628670692443847,0.07032072395086289
rmse,climatology,phihyd_surface,430,0.06826650649309159,0.0664423018693924,0.07023957818746566
rmse,climatology,phihyd_surface,440,0.06822818666696548,0.06666231453418732,0.0697934091091156
rmse,climatology,phihyd_surface,450,0.06823125779628754,0.06646702587604522,0.07053728401660919
rmse,climatology,phihyd_surface,460,0.06838484108448029,0.06686583161354065,0.07017329186201096
rmse,climatology,phihyd_surface,470,0.06867251892884572,0.06737985610961914,0.07053674161434173
rmse,climatology,phihyd_surface,480,0.06855496515830357,0.06662915945053101,0.07084838449954986
rmse,climatology,phihyd_surface,490,0.06838857382535934,0.06675178110599518,0.07025595903396606
rmse,climatology,phihyd_surface,500,0.06884741882483164,0.0670897588133812,0.06976562142372131
rmse,climatology,phihyd_surface,510,0.06898720214764277,0.06727259904146195,0.07112020403146743
rmse,climatology,phihyd_surface,520,0.0688148150841395,0.0671878382563591,0.07073588818311691
rmse,climatology,phihyd_surface,530,0.06896637827157974,0.06720747500658035,0.07049107849597931
rmse,climatology,phihyd_surface,540,0.0694789707660675,0.06764233261346816,0.0720386490225792
rmse,climatology,phihyd_surface,550,0.06943434029817581,0.06736276447772979,0.07158597111701966
rmse,climatology,phihyd_surface,560,0.0692347913980484,0.06770197302103043,0.07060557305812835
rmse,climatology,phihyd_surface,570,0.06936274021863938,0.06766534596681595,0.0707241952419281
rmse,climatology,phihyd_surface,580,0.06967995911836625,0.06757649928331375,0.07193054854869843
rmse,climatology,phihyd_surface,590,0.06966708749532699,0.06786633282899857,0.07113981544971466
rmse,climatology,phihyd_surface,600,0.06966241697470348,0.06815527528524398,0.07151813060045242
rmse,climatology,phihyd_surface,610,0.06983539462089539,0.06783132702112198,0.07232513874769211
rmse,climatology,phihyd_surface,620,0.07013955215613048,0.06862629801034928,0.07218977808952332
rmse,climatology,phihyd_surface,630,0.07028198391199111,0.0686160609126091,0.07251524329185485
rmse,climatology,phihyd_surface,640,0.06991968055566151,0.0680543452501297,0.07171589732170106
rmse,climatology,phihyd_surface,650,0.07001475940148036,0.06831883192062378,0.07124184221029281
rmse,climatology,phihyd_surface,660,0.07050904432932535,0.06857277899980545,0.07186961770057679
rmse,climatology,phihyd_surface,670,0.07054896354675293,0.06837980151176452,0.07272776365280151
rmse,climatology,phihyd_surface,680,0.07041299442450205,0.06883591711521149,0.07191630303859711
rmse,climatology,phihyd_surface,690,0.07074753940105438,0.06893987804651261,0.07258755564689637
rmse,climatology,phihyd_surface,700,0.0709964320063591,0.06881485283374786,0.07360224723815918
rmse,climatology,phihyd_surface,710,0.07080436944961548,0.06931101828813553,0.07260015159845352
rmse,climatology,phihyd_surface,720,0.07077833414077758,0.06905103474855423,0.07208616882562638
rmse,climatology,phihyd_surface,730,0.07106762876113255,0.06932965964078903,0.07308892011642457
rmse,climatology,phihyd_surface,740,0.07132814824581146,0.0695454716682434,0.0733707681298256
rmse,climatology,phihyd_surface,750,0.07133031785488128,0.06959786266088486,0.07270147651433945
rmse,climatology,phihyd_surface,760,0.07126236557960511,0.06977942436933518,0.07329986542463303
rmse,climatology,phihyd_surface,770,0.07137412379185358,0.06973602026700973,0.0732846975326538
rmse,climatology,phihyd_surface,780,0.0717180480559667,0.07028888463973999,0.07336894422769547
rmse,climatology,phihyd_surface,790,0.07172839641571045,0.0699369803071022,0.07404028177261353
rmse,climatology,phihyd_surface,800,0.07151560684045156,0.06984299272298813,0.0733790710568428
rmse,climatology,phihyd_surface,810,0.07187574903170267,0.06992586106061935,0.07274704873561859
rmse,climatology,phihyd_surface,820,0.07206876675287882,0.07054151445627213,0.07382362931966782
rmse,climatology,phihyd_surface,830,0.0719485546151797,0.07011665999889374,0.07395232170820236
rmse,climatology,phihyd_surface,840,0.07199382185935974,0.07040154486894608,0.07331167310476303
rmse,climatology,phihyd_surface,850,0.07250079164902369,0.0705954298377037,0.07487496882677078
rmse,climatology,phihyd_surface,860,0.07258001863956451,0.07049235999584198,0.07490675151348114
rmse,climatology,phihyd_surface,870,0.07234298586845397,0.07082688361406327,0.07361897826194763
rmse,climatology,phihyd_surface,880,0.07240206996599834,0.0707116812467575,0.07382092475891114
rmse,climatology,phihyd_surface,890,0.07272802193959554,0.07066671699285507,0.0749959722161293
rmse,climatology,phihyd_surface,900,0.07278223584095637,0.07113592326641083,0.07453817427158356
rmse,climatology,phihyd_surface,910,0.07277572651704152,0.07135231494903564,0.07457889765501022
rmse,climatology,phihyd_surface,920,0.07293268392483393,0.07098007500171662,0.07543626129627228
rmse,climatology,phihyd_surface,930,0.07315751562515894,0.0718046247959137,0.07521242648363113
rmse,climatology,phihyd_surface,940,0.0733569696545601,0.07178440243005753,0.07543178647756577
rmse,climatology,phihyd_surface,950,0.073072978357474,0.07125962525606155,0.07493209391832352
rmse,climatology,phihyd_surface,960,0.07302993883689245,0.07147411555051804,0.07458170652389526
rmse,climatology,phihyd_surface,970,0.07353506882985433,0.07153376787900925,0.07479174286127091
rmse,climatology,phihyd_surface,980,0.07367399136225382,0.07176107168197632,0.0758613869547844
rmse,climatology,phihyd_surface,990,0.07349895934263866,0.07200894504785538,0.07511157840490341
rmse,climatology,phihyd_surface,1000,0.07375925680001577,0.07203311622142791,0.07547846287488938
rmse,climatology,phihyd_surface,1010,0.07404615779717763,0.07209762036800385,0.07663563340902328
rmse,climatology,phihyd_surface,1020,0.07387010355790456,0.07221166044473648,0.07568618655204773
rmse,climatology,phihyd_surface,1030,0.07383639415105184,0.07232192158699036,0.07512520402669906
rmse,climatology,phihyd_surface,1040,0.07408110946416854,0.07240478247404099,0.07596511393785477
rmse,climatology,phihyd_surface,1050,0.07436061799526214,0.07241327613592148,0.07642846554517746
rmse,climatology,phihyd_surface,1060,0.07439368118842443,0.0726373940706253,0.07568161189556122
rmse,climatology,phihyd_surface,1070,0.07430492391188939,0.07297795414924621,0.07624315768480301
rmse,climatology,phihyd_surface,1080,0.07436277170976004,0.0726529449224472,0.07627415060997009
rmse,climatology,phihyd_surface,1090,0.07473324338595072,0.07330538630485535,0.07634793967008591
rmse,climatology,phihyd_surface,1100,0.07484814127286275,0.0731656789779663,0.07700738310813904
rmse,climatology,phihyd_surface,1110,0.07464001377423604,0.07286048531532288,0.07659870237112046
rmse,climatology,phihyd_surface,1120,0.07488774408896764,0.07292688935995102,0.0758030503988266
rmse,climatology,phihyd_surface,1130,0.07513973414897919,0.07331666499376296,0.07662685066461564
rmse,climatology,phihyd_surface,1140,0.07504371007283529,0.07304520606994629,0.07710538059473038
rmse,climatology,phihyd_surface,1150,0.07503574192523957,0.07352501899003983,0.07644259035587311
rmse,climatology,phihyd_surface,1160,0.07548969934384028,0.07386415898799896,0.07752307057380677
rmse,climatology,phihyd_surface,1170,0.07566656668980916,0.07349990606307984,0.07807556241750717
rmse,climatology,phihyd_surface,1180,0.07543411701917649,0.07386796325445175,0.07679669857025147
rmse,climatology,phihyd_surface,1190,0.07546376287937165,0.07363811284303665,0.07691388428211213
rmse,climatology,phihyd_surface,1200,0.07576839327812195,0.07376615405082702,0.07798903435468674
rmse,climatology,phihyd_surface,1210,0.07587670932213465,0.07414994835853576,0.07785517424345016
rmse,climatology,phihyd_surface,1220,0.07586193631092707,0.07452280968427658,0.077621690928936
rmse,climatology,phihyd_surface,1230,0.07601961195468902,0.07418374419212341,0.07848422527313233
rmse,climatology,phihyd_surface,1240,0.07617917905251186,0.07492235749959945,0.07819841057062149
rmse,climatology,phihyd_surface,1250,0.07640042106310527,0.07497350126504898,0.07828660160303116
rmse,climatology,phihyd_surface,1260,0.07620190729697546,0.07455329746007919,0.07814666330814361
rmse,climatology,phihyd_surface,1270,0.07608985950549443,0.07460976094007492,0.07784432470798493
rmse,climatology,phihyd_surface,1280,0.07654355118672053,0.07466842830181122,0.07779085040092468
rmse,climatology,phihyd_surface,1290,0.07675078312555948,0.07505997717380523,0.07890009582042694
rmse,climatology,phihyd_surface,1300,0.0765842154622078,0.07510721683502197,0.07831812500953675
rmse,climatology,phihyd_surface,1310,0.0768087367216746,0.075139220058918,0.07836401015520096
rmse,climatology,phihyd_surface,1320,0.07709086537361146,0.07523461133241653,0.0796707034111023
rmse,climatology,phihyd_surface,1330,0.07691098898649215,0.07520030736923218,0.07869704514741897
rmse,climatology,phihyd_surface,1340,0.07688969473044077,0.07541820853948593,0.07817736715078354
rmse,climatology,phihyd_surface,1350,0.07712933520476023,0.07542281895875931,0.07904568761587143
rmse,climatology,phihyd_surface,1360,0.07739416261514027,0.07539808899164199,0.079506815969944
rmse,climatology,phihyd_surface,1370,0.07743695129950841,0.0757632926106453,0.07868808209896087
rmse,climatology,phihyd_surface,1380,0.07736723522345225,0.07591117471456528,0.07934747487306595
rmse,climatology,phihyd_surface,1390,0.07736527919769287,0.07569723576307297,0.0792100891470909
rmse,climatology,phihyd_surface,1400,0.0777457003792127,0.07629274725914001,0.07936873883008957
rmse,climatology,phihyd_surface,1410,0.0779324471950531,0.0763582557439804,0.079999078810215
rmse,climatology,phihyd_surface,1420,0.07775263587633768,0.0759869858622551,0.07981770336627961
rmse,climatology,phihyd_surface,1430,0.07792146603266398,0.07620354145765304,0.0789363831281662
rmse,climatology,phihyd_surface,1440,0.07820415596167246,0.07625455260276795,0.07961990535259247
rmse,climatology,phihyd_surface,1450,0.07809584786494574,0.07607526928186417,0.08012257516384125
rmse,climatology,phihyd_surface,1460,0.07808209757010141,0.07661845088005066,0.07950122952461243
rmse,climatology,phihyd_surface,1470,0.07848498225212097,0.07689023315906525,0.08033146113157272
rmse,climatology,phihyd_surface,1480,0.0787032663822174,0.07655834853649139,0.08107153177261353
rmse,climatology,phihyd_surface,1490,0.07849774211645126,0.07692195475101471,0.07984636723995209
rmse,climatology,phihyd_surface,1500,0.07853879531224568,0.07670988142490387,0.0800091341137886
rmse,climatology,phihyd_surface,1510,0.07882512857516606,0.07678880095481873,0.08102998584508896
rmse,climatology,phihyd_surface,1520,0.07893491486708323,0.07717473953962325,0.08098396807909011
rmse,climatology,phihyd_surface,1530,0.07891374975442886,0.07761657685041427,0.0806584671139717
rmse,climatology,phihyd_surface,1540,0.07909721831480662,0.07739589959383011,0.08143797516822815
rmse,climatology,phihyd_surface,1550,0.07921433647473654,0.07795009911060333,0.08120060116052627
rmse,climatology,phihyd_surface,1560,0.07942618230978647,0.0781169056892395,0.08117253929376603
rmse,climatology,phihyd_surface,1570,0.07928201804558437,0.07769661098718643,0.0812174692749977
rmse,climatology,phihyd_surface,1580,0.07916047573089599,0.07776398360729217,0.0809787541627884
rmse,climatology,phihyd_surface,1590,0.07955627391735713,0.07769507765769959,0.08086737990379333
rmse,climatology,phihyd_surface,1600,0.07978444794813792,0.07823256105184555,0.08185904771089554
rmse,climatology,phihyd_surface,1610,0.07964466909567515,0.07816051095724105,0.08131375759840012
rmse,climatology,phihyd_surface,1620,0.07987219939629236,0.07822908461093903,0.08138716369867324
rmse,climatology,phihyd_surface,1630,0.08010376393795013,0.07825566977262496,0.08258547484874726
rmse,climatology,phihyd_surface,1640,0.07991517732540766,0.07824996560811996,0.08157885521650314
rmse,climatology,phihyd_surface,1650,0.07993031193812689,0.07840203642845153,0.08120153397321701
rmse,climatology,phihyd_surface,1660,0.08018304407596588,0.07849405705928802,0.08215218782424927
rmse,climatology,phihyd_surface,1670,0.08041104873021444,0.07839471846818924,0.08249317705631257
rmse,climatology,phihyd_surface,1680,0.08045334368944168,0.07891622185707092,0.08162679076194763
rmse,climatology,phihyd_surface,1690,0.08040297925472259,0.07889807224273682,0.08232193291187287
rmse,climatology,phihyd_surface,1700,0.08036618034044901,0.07875529080629348,0.08216504454612732
rmse,climatology,phihyd_surface,1710,0.08074375838041306,0.07922871559858322,0.08236979246139527
rmse,climatology,phihyd_surface,1720,0.08095787465572357,0.07942339628934861,0.08302983790636062
rmse,climatology,phihyd_surface,1730,0.08081182191769282,0.07912282794713973,0.08290278613567352
rmse,climatology,phihyd_surface,1740,0.08095415780941645,0.07940233647823333,0.08205238729715347
rmse,climatology,phihyd_surface,1750,0.08122476289669672,0.07945895493030548,0.08265317529439926
rmse,climatology,phihyd_surface,1760,0.08109034101168315,0.07915733903646469,0.0830319106578827
rmse,climatology,phihyd_surface,1770,0.08108739604552587,0.07967893481254577,0.08242059499025345
rmse,climatology,phihyd_surface,1780,0.08147101898988088,0.07985260635614395,0.08322969824075699
rmse,climatology,phihyd_surface,1790,0.08168752094109853,0.07959918826818466,0.08394433557987213
rmse,climatology,phihyd_surface,1800,0.08149545143047969,0.07995500862598419,0.08276910036802292
rmse,climatology,phihyd_surface,1810,0.08156413038571676,0.07981007844209671,0.08307629674673081
rmse,climatology,phihyd_surface,1820,0.08183641582727433,0.079839988052845,0.08401360809803009
rmse,climatology,phihyd_surface,1830,0.08192040373881658,0.08025246411561966,0.08390920609235764
rmse,climatology,phihyd_surface,1840,0.08190724551677704,0.08069044351577759,0.0835908830165863
rmse,climatology,phihyd_surface,1850,0.08211686213811238,0.08052574545145035,0.08431166112422943
rmse,climatology,phihyd_surface,1860,0.08220899254083633,0.08099737763404846,0.08411158919334412
rmse,climatology,phihyd_surface,1870,0.0824019655585289,0.08115224987268448,0.08413676172494888
rmse,climatology,phihyd_surface,1880,0.08228686402241389,0.08071297705173493,0.08423262685537339
rmse,climatology,phihyd_surface,1890,0.0821763515472412,0.08088123202323913,0.0839696317911148
rmse,climatology,phihyd_surface,1900,0.08252763350804647,0.08069440871477127,0.0838850975036621
rmse,climatology,phihyd_surface,1910,0.08275222331285477,0.08122664541006089,0.08480806946754456
rmse,climatology,phihyd_surface,1920,0.082636891802152,0.08120059072971345,0.08424735963344573
rmse,climatology,phihyd_surface,1930,0.08285618871450424,0.08125490248203278,0.08432190120220184
rmse,climatology,phihyd_surface,1940,0.08305702904860178,0.08122303038835525,0.08542612940073013
rmse,climatology,phihyd_surface,1950,0.08287675231695175,0.08126415610313416,0.08446962237358094
rmse,climatology,phihyd_surface,1960,0.082906806965669,0.08135618269443512,0.08417684435844422
rmse,climatology,phihyd_surface,1970,0.08316751072804134,0.08154804855585099,0.08510229140520095
rmse,climatology,phihyd_surface,1980,0.08338047514359156,0.08143972456455231,0.08539858311414719
rmse,climatology,phihyd_surface,1990,0.08340981503327688,0.08191966712474823,0.08453757166862488
rmse,climatology,phihyd_surface,2000,0.08336628526449204,0.08185331672430038,0.08521003872156144
rmse,persistence,phihyd_surface,0,0.0,0.0,0.0
rmse,persistence,phihyd_surface,10,0.021500468129913013,0.0205308735370636,0.022843585535883903
rmse,persistence,phihyd_surface,20,0.034138668328523636,0.03286438137292862,0.03564055934548378
rmse,persistence,phihyd_surface,30,0.04442790771524111,0.04235173016786575,0.046878233551979065
rmse,persistence,phihyd_surface,40,0.054833913842837013,0.05202644169330597,0.05782768800854683
rmse,persistence,phihyd_surface,50,0.05970678155620893,0.057047585397958754,0.06176446676254273
rmse,persistence,phihyd_surface,60,0.061206092188755674,0.05920528396964073,0.06286586076021194
rmse,persistence,phihyd_surface,70,0.06151162013411522,0.05892684906721115,0.06378069221973419
rmse,persistence,phihyd_surface,80,0.0585185927649339,0.05567920058965683,0.06166187673807144
rmse,persistence,phihyd_surface,90,0.05367651209235191,0.051087777316570285,0.05708370432257652
rmse,persistence,phihyd_surface,100,0.04995915840069453,0.04731489047408104,0.0531693123281002
rmse,persistence,phihyd_surface,110,0.04932395443320274,0.04643315449357033,0.05123727917671204
rmse,persistence,phihyd_surface,120,0.04882879356543223,0.046981359273195265,0.05134911686182022
rmse,persistence,phihyd_surface,130,0.049484551697969434,0.04789296165108681,0.051433204859495166
rmse,persistence,phihyd_surface,140,0.05239981934428215,0.05039394423365593,0.05405227541923523
rmse,persistence,phihyd_surface,150,0.05151225005586942,0.05057632103562355,0.05257891416549683
rmse,persistence,phihyd_surface,160,0.05024452656507492,0.04937778040766716,0.05120428651571274
rmse,persistence,phihyd_surface,170,0.050549402832984924,0.04936636984348297,0.05149933472275734
rmse,persistence,phihyd_surface,180,0.04735255539417267,0.04486865401268005,0.04935461729764938
rmse,persistence,phihyd_surface,190,0.04706352228919665,0.04436389356851578,0.05095670521259308
rmse,persistence,phihyd_surface,200,0.04980907638867696,0.04740567058324814,0.05255910456180572
rmse,persistence,phihyd_surface,210,0.05186991542577744,0.049501479417085645,0.054623931646347046
rmse,persistence,phihyd_surface,220,0.05632765019933383,0.05313700661063194,0.05915211364626884
rmse,persistence,phihyd_surface,230,0.0609236016869545,0.058272122591733935,0.06393328458070754
rmse,persistence,phihyd_surface,240,0.0621921273569266,0.059773918241262436,0.06448961347341538
rmse,persistence,phihyd_surface,250,0.06097767452398936,0.05873897448182106,0.0634942188858986
rmse,persistence,phihyd_surface,260,0.057717537879943846,0.05488187745213509,0.06033788919448853
rmse,persistence,phihyd_surface,270,0.051090858628352484,0.048759255558252335,0.05530116781592369
rmse,persistence,phihyd_surface,280,0.03899341424306234,0.036841411143541336,0.04153849333524704
rmse,persistence,phihyd_surface,290,0.027151289706428845,0.02377397529780865,0.030123112723231316
rmse,persistence,phihyd_surface,300,0.01776528786867857,0.015070425346493721,0.01938038133084774
rmse,persistence,phihyd_surface,310,0.011263495869934559,0.010606245324015617,0.011907822266221047
rmse,persistence,phihyd_surface,320,0.027749069159229596,0.026225409284234048,0.02883279286324978
rmse,persistence,phihyd_surface,330,0.04106528187791506,0.04016686677932739,0.042838174104690555
rmse,persistence,phihyd_surface,340,0.04933293734987577,0.04744175970554352,0.05094984620809555
rmse,persistence,phihyd_surface,350,0.05754578908284505,0.05449992641806602,0.06074710935354233
rmse,persistence,phihyd_surface,360,0.061121776203314465,0.058185555040836334,0.06317125111818314
rmse,persistence,phihyd_surface,370,0.060704723248879114,0.05914900153875351,0.062017998099327086
rmse,persistence,phihyd_surface,380,0.05968005905548732,0.05733119323849678,0.0622776135802269
rmse,persistence,phihyd_surface,390,0.05666447753707568,0.05397364944219589,0.06007881462574005
rmse,persistence,phihyd_surface,400,0.052360311647256214,0.04968390613794327,0.056275779753923415
rmse,persistence,phihyd_surface,410,0.04975919698675473,0.046993131190538405,0.053357412666082384
rmse,persistence,phihyd_surface,420,0.05072154253721237,0.04772920161485672,0.05255090817809105
rmse,persistence,phihyd_surface,430,0.05181283950805664,0.04993760287761688,0.05452342703938484
rmse,persistence,phihyd_surface,440,0.051973362018664676,0.050635936111211775,0.05406592488288879
rmse,persistence,phihyd_surface,450,0.05377402479449908,0.05169818475842476,0.05560833066701889
rmse,persistence,phihyd_surface,460,0.05213356390595436,0.051252517849206924,0.05303586721420288
rmse,persistence,phihyd_surface,470,0.048543839156627654,0.04760502427816391,0.04936049059033394
rmse,persistence,phihyd_surface,480,0.04830786983172099,0.046845792979002,0.04968460947275162
rmse,persistence,phihyd_surface,490,0.04604966615637143,0.04310358464717865,0.048771532624959944
rmse,persistence,phihyd_surface,500,0.04621359805266063,0.04338495954871178,0.05022004544734955
rmse,persistence,phihyd_surface,510,0.05076403518517812,0.04799999371170997,0.05369249954819679
rmse,persistence,phihyd_surface,520,0.05416503474116326,0.05187601149082184,0.057011807709932326
rmse,persistence,phihyd_surface,530,0.05832912375529607,0.05593406483530998,0.06092813536524773
rmse,persistence,phihyd_surface,540,0.06256314963102341,0.0600789412856102,0.06464903205633163
rmse,persistence,phihyd_surface,550,0.06295095533132553,0.06003903299570083,0.06542702466249466
rmse,persistence,phihyd_surface,560,0.059988844643036526,0.05774917230010033,0.06277530640363693
rmse,persistence,phihyd_surface,570,0.05473427300651868,0.052372243255376816,0.056875407695770264
rmse,persistence,phihyd_surface,580,0.047011665999889374,0.04395491182804108,0.05094040557742119
rmse,persistence,phihyd_surface,590,0.034275878717501956,0.03172317296266556,0.037545197457075116
rmse,persistence,phihyd_surface,600,0.02219583715001742,0.018968502059578896,0.025383701920509337
rmse,persistence,phihyd_surface,610,0.019643588985006014,0.016555695980787277,0.021413432061672212
rmse,persistence,phihyd_surface,620,0.02163426640133063,0.020717710629105567,0.02285979576408863
rmse,persistence,phihyd_surface,630,0.03437749768296878,0.03287169486284256,0.03616842180490494
rmse,persistence,phihyd_surface,640,0.046923486640055974,0.045557647943496704,0.048593518882989885
rmse,persistence,phihyd_surface,650,0.05325133850177129,0.05193680971860885,0.055151434242725374
rmse,persistence,phihyd_surface,660,0.058970119307438534,0.0562388114631176,0.06206011176109314
rmse,persistence,phihyd_surface,670,0.061448774735132855,0.05908341705799103,0.06332417875528336
rmse,persistence,phihyd_surface,680,0.05956769163409869,0.05789466202259064,0.06097372025251389
rmse,persistence,phihyd_surface,690,0.057600861539443333,0.054838023334741595,0.060756392776966095
rmse,persistence,phihyd_surface,700,0.055104932934045794,0.052330398559570314,0.058067182451486586
rmse,persistence,phihyd_surface,710,0.051879399766524635,0.04883978441357613,0.0554498478770256
rmse,persistence,phihyd_surface,720,0.05070399319132169,0.04730904698371887,0.0542974092066288
rmse,persistence,phihyd_surface,730,0.052662723263104755,0.04996299371123314,0.05519110560417175
rmse,persistence,phihyd_surface,740,0.05462315032879512,0.05289163663983345,0.057868145406246185
rmse,persistence,phihyd_surface,750,0.05409314011534055,0.052594559639692305,0.05614032670855522
rmse,persistence,phihyd_surface,760,0.05426397249102592,0.05233698412775993,0.05601156279444695
rmse,persistence,phihyd_surface,770,0.052124138176441195,0.05121616497635841,0.05297936126589775
rmse,persistence,phihyd_surface,780,0.04704313104351362,0.04594995975494385,0.04789695665240288
rmse,persistence,phihyd_surface,790,0.04645986557006836,0.04481702819466591,0.04785672426223755
rmse,persistence,phihyd_surface,800,0.04610499242941538,0.04297102317214012,0.04907595664262772
rmse,persistence,phihyd_surface,810,0.047100990017255144,0.04413811042904854,0.05027420744299889
rmse,persistence,phihyd_surface,820,0.052792085458834966,0.0504535548388958,0.0557159386575222
rmse,persistence,phihyd_surface,830,0.056989892820517224,0.054611359536647794,0.05931159779429436
rmse,persistence,phihyd_surface,840,0.06032246723771095,0.058166463673114774,0.06262287050485611
rmse,persistence,phihyd_surface,850,0.06346263661980629,0.06118386909365654,0.06508206725120544
rmse,persistence,phihyd_surface,860,0.06273096750179927,0.059739763289690016,0.06561912149190903
rmse,persistence,phihyd_surface,870,0.058024783184130985,0.055846749991178515,0.061202991753816605
rmse,persistence,phihyd_surface,880,0.05094123855233192,0.04857249408960342,0.053273946046829224
rmse,persistence,phihyd_surface,890,0.04250401109457016,0.03847307860851288,0.04569437578320503
rmse,persistence,phihyd_surface,900,0.030749582747618357,0.02763383314013481,0.034237182885408404
rmse,persistence,phihyd_surface,910,0.02108547401924928,0.01798027418553829,0.024032383039593697
rmse,persistence,phihyd_surface,920,0.02532783436278502,0.02230173833668232,0.02730947807431221
rmse,persistence,phihyd_surface,930,0.03127596912284692,0.030101997777819633,0.03293944001197815
rmse,persistence,phihyd_surface,940,0.041024228930473326,0.039409815520048144,0.04311409965157509
rmse,persistence,phihyd_surface,950,0.05181469097733497,0.05013405159115791,0.05346099734306335
rmse,persistence,phihyd_surface,960,0.056373717884222664,0.05538665577769279,0.057862398028373715
rmse,persistence,phihyd_surface,970,0.05954328452547391,0.057483695447444916,0.06228521466255188
rmse,persistence,phihyd_surface,980,0.06089324007431666,0.05913161635398865,0.06268972754478455
rmse,persistence,phihyd_surface,990,0.05804685205221176,0.056287681311368944,0.060330183058977124
rmse,persistence,phihyd_surface,1000,0.055629226565361026,0.05320032984018326,0.058834337443113324
rmse,persistence,phihyd_surface,1010,0.054129123439391455,0.05095914676785469,0.05684585049748421
rmse,persistence,phihyd_surface,1020,0.05234282985329628,0.049160131812095643,0.05504089891910553
rmse,persistence,phihyd_surface,1030,0.05264259527126948,0.04910600781440735,0.055791397392749784
rmse,persistence,phihyd_surface,1040,0.055045465876658754,0.05279114469885826,0.0572349414229393
rmse,persistence,phihyd_surface,1050,0.057075666387875874,0.055478768050670625,0.06045945286750794
rmse,persistence,phihyd_surface,1060,0.05574969450632731,0.05392309874296188,0.05767368078231812
rmse,persistence,phihyd_surface,1070,0.05419571896394094,0.052494770288467406,0.05557519868016243
rmse,persistence,phihyd_surface,1080,0.051643595844507215,0.05069591477513313,0.05233332216739654
rmse,persistence,phihyd_surface,1090,0.04611344759662946,0.04457939565181732,0.04718772694468498
rmse,persistence,phihyd_surface,1100,0.04555455868442853,0.04376484975218773,0.047053175419569014
rmse,persistence,phihyd_surface,1110,0.04739100461204847,0.044563067704439165,0.05017281845211983
rmse,persistence,phihyd_surface,1120,0.049444120625654855,0.046897543221712114,0.05164766162633896
rmse,persistence,phihyd_surface,1130,0.055509562293688454,0.0534063771367073,0.05818413868546486
rmse,persistence,phihyd_surface,1140,0.05982118248939514,0.05788114219903946,0.061775094270706175
rmse,persistence,phihyd_surface,1150,0.061966522286335625,0.06017046123743057,0.06390110552310943
rmse,persistence,phihyd_surface,1160,0.06350108484427135,0.06128974556922913,0.06514215469360352
rmse,persistence,phihyd_surface,1170,0.06139108190933863,0.058581290394067766,0.06438667327165604
rmse,persistence,phihyd_surface,1180,0.0550193431476752,0.05277577713131905,0.0585738867521286
rmse,persistence,phihyd_surface,1190,0.046565027286609016,0.04405696839094162,0.049733222275972364
rmse,persistence,phihyd_surface,1200,0.0382065753142039,0.03345323279500008,0.04110005721449852
rmse,persistence,phihyd_surface,1210,0.029343603427211443,0.025945140048861504,0.03295971155166626
rmse,persistence,phihyd_surface,1220,0.024963647251327832,0.02263856902718544,0.02769041582942009
rmse,persistence,phihyd_surface,1230,0.03290262979765733,0.030257304012775422,0.03478315696120262
rmse,persistence,phihyd_surface,1240,0.04006619105736415,0.03864593356847763,0.042037665098905566
rmse,persistence,phihyd_surface,1250,0.04736745183666547,0.04567391648888588,0.049387092143297194
rmse,persistence,phihyd_surface,1260,0.055801907430092494,0.05392268225550652,0.057486866414546964
rmse,persistence,phihyd_surface,1270,0.058592566102743146,0.05766320079565048,0.059576190263032916
rmse,persistence,phihyd_surface,1280,0.059465804447730385,0.05803200230002403,0.06175837367773056
rmse,persistence,phihyd_surface,1290,0.059665051350990934,0.05806117951869964,0.061993356049060824
rmse,persistence,phihyd_surface,1300,0.05640108808875084,0.05423356220126152,0.05941928774118423
rmse,persistence,phihyd_surface,1310,0.05426236887772878,0.05156310275197029,0.05750526785850525
rmse,persistence,phihyd_surface,1320,0.05411891887585322,0.05083033144474029,0.057470162957906724
rmse,persistence,phihyd_surface,1330,0.05384960547089577,0.050844937562942505,0.05642115250229836
rmse,persistence,phihyd_surface,1340,0.05528188397487004,0.051976891607046126,0.05812532305717468
rmse,persistence,phihyd_surface,1350,0.05765124410390854,0.05568302273750305,0.05945386290550232
rmse,persistence,phihyd_surface,1360,0.059031233688195545,0.057384840399026874,0.06211178004741669
rmse,persistence,phihyd_surface,1370,0.05673472210764885,0.05468310490250587,0.05871281996369362
rmse,persistence,phihyd_surface,1380,0.05379421785473824,0.05220971331000328,0.0549332320690155
rmse,persistence,phihyd_surface,1390,0.05100477437178294,0.049915312230587004,0.05168362706899643
rmse,persistence,phihyd_surface,1400,0.045955345034599304,0.04417342692613602,0.04738268107175827
rmse,persistence,phihyd_surface,1410,0.04610632608334223,0.044217509031295774,0.047866255044937134
rmse,persistence,phihyd_surface,1420,0.049793543418248494,0.0473847858607769,0.052215348929166794
rmse,persistence,phihyd_surface,1430,0.05274485672513644,0.05084895491600037,0.054969388991594315
rmse,persistence,phihyd_surface,1440,0.05856301834185918,0.05634864419698715,0.06089748814702034
rmse,persistence,phihyd_surface,1450,0.06222679416338603,0.060301598906517026,0.06438545733690262
rmse,persistence,phihyd_surface,1460,0.06291065067052841,0.06104484051465988,0.06439583003520966
rmse,persistence,phihyd_surface,1470,0.06261076281468074,0.06017683893442154,0.06425096988677978
rmse,persistence,phihyd_surface,1480,0.05890452166398366,0.05623786225914955,0.061845168471336365
rmse,persistence,phihyd_surface,1490,0.05114532361427943,0.048802454769611356,0.05465059354901314
rmse,persistence,phihyd_surface,1500,0.04222422714034716,0.039538198709487916,0.046240271627902986
rmse,persistence,phihyd_surface,1510,0.035429797321558,0.030604306235909463,0.03889041915535927
rmse,persistence,phihyd_surface,1520,0.03109692521393299,0.027932730317115784,0.03445358425378799
rmse,persistence,phihyd_surface,1530,0.0320553220808506,0.030340303853154182,0.03398435562849045
rmse,persistence,phihyd_surface,1540,0.041024354348580046,0.03881081789731979,0.04302855059504509
rmse,persistence,phihyd_surface,1550,0.04768423140048981,0.04599263370037079,0.0497377373278141
rmse,persistence,phihyd_surface,1560,0.05285016720493634,0.050871748477220535,0.05480227246880531
rmse,persistence,phihyd_surface,1570,0.05879044756293297,0.057080525904893875,0.06046145781874657
rmse,persistence,phihyd_surface,1580,0.05971924811601639,0.05896728113293648,0.060311347246170044
rmse,persistence,phihyd_surface,1590,0.058821739008029304,0.05763914883136749,0.06074668392539024
rmse,persistence,phihyd_surface,1600,0.05814223090807597,0.056442520767450335,0.06079980954527855
rmse,persistence,phihyd_surface,1610,0.05503511702020963,0.052477439492940904,0.058190853148698804
rmse,persistence,phihyd_surface,1620,0.05399413382013639,0.050943128764629364,0.05748342797160148
rmse,persistence,phihyd_surface,1630,0.055293170859416325,0.052010934054851535,0.05849069356918335
rmse,persistence,phihyd_surface,1640,0.056252613912026087,0.05357484519481659,0.05902446955442429
rmse,persistence,phihyd_surface,1650,0.05821176518996556,0.05551662370562553,0.06071106046438217
rmse,persistence,phihyd_surface,1660,0.060059719781080885,0.05827776417136192,0.06198752075433731
rmse,persistence,phihyd_surface,1670,0.060299027462800345,0.058653596043586734,0.06306004971265793
rmse,persistence,phihyd_surface,1680,0.05693236614267031,0.05486089065670967,0.05884967818856239
rmse,persistence,phihyd_surface,1690,0.05322005848089854,0.051879989355802535,0.054354799538850786
rmse,persistence,phihyd_surface,1700,0.05058833435177803,0.04914129823446274,0.051822074502706525
rmse,persistence,phihyd_surface,1710,0.046697344879309335,0.04488882571458817,0.048414676636457446
rmse,persistence,phihyd_surface,1720,0.04822781557838122,0.046502973139286044,0.04989560917019844
rmse,persistence,phihyd_surface,1730,0.05306713357567787,0.05128025934100151,0.05521799623966217
rmse,persistence,phihyd_surface,1740,0.05641213779648145,0.055241243541240694,0.05831899791955948
rmse,persistence,phihyd_surface,1750,0.061523275822401045,0.059231771528720854,0.06357671618461609
rmse,persistence,phihyd_surface,1760,0.06386427357792854,0.061947939544916154,0.06647905111312866
rmse,persistence,phihyd_surface,1770,0.06283703918258349,0.06080828458070755,0.06444932222366333
rmse,persistence,phihyd_surface,1780,0.06070091302196185,0.05811525285243988,0.0623396173119545
rmse,persistence,phihyd_surface,1790,0.05542352596918742,0.052871643006801604,0.0583815261721611
rmse,persistence,phihyd_surface,1800,0.0468427096803983,0.04452251791954041,0.05012019276618957
rmse,persistence,phihyd_surface,1810,0.038861444344123204,0.03606926128268242,0.043789540976285936
rmse,persistence,phihyd_surface,1820,0.035502910365660986,0.03079853914678097,0.03927245959639549
rmse,persistence,phihyd_surface,1830,0.035939086601138114,0.03327393084764481,0.038986343145370486
rmse,persistence,phihyd_surface,1840,0.040168456733226776,0.0384963296353817,0.04170801639556885
rmse,persistence,phihyd_surface,1850,0.04869931787252426,0.04666765183210373,0.05081618130207062
rmse,persistence,phihyd_surface,1860,0.053861203789711,0.052196545898914336,0.055712568759918216
rmse,persistence,phihyd_surface,1870,0.05698170140385628,0.05514255091547966,0.05880037322640419
rmse,persistence,phihyd_surface,1880,0.06059452916185061,0.059200890362262726,0.061950651556253435
rmse,persistence,phihyd_surface,1890,0.05971330131093661,0.059312456846237184,0.06029397547245026
rmse,persistence,phihyd_surface,1900,0.05766908824443817,0.05625746548175812,0.059530573338270186
rmse,persistence,phihyd_surface,1910,0.05673153772950172,0.05513276755809784,0.059769623726606366
rmse,persistence,phihyd_surface,1920,0.05446172033747037,0.05168608799576759,0.057887989282608035
rmse,persistence,phihyd_surface,1930,0.054986754059791566,0.051898223161697385,0.05856171920895577
rmse,persistence,phihyd_surface,1940,0.057607457786798474,0.05448195934295654,0.06026579514145851
rmse,persistence,phihyd_surface,1950,0.05927766487002373,0.0569252111017704,0.061855118721723557
rmse,persistence,phihyd_surface,1960,0.060974574834108355,0.05860231891274452,0.06316280663013459
rmse,persistence,phihyd_surface,1970,0.06186433260639509,0.060281505435705186,0.06367562413215637
rmse,persistence,phihyd_surface,1980,0.060850717375675836,0.059225167334079745,0.06342593729496002
rmse,persistence,phihyd_surface,1990,0.056523547818263374,0.05466088205575943,0.05822341963648796
rmse,persistence,phihyd_surface,2000,0.052712424844503405,0.0515966147184372,0.0541714183986187
rmse,model,sst,0,0.0,0.0,0.0
rmse,model,sst,10,0.023464419692754746,0.022406139597296714,0.025171834602952005
rmse,model,sst,20,0.030107846980293593,0.027871673554182054,0.03192762210965157
rmse,model,sst,30,0.03318076940874259,0.030716817080974578,0.03496276810765266
rmse,model,sst,40,0.03602552662293116,0.03336465880274773,0.03835462331771851
rmse,model,sst,50,0.03803539673487345,0.03454063534736633,0.040366751700639726
rmse,model,sst,60,0.04006358260909716,0.03629747703671456,0.043527118116617206
rmse,model,sst,70,0.042556480566660566,0.03798056319355965,0.046184831857681276
rmse,model,sst,80,0.04475450838605563,0.039926569908857346,0.04936557784676552
rmse,model,sst,90,0.04692738577723503,0.041326723992824554,0.051652712374925615
rmse,model,sst,100,0.04846463923652967,0.04237047955393791,0.05250821262598038
rmse,model,sst,110,0.04988880877693494,0.04408341646194458,0.054689906537532806
rmse,model,sst,120,0.051953878502051035,0.045677158236503604,0.05697511062026024
rmse,model,sst,130,0.054112838208675386,0.047331807762384416,0.060297954082489016
rmse,model,sst,140,0.056282523026069,0.0491658128798008,0.06328700035810471
rmse,model,sst,150,0.058186292896668115,0.05083381161093712,0.06728331595659257
rmse,model,sst,160,0.06061912079652151,0.053319256752729416,0.07096909135580062
rmse,model,sst,170,0.06332340786854426,0.05634010061621666,0.07435529381036758
rmse,model,sst,180,0.06611444006363551,0.05789351314306259,0.0774098888039589
rmse,model,sst,190,0.06894064992666245,0.060951263457536695,0.08139553815126419
rmse,model,sst,200,0.07228638231754303,0.06347833871841431,0.08470782041549682
rmse,model,sst,210,0.07498399664958318,0.06571412980556487,0.08732705563306808
rmse,model,sst,220,0.07793790946404139,0.06894461959600448,0.09009793102741241
rmse,model,sst,230,0.08152090460062027,0.07298417985439301,0.09235700815916062
rmse,model,sst,240,0.08506110310554504,0.07651267647743225,0.09550312608480453
rmse,model,sst,250,0.08826350520054499,0.08003695756196975,0.10020718425512314
rmse,model,sst,260,0.0909329836567243,0.08345514386892319,0.10293663442134857
rmse,model,sst,270,0.0938369741042455,0.08523375391960145,0.10486250817775726
rmse,model,sst,280,0.09694236467281978,0.08847520798444748,0.10767311900854111
rmse,model,sst,290,0.09976409822702408,0.09166247099637985,0.10915583223104477
rmse,model,sst,300,0.10210396895805994,0.0941967323422432,0.10965844243764877
rmse,model,sst,310,0.1046155571937561,0.09847999066114425,0.11173033863306045
rmse,model,sst,320,0.10717236995697021,0.1014400988817215,0.11273797005414962
rmse,model,sst,330,0.10963164766629536,0.10407576858997344,0.11297352015972137
rmse,model,sst,340,0.11130648503700892,0.10636912733316421,0.11423260867595672
rmse,model,sst,350,0.11269953250885009,0.10914066135883331,0.1152249664068222
rmse,model,sst,360,0.1142826090256373,0.11091654300689698,0.11683563590049743
rmse,model,sst,370,0.11558028906583787,0.11192381531000137,0.11830620765686035
rmse,model,sst,380,0.11693068991104762,0.1136106476187706,0.11971281468868256
rmse,model,sst,390,0.11848278443018595,0.11391054540872574,0.12272399067878723
rmse,model,sst,400,0.11957813700040182,0.11530103534460068,0.12626875936985016
rmse,model,sst,410,0.1201536719997724,0.11478109210729599,0.12578596770763398
rmse,model,sst,420,0.12038596322139104,0.11674648374319077,0.12276976257562637
rmse,model,sst,430,0.12091522018114725,0.11710524559020996,0.12447400391101837
rmse,model,sst,440,0.12163752963145574,0.11843169927597046,0.126307874917984
rmse,model,sst,450,0.1222498635450999,0.11820571571588516,0.12645722925662994
rmse,model,sst,460,0.12260430604219437,0.11837590485811234,0.12723330557346343
rmse,model,sst,470,0.12302546153465907,0.11904259920120239,0.12753726541996002
rmse,model,sst,480,0.12369104276100794,0.11964240521192551,0.12775498926639556
rmse,model,sst,490,0.1247948224345843,0.12034694254398345,0.12950838208198548
rmse,model,sst,500,0.12557861705621085,0.12220953106880188,0.12907117009162902
rmse,model,sst,510,0.12558122624953588,0.12014216035604477,0.13084913194179534
rmse,model,sst,520,0.1256643642981847,0.11903270781040191,0.13043182492256164
rmse,model,sst,530,0.12579627633094786,0.1204840213060379,0.1316317528486252
rmse,model,sst,540,0.1261695295572281,0.1207912728190422,0.13311698138713837
rmse,model,sst,550,0.12684840311606724,0.12051234543323516,0.13496906459331512
rmse,model,sst,560,0.12648930599292119,0.12045802026987076,0.13528967201709746
rmse,model,sst,570,0.1258487209677696,0.11822974681854248,0.13157755732536316
rmse,model,sst,580,0.12601166913906733,0.11934308111667633,0.1318141520023346
rmse,model,sst,590,0.12510877798000972,0.11883249878883362,0.13163286745548247
rmse,model,sst,600,0.12491884777943293,0.12015492618083953,0.13132611215114592
rmse,model,sst,610,0.12546867430210112,0.12111786901950836,0.13189022541046141
rmse,model,sst,620,0.12511804600556692,0.11785371601581573,0.1334339588880539
rmse,model,sst,630,0.1245061606168747,0.11937831193208695,0.13173981606960297
rmse,model,sst,640,0.12430186768372854,0.11818229109048843,0.1335423171520233
rmse,model,sst,650,0.12479009479284286,0.11923259496688843,0.133620423078537
rmse,model,sst,660,0.12555978844563168,0.11970549076795578,0.13322569727897643
rmse,model,sst,670,0.12528865337371825,0.12066713720560074,0.1321495234966278
rmse,model,sst,680,0.12457275539636611,0.11944702118635178,0.1296612352132797
rmse,model,sst,690,0.12451769014199575,0.11897068321704865,0.1316428542137146
rmse,model,sst,700,0.1246720939874649,0.1192968726158142,0.13309878706932068
rmse,model,sst,710,0.12463173021872838,0.12044211328029633,0.13134839832782746
rmse,model,sst,720,0.12422687510649363,0.11772669404745102,0.13268031775951386
rmse,model,sst,730,0.12460213949282964,0.11919835656881332,0.13323306441307067
rmse,model,sst,740,0.12563613404830296,0.11918350011110306,0.13208871483802795
rmse,model,sst,750,0.1254439726471901,0.11693450957536697,0.1337939202785492
rmse,model,sst,760,0.1254823217789332,0.11578298211097718,0.13472223579883574
rmse,model,sst,770,0.1262223074833552,0.117284494638443,0.13718778491020203
rmse,model,sst,780,0.1266444260875384,0.11658301353454589,0.13702361583709716
rmse,model,sst,790,0.12662550111611684,0.11678527146577836,0.13704049587249756
rmse,model,sst,800,0.1269217292467753,0.11427687704563141,0.13883886635303497
rmse,model,sst,810,0.12748847951491674,0.11339825093746185,0.14225053787231445
rmse,model,sst,820,0.12771079043547312,0.1147959589958191,0.14328024685382842
rmse,model,sst,830,0.1267261952161789,0.11502908319234847,0.13982561826705933
rmse,model,sst,840,0.12595891406138737,0.11606228649616242,0.13768988847732544
rmse,model,sst,850,0.12582791695992152,0.1149991974234581,0.13655079603195192
rmse,model,sst,860,0.12562937637170155,0.11618850082159042,0.13554699420928956
rmse,model,sst,870,0.1243540570139885,0.11558738648891449,0.13545973598957062
rmse,model,sst,880,0.12340029776096344,0.11663202196359634,0.13456589877605438
rmse,model,sst,890,0.1232039858897527,0.1173107847571373,0.1355641484260559
rmse,model,sst,900,0.12371343274911245,0.11797433346509933,0.1327302098274231
rmse,model,sst,910,0.12326884269714355,0.11684323698282242,0.13266546726226808
rmse,model,sst,920,0.12369770109653473,0.11744495034217835,0.1311158210039139
rmse,model,sst,930,0.12408752491076787,0.11787747740745544,0.13192171156406401
rmse,model,sst,940,0.12419187774260838,0.1184126764535904,0.13279667496681213
rmse,model,sst,950,0.12466834833224615,0.1195765569806099,0.13103546500205993
rmse,model,sst,960,0.12444117416938145,0.11966533958911896,0.13103125393390655
rmse,model,sst,970,0.12482698261737823,0.12136966288089752,0.129846927523613
rmse,model,sst,980,0.12543586393197378,0.12176862806081772,0.1309599906206131
rmse,model,sst,990,0.12513779799143473,0.12134356647729874,0.13161619007587433
rmse,model,sst,1000,0.12526349822680155,0.12114123404026031,0.13015460669994355
rmse,model,sst,1010,0.12608575820922852,0.12114400714635849,0.13114287853240966
rmse,model,sst,1020,0.12694433281819026,0.12165870517492294,0.13194338083267212
rmse,model,sst,1030,0.12735542058944702,0.12282301783561707,0.13281805217266082
rmse,model,sst,1040,0.1276477411389351,0.12232075780630111,0.13359349966049194
rmse,model,sst,1050,0.1273100142677625,0.12138586789369583,0.1329936534166336
rmse,model,sst,1060,0.12765023211638132,0.12105482369661331,0.1341488778591156
rmse,model,sst,1070,0.1280338928103447,0.12105286866426468,0.13299235105514526
rmse,model,sst,1080,0.12879519164562225,0.12223728448152542,0.13454335927963257
rmse,model,sst,1090,0.1282491351167361,0.12252971678972244,0.13379689455032348
rmse,model,sst,1100,0.12778157939513524,0.12208231389522553,0.13242492377758025
rmse,model,sst,1110,0.12818031758069992,0.12311217188835144,0.1326774388551712
rmse,model,sst,1120,0.12785163323084514,0.12171333134174347,0.13340665996074677
rmse,model,sst,1130,0.12736639231443406,0.12360644042491913,0.13130703568458557
rmse,model,sst,1140,0.12696464757124584,0.12298331707715988,0.13319129049777984
rmse,model,sst,1150,0.1272054821252823,0.12288416475057602,0.13349956274032593
rmse,model,sst,1160,0.12780522257089616,0.12306773662567139,0.13503247797489165
rmse,model,sst,1170,0.1268807351589203,0.121194988489151,0.13819468915462493
rmse,model,sst,1180,0.12619580924510956,0.12019021809101105,0.1353428214788437
rmse,model,sst,1190,0.12788657943407694,0.11990515291690826,0.13751191198825835
rmse,model,sst,1200,0.12891067763169606,0.1207280546426773,0.13705686032772063
rmse,model,sst,1210,0.1284101610382398,0.12142073810100555,0.138572558760643
rmse,model,sst,1220,0.12759397874275843,0.12042157351970673,0.13637069165706633
rmse,model,sst,1230,0.12771437913179398,0.11960434019565583,0.13535295724868773
rmse,model,sst,1240,0.12822867035865784,0.12163726687431335,0.13501447737216948
rmse,model,sst,1250,0.12713315337896347,0.12108405232429505,0.13477337658405303
rmse,model,sst,1260,0.1263937587539355,0.12079504281282424,0.13663609325885773
rmse,model,sst,1270,0.12701629499594372,0.12219861447811127,0.13484504520893098
rmse,model,sst,1280,0.12742275695006053,0.12193600088357925,0.137202513217926
rmse,model,sst,1290,0.12707685728867849,0.120348459482193,0.13704120814800264
rmse,model,sst,1300,0.12592268288135527,0.11831769049167633,0.13667110800743104
rmse,model,sst,1310,0.12649802913268407,0.11801621168851853,0.13871834874153138
rmse,model,sst,1320,0.12815124044815698,0.12044096291065216,0.14103256464004515
rmse,model,sst,1330,0.1277844066421191,0.12084154635667801,0.13884567320346833
rmse,model,sst,1340,0.12780386656522752,0.12361674308776856,0.1363745152950287
rmse,model,sst,1350,0.12878488103548685,0.12382015585899353,0.1370730847120285
rmse,model,sst,1360,0.12944164574146272,0.12335366457700729,0.13866241574287413
rmse,model,sst,1370,0.12954849600791932,0.12283300757408142,0.14066090881824495
rmse,model,sst,1380,0.12928232351938884,0.12402511984109879,0.1403254598379135
rmse,model,sst,1390,0.1301730732123057,0.12522183656692504,0.13999530673027039
rmse,model,sst,1400,0.13154000292221704,0.125933700799942,0.1441571295261383
rmse,model,sst,1410,0.13191379408041637,0.12567496597766875,0.1446373611688614
rmse,model,sst,1420,0.13220864286025366,0.1260655164718628,0.14153260886669158
rmse,model,sst,1430,0.1329584077000618,0.1264495074748993,0.14283977150917054
rmse,model,sst,1440,0.13396999686956407,0.1269407331943512,0.14414676129817963
rmse,model,sst,1450,0.13503069082895916,0.12731337249279023,0.1456739693880081
rmse,model,sst,1460,0.13503959973653157,0.1272469162940979,0.14365846514701844
rmse,model,sst,1470,0.1363573580980301,0.1295200079679489,0.14349219501018523
rmse,model,sst,1480,0.13809924721717834,0.13091630339622498,0.14626799821853637
rmse,model,sst,1490,0.13822902937730153,0.13040576875209808,0.14859244525432586
rmse,model,sst,1500,0.13844597041606904,0.12996668219566346,0.1474167823791504
rmse,model,sst,1510,0.13831843336423238,0.13045160174369813,0.14556359648704528
rmse,model,sst,1520,0.1387688765923182,0.1308378905057907,0.14548727571964265
rmse,model,sst,1530,0.13921294311682383,0.1332551509141922,0.1450066328048706
rmse,model,sst,1540,0.13860296110312145,0.13103760480880738,0.14632327258586883
rmse,model,sst,1550,0.1387181689341863,0.1303320348262787,0.14884857833385468
rmse,model,sst,1560,0.1385386397441228,0.13139750957489013,0.14756229817867278
rmse,model,sst,1570,0.13893906076749166,0.13200849592685698,0.14575112164020537
rmse,model,sst,1580,0.1392106036345164,0.12926563620567322,0.1479610800743103
rmse,model,sst,1590,0.13907492359479268,0.12964168787002564,0.14699319005012512
rmse,model,sst,1600,0.1395751118659973,0.12965704798698424,0.14940898716449738
rmse,model,sst,1610,0.14011938373247781,0.1315799683332443,0.14983698427677153
rmse,model,sst,1620,0.14032772680123648,0.13278036415576935,0.14754465520381926
rmse,model,sst,1630,0.14164381027221679,0.13246318995952605,0.1463795393705368
rmse,model,sst,1640,0.1418170263369878,0.13169931173324584,0.1486153334379196
rmse,model,sst,1650,0.142298557360967,0.13302935063838958,0.14931586682796477
rmse,model,sst,1660,0.1425248146057129,0.13337098062038422,0.15245886743068696
rmse,model,sst,1670,0.14252575437227885,0.13321895897388458,0.1541733354330063
rmse,model,sst,1680,0.14269540309906006,0.13348546028137206,0.1544317424297333
rmse,model,sst,1690,0.14383433163166046,0.13349100649356843,0.15328611433506012
rmse,model,sst,1700,0.14433890084425607,0.134263014793396,0.15144731402397155
rmse,model,sst,1710,0.14477120637893676,0.13461070656776428,0.15378003120422362
rmse,model,sst,1720,0.1447282443443934,0.13463262915611268,0.15371693372726442
rmse,model,sst,1730,0.14570266008377075,0.1390187233686447,0.15475912094116212
rmse,model,sst,1740,0.1468428740898768,0.13751268684864043,0.15574422478675842
rmse,model,sst,1750,0.14783214529355368,0.13870862424373626,0.1552090138196945
rmse,model,sst,1760,0.14849135279655457,0.14134425818920135,0.15465795993804932
rmse,model,sst,1770,0.14837223589420317,0.14309131801128389,0.15471159815788268
rmse,model,sst,1780,0.1483446717262268,0.14200428128242493,0.15529683530330657
rmse,model,sst,1790,0.1490798572699229,0.14206106066703797,0.1564342975616455
rmse,model,sst,1800,0.14886209964752198,0.14122215807437896,0.15754355788230895
rmse,model,sst,1810,0.14888289074103037,0.14153012931346892,0.15738700926303864
rmse,model,sst,1820,0.14857764343420665,0.14051016569137573,0.15659337043762206
rmse,model,sst,1830,0.14843542675177257,0.14253519773483275,0.154850572347641
rmse,model,sst,1840,0.14810241460800172,0.14399542212486266,0.15179024636745453
rmse,model,sst,1850,0.14785630802313487,0.14248160421848297,0.15255667865276337
rmse,model,sst,1860,0.14751598834991456,0.1423054128885269,0.15320684015750885
rmse,model,sst,1870,0.1474045862754186,0.14167963862419128,0.15439085960388182
rmse,model,sst,1880,0.1472231815258662,0.13931576907634735,0.1541749805212021
rmse,model,sst,1890,0.14769739508628846,0.13993549048900605,0.1560322105884552
rmse,model,sst,1900,0.147903240720431,0.14169501960277558,0.15516137778759004
rmse,model,sst,1910,0.14746963381767272,0.1404069721698761,0.1531820148229599
rmse,model,sst,1920,0.14663280844688414,0.14102264642715454,0.1526830643415451
rmse,model,sst,1930,0.14577416280905406,0.13912856280803682,0.1546730637550354
rmse,model,sst,1940,0.1460136353969574,0.139380344748497,0.15331465005874634
rmse,model,sst,1950,0.14544717570145924,0.13842154443264007,0.15375411212444307
rmse,model,sst,1960,0.14524682462215424,0.1384937584400177,0.15384815037250518
rmse,model,sst,1970,0.1452332119146983,0.13856518268585205,0.1527654379606247
rmse,model,sst,1980,0.144194558262825,0.13796650171279906,0.15305830538272858
rmse,model,sst,1990,0.14362312654654186,0.1376451462507248,0.15304350554943086
rmse,model,sst,2000,0.14488991896311443,0.13880879282951356,0.15901945531368256
rmse,climatology,sst,0,0.06765422026316324,0.06524287611246109,0.07052226066589355
rmse,climatology,sst,10,0.06739832858244578,0.06482550948858261,0.0701278179883957
rmse,climatology,sst,20,0.067283462981383,0.06470469832420349,0.07027016282081604
rmse,climatology,sst,30,0.06703128119309744,0.06536100208759307,0.06920300126075744
rmse,climatology,sst,40,0.06712214301029841,0.06444825977087021,0.07103180140256882
rmse,climatology,sst,50,0.06704978148142497,0.06477125138044357,0.07110249698162079
rmse,climatology,sst,60,0.0669188251097997,0.06456606239080429,0.06961838006973267
rmse,climatology,sst,70,0.06746003677447637,0.06546645760536193,0.0715750738978386
rmse,climatology,sst,80,0.06762956231832504,0.06504063457250595,0.0709963858127594
rmse,climatology,sst,90,0.06704035997390748,0.06427464634180069,0.06958734393119811
rmse,climatology,sst,100,0.06731063574552536,0.06435166150331498,0.07079731673002243
rmse,climatology,sst,110,0.0673741266131401,0.06503218710422516,0.07093695104122162
rmse,climatology,sst,120,0.06714508384466171,0.06467454880475998,0.07107618153095245
rmse,climatology,sst,130,0.0673269232114156,0.06348225772380829,0.0712367907166481
rmse,climatology,sst,140,0.0679478148619334,0.0665465995669365,0.0701767161488533
rmse,climatology,sst,150,0.06802827517191569,0.06521768718957902,0.07165284305810929
rmse,climatology,sst,160,0.06800222645203273,0.06517119407653808,0.07129792273044586
rmse,climatology,sst,170,0.0681503469745318,0.06585940569639206,0.07078300267457963
rmse,climatology,sst,180,0.0682440827290217,0.06514080017805099,0.07149013578891754
rmse,climatology,sst,190,0.06853156139453252,0.06536256074905396,0.07193261384963989
rmse,climatology,sst,200,0.06889116714398066,0.06673614382743835,0.07199627310037612
rmse,climatology,sst,210,0.06873137851556142,0.06539705544710159,0.0713296577334404
rmse,climatology,sst,220,0.06869259079297384,0.06527185887098312,0.07109476923942566
rmse,climatology,sst,230,0.06920026143391927,0.06559280753135681,0.0721712127327919
rmse,climatology,sst,240,0.06881626298030218,0.06495224684476852,0.07329278588294982
rmse,climatology,sst,250,0.06859265764554341,0.06556684672832488,0.07110058814287186
rmse,climatology,sst,260,0.0687648077805837,0.06552004367113114,0.07138215005397797
rmse,climatology,sst,270,0.06852210561434428,0.0654212325811386,0.07177381068468094
rmse,climatology,sst,280,0.06810767153898875,0.0651145726442337,0.07067510783672333
rmse,climatology,sst,290,0.06810137182474137,0.06514596492052079,0.07090691477060318
rmse,climatology,sst,300,0.06820940673351288,0.06504621207714081,0.07157461196184159
rmse,climatology,sst,310,0.06795685291290283,0.06530928015708923,0.07117878496646882
rmse,climatology,sst,320,0.06763770828644435,0.0657700851559639,0.07010310143232346
rmse,climatology,sst,330,0.06749535749355952,0.06465043276548385,0.07107250690460205
rmse,climatology,sst,340,0.06724137316147487,0.06541245430707932,0.06948996037244796
rmse,climatology,sst,350,0.06735323121150334,0.06443107575178146,0.07116283625364303
rmse,climatology,sst,360,0.0674531489610672,0.06487161964178086,0.07135177999734879
rmse,climatology,sst,370,0.06724060028791427,0.064889095723629,0.06997541636228562
rmse,climatology,sst,380,0.0676750694712003,0.06532407402992249,0.07099305540323257
rmse,climatology,sst,390,0.06801694681247075,0.06576153188943863,0.07129809260368347
rmse,climatology,sst,400,0.06739099274079005,0.06398198157548904,0.06988835781812668
rmse,climatology,sst,410,0.06759882867336273,0.06439145505428315,0.07098798453807831
rmse,climatology,sst,420,0.06777523010969162,0.06541774421930313,0.07115576863288879
rmse,climatology,sst,430,0.067605093618234,0.06480250358581544,0.0714973822236061
rmse,climatology,sst,440,0.06769697815179825,0.06376413553953171,0.0713574081659317
rmse,climatology,sst,450,0.0681900088985761,0.06624746769666671,0.07040253281593323
rmse,climatology,sst,460,0.06842937618494034,0.06527526080608367,0.07164878696203232
rmse,climatology,sst,470,0.06847217530012131,0.06565555930137634,0.07127760946750641
rmse,climatology,sst,480,0.06850642909606298,0.06665288805961608,0.0718170240521431
rmse,climatology,sst,490,0.06872591078281402,0.06572906374931335,0.0712744191288948
rmse,climatology,sst,500,0.06890987306833267,0.06493493914604187,0.07204495817422867
rmse,climatology,sst,510,0.06916760504245759,0.06681521981954575,0.07255838513374328
rmse,climatology,sst,520,0.0690656691789627,0.0658441036939621,0.07191456854343414
rmse,climatology,sst,530,0.06887314269940058,0.06499716788530349,0.07114744633436203
rmse,climatology,sst,540,0.06934169282515844,0.06580037325620651,0.07191605120897293
rmse,climatology,sst,550,0.06915404548247656,0.06566871851682662,0.07374302446842193
rmse,climatology,sst,560,0.06863003174463908,0.06538928598165512,0.07151120007038117
rmse,climatology,sst,570,0.06876965959866842,0.06568148732185364,0.07150064557790756
rmse,climatology,sst,580,0.06864965558052064,0.06538306921720505,0.07152789533138275
rmse,climatology,sst,590,0.06818216890096665,0.06564364582300186,0.07097817808389664
rmse,climatology,sst,600,0.06808080524206161,0.06528200656175613,0.07109153419733047
rmse,climatology,sst,610,0.06836446424325307,0.06529331803321839,0.07183503806591034
rmse,climatology,sst,620,0.06807566235462824,0.06536356806755066,0.07089723795652389
rmse,climatology,sst,630,0.0677497590581576,0.06587458550930023,0.07031008303165436
rmse,climatology,sst,640,0.06751353144645691,0.06457717716693878,0.07109746932983399
rmse,climatology,sst,650,0.0672999938329061,0.06542439758777618,0.0700651839375496
rmse,climatology,sst,660,0.06743387579917907,0.06446666270494461,0.07080851644277572
rmse,climatology,sst,670,0.06762700378894806,0.06514524817466735,0.07172103226184845
rmse,climatology,sst,680,0.06740688731273016,0.06472956240177155,0.07043797075748444
rmse,climatology,sst,690,0.06763844390710196,0.06513729244470597,0.07012117505073548
rmse,climatology,sst,700,0.06812272717555364,0.0664286658167839,0.07136023938655853
rmse,climatology,sst,710,0.06757314205169677,0.0640046626329422,0.0699624240398407
rmse,climatology,sst,720,0.06762052575747173,0.06459652036428451,0.07107258886098862
rmse,climatology,sst,730,0.06795393725236257,0.06528642177581787,0.07124175280332565
rmse,climatology,sst,740,0.06784246762593588,0.06466945856809617,0.07135961502790451
rmse,climatology,sst,750,0.06786221911509832,0.0644992858171463,0.07207684963941574
rmse,climatology,sst,760,0.06825615813334783,0.06547971814870834,0.07086683809757233
rmse,climatology,sst,770,0.06858189304669698,0.06548749655485153,0.0716537281870842
rmse,climatology,sst,780,0.06872414648532868,0.06556383669376373,0.07129695862531663
rmse,climatology,sst,790,0.06874276300271352,0.06679968386888505,0.07208538204431533
rmse,climatology,sst,800,0.06898177266120911,0.06613111048936844,0.07133520245552064
rmse,climatology,sst,810,0.06910590479771296,0.06533669978380204,0.07182029336690902
rmse,climatology,sst,820,0.06926005085309346,0.0667091190814972,0.07309235483407975
rmse,climatology,sst,830,0.06920493245124817,0.06617108434438705,0.07194378674030304
rmse,climatology,sst,840,0.06896712183952332,0.06487589478492736,0.07198076993227005
rmse,climatology,sst,850,0.06933468927939733,0.06583250761032104,0.07192413806915283
rmse,climatology,sst,860,0.06937072376410167,0.06599518954753876,0.07370129972696304
rmse,climatology,sst,870,0.06858859807252884,0.06507856696844101,0.07206115275621414
rmse,climatology,sst,880,0.06869104901949565,0.0658966451883316,0.07139845192432404
rmse,climatology,sst,890,0.06859436978896459,0.06547130197286606,0.07074928283691406
rmse,climatology,sst,900,0.06821165482203166,0.06591858267784119,0.0706312671303749
rmse,climatology,sst,910,0.0680755173166593,0.06562091410160065,0.07125284373760224
rmse,climatology,sst,920,0.06839116861422857,0.0648752510547638,0.07192607820034028
rmse,climatology,sst,930,0.06813544084628423,0.06522019803524018,0.07098076045513153
rmse,climatology,sst,940,0.06783377279837927,0.0656989261507988,0.07051138132810593
rmse,climatology,sst,950,0.06754731088876724,0.0644421324133873,0.07131745666265488
rmse,climatology,sst,960,0.06733677436908087,0.06516075581312179,0.07042644768953324
rmse,climatology,sst,970,0.06751494059960048,0.06476866155862808,0.07058273553848267
rmse,climatology,sst,980,0.067762724061807,0.06515572220087051,0.07188527286052704
rmse,climatology,sst,990,0.06749318987131118,0.0647076353430748,0.07070358842611313
rmse,climatology,sst,1000,0.0675922895471255,0.0651705577969551,0.07017979770898819
rmse,climatology,sst,1010,0.06817956467469534,0.0663502961397171,0.07120979875326157
rmse,climatology,sst,1020,0.06775251279274623,0.06425678282976151,0.07005971372127533
rmse,climatology,sst,1030,0.06759729335705439,0.0649451419711113,0.07151723355054855
rmse,climatology,sst,1040,0.06812696307897567,0.06499092876911164,0.07132634967565536
rmse,climatology,sst,1050,0.06809901148080826,0.06465089470148086,0.07122939527034759
rmse,climatology,sst,1060,0.0680117999513944,0.06518816351890563,0.0724039226770401
rmse,climatology,sst,1070,0.06834050516287486,0.0655982330441475,0.0711800917983055
rmse,climatology,sst,1080,0.0687367727359136,0.06579378843307496,0.07131909728050231
rmse,climatology,sst,1090,0.06891246736049653,0.06554564088582993,0.0714456245303154
rmse,climatology,sst,1100,0.06898292005062104,0.06677381545305253,0.0720995232462883
rmse,climatology,sst,1110,0.06917602916558584,0.06649074405431747,0.07193522602319717
rmse,climatology,sst,1120,0.06923594623804093,0.0652252271771431,0.0715649276971817
rmse,climatology,sst,1130,0.0693548485636711,0.06653951406478882,0.07324353903532028
rmse,climatology,sst,1140,0.06930237660805384,0.0665365606546402,0.07204700857400895
rmse,climatology,sst,1150,0.06906551072994868,0.06478803306818008,0.0724086731672287
rmse,climatology,sst,1160,0.06934338758389155,0.06571462005376816,0.07226999402046204
rmse,climatology,sst,1170,0.0695592612028122,0.0660877913236618,0.07361581921577454
rmse,climatology,sst,1180,0.06863112250963847,0.06510033756494522,0.0723669946193695
rmse,climatology,sst,1190,0.06861170331637065,0.06604432165622712,0.07100150883197784
rmse,climatology,sst,1200,0.06861050476630529,0.06558721214532852,0.07059798836708069
rmse,climatology,sst,1210,0.0682990461587906,0.0662792444229126,0.07055367678403854
rmse,climatology,sst,1220,0.06813497443993886,0.06587346345186233,0.07116996198892593
rmse,climatology,sst,1230,0.06842025220394135,0.064766263961792,0.07189767807722092
rmse,climatology,sst,1240,0.06828090598185857,0.06530447900295258,0.07120798230171203
rmse,climatology,sst,1250,0.06798870464166006,0.06603360772132874,0.07052619457244873
rmse,climatology,sst,1260,0.0676813746492068,0.06468793004751205,0.07175949662923813
rmse,climatology,sst,1270,0.0675357922911644,0.0652332529425621,0.07049378603696824
rmse,climatology,sst,1280,0.06765498220920563,0.06528906524181366,0.07053823918104171
rmse,climatology,sst,1290,0.06796956310669582,0.065278160572052,0.07205965369939804
rmse,climatology,sst,1300,0.06765270034472147,0.064766263961792,0.07094366997480392
rmse,climatology,sst,1310,0.06767541567484538,0.06523231267929078,0.07081177234649658
rmse,climatology,sst,1320,0.0683026651541392,0.06594050526618958,0.07070985585451126
rmse,climatology,sst,1330,0.06796877980232238,0.06485522091388703,0.07018283158540725
rmse,climatology,sst,1340,0.06769820700089137,0.06511291116476059,0.07187768071889877
rmse,climatology,sst,1350,0.06837614923715592,0.06503749340772629,0.071490778028965
rmse,climatology,sst,1360,0.06841310908397039,0.06515163779258729,0.07153139561414719
rmse,climatology,sst,1370,0.06826012680927912,0.06576981395483017,0.07263774126768112
rmse,climatology,sst,1380,0.06856867223978043,0.06582554876804352,0.07149916887283325
rmse,climatology,sst,1390,0.06895770579576492,0.0661945402622223,0.07161979675292969
rmse,climatology,sst,1400,0.06915951818227768,0.06565315723419189,0.07183145135641097
rmse,climatology,sst,1410,0.06929610719283422,0.06687312126159668,0.07223955541849136
rmse,climatology,sst,1420,0.0694096768895785,0.06657862961292267,0.07233943194150924
rmse,climatology,sst,1430,0.06943456083536148,0.06539658755064011,0.07170539945363999
rmse,climatology,sst,1440,0.06954308400551477,0.06672333925962448,0.0733174130320549
rmse,climatology,sst,1450,0.06947266707817713,0.06684602648019791,0.07233282029628754
rmse,climatology,sst,1460,0.06921301285425822,0.06503982841968536,0.07270501852035523
rmse,climatology,sst,1470,0.0695079137881597,0.06609251201152802,0.0725452408194542
rmse,climatology,sst,1480,0.0697509840130806,0.06639591157436371,0.07365119159221649
rmse,climatology,sst,1490,0.06879345774650573,0.06561345160007477,0.07237878441810608
rmse,climatology,sst,1500,0.06864984134833017,0.06608971655368805,0.07057586014270782
rmse,climatology,sst,1510,0.06876193682352702,0.06580039113759995,0.0709364652633667
rmse,climatology,sst,1520,0.06848993748426438,0.06680623590946197,0.07072603851556777
rmse,climatology,sst,1530,0.06830771267414093,0.06604049801826477,0.07124815136194229
rmse,climatology,sst,1540,0.06857202897469203,0.06492689996957779,0.07210573703050613
rmse,climatology,sst,1550,0.06849641452232996,0.06569698750972748,0.07143329828977585
rmse,climatology,sst,1560,0.06825978259245555,0.06656319051980972,0.07056351900100707
rmse,climatology,sst,1570,0.06794239977995555,0.0651542067527771,0.07207504361867904
rmse,climatology,sst,1580,0.06780060331026713,0.06547273546457291,0.07067985683679581
rmse,climatology,sst,1590,0.0679480532805125,0.06588024944067002,0.07093722373247147
rmse,climatology,sst,1600,0.06823641508817672,0.06556455045938492,0.07203006595373154
rmse,climatology,sst,1610,0.06789374848206838,0.06492689996957779,0.0711994618177414
rmse,climatology,sst,1620,0.06790116528669993,0.06548934876918792,0.07140513509511948
rmse,climatology,sst,1630,0.06856169551610947,0.0662127748131752,0.07092468589544296
rmse,climatology,sst,1640,0.06819986005624136,0.06550144553184509,0.07037699222564697
rmse,climatology,sst,1650,0.06790783653656642,0.06511739641427994,0.07217030972242355
rmse,climatology,sst,1660,0.06869039386510849,0.0656070202589035,0.07165651768445969
rmse,climatology,sst,1670,0.06880424469709397,0.06569774448871613,0.07182961851358413
rmse,climatology,sst,1680,0.06859607597192129,0.06607876867055892,0.07265015691518784
rmse,climatology,sst,1690,0.06889018366734187,0.06629831045866012,0.07197878509759903
rmse,climatology,sst,1700,0.06927550385395685,0.0665104940533638,0.07184613049030304
rmse,climatology,sst,1710,0.06947382042805354,0.06567486524581909,0.07216118425130844
rmse,climatology,sst,1720,0.06964650601148606,0.06716399639844894,0.07237495630979537
rmse,climatology,sst,1730,0.06969112207492192,0.06664875149726868,0.07245545536279678
rmse,climatology,sst,1740,0.06969445943832397,0.06568956673145294,0.07192467898130417
rmse,climatology,sst,1750,0.06980863312880198,0.06708290576934814,0.07334666252136231
rmse,climatology,sst,1760,0.0696654349565506,0.0670488640666008,0.07252615243196488
rmse,climatology,sst,1770,0.06935318311055501,0.06550682038068771,0.07265070825815201
rmse,climatology,sst,1780,0.06971034705638886,0.06647241413593293,0.07260779291391373
rmse,climatology,sst,1790,0.06993720432122548,0.06646223813295364,0.07368045002222061
rmse,climatology,sst,1800,0.06891929308573405,0.06602428257465362,0.0725270688533783
rmse,climatology,sst,1810,0.06876287957032522,0.06645595282316208,0.07095299661159515
rmse,climatology,sst,1820,0.06894385864337285,0.06619734168052674,0.07126342356204987
rmse,climatology,sst,1830,0.06866503904263178,0.06701755970716476,0.07093919068574905
rmse,climatology,sst,1840,0.06843352367480596,0.06627503484487533,0.07138965278863907
rmse,climatology,sst,1850,0.06873250007629395,0.06509544402360916,0.07238836288452148
rmse,climatology,sst,1860,0.06873264263073603,0.06613238304853439,0.07165582031011582
rmse,climatology,sst,1870,0.06846283872922261,0.06700256913900375,0.07081505954265595
rmse,climatology,sst,1880,0.06820355455080668,0.06585833579301834,0.07243655472993851
rmse,climatology,sst,1890,0.06807976911465327,0.06579877734184265,0.07089484483003616
rmse,climatology,sst,1900,0.06819573640823365,0.06623454540967941,0.07136124223470688
rmse,climatology,sst,1910,0.06847350746393203,0.06605280637741089,0.07205692529678345
rmse,climatology,sst,1920,0.06812888830900192,0.06502787917852401,0.07148244231939316
rmse,climatology,sst,1930,0.06816769391298294,0.06568958312273025,0.07207748144865037
rmse,climatology,sst,1940,0.06881101330121359,0.0665883406996727,0.07134379595518112
rmse,climatology,sst,1950,0.06844418793916703,0.06581066846847534,0.0708602100610733
rmse,climatology,sst,1960,0.06822412560383478,0.06531555205583572,0.07252520918846131
rmse,climatology,sst,1970,0.06899712880452474,0.06612536013126373,0.07183992117643356
rmse,climatology,sst,1980,0.0691443145275116,0.06614959239959717,0.07219646871089935
rmse,climatology,sst,1990,0.06897448201974234,0.06658715903759002,0.0726498007774353
rmse,climatology,sst,2000,0.06922380725542704,0.06677103340625763,0.07229585349559783
rmse,persistence,sst,0,0.0,0.0,0.0
rmse,persistence,sst,10,0.04569019749760628,0.04317374750971794,0.048720895498991015
rmse,persistence,sst,20,0.07589369118213654,0.07218614369630813,0.07908024936914444
rmse,persistence,sst,30,0.09679351399342219,0.09485371857881546,0.09869481921195984
rmse,persistence,sst,40,0.11044247349103292,0.10898880809545516,0.11282086372375488
rmse,persistence,sst,50,0.11393940250078836,0.1113772913813591,0.11574542969465255
rmse,persistence,sst,60,0.11283716162045797,0.10992883741855622,0.11511252522468567
rmse,persistence,sst,70,0.10767771601676941,0.10289997160434723,0.11222769618034363
rmse,persistence,sst,80,0.0990928108493487,0.09060764908790589,0.10635468363761902
rmse,persistence,sst,90,0.08961677352587381,0.07620857656002045,0.09940782487392426
rmse,persistence,sst,100,0.08097769369681676,0.06910548359155655,0.09756824225187302
rmse,persistence,sst,110,0.08260329564412434,0.07442371249198913,0.09649111479520797
rmse,persistence,sst,120,0.08913113872210185,0.0836675688624382,0.09734248965978623
rmse,persistence,sst,130,0.09502928058306376,0.09167764931917191,0.09979482889175414
rmse,persistence,sst,140,0.10172557532787323,0.09799625277519226,0.10555758774280548
rmse,persistence,sst,150,0.10007798373699188,0.09726825803518295,0.10350355356931687
rmse,persistence,sst,160,0.09690899401903152,0.09483100324869156,0.10037963241338729
rmse,persistence,sst,170,0.09503814627726873,0.09194659888744354,0.100503371655941
rmse,persistence,sst,180,0.08830475161472956,0.08044881522655487,0.09487186074256897
rmse,persistence,sst,190,0.08565331250429153,0.07453804165124893,0.0946032464504242
rmse,persistence,sst,200,0.08757879634698232,0.07321557104587555,0.09815832376480102
rmse,persistence,sst,210,0.09199087073405583,0.07822696715593339,0.10374392718076705
rmse,persistence,sst,220,0.10008614361286164,0.09074515998363494,0.10771544277667999
rmse,persistence,sst,230,0.1066481759150823,0.0988579586148262,0.11065864562988281
rmse,persistence,sst,240,0.1121530994772911,0.10749752670526505,0.11817124187946319
rmse,persistence,sst,250,0.11441157460212707,0.11127278953790665,0.11808933168649674
rmse,persistence,sst,260,0.11219239880641302,0.11069268435239792,0.11355690509080887
rmse,persistence,sst,270,0.10522546221812566,0.10193941593170167,0.10786355286836624
rmse,persistence,sst,280,0.08652829478184382,0.08417314887046815,0.08919720947742463
rmse,persistence,sst,290,0.06105562920371691,0.058468809723854064,0.0635237991809845
rmse,persistence,sst,300,0.03461973493297895,0.03042895793914795,0.040078483521938324
rmse,persistence,sst,310,0.025496587281425794,0.023184611275792123,0.027001486346125602
rmse,persistence,sst,320,0.061930683255195615,0.05809123739600182,0.06451784372329712
rmse,persistence,sst,330,0.08863773494958878,0.0842019960284233,0.09169536232948303
rmse,persistence,sst,340,0.10359863787889481,0.10155952721834183,0.10543161779642105
rmse,persistence,sst,350,0.11294024338324865,0.11114418655633926,0.11481830775737763
rmse,persistence,sst,360,0.11396165291468302,0.11149995177984237,0.11635162830352783
rmse,persistence,sst,370,0.11009334673484167,0.1066401407122612,0.112893944978714
rmse,persistence,sst,380,0.10312707523504892,0.09667593538761139,0.10862239599227905
rmse,persistence,sst,390,0.09276006172100702,0.08197730779647827,0.10226255804300308
rmse,persistence,sst,400,0.08437050928672155,0.06875870525836944,0.096587635576725
rmse,persistence,sst,410,0.08053891509771346,0.06686385720968246,0.09510134756565095
rmse,persistence,sst,420,0.08708186348279318,0.07886834442615509,0.09886341243982315
rmse,persistence,sst,430,0.09657999326785406,0.09162974953651429,0.10330307632684707
rmse,persistence,sst,440,0.10092958261569342,0.09768700748682022,0.10463724732398987
rmse,persistence,sst,450,0.10452872713406881,0.10130711495876313,0.10739906430244446
rmse,persistence,sst,460,0.10054624030987422,0.09782827347517013,0.10315248519182205
rmse,persistence,sst,470,0.09237750420967737,0.08975178450345993,0.09627189934253692
rmse,persistence,sst,480,0.08862677564223607,0.08385130912065505,0.09605986773967742
rmse,persistence,sst,490,0.08294984847307205,0.0707200214266777,0.09124491363763809
rmse,persistence,sst,500,0.08315663188695907,0.07021770626306534,0.09445881694555283
rmse,persistence,sst,510,0.09027068912982941,0.0757166862487793,0.10039291977882385
rmse,persistence,sst,520,0.0970616395274798,0.08518750667572021,0.10662485957145691
rmse,persistence,sst,530,0.10500812331835428,0.09846162348985672,0.11089428663253784
rmse,persistence,sst,540,0.1104554831981659,0.10506495088338852,0.11443919688463211
rmse,persistence,sst,550,0.11374985625346502,0.10963144600391388,0.11912019997835159
rmse,persistence,sst,560,0.11373566190401713,0.11000269204378128,0.11748924851417542
rmse,persistence,sst,570,0.10779811640580496,0.10527170896530151,0.10939761400222778
rmse,persistence,sst,580,0.09682924201091131,0.09435063749551773,0.09974805265665054
rmse,persistence,sst,590,0.07485050410032272,0.07229149788618087,0.07778373658657074
rmse,persistence,sst,600,0.04701211825013161,0.0441720150411129,0.04939641356468201
rmse,persistence,sst,610,0.0367432768146197,0.0322904571890831,0.04386650547385216
rmse,persistence,sst,620,0.04771881029009819,0.044138746708631514,0.050236727297306064
rmse,persistence,sst,630,0.07542270670334499,0.0710051789879799,0.07843832671642303
rmse,persistence,sst,640,0.09712236175934473,0.0928873896598816,0.09997099339962005
rmse,persistence,sst,650,0.10711748351653418,0.10558176934719085,0.10887694805860519
rmse,persistence,sst,660,0.1128680502374967,0.1108092188835144,0.11452037692070008
rmse,persistence,sst,670,0.1122379978497823,0.10989963859319687,0.11536349207162858
rmse,persistence,sst,680,0.10594608088334402,0.10122464299201965,0.10937339961528778
rmse,persistence,sst,690,0.09748279203971227,0.0879056915640831,0.10457246750593185
rmse,persistence,sst,700,0.08679885864257812,0.07336491197347642,0.09984528720378875
rmse,persistence,sst,710,0.0813536653916041,0.0653502807021141,0.09499603807926178
rmse,persistence,sst,720,0.08349024802446366,0.07073338627815247,0.09566614031791687
rmse,persistence,sst,730,0.09275325040022532,0.08595170080661774,0.10117812305688859
rmse,persistence,sst,740,0.10261405656735102,0.09887505024671554,0.10801970362663268
rmse,persistence,sst,750,0.10489267657200495,0.10313324183225632,0.10786350667476655
rmse,persistence,sst,760,0.10480262190103531,0.10236675292253494,0.10723741054534912
rmse,persistence,sst,770,0.09893361826737722,0.09617679417133332,0.10125102698802949
rmse,persistence,sst,780,0.08684644103050232,0.0833721935749054,0.09225751757621765
rmse,persistence,sst,790,0.08192724734544754,0.07418255358934403,0.09077250361442565
rmse,persistence,sst,800,0.07988253061970076,0.06511548906564713,0.08948248475790024
rmse,persistence,sst,810,0.08388651311397552,0.07032572478055954,0.09578933417797089
rmse,persistence,sst,820,0.09452399810155233,0.08202768713235856,0.10347919464111328
rmse,persistence,sst,830,0.10233047157526017,0.09302244931459427,0.10948275327682495
rmse,persistence,sst,840,0.10898577769597372,0.10329775214195251,0.11355740576982498
rmse,persistence,sst,850,0.11292044371366501,0.10978353172540664,0.11746123731136322
rmse,persistence,sst,860,0.11373090296983719,0.11031614542007447,0.11824341267347335
rmse,persistence,sst,870,0.11089082062244415,0.10648226588964463,0.11547270119190216
rmse,persistence,sst,880,0.1008202279607455,0.09644984155893326,0.1036955624818802
rmse,persistence,sst,890,0.08527546127637227,0.08256020545959472,0.08815947324037551
rmse,persistence,sst,900,0.06239375919103622,0.05872061997652054,0.06610323488712311
rmse,persistence,sst,910,0.04003551776210467,0.03513599410653114,0.04314170405268669
rmse,persistence,sst,920,0.04983317429820697,0.04581395015120506,0.05484171435236931
rmse,persistence,sst,930,0.06688308989008268,0.06283809840679169,0.06963169425725937
rmse,persistence,sst,940,0.08624283323685328,0.08233972638845444,0.08883547633886338
rmse,persistence,sst,950,0.10251950472593307,0.09934167563915253,0.1050899088382721
rmse,persistence,sst,960,0.10858660886685054,0.1063045859336853,0.11037269085645676
rmse,persistence,sst,970,0.11112653166055679,0.10839123725891113,0.11244843900203705
rmse,persistence,sst,980,0.10894670287768046,0.10536333322525024,0.11303421556949615
rmse,persistence,sst,990,0.10047603597243628,0.09379004240036011,0.10583446323871612
rmse,persistence,sst,1000,0.09107893258333206,0.07784328907728195,0.10104837119579316
rmse,persistence,sst,1010,0.08233369688193003,0.06822948455810547,0.09894905090332032
rmse,persistence,sst,1020,0.08175214529037475,0.06802880018949509,0.09435217678546906
rmse,persistence,sst,1030,0.08892341802517573,0.07945503145456315,0.09940390884876252
rmse,persistence,sst,1040,0.0987815092007319,0.09394682347774505,0.10442282110452653
rmse,persistence,sst,1050,0.1070573478937149,0.10399055927991867,0.11094640493392945
rmse,persistence,sst,1060,0.10692869822184245,0.10425032675266266,0.11014532446861267
rmse,persistence,sst,1070,0.10304270436366399,0.10080117732286453,0.10569995045661926
rmse,persistence,sst,1080,0.09534921248753865,0.09226684421300888,0.09855078756809235
rmse,persistence,sst,1090,0.0811052252848943,0.07409446090459823,0.08810769021511078
rmse,persistence,sst,1100,0.07647926782568296,0.06418314874172211,0.08675758838653565
rmse,persistence,sst,1110,0.07989107469717661,0.062426832318305966,0.09080862253904343
rmse,persistence,sst,1120,0.08748405973116556,0.07421872168779373,0.0985075667500496
rmse,persistence,sst,1130,0.09938699255386989,0.08984856456518173,0.1066330686211586
rmse,persistence,sst,1140,0.10710901568333307,0.10093013048171998,0.11228530704975129
rmse,persistence,sst,1150,0.11196697056293488,0.1066598653793335,0.11589439958333969
rmse,persistence,sst,1160,0.11397078335285186,0.11147662550210953,0.11881407648324967
rmse,persistence,sst,1170,0.11192940771579743,0.10858921855688095,0.1154247522354126
rmse,persistence,sst,1180,0.10532450526952744,0.10070252418518066,0.11056233644485473
rmse,persistence,sst,1190,0.09060245056947072,0.0848816379904747,0.09467552006244659
rmse,persistence,sst,1200,0.07125399112701417,0.06830664575099946,0.07421138882637024
rmse,persistence,sst,1210,0.052416053414344785,0.046778641641139984,0.05863504409790039
rmse,persistence,sst,1220,0.04641640409827232,0.04155855402350426,0.05045274645090103
rmse,persistence,sst,1230,0.06646278550227483,0.06302770525217057,0.0691145583987236
rmse,persistence,sst,1240,0.08245860238869986,0.07897498607635497,0.08515728712081909
rmse,persistence,sst,1250,0.09444451083739598,0.0917120024561882,0.09670726358890533
rmse,persistence,sst,1260,0.10547874669233957,0.10354135930538177,0.10816098302602768
rmse,persistence,sst,1270,0.10841056257486344,0.10551719665527344,0.11076342761516571
rmse,persistence,sst,1280,0.10796266496181488,0.10442041307687759,0.10988061726093293
rmse,persistence,sst,1290,0.10402290473381678,0.09971903562545777,0.10942665785551071
rmse,persistence,sst,1300,0.0939306989312172,0.08450814932584763,0.10277740061283111
rmse,persistence,sst,1310,0.08505677332480749,0.06984364092350007,0.09849540442228318
rmse,persistence,sst,1320,0.0809767410159111,0.06847811192274093,0.09628133922815323
rmse,persistence,sst,1330,0.0858068863550822,0.07664431780576705,0.09532900303602218
rmse,persistence,sst,1340,0.09546365390221277,0.08909197151660919,0.10356678962707519
rmse,persistence,sst,1350,0.104128863910834,0.10060723125934601,0.10808457732200623
rmse,persistence,sst,1360,0.10969745963811875,0.10631577968597412,0.11260547637939453
rmse,persistence,sst,1370,0.10675496260325114,0.10360959768295289,0.110491843521595
rmse,persistence,sst,1380,0.09945703943570455,0.09700993597507476,0.10293534398078918
rmse,persistence,sst,1390,0.09022487004597982,0.08554838001728057,0.09524926990270614
rmse,persistence,sst,1400,0.07608908464511235,0.06434213370084763,0.08563202917575836
rmse,persistence,sst,1410,0.07418633351723353,0.05745395720005035,0.08592709749937058
rmse,persistence,sst,1420,0.08304735471804937,0.06552468836307526,0.09381947815418243
rmse,persistence,sst,1430,0.09280335108439128,0.08170115202665329,0.10181808769702912
rmse,persistence,sst,1440,0.10420841574668885,0.09748158156871796,0.10953707247972488
rmse,persistence,sst,1450,0.11097619285186132,0.10671832114458084,0.11453156769275666
rmse,persistence,sst,1460,0.11376811613639196,0.1090955913066864,0.11704284548759461
rmse,persistence,sst,1470,0.11329966088136037,0.11067886203527451,0.11762817353010177
rmse,persistence,sst,1480,0.10767404735088348,0.10353379547595978,0.11034477800130844
rmse,persistence,sst,1490,0.09637704541285833,0.09134151041507721,0.10148370414972305
rmse,persistence,sst,1500,0.07712347209453582,0.07057110816240311,0.08236551731824875
rmse,persistence,sst,1510,0.05785792296131452,0.05442705452442169,0.06130757480859757
rmse,persistence,sst,1520,0.05176826491951943,0.04559723287820816,0.05981865599751472
rmse,persistence,sst,1530,0.06184055805206299,0.05769974142313004,0.06464987695217132
rmse,persistence,sst,1540,0.08212816218535106,0.07889306545257568,0.08411961942911148
rmse,persistence,sst,1550,0.09369644125302633,0.09090548455715179,0.09579680562019348
rmse,persistence,sst,1560,0.09979052295287451,0.09793328493833542,0.1022026002407074
rmse,persistence,sst,1570,0.1064048687616984,0.10419943928718567,0.10939319133758545
rmse,persistence,sst,1580,0.10650397688150406,0.10307668000459672,0.10965503603219987
rmse,persistence,sst,1590,0.10341315567493439,0.0995043620467186,0.10655592530965804
rmse,persistence,sst,1600,0.09761632978916168,0.09061022400856018,0.10455349832773209
rmse,persistence,sst,1610,0.08717672526836395,0.07545533031225204,0.10052348524332047
rmse,persistence,sst,1620,0.08151314904292424,0.06785623878240585,0.09599376916885376
rmse,persistence,sst,1630,0.0837747797369957,0.07349569946527482,0.09443621188402176
rmse,persistence,sst,1640,0.09227185199658076,0.08708461225032807,0.09898245632648468
rmse,persistence,sst,1650,0.10166579236586888,0.09766395390033722,0.10700982362031937
rmse,persistence,sst,1660,0.10794599503278732,0.10568975955247879,0.11086922287940978
rmse,persistence,sst,1670,0.1102999433875084,0.10769815593957902,0.1136713907122612
rmse,persistence,sst,1680,0.10415588070948918,0.10081853866577148,0.10824798196554183
rmse,persistence,sst,1690,0.09427284797032674,0.08976800292730332,0.09848980009555816
rmse,persistence,sst,1700,0.08465445836385091,0.07697090357542039,0.09284424781799316
rmse,persistence,sst,1710,0.0731137956182162,0.05682999342679977,0.0847730129957199
rmse,persistence,sst,1720,0.07617457906405131,0.05756574645638466,0.08878626823425292
rmse,persistence,sst,1730,0.08840329895416896,0.07370991706848144,0.09771117120981217
rmse,persistence,sst,1740,0.09855690648158391,0.09052521586418152,0.10522725731134415
rmse,persistence,sst,1750,0.10856643070777257,0.10385387986898423,0.11238679736852646
rmse,persistence,sst,1760,0.11361764818429947,0.11039720922708511,0.11608267575502396
rmse,persistence,sst,1770,0.11396610587835312,0.11005071252584457,0.11682662665843964
rmse,persistence,sst,1780,0.11019143809874853,0.10703404843807221,0.11385125666856766
rmse,persistence,sst,1790,0.10000171065330506,0.09571607857942581,0.10199507623910904
rmse,persistence,sst,1800,0.08362167576948802,0.0783830538392067,0.08938142955303192
rmse,persistence,sst,1810,0.062114272514979044,0.05536665394902229,0.06672082245349883
rmse,persistence,sst,1820,0.051812946796417236,0.04843819215893745,0.0556342251598835
rmse,persistence,sst,1830,0.06246573626995087,0.05785547196865082,0.06896439641714096
rmse,persistence,sst,1840,0.07843900521596273,0.07532508075237274,0.0814799040555954
rmse,persistence,sst,1850,0.09451716989278794,0.09182841330766678,0.09668878465890884
rmse,persistence,sst,1860,0.1007025902469953,0.09912323355674743,0.10234547257423401
rmse,persistence,sst,1870,0.102263543009758,0.10038116425275803,0.10438966900110244
rmse,persistence,sst,1880,0.10535686165094375,0.10282297283411027,0.10884653329849243
rmse,persistence,sst,1890,0.10260919084151586,0.0984876960515976,0.10702687203884124
rmse,persistence,sst,1900,0.09720099071661631,0.09156540185213088,0.1030837282538414
rmse,persistence,sst,1910,0.09039524098237356,0.07941176295280457,0.10174280852079391
rmse,persistence,sst,1920,0.08215349266926447,0.0693275049328804,0.09788072109222412
rmse,persistence,sst,1930,0.08245691458384195,0.07017388045787812,0.09622533470392228
rmse,persistence,sst,1940,0.08990172545115153,0.0827877402305603,0.09915791302919388
rmse,persistence,sst,1950,0.09929208010435105,0.0957075759768486,0.1024138942360878
rmse,persistence,sst,1960,0.10650354574124019,0.10319473147392273,0.11095989793539048
rmse,persistence,sst,1970,0.1095775082707405,0.10735891908407211,0.11219437271356583
rmse,persistence,sst,1980,0.10859617938597997,0.10520938038825989,0.11219691187143326
rmse,persistence,sst,1990,0.09944397409756979,0.09538397938013077,0.10467140823602676
rmse,persistence,sst,2000,0.08829323500394821,0.08066351860761642,0.09406483471393585
acc,selected,surface_u,0,1.0,1.0,1.0
acc,selected,surface_u,10,0.9736600001653035,0.9690758466720581,0.9798579692840577
acc,selected,surface_u,20,0.9458855628967285,0.9338608860969544,0.9559563040733338
acc,selected,surface_u,30,0.9237768769264221,0.9051338315010071,0.9418827295303345
acc,selected,surface_u,40,0.9035645246505737,0.8831255912780762,0.9222525358200073
acc,selected,surface_u,50,0.8825718919436137,0.8669052958488465,0.9046932220458984
acc,selected,surface_u,60,0.8661121845245361,0.8382513284683227,0.8896142959594726
acc,selected,surface_u,70,0.8525279839833577,0.8283148765563965,0.8747042775154114
acc,selected,surface_u,80,0.832730774084727,0.7956685781478882,0.8573227405548096
acc,selected,surface_u,90,0.816019864877065,0.7743657469749451,0.8460666537284851
acc,selected,surface_u,100,0.8029393156369528,0.766827929019928,0.8398743033409118
acc,selected,surface_u,110,0.7796903610229492,0.7436732053756714,0.8097206592559815
acc,selected,surface_u,120,0.7498023708661398,0.6973437309265137,0.7947034120559693
acc,selected,surface_u,130,0.7299029548962911,0.6807076811790467,0.7792159199714661
acc,selected,surface_u,140,0.7046017050743103,0.6373141407966614,0.747632908821106
acc,selected,surface_u,150,0.6826946616172791,0.5867034077644349,0.7270145416259766
acc,selected,surface_u,160,0.6597663323084514,0.6001735091209411,0.7182754635810852
acc,selected,surface_u,170,0.6330109755198161,0.563712728023529,0.6821897387504577
acc,selected,surface_u,180,0.6049785594145457,0.5053041577339172,0.6591780662536622
acc,selected,surface_u,190,0.5825953841209411,0.5082543849945068,0.6336994409561157
acc,selected,surface_u,200,0.5501555601755778,0.4899953484535217,0.6163811802864074
acc,prior,surface_u,0,1.0,1.0,1.0
acc,prior,surface_u,10,0.9038135369618734,0.8845007538795471,0.9240180492401123
acc,prior,surface_u,20,0.8397787928581237,0.8167258381843567,0.8600170612335205
acc,prior,surface_u,30,0.8026489655176798,0.7693719029426574,0.8430205583572388
acc,prior,surface_u,40,0.7684276302655538,0.7382365345954895,0.7935389757156373
acc,prior,surface_u,50,0.7375805735588074,0.701616644859314,0.7781139373779297
acc,prior,surface_u,60,0.7116596062978109,0.6693493843078613,0.752635943889618
acc,prior,surface_u,70,0.6994520545005798,0.6529140114784241,0.7584643721580505
acc,prior,surface_u,80,0.6831417838732402,0.6268882393836975,0.733716857433319
acc,prior,surface_u,90,0.6633968114852905,0.620189082622528,0.7166687846183777
acc,prior,surface_u,100,0.6647776126861572,0.6012830615043641,0.7224146485328674
acc,prior,surface_u,110,0.6617013533910115,0.5837449193000793,0.7171610236167908
acc,prior,surface_u,120,0.652799654006958,0.594750440120697,0.6965407133102417
acc,prior,surface_u,130,0.6414727489153544,0.5854450345039368,0.6916965246200562
acc,prior,surface_u,140,0.6314920862515767,0.5568359375,0.6879847049713135
acc,prior,surface_u,150,0.6151695748170217,0.5258106589317322,0.6818906545639039
acc,prior,surface_u,160,0.596665354569753,0.5195862889289856,0.6651185631752015
acc,prior,surface_u,170,0.5832886715730031,0.5073017358779908,0.6625008583068848
acc,prior,surface_u,180,0.5627969582875569,0.4998273551464081,0.6738847136497498
acc,prior,surface_u,190,0.5419505000114441,0.46490546464920046,0.6506151795387268
acc,prior,surface_u,200,0.5250735859076182,0.4215251266956329,0.6305048108100891
acc,selected,surface_v,0,1.0,1.0,1.0
acc,selected,surface_v,10,0.9330859144528707,0.9230714559555053,0.946716594696045
acc,selected,surface_v,20,0.8951620022455852,0.8745398998260498,0.9228511810302734
acc,selected,surface_v,30,0.867933984597524,0.8412416458129883,0.8933536529541015
acc,selected,surface_v,40,0.8636650721232096,0.8432054400444031,0.8925034046173096
acc,selected,surface_v,50,0.8500295162200928,0.8243822813034057,0.8953140616416931
acc,selected,surface_v,60,0.8439192175865173,0.8052248120307922,0.8953556299209595
acc,selected,surface_v,70,0.8419449289639791,0.7989692568778992,0.8975740551948548
acc,selected,surface_v,80,0.815330712000529,0.7666452527046204,0.8472707867622375
acc,selected,surface_v,90,0.8122247139612834,0.7708637356758118,0.8805864334106446
acc,selected,surface_v,100,0.8150808215141296,0.753413987159729,0.8719119310379029
acc,selected,surface_v,110,0.7859355370203654,0.705122709274292,0.8695834636688232
acc,selected,surface_v,120,0.7628124674161275,0.6893074870109558,0.8425251960754394
acc,selected,surface_v,130,0.7446120778719584,0.6739414811134339,0.806916344165802
acc,selected,surface_v,140,0.7277263283729554,0.635898768901825,0.8258988738059998
acc,selected,surface_v,150,0.7049464861551921,0.5911230683326721,0.7695067763328552
acc,selected,surface_v,160,0.6697679122289022,0.5727261066436767,0.7488534331321717
acc,selected,surface_v,170,0.6258462687333425,0.508982115983963,0.6857429027557373
acc,selected,surface_v,180,0.5865877528985342,0.4401880443096161,0.6880895018577575
acc,selected,surface_v,190,0.5525997658570607,0.44779627919197085,0.6356280684471131
acc,selected,surface_v,200,0.5095410803953807,0.37956128120422367,0.6147109627723694
acc,prior,surface_v,0,1.0,1.0,1.0
acc,prior,surface_v,10,0.759484875202179,0.7392645478248596,0.7848412394523621
acc,prior,surface_v,20,0.6794305761655172,0.6329473257064819,0.7222481369972229
acc,prior,surface_v,30,0.7090793967247009,0.6343030095100403,0.7475388050079346
acc,prior,surface_v,40,0.7056848168373108,0.676833963394165,0.7347127318382263
acc,prior,surface_v,50,0.697045874595642,0.6514620661735535,0.7398159384727478
acc,prior,surface_v,60,0.6959053675333658,0.6315009236335755,0.7360714197158813
acc,prior,surface_v,70,0.6982850193977356,0.6542462348937989,0.7451074361801148
acc,prior,surface_v,80,0.6913602471351623,0.6430785298347473,0.730146300792694
acc,prior,surface_v,90,0.6793180068333944,0.6164402008056641,0.7391284584999085
acc,prior,surface_v,100,0.683243985970815,0.6368634223937988,0.7290661573410034
acc,prior,surface_v,110,0.7037006894747416,0.6628011107444763,0.7428570747375488
acc,prior,surface_v,120,0.6756830811500549,0.6333274960517883,0.7074020028114318
acc,prior,surface_v,130,0.6811604738235474,0.65914466381073,0.7109117031097412
acc,prior,surface_v,140,0.685527217388153,0.6557656407356263,0.7321763873100281
acc,prior,surface_v,150,0.6583580573399862,0.6294055581092834,0.6949887156486512
acc,prior,surface_v,160,0.6585398356119792,0.59274240732193,0.72202570438385
acc,prior,surface_v,170,0.6499394257863362,0.5896572232246399,0.7171332836151123
acc,prior,surface_v,180,0.6391216913859049,0.5704336524009704,0.7158598065376282
acc,prior,surface_v,190,0.6312311192353567,0.5206377267837524,0.724201214313507
acc,prior,surface_v,200,0.6278299848238628,0.5659483075141907,0.6906978487968445
acc,selected,phihyd_surface,0,1.0,1.0,1.0
acc,selected,phihyd_surface,10,0.9296938061714173,0.9191884398460388,0.93568354845047
acc,selected,phihyd_surface,20,0.8760320385297139,0.8597850561141968,0.8876973032951355
acc,selected,phihyd_surface,30,0.8498664657274883,0.8289757132530212,0.8627774596214295
acc,selected,phihyd_surface,40,0.8359480539957682,0.8170109987258911,0.8483150243759155
acc,selected,phihyd_surface,50,0.8237267017364502,0.8084035515785217,0.8399003982543946
acc,selected,phihyd_surface,60,0.8099808931350708,0.7901810526847839,0.8255996108055115
acc,selected,phihyd_surface,70,0.7968654195467632,0.7775704503059387,0.8127668976783753
acc,selected,phihyd_surface,80,0.7817977070808411,0.7614887714385986,0.7987298607826233
acc,selected,phihyd_surface,90,0.7638688643773397,0.7418555855751038,0.7827057600021362
acc,selected,phihyd_surface,100,0.7455549518267314,0.7245018243789673,0.7660487294197083
acc,selected,phihyd_surface,110,0.7234051346778869,0.7008039116859436,0.7450827479362487
acc,selected,phihyd_surface,120,0.7005469163258871,0.6711474776268005,0.7269705772399903
acc,selected,phihyd_surface,130,0.6767355561256408,0.6506257653236389,0.7025745272636413
acc,selected,phihyd_surface,140,0.6477484504381815,0.6241726398468017,0.6760442018508911
acc,selected,phihyd_surface,150,0.6199223796526591,0.5927190899848938,0.6496150493621826
acc,selected,phihyd_surface,160,0.5953023393948873,0.5660431623458863,0.6249641895294189
acc,selected,phihyd_surface,170,0.5673089067141215,0.5398246049880981,0.59938645362854
acc,selected,phihyd_surface,180,0.5386776705582936,0.5058127760887146,0.5749718546867371
acc,selected,phihyd_surface,190,0.5134470880031585,0.4763682007789612,0.550303041934967
acc,selected,phihyd_surface,200,0.4893777946631114,0.45223453640937805,0.5307885408401489
acc,prior,phihyd_surface,0,1.0,1.0,1.0
acc,prior,phihyd_surface,10,0.7212625583012898,0.6990212321281433,0.7379549026489258
acc,prior,phihyd_surface,20,0.6890947898228963,0.6712078809738159,0.7015582203865052
acc,prior,phihyd_surface,30,0.6821111758550008,0.6612846255302429,0.6994928240776062
acc,prior,phihyd_surface,40,0.6671439051628113,0.6521542787551879,0.6840144634246826
acc,prior,phihyd_surface,50,0.643447470664978,0.6341321468353271,0.6551853656768799
acc,prior,phihyd_surface,60,0.6225093364715576,0.6061655163764954,0.641832971572876
acc,prior,phihyd_surface,70,0.604895027478536,0.5858984351158142,0.6293168663978577
acc,prior,phihyd_surface,80,0.5791542887687683,0.5631452679634095,0.5960785150527954
acc,prior,phihyd_surface,90,0.5469634373982747,0.526713490486145,0.565191924571991
acc,prior,phihyd_surface,100,0.5234409630298614,0.4994869649410248,0.5542311668395996
acc,prior,phihyd_surface,110,0.5034195899963378,0.47571262121200564,0.5301466226577759
acc,prior,phihyd_surface,120,0.46894617676734923,0.4498475015163422,0.4868718981742859
acc,prior,phihyd_surface,130,0.4357009212176005,0.4186354637145996,0.4568835973739624
acc,prior,phihyd_surface,140,0.41651123960812886,0.3919982731342316,0.4388180494308472
acc,prior,phihyd_surface,150,0.3919790228207906,0.3637326300144196,0.41074793338775634
acc,prior,phihyd_surface,160,0.3567986607551575,0.3399041652679443,0.3779851198196411
acc,prior,phihyd_surface,170,0.3243048171202342,0.31086018681526184,0.3463016331195831
acc,prior,phihyd_surface,180,0.30432695945103966,0.27228068113327025,0.334950453042984
acc,prior,phihyd_surface,190,0.28132135470708214,0.2589795708656311,0.3092085480690002
acc,prior,phihyd_surface,200,0.24976892471313478,0.23045517802238463,0.27248703241348265
acc,selected,sst,0,1.0,1.0,1.0
acc,selected,sst,10,0.9377831896146138,0.9283879995346069,0.9456947922706604
acc,selected,sst,20,0.8971020539601644,0.8857813477516174,0.9077459454536438
acc,selected,sst,30,0.8753127654393514,0.8612683892250061,0.8925910353660583
acc,selected,sst,40,0.855580461025238,0.8374981760978699,0.8787269711494445
acc,selected,sst,50,0.8413445313771566,0.8244166016578675,0.8715072512626648
acc,selected,sst,60,0.8257742762565613,0.7994318008422852,0.8551288366317749
acc,selected,sst,70,0.8069342931111654,0.786203145980835,0.8430437684059143
acc,selected,sst,80,0.7894637425740559,0.759911835193634,0.8226001858711243
acc,selected,sst,90,0.76934787829717,0.7191137909889221,0.8185009241104126
acc,selected,sst,100,0.7573097705841064,0.6988900184631348,0.8100080370903016
acc,selected,sst,110,0.7449363787968953,0.6883673667907715,0.7946419358253479
acc,selected,sst,120,0.72205570936203,0.659537160396576,0.7781830191612243
acc,selected,sst,130,0.7019649982452393,0.6297151923179627,0.7689892888069153
acc,selected,sst,140,0.6832634091377259,0.5890938758850097,0.7550348758697509
acc,selected,sst,150,0.6612678130467733,0.5281409621238708,0.7447445631027222
acc,selected,sst,160,0.6338472823301952,0.4906036674976349,0.7213505268096924
acc,selected,sst,170,0.6059980352719625,0.46134245991706846,0.6965817213058472
acc,selected,sst,180,0.5755492627620697,0.4162769913673401,0.6754163146018982
acc,selected,sst,190,0.5474441349506378,0.3930574953556061,0.6506397724151611
acc,selected,sst,200,0.5102037827173869,0.35855036973953247,0.6167513489723205
acc,prior,sst,0,1.0,1.0,1.0
acc,prior,sst,10,0.8444363554318746,0.8335732340812683,0.8525809407234192
acc,prior,sst,20,0.7688318252563476,0.7456771016120911,0.7918860673904419
acc,prior,sst,30,0.7295154770215352,0.6881495356559754,0.7609912753105164
acc,prior,sst,40,0.6981050411860148,0.6567846536636353,0.7318764805793763
acc,prior,sst,50,0.6709277113278707,0.61235591173172,0.7199438810348511
acc,prior,sst,60,0.6461929162343343,0.5832540392875671,0.7040945053100586
acc,prior,sst,70,0.6151152690251668,0.5459023594856263,0.6782292127609253
acc,prior,sst,80,0.5876075526078542,0.5053754031658173,0.659574556350708
acc,prior,sst,90,0.5671522855758667,0.48538572192192075,0.640286636352539
acc,prior,sst,100,0.5540483872095744,0.471735405921936,0.6244974374771118
acc,prior,sst,110,0.5444711128870646,0.46738829612731936,0.6241463541984558
acc,prior,sst,120,0.5394730985164642,0.45940118432044985,0.6185907840728759
acc,prior,sst,130,0.5367450475692749,0.43917861580848694,0.6189031481742859
acc,prior,sst,140,0.5346194267272949,0.4313246786594391,0.6319367170333863
acc,prior,sst,150,0.5381268203258515,0.4370598256587982,0.6203509926795959
acc,prior,sst,160,0.5399691621462505,0.43705710768699646,0.6175589203834534
acc,prior,sst,170,0.5424216528733571,0.44547260999679567,0.6140663623809814
acc,prior,sst,180,0.54363338748614,0.45827593803405764,0.6211669445037842
acc,prior,sst,190,0.5376575787862142,0.4566861093044281,0.5935980558395386
acc,prior,sst,200,0.532716053724289,0.45765337347984314,0.5837251901626587
