metric,model_or_method,field,lead_days,mean,p10,p90
rmse,model,surface_speed,0,0.0,0.0,0.0
rmse,model,surface_speed,10,0.0006833575743560989,0.0005688656354323029,0.0007611172623001039
rmse,model,surface_speed,20,0.0008951799905238052,0.0007713983301073313,0.000991556141525507
rmse,model,surface_speed,30,0.0010028268016564349,0.000853826105594635,0.0011484307935461402
rmse,model,surface_speed,40,0.0010928570642136036,0.0008622136432677507,0.0013360169949010014
rmse,model,surface_speed,50,0.0012033974208558599,0.0009894525748677552,0.001423581619746983
rmse,model,surface_speed,60,0.0012990461895242334,0.0008922196691855789,0.0015435202745720743
rmse,model,surface_speed,70,0.0013572530161278943,0.0010095698991790414,0.0015598675003275276
rmse,model,surface_speed,80,0.0014206555982430775,0.0011381977004930378,0.0016357388347387313
rmse,model,surface_speed,90,0.0014959456903549532,0.0012169802095741034,0.0018633971456438303
rmse,model,surface_speed,100,0.0015676613974695405,0.001314238039776683,0.002020070981234312
rmse,model,surface_speed,110,0.0016391908439497152,0.001288370811380446,0.0020290190353989598
rmse,model,surface_speed,120,0.0017380869792153438,0.001326408190652728,0.0021948309149593115
rmse,model,surface_speed,130,0.0018332977080717683,0.0013454429339617492,0.0023286726325750353
rmse,model,surface_speed,140,0.0019030030894403656,0.00136680300347507,0.002628029184415936
rmse,model,surface_speed,150,0.0019863640579084554,0.0014069990487769247,0.0030573727097362277
rmse,model,surface_speed,160,0.0020628379890695213,0.0013813687488436698,0.0030861286912113426
rmse,model,surface_speed,170,0.0021424657121921578,0.0014490790432319044,0.003026326559484005
rmse,model,surface_speed,180,0.0022072218203296264,0.0015664640348404645,0.003316839737817645
rmse,model,surface_speed,190,0.002286551302919785,0.0016413391102105379,0.0035947138443589207
rmse,model,surface_speed,200,0.0023634890094399452,0.001707663363777101,0.0034063176717609163
rmse,model,surface_speed,210,0.0024139824556186793,0.001761994045227766,0.003376009361818433
rmse,model,surface_speed,220,0.002486616636936863,0.001816726615652442,0.003715448826551437
rmse,model,surface_speed,230,0.0025596810349573693,0.001948053645901382,0.00391800757497549
rmse,model,surface_speed,240,0.002599572188531359,0.001989490957930684,0.004060458578169345
rmse,model,surface_speed,250,0.002630455202112595,0.002034333162009716,0.003981778398156166
rmse,model,surface_speed,260,0.0026539799757301806,0.00211061118170619,0.0038020267151296135
rmse,model,surface_speed,270,0.002660002109284202,0.0021264390554279087,0.0036778082139790054
rmse,model,surface_speed,280,0.0026667739575107893,0.0022179246414452793,0.003545776847749948
rmse,model,surface_speed,290,0.002707302523776889,0.002324789576232433,0.003512700088322162
rmse,model,surface_speed,300,0.002763000037521124,0.002362862741574645,0.003534889686852693
rmse,model,surface_speed,310,0.0028222148151447377,0.002434985572472215,0.0035957817919552324
rmse,model,surface_speed,320,0.0028862204557905595,0.002520092483609915,0.003611802868545055
rmse,model,surface_speed,330,0.0029253136832267045,0.0025851080659776925,0.0036834461614489553
rmse,model,surface_speed,340,0.0029736020136624576,0.002665698388591409,0.0037262773141264914
rmse,model,surface_speed,350,0.0030254930568238097,0.0027553100138902665,0.0036971268244087693
rmse,model,surface_speed,360,0.003072447112450997,0.0028517525643110275,0.0036950664594769473
rmse,model,surface_speed,370,0.0031428382421533267,0.0029308537486940622,0.003636288829147815
rmse,model,surface_speed,380,0.003171037354816993,0.002975220512598753,0.003587156720459461
rmse,model,surface_speed,390,0.0032246533315628766,0.0030348830856382846,0.0036146964877843855
rmse,model,surface_speed,400,0.00326536715341111,0.003066765144467354,0.0036285764072090387
rmse,model,surface_speed,410,0.0033332401886582374,0.003104174416512251,0.0037413506768643853
rmse,model,surface_speed,420,0.0033902938477694987,0.003109569242224097,0.0037524019833654163
rmse,model,surface_speed,430,0.003463330352678895,0.003166168462485075,0.0038376632146537304
rmse,model,surface_speed,440,0.0035342367831617595,0.003249965235590935,0.0039569539949297905
rmse,model,surface_speed,450,0.0036499327669541042,0.003316662972792983,0.004163425788283348
rmse,model,surface_speed,460,0.0037461097041765847,0.0033068754244595768,0.004276471771299839
rmse,model,surface_speed,470,0.0038636805800100166,0.003390329983085394,0.004390194546431303
rmse,model,surface_speed,480,0.003980037663131953,0.0034998627845197914,0.004595221299678087
rmse,model,surface_speed,490,0.0041211883227030436,0.0035682219080626965,0.0048152335919439794
rmse,model,surface_speed,500,0.004238056732962529,0.0036043651401996613,0.00503123477101326
rmse,model,surface_speed,510,0.004352716216817498,0.0037182276137173176,0.005241680331528186
rmse,model,surface_speed,520,0.004434652936955293,0.003794428147375584,0.005288563668727875
rmse,model,surface_speed,530,0.004501756265138586,0.003869098098948598,0.005274143535643816
rmse,model,surface_speed,540,0.004590857774019241,0.00396414203569293,0.005202773958444595
rmse,model,surface_speed,550,0.004635925109808644,0.003978293389081955,0.005149847548455
rmse,model,surface_speed,560,0.004681396298110485,0.003996424190700054,0.005184975732117891
rmse,model,surface_speed,570,0.004713074335207542,0.0040722651407122615,0.005252010747790336
rmse,model,surface_speed,580,0.004798223621522387,0.004151925165206194,0.005331618525087833
rmse,model,surface_speed,590,0.004888887470588088,0.004169452469795942,0.005385967716574669
rmse,model,surface_speed,600,0.004979369416832924,0.0041909896768629554,0.005522730946540833
rmse,model,surface_speed,610,0.005076277271534006,0.004343363828957081,0.0056801105849444864
rmse,model,surface_speed,620,0.005177118101467689,0.004402282368391752,0.005920618586242199
rmse,model,surface_speed,630,0.005195972758034865,0.0043809391558170315,0.005903267022222281
rmse,model,surface_speed,640,0.005184960427383581,0.004489145986735821,0.005760941561311484
rmse,model,surface_speed,650,0.005145706639935573,0.004574985988438129,0.005544767063111067
rmse,model,surface_speed,660,0.005122285149991512,0.0048189438879489895,0.005575220566242933
rmse,model,surface_speed,670,0.005078472942113876,0.004780422989279031,0.005567760486155748
rmse,model,surface_speed,680,0.0050635450830062234,0.004763591196388006,0.005496510211378335
rmse,model,surface_speed,690,0.005028179474174976,0.004802113678306341,0.005526720639318227
rmse,model,surface_speed,700,0.005031253211200237,0.004808058775961399,0.005500631406903267
rmse,model,surface_speed,710,0.005050960214187702,0.004846198298037052,0.0055038416758179665
rmse,model,surface_speed,720,0.005054467792312304,0.0048557155765593055,0.005638947896659374
rmse,model,surface_speed,730,0.00504653084402283,0.004816941451281309,0.005442904215306044
rmse,model,surface_speed,740,0.005032569728791713,0.004785532969981432,0.0052474793046712875
rmse,model,surface_speed,750,0.00505436509847641,0.004767567943781614,0.005409025214612484
rmse,model,surface_speed,760,0.005109082472821077,0.004813971370458603,0.005441631842404604
rmse,model,surface_speed,770,0.005138737925638755,0.0047980185598135,0.005385550390928984
rmse,model,surface_speed,780,0.005150968084732691,0.004863943066447973,0.00546313775703311
rmse,model,surface_speed,790,0.005214744030187527,0.004947436880320311,0.005591382179409266
rmse,model,surface_speed,800,0.005268613776812951,0.004984511714428663,0.005646157450973988
rmse,model,surface_speed,810,0.0053471869168182215,0.0050723935477435585,0.00575135126709938
rmse,model,surface_speed,820,0.005430634568134944,0.005119739845395088,0.0059589784592390055
rmse,model,surface_speed,830,0.005524952864895264,0.0050957887433469296,0.006248113512992859
rmse,model,surface_speed,840,0.005619339613864819,0.0051121823489665985,0.0063182198442518715
rmse,model,surface_speed,850,0.005715843910972278,0.005316144041717053,0.0066083986312150955
rmse,model,surface_speed,860,0.005802257731556892,0.005305940192192793,0.006820421107113361
rmse,model,surface_speed,870,0.005864798370748758,0.005323415994644165,0.0068970489315688605
rmse,model,surface_speed,880,0.005928417139997085,0.0053629202768206595,0.0070180041715502735
rmse,model,surface_speed,890,0.00594927001123627,0.005332664120942354,0.007184759899973869
rmse,model,surface_speed,900,0.005916322364161412,0.005392600316554308,0.0068892441689968106
rmse,model,surface_speed,910,0.005921452554563681,0.00535842590034008,0.006733426731079816
rmse,model,surface_speed,920,0.005969552354266246,0.00553442481905222,0.006718934327363968
rmse,model,surface_speed,930,0.005998109777768453,0.00563275683671236,0.006655983906239271
rmse,model,surface_speed,940,0.006010205360750357,0.00568767599761486,0.006477529369294644
rmse,model,surface_speed,950,0.006015024427324533,0.005751780513674021,0.006452073995023966
rmse,model,surface_speed,960,0.006029555791368087,0.005753849726170301,0.006415475066751241
rmse,model,surface_speed,970,0.006006080657243729,0.005651707667857409,0.006243191938847303
rmse,model,surface_speed,980,0.006047206278890371,0.0058942815288901326,0.00618758937343955
rmse,model,surface_speed,990,0.006064404919743538,0.005827530007809401,0.006291755381971598
rmse,model,surface_speed,1000,0.006078529078513384,0.005719572119414806,0.006353209540247917
rmse,model,surface_speed,1010,0.006093160621821881,0.005647747870534658,0.006398775987327099
rmse,model,surface_speed,1020,0.006143444248785575,0.005851159431040287,0.006396593805402517
rmse,model,surface_speed,1030,0.006213842953244845,0.0059038114733994005,0.006514197587966919
rmse,model,surface_speed,1040,0.006250801340987285,0.005999242886900902,0.0065159878693521025
rmse,model,surface_speed,1050,0.006240812906374534,0.005969843920320272,0.0065425333566963674
rmse,model,surface_speed,1060,0.006286551151424647,0.005967150907963514,0.006580118462443352
rmse,model,surface_speed,1070,0.006291619905581077,0.0060089131817221645,0.006581004522740841
rmse,model,surface_speed,1080,0.006248738709837198,0.005959385912865401,0.006494830455631017
rmse,model,surface_speed,1090,0.006315044624110063,0.006037297379225493,0.006575383059680462
rmse,model,surface_speed,1100,0.006400816887617111,0.006079785618931055,0.006852998957037925
rmse,model,surface_speed,1110,0.0064799896441400055,0.005918748397380114,0.007408758159726858
rmse,model,surface_speed,1120,0.006535815851142009,0.006029399204999208,0.007665668148547411
rmse,model,surface_speed,1130,0.0066524771973490715,0.00619166400283575,0.00794288981705904
rmse,model,surface_speed,1140,0.006651045475155115,0.005973664298653603,0.007950719818472863
rmse,model,surface_speed,1150,0.006670007264862458,0.005990123096853495,0.008026941120624543
rmse,model,surface_speed,1160,0.0067161217952768,0.006121714971959591,0.007835659198462963
rmse,model,surface_speed,1170,0.006747675500810147,0.006028701458126307,0.00766849685460329
rmse,model,surface_speed,1180,0.006740796441833178,0.00601824363693595,0.007759334985166788
rmse,model,surface_speed,1190,0.006784984158972899,0.006146648153662682,0.007757707126438617
rmse,model,surface_speed,1200,0.006824455813815197,0.006201749108731747,0.007606561668217182
rmse,model,surface_speed,1210,0.006798184507836898,0.006186642590910197,0.00744843827560544
rmse,model,surface_speed,1220,0.006780289703359207,0.006197848636656999,0.007547458913177252
rmse,model,surface_speed,1230,0.006824867241084576,0.006165055185556411,0.0076198698952794075
rmse,model,surface_speed,1240,0.006822825813045105,0.0059721870347857475,0.007990805804729462
rmse,model,surface_speed,1250,0.006737061652044455,0.006012117490172386,0.0080306364223361
rmse,model,surface_speed,1260,0.006762811044851939,0.006037879921495915,0.008013256825506687
rmse,model,surface_speed,1270,0.00675667201479276,0.006033600028604269,0.007737352978438139
rmse,model,surface_speed,1280,0.006762546456108491,0.0060689777135849,0.007523393165320158
rmse,model,surface_speed,1290,0.006621466918538014,0.006022057216614485,0.0071649434044957164
rmse,model,surface_speed,1300,0.006673931609839201,0.006137638818472624,0.007189294602721929
rmse,model,surface_speed,1310,0.006569489650428295,0.0061585080809891226,0.007215821929275989
rmse,model,surface_speed,1320,0.006536302467187245,0.006233971472829581,0.007065854035317898
rmse,model,surface_speed,1330,0.006493577485283216,0.006190633866935968,0.0069750091060996056
rmse,model,surface_speed,1340,0.006517908722162247,0.00616282932460308,0.007107613794505596
rmse,model,surface_speed,1350,0.006465549332400163,0.006098900362849236,0.007004716712981462
rmse,model,surface_speed,1360,0.00651114700982968,0.006143900379538536,0.007043602131307125
rmse,model,surface_speed,1370,0.006588623703767856,0.006219966523349285,0.006814045924693346
rmse,model,surface_speed,1380,0.0065864630664388335,0.006236340943723917,0.0068019161000847815
rmse,model,surface_speed,1390,0.006563273631036282,0.006255525443702936,0.006831153016537428
rmse,model,surface_speed,1400,0.0065770124085247515,0.006216694694012403,0.006848947424441576
rmse,model,surface_speed,1410,0.006585558255513509,0.006214841082692146,0.006888354104012251
rmse,model,surface_speed,1420,0.00653886403888464,0.0061023450456559655,0.006719110254198313
rmse,model,surface_speed,1430,0.006599691944817702,0.006130815763026476,0.006901534646749497
rmse,model,surface_speed,1440,0.006662091519683599,0.006079585012048483,0.007095398101955652
rmse,model,surface_speed,1450,0.0066993556295831995,0.005983666889369488,0.006977882795035839
rmse,model,surface_speed,1460,0.006709953863173723,0.005955778993666172,0.007080175168812275
rmse,model,surface_speed,1470,0.006818746589124203,0.005952037218958139,0.0074897767044603825
rmse,model,surface_speed,1480,0.0068065170819560684,0.005991608835756779,0.007740305364131927
rmse,model,surface_speed,1490,0.006839866501589616,0.00588509701192379,0.008122088573873042
rmse,model,surface_speed,1500,0.00686510909969608,0.0059453752823174,0.008245064504444599
rmse,model,surface_speed,1510,0.0069723982053498425,0.005883795116096735,0.008352478593587875
rmse,model,surface_speed,1520,0.006990863289684057,0.005937520600855351,0.00833379253745079
rmse,model,surface_speed,1530,0.0071015971402327216,0.006199224665760994,0.008640989474952222
rmse,model,surface_speed,1540,0.007165900897234678,0.005944898258894682,0.008677231520414353
rmse,model,surface_speed,1550,0.007198936305940151,0.006089639198035002,0.008602159097790718
rmse,model,surface_speed,1560,0.007154952455312014,0.006084946636110544,0.008713466301560401
rmse,model,surface_speed,1570,0.007122337693969408,0.0062350712716579436,0.008641830272972583
rmse,model,surface_speed,1580,0.007067977326611677,0.006138694845139981,0.00864454936236143
rmse,model,surface_speed,1590,0.006966332408289115,0.00609849551692605,0.00822343211621046
rmse,model,surface_speed,1600,0.006872084892044465,0.006136579439043999,0.007914531975984573
rmse,model,surface_speed,1610,0.006874514805773894,0.006208662781864405,0.007861923798918724
rmse,model,surface_speed,1620,0.006779696109394232,0.006282598990947008,0.007534006703644991
rmse,model,surface_speed,1630,0.006744354218244553,0.006172204576432705,0.007228698581457138
rmse,model,surface_speed,1640,0.006710668932646513,0.006214049085974694,0.0071159852668643
rmse,model,surface_speed,1650,0.006676159022996823,0.0062728111632168295,0.007124802749603987
rmse,model,surface_speed,1660,0.006555732246488333,0.006261752266436815,0.006975917052477598
rmse,model,surface_speed,1670,0.006496282666921616,0.006274912878870964,0.006818469613790512
rmse,model,surface_speed,1680,0.006521725623557965,0.006156791187822819,0.0068900052458047865
rmse,model,surface_speed,1690,0.006468915411581596,0.006127774994820356,0.006796717178076506
rmse,model,surface_speed,1700,0.006509657266239325,0.006307201273739338,0.006780761294066906
rmse,model,surface_speed,1710,0.0065518448750178015,0.006309018190950155,0.006722336634993553
rmse,model,surface_speed,1720,0.00654634569461147,0.006290535815060139,0.006757575366646051
rmse,model,surface_speed,1730,0.006529393419623375,0.006304464489221573,0.006796838063746691
rmse,model,surface_speed,1740,0.006507178582251072,0.006365874223411084,0.0065835796296596525
rmse,model,surface_speed,1750,0.006552110767612854,0.006404997315257788,0.006654230318963528
rmse,model,surface_speed,1760,0.006555194407701493,0.006305411737412214,0.006842182390391827
rmse,model,surface_speed,1770,0.006533569904665152,0.006151932943612337,0.0069838549941778185
rmse,model,surface_speed,1780,0.006643435700486104,0.006312628369778394,0.007165105734020472
rmse,model,surface_speed,1790,0.006691440598418316,0.006216312572360039,0.007586483750492335
rmse,model,surface_speed,1800,0.006842923723161221,0.006253730691969395,0.008023754134774208
rmse,model,surface_speed,1810,0.006927660138656696,0.006281974632292986,0.00827781818807125
rmse,model,surface_speed,1820,0.007051111757755279,0.006342859286814928,0.00830243919044733
rmse,model,surface_speed,1830,0.007007053711762031,0.006311708968132735,0.008134746365249157
rmse,model,surface_speed,1840,0.007046528781453769,0.006284187640994787,0.00834105834364891
rmse,model,surface_speed,1850,0.007105938003708919,0.006393505539745092,0.008421577513217926
rmse,model,surface_speed,1860,0.007082324381917715,0.006278310436755419,0.008545280247926711
rmse,model,surface_speed,1870,0.007111132517457009,0.006515610311180353,0.008362117037177085
rmse,model,surface_speed,1880,0.0071377594955265525,0.0064260831102728845,0.008230012655258178
rmse,model,surface_speed,1890,0.007142343837767839,0.006497683469206095,0.007959428429603576
rmse,model,surface_speed,1900,0.0071196612591544785,0.006403283681720495,0.007937071844935417
rmse,model,surface_speed,1910,0.00710899584616224,0.006390424910932779,0.00804117526859045
rmse,model,surface_speed,1920,0.0071371874772012235,0.006434992142021656,0.008063440956175328
rmse,model,surface_speed,1930,0.007090194461246331,0.006270962674170733,0.00813751108944416
rmse,model,surface_speed,1940,0.007052006913969914,0.006269760709255934,0.007981526106595993
rmse,model,surface_speed,1950,0.006980179498593013,0.006418285425752401,0.007853641547262669
rmse,model,surface_speed,1960,0.006890060473233461,0.006356183346360922,0.007646110095083714
rmse,model,surface_speed,1970,0.006830744755764802,0.0063311787322163585,0.007442132197320461
rmse,model,surface_speed,1980,0.006776586609582106,0.006254941131919623,0.007292920351028442
rmse,model,surface_speed,1990,0.006750936744113764,0.006384124793112278,0.007110505364835262
rmse,model,surface_speed,2000,0.006646022666245699,0.006370211485773325,0.006944475136697293
rmse,climatology,surface_speed,0,0.003483150666579604,0.003082289919257164,0.0038193108048290014
rmse,climatology,surface_speed,10,0.0033636869086573523,0.0030656424816697834,0.0036313133779913185
rmse,climatology,surface_speed,20,0.0034482390930255253,0.0032233613543212413,0.003711535269394517
rmse,climatology,surface_speed,30,0.0035018501492838066,0.00318124876357615,0.0038929723203182222
rmse,climatology,surface_speed,40,0.00342121225160857,0.0030003468040376902,0.0037263927049934866
rmse,climatology,surface_speed,50,0.00343005396425724,0.003051483677700162,0.00374471521936357
rmse,climatology,surface_speed,60,0.00351786605703334,0.003111187648028135,0.003641898510977626
rmse,climatology,surface_speed,70,0.003458885584647457,0.0029819020535796882,0.003498874185606837
rmse,climatology,surface_speed,80,0.0034494626335799692,0.002973990887403488,0.003671011235564947
rmse,climatology,surface_speed,90,0.003562444138030211,0.002918521873652935,0.004021911416202784
rmse,climatology,surface_speed,100,0.003629363172998031,0.0032170973252505066,0.004143981635570526
rmse,climatology,surface_speed,110,0.0034900281423081952,0.0030214297119528057,0.004266700614243745
rmse,climatology,surface_speed,120,0.0035588504591335854,0.0029065740294754506,0.00481131300330162
rmse,climatology,surface_speed,130,0.003643997525796294,0.003074161522090435,0.00488055795431137
rmse,climatology,surface_speed,140,0.003640605447192987,0.003067094273865223,0.004740914143621921
rmse,climatology,surface_speed,150,0.003612006471181909,0.0029644875321537256,0.004666800983250141
rmse,climatology,surface_speed,160,0.0037537249891708294,0.00306641417555511,0.005282246973365544
rmse,climatology,surface_speed,170,0.0037696822391202053,0.002968915365636349,0.005190011765807866
rmse,climatology,surface_speed,180,0.0036744978123654922,0.0028529281727969645,0.005210142023861408
rmse,climatology,surface_speed,190,0.0037473389413207768,0.002872107271105051,0.005604173522442579
rmse,climatology,surface_speed,200,0.0038475769106298685,0.0030372698325663804,0.005471385922282934
rmse,climatology,surface_speed,210,0.0037900323048233988,0.002925727842375636,0.005063790269196033
rmse,climatology,surface_speed,220,0.0037698041337231795,0.0029313983395695686,0.005118785426020622
rmse,climatology,surface_speed,230,0.0038252479707201322,0.002960879262536764,0.005211523734033108
rmse,climatology,surface_speed,240,0.003753873007372022,0.0029495298862457276,0.005208831559866667
rmse,climatology,surface_speed,250,0.0036651603411883118,0.0030053016263991593,0.005084473639726639
rmse,climatology,surface_speed,260,0.003671895805746317,0.0028910859022289515,0.004959142953157425
rmse,climatology,surface_speed,270,0.003667520980040232,0.0031860648654401303,0.0046119867824018
rmse,climatology,surface_speed,280,0.0034454568289220334,0.003060405608266592,0.004083133209496737
rmse,climatology,surface_speed,290,0.003401386303206285,0.002830109279602766,0.00402572276070714
rmse,climatology,surface_speed,300,0.0034250445198267697,0.003014210145920515,0.003971921280026436
rmse,climatology,surface_speed,310,0.0033765321131795645,0.003023827215656638,0.00366395371966064
rmse,climatology,surface_speed,320,0.0032736305768291158,0.0028565974440425634,0.0036053655203431845
rmse,climatology,surface_speed,330,0.003378949345399936,0.0030613488983362914,0.0039013768546283245
rmse,climatology,surface_speed,340,0.0033724169712513684,0.0030343753285706045,0.003849106002599001
rmse,climatology,surface_speed,350,0.003227809738988678,0.00286314464174211,0.0035764701664447785
rmse,climatology,surface_speed,360,0.0032508065303166705,0.002860331628471613,0.0036229236982762815
rmse,climatology,surface_speed,370,0.0033503105708708367,0.003139591868966818,0.003549442160874605
rmse,climatology,surface_speed,380,0.003269168408587575,0.0029179556760936974,0.00350967226549983
rmse,climatology,surface_speed,390,0.003235493072619041,0.0029687096364796163,0.003426301945000887
rmse,climatology,surface_speed,400,0.0033003112922112146,0.0030058433767408133,0.003532146429643035
rmse,climatology,surface_speed,410,0.003261845527837674,0.003029937716200948,0.0035112340934574603
rmse,climatology,surface_speed,420,0.0031898466404527426,0.0029560215305536987,0.0033971755765378475
rmse,climatology,surface_speed,430,0.00327877402305603,0.002953060111030936,0.003623278858140111
rmse,climatology,surface_speed,440,0.0033657065437485774,0.003197721717879176,0.0036037725862115622
rmse,climatology,surface_speed,450,0.0032249768109371265,0.0029514880385249852,0.003596463007852435
rmse,climatology,surface_speed,460,0.0032497651254137358,0.0029145242646336556,0.0037092600017786027
rmse,climatology,surface_speed,470,0.0033850479250152905,0.00307630836032331,0.0038338986225426195
rmse,climatology,surface_speed,480,0.003428985395779212,0.0030160026159137487,0.004103754460811615
rmse,climatology,surface_speed,490,0.0034124450913319984,0.0028766268398612736,0.004412508942186832
rmse,climatology,surface_speed,500,0.003615680957833926,0.0029289675410836937,0.004921845998615026
rmse,climatology,surface_speed,510,0.003727396282677849,0.0031099626794457436,0.005083191394805908
rmse,climatology,surface_speed,520,0.0036459272106488545,0.0029935962054878475,0.00492771714925766
rmse,climatology,surface_speed,530,0.003675053423891465,0.002942278841510415,0.0049709082581102845
rmse,climatology,surface_speed,540,0.0038143802744646867,0.0031749569345265625,0.0048048138618469235
rmse,climatology,surface_speed,550,0.0037620560576518375,0.0030813737772405147,0.004867095127701759
rmse,climatology,surface_speed,560,0.003726983225593964,0.0030779171269387008,0.004772997647523879
rmse,climatology,surface_speed,570,0.0037786295016606648,0.0032932757865637543,0.004555350821465253
rmse,climatology,surface_speed,580,0.003746431041508913,0.0031629163306206463,0.0045543526299297804
rmse,climatology,surface_speed,590,0.003668068613236149,0.0028480586130172013,0.004420152492821216
rmse,climatology,surface_speed,600,0.0037960171854744353,0.003146848874166608,0.004614917747676373
rmse,climatology,surface_speed,610,0.0039253285775582,0.0032548642717301845,0.005145917367190123
rmse,climatology,surface_speed,620,0.003822322702035308,0.0028419777750968932,0.005156856961548328
rmse,climatology,surface_speed,630,0.0037880198874821265,0.002966047590598464,0.004986649565398693
rmse,climatology,surface_speed,640,0.0038187511575718722,0.0032493894919753074,0.004971655085682869
rmse,climatology,surface_speed,650,0.0037338935925314825,0.003081676363945007,0.004771142173558474
rmse,climatology,surface_speed,660,0.0035465432486186427,0.0028347054962068797,0.004235955700278282
rmse,climatology,surface_speed,670,0.003568793833255768,0.0030489079654216766,0.003969620261341333
rmse,climatology,surface_speed,680,0.0035576490530123315,0.0031617289409041406,0.004001104179769755
rmse,climatology,surface_speed,690,0.0033942118597527346,0.0030402847565710544,0.0037747783586382865
rmse,climatology,surface_speed,700,0.0033654055713365476,0.0031211990863084793,0.0035383099224418403
rmse,climatology,surface_speed,710,0.003480742359533906,0.0032232464756816624,0.0038772803731262685
rmse,climatology,surface_speed,720,0.0034168411511927843,0.0029841640964150427,0.0038944500498473643
rmse,climatology,surface_speed,730,0.0033544565085321665,0.003047868236899376,0.00375081836245954
rmse,climatology,surface_speed,740,0.0033866417749474445,0.0030638725496828557,0.003598664794117212
rmse,climatology,surface_speed,750,0.0033684566927452884,0.0030818921979516743,0.003633845504373312
rmse,climatology,surface_speed,760,0.0032512521836906673,0.0028972772881388663,0.003545897640287876
rmse,climatology,surface_speed,770,0.0033277866430580618,0.0030144714284688233,0.003567061806097627
rmse,climatology,surface_speed,780,0.003435218287631869,0.0032103005796670914,0.0036598543170839547
rmse,climatology,surface_speed,790,0.0033685239342351753,0.0029806568752974274,0.003679005289450288
rmse,climatology,surface_speed,800,0.0033466598329444726,0.003004077123478055,0.0037214158102869986
rmse,climatology,surface_speed,810,0.0035054344528665147,0.003057651361450553,0.00410188203677535
rmse,climatology,surface_speed,820,0.003571228248377641,0.003023998253047466,0.004411763045936823
rmse,climatology,surface_speed,830,0.003550385699296991,0.0029544650111347436,0.004612153023481369
rmse,climatology,surface_speed,840,0.0036889115038017434,0.0031512598507106304,0.004806322883814573
rmse,climatology,surface_speed,850,0.003807465390612682,0.0031829651445150374,0.005291166715323925
rmse,climatology,surface_speed,860,0.003756018433098992,0.0029023126233369114,0.005499448440968989
rmse,climatology,surface_speed,870,0.0037750601458052795,0.0029348606709390878,0.0057083630003035065
rmse,climatology,surface_speed,880,0.003931408204759161,0.003101547062397003,0.005864362139254808
rmse,climatology,surface_speed,890,0.0039097297160575785,0.002910455921664834,0.005636879615485668
rmse,climatology,surface_speed,900,0.0038534436374902726,0.003092334931716323,0.005456079635769128
rmse,climatology,surface_speed,910,0.003855879682426651,0.0029949455987662078,0.005395757034420967
rmse,climatology,surface_speed,920,0.003854065357397,0.003058219188824296,0.005302259884774685
rmse,climatology,surface_speed,930,0.0037207117148985464,0.002990168798714876,0.004902261309325695
rmse,climatology,surface_speed,940,0.0037272818541775146,0.002989420900121331,0.004866993241012097
rmse,climatology,surface_speed,950,0.003754812370364865,0.0030858533456921576,0.004758679587393999
rmse,climatology,surface_speed,960,0.003651261795312166,0.0031948034651577474,0.0044403743930161
rmse,climatology,surface_speed,970,0.0034877146283785504,0.0029359097126871346,0.004003398772329092
rmse,climatology,surface_speed,980,0.003528600496550401,0.0029782110825181006,0.004033603239804506
rmse,climatology,surface_speed,990,0.0035078913749506074,0.002999085234478116,0.003934560157358646
rmse,climatology,surface_speed,1000,0.00339272307852904,0.0030041394289582967,0.00375783983618021
rmse,climatology,surface_speed,1010,0.003409686886395017,0.003007041243836284,0.0038038922008126973
rmse,climatology,surface_speed,1020,0.0034829982556402682,0.003218369884416461,0.003950420394539833
rmse,climatology,surface_speed,1030,0.0033822712022811173,0.003065738594159484,0.003791326889768243
rmse,climatology,surface_speed,1040,0.0033152353794624408,0.0028786400333046915,0.003682311624288559
rmse,climatology,surface_speed,1050,0.003459652839228511,0.0031046563759446143,0.0037015491630882024
rmse,climatology,surface_speed,1060,0.0034671182899425426,0.003264105599373579,0.0036979662254452705
rmse,climatology,surface_speed,1070,0.003437341082220276,0.0031659504398703574,0.0036662640050053596
rmse,climatology,surface_speed,1080,0.003504659328609705,0.0031751477159559726,0.0039935044944286345
rmse,climatology,surface_speed,1090,0.0036145526450127364,0.0032837734557688235,0.004318331368267536
rmse,climatology,surface_speed,1100,0.0035892950681348642,0.003095647320151329,0.004545974638313055
rmse,climatology,surface_speed,1110,0.0037251312596102556,0.003175779851153493,0.005049869138747453
rmse,climatology,surface_speed,1120,0.003932924382388592,0.003258400084450841,0.005686503369361162
rmse,climatology,surface_speed,1130,0.003990552760660649,0.003130413917824626,0.006139156315475702
rmse,climatology,surface_speed,1140,0.003947760025039315,0.00299038621596992,0.006235881708562374
rmse,climatology,surface_speed,1150,0.0041289209388196465,0.0032295427285134793,0.006235435325652361
rmse,climatology,surface_speed,1160,0.004212926390270392,0.003225545771420002,0.006007725093513727
rmse,climatology,surface_speed,1170,0.004168435946727792,0.002933873748406768,0.006016780529171228
rmse,climatology,surface_speed,1180,0.004222654923796654,0.0029874933883547784,0.0060809972696006295
rmse,climatology,surface_speed,1190,0.00435757456968228,0.0032812856137752534,0.006040880177170038
rmse,climatology,surface_speed,1200,0.00431026207904021,0.003234781324863434,0.005958169791847467
rmse,climatology,surface_speed,1210,0.00426282921495537,0.00316123329102993,0.0055800508707761765
rmse,climatology,surface_speed,1220,0.004414316390951475,0.0033022246789187193,0.0057739528827369215
rmse,climatology,surface_speed,1230,0.004441550762082139,0.0031681222841143607,0.0060390206053853035
rmse,climatology,surface_speed,1240,0.004389458211759726,0.003115272242575884,0.00623865956440568
rmse,climatology,surface_speed,1250,0.004406350494051973,0.0032806190196424724,0.006239398662000894
rmse,climatology,surface_speed,1260,0.004405390021080772,0.0032627823762595653,0.006287518516182899
rmse,climatology,surface_speed,1270,0.00423104491395255,0.0029886878561228513,0.00610178429633379
rmse,climatology,surface_speed,1280,0.004153840476647019,0.00302314436994493,0.005897067859768868
rmse,climatology,surface_speed,1290,0.0041486608174939954,0.0033074154518544672,0.005714122112840414
rmse,climatology,surface_speed,1300,0.004028375757237275,0.003050229791551828,0.005485580209642649
rmse,climatology,surface_speed,1310,0.003781936364248395,0.0028778256848454474,0.004942322801798582
rmse,climatology,surface_speed,1320,0.0037853848809997243,0.003203206369653344,0.004611828085035086
rmse,climatology,surface_speed,1330,0.003726622803757588,0.003236055513843894,0.0045799828134477135
rmse,climatology,surface_speed,1340,0.003576600675781568,0.0028739833272993565,0.004176139924675226
rmse,climatology,surface_speed,1350,0.0035150228689114255,0.003041479317471385,0.003911227453500032
rmse,climatology,surface_speed,1360,0.0036019527974228065,0.0033205090090632438,0.0039850080385804175
rmse,climatology,surface_speed,1370,0.0035193977256615955,0.0030760710127651692,0.0038558426313102245
rmse,climatology,surface_speed,1380,0.0034194305849572022,0.003180071944370866,0.003650882327929139
rmse,climatology,surface_speed,1390,0.003534998589505752,0.003283839672803879,0.003830647375434637
rmse,climatology,surface_speed,1400,0.003560285766919454,0.0032187178265303375,0.004045372363179922
rmse,climatology,surface_speed,1410,0.0034928809540967147,0.0030986817553639414,0.003892435319721699
rmse,climatology,surface_speed,1420,0.003512888370702664,0.003128799423575401,0.003867947310209274
rmse,climatology,surface_speed,1430,0.003588366166998943,0.0031875554006546734,0.0037177907768636944
rmse,climatology,surface_speed,1440,0.0035110281159480413,0.0030492117162793874,0.00357005731202662
rmse,climatology,surface_speed,1450,0.0035433168367793163,0.0030760748311877252,0.003794097388163209
rmse,climatology,surface_speed,1460,0.0036719241024305424,0.003057637484744191,0.004133610893040895
rmse,climatology,surface_speed,1470,0.0037330862289915484,0.003317404305562377,0.00420271186158061
rmse,climatology,surface_speed,1480,0.0036246208318819603,0.0031419376377016307,0.00433592926710844
rmse,climatology,surface_speed,1490,0.0037448931174973647,0.0030905394814908504,0.005077395681291818
rmse,climatology,surface_speed,1500,0.003843313812588652,0.0031021731905639172,0.005169719457626343
rmse,climatology,surface_speed,1510,0.0038699767086654902,0.003189635928720236,0.004993745870888233
rmse,climatology,surface_speed,1520,0.003925311441222826,0.0030252041295170786,0.00500233955681324
rmse,climatology,surface_speed,1530,0.004112348643441995,0.003180397627875209,0.005889481492340564
rmse,climatology,surface_speed,1540,0.004139021039009094,0.003030895534902811,0.006007590144872665
rmse,climatology,surface_speed,1550,0.004072834023584922,0.002919855434447527,0.006000776402652263
rmse,climatology,surface_speed,1560,0.004155380294347802,0.0029834537301212547,0.005968423280864954
rmse,climatology,surface_speed,1570,0.00419392556262513,0.0030533078126609324,0.006078978441655636
rmse,climatology,surface_speed,1580,0.00407754722982645,0.0030717679765075445,0.005839893221855163
rmse,climatology,surface_speed,1590,0.003977657093976935,0.00300363153219223,0.005601373594254255
rmse,climatology,surface_speed,1600,0.003951208883275588,0.0031039098277688025,0.005396846961230039
rmse,climatology,surface_speed,1610,0.0037822847875456016,0.0030231381300836802,0.005014111567288637
rmse,climatology,surface_speed,1620,0.0036743930075317623,0.0030261910520493983,0.0045153751038014885
rmse,climatology,surface_speed,1630,0.0036739306213955086,0.0029691459145396947,0.004461151082068682
rmse,climatology,surface_speed,1640,0.003666991787031293,0.0032624487299472093,0.00424496429041028
rmse,climatology,surface_speed,1650,0.003454491263255477,0.003083659382537007,0.0038854533806443213
rmse,climatology,surface_speed,1660,0.003463859452555577,0.0029211162589490415,0.003938332200050354
rmse,climatology,surface_speed,1670,0.003490000156064828,0.0030600385274738074,0.003988782223314047
rmse,climatology,surface_speed,1680,0.0034290702392657598,0.0030774158891290425,0.003771828906610608
rmse,climatology,surface_speed,1690,0.0033443720390399297,0.002928570657968521,0.0035575578920543196
rmse,climatology,surface_speed,1700,0.00345506079805394,0.0031281853560358288,0.003933800291270018
rmse,climatology,surface_speed,1710,0.0034270163315037886,0.0031746040098369122,0.003757159039378166
rmse,climatology,surface_speed,1720,0.003302545193582773,0.0029868190642446278,0.003573654778301716
rmse,climatology,surface_speed,1730,0.00337705936593314,0.0030236778780817985,0.0037287162151187657
rmse,climatology,surface_speed,1740,0.0034775389668842156,0.003333620401099324,0.003625327441841364
rmse,climatology,surface_speed,1750,0.0034328064881265163,0.003185700997710228,0.00362375364638865
rmse,climatology,surface_speed,1760,0.0034503706420461336,0.003193987440317869,0.003801527619361877
rmse,climatology,surface_speed,1770,0.0035732102580368517,0.0032646028324961663,0.004135799035429954
rmse,climatology,surface_speed,1780,0.0035800772408644357,0.0032191650941967966,0.004378953576087951
rmse,climatology,surface_speed,1790,0.0036254010628908873,0.003044609911739826,0.004670258890837431
rmse,climatology,surface_speed,1800,0.0038136415959646305,0.0032254350837320088,0.005296829435974359
rmse,climatology,surface_speed,1810,0.003963970144589742,0.0032910324633121492,0.0058178952895104885
rmse,climatology,surface_speed,1820,0.0038718244216094416,0.002952520363032818,0.005963444989174604
rmse,climatology,surface_speed,1830,0.00396890703899165,0.0031293689273297785,0.005952510982751846
rmse,climatology,surface_speed,1840,0.004097223359470566,0.0032691482454538347,0.005671996343880892
rmse,climatology,surface_speed,1850,0.0040859647716085115,0.003084045276045799,0.005694076791405677
rmse,climatology,surface_speed,1860,0.0040204573577890795,0.002915373258292675,0.0057408324442803855
rmse,climatology,surface_speed,1870,0.004153450531885028,0.0031988158356398345,0.005658949259668589
rmse,climatology,surface_speed,1880,0.004162945877760648,0.003247534716501832,0.00558280861005187
rmse,climatology,surface_speed,1890,0.00406453269533813,0.0031438773963600396,0.005201768688857555
rmse,climatology,surface_speed,1900,0.004149850892523925,0.003301633708178997,0.005275586433708668
rmse,climatology,surface_speed,1910,0.004267155441145102,0.0033008340746164323,0.005655864905565977
rmse,climatology,surface_speed,1920,0.004225961087892453,0.0031674396246671676,0.005998440273106098
rmse,climatology,surface_speed,1930,0.004207824434464176,0.0031635412015020847,0.005963752884417773
rmse,climatology,surface_speed,1940,0.004238449828699231,0.003302009357139468,0.005954916588962078
rmse,climatology,surface_speed,1950,0.004124819021672011,0.00317979296669364,0.0058259968645870686
rmse,climatology,surface_speed,1960,0.003951636546601852,0.0029259569011628626,0.0054572481662034985
rmse,climatology,surface_speed,1970,0.003932349321742853,0.0032596212811768057,0.005206241365522146
rmse,climatology,surface_speed,1980,0.003890287612254421,0.003264970052987337,0.005007334519177675
rmse,climatology,surface_speed,1990,0.0036496213171631096,0.002885755896568298,0.004592771641910076
rmse,climatology,surface_speed,2000,0.003586794187625249,0.003061279933899641,0.004096773359924555
rmse,persistence,surface_speed,0,0.0,0.0,0.0
rmse,persistence,surface_speed,10,0.00237644847172002,0.002035052655264735,0.002700142050161958
rmse,persistence,surface_speed,20,0.0032833594363182784,0.0029404053930193186,0.003675637533888221
rmse,persistence,surface_speed,30,0.003681389195844531,0.0033001508098095657,0.004024333599954843
rmse,persistence,surface_speed,40,0.0045264661001662414,0.003929562866687775,0.005070245265960694
rmse,persistence,surface_speed,50,0.004964599960173169,0.004248273093253374,0.0054371686652302745
rmse,persistence,surface_speed,60,0.0051937012933194636,0.004525898862630129,0.005741261411458254
rmse,persistence,surface_speed,70,0.005310371425002814,0.004489631857722998,0.005888010561466217
rmse,persistence,surface_speed,80,0.005204244144260883,0.004347568657249212,0.0059099489822983745
rmse,persistence,surface_speed,90,0.005416389834135771,0.004741821996867656,0.0060455967672169205
rmse,persistence,surface_speed,100,0.0055740152796109515,0.004879198968410492,0.00616434533149004
rmse,persistence,surface_speed,110,0.005279846241076787,0.0047600151970982555,0.005954581033438444
rmse,persistence,surface_speed,120,0.005435800800720851,0.004786104056984186,0.0063180244527757164
rmse,persistence,surface_speed,130,0.005256649261961381,0.004486268479377031,0.005970214027911425
rmse,persistence,surface_speed,140,0.004499524692073464,0.0037095443811267616,0.005091130640357733
rmse,persistence,surface_speed,150,0.004245611404379209,0.0033035920932888985,0.005477508250623941
rmse,persistence,surface_speed,160,0.0037416763914128143,0.00255281045101583,0.005531643796712159
rmse,persistence,surface_speed,170,0.0025874722593774396,0.0008837294648401439,0.004832661990076303
rmse,persistence,surface_speed,180,0.003591783344745636,0.0022254577372223137,0.0053179672919213775
rmse,persistence,surface_speed,190,0.00439929220204552,0.0032426915597170594,0.006022075656801462
rmse,persistence,surface_speed,200,0.004690920903036992,0.0037387358024716377,0.006346746161580086
rmse,persistence,surface_speed,210,0.005343084859972199,0.0041995651088655,0.00667443424463272
rmse,persistence,surface_speed,220,0.005719550295422474,0.004424439277499914,0.006950722075998783
rmse,persistence,surface_speed,230,0.005845271423459053,0.004611402377486229,0.0074125674553215505
rmse,persistence,surface_speed,240,0.005924042065938314,0.004743037559092045,0.0072401674464344975
rmse,persistence,surface_speed,250,0.0057650023140013214,0.004544943477958441,0.006878987699747085
rmse,persistence,surface_speed,260,0.005831575145324072,0.00495765246450901,0.006793437339365482
rmse,persistence,surface_speed,270,0.005935318643848101,0.0051739029586315155,0.006629346404224634
rmse,persistence,surface_speed,280,0.005581463531901439,0.005188841465860605,0.005974634271115065
rmse,persistence,surface_speed,290,0.005591918310771386,0.0050319510512053965,0.006185992155224085
rmse,persistence,surface_speed,300,0.005411236764242252,0.004758166428655386,0.005887713842093944
rmse,persistence,surface_speed,310,0.004614793757597605,0.004336942452937365,0.0048907820135355
rmse,persistence,surface_speed,320,0.00422796073059241,0.003687992412596941,0.004793608095496893
rmse,persistence,surface_speed,330,0.0037518538534641265,0.0030303823761641977,0.004435506369918585
rmse,persistence,surface_speed,340,0.002539715721892814,0.0017407476669177413,0.003111038589850068
rmse,persistence,surface_speed,350,0.0031762702080110707,0.0025394455529749393,0.003670419426634908
rmse,persistence,surface_speed,360,0.003997614110509555,0.0034357949625700712,0.00438751308247447
rmse,persistence,surface_speed,370,0.004237994784489274,0.00395481325685978,0.004488400276750326
rmse,persistence,surface_speed,380,0.004868433189888795,0.004413747601211071,0.00531868040561676
rmse,persistence,surface_speed,390,0.005294178208957116,0.004652152676135302,0.005748218111693859
rmse,persistence,surface_speed,400,0.0054226522023479145,0.004920038115233183,0.005799949262291193
rmse,persistence,surface_speed,410,0.0055304508656263355,0.004918215423822403,0.0059505971148610115
rmse,persistence,surface_speed,420,0.005388362240046263,0.004711078759282827,0.005978742334991694
rmse,persistence,surface_speed,430,0.005489535039911667,0.005247452948242426,0.006094528920948505
rmse,persistence,surface_speed,440,0.005699122324585915,0.005235832184553146,0.006253791786730289
rmse,persistence,surface_speed,450,0.0054102193874617415,0.0046289324760437015,0.005915296822786331
rmse,persistence,surface_speed,460,0.005478166633596023,0.005112202558666468,0.006083502620458603
rmse,persistence,surface_speed,470,0.005459312628954649,0.004993091709911824,0.005971933994442224
rmse,persistence,surface_speed,480,0.00473855941866835,0.0037198676727712154,0.005720369610935449
rmse,persistence,surface_speed,490,0.00443839201082786,0.0037404253147542478,0.00565118957310915
rmse,persistence,surface_speed,500,0.0042317780355612435,0.003401294443756342,0.005668861605226993
rmse,persistence,surface_speed,510,0.003107931682219108,0.0014091983437538149,0.005380587931722402
rmse,persistence,surface_speed,520,0.003609881162022551,0.002159274648874998,0.005563201755285263
rmse,persistence,surface_speed,530,0.00448083383962512,0.00320310415700078,0.005799531284719705
rmse,persistence,surface_speed,540,0.004713238356634975,0.0036702339537441732,0.006088192854076624
rmse,persistence,surface_speed,550,0.005279194780935844,0.004360025841742754,0.006472751405090094
rmse,persistence,surface_speed,560,0.005699907708913088,0.004841420240700245,0.007050248607993126
rmse,persistence,surface_speed,570,0.005775598560770353,0.005009366292506456,0.006724037509411573
rmse,persistence,surface_speed,580,0.005826621626814206,0.005044000037014484,0.006716908887028694
rmse,persistence,surface_speed,590,0.005617104439685742,0.0047409145161509516,0.006601684261113405
rmse,persistence,surface_speed,600,0.005624670224885146,0.005089593399316072,0.0064957886934280396
rmse,persistence,surface_speed,610,0.005812314028541247,0.005126226786524057,0.006792392581701279
rmse,persistence,surface_speed,620,0.005505377302567164,0.00446788314729929,0.006413378659635783
rmse,persistence,surface_speed,630,0.0054418073656658334,0.004907762166112661,0.006015168037265539
rmse,persistence,surface_speed,640,0.00535070967550079,0.00490436302497983,0.006319316569715738
rmse,persistence,surface_speed,650,0.004465935208524267,0.0036315206438302995,0.005295980162918568
rmse,persistence,surface_speed,660,0.0038252410168449083,0.003400800283998251,0.004415791667997837
rmse,persistence,surface_speed,670,0.0033744209135572116,0.0030022991355508565,0.0038091566413640974
rmse,persistence,surface_speed,680,0.0016121338975305358,0.0011512375669553876,0.0021776008885353803
rmse,persistence,surface_speed,690,0.0018326799230029185,0.0015194965060800314,0.0021579395048320293
rmse,persistence,surface_speed,700,0.0031483335110048453,0.0027465160470455884,0.003543599462136626
rmse,persistence,surface_speed,710,0.0034721440635621546,0.0030769400764256716,0.0038704921025782824
rmse,persistence,surface_speed,720,0.00414651093694071,0.003774925274774432,0.004643524438142777
rmse,persistence,surface_speed,730,0.004770992153013746,0.004108355287462473,0.005147989187389612
rmse,persistence,surface_speed,740,0.004945241163174311,0.004371971357613802,0.005468386225402355
rmse,persistence,surface_speed,750,0.005132311303168535,0.004529326781630516,0.005768323503434658
rmse,persistence,surface_speed,760,0.005045022225628296,0.004220580961555242,0.005630562361329794
rmse,persistence,surface_speed,770,0.005103237585475048,0.004702840559184551,0.005756900180131197
rmse,persistence,surface_speed,780,0.005404508082816998,0.004989372286945582,0.0060884407721459866
rmse,persistence,surface_speed,790,0.0052206335278848805,0.0045415916480124,0.0058022222481668
rmse,persistence,surface_speed,800,0.005186170308540265,0.004897620063275099,0.005590206757187843
rmse,persistence,surface_speed,810,0.0053128845989704136,0.0048128744587302204,0.005866845976561308
rmse,persistence,surface_speed,820,0.004687452378372352,0.003977946005761623,0.005268745683133602
rmse,persistence,surface_speed,830,0.004196463447685043,0.0035444003529846667,0.005111858248710632
rmse,persistence,surface_speed,840,0.00403649527579546,0.0031048092525452374,0.005124596692621708
rmse,persistence,surface_speed,850,0.0029527189986159404,0.001623096107505262,0.0047107704915106295
rmse,persistence,surface_speed,860,0.0030504207747677962,0.0016385423950850964,0.0050313396379351605
rmse,persistence,surface_speed,870,0.004209531983360648,0.003039324609562755,0.006020215991884469
rmse,persistence,surface_speed,880,0.0045659104362130165,0.0034850392024964095,0.006492416933178901
rmse,persistence,surface_speed,890,0.005080898447583119,0.0040523986332118515,0.00679960660636425
rmse,persistence,surface_speed,900,0.005646306121100982,0.004400054179131985,0.006987798493355513
rmse,persistence,surface_speed,910,0.005783518652121226,0.00458357846364379,0.0073480186983942986
rmse,persistence,surface_speed,920,0.005919304955750704,0.004866481013596058,0.007589833345264196
rmse,persistence,surface_speed,930,0.005832820758223533,0.0047589815221726894,0.006894983071833849
rmse,persistence,surface_speed,940,0.005784411666293939,0.004828591085970402,0.006676223780959845
rmse,persistence,surface_speed,950,0.005985362486292918,0.0052020523697137834,0.006909485813230276
rmse,persistence,surface_speed,960,0.005804115689049164,0.005247068684548139,0.006427296157926321
rmse,persistence,surface_speed,970,0.005599766876548529,0.0052012988366186615,0.0060646506026387215
rmse,persistence,surface_speed,980,0.005657941506554683,0.005092015583068132,0.006154779158532619
rmse,persistence,surface_speed,990,0.00503741546223561,0.004540092032402754,0.005442012846469879
rmse,persistence,surface_speed,1000,0.004393321399887403,0.004075440019369126,0.004839434009045363
rmse,persistence,surface_speed,1010,0.004186173807829619,0.0036090521607548,0.004819860495626926
rmse,persistence,surface_speed,1020,0.00316093269114693,0.002589681837707758,0.0035840360913425686
rmse,persistence,surface_speed,1030,0.0028975921993454295,0.0024303508922457694,0.0033387545496225356
rmse,persistence,surface_speed,1040,0.00395554380180935,0.0035511822905391456,0.004330276697874069
rmse,persistence,surface_speed,1050,0.004316455125808716,0.004024873534217477,0.004550627991557121
rmse,persistence,surface_speed,1060,0.00478405902783076,0.00452280966565013,0.005049935635179281
rmse,persistence,surface_speed,1070,0.005422013128797213,0.004969621263444424,0.005745388101786375
rmse,persistence,surface_speed,1080,0.0056353527121245865,0.005263270530849695,0.005903408024460077
rmse,persistence,surface_speed,1090,0.005846110420922438,0.005385382194072008,0.006351128127425909
rmse,persistence,surface_speed,1100,0.0058604764131208265,0.004976084176450968,0.006605743058025837
rmse,persistence,surface_speed,1110,0.0058881697244942185,0.00495717665180564,0.007104211207479239
rmse,persistence,surface_speed,1120,0.006215595050404469,0.005340002197772265,0.0077884020283818245
rmse,persistence,surface_speed,1130,0.0061740400890509285,0.004782317206263542,0.00828635785728693
rmse,persistence,surface_speed,1140,0.006042889008919398,0.004781127627938986,0.0082558861002326
rmse,persistence,surface_speed,1150,0.006259916132936875,0.005204803124070167,0.00820841733366251
rmse,persistence,surface_speed,1160,0.005787101046492656,0.004202405828982592,0.007790586166083813
rmse,persistence,surface_speed,1170,0.005188565126930674,0.0035260446835309266,0.007376363873481751
rmse,persistence,surface_speed,1180,0.005134417861700058,0.0036259871907532216,0.007074572890996933
rmse,persistence,surface_speed,1190,0.004303622633839647,0.0023777227848768233,0.006560896802693605
rmse,persistence,surface_speed,1200,0.0037603901466354726,0.0013268893118947745,0.0062711752951145165
rmse,persistence,surface_speed,1210,0.004732890954862038,0.0028760279528796673,0.006637680344283581
rmse,persistence,surface_speed,1220,0.005069988764201601,0.003473366843536496,0.006770013831555843
rmse,persistence,surface_speed,1230,0.005416349849353234,0.003982059564441443,0.0069816564209759235
rmse,persistence,surface_speed,1240,0.005949056334793567,0.004631587117910385,0.007394359912723303
rmse,persistence,surface_speed,1250,0.006083644833415747,0.004904293268918991,0.007561296783387661
rmse,persistence,surface_speed,1260,0.0061594606998066105,0.005152880307286977,0.007638327125459909
rmse,persistence,surface_speed,1270,0.006015621063609918,0.004693176224827766,0.007508671190589666
rmse,persistence,surface_speed,1280,0.005791012508173783,0.004770614393055439,0.007346407882869244
rmse,persistence,surface_speed,1290,0.005893989372998476,0.0052193434908986095,0.007300693169236183
rmse,persistence,surface_speed,1300,0.005709502194076776,0.004713179636746645,0.006765085272490978
rmse,persistence,surface_speed,1310,0.005310586219032605,0.004625980835407972,0.005993795860558748
rmse,persistence,surface_speed,1320,0.005345387135942777,0.005023119691759348,0.0058115717954933645
rmse,persistence,surface_speed,1330,0.004722618559996287,0.004191618319600821,0.005532624013721943
rmse,persistence,surface_speed,1340,0.0037712609084943932,0.0033411314710974694,0.004468211904168129
rmse,persistence,surface_speed,1350,0.003473274875432253,0.0030319227837026117,0.00380386752076447
rmse,persistence,surface_speed,1360,0.002311532308037082,0.0020078407134860752,0.0026333038695156574
rmse,persistence,surface_speed,1370,0.0008603865280747414,0.0006580277578905225,0.0010000126902014017
rmse,persistence,surface_speed,1380,0.002700080272431175,0.0023538294713944196,0.003046945249661803
rmse,persistence,surface_speed,1390,0.003359393108015259,0.003002719022333622,0.003746657492592931
rmse,persistence,surface_speed,1400,0.003810633843143781,0.0033578867558389904,0.0042372655123472215
rmse,persistence,surface_speed,1410,0.004629435824851195,0.004022398125380277,0.005186037719249725
rmse,persistence,surface_speed,1420,0.004960988306750854,0.0043741163797676565,0.005334119591861963
rmse,persistence,surface_speed,1430,0.005196399986743927,0.00458071306347847,0.005850005801767111
rmse,persistence,surface_speed,1440,0.005270600877702236,0.0044818509370088576,0.00584067776799202
rmse,persistence,surface_speed,1450,0.0052026129638155305,0.00445866072550416,0.00575900562107563
rmse,persistence,surface_speed,1460,0.005480492860078812,0.004823276773095131,0.006040386483073234
rmse,persistence,surface_speed,1470,0.005569251844038566,0.004914786387234926,0.006075484026223421
rmse,persistence,surface_speed,1480,0.005321081448346377,0.004883964546024799,0.005943313147872686
rmse,persistence,surface_speed,1490,0.0055395096230010194,0.004949832148849964,0.006481004040688276
rmse,persistence,surface_speed,1500,0.00527118102957805,0.0043867077678442,0.006017064210027456
rmse,persistence,surface_speed,1510,0.004610671848058701,0.0039552003145217896,0.005236270651221275
rmse,persistence,surface_speed,1520,0.004500408625851075,0.0034100741613656282,0.00599398585036397
rmse,persistence,surface_speed,1530,0.0039508796917895475,0.00242335326038301,0.006090430915355683
rmse,persistence,surface_speed,1540,0.003205504547804594,0.0011448717443272472,0.005670259147882462
rmse,persistence,surface_speed,1550,0.004238261608406901,0.002566173207014799,0.0063694224692881106
rmse,persistence,surface_speed,1560,0.004824781185016036,0.003382566897198558,0.006804257724434137
rmse,persistence,surface_speed,1570,0.00509809471356372,0.003892990155145526,0.0069968136027455325
rmse,persistence,surface_speed,1580,0.005675309368719657,0.004355597589164972,0.007415091805160046
rmse,persistence,surface_speed,1590,0.005880839222421249,0.004536484647542238,0.0074696863070130345
rmse,persistence,surface_speed,1600,0.005939878554393848,0.004768726322799921,0.007442683354020118
rmse,persistence,surface_speed,1610,0.005919996121277412,0.004814906138926744,0.0072590896859765055
rmse,persistence,surface_speed,1620,0.005720520950853824,0.004617493506520987,0.006450921855866909
rmse,persistence,surface_speed,1630,0.005823944912602504,0.005033220909535885,0.006607730127871037
rmse,persistence,surface_speed,1640,0.005879130649069945,0.005214088596403599,0.006437920965254307
rmse,persistence,surface_speed,1650,0.005534062689791123,0.005178236216306686,0.0059669696725904945
rmse,persistence,surface_speed,1660,0.005621468865623077,0.005126961972564459,0.006304887402802706
rmse,persistence,surface_speed,1670,0.005348707363009453,0.004771659336984158,0.005742867384105921
rmse,persistence,surface_speed,1680,0.0045537490397691725,0.0043194257654249665,0.004849060345441103
rmse,persistence,surface_speed,1690,0.004279368712256352,0.0037772759329527616,0.004831085726618767
rmse,persistence,surface_speed,1700,0.003705649853994449,0.0031518375035375357,0.004228952713310718
rmse,persistence,surface_speed,1710,0.0026585175500561794,0.0021887618117034436,0.0031555387191474437
rmse,persistence,surface_speed,1720,0.0035027526939908665,0.003035449841991067,0.003906430583447218
rmse,persistence,surface_speed,1730,0.004200760787352919,0.0038110827561467888,0.004461795929819346
rmse,persistence,surface_speed,1740,0.004485504329204559,0.004312591347843409,0.004701824393123388
rmse,persistence,surface_speed,1750,0.005165327588717143,0.004764758516103029,0.0054634975269436835
rmse,persistence,surface_speed,1760,0.005545431313415368,0.005137717165052891,0.005876635294407606
rmse,persistence,surface_speed,1770,0.005725490984817346,0.005312986951321363,0.006088816281408072
rmse,persistence,surface_speed,1780,0.005857820436358452,0.005156800150871277,0.006453465856611729
rmse,persistence,surface_speed,1790,0.005793159268796444,0.004840214271098375,0.006752697937190533
rmse,persistence,surface_speed,1800,0.006011278244356314,0.005335303023457527,0.007334782090038061
rmse,persistence,surface_speed,1810,0.006213290399561326,0.005173486098647118,0.007940319925546646
rmse,persistence,surface_speed,1820,0.005949465154359738,0.004599761217832565,0.008004466630518436
rmse,persistence,surface_speed,1830,0.0061080130438009896,0.005179834365844726,0.0079878406599164
rmse,persistence,surface_speed,1840,0.005994955947001775,0.004853555932641029,0.0076080761849880215
rmse,persistence,surface_speed,1850,0.0052418586487571394,0.0035830398090183737,0.007217330392450094
rmse,persistence,surface_speed,1860,0.0050087403350820145,0.0037127180956304075,0.006895121745765209
rmse,persistence,surface_speed,1870,0.0046241052293529115,0.003203581692650914,0.006441727187484502
rmse,persistence,surface_speed,1880,0.0034639520260194936,0.0012894167564809324,0.005808468908071518
rmse,persistence,surface_speed,1890,0.004062210256233811,0.0023296416271477937,0.005874175392091274
rmse,persistence,surface_speed,1900,0.004735863441601396,0.0032756363973021506,0.006314330361783504
rmse,persistence,surface_speed,1910,0.004947503842413425,0.003740064986050129,0.006328813824802637
rmse,persistence,surface_speed,1920,0.005506005448599656,0.0044061335735023025,0.006760897859930992
rmse,persistence,surface_speed,1930,0.005830251735945543,0.004838667437434196,0.00720574539154768
rmse,persistence,surface_speed,1940,0.005888525055100521,0.004921339359134436,0.007243120484054089
rmse,persistence,surface_speed,1950,0.005881830677390098,0.004751720651984215,0.0071145941503345965
rmse,persistence,surface_speed,1960,0.005587353774656852,0.004481740109622478,0.00686678932979703
rmse,persistence,surface_speed,1970,0.005547779984772206,0.004984524566680193,0.006728372629731893
rmse,persistence,surface_speed,1980,0.005602989283700784,0.004995788726955652,0.0065515262074768545
rmse,persistence,surface_speed,1990,0.005161304151018461,0.0044117792509496215,0.0058073695749044415
rmse,persistence,surface_speed,2000,0.005100472581883272,0.004923991486430168,0.005275088641792536
rmse,model,phihyd_surface,0,0.0,0.0,0.0
rmse,model,phihyd_surface,10,0.0024452561823030314,0.0018336295383051039,0.002805234584957361
rmse,model,phihyd_surface,20,0.00314842676743865,0.0023236752487719057,0.003632962703704834
rmse,model,phihyd_surface,30,0.0036105775739997624,0.002685904409736395,0.0041923091746866705
rmse,model,phihyd_surface,40,0.003999144366631905,0.003022922994568944,0.004634034354239702
rmse,model,phihyd_surface,50,0.004337216836089889,0.0032941261772066353,0.005039922893047333
rmse,model,phihyd_surface,60,0.004675962775945663,0.0035931210964918136,0.005404712911695242
rmse,model,phihyd_surface,70,0.004993410439540943,0.0038409746252000333,0.005773193296045065
rmse,model,phihyd_surface,80,0.005288263612116376,0.004061574814841151,0.006088936515152454
rmse,model,phihyd_surface,90,0.005550698128839334,0.004364658053964377,0.006325340270996093
rmse,model,phihyd_surface,100,0.005813861607263485,0.004790155030786991,0.006559626758098602
rmse,model,phihyd_surface,110,0.006062394908318917,0.004951605200767518,0.006858624238520861
rmse,model,phihyd_surface,120,0.006313532156248887,0.005155113153159619,0.007051769178360701
rmse,model,phihyd_surface,130,0.006596311616400878,0.005461251642554998,0.007280714903026819
rmse,model,phihyd_surface,140,0.006861948284010092,0.005779978539794684,0.007613961584866047
rmse,model,phihyd_surface,150,0.007091915234923363,0.006141162570565939,0.007896082662045955
rmse,model,phihyd_surface,160,0.007339904177933931,0.006665558088570833,0.008133027143776417
rmse,model,phihyd_surface,170,0.0075929621855417885,0.007085615862160921,0.00843985080718994
rmse,model,phihyd_surface,180,0.007829868607223034,0.007317222934216261,0.008728277683258056
rmse,model,phihyd_surface,190,0.008072733071943124,0.007452506385743618,0.008997645042836665
rmse,model,phihyd_surface,200,0.008333394769579172,0.007604237459599972,0.009301719814538955
rmse,model,phihyd_surface,210,0.008566152428587277,0.007828034088015556,0.009595420584082602
rmse,model,phihyd_surface,220,0.008802762596557538,0.008128755167126656,0.009863123297691345
rmse,model,phihyd_surface,230,0.009050882731874784,0.0083870530128479,0.01016908511519432
rmse,model,phihyd_surface,240,0.009303197016318638,0.008623433858156204,0.010547556355595587
rmse,model,phihyd_surface,250,0.009543159728248913,0.008810512907803058,0.010808582231402396
rmse,model,phihyd_surface,260,0.009795949297646682,0.009014496579766273,0.011049294658005237
rmse,model,phihyd_surface,270,0.010042504221200944,0.009199685789644719,0.011297265253961086
rmse,model,phihyd_surface,280,0.010297603160142898,0.00936807133257389,0.011598087474703788
rmse,model,phihyd_surface,290,0.010542148041228454,0.009539803303778172,0.011858975142240524
rmse,model,phihyd_surface,300,0.010799905471503734,0.009770200215280056,0.012117458321154117
rmse,model,phihyd_surface,310,0.011069563093284766,0.010048220492899418,0.012413367256522178
rmse,model,phihyd_surface,320,0.011332133536537487,0.010299826599657535,0.012775635346770287
rmse,model,phihyd_surface,330,0.011617670767009258,0.010558188520371914,0.013077967800199986
rmse,model,phihyd_surface,340,0.011924578559895356,0.010897546261548995,0.013427218049764633
rmse,model,phihyd_surface,350,0.012202913997073968,0.011172638088464738,0.013736332021653651
rmse,model,phihyd_surface,360,0.01249096728861332,0.011452563479542733,0.014051168411970138
rmse,model,phihyd_surface,370,0.012798536072174708,0.011767954751849174,0.014436656981706618
rmse,model,phihyd_surface,380,0.013076685306926569,0.012005257047712803,0.014732738211750983
rmse,model,phihyd_surface,390,0.013390526982645194,0.012225235998630523,0.015059181302785872
rmse,model,phihyd_surface,400,0.013688836060464383,0.012393798492848874,0.015504015237092971
rmse,model,phihyd_surface,410,0.01398495292911927,0.012561905942857266,0.015926795452833174
rmse,model,phihyd_surface,420,0.014238655070463816,0.01263270564377308,0.016133688762784003
rmse,model,phihyd_surface,430,0.014529446388284366,0.012835649028420448,0.016399531066417693
rmse,model,phihyd_surface,440,0.01479410162816445,0.013041986711323261,0.016599616780877114
rmse,model,phihyd_surface,450,0.015104291339715322,0.013184508867561817,0.01687461920082569
rmse,model,phihyd_surface,460,0.015320747221509615,0.013318127207458019,0.017126786708831786
rmse,model,phihyd_surface,470,0.015542492394646008,0.013656653650104999,0.01734016016125679
rmse,model,phihyd_surface,480,0.015822540844480197,0.013948069512844085,0.01759299710392952
rmse,model,phihyd_surface,490,0.01609941783050696,0.01405566856265068,0.0179436095058918
rmse,model,phihyd_surface,500,0.016353211055199306,0.01420748271048069,0.018175502866506574
rmse,model,phihyd_surface,510,0.01665692695726951,0.014491816237568855,0.018497289344668388
rmse,model,phihyd_surface,520,0.016920357073346774,0.01488999705761671,0.018735548481345177
rmse,model,phihyd_surface,530,0.01710839370886485,0.015045935474336147,0.018932092189788818
rmse,model,phihyd_surface,540,0.01732565779238939,0.015285719186067581,0.019086573272943497
rmse,model,phihyd_surface,550,0.017569411794344583,0.015739585645496844,0.019313444942235945
rmse,model,phihyd_surface,560,0.01775693576782942,0.01582859121263027,0.019499263912439346
rmse,model,phihyd_surface,570,0.01788591978450616,0.015792911872267723,0.0196470495313406
rmse,model,phihyd_surface,580,0.01813301642735799,0.01632205694913864,0.019928177446126936
rmse,model,phihyd_surface,590,0.018277122328678768,0.016429243981838225,0.02017921060323715
rmse,model,phihyd_surface,600,0.01844469681382179,0.01641046442091465,0.02030932493507862
rmse,model,phihyd_surface,610,0.018634861335158348,0.01668003052473068,0.02029610015451908
rmse,model,phihyd_surface,620,0.018903793767094612,0.01692751832306385,0.020482219383120535
rmse,model,phihyd_surface,630,0.01892018156747023,0.016773024573922157,0.020735496655106544
rmse,model,phihyd_surface,640,0.019034223755200703,0.017144669592380524,0.020736338943243025
rmse,model,phihyd_surface,650,0.01931010534365972,0.017699936404824257,0.020861312374472616
rmse,model,phihyd_surface,660,0.01939863388737043,0.017658452317118645,0.021152609959244728
rmse,model,phihyd_surface,670,0.01942127024134,0.017468606308102607,0.02123471237719059
rmse,model,phihyd_surface,680,0.019694493214289347,0.017901024594902993,0.021395401656627653
rmse,model,phihyd_surface,690,0.01983111190299193,0.018117560446262358,0.021590255573391913
rmse,model,phihyd_surface,700,0.01977639434238275,0.01797688417136669,0.021833196654915808
rmse,model,phihyd_surface,710,0.019862000768383344,0.01830751858651638,0.021769408136606216
rmse,model,phihyd_surface,720,0.02010808289051056,0.018604591116309167,0.021870841085910794
rmse,model,phihyd_surface,730,0.020219235370556515,0.01823371574282646,0.022166799008846282
rmse,model,phihyd_surface,740,0.020315777882933615,0.01845683380961418,0.022275155782699584
rmse,model,phihyd_surface,750,0.020591263969739277,0.01916259489953518,0.022567689046263693
rmse,model,phihyd_surface,760,0.02072156568368276,0.018912826851010322,0.022999411448836327
rmse,model,phihyd_surface,770,0.020834302032987275,0.018811938911676408,0.02305898815393448
rmse,model,phihyd_surface,780,0.021097040300567946,0.019461587071418762,0.023087122663855552
rmse,model,phihyd_surface,790,0.0214415580034256,0.020107514038681985,0.02324530445039272
rmse,model,phihyd_surface,800,0.021382774164279302,0.019318101927638054,0.02366167791187763
rmse,model,phihyd_surface,810,0.021480301146705946,0.020006102696061134,0.023620256781578062
rmse,model,phihyd_surface,820,0.021811125179131825,0.020987042412161826,0.023886043205857275
rmse,model,phihyd_surface,830,0.021850067873795828,0.02073012329638004,0.024259040132164955
rmse,model,phihyd_surface,840,0.021818725764751433,0.020259860157966613,0.024272689968347548
rmse,model,phihyd_surface,850,0.02207956152657668,0.020863519981503487,0.024361607804894447
rmse,model,phihyd_surface,860,0.022232601294914882,0.021314047276973724,0.024539028853178022
rmse,model,phihyd_surface,870,0.022113863875468574,0.021170108020305632,0.02440545670688152
rmse,model,phihyd_surface,880,0.0221667201568683,0.020893121510744093,0.024431069940328596
rmse,model,phihyd_surface,890,0.022465273613731067,0.021468416973948478,0.02448643185198307
rmse,model,phihyd_surface,900,0.02257574088871479,0.021269575133919714,0.02478886097669601
rmse,model,phihyd_surface,910,0.02256310557325681,0.021184274181723594,0.02474791184067726
rmse,model,phihyd_surface,920,0.022793155287702878,0.021488914266228676,0.02485889382660389
rmse,model,phihyd_surface,930,0.02290852665901184,0.02158741094172001,0.02531025782227516
rmse,model,phihyd_surface,940,0.02295766497651736,0.021501393243670463,0.02491633743047714
rmse,model,phihyd_surface,950,0.02311505302786827,0.021903429180383682,0.024977862462401388
rmse,model,phihyd_surface,960,0.02332198992371559,0.022046752646565436,0.025117594748735428
rmse,model,phihyd_surface,970,0.023201930398742358,0.021646596491336823,0.025107211247086522
rmse,model,phihyd_surface,980,0.023281682034333548,0.022008582577109338,0.025144051387906072
rmse,model,phihyd_surface,990,0.02363110048075517,0.022784919664263725,0.02538653463125229
rmse,model,phihyd_surface,1000,0.023566418762008347,0.0224644772708416,0.025372903794050217
rmse,model,phihyd_surface,1010,0.023452701047062874,0.02187734767794609,0.025368779525160787
rmse,model,phihyd_surface,1020,0.02370822379986445,0.022192026674747466,0.025494404137134552
rmse,model,phihyd_surface,1030,0.02398199625313282,0.02267124280333519,0.025756366550922394
rmse,model,phihyd_surface,1040,0.023872532074650128,0.022205739840865137,0.02557527907192707
rmse,model,phihyd_surface,1050,0.023886824399232863,0.021971389278769494,0.025669024512171745
rmse,model,phihyd_surface,1060,0.02421984535952409,0.022657151520252227,0.025858304649591445
rmse,model,phihyd_surface,1070,0.024483617395162582,0.02224724255502224,0.025975555926561356
rmse,model,phihyd_surface,1080,0.02449166551232338,0.021961430460214613,0.026267319172620773
rmse,model,phihyd_surface,1090,0.024695748711625734,0.022641710937023163,0.026474236324429513
rmse,model,phihyd_surface,1100,0.024983254820108415,0.02247871533036232,0.026891156286001205
rmse,model,phihyd_surface,1110,0.025115312511722245,0.022054628655314445,0.026772047579288482
rmse,model,phihyd_surface,1120,0.025202248493830362,0.022818648442626,0.026583314687013627
rmse,model,phihyd_surface,1130,0.025524336472153665,0.02384478785097599,0.026782010123133658
rmse,model,phihyd_surface,1140,0.025374612833062807,0.02272820957005024,0.027065853029489516
rmse,model,phihyd_surface,1150,0.02551146497329076,0.02326202653348446,0.02759817838668823
rmse,model,phihyd_surface,1160,0.02592650751272837,0.024676454439759254,0.027553579956293105
rmse,model,phihyd_surface,1170,0.026070268452167512,0.02494406923651695,0.027917927503585814
rmse,model,phihyd_surface,1180,0.02589588811000188,0.023585526272654533,0.02765381373465061
rmse,model,phihyd_surface,1190,0.026066329702734946,0.024146897345781328,0.027697063237428664
rmse,model,phihyd_surface,1200,0.02644920734067758,0.024870984628796576,0.02800397276878357
rmse,model,phihyd_surface,1210,0.0264565692593654,0.024906524643301963,0.02815963625907898
rmse,model,phihyd_surface,1220,0.026335771009325982,0.02436303421854973,0.028047489747405053
rmse,model,phihyd_surface,1230,0.02645495894054572,0.02484945021569729,0.027934717386960982
rmse,model,phihyd_surface,1240,0.026675454278786977,0.024479138478636742,0.028257379308342934
rmse,model,phihyd_surface,1250,0.02665698602795601,0.024085747078061104,0.028311039507389068
rmse,model,phihyd_surface,1260,0.02663924532632033,0.0246380053460598,0.028485505282878874
rmse,model,phihyd_surface,1270,0.026832710206508636,0.024462908506393433,0.029405540600419045
rmse,model,phihyd_surface,1280,0.02697617659966151,0.024177034199237824,0.029388586431741713
rmse,model,phihyd_surface,1290,0.02703040763735771,0.024926541745662688,0.02887965366244316
rmse,model,phihyd_surface,1300,0.027276939650376638,0.025482793897390367,0.0290362611413002
rmse,model,phihyd_surface,1310,0.027159576366345087,0.024906931817531584,0.0293481919914484
rmse,model,phihyd_surface,1320,0.027140310655037563,0.02514323517680168,0.029462875798344612
rmse,model,phihyd_surface,1330,0.027308168138066927,0.025903068110346796,0.029666964337229727
rmse,model,phihyd_surface,1340,0.027590586865941683,0.0264253668487072,0.030606140568852424
rmse,model,phihyd_surface,1350,0.02731017271677653,0.02578864209353924,0.029584036394953727
rmse,model,phihyd_surface,1360,0.02738452230890592,0.026459739357233048,0.029204482212662697
rmse,model,phihyd_surface,1370,0.027661966904997826,0.026370367780327798,0.029938305914402007
rmse,model,phihyd_surface,1380,0.02780237893263499,0.026481525599956514,0.0312123142182827
rmse,model,phihyd_surface,1390,0.027647919580340387,0.026452191174030304,0.030008597671985625
rmse,model,phihyd_surface,1400,0.027709105486671128,0.02666633240878582,0.029877655580639838
rmse,model,phihyd_surface,1410,0.027906967947880428,0.026597775146365167,0.030866874381899834
rmse,model,phihyd_surface,1420,0.028096573427319527,0.026885994896292686,0.03100884482264519
rmse,model,phihyd_surface,1430,0.0281659667690595,0.02674311064183712,0.030393118411302565
rmse,model,phihyd_surface,1440,0.02836610972881317,0.026696847379207612,0.03184972479939461
rmse,model,phihyd_surface,1450,0.028483129292726516,0.026816549897193908,0.03252796903252601
rmse,model,phihyd_surface,1460,0.02865248074134191,0.026821927353739738,0.03186832368373871
rmse,model,phihyd_surface,1470,0.028842438260714212,0.02749086394906044,0.03145090490579605
rmse,model,phihyd_surface,1480,0.029005306834975878,0.027482010424137115,0.032206499576568605
rmse,model,phihyd_surface,1490,0.028962484995524087,0.027428639680147172,0.03206894993782043
rmse,model,phihyd_surface,1500,0.029090202723940212,0.027610607072710992,0.03225482255220413
rmse,model,phihyd_surface,1510,0.029444639508922895,0.027633660659193992,0.03308935984969139
rmse,model,phihyd_surface,1520,0.02932676747441292,0.027479201555252075,0.03268845677375794
rmse,model,phihyd_surface,1530,0.02924616001546383,0.02794870361685753,0.031878593564033504
rmse,model,phihyd_surface,1540,0.029380913078784942,0.028027209639549255,0.03193302750587463
rmse,model,phihyd_surface,1550,0.029682721445957818,0.028102732077240945,0.033105626702308655
rmse,model,phihyd_surface,1560,0.02950626586874326,0.028230491280555724,0.03222293257713318
rmse,model,phihyd_surface,1570,0.029515391091505687,0.028158045932650567,0.03205944001674652
rmse,model,phihyd_surface,1580,0.0295807051161925,0.028178247436881066,0.032056881487369536
rmse,model,phihyd_surface,1590,0.029765138402581215,0.02846909947693348,0.032359594106674196
rmse,model,phihyd_surface,1600,0.02972859169046084,0.028492122888565063,0.03189857825636864
rmse,model,phihyd_surface,1610,0.02988382341961066,0.028276392444968223,0.032293790578842164
rmse,model,phihyd_surface,1620,0.029878545800844827,0.02812417671084404,0.0335147075355053
rmse,model,phihyd_surface,1630,0.030013111854592957,0.028204263374209403,0.033457837998867035
rmse,model,phihyd_surface,1640,0.02999668481449286,0.028684774041175844,0.032450875639915465
rmse,model,phihyd_surface,1650,0.03016502062479655,0.02889897897839546,0.03224546536803245
rmse,model,phihyd_surface,1660,0.030088513592878976,0.028127048537135123,0.032301586121320724
rmse,model,phihyd_surface,1670,0.030256919314463934,0.028896984457969666,0.032613709568977356
rmse,model,phihyd_surface,1680,0.030321577191352846,0.028872857615351678,0.03310255855321884
rmse,model,phihyd_surface,1690,0.030385034903883935,0.02884867638349533,0.03292267546057701
rmse,model,phihyd_surface,1700,0.030234344924489658,0.028709687665104865,0.031956374645233154
rmse,model,phihyd_surface,1710,0.03032432881494363,0.029191828891634942,0.03202297613024711
rmse,model,phihyd_surface,1720,0.030533203606804213,0.029044587910175324,0.03264031633734703
rmse,model,phihyd_surface,1730,0.03062339425086975,0.029342591390013696,0.03275938481092453
rmse,model,phihyd_surface,1740,0.030657964323957763,0.029137136042118074,0.032270840555429454
rmse,model,phihyd_surface,1750,0.030702848235766092,0.02942122258245945,0.03243070840835571
rmse,model,phihyd_surface,1760,0.030767956003546714,0.02876333110034466,0.03253136277198791
rmse,model,phihyd_surface,1770,0.03090896097322305,0.028722812235355378,0.03241265639662742
rmse,model,phihyd_surface,1780,0.031013937667012215,0.02944766655564308,0.03266712799668312
rmse,model,phihyd_surface,1790,0.031013803680737813,0.028631695359945298,0.03334045335650444
rmse,model,phihyd_surface,1800,0.031252659112215045,0.028217636793851853,0.033750946074724196
rmse,model,phihyd_surface,1810,0.031320527320106824,0.02875226326286793,0.03321284353733063
rmse,model,phihyd_surface,1820,0.03128420499463876,0.02923664227128029,0.03298086747527122
rmse,model,phihyd_surface,1830,0.03135472709933917,0.028393262624740602,0.03342034742236137
rmse,model,phihyd_surface,1840,0.03171183156470458,0.028925247117877008,0.03352009132504463
rmse,model,phihyd_surface,1850,0.031719889988501865,0.029596233367919923,0.033584211766719815
rmse,model,phihyd_surface,1860,0.03171008105079333,0.029872192814946175,0.03374100625514984
rmse,model,phihyd_surface,1870,0.031641730666160585,0.029079952090978623,0.03316086828708649
rmse,model,phihyd_surface,1880,0.03176631815731525,0.029651950299739837,0.033475177735090254
rmse,model,phihyd_surface,1890,0.03171766300996145,0.029870471358299254,0.033755138516426086
rmse,model,phihyd_surface,1900,0.03178479646643003,0.030226638168096544,0.03368627205491066
rmse,model,phihyd_surface,1910,0.03186414800584316,0.030269570648670197,0.0336369127035141
rmse,model,phihyd_surface,1920,0.03181442854305108,0.0298925444483757,0.03367147743701935
rmse,model,phihyd_surface,1930,0.03158900427321593,0.029120851308107376,0.033655320107936856
rmse,model,phihyd_surface,1940,0.031734282275040944,0.029389455169439315,0.03356979563832283
rmse,model,phihyd_surface,1950,0.03178246815999349,0.030060485005378723,0.03403792679309845
rmse,model,phihyd_surface,1960,0.03170085176825523,0.029763931035995485,0.034300406277179715
rmse,model,phihyd_surface,1970,0.03182422854006291,0.029016681015491486,0.034868528693914415
rmse,model,phihyd_surface,1980,0.03209522627294063,0.02936525084078312,0.034706294536590576
rmse,model,phihyd_surface,1990,0.031967818612853686,0.029685267060995103,0.03468597754836082
rmse,model,phihyd_surface,2000,0.0319322398553292,0.029617365822196005,0.03464031368494034
rmse,climatology,phihyd_surface,0,0.05692157025138537,0.0540118932723999,0.06075506955385208
rmse,climatology,phihyd_surface,10,0.056680009017388025,0.05367028638720513,0.06037708297371864
rmse,climatology,phihyd_surface,20,0.05694338803490003,0.05384332314133644,0.06084540709853172
rmse,climatology,phihyd_surface,30,0.057446611920992534,0.05423908606171608,0.060870414972305296
rmse,climatology,phihyd_surface,40,0.057454103728135426,0.05363750085234642,0.0611496739089489
rmse,climatology,phihyd_surface,50,0.057469504823287325,0.05428253337740898,0.06128906905651092
rmse,climatology,phihyd_surface,60,0.057764495412508644,0.054917764663696286,0.061568853259086606
rmse,climatology,phihyd_surface,70,0.057812611510356264,0.05439188927412033,0.06136211305856704
rmse,climatology,phihyd_surface,80,0.05779709865649541,0.0544616349041462,0.06104524731636047
rmse,climatology,phihyd_surface,90,0.05823042243719101,0.054851552844047545,0.061501675844192506
rmse,climatology,phihyd_surface,100,0.058571910858154295,0.05556148514151573,0.06224257200956344
rmse,climatology,phihyd_surface,110,0.05832597240805626,0.05456456691026688,0.062055636942386624
rmse,climatology,phihyd_surface,120,0.05838046645124753,0.0552049845457077,0.06185265481472015
rmse,climatology,phihyd_surface,130,0.058862271656592684,0.056280724704265594,0.06226893961429596
rmse,climatology,phihyd_surface,140,0.05890630135933558,0.055307308584451674,0.06234569996595383
rmse,climatology,phihyd_surface,150,0.058795631925265,0.055010396242141726,0.06245765537023544
rmse,climatology,phihyd_surface,160,0.059227278580268224,0.055673220008611676,0.06248127669095993
rmse,climatology,phihyd_surface,170,0.0593919758995374,0.05608486458659172,0.06336658149957657
rmse,climatology,phihyd_surface,180,0.05913980553547541,0.05560798794031143,0.06322231292724609
rmse,climatology,phihyd_surface,190,0.05930270453294118,0.05560361742973328,0.06361835449934006
rmse,climatology,phihyd_surface,200,0.05977260222037633,0.0562749944627285,0.06364061832427978
rmse,climatology,phihyd_surface,210,0.05977979078888893,0.055629491060972217,0.06387710720300674
rmse,climatology,phihyd_surface,220,0.059729818751414615,0.05552392974495888,0.0639174908399582
rmse,climatology,phihyd_surface,230,0.05998009741306305,0.05623206943273544,0.06413090825080872
rmse,climatology,phihyd_surface,240,0.060027102132638295,0.056172411888837814,0.06374824345111847
rmse,climatology,phihyd_surface,250,0.05995760038495064,0.055935739725828174,0.06330418288707733
rmse,climatology,phihyd_surface,260,0.060308658083279926,0.056830041110515594,0.0638186901807785
rmse,climatology,phihyd_surface,270,0.06065331523617109,0.05662447139620781,0.06455380767583847
rmse,climatology,phihyd_surface,280,0.060408310343821846,0.055542159080505374,0.06437153369188309
rmse,climatology,phihyd_surface,290,0.060378834356864294,0.05614174604415893,0.06424322873353958
rmse,climatology,phihyd_surface,300,0.060835018505652746,0.05727676749229431,0.06441317796707154
rmse,climatology,phihyd_surface,310,0.06092786093552907,0.05653144121170044,0.06424515843391418
rmse,climatology,phihyd_surface,320,0.06076440364122391,0.05623466148972511,0.06415620446205139
rmse,climatology,phihyd_surface,330,0.06115221704045932,0.057151006907224654,0.06424508988857269
rmse,climatology,phihyd_surface,340,0.06138925676544507,0.05764157474040985,0.0649036094546318
rmse,climatology,phihyd_surface,350,0.06119506061077118,0.05739986523985863,0.06481354087591171
rmse,climatology,phihyd_surface,360,0.06133954251805941,0.05728352516889572,0.06510765999555587
rmse,climatology,phihyd_surface,370,0.061872268964846926,0.05792978852987289,0.06517649292945862
rmse,climatology,phihyd_surface,380,0.06199516380826632,0.057432716339826585,0.06543024182319641
rmse,climatology,phihyd_surface,390,0.06198998764157295,0.05779837444424629,0.06556831300258636
rmse,climatology,phihyd_surface,400,0.062293627361456556,0.058491166681051254,0.06596781015396118
rmse,climatology,phihyd_surface,410,0.062442297488451,0.05825912728905678,0.06599228531122207
rmse,climatology,phihyd_surface,420,0.06242025246222814,0.05794728249311447,0.06558659225702286
rmse,climatology,phihyd_surface,430,0.062762417892615,0.05885829702019692,0.06606810241937637
rmse,climatology,phihyd_surface,440,0.06317219361662865,0.05912090167403221,0.06672806590795517
rmse,climatology,phihyd_surface,450,0.06301639502247175,0.058131230622529985,0.06668462157249451
rmse,climatology,phihyd_surface,460,0.06298208609223366,0.05840150192379952,0.06662967056035995
rmse,climatology,phihyd_surface,470,0.06345696076750755,0.05980171412229538,0.06670883595943451
rmse,climatology,phihyd_surface,480,0.06364863117535909,0.05933931693434715,0.06689698845148087
rmse,climatology,phihyd_surface,490,0.06349440515041352,0.058671087771654126,0.0667315036058426
rmse,climatology,phihyd_surface,500,0.06383654524882634,0.05955568253993988,0.06678965836763381
rmse,climatology,phihyd_surface,510,0.0641077975432078,0.06015075296163559,0.06744753420352936
rmse,climatology,phihyd_surface,520,0.06394057770570119,0.05998289659619331,0.06756779104471207
rmse,climatology,phihyd_surface,530,0.06401904573043188,0.05976750776171684,0.0676952913403511
rmse,climatology,phihyd_surface,540,0.0645153840382894,0.06048252657055855,0.06781647205352784
rmse,climatology,phihyd_surface,550,0.0646311655640602,0.05994043275713921,0.06802677810192108
rmse,climatology,phihyd_surface,560,0.06453656579057375,0.05998754277825356,0.06790613681077957
rmse,climatology,phihyd_surface,570,0.06474194129308065,0.060726483911275865,0.06819631457328797
rmse,climatology,phihyd_surface,580,0.06484273374080658,0.06062316745519638,0.06818518936634063
rmse,climatology,phihyd_surface,590,0.06473097776373228,0.06019945740699768,0.0677907258272171
rmse,climatology,phihyd_surface,600,0.06492720146973928,0.06103810369968414,0.06781469285488129
rmse,climatology,phihyd_surface,610,0.06525187293688456,0.061425799131393434,0.06837361603975296
rmse,climatology,phihyd_surface,620,0.06504991576075554,0.0605489231646061,0.06846066415309907
rmse,climatology,phihyd_surface,630,0.06490104297796885,0.06062305271625519,0.0684202641248703
rmse,climatology,phihyd_surface,640,0.06531135588884354,0.06204385906457901,0.06836063712835312
rmse,climatology,phihyd_surface,650,0.06555694863200187,0.061809518933296205,0.06876436620950699
rmse,climatology,phihyd_surface,660,0.06541104912757874,0.061003798991441725,0.06861963719129563
rmse,climatology,phihyd_surface,670,0.06570803076028824,0.061936506628990175,0.0688043013215065
rmse,climatology,phihyd_surface,680,0.0660092497865359,0.062600277364254,0.0692927896976471
rmse,climatology,phihyd_surface,690,0.0658518247306347,0.06251320242881775,0.06977245509624481
rmse,climatology,phihyd_surface,700,0.06584160402417183,0.06241929233074188,0.06980532109737396
rmse,climatology,phihyd_surface,710,0.06630083546042442,0.06296867281198501,0.06997156739234925
rmse,climatology,phihyd_surface,720,0.06648046374320984,0.062468376755714414,0.07018117904663086
rmse,climatology,phihyd_surface,730,0.06641964713732401,0.06260938346385955,0.07019177228212356
rmse,climatology,phihyd_surface,740,0.06664885804057122,0.06345040500164031,0.07059156149625778
rmse,climatology,phihyd_surface,750,0.06683835089206695,0.06345011740922928,0.0707003727555275
rmse,climatology,phihyd_surface,760,0.06681650504469872,0.06288141608238221,0.07037393897771835
rmse,climatology,phihyd_surface,770,0.06707796951134999,0.0636759877204895,0.07060198932886123
rmse,climatology,phihyd_surface,780,0.06754937469959259,0.06427071988582611,0.07117386013269425
rmse,climatology,phihyd_surface,790,0.06753469879428546,0.06359432190656662,0.07149288803339005
rmse,climatology,phihyd_surface,800,0.06743075003226598,0.06349241882562637,0.07149431854486465
rmse,climatology,phihyd_surface,810,0.06782886336247126,0.0648969516158104,0.0713901087641716
rmse,climatology,phihyd_surface,820,0.06812459776798883,0.06491313874721527,0.0719097688794136
rmse,climatology,phihyd_surface,830,0.06798334966103235,0.06410926282405853,0.07158269584178925
rmse,climatology,phihyd_surface,840,0.06821932643651962,0.06457338482141495,0.07177293300628662
rmse,climatology,phihyd_surface,850,0.06853639433781306,0.06560182124376297,0.07200665324926377
rmse,climatology,phihyd_surface,860,0.06839062025149663,0.0655621588230133,0.07204246073961258
rmse,climatology,phihyd_surface,870,0.06830141643683116,0.06521108746528625,0.07175869345664979
rmse,climatology,phihyd_surface,880,0.06871830274661382,0.06573315560817719,0.07197325229644776
rmse,climatology,phihyd_surface,890,0.06895308246215184,0.06555509567260742,0.07220278680324554
rmse,climatology,phihyd_surface,900,0.06890016992886862,0.06515448391437531,0.07240539491176605
rmse,climatology,phihyd_surface,910,0.06908411085605622,0.06562727093696594,0.07289955019950867
rmse,climatology,phihyd_surface,920,0.06925471325715384,0.06586232334375382,0.07299630343914032
rmse,climatology,phihyd_surface,930,0.06918003112077713,0.06542624533176422,0.0726561963558197
rmse,climatology,phihyd_surface,940,0.0693193236986796,0.06592341363430024,0.0728282243013382
rmse,climatology,phihyd_surface,950,0.06971457004547119,0.06607861071825027,0.07327287346124649
rmse,climatology,phihyd_surface,960,0.06969102174043655,0.0654661476612091,0.07342355102300643
rmse,climatology,phihyd_surface,970,0.0695037176211675,0.06514701396226882,0.07324914932250977
rmse,climatology,phihyd_surface,980,0.06981508036454519,0.06634537130594254,0.07320066839456559
rmse,climatology,phihyd_surface,990,0.07012118597825369,0.06629467904567718,0.07356815040111542
rmse,climatology,phihyd_surface,1000,0.06997173925240835,0.06553266793489457,0.07312462031841278
rmse,climatology,phihyd_surface,1010,0.07013312727212906,0.06612063795328141,0.07337591648101807
rmse,climatology,phihyd_surface,1020,0.07049078692992529,0.06641355156898499,0.07354060113430023
rmse,climatology,phihyd_surface,1030,0.07044793864091238,0.06647260189056396,0.07415570914745331
rmse,climatology,phihyd_surface,1040,0.07039273877938589,0.0662717029452324,0.07396337389945984
rmse,climatology,phihyd_surface,1050,0.07083370685577392,0.06690557450056075,0.07427409887313843
rmse,climatology,phihyd_surface,1060,0.07115377386411031,0.06656282246112824,0.07435140013694763
rmse,climatology,phihyd_surface,1070,0.07115020056565603,0.06656177788972854,0.07457352876663208
rmse,climatology,phihyd_surface,1080,0.07136312127113342,0.0672287479043007,0.07503714859485626
rmse,climatology,phihyd_surface,1090,0.07162613968054453,0.06766646653413773,0.07524458318948746
rmse,climatology,phihyd_surface,1100,0.07162835896015167,0.06683275401592255,0.07495339214801788
rmse,climatology,phihyd_surface,1110,0.07176018158594767,0.0674424096941948,0.07487977892160416
rmse,climatology,phihyd_surface,1120,0.07214866628249486,0.06819974184036255,0.07515641003847122
rmse,climatology,phihyd_surface,1130,0.0721589187781016,0.06770756095647812,0.0756022185087204
rmse,climatology,phihyd_surface,1140,0.07193963478008907,0.0672881320118904,0.07532519549131393
rmse,climatology,phihyd_surface,1150,0.07222985476255417,0.06845470666885375,0.07507137507200241
rmse,climatology,phihyd_surface,1160,0.07262792686621349,0.06881829798221588,0.075775246322155
rmse,climatology,phihyd_surface,1170,0.0725602368513743,0.06795705556869507,0.07545194029808044
rmse,climatology,phihyd_surface,1180,0.07267973969380061,0.06841475367546082,0.07571099996566773
rmse,climatology,phihyd_surface,1190,0.07305443336566289,0.06912154108285903,0.07585675716400146
rmse,climatology,phihyd_surface,1200,0.07307509630918503,0.06922845393419266,0.07665702700614929
rmse,climatology,phihyd_surface,1210,0.07298866808414459,0.06899158805608749,0.07622971087694168
rmse,climatology,phihyd_surface,1220,0.0733256995677948,0.06940837055444718,0.07653092294931411
rmse,climatology,phihyd_surface,1230,0.07354893386363984,0.06924781948328018,0.07654089331626893
rmse,climatology,phihyd_surface,1240,0.07337459127108256,0.06899127215147019,0.07672089487314224
rmse,climatology,phihyd_surface,1250,0.0733867809176445,0.06964316219091415,0.07682103514671326
rmse,climatology,phihyd_surface,1260,0.07356307407220204,0.07008877992630005,0.07694344073534012
rmse,climatology,phihyd_surface,1270,0.07354514598846436,0.06935083419084549,0.07673077434301376
rmse,climatology,phihyd_surface,1280,0.07363764892021815,0.06978769749403,0.0767656609416008
rmse,climatology,phihyd_surface,1290,0.0740376055240631,0.07045051455497742,0.0768529400229454
rmse,climatology,phihyd_surface,1300,0.07414656480153402,0.07014208137989045,0.07739941924810409
rmse,climatology,phihyd_surface,1310,0.07393090526262919,0.06961499154567719,0.07712427824735642
rmse,climatology,phihyd_surface,1320,0.07412738154331842,0.0706562876701355,0.07703469395637512
rmse,climatology,phihyd_surface,1330,0.07448959946632386,0.07122593224048615,0.07759877890348435
rmse,climatology,phihyd_surface,1340,0.0744293769200643,0.07043402493000031,0.07739463150501251
rmse,climatology,phihyd_surface,1350,0.0744918887813886,0.07071377038955688,0.07767269164323806
rmse,climatology,phihyd_surface,1360,0.07486753116051356,0.07150282114744186,0.07777639478445053
rmse,climatology,phihyd_surface,1370,0.07490825851758322,0.07176849097013474,0.07856562733650208
rmse,climatology,phihyd_surface,1380,0.07477229287226995,0.07154101282358169,0.07829537093639374
rmse,climatology,phihyd_surface,1390,0.07507073581218719,0.07189963310956955,0.07867537289857865
rmse,climatology,phihyd_surface,1400,0.07540774991114935,0.07191538959741592,0.07871362715959548
rmse,climatology,phihyd_surface,1410,0.07538889149824778,0.0717790737748146,0.07894333302974701
rmse,climatology,phihyd_surface,1420,0.07548548579216004,0.07243122905492783,0.07915873974561691
rmse,climatology,phihyd_surface,1430,0.07573437094688415,0.07300751954317093,0.07938239872455596
rmse,climatology,phihyd_surface,1440,0.07575590014457703,0.07233449816703796,0.07928234785795212
rmse,climatology,phihyd_surface,1450,0.07581512828667959,0.07261932641267776,0.07917832732200622
rmse,climatology,phihyd_surface,1460,0.07622155050436656,0.07301418781280518,0.07956441938877105
rmse,climatology,phihyd_surface,1470,0.076456784705321,0.07348747253417968,0.08020341843366623
rmse,climatology,phihyd_surface,1480,0.0763171891371409,0.07286379784345627,0.08004744797945022
rmse,climatology,phihyd_surface,1490,0.07649621764818827,0.07366715669631958,0.07992962151765823
rmse,climatology,phihyd_surface,1500,0.07687220325072606,0.07423707246780395,0.08038027882575989
rmse,climatology,phihyd_surface,1510,0.07683821072181066,0.07331745326519012,0.08023654520511628
rmse,climatology,phihyd_surface,1520,0.07682551294565201,0.07325226068496704,0.08038118034601212
rmse,climatology,phihyd_surface,1530,0.077163465321064,0.0741541862487793,0.08037637025117875
rmse,climatology,phihyd_surface,1540,0.07720060497522355,0.07404913604259492,0.0809181272983551
rmse,climatology,phihyd_surface,1550,0.0770004466176033,0.07363619208335877,0.08032764047384262
rmse,climatology,phihyd_surface,1560,0.07721679260333379,0.07417798042297363,0.08075584471225739
rmse,climatology,phihyd_surface,1570,0.07757302075624466,0.07428430765867233,0.08081723898649215
rmse,climatology,phihyd_surface,1580,0.07757673064867655,0.07395322322845459,0.08113281577825546
rmse,climatology,phihyd_surface,1590,0.07763385673364004,0.07408267557621002,0.08136717975139618
rmse,climatology,phihyd_surface,1600,0.07787857204675674,0.07461673468351364,0.08160435557365417
rmse,climatology,phihyd_surface,1610,0.07791258146365483,0.07438546866178512,0.08140158355236053
rmse,climatology,phihyd_surface,1620,0.07791242301464081,0.07444216758012771,0.08108875155448914
rmse,climatology,phihyd_surface,1630,0.07823084046443303,0.07487311810255051,0.08152918964624405
rmse,climatology,phihyd_surface,1640,0.07844077597061792,0.0747852623462677,0.08203520923852921
rmse,climatology,phihyd_surface,1650,0.07824296901623408,0.07407883256673813,0.08163137584924698
rmse,climatology,phihyd_surface,1660,0.07831674963235855,0.0747125118970871,0.08158945888280869
rmse,climatology,phihyd_surface,1670,0.07868469456831614,0.07535350024700165,0.08182039856910706
rmse,climatology,phihyd_surface,1680,0.07871209780375163,0.07461183071136475,0.081662879884243
rmse,climatology,phihyd_surface,1690,0.07867238720258077,0.07469270080327987,0.08177667111158371
rmse,climatology,phihyd_surface,1700,0.0790339931845665,0.07525292038917542,0.0818263366818428
rmse,climatology,phihyd_surface,1710,0.07919730991125107,0.07543612569570542,0.08244438916444778
rmse,climatology,phihyd_surface,1720,0.07909093002478282,0.07522009760141372,0.0824307844042778
rmse,climatology,phihyd_surface,1730,0.07932202766338985,0.07536506056785583,0.08287565857172012
rmse,climatology,phihyd_surface,1740,0.07975259721279145,0.07571159452199935,0.08295485824346542
rmse,climatology,phihyd_surface,1750,0.07984561920166015,0.0754326418042183,0.08320118635892867
rmse,climatology,phihyd_surface,1760,0.07992210288842519,0.07587989866733551,0.08341194540262223
rmse,climatology,phihyd_surface,1770,0.08020233164230982,0.076484052836895,0.08368216156959533
rmse,climatology,phihyd_surface,1780,0.08029500097036361,0.07606295496225357,0.08363444507122039
rmse,climatology,phihyd_surface,1790,0.08029505411783854,0.07594126760959626,0.08326652348041534
rmse,climatology,phihyd_surface,1800,0.080582195520401,0.07670546621084214,0.08344512283802033
rmse,climatology,phihyd_surface,1810,0.08082535962263743,0.07686355262994767,0.08389799147844315
rmse,climatology,phihyd_surface,1820,0.08065820087989171,0.0761458307504654,0.08381610810756683
rmse,climatology,phihyd_surface,1830,0.08071261445681253,0.07659720033407211,0.08375120759010315
rmse,climatology,phihyd_surface,1840,0.08112095048030217,0.07756310254335404,0.08392696529626846
rmse,climatology,phihyd_surface,1850,0.08123307625452678,0.07704231441020966,0.0840674802660942
rmse,climatology,phihyd_surface,1860,0.08116287887096404,0.0767599567770958,0.08408184051513672
rmse,climatology,phihyd_surface,1870,0.08148393879334132,0.07745583802461624,0.08414220064878464
rmse,climatology,phihyd_surface,1880,0.08167717109123866,0.07786711752414703,0.0846978023648262
rmse,climatology,phihyd_surface,1890,0.08155357191960017,0.0776984602212906,0.08474824577569962
rmse,climatology,phihyd_surface,1900,0.08165500412384669,0.07773183435201644,0.08486632406711578
rmse,climatology,phihyd_surface,1910,0.08196439445018769,0.0781221017241478,0.08486697971820831
rmse,climatology,phihyd_surface,1920,0.08193000058333079,0.07767378985881805,0.08507666885852813
rmse,climatology,phihyd_surface,1930,0.08183421144882838,0.07800686508417129,0.08501246720552444
rmse,climatology,phihyd_surface,1940,0.08201277901728948,0.07864661961793899,0.08517699092626571
rmse,climatology,phihyd_surface,1950,0.0820940429965655,0.07832285910844802,0.08526203483343124
rmse,climatology,phihyd_surface,1960,0.08207200318574906,0.07811755686998367,0.08503737300634384
rmse,climatology,phihyd_surface,1970,0.08233088652292887,0.07884961813688278,0.0850958302617073
rmse,climatology,phihyd_surface,1980,0.08263024489084879,0.07913771271705627,0.0856183111667633
rmse,climatology,phihyd_surface,1990,0.08250818898280461,0.07845491915941238,0.08562885224819183
rmse,climatology,phihyd_surface,2000,0.0824887494246165,0.07873230576515197,0.08563082069158554
rmse,persistence,phihyd_surface,0,0.0,0.0,0.0
rmse,persistence,phihyd_surface,10,0.010350699505458276,0.007396924961358309,0.012786458991467953
rmse,persistence,phihyd_surface,20,0.014682069482902686,0.011606127209961414,0.017236204445362092
rmse,persistence,phihyd_surface,30,0.01813393794000149,0.015945703163743018,0.021325619891285896
rmse,persistence,phihyd_surface,40,0.023417344068487486,0.018077804893255233,0.026974673941731454
rmse,persistence,phihyd_surface,50,0.02690871643523375,0.0225798349827528,0.030930523574352265
rmse,persistence,phihyd_surface,60,0.029418931528925895,0.026224426552653314,0.03442290276288986
rmse,persistence,phihyd_surface,70,0.030977992216746013,0.02609020732343197,0.035264651477336886
rmse,persistence,phihyd_surface,80,0.031150045742591222,0.026520409807562827,0.03484172448515892
rmse,persistence,phihyd_surface,90,0.03239365803698699,0.029249688237905504,0.03540579527616501
rmse,persistence,phihyd_surface,100,0.03225948164860407,0.02844003662467003,0.03502363786101341
rmse,persistence,phihyd_surface,110,0.028799115493893624,0.02590886726975441,0.03185688331723213
rmse,persistence,phihyd_surface,120,0.027389134963353476,0.02412121444940567,0.03053924851119518
rmse,persistence,phihyd_surface,130,0.02531686139603456,0.02194419503211975,0.028098203241825104
rmse,persistence,phihyd_surface,140,0.019774264097213744,0.017686392366886138,0.021753213927149774
rmse,persistence,phihyd_surface,150,0.01693753395229578,0.014315492659807205,0.019125309959053993
rmse,persistence,phihyd_surface,160,0.013396045689781507,0.011218058504164219,0.015376081690192223
rmse,persistence,phihyd_surface,170,0.006632236142953237,0.004543252196162939,0.009211843088269233
rmse,persistence,phihyd_surface,180,0.011823307691762845,0.008746748976409436,0.014190986566245557
rmse,persistence,phihyd_surface,190,0.016097692027688026,0.012788659147918224,0.01925821602344513
rmse,persistence,phihyd_surface,200,0.019039624805251756,0.016452279686927796,0.022971908375620843
rmse,persistence,phihyd_surface,210,0.024049313987294832,0.018796714767813683,0.02754022292792797
rmse,persistence,phihyd_surface,220,0.027587907885511718,0.023236847296357156,0.03174922987818718
rmse,persistence,phihyd_surface,230,0.030012928321957587,0.026738087832927703,0.03505796864628792
rmse,persistence,phihyd_surface,240,0.031689587111274405,0.026756518334150315,0.03599748238921165
rmse,persistence,phihyd_surface,250,0.03183698778351148,0.026816593855619433,0.035109365731477736
rmse,persistence,phihyd_surface,260,0.03293548077344895,0.029743649438023566,0.03579128310084343
rmse,persistence,phihyd_surface,270,0.03314891681075096,0.02931418754160404,0.03606499060988426
rmse,persistence,phihyd_surface,280,0.029847001532713573,0.0267690934240818,0.03242136910557747
rmse,persistence,phihyd_surface,290,0.028183861325184505,0.025087203085422515,0.031074604764580727
rmse,persistence,phihyd_surface,300,0.02646376925210158,0.02315697483718395,0.029269886016845704
rmse,persistence,phihyd_surface,310,0.021231967210769653,0.019354835525155066,0.02302424907684326
rmse,persistence,phihyd_surface,320,0.018106472430129847,0.015506014041602612,0.01979845352470875
rmse,persistence,phihyd_surface,330,0.01524729256828626,0.013539195992052555,0.017163263633847237
rmse,persistence,phihyd_surface,340,0.009172300497690836,0.008277679421007633,0.010142106376588345
rmse,persistence,phihyd_surface,350,0.012626016202072302,0.010895662382245064,0.01424255259335041
rmse,persistence,phihyd_surface,360,0.016900581556061903,0.014311446994543075,0.019180769473314284
rmse,persistence,phihyd_surface,370,0.019475867599248887,0.01741660721600056,0.02277185507118702
rmse,persistence,phihyd_surface,380,0.024261447663108508,0.019709407538175582,0.027329936623573303
rmse,persistence,phihyd_surface,390,0.027897535264492034,0.023581895604729654,0.031319548934698106
rmse,persistence,phihyd_surface,400,0.030309210593501727,0.02748127430677414,0.03459388166666031
rmse,persistence,phihyd_surface,410,0.03214511411885421,0.027954702824354173,0.035905007272958755
rmse,persistence,phihyd_surface,420,0.03233402135471503,0.02764187306165695,0.035950297862291335
rmse,persistence,phihyd_surface,430,0.033307912200689314,0.030546346306800844,0.035950638353824615
rmse,persistence,phihyd_surface,440,0.03383823161323865,0.03021205998957157,0.0365279532968998
rmse,persistence,phihyd_surface,450,0.030779794106880823,0.027307901158928873,0.032785499840974806
rmse,persistence,phihyd_surface,460,0.02894703547159831,0.026230430975556374,0.03116188570857048
rmse,persistence,phihyd_surface,470,0.02760178173581759,0.02469240389764309,0.030172185972332954
rmse,persistence,phihyd_surface,480,0.02272682897746563,0.020048889517784118,0.02528516240417957
rmse,persistence,phihyd_surface,490,0.019417044272025428,0.016272091865539552,0.021892016753554344
rmse,persistence,phihyd_surface,500,0.017260719339052835,0.015129698440432549,0.01884107030928135
rmse,persistence,phihyd_surface,510,0.011779833336671193,0.009526276774704457,0.013660268858075142
rmse,persistence,phihyd_surface,520,0.01391870112468799,0.012113799154758454,0.015439272671937943
rmse,persistence,phihyd_surface,530,0.018156616762280465,0.015942785143852233,0.02013680264353752
rmse,persistence,phihyd_surface,540,0.020421225329240164,0.018827595934271812,0.022957587242126466
rmse,persistence,phihyd_surface,550,0.024809945747256278,0.02096293680369854,0.027190107852220535
rmse,persistence,phihyd_surface,560,0.02843542570869128,0.023658309131860733,0.03112570159137249
rmse,persistence,phihyd_surface,570,0.030779243633151054,0.027541660144925116,0.03446303009986877
rmse,persistence,phihyd_surface,580,0.03265571718414625,0.02897219583392143,0.03620849773287773
rmse,persistence,phihyd_surface,590,0.032802363485097887,0.027523193135857583,0.03677690252661705
rmse,persistence,phihyd_surface,600,0.033551944916447,0.030697905272245408,0.03678645119071007
rmse,persistence,phihyd_surface,610,0.03424744568765163,0.0310493066906929,0.03741757646203041
rmse,persistence,phihyd_surface,620,0.03135509664813677,0.027554421871900558,0.03337596729397774
rmse,persistence,phihyd_surface,630,0.02914568061629931,0.026937657967209816,0.03138257786631584
rmse,persistence,phihyd_surface,640,0.02790232685705026,0.024986476078629492,0.030949989333748817
rmse,persistence,phihyd_surface,650,0.023206911236047744,0.021199171990156175,0.025984431430697442
rmse,persistence,phihyd_surface,660,0.019351106509566306,0.01687808334827423,0.020489643141627312
rmse,persistence,phihyd_surface,670,0.01725222890575727,0.01557402554899454,0.01944032162427902
rmse,persistence,phihyd_surface,680,0.01146235807488362,0.010601694881916045,0.012516424432396889
rmse,persistence,phihyd_surface,690,0.012502745849390824,0.011320210061967373,0.013603144697844982
rmse,persistence,phihyd_surface,700,0.017156605236232282,0.014448689110577107,0.019511164724826814
rmse,persistence,phihyd_surface,710,0.019412266835570336,0.01696406714618206,0.022555357590317727
rmse,persistence,phihyd_surface,720,0.023811874662836394,0.019789475202560424,0.02680824026465416
rmse,persistence,phihyd_surface,730,0.027788942307233812,0.022916229069232942,0.0312685176730156
rmse,persistence,phihyd_surface,740,0.030279692262411118,0.027352772653102875,0.03478817045688629
rmse,persistence,phihyd_surface,750,0.03238491391142209,0.028307559341192244,0.036872217804193495
rmse,persistence,phihyd_surface,760,0.03279062112172445,0.027859998121857642,0.03653308302164078
rmse,persistence,phihyd_surface,770,0.033523587385813396,0.030944444611668585,0.0361083023250103
rmse,persistence,phihyd_surface,780,0.03455326197048028,0.0312642939388752,0.037987370043992996
rmse,persistence,phihyd_surface,790,0.03215041520694892,0.028641016408801078,0.034128396213054656
rmse,persistence,phihyd_surface,800,0.029822831973433495,0.0277636643499136,0.03217482194304466
rmse,persistence,phihyd_surface,810,0.02892669936021169,0.026167741790413857,0.03215961307287216
rmse,persistence,phihyd_surface,820,0.024883761753638586,0.023523998633027076,0.027094386145472528
rmse,persistence,phihyd_surface,830,0.02104124240577221,0.01915645822882652,0.022344033047556878
rmse,persistence,phihyd_surface,840,0.019507469485203426,0.018181844055652617,0.021229855343699457
rmse,persistence,phihyd_surface,850,0.01483286488801241,0.013707287609577179,0.01598438769578934
rmse,persistence,phihyd_surface,860,0.014957618713378907,0.013781049847602844,0.015947993099689483
rmse,persistence,phihyd_surface,870,0.019233235840996107,0.01630372926592827,0.021268192678689957
rmse,persistence,phihyd_surface,880,0.021335350597898164,0.019196679070591926,0.024101774767041208
rmse,persistence,phihyd_surface,890,0.025222550829251608,0.0218167319893837,0.027693600952625276
rmse,persistence,phihyd_surface,900,0.029157927880684536,0.02413007952272892,0.03260806500911713
rmse,persistence,phihyd_surface,910,0.031583875169356665,0.028506096079945566,0.036103449016809466
rmse,persistence,phihyd_surface,920,0.033679926147063576,0.029720456898212434,0.038388483226299286
rmse,persistence,phihyd_surface,930,0.034199609359105425,0.02950829789042473,0.03808400928974152
rmse,persistence,phihyd_surface,940,0.0347293737034003,0.03197851777076721,0.037156792730093
rmse,persistence,phihyd_surface,950,0.03583508481582006,0.032860317081212995,0.0392012894153595
rmse,persistence,phihyd_surface,960,0.0338437436769406,0.03047347590327263,0.03581198155879974
rmse,persistence,phihyd_surface,970,0.03130990937352181,0.029526497051119805,0.03358913511037827
rmse,persistence,phihyd_surface,980,0.030522485822439195,0.027942517027258872,0.03377858325839043
rmse,persistence,phihyd_surface,990,0.026986476530631385,0.02586021237075329,0.029140901193022727
rmse,persistence,phihyd_surface,1000,0.02300859900812308,0.0212261576205492,0.02482767589390278
rmse,persistence,phihyd_surface,1010,0.02168862596154213,0.020151391625404358,0.023360245302319525
rmse,persistence,phihyd_surface,1020,0.01768081064025561,0.0171160988509655,0.018340934067964554
rmse,persistence,phihyd_surface,1030,0.016994884982705117,0.01616986617445946,0.017573219910264015
rmse,persistence,phihyd_surface,1040,0.020957665145397188,0.019063057005405427,0.022584790363907814
rmse,persistence,phihyd_surface,1050,0.022972481325268745,0.021084192395210265,0.02478027381002903
rmse,persistence,phihyd_surface,1060,0.026383720462520917,0.024433116987347604,0.028462260589003564
rmse,persistence,phihyd_surface,1070,0.030296813199917474,0.026173819229006766,0.03253033384680748
rmse,persistence,phihyd_surface,1080,0.0327301266292731,0.02992173843085766,0.03573865592479706
rmse,persistence,phihyd_surface,1090,0.03486239661773046,0.03127204589545727,0.03828358948230744
rmse,persistence,phihyd_surface,1100,0.03556743400792281,0.0317968737334013,0.039331696927547455
rmse,persistence,phihyd_surface,1110,0.03596480712294579,0.033515043556690216,0.03838248401880264
rmse,persistence,phihyd_surface,1120,0.037135319660107295,0.0341089703142643,0.039860257506370546
rmse,persistence,phihyd_surface,1130,0.03558195742468039,0.03210391849279404,0.038269539922475816
rmse,persistence,phihyd_surface,1140,0.03294844689468543,0.031129085272550584,0.035710010677576065
rmse,persistence,phihyd_surface,1150,0.03229650172094504,0.029419141262769698,0.03467889279127121
rmse,persistence,phihyd_surface,1160,0.029325086747606595,0.027425892651081085,0.03185852020978928
rmse,persistence,phihyd_surface,1170,0.025359415511290232,0.0223335362970829,0.028381716459989548
rmse,persistence,phihyd_surface,1180,0.02420365735888481,0.021629226580262183,0.02570384293794632
rmse,persistence,phihyd_surface,1190,0.02083688465257486,0.01897690035402775,0.02256788909435272
rmse,persistence,phihyd_surface,1200,0.019511843596895537,0.0172846969217062,0.021360153332352638
rmse,persistence,phihyd_surface,1210,0.022966912885506948,0.020974411442875863,0.024698641523718833
rmse,persistence,phihyd_surface,1220,0.024843873580296834,0.022842638567090033,0.026731425896286964
rmse,persistence,phihyd_surface,1230,0.02760617497066657,0.025643230974674226,0.028858735412359237
rmse,persistence,phihyd_surface,1240,0.031217039624849955,0.026956301555037497,0.03401622697710991
rmse,persistence,phihyd_surface,1250,0.03349475661913554,0.030190344899892807,0.036481267958879474
rmse,persistence,phihyd_surface,1260,0.03548291996121407,0.032463391125202176,0.038763925433158875
rmse,persistence,phihyd_surface,1270,0.03622281079490979,0.031922328472137454,0.03985166549682617
rmse,persistence,phihyd_surface,1280,0.036391102025906244,0.03295055627822876,0.039516917616128924
rmse,persistence,phihyd_surface,1290,0.03749302874008815,0.0346080906689167,0.040562228113412854
rmse,persistence,phihyd_surface,1300,0.03630220418175061,0.03311789929866791,0.0390614002943039
rmse,persistence,phihyd_surface,1310,0.03343285756806533,0.03145480751991272,0.03595082312822342
rmse,persistence,phihyd_surface,1320,0.032589850823084514,0.029781357571482658,0.03559354543685913
rmse,persistence,phihyd_surface,1330,0.02989503207306067,0.027891645580530165,0.03225742280483246
rmse,persistence,phihyd_surface,1340,0.025670175378521284,0.023810719326138496,0.0273789893835783
rmse,persistence,phihyd_surface,1350,0.024315149709582328,0.02264484167098999,0.02601938582956791
rmse,persistence,phihyd_surface,1360,0.021203271547953286,0.02033059261739254,0.02229989655315876
rmse,persistence,phihyd_surface,1370,0.019202544912695886,0.01877475716173649,0.019582315534353256
rmse,persistence,phihyd_surface,1380,0.022489376117785773,0.020821575820446015,0.024073277413845063
rmse,persistence,phihyd_surface,1390,0.024583929404616355,0.022653133794665336,0.026606502011418343
rmse,persistence,phihyd_surface,1400,0.027215592687328656,0.02533154934644699,0.02960168309509754
rmse,persistence,phihyd_surface,1410,0.031093947341044745,0.0266569834202528,0.03389505669474602
rmse,persistence,phihyd_surface,1420,0.033645895992716154,0.030564599111676215,0.03676505908370018
rmse,persistence,phihyd_surface,1430,0.0357648362716039,0.03293171301484108,0.039831303805112836
rmse,persistence,phihyd_surface,1440,0.03684091418981552,0.032830819487571716,0.04065527021884918
rmse,persistence,phihyd_surface,1450,0.0370574839413166,0.0335024282336235,0.039977063238620755
rmse,persistence,phihyd_surface,1460,0.03824445257584254,0.0353177398443222,0.04120759069919586
rmse,persistence,phihyd_surface,1470,0.03765382294853528,0.03486190885305405,0.0402582012116909
rmse,persistence,phihyd_surface,1480,0.034933980802694956,0.03284262642264366,0.03736530691385269
rmse,persistence,phihyd_surface,1490,0.0341662493844827,0.031553083658218385,0.03738127425312996
rmse,persistence,phihyd_surface,1500,0.032110923528671266,0.029645298421382905,0.034032905101776124
rmse,persistence,phihyd_surface,1510,0.0281651146709919,0.027085895463824273,0.029747981205582617
rmse,persistence,phihyd_surface,1520,0.026868043715755144,0.025429175421595573,0.02878973223268986
rmse,persistence,phihyd_surface,1530,0.02449548455576102,0.023230791091918945,0.025754736363887788
rmse,persistence,phihyd_surface,1540,0.02231584439675013,0.021364734321832658,0.022994916886091232
rmse,persistence,phihyd_surface,1550,0.024981815616289774,0.023270606994628906,0.02631976790726185
rmse,persistence,phihyd_surface,1560,0.027098532890280087,0.02522239610552788,0.02920087017118931
rmse,persistence,phihyd_surface,1570,0.02928162068128586,0.02731477953493595,0.03196834772825241
rmse,persistence,phihyd_surface,1580,0.03290397773186366,0.028763041645288468,0.03551953658461571
rmse,persistence,phihyd_surface,1590,0.0354120671749115,0.03221976384520531,0.03863311111927033
rmse,persistence,phihyd_surface,1600,0.03739361936847369,0.03485353216528893,0.04133057519793511
rmse,persistence,phihyd_surface,1610,0.03857641418774923,0.03461407572031021,0.04188809171319008
rmse,persistence,phihyd_surface,1620,0.038680987308422725,0.03489893153309822,0.04138498902320862
rmse,persistence,phihyd_surface,1630,0.03969701627890269,0.036758401244878766,0.042188648134469986
rmse,persistence,phihyd_surface,1640,0.03945685451229413,0.03669230118393898,0.041643678396940234
rmse,persistence,phihyd_surface,1650,0.036755284667015074,0.03459167182445526,0.03889143243432045
rmse,persistence,phihyd_surface,1660,0.03580593690276146,0.03328031152486801,0.038167980313301084
rmse,persistence,phihyd_surface,1670,0.03415146693587303,0.03202773481607437,0.03612881526350975
rmse,persistence,phihyd_surface,1680,0.030322078118721642,0.028577010333538055,0.0320955827832222
rmse,persistence,phihyd_surface,1690,0.02885657859345277,0.027242830023169518,0.03000202439725399
rmse,persistence,phihyd_surface,1700,0.02696369377275308,0.026158251613378525,0.0279059961438179
rmse,persistence,phihyd_surface,1710,0.02458608311911424,0.023529157787561417,0.025061845034360885
rmse,persistence,phihyd_surface,1720,0.026765187457203864,0.025998124852776527,0.02760164365172386
rmse,persistence,phihyd_surface,1730,0.028983137011528014,0.027615639567375182,0.03012275882065296
rmse,persistence,phihyd_surface,1740,0.030864309147000314,0.029764655232429504,0.03243262320756912
rmse,persistence,phihyd_surface,1750,0.03430485191444556,0.031214124336838723,0.036385031044483186
rmse,persistence,phihyd_surface,1760,0.036879801253477736,0.0340864971280098,0.03917422369122505
rmse,persistence,phihyd_surface,1770,0.038825121521949765,0.036670492589473726,0.04137157574295998
rmse,persistence,phihyd_surface,1780,0.040173110117514926,0.03742381110787392,0.04296167269349098
rmse,persistence,phihyd_surface,1790,0.04028906871875127,0.03697692379355431,0.04323727488517761
rmse,persistence,phihyd_surface,1800,0.0411929560204347,0.038957276940345766,0.04339001402258873
rmse,persistence,phihyd_surface,1810,0.0413031667470932,0.0385241337120533,0.04362638145685196
rmse,persistence,phihyd_surface,1820,0.03877140233914057,0.03622537478804588,0.04139574021100998
rmse,persistence,phihyd_surface,1830,0.03772054041425387,0.03583378940820694,0.03945076018571854
rmse,persistence,phihyd_surface,1840,0.036490966627995176,0.034496673941612245,0.03862573653459549
rmse,persistence,phihyd_surface,1850,0.03290999494493008,0.030423611029982568,0.035226748883724214
rmse,persistence,phihyd_surface,1860,0.031264907618363695,0.02896486297249794,0.032427741587162016
rmse,persistence,phihyd_surface,1870,0.02977820932865143,0.028070341050624847,0.03130779415369034
rmse,persistence,phihyd_surface,1880,0.027287204066912332,0.025437621772289275,0.028844141215085984
rmse,persistence,phihyd_surface,1890,0.02880724680920442,0.027370484545826912,0.03065122663974762
rmse,persistence,phihyd_surface,1900,0.030946833019455274,0.02894211821258068,0.0322759635746479
rmse,persistence,phihyd_surface,1910,0.032394514853755635,0.030985110625624656,0.03370624110102653
rmse,persistence,phihyd_surface,1920,0.03537202775478363,0.03252433016896248,0.03738251477479935
rmse,persistence,phihyd_surface,1930,0.03780812496940295,0.03415103927254677,0.04017809182405472
rmse,persistence,phihyd_surface,1940,0.03957424983382225,0.0369275338947773,0.042310331016778946
rmse,persistence,phihyd_surface,1950,0.04093841512997945,0.03764446824789047,0.0437908448278904
rmse,persistence,phihyd_surface,1960,0.040984607736269635,0.03668266385793686,0.04429667443037033
rmse,persistence,phihyd_surface,1970,0.041677213211854296,0.03903843238949776,0.044561658054590225
rmse,persistence,phihyd_surface,1980,0.04203392490744591,0.03937948271632195,0.044943101704120636
rmse,persistence,phihyd_surface,1990,0.039624132712682086,0.03683935254812241,0.04121319428086281
rmse,persistence,phihyd_surface,2000,0.038242372870445254,0.036230454593896864,0.040171122550964354
rmse,model,sst,0,0.0,0.0,0.0
rmse,model,sst,10,0.007876692215601604,0.007062955107539892,0.008777845092117787
rmse,model,sst,20,0.010734362403551738,0.009359888546168805,0.011787004396319389
rmse,model,sst,30,0.012212113166848818,0.010074271261692047,0.013809955865144729
rmse,model,sst,40,0.013401908924182256,0.011217009276151657,0.015163693018257618
rmse,model,sst,50,0.014159662959476313,0.01180296167731285,0.016380226239562035
rmse,model,sst,60,0.01492830105125904,0.012768752686679364,0.01701779179275036
rmse,model,sst,70,0.01570367409537236,0.012981644086539745,0.01769712530076504
rmse,model,sst,80,0.016316031167904536,0.013283175602555274,0.018411238491535187
rmse,model,sst,90,0.016885815002024174,0.0138552688062191,0.019038133323192596
rmse,model,sst,100,0.017220352093378702,0.014683652482926846,0.01977573297917843
rmse,model,sst,110,0.017544821153084436,0.015349451079964637,0.019695356488227844
rmse,model,sst,120,0.017865698349972568,0.015480966120958329,0.019680247455835343
rmse,model,sst,130,0.018453230770925682,0.0160301323980093,0.02005125433206558
rmse,model,sst,140,0.019106007615725198,0.01666623279452324,0.02046917788684368
rmse,model,sst,150,0.019593683319787183,0.0176068551838398,0.021490900591015816
rmse,model,sst,160,0.01980018603305022,0.018172406405210496,0.021890001744031905
rmse,model,sst,170,0.020172848428289095,0.0190452691167593,0.02212237976491451
rmse,model,sst,180,0.02054140977561474,0.019314906746149062,0.02224602922797203
rmse,model,sst,190,0.021069834381341933,0.019653305411338806,0.0223082035779953
rmse,model,sst,200,0.021528377756476404,0.020146190375089645,0.02288450635969639
rmse,model,sst,210,0.022020611291130383,0.020809891819953918,0.02322964444756508
rmse,model,sst,220,0.022274465734759965,0.020898061990737914,0.023714524507522584
rmse,model,sst,230,0.022740607460339863,0.02119898796081543,0.024380230531096458
rmse,model,sst,240,0.023426737760504086,0.021805552393198015,0.02537965290248394
rmse,model,sst,250,0.02409619204699993,0.022424463555216788,0.026170328631997107
rmse,model,sst,260,0.024585591380794844,0.023087691515684128,0.026882987469434738
rmse,model,sst,270,0.02497418150305748,0.02352215051651001,0.027614904940128325
rmse,model,sst,280,0.025280695284406345,0.02388465777039528,0.02760101519525051
rmse,model,sst,290,0.025679619610309602,0.02413920722901821,0.02757372185587883
rmse,model,sst,300,0.02629907007018725,0.024579449370503426,0.028096008673310278
rmse,model,sst,310,0.026964996506770453,0.02518409714102745,0.028917161002755164
rmse,model,sst,320,0.027398059517145155,0.025557083263993263,0.029864712432026864
rmse,model,sst,330,0.027775405595699947,0.025904113426804543,0.03069549575448036
rmse,model,sst,340,0.028295694043238957,0.02626767009496689,0.03163926303386688
rmse,model,sst,350,0.028787639737129212,0.02664489224553108,0.032658247649669646
rmse,model,sst,360,0.029358199859658877,0.02684141546487808,0.033535008877515794
rmse,model,sst,370,0.029895387093226113,0.02699475847184658,0.03390224054455757
rmse,model,sst,380,0.030259735013047854,0.02753485143184662,0.034654311090707775
rmse,model,sst,390,0.030512935668230056,0.028041462972760202,0.035079841315746305
rmse,model,sst,400,0.03089326061308384,0.02832016833126545,0.035301164537668225
rmse,model,sst,410,0.03140988474090894,0.028481539338827133,0.03574705123901367
rmse,model,sst,420,0.03205045598248641,0.02872185967862606,0.03605670556426048
rmse,model,sst,430,0.032630188018083574,0.029407011717557906,0.03684849292039871
rmse,model,sst,440,0.033002632980545364,0.029838669300079345,0.03753982931375503
rmse,model,sst,450,0.033412307625015576,0.030325045436620714,0.03778485059738159
rmse,model,sst,460,0.03395217681924502,0.030822864547371865,0.037908319383859634
rmse,model,sst,470,0.0345693189650774,0.031166183948516845,0.03862830996513367
rmse,model,sst,480,0.03522466197609901,0.03147102706134319,0.03962746486067772
rmse,model,sst,490,0.03588212033112844,0.0318839505314827,0.040707086026668546
rmse,model,sst,500,0.03635975817839305,0.03238661214709282,0.041146474331617354
rmse,model,sst,510,0.037087539583444594,0.03339866101741791,0.04176457524299621
rmse,model,sst,520,0.03778687094648679,0.034126955270767215,0.04304743856191635
rmse,model,sst,530,0.0383419506251812,0.03433533385396004,0.043529628217220305
rmse,model,sst,540,0.03896149347225825,0.034590400755405426,0.04366989806294441
rmse,model,sst,550,0.03972526043653488,0.03598437011241913,0.04417501017451286
rmse,model,sst,560,0.04028496891260147,0.03662272095680237,0.04512635916471481
rmse,model,sst,570,0.04055058186252912,0.03617558926343918,0.04538966566324234
rmse,model,sst,580,0.041163177043199536,0.03717794939875603,0.04539114311337471
rmse,model,sst,590,0.04208285932739576,0.03819410651922226,0.045661039650440216
rmse,model,sst,600,0.042851084967454274,0.038357601314783094,0.04633640870451927
rmse,model,sst,610,0.043368787566820784,0.038013608753681184,0.04745745062828064
rmse,model,sst,620,0.044117872665325804,0.03926571905612945,0.04779691472649574
rmse,model,sst,630,0.04499354983369509,0.04078097715973854,0.048293028771877286
rmse,model,sst,640,0.04553326293826103,0.04091188311576843,0.048840544372797015
rmse,model,sst,650,0.04614713390668233,0.041458912938833234,0.05009062066674232
rmse,model,sst,660,0.04668970356384913,0.04226853027939796,0.05038170367479324
rmse,model,sst,670,0.04702213406562805,0.042541466653347015,0.050408317148685454
rmse,model,sst,680,0.04747150291999181,0.04411925747990608,0.05044916346669197
rmse,model,sst,690,0.04801198666294416,0.04450534582138062,0.05169498771429062
rmse,model,sst,700,0.048476355026165645,0.044111721217632294,0.052762342244386674
rmse,model,sst,710,0.04917935902873675,0.04401449263095856,0.05340454578399658
rmse,model,sst,720,0.05005386124054591,0.045066649466753005,0.05384930893778801
rmse,model,sst,730,0.05050987253586451,0.04574007391929626,0.05457532480359077
rmse,model,sst,740,0.0506312258541584,0.04555257707834244,0.05560107007622719
rmse,model,sst,750,0.05150280520319939,0.04662679955363273,0.05701737850904465
rmse,model,sst,760,0.05242047309875488,0.04781526923179626,0.05795085355639458
rmse,model,sst,770,0.05286564379930496,0.0470438227057457,0.05840292572975159
rmse,model,sst,780,0.053127601742744446,0.04679277911782265,0.05923793092370033
rmse,model,sst,790,0.053806946923335396,0.04816176146268845,0.060503550618886945
rmse,model,sst,800,0.05444512615601222,0.04919002950191498,0.06048754528164864
rmse,model,sst,810,0.05465464641650518,0.04951267391443252,0.06041164174675941
rmse,model,sst,820,0.05527469565471013,0.05002936273813248,0.061045078188180925
rmse,model,sst,830,0.05605769728620847,0.05041796192526817,0.061787625402212144
rmse,model,sst,840,0.056394073615471524,0.05109017789363861,0.06170867085456848
rmse,model,sst,850,0.05681236858169238,0.05144986286759377,0.06101140379905701
rmse,model,sst,860,0.057559333244959515,0.05269899591803551,0.06136767044663429
rmse,model,sst,870,0.05814298540353775,0.05296008437871933,0.062300284206867215
rmse,model,sst,880,0.058716702709595364,0.05249467939138412,0.06241661235690117
rmse,model,sst,890,0.05930328741669655,0.05342700034379959,0.06328964978456497
rmse,model,sst,900,0.05954250991344452,0.05373958721756935,0.06282248049974441
rmse,model,sst,910,0.05954006786147754,0.05403064042329788,0.06301645189523697
rmse,model,sst,920,0.06017048532764117,0.05547180622816086,0.06418332606554031
rmse,model,sst,930,0.06073373779654503,0.055497866868972776,0.06493535786867141
rmse,model,sst,940,0.06114455486337344,0.05511024445295334,0.06614241749048233
rmse,model,sst,950,0.06139871800939242,0.05523524209856987,0.06714795827865601
rmse,model,sst,960,0.06180668373902639,0.057091116160154345,0.06583864837884904
rmse,model,sst,970,0.06203631286819776,0.057092363387346266,0.06566716432571411
rmse,model,sst,980,0.06182601153850555,0.056576771289110185,0.06515243351459503
rmse,model,sst,990,0.06218171715736389,0.057682224363088605,0.06580566316843033
rmse,model,sst,1000,0.06239778101444245,0.058337675780057906,0.06535483747720719
rmse,model,sst,1010,0.061949031054973604,0.05766949132084846,0.06506384164094925
rmse,model,sst,1020,0.06204536954561869,0.05841653347015381,0.06517656296491622
rmse,model,sst,1030,0.06295556252201398,0.060029125213623045,0.06694134324789047
rmse,model,sst,1040,0.06328658883770306,0.06027073264122009,0.06858302801847457
rmse,model,sst,1050,0.0630427584052086,0.05859915092587471,0.06924480050802231
rmse,model,sst,1060,0.06309419870376587,0.05944855362176895,0.06909748911857605
rmse,model,sst,1070,0.06340024148424467,0.060516176372766496,0.06889351308345795
rmse,model,sst,1080,0.06334850663940111,0.05952010974287987,0.0691806748509407
rmse,model,sst,1090,0.06328504507740339,0.05966943874955177,0.06913018673658371
rmse,model,sst,1100,0.0633477528889974,0.059266509115695955,0.06841254979372025
rmse,model,sst,1110,0.06386807337403297,0.059185299277305606,0.06972291767597198
rmse,model,sst,1120,0.0640806811551253,0.05945880860090256,0.0708114191889763
rmse,model,sst,1130,0.06434605320294698,0.05937906354665756,0.06910418570041657
rmse,model,sst,1140,0.06449140558640162,0.06037850752472877,0.06800148487091065
rmse,model,sst,1150,0.06452060888210932,0.06052757054567337,0.06673160642385483
rmse,model,sst,1160,0.06518975545962652,0.0624396838247776,0.06778757125139237
rmse,model,sst,1170,0.0654662718375524,0.06255192086100578,0.06733013838529586
rmse,model,sst,1180,0.06481851016481717,0.06196666732430458,0.06645363569259644
rmse,model,sst,1190,0.06475684841473897,0.06268390864133835,0.0663658007979393
rmse,model,sst,1200,0.06573219373822212,0.06260102540254593,0.06807839870452881
rmse,model,sst,1210,0.06585940172274908,0.06252971738576889,0.06870251893997192
rmse,model,sst,1220,0.06560160666704178,0.062041057646274565,0.06887295097112656
rmse,model,sst,1230,0.0657556379834811,0.06204584091901779,0.06929470151662827
rmse,model,sst,1240,0.06634823481241862,0.06135683432221413,0.0709440141916275
rmse,model,sst,1250,0.06626555795470873,0.061266036331653596,0.07089322954416274
rmse,model,sst,1260,0.06588455215096474,0.061263571679592135,0.06998848021030427
rmse,model,sst,1270,0.06597718397776285,0.061271417140960696,0.07020217031240464
rmse,model,sst,1280,0.06637248173356056,0.06178532391786575,0.07192123532295228
rmse,model,sst,1290,0.06622782821456591,0.06128265187144279,0.07188558280467987
rmse,model,sst,1300,0.06612089276313782,0.062345901131629945,0.0700325459241867
rmse,model,sst,1310,0.06618155340353647,0.0630832388997078,0.06922624111175538
rmse,model,sst,1320,0.06632379094759623,0.06379466205835342,0.06862097084522248
rmse,model,sst,1330,0.06683272818724315,0.06343525797128677,0.06996418684720992
rmse,model,sst,1340,0.06696749081214269,0.06372087299823762,0.07009516358375549
rmse,model,sst,1350,0.06629153465231259,0.0643768772482872,0.06823804080486298
rmse,model,sst,1360,0.06609670966863632,0.06423593759536743,0.06806028634309769
rmse,model,sst,1370,0.06681494911511739,0.06360107064247131,0.06973995268344879
rmse,model,sst,1380,0.06705172633131345,0.06315731704235077,0.07133820205926895
rmse,model,sst,1390,0.06707103004058203,0.06311280280351639,0.06978561580181122
rmse,model,sst,1400,0.06699457466602325,0.06296307295560837,0.07103381156921387
rmse,model,sst,1410,0.06752744615077973,0.06347992420196533,0.07214530110359192
rmse,model,sst,1420,0.06763517955938975,0.06379239708185196,0.07126294672489167
rmse,model,sst,1430,0.06737399895985921,0.06377736330032349,0.07050278186798095
rmse,model,sst,1440,0.06699293653170267,0.06404783129692078,0.07069370895624161
rmse,model,sst,1450,0.06682795112331709,0.0627575546503067,0.07119202464818955
rmse,model,sst,1460,0.0666254555185636,0.06223919987678528,0.07008801996707917
rmse,model,sst,1470,0.06659731616576513,0.06219532713294029,0.07042264342308044
rmse,model,sst,1480,0.06709557697176934,0.06218167394399643,0.070370152592659
rmse,model,sst,1490,0.06715316474437713,0.06312601119279862,0.07090113162994385
rmse,model,sst,1500,0.0669747126599153,0.06296503841876984,0.06927136778831482
rmse,model,sst,1510,0.06732272232572238,0.06280069649219513,0.07224564403295516
rmse,model,sst,1520,0.06732367326815923,0.06328878700733184,0.07176922112703324
rmse,model,sst,1530,0.06728357076644897,0.06357780545949936,0.07129329591989517
rmse,model,sst,1540,0.06749945928653081,0.06336210817098617,0.07223355323076248
rmse,model,sst,1550,0.0677333988249302,0.0625305138528347,0.0736789956688881
rmse,model,sst,1560,0.06781963979204496,0.062405166774988176,0.07267106026411056
rmse,model,sst,1570,0.0679068110883236,0.06337702572345734,0.07329910397529601
rmse,model,sst,1580,0.06818358277281125,0.06448648869991302,0.07291674464941025
rmse,model,sst,1590,0.06841334104537963,0.06474320888519287,0.07448689341545105
rmse,model,sst,1600,0.06830047120650609,0.06357023417949677,0.07238682955503464
rmse,model,sst,1610,0.06790918260812759,0.06314647197723389,0.07205174714326859
rmse,model,sst,1620,0.06761288866400719,0.06316720917820931,0.07296341508626938
rmse,model,sst,1630,0.06735392610232036,0.06356090903282166,0.07148211002349854
rmse,model,sst,1640,0.06673299074172974,0.06206668168306351,0.07100427150726318
rmse,model,sst,1650,0.06714845672249795,0.0616731770336628,0.07290053367614746
rmse,model,sst,1660,0.06742916405200958,0.06325647979974747,0.0727912351489067
rmse,model,sst,1670,0.06714084645112356,0.06332904994487762,0.0706945776939392
rmse,model,sst,1680,0.06740353008111317,0.06346797496080399,0.07247105985879898
rmse,model,sst,1690,0.0676200494170189,0.06356517225503922,0.07314473241567612
rmse,model,sst,1700,0.06770148525635401,0.06419383138418197,0.07195548415184021
rmse,model,sst,1710,0.067444575826327,0.06380418539047242,0.07234157174825669
rmse,model,sst,1720,0.06731131027142206,0.06334366500377656,0.07373293340206147
rmse,model,sst,1730,0.06741977781057358,0.06326143294572831,0.07339786887168884
rmse,model,sst,1740,0.06769746368130049,0.06305782198905945,0.07161693125963212
rmse,model,sst,1750,0.067585855225722,0.06381166577339173,0.07245256155729293
rmse,model,sst,1760,0.06774565776189169,0.06374327391386032,0.07265157550573349
rmse,model,sst,1770,0.06800012066960334,0.06426225751638412,0.07258143573999405
rmse,model,sst,1780,0.06807170733809471,0.06423268467187881,0.07224200516939164
rmse,model,sst,1790,0.06785141428311665,0.0644597128033638,0.07108569294214248
rmse,model,sst,1800,0.06780644456545512,0.06410057991743087,0.07090835571289063
rmse,model,sst,1810,0.0675778662165006,0.06393144279718399,0.07215778231620788
rmse,model,sst,1820,0.06800512472788493,0.06367492228746414,0.0748814046382904
rmse,model,sst,1830,0.0683630128701528,0.0639749899506569,0.07362141311168671
rmse,model,sst,1840,0.06845652113358179,0.06526877582073212,0.0728887751698494
rmse,model,sst,1850,0.06869704574346543,0.06488560885190964,0.07406866103410721
rmse,model,sst,1860,0.06895011415084203,0.06464309543371201,0.07441500276327133
rmse,model,sst,1870,0.06906808465719223,0.06561523377895355,0.0737376406788826
rmse,model,sst,1880,0.06898396164178848,0.06595784425735474,0.07387344241142273
rmse,model,sst,1890,0.06868898272514343,0.06611248850822449,0.07462133318185807
rmse,model,sst,1900,0.06873439202706019,0.0651643455028534,0.07500234693288803
rmse,model,sst,1910,0.06891848196585973,0.06538580358028412,0.07388312369585037
rmse,model,sst,1920,0.06880774597326915,0.06551282107830048,0.07274088561534882
rmse,model,sst,1930,0.06853985240062078,0.06552983969449996,0.07275997847318649
rmse,model,sst,1940,0.06868932793537776,0.06546093672513961,0.07228161692619324
rmse,model,sst,1950,0.0689501831928889,0.06476124227046967,0.07256523668766021
rmse,model,sst,1960,0.06869543492794036,0.06576722413301468,0.07217672020196915
rmse,model,sst,1970,0.06837546130021413,0.06563579887151719,0.0718403160572052
rmse,model,sst,1980,0.06823515693346659,0.06426947116851807,0.07267089784145356
rmse,model,sst,1990,0.06827278087536494,0.06373074650764465,0.07483848929405212
rmse,model,sst,2000,0.06834381992618242,0.06339114606380462,0.07486429363489151
rmse,climatology,sst,0,0.03851603989799817,0.036900915950536725,0.03973420113325119
rmse,climatology,sst,10,0.03781576032439868,0.035535778850317,0.04006939306855202
rmse,climatology,sst,20,0.03781564633051555,0.03527504801750183,0.03965738043189049
rmse,climatology,sst,30,0.03884542236725489,0.03711217045783997,0.04016238525509834
rmse,climatology,sst,40,0.03886417100826899,0.036503059417009355,0.04012349918484688
rmse,climatology,sst,50,0.03842119152347247,0.03684120923280716,0.040487205237150194
rmse,climatology,sst,60,0.038532724728186925,0.03676047548651695,0.03974761813879013
rmse,climatology,sst,70,0.03861062526702881,0.03658171072602272,0.03990474119782448
rmse,climatology,sst,80,0.03843752220273018,0.03549491465091705,0.040605226159095766
rmse,climatology,sst,90,0.038854054858287176,0.036740957945585254,0.04068373143672943
rmse,climatology,sst,100,0.03913060203194618,0.03746839314699173,0.04064115881919861
rmse,climatology,sst,110,0.038527952631314595,0.036318307369947435,0.04059659689664841
rmse,climatology,sst,120,0.038027372459570566,0.03586315289139748,0.0394700713455677
rmse,climatology,sst,130,0.038665489355723066,0.03592869713902473,0.041383955627679825
rmse,climatology,sst,140,0.039239687472581865,0.036676251143217084,0.04050481840968132
rmse,climatology,sst,150,0.038672966261704765,0.03681488856673241,0.04060835912823677
rmse,climatology,sst,160,0.038775215049584706,0.03723837658762932,0.040503659099340436
rmse,climatology,sst,170,0.039168488482634226,0.03759124279022217,0.04178773984313011
rmse,climatology,sst,180,0.03855066696802775,0.036078120768070224,0.04145420491695404
rmse,climatology,sst,190,0.038436446835597354,0.03508598729968071,0.04066128954291344
rmse,climatology,sst,200,0.0394647940993309,0.036680477857589724,0.041797037422657016
rmse,climatology,sst,210,0.03957072248061498,0.03776433765888214,0.041832901537418365
rmse,climatology,sst,220,0.03909092421332995,0.036948248744010925,0.04226228818297386
rmse,climatology,sst,230,0.0390734667579333,0.0364606112241745,0.04218714982271195
rmse,climatology,sst,240,0.03917079468568166,0.03684882670640945,0.04135345071554184
rmse,climatology,sst,250,0.03887764786680539,0.03601968958973885,0.04050496593117714
rmse,climatology,sst,260,0.03917609577377637,0.03798637166619301,0.040682753175497056
rmse,climatology,sst,270,0.039376326153675714,0.038016805052757265,0.04026465639472008
rmse,climatology,sst,280,0.038794286797444025,0.03677078634500504,0.04094310775399208
rmse,climatology,sst,290,0.038082990298668545,0.03610694259405136,0.03996110782027244
rmse,climatology,sst,300,0.03855792060494423,0.036393004655838015,0.04027100950479508
rmse,climatology,sst,310,0.03909511292974154,0.03693906888365746,0.04035145044326782
rmse,climatology,sst,320,0.0385559377570947,0.035903166979551315,0.04054376631975174
rmse,climatology,sst,330,0.038458637644847235,0.036419297009706496,0.040279462933540344
rmse,climatology,sst,340,0.03889277602235476,0.03813767284154892,0.04028479382395744
rmse,climatology,sst,350,0.03829583351810773,0.03620692789554596,0.04042485803365707
rmse,climatology,sst,360,0.03801253587007523,0.0353331096470356,0.04003552868962288
rmse,climatology,sst,370,0.03899626980225245,0.03700552806258202,0.04077000319957733
rmse,climatology,sst,380,0.03922013441721598,0.03726558610796928,0.04051142260432243
rmse,climatology,sst,390,0.03877046083410581,0.036696947365999225,0.040697024762630464
rmse,climatology,sst,400,0.038720737646023434,0.03687774837017059,0.040412505716085435
rmse,climatology,sst,410,0.03890338738759359,0.037442931532859804,0.03990479111671448
rmse,climatology,sst,420,0.03862849101424217,0.03570310994982719,0.04073374420404434
rmse,climatology,sst,430,0.03898104305068652,0.03696275129914284,0.04086991548538208
rmse,climatology,sst,440,0.03930189808209737,0.03799036368727684,0.04072136431932449
rmse,climatology,sst,450,0.03894876663883527,0.03640907928347588,0.040656764060258865
rmse,climatology,sst,460,0.03825824384888013,0.036514648050069806,0.04025536999106407
rmse,climatology,sst,470,0.03877248962720235,0.03703045547008514,0.04073928892612457
rmse,climatology,sst,480,0.039432907849550246,0.03718254044651985,0.04120938256382942
rmse,climatology,sst,490,0.03910219445824623,0.03598805442452431,0.042047418653964996
rmse,climatology,sst,500,0.03896090015769005,0.03619916662573815,0.04198901355266571
rmse,climatology,sst,510,0.03955008710424105,0.03837437406182289,0.04066052809357643
rmse,climatology,sst,520,0.03911329160133998,0.03742280900478363,0.04084525927901268
rmse,climatology,sst,530,0.03873288556933403,0.03587512746453285,0.0410590834915638
rmse,climatology,sst,540,0.03964851722121239,0.037656379491090776,0.04230037331581116
rmse,climatology,sst,550,0.04000753164291382,0.03751448392868042,0.04169944748282432
rmse,climatology,sst,560,0.03959584832191467,0.037057044357061385,0.041694610565900805
rmse,climatology,sst,570,0.03949484924475352,0.03886979669332504,0.04084833189845085
rmse,climatology,sst,580,0.039695824434359865,0.03862956464290619,0.0410238653421402
rmse,climatology,sst,590,0.039367585877577466,0.035953227430582047,0.04187123104929924
rmse,climatology,sst,600,0.03965748250484467,0.03702503591775894,0.04253181517124176
rmse,climatology,sst,610,0.040002467731634773,0.03811360076069832,0.041948482394218445
rmse,climatology,sst,620,0.039779138813416166,0.03736575990915299,0.04117407277226448
rmse,climatology,sst,630,0.038968556374311444,0.03725899308919907,0.04073019623756409
rmse,climatology,sst,640,0.03930319423476855,0.037986265122890474,0.040718131512403485
rmse,climatology,sst,650,0.039859251429637275,0.03878151848912239,0.04194410517811775
rmse,climatology,sst,660,0.03952638184030851,0.03651728853583336,0.04156668484210968
rmse,climatology,sst,670,0.03908563256263733,0.036287394165992734,0.04117891639471054
rmse,climatology,sst,680,0.03952408457795779,0.038457346707582475,0.04099954441189766
rmse,climatology,sst,690,0.03906241456667582,0.037071704119443896,0.04066969230771065
rmse,climatology,sst,700,0.038516459862391154,0.035813777893781665,0.040613953769207
rmse,climatology,sst,710,0.039304149647553764,0.03764658346772194,0.04110327363014221
rmse,climatology,sst,720,0.03976966341336568,0.0380713015794754,0.04075989574193954
rmse,climatology,sst,730,0.03935083349545797,0.03777039721608162,0.04104299247264862
rmse,climatology,sst,740,0.03916231741507848,0.03754429146647453,0.041119348257780075
rmse,climatology,sst,750,0.03940478637814522,0.038147857040166856,0.040616422146558764
rmse,climatology,sst,760,0.039120070884625116,0.03617736771702766,0.04096054136753082
rmse,climatology,sst,770,0.03937878708044688,0.03711293861269951,0.041416078060865405
rmse,climatology,sst,780,0.039727876583735146,0.03837566822767258,0.04114457592368126
rmse,climatology,sst,790,0.039627980440855026,0.03752958625555038,0.04143806397914886
rmse,climatology,sst,800,0.038782234241565065,0.0370381660759449,0.041337674111127855
rmse,climatology,sst,810,0.03910851130882899,0.037473367899656294,0.04040670916438103
rmse,climatology,sst,820,0.039829529573520026,0.03779711872339249,0.041122731566429135
rmse,climatology,sst,830,0.03980964124202728,0.03829002156853676,0.04140245988965034
rmse,climatology,sst,840,0.03939596985777219,0.03832131624221802,0.04104635044932366
rmse,climatology,sst,850,0.03995481679836909,0.03853539302945137,0.04127385467290878
rmse,climatology,sst,860,0.039733297377824786,0.03720280304551125,0.04287215024232864
rmse,climatology,sst,870,0.03923556183775266,0.035869503021240236,0.04250720888376236
rmse,climatology,sst,880,0.03998217657208443,0.03746035695075989,0.04215587601065636
rmse,climatology,sst,890,0.04059510280688604,0.039760810881853105,0.04271698072552681
rmse,climatology,sst,900,0.04019556219379107,0.03850667327642441,0.04337859600782394
rmse,climatology,sst,910,0.03989854628841082,0.037561652809381486,0.043544397503137586
rmse,climatology,sst,920,0.04013536920150121,0.038505513966083524,0.04249098300933838
rmse,climatology,sst,930,0.03985231344898542,0.03707718476653099,0.041866686940193173
rmse,climatology,sst,940,0.03996626064181328,0.03792163133621216,0.041613074392080306
rmse,climatology,sst,950,0.040232813855012255,0.038425957411527635,0.04149194285273552
rmse,climatology,sst,960,0.040158663193384805,0.03854202926158905,0.042226304113864896
rmse,climatology,sst,970,0.03918878982464472,0.03715727999806404,0.04082603827118873
rmse,climatology,sst,980,0.03928936496376991,0.0376300074160099,0.041085734218358996
rmse,climatology,sst,990,0.03987719764312108,0.03781002908945084,0.04115330651402473
rmse,climatology,sst,1000,0.039874761303265886,0.037740858644247054,0.041589502990245816
rmse,climatology,sst,1010,0.0392499104142189,0.037231330573558805,0.041301003843545916
rmse,climatology,sst,1020,0.039717013388872145,0.03854494467377663,0.040980149805545804
rmse,climatology,sst,1030,0.03954687714576721,0.037759315222501755,0.04097777083516121
rmse,climatology,sst,1040,0.03890643840034803,0.036052112281322476,0.04103891253471374
rmse,climatology,sst,1050,0.039469156165917715,0.03751822337508202,0.041433630883693694
rmse,climatology,sst,1060,0.04021712616086006,0.03883202746510506,0.04164064526557922
rmse,climatology,sst,1070,0.03993442033727964,0.03814382255077362,0.041690414398908617
rmse,climatology,sst,1080,0.03965704441070557,0.03799668326973915,0.0417534850537777
rmse,climatology,sst,1090,0.0400091474254926,0.03840900659561157,0.04128861352801323
rmse,climatology,sst,1100,0.03988728548089663,0.0380250409245491,0.04136604815721512
rmse,climatology,sst,1110,0.04004949604471524,0.03832425624132156,0.041781171411275866
rmse,climatology,sst,1120,0.04051530063152313,0.038191231340169905,0.04256749004125595
rmse,climatology,sst,1130,0.04074862226843834,0.03845600560307503,0.042804069072008136
rmse,climatology,sst,1140,0.039990871647993725,0.037374015897512436,0.042447373270988464
rmse,climatology,sst,1150,0.040127280602852505,0.03800106793642044,0.04307130351662636
rmse,climatology,sst,1160,0.040812643120686214,0.038356625288724897,0.04348862320184708
rmse,climatology,sst,1170,0.04098827491203944,0.03794790208339691,0.044494444876909255
rmse,climatology,sst,1180,0.04037984137733777,0.037032654881477355,0.04429437294602394
rmse,climatology,sst,1190,0.04089593191941579,0.038904211670160296,0.04311558529734612
rmse,climatology,sst,1200,0.04090653533736865,0.039687664806842805,0.04303414896130562
rmse,climatology,sst,1210,0.04022831122080485,0.03795699179172516,0.04303555563092232
rmse,climatology,sst,1220,0.0406055711209774,0.0386480376124382,0.04354520067572594
rmse,climatology,sst,1230,0.04142464299996694,0.03902117013931274,0.04387813061475754
rmse,climatology,sst,1240,0.04124600440263748,0.03895829021930695,0.043735826015472413
rmse,climatology,sst,1250,0.04090488776564598,0.0388765349984169,0.04278057962656021
rmse,climatology,sst,1260,0.04113015905022621,0.03962922841310501,0.043442442268133166
rmse,climatology,sst,1270,0.040894715487957,0.03801743164658546,0.044094021618366244
rmse,climatology,sst,1280,0.04074158991376559,0.03764265552163124,0.04467112049460411
rmse,climatology,sst,1290,0.04101137245694796,0.03830147460103035,0.0442747101187706
rmse,climatology,sst,1300,0.041083073864380516,0.03894828259944916,0.04331532046198845
rmse,climatology,sst,1310,0.040142641464869185,0.038007428497076036,0.04188031703233719
rmse,climatology,sst,1320,0.039929024130105975,0.0386287622153759,0.041480475664138795
rmse,climatology,sst,1330,0.040433295319477716,0.03881743773818016,0.04181225821375847
rmse,climatology,sst,1340,0.04057931676506996,0.03826235830783844,0.04248681142926216
rmse,climatology,sst,1350,0.03980102116862933,0.03716800212860107,0.042031672596931455
rmse,climatology,sst,1360,0.04014320249358813,0.03893999233841896,0.04183062613010406
rmse,climatology,sst,1370,0.04018904318412145,0.038323008269071576,0.04137372896075249
rmse,climatology,sst,1380,0.0394639161725839,0.0370161235332489,0.04157543033361435
rmse,climatology,sst,1390,0.03968385681509971,0.03748329654335976,0.041292347759008405
rmse,climatology,sst,1400,0.04057432810465495,0.039379685372114184,0.04187999814748764
rmse,climatology,sst,1410,0.04046142647663752,0.03829950541257858,0.04179715439677238
rmse,climatology,sst,1420,0.0400787723561128,0.038386411219835284,0.04202195554971695
rmse,climatology,sst,1430,0.04032147005200386,0.03893178701400757,0.04163531512022019
rmse,climatology,sst,1440,0.04028454174598058,0.03841204047203064,0.04154019057750702
rmse,climatology,sst,1450,0.04020405088861783,0.03769596815109253,0.04220611453056335
rmse,climatology,sst,1460,0.040654470771551134,0.03888170048594475,0.04225556030869484
rmse,climatology,sst,1470,0.040912848462661106,0.03920854777097702,0.04254038855433464
rmse,climatology,sst,1480,0.040197692314783734,0.03783303052186966,0.04247070848941803
rmse,climatology,sst,1490,0.03997199237346649,0.0379866786301136,0.04120429083704948
rmse,climatology,sst,1500,0.04065163681904475,0.03800183087587357,0.0432118259370327
rmse,climatology,sst,1510,0.0410922721028328,0.038963576406240465,0.042476384341716765
rmse,climatology,sst,1520,0.04049774681528409,0.03893643990159035,0.042148028314113614
rmse,climatology,sst,1530,0.040846307575702664,0.03912407010793686,0.042745080590248105
rmse,climatology,sst,1540,0.04111018230517705,0.03915370181202889,0.0440746046602726
rmse,climatology,sst,1550,0.040494545549154284,0.03769119381904602,0.04389810562133789
rmse,climatology,sst,1560,0.040568289409081144,0.037044412642717364,0.043129979819059375
rmse,climatology,sst,1570,0.041483786702156064,0.039007415622472764,0.043990501761436464
rmse,climatology,sst,1580,0.04140189290046692,0.03973371610045433,0.04432077184319496
rmse,climatology,sst,1590,0.04090306237339973,0.03864916041493416,0.04463358521461487
rmse,climatology,sst,1600,0.04095824509859085,0.03846440985798836,0.04391901046037674
rmse,climatology,sst,1610,0.04088143482804298,0.038754602521657945,0.04301354736089706
rmse,climatology,sst,1620,0.04057071730494499,0.03840754330158234,0.04208210557699203
rmse,climatology,sst,1630,0.04086758693059286,0.03950523287057876,0.04230224788188934
rmse,climatology,sst,1640,0.041041891525189084,0.03978301510214806,0.04245786219835281
rmse,climatology,sst,1650,0.04033667047818502,0.038541074842214584,0.041922514140605924
rmse,climatology,sst,1660,0.039856387923161186,0.03810471147298813,0.04149398133158684
rmse,climatology,sst,1670,0.04039597784479459,0.038034217059612276,0.04188908562064171
rmse,climatology,sst,1680,0.04079273591438929,0.03872290253639221,0.042056252062320706
rmse,climatology,sst,1690,0.040143640836079915,0.037588247656822206,0.04208428636193275
rmse,climatology,sst,1700,0.04030028134584427,0.038772077113389966,0.041965342313051227
rmse,climatology,sst,1710,0.040589771668116253,0.03948519602417946,0.04189821407198906
rmse,climatology,sst,1720,0.0399562897781531,0.03782509565353394,0.042029937356710435
rmse,climatology,sst,1730,0.03985433951020241,0.037125363945961,0.0417638398706913
rmse,climatology,sst,1740,0.04082364862163861,0.03884899690747261,0.042603612691164014
rmse,climatology,sst,1750,0.04090796013673147,0.03891950771212578,0.04225585535168648
rmse,climatology,sst,1760,0.04054271926482519,0.0389139786362648,0.04238495677709579
rmse,climatology,sst,1770,0.040683913975954056,0.039012500643730165,0.042327750474214554
rmse,climatology,sst,1780,0.0408514770368735,0.03972087949514389,0.04165942743420601
rmse,climatology,sst,1790,0.04065427506963412,0.038561060279607776,0.042433063685894015
rmse,climatology,sst,1800,0.041114887098471324,0.03906605094671249,0.04269450381398201
rmse,climatology,sst,1810,0.041512616475423175,0.040009531378746035,0.043528773635625836
rmse,climatology,sst,1820,0.04111150652170181,0.038327538222074506,0.0432419590651989
rmse,climatology,sst,1830,0.0406346728404363,0.03864151164889336,0.04295035004615784
rmse,climatology,sst,1840,0.041207682838042575,0.039463037997484206,0.043513334542512896
rmse,climatology,sst,1850,0.04171258782347043,0.039425358176231384,0.044175713509321216
rmse,climatology,sst,1860,0.041203928242127104,0.03768225088715553,0.04439535662531853
rmse,climatology,sst,1870,0.04123796795805295,0.03844296932220459,0.04400660917162895
rmse,climatology,sst,1880,0.04165106589595477,0.04003531038761139,0.0430902287364006
rmse,climatology,sst,1890,0.041078847646713254,0.03970099091529846,0.04290786385536194
rmse,climatology,sst,1900,0.04081750636299451,0.038826160877943036,0.0434499479830265
rmse,climatology,sst,1910,0.04173401395479838,0.04003656879067421,0.044129859656095505
rmse,climatology,sst,1920,0.041928801437218985,0.03932853266596794,0.04427476674318313
rmse,climatology,sst,1930,0.04155346105496089,0.038845423609018326,0.043249227851629254
rmse,climatology,sst,1940,0.04154327735304832,0.040056458115577696,0.043148572742939
rmse,climatology,sst,1950,0.0416392741103967,0.03993682861328125,0.04393850937485695
rmse,climatology,sst,1960,0.04123890002568563,0.03767600953578949,0.044309594482183454
rmse,climatology,sst,1970,0.04146891236305237,0.03912145420908928,0.04472135603427887
rmse,climatology,sst,1980,0.041674202183882396,0.04003878384828567,0.044054288417100906
rmse,climatology,sst,1990,0.041215269515911736,0.038962170481681824,0.042664535343647
rmse,climatology,sst,2000,0.04045771807432175,0.03911134675145149,0.04228607416152954
rmse,persistence,sst,0,0.0,0.0,0.0
rmse,persistence,sst,10,0.02277104581395785,0.02005648724734783,0.0260111790150404
rmse,persistence,sst,20,0.03690005987882614,0.032902874797582624,0.042597992718219756
rmse,persistence,sst,30,0.046992530673742296,0.04306855425238609,0.05079416483640671
rmse,persistence,sst,40,0.056269496430953345,0.053324317932128905,0.06013324782252312
rmse,persistence,sst,50,0.06047984833518664,0.0560417652130127,0.06490538716316223
rmse,persistence,sst,60,0.06041321754455566,0.0579209566116333,0.0635100856423378
rmse,persistence,sst,70,0.05969542612632116,0.056972562521696093,0.06275995075702667
rmse,persistence,sst,80,0.05716982657710711,0.052809572964906695,0.061019223928451535
rmse,persistence,sst,90,0.05698631157477697,0.05413502380251885,0.06048431918025017
rmse,persistence,sst,100,0.05964070186018944,0.05688762292265892,0.06204100474715233
rmse,persistence,sst,110,0.06008577694495519,0.05766545459628105,0.06265183836221695
rmse,persistence,sst,120,0.05954590116937955,0.05612862184643745,0.06331712603569031
rmse,persistence,sst,130,0.05737851833303769,0.05446888506412506,0.059749290347099304
rmse,persistence,sst,140,0.0497275431950887,0.04488251581788063,0.052604719251394275
rmse,persistence,sst,150,0.039102938522895175,0.03722296431660652,0.04255034402012825
rmse,persistence,sst,160,0.025812445829312008,0.023020010441541672,0.030310665816068647
rmse,persistence,sst,170,0.009188951707134645,0.004442368354648352,0.01632644534111023
rmse,persistence,sst,180,0.02306468884150187,0.019707217067480087,0.02851911634206772
rmse,persistence,sst,190,0.03725454757610957,0.03283312991261482,0.043246112018823626
rmse,persistence,sst,200,0.04716278339425723,0.043027421832084654,0.05190766081213951
rmse,persistence,sst,210,0.056426632404327395,0.05326180309057236,0.06017152592539787
rmse,persistence,sst,220,0.06113413522640864,0.05702020451426506,0.0659404531121254
rmse,persistence,sst,230,0.06115473732352257,0.05784983187913895,0.06514734923839569
rmse,persistence,sst,240,0.060503147542476654,0.057428078353405,0.06396663039922715
rmse,persistence,sst,250,0.057984597980976105,0.05323583781719208,0.06166594997048378
rmse,persistence,sst,260,0.05735572874546051,0.054987572878599164,0.06061787158250809
rmse,persistence,sst,270,0.0598341333369414,0.056838408857584,0.06201933771371841
rmse,persistence,sst,280,0.06047899971405665,0.05785971805453301,0.0625938817858696
rmse,persistence,sst,290,0.05984831750392914,0.0560979850590229,0.06289719343185425
rmse,persistence,sst,300,0.05795379107197126,0.055527261644601825,0.06029443070292473
rmse,persistence,sst,310,0.050743446002403894,0.04645076543092728,0.05387233570218086
rmse,persistence,sst,320,0.04016914442181587,0.037608949840068816,0.04405286237597465
rmse,persistence,sst,330,0.02724996010462443,0.025107920914888383,0.030527608841657637
rmse,persistence,sst,340,0.010026508507629235,0.008389104902744294,0.01148988101631403
rmse,persistence,sst,350,0.02081693671643734,0.018898893520236014,0.023451661691069603
rmse,persistence,sst,360,0.035753812392552695,0.03176296353340149,0.04067623391747475
rmse,persistence,sst,370,0.04575861990451813,0.041626089811325075,0.04989072978496552
rmse,persistence,sst,380,0.05524814004699389,0.05262848362326622,0.058551914244890216
rmse,persistence,sst,390,0.06058231070637703,0.056465961039066315,0.06496821194887162
rmse,persistence,sst,400,0.06080531924962997,0.05758290737867355,0.06418546885252
rmse,persistence,sst,410,0.060254255682229994,0.0579474464058876,0.0632697582244873
rmse,persistence,sst,420,0.057853896419207254,0.053891167789697644,0.06153258830308914
rmse,persistence,sst,430,0.05688598677515984,0.05405949130654335,0.060110273957252505
rmse,persistence,sst,440,0.05932895268003146,0.05711791515350342,0.062212548404932025
rmse,persistence,sst,450,0.06037593558430672,0.05791889727115631,0.06226861551403999
rmse,persistence,sst,460,0.05985428939263026,0.05622337237000465,0.06259792894124985
rmse,persistence,sst,470,0.05839444796244304,0.05585671439766884,0.06009577587246895
rmse,persistence,sst,480,0.05183782453338305,0.04670373201370239,0.055268324166536334
rmse,persistence,sst,490,0.04159003545840581,0.037837912887334825,0.046468968689441684
rmse,persistence,sst,500,0.02952458361784617,0.02692820467054844,0.03232637420296669
rmse,persistence,sst,510,0.013206437416374683,0.009475356712937356,0.018732920289039612
rmse,persistence,sst,520,0.02044876168171565,0.018382737040519716,0.023594806715846062
rmse,persistence,sst,530,0.03553614107271035,0.03228930160403252,0.0397649846971035
rmse,persistence,sst,540,0.0454838606218497,0.041128233820199964,0.049741561710834506
rmse,persistence,sst,550,0.054979120194911954,0.052150556445121767,0.0575292706489563
rmse,persistence,sst,560,0.060839249690373735,0.056839636713266375,0.06468404829502106
rmse,persistence,sst,570,0.0613078070183595,0.057964835315942764,0.0642036959528923
rmse,persistence,sst,580,0.06077282776435216,0.05833764225244522,0.06355584710836411
rmse,persistence,sst,590,0.05842992961406708,0.054455002397298814,0.062310867756605146
rmse,persistence,sst,600,0.05699757983287176,0.05373428538441658,0.06059990003705025
rmse,persistence,sst,610,0.0591443640490373,0.05673665031790733,0.062465493381023404
rmse,persistence,sst,620,0.060416735460360846,0.05812976509332657,0.06241352409124375
rmse,persistence,sst,630,0.05978253434101741,0.056891363114118576,0.06247459501028061
rmse,persistence,sst,640,0.058459632098674774,0.05626753345131874,0.060489369183778764
rmse,persistence,sst,650,0.05230350196361542,0.04778531566262245,0.056133517622947694
rmse,persistence,sst,660,0.04192993392546972,0.03831675946712494,0.046255742013454434
rmse,persistence,sst,670,0.02958464858432611,0.027102913334965707,0.03255439475178719
rmse,persistence,sst,680,0.011110926667849222,0.010040579549968242,0.012168043293058872
rmse,persistence,sst,690,0.01527829710394144,0.01375632919371128,0.017330705374479293
rmse,persistence,sst,700,0.032479811708132425,0.02863108366727829,0.03717254623770714
rmse,persistence,sst,710,0.043099540968736014,0.03850403353571892,0.048021447658538816
rmse,persistence,sst,720,0.052922763675451276,0.04998781904578209,0.0565754160284996
rmse,persistence,sst,730,0.05950156996647517,0.05574144273996353,0.0641317367553711
rmse,persistence,sst,740,0.06040160581469536,0.05677885562181473,0.06444139331579209
rmse,persistence,sst,750,0.060007238388061525,0.05763367712497711,0.06322947591543197
rmse,persistence,sst,760,0.05796130547920863,0.05410197079181671,0.06143945008516312
rmse,persistence,sst,770,0.056320404758056004,0.052828365564346315,0.059751296043396
rmse,persistence,sst,780,0.058341729640960696,0.05565507635474205,0.06154411137104034
rmse,persistence,sst,790,0.0600803275903066,0.05769861713051796,0.06195748671889305
rmse,persistence,sst,800,0.05958398108681043,0.05617265626788139,0.06261120289564133
rmse,persistence,sst,810,0.058650042116642,0.05629861205816269,0.06105796173214913
rmse,persistence,sst,820,0.05332333321372668,0.049823809415102005,0.05648183524608612
rmse,persistence,sst,830,0.04343779236078262,0.03958150297403336,0.04716368317604065
rmse,persistence,sst,840,0.03182651946942012,0.02985725961625576,0.035731930285692215
rmse,persistence,sst,850,0.01543496393909057,0.012818750739097596,0.01881182789802551
rmse,persistence,sst,860,0.015813297281662624,0.012491690553724765,0.020347863063216207
rmse,persistence,sst,870,0.03262225414315859,0.027982503920793534,0.03832699581980705
rmse,persistence,sst,880,0.04333683227499326,0.038426253199577334,0.0488716684281826
rmse,persistence,sst,890,0.053021812438964845,0.04955108910799026,0.05737380236387253
rmse,persistence,sst,900,0.06002749651670456,0.05592641457915306,0.06565320193767547
rmse,persistence,sst,910,0.061313146352767946,0.0571723110973835,0.06680968254804612
rmse,persistence,sst,920,0.06094062626361847,0.05827362313866615,0.06496253758668899
rmse,persistence,sst,930,0.05909964839617411,0.05498836264014244,0.06207685992121696
rmse,persistence,sst,940,0.05713204940160115,0.05369641184806824,0.06037488356232643
rmse,persistence,sst,950,0.058734184006849925,0.055573157221078875,0.06157198622822761
rmse,persistence,sst,960,0.060679293672243756,0.05914506763219833,0.062429964542388916
rmse,persistence,sst,970,0.0601462056239446,0.05700855702161789,0.06280087828636169
rmse,persistence,sst,980,0.059318302075068156,0.05693622753024101,0.06225023418664932
rmse,persistence,sst,990,0.05453478967150052,0.05132870078086853,0.057544111460447314
rmse,persistence,sst,1000,0.04484727457165718,0.040927215665578845,0.048441816866397855
rmse,persistence,sst,1010,0.03345271721482277,0.0307928416877985,0.03643233552575111
rmse,persistence,sst,1020,0.017635527811944485,0.016298386082053185,0.019546591863036155
rmse,persistence,sst,1030,0.014014088362455369,0.012673133797943593,0.015437826327979565
rmse,persistence,sst,1040,0.031027902911106745,0.028044898062944412,0.03477674499154091
rmse,persistence,sst,1050,0.042076665659745535,0.03766356110572815,0.04719266071915627
rmse,persistence,sst,1060,0.0517923153936863,0.048528991639614105,0.05483694896101952
rmse,persistence,sst,1070,0.059383294979731244,0.05635074302554131,0.06326526552438735
rmse,persistence,sst,1080,0.061205850541591646,0.05773417800664902,0.06500563025474548
rmse,persistence,sst,1090,0.06092376584808032,0.05896259918808937,0.06355865001678467
rmse,persistence,sst,1100,0.05941407879193624,0.056683095544576644,0.06245076656341553
rmse,persistence,sst,1110,0.05728103419144948,0.05431494116783142,0.06046897098422051
rmse,persistence,sst,1120,0.05864749103784561,0.056679727882146834,0.06194166988134384
rmse,persistence,sst,1130,0.06101271584630012,0.058015350997447965,0.06353776901960373
rmse,persistence,sst,1140,0.06073672200242678,0.05708705559372902,0.0632947951555252
rmse,persistence,sst,1150,0.06020439391334852,0.05790218785405159,0.06346848309040069
rmse,persistence,sst,1160,0.05616022249062856,0.05178304836153984,0.058863038569688796
rmse,persistence,sst,1170,0.046981930484374365,0.04064292311668396,0.05186261609196663
rmse,persistence,sst,1180,0.036288918803135554,0.03266000747680664,0.04138517528772354
rmse,persistence,sst,1190,0.022179282332460085,0.01838030479848385,0.026858580112457276
rmse,persistence,sst,1200,0.01567877965668837,0.009781593643128871,0.022463655471801756
rmse,persistence,sst,1210,0.031289451941847804,0.02888791561126709,0.03316805139183998
rmse,persistence,sst,1220,0.042203012853860855,0.038807135075330734,0.04659907072782517
rmse,persistence,sst,1230,0.05156080077091853,0.049107184261083604,0.05539424493908882
rmse,persistence,sst,1240,0.05946430812279383,0.055838306248188016,0.062298734486103055
rmse,persistence,sst,1250,0.06170943155884743,0.05714435651898384,0.06490290015935898
rmse,persistence,sst,1260,0.06130170822143555,0.05858655720949173,0.06406842023134232
rmse,persistence,sst,1270,0.05984177167216937,0.05696634873747826,0.06378521919250488
rmse,persistence,sst,1280,0.05725594287117322,0.05272316709160805,0.06194327101111412
rmse,persistence,sst,1290,0.057998958975076675,0.055119071155786514,0.06207498013973236
rmse,persistence,sst,1300,0.06032708709438642,0.05778660699725151,0.06242509037256241
rmse,persistence,sst,1310,0.05997664605577787,0.05724019855260849,0.06227835714817047
rmse,persistence,sst,1320,0.0593161995212237,0.0571837529540062,0.06208258718252182
rmse,persistence,sst,1330,0.0556415356695652,0.05255035310983658,0.05877557620406151
rmse,persistence,sst,1340,0.04648246243596077,0.041594214737415314,0.050147776305675504
rmse,persistence,sst,1350,0.0353021456549565,0.03264835625886917,0.039029264450073244
rmse,persistence,sst,1360,0.02002638007203738,0.018269618973135948,0.02209326662123203
rmse,persistence,sst,1370,0.007351480983197689,0.006701117660850286,0.008287831582129002
rmse,persistence,sst,1380,0.02645531954864661,0.023557685688138007,0.030627815797924996
rmse,persistence,sst,1390,0.03899723986784617,0.03453633040189743,0.04455889463424682
rmse,persistence,sst,1400,0.04885484079519908,0.045065028965473174,0.05225335881114006
rmse,persistence,sst,1410,0.057526010026534395,0.05436767786741257,0.06141294464468956
rmse,persistence,sst,1420,0.06059718380371729,0.056249579042196275,0.06500906348228455
rmse,persistence,sst,1430,0.060385991881291075,0.058070076256990434,0.06343548446893692
rmse,persistence,sst,1440,0.059349472324053444,0.056659691780805585,0.062241580337285995
rmse,persistence,sst,1450,0.056812308728694916,0.052481944859027865,0.06033124029636383
rmse,persistence,sst,1460,0.05733683407306671,0.05454844683408737,0.06072063595056534
rmse,persistence,sst,1470,0.05998547275861104,0.057154258340597154,0.06198674514889717
rmse,persistence,sst,1480,0.06004489709933599,0.05735766515135765,0.06304453164339066
rmse,persistence,sst,1490,0.05961355492472649,0.056570421904325485,0.06326421797275543
rmse,persistence,sst,1500,0.05677760740121206,0.05406152456998825,0.059087250381708145
rmse,persistence,sst,1510,0.04845042650898298,0.04421969577670097,0.05129312872886658
rmse,persistence,sst,1520,0.037939321746428806,0.035155536234378816,0.04103416129946709
rmse,persistence,sst,1530,0.024433214714129767,0.021555106341838836,0.029869019240140914
rmse,persistence,sst,1540,0.01232787383099397,0.007457854226231575,0.018721218407154083
rmse,persistence,sst,1550,0.02709358384211858,0.023133935779333113,0.033168870210647586
rmse,persistence,sst,1560,0.039675094683965045,0.035228225588798526,0.04580807462334633
rmse,persistence,sst,1570,0.04921236857771873,0.044794612377882,0.05432729795575142
rmse,persistence,sst,1580,0.05796276678641637,0.054276565462350844,0.06280233561992646
rmse,persistence,sst,1590,0.06157412131627401,0.05722911953926087,0.06700299233198166
rmse,persistence,sst,1600,0.06131921435395877,0.058072352409362794,0.06536982506513596
rmse,persistence,sst,1610,0.06037215515971184,0.057224583625793454,0.06346295922994613
rmse,persistence,sst,1620,0.057661222666502,0.053054841607809065,0.06115660890936851
rmse,persistence,sst,1630,0.057592981557051344,0.05511487945914269,0.061178749054670335
rmse,persistence,sst,1640,0.060140286882718406,0.05709562301635742,0.06229184120893479
rmse,persistence,sst,1650,0.060392641772826515,0.05762844607234001,0.06254966259002685
rmse,persistence,sst,1660,0.0598848007619381,0.0566930815577507,0.06294570416212082
rmse,persistence,sst,1670,0.05747045129537583,0.05483510866761208,0.060366930067539216
rmse,persistence,sst,1680,0.04951286762952804,0.04479246884584427,0.05240231901407242
rmse,persistence,sst,1690,0.038994993766148886,0.036667095869779585,0.042873091995716095
rmse,persistence,sst,1700,0.02588062733411789,0.023784242570400238,0.028298837691545488
rmse,persistence,sst,1710,0.011266047693789005,0.010398650169372558,0.012166515551507473
rmse,persistence,sst,1720,0.02437567412853241,0.022580453008413316,0.027603498846292495
rmse,persistence,sst,1730,0.037850112716356916,0.03396918773651123,0.04262178763747215
rmse,persistence,sst,1740,0.04751543700695038,0.04350608214735985,0.05099805891513824
rmse,persistence,sst,1750,0.056672756622234984,0.05417017266154289,0.059487207978963855
rmse,persistence,sst,1760,0.061115455875794096,0.057141663134098054,0.06500644385814666
rmse,persistence,sst,1770,0.06109495212634405,0.05925930812954903,0.0638631448149681
rmse,persistence,sst,1780,0.06045787011583646,0.05794198140501976,0.06306775659322739
rmse,persistence,sst,1790,0.05792529806494713,0.05459517017006874,0.06156367212533951
rmse,persistence,sst,1800,0.05754089032610257,0.05480488762259483,0.060411394387483594
rmse,persistence,sst,1810,0.060198864340782164,0.05757065638899803,0.06284293085336685
rmse,persistence,sst,1820,0.06090771754582723,0.057572568953037265,0.06366908997297287
rmse,persistence,sst,1830,0.060529092947642006,0.05687638372182846,0.06322899162769317
rmse,persistence,sst,1840,0.05869158481558164,0.05572680681943894,0.060857506841421126
rmse,persistence,sst,1850,0.05144241253534953,0.04548007622361183,0.05492214486002922
rmse,persistence,sst,1860,0.04132015282909075,0.036912184208631516,0.04690130427479744
rmse,persistence,sst,1870,0.02934988389412562,0.02604718841612339,0.032480067759752276
rmse,persistence,sst,1880,0.014744423516094684,0.009558031521737575,0.021155786141753195
rmse,persistence,sst,1890,0.024155716722210247,0.021673264726996423,0.026309770718216895
rmse,persistence,sst,1900,0.03763391549388568,0.034968574345111844,0.04177380427718162
rmse,persistence,sst,1910,0.04702959855397542,0.043819126486778257,0.05096184015274048
rmse,persistence,sst,1920,0.05618391633033752,0.0533448725938797,0.058601686358451845
rmse,persistence,sst,1930,0.061192819972833,0.0565273329615593,0.06461853981018066
rmse,persistence,sst,1940,0.061252293487389885,0.0577548660337925,0.06391484588384629
rmse,persistence,sst,1950,0.06056783745686213,0.05832180231809616,0.06385747939348221
rmse,persistence,sst,1960,0.05793558855851491,0.053810612112283704,0.06224345937371254
rmse,persistence,sst,1970,0.056877481192350386,0.05425193756818771,0.06045535355806351
rmse,persistence,sst,1980,0.05920417830348015,0.05665823370218277,0.062483041733503344
rmse,persistence,sst,1990,0.0600896954536438,0.05764656290411949,0.06201302632689476
rmse,persistence,sst,2000,0.05954834868510564,0.05638449937105179,0.06244913339614868
acc,selected,surface_u,0,1.0,1.0,1.0
acc,selected,surface_u,10,0.9928310592969258,0.990874457359314,0.9945799350738526
acc,selected,surface_u,20,0.9874207496643066,0.9842984795570373,0.9927828311920166
acc,selected,surface_u,30,0.9827837467193603,0.9774461388587952,0.9898840188980103
acc,selected,surface_u,40,0.9761120994885762,0.9676224708557128,0.9869239807128907
acc,selected,surface_u,50,0.9684547106424968,0.9492287993431091,0.9822634339332581
acc,selected,surface_u,60,0.9632361928621928,0.9451887369155884,0.9790091156959534
acc,selected,surface_u,70,0.9548359553019206,0.9363682627677917,0.9723211526870728
acc,selected,surface_u,80,0.9465230941772461,0.9287744760513306,0.9654755473136902
acc,selected,surface_u,90,0.9423900683720906,0.9252589702606201,0.9722907423973084
acc,selected,surface_u,100,0.9345291733741761,0.9214316129684448,0.9642309784889221
acc,selected,surface_u,110,0.9178659756978352,0.8894984722137451,0.9553865790367126
acc,selected,surface_u,120,0.9123741110165914,0.8689004182815552,0.9552641391754151
acc,selected,surface_u,130,0.9116895278294881,0.846004319190979,0.9557003736495971
acc,selected,surface_u,140,0.8981515963872274,0.818757688999176,0.9513968229293823
acc,selected,surface_u,150,0.8860901792844137,0.8322078227996826,0.9476083278656006
acc,selected,surface_u,160,0.8886158506075541,0.8164475798606873,0.9413757801055909
acc,selected,surface_u,170,0.8797480265299479,0.7739291787147522,0.9329712867736817
acc,selected,surface_u,180,0.8619465072949727,0.7604696750640869,0.9288768768310547
acc,selected,surface_u,190,0.8585385759671529,0.7635429859161377,0.9264499545097351
acc,selected,surface_u,200,0.8607968171437581,0.7332703113555908,0.91841641664505
acc,prior,surface_u,0,1.0,1.0,1.0
acc,prior,surface_u,10,0.9922801454861959,0.9902547240257263,0.9941016793251037
acc,prior,surface_u,20,0.986386509736379,0.9831426262855529,0.9919767856597901
acc,prior,surface_u,30,0.9812095999717713,0.9752576470375061,0.9887866497039794
acc,prior,surface_u,40,0.9735364556312561,0.9632110714912414,0.9852822184562683
acc,prior,surface_u,50,0.9647653023401896,0.9433949589729309,0.9799331426620483
acc,prior,surface_u,60,0.9588200728098552,0.9378430128097535,0.9761496901512146
acc,prior,surface_u,70,0.9492249011993408,0.9289087891578675,0.9690891385078431
acc,prior,surface_u,80,0.9396083116531372,0.919715142250061,0.9610284924507141
acc,prior,surface_u,90,0.9347465674082438,0.9152090430259705,0.9685922384262085
acc,prior,surface_u,100,0.9254722714424133,0.9102619886398315,0.9588312387466431
acc,prior,surface_u,110,0.905684232711792,0.8729085087776184,0.9479340791702271
acc,prior,surface_u,120,0.8990818699200948,0.8493362784385681,0.9483058094978333
acc,prior,surface_u,130,0.8980892300605774,0.8237540602684021,0.9474614858627319
acc,prior,surface_u,140,0.8819378813107809,0.7830266833305359,0.9421278595924377
acc,prior,surface_u,150,0.8672541578610738,0.7982213973999024,0.9373242020606994
acc,prior,surface_u,160,0.8700172702471415,0.7909624695777893,0.9295240640640259
acc,prior,surface_u,170,0.8590146819750468,0.7387874007225037,0.9187126755714417
acc,prior,surface_u,180,0.8382977247238159,0.7209792375564575,0.9134136319160462
acc,prior,surface_u,190,0.8354628920555115,0.7456242322921753,0.9105161905288697
acc,prior,surface_u,200,0.8383424798647563,0.7132597684860229,0.9012142300605774
acc,selected,surface_v,0,1.0,1.0,1.0
acc,selected,surface_v,10,0.9743401368459066,0.9593007922172546,0.9827616810798645
acc,selected,surface_v,20,0.9596357107162475,0.9472906470298768,0.974522078037262
acc,selected,surface_v,30,0.960307248433431,0.9505849123001099,0.9691608190536499
acc,selected,surface_v,40,0.9534056464831034,0.9310095310211182,0.9696070671081543
acc,selected,surface_v,50,0.9481199185053507,0.9327170014381408,0.9657366633415222
acc,selected,surface_v,60,0.9470708131790161,0.916763436794281,0.975888478755951
acc,selected,surface_v,70,0.9498040119806925,0.9330282211303711,0.9632518887519836
acc,selected,surface_v,80,0.9418927748998006,0.9291415214538574,0.9522172093391419
acc,selected,surface_v,90,0.9416653076807658,0.910560917854309,0.9592140793800354
acc,selected,surface_v,100,0.9449020743370056,0.9258728146553039,0.9613654613494873
acc,selected,surface_v,110,0.9389508605003357,0.925323486328125,0.9546164751052857
acc,selected,surface_v,120,0.9306576053301493,0.9041714906692505,0.9580443859100342
acc,selected,surface_v,130,0.9362140417098999,0.9146814703941345,0.9555126547813415
acc,selected,surface_v,140,0.9344409584999085,0.9136585474014283,0.9464342832565308
acc,selected,surface_v,150,0.9231424450874328,0.8974974513053894,0.951021146774292
acc,selected,surface_v,160,0.9263082464536031,0.8969238996505737,0.9637331962585449
acc,selected,surface_v,170,0.9295726656913758,0.9045166730880737,0.9527273178100586
acc,selected,surface_v,180,0.9181538939476013,0.8914493203163147,0.9489393353462219
acc,selected,surface_v,190,0.9156700253486634,0.8925557613372803,0.9376997947692871
acc,selected,surface_v,200,0.9208097497622172,0.9052927374839783,0.941122305393219
acc,prior,surface_v,0,1.0,1.0,1.0
acc,prior,surface_v,10,0.9727497458457947,0.9555373430252075,0.9817337274551392
acc,prior,surface_v,20,0.9573231180508931,0.944558322429657,0.9724825143814086
acc,prior,surface_v,30,0.9575677871704101,0.9469932794570923,0.9684380412101745
acc,prior,surface_v,40,0.9495094497998555,0.9257312536239624,0.9685171604156494
acc,prior,surface_v,50,0.9442310214042664,0.926481294631958,0.9644294619560242
acc,prior,surface_v,60,0.9428240060806274,0.9125676870346069,0.9740917325019837
acc,prior,surface_v,70,0.9459835251172384,0.9286836862564087,0.9611901998519897
acc,prior,surface_v,80,0.9365741570790609,0.9225577592849732,0.9496761441230774
acc,prior,surface_v,90,0.9364856203397115,0.9049246549606323,0.9550902366638183
acc,prior,surface_v,100,0.9392816027005514,0.9197893023490906,0.9599722385406494
acc,prior,surface_v,110,0.932974378267924,0.9155537486076355,0.9509002327919006
acc,prior,surface_v,120,0.9236621538798014,0.8970730543136597,0.9528437852859497
acc,prior,surface_v,130,0.9294750452041626,0.9027129173278808,0.9492689967155457
acc,prior,surface_v,140,0.9268176078796386,0.9047662496566773,0.9396536588668823
acc,prior,surface_v,150,0.9143984198570252,0.8878414034843445,0.9444671511650086
acc,prior,surface_v,160,0.917188306649526,0.8822786450386048,0.9574042558670044
acc,prior,surface_v,170,0.9212435881296793,0.8978509306907654,0.9465047121047974
acc,prior,surface_v,180,0.9091345588366191,0.8831126928329468,0.9416171669960022
acc,prior,surface_v,190,0.9059821605682373,0.8837548613548278,0.9298417329788208
acc,prior,surface_v,200,0.9113309343655904,0.8949697613716125,0.9331098437309265
acc,selected,phihyd_surface,0,1.0,1.0,1.0
acc,selected,phihyd_surface,10,0.9991827408472697,0.9990551471710205,0.9995015263557434
acc,selected,phihyd_surface,20,0.9987743854522705,0.9985668301582337,0.9992591381072998
acc,selected,phihyd_surface,30,0.9985429843266805,0.9982671976089478,0.9990723729133606
acc,selected,phihyd_surface,40,0.998335087299347,0.998055386543274,0.9988452792167664
acc,selected,phihyd_surface,50,0.9981364011764526,0.9978574752807617,0.9986836910247803
acc,selected,phihyd_surface,60,0.9979022939999899,0.9976922154426575,0.9985036373138427
acc,selected,phihyd_surface,70,0.9976716915766398,0.9974802255630493,0.9982804417610168
acc,selected,phihyd_surface,80,0.9974652886390686,0.9973142266273498,0.998033881187439
acc,selected,phihyd_surface,90,0.9973164319992065,0.9971302032470704,0.997839605808258
acc,selected,phihyd_surface,100,0.9971433917681376,0.9963744759559632,0.9976078152656556
acc,selected,phihyd_surface,110,0.9968827962875366,0.9959461212158203,0.9974165916442871
acc,selected,phihyd_surface,120,0.99658655722936,0.9957947254180908,0.9972386479377746
acc,selected,phihyd_surface,130,0.9962468385696411,0.99554044008255,0.9967829704284668
acc,selected,phihyd_surface,140,0.9959465066591898,0.9951528668403625,0.9966254591941833
acc,selected,phihyd_surface,150,0.995681349436442,0.9944051265716553,0.9965811491012573
acc,selected,phihyd_surface,160,0.9954088648160299,0.9934067726135254,0.9962965369224548
acc,selected,phihyd_surface,170,0.9950248956680298,0.9926242709159852,0.9959806561470032
acc,selected,phihyd_surface,180,0.9945787787437439,0.9922536730766296,0.9956576824188232
acc,selected,phihyd_surface,190,0.9941188176472981,0.99186772108078,0.9952584028244018
acc,selected,phihyd_surface,200,0.9937520345052083,0.9912208080291748,0.9950852036476135
acc,prior,phihyd_surface,0,1.0,1.0,1.0
acc,prior,phihyd_surface,10,0.9990999658902486,0.9989621639251709,0.9994288444519043
acc,prior,phihyd_surface,20,0.9986512223879497,0.9984313488006592,0.9991553783416748
acc,prior,phihyd_surface,30,0.9983940998713176,0.9981032848358155,0.9989441275596619
acc,prior,phihyd_surface,40,0.9981541554133098,0.9978369832038879,0.9986748933792114
acc,prior,phihyd_surface,50,0.9979250987370809,0.997638463973999,0.9984966516494751
acc,prior,phihyd_surface,60,0.9976651867230734,0.9974714398384095,0.9982970952987671
acc,prior,phihyd_surface,70,0.9974021991093953,0.9972272276878357,0.9980273127555848
acc,prior,phihyd_surface,80,0.9971617420514425,0.9970183491706848,0.9977333068847656
acc,prior,phihyd_surface,90,0.9969778259595236,0.996791934967041,0.9975392460823059
acc,prior,phihyd_surface,100,0.9967569947242737,0.9958912372589112,0.9972545742988587
acc,prior,phihyd_surface,110,0.996414315700531,0.9954260230064392,0.9969831705093384
acc,prior,phihyd_surface,120,0.9960515300432841,0.9952382445335388,0.9967318892478942
acc,prior,phihyd_surface,130,0.995638656616211,0.9948506951332092,0.9961925387382508
acc,prior,phihyd_surface,140,0.9952436645825704,0.9943440556526184,0.9959627628326416
acc,prior,phihyd_surface,150,0.9948761701583863,0.9934890747070313,0.995808732509613
acc,prior,phihyd_surface,160,0.9945202589035034,0.9923995018005372,0.9954700946807862
acc,prior,phihyd_surface,170,0.9940153161684672,0.9915075659751892,0.9950938701629639
acc,prior,phihyd_surface,180,0.993432609240214,0.9908762454986573,0.9946117877960206
acc,prior,phihyd_surface,190,0.9928562005360921,0.9903304815292359,0.9941877007484436
acc,prior,phihyd_surface,200,0.992392365137736,0.9896066904067993,0.9939055562019348
acc,selected,sst,0,1.0,1.0,1.0
acc,selected,sst,10,0.9785180528958638,0.9732491135597229,0.9832055807113648
acc,selected,sst,20,0.9599950551986695,0.9529642701148987,0.9696804642677307
acc,selected,sst,30,0.9504676620165508,0.938862931728363,0.9667537450790405
acc,selected,sst,40,0.9411055207252502,0.9247005224227905,0.9585100293159485
acc,selected,sst,50,0.9340211192766825,0.9184458255767822,0.953027319908142
acc,selected,sst,60,0.9274316628774008,0.9095749497413635,0.9476393342018128
acc,selected,sst,70,0.9213452140490214,0.9010045051574707,0.9454499840736389
acc,selected,sst,80,0.9148155053456625,0.8871111869812012,0.9375880599021912
acc,selected,sst,90,0.9101470232009887,0.8830824851989746,0.9376158833503723
acc,selected,sst,100,0.9082644661267598,0.8826517581939697,0.9334027290344238
acc,selected,sst,110,0.9042556762695313,0.8850209593772889,0.9249797463417053
acc,selected,sst,120,0.8990200956662496,0.878787636756897,0.9215633511543274
acc,selected,sst,130,0.8957060058911641,0.8740191102027893,0.9203744530677795
acc,selected,sst,140,0.8912722150484721,0.8740982055664063,0.9128334641456604
acc,selected,sst,150,0.882939354578654,0.8649495124816895,0.8990950345993042
acc,selected,sst,160,0.881427550315857,0.8568556189537049,0.9024476051330567
acc,selected,sst,170,0.8802570422490438,0.8647324800491333,0.902623462677002
acc,selected,sst,180,0.8740319013595581,0.8602758407592773,0.892494261264801
acc,selected,sst,190,0.866392437616984,0.8518877029418945,0.8878565430641174
acc,selected,sst,200,0.8660062432289124,0.8547572016716003,0.8887633085250854
acc,prior,sst,0,1.0,1.0,1.0
acc,prior,sst,10,0.9767355879147848,0.9712077617645264,0.9815459251403809
acc,prior,sst,20,0.9571784257888794,0.9498793601989746,0.9673794984817505
acc,prior,sst,30,0.9469614028930664,0.9348710656166077,0.9640324711799622
acc,prior,sst,40,0.9371388673782348,0.9202875852584839,0.9550736546516418
acc,prior,sst,50,0.9298953056335449,0.9139388561248779,0.9491271018981934
acc,prior,sst,60,0.9228708068529765,0.904818594455719,0.943301010131836
acc,prior,sst,70,0.9163276751836141,0.8947290301322937,0.9400173187255859
acc,prior,sst,80,0.9093050082524617,0.881175982952118,0.9316905021667481
acc,prior,sst,90,0.9042576630910237,0.8749802350997925,0.9317571640014648
acc,prior,sst,100,0.9016055146853129,0.8756655812263489,0.9270997881889343
acc,prior,sst,110,0.896960997581482,0.8762813568115234,0.9180305004119873
acc,prior,sst,120,0.8909231305122376,0.8684874176979065,0.9140041589736938
acc,prior,sst,130,0.8868721683820089,0.8646477699279785,0.9126016736030579
acc,prior,sst,140,0.8813972075780233,0.8633264541625977,0.9041500926017761
acc,prior,sst,150,0.8719187537829082,0.8549002408981323,0.8892522811889648
acc,prior,sst,160,0.8694168249766032,0.8451431274414063,0.8919395923614502
acc,prior,sst,170,0.867078407605489,0.8516282677650452,0.8919037461280823
acc,prior,sst,180,0.8595927913983663,0.8453551530838013,0.8804941296577453
acc,prior,sst,190,0.850614317258199,0.8355432033538819,0.8751070261001587
acc,prior,sst,200,0.8491933584213257,0.8340282082557678,0.8749841928482056
