phase,arm,field,lead_days,mean_rmse,p10,p90
training,0.0,surface_speed,0,1.213457367124317e-10,1.0134465186999056e-10,1.3964699126898203e-10
training,0.0,surface_speed,10,0.00031872489497206927,0.0002831766641774508,0.00038181776004109924
training,0.0,surface_speed,20,0.00042785803480740894,0.0003610891290453121,0.0005238431216393778
training,0.0,surface_speed,30,0.0004947562376739287,0.0004091588742072874,0.0006474534855117241
training,0.0,surface_speed,40,0.0005776063933422886,0.00046940203984648197,0.0007078644127112275
training,0.0,surface_speed,50,0.000633634464592219,0.000511436385932615,0.0007988978051931152
training,0.0,surface_speed,60,0.0006918747843605293,0.0005614491152670082,0.0008574180703828184
training,0.0,surface_speed,70,0.0007478537683570439,0.0006280272766309437,0.0008871379029296921
training,0.0,surface_speed,80,0.0007982978276335113,0.0006551061407396269,0.000957501839192946
training,0.0,surface_speed,90,0.0008709625293577602,0.000703997591590581,0.0010722904746393114
training,0.0,surface_speed,100,0.0009316886481018201,0.000690849480827312,0.0011473554940082762
training,0.0,surface_speed,110,0.000974195469082306,0.0006957425986624503,0.0012154645873467536
training,0.0,surface_speed,120,0.0010461182935314565,0.0007697710290481151,0.0013094561223132308
training,0.0,surface_speed,130,0.0011370147661304486,0.0008065686771163708,0.001542179476318183
training,0.0,surface_speed,140,0.0012487917886650714,0.0008724380668311967,0.001845768360466008
training,0.0,surface_speed,150,0.0013762894176994748,0.0009135008646579124,0.0019521970821971622
training,0.0,surface_speed,160,0.0014970872976630908,0.0009406657263306456,0.0021147195719842895
training,0.0,surface_speed,170,0.001582658536952795,0.000988958862151034,0.002653581691167833
training,0.0,surface_speed,180,0.0016769145256971788,0.0010755672173003035,0.0025325199518034525
training,0.0,surface_speed,190,0.0017475207315276909,0.0011525953361889228,0.002527550911115946
training,0.0,surface_speed,200,0.0018059967927411846,0.0012390268963453459,0.002600035975230253
training,0.0,surface_speed,210,0.0018830956951337307,0.001353131368033432,0.002670404821015493
training,0.0,surface_speed,220,0.001991774151649632,0.0014920632564814277,0.002747693930386287
training,0.0,surface_speed,230,0.002133696864600072,0.0016661808621099145,0.0027710922944778247
training,0.0,surface_speed,240,0.002284881487852144,0.0017044127642979231,0.002897358666132932
training,0.0,surface_speed,250,0.002438327126886707,0.0017293735648187753,0.0031079214789340023
training,0.0,surface_speed,260,0.002647750179445924,0.001814648089443019,0.003917108662802902
training,0.0,surface_speed,270,0.0028341922948821713,0.001866645468825172,0.004524007205574032
training,0.0,surface_speed,280,0.002977247002623027,0.0019539097812571434,0.004759759261972791
training,0.0,surface_speed,290,0.0031239820915407663,0.001989462990401555,0.005025539703775744
training,0.0,surface_speed,300,0.00327598022639279,0.00196119241966924,0.005313949513871307
training,0.0,surface_speed,310,0.003404191267687254,0.0020148560336127872,0.005592750177592395
training,0.0,surface_speed,320,0.003527180617976869,0.002128909892738243,0.005861679764918917
training,0.0,surface_speed,330,0.00365227874689628,0.0022268047414844856,0.006111212487578779
training,0.0,surface_speed,340,0.003798159443611629,0.0023137208728765644,0.006375390280908127
training,0.0,surface_speed,350,0.003951780482511196,0.002439047809819701,0.006639266293321152
training,0.0,surface_speed,360,0.00410304367958005,0.0025203267307730578,0.006838814040504294
training,0.0,surface_speed,370,0.004248325224477519,0.0026281175987138816,0.006999454869063089
training,0.0,surface_speed,380,0.004394218745268839,0.002693327056952305,0.007124196443116398
training,0.0,surface_speed,390,0.0045575235369863755,0.0027951156566909797,0.007234961468294061
training,0.0,surface_speed,400,0.0047421658911295725,0.0029230601586240513,0.007440864121070424
training,0.0,surface_speed,410,0.004952272339436759,0.003115041006047433,0.007699615387550018
training,0.0,surface_speed,420,0.005130024042883109,0.0032305336375662488,0.008018286836112536
training,0.0,surface_speed,430,0.005331115720402938,0.003409020465941189,0.008370523302939642
training,0.0,surface_speed,440,0.005537013341870175,0.0035083577907313473,0.008751319198315633
training,0.0,surface_speed,450,0.005734950053416519,0.0037415460469539864,0.009081567700792235
training,0.0,surface_speed,460,0.005914871271207824,0.004011582299710662,0.009399766497938614
training,0.0,surface_speed,470,0.006107609440412521,0.00422143827307564,0.009684977503955167
training,0.0,surface_speed,480,0.006302312172679724,0.0044078866815712575,0.009936844840384814
training,0.0,surface_speed,490,0.00651551338290373,0.004693528775830923,0.010194740708455644
training,0.0,surface_speed,500,0.006738490721561317,0.004938376236868721,0.010444581080827419
training,0.0,surface_speed,510,0.00696133243903341,0.005052786161561779,0.010573931727100512
training,0.0,surface_speed,520,0.0071937623813409625,0.005369000429178937,0.010763700375876673
training,0.0,surface_speed,530,0.00745150832268548,0.005446861949093095,0.010981344656587391
training,0.0,surface_speed,540,0.007739672292040656,0.005604712416867434,0.011234611173211678
training,0.0,surface_speed,550,0.008024417650587916,0.0057327735403808824,0.011584131525212345
training,0.0,surface_speed,560,0.008319424990673459,0.00603399022687765,0.011912129763628314
training,0.0,surface_speed,570,0.008628285462611107,0.006214343625932592,0.012281729932046704
training,0.0,surface_speed,580,0.008932555616516976,0.006353610640348279,0.012620682361827024
training,0.0,surface_speed,590,0.009253118121676524,0.006613615427350869,0.012988941452959736
training,0.0,surface_speed,600,0.009586425638105262,0.0067317793940420735,0.013419117269655759
training,0.0,surface_speed,610,0.009899406636295014,0.006769935121075548,0.01376514542934807
training,0.0,surface_speed,620,0.010202304971299916,0.006842442831434887,0.014088157028344686
training,0.0,surface_speed,630,0.010482850135531675,0.006918916356402087,0.014440882226622374
training,0.0,surface_speed,640,0.010782509852262043,0.007025015584495288,0.01486620983581564
training,0.0,surface_speed,650,0.011048991200158502,0.007050477473562957,0.014840009380430823
training,0.0,surface_speed,660,0.011308968036926758,0.00719177698983402,0.01488112102571861
training,0.0,surface_speed,670,0.011562105414581178,0.007348959194252631,0.015371532859149599
training,0.0,surface_speed,680,0.011766609422876561,0.007422080899282403,0.015756871525974065
training,0.0,surface_speed,690,0.011960980090654461,0.0074658518909801585,0.016151921113854568
training,0.0,surface_speed,700,0.012171381092307714,0.00763643398736535,0.016469670923200702
training,0.0,surface_speed,710,0.012370462427639924,0.007804198614827583,0.01677395695220965
training,0.0,surface_speed,720,0.012566399216597173,0.007827812248455222,0.017186513061746112
training,0.0,surface_speed,730,0.012785629340427315,0.008114549429978152,0.017512047040113058
training,0.0,surface_speed,740,0.013029524277964003,0.008450695681135007,0.017844794421033653
training,0.0,surface_speed,750,0.013289102944552189,0.008504272075805982,0.018346520308448667
training,0.0,surface_speed,760,0.013568618775316732,0.008698581635742931,0.018847157980195768
training,0.0,surface_speed,770,0.01388929879389184,0.009203513963957426,0.01929937465560511
training,0.0,surface_speed,780,0.014233840683814749,0.009557809570517179,0.019822400611442425
training,0.0,surface_speed,790,0.014567902025845746,0.009691678087557923,0.02042272238411635
training,0.0,surface_speed,800,0.014912828429364791,0.010035692965459928,0.020905666614839398
training,0.0,surface_speed,810,0.01526315500803134,0.010318182597404692,0.02134752517358912
training,0.0,surface_speed,820,0.015578150595955567,0.010570452025862773,0.02174601261504087
training,0.0,surface_speed,830,0.015891833789329082,0.010743832535084688,0.022186450905001067
training,0.0,surface_speed,840,0.016255704630549924,0.011181302728857949,0.022607193903573575
training,0.0,surface_speed,850,0.016592864031448492,0.011529596770232629,0.022925151012894916
training,0.0,surface_speed,860,0.016882868573446758,0.011860029040684119,0.023258716558057946
training,0.0,surface_speed,870,0.017218597990409302,0.012245218996675149,0.02367654436214344
training,0.0,surface_speed,880,0.017559566529141583,0.01271598630566218,0.02414360507090371
training,0.0,surface_speed,890,0.0179386407729162,0.013110513464544248,0.02461934289375343
training,0.0,surface_speed,900,0.018327425042336188,0.01350016620166816,0.025117095870456255
training,0.0,surface_speed,910,0.018691286840268946,0.014041254675765214,0.02568461634046819
training,0.0,surface_speed,920,0.019035212712753373,0.014437214991901415,0.026343341233900735
training,0.0,surface_speed,930,0.019447776075396418,0.014654645685429206,0.027073986582004682
training,0.0,surface_speed,940,0.019881952815640307,0.01503247600651147,0.027698063797110293
training,0.0,surface_speed,950,0.020343814646975534,0.015399511446117248,0.028292218741679736
training,0.0,surface_speed,960,0.020798312612380115,0.015559480861939328,0.02891045341017353
training,0.0,surface_speed,970,0.021291028989095143,0.01578672023523806,0.029619525668188876
training,0.0,surface_speed,980,0.021775387764452377,0.016024426215168884,0.030196652627363686
training,0.0,surface_speed,990,0.022219995214452493,0.016272717799350484,0.030694015212102237
training,0.0,surface_speed,1000,0.022625892484794054,0.016730141075117336,0.031225329175156566
training,0.0,phihyd_surface,0,1.4711145145663378e-09,1.1952336766238244e-09,1.8222471272909608e-09
training,0.0,phihyd_surface,10,0.0016721280414581294,0.0012111671894398783,0.002258779082205043
training,0.0,phihyd_surface,20,0.002616445943989524,0.001829165190844713,0.0035533334969530374
training,0.0,phihyd_surface,30,0.003445342840487361,0.0023112655517171783,0.004749501196683991
training,0.0,phihyd_surface,40,0.004207945818710801,0.0027481704843846937,0.005873234562058674
training,0.0,phihyd_surface,50,0.004897943589138788,0.0031933986388307336,0.006917621431050791
training,0.0,phihyd_surface,60,0.0055462256449650225,0.003656424075098462,0.007792636549199205
training,0.0,phihyd_surface,70,0.006152783221858791,0.004039995344603432,0.008603065880133362
training,0.0,phihyd_surface,80,0.0067260539516895215,0.004347413485539257,0.009392267795545623
training,0.0,phihyd_surface,90,0.007268857305075413,0.0047139062305166235,0.010067270054282842
training,0.0,phihyd_surface,100,0.007790108314966964,0.005305291824072124,0.01073039419562991
training,0.0,phihyd_surface,110,0.008281248988127926,0.005754507568943145,0.011499736509115418
training,0.0,phihyd_surface,120,0.008746939033211148,0.00618048733509619,0.012308707384169486
training,0.0,phihyd_surface,130,0.009213529817541855,0.0065313054889494316,0.013097314901035446
training,0.0,phihyd_surface,140,0.009670102871837885,0.007004375454581349,0.013583530350720362
training,0.0,phihyd_surface,150,0.010078468546306743,0.007423883378040238,0.013894500636000737
training,0.0,phihyd_surface,160,0.01048666082972467,0.007912696216115452,0.014083074864597775
training,0.0,phihyd_surface,170,0.010890404935115203,0.008465289368915531,0.014303168504906878
training,0.0,phihyd_surface,180,0.011289269476735411,0.009076990465402548,0.01450268543323091
training,0.0,phihyd_surface,190,0.011694456147485733,0.009609490103501013,0.014645135065599469
training,0.0,phihyd_surface,200,0.012100953806847827,0.010145830103229198,0.01477316866054879
training,0.0,phihyd_surface,210,0.012471167048800656,0.010618295810011284,0.014828631543774111
training,0.0,phihyd_surface,220,0.012875333958266417,0.010949116927478847,0.014837707749716683
training,0.0,phihyd_surface,230,0.013318427496644603,0.011222458651055598,0.0149298186385167
training,0.0,phihyd_surface,240,0.013734438403044108,0.011562253065442325,0.015377331789688083
training,0.0,phihyd_surface,250,0.014098157298019753,0.011967200232720675,0.015833757637009217
training,0.0,phihyd_surface,260,0.014487840169790597,0.012399916836737515,0.01659435343941724
training,0.0,phihyd_surface,270,0.01492829827308462,0.01285972497866718,0.017441749684281565
training,0.0,phihyd_surface,280,0.015342779901941023,0.013215122929364952,0.018192897642828932
training,0.0,phihyd_surface,290,0.01578224645382852,0.013308595722958083,0.018592992130364056
training,0.0,phihyd_surface,300,0.0162729936117505,0.013442474745648171,0.01887890809132001
training,0.0,phihyd_surface,310,0.016802924537143334,0.013704902387982557,0.019608200094957087
training,0.0,phihyd_surface,320,0.017316452750328944,0.014007222540810703,0.020448575783203984
training,0.0,phihyd_surface,330,0.017883485749029558,0.014299667542234525,0.021403052364821405
training,0.0,phihyd_surface,340,0.018488677455536194,0.014675621883764603,0.02228917911263639
training,0.0,phihyd_surface,350,0.019107300004566376,0.01501814571470756,0.023046546675517476
training,0.0,phihyd_surface,360,0.019736305231859805,0.01542159427690759,0.023962742206011273
training,0.0,phihyd_surface,370,0.020439685347495594,0.01593092578184078,0.025060740478919787
training,0.0,phihyd_surface,380,0.02115910024490291,0.016531134163648993,0.025781490279015672
training,0.0,phihyd_surface,390,0.021928987078523587,0.017153727331130676,0.0265785616760091
training,0.0,phihyd_surface,400,0.022801454726428284,0.017744731247822262,0.02772802947325768
training,0.0,phihyd_surface,410,0.023706575394950396,0.0184784215784435,0.028653669908571742
training,0.0,phihyd_surface,420,0.024563576770682046,0.019195962615763642,0.029457502967506453
training,0.0,phihyd_surface,430,0.025477701971499518,0.019829509572909628,0.03053552447972527
training,0.0,phihyd_surface,440,0.026496885803684433,0.02054786665371361,0.03175015440060023
training,0.0,phihyd_surface,450,0.027527267392434485,0.021464642286422683,0.03285579310317107
training,0.0,phihyd_surface,460,0.02853986128122596,0.022487473751929204,0.03386105912113654
training,0.0,phihyd_surface,470,0.029629022844700453,0.023519943679007404,0.035043609558910435
training,0.0,phihyd_surface,480,0.030798742435628534,0.02435138606995494,0.036317509012350514
training,0.0,phihyd_surface,490,0.03198430204344056,0.025132980145029078,0.037634119674600855
training,0.0,phihyd_surface,500,0.03325721790600636,0.026006140796342146,0.03902846386454437
training,0.0,phihyd_surface,510,0.03450404239526872,0.02657727969557264,0.040390635624797486
training,0.0,phihyd_surface,520,0.03581917161734031,0.02736331954097903,0.04233970399506871
training,0.0,phihyd_surface,530,0.037214415451132056,0.02834865732964731,0.04429071641423864
training,0.0,phihyd_surface,540,0.03865613588523263,0.029446214378207606,0.046226665190981356
training,0.0,phihyd_surface,550,0.0400648648598947,0.030584193465709484,0.04813476142467329
training,0.0,phihyd_surface,560,0.04161298201378384,0.031766205423870195,0.04978624718378567
training,0.0,phihyd_surface,570,0.04324101846589806,0.03291531558105878,0.05144056828563537
training,0.0,phihyd_surface,580,0.04481709063056765,0.034245550599705264,0.05299657680511884
training,0.0,phihyd_surface,590,0.04633978530034762,0.03566520690624919,0.054659934327651746
training,0.0,phihyd_surface,600,0.047983362305901334,0.037014536546094046,0.056426137949829105
training,0.0,phihyd_surface,610,0.04966812119707751,0.03833852915541987,0.058193266161266896
training,0.0,phihyd_surface,620,0.05130716027952017,0.03976892126412019,0.05982500513671755
training,0.0,phihyd_surface,630,0.05301309003077246,0.04132690157039865,0.06168531547280728
training,0.0,phihyd_surface,640,0.05482113302457744,0.042767041223938145,0.06361087293104825
training,0.0,phihyd_surface,650,0.05660824531354878,0.04405928952319,0.06537519691472432
training,0.0,phihyd_surface,660,0.05844230842822521,0.045577662492425064,0.06723667188611894
training,0.0,phihyd_surface,670,0.06051845817738295,0.047562037155015814,0.06939394496542194
training,0.0,phihyd_surface,680,0.062470205815189674,0.04908216331179577,0.07145162955996236
training,0.0,phihyd_surface,690,0.06442270292034276,0.05024275722946574,0.07382136648468257
training,0.0,phihyd_surface,700,0.06664647073188784,0.052107921228565744,0.0768582350986668
training,0.0,phihyd_surface,710,0.06901404663404978,0.054460969580671655,0.07997528490499772
training,0.0,phihyd_surface,720,0.0711812800688714,0.05661832763076485,0.08268672164557803
training,0.0,phihyd_surface,730,0.07362473029923551,0.058763157254688114,0.0858912570719692
training,0.0,phihyd_surface,740,0.0762486791745701,0.060948181057635296,0.08915312990467104
training,0.0,phihyd_surface,750,0.07883053333637542,0.06333584075547326,0.09214149806670136
training,0.0,phihyd_surface,760,0.08133198581002819,0.06575363091109097,0.09522528008385164
training,0.0,phihyd_surface,770,0.08412218084663514,0.06833087515834176,0.09876843708345141
training,0.0,phihyd_surface,780,0.08694339548680431,0.07088942148057675,0.10218830845964723
training,0.0,phihyd_surface,790,0.08969002604138333,0.07377075461735276,0.10537973747978496
training,0.0,phihyd_surface,800,0.0924674271439114,0.07638539503359701,0.10867659593830743
training,0.0,phihyd_surface,810,0.09545087217991137,0.0790602728625444,0.11226317421121888
training,0.0,phihyd_surface,820,0.09837922394043666,0.08127205272522933,0.11603909968367628
training,0.0,phihyd_surface,830,0.10133468128085261,0.08339095833896688,0.11982289938098081
training,0.0,phihyd_surface,840,0.10443030228362624,0.08557562448369947,0.12368321499602435
training,0.0,phihyd_surface,850,0.1076634075915707,0.08815492965246433,0.12760101972897256
training,0.0,phihyd_surface,860,0.11079477575199756,0.09063716685978658,0.13184528144781554
training,0.0,phihyd_surface,870,0.11407972164019387,0.09328194014514597,0.13657392780186908
training,0.0,phihyd_surface,880,0.11743048389362021,0.09580123743997407,0.14115787901536236
training,0.0,phihyd_surface,890,0.12086108733046945,0.09847918920141316,0.1454519605784918
training,0.0,phihyd_surface,900,0.12442549119007909,0.10119173377492224,0.1502062400991081
training,0.0,phihyd_surface,910,0.12808917102432432,0.10392276112293053,0.1550930077893034
training,0.0,phihyd_surface,920,0.13171600578983958,0.10653026732112499,0.15986413378192707
training,0.0,phihyd_surface,930,0.13546193059458694,0.10922227517026305,0.16503723789793978
training,0.0,phihyd_surface,940,0.13936026047320144,0.11228109567496462,0.17055863337445684
training,0.0,phihyd_surface,950,0.14336504177573256,0.11576108772850596,0.17616575729170386
training,0.0,phihyd_surface,960,0.14752108916678244,0.11918326013137416,0.18183462303077666
training,0.0,phihyd_surface,970,0.15174183918969683,0.12239132446393063,0.1877118964467507
training,0.0,phihyd_surface,980,0.15593336435769045,0.125793498044404,0.19365579558321602
training,0.0,phihyd_surface,990,0.16028483940346222,0.129196167123212,0.19987341718851404
training,0.0,phihyd_surface,1000,0.164763878009398,0.13241666555351536,0.20603819498103054
training,0.0,sst,0,1.1318835574183149e-09,1.0135182918150389e-09,1.2538028943845416e-09
training,0.0,sst,10,0.0027241909557113304,0.0021554252724045055,0.0031337797887671212
training,0.0,sst,20,0.003953527183725427,0.0031420017087234295,0.004959640944230483
training,0.0,sst,30,0.004869502023600068,0.0038078925619304126,0.006178239120342863
training,0.0,sst,40,0.0056398448847376475,0.004389088499941197,0.007194458741605688
training,0.0,sst,50,0.006395860047902273,0.004958134509325671,0.008001587638753973
training,0.0,sst,60,0.0070106139425958865,0.005538280689072228,0.008860016706165163
training,0.0,sst,70,0.007675823419619055,0.0061441000273590495,0.009615650995692147
training,0.0,sst,80,0.008230426595655387,0.006278251392535648,0.010149027969527992
training,0.0,sst,90,0.008887481435216496,0.006941446222755338,0.010865982074635632
training,0.0,sst,100,0.009479011845677444,0.007470692401319431,0.01171866689480687
training,0.0,sst,110,0.009998284422899167,0.00791025174228222,0.012253427403133198
training,0.0,sst,120,0.010483810479860366,0.00828129967591006,0.012654839130563646
training,0.0,sst,130,0.011020571834295695,0.008733826285773549,0.013121987755685679
training,0.0,sst,140,0.01160636151236448,0.009426971021399503,0.013790114785792371
training,0.0,sst,150,0.012247961577211228,0.009809800852688611,0.014294777858944506
training,0.0,sst,160,0.012996669022495178,0.010075256538076855,0.015251705968180608
training,0.0,sst,170,0.01364986026300873,0.01051102060620363,0.01614041193907416
training,0.0,sst,180,0.014381839929168094,0.01113650396530399,0.017840352631668974
training,0.0,sst,190,0.01525235773359887,0.012102089161320443,0.01934620029226441
training,0.0,sst,200,0.01614468295015306,0.012681726907324442,0.020355905183160265
training,0.0,sst,210,0.016901342980983627,0.01320973072191953,0.020992278158558107
training,0.0,sst,220,0.017730527434199617,0.013995121236294737,0.021898436461298867
training,0.0,sst,230,0.018565526709918234,0.014939577793835241,0.022635501139339168
training,0.0,sst,240,0.019482213089477066,0.01588762112833726,0.02382501920144054
training,0.0,sst,250,0.020358738709675785,0.016151626530360248,0.024981358554912132
training,0.0,sst,260,0.021499892196144614,0.016725948406140327,0.026467567829879742
training,0.0,sst,270,0.022606092019124717,0.017587378332628568,0.027677395934267036
training,0.0,sst,280,0.023713954760761994,0.01855779890859041,0.029054737715394265
training,0.0,sst,290,0.024876567305002054,0.019617799583775738,0.030561860221852585
training,0.0,sst,300,0.026107067168419828,0.020531198304755496,0.03236082421696251
training,0.0,sst,310,0.027399862569455573,0.02141387285772181,0.03412818651708461
training,0.0,sst,320,0.02882879788254413,0.022039739619643978,0.03597857762875289
training,0.0,sst,330,0.030370321985355365,0.02253954528587263,0.038033526480093775
training,0.0,sst,340,0.03199251107509622,0.02358871920322433,0.04041293223557997
training,0.0,sst,350,0.033707300904685586,0.02475398849934651,0.042757237234853494
training,0.0,sst,360,0.03563509686415179,0.02608401808789786,0.04532066689523987
training,0.0,sst,370,0.03762614060856676,0.02704024244903117,0.04829268535105667
training,0.0,sst,380,0.03970162853947349,0.02801687826686104,0.05149916551059262
training,0.0,sst,390,0.04188037293884474,0.029197028131796213,0.05493701482536596
training,0.0,sst,400,0.04419868740581161,0.030654037998024415,0.0581834946988478
training,0.0,sst,410,0.0466299598281252,0.03228150485936811,0.061108330294011096
training,0.0,sst,420,0.048987888496962215,0.03365993675150073,0.06432395867557558
training,0.0,sst,430,0.051518225443640056,0.03453842737088866,0.06807602239942916
training,0.0,sst,440,0.05406050426033332,0.03583973472002851,0.07185185823495893
training,0.0,sst,450,0.056597606864857895,0.037875874256659066,0.07573602370173
training,0.0,sst,460,0.05933025828763698,0.040070454757468454,0.08016058879107667
training,0.0,sst,470,0.06217348673186694,0.04208847292649513,0.08462821400935382
training,0.0,sst,480,0.06520004304500474,0.04412841178902793,0.08907407557906621
training,0.0,sst,490,0.06836904726957028,0.04599580973172359,0.09359214611334922
training,0.0,sst,500,0.07159889121063472,0.04751682810896438,0.09847975615366214
training,0.0,sst,510,0.07483634480802485,0.049052006139985484,0.10313430133758754
training,0.0,sst,520,0.07808809296490835,0.05052157653995376,0.1092775376582013
training,0.0,sst,530,0.08139449636381865,0.052313035397101866,0.11721637169212466
training,0.0,sst,540,0.08468334452868156,0.05433628609430494,0.12481290997968983
training,0.0,sst,550,0.08798732982553271,0.05642808336141932,0.13149577041833158
training,0.0,sst,560,0.09121207462567073,0.05855185027369281,0.1376037046659292
training,0.0,sst,570,0.09436676213994263,0.06017323960101858,0.14366697181281177
training,0.0,sst,580,0.09753668041568087,0.06225345506449032,0.14952252593273527
training,0.0,sst,590,0.10054310660540526,0.06451127439425133,0.1537125832973882
training,0.0,sst,600,0.10354029781335272,0.06697558134013935,0.1571759472510314
training,0.0,sst,610,0.1066278030139755,0.06935358790407833,0.1609606336861817
training,0.0,sst,620,0.10969294331687754,0.07174788354357838,0.16426004507401887
training,0.0,sst,630,0.11262016278080797,0.07422457836727897,0.16686424323996174
training,0.0,sst,640,0.11559094218487051,0.07617517762425015,0.17110333593580618
training,0.0,sst,650,0.11876068711712187,0.0784682912369917,0.17728433633391652
training,0.0,sst,660,0.12191738471377474,0.08141656212229205,0.1814632642140653
training,0.0,sst,670,0.124983536269243,0.08418860302467386,0.18339842209114657
training,0.0,sst,680,0.12792752269314014,0.08645376044648512,0.18481947338491383
training,0.0,sst,690,0.13064990965826637,0.08866970233854789,0.18670244539890898
training,0.0,sst,700,0.1332085267498825,0.0909449508752837,0.18904330536217873
training,0.0,sst,710,0.13575356022764745,0.09303423209069984,0.19166338523453402
training,0.0,sst,720,0.13823178962503682,0.0956175025657433,0.19322404271152113
training,0.0,sst,730,0.14061778596740607,0.09873587873240547,0.19358018162852458
training,0.0,sst,740,0.14301568944499768,0.10214078122866597,0.1938755625084066
training,0.0,sst,750,0.1454629640746846,0.1054491585378162,0.1948282532497492
training,0.0,sst,760,0.1481299698127369,0.10901288138600602,0.19584862237831102
training,0.0,sst,770,0.1507717872107585,0.11279318289384865,0.19666048750211318
training,0.0,sst,780,0.15343000215570785,0.11684403382039281,0.1973986933824125
training,0.0,sst,790,0.15604087233897873,0.11973613171119957,0.19775530619246756
training,0.0,sst,800,0.15885307403950016,0.12300069134350204,0.19943039184864775
training,0.0,sst,810,0.16197135012144248,0.12685048544555766,0.2047845639427165
training,0.0,sst,820,0.1652120765714143,0.130846501000699,0.2092707623135645
training,0.0,sst,830,0.16842896246682573,0.13462303046101734,0.21345394456560826
training,0.0,sst,840,0.17218713443999464,0.1384262904136671,0.21784374755858724
training,0.0,sst,850,0.17647438933589696,0.14296130871877702,0.22198801209463467
training,0.0,sst,860,0.18090586262116215,0.14753890808790454,0.22564526795112122
training,0.0,sst,870,0.1852882468130836,0.15146044329528008,0.22924023266353888
training,0.0,sst,880,0.1899670866784394,0.1550375477185076,0.23350251582202433
training,0.0,sst,890,0.19529748760983062,0.15917670468069384,0.23768559586206925
training,0.0,sst,900,0.20106381723886924,0.16336231787824096,0.24472043638425411
training,0.0,sst,910,0.2071289712238224,0.1674303296356915,0.25306790562985354
training,0.0,sst,920,0.21322981601951022,0.1714766907531238,0.262080725551398
training,0.0,sst,930,0.2196330790685035,0.1760780825176974,0.2724293550307283
training,0.0,sst,940,0.22668393350453084,0.1814392809233298,0.28406136862926656
training,0.0,sst,950,0.2338980528088553,0.18649953744563,0.2962842991378562
training,0.0,sst,960,0.24081082460946795,0.19093058076184102,0.30787975483040547
training,0.0,sst,970,0.24778394016162625,0.19535649852604997,0.31997549396804076
training,0.0,sst,980,0.2551143147725895,0.20091084962622138,0.3328210586243544
training,0.0,sst,990,0.26256239859824393,0.2065732406666359,0.34597899034475604
training,0.0,sst,1000,0.27000584724525306,0.21176680568326534,0.3567654971670064
training,0.02,surface_speed,0,1.213457367124317e-10,1.0134465186999056e-10,1.3964699126898203e-10
training,0.02,surface_speed,10,0.00032362493201908626,0.0002801932429267462,0.000378543428202892
training,0.02,surface_speed,20,0.0004371085426651055,0.00036485961733020116,0.0005431470518650862
training,0.02,surface_speed,30,0.0005036171363000188,0.0004257031074715937,0.0006636153043542873
training,0.02,surface_speed,40,0.00060505025107903,0.0004934564755528538,0.0007586683667586888
training,0.02,surface_speed,50,0.000660741330786105,0.0005446855839924307,0.0008790062970947775
training,0.02,surface_speed,60,0.0007219045169797325,0.0005739751993621901,0.0009588743973299435
training,0.02,surface_speed,70,0.0007927094391182246,0.0006656358170531258,0.000967213689504027
training,0.02,surface_speed,80,0.0008645224600933217,0.0007308095673845925,0.0010095014901801774
training,0.02,surface_speed,90,0.0009242960581184606,0.0007110058218847453,0.0011688477028263798
training,0.02,surface_speed,100,0.001021628016675221,0.0007879685227716952,0.0012499811237563915
training,0.02,surface_speed,110,0.0011059282481920697,0.0008248011083746424,0.0012699382207852744
training,0.02,surface_speed,120,0.0011828821552854988,0.0008397698087839239,0.0015363423626456043
training,0.02,surface_speed,130,0.0012957701962973242,0.0008884098652716287,0.0019045871531861288
training,0.02,surface_speed,140,0.0014383286461022876,0.000994576238007227,0.002273190965090277
training,0.02,surface_speed,150,0.0016022622858603637,0.0009485723175118156,0.002412342581901905
training,0.02,surface_speed,160,0.001783186376450081,0.0010488316093538019,0.0028563610340688363
training,0.02,surface_speed,170,0.001921745461217365,0.0011457146981852658,0.003690665268860184
training,0.02,surface_speed,180,0.0020599083600619803,0.0011884019022526035,0.003886578339281168
training,0.02,surface_speed,190,0.0021207472272162654,0.0012810211763720984,0.0036071521408024445
training,0.02,surface_speed,200,0.0021224743361117093,0.0013954042042832338,0.0033590245613216727
training,0.02,surface_speed,210,0.0021322156056456697,0.0014402942423163228,0.003145970516905479
training,0.02,surface_speed,220,0.002165152014937096,0.001557531192680656,0.0030882896541007954
training,0.02,surface_speed,230,0.0022098436971851334,0.001653000662185699,0.0030428232557220274
training,0.02,surface_speed,240,0.002343938974619117,0.001697347835462547,0.0030341223956963023
training,0.02,surface_speed,250,0.0024847698027862346,0.001778238513814811,0.0034111330301400907
training,0.02,surface_speed,260,0.002612026249274305,0.0019164477209145242,0.004067524263435958
training,0.02,surface_speed,270,0.002776829770592448,0.0019554871953124187,0.004308402158113901
training,0.02,surface_speed,280,0.0029170941145668866,0.0019668457953718045,0.004487350170370219
training,0.02,surface_speed,290,0.002969177869524097,0.002056142933870594,0.004631405003193713
training,0.02,surface_speed,300,0.0030468643641091697,0.0021249255897960993,0.004710516051831961
training,0.02,surface_speed,310,0.0031224960797185527,0.002125320529611798,0.004880984929743956
training,0.02,surface_speed,320,0.003194373206835163,0.002197593130067114,0.0050019325272220245
training,0.02,surface_speed,330,0.0032670532480689614,0.0023678077074934614,0.00483968822530915
training,0.02,surface_speed,340,0.00331842411504456,0.0022362567648489956,0.004904563170266049
training,0.02,surface_speed,350,0.00343965942937111,0.002261592350750309,0.005034351570063704
training,0.02,surface_speed,360,0.0035556435272694727,0.0023915761150137796,0.005073507060825932
training,0.02,surface_speed,370,0.003669483591777554,0.0024998031600019267,0.005381360333832255
training,0.02,surface_speed,380,0.0038006012216063546,0.0024778862617735615,0.005758408148779998
training,0.02,surface_speed,390,0.00395892798099954,0.0025874523642561748,0.006068813461924993
training,0.02,surface_speed,400,0.004075441580650265,0.0026698415236212146,0.006291676765717655
training,0.02,surface_speed,410,0.004245475908372811,0.0029662220183828644,0.006674208658940958
training,0.02,surface_speed,420,0.004386520176915028,0.0028479101451875303,0.0070288117876783785
training,0.02,surface_speed,430,0.004518843331834989,0.0031778748336748403,0.007026521761574507
training,0.02,surface_speed,440,0.004633734968201475,0.0033502199137500116,0.007177114074740017
training,0.02,surface_speed,450,0.004817707441622986,0.0032127658685953517,0.007459554219171928
training,0.02,surface_speed,460,0.004962100614183297,0.003478270312040754,0.007547941339615431
training,0.02,surface_speed,470,0.005093995846638722,0.003606632491911482,0.007697386259753769
training,0.02,surface_speed,480,0.005258245775764838,0.003430253227539151,0.00803060914652011
training,0.02,surface_speed,490,0.005460946227534789,0.003934532858043413,0.008228335362555274
training,0.02,surface_speed,500,0.005657922519792137,0.004161747925561232,0.008329896939218774
training,0.02,surface_speed,510,0.005842614874651761,0.0042485870033759175,0.00860415899531318
training,0.02,surface_speed,520,0.006097343598623432,0.004783648193121277,0.008846237697092177
training,0.02,surface_speed,530,0.006304440423653151,0.0047401463928598295,0.008832278091596809
training,0.02,surface_speed,540,0.00654681409645781,0.0046902562274525285,0.009070995385842905
training,0.02,surface_speed,550,0.006787218796542071,0.004923972173947844,0.009337728312374699
training,0.02,surface_speed,560,0.007034675875408033,0.005210547299119818,0.00931973586645042
training,0.02,surface_speed,570,0.007165158555807223,0.0050266292601070725,0.009245908617047811
training,0.02,surface_speed,580,0.007389262316097499,0.005130243136724321,0.00948506199519049
training,0.02,surface_speed,590,0.007574913675388191,0.005433401198680786,0.009646962500842852
training,0.02,surface_speed,600,0.007750307041048262,0.005767258396327467,0.009421676186825254
training,0.02,surface_speed,610,0.007854481103321145,0.005429579395619963,0.009426972834103056
training,0.02,surface_speed,620,0.0080590160408608,0.005824421079331046,0.009777218226218808
training,0.02,surface_speed,630,0.00825733769635027,0.006094913895701458,0.010156238909902979
training,0.02,surface_speed,640,0.008459797166723956,0.006312069696518764,0.010352176414349878
training,0.02,surface_speed,650,0.008671083890273622,0.006404629203393504,0.010842421392150194
training,0.02,surface_speed,660,0.008924678040904587,0.006569159105067183,0.011277751600745031
training,0.02,surface_speed,670,0.009157005609086135,0.00673332520116809,0.011581304430706584
training,0.02,surface_speed,680,0.009350317747518818,0.006732264830986981,0.011946338052323294
training,0.02,surface_speed,690,0.00954277605811307,0.006678714010204248,0.012512031770100535
training,0.02,surface_speed,700,0.009715670692613603,0.006834376867251104,0.012899948689746586
training,0.02,surface_speed,710,0.009951033954524607,0.006914080760422675,0.01316180451035551
training,0.02,surface_speed,720,0.010156124117580382,0.007026732625945369,0.0136943247146381
training,0.02,surface_speed,730,0.01045131529492813,0.00717862980142838,0.014260662138138104
training,0.02,surface_speed,740,0.010645245223461445,0.00735203256629501,0.014606443191941858
training,0.02,surface_speed,750,0.010898698959900935,0.0075105435120063745,0.01501729967470074
training,0.02,surface_speed,760,0.011172935566220555,0.007569951445771684,0.015661938627251876
training,0.02,surface_speed,770,0.011495693348791266,0.008009962232531385,0.01615182369585386
training,0.02,surface_speed,780,0.011725753946988143,0.008152349362638457,0.01650950547388196
training,0.02,surface_speed,790,0.011995272638361167,0.008172867514036827,0.016998341332032152
training,0.02,surface_speed,800,0.01230531149632175,0.008344413872677883,0.01761345540841959
training,0.02,surface_speed,810,0.012613065718982422,0.008745839196103404,0.017979170347872817
training,0.02,surface_speed,820,0.012863072970914208,0.008814194736437275,0.018379678409679284
training,0.02,surface_speed,830,0.01315867890045785,0.008974756594461026,0.018818028884541257
training,0.02,surface_speed,840,0.013453057719975283,0.009187419978517528,0.019145597240767732
training,0.02,surface_speed,850,0.013695446577147297,0.009392388316438934,0.019368587962828473
training,0.02,surface_speed,860,0.013956228970076931,0.009592984979058522,0.01970885893636595
training,0.02,surface_speed,870,0.014274630224837149,0.009872499109623269,0.019962027000308195
training,0.02,surface_speed,880,0.01457854051294366,0.009969556947153756,0.019994875230678315
training,0.02,surface_speed,890,0.0148654159512599,0.01018066819681384,0.02011978645948864
training,0.02,surface_speed,900,0.015250492471739022,0.01043588270388093,0.02033079550663901
training,0.02,surface_speed,910,0.015580741844380722,0.01079211005832039,0.020343862427567
training,0.02,surface_speed,920,0.015872455693131924,0.011116004286632808,0.020811301693084268
training,0.02,surface_speed,930,0.016198822716885396,0.011195181944359778,0.021436741848835195
training,0.02,surface_speed,940,0.01658694550115178,0.011603913720646862,0.02179558766096066
training,0.02,surface_speed,950,0.016917694125768587,0.01205588366814012,0.022177887078829187
training,0.02,surface_speed,960,0.017269779638468884,0.01250056060788338,0.022855501291378675
training,0.02,surface_speed,970,0.01766445119859021,0.013012450288885279,0.023644275663607633
training,0.02,surface_speed,980,0.01803015317785544,0.013497278104576595,0.02413139784490077
training,0.02,surface_speed,990,0.018355995534682173,0.013515532176066184,0.024650767544210864
training,0.02,surface_speed,1000,0.018740660838328357,0.01378024747500556,0.025375327007022705
training,0.02,phihyd_surface,0,1.4711145145663378e-09,1.1952336766238244e-09,1.8222471272909608e-09
training,0.02,phihyd_surface,10,0.0016641115995376977,0.0012015037122716597,0.0022506175998212954
training,0.02,phihyd_surface,20,0.0025901621951325967,0.0018117448231811206,0.0035196401228747625
training,0.02,phihyd_surface,30,0.0034004492553210038,0.0022706676578675145,0.004699323860681087
training,0.02,phihyd_surface,40,0.004142460595511882,0.002717295987865423,0.005795525231043384
training,0.02,phihyd_surface,50,0.0048216113503419915,0.0031547468100780233,0.006794454224761673
training,0.02,phihyd_surface,60,0.0054513729186702106,0.0035728898115055855,0.007685860747015797
training,0.02,phihyd_surface,70,0.006057467306077905,0.003932245895790179,0.008488681675802773
training,0.02,phihyd_surface,80,0.006631903063564025,0.004283214260517051,0.009222626908345353
training,0.02,phihyd_surface,90,0.007186537105570575,0.004740669138293905,0.009859513125453901
training,0.02,phihyd_surface,100,0.007702106112674941,0.005154769299486547,0.010562471769903126
training,0.02,phihyd_surface,110,0.008209213456192917,0.0056512379225556455,0.01130937898694567
training,0.02,phihyd_surface,120,0.008679160556159058,0.00607041643833843,0.012037359961457652
training,0.02,phihyd_surface,130,0.009160283237715384,0.0065596045602784574,0.01268070562989788
training,0.02,phihyd_surface,140,0.009615978606496468,0.006883891274356908,0.013348157908267025
training,0.02,phihyd_surface,150,0.010090468853402581,0.007298324758830103,0.01376651876520542
training,0.02,phihyd_surface,160,0.010565749550523428,0.007923990391169467,0.014018333582306452
training,0.02,phihyd_surface,170,0.01103564779491833,0.008550825278583217,0.014166784986434014
training,0.02,phihyd_surface,180,0.011468425644887488,0.008954839117854059,0.014459479892485609
training,0.02,phihyd_surface,190,0.011870722643197811,0.009226550329029356,0.014775367362070437
training,0.02,phihyd_surface,200,0.012251200452278756,0.010013089618901325,0.01479107196183577
training,0.02,phihyd_surface,210,0.012604499691448737,0.010509825506623703,0.01510200534559961
training,0.02,phihyd_surface,220,0.012971747766358866,0.010839200826420908,0.015256670437834585
training,0.02,phihyd_surface,230,0.013325012678949899,0.011459214062624743,0.01524053783742474
training,0.02,phihyd_surface,240,0.013739617357477307,0.012105366608640526,0.015478726665580284
training,0.02,phihyd_surface,250,0.01423563624029539,0.012339005705717858,0.016203254893398092
training,0.02,phihyd_surface,260,0.014721357256511197,0.012830502194972672,0.016660815832123938
training,0.02,phihyd_surface,270,0.015216674891950258,0.013247750169930312,0.017332289392872305
training,0.02,phihyd_surface,280,0.015783856999447662,0.013797500584021507,0.01802448150199023
training,0.02,phihyd_surface,290,0.016297563960566412,0.014139736585443591,0.01893697575788716
training,0.02,phihyd_surface,300,0.016753053115162227,0.01381459010128415,0.01962489652210776
training,0.02,phihyd_surface,310,0.017310703124481214,0.014595548121463648,0.020077007409932953
training,0.02,phihyd_surface,320,0.017953255149197163,0.014820276901588793,0.02095680526079453
training,0.02,phihyd_surface,330,0.01851092267427587,0.014940965211110512,0.021529382928531498
training,0.02,phihyd_surface,340,0.019054592848581013,0.015882452428308675,0.02207252423623986
training,0.02,phihyd_surface,350,0.019735413691174212,0.0159840245448569,0.02276497388025931
training,0.02,phihyd_surface,360,0.020409487274351216,0.016136137977041397,0.023844305711824092
training,0.02,phihyd_surface,370,0.021078704000182018,0.017455558095320695,0.024768408403170936
training,0.02,phihyd_surface,380,0.021841972833769346,0.01805935572516103,0.02539298047449166
training,0.02,phihyd_surface,390,0.022661402907344724,0.01807805155923766,0.026323430259071467
training,0.02,phihyd_surface,400,0.02336475766667891,0.01884141743814907,0.02732219176138679
training,0.02,phihyd_surface,410,0.024147806418149616,0.019784475554344694,0.02813944363811858
training,0.02,phihyd_surface,420,0.0250987488880142,0.020115077298826507,0.029068356355402936
training,0.02,phihyd_surface,430,0.025941569921495673,0.020656025263238266,0.030357651851264024
training,0.02,phihyd_surface,440,0.02678610574120263,0.021709278670002795,0.03138217800814278
training,0.02,phihyd_surface,450,0.027804663039435934,0.022815525651092555,0.03232930264849974
training,0.02,phihyd_surface,460,0.028823562784136596,0.024247904827501797,0.033651888858738016
training,0.02,phihyd_surface,470,0.029735293354074415,0.02401340213616258,0.03493804243066596
training,0.02,phihyd_surface,480,0.03085153759309393,0.02537038832059124,0.03590116217629237
training,0.02,phihyd_surface,490,0.03201579192492238,0.02690678141855878,0.03713589139893958
training,0.02,phihyd_surface,500,0.03308843488285051,0.027053933278598008,0.03863059542611179
training,0.02,phihyd_surface,510,0.03417276993130288,0.02815702208990693,0.03975006771473745
training,0.02,phihyd_surface,520,0.03539243077561942,0.029705000007015515,0.0408790874213306
training,0.02,phihyd_surface,530,0.03658319379222932,0.030118788503927355,0.04258692418976385
training,0.02,phihyd_surface,540,0.037813244824512725,0.030929849452026176,0.04404541137147318
training,0.02,phihyd_surface,550,0.03908569646134458,0.03221836964592358,0.04537116979320452
training,0.02,phihyd_surface,560,0.0404462078241999,0.03293284657119073,0.04754846471649109
training,0.02,phihyd_surface,570,0.04171145279220329,0.03331046999687432,0.04891066241905619
training,0.02,phihyd_surface,580,0.04300312362367114,0.03486610833909738,0.05059771300055911
training,0.02,phihyd_surface,590,0.044381305505191954,0.036633799035500215,0.05241163671561498
training,0.02,phihyd_surface,600,0.045658255188554306,0.03687406726651285,0.05395038535709837
training,0.02,phihyd_surface,610,0.04697325028498221,0.03794882482616554,0.05495733796689323
training,0.02,phihyd_surface,620,0.04837351292317495,0.03968587315632517,0.05665015866939117
training,0.02,phihyd_surface,630,0.04987223786468421,0.040349579329673396,0.0586027801638277
training,0.02,phihyd_surface,640,0.05133834093188666,0.04134416871130966,0.05956570597486926
training,0.02,phihyd_surface,650,0.052906559317755286,0.04331362153096906,0.06091244060555657
training,0.02,phihyd_surface,660,0.05448628483305527,0.04429973111891376,0.06335477016768631
training,0.02,phihyd_surface,670,0.05617756409366552,0.045035281245041386,0.06513950290074279
training,0.02,phihyd_surface,680,0.05777998445963707,0.04639729824625602,0.06657627215925938
training,0.02,phihyd_surface,690,0.05948033378620403,0.047806777427987564,0.06854061727443408
training,0.02,phihyd_surface,700,0.06133640625082519,0.04870772979774737,0.07091075647124163
training,0.02,phihyd_surface,710,0.06310924307892012,0.05011948776828171,0.07309196401901645
training,0.02,phihyd_surface,720,0.06481430625991627,0.051944730826568745,0.07486670286617465
training,0.02,phihyd_surface,730,0.06679399265908884,0.05325399326133143,0.077143050813386
training,0.02,phihyd_surface,740,0.068822949965294,0.054229515103636064,0.07948876901666566
training,0.02,phihyd_surface,750,0.07063901122914473,0.056272754096722194,0.08153095110680222
training,0.02,phihyd_surface,760,0.07258811477571583,0.058522837779673105,0.0837533607796184
training,0.02,phihyd_surface,770,0.07474150275158262,0.059768299192552776,0.08630625342779612
training,0.02,phihyd_surface,780,0.0767599400359325,0.06135991794075364,0.08873831123437405
training,0.02,phihyd_surface,790,0.07869384358325245,0.06338076041874385,0.09106983751681622
training,0.02,phihyd_surface,800,0.08089923386658304,0.06475839801720885,0.09348781578578147
training,0.02,phihyd_surface,810,0.08312217056818362,0.06654144750908643,0.0959714447233262
training,0.02,phihyd_surface,820,0.08529959777126073,0.06871409067252843,0.09839432516413098
training,0.02,phihyd_surface,830,0.08747556072500455,0.07035625336991193,0.10079115875146936
training,0.02,phihyd_surface,840,0.08986407470025395,0.07226709435383934,0.10327644898500019
training,0.02,phihyd_surface,850,0.09212421198036587,0.07448233299514392,0.10553343268643693
training,0.02,phihyd_surface,860,0.09451876871149864,0.07662038584139935,0.10835290719618083
training,0.02,phihyd_surface,870,0.09713757319773572,0.07881358861293729,0.1117331236996325
training,0.02,phihyd_surface,880,0.09959699601663648,0.08136977520497976,0.11448623859845718
training,0.02,phihyd_surface,890,0.10200298871388647,0.08370348211196324,0.11754873188778103
training,0.02,phihyd_surface,900,0.1047927762479719,0.08583194276915776,0.12126649760964354
training,0.02,phihyd_surface,910,0.107642910750402,0.08802333382006557,0.1243908523862103
training,0.02,phihyd_surface,920,0.11033559166788207,0.0908498806336685,0.12749106955523487
training,0.02,phihyd_surface,930,0.1131225492091827,0.09377351594576767,0.13114240545068098
training,0.02,phihyd_surface,940,0.1161909396207779,0.09615916753956537,0.135080702583357
training,0.02,phihyd_surface,950,0.11916473480671086,0.09846490726378151,0.1386003817993099
training,0.02,phihyd_surface,960,0.12205938334821795,0.1011699973709078,0.14218417179144655
training,0.02,phihyd_surface,970,0.1251241853841859,0.10306850220592771,0.14607989554309614
training,0.02,phihyd_surface,980,0.1283184111843743,0.1050508835301591,0.15027847133469383
training,0.02,phihyd_surface,990,0.13145497419243268,0.1063559212971738,0.1544797979967794
training,0.02,phihyd_surface,1000,0.13470351839428144,0.10776173304445456,0.1586712417846978
training,0.02,sst,0,1.1318835574183149e-09,1.0135182918150389e-09,1.2538028943845416e-09
training,0.02,sst,10,0.0027724441627660938,0.0022595426125754632,0.003197504435802724
training,0.02,sst,20,0.004067903230669452,0.0033741135788775173,0.004878108521891531
training,0.02,sst,30,0.005017734465816682,0.004198789390062397,0.0061291853157814866
training,0.02,sst,40,0.005802359083262633,0.004837408542179915,0.007131891088151158
training,0.02,sst,50,0.006595764577605695,0.005467585769958277,0.00808155960933807
training,0.02,sst,60,0.007293842324632741,0.006071595729867277,0.008940516894303124
training,0.02,sst,70,0.008019270101005145,0.006688181255207631,0.009748875088816732
training,0.02,sst,80,0.008713053663016725,0.007064820219043009,0.010398260867494354
training,0.02,sst,90,0.009471993198380383,0.007939365942618041,0.011136195767599385
training,0.02,sst,100,0.0100407963488947,0.008470903504744644,0.011733933550792356
training,0.02,sst,110,0.010689377207623196,0.008912041605124644,0.012499734361207344
training,0.02,sst,120,0.011306120579644498,0.009282159932369225,0.012893223627858793
training,0.02,sst,130,0.011957973076637273,0.010231001691846223,0.013394744523342786
training,0.02,sst,140,0.012649528296357862,0.010860109295522304,0.013942062930354982
training,0.02,sst,150,0.013394027082388849,0.010975356316711942,0.015254973797485832
training,0.02,sst,160,0.014249118622299559,0.011637857710299536,0.01655265161049714
training,0.02,sst,170,0.0150654547313275,0.012500407058400085,0.01778605476104242
training,0.02,sst,180,0.01594586131489743,0.012947474144048014,0.01871715009513262
training,0.02,sst,190,0.01684713147085911,0.013784188656736756,0.019431506243181122
training,0.02,sst,200,0.01750897034717225,0.014202342469090693,0.020012417516783693
training,0.02,sst,210,0.01819752792044779,0.015495843765332081,0.020560370377557893
training,0.02,sst,220,0.01898368139025962,0.014998145713167743,0.022151049517919394
training,0.02,sst,230,0.01965602703227644,0.01647722469798234,0.022577697757632832
training,0.02,sst,240,0.02024535165454624,0.01737904408541795,0.022587994803357336
training,0.02,sst,250,0.02111757738012375,0.018271174547978154,0.02340318761498012
training,0.02,sst,260,0.022327174634153714,0.019011987533772663,0.02482474230171205
training,0.02,sst,270,0.023170886343935992,0.019605585513062164,0.025832576676918163
training,0.02,sst,280,0.024154589180082717,0.020248804049268085,0.026885879169189053
training,0.02,sst,290,0.02516478789837162,0.020401181497334483,0.028080600480853358
training,0.02,sst,300,0.026215816722010232,0.02238090699987791,0.02888420986765205
training,0.02,sst,310,0.027204836952251656,0.024373714050013092,0.030169683503578886
training,0.02,sst,320,0.028371707305261486,0.024524564004084076,0.03272991511056439
training,0.02,sst,330,0.02943335227595447,0.0245890546765862,0.03382901620053115
training,0.02,sst,340,0.030508023382171352,0.026325873194734936,0.033936933420255305
training,0.02,sst,350,0.031779855934216776,0.02707281754180841,0.035762057219196855
training,0.02,sst,360,0.03332616718527905,0.02812223003275948,0.03824998408773556
training,0.02,sst,370,0.03464487864396289,0.029197143362454707,0.040126482676962213
training,0.02,sst,380,0.03635501603308042,0.03174968797226098,0.04136874348409995
training,0.02,sst,390,0.0382999623367649,0.03146578215202287,0.044835407625788845
training,0.02,sst,400,0.04021286467576021,0.033692432812090944,0.04735882917487116
training,0.02,sst,410,0.04189878651221983,0.03482950089444763,0.048966537642985274
training,0.02,sst,420,0.043913265498432545,0.03591460046343887,0.05220990815754756
training,0.02,sst,430,0.04629917071154066,0.036998828285303396,0.05581047906321273
training,0.02,sst,440,0.04822778301034168,0.038510122404792874,0.05735177288753717
training,0.02,sst,450,0.05037022934441708,0.03884105365025516,0.0598811405281113
training,0.02,sst,460,0.052833377542242634,0.03995328496869747,0.06411189353763955
training,0.02,sst,470,0.05563599115038711,0.04259535776651524,0.06815830804732839
training,0.02,sst,480,0.05827005746004347,0.04408521545484303,0.07275162176581107
training,0.02,sst,490,0.06110101270719768,0.043948174179543886,0.07949647604945546
training,0.02,sst,500,0.0639537649656209,0.04486259565517758,0.08498660084580399
training,0.02,sst,510,0.06696928360084406,0.04831975101190133,0.0902519919263615
training,0.02,sst,520,0.06987137649122424,0.04865792478546992,0.09722350631330769
training,0.02,sst,530,0.07325764048212949,0.05023687971593404,0.10469965655094045
training,0.02,sst,540,0.076576975508318,0.05154821526611187,0.11252976281534124
training,0.02,sst,550,0.07992314887393284,0.05384842344184688,0.120441826736172
training,0.02,sst,560,0.083094454521136,0.055241950930936624,0.12520775984890803
training,0.02,sst,570,0.08617527529834779,0.057630056925809074,0.12797037005672846
training,0.02,sst,580,0.08851500480625199,0.05770193786992992,0.12939031260181372
training,0.02,sst,590,0.09079546974158685,0.059088602596308624,0.13159543335038246
training,0.02,sst,600,0.09330756023580121,0.06178618048789725,0.13391454568486258
training,0.02,sst,610,0.09505366017563817,0.06351523619032462,0.13501536318595744
training,0.02,sst,620,0.09668984304728485,0.06350118508825432,0.13576166307918466
training,0.02,sst,630,0.09840284336754378,0.0647735251646335,0.13633576976763329
training,0.02,sst,640,0.10038021945790816,0.06736952152059754,0.13663775881036683
training,0.02,sst,650,0.10180728733821529,0.0683579612116794,0.1374275977888129
training,0.02,sst,660,0.10323706245155947,0.06771201389308612,0.13901725628925096
training,0.02,sst,670,0.10485380824973009,0.0695762040613423,0.13946067095286446
training,0.02,sst,680,0.10649144573364752,0.07303034330463014,0.1389381307586048
training,0.02,sst,690,0.10783213923938459,0.07357019106777665,0.13940900051286312
training,0.02,sst,700,0.1095033502340275,0.07423518865854321,0.1408384231468157
training,0.02,sst,710,0.11119677934533434,0.07626369180705801,0.1453100995942798
training,0.02,sst,720,0.11292175043925161,0.07809419177392261,0.15058639237069033
training,0.02,sst,730,0.11495236481155555,0.0799171858612931,0.156801522663988
training,0.02,sst,740,0.11684683055038998,0.0828230092228479,0.16230274659866958
training,0.02,sst,750,0.1185530949082162,0.08491135396005987,0.16765177296913814
training,0.02,sst,760,0.1204147512533456,0.08596110167994818,0.17436231620327702
training,0.02,sst,770,0.1229716799962491,0.08842742300466966,0.17774319393589397
training,0.02,sst,780,0.12502311847776013,0.09122561503334649,0.1778229940657491
training,0.02,sst,790,0.12714604362840906,0.09229666751953253,0.1788513323188657
training,0.02,sst,800,0.12967561732221639,0.09490943150338378,0.18002571200801845
training,0.02,sst,810,0.13281570135295337,0.09885342581175784,0.18019763752141793
training,0.02,sst,820,0.1356123281785027,0.10179391239637609,0.18089214356735747
training,0.02,sst,830,0.13868425335971624,0.10331050028250653,0.1826845324706932
training,0.02,sst,840,0.14208861114950436,0.10642406876120485,0.18315380563927472
training,0.02,sst,850,0.14563143621725144,0.10948816139680576,0.183287639714599
training,0.02,sst,860,0.1489749762698838,0.11255872850511524,0.18889474887974542
training,0.02,sst,870,0.1526334590337789,0.11573695996611189,0.19766033369369507
training,0.02,sst,880,0.15650106828571633,0.11926399730819416,0.20579323798917676
training,0.02,sst,890,0.16035965187948556,0.1219329535832143,0.2139024247251143
training,0.02,sst,900,0.16452971856982432,0.124523376610316,0.2229186851151911
training,0.02,sst,910,0.16892592937093406,0.12834852608248812,0.23143431336583337
training,0.02,sst,920,0.17321267124709414,0.13223758878755995,0.23910444303384173
training,0.02,sst,930,0.17758270634844955,0.1354641996244864,0.24769079429727028
training,0.02,sst,940,0.18237807179864526,0.14022951973497358,0.25619329738091656
training,0.02,sst,950,0.18686297986058897,0.14559389586799823,0.2630850545976127
training,0.02,sst,960,0.19106525084796294,0.14913795407577587,0.27039414039476933
training,0.02,sst,970,0.19561089784633284,0.15326427577704055,0.27857620267578403
training,0.02,sst,980,0.2005764714614368,0.15889600593421785,0.28656920289156496
training,0.02,sst,990,0.20515988513364558,0.16284742042599343,0.2942001883279909
training,0.02,sst,1000,0.2097370617627316,0.16634536455213147,0.30229780239548965
training,0.05,surface_speed,0,1.213457367124317e-10,1.0134465186999056e-10,1.3964699126898203e-10
training,0.05,surface_speed,10,0.0003610124098308367,0.00030343155317145087,0.0004316877143846942
training,0.05,surface_speed,20,0.0005173084198549912,0.00043819591444507863,0.0006306694313911928
training,0.05,surface_speed,30,0.0006196545745452269,0.0005422053974250259,0.0007716995183353473
training,0.05,surface_speed,40,0.0007743510297936994,0.000644871787940876,0.0009214847173403007
training,0.05,surface_speed,50,0.0008693895262482737,0.000740833866811472,0.0011073386828873318
training,0.05,surface_speed,60,0.0009629044221233496,0.0008318833532269784,0.001233129193096853
training,0.05,surface_speed,70,0.0010834139945207822,0.0009292806681807996,0.0012438716373647776
training,0.05,surface_speed,80,0.0012119045871933731,0.0009656582580802572,0.0014505553713837992
training,0.05,surface_speed,90,0.0013064001092592732,0.001035001676100472,0.0015496265552276262
training,0.05,surface_speed,100,0.0014861801714521367,0.0011624084991092712,0.0016798916507316747
training,0.05,surface_speed,110,0.0016734379122755137,0.0012211960968309904,0.0019173805717139234
training,0.05,surface_speed,120,0.0017602720412713585,0.0011492335174377115,0.002175311069677498
training,0.05,surface_speed,130,0.0018842829969455837,0.0013648772309097126,0.002590147655730308
training,0.05,surface_speed,140,0.002025356916191593,0.0015290473772870633,0.003214403574739578
training,0.05,surface_speed,150,0.0022126029287454956,0.0013596553201473778,0.0034442460523763123
training,0.05,surface_speed,160,0.0024099888075740468,0.0015884066438506613,0.003478045097387756
training,0.05,surface_speed,170,0.0025594757640294073,0.0017066046028710155,0.004368505186100605
training,0.05,surface_speed,180,0.0027998287059288877,0.001630540468483432,0.005242007025198635
training,0.05,surface_speed,190,0.0028797513000922825,0.0017461103133334043,0.005254836751795768
training,0.05,surface_speed,200,0.002951120038692309,0.002021639696022311,0.005034802412802841
training,0.05,surface_speed,210,0.003014473082230789,0.0019756325553845536,0.0046477817554048525
training,0.05,surface_speed,220,0.0030559928195641834,0.002049636216586953,0.004483169228145356
training,0.05,surface_speed,230,0.003031397541728597,0.002233042564621539,0.004186751028042637
training,0.05,surface_speed,240,0.0031459237397008107,0.0024464719400618257,0.00395025481644914
training,0.05,surface_speed,250,0.0032323854924818283,0.0022676229052167604,0.004132892449332604
training,0.05,surface_speed,260,0.003297926939675526,0.0026043364812821197,0.004470246936411995
training,0.05,surface_speed,270,0.0034206056117226102,0.002749555862795974,0.00458512952643136
training,0.05,surface_speed,280,0.003584806993541685,0.0027044094965266454,0.0046221625413191076
training,0.05,surface_speed,290,0.0036391890742345527,0.002802041353028533,0.0045950370861160585
training,0.05,surface_speed,300,0.003685542284906218,0.0030509354115651715,0.004293718101368304
training,0.05,surface_speed,310,0.0037206009134946824,0.0028090130475339073,0.004666648199295352
training,0.05,surface_speed,320,0.0038486702319155226,0.0028764322574745607,0.00491170748804861
training,0.05,surface_speed,330,0.00385154669356179,0.003176678529363822,0.0045451910254062965
training,0.05,surface_speed,340,0.003854021931486149,0.0032165808658055385,0.004802049902945102
training,0.05,surface_speed,350,0.004036826650479383,0.0030862746107311657,0.004962164987788244
training,0.05,surface_speed,360,0.004025111137676848,0.0032603858487946706,0.005016053747479203
training,0.05,surface_speed,370,0.004125408855160994,0.0033639532162320547,0.004885199890999674
training,0.05,surface_speed,380,0.004238648108709211,0.003336486894281737,0.0053587616611965394
training,0.05,surface_speed,390,0.004424837946698998,0.00375979537709988,0.005570720657984684
training,0.05,surface_speed,400,0.004376587206939486,0.0037597611928770224,0.005239527420380511
training,0.05,surface_speed,410,0.0045593348847725755,0.003966969186065304,0.005623345192127989
training,0.05,surface_speed,420,0.004738377548582636,0.003876086371236086,0.005823620990727587
training,0.05,surface_speed,430,0.004725187662740116,0.00406832991091801,0.005609839055602965
training,0.05,surface_speed,440,0.0048128612765313,0.004172566387030172,0.0058274210736034065
training,0.05,surface_speed,450,0.005021248478220457,0.004318356886195982,0.0063247374918864365
training,0.05,surface_speed,460,0.005095357271466305,0.0044132280247986,0.006379192094585381
training,0.05,surface_speed,470,0.005102167970906141,0.004417055746573098,0.00607509724711034
training,0.05,surface_speed,480,0.005253638818146061,0.004400319482434911,0.006387862622516374
training,0.05,surface_speed,490,0.005397928195735952,0.004575731391276942,0.0066691499144695375
training,0.05,surface_speed,500,0.005449569620765877,0.004808774696225255,0.006455697448530364
training,0.05,surface_speed,510,0.0055301440469939095,0.004756419575912536,0.006679342839129927
training,0.05,surface_speed,520,0.005821474566799066,0.00488495681565374,0.006964050828217297
training,0.05,surface_speed,530,0.0058785154369670875,0.00496184372568886,0.0068191620359087865
training,0.05,surface_speed,540,0.006137704383099239,0.005066921350339266,0.006980456873680028
training,0.05,surface_speed,550,0.006372018677463104,0.005374618247566292,0.007381277504410113
training,0.05,surface_speed,560,0.006609522185310987,0.0055992140466452405,0.007572745723803156
training,0.05,surface_speed,570,0.006655826857038867,0.0055853932404383915,0.007465782272367574
training,0.05,surface_speed,580,0.006804510205033048,0.005565495856251129,0.0077794008777853476
training,0.05,surface_speed,590,0.006983399877769572,0.005828696791870199,0.008187329592705529
training,0.05,surface_speed,600,0.0070029992958381086,0.005940547117117585,0.008070657330514618
training,0.05,surface_speed,610,0.007056193432811589,0.005841283765217814,0.008208573663001041
training,0.05,surface_speed,620,0.007203095040378017,0.006245945436872152,0.008294756375038386
training,0.05,surface_speed,630,0.00734177374728953,0.006406336518302068,0.00840070149994778
training,0.05,surface_speed,640,0.00745526124904438,0.006491231786027789,0.008555068193647505
training,0.05,surface_speed,650,0.007626939448107559,0.006721605395421971,0.009064335074999765
training,0.05,surface_speed,660,0.007803896860546493,0.006614348593618739,0.00919877545623433
training,0.05,surface_speed,670,0.007907591398903588,0.00657456703988543,0.009195667542425305
training,0.05,surface_speed,680,0.007994424766785921,0.006677380112319189,0.00934013845726158
training,0.05,surface_speed,690,0.008188531174174467,0.006711803902486293,0.009714773641253931
training,0.05,surface_speed,700,0.00831528423836981,0.006895389675298556,0.009800658115578988
training,0.05,surface_speed,710,0.008462491782288657,0.007388025820322785,0.009986853225586815
training,0.05,surface_speed,720,0.008537926888566411,0.007293153340699178,0.010326886179684382
training,0.05,surface_speed,730,0.00874091936056787,0.007354847527457141,0.010599750076058264
training,0.05,surface_speed,740,0.00887660972214583,0.007532406356443138,0.01048411900861573
training,0.05,surface_speed,750,0.008970542878570367,0.007593066301066787,0.010702432662208872
training,0.05,surface_speed,760,0.009114833594855504,0.007752101901082334,0.01115652503592523
training,0.05,surface_speed,770,0.009326082624795451,0.007974882264437037,0.011465010648961878
training,0.05,surface_speed,780,0.009427572529500251,0.007881372168363175,0.011575322893312055
training,0.05,surface_speed,790,0.009537385301997565,0.008027910639222289,0.01182257090842872
training,0.05,surface_speed,800,0.009685662806069174,0.008197891411048378,0.012068418454069684
training,0.05,surface_speed,810,0.009855595709344711,0.008087881962890817,0.012175184419162814
training,0.05,surface_speed,820,0.009999015507118469,0.008091244759940058,0.012412897675818923
training,0.05,surface_speed,830,0.010192310053895572,0.008231580864877118,0.012633063047366893
training,0.05,surface_speed,840,0.010360002775695976,0.008295415236482369,0.012566080730778608
training,0.05,surface_speed,850,0.010501937698878326,0.008435913274707335,0.012613118136645072
training,0.05,surface_speed,860,0.010749028710618806,0.008518788680474369,0.01283848059015421
training,0.05,surface_speed,870,0.010986317264115893,0.008455728418973995,0.01298761958244704
training,0.05,surface_speed,880,0.011213350752361944,0.009000891873264432,0.01314898530685988
training,0.05,surface_speed,890,0.0114558846415393,0.00936733334737629,0.0133489496472744
training,0.05,surface_speed,900,0.01181555439283897,0.009371333769837302,0.013725902599655808
training,0.05,surface_speed,910,0.012082846315817006,0.009665966810823858,0.013850302268608594
training,0.05,surface_speed,920,0.012300726186656476,0.009942825356910715,0.014244297142805933
training,0.05,surface_speed,930,0.012569917905619982,0.010241642983499692,0.014813183292349996
training,0.05,surface_speed,940,0.012927841827446124,0.01053216653818037,0.015505095014677738
training,0.05,surface_speed,950,0.013194895028294993,0.010622207113870206,0.015997838870557377
training,0.05,surface_speed,960,0.013484911766962126,0.010935245397149582,0.016417726414905964
training,0.05,surface_speed,970,0.013815710325307992,0.011184004969490374,0.016955204781934904
training,0.05,surface_speed,980,0.014142594357001544,0.011187820282893002,0.017476785771792704
training,0.05,surface_speed,990,0.014452425304891724,0.011229158275725137,0.017977986637953563
training,0.05,surface_speed,1000,0.014817566355635484,0.011551658571954612,0.018411824649527363
training,0.05,phihyd_surface,0,1.4711145145663378e-09,1.1952336766238244e-09,1.8222471272909608e-09
training,0.05,phihyd_surface,10,0.001690856576441956,0.001229447613519738,0.0022733982590208614
training,0.05,phihyd_surface,20,0.002628508690297043,0.0018803135527806492,0.0035340410478178815
training,0.05,phihyd_surface,30,0.0034503192905492946,0.00237776144077236,0.0047110306740271645
training,0.05,phihyd_surface,40,0.004205482995392457,0.002827957308817795,0.005797915484117724
training,0.05,phihyd_surface,50,0.004915477886083149,0.0032762929801135043,0.006803218454791284
training,0.05,phihyd_surface,60,0.005569103213983869,0.0037218446324055856,0.007747293836152548
training,0.05,phihyd_surface,70,0.006215628669302384,0.004138505214229,0.008576475951679641
training,0.05,phihyd_surface,80,0.006851905661313604,0.004506222825798986,0.009393703524957355
training,0.05,phihyd_surface,90,0.007497097373477204,0.005247734994491121,0.010119433826098579
training,0.05,phihyd_surface,100,0.00809264806006085,0.005717186456558656,0.010957033724275816
training,0.05,phihyd_surface,110,0.00870838703939426,0.006155589850655209,0.012089157373479887
training,0.05,phihyd_surface,120,0.009305481245227974,0.006493280858854991,0.012964213509490497
training,0.05,phihyd_surface,130,0.009874917761066696,0.007520807208911559,0.013310100253522153
training,0.05,phihyd_surface,140,0.010407546729862596,0.007840796105832921,0.013743300395662805
training,0.05,phihyd_surface,150,0.011022556682039903,0.007977360048520702,0.014541355029492819
training,0.05,phihyd_surface,160,0.011639314590785583,0.009175914464981238,0.014620416273225093
training,0.05,phihyd_surface,170,0.012183828065565996,0.009972191846075274,0.014611359155095077
training,0.05,phihyd_surface,180,0.0128516660969104,0.009958452235683682,0.015675476899580897
training,0.05,phihyd_surface,190,0.013453035249191647,0.010298391442224273,0.016560056878324583
training,0.05,phihyd_surface,200,0.013842325784054255,0.011797970722953584,0.016755640295949725
training,0.05,phihyd_surface,210,0.014310857493421047,0.011944641904470059,0.017880158810771294
training,0.05,phihyd_surface,220,0.014969061369912584,0.012023234911216528,0.018584539283330804
training,0.05,phihyd_surface,230,0.015295506274264866,0.013109713653012004,0.01793159369169202
training,0.05,phihyd_surface,240,0.01562770133657905,0.014006563796299016,0.0179458619447755
training,0.05,phihyd_surface,250,0.016346061110488662,0.013393587932613322,0.019051464075578083
training,0.05,phihyd_surface,260,0.01690284069708852,0.014284230584943087,0.019004752151317805
training,0.05,phihyd_surface,270,0.0174654881344107,0.015732028740469018,0.019189820664882232
training,0.05,phihyd_surface,280,0.01824863669727595,0.015496778744926285,0.020527951371818336
training,0.05,phihyd_surface,290,0.018848244420591964,0.015388463010570511,0.021288483894397192
training,0.05,phihyd_surface,300,0.01936211320230523,0.01716685613234332,0.02209848580093936
training,0.05,phihyd_surface,310,0.020209986810414186,0.01817728996091006,0.022368017042808577
training,0.05,phihyd_surface,320,0.021112222060490418,0.017185316439000727,0.024797662894981674
training,0.05,phihyd_surface,330,0.021589574850584516,0.018125840135897398,0.024929838227721508
training,0.05,phihyd_surface,340,0.022151573969428608,0.01996801055074457,0.02471972709896826
training,0.05,phihyd_surface,350,0.023350030729683075,0.02088281867911467,0.0269661782199391
training,0.05,phihyd_surface,360,0.02405515478279878,0.020426844911972046,0.027546032845985374
training,0.05,phihyd_surface,370,0.024408572726446927,0.02202796477889359,0.02723733856521577
training,0.05,phihyd_surface,380,0.025455232819744524,0.02311254527575289,0.028314270672152992
training,0.05,phihyd_surface,390,0.026571603845504166,0.022354743072286236,0.03125061394037247
training,0.05,phihyd_surface,400,0.027101714643143822,0.02273134884755848,0.03126210967773358
training,0.05,phihyd_surface,410,0.027775898505287305,0.024416926413377716,0.03154822126133058
training,0.05,phihyd_surface,420,0.029004744307349627,0.0247321324658981,0.0331975064743023
training,0.05,phihyd_surface,430,0.0297553216960041,0.025095583344996814,0.03531536120455008
training,0.05,phihyd_surface,440,0.030540627440970136,0.026433403493144724,0.035937823060725876
training,0.05,phihyd_surface,450,0.03181418630729872,0.02827161410725485,0.03620558283612311
training,0.05,phihyd_surface,460,0.0326734169795444,0.028603303893273063,0.038170820685305376
training,0.05,phihyd_surface,470,0.03352181030260016,0.02867941971292501,0.03882427027526055
training,0.05,phihyd_surface,480,0.034940396723665,0.03141491599820451,0.03889602778400121
training,0.05,phihyd_surface,490,0.03619398688185006,0.03155481080301078,0.04167407534802037
training,0.05,phihyd_surface,500,0.03716424947528694,0.03103716582182294,0.04330249953319772
training,0.05,phihyd_surface,510,0.03808173660326998,0.032998446787046325,0.043285146843072116
training,0.05,phihyd_surface,520,0.039380408425421856,0.03453863655171432,0.04484533124247659
training,0.05,phihyd_surface,530,0.040622963010808796,0.03490485102666255,0.04728142759292389
training,0.05,phihyd_surface,540,0.04169804450442664,0.03523623926624393,0.04728182068691985
training,0.05,phihyd_surface,550,0.042907942247317386,0.03707571719538322,0.04859575978404672
training,0.05,phihyd_surface,560,0.044444790829730955,0.03715604930150356,0.052331962029997986
training,0.05,phihyd_surface,570,0.04563675232295811,0.038623401412744375,0.053761733811403575
training,0.05,phihyd_surface,580,0.046596971785146234,0.03916779666170187,0.05356710269792435
training,0.05,phihyd_surface,590,0.048173579289270727,0.04130458337100398,0.055904609611520564
training,0.05,phihyd_surface,600,0.04948774086224863,0.041189260593064145,0.058247425325288205
training,0.05,phihyd_surface,610,0.05040416872374245,0.04079789194758638,0.058575713717176424
training,0.05,phihyd_surface,620,0.051703745593107385,0.04308559196866232,0.06013755772204823
training,0.05,phihyd_surface,630,0.05337003380379642,0.04308401858705743,0.06254018552169245
training,0.05,phihyd_surface,640,0.05466074428982555,0.04574337540850501,0.06224340823759338
training,0.05,phihyd_surface,650,0.056071139297884987,0.047717118505303996,0.06323052283584293
training,0.05,phihyd_surface,660,0.057791139790022206,0.048470946204256175,0.06624361772508044
training,0.05,phihyd_surface,670,0.05931831299543326,0.0499808891275814,0.0685378157679673
training,0.05,phihyd_surface,680,0.06047776497816436,0.050800573666319536,0.06951457767140821
training,0.05,phihyd_surface,690,0.06213608486193216,0.05262034428237224,0.07071132522004217
training,0.05,phihyd_surface,700,0.06393287995153321,0.053261732531119425,0.07357900479336336
training,0.05,phihyd_surface,710,0.06508292649437063,0.05415904681818801,0.07422333630089116
training,0.05,phihyd_surface,720,0.0663460934931749,0.05582072298024861,0.0757070124003533
training,0.05,phihyd_surface,730,0.06839846906762714,0.056979860075643,0.07900394576571644
training,0.05,phihyd_surface,740,0.07014356779142705,0.058517918507209166,0.08184232162802134
training,0.05,phihyd_surface,750,0.07127700587808505,0.05992959069897219,0.0829174547880011
training,0.05,phihyd_surface,760,0.07305738152842368,0.06097594861785695,0.08470308375042623
training,0.05,phihyd_surface,770,0.07510108120571062,0.0626475439425038,0.08746872938453813
training,0.05,phihyd_surface,780,0.07662831324504177,0.06356377862572202,0.08940322558362046
training,0.05,phihyd_surface,790,0.07817615104668868,0.06456533234073711,0.09099535490826835
training,0.05,phihyd_surface,800,0.08012403722625615,0.06518549474980494,0.09348435334719339
training,0.05,phihyd_surface,810,0.08199400034162918,0.06803361763904898,0.09522246010133302
training,0.05,phihyd_surface,820,0.0839481710234363,0.07100229284256522,0.09722086902987556
training,0.05,phihyd_surface,830,0.08610173562295995,0.07145991376956212,0.0995664290448518
training,0.05,phihyd_surface,840,0.08810546599897988,0.07298952617484186,0.1022174361953662
training,0.05,phihyd_surface,850,0.08999492939464807,0.07599589344344664,0.10476228185904955
training,0.05,phihyd_surface,860,0.09233268375854382,0.07674411891769851,0.10709145056870963
training,0.05,phihyd_surface,870,0.0947151060168011,0.07722140952609252,0.10929585814445933
training,0.05,phihyd_surface,880,0.09660313176948855,0.08019310667029476,0.11106381573547214
training,0.05,phihyd_surface,890,0.0986737290398679,0.08336040329901294,0.1137426109925229
training,0.05,phihyd_surface,900,0.10136201979382953,0.08415546130628988,0.11736058513203211
training,0.05,phihyd_surface,910,0.10376185725753166,0.08497109901814072,0.1202063089810674
training,0.05,phihyd_surface,920,0.10589093549788434,0.08754132471044364,0.1227808067837733
training,0.05,phihyd_surface,930,0.10851748467879307,0.09007750165336893,0.1264095532644965
training,0.05,phihyd_surface,940,0.11141483934715155,0.09187694678926125,0.1302208735934916
training,0.05,phihyd_surface,950,0.11410012849559781,0.09406157261494649,0.1337622107845349
training,0.05,phihyd_surface,960,0.11681095926950999,0.09593829160121563,0.1377078913294231
training,0.05,phihyd_surface,970,0.11976034839955733,0.0974283673364911,0.14225848420970724
training,0.05,phihyd_surface,980,0.12275795336755135,0.10023537101508816,0.14685420026949772
training,0.05,phihyd_surface,990,0.12595896906630338,0.10385062973362529,0.15136310132477135
training,0.05,phihyd_surface,1000,0.12941283472582413,0.1059595297050227,0.1560055299176673
training,0.05,sst,0,1.1318835574183149e-09,1.0135182918150389e-09,1.2538028943845416e-09
training,0.05,sst,10,0.003044793118512225,0.0026473671062999253,0.0034768479189259257
training,0.05,sst,20,0.0046605691373795355,0.004201651458025303,0.005245667355979731
training,0.05,sst,30,0.005907388445587509,0.005404087268457989,0.006483854573293559
training,0.05,sst,40,0.0069898277932837205,0.006299854601095418,0.00783146304374651
training,0.05,sst,50,0.008094883437417207,0.007030516138194201,0.009219464927737056
training,0.05,sst,60,0.009112859229983544,0.00831720259031197,0.010224625080688462
training,0.05,sst,70,0.010190671383728938,0.009247433034677089,0.01146213022180943
training,0.05,sst,80,0.01132844282979351,0.010180039933641813,0.012718737618184126
training,0.05,sst,90,0.012520314533858245,0.0115014146330778,0.013772842324009323
training,0.05,sst,100,0.013376807532118434,0.01237992170552755,0.014868680109881254
training,0.05,sst,110,0.01453789430475153,0.012701233216842231,0.016002763745734064
training,0.05,sst,120,0.01565684061500926,0.013654749390074862,0.017222037120676582
training,0.05,sst,130,0.016823884876173912,0.015294172996570838,0.018091403863918974
training,0.05,sst,140,0.01791812236491764,0.016449481400705103,0.01887238309258344
training,0.05,sst,150,0.019128833392608666,0.016437656930821786,0.02147936624592268
training,0.05,sst,160,0.02023768702957514,0.018153390746582565,0.02278391828825221
training,0.05,sst,170,0.02138925129258516,0.019644315151434125,0.02374648860615091
training,0.05,sst,180,0.022761994877310326,0.020379611960636746,0.02617997798305201
training,0.05,sst,190,0.02412462843569037,0.020122072888539982,0.028858719819623232
training,0.05,sst,200,0.024997455772689674,0.02262307286105521,0.030010953072397362
training,0.05,sst,210,0.02615856280037266,0.02365094973652986,0.029853102123063725
training,0.05,sst,220,0.02759931214067609,0.02440299241794757,0.030853241450503922
training,0.05,sst,230,0.028375754499903018,0.026287363508227322,0.03124090838047141
training,0.05,sst,240,0.028942783894144775,0.027437544877457056,0.031132355260574614
training,0.05,sst,250,0.030176718181173557,0.02816519601943836,0.03330942707143534
training,0.05,sst,260,0.032033883550110144,0.029069889458118243,0.03547401274139136
training,0.05,sst,270,0.03254845616732228,0.029907638491044962,0.03614526376780497
training,0.05,sst,280,0.03370993876018718,0.031233651048961038,0.03655757544766881
training,0.05,sst,290,0.03529372806867048,0.031974982360910634,0.038106525701694385
training,0.05,sst,300,0.036476585984355006,0.034622652992302036,0.03855162000001205
training,0.05,sst,310,0.037455428334925704,0.03523932689057661,0.04083632903974099
training,0.05,sst,320,0.039001941441950086,0.03500971153861465,0.044201616748150346
training,0.05,sst,330,0.03977061944253911,0.03609392053232744,0.04372608156754664
training,0.05,sst,340,0.04082873083920265,0.037837415437610454,0.042887003812780024
training,0.05,sst,350,0.042346214110525617,0.03945119123158964,0.044957277430124544
training,0.05,sst,360,0.043591469146270774,0.03961277802738152,0.047486705985462514
training,0.05,sst,370,0.04429893196898478,0.04092764282720955,0.046572254525955856
training,0.05,sst,380,0.045497739855855215,0.042691754996606296,0.04857796150877451
training,0.05,sst,390,0.04771974844612189,0.04593992205859041,0.052154227864605
training,0.05,sst,400,0.048575723074740874,0.04706428813935284,0.05105786906503932
training,0.05,sst,410,0.04934616122244666,0.047610079868001115,0.05113360138845854
training,0.05,sst,420,0.051199603505101735,0.04895465670999047,0.05392032515002422
training,0.05,sst,430,0.053293264724122213,0.050496554483394455,0.055943446840324235
training,0.05,sst,440,0.053880707972503786,0.05046646933289922,0.056448971193944
training,0.05,sst,450,0.05540338034786908,0.05064937167553026,0.058393286123545995
training,0.05,sst,460,0.057278519214751175,0.05211341916796844,0.061446399332369825
training,0.05,sst,470,0.05854787081567166,0.056277866064459676,0.060990189487928934
training,0.05,sst,480,0.060513017216376176,0.05801829669118136,0.06503393635618358
training,0.05,sst,490,0.06252262608557958,0.057819401222831385,0.06871781706444298
training,0.05,sst,500,0.06344285238978889,0.058181159776090376,0.07015414863210984
training,0.05,sst,510,0.06490030407522615,0.06127266192117833,0.0720813015773268
training,0.05,sst,520,0.06710400043839082,0.060683872301110435,0.07411810399884469
training,0.05,sst,530,0.06901193425782302,0.061611014251032464,0.0762751015937623
training,0.05,sst,540,0.07081360755931906,0.06378053878705518,0.07719204751821247
training,0.05,sst,550,0.07236953992177889,0.06591777093197293,0.08019792699830183
training,0.05,sst,560,0.07499546157362424,0.06648416498621713,0.08401433658209816
training,0.05,sst,570,0.0773086665790643,0.068091531747533,0.08734097853973459
training,0.05,sst,580,0.07888368656272668,0.06935941558473122,0.08959759173095407
training,0.05,sst,590,0.08091735538958995,0.0706932477875835,0.09276020289243962
training,0.05,sst,600,0.08335886794538963,0.07313306849978941,0.09770680894956238
training,0.05,sst,610,0.08536472604746206,0.07511174635125749,0.1008449201620019
training,0.05,sst,620,0.08692214142079054,0.07583141202201092,0.10507164207113662
training,0.05,sst,630,0.08860473382559016,0.07608281715033717,0.11028615747808065
training,0.05,sst,640,0.09046524406808229,0.07534044664285988,0.11345280671798415
training,0.05,sst,650,0.0922667084703361,0.07574476417071474,0.1165466438861564
training,0.05,sst,660,0.0939422836747814,0.07651270862612486,0.12058224281002862
training,0.05,sst,670,0.09552829350693792,0.07782110427974225,0.12476625754409848
training,0.05,sst,680,0.09694118896923028,0.07866016648639255,0.12883487667128293
training,0.05,sst,690,0.09839508655587643,0.08000230010549328,0.13165290777202876
training,0.05,sst,700,0.10034515703362823,0.07939772075937497,0.13436248358137848
training,0.05,sst,710,0.10175425083079429,0.08241668467776408,0.1374113565113047
training,0.05,sst,720,0.10267361152100471,0.08571578304322092,0.14097640216990276
training,0.05,sst,730,0.10437883523909633,0.0856767827041377,0.14508171048727522
training,0.05,sst,740,0.10636420733175327,0.08652592719600248,0.1483416699973717
training,0.05,sst,750,0.10732889508770802,0.08802486798910107,0.14933028371435814
training,0.05,sst,760,0.1085346348732491,0.08931044258405814,0.15064456546622199
training,0.05,sst,770,0.11063632491981623,0.09177466833354722,0.15170388597588694
training,0.05,sst,780,0.11241081611077239,0.09434468963466772,0.15113250764590758
training,0.05,sst,790,0.11353117112245373,0.09622880561059713,0.15127336413966597
training,0.05,sst,800,0.11511852389122064,0.09716025031621121,0.15274990318183967
training,0.05,sst,810,0.11722971423377473,0.09832360923833208,0.15290367522875473
training,0.05,sst,820,0.11885899919002814,0.09815149834048525,0.15291701782953432
training,0.05,sst,830,0.120746989201075,0.09861519954307002,0.15466283972865957
training,0.05,sst,840,0.12297628938629487,0.10096258682914705,0.15602828090137835
training,0.05,sst,850,0.12519869971873163,0.10301999694530467,0.15627406960599866
training,0.05,sst,860,0.12760972779507845,0.10346533608477074,0.15776257313554426
training,0.05,sst,870,0.13048294906426922,0.1056726386663492,0.16035433866029924
training,0.05,sst,880,0.13316126611413798,0.10783067827841832,0.16266633056914495
training,0.05,sst,890,0.13548746517968788,0.10829018228809313,0.1644262847912915
training,0.05,sst,900,0.138227493041773,0.11065962203509314,0.16581215821600545
training,0.05,sst,910,0.14133073618246098,0.1143439900624077,0.16702436082042368
training,0.05,sst,920,0.1438114187637341,0.11603518178067317,0.16873365726171582
training,0.05,sst,930,0.1464854050271534,0.11752710187859612,0.17126129380081562
training,0.05,sst,940,0.14989047405418768,0.12051679286440975,0.1733873983064399
training,0.05,sst,950,0.15307268779230007,0.12302413462854252,0.1744579061294639
training,0.05,sst,960,0.15572284781315826,0.12491549882023181,0.17614684813508336
training,0.05,sst,970,0.15865203850154252,0.1263845604570627,0.17870950824834111
training,0.05,sst,980,0.162050523981537,0.1282255943440452,0.1817378104385502
training,0.05,sst,990,0.1652658187566757,0.129429472037298,0.18619299830550692
training,0.05,sst,1000,0.16834196576134547,0.1310328780207783,0.19066224725124453
training,0.1,surface_speed,0,1.213457367124317e-10,1.0134465186999056e-10,1.3964699126898203e-10
training,0.1,surface_speed,10,0.0004781974862841509,0.0004064493551542974,0.0005677438502252268
training,0.1,surface_speed,20,0.0007427023674235498,0.000655425599688259,0.0008623238783066867
training,0.1,surface_speed,30,0.0009273912795871563,0.0008011813950961204,0.0010619360134574826
training,0.1,surface_speed,40,0.0011694500169049133,0.0010118733277900754,0.0012785751119242753
training,0.1,surface_speed,50,0.0013357894255878904,0.0011634060007978868,0.0015682208015189716
training,0.1,surface_speed,60,0.0014787249058015694,0.001307415233051409,0.0017436777978047586
training,0.1,surface_speed,70,0.0016640123833198948,0.0014776076687828277,0.0018342192604396468
training,0.1,surface_speed,80,0.0018487580905577603,0.0015170069749535795,0.00222010874492381
training,0.1,surface_speed,90,0.001971896242010063,0.0015480435679521328,0.0022106383423788167
training,0.1,surface_speed,100,0.0021997130005907894,0.0018003363106399667,0.0024263059473362525
training,0.1,surface_speed,110,0.0024717623944149037,0.0018811585218563302,0.0028161660697174204
training,0.1,surface_speed,120,0.002617394018320857,0.0018450210681453462,0.0030396098857757023
training,0.1,surface_speed,130,0.0028042834620329213,0.002054515475296276,0.0034628622057819385
training,0.1,surface_speed,140,0.0029740107826619912,0.00221479336058328,0.004048042884264969
training,0.1,surface_speed,150,0.00317905603499527,0.0021813084256693963,0.004859176345915457
training,0.1,surface_speed,160,0.003359348535499844,0.0024103134871914303,0.005452803074774035
training,0.1,surface_speed,170,0.003482372450529167,0.002488459752001539,0.0053012092846375595
training,0.1,surface_speed,180,0.0037294346719298696,0.002391333806681141,0.0058480075500958115
training,0.1,surface_speed,190,0.003779642681638967,0.0026924761828082413,0.006132797074376747
training,0.1,surface_speed,200,0.0038965755149905712,0.0029907734478985103,0.005844941278377133
training,0.1,surface_speed,210,0.0039840833904448356,0.002861685007646529,0.005604574046972532
training,0.1,surface_speed,220,0.004077886400095404,0.00319446853344802,0.005487981754653183
training,0.1,surface_speed,230,0.00406634675419838,0.0033838550115064974,0.005238737351795315
training,0.1,surface_speed,240,0.004211736615666167,0.0034534553143946945,0.005382064550485504
training,0.1,surface_speed,250,0.004335543794370943,0.0034947184652496656,0.005471368029243884
training,0.1,surface_speed,260,0.004365835915531451,0.003762522399492976,0.005254580931206599
training,0.1,surface_speed,270,0.004501688861553643,0.0037857481329253437,0.005610435782381533
training,0.1,surface_speed,280,0.004682757058888994,0.0037744973837393813,0.0060252046475014875
training,0.1,surface_speed,290,0.004745221921871514,0.004013780395326715,0.00591000606841175
training,0.1,surface_speed,300,0.004743071989585671,0.004113954092267591,0.0058291505323939475
training,0.1,surface_speed,310,0.0048147825724309794,0.003942735716062207,0.006041623152861164
training,0.1,surface_speed,320,0.004882096938775142,0.004012031475890608,0.0059894094671493064
training,0.1,surface_speed,330,0.004917683187955589,0.0043491093437447535,0.005689396833333201
training,0.1,surface_speed,340,0.004865726939580444,0.004079515889442037,0.0057026104473745075
training,0.1,surface_speed,350,0.005025594871097007,0.004293799853263347,0.005726389129359515
training,0.1,surface_speed,360,0.0050431757522662385,0.004407882830038534,0.005589689788793331
training,0.1,surface_speed,370,0.005081656292864382,0.004655449219721635,0.005559148442838429
training,0.1,surface_speed,380,0.0051522199979758074,0.0045058285334641625,0.005901432873864956
training,0.1,surface_speed,390,0.005242351105554948,0.004778231768806639,0.005903296995048588
training,0.1,surface_speed,400,0.005217875497843996,0.004862331435218634,0.005738692138791914
training,0.1,surface_speed,410,0.0053334629602727335,0.004905655313655707,0.005875762594914257
training,0.1,surface_speed,420,0.005502391826438813,0.004931419400887368,0.006094528554824623
training,0.1,surface_speed,430,0.005498624358499767,0.005127748620364046,0.006018607085307973
training,0.1,surface_speed,440,0.005543360625575267,0.004995013334461851,0.0061455148413354825
training,0.1,surface_speed,450,0.0057269266355662925,0.005177062557618905,0.006465751550483608
training,0.1,surface_speed,460,0.005847797309517162,0.005382084749454153,0.006580221782531336
training,0.1,surface_speed,470,0.005844085103881498,0.005401062453337007,0.006500451393824985
training,0.1,surface_speed,480,0.005933827792737894,0.005388262732597637,0.006602377376473303
training,0.1,surface_speed,490,0.006120701982863535,0.005501778332086491,0.006962129394661959
training,0.1,surface_speed,500,0.00622437079414929,0.0055566550561535555,0.007047944362939079
training,0.1,surface_speed,510,0.006243161361023001,0.005549634927757443,0.006886416290104606
training,0.1,surface_speed,520,0.006416650756659444,0.005553371289962732,0.007152835212665546
training,0.1,surface_speed,530,0.006588194182540271,0.005554973551031359,0.0072258727230466915
training,0.1,surface_speed,540,0.0067137074225932765,0.006018857724827979,0.007327838260335347
training,0.1,surface_speed,550,0.006851375393941662,0.005702218543801962,0.00778100978904947
training,0.1,surface_speed,560,0.007088367040959017,0.006007383336451368,0.00823223569202764
training,0.1,surface_speed,570,0.007070695317296143,0.005925001485874132,0.008070760008905345
training,0.1,surface_speed,580,0.007122710254493046,0.0060995679821449125,0.00815677647645771
training,0.1,surface_speed,590,0.007287817336075314,0.006299732768499938,0.00869356367039426
training,0.1,surface_speed,600,0.007372172735270505,0.006411121349771749,0.008924259995349584
training,0.1,surface_speed,610,0.007362852400839094,0.006559418863531807,0.008818938956136656
training,0.1,surface_speed,620,0.007485058561718787,0.006731456755935362,0.00879930194349659
training,0.1,surface_speed,630,0.0076051625157488355,0.0066666188727159785,0.00883546154956423
training,0.1,surface_speed,640,0.007694844301522797,0.006861543169677464,0.008671454203241018
training,0.1,surface_speed,650,0.007813930492614184,0.006731022760757291,0.008555293640710088
training,0.1,surface_speed,660,0.007987418205946294,0.006644274098909528,0.008988715558211726
training,0.1,surface_speed,670,0.00805803074955681,0.006962440492463054,0.008902787904302214
training,0.1,surface_speed,680,0.0081109874208768,0.0068450972489263896,0.008851116926511813
training,0.1,surface_speed,690,0.008270123391939934,0.006942409917471731,0.009272498548000697
training,0.1,surface_speed,700,0.008409832631415853,0.00708412959360042,0.009304179661624624
training,0.1,surface_speed,710,0.008472240775545982,0.0071413969419538825,0.00913942211174988
training,0.1,surface_speed,720,0.008537952662933264,0.007263850788846871,0.009105795196545557
training,0.1,surface_speed,730,0.008779112917143596,0.007661865012712593,0.009707886688608384
training,0.1,surface_speed,740,0.008870636480883215,0.007747856489980492,0.00959548959271024
training,0.1,surface_speed,750,0.008883489979606937,0.007839362727511946,0.009622030257095982
training,0.1,surface_speed,760,0.009035659215541055,0.00794570748721195,0.009760947674406023
training,0.1,surface_speed,770,0.009233178816835823,0.008022709879598982,0.010263600105706249
training,0.1,surface_speed,780,0.009288165186015822,0.007912003059387471,0.01035260942951448
training,0.1,surface_speed,790,0.009409807810748929,0.008113295122756693,0.010340134348588355
training,0.1,surface_speed,800,0.009593372625543679,0.008290789468199514,0.01054704994200203
training,0.1,surface_speed,810,0.009670563613680691,0.008114177189515692,0.01070345413648744
training,0.1,surface_speed,820,0.009760905726594136,0.007996015703491203,0.010724501265513636
training,0.1,surface_speed,830,0.009952893692872462,0.008278940460390731,0.01104470349277503
training,0.1,surface_speed,840,0.0100996703329905,0.00826329233935705,0.011023652176275812
training,0.1,surface_speed,850,0.010181415689268123,0.008141679881630032,0.011020248493782516
training,0.1,surface_speed,860,0.01032350201923093,0.008228365767310387,0.011142248618544662
training,0.1,surface_speed,870,0.01052576180021853,0.008432178271302453,0.01127630327569476
training,0.1,surface_speed,880,0.010692442874394992,0.008610290498568346,0.011717021799423149
training,0.1,surface_speed,890,0.010795540023716027,0.008693097248536473,0.011950831524350579
training,0.1,surface_speed,900,0.011049803399601417,0.009095946573206264,0.012272129337996549
training,0.1,surface_speed,910,0.011211914473453138,0.009465594852189941,0.012628571953256122
training,0.1,surface_speed,920,0.011303335057695305,0.009571626386198077,0.012901252374517811
training,0.1,surface_speed,930,0.011458134050635347,0.009636309115985373,0.01296206367106238
training,0.1,surface_speed,940,0.011724812437282113,0.0099061768365996,0.01322664837247778
training,0.1,surface_speed,950,0.011874897386259192,0.010033256014327165,0.01363150384121877
training,0.1,surface_speed,960,0.01204994424541324,0.010032068415955192,0.013731970503495297
training,0.1,surface_speed,970,0.01232266455279579,0.010144128729977917,0.014039595795849078
training,0.1,surface_speed,980,0.012559749554904933,0.010440778461876086,0.014362086511174743
training,0.1,surface_speed,990,0.01276521605888859,0.010459837911096144,0.014819015052642642
training,0.1,surface_speed,1000,0.013054133056824313,0.010563154406688783,0.015378733331929056
training,0.1,phihyd_surface,0,1.4711145145663378e-09,1.1952336766238244e-09,1.8222471272909608e-09
training,0.1,phihyd_surface,10,0.0018308939693423196,0.001378078476610847,0.002390584175701778
training,0.1,phihyd_surface,20,0.0028740075890971634,0.0021937643528392257,0.0037186145755988584
training,0.1,phihyd_surface,30,0.00379424907443841,0.0028614011651769775,0.004938322432724177
training,0.1,phihyd_surface,40,0.004657434848008251,0.0033191759665953885,0.006081345136158378
training,0.1,phihyd_surface,50,0.00549313329205592,0.00404372789847256,0.007242915565257259
training,0.1,phihyd_surface,60,0.0062515838655836705,0.004543715052671308,0.008292935558837972
training,0.1,phihyd_surface,70,0.007014834132796402,0.005084429505263864,0.009228919928882966
training,0.1,phihyd_surface,80,0.007844130425227244,0.005489246255575576,0.010324555990897663
training,0.1,phihyd_surface,90,0.008668743218076909,0.006669669102121102,0.011245712269912923
training,0.1,phihyd_surface,100,0.009427551910709106,0.007517421852992241,0.012284922756673025
training,0.1,phihyd_surface,110,0.01028184810507219,0.00778912595013645,0.01346126628168399
training,0.1,phihyd_surface,120,0.01114010340068319,0.008169195386531738,0.014511097175988986
training,0.1,phihyd_surface,130,0.011867479690517144,0.009859496340856325,0.014795691137219808
training,0.1,phihyd_surface,140,0.012667726683572193,0.01000186555641723,0.015590926378457695
training,0.1,phihyd_surface,150,0.013579460801654475,0.01034703823664617,0.01689683666243363
training,0.1,phihyd_surface,160,0.014362506374264719,0.0120787980374703,0.016497243438306206
training,0.1,phihyd_surface,170,0.014926989243107902,0.013355311543040439,0.01641786715951581
training,0.1,phihyd_surface,180,0.015930331625817952,0.01296166942954853,0.018867261867868676
training,0.1,phihyd_surface,190,0.01667240643337769,0.01393072213243511,0.019495423193952185
training,0.1,phihyd_surface,200,0.017174608612013004,0.015043880080357234,0.019482283322768894
training,0.1,phihyd_surface,210,0.018093612500777626,0.01607898901261943,0.021379831820419713
training,0.1,phihyd_surface,220,0.019024615212370415,0.016230434372041427,0.02292663447624907
training,0.1,phihyd_surface,230,0.019457336672108284,0.017654795727914,0.02225270510263531
training,0.1,phihyd_surface,240,0.020044468381561844,0.01812260205613868,0.022914996592553874
training,0.1,phihyd_surface,250,0.02114533767078488,0.01744812564606014,0.024787520233034457
training,0.1,phihyd_surface,260,0.021823432091162047,0.0192821745776452,0.024759726126371232
training,0.1,phihyd_surface,270,0.022298102945843477,0.019758748476891255,0.02488719434085259
training,0.1,phihyd_surface,280,0.023359509265229464,0.020446934061057683,0.026158547091623734
training,0.1,phihyd_surface,290,0.02429925837871342,0.019746340479977403,0.026794776023565586
training,0.1,phihyd_surface,300,0.02491959537486544,0.022418962598022597,0.028442504802293708
training,0.1,phihyd_surface,310,0.02578132209716506,0.0235232092987967,0.027740863793437986
training,0.1,phihyd_surface,320,0.026934281685793537,0.02277070537044898,0.030846037918133225
training,0.1,phihyd_surface,330,0.02783416393880342,0.02409274960586163,0.03077234134001171
training,0.1,phihyd_surface,340,0.028187121089608736,0.026143122991927212,0.03014404412494096
training,0.1,phihyd_surface,350,0.02937573341479427,0.02643487829170103,0.03190355563791623
training,0.1,phihyd_surface,360,0.030288010573552827,0.026802200754259084,0.03293627274381861
training,0.1,phihyd_surface,370,0.030472875864214776,0.028022542408066904,0.03307263049140628
training,0.1,phihyd_surface,380,0.03139808291324352,0.029901529426286284,0.03475910032794821
training,0.1,phihyd_surface,390,0.03275554435094917,0.028110630790762387,0.03773309933048455
training,0.1,phihyd_surface,400,0.033064545972634425,0.02968206426359818,0.03797263648805964
training,0.1,phihyd_surface,410,0.03350894891428248,0.030811546447744472,0.03636313397814973
training,0.1,phihyd_surface,420,0.034998300891734835,0.031017902405133028,0.03930582741616066
training,0.1,phihyd_surface,430,0.03571745315827052,0.030548503304576292,0.04029306610783319
training,0.1,phihyd_surface,440,0.036151580940529934,0.03232276219857191,0.04014221691712759
training,0.1,phihyd_surface,450,0.037409241122598545,0.03399422566414516,0.04083602752891814
training,0.1,phihyd_surface,460,0.038620047497340645,0.03390642616489694,0.043106717813371824
training,0.1,phihyd_surface,470,0.0392502736714541,0.03460830482061499,0.043662637289565064
training,0.1,phihyd_surface,480,0.040039291324416186,0.0371943853823433,0.043636741413739924
training,0.1,phihyd_surface,490,0.041348063906829956,0.03647633274656913,0.04469528397641174
training,0.1,phihyd_surface,500,0.04232404741209036,0.03723874923563881,0.04778016598487152
training,0.1,phihyd_surface,510,0.042799148778580404,0.0385230858532224,0.046780566241271845
training,0.1,phihyd_surface,520,0.04393922704169327,0.0414985952915671,0.04827730564191854
training,0.1,phihyd_surface,530,0.045163992850016266,0.04067749238328288,0.04998717227063634
training,0.1,phihyd_surface,540,0.04566341292918712,0.04046814678050116,0.049878654260658635
training,0.1,phihyd_surface,550,0.04655668749271414,0.04269932891453116,0.05045343759674847
training,0.1,phihyd_surface,560,0.04841994913087018,0.04322929424043047,0.05362408440664012
training,0.1,phihyd_surface,570,0.049315268081907754,0.04258691541770452,0.05574903493298531
training,0.1,phihyd_surface,580,0.04983201185747067,0.0432928090454223,0.05525204415107993
training,0.1,phihyd_surface,590,0.05144846466077909,0.04598866701148903,0.05697986980373556
training,0.1,phihyd_surface,600,0.05295085420366062,0.045670387363176725,0.05997511710931917
training,0.1,phihyd_surface,610,0.053627362666041456,0.04509840616564325,0.06072192816704611
training,0.1,phihyd_surface,620,0.054696651425980694,0.04817809217825819,0.06195030192139302
training,0.1,phihyd_surface,630,0.05619580094473745,0.04812320970953691,0.06519654706520188
training,0.1,phihyd_surface,640,0.05731003068754385,0.04878068128399819,0.06629823834433811
training,0.1,phihyd_surface,650,0.058497834217579855,0.05059270773567478,0.0661528203492162
training,0.1,phihyd_surface,660,0.06006889953379474,0.053495244631238156,0.06801207794195188
training,0.1,phihyd_surface,670,0.06119061945142194,0.05277033633806717,0.07012854881311026
training,0.1,phihyd_surface,680,0.062138055893798526,0.05251846333154173,0.07165261265994773
training,0.1,phihyd_surface,690,0.06367536026295735,0.05385649243097028,0.07269988786093644
training,0.1,phihyd_surface,700,0.0653179697027096,0.055502031215031486,0.07424539375536511
training,0.1,phihyd_surface,710,0.0662988415221423,0.05705879219116531,0.0752231760911208
training,0.1,phihyd_surface,720,0.06751359883180036,0.05872990760205272,0.07628536689335387
training,0.1,phihyd_surface,730,0.06955055571846755,0.05928531353577489,0.0791524390597142
training,0.1,phihyd_surface,740,0.07116047022269589,0.06016536335016879,0.08197824950197051
training,0.1,phihyd_surface,750,0.07231431504095225,0.06224067815751024,0.08336547607573883
training,0.1,phihyd_surface,760,0.07401223799075203,0.06343582968583208,0.08501222504445567
training,0.1,phihyd_surface,770,0.07601369415839705,0.0644768095138393,0.0873398901655835
training,0.1,phihyd_surface,780,0.07764286391295291,0.06621891964130165,0.08931834723622346
training,0.1,phihyd_surface,790,0.07934757887395415,0.06737481953211408,0.09124178953879343
training,0.1,phihyd_surface,800,0.08123627738034292,0.06760628668822828,0.09342405176499181
training,0.1,phihyd_surface,810,0.08297304083975318,0.06920308814963763,0.09576234871831078
training,0.1,phihyd_surface,820,0.08482028274228331,0.07181111945288582,0.0976317355113544
training,0.1,phihyd_surface,830,0.08695491314058065,0.07283913457624504,0.09967337892815487
training,0.1,phihyd_surface,840,0.08888608120675351,0.07409042106982619,0.10234369158402816
training,0.1,phihyd_surface,850,0.09065760459032261,0.07678803970916026,0.10521662396135414
training,0.1,phihyd_surface,860,0.09273163517279108,0.07809018551560326,0.10747099083015962
training,0.1,phihyd_surface,870,0.09501545276720455,0.07883035676774194,0.10967098145124589
training,0.1,phihyd_surface,880,0.09699720618187394,0.08112960209729647,0.11169575494654183
training,0.1,phihyd_surface,890,0.09899728517866808,0.08388877036958592,0.11451164035875339
training,0.1,phihyd_surface,900,0.1015375650349846,0.08543921143053755,0.11811086286647265
training,0.1,phihyd_surface,910,0.10397016448648522,0.08674137235226541,0.12143478001964343
training,0.1,phihyd_surface,920,0.1062126824613002,0.08878910408628748,0.12420518905162362
training,0.1,phihyd_surface,930,0.10879610432701618,0.09094495956198535,0.127913257558442
training,0.1,phihyd_surface,940,0.11165605601924118,0.09310983537885119,0.13214470477498877
training,0.1,phihyd_surface,950,0.11434607911033434,0.09541735506685946,0.1361115338271311
training,0.1,phihyd_surface,960,0.1171038125745026,0.09743755869307566,0.14040920566581552
training,0.1,phihyd_surface,970,0.12003341198165456,0.09913691082865442,0.14534940642984978
training,0.1,phihyd_surface,980,0.12288880183589238,0.10168534499481635,0.1502694518510041
training,0.1,phihyd_surface,990,0.12587689579079872,0.10491764272609204,0.15489782441568176
training,0.1,phihyd_surface,1000,0.129212020140757,0.10752418413485873,0.15979394634804447
training,0.1,sst,0,1.1318835574183149e-09,1.0135182918150389e-09,1.2538028943845416e-09
training,0.1,sst,10,0.0038777301303219588,0.003597822165591905,0.004307096059061676
training,0.1,sst,20,0.006292743055641975,0.005870536048703863,0.006763347870363408
training,0.1,sst,30,0.00825584024211609,0.007874293490921662,0.00868702898403552
training,0.1,sst,40,0.010030811114301147,0.009454105981829629,0.010748560078121944
training,0.1,sst,50,0.011756471822551736,0.010933382312788089,0.01233597649072363
training,0.1,sst,60,0.013285517569659058,0.01279919304220145,0.013821903370830852
training,0.1,sst,70,0.014952022664690732,0.013936529428842555,0.015884920717005466
training,0.1,sst,80,0.016721076807280702,0.015603868856308139,0.017891097024772016
training,0.1,sst,90,0.01857974894248348,0.01764379367739789,0.019536864071050576
training,0.1,sst,100,0.0199240526591884,0.01911592401915575,0.021112661380143977
training,0.1,sst,110,0.021742675720838503,0.019592288104736594,0.023545895699049548
training,0.1,sst,120,0.023556616016840802,0.02149297296504052,0.025272484737311505
training,0.1,sst,130,0.025282721227481784,0.023232204975774256,0.026194002584858333
training,0.1,sst,140,0.026947420054717442,0.02535693150717254,0.02832186056377734
training,0.1,sst,150,0.02884008035094928,0.025283619870088442,0.031539107786521636
training,0.1,sst,160,0.03031594011141465,0.027870539103240066,0.03314110512038069
training,0.1,sst,170,0.032027528808877284,0.029964284225886803,0.03521561349312112
training,0.1,sst,180,0.03380450734027736,0.030316571807657823,0.03710589139849938
training,0.1,sst,190,0.03531909283164185,0.030938323812620773,0.039052816916618396
training,0.1,sst,200,0.03656662779589373,0.034022218868420724,0.03984077157452426
training,0.1,sst,210,0.03807083402809805,0.0358566983810384,0.041443105904268814
training,0.1,sst,220,0.04025639117323872,0.03824846730914082,0.04338592382290134
training,0.1,sst,230,0.041343187014170474,0.03936825359993026,0.044065075933485846
training,0.1,sst,240,0.042198613095741876,0.040523458222047705,0.04382152924754728
training,0.1,sst,250,0.044061814299898264,0.04158518762822837,0.04621506875940756
training,0.1,sst,260,0.04587962280979854,0.04363434221546874,0.04763293430408119
training,0.1,sst,270,0.04670964014077579,0.0449207192946053,0.05018645101046735
training,0.1,sst,280,0.04794168792627089,0.04558136891482901,0.05056459451326413
training,0.1,sst,290,0.04918102732018933,0.045382927788896466,0.051272356596217435
training,0.1,sst,300,0.05049861937369397,0.04844178078597499,0.053434307952315255
training,0.1,sst,310,0.052029318460728204,0.04878781518509542,0.05423138916763902
training,0.1,sst,320,0.05299608447312114,0.04970383267638067,0.05624140856787507
training,0.1,sst,330,0.054030055024511935,0.04993283351759144,0.05770201080925425
training,0.1,sst,340,0.05482208713081673,0.05296229211353548,0.05727294980316632
training,0.1,sst,350,0.05586135815057355,0.052414398803904035,0.05822379394997284
training,0.1,sst,360,0.056952007571384744,0.05273713763119684,0.059613258471265335
training,0.1,sst,370,0.057790600518071424,0.05480698764223657,0.060143564375948325
training,0.1,sst,380,0.0582347380801533,0.05710017399595114,0.05983571064081844
training,0.1,sst,390,0.05993326816663271,0.057364204478163414,0.06294909012008092
training,0.1,sst,400,0.06145180582773503,0.05836311798076537,0.06481218627183893
training,0.1,sst,410,0.06127712254899535,0.060044499192501384,0.06315451084902216
training,0.1,sst,420,0.06216270247038304,0.060078334327598126,0.06400850078950189
training,0.1,sst,430,0.06362155178304844,0.05985747953352571,0.0664603351320894
training,0.1,sst,440,0.06405590152103699,0.061311721749442875,0.06656480952120195
training,0.1,sst,450,0.06434422413146715,0.06194391766176677,0.06691012938765892
training,0.1,sst,460,0.06516609382447934,0.06041983496246178,0.06839282084169526
training,0.1,sst,470,0.06574134090821518,0.06188692939330061,0.07048808350423692
training,0.1,sst,480,0.06612310292438692,0.06308296114319578,0.06981076333260815
training,0.1,sst,490,0.0669096162946022,0.0630170557809255,0.07086564257328272
training,0.1,sst,500,0.06755740364266732,0.06390279797558931,0.07285335969109132
training,0.1,sst,510,0.06794063844593562,0.06401160121873527,0.07278434416312578
training,0.1,sst,520,0.06831168111228048,0.062420417391335366,0.07265990645384306
training,0.1,sst,530,0.06940178641968162,0.062185572037802714,0.0727845851997907
training,0.1,sst,540,0.0700490989508172,0.06445867182968798,0.07428487682108956
training,0.1,sst,550,0.07022045074618846,0.06723765665136815,0.07370824253440421
training,0.1,sst,560,0.07171408831780976,0.06720954780849472,0.07559161841842986
training,0.1,sst,570,0.07286385536621162,0.0668805612928711,0.07663643237945014
training,0.1,sst,580,0.07296366857726018,0.06774405590081549,0.07690932525585374
training,0.1,sst,590,0.07355158734329637,0.06794227396552013,0.07667667098642612
training,0.1,sst,600,0.07517840388859512,0.0699737692753376,0.07999914358417037
training,0.1,sst,610,0.07556596295785432,0.07031733928867082,0.08253982734565715
training,0.1,sst,620,0.07589787752218821,0.07055474776908863,0.08263769352467756
training,0.1,sst,630,0.07695134003437588,0.07025773838641007,0.08322536487770091
training,0.1,sst,640,0.0780880548524668,0.06972336050039533,0.08570353378534716
training,0.1,sst,650,0.07886038562911675,0.07024342754095536,0.08729013273054274
training,0.1,sst,660,0.08019140291707794,0.07111520003058718,0.0885526987221619
training,0.1,sst,670,0.08132042565442468,0.07003443524200798,0.08871495393367636
training,0.1,sst,680,0.08240048611874062,0.07239506018191638,0.08858992997313636
training,0.1,sst,690,0.0835259411110449,0.0736626602976031,0.09071654933943266
training,0.1,sst,700,0.08511333450283005,0.07247542051310954,0.09180269539246262
training,0.1,sst,710,0.08637396647670267,0.07594057109544151,0.09208994121300824
training,0.1,sst,720,0.08700630474733856,0.07984054498194047,0.09253485086758236
training,0.1,sst,730,0.08865888477040622,0.07982261691642781,0.09558304912569048
training,0.1,sst,740,0.09047567742389032,0.07988279196461136,0.09755226557796959
training,0.1,sst,750,0.09129764143782534,0.08188907622603744,0.09702117154406534
training,0.1,sst,760,0.09224344379571114,0.08358783417378504,0.09830394058311459
training,0.1,sst,770,0.09440239756600252,0.08492712483136164,0.10139325863195968
training,0.1,sst,780,0.0957988651879571,0.0845793937940504,0.10283445841444394
training,0.1,sst,790,0.09690862854507375,0.0839270874269626,0.10400296439245225
training,0.1,sst,800,0.09836898338696023,0.08377984405643099,0.1049281664534509
training,0.1,sst,810,0.10015790015750814,0.08451009372241748,0.10877403144640768
training,0.1,sst,820,0.10176344376085807,0.08614052010943454,0.11215524175182418
training,0.1,sst,830,0.10357336052489188,0.08654021238696406,0.11350304908655008
training,0.1,sst,840,0.1052966484256526,0.08659155638773335,0.11547781185217539
training,0.1,sst,850,0.10692766943675769,0.08844191152643836,0.11877273714613197
training,0.1,sst,860,0.10866918820749619,0.09065146114809415,0.12099114847854267
training,0.1,sst,870,0.11080944629181164,0.09115895479395408,0.12286541363268065
training,0.1,sst,880,0.11277836363569474,0.09302645098347713,0.12423959191314018
training,0.1,sst,890,0.11447017213189889,0.09538579469013224,0.12587218497537053
training,0.1,sst,900,0.1166565433592353,0.09641215255011236,0.1285968372672131
training,0.1,sst,910,0.11933520015912324,0.09893305179795277,0.13221966600676927
training,0.1,sst,920,0.12163187611157462,0.10108096755024618,0.13490874024622027
training,0.1,sst,930,0.12401284604808245,0.10250342446017048,0.13849591575267728
training,0.1,sst,940,0.12713570954127823,0.1052060626401363,0.14288041731249865
training,0.1,sst,950,0.12998326364759089,0.10749621876701426,0.14699591860739
training,0.1,sst,960,0.1325488647851988,0.10928542158420822,0.15140989876949207
training,0.1,sst,970,0.13528043604130963,0.11041549553473604,0.15485292868158518
training,0.1,sst,980,0.13834042738942248,0.11177143875319721,0.15850244099674934
training,0.1,sst,990,0.1414221398692939,0.11338387697823789,0.16241764330499878
training,0.1,sst,1000,0.14451131707527728,0.1154533928848164,0.16694829745792822
training,0.2,surface_speed,0,1.213457367124317e-10,1.0134465186999056e-10,1.3964699126898203e-10
training,0.2,surface_speed,10,0.0007961039671263355,0.0007069107706954659,0.0009402294925227352
training,0.2,surface_speed,20,0.0012694488974349881,0.001126951671062146,0.0014083322184815052
training,0.2,surface_speed,30,0.0015826376417575547,0.0013359795880344572,0.0017244342814125302
training,0.2,surface_speed,40,0.001931374124072241,0.0017093582814312173,0.0021103661767519874
training,0.2,surface_speed,50,0.0021714817543962497,0.001935848410736062,0.002406232888762775
training,0.2,surface_speed,60,0.002351461059127278,0.0021286941406054266,0.0025854521832574784
training,0.2,surface_speed,70,0.0025770417674360986,0.0023492591028667137,0.002768314345067809
training,0.2,surface_speed,80,0.002775764524195783,0.0023604533666676795,0.0032598378378248375
training,0.2,surface_speed,90,0.002909569984498605,0.002461583500359744,0.003197503724353515
training,0.2,surface_speed,100,0.0031413017969726354,0.0026694736686238363,0.0034840889668962876
training,0.2,surface_speed,110,0.0034209481983378852,0.0027409641432517714,0.00384183331416408
training,0.2,surface_speed,120,0.00357086197407079,0.0027100442468088,0.004017169643853145
training,0.2,surface_speed,130,0.0037401787041813754,0.0029703937787439664,0.004291512988230685
training,0.2,surface_speed,140,0.003949110866042257,0.0031522808297294123,0.004912087398390676
training,0.2,surface_speed,150,0.004151726031788515,0.003161258643124943,0.005666959219051587
training,0.2,surface_speed,160,0.004360636213516642,0.0035567901353731543,0.006360631784294836
training,0.2,surface_speed,170,0.004465186403047876,0.00347512245720718,0.006435358472989592
training,0.2,surface_speed,180,0.004695546937010988,0.0034362977989410982,0.006514698147930907
training,0.2,surface_speed,190,0.0047719958939864025,0.0037595305309513936,0.006756177593755175
training,0.2,surface_speed,200,0.004827384373497215,0.0040056290705158875,0.006596139795663984
training,0.2,surface_speed,210,0.004892585955575878,0.0038460332547160113,0.006356102341306936
training,0.2,surface_speed,220,0.004956429369862032,0.004155808093913419,0.006315964096246955
training,0.2,surface_speed,230,0.0049277539638674425,0.004106885493906032,0.005983113944863959
training,0.2,surface_speed,240,0.005035526496695679,0.004428272922923984,0.005783502823404805
training,0.2,surface_speed,250,0.005146857353855316,0.004361563648561386,0.005924179802691794
training,0.2,surface_speed,260,0.005192433475126488,0.004674449882091273,0.005910796977106188
training,0.2,surface_speed,270,0.005275291316373573,0.0044961549317969985,0.006342102110527642
training,0.2,surface_speed,280,0.005438912238425658,0.004658486647173888,0.006421931990983732
training,0.2,surface_speed,290,0.005502142304919961,0.004842487454628199,0.006433294437788063
training,0.2,surface_speed,300,0.005471272268872173,0.005023489216637876,0.006316876217071097
training,0.2,surface_speed,310,0.005501447411854306,0.00472105597432222,0.0064683632036018
training,0.2,surface_speed,320,0.005605338450032507,0.004727703844952183,0.006555363065673943
training,0.2,surface_speed,330,0.005602384178126765,0.004988676208458014,0.00631296994578268
training,0.2,surface_speed,340,0.00556114126133456,0.004977413649809435,0.006287378139752021
training,0.2,surface_speed,350,0.005679398991617025,0.005016708979068508,0.006346472591323606
training,0.2,surface_speed,360,0.005732093982397724,0.005149975330389998,0.00619383237476031
training,0.2,surface_speed,370,0.0057440025174219315,0.005404876649048219,0.0061241081261556515
training,0.2,surface_speed,380,0.005823669434908264,0.005399357199803415,0.006487742395359728
training,0.2,surface_speed,390,0.0059514339102936225,0.00543160009294671,0.006578511826125638
training,0.2,surface_speed,400,0.005946650242623583,0.005595135427040152,0.006388546792663777
training,0.2,surface_speed,410,0.00599069704427094,0.0055885333468652775,0.006469795289966152
training,0.2,surface_speed,420,0.00612420931912621,0.005608395132546279,0.006740641910876997
training,0.2,surface_speed,430,0.006148495579044383,0.005824367506619011,0.006556741844341897
training,0.2,surface_speed,440,0.006127797923115922,0.005703284473699114,0.006583110334896609
training,0.2,surface_speed,450,0.0062750525102978185,0.005833270340586428,0.006773532084030992
training,0.2,surface_speed,460,0.006346593244025955,0.00585948067265189,0.006838174149572753
training,0.2,surface_speed,470,0.006355475219580397,0.005908546058433824,0.00676035405313582
training,0.2,surface_speed,480,0.006420465800507695,0.005863175720290276,0.0069048292776399635
training,0.2,surface_speed,490,0.006583363035738967,0.006011182580355594,0.007168990106117422
training,0.2,surface_speed,500,0.006618246825171136,0.006140591166410607,0.0072594847504124935
training,0.2,surface_speed,510,0.006637983838001715,0.0059878072955976535,0.007054455978677791
training,0.2,surface_speed,520,0.006843165770034866,0.00612433370393955,0.007351929404618435
training,0.2,surface_speed,530,0.006975271838828859,0.0062984644594848305,0.007642658487150438
training,0.2,surface_speed,540,0.007054341014003332,0.006455766054496229,0.0074408666148259705
training,0.2,surface_speed,550,0.007207618892003317,0.00647972893281609,0.007892890521450825
training,0.2,surface_speed,560,0.0074522900202506695,0.00683050257171993,0.008482681185362492
training,0.2,surface_speed,570,0.007501361990712743,0.0067796844794995575,0.008644553682356473
training,0.2,surface_speed,580,0.007518197939235635,0.006947865398601378,0.008391774588895652
training,0.2,surface_speed,590,0.007682457476970267,0.007125502761821742,0.008363297630134936
training,0.2,surface_speed,600,0.007776140704718421,0.007119548400271811,0.008392885880959202
training,0.2,surface_speed,610,0.007798033722645747,0.007225211962951976,0.008291422487240336
training,0.2,surface_speed,620,0.007905863987919298,0.007427041516072021,0.008426765644886028
training,0.2,surface_speed,630,0.008055256095058073,0.007450120131199116,0.008595486542643924
training,0.2,surface_speed,640,0.00809587112813527,0.007413977643207606,0.008490988756627961
training,0.2,surface_speed,650,0.00819109948622014,0.007460076693983677,0.00884228375506812
training,0.2,surface_speed,660,0.008388333854196005,0.007683143350192643,0.008959945502022157
training,0.2,surface_speed,670,0.008470853410701355,0.007615245070582919,0.009209255391845798
training,0.2,surface_speed,680,0.008484026602939397,0.007626011378965279,0.009180264744408325
training,0.2,surface_speed,690,0.008651743783291232,0.007835809746894769,0.009272526324197884
training,0.2,surface_speed,700,0.008814347329909492,0.00800521197315113,0.009486243932019767
training,0.2,surface_speed,710,0.008896013974017253,0.008129738822198893,0.009424363959933447
training,0.2,surface_speed,720,0.008956929554249619,0.008237094159203455,0.009629438507844352
training,0.2,surface_speed,730,0.009190182503077121,0.008555040588138925,0.010013250212870356
training,0.2,surface_speed,740,0.009294497827819515,0.008507722309821336,0.010089229888976526
training,0.2,surface_speed,750,0.009358936660398987,0.00865109489506008,0.01033805799957067
training,0.2,surface_speed,760,0.009502242663768444,0.008733345063133509,0.01031545387089832
training,0.2,surface_speed,770,0.009659165676829538,0.00883206001378111,0.010469244585942887
training,0.2,surface_speed,780,0.009702411970478574,0.008803365417566896,0.010843410800388623
training,0.2,surface_speed,790,0.00981508439143582,0.008958828438390931,0.010987096313146863
training,0.2,surface_speed,800,0.010001146880564526,0.009089628617850499,0.011107777233675698
training,0.2,surface_speed,810,0.010093155653231555,0.009112322872362157,0.011452867469210355
training,0.2,surface_speed,820,0.010165882395370168,0.009033390102143227,0.011602344034678271
training,0.2,surface_speed,830,0.010348128094770342,0.009230040163117726,0.011824209121061507
training,0.2,surface_speed,840,0.010498562011363153,0.009265857692982608,0.012214357786914763
training,0.2,surface_speed,850,0.010571104900605772,0.009211487896122987,0.012364557062970075
training,0.2,surface_speed,860,0.01072751395811911,0.009274084870197584,0.012395001509355973
training,0.2,surface_speed,870,0.01094250190695163,0.009432158699828556,0.012694299052907929
training,0.2,surface_speed,880,0.011111870458032663,0.009515186017715225,0.012862624878159774
training,0.2,surface_speed,890,0.011210564181716873,0.009565217228864373,0.012801519617289682
training,0.2,surface_speed,900,0.011451391091748232,0.009873818382934139,0.012891167197991707
training,0.2,surface_speed,910,0.011605797626570002,0.01002455509174232,0.013066804369278593
training,0.2,surface_speed,920,0.01169847083386326,0.010043954142202426,0.013001422971469133
training,0.2,surface_speed,930,0.011869675890298595,0.010059543550513606,0.01345470393097744
training,0.2,surface_speed,940,0.012113114303631742,0.010226273833218932,0.013899148831591764
training,0.2,surface_speed,950,0.012218173059355478,0.010221472302243321,0.014100650386222867
training,0.2,surface_speed,960,0.012344520059586759,0.010378764370235605,0.014432345121203248
training,0.2,surface_speed,970,0.012538269294359935,0.010582012678803068,0.014931039717381345
training,0.2,surface_speed,980,0.012690029343635698,0.010687945242837109,0.015308278817573318
training,0.2,surface_speed,990,0.01281044322995455,0.010662288471462026,0.015791371553361265
training,0.2,surface_speed,1000,0.013010786800358812,0.010841150444483982,0.01631429139876033
training,0.2,phihyd_surface,0,1.4711145145663378e-09,1.1952336766238244e-09,1.8222471272909608e-09
training,0.2,phihyd_surface,10,0.002368947022791059,0.0019189002859969688,0.002893764386592561
training,0.2,phihyd_surface,20,0.003792094084756735,0.0031566975825032184,0.004530864735537171
training,0.2,phihyd_surface,30,0.005025879330130094,0.004115462701736645,0.0059439113415126294
training,0.2,phihyd_surface,40,0.006225955202906961,0.004911286772543341,0.007620211461898807
training,0.2,phihyd_surface,50,0.007361204002004226,0.006023568737783612,0.009006274147213873
training,0.2,phihyd_surface,60,0.00832009375508937,0.0067684797432308935,0.010054166572427272
training,0.2,phihyd_surface,70,0.009352445939817648,0.00757501848713252,0.011405575670548822
training,0.2,phihyd_surface,80,0.010595622899497902,0.00826974997252617,0.012768286816226172
training,0.2,phihyd_surface,90,0.011635641624004794,0.009952449230052018,0.013766351203875165
training,0.2,phihyd_surface,100,0.012582664475745669,0.011143239603139869,0.014943365223060672
training,0.2,phihyd_surface,110,0.013873788275538293,0.011516048198482292,0.017140501837563955
training,0.2,phihyd_surface,120,0.015094998861189899,0.012232927961238503,0.018446866345000944
training,0.2,phihyd_surface,130,0.016038464266387407,0.014345173403728326,0.018743652113049018
training,0.2,phihyd_surface,140,0.017209455671292447,0.014076003513908588,0.019797152158613985
training,0.2,phihyd_surface,150,0.01841446224735082,0.015318355934731619,0.021406478281621004
training,0.2,phihyd_surface,160,0.019638244890817617,0.017932092827378635,0.021104052408741587
training,0.2,phihyd_surface,170,0.020544247814013705,0.018787260474753875,0.02183129976249391
training,0.2,phihyd_surface,180,0.02167552913778316,0.01848586267558613,0.02499434280860115
training,0.2,phihyd_surface,190,0.022523793929614438,0.0197066783700898,0.025359621339628574
training,0.2,phihyd_surface,200,0.02308602610455263,0.02069613900117154,0.024714731477206413
training,0.2,phihyd_surface,210,0.024247215654150035,0.021025290044658577,0.026953983401749097
training,0.2,phihyd_surface,220,0.025204574393035462,0.021638613733002306,0.029984946305721853
training,0.2,phihyd_surface,230,0.025283974344439474,0.02272667084144849,0.02827866835142366
training,0.2,phihyd_surface,240,0.02576078304251773,0.02362317657859374,0.028588195711759124
training,0.2,phihyd_surface,250,0.02704507108043443,0.022365836589205202,0.0317765785089746
training,0.2,phihyd_surface,260,0.027542320341194325,0.02455704671944779,0.030522552839851298
training,0.2,phihyd_surface,270,0.027781148924745425,0.025888432475467085,0.02994316581886084
training,0.2,phihyd_surface,280,0.028689701838698612,0.024977117844126744,0.032279089924912026
training,0.2,phihyd_surface,290,0.02946427905837279,0.025197717868010058,0.03371395402413873
training,0.2,phihyd_surface,300,0.029848441499271676,0.028010204041570112,0.03233116865818475
training,0.2,phihyd_surface,310,0.030381160053840638,0.027034920416465817,0.03335365606149995
training,0.2,phihyd_surface,320,0.031226510173123712,0.027442672089298136,0.035039560506088877
training,0.2,phihyd_surface,330,0.03176201309688425,0.02921715437922093,0.03436019382214992
training,0.2,phihyd_surface,340,0.03205208794469208,0.030226991039708127,0.03336835001406518
training,0.2,phihyd_surface,350,0.032878513692936505,0.02851275741011381,0.03599777001772941
training,0.2,phihyd_surface,360,0.03338391905712003,0.02967209207249164,0.03627475586643166
training,0.2,phihyd_surface,370,0.033503771062972816,0.032282759565948775,0.03454617722228289
training,0.2,phihyd_surface,380,0.034334460995046064,0.03229883911121654,0.03754796984781117
training,0.2,phihyd_surface,390,0.03550434385439089,0.03099507362472248,0.03997394516615807
training,0.2,phihyd_surface,400,0.03551283115236164,0.032287997103441914,0.03912776269586595
training,0.2,phihyd_surface,410,0.03563373531620464,0.03368139422790474,0.03836796124484565
training,0.2,phihyd_surface,420,0.036876214100850825,0.0333217810748431,0.040990769957292346
training,0.2,phihyd_surface,430,0.037803956239871137,0.033422134548727694,0.041334243267586016
training,0.2,phihyd_surface,440,0.03798230373629904,0.034782765369240305,0.04059833739549284
training,0.2,phihyd_surface,450,0.03852866132948023,0.034896144970088395,0.041663762379427934
training,0.2,phihyd_surface,460,0.039417118359989824,0.03499504743841305,0.04345874581206789
training,0.2,phihyd_surface,470,0.04021681834787712,0.03605602131502007,0.043527013227254205
training,0.2,phihyd_surface,480,0.04086509193543124,0.03773216460439111,0.04315459595589388
training,0.2,phihyd_surface,490,0.04180059927823635,0.036550634661618446,0.04422423931268402
training,0.2,phihyd_surface,500,0.042532805790810965,0.03862779039317708,0.04601161581700162
training,0.2,phihyd_surface,510,0.04332818949564045,0.039713208053854955,0.04611085782330823
training,0.2,phihyd_surface,520,0.04446501528994119,0.04161517158955617,0.04777860247057037
training,0.2,phihyd_surface,530,0.04551981861338462,0.04129243195741259,0.05010678556853079
training,0.2,phihyd_surface,540,0.046062266862477344,0.04300251541324686,0.04987189873138085
training,0.2,phihyd_surface,550,0.047107469561836326,0.04353740298898539,0.05062589126052498
training,0.2,phihyd_surface,560,0.04884502870348128,0.04347253836258636,0.053878562571611936
training,0.2,phihyd_surface,570,0.050006494604837415,0.04330484595734037,0.05620114446024613
training,0.2,phihyd_surface,580,0.05060937663299013,0.0449929045092931,0.056525456352341866
training,0.2,phihyd_surface,590,0.05190164941822291,0.04665976160350526,0.05779255855358288
training,0.2,phihyd_surface,600,0.05341539195689674,0.046749727439804586,0.059794241064494824
training,0.2,phihyd_surface,610,0.054509551691653294,0.047207177327453144,0.06092228743253066
training,0.2,phihyd_surface,620,0.05543417922337448,0.04955764668334705,0.06213342762341258
training,0.2,phihyd_surface,630,0.05666327311821455,0.05012162175744629,0.06383420560863692
training,0.2,phihyd_surface,640,0.05799943963150463,0.04974706291632441,0.06449792951349512
training,0.2,phihyd_surface,650,0.0594487462963999,0.05183995221335797,0.06546763495582636
training,0.2,phihyd_surface,660,0.06088235110056327,0.05447780182209659,0.06755045060273408
training,0.2,phihyd_surface,670,0.06208696272242161,0.05501286110029707,0.0699256762047526
training,0.2,phihyd_surface,680,0.06326840047447986,0.0550620802966334,0.07092457266828792
training,0.2,phihyd_surface,690,0.06485381248383297,0.056204679704385016,0.07255195366602446
training,0.2,phihyd_surface,700,0.06648362774366187,0.057562513860381505,0.07373428726794233
training,0.2,phihyd_surface,710,0.06766194083401127,0.05876314555770833,0.07603100518869889
training,0.2,phihyd_surface,720,0.06892240096774563,0.06090253804944165,0.07726535899389218
training,0.2,phihyd_surface,730,0.07078190129055775,0.061319337083603695,0.0797153157237263
training,0.2,phihyd_surface,740,0.0724153869154165,0.06205113130352796,0.08241904526752236
training,0.2,phihyd_surface,750,0.0736526943079454,0.0638603641329785,0.08360928747143745
training,0.2,phihyd_surface,760,0.07522224619030801,0.06540590508646543,0.08527350867109439
training,0.2,phihyd_surface,770,0.0770383470417317,0.06652447008639757,0.08823761657335298
training,0.2,phihyd_surface,780,0.07856647613446327,0.06781614709006596,0.09047835754388044
training,0.2,phihyd_surface,790,0.0800654100649246,0.06874794969284935,0.09233426970028602
training,0.2,phihyd_surface,800,0.08175567701067164,0.06957801428655427,0.0944033277603463
training,0.2,phihyd_surface,810,0.08335347535275434,0.07163201115234245,0.09601363446762726
training,0.2,phihyd_surface,820,0.08503031430524705,0.0741331451800403,0.09765311065159972
training,0.2,phihyd_surface,830,0.08689036862097471,0.07528412406206275,0.10024424267033298
training,0.2,phihyd_surface,840,0.08865503232700625,0.07674135108288525,0.10302948340259926
training,0.2,phihyd_surface,850,0.0902845919519939,0.07926459591069628,0.10488462370787792
training,0.2,phihyd_surface,860,0.09219217717775113,0.08044389483701757,0.10716635969306809
training,0.2,phihyd_surface,870,0.0943033558371212,0.08132243778183272,0.11022689999052622
training,0.2,phihyd_surface,880,0.09608013303149263,0.08355424602295827,0.11235948819549166
training,0.2,phihyd_surface,890,0.09786150253022183,0.08598051667939811,0.11425660273021082
training,0.2,phihyd_surface,900,0.10019508631604397,0.08730968614140057,0.11714561654118497
training,0.2,phihyd_surface,910,0.10244618723642247,0.08865779097937698,0.12023467209972324
training,0.2,phihyd_surface,920,0.10434428847563364,0.09063460946399654,0.12245286317116737
training,0.2,phihyd_surface,930,0.10658312170423798,0.09253516078458021,0.1251393708205191
training,0.2,phihyd_surface,940,0.10919869934478801,0.0943688767629138,0.1289536549743872
training,0.2,phihyd_surface,950,0.11151998000687993,0.09633855978695188,0.13316714835249996
training,0.2,phihyd_surface,960,0.11381205241543697,0.09807749202565572,0.13657156708101334
training,0.2,phihyd_surface,970,0.11639605794090968,0.09950153509964789,0.1396369531908499
training,0.2,phihyd_surface,980,0.11898274749499212,0.10172851439554542,0.14351803828511966
training,0.2,phihyd_surface,990,0.1216205867900028,0.10453388858384494,0.14713067836487462
training,0.2,phihyd_surface,1000,0.12456619951116303,0.10640517232868747,0.15022429732142958
training,0.2,sst,0,1.1318835574183149e-09,1.0135182918150389e-09,1.2538028943845416e-09
training,0.2,sst,10,0.006184994100736584,0.005882749207690637,0.006635405674661006
training,0.2,sst,20,0.010277280273860455,0.00969109761717753,0.010978588848920329
training,0.2,sst,30,0.013552331929052166,0.012911002408074334,0.014272154709515908
training,0.2,sst,40,0.016437361462620263,0.01569537296269601,0.01706917398582549
training,0.2,sst,50,0.019019523199080825,0.018236318279960136,0.01960461944897238
training,0.2,sst,60,0.021130641745681192,0.020433278744028123,0.021813337918740287
training,0.2,sst,70,0.023444063864353194,0.02231615072043947,0.024501442144146773
training,0.2,sst,80,0.025892441852007515,0.024546454497397018,0.02692486643719802
training,0.2,sst,90,0.02845415043458972,0.02709951312470585,0.029476365356734476
training,0.2,sst,100,0.03029698855512846,0.029197253111570225,0.031387338145438606
training,0.2,sst,110,0.0327093004329306,0.030532377520087948,0.034740925281781486
training,0.2,sst,120,0.035084463574401335,0.03267819530123364,0.03781719129048982
training,0.2,sst,130,0.037175657137524576,0.034417598700366724,0.03986769754383813
training,0.2,sst,140,0.03927019363305566,0.037151614826842504,0.04196391649203373
training,0.2,sst,150,0.041341042119285756,0.03839631971407779,0.04413732969987319
training,0.2,sst,160,0.042936878335015964,0.040099449715913164,0.04558407997871551
training,0.2,sst,170,0.04478911492487838,0.042418813240254996,0.047236017117667055
training,0.2,sst,180,0.046536688743669716,0.04266168791651328,0.0495151310456173
training,0.2,sst,190,0.04789063609952788,0.043968979050831865,0.05075501930890784
training,0.2,sst,200,0.04903580567425781,0.0472742667772451,0.05179583995888175
training,0.2,sst,210,0.05002136325293194,0.04737043744468585,0.05221427615571881
training,0.2,sst,220,0.05174653660543129,0.049066332570516104,0.05472640284681893
training,0.2,sst,230,0.052715152381037814,0.05022566460219693,0.056000423097279595
training,0.2,sst,240,0.0529695415447776,0.051061985000963026,0.055061309109959766
training,0.2,sst,250,0.05436040124832956,0.050876751213110305,0.0580060340357533
training,0.2,sst,260,0.055791906105304157,0.05147257214269779,0.05795249849637553
training,0.2,sst,270,0.05609700650035215,0.053447175829772355,0.0608152452040439
training,0.2,sst,280,0.05675945260396651,0.054732164934216905,0.0597811840180632
training,0.2,sst,290,0.05755941370051045,0.05268890110278037,0.06079030941768834
training,0.2,sst,300,0.05809604476056698,0.05461832884948703,0.06225584593315019
training,0.2,sst,310,0.05849879203072285,0.05603516797024212,0.061331212159762075
training,0.2,sst,320,0.058957087677765196,0.056145148720266075,0.06257434605479198
training,0.2,sst,330,0.059225411257489965,0.054759852270136744,0.0633219543019459
training,0.2,sst,340,0.059506851397706596,0.05675925691179144,0.06334177934498995
training,0.2,sst,350,0.060064078888013905,0.05617982253135973,0.06315927704495687
training,0.2,sst,360,0.060681098949319924,0.057984896516549464,0.06319382691975421
training,0.2,sst,370,0.06086366542265933,0.058456021097491546,0.06243045315705282
training,0.2,sst,380,0.06121082970366863,0.05901992750029449,0.06302281411780349
training,0.2,sst,390,0.0625387288229817,0.06026100670708405,0.0647417620207596
training,0.2,sst,400,0.0630063904429611,0.0604059417134509,0.06585343772663355
training,0.2,sst,410,0.06268820295679997,0.0595523655000408,0.06524558617433489
training,0.2,sst,420,0.06349355258031754,0.06101750658582518,0.06657374618330555
training,0.2,sst,430,0.06480755622950937,0.06035016755241077,0.06746262532402134
training,0.2,sst,440,0.06488817635746036,0.06150400531349516,0.06853074273102384
training,0.2,sst,450,0.06483223055386164,0.06172370256917473,0.06864981426267269
training,0.2,sst,460,0.06543697933338964,0.06131826205042708,0.0684982113345123
training,0.2,sst,470,0.06613985624311872,0.06185220542446021,0.07103259712174857
training,0.2,sst,480,0.0669621286143243,0.0641135069730502,0.07179447035134065
training,0.2,sst,490,0.06754164208338624,0.06319069392047312,0.07302297934805033
training,0.2,sst,500,0.0678922625978151,0.06393634023290408,0.07255147718870768
training,0.2,sst,510,0.0685013857178942,0.06536610473397779,0.07226906670046565
training,0.2,sst,520,0.06951099945833522,0.06414349331911848,0.07384730657112598
training,0.2,sst,530,0.07046715478564466,0.0657368434909661,0.07334732785102381
training,0.2,sst,540,0.07099881491407711,0.06663795313746108,0.07411537625506835
training,0.2,sst,550,0.07125707725046805,0.06802045830116504,0.0732395764045613
training,0.2,sst,560,0.07275670568819834,0.06783567758485334,0.07575258773877268
training,0.2,sst,570,0.07408570929519961,0.06739205832134866,0.07706790401305633
training,0.2,sst,580,0.07453977243871698,0.06960984373449912,0.07768866570537661
training,0.2,sst,590,0.07517460087834685,0.07125472582202806,0.07849214629910749
training,0.2,sst,600,0.07687488193262923,0.07199668682487995,0.08211633194428261
training,0.2,sst,610,0.07783095209147006,0.07073917842048152,0.0832606953187067
training,0.2,sst,620,0.07820049341050513,0.07101645723956446,0.08402279560792743
training,0.2,sst,630,0.07899661447295145,0.07311490982331609,0.08543936956136267
training,0.2,sst,640,0.08016223585906783,0.07231918930404509,0.08808377253894853
training,0.2,sst,650,0.08126112001047847,0.07245280205615415,0.08954380813496768
training,0.2,sst,660,0.08248195678734481,0.0717986253998123,0.08936798359349507
training,0.2,sst,670,0.08364327243576186,0.0730874883984836,0.08994052136352361
training,0.2,sst,680,0.08478229662862874,0.07338948343157763,0.09030889900494896
training,0.2,sst,690,0.08590307975572672,0.07301421622985985,0.09142193167172286
training,0.2,sst,700,0.08754945007406838,0.07483189189070844,0.0943762006584336
training,0.2,sst,710,0.08898388896029172,0.07679711843241212,0.09528656861939303
training,0.2,sst,720,0.08966269671885048,0.07849167285846115,0.09592163980818254
training,0.2,sst,730,0.09100116892338325,0.07883923723380755,0.09931195360728612
training,0.2,sst,740,0.09281692425576922,0.08103136010688522,0.10155588512504225
training,0.2,sst,750,0.09384133389833008,0.08146733309651571,0.10195210486822374
training,0.2,sst,760,0.09471758310761598,0.0819747344363742,0.1038258974421389
training,0.2,sst,770,0.09662693261218969,0.08351670774288514,0.10682273695185468
training,0.2,sst,780,0.09808134469086369,0.0852361587078268,0.10876250934707857
training,0.2,sst,790,0.09911756685400915,0.08618088569598537,0.1102102983703819
training,0.2,sst,800,0.10052633655489251,0.08565273490515823,0.11109964118590972
training,0.2,sst,810,0.10227375237973672,0.085607142310345,0.11215715907871596
training,0.2,sst,820,0.10393533409213004,0.08570463836065767,0.11329115250554427
training,0.2,sst,830,0.10569422752876363,0.08605771002413767,0.11550545816244899
training,0.2,sst,840,0.10757124008209595,0.08835598206645323,0.11869577671347964
training,0.2,sst,850,0.10951895268415741,0.0900704704804754,0.12025697770802983
training,0.2,sst,860,0.11138289348287164,0.09125215450260873,0.12235638366379578
training,0.2,sst,870,0.11350590647642081,0.09260569438182693,0.12484807408924771
training,0.2,sst,880,0.11562169962860083,0.09503350918239031,0.12768493239714532
training,0.2,sst,890,0.11735585605747871,0.09674570698954622,0.13134046519384812
training,0.2,sst,900,0.11946866906626208,0.0977102421229324,0.13470364557064332
training,0.2,sst,910,0.12224976710083327,0.10073624567370544,0.1380201302733534
training,0.2,sst,920,0.12459532667339142,0.10252047751455853,0.14125284123673892
training,0.2,sst,930,0.1267508458933472,0.10339080404113987,0.14454299660362574
training,0.2,sst,940,0.1297497367740722,0.10572077186538165,0.14804551834203292
training,0.2,sst,950,0.1324988713484087,0.10790091021856905,0.1514605671049109
training,0.2,sst,960,0.13484403936188077,0.10965316135625676,0.15317530282938277
training,0.2,sst,970,0.13746397852159953,0.11027090444784372,0.15600252364111586
training,0.2,sst,980,0.1404228302975182,0.11120822459732811,0.15899815793536087
training,0.2,sst,990,0.1432589070444171,0.112453079661291,0.1606548896562815
training,0.2,sst,1000,0.1462899580802755,0.11397669193461492,0.16295296853860022
