metric,model_or_method,field,lead_days,mean,p10,p90
rmse,model,surface_speed,0,0.0,0.0,0.0
rmse,model,surface_speed,10,0.0006351075096366306,0.0005372041719965637,0.0007098993402905763
rmse,model,surface_speed,20,0.0008301888049269716,0.000706936209462583,0.0009208708303049207
rmse,model,surface_speed,30,0.0009260762211245795,0.0007941263145767152,0.0010538804344832897
rmse,model,surface_speed,40,0.0010032196956065794,0.0007955658249557019,0.0011988127138465644
rmse,model,surface_speed,50,0.0011093896386834483,0.0009121421026065946,0.0013055816758424043
rmse,model,surface_speed,60,0.0011908379344580074,0.0008372367126867176,0.0014053989900276065
rmse,model,surface_speed,70,0.0012421160393084089,0.0009485551272518933,0.0014151333831250667
rmse,model,surface_speed,80,0.0012872479118717214,0.0010334552498534322,0.0014640979701653124
rmse,model,surface_speed,90,0.001362845414162924,0.0011031253030523657,0.0016804843209683893
rmse,model,surface_speed,100,0.0014247867356364926,0.001171200955286622,0.0018810735549777743
rmse,model,surface_speed,110,0.0014966402590895693,0.0011541965650394559,0.0019286393653601406
rmse,model,surface_speed,120,0.0015873015314961474,0.0011988651007413865,0.002101284358650446
rmse,model,surface_speed,130,0.0016786650987342,0.0012172739254310728,0.002239940734580159
rmse,model,surface_speed,140,0.0017284112516790628,0.0012285924050956965,0.002472722763195634
rmse,model,surface_speed,150,0.0018026407031963268,0.0012801250442862511,0.0029195751994848247
rmse,model,surface_speed,160,0.0018707643263041972,0.001244876137934625,0.0028548313770443198
rmse,model,surface_speed,170,0.0019476124551147222,0.0013093347195535898,0.0027667067945003508
rmse,model,surface_speed,180,0.0020065317551294965,0.0013991009909659624,0.003140544611960649
rmse,model,surface_speed,190,0.0020933367079123853,0.00145355979911983,0.003376896725967526
rmse,model,surface_speed,200,0.002159839069160322,0.0015049502719193697,0.0031401301268488167
rmse,model,surface_speed,210,0.002200671937316656,0.0015317160869017243,0.0031469158828258516
rmse,model,surface_speed,220,0.002266977704130113,0.0016007451573386788,0.0035290594212710855
rmse,model,surface_speed,230,0.0023332465440034865,0.0016674863873049617,0.0036925203166902065
rmse,model,surface_speed,240,0.00237039173177133,0.0017033746466040612,0.00385750001296401
rmse,model,surface_speed,250,0.002388178665811817,0.0017569572431966663,0.0038089572452008717
rmse,model,surface_speed,260,0.002397980362487336,0.0018379485467448831,0.003617332596331834
rmse,model,surface_speed,270,0.0023818207283814747,0.0018344430718570948,0.003445389214903116
rmse,model,surface_speed,280,0.0023874297039583325,0.001890443661250174,0.0032762737479060883
rmse,model,surface_speed,290,0.0024041698314249517,0.0019734052941203116,0.003210913063958287
rmse,model,surface_speed,300,0.002447469144438704,0.0020262259524315594,0.003203781833872199
rmse,model,surface_speed,310,0.0024801129940897225,0.002069318061694503,0.003226721566170454
rmse,model,surface_speed,320,0.0025325212627649307,0.0021495151333510874,0.0032355778850615023
rmse,model,surface_speed,330,0.002553711583216985,0.0021983178332448004,0.0032788032200187444
rmse,model,surface_speed,340,0.0026004829599211615,0.002290567010641098,0.0033123068045824763
rmse,model,surface_speed,350,0.0026351855757335823,0.002360387472435832,0.003283212473616004
rmse,model,surface_speed,360,0.002675588537628452,0.002441541710868478,0.0032617744524031877
rmse,model,surface_speed,370,0.002734072506427765,0.00253175119869411,0.0032322817016392945
rmse,model,surface_speed,380,0.002764822201182445,0.002561805071309209,0.0032465948723256585
rmse,model,surface_speed,390,0.0028101535979658367,0.0026255565229803325,0.003302569594234228
rmse,model,surface_speed,400,0.0028650782847156127,0.002694989461451769,0.003327307244762778
rmse,model,surface_speed,410,0.0029323124947647256,0.002679240657016635,0.003343618242070079
rmse,model,surface_speed,420,0.0029885227171083293,0.0026838140562176704,0.0033869347069412467
rmse,model,surface_speed,430,0.0030665665244062742,0.002702094102278352,0.00350283095613122
rmse,model,surface_speed,440,0.0031283022835850716,0.002755742846056819,0.0035994214937090873
rmse,model,surface_speed,450,0.003217461441333095,0.0027606846299022434,0.003689354099333286
rmse,model,surface_speed,460,0.003294325045620402,0.002738107228651643,0.0037662682589143515
rmse,model,surface_speed,470,0.003392418706789613,0.002781524881720543,0.003880145726725459
rmse,model,surface_speed,480,0.0034894502256065606,0.002846396528184414,0.004039335809648037
rmse,model,surface_speed,490,0.0036239140046139557,0.0029365773778408768,0.004307421110570431
rmse,model,surface_speed,500,0.0037183351504306,0.0029648650903254747,0.004640115424990654
rmse,model,surface_speed,510,0.003822205386434992,0.00303235980682075,0.004925030097365379
rmse,model,surface_speed,520,0.003884116591264804,0.0030992344953119757,0.005021598655730486
rmse,model,surface_speed,530,0.003945418074727059,0.003162017138674855,0.0049952264875173565
rmse,model,surface_speed,540,0.004022252451007565,0.003230391861870885,0.004880091920495033
rmse,model,surface_speed,550,0.004082992967839042,0.0033100367058068515,0.004874529782682657
rmse,model,surface_speed,560,0.004125137565036615,0.003401530347764492,0.004889204632490873
rmse,model,surface_speed,570,0.0041631156578660015,0.003474130015820265,0.00492306612432003
rmse,model,surface_speed,580,0.004239313878739873,0.0036181171890348196,0.004940234217792749
rmse,model,surface_speed,590,0.004338371800258756,0.0036476895678788424,0.0050021478906273845
rmse,model,surface_speed,600,0.004458225735773643,0.0037273341324180363,0.005099258851259947
rmse,model,surface_speed,610,0.004590252259125312,0.0037958706263452767,0.0051704584620893
rmse,model,surface_speed,620,0.004723537418370446,0.003931329911574721,0.005264073237776756
rmse,model,surface_speed,630,0.004781480723371108,0.0039403242990374565,0.00534192705526948
rmse,model,surface_speed,640,0.004797085747122764,0.003987651504576206,0.005243507120758295
rmse,model,surface_speed,650,0.00478272819891572,0.004098914004862309,0.005085490364581347
rmse,model,surface_speed,660,0.004787950838605563,0.004279502667486668,0.005072034988552332
rmse,model,surface_speed,670,0.004748391266912222,0.004278196394443512,0.005147055070847273
rmse,model,surface_speed,680,0.004742430585126082,0.004373181890696287,0.005165703874081373
rmse,model,surface_speed,690,0.004732767647753159,0.004340992029756308,0.005144654773175716
rmse,model,surface_speed,700,0.004749265561501185,0.004411353357136249,0.005105912033468485
rmse,model,surface_speed,710,0.004778304727127155,0.004437682032585144,0.005235697422176599
rmse,model,surface_speed,720,0.004790731146931649,0.004505754914134741,0.005204162746667862
rmse,model,surface_speed,730,0.004795240517705679,0.004476021789014339,0.005181629583239556
rmse,model,surface_speed,740,0.004812491747240226,0.004472708888351917,0.0052218007855117324
rmse,model,surface_speed,750,0.004832244012504816,0.004528253525495529,0.005313656851649284
rmse,model,surface_speed,760,0.004880710287640492,0.004489253461360932,0.0053962267003953455
rmse,model,surface_speed,770,0.004906424166013797,0.004568557068705559,0.00548204192891717
rmse,model,surface_speed,780,0.004945798932264249,0.004594742972403765,0.0055919745005667204
rmse,model,surface_speed,790,0.004986743597934644,0.004596800822764635,0.005642221309244633
rmse,model,surface_speed,800,0.0050222129871447885,0.004619434010237455,0.005740472953766584
rmse,model,surface_speed,810,0.005081507253150145,0.004677401483058929,0.00590311735868454
rmse,model,surface_speed,820,0.005154758815964063,0.0046364178881049154,0.0061174829490482805
rmse,model,surface_speed,830,0.005221591920902332,0.004615444969385862,0.006297018937766552
rmse,model,surface_speed,840,0.005282190659393867,0.004591859132051468,0.00642635328695178
rmse,model,surface_speed,850,0.005342644701401392,0.004623499419540167,0.006609204225242137
rmse,model,surface_speed,860,0.005397386755794287,0.004613583348691464,0.006704103481024503
rmse,model,surface_speed,870,0.005457625444978476,0.004666721168905497,0.006936982087790965
rmse,model,surface_speed,880,0.0055111179749170935,0.004691766109317541,0.007068746164441108
rmse,model,surface_speed,890,0.005500076959530513,0.004718728829175234,0.006952551659196615
rmse,model,surface_speed,900,0.00550314054513971,0.004778439830988646,0.00669993245974183
rmse,model,surface_speed,910,0.0055127820310493314,0.0047820588573813435,0.006473217159509659
rmse,model,surface_speed,920,0.005507818516343832,0.004849404282867909,0.00644819289445877
rmse,model,surface_speed,930,0.0054906937293708324,0.004953255970031023,0.006222144979983568
rmse,model,surface_speed,940,0.0054879516052703066,0.005098373349756003,0.006254091300070286
rmse,model,surface_speed,950,0.005474718101322651,0.005023910105228424,0.006015741731971502
rmse,model,surface_speed,960,0.005446805370350679,0.005030617956072092,0.005840067937970162
rmse,model,surface_speed,970,0.005409903513888518,0.005109562166035175,0.005627285409718752
rmse,model,surface_speed,980,0.005402451908836762,0.0050979766994714735,0.005635327566415072
rmse,model,surface_speed,990,0.005404425164063771,0.005037637893110514,0.005718324054032564
rmse,model,surface_speed,1000,0.005389577491829793,0.005043167620897293,0.005634687934070825
rmse,model,surface_speed,1010,0.0054118510956565535,0.005045821238309145,0.005711999442428351
rmse,model,surface_speed,1020,0.005425702594220638,0.005072573293000459,0.0057184907607734205
rmse,model,surface_speed,1030,0.005455035902559757,0.005029319040477276,0.0057690517045557495
rmse,model,surface_speed,1040,0.005489656918992599,0.00510806730017066,0.005878286063671112
rmse,model,surface_speed,1050,0.005523861634234587,0.00508898887783289,0.005920662172138691
rmse,model,surface_speed,1060,0.005548790314545234,0.005191889312118292,0.005909334309399128
rmse,model,surface_speed,1070,0.0055989690435429415,0.005344955902546644,0.005946401506662369
rmse,model,surface_speed,1080,0.005654378111163775,0.005356518924236298,0.005914737191051245
rmse,model,surface_speed,1090,0.00573994858811299,0.005530287884175778,0.005927884019911289
rmse,model,surface_speed,1100,0.005807514985402425,0.00554269477725029,0.006143807992339134
rmse,model,surface_speed,1110,0.005910846932480732,0.005569285713136196,0.006597292143851519
rmse,model,surface_speed,1120,0.006005155698706706,0.005637095030397177,0.006888713873922825
rmse,model,surface_speed,1130,0.006127366268386444,0.005634462740272283,0.007250585127621889
rmse,model,surface_speed,1140,0.006177946956207355,0.005690852180123329,0.007319564186036587
rmse,model,surface_speed,1150,0.00623485983038942,0.005627133511006832,0.0073501475155353544
rmse,model,surface_speed,1160,0.00625131664176782,0.005683098360896111,0.0071628793142735955
rmse,model,surface_speed,1170,0.006305969941119353,0.005785813368856907,0.007478511519730091
rmse,model,surface_speed,1180,0.006356759617726008,0.005768547859042883,0.007430538721382618
rmse,model,surface_speed,1190,0.00634249464298288,0.005828154925256968,0.007350014615803957
rmse,model,surface_speed,1200,0.0063409578676025076,0.005840478278696537,0.007205474283546209
rmse,model,surface_speed,1210,0.00633113452543815,0.00565429525449872,0.007077314518392086
rmse,model,surface_speed,1220,0.006345294322818518,0.005681544356048107,0.007329519651830196
rmse,model,surface_speed,1230,0.006383587295810382,0.005645279958844185,0.007521379366517067
rmse,model,surface_speed,1240,0.006424619536846876,0.005556057952344417,0.007794917374849319
rmse,model,surface_speed,1250,0.00642838915809989,0.005567859020084142,0.007804584037512541
rmse,model,surface_speed,1260,0.006450447284926971,0.005687023419886828,0.00774970706552267
rmse,model,surface_speed,1270,0.0064143801108002664,0.005834387149661779,0.007570934388786555
rmse,model,surface_speed,1280,0.00635547349229455,0.005830130819231272,0.007249352708458901
rmse,model,surface_speed,1290,0.006242566462606192,0.00576317785307765,0.0069316945038735865
rmse,model,surface_speed,1300,0.0062420015223324295,0.0058334444649517534,0.0068174791522324085
rmse,model,surface_speed,1310,0.006182469210277001,0.005813937447965145,0.0065613240003585815
rmse,model,surface_speed,1320,0.006119065855940183,0.0059100911021232605,0.006285495776683092
rmse,model,surface_speed,1330,0.006050402174393336,0.005802956037223339,0.006336525920778513
rmse,model,surface_speed,1340,0.0060482458832363285,0.005864354781806469,0.006277739722281695
rmse,model,surface_speed,1350,0.006028503148506085,0.00571171697229147,0.006331668142229319
rmse,model,surface_speed,1360,0.006032076198607683,0.005693774111568928,0.006378809083253145
rmse,model,surface_speed,1370,0.0060901423605779804,0.00568850776180625,0.006470417976379395
rmse,model,surface_speed,1380,0.006107774811486403,0.005746330413967371,0.006524530798196792
rmse,model,surface_speed,1390,0.00606564994280537,0.005671783536672592,0.006499508488923311
rmse,model,surface_speed,1400,0.006119190187503894,0.005818263161927462,0.006682255025953055
rmse,model,surface_speed,1410,0.0061465191654860975,0.005750429444015026,0.006661960855126381
rmse,model,surface_speed,1420,0.006135228462517262,0.005646927189081908,0.006736303027719259
rmse,model,surface_speed,1430,0.006226613962401946,0.005731213744729758,0.006905451882630587
rmse,model,surface_speed,1440,0.006303415882090727,0.005808408465236425,0.007034168951213359
rmse,model,surface_speed,1450,0.006330670602619648,0.005752949602901935,0.007001222856342792
rmse,model,surface_speed,1460,0.006306750855098168,0.005645698495209217,0.007175152190029621
rmse,model,surface_speed,1470,0.006466139666736126,0.005830054543912411,0.007531743496656418
rmse,model,surface_speed,1480,0.006437927794953187,0.0058221155777573586,0.007648813724517822
rmse,model,surface_speed,1490,0.006436001447339853,0.005748438742011785,0.007512500416487455
rmse,model,surface_speed,1500,0.006471286186327537,0.005676436237990856,0.00743308225646615
rmse,model,surface_speed,1510,0.006533954447756211,0.005828295927494764,0.00755828320980072
rmse,model,surface_speed,1520,0.006547314487397671,0.005755965039134026,0.0077266102656722065
rmse,model,surface_speed,1530,0.006604747101664543,0.005839601717889309,0.008070380985736847
rmse,model,surface_speed,1540,0.006724358598391215,0.0058751838281750676,0.008162119425833225
rmse,model,surface_speed,1550,0.006740882061421871,0.005929283797740936,0.007870878279209136
rmse,model,surface_speed,1560,0.006676158246894677,0.005933851376175881,0.007946538925170898
rmse,model,surface_speed,1570,0.006679532242317995,0.005992884002625942,0.008053498342633247
rmse,model,surface_speed,1580,0.0066087007212142146,0.005953601934015751,0.00799383781850338
rmse,model,surface_speed,1590,0.006528866353134314,0.005912429839372635,0.007816686294972897
rmse,model,surface_speed,1600,0.006437030248343944,0.005916308425366878,0.007589718140661716
rmse,model,surface_speed,1610,0.006443074562897285,0.005923567712306977,0.007392345927655697
rmse,model,surface_speed,1620,0.006353959596405427,0.00577359963208437,0.0071244495920836926
rmse,model,surface_speed,1630,0.006281830370426178,0.00573797645047307,0.006742791179567576
rmse,model,surface_speed,1640,0.0063314037087063,0.005823261383920908,0.006695450562983751
rmse,model,surface_speed,1650,0.006281459424644709,0.005900778062641621,0.006635911483317614
rmse,model,surface_speed,1660,0.006196453080823024,0.0057137621566653255,0.0066142257302999495
rmse,model,surface_speed,1670,0.006174583174288273,0.00577617334201932,0.006617465149611234
rmse,model,surface_speed,1680,0.0062230016725758714,0.005853530205786228,0.006491639371961355
rmse,model,surface_speed,1690,0.006180279888212681,0.005882421042770147,0.006578540988266468
rmse,model,surface_speed,1700,0.00620570620521903,0.005935823451727629,0.006525792088359595
rmse,model,surface_speed,1710,0.006302718259394169,0.006044097803533077,0.006472444348037243
rmse,model,surface_speed,1720,0.006287932426979144,0.005970046110451222,0.006489961314946413
rmse,model,surface_speed,1730,0.006260416066894928,0.006010743509978056,0.006545319594442845
rmse,model,surface_speed,1740,0.006284782042105992,0.006077731773257255,0.0065111927688121796
rmse,model,surface_speed,1750,0.0062955305290718876,0.00603285962715745,0.006588182598352432
rmse,model,surface_speed,1760,0.006291108236958583,0.005974589195102453,0.006622617412358522
rmse,model,surface_speed,1770,0.006257206449906031,0.0059542256407439705,0.006616811081767082
rmse,model,surface_speed,1780,0.006369298789650202,0.006040772423148155,0.006589921750128269
rmse,model,surface_speed,1790,0.006352076617379983,0.00597169240936637,0.006770322378724813
rmse,model,surface_speed,1800,0.006450241990387439,0.0058785068802535536,0.0071607987396419045
rmse,model,surface_speed,1810,0.006519092743595441,0.005825412925332785,0.007375586964190006
rmse,model,surface_speed,1820,0.006622059550136328,0.00601763054728508,0.0074512801133096215
rmse,model,surface_speed,1830,0.006561448114613692,0.005936959758400917,0.007360507361590862
rmse,model,surface_speed,1840,0.0065504053918023905,0.0059546932578086855,0.007379353977739811
rmse,model,surface_speed,1850,0.006643647017578284,0.005983228981494904,0.00749766007065773
rmse,model,surface_speed,1860,0.00660795047879219,0.006039016880095005,0.007479899562895298
rmse,model,surface_speed,1870,0.006588790317376455,0.0061267131939530374,0.007364724390208721
rmse,model,surface_speed,1880,0.006592279672622681,0.006193938385695219,0.00719311572611332
rmse,model,surface_speed,1890,0.0066301867365837095,0.006278417166322469,0.007157611940056085
rmse,model,surface_speed,1900,0.00659552567328016,0.005954311043024063,0.007119385246187449
rmse,model,surface_speed,1910,0.006621677832057079,0.006034528277814389,0.0070158811286091805
rmse,model,surface_speed,1920,0.0066448770773907505,0.0061674144119024275,0.007199445646256209
rmse,model,surface_speed,1930,0.006588953950752815,0.005890457332134247,0.007476214598864317
rmse,model,surface_speed,1940,0.006552690950532754,0.005789329390972852,0.00738086299970746
rmse,model,surface_speed,1950,0.0065632945237060385,0.005745209380984306,0.007303524110466242
rmse,model,surface_speed,1960,0.006451016509284576,0.0057549004442989824,0.006998998206108808
rmse,model,surface_speed,1970,0.006402271520346403,0.005802900996059179,0.0068440926261246204
rmse,model,surface_speed,1980,0.006347596924751997,0.005795926973223686,0.006951604411005974
rmse,model,surface_speed,1990,0.006394526641815901,0.005882932059466839,0.006871345546096563
rmse,model,surface_speed,2000,0.006346303503960371,0.005830945633351803,0.006897506769746542
rmse,climatology,surface_speed,0,0.003483150666579604,0.003082289919257164,0.0038193108048290014
rmse,climatology,surface_speed,10,0.0033636869086573523,0.0030656424816697834,0.0036313133779913185
rmse,climatology,surface_speed,20,0.0034482390930255253,0.0032233613543212413,0.003711535269394517
rmse,climatology,surface_speed,30,0.0035018501492838066,0.00318124876357615,0.0038929723203182222
rmse,climatology,surface_speed,40,0.00342121225160857,0.0030003468040376902,0.0037263927049934866
rmse,climatology,surface_speed,50,0.00343005396425724,0.003051483677700162,0.00374471521936357
rmse,climatology,surface_speed,60,0.00351786605703334,0.003111187648028135,0.003641898510977626
rmse,climatology,surface_speed,70,0.003458885584647457,0.0029819020535796882,0.003498874185606837
rmse,climatology,surface_speed,80,0.0034494626335799692,0.002973990887403488,0.003671011235564947
rmse,climatology,surface_speed,90,0.003562444138030211,0.002918521873652935,0.004021911416202784
rmse,climatology,surface_speed,100,0.003629363172998031,0.0032170973252505066,0.004143981635570526
rmse,climatology,surface_speed,110,0.0034900281423081952,0.0030214297119528057,0.004266700614243745
rmse,climatology,surface_speed,120,0.0035588504591335854,0.0029065740294754506,0.00481131300330162
rmse,climatology,surface_speed,130,0.003643997525796294,0.003074161522090435,0.00488055795431137
rmse,climatology,surface_speed,140,0.003640605447192987,0.003067094273865223,0.004740914143621921
rmse,climatology,surface_speed,150,0.003612006471181909,0.0029644875321537256,0.004666800983250141
rmse,climatology,surface_speed,160,0.0037537249891708294,0.00306641417555511,0.005282246973365544
rmse,climatology,surface_speed,170,0.0037696822391202053,0.002968915365636349,0.005190011765807866
rmse,climatology,surface_speed,180,0.0036744978123654922,0.0028529281727969645,0.005210142023861408
rmse,climatology,surface_speed,190,0.0037473389413207768,0.002872107271105051,0.005604173522442579
rmse,climatology,surface_speed,200,0.0038475769106298685,0.0030372698325663804,0.005471385922282934
rmse,climatology,surface_speed,210,0.0037900323048233988,0.002925727842375636,0.005063790269196033
rmse,climatology,surface_speed,220,0.0037698041337231795,0.0029313983395695686,0.005118785426020622
rmse,climatology,surface_speed,230,0.0038252479707201322,0.002960879262536764,0.005211523734033108
rmse,climatology,surface_speed,240,0.003753873007372022,0.0029495298862457276,0.005208831559866667
rmse,climatology,surface_speed,250,0.0036651603411883118,0.0030053016263991593,0.005084473639726639
rmse,climatology,surface_speed,260,0.003671895805746317,0.0028910859022289515,0.004959142953157425
rmse,climatology,surface_speed,270,0.003667520980040232,0.0031860648654401303,0.0046119867824018
rmse,climatology,surface_speed,280,0.0034454568289220334,0.003060405608266592,0.004083133209496737
rmse,climatology,surface_speed,290,0.003401386303206285,0.002830109279602766,0.00402572276070714
rmse,climatology,surface_speed,300,0.0034250445198267697,0.003014210145920515,0.003971921280026436
rmse,climatology,surface_speed,310,0.0033765321131795645,0.003023827215656638,0.00366395371966064
rmse,climatology,surface_speed,320,0.0032736305768291158,0.0028565974440425634,0.0036053655203431845
rmse,climatology,surface_speed,330,0.003378949345399936,0.0030613488983362914,0.0039013768546283245
rmse,climatology,surface_speed,340,0.0033724169712513684,0.0030343753285706045,0.003849106002599001
rmse,climatology,surface_speed,350,0.003227809738988678,0.00286314464174211,0.0035764701664447785
rmse,climatology,surface_speed,360,0.0032508065303166705,0.002860331628471613,0.0036229236982762815
rmse,climatology,surface_speed,370,0.0033503105708708367,0.003139591868966818,0.003549442160874605
rmse,climatology,surface_speed,380,0.003269168408587575,0.0029179556760936974,0.00350967226549983
rmse,climatology,surface_speed,390,0.003235493072619041,0.0029687096364796163,0.003426301945000887
rmse,climatology,surface_speed,400,0.0033003112922112146,0.0030058433767408133,0.003532146429643035
rmse,climatology,surface_speed,410,0.003261845527837674,0.003029937716200948,0.0035112340934574603
rmse,climatology,surface_speed,420,0.0031898466404527426,0.0029560215305536987,0.0033971755765378475
rmse,climatology,surface_speed,430,0.00327877402305603,0.002953060111030936,0.003623278858140111
rmse,climatology,surface_speed,440,0.0033657065437485774,0.003197721717879176,0.0036037725862115622
rmse,climatology,surface_speed,450,0.0032249768109371265,0.0029514880385249852,0.003596463007852435
rmse,climatology,surface_speed,460,0.0032497651254137358,0.0029145242646336556,0.0037092600017786027
rmse,climatology,surface_speed,470,0.0033850479250152905,0.00307630836032331,0.0038338986225426195
rmse,climatology,surface_speed,480,0.003428985395779212,0.0030160026159137487,0.004103754460811615
rmse,climatology,surface_speed,490,0.0034124450913319984,0.0028766268398612736,0.004412508942186832
rmse,climatology,surface_speed,500,0.003615680957833926,0.0029289675410836937,0.004921845998615026
rmse,climatology,surface_speed,510,0.003727396282677849,0.0031099626794457436,0.005083191394805908
rmse,climatology,surface_speed,520,0.0036459272106488545,0.0029935962054878475,0.00492771714925766
rmse,climatology,surface_speed,530,0.003675053423891465,0.002942278841510415,0.0049709082581102845
rmse,climatology,surface_speed,540,0.0038143802744646867,0.0031749569345265625,0.0048048138618469235
rmse,climatology,surface_speed,550,0.0037620560576518375,0.0030813737772405147,0.004867095127701759
rmse,climatology,surface_speed,560,0.003726983225593964,0.0030779171269387008,0.004772997647523879
rmse,climatology,surface_speed,570,0.0037786295016606648,0.0032932757865637543,0.004555350821465253
rmse,climatology,surface_speed,580,0.003746431041508913,0.0031629163306206463,0.0045543526299297804
rmse,climatology,surface_speed,590,0.003668068613236149,0.0028480586130172013,0.004420152492821216
rmse,climatology,surface_speed,600,0.0037960171854744353,0.003146848874166608,0.004614917747676373
rmse,climatology,surface_speed,610,0.0039253285775582,0.0032548642717301845,0.005145917367190123
rmse,climatology,surface_speed,620,0.003822322702035308,0.0028419777750968932,0.005156856961548328
rmse,climatology,surface_speed,630,0.0037880198874821265,0.002966047590598464,0.004986649565398693
rmse,climatology,surface_speed,640,0.0038187511575718722,0.0032493894919753074,0.004971655085682869
rmse,climatology,surface_speed,650,0.0037338935925314825,0.003081676363945007,0.004771142173558474
rmse,climatology,surface_speed,660,0.0035465432486186427,0.0028347054962068797,0.004235955700278282
rmse,climatology,surface_speed,670,0.003568793833255768,0.0030489079654216766,0.003969620261341333
rmse,climatology,surface_speed,680,0.0035576490530123315,0.0031617289409041406,0.004001104179769755
rmse,climatology,surface_speed,690,0.0033942118597527346,0.0030402847565710544,0.0037747783586382865
rmse,climatology,surface_speed,700,0.0033654055713365476,0.0031211990863084793,0.0035383099224418403
rmse,climatology,surface_speed,710,0.003480742359533906,0.0032232464756816624,0.0038772803731262685
rmse,climatology,surface_speed,720,0.0034168411511927843,0.0029841640964150427,0.0038944500498473643
rmse,climatology,surface_speed,730,0.0033544565085321665,0.003047868236899376,0.00375081836245954
rmse,climatology,surface_speed,740,0.0033866417749474445,0.0030638725496828557,0.003598664794117212
rmse,climatology,surface_speed,750,0.0033684566927452884,0.0030818921979516743,0.003633845504373312
rmse,climatology,surface_speed,760,0.0032512521836906673,0.0028972772881388663,0.003545897640287876
rmse,climatology,surface_speed,770,0.0033277866430580618,0.0030144714284688233,0.003567061806097627
rmse,climatology,surface_speed,780,0.003435218287631869,0.0032103005796670914,0.0036598543170839547
rmse,climatology,surface_speed,790,0.0033685239342351753,0.0029806568752974274,0.003679005289450288
rmse,climatology,surface_speed,800,0.0033466598329444726,0.003004077123478055,0.0037214158102869986
rmse,climatology,surface_speed,810,0.0035054344528665147,0.003057651361450553,0.00410188203677535
rmse,climatology,surface_speed,820,0.003571228248377641,0.003023998253047466,0.004411763045936823
rmse,climatology,surface_speed,830,0.003550385699296991,0.0029544650111347436,0.004612153023481369
rmse,climatology,surface_speed,840,0.0036889115038017434,0.0031512598507106304,0.004806322883814573
rmse,climatology,surface_speed,850,0.003807465390612682,0.0031829651445150374,0.005291166715323925
rmse,climatology,surface_speed,860,0.003756018433098992,0.0029023126233369114,0.005499448440968989
rmse,climatology,surface_speed,870,0.0037750601458052795,0.0029348606709390878,0.0057083630003035065
rmse,climatology,surface_speed,880,0.003931408204759161,0.003101547062397003,0.005864362139254808
rmse,climatology,surface_speed,890,0.0039097297160575785,0.002910455921664834,0.005636879615485668
rmse,climatology,surface_speed,900,0.0038534436374902726,0.003092334931716323,0.005456079635769128
rmse,climatology,surface_speed,910,0.003855879682426651,0.0029949455987662078,0.005395757034420967
rmse,climatology,surface_speed,920,0.003854065357397,0.003058219188824296,0.005302259884774685
rmse,climatology,surface_speed,930,0.0037207117148985464,0.002990168798714876,0.004902261309325695
rmse,climatology,surface_speed,940,0.0037272818541775146,0.002989420900121331,0.004866993241012097
rmse,climatology,surface_speed,950,0.003754812370364865,0.0030858533456921576,0.004758679587393999
rmse,climatology,surface_speed,960,0.003651261795312166,0.0031948034651577474,0.0044403743930161
rmse,climatology,surface_speed,970,0.0034877146283785504,0.0029359097126871346,0.004003398772329092
rmse,climatology,surface_speed,980,0.003528600496550401,0.0029782110825181006,0.004033603239804506
rmse,climatology,surface_speed,990,0.0035078913749506074,0.002999085234478116,0.003934560157358646
rmse,climatology,surface_speed,1000,0.00339272307852904,0.0030041394289582967,0.00375783983618021
rmse,climatology,surface_speed,1010,0.003409686886395017,0.003007041243836284,0.0038038922008126973
rmse,climatology,surface_speed,1020,0.0034829982556402682,0.003218369884416461,0.003950420394539833
rmse,climatology,surface_speed,1030,0.0033822712022811173,0.003065738594159484,0.003791326889768243
rmse,climatology,surface_speed,1040,0.0033152353794624408,0.0028786400333046915,0.003682311624288559
rmse,climatology,surface_speed,1050,0.003459652839228511,0.0031046563759446143,0.0037015491630882024
rmse,climatology,surface_speed,1060,0.0034671182899425426,0.003264105599373579,0.0036979662254452705
rmse,climatology,surface_speed,1070,0.003437341082220276,0.0031659504398703574,0.0036662640050053596
rmse,climatology,surface_speed,1080,0.003504659328609705,0.0031751477159559726,0.0039935044944286345
rmse,climatology,surface_speed,1090,0.0036145526450127364,0.0032837734557688235,0.004318331368267536
rmse,climatology,surface_speed,1100,0.0035892950681348642,0.003095647320151329,0.004545974638313055
rmse,climatology,surface_speed,1110,0.0037251312596102556,0.003175779851153493,0.005049869138747453
rmse,climatology,surface_speed,1120,0.003932924382388592,0.003258400084450841,0.005686503369361162
rmse,climatology,surface_speed,1130,0.003990552760660649,0.003130413917824626,0.006139156315475702
rmse,climatology,surface_speed,1140,0.003947760025039315,0.00299038621596992,0.006235881708562374
rmse,climatology,surface_speed,1150,0.0041289209388196465,0.0032295427285134793,0.006235435325652361
rmse,climatology,surface_speed,1160,0.004212926390270392,0.003225545771420002,0.006007725093513727
rmse,climatology,surface_speed,1170,0.004168435946727792,0.002933873748406768,0.006016780529171228
rmse,climatology,surface_speed,1180,0.004222654923796654,0.0029874933883547784,0.0060809972696006295
rmse,climatology,surface_speed,1190,0.00435757456968228,0.0032812856137752534,0.006040880177170038
rmse,climatology,surface_speed,1200,0.00431026207904021,0.003234781324863434,0.005958169791847467
rmse,climatology,surface_speed,1210,0.00426282921495537,0.00316123329102993,0.0055800508707761765
rmse,climatology,surface_speed,1220,0.004414316390951475,0.0033022246789187193,0.0057739528827369215
rmse,climatology,surface_speed,1230,0.004441550762082139,0.0031681222841143607,0.0060390206053853035
rmse,climatology,surface_speed,1240,0.004389458211759726,0.003115272242575884,0.00623865956440568
rmse,climatology,surface_speed,1250,0.004406350494051973,0.0032806190196424724,0.006239398662000894
rmse,climatology,surface_speed,1260,0.004405390021080772,0.0032627823762595653,0.006287518516182899
rmse,climatology,surface_speed,1270,0.00423104491395255,0.0029886878561228513,0.00610178429633379
rmse,climatology,surface_speed,1280,0.004153840476647019,0.00302314436994493,0.005897067859768868
rmse,climatology,surface_speed,1290,0.0041486608174939954,0.0033074154518544672,0.005714122112840414
rmse,climatology,surface_speed,1300,0.004028375757237275,0.003050229791551828,0.005485580209642649
rmse,climatology,surface_speed,1310,0.003781936364248395,0.0028778256848454474,0.004942322801798582
rmse,climatology,surface_speed,1320,0.0037853848809997243,0.003203206369653344,0.004611828085035086
rmse,climatology,surface_speed,1330,0.003726622803757588,0.003236055513843894,0.0045799828134477135
rmse,climatology,surface_speed,1340,0.003576600675781568,0.0028739833272993565,0.004176139924675226
rmse,climatology,surface_speed,1350,0.0035150228689114255,0.003041479317471385,0.003911227453500032
rmse,climatology,surface_speed,1360,0.0036019527974228065,0.0033205090090632438,0.0039850080385804175
rmse,climatology,surface_speed,1370,0.0035193977256615955,0.0030760710127651692,0.0038558426313102245
rmse,climatology,surface_speed,1380,0.0034194305849572022,0.003180071944370866,0.003650882327929139
rmse,climatology,surface_speed,1390,0.003534998589505752,0.003283839672803879,0.003830647375434637
rmse,climatology,surface_speed,1400,0.003560285766919454,0.0032187178265303375,0.004045372363179922
rmse,climatology,surface_speed,1410,0.0034928809540967147,0.0030986817553639414,0.003892435319721699
rmse,climatology,surface_speed,1420,0.003512888370702664,0.003128799423575401,0.003867947310209274
rmse,climatology,surface_speed,1430,0.003588366166998943,0.0031875554006546734,0.0037177907768636944
rmse,climatology,surface_speed,1440,0.0035110281159480413,0.0030492117162793874,0.00357005731202662
rmse,climatology,surface_speed,1450,0.0035433168367793163,0.0030760748311877252,0.003794097388163209
rmse,climatology,surface_speed,1460,0.0036719241024305424,0.003057637484744191,0.004133610893040895
rmse,climatology,surface_speed,1470,0.0037330862289915484,0.003317404305562377,0.00420271186158061
rmse,climatology,surface_speed,1480,0.0036246208318819603,0.0031419376377016307,0.00433592926710844
rmse,climatology,surface_speed,1490,0.0037448931174973647,0.0030905394814908504,0.005077395681291818
rmse,climatology,surface_speed,1500,0.003843313812588652,0.0031021731905639172,0.005169719457626343
rmse,climatology,surface_speed,1510,0.0038699767086654902,0.003189635928720236,0.004993745870888233
rmse,climatology,surface_speed,1520,0.003925311441222826,0.0030252041295170786,0.00500233955681324
rmse,climatology,surface_speed,1530,0.004112348643441995,0.003180397627875209,0.005889481492340564
rmse,climatology,surface_speed,1540,0.004139021039009094,0.003030895534902811,0.006007590144872665
rmse,climatology,surface_speed,1550,0.004072834023584922,0.002919855434447527,0.006000776402652263
rmse,climatology,surface_speed,1560,0.004155380294347802,0.0029834537301212547,0.005968423280864954
rmse,climatology,surface_speed,1570,0.00419392556262513,0.0030533078126609324,0.006078978441655636
rmse,climatology,surface_speed,1580,0.00407754722982645,0.0030717679765075445,0.005839893221855163
rmse,climatology,surface_speed,1590,0.003977657093976935,0.00300363153219223,0.005601373594254255
rmse,climatology,surface_speed,1600,0.003951208883275588,0.0031039098277688025,0.005396846961230039
rmse,climatology,surface_speed,1610,0.0037822847875456016,0.0030231381300836802,0.005014111567288637
rmse,climatology,surface_speed,1620,0.0036743930075317623,0.0030261910520493983,0.0045153751038014885
rmse,climatology,surface_speed,1630,0.0036739306213955086,0.0029691459145396947,0.004461151082068682
rmse,climatology,surface_speed,1640,0.003666991787031293,0.0032624487299472093,0.00424496429041028
rmse,climatology,surface_speed,1650,0.003454491263255477,0.003083659382537007,0.0038854533806443213
rmse,climatology,surface_speed,1660,0.003463859452555577,0.0029211162589490415,0.003938332200050354
rmse,climatology,surface_speed,1670,0.003490000156064828,0.0030600385274738074,0.003988782223314047
rmse,climatology,surface_speed,1680,0.0034290702392657598,0.0030774158891290425,0.003771828906610608
rmse,climatology,surface_speed,1690,0.0033443720390399297,0.002928570657968521,0.0035575578920543196
rmse,climatology,surface_speed,1700,0.00345506079805394,0.0031281853560358288,0.003933800291270018
rmse,climatology,surface_speed,1710,0.0034270163315037886,0.0031746040098369122,0.003757159039378166
rmse,climatology,surface_speed,1720,0.003302545193582773,0.0029868190642446278,0.003573654778301716
rmse,climatology,surface_speed,1730,0.00337705936593314,0.0030236778780817985,0.0037287162151187657
rmse,climatology,surface_speed,1740,0.0034775389668842156,0.003333620401099324,0.003625327441841364
rmse,climatology,surface_speed,1750,0.0034328064881265163,0.003185700997710228,0.00362375364638865
rmse,climatology,surface_speed,1760,0.0034503706420461336,0.003193987440317869,0.003801527619361877
rmse,climatology,surface_speed,1770,0.0035732102580368517,0.0032646028324961663,0.004135799035429954
rmse,climatology,surface_speed,1780,0.0035800772408644357,0.0032191650941967966,0.004378953576087951
rmse,climatology,surface_speed,1790,0.0036254010628908873,0.003044609911739826,0.004670258890837431
rmse,climatology,surface_speed,1800,0.0038136415959646305,0.0032254350837320088,0.005296829435974359
rmse,climatology,surface_speed,1810,0.003963970144589742,0.0032910324633121492,0.0058178952895104885
rmse,climatology,surface_speed,1820,0.0038718244216094416,0.002952520363032818,0.005963444989174604
rmse,climatology,surface_speed,1830,0.00396890703899165,0.0031293689273297785,0.005952510982751846
rmse,climatology,surface_speed,1840,0.004097223359470566,0.0032691482454538347,0.005671996343880892
rmse,climatology,surface_speed,1850,0.0040859647716085115,0.003084045276045799,0.005694076791405677
rmse,climatology,surface_speed,1860,0.0040204573577890795,0.002915373258292675,0.0057408324442803855
rmse,climatology,surface_speed,1870,0.004153450531885028,0.0031988158356398345,0.005658949259668589
rmse,climatology,surface_speed,1880,0.004162945877760648,0.003247534716501832,0.00558280861005187
rmse,climatology,surface_speed,1890,0.00406453269533813,0.0031438773963600396,0.005201768688857555
rmse,climatology,surface_speed,1900,0.004149850892523925,0.003301633708178997,0.005275586433708668
rmse,climatology,surface_speed,1910,0.004267155441145102,0.0033008340746164323,0.005655864905565977
rmse,climatology,surface_speed,1920,0.004225961087892453,0.0031674396246671676,0.005998440273106098
rmse,climatology,surface_speed,1930,0.004207824434464176,0.0031635412015020847,0.005963752884417773
rmse,climatology,surface_speed,1940,0.004238449828699231,0.003302009357139468,0.005954916588962078
rmse,climatology,surface_speed,1950,0.004124819021672011,0.00317979296669364,0.0058259968645870686
rmse,climatology,surface_speed,1960,0.003951636546601852,0.0029259569011628626,0.0054572481662034985
rmse,climatology,surface_speed,1970,0.003932349321742853,0.0032596212811768057,0.005206241365522146
rmse,climatology,surface_speed,1980,0.003890287612254421,0.003264970052987337,0.005007334519177675
rmse,climatology,surface_speed,1990,0.0036496213171631096,0.002885755896568298,0.004592771641910076
rmse,climatology,surface_speed,2000,0.003586794187625249,0.003061279933899641,0.004096773359924555
rmse,persistence,surface_speed,0,0.0,0.0,0.0
rmse,persistence,surface_speed,10,0.00237644847172002,0.002035052655264735,0.002700142050161958
rmse,persistence,surface_speed,20,0.0032833594363182784,0.0029404053930193186,0.003675637533888221
rmse,persistence,surface_speed,30,0.003681389195844531,0.0033001508098095657,0.004024333599954843
rmse,persistence,surface_speed,40,0.0045264661001662414,0.003929562866687775,0.005070245265960694
rmse,persistence,surface_speed,50,0.004964599960173169,0.004248273093253374,0.0054371686652302745
rmse,persistence,surface_speed,60,0.0051937012933194636,0.004525898862630129,0.005741261411458254
rmse,persistence,surface_speed,70,0.005310371425002814,0.004489631857722998,0.005888010561466217
rmse,persistence,surface_speed,80,0.005204244144260883,0.004347568657249212,0.0059099489822983745
rmse,persistence,surface_speed,90,0.005416389834135771,0.004741821996867656,0.0060455967672169205
rmse,persistence,surface_speed,100,0.0055740152796109515,0.004879198968410492,0.00616434533149004
rmse,persistence,surface_speed,110,0.005279846241076787,0.0047600151970982555,0.005954581033438444
rmse,persistence,surface_speed,120,0.005435800800720851,0.004786104056984186,0.0063180244527757164
rmse,persistence,surface_speed,130,0.005256649261961381,0.004486268479377031,0.005970214027911425
rmse,persistence,surface_speed,140,0.004499524692073464,0.0037095443811267616,0.005091130640357733
rmse,persistence,surface_speed,150,0.004245611404379209,0.0033035920932888985,0.005477508250623941
rmse,persistence,surface_speed,160,0.0037416763914128143,0.00255281045101583,0.005531643796712159
rmse,persistence,surface_speed,170,0.0025874722593774396,0.0008837294648401439,0.004832661990076303
rmse,persistence,surface_speed,180,0.003591783344745636,0.0022254577372223137,0.0053179672919213775
rmse,persistence,surface_speed,190,0.00439929220204552,0.0032426915597170594,0.006022075656801462
rmse,persistence,surface_speed,200,0.004690920903036992,0.0037387358024716377,0.006346746161580086
rmse,persistence,surface_speed,210,0.005343084859972199,0.0041995651088655,0.00667443424463272
rmse,persistence,surface_speed,220,0.005719550295422474,0.004424439277499914,0.006950722075998783
rmse,persistence,surface_speed,230,0.005845271423459053,0.004611402377486229,0.0074125674553215505
rmse,persistence,surface_speed,240,0.005924042065938314,0.004743037559092045,0.0072401674464344975
rmse,persistence,surface_speed,250,0.0057650023140013214,0.004544943477958441,0.006878987699747085
rmse,persistence,surface_speed,260,0.005831575145324072,0.00495765246450901,0.006793437339365482
rmse,persistence,surface_speed,270,0.005935318643848101,0.0051739029586315155,0.006629346404224634
rmse,persistence,surface_speed,280,0.005581463531901439,0.005188841465860605,0.005974634271115065
rmse,persistence,surface_speed,290,0.005591918310771386,0.0050319510512053965,0.006185992155224085
rmse,persistence,surface_speed,300,0.005411236764242252,0.004758166428655386,0.005887713842093944
rmse,persistence,surface_speed,310,0.004614793757597605,0.004336942452937365,0.0048907820135355
rmse,persistence,surface_speed,320,0.00422796073059241,0.003687992412596941,0.004793608095496893
rmse,persistence,surface_speed,330,0.0037518538534641265,0.0030303823761641977,0.004435506369918585
rmse,persistence,surface_speed,340,0.002539715721892814,0.0017407476669177413,0.003111038589850068
rmse,persistence,surface_speed,350,0.0031762702080110707,0.0025394455529749393,0.003670419426634908
rmse,persistence,surface_speed,360,0.003997614110509555,0.0034357949625700712,0.00438751308247447
rmse,persistence,surface_speed,370,0.004237994784489274,0.00395481325685978,0.004488400276750326
rmse,persistence,surface_speed,380,0.004868433189888795,0.004413747601211071,0.00531868040561676
rmse,persistence,surface_speed,390,0.005294178208957116,0.004652152676135302,0.005748218111693859
rmse,persistence,surface_speed,400,0.0054226522023479145,0.004920038115233183,0.005799949262291193
rmse,persistence,surface_speed,410,0.0055304508656263355,0.004918215423822403,0.0059505971148610115
rmse,persistence,surface_speed,420,0.005388362240046263,0.004711078759282827,0.005978742334991694
rmse,persistence,surface_speed,430,0.005489535039911667,0.005247452948242426,0.006094528920948505
rmse,persistence,surface_speed,440,0.005699122324585915,0.005235832184553146,0.006253791786730289
rmse,persistence,surface_speed,450,0.0054102193874617415,0.0046289324760437015,0.005915296822786331
rmse,persistence,surface_speed,460,0.005478166633596023,0.005112202558666468,0.006083502620458603
rmse,persistence,surface_speed,470,0.005459312628954649,0.004993091709911824,0.005971933994442224
rmse,persistence,surface_speed,480,0.00473855941866835,0.0037198676727712154,0.005720369610935449
rmse,persistence,surface_speed,490,0.00443839201082786,0.0037404253147542478,0.00565118957310915
rmse,persistence,surface_speed,500,0.0042317780355612435,0.003401294443756342,0.005668861605226993
rmse,persistence,surface_speed,510,0.003107931682219108,0.0014091983437538149,0.005380587931722402
rmse,persistence,surface_speed,520,0.003609881162022551,0.002159274648874998,0.005563201755285263
rmse,persistence,surface_speed,530,0.00448083383962512,0.00320310415700078,0.005799531284719705
rmse,persistence,surface_speed,540,0.004713238356634975,0.0036702339537441732,0.006088192854076624
rmse,persistence,surface_speed,550,0.005279194780935844,0.004360025841742754,0.006472751405090094
rmse,persistence,surface_speed,560,0.005699907708913088,0.004841420240700245,0.007050248607993126
rmse,persistence,surface_speed,570,0.005775598560770353,0.005009366292506456,0.006724037509411573
rmse,persistence,surface_speed,580,0.005826621626814206,0.005044000037014484,0.006716908887028694
rmse,persistence,surface_speed,590,0.005617104439685742,0.0047409145161509516,0.006601684261113405
rmse,persistence,surface_speed,600,0.005624670224885146,0.005089593399316072,0.0064957886934280396
rmse,persistence,surface_speed,610,0.005812314028541247,0.005126226786524057,0.006792392581701279
rmse,persistence,surface_speed,620,0.005505377302567164,0.00446788314729929,0.006413378659635783
rmse,persistence,surface_speed,630,0.0054418073656658334,0.004907762166112661,0.006015168037265539
rmse,persistence,surface_speed,640,0.00535070967550079,0.00490436302497983,0.006319316569715738
rmse,persistence,surface_speed,650,0.004465935208524267,0.0036315206438302995,0.005295980162918568
rmse,persistence,surface_speed,660,0.0038252410168449083,0.003400800283998251,0.004415791667997837
rmse,persistence,surface_speed,670,0.0033744209135572116,0.0030022991355508565,0.0038091566413640974
rmse,persistence,surface_speed,680,0.0016121338975305358,0.0011512375669553876,0.0021776008885353803
rmse,persistence,surface_speed,690,0.0018326799230029185,0.0015194965060800314,0.0021579395048320293
rmse,persistence,surface_speed,700,0.0031483335110048453,0.0027465160470455884,0.003543599462136626
rmse,persistence,surface_speed,710,0.0034721440635621546,0.0030769400764256716,0.0038704921025782824
rmse,persistence,surface_speed,720,0.00414651093694071,0.003774925274774432,0.004643524438142777
rmse,persistence,surface_speed,730,0.004770992153013746,0.004108355287462473,0.005147989187389612
rmse,persistence,surface_speed,740,0.004945241163174311,0.004371971357613802,0.005468386225402355
rmse,persistence,surface_speed,750,0.005132311303168535,0.004529326781630516,0.005768323503434658
rmse,persistence,surface_speed,760,0.005045022225628296,0.004220580961555242,0.005630562361329794
rmse,persistence,surface_speed,770,0.005103237585475048,0.004702840559184551,0.005756900180131197
rmse,persistence,surface_speed,780,0.005404508082816998,0.004989372286945582,0.0060884407721459866
rmse,persistence,surface_speed,790,0.0052206335278848805,0.0045415916480124,0.0058022222481668
rmse,persistence,surface_speed,800,0.005186170308540265,0.004897620063275099,0.005590206757187843
rmse,persistence,surface_speed,810,0.0053128845989704136,0.0048128744587302204,0.005866845976561308
rmse,persistence,surface_speed,820,0.004687452378372352,0.003977946005761623,0.005268745683133602
rmse,persistence,surface_speed,830,0.004196463447685043,0.0035444003529846667,0.005111858248710632
rmse,persistence,surface_speed,840,0.00403649527579546,0.0031048092525452374,0.005124596692621708
rmse,persistence,surface_speed,850,0.0029527189986159404,0.001623096107505262,0.0047107704915106295
rmse,persistence,surface_speed,860,0.0030504207747677962,0.0016385423950850964,0.0050313396379351605
rmse,persistence,surface_speed,870,0.004209531983360648,0.003039324609562755,0.006020215991884469
rmse,persistence,surface_speed,880,0.0045659104362130165,0.0034850392024964095,0.006492416933178901
rmse,persistence,surface_speed,890,0.005080898447583119,0.0040523986332118515,0.00679960660636425
rmse,persistence,surface_speed,900,0.005646306121100982,0.004400054179131985,0.006987798493355513
rmse,persistence,surface_speed,910,0.005783518652121226,0.00458357846364379,0.0073480186983942986
rmse,persistence,surface_speed,920,0.005919304955750704,0.004866481013596058,0.007589833345264196
rmse,persistence,surface_speed,930,0.005832820758223533,0.0047589815221726894,0.006894983071833849
rmse,persistence,surface_speed,940,0.005784411666293939,0.004828591085970402,0.006676223780959845
rmse,persistence,surface_speed,950,0.005985362486292918,0.0052020523697137834,0.006909485813230276
rmse,persistence,surface_speed,960,0.005804115689049164,0.005247068684548139,0.006427296157926321
rmse,persistence,surface_speed,970,0.005599766876548529,0.0052012988366186615,0.0060646506026387215
rmse,persistence,surface_speed,980,0.005657941506554683,0.005092015583068132,0.006154779158532619
rmse,persistence,surface_speed,990,0.00503741546223561,0.004540092032402754,0.005442012846469879
rmse,persistence,surface_speed,1000,0.004393321399887403,0.004075440019369126,0.004839434009045363
rmse,persistence,surface_speed,1010,0.004186173807829619,0.0036090521607548,0.004819860495626926
rmse,persistence,surface_speed,1020,0.00316093269114693,0.002589681837707758,0.0035840360913425686
rmse,persistence,surface_speed,1030,0.0028975921993454295,0.0024303508922457694,0.0033387545496225356
rmse,persistence,surface_speed,1040,0.00395554380180935,0.0035511822905391456,0.004330276697874069
rmse,persistence,surface_speed,1050,0.004316455125808716,0.004024873534217477,0.004550627991557121
rmse,persistence,surface_speed,1060,0.00478405902783076,0.00452280966565013,0.005049935635179281
rmse,persistence,surface_speed,1070,0.005422013128797213,0.004969621263444424,0.005745388101786375
rmse,persistence,surface_speed,1080,0.0056353527121245865,0.005263270530849695,0.005903408024460077
rmse,persistence,surface_speed,1090,0.005846110420922438,0.005385382194072008,0.006351128127425909
rmse,persistence,surface_speed,1100,0.0058604764131208265,0.004976084176450968,0.006605743058025837
rmse,persistence,surface_speed,1110,0.0058881697244942185,0.00495717665180564,0.007104211207479239
rmse,persistence,surface_speed,1120,0.006215595050404469,0.005340002197772265,0.0077884020283818245
rmse,persistence,surface_speed,1130,0.0061740400890509285,0.004782317206263542,0.00828635785728693
rmse,persistence,surface_speed,1140,0.006042889008919398,0.004781127627938986,0.0082558861002326
rmse,persistence,surface_speed,1150,0.006259916132936875,0.005204803124070167,0.00820841733366251
rmse,persistence,surface_speed,1160,0.005787101046492656,0.004202405828982592,0.007790586166083813
rmse,persistence,surface_speed,1170,0.005188565126930674,0.0035260446835309266,0.007376363873481751
rmse,persistence,surface_speed,1180,0.005134417861700058,0.0036259871907532216,0.007074572890996933
rmse,persistence,surface_speed,1190,0.004303622633839647,0.0023777227848768233,0.006560896802693605
rmse,persistence,surface_speed,1200,0.0037603901466354726,0.0013268893118947745,0.0062711752951145165
rmse,persistence,surface_speed,1210,0.004732890954862038,0.0028760279528796673,0.006637680344283581
rmse,persistence,surface_speed,1220,0.005069988764201601,0.003473366843536496,0.006770013831555843
rmse,persistence,surface_speed,1230,0.005416349849353234,0.003982059564441443,0.0069816564209759235
rmse,persistence,surface_speed,1240,0.005949056334793567,0.004631587117910385,0.007394359912723303
rmse,persistence,surface_speed,1250,0.006083644833415747,0.004904293268918991,0.007561296783387661
rmse,persistence,surface_speed,1260,0.0061594606998066105,0.005152880307286977,0.007638327125459909
rmse,persistence,surface_speed,1270,0.006015621063609918,0.004693176224827766,0.007508671190589666
rmse,persistence,surface_speed,1280,0.005791012508173783,0.004770614393055439,0.007346407882869244
rmse,persistence,surface_speed,1290,0.005893989372998476,0.0052193434908986095,0.007300693169236183
rmse,persistence,surface_speed,1300,0.005709502194076776,0.004713179636746645,0.006765085272490978
rmse,persistence,surface_speed,1310,0.005310586219032605,0.004625980835407972,0.005993795860558748
rmse,persistence,surface_speed,1320,0.005345387135942777,0.005023119691759348,0.0058115717954933645
rmse,persistence,surface_speed,1330,0.004722618559996287,0.004191618319600821,0.005532624013721943
rmse,persistence,surface_speed,1340,0.0037712609084943932,0.0033411314710974694,0.004468211904168129
rmse,persistence,surface_speed,1350,0.003473274875432253,0.0030319227837026117,0.00380386752076447
rmse,persistence,surface_speed,1360,0.002311532308037082,0.0020078407134860752,0.0026333038695156574
rmse,persistence,surface_speed,1370,0.0008603865280747414,0.0006580277578905225,0.0010000126902014017
rmse,persistence,surface_speed,1380,0.002700080272431175,0.0023538294713944196,0.003046945249661803
rmse,persistence,surface_speed,1390,0.003359393108015259,0.003002719022333622,0.003746657492592931
rmse,persistence,surface_speed,1400,0.003810633843143781,0.0033578867558389904,0.0042372655123472215
rmse,persistence,surface_speed,1410,0.004629435824851195,0.004022398125380277,0.005186037719249725
rmse,persistence,surface_speed,1420,0.004960988306750854,0.0043741163797676565,0.005334119591861963
rmse,persistence,surface_speed,1430,0.005196399986743927,0.00458071306347847,0.005850005801767111
rmse,persistence,surface_speed,1440,0.005270600877702236,0.0044818509370088576,0.00584067776799202
rmse,persistence,surface_speed,1450,0.0052026129638155305,0.00445866072550416,0.00575900562107563
rmse,persistence,surface_speed,1460,0.005480492860078812,0.004823276773095131,0.006040386483073234
rmse,persistence,surface_speed,1470,0.005569251844038566,0.004914786387234926,0.006075484026223421
rmse,persistence,surface_speed,1480,0.005321081448346377,0.004883964546024799,0.005943313147872686
rmse,persistence,surface_speed,1490,0.0055395096230010194,0.004949832148849964,0.006481004040688276
rmse,persistence,surface_speed,1500,0.00527118102957805,0.0043867077678442,0.006017064210027456
rmse,persistence,surface_speed,1510,0.004610671848058701,0.0039552003145217896,0.005236270651221275
rmse,persistence,surface_speed,1520,0.004500408625851075,0.0034100741613656282,0.00599398585036397
rmse,persistence,surface_speed,1530,0.0039508796917895475,0.00242335326038301,0.006090430915355683
rmse,persistence,surface_speed,1540,0.003205504547804594,0.0011448717443272472,0.005670259147882462
rmse,persistence,surface_speed,1550,0.004238261608406901,0.002566173207014799,0.0063694224692881106
rmse,persistence,surface_speed,1560,0.004824781185016036,0.003382566897198558,0.006804257724434137
rmse,persistence,surface_speed,1570,0.00509809471356372,0.003892990155145526,0.0069968136027455325
rmse,persistence,surface_speed,1580,0.005675309368719657,0.004355597589164972,0.007415091805160046
rmse,persistence,surface_speed,1590,0.005880839222421249,0.004536484647542238,0.0074696863070130345
rmse,persistence,surface_speed,1600,0.005939878554393848,0.004768726322799921,0.007442683354020118
rmse,persistence,surface_speed,1610,0.005919996121277412,0.004814906138926744,0.0072590896859765055
rmse,persistence,surface_speed,1620,0.005720520950853824,0.004617493506520987,0.006450921855866909
rmse,persistence,surface_speed,1630,0.005823944912602504,0.005033220909535885,0.006607730127871037
rmse,persistence,surface_speed,1640,0.005879130649069945,0.005214088596403599,0.006437920965254307
rmse,persistence,surface_speed,1650,0.005534062689791123,0.005178236216306686,0.0059669696725904945
rmse,persistence,surface_speed,1660,0.005621468865623077,0.005126961972564459,0.006304887402802706
rmse,persistence,surface_speed,1670,0.005348707363009453,0.004771659336984158,0.005742867384105921
rmse,persistence,surface_speed,1680,0.0045537490397691725,0.0043194257654249665,0.004849060345441103
rmse,persistence,surface_speed,1690,0.004279368712256352,0.0037772759329527616,0.004831085726618767
rmse,persistence,surface_speed,1700,0.003705649853994449,0.0031518375035375357,0.004228952713310718
rmse,persistence,surface_speed,1710,0.0026585175500561794,0.0021887618117034436,0.0031555387191474437
rmse,persistence,surface_speed,1720,0.0035027526939908665,0.003035449841991067,0.003906430583447218
rmse,persistence,surface_speed,1730,0.004200760787352919,0.0038110827561467888,0.004461795929819346
rmse,persistence,surface_speed,1740,0.004485504329204559,0.004312591347843409,0.004701824393123388
rmse,persistence,surface_speed,1750,0.005165327588717143,0.004764758516103029,0.0054634975269436835
rmse,persistence,surface_speed,1760,0.005545431313415368,0.005137717165052891,0.005876635294407606
rmse,persistence,surface_speed,1770,0.005725490984817346,0.005312986951321363,0.006088816281408072
rmse,persistence,surface_speed,1780,0.005857820436358452,0.005156800150871277,0.006453465856611729
rmse,persistence,surface_speed,1790,0.005793159268796444,0.004840214271098375,0.006752697937190533
rmse,persistence,surface_speed,1800,0.006011278244356314,0.005335303023457527,0.007334782090038061
rmse,persistence,surface_speed,1810,0.006213290399561326,0.005173486098647118,0.007940319925546646
rmse,persistence,surface_speed,1820,0.005949465154359738,0.004599761217832565,0.008004466630518436
rmse,persistence,surface_speed,1830,0.0061080130438009896,0.005179834365844726,0.0079878406599164
rmse,persistence,surface_speed,1840,0.005994955947001775,0.004853555932641029,0.0076080761849880215
rmse,persistence,surface_speed,1850,0.0052418586487571394,0.0035830398090183737,0.007217330392450094
rmse,persistence,surface_speed,1860,0.0050087403350820145,0.0037127180956304075,0.006895121745765209
rmse,persistence,surface_speed,1870,0.0046241052293529115,0.003203581692650914,0.006441727187484502
rmse,persistence,surface_speed,1880,0.0034639520260194936,0.0012894167564809324,0.005808468908071518
rmse,persistence,surface_speed,1890,0.004062210256233811,0.0023296416271477937,0.005874175392091274
rmse,persistence,surface_speed,1900,0.004735863441601396,0.0032756363973021506,0.006314330361783504
rmse,persistence,surface_speed,1910,0.004947503842413425,0.003740064986050129,0.006328813824802637
rmse,persistence,surface_speed,1920,0.005506005448599656,0.0044061335735023025,0.006760897859930992
rmse,persistence,surface_speed,1930,0.005830251735945543,0.004838667437434196,0.00720574539154768
rmse,persistence,surface_speed,1940,0.005888525055100521,0.004921339359134436,0.007243120484054089
rmse,persistence,surface_speed,1950,0.005881830677390098,0.004751720651984215,0.0071145941503345965
rmse,persistence,surface_speed,1960,0.005587353774656852,0.004481740109622478,0.00686678932979703
rmse,persistence,surface_speed,1970,0.005547779984772206,0.004984524566680193,0.006728372629731893
rmse,persistence,surface_speed,1980,0.005602989283700784,0.004995788726955652,0.0065515262074768545
rmse,persistence,surface_speed,1990,0.005161304151018461,0.0044117792509496215,0.0058073695749044415
rmse,persistence,surface_speed,2000,0.005100472581883272,0.004923991486430168,0.005275088641792536
rmse,model,phihyd_surface,0,0.0,0.0,0.0
rmse,model,phihyd_surface,10,0.002206505190891524,0.001623927685432136,0.002553453529253602
rmse,model,phihyd_surface,20,0.0028376876143738627,0.002053455635905266,0.0032924461644142865
rmse,model,phihyd_surface,30,0.003246340233211716,0.0023787447717040777,0.003797523025423288
rmse,model,phihyd_surface,40,0.0035855848186959823,0.002655571047216654,0.004178955685347319
rmse,model,phihyd_surface,50,0.003887843744208415,0.0029123915825039147,0.0045341323129832745
rmse,model,phihyd_surface,60,0.004193880315870047,0.003188769053667784,0.004870247188955545
rmse,model,phihyd_surface,70,0.0044791588404526315,0.0033965778071433305,0.005206592939794063
rmse,model,phihyd_surface,80,0.004743814344207445,0.0035808492451906205,0.005481042526662349
rmse,model,phihyd_surface,90,0.004975992751618226,0.0038636923301965,0.005681360699236393
rmse,model,phihyd_surface,100,0.005207995356371006,0.00424291929230094,0.005901679117232561
rmse,model,phihyd_surface,110,0.005420753996198376,0.004430747497826815,0.0061502580530941485
rmse,model,phihyd_surface,120,0.005649834436674913,0.004611657559871674,0.006315035838633775
rmse,model,phihyd_surface,130,0.005910253245383501,0.004871927015483379,0.006560275796800852
rmse,model,phihyd_surface,140,0.006146024167537689,0.005152288638055324,0.006809769012033939
rmse,model,phihyd_surface,150,0.006344353128224611,0.005519398767501116,0.007056869659572839
rmse,model,phihyd_surface,160,0.006560888265570005,0.006046631000936031,0.007265462819486856
rmse,model,phihyd_surface,170,0.0067778320672611395,0.006375880725681782,0.007556247897446155
rmse,model,phihyd_surface,180,0.0069756575549642244,0.006522781122475863,0.007801604643464088
rmse,model,phihyd_surface,190,0.007192098846038182,0.006627647113054991,0.00806015096604824
rmse,model,phihyd_surface,200,0.007427906865874926,0.0066857925616204735,0.008308612741529942
rmse,model,phihyd_surface,210,0.007630717692275842,0.006832183804363012,0.008589990250766276
rmse,model,phihyd_surface,220,0.00782783751686414,0.007019591797143221,0.00883205346763134
rmse,model,phihyd_surface,230,0.008047283968577783,0.0072402114048600195,0.009144245833158492
rmse,model,phihyd_surface,240,0.00827068801348408,0.007416532561182976,0.009531416371464728
rmse,model,phihyd_surface,250,0.00848457363123695,0.007598571106791496,0.00973735935986042
rmse,model,phihyd_surface,260,0.00871380375077327,0.007836059667170048,0.009943801537156105
rmse,model,phihyd_surface,270,0.008926435932517051,0.008083566650748253,0.010175303928554057
rmse,model,phihyd_surface,280,0.009129384035865466,0.00825082752853632,0.010421669110655785
rmse,model,phihyd_surface,290,0.009335698808232944,0.00836192313581705,0.010584073327481746
rmse,model,phihyd_surface,300,0.009551173945267995,0.008517177030444145,0.01078595072031021
rmse,model,phihyd_surface,310,0.009768625845511754,0.008710281737148762,0.010999458841979504
rmse,model,phihyd_surface,320,0.009967372752726078,0.008860043436288833,0.011286231689155102
rmse,model,phihyd_surface,330,0.010193250762919584,0.00909049529582262,0.011506024561822413
rmse,model,phihyd_surface,340,0.01042833961546421,0.009398635663092136,0.01180885676294565
rmse,model,phihyd_surface,350,0.010624976145724456,0.009499051049351693,0.0120364461094141
rmse,model,phihyd_surface,360,0.010861423735817274,0.009631732478737831,0.012300632335245608
rmse,model,phihyd_surface,370,0.011131051306923231,0.009892654605209827,0.012588917836546898
rmse,model,phihyd_surface,380,0.011351146052281063,0.010069389827549458,0.012861395627260207
rmse,model,phihyd_surface,390,0.011597180428604284,0.010249145328998566,0.013185571506619453
rmse,model,phihyd_surface,400,0.011857522279024124,0.010462877340614796,0.013576969876885413
rmse,model,phihyd_surface,410,0.012092508003115654,0.010626006498932838,0.013967490755021572
rmse,model,phihyd_surface,420,0.012311309079329173,0.010665446706116199,0.014165917970240116
rmse,model,phihyd_surface,430,0.012581332152088483,0.01087440736591816,0.014528633654117584
rmse,model,phihyd_surface,440,0.012793166438738506,0.010935003124177455,0.01471982467919588
rmse,model,phihyd_surface,450,0.013040582835674285,0.01101379357278347,0.014961990155279636
rmse,model,phihyd_surface,460,0.013258860756953558,0.011126361042261123,0.015209722891449928
rmse,model,phihyd_surface,470,0.013470596137146155,0.011332600750029087,0.015390180051326752
rmse,model,phihyd_surface,480,0.013700125304361184,0.011484325490891933,0.01566731482744217
rmse,model,phihyd_surface,490,0.013928911462426186,0.01158259492367506,0.016017087548971177
rmse,model,phihyd_surface,500,0.014158399527271588,0.011739491857588292,0.016138624399900436
rmse,model,phihyd_surface,510,0.014402595286568006,0.01200979333370924,0.01639789193868637
rmse,model,phihyd_surface,520,0.014609314315021039,0.012195750325918197,0.01670483350753784
rmse,model,phihyd_surface,530,0.014791589230298996,0.012241056561470032,0.01685117594897747
rmse,model,phihyd_surface,540,0.014987947108844915,0.012398906238377094,0.01702628843486309
rmse,model,phihyd_surface,550,0.0152036568770806,0.01273200400173664,0.0172786645591259
rmse,model,phihyd_surface,560,0.015380822742978731,0.012951720133423805,0.01742262169718742
rmse,model,phihyd_surface,570,0.015528484806418419,0.012998913414776325,0.017540215328335763
rmse,model,phihyd_surface,580,0.015719658322632314,0.01328374519944191,0.017627542465925215
rmse,model,phihyd_surface,590,0.015885994024574756,0.013577374070882798,0.017804297059774397
rmse,model,phihyd_surface,600,0.016076283964018025,0.013651172071695328,0.01808793433010578
rmse,model,phihyd_surface,610,0.01623928633828958,0.013857761770486832,0.01807792633771896
rmse,model,phihyd_surface,620,0.01642523054033518,0.014248147048056126,0.01821341775357723
rmse,model,phihyd_surface,630,0.016460297753413518,0.014202357269823551,0.018372648954391477
rmse,model,phihyd_surface,640,0.01657400205731392,0.014545310474932193,0.018509717658162117
rmse,model,phihyd_surface,650,0.016770153120160104,0.015024586580693722,0.01859124079346657
rmse,model,phihyd_surface,660,0.016866551029185453,0.015144128911197185,0.018854008615016935
rmse,model,phihyd_surface,670,0.016945002662638823,0.015033661760389805,0.019031817093491554
rmse,model,phihyd_surface,680,0.017139478338261446,0.015598728694021702,0.019103301316499708
rmse,model,phihyd_surface,690,0.017251510731875898,0.01580357924103737,0.01940015964210033
rmse,model,phihyd_surface,700,0.01725394402941068,0.015730813145637512,0.019452062249183652
rmse,model,phihyd_surface,710,0.017330810551842053,0.015901948139071465,0.019520623609423637
rmse,model,phihyd_surface,720,0.017525818571448325,0.016306160390377043,0.01973609887063503
rmse,model,phihyd_surface,730,0.01764932225147883,0.01625588573515415,0.019956393539905547
rmse,model,phihyd_surface,740,0.017725084349513053,0.016348933801054955,0.02005902975797653
rmse,model,phihyd_surface,750,0.017896256968379022,0.016624923795461655,0.02024283595383167
rmse,model,phihyd_surface,760,0.018026445557673774,0.016643072292208672,0.020325103774666786
rmse,model,phihyd_surface,770,0.018199354285995166,0.016534626856446265,0.02062280811369419
rmse,model,phihyd_surface,780,0.01841659682492415,0.016971488669514655,0.020818730443716047
rmse,model,phihyd_surface,790,0.018623470887541772,0.017212824895977974,0.020946207270026204
rmse,model,phihyd_surface,800,0.01862994966407617,0.016819291561841965,0.021060548350214956
rmse,model,phihyd_surface,810,0.01879052792986234,0.01735132373869419,0.02123544104397297
rmse,model,phihyd_surface,820,0.01902545541524887,0.017791663110256196,0.021399896964430808
rmse,model,phihyd_surface,830,0.01910017306605975,0.01782127432525158,0.0216597493737936
rmse,model,phihyd_surface,840,0.019186735153198242,0.017758771032094955,0.021971381083130834
rmse,model,phihyd_surface,850,0.019395863140622773,0.01782517321407795,0.022227594628930092
rmse,model,phihyd_surface,860,0.01952605942885081,0.017993623018264772,0.022067590057849883
rmse,model,phihyd_surface,870,0.019530171404282252,0.017993563413619997,0.021930978447198865
rmse,model,phihyd_surface,880,0.019589704275131226,0.018425345420837402,0.0220814224332571
rmse,model,phihyd_surface,890,0.01980529216428598,0.01854061000049114,0.02222262658178806
rmse,model,phihyd_surface,900,0.01996153915921847,0.018710598722100256,0.02231590151786804
rmse,model,phihyd_surface,910,0.020011324311296146,0.01878899857401848,0.02247452586889267
rmse,model,phihyd_surface,920,0.020141694073875744,0.019191014394164086,0.022477445378899574
rmse,model,phihyd_surface,930,0.020249732211232184,0.01895025335252285,0.022387074306607246
rmse,model,phihyd_surface,940,0.02034759831925233,0.01879519931972027,0.022400077432394028
rmse,model,phihyd_surface,950,0.020462047432859738,0.019154461473226546,0.02237161286175251
rmse,model,phihyd_surface,960,0.02056861879924933,0.018992120400071144,0.022485792636871338
rmse,model,phihyd_surface,970,0.020510338743527732,0.01853175237774849,0.022368206456303597
rmse,model,phihyd_surface,980,0.020553384100397427,0.018942654505372046,0.02242506332695484
rmse,model,phihyd_surface,990,0.02071536344786485,0.019321614876389503,0.02249617800116539
rmse,model,phihyd_surface,1000,0.02070108912885189,0.018893134966492652,0.022545058652758597
rmse,model,phihyd_surface,1010,0.020700320973992346,0.01851813420653343,0.022716130316257476
rmse,model,phihyd_surface,1020,0.020881531139214832,0.018658648803830148,0.02287185937166214
rmse,model,phihyd_surface,1030,0.02104185844461123,0.018841701745986938,0.023131484538316725
rmse,model,phihyd_surface,1040,0.021065328642725943,0.018813183531165123,0.023206032440066336
rmse,model,phihyd_surface,1050,0.021136817584435145,0.01837575323879719,0.02333994023501873
rmse,model,phihyd_surface,1060,0.02137041961153348,0.01881578713655472,0.023507557809352875
rmse,model,phihyd_surface,1070,0.021598059932390848,0.01896284967660904,0.02362447865307331
rmse,model,phihyd_surface,1080,0.021680744489034016,0.01862015835940838,0.023804353922605513
rmse,model,phihyd_surface,1090,0.021888343741496404,0.01894662082195282,0.02414713092148304
rmse,model,phihyd_surface,1100,0.022034679477413496,0.01899387128651142,0.024280110374093056
rmse,model,phihyd_surface,1110,0.02218171606461207,0.018655892089009286,0.024225416779518127
rmse,model,phihyd_surface,1120,0.022360313062866528,0.01933245360851288,0.024176695942878725
rmse,model,phihyd_surface,1130,0.02258926456173261,0.019848031178116798,0.024354138970375062
rmse,model,phihyd_surface,1140,0.02249073175092538,0.019126493856310843,0.024563060700893403
rmse,model,phihyd_surface,1150,0.022612384334206582,0.019839570671319962,0.024613774195313454
rmse,model,phihyd_surface,1160,0.022954178477327027,0.02086643986403942,0.02467474602162838
rmse,model,phihyd_surface,1170,0.023088058332602183,0.020718952640891075,0.025001608207821845
rmse,model,phihyd_surface,1180,0.0230762446920077,0.020211271941661835,0.025016843527555465
rmse,model,phihyd_surface,1190,0.02332150563597679,0.020742767676711082,0.024979206174612044
rmse,model,phihyd_surface,1200,0.023600628972053526,0.02098507508635521,0.025197733938694
rmse,model,phihyd_surface,1210,0.023656564578413964,0.021093583106994628,0.025384529680013656
rmse,model,phihyd_surface,1220,0.02360477770368258,0.02102307789027691,0.025369460880756377
rmse,model,phihyd_surface,1230,0.023799207185705502,0.02156977020204067,0.02541351281106472
rmse,model,phihyd_surface,1240,0.023925049478809038,0.021128687262535095,0.0253768227994442
rmse,model,phihyd_surface,1250,0.02381779526670774,0.02080659531056881,0.025497421622276306
rmse,model,phihyd_surface,1260,0.02383133607606093,0.02131459079682827,0.02543060779571533
rmse,model,phihyd_surface,1270,0.023900126417477924,0.02116619274020195,0.02551174648106098
rmse,model,phihyd_surface,1280,0.023864041144649187,0.020694660395383833,0.025493939965963365
rmse,model,phihyd_surface,1290,0.02395230544110139,0.021608275920152666,0.025511085987091064
rmse,model,phihyd_surface,1300,0.02423266184826692,0.022257769852876662,0.025527291744947434
rmse,model,phihyd_surface,1310,0.024042806774377822,0.021159470453858374,0.025936971232295037
rmse,model,phihyd_surface,1320,0.024018471191326777,0.02169242985546589,0.026024799421429635
rmse,model,phihyd_surface,1330,0.02424948861201604,0.02302808575332165,0.025749044120311735
rmse,model,phihyd_surface,1340,0.024376796806852022,0.023032944276928903,0.026362697407603265
rmse,model,phihyd_surface,1350,0.024206786106030147,0.02227242887020111,0.026293550059199332
rmse,model,phihyd_surface,1360,0.024442419906457267,0.02305392548441887,0.026227857545018197
rmse,model,phihyd_surface,1370,0.02471473179757595,0.02374291867017746,0.026427140086889265
rmse,model,phihyd_surface,1380,0.02474388654033343,0.023667164519429205,0.027143025398254392
rmse,model,phihyd_surface,1390,0.02461621823410193,0.023554613068699836,0.02654459848999977
rmse,model,phihyd_surface,1400,0.0248930341253678,0.023748229444026946,0.026562612876296042
rmse,model,phihyd_surface,1410,0.0250875278065602,0.023557572811841964,0.02728184647858143
rmse,model,phihyd_surface,1420,0.025205819929639498,0.02330002374947071,0.027523594722151757
rmse,model,phihyd_surface,1430,0.0252621748795112,0.023992475494742392,0.027247242256999014
rmse,model,phihyd_surface,1440,0.02551440621415774,0.023799893632531165,0.028190576285123826
rmse,model,phihyd_surface,1450,0.025444206098715463,0.02347463518381119,0.02855680398643017
rmse,model,phihyd_surface,1460,0.025689590846498807,0.02386004701256752,0.028285521268844604
rmse,model,phihyd_surface,1470,0.026161458591620126,0.024334032088518143,0.027980605140328407
rmse,model,phihyd_surface,1480,0.02615713862081369,0.02447301596403122,0.02841859832406044
rmse,model,phihyd_surface,1490,0.02603060342371464,0.024046876281499863,0.02865397296845913
rmse,model,phihyd_surface,1500,0.026295869424939156,0.0242856290191412,0.028892934694886206
rmse,model,phihyd_surface,1510,0.026510068898399672,0.024119097366929056,0.02929924353957176
rmse,model,phihyd_surface,1520,0.026389460265636443,0.024306611716747285,0.028863879665732384
rmse,model,phihyd_surface,1530,0.026644620671868326,0.02503287009894848,0.028624986112117768
rmse,model,phihyd_surface,1540,0.026916405682762466,0.025505490601062775,0.029149064794182777
rmse,model,phihyd_surface,1550,0.02696699686348438,0.025730645656585692,0.029256235435605047
rmse,model,phihyd_surface,1560,0.026777335504690806,0.025684138014912605,0.028792225196957587
rmse,model,phihyd_surface,1570,0.026946008081237476,0.025623464956879616,0.028800723701715467
rmse,model,phihyd_surface,1580,0.027080845584472022,0.026023513823747634,0.028963855654001235
rmse,model,phihyd_surface,1590,0.027106145645181337,0.026133107393980025,0.028875396773219108
rmse,model,phihyd_surface,1600,0.027027480800946555,0.025571497157216072,0.029119399189949036
rmse,model,phihyd_surface,1610,0.027280960977077485,0.025659188255667688,0.029612840339541435
rmse,model,phihyd_surface,1620,0.027052935833732288,0.02545321099460125,0.029388076812028884
rmse,model,phihyd_surface,1630,0.027182522416114806,0.025721990317106248,0.02926355116069317
rmse,model,phihyd_surface,1640,0.02751075302561124,0.025758230313658714,0.029653232917189597
rmse,model,phihyd_surface,1650,0.027593575169642767,0.025985591113567352,0.030030715093016625
rmse,model,phihyd_surface,1660,0.0272610558817784,0.025236398726701737,0.029757816344499588
rmse,model,phihyd_surface,1670,0.02750080501039823,0.025833280012011527,0.02943532057106495
rmse,model,phihyd_surface,1680,0.027759140357375145,0.025864943489432336,0.029425514116883277
rmse,model,phihyd_surface,1690,0.027581553161144256,0.02574173957109451,0.029313765093684198
rmse,model,phihyd_surface,1700,0.027699876328309378,0.025762980431318284,0.029550553858280183
rmse,model,phihyd_surface,1710,0.028037535275022188,0.02608155757188797,0.029916999489068986
rmse,model,phihyd_surface,1720,0.028206553682684897,0.02631812244653702,0.03000222221016884
rmse,model,phihyd_surface,1730,0.027981053789456686,0.02633378803730011,0.029872770234942437
rmse,model,phihyd_surface,1740,0.02815479338169098,0.026283538714051247,0.02982061430811882
rmse,model,phihyd_surface,1750,0.028329418475429215,0.026035596802830695,0.030138296633958818
rmse,model,phihyd_surface,1760,0.028288497899969418,0.02579391598701477,0.029776520282030105
rmse,model,phihyd_surface,1770,0.028299616277217866,0.02600211277604103,0.030212920159101486
rmse,model,phihyd_surface,1780,0.028576200952132542,0.026504554972052573,0.030935665220022203
rmse,model,phihyd_surface,1790,0.028467544789115586,0.025580213591456413,0.030993406474590302
rmse,model,phihyd_surface,1800,0.028507263337572416,0.026298442855477333,0.030636540427803994
rmse,model,phihyd_surface,1810,0.028846398865183195,0.026757460460066794,0.030572212487459182
rmse,model,phihyd_surface,1820,0.029058893024921418,0.027092302963137627,0.031071892380714415
rmse,model,phihyd_surface,1830,0.02885872945189476,0.026155442371964453,0.03120574876666069
rmse,model,phihyd_surface,1840,0.029131375749905906,0.026892800256609915,0.030920188501477243
rmse,model,phihyd_surface,1850,0.029441815987229347,0.027791083604097367,0.031209710240364074
rmse,model,phihyd_surface,1860,0.029382318506638208,0.02780818156898022,0.03148584738373757
rmse,model,phihyd_surface,1870,0.02930939185122649,0.027348608523607255,0.03130898103117943
rmse,model,phihyd_surface,1880,0.029641344274083773,0.027967961877584456,0.0311008982360363
rmse,model,phihyd_surface,1890,0.029783843581875167,0.027348488941788672,0.03141142800450325
rmse,model,phihyd_surface,1900,0.029653878261645634,0.02777409292757511,0.03158099427819252
rmse,model,phihyd_surface,1910,0.029757799580693245,0.02806510329246521,0.03141613975167275
rmse,model,phihyd_surface,1920,0.0297873105853796,0.027817485481500627,0.0312726341187954
rmse,model,phihyd_surface,1930,0.029544330636660256,0.027390150353312492,0.03138066679239273
rmse,model,phihyd_surface,1940,0.02954144316414992,0.027420679479837416,0.031158556044101716
rmse,model,phihyd_surface,1950,0.029731432472666106,0.028326212614774703,0.03127184137701988
rmse,model,phihyd_surface,1960,0.029566788052519163,0.027504711225628854,0.031583540886640546
rmse,model,phihyd_surface,1970,0.029456651334961257,0.02764543555676937,0.031269528716802594
rmse,model,phihyd_surface,1980,0.029767855380972225,0.028594640269875526,0.031248839199542997
rmse,model,phihyd_surface,1990,0.029951045289635658,0.02886174023151398,0.0314145065844059
rmse,model,phihyd_surface,2000,0.02973054684698582,0.027692606672644615,0.03173463195562363
rmse,climatology,phihyd_surface,0,0.05692157025138537,0.0540118932723999,0.06075506955385208
rmse,climatology,phihyd_surface,10,0.056680009017388025,0.05367028638720513,0.06037708297371864
rmse,climatology,phihyd_surface,20,0.05694338803490003,0.05384332314133644,0.06084540709853172
rmse,climatology,phihyd_surface,30,0.057446611920992534,0.05423908606171608,0.060870414972305296
rmse,climatology,phihyd_surface,40,0.057454103728135426,0.05363750085234642,0.0611496739089489
rmse,climatology,phihyd_surface,50,0.057469504823287325,0.05428253337740898,0.06128906905651092
rmse,climatology,phihyd_surface,60,0.057764495412508644,0.054917764663696286,0.061568853259086606
rmse,climatology,phihyd_surface,70,0.057812611510356264,0.05439188927412033,0.06136211305856704
rmse,climatology,phihyd_surface,80,0.05779709865649541,0.0544616349041462,0.06104524731636047
rmse,climatology,phihyd_surface,90,0.05823042243719101,0.054851552844047545,0.061501675844192506
rmse,climatology,phihyd_surface,100,0.058571910858154295,0.05556148514151573,0.06224257200956344
rmse,climatology,phihyd_surface,110,0.05832597240805626,0.05456456691026688,0.062055636942386624
rmse,climatology,phihyd_surface,120,0.05838046645124753,0.0552049845457077,0.06185265481472015
rmse,climatology,phihyd_surface,130,0.058862271656592684,0.056280724704265594,0.06226893961429596
rmse,climatology,phihyd_surface,140,0.05890630135933558,0.055307308584451674,0.06234569996595383
rmse,climatology,phihyd_surface,150,0.058795631925265,0.055010396242141726,0.06245765537023544
rmse,climatology,phihyd_surface,160,0.059227278580268224,0.055673220008611676,0.06248127669095993
rmse,climatology,phihyd_surface,170,0.0593919758995374,0.05608486458659172,0.06336658149957657
rmse,climatology,phihyd_surface,180,0.05913980553547541,0.05560798794031143,0.06322231292724609
rmse,climatology,phihyd_surface,190,0.05930270453294118,0.05560361742973328,0.06361835449934006
rmse,climatology,phihyd_surface,200,0.05977260222037633,0.0562749944627285,0.06364061832427978
rmse,climatology,phihyd_surface,210,0.05977979078888893,0.055629491060972217,0.06387710720300674
rmse,climatology,phihyd_surface,220,0.059729818751414615,0.05552392974495888,0.0639174908399582
rmse,climatology,phihyd_surface,230,0.05998009741306305,0.05623206943273544,0.06413090825080872
rmse,climatology,phihyd_surface,240,0.060027102132638295,0.056172411888837814,0.06374824345111847
rmse,climatology,phihyd_surface,250,0.05995760038495064,0.055935739725828174,0.06330418288707733
rmse,climatology,phihyd_surface,260,0.060308658083279926,0.056830041110515594,0.0638186901807785
rmse,climatology,phihyd_surface,270,0.06065331523617109,0.05662447139620781,0.06455380767583847
rmse,climatology,phihyd_surface,280,0.060408310343821846,0.055542159080505374,0.06437153369188309
rmse,climatology,phihyd_surface,290,0.060378834356864294,0.05614174604415893,0.06424322873353958
rmse,climatology,phihyd_surface,300,0.060835018505652746,0.05727676749229431,0.06441317796707154
rmse,climatology,phihyd_surface,310,0.06092786093552907,0.05653144121170044,0.06424515843391418
rmse,climatology,phihyd_surface,320,0.06076440364122391,0.05623466148972511,0.06415620446205139
rmse,climatology,phihyd_surface,330,0.06115221704045932,0.057151006907224654,0.06424508988857269
rmse,climatology,phihyd_surface,340,0.06138925676544507,0.05764157474040985,0.0649036094546318
rmse,climatology,phihyd_surface,350,0.06119506061077118,0.05739986523985863,0.06481354087591171
rmse,climatology,phihyd_surface,360,0.06133954251805941,0.05728352516889572,0.06510765999555587
rmse,climatology,phihyd_surface,370,0.061872268964846926,0.05792978852987289,0.06517649292945862
rmse,climatology,phihyd_surface,380,0.06199516380826632,0.057432716339826585,0.06543024182319641
rmse,climatology,phihyd_surface,390,0.06198998764157295,0.05779837444424629,0.06556831300258636
rmse,climatology,phihyd_surface,400,0.062293627361456556,0.058491166681051254,0.06596781015396118
rmse,climatology,phihyd_surface,410,0.062442297488451,0.05825912728905678,0.06599228531122207
rmse,climatology,phihyd_surface,420,0.06242025246222814,0.05794728249311447,0.06558659225702286
rmse,climatology,phihyd_surface,430,0.062762417892615,0.05885829702019692,0.06606810241937637
rmse,climatology,phihyd_surface,440,0.06317219361662865,0.05912090167403221,0.06672806590795517
rmse,climatology,phihyd_surface,450,0.06301639502247175,0.058131230622529985,0.06668462157249451
rmse,climatology,phihyd_surface,460,0.06298208609223366,0.05840150192379952,0.06662967056035995
rmse,climatology,phihyd_surface,470,0.06345696076750755,0.05980171412229538,0.06670883595943451
rmse,climatology,phihyd_surface,480,0.06364863117535909,0.05933931693434715,0.06689698845148087
rmse,climatology,phihyd_surface,490,0.06349440515041352,0.058671087771654126,0.0667315036058426
rmse,climatology,phihyd_surface,500,0.06383654524882634,0.05955568253993988,0.06678965836763381
rmse,climatology,phihyd_surface,510,0.0641077975432078,0.06015075296163559,0.06744753420352936
rmse,climatology,phihyd_surface,520,0.06394057770570119,0.05998289659619331,0.06756779104471207
rmse,climatology,phihyd_surface,530,0.06401904573043188,0.05976750776171684,0.0676952913403511
rmse,climatology,phihyd_surface,540,0.0645153840382894,0.06048252657055855,0.06781647205352784
rmse,climatology,phihyd_surface,550,0.0646311655640602,0.05994043275713921,0.06802677810192108
rmse,climatology,phihyd_surface,560,0.06453656579057375,0.05998754277825356,0.06790613681077957
rmse,climatology,phihyd_surface,570,0.06474194129308065,0.060726483911275865,0.06819631457328797
rmse,climatology,phihyd_surface,580,0.06484273374080658,0.06062316745519638,0.06818518936634063
rmse,climatology,phihyd_surface,590,0.06473097776373228,0.06019945740699768,0.0677907258272171
rmse,climatology,phihyd_surface,600,0.06492720146973928,0.06103810369968414,0.06781469285488129
rmse,climatology,phihyd_surface,610,0.06525187293688456,0.061425799131393434,0.06837361603975296
rmse,climatology,phihyd_surface,620,0.06504991576075554,0.0605489231646061,0.06846066415309907
rmse,climatology,phihyd_surface,630,0.06490104297796885,0.06062305271625519,0.0684202641248703
rmse,climatology,phihyd_surface,640,0.06531135588884354,0.06204385906457901,0.06836063712835312
rmse,climatology,phihyd_surface,650,0.06555694863200187,0.061809518933296205,0.06876436620950699
rmse,climatology,phihyd_surface,660,0.06541104912757874,0.061003798991441725,0.06861963719129563
rmse,climatology,phihyd_surface,670,0.06570803076028824,0.061936506628990175,0.0688043013215065
rmse,climatology,phihyd_surface,680,0.0660092497865359,0.062600277364254,0.0692927896976471
rmse,climatology,phihyd_surface,690,0.0658518247306347,0.06251320242881775,0.06977245509624481
rmse,climatology,phihyd_surface,700,0.06584160402417183,0.06241929233074188,0.06980532109737396
rmse,climatology,phihyd_surface,710,0.06630083546042442,0.06296867281198501,0.06997156739234925
rmse,climatology,phihyd_surface,720,0.06648046374320984,0.062468376755714414,0.07018117904663086
rmse,climatology,phihyd_surface,730,0.06641964713732401,0.06260938346385955,0.07019177228212356
rmse,climatology,phihyd_surface,740,0.06664885804057122,0.06345040500164031,0.07059156149625778
rmse,climatology,phihyd_surface,750,0.06683835089206695,0.06345011740922928,0.0707003727555275
rmse,climatology,phihyd_surface,760,0.06681650504469872,0.06288141608238221,0.07037393897771835
rmse,climatology,phihyd_surface,770,0.06707796951134999,0.0636759877204895,0.07060198932886123
rmse,climatology,phihyd_surface,780,0.06754937469959259,0.06427071988582611,0.07117386013269425
rmse,climatology,phihyd_surface,790,0.06753469879428546,0.06359432190656662,0.07149288803339005
rmse,climatology,phihyd_surface,800,0.06743075003226598,0.06349241882562637,0.07149431854486465
rmse,climatology,phihyd_surface,810,0.06782886336247126,0.0648969516158104,0.0713901087641716
rmse,climatology,phihyd_surface,820,0.06812459776798883,0.06491313874721527,0.0719097688794136
rmse,climatology,phihyd_surface,830,0.06798334966103235,0.06410926282405853,0.07158269584178925
rmse,climatology,phihyd_surface,840,0.06821932643651962,0.06457338482141495,0.07177293300628662
rmse,climatology,phihyd_surface,850,0.06853639433781306,0.06560182124376297,0.07200665324926377
rmse,climatology,phihyd_surface,860,0.06839062025149663,0.0655621588230133,0.07204246073961258
rmse,climatology,phihyd_surface,870,0.06830141643683116,0.06521108746528625,0.07175869345664979
rmse,climatology,phihyd_surface,880,0.06871830274661382,0.06573315560817719,0.07197325229644776
rmse,climatology,phihyd_surface,890,0.06895308246215184,0.06555509567260742,0.07220278680324554
rmse,climatology,phihyd_surface,900,0.06890016992886862,0.06515448391437531,0.07240539491176605
rmse,climatology,phihyd_surface,910,0.06908411085605622,0.06562727093696594,0.07289955019950867
rmse,climatology,phihyd_surface,920,0.06925471325715384,0.06586232334375382,0.07299630343914032
rmse,climatology,phihyd_surface,930,0.06918003112077713,0.06542624533176422,0.0726561963558197
rmse,climatology,phihyd_surface,940,0.0693193236986796,0.06592341363430024,0.0728282243013382
rmse,climatology,phihyd_surface,950,0.06971457004547119,0.06607861071825027,0.07327287346124649
rmse,climatology,phihyd_surface,960,0.06969102174043655,0.0654661476612091,0.07342355102300643
rmse,climatology,phihyd_surface,970,0.0695037176211675,0.06514701396226882,0.07324914932250977
rmse,climatology,phihyd_surface,980,0.06981508036454519,0.06634537130594254,0.07320066839456559
rmse,climatology,phihyd_surface,990,0.07012118597825369,0.06629467904567718,0.07356815040111542
rmse,climatology,phihyd_surface,1000,0.06997173925240835,0.06553266793489457,0.07312462031841278
rmse,climatology,phihyd_surface,1010,0.07013312727212906,0.06612063795328141,0.07337591648101807
rmse,climatology,phihyd_surface,1020,0.07049078692992529,0.06641355156898499,0.07354060113430023
rmse,climatology,phihyd_surface,1030,0.07044793864091238,0.06647260189056396,0.07415570914745331
rmse,climatology,phihyd_surface,1040,0.07039273877938589,0.0662717029452324,0.07396337389945984
rmse,climatology,phihyd_surface,1050,0.07083370685577392,0.06690557450056075,0.07427409887313843
rmse,climatology,phihyd_surface,1060,0.07115377386411031,0.06656282246112824,0.07435140013694763
rmse,climatology,phihyd_surface,1070,0.07115020056565603,0.06656177788972854,0.07457352876663208
rmse,climatology,phihyd_surface,1080,0.07136312127113342,0.0672287479043007,0.07503714859485626
rmse,climatology,phihyd_surface,1090,0.07162613968054453,0.06766646653413773,0.07524458318948746
rmse,climatology,phihyd_surface,1100,0.07162835896015167,0.06683275401592255,0.07495339214801788
rmse,climatology,phihyd_surface,1110,0.07176018158594767,0.0674424096941948,0.07487977892160416
rmse,climatology,phihyd_surface,1120,0.07214866628249486,0.06819974184036255,0.07515641003847122
rmse,climatology,phihyd_surface,1130,0.0721589187781016,0.06770756095647812,0.0756022185087204
rmse,climatology,phihyd_surface,1140,0.07193963478008907,0.0672881320118904,0.07532519549131393
rmse,climatology,phihyd_surface,1150,0.07222985476255417,0.06845470666885375,0.07507137507200241
rmse,climatology,phihyd_surface,1160,0.07262792686621349,0.06881829798221588,0.075775246322155
rmse,climatology,phihyd_surface,1170,0.0725602368513743,0.06795705556869507,0.07545194029808044
rmse,climatology,phihyd_surface,1180,0.07267973969380061,0.06841475367546082,0.07571099996566773
rmse,climatology,phihyd_surface,1190,0.07305443336566289,0.06912154108285903,0.07585675716400146
rmse,climatology,phihyd_surface,1200,0.07307509630918503,0.06922845393419266,0.07665702700614929
rmse,climatology,phihyd_surface,1210,0.07298866808414459,0.06899158805608749,0.07622971087694168
rmse,climatology,phihyd_surface,1220,0.0733256995677948,0.06940837055444718,0.07653092294931411
rmse,climatology,phihyd_surface,1230,0.07354893386363984,0.06924781948328018,0.07654089331626893
rmse,climatology,phihyd_surface,1240,0.07337459127108256,0.06899127215147019,0.07672089487314224
rmse,climatology,phihyd_surface,1250,0.0733867809176445,0.06964316219091415,0.07682103514671326
rmse,climatology,phihyd_surface,1260,0.07356307407220204,0.07008877992630005,0.07694344073534012
rmse,climatology,phihyd_surface,1270,0.07354514598846436,0.06935083419084549,0.07673077434301376
rmse,climatology,phihyd_surface,1280,0.07363764892021815,0.06978769749403,0.0767656609416008
rmse,climatology,phihyd_surface,1290,0.0740376055240631,0.07045051455497742,0.0768529400229454
rmse,climatology,phihyd_surface,1300,0.07414656480153402,0.07014208137989045,0.07739941924810409
rmse,climatology,phihyd_surface,1310,0.07393090526262919,0.06961499154567719,0.07712427824735642
rmse,climatology,phihyd_surface,1320,0.07412738154331842,0.0706562876701355,0.07703469395637512
rmse,climatology,phihyd_surface,1330,0.07448959946632386,0.07122593224048615,0.07759877890348435
rmse,climatology,phihyd_surface,1340,0.0744293769200643,0.07043402493000031,0.07739463150501251
rmse,climatology,phihyd_surface,1350,0.0744918887813886,0.07071377038955688,0.07767269164323806
rmse,climatology,phihyd_surface,1360,0.07486753116051356,0.07150282114744186,0.07777639478445053
rmse,climatology,phihyd_surface,1370,0.07490825851758322,0.07176849097013474,0.07856562733650208
rmse,climatology,phihyd_surface,1380,0.07477229287226995,0.07154101282358169,0.07829537093639374
rmse,climatology,phihyd_surface,1390,0.07507073581218719,0.07189963310956955,0.07867537289857865
rmse,climatology,phihyd_surface,1400,0.07540774991114935,0.07191538959741592,0.07871362715959548
rmse,climatology,phihyd_surface,1410,0.07538889149824778,0.0717790737748146,0.07894333302974701
rmse,climatology,phihyd_surface,1420,0.07548548579216004,0.07243122905492783,0.07915873974561691
rmse,climatology,phihyd_surface,1430,0.07573437094688415,0.07300751954317093,0.07938239872455596
rmse,climatology,phihyd_surface,1440,0.07575590014457703,0.07233449816703796,0.07928234785795212
rmse,climatology,phihyd_surface,1450,0.07581512828667959,0.07261932641267776,0.07917832732200622
rmse,climatology,phihyd_surface,1460,0.07622155050436656,0.07301418781280518,0.07956441938877105
rmse,climatology,phihyd_surface,1470,0.076456784705321,0.07348747253417968,0.08020341843366623
rmse,climatology,phihyd_surface,1480,0.0763171891371409,0.07286379784345627,0.08004744797945022
rmse,climatology,phihyd_surface,1490,0.07649621764818827,0.07366715669631958,0.07992962151765823
rmse,climatology,phihyd_surface,1500,0.07687220325072606,0.07423707246780395,0.08038027882575989
rmse,climatology,phihyd_surface,1510,0.07683821072181066,0.07331745326519012,0.08023654520511628
rmse,climatology,phihyd_surface,1520,0.07682551294565201,0.07325226068496704,0.08038118034601212
rmse,climatology,phihyd_surface,1530,0.077163465321064,0.0741541862487793,0.08037637025117875
rmse,climatology,phihyd_surface,1540,0.07720060497522355,0.07404913604259492,0.0809181272983551
rmse,climatology,phihyd_surface,1550,0.0770004466176033,0.07363619208335877,0.08032764047384262
rmse,climatology,phihyd_surface,1560,0.07721679260333379,0.07417798042297363,0.08075584471225739
rmse,climatology,phihyd_surface,1570,0.07757302075624466,0.07428430765867233,0.08081723898649215
rmse,climatology,phihyd_surface,1580,0.07757673064867655,0.07395322322845459,0.08113281577825546
rmse,climatology,phihyd_surface,1590,0.07763385673364004,0.07408267557621002,0.08136717975139618
rmse,climatology,phihyd_surface,1600,0.07787857204675674,0.07461673468351364,0.08160435557365417
rmse,climatology,phihyd_surface,1610,0.07791258146365483,0.07438546866178512,0.08140158355236053
rmse,climatology,phihyd_surface,1620,0.07791242301464081,0.07444216758012771,0.08108875155448914
rmse,climatology,phihyd_surface,1630,0.07823084046443303,0.07487311810255051,0.08152918964624405
rmse,climatology,phihyd_surface,1640,0.07844077597061792,0.0747852623462677,0.08203520923852921
rmse,climatology,phihyd_surface,1650,0.07824296901623408,0.07407883256673813,0.08163137584924698
rmse,climatology,phihyd_surface,1660,0.07831674963235855,0.0747125118970871,0.08158945888280869
rmse,climatology,phihyd_surface,1670,0.07868469456831614,0.07535350024700165,0.08182039856910706
rmse,climatology,phihyd_surface,1680,0.07871209780375163,0.07461183071136475,0.081662879884243
rmse,climatology,phihyd_surface,1690,0.07867238720258077,0.07469270080327987,0.08177667111158371
rmse,climatology,phihyd_surface,1700,0.0790339931845665,0.07525292038917542,0.0818263366818428
rmse,climatology,phihyd_surface,1710,0.07919730991125107,0.07543612569570542,0.08244438916444778
rmse,climatology,phihyd_surface,1720,0.07909093002478282,0.07522009760141372,0.0824307844042778
rmse,climatology,phihyd_surface,1730,0.07932202766338985,0.07536506056785583,0.08287565857172012
rmse,climatology,phihyd_surface,1740,0.07975259721279145,0.07571159452199935,0.08295485824346542
rmse,climatology,phihyd_surface,1750,0.07984561920166015,0.0754326418042183,0.08320118635892867
rmse,climatology,phihyd_surface,1760,0.07992210288842519,0.07587989866733551,0.08341194540262223
rmse,climatology,phihyd_surface,1770,0.08020233164230982,0.076484052836895,0.08368216156959533
rmse,climatology,phihyd_surface,1780,0.08029500097036361,0.07606295496225357,0.08363444507122039
rmse,climatology,phihyd_surface,1790,0.08029505411783854,0.07594126760959626,0.08326652348041534
rmse,climatology,phihyd_surface,1800,0.080582195520401,0.07670546621084214,0.08344512283802033
rmse,climatology,phihyd_surface,1810,0.08082535962263743,0.07686355262994767,0.08389799147844315
rmse,climatology,phihyd_surface,1820,0.08065820087989171,0.0761458307504654,0.08381610810756683
rmse,climatology,phihyd_surface,1830,0.08071261445681253,0.07659720033407211,0.08375120759010315
rmse,climatology,phihyd_surface,1840,0.08112095048030217,0.07756310254335404,0.08392696529626846
rmse,climatology,phihyd_surface,1850,0.08123307625452678,0.07704231441020966,0.0840674802660942
rmse,climatology,phihyd_surface,1860,0.08116287887096404,0.0767599567770958,0.08408184051513672
rmse,climatology,phihyd_surface,1870,0.08148393879334132,0.07745583802461624,0.08414220064878464
rmse,climatology,phihyd_surface,1880,0.08167717109123866,0.07786711752414703,0.0846978023648262
rmse,climatology,phihyd_surface,1890,0.08155357191960017,0.0776984602212906,0.08474824577569962
rmse,climatology,phihyd_surface,1900,0.08165500412384669,0.07773183435201644,0.08486632406711578
rmse,climatology,phihyd_surface,1910,0.08196439445018769,0.0781221017241478,0.08486697971820831
rmse,climatology,phihyd_surface,1920,0.08193000058333079,0.07767378985881805,0.08507666885852813
rmse,climatology,phihyd_surface,1930,0.08183421144882838,0.07800686508417129,0.08501246720552444
rmse,climatology,phihyd_surface,1940,0.08201277901728948,0.07864661961793899,0.08517699092626571
rmse,climatology,phihyd_surface,1950,0.0820940429965655,0.07832285910844802,0.08526203483343124
rmse,climatology,phihyd_surface,1960,0.08207200318574906,0.07811755686998367,0.08503737300634384
rmse,climatology,phihyd_surface,1970,0.08233088652292887,0.07884961813688278,0.0850958302617073
rmse,climatology,phihyd_surface,1980,0.08263024489084879,0.07913771271705627,0.0856183111667633
rmse,climatology,phihyd_surface,1990,0.08250818898280461,0.07845491915941238,0.08562885224819183
rmse,climatology,phihyd_surface,2000,0.0824887494246165,0.07873230576515197,0.08563082069158554
rmse,persistence,phihyd_surface,0,0.0,0.0,0.0
rmse,persistence,phihyd_surface,10,0.010350699505458276,0.007396924961358309,0.012786458991467953
rmse,persistence,phihyd_surface,20,0.014682069482902686,0.011606127209961414,0.017236204445362092
rmse,persistence,phihyd_surface,30,0.01813393794000149,0.015945703163743018,0.021325619891285896
rmse,persistence,phihyd_surface,40,0.023417344068487486,0.018077804893255233,0.026974673941731454
rmse,persistence,phihyd_surface,50,0.02690871643523375,0.0225798349827528,0.030930523574352265
rmse,persistence,phihyd_surface,60,0.029418931528925895,0.026224426552653314,0.03442290276288986
rmse,persistence,phihyd_surface,70,0.030977992216746013,0.02609020732343197,0.035264651477336886
rmse,persistence,phihyd_surface,80,0.031150045742591222,0.026520409807562827,0.03484172448515892
rmse,persistence,phihyd_surface,90,0.03239365803698699,0.029249688237905504,0.03540579527616501
rmse,persistence,phihyd_surface,100,0.03225948164860407,0.02844003662467003,0.03502363786101341
rmse,persistence,phihyd_surface,110,0.028799115493893624,0.02590886726975441,0.03185688331723213
rmse,persistence,phihyd_surface,120,0.027389134963353476,0.02412121444940567,0.03053924851119518
rmse,persistence,phihyd_surface,130,0.02531686139603456,0.02194419503211975,0.028098203241825104
rmse,persistence,phihyd_surface,140,0.019774264097213744,0.017686392366886138,0.021753213927149774
rmse,persistence,phihyd_surface,150,0.01693753395229578,0.014315492659807205,0.019125309959053993
rmse,persistence,phihyd_surface,160,0.013396045689781507,0.011218058504164219,0.015376081690192223
rmse,persistence,phihyd_surface,170,0.006632236142953237,0.004543252196162939,0.009211843088269233
rmse,persistence,phihyd_surface,180,0.011823307691762845,0.008746748976409436,0.014190986566245557
rmse,persistence,phihyd_surface,190,0.016097692027688026,0.012788659147918224,0.01925821602344513
rmse,persistence,phihyd_surface,200,0.019039624805251756,0.016452279686927796,0.022971908375620843
rmse,persistence,phihyd_surface,210,0.024049313987294832,0.018796714767813683,0.02754022292792797
rmse,persistence,phihyd_surface,220,0.027587907885511718,0.023236847296357156,0.03174922987818718
rmse,persistence,phihyd_surface,230,0.030012928321957587,0.026738087832927703,0.03505796864628792
rmse,persistence,phihyd_surface,240,0.031689587111274405,0.026756518334150315,0.03599748238921165
rmse,persistence,phihyd_surface,250,0.03183698778351148,0.026816593855619433,0.035109365731477736
rmse,persistence,phihyd_surface,260,0.03293548077344895,0.029743649438023566,0.03579128310084343
rmse,persistence,phihyd_surface,270,0.03314891681075096,0.02931418754160404,0.03606499060988426
rmse,persistence,phihyd_surface,280,0.029847001532713573,0.0267690934240818,0.03242136910557747
rmse,persistence,phihyd_surface,290,0.028183861325184505,0.025087203085422515,0.031074604764580727
rmse,persistence,phihyd_surface,300,0.02646376925210158,0.02315697483718395,0.029269886016845704
rmse,persistence,phihyd_surface,310,0.021231967210769653,0.019354835525155066,0.02302424907684326
rmse,persistence,phihyd_surface,320,0.018106472430129847,0.015506014041602612,0.01979845352470875
rmse,persistence,phihyd_surface,330,0.01524729256828626,0.013539195992052555,0.017163263633847237
rmse,persistence,phihyd_surface,340,0.009172300497690836,0.008277679421007633,0.010142106376588345
rmse,persistence,phihyd_surface,350,0.012626016202072302,0.010895662382245064,0.01424255259335041
rmse,persistence,phihyd_surface,360,0.016900581556061903,0.014311446994543075,0.019180769473314284
rmse,persistence,phihyd_surface,370,0.019475867599248887,0.01741660721600056,0.02277185507118702
rmse,persistence,phihyd_surface,380,0.024261447663108508,0.019709407538175582,0.027329936623573303
rmse,persistence,phihyd_surface,390,0.027897535264492034,0.023581895604729654,0.031319548934698106
rmse,persistence,phihyd_surface,400,0.030309210593501727,0.02748127430677414,0.03459388166666031
rmse,persistence,phihyd_surface,410,0.03214511411885421,0.027954702824354173,0.035905007272958755
rmse,persistence,phihyd_surface,420,0.03233402135471503,0.02764187306165695,0.035950297862291335
rmse,persistence,phihyd_surface,430,0.033307912200689314,0.030546346306800844,0.035950638353824615
rmse,persistence,phihyd_surface,440,0.03383823161323865,0.03021205998957157,0.0365279532968998
rmse,persistence,phihyd_surface,450,0.030779794106880823,0.027307901158928873,0.032785499840974806
rmse,persistence,phihyd_surface,460,0.02894703547159831,0.026230430975556374,0.03116188570857048
rmse,persistence,phihyd_surface,470,0.02760178173581759,0.02469240389764309,0.030172185972332954
rmse,persistence,phihyd_surface,480,0.02272682897746563,0.020048889517784118,0.02528516240417957
rmse,persistence,phihyd_surface,490,0.019417044272025428,0.016272091865539552,0.021892016753554344
rmse,persistence,phihyd_surface,500,0.017260719339052835,0.015129698440432549,0.01884107030928135
rmse,persistence,phihyd_surface,510,0.011779833336671193,0.009526276774704457,0.013660268858075142
rmse,persistence,phihyd_surface,520,0.01391870112468799,0.012113799154758454,0.015439272671937943
rmse,persistence,phihyd_surface,530,0.018156616762280465,0.015942785143852233,0.02013680264353752
rmse,persistence,phihyd_surface,540,0.020421225329240164,0.018827595934271812,0.022957587242126466
rmse,persistence,phihyd_surface,550,0.024809945747256278,0.02096293680369854,0.027190107852220535
rmse,persistence,phihyd_surface,560,0.02843542570869128,0.023658309131860733,0.03112570159137249
rmse,persistence,phihyd_surface,570,0.030779243633151054,0.027541660144925116,0.03446303009986877
rmse,persistence,phihyd_surface,580,0.03265571718414625,0.02897219583392143,0.03620849773287773
rmse,persistence,phihyd_surface,590,0.032802363485097887,0.027523193135857583,0.03677690252661705
rmse,persistence,phihyd_surface,600,0.033551944916447,0.030697905272245408,0.03678645119071007
rmse,persistence,phihyd_surface,610,0.03424744568765163,0.0310493066906929,0.03741757646203041
rmse,persistence,phihyd_surface,620,0.03135509664813677,0.027554421871900558,0.03337596729397774
rmse,persistence,phihyd_surface,630,0.02914568061629931,0.026937657967209816,0.03138257786631584
rmse,persistence,phihyd_surface,640,0.02790232685705026,0.024986476078629492,0.030949989333748817
rmse,persistence,phihyd_surface,650,0.023206911236047744,0.021199171990156175,0.025984431430697442
rmse,persistence,phihyd_surface,660,0.019351106509566306,0.01687808334827423,0.020489643141627312
rmse,persistence,phihyd_surface,670,0.01725222890575727,0.01557402554899454,0.01944032162427902
rmse,persistence,phihyd_surface,680,0.01146235807488362,0.010601694881916045,0.012516424432396889
rmse,persistence,phihyd_surface,690,0.012502745849390824,0.011320210061967373,0.013603144697844982
rmse,persistence,phihyd_surface,700,0.017156605236232282,0.014448689110577107,0.019511164724826814
rmse,persistence,phihyd_surface,710,0.019412266835570336,0.01696406714618206,0.022555357590317727
rmse,persistence,phihyd_surface,720,0.023811874662836394,0.019789475202560424,0.02680824026465416
rmse,persistence,phihyd_surface,730,0.027788942307233812,0.022916229069232942,0.0312685176730156
rmse,persistence,phihyd_surface,740,0.030279692262411118,0.027352772653102875,0.03478817045688629
rmse,persistence,phihyd_surface,750,0.03238491391142209,0.028307559341192244,0.036872217804193495
rmse,persistence,phihyd_surface,760,0.03279062112172445,0.027859998121857642,0.03653308302164078
rmse,persistence,phihyd_surface,770,0.033523587385813396,0.030944444611668585,0.0361083023250103
rmse,persistence,phihyd_surface,780,0.03455326197048028,0.0312642939388752,0.037987370043992996
rmse,persistence,phihyd_surface,790,0.03215041520694892,0.028641016408801078,0.034128396213054656
rmse,persistence,phihyd_surface,800,0.029822831973433495,0.0277636643499136,0.03217482194304466
rmse,persistence,phihyd_surface,810,0.02892669936021169,0.026167741790413857,0.03215961307287216
rmse,persistence,phihyd_surface,820,0.024883761753638586,0.023523998633027076,0.027094386145472528
rmse,persistence,phihyd_surface,830,0.02104124240577221,0.01915645822882652,0.022344033047556878
rmse,persistence,phihyd_surface,840,0.019507469485203426,0.018181844055652617,0.021229855343699457
rmse,persistence,phihyd_surface,850,0.01483286488801241,0.013707287609577179,0.01598438769578934
rmse,persistence,phihyd_surface,860,0.014957618713378907,0.013781049847602844,0.015947993099689483
rmse,persistence,phihyd_surface,870,0.019233235840996107,0.01630372926592827,0.021268192678689957
rmse,persistence,phihyd_surface,880,0.021335350597898164,0.019196679070591926,0.024101774767041208
rmse,persistence,phihyd_surface,890,0.025222550829251608,0.0218167319893837,0.027693600952625276
rmse,persistence,phihyd_surface,900,0.029157927880684536,0.02413007952272892,0.03260806500911713
rmse,persistence,phihyd_surface,910,0.031583875169356665,0.028506096079945566,0.036103449016809466
rmse,persistence,phihyd_surface,920,0.033679926147063576,0.029720456898212434,0.038388483226299286
rmse,persistence,phihyd_surface,930,0.034199609359105425,0.02950829789042473,0.03808400928974152
rmse,persistence,phihyd_surface,940,0.0347293737034003,0.03197851777076721,0.037156792730093
rmse,persistence,phihyd_surface,950,0.03583508481582006,0.032860317081212995,0.0392012894153595
rmse,persistence,phihyd_surface,960,0.0338437436769406,0.03047347590327263,0.03581198155879974
rmse,persistence,phihyd_surface,970,0.03130990937352181,0.029526497051119805,0.03358913511037827
rmse,persistence,phihyd_surface,980,0.030522485822439195,0.027942517027258872,0.03377858325839043
rmse,persistence,phihyd_surface,990,0.026986476530631385,0.02586021237075329,0.029140901193022727
rmse,persistence,phihyd_surface,1000,0.02300859900812308,0.0212261576205492,0.02482767589390278
rmse,persistence,phihyd_surface,1010,0.02168862596154213,0.020151391625404358,0.023360245302319525
rmse,persistence,phihyd_surface,1020,0.01768081064025561,0.0171160988509655,0.018340934067964554
rmse,persistence,phihyd_surface,1030,0.016994884982705117,0.01616986617445946,0.017573219910264015
rmse,persistence,phihyd_surface,1040,0.020957665145397188,0.019063057005405427,0.022584790363907814
rmse,persistence,phihyd_surface,1050,0.022972481325268745,0.021084192395210265,0.02478027381002903
rmse,persistence,phihyd_surface,1060,0.026383720462520917,0.024433116987347604,0.028462260589003564
rmse,persistence,phihyd_surface,1070,0.030296813199917474,0.026173819229006766,0.03253033384680748
rmse,persistence,phihyd_surface,1080,0.0327301266292731,0.02992173843085766,0.03573865592479706
rmse,persistence,phihyd_surface,1090,0.03486239661773046,0.03127204589545727,0.03828358948230744
rmse,persistence,phihyd_surface,1100,0.03556743400792281,0.0317968737334013,0.039331696927547455
rmse,persistence,phihyd_surface,1110,0.03596480712294579,0.033515043556690216,0.03838248401880264
rmse,persistence,phihyd_surface,1120,0.037135319660107295,0.0341089703142643,0.039860257506370546
rmse,persistence,phihyd_surface,1130,0.03558195742468039,0.03210391849279404,0.038269539922475816
rmse,persistence,phihyd_surface,1140,0.03294844689468543,0.031129085272550584,0.035710010677576065
rmse,persistence,phihyd_surface,1150,0.03229650172094504,0.029419141262769698,0.03467889279127121
rmse,persistence,phihyd_surface,1160,0.029325086747606595,0.027425892651081085,0.03185852020978928
rmse,persistence,phihyd_surface,1170,0.025359415511290232,0.0223335362970829,0.028381716459989548
rmse,persistence,phihyd_surface,1180,0.02420365735888481,0.021629226580262183,0.02570384293794632
rmse,persistence,phihyd_surface,1190,0.02083688465257486,0.01897690035402775,0.02256788909435272
rmse,persistence,phihyd_surface,1200,0.019511843596895537,0.0172846969217062,0.021360153332352638
rmse,persistence,phihyd_surface,1210,0.022966912885506948,0.020974411442875863,0.024698641523718833
rmse,persistence,phihyd_surface,1220,0.024843873580296834,0.022842638567090033,0.026731425896286964
rmse,persistence,phihyd_surface,1230,0.02760617497066657,0.025643230974674226,0.028858735412359237
rmse,persistence,phihyd_surface,1240,0.031217039624849955,0.026956301555037497,0.03401622697710991
rmse,persistence,phihyd_surface,1250,0.03349475661913554,0.030190344899892807,0.036481267958879474
rmse,persistence,phihyd_surface,1260,0.03548291996121407,0.032463391125202176,0.038763925433158875
rmse,persistence,phihyd_surface,1270,0.03622281079490979,0.031922328472137454,0.03985166549682617
rmse,persistence,phihyd_surface,1280,0.036391102025906244,0.03295055627822876,0.039516917616128924
rmse,persistence,phihyd_surface,1290,0.03749302874008815,0.0346080906689167,0.040562228113412854
rmse,persistence,phihyd_surface,1300,0.03630220418175061,0.03311789929866791,0.0390614002943039
rmse,persistence,phihyd_surface,1310,0.03343285756806533,0.03145480751991272,0.03595082312822342
rmse,persistence,phihyd_surface,1320,0.032589850823084514,0.029781357571482658,0.03559354543685913
rmse,persistence,phihyd_surface,1330,0.02989503207306067,0.027891645580530165,0.03225742280483246
rmse,persistence,phihyd_surface,1340,0.025670175378521284,0.023810719326138496,0.0273789893835783
rmse,persistence,phihyd_surface,1350,0.024315149709582328,0.02264484167098999,0.02601938582956791
rmse,persistence,phihyd_surface,1360,0.021203271547953286,0.02033059261739254,0.02229989655315876
rmse,persistence,phihyd_surface,1370,0.019202544912695886,0.01877475716173649,0.019582315534353256
rmse,persistence,phihyd_surface,1380,0.022489376117785773,0.020821575820446015,0.024073277413845063
rmse,persistence,phihyd_surface,1390,0.024583929404616355,0.022653133794665336,0.026606502011418343
rmse,persistence,phihyd_surface,1400,0.027215592687328656,0.02533154934644699,0.02960168309509754
rmse,persistence,phihyd_surface,1410,0.031093947341044745,0.0266569834202528,0.03389505669474602
rmse,persistence,phihyd_surface,1420,0.033645895992716154,0.030564599111676215,0.03676505908370018
rmse,persistence,phihyd_surface,1430,0.0357648362716039,0.03293171301484108,0.039831303805112836
rmse,persistence,phihyd_surface,1440,0.03684091418981552,0.032830819487571716,0.04065527021884918
rmse,persistence,phihyd_surface,1450,0.0370574839413166,0.0335024282336235,0.039977063238620755
rmse,persistence,phihyd_surface,1460,0.03824445257584254,0.0353177398443222,0.04120759069919586
rmse,persistence,phihyd_surface,1470,0.03765382294853528,0.03486190885305405,0.0402582012116909
rmse,persistence,phihyd_surface,1480,0.034933980802694956,0.03284262642264366,0.03736530691385269
rmse,persistence,phihyd_surface,1490,0.0341662493844827,0.031553083658218385,0.03738127425312996
rmse,persistence,phihyd_surface,1500,0.032110923528671266,0.029645298421382905,0.034032905101776124
rmse,persistence,phihyd_surface,1510,0.0281651146709919,0.027085895463824273,0.029747981205582617
rmse,persistence,phihyd_surface,1520,0.026868043715755144,0.025429175421595573,0.02878973223268986
rmse,persistence,phihyd_surface,1530,0.02449548455576102,0.023230791091918945,0.025754736363887788
rmse,persistence,phihyd_surface,1540,0.02231584439675013,0.021364734321832658,0.022994916886091232
rmse,persistence,phihyd_surface,1550,0.024981815616289774,0.023270606994628906,0.02631976790726185
rmse,persistence,phihyd_surface,1560,0.027098532890280087,0.02522239610552788,0.02920087017118931
rmse,persistence,phihyd_surface,1570,0.02928162068128586,0.02731477953493595,0.03196834772825241
rmse,persistence,phihyd_surface,1580,0.03290397773186366,0.028763041645288468,0.03551953658461571
rmse,persistence,phihyd_surface,1590,0.0354120671749115,0.03221976384520531,0.03863311111927033
rmse,persistence,phihyd_surface,1600,0.03739361936847369,0.03485353216528893,0.04133057519793511
rmse,persistence,phihyd_surface,1610,0.03857641418774923,0.03461407572031021,0.04188809171319008
rmse,persistence,phihyd_surface,1620,0.038680987308422725,0.03489893153309822,0.04138498902320862
rmse,persistence,phihyd_surface,1630,0.03969701627890269,0.036758401244878766,0.042188648134469986
rmse,persistence,phihyd_surface,1640,0.03945685451229413,0.03669230118393898,0.041643678396940234
rmse,persistence,phihyd_surface,1650,0.036755284667015074,0.03459167182445526,0.03889143243432045
rmse,persistence,phihyd_surface,1660,0.03580593690276146,0.03328031152486801,0.038167980313301084
rmse,persistence,phihyd_surface,1670,0.03415146693587303,0.03202773481607437,0.03612881526350975
rmse,persistence,phihyd_surface,1680,0.030322078118721642,0.028577010333538055,0.0320955827832222
rmse,persistence,phihyd_surface,1690,0.02885657859345277,0.027242830023169518,0.03000202439725399
rmse,persistence,phihyd_surface,1700,0.02696369377275308,0.026158251613378525,0.0279059961438179
rmse,persistence,phihyd_surface,1710,0.02458608311911424,0.023529157787561417,0.025061845034360885
rmse,persistence,phihyd_surface,1720,0.026765187457203864,0.025998124852776527,0.02760164365172386
rmse,persistence,phihyd_surface,1730,0.028983137011528014,0.027615639567375182,0.03012275882065296
rmse,persistence,phihyd_surface,1740,0.030864309147000314,0.029764655232429504,0.03243262320756912
rmse,persistence,phihyd_surface,1750,0.03430485191444556,0.031214124336838723,0.036385031044483186
rmse,persistence,phihyd_surface,1760,0.036879801253477736,0.0340864971280098,0.03917422369122505
rmse,persistence,phihyd_surface,1770,0.038825121521949765,0.036670492589473726,0.04137157574295998
rmse,persistence,phihyd_surface,1780,0.040173110117514926,0.03742381110787392,0.04296167269349098
rmse,persistence,phihyd_surface,1790,0.04028906871875127,0.03697692379355431,0.04323727488517761
rmse,persistence,phihyd_surface,1800,0.0411929560204347,0.038957276940345766,0.04339001402258873
rmse,persistence,phihyd_surface,1810,0.0413031667470932,0.0385241337120533,0.04362638145685196
rmse,persistence,phihyd_surface,1820,0.03877140233914057,0.03622537478804588,0.04139574021100998
rmse,persistence,phihyd_surface,1830,0.03772054041425387,0.03583378940820694,0.03945076018571854
rmse,persistence,phihyd_surface,1840,0.036490966627995176,0.034496673941612245,0.03862573653459549
rmse,persistence,phihyd_surface,1850,0.03290999494493008,0.030423611029982568,0.035226748883724214
rmse,persistence,phihyd_surface,1860,0.031264907618363695,0.02896486297249794,0.032427741587162016
rmse,persistence,phihyd_surface,1870,0.02977820932865143,0.028070341050624847,0.03130779415369034
rmse,persistence,phihyd_surface,1880,0.027287204066912332,0.025437621772289275,0.028844141215085984
rmse,persistence,phihyd_surface,1890,0.02880724680920442,0.027370484545826912,0.03065122663974762
rmse,persistence,phihyd_surface,1900,0.030946833019455274,0.02894211821258068,0.0322759635746479
rmse,persistence,phihyd_surface,1910,0.032394514853755635,0.030985110625624656,0.03370624110102653
rmse,persistence,phihyd_surface,1920,0.03537202775478363,0.03252433016896248,0.03738251477479935
rmse,persistence,phihyd_surface,1930,0.03780812496940295,0.03415103927254677,0.04017809182405472
rmse,persistence,phihyd_surface,1940,0.03957424983382225,0.0369275338947773,0.042310331016778946
rmse,persistence,phihyd_surface,1950,0.04093841512997945,0.03764446824789047,0.0437908448278904
rmse,persistence,phihyd_surface,1960,0.040984607736269635,0.03668266385793686,0.04429667443037033
rmse,persistence,phihyd_surface,1970,0.041677213211854296,0.03903843238949776,0.044561658054590225
rmse,persistence,phihyd_surface,1980,0.04203392490744591,0.03937948271632195,0.044943101704120636
rmse,persistence,phihyd_surface,1990,0.039624132712682086,0.03683935254812241,0.04121319428086281
rmse,persistence,phihyd_surface,2000,0.038242372870445254,0.036230454593896864,0.040171122550964354
rmse,model,sst,0,0.0,0.0,0.0
rmse,model,sst,10,0.007199243704477946,0.006361672375351191,0.007988049834966659
rmse,model,sst,20,0.009890139692773421,0.00857840683311224,0.010864388197660446
rmse,model,sst,30,0.011248292215168477,0.009183878265321254,0.012793060950934887
rmse,model,sst,40,0.01238608236114184,0.010161685943603515,0.014077762141823769
rmse,model,sst,50,0.013129898222784202,0.010772538557648658,0.015279250405728816
rmse,model,sst,60,0.013845136264959972,0.011694339103996754,0.015950028970837592
rmse,model,sst,70,0.014554196409881115,0.011817283742129803,0.016752031445503236
rmse,model,sst,80,0.015117569950719674,0.012091753631830215,0.017371121048927306
rmse,model,sst,90,0.01566384279479583,0.012628097459673882,0.017788095399737358
rmse,model,sst,100,0.01595299206674099,0.013454905524849892,0.01839829944074154
rmse,model,sst,110,0.01625207227965196,0.014148017764091492,0.01837445832788944
rmse,model,sst,120,0.0165202958509326,0.014049424044787885,0.018486233055591585
rmse,model,sst,130,0.017040655513604484,0.014588632248342037,0.018632753193378447
rmse,model,sst,140,0.017641819082200527,0.015201050601899625,0.0192875400185585
rmse,model,sst,150,0.01806111925592025,0.016056888736784458,0.01971270740032196
rmse,model,sst,160,0.018189681135118006,0.01671391949057579,0.020033547654747963
rmse,model,sst,170,0.018455968424677848,0.017633647471666337,0.020114285871386528
rmse,model,sst,180,0.018754095335801444,0.017708147689700127,0.02006925269961357
rmse,model,sst,190,0.0192289882649978,0.01804841011762619,0.020207145437598228
rmse,model,sst,200,0.0196481188138326,0.018592152372002603,0.020538614690303804
rmse,model,sst,210,0.02005921018620332,0.019151493534445764,0.020860596001148222
rmse,model,sst,220,0.02018102506796519,0.0191949475556612,0.02122541479766369
rmse,model,sst,230,0.020512086401383082,0.019168346002697945,0.021868138760328292
rmse,model,sst,240,0.0210802610963583,0.01966065466403961,0.022758534550666808
rmse,model,sst,250,0.021634318058689435,0.020413558930158615,0.02347053438425064
rmse,model,sst,260,0.021999748796224593,0.020760150998830794,0.024043521285057066
rmse,model,sst,270,0.022179180880387624,0.021141006052494048,0.024401482567191123
rmse,model,sst,280,0.022301447515686353,0.021194088459014892,0.02427845112979412
rmse,model,sst,290,0.022538558890422184,0.02125227190554142,0.024159126356244086
rmse,model,sst,300,0.02303630895912647,0.02158835344016552,0.024699266627430914
rmse,model,sst,310,0.023561040063699086,0.022177280485630037,0.02525428980588913
rmse,model,sst,320,0.023843053355813028,0.021931247413158418,0.02584686167538166
rmse,model,sst,330,0.02403322805960973,0.022235849499702455,0.02653326466679573
rmse,model,sst,340,0.02435200661420822,0.02262500673532486,0.027209696173667905
rmse,model,sst,350,0.024693266923228898,0.02305890992283821,0.028015668317675588
rmse,model,sst,360,0.02521591670811176,0.02293911650776863,0.028472328931093215
rmse,model,sst,370,0.025674809888005256,0.02305280528962612,0.02872972972691059
rmse,model,sst,380,0.025982171421249707,0.023458359017968177,0.02943144552409649
rmse,model,sst,390,0.026164751624067624,0.02372446358203888,0.030018936097621917
rmse,model,sst,400,0.026500801245371502,0.024046022444963455,0.030073525756597518
rmse,model,sst,410,0.026944504926602046,0.02431057281792164,0.03048545718193054
rmse,model,sst,420,0.027585943912466368,0.024558397382497786,0.0309577576816082
rmse,model,sst,430,0.028188159316778184,0.024893208965659143,0.03178975209593773
rmse,model,sst,440,0.028490469853083292,0.025296333804726602,0.03268033415079116
rmse,model,sst,450,0.02877427078783512,0.025831802189350127,0.032729727774858476
rmse,model,sst,460,0.029320388535658517,0.02689867466688156,0.032909461110830304
rmse,model,sst,470,0.029989269624153773,0.02724270299077034,0.03372895196080208
rmse,model,sst,480,0.0306112011273702,0.02708551101386547,0.03489111214876175
rmse,model,sst,490,0.0311815137664477,0.027414945885539055,0.035897189378738405
rmse,model,sst,500,0.03169877814749877,0.02810342386364937,0.0364779457449913
rmse,model,sst,510,0.03246755848328273,0.029110487550497055,0.03761935606598854
rmse,model,sst,520,0.03319633975625038,0.02982768341898918,0.03880093023180962
rmse,model,sst,530,0.033883847296237946,0.029917382448911668,0.038961653411388394
rmse,model,sst,540,0.034589822466174765,0.030211863666772844,0.03923904001712799
rmse,model,sst,550,0.035342776651183766,0.031368691474199295,0.0398890309035778
rmse,model,sst,560,0.035934604207674664,0.032174653559923175,0.04088113903999328
rmse,model,sst,570,0.03629522919654846,0.0323086254298687,0.04059253036975861
rmse,model,sst,580,0.03685181438922882,0.033360636234283446,0.04068134129047394
rmse,model,sst,590,0.0378292183081309,0.03411263525485993,0.04101806059479713
rmse,model,sst,600,0.038726968814929326,0.034663932770490645,0.04229268357157707
rmse,model,sst,610,0.03915387044350306,0.0345113217830658,0.04300882518291473
rmse,model,sst,620,0.039680745700995126,0.03533769175410271,0.043070075660943986
rmse,model,sst,630,0.04055571481585503,0.0366406574845314,0.04382570758461952
rmse,model,sst,640,0.041242713729540505,0.03686700686812401,0.04451393112540245
rmse,model,sst,650,0.04177776053547859,0.03753189519047737,0.04520447626709938
rmse,model,sst,660,0.042233429352442425,0.038338019698858264,0.04546329528093338
rmse,model,sst,670,0.042530796676874164,0.03828850835561752,0.04559265300631523
rmse,model,sst,680,0.04298798764745394,0.03922314420342445,0.046512109041213986
rmse,model,sst,690,0.04352327684561411,0.04027286320924759,0.047624731063842775
rmse,model,sst,700,0.04409236336747805,0.04052470624446869,0.0477716289460659
rmse,model,sst,710,0.044665465503931044,0.04005362018942833,0.04772949367761612
rmse,model,sst,720,0.045441240072250366,0.04093948975205421,0.04879662990570068
rmse,model,sst,730,0.04574749618768692,0.04150180965662002,0.049483930319547655
rmse,model,sst,740,0.04579848324259122,0.041848421841859815,0.04876831993460655
rmse,model,sst,750,0.04625020722548167,0.04295258671045303,0.04819864332675934
rmse,model,sst,760,0.04695633351802826,0.043383868783712386,0.04942249357700348
rmse,model,sst,770,0.047392169137795766,0.04333893060684204,0.05017505809664726
rmse,model,sst,780,0.047525691737731295,0.04283777177333832,0.05013103187084198
rmse,model,sst,790,0.047884635130564374,0.04370060637593269,0.050651303678750995
rmse,model,sst,800,0.04844593033194542,0.044976404309272765,0.05149838551878929
rmse,model,sst,810,0.04871190115809441,0.044477980583906174,0.05137197747826576
rmse,model,sst,820,0.04916071270902952,0.04515849053859711,0.051384510844945906
rmse,model,sst,830,0.0496132825811704,0.0456845685839653,0.05185650289058685
rmse,model,sst,840,0.04968952164053917,0.0458017461001873,0.053207004070281984
rmse,model,sst,850,0.049880602210760114,0.04651636257767677,0.05342500731348991
rmse,model,sst,860,0.050346471617619196,0.04734515845775604,0.053751046955585476
rmse,model,sst,870,0.05102737372120222,0.04798500016331673,0.05444789007306099
rmse,model,sst,880,0.051592272768418,0.04761648178100586,0.055408332496881485
rmse,model,sst,890,0.0521609919766585,0.04794360250234604,0.05567377954721451
rmse,model,sst,900,0.052367926388978955,0.048588211089372633,0.05575179159641266
rmse,model,sst,910,0.05255155488848686,0.04894512072205544,0.05544804185628891
rmse,model,sst,920,0.05294549837708473,0.049755622446537015,0.055928219109773636
rmse,model,sst,930,0.05344264755646388,0.05009391233325004,0.056939844787120816
rmse,model,sst,940,0.053726282964150114,0.049978583306074145,0.056741449236869815
rmse,model,sst,950,0.05394716585675875,0.04984786435961723,0.05675585642457008
rmse,model,sst,960,0.054344414422909416,0.05014983862638474,0.05686384886503219
rmse,model,sst,970,0.05455711930990219,0.049660394340753554,0.05807151794433594
rmse,model,sst,980,0.05451967890063922,0.04928443878889084,0.05695836320519447
rmse,model,sst,990,0.05472058778007825,0.05019028559327125,0.05686697661876679
rmse,model,sst,1000,0.05507598842183749,0.05043555945158005,0.05769017934799194
rmse,model,sst,1010,0.05499775260686875,0.049834323674440385,0.05848739668726921
rmse,model,sst,1020,0.0550399678448836,0.04979370757937431,0.05900869518518448
rmse,model,sst,1030,0.05547200019160906,0.05050404891371727,0.05843517854809761
rmse,model,sst,1040,0.05613519574205081,0.051615968346595764,0.059208798408508304
rmse,model,sst,1050,0.05651256193717321,0.050386694818735124,0.06083783805370331
rmse,model,sst,1060,0.05662983879446983,0.050696513056755065,0.06140289083123207
rmse,model,sst,1070,0.05655381828546524,0.05178648829460144,0.060946809500455855
rmse,model,sst,1080,0.05668322791655858,0.05181870609521866,0.06117941737174988
rmse,model,sst,1090,0.05693301955858866,0.051835528761148456,0.06138317286968231
rmse,model,sst,1100,0.05729673703511556,0.05245453119277954,0.0609935536980629
rmse,model,sst,1110,0.05783578927318255,0.05207386463880539,0.06109778732061386
rmse,model,sst,1120,0.05823507681488991,0.052130939066410066,0.06194911524653435
rmse,model,sst,1130,0.05860058441758156,0.05464678704738617,0.06188404113054276
rmse,model,sst,1140,0.05871020033955574,0.053980476409196856,0.06246293187141418
rmse,model,sst,1150,0.05854905049006144,0.05298958197236061,0.06242458820343018
rmse,model,sst,1160,0.05866758450865746,0.05495152249932289,0.06167263388633728
rmse,model,sst,1170,0.05930784965554873,0.0552126556634903,0.06329167783260345
rmse,model,sst,1180,0.05924723967909813,0.055148590356111526,0.06320957094430923
rmse,model,sst,1190,0.05911812682946523,0.05569072663784027,0.06233038008213043
rmse,model,sst,1200,0.059596859663724897,0.056448239088058474,0.06347573846578598
rmse,model,sst,1210,0.060070138424634933,0.05621555522084236,0.06456538885831833
rmse,model,sst,1220,0.060226586957772575,0.056612825393676756,0.06469002217054368
rmse,model,sst,1230,0.060237116366624835,0.05633078292012215,0.06399915963411332
rmse,model,sst,1240,0.060128432760636015,0.05597371831536293,0.06568300276994705
rmse,model,sst,1250,0.06006857380270958,0.05529027357697487,0.06549512296915054
rmse,model,sst,1260,0.06023540149132411,0.056713216751813886,0.064922796189785
rmse,model,sst,1270,0.06049698069691658,0.05623058155179024,0.0647746667265892
rmse,model,sst,1280,0.060616280883550644,0.05575586631894112,0.064883054792881
rmse,model,sst,1290,0.060622833917538324,0.05546040534973144,0.06512318104505539
rmse,model,sst,1300,0.06084132467706998,0.05622548833489418,0.06386988013982772
rmse,model,sst,1310,0.06047788088520368,0.056401848793029785,0.06394934505224228
rmse,model,sst,1320,0.0598339964946111,0.05645236670970917,0.0628808930516243
rmse,model,sst,1330,0.06020040139555931,0.055898113548755644,0.06414016783237457
rmse,model,sst,1340,0.06096760282913844,0.057174624502658845,0.06510489881038665
rmse,model,sst,1350,0.06038401002685229,0.05711099430918694,0.06478300243616104
rmse,model,sst,1360,0.05988110105196635,0.05640123412013054,0.06492098569869995
rmse,model,sst,1370,0.06047070696949959,0.05558370426297188,0.06585548669099808
rmse,model,sst,1380,0.06058068051934242,0.05514869913458824,0.06678815782070159
rmse,model,sst,1390,0.060523033638795215,0.057249145954847334,0.06511595100164413
rmse,model,sst,1400,0.06048912058273951,0.05677857622504234,0.06430918723344803
rmse,model,sst,1410,0.06067501852909724,0.05555955544114113,0.06463431268930435
rmse,model,sst,1420,0.06075563430786133,0.0546631433069706,0.06510374397039413
rmse,model,sst,1430,0.06079604898889859,0.05720283761620522,0.06566708981990814
rmse,model,sst,1440,0.061001452555259066,0.05787102282047272,0.06619185656309128
rmse,model,sst,1450,0.06125625347097715,0.05619670152664184,0.06521570086479186
rmse,model,sst,1460,0.06146149833997091,0.055798207968473436,0.06500883549451827
rmse,model,sst,1470,0.06159094274044037,0.057535919547080996,0.06750921159982681
rmse,model,sst,1480,0.06146188974380493,0.05827007964253426,0.06671553254127502
rmse,model,sst,1490,0.06110985527435939,0.05651480853557587,0.06650287061929702
rmse,model,sst,1500,0.06176004086931546,0.056101225316524506,0.06770081222057342
rmse,model,sst,1510,0.06260616357127825,0.05780893936753273,0.07083533704280853
rmse,model,sst,1520,0.0619024562338988,0.05685671493411064,0.06976152509450913
rmse,model,sst,1530,0.06156780372063319,0.05719066560268402,0.0689733698964119
rmse,model,sst,1540,0.06257396961251895,0.05724763572216034,0.06935172528028488
rmse,model,sst,1550,0.06289317111174265,0.05766889080405235,0.07184395045042039
rmse,model,sst,1560,0.06244464268287023,0.057687169313430785,0.06988312304019928
rmse,model,sst,1570,0.06237740268309911,0.058523256331682205,0.0684658095240593
rmse,model,sst,1580,0.06279370884100596,0.058111445605754854,0.06873646676540375
rmse,model,sst,1590,0.06296223650376002,0.0578282505273819,0.06882858276367188
rmse,model,sst,1600,0.06253029579917589,0.058760177344083786,0.06760520935058593
rmse,model,sst,1610,0.06264901235699653,0.058706382662057875,0.06822772026062011
rmse,model,sst,1620,0.0626238726079464,0.058678698539733884,0.06752231270074845
rmse,model,sst,1630,0.0624580184618632,0.057956161350011824,0.06623877733945846
rmse,model,sst,1640,0.06235127995411555,0.05858457311987877,0.06733153611421586
rmse,model,sst,1650,0.06272034073869387,0.058564601093530656,0.06717084348201752
rmse,model,sst,1660,0.062197865049044294,0.05719179585576058,0.06523985564708709
rmse,model,sst,1670,0.06193718016147613,0.05743321105837822,0.06574213206768036
rmse,model,sst,1680,0.06269222125411034,0.057628368586301805,0.06836133897304535
rmse,model,sst,1690,0.06213695133725802,0.05727105662226677,0.06648000627756119
rmse,model,sst,1700,0.06144676531354586,0.05706900581717491,0.06433053016662597
rmse,model,sst,1710,0.06193248530228933,0.057013312727212904,0.06667850464582444
rmse,model,sst,1720,0.06252941563725471,0.0584466740489006,0.06736968010663986
rmse,model,sst,1730,0.06186312188704809,0.057586046308279036,0.06546341776847839
rmse,model,sst,1740,0.0616381049156189,0.05721425488591194,0.06407577097415924
rmse,model,sst,1750,0.06199407801032066,0.05684129670262337,0.06556293368339539
rmse,model,sst,1760,0.06230333546797435,0.058426409214735034,0.06743381917476654
rmse,model,sst,1770,0.06185829291741053,0.058050847798585894,0.06552183628082275
rmse,model,sst,1780,0.061839153369267784,0.057702311873435976,0.06540134847164154
rmse,model,sst,1790,0.061998207867145536,0.057196082174777986,0.06708393543958664
rmse,model,sst,1800,0.06189139485359192,0.0574592225253582,0.06765713393688202
rmse,model,sst,1810,0.06184747318426768,0.05729022994637489,0.06627186685800553
rmse,model,sst,1820,0.06241949597994487,0.05745996609330177,0.06617320030927658
rmse,model,sst,1830,0.0622521569331487,0.057714758813381194,0.06647510379552841
rmse,model,sst,1840,0.06177997787793477,0.05589965283870697,0.06726683229207993
rmse,model,sst,1850,0.062445065627495445,0.05752813071012497,0.06673670560121536
rmse,model,sst,1860,0.06230824093023936,0.058013162761926654,0.06550493240356445
rmse,model,sst,1870,0.06166829864184062,0.056811918318271634,0.06561021059751511
rmse,model,sst,1880,0.061824313302834825,0.05612288266420364,0.0679325208067894
rmse,model,sst,1890,0.06255229637026787,0.05816606059670448,0.06729307025671005
rmse,model,sst,1900,0.062293907751639684,0.05826971754431724,0.06607492417097091
rmse,model,sst,1910,0.062214092413584395,0.05773404315114021,0.06507890373468399
rmse,model,sst,1920,0.062565595159928,0.05774902179837227,0.06698414087295532
rmse,model,sst,1930,0.062679639707009,0.05835616290569305,0.06693673282861709
rmse,model,sst,1940,0.062494686990976336,0.05844358280301094,0.06660594493150711
rmse,model,sst,1950,0.06241378610332807,0.05844425857067108,0.06597970575094222
rmse,model,sst,1960,0.0624072606364886,0.058480153977870944,0.06782706379890442
rmse,model,sst,1970,0.062131356447935104,0.058582299202680585,0.06733539402484894
rmse,model,sst,1980,0.061752150456110634,0.05850142017006874,0.06624003350734711
rmse,model,sst,1990,0.062066459407409034,0.05910285115242005,0.06589622497558593
rmse,model,sst,2000,0.06203827957312266,0.05912183001637459,0.06476063281297684
rmse,climatology,sst,0,0.03851603989799817,0.036900915950536725,0.03973420113325119
rmse,climatology,sst,10,0.03781576032439868,0.035535778850317,0.04006939306855202
rmse,climatology,sst,20,0.03781564633051555,0.03527504801750183,0.03965738043189049
rmse,climatology,sst,30,0.03884542236725489,0.03711217045783997,0.04016238525509834
rmse,climatology,sst,40,0.03886417100826899,0.036503059417009355,0.04012349918484688
rmse,climatology,sst,50,0.03842119152347247,0.03684120923280716,0.040487205237150194
rmse,climatology,sst,60,0.038532724728186925,0.03676047548651695,0.03974761813879013
rmse,climatology,sst,70,0.03861062526702881,0.03658171072602272,0.03990474119782448
rmse,climatology,sst,80,0.03843752220273018,0.03549491465091705,0.040605226159095766
rmse,climatology,sst,90,0.038854054858287176,0.036740957945585254,0.04068373143672943
rmse,climatology,sst,100,0.03913060203194618,0.03746839314699173,0.04064115881919861
rmse,climatology,sst,110,0.038527952631314595,0.036318307369947435,0.04059659689664841
rmse,climatology,sst,120,0.038027372459570566,0.03586315289139748,0.0394700713455677
rmse,climatology,sst,130,0.038665489355723066,0.03592869713902473,0.041383955627679825
rmse,climatology,sst,140,0.039239687472581865,0.036676251143217084,0.04050481840968132
rmse,climatology,sst,150,0.038672966261704765,0.03681488856673241,0.04060835912823677
rmse,climatology,sst,160,0.038775215049584706,0.03723837658762932,0.040503659099340436
rmse,climatology,sst,170,0.039168488482634226,0.03759124279022217,0.04178773984313011
rmse,climatology,sst,180,0.03855066696802775,0.036078120768070224,0.04145420491695404
rmse,climatology,sst,190,0.038436446835597354,0.03508598729968071,0.04066128954291344
rmse,climatology,sst,200,0.0394647940993309,0.036680477857589724,0.041797037422657016
rmse,climatology,sst,210,0.03957072248061498,0.03776433765888214,0.041832901537418365
rmse,climatology,sst,220,0.03909092421332995,0.036948248744010925,0.04226228818297386
rmse,climatology,sst,230,0.0390734667579333,0.0364606112241745,0.04218714982271195
rmse,climatology,sst,240,0.03917079468568166,0.03684882670640945,0.04135345071554184
rmse,climatology,sst,250,0.03887764786680539,0.03601968958973885,0.04050496593117714
rmse,climatology,sst,260,0.03917609577377637,0.03798637166619301,0.040682753175497056
rmse,climatology,sst,270,0.039376326153675714,0.038016805052757265,0.04026465639472008
rmse,climatology,sst,280,0.038794286797444025,0.03677078634500504,0.04094310775399208
rmse,climatology,sst,290,0.038082990298668545,0.03610694259405136,0.03996110782027244
rmse,climatology,sst,300,0.03855792060494423,0.036393004655838015,0.04027100950479508
rmse,climatology,sst,310,0.03909511292974154,0.03693906888365746,0.04035145044326782
rmse,climatology,sst,320,0.0385559377570947,0.035903166979551315,0.04054376631975174
rmse,climatology,sst,330,0.038458637644847235,0.036419297009706496,0.040279462933540344
rmse,climatology,sst,340,0.03889277602235476,0.03813767284154892,0.04028479382395744
rmse,climatology,sst,350,0.03829583351810773,0.03620692789554596,0.04042485803365707
rmse,climatology,sst,360,0.03801253587007523,0.0353331096470356,0.04003552868962288
rmse,climatology,sst,370,0.03899626980225245,0.03700552806258202,0.04077000319957733
rmse,climatology,sst,380,0.03922013441721598,0.03726558610796928,0.04051142260432243
rmse,climatology,sst,390,0.03877046083410581,0.036696947365999225,0.040697024762630464
rmse,climatology,sst,400,0.038720737646023434,0.03687774837017059,0.040412505716085435
rmse,climatology,sst,410,0.03890338738759359,0.037442931532859804,0.03990479111671448
rmse,climatology,sst,420,0.03862849101424217,0.03570310994982719,0.04073374420404434
rmse,climatology,sst,430,0.03898104305068652,0.03696275129914284,0.04086991548538208
rmse,climatology,sst,440,0.03930189808209737,0.03799036368727684,0.04072136431932449
rmse,climatology,sst,450,0.03894876663883527,0.03640907928347588,0.040656764060258865
rmse,climatology,sst,460,0.03825824384888013,0.036514648050069806,0.04025536999106407
rmse,climatology,sst,470,0.03877248962720235,0.03703045547008514,0.04073928892612457
rmse,climatology,sst,480,0.039432907849550246,0.03718254044651985,0.04120938256382942
rmse,climatology,sst,490,0.03910219445824623,0.03598805442452431,0.042047418653964996
rmse,climatology,sst,500,0.03896090015769005,0.03619916662573815,0.04198901355266571
rmse,climatology,sst,510,0.03955008710424105,0.03837437406182289,0.04066052809357643
rmse,climatology,sst,520,0.03911329160133998,0.03742280900478363,0.04084525927901268
rmse,climatology,sst,530,0.03873288556933403,0.03587512746453285,0.0410590834915638
rmse,climatology,sst,540,0.03964851722121239,0.037656379491090776,0.04230037331581116
rmse,climatology,sst,550,0.04000753164291382,0.03751448392868042,0.04169944748282432
rmse,climatology,sst,560,0.03959584832191467,0.037057044357061385,0.041694610565900805
rmse,climatology,sst,570,0.03949484924475352,0.03886979669332504,0.04084833189845085
rmse,climatology,sst,580,0.039695824434359865,0.03862956464290619,0.0410238653421402
rmse,climatology,sst,590,0.039367585877577466,0.035953227430582047,0.04187123104929924
rmse,climatology,sst,600,0.03965748250484467,0.03702503591775894,0.04253181517124176
rmse,climatology,sst,610,0.040002467731634773,0.03811360076069832,0.041948482394218445
rmse,climatology,sst,620,0.039779138813416166,0.03736575990915299,0.04117407277226448
rmse,climatology,sst,630,0.038968556374311444,0.03725899308919907,0.04073019623756409
rmse,climatology,sst,640,0.03930319423476855,0.037986265122890474,0.040718131512403485
rmse,climatology,sst,650,0.039859251429637275,0.03878151848912239,0.04194410517811775
rmse,climatology,sst,660,0.03952638184030851,0.03651728853583336,0.04156668484210968
rmse,climatology,sst,670,0.03908563256263733,0.036287394165992734,0.04117891639471054
rmse,climatology,sst,680,0.03952408457795779,0.038457346707582475,0.04099954441189766
rmse,climatology,sst,690,0.03906241456667582,0.037071704119443896,0.04066969230771065
rmse,climatology,sst,700,0.038516459862391154,0.035813777893781665,0.040613953769207
rmse,climatology,sst,710,0.039304149647553764,0.03764658346772194,0.04110327363014221
rmse,climatology,sst,720,0.03976966341336568,0.0380713015794754,0.04075989574193954
rmse,climatology,sst,730,0.03935083349545797,0.03777039721608162,0.04104299247264862
rmse,climatology,sst,740,0.03916231741507848,0.03754429146647453,0.041119348257780075
rmse,climatology,sst,750,0.03940478637814522,0.038147857040166856,0.040616422146558764
rmse,climatology,sst,760,0.039120070884625116,0.03617736771702766,0.04096054136753082
rmse,climatology,sst,770,0.03937878708044688,0.03711293861269951,0.041416078060865405
rmse,climatology,sst,780,0.039727876583735146,0.03837566822767258,0.04114457592368126
rmse,climatology,sst,790,0.039627980440855026,0.03752958625555038,0.04143806397914886
rmse,climatology,sst,800,0.038782234241565065,0.0370381660759449,0.041337674111127855
rmse,climatology,sst,810,0.03910851130882899,0.037473367899656294,0.04040670916438103
rmse,climatology,sst,820,0.039829529573520026,0.03779711872339249,0.041122731566429135
rmse,climatology,sst,830,0.03980964124202728,0.03829002156853676,0.04140245988965034
rmse,climatology,sst,840,0.03939596985777219,0.03832131624221802,0.04104635044932366
rmse,climatology,sst,850,0.03995481679836909,0.03853539302945137,0.04127385467290878
rmse,climatology,sst,860,0.039733297377824786,0.03720280304551125,0.04287215024232864
rmse,climatology,sst,870,0.03923556183775266,0.035869503021240236,0.04250720888376236
rmse,climatology,sst,880,0.03998217657208443,0.03746035695075989,0.04215587601065636
rmse,climatology,sst,890,0.04059510280688604,0.039760810881853105,0.04271698072552681
rmse,climatology,sst,900,0.04019556219379107,0.03850667327642441,0.04337859600782394
rmse,climatology,sst,910,0.03989854628841082,0.037561652809381486,0.043544397503137586
rmse,climatology,sst,920,0.04013536920150121,0.038505513966083524,0.04249098300933838
rmse,climatology,sst,930,0.03985231344898542,0.03707718476653099,0.041866686940193173
rmse,climatology,sst,940,0.03996626064181328,0.03792163133621216,0.041613074392080306
rmse,climatology,sst,950,0.040232813855012255,0.038425957411527635,0.04149194285273552
rmse,climatology,sst,960,0.040158663193384805,0.03854202926158905,0.042226304113864896
rmse,climatology,sst,970,0.03918878982464472,0.03715727999806404,0.04082603827118873
rmse,climatology,sst,980,0.03928936496376991,0.0376300074160099,0.041085734218358996
rmse,climatology,sst,990,0.03987719764312108,0.03781002908945084,0.04115330651402473
rmse,climatology,sst,1000,0.039874761303265886,0.037740858644247054,0.041589502990245816
rmse,climatology,sst,1010,0.0392499104142189,0.037231330573558805,0.041301003843545916
rmse,climatology,sst,1020,0.039717013388872145,0.03854494467377663,0.040980149805545804
rmse,climatology,sst,1030,0.03954687714576721,0.037759315222501755,0.04097777083516121
rmse,climatology,sst,1040,0.03890643840034803,0.036052112281322476,0.04103891253471374
rmse,climatology,sst,1050,0.039469156165917715,0.03751822337508202,0.041433630883693694
rmse,climatology,sst,1060,0.04021712616086006,0.03883202746510506,0.04164064526557922
rmse,climatology,sst,1070,0.03993442033727964,0.03814382255077362,0.041690414398908617
rmse,climatology,sst,1080,0.03965704441070557,0.03799668326973915,0.0417534850537777
rmse,climatology,sst,1090,0.0400091474254926,0.03840900659561157,0.04128861352801323
rmse,climatology,sst,1100,0.03988728548089663,0.0380250409245491,0.04136604815721512
rmse,climatology,sst,1110,0.04004949604471524,0.03832425624132156,0.041781171411275866
rmse,climatology,sst,1120,0.04051530063152313,0.038191231340169905,0.04256749004125595
rmse,climatology,sst,1130,0.04074862226843834,0.03845600560307503,0.042804069072008136
rmse,climatology,sst,1140,0.039990871647993725,0.037374015897512436,0.042447373270988464
rmse,climatology,sst,1150,0.040127280602852505,0.03800106793642044,0.04307130351662636
rmse,climatology,sst,1160,0.040812643120686214,0.038356625288724897,0.04348862320184708
rmse,climatology,sst,1170,0.04098827491203944,0.03794790208339691,0.044494444876909255
rmse,climatology,sst,1180,0.04037984137733777,0.037032654881477355,0.04429437294602394
rmse,climatology,sst,1190,0.04089593191941579,0.038904211670160296,0.04311558529734612
rmse,climatology,sst,1200,0.04090653533736865,0.039687664806842805,0.04303414896130562
rmse,climatology,sst,1210,0.04022831122080485,0.03795699179172516,0.04303555563092232
rmse,climatology,sst,1220,0.0406055711209774,0.0386480376124382,0.04354520067572594
rmse,climatology,sst,1230,0.04142464299996694,0.03902117013931274,0.04387813061475754
rmse,climatology,sst,1240,0.04124600440263748,0.03895829021930695,0.043735826015472413
rmse,climatology,sst,1250,0.04090488776564598,0.0388765349984169,0.04278057962656021
rmse,climatology,sst,1260,0.04113015905022621,0.03962922841310501,0.043442442268133166
rmse,climatology,sst,1270,0.040894715487957,0.03801743164658546,0.044094021618366244
rmse,climatology,sst,1280,0.04074158991376559,0.03764265552163124,0.04467112049460411
rmse,climatology,sst,1290,0.04101137245694796,0.03830147460103035,0.0442747101187706
rmse,climatology,sst,1300,0.041083073864380516,0.03894828259944916,0.04331532046198845
rmse,climatology,sst,1310,0.040142641464869185,0.038007428497076036,0.04188031703233719
rmse,climatology,sst,1320,0.039929024130105975,0.0386287622153759,0.041480475664138795
rmse,climatology,sst,1330,0.040433295319477716,0.03881743773818016,0.04181225821375847
rmse,climatology,sst,1340,0.04057931676506996,0.03826235830783844,0.04248681142926216
rmse,climatology,sst,1350,0.03980102116862933,0.03716800212860107,0.042031672596931455
rmse,climatology,sst,1360,0.04014320249358813,0.03893999233841896,0.04183062613010406
rmse,climatology,sst,1370,0.04018904318412145,0.038323008269071576,0.04137372896075249
rmse,climatology,sst,1380,0.0394639161725839,0.0370161235332489,0.04157543033361435
rmse,climatology,sst,1390,0.03968385681509971,0.03748329654335976,0.041292347759008405
rmse,climatology,sst,1400,0.04057432810465495,0.039379685372114184,0.04187999814748764
rmse,climatology,sst,1410,0.04046142647663752,0.03829950541257858,0.04179715439677238
rmse,climatology,sst,1420,0.0400787723561128,0.038386411219835284,0.04202195554971695
rmse,climatology,sst,1430,0.04032147005200386,0.03893178701400757,0.04163531512022019
rmse,climatology,sst,1440,0.04028454174598058,0.03841204047203064,0.04154019057750702
rmse,climatology,sst,1450,0.04020405088861783,0.03769596815109253,0.04220611453056335
rmse,climatology,sst,1460,0.040654470771551134,0.03888170048594475,0.04225556030869484
rmse,climatology,sst,1470,0.040912848462661106,0.03920854777097702,0.04254038855433464
rmse,climatology,sst,1480,0.040197692314783734,0.03783303052186966,0.04247070848941803
rmse,climatology,sst,1490,0.03997199237346649,0.0379866786301136,0.04120429083704948
rmse,climatology,sst,1500,0.04065163681904475,0.03800183087587357,0.0432118259370327
rmse,climatology,sst,1510,0.0410922721028328,0.038963576406240465,0.042476384341716765
rmse,climatology,sst,1520,0.04049774681528409,0.03893643990159035,0.042148028314113614
rmse,climatology,sst,1530,0.040846307575702664,0.03912407010793686,0.042745080590248105
rmse,climatology,sst,1540,0.04111018230517705,0.03915370181202889,0.0440746046602726
rmse,climatology,sst,1550,0.040494545549154284,0.03769119381904602,0.04389810562133789
rmse,climatology,sst,1560,0.040568289409081144,0.037044412642717364,0.043129979819059375
rmse,climatology,sst,1570,0.041483786702156064,0.039007415622472764,0.043990501761436464
rmse,climatology,sst,1580,0.04140189290046692,0.03973371610045433,0.04432077184319496
rmse,climatology,sst,1590,0.04090306237339973,0.03864916041493416,0.04463358521461487
rmse,climatology,sst,1600,0.04095824509859085,0.03846440985798836,0.04391901046037674
rmse,climatology,sst,1610,0.04088143482804298,0.038754602521657945,0.04301354736089706
rmse,climatology,sst,1620,0.04057071730494499,0.03840754330158234,0.04208210557699203
rmse,climatology,sst,1630,0.04086758693059286,0.03950523287057876,0.04230224788188934
rmse,climatology,sst,1640,0.041041891525189084,0.03978301510214806,0.04245786219835281
rmse,climatology,sst,1650,0.04033667047818502,0.038541074842214584,0.041922514140605924
rmse,climatology,sst,1660,0.039856387923161186,0.03810471147298813,0.04149398133158684
rmse,climatology,sst,1670,0.04039597784479459,0.038034217059612276,0.04188908562064171
rmse,climatology,sst,1680,0.04079273591438929,0.03872290253639221,0.042056252062320706
rmse,climatology,sst,1690,0.040143640836079915,0.037588247656822206,0.04208428636193275
rmse,climatology,sst,1700,0.04030028134584427,0.038772077113389966,0.041965342313051227
rmse,climatology,sst,1710,0.040589771668116253,0.03948519602417946,0.04189821407198906
rmse,climatology,sst,1720,0.0399562897781531,0.03782509565353394,0.042029937356710435
rmse,climatology,sst,1730,0.03985433951020241,0.037125363945961,0.0417638398706913
rmse,climatology,sst,1740,0.04082364862163861,0.03884899690747261,0.042603612691164014
rmse,climatology,sst,1750,0.04090796013673147,0.03891950771212578,0.04225585535168648
rmse,climatology,sst,1760,0.04054271926482519,0.0389139786362648,0.04238495677709579
rmse,climatology,sst,1770,0.040683913975954056,0.039012500643730165,0.042327750474214554
rmse,climatology,sst,1780,0.0408514770368735,0.03972087949514389,0.04165942743420601
rmse,climatology,sst,1790,0.04065427506963412,0.038561060279607776,0.042433063685894015
rmse,climatology,sst,1800,0.041114887098471324,0.03906605094671249,0.04269450381398201
rmse,climatology,sst,1810,0.041512616475423175,0.040009531378746035,0.043528773635625836
rmse,climatology,sst,1820,0.04111150652170181,0.038327538222074506,0.0432419590651989
rmse,climatology,sst,1830,0.0406346728404363,0.03864151164889336,0.04295035004615784
rmse,climatology,sst,1840,0.041207682838042575,0.039463037997484206,0.043513334542512896
rmse,climatology,sst,1850,0.04171258782347043,0.039425358176231384,0.044175713509321216
rmse,climatology,sst,1860,0.041203928242127104,0.03768225088715553,0.04439535662531853
rmse,climatology,sst,1870,0.04123796795805295,0.03844296932220459,0.04400660917162895
rmse,climatology,sst,1880,0.04165106589595477,0.04003531038761139,0.0430902287364006
rmse,climatology,sst,1890,0.041078847646713254,0.03970099091529846,0.04290786385536194
rmse,climatology,sst,1900,0.04081750636299451,0.038826160877943036,0.0434499479830265
rmse,climatology,sst,1910,0.04173401395479838,0.04003656879067421,0.044129859656095505
rmse,climatology,sst,1920,0.041928801437218985,0.03932853266596794,0.04427476674318313
rmse,climatology,sst,1930,0.04155346105496089,0.038845423609018326,0.043249227851629254
rmse,climatology,sst,1940,0.04154327735304832,0.040056458115577696,0.043148572742939
rmse,climatology,sst,1950,0.0416392741103967,0.03993682861328125,0.04393850937485695
rmse,climatology,sst,1960,0.04123890002568563,0.03767600953578949,0.044309594482183454
rmse,climatology,sst,1970,0.04146891236305237,0.03912145420908928,0.04472135603427887
rmse,climatology,sst,1980,0.041674202183882396,0.04003878384828567,0.044054288417100906
rmse,climatology,sst,1990,0.041215269515911736,0.038962170481681824,0.042664535343647
rmse,climatology,sst,2000,0.04045771807432175,0.03911134675145149,0.04228607416152954
rmse,persistence,sst,0,0.0,0.0,0.0
rmse,persistence,sst,10,0.02277104581395785,0.02005648724734783,0.0260111790150404
rmse,persistence,sst,20,0.03690005987882614,0.032902874797582624,0.042597992718219756
rmse,persistence,sst,30,0.046992530673742296,0.04306855425238609,0.05079416483640671
rmse,persistence,sst,40,0.056269496430953345,0.053324317932128905,0.06013324782252312
rmse,persistence,sst,50,0.06047984833518664,0.0560417652130127,0.06490538716316223
rmse,persistence,sst,60,0.06041321754455566,0.0579209566116333,0.0635100856423378
rmse,persistence,sst,70,0.05969542612632116,0.056972562521696093,0.06275995075702667
rmse,persistence,sst,80,0.05716982657710711,0.052809572964906695,0.061019223928451535
rmse,persistence,sst,90,0.05698631157477697,0.05413502380251885,0.06048431918025017
rmse,persistence,sst,100,0.05964070186018944,0.05688762292265892,0.06204100474715233
rmse,persistence,sst,110,0.06008577694495519,0.05766545459628105,0.06265183836221695
rmse,persistence,sst,120,0.05954590116937955,0.05612862184643745,0.06331712603569031
rmse,persistence,sst,130,0.05737851833303769,0.05446888506412506,0.059749290347099304
rmse,persistence,sst,140,0.0497275431950887,0.04488251581788063,0.052604719251394275
rmse,persistence,sst,150,0.039102938522895175,0.03722296431660652,0.04255034402012825
rmse,persistence,sst,160,0.025812445829312008,0.023020010441541672,0.030310665816068647
rmse,persistence,sst,170,0.009188951707134645,0.004442368354648352,0.01632644534111023
rmse,persistence,sst,180,0.02306468884150187,0.019707217067480087,0.02851911634206772
rmse,persistence,sst,190,0.03725454757610957,0.03283312991261482,0.043246112018823626
rmse,persistence,sst,200,0.04716278339425723,0.043027421832084654,0.05190766081213951
rmse,persistence,sst,210,0.056426632404327395,0.05326180309057236,0.06017152592539787
rmse,persistence,sst,220,0.06113413522640864,0.05702020451426506,0.0659404531121254
rmse,persistence,sst,230,0.06115473732352257,0.05784983187913895,0.06514734923839569
rmse,persistence,sst,240,0.060503147542476654,0.057428078353405,0.06396663039922715
rmse,persistence,sst,250,0.057984597980976105,0.05323583781719208,0.06166594997048378
rmse,persistence,sst,260,0.05735572874546051,0.054987572878599164,0.06061787158250809
rmse,persistence,sst,270,0.0598341333369414,0.056838408857584,0.06201933771371841
rmse,persistence,sst,280,0.06047899971405665,0.05785971805453301,0.0625938817858696
rmse,persistence,sst,290,0.05984831750392914,0.0560979850590229,0.06289719343185425
rmse,persistence,sst,300,0.05795379107197126,0.055527261644601825,0.06029443070292473
rmse,persistence,sst,310,0.050743446002403894,0.04645076543092728,0.05387233570218086
rmse,persistence,sst,320,0.04016914442181587,0.037608949840068816,0.04405286237597465
rmse,persistence,sst,330,0.02724996010462443,0.025107920914888383,0.030527608841657637
rmse,persistence,sst,340,0.010026508507629235,0.008389104902744294,0.01148988101631403
rmse,persistence,sst,350,0.02081693671643734,0.018898893520236014,0.023451661691069603
rmse,persistence,sst,360,0.035753812392552695,0.03176296353340149,0.04067623391747475
rmse,persistence,sst,370,0.04575861990451813,0.041626089811325075,0.04989072978496552
rmse,persistence,sst,380,0.05524814004699389,0.05262848362326622,0.058551914244890216
rmse,persistence,sst,390,0.06058231070637703,0.056465961039066315,0.06496821194887162
rmse,persistence,sst,400,0.06080531924962997,0.05758290737867355,0.06418546885252
rmse,persistence,sst,410,0.060254255682229994,0.0579474464058876,0.0632697582244873
rmse,persistence,sst,420,0.057853896419207254,0.053891167789697644,0.06153258830308914
rmse,persistence,sst,430,0.05688598677515984,0.05405949130654335,0.060110273957252505
rmse,persistence,sst,440,0.05932895268003146,0.05711791515350342,0.062212548404932025
rmse,persistence,sst,450,0.06037593558430672,0.05791889727115631,0.06226861551403999
rmse,persistence,sst,460,0.05985428939263026,0.05622337237000465,0.06259792894124985
rmse,persistence,sst,470,0.05839444796244304,0.05585671439766884,0.06009577587246895
rmse,persistence,sst,480,0.05183782453338305,0.04670373201370239,0.055268324166536334
rmse,persistence,sst,490,0.04159003545840581,0.037837912887334825,0.046468968689441684
rmse,persistence,sst,500,0.02952458361784617,0.02692820467054844,0.03232637420296669
rmse,persistence,sst,510,0.013206437416374683,0.009475356712937356,0.018732920289039612
rmse,persistence,sst,520,0.02044876168171565,0.018382737040519716,0.023594806715846062
rmse,persistence,sst,530,0.03553614107271035,0.03228930160403252,0.0397649846971035
rmse,persistence,sst,540,0.0454838606218497,0.041128233820199964,0.049741561710834506
rmse,persistence,sst,550,0.054979120194911954,0.052150556445121767,0.0575292706489563
rmse,persistence,sst,560,0.060839249690373735,0.056839636713266375,0.06468404829502106
rmse,persistence,sst,570,0.0613078070183595,0.057964835315942764,0.0642036959528923
rmse,persistence,sst,580,0.06077282776435216,0.05833764225244522,0.06355584710836411
rmse,persistence,sst,590,0.05842992961406708,0.054455002397298814,0.062310867756605146
rmse,persistence,sst,600,0.05699757983287176,0.05373428538441658,0.06059990003705025
rmse,persistence,sst,610,0.0591443640490373,0.05673665031790733,0.062465493381023404
rmse,persistence,sst,620,0.060416735460360846,0.05812976509332657,0.06241352409124375
rmse,persistence,sst,630,0.05978253434101741,0.056891363114118576,0.06247459501028061
rmse,persistence,sst,640,0.058459632098674774,0.05626753345131874,0.060489369183778764
rmse,persistence,sst,650,0.05230350196361542,0.04778531566262245,0.056133517622947694
rmse,persistence,sst,660,0.04192993392546972,0.03831675946712494,0.046255742013454434
rmse,persistence,sst,670,0.02958464858432611,0.027102913334965707,0.03255439475178719
rmse,persistence,sst,680,0.011110926667849222,0.010040579549968242,0.012168043293058872
rmse,persistence,sst,690,0.01527829710394144,0.01375632919371128,0.017330705374479293
rmse,persistence,sst,700,0.032479811708132425,0.02863108366727829,0.03717254623770714
rmse,persistence,sst,710,0.043099540968736014,0.03850403353571892,0.048021447658538816
rmse,persistence,sst,720,0.052922763675451276,0.04998781904578209,0.0565754160284996
rmse,persistence,sst,730,0.05950156996647517,0.05574144273996353,0.0641317367553711
rmse,persistence,sst,740,0.06040160581469536,0.05677885562181473,0.06444139331579209
rmse,persistence,sst,750,0.060007238388061525,0.05763367712497711,0.06322947591543197
rmse,persistence,sst,760,0.05796130547920863,0.05410197079181671,0.06143945008516312
rmse,persistence,sst,770,0.056320404758056004,0.052828365564346315,0.059751296043396
rmse,persistence,sst,780,0.058341729640960696,0.05565507635474205,0.06154411137104034
rmse,persistence,sst,790,0.0600803275903066,0.05769861713051796,0.06195748671889305
rmse,persistence,sst,800,0.05958398108681043,0.05617265626788139,0.06261120289564133
rmse,persistence,sst,810,0.058650042116642,0.05629861205816269,0.06105796173214913
rmse,persistence,sst,820,0.05332333321372668,0.049823809415102005,0.05648183524608612
rmse,persistence,sst,830,0.04343779236078262,0.03958150297403336,0.04716368317604065
rmse,persistence,sst,840,0.03182651946942012,0.02985725961625576,0.035731930285692215
rmse,persistence,sst,850,0.01543496393909057,0.012818750739097596,0.01881182789802551
rmse,persistence,sst,860,0.015813297281662624,0.012491690553724765,0.020347863063216207
rmse,persistence,sst,870,0.03262225414315859,0.027982503920793534,0.03832699581980705
rmse,persistence,sst,880,0.04333683227499326,0.038426253199577334,0.0488716684281826
rmse,persistence,sst,890,0.053021812438964845,0.04955108910799026,0.05737380236387253
rmse,persistence,sst,900,0.06002749651670456,0.05592641457915306,0.06565320193767547
rmse,persistence,sst,910,0.061313146352767946,0.0571723110973835,0.06680968254804612
rmse,persistence,sst,920,0.06094062626361847,0.05827362313866615,0.06496253758668899
rmse,persistence,sst,930,0.05909964839617411,0.05498836264014244,0.06207685992121696
rmse,persistence,sst,940,0.05713204940160115,0.05369641184806824,0.06037488356232643
rmse,persistence,sst,950,0.058734184006849925,0.055573157221078875,0.06157198622822761
rmse,persistence,sst,960,0.060679293672243756,0.05914506763219833,0.062429964542388916
rmse,persistence,sst,970,0.0601462056239446,0.05700855702161789,0.06280087828636169
rmse,persistence,sst,980,0.059318302075068156,0.05693622753024101,0.06225023418664932
rmse,persistence,sst,990,0.05453478967150052,0.05132870078086853,0.057544111460447314
rmse,persistence,sst,1000,0.04484727457165718,0.040927215665578845,0.048441816866397855
rmse,persistence,sst,1010,0.03345271721482277,0.0307928416877985,0.03643233552575111
rmse,persistence,sst,1020,0.017635527811944485,0.016298386082053185,0.019546591863036155
rmse,persistence,sst,1030,0.014014088362455369,0.012673133797943593,0.015437826327979565
rmse,persistence,sst,1040,0.031027902911106745,0.028044898062944412,0.03477674499154091
rmse,persistence,sst,1050,0.042076665659745535,0.03766356110572815,0.04719266071915627
rmse,persistence,sst,1060,0.0517923153936863,0.048528991639614105,0.05483694896101952
rmse,persistence,sst,1070,0.059383294979731244,0.05635074302554131,0.06326526552438735
rmse,persistence,sst,1080,0.061205850541591646,0.05773417800664902,0.06500563025474548
rmse,persistence,sst,1090,0.06092376584808032,0.05896259918808937,0.06355865001678467
rmse,persistence,sst,1100,0.05941407879193624,0.056683095544576644,0.06245076656341553
rmse,persistence,sst,1110,0.05728103419144948,0.05431494116783142,0.06046897098422051
rmse,persistence,sst,1120,0.05864749103784561,0.056679727882146834,0.06194166988134384
rmse,persistence,sst,1130,0.06101271584630012,0.058015350997447965,0.06353776901960373
rmse,persistence,sst,1140,0.06073672200242678,0.05708705559372902,0.0632947951555252
rmse,persistence,sst,1150,0.06020439391334852,0.05790218785405159,0.06346848309040069
rmse,persistence,sst,1160,0.05616022249062856,0.05178304836153984,0.058863038569688796
rmse,persistence,sst,1170,0.046981930484374365,0.04064292311668396,0.05186261609196663
rmse,persistence,sst,1180,0.036288918803135554,0.03266000747680664,0.04138517528772354
rmse,persistence,sst,1190,0.022179282332460085,0.01838030479848385,0.026858580112457276
rmse,persistence,sst,1200,0.01567877965668837,0.009781593643128871,0.022463655471801756
rmse,persistence,sst,1210,0.031289451941847804,0.02888791561126709,0.03316805139183998
rmse,persistence,sst,1220,0.042203012853860855,0.038807135075330734,0.04659907072782517
rmse,persistence,sst,1230,0.05156080077091853,0.049107184261083604,0.05539424493908882
rmse,persistence,sst,1240,0.05946430812279383,0.055838306248188016,0.062298734486103055
rmse,persistence,sst,1250,0.06170943155884743,0.05714435651898384,0.06490290015935898
rmse,persistence,sst,1260,0.06130170822143555,0.05858655720949173,0.06406842023134232
rmse,persistence,sst,1270,0.05984177167216937,0.05696634873747826,0.06378521919250488
rmse,persistence,sst,1280,0.05725594287117322,0.05272316709160805,0.06194327101111412
rmse,persistence,sst,1290,0.057998958975076675,0.055119071155786514,0.06207498013973236
rmse,persistence,sst,1300,0.06032708709438642,0.05778660699725151,0.06242509037256241
rmse,persistence,sst,1310,0.05997664605577787,0.05724019855260849,0.06227835714817047
rmse,persistence,sst,1320,0.0593161995212237,0.0571837529540062,0.06208258718252182
rmse,persistence,sst,1330,0.0556415356695652,0.05255035310983658,0.05877557620406151
rmse,persistence,sst,1340,0.04648246243596077,0.041594214737415314,0.050147776305675504
rmse,persistence,sst,1350,0.0353021456549565,0.03264835625886917,0.039029264450073244
rmse,persistence,sst,1360,0.02002638007203738,0.018269618973135948,0.02209326662123203
rmse,persistence,sst,1370,0.007351480983197689,0.006701117660850286,0.008287831582129002
rmse,persistence,sst,1380,0.02645531954864661,0.023557685688138007,0.030627815797924996
rmse,persistence,sst,1390,0.03899723986784617,0.03453633040189743,0.04455889463424682
rmse,persistence,sst,1400,0.04885484079519908,0.045065028965473174,0.05225335881114006
rmse,persistence,sst,1410,0.057526010026534395,0.05436767786741257,0.06141294464468956
rmse,persistence,sst,1420,0.06059718380371729,0.056249579042196275,0.06500906348228455
rmse,persistence,sst,1430,0.060385991881291075,0.058070076256990434,0.06343548446893692
rmse,persistence,sst,1440,0.059349472324053444,0.056659691780805585,0.062241580337285995
rmse,persistence,sst,1450,0.056812308728694916,0.052481944859027865,0.06033124029636383
rmse,persistence,sst,1460,0.05733683407306671,0.05454844683408737,0.06072063595056534
rmse,persistence,sst,1470,0.05998547275861104,0.057154258340597154,0.06198674514889717
rmse,persistence,sst,1480,0.06004489709933599,0.05735766515135765,0.06304453164339066
rmse,persistence,sst,1490,0.05961355492472649,0.056570421904325485,0.06326421797275543
rmse,persistence,sst,1500,0.05677760740121206,0.05406152456998825,0.059087250381708145
rmse,persistence,sst,1510,0.04845042650898298,0.04421969577670097,0.05129312872886658
rmse,persistence,sst,1520,0.037939321746428806,0.035155536234378816,0.04103416129946709
rmse,persistence,sst,1530,0.024433214714129767,0.021555106341838836,0.029869019240140914
rmse,persistence,sst,1540,0.01232787383099397,0.007457854226231575,0.018721218407154083
rmse,persistence,sst,1550,0.02709358384211858,0.023133935779333113,0.033168870210647586
rmse,persistence,sst,1560,0.039675094683965045,0.035228225588798526,0.04580807462334633
rmse,persistence,sst,1570,0.04921236857771873,0.044794612377882,0.05432729795575142
rmse,persistence,sst,1580,0.05796276678641637,0.054276565462350844,0.06280233561992646
rmse,persistence,sst,1590,0.06157412131627401,0.05722911953926087,0.06700299233198166
rmse,persistence,sst,1600,0.06131921435395877,0.058072352409362794,0.06536982506513596
rmse,persistence,sst,1610,0.06037215515971184,0.057224583625793454,0.06346295922994613
rmse,persistence,sst,1620,0.057661222666502,0.053054841607809065,0.06115660890936851
rmse,persistence,sst,1630,0.057592981557051344,0.05511487945914269,0.061178749054670335
rmse,persistence,sst,1640,0.060140286882718406,0.05709562301635742,0.06229184120893479
rmse,persistence,sst,1650,0.060392641772826515,0.05762844607234001,0.06254966259002685
rmse,persistence,sst,1660,0.0598848007619381,0.0566930815577507,0.06294570416212082
rmse,persistence,sst,1670,0.05747045129537583,0.05483510866761208,0.060366930067539216
rmse,persistence,sst,1680,0.04951286762952804,0.04479246884584427,0.05240231901407242
rmse,persistence,sst,1690,0.038994993766148886,0.036667095869779585,0.042873091995716095
rmse,persistence,sst,1700,0.02588062733411789,0.023784242570400238,0.028298837691545488
rmse,persistence,sst,1710,0.011266047693789005,0.010398650169372558,0.012166515551507473
rmse,persistence,sst,1720,0.02437567412853241,0.022580453008413316,0.027603498846292495
rmse,persistence,sst,1730,0.037850112716356916,0.03396918773651123,0.04262178763747215
rmse,persistence,sst,1740,0.04751543700695038,0.04350608214735985,0.05099805891513824
rmse,persistence,sst,1750,0.056672756622234984,0.05417017266154289,0.059487207978963855
rmse,persistence,sst,1760,0.061115455875794096,0.057141663134098054,0.06500644385814666
rmse,persistence,sst,1770,0.06109495212634405,0.05925930812954903,0.0638631448149681
rmse,persistence,sst,1780,0.06045787011583646,0.05794198140501976,0.06306775659322739
rmse,persistence,sst,1790,0.05792529806494713,0.05459517017006874,0.06156367212533951
rmse,persistence,sst,1800,0.05754089032610257,0.05480488762259483,0.060411394387483594
rmse,persistence,sst,1810,0.060198864340782164,0.05757065638899803,0.06284293085336685
rmse,persistence,sst,1820,0.06090771754582723,0.057572568953037265,0.06366908997297287
rmse,persistence,sst,1830,0.060529092947642006,0.05687638372182846,0.06322899162769317
rmse,persistence,sst,1840,0.05869158481558164,0.05572680681943894,0.060857506841421126
rmse,persistence,sst,1850,0.05144241253534953,0.04548007622361183,0.05492214486002922
rmse,persistence,sst,1860,0.04132015282909075,0.036912184208631516,0.04690130427479744
rmse,persistence,sst,1870,0.02934988389412562,0.02604718841612339,0.032480067759752276
rmse,persistence,sst,1880,0.014744423516094684,0.009558031521737575,0.021155786141753195
rmse,persistence,sst,1890,0.024155716722210247,0.021673264726996423,0.026309770718216895
rmse,persistence,sst,1900,0.03763391549388568,0.034968574345111844,0.04177380427718162
rmse,persistence,sst,1910,0.04702959855397542,0.043819126486778257,0.05096184015274048
rmse,persistence,sst,1920,0.05618391633033752,0.0533448725938797,0.058601686358451845
rmse,persistence,sst,1930,0.061192819972833,0.0565273329615593,0.06461853981018066
rmse,persistence,sst,1940,0.061252293487389885,0.0577548660337925,0.06391484588384629
rmse,persistence,sst,1950,0.06056783745686213,0.05832180231809616,0.06385747939348221
rmse,persistence,sst,1960,0.05793558855851491,0.053810612112283704,0.06224345937371254
rmse,persistence,sst,1970,0.056877481192350386,0.05425193756818771,0.06045535355806351
rmse,persistence,sst,1980,0.05920417830348015,0.05665823370218277,0.062483041733503344
rmse,persistence,sst,1990,0.0600896954536438,0.05764656290411949,0.06201302632689476
rmse,persistence,sst,2000,0.05954834868510564,0.05638449937105179,0.06244913339614868
acc,selected,surface_u,0,1.0,1.0,1.0
acc,selected,surface_u,10,0.9937729954719543,0.9918050289154052,0.9953803539276123
acc,selected,surface_u,20,0.9891205588976543,0.9860907912254333,0.9941097497940063
acc,selected,surface_u,30,0.9851571917533875,0.9805922150611878,0.9916060447692872
acc,selected,surface_u,40,0.9797372619311014,0.9739338278770446,0.9890776157379151
acc,selected,surface_u,50,0.9734996517499288,0.9589712381362915,0.985476279258728
acc,selected,surface_u,60,0.9692545096079509,0.9556642770767212,0.9826828718185425
acc,selected,surface_u,70,0.9624311963717143,0.9476675987243652,0.9764718651771546
acc,selected,surface_u,80,0.9560828089714051,0.9425108671188355,0.9700145125389099
acc,selected,surface_u,90,0.9529071092605591,0.9399361252784729,0.9753944158554078
acc,selected,surface_u,100,0.9473873655001323,0.9374072432518006,0.9694148182868958
acc,selected,surface_u,110,0.9351991573969524,0.9146695852279663,0.9626311421394348
acc,selected,surface_u,120,0.9306276480356852,0.8987407684326172,0.9623931407928467
acc,selected,surface_u,130,0.9299257238705952,0.881620991230011,0.963231897354126
acc,selected,surface_u,140,0.9195771932601928,0.86478031873703,0.9600770592689514
acc,selected,surface_u,150,0.9102387229601542,0.8739223599433898,0.9572006940841675
acc,selected,surface_u,160,0.9115059812863667,0.855648672580719,0.9522462964057923
acc,selected,surface_u,170,0.9044626752535502,0.8257657766342164,0.9466966390609741
acc,selected,surface_u,180,0.8892758170763652,0.8106347799301148,0.9432430624961853
acc,selected,surface_u,190,0.8847979029019674,0.7956048965454101,0.9414958357810974
acc,selected,surface_u,200,0.8852410634358724,0.7841198325157166,0.93451007604599
acc,prior,surface_u,0,1.0,1.0,1.0
acc,prior,surface_u,10,0.9933090011278788,0.9913769364356995,0.9950289607048035
acc,prior,surface_u,20,0.9883142908414205,0.9852513909339905,0.9935011506080628
acc,prior,surface_u,30,0.9840877095858256,0.9792831301689148,0.9908562779426575
acc,prior,surface_u,40,0.9781612356503805,0.9709446787834167,0.9882863283157348
acc,prior,surface_u,50,0.9713310281435649,0.9542502522468567,0.984157395362854
acc,prior,surface_u,60,0.9666738152503968,0.9507721185684204,0.9813060760498047
acc,prior,surface_u,70,0.9591770768165588,0.9423867702484131,0.9747843861579895
acc,prior,surface_u,80,0.951895272731781,0.9361098051071167,0.9684568762779235
acc,prior,surface_u,90,0.9483470718065897,0.9332358002662658,0.9744804501533508
acc,prior,surface_u,100,0.941638712088267,0.9301787495613099,0.9674942135810852
acc,prior,surface_u,110,0.927353847026825,0.9033298850059509,0.9602485537528992
acc,prior,surface_u,120,0.9224753936131795,0.8850856781005859,0.9600720286369324
acc,prior,surface_u,130,0.9218262155850728,0.8642632722854614,0.9606524229049682
acc,prior,surface_u,140,0.9100155750910441,0.8442640185356141,0.9568640708923339
acc,prior,surface_u,150,0.8995731592178344,0.8560102939605713,0.9537753343582154
acc,prior,surface_u,160,0.9015308777491252,0.8370983958244324,0.9483526945114136
acc,prior,surface_u,170,0.893953283627828,0.8013122081756592,0.9416034936904907
acc,prior,surface_u,180,0.8779391447703043,0.7894280195236206,0.9382356762886047
acc,prior,surface_u,190,0.8739520271619161,0.7794532418251038,0.9363821506500244
acc,prior,surface_u,200,0.8755331476529439,0.7622034072875976,0.9288054585456849
acc,selected,surface_v,0,1.0,1.0,1.0
acc,selected,surface_v,10,0.97799285252889,0.9671563386917115,0.985345470905304
acc,selected,surface_v,20,0.9655496160189311,0.9538554787635803,0.9786311626434326
acc,selected,surface_v,30,0.9665551463762919,0.9585769057273865,0.9726924896240234
acc,selected,surface_v,40,0.9614054958025614,0.9422366380691528,0.9733024835586548
acc,selected,surface_v,50,0.9557412187258403,0.9418575286865234,0.9684358954429626
acc,selected,surface_v,60,0.95510307153066,0.9261298179626465,0.979196298122406
acc,selected,surface_v,70,0.9571136434872946,0.9422707080841064,0.9700886368751526
acc,selected,surface_v,80,0.9519421776135762,0.941068696975708,0.9625307202339173
acc,selected,surface_v,90,0.9509231130282084,0.9258413553237915,0.9649868488311768
acc,selected,surface_v,100,0.9542136549949646,0.9323858022689819,0.9661668539047241
acc,selected,surface_v,110,0.9477498173713684,0.934001350402832,0.9619958400726318
acc,selected,surface_v,120,0.9409815549850464,0.9153266310691833,0.9673865675926209
acc,selected,surface_v,130,0.9460944016774495,0.9310576915740967,0.9624167799949646
acc,selected,surface_v,140,0.945860759417216,0.9294838786125184,0.9566442728042602
acc,selected,surface_v,150,0.9361331741015116,0.9120295286178589,0.9594433426856994
acc,selected,surface_v,160,0.9390943209330241,0.9180175304412842,0.9689901232719421
acc,selected,surface_v,170,0.9410894433657329,0.9201550841331482,0.9613161563873291
acc,selected,surface_v,180,0.9315740267435709,0.9086054563522339,0.9601274013519288
acc,selected,surface_v,190,0.9293736418088278,0.9084885954856873,0.9469115734100342
acc,selected,surface_v,200,0.9348286390304565,0.923772668838501,0.9503892540931702
acc,prior,surface_v,0,1.0,1.0,1.0
acc,prior,surface_v,10,0.9759224653244019,0.962843406200409,0.9838099598884582
acc,prior,surface_v,20,0.9621801654497782,0.9503035187721253,0.9765359401702881
acc,prior,surface_v,30,0.9630536675453186,0.9542526602745056,0.9703181028366089
acc,prior,surface_v,40,0.9571715712547302,0.9365575194358826,0.9705318093299866
acc,prior,surface_v,50,0.9518048206965128,0.9367112874984741,0.9669295907020569
acc,prior,surface_v,60,0.9510295629501343,0.9208025813102723,0.9773606777191162
acc,prior,surface_v,70,0.9531888286272685,0.9375704169273377,0.9663992524147034
acc,prior,surface_v,80,0.9467424511909485,0.935483741760254,0.9566085934638977
acc,prior,surface_v,90,0.946159815788269,0.9182202339172363,0.9621057748794556
acc,prior,surface_v,100,0.9496607939402263,0.9295802354812622,0.9630541682243348
acc,prior,surface_v,110,0.9436933239301045,0.9311422824859619,0.9583485364913941
acc,prior,surface_v,120,0.9362047950426737,0.9099218964576721,0.9626778602600098
acc,prior,surface_v,130,0.9415494879086812,0.9249027967453003,0.9595027327537536
acc,prior,surface_v,140,0.9404858390490214,0.92160724401474,0.9515891909599304
acc,prior,surface_v,150,0.9299972891807556,0.9057295799255372,0.9556480765342712
acc,prior,surface_v,160,0.9334007740020752,0.907947325706482,0.9678959965705871
acc,prior,surface_v,170,0.9361445824305217,0.9127213716506958,0.9579050302505493
acc,prior,surface_v,180,0.9255742271741231,0.9000092506408691,0.9546096801757813
acc,prior,surface_v,190,0.9235793352127075,0.9023640751838684,0.9429885029792786
acc,prior,surface_v,200,0.9287046710650126,0.9162650346755982,0.9464425563812255
acc,selected,phihyd_surface,0,1.0,1.0,1.0
acc,selected,phihyd_surface,10,0.9993270913759867,0.9992217540740966,0.9996071815490722
acc,selected,phihyd_surface,20,0.9989890853563944,0.9987957239151001,0.9994269371032715
acc,selected,phihyd_surface,30,0.9987996459007263,0.998549473285675,0.9992677927017212
acc,selected,phihyd_surface,40,0.9986424088478089,0.9983951210975647,0.9991166830062866
acc,selected,phihyd_surface,50,0.9984875480333965,0.9982284069061279,0.9989831686019898
acc,selected,phihyd_surface,60,0.9982938289642334,0.998088276386261,0.998835289478302
acc,selected,phihyd_surface,70,0.9981102108955383,0.9979126214981079,0.9986653089523315
acc,selected,phihyd_surface,80,0.9979406436284383,0.9977750182151794,0.9984776377677917
acc,selected,phihyd_surface,90,0.9978307366371155,0.9976349353790284,0.9982768177986145
acc,selected,phihyd_surface,100,0.9977057695388794,0.9971673250198364,0.9980993270874023
acc,selected,phihyd_surface,110,0.9975300113360087,0.9967473149299622,0.9979846477508545
acc,selected,phihyd_surface,120,0.9972804665565491,0.9965607762336731,0.9978371381759643
acc,selected,phihyd_surface,130,0.9969989061355591,0.996385395526886,0.997495150566101
acc,selected,phihyd_surface,140,0.996790087223053,0.9961453318595886,0.9973466157913208
acc,selected,phihyd_surface,150,0.996600313981374,0.9954294800758362,0.9973260402679444
acc,selected,phihyd_surface,160,0.9963865756988526,0.9944946646690369,0.9970994353294372
acc,selected,phihyd_surface,170,0.996147080262502,0.9940025448799134,0.9969804883003235
acc,selected,phihyd_surface,180,0.995856249332428,0.993938946723938,0.9968187689781189
acc,selected,phihyd_surface,190,0.995495347181956,0.9937132716178894,0.9964859962463379
acc,selected,phihyd_surface,200,0.9952272375424703,0.9932635068893433,0.9963125824928284
acc,prior,phihyd_surface,0,1.0,1.0,1.0
acc,prior,phihyd_surface,10,0.9992540995279948,0.9991328716278076,0.9995749115943908
acc,prior,phihyd_surface,20,0.9988835136095683,0.998677110671997,0.9993674397468567
acc,prior,phihyd_surface,30,0.9986737926801046,0.9984009385108947,0.9992019414901734
acc,prior,phihyd_surface,40,0.9984903176625569,0.9982174873352051,0.9990122199058533
acc,prior,phihyd_surface,50,0.9983136057853699,0.9980425119400025,0.9988660097122193
acc,prior,phihyd_surface,60,0.9981015682220459,0.9978765964508056,0.9987050056457519
acc,prior,phihyd_surface,70,0.9978959321975708,0.9976895689964295,0.9985163331031799
acc,prior,phihyd_surface,80,0.9977114359537761,0.9975524783134461,0.9983012437820434
acc,prior,phihyd_surface,90,0.9975872198740642,0.9974045395851135,0.9980824947357178
acc,prior,phihyd_surface,100,0.9974439779917399,0.9968049883842468,0.9978880524635315
acc,prior,phihyd_surface,110,0.9972354610761006,0.9963631629943848,0.9977468132972718
acc,prior,phihyd_surface,120,0.9969757119814555,0.9962074995040894,0.9975992918014527
acc,prior,phihyd_surface,130,0.9966787020365397,0.9960375905036927,0.9971682310104371
acc,prior,phihyd_surface,140,0.9964351137479146,0.9957149863243103,0.9970440983772277
acc,prior,phihyd_surface,150,0.9962313373883566,0.9950506448745727,0.9970536351203918
acc,prior,phihyd_surface,160,0.9960068464279175,0.9941210150718689,0.9968071818351746
acc,prior,phihyd_surface,170,0.9957064072291056,0.9934309363365174,0.9965897798538208
acc,prior,phihyd_surface,180,0.9953533331553142,0.9932151198387146,0.9963403344154358
acc,prior,phihyd_surface,190,0.9949678619702657,0.9929262042045593,0.9960347414016724
acc,prior,phihyd_surface,200,0.9946590860684713,0.9924250364303588,0.9958224177360535
acc,selected,sst,0,1.0,1.0,1.0
acc,selected,sst,10,0.9820304751396179,0.9774833202362061,0.9863318920135498
acc,selected,sst,20,0.9659892956415812,0.9598188161849975,0.9748484134674072
acc,selected,sst,30,0.9578605930010478,0.9478936433792114,0.9720183253288269
acc,selected,sst,40,0.9494031985600789,0.9346848487854004,0.9649680972099304
acc,selected,sst,50,0.9427568793296814,0.928106141090393,0.9605364918708801
acc,selected,sst,60,0.9369286735852559,0.9211834907531739,0.9558305382728577
acc,selected,sst,70,0.9317180832227071,0.9120315432548523,0.9541242837905883
acc,selected,sst,80,0.9258920590082804,0.8991076946258545,0.947289764881134
acc,selected,sst,90,0.9216040531794231,0.8982442378997803,0.9471373677253723
acc,selected,sst,100,0.9201457341512044,0.8964243650436401,0.943394911289215
acc,selected,sst,110,0.9164214571317036,0.8993708610534668,0.935641884803772
acc,selected,sst,120,0.9121129115422567,0.8940972447395324,0.9338447690010071
acc,selected,sst,130,0.9094673156738281,0.8885843753814697,0.9315279483795166
acc,selected,sst,140,0.9058257738749186,0.8902671217918396,0.9246241092681885
acc,selected,sst,150,0.8985142906506857,0.8770416498184204,0.9135360002517701
acc,selected,sst,160,0.8976906379063924,0.8737246036529541,0.9155873775482177
acc,selected,sst,170,0.897491192817688,0.883037555217743,0.9154879331588746
acc,selected,sst,180,0.8923313180605571,0.880343222618103,0.9057819604873657
acc,selected,sst,190,0.8857149759928385,0.8705059885978699,0.9015345692634582
acc,selected,sst,200,0.8857452909151713,0.8733151316642761,0.901850426197052
acc,prior,sst,0,1.0,1.0,1.0
acc,prior,sst,10,0.9801617383956909,0.9751073002815247,0.9846303582191467
acc,prior,sst,20,0.9627800981203715,0.9561318993568421,0.9720483899116517
acc,prior,sst,30,0.9539176901181539,0.9427534341812134,0.969246256351471
acc,prior,sst,40,0.9450021227200825,0.9287234663963317,0.9618512392044067
acc,prior,sst,50,0.9380919297536214,0.9225549817085266,0.9567034602165222
acc,prior,sst,60,0.9319202462832133,0.9149351119995117,0.9518398880958557
acc,prior,sst,70,0.9262249191602071,0.9059885382652283,0.9500678539276123
acc,prior,sst,80,0.9200445294380188,0.8924228191375733,0.9426720619201661
acc,prior,sst,90,0.915689738591512,0.8905393242835998,0.9426134467124939
acc,prior,sst,100,0.9142784317334492,0.8887555360794067,0.9388815402984619
acc,prior,sst,110,0.910592528184255,0.8923441648483277,0.930900514125824
acc,prior,sst,120,0.9058784286181132,0.8870027422904968,0.9286945939064026
acc,prior,sst,130,0.9030560930569966,0.8814631819725036,0.9269975185394287
acc,prior,sst,140,0.8991922934850057,0.8825451254844665,0.9195890426635742
acc,prior,sst,150,0.8914805928866069,0.8726694464683533,0.907218623161316
acc,prior,sst,160,0.8904368162155152,0.865545392036438,0.9104107737541198
acc,prior,sst,170,0.8899532079696655,0.8741840720176697,0.9106505393981934
acc,prior,sst,180,0.8844025731086731,0.8715192437171936,0.9010293483734131
acc,prior,sst,190,0.8775059978167216,0.8627138257026672,0.8970576286315918
acc,prior,sst,200,0.8775292754173278,0.8659089088439942,0.8982446074485779
