(PID.TID 0000.0001) 
(PID.TID 0000.0001) // ======================================================
(PID.TID 0000.0001) //                      MITgcm UV
(PID.TID 0000.0001) //                      =========
(PID.TID 0000.0001) // ======================================================
(PID.TID 0000.0001) // execution environment starting up...
(PID.TID 0000.0001) 
(PID.TID 0000.0001) // MITgcmUV version:  checkpoint68j
(PID.TID 0000.0001) // Build user:        mjalabert314
(PID.TID 0000.0001) // Build host:        pod.cnsi.ucsb.edu
(PID.TID 0000.0001) // Build date:        Wed Aug 12 15:46:28 PDT 2026
(PID.TID 0000.0001) 
(PID.TID 0000.0001) // =======================================================
(PID.TID 0000.0001) // Execution Environment parameter file "eedata"
(PID.TID 0000.0001) // =======================================================
(PID.TID 0000.0001) > &EEPARMS
(PID.TID 0000.0001) > nTx=1,
(PID.TID 0000.0001) > nTy=1,
(PID.TID 0000.0001) > /
(PID.TID 0000.0001) >
(PID.TID 0000.0001) 
(PID.TID 0000.0001) // =======================================================
(PID.TID 0000.0001) // Computational Grid Specification ( see files "SIZE.h" )
(PID.TID 0000.0001) //                                  ( and "eedata"       )
(PID.TID 0000.0001) // =======================================================
(PID.TID 0000.0001)      nPx =    2 ; /* No. processes in X */
(PID.TID 0000.0001)      nPy =    2 ; /* No. processes in Y */
(PID.TID 0000.0001)      nSx =    1 ; /* No. tiles in X per process */
(PID.TID 0000.0001)      nSy =    1 ; /* No. tiles in Y per process */
(PID.TID 0000.0001)      sNx =   31 ; /* Tile size in X */
(PID.TID 0000.0001)      sNy =   31 ; /* Tile size in Y */
(PID.TID 0000.0001)      OLx =    2 ; /* Tile overlap distance in X */
(PID.TID 0000.0001)      OLy =    2 ; /* Tile overlap distance in Y */
(PID.TID 0000.0001)      nTx =    1 ; /* No. threads in X per process */
(PID.TID 0000.0001)      nTy =    1 ; /* No. threads in Y per process */
(PID.TID 0000.0001)       Nr =   15 ; /* No. levels in the vertical   */
(PID.TID 0000.0001)       Nx =   62 ; /* Total domain size in X ( = nPx*nSx*sNx ) */
(PID.TID 0000.0001)       Ny =   62 ; /* Total domain size in Y ( = nPy*nSy*sNy ) */
(PID.TID 0000.0001)   nTiles =    1 ; /* Total no. tiles per process ( = nSx*nSy ) */
(PID.TID 0000.0001)   nProcs =    4 ; /* Total no. processes ( = nPx*nPy ) */
(PID.TID 0000.0001) nThreads =    1 ; /* Total no. threads per process ( = nTx*nTy ) */
(PID.TID 0000.0001) usingMPI =    T ; /* Flag used to control whether MPI is in use */
(PID.TID 0000.0001)                   /*  note: To execute a program with MPI calls */
(PID.TID 0000.0001)                   /*  it must be launched appropriately e.g     */
(PID.TID 0000.0001)                   /*  "mpirun -np 64 ......"                    */
(PID.TID 0000.0001) useCoupler=   F ; /* Flag used to control communications with   */
(PID.TID 0000.0001)                   /*  other model components, through a coupler */
(PID.TID 0000.0001) useNest2W_parent =    F ;/* Control 2-W Nesting comm */
(PID.TID 0000.0001) useNest2W_child  =    F ;/* Control 2-W Nesting comm */
(PID.TID 0000.0001) debugMode =    F ; /* print debug msg. (sequence of S/R calls)  */
(PID.TID 0000.0001) printMapIncludesZeros=    F ; /* print zeros in Std.Output maps */
(PID.TID 0000.0001) maxLengthPrt1D=   65 /* maxLength of 1D array printed to StdOut */
(PID.TID 0000.0001) 
(PID.TID 0000.0001) ======= Starting MPI parallel Run =========
(PID.TID 0000.0001)  My Processor Name (len:  6 ) = node64
(PID.TID 0000.0001)  Located at (  0,  0) on processor grid (0:  1,0:  1)
(PID.TID 0000.0001)  Origin at  (     1,     1) on global grid (1:    62,1:    62)
(PID.TID 0000.0001)  North neighbor = processor 0001
(PID.TID 0000.0001)  South neighbor = processor 0001
(PID.TID 0000.0001)   East neighbor = processor 0002
(PID.TID 0000.0001)   West neighbor = processor 0002
(PID.TID 0000.0001) // ======================================================
(PID.TID 0000.0001) // Mapping of tiles to threads
(PID.TID 0000.0001) // ======================================================
(PID.TID 0000.0001) // -o- Thread   1, tiles (   1:   1,   1:   1)
(PID.TID 0000.0001) 
(PID.TID 0000.0001) // ======================================================
(PID.TID 0000.0001) // Tile <-> Tile connectvity table
(PID.TID 0000.0001) // ======================================================
(PID.TID 0000.0001) // Tile number: 000001 (process no. = 000000)
(PID.TID 0000.0001) //        WEST: Tile = 000002, Process = 000002, Comm = messages
(PID.TID 0000.0001) //                bi = 000001, bj = 000001
(PID.TID 0000.0001) //        EAST: Tile = 000002, Process = 000002, Comm = messages
(PID.TID 0000.0001) //                bi = 000001, bj = 000001
(PID.TID 0000.0001) //       SOUTH: Tile = 000003, Process = 000001, Comm = messages
(PID.TID 0000.0001) //                bi = 000001, bj = 000001
(PID.TID 0000.0001) //       NORTH: Tile = 000003, Process = 000001, Comm = messages
(PID.TID 0000.0001) //                bi = 000001, bj = 000001
(PID.TID 0000.0001) 
(PID.TID 0000.0001)  INI_PARMS: opening model parameter file "data"
(PID.TID 0000.0001)  OPEN_COPY_DATA_FILE: opening file data
(PID.TID 0000.0001) // =======================================================
(PID.TID 0000.0001) // Parameter file "data"
(PID.TID 0000.0001) // =======================================================
(PID.TID 0000.0001) ># AF--FNO S0 adjoint: official 1-degree baroclinic-gyre tutorial physics
(PID.TID 0000.0001) > &PARM01
(PID.TID 0000.0001) > viscAh=5000.,
(PID.TID 0000.0001) > viscAr=1.E-2,
(PID.TID 0000.0001) > no_slip_sides=.TRUE.,
(PID.TID 0000.0001) > no_slip_bottom=.FALSE.,
(PID.TID 0000.0001) > diffKhT=1000.,
(PID.TID 0000.0001) > diffKrT=1.E-5,
(PID.TID 0000.0001) > ivdc_kappa=1.,
(PID.TID 0000.0001) > implicitDiffusion=.TRUE.,
(PID.TID 0000.0001) > eosType='LINEAR',
(PID.TID 0000.0001) > tRef=30.,27.,24.,21.,18.,15.,13.,11.,9.,7.,6.,5.,4.,3.,2.,
(PID.TID 0000.0001) > tAlpha=2.E-4,
(PID.TID 0000.0001) > sBeta=0.,
(PID.TID 0000.0001) > rhoNil=999.8,
(PID.TID 0000.0001) > gravity=9.81,
(PID.TID 0000.0001) > rigidLid=.FALSE.,
(PID.TID 0000.0001) > implicitFreeSurface=.TRUE.,
(PID.TID 0000.0001) > exactConserv=.TRUE.,
(PID.TID 0000.0001) > saltStepping=.FALSE.,
(PID.TID 0000.0001) > useSingleCpuIO=.TRUE.,
(PID.TID 0000.0001) > /
(PID.TID 0000.0001) > &PARM02
(PID.TID 0000.0001) > cg2dTargetResidual=1.E-7,
(PID.TID 0000.0001) > cg2dMaxIters=1000,
(PID.TID 0000.0001) > /
(PID.TID 0000.0001) > &PARM03
(PID.TID 0000.0001) > nIter0=3111120,
(PID.TID 0000.0001) > nTimeSteps=720,
(PID.TID 0000.0001) > deltaT=1200.,
(PID.TID 0000.0001) > pChkptFreq=0.0,
(PID.TID 0000.0001) > chkptFreq=0.,
(PID.TID 0000.0001) > dumpFreq=0.,
(PID.TID 0000.0001) > monitorFreq=2592000.,
(PID.TID 0000.0001) > monitorSelect=2,
(PID.TID 0000.0001) > tauThetaClimRelax=2592000.,
(PID.TID 0000.0001) > /
(PID.TID 0000.0001) > &PARM04
(PID.TID 0000.0001) > usingSphericalPolarGrid=.TRUE.,
(PID.TID 0000.0001) > delX=62*1.,
(PID.TID 0000.0001) > delY=62*1.,
(PID.TID 0000.0001) > xgOrigin=-1.,
(PID.TID 0000.0001) > ygOrigin=14.,
(PID.TID 0000.0001) > delR=50.,60.,70.,80.,90.,100.,110.,120.,130.,140.,150.,160.,170.,180.,190.,
(PID.TID 0000.0001) > /
(PID.TID 0000.0001) > &PARM05
(PID.TID 0000.0001) > bathyFile='bathy.bin',
(PID.TID 0000.0001) > zonalWindFile='windx_cosy.bin',
(PID.TID 0000.0001) > thetaClimFile='SST_relax.bin',
(PID.TID 0000.0001) > /
(PID.TID 0000.0001) 
(PID.TID 0000.0001)  INI_PARMS ; starts to read PARM01
(PID.TID 0000.0001)  INI_PARMS ; read PARM01 : OK
(PID.TID 0000.0001)  INI_PARMS ; starts to read PARM02
(PID.TID 0000.0001)  INI_PARMS ; read PARM02 : OK
(PID.TID 0000.0001)  INI_PARMS ; starts to read PARM03
(PID.TID 0000.0001)  INI_PARMS ; read PARM03 : OK
(PID.TID 0000.0001)  INI_PARMS ; starts to read PARM04
(PID.TID 0000.0001)  INI_PARMS ; read PARM04 : OK
(PID.TID 0000.0001)  INI_PARMS ; starts to read PARM05
(PID.TID 0000.0001)  INI_PARMS ; read PARM05 : OK
(PID.TID 0000.0001)  INI_PARMS: finished reading file "data"
(PID.TID 0000.0001)  PACKAGES_BOOT: opening data.pkg
(PID.TID 0000.0001)  OPEN_COPY_DATA_FILE: opening file data.pkg
(PID.TID 0000.0001) // =======================================================
(PID.TID 0000.0001) // Parameter file "data.pkg"
(PID.TID 0000.0001) // =======================================================
(PID.TID 0000.0001) > &PACKAGES
(PID.TID 0000.0001) > useMNC=.FALSE.,
(PID.TID 0000.0001) > useDiagnostics=.TRUE.,
(PID.TID 0000.0001) > useGrdchk=.TRUE.,
(PID.TID 0000.0001) > /
(PID.TID 0000.0001) 
(PID.TID 0000.0001)  PACKAGES_BOOT: finished reading data.pkg
(PID.TID 0000.0001)  PACKAGES_BOOT: On/Off package Summary
 --------  pkgs with a standard "usePKG" On/Off switch in "data.pkg":  --------
 pkg/autodiff             compiled   and   used ( useAUTODIFF              = T )
 pkg/grdchk               compiled   and   used ( useGrdchk                = T )
 pkg/ctrl                 compiled   and   used ( useCTRL                  = T )
 pkg/diagnostics          compiled   and   used ( useDiagnostics           = T )
 -------- pkgs without standard "usePKG" On/Off switch in "data.pkg":  --------
 pkg/generic_advdiff      compiled   and   used ( useGAD                   = T )
 pkg/mom_common           compiled   and   used ( momStepping              = T )
 pkg/mom_vecinv           compiled but not used ( +vectorInvariantMomentum = F )
 pkg/mom_fluxform         compiled   and   used ( & not vectorInvariantMom = T )
 pkg/monitor              compiled   and   used ( monitorFreq > 0.         = T )
 pkg/debug                compiled but not used ( debugMode                = F )
 pkg/rw                   compiled   and   used
 pkg/mdsio                compiled   and   used
 pkg/autodiff             compiled   and   used
 pkg/cost                 compiled   and   used
(PID.TID 0000.0001)  PACKAGES_BOOT: End of package Summary
(PID.TID 0000.0001) 
(PID.TID 0000.0001) AUTODIFF_READPARMS: opening data.autodiff
(PID.TID 0000.0001)  OPEN_COPY_DATA_FILE: opening file data.autodiff
(PID.TID 0000.0001) // =======================================================
(PID.TID 0000.0001) // Parameter file "data.autodiff"
(PID.TID 0000.0001) // =======================================================
(PID.TID 0000.0001) ># AF--FNO adjoint options.
(PID.TID 0000.0001) >#
(PID.TID 0000.0001) ># inAdExact = .TRUE. (the default) requests the exact adjoint with no
(PID.TID 0000.0001) ># approximation.  Do not relax it: the whole point of this dataset is that it
(PID.TID 0000.0001) ># is exact.
(PID.TID 0000.0001) > &AUTODIFF_PARM01
(PID.TID 0000.0001) > inAdExact = .TRUE.,
(PID.TID 0000.0001) > /
(PID.TID 0000.0001) 
(PID.TID 0000.0001) AUTODIFF_READPARMS: finished reading data.autodiff
(PID.TID 0000.0001) // ===================================
(PID.TID 0000.0001) // AUTODIFF parameters :
(PID.TID 0000.0001) // ===================================
(PID.TID 0000.0001) inAdExact = /* get an exact adjoint (no approximation) */
(PID.TID 0000.0001)                   T
(PID.TID 0000.0001)     ;
(PID.TID 0000.0001) useApproxAdvectionInAdMode = /* approximate AD-advection */
(PID.TID 0000.0001)                   F
(PID.TID 0000.0001)     ;
(PID.TID 0000.0001) cg2dFullAdjoint = /* use full hand written cg2d adjoint (no approximation) */
(PID.TID 0000.0001)                   F
(PID.TID 0000.0001)     ;
(PID.TID 0000.0001) useKPPinAdMode = /* use KPP in adjoint mode */
(PID.TID 0000.0001)                   F
(PID.TID 0000.0001)     ;
(PID.TID 0000.0001) useGMRediInAdMode = /* use GMRedi in adjoint mode */
(PID.TID 0000.0001)                   F
(PID.TID 0000.0001)     ;
(PID.TID 0000.0001) useSEAICEinAdMode = /* use SEAICE in adjoint mode */
(PID.TID 0000.0001)                   F
(PID.TID 0000.0001)     ;
(PID.TID 0000.0001) useGGL90inAdMode = /* use GGL90 in adjoint mode */
(PID.TID 0000.0001)                   F
(PID.TID 0000.0001)     ;
(PID.TID 0000.0001) useSALT_PLUMEinAdMode = /* use SALT_PLUME in adjoint mode */
(PID.TID 0000.0001)                   F
(PID.TID 0000.0001)     ;
(PID.TID 0000.0001) dumpAdVarExch = /* control adexch before dumpinp */
(PID.TID 0000.0001)                       2
(PID.TID 0000.0001)     ;
(PID.TID 0000.0001) mon_AdVarExch = /* control adexch before monitor */
(PID.TID 0000.0001)                       2
(PID.TID 0000.0001)     ;
(PID.TID 0000.0001) viscFacInFw = /* viscosity factor for forward model */
(PID.TID 0000.0001)                 1.000000000000000E+00
(PID.TID 0000.0001)     ;
(PID.TID 0000.0001) viscFacInAd = /* viscosity factor for adjoint */
(PID.TID 0000.0001)                 1.000000000000000E+00
(PID.TID 0000.0001)     ;
(PID.TID 0000.0001) SIregFacInAd = /* sea ice factor for adjoint model */
(PID.TID 0000.0001)                 1.234567000000000E+05
(PID.TID 0000.0001)     ;
(PID.TID 0000.0001) SIregFacInFw = /* sea ice factor for forward model */
(PID.TID 0000.0001)                 1.234567000000000E+05
(PID.TID 0000.0001)     ;
(PID.TID 0000.0001) 
(PID.TID 0000.0001) OPTIM_READPARMS: opening data.optim
(PID.TID 0000.0001)  OPEN_COPY_DATA_FILE: opening file data.optim
(PID.TID 0000.0001) // =======================================================
(PID.TID 0000.0001) // Parameter file "data.optim"
(PID.TID 0000.0001) // =======================================================
(PID.TID 0000.0001) ># AF--FNO adjoint optimisation cycle.
(PID.TID 0000.0001) >#
(PID.TID 0000.0001) ># optimcycle = 0 fixes the control filename to xx_etan.0000000000.data and the
(PID.TID 0000.0001) ># gradient to adxx_etan.0000000000.data.  There is no optimisation here: this
(PID.TID 0000.0001) ># is a pure sensitivity calculation, one cycle only.
(PID.TID 0000.0001) > &OPTIM
(PID.TID 0000.0001) > optimcycle = 0,
(PID.TID 0000.0001) > /
(PID.TID 0000.0001) 
(PID.TID 0000.0001) OPTIM_READPARMS: finished reading data.optim
(PID.TID 0000.0001) CTRL_READPARMS: opening data.ctrl
(PID.TID 0000.0001)  OPEN_COPY_DATA_FILE: opening file data.ctrl
(PID.TID 0000.0001) // =======================================================
(PID.TID 0000.0001) // Parameter file "data.ctrl"
(PID.TID 0000.0001) // =======================================================
(PID.TID 0000.0001) ># AF--FNO adjoint control variables.
(PID.TID 0000.0001) >#
(PID.TID 0000.0001) ># The single control is the initial sea surface height, enabled by
(PID.TID 0000.0001) ># ALLOW_GENARR2D_CONTROL in code_ad/CTRL_OPTIONS.h.
(PID.TID 0000.0001) >#
(PID.TID 0000.0001) ># NOT ALLOW_ETAN0_CONTROL: in c68j every block of that flag lives inside
(PID.TID 0000.0001) ># #ifdef ECCO_CTRL_DEPRECATED, which is defined nowhere, so CTRL_MAP_INI
(PID.TID 0000.0001) ># compiles to an empty subroutine and the adjoint comes back identically zero.
(PID.TID 0000.0001) ># The generic-array path is the live one.
(PID.TID 0000.0001) >#
(PID.TID 0000.0001) ># ctrl_map_ini_genarr.F keys on the first 7 characters of xx_genarr2d_file, so
(PID.TID 0000.0001) ># the name must start with 'xx_etan'; it then calls
(PID.TID 0000.0001) ># CTRL_MAP_GENARR2D( etaN, ... ), which ACTIVE_READ_XY's
(PID.TID 0000.0001) ># xx_etan.<optimcycle> against xx_genarr2d_dummy(1) and adds it to etaN,
(PID.TID 0000.0001) ># masked by the surface maskC.  etaH follows through UPDATE_ETAH.
(PID.TID 0000.0001) >#
(PID.TID 0000.0001) ># xx_genarr2d_weight must be non-blank or ctrl_init.F:807 never registers the
(PID.TID 0000.0001) ># control and ctrl_map_ini_genarr.F:117 never matches it -- a blank weight is a
(PID.TID 0000.0001) ># second, quieter way to get a zero adjoint.  The named file is read
(PID.TID 0000.0001) ># unconditionally by READ_REC_3D_RL at ctrlprec (= 64, big-endian float64).
(PID.TID 0000.0001) >#
(PID.TID 0000.0001) ># 'noscaling' is REQUIRED for ground truth.  Without it ctrl_map_genarr.F:142
(PID.TID 0000.0001) ># divides the control by SQRT(wgenarr2d), which rescales the returned gradient
(PID.TID 0000.0001) ># by the same factor.  With it, fld = fld + xx_gen*mask and the gradient is
(PID.TID 0000.0001) ># dJ/deta in metres per metre, unscaled.  wetan_ones.bin then only has to be
(PID.TID 0000.0001) ># positive; it is staged as exact ones by scripts/stage_adjoint_run.py.
(PID.TID 0000.0001) >#
(PID.TID 0000.0001) ># xx_genarr2d_bounds is left at its default of all zeros: CTRL_BOUND_2D is a
(PID.TID 0000.0001) ># no-op unless boundsVec(1) < boundsVec(4).
(PID.TID 0000.0001) >#
(PID.TID 0000.0001) ># The gradient comes back as adxx_etan.<optimcycle>.data, 62x62.
(PID.TID 0000.0001) > &CTRL_NML
(PID.TID 0000.0001) > /
(PID.TID 0000.0001) >#
(PID.TID 0000.0001) ># names for ctrl_pack / ctrl_unpack
(PID.TID 0000.0001) > &CTRL_PACKNAMES
(PID.TID 0000.0001) > /
(PID.TID 0000.0001) >#
(PID.TID 0000.0001) ># the generic 2-D control: initial etaN
(PID.TID 0000.0001) > &CTRL_NML_GENARR
(PID.TID 0000.0001) > xx_genarr2d_file(1)      = 'xx_etan',
(PID.TID 0000.0001) > xx_genarr2d_weight(1)    = 'wetan_ones.bin',
(PID.TID 0000.0001) > xx_genarr2d_preproc(1,1) = 'noscaling',
(PID.TID 0000.0001) > /
(PID.TID 0000.0001) 
(PID.TID 0000.0001) CTRL_READPARMS: finished reading data.ctrl
(PID.TID 0000.0001) COST_READPARMS: opening data.cost
(PID.TID 0000.0001)  OPEN_COPY_DATA_FILE: opening file data.cost
(PID.TID 0000.0001) // =======================================================
(PID.TID 0000.0001) // Parameter file "data.cost"
(PID.TID 0000.0001) // =======================================================
(PID.TID 0000.0001) ># AF--FNO adjoint cost function.
(PID.TID 0000.0001) >#
(PID.TID 0000.0001) ># mult_test = 1. exactly, so fc = J and adxx_etan = dJ/deta with no rescaling.
(PID.TID 0000.0001) >#
(PID.TID 0000.0001) ># afCostWeightFile names the runtime weight field w that defines the quantity
(PID.TID 0000.0001) ># of interest:  J = sum_ij w_ij * etaN_ij(T).  Built by
(PID.TID 0000.0001) ># scripts/make_cost_weight.py, 62x62 big-endian float32.
(PID.TID 0000.0001) >#
(PID.TID 0000.0001) >#   costWeight_ssh_anomaly.bin  SSH anomaly at p* = (i=2, j=17)   <- production
(PID.TID 0000.0001) >#   costWeight_mean_only.bin    area-weighted wet mean alone      <- gate G3
(PID.TID 0000.0001) >#   costWeight_point_only.bin   bare point value at p*            <- diagnostic
(PID.TID 0000.0001) >#
(PID.TID 0000.0001) ># Changing the target cell or the functional means staging a different file
(PID.TID 0000.0001) ># here.  It never requires a rebuild, and so never a new TAF submission.
(PID.TID 0000.0001) > &COST_NML
(PID.TID 0000.0001) > mult_test        = 1.,
(PID.TID 0000.0001) > afCostWeightFile = 'costWeight.bin',
(PID.TID 0000.0001) > /
(PID.TID 0000.0001) 
(PID.TID 0000.0001) COST_READPARMS: finished reading data.cost
(PID.TID 0000.0001) GRDCHK_READPARMS: opening data.grdchk
(PID.TID 0000.0001)  OPEN_COPY_DATA_FILE: opening file data.grdchk
(PID.TID 0000.0001) // =======================================================
(PID.TID 0000.0001) // Parameter file "data.grdchk"
(PID.TID 0000.0001) // =======================================================
(PID.TID 0000.0001) ># AF--FNO adjoint gradient check -- Stage 7, acceptance gate G1.
(PID.TID 0000.0001) >#
(PID.TID 0000.0001) ># Requires useGrdchk=.TRUE. in data.pkg.  grdchk perturbs one control element
(PID.TID 0000.0001) ># by +/- grdchk_eps, runs the forward model twice, and compares the centred
(PID.TID 0000.0001) ># finite difference against the adjoint gradient.  This is the only thing
(PID.TID 0000.0001) ># standing between "a 62x62 array of plausible numbers" and ground truth.
(PID.TID 0000.0001) >#
(PID.TID 0000.0001) ># grdchkvarindex = 100 + iarr selects the iarr-th generic 2-D control, so 101
(PID.TID 0000.0001) ># is xx_genarr2d_file(1) = 'xx_etan' (ctrl_init.F:807 registers it as
(PID.TID 0000.0001) ># 100+iarr / 200+iarr, grdchk_getxx.F:614 accepts the range).
(PID.TID 0000.0001) >#
(PID.TID 0000.0001) ># NOT 29.  That index belongs to ALLOW_ETAN0_CONTROL, whose entire
(PID.TID 0000.0001) ># implementation is inside #ifdef ECCO_CTRL_DEPRECATED and is not compiled --
(PID.TID 0000.0001) ># see the note in code_ad/CTRL_OPTIONS.h.
(PID.TID 0000.0001) >#
(PID.TID 0000.0001) ># iGloPos / jGloPos are TILE-LOCAL positions (grdchk_get_position.F:81 sets
(PID.TID 0000.0001) ># itilepos = iGloPos, and grdchk_readparms.F:116 rejects iGloPos > sNx).  With
(PID.TID 0000.0001) ># sNx = sNy = 31 on a 2x2 decomposition the tiles cover:
(PID.TID 0000.0001) >#
(PID.TID 0000.0001) >#     iGloTile=1, jGloTile=1  ->  global i=1..31,  j=1..31
(PID.TID 0000.0001) >#     iGloTile=2, jGloTile=1  ->  global i=32..62, j=1..31
(PID.TID 0000.0001) >#     iGloTile=1, jGloTile=2  ->  global i=1..31,  j=32..62
(PID.TID 0000.0001) >#     iGloTile=2, jGloTile=2  ->  global i=32..62, j=32..62
(PID.TID 0000.0001) >#
(PID.TID 0000.0001) ># so global (i,j) in tile (1,1) is simply (iGloPos, jGloPos) = (i, j).
(PID.TID 0000.0001) >#
(PID.TID 0000.0001) ># The settings below are test point 1 of the plan's eight: p* itself,
(PID.TID 0000.0001) ># global (i=2, j=17), the self-sensitivity and the largest value on the map.
(PID.TID 0000.0001) ># Sweep grdchk_eps over {1e-3, 1e-4, 1e-5, 1e-6} and look for the plateau --
(PID.TID 0000.0001) ># a single epsilon agreeing is weak evidence, the plateau is strong evidence.
(PID.TID 0000.0001) >#
(PID.TID 0000.0001) ># The remaining seven points (plan section 8):
(PID.TID 0000.0001) >#   2-3  upstream in the boundary current   (i=2, j=14) and (i=2, j=11)
(PID.TID 0000.0001) >#   4    offshore of the current            (i=4, j=17)
(PID.TID 0000.0001) >#   5    mid-basin interior                 (i=31, j=17) -> tile (1,1) local (31,17)
(PID.TID 0000.0001) >#   6    eastern boundary                   (i=61, j=17) -> tile (2,1) local (30,17)
(PID.TID 0000.0001) >#   7    a convecting column                to be identified from the forward run
(PID.TID 0000.0001) >#
(PID.TID 0000.0001) ># nbeg MUST be 0.  grdchk_main.F:213 calls GRDCHK_GET_POSITION only when
(PID.TID 0000.0001) ># nbeg .EQ. 0; with any other value iGloPos/jGloPos are ignored entirely and
(PID.TID 0000.0001) ># icomp indexes the packed control vector directly, so nbeg=1 silently tests
(PID.TID 0000.0001) ># the FIRST WET CELL (i=2, j=2) no matter what position is requested here.
(PID.TID 0000.0001) ># GRDCHK_GET_POSITION then counts wet cells up to the requested position, sets
(PID.TID 0000.0001) ># nbeg to that count, and does nend = nbeg + nend -- so the namelist nend is an
(PID.TID 0000.0001) ># OFFSET, not an absolute index.  nend = 0 means exactly one test point.
(PID.TID 0000.0001) >#
(PID.TID 0000.0001) ># The land cell of the plan's eight-point table is not reachable from here:
(PID.TID 0000.0001) ># GRDCHK_GET_POSITION only ever lands on cells with wetlocal .NE. 0.  Land is
(PID.TID 0000.0001) ># covered by gate G4 on the extracted map instead, which is the stronger
(PID.TID 0000.0001) ># statement anyway (all 244 land cells, not one).
(PID.TID 0000.0001) > &GRDCHK_NML
(PID.TID 0000.0001) > grdchk_eps     = 1.d-3,
(PID.TID 0000.0001) > grdchkvarindex = 101,
(PID.TID 0000.0001) > useCentralDiff = .TRUE.,
(PID.TID 0000.0001) > iGloPos        = 31,
(PID.TID 0000.0001) > jGloPos        = 17,
(PID.TID 0000.0001) > kGloPos        = 1,
(PID.TID 0000.0001) > iGloTile       = 1,
(PID.TID 0000.0001) > jGloTile       = 1,
(PID.TID 0000.0001) > nbeg           = 0,
(PID.TID 0000.0001) > nstep          = 1,
(PID.TID 0000.0001) > nend           = 0,
(PID.TID 0000.0001) > /
(PID.TID 0000.0001) 
(PID.TID 0000.0001) GRDCHK_READPARMS: finished reading data.grdchk
(PID.TID 0000.0001) 
(PID.TID 0000.0001) // =======================================================
(PID.TID 0000.0001) // Gradient check configuration  >>> START <<<
(PID.TID 0000.0001) // =======================================================
(PID.TID 0000.0001) 
(PID.TID 0000.0001)   grdchkvarindex :                        101
(PID.TID 0000.0001)   eps:                              0.100E-02
(PID.TID 0000.0001)   First location:                           0
(PID.TID 0000.0001)   Last location:                            0
(PID.TID 0000.0001)   Increment:                                1
(PID.TID 0000.0001)   grdchkWhichProc:                          0
(PID.TID 0000.0001)   iLocTile =       1  ,    jLocTile =       1
(PID.TID 0000.0001) 
(PID.TID 0000.0001) // =======================================================
(PID.TID 0000.0001) // Gradient check configuration  >>> END <<<
(PID.TID 0000.0001) // =======================================================
(PID.TID 0000.0001) 
(PID.TID 0000.0001)  DIAGNOSTICS_READPARMS: opening data.diagnostics
(PID.TID 0000.0001)  OPEN_COPY_DATA_FILE: opening file data.diagnostics
(PID.TID 0000.0001) // =======================================================
(PID.TID 0000.0001) // Parameter file "data.diagnostics"
(PID.TID 0000.0001) // =======================================================
(PID.TID 0000.0001) > &DIAGNOSTICS_LIST
(PID.TID 0000.0001) > dumpAtLast=.FALSE.,
(PID.TID 0000.0001) > diag_mnc=.FALSE.,
(PID.TID 0000.0001) > fields(1:3,1)='UVEL    ','VVEL    ','THETA   ',
(PID.TID 0000.0001) > fileName(1)='dynState',
(PID.TID 0000.0001) > frequency(1)=-86400.,
(PID.TID 0000.0001) > timePhase(1)=0.,
(PID.TID 0000.0001) > fileFlags(1)='R       ',
(PID.TID 0000.0001) > fields(1,2)='ETAN    ',
(PID.TID 0000.0001) > fileName(2)='surfState',
(PID.TID 0000.0001) > frequency(2)=-86400.,
(PID.TID 0000.0001) > timePhase(2)=0.,
(PID.TID 0000.0001) > fileFlags(2)='R       ',
(PID.TID 0000.0001) > /
(PID.TID 0000.0001) > &DIAG_STATIS_PARMS
(PID.TID 0000.0001) > /
(PID.TID 0000.0001) >
(PID.TID 0000.0001) 
(PID.TID 0000.0001) S/R DIAGNOSTICS_READPARMS, read namelist "diagnostics_list": start
(PID.TID 0000.0001) S/R DIAGNOSTICS_READPARMS, read namelist "diagnostics_list": OK
(PID.TID 0000.0001) S/R DIAGNOSTICS_READPARMS, read namelist "DIAG_STATIS_PARMS": start
(PID.TID 0000.0001) S/R DIAGNOSTICS_READPARMS, read namelist "DIAG_STATIS_PARMS": OK
(PID.TID 0000.0001)  DIAGNOSTICS_READPARMS: global parameter summary:
(PID.TID 0000.0001)  dumpAtLast = /* always write time-ave diags at the end */
(PID.TID 0000.0001)                   F
(PID.TID 0000.0001)     ;
(PID.TID 0000.0001)  diag_mnc =   /* write NetCDF output files */
(PID.TID 0000.0001)                   F
(PID.TID 0000.0001)     ;
(PID.TID 0000.0001)  useMissingValue = /* put MissingValue where mask = 0 */
(PID.TID 0000.0001)                   F
(PID.TID 0000.0001)     ;
(PID.TID 0000.0001)  diagCG_maxIters = /* max number of iters in diag_cg2d */
(PID.TID 0000.0001)                    1000
(PID.TID 0000.0001)     ;
(PID.TID 0000.0001)  diagCG_resTarget = /* residual target for diag_cg2d */
(PID.TID 0000.0001)                 1.000000000000000E-07
(PID.TID 0000.0001)     ;
(PID.TID 0000.0001)  diagCG_pcOffDFac = /* preconditioner off-diagonal factor */
(PID.TID 0000.0001)                 9.611687812379854E-01
(PID.TID 0000.0001)     ;
(PID.TID 0000.0001) -----------------------------------------------------
(PID.TID 0000.0001)  DIAGNOSTICS_READPARMS: active diagnostics summary:
(PID.TID 0000.0001) -----------------------------------------------------
(PID.TID 0000.0001) Creating Output Stream: dynState
(PID.TID 0000.0001) Output Frequency:     -86400.000000 ; Phase:           0.000000
(PID.TID 0000.0001)  Averaging Freq.:          0.000000 , Phase:           0.000000 , Cycle:   1
(PID.TID 0000.0001)  missing value: -9.990000000000E+02 ; F-Flags="R       "
(PID.TID 0000.0001)  Levels:    will be set later
(PID.TID 0000.0001)  Fields:    UVEL     VVEL     THETA
(PID.TID 0000.0001) Creating Output Stream: surfState
(PID.TID 0000.0001) Output Frequency:     -86400.000000 ; Phase:           0.000000
(PID.TID 0000.0001)  Averaging Freq.:          0.000000 , Phase:           0.000000 , Cycle:   1
(PID.TID 0000.0001)  missing value: -9.990000000000E+02 ; F-Flags="R       "
(PID.TID 0000.0001)  Levels:    will be set later
(PID.TID 0000.0001)  Fields:    ETAN
(PID.TID 0000.0001) -----------------------------------------------------
(PID.TID 0000.0001)  DIAGNOSTICS_READPARMS: statistics diags. summary:
(PID.TID 0000.0001) -----------------------------------------------------
(PID.TID 0000.0001) 
(PID.TID 0000.0001) SET_PARMS: done
(PID.TID 0000.0001) Enter INI_VERTICAL_GRID: setInterFDr=    T ; setCenterDr=    F
(PID.TID 0000.0001) %MON XC_max                       =   6.0500000000000E+01
(PID.TID 0000.0001) %MON XC_min                       =  -5.0000000000000E-01
(PID.TID 0000.0001) %MON XC_mean                      =   3.0000000000000E+01
(PID.TID 0000.0001) %MON XC_sd                        =   1.7895530168173E+01
(PID.TID 0000.0001) %MON XG_max                       =   6.0000000000000E+01
(PID.TID 0000.0001) %MON XG_min                       =  -1.0000000000000E+00
(PID.TID 0000.0001) %MON XG_mean                      =   2.9500000000000E+01
(PID.TID 0000.0001) %MON XG_sd                        =   1.7895530168173E+01
(PID.TID 0000.0001) %MON DXC_max                      =   1.0763620848898E+05
(PID.TID 0000.0001) %MON DXC_min                      =   2.7836616228646E+04
(PID.TID 0000.0001) %MON DXC_mean                     =   7.4835486957243E+04
(PID.TID 0000.0001) %MON DXC_sd                       =   2.4080389995677E+04
(PID.TID 0000.0001) %MON DXF_max                      =   1.0763620848898E+05
(PID.TID 0000.0001) %MON DXF_min                      =   2.7836616228646E+04
(PID.TID 0000.0001) %MON DXF_mean                     =   7.4835486957243E+04
(PID.TID 0000.0001) %MON DXF_sd                       =   2.4080389995677E+04
(PID.TID 0000.0001) %MON DXG_max                      =   1.0787502725165E+05
(PID.TID 0000.0001) %MON DXG_min                      =   2.8774847489886E+04
(PID.TID 0000.0001) %MON DXG_mean                     =   7.5485691984679E+04
(PID.TID 0000.0001) %MON DXG_sd                       =   2.3877575243700E+04
(PID.TID 0000.0001) %MON DXV_max                      =   1.0787502725165E+05
(PID.TID 0000.0001) %MON DXV_min                      =   2.8774847489886E+04
(PID.TID 0000.0001) %MON DXV_mean                     =   7.5485691984679E+04
(PID.TID 0000.0001) %MON DXV_sd                       =   2.3877575243700E+04
(PID.TID 0000.0001) %MON YC_max                       =   7.5500000000000E+01
(PID.TID 0000.0001) %MON YC_min                       =   1.4500000000000E+01
(PID.TID 0000.0001) %MON YC_mean                      =   4.5000000000000E+01
(PID.TID 0000.0001) %MON YC_sd                        =   1.7895530168173E+01
(PID.TID 0000.0001) %MON YG_max                       =   7.5000000000000E+01
(PID.TID 0000.0001) %MON YG_min                       =   1.4000000000000E+01
(PID.TID 0000.0001) %MON YG_mean                      =   4.4500000000000E+01
(PID.TID 0000.0001) %MON YG_sd                        =   1.7895530168173E+01
(PID.TID 0000.0001) %MON DYC_max                      =   1.1117747335204E+05
(PID.TID 0000.0001) %MON DYC_min                      =   1.1117747335204E+05
(PID.TID 0000.0001) %MON DYC_mean                     =   1.1117747335204E+05
(PID.TID 0000.0001) %MON DYC_sd                       =   1.6298145055771E-09
(PID.TID 0000.0001) %MON DYF_max                      =   1.1117747335204E+05
(PID.TID 0000.0001) %MON DYF_min                      =   1.1117747335204E+05
(PID.TID 0000.0001) %MON DYF_mean                     =   1.1117747335204E+05
(PID.TID 0000.0001) %MON DYF_sd                       =   1.6298145055771E-09
(PID.TID 0000.0001) %MON DYG_max                      =   1.1117747335204E+05
(PID.TID 0000.0001) %MON DYG_min                      =   1.1117747335204E+05
(PID.TID 0000.0001) %MON DYG_mean                     =   1.1117747335204E+05
(PID.TID 0000.0001) %MON DYG_sd                       =   1.6298145055771E-09
(PID.TID 0000.0001) %MON DYU_max                      =   1.1117747335204E+05
(PID.TID 0000.0001) %MON DYU_min                      =   1.1117747335204E+05
(PID.TID 0000.0001) %MON DYU_mean                     =   1.1117747335204E+05
(PID.TID 0000.0001) %MON DYU_sd                       =   1.6298145055771E-09
(PID.TID 0000.0001) %MON RA_max                       =   1.1966569815247E+10
(PID.TID 0000.0001) %MON RA_min                       =   3.0947653786454E+09
(PID.TID 0000.0001) %MON RA_mean                      =   8.3199147564140E+09
(PID.TID 0000.0001) %MON RA_sd                        =   2.6771629371464E+09
(PID.TID 0000.0001) %MON RAW_max                      =   1.1966569815247E+10
(PID.TID 0000.0001) %MON RAW_min                      =   3.0947653786454E+09
(PID.TID 0000.0001) %MON RAW_mean                     =   8.3199147564140E+09
(PID.TID 0000.0001) %MON RAW_sd                       =   2.6771629371464E+09
(PID.TID 0000.0001) %MON RAS_max                      =   1.1993120744872E+10
(PID.TID 0000.0001) %MON RAS_min                      =   3.1990742357493E+09
(PID.TID 0000.0001) %MON RAS_mean                     =   8.3922019910189E+09
(PID.TID 0000.0001) %MON RAS_sd                       =   2.6546147916555E+09
(PID.TID 0000.0001) %MON RAZ_max                      =   1.1993120744872E+10
(PID.TID 0000.0001) %MON RAZ_min                      =   3.1990742357493E+09
(PID.TID 0000.0001) %MON RAZ_mean                     =   8.3922019910189E+09
(PID.TID 0000.0001) %MON RAZ_sd                       =   2.6546147916555E+09
(PID.TID 0000.0001) %MON AngleCS_max                  =   1.0000000000000E+00
(PID.TID 0000.0001) %MON AngleCS_min                  =   1.0000000000000E+00
(PID.TID 0000.0001) %MON AngleCS_mean                 =   1.0000000000000E+00
(PID.TID 0000.0001) %MON AngleCS_sd                   =   0.0000000000000E+00
(PID.TID 0000.0001) %MON AngleSN_max                  =   0.0000000000000E+00
(PID.TID 0000.0001) %MON AngleSN_min                  =   0.0000000000000E+00
(PID.TID 0000.0001) %MON AngleSN_mean                 =   0.0000000000000E+00
(PID.TID 0000.0001) %MON AngleSN_sd                   =   0.0000000000000E+00
(PID.TID 0000.0001) GAD_INIT_FIXED: GAD_OlMinSize=  1  0  1
(PID.TID 0000.0001) 
(PID.TID 0000.0001) // ===================================
(PID.TID 0000.0001) // GAD parameters :
(PID.TID 0000.0001) // ===================================
(PID.TID 0000.0001) tempAdvScheme =   /* Temp. Horiz.Advection scheme selector */
(PID.TID 0000.0001)                       2
(PID.TID 0000.0001)     ;
(PID.TID 0000.0001) tempVertAdvScheme =   /* Temp. Vert. Advection scheme selector */
(PID.TID 0000.0001)                       2
(PID.TID 0000.0001)     ;
(PID.TID 0000.0001) tempMultiDimAdvec =   /* use Muti-Dim Advec method for Temp */
(PID.TID 0000.0001)                   F
(PID.TID 0000.0001)     ;
(PID.TID 0000.0001) tempSOM_Advection = /* use 2nd Order Moment Advection for Temp */
(PID.TID 0000.0001)                   F
(PID.TID 0000.0001)     ;
(PID.TID 0000.0001) AdamsBashforthGt = /* apply Adams-Bashforth extrapolation on Gt */
(PID.TID 0000.0001)                   T
(PID.TID 0000.0001)     ;
(PID.TID 0000.0001) AdamsBashforth_T = /* apply Adams-Bashforth extrapolation on Temp */
(PID.TID 0000.0001)                   F
(PID.TID 0000.0001)     ;
(PID.TID 0000.0001) saltAdvScheme =   /* Salt. Horiz.advection scheme selector */
(PID.TID 0000.0001)                       2
(PID.TID 0000.0001)     ;
(PID.TID 0000.0001) saltVertAdvScheme =   /* Salt. Vert. Advection scheme selector */
(PID.TID 0000.0001)                       2
(PID.TID 0000.0001)     ;
(PID.TID 0000.0001) saltMultiDimAdvec =   /* use Muti-Dim Advec method for Salt */
(PID.TID 0000.0001)                   F
(PID.TID 0000.0001)     ;
(PID.TID 0000.0001) saltSOM_Advection = /* use 2nd Order Moment Advection for Salt */
(PID.TID 0000.0001)                   F
(PID.TID 0000.0001)     ;
(PID.TID 0000.0001) AdamsBashforthGs = /* apply Adams-Bashforth extrapolation on Gs */
(PID.TID 0000.0001)                   F
(PID.TID 0000.0001)     ;
(PID.TID 0000.0001) AdamsBashforth_S = /* apply Adams-Bashforth extrapolation on Salt */
(PID.TID 0000.0001)                   F
(PID.TID 0000.0001)     ;
(PID.TID 0000.0001) // ===================================
(PID.TID 0000.0001) ctrl-wet 1:    nvarlength =          900
(PID.TID 0000.0001) ctrl-wet 2: surface wet C =          900
(PID.TID 0000.0001) ctrl-wet 3: surface wet W =          870
(PID.TID 0000.0001) ctrl-wet 4: surface wet S =          870
(PID.TID 0000.0001) ctrl-wet 4a:surface wet V =            0
(PID.TID 0000.0001) ctrl-wet 5: 3D wet points =        13500
(PID.TID 0000.0001) ctrl-wet 6: no recs for i =     1           0
(PID.TID 0000.0001) ctrl-wet 6: no recs for i =     2           0
(PID.TID 0000.0001) ctrl-wet 6: no recs for i =     3           0
(PID.TID 0000.0001) ctrl-wet 6: no recs for i =     4           0
(PID.TID 0000.0001) ctrl-wet 6: no recs for i =     5           0
(PID.TID 0000.0001) ctrl-wet 6: no recs for i =     6           0
(PID.TID 0000.0001) ctrl-wet 6: no recs for i =     7           0
(PID.TID 0000.0001) ctrl-wet 6: no recs for i =     8           0
(PID.TID 0000.0001) ctrl-wet 6: no recs for i =     9           0
(PID.TID 0000.0001) ctrl-wet 6: no recs for i =    10           0
(PID.TID 0000.0001) ctrl-wet 6: no recs for i =    11           0
(PID.TID 0000.0001) ctrl-wet 6: no recs for i =    12           0
(PID.TID 0000.0001) ctrl-wet 6: no recs for i =    13           0
(PID.TID 0000.0001) ctrl-wet 6: no recs for i =    14           0
(PID.TID 0000.0001) ctrl-wet 6: no recs for i =    15           0
(PID.TID 0000.0001) ctrl-wet 6: no recs for i =    16           0
(PID.TID 0000.0001) ctrl-wet 6: no recs for i =    17           0
(PID.TID 0000.0001) ctrl-wet 6: no recs for i =    18           0
(PID.TID 0000.0001) ctrl-wet 6: no recs for i =    19           0
(PID.TID 0000.0001) ctrl-wet 6: no recs for i =    20           0
(PID.TID 0000.0001) ctrl-wet 6: no recs for i =    21           0
(PID.TID 0000.0001) ctrl-wet 6: no recs for i =    22           0
(PID.TID 0000.0001) ctrl-wet 6: no recs for i =    23           0
(PID.TID 0000.0001) ctrl-wet 6: no recs for i =    24           0
(PID.TID 0000.0001) ctrl-wet 6: no recs for i =    25           0
(PID.TID 0000.0001) ctrl-wet 6: no recs for i =    26           0
(PID.TID 0000.0001) ctrl-wet 6: no recs for i =    27           0
(PID.TID 0000.0001) ctrl-wet 6: no recs for i =    28           0
(PID.TID 0000.0001) ctrl-wet 6: no recs for i =    29           0
(PID.TID 0000.0001) ctrl-wet 6: no recs for i =    30           0
(PID.TID 0000.0001) ctrl-wet 6: no recs for i =    31           0
(PID.TID 0000.0001) ctrl-wet 6: no recs for i =    32           0
(PID.TID 0000.0001) ctrl-wet 6: no recs for i =    33           0
(PID.TID 0000.0001) ctrl-wet 6: no recs for i =    34           0
(PID.TID 0000.0001) ctrl-wet 6: no recs for i =    35           0
(PID.TID 0000.0001) ctrl-wet 6: no recs for i =    36           0
(PID.TID 0000.0001) ctrl-wet 6: no recs for i =    37           0
(PID.TID 0000.0001) ctrl-wet 6: no recs for i =    38           0
(PID.TID 0000.0001) ctrl-wet 6: no recs for i =    39           0
(PID.TID 0000.0001) ctrl-wet 6: no recs for i =    40           0
(PID.TID 0000.0001) ctrl-wet 6: no recs for i =    41           0
(PID.TID 0000.0001) ctrl-wet 6: no recs for i =    42           0
(PID.TID 0000.0001) ctrl-wet 6: no recs for i =    43           0
(PID.TID 0000.0001) ctrl-wet 6: no recs for i =    44           0
(PID.TID 0000.0001) ctrl-wet 6: no recs for i =    45           0
(PID.TID 0000.0001) ctrl-wet 6: no recs for i =    46           0
(PID.TID 0000.0001) ctrl-wet 6: no recs for i =    47           0
(PID.TID 0000.0001) ctrl-wet 6: no recs for i =    48           0
(PID.TID 0000.0001) ctrl-wet 6: no recs for i =    49           0
(PID.TID 0000.0001) ctrl-wet 6: no recs for i =    50           0
(PID.TID 0000.0001) ctrl-wet 6: no recs for i =    51           0
(PID.TID 0000.0001) ctrl-wet 6: no recs for i =    52           0
(PID.TID 0000.0001) ctrl-wet 6: no recs for i =    53           0
(PID.TID 0000.0001) ctrl-wet 6: no recs for i =    54           0
(PID.TID 0000.0001) ctrl-wet 6: no recs for i =    55           0
(PID.TID 0000.0001) ctrl-wet 6: no recs for i =    56           0
(PID.TID 0000.0001) ctrl-wet 6: no recs for i =    57           0
(PID.TID 0000.0001) ctrl-wet 6: no recs for i =    58           0
(PID.TID 0000.0001) ctrl-wet 6: no recs for i =    59           0
(PID.TID 0000.0001) ctrl-wet 6: no recs for i =    60           0
(PID.TID 0000.0001) ctrl-wet 6: no recs for i =    61           0
(PID.TID 0000.0001) ctrl-wet 6: no recs for i =    62           0
(PID.TID 0000.0001) ctrl-wet 6: no recs for i =    63           0
(PID.TID 0000.0001) ctrl-wet 6: no recs for i =    64           0
(PID.TID 0000.0001) ctrl-wet 6: no recs for i =    65           0
(PID.TID 0000.0001) ctrl-wet 6: no recs for i =    66           0
(PID.TID 0000.0001) ctrl-wet 6: no recs for i =    67           0
(PID.TID 0000.0001) ctrl-wet 6: no recs for i =    68           0
(PID.TID 0000.0001) ctrl-wet 6: no recs for i =    69           0
(PID.TID 0000.0001) ctrl-wet 6: no recs for i =    70           0
(PID.TID 0000.0001) ctrl-wet 6: no recs for i =    71           0
(PID.TID 0000.0001) ctrl-wet 6: no recs for i =    72           0
(PID.TID 0000.0001) ctrl-wet 6: no recs for i =    73           0
(PID.TID 0000.0001) ctrl-wet 6: no recs for i =    74           0
(PID.TID 0000.0001) ctrl-wet 6: no recs for i =    75           0
(PID.TID 0000.0001) ctrl-wet 6: no recs for i =    76           0
(PID.TID 0000.0001) ctrl-wet 6: no recs for i =    77           0
(PID.TID 0000.0001) ctrl-wet 6: no recs for i =    78           0
(PID.TID 0000.0001) ctrl-wet 6: no recs for i =    79           0
(PID.TID 0000.0001) ctrl-wet 6: no recs for i =    80           0
(PID.TID 0000.0001) ctrl-wet 6: no recs for i =    81           0
(PID.TID 0000.0001) ctrl-wet 6: no recs for i =    82           0
(PID.TID 0000.0001) ctrl-wet 6: no recs for i =    83           0
(PID.TID 0000.0001) ctrl-wet 6: no recs for i =    84           0
(PID.TID 0000.0001) ctrl-wet 6: no recs for i =    85           0
(PID.TID 0000.0001) ctrl-wet 6: no recs for i =    86           0
(PID.TID 0000.0001) ctrl-wet 6: no recs for i =    87           0
(PID.TID 0000.0001) ctrl-wet 6: no recs for i =    88           0
(PID.TID 0000.0001) ctrl-wet 6: no recs for i =    89           0
(PID.TID 0000.0001) ctrl-wet 6: no recs for i =    90           0
(PID.TID 0000.0001) ctrl-wet 6: no recs for i =    91           0
(PID.TID 0000.0001) ctrl-wet 6: no recs for i =    92           0
(PID.TID 0000.0001) ctrl-wet 6: no recs for i =    93           0
(PID.TID 0000.0001) ctrl-wet 6: no recs for i =    94           0
(PID.TID 0000.0001) ctrl-wet 6: no recs for i =    95           0
(PID.TID 0000.0001) ctrl-wet 6: no recs for i =    96           0
(PID.TID 0000.0001) ctrl-wet 6: no recs for i =    97           0
(PID.TID 0000.0001) ctrl-wet 6: no recs for i =    98           0
(PID.TID 0000.0001) ctrl-wet 6: no recs for i =    99           0
(PID.TID 0000.0001) ctrl-wet 6: no recs for i =   100           0
(PID.TID 0000.0001) ctrl-wet 6: no recs for i =   101           1
(PID.TID 0000.0001) ctrl-wet 6: no recs for i =   102           0
(PID.TID 0000.0001) ctrl-wet 6: no recs for i =   103           0
(PID.TID 0000.0001) ctrl-wet 6: no recs for i =   104           0
(PID.TID 0000.0001) ctrl-wet 6: no recs for i =   105           0
(PID.TID 0000.0001) ctrl-wet 6: no recs for i =   106           0
(PID.TID 0000.0001) ctrl-wet 6: no recs for i =   107           0
(PID.TID 0000.0001) ctrl-wet 6: no recs for i =   108           0
(PID.TID 0000.0001) ctrl-wet 6: no recs for i =   109           0
(PID.TID 0000.0001) ctrl-wet 6: no recs for i =   110           0
(PID.TID 0000.0001) ctrl-wet 6: no recs for i =   111           0
(PID.TID 0000.0001) ctrl-wet 6: no recs for i =   112           0
(PID.TID 0000.0001) ctrl-wet 6: no recs for i =   113           0
(PID.TID 0000.0001) ctrl-wet 6: no recs for i =   114           0
(PID.TID 0000.0001) ctrl-wet 6: no recs for i =   115           0
(PID.TID 0000.0001) ctrl-wet 6: no recs for i =   116           0
(PID.TID 0000.0001) ctrl-wet 6: no recs for i =   117           0
(PID.TID 0000.0001) ctrl-wet 6: no recs for i =   118           0
(PID.TID 0000.0001) ctrl-wet 6: no recs for i =   119           0
(PID.TID 0000.0001) ctrl-wet 6: no recs for i =   120           0
(PID.TID 0000.0001) ctrl-wet 6: no recs for i =   121           0
(PID.TID 0000.0001) ctrl-wet 6: no recs for i =   122           0
(PID.TID 0000.0001) ctrl-wet 6: no recs for i =   123           0
(PID.TID 0000.0001) ctrl-wet 6: no recs for i =   124           0
(PID.TID 0000.0001) ctrl-wet 6: no recs for i =   125           0
(PID.TID 0000.0001) ctrl-wet 6: no recs for i =   126           0
(PID.TID 0000.0001) ctrl-wet 6: no recs for i =   127           0
(PID.TID 0000.0001) ctrl-wet 6: no recs for i =   128           0
(PID.TID 0000.0001) ctrl-wet 6: no recs for i =   129           0
(PID.TID 0000.0001) ctrl-wet 6: no recs for i =   130           0
(PID.TID 0000.0001) ctrl-wet 6: no recs for i =   131           0
(PID.TID 0000.0001) ctrl-wet 6: no recs for i =   132           0
(PID.TID 0000.0001) ctrl-wet 6: no recs for i =   133           0
(PID.TID 0000.0001) ctrl-wet 6: no recs for i =   134           0
(PID.TID 0000.0001) ctrl-wet 6: no recs for i =   135           0
(PID.TID 0000.0001) ctrl-wet 6: no recs for i =   136           0
(PID.TID 0000.0001) ctrl-wet 6: no recs for i =   137           0
(PID.TID 0000.0001) ctrl-wet 6: no recs for i =   138           0
(PID.TID 0000.0001) ctrl-wet 6: no recs for i =   139           0
(PID.TID 0000.0001) ctrl-wet 6: no recs for i =   140           0
(PID.TID 0000.0001) ctrl-wet 6: no recs for i =   141           0
(PID.TID 0000.0001) ctrl-wet 6: no recs for i =   142           0
(PID.TID 0000.0001) ctrl-wet 6: no recs for i =   143           0
(PID.TID 0000.0001) ctrl-wet 6: no recs for i =   144           0
(PID.TID 0000.0001) ctrl-wet 6: no recs for i =   145           0
(PID.TID 0000.0001) ctrl-wet 6: no recs for i =   146           0
(PID.TID 0000.0001) ctrl-wet 6: no recs for i =   147           0
(PID.TID 0000.0001) ctrl-wet 6: no recs for i =   148           0
(PID.TID 0000.0001) ctrl-wet 6: no recs for i =   149           0
(PID.TID 0000.0001) ctrl-wet 6: no recs for i =   150           0
(PID.TID 0000.0001) ctrl-wet 6: no recs for i =   151           0
(PID.TID 0000.0001) ctrl-wet 6: no recs for i =   152           0
(PID.TID 0000.0001) ctrl-wet 6: no recs for i =   153           0
(PID.TID 0000.0001) ctrl-wet 6: no recs for i =   154           0
(PID.TID 0000.0001) ctrl-wet 6: no recs for i =   155           0
(PID.TID 0000.0001) ctrl-wet 6: no recs for i =   156           0
(PID.TID 0000.0001) ctrl-wet 6: no recs for i =   157           0
(PID.TID 0000.0001) ctrl-wet 6: no recs for i =   158           0
(PID.TID 0000.0001) ctrl-wet 6: no recs for i =   159           0
(PID.TID 0000.0001) ctrl-wet 6: no recs for i =   160           0
(PID.TID 0000.0001) ctrl-wet 6: no recs for i =   161           0
(PID.TID 0000.0001) ctrl-wet 6: no recs for i =   162           0
(PID.TID 0000.0001) ctrl-wet 6: no recs for i =   163           0
(PID.TID 0000.0001) ctrl-wet 6: no recs for i =   164           0
(PID.TID 0000.0001) ctrl-wet 6: no recs for i =   165           0
(PID.TID 0000.0001) ctrl-wet 6: no recs for i =   166           0
(PID.TID 0000.0001) ctrl-wet 6: no recs for i =   167           0
(PID.TID 0000.0001) ctrl-wet 6: no recs for i =   168           0
(PID.TID 0000.0001) ctrl-wet 6: no recs for i =   169           0
(PID.TID 0000.0001) ctrl-wet 6: no recs for i =   170           0
(PID.TID 0000.0001) ctrl-wet 6: no recs for i =   171           0
(PID.TID 0000.0001) ctrl-wet 6: no recs for i =   172           0
(PID.TID 0000.0001) ctrl-wet 6: no recs for i =   173           0
(PID.TID 0000.0001) ctrl-wet 6: no recs for i =   174           0
(PID.TID 0000.0001) ctrl-wet 6: no recs for i =   175           0
(PID.TID 0000.0001) ctrl-wet 6: no recs for i =   176           0
(PID.TID 0000.0001) ctrl-wet 6: no recs for i =   177           0
(PID.TID 0000.0001) ctrl-wet 6: no recs for i =   178           0
(PID.TID 0000.0001) ctrl-wet 6: no recs for i =   179           0
(PID.TID 0000.0001) ctrl-wet 6: no recs for i =   180           0
(PID.TID 0000.0001) ctrl-wet 6: no recs for i =   181           0
(PID.TID 0000.0001) ctrl-wet 6: no recs for i =   182           0
(PID.TID 0000.0001) ctrl-wet 6: no recs for i =   183           0
(PID.TID 0000.0001) ctrl-wet 6: no recs for i =   184           0
(PID.TID 0000.0001) ctrl-wet 6: no recs for i =   185           0
(PID.TID 0000.0001) ctrl-wet 6: no recs for i =   186           0
(PID.TID 0000.0001) ctrl-wet 6: no recs for i =   187           0
(PID.TID 0000.0001) ctrl-wet 6: no recs for i =   188           0
(PID.TID 0000.0001) ctrl-wet 6: no recs for i =   189           0
(PID.TID 0000.0001) ctrl-wet 6: no recs for i =   190           0
(PID.TID 0000.0001) ctrl-wet 6: no recs for i =   191           0
(PID.TID 0000.0001) ctrl-wet 6: no recs for i =   192           0
(PID.TID 0000.0001) ctrl-wet 6: no recs for i =   193           0
(PID.TID 0000.0001) ctrl-wet 6: no recs for i =   194           0
(PID.TID 0000.0001) ctrl-wet 6: no recs for i =   195           0
(PID.TID 0000.0001) ctrl-wet 6: no recs for i =   196           0
(PID.TID 0000.0001) ctrl-wet 6: no recs for i =   197           0
(PID.TID 0000.0001) ctrl-wet 6: no recs for i =   198           0
(PID.TID 0000.0001) ctrl-wet 6: no recs for i =   199           0
(PID.TID 0000.0001) ctrl-wet 6: no recs for i =   200           0
(PID.TID 0000.0001) ctrl-wet 6: no recs for i =   201           0
(PID.TID 0000.0001) ctrl-wet 6: no recs for i =   202           0
(PID.TID 0000.0001) ctrl-wet 6: no recs for i =   203           0
(PID.TID 0000.0001) ctrl-wet 6: no recs for i =   204           0
(PID.TID 0000.0001) ctrl-wet 6: no recs for i =   205           0
(PID.TID 0000.0001) ctrl-wet 6: no recs for i =   206           0
(PID.TID 0000.0001) ctrl-wet 6: no recs for i =   207           0
(PID.TID 0000.0001) ctrl-wet 6: no recs for i =   208           0
(PID.TID 0000.0001) ctrl-wet 6: no recs for i =   209           0
(PID.TID 0000.0001) ctrl-wet 6: no recs for i =   210           0
(PID.TID 0000.0001) ctrl-wet 6: no recs for i =   211           0
(PID.TID 0000.0001) ctrl-wet 6: no recs for i =   212           0
(PID.TID 0000.0001) ctrl-wet 6: no recs for i =   213           0
(PID.TID 0000.0001) ctrl-wet 6: no recs for i =   214           0
(PID.TID 0000.0001) ctrl-wet 6: no recs for i =   215           0
(PID.TID 0000.0001) ctrl-wet 6: no recs for i =   216           0
(PID.TID 0000.0001) ctrl-wet 6: no recs for i =   217           0
(PID.TID 0000.0001) ctrl-wet 6: no recs for i =   218           0
(PID.TID 0000.0001) ctrl-wet 6: no recs for i =   219           0
(PID.TID 0000.0001) ctrl-wet 6: no recs for i =   220           0
(PID.TID 0000.0001) ctrl-wet 6: no recs for i =   221           0
(PID.TID 0000.0001) ctrl-wet 6: no recs for i =   222           0
(PID.TID 0000.0001) ctrl-wet 6: no recs for i =   223           0
(PID.TID 0000.0001) ctrl-wet 6: no recs for i =   224           0
(PID.TID 0000.0001) ctrl-wet 6: no recs for i =   225           0
(PID.TID 0000.0001) ctrl-wet 6: no recs for i =   226           0
(PID.TID 0000.0001) ctrl-wet 6: no recs for i =   227           0
(PID.TID 0000.0001) ctrl-wet 6: no recs for i =   228           0
(PID.TID 0000.0001) ctrl-wet 6: no recs for i =   229           0
(PID.TID 0000.0001) ctrl-wet 6: no recs for i =   230           0
(PID.TID 0000.0001) ctrl-wet 6: no recs for i =   231           0
(PID.TID 0000.0001) ctrl-wet 6: no recs for i =   232           0
(PID.TID 0000.0001) ctrl-wet 6: no recs for i =   233           0
(PID.TID 0000.0001) ctrl-wet 6: no recs for i =   234           0
(PID.TID 0000.0001) ctrl-wet 6: no recs for i =   235           0
(PID.TID 0000.0001) ctrl-wet 6: no recs for i =   236           0
(PID.TID 0000.0001) ctrl-wet 6: no recs for i =   237           0
(PID.TID 0000.0001) ctrl-wet 6: no recs for i =   238           0
(PID.TID 0000.0001) ctrl-wet 6: no recs for i =   239           0
(PID.TID 0000.0001) ctrl-wet 6: no recs for i =   240           0
(PID.TID 0000.0001) ctrl-wet 6: no recs for i =   241           0
(PID.TID 0000.0001) ctrl-wet 6: no recs for i =   242           0
(PID.TID 0000.0001) ctrl-wet 6: no recs for i =   243           0
(PID.TID 0000.0001) ctrl-wet 6: no recs for i =   244           0
(PID.TID 0000.0001) ctrl-wet 6: no recs for i =   245           0
(PID.TID 0000.0001) ctrl-wet 6: no recs for i =   246           0
(PID.TID 0000.0001) ctrl-wet 6: no recs for i =   247           0
(PID.TID 0000.0001) ctrl-wet 6: no recs for i =   248           0
(PID.TID 0000.0001) ctrl-wet 6: no recs for i =   249           0
(PID.TID 0000.0001) ctrl-wet 6: no recs for i =   250           0
(PID.TID 0000.0001) ctrl-wet 6: no recs for i =   251           0
(PID.TID 0000.0001) ctrl-wet 6: no recs for i =   252           0
(PID.TID 0000.0001) ctrl-wet 6: no recs for i =   253           0
(PID.TID 0000.0001) ctrl-wet 6: no recs for i =   254           0
(PID.TID 0000.0001) ctrl-wet 6: no recs for i =   255           0
(PID.TID 0000.0001) ctrl-wet 6: no recs for i =   256           0
(PID.TID 0000.0001) ctrl-wet 6: no recs for i =   257           0
(PID.TID 0000.0001) ctrl-wet 6: no recs for i =   258           0
(PID.TID 0000.0001) ctrl-wet 6: no recs for i =   259           0
(PID.TID 0000.0001) ctrl-wet 6: no recs for i =   260           0
(PID.TID 0000.0001) ctrl-wet 6: no recs for i =   261           0
(PID.TID 0000.0001) ctrl-wet 6: no recs for i =   262           0
(PID.TID 0000.0001) ctrl-wet 6: no recs for i =   263           0
(PID.TID 0000.0001) ctrl-wet 6: no recs for i =   264           0
(PID.TID 0000.0001) ctrl-wet 6: no recs for i =   265           0
(PID.TID 0000.0001) ctrl-wet 6: no recs for i =   266           0
(PID.TID 0000.0001) ctrl-wet 6: no recs for i =   267           0
(PID.TID 0000.0001) ctrl-wet 6: no recs for i =   268           0
(PID.TID 0000.0001) ctrl-wet 6: no recs for i =   269           0
(PID.TID 0000.0001) ctrl-wet 6: no recs for i =   270           0
(PID.TID 0000.0001) ctrl-wet 6: no recs for i =   271           0
(PID.TID 0000.0001) ctrl-wet 6: no recs for i =   272           0
(PID.TID 0000.0001) ctrl-wet 6: no recs for i =   273           0
(PID.TID 0000.0001) ctrl-wet 6: no recs for i =   274           0
(PID.TID 0000.0001) ctrl-wet 6: no recs for i =   275           0
(PID.TID 0000.0001) ctrl-wet 6: no recs for i =   276           0
(PID.TID 0000.0001) ctrl-wet 6: no recs for i =   277           0
(PID.TID 0000.0001) ctrl-wet 6: no recs for i =   278           0
(PID.TID 0000.0001) ctrl-wet 6: no recs for i =   279           0
(PID.TID 0000.0001) ctrl-wet 6: no recs for i =   280           0
(PID.TID 0000.0001) ctrl-wet 6: no recs for i =   281           0
(PID.TID 0000.0001) ctrl-wet 6: no recs for i =   282           0
(PID.TID 0000.0001) ctrl-wet 6: no recs for i =   283           0
(PID.TID 0000.0001) ctrl-wet 6: no recs for i =   284           0
(PID.TID 0000.0001) ctrl-wet 6: no recs for i =   285           0
(PID.TID 0000.0001) ctrl-wet 6: no recs for i =   286           0
(PID.TID 0000.0001) ctrl-wet 6: no recs for i =   287           0
(PID.TID 0000.0001) ctrl-wet 6: no recs for i =   288           0
(PID.TID 0000.0001) ctrl-wet 6: no recs for i =   289           0
(PID.TID 0000.0001) ctrl-wet 6: no recs for i =   290           0
(PID.TID 0000.0001) ctrl-wet 6: no recs for i =   291           0
(PID.TID 0000.0001) ctrl-wet 6: no recs for i =   292           0
(PID.TID 0000.0001) ctrl-wet 6: no recs for i =   293           0
(PID.TID 0000.0001) ctrl-wet 6: no recs for i =   294           0
(PID.TID 0000.0001) ctrl-wet 6: no recs for i =   295           0
(PID.TID 0000.0001) ctrl-wet 6: no recs for i =   296           0
(PID.TID 0000.0001) ctrl-wet 6: no recs for i =   297           0
(PID.TID 0000.0001) ctrl-wet 6: no recs for i =   298           0
(PID.TID 0000.0001) ctrl-wet 6: no recs for i =   299           0
(PID.TID 0000.0001) ctrl-wet 6: no recs for i =   300           0
(PID.TID 0000.0001) ctrl-wet 6: no recs for i =   301           0
(PID.TID 0000.0001) ctrl-wet 6: no recs for i =   302           0
(PID.TID 0000.0001) ctrl-wet 6: no recs for i =   303           0
(PID.TID 0000.0001) ctrl-wet 6: no recs for i =   304           0
(PID.TID 0000.0001) ctrl-wet 6: no recs for i =   305           0
(PID.TID 0000.0001) ctrl-wet 6: no recs for i =   306           0
(PID.TID 0000.0001) ctrl-wet 6: no recs for i =   307           0
(PID.TID 0000.0001) ctrl-wet 6: no recs for i =   308           0
(PID.TID 0000.0001) ctrl-wet 6: no recs for i =   309           0
(PID.TID 0000.0001) ctrl-wet 6: no recs for i =   310           0
(PID.TID 0000.0001) ctrl-wet 6: no recs for i =   311           0
(PID.TID 0000.0001) ctrl-wet 6: no recs for i =   312           0
(PID.TID 0000.0001) ctrl-wet 6: no recs for i =   313           0
(PID.TID 0000.0001) ctrl-wet 6: no recs for i =   314           0
(PID.TID 0000.0001) ctrl-wet 6: no recs for i =   315           0
(PID.TID 0000.0001) ctrl-wet 6: no recs for i =   316           0
(PID.TID 0000.0001) ctrl-wet 6: no recs for i =   317           0
(PID.TID 0000.0001) ctrl-wet 6: no recs for i =   318           0
(PID.TID 0000.0001) ctrl-wet 6: no recs for i =   319           0
(PID.TID 0000.0001) ctrl-wet 6: no recs for i =   320           0
(PID.TID 0000.0001) ctrl-wet 6: no recs for i =   321           0
(PID.TID 0000.0001) ctrl-wet 6: no recs for i =   322           0
(PID.TID 0000.0001) ctrl-wet 6: no recs for i =   323           0
(PID.TID 0000.0001) ctrl-wet 6: no recs for i =   324           0
(PID.TID 0000.0001) ctrl-wet 6: no recs for i =   325           0
(PID.TID 0000.0001) ctrl-wet 6: no recs for i =   326           0
(PID.TID 0000.0001) ctrl-wet 6: no recs for i =   327           0
(PID.TID 0000.0001) ctrl-wet 6: no recs for i =   328           0
(PID.TID 0000.0001) ctrl-wet 6: no recs for i =   329           0
(PID.TID 0000.0001) ctrl-wet 6: no recs for i =   330           0
(PID.TID 0000.0001) ctrl-wet 6: no recs for i =   331           0
(PID.TID 0000.0001) ctrl-wet 6: no recs for i =   332           0
(PID.TID 0000.0001) ctrl-wet 6: no recs for i =   333           0
(PID.TID 0000.0001) ctrl-wet 6: no recs for i =   334           0
(PID.TID 0000.0001) ctrl-wet 6: no recs for i =   335           0
(PID.TID 0000.0001) ctrl-wet 6: no recs for i =   336           0
(PID.TID 0000.0001) ctrl-wet 6: no recs for i =   337           0
(PID.TID 0000.0001) ctrl-wet 6: no recs for i =   338           0
(PID.TID 0000.0001) ctrl-wet 6: no recs for i =   339           0
(PID.TID 0000.0001) ctrl-wet 6: no recs for i =   340           0
(PID.TID 0000.0001) ctrl-wet 6: no recs for i =   341           0
(PID.TID 0000.0001) ctrl-wet 6: no recs for i =   342           0
(PID.TID 0000.0001) ctrl-wet 6: no recs for i =   343           0
(PID.TID 0000.0001) ctrl-wet 6: no recs for i =   344           0
(PID.TID 0000.0001) ctrl-wet 6: no recs for i =   345           0
(PID.TID 0000.0001) ctrl-wet 6: no recs for i =   346           0
(PID.TID 0000.0001) ctrl-wet 6: no recs for i =   347           0
(PID.TID 0000.0001) ctrl-wet 6: no recs for i =   348           0
(PID.TID 0000.0001) ctrl-wet 6: no recs for i =   349           0
(PID.TID 0000.0001) ctrl-wet 6: no recs for i =   350           0
(PID.TID 0000.0001) ctrl-wet 6: no recs for i =   351           0
(PID.TID 0000.0001) ctrl-wet 6: no recs for i =   352           0
(PID.TID 0000.0001) ctrl-wet 6: no recs for i =   353           0
(PID.TID 0000.0001) ctrl-wet 6: no recs for i =   354           0
(PID.TID 0000.0001) ctrl-wet 6: no recs for i =   355           0
(PID.TID 0000.0001) ctrl-wet 6: no recs for i =   356           0
(PID.TID 0000.0001) ctrl-wet 6: no recs for i =   357           0
(PID.TID 0000.0001) ctrl-wet 6: no recs for i =   358           0
(PID.TID 0000.0001) ctrl-wet 6: no recs for i =   359           0
(PID.TID 0000.0001) ctrl-wet 6: no recs for i =   360           0
(PID.TID 0000.0001) ctrl-wet 6: no recs for i =   361           0
(PID.TID 0000.0001) ctrl-wet 6: no recs for i =   362           0
(PID.TID 0000.0001) ctrl-wet 6: no recs for i =   363           0
(PID.TID 0000.0001) ctrl-wet 6: no recs for i =   364           0
(PID.TID 0000.0001) ctrl-wet 6: no recs for i =   365           0
(PID.TID 0000.0001) ctrl-wet 6: no recs for i =   366           0
(PID.TID 0000.0001) ctrl-wet 6: no recs for i =   367           0
(PID.TID 0000.0001) ctrl-wet 6: no recs for i =   368           0
(PID.TID 0000.0001) ctrl-wet 6: no recs for i =   369           0
(PID.TID 0000.0001) ctrl-wet 6: no recs for i =   370           0
(PID.TID 0000.0001) ctrl-wet 6: no recs for i =   371           0
(PID.TID 0000.0001) ctrl-wet 6: no recs for i =   372           0
(PID.TID 0000.0001) ctrl-wet 6: no recs for i =   373           0
(PID.TID 0000.0001) ctrl-wet 6: no recs for i =   374           0
(PID.TID 0000.0001) ctrl-wet 6: no recs for i =   375           0
(PID.TID 0000.0001) ctrl-wet 6: no recs for i =   376           0
(PID.TID 0000.0001) ctrl-wet 6: no recs for i =   377           0
(PID.TID 0000.0001) ctrl-wet 6: no recs for i =   378           0
(PID.TID 0000.0001) ctrl-wet 6: no recs for i =   379           0
(PID.TID 0000.0001) ctrl-wet 6: no recs for i =   380           0
(PID.TID 0000.0001) ctrl-wet 6: no recs for i =   381           0
(PID.TID 0000.0001) ctrl-wet 6: no recs for i =   382           0
(PID.TID 0000.0001) ctrl-wet 6: no recs for i =   383           0
(PID.TID 0000.0001) ctrl-wet 6: no recs for i =   384           0
(PID.TID 0000.0001) ctrl-wet 6: no recs for i =   385           0
(PID.TID 0000.0001) ctrl-wet 6: no recs for i =   386           0
(PID.TID 0000.0001) ctrl-wet 6: no recs for i =   387           0
(PID.TID 0000.0001) ctrl-wet 6: no recs for i =   388           0
(PID.TID 0000.0001) ctrl-wet 6: no recs for i =   389           0
(PID.TID 0000.0001) ctrl-wet 6: no recs for i =   390           0
(PID.TID 0000.0001) ctrl-wet 6: no recs for i =   391           0
(PID.TID 0000.0001) ctrl-wet 6: no recs for i =   392           0
(PID.TID 0000.0001) ctrl-wet 6: no recs for i =   393           0
(PID.TID 0000.0001) ctrl-wet 6: no recs for i =   394           0
(PID.TID 0000.0001) ctrl-wet 6: no recs for i =   395           0
(PID.TID 0000.0001) ctrl-wet 6: no recs for i =   396           0
(PID.TID 0000.0001) ctrl-wet 6: no recs for i =   397           0
(PID.TID 0000.0001) ctrl-wet 6: no recs for i =   398           0
(PID.TID 0000.0001) ctrl-wet 6: no recs for i =   399           0
(PID.TID 0000.0001) ctrl-wet 6: no recs for i =   400           0
(PID.TID 0000.0001) ctrl-wet 7: flux         27000
(PID.TID 0000.0001) ctrl-wet 8: atmos        27000
(PID.TID 0000.0001) ctrl-wet -------------------------------------------------
(PID.TID 0000.0001) ctrl-wet 13: global nvarlength for Nr =   15        3600
(PID.TID 0000.0001) ctrl-wet -------------------------------------------------
(PID.TID 0000.0001) ctrl-wet 14: global nWet C/S/W/V k=    1        3600        3540        3540           0
(PID.TID 0000.0001) ctrl-wet 14: global nWet C/S/W/V k=    2        3600        3540        3540           0
(PID.TID 0000.0001) ctrl-wet 14: global nWet C/S/W/V k=    3        3600        3540        3540           0
(PID.TID 0000.0001) ctrl-wet 14: global nWet C/S/W/V k=    4        3600        3540        3540           0
(PID.TID 0000.0001) ctrl-wet 14: global nWet C/S/W/V k=    5        3600        3540        3540           0
(PID.TID 0000.0001) ctrl-wet 14: global nWet C/S/W/V k=    6        3600        3540        3540           0
(PID.TID 0000.0001) ctrl-wet 14: global nWet C/S/W/V k=    7        3600        3540        3540           0
(PID.TID 0000.0001) ctrl-wet 14: global nWet C/S/W/V k=    8        3600        3540        3540           0
(PID.TID 0000.0001) ctrl-wet 14: global nWet C/S/W/V k=    9        3600        3540        3540           0
(PID.TID 0000.0001) ctrl-wet 14: global nWet C/S/W/V k=   10        3600        3540        3540           0
(PID.TID 0000.0001) ctrl-wet 14: global nWet C/S/W/V k=   11        3600        3540        3540           0
(PID.TID 0000.0001) ctrl-wet 14: global nWet C/S/W/V k=   12        3600        3540        3540           0
(PID.TID 0000.0001) ctrl-wet 14: global nWet C/S/W/V k=   13        3600        3540        3540           0
(PID.TID 0000.0001) ctrl-wet 14: global nWet C/S/W/V k=   14        3600        3540        3540           0
(PID.TID 0000.0001) ctrl-wet 14: global nWet C/S/W/V k=   15        3600        3540        3540           0
(PID.TID 0000.0001) ctrl-wet -------------------------------------------------
(PID.TID 0000.0001) ctrl-wet -------------------------------------------------
(PID.TID 0000.0001) ctrl-wet -------------------------------------------------
(PID.TID 0000.0001) ctrl_init_wet: no. of control variables:            1
(PID.TID 0000.0001) ctrl_init_wet: control vector length:            3600
(PID.TID 0000.0001) 
(PID.TID 0000.0001) // =======================================================
(PID.TID 0000.0001) // control vector configuration  >>> START <<<
(PID.TID 0000.0001) // =======================================================
(PID.TID 0000.0001) 
(PID.TID 0000.0001)  Total number of ocean points per tile:
(PID.TID 0000.0001)  --------------------------------------
(PID.TID 0000.0001)  snx*sny*nr =    14415
(PID.TID 0000.0001) 
(PID.TID 0000.0001)  Number of ocean points per tile:
(PID.TID 0000.0001)  --------------------------------
(PID.TID 0000.0001)  bi,bj,#(c/s/w): 0001 0001 013500 013050 013050
(PID.TID 0000.0001) 
(PID.TID 0000.0001)  Settings of generic controls:
(PID.TID 0000.0001)  -----------------------------
(PID.TID 0000.0001) 
(PID.TID 0000.0001)  ctrlUseGen  =     T /* use generic controls */
(PID.TID 0000.0001)  -> 2D control, genarr2d no.  1 is in use
(PID.TID 0000.0001)       file       = xx_etan
(PID.TID 0000.0001)       weight     = wetan_ones.bin
(PID.TID 0000.0001)       index      =  0101
(PID.TID 0000.0001)       ncvarindex =  0201
(PID.TID 0000.0001)  preprocess = noscaling
(PID.TID 0000.0001) 
(PID.TID 0000.0001) // =======================================================
(PID.TID 0000.0001) // control vector configuration  >>> END <<<
(PID.TID 0000.0001) // =======================================================
(PID.TID 0000.0001) 
(PID.TID 0000.0001) ------------------------------------------------------------
(PID.TID 0000.0001) DIAGNOSTICS_SET_LEVELS: done
(PID.TID 0000.0001)  Total Nb of available Diagnostics: ndiagt=   206
(PID.TID 0000.0001)  write list of available Diagnostics to file: available_diagnostics.log
(PID.TID 0000.0001) SETDIAG: Allocate 15 x  1 Levels for Diagnostic #    30 UVEL
(PID.TID 0000.0001) SETDIAG: Allocate 15 x  1 Levels for Diagnostic #    31 VVEL
(PID.TID 0000.0001) SETDIAG: Allocate 15 x  1 Levels for Diagnostic #    26 THETA
(PID.TID 0000.0001) SETDIAG: Allocate  1 x  1 Levels for Diagnostic #    23 ETAN
(PID.TID 0000.0001)   space allocated for all diagnostics:      46 levels
(PID.TID 0000.0001)   set mate pointer for diag #    30  UVEL     , Parms: UUR     MR , mate:    31
(PID.TID 0000.0001)   set mate pointer for diag #    31  VVEL     , Parms: VVR     MR , mate:    30
(PID.TID 0000.0001) DIAGNOSTICS_SET_POINTERS: Set levels for Outp.Stream: dynState
(PID.TID 0000.0001)  Levels:       1.   2.   3.   4.   5.   6.   7.   8.   9.  10.  11.  12.  13.  14.  15.
(PID.TID 0000.0001) DIAGNOSTICS_SET_POINTERS: Set levels for Outp.Stream: surfState
(PID.TID 0000.0001)  Levels:       1.
(PID.TID 0000.0001) DIAGNOSTICS_SET_POINTERS: done
(PID.TID 0000.0001) ------------------------------------------------------------
(PID.TID 0000.0001) DIAGSTATS_SET_REGIONS: define no region
(PID.TID 0000.0001) ------------------------------------------------------------
(PID.TID 0000.0001)   space allocated for all stats-diags:       0 levels
(PID.TID 0000.0001) DIAGSTATS_SET_POINTERS: done
(PID.TID 0000.0001) ------------------------------------------------------------
(PID.TID 0000.0001) %MON fCori_max                    =   1.4119704352640E-04
(PID.TID 0000.0001) %MON fCori_min                    =   3.6516038314991E-05
(PID.TID 0000.0001) %MON fCori_mean                   =   9.8169098090289E-05
(PID.TID 0000.0001) %MON fCori_sd                     =   3.1588625445688E-05
(PID.TID 0000.0001) %MON fCoriG_max                   =   1.4087300867102E-04
(PID.TID 0000.0001) %MON fCoriG_min                   =   3.5282486883545E-05
(PID.TID 0000.0001) %MON fCoriG_mean                  =   9.7308683992513E-05
(PID.TID 0000.0001) %MON fCoriG_sd                    =   3.1852455422806E-05
(PID.TID 0000.0001) %MON fCoriCos_max                 =   1.4119704352640E-04
(PID.TID 0000.0001) %MON fCoriCos_min                 =   3.6516038314991E-05
(PID.TID 0000.0001) %MON fCoriCos_mean                =   9.8169098090289E-05
(PID.TID 0000.0001) %MON fCoriCos_sd                  =   3.1588625445688E-05
(PID.TID 0000.0001) INI_CG2D: CG2D normalisation factor =  1.4846576448792055E-04
(PID.TID 0000.0001) 
(PID.TID 0000.0001) // =======================================================
(PID.TID 0000.0001) // Model configuration
(PID.TID 0000.0001) // =======================================================
(PID.TID 0000.0001) //
(PID.TID 0000.0001) // "Physical" paramters ( PARM01 in namelist )
(PID.TID 0000.0001) //
(PID.TID 0000.0001) buoyancyRelation = /* Type of relation to get Buoyancy */
(PID.TID 0000.0001)               'OCEANIC'
(PID.TID 0000.0001)     ;
(PID.TID 0000.0001) fluidIsAir   =  /* fluid major constituent is Air */
(PID.TID 0000.0001)                   F
(PID.TID 0000.0001)     ;
(PID.TID 0000.0001) fluidIsWater =  /* fluid major constituent is Water */
(PID.TID 0000.0001)                   T
(PID.TID 0000.0001)     ;
(PID.TID 0000.0001) usingPCoords =  /* use p (or p*) vertical coordinate */
(PID.TID 0000.0001)                   F
(PID.TID 0000.0001)     ;
(PID.TID 0000.0001) usingZCoords =  /* use z (or z*) vertical coordinate */
(PID.TID 0000.0001)                   T
(PID.TID 0000.0001)     ;
(PID.TID 0000.0001) tRef =   /* Reference temperature profile ( oC or K ) */
(PID.TID 0000.0001)                 3.000000000000000E+01,      /* K =  1 */
(PID.TID 0000.0001)                 2.700000000000000E+01,      /* K =  2 */
(PID.TID 0000.0001)                 2.400000000000000E+01,      /* K =  3 */
(PID.TID 0000.0001)                 2.100000000000000E+01,      /* K =  4 */
(PID.TID 0000.0001)                 1.800000000000000E+01,      /* K =  5 */
(PID.TID 0000.0001)                 1.500000000000000E+01,      /* K =  6 */
(PID.TID 0000.0001)                 1.300000000000000E+01,      /* K =  7 */
(PID.TID 0000.0001)                 1.100000000000000E+01,      /* K =  8 */
(PID.TID 0000.0001)                 9.000000000000000E+00,      /* K =  9 */
(PID.TID 0000.0001)                 7.000000000000000E+00,      /* K = 10 */
(PID.TID 0000.0001)                 6.000000000000000E+00,      /* K = 11 */
(PID.TID 0000.0001)                 5.000000000000000E+00,      /* K = 12 */
(PID.TID 0000.0001)                 4.000000000000000E+00,      /* K = 13 */
(PID.TID 0000.0001)                 3.000000000000000E+00,      /* K = 14 */
(PID.TID 0000.0001)                 2.000000000000000E+00       /* K = 15 */
(PID.TID 0000.0001)     ;
(PID.TID 0000.0001) sRef =   /* Reference salinity profile ( g/kg ) */
(PID.TID 0000.0001)    15 @  3.000000000000000E+01              /* K =  1: 15 */
(PID.TID 0000.0001)     ;
(PID.TID 0000.0001) useStrainTensionVisc= /* Use StrainTension Form of Viscous Operator */
(PID.TID 0000.0001)                   F
(PID.TID 0000.0001)     ;
(PID.TID 0000.0001) useVariableVisc = /* Use variable horizontal viscosity */
(PID.TID 0000.0001)                   F
(PID.TID 0000.0001)     ;
(PID.TID 0000.0001) useHarmonicVisc = /* Use harmonic horizontal viscosity */
(PID.TID 0000.0001)                   T
(PID.TID 0000.0001)     ;
(PID.TID 0000.0001) useBiharmonicVisc= /* Use biharmonic horiz.  viscosity */
(PID.TID 0000.0001)                   F
(PID.TID 0000.0001)     ;
(PID.TID 0000.0001) useSmag3D = /* Use isotropic 3-D Smagorinsky viscosity */
(PID.TID 0000.0001)                   F
(PID.TID 0000.0001)     ;
(PID.TID 0000.0001) viscAh  =   /* Lateral harmonic viscosity ( m^2/s ) */
(PID.TID 0000.0001)                 5.000000000000000E+03
(PID.TID 0000.0001)     ;
(PID.TID 0000.0001) viscA4  =   /* Lateral biharmonic viscosity ( m^4/s ) */
(PID.TID 0000.0001)                 0.000000000000000E+00
(PID.TID 0000.0001)     ;
(PID.TID 0000.0001) no_slip_sides =  /* Viscous BCs: No-slip sides */
(PID.TID 0000.0001)                   T
(PID.TID 0000.0001)     ;
(PID.TID 0000.0001) sideDragFactor = /* side-drag scaling factor (non-dim) */
(PID.TID 0000.0001)                 2.000000000000000E+00
(PID.TID 0000.0001)     ;
(PID.TID 0000.0001) viscArNr = /* vertical profile of vertical viscosity ( m^2/s )*/
(PID.TID 0000.0001)    15 @  1.000000000000000E-02              /* K =  1: 15 */
(PID.TID 0000.0001)     ;
(PID.TID 0000.0001) no_slip_bottom =  /* Viscous BCs: No-slip bottom */
(PID.TID 0000.0001)                   F
(PID.TID 0000.0001)     ;
(PID.TID 0000.0001) bottomVisc_pCell = /* Partial-cell in bottom Visc. BC */
(PID.TID 0000.0001)                   F
(PID.TID 0000.0001)     ;
(PID.TID 0000.0001) bottomDragLinear = /* linear bottom-drag coefficient ( m/s ) */
(PID.TID 0000.0001)                 0.000000000000000E+00
(PID.TID 0000.0001)     ;
(PID.TID 0000.0001) bottomDragQuadratic = /* quadratic bottom-drag coefficient (-) */
(PID.TID 0000.0001)                 0.000000000000000E+00
(PID.TID 0000.0001)     ;
(PID.TID 0000.0001) selectBotDragQuadr = /* select quadratic bottom drag options */
(PID.TID 0000.0001)                      -1
(PID.TID 0000.0001)     ;
(PID.TID 0000.0001) diffKhT =   /* Laplacian diffusion of heat laterally ( m^2/s ) */
(PID.TID 0000.0001)                 1.000000000000000E+03
(PID.TID 0000.0001)     ;
(PID.TID 0000.0001) diffK4T =   /* Biharmonic diffusion of heat laterally ( m^4/s ) */
(PID.TID 0000.0001)                 0.000000000000000E+00
(PID.TID 0000.0001)     ;
(PID.TID 0000.0001) diffKhS =   /* Laplacian diffusion of salt laterally ( m^2/s ) */
(PID.TID 0000.0001)                 0.000000000000000E+00
(PID.TID 0000.0001)     ;
(PID.TID 0000.0001) diffK4S =   /* Biharmonic diffusion of salt laterally ( m^4/s ) */
(PID.TID 0000.0001)                 0.000000000000000E+00
(PID.TID 0000.0001)     ;
(PID.TID 0000.0001) diffKrNrT = /* vertical profile of vertical diffusion of Temp ( m^2/s )*/
(PID.TID 0000.0001)    15 @  1.000000000000000E-05              /* K =  1: 15 */
(PID.TID 0000.0001)     ;
(PID.TID 0000.0001) diffKrNrS = /* vertical profile of vertical diffusion of Salt ( m^2/s )*/
(PID.TID 0000.0001)    15 @  1.000000000000000E-05              /* K =  1: 15 */
(PID.TID 0000.0001)     ;
(PID.TID 0000.0001) diffKrBL79surf = /* Surface diffusion for Bryan and Lewis 79 ( m^2/s ) */
(PID.TID 0000.0001)                 0.000000000000000E+00
(PID.TID 0000.0001)     ;
(PID.TID 0000.0001) diffKrBL79deep = /* Deep diffusion for Bryan and Lewis 1979 ( m^2/s ) */
(PID.TID 0000.0001)                 0.000000000000000E+00
(PID.TID 0000.0001)     ;
(PID.TID 0000.0001) diffKrBL79scl = /* Depth scale for Bryan and Lewis 1979 ( m ) */
(PID.TID 0000.0001)                 2.000000000000000E+02
(PID.TID 0000.0001)     ;
(PID.TID 0000.0001) diffKrBL79Ho = /* Turning depth for Bryan and Lewis 1979 ( m ) */
(PID.TID 0000.0001)                -2.000000000000000E+03
(PID.TID 0000.0001)     ;
(PID.TID 0000.0001) ivdc_kappa = /* Implicit Vertical Diffusivity for Convection ( m^2/s) */
(PID.TID 0000.0001)                 1.000000000000000E+00
(PID.TID 0000.0001)     ;
(PID.TID 0000.0001) hMixCriteria=  /* Criteria for mixed-layer diagnostic */
(PID.TID 0000.0001)                -8.000000000000000E-01
(PID.TID 0000.0001)     ;
(PID.TID 0000.0001) dRhoSmall =  /* Parameter for mixed-layer diagnostic */
(PID.TID 0000.0001)                 1.000000000000000E-06
(PID.TID 0000.0001)     ;
(PID.TID 0000.0001) hMixSmooth=  /* Smoothing parameter for mixed-layer diagnostic */
(PID.TID 0000.0001)                 0.000000000000000E+00
(PID.TID 0000.0001)     ;
(PID.TID 0000.0001) eosType =  /* Type of Equation of State */
(PID.TID 0000.0001)               'LINEAR'
(PID.TID 0000.0001)     ;
(PID.TID 0000.0001) tAlpha = /* Linear EOS thermal expansion coefficient ( 1/oC ) */
(PID.TID 0000.0001)                 2.000000000000000E-04
(PID.TID 0000.0001)     ;
(PID.TID 0000.0001) sBeta  = /* Linear EOS haline contraction coefficient ( 1/(g/kg) ) */
(PID.TID 0000.0001)                 0.000000000000000E+00
(PID.TID 0000.0001)     ;
(PID.TID 0000.0001) rhoNil    = /* Reference density for Linear EOS ( kg/m^3 ) */
(PID.TID 0000.0001)                 9.998000000000000E+02
(PID.TID 0000.0001)     ;
(PID.TID 0000.0001) selectP_inEOS_Zc = /* select pressure to use in EOS (0,1,2,3) */
(PID.TID 0000.0001)                       0
(PID.TID 0000.0001)     0= -g*rhoConst*z ; 1= pRef (from tRef,sRef); 2= Hyd P ; 3= Hyd+NH P
(PID.TID 0000.0001)     ;
(PID.TID 0000.0001) surf_pRef = /* Surface reference pressure ( Pa ) */
(PID.TID 0000.0001)                 1.013250000000000E+05
(PID.TID 0000.0001)     ;
(PID.TID 0000.0001) HeatCapacity_Cp =  /* Specific heat capacity ( J/kg/K ) */
(PID.TID 0000.0001)                 3.994000000000000E+03
(PID.TID 0000.0001)     ;
(PID.TID 0000.0001) celsius2K = /* 0 degree Celsius converted to Kelvin ( K ) */
(PID.TID 0000.0001)                 2.731500000000000E+02
(PID.TID 0000.0001)     ;
(PID.TID 0000.0001) rhoConst  = /* Reference density (Boussinesq)  ( kg/m^3 ) */
(PID.TID 0000.0001)                 9.998000000000000E+02
(PID.TID 0000.0001)     ;
(PID.TID 0000.0001) rhoFacC = /* normalized Reference density @ cell-Center (-) */
(PID.TID 0000.0001)    15 @  1.000000000000000E+00              /* K =  1: 15 */
(PID.TID 0000.0001)     ;
(PID.TID 0000.0001) rhoFacF = /* normalized Reference density @ W-Interface (-) */
(PID.TID 0000.0001)    16 @  1.000000000000000E+00              /* K =  1: 16 */
(PID.TID 0000.0001)     ;
(PID.TID 0000.0001) rhoConstFresh = /* Fresh-water reference density ( kg/m^3 ) */
(PID.TID 0000.0001)                 9.998000000000000E+02
(PID.TID 0000.0001)     ;
(PID.TID 0000.0001) gravity =   /* Gravitational acceleration ( m/s^2 ) */
(PID.TID 0000.0001)                 9.810000000000000E+00
(PID.TID 0000.0001)     ;
(PID.TID 0000.0001) gBaro =   /* Barotropic gravity ( m/s^2 ) */
(PID.TID 0000.0001)                 9.810000000000000E+00
(PID.TID 0000.0001)     ;
(PID.TID 0000.0001) gravFacC = /* gravity factor (vs surf.) @ cell-Center (-) */
(PID.TID 0000.0001)    15 @  1.000000000000000E+00              /* K =  1: 15 */
(PID.TID 0000.0001)     ;
(PID.TID 0000.0001) gravFacF = /* gravity factor (vs surf.) @ W-Interface (-) */
(PID.TID 0000.0001)    16 @  1.000000000000000E+00              /* K =  1: 16 */
(PID.TID 0000.0001)     ;
(PID.TID 0000.0001) rotationPeriod =   /* Rotation Period ( s ) */
(PID.TID 0000.0001)                 8.616400000000000E+04
(PID.TID 0000.0001)     ;
(PID.TID 0000.0001) omega =   /* Angular velocity ( rad/s ) */
(PID.TID 0000.0001)                 7.292123516990375E-05
(PID.TID 0000.0001)     ;
(PID.TID 0000.0001) f0 =   /* Reference coriolis parameter ( 1/s ) */
(PID.TID 0000.0001)                 1.000000000000000E-04
(PID.TID 0000.0001)     ;
(PID.TID 0000.0001) beta =   /* Beta ( 1/(m.s) ) */
(PID.TID 0000.0001)                 9.999999999999999E-12
(PID.TID 0000.0001)     ;
(PID.TID 0000.0001) fPrime =   /* Second coriolis parameter ( 1/s ) */
(PID.TID 0000.0001)                 0.000000000000000E+00
(PID.TID 0000.0001)     ;
(PID.TID 0000.0001) rigidLid =   /* Rigid lid on/off flag */
(PID.TID 0000.0001)                   F
(PID.TID 0000.0001)     ;
(PID.TID 0000.0001) implicitFreeSurface =   /* Implicit free surface on/off flag */
(PID.TID 0000.0001)                   T
(PID.TID 0000.0001)     ;
(PID.TID 0000.0001) freeSurfFac =   /* Implicit free surface factor */
(PID.TID 0000.0001)                 1.000000000000000E+00
(PID.TID 0000.0001)     ;
(PID.TID 0000.0001) implicSurfPress =  /* Surface Pressure implicit factor (0-1) */
(PID.TID 0000.0001)                 1.000000000000000E+00
(PID.TID 0000.0001)     ;
(PID.TID 0000.0001) implicDiv2DFlow =  /* Barot. Flow Div. implicit factor (0-1) */
(PID.TID 0000.0001)                 1.000000000000000E+00
(PID.TID 0000.0001)     ;
(PID.TID 0000.0001) uniformLin_PhiSurf = /* use uniform Bo_surf on/off flag */
(PID.TID 0000.0001)                   T
(PID.TID 0000.0001)     ;
(PID.TID 0000.0001) uniformFreeSurfLev = /* free-surface level-index is uniform */
(PID.TID 0000.0001)                   T
(PID.TID 0000.0001)     ;
(PID.TID 0000.0001) sIceLoadFac =  /* scale factor for sIceLoad (0-1) */
(PID.TID 0000.0001)                 1.000000000000000E+00
(PID.TID 0000.0001)     ;
(PID.TID 0000.0001) hFacMin =   /* minimum partial cell factor (hFac) */
(PID.TID 0000.0001)                 1.000000000000000E+00
(PID.TID 0000.0001)     ;
(PID.TID 0000.0001) hFacMinDr = /* minimum partial cell thickness ( m) */
(PID.TID 0000.0001)                 0.000000000000000E+00
(PID.TID 0000.0001)     ;
(PID.TID 0000.0001) exactConserv =  /* Exact Volume Conservation on/off flag */
(PID.TID 0000.0001)                   T
(PID.TID 0000.0001)     ;
(PID.TID 0000.0001) linFSConserveTr = /* Tracer correction for Lin Free Surface on/off flag */
(PID.TID 0000.0001)                   F
(PID.TID 0000.0001)     ;
(PID.TID 0000.0001) nonlinFreeSurf = /* Non-linear Free Surf. options (-1,0,1,2,3)*/
(PID.TID 0000.0001)                       0
(PID.TID 0000.0001)      -1,0= Off ; 1,2,3= On, 2=+rescale gU,gV, 3=+update cg2d solv.
(PID.TID 0000.0001)     ;
(PID.TID 0000.0001) hFacInf =   /* lower threshold for hFac (nonlinFreeSurf only)*/
(PID.TID 0000.0001)                 2.000000000000000E-01
(PID.TID 0000.0001)     ;
(PID.TID 0000.0001) hFacSup =   /* upper threshold for hFac (nonlinFreeSurf only)*/
(PID.TID 0000.0001)                 2.000000000000000E+00
(PID.TID 0000.0001)     ;
(PID.TID 0000.0001) select_rStar = /* r* Vertical coord. options (=0 r coord.; >0 uses r*)*/
(PID.TID 0000.0001)                       0
(PID.TID 0000.0001)     ;
(PID.TID 0000.0001) useRealFreshWaterFlux = /* Real Fresh Water Flux on/off flag*/
(PID.TID 0000.0001)                   F
(PID.TID 0000.0001)     ;
(PID.TID 0000.0001) temp_EvPrRn = /* Temp. of Evap/Prec/R (UNSET=use local T)(oC)*/
(PID.TID 0000.0001)                 1.234567000000000E+05
(PID.TID 0000.0001)     ;
(PID.TID 0000.0001) salt_EvPrRn = /* Salin. of Evap/Prec/R (UNSET=use local S)(g/kg)*/
(PID.TID 0000.0001)                 0.000000000000000E+00
(PID.TID 0000.0001)     ;
(PID.TID 0000.0001) selectAddFluid = /* option for mass source/sink of fluid (=0: off) */
(PID.TID 0000.0001)                       0
(PID.TID 0000.0001)     ;
(PID.TID 0000.0001) temp_addMass = /* Temp. of addMass array (UNSET=use local T)(oC)*/
(PID.TID 0000.0001)                 1.234567000000000E+05
(PID.TID 0000.0001)     ;
(PID.TID 0000.0001) salt_addMass = /* Salin. of addMass array (UNSET=use local S)(g/kg)*/
(PID.TID 0000.0001)                 0.000000000000000E+00
(PID.TID 0000.0001)     ;
(PID.TID 0000.0001) convertFW2Salt = /* convert F.W. Flux to Salt Flux (-1=use local S)(g/kg)*/
(PID.TID 0000.0001)                 3.500000000000000E+01
(PID.TID 0000.0001)     ;
(PID.TID 0000.0001) use3Dsolver = /* use 3-D pressure solver on/off flag */
(PID.TID 0000.0001)                   F
(PID.TID 0000.0001)     ;
(PID.TID 0000.0001) nonHydrostatic =  /* Non-Hydrostatic on/off flag */
(PID.TID 0000.0001)                   F
(PID.TID 0000.0001)     ;
(PID.TID 0000.0001) nh_Am2 = /* Non-Hydrostatic terms scaling factor */
(PID.TID 0000.0001)                 1.000000000000000E+00
(PID.TID 0000.0001)     ;
(PID.TID 0000.0001) implicitNHPress = /* Non-Hyd Pressure implicit factor (0-1)*/
(PID.TID 0000.0001)                 1.000000000000000E+00
(PID.TID 0000.0001)     ;
(PID.TID 0000.0001) selectNHfreeSurf = /* Non-Hyd (free-)Surface option */
(PID.TID 0000.0001)                       0
(PID.TID 0000.0001)     ;
(PID.TID 0000.0001) quasiHydrostatic = /* Quasi-Hydrostatic on/off flag */
(PID.TID 0000.0001)                   F
(PID.TID 0000.0001)     ;
(PID.TID 0000.0001) calc_wVelocity = /* vertical velocity calculation on/off flag */
(PID.TID 0000.0001)                   T
(PID.TID 0000.0001)     ;
(PID.TID 0000.0001) momStepping =  /* Momentum equation on/off flag */
(PID.TID 0000.0001)                   T
(PID.TID 0000.0001)     ;
(PID.TID 0000.0001) vectorInvariantMomentum= /* Vector-Invariant Momentum on/off */
(PID.TID 0000.0001)                   F
(PID.TID 0000.0001)     ;
(PID.TID 0000.0001) momAdvection =  /* Momentum advection on/off flag */
(PID.TID 0000.0001)                   T
(PID.TID 0000.0001)     ;
(PID.TID 0000.0001) momViscosity =  /* Momentum viscosity on/off flag */
(PID.TID 0000.0001)                   T
(PID.TID 0000.0001)     ;
(PID.TID 0000.0001) momImplVertAdv= /* Momentum implicit vert. advection on/off*/
(PID.TID 0000.0001)                   F
(PID.TID 0000.0001)     ;
(PID.TID 0000.0001) implicitViscosity = /* Implicit viscosity on/off flag */
(PID.TID 0000.0001)                   F
(PID.TID 0000.0001)     ;
(PID.TID 0000.0001) selectImplicitDrag= /* Implicit bot Drag options (0,1,2)*/
(PID.TID 0000.0001)                       0
(PID.TID 0000.0001)     0= Expl. ; 1= Impl. on provis. Vel ; 2= Fully Impl (with surf.P)
(PID.TID 0000.0001)     ;
(PID.TID 0000.0001) metricTerms =  /* metric-Terms on/off flag */
(PID.TID 0000.0001)                   T
(PID.TID 0000.0001)     ;
(PID.TID 0000.0001) useNHMTerms = /* Non-Hydrostatic Metric-Terms on/off */
(PID.TID 0000.0001)                   F
(PID.TID 0000.0001)     ;
(PID.TID 0000.0001) selectCoriMap = /* Coriolis Map options (0,1,2,3)*/
(PID.TID 0000.0001)                       2
(PID.TID 0000.0001)     0= f-Plane ; 1= Beta-Plane ; 2= Spherical ; 3= read from file
(PID.TID 0000.0001)     ;
(PID.TID 0000.0001) use3dCoriolis = /* 3-D Coriolis on/off flag */
(PID.TID 0000.0001)                   F
(PID.TID 0000.0001)     ;
(PID.TID 0000.0001) useCoriolis =  /* Coriolis on/off flag */
(PID.TID 0000.0001)                   T
(PID.TID 0000.0001)     ;
(PID.TID 0000.0001) useCDscheme =  /* CD scheme on/off flag */
(PID.TID 0000.0001)                   F
(PID.TID 0000.0001)     ;
(PID.TID 0000.0001) selectCoriScheme= /* Scheme selector for Coriolis-Term */
(PID.TID 0000.0001)                       0
(PID.TID 0000.0001)    = 0 : original discretization (simple averaging, no hFac)
(PID.TID 0000.0001)    = 1 : Wet-point averaging (Jamar & Ozer 1986)
(PID.TID 0000.0001)    = 2 : energy conserving scheme (no hFac weight)
(PID.TID 0000.0001)    = 3 : energy conserving scheme using Wet-point averaging
(PID.TID 0000.0001)     ;
(PID.TID 0000.0001) momForcing =  /* Momentum forcing on/off flag */
(PID.TID 0000.0001)                   T
(PID.TID 0000.0001)     ;
(PID.TID 0000.0001) momTidalForcing = /* Momentum Tidal forcing on/off flag */
(PID.TID 0000.0001)                   T
(PID.TID 0000.0001)     ;
(PID.TID 0000.0001) momPressureForcing =  /* Momentum pressure term on/off flag */
(PID.TID 0000.0001)                   T
(PID.TID 0000.0001)     ;
(PID.TID 0000.0001) implicitIntGravWave= /* Implicit Internal Gravity Wave flag */
(PID.TID 0000.0001)                   F
(PID.TID 0000.0001)     ;
(PID.TID 0000.0001) staggerTimeStep =    /* Stagger time stepping on/off flag */
(PID.TID 0000.0001)                   F
(PID.TID 0000.0001)     ;
(PID.TID 0000.0001) doResetHFactors = /* reset thickness factors @ each time-step */
(PID.TID 0000.0001)                   F
(PID.TID 0000.0001)     ;
(PID.TID 0000.0001) multiDimAdvection =  /* enable/disable Multi-Dim Advection */
(PID.TID 0000.0001)                   T
(PID.TID 0000.0001)     ;
(PID.TID 0000.0001) useMultiDimAdvec =   /* Multi-Dim Advection is/is-not used */
(PID.TID 0000.0001)                   F
(PID.TID 0000.0001)     ;
(PID.TID 0000.0001) implicitDiffusion = /* Implicit Diffusion on/off flag */
(PID.TID 0000.0001)                   T
(PID.TID 0000.0001)     ;
(PID.TID 0000.0001) tempStepping =  /* Temperature equation on/off flag */
(PID.TID 0000.0001)                   T
(PID.TID 0000.0001)     ;
(PID.TID 0000.0001) tempAdvection = /* Temperature advection on/off flag */
(PID.TID 0000.0001)                   T
(PID.TID 0000.0001)     ;
(PID.TID 0000.0001) tempImplVertAdv = /* Temp. implicit vert. advection on/off */
(PID.TID 0000.0001)                   F
(PID.TID 0000.0001)     ;
(PID.TID 0000.0001) tempForcing  =  /* Temperature forcing on/off flag */
(PID.TID 0000.0001)                   T
(PID.TID 0000.0001)     ;
(PID.TID 0000.0001) doThetaClimRelax = /* apply SST relaxation on/off flag */
(PID.TID 0000.0001)                   T
(PID.TID 0000.0001)     ;
(PID.TID 0000.0001) tempIsActiveTr = /* Temp. is a dynamically Active Tracer */
(PID.TID 0000.0001)                   T
(PID.TID 0000.0001)     ;
(PID.TID 0000.0001) saltStepping =  /* Salinity equation on/off flag */
(PID.TID 0000.0001)                   F
(PID.TID 0000.0001)     ;
(PID.TID 0000.0001) saltAdvection = /* Salinity advection on/off flag */
(PID.TID 0000.0001)                   F
(PID.TID 0000.0001)     ;
(PID.TID 0000.0001) saltImplVertAdv = /* Sali. implicit vert. advection on/off */
(PID.TID 0000.0001)                   F
(PID.TID 0000.0001)     ;
(PID.TID 0000.0001) saltForcing  =  /* Salinity forcing on/off flag */
(PID.TID 0000.0001)                   F
(PID.TID 0000.0001)     ;
(PID.TID 0000.0001) doSaltClimRelax = /* apply SSS relaxation on/off flag */
(PID.TID 0000.0001)                   F
(PID.TID 0000.0001)     ;
(PID.TID 0000.0001) saltIsActiveTr = /* Salt  is a dynamically Active Tracer */
(PID.TID 0000.0001)                   F
(PID.TID 0000.0001)     ;
(PID.TID 0000.0001)  readBinaryPrec = /* Precision used for reading binary files */
(PID.TID 0000.0001)                      32
(PID.TID 0000.0001)     ;
(PID.TID 0000.0001) writeBinaryPrec = /* Precision used for writing binary files */
(PID.TID 0000.0001)                      32
(PID.TID 0000.0001)     ;
(PID.TID 0000.0001)  rwSuffixType =   /* select format of mds file suffix */
(PID.TID 0000.0001)                       0
(PID.TID 0000.0001)    = 0 : myIter (I10.10) ;   = 1 : 100*myTime (100th sec) ;
(PID.TID 0000.0001)    = 2 : myTime (seconds);   = 3 : myTime/360 (10th of hr);
(PID.TID 0000.0001)    = 4 : myTime/3600 (hours)
(PID.TID 0000.0001)     ;
(PID.TID 0000.0001)  globalFiles = /* write "global" (=not per tile) files */
(PID.TID 0000.0001)                   F
(PID.TID 0000.0001)     ;
(PID.TID 0000.0001)  useSingleCpuIO = /* only master MPI process does I/O */
(PID.TID 0000.0001)                   T
(PID.TID 0000.0001)     ;
(PID.TID 0000.0001)  useSingleCpuInput = /* only master process reads input */
(PID.TID 0000.0001)                   T
(PID.TID 0000.0001)     ;
(PID.TID 0000.0001) /* debLev[*]  : level of debug & auxiliary message printing */
(PID.TID 0000.0001) debLevZero =  0 ; /* level of disabled aux. msg printing */
(PID.TID 0000.0001)    debLevA =  1 ; /* level of minimum  aux. msg printing */
(PID.TID 0000.0001)    debLevB =  2 ; /* level of low aux. print (report read-file opening)*/
(PID.TID 0000.0001)    debLevC =  3 ; /* level of moderate debug prt (most pkgs debug msg) */
(PID.TID 0000.0001)    debLevD =  4 ; /* level of enhanced debug prt (add DEBUG_STATS prt) */
(PID.TID 0000.0001)    debLevE =  5 ; /* level of extensive debug printing */
(PID.TID 0000.0001) debugLevel =  /* select debug printing level */
(PID.TID 0000.0001)                       1
(PID.TID 0000.0001)     ;
(PID.TID 0000.0001)  plotLevel =  /* select PLOT_FIELD printing level */
(PID.TID 0000.0001)                       1
(PID.TID 0000.0001)     ;
(PID.TID 0000.0001) //
(PID.TID 0000.0001) // Elliptic solver(s) paramters ( PARM02 in namelist )
(PID.TID 0000.0001) //
(PID.TID 0000.0001) cg2dMaxIters =   /* Upper limit on 2d con. grad iterations  */
(PID.TID 0000.0001)                    1000
(PID.TID 0000.0001)     ;
(PID.TID 0000.0001) cg2dMinItersNSA =   /* Minimum number of iterations of 2d con. grad solver  */
(PID.TID 0000.0001)                       0
(PID.TID 0000.0001)     ;
(PID.TID 0000.0001) cg2dUseMinResSol= /* use cg2d last-iter(=0) / min-resid.(=1) solution */
(PID.TID 0000.0001)                       0
(PID.TID 0000.0001)     ;
(PID.TID 0000.0001) cg2dTargetResidual =   /* 2d con. grad target residual  */
(PID.TID 0000.0001)                 1.000000000000000E-07
(PID.TID 0000.0001)     ;
(PID.TID 0000.0001) cg2dTargetResWunit =   /* CG2d target residual [W units] */
(PID.TID 0000.0001)                -1.000000000000000E+00
(PID.TID 0000.0001)     ;
(PID.TID 0000.0001) cg2dPreCondFreq =   /* Freq. for updating cg2d preconditioner */
(PID.TID 0000.0001)                       1
(PID.TID 0000.0001)     ;
(PID.TID 0000.0001) useSRCGSolver =  /* use single reduction CG solver(s) */
(PID.TID 0000.0001)                   F
(PID.TID 0000.0001)     ;
(PID.TID 0000.0001) useNSACGSolver =  /* use not-self-adjoint CG solver */
(PID.TID 0000.0001)                   F
(PID.TID 0000.0001)     ;
(PID.TID 0000.0001) printResidualFreq = /* Freq. for printing CG residual */
(PID.TID 0000.0001)                       0
(PID.TID 0000.0001)     ;
(PID.TID 0000.0001) //
(PID.TID 0000.0001) // Time stepping paramters ( PARM03 in namelist )
(PID.TID 0000.0001) //
(PID.TID 0000.0001) deltaTMom =   /* Momentum equation timestep ( s ) */
(PID.TID 0000.0001)                 1.200000000000000E+03
(PID.TID 0000.0001)     ;
(PID.TID 0000.0001) deltaTFreeSurf = /* FreeSurface equation timestep ( s ) */
(PID.TID 0000.0001)                 1.200000000000000E+03
(PID.TID 0000.0001)     ;
(PID.TID 0000.0001) dTtracerLev =  /* Tracer equation timestep ( s ) */
(PID.TID 0000.0001)    15 @  1.200000000000000E+03              /* K =  1: 15 */
(PID.TID 0000.0001)     ;
(PID.TID 0000.0001) deltaTClock  =   /* Model clock timestep ( s ) */
(PID.TID 0000.0001)                 1.200000000000000E+03
(PID.TID 0000.0001)     ;
(PID.TID 0000.0001) cAdjFreq =   /* Convective adjustment interval ( s ) */
(PID.TID 0000.0001)                 0.000000000000000E+00
(PID.TID 0000.0001)     ;
(PID.TID 0000.0001) momForcingOutAB = /* =1: take Momentum Forcing out of Adams-Bash. stepping */
(PID.TID 0000.0001)                       0
(PID.TID 0000.0001)     ;
(PID.TID 0000.0001) tracForcingOutAB = /* =1: take T,S,pTr Forcing out of Adams-Bash. stepping */
(PID.TID 0000.0001)                       0
(PID.TID 0000.0001)     ;
(PID.TID 0000.0001) momDissip_In_AB = /* put Dissipation Tendency in Adams-Bash. stepping */
(PID.TID 0000.0001)                   T
(PID.TID 0000.0001)     ;
(PID.TID 0000.0001) doAB_onGtGs = /* apply AB on Tendencies (rather than on T,S)*/
(PID.TID 0000.0001)                   T
(PID.TID 0000.0001)     ;
(PID.TID 0000.0001) abEps =   /* Adams-Bashforth-2 stabilizing weight */
(PID.TID 0000.0001)                 1.000000000000000E-02
(PID.TID 0000.0001)     ;
(PID.TID 0000.0001) applyExchUV_early = /* Apply EXCH to U,V earlier in time-step */
(PID.TID 0000.0001)                   F
(PID.TID 0000.0001)     ;
(PID.TID 0000.0001) pickupStrictlyMatch= /* stop if pickup do not strictly match */
(PID.TID 0000.0001)                   T
(PID.TID 0000.0001)     ;
(PID.TID 0000.0001) nIter0   =   /* Run starting timestep number */
(PID.TID 0000.0001)                 3111120
(PID.TID 0000.0001)     ;
(PID.TID 0000.0001) nTimeSteps = /* Number of timesteps */
(PID.TID 0000.0001)                     720
(PID.TID 0000.0001)     ;
(PID.TID 0000.0001) nEndIter =   /* Run ending timestep number */
(PID.TID 0000.0001)                 3111840
(PID.TID 0000.0001)     ;
(PID.TID 0000.0001) baseTime =   /* Model base time ( s ) */
(PID.TID 0000.0001)                 0.000000000000000E+00
(PID.TID 0000.0001)     ;
(PID.TID 0000.0001) startTime =  /* Run start time ( s ) */
(PID.TID 0000.0001)                 3.733344000000000E+09
(PID.TID 0000.0001)     ;
(PID.TID 0000.0001) endTime  =   /* Integration ending time ( s ) */
(PID.TID 0000.0001)                 3.734208000000000E+09
(PID.TID 0000.0001)     ;
(PID.TID 0000.0001) pChkPtFreq = /* Permanent restart/pickup file interval ( s ) */
(PID.TID 0000.0001)                 0.000000000000000E+00
(PID.TID 0000.0001)     ;
(PID.TID 0000.0001) chkPtFreq  = /* Rolling restart/pickup file interval ( s ) */
(PID.TID 0000.0001)                 0.000000000000000E+00
(PID.TID 0000.0001)     ;
(PID.TID 0000.0001) pickup_write_mdsio =   /* Model IO flag. */
(PID.TID 0000.0001)                   T
(PID.TID 0000.0001)     ;
(PID.TID 0000.0001) pickup_read_mdsio =   /* Model IO flag. */
(PID.TID 0000.0001)                   T
(PID.TID 0000.0001)     ;
(PID.TID 0000.0001) writePickupAtEnd =   /* Model IO flag. */
(PID.TID 0000.0001)                   T
(PID.TID 0000.0001)     ;
(PID.TID 0000.0001) dumpFreq =   /* Model state write out interval ( s ). */
(PID.TID 0000.0001)                 0.000000000000000E+00
(PID.TID 0000.0001)     ;
(PID.TID 0000.0001) dumpInitAndLast= /* write out Initial & Last iter. model state */
(PID.TID 0000.0001)                   T
(PID.TID 0000.0001)     ;
(PID.TID 0000.0001) snapshot_mdsio =   /* Model IO flag. */
(PID.TID 0000.0001)                   T
(PID.TID 0000.0001)     ;
(PID.TID 0000.0001) monitorFreq =   /* Monitor output interval ( s ). */
(PID.TID 0000.0001)                 2.592000000000000E+06
(PID.TID 0000.0001)     ;
(PID.TID 0000.0001) monitorSelect = /* select group of variables to monitor */
(PID.TID 0000.0001)                       2
(PID.TID 0000.0001)     ;
(PID.TID 0000.0001) monitor_stdio =   /* Model IO flag. */
(PID.TID 0000.0001)                   T
(PID.TID 0000.0001)     ;
(PID.TID 0000.0001) externForcingPeriod =   /* forcing period (s) */
(PID.TID 0000.0001)                 0.000000000000000E+00
(PID.TID 0000.0001)     ;
(PID.TID 0000.0001) externForcingCycle =   /* period of the cyle (s). */
(PID.TID 0000.0001)                 0.000000000000000E+00
(PID.TID 0000.0001)     ;
(PID.TID 0000.0001) tauThetaClimRelax =   /* relaxation time scale (s) */
(PID.TID 0000.0001)                 2.592000000000000E+06
(PID.TID 0000.0001)     ;
(PID.TID 0000.0001) tauSaltClimRelax =   /* relaxation time scale (s) */
(PID.TID 0000.0001)                 0.000000000000000E+00
(PID.TID 0000.0001)     ;
(PID.TID 0000.0001) latBandClimRelax =   /* max. Lat. where relaxation */
(PID.TID 0000.0001)                 1.800000000000000E+02
(PID.TID 0000.0001)     ;
(PID.TID 0000.0001) //
(PID.TID 0000.0001) // Gridding paramters ( PARM04 in namelist )
(PID.TID 0000.0001) //
(PID.TID 0000.0001) usingCartesianGrid = /* Cartesian coordinates flag ( True/False ) */
(PID.TID 0000.0001)                   F
(PID.TID 0000.0001)     ;
(PID.TID 0000.0001) usingCylindricalGrid = /* Cylindrical coordinates flag ( True/False ) */
(PID.TID 0000.0001)                   F
(PID.TID 0000.0001)     ;
(PID.TID 0000.0001) usingSphericalPolarGrid = /* Spherical coordinates flag ( True/False ) */
(PID.TID 0000.0001)                   T
(PID.TID 0000.0001)     ;
(PID.TID 0000.0001) usingCurvilinearGrid = /* Curvilinear coordinates flag ( True/False ) */
(PID.TID 0000.0001)                   F
(PID.TID 0000.0001)     ;
(PID.TID 0000.0001) useMin4hFacEdges = /* set hFacW,S as minimum of adjacent hFacC factor */
(PID.TID 0000.0001)                   F
(PID.TID 0000.0001)     ;
(PID.TID 0000.0001) interViscAr_pCell = /* account for partial-cell in interior vert. viscosity */
(PID.TID 0000.0001)                   F
(PID.TID 0000.0001)     ;
(PID.TID 0000.0001) interDiffKr_pCell = /* account for partial-cell in interior vert. diffusion */
(PID.TID 0000.0001)                   F
(PID.TID 0000.0001)     ;
(PID.TID 0000.0001) pCellMix_select = /* option to enhance mixing near surface & bottom */
(PID.TID 0000.0001)                       0
(PID.TID 0000.0001)     ;
(PID.TID 0000.0001) selectSigmaCoord = /* Hybrid-Sigma Vert. Coordinate option */
(PID.TID 0000.0001)                       0
(PID.TID 0000.0001)     ;
(PID.TID 0000.0001) rSigmaBnd = /* r/sigma transition ( units of r ==  m ) */
(PID.TID 0000.0001)                 1.234567000000000E+05
(PID.TID 0000.0001)     ;
(PID.TID 0000.0001) rkSign =   /* index orientation relative to vertical coordinate */
(PID.TID 0000.0001)                -1.000000000000000E+00
(PID.TID 0000.0001)     ;
(PID.TID 0000.0001) gravitySign = /* gravity orientation relative to vertical coordinate */
(PID.TID 0000.0001)                -1.000000000000000E+00
(PID.TID 0000.0001)     ;
(PID.TID 0000.0001) seaLev_Z =  /* reference height of sea-level [m] */
(PID.TID 0000.0001)                 0.000000000000000E+00
(PID.TID 0000.0001)     ;
(PID.TID 0000.0001) top_Pres =  /* reference pressure at the top [Pa] */
(PID.TID 0000.0001)                 0.000000000000000E+00
(PID.TID 0000.0001)     ;
(PID.TID 0000.0001) mass2rUnit = /* convert mass per unit area [kg/m2] to r-units [m] */
(PID.TID 0000.0001)                 1.000200040008002E-03
(PID.TID 0000.0001)     ;
(PID.TID 0000.0001) rUnit2mass = /* convert r-units [m] to mass per unit area [kg/m2] */
(PID.TID 0000.0001)                 9.998000000000000E+02
(PID.TID 0000.0001)     ;
(PID.TID 0000.0001) drC =   /* C spacing ( units of r ) */
(PID.TID 0000.0001)                 2.500000000000000E+01,      /* K =  1 */
(PID.TID 0000.0001)                 5.500000000000000E+01,      /* K =  2 */
(PID.TID 0000.0001)                 6.500000000000000E+01,      /* K =  3 */
(PID.TID 0000.0001)                 7.500000000000000E+01,      /* K =  4 */
(PID.TID 0000.0001)                 8.500000000000000E+01,      /* K =  5 */
(PID.TID 0000.0001)                 9.500000000000000E+01,      /* K =  6 */
(PID.TID 0000.0001)                 1.050000000000000E+02,      /* K =  7 */
(PID.TID 0000.0001)                 1.150000000000000E+02,      /* K =  8 */
(PID.TID 0000.0001)                 1.250000000000000E+02,      /* K =  9 */
(PID.TID 0000.0001)                 1.350000000000000E+02,      /* K = 10 */
(PID.TID 0000.0001)                 1.450000000000000E+02,      /* K = 11 */
(PID.TID 0000.0001)                 1.550000000000000E+02,      /* K = 12 */
(PID.TID 0000.0001)                 1.650000000000000E+02,      /* K = 13 */
(PID.TID 0000.0001)                 1.750000000000000E+02,      /* K = 14 */
(PID.TID 0000.0001)                 1.850000000000000E+02,      /* K = 15 */
(PID.TID 0000.0001)                 9.500000000000000E+01       /* K = 16 */
(PID.TID 0000.0001)     ;
(PID.TID 0000.0001) drF =   /* W spacing ( units of r ) */
(PID.TID 0000.0001)                 5.000000000000000E+01,      /* K =  1 */
(PID.TID 0000.0001)                 6.000000000000000E+01,      /* K =  2 */
(PID.TID 0000.0001)                 7.000000000000000E+01,      /* K =  3 */
(PID.TID 0000.0001)                 8.000000000000000E+01,      /* K =  4 */
(PID.TID 0000.0001)                 9.000000000000000E+01,      /* K =  5 */
(PID.TID 0000.0001)                 1.000000000000000E+02,      /* K =  6 */
(PID.TID 0000.0001)                 1.100000000000000E+02,      /* K =  7 */
(PID.TID 0000.0001)                 1.200000000000000E+02,      /* K =  8 */
(PID.TID 0000.0001)                 1.300000000000000E+02,      /* K =  9 */
(PID.TID 0000.0001)                 1.400000000000000E+02,      /* K = 10 */
(PID.TID 0000.0001)                 1.500000000000000E+02,      /* K = 11 */
(PID.TID 0000.0001)                 1.600000000000000E+02,      /* K = 12 */
(PID.TID 0000.0001)                 1.700000000000000E+02,      /* K = 13 */
(PID.TID 0000.0001)                 1.800000000000000E+02,      /* K = 14 */
(PID.TID 0000.0001)                 1.900000000000000E+02       /* K = 15 */
(PID.TID 0000.0001)     ;
(PID.TID 0000.0001) delX = /* U spacing ( m - cartesian, degrees - spherical ) */
(PID.TID 0000.0001)    62 @  1.000000000000000E+00              /* I =  1: 62 */
(PID.TID 0000.0001)     ;
(PID.TID 0000.0001) delY = /* V spacing ( m - cartesian, degrees - spherical ) */
(PID.TID 0000.0001)    62 @  1.000000000000000E+00              /* J =  1: 62 */
(PID.TID 0000.0001)     ;
(PID.TID 0000.0001) xgOrigin = /* X-axis origin of West  edge (cartesian: m, lat-lon: deg) */
(PID.TID 0000.0001)                -1.000000000000000E+00
(PID.TID 0000.0001)     ;
(PID.TID 0000.0001) ygOrigin = /* Y-axis origin of South edge (cartesian: m, lat-lon: deg) */
(PID.TID 0000.0001)                 1.400000000000000E+01
(PID.TID 0000.0001)     ;
(PID.TID 0000.0001) rSphere =  /* Radius ( ignored - cartesian, m - spherical ) */
(PID.TID 0000.0001)                 6.370000000000000E+06
(PID.TID 0000.0001)     ;
(PID.TID 0000.0001) deepAtmosphere = /* Deep/Shallow Atmosphere flag (True/False) */
(PID.TID 0000.0001)                   F
(PID.TID 0000.0001)     ;
(PID.TID 0000.0001) xC =  /* xC(:,1,:,1) : P-point X coord ( deg. or m if cartesian) */
(PID.TID 0000.0001)                -5.000000000000000E-01,      /* I =  1 */
(PID.TID 0000.0001)                 5.000000000000000E-01,      /* I =  2 */
(PID.TID 0000.0001)                 1.500000000000000E+00,      /* I =  3 */
(PID.TID 0000.0001)                 2.500000000000000E+00,      /* I =  4 */
(PID.TID 0000.0001)                 3.500000000000000E+00,      /* I =  5 */
(PID.TID 0000.0001)                 4.500000000000000E+00,      /* I =  6 */
(PID.TID 0000.0001)                 5.500000000000000E+00,      /* I =  7 */
(PID.TID 0000.0001)                 6.500000000000000E+00,      /* I =  8 */
(PID.TID 0000.0001)                 7.500000000000000E+00,      /* I =  9 */
(PID.TID 0000.0001)                 8.500000000000000E+00,      /* I = 10 */
(PID.TID 0000.0001)                 9.500000000000000E+00,      /* I = 11 */
(PID.TID 0000.0001)                 1.050000000000000E+01,      /* I = 12 */
(PID.TID 0000.0001)                 1.150000000000000E+01,      /* I = 13 */
(PID.TID 0000.0001)                 1.250000000000000E+01,      /* I = 14 */
(PID.TID 0000.0001)                 1.350000000000000E+01,      /* I = 15 */
(PID.TID 0000.0001)                 1.450000000000000E+01,      /* I = 16 */
(PID.TID 0000.0001)                 1.550000000000000E+01,      /* I = 17 */
(PID.TID 0000.0001)                 1.650000000000000E+01,      /* I = 18 */
(PID.TID 0000.0001)                 1.750000000000000E+01,      /* I = 19 */
(PID.TID 0000.0001)                 1.850000000000000E+01,      /* I = 20 */
(PID.TID 0000.0001)                 1.950000000000000E+01,      /* I = 21 */
(PID.TID 0000.0001)                 2.050000000000000E+01,      /* I = 22 */
(PID.TID 0000.0001)                 2.150000000000000E+01,      /* I = 23 */
(PID.TID 0000.0001)                 2.250000000000000E+01,      /* I = 24 */
(PID.TID 0000.0001)                 2.350000000000000E+01,      /* I = 25 */
(PID.TID 0000.0001)                 2.450000000000000E+01,      /* I = 26 */
(PID.TID 0000.0001)                 2.550000000000000E+01,      /* I = 27 */
(PID.TID 0000.0001)                 2.650000000000000E+01,      /* I = 28 */
(PID.TID 0000.0001)                 2.750000000000000E+01,      /* I = 29 */
(PID.TID 0000.0001)                 2.850000000000000E+01,      /* I = 30 */
(PID.TID 0000.0001)                 2.950000000000000E+01       /* I = 31 */
(PID.TID 0000.0001)     ;
(PID.TID 0000.0001) yC =  /* yC(1,:,1,:) : P-point Y coord ( deg. or m if cartesian) */
(PID.TID 0000.0001)                 1.450000000000000E+01,      /* J =  1 */
(PID.TID 0000.0001)                 1.550000000000000E+01,      /* J =  2 */
(PID.TID 0000.0001)                 1.650000000000000E+01,      /* J =  3 */
(PID.TID 0000.0001)                 1.750000000000000E+01,      /* J =  4 */
(PID.TID 0000.0001)                 1.850000000000000E+01,      /* J =  5 */
(PID.TID 0000.0001)                 1.950000000000000E+01,      /* J =  6 */
(PID.TID 0000.0001)                 2.050000000000000E+01,      /* J =  7 */
(PID.TID 0000.0001)                 2.150000000000000E+01,      /* J =  8 */
(PID.TID 0000.0001)                 2.250000000000000E+01,      /* J =  9 */
(PID.TID 0000.0001)                 2.350000000000000E+01,      /* J = 10 */
(PID.TID 0000.0001)                 2.450000000000000E+01,      /* J = 11 */
(PID.TID 0000.0001)                 2.550000000000000E+01,      /* J = 12 */
(PID.TID 0000.0001)                 2.650000000000000E+01,      /* J = 13 */
(PID.TID 0000.0001)                 2.750000000000000E+01,      /* J = 14 */
(PID.TID 0000.0001)                 2.850000000000000E+01,      /* J = 15 */
(PID.TID 0000.0001)                 2.950000000000000E+01,      /* J = 16 */
(PID.TID 0000.0001)                 3.050000000000000E+01,      /* J = 17 */
(PID.TID 0000.0001)                 3.150000000000000E+01,      /* J = 18 */
(PID.TID 0000.0001)                 3.250000000000000E+01,      /* J = 19 */
(PID.TID 0000.0001)                 3.350000000000000E+01,      /* J = 20 */
(PID.TID 0000.0001)                 3.450000000000000E+01,      /* J = 21 */
(PID.TID 0000.0001)                 3.550000000000000E+01,      /* J = 22 */
(PID.TID 0000.0001)                 3.650000000000000E+01,      /* J = 23 */
(PID.TID 0000.0001)                 3.750000000000000E+01,      /* J = 24 */
(PID.TID 0000.0001)                 3.850000000000000E+01,      /* J = 25 */
(PID.TID 0000.0001)                 3.950000000000000E+01,      /* J = 26 */
(PID.TID 0000.0001)                 4.050000000000000E+01,      /* J = 27 */
(PID.TID 0000.0001)                 4.150000000000000E+01,      /* J = 28 */
(PID.TID 0000.0001)                 4.250000000000000E+01,      /* J = 29 */
(PID.TID 0000.0001)                 4.350000000000000E+01,      /* J = 30 */
(PID.TID 0000.0001)                 4.450000000000000E+01       /* J = 31 */
(PID.TID 0000.0001)     ;
(PID.TID 0000.0001) rcoord = /* P-point R coordinate (  units of r ) */
(PID.TID 0000.0001)                -2.500000000000000E+01,      /* K =  1 */
(PID.TID 0000.0001)                -8.000000000000000E+01,      /* K =  2 */
(PID.TID 0000.0001)                -1.450000000000000E+02,      /* K =  3 */
(PID.TID 0000.0001)                -2.200000000000000E+02,      /* K =  4 */
(PID.TID 0000.0001)                -3.050000000000000E+02,      /* K =  5 */
(PID.TID 0000.0001)                -4.000000000000000E+02,      /* K =  6 */
(PID.TID 0000.0001)                -5.050000000000000E+02,      /* K =  7 */
(PID.TID 0000.0001)                -6.200000000000000E+02,      /* K =  8 */
(PID.TID 0000.0001)                -7.450000000000000E+02,      /* K =  9 */
(PID.TID 0000.0001)                -8.800000000000000E+02,      /* K = 10 */
(PID.TID 0000.0001)                -1.025000000000000E+03,      /* K = 11 */
(PID.TID 0000.0001)                -1.180000000000000E+03,      /* K = 12 */
(PID.TID 0000.0001)                -1.345000000000000E+03,      /* K = 13 */
(PID.TID 0000.0001)                -1.520000000000000E+03,      /* K = 14 */
(PID.TID 0000.0001)                -1.705000000000000E+03       /* K = 15 */
(PID.TID 0000.0001)     ;
(PID.TID 0000.0001) rF =   /* W-Interf. R coordinate (  units of r ) */
(PID.TID 0000.0001)                 0.000000000000000E+00,      /* K =  1 */
(PID.TID 0000.0001)                -5.000000000000000E+01,      /* K =  2 */
(PID.TID 0000.0001)                -1.100000000000000E+02,      /* K =  3 */
(PID.TID 0000.0001)                -1.800000000000000E+02,      /* K =  4 */
(PID.TID 0000.0001)                -2.600000000000000E+02,      /* K =  5 */
(PID.TID 0000.0001)                -3.500000000000000E+02,      /* K =  6 */
(PID.TID 0000.0001)                -4.500000000000000E+02,      /* K =  7 */
(PID.TID 0000.0001)                -5.600000000000000E+02,      /* K =  8 */
(PID.TID 0000.0001)                -6.800000000000000E+02,      /* K =  9 */
(PID.TID 0000.0001)                -8.100000000000000E+02,      /* K = 10 */
(PID.TID 0000.0001)                -9.500000000000000E+02,      /* K = 11 */
(PID.TID 0000.0001)                -1.100000000000000E+03,      /* K = 12 */
(PID.TID 0000.0001)                -1.260000000000000E+03,      /* K = 13 */
(PID.TID 0000.0001)                -1.430000000000000E+03,      /* K = 14 */
(PID.TID 0000.0001)                -1.610000000000000E+03,      /* K = 15 */
(PID.TID 0000.0001)                -1.800000000000000E+03       /* K = 16 */
(PID.TID 0000.0001)     ;
(PID.TID 0000.0001) deepFacC = /* deep-model grid factor @ cell-Center (-) */
(PID.TID 0000.0001)    15 @  1.000000000000000E+00              /* K =  1: 15 */
(PID.TID 0000.0001)     ;
(PID.TID 0000.0001) deepFacF = /* deep-model grid factor @ W-Interface (-) */
(PID.TID 0000.0001)    16 @  1.000000000000000E+00              /* K =  1: 16 */
(PID.TID 0000.0001)     ;
(PID.TID 0000.0001) rVel2wUnit = /* convert units: rVel -> wSpeed (=1 if z-coord)*/
(PID.TID 0000.0001)    16 @  1.000000000000000E+00              /* K =  1: 16 */
(PID.TID 0000.0001)     ;
(PID.TID 0000.0001) wUnit2rVel = /* convert units: wSpeed -> rVel (=1 if z-coord)*/
(PID.TID 0000.0001)    16 @  1.000000000000000E+00              /* K =  1: 16 */
(PID.TID 0000.0001)     ;
(PID.TID 0000.0001) dBdrRef = /* Vertical grad. of reference buoyancy [(m/s/r)^2] */
(PID.TID 0000.0001)                 0.000000000000000E+00,      /* K =  1 */
(PID.TID 0000.0001)                 1.070181818181818E-04,      /* K =  2 */
(PID.TID 0000.0001)                 9.055384615384615E-05,      /* K =  3 */
(PID.TID 0000.0001)                 7.848000000000002E-05,      /* K =  4 */
(PID.TID 0000.0001)                 6.924705882352942E-05,      /* K =  5 */
(PID.TID 0000.0001)                 6.195789473684211E-05,      /* K =  6 */
(PID.TID 0000.0001)                 3.737142857142858E-05,      /* K =  7 */
(PID.TID 0000.0001)                 3.412173913043479E-05,      /* K =  8 */
(PID.TID 0000.0001)                 3.139200000000000E-05,      /* K =  9 */
(PID.TID 0000.0001)                 2.906666666666667E-05,      /* K = 10 */
(PID.TID 0000.0001)                 1.353103448275862E-05,      /* K = 11 */
(PID.TID 0000.0001)                 1.265806451612903E-05,      /* K = 12 */
(PID.TID 0000.0001)                 1.189090909090909E-05,      /* K = 13 */
(PID.TID 0000.0001)                 1.121142857142857E-05,      /* K = 14 */
(PID.TID 0000.0001)                 1.060540540540541E-05       /* K = 15 */
(PID.TID 0000.0001)     ;
(PID.TID 0000.0001) rotateGrid = /* use rotated grid ( True/False ) */
(PID.TID 0000.0001)                   F
(PID.TID 0000.0001)     ;
(PID.TID 0000.0001) phiEuler = /* Euler angle, rotation about original z-coordinate [rad] */
(PID.TID 0000.0001)                 0.000000000000000E+00
(PID.TID 0000.0001)     ;
(PID.TID 0000.0001) thetaEuler = /* Euler angle, rotation about new x-coordinate [rad] */
(PID.TID 0000.0001)                 0.000000000000000E+00
(PID.TID 0000.0001)     ;
(PID.TID 0000.0001) psiEuler = /* Euler angle, rotation about new z-coordinate [rad] */
(PID.TID 0000.0001)                 0.000000000000000E+00
(PID.TID 0000.0001)     ;
(PID.TID 0000.0001) dxF =  /* dxF(:,1,:,1) ( units: m ) */
(PID.TID 0000.0001)    31 @  1.076362084889763E+05              /* I =  1: 31 */
(PID.TID 0000.0001)     ;
(PID.TID 0000.0001) dxF =  /* dxF(1,:,1,:) ( units: m ) */
(PID.TID 0000.0001)                 1.076362084889763E+05,      /* J =  1 */
(PID.TID 0000.0001)                 1.071339990328148E+05,      /* J =  2 */
(PID.TID 0000.0001)                 1.065991555227175E+05,      /* J =  3 */
(PID.TID 0000.0001)                 1.060318408771987E+05,      /* J =  4 */
(PID.TID 0000.0001)                 1.054322279057952E+05,      /* J =  5 */
(PID.TID 0000.0001)                 1.048004992564268E+05,      /* J =  6 */
(PID.TID 0000.0001)                 1.041368473597596E+05,      /* J =  7 */
(PID.TID 0000.0001)                 1.034414743705903E+05,      /* J =  8 */
(PID.TID 0000.0001)                 1.027145921062676E+05,      /* J =  9 */
(PID.TID 0000.0001)                 1.019564219821708E+05,      /* J = 10 */
(PID.TID 0000.0001)                 1.011671949442642E+05,      /* J = 11 */
(PID.TID 0000.0001)                 1.003471513987490E+05,      /* J = 12 */
(PID.TID 0000.0001)                 9.949654113883297E+04,      /* J = 13 */
(PID.TID 0000.0001)                 9.861562326864146E+04,      /* J = 14 */
(PID.TID 0000.0001)                 9.770466612429130E+04,      /* J = 15 */
(PID.TID 0000.0001)                 9.676394719215337E+04,      /* J = 16 */
(PID.TID 0000.0001)                 9.579375302432729E+04,      /* J = 17 */
(PID.TID 0000.0001)                 9.479437915135507E+04,      /* J = 18 */
(PID.TID 0000.0001)                 9.376612999219958E+04,      /* J = 19 */
(PID.TID 0000.0001)                 9.270931876151556E+04,      /* J = 20 */
(PID.TID 0000.0001)                 9.162426737424145E+04,      /* J = 21 */
(PID.TID 0000.0001)                 9.051130634754094E+04,      /* J = 22 */
(PID.TID 0000.0001)                 8.937077470012424E+04,      /* J = 23 */
(PID.TID 0000.0001)                 8.820301984897976E+04,      /* J = 24 */
(PID.TID 0000.0001)                 8.700839750354746E+04,      /* J = 25 */
(PID.TID 0000.0001)                 8.578727155736629E+04,      /* J = 26 */
(PID.TID 0000.0001)                 8.454001397722879E+04,      /* J = 27 */
(PID.TID 0000.0001)                 8.326700468987631E+04,      /* J = 28 */
(PID.TID 0000.0001)                 8.196863146626971E+04,      /* J = 29 */
(PID.TID 0000.0001)                 8.064528980347053E+04,      /* J = 30 */
(PID.TID 0000.0001)                 7.929738280416874E+04       /* J = 31 */
(PID.TID 0000.0001)     ;
(PID.TID 0000.0001) dyF =  /* dyF(:,1,:,1) ( units: m ) */
(PID.TID 0000.0001)    31 @  1.111774733520388E+05              /* I =  1: 31 */
(PID.TID 0000.0001)     ;
(PID.TID 0000.0001) dyF =  /* dyF(1,:,1,:) ( units: m ) */
(PID.TID 0000.0001)    31 @  1.111774733520388E+05              /* J =  1: 31 */
(PID.TID 0000.0001)     ;
(PID.TID 0000.0001) dxG =  /* dxG(:,1,:,1) ( units: m ) */
(PID.TID 0000.0001)    31 @  1.078750272516468E+05              /* I =  1: 31 */
(PID.TID 0000.0001)     ;
(PID.TID 0000.0001) dxG =  /* dxG(1,:,1,:) ( units: m ) */
(PID.TID 0000.0001)                 1.078750272516468E+05,      /* J =  1 */
(PID.TID 0000.0001)                 1.073891928122990E+05,      /* J =  2 */
(PID.TID 0000.0001)                 1.068706465845181E+05,      /* J =  3 */
(PID.TID 0000.0001)                 1.063195465225083E+05,      /* J =  4 */
(PID.TID 0000.0001)                 1.057360604966873E+05,      /* J =  5 */
(PID.TID 0000.0001)                 1.051203662425507E+05,      /* J =  6 */
(PID.TID 0000.0001)                 1.044726513065328E+05,      /* J =  7 */
(PID.TID 0000.0001)                 1.037931129888776E+05,      /* J =  8 */
(PID.TID 0000.0001)                 1.030819582835396E+05,      /* J =  9 */
(PID.TID 0000.0001)                 1.023394038151311E+05,      /* J = 10 */
(PID.TID 0000.0001)                 1.015656757729363E+05,      /* J = 11 */
(PID.TID 0000.0001)                 1.007610098420124E+05,      /* J = 12 */
(PID.TID 0000.0001)                 9.992565113139673E+04,      /* J = 13 */
(PID.TID 0000.0001)                 9.905985409944496E+04,      /* J = 14 */
(PID.TID 0000.0001)                 9.816388247632013E+04,      /* J = 15 */
(PID.TID 0000.0001)                 9.723800918365814E+04,      /* J = 16 */
(PID.TID 0000.0001)                 9.628251625143306E+04,      /* J = 17 */
(PID.TID 0000.0001)                 9.529769473204810E+04,      /* J = 18 */
(PID.TID 0000.0001)                 9.428384461167829E+04,      /* J = 19 */
(PID.TID 0000.0001)                 9.324127471889161E+04,      /* J = 20 */
(PID.TID 0000.0001)                 9.217030263057708E+04,      /* J = 21 */
(PID.TID 0000.0001)                 9.107125457520749E+04,      /* J = 22 */
(PID.TID 0000.0001)                 8.994446533346726E+04,      /* J = 23 */
(PID.TID 0000.0001)                 8.879027813627482E+04,      /* J = 24 */
(PID.TID 0000.0001)                 8.760904456023136E+04,      /* J = 25 */
(PID.TID 0000.0001)                 8.640112442052698E+04,      /* J = 26 */
(PID.TID 0000.0001)                 8.516688566133760E+04,      /* J = 27 */
(PID.TID 0000.0001)                 8.390670424374563E+04,      /* J = 28 */
(PID.TID 0000.0001)                 8.262096403121852E+04,      /* J = 29 */
(PID.TID 0000.0001)                 8.131005667268026E+04,      /* J = 30 */
(PID.TID 0000.0001)                 7.997438148321131E+04       /* J = 31 */
(PID.TID 0000.0001)     ;
(PID.TID 0000.0001) dyG =  /* dyG(:,1,:,1) ( units: m ) */
(PID.TID 0000.0001)    31 @  1.111774733520388E+05              /* I =  1: 31 */
(PID.TID 0000.0001)     ;
(PID.TID 0000.0001) dyG =  /* dyG(1,:,1,:) ( units: m ) */
(PID.TID 0000.0001)    31 @  1.111774733520388E+05              /* J =  1: 31 */
(PID.TID 0000.0001)     ;
(PID.TID 0000.0001) dxC =  /* dxC(:,1,:,1) ( units: m ) */
(PID.TID 0000.0001)    31 @  1.076362084889763E+05              /* I =  1: 31 */
(PID.TID 0000.0001)     ;
(PID.TID 0000.0001) dxC =  /* dxC(1,:,1,:) ( units: m ) */
(PID.TID 0000.0001)                 1.076362084889763E+05,      /* J =  1 */
(PID.TID 0000.0001)                 1.071339990328148E+05,      /* J =  2 */
(PID.TID 0000.0001)                 1.065991555227175E+05,      /* J =  3 */
(PID.TID 0000.0001)                 1.060318408771987E+05,      /* J =  4 */
(PID.TID 0000.0001)                 1.054322279057952E+05,      /* J =  5 */
(PID.TID 0000.0001)                 1.048004992564268E+05,      /* J =  6 */
(PID.TID 0000.0001)                 1.041368473597596E+05,      /* J =  7 */
(PID.TID 0000.0001)                 1.034414743705903E+05,      /* J =  8 */
(PID.TID 0000.0001)                 1.027145921062676E+05,      /* J =  9 */
(PID.TID 0000.0001)                 1.019564219821708E+05,      /* J = 10 */
(PID.TID 0000.0001)                 1.011671949442642E+05,      /* J = 11 */
(PID.TID 0000.0001)                 1.003471513987490E+05,      /* J = 12 */
(PID.TID 0000.0001)                 9.949654113883297E+04,      /* J = 13 */
(PID.TID 0000.0001)                 9.861562326864146E+04,      /* J = 14 */
(PID.TID 0000.0001)                 9.770466612429130E+04,      /* J = 15 */
(PID.TID 0000.0001)                 9.676394719215337E+04,      /* J = 16 */
(PID.TID 0000.0001)                 9.579375302432729E+04,      /* J = 17 */
(PID.TID 0000.0001)                 9.479437915135507E+04,      /* J = 18 */
(PID.TID 0000.0001)                 9.376612999219958E+04,      /* J = 19 */
(PID.TID 0000.0001)                 9.270931876151556E+04,      /* J = 20 */
(PID.TID 0000.0001)                 9.162426737424145E+04,      /* J = 21 */
(PID.TID 0000.0001)                 9.051130634754094E+04,      /* J = 22 */
(PID.TID 0000.0001)                 8.937077470012424E+04,      /* J = 23 */
(PID.TID 0000.0001)                 8.820301984897976E+04,      /* J = 24 */
(PID.TID 0000.0001)                 8.700839750354746E+04,      /* J = 25 */
(PID.TID 0000.0001)                 8.578727155736629E+04,      /* J = 26 */
(PID.TID 0000.0001)                 8.454001397722879E+04,      /* J = 27 */
(PID.TID 0000.0001)                 8.326700468987631E+04,      /* J = 28 */
(PID.TID 0000.0001)                 8.196863146626971E+04,      /* J = 29 */
(PID.TID 0000.0001)                 8.064528980347053E+04,      /* J = 30 */
(PID.TID 0000.0001)                 7.929738280416874E+04       /* J = 31 */
(PID.TID 0000.0001)     ;
(PID.TID 0000.0001) dyC =  /* dyC(:,1,:,1) ( units: m ) */
(PID.TID 0000.0001)    31 @  1.111774733520388E+05              /* I =  1: 31 */
(PID.TID 0000.0001)     ;
(PID.TID 0000.0001) dyC =  /* dyC(1,:,1,:) ( units: m ) */
(PID.TID 0000.0001)    31 @  1.111774733520388E+05              /* J =  1: 31 */
(PID.TID 0000.0001)     ;
(PID.TID 0000.0001) dxV =  /* dxV(:,1,:,1) ( units: m ) */
(PID.TID 0000.0001)    31 @  1.078750272516468E+05              /* I =  1: 31 */
(PID.TID 0000.0001)     ;
(PID.TID 0000.0001) dxV =  /* dxV(1,:,1,:) ( units: m ) */
(PID.TID 0000.0001)                 1.078750272516468E+05,      /* J =  1 */
(PID.TID 0000.0001)                 1.073891928122990E+05,      /* J =  2 */
(PID.TID 0000.0001)                 1.068706465845181E+05,      /* J =  3 */
(PID.TID 0000.0001)                 1.063195465225083E+05,      /* J =  4 */
(PID.TID 0000.0001)                 1.057360604966873E+05,      /* J =  5 */
(PID.TID 0000.0001)                 1.051203662425507E+05,      /* J =  6 */
(PID.TID 0000.0001)                 1.044726513065328E+05,      /* J =  7 */
(PID.TID 0000.0001)                 1.037931129888776E+05,      /* J =  8 */
(PID.TID 0000.0001)                 1.030819582835396E+05,      /* J =  9 */
(PID.TID 0000.0001)                 1.023394038151311E+05,      /* J = 10 */
(PID.TID 0000.0001)                 1.015656757729363E+05,      /* J = 11 */
(PID.TID 0000.0001)                 1.007610098420124E+05,      /* J = 12 */
(PID.TID 0000.0001)                 9.992565113139673E+04,      /* J = 13 */
(PID.TID 0000.0001)                 9.905985409944496E+04,      /* J = 14 */
(PID.TID 0000.0001)                 9.816388247632013E+04,      /* J = 15 */
(PID.TID 0000.0001)                 9.723800918365814E+04,      /* J = 16 */
(PID.TID 0000.0001)                 9.628251625143306E+04,      /* J = 17 */
(PID.TID 0000.0001)                 9.529769473204810E+04,      /* J = 18 */
(PID.TID 0000.0001)                 9.428384461167829E+04,      /* J = 19 */
(PID.TID 0000.0001)                 9.324127471889161E+04,      /* J = 20 */
(PID.TID 0000.0001)                 9.217030263057708E+04,      /* J = 21 */
(PID.TID 0000.0001)                 9.107125457520749E+04,      /* J = 22 */
(PID.TID 0000.0001)                 8.994446533346726E+04,      /* J = 23 */
(PID.TID 0000.0001)                 8.879027813627482E+04,      /* J = 24 */
(PID.TID 0000.0001)                 8.760904456023136E+04,      /* J = 25 */
(PID.TID 0000.0001)                 8.640112442052698E+04,      /* J = 26 */
(PID.TID 0000.0001)                 8.516688566133760E+04,      /* J = 27 */
(PID.TID 0000.0001)                 8.390670424374563E+04,      /* J = 28 */
(PID.TID 0000.0001)                 8.262096403121852E+04,      /* J = 29 */
(PID.TID 0000.0001)                 8.131005667268026E+04,      /* J = 30 */
(PID.TID 0000.0001)                 7.997438148321131E+04       /* J = 31 */
(PID.TID 0000.0001)     ;
(PID.TID 0000.0001) dyU =  /* dyU(:,1,:,1) ( units: m ) */
(PID.TID 0000.0001)    31 @  1.111774733520388E+05              /* I =  1: 31 */
(PID.TID 0000.0001)     ;
(PID.TID 0000.0001) dyU =  /* dyU(1,:,1,:) ( units: m ) */
(PID.TID 0000.0001)    31 @  1.111774733520388E+05              /* J =  1: 31 */
(PID.TID 0000.0001)     ;
(PID.TID 0000.0001) rA  =  /* rA (:,1,:,1) ( units: m^2 ) */
(PID.TID 0000.0001)    31 @  1.196656981524733E+10              /* I =  1: 31 */
(PID.TID 0000.0001)     ;
(PID.TID 0000.0001) rA  =  /* rA (1,:,1,:) ( units: m^2 ) */
(PID.TID 0000.0001)                 1.196656981524733E+10,      /* J =  1 */
(PID.TID 0000.0001)                 1.191073614548694E+10,      /* J =  2 */
(PID.TID 0000.0001)                 1.185127435011474E+10,      /* J =  3 */
(PID.TID 0000.0001)                 1.178820254176960E+10,      /* J =  4 */
(PID.TID 0000.0001)                 1.172153993273539E+10,      /* J =  5 */
(PID.TID 0000.0001)                 1.165130682908854E+10,      /* J =  6 */
(PID.TID 0000.0001)                 1.157752462451282E+10,      /* J =  7 */
(PID.TID 0000.0001)                 1.150021579378240E+10,      /* J =  8 */
(PID.TID 0000.0001)                 1.141940388591624E+10,      /* J =  9 */
(PID.TID 0000.0001)                 1.133511351700411E+10,      /* J = 10 */
(PID.TID 0000.0001)                 1.124737036270893E+10,      /* J = 11 */
(PID.TID 0000.0001)                 1.115620115044562E+10,      /* J = 12 */
(PID.TID 0000.0001)                 1.106163365123932E+10,      /* J = 13 */
(PID.TID 0000.0001)                 1.096369667126643E+10,      /* J = 14 */
(PID.TID 0000.0001)                 1.086242004307971E+10,      /* J = 15 */
(PID.TID 0000.0001)                 1.075783461652121E+10,      /* J = 16 */
(PID.TID 0000.0001)                 1.064997224932518E+10,      /* J = 17 */
(PID.TID 0000.0001)                 1.053886579741327E+10,      /* J = 18 */
(PID.TID 0000.0001)                 1.042454910488719E+10,      /* J = 19 */
(PID.TID 0000.0001)                 1.030705699371901E+10,      /* J = 20 */
(PID.TID 0000.0001)                 1.018642525314361E+10,      /* J = 21 */
(PID.TID 0000.0001)                 1.006269062875826E+10,      /* J = 22 */
(PID.TID 0000.0001)                 9.935890811327726E+09,      /* J = 23 */
(PID.TID 0000.0001)                 9.806064425305017E+09,      /* J = 24 */
(PID.TID 0000.0001)                 9.673251017064857E+09,      /* J = 25 */
(PID.TID 0000.0001)                 9.537491042857967E+09,      /* J = 26 */
(PID.TID 0000.0001)                 9.398825856487764E+09,      /* J = 27 */
(PID.TID 0000.0001)                 9.257297696713127E+09,      /* J = 28 */
(PID.TID 0000.0001)                 9.112949674382658E+09,      /* J = 29 */
(PID.TID 0000.0001)                 8.965825759302095E+09,      /* J = 30 */
(PID.TID 0000.0001)                 8.815970766841616E+09       /* J = 31 */
(PID.TID 0000.0001)     ;
(PID.TID 0000.0001) rAw =  /* rAw(:,1,:,1) ( units: m^2 ) */
(PID.TID 0000.0001)    31 @  1.196656981524733E+10              /* I =  1: 31 */
(PID.TID 0000.0001)     ;
(PID.TID 0000.0001) rAw =  /* rAw(1,:,1,:) ( units: m^2 ) */
(PID.TID 0000.0001)                 1.196656981524733E+10,      /* J =  1 */
(PID.TID 0000.0001)                 1.191073614548694E+10,      /* J =  2 */
(PID.TID 0000.0001)                 1.185127435011474E+10,      /* J =  3 */
(PID.TID 0000.0001)                 1.178820254176960E+10,      /* J =  4 */
(PID.TID 0000.0001)                 1.172153993273539E+10,      /* J =  5 */
(PID.TID 0000.0001)                 1.165130682908854E+10,      /* J =  6 */
(PID.TID 0000.0001)                 1.157752462451282E+10,      /* J =  7 */
(PID.TID 0000.0001)                 1.150021579378240E+10,      /* J =  8 */
(PID.TID 0000.0001)                 1.141940388591624E+10,      /* J =  9 */
(PID.TID 0000.0001)                 1.133511351700411E+10,      /* J = 10 */
(PID.TID 0000.0001)                 1.124737036270893E+10,      /* J = 11 */
(PID.TID 0000.0001)                 1.115620115044562E+10,      /* J = 12 */
(PID.TID 0000.0001)                 1.106163365123932E+10,      /* J = 13 */
(PID.TID 0000.0001)                 1.096369667126643E+10,      /* J = 14 */
(PID.TID 0000.0001)                 1.086242004307971E+10,      /* J = 15 */
(PID.TID 0000.0001)                 1.075783461652121E+10,      /* J = 16 */
(PID.TID 0000.0001)                 1.064997224932518E+10,      /* J = 17 */
(PID.TID 0000.0001)                 1.053886579741327E+10,      /* J = 18 */
(PID.TID 0000.0001)                 1.042454910488719E+10,      /* J = 19 */
(PID.TID 0000.0001)                 1.030705699371901E+10,      /* J = 20 */
(PID.TID 0000.0001)                 1.018642525314361E+10,      /* J = 21 */
(PID.TID 0000.0001)                 1.006269062875826E+10,      /* J = 22 */
(PID.TID 0000.0001)                 9.935890811327726E+09,      /* J = 23 */
(PID.TID 0000.0001)                 9.806064425305017E+09,      /* J = 24 */
(PID.TID 0000.0001)                 9.673251017064857E+09,      /* J = 25 */
(PID.TID 0000.0001)                 9.537491042857967E+09,      /* J = 26 */
(PID.TID 0000.0001)                 9.398825856487764E+09,      /* J = 27 */
(PID.TID 0000.0001)                 9.257297696713127E+09,      /* J = 28 */
(PID.TID 0000.0001)                 9.112949674382658E+09,      /* J = 29 */
(PID.TID 0000.0001)                 8.965825759302095E+09,      /* J = 30 */
(PID.TID 0000.0001)                 8.815970766841616E+09       /* J = 31 */
(PID.TID 0000.0001)     ;
(PID.TID 0000.0001) rAs =  /* rAs(:,1,:,1) ( units: m^2 ) */
(PID.TID 0000.0001)    31 @  1.199312074487231E+10              /* I =  1: 31 */
(PID.TID 0000.0001)     ;
(PID.TID 0000.0001) rAs =  /* rAs(1,:,1,:) ( units: m^2 ) */
(PID.TID 0000.0001)                 1.199312074487231E+10,      /* J =  1 */
(PID.TID 0000.0001)                 1.193910758500046E+10,      /* J =  2 */
(PID.TID 0000.0001)                 1.188145765730160E+10,      /* J =  3 */
(PID.TID 0000.0001)                 1.182018852250200E+10,      /* J =  4 */
(PID.TID 0000.0001)                 1.175531884377381E+10,      /* J =  5 */
(PID.TID 0000.0001)                 1.168686838104932E+10,      /* J =  6 */
(PID.TID 0000.0001)                 1.161485798500282E+10,      /* J =  7 */
(PID.TID 0000.0001)                 1.153930959069842E+10,      /* J =  8 */
(PID.TID 0000.0001)                 1.146024621090888E+10,      /* J =  9 */
(PID.TID 0000.0001)                 1.137769192910564E+10,      /* J = 10 */
(PID.TID 0000.0001)                 1.129167189212251E+10,      /* J = 11 */
(PID.TID 0000.0001)                 1.120221230249629E+10,      /* J = 12 */
(PID.TID 0000.0001)                 1.110934041048438E+10,      /* J = 13 */
(PID.TID 0000.0001)                 1.101308450576488E+10,      /* J = 14 */
(PID.TID 0000.0001)                 1.091347390881877E+10,      /* J = 15 */
(PID.TID 0000.0001)                 1.081053896199882E+10,      /* J = 16 */
(PID.TID 0000.0001)                 1.070431102028697E+10,      /* J = 17 */
(PID.TID 0000.0001)                 1.059482244174344E+10,      /* J = 18 */
(PID.TID 0000.0001)                 1.048210657764977E+10,      /* J = 19 */
(PID.TID 0000.0001)                 1.036619776235010E+10,      /* J = 20 */
(PID.TID 0000.0001)                 1.024713130279231E+10,      /* J = 21 */
(PID.TID 0000.0001)                 1.012494346777366E+10,      /* J = 22 */
(PID.TID 0000.0001)                 9.999671476892084E+09,      /* J = 23 */
(PID.TID 0000.0001)                 9.871353489209755E+09,      /* J = 24 */
(PID.TID 0000.0001)                 9.740028591628616E+09,      /* J = 25 */
(PID.TID 0000.0001)                 9.605736786984573E+09,      /* J = 26 */
(PID.TID 0000.0001)                 9.468518981862591E+09,      /* J = 27 */
(PID.TID 0000.0001)                 9.328416974134933E+09,      /* J = 28 */
(PID.TID 0000.0001)                 9.185473440230581E+09,      /* J = 29 */
(PID.TID 0000.0001)                 9.039731922134653E+09,      /* J = 30 */
(PID.TID 0000.0001)                 8.891236814125528E+09       /* J = 31 */
(PID.TID 0000.0001)     ;
(PID.TID 0000.0001) globalArea = /* Integrated horizontal Area (m^2) */
(PID.TID 0000.0001)                 3.004640278222630E+13
(PID.TID 0000.0001)     ;
(PID.TID 0000.0001) // =======================================================
(PID.TID 0000.0001) // End of Model config. summary
(PID.TID 0000.0001) // =======================================================
(PID.TID 0000.0001) 
(PID.TID 0000.0001) == Packages configuration : Check & print summary ==
(PID.TID 0000.0001) 
(PID.TID 0000.0001) CTRL_CHECK:  --> Starts to check CTRL set-up
(PID.TID 0000.0001) CTRL_CHECK:  <-- Ends Normally
(PID.TID 0000.0001) 
(PID.TID 0000.0001) COST_CHECK: #define ALLOW_COST
(PID.TID 0000.0001) GRDCHK_CHECK: grdchk package
(PID.TID 0000.0001) GAD_CHECK: #define ALLOW_GENERIC_ADVDIFF
(PID.TID 0000.0001) // =======================================================
(PID.TID 0000.0001) // Check Model config. (CONFIG_CHECK):
(PID.TID 0000.0001) // CONFIG_CHECK : Normal End
(PID.TID 0000.0001) // =======================================================
(PID.TID 0000.0001) 
(PID.TID 0000.0001)  nRecords = 108 ; filePrec =  64 ; fileIter =   3111120
(PID.TID 0000.0001)     nDims =   2 , dims:
(PID.TID 0000.0001)    1:  62   1  62
(PID.TID 0000.0001)    2:  62   1  62
(PID.TID 0000.0001)     nFlds =  10 , nFl3D =   7 , fields:
(PID.TID 0000.0001)  >Uvel    < >Vvel    < >Theta   < >Salt    < >GuNm1   < >GvNm1   < >GtNm1   < >EtaN    < >dEtaHdt < >EtaH    <
(PID.TID 0000.0001) missingVal=  1.00000000000000E+00 ; nTimRec =   1 , timeList:
(PID.TID 0000.0001)   3.733344000000E+09
(PID.TID 0000.0001) READ_MFLDS_3D_RL: read field: "Uvel    ", #   1 in fldList, rec=   1
(PID.TID 0000.0001) READ_MFLDS_3D_RL: read field: "Vvel    ", #   2 in fldList, rec=   2
(PID.TID 0000.0001) READ_MFLDS_3D_RL: read field: "Theta   ", #   3 in fldList, rec=   3
(PID.TID 0000.0001) READ_MFLDS_3D_RL: read field: "Salt    ", #   4 in fldList, rec=   4
(PID.TID 0000.0001) READ_MFLDS_3D_RL: read field: "GuNm1   ", #   5 in fldList, rec=   5
(PID.TID 0000.0001) READ_MFLDS_3D_RL: read field: "GvNm1   ", #   6 in fldList, rec=   6
(PID.TID 0000.0001) READ_MFLDS_3D_RL: read field: "GtNm1   ", #   7 in fldList, rec=   7
(PID.TID 0000.0001) READ_MFLDS_3D_RL: read field: "EtaN    ", #   8 in fldList, rec= 106
(PID.TID 0000.0001) READ_MFLDS_3D_RL: read field: "dEtaHdt ", #   9 in fldList, rec= 107
(PID.TID 0000.0001) READ_MFLDS_CHECK: - normal end ; reset MFLDS file-name: pickup.0003111120
(PID.TID 0000.0001) // =======================================================
(PID.TID 0000.0001) // Model current state
(PID.TID 0000.0001) // =======================================================
(PID.TID 0000.0001) 
(PID.TID 0000.0001) whio : write lev 3 rec   1
(PID.TID 0000.0001) SOLVE_FOR_PRESSURE: putPmEinXvector =    F
 cg2d: Sum(rhs),rhsMax =   8.52651282912120E-13  1.99900718163814E+00
 cg2d: Sum(rhs),rhsMax =   8.52651282912120E-13  1.99891722695224E+00
 cg2d: Sum(rhs),rhsMax =   6.11066752753686E-13  1.99882649327481E+00
 cg2d: Sum(rhs),rhsMax =   6.67910171614494E-13  1.99873498050766E+00
 cg2d: Sum(rhs),rhsMax =   3.97903932025656E-13  1.99864268858991E+00
 cg2d: Sum(rhs),rhsMax =   1.00897068477934E-12  1.99854961749930E+00
 cg2d: Sum(rhs),rhsMax =   2.55795384873636E-13  1.99845576725339E+00
 cg2d: Sum(rhs),rhsMax =   5.54223333892878E-13  1.99836113791048E+00
 cg2d: Sum(rhs),rhsMax =   5.82645043323282E-13  1.99826572957035E+00
 cg2d: Sum(rhs),rhsMax =   4.68958205601666E-13  1.99816954237474E+00
 cg2d: Sum(rhs),rhsMax =   1.09423581307055E-12  1.99807257650769E+00
 cg2d: Sum(rhs),rhsMax =   3.55271367880050E-13  1.99797483219560E+00
 cg2d: Sum(rhs),rhsMax =   9.66338120633736E-13  1.99787630970711E+00
 cg2d: Sum(rhs),rhsMax =   1.13686837721616E-12  1.99777700935274E+00
 cg2d: Sum(rhs),rhsMax =   5.11590769747272E-13  1.99767693148434E+00
 cg2d: Sum(rhs),rhsMax =   6.39488462184090E-13  1.99757607649431E+00
 cg2d: Sum(rhs),rhsMax =   9.94759830064140E-13  1.99747444481469E+00
 cg2d: Sum(rhs),rhsMax =   6.96331881044898E-13  1.99737203691594E+00
 cg2d: Sum(rhs),rhsMax =   4.54747350886464E-13  1.99726885330565E+00
 cg2d: Sum(rhs),rhsMax =   7.95807864051312E-13  1.99716489452704E+00
 cg2d: Sum(rhs),rhsMax =   3.55271367880050E-13  1.99706016115725E+00
 cg2d: Sum(rhs),rhsMax =   7.81597009336110E-13  1.99695465380556E+00
 cg2d: Sum(rhs),rhsMax =   1.10844666778576E-12  1.99684837311135E+00
 cg2d: Sum(rhs),rhsMax =   2.70006239588838E-13  1.99674131974214E+00
 cg2d: Sum(rhs),rhsMax =   2.84217094304040E-13  1.99663349439123E+00
 cg2d: Sum(rhs),rhsMax =   3.12638803734444E-13  1.99652489777555E+00
 cg2d: Sum(rhs),rhsMax =   5.68434188608080E-13  1.99641553063319E+00
 cg2d: Sum(rhs),rhsMax =   5.11590769747272E-13  1.99630539372093E+00
 cg2d: Sum(rhs),rhsMax =   2.55795384873636E-13  1.99619448781178E+00
 cg2d: Sum(rhs),rhsMax =   6.25277607468888E-13  1.99608281369242E+00
 cg2d: Sum(rhs),rhsMax =   6.39488462184090E-13  1.99597037216064E+00
 cg2d: Sum(rhs),rhsMax =   7.10542735760100E-13  1.99585716402272E+00
 cg2d: Sum(rhs),rhsMax =   5.54223333892878E-13  1.99574319009092E+00
 cg2d: Sum(rhs),rhsMax =   5.68434188608080E-13  1.99562845118092E+00
 cg2d: Sum(rhs),rhsMax =   8.81072992342524E-13  1.99551294810929E+00
 cg2d: Sum(rhs),rhsMax =   4.83169060316868E-13  1.99539668169088E+00
 cg2d: Sum(rhs),rhsMax =   3.69482222595252E-13  1.99527965273680E+00
 cg2d: Sum(rhs),rhsMax =   4.97379915032070E-13  1.99516186205195E+00
 cg2d: Sum(rhs),rhsMax =   7.95807864051312E-13  1.99504331043303E+00
 cg2d: Sum(rhs),rhsMax =   6.82121026329696E-13  1.99492399866624E+00
 cg2d: Sum(rhs),rhsMax =   9.37916411203332E-13  1.99480392752528E+00
 cg2d: Sum(rhs),rhsMax =   9.37916411203332E-13  1.99468309776942E+00
 cg2d: Sum(rhs),rhsMax =   1.16529008664656E-12  1.99456151014177E+00
 cg2d: Sum(rhs),rhsMax =   8.24229573481716E-13  1.99443916536788E+00
 cg2d: Sum(rhs),rhsMax =   9.09494701772928E-13  1.99431606415434E+00
 cg2d: Sum(rhs),rhsMax =   7.38964445190504E-13  1.99419220718756E+00
 cg2d: Sum(rhs),rhsMax =   6.39488462184090E-13  1.99406759513276E+00
 cg2d: Sum(rhs),rhsMax =   8.10018718766514E-13  1.99394222863304E+00
 cg2d: Sum(rhs),rhsMax =   8.66862137627322E-13  1.99381610830868E+00
 cg2d: Sum(rhs),rhsMax =   9.66338120633736E-13  1.99368923475662E+00
 cg2d: Sum(rhs),rhsMax =   1.70530256582424E-13  1.99356160855011E+00
 cg2d: Sum(rhs),rhsMax =   1.39266376208980E-12  1.99343323023857E+00
 cg2d: Sum(rhs),rhsMax =   8.10018718766514E-13  1.99330410034760E+00
 cg2d: Sum(rhs),rhsMax =   6.11066752753686E-13  1.99317421937922E+00
 cg2d: Sum(rhs),rhsMax =   2.98427949019242E-13  1.99304358781224E+00
 cg2d: Sum(rhs),rhsMax =   3.41060513164848E-13  1.99291220610284E+00
 cg2d: Sum(rhs),rhsMax =   6.96331881044898E-13  1.99278007468533E+00
 cg2d: Sum(rhs),rhsMax =   2.70006239588838E-13  1.99264719397298E+00
 cg2d: Sum(rhs),rhsMax =   4.12114786740858E-13  1.99251356435914E+00
 cg2d: Sum(rhs),rhsMax =   6.53699316899292E-13  1.99237918621845E+00
 cg2d: Sum(rhs),rhsMax =   3.83693077310454E-13  1.99224405990811E+00
 cg2d: Sum(rhs),rhsMax =   4.54747350886464E-13  1.99210818576945E+00
 cg2d: Sum(rhs),rhsMax =   8.38440428196918E-13  1.99197156412947E+00
 cg2d: Sum(rhs),rhsMax =   6.53699316899292E-13  1.99183419530260E+00
 cg2d: Sum(rhs),rhsMax =   3.55271367880050E-13  1.99169607959245E+00
 cg2d: Sum(rhs),rhsMax =   6.96331881044898E-13  1.99155721729375E+00
 cg2d: Sum(rhs),rhsMax =   7.10542735760100E-13  1.99141760869432E+00
 cg2d: Sum(rhs),rhsMax =  -1.56319401867222E-13  1.99127725407708E+00
 cg2d: Sum(rhs),rhsMax =   4.68958205601666E-13  1.99113615372214E+00
 cg2d: Sum(rhs),rhsMax =   8.38440428196918E-13  1.99099430790903E+00
 cg2d: Sum(rhs),rhsMax =   5.11590769747272E-13  1.99085171691864E+00
 cg2d: Sum(rhs),rhsMax =   7.95807864051312E-13  1.99070838103554E+00
 cg2d: Sum(rhs),rhsMax =   7.53175299905706E-13  1.99056430055011E+00
 cg2d: Sum(rhs),rhsMax =   3.41060513164848E-13  1.99041947576062E+00
 cg2d: Sum(rhs),rhsMax =   5.40012479177676E-13  1.99027390697541E+00
 cg2d: Sum(rhs),rhsMax =   8.24229573481716E-13  1.99012759451493E+00
 cg2d: Sum(rhs),rhsMax =   5.54223333892878E-13  1.98998053871379E+00
 cg2d: Sum(rhs),rhsMax =   6.67910171614494E-13  1.98983273992270E+00
 cg2d: Sum(rhs),rhsMax =   5.68434188608080E-13  1.98968419851034E+00
 cg2d: Sum(rhs),rhsMax =   9.09494701772928E-13  1.98953491486524E+00
 cg2d: Sum(rhs),rhsMax =   3.26849658449646E-13  1.98938488939739E+00
 cg2d: Sum(rhs),rhsMax =   5.96855898038484E-13  1.98923412253994E+00
 cg2d: Sum(rhs),rhsMax =   5.40012479177676E-13  1.98908261475059E+00
 cg2d: Sum(rhs),rhsMax =   5.11590769747272E-13  1.98893036651309E+00
 cg2d: Sum(rhs),rhsMax =   5.40012479177676E-13  1.98877737833834E+00
 cg2d: Sum(rhs),rhsMax =   7.10542735760100E-13  1.98862365076565E+00
 cg2d: Sum(rhs),rhsMax =   6.67910171614494E-13  1.98846918436362E+00
 cg2d: Sum(rhs),rhsMax =   5.82645043323282E-13  1.98831397973102E+00
 cg2d: Sum(rhs),rhsMax =   6.25277607468888E-13  1.98815803749745E+00
 cg2d: Sum(rhs),rhsMax =   3.55271367880050E-13  1.98800135832390E+00
 cg2d: Sum(rhs),rhsMax =   7.10542735760100E-13  1.98784394290315E+00
 cg2d: Sum(rhs),rhsMax =   8.24229573481716E-13  1.98768579195998E+00
 cg2d: Sum(rhs),rhsMax =   1.02318153949454E-12  1.98752690625132E+00
 cg2d: Sum(rhs),rhsMax =   4.26325641456060E-13  1.98736728656613E+00
 cg2d: Sum(rhs),rhsMax =   5.11590769747272E-13  1.98720693372519E+00
 cg2d: Sum(rhs),rhsMax =   9.80548975348938E-13  1.98704584858083E+00
 cg2d: Sum(rhs),rhsMax =   4.54747350886464E-13  1.98688403201639E+00
 cg2d: Sum(rhs),rhsMax =   9.66338120633736E-13  1.98672148494551E+00
 cg2d: Sum(rhs),rhsMax =   5.96855898038484E-13  1.98655820831149E+00
 cg2d: Sum(rhs),rhsMax =   8.10018718766514E-13  1.98639420308604E+00
 cg2d: Sum(rhs),rhsMax =   6.25277607468888E-13  1.98622947026891E+00
 cg2d: Sum(rhs),rhsMax =   5.40012479177676E-13  1.98606401088660E+00
 cg2d: Sum(rhs),rhsMax =   2.98427949019242E-13  1.98589782599121E+00
 cg2d: Sum(rhs),rhsMax =   5.54223333892878E-13  1.98573091665881E+00
 cg2d: Sum(rhs),rhsMax =   8.66862137627322E-13  1.98556328398809E+00
 cg2d: Sum(rhs),rhsMax =   3.69482222595252E-13  1.98539492909891E+00
 cg2d: Sum(rhs),rhsMax =   3.97903932025656E-13  1.98522585313069E+00
 cg2d: Sum(rhs),rhsMax =   6.53699316899292E-13  1.98505605724094E+00
 cg2d: Sum(rhs),rhsMax =   1.10844666778576E-12  1.98488554260359E+00
 cg2d: Sum(rhs),rhsMax =   3.69482222595252E-13  1.98471431040730E+00
 cg2d: Sum(rhs),rhsMax =   5.25801624462474E-13  1.98454236185374E+00
 cg2d: Sum(rhs),rhsMax =   3.41060513164848E-13  1.98436969815586E+00
 cg2d: Sum(rhs),rhsMax =   5.68434188608080E-13  1.98419632053615E+00
 cg2d: Sum(rhs),rhsMax =   9.94759830064140E-13  1.98402223022492E+00
 cg2d: Sum(rhs),rhsMax =   5.82645043323282E-13  1.98384742845855E+00
 cg2d: Sum(rhs),rhsMax =   8.81072992342524E-13  1.98367191647782E+00
 cg2d: Sum(rhs),rhsMax =   4.40536496171262E-13  1.98349569552624E+00
 cg2d: Sum(rhs),rhsMax =   5.40012479177676E-13  1.98331876684841E+00
 cg2d: Sum(rhs),rhsMax =   4.83169060316868E-13  1.98314113168852E+00
 cg2d: Sum(rhs),rhsMax =   4.97379915032070E-13  1.98296279128874E+00
 cg2d: Sum(rhs),rhsMax =   9.37916411203332E-13  1.98278374688791E+00
 cg2d: Sum(rhs),rhsMax =   8.38440428196918E-13  1.98260399972007E+00
 cg2d: Sum(rhs),rhsMax =   9.80548975348938E-13  1.98242355101325E+00
 cg2d: Sum(rhs),rhsMax =   9.52127265918534E-13  1.98224240198814E+00
 cg2d: Sum(rhs),rhsMax =   5.54223333892878E-13  1.98206055385717E+00
 cg2d: Sum(rhs),rhsMax =   9.66338120633736E-13  1.98187800782352E+00
 cg2d: Sum(rhs),rhsMax =   4.26325641456060E-13  1.98169476508028E+00
 cg2d: Sum(rhs),rhsMax =   1.17950094136177E-12  1.98151082680969E+00
 cg2d: Sum(rhs),rhsMax =   5.25801624462474E-13  1.98132619418227E+00
 cg2d: Sum(rhs),rhsMax =   5.82645043323282E-13  1.98114086835640E+00
 cg2d: Sum(rhs),rhsMax =   3.41060513164848E-13  1.98095485047781E+00
 cg2d: Sum(rhs),rhsMax =   5.68434188608080E-13  1.98076814167934E+00
 cg2d: Sum(rhs),rhsMax =   6.67910171614494E-13  1.98058074308075E+00
 cg2d: Sum(rhs),rhsMax =   9.09494701772928E-13  1.98039265578862E+00
 cg2d: Sum(rhs),rhsMax =   6.53699316899292E-13  1.98020388089648E+00
 cg2d: Sum(rhs),rhsMax =   5.25801624462474E-13  1.98001441948486E+00
 cg2d: Sum(rhs),rhsMax =   4.12114786740858E-13  1.97982427262168E+00
 cg2d: Sum(rhs),rhsMax =   1.98951966012828E-13  1.97963344136255E+00
 cg2d: Sum(rhs),rhsMax =   9.94759830064140E-13  1.97944192675129E+00
 cg2d: Sum(rhs),rhsMax =   9.09494701772928E-13  1.97924972982051E+00
 cg2d: Sum(rhs),rhsMax =   3.55271367880050E-13  1.97905685159232E+00
 cg2d: Sum(rhs),rhsMax =   5.11590769747272E-13  1.97886329307909E+00
 cg2d: Sum(rhs),rhsMax =   7.95807864051312E-13  1.97866905528434E+00
 cg2d: Sum(rhs),rhsMax =   3.41060513164848E-13  1.97847413920365E+00
 cg2d: Sum(rhs),rhsMax =   9.80548975348938E-13  1.97827854582572E+00
 cg2d: Sum(rhs),rhsMax =   5.25801624462474E-13  1.97808227613343E+00
 cg2d: Sum(rhs),rhsMax =   6.82121026329696E-13  1.97788533110499E+00
 cg2d: Sum(rhs),rhsMax =   6.96331881044898E-13  1.97768771171512E+00
 cg2d: Sum(rhs),rhsMax =   5.25801624462474E-13  1.97748941893637E+00
 cg2d: Sum(rhs),rhsMax =   5.82645043323282E-13  1.97729045374023E+00
 cg2d: Sum(rhs),rhsMax =   4.97379915032070E-13  1.97709081709860E+00
 cg2d: Sum(rhs),rhsMax =   5.40012479177676E-13  1.97689050998497E+00
 cg2d: Sum(rhs),rhsMax =   3.12638803734444E-13  1.97668953337581E+00
 cg2d: Sum(rhs),rhsMax =   4.68958205601666E-13  1.97648788825193E+00
 cg2d: Sum(rhs),rhsMax =   5.96855898038484E-13  1.97628557559974E+00
 cg2d: Sum(rhs),rhsMax =   8.66862137627322E-13  1.97608259641259E+00
 cg2d: Sum(rhs),rhsMax =   8.24229573481716E-13  1.97587895169206E+00
 cg2d: Sum(rhs),rhsMax =   7.67386154620908E-13  1.97567464244922E+00
 cg2d: Sum(rhs),rhsMax =   8.81072992342524E-13  1.97546966970587E+00
 cg2d: Sum(rhs),rhsMax =   6.96331881044898E-13  1.97526403449570E+00
 cg2d: Sum(rhs),rhsMax =   1.37845290737459E-12  1.97505773786539E+00
 cg2d: Sum(rhs),rhsMax =   3.55271367880050E-13  1.97485078087579E+00
 cg2d: Sum(rhs),rhsMax =   8.81072992342524E-13  1.97464316460279E+00
 cg2d: Sum(rhs),rhsMax =   2.27373675443232E-13  1.97443489013837E+00
 cg2d: Sum(rhs),rhsMax =   7.81597009336110E-13  1.97422595859144E+00
 cg2d: Sum(rhs),rhsMax =   4.97379915032070E-13  1.97401637108861E+00
 cg2d: Sum(rhs),rhsMax =   1.15107923193136E-12  1.97380612877493E+00
 cg2d: Sum(rhs),rhsMax =   8.95283847057726E-13  1.97359523281450E+00
 cg2d: Sum(rhs),rhsMax =   2.98427949019242E-13  1.97338368439104E+00
 cg2d: Sum(rhs),rhsMax =   7.67386154620908E-13  1.97317148470831E+00
 cg2d: Sum(rhs),rhsMax =   4.12114786740858E-13  1.97295863499044E+00
 cg2d: Sum(rhs),rhsMax =   6.96331881044898E-13  1.97274513648229E+00
 cg2d: Sum(rhs),rhsMax =   3.55271367880050E-13  1.97253099044952E+00
 cg2d: Sum(rhs),rhsMax =   9.66338120633736E-13  1.97231619817873E+00
 cg2d: Sum(rhs),rhsMax =   8.10018718766514E-13  1.97210076097736E+00
 cg2d: Sum(rhs),rhsMax =   9.52127265918534E-13  1.97188468017375E+00
 cg2d: Sum(rhs),rhsMax =   9.80548975348938E-13  1.97166795711670E+00
 cg2d: Sum(rhs),rhsMax =   7.38964445190504E-13  1.97145059317542E+00
 cg2d: Sum(rhs),rhsMax =   4.97379915032070E-13  1.97123258973895E+00
 cg2d: Sum(rhs),rhsMax =   8.95283847057726E-13  1.97101394821586E+00
 cg2d: Sum(rhs),rhsMax =   5.40012479177676E-13  1.97079467003358E+00
 cg2d: Sum(rhs),rhsMax =   4.97379915032070E-13  1.97057475663789E+00
 cg2d: Sum(rhs),rhsMax =   9.09494701772928E-13  1.97035420949216E+00
 cg2d: Sum(rhs),rhsMax =   9.66338120633736E-13  1.97013303007660E+00
 cg2d: Sum(rhs),rhsMax =   5.96855898038484E-13  1.96991121988750E+00
 cg2d: Sum(rhs),rhsMax =   4.68958205601666E-13  1.96968878043627E+00
 cg2d: Sum(rhs),rhsMax =   9.94759830064140E-13  1.96946571324857E+00
 cg2d: Sum(rhs),rhsMax =   1.17950094136177E-12  1.96924201986333E+00
 cg2d: Sum(rhs),rhsMax =   6.96331881044898E-13  1.96901770183170E+00
 cg2d: Sum(rhs),rhsMax =   6.53699316899292E-13  1.96879276071608E+00
 cg2d: Sum(rhs),rhsMax =   8.24229573481716E-13  1.96856719808902E+00
 cg2d: Sum(rhs),rhsMax =   3.55271367880050E-13  1.96834101553189E+00
 cg2d: Sum(rhs),rhsMax =   6.82121026329696E-13  1.96811421463408E+00
 cg2d: Sum(rhs),rhsMax =   7.10542735760100E-13  1.96788679699181E+00
 cg2d: Sum(rhs),rhsMax =   2.84217094304040E-13  1.96765876420699E+00
 cg2d: Sum(rhs),rhsMax =   9.80548975348938E-13  1.96743011788635E+00
 cg2d: Sum(rhs),rhsMax =   6.67910171614494E-13  1.96720085964019E+00
 cg2d: Sum(rhs),rhsMax =   7.10542735760100E-13  1.96697099108125E+00
 cg2d: Sum(rhs),rhsMax =   1.16529008664656E-12  1.96674051382352E+00
 cg2d: Sum(rhs),rhsMax =   7.24753590475302E-13  1.96650942948124E+00
 cg2d: Sum(rhs),rhsMax =   7.67386154620908E-13  1.96627773966782E+00
 cg2d: Sum(rhs),rhsMax =   6.67910171614494E-13  1.96604544599503E+00
 cg2d: Sum(rhs),rhsMax =   8.24229573481716E-13  1.96581255007208E+00
 cg2d: Sum(rhs),rhsMax =   6.82121026329696E-13  1.96557905350480E+00
 cg2d: Sum(rhs),rhsMax =   5.40012479177676E-13  1.96534495789490E+00
 cg2d: Sum(rhs),rhsMax =   6.82121026329696E-13  1.96511026483912E+00
 cg2d: Sum(rhs),rhsMax =   4.26325641456060E-13  1.96487497592866E+00
 cg2d: Sum(rhs),rhsMax =   8.38440428196918E-13  1.96463909274843E+00
 cg2d: Sum(rhs),rhsMax =   9.23705556488130E-13  1.96440261687654E+00
 cg2d: Sum(rhs),rhsMax =   6.96331881044898E-13  1.96416554988385E+00
 cg2d: Sum(rhs),rhsMax =   3.83693077310454E-13  1.96392789333350E+00
 cg2d: Sum(rhs),rhsMax =   7.10542735760100E-13  1.96368964878063E+00
 cg2d: Sum(rhs),rhsMax =   1.00897068477934E-12  1.96345081777201E+00
 cg2d: Sum(rhs),rhsMax =   9.80548975348938E-13  1.96321140184599E+00
 cg2d: Sum(rhs),rhsMax =   2.13162820728030E-13  1.96297140253227E+00
 cg2d: Sum(rhs),rhsMax =   2.84217094304040E-13  1.96273082135189E+00
 cg2d: Sum(rhs),rhsMax =   6.11066752753686E-13  1.96248965981730E+00
 cg2d: Sum(rhs),rhsMax =   1.56319401867222E-13  1.96224791943242E+00
 cg2d: Sum(rhs),rhsMax =   4.97379915032070E-13  1.96200560169281E+00
 cg2d: Sum(rhs),rhsMax =   6.53699316899292E-13  1.96176270808592E+00
 cg2d: Sum(rhs),rhsMax =   2.27373675443232E-13  1.96151924009144E+00
 cg2d: Sum(rhs),rhsMax =   6.25277607468888E-13  1.96127519918162E+00
 cg2d: Sum(rhs),rhsMax =   6.96331881044898E-13  1.96103058682175E+00
 cg2d: Sum(rhs),rhsMax =   8.66862137627322E-13  1.96078540447065E+00
 cg2d: Sum(rhs),rhsMax =   5.40012479177676E-13  1.96053965358120E+00
 cg2d: Sum(rhs),rhsMax =   3.83693077310454E-13  1.96029333560099E+00
 cg2d: Sum(rhs),rhsMax =   3.26849658449646E-13  1.96004645197293E+00
 cg2d: Sum(rhs),rhsMax =   5.11590769747272E-13  1.95979900413596E+00
 cg2d: Sum(rhs),rhsMax =   8.24229573481716E-13  1.95955099352574E+00
 cg2d: Sum(rhs),rhsMax =   4.40536496171262E-13  1.95930242157547E+00
 cg2d: Sum(rhs),rhsMax =   9.52127265918534E-13  1.95905328971658E+00
 cg2d: Sum(rhs),rhsMax =   5.82645043323282E-13  1.95880359937958E+00
 cg2d: Sum(rhs),rhsMax =   4.12114786740858E-13  1.95855335199488E+00
 cg2d: Sum(rhs),rhsMax =   7.24753590475302E-13  1.95830254899360E+00
 cg2d: Sum(rhs),rhsMax =   8.81072992342524E-13  1.95805119180838E+00
 cg2d: Sum(rhs),rhsMax =   8.10018718766514E-13  1.95779928187433E+00
 cg2d: Sum(rhs),rhsMax =   7.81597009336110E-13  1.95754682062979E+00
 cg2d: Sum(rhs),rhsMax =   2.84217094304040E-13  1.95729380951715E+00
 cg2d: Sum(rhs),rhsMax =   9.52127265918534E-13  1.95704024998382E+00
 cg2d: Sum(rhs),rhsMax =   7.67386154620908E-13  1.95678614348284E+00
 cg2d: Sum(rhs),rhsMax =   5.11590769747272E-13  1.95653149147391E+00
 cg2d: Sum(rhs),rhsMax =   1.16529008664656E-12  1.95627629542389E+00
 cg2d: Sum(rhs),rhsMax =   5.25801624462474E-13  1.95602055680779E+00
 cg2d: Sum(rhs),rhsMax =   5.25801624462474E-13  1.95576427710913E+00
 cg2d: Sum(rhs),rhsMax =   6.67910171614494E-13  1.95550745782000E+00
 cg2d: Sum(rhs),rhsMax =   3.97903932025656E-13  1.95525010044306E+00
 cg2d: Sum(rhs),rhsMax =   5.54223333892878E-13  1.95499220649196E+00
 cg2d: Sum(rhs),rhsMax =  -1.42108547152020E-14  1.95473377749184E+00
 cg2d: Sum(rhs),rhsMax =   6.25277607468888E-13  1.95447481497951E+00
 cg2d: Sum(rhs),rhsMax =   1.02318153949454E-12  1.95421532050339E+00
 cg2d: Sum(rhs),rhsMax =   9.23705556488130E-13  1.95395529562391E+00
 cg2d: Sum(rhs),rhsMax =   3.83693077310454E-13  1.95369474191388E+00
 cg2d: Sum(rhs),rhsMax =   4.83169060316868E-13  1.95343366095896E+00
 cg2d: Sum(rhs),rhsMax =   7.95807864051312E-13  1.95317205435795E+00
 cg2d: Sum(rhs),rhsMax =   8.24229573481716E-13  1.95290992372285E+00
 cg2d: Sum(rhs),rhsMax =   4.68958205601666E-13  1.95264727067904E+00
 cg2d: Sum(rhs),rhsMax =   1.05160324892495E-12  1.95238409686525E+00
 cg2d: Sum(rhs),rhsMax =   7.38964445190504E-13  1.95212040393353E+00
 cg2d: Sum(rhs),rhsMax =   4.54747350886464E-13  1.95185619354920E+00
 cg2d: Sum(rhs),rhsMax =   9.80548975348938E-13  1.95159146739067E+00
 cg2d: Sum(rhs),rhsMax =   2.27373675443232E-13  1.95132622714929E+00
 cg2d: Sum(rhs),rhsMax =   5.11590769747272E-13  1.95106047452911E+00
 cg2d: Sum(rhs),rhsMax =   5.68434188608080E-13  1.95079421124660E+00
 cg2d: Sum(rhs),rhsMax =   9.52127265918534E-13  1.95052743903028E+00
 cg2d: Sum(rhs),rhsMax =   3.97903932025656E-13  1.95026015962039E+00
 cg2d: Sum(rhs),rhsMax =   7.38964445190504E-13  1.94999237476839E+00
 cg2d: Sum(rhs),rhsMax =   3.83693077310454E-13  1.94972408623658E+00
 cg2d: Sum(rhs),rhsMax =   2.84217094304040E-13  1.94945529579752E+00
 cg2d: Sum(rhs),rhsMax =   4.40536496171262E-13  1.94918600523358E+00
 cg2d: Sum(rhs),rhsMax =   8.81072992342524E-13  1.94891621633629E+00
 cg2d: Sum(rhs),rhsMax =   4.97379915032070E-13  1.94864593090579E+00
 cg2d: Sum(rhs),rhsMax =   2.84217094304040E-13  1.94837515075023E+00
 cg2d: Sum(rhs),rhsMax =   1.27897692436818E-13  1.94810387768510E+00
 cg2d: Sum(rhs),rhsMax =   4.12114786740858E-13  1.94783211353261E+00
 cg2d: Sum(rhs),rhsMax =   9.23705556488130E-13  1.94755986012104E+00
 cg2d: Sum(rhs),rhsMax =   7.38964445190504E-13  1.94728711928404E+00
 cg2d: Sum(rhs),rhsMax =   6.67910171614494E-13  1.94701389286003E+00
 cg2d: Sum(rhs),rhsMax =   9.52127265918534E-13  1.94674018269146E+00
 cg2d: Sum(rhs),rhsMax =   4.54747350886464E-13  1.94646599062426E+00
 cg2d: Sum(rhs),rhsMax =   5.96855898038484E-13  1.94619131850707E+00
 cg2d: Sum(rhs),rhsMax =   6.53699316899292E-13  1.94591616819072E+00
 cg2d: Sum(rhs),rhsMax =   6.53699316899292E-13  1.94564054152754E+00
 cg2d: Sum(rhs),rhsMax =   6.67910171614494E-13  1.94536444037075E+00
 cg2d: Sum(rhs),rhsMax =   6.11066752753686E-13  1.94508786657396E+00
 cg2d: Sum(rhs),rhsMax =   8.10018718766514E-13  1.94481082199053E+00
 cg2d: Sum(rhs),rhsMax =  -1.42108547152020E-14  1.94453330847307E+00
 cg2d: Sum(rhs),rhsMax =  -4.26325641456060E-14  1.94425532787295E+00
 cg2d: Sum(rhs),rhsMax =   6.11066752753686E-13  1.94397688203985E+00
 cg2d: Sum(rhs),rhsMax =   8.66862137627322E-13  1.94369797282126E+00
 cg2d: Sum(rhs),rhsMax =   8.38440428196918E-13  1.94341860206214E+00
 cg2d: Sum(rhs),rhsMax =   7.24753590475302E-13  1.94313877160459E+00
 cg2d: Sum(rhs),rhsMax =   7.10542735760100E-13  1.94285848328739E+00
 cg2d: Sum(rhs),rhsMax =   2.84217094304040E-13  1.94257773894592E+00
 cg2d: Sum(rhs),rhsMax =   6.39488462184090E-13  1.94229654041174E+00
 cg2d: Sum(rhs),rhsMax =   6.53699316899292E-13  1.94201488951250E+00
 cg2d: Sum(rhs),rhsMax =   1.42108547152020E-13  1.94173278807173E+00
 cg2d: Sum(rhs),rhsMax =   5.11590769747272E-13  1.94145023790879E+00
 cg2d: Sum(rhs),rhsMax =   2.84217094304040E-13  1.94116724083870E+00
 cg2d: Sum(rhs),rhsMax =   4.83169060316868E-13  1.94088379867222E+00
 cg2d: Sum(rhs),rhsMax =   3.41060513164848E-13  1.94059991321575E+00
 cg2d: Sum(rhs),rhsMax =   4.26325641456060E-13  1.94031558627149E+00
 cg2d: Sum(rhs),rhsMax =   7.81597009336110E-13  1.94003081963746E+00
 cg2d: Sum(rhs),rhsMax =   8.52651282912120E-14  1.93974561510767E+00
 cg2d: Sum(rhs),rhsMax =   1.02318153949454E-12  1.93945997447226E+00
 cg2d: Sum(rhs),rhsMax =   5.11590769747272E-13  1.93917389951769E+00
 cg2d: Sum(rhs),rhsMax =   5.54223333892878E-13  1.93888739202708E+00
 cg2d: Sum(rhs),rhsMax =   7.81597009336110E-13  1.93860045378034E+00
 cg2d: Sum(rhs),rhsMax =   5.25801624462474E-13  1.93831308655456E+00
 cg2d: Sum(rhs),rhsMax =   4.12114786740858E-13  1.93802529212428E+00
 cg2d: Sum(rhs),rhsMax =   1.42108547152020E-13  1.93773707226191E+00
 cg2d: Sum(rhs),rhsMax =   3.83693077310454E-13  1.93744842873804E+00
 cg2d: Sum(rhs),rhsMax =   8.24229573481716E-13  1.93715936332187E+00
 cg2d: Sum(rhs),rhsMax =   9.09494701772928E-13  1.93686987778160E+00
 cg2d: Sum(rhs),rhsMax =   7.67386154620908E-13  1.93657997388481E+00
 cg2d: Sum(rhs),rhsMax =   1.84741111297626E-13  1.93628965339906E+00
 cg2d: Sum(rhs),rhsMax =   7.10542735760100E-13  1.93599891809210E+00
 cg2d: Sum(rhs),rhsMax =   6.11066752753686E-13  1.93570776973251E+00
 cg2d: Sum(rhs),rhsMax =   8.38440428196918E-13  1.93541621009003E+00
 cg2d: Sum(rhs),rhsMax =   5.25801624462474E-13  1.93512424093609E+00
 cg2d: Sum(rhs),rhsMax =   6.39488462184090E-13  1.93483186404424E+00
 cg2d: Sum(rhs),rhsMax =   1.00897068477934E-12  1.93453908119057E+00
 cg2d: Sum(rhs),rhsMax =   3.97903932025656E-13  1.93424589415416E+00
 cg2d: Sum(rhs),rhsMax =   4.83169060316868E-13  1.93395230471752E+00
 cg2d: Sum(rhs),rhsMax =   9.37916411203332E-13  1.93365831466701E+00
 cg2d: Sum(rhs),rhsMax =   3.83693077310454E-13  1.93336392579320E+00
 cg2d: Sum(rhs),rhsMax =   2.27373675443232E-13  1.93306913989130E+00
 cg2d: Sum(rhs),rhsMax =   1.09423581307055E-12  1.93277395876149E+00
 cg2d: Sum(rhs),rhsMax =   6.39488462184090E-13  1.93247838420931E+00
 cg2d: Sum(rhs),rhsMax =   6.39488462184090E-13  1.93218241804590E+00
 cg2d: Sum(rhs),rhsMax =   5.68434188608080E-13  1.93188606208839E+00
 cg2d: Sum(rhs),rhsMax =   8.38440428196918E-13  1.93158931816012E+00
 cg2d: Sum(rhs),rhsMax =   7.53175299905706E-13  1.93129218809088E+00
 cg2d: Sum(rhs),rhsMax =   1.27897692436818E-13  1.93099467371713E+00
 cg2d: Sum(rhs),rhsMax =   8.52651282912120E-13  1.93069677688223E+00
 cg2d: Sum(rhs),rhsMax =   9.52127265918534E-13  1.93039849943654E+00
 cg2d: Sum(rhs),rhsMax =   6.39488462184090E-13  1.93009984323759E+00
 cg2d: Sum(rhs),rhsMax =   6.67910171614494E-13  1.92980081015016E+00
 cg2d: Sum(rhs),rhsMax =   6.39488462184090E-13  1.92950140204634E+00
 cg2d: Sum(rhs),rhsMax =   5.25801624462474E-13  1.92920162080559E+00
 cg2d: Sum(rhs),rhsMax =   6.96331881044898E-13  1.92890146831472E+00
 cg2d: Sum(rhs),rhsMax =   2.98427949019242E-13  1.92860094646788E+00
 cg2d: Sum(rhs),rhsMax =   8.81072992342524E-13  1.92830005716652E+00
 cg2d: Sum(rhs),rhsMax =   6.11066752753686E-13  1.92799880231927E+00
 cg2d: Sum(rhs),rhsMax =   5.54223333892878E-13  1.92769718384186E+00
 cg2d: Sum(rhs),rhsMax =   6.67910171614494E-13  1.92739520365697E+00
 cg2d: Sum(rhs),rhsMax =   4.97379915032070E-13  1.92709286369405E+00
 cg2d: Sum(rhs),rhsMax =   5.68434188608080E-13  1.92687610148430E+00
 cg2d: Sum(rhs),rhsMax =   3.83693077310454E-13  1.92700113371436E+00
 cg2d: Sum(rhs),rhsMax =   4.68958205601666E-13  1.92712564506751E+00
 cg2d: Sum(rhs),rhsMax =   6.82121026329696E-13  1.92724963512089E+00
 cg2d: Sum(rhs),rhsMax =   6.96331881044898E-13  1.92737310345423E+00
 cg2d: Sum(rhs),rhsMax =   7.95807864051312E-13  1.92749604964945E+00
 cg2d: Sum(rhs),rhsMax =   6.67910171614494E-13  1.92761847329006E+00
 cg2d: Sum(rhs),rhsMax =   2.70006239588838E-13  1.92774037396074E+00
 cg2d: Sum(rhs),rhsMax =   3.97903932025656E-13  1.92786175124701E+00
 cg2d: Sum(rhs),rhsMax =   4.26325641456060E-13  1.92798260473467E+00
 cg2d: Sum(rhs),rhsMax =   5.68434188608080E-14  1.92810293400958E+00
 cg2d: Sum(rhs),rhsMax =   5.54223333892878E-13  1.92822273865721E+00
 cg2d: Sum(rhs),rhsMax =   8.52651282912120E-13  1.92834201826242E+00
 cg2d: Sum(rhs),rhsMax =   5.40012479177676E-13  1.92846077240915E+00
 cg2d: Sum(rhs),rhsMax =   4.12114786740858E-13  1.92857900068019E+00
 cg2d: Sum(rhs),rhsMax =   5.54223333892878E-13  1.92869670265704E+00
 cg2d: Sum(rhs),rhsMax =   3.41060513164848E-13  1.92881387791971E+00
 cg2d: Sum(rhs),rhsMax =   1.09423581307055E-12  1.92893052604666E+00
 cg2d: Sum(rhs),rhsMax =   3.12638803734444E-13  1.92904664661470E+00
 cg2d: Sum(rhs),rhsMax =   5.40012479177676E-13  1.92916223919901E+00
 cg2d: Sum(rhs),rhsMax =   2.98427949019242E-13  1.92927730337316E+00
 cg2d: Sum(rhs),rhsMax =   6.39488462184090E-13  1.92939183870915E+00
 cg2d: Sum(rhs),rhsMax =   4.97379915032070E-13  1.92950584477758E+00
 cg2d: Sum(rhs),rhsMax =   8.95283847057726E-13  1.92961932114758E+00
 cg2d: Sum(rhs),rhsMax =   8.95283847057726E-13  1.92973226738738E+00
 cg2d: Sum(rhs),rhsMax =   5.68434188608080E-13  1.92984468306405E+00
 cg2d: Sum(rhs),rhsMax =   2.98427949019242E-13  1.92995656774445E+00
 cg2d: Sum(rhs),rhsMax =   5.40012479177676E-13  1.93006792099529E+00
 cg2d: Sum(rhs),rhsMax =   6.39488462184090E-13  1.93017874238343E+00
 cg2d: Sum(rhs),rhsMax =   1.02318153949454E-12  1.93028903147606E+00
 cg2d: Sum(rhs),rhsMax =   4.97379915032070E-13  1.93039878784116E+00
 cg2d: Sum(rhs),rhsMax =   3.26849658449646E-13  1.93050801104787E+00
 cg2d: Sum(rhs),rhsMax =   6.67910171614494E-13  1.93061670066704E+00
 cg2d: Sum(rhs),rhsMax =   5.25801624462474E-13  1.93072485627181E+00
 cg2d: Sum(rhs),rhsMax =   2.27373675443232E-13  1.93083247743803E+00
 cg2d: Sum(rhs),rhsMax =   8.38440428196918E-13  1.93093956374486E+00
 cg2d: Sum(rhs),rhsMax =   7.67386154620908E-13  1.93104611477529E+00
 cg2d: Sum(rhs),rhsMax =   6.67910171614494E-13  1.93115213011663E+00
 cg2d: Sum(rhs),rhsMax =   1.22213350550737E-12  1.93125760936110E+00
 cg2d: Sum(rhs),rhsMax =   3.12638803734444E-13  1.93136255210162E+00
 cg2d: Sum(rhs),rhsMax =   3.97903932025656E-13  1.93146695794174E+00
 cg2d: Sum(rhs),rhsMax =   1.70530256582424E-13  1.93157082649017E+00
 cg2d: Sum(rhs),rhsMax =   4.26325641456060E-14  1.93167415737075E+00
 cg2d: Sum(rhs),rhsMax =   6.25277607468888E-13  1.93177695021354E+00
 cg2d: Sum(rhs),rhsMax =   1.09423581307055E-12  1.93187920465270E+00
 cg2d: Sum(rhs),rhsMax =   8.81072992342524E-13  1.93198092032812E+00
 cg2d: Sum(rhs),rhsMax =   6.25277607468888E-13  1.93208209688792E+00
 cg2d: Sum(rhs),rhsMax =   8.10018718766514E-13  1.93218273399017E+00
 cg2d: Sum(rhs),rhsMax =   3.55271367880050E-13  1.93228283130393E+00
 cg2d: Sum(rhs),rhsMax =   7.53175299905706E-13  1.93238238850931E+00
 cg2d: Sum(rhs),rhsMax =   7.81597009336110E-13  1.93248140529762E+00
 cg2d: Sum(rhs),rhsMax =   5.68434188608080E-13  1.93257988137149E+00
 cg2d: Sum(rhs),rhsMax =   6.39488462184090E-13  1.93267781644492E+00
 cg2d: Sum(rhs),rhsMax =   3.55271367880050E-13  1.93277521024356E+00
 cg2d: Sum(rhs),rhsMax =   7.67386154620908E-13  1.93287206250491E+00
 cg2d: Sum(rhs),rhsMax =   8.10018718766514E-13  1.93296837297858E+00
 cg2d: Sum(rhs),rhsMax =   8.81072992342524E-13  1.93306414142636E+00
 cg2d: Sum(rhs),rhsMax =   5.40012479177676E-13  1.93315936762238E+00
 cg2d: Sum(rhs),rhsMax =   4.54747350886464E-13  1.93325405135327E+00
 cg2d: Sum(rhs),rhsMax =   5.40012479177676E-13  1.93334819241804E+00
 cg2d: Sum(rhs),rhsMax =   5.40012479177676E-13  1.93344179062820E+00
 cg2d: Sum(rhs),rhsMax =   1.02318153949454E-12  1.93353484580756E+00
 cg2d: Sum(rhs),rhsMax =   4.26325641456060E-13  1.93362735779224E+00
 cg2d: Sum(rhs),rhsMax =   5.25801624462474E-13  1.93371932643040E+00
 cg2d: Sum(rhs),rhsMax =   8.95283847057726E-13  1.93381075158211E+00
 cg2d: Sum(rhs),rhsMax =   9.37916411203332E-13  1.93390163311906E+00
 cg2d: Sum(rhs),rhsMax =   7.38964445190504E-13  1.93399197092435E+00
 cg2d: Sum(rhs),rhsMax =   7.95807864051312E-13  1.93408176489211E+00
 cg2d: Sum(rhs),rhsMax =   5.54223333892878E-13  1.93417101492726E+00
 cg2d: Sum(rhs),rhsMax =   5.54223333892878E-13  1.93425972094508E+00
 cg2d: Sum(rhs),rhsMax =   6.25277607468888E-13  1.93434788287089E+00
 cg2d: Sum(rhs),rhsMax =   9.66338120633736E-13  1.93443550063950E+00
 cg2d: Sum(rhs),rhsMax =   5.25801624462474E-13  1.93452257419497E+00
 cg2d: Sum(rhs),rhsMax =   5.11590769747272E-13  1.93460910348989E+00
 cg2d: Sum(rhs),rhsMax =   3.12638803734444E-13  1.93469508848506E+00
 cg2d: Sum(rhs),rhsMax =   3.12638803734444E-13  1.93478052914887E+00
 cg2d: Sum(rhs),rhsMax =   9.94759830064140E-13  1.93486542545689E+00
 cg2d: Sum(rhs),rhsMax =   8.52651282912120E-13  1.93494977739110E+00
 cg2d: Sum(rhs),rhsMax =   3.55271367880050E-13  1.93503358493964E+00
 cg2d: Sum(rhs),rhsMax =   1.13686837721616E-13  1.93511684809590E+00
 cg2d: Sum(rhs),rhsMax =   9.94759830064140E-13  1.93519956685836E+00
 cg2d: Sum(rhs),rhsMax =   6.67910171614494E-13  1.93528174122961E+00
 cg2d: Sum(rhs),rhsMax =   8.24229573481716E-13  1.93536337121621E+00
 cg2d: Sum(rhs),rhsMax =   2.98427949019242E-13  1.93544445682779E+00
 cg2d: Sum(rhs),rhsMax =   3.97903932025656E-13  1.93552499796900E+00
 cg2d: Sum(rhs),rhsMax =   7.95807864051312E-13  1.93560499479069E+00
 cg2d: Sum(rhs),rhsMax =   1.27897692436818E-13  1.93568444737698E+00
 cg2d: Sum(rhs),rhsMax =   7.81597009336110E-13  1.93576335576302E+00
 cg2d: Sum(rhs),rhsMax =   5.40012479177676E-13  1.93584171998263E+00
 cg2d: Sum(rhs),rhsMax =   2.84217094304040E-14  1.93591954008288E+00
 cg2d: Sum(rhs),rhsMax =   6.53699316899292E-13  1.93599681612239E+00
 cg2d: Sum(rhs),rhsMax =   1.02318153949454E-12  1.93607354816512E+00
 cg2d: Sum(rhs),rhsMax =   9.23705556488130E-13  1.93614973627774E+00
 cg2d: Sum(rhs),rhsMax =   5.54223333892878E-13  1.93622538052791E+00
 cg2d: Sum(rhs),rhsMax =   2.27373675443232E-13  1.93630048098436E+00
 cg2d: Sum(rhs),rhsMax =   1.70530256582424E-13  1.93637503771553E+00
 cg2d: Sum(rhs),rhsMax =   4.97379915032070E-13  1.93644905078979E+00
 cg2d: Sum(rhs),rhsMax =   8.24229573481716E-13  1.93652251169385E+00
 cg2d: Sum(rhs),rhsMax =   1.08002495835535E-12  1.93659543359246E+00
 cg2d: Sum(rhs),rhsMax =   7.95807864051312E-13  1.93666781768051E+00
 cg2d: Sum(rhs),rhsMax =   1.08002495835535E-12  1.93673966201107E+00
 cg2d: Sum(rhs),rhsMax =   1.25055521493778E-12  1.93681096581305E+00
 cg2d: Sum(rhs),rhsMax =  -9.94759830064140E-14  1.93688172959505E+00
 cg2d: Sum(rhs),rhsMax =   5.54223333892878E-13  1.93695195439423E+00
 cg2d: Sum(rhs),rhsMax =   6.53699316899292E-13  1.93702164125369E+00
 cg2d: Sum(rhs),rhsMax =   4.83169060316868E-13  1.93709079108833E+00
 cg2d: Sum(rhs),rhsMax =  -5.68434188608080E-14  1.93715940471913E+00
 cg2d: Sum(rhs),rhsMax =   1.09423581307055E-12  1.93722748290715E+00
 cg2d: Sum(rhs),rhsMax =   1.27897692436818E-13  1.93729502636536E+00
 cg2d: Sum(rhs),rhsMax =   4.68958205601666E-13  1.93736203575613E+00
 cg2d: Sum(rhs),rhsMax =   6.67910171614494E-13  1.93742851169049E+00
 cg2d: Sum(rhs),rhsMax =   9.94759830064140E-13  1.93749445472399E+00
 cg2d: Sum(rhs),rhsMax =   7.38964445190504E-13  1.93755986535686E+00
 cg2d: Sum(rhs),rhsMax =   6.53699316899292E-13  1.93762474403071E+00
 cg2d: Sum(rhs),rhsMax =   7.38964445190504E-13  1.93768909113016E+00
 cg2d: Sum(rhs),rhsMax =   8.24229573481716E-13  1.93775290698057E+00
 cg2d: Sum(rhs),rhsMax =   8.52651282912120E-13  1.93781619185125E+00
 cg2d: Sum(rhs),rhsMax =   4.40536496171262E-13  1.93787894595389E+00
 cg2d: Sum(rhs),rhsMax =   5.68434188608080E-13  1.93794116944683E+00
 cg2d: Sum(rhs),rhsMax =   9.80548975348938E-13  1.93800286243341E+00
 cg2d: Sum(rhs),rhsMax =   5.11590769747272E-13  1.93806402496656E+00
 cg2d: Sum(rhs),rhsMax =  -1.42108547152020E-14  1.93812465704672E+00
 cg2d: Sum(rhs),rhsMax =   5.54223333892878E-13  1.93818475862697E+00
 cg2d: Sum(rhs),rhsMax =   6.11066752753686E-13  1.93824432961091E+00
 cg2d: Sum(rhs),rhsMax =   5.25801624462474E-13  1.93830336985914E+00
 cg2d: Sum(rhs),rhsMax =   1.12265752250096E-12  1.93836116343534E+00
 cg2d: Sum(rhs),rhsMax =   6.67910171614494E-13  1.93841858679415E+00
 cg2d: Sum(rhs),rhsMax =   5.25801624462474E-13  1.93847548289626E+00
 cg2d: Sum(rhs),rhsMax =   1.29318777908338E-12  1.93853178962154E+00
 cg2d: Sum(rhs),rhsMax =   5.40012479177676E-13  1.93858751051185E+00
 cg2d: Sum(rhs),rhsMax =   4.40536496171262E-13  1.93864264011163E+00
 cg2d: Sum(rhs),rhsMax =   9.37916411203332E-13  1.93869716729260E+00
 cg2d: Sum(rhs),rhsMax =   7.53175299905706E-13  1.93875108139117E+00
 cg2d: Sum(rhs),rhsMax =   8.66862137627322E-13  1.93880437252944E+00
 cg2d: Sum(rhs),rhsMax =   1.05160324892495E-12  1.93885703130016E+00
 cg2d: Sum(rhs),rhsMax =   8.24229573481716E-13  1.93890904881964E+00
 cg2d: Sum(rhs),rhsMax =   6.11066752753686E-13  1.93896041688417E+00
 cg2d: Sum(rhs),rhsMax =   5.54223333892878E-13  1.93901112805822E+00
 cg2d: Sum(rhs),rhsMax =   1.00897068477934E-12  1.93906117574886E+00
 cg2d: Sum(rhs),rhsMax =   3.97903932025656E-13  1.93911055423857E+00
 cg2d: Sum(rhs),rhsMax =   2.41584530158434E-13  1.93915925873645E+00
 cg2d: Sum(rhs),rhsMax =   2.70006239588838E-13  1.93920728539145E+00
 cg2d: Sum(rhs),rhsMax =   5.54223333892878E-13  1.93925463133149E+00
 cg2d: Sum(rhs),rhsMax =   6.82121026329696E-13  1.93930129465817E+00
 cg2d: Sum(rhs),rhsMax =   9.66338120633736E-13  1.93934727447466E+00
 cg2d: Sum(rhs),rhsMax =   8.24229573481716E-13  1.93939257086097E+00
 cg2d: Sum(rhs),rhsMax =   6.67910171614494E-13  1.93943718489079E+00
 cg2d: Sum(rhs),rhsMax =   7.67386154620908E-13  1.93948111858592E+00
 cg2d: Sum(rhs),rhsMax =   7.53175299905706E-13  1.93952437492326E+00
 cg2d: Sum(rhs),rhsMax =   8.38440428196918E-13  1.93956695776773E+00
 cg2d: Sum(rhs),rhsMax =   5.68434188608080E-13  1.93960887187230E+00
 cg2d: Sum(rhs),rhsMax =   6.25277607468888E-13  1.93965012279035E+00
 cg2d: Sum(rhs),rhsMax =   6.67910171614494E-13  1.93969071687276E+00
 cg2d: Sum(rhs),rhsMax =   5.96855898038484E-13  1.93973066116090E+00
 cg2d: Sum(rhs),rhsMax =   5.25801624462474E-13  1.93976996338456E+00
 cg2d: Sum(rhs),rhsMax =   3.83693077310454E-13  1.93980863183583E+00
 cg2d: Sum(rhs),rhsMax =   8.24229573481716E-13  1.93984667537096E+00
 cg2d: Sum(rhs),rhsMax =   5.96855898038484E-13  1.93988410326446E+00
 cg2d: Sum(rhs),rhsMax =   6.25277607468888E-13  1.93992092521800E+00
 cg2d: Sum(rhs),rhsMax =   4.68958205601666E-13  1.93995715119424E+00
 cg2d: Sum(rhs),rhsMax =   7.95807864051312E-13  1.93999279143648E+00
 cg2d: Sum(rhs),rhsMax =   6.53699316899292E-13  1.94002785628253E+00
 cg2d: Sum(rhs),rhsMax =   7.81597009336110E-13  1.94006235619946E+00
 cg2d: Sum(rhs),rhsMax =   7.38964445190504E-13  1.94009630157862E+00
 cg2d: Sum(rhs),rhsMax =   2.84217094304040E-13  1.94012970278949E+00
 cg2d: Sum(rhs),rhsMax =   1.84741111297626E-13  1.94016256995743E+00
 cg2d: Sum(rhs),rhsMax =   4.26325641456060E-13  1.94019491304034E+00
 cg2d: Sum(rhs),rhsMax =   3.41060513164848E-13  1.94022674159075E+00
 cg2d: Sum(rhs),rhsMax =   8.52651282912120E-13  1.94025806485796E+00
 cg2d: Sum(rhs),rhsMax =   3.83693077310454E-13  1.94028889153693E+00
 cg2d: Sum(rhs),rhsMax =   8.95283847057726E-13  1.94031922989731E+00
 cg2d: Sum(rhs),rhsMax =   5.82645043323282E-13  1.94034908752220E+00
 cg2d: Sum(rhs),rhsMax =   6.25277607468888E-13  1.94037847146433E+00
 cg2d: Sum(rhs),rhsMax =   3.12638803734444E-13  1.94040738797853E+00
 cg2d: Sum(rhs),rhsMax =   2.41584530158434E-13  1.94043584270412E+00
 cg2d: Sum(rhs),rhsMax =   9.23705556488130E-13  1.94046384039521E+00
 cg2d: Sum(rhs),rhsMax =   6.82121026329696E-13  1.94049138512743E+00
 cg2d: Sum(rhs),rhsMax =   8.52651282912120E-13  1.94051848003052E+00
 cg2d: Sum(rhs),rhsMax =   5.68434188608080E-13  1.94054512751653E+00
 cg2d: Sum(rhs),rhsMax =   3.97903932025656E-13  1.94057132901895E+00
 cg2d: Sum(rhs),rhsMax =   1.22213350550737E-12  1.94059708523934E+00
 cg2d: Sum(rhs),rhsMax =   1.05160324892495E-12  1.94062239589643E+00
 cg2d: Sum(rhs),rhsMax =   3.41060513164848E-13  1.94064725998815E+00
 cg2d: Sum(rhs),rhsMax =   1.42108547152020E-12  1.94067167555342E+00
 cg2d: Sum(rhs),rhsMax =   9.66338120633736E-13  1.94069563994651E+00
 cg2d: Sum(rhs),rhsMax =   8.24229573481716E-13  1.94071914961327E+00
 cg2d: Sum(rhs),rhsMax =   8.24229573481716E-13  1.94074220037518E+00
 cg2d: Sum(rhs),rhsMax =   4.54747350886464E-13  1.94076478722064E+00
 cg2d: Sum(rhs),rhsMax =   1.02318153949454E-12  1.94078690459617E+00
 cg2d: Sum(rhs),rhsMax =   1.30739863379858E-12  1.94080854621254E+00
 cg2d: Sum(rhs),rhsMax =   7.24753590475302E-13  1.94082970534094E+00
 cg2d: Sum(rhs),rhsMax =   6.67910171614494E-13  1.94085037463258E+00
 cg2d: Sum(rhs),rhsMax =   9.09494701772928E-13  1.94087054641802E+00
 cg2d: Sum(rhs),rhsMax =   7.10542735760100E-13  1.94089021253814E+00
 cg2d: Sum(rhs),rhsMax =   7.10542735760100E-13  1.94090936464498E+00
 cg2d: Sum(rhs),rhsMax =   7.10542735760100E-13  1.94092799404148E+00
 cg2d: Sum(rhs),rhsMax =   7.10542735760100E-13  1.94094609198245E+00
 cg2d: Sum(rhs),rhsMax =   5.54223333892878E-13  1.94096364951987E+00
 cg2d: Sum(rhs),rhsMax =   3.97903932025656E-13  1.94098065780312E+00
 cg2d: Sum(rhs),rhsMax =   7.81597009336110E-13  1.94099710792622E+00
 cg2d: Sum(rhs),rhsMax =   8.24229573481716E-13  1.94101299122661E+00
 cg2d: Sum(rhs),rhsMax =   7.95807864051312E-13  1.94102829913073E+00
 cg2d: Sum(rhs),rhsMax =   7.81597009336110E-13  1.94104302345069E+00
 cg2d: Sum(rhs),rhsMax =   9.80548975348938E-13  1.94105715622447E+00
 cg2d: Sum(rhs),rhsMax =   7.38964445190504E-13  1.94107069001026E+00
 cg2d: Sum(rhs),rhsMax =   1.16529008664656E-12  1.94108361771747E+00
 cg2d: Sum(rhs),rhsMax =   5.11590769747272E-13  1.94109593289848E+00
 cg2d: Sum(rhs),rhsMax =   7.24753590475302E-13  1.94110762956690E+00
 cg2d: Sum(rhs),rhsMax =   3.55271367880050E-13  1.94111870248684E+00
 cg2d: Sum(rhs),rhsMax =   2.70006239588838E-13  1.94112914697502E+00
 cg2d: Sum(rhs),rhsMax =   5.68434188608080E-13  1.94113895918766E+00
 cg2d: Sum(rhs),rhsMax =   1.56319401867222E-13  1.94114813590362E+00
 cg2d: Sum(rhs),rhsMax =   3.26849658449646E-13  1.94115667480914E+00
 cg2d: Sum(rhs),rhsMax =   3.12638803734444E-13  1.94116457425968E+00
 cg2d: Sum(rhs),rhsMax =   7.10542735760100E-14  1.94117183356294E+00
 cg2d: Sum(rhs),rhsMax =   4.40536496171262E-13  1.94117845271777E+00
 cg2d: Sum(rhs),rhsMax =   5.11590769747272E-13  1.94118443269579E+00
 cg2d: Sum(rhs),rhsMax =   6.11066752753686E-13  1.94118977515658E+00
 cg2d: Sum(rhs),rhsMax =   1.22213350550737E-12  1.94119448272845E+00
 cg2d: Sum(rhs),rhsMax =   6.25277607468888E-13  1.94119855869946E+00
 cg2d: Sum(rhs),rhsMax =   6.67910171614494E-13  1.94120200729824E+00
 cg2d: Sum(rhs),rhsMax =   3.12638803734444E-13  1.94120483336107E+00
 cg2d: Sum(rhs),rhsMax =   7.24753590475302E-13  1.94120704261354E+00
 cg2d: Sum(rhs),rhsMax =   7.24753590475302E-13  1.94120864131468E+00
 cg2d: Sum(rhs),rhsMax =   1.06581410364015E-12  1.94120963654010E+00
 cg2d: Sum(rhs),rhsMax =   8.95283847057726E-13  1.94121003580504E+00
 cg2d: Sum(rhs),rhsMax =   2.27373675443232E-13  1.94120984734949E+00
 cg2d: Sum(rhs),rhsMax =   1.10844666778576E-12  1.94120907974249E+00
 cg2d: Sum(rhs),rhsMax =   1.13686837721616E-12  1.94120774216975E+00
 cg2d: Sum(rhs),rhsMax =   9.37916411203332E-13  1.94120584402202E+00
 cg2d: Sum(rhs),rhsMax =   8.95283847057726E-13  1.94120339518581E+00
 cg2d: Sum(rhs),rhsMax =   8.81072992342524E-13  1.94120040561900E+00
 cg2d: Sum(rhs),rhsMax =   8.52651282912120E-13  1.94119688564505E+00
 cg2d: Sum(rhs),rhsMax =   1.10844666778576E-12  1.94119284551939E+00
 cg2d: Sum(rhs),rhsMax =   9.52127265918534E-13  1.94118829572765E+00
 cg2d: Sum(rhs),rhsMax =   8.38440428196918E-13  1.94118324654636E+00
 cg2d: Sum(rhs),rhsMax =   1.09423581307055E-12  1.94117770834563E+00
 cg2d: Sum(rhs),rhsMax =   1.05160324892495E-12  1.94117169114801E+00
 cg2d: Sum(rhs),rhsMax =   5.54223333892878E-13  1.94116520493582E+00
 cg2d: Sum(rhs),rhsMax =   1.06581410364015E-12  1.94115825921185E+00
 cg2d: Sum(rhs),rhsMax =   3.26849658449646E-13  1.94115086331163E+00
 cg2d: Sum(rhs),rhsMax =   4.40536496171262E-13  1.94114302596958E+00
 cg2d: Sum(rhs),rhsMax =   9.37916411203332E-13  1.94113475563624E+00
 cg2d: Sum(rhs),rhsMax =   6.39488462184090E-13  1.94112606005325E+00
 cg2d: Sum(rhs),rhsMax =   6.39488462184090E-13  1.94111694657550E+00
 cg2d: Sum(rhs),rhsMax =   3.41060513164848E-13  1.94110742175801E+00
 cg2d: Sum(rhs),rhsMax =   5.96855898038484E-13  1.94109749168279E+00
 cg2d: Sum(rhs),rhsMax =   6.11066752753686E-13  1.94108716156025E+00
 cg2d: Sum(rhs),rhsMax =   9.23705556488130E-13  1.94107643606052E+00
 cg2d: Sum(rhs),rhsMax =   2.84217094304040E-14  1.94106531893151E+00
 cg2d: Sum(rhs),rhsMax =   7.24753590475302E-13  1.94105381333430E+00
 cg2d: Sum(rhs),rhsMax =   9.37916411203332E-13  1.94104192147948E+00
 cg2d: Sum(rhs),rhsMax =   3.12638803734444E-13  1.94102964496613E+00
 cg2d: Sum(rhs),rhsMax =   7.10542735760100E-14  1.94101698443735E+00
 cg2d: Sum(rhs),rhsMax =   7.24753590475302E-13  1.94100393992248E+00
 cg2d: Sum(rhs),rhsMax =   7.67386154620908E-13  1.94099051051206E+00
 cg2d: Sum(rhs),rhsMax =   6.39488462184090E-13  1.94097669470278E+00
 cg2d: Sum(rhs),rhsMax =   4.97379915032070E-13  1.94096249009167E+00
 cg2d: Sum(rhs),rhsMax =   6.25277607468888E-13  1.94094789372318E+00
 cg2d: Sum(rhs),rhsMax =   3.83693077310454E-13  1.94093290180158E+00
 cg2d: Sum(rhs),rhsMax =   4.83169060316868E-13  1.94091751003989E+00
 cg2d: Sum(rhs),rhsMax =   7.10542735760100E-13  1.94090171338886E+00
 cg2d: Sum(rhs),rhsMax =   6.53699316899292E-13  1.94088550638725E+00
 cg2d: Sum(rhs),rhsMax =   5.68434188608080E-13  1.94086888290535E+00
 cg2d: Sum(rhs),rhsMax =  -1.27897692436818E-13  1.94085183649623E+00
 cg2d: Sum(rhs),rhsMax =   7.81597009336110E-13  1.94083436015121E+00
 cg2d: Sum(rhs),rhsMax =   8.95283847057726E-13  1.94081644665179E+00
 cg2d: Sum(rhs),rhsMax =   6.67910171614494E-13  1.94079808833404E+00
 cg2d: Sum(rhs),rhsMax =   2.55795384873636E-13  1.94077927744093E+00
 cg2d: Sum(rhs),rhsMax =   4.83169060316868E-13  1.94076000589250E+00
 cg2d: Sum(rhs),rhsMax =   6.25277607468888E-13  1.94074026563829E+00
 cg2d: Sum(rhs),rhsMax =   5.96855898038484E-13  1.94072004842983E+00
 cg2d: Sum(rhs),rhsMax =   4.54747350886464E-13  1.94069934617308E+00
 cg2d: Sum(rhs),rhsMax =   3.26849658449646E-13  1.94067815069971E+00
 cg2d: Sum(rhs),rhsMax =   2.98427949019242E-13  1.94065645411944E+00
 cg2d: Sum(rhs),rhsMax =   6.82121026329696E-13  1.94063424858662E+00
 cg2d: Sum(rhs),rhsMax =   1.06581410364015E-12  1.94061152665241E+00
 cg2d: Sum(rhs),rhsMax =   8.95283847057726E-13  1.94058828102344E+00
 cg2d: Sum(rhs),rhsMax =   8.95283847057726E-13  1.94056450491364E+00
 cg2d: Sum(rhs),rhsMax =   5.82645043323282E-13  1.94054019179215E+00
 cg2d: Sum(rhs),rhsMax =   5.54223333892878E-13  1.94051533573455E+00
 cg2d: Sum(rhs),rhsMax =   7.95807864051312E-13  1.94048993115748E+00
 cg2d: Sum(rhs),rhsMax =   6.67910171614494E-13  1.94046397316928E+00
 cg2d: Sum(rhs),rhsMax =   8.38440428196918E-13  1.94043745728888E+00
 cg2d: Sum(rhs),rhsMax =   8.10018718766514E-13  1.94041037979603E+00
 cg2d: Sum(rhs),rhsMax =   2.13162820728030E-13  1.94038273743277E+00
 cg2d: Sum(rhs),rhsMax =   7.53175299905706E-13  1.94035452775302E+00
 cg2d: Sum(rhs),rhsMax =   9.66338120633736E-13  1.94032574880570E+00
 cg2d: Sum(rhs),rhsMax =   1.98951966012828E-13  1.94029639948347E+00
 cg2d: Sum(rhs),rhsMax =   9.37916411203332E-13  1.94026647918693E+00
 cg2d: Sum(rhs),rhsMax =   6.96331881044898E-13  1.94023598817269E+00
 cg2d: Sum(rhs),rhsMax =   4.54747350886464E-13  1.94020492719833E+00
 cg2d: Sum(rhs),rhsMax =   1.98951966012828E-13  1.94017329786992E+00
 cg2d: Sum(rhs),rhsMax =   7.24753590475302E-13  1.94014110226852E+00
 cg2d: Sum(rhs),rhsMax =   4.68958205601666E-13  1.94010834329681E+00
 cg2d: Sum(rhs),rhsMax =   4.54747350886464E-13  1.94007502428838E+00
 cg2d: Sum(rhs),rhsMax =   4.26325641456060E-13  1.94004114935350E+00
 cg2d: Sum(rhs),rhsMax =   6.82121026329696E-13  1.94000672297286E+00
 cg2d: Sum(rhs),rhsMax =   4.26325641456060E-13  1.93997175034236E+00
 cg2d: Sum(rhs),rhsMax =   5.54223333892878E-13  1.93993623695353E+00
 cg2d: Sum(rhs),rhsMax =   5.68434188608080E-13  1.93990018893717E+00
 cg2d: Sum(rhs),rhsMax =   7.38964445190504E-13  1.93986361263304E+00
 cg2d: Sum(rhs),rhsMax =   8.10018718766514E-13  1.93982651493238E+00
 cg2d: Sum(rhs),rhsMax =   1.08002495835535E-12  1.93978890283956E+00
 cg2d: Sum(rhs),rhsMax =   6.96331881044898E-13  1.93975078381346E+00
 cg2d: Sum(rhs),rhsMax =   3.41060513164848E-13  1.93971216532422E+00
 cg2d: Sum(rhs),rhsMax =   7.67386154620908E-13  1.93967305519333E+00
 cg2d: Sum(rhs),rhsMax =   2.41584530158434E-13  1.93963346114863E+00
 cg2d: Sum(rhs),rhsMax =   3.26849658449646E-13  1.93959339116309E+00
 cg2d: Sum(rhs),rhsMax =   5.54223333892878E-13  1.93955285301135E+00
 cg2d: Sum(rhs),rhsMax =   8.10018718766514E-13  1.93951185460701E+00
 cg2d: Sum(rhs),rhsMax =   6.25277607468888E-13  1.93947040356383E+00
 cg2d: Sum(rhs),rhsMax =   3.97903932025656E-13  1.93942850753153E+00
 cg2d: Sum(rhs),rhsMax =   8.10018718766514E-13  1.93938617361860E+00
 cg2d: Sum(rhs),rhsMax =   7.95807864051312E-13  1.93934340883662E+00
 cg2d: Sum(rhs),rhsMax =   6.67910171614494E-13  1.93930022014124E+00
 cg2d: Sum(rhs),rhsMax =   2.84217094304040E-13  1.93925661436102E+00
 cg2d: Sum(rhs),rhsMax =   5.96855898038484E-13  1.93921259761512E+00
 cg2d: Sum(rhs),rhsMax =   9.09494701772928E-13  1.93916817564019E+00
 cg2d: Sum(rhs),rhsMax =   3.41060513164848E-13  1.93912335345817E+00
 cg2d: Sum(rhs),rhsMax =   6.82121026329696E-13  1.93907813582481E+00
 cg2d: Sum(rhs),rhsMax =   6.67910171614494E-13  1.93903252688647E+00
 cg2d: Sum(rhs),rhsMax =   7.67386154620908E-13  1.93898653050033E+00
 cg2d: Sum(rhs),rhsMax =   8.81072992342524E-13  1.93894014984249E+00
 cg2d: Sum(rhs),rhsMax =   2.98427949019242E-13  1.93889338772231E+00
 cg2d: Sum(rhs),rhsMax =   7.95807864051312E-13  1.93884624622784E+00
 cg2d: Sum(rhs),rhsMax =   6.96331881044898E-13  1.93879872705796E+00
 cg2d: Sum(rhs),rhsMax =   5.40012479177676E-13  1.93875082363296E+00
 cg2d: Sum(rhs),rhsMax =   6.25277607468888E-13  1.93870256236233E+00
 cg2d: Sum(rhs),rhsMax =   3.55271367880050E-13  1.93865391207221E+00
 cg2d: Sum(rhs),rhsMax =   5.54223333892878E-13  1.93860488608024E+00
 cg2d: Sum(rhs),rhsMax =   9.52127265918534E-13  1.93855548342025E+00
 cg2d: Sum(rhs),rhsMax =   0.00000000000000E+00  1.93850570164250E+00
 cg2d: Sum(rhs),rhsMax =   8.38440428196918E-13  1.93845553842316E+00
 cg2d: Sum(rhs),rhsMax =   6.39488462184090E-13  1.93840499133962E+00
 cg2d: Sum(rhs),rhsMax =   8.81072992342524E-13  1.93835405747830E+00
 cg2d: Sum(rhs),rhsMax =   5.68434188608080E-13  1.93830273367747E+00
 cg2d: Sum(rhs),rhsMax =   7.10542735760100E-13  1.93825101630977E+00
 cg2d: Sum(rhs),rhsMax =   3.69482222595252E-13  1.93819890155500E+00
 cg2d: Sum(rhs),rhsMax =   4.40536496171262E-13  1.93814638517246E+00
 cg2d: Sum(rhs),rhsMax =   3.12638803734444E-13  1.93809346281370E+00
 cg2d: Sum(rhs),rhsMax =   2.84217094304040E-13  1.93804012980312E+00
 cg2d: Sum(rhs),rhsMax =   3.26849658449646E-13  1.93798638146397E+00
 cg2d: Sum(rhs),rhsMax =   8.10018718766514E-13  1.93793221288328E+00
 cg2d: Sum(rhs),rhsMax =   3.26849658449646E-13  1.93787761923649E+00
 cg2d: Sum(rhs),rhsMax =   6.82121026329696E-13  1.93782258822243E+00
 cg2d: Sum(rhs),rhsMax =   3.83693077310454E-13  1.93776713996742E+00
 cg2d: Sum(rhs),rhsMax =   5.25801624462474E-13  1.93771123966278E+00
 cg2d: Sum(rhs),rhsMax =   9.23705556488130E-13  1.93765489590916E+00
 cg2d: Sum(rhs),rhsMax =   5.96855898038484E-13  1.93759810428791E+00
 cg2d: Sum(rhs),rhsMax =   6.25277607468888E-13  1.93754085955470E+00
 cg2d: Sum(rhs),rhsMax =   4.83169060316868E-13  1.93748315727473E+00
 cg2d: Sum(rhs),rhsMax =   9.37916411203332E-13  1.93742499362362E+00
 cg2d: Sum(rhs),rhsMax =   7.24753590475302E-13  1.93736636499413E+00
 cg2d: Sum(rhs),rhsMax =   5.82645043323282E-13  1.93730726823619E+00
 cg2d: Sum(rhs),rhsMax =   6.11066752753686E-13  1.93724770042251E+00
 cg2d: Sum(rhs),rhsMax =   6.96331881044898E-13  1.93718765912143E+00
 cg2d: Sum(rhs),rhsMax =   2.84217094304040E-14  1.93712714213695E+00
 cg2d: Sum(rhs),rhsMax =   1.06581410364015E-12  1.93706614782064E+00
 cg2d: Sum(rhs),rhsMax =   5.54223333892878E-13  1.93700467480182E+00
 cg2d: Sum(rhs),rhsMax =   5.11590769747272E-13  1.93694272230865E+00
 cg2d: Sum(rhs),rhsMax =   3.41060513164848E-13  1.93688028246543E+00
 cg2d: Sum(rhs),rhsMax =   6.53699316899292E-13  1.93681738062747E+00
 cg2d: Sum(rhs),rhsMax =   6.96331881044898E-13  1.93675398692552E+00
 cg2d: Sum(rhs),rhsMax =   9.94759830064140E-14  1.93669011589646E+00
 cg2d: Sum(rhs),rhsMax =   4.26325641456060E-13  1.93662576897564E+00
 cg2d: Sum(rhs),rhsMax =   4.83169060316868E-13  1.93656094710317E+00
 cg2d: Sum(rhs),rhsMax =   1.16529008664656E-12  1.93649565223587E+00
 cg2d: Sum(rhs),rhsMax =   4.83169060316868E-13  1.93642988709564E+00
 cg2d: Sum(rhs),rhsMax =   1.05160324892495E-12  1.93636365470939E+00
 cg2d: Sum(rhs),rhsMax =   2.84217094304040E-13  1.93629695861591E+00
 cg2d: Sum(rhs),rhsMax =   8.24229573481716E-13  1.93622980255955E+00
 cg2d: Sum(rhs),rhsMax =   3.55271367880050E-13  1.93616219073123E+00
 cg2d: Sum(rhs),rhsMax =   7.67386154620908E-13  1.93609412744432E+00
(PID.TID 0000.0001) %CHECKPOINT   3111840 ckptA
(PID.TID 0000.0001)   early fc =  0.000000000000000D+00
 --> objf_test(bi,bj)        =  0.189842662879398D+00
(PID.TID 0000.0001)   local fc =  0.189842662879398D+00
(PID.TID 0000.0001)  global fc =  0.322547974637434D+00
(PID.TID 0000.0001) whio : write lev 2 rec   1
(PID.TID 0000.0001) SOLVE_FOR_PRESSURE: putPmEinXvector =    F
 cg2d: Sum(rhs),rhsMax =   8.52651282912120E-13  1.99900718163814E+00
 cg2d: Sum(rhs),rhsMax =   8.52651282912120E-13  1.99891722695224E+00
 cg2d: Sum(rhs),rhsMax =   6.11066752753686E-13  1.99882649327481E+00
 cg2d: Sum(rhs),rhsMax =   6.67910171614494E-13  1.99873498050766E+00
 cg2d: Sum(rhs),rhsMax =   3.97903932025656E-13  1.99864268858991E+00
 cg2d: Sum(rhs),rhsMax =   1.00897068477934E-12  1.99854961749930E+00
 cg2d: Sum(rhs),rhsMax =   2.55795384873636E-13  1.99845576725339E+00
 cg2d: Sum(rhs),rhsMax =   5.54223333892878E-13  1.99836113791048E+00
 cg2d: Sum(rhs),rhsMax =   5.82645043323282E-13  1.99826572957035E+00
 cg2d: Sum(rhs),rhsMax =   4.68958205601666E-13  1.99816954237474E+00
 cg2d: Sum(rhs),rhsMax =   1.09423581307055E-12  1.99807257650769E+00
 cg2d: Sum(rhs),rhsMax =   3.55271367880050E-13  1.99797483219560E+00
 cg2d: Sum(rhs),rhsMax =   9.66338120633736E-13  1.99787630970711E+00
 cg2d: Sum(rhs),rhsMax =   1.13686837721616E-12  1.99777700935274E+00
 cg2d: Sum(rhs),rhsMax =   5.11590769747272E-13  1.99767693148434E+00
 cg2d: Sum(rhs),rhsMax =   6.39488462184090E-13  1.99757607649431E+00
 cg2d: Sum(rhs),rhsMax =   9.94759830064140E-13  1.99747444481469E+00
 cg2d: Sum(rhs),rhsMax =   6.96331881044898E-13  1.99737203691594E+00
 cg2d: Sum(rhs),rhsMax =   4.54747350886464E-13  1.99726885330565E+00
 cg2d: Sum(rhs),rhsMax =   7.95807864051312E-13  1.99716489452704E+00
 cg2d: Sum(rhs),rhsMax =   3.55271367880050E-13  1.99706016115725E+00
 cg2d: Sum(rhs),rhsMax =   7.81597009336110E-13  1.99695465380556E+00
 cg2d: Sum(rhs),rhsMax =   1.10844666778576E-12  1.99684837311135E+00
 cg2d: Sum(rhs),rhsMax =   2.70006239588838E-13  1.99674131974214E+00
 cg2d: Sum(rhs),rhsMax =   2.84217094304040E-13  1.99663349439123E+00
 cg2d: Sum(rhs),rhsMax =   3.12638803734444E-13  1.99652489777555E+00
 cg2d: Sum(rhs),rhsMax =   5.68434188608080E-13  1.99641553063319E+00
 cg2d: Sum(rhs),rhsMax =   5.11590769747272E-13  1.99630539372093E+00
 cg2d: Sum(rhs),rhsMax =   2.55795384873636E-13  1.99619448781178E+00
 cg2d: Sum(rhs),rhsMax =   6.25277607468888E-13  1.99608281369242E+00
 cg2d: Sum(rhs),rhsMax =   6.39488462184090E-13  1.99597037216064E+00
 cg2d: Sum(rhs),rhsMax =   7.10542735760100E-13  1.99585716402272E+00
 cg2d: Sum(rhs),rhsMax =   5.54223333892878E-13  1.99574319009092E+00
 cg2d: Sum(rhs),rhsMax =   5.68434188608080E-13  1.99562845118092E+00
 cg2d: Sum(rhs),rhsMax =   8.81072992342524E-13  1.99551294810929E+00
 cg2d: Sum(rhs),rhsMax =   4.83169060316868E-13  1.99539668169088E+00
 cg2d: Sum(rhs),rhsMax =   3.69482222595252E-13  1.99527965273680E+00
 cg2d: Sum(rhs),rhsMax =   4.97379915032070E-13  1.99516186205195E+00
 cg2d: Sum(rhs),rhsMax =   7.95807864051312E-13  1.99504331043303E+00
 cg2d: Sum(rhs),rhsMax =   6.82121026329696E-13  1.99492399866624E+00
 cg2d: Sum(rhs),rhsMax =   9.37916411203332E-13  1.99480392752528E+00
 cg2d: Sum(rhs),rhsMax =   9.37916411203332E-13  1.99468309776942E+00
 cg2d: Sum(rhs),rhsMax =   1.16529008664656E-12  1.99456151014177E+00
 cg2d: Sum(rhs),rhsMax =   8.24229573481716E-13  1.99443916536788E+00
 cg2d: Sum(rhs),rhsMax =   9.09494701772928E-13  1.99431606415434E+00
 cg2d: Sum(rhs),rhsMax =   7.38964445190504E-13  1.99419220718756E+00
 cg2d: Sum(rhs),rhsMax =   6.39488462184090E-13  1.99406759513276E+00
 cg2d: Sum(rhs),rhsMax =   8.10018718766514E-13  1.99394222863304E+00
 cg2d: Sum(rhs),rhsMax =   8.66862137627322E-13  1.99381610830868E+00
 cg2d: Sum(rhs),rhsMax =   9.66338120633736E-13  1.99368923475662E+00
 cg2d: Sum(rhs),rhsMax =   1.70530256582424E-13  1.99356160855011E+00
 cg2d: Sum(rhs),rhsMax =   1.39266376208980E-12  1.99343323023857E+00
 cg2d: Sum(rhs),rhsMax =   8.10018718766514E-13  1.99330410034760E+00
 cg2d: Sum(rhs),rhsMax =   6.11066752753686E-13  1.99317421937922E+00
 cg2d: Sum(rhs),rhsMax =   2.98427949019242E-13  1.99304358781224E+00
 cg2d: Sum(rhs),rhsMax =   3.41060513164848E-13  1.99291220610284E+00
 cg2d: Sum(rhs),rhsMax =   6.96331881044898E-13  1.99278007468533E+00
 cg2d: Sum(rhs),rhsMax =   2.70006239588838E-13  1.99264719397298E+00
 cg2d: Sum(rhs),rhsMax =   4.12114786740858E-13  1.99251356435914E+00
 cg2d: Sum(rhs),rhsMax =   6.53699316899292E-13  1.99237918621845E+00
 cg2d: Sum(rhs),rhsMax =   3.83693077310454E-13  1.99224405990811E+00
 cg2d: Sum(rhs),rhsMax =   4.54747350886464E-13  1.99210818576945E+00
 cg2d: Sum(rhs),rhsMax =   8.38440428196918E-13  1.99197156412947E+00
 cg2d: Sum(rhs),rhsMax =   6.53699316899292E-13  1.99183419530260E+00
 cg2d: Sum(rhs),rhsMax =   3.55271367880050E-13  1.99169607959245E+00
 cg2d: Sum(rhs),rhsMax =   6.96331881044898E-13  1.99155721729375E+00
 cg2d: Sum(rhs),rhsMax =   7.10542735760100E-13  1.99141760869432E+00
 cg2d: Sum(rhs),rhsMax =  -1.56319401867222E-13  1.99127725407708E+00
 cg2d: Sum(rhs),rhsMax =   4.68958205601666E-13  1.99113615372214E+00
 cg2d: Sum(rhs),rhsMax =   8.38440428196918E-13  1.99099430790903E+00
 cg2d: Sum(rhs),rhsMax =   5.11590769747272E-13  1.99085171691864E+00
 cg2d: Sum(rhs),rhsMax =   7.95807864051312E-13  1.99070838103554E+00
(PID.TID 0000.0001) whio : write lev 2 rec   2
 cg2d: Sum(rhs),rhsMax =   7.53175299905706E-13  1.99056430055011E+00
 cg2d: Sum(rhs),rhsMax =   3.41060513164848E-13  1.99041947576062E+00
 cg2d: Sum(rhs),rhsMax =   5.40012479177676E-13  1.99027390697541E+00
 cg2d: Sum(rhs),rhsMax =   8.24229573481716E-13  1.99012759451493E+00
 cg2d: Sum(rhs),rhsMax =   5.54223333892878E-13  1.98998053871379E+00
 cg2d: Sum(rhs),rhsMax =   6.67910171614494E-13  1.98983273992270E+00
 cg2d: Sum(rhs),rhsMax =   5.68434188608080E-13  1.98968419851034E+00
 cg2d: Sum(rhs),rhsMax =   9.09494701772928E-13  1.98953491486524E+00
 cg2d: Sum(rhs),rhsMax =   3.26849658449646E-13  1.98938488939739E+00
 cg2d: Sum(rhs),rhsMax =   5.96855898038484E-13  1.98923412253994E+00
 cg2d: Sum(rhs),rhsMax =   5.40012479177676E-13  1.98908261475059E+00
 cg2d: Sum(rhs),rhsMax =   5.11590769747272E-13  1.98893036651309E+00
 cg2d: Sum(rhs),rhsMax =   5.40012479177676E-13  1.98877737833834E+00
 cg2d: Sum(rhs),rhsMax =   7.10542735760100E-13  1.98862365076565E+00
 cg2d: Sum(rhs),rhsMax =   6.67910171614494E-13  1.98846918436362E+00
 cg2d: Sum(rhs),rhsMax =   5.82645043323282E-13  1.98831397973102E+00
 cg2d: Sum(rhs),rhsMax =   6.25277607468888E-13  1.98815803749745E+00
 cg2d: Sum(rhs),rhsMax =   3.55271367880050E-13  1.98800135832390E+00
 cg2d: Sum(rhs),rhsMax =   7.10542735760100E-13  1.98784394290315E+00
 cg2d: Sum(rhs),rhsMax =   8.24229573481716E-13  1.98768579195998E+00
 cg2d: Sum(rhs),rhsMax =   1.02318153949454E-12  1.98752690625132E+00
 cg2d: Sum(rhs),rhsMax =   4.26325641456060E-13  1.98736728656613E+00
 cg2d: Sum(rhs),rhsMax =   5.11590769747272E-13  1.98720693372519E+00
 cg2d: Sum(rhs),rhsMax =   9.80548975348938E-13  1.98704584858083E+00
 cg2d: Sum(rhs),rhsMax =   4.54747350886464E-13  1.98688403201639E+00
 cg2d: Sum(rhs),rhsMax =   9.66338120633736E-13  1.98672148494551E+00
 cg2d: Sum(rhs),rhsMax =   5.96855898038484E-13  1.98655820831149E+00
 cg2d: Sum(rhs),rhsMax =   8.10018718766514E-13  1.98639420308604E+00
 cg2d: Sum(rhs),rhsMax =   6.25277607468888E-13  1.98622947026891E+00
 cg2d: Sum(rhs),rhsMax =   5.40012479177676E-13  1.98606401088660E+00
 cg2d: Sum(rhs),rhsMax =   2.98427949019242E-13  1.98589782599121E+00
 cg2d: Sum(rhs),rhsMax =   5.54223333892878E-13  1.98573091665881E+00
 cg2d: Sum(rhs),rhsMax =   8.66862137627322E-13  1.98556328398809E+00
 cg2d: Sum(rhs),rhsMax =   3.69482222595252E-13  1.98539492909891E+00
 cg2d: Sum(rhs),rhsMax =   3.97903932025656E-13  1.98522585313069E+00
 cg2d: Sum(rhs),rhsMax =   6.53699316899292E-13  1.98505605724094E+00
 cg2d: Sum(rhs),rhsMax =   1.10844666778576E-12  1.98488554260359E+00
 cg2d: Sum(rhs),rhsMax =   3.69482222595252E-13  1.98471431040730E+00
 cg2d: Sum(rhs),rhsMax =   5.25801624462474E-13  1.98454236185374E+00
 cg2d: Sum(rhs),rhsMax =   3.41060513164848E-13  1.98436969815586E+00
 cg2d: Sum(rhs),rhsMax =   5.68434188608080E-13  1.98419632053615E+00
 cg2d: Sum(rhs),rhsMax =   9.94759830064140E-13  1.98402223022492E+00
 cg2d: Sum(rhs),rhsMax =   5.82645043323282E-13  1.98384742845855E+00
 cg2d: Sum(rhs),rhsMax =   8.81072992342524E-13  1.98367191647782E+00
 cg2d: Sum(rhs),rhsMax =   4.40536496171262E-13  1.98349569552624E+00
 cg2d: Sum(rhs),rhsMax =   5.40012479177676E-13  1.98331876684841E+00
 cg2d: Sum(rhs),rhsMax =   4.83169060316868E-13  1.98314113168852E+00
 cg2d: Sum(rhs),rhsMax =   4.97379915032070E-13  1.98296279128874E+00
 cg2d: Sum(rhs),rhsMax =   9.37916411203332E-13  1.98278374688791E+00
 cg2d: Sum(rhs),rhsMax =   8.38440428196918E-13  1.98260399972007E+00
 cg2d: Sum(rhs),rhsMax =   9.80548975348938E-13  1.98242355101325E+00
 cg2d: Sum(rhs),rhsMax =   9.52127265918534E-13  1.98224240198814E+00
 cg2d: Sum(rhs),rhsMax =   5.54223333892878E-13  1.98206055385717E+00
 cg2d: Sum(rhs),rhsMax =   9.66338120633736E-13  1.98187800782352E+00
 cg2d: Sum(rhs),rhsMax =   4.26325641456060E-13  1.98169476508028E+00
 cg2d: Sum(rhs),rhsMax =   1.17950094136177E-12  1.98151082680969E+00
 cg2d: Sum(rhs),rhsMax =   5.25801624462474E-13  1.98132619418227E+00
 cg2d: Sum(rhs),rhsMax =   5.82645043323282E-13  1.98114086835640E+00
 cg2d: Sum(rhs),rhsMax =   3.41060513164848E-13  1.98095485047781E+00
 cg2d: Sum(rhs),rhsMax =   5.68434188608080E-13  1.98076814167934E+00
 cg2d: Sum(rhs),rhsMax =   6.67910171614494E-13  1.98058074308075E+00
 cg2d: Sum(rhs),rhsMax =   9.09494701772928E-13  1.98039265578862E+00
 cg2d: Sum(rhs),rhsMax =   6.53699316899292E-13  1.98020388089648E+00
 cg2d: Sum(rhs),rhsMax =   5.25801624462474E-13  1.98001441948486E+00
 cg2d: Sum(rhs),rhsMax =   4.12114786740858E-13  1.97982427262168E+00
 cg2d: Sum(rhs),rhsMax =   1.98951966012828E-13  1.97963344136255E+00
 cg2d: Sum(rhs),rhsMax =   9.94759830064140E-13  1.97944192675129E+00
 cg2d: Sum(rhs),rhsMax =   9.09494701772928E-13  1.97924972982051E+00
 cg2d: Sum(rhs),rhsMax =   3.55271367880050E-13  1.97905685159232E+00
 cg2d: Sum(rhs),rhsMax =   5.11590769747272E-13  1.97886329307909E+00
 cg2d: Sum(rhs),rhsMax =   7.95807864051312E-13  1.97866905528434E+00
 cg2d: Sum(rhs),rhsMax =   3.41060513164848E-13  1.97847413920365E+00
(PID.TID 0000.0001) whio : write lev 2 rec   3
 cg2d: Sum(rhs),rhsMax =   9.80548975348938E-13  1.97827854582572E+00
 cg2d: Sum(rhs),rhsMax =   5.25801624462474E-13  1.97808227613343E+00
 cg2d: Sum(rhs),rhsMax =   6.82121026329696E-13  1.97788533110499E+00
 cg2d: Sum(rhs),rhsMax =   6.96331881044898E-13  1.97768771171512E+00
 cg2d: Sum(rhs),rhsMax =   5.25801624462474E-13  1.97748941893637E+00
 cg2d: Sum(rhs),rhsMax =   5.82645043323282E-13  1.97729045374023E+00
 cg2d: Sum(rhs),rhsMax =   4.97379915032070E-13  1.97709081709860E+00
 cg2d: Sum(rhs),rhsMax =   5.40012479177676E-13  1.97689050998497E+00
 cg2d: Sum(rhs),rhsMax =   3.12638803734444E-13  1.97668953337581E+00
 cg2d: Sum(rhs),rhsMax =   4.68958205601666E-13  1.97648788825193E+00
 cg2d: Sum(rhs),rhsMax =   5.96855898038484E-13  1.97628557559974E+00
 cg2d: Sum(rhs),rhsMax =   8.66862137627322E-13  1.97608259641259E+00
 cg2d: Sum(rhs),rhsMax =   8.24229573481716E-13  1.97587895169206E+00
 cg2d: Sum(rhs),rhsMax =   7.67386154620908E-13  1.97567464244922E+00
 cg2d: Sum(rhs),rhsMax =   8.81072992342524E-13  1.97546966970587E+00
 cg2d: Sum(rhs),rhsMax =   6.96331881044898E-13  1.97526403449570E+00
 cg2d: Sum(rhs),rhsMax =   1.37845290737459E-12  1.97505773786539E+00
 cg2d: Sum(rhs),rhsMax =   3.55271367880050E-13  1.97485078087579E+00
 cg2d: Sum(rhs),rhsMax =   8.81072992342524E-13  1.97464316460279E+00
 cg2d: Sum(rhs),rhsMax =   2.27373675443232E-13  1.97443489013837E+00
 cg2d: Sum(rhs),rhsMax =   7.81597009336110E-13  1.97422595859144E+00
 cg2d: Sum(rhs),rhsMax =   4.97379915032070E-13  1.97401637108861E+00
 cg2d: Sum(rhs),rhsMax =   1.15107923193136E-12  1.97380612877493E+00
 cg2d: Sum(rhs),rhsMax =   8.95283847057726E-13  1.97359523281450E+00
 cg2d: Sum(rhs),rhsMax =   2.98427949019242E-13  1.97338368439104E+00
 cg2d: Sum(rhs),rhsMax =   7.67386154620908E-13  1.97317148470831E+00
 cg2d: Sum(rhs),rhsMax =   4.12114786740858E-13  1.97295863499044E+00
 cg2d: Sum(rhs),rhsMax =   6.96331881044898E-13  1.97274513648229E+00
 cg2d: Sum(rhs),rhsMax =   3.55271367880050E-13  1.97253099044952E+00
 cg2d: Sum(rhs),rhsMax =   9.66338120633736E-13  1.97231619817873E+00
 cg2d: Sum(rhs),rhsMax =   8.10018718766514E-13  1.97210076097736E+00
 cg2d: Sum(rhs),rhsMax =   9.52127265918534E-13  1.97188468017375E+00
 cg2d: Sum(rhs),rhsMax =   9.80548975348938E-13  1.97166795711670E+00
 cg2d: Sum(rhs),rhsMax =   7.38964445190504E-13  1.97145059317542E+00
 cg2d: Sum(rhs),rhsMax =   4.97379915032070E-13  1.97123258973895E+00
 cg2d: Sum(rhs),rhsMax =   8.95283847057726E-13  1.97101394821586E+00
 cg2d: Sum(rhs),rhsMax =   5.40012479177676E-13  1.97079467003358E+00
 cg2d: Sum(rhs),rhsMax =   4.97379915032070E-13  1.97057475663789E+00
 cg2d: Sum(rhs),rhsMax =   9.09494701772928E-13  1.97035420949216E+00
 cg2d: Sum(rhs),rhsMax =   9.66338120633736E-13  1.97013303007660E+00
 cg2d: Sum(rhs),rhsMax =   5.96855898038484E-13  1.96991121988750E+00
 cg2d: Sum(rhs),rhsMax =   4.68958205601666E-13  1.96968878043627E+00
 cg2d: Sum(rhs),rhsMax =   9.94759830064140E-13  1.96946571324857E+00
 cg2d: Sum(rhs),rhsMax =   1.17950094136177E-12  1.96924201986333E+00
 cg2d: Sum(rhs),rhsMax =   6.96331881044898E-13  1.96901770183170E+00
 cg2d: Sum(rhs),rhsMax =   6.53699316899292E-13  1.96879276071608E+00
 cg2d: Sum(rhs),rhsMax =   8.24229573481716E-13  1.96856719808902E+00
 cg2d: Sum(rhs),rhsMax =   3.55271367880050E-13  1.96834101553189E+00
 cg2d: Sum(rhs),rhsMax =   6.82121026329696E-13  1.96811421463408E+00
 cg2d: Sum(rhs),rhsMax =   7.10542735760100E-13  1.96788679699181E+00
 cg2d: Sum(rhs),rhsMax =   2.84217094304040E-13  1.96765876420699E+00
 cg2d: Sum(rhs),rhsMax =   9.80548975348938E-13  1.96743011788635E+00
 cg2d: Sum(rhs),rhsMax =   6.67910171614494E-13  1.96720085964019E+00
 cg2d: Sum(rhs),rhsMax =   7.10542735760100E-13  1.96697099108125E+00
 cg2d: Sum(rhs),rhsMax =   1.16529008664656E-12  1.96674051382352E+00
 cg2d: Sum(rhs),rhsMax =   7.24753590475302E-13  1.96650942948124E+00
 cg2d: Sum(rhs),rhsMax =   7.67386154620908E-13  1.96627773966782E+00
 cg2d: Sum(rhs),rhsMax =   6.67910171614494E-13  1.96604544599503E+00
 cg2d: Sum(rhs),rhsMax =   8.24229573481716E-13  1.96581255007208E+00
 cg2d: Sum(rhs),rhsMax =   6.82121026329696E-13  1.96557905350480E+00
 cg2d: Sum(rhs),rhsMax =   5.40012479177676E-13  1.96534495789490E+00
 cg2d: Sum(rhs),rhsMax =   6.82121026329696E-13  1.96511026483912E+00
 cg2d: Sum(rhs),rhsMax =   4.26325641456060E-13  1.96487497592866E+00
 cg2d: Sum(rhs),rhsMax =   8.38440428196918E-13  1.96463909274843E+00
 cg2d: Sum(rhs),rhsMax =   9.23705556488130E-13  1.96440261687654E+00
 cg2d: Sum(rhs),rhsMax =   6.96331881044898E-13  1.96416554988385E+00
 cg2d: Sum(rhs),rhsMax =   3.83693077310454E-13  1.96392789333350E+00
 cg2d: Sum(rhs),rhsMax =   7.10542735760100E-13  1.96368964878063E+00
 cg2d: Sum(rhs),rhsMax =   1.00897068477934E-12  1.96345081777201E+00
 cg2d: Sum(rhs),rhsMax =   9.80548975348938E-13  1.96321140184599E+00
 cg2d: Sum(rhs),rhsMax =   2.13162820728030E-13  1.96297140253227E+00
 cg2d: Sum(rhs),rhsMax =   2.84217094304040E-13  1.96273082135189E+00
(PID.TID 0000.0001) whio : write lev 2 rec   4
 cg2d: Sum(rhs),rhsMax =   6.11066752753686E-13  1.96248965981730E+00
 cg2d: Sum(rhs),rhsMax =   1.56319401867222E-13  1.96224791943242E+00
 cg2d: Sum(rhs),rhsMax =   4.97379915032070E-13  1.96200560169281E+00
 cg2d: Sum(rhs),rhsMax =   6.53699316899292E-13  1.96176270808592E+00
 cg2d: Sum(rhs),rhsMax =   2.27373675443232E-13  1.96151924009144E+00
 cg2d: Sum(rhs),rhsMax =   6.25277607468888E-13  1.96127519918162E+00
 cg2d: Sum(rhs),rhsMax =   6.96331881044898E-13  1.96103058682175E+00
 cg2d: Sum(rhs),rhsMax =   8.66862137627322E-13  1.96078540447065E+00
 cg2d: Sum(rhs),rhsMax =   5.40012479177676E-13  1.96053965358120E+00
 cg2d: Sum(rhs),rhsMax =   3.83693077310454E-13  1.96029333560099E+00
 cg2d: Sum(rhs),rhsMax =   3.26849658449646E-13  1.96004645197293E+00
 cg2d: Sum(rhs),rhsMax =   5.11590769747272E-13  1.95979900413596E+00
 cg2d: Sum(rhs),rhsMax =   8.24229573481716E-13  1.95955099352574E+00
 cg2d: Sum(rhs),rhsMax =   4.40536496171262E-13  1.95930242157547E+00
 cg2d: Sum(rhs),rhsMax =   9.52127265918534E-13  1.95905328971658E+00
 cg2d: Sum(rhs),rhsMax =   5.82645043323282E-13  1.95880359937958E+00
 cg2d: Sum(rhs),rhsMax =   4.12114786740858E-13  1.95855335199488E+00
 cg2d: Sum(rhs),rhsMax =   7.24753590475302E-13  1.95830254899360E+00
 cg2d: Sum(rhs),rhsMax =   8.81072992342524E-13  1.95805119180838E+00
 cg2d: Sum(rhs),rhsMax =   8.10018718766514E-13  1.95779928187433E+00
 cg2d: Sum(rhs),rhsMax =   7.81597009336110E-13  1.95754682062979E+00
 cg2d: Sum(rhs),rhsMax =   2.84217094304040E-13  1.95729380951715E+00
 cg2d: Sum(rhs),rhsMax =   9.52127265918534E-13  1.95704024998382E+00
 cg2d: Sum(rhs),rhsMax =   7.67386154620908E-13  1.95678614348284E+00
 cg2d: Sum(rhs),rhsMax =   5.11590769747272E-13  1.95653149147391E+00
 cg2d: Sum(rhs),rhsMax =   1.16529008664656E-12  1.95627629542389E+00
 cg2d: Sum(rhs),rhsMax =   5.25801624462474E-13  1.95602055680779E+00
 cg2d: Sum(rhs),rhsMax =   5.25801624462474E-13  1.95576427710913E+00
 cg2d: Sum(rhs),rhsMax =   6.67910171614494E-13  1.95550745782000E+00
 cg2d: Sum(rhs),rhsMax =   3.97903932025656E-13  1.95525010044306E+00
 cg2d: Sum(rhs),rhsMax =   5.54223333892878E-13  1.95499220649196E+00
 cg2d: Sum(rhs),rhsMax =  -1.42108547152020E-14  1.95473377749184E+00
 cg2d: Sum(rhs),rhsMax =   6.25277607468888E-13  1.95447481497951E+00
 cg2d: Sum(rhs),rhsMax =   1.02318153949454E-12  1.95421532050339E+00
 cg2d: Sum(rhs),rhsMax =   9.23705556488130E-13  1.95395529562391E+00
 cg2d: Sum(rhs),rhsMax =   3.83693077310454E-13  1.95369474191388E+00
 cg2d: Sum(rhs),rhsMax =   4.83169060316868E-13  1.95343366095896E+00
 cg2d: Sum(rhs),rhsMax =   7.95807864051312E-13  1.95317205435795E+00
 cg2d: Sum(rhs),rhsMax =   8.24229573481716E-13  1.95290992372285E+00
 cg2d: Sum(rhs),rhsMax =   4.68958205601666E-13  1.95264727067904E+00
 cg2d: Sum(rhs),rhsMax =   1.05160324892495E-12  1.95238409686525E+00
 cg2d: Sum(rhs),rhsMax =   7.38964445190504E-13  1.95212040393353E+00
 cg2d: Sum(rhs),rhsMax =   4.54747350886464E-13  1.95185619354920E+00
 cg2d: Sum(rhs),rhsMax =   9.80548975348938E-13  1.95159146739067E+00
 cg2d: Sum(rhs),rhsMax =   2.27373675443232E-13  1.95132622714929E+00
 cg2d: Sum(rhs),rhsMax =   5.11590769747272E-13  1.95106047452911E+00
 cg2d: Sum(rhs),rhsMax =   5.68434188608080E-13  1.95079421124660E+00
 cg2d: Sum(rhs),rhsMax =   9.52127265918534E-13  1.95052743903028E+00
 cg2d: Sum(rhs),rhsMax =   3.97903932025656E-13  1.95026015962039E+00
 cg2d: Sum(rhs),rhsMax =   7.38964445190504E-13  1.94999237476839E+00
 cg2d: Sum(rhs),rhsMax =   3.83693077310454E-13  1.94972408623658E+00
 cg2d: Sum(rhs),rhsMax =   2.84217094304040E-13  1.94945529579752E+00
 cg2d: Sum(rhs),rhsMax =   4.40536496171262E-13  1.94918600523358E+00
 cg2d: Sum(rhs),rhsMax =   8.81072992342524E-13  1.94891621633629E+00
 cg2d: Sum(rhs),rhsMax =   4.97379915032070E-13  1.94864593090579E+00
 cg2d: Sum(rhs),rhsMax =   2.84217094304040E-13  1.94837515075023E+00
 cg2d: Sum(rhs),rhsMax =   1.27897692436818E-13  1.94810387768510E+00
 cg2d: Sum(rhs),rhsMax =   4.12114786740858E-13  1.94783211353261E+00
 cg2d: Sum(rhs),rhsMax =   9.23705556488130E-13  1.94755986012104E+00
 cg2d: Sum(rhs),rhsMax =   7.38964445190504E-13  1.94728711928404E+00
 cg2d: Sum(rhs),rhsMax =   6.67910171614494E-13  1.94701389286003E+00
 cg2d: Sum(rhs),rhsMax =   9.52127265918534E-13  1.94674018269146E+00
 cg2d: Sum(rhs),rhsMax =   4.54747350886464E-13  1.94646599062426E+00
 cg2d: Sum(rhs),rhsMax =   5.96855898038484E-13  1.94619131850707E+00
 cg2d: Sum(rhs),rhsMax =   6.53699316899292E-13  1.94591616819072E+00
 cg2d: Sum(rhs),rhsMax =   6.53699316899292E-13  1.94564054152754E+00
 cg2d: Sum(rhs),rhsMax =   6.67910171614494E-13  1.94536444037075E+00
 cg2d: Sum(rhs),rhsMax =   6.11066752753686E-13  1.94508786657396E+00
 cg2d: Sum(rhs),rhsMax =   8.10018718766514E-13  1.94481082199053E+00
 cg2d: Sum(rhs),rhsMax =  -1.42108547152020E-14  1.94453330847307E+00
 cg2d: Sum(rhs),rhsMax =  -4.26325641456060E-14  1.94425532787295E+00
 cg2d: Sum(rhs),rhsMax =   6.11066752753686E-13  1.94397688203985E+00
(PID.TID 0000.0001) whio : write lev 2 rec   5
 cg2d: Sum(rhs),rhsMax =   8.66862137627322E-13  1.94369797282126E+00
 cg2d: Sum(rhs),rhsMax =   8.38440428196918E-13  1.94341860206214E+00
 cg2d: Sum(rhs),rhsMax =   7.24753590475302E-13  1.94313877160459E+00
 cg2d: Sum(rhs),rhsMax =   7.10542735760100E-13  1.94285848328739E+00
 cg2d: Sum(rhs),rhsMax =   2.84217094304040E-13  1.94257773894592E+00
 cg2d: Sum(rhs),rhsMax =   6.39488462184090E-13  1.94229654041174E+00
 cg2d: Sum(rhs),rhsMax =   6.53699316899292E-13  1.94201488951250E+00
 cg2d: Sum(rhs),rhsMax =   1.42108547152020E-13  1.94173278807173E+00
 cg2d: Sum(rhs),rhsMax =   5.11590769747272E-13  1.94145023790879E+00
 cg2d: Sum(rhs),rhsMax =   2.84217094304040E-13  1.94116724083870E+00
 cg2d: Sum(rhs),rhsMax =   4.83169060316868E-13  1.94088379867222E+00
 cg2d: Sum(rhs),rhsMax =   3.41060513164848E-13  1.94059991321575E+00
 cg2d: Sum(rhs),rhsMax =   4.26325641456060E-13  1.94031558627149E+00
 cg2d: Sum(rhs),rhsMax =   7.81597009336110E-13  1.94003081963746E+00
 cg2d: Sum(rhs),rhsMax =   8.52651282912120E-14  1.93974561510767E+00
 cg2d: Sum(rhs),rhsMax =   1.02318153949454E-12  1.93945997447226E+00
 cg2d: Sum(rhs),rhsMax =   5.11590769747272E-13  1.93917389951769E+00
 cg2d: Sum(rhs),rhsMax =   5.54223333892878E-13  1.93888739202708E+00
 cg2d: Sum(rhs),rhsMax =   7.81597009336110E-13  1.93860045378034E+00
 cg2d: Sum(rhs),rhsMax =   5.25801624462474E-13  1.93831308655456E+00
 cg2d: Sum(rhs),rhsMax =   4.12114786740858E-13  1.93802529212428E+00
 cg2d: Sum(rhs),rhsMax =   1.42108547152020E-13  1.93773707226191E+00
 cg2d: Sum(rhs),rhsMax =   3.83693077310454E-13  1.93744842873804E+00
 cg2d: Sum(rhs),rhsMax =   8.24229573481716E-13  1.93715936332187E+00
 cg2d: Sum(rhs),rhsMax =   9.09494701772928E-13  1.93686987778160E+00
 cg2d: Sum(rhs),rhsMax =   7.67386154620908E-13  1.93657997388481E+00
 cg2d: Sum(rhs),rhsMax =   1.84741111297626E-13  1.93628965339906E+00
 cg2d: Sum(rhs),rhsMax =   7.10542735760100E-13  1.93599891809210E+00
 cg2d: Sum(rhs),rhsMax =   6.11066752753686E-13  1.93570776973251E+00
 cg2d: Sum(rhs),rhsMax =   8.38440428196918E-13  1.93541621009003E+00
 cg2d: Sum(rhs),rhsMax =   5.25801624462474E-13  1.93512424093609E+00
 cg2d: Sum(rhs),rhsMax =   6.39488462184090E-13  1.93483186404424E+00
 cg2d: Sum(rhs),rhsMax =   1.00897068477934E-12  1.93453908119057E+00
 cg2d: Sum(rhs),rhsMax =   3.97903932025656E-13  1.93424589415416E+00
 cg2d: Sum(rhs),rhsMax =   4.83169060316868E-13  1.93395230471752E+00
 cg2d: Sum(rhs),rhsMax =   9.37916411203332E-13  1.93365831466701E+00
 cg2d: Sum(rhs),rhsMax =   3.83693077310454E-13  1.93336392579320E+00
 cg2d: Sum(rhs),rhsMax =   2.27373675443232E-13  1.93306913989130E+00
 cg2d: Sum(rhs),rhsMax =   1.09423581307055E-12  1.93277395876149E+00
 cg2d: Sum(rhs),rhsMax =   6.39488462184090E-13  1.93247838420931E+00
 cg2d: Sum(rhs),rhsMax =   6.39488462184090E-13  1.93218241804590E+00
 cg2d: Sum(rhs),rhsMax =   5.68434188608080E-13  1.93188606208839E+00
 cg2d: Sum(rhs),rhsMax =   8.38440428196918E-13  1.93158931816012E+00
 cg2d: Sum(rhs),rhsMax =   7.53175299905706E-13  1.93129218809088E+00
 cg2d: Sum(rhs),rhsMax =   1.27897692436818E-13  1.93099467371713E+00
 cg2d: Sum(rhs),rhsMax =   8.52651282912120E-13  1.93069677688223E+00
 cg2d: Sum(rhs),rhsMax =   9.52127265918534E-13  1.93039849943654E+00
 cg2d: Sum(rhs),rhsMax =   6.39488462184090E-13  1.93009984323759E+00
 cg2d: Sum(rhs),rhsMax =   6.67910171614494E-13  1.92980081015016E+00
 cg2d: Sum(rhs),rhsMax =   6.39488462184090E-13  1.92950140204634E+00
 cg2d: Sum(rhs),rhsMax =   5.25801624462474E-13  1.92920162080559E+00
 cg2d: Sum(rhs),rhsMax =   6.96331881044898E-13  1.92890146831472E+00
 cg2d: Sum(rhs),rhsMax =   2.98427949019242E-13  1.92860094646788E+00
 cg2d: Sum(rhs),rhsMax =   8.81072992342524E-13  1.92830005716652E+00
 cg2d: Sum(rhs),rhsMax =   6.11066752753686E-13  1.92799880231927E+00
 cg2d: Sum(rhs),rhsMax =   5.54223333892878E-13  1.92769718384186E+00
 cg2d: Sum(rhs),rhsMax =   6.67910171614494E-13  1.92739520365697E+00
 cg2d: Sum(rhs),rhsMax =   4.97379915032070E-13  1.92709286369405E+00
 cg2d: Sum(rhs),rhsMax =   5.68434188608080E-13  1.92687610148430E+00
 cg2d: Sum(rhs),rhsMax =   3.83693077310454E-13  1.92700113371436E+00
 cg2d: Sum(rhs),rhsMax =   4.68958205601666E-13  1.92712564506751E+00
 cg2d: Sum(rhs),rhsMax =   6.82121026329696E-13  1.92724963512089E+00
 cg2d: Sum(rhs),rhsMax =   6.96331881044898E-13  1.92737310345423E+00
 cg2d: Sum(rhs),rhsMax =   7.95807864051312E-13  1.92749604964945E+00
 cg2d: Sum(rhs),rhsMax =   6.67910171614494E-13  1.92761847329006E+00
 cg2d: Sum(rhs),rhsMax =   2.70006239588838E-13  1.92774037396074E+00
 cg2d: Sum(rhs),rhsMax =   3.97903932025656E-13  1.92786175124701E+00
 cg2d: Sum(rhs),rhsMax =   4.26325641456060E-13  1.92798260473467E+00
 cg2d: Sum(rhs),rhsMax =   5.68434188608080E-14  1.92810293400958E+00
 cg2d: Sum(rhs),rhsMax =   5.54223333892878E-13  1.92822273865721E+00
 cg2d: Sum(rhs),rhsMax =   8.52651282912120E-13  1.92834201826242E+00
 cg2d: Sum(rhs),rhsMax =   5.40012479177676E-13  1.92846077240915E+00
(PID.TID 0000.0001) whio : write lev 2 rec   6
 cg2d: Sum(rhs),rhsMax =   4.12114786740858E-13  1.92857900068019E+00
 cg2d: Sum(rhs),rhsMax =   5.54223333892878E-13  1.92869670265704E+00
 cg2d: Sum(rhs),rhsMax =   3.41060513164848E-13  1.92881387791971E+00
 cg2d: Sum(rhs),rhsMax =   1.09423581307055E-12  1.92893052604666E+00
 cg2d: Sum(rhs),rhsMax =   3.12638803734444E-13  1.92904664661470E+00
 cg2d: Sum(rhs),rhsMax =   5.40012479177676E-13  1.92916223919901E+00
 cg2d: Sum(rhs),rhsMax =   2.98427949019242E-13  1.92927730337316E+00
 cg2d: Sum(rhs),rhsMax =   6.39488462184090E-13  1.92939183870915E+00
 cg2d: Sum(rhs),rhsMax =   4.97379915032070E-13  1.92950584477758E+00
 cg2d: Sum(rhs),rhsMax =   8.95283847057726E-13  1.92961932114758E+00
 cg2d: Sum(rhs),rhsMax =   8.95283847057726E-13  1.92973226738738E+00
 cg2d: Sum(rhs),rhsMax =   5.68434188608080E-13  1.92984468306405E+00
 cg2d: Sum(rhs),rhsMax =   2.98427949019242E-13  1.92995656774445E+00
 cg2d: Sum(rhs),rhsMax =   5.40012479177676E-13  1.93006792099529E+00
 cg2d: Sum(rhs),rhsMax =   6.39488462184090E-13  1.93017874238343E+00
 cg2d: Sum(rhs),rhsMax =   1.02318153949454E-12  1.93028903147606E+00
 cg2d: Sum(rhs),rhsMax =   4.97379915032070E-13  1.93039878784116E+00
 cg2d: Sum(rhs),rhsMax =   3.26849658449646E-13  1.93050801104787E+00
 cg2d: Sum(rhs),rhsMax =   6.67910171614494E-13  1.93061670066704E+00
 cg2d: Sum(rhs),rhsMax =   5.25801624462474E-13  1.93072485627181E+00
 cg2d: Sum(rhs),rhsMax =   2.27373675443232E-13  1.93083247743803E+00
 cg2d: Sum(rhs),rhsMax =   8.38440428196918E-13  1.93093956374486E+00
 cg2d: Sum(rhs),rhsMax =   7.67386154620908E-13  1.93104611477529E+00
 cg2d: Sum(rhs),rhsMax =   6.67910171614494E-13  1.93115213011663E+00
 cg2d: Sum(rhs),rhsMax =   1.22213350550737E-12  1.93125760936110E+00
 cg2d: Sum(rhs),rhsMax =   3.12638803734444E-13  1.93136255210162E+00
 cg2d: Sum(rhs),rhsMax =   3.97903932025656E-13  1.93146695794174E+00
 cg2d: Sum(rhs),rhsMax =   1.70530256582424E-13  1.93157082649017E+00
 cg2d: Sum(rhs),rhsMax =   4.26325641456060E-14  1.93167415737075E+00
 cg2d: Sum(rhs),rhsMax =   6.25277607468888E-13  1.93177695021354E+00
 cg2d: Sum(rhs),rhsMax =   1.09423581307055E-12  1.93187920465270E+00
 cg2d: Sum(rhs),rhsMax =   8.81072992342524E-13  1.93198092032812E+00
 cg2d: Sum(rhs),rhsMax =   6.25277607468888E-13  1.93208209688792E+00
 cg2d: Sum(rhs),rhsMax =   8.10018718766514E-13  1.93218273399017E+00
 cg2d: Sum(rhs),rhsMax =   3.55271367880050E-13  1.93228283130393E+00
 cg2d: Sum(rhs),rhsMax =   7.53175299905706E-13  1.93238238850931E+00
 cg2d: Sum(rhs),rhsMax =   7.81597009336110E-13  1.93248140529762E+00
 cg2d: Sum(rhs),rhsMax =   5.68434188608080E-13  1.93257988137149E+00
 cg2d: Sum(rhs),rhsMax =   6.39488462184090E-13  1.93267781644492E+00
 cg2d: Sum(rhs),rhsMax =   3.55271367880050E-13  1.93277521024356E+00
 cg2d: Sum(rhs),rhsMax =   7.67386154620908E-13  1.93287206250491E+00
 cg2d: Sum(rhs),rhsMax =   8.10018718766514E-13  1.93296837297858E+00
 cg2d: Sum(rhs),rhsMax =   8.81072992342524E-13  1.93306414142636E+00
 cg2d: Sum(rhs),rhsMax =   5.40012479177676E-13  1.93315936762238E+00
 cg2d: Sum(rhs),rhsMax =   4.54747350886464E-13  1.93325405135327E+00
 cg2d: Sum(rhs),rhsMax =   5.40012479177676E-13  1.93334819241804E+00
 cg2d: Sum(rhs),rhsMax =   5.40012479177676E-13  1.93344179062820E+00
 cg2d: Sum(rhs),rhsMax =   1.02318153949454E-12  1.93353484580756E+00
 cg2d: Sum(rhs),rhsMax =   4.26325641456060E-13  1.93362735779224E+00
 cg2d: Sum(rhs),rhsMax =   5.25801624462474E-13  1.93371932643040E+00
 cg2d: Sum(rhs),rhsMax =   8.95283847057726E-13  1.93381075158211E+00
 cg2d: Sum(rhs),rhsMax =   9.37916411203332E-13  1.93390163311906E+00
 cg2d: Sum(rhs),rhsMax =   7.38964445190504E-13  1.93399197092435E+00
 cg2d: Sum(rhs),rhsMax =   7.95807864051312E-13  1.93408176489211E+00
 cg2d: Sum(rhs),rhsMax =   5.54223333892878E-13  1.93417101492726E+00
 cg2d: Sum(rhs),rhsMax =   5.54223333892878E-13  1.93425972094508E+00
 cg2d: Sum(rhs),rhsMax =   6.25277607468888E-13  1.93434788287089E+00
 cg2d: Sum(rhs),rhsMax =   9.66338120633736E-13  1.93443550063950E+00
 cg2d: Sum(rhs),rhsMax =   5.25801624462474E-13  1.93452257419497E+00
 cg2d: Sum(rhs),rhsMax =   5.11590769747272E-13  1.93460910348989E+00
 cg2d: Sum(rhs),rhsMax =   3.12638803734444E-13  1.93469508848506E+00
 cg2d: Sum(rhs),rhsMax =   3.12638803734444E-13  1.93478052914887E+00
 cg2d: Sum(rhs),rhsMax =   9.94759830064140E-13  1.93486542545689E+00
 cg2d: Sum(rhs),rhsMax =   8.52651282912120E-13  1.93494977739110E+00
 cg2d: Sum(rhs),rhsMax =   3.55271367880050E-13  1.93503358493964E+00
 cg2d: Sum(rhs),rhsMax =   1.13686837721616E-13  1.93511684809590E+00
 cg2d: Sum(rhs),rhsMax =   9.94759830064140E-13  1.93519956685836E+00
 cg2d: Sum(rhs),rhsMax =   6.67910171614494E-13  1.93528174122961E+00
 cg2d: Sum(rhs),rhsMax =   8.24229573481716E-13  1.93536337121621E+00
 cg2d: Sum(rhs),rhsMax =   2.98427949019242E-13  1.93544445682779E+00
 cg2d: Sum(rhs),rhsMax =   3.97903932025656E-13  1.93552499796900E+00
 cg2d: Sum(rhs),rhsMax =   7.95807864051312E-13  1.93560499479069E+00
(PID.TID 0000.0001) whio : write lev 2 rec   7
 cg2d: Sum(rhs),rhsMax =   1.27897692436818E-13  1.93568444737698E+00
 cg2d: Sum(rhs),rhsMax =   7.81597009336110E-13  1.93576335576302E+00
 cg2d: Sum(rhs),rhsMax =   5.40012479177676E-13  1.93584171998263E+00
 cg2d: Sum(rhs),rhsMax =   2.84217094304040E-14  1.93591954008288E+00
 cg2d: Sum(rhs),rhsMax =   6.53699316899292E-13  1.93599681612239E+00
 cg2d: Sum(rhs),rhsMax =   1.02318153949454E-12  1.93607354816512E+00
 cg2d: Sum(rhs),rhsMax =   9.23705556488130E-13  1.93614973627774E+00
 cg2d: Sum(rhs),rhsMax =   5.54223333892878E-13  1.93622538052791E+00
 cg2d: Sum(rhs),rhsMax =   2.27373675443232E-13  1.93630048098436E+00
 cg2d: Sum(rhs),rhsMax =   1.70530256582424E-13  1.93637503771553E+00
 cg2d: Sum(rhs),rhsMax =   4.97379915032070E-13  1.93644905078979E+00
 cg2d: Sum(rhs),rhsMax =   8.24229573481716E-13  1.93652251169385E+00
 cg2d: Sum(rhs),rhsMax =   1.08002495835535E-12  1.93659543359246E+00
 cg2d: Sum(rhs),rhsMax =   7.95807864051312E-13  1.93666781768051E+00
 cg2d: Sum(rhs),rhsMax =   1.08002495835535E-12  1.93673966201107E+00
 cg2d: Sum(rhs),rhsMax =   1.25055521493778E-12  1.93681096581305E+00
 cg2d: Sum(rhs),rhsMax =  -9.94759830064140E-14  1.93688172959505E+00
 cg2d: Sum(rhs),rhsMax =   5.54223333892878E-13  1.93695195439423E+00
 cg2d: Sum(rhs),rhsMax =   6.53699316899292E-13  1.93702164125369E+00
 cg2d: Sum(rhs),rhsMax =   4.83169060316868E-13  1.93709079108833E+00
 cg2d: Sum(rhs),rhsMax =  -5.68434188608080E-14  1.93715940471913E+00
 cg2d: Sum(rhs),rhsMax =   1.09423581307055E-12  1.93722748290715E+00
 cg2d: Sum(rhs),rhsMax =   1.27897692436818E-13  1.93729502636536E+00
 cg2d: Sum(rhs),rhsMax =   4.68958205601666E-13  1.93736203575613E+00
 cg2d: Sum(rhs),rhsMax =   6.67910171614494E-13  1.93742851169049E+00
 cg2d: Sum(rhs),rhsMax =   9.94759830064140E-13  1.93749445472399E+00
 cg2d: Sum(rhs),rhsMax =   7.38964445190504E-13  1.93755986535686E+00
 cg2d: Sum(rhs),rhsMax =   6.53699316899292E-13  1.93762474403071E+00
 cg2d: Sum(rhs),rhsMax =   7.38964445190504E-13  1.93768909113016E+00
 cg2d: Sum(rhs),rhsMax =   8.24229573481716E-13  1.93775290698057E+00
 cg2d: Sum(rhs),rhsMax =   8.52651282912120E-13  1.93781619185125E+00
 cg2d: Sum(rhs),rhsMax =   4.40536496171262E-13  1.93787894595389E+00
 cg2d: Sum(rhs),rhsMax =   5.68434188608080E-13  1.93794116944683E+00
 cg2d: Sum(rhs),rhsMax =   9.80548975348938E-13  1.93800286243341E+00
 cg2d: Sum(rhs),rhsMax =   5.11590769747272E-13  1.93806402496656E+00
 cg2d: Sum(rhs),rhsMax =  -1.42108547152020E-14  1.93812465704672E+00
 cg2d: Sum(rhs),rhsMax =   5.54223333892878E-13  1.93818475862697E+00
 cg2d: Sum(rhs),rhsMax =   6.11066752753686E-13  1.93824432961091E+00
 cg2d: Sum(rhs),rhsMax =   5.25801624462474E-13  1.93830336985914E+00
 cg2d: Sum(rhs),rhsMax =   1.12265752250096E-12  1.93836116343534E+00
 cg2d: Sum(rhs),rhsMax =   6.67910171614494E-13  1.93841858679415E+00
 cg2d: Sum(rhs),rhsMax =   5.25801624462474E-13  1.93847548289626E+00
 cg2d: Sum(rhs),rhsMax =   1.29318777908338E-12  1.93853178962154E+00
 cg2d: Sum(rhs),rhsMax =   5.40012479177676E-13  1.93858751051185E+00
 cg2d: Sum(rhs),rhsMax =   4.40536496171262E-13  1.93864264011163E+00
 cg2d: Sum(rhs),rhsMax =   9.37916411203332E-13  1.93869716729260E+00
 cg2d: Sum(rhs),rhsMax =   7.53175299905706E-13  1.93875108139117E+00
 cg2d: Sum(rhs),rhsMax =   8.66862137627322E-13  1.93880437252944E+00
 cg2d: Sum(rhs),rhsMax =   1.05160324892495E-12  1.93885703130016E+00
 cg2d: Sum(rhs),rhsMax =   8.24229573481716E-13  1.93890904881964E+00
 cg2d: Sum(rhs),rhsMax =   6.11066752753686E-13  1.93896041688417E+00
 cg2d: Sum(rhs),rhsMax =   5.54223333892878E-13  1.93901112805822E+00
 cg2d: Sum(rhs),rhsMax =   1.00897068477934E-12  1.93906117574886E+00
 cg2d: Sum(rhs),rhsMax =   3.97903932025656E-13  1.93911055423857E+00
 cg2d: Sum(rhs),rhsMax =   2.41584530158434E-13  1.93915925873645E+00
 cg2d: Sum(rhs),rhsMax =   2.70006239588838E-13  1.93920728539145E+00
 cg2d: Sum(rhs),rhsMax =   5.54223333892878E-13  1.93925463133149E+00
 cg2d: Sum(rhs),rhsMax =   6.82121026329696E-13  1.93930129465817E+00
 cg2d: Sum(rhs),rhsMax =   9.66338120633736E-13  1.93934727447466E+00
 cg2d: Sum(rhs),rhsMax =   8.24229573481716E-13  1.93939257086097E+00
 cg2d: Sum(rhs),rhsMax =   6.67910171614494E-13  1.93943718489079E+00
 cg2d: Sum(rhs),rhsMax =   7.67386154620908E-13  1.93948111858592E+00
 cg2d: Sum(rhs),rhsMax =   7.53175299905706E-13  1.93952437492326E+00
 cg2d: Sum(rhs),rhsMax =   8.38440428196918E-13  1.93956695776773E+00
 cg2d: Sum(rhs),rhsMax =   5.68434188608080E-13  1.93960887187230E+00
 cg2d: Sum(rhs),rhsMax =   6.25277607468888E-13  1.93965012279035E+00
 cg2d: Sum(rhs),rhsMax =   6.67910171614494E-13  1.93969071687276E+00
 cg2d: Sum(rhs),rhsMax =   5.96855898038484E-13  1.93973066116090E+00
 cg2d: Sum(rhs),rhsMax =   5.25801624462474E-13  1.93976996338456E+00
 cg2d: Sum(rhs),rhsMax =   3.83693077310454E-13  1.93980863183583E+00
 cg2d: Sum(rhs),rhsMax =   8.24229573481716E-13  1.93984667537096E+00
 cg2d: Sum(rhs),rhsMax =   5.96855898038484E-13  1.93988410326446E+00
(PID.TID 0000.0001) whio : write lev 2 rec   8
 cg2d: Sum(rhs),rhsMax =   6.25277607468888E-13  1.93992092521800E+00
 cg2d: Sum(rhs),rhsMax =   4.68958205601666E-13  1.93995715119424E+00
 cg2d: Sum(rhs),rhsMax =   7.95807864051312E-13  1.93999279143648E+00
 cg2d: Sum(rhs),rhsMax =   6.53699316899292E-13  1.94002785628253E+00
 cg2d: Sum(rhs),rhsMax =   7.81597009336110E-13  1.94006235619946E+00
 cg2d: Sum(rhs),rhsMax =   7.38964445190504E-13  1.94009630157862E+00
 cg2d: Sum(rhs),rhsMax =   2.84217094304040E-13  1.94012970278949E+00
 cg2d: Sum(rhs),rhsMax =   1.84741111297626E-13  1.94016256995743E+00
 cg2d: Sum(rhs),rhsMax =   4.26325641456060E-13  1.94019491304034E+00
 cg2d: Sum(rhs),rhsMax =   3.41060513164848E-13  1.94022674159075E+00
 cg2d: Sum(rhs),rhsMax =   8.52651282912120E-13  1.94025806485796E+00
 cg2d: Sum(rhs),rhsMax =   3.83693077310454E-13  1.94028889153693E+00
 cg2d: Sum(rhs),rhsMax =   8.95283847057726E-13  1.94031922989731E+00
 cg2d: Sum(rhs),rhsMax =   5.82645043323282E-13  1.94034908752220E+00
 cg2d: Sum(rhs),rhsMax =   6.25277607468888E-13  1.94037847146433E+00
 cg2d: Sum(rhs),rhsMax =   3.12638803734444E-13  1.94040738797853E+00
 cg2d: Sum(rhs),rhsMax =   2.41584530158434E-13  1.94043584270412E+00
 cg2d: Sum(rhs),rhsMax =   9.23705556488130E-13  1.94046384039521E+00
 cg2d: Sum(rhs),rhsMax =   6.82121026329696E-13  1.94049138512743E+00
 cg2d: Sum(rhs),rhsMax =   8.52651282912120E-13  1.94051848003052E+00
 cg2d: Sum(rhs),rhsMax =   5.68434188608080E-13  1.94054512751653E+00
 cg2d: Sum(rhs),rhsMax =   3.97903932025656E-13  1.94057132901895E+00
 cg2d: Sum(rhs),rhsMax =   1.22213350550737E-12  1.94059708523934E+00
 cg2d: Sum(rhs),rhsMax =   1.05160324892495E-12  1.94062239589643E+00
 cg2d: Sum(rhs),rhsMax =   3.41060513164848E-13  1.94064725998815E+00
 cg2d: Sum(rhs),rhsMax =   1.42108547152020E-12  1.94067167555342E+00
 cg2d: Sum(rhs),rhsMax =   9.66338120633736E-13  1.94069563994651E+00
 cg2d: Sum(rhs),rhsMax =   8.24229573481716E-13  1.94071914961327E+00
 cg2d: Sum(rhs),rhsMax =   8.24229573481716E-13  1.94074220037518E+00
 cg2d: Sum(rhs),rhsMax =   4.54747350886464E-13  1.94076478722064E+00
 cg2d: Sum(rhs),rhsMax =   1.02318153949454E-12  1.94078690459617E+00
 cg2d: Sum(rhs),rhsMax =   1.30739863379858E-12  1.94080854621254E+00
 cg2d: Sum(rhs),rhsMax =   7.24753590475302E-13  1.94082970534094E+00
 cg2d: Sum(rhs),rhsMax =   6.67910171614494E-13  1.94085037463258E+00
 cg2d: Sum(rhs),rhsMax =   9.09494701772928E-13  1.94087054641802E+00
 cg2d: Sum(rhs),rhsMax =   7.10542735760100E-13  1.94089021253814E+00
 cg2d: Sum(rhs),rhsMax =   7.10542735760100E-13  1.94090936464498E+00
 cg2d: Sum(rhs),rhsMax =   7.10542735760100E-13  1.94092799404148E+00
 cg2d: Sum(rhs),rhsMax =   7.10542735760100E-13  1.94094609198245E+00
 cg2d: Sum(rhs),rhsMax =   5.54223333892878E-13  1.94096364951987E+00
 cg2d: Sum(rhs),rhsMax =   3.97903932025656E-13  1.94098065780312E+00
 cg2d: Sum(rhs),rhsMax =   7.81597009336110E-13  1.94099710792622E+00
 cg2d: Sum(rhs),rhsMax =   8.24229573481716E-13  1.94101299122661E+00
 cg2d: Sum(rhs),rhsMax =   7.95807864051312E-13  1.94102829913073E+00
 cg2d: Sum(rhs),rhsMax =   7.81597009336110E-13  1.94104302345069E+00
 cg2d: Sum(rhs),rhsMax =   9.80548975348938E-13  1.94105715622447E+00
 cg2d: Sum(rhs),rhsMax =   7.38964445190504E-13  1.94107069001026E+00
 cg2d: Sum(rhs),rhsMax =   1.16529008664656E-12  1.94108361771747E+00
 cg2d: Sum(rhs),rhsMax =   5.11590769747272E-13  1.94109593289848E+00
 cg2d: Sum(rhs),rhsMax =   7.24753590475302E-13  1.94110762956690E+00
 cg2d: Sum(rhs),rhsMax =   3.55271367880050E-13  1.94111870248684E+00
 cg2d: Sum(rhs),rhsMax =   2.70006239588838E-13  1.94112914697502E+00
 cg2d: Sum(rhs),rhsMax =   5.68434188608080E-13  1.94113895918766E+00
 cg2d: Sum(rhs),rhsMax =   1.56319401867222E-13  1.94114813590362E+00
 cg2d: Sum(rhs),rhsMax =   3.26849658449646E-13  1.94115667480914E+00
 cg2d: Sum(rhs),rhsMax =   3.12638803734444E-13  1.94116457425968E+00
 cg2d: Sum(rhs),rhsMax =   7.10542735760100E-14  1.94117183356294E+00
 cg2d: Sum(rhs),rhsMax =   4.40536496171262E-13  1.94117845271777E+00
 cg2d: Sum(rhs),rhsMax =   5.11590769747272E-13  1.94118443269579E+00
 cg2d: Sum(rhs),rhsMax =   6.11066752753686E-13  1.94118977515658E+00
 cg2d: Sum(rhs),rhsMax =   1.22213350550737E-12  1.94119448272845E+00
 cg2d: Sum(rhs),rhsMax =   6.25277607468888E-13  1.94119855869946E+00
 cg2d: Sum(rhs),rhsMax =   6.67910171614494E-13  1.94120200729824E+00
 cg2d: Sum(rhs),rhsMax =   3.12638803734444E-13  1.94120483336107E+00
 cg2d: Sum(rhs),rhsMax =   7.24753590475302E-13  1.94120704261354E+00
 cg2d: Sum(rhs),rhsMax =   7.24753590475302E-13  1.94120864131468E+00
 cg2d: Sum(rhs),rhsMax =   1.06581410364015E-12  1.94120963654010E+00
 cg2d: Sum(rhs),rhsMax =   8.95283847057726E-13  1.94121003580504E+00
 cg2d: Sum(rhs),rhsMax =   2.27373675443232E-13  1.94120984734949E+00
 cg2d: Sum(rhs),rhsMax =   1.10844666778576E-12  1.94120907974249E+00
 cg2d: Sum(rhs),rhsMax =   1.13686837721616E-12  1.94120774216975E+00
 cg2d: Sum(rhs),rhsMax =   9.37916411203332E-13  1.94120584402202E+00
(PID.TID 0000.0001) whio : write lev 2 rec   9
 cg2d: Sum(rhs),rhsMax =   8.95283847057726E-13  1.94120339518581E+00
 cg2d: Sum(rhs),rhsMax =   8.81072992342524E-13  1.94120040561900E+00
 cg2d: Sum(rhs),rhsMax =   8.52651282912120E-13  1.94119688564505E+00
 cg2d: Sum(rhs),rhsMax =   1.10844666778576E-12  1.94119284551939E+00
 cg2d: Sum(rhs),rhsMax =   9.52127265918534E-13  1.94118829572765E+00
 cg2d: Sum(rhs),rhsMax =   8.38440428196918E-13  1.94118324654636E+00
 cg2d: Sum(rhs),rhsMax =   1.09423581307055E-12  1.94117770834563E+00
 cg2d: Sum(rhs),rhsMax =   1.05160324892495E-12  1.94117169114801E+00
 cg2d: Sum(rhs),rhsMax =   5.54223333892878E-13  1.94116520493582E+00
 cg2d: Sum(rhs),rhsMax =   1.06581410364015E-12  1.94115825921185E+00
 cg2d: Sum(rhs),rhsMax =   3.26849658449646E-13  1.94115086331163E+00
 cg2d: Sum(rhs),rhsMax =   4.40536496171262E-13  1.94114302596958E+00
 cg2d: Sum(rhs),rhsMax =   9.37916411203332E-13  1.94113475563624E+00
 cg2d: Sum(rhs),rhsMax =   6.39488462184090E-13  1.94112606005325E+00
 cg2d: Sum(rhs),rhsMax =   6.39488462184090E-13  1.94111694657550E+00
 cg2d: Sum(rhs),rhsMax =   3.41060513164848E-13  1.94110742175801E+00
 cg2d: Sum(rhs),rhsMax =   5.96855898038484E-13  1.94109749168279E+00
 cg2d: Sum(rhs),rhsMax =   6.11066752753686E-13  1.94108716156025E+00
 cg2d: Sum(rhs),rhsMax =   9.23705556488130E-13  1.94107643606052E+00
 cg2d: Sum(rhs),rhsMax =   2.84217094304040E-14  1.94106531893151E+00
 cg2d: Sum(rhs),rhsMax =   7.24753590475302E-13  1.94105381333430E+00
 cg2d: Sum(rhs),rhsMax =   9.37916411203332E-13  1.94104192147948E+00
 cg2d: Sum(rhs),rhsMax =   3.12638803734444E-13  1.94102964496613E+00
 cg2d: Sum(rhs),rhsMax =   7.10542735760100E-14  1.94101698443735E+00
 cg2d: Sum(rhs),rhsMax =   7.24753590475302E-13  1.94100393992248E+00
 cg2d: Sum(rhs),rhsMax =   7.67386154620908E-13  1.94099051051206E+00
 cg2d: Sum(rhs),rhsMax =   6.39488462184090E-13  1.94097669470278E+00
 cg2d: Sum(rhs),rhsMax =   4.97379915032070E-13  1.94096249009167E+00
 cg2d: Sum(rhs),rhsMax =   6.25277607468888E-13  1.94094789372318E+00
 cg2d: Sum(rhs),rhsMax =   3.83693077310454E-13  1.94093290180158E+00
 cg2d: Sum(rhs),rhsMax =   4.83169060316868E-13  1.94091751003989E+00
 cg2d: Sum(rhs),rhsMax =   7.10542735760100E-13  1.94090171338886E+00
 cg2d: Sum(rhs),rhsMax =   6.53699316899292E-13  1.94088550638725E+00
 cg2d: Sum(rhs),rhsMax =   5.68434188608080E-13  1.94086888290535E+00
 cg2d: Sum(rhs),rhsMax =  -1.27897692436818E-13  1.94085183649623E+00
 cg2d: Sum(rhs),rhsMax =   7.81597009336110E-13  1.94083436015121E+00
 cg2d: Sum(rhs),rhsMax =   8.95283847057726E-13  1.94081644665179E+00
 cg2d: Sum(rhs),rhsMax =   6.67910171614494E-13  1.94079808833404E+00
 cg2d: Sum(rhs),rhsMax =   2.55795384873636E-13  1.94077927744093E+00
 cg2d: Sum(rhs),rhsMax =   4.83169060316868E-13  1.94076000589250E+00
 cg2d: Sum(rhs),rhsMax =   6.25277607468888E-13  1.94074026563829E+00
 cg2d: Sum(rhs),rhsMax =   5.96855898038484E-13  1.94072004842983E+00
 cg2d: Sum(rhs),rhsMax =   4.54747350886464E-13  1.94069934617308E+00
 cg2d: Sum(rhs),rhsMax =   3.26849658449646E-13  1.94067815069971E+00
 cg2d: Sum(rhs),rhsMax =   2.98427949019242E-13  1.94065645411944E+00
 cg2d: Sum(rhs),rhsMax =   6.82121026329696E-13  1.94063424858662E+00
 cg2d: Sum(rhs),rhsMax =   1.06581410364015E-12  1.94061152665241E+00
 cg2d: Sum(rhs),rhsMax =   8.95283847057726E-13  1.94058828102344E+00
 cg2d: Sum(rhs),rhsMax =   8.95283847057726E-13  1.94056450491364E+00
 cg2d: Sum(rhs),rhsMax =   5.82645043323282E-13  1.94054019179215E+00
 cg2d: Sum(rhs),rhsMax =   5.54223333892878E-13  1.94051533573455E+00
 cg2d: Sum(rhs),rhsMax =   7.95807864051312E-13  1.94048993115748E+00
 cg2d: Sum(rhs),rhsMax =   6.67910171614494E-13  1.94046397316928E+00
 cg2d: Sum(rhs),rhsMax =   8.38440428196918E-13  1.94043745728888E+00
 cg2d: Sum(rhs),rhsMax =   8.10018718766514E-13  1.94041037979603E+00
 cg2d: Sum(rhs),rhsMax =   2.13162820728030E-13  1.94038273743277E+00
 cg2d: Sum(rhs),rhsMax =   7.53175299905706E-13  1.94035452775302E+00
 cg2d: Sum(rhs),rhsMax =   9.66338120633736E-13  1.94032574880570E+00
 cg2d: Sum(rhs),rhsMax =   1.98951966012828E-13  1.94029639948347E+00
 cg2d: Sum(rhs),rhsMax =   9.37916411203332E-13  1.94026647918693E+00
 cg2d: Sum(rhs),rhsMax =   6.96331881044898E-13  1.94023598817269E+00
 cg2d: Sum(rhs),rhsMax =   4.54747350886464E-13  1.94020492719833E+00
 cg2d: Sum(rhs),rhsMax =   1.98951966012828E-13  1.94017329786992E+00
 cg2d: Sum(rhs),rhsMax =   7.24753590475302E-13  1.94014110226852E+00
 cg2d: Sum(rhs),rhsMax =   4.68958205601666E-13  1.94010834329681E+00
 cg2d: Sum(rhs),rhsMax =   4.54747350886464E-13  1.94007502428838E+00
 cg2d: Sum(rhs),rhsMax =   4.26325641456060E-13  1.94004114935350E+00
 cg2d: Sum(rhs),rhsMax =   6.82121026329696E-13  1.94000672297286E+00
 cg2d: Sum(rhs),rhsMax =   4.26325641456060E-13  1.93997175034236E+00
 cg2d: Sum(rhs),rhsMax =   5.54223333892878E-13  1.93993623695353E+00
 cg2d: Sum(rhs),rhsMax =   5.68434188608080E-13  1.93990018893717E+00
 cg2d: Sum(rhs),rhsMax =   7.38964445190504E-13  1.93986361263304E+00
(PID.TID 0000.0001) whio : write lev 2 rec  10
 cg2d: Sum(rhs),rhsMax =   8.10018718766514E-13  1.93982651493238E+00
 cg2d: Sum(rhs),rhsMax =   1.08002495835535E-12  1.93978890283956E+00
 cg2d: Sum(rhs),rhsMax =   6.96331881044898E-13  1.93975078381346E+00
 cg2d: Sum(rhs),rhsMax =   3.41060513164848E-13  1.93971216532422E+00
 cg2d: Sum(rhs),rhsMax =   7.67386154620908E-13  1.93967305519333E+00
 cg2d: Sum(rhs),rhsMax =   2.41584530158434E-13  1.93963346114863E+00
 cg2d: Sum(rhs),rhsMax =   3.26849658449646E-13  1.93959339116309E+00
 cg2d: Sum(rhs),rhsMax =   5.54223333892878E-13  1.93955285301135E+00
 cg2d: Sum(rhs),rhsMax =   8.10018718766514E-13  1.93951185460701E+00
 cg2d: Sum(rhs),rhsMax =   6.25277607468888E-13  1.93947040356383E+00
 cg2d: Sum(rhs),rhsMax =   3.97903932025656E-13  1.93942850753153E+00
 cg2d: Sum(rhs),rhsMax =   8.10018718766514E-13  1.93938617361860E+00
 cg2d: Sum(rhs),rhsMax =   7.95807864051312E-13  1.93934340883662E+00
 cg2d: Sum(rhs),rhsMax =   6.67910171614494E-13  1.93930022014124E+00
 cg2d: Sum(rhs),rhsMax =   2.84217094304040E-13  1.93925661436102E+00
 cg2d: Sum(rhs),rhsMax =   5.96855898038484E-13  1.93921259761512E+00
 cg2d: Sum(rhs),rhsMax =   9.09494701772928E-13  1.93916817564019E+00
 cg2d: Sum(rhs),rhsMax =   3.41060513164848E-13  1.93912335345817E+00
 cg2d: Sum(rhs),rhsMax =   6.82121026329696E-13  1.93907813582481E+00
 cg2d: Sum(rhs),rhsMax =   6.67910171614494E-13  1.93903252688647E+00
 cg2d: Sum(rhs),rhsMax =   7.67386154620908E-13  1.93898653050033E+00
 cg2d: Sum(rhs),rhsMax =   8.81072992342524E-13  1.93894014984249E+00
 cg2d: Sum(rhs),rhsMax =   2.98427949019242E-13  1.93889338772231E+00
 cg2d: Sum(rhs),rhsMax =   7.95807864051312E-13  1.93884624622784E+00
 cg2d: Sum(rhs),rhsMax =   6.96331881044898E-13  1.93879872705796E+00
 cg2d: Sum(rhs),rhsMax =   5.40012479177676E-13  1.93875082363296E+00
 cg2d: Sum(rhs),rhsMax =   6.25277607468888E-13  1.93870256236233E+00
 cg2d: Sum(rhs),rhsMax =   3.55271367880050E-13  1.93865391207221E+00
 cg2d: Sum(rhs),rhsMax =   5.54223333892878E-13  1.93860488608024E+00
 cg2d: Sum(rhs),rhsMax =   9.52127265918534E-13  1.93855548342025E+00
 cg2d: Sum(rhs),rhsMax =   0.00000000000000E+00  1.93850570164250E+00
 cg2d: Sum(rhs),rhsMax =   8.38440428196918E-13  1.93845553842316E+00
 cg2d: Sum(rhs),rhsMax =   6.39488462184090E-13  1.93840499133962E+00
 cg2d: Sum(rhs),rhsMax =   8.81072992342524E-13  1.93835405747830E+00
 cg2d: Sum(rhs),rhsMax =   5.68434188608080E-13  1.93830273367747E+00
 cg2d: Sum(rhs),rhsMax =   7.10542735760100E-13  1.93825101630977E+00
 cg2d: Sum(rhs),rhsMax =   3.69482222595252E-13  1.93819890155500E+00
 cg2d: Sum(rhs),rhsMax =   4.40536496171262E-13  1.93814638517246E+00
 cg2d: Sum(rhs),rhsMax =   3.12638803734444E-13  1.93809346281370E+00
 cg2d: Sum(rhs),rhsMax =   2.84217094304040E-13  1.93804012980312E+00
 cg2d: Sum(rhs),rhsMax =   3.26849658449646E-13  1.93798638146397E+00
 cg2d: Sum(rhs),rhsMax =   8.10018718766514E-13  1.93793221288328E+00
 cg2d: Sum(rhs),rhsMax =   3.26849658449646E-13  1.93787761923649E+00
 cg2d: Sum(rhs),rhsMax =   6.82121026329696E-13  1.93782258822243E+00
 cg2d: Sum(rhs),rhsMax =   3.83693077310454E-13  1.93776713996742E+00
 cg2d: Sum(rhs),rhsMax =   5.25801624462474E-13  1.93771123966278E+00
 cg2d: Sum(rhs),rhsMax =   9.23705556488130E-13  1.93765489590916E+00
 cg2d: Sum(rhs),rhsMax =   5.96855898038484E-13  1.93759810428791E+00
 cg2d: Sum(rhs),rhsMax =   6.25277607468888E-13  1.93754085955470E+00
 cg2d: Sum(rhs),rhsMax =   4.83169060316868E-13  1.93748315727473E+00
 cg2d: Sum(rhs),rhsMax =   9.37916411203332E-13  1.93742499362362E+00
 cg2d: Sum(rhs),rhsMax =   7.24753590475302E-13  1.93736636499413E+00
 cg2d: Sum(rhs),rhsMax =   5.82645043323282E-13  1.93730726823619E+00
 cg2d: Sum(rhs),rhsMax =   6.11066752753686E-13  1.93724770042251E+00
 cg2d: Sum(rhs),rhsMax =   6.96331881044898E-13  1.93718765912143E+00
 cg2d: Sum(rhs),rhsMax =   2.84217094304040E-14  1.93712714213695E+00
 cg2d: Sum(rhs),rhsMax =   1.06581410364015E-12  1.93706614782064E+00
 cg2d: Sum(rhs),rhsMax =   5.54223333892878E-13  1.93700467480182E+00
 cg2d: Sum(rhs),rhsMax =   5.11590769747272E-13  1.93694272230865E+00
 cg2d: Sum(rhs),rhsMax =   3.41060513164848E-13  1.93688028246543E+00
 cg2d: Sum(rhs),rhsMax =   6.53699316899292E-13  1.93681738062747E+00
 cg2d: Sum(rhs),rhsMax =   6.96331881044898E-13  1.93675398692552E+00
 cg2d: Sum(rhs),rhsMax =   9.94759830064140E-14  1.93669011589646E+00
 cg2d: Sum(rhs),rhsMax =   4.26325641456060E-13  1.93662576897564E+00
 cg2d: Sum(rhs),rhsMax =   4.83169060316868E-13  1.93656094710317E+00
 cg2d: Sum(rhs),rhsMax =   1.16529008664656E-12  1.93649565223587E+00
 cg2d: Sum(rhs),rhsMax =   4.83169060316868E-13  1.93642988709564E+00
 cg2d: Sum(rhs),rhsMax =   1.05160324892495E-12  1.93636365470939E+00
 cg2d: Sum(rhs),rhsMax =   2.84217094304040E-13  1.93629695861591E+00
 cg2d: Sum(rhs),rhsMax =   8.24229573481716E-13  1.93622980255955E+00
 cg2d: Sum(rhs),rhsMax =   3.55271367880050E-13  1.93616219073123E+00
 cg2d: Sum(rhs),rhsMax =   7.67386154620908E-13  1.93609412744432E+00
(PID.TID 0000.0001) Did not write pickup because writePickupAtEnd = FALSE
(PID.TID 0000.0001) whio : write lev 2 rec  11
 cg2d: Sum(rhs),rhsMax =   8.10018718766514E-13  1.93982651493238E+00
 cg2d: Sum(rhs),rhsMax =   1.08002495835535E-12  1.93978890283956E+00
 cg2d: Sum(rhs),rhsMax =   6.96331881044898E-13  1.93975078381346E+00
 cg2d: Sum(rhs),rhsMax =   3.41060513164848E-13  1.93971216532422E+00
 cg2d: Sum(rhs),rhsMax =   7.67386154620908E-13  1.93967305519333E+00
 cg2d: Sum(rhs),rhsMax =   2.41584530158434E-13  1.93963346114863E+00
 cg2d: Sum(rhs),rhsMax =   3.26849658449646E-13  1.93959339116309E+00
 cg2d: Sum(rhs),rhsMax =   5.54223333892878E-13  1.93955285301135E+00
 cg2d: Sum(rhs),rhsMax =   8.10018718766514E-13  1.93951185460701E+00
 cg2d: Sum(rhs),rhsMax =   6.25277607468888E-13  1.93947040356383E+00
 cg2d: Sum(rhs),rhsMax =   3.97903932025656E-13  1.93942850753153E+00
 cg2d: Sum(rhs),rhsMax =   8.10018718766514E-13  1.93938617361860E+00
 cg2d: Sum(rhs),rhsMax =   7.95807864051312E-13  1.93934340883662E+00
 cg2d: Sum(rhs),rhsMax =   6.67910171614494E-13  1.93930022014124E+00
 cg2d: Sum(rhs),rhsMax =   2.84217094304040E-13  1.93925661436102E+00
 cg2d: Sum(rhs),rhsMax =   5.96855898038484E-13  1.93921259761512E+00
 cg2d: Sum(rhs),rhsMax =   9.09494701772928E-13  1.93916817564019E+00
 cg2d: Sum(rhs),rhsMax =   3.41060513164848E-13  1.93912335345817E+00
 cg2d: Sum(rhs),rhsMax =   6.82121026329696E-13  1.93907813582481E+00
 cg2d: Sum(rhs),rhsMax =   6.67910171614494E-13  1.93903252688647E+00
 cg2d: Sum(rhs),rhsMax =   7.67386154620908E-13  1.93898653050033E+00
 cg2d: Sum(rhs),rhsMax =   8.81072992342524E-13  1.93894014984249E+00
 cg2d: Sum(rhs),rhsMax =   2.98427949019242E-13  1.93889338772231E+00
 cg2d: Sum(rhs),rhsMax =   7.95807864051312E-13  1.93884624622784E+00
 cg2d: Sum(rhs),rhsMax =   6.96331881044898E-13  1.93879872705796E+00
 cg2d: Sum(rhs),rhsMax =   5.40012479177676E-13  1.93875082363296E+00
 cg2d: Sum(rhs),rhsMax =   6.25277607468888E-13  1.93870256236233E+00
 cg2d: Sum(rhs),rhsMax =   3.55271367880050E-13  1.93865391207221E+00
 cg2d: Sum(rhs),rhsMax =   5.54223333892878E-13  1.93860488608024E+00
 cg2d: Sum(rhs),rhsMax =   9.52127265918534E-13  1.93855548342025E+00
 cg2d: Sum(rhs),rhsMax =   0.00000000000000E+00  1.93850570164250E+00
 cg2d: Sum(rhs),rhsMax =   8.38440428196918E-13  1.93845553842316E+00
 cg2d: Sum(rhs),rhsMax =   6.39488462184090E-13  1.93840499133962E+00
 cg2d: Sum(rhs),rhsMax =   8.81072992342524E-13  1.93835405747830E+00
 cg2d: Sum(rhs),rhsMax =   5.68434188608080E-13  1.93830273367747E+00
 cg2d: Sum(rhs),rhsMax =   7.10542735760100E-13  1.93825101630977E+00
 cg2d: Sum(rhs),rhsMax =   3.69482222595252E-13  1.93819890155500E+00
 cg2d: Sum(rhs),rhsMax =   4.40536496171262E-13  1.93814638517246E+00
 cg2d: Sum(rhs),rhsMax =   3.12638803734444E-13  1.93809346281370E+00
 cg2d: Sum(rhs),rhsMax =   2.84217094304040E-13  1.93804012980312E+00
 cg2d: Sum(rhs),rhsMax =   3.26849658449646E-13  1.93798638146397E+00
 cg2d: Sum(rhs),rhsMax =   8.10018718766514E-13  1.93793221288328E+00
 cg2d: Sum(rhs),rhsMax =   3.26849658449646E-13  1.93787761923649E+00
 cg2d: Sum(rhs),rhsMax =   6.82121026329696E-13  1.93782258822243E+00
 cg2d: Sum(rhs),rhsMax =   3.83693077310454E-13  1.93776713996742E+00
 cg2d: Sum(rhs),rhsMax =   5.25801624462474E-13  1.93771123966278E+00
 cg2d: Sum(rhs),rhsMax =   9.23705556488130E-13  1.93765489590916E+00
 cg2d: Sum(rhs),rhsMax =   5.96855898038484E-13  1.93759810428791E+00
 cg2d: Sum(rhs),rhsMax =   6.25277607468888E-13  1.93754085955470E+00
 cg2d: Sum(rhs),rhsMax =   4.83169060316868E-13  1.93748315727473E+00
 cg2d: Sum(rhs),rhsMax =   9.37916411203332E-13  1.93742499362362E+00
 cg2d: Sum(rhs),rhsMax =   7.24753590475302E-13  1.93736636499413E+00
 cg2d: Sum(rhs),rhsMax =   5.82645043323282E-13  1.93730726823619E+00
 cg2d: Sum(rhs),rhsMax =   6.11066752753686E-13  1.93724770042251E+00
 cg2d: Sum(rhs),rhsMax =   6.96331881044898E-13  1.93718765912143E+00
 cg2d: Sum(rhs),rhsMax =   2.84217094304040E-14  1.93712714213695E+00
 cg2d: Sum(rhs),rhsMax =   1.06581410364015E-12  1.93706614782064E+00
 cg2d: Sum(rhs),rhsMax =   5.54223333892878E-13  1.93700467480182E+00
 cg2d: Sum(rhs),rhsMax =   5.11590769747272E-13  1.93694272230865E+00
 cg2d: Sum(rhs),rhsMax =   3.41060513164848E-13  1.93688028246543E+00
 cg2d: Sum(rhs),rhsMax =   6.53699316899292E-13  1.93681738062747E+00
 cg2d: Sum(rhs),rhsMax =   6.96331881044898E-13  1.93675398692552E+00
 cg2d: Sum(rhs),rhsMax =   9.94759830064140E-14  1.93669011589646E+00
 cg2d: Sum(rhs),rhsMax =   4.26325641456060E-13  1.93662576897564E+00
 cg2d: Sum(rhs),rhsMax =   4.83169060316868E-13  1.93656094710317E+00
 cg2d: Sum(rhs),rhsMax =   1.16529008664656E-12  1.93649565223587E+00
 cg2d: Sum(rhs),rhsMax =   4.83169060316868E-13  1.93642988709564E+00
 cg2d: Sum(rhs),rhsMax =   1.05160324892495E-12  1.93636365470939E+00
 cg2d: Sum(rhs),rhsMax =   2.84217094304040E-13  1.93629695861591E+00
 cg2d: Sum(rhs),rhsMax =   8.24229573481716E-13  1.93622980255955E+00
 cg2d: Sum(rhs),rhsMax =   3.55271367880050E-13  1.93616219073123E+00
 cg2d: Sum(rhs),rhsMax =   7.67386154620908E-13  1.93609412744432E+00
(PID.TID 0000.0001) Did not write pickup because writePickupAtEnd = FALSE
(PID.TID 0000.0001) Did not write pickup because writePickupAtEnd = FALSE
 Calling cg2d from S/R CG2D_MAD
 cg2d: Sum(rhs),rhsMax =   8.30074844698607E-16  1.04201910538688E-04
 Calling cg2d from S/R CG2D_MAD
 cg2d: Sum(rhs),rhsMax =   2.27899768356197E-16  2.44254364937964E-05
 Calling cg2d from S/R CG2D_MAD
 cg2d: Sum(rhs),rhsMax =  -2.92471582840964E-16  5.24357463628799E-06
 Calling cg2d from S/R CG2D_MAD
 cg2d: Sum(rhs),rhsMax =  -3.16672161176966E-16  3.83204918873580E-06
 Calling cg2d from S/R CG2D_MAD
 cg2d: Sum(rhs),rhsMax =  -5.69321337035716E-16  7.19172767758968E-07
 Calling cg2d from S/R CG2D_MAD
 cg2d: Sum(rhs),rhsMax =  -2.25037002921091E-15  2.81305737043910E-07
 Calling cg2d from S/R CG2D_MAD
 cg2d: Sum(rhs),rhsMax =   4.29604268825656E-15  1.30663246909839E-07
 Calling cg2d from S/R CG2D_MAD
 cg2d: Sum(rhs),rhsMax =   1.99840144432528E-15  7.26579816014968E-08
 Calling cg2d from S/R CG2D_MAD
 cg2d: Sum(rhs),rhsMax =  -6.89726054048379E-15  5.47266259181072E-08
 Calling cg2d from S/R CG2D_MAD
 cg2d: Sum(rhs),rhsMax =  -5.21804821573824E-15  4.28575731945509E-08
 Calling cg2d from S/R CG2D_MAD
 cg2d: Sum(rhs),rhsMax =  -4.06341627012807E-14  3.43575736083153E-08
 Calling cg2d from S/R CG2D_MAD
 cg2d: Sum(rhs),rhsMax =   5.35127497869325E-14  2.83225551440815E-08
 Calling cg2d from S/R CG2D_MAD
 cg2d: Sum(rhs),rhsMax =   1.21236354289067E-13  2.65881871272889E-08
 Calling cg2d from S/R CG2D_MAD
 cg2d: Sum(rhs),rhsMax =   1.19904086659517E-13  2.48661802215816E-08
 Calling cg2d from S/R CG2D_MAD
 cg2d: Sum(rhs),rhsMax =   8.70414851306123E-14  2.21145091198563E-08
 Calling cg2d from S/R CG2D_MAD
 cg2d: Sum(rhs),rhsMax =   4.44089209850063E-14  1.94970188749701E-08
 Calling cg2d from S/R CG2D_MAD
 cg2d: Sum(rhs),rhsMax =  -3.90798504668055E-14  1.71191232714949E-08
 Calling cg2d from S/R CG2D_MAD
 cg2d: Sum(rhs),rhsMax =  -1.06581410364015E-14  1.52517825408859E-08
 Calling cg2d from S/R CG2D_MAD
 cg2d: Sum(rhs),rhsMax =  -8.52651282912120E-14  1.36975003951339E-08
 Calling cg2d from S/R CG2D_MAD
 cg2d: Sum(rhs),rhsMax =  -1.77635683940025E-14  1.48064224229436E-08
 Calling cg2d from S/R CG2D_MAD
 cg2d: Sum(rhs),rhsMax =  -1.77635683940025E-14  1.67979928770762E-08
 Calling cg2d from S/R CG2D_MAD
 cg2d: Sum(rhs),rhsMax =  -2.13162820728030E-14  1.86169695606431E-08
 Calling cg2d from S/R CG2D_MAD
 cg2d: Sum(rhs),rhsMax =   6.75015598972095E-14  1.99971403466019E-08
 Calling cg2d from S/R CG2D_MAD
 cg2d: Sum(rhs),rhsMax =  -1.42108547152020E-14  2.07532647045103E-08
 Calling cg2d from S/R CG2D_MAD
 cg2d: Sum(rhs),rhsMax =  -3.90798504668055E-14  2.08215665546849E-08
 Calling cg2d from S/R CG2D_MAD
 cg2d: Sum(rhs),rhsMax =   4.44089209850063E-14  2.02621958904376E-08
 Calling cg2d from S/R CG2D_MAD
 cg2d: Sum(rhs),rhsMax =   1.38555833473220E-13  1.92283461731833E-08
 Calling cg2d from S/R CG2D_MAD
 cg2d: Sum(rhs),rhsMax =  -4.97379915032070E-14  1.79169736993637E-08
 Calling cg2d from S/R CG2D_MAD
 cg2d: Sum(rhs),rhsMax =  -7.10542735760100E-14  1.65189295111081E-08
 Calling cg2d from S/R CG2D_MAD
 cg2d: Sum(rhs),rhsMax =   0.00000000000000E+00  1.51823690995444E-08
 Calling cg2d from S/R CG2D_MAD
 cg2d: Sum(rhs),rhsMax =  -4.97379915032070E-14  1.39957307615952E-08
 Calling cg2d from S/R CG2D_MAD
 cg2d: Sum(rhs),rhsMax =   1.24344978758018E-13  1.29890839459511E-08
 Calling cg2d from S/R CG2D_MAD
 cg2d: Sum(rhs),rhsMax =  -2.84217094304040E-14  1.21478158547869E-08
 Calling cg2d from S/R CG2D_MAD
 cg2d: Sum(rhs),rhsMax =   4.26325641456060E-14  1.14312161480099E-08
 Calling cg2d from S/R CG2D_MAD
 cg2d: Sum(rhs),rhsMax =   3.55271367880050E-14  1.08373007976711E-08
 Calling cg2d from S/R CG2D_MAD
 cg2d: Sum(rhs),rhsMax =  -8.17124146124115E-14  1.06194292682668E-08
 Calling cg2d from S/R CG2D_MAD
 cg2d: Sum(rhs),rhsMax =  -7.10542735760100E-15  1.02982377138334E-08
 Calling cg2d from S/R CG2D_MAD
 cg2d: Sum(rhs),rhsMax =  -4.61852778244065E-14  9.90994147721966E-09
 Calling cg2d from S/R CG2D_MAD
 cg2d: Sum(rhs),rhsMax =  -1.45661260830821E-13  9.47991260410038E-09
 Calling cg2d from S/R CG2D_MAD
 cg2d: Sum(rhs),rhsMax =   4.97379915032070E-14  9.02382103587861E-09
 Calling cg2d from S/R CG2D_MAD
 cg2d: Sum(rhs),rhsMax =   4.97379915032070E-14  8.55000095236232E-09
 Calling cg2d from S/R CG2D_MAD
 cg2d: Sum(rhs),rhsMax =  -1.65201186064223E-13  8.06198924159945E-09
 Calling cg2d from S/R CG2D_MAD
 cg2d: Sum(rhs),rhsMax =  -4.04121180963557E-14  7.56063741420971E-09
 Calling cg2d from S/R CG2D_MAD
 cg2d: Sum(rhs),rhsMax =   1.09245945623115E-13  7.04558584355110E-09
 Calling cg2d from S/R CG2D_MAD
 cg2d: Sum(rhs),rhsMax =   2.43360886997834E-13  6.51613247119539E-09
 Calling cg2d from S/R CG2D_MAD
 cg2d: Sum(rhs),rhsMax =   1.20792265079217E-13  5.97164764821722E-09
 Calling cg2d from S/R CG2D_MAD
 cg2d: Sum(rhs),rhsMax =  -2.13162820728030E-14  5.41171199908158E-09
 Calling cg2d from S/R CG2D_MAD
 cg2d: Sum(rhs),rhsMax =   3.55271367880050E-14  4.93542779809793E-09
 Calling cg2d from S/R CG2D_MAD
 cg2d: Sum(rhs),rhsMax =  -2.13162820728030E-14  5.49187908672027E-09
 Calling cg2d from S/R CG2D_MAD
 cg2d: Sum(rhs),rhsMax =   1.42108547152020E-14  6.00557740196789E-09
 Calling cg2d from S/R CG2D_MAD
 cg2d: Sum(rhs),rhsMax =   1.42108547152020E-14  6.47543814241636E-09
 Calling cg2d from S/R CG2D_MAD
 cg2d: Sum(rhs),rhsMax =  -7.10542735760100E-15  6.90035781538524E-09
 Calling cg2d from S/R CG2D_MAD
 cg2d: Sum(rhs),rhsMax =   2.84217094304040E-14  7.27894108359174E-09
 Calling cg2d from S/R CG2D_MAD
 cg2d: Sum(rhs),rhsMax =  -1.20792265079217E-13  7.60921986019402E-09
 Calling cg2d from S/R CG2D_MAD
 cg2d: Sum(rhs),rhsMax =  -1.42108547152020E-14  7.88842623017312E-09
 Calling cg2d from S/R CG2D_MAD
 cg2d: Sum(rhs),rhsMax =   0.00000000000000E+00  8.11288421429396E-09
 Calling cg2d from S/R CG2D_MAD
 cg2d: Sum(rhs),rhsMax =  -4.97379915032070E-14  8.27807703987121E-09
 Calling cg2d from S/R CG2D_MAD
 cg2d: Sum(rhs),rhsMax =  -4.97379915032070E-14  8.37892576293418E-09
 Calling cg2d from S/R CG2D_MAD
 cg2d: Sum(rhs),rhsMax =  -4.97379915032070E-14  8.41028330496386E-09
 Calling cg2d from S/R CG2D_MAD
 cg2d: Sum(rhs),rhsMax =  -2.13162820728030E-14  8.36760834824919E-09
 Calling cg2d from S/R CG2D_MAD
 cg2d: Sum(rhs),rhsMax =   7.81597009336110E-14  8.24774338799529E-09
 Calling cg2d from S/R CG2D_MAD
 cg2d: Sum(rhs),rhsMax =  -5.68434188608080E-14  8.04968946837535E-09
 Calling cg2d from S/R CG2D_MAD
 cg2d: Sum(rhs),rhsMax =  -5.68434188608080E-14  7.77524685250221E-09
 Calling cg2d from S/R CG2D_MAD
 cg2d: Sum(rhs),rhsMax =   2.84217094304040E-14  7.46731790746121E-09
 Calling cg2d from S/R CG2D_MAD
 cg2d: Sum(rhs),rhsMax =   4.97379915032070E-14  7.63182607452701E-09
 Calling cg2d from S/R CG2D_MAD
 cg2d: Sum(rhs),rhsMax =   3.55271367880050E-14  7.73983944175039E-09
 Calling cg2d from S/R CG2D_MAD
 cg2d: Sum(rhs),rhsMax =  -2.84217094304040E-14  7.78234609262970E-09
 Calling cg2d from S/R CG2D_MAD
 cg2d: Sum(rhs),rhsMax =   4.26325641456060E-14  7.75029751644090E-09
 Calling cg2d from S/R CG2D_MAD
 cg2d: Sum(rhs),rhsMax =  -3.55271367880050E-14  7.63590343598234E-09
 Calling cg2d from S/R CG2D_MAD
 cg2d: Sum(rhs),rhsMax =   2.84217094304040E-14  7.43396278599682E-09
 Calling cg2d from S/R CG2D_MAD
 cg2d: Sum(rhs),rhsMax =  -4.97379915032070E-14  7.27641988818106E-09
 Calling cg2d from S/R CG2D_MAD
 cg2d: Sum(rhs),rhsMax =  -1.06581410364015E-13  7.66643085558902E-09
 cg2d: Sum(rhs),rhsMax =   8.95283847057726E-13  1.94120339518581E+00
 cg2d: Sum(rhs),rhsMax =   8.81072992342524E-13  1.94120040561900E+00
 cg2d: Sum(rhs),rhsMax =   8.52651282912120E-13  1.94119688564505E+00
 cg2d: Sum(rhs),rhsMax =   1.10844666778576E-12  1.94119284551939E+00
 cg2d: Sum(rhs),rhsMax =   9.52127265918534E-13  1.94118829572765E+00
 cg2d: Sum(rhs),rhsMax =   8.38440428196918E-13  1.94118324654636E+00
 cg2d: Sum(rhs),rhsMax =   1.09423581307055E-12  1.94117770834563E+00
 cg2d: Sum(rhs),rhsMax =   1.05160324892495E-12  1.94117169114801E+00
 cg2d: Sum(rhs),rhsMax =   5.54223333892878E-13  1.94116520493582E+00
 cg2d: Sum(rhs),rhsMax =   1.06581410364015E-12  1.94115825921185E+00
 cg2d: Sum(rhs),rhsMax =   3.26849658449646E-13  1.94115086331163E+00
 cg2d: Sum(rhs),rhsMax =   4.40536496171262E-13  1.94114302596958E+00
 cg2d: Sum(rhs),rhsMax =   9.37916411203332E-13  1.94113475563624E+00
 cg2d: Sum(rhs),rhsMax =   6.39488462184090E-13  1.94112606005325E+00
 cg2d: Sum(rhs),rhsMax =   6.39488462184090E-13  1.94111694657550E+00
 cg2d: Sum(rhs),rhsMax =   3.41060513164848E-13  1.94110742175801E+00
 cg2d: Sum(rhs),rhsMax =   5.96855898038484E-13  1.94109749168279E+00
 cg2d: Sum(rhs),rhsMax =   6.11066752753686E-13  1.94108716156025E+00
 cg2d: Sum(rhs),rhsMax =   9.23705556488130E-13  1.94107643606052E+00
 cg2d: Sum(rhs),rhsMax =   2.84217094304040E-14  1.94106531893151E+00
 cg2d: Sum(rhs),rhsMax =   7.24753590475302E-13  1.94105381333430E+00
 cg2d: Sum(rhs),rhsMax =   9.37916411203332E-13  1.94104192147948E+00
 cg2d: Sum(rhs),rhsMax =   3.12638803734444E-13  1.94102964496613E+00
 cg2d: Sum(rhs),rhsMax =   7.10542735760100E-14  1.94101698443735E+00
 cg2d: Sum(rhs),rhsMax =   7.24753590475302E-13  1.94100393992248E+00
 cg2d: Sum(rhs),rhsMax =   7.67386154620908E-13  1.94099051051206E+00
 cg2d: Sum(rhs),rhsMax =   6.39488462184090E-13  1.94097669470278E+00
 cg2d: Sum(rhs),rhsMax =   4.97379915032070E-13  1.94096249009167E+00
 cg2d: Sum(rhs),rhsMax =   6.25277607468888E-13  1.94094789372318E+00
 cg2d: Sum(rhs),rhsMax =   3.83693077310454E-13  1.94093290180158E+00
 cg2d: Sum(rhs),rhsMax =   4.83169060316868E-13  1.94091751003989E+00
 cg2d: Sum(rhs),rhsMax =   7.10542735760100E-13  1.94090171338886E+00
 cg2d: Sum(rhs),rhsMax =   6.53699316899292E-13  1.94088550638725E+00
 cg2d: Sum(rhs),rhsMax =   5.68434188608080E-13  1.94086888290535E+00
 cg2d: Sum(rhs),rhsMax =  -1.27897692436818E-13  1.94085183649623E+00
 cg2d: Sum(rhs),rhsMax =   7.81597009336110E-13  1.94083436015121E+00
 cg2d: Sum(rhs),rhsMax =   8.95283847057726E-13  1.94081644665179E+00
 cg2d: Sum(rhs),rhsMax =   6.67910171614494E-13  1.94079808833404E+00
 cg2d: Sum(rhs),rhsMax =   2.55795384873636E-13  1.94077927744093E+00
 cg2d: Sum(rhs),rhsMax =   4.83169060316868E-13  1.94076000589250E+00
 cg2d: Sum(rhs),rhsMax =   6.25277607468888E-13  1.94074026563829E+00
 cg2d: Sum(rhs),rhsMax =   5.96855898038484E-13  1.94072004842983E+00
 cg2d: Sum(rhs),rhsMax =   4.54747350886464E-13  1.94069934617308E+00
 cg2d: Sum(rhs),rhsMax =   3.26849658449646E-13  1.94067815069971E+00
 cg2d: Sum(rhs),rhsMax =   2.98427949019242E-13  1.94065645411944E+00
 cg2d: Sum(rhs),rhsMax =   6.82121026329696E-13  1.94063424858662E+00
 cg2d: Sum(rhs),rhsMax =   1.06581410364015E-12  1.94061152665241E+00
 cg2d: Sum(rhs),rhsMax =   8.95283847057726E-13  1.94058828102344E+00
 cg2d: Sum(rhs),rhsMax =   8.95283847057726E-13  1.94056450491364E+00
 cg2d: Sum(rhs),rhsMax =   5.82645043323282E-13  1.94054019179215E+00
 cg2d: Sum(rhs),rhsMax =   5.54223333892878E-13  1.94051533573455E+00
 cg2d: Sum(rhs),rhsMax =   7.95807864051312E-13  1.94048993115748E+00
 cg2d: Sum(rhs),rhsMax =   6.67910171614494E-13  1.94046397316928E+00
 cg2d: Sum(rhs),rhsMax =   8.38440428196918E-13  1.94043745728888E+00
 cg2d: Sum(rhs),rhsMax =   8.10018718766514E-13  1.94041037979603E+00
 cg2d: Sum(rhs),rhsMax =   2.13162820728030E-13  1.94038273743277E+00
 cg2d: Sum(rhs),rhsMax =   7.53175299905706E-13  1.94035452775302E+00
 cg2d: Sum(rhs),rhsMax =   9.66338120633736E-13  1.94032574880570E+00
 cg2d: Sum(rhs),rhsMax =   1.98951966012828E-13  1.94029639948347E+00
 cg2d: Sum(rhs),rhsMax =   9.37916411203332E-13  1.94026647918693E+00
 cg2d: Sum(rhs),rhsMax =   6.96331881044898E-13  1.94023598817269E+00
 cg2d: Sum(rhs),rhsMax =   4.54747350886464E-13  1.94020492719833E+00
 cg2d: Sum(rhs),rhsMax =   1.98951966012828E-13  1.94017329786992E+00
 cg2d: Sum(rhs),rhsMax =   7.24753590475302E-13  1.94014110226852E+00
 cg2d: Sum(rhs),rhsMax =   4.68958205601666E-13  1.94010834329681E+00
 cg2d: Sum(rhs),rhsMax =   4.54747350886464E-13  1.94007502428838E+00
 cg2d: Sum(rhs),rhsMax =   4.26325641456060E-13  1.94004114935350E+00
 cg2d: Sum(rhs),rhsMax =   6.82121026329696E-13  1.94000672297286E+00
 cg2d: Sum(rhs),rhsMax =   4.26325641456060E-13  1.93997175034236E+00
 cg2d: Sum(rhs),rhsMax =   5.54223333892878E-13  1.93993623695353E+00
 cg2d: Sum(rhs),rhsMax =   5.68434188608080E-13  1.93990018893717E+00
 cg2d: Sum(rhs),rhsMax =   7.38964445190504E-13  1.93986361263304E+00
 Calling cg2d from S/R CG2D_MAD
 cg2d: Sum(rhs),rhsMax =  -9.23705556488130E-14  8.05893620742403E-09
 Calling cg2d from S/R CG2D_MAD
 cg2d: Sum(rhs),rhsMax =  -4.26325641456060E-14  8.44319962762079E-09
 Calling cg2d from S/R CG2D_MAD
 cg2d: Sum(rhs),rhsMax =   1.74082970261225E-13  8.80496545739635E-09
 Calling cg2d from S/R CG2D_MAD
 cg2d: Sum(rhs),rhsMax =   2.66453525910038E-14  9.12768060929937E-09
 Calling cg2d from S/R CG2D_MAD
 cg2d: Sum(rhs),rhsMax =  -1.33226762955019E-13  9.39402577651769E-09
 Calling cg2d from S/R CG2D_MAD
 cg2d: Sum(rhs),rhsMax =  -2.22044604925031E-14  9.58757477238847E-09
 Calling cg2d from S/R CG2D_MAD
 cg2d: Sum(rhs),rhsMax =  -5.54001289287953E-14  9.69438995840755E-09
 Calling cg2d from S/R CG2D_MAD
 cg2d: Sum(rhs),rhsMax =   2.66453525910038E-15  9.70437479018928E-09
 Calling cg2d from S/R CG2D_MAD
 cg2d: Sum(rhs),rhsMax =  -3.90798504668055E-14  9.61223863116154E-09
 Calling cg2d from S/R CG2D_MAD
 cg2d: Sum(rhs),rhsMax =  -1.06581410364015E-14  9.41798315934157E-09
 Calling cg2d from S/R CG2D_MAD
 cg2d: Sum(rhs),rhsMax =  -6.75015598972095E-14  9.12688015951813E-09
 Calling cg2d from S/R CG2D_MAD
 cg2d: Sum(rhs),rhsMax =  -6.39488462184090E-14  8.74897078882757E-09
 Calling cg2d from S/R CG2D_MAD
 cg2d: Sum(rhs),rhsMax =   1.42108547152020E-14  8.29816806726502E-09
 Calling cg2d from S/R CG2D_MAD
 cg2d: Sum(rhs),rhsMax =   6.39488462184090E-14  7.79108162206107E-09
 Calling cg2d from S/R CG2D_MAD
 cg2d: Sum(rhs),rhsMax =   9.23705556488130E-14  7.24570239277815E-09
 Calling cg2d from S/R CG2D_MAD
 cg2d: Sum(rhs),rhsMax =  -2.13162820728030E-14  7.65369357725906E-09
 Calling cg2d from S/R CG2D_MAD
 cg2d: Sum(rhs),rhsMax =   2.13162820728030E-14  8.35889586837628E-09
 Calling cg2d from S/R CG2D_MAD
 cg2d: Sum(rhs),rhsMax =  -6.39488462184090E-14  8.97967366298138E-09
 Calling cg2d from S/R CG2D_MAD
 cg2d: Sum(rhs),rhsMax =  -3.19744231092045E-14  9.50483899244745E-09
 Calling cg2d from S/R CG2D_MAD
 cg2d: Sum(rhs),rhsMax =  -8.88178419700125E-14  9.92720024704353E-09
 Calling cg2d from S/R CG2D_MAD
 cg2d: Sum(rhs),rhsMax =   3.90798504668055E-14  1.02435095067840E-08
 Calling cg2d from S/R CG2D_MAD
 cg2d: Sum(rhs),rhsMax =   2.13162820728030E-14  1.04541087043071E-08
 Calling cg2d from S/R CG2D_MAD
 cg2d: Sum(rhs),rhsMax =   4.08562073062058E-14  1.05623492636526E-08
 Calling cg2d from S/R CG2D_MAD
 cg2d: Sum(rhs),rhsMax =   4.97379915032070E-14  1.05738730297296E-08
 Calling cg2d from S/R CG2D_MAD
 cg2d: Sum(rhs),rhsMax =  -9.94759830064140E-14  1.04958442817834E-08
 Calling cg2d from S/R CG2D_MAD
 cg2d: Sum(rhs),rhsMax =   2.04281036531029E-14  1.03362117594382E-08
 Calling cg2d from S/R CG2D_MAD
 cg2d: Sum(rhs),rhsMax =   5.70654634657330E-14  1.01030656669949E-08
 Calling cg2d from S/R CG2D_MAD
 cg2d: Sum(rhs),rhsMax =   9.79216707719388E-14  9.80413392736470E-09
 Calling cg2d from S/R CG2D_MAD
 cg2d: Sum(rhs),rhsMax =   3.46389583683049E-14  9.44644065647783E-09
 Calling cg2d from S/R CG2D_MAD
 cg2d: Sum(rhs),rhsMax =   1.95399252334028E-14  9.03612960947106E-09
 Calling cg2d from S/R CG2D_MAD
 cg2d: Sum(rhs),rhsMax =  -2.93098878501041E-14  8.57843816266816E-09
 Calling cg2d from S/R CG2D_MAD
 cg2d: Sum(rhs),rhsMax =  -7.63833440942108E-14  8.07779421890334E-09
 Calling cg2d from S/R CG2D_MAD
 cg2d: Sum(rhs),rhsMax =   1.77635683940025E-14  7.53800152578282E-09
 Calling cg2d from S/R CG2D_MAD
 cg2d: Sum(rhs),rhsMax =  -1.24344978758018E-14  6.96247375859023E-09
 Calling cg2d from S/R CG2D_MAD
 cg2d: Sum(rhs),rhsMax =  -6.75015598972095E-14  6.35448124828833E-09
 Calling cg2d from S/R CG2D_MAD
 cg2d: Sum(rhs),rhsMax =  -4.97379915032070E-14  5.71737688407977E-09
 Calling cg2d from S/R CG2D_MAD
 cg2d: Sum(rhs),rhsMax =  -2.53130849614536E-14  5.54175052316715E-09
 Calling cg2d from S/R CG2D_MAD
 cg2d: Sum(rhs),rhsMax =  -6.43929354282591E-15  5.48675177818486E-09
 Calling cg2d from S/R CG2D_MAD
 cg2d: Sum(rhs),rhsMax =  -4.52970994047064E-14  5.38843927257946E-09
 Calling cg2d from S/R CG2D_MAD
 cg2d: Sum(rhs),rhsMax =  -5.86197757002083E-14  5.24810064701240E-09
 Calling cg2d from S/R CG2D_MAD
 cg2d: Sum(rhs),rhsMax =   8.52651282912120E-14  5.06705918254846E-09
 Calling cg2d from S/R CG2D_MAD
 cg2d: Sum(rhs),rhsMax =   4.97379915032070E-14  4.84672061778237E-09
 Calling cg2d from S/R CG2D_MAD
 cg2d: Sum(rhs),rhsMax =  -2.13162820728030E-14  4.58865298141250E-09
 Calling cg2d from S/R CG2D_MAD
 cg2d: Sum(rhs),rhsMax =   1.13686837721616E-13  4.43842738527526E-09
 Calling cg2d from S/R CG2D_MAD
 cg2d: Sum(rhs),rhsMax =  -1.70530256582424E-13  4.52046371273925E-09
 Calling cg2d from S/R CG2D_MAD
 cg2d: Sum(rhs),rhsMax =  -1.13686837721616E-13  4.89119011264941E-09
 Calling cg2d from S/R CG2D_MAD
 cg2d: Sum(rhs),rhsMax =   7.81597009336110E-14  5.23145871074840E-09
 Calling cg2d from S/R CG2D_MAD
 cg2d: Sum(rhs),rhsMax =   2.84217094304040E-14  5.54146875137339E-09
 Calling cg2d from S/R CG2D_MAD
 cg2d: Sum(rhs),rhsMax =  -2.84217094304040E-14  5.82188341458315E-09
 Calling cg2d from S/R CG2D_MAD
 cg2d: Sum(rhs),rhsMax =   7.10542735760100E-15  6.07377425354997E-09
 Calling cg2d from S/R CG2D_MAD
 cg2d: Sum(rhs),rhsMax =   0.00000000000000E+00  6.29854227208981E-09
 Calling cg2d from S/R CG2D_MAD
 cg2d: Sum(rhs),rhsMax =   1.10134124042816E-13  6.49782027917278E-09
 Calling cg2d from S/R CG2D_MAD
 cg2d: Sum(rhs),rhsMax =  -7.10542735760100E-14  6.67336296746180E-09
 Calling cg2d from S/R CG2D_MAD
 cg2d: Sum(rhs),rhsMax =  -1.49213974509621E-13  6.82693233548492E-09
 Calling cg2d from S/R CG2D_MAD
 cg2d: Sum(rhs),rhsMax =   1.13686837721616E-13  6.96018648856317E-09
 Calling cg2d from S/R CG2D_MAD
 cg2d: Sum(rhs),rhsMax =   1.42108547152020E-14  7.07457958722991E-09
 Calling cg2d from S/R CG2D_MAD
 cg2d: Sum(rhs),rhsMax =  -1.77635683940025E-14  7.17127964646082E-09
 Calling cg2d from S/R CG2D_MAD
 cg2d: Sum(rhs),rhsMax =   3.55271367880050E-15  7.25110939177202E-09
 Calling cg2d from S/R CG2D_MAD
 cg2d: Sum(rhs),rhsMax =  -1.06581410364015E-14  7.31451342449295E-09
 Calling cg2d from S/R CG2D_MAD
 cg2d: Sum(rhs),rhsMax =  -6.21724893790088E-14  7.51930693839509E-09
 Calling cg2d from S/R CG2D_MAD
 cg2d: Sum(rhs),rhsMax =   1.77635683940025E-15  7.69454050394493E-09
 Calling cg2d from S/R CG2D_MAD
 cg2d: Sum(rhs),rhsMax =   1.06581410364015E-14  7.82955487241778E-09
 Calling cg2d from S/R CG2D_MAD
 cg2d: Sum(rhs),rhsMax =  -8.88178419700125E-15  7.92320894898749E-09
 Calling cg2d from S/R CG2D_MAD
 cg2d: Sum(rhs),rhsMax =   1.77635683940025E-15  7.97439855687781E-09
 Calling cg2d from S/R CG2D_MAD
 cg2d: Sum(rhs),rhsMax =  -3.55271367880050E-15  7.98213626963656E-09
 Calling cg2d from S/R CG2D_MAD
 cg2d: Sum(rhs),rhsMax =  -7.10542735760100E-15  7.94562917607934E-09
 Calling cg2d from S/R CG2D_MAD
 cg2d: Sum(rhs),rhsMax =   5.68434188608080E-14  7.86435240390071E-09
 Calling cg2d from S/R CG2D_MAD
 cg2d: Sum(rhs),rhsMax =  -6.30606677987089E-14  7.73811061716983E-09
 Calling cg2d from S/R CG2D_MAD
 cg2d: Sum(rhs),rhsMax =   2.22044604925031E-14  7.56708710655135E-09
 Calling cg2d from S/R CG2D_MAD
 cg2d: Sum(rhs),rhsMax =   9.32587340685131E-15  7.35187698744635E-09
 Calling cg2d from S/R CG2D_MAD
 cg2d: Sum(rhs),rhsMax =  -1.07691633388640E-14  7.09350568045511E-09
 Calling cg2d from S/R CG2D_MAD
 cg2d: Sum(rhs),rhsMax =  -4.28546087505310E-14  6.79343141670675E-09
 cg2d: Sum(rhs),rhsMax =   6.25277607468888E-13  1.93992092521800E+00
 cg2d: Sum(rhs),rhsMax =   4.68958205601666E-13  1.93995715119424E+00
 cg2d: Sum(rhs),rhsMax =   7.95807864051312E-13  1.93999279143648E+00
 cg2d: Sum(rhs),rhsMax =   6.53699316899292E-13  1.94002785628253E+00
 cg2d: Sum(rhs),rhsMax =   7.81597009336110E-13  1.94006235619946E+00
 cg2d: Sum(rhs),rhsMax =   7.38964445190504E-13  1.94009630157862E+00
 cg2d: Sum(rhs),rhsMax =   2.84217094304040E-13  1.94012970278949E+00
 cg2d: Sum(rhs),rhsMax =   1.84741111297626E-13  1.94016256995743E+00
 cg2d: Sum(rhs),rhsMax =   4.26325641456060E-13  1.94019491304034E+00
 cg2d: Sum(rhs),rhsMax =   3.41060513164848E-13  1.94022674159075E+00
 cg2d: Sum(rhs),rhsMax =   8.52651282912120E-13  1.94025806485796E+00
 cg2d: Sum(rhs),rhsMax =   3.83693077310454E-13  1.94028889153693E+00
 cg2d: Sum(rhs),rhsMax =   8.95283847057726E-13  1.94031922989731E+00
 cg2d: Sum(rhs),rhsMax =   5.82645043323282E-13  1.94034908752220E+00
 cg2d: Sum(rhs),rhsMax =   6.25277607468888E-13  1.94037847146433E+00
 cg2d: Sum(rhs),rhsMax =   3.12638803734444E-13  1.94040738797853E+00
 cg2d: Sum(rhs),rhsMax =   2.41584530158434E-13  1.94043584270412E+00
 cg2d: Sum(rhs),rhsMax =   9.23705556488130E-13  1.94046384039521E+00
 cg2d: Sum(rhs),rhsMax =   6.82121026329696E-13  1.94049138512743E+00
 cg2d: Sum(rhs),rhsMax =   8.52651282912120E-13  1.94051848003052E+00
 cg2d: Sum(rhs),rhsMax =   5.68434188608080E-13  1.94054512751653E+00
 cg2d: Sum(rhs),rhsMax =   3.97903932025656E-13  1.94057132901895E+00
 cg2d: Sum(rhs),rhsMax =   1.22213350550737E-12  1.94059708523934E+00
 cg2d: Sum(rhs),rhsMax =   1.05160324892495E-12  1.94062239589643E+00
 cg2d: Sum(rhs),rhsMax =   3.41060513164848E-13  1.94064725998815E+00
 cg2d: Sum(rhs),rhsMax =   1.42108547152020E-12  1.94067167555342E+00
 cg2d: Sum(rhs),rhsMax =   9.66338120633736E-13  1.94069563994651E+00
 cg2d: Sum(rhs),rhsMax =   8.24229573481716E-13  1.94071914961327E+00
 cg2d: Sum(rhs),rhsMax =   8.24229573481716E-13  1.94074220037518E+00
 cg2d: Sum(rhs),rhsMax =   4.54747350886464E-13  1.94076478722064E+00
 cg2d: Sum(rhs),rhsMax =   1.02318153949454E-12  1.94078690459617E+00
 cg2d: Sum(rhs),rhsMax =   1.30739863379858E-12  1.94080854621254E+00
 cg2d: Sum(rhs),rhsMax =   7.24753590475302E-13  1.94082970534094E+00
 cg2d: Sum(rhs),rhsMax =   6.67910171614494E-13  1.94085037463258E+00
 cg2d: Sum(rhs),rhsMax =   9.09494701772928E-13  1.94087054641802E+00
 cg2d: Sum(rhs),rhsMax =   7.10542735760100E-13  1.94089021253814E+00
 cg2d: Sum(rhs),rhsMax =   7.10542735760100E-13  1.94090936464498E+00
 cg2d: Sum(rhs),rhsMax =   7.10542735760100E-13  1.94092799404148E+00
 cg2d: Sum(rhs),rhsMax =   7.10542735760100E-13  1.94094609198245E+00
 cg2d: Sum(rhs),rhsMax =   5.54223333892878E-13  1.94096364951987E+00
 cg2d: Sum(rhs),rhsMax =   3.97903932025656E-13  1.94098065780312E+00
 cg2d: Sum(rhs),rhsMax =   7.81597009336110E-13  1.94099710792622E+00
 cg2d: Sum(rhs),rhsMax =   8.24229573481716E-13  1.94101299122661E+00
 cg2d: Sum(rhs),rhsMax =   7.95807864051312E-13  1.94102829913073E+00
 cg2d: Sum(rhs),rhsMax =   7.81597009336110E-13  1.94104302345069E+00
 cg2d: Sum(rhs),rhsMax =   9.80548975348938E-13  1.94105715622447E+00
 cg2d: Sum(rhs),rhsMax =   7.38964445190504E-13  1.94107069001026E+00
 cg2d: Sum(rhs),rhsMax =   1.16529008664656E-12  1.94108361771747E+00
 cg2d: Sum(rhs),rhsMax =   5.11590769747272E-13  1.94109593289848E+00
 cg2d: Sum(rhs),rhsMax =   7.24753590475302E-13  1.94110762956690E+00
 cg2d: Sum(rhs),rhsMax =   3.55271367880050E-13  1.94111870248684E+00
 cg2d: Sum(rhs),rhsMax =   2.70006239588838E-13  1.94112914697502E+00
 cg2d: Sum(rhs),rhsMax =   5.68434188608080E-13  1.94113895918766E+00
 cg2d: Sum(rhs),rhsMax =   1.56319401867222E-13  1.94114813590362E+00
 cg2d: Sum(rhs),rhsMax =   3.26849658449646E-13  1.94115667480914E+00
 cg2d: Sum(rhs),rhsMax =   3.12638803734444E-13  1.94116457425968E+00
 cg2d: Sum(rhs),rhsMax =   7.10542735760100E-14  1.94117183356294E+00
 cg2d: Sum(rhs),rhsMax =   4.40536496171262E-13  1.94117845271777E+00
 cg2d: Sum(rhs),rhsMax =   5.11590769747272E-13  1.94118443269579E+00
 cg2d: Sum(rhs),rhsMax =   6.11066752753686E-13  1.94118977515658E+00
 cg2d: Sum(rhs),rhsMax =   1.22213350550737E-12  1.94119448272845E+00
 cg2d: Sum(rhs),rhsMax =   6.25277607468888E-13  1.94119855869946E+00
 cg2d: Sum(rhs),rhsMax =   6.67910171614494E-13  1.94120200729824E+00
 cg2d: Sum(rhs),rhsMax =   3.12638803734444E-13  1.94120483336107E+00
 cg2d: Sum(rhs),rhsMax =   7.24753590475302E-13  1.94120704261354E+00
 cg2d: Sum(rhs),rhsMax =   7.24753590475302E-13  1.94120864131468E+00
 cg2d: Sum(rhs),rhsMax =   1.06581410364015E-12  1.94120963654010E+00
 cg2d: Sum(rhs),rhsMax =   8.95283847057726E-13  1.94121003580504E+00
 cg2d: Sum(rhs),rhsMax =   2.27373675443232E-13  1.94120984734949E+00
 cg2d: Sum(rhs),rhsMax =   1.10844666778576E-12  1.94120907974249E+00
 cg2d: Sum(rhs),rhsMax =   1.13686837721616E-12  1.94120774216975E+00
 cg2d: Sum(rhs),rhsMax =   9.37916411203332E-13  1.94120584402202E+00
 Calling cg2d from S/R CG2D_MAD
 cg2d: Sum(rhs),rhsMax =  -1.05249142734465E-13  6.45353584073428E-09
 Calling cg2d from S/R CG2D_MAD
 cg2d: Sum(rhs),rhsMax =   1.07469588783715E-13  6.07610311129407E-09
 Calling cg2d from S/R CG2D_MAD
 cg2d: Sum(rhs),rhsMax =  -3.55271367880050E-14  5.66379087241120E-09
 Calling cg2d from S/R CG2D_MAD
 cg2d: Sum(rhs),rhsMax =  -8.88178419700125E-15  5.30015888255892E-09
 Calling cg2d from S/R CG2D_MAD
 cg2d: Sum(rhs),rhsMax =  -1.42108547152020E-14  4.98128246398647E-09
 Calling cg2d from S/R CG2D_MAD
 cg2d: Sum(rhs),rhsMax =  -1.42108547152020E-13  4.64543292405320E-09
 Calling cg2d from S/R CG2D_MAD
 cg2d: Sum(rhs),rhsMax =  -2.84217094304040E-14  4.29474823549513E-09
 Calling cg2d from S/R CG2D_MAD
 cg2d: Sum(rhs),rhsMax =  -2.02504679691629E-13  4.13388443970628E-09
 Calling cg2d from S/R CG2D_MAD
 cg2d: Sum(rhs),rhsMax =  -1.49213974509621E-13  4.28115299744966E-09
 Calling cg2d from S/R CG2D_MAD
 cg2d: Sum(rhs),rhsMax =  -9.23705556488130E-14  4.40451054434308E-09
 Calling cg2d from S/R CG2D_MAD
 cg2d: Sum(rhs),rhsMax =  -5.68434188608080E-14  4.50240289228987E-09
 Calling cg2d from S/R CG2D_MAD
 cg2d: Sum(rhs),rhsMax =   3.55271367880050E-14  4.57336852479263E-09
 Calling cg2d from S/R CG2D_MAD
 cg2d: Sum(rhs),rhsMax =  -4.26325641456060E-14  4.61606024211477E-09
 Calling cg2d from S/R CG2D_MAD
 cg2d: Sum(rhs),rhsMax =  -2.13162820728030E-14  4.62926962056261E-09
 Calling cg2d from S/R CG2D_MAD
 cg2d: Sum(rhs),rhsMax =  -1.20792265079217E-13  4.61195508811111E-09
 Calling cg2d from S/R CG2D_MAD
 cg2d: Sum(rhs),rhsMax =   5.68434188608080E-14  4.56327364432191E-09
 Calling cg2d from S/R CG2D_MAD
 cg2d: Sum(rhs),rhsMax =  -4.97379915032070E-14  4.48261599137439E-09
 Calling cg2d from S/R CG2D_MAD
 cg2d: Sum(rhs),rhsMax =  -4.97379915032070E-14  4.36964403911961E-09
 Calling cg2d from S/R CG2D_MAD
 cg2d: Sum(rhs),rhsMax =  -8.52651282912120E-14  4.22432926650209E-09
 Calling cg2d from S/R CG2D_MAD
 cg2d: Sum(rhs),rhsMax =  -3.55271367880050E-14  4.04698994482926E-09
 Calling cg2d from S/R CG2D_MAD
 cg2d: Sum(rhs),rhsMax =  -5.68434188608080E-14  3.83832484743356E-09
 Calling cg2d from S/R CG2D_MAD
 cg2d: Sum(rhs),rhsMax =   0.00000000000000E+00  3.81181647550495E-09
 Calling cg2d from S/R CG2D_MAD
 cg2d: Sum(rhs),rhsMax =  -7.10542735760100E-14  4.13095147291514E-09
 Calling cg2d from S/R CG2D_MAD
 cg2d: Sum(rhs),rhsMax =   2.13162820728030E-14  4.41313646441362E-09
 Calling cg2d from S/R CG2D_MAD
 cg2d: Sum(rhs),rhsMax =  -1.42108547152020E-14  4.65782613275854E-09
 Calling cg2d from S/R CG2D_MAD
 cg2d: Sum(rhs),rhsMax =  -1.13686837721616E-13  4.86496896705649E-09
 Calling cg2d from S/R CG2D_MAD
 cg2d: Sum(rhs),rhsMax =  -7.10542735760100E-15  5.03498349342357E-09
 Calling cg2d from S/R CG2D_MAD
 cg2d: Sum(rhs),rhsMax =  -7.10542735760100E-15  5.16872060573467E-09
 Calling cg2d from S/R CG2D_MAD
 cg2d: Sum(rhs),rhsMax =  -6.39488462184090E-14  5.26741193131968E-09
 Calling cg2d from S/R CG2D_MAD
 cg2d: Sum(rhs),rhsMax =  -1.42108547152020E-14  5.33260712887682E-09
 Calling cg2d from S/R CG2D_MAD
 cg2d: Sum(rhs),rhsMax =  -6.39488462184090E-14  5.36610217714216E-09
 Calling cg2d from S/R CG2D_MAD
 cg2d: Sum(rhs),rhsMax =  -8.52651282912120E-14  5.36986185853525E-09
 Calling cg2d from S/R CG2D_MAD
 cg2d: Sum(rhs),rhsMax =  -4.26325641456060E-14  5.34593974539348E-09
 Calling cg2d from S/R CG2D_MAD
 cg2d: Sum(rhs),rhsMax =  -6.39488462184090E-14  5.29640000115741E-09
 Calling cg2d from S/R CG2D_MAD
 cg2d: Sum(rhs),rhsMax =  -4.61852778244065E-14  5.22324329208169E-09
 Calling cg2d from S/R CG2D_MAD
 cg2d: Sum(rhs),rhsMax =  -3.55271367880050E-14  5.12834165221926E-09
 Calling cg2d from S/R CG2D_MAD
 cg2d: Sum(rhs),rhsMax =   7.81597009336110E-14  5.01338488470245E-09
 Calling cg2d from S/R CG2D_MAD
 cg2d: Sum(rhs),rhsMax =  -1.58095758706622E-13  5.21747532316006E-09
 Calling cg2d from S/R CG2D_MAD
 cg2d: Sum(rhs),rhsMax =   3.73034936274053E-14  5.41302762590747E-09
 Calling cg2d from S/R CG2D_MAD
 cg2d: Sum(rhs),rhsMax =   3.28626015289046E-14  5.57791498271165E-09
 Calling cg2d from S/R CG2D_MAD
 cg2d: Sum(rhs),rhsMax =  -4.69624339416441E-14  5.71221910095447E-09
 Calling cg2d from S/R CG2D_MAD
 cg2d: Sum(rhs),rhsMax =  -7.99360577730113E-15  5.81657317349348E-09
 Calling cg2d from S/R CG2D_MAD
 cg2d: Sum(rhs),rhsMax =  -5.32907051820075E-14  5.89211259595576E-09
 Calling cg2d from S/R CG2D_MAD
 cg2d: Sum(rhs),rhsMax =  -1.77635683940025E-14  5.94040853973701E-09
 Calling cg2d from S/R CG2D_MAD
 cg2d: Sum(rhs),rhsMax =  -7.10542735760100E-14  5.96338785092078E-09
 Calling cg2d from S/R CG2D_MAD
 cg2d: Sum(rhs),rhsMax =  -2.13162820728030E-14  5.96324331902101E-09
 Calling cg2d from S/R CG2D_MAD
 cg2d: Sum(rhs),rhsMax =  -3.55271367880050E-15  5.94233876935835E-09
 Calling cg2d from S/R CG2D_MAD
 cg2d: Sum(rhs),rhsMax =  -2.13162820728030E-14  5.90311333724720E-09
 Calling cg2d from S/R CG2D_MAD
 cg2d: Sum(rhs),rhsMax =  -8.52651282912120E-14  5.84798947784417E-09
 Calling cg2d from S/R CG2D_MAD
 cg2d: Sum(rhs),rhsMax =   1.42108547152020E-14  5.77928849673464E-09
 Calling cg2d from S/R CG2D_MAD
 cg2d: Sum(rhs),rhsMax =   3.19744231092045E-14  5.69915719385169E-09
 Calling cg2d from S/R CG2D_MAD
 cg2d: Sum(rhs),rhsMax =  -2.84217094304040E-14  5.60950806670397E-09
 Calling cg2d from S/R CG2D_MAD
 cg2d: Sum(rhs),rhsMax =   7.10542735760100E-15  5.51197514806686E-09
 Calling cg2d from S/R CG2D_MAD
 cg2d: Sum(rhs),rhsMax =   1.20792265079217E-13  5.40788627037074E-09
 Calling cg2d from S/R CG2D_MAD
 cg2d: Sum(rhs),rhsMax =   1.06581410364015E-13  5.29825193007367E-09
 Calling cg2d from S/R CG2D_MAD
 cg2d: Sum(rhs),rhsMax =  -8.52651282912120E-14  5.18376987089233E-09
 Calling cg2d from S/R CG2D_MAD
 cg2d: Sum(rhs),rhsMax =   5.68434188608080E-14  5.06484394384988E-09
 Calling cg2d from S/R CG2D_MAD
 cg2d: Sum(rhs),rhsMax =  -5.68434188608080E-14  4.94161508555397E-09
 Calling cg2d from S/R CG2D_MAD
 cg2d: Sum(rhs),rhsMax =  -7.10542735760100E-14  4.81400182650054E-09
 Calling cg2d from S/R CG2D_MAD
 cg2d: Sum(rhs),rhsMax =   7.10542735760100E-14  4.68174746124427E-09
 Calling cg2d from S/R CG2D_MAD
 cg2d: Sum(rhs),rhsMax =   3.55271367880050E-14  4.54447091135448E-09
 Calling cg2d from S/R CG2D_MAD
 cg2d: Sum(rhs),rhsMax =  -7.10542735760100E-14  4.40171838556748E-09
 Calling cg2d from S/R CG2D_MAD
 cg2d: Sum(rhs),rhsMax =  -1.27897692436818E-13  4.25301316731217E-09
 Calling cg2d from S/R CG2D_MAD
 cg2d: Sum(rhs),rhsMax =  -7.10542735760100E-15  4.09790121069276E-09
 Calling cg2d from S/R CG2D_MAD
 cg2d: Sum(rhs),rhsMax =  -2.13162820728030E-14  3.93599067799683E-09
 Calling cg2d from S/R CG2D_MAD
 cg2d: Sum(rhs),rhsMax =   3.55271367880050E-14  3.76698407175669E-09
 Calling cg2d from S/R CG2D_MAD
 cg2d: Sum(rhs),rhsMax =  -9.94759830064140E-14  3.59070216543324E-09
 Calling cg2d from S/R CG2D_MAD
 cg2d: Sum(rhs),rhsMax =   1.42108547152020E-14  3.66721118503348E-09
 Calling cg2d from S/R CG2D_MAD
 cg2d: Sum(rhs),rhsMax =  -1.06581410364015E-14  3.83919773360716E-09
 Calling cg2d from S/R CG2D_MAD
 cg2d: Sum(rhs),rhsMax =  -3.90798504668055E-14  3.98295206520910E-09
 Calling cg2d from S/R CG2D_MAD
 cg2d: Sum(rhs),rhsMax =   1.10134124042816E-13  4.09784810394268E-09
 Calling cg2d from S/R CG2D_MAD
 cg2d: Sum(rhs),rhsMax =  -7.10542735760100E-15  4.18354757693160E-09
 cg2d: Sum(rhs),rhsMax =   1.27897692436818E-13  1.93568444737698E+00
 cg2d: Sum(rhs),rhsMax =   7.81597009336110E-13  1.93576335576302E+00
 cg2d: Sum(rhs),rhsMax =   5.40012479177676E-13  1.93584171998263E+00
 cg2d: Sum(rhs),rhsMax =   2.84217094304040E-14  1.93591954008288E+00
 cg2d: Sum(rhs),rhsMax =   6.53699316899292E-13  1.93599681612239E+00
 cg2d: Sum(rhs),rhsMax =   1.02318153949454E-12  1.93607354816512E+00
 cg2d: Sum(rhs),rhsMax =   9.23705556488130E-13  1.93614973627774E+00
 cg2d: Sum(rhs),rhsMax =   5.54223333892878E-13  1.93622538052791E+00
 cg2d: Sum(rhs),rhsMax =   2.27373675443232E-13  1.93630048098436E+00
 cg2d: Sum(rhs),rhsMax =   1.70530256582424E-13  1.93637503771553E+00
 cg2d: Sum(rhs),rhsMax =   4.97379915032070E-13  1.93644905078979E+00
 cg2d: Sum(rhs),rhsMax =   8.24229573481716E-13  1.93652251169385E+00
 cg2d: Sum(rhs),rhsMax =   1.08002495835535E-12  1.93659543359246E+00
 cg2d: Sum(rhs),rhsMax =   7.95807864051312E-13  1.93666781768051E+00
 cg2d: Sum(rhs),rhsMax =   1.08002495835535E-12  1.93673966201107E+00
 cg2d: Sum(rhs),rhsMax =   1.25055521493778E-12  1.93681096581305E+00
 cg2d: Sum(rhs),rhsMax =  -9.94759830064140E-14  1.93688172959505E+00
 cg2d: Sum(rhs),rhsMax =   5.54223333892878E-13  1.93695195439423E+00
 cg2d: Sum(rhs),rhsMax =   6.53699316899292E-13  1.93702164125369E+00
 cg2d: Sum(rhs),rhsMax =   4.83169060316868E-13  1.93709079108833E+00
 cg2d: Sum(rhs),rhsMax =  -5.68434188608080E-14  1.93715940471913E+00
 cg2d: Sum(rhs),rhsMax =   1.09423581307055E-12  1.93722748290715E+00
 cg2d: Sum(rhs),rhsMax =   1.27897692436818E-13  1.93729502636536E+00
 cg2d: Sum(rhs),rhsMax =   4.68958205601666E-13  1.93736203575613E+00
 cg2d: Sum(rhs),rhsMax =   6.67910171614494E-13  1.93742851169049E+00
 cg2d: Sum(rhs),rhsMax =   9.94759830064140E-13  1.93749445472399E+00
 cg2d: Sum(rhs),rhsMax =   7.38964445190504E-13  1.93755986535686E+00
 cg2d: Sum(rhs),rhsMax =   6.53699316899292E-13  1.93762474403071E+00
 cg2d: Sum(rhs),rhsMax =   7.38964445190504E-13  1.93768909113016E+00
 cg2d: Sum(rhs),rhsMax =   8.24229573481716E-13  1.93775290698057E+00
 cg2d: Sum(rhs),rhsMax =   8.52651282912120E-13  1.93781619185125E+00
 cg2d: Sum(rhs),rhsMax =   4.40536496171262E-13  1.93787894595389E+00
 cg2d: Sum(rhs),rhsMax =   5.68434188608080E-13  1.93794116944683E+00
 cg2d: Sum(rhs),rhsMax =   9.80548975348938E-13  1.93800286243341E+00
 cg2d: Sum(rhs),rhsMax =   5.11590769747272E-13  1.93806402496656E+00
 cg2d: Sum(rhs),rhsMax =  -1.42108547152020E-14  1.93812465704672E+00
 cg2d: Sum(rhs),rhsMax =   5.54223333892878E-13  1.93818475862697E+00
 cg2d: Sum(rhs),rhsMax =   6.11066752753686E-13  1.93824432961091E+00
 cg2d: Sum(rhs),rhsMax =   5.25801624462474E-13  1.93830336985914E+00
 cg2d: Sum(rhs),rhsMax =   1.12265752250096E-12  1.93836116343534E+00
 cg2d: Sum(rhs),rhsMax =   6.67910171614494E-13  1.93841858679415E+00
 cg2d: Sum(rhs),rhsMax =   5.25801624462474E-13  1.93847548289626E+00
 cg2d: Sum(rhs),rhsMax =   1.29318777908338E-12  1.93853178962154E+00
 cg2d: Sum(rhs),rhsMax =   5.40012479177676E-13  1.93858751051185E+00
 cg2d: Sum(rhs),rhsMax =   4.40536496171262E-13  1.93864264011163E+00
 cg2d: Sum(rhs),rhsMax =   9.37916411203332E-13  1.93869716729260E+00
 cg2d: Sum(rhs),rhsMax =   7.53175299905706E-13  1.93875108139117E+00
 cg2d: Sum(rhs),rhsMax =   8.66862137627322E-13  1.93880437252944E+00
 cg2d: Sum(rhs),rhsMax =   1.05160324892495E-12  1.93885703130016E+00
 cg2d: Sum(rhs),rhsMax =   8.24229573481716E-13  1.93890904881964E+00
 cg2d: Sum(rhs),rhsMax =   6.11066752753686E-13  1.93896041688417E+00
 cg2d: Sum(rhs),rhsMax =   5.54223333892878E-13  1.93901112805822E+00
 cg2d: Sum(rhs),rhsMax =   1.00897068477934E-12  1.93906117574886E+00
 cg2d: Sum(rhs),rhsMax =   3.97903932025656E-13  1.93911055423857E+00
 cg2d: Sum(rhs),rhsMax =   2.41584530158434E-13  1.93915925873645E+00
 cg2d: Sum(rhs),rhsMax =   2.70006239588838E-13  1.93920728539145E+00
 cg2d: Sum(rhs),rhsMax =   5.54223333892878E-13  1.93925463133149E+00
 cg2d: Sum(rhs),rhsMax =   6.82121026329696E-13  1.93930129465817E+00
 cg2d: Sum(rhs),rhsMax =   9.66338120633736E-13  1.93934727447466E+00
 cg2d: Sum(rhs),rhsMax =   8.24229573481716E-13  1.93939257086097E+00
 cg2d: Sum(rhs),rhsMax =   6.67910171614494E-13  1.93943718489079E+00
 cg2d: Sum(rhs),rhsMax =   7.67386154620908E-13  1.93948111858592E+00
 cg2d: Sum(rhs),rhsMax =   7.53175299905706E-13  1.93952437492326E+00
 cg2d: Sum(rhs),rhsMax =   8.38440428196918E-13  1.93956695776773E+00
 cg2d: Sum(rhs),rhsMax =   5.68434188608080E-13  1.93960887187230E+00
 cg2d: Sum(rhs),rhsMax =   6.25277607468888E-13  1.93965012279035E+00
 cg2d: Sum(rhs),rhsMax =   6.67910171614494E-13  1.93969071687276E+00
 cg2d: Sum(rhs),rhsMax =   5.96855898038484E-13  1.93973066116090E+00
 cg2d: Sum(rhs),rhsMax =   5.25801624462474E-13  1.93976996338456E+00
 cg2d: Sum(rhs),rhsMax =   3.83693077310454E-13  1.93980863183583E+00
 cg2d: Sum(rhs),rhsMax =   8.24229573481716E-13  1.93984667537096E+00
 cg2d: Sum(rhs),rhsMax =   5.96855898038484E-13  1.93988410326446E+00
 Calling cg2d from S/R CG2D_MAD
 cg2d: Sum(rhs),rhsMax =  -2.48689957516035E-14  4.23998481694739E-09
 Calling cg2d from S/R CG2D_MAD
 cg2d: Sum(rhs),rhsMax =  -6.39488462184090E-14  4.26734822350914E-09
 Calling cg2d from S/R CG2D_MAD
 cg2d: Sum(rhs),rhsMax =   7.99360577730113E-14  4.26605971988435E-09
 Calling cg2d from S/R CG2D_MAD
 cg2d: Sum(rhs),rhsMax =   1.77635683940025E-13  4.23675330033480E-09
 Calling cg2d from S/R CG2D_MAD
 cg2d: Sum(rhs),rhsMax =  -5.86197757002083E-14  4.18025367253234E-09
 Calling cg2d from S/R CG2D_MAD
 cg2d: Sum(rhs),rhsMax =   1.84741111297626E-13  4.09755576651773E-09
 Calling cg2d from S/R CG2D_MAD
 cg2d: Sum(rhs),rhsMax =   1.59872115546023E-14  3.98980565692861E-09
 Calling cg2d from S/R CG2D_MAD
 cg2d: Sum(rhs),rhsMax =   7.63833440942108E-14  3.85828321314694E-09
 Calling cg2d from S/R CG2D_MAD
 cg2d: Sum(rhs),rhsMax =  -2.32702745961433E-13  3.70438648798338E-09
 Calling cg2d from S/R CG2D_MAD
 cg2d: Sum(rhs),rhsMax =  -6.57252030578093E-14  3.52961795217850E-09
 Calling cg2d from S/R CG2D_MAD
 cg2d: Sum(rhs),rhsMax =   1.35003119794419E-13  3.33557200593571E-09
 Calling cg2d from S/R CG2D_MAD
 cg2d: Sum(rhs),rhsMax =  -9.23705556488130E-14  3.12392362753441E-09
 Calling cg2d from S/R CG2D_MAD
 cg2d: Sum(rhs),rhsMax =  -1.59872115546023E-13  3.11026184591575E-09
 Calling cg2d from S/R CG2D_MAD
 cg2d: Sum(rhs),rhsMax =   1.29674049276218E-13  3.16687844361934E-09
 Calling cg2d from S/R CG2D_MAD
 cg2d: Sum(rhs),rhsMax =   1.33226762955019E-13  3.35008453588615E-09
 Calling cg2d from S/R CG2D_MAD
 cg2d: Sum(rhs),rhsMax =   2.13162820728030E-14  3.55963663584221E-09
 Calling cg2d from S/R CG2D_MAD
 cg2d: Sum(rhs),rhsMax =   4.70734562441066E-14  3.75783344114630E-09
 Calling cg2d from S/R CG2D_MAD
 cg2d: Sum(rhs),rhsMax =   6.21724893790088E-15  3.94419920664078E-09
 Calling cg2d from S/R CG2D_MAD
 cg2d: Sum(rhs),rhsMax =  -7.37188088351104E-14  4.11831694461602E-09
 Calling cg2d from S/R CG2D_MAD
 cg2d: Sum(rhs),rhsMax =   7.72715225139109E-14  4.27982437590542E-09
 Calling cg2d from S/R CG2D_MAD
 cg2d: Sum(rhs),rhsMax =   4.79616346638068E-14  4.42840807270250E-09
 Calling cg2d from S/R CG2D_MAD
 cg2d: Sum(rhs),rhsMax =  -3.37507799486048E-14  4.56379630968119E-09
 Calling cg2d from S/R CG2D_MAD
 cg2d: Sum(rhs),rhsMax =   4.88498130835069E-15  4.68575118183067E-09
 Calling cg2d from S/R CG2D_MAD
 cg2d: Sum(rhs),rhsMax =  -3.39728245535298E-14  4.79406064757907E-09
 Calling cg2d from S/R CG2D_MAD
 cg2d: Sum(rhs),rhsMax =  -1.88737914186277E-14  4.88853122980544E-09
 Calling cg2d from S/R CG2D_MAD
 cg2d: Sum(rhs),rhsMax =   5.82867087928207E-15  4.96898196679228E-09
 Calling cg2d from S/R CG2D_MAD
 cg2d: Sum(rhs),rhsMax =  -3.46389583683049E-14  5.03524019570032E-09
 Calling cg2d from S/R CG2D_MAD
 cg2d: Sum(rhs),rhsMax =   1.46549439250521E-14  5.08713965154285E-09
 Calling cg2d from S/R CG2D_MAD
 cg2d: Sum(rhs),rhsMax =  -6.66133814775094E-14  5.12452115173286E-09
 Calling cg2d from S/R CG2D_MAD
 cg2d: Sum(rhs),rhsMax =   0.00000000000000E+00  5.14723599688731E-09
 Calling cg2d from S/R CG2D_MAD
 cg2d: Sum(rhs),rhsMax =   6.57252030578093E-14  5.15515204324724E-09
 Calling cg2d from S/R CG2D_MAD
 cg2d: Sum(rhs),rhsMax =  -3.81916720471054E-14  5.14816219135769E-09
 Calling cg2d from S/R CG2D_MAD
 cg2d: Sum(rhs),rhsMax =   1.45661260830821E-13  5.12619489400961E-09
 Calling cg2d from S/R CG2D_MAD
 cg2d: Sum(rhs),rhsMax =  -3.37507799486048E-14  5.08922612799806E-09
 Calling cg2d from S/R CG2D_MAD
 cg2d: Sum(rhs),rhsMax =   3.73034936274053E-14  5.03729217240079E-09
 Calling cg2d from S/R CG2D_MAD
 cg2d: Sum(rhs),rhsMax =   7.28306304154103E-14  4.97050240221759E-09
 Calling cg2d from S/R CG2D_MAD
 cg2d: Sum(rhs),rhsMax =  -8.88178419700125E-14  4.88910726586773E-09
 Calling cg2d from S/R CG2D_MAD
 cg2d: Sum(rhs),rhsMax =   4.26325641456060E-14  4.79324661752684E-09
 Calling cg2d from S/R CG2D_MAD
 cg2d: Sum(rhs),rhsMax =   7.46069872548105E-14  4.68341388323531E-09
 Calling cg2d from S/R CG2D_MAD
 cg2d: Sum(rhs),rhsMax =  -3.90798504668055E-14  4.56014802227977E-09
 Calling cg2d from S/R CG2D_MAD
 cg2d: Sum(rhs),rhsMax =  -3.90798504668055E-14  4.42403805412978E-09
 Calling cg2d from S/R CG2D_MAD
 cg2d: Sum(rhs),rhsMax =  -2.48689957516035E-14  4.27579832925648E-09
 Calling cg2d from S/R CG2D_MAD
 cg2d: Sum(rhs),rhsMax =  -3.55271367880050E-15  4.11626669142819E-09
 Calling cg2d from S/R CG2D_MAD
 cg2d: Sum(rhs),rhsMax =   1.84741111297626E-13  3.94638089383314E-09
 Calling cg2d from S/R CG2D_MAD
 cg2d: Sum(rhs),rhsMax =  -1.70530256582424E-13  3.76716287446444E-09
 Calling cg2d from S/R CG2D_MAD
 cg2d: Sum(rhs),rhsMax =   2.13162820728030E-14  3.57970507936239E-09
 Calling cg2d from S/R CG2D_MAD
 cg2d: Sum(rhs),rhsMax =  -1.20792265079217E-13  3.38515390357594E-09
 Calling cg2d from S/R CG2D_MAD
 cg2d: Sum(rhs),rhsMax =   1.06581410364015E-13  3.18469019809427E-09
 Calling cg2d from S/R CG2D_MAD
 cg2d: Sum(rhs),rhsMax =  -3.55271367880050E-14  2.97950871441212E-09
 Calling cg2d from S/R CG2D_MAD
 cg2d: Sum(rhs),rhsMax =   2.84217094304040E-14  2.77079683918069E-09
 Calling cg2d from S/R CG2D_MAD
 cg2d: Sum(rhs),rhsMax =  -1.63424829224823E-13  2.80810938092074E-09
 Calling cg2d from S/R CG2D_MAD
 cg2d: Sum(rhs),rhsMax =  -2.84217094304040E-14  2.89476687546152E-09
 Calling cg2d from S/R CG2D_MAD
 cg2d: Sum(rhs),rhsMax =   9.23705556488130E-14  2.96012826376681E-09
 Calling cg2d from S/R CG2D_MAD
 cg2d: Sum(rhs),rhsMax =   2.84217094304040E-14  3.00392016770084E-09
 Calling cg2d from S/R CG2D_MAD
 cg2d: Sum(rhs),rhsMax =  -1.13686837721616E-13  3.02608430721830E-09
 Calling cg2d from S/R CG2D_MAD
 cg2d: Sum(rhs),rhsMax =   1.13686837721616E-13  3.02677549158112E-09
 Calling cg2d from S/R CG2D_MAD
 cg2d: Sum(rhs),rhsMax =   7.10542735760100E-15  3.00635553197228E-09
 Calling cg2d from S/R CG2D_MAD
 cg2d: Sum(rhs),rhsMax =  -7.10542735760100E-15  2.96538339994760E-09
 Calling cg2d from S/R CG2D_MAD
 cg2d: Sum(rhs),rhsMax =  -6.39488462184090E-14  2.90460195244202E-09
 Calling cg2d from S/R CG2D_MAD
 cg2d: Sum(rhs),rhsMax =  -5.68434188608080E-14  2.82492164431538E-09
 Calling cg2d from S/R CG2D_MAD
 cg2d: Sum(rhs),rhsMax =   2.13162820728030E-14  2.72740174105017E-09
 Calling cg2d from S/R CG2D_MAD
 cg2d: Sum(rhs),rhsMax =  -7.10542735760100E-15  2.65829388067686E-09
 Calling cg2d from S/R CG2D_MAD
 cg2d: Sum(rhs),rhsMax =  -4.26325641456060E-14  2.66842311484587E-09
 Calling cg2d from S/R CG2D_MAD
 cg2d: Sum(rhs),rhsMax =  -1.49213974509621E-13  2.66105715721531E-09
 Calling cg2d from S/R CG2D_MAD
 cg2d: Sum(rhs),rhsMax =  -1.06581410364015E-14  2.63607754450658E-09
 Calling cg2d from S/R CG2D_MAD
 cg2d: Sum(rhs),rhsMax =  -6.03961325396085E-14  2.59350315383599E-09
 Calling cg2d from S/R CG2D_MAD
 cg2d: Sum(rhs),rhsMax =   1.42108547152020E-14  2.53348034092106E-09
 Calling cg2d from S/R CG2D_MAD
 cg2d: Sum(rhs),rhsMax =   6.39488462184090E-14  2.45630885123074E-09
 Calling cg2d from S/R CG2D_MAD
 cg2d: Sum(rhs),rhsMax =   6.75015598972095E-14  2.36245319263003E-09
 Calling cg2d from S/R CG2D_MAD
 cg2d: Sum(rhs),rhsMax =  -7.37188088351104E-14  2.33974161423446E-09
 Calling cg2d from S/R CG2D_MAD
 cg2d: Sum(rhs),rhsMax =  -3.18356452311264E-14  2.45887164369854E-09
 Calling cg2d from S/R CG2D_MAD
 cg2d: Sum(rhs),rhsMax =  -8.61533067109121E-14  2.56540285583029E-09
 cg2d: Sum(rhs),rhsMax =   4.12114786740858E-13  1.92857900068019E+00
 cg2d: Sum(rhs),rhsMax =   5.54223333892878E-13  1.92869670265704E+00
 cg2d: Sum(rhs),rhsMax =   3.41060513164848E-13  1.92881387791971E+00
 cg2d: Sum(rhs),rhsMax =   1.09423581307055E-12  1.92893052604666E+00
 cg2d: Sum(rhs),rhsMax =   3.12638803734444E-13  1.92904664661470E+00
 cg2d: Sum(rhs),rhsMax =   5.40012479177676E-13  1.92916223919901E+00
 cg2d: Sum(rhs),rhsMax =   2.98427949019242E-13  1.92927730337316E+00
 cg2d: Sum(rhs),rhsMax =   6.39488462184090E-13  1.92939183870915E+00
 cg2d: Sum(rhs),rhsMax =   4.97379915032070E-13  1.92950584477758E+00
 cg2d: Sum(rhs),rhsMax =   8.95283847057726E-13  1.92961932114758E+00
 cg2d: Sum(rhs),rhsMax =   8.95283847057726E-13  1.92973226738738E+00
 cg2d: Sum(rhs),rhsMax =   5.68434188608080E-13  1.92984468306405E+00
 cg2d: Sum(rhs),rhsMax =   2.98427949019242E-13  1.92995656774445E+00
 cg2d: Sum(rhs),rhsMax =   5.40012479177676E-13  1.93006792099529E+00
 cg2d: Sum(rhs),rhsMax =   6.39488462184090E-13  1.93017874238343E+00
 cg2d: Sum(rhs),rhsMax =   1.02318153949454E-12  1.93028903147606E+00
 cg2d: Sum(rhs),rhsMax =   4.97379915032070E-13  1.93039878784116E+00
 cg2d: Sum(rhs),rhsMax =   3.26849658449646E-13  1.93050801104787E+00
 cg2d: Sum(rhs),rhsMax =   6.67910171614494E-13  1.93061670066704E+00
 cg2d: Sum(rhs),rhsMax =   5.25801624462474E-13  1.93072485627181E+00
 cg2d: Sum(rhs),rhsMax =   2.27373675443232E-13  1.93083247743803E+00
 cg2d: Sum(rhs),rhsMax =   8.38440428196918E-13  1.93093956374486E+00
 cg2d: Sum(rhs),rhsMax =   7.67386154620908E-13  1.93104611477529E+00
 cg2d: Sum(rhs),rhsMax =   6.67910171614494E-13  1.93115213011663E+00
 cg2d: Sum(rhs),rhsMax =   1.22213350550737E-12  1.93125760936110E+00
 cg2d: Sum(rhs),rhsMax =   3.12638803734444E-13  1.93136255210162E+00
 cg2d: Sum(rhs),rhsMax =   3.97903932025656E-13  1.93146695794174E+00
 cg2d: Sum(rhs),rhsMax =   1.70530256582424E-13  1.93157082649017E+00
 cg2d: Sum(rhs),rhsMax =   4.26325641456060E-14  1.93167415737075E+00
 cg2d: Sum(rhs),rhsMax =   6.25277607468888E-13  1.93177695021354E+00
 cg2d: Sum(rhs),rhsMax =   1.09423581307055E-12  1.93187920465270E+00
 cg2d: Sum(rhs),rhsMax =   8.81072992342524E-13  1.93198092032812E+00
 cg2d: Sum(rhs),rhsMax =   6.25277607468888E-13  1.93208209688792E+00
 cg2d: Sum(rhs),rhsMax =   8.10018718766514E-13  1.93218273399017E+00
 cg2d: Sum(rhs),rhsMax =   3.55271367880050E-13  1.93228283130393E+00
 cg2d: Sum(rhs),rhsMax =   7.53175299905706E-13  1.93238238850931E+00
 cg2d: Sum(rhs),rhsMax =   7.81597009336110E-13  1.93248140529762E+00
 cg2d: Sum(rhs),rhsMax =   5.68434188608080E-13  1.93257988137149E+00
 cg2d: Sum(rhs),rhsMax =   6.39488462184090E-13  1.93267781644492E+00
 cg2d: Sum(rhs),rhsMax =   3.55271367880050E-13  1.93277521024356E+00
 cg2d: Sum(rhs),rhsMax =   7.67386154620908E-13  1.93287206250491E+00
 cg2d: Sum(rhs),rhsMax =   8.10018718766514E-13  1.93296837297858E+00
 cg2d: Sum(rhs),rhsMax =   8.81072992342524E-13  1.93306414142636E+00
 cg2d: Sum(rhs),rhsMax =   5.40012479177676E-13  1.93315936762238E+00
 cg2d: Sum(rhs),rhsMax =   4.54747350886464E-13  1.93325405135327E+00
 cg2d: Sum(rhs),rhsMax =   5.40012479177676E-13  1.93334819241804E+00
 cg2d: Sum(rhs),rhsMax =   5.40012479177676E-13  1.93344179062820E+00
 cg2d: Sum(rhs),rhsMax =   1.02318153949454E-12  1.93353484580756E+00
 cg2d: Sum(rhs),rhsMax =   4.26325641456060E-13  1.93362735779224E+00
 cg2d: Sum(rhs),rhsMax =   5.25801624462474E-13  1.93371932643040E+00
 cg2d: Sum(rhs),rhsMax =   8.95283847057726E-13  1.93381075158211E+00
 cg2d: Sum(rhs),rhsMax =   9.37916411203332E-13  1.93390163311906E+00
 cg2d: Sum(rhs),rhsMax =   7.38964445190504E-13  1.93399197092435E+00
 cg2d: Sum(rhs),rhsMax =   7.95807864051312E-13  1.93408176489211E+00
 cg2d: Sum(rhs),rhsMax =   5.54223333892878E-13  1.93417101492726E+00
 cg2d: Sum(rhs),rhsMax =   5.54223333892878E-13  1.93425972094508E+00
 cg2d: Sum(rhs),rhsMax =   6.25277607468888E-13  1.93434788287089E+00
 cg2d: Sum(rhs),rhsMax =   9.66338120633736E-13  1.93443550063950E+00
 cg2d: Sum(rhs),rhsMax =   5.25801624462474E-13  1.93452257419497E+00
 cg2d: Sum(rhs),rhsMax =   5.11590769747272E-13  1.93460910348989E+00
 cg2d: Sum(rhs),rhsMax =   3.12638803734444E-13  1.93469508848506E+00
 cg2d: Sum(rhs),rhsMax =   3.12638803734444E-13  1.93478052914887E+00
 cg2d: Sum(rhs),rhsMax =   9.94759830064140E-13  1.93486542545689E+00
 cg2d: Sum(rhs),rhsMax =   8.52651282912120E-13  1.93494977739110E+00
 cg2d: Sum(rhs),rhsMax =   3.55271367880050E-13  1.93503358493964E+00
 cg2d: Sum(rhs),rhsMax =   1.13686837721616E-13  1.93511684809590E+00
 cg2d: Sum(rhs),rhsMax =   9.94759830064140E-13  1.93519956685836E+00
 cg2d: Sum(rhs),rhsMax =   6.67910171614494E-13  1.93528174122961E+00
 cg2d: Sum(rhs),rhsMax =   8.24229573481716E-13  1.93536337121621E+00
 cg2d: Sum(rhs),rhsMax =   2.98427949019242E-13  1.93544445682779E+00
 cg2d: Sum(rhs),rhsMax =   3.97903932025656E-13  1.93552499796900E+00
 cg2d: Sum(rhs),rhsMax =   7.95807864051312E-13  1.93560499479069E+00
 Calling cg2d from S/R CG2D_MAD
 cg2d: Sum(rhs),rhsMax =  -1.06581410364015E-14  2.65864451508270E-09
 Calling cg2d from S/R CG2D_MAD
 cg2d: Sum(rhs),rhsMax =  -3.37507799486048E-14  2.73792956675476E-09
 Calling cg2d from S/R CG2D_MAD
 cg2d: Sum(rhs),rhsMax =   4.26325641456060E-14  2.86538730140951E-09
 Calling cg2d from S/R CG2D_MAD
 cg2d: Sum(rhs),rhsMax =  -1.06581410364015E-13  3.04433040293346E-09
 Calling cg2d from S/R CG2D_MAD
 cg2d: Sum(rhs),rhsMax =   1.10134124042816E-13  3.21261601972412E-09
 Calling cg2d from S/R CG2D_MAD
 cg2d: Sum(rhs),rhsMax =  -3.55271367880050E-15  3.36984193205690E-09
 Calling cg2d from S/R CG2D_MAD
 cg2d: Sum(rhs),rhsMax =  -1.38555833473220E-13  3.51653306245576E-09
 Calling cg2d from S/R CG2D_MAD
 cg2d: Sum(rhs),rhsMax =  -1.03028696685215E-13  3.65100606246315E-09
 Calling cg2d from S/R CG2D_MAD
 cg2d: Sum(rhs),rhsMax =   1.06581410364015E-13  3.77267681639510E-09
 Calling cg2d from S/R CG2D_MAD
 cg2d: Sum(rhs),rhsMax =  -2.13162820728030E-14  3.88262937739138E-09
 Calling cg2d from S/R CG2D_MAD
 cg2d: Sum(rhs),rhsMax =  -7.10542735760100E-15  3.98159241005631E-09
 Calling cg2d from S/R CG2D_MAD
 cg2d: Sum(rhs),rhsMax =   5.68434188608080E-14  4.06936596373677E-09
 Calling cg2d from S/R CG2D_MAD
 cg2d: Sum(rhs),rhsMax =  -6.39488462184090E-14  4.14556251917535E-09
 Calling cg2d from S/R CG2D_MAD
 cg2d: Sum(rhs),rhsMax =  -7.10542735760100E-15  4.21010781210585E-09
 Calling cg2d from S/R CG2D_MAD
 cg2d: Sum(rhs),rhsMax =  -4.26325641456060E-14  4.26319198828248E-09
 Calling cg2d from S/R CG2D_MAD
 cg2d: Sum(rhs),rhsMax =  -9.94759830064140E-14  4.30507354924386E-09
 Calling cg2d from S/R CG2D_MAD
 cg2d: Sum(rhs),rhsMax =   1.42108547152020E-14  4.33598106785105E-09
 Calling cg2d from S/R CG2D_MAD
 cg2d: Sum(rhs),rhsMax =  -6.39488462184090E-14  4.35610601637299E-09
 Calling cg2d from S/R CG2D_MAD
 cg2d: Sum(rhs),rhsMax =   1.42108547152020E-14  4.36562049224461E-09
 Calling cg2d from S/R CG2D_MAD
 cg2d: Sum(rhs),rhsMax =   7.10542735760100E-15  4.36468832491066E-09
 Calling cg2d from S/R CG2D_MAD
 cg2d: Sum(rhs),rhsMax =  -1.42108547152020E-14  4.35346791115353E-09
 Calling cg2d from S/R CG2D_MAD
 cg2d: Sum(rhs),rhsMax =  -2.13162820728030E-14  4.33211233889482E-09
 Calling cg2d from S/R CG2D_MAD
 cg2d: Sum(rhs),rhsMax =   1.13686837721616E-13  4.30077007092409E-09
 Calling cg2d from S/R CG2D_MAD
 cg2d: Sum(rhs),rhsMax =   0.00000000000000E+00  4.25958693810312E-09
 Calling cg2d from S/R CG2D_MAD
 cg2d: Sum(rhs),rhsMax =  -2.13162820728030E-14  4.20870923938391E-09
 Calling cg2d from S/R CG2D_MAD
 cg2d: Sum(rhs),rhsMax =   0.00000000000000E+00  4.14828760649622E-09
 Calling cg2d from S/R CG2D_MAD
 cg2d: Sum(rhs),rhsMax =   4.26325641456060E-14  4.07848132336020E-09
 Calling cg2d from S/R CG2D_MAD
 cg2d: Sum(rhs),rhsMax =   1.42108547152020E-14  3.99946281084754E-09
 Calling cg2d from S/R CG2D_MAD
 cg2d: Sum(rhs),rhsMax =   2.13162820728030E-14  3.91142200252976E-09
 Calling cg2d from S/R CG2D_MAD
 cg2d: Sum(rhs),rhsMax =  -3.19744231092045E-14  3.81457036950157E-09
 Calling cg2d from S/R CG2D_MAD
 cg2d: Sum(rhs),rhsMax =   7.46069872548105E-14  3.70914442080133E-09
 Calling cg2d from S/R CG2D_MAD
 cg2d: Sum(rhs),rhsMax =  -5.68434188608080E-14  3.59540853385842E-09
 Calling cg2d from S/R CG2D_MAD
 cg2d: Sum(rhs),rhsMax =  -2.13162820728030E-14  3.47365708150798E-09
 Calling cg2d from S/R CG2D_MAD
 cg2d: Sum(rhs),rhsMax =   1.42108547152020E-14  3.34421587177297E-09
 Calling cg2d from S/R CG2D_MAD
 cg2d: Sum(rhs),rhsMax =  -5.68434188608080E-14  3.20744274542840E-09
 Calling cg2d from S/R CG2D_MAD
 cg2d: Sum(rhs),rhsMax =   3.55271367880050E-14  3.06372756078572E-09
 Calling cg2d from S/R CG2D_MAD
 cg2d: Sum(rhs),rhsMax =   1.03028696685215E-13  2.91349140167652E-09
 Calling cg2d from S/R CG2D_MAD
 cg2d: Sum(rhs),rhsMax =  -7.46069872548105E-14  2.75718504757575E-09
 Calling cg2d from S/R CG2D_MAD
 cg2d: Sum(rhs),rhsMax =   9.41469124882133E-14  2.59528682646423E-09
 Calling cg2d from S/R CG2D_MAD
 cg2d: Sum(rhs),rhsMax =   5.68434188608080E-14  2.63774471550339E-09
 Calling cg2d from S/R CG2D_MAD
 cg2d: Sum(rhs),rhsMax =   1.68753899743024E-13  2.73321237438759E-09
 Calling cg2d from S/R CG2D_MAD
 cg2d: Sum(rhs),rhsMax =  -6.39488462184090E-14  2.81105143810769E-09
 Calling cg2d from S/R CG2D_MAD
 cg2d: Sum(rhs),rhsMax =  -7.54951656745106E-14  2.87087818774049E-09
 Calling cg2d from S/R CG2D_MAD
 cg2d: Sum(rhs),rhsMax =   2.25375273998907E-14  2.91243128822576E-09
 Calling cg2d from S/R CG2D_MAD
 cg2d: Sum(rhs),rhsMax =   2.79776202205539E-14  2.93557041453381E-09
 Calling cg2d from S/R CG2D_MAD
 cg2d: Sum(rhs),rhsMax =   6.83897383169096E-14  2.94027431095466E-09
 Calling cg2d from S/R CG2D_MAD
 cg2d: Sum(rhs),rhsMax =  -1.77635683940025E-15  2.92663823145441E-09
 Calling cg2d from S/R CG2D_MAD
 cg2d: Sum(rhs),rhsMax =   8.88178419700125E-15  2.89487097177379E-09
 Calling cg2d from S/R CG2D_MAD
 cg2d: Sum(rhs),rhsMax =  -2.30926389122033E-14  2.84529159404959E-09
 Calling cg2d from S/R CG2D_MAD
 cg2d: Sum(rhs),rhsMax =   3.37507799486048E-14  2.77832563000530E-09
 Calling cg2d from S/R CG2D_MAD
 cg2d: Sum(rhs),rhsMax =   5.32907051820075E-14  2.69450137626000E-09
 Calling cg2d from S/R CG2D_MAD
 cg2d: Sum(rhs),rhsMax =  -1.52766688188422E-13  2.59444526515021E-09
 Calling cg2d from S/R CG2D_MAD
 cg2d: Sum(rhs),rhsMax =  -9.94759830064140E-14  2.47887858659426E-09
 Calling cg2d from S/R CG2D_MAD
 cg2d: Sum(rhs),rhsMax =  -7.10542735760100E-14  2.34861234710332E-09
 Calling cg2d from S/R CG2D_MAD
 cg2d: Sum(rhs),rhsMax =  -6.03961325396085E-14  2.20454184125283E-09
 Calling cg2d from S/R CG2D_MAD
 cg2d: Sum(rhs),rhsMax =  -2.20268248085631E-13  2.08009246253523E-09
 Calling cg2d from S/R CG2D_MAD
 cg2d: Sum(rhs),rhsMax =  -2.84217094304040E-14  2.21709428633687E-09
 Calling cg2d from S/R CG2D_MAD
 cg2d: Sum(rhs),rhsMax =   3.90798504668055E-14  2.34862020732317E-09
 Calling cg2d from S/R CG2D_MAD
 cg2d: Sum(rhs),rhsMax =  -7.81597009336110E-14  2.47418030261626E-09
 Calling cg2d from S/R CG2D_MAD
 cg2d: Sum(rhs),rhsMax =   4.26325641456060E-14  2.59331241323437E-09
 Calling cg2d from S/R CG2D_MAD
 cg2d: Sum(rhs),rhsMax =  -6.39488462184090E-14  2.70558660354903E-09
 Calling cg2d from S/R CG2D_MAD
 cg2d: Sum(rhs),rhsMax =  -8.52651282912120E-14  2.81060920924553E-09
 Calling cg2d from S/R CG2D_MAD
 cg2d: Sum(rhs),rhsMax =   1.77635683940025E-14  2.90802660222957E-09
 Calling cg2d from S/R CG2D_MAD
 cg2d: Sum(rhs),rhsMax =   6.75015598972095E-14  2.99752842364937E-09
 Calling cg2d from S/R CG2D_MAD
 cg2d: Sum(rhs),rhsMax =   3.55271367880050E-15  3.07885026808593E-09
 Calling cg2d from S/R CG2D_MAD
 cg2d: Sum(rhs),rhsMax =  -1.03028696685215E-13  3.15177572393225E-09
 Calling cg2d from S/R CG2D_MAD
 cg2d: Sum(rhs),rhsMax =  -1.42108547152020E-14  3.21613771630434E-09
 Calling cg2d from S/R CG2D_MAD
 cg2d: Sum(rhs),rhsMax =   1.63424829224823E-13  3.27181913299692E-09
 Calling cg2d from S/R CG2D_MAD
 cg2d: Sum(rhs),rhsMax =  -4.61852778244065E-14  3.31875269136620E-09
 Calling cg2d from S/R CG2D_MAD
 cg2d: Sum(rhs),rhsMax =   3.90798504668055E-14  3.35692003911470E-09
 Calling cg2d from S/R CG2D_MAD
 cg2d: Sum(rhs),rhsMax =  -2.84217094304040E-14  3.38635015685799E-09
 Calling cg2d from S/R CG2D_MAD
 cg2d: Sum(rhs),rhsMax =   2.48689957516035E-14  3.40711712225535E-09
 cg2d: Sum(rhs),rhsMax =   8.66862137627322E-13  1.94369797282126E+00
 cg2d: Sum(rhs),rhsMax =   8.38440428196918E-13  1.94341860206214E+00
 cg2d: Sum(rhs),rhsMax =   7.24753590475302E-13  1.94313877160459E+00
 cg2d: Sum(rhs),rhsMax =   7.10542735760100E-13  1.94285848328739E+00
 cg2d: Sum(rhs),rhsMax =   2.84217094304040E-13  1.94257773894592E+00
 cg2d: Sum(rhs),rhsMax =   6.39488462184090E-13  1.94229654041174E+00
 cg2d: Sum(rhs),rhsMax =   6.53699316899292E-13  1.94201488951250E+00
 cg2d: Sum(rhs),rhsMax =   1.42108547152020E-13  1.94173278807173E+00
 cg2d: Sum(rhs),rhsMax =   5.11590769747272E-13  1.94145023790879E+00
 cg2d: Sum(rhs),rhsMax =   2.84217094304040E-13  1.94116724083870E+00
 cg2d: Sum(rhs),rhsMax =   4.83169060316868E-13  1.94088379867222E+00
 cg2d: Sum(rhs),rhsMax =   3.41060513164848E-13  1.94059991321575E+00
 cg2d: Sum(rhs),rhsMax =   4.26325641456060E-13  1.94031558627149E+00
 cg2d: Sum(rhs),rhsMax =   7.81597009336110E-13  1.94003081963746E+00
 cg2d: Sum(rhs),rhsMax =   8.52651282912120E-14  1.93974561510767E+00
 cg2d: Sum(rhs),rhsMax =   1.02318153949454E-12  1.93945997447226E+00
 cg2d: Sum(rhs),rhsMax =   5.11590769747272E-13  1.93917389951769E+00
 cg2d: Sum(rhs),rhsMax =   5.54223333892878E-13  1.93888739202708E+00
 cg2d: Sum(rhs),rhsMax =   7.81597009336110E-13  1.93860045378034E+00
 cg2d: Sum(rhs),rhsMax =   5.25801624462474E-13  1.93831308655456E+00
 cg2d: Sum(rhs),rhsMax =   4.12114786740858E-13  1.93802529212428E+00
 cg2d: Sum(rhs),rhsMax =   1.42108547152020E-13  1.93773707226191E+00
 cg2d: Sum(rhs),rhsMax =   3.83693077310454E-13  1.93744842873804E+00
 cg2d: Sum(rhs),rhsMax =   8.24229573481716E-13  1.93715936332187E+00
 cg2d: Sum(rhs),rhsMax =   9.09494701772928E-13  1.93686987778160E+00
 cg2d: Sum(rhs),rhsMax =   7.67386154620908E-13  1.93657997388481E+00
 cg2d: Sum(rhs),rhsMax =   1.84741111297626E-13  1.93628965339906E+00
 cg2d: Sum(rhs),rhsMax =   7.10542735760100E-13  1.93599891809210E+00
 cg2d: Sum(rhs),rhsMax =   6.11066752753686E-13  1.93570776973251E+00
 cg2d: Sum(rhs),rhsMax =   8.38440428196918E-13  1.93541621009003E+00
 cg2d: Sum(rhs),rhsMax =   5.25801624462474E-13  1.93512424093609E+00
 cg2d: Sum(rhs),rhsMax =   6.39488462184090E-13  1.93483186404424E+00
 cg2d: Sum(rhs),rhsMax =   1.00897068477934E-12  1.93453908119057E+00
 cg2d: Sum(rhs),rhsMax =   3.97903932025656E-13  1.93424589415416E+00
 cg2d: Sum(rhs),rhsMax =   4.83169060316868E-13  1.93395230471752E+00
 cg2d: Sum(rhs),rhsMax =   9.37916411203332E-13  1.93365831466701E+00
 cg2d: Sum(rhs),rhsMax =   3.83693077310454E-13  1.93336392579320E+00
 cg2d: Sum(rhs),rhsMax =   2.27373675443232E-13  1.93306913989130E+00
 cg2d: Sum(rhs),rhsMax =   1.09423581307055E-12  1.93277395876149E+00
 cg2d: Sum(rhs),rhsMax =   6.39488462184090E-13  1.93247838420931E+00
 cg2d: Sum(rhs),rhsMax =   6.39488462184090E-13  1.93218241804590E+00
 cg2d: Sum(rhs),rhsMax =   5.68434188608080E-13  1.93188606208839E+00
 cg2d: Sum(rhs),rhsMax =   8.38440428196918E-13  1.93158931816012E+00
 cg2d: Sum(rhs),rhsMax =   7.53175299905706E-13  1.93129218809088E+00
 cg2d: Sum(rhs),rhsMax =   1.27897692436818E-13  1.93099467371713E+00
 cg2d: Sum(rhs),rhsMax =   8.52651282912120E-13  1.93069677688223E+00
 cg2d: Sum(rhs),rhsMax =   9.52127265918534E-13  1.93039849943654E+00
 cg2d: Sum(rhs),rhsMax =   6.39488462184090E-13  1.93009984323759E+00
 cg2d: Sum(rhs),rhsMax =   6.67910171614494E-13  1.92980081015016E+00
 cg2d: Sum(rhs),rhsMax =   6.39488462184090E-13  1.92950140204634E+00
 cg2d: Sum(rhs),rhsMax =   5.25801624462474E-13  1.92920162080559E+00
 cg2d: Sum(rhs),rhsMax =   6.96331881044898E-13  1.92890146831472E+00
 cg2d: Sum(rhs),rhsMax =   2.98427949019242E-13  1.92860094646788E+00
 cg2d: Sum(rhs),rhsMax =   8.81072992342524E-13  1.92830005716652E+00
 cg2d: Sum(rhs),rhsMax =   6.11066752753686E-13  1.92799880231927E+00
 cg2d: Sum(rhs),rhsMax =   5.54223333892878E-13  1.92769718384186E+00
 cg2d: Sum(rhs),rhsMax =   6.67910171614494E-13  1.92739520365697E+00
 cg2d: Sum(rhs),rhsMax =   4.97379915032070E-13  1.92709286369405E+00
 cg2d: Sum(rhs),rhsMax =   5.68434188608080E-13  1.92687610148430E+00
 cg2d: Sum(rhs),rhsMax =   3.83693077310454E-13  1.92700113371436E+00
 cg2d: Sum(rhs),rhsMax =   4.68958205601666E-13  1.92712564506751E+00
 cg2d: Sum(rhs),rhsMax =   6.82121026329696E-13  1.92724963512089E+00
 cg2d: Sum(rhs),rhsMax =   6.96331881044898E-13  1.92737310345423E+00
 cg2d: Sum(rhs),rhsMax =   7.95807864051312E-13  1.92749604964945E+00
 cg2d: Sum(rhs),rhsMax =   6.67910171614494E-13  1.92761847329006E+00
 cg2d: Sum(rhs),rhsMax =   2.70006239588838E-13  1.92774037396074E+00
 cg2d: Sum(rhs),rhsMax =   3.97903932025656E-13  1.92786175124701E+00
 cg2d: Sum(rhs),rhsMax =   4.26325641456060E-13  1.92798260473467E+00
 cg2d: Sum(rhs),rhsMax =   5.68434188608080E-14  1.92810293400958E+00
 cg2d: Sum(rhs),rhsMax =   5.54223333892878E-13  1.92822273865721E+00
 cg2d: Sum(rhs),rhsMax =   8.52651282912120E-13  1.92834201826242E+00
 cg2d: Sum(rhs),rhsMax =   5.40012479177676E-13  1.92846077240915E+00
 Calling cg2d from S/R CG2D_MAD
 cg2d: Sum(rhs),rhsMax =  -3.55271367880050E-14  3.41933724803594E-09
 Calling cg2d from S/R CG2D_MAD
 cg2d: Sum(rhs),rhsMax =   2.13162820728030E-14  3.42316561789221E-09
 Calling cg2d from S/R CG2D_MAD
 cg2d: Sum(rhs),rhsMax =   6.75015598972095E-14  3.41879215231183E-09
 Calling cg2d from S/R CG2D_MAD
 cg2d: Sum(rhs),rhsMax =   2.48689957516035E-14  3.40643723204098E-09
 Calling cg2d from S/R CG2D_MAD
 cg2d: Sum(rhs),rhsMax =   2.48689957516035E-14  3.38634714245294E-09
 Calling cg2d from S/R CG2D_MAD
 cg2d: Sum(rhs),rhsMax =  -8.52651282912120E-14  3.35878932562463E-09
 Calling cg2d from S/R CG2D_MAD
 cg2d: Sum(rhs),rhsMax =  -2.13162820728030E-14  3.32404756897058E-09
 Calling cg2d from S/R CG2D_MAD
 cg2d: Sum(rhs),rhsMax =  -8.17124146124115E-14  3.28241729078440E-09
 Calling cg2d from S/R CG2D_MAD
 cg2d: Sum(rhs),rhsMax =  -2.13162820728030E-14  3.23420096014984E-09
 Calling cg2d from S/R CG2D_MAD
 cg2d: Sum(rhs),rhsMax =  -7.10542735760100E-15  3.17970377690674E-09
 Calling cg2d from S/R CG2D_MAD
 cg2d: Sum(rhs),rhsMax =  -1.06581410364015E-14  3.11922978026338E-09
 Calling cg2d from S/R CG2D_MAD
 cg2d: Sum(rhs),rhsMax =  -1.03028696685215E-13  3.05307835431409E-09
 Calling cg2d from S/R CG2D_MAD
 cg2d: Sum(rhs),rhsMax =   2.13162820728030E-14  2.98154132650917E-09
 Calling cg2d from S/R CG2D_MAD
 cg2d: Sum(rhs),rhsMax =  -8.17124146124115E-14  2.90490059380744E-09
 Calling cg2d from S/R CG2D_MAD
 cg2d: Sum(rhs),rhsMax =  -8.17124146124115E-14  2.82342640716217E-09
 Calling cg2d from S/R CG2D_MAD
 cg2d: Sum(rhs),rhsMax =  -1.31450406115619E-13  2.73737629386895E-09
 Calling cg2d from S/R CG2D_MAD
 cg2d: Sum(rhs),rhsMax =  -3.19744231092045E-14  2.64699462739996E-09
 Calling cg2d from S/R CG2D_MAD
 cg2d: Sum(rhs),rhsMax =   1.27897692436818E-13  2.55251283160806E-09
 Calling cg2d from S/R CG2D_MAD
 cg2d: Sum(rhs),rhsMax =  -3.55271367880050E-15  2.45415018683689E-09
 Calling cg2d from S/R CG2D_MAD
 cg2d: Sum(rhs),rhsMax =   1.45661260830821E-13  2.35211518942836E-09
 Calling cg2d from S/R CG2D_MAD
 cg2d: Sum(rhs),rhsMax =  -1.13686837721616E-13  2.24660739928015E-09
 Calling cg2d from S/R CG2D_MAD
 cg2d: Sum(rhs),rhsMax =   3.19744231092045E-14  2.13781971076558E-09
 Calling cg2d from S/R CG2D_MAD
 cg2d: Sum(rhs),rhsMax =  -1.06581410364015E-13  2.02594095515066E-09
 Calling cg2d from S/R CG2D_MAD
 cg2d: Sum(rhs),rhsMax =   2.48689957516035E-14  1.91115870155915E-09
 Calling cg2d from S/R CG2D_MAD
 cg2d: Sum(rhs),rhsMax =  -1.95399252334028E-14  1.79366221886141E-09
 Calling cg2d from S/R CG2D_MAD
 cg2d: Sum(rhs),rhsMax =   9.23705556488130E-14  1.67364552975375E-09
 Calling cg2d from S/R CG2D_MAD
 cg2d: Sum(rhs),rhsMax =   1.86517468137026E-14  1.57089359120486E-09
 Calling cg2d from S/R CG2D_MAD
 cg2d: Sum(rhs),rhsMax =  -3.15303338993544E-14  1.63425050679881E-09
 Calling cg2d from S/R CG2D_MAD
 cg2d: Sum(rhs),rhsMax =   1.02140518265514E-14  1.72358206496084E-09
 Calling cg2d from S/R CG2D_MAD
 cg2d: Sum(rhs),rhsMax =  -5.15143483426073E-14  1.80092277076787E-09
 Calling cg2d from S/R CG2D_MAD
 cg2d: Sum(rhs),rhsMax =   1.24344978758018E-14  1.86582226343039E-09
 Calling cg2d from S/R CG2D_MAD
 cg2d: Sum(rhs),rhsMax =  -5.15143483426073E-14  1.91792595103307E-09
 Calling cg2d from S/R CG2D_MAD
 cg2d: Sum(rhs),rhsMax =   7.81597009336110E-14  1.95697727441689E-09
 Calling cg2d from S/R CG2D_MAD
 cg2d: Sum(rhs),rhsMax =   1.13686837721616E-13  1.98281900710172E-09
 Calling cg2d from S/R CG2D_MAD
 cg2d: Sum(rhs),rhsMax =  -1.42108547152020E-14  1.99539359182734E-09
 Calling cg2d from S/R CG2D_MAD
 cg2d: Sum(rhs),rhsMax =   6.39488462184090E-14  1.99474251631729E-09
 Calling cg2d from S/R CG2D_MAD
 cg2d: Sum(rhs),rhsMax =  -1.35003119794419E-13  1.98100478444359E-09
 Calling cg2d from S/R CG2D_MAD
 cg2d: Sum(rhs),rhsMax =   5.68434188608080E-14  1.95441447549499E-09
 Calling cg2d from S/R CG2D_MAD
 cg2d: Sum(rhs),rhsMax =  -7.10542735760100E-14  1.91529748192376E-09
 Calling cg2d from S/R CG2D_MAD
 cg2d: Sum(rhs),rhsMax =   1.27897692436818E-13  1.86406746571868E-09
 Calling cg2d from S/R CG2D_MAD
 cg2d: Sum(rhs),rhsMax =  -1.42108547152020E-14  1.80122110653023E-09
 Calling cg2d from S/R CG2D_MAD
 cg2d: Sum(rhs),rhsMax =   7.10542735760100E-14  1.72733271647018E-09
 Calling cg2d from S/R CG2D_MAD
 cg2d: Sum(rhs),rhsMax =  -9.23705556488130E-14  1.70123564122061E-09
 Calling cg2d from S/R CG2D_MAD
 cg2d: Sum(rhs),rhsMax =   6.39488462184090E-14  1.84624176597159E-09
 Calling cg2d from S/R CG2D_MAD
 cg2d: Sum(rhs),rhsMax =  -4.97379915032070E-14  1.98692308386258E-09
 Calling cg2d from S/R CG2D_MAD
 cg2d: Sum(rhs),rhsMax =   9.94759830064140E-14  2.12292365457210E-09
 Calling cg2d from S/R CG2D_MAD
 cg2d: Sum(rhs),rhsMax =  -2.84217094304040E-14  2.25390386466119E-09
 Calling cg2d from S/R CG2D_MAD
 cg2d: Sum(rhs),rhsMax =   1.42108547152020E-14  2.37953950738217E-09
 Calling cg2d from S/R CG2D_MAD
 cg2d: Sum(rhs),rhsMax =   4.26325641456060E-14  2.49952098463239E-09
 Calling cg2d from S/R CG2D_MAD
 cg2d: Sum(rhs),rhsMax =  -7.10542735760100E-15  2.61355266365017E-09
 Calling cg2d from S/R CG2D_MAD
 cg2d: Sum(rhs),rhsMax =   0.00000000000000E+00  2.72135243321309E-09
 Calling cg2d from S/R CG2D_MAD
 cg2d: Sum(rhs),rhsMax =  -4.97379915032070E-14  2.82265149170104E-09
 Calling cg2d from S/R CG2D_MAD
 cg2d: Sum(rhs),rhsMax =   2.84217094304040E-14  2.91719438779285E-09
 Calling cg2d from S/R CG2D_MAD
 cg2d: Sum(rhs),rhsMax =  -6.39488462184090E-14  3.00473932339810E-09
 Calling cg2d from S/R CG2D_MAD
 cg2d: Sum(rhs),rhsMax =  -4.97379915032070E-14  3.08505871715289E-09
 Calling cg2d from S/R CG2D_MAD
 cg2d: Sum(rhs),rhsMax =   1.42108547152020E-14  3.15794001576863E-09
 Calling cg2d from S/R CG2D_MAD
 cg2d: Sum(rhs),rhsMax =   6.39488462184090E-14  3.22318673013407E-09
 Calling cg2d from S/R CG2D_MAD
 cg2d: Sum(rhs),rhsMax =  -7.10542735760100E-14  3.28061966369191E-09
 Calling cg2d from S/R CG2D_MAD
 cg2d: Sum(rhs),rhsMax =   4.26325641456060E-14  3.33007829254027E-09
 Calling cg2d from S/R CG2D_MAD
 cg2d: Sum(rhs),rhsMax =  -2.84217094304040E-14  3.37142225016073E-09
 Calling cg2d from S/R CG2D_MAD
 cg2d: Sum(rhs),rhsMax =  -1.42108547152020E-14  3.40453286550717E-09
 Calling cg2d from S/R CG2D_MAD
 cg2d: Sum(rhs),rhsMax =  -3.55271367880050E-15  3.42931469580428E-09
 Calling cg2d from S/R CG2D_MAD
 cg2d: Sum(rhs),rhsMax =  -3.55271367880050E-15  3.44569700784967E-09
 Calling cg2d from S/R CG2D_MAD
 cg2d: Sum(rhs),rhsMax =   3.55271367880050E-15  3.45363511574967E-09
 Calling cg2d from S/R CG2D_MAD
 cg2d: Sum(rhs),rhsMax =   1.77635683940025E-14  3.45311169364527E-09
 Calling cg2d from S/R CG2D_MAD
 cg2d: Sum(rhs),rhsMax =   3.19744231092045E-14  3.44413756862776E-09
 Calling cg2d from S/R CG2D_MAD
 cg2d: Sum(rhs),rhsMax =  -7.28306304154103E-14  3.42675260721931E-09
 Calling cg2d from S/R CG2D_MAD
 cg2d: Sum(rhs),rhsMax =  -1.59872115546023E-14  3.40102617315292E-09
 Calling cg2d from S/R CG2D_MAD
 cg2d: Sum(rhs),rhsMax =  -1.77635683940025E-14  3.36705711762434E-09
 Calling cg2d from S/R CG2D_MAD
 cg2d: Sum(rhs),rhsMax =   2.93098878501041E-14  3.32497379397939E-09
 Calling cg2d from S/R CG2D_MAD
 cg2d: Sum(rhs),rhsMax =  -2.22044604925031E-14  3.27493341996851E-09
 Calling cg2d from S/R CG2D_MAD
 cg2d: Sum(rhs),rhsMax =   7.54951656745106E-14  3.21712128657449E-09
 cg2d: Sum(rhs),rhsMax =   6.11066752753686E-13  1.96248965981730E+00
 cg2d: Sum(rhs),rhsMax =   1.56319401867222E-13  1.96224791943242E+00
 cg2d: Sum(rhs),rhsMax =   4.97379915032070E-13  1.96200560169281E+00
 cg2d: Sum(rhs),rhsMax =   6.53699316899292E-13  1.96176270808592E+00
 cg2d: Sum(rhs),rhsMax =   2.27373675443232E-13  1.96151924009144E+00
 cg2d: Sum(rhs),rhsMax =   6.25277607468888E-13  1.96127519918162E+00
 cg2d: Sum(rhs),rhsMax =   6.96331881044898E-13  1.96103058682175E+00
 cg2d: Sum(rhs),rhsMax =   8.66862137627322E-13  1.96078540447065E+00
 cg2d: Sum(rhs),rhsMax =   5.40012479177676E-13  1.96053965358120E+00
 cg2d: Sum(rhs),rhsMax =   3.83693077310454E-13  1.96029333560099E+00
 cg2d: Sum(rhs),rhsMax =   3.26849658449646E-13  1.96004645197293E+00
 cg2d: Sum(rhs),rhsMax =   5.11590769747272E-13  1.95979900413596E+00
 cg2d: Sum(rhs),rhsMax =   8.24229573481716E-13  1.95955099352574E+00
 cg2d: Sum(rhs),rhsMax =   4.40536496171262E-13  1.95930242157547E+00
 cg2d: Sum(rhs),rhsMax =   9.52127265918534E-13  1.95905328971658E+00
 cg2d: Sum(rhs),rhsMax =   5.82645043323282E-13  1.95880359937958E+00
 cg2d: Sum(rhs),rhsMax =   4.12114786740858E-13  1.95855335199488E+00
 cg2d: Sum(rhs),rhsMax =   7.24753590475302E-13  1.95830254899360E+00
 cg2d: Sum(rhs),rhsMax =   8.81072992342524E-13  1.95805119180838E+00
 cg2d: Sum(rhs),rhsMax =   8.10018718766514E-13  1.95779928187433E+00
 cg2d: Sum(rhs),rhsMax =   7.81597009336110E-13  1.95754682062979E+00
 cg2d: Sum(rhs),rhsMax =   2.84217094304040E-13  1.95729380951715E+00
 cg2d: Sum(rhs),rhsMax =   9.52127265918534E-13  1.95704024998382E+00
 cg2d: Sum(rhs),rhsMax =   7.67386154620908E-13  1.95678614348284E+00
 cg2d: Sum(rhs),rhsMax =   5.11590769747272E-13  1.95653149147391E+00
 cg2d: Sum(rhs),rhsMax =   1.16529008664656E-12  1.95627629542389E+00
 cg2d: Sum(rhs),rhsMax =   5.25801624462474E-13  1.95602055680779E+00
 cg2d: Sum(rhs),rhsMax =   5.25801624462474E-13  1.95576427710913E+00
 cg2d: Sum(rhs),rhsMax =   6.67910171614494E-13  1.95550745782000E+00
 cg2d: Sum(rhs),rhsMax =   3.97903932025656E-13  1.95525010044306E+00
 cg2d: Sum(rhs),rhsMax =   5.54223333892878E-13  1.95499220649196E+00
 cg2d: Sum(rhs),rhsMax =  -1.42108547152020E-14  1.95473377749184E+00
 cg2d: Sum(rhs),rhsMax =   6.25277607468888E-13  1.95447481497951E+00
 cg2d: Sum(rhs),rhsMax =   1.02318153949454E-12  1.95421532050339E+00
 cg2d: Sum(rhs),rhsMax =   9.23705556488130E-13  1.95395529562391E+00
 cg2d: Sum(rhs),rhsMax =   3.83693077310454E-13  1.95369474191388E+00
 cg2d: Sum(rhs),rhsMax =   4.83169060316868E-13  1.95343366095896E+00
 cg2d: Sum(rhs),rhsMax =   7.95807864051312E-13  1.95317205435795E+00
 cg2d: Sum(rhs),rhsMax =   8.24229573481716E-13  1.95290992372285E+00
 cg2d: Sum(rhs),rhsMax =   4.68958205601666E-13  1.95264727067904E+00
 cg2d: Sum(rhs),rhsMax =   1.05160324892495E-12  1.95238409686525E+00
 cg2d: Sum(rhs),rhsMax =   7.38964445190504E-13  1.95212040393353E+00
 cg2d: Sum(rhs),rhsMax =   4.54747350886464E-13  1.95185619354920E+00
 cg2d: Sum(rhs),rhsMax =   9.80548975348938E-13  1.95159146739067E+00
 cg2d: Sum(rhs),rhsMax =   2.27373675443232E-13  1.95132622714929E+00
 cg2d: Sum(rhs),rhsMax =   5.11590769747272E-13  1.95106047452911E+00
 cg2d: Sum(rhs),rhsMax =   5.68434188608080E-13  1.95079421124660E+00
 cg2d: Sum(rhs),rhsMax =   9.52127265918534E-13  1.95052743903028E+00
 cg2d: Sum(rhs),rhsMax =   3.97903932025656E-13  1.95026015962039E+00
 cg2d: Sum(rhs),rhsMax =   7.38964445190504E-13  1.94999237476839E+00
 cg2d: Sum(rhs),rhsMax =   3.83693077310454E-13  1.94972408623658E+00
 cg2d: Sum(rhs),rhsMax =   2.84217094304040E-13  1.94945529579752E+00
 cg2d: Sum(rhs),rhsMax =   4.40536496171262E-13  1.94918600523358E+00
 cg2d: Sum(rhs),rhsMax =   8.81072992342524E-13  1.94891621633629E+00
 cg2d: Sum(rhs),rhsMax =   4.97379915032070E-13  1.94864593090579E+00
 cg2d: Sum(rhs),rhsMax =   2.84217094304040E-13  1.94837515075023E+00
 cg2d: Sum(rhs),rhsMax =   1.27897692436818E-13  1.94810387768510E+00
 cg2d: Sum(rhs),rhsMax =   4.12114786740858E-13  1.94783211353261E+00
 cg2d: Sum(rhs),rhsMax =   9.23705556488130E-13  1.94755986012104E+00
 cg2d: Sum(rhs),rhsMax =   7.38964445190504E-13  1.94728711928404E+00
 cg2d: Sum(rhs),rhsMax =   6.67910171614494E-13  1.94701389286003E+00
 cg2d: Sum(rhs),rhsMax =   9.52127265918534E-13  1.94674018269146E+00
 cg2d: Sum(rhs),rhsMax =   4.54747350886464E-13  1.94646599062426E+00
 cg2d: Sum(rhs),rhsMax =   5.96855898038484E-13  1.94619131850707E+00
 cg2d: Sum(rhs),rhsMax =   6.53699316899292E-13  1.94591616819072E+00
 cg2d: Sum(rhs),rhsMax =   6.53699316899292E-13  1.94564054152754E+00
 cg2d: Sum(rhs),rhsMax =   6.67910171614494E-13  1.94536444037075E+00
 cg2d: Sum(rhs),rhsMax =   6.11066752753686E-13  1.94508786657396E+00
 cg2d: Sum(rhs),rhsMax =   8.10018718766514E-13  1.94481082199053E+00
 cg2d: Sum(rhs),rhsMax =  -1.42108547152020E-14  1.94453330847307E+00
 cg2d: Sum(rhs),rhsMax =  -4.26325641456060E-14  1.94425532787295E+00
 cg2d: Sum(rhs),rhsMax =   6.11066752753686E-13  1.94397688203985E+00
 Calling cg2d from S/R CG2D_MAD
 cg2d: Sum(rhs),rhsMax =   5.18474152499948E-14  3.15174961793941E-09
 Calling cg2d from S/R CG2D_MAD
 cg2d: Sum(rhs),rhsMax =   7.03881397612349E-14  3.07905616447129E-09
 Calling cg2d from S/R CG2D_MAD
 cg2d: Sum(rhs),rhsMax =  -6.66133814775094E-15  2.99930253616239E-09
 Calling cg2d from S/R CG2D_MAD
 cg2d: Sum(rhs),rhsMax =   1.68753899743024E-14  2.91277234023579E-09
 Calling cg2d from S/R CG2D_MAD
 cg2d: Sum(rhs),rhsMax =   8.34887714518118E-14  2.81976916196786E-09
 Calling cg2d from S/R CG2D_MAD
 cg2d: Sum(rhs),rhsMax =   3.19744231092045E-14  2.72061443842446E-09
 Calling cg2d from S/R CG2D_MAD
 cg2d: Sum(rhs),rhsMax =  -1.24344978758018E-14  2.61564527918360E-09
 Calling cg2d from S/R CG2D_MAD
 cg2d: Sum(rhs),rhsMax =  -2.84217094304040E-14  2.50521228782184E-09
 Calling cg2d from S/R CG2D_MAD
 cg2d: Sum(rhs),rhsMax =   2.06057393370429E-13  2.38967743567551E-09
 Calling cg2d from S/R CG2D_MAD
 cg2d: Sum(rhs),rhsMax =   3.55271367880050E-15  2.26941203583873E-09
 Calling cg2d from S/R CG2D_MAD
 cg2d: Sum(rhs),rhsMax =  -2.84217094304040E-14  2.14479486029694E-09
 Calling cg2d from S/R CG2D_MAD
 cg2d: Sum(rhs),rhsMax =  -1.56319401867222E-13  2.01621043646598E-09
 Calling cg2d from S/R CG2D_MAD
 cg2d: Sum(rhs),rhsMax =   1.56319401867222E-13  1.88404755146048E-09
 Calling cg2d from S/R CG2D_MAD
 cg2d: Sum(rhs),rhsMax =   0.00000000000000E+00  1.74869798770078E-09
 Calling cg2d from S/R CG2D_MAD
 cg2d: Sum(rhs),rhsMax =  -1.13686837721616E-13  1.61055546787015E-09
 Calling cg2d from S/R CG2D_MAD
 cg2d: Sum(rhs),rhsMax =   7.10542735760100E-15  1.51803113205176E-09
 Calling cg2d from S/R CG2D_MAD
 cg2d: Sum(rhs),rhsMax =  -4.97379915032070E-14  1.53984377356251E-09
 Calling cg2d from S/R CG2D_MAD
 cg2d: Sum(rhs),rhsMax =   1.98951966012828E-13  1.55140934850774E-09
 Calling cg2d from S/R CG2D_MAD
 cg2d: Sum(rhs),rhsMax =   2.13162820728030E-14  1.55264622711084E-09
 Calling cg2d from S/R CG2D_MAD
 cg2d: Sum(rhs),rhsMax =  -2.13162820728030E-14  1.54354430764769E-09
 Calling cg2d from S/R CG2D_MAD
 cg2d: Sum(rhs),rhsMax =   4.26325641456060E-14  1.52416554172986E-09
 Calling cg2d from S/R CG2D_MAD
 cg2d: Sum(rhs),rhsMax =   1.42108547152020E-14  1.49464392799065E-09
 Calling cg2d from S/R CG2D_MAD
 cg2d: Sum(rhs),rhsMax =  -1.70530256582424E-13  1.45518495390263E-09
 Calling cg2d from S/R CG2D_MAD
 cg2d: Sum(rhs),rhsMax =  -1.06581410364015E-13  1.40606447075654E-09
 Calling cg2d from S/R CG2D_MAD
 cg2d: Sum(rhs),rhsMax =   2.13162820728030E-14  1.34762699552164E-09
 Calling cg2d from S/R CG2D_MAD
 cg2d: Sum(rhs),rhsMax =   2.84217094304040E-14  1.28028342103095E-09
 Calling cg2d from S/R CG2D_MAD
 cg2d: Sum(rhs),rhsMax =  -1.42108547152020E-14  1.34192845742090E-09
 Calling cg2d from S/R CG2D_MAD
 cg2d: Sum(rhs),rhsMax =   1.42108547152020E-14  1.40537111308656E-09
 Calling cg2d from S/R CG2D_MAD
 cg2d: Sum(rhs),rhsMax =  -3.62376795237651E-13  1.46060584139308E-09
 Calling cg2d from S/R CG2D_MAD
 cg2d: Sum(rhs),rhsMax =  -7.81597009336110E-14  1.50726473504116E-09
 Calling cg2d from S/R CG2D_MAD
 cg2d: Sum(rhs),rhsMax =  -1.77635683940025E-13  1.54502871710803E-09
 Calling cg2d from S/R CG2D_MAD
 cg2d: Sum(rhs),rhsMax =   4.97379915032070E-14  1.57363063530664E-09
 Calling cg2d from S/R CG2D_MAD
 cg2d: Sum(rhs),rhsMax =  -6.39488462184090E-14  1.59285796509912E-09
 Calling cg2d from S/R CG2D_MAD
 cg2d: Sum(rhs),rhsMax =  -2.84217094304040E-14  1.60255539673559E-09
 Calling cg2d from S/R CG2D_MAD
 cg2d: Sum(rhs),rhsMax =   2.13162820728030E-14  1.60262700048848E-09
 Calling cg2d from S/R CG2D_MAD
 cg2d: Sum(rhs),rhsMax =  -1.63424829224823E-13  1.64243579993847E-09
 Calling cg2d from S/R CG2D_MAD
 cg2d: Sum(rhs),rhsMax =  -1.27897692436818E-13  1.72347269475951E-09
 Calling cg2d from S/R CG2D_MAD
 cg2d: Sum(rhs),rhsMax =  -2.48689957516035E-14  1.80101441870809E-09
 Calling cg2d from S/R CG2D_MAD
 cg2d: Sum(rhs),rhsMax =   3.19744231092045E-14  1.87490349058229E-09
 Calling cg2d from S/R CG2D_MAD
 cg2d: Sum(rhs),rhsMax =  -4.97379915032070E-14  1.94499654310455E-09
 Calling cg2d from S/R CG2D_MAD
 cg2d: Sum(rhs),rhsMax =   1.42108547152020E-14  2.01116315288979E-09
 Calling cg2d from S/R CG2D_MAD
 cg2d: Sum(rhs),rhsMax =   1.31450406115619E-13  2.07328459118297E-09
 Calling cg2d from S/R CG2D_MAD
 cg2d: Sum(rhs),rhsMax =   9.94759830064140E-14  2.13125255746255E-09
 Calling cg2d from S/R CG2D_MAD
 cg2d: Sum(rhs),rhsMax =   2.13162820728030E-14  2.18496790386016E-09
 Calling cg2d from S/R CG2D_MAD
 cg2d: Sum(rhs),rhsMax =  -1.95399252334028E-14  2.23433946058792E-09
 Calling cg2d from S/R CG2D_MAD
 cg2d: Sum(rhs),rhsMax =  -5.32907051820075E-15  2.27928291903072E-09
 Calling cg2d from S/R CG2D_MAD
 cg2d: Sum(rhs),rhsMax =   1.38555833473220E-13  2.31971989080480E-09
 Calling cg2d from S/R CG2D_MAD
 cg2d: Sum(rhs),rhsMax =   7.63833440942108E-14  2.35557711428506E-09
 Calling cg2d from S/R CG2D_MAD
 cg2d: Sum(rhs),rhsMax =   2.30926389122033E-14  2.38678585438714E-09
 Calling cg2d from S/R CG2D_MAD
 cg2d: Sum(rhs),rhsMax =  -9.10382880192628E-14  2.41532253336665E-09
 Calling cg2d from S/R CG2D_MAD
 cg2d: Sum(rhs),rhsMax =   5.63993296509580E-14  2.43370840802969E-09
 Calling cg2d from S/R CG2D_MAD
 cg2d: Sum(rhs),rhsMax =   4.70734562441066E-14  2.45104918472067E-09
 Calling cg2d from S/R CG2D_MAD
 cg2d: Sum(rhs),rhsMax =   5.60662627435704E-14  2.46431197413211E-09
 Calling cg2d from S/R CG2D_MAD
 cg2d: Sum(rhs),rhsMax =   4.35207425653061E-14  2.47167922496992E-09
 Calling cg2d from S/R CG2D_MAD
 cg2d: Sum(rhs),rhsMax =   1.90958360235527E-14  2.47368559709171E-09
 Calling cg2d from S/R CG2D_MAD
 cg2d: Sum(rhs),rhsMax =  -4.70734562441066E-14  2.47072128215264E-09
 Calling cg2d from S/R CG2D_MAD
 cg2d: Sum(rhs),rhsMax =   3.28626015289046E-14  2.46278425065194E-09
 Calling cg2d from S/R CG2D_MAD
 cg2d: Sum(rhs),rhsMax =  -5.32907051820075E-15  2.44980713993664E-09
 Calling cg2d from S/R CG2D_MAD
 cg2d: Sum(rhs),rhsMax =  -1.24344978758018E-14  2.43175880656966E-09
 Calling cg2d from S/R CG2D_MAD
 cg2d: Sum(rhs),rhsMax =  -2.84217094304040E-14  2.40863484379190E-09
 Calling cg2d from S/R CG2D_MAD
 cg2d: Sum(rhs),rhsMax =  -1.77635683940025E-15  2.38044579169072E-09
 Calling cg2d from S/R CG2D_MAD
 cg2d: Sum(rhs),rhsMax =  -6.75015598972095E-14  2.34721530214712E-09
 Calling cg2d from S/R CG2D_MAD
 cg2d: Sum(rhs),rhsMax =   0.00000000000000E+00  2.30898126210996E-09
 Calling cg2d from S/R CG2D_MAD
 cg2d: Sum(rhs),rhsMax =   7.10542735760100E-15  2.26579697624991E-09
 Calling cg2d from S/R CG2D_MAD
 cg2d: Sum(rhs),rhsMax =  -2.13162820728030E-14  2.21773212309560E-09
 Calling cg2d from S/R CG2D_MAD
 cg2d: Sum(rhs),rhsMax =  -4.97379915032070E-14  2.16487356605759E-09
 Calling cg2d from S/R CG2D_MAD
 cg2d: Sum(rhs),rhsMax =   4.61852778244065E-14  2.10732602461884E-09
 Calling cg2d from S/R CG2D_MAD
 cg2d: Sum(rhs),rhsMax =  -4.97379915032070E-14  2.04521258107153E-09
 Calling cg2d from S/R CG2D_MAD
 cg2d: Sum(rhs),rhsMax =  -1.35003119794419E-13  1.97867500396468E-09
 Calling cg2d from S/R CG2D_MAD
 cg2d: Sum(rhs),rhsMax =   1.06581410364015E-13  1.90787387765998E-09
 Calling cg2d from S/R CG2D_MAD
 cg2d: Sum(rhs),rhsMax =  -7.10542735760100E-14  1.83298853317918E-09
 Calling cg2d from S/R CG2D_MAD
 cg2d: Sum(rhs),rhsMax =  -8.52651282912120E-14  1.75421678030725E-09
 cg2d: Sum(rhs),rhsMax =   9.80548975348938E-13  1.97827854582572E+00
 cg2d: Sum(rhs),rhsMax =   5.25801624462474E-13  1.97808227613343E+00
 cg2d: Sum(rhs),rhsMax =   6.82121026329696E-13  1.97788533110499E+00
 cg2d: Sum(rhs),rhsMax =   6.96331881044898E-13  1.97768771171512E+00
 cg2d: Sum(rhs),rhsMax =   5.25801624462474E-13  1.97748941893637E+00
 cg2d: Sum(rhs),rhsMax =   5.82645043323282E-13  1.97729045374023E+00
 cg2d: Sum(rhs),rhsMax =   4.97379915032070E-13  1.97709081709860E+00
 cg2d: Sum(rhs),rhsMax =   5.40012479177676E-13  1.97689050998497E+00
 cg2d: Sum(rhs),rhsMax =   3.12638803734444E-13  1.97668953337581E+00
 cg2d: Sum(rhs),rhsMax =   4.68958205601666E-13  1.97648788825193E+00
 cg2d: Sum(rhs),rhsMax =   5.96855898038484E-13  1.97628557559974E+00
 cg2d: Sum(rhs),rhsMax =   8.66862137627322E-13  1.97608259641259E+00
 cg2d: Sum(rhs),rhsMax =   8.24229573481716E-13  1.97587895169206E+00
 cg2d: Sum(rhs),rhsMax =   7.67386154620908E-13  1.97567464244922E+00
 cg2d: Sum(rhs),rhsMax =   8.81072992342524E-13  1.97546966970587E+00
 cg2d: Sum(rhs),rhsMax =   6.96331881044898E-13  1.97526403449570E+00
 cg2d: Sum(rhs),rhsMax =   1.37845290737459E-12  1.97505773786539E+00
 cg2d: Sum(rhs),rhsMax =   3.55271367880050E-13  1.97485078087579E+00
 cg2d: Sum(rhs),rhsMax =   8.81072992342524E-13  1.97464316460279E+00
 cg2d: Sum(rhs),rhsMax =   2.27373675443232E-13  1.97443489013837E+00
 cg2d: Sum(rhs),rhsMax =   7.81597009336110E-13  1.97422595859144E+00
 cg2d: Sum(rhs),rhsMax =   4.97379915032070E-13  1.97401637108861E+00
 cg2d: Sum(rhs),rhsMax =   1.15107923193136E-12  1.97380612877493E+00
 cg2d: Sum(rhs),rhsMax =   8.95283847057726E-13  1.97359523281450E+00
 cg2d: Sum(rhs),rhsMax =   2.98427949019242E-13  1.97338368439104E+00
 cg2d: Sum(rhs),rhsMax =   7.67386154620908E-13  1.97317148470831E+00
 cg2d: Sum(rhs),rhsMax =   4.12114786740858E-13  1.97295863499044E+00
 cg2d: Sum(rhs),rhsMax =   6.96331881044898E-13  1.97274513648229E+00
 cg2d: Sum(rhs),rhsMax =   3.55271367880050E-13  1.97253099044952E+00
 cg2d: Sum(rhs),rhsMax =   9.66338120633736E-13  1.97231619817873E+00
 cg2d: Sum(rhs),rhsMax =   8.10018718766514E-13  1.97210076097736E+00
 cg2d: Sum(rhs),rhsMax =   9.52127265918534E-13  1.97188468017375E+00
 cg2d: Sum(rhs),rhsMax =   9.80548975348938E-13  1.97166795711670E+00
 cg2d: Sum(rhs),rhsMax =   7.38964445190504E-13  1.97145059317542E+00
 cg2d: Sum(rhs),rhsMax =   4.97379915032070E-13  1.97123258973895E+00
 cg2d: Sum(rhs),rhsMax =   8.95283847057726E-13  1.97101394821586E+00
 cg2d: Sum(rhs),rhsMax =   5.40012479177676E-13  1.97079467003358E+00
 cg2d: Sum(rhs),rhsMax =   4.97379915032070E-13  1.97057475663789E+00
 cg2d: Sum(rhs),rhsMax =   9.09494701772928E-13  1.97035420949216E+00
 cg2d: Sum(rhs),rhsMax =   9.66338120633736E-13  1.97013303007660E+00
 cg2d: Sum(rhs),rhsMax =   5.96855898038484E-13  1.96991121988750E+00
 cg2d: Sum(rhs),rhsMax =   4.68958205601666E-13  1.96968878043627E+00
 cg2d: Sum(rhs),rhsMax =   9.94759830064140E-13  1.96946571324857E+00
 cg2d: Sum(rhs),rhsMax =   1.17950094136177E-12  1.96924201986333E+00
 cg2d: Sum(rhs),rhsMax =   6.96331881044898E-13  1.96901770183170E+00
 cg2d: Sum(rhs),rhsMax =   6.53699316899292E-13  1.96879276071608E+00
 cg2d: Sum(rhs),rhsMax =   8.24229573481716E-13  1.96856719808902E+00
 cg2d: Sum(rhs),rhsMax =   3.55271367880050E-13  1.96834101553189E+00
 cg2d: Sum(rhs),rhsMax =   6.82121026329696E-13  1.96811421463408E+00
 cg2d: Sum(rhs),rhsMax =   7.10542735760100E-13  1.96788679699181E+00
 cg2d: Sum(rhs),rhsMax =   2.84217094304040E-13  1.96765876420699E+00
 cg2d: Sum(rhs),rhsMax =   9.80548975348938E-13  1.96743011788635E+00
 cg2d: Sum(rhs),rhsMax =   6.67910171614494E-13  1.96720085964019E+00
 cg2d: Sum(rhs),rhsMax =   7.10542735760100E-13  1.96697099108125E+00
 cg2d: Sum(rhs),rhsMax =   1.16529008664656E-12  1.96674051382352E+00
 cg2d: Sum(rhs),rhsMax =   7.24753590475302E-13  1.96650942948124E+00
 cg2d: Sum(rhs),rhsMax =   7.67386154620908E-13  1.96627773966782E+00
 cg2d: Sum(rhs),rhsMax =   6.67910171614494E-13  1.96604544599503E+00
 cg2d: Sum(rhs),rhsMax =   8.24229573481716E-13  1.96581255007208E+00
 cg2d: Sum(rhs),rhsMax =   6.82121026329696E-13  1.96557905350480E+00
 cg2d: Sum(rhs),rhsMax =   5.40012479177676E-13  1.96534495789490E+00
 cg2d: Sum(rhs),rhsMax =   6.82121026329696E-13  1.96511026483912E+00
 cg2d: Sum(rhs),rhsMax =   4.26325641456060E-13  1.96487497592866E+00
 cg2d: Sum(rhs),rhsMax =   8.38440428196918E-13  1.96463909274843E+00
 cg2d: Sum(rhs),rhsMax =   9.23705556488130E-13  1.96440261687654E+00
 cg2d: Sum(rhs),rhsMax =   6.96331881044898E-13  1.96416554988385E+00
 cg2d: Sum(rhs),rhsMax =   3.83693077310454E-13  1.96392789333350E+00
 cg2d: Sum(rhs),rhsMax =   7.10542735760100E-13  1.96368964878063E+00
 cg2d: Sum(rhs),rhsMax =   1.00897068477934E-12  1.96345081777201E+00
 cg2d: Sum(rhs),rhsMax =   9.80548975348938E-13  1.96321140184599E+00
 cg2d: Sum(rhs),rhsMax =   2.13162820728030E-13  1.96297140253227E+00
 cg2d: Sum(rhs),rhsMax =   2.84217094304040E-13  1.96273082135189E+00
 Calling cg2d from S/R CG2D_MAD
 cg2d: Sum(rhs),rhsMax =   9.94759830064140E-14  1.67177444496888E-09
 Calling cg2d from S/R CG2D_MAD
 cg2d: Sum(rhs),rhsMax =  -4.97379915032070E-14  1.58589471888884E-09
 Calling cg2d from S/R CG2D_MAD
 cg2d: Sum(rhs),rhsMax =  -1.98951966012828E-13  1.49682733040048E-09
 Calling cg2d from S/R CG2D_MAD
 cg2d: Sum(rhs),rhsMax =  -1.56319401867222E-13  1.41525856141608E-09
 Calling cg2d from S/R CG2D_MAD
 cg2d: Sum(rhs),rhsMax =   0.00000000000000E+00  1.39302443615872E-09
 Calling cg2d from S/R CG2D_MAD
 cg2d: Sum(rhs),rhsMax =  -9.94759830064140E-14  1.36238682095054E-09
 Calling cg2d from S/R CG2D_MAD
 cg2d: Sum(rhs),rhsMax =  -7.10542735760100E-15  1.36181216248160E-09
 Calling cg2d from S/R CG2D_MAD
 cg2d: Sum(rhs),rhsMax =   1.56319401867222E-13  1.36278199054470E-09
 Calling cg2d from S/R CG2D_MAD
 cg2d: Sum(rhs),rhsMax =  -1.42108547152020E-14  1.35535332521216E-09
 Calling cg2d from S/R CG2D_MAD
 cg2d: Sum(rhs),rhsMax =  -1.70530256582424E-13  1.33964291541849E-09
 Calling cg2d from S/R CG2D_MAD
 cg2d: Sum(rhs),rhsMax =   0.00000000000000E+00  1.31581930896684E-09
 Calling cg2d from S/R CG2D_MAD
 cg2d: Sum(rhs),rhsMax =   7.10542735760100E-15  1.28410125924310E-09
 Calling cg2d from S/R CG2D_MAD
 cg2d: Sum(rhs),rhsMax =   1.13686837721616E-13  1.24475585782929E-09
 Calling cg2d from S/R CG2D_MAD
 cg2d: Sum(rhs),rhsMax =  -2.84217094304040E-14  1.19809634303548E-09
 Calling cg2d from S/R CG2D_MAD
 cg2d: Sum(rhs),rhsMax =  -2.84217094304040E-14  1.14447968747232E-09
 Calling cg2d from S/R CG2D_MAD
 cg2d: Sum(rhs),rhsMax =   1.42108547152020E-13  1.08430390667852E-09
 Calling cg2d from S/R CG2D_MAD
 cg2d: Sum(rhs),rhsMax =   7.81597009336110E-14  1.13478909552290E-09
 Calling cg2d from S/R CG2D_MAD
 cg2d: Sum(rhs),rhsMax =   0.00000000000000E+00  1.23403888280112E-09
 Calling cg2d from S/R CG2D_MAD
 cg2d: Sum(rhs),rhsMax =  -7.81597009336110E-14  1.33071162009503E-09
 Calling cg2d from S/R CG2D_MAD
 cg2d: Sum(rhs),rhsMax =  -6.39488462184090E-14  1.42454986689425E-09
 Calling cg2d from S/R CG2D_MAD
 cg2d: Sum(rhs),rhsMax =   7.81597009336110E-14  1.51530462030991E-09
 Calling cg2d from S/R CG2D_MAD
 cg2d: Sum(rhs),rhsMax =   9.94759830064140E-14  1.60273598362259E-09
 Calling cg2d from S/R CG2D_MAD
 cg2d: Sum(rhs),rhsMax =   1.42108547152020E-14  1.68661374851881E-09
 Calling cg2d from S/R CG2D_MAD
 cg2d: Sum(rhs),rhsMax =   1.42108547152020E-14  1.76671805789763E-09
 Calling cg2d from S/R CG2D_MAD
 cg2d: Sum(rhs),rhsMax =   7.10542735760100E-15  1.84283988279774E-09
 Calling cg2d from S/R CG2D_MAD
 cg2d: Sum(rhs),rhsMax =   4.61852778244065E-14  1.91478170230190E-09
 Calling cg2d from S/R CG2D_MAD
 cg2d: Sum(rhs),rhsMax =   4.26325641456060E-14  1.98235790316393E-09
 Calling cg2d from S/R CG2D_MAD
 cg2d: Sum(rhs),rhsMax =  -9.76996261670138E-15  2.04539542391765E-09
 Calling cg2d from S/R CG2D_MAD
 cg2d: Sum(rhs),rhsMax =  -1.59872115546023E-14  2.10373413278415E-09
 Calling cg2d from S/R CG2D_MAD
 cg2d: Sum(rhs),rhsMax =  -1.55431223447522E-15  2.15722728944071E-09
 Calling cg2d from S/R CG2D_MAD
 cg2d: Sum(rhs),rhsMax =  -3.55271367880050E-14  2.20574194142067E-09
 Calling cg2d from S/R CG2D_MAD
 cg2d: Sum(rhs),rhsMax =   1.86517468137026E-14  2.24915927773666E-09
 Calling cg2d from S/R CG2D_MAD
 cg2d: Sum(rhs),rhsMax =   2.93098878501041E-14  2.28737494189976E-09
 Calling cg2d from S/R CG2D_MAD
 cg2d: Sum(rhs),rhsMax =  -3.01980662698043E-14  2.32029930337704E-09
 Calling cg2d from S/R CG2D_MAD
 cg2d: Sum(rhs),rhsMax =  -6.75015598972095E-14  2.34785768597670E-09
 Calling cg2d from S/R CG2D_MAD
 cg2d: Sum(rhs),rhsMax =  -2.84217094304040E-14  2.36999055201110E-09
 Calling cg2d from S/R CG2D_MAD
 cg2d: Sum(rhs),rhsMax =  -2.84217094304040E-14  2.38665364408996E-09
 Calling cg2d from S/R CG2D_MAD
 cg2d: Sum(rhs),rhsMax =   6.75015598972095E-14  2.39781808900284E-09
 Calling cg2d from S/R CG2D_MAD
 cg2d: Sum(rhs),rhsMax =  -1.42108547152020E-14  2.40347046767190E-09
 Calling cg2d from S/R CG2D_MAD
 cg2d: Sum(rhs),rhsMax =  -6.39488462184090E-14  2.40361285285930E-09
 Calling cg2d from S/R CG2D_MAD
 cg2d: Sum(rhs),rhsMax =   4.97379915032070E-14  2.39826281317742E-09
 Calling cg2d from S/R CG2D_MAD
 cg2d: Sum(rhs),rhsMax =  -3.55271367880050E-15  2.38745339650200E-09
 Calling cg2d from S/R CG2D_MAD
 cg2d: Sum(rhs),rhsMax =  -9.59232693276135E-14  2.37123306074746E-09
 Calling cg2d from S/R CG2D_MAD
 cg2d: Sum(rhs),rhsMax =  -1.77635683940025E-14  2.34966560785714E-09
 Calling cg2d from S/R CG2D_MAD
 cg2d: Sum(rhs),rhsMax =   2.84217094304040E-14  2.32283007958367E-09
 Calling cg2d from S/R CG2D_MAD
 cg2d: Sum(rhs),rhsMax =  -7.10542735760100E-15  2.29082059214465E-09
 Calling cg2d from S/R CG2D_MAD
 cg2d: Sum(rhs),rhsMax =   5.68434188608080E-14  2.25374627376258E-09
 Calling cg2d from S/R CG2D_MAD
 cg2d: Sum(rhs),rhsMax =  -5.32907051820075E-14  2.21173098293781E-09
 Calling cg2d from S/R CG2D_MAD
 cg2d: Sum(rhs),rhsMax =  -7.10542735760100E-14  2.16491317054363E-09
 Calling cg2d from S/R CG2D_MAD
 cg2d: Sum(rhs),rhsMax =  -5.68434188608080E-14  2.11344562317742E-09
 Calling cg2d from S/R CG2D_MAD
 cg2d: Sum(rhs),rhsMax =   2.84217094304040E-14  2.05749520546527E-09
 Calling cg2d from S/R CG2D_MAD
 cg2d: Sum(rhs),rhsMax =   5.68434188608080E-14  1.99724254881843E-09
 Calling cg2d from S/R CG2D_MAD
 cg2d: Sum(rhs),rhsMax =   2.84217094304040E-14  1.93288170954772E-09
 Calling cg2d from S/R CG2D_MAD
 cg2d: Sum(rhs),rhsMax =   3.55271367880050E-14  1.86461977520830E-09
 Calling cg2d from S/R CG2D_MAD
 cg2d: Sum(rhs),rhsMax =   1.06581410364015E-13  1.79267641924158E-09
 Calling cg2d from S/R CG2D_MAD
 cg2d: Sum(rhs),rhsMax =   1.13686837721616E-13  1.71728339827350E-09
 Calling cg2d from S/R CG2D_MAD
 cg2d: Sum(rhs),rhsMax =   6.39488462184090E-14  1.63868398643624E-09
 Calling cg2d from S/R CG2D_MAD
 cg2d: Sum(rhs),rhsMax =   2.13162820728030E-14  1.55713234184672E-09
 Calling cg2d from S/R CG2D_MAD
 cg2d: Sum(rhs),rhsMax =  -9.23705556488130E-14  1.47289280095891E-09
 Calling cg2d from S/R CG2D_MAD
 cg2d: Sum(rhs),rhsMax =  -4.26325641456060E-14  1.38623909723053E-09
 Calling cg2d from S/R CG2D_MAD
 cg2d: Sum(rhs),rhsMax =  -2.06057393370429E-13  1.29745350146936E-09
 Calling cg2d from S/R CG2D_MAD
 cg2d: Sum(rhs),rhsMax =  -1.91846538655227E-13  1.20682588233868E-09
 Calling cg2d from S/R CG2D_MAD
 cg2d: Sum(rhs),rhsMax =  -8.52651282912120E-14  1.11465268661941E-09
 Calling cg2d from S/R CG2D_MAD
 cg2d: Sum(rhs),rhsMax =   1.35003119794419E-13  1.02123584232153E-09
 Calling cg2d from S/R CG2D_MAD
 cg2d: Sum(rhs),rhsMax =  -9.23705556488130E-14  1.03785942999348E-09
 Calling cg2d from S/R CG2D_MAD
 cg2d: Sum(rhs),rhsMax =   1.56319401867222E-13  1.05045473075880E-09
 Calling cg2d from S/R CG2D_MAD
 cg2d: Sum(rhs),rhsMax =   0.00000000000000E+00  1.05695075191351E-09
 Calling cg2d from S/R CG2D_MAD
 cg2d: Sum(rhs),rhsMax =  -5.68434188608080E-14  1.05731519016648E-09
 Calling cg2d from S/R CG2D_MAD
 cg2d: Sum(rhs),rhsMax =   7.81597009336110E-14  1.05155264000979E-09
 Calling cg2d from S/R CG2D_MAD
 cg2d: Sum(rhs),rhsMax =   2.80664380625240E-13  1.03970472519954E-09
 Calling cg2d from S/R CG2D_MAD
 cg2d: Sum(rhs),rhsMax =   1.77635683940025E-14  1.02185002843719E-09
 Calling cg2d from S/R CG2D_MAD
 cg2d: Sum(rhs),rhsMax =  -2.84217094304040E-14  9.98103758788466E-10
 cg2d: Sum(rhs),rhsMax =   7.53175299905706E-13  1.99056430055011E+00
 cg2d: Sum(rhs),rhsMax =   3.41060513164848E-13  1.99041947576062E+00
 cg2d: Sum(rhs),rhsMax =   5.40012479177676E-13  1.99027390697541E+00
 cg2d: Sum(rhs),rhsMax =   8.24229573481716E-13  1.99012759451493E+00
 cg2d: Sum(rhs),rhsMax =   5.54223333892878E-13  1.98998053871379E+00
 cg2d: Sum(rhs),rhsMax =   6.67910171614494E-13  1.98983273992270E+00
 cg2d: Sum(rhs),rhsMax =   5.68434188608080E-13  1.98968419851034E+00
 cg2d: Sum(rhs),rhsMax =   9.09494701772928E-13  1.98953491486524E+00
 cg2d: Sum(rhs),rhsMax =   3.26849658449646E-13  1.98938488939739E+00
 cg2d: Sum(rhs),rhsMax =   5.96855898038484E-13  1.98923412253994E+00
 cg2d: Sum(rhs),rhsMax =   5.40012479177676E-13  1.98908261475059E+00
 cg2d: Sum(rhs),rhsMax =   5.11590769747272E-13  1.98893036651309E+00
 cg2d: Sum(rhs),rhsMax =   5.40012479177676E-13  1.98877737833834E+00
 cg2d: Sum(rhs),rhsMax =   7.10542735760100E-13  1.98862365076565E+00
 cg2d: Sum(rhs),rhsMax =   6.67910171614494E-13  1.98846918436362E+00
 cg2d: Sum(rhs),rhsMax =   5.82645043323282E-13  1.98831397973102E+00
 cg2d: Sum(rhs),rhsMax =   6.25277607468888E-13  1.98815803749745E+00
 cg2d: Sum(rhs),rhsMax =   3.55271367880050E-13  1.98800135832390E+00
 cg2d: Sum(rhs),rhsMax =   7.10542735760100E-13  1.98784394290315E+00
 cg2d: Sum(rhs),rhsMax =   8.24229573481716E-13  1.98768579195998E+00
 cg2d: Sum(rhs),rhsMax =   1.02318153949454E-12  1.98752690625132E+00
 cg2d: Sum(rhs),rhsMax =   4.26325641456060E-13  1.98736728656613E+00
 cg2d: Sum(rhs),rhsMax =   5.11590769747272E-13  1.98720693372519E+00
 cg2d: Sum(rhs),rhsMax =   9.80548975348938E-13  1.98704584858083E+00
 cg2d: Sum(rhs),rhsMax =   4.54747350886464E-13  1.98688403201639E+00
 cg2d: Sum(rhs),rhsMax =   9.66338120633736E-13  1.98672148494551E+00
 cg2d: Sum(rhs),rhsMax =   5.96855898038484E-13  1.98655820831149E+00
 cg2d: Sum(rhs),rhsMax =   8.10018718766514E-13  1.98639420308604E+00
 cg2d: Sum(rhs),rhsMax =   6.25277607468888E-13  1.98622947026891E+00
 cg2d: Sum(rhs),rhsMax =   5.40012479177676E-13  1.98606401088660E+00
 cg2d: Sum(rhs),rhsMax =   2.98427949019242E-13  1.98589782599121E+00
 cg2d: Sum(rhs),rhsMax =   5.54223333892878E-13  1.98573091665881E+00
 cg2d: Sum(rhs),rhsMax =   8.66862137627322E-13  1.98556328398809E+00
 cg2d: Sum(rhs),rhsMax =   3.69482222595252E-13  1.98539492909891E+00
 cg2d: Sum(rhs),rhsMax =   3.97903932025656E-13  1.98522585313069E+00
 cg2d: Sum(rhs),rhsMax =   6.53699316899292E-13  1.98505605724094E+00
 cg2d: Sum(rhs),rhsMax =   1.10844666778576E-12  1.98488554260359E+00
 cg2d: Sum(rhs),rhsMax =   3.69482222595252E-13  1.98471431040730E+00
 cg2d: Sum(rhs),rhsMax =   5.25801624462474E-13  1.98454236185374E+00
 cg2d: Sum(rhs),rhsMax =   3.41060513164848E-13  1.98436969815586E+00
 cg2d: Sum(rhs),rhsMax =   5.68434188608080E-13  1.98419632053615E+00
 cg2d: Sum(rhs),rhsMax =   9.94759830064140E-13  1.98402223022492E+00
 cg2d: Sum(rhs),rhsMax =   5.82645043323282E-13  1.98384742845855E+00
 cg2d: Sum(rhs),rhsMax =   8.81072992342524E-13  1.98367191647782E+00
 cg2d: Sum(rhs),rhsMax =   4.40536496171262E-13  1.98349569552624E+00
 cg2d: Sum(rhs),rhsMax =   5.40012479177676E-13  1.98331876684841E+00
 cg2d: Sum(rhs),rhsMax =   4.83169060316868E-13  1.98314113168852E+00
 cg2d: Sum(rhs),rhsMax =   4.97379915032070E-13  1.98296279128874E+00
 cg2d: Sum(rhs),rhsMax =   9.37916411203332E-13  1.98278374688791E+00
 cg2d: Sum(rhs),rhsMax =   8.38440428196918E-13  1.98260399972007E+00
 cg2d: Sum(rhs),rhsMax =   9.80548975348938E-13  1.98242355101325E+00
 cg2d: Sum(rhs),rhsMax =   9.52127265918534E-13  1.98224240198814E+00
 cg2d: Sum(rhs),rhsMax =   5.54223333892878E-13  1.98206055385717E+00
 cg2d: Sum(rhs),rhsMax =   9.66338120633736E-13  1.98187800782352E+00
 cg2d: Sum(rhs),rhsMax =   4.26325641456060E-13  1.98169476508028E+00
 cg2d: Sum(rhs),rhsMax =   1.17950094136177E-12  1.98151082680969E+00
 cg2d: Sum(rhs),rhsMax =   5.25801624462474E-13  1.98132619418227E+00
 cg2d: Sum(rhs),rhsMax =   5.82645043323282E-13  1.98114086835640E+00
 cg2d: Sum(rhs),rhsMax =   3.41060513164848E-13  1.98095485047781E+00
 cg2d: Sum(rhs),rhsMax =   5.68434188608080E-13  1.98076814167934E+00
 cg2d: Sum(rhs),rhsMax =   6.67910171614494E-13  1.98058074308075E+00
 cg2d: Sum(rhs),rhsMax =   9.09494701772928E-13  1.98039265578862E+00
 cg2d: Sum(rhs),rhsMax =   6.53699316899292E-13  1.98020388089648E+00
 cg2d: Sum(rhs),rhsMax =   5.25801624462474E-13  1.98001441948486E+00
 cg2d: Sum(rhs),rhsMax =   4.12114786740858E-13  1.97982427262168E+00
 cg2d: Sum(rhs),rhsMax =   1.98951966012828E-13  1.97963344136255E+00
 cg2d: Sum(rhs),rhsMax =   9.94759830064140E-13  1.97944192675129E+00
 cg2d: Sum(rhs),rhsMax =   9.09494701772928E-13  1.97924972982051E+00
 cg2d: Sum(rhs),rhsMax =   3.55271367880050E-13  1.97905685159232E+00
 cg2d: Sum(rhs),rhsMax =   5.11590769747272E-13  1.97886329307909E+00
 cg2d: Sum(rhs),rhsMax =   7.95807864051312E-13  1.97866905528434E+00
 cg2d: Sum(rhs),rhsMax =   3.41060513164848E-13  1.97847413920365E+00
 Calling cg2d from S/R CG2D_MAD
 cg2d: Sum(rhs),rhsMax =  -1.42108547152020E-13  9.76787024593761E-10
 Calling cg2d from S/R CG2D_MAD
 cg2d: Sum(rhs),rhsMax =   4.97379915032070E-14  9.52997608856038E-10
 Calling cg2d from S/R CG2D_MAD
 cg2d: Sum(rhs),rhsMax =   2.50466314355435E-13  9.23953304845133E-10
 Calling cg2d from S/R CG2D_MAD
 cg2d: Sum(rhs),rhsMax =   1.24344978758018E-14  8.89837724880848E-10
 Calling cg2d from S/R CG2D_MAD
 cg2d: Sum(rhs),rhsMax =  -1.16351372980716E-13  8.50863414762535E-10
 Calling cg2d from S/R CG2D_MAD
 cg2d: Sum(rhs),rhsMax =  -1.90736315630602E-13  8.23128226599926E-10
 Calling cg2d from S/R CG2D_MAD
 cg2d: Sum(rhs),rhsMax =  -4.97379915032070E-14  8.20209232584031E-10
 Calling cg2d from S/R CG2D_MAD
 cg2d: Sum(rhs),rhsMax =  -3.62376795237651E-13  8.26563509868498E-10
 Calling cg2d from S/R CG2D_MAD
 cg2d: Sum(rhs),rhsMax =  -1.01252339845814E-13  8.48870731367587E-10
 Calling cg2d from S/R CG2D_MAD
 cg2d: Sum(rhs),rhsMax =   2.48689957516035E-14  8.66080075778875E-10
 Calling cg2d from S/R CG2D_MAD
 cg2d: Sum(rhs),rhsMax =   1.42108547152020E-14  9.18905465060410E-10
 Calling cg2d from S/R CG2D_MAD
 cg2d: Sum(rhs),rhsMax =  -1.77635683940025E-14  1.00115358604926E-09
 Calling cg2d from S/R CG2D_MAD
 cg2d: Sum(rhs),rhsMax =  -9.59232693276135E-14  1.08181651429289E-09
 Calling cg2d from S/R CG2D_MAD
 cg2d: Sum(rhs),rhsMax =   8.52651282912120E-14  1.16066325851648E-09
 Calling cg2d from S/R CG2D_MAD
 cg2d: Sum(rhs),rhsMax =  -7.46069872548105E-14  1.23746588871716E-09
 Calling cg2d from S/R CG2D_MAD
 cg2d: Sum(rhs),rhsMax =  -4.97379915032070E-14  1.31200041403682E-09
 Calling cg2d from S/R CG2D_MAD
 cg2d: Sum(rhs),rhsMax =  -3.19744231092045E-14  1.38404772341580E-09
 Calling cg2d from S/R CG2D_MAD
 cg2d: Sum(rhs),rhsMax =   3.55271367880050E-14  1.45339450393702E-09
 Calling cg2d from S/R CG2D_MAD
 cg2d: Sum(rhs),rhsMax =  -5.32907051820075E-14  1.51983406186049E-09
 Calling cg2d from S/R CG2D_MAD
 cg2d: Sum(rhs),rhsMax =  -2.48689957516035E-14  1.58316707511812E-09
 Calling cg2d from S/R CG2D_MAD
 cg2d: Sum(rhs),rhsMax =   5.32907051820075E-14  1.64320232833239E-09
 Calling cg2d from S/R CG2D_MAD
 cg2d: Sum(rhs),rhsMax =  -9.23705556488130E-14  1.69975746552924E-09
 Calling cg2d from S/R CG2D_MAD
 cg2d: Sum(rhs),rhsMax =  -6.03961325396085E-14  1.75265976381053E-09
 Calling cg2d from S/R CG2D_MAD
 cg2d: Sum(rhs),rhsMax =   2.48689957516035E-14  1.80174690950756E-09
 Calling cg2d from S/R CG2D_MAD
 cg2d: Sum(rhs),rhsMax =   7.81597009336110E-14  1.84686775368232E-09
 Calling cg2d from S/R CG2D_MAD
 cg2d: Sum(rhs),rhsMax =   6.39488462184090E-14  1.88788311094326E-09
 Calling cg2d from S/R CG2D_MAD
 cg2d: Sum(rhs),rhsMax =  -6.75015598972095E-14  1.92466643381602E-09
 Calling cg2d from S/R CG2D_MAD
 cg2d: Sum(rhs),rhsMax =   3.19744231092045E-14  1.95710421120468E-09
 Calling cg2d from S/R CG2D_MAD
 cg2d: Sum(rhs),rhsMax =  -1.06581410364015E-14  1.98509635063220E-09
 Calling cg2d from S/R CG2D_MAD
 cg2d: Sum(rhs),rhsMax =   2.13162820728030E-14  2.00855689317679E-09
 Calling cg2d from S/R CG2D_MAD
 cg2d: Sum(rhs),rhsMax =   8.88178419700125E-14  2.02741497159120E-09
 Calling cg2d from S/R CG2D_MAD
 cg2d: Sum(rhs),rhsMax =   8.88178419700125E-14  2.04161542463947E-09
 Calling cg2d from S/R CG2D_MAD
 cg2d: Sum(rhs),rhsMax =  -4.26325641456060E-14  2.05111884319822E-09
 Calling cg2d from S/R CG2D_MAD
 cg2d: Sum(rhs),rhsMax =   3.19744231092045E-14  2.05590140134586E-09
 Calling cg2d from S/R CG2D_MAD
 cg2d: Sum(rhs),rhsMax =  -2.48689957516035E-14  2.05595485702283E-09
 Calling cg2d from S/R CG2D_MAD
 cg2d: Sum(rhs),rhsMax =   5.32907051820075E-14  2.05128679418276E-09
 Calling cg2d from S/R CG2D_MAD
 cg2d: Sum(rhs),rhsMax =   9.94759830064140E-14  2.04192091663731E-09
 Calling cg2d from S/R CG2D_MAD
 cg2d: Sum(rhs),rhsMax =  -3.19744231092045E-14  2.02789719990134E-09
 Calling cg2d from S/R CG2D_MAD
 cg2d: Sum(rhs),rhsMax =  -5.68434188608080E-14  2.00927184434552E-09
 Calling cg2d from S/R CG2D_MAD
 cg2d: Sum(rhs),rhsMax =  -3.90798504668055E-14  1.98611707792818E-09
 Calling cg2d from S/R CG2D_MAD
 cg2d: Sum(rhs),rhsMax =  -2.84217094304040E-14  1.95852087426313E-09
 Calling cg2d from S/R CG2D_MAD
 cg2d: Sum(rhs),rhsMax =   3.55271367880050E-15  1.92658662045135E-09
 Calling cg2d from S/R CG2D_MAD
 cg2d: Sum(rhs),rhsMax =  -1.06581410364015E-14  1.89043273825248E-09
 Calling cg2d from S/R CG2D_MAD
 cg2d: Sum(rhs),rhsMax =   1.06581410364015E-14  1.85019224451385E-09
 Calling cg2d from S/R CG2D_MAD
 cg2d: Sum(rhs),rhsMax =   2.13162820728030E-14  1.80601225493045E-09
 Calling cg2d from S/R CG2D_MAD
 cg2d: Sum(rhs),rhsMax =   0.00000000000000E+00  1.75805340537443E-09
 Calling cg2d from S/R CG2D_MAD
 cg2d: Sum(rhs),rhsMax =   5.32907051820075E-14  1.70648921341514E-09
 Calling cg2d from S/R CG2D_MAD
 cg2d: Sum(rhs),rhsMax =   2.48689957516035E-14  1.65150537012914E-09
 Calling cg2d from S/R CG2D_MAD
 cg2d: Sum(rhs),rhsMax =   7.46069872548105E-14  1.59329896498793E-09
 Calling cg2d from S/R CG2D_MAD
 cg2d: Sum(rhs),rhsMax =   7.81597009336110E-14  1.53207764470241E-09
 Calling cg2d from S/R CG2D_MAD
 cg2d: Sum(rhs),rhsMax =   1.42108547152020E-14  1.46806291693785E-09
 Calling cg2d from S/R CG2D_MAD
 cg2d: Sum(rhs),rhsMax =   1.77635683940025E-14  1.40148035920601E-09
 Calling cg2d from S/R CG2D_MAD
 cg2d: Sum(rhs),rhsMax =   8.34887714518118E-14  1.33255496699223E-09
 Calling cg2d from S/R CG2D_MAD
 cg2d: Sum(rhs),rhsMax =  -4.79616346638068E-14  1.26152210288922E-09
 Calling cg2d from S/R CG2D_MAD
 cg2d: Sum(rhs),rhsMax =  -3.19744231092045E-14  1.18863313972445E-09
 Calling cg2d from S/R CG2D_MAD
 cg2d: Sum(rhs),rhsMax =  -8.70414851306123E-14  1.11414700697344E-09
 Calling cg2d from S/R CG2D_MAD
 cg2d: Sum(rhs),rhsMax =   7.23865412055602E-14  1.03832046761499E-09
 Calling cg2d from S/R CG2D_MAD
 cg2d: Sum(rhs),rhsMax =  -1.36418654150816E-14  9.61406670340725E-10
 Calling cg2d from S/R CG2D_MAD
 cg2d: Sum(rhs),rhsMax =  -2.93098878501041E-14  8.83658309712122E-10
 Calling cg2d from S/R CG2D_MAD
 cg2d: Sum(rhs),rhsMax =   7.46069872548105E-14  8.05329347649222E-10
 Calling cg2d from S/R CG2D_MAD
 cg2d: Sum(rhs),rhsMax =   3.19744231092045E-14  7.28472752616211E-10
 Calling cg2d from S/R CG2D_MAD
 cg2d: Sum(rhs),rhsMax =  -5.68434188608080E-14  7.45174429011526E-10
 Calling cg2d from S/R CG2D_MAD
 cg2d: Sum(rhs),rhsMax =  -1.88293824976427E-13  7.70499279225934E-10
 Calling cg2d from S/R CG2D_MAD
 cg2d: Sum(rhs),rhsMax =  -1.10134124042816E-13  7.90885475060466E-10
 Calling cg2d from S/R CG2D_MAD
 cg2d: Sum(rhs),rhsMax =   6.03961325396085E-14  8.06255346906989E-10
 Calling cg2d from S/R CG2D_MAD
 cg2d: Sum(rhs),rhsMax =  -1.27897692436818E-13  8.16564465404977E-10
 Calling cg2d from S/R CG2D_MAD
 cg2d: Sum(rhs),rhsMax =  -1.84741111297626E-13  8.21801771213558E-10
 Calling cg2d from S/R CG2D_MAD
 cg2d: Sum(rhs),rhsMax =  -4.97379915032070E-14  8.21989419682770E-10
 Calling cg2d from S/R CG2D_MAD
 cg2d: Sum(rhs),rhsMax =   9.94759830064140E-14  8.17182329839339E-10
 Calling cg2d from S/R CG2D_MAD
 cg2d: Sum(rhs),rhsMax =   2.13162820728030E-13  8.07467466741840E-10
 Calling cg2d from S/R CG2D_MAD
 cg2d: Sum(rhs),rhsMax =  -6.39488462184090E-14  7.92962892526548E-10
 Calling cg2d from S/R CG2D_MAD
 cg2d: Sum(rhs),rhsMax =   1.70530256582424E-13  7.73816612216029E-10
(PID.TID 0000.0001) SOLVE_FOR_PRESSURE: putPmEinXvector =    F
 cg2d: Sum(rhs),rhsMax =   8.52651282912120E-13  1.99900718163814E+00
 cg2d: Sum(rhs),rhsMax =   8.52651282912120E-13  1.99891722695224E+00
 cg2d: Sum(rhs),rhsMax =   6.11066752753686E-13  1.99882649327481E+00
 cg2d: Sum(rhs),rhsMax =   6.67910171614494E-13  1.99873498050766E+00
 cg2d: Sum(rhs),rhsMax =   3.97903932025656E-13  1.99864268858991E+00
 cg2d: Sum(rhs),rhsMax =   1.00897068477934E-12  1.99854961749930E+00
 cg2d: Sum(rhs),rhsMax =   2.55795384873636E-13  1.99845576725339E+00
 cg2d: Sum(rhs),rhsMax =   5.54223333892878E-13  1.99836113791048E+00
 cg2d: Sum(rhs),rhsMax =   5.82645043323282E-13  1.99826572957035E+00
 cg2d: Sum(rhs),rhsMax =   4.68958205601666E-13  1.99816954237474E+00
 cg2d: Sum(rhs),rhsMax =   1.09423581307055E-12  1.99807257650769E+00
 cg2d: Sum(rhs),rhsMax =   3.55271367880050E-13  1.99797483219560E+00
 cg2d: Sum(rhs),rhsMax =   9.66338120633736E-13  1.99787630970711E+00
 cg2d: Sum(rhs),rhsMax =   1.13686837721616E-12  1.99777700935274E+00
 cg2d: Sum(rhs),rhsMax =   5.11590769747272E-13  1.99767693148434E+00
 cg2d: Sum(rhs),rhsMax =   6.39488462184090E-13  1.99757607649431E+00
 cg2d: Sum(rhs),rhsMax =   9.94759830064140E-13  1.99747444481469E+00
 cg2d: Sum(rhs),rhsMax =   6.96331881044898E-13  1.99737203691594E+00
 cg2d: Sum(rhs),rhsMax =   4.54747350886464E-13  1.99726885330565E+00
 cg2d: Sum(rhs),rhsMax =   7.95807864051312E-13  1.99716489452704E+00
 cg2d: Sum(rhs),rhsMax =   3.55271367880050E-13  1.99706016115725E+00
 cg2d: Sum(rhs),rhsMax =   7.81597009336110E-13  1.99695465380556E+00
 cg2d: Sum(rhs),rhsMax =   1.10844666778576E-12  1.99684837311135E+00
 cg2d: Sum(rhs),rhsMax =   2.70006239588838E-13  1.99674131974214E+00
 cg2d: Sum(rhs),rhsMax =   2.84217094304040E-13  1.99663349439123E+00
 cg2d: Sum(rhs),rhsMax =   3.12638803734444E-13  1.99652489777555E+00
 cg2d: Sum(rhs),rhsMax =   5.68434188608080E-13  1.99641553063319E+00
 cg2d: Sum(rhs),rhsMax =   5.11590769747272E-13  1.99630539372093E+00
 cg2d: Sum(rhs),rhsMax =   2.55795384873636E-13  1.99619448781178E+00
 cg2d: Sum(rhs),rhsMax =   6.25277607468888E-13  1.99608281369242E+00
 cg2d: Sum(rhs),rhsMax =   6.39488462184090E-13  1.99597037216064E+00
 cg2d: Sum(rhs),rhsMax =   7.10542735760100E-13  1.99585716402272E+00
 cg2d: Sum(rhs),rhsMax =   5.54223333892878E-13  1.99574319009092E+00
 cg2d: Sum(rhs),rhsMax =   5.68434188608080E-13  1.99562845118092E+00
 cg2d: Sum(rhs),rhsMax =   8.81072992342524E-13  1.99551294810929E+00
 cg2d: Sum(rhs),rhsMax =   4.83169060316868E-13  1.99539668169088E+00
 cg2d: Sum(rhs),rhsMax =   3.69482222595252E-13  1.99527965273680E+00
 cg2d: Sum(rhs),rhsMax =   4.97379915032070E-13  1.99516186205195E+00
 cg2d: Sum(rhs),rhsMax =   7.95807864051312E-13  1.99504331043303E+00
 cg2d: Sum(rhs),rhsMax =   6.82121026329696E-13  1.99492399866624E+00
 cg2d: Sum(rhs),rhsMax =   9.37916411203332E-13  1.99480392752528E+00
 cg2d: Sum(rhs),rhsMax =   9.37916411203332E-13  1.99468309776942E+00
 cg2d: Sum(rhs),rhsMax =   1.16529008664656E-12  1.99456151014177E+00
 cg2d: Sum(rhs),rhsMax =   8.24229573481716E-13  1.99443916536788E+00
 cg2d: Sum(rhs),rhsMax =   9.09494701772928E-13  1.99431606415434E+00
 cg2d: Sum(rhs),rhsMax =   7.38964445190504E-13  1.99419220718756E+00
 cg2d: Sum(rhs),rhsMax =   6.39488462184090E-13  1.99406759513276E+00
 cg2d: Sum(rhs),rhsMax =   8.10018718766514E-13  1.99394222863304E+00
 cg2d: Sum(rhs),rhsMax =   8.66862137627322E-13  1.99381610830868E+00
 cg2d: Sum(rhs),rhsMax =   9.66338120633736E-13  1.99368923475662E+00
 cg2d: Sum(rhs),rhsMax =   1.70530256582424E-13  1.99356160855011E+00
 cg2d: Sum(rhs),rhsMax =   1.39266376208980E-12  1.99343323023857E+00
 cg2d: Sum(rhs),rhsMax =   8.10018718766514E-13  1.99330410034760E+00
 cg2d: Sum(rhs),rhsMax =   6.11066752753686E-13  1.99317421937922E+00
 cg2d: Sum(rhs),rhsMax =   2.98427949019242E-13  1.99304358781224E+00
 cg2d: Sum(rhs),rhsMax =   3.41060513164848E-13  1.99291220610284E+00
 cg2d: Sum(rhs),rhsMax =   6.96331881044898E-13  1.99278007468533E+00
 cg2d: Sum(rhs),rhsMax =   2.70006239588838E-13  1.99264719397298E+00
 cg2d: Sum(rhs),rhsMax =   4.12114786740858E-13  1.99251356435914E+00
 cg2d: Sum(rhs),rhsMax =   6.53699316899292E-13  1.99237918621845E+00
 cg2d: Sum(rhs),rhsMax =   3.83693077310454E-13  1.99224405990811E+00
 cg2d: Sum(rhs),rhsMax =   4.54747350886464E-13  1.99210818576945E+00
 cg2d: Sum(rhs),rhsMax =   8.38440428196918E-13  1.99197156412947E+00
 cg2d: Sum(rhs),rhsMax =   6.53699316899292E-13  1.99183419530260E+00
 cg2d: Sum(rhs),rhsMax =   3.55271367880050E-13  1.99169607959245E+00
 cg2d: Sum(rhs),rhsMax =   6.96331881044898E-13  1.99155721729375E+00
 cg2d: Sum(rhs),rhsMax =   7.10542735760100E-13  1.99141760869432E+00
 cg2d: Sum(rhs),rhsMax =  -1.56319401867222E-13  1.99127725407708E+00
 cg2d: Sum(rhs),rhsMax =   4.68958205601666E-13  1.99113615372214E+00
 cg2d: Sum(rhs),rhsMax =   8.38440428196918E-13  1.99099430790903E+00
 cg2d: Sum(rhs),rhsMax =   5.11590769747272E-13  1.99085171691864E+00
 cg2d: Sum(rhs),rhsMax =   7.95807864051312E-13  1.99070838103554E+00
 Calling cg2d from S/R CG2D_MAD
 cg2d: Sum(rhs),rhsMax =  -6.39488462184090E-14  7.84085886685589E-10
 Calling cg2d from S/R CG2D_MAD
 cg2d: Sum(rhs),rhsMax =   9.94759830064140E-14  8.35123476574701E-10
 Calling cg2d from S/R CG2D_MAD
 cg2d: Sum(rhs),rhsMax =  -1.91846538655227E-13  8.84651550681041E-10
 Calling cg2d from S/R CG2D_MAD
 cg2d: Sum(rhs),rhsMax =  -5.68434188608080E-14  9.32553543803234E-10
 Calling cg2d from S/R CG2D_MAD
 cg2d: Sum(rhs),rhsMax =   1.27897692436818E-13  9.78716260639015E-10
 Calling cg2d from S/R CG2D_MAD
 cg2d: Sum(rhs),rhsMax =  -7.10542735760100E-15  1.02303025273228E-09
 Calling cg2d from S/R CG2D_MAD
 cg2d: Sum(rhs),rhsMax =   5.68434188608080E-14  1.06539022197162E-09
 Calling cg2d from S/R CG2D_MAD
 cg2d: Sum(rhs),rhsMax =  -5.68434188608080E-14  1.10569543187870E-09
 Calling cg2d from S/R CG2D_MAD
 cg2d: Sum(rhs),rhsMax =  -5.68434188608080E-14  1.14385014094389E-09
 Calling cg2d from S/R CG2D_MAD
 cg2d: Sum(rhs),rhsMax =   3.55271367880050E-14  1.17976404479587E-09
 Calling cg2d from S/R CG2D_MAD
 cg2d: Sum(rhs),rhsMax =  -1.27897692436818E-13  1.21335272491476E-09
 Calling cg2d from S/R CG2D_MAD
 cg2d: Sum(rhs),rhsMax =   5.68434188608080E-14  1.24453809901311E-09
 Calling cg2d from S/R CG2D_MAD
 cg2d: Sum(rhs),rhsMax =   4.97379915032070E-14  1.27324886781115E-09
 Calling cg2d from S/R CG2D_MAD
 cg2d: Sum(rhs),rhsMax =  -1.42108547152020E-14  1.29942095277665E-09
 Calling cg2d from S/R CG2D_MAD
 cg2d: Sum(rhs),rhsMax =  -1.42108547152020E-13  1.32299791900642E-09
 Calling cg2d from S/R CG2D_MAD
 cg2d: Sum(rhs),rhsMax =   0.00000000000000E+00  1.34393137698202E-09
 Calling cg2d from S/R CG2D_MAD
 cg2d: Sum(rhs),rhsMax =   5.68434188608080E-14  1.36218135657363E-09
 Calling cg2d from S/R CG2D_MAD
 cg2d: Sum(rhs),rhsMax =   7.10542735760100E-15  1.37771664646273E-09
 Calling cg2d from S/R CG2D_MAD
 cg2d: Sum(rhs),rhsMax =  -8.52651282912120E-14  1.39051509218098E-09
 Calling cg2d from S/R CG2D_MAD
 cg2d: Sum(rhs),rhsMax =  -1.49213974509621E-13  1.40056384624244E-09
 Calling cg2d from S/R CG2D_MAD
 cg2d: Sum(rhs),rhsMax =  -1.24344978758018E-13  1.40785956436718E-09
 Calling cg2d from S/R CG2D_MAD
 cg2d: Sum(rhs),rhsMax =  -3.55271367880050E-15  1.41240854252253E-09
 Calling cg2d from S/R CG2D_MAD
 cg2d: Sum(rhs),rhsMax =  -7.10542735760100E-15  1.41422679037466E-09
 Calling cg2d from S/R CG2D_MAD
 cg2d: Sum(rhs),rhsMax =   0.00000000000000E+00  1.41334003572075E-09
 Calling cg2d from S/R CG2D_MAD
 cg2d: Sum(rhs),rhsMax =  -1.13686837721616E-13  1.40978366980632E-09
 Calling cg2d from S/R CG2D_MAD
 cg2d: Sum(rhs),rhsMax =  -4.97379915032070E-14  1.40360259675030E-09
 Calling cg2d from S/R CG2D_MAD
 cg2d: Sum(rhs),rhsMax =  -2.84217094304040E-14  1.39485105609968E-09
 Calling cg2d from S/R CG2D_MAD
 cg2d: Sum(rhs),rhsMax =   3.55271367880050E-14  1.38359230096895E-09
 Calling cg2d from S/R CG2D_MAD
 cg2d: Sum(rhs),rhsMax =  -5.32907051820075E-14  1.36989831034977E-09
 Calling cg2d from S/R CG2D_MAD
 cg2d: Sum(rhs),rhsMax =  -6.92779167366098E-14  1.35384931802382E-09
 Calling cg2d from S/R CG2D_MAD
 cg2d: Sum(rhs),rhsMax =   1.25233157177718E-13  1.33553338173378E-09
 Calling cg2d from S/R CG2D_MAD
 cg2d: Sum(rhs),rhsMax =   5.59552404411079E-14  1.31504582323694E-09
 Calling cg2d from S/R CG2D_MAD
 cg2d: Sum(rhs),rhsMax =  -4.35207425653061E-14  1.29248864033763E-09
 Calling cg2d from S/R CG2D_MAD
 cg2d: Sum(rhs),rhsMax =   9.13713549266504E-14  1.26796986766658E-09
 Calling cg2d from S/R CG2D_MAD
 cg2d: Sum(rhs),rhsMax =  -1.12354570092066E-13  1.24160289133240E-09
 Calling cg2d from S/R CG2D_MAD
 cg2d: Sum(rhs),rhsMax =  -6.75015598972095E-14  1.21350572823919E-09
 Calling cg2d from S/R CG2D_MAD
 cg2d: Sum(rhs),rhsMax =  -1.10134124042816E-13  1.18380027611678E-09
 Calling cg2d from S/R CG2D_MAD
 cg2d: Sum(rhs),rhsMax =  -5.32907051820075E-15  1.15261154129268E-09
 Calling cg2d from S/R CG2D_MAD
 cg2d: Sum(rhs),rhsMax =   1.42108547152020E-13  1.12006685195200E-09
 Calling cg2d from S/R CG2D_MAD
 cg2d: Sum(rhs),rhsMax =  -1.20792265079217E-13  1.08629506465009E-09
 Calling cg2d from S/R CG2D_MAD
 cg2d: Sum(rhs),rhsMax =   4.97379915032070E-14  1.05142577167820E-09
 Calling cg2d from S/R CG2D_MAD
 cg2d: Sum(rhs),rhsMax =  -1.59872115546023E-13  1.01558851668073E-09
 Calling cg2d from S/R CG2D_MAD
 cg2d: Sum(rhs),rhsMax =   6.03961325396085E-14  9.78912023097532E-10
 Calling cg2d from S/R CG2D_MAD
 cg2d: Sum(rhs),rhsMax =  -1.42108547152020E-13  9.41523441994283E-10
 Calling cg2d from S/R CG2D_MAD
 cg2d: Sum(rhs),rhsMax =   9.23705556488130E-14  9.03547635368854E-10
 Calling cg2d from S/R CG2D_MAD
 cg2d: Sum(rhs),rhsMax =  -4.97379915032070E-14  8.65106508408578E-10
 Calling cg2d from S/R CG2D_MAD
 cg2d: Sum(rhs),rhsMax =  -2.13162820728030E-14  8.26318383209372E-10
 Calling cg2d from S/R CG2D_MAD
 cg2d: Sum(rhs),rhsMax =  -1.42108547152020E-13  7.87297398048173E-10
 Calling cg2d from S/R CG2D_MAD
 cg2d: Sum(rhs),rhsMax =   1.13686837721616E-13  7.48152919982976E-10
 Calling cg2d from S/R CG2D_MAD
 cg2d: Sum(rhs),rhsMax =  -9.94759830064140E-14  7.08989043053387E-10
 Calling cg2d from S/R CG2D_MAD
 cg2d: Sum(rhs),rhsMax =  -3.55271367880050E-14  6.69904107989907E-10
 Calling cg2d from S/R CG2D_MAD
 cg2d: Sum(rhs),rhsMax =  -2.98427949019242E-13  6.54655648775432E-10
 Calling cg2d from S/R CG2D_MAD
 cg2d: Sum(rhs),rhsMax =  -1.27897692436818E-13  6.54184730561960E-10
 Calling cg2d from S/R CG2D_MAD
 cg2d: Sum(rhs),rhsMax =   5.68434188608080E-14  6.49932130577620E-10
 Calling cg2d from S/R CG2D_MAD
 cg2d: Sum(rhs),rhsMax =   1.42108547152020E-14  6.41951429025183E-10
 Calling cg2d from S/R CG2D_MAD
 cg2d: Sum(rhs),rhsMax =  -1.70530256582424E-13  6.30317608318717E-10
 Calling cg2d from S/R CG2D_MAD
 cg2d: Sum(rhs),rhsMax =  -8.52651282912120E-14  6.29768744771833E-10
 Calling cg2d from S/R CG2D_MAD
 cg2d: Sum(rhs),rhsMax =   1.98951966012828E-13  6.47796194722571E-10
 Calling cg2d from S/R CG2D_MAD
 cg2d: Sum(rhs),rhsMax =  -1.27897692436818E-13  6.61664775771024E-10
 Calling cg2d from S/R CG2D_MAD
 cg2d: Sum(rhs),rhsMax =  -8.52651282912120E-14  6.71325452264734E-10
 Calling cg2d from S/R CG2D_MAD
 cg2d: Sum(rhs),rhsMax =   1.98951966012828E-13  6.76756498439053E-10
 Calling cg2d from S/R CG2D_MAD
 cg2d: Sum(rhs),rhsMax =  -1.13686837721616E-13  6.77963477173320E-10
 Calling cg2d from S/R CG2D_MAD
 cg2d: Sum(rhs),rhsMax =   1.49213974509621E-13  6.74979037859107E-10
 Calling cg2d from S/R CG2D_MAD
 cg2d: Sum(rhs),rhsMax =   9.23705556488130E-14  6.67862535047185E-10
 Calling cg2d from S/R CG2D_MAD
 cg2d: Sum(rhs),rhsMax =   2.48689957516035E-13  6.56699470820866E-10
 Calling cg2d from S/R CG2D_MAD
 cg2d: Sum(rhs),rhsMax =  -9.23705556488130E-14  6.60881820213937E-10
 Calling cg2d from S/R CG2D_MAD
 cg2d: Sum(rhs),rhsMax =   9.94759830064140E-14  7.03966048629188E-10
 Calling cg2d from S/R CG2D_MAD
 cg2d: Sum(rhs),rhsMax =   1.42108547152020E-13  7.54571500714184E-10
 Calling cg2d from S/R CG2D_MAD
 cg2d: Sum(rhs),rhsMax =  -1.13686837721616E-13  8.03327197274592E-10
 Calling cg2d from S/R CG2D_MAD
 cg2d: Sum(rhs),rhsMax =  -1.13686837721616E-13  8.50108470053158E-10
 Calling cg2d from S/R CG2D_MAD
 cg2d: Sum(rhs),rhsMax =   1.49213974509621E-13  8.94798653935374E-10
 Calling cg2d from S/R CG2D_MAD
 cg2d: Sum(rhs),rhsMax =   0.00000000000000E+00  9.37289521737797E-10
(PID.TID 0000.0001)  nRecords = 108 ; filePrec =  64 ; fileIter =   3111120
(PID.TID 0000.0001)     nDims =   2 , dims:
(PID.TID 0000.0001)    1:  62   1  62
(PID.TID 0000.0001)    2:  62   1  62
(PID.TID 0000.0001)     nFlds =  10 , nFl3D =   7 , fields:
(PID.TID 0000.0001)  >Uvel    < >Vvel    < >Theta   < >Salt    < >GuNm1   < >GvNm1   < >GtNm1   < >EtaN    < >dEtaHdt < >EtaH    <
(PID.TID 0000.0001) missingVal=  1.00000000000000E+00 ; nTimRec =   1 , timeList:
(PID.TID 0000.0001)   3.733344000000E+09
(PID.TID 0000.0001) READ_MFLDS_3D_RL: read field: "Uvel    ", #   1 in fldList, rec=   1
(PID.TID 0000.0001) READ_MFLDS_3D_RL: read field: "Vvel    ", #   2 in fldList, rec=   2
(PID.TID 0000.0001) READ_MFLDS_3D_RL: read field: "Theta   ", #   3 in fldList, rec=   3
(PID.TID 0000.0001) READ_MFLDS_3D_RL: read field: "Salt    ", #   4 in fldList, rec=   4
(PID.TID 0000.0001) READ_MFLDS_3D_RL: read field: "GuNm1   ", #   5 in fldList, rec=   5
(PID.TID 0000.0001) READ_MFLDS_3D_RL: read field: "GvNm1   ", #   6 in fldList, rec=   6
(PID.TID 0000.0001) READ_MFLDS_3D_RL: read field: "GtNm1   ", #   7 in fldList, rec=   7
(PID.TID 0000.0001) READ_MFLDS_3D_RL: read field: "EtaN    ", #   8 in fldList, rec= 106
(PID.TID 0000.0001) READ_MFLDS_3D_RL: read field: "dEtaHdt ", #   9 in fldList, rec= 107
(PID.TID 0000.0001) READ_MFLDS_CHECK: - normal end ; reset MFLDS file-name: pickup.0003111120
 ph-pack: packing ecco_cost
 ph-pack: packing ecco_ctrl
(PID.TID 0000.0001) // =======================================================
(PID.TID 0000.0001) // Gradient-check starts (grdchk_main)
(PID.TID 0000.0001) // =======================================================
(PID.TID 0000.0001) grdchk reference fc: fcref       =  3.22547974637434E-01
grad-res -------------------------------
 grad-res  proc    #    i    j    k   bi   bj iobc       fc ref            fc + eps           fc - eps
 grad-res  proc    #    i    j    k   bi   bj iobc      adj grad            fd grad          1 - fd/adj
 grad-res exact position met: 
 grad-res     0  480   31   17    1    1    1
(PID.TID 0000.0001) ====== Starts gradient-check number   1 (=ichknum) =======
 ph-test icomp, ncvarcomp, ichknum          480         900           1
 ph-grd _loc: bi, bj, icomptest, ichknum            1           1           0           1
 ph-grd -->hit<--           31          17           1           1
(PID.TID 0000.0001) grdchk pos: i,j,k=   31   17    1 ; bi,bj=   1   1 ; iobc=  1 ; rec=   1
(PID.TID 0000.0001)  nRecords = 108 ; filePrec =  64 ; fileIter =   3111120
(PID.TID 0000.0001)     nDims =   2 , dims:
(PID.TID 0000.0001)    1:  62   1  62
(PID.TID 0000.0001)    2:  62   1  62
(PID.TID 0000.0001)     nFlds =  10 , nFl3D =   7 , fields:
(PID.TID 0000.0001)  >Uvel    < >Vvel    < >Theta   < >Salt    < >GuNm1   < >GvNm1   < >GtNm1   < >EtaN    < >dEtaHdt < >EtaH    <
(PID.TID 0000.0001) missingVal=  1.00000000000000E+00 ; nTimRec =   1 , timeList:
(PID.TID 0000.0001)   3.733344000000E+09
(PID.TID 0000.0001) READ_MFLDS_3D_RL: read field: "Uvel    ", #   1 in fldList, rec=   1
(PID.TID 0000.0001) READ_MFLDS_3D_RL: read field: "Vvel    ", #   2 in fldList, rec=   2
(PID.TID 0000.0001) READ_MFLDS_3D_RL: read field: "Theta   ", #   3 in fldList, rec=   3
(PID.TID 0000.0001) READ_MFLDS_3D_RL: read field: "Salt    ", #   4 in fldList, rec=   4
(PID.TID 0000.0001) READ_MFLDS_3D_RL: read field: "GuNm1   ", #   5 in fldList, rec=   5
(PID.TID 0000.0001) READ_MFLDS_3D_RL: read field: "GvNm1   ", #   6 in fldList, rec=   6
(PID.TID 0000.0001) READ_MFLDS_3D_RL: read field: "GtNm1   ", #   7 in fldList, rec=   7
(PID.TID 0000.0001) READ_MFLDS_3D_RL: read field: "EtaN    ", #   8 in fldList, rec= 106
(PID.TID 0000.0001) READ_MFLDS_3D_RL: read field: "dEtaHdt ", #   9 in fldList, rec= 107
(PID.TID 0000.0001) READ_MFLDS_CHECK: - normal end ; reset MFLDS file-name: pickup.0003111120
(PID.TID 0000.0001) // =======================================================
(PID.TID 0000.0001) // Model current state
(PID.TID 0000.0001) // =======================================================
(PID.TID 0000.0001) 
(PID.TID 0000.0001) SOLVE_FOR_PRESSURE: putPmEinXvector =    F
 cg2d: Sum(rhs),rhsMax =  -5.49285263787169E-04  1.99900718163814E+00
 cg2d: Sum(rhs),rhsMax =  -5.49309983355784E-04  1.99891722404908E+00
 cg2d: Sum(rhs),rhsMax =  -5.49334919057287E-04  1.99882649010564E+00
 cg2d: Sum(rhs),rhsMax =  -5.49360066486315E-04  1.99873499044421E+00
 cg2d: Sum(rhs),rhsMax =  -5.49385434950977E-04  1.99864269761793E+00
 cg2d: Sum(rhs),rhsMax =  -5.49411018951673E-04  1.99854962774523E+00
 cg2d: Sum(rhs),rhsMax =  -5.49436815063586E-04  1.99845579337302E+00
 cg2d: Sum(rhs),rhsMax =  -5.49462822533542E-04  1.99836120350712E+00
 cg2d: Sum(rhs),rhsMax =  -5.49489035606143E-04  1.99826587269113E+00
 cg2d: Sum(rhs),rhsMax =  -5.49515451467641E-04  1.99816981419980E+00
 cg2d: Sum(rhs),rhsMax =  -5.49542069080644E-04  1.99807303212379E+00
 cg2d: Sum(rhs),rhsMax =  -5.49568890988894E-04  1.99797551361682E+00
 cg2d: Sum(rhs),rhsMax =  -5.49595928148960E-04  1.99787722536203E+00
 cg2d: Sum(rhs),rhsMax =  -5.49623192384274E-04  1.99777811886189E+00
 cg2d: Sum(rhs),rhsMax =  -5.49650698744131E-04  1.99767814359784E+00
 cg2d: Sum(rhs),rhsMax =  -5.49678456593483E-04  1.99757726357397E+00
 cg2d: Sum(rhs),rhsMax =  -5.49706468859767E-04  1.99747547075336E+00
 cg2d: Sum(rhs),rhsMax =  -5.49734728380713E-04  1.99737278959238E+00
 cg2d: Sum(rhs),rhsMax =  -5.49763220760724E-04  1.99726927067125E+00
 cg2d: Sum(rhs),rhsMax =  -5.49791929699950E-04  1.99716497612437E+00
 cg2d: Sum(rhs),rhsMax =  -5.49820840475945E-04  1.99705996263687E+00
 cg2d: Sum(rhs),rhsMax =  -5.49849941634761E-04  1.99695426793287E+00
 cg2d: Sum(rhs),rhsMax =  -5.49879229751582E-04  1.99684790446980E+00
 cg2d: Sum(rhs),rhsMax =  -5.49908708435964E-04  1.99674086095681E+00
 cg2d: Sum(rhs),rhsMax =  -5.49938384665438E-04  1.99663310972137E+00
 cg2d: Sum(rhs),rhsMax =  -5.49968268970247E-04  1.99652461665046E+00
 cg2d: Sum(rhs),rhsMax =  -5.49998369692162E-04  1.99641535050862E+00
 cg2d: Sum(rhs),rhsMax =  -5.50028692316573E-04  1.99630528944283E+00
 cg2d: Sum(rhs),rhsMax =  -5.50059240666201E-04  1.99619442381016E+00
 cg2d: Sum(rhs),rhsMax =  -5.50090011969928E-04  1.99608275560708E+00
 cg2d: Sum(rhs),rhsMax =  -5.50121006355653E-04  1.99597029549417E+00
 cg2d: Sum(rhs),rhsMax =  -5.50152218082189E-04  1.99585705867507E+00
 cg2d: Sum(rhs),rhsMax =  -5.50183642957336E-04  1.99574306079729E+00
 cg2d: Sum(rhs),rhsMax =  -5.50215277669963E-04  1.99562831472820E+00
 cg2d: Sum(rhs),rhsMax =  -5.50247120244762E-04  1.99551282865087E+00
 cg2d: Sum(rhs),rhsMax =  -5.50279172159662E-04  1.99539659583928E+00
 cg2d: Sum(rhs),rhsMax =  -5.50311428597183E-04  1.99527963686764E+00
 cg2d: Sum(rhs),rhsMax =  -5.50343894317962E-04  1.99516193291820E+00
 cg2d: Sum(rhs),rhsMax =  -5.50376570984668E-04  1.99504347727279E+00
 cg2d: Sum(rhs),rhsMax =  -5.50409460529977E-04  1.99492426329240E+00
 cg2d: Sum(rhs),rhsMax =  -5.50442562072817E-04  1.99480429517206E+00
 cg2d: Sum(rhs),rhsMax =  -5.50475883926538E-04  1.99468354471546E+00
 cg2d: Sum(rhs),rhsMax =  -5.50509422978962E-04  1.99456202233211E+00
 cg2d: Sum(rhs),rhsMax =  -5.50543179059559E-04  1.99443972668291E+00
 cg2d: Sum(rhs),rhsMax =  -5.50577153305198E-04  1.99431665738721E+00
 cg2d: Sum(rhs),rhsMax =  -5.50611344735330E-04  1.99419281595295E+00
 cg2d: Sum(rhs),rhsMax =  -5.50645752667833E-04  1.99406820452501E+00
 cg2d: Sum(rhs),rhsMax =  -5.50680377060075E-04  1.99394282543879E+00
 cg2d: Sum(rhs),rhsMax =  -5.50715217656261E-04  1.99381668122051E+00
 cg2d: Sum(rhs),rhsMax =  -5.50750273546896E-04  1.99368977463695E+00
 cg2d: Sum(rhs),rhsMax =  -5.50785543012466E-04  1.99356210865374E+00
 cg2d: Sum(rhs),rhsMax =  -5.50821025598225E-04  1.99343368632379E+00
 cg2d: Sum(rhs),rhsMax =  -5.50856721346804E-04  1.99330451061810E+00
 cg2d: Sum(rhs),rhsMax =  -5.50892629760824E-04  1.99317458430465E+00
 cg2d: Sum(rhs),rhsMax =  -5.50928751593460E-04  1.99304390039285E+00
 cg2d: Sum(rhs),rhsMax =  -5.50965080918786E-04  1.99291248280114E+00
 cg2d: Sum(rhs),rhsMax =  -5.51001621317937E-04  1.99278031965990E+00
 cg2d: Sum(rhs),rhsMax =  -5.51038372762491E-04  1.99264741265878E+00
 cg2d: Sum(rhs),rhsMax =  -5.51075334271900E-04  1.99251376347000E+00
 cg2d: Sum(rhs),rhsMax =  -5.51112504695084E-04  1.99237937270466E+00
 cg2d: Sum(rhs),rhsMax =  -5.51149886305780E-04  1.99224424082409E+00
 cg2d: Sum(rhs),rhsMax =  -5.51187478365023E-04  1.99210836837193E+00
 cg2d: Sum(rhs),rhsMax =  -5.51225279266987E-04  1.99197175583463E+00
 cg2d: Sum(rhs),rhsMax =  -5.51263287690062E-04  1.99183441431620E+00
 cg2d: Sum(rhs),rhsMax =  -5.51301509361224E-04  1.99169631993256E+00
 cg2d: Sum(rhs),rhsMax =  -5.51339941381457E-04  1.99155748620122E+00
 cg2d: Sum(rhs),rhsMax =  -5.51378583296014E-04  1.99141791210901E+00
 cg2d: Sum(rhs),rhsMax =  -5.51417436440715E-04  1.99127759609625E+00
 cg2d: Sum(rhs),rhsMax =  -5.51456500929248E-04  1.99113653741913E+00
 cg2d: Sum(rhs),rhsMax =  -5.51495776491606E-04  1.99099473521740E+00
 cg2d: Sum(rhs),rhsMax =  -5.51535263937808E-04  1.99085218834765E+00
 cg2d: Sum(rhs),rhsMax =  -5.51574964120505E-04  1.99070889561555E+00
 cg2d: Sum(rhs),rhsMax =  -5.51614876485473E-04  1.99056485603290E+00
 cg2d: Sum(rhs),rhsMax =  -5.51655002254847E-04  1.99042006895836E+00
 cg2d: Sum(rhs),rhsMax =  -5.51695340874403E-04  1.99027453413237E+00
 cg2d: Sum(rhs),rhsMax =  -5.51735892756255E-04  1.99012825161809E+00
 cg2d: Sum(rhs),rhsMax =  -5.51776657758296E-04  1.98998122172772E+00
 cg2d: Sum(rhs),rhsMax =  -5.51817635809471E-04  1.98983344492905E+00
 cg2d: Sum(rhs),rhsMax =  -5.51858826909779E-04  1.98968492178572E+00
 cg2d: Sum(rhs),rhsMax =  -5.51900231684499E-04  1.98953565288740E+00
 cg2d: Sum(rhs),rhsMax =  -5.51941848669912E-04  1.98938563881075E+00
 cg2d: Sum(rhs),rhsMax =  -5.51983679230261E-04  1.98923488007146E+00
 cg2d: Sum(rhs),rhsMax =  -5.52025721887617E-04  1.98908337710710E+00
 cg2d: Sum(rhs),rhsMax =  -5.52067978006221E-04  1.98893113026515E+00
 cg2d: Sum(rhs),rhsMax =  -5.52110446719212E-04  1.98877813982438E+00
 cg2d: Sum(rhs),rhsMax =  -5.52153128822397E-04  1.98862440602780E+00
 cg2d: Sum(rhs),rhsMax =  -5.52196023264173E-04  1.98846992913846E+00
 cg2d: Sum(rhs),rhsMax =  -5.52239130868770E-04  1.98831470949761E+00
 cg2d: Sum(rhs),rhsMax =  -5.52282451351971E-04  1.98815874758697E+00
 cg2d: Sum(rhs),rhsMax =  -5.52325985310631E-04  1.98800204408000E+00
 cg2d: Sum(rhs),rhsMax =  -5.52369731124713E-04  1.98784459988175E+00
 cg2d: Sum(rhs),rhsMax =  -5.52413689675291E-04  1.98768641614978E+00
 cg2d: Sum(rhs),rhsMax =  -5.52457860919731E-04  1.98752749429672E+00
 cg2d: Sum(rhs),rhsMax =  -5.52502243436948E-04  1.98736783597351E+00
 cg2d: Sum(rhs),rhsMax =  -5.52546837027990E-04  1.98720744303515E+00
 cg2d: Sum(rhs),rhsMax =  -5.52591642474454E-04  1.98704631749294E+00
 cg2d: Sum(rhs),rhsMax =  -5.52636657388916E-04  1.98688446145511E+00
 cg2d: Sum(rhs),rhsMax =  -5.52681882297179E-04  1.98672187706262E+00
 cg2d: Sum(rhs),rhsMax =  -5.52727317327140E-04  1.98655856642160E+00
 cg2d: Sum(rhs),rhsMax =  -5.52772961299297E-04  1.98639453153966E+00
 cg2d: Sum(rhs),rhsMax =  -5.52818813957856E-04  1.98622977426771E+00
 cg2d: Sum(rhs),rhsMax =  -5.52864873796466E-04  1.98606429625232E+00
 cg2d: Sum(rhs),rhsMax =  -5.52911142847279E-04  1.98589809889882E+00
 cg2d: Sum(rhs),rhsMax =  -5.52957619149197E-04  1.98573118335000E+00
 cg2d: Sum(rhs),rhsMax =  -5.53004302815907E-04  1.98556355047831E+00
 cg2d: Sum(rhs),rhsMax =  -5.53051194216891E-04  1.98539520089552E+00
 cg2d: Sum(rhs),rhsMax =  -5.53098293508469E-04  1.98522613497511E+00
 cg2d: Sum(rhs),rhsMax =  -5.53145600491689E-04  1.98505635289068E+00
 cg2d: Sum(rhs),rhsMax =  -5.53193114356532E-04  1.98488585466353E+00
 cg2d: Sum(rhs),rhsMax =  -5.53240836723035E-04  1.98471464022183E+00
 cg2d: Sum(rhs),rhsMax =  -5.53288766312221E-04  1.98454270946308E+00
 cg2d: Sum(rhs),rhsMax =  -5.53336904204116E-04  1.98437006232160E+00
 cg2d: Sum(rhs),rhsMax =  -5.53385249972393E-04  1.98419669883188E+00
 cg2d: Sum(rhs),rhsMax =  -5.53433805336567E-04  1.98402261918979E+00
 cg2d: Sum(rhs),rhsMax =  -5.53482567539731E-04  1.98384782380211E+00
 cg2d: Sum(rhs),rhsMax =  -5.53531538528773E-04  1.98367231332792E+00
 cg2d: Sum(rhs),rhsMax =  -5.53580717337354E-04  1.98349608870292E+00
 cg2d: Sum(rhs),rhsMax =  -5.53630103652836E-04  1.98331915115213E+00
 cg2d: Sum(rhs),rhsMax =  -5.53679698015230E-04  1.98314150218352E+00
 cg2d: Sum(rhs),rhsMax =  -5.53729498804501E-04  1.98296314357011E+00
 cg2d: Sum(rhs),rhsMax =  -5.53779506546448E-04  1.98278407731494E+00
 cg2d: Sum(rhs),rhsMax =  -5.53829719535770E-04  1.98260430560793E+00
 cg2d: Sum(rhs),rhsMax =  -5.53880139733565E-04  1.98242383077082E+00
 cg2d: Sum(rhs),rhsMax =  -5.53930762961841E-04  1.98224265519960E+00
 cg2d: Sum(rhs),rhsMax =  -5.53981591792763E-04  1.98206078130214E+00
 cg2d: Sum(rhs),rhsMax =  -5.54032625018408E-04  1.98187821143995E+00
 cg2d: Sum(rhs),rhsMax =  -5.54083860350829E-04  1.98169494787152E+00
 cg2d: Sum(rhs),rhsMax =  -5.54135299339009E-04  1.98151099270542E+00
 cg2d: Sum(rhs),rhsMax =  -5.54186940732393E-04  1.98132634786001E+00
 cg2d: Sum(rhs),rhsMax =  -5.54238783891492E-04  1.98114101503654E+00
 cg2d: Sum(rhs),rhsMax =  -5.54290829583692E-04  1.98095499570145E+00
 cg2d: Sum(rhs),rhsMax =  -5.54343076160535E-04  1.98076829108257E+00
 cg2d: Sum(rhs),rhsMax =  -5.54395524261508E-04  1.98058090217423E+00
 cg2d: Sum(rhs),rhsMax =  -5.54448173360811E-04  1.98039282975456E+00
 cg2d: Sum(rhs),rhsMax =  -5.54501024197407E-04  1.98020407440915E+00
 cg2d: Sum(rhs),rhsMax =  -5.54554076543923E-04  1.98001463656343E+00
 cg2d: Sum(rhs),rhsMax =  -5.54607329121382E-04  1.97982451651771E+00
 cg2d: Sum(rhs),rhsMax =  -5.54660783905092E-04  1.97963371448682E+00
 cg2d: Sum(rhs),rhsMax =  -5.54714439488180E-04  1.97944223063831E+00
 cg2d: Sum(rhs),rhsMax =  -5.54768296893826E-04  1.97925006513161E+00
 cg2d: Sum(rhs),rhsMax =  -5.54822355439910E-04  1.97905721815205E+00
 cg2d: Sum(rhs),rhsMax =  -5.54876616391198E-04  1.97886368994306E+00
 cg2d: Sum(rhs),rhsMax =  -5.54931078056597E-04  1.97866948083085E+00
 cg2d: Sum(rhs),rhsMax =  -5.54985741132441E-04  1.97847459124551E+00
 cg2d: Sum(rhs),rhsMax =  -5.55040606244006E-04  1.97827902173366E+00
 cg2d: Sum(rhs),rhsMax =  -5.55095672780226E-04  1.97808277296705E+00
 cg2d: Sum(rhs),rhsMax =  -5.55150940570570E-04  1.97788584574309E+00
 cg2d: Sum(rhs),rhsMax =  -5.55206409799780E-04  1.97768824098196E+00
 cg2d: Sum(rhs),rhsMax =  -5.55262079302565E-04  1.97748995971691E+00
 cg2d: Sum(rhs),rhsMax =  -5.55317950684753E-04  1.97729100308294E+00
 cg2d: Sum(rhs),rhsMax =  -5.55374021999455E-04  1.97709137230032E+00
 cg2d: Sum(rhs),rhsMax =  -5.55430293658787E-04  1.97689106865856E+00
 cg2d: Sum(rhs),rhsMax =  -5.55486766330660E-04  1.97669009349745E+00
 cg2d: Sum(rhs),rhsMax =  -5.55543437926076E-04  1.97648844819032E+00
 cg2d: Sum(rhs),rhsMax =  -5.55600309283477E-04  1.97628613412641E+00
 cg2d: Sum(rhs),rhsMax =  -5.55657380473917E-04  1.97608315269684E+00
 cg2d: Sum(rhs),rhsMax =  -5.55714649081551E-04  1.97587950528121E+00
 cg2d: Sum(rhs),rhsMax =  -5.55772118417508E-04  1.97567519323853E+00
 cg2d: Sum(rhs),rhsMax =  -5.55829785511719E-04  1.97547021789948E+00
 cg2d: Sum(rhs),rhsMax =  -5.55887650634190E-04  1.97526458056297E+00
 cg2d: Sum(rhs),rhsMax =  -5.55945714282302E-04  1.97505828249407E+00
 cg2d: Sum(rhs),rhsMax =  -5.56003975674457E-04  1.97485132492548E+00
 cg2d: Sum(rhs),rhsMax =  -5.56062434171167E-04  1.97464370905984E+00
 cg2d: Sum(rhs),rhsMax =  -5.56121090468764E-04  1.97443543607454E+00
 cg2d: Sum(rhs),rhsMax =  -5.56179943131951E-04  1.97422650712619E+00
 cg2d: Sum(rhs),rhsMax =  -5.56238994406044E-04  1.97401692335680E+00
 cg2d: Sum(rhs),rhsMax =  -5.56298240567799E-04  1.97380668589842E+00
 cg2d: Sum(rhs),rhsMax =  -5.56357684502018E-04  1.97359579587871E+00
 cg2d: Sum(rhs),rhsMax =  -5.56417324332870E-04  1.97338425442434E+00
 cg2d: Sum(rhs),rhsMax =  -5.56477160642999E-04  1.97317206266462E+00
 cg2d: Sum(rhs),rhsMax =  -5.56537193432405E-04  1.97295922173301E+00
 cg2d: Sum(rhs),rhsMax =  -5.56597421166316E-04  1.97274573276878E+00
 cg2d: Sum(rhs),rhsMax =  -5.56657845024233E-04  1.97253159691664E+00
 cg2d: Sum(rhs),rhsMax =  -5.56718463670336E-04  1.97231681532714E+00
 cg2d: Sum(rhs),rhsMax =  -5.56779277857800E-04  1.97210138915553E+00
 cg2d: Sum(rhs),rhsMax =  -5.56840287018190E-04  1.97188531956198E+00
 cg2d: Sum(rhs),rhsMax =  -5.56901491108874E-04  1.97166860771100E+00
 cg2d: Sum(rhs),rhsMax =  -5.56962889746160E-04  1.97145125477290E+00
 cg2d: Sum(rhs),rhsMax =  -5.57024482233714E-04  1.97123326192486E+00
 cg2d: Sum(rhs),rhsMax =  -5.57086269324714E-04  1.97101463035448E+00
 cg2d: Sum(rhs),rhsMax =  -5.57148250805994E-04  1.97079536126315E+00
 cg2d: Sum(rhs),rhsMax =  -5.57210424915411E-04  1.97057545587189E+00
 cg2d: Sum(rhs),rhsMax =  -5.57272793358266E-04  1.97035491542667E+00
 cg2d: Sum(rhs),rhsMax =  -5.57335355054533E-04  1.97013374120577E+00
 cg2d: Sum(rhs),rhsMax =  -5.57398108796292E-04  1.96991193452607E+00
 cg2d: Sum(rhs),rhsMax =  -5.57461055905151E-04  1.96968949675039E+00
 cg2d: Sum(rhs),rhsMax =  -5.57524196310055E-04  1.96946642929310E+00
 cg2d: Sum(rhs),rhsMax =  -5.57587528248860E-04  1.96924273362575E+00
 cg2d: Sum(rhs),rhsMax =  -5.57651051920516E-04  1.96901841128018E+00
 cg2d: Sum(rhs),rhsMax =  -5.57714767055018E-04  1.96879346385086E+00
 cg2d: Sum(rhs),rhsMax =  -5.57778673240250E-04  1.96856789299426E+00
 cg2d: Sum(rhs),rhsMax =  -5.57842770220418E-04  1.96834170042667E+00
 cg2d: Sum(rhs),rhsMax =  -5.57907058492901E-04  1.96811488791949E+00
 cg2d: Sum(rhs),rhsMax =  -5.57971535997126E-04  1.96788745729286E+00
 cg2d: Sum(rhs),rhsMax =  -5.58036203216261E-04  1.96765941040686E+00
 cg2d: Sum(rhs),rhsMax =  -5.58101060207150E-04  1.96743074915196E+00
 cg2d: Sum(rhs),rhsMax =  -5.58166106230829E-04  1.96720147543747E+00
 cg2d: Sum(rhs),rhsMax =  -5.58231340335169E-04  1.96697159118010E+00
 cg2d: Sum(rhs),rhsMax =  -5.58296762235955E-04  1.96674109829157E+00
 cg2d: Sum(rhs),rhsMax =  -5.58362371776866E-04  1.96650999866753E+00
 cg2d: Sum(rhs),rhsMax =  -5.58428168901060E-04  1.96627829417662E+00
 cg2d: Sum(rhs),rhsMax =  -5.58494153040101E-04  1.96604598665160E+00
 cg2d: Sum(rhs),rhsMax =  -5.58560322872381E-04  1.96581307788146E+00
 cg2d: Sum(rhs),rhsMax =  -5.58626679094232E-04  1.96557956960622E+00
 cg2d: Sum(rhs),rhsMax =  -5.58693220867212E-04  1.96534546351292E+00
 cg2d: Sum(rhs),rhsMax =  -5.58759948432908E-04  1.96511076123475E+00
 cg2d: Sum(rhs),rhsMax =  -5.58826860583395E-04  1.96487546435135E+00
 cg2d: Sum(rhs),rhsMax =  -5.58893957659734E-04  1.96463957439199E+00
 cg2d: Sum(rhs),rhsMax =  -5.58961239136124E-04  1.96440309283964E+00
 cg2d: Sum(rhs),rhsMax =  -5.59028705239939E-04  1.96416602113751E+00
 cg2d: Sum(rhs),rhsMax =  -5.59096354919575E-04  1.96392836069567E+00
 cg2d: Sum(rhs),rhsMax =  -5.59164188388195E-04  1.96369011289950E+00
 cg2d: Sum(rhs),rhsMax =  -5.59232204395244E-04  1.96345127911754E+00
 cg2d: Sum(rhs),rhsMax =  -5.59300404631813E-04  1.96321186071038E+00
 cg2d: Sum(rhs),rhsMax =  -5.59368787023118E-04  1.96297185903813E+00
 cg2d: Sum(rhs),rhsMax =  -5.59437352094960E-04  1.96273127546839E+00
 cg2d: Sum(rhs),rhsMax =  -5.59506099165219E-04  1.96249011138217E+00
 cg2d: Sum(rhs),rhsMax =  -5.59575028958648E-04  1.96224836817985E+00
 cg2d: Sum(rhs),rhsMax =  -5.59644140139426E-04  1.96200604728474E+00
 cg2d: Sum(rhs),rhsMax =  -5.59713433375464E-04  1.96176315014646E+00
 cg2d: Sum(rhs),rhsMax =  -5.59782906449868E-04  1.96151967824177E+00
 cg2d: Sum(rhs),rhsMax =  -5.59852561494267E-04  1.96127563307518E+00
 cg2d: Sum(rhs),rhsMax =  -5.59922397073365E-04  1.96103101617725E+00
 cg2d: Sum(rhs),rhsMax =  -5.59992412618726E-04  1.96078582910268E+00
 cg2d: Sum(rhs),rhsMax =  -5.60062608570888E-04  1.96054007342654E+00
 cg2d: Sum(rhs),rhsMax =  -5.60132983849826E-04  1.96029375074043E+00
 cg2d: Sum(rhs),rhsMax =  -5.60203538100268E-04  1.96004686264731E+00
 cg2d: Sum(rhs),rhsMax =  -5.60274271919070E-04  1.95979941075657E+00
 cg2d: Sum(rhs),rhsMax =  -5.60345184069888E-04  1.95955139667822E+00
 cg2d: Sum(rhs),rhsMax =  -5.60416274794306E-04  1.95930282201777E+00
 cg2d: Sum(rhs),rhsMax =  -5.60487542401233E-04  1.95905368837059E+00
 cg2d: Sum(rhs),rhsMax =  -5.60558988496496E-04  1.95880399731733E+00
 cg2d: Sum(rhs),rhsMax =  -5.60630611516899E-04  1.95855375041925E+00
 cg2d: Sum(rhs),rhsMax =  -5.60702412073510E-04  1.95830294921497E+00
 cg2d: Sum(rhs),rhsMax =  -5.60774388986829E-04  1.95805159521715E+00
 cg2d: Sum(rhs),rhsMax =  -5.60846542697391E-04  1.95779968991104E+00
 cg2d: Sum(rhs),rhsMax =  -5.60918872835714E-04  1.95754723475311E+00
 cg2d: Sum(rhs),rhsMax =  -5.60991377696496E-04  1.95729423117143E+00
 cg2d: Sum(rhs),rhsMax =  -5.61064059056093E-04  1.95704068056634E+00
 cg2d: Sum(rhs),rhsMax =  -5.61136915379734E-04  1.95678658431280E+00
 cg2d: Sum(rhs),rhsMax =  -5.61209946567942E-04  1.95653194376285E+00
 cg2d: Sum(rhs),rhsMax =  -5.61283152350711E-04  1.95627676024968E+00
 cg2d: Sum(rhs),rhsMax =  -5.61356533196999E-04  1.95602103509169E+00
 cg2d: Sum(rhs),rhsMax =  -5.61430088680481E-04  1.95576476959755E+00
 cg2d: Sum(rhs),rhsMax =  -5.61503817422704E-04  1.95550796507060E+00
 cg2d: Sum(rhs),rhsMax =  -5.61577720560535E-04  1.95525062281625E+00
 cg2d: Sum(rhs),rhsMax =  -5.61651796431306E-04  1.95499274414706E+00
 cg2d: Sum(rhs),rhsMax =  -5.61726047124012E-04  1.95473433038897E+00
 cg2d: Sum(rhs),rhsMax =  -5.61800469355944E-04  1.95447538288587E+00
 cg2d: Sum(rhs),rhsMax =  -5.61875065031359E-04  1.95421590300471E+00
 cg2d: Sum(rhs),rhsMax =  -5.61949833112863E-04  1.95395589213967E+00
 cg2d: Sum(rhs),rhsMax =  -5.62024773628877E-04  1.95369535171651E+00
 cg2d: Sum(rhs),rhsMax =  -5.62099886195710E-04  1.95343428319570E+00
 cg2d: Sum(rhs),rhsMax =  -5.62175169875445E-04  1.95317268807516E+00
 cg2d: Sum(rhs),rhsMax =  -5.62250624938088E-04  1.95291056789165E+00
 cg2d: Sum(rhs),rhsMax =  -5.62326251355216E-04  1.95264792422171E+00
 cg2d: Sum(rhs),rhsMax =  -5.62402047918908E-04  1.95238475868131E+00
 cg2d: Sum(rhs),rhsMax =  -5.62478015950774E-04  1.95212107292516E+00
 cg2d: Sum(rhs),rhsMax =  -5.62554152935490E-04  1.95185686864488E+00
 cg2d: Sum(rhs),rhsMax =  -5.62630459683078E-04  1.95159214756674E+00
 cg2d: Sum(rhs),rhsMax =  -5.62706936349855E-04  1.95132691144868E+00
 cg2d: Sum(rhs),rhsMax =  -5.62783581045778E-04  1.95106116207699E+00
 cg2d: Sum(rhs),rhsMax =  -5.62860394353493E-04  1.95079490126243E+00
 cg2d: Sum(rhs),rhsMax =  -5.62937375377714E-04  1.95052813083638E+00
 cg2d: Sum(rhs),rhsMax =  -5.63014525098993E-04  1.95026085264654E+00
 cg2d: Sum(rhs),rhsMax =  -5.63091841414121E-04  1.94999306855303E+00
 cg2d: Sum(rhs),rhsMax =  -5.63169324692581E-04  1.94972478042424E+00
 cg2d: Sum(rhs),rhsMax =  -5.63246974181197E-04  1.94945599013313E+00
 cg2d: Sum(rhs),rhsMax =  -5.63324789510489E-04  1.94918669955376E+00
 cg2d: Sum(rhs),rhsMax =  -5.63402770481503E-04  1.94891691055828E+00
 cg2d: Sum(rhs),rhsMax =  -5.63480916923709E-04  1.94864662501426E+00
 cg2d: Sum(rhs),rhsMax =  -5.63559228268673E-04  1.94837584478255E+00
 cg2d: Sum(rhs),rhsMax =  -5.63637704004805E-04  1.94810457171583E+00
 cg2d: Sum(rhs),rhsMax =  -5.63716342810494E-04  1.94783280765736E+00
 cg2d: Sum(rhs),rhsMax =  -5.63795146021562E-04  1.94756055444061E+00
 cg2d: Sum(rhs),rhsMax =  -5.63874112501139E-04  1.94728781388912E+00
 cg2d: Sum(rhs),rhsMax =  -5.63953240813930E-04  1.94701458781698E+00
 cg2d: Sum(rhs),rhsMax =  -5.64032532693659E-04  1.94674087802970E+00
 cg2d: Sum(rhs),rhsMax =  -5.64111985241311E-04  1.94646668632533E+00
 cg2d: Sum(rhs),rhsMax =  -5.64191600616937E-04  1.94619201449605E+00
 cg2d: Sum(rhs),rhsMax =  -5.64271375992575E-04  1.94591686432979E+00
 cg2d: Sum(rhs),rhsMax =  -5.64351313258271E-04  1.94564123761211E+00
 cg2d: Sum(rhs),rhsMax =  -5.64431410083444E-04  1.94536513612811E+00
 cg2d: Sum(rhs),rhsMax =  -5.64511668088130E-04  1.94508856166429E+00
 cg2d: Sum(rhs),rhsMax =  -5.64592084728588E-04  1.94481151601038E+00
 cg2d: Sum(rhs),rhsMax =  -5.64672660487986E-04  1.94453400096094E+00
 cg2d: Sum(rhs),rhsMax =  -5.64753395281059E-04  1.94425601831687E+00
 cg2d: Sum(rhs),rhsMax =  -5.64834288780958E-04  1.94397756988647E+00
 cg2d: Sum(rhs),rhsMax =  -5.64915340063976E-04  1.94369865748653E+00
 cg2d: Sum(rhs),rhsMax =  -5.64996549115904E-04  1.94341928294265E+00
 cg2d: Sum(rhs),rhsMax =  -5.65077914998824E-04  1.94313944808966E+00
 cg2d: Sum(rhs),rhsMax =  -5.65159437400098E-04  1.94285915477133E+00
 cg2d: Sum(rhs),rhsMax =  -5.65241117129744E-04  1.94257840484014E+00
 cg2d: Sum(rhs),rhsMax =  -5.65322952397196E-04  1.94229720015622E+00
 cg2d: Sum(rhs),rhsMax =  -5.65404943500880E-04  1.94201554258661E+00
 cg2d: Sum(rhs),rhsMax =  -5.65487088422856E-04  1.94173343400364E+00
 cg2d: Sum(rhs),rhsMax =  -5.65569389948450E-04  1.94145087628374E+00
 cg2d: Sum(rhs),rhsMax =  -5.65651844638637E-04  1.94116787130542E+00
 cg2d: Sum(rhs),rhsMax =  -5.65734453545019E-04  1.94088442094800E+00
 cg2d: Sum(rhs),rhsMax =  -5.65817215971265E-04  1.94060052708926E+00
 cg2d: Sum(rhs),rhsMax =  -5.65900131604735E-04  1.94031619160425E+00
 cg2d: Sum(rhs),rhsMax =  -5.65983199280140E-04  1.94003141636311E+00
 cg2d: Sum(rhs),rhsMax =  -5.66066419011690E-04  1.93974620322998E+00
 cg2d: Sum(rhs),rhsMax =  -5.66149790827808E-04  1.93946055406118E+00
 cg2d: Sum(rhs),rhsMax =  -5.66233314216902E-04  1.93917447070463E+00
 cg2d: Sum(rhs),rhsMax =  -5.66316987871573E-04  1.93888795499837E+00
 cg2d: Sum(rhs),rhsMax =  -5.66400813085011E-04  1.93860100877064E+00
 cg2d: Sum(rhs),rhsMax =  -5.66484787896115E-04  1.93831363383890E+00
 cg2d: Sum(rhs),rhsMax =  -5.66568912219623E-04  1.93802583201065E+00
 cg2d: Sum(rhs),rhsMax =  -5.66653185714472E-04  1.93773760508294E+00
 cg2d: Sum(rhs),rhsMax =  -5.66737608380663E-04  1.93744895484384E+00
 cg2d: Sum(rhs),rhsMax =  -5.66822179649762E-04  1.93715988307249E+00
 cg2d: Sum(rhs),rhsMax =  -5.66906899422293E-04  1.93687039154113E+00
 cg2d: Sum(rhs),rhsMax =  -5.66991766092428E-04  1.93658048201545E+00
 cg2d: Sum(rhs),rhsMax =  -5.67076780455977E-04  1.93629015625719E+00
 cg2d: Sum(rhs),rhsMax =  -5.67161941390282E-04  1.93599941602450E+00
 cg2d: Sum(rhs),rhsMax =  -5.67247249179559E-04  1.93570826307488E+00
 cg2d: Sum(rhs),rhsMax =  -5.67332702885892E-04  1.93541669916554E+00
 cg2d: Sum(rhs),rhsMax =  -5.67418302892975E-04  1.93512472605637E+00
 cg2d: Sum(rhs),rhsMax =  -5.67504047396028E-04  1.93483234550998E+00
 cg2d: Sum(rhs),rhsMax =  -5.67589937418234E-04  1.93453955929475E+00
 cg2d: Sum(rhs),rhsMax =  -5.67675971666404E-04  1.93424636918429E+00
 cg2d: Sum(rhs),rhsMax =  -5.67762150083695E-04  1.93395277696033E+00
 cg2d: Sum(rhs),rhsMax =  -5.67848472186938E-04  1.93365878441167E+00
 cg2d: Sum(rhs),rhsMax =  -5.67934938445092E-04  1.93336439333669E+00
 cg2d: Sum(rhs),rhsMax =  -5.68021546399677E-04  1.93306960554172E+00
 cg2d: Sum(rhs),rhsMax =  -5.68108298111270E-04  1.93277442284332E+00
 cg2d: Sum(rhs),rhsMax =  -5.68195190879806E-04  1.93247884706587E+00
 cg2d: Sum(rhs),rhsMax =  -5.68282225472672E-04  1.93218288004376E+00
 cg2d: Sum(rhs),rhsMax =  -5.68369401122482E-04  1.93188652361828E+00
 cg2d: Sum(rhs),rhsMax =  -5.68456717957133E-04  1.93158977963981E+00
 cg2d: Sum(rhs),rhsMax =  -5.68544175294505E-04  1.93129264996408E+00
 cg2d: Sum(rhs),rhsMax =  -5.68631772665640E-04  1.93099513645446E+00
 cg2d: Sum(rhs),rhsMax =  -5.68719509146831E-04  1.93069724097781E+00
 cg2d: Sum(rhs),rhsMax =  -5.68807384809134E-04  1.93039896540699E+00
 cg2d: Sum(rhs),rhsMax =  -5.68895399297276E-04  1.93010031161635E+00
 cg2d: Sum(rhs),rhsMax =  -5.68983551744395E-04  1.92980128148476E+00
 cg2d: Sum(rhs),rhsMax =  -5.69071842576818E-04  1.92950187689069E+00
 cg2d: Sum(rhs),rhsMax =  -5.69160269336066E-04  1.92920209971596E+00
 cg2d: Sum(rhs),rhsMax =  -5.69248834253244E-04  1.92890195184059E+00
 cg2d: Sum(rhs),rhsMax =  -5.69337535054615E-04  1.92860143514716E+00
 cg2d: Sum(rhs),rhsMax =  -5.69426372024395E-04  1.92830055151565E+00
 cg2d: Sum(rhs),rhsMax =  -5.69515344835736E-04  1.92799930282845E+00
 cg2d: Sum(rhs),rhsMax =  -5.69604452252293E-04  1.92769769096507E+00
 cg2d: Sum(rhs),rhsMax =  -5.69693694743023E-04  1.92739571780795E+00
 cg2d: Sum(rhs),rhsMax =  -5.69783071171059E-04  1.92709338523692E+00
 cg2d: Sum(rhs),rhsMax =  -5.69847148767622E-04  1.92687668936256E+00
 cg2d: Sum(rhs),rhsMax =  -5.69810171796803E-04  1.92700172975591E+00
 cg2d: Sum(rhs),rhsMax =  -5.69773354300196E-04  1.92712624942928E+00
 cg2d: Sum(rhs),rhsMax =  -5.69736695524625E-04  1.92725024789617E+00
 cg2d: Sum(rhs),rhsMax =  -5.69700195526934E-04  1.92737372466831E+00
 cg2d: Sum(rhs),rhsMax =  -5.69663853966063E-04  1.92749667926182E+00
 cg2d: Sum(rhs),rhsMax =  -5.69627672504680E-04  1.92761911119202E+00
 cg2d: Sum(rhs),rhsMax =  -5.69591649423273E-04  1.92774101998006E+00
 cg2d: Sum(rhs),rhsMax =  -5.69555786114506E-04  1.92786240514726E+00
 cg2d: Sum(rhs),rhsMax =  -5.69520082152053E-04  1.92798326622222E+00
 cg2d: Sum(rhs),rhsMax =  -5.69484537223275E-04  1.92810360273445E+00
 cg2d: Sum(rhs),rhsMax =  -5.69449152095558E-04  1.92822341422195E+00
 cg2d: Sum(rhs),rhsMax =  -5.69413925731510E-04  1.92834270022405E+00
 cg2d: Sum(rhs),rhsMax =  -5.69378859239578E-04  1.92846146028954E+00
 cg2d: Sum(rhs),rhsMax =  -5.69343954182955E-04  1.92857969396842E+00
 cg2d: Sum(rhs),rhsMax =  -5.69309206795765E-04  1.92869740082069E+00
 cg2d: Sum(rhs),rhsMax =  -5.69274620374927E-04  1.92881458040703E+00
 cg2d: Sum(rhs),rhsMax =  -5.69240193414089E-04  1.92893123229828E+00
 cg2d: Sum(rhs),rhsMax =  -5.69205926225891E-04  1.92904735606481E+00
 cg2d: Sum(rhs),rhsMax =  -5.69171819932990E-04  1.92916295128701E+00
 cg2d: Sum(rhs),rhsMax =  -5.69137873398518E-04  1.92927801754339E+00
 cg2d: Sum(rhs),rhsMax =  -5.69104086793004E-04  1.92939255442189E+00
 cg2d: Sum(rhs),rhsMax =  -5.69070460599619E-04  1.92950656150692E+00
 cg2d: Sum(rhs),rhsMax =  -5.69036994960470E-04  1.92962003839158E+00
 cg2d: Sum(rhs),rhsMax =  -5.69003688880798E-04  1.92973298466368E+00
 cg2d: Sum(rhs),rhsMax =  -5.68970543994851E-04  1.92984539991919E+00
 cg2d: Sum(rhs),rhsMax =  -5.68937559975780E-04  1.92995728374713E+00
 cg2d: Sum(rhs),rhsMax =  -5.68904736226727E-04  1.93006863574487E+00
 cg2d: Sum(rhs),rhsMax =  -5.68872072960858E-04  1.93017945550100E+00
 cg2d: Sum(rhs),rhsMax =  -5.68839570377122E-04  1.93028974261248E+00
 cg2d: Sum(rhs),rhsMax =  -5.68807228347623E-04  1.93039949666604E+00
 cg2d: Sum(rhs),rhsMax =  -5.68775047412373E-04  1.93050871725763E+00
 cg2d: Sum(rhs),rhsMax =  -5.68743027784535E-04  1.93061740397231E+00
 cg2d: Sum(rhs),rhsMax =  -5.68711168796199E-04  1.93072555640591E+00
 cg2d: Sum(rhs),rhsMax =  -5.68679470816846E-04  1.93083317414317E+00
 cg2d: Sum(rhs),rhsMax =  -5.68647933945954E-04  1.93094025678173E+00
 cg2d: Sum(rhs),rhsMax =  -5.68616558297208E-04  1.93104680390832E+00
 cg2d: Sum(rhs),rhsMax =  -5.68585343771133E-04  1.93115281512530E+00
 cg2d: Sum(rhs),rhsMax =  -5.68554290552470E-04  1.93125829002448E+00
 cg2d: Sum(rhs),rhsMax =  -5.68523399223864E-04  1.93136322821191E+00
 cg2d: Sum(rhs),rhsMax =  -5.68492669401621E-04  1.93146762928822E+00
 cg2d: Sum(rhs),rhsMax =  -5.68462099806766E-04  1.93157149287521E+00
 cg2d: Sum(rhs),rhsMax =  -5.68431692713034E-04  1.93167481859323E+00
 cg2d: Sum(rhs),rhsMax =  -5.68401447551992E-04  1.93177760608739E+00
 cg2d: Sum(rhs),rhsMax =  -5.68371363456777E-04  1.93187985498960E+00
 cg2d: Sum(rhs),rhsMax =  -5.68341441592679E-04  1.93198156495872E+00
 cg2d: Sum(rhs),rhsMax =  -5.68311681234945E-04  1.93208273564322E+00
 cg2d: Sum(rhs),rhsMax =  -5.68282082610949E-04  1.93218336672544E+00
 cg2d: Sum(rhs),rhsMax =  -5.68252645919642E-04  1.93228345787826E+00
 cg2d: Sum(rhs),rhsMax =  -5.68223371530507E-04  1.93238300881198E+00
 cg2d: Sum(rhs),rhsMax =  -5.68194258335097E-04  1.93248201922543E+00
 cg2d: Sum(rhs),rhsMax =  -5.68165307385016E-04  1.93258048885717E+00
 cg2d: Sum(rhs),rhsMax =  -5.68136518623419E-04  1.93267841743171E+00
 cg2d: Sum(rhs),rhsMax =  -5.68107891666614E-04  1.93277580471571E+00
 cg2d: Sum(rhs),rhsMax =  -5.68079426869872E-04  1.93287265045885E+00
 cg2d: Sum(rhs),rhsMax =  -5.68051123806868E-04  1.93296895445537E+00
 cg2d: Sum(rhs),rhsMax =  -5.68022983131300E-04  1.93306471647905E+00
 cg2d: Sum(rhs),rhsMax =  -5.67995004885802E-04  1.93315993635068E+00
 cg2d: Sum(rhs),rhsMax =  -5.67967188231933E-04  1.93325461386665E+00
 cg2d: Sum(rhs),rhsMax =  -5.67939533752337E-04  1.93334874887275E+00
 cg2d: Sum(rhs),rhsMax =  -5.67912041944396E-04  1.93344234118616E+00
 cg2d: Sum(rhs),rhsMax =  -5.67884711472288E-04  1.93353539067589E+00
 cg2d: Sum(rhs),rhsMax =  -5.67857543714467E-04  1.93362789717800E+00
 cg2d: Sum(rhs),rhsMax =  -5.67830537363534E-04  1.93371986058300E+00
 cg2d: Sum(rhs),rhsMax =  -5.67803693257929E-04  1.93381128074406E+00
 cg2d: Sum(rhs),rhsMax =  -5.67777011681869E-04  1.93390215757168E+00
 cg2d: Sum(rhs),rhsMax =  -5.67750491867969E-04  1.93399249093470E+00
 cg2d: Sum(rhs),rhsMax =  -5.67724133617276E-04  1.93408228076242E+00
 cg2d: Sum(rhs),rhsMax =  -5.67697937981393E-04  1.93417152693835E+00
 cg2d: Sum(rhs),rhsMax =  -5.67671903795031E-04  1.93426022940976E+00
 cg2d: Sum(rhs),rhsMax =  -5.67646032692437E-04  1.93434838807417E+00
 cg2d: Sum(rhs),rhsMax =  -5.67620322243556E-04  1.93443600289617E+00
 cg2d: Sum(rhs),rhsMax =  -5.67594774494751E-04  1.93452307378685E+00
 cg2d: Sum(rhs),rhsMax =  -5.67569388522315E-04  1.93460960072762E+00
 cg2d: Sum(rhs),rhsMax =  -5.67544163686762E-04  1.93469558364267E+00
 cg2d: Sum(rhs),rhsMax =  -5.67519101977609E-04  1.93478102252957E+00
 cg2d: Sum(rhs),rhsMax =  -5.67494200794272E-04  1.93486591732510E+00
 cg2d: Sum(rhs),rhsMax =  -5.67469461600467E-04  1.93495026804206E+00
 cg2d: Sum(rhs),rhsMax =  -5.67444884751467E-04  1.93503407462895E+00
 cg2d: Sum(rhs),rhsMax =  -5.67420469195667E-04  1.93511733711255E+00
 cg2d: Sum(rhs),rhsMax =  -5.67396215416238E-04  1.93520005545183E+00
 cg2d: Sum(rhs),rhsMax =  -5.67372123398968E-04  1.93528222968579E+00
 cg2d: Sum(rhs),rhsMax =  -5.67348192220152E-04  1.93536385978215E+00
 cg2d: Sum(rhs),rhsMax =  -5.67324423442983E-04  1.93544494578994E+00
 cg2d: Sum(rhs),rhsMax =  -5.67300815177418E-04  1.93552548757562E+00
 cg2d: Sum(rhs),rhsMax =  -5.67277369583508E-04  1.93560548533191E+00
 cg2d: Sum(rhs),rhsMax =  -5.67254083776447E-04  1.93568493910479E+00
 cg2d: Sum(rhs),rhsMax =  -5.67230960726306E-04  1.93576384897288E+00
 cg2d: Sum(rhs),rhsMax =  -5.67207998869890E-04  1.93584221493096E+00
 cg2d: Sum(rhs),rhsMax =  -5.67185197212439E-04  1.93592003706983E+00
 cg2d: Sum(rhs),rhsMax =  -5.67162556947665E-04  1.93599731540704E+00
 cg2d: Sum(rhs),rhsMax =  -5.67140078047146E-04  1.93607405004909E+00
 cg2d: Sum(rhs),rhsMax =  -5.67117760013502E-04  1.93615024101827E+00
 cg2d: Sum(rhs),rhsMax =  -5.67095602278300E-04  1.93622588842222E+00
 cg2d: Sum(rhs),rhsMax =  -5.67073607143698E-04  1.93630099228073E+00
 cg2d: Sum(rhs),rhsMax =  -5.67051771525939E-04  1.93637555269852E+00
 cg2d: Sum(rhs),rhsMax =  -5.67030096931376E-04  1.93644956968957E+00
 cg2d: Sum(rhs),rhsMax =  -5.67008585861117E-04  1.93652303477776E+00
 cg2d: Sum(rhs),rhsMax =  -5.66987234051908E-04  1.93659596105507E+00
 cg2d: Sum(rhs),rhsMax =  -5.66966040864259E-04  1.93666834974957E+00
 cg2d: Sum(rhs),rhsMax =  -5.66945008344533E-04  1.93674019885007E+00
 cg2d: Sum(rhs),rhsMax =  -5.66924134375313E-04  1.93681150760442E+00
 cg2d: Sum(rhs),rhsMax =  -5.66903420619269E-04  1.93688227645168E+00
 cg2d: Sum(rhs),rhsMax =  -5.66882865740581E-04  1.93695250644386E+00
 cg2d: Sum(rhs),rhsMax =  -5.66862469838725E-04  1.93702219855039E+00
 cg2d: Sum(rhs),rhsMax =  -5.66842232416320E-04  1.93709135369746E+00
 cg2d: Sum(rhs),rhsMax =  -5.66822153757585E-04  1.93715997262965E+00
 cg2d: Sum(rhs),rhsMax =  -5.66802232327746E-04  1.93722805611701E+00
 cg2d: Sum(rhs),rhsMax =  -5.66782469718419E-04  1.93729560479496E+00
 cg2d: Sum(rhs),rhsMax =  -5.66762864039561E-04  1.93736261933406E+00
 cg2d: Sum(rhs),rhsMax =  -5.66743416428039E-04  1.93742910026855E+00
 cg2d: Sum(rhs),rhsMax =  -5.66724125022233E-04  1.93749504816287E+00
 cg2d: Sum(rhs),rhsMax =  -5.66704992081668E-04  1.93756046344305E+00
 cg2d: Sum(rhs),rhsMax =  -5.66686015972095E-04  1.93762534656178E+00
 cg2d: Sum(rhs),rhsMax =  -5.66667195840864E-04  1.93768969783358E+00
 cg2d: Sum(rhs),rhsMax =  -5.66648532412728E-04  1.93775351759840E+00
 cg2d: Sum(rhs),rhsMax =  -5.66630025787163E-04  1.93781680606083E+00
 cg2d: Sum(rhs),rhsMax =  -5.66611676092066E-04  1.93787956345154E+00
 cg2d: Sum(rhs),rhsMax =  -5.66593482531630E-04  1.93794178987044E+00
 cg2d: Sum(rhs),rhsMax =  -5.66575445162698E-04  1.93800348544486E+00
 cg2d: Sum(rhs),rhsMax =  -5.66557564354753E-04  1.93806465017596E+00
 cg2d: Sum(rhs),rhsMax =  -5.66539839525149E-04  1.93812528409345E+00
 cg2d: Sum(rhs),rhsMax =  -5.66522270929681E-04  1.93818538710527E+00
 cg2d: Sum(rhs),rhsMax =  -5.66504859378369E-04  1.93824495914939E+00
 cg2d: Sum(rhs),rhsMax =  -5.66487603862242E-04  1.93830400004756E+00
 cg2d: Sum(rhs),rhsMax =  -5.66470712826117E-04  1.93836179389741E+00
 cg2d: Sum(rhs),rhsMax =  -5.66453932819400E-04  1.93841921712137E+00
 cg2d: Sum(rhs),rhsMax =  -5.66437305977274E-04  1.93847611274089E+00
 cg2d: Sum(rhs),rhsMax =  -5.66420853530758E-04  1.93853241858723E+00
 cg2d: Sum(rhs),rhsMax =  -5.66404573433488E-04  1.93858813825556E+00
 cg2d: Sum(rhs),rhsMax =  -5.66388467220236E-04  1.93864326626301E+00
 cg2d: Sum(rhs),rhsMax =  -5.66372536951576E-04  1.93869779153335E+00
 cg2d: Sum(rhs),rhsMax =  -5.66356788539224E-04  1.93875170337647E+00
 cg2d: Sum(rhs),rhsMax =  -5.66341221855282E-04  1.93880499196974E+00
 cg2d: Sum(rhs),rhsMax =  -5.66325840651416E-04  1.93885764787998E+00
 cg2d: Sum(rhs),rhsMax =  -5.66310647911905E-04  1.93890966228125E+00
 cg2d: Sum(rhs),rhsMax =  -5.66295646180492E-04  1.93896102694339E+00
 cg2d: Sum(rhs),rhsMax =  -5.66280836579836E-04  1.93901173449101E+00
 cg2d: Sum(rhs),rhsMax =  -5.66266221724732E-04  1.93906177830335E+00
 cg2d: Sum(rhs),rhsMax =  -5.66251803547857E-04  1.93911115272571E+00
 cg2d: Sum(rhs),rhsMax =  -5.66237582546592E-04  1.93915985293718E+00
 cg2d: Sum(rhs),rhsMax =  -5.66223560824142E-04  1.93920787515259E+00
 cg2d: Sum(rhs),rhsMax =  -5.66209737883128E-04  1.93925521646702E+00
 cg2d: Sum(rhs),rhsMax =  -5.66196115002526E-04  1.93930187505153E+00
 cg2d: Sum(rhs),rhsMax =  -5.66182692466555E-04  1.93934784997320E+00
 cg2d: Sum(rhs),rhsMax =  -5.66169470431532E-04  1.93939314138553E+00
 cg2d: Sum(rhs),rhsMax =  -5.66156447817434E-04  1.93943775032252E+00
 cg2d: Sum(rhs),rhsMax =  -5.66143624894266E-04  1.93948167888414E+00
 cg2d: Sum(rhs),rhsMax =  -5.66130999530401E-04  1.93952493000355E+00
 cg2d: Sum(rhs),rhsMax =  -5.66118572095320E-04  1.93956750762903E+00
 cg2d: Sum(rhs),rhsMax =  -5.66106339434214E-04  1.93960941646538E+00
 cg2d: Sum(rhs),rhsMax =  -5.66094302058673E-04  1.93965066215491E+00
 cg2d: Sum(rhs),rhsMax =  -5.66082456231243E-04  1.93969125099542E+00
 cg2d: Sum(rhs),rhsMax =  -5.66070800573470E-04  1.93973119012295E+00
 cg2d: Sum(rhs),rhsMax =  -5.66059332882674E-04  1.93977048720877E+00
 cg2d: Sum(rhs),rhsMax =  -5.66048050359313E-04  1.93980915064547E+00
 cg2d: Sum(rhs),rhsMax =  -5.66036950303328E-04  1.93984718922459E+00
 cg2d: Sum(rhs),rhsMax =  -5.66026031208366E-04  1.93988461232689E+00
 cg2d: Sum(rhs),rhsMax =  -5.66015288200106E-04  1.93992142958241E+00
 cg2d: Sum(rhs),rhsMax =  -5.66004720354840E-04  1.93995765106550E+00
 cg2d: Sum(rhs),rhsMax =  -5.65994323537211E-04  1.93999328694014E+00
 cg2d: Sum(rhs),rhsMax =  -5.65984094478722E-04  1.94002834766094E+00
 cg2d: Sum(rhs),rhsMax =  -5.65974030592997E-04  1.94006284360730E+00
 cg2d: Sum(rhs),rhsMax =  -5.65964129251029E-04  1.94009678529186E+00
 cg2d: Sum(rhs),rhsMax =  -5.65954386303247E-04  1.94013018298757E+00
 cg2d: Sum(rhs),rhsMax =  -5.65944800243301E-04  1.94016304694505E+00
 cg2d: Sum(rhs),rhsMax =  -5.65935366779513E-04  1.94019538701654E+00
 cg2d: Sum(rhs),rhsMax =  -5.65926083837098E-04  1.94022721288307E+00
 cg2d: Sum(rhs),rhsMax =  -5.65916947920186E-04  1.94025853367933E+00
 cg2d: Sum(rhs),rhsMax =  -5.65907957692957E-04  1.94028935823119E+00
 cg2d: Sum(rhs),rhsMax =  -5.65899109048473E-04  1.94031969468538E+00
 cg2d: Sum(rhs),rhsMax =  -5.65890401929892E-04  1.94034955075747E+00
 cg2d: Sum(rhs),rhsMax =  -5.65881832599757E-04  1.94037893336993E+00
 cg2d: Sum(rhs),rhsMax =  -5.65873400390160E-04  1.94040784891078E+00
 cg2d: Sum(rhs),rhsMax =  -5.65865102231555E-04  1.94043630288312E+00
 cg2d: Sum(rhs),rhsMax =  -5.65856938194997E-04  1.94046430017408E+00
 cg2d: Sum(rhs),rhsMax =  -5.65848906276756E-04  1.94049184471880E+00
 cg2d: Sum(rhs),rhsMax =  -5.65841005553125E-04  1.94051893977897E+00
 cg2d: Sum(rhs),rhsMax =  -5.65833235043556E-04  1.94054558762366E+00
 cg2d: Sum(rhs),rhsMax =  -5.65825594762259E-04  1.94057178981654E+00
 cg2d: Sum(rhs),rhsMax =  -5.65818084794500E-04  1.94059754691532E+00
 cg2d: Sum(rhs),rhsMax =  -5.65810704642900E-04  1.94062285876660E+00
 cg2d: Sum(rhs),rhsMax =  -5.65803454776415E-04  1.94064772422506E+00
 cg2d: Sum(rhs),rhsMax =  -5.65796336260860E-04  1.94067214145473E+00
 cg2d: Sum(rhs),rhsMax =  -5.65789348996759E-04  1.94069610766840E+00
 cg2d: Sum(rhs),rhsMax =  -5.65782494362566E-04  1.94071961943406E+00
 cg2d: Sum(rhs),rhsMax =  -5.65775773736732E-04  1.94074267243431E+00
 cg2d: Sum(rhs),rhsMax =  -5.65769187971910E-04  1.94076526177654E+00
 cg2d: Sum(rhs),rhsMax =  -5.65762740706077E-04  1.94078738177148E+00
 cg2d: Sum(rhs),rhsMax =  -5.65756430447095E-04  1.94080902624573E+00
 cg2d: Sum(rhs),rhsMax =  -5.65750261827702E-04  1.94083018833783E+00
 cg2d: Sum(rhs),rhsMax =  -5.65744236396881E-04  1.94085086081177E+00
 cg2d: Sum(rhs),rhsMax =  -5.65738355177814E-04  1.94087103586833E+00
 cg2d: Sum(rhs),rhsMax =  -5.65732621879533E-04  1.94089070545831E+00
 cg2d: Sum(rhs),rhsMax =  -5.65727038249975E-04  1.94090986110626E+00
 cg2d: Sum(rhs),rhsMax =  -5.65721607500791E-04  1.94092849422248E+00
 cg2d: Sum(rhs),rhsMax =  -5.65716331308863E-04  1.94094659593579E+00
 cg2d: Sum(rhs),rhsMax =  -5.65711212843212E-04  1.94096415740336E+00
 cg2d: Sum(rhs),rhsMax =  -5.65706254619158E-04  1.94098116964910E+00
 cg2d: Sum(rhs),rhsMax =  -5.65701459208867E-04  1.94099762387061E+00
 cg2d: Sum(rhs),rhsMax =  -5.65696828786599E-04  1.94101351127932E+00
 cg2d: Sum(rhs),rhsMax =  -5.65692365583459E-04  1.94102882340424E+00
 cg2d: Sum(rhs),rhsMax =  -5.65688073521642E-04  1.94104355193001E+00
 cg2d: Sum(rhs),rhsMax =  -5.65683953865914E-04  1.94105768899693E+00
 cg2d: Sum(rhs),rhsMax =  -5.65680007966307E-04  1.94107122703328E+00
 cg2d: Sum(rhs),rhsMax =  -5.65676239546065E-04  1.94108415905145E+00
 cg2d: Sum(rhs),rhsMax =  -5.65672649130988E-04  1.94109647847060E+00
 cg2d: Sum(rhs),rhsMax =  -5.65669239662725E-04  1.94110817940907E+00
 cg2d: Sum(rhs),rhsMax =  -5.65666011169697E-04  1.94111925649378E+00
 cg2d: Sum(rhs),rhsMax =  -5.65662966394598E-04  1.94112970514898E+00
 cg2d: Sum(rhs),rhsMax =  -5.65660106261134E-04  1.94113952138934E+00
 cg2d: Sum(rhs),rhsMax =  -5.65657430612987E-04  1.94114870210509E+00
 cg2d: Sum(rhs),rhsMax =  -5.65654941169669E-04  1.94115724483632E+00
 cg2d: Sum(rhs),rhsMax =  -5.65652638357506E-04  1.94116514805485E+00
 cg2d: Sum(rhs),rhsMax =  -5.65650521991756E-04  1.94117241091755E+00
 cg2d: Sum(rhs),rhsMax =  -5.65648592939283E-04  1.94117903354557E+00
 cg2d: Sum(rhs),rhsMax =  -5.65646848841084E-04  1.94118501675528E+00
 cg2d: Sum(rhs),rhsMax =  -5.65645290521388E-04  1.94119036233527E+00
 cg2d: Sum(rhs),rhsMax =  -5.65643918250203E-04  1.94119507275442E+00
 cg2d: Sum(rhs),rhsMax =  -5.65642729966953E-04  1.94119915143732E+00
 cg2d: Sum(rhs),rhsMax =  -5.65641723937915E-04  1.94120260244929E+00
 cg2d: Sum(rhs),rhsMax =  -5.65640900234143E-04  1.94120543077114E+00
 cg2d: Sum(rhs),rhsMax =  -5.65640256340316E-04  1.94120764196172E+00
 cg2d: Sum(rhs),rhsMax =  -5.65639789712691E-04  1.94120924243283E+00
 cg2d: Sum(rhs),rhsMax =  -5.65639499384929E-04  1.94121023909049E+00
 cg2d: Sum(rhs),rhsMax =  -5.65639382429595E-04  1.94121063961077E+00
 cg2d: Sum(rhs),rhsMax =  -5.65639437255072E-04  1.94121045206187E+00
 cg2d: Sum(rhs),rhsMax =  -5.65639660990769E-04  1.94120968518137E+00
 cg2d: Sum(rhs),rhsMax =  -5.65640049870808E-04  1.94120834798155E+00
 cg2d: Sum(rhs),rhsMax =  -5.65640603070960E-04  1.94120645002890E+00
 cg2d: Sum(rhs),rhsMax =  -5.65641317123777E-04  1.94120400103542E+00
 cg2d: Sum(rhs),rhsMax =  -5.65642187893900E-04  1.94120101114115E+00
 cg2d: Sum(rhs),rhsMax =  -5.65643213917610E-04  1.94119749049456E+00
 cg2d: Sum(rhs),rhsMax =  -5.65644391031128E-04  1.94119344953873E+00
 cg2d: Sum(rhs),rhsMax =  -5.65645717514940E-04  1.94118889858432E+00
 cg2d: Sum(rhs),rhsMax =  -5.65647188892626E-04  1.94118384810007E+00
 cg2d: Sum(rhs),rhsMax =  -5.65648803572572E-04  1.94117830828163E+00
 cg2d: Sum(rhs),rhsMax =  -5.65650557462050E-04  1.94117228934719E+00
 cg2d: Sum(rhs),rhsMax =  -5.65652448884180E-04  1.94116580110567E+00
 cg2d: Sum(rhs),rhsMax =  -5.65654472396204E-04  1.94115885325779E+00
 cg2d: Sum(rhs),rhsMax =  -5.65656628950251E-04  1.94115145496725E+00
 cg2d: Sum(rhs),rhsMax =  -5.65658913146194E-04  1.94114361516758E+00
 cg2d: Sum(rhs),rhsMax =  -5.65661323918221E-04  1.94113534213954E+00
 cg2d: Sum(rhs),rhsMax =  -5.65663858623111E-04  1.94112664382396E+00
 cg2d: Sum(rhs),rhsMax =  -5.65666515697671E-04  1.94111752740846E+00
 cg2d: Sum(rhs),rhsMax =  -5.65669292299731E-04  1.94110799964632E+00
 cg2d: Sum(rhs),rhsMax =  -5.65672186596089E-04  1.94109806645517E+00
 cg2d: Sum(rhs),rhsMax =  -5.65675197691462E-04  1.94108773324181E+00
 cg2d: Sum(rhs),rhsMax =  -5.65678324889518E-04  1.94107700451526E+00
 cg2d: Sum(rhs),rhsMax =  -5.65681564779652E-04  1.94106588421711E+00
 cg2d: Sum(rhs),rhsMax =  -5.65684919195064E-04  1.94105437535077E+00
 cg2d: Sum(rhs),rhsMax =  -5.65688386259922E-04  1.94104248031714E+00
 cg2d: Sum(rhs),rhsMax =  -5.65691964553139E-04  1.94103020056114E+00
 cg2d: Sum(rhs),rhsMax =  -5.65695655282639E-04  1.94101753691230E+00
 cg2d: Sum(rhs),rhsMax =  -5.65699457951041E-04  1.94100448924920E+00
 cg2d: Sum(rhs),rhsMax =  -5.65703372586768E-04  1.94099105684454E+00
 cg2d: Sum(rhs),rhsMax =  -5.65707400014048E-04  1.94097723804746E+00
 cg2d: Sum(rhs),rhsMax =  -5.65711541625546E-04  1.94096303063253E+00
 cg2d: Sum(rhs),rhsMax =  -5.65715796113864E-04  1.94094843149951E+00
 cg2d: Sum(rhs),rhsMax =  -5.65720166051165E-04  1.94093343702556E+00
 cg2d: Sum(rhs),rhsMax =  -5.65724653455391E-04  1.94091804278131E+00
 cg2d: Sum(rhs),rhsMax =  -5.65729258767078E-04  1.94090224388572E+00
 cg2d: Sum(rhs),rhsMax =  -5.65733983393102E-04  1.94088603473675E+00
 cg2d: Sum(rhs),rhsMax =  -5.65738829095608E-04  1.94086940936854E+00
 cg2d: Sum(rhs),rhsMax =  -5.65743798674134E-04  1.94085236119416E+00
 cg2d: Sum(rhs),rhsMax =  -5.65748893251339E-04  1.94083488336469E+00
 cg2d: Sum(rhs),rhsMax =  -5.65754115925188E-04  1.94081696852155E+00
 cg2d: Sum(rhs),rhsMax =  -5.65759467164639E-04  1.94079860915701E+00
 cg2d: Sum(rhs),rhsMax =  -5.65764951431902E-04  1.94077979737300E+00
 cg2d: Sum(rhs),rhsMax =  -5.65770569437518E-04  1.94076052524275E+00
 cg2d: Sum(rhs),rhsMax =  -5.65776324506828E-04  1.94074078457293E+00
 cg2d: Sum(rhs),rhsMax =  -5.65782218075128E-04  1.94072056726596E+00
 cg2d: Sum(rhs),rhsMax =  -5.65788253396704E-04  1.94069986508222E+00
 cg2d: Sum(rhs),rhsMax =  -5.65794432858979E-04  1.94067867000279E+00
 cg2d: Sum(rhs),rhsMax =  -5.65800758721480E-04  1.94065697398823E+00
 cg2d: Sum(rhs),rhsMax =  -5.65807232135285E-04  1.94063476934173E+00
 cg2d: Sum(rhs),rhsMax =  -5.65813856653108E-04  1.94061204846104E+00
 cg2d: Sum(rhs),rhsMax =  -5.65820634022884E-04  1.94058880420188E+00
 cg2d: Sum(rhs),rhsMax =  -5.65827566390453E-04  1.94056502962001E+00
 cg2d: Sum(rhs),rhsMax =  -5.65834654565833E-04  1.94054071833469E+00
 cg2d: Sum(rhs),rhsMax =  -5.65841902158581E-04  1.94051586425819E+00
 cg2d: Sum(rhs),rhsMax =  -5.65849309921873E-04  1.94049046195912E+00
 cg2d: Sum(rhs),rhsMax =  -5.65856878012028E-04  1.94046450637703E+00
 cg2d: Sum(rhs),rhsMax =  -5.65864609484379E-04  1.94043799318545E+00
 cg2d: Sum(rhs),rhsMax =  -5.65872505248421E-04  1.94041091848974E+00
 cg2d: Sum(rhs),rhsMax =  -5.65880565687849E-04  1.94038327918970E+00
 cg2d: Sum(rhs),rhsMax =  -5.65888791399516E-04  1.94035507265940E+00
 cg2d: Sum(rhs),rhsMax =  -5.65897184685582E-04  1.94032629710907E+00
 cg2d: Sum(rhs),rhsMax =  -5.65905743627582E-04  1.94029695124620E+00
 cg2d: Sum(rhs),rhsMax =  -5.65914468566575E-04  1.94026703463661E+00
 cg2d: Sum(rhs),rhsMax =  -5.65923360539955E-04  1.94023654734666E+00
 cg2d: Sum(rhs),rhsMax =  -5.65932419732462E-04  1.94020549030320E+00
 cg2d: Sum(rhs),rhsMax =  -5.65941643998258E-04  1.94017386491747E+00
 cg2d: Sum(rhs),rhsMax =  -5.65951034587897E-04  1.94014167344363E+00
 cg2d: Sum(rhs),rhsMax =  -5.65960589241854E-04  1.94010891858558E+00
 cg2d: Sum(rhs),rhsMax =  -5.65970308329611E-04  1.94007560385359E+00
 cg2d: Sum(rhs),rhsMax =  -5.65980189662696E-04  1.94004173315577E+00
 cg2d: Sum(rhs),rhsMax =  -5.65990231578439E-04  1.94000731115273E+00
 cg2d: Sum(rhs),rhsMax =  -5.66000433579461E-04  1.93997234283554E+00
 cg2d: Sum(rhs),rhsMax =  -5.66010794372573E-04  1.93993683387824E+00
 cg2d: Sum(rhs),rhsMax =  -5.66021310703491E-04  1.93990079020496E+00
 cg2d: Sum(rhs),rhsMax =  -5.66031981577453E-04  1.93986421833996E+00
 cg2d: Sum(rhs),rhsMax =  -5.66042805303368E-04  1.93982712496675E+00
 cg2d: Sum(rhs),rhsMax =  -5.66053779635922E-04  1.93978951727542E+00
 cg2d: Sum(rhs),rhsMax =  -5.66064901860841E-04  1.93975140251696E+00
 cg2d: Sum(rhs),rhsMax =  -5.66076170699148E-04  1.93971278834771E+00
 cg2d: Sum(rhs),rhsMax =  -5.66087584047636E-04  1.93967368238189E+00
 cg2d: Sum(rhs),rhsMax =  -5.66099137813580E-04  1.93963409253328E+00
 cg2d: Sum(rhs),rhsMax =  -5.66110831584865E-04  1.93959402656920E+00
 cg2d: Sum(rhs),rhsMax =  -5.66122662505109E-04  1.93955349244912E+00
 cg2d: Sum(rhs),rhsMax =  -5.66134629295334E-04  1.93951249788342E+00
 cg2d: Sum(rhs),rhsMax =  -5.66146727038586E-04  1.93947105066895E+00
 cg2d: Sum(rhs),rhsMax =  -5.66158955862761E-04  1.93942915825552E+00
 cg2d: Sum(rhs),rhsMax =  -5.66171313650443E-04  1.93938682793253E+00
 cg2d: Sum(rhs),rhsMax =  -5.66183797317876E-04  1.93934406651487E+00
 cg2d: Sum(rhs),rhsMax =  -5.66196405046071E-04  1.93930088113756E+00
 cg2d: Sum(rhs),rhsMax =  -5.66209135612894E-04  1.93925727843622E+00
 cg2d: Sum(rhs),rhsMax =  -5.66221986858295E-04  1.93921326470662E+00
 cg2d: Sum(rhs),rhsMax =  -5.66234956565381E-04  1.93916884549743E+00
 cg2d: Sum(rhs),rhsMax =  -5.66248044336248E-04  1.93912402600407E+00
 cg2d: Sum(rhs),rhsMax =  -5.66261248607702E-04  1.93907881079982E+00
 cg2d: Sum(rhs),rhsMax =  -5.66274566978109E-04  1.93903320420117E+00
 cg2d: Sum(rhs),rhsMax =  -5.66287998850612E-04  1.93898720988863E+00
 cg2d: Sum(rhs),rhsMax =  -5.66301544438375E-04  1.93894083120516E+00
 cg2d: Sum(rhs),rhsMax =  -5.66315202078727E-04  1.93889407078931E+00
 cg2d: Sum(rhs),rhsMax =  -5.66328971373764E-04  1.93884693089301E+00
 cg2d: Sum(rhs),rhsMax =  -5.66342851442414E-04  1.93879941305014E+00
 cg2d: Sum(rhs),rhsMax =  -5.66356842355731E-04  1.93875151840169E+00
 cg2d: Sum(rhs),rhsMax =  -5.66370943502648E-04  1.93870324738277E+00
 cg2d: Sum(rhs),rhsMax =  -5.66385155551075E-04  1.93865460004688E+00
 cg2d: Sum(rhs),rhsMax =  -5.66399478458379E-04  1.93860557576792E+00
 cg2d: Sum(rhs),rhsMax =  -5.66413913091424E-04  1.93855617356364E+00
 cg2d: Sum(rhs),rhsMax =  -5.66428458483870E-04  1.93850639181145E+00
 cg2d: Sum(rhs),rhsMax =  -5.66443116781556E-04  1.93845622857153E+00
 cg2d: Sum(rhs),rhsMax =  -5.66457887686056E-04  1.93840568131513E+00
 cg2d: Sum(rhs),rhsMax =  -5.66472772504767E-04  1.93835474724825E+00
 cg2d: Sum(rhs),rhsMax =  -5.66487771720858E-04  1.93830342305105E+00
 cg2d: Sum(rhs),rhsMax =  -5.66502887181741E-04  1.93825170520286E+00
 cg2d: Sum(rhs),rhsMax =  -5.66518119939019E-04  1.93819958973050E+00
 cg2d: Sum(rhs),rhsMax =  -5.66533470319541E-04  1.93814707253477E+00
 cg2d: Sum(rhs),rhsMax =  -5.66548943098155E-04  1.93809414181416E+00
 cg2d: Sum(rhs),rhsMax =  -5.66564531425229E-04  1.93804081803470E+00
 cg2d: Sum(rhs),rhsMax =  -5.66580245390469E-04  1.93798706641478E+00
 cg2d: Sum(rhs),rhsMax =  -5.66596083288573E-04  1.93793289543594E+00
 cg2d: Sum(rhs),rhsMax =  -5.66612045048487E-04  1.93787830035579E+00
 cg2d: Sum(rhs),rhsMax =  -5.66628134592406E-04  1.93782327538421E+00
 cg2d: Sum(rhs),rhsMax =  -5.66644351934542E-04  1.93776781534544E+00
 cg2d: Sum(rhs),rhsMax =  -5.66660698879673E-04  1.93771191547664E+00
 cg2d: Sum(rhs),rhsMax =  -5.66677176209396E-04  1.93765557105815E+00
 cg2d: Sum(rhs),rhsMax =  -5.66693786325345E-04  1.93759877764857E+00
 cg2d: Sum(rhs),rhsMax =  -5.66710529412262E-04  1.93754153087956E+00
 cg2d: Sum(rhs),rhsMax =  -5.66727408184420E-04  1.93748382672176E+00
 cg2d: Sum(rhs),rhsMax =  -5.66744421803378E-04  1.93742566125761E+00
 cg2d: Sum(rhs),rhsMax =  -5.66761573523422E-04  1.93736703098585E+00
 cg2d: Sum(rhs),rhsMax =  -5.66778865575657E-04  1.93730792519385E+00
 cg2d: Sum(rhs),rhsMax =  -5.66796290598859E-04  1.93724836625015E+00
 cg2d: Sum(rhs),rhsMax =  -5.66813858370097E-04  1.93718832132657E+00
 cg2d: Sum(rhs),rhsMax =  -5.66831566629844E-04  1.93712780180544E+00
 cg2d: Sum(rhs),rhsMax =  -5.66849415676529E-04  1.93706680607089E+00
 cg2d: Sum(rhs),rhsMax =  -5.66867405112248E-04  1.93700533195126E+00
 cg2d: Sum(rhs),rhsMax =  -5.66885537168105E-04  1.93694337830994E+00
 cg2d: Sum(rhs),rhsMax =  -5.66903810351960E-04  1.93688094480452E+00
 cg2d: Sum(rhs),rhsMax =  -5.66922224919608E-04  1.93681803146974E+00
 cg2d: Sum(rhs),rhsMax =  -5.66940780927894E-04  1.93675463892483E+00
 cg2d: Sum(rhs),rhsMax =  -5.66959478462081E-04  1.93669076811125E+00
 cg2d: Sum(rhs),rhsMax =  -5.66978316726363E-04  1.93662642053019E+00
 cg2d: Sum(rhs),rhsMax =  -5.66997296715499E-04  1.93656159051980E+00
 cg2d: Sum(rhs),rhsMax =  -5.67016412233556E-04  1.93649630574857E+00
 cg2d: Sum(rhs),rhsMax =  -5.67035669931215E-04  1.93643053834812E+00
 cg2d: Sum(rhs),rhsMax =  -5.67055065417321E-04  1.93636430503633E+00
 cg2d: Sum(rhs),rhsMax =  -5.67074597171313E-04  1.93629760926654E+00
 cg2d: Sum(rhs),rhsMax =  -5.67094265662149E-04  1.93623045390729E+00
 cg2d: Sum(rhs),rhsMax =  -5.67114069127683E-04  1.93616284276805E+00
 cg2d: Sum(rhs),rhsMax =  -5.67134005251546E-04  1.93609478028465E+00
(PID.TID 0000.0001) Did not write pickup because writePickupAtEnd = FALSE
(PID.TID 0000.0001)   early fc =  0.000000000000000D+00
 --> objf_test(bi,bj)        =  0.189842916049817D+00
(PID.TID 0000.0001)   local fc =  0.189842916049817D+00
(PID.TID 0000.0001)  global fc =  0.322548012011884D+00
(PID.TID 0000.0001) grdchk perturb(+)fc: fcpertplus  =  3.22548012011884E-01
(PID.TID 0000.0001)  nRecords = 108 ; filePrec =  64 ; fileIter =   3111120
(PID.TID 0000.0001)     nDims =   2 , dims:
(PID.TID 0000.0001)    1:  62   1  62
(PID.TID 0000.0001)    2:  62   1  62
(PID.TID 0000.0001)     nFlds =  10 , nFl3D =   7 , fields:
(PID.TID 0000.0001)  >Uvel    < >Vvel    < >Theta   < >Salt    < >GuNm1   < >GvNm1   < >GtNm1   < >EtaN    < >dEtaHdt < >EtaH    <
(PID.TID 0000.0001) missingVal=  1.00000000000000E+00 ; nTimRec =   1 , timeList:
(PID.TID 0000.0001)   3.733344000000E+09
(PID.TID 0000.0001) READ_MFLDS_3D_RL: read field: "Uvel    ", #   1 in fldList, rec=   1
(PID.TID 0000.0001) READ_MFLDS_3D_RL: read field: "Vvel    ", #   2 in fldList, rec=   2
(PID.TID 0000.0001) READ_MFLDS_3D_RL: read field: "Theta   ", #   3 in fldList, rec=   3
(PID.TID 0000.0001) READ_MFLDS_3D_RL: read field: "Salt    ", #   4 in fldList, rec=   4
(PID.TID 0000.0001) READ_MFLDS_3D_RL: read field: "GuNm1   ", #   5 in fldList, rec=   5
(PID.TID 0000.0001) READ_MFLDS_3D_RL: read field: "GvNm1   ", #   6 in fldList, rec=   6
(PID.TID 0000.0001) READ_MFLDS_3D_RL: read field: "GtNm1   ", #   7 in fldList, rec=   7
(PID.TID 0000.0001) READ_MFLDS_3D_RL: read field: "EtaN    ", #   8 in fldList, rec= 106
(PID.TID 0000.0001) READ_MFLDS_3D_RL: read field: "dEtaHdt ", #   9 in fldList, rec= 107
(PID.TID 0000.0001) READ_MFLDS_CHECK: - normal end ; reset MFLDS file-name: pickup.0003111120
(PID.TID 0000.0001) // =======================================================
(PID.TID 0000.0001) // Model current state
(PID.TID 0000.0001) // =======================================================
(PID.TID 0000.0001) 
(PID.TID 0000.0001) SOLVE_FOR_PRESSURE: putPmEinXvector =    F
 cg2d: Sum(rhs),rhsMax =   5.49285265435628E-04  1.99900718163814E+00
 cg2d: Sum(rhs),rhsMax =   5.49309984819502E-04  1.99891722406066E+00
 cg2d: Sum(rhs),rhsMax =   5.49334920108890E-04  1.99882649000600E+00
 cg2d: Sum(rhs),rhsMax =   5.49360067793714E-04  1.99873498961300E+00
 cg2d: Sum(rhs),rhsMax =   5.49385437722094E-04  1.99864269327648E+00
 cg2d: Sum(rhs),rhsMax =   5.49411024508117E-04  1.99854961160426E+00
 cg2d: Sum(rhs),rhsMax =   5.49436831008165E-04  1.99845574368290E+00
 cg2d: Sum(rhs),rhsMax =   5.49462858913330E-04  1.99836107439429E+00
 cg2d: Sum(rhs),rhsMax =   5.49489115414303E-04  1.99826558816378E+00
 cg2d: Sum(rhs),rhsMax =   5.49515602159545E-04  1.99816927170286E+00
 cg2d: Sum(rhs),rhsMax =   5.49542320641194E-04  1.99807212137008E+00
 cg2d: Sum(rhs),rhsMax =   5.49569266780736E-04  1.99797415087631E+00
 cg2d: Sum(rhs),rhsMax =   5.49596432591670E-04  1.99787539401611E+00
 cg2d: Sum(rhs),rhsMax =   5.49623804403154E-04  1.99777589973599E+00
 cg2d: Sum(rhs),rhsMax =   5.49651367109050E-04  1.99767571925392E+00
 cg2d: Sum(rhs),rhsMax =   5.49679111685464E-04  1.99757488933395E+00
 cg2d: Sum(rhs),rhsMax =   5.49707034551261E-04  1.99747341878486E+00
 cg2d: Sum(rhs),rhsMax =   5.49735144417696E-04  1.99737128403658E+00
 cg2d: Sum(rhs),rhsMax =   5.49763452113439E-04  1.99726843556294E+00
 cg2d: Sum(rhs),rhsMax =   5.49791976695246E-04  1.99716481239278E+00
 cg2d: Sum(rhs),rhsMax =   5.49820732715034E-04  1.99706035904741E+00
 cg2d: Sum(rhs),rhsMax =   5.49849730603569E-04  1.99695503903832E+00
 cg2d: Sum(rhs),rhsMax =   5.49878972947226E-04  1.99684884118080E+00
 cg2d: Sum(rhs),rhsMax =   5.49908457330162E-04  1.99674177807633E+00
 cg2d: Sum(rhs),rhsMax =   5.49938174074782E-04  1.99663387874577E+00
 cg2d: Sum(rhs),rhsMax =   5.49968115493016E-04  1.99652517870191E+00
 cg2d: Sum(rhs),rhsMax =   5.49998271409891E-04  1.99641571064812E+00
 cg2d: Sum(rhs),rhsMax =   5.50028635686317E-04  1.99630549797167E+00
 cg2d: Sum(rhs),rhsMax =   5.50059205806974E-04  1.99619455189080E+00
 cg2d: Sum(rhs),rhsMax =   5.50089981743440E-04  1.99608287198311E+00
 cg2d: Sum(rhs),rhsMax =   5.50120964902590E-04  1.99597044913195E+00
 cg2d: Sum(rhs),rhsMax =   5.50152161409301E-04  1.99585726966745E+00
 cg2d: Sum(rhs),rhsMax =   5.50183572755714E-04  1.99574331951857E+00
 cg2d: Sum(rhs),rhsMax =   5.50215203702464E-04  1.99562858747033E+00
 cg2d: Sum(rhs),rhsMax =   5.50247055954856E-04  1.99551306705742E+00
 cg2d: Sum(rhs),rhsMax =   5.50279129143405E-04  1.99539675706449E+00
 cg2d: Sum(rhs),rhsMax =   5.50311423353378E-04  1.99527966090662E+00
 cg2d: Sum(rhs),rhsMax =   5.50343936168929E-04  1.99516178530673E+00
 cg2d: Sum(rhs),rhsMax =   5.50376665401586E-04  1.99504313871498E+00
 cg2d: Sum(rhs),rhsMax =   5.50409608777613E-04  1.99492372984065E+00
 cg2d: Sum(rhs),rhsMax =   5.50442764577497E-04  1.99480356653938E+00
 cg2d: Sum(rhs),rhsMax =   5.50476130555921E-04  1.99468265515176E+00
 cg2d: Sum(rhs),rhsMax =   5.50509706201296E-04  1.99456100026376E+00
 cg2d: Sum(rhs),rhsMax =   5.50543493275768E-04  1.99443859447659E+00
 cg2d: Sum(rhs),rhsMax =   5.50577484347059E-04  1.99431546323780E+00
 cg2d: Sum(rhs),rhsMax =   5.50611683351576E-04  1.99419159199749E+00
 cg2d: Sum(rhs),rhsMax =   5.50646092364104E-04  1.99406698041522E+00
 cg2d: Sum(rhs),rhsMax =   5.50680709295648E-04  1.99394162789826E+00
 cg2d: Sum(rhs),rhsMax =   5.50715536647317E-04  1.99381553254099E+00
 cg2d: Sum(rhs),rhsMax =   5.50750573594883E-04  1.99368869227805E+00
 cg2d: Sum(rhs),rhsMax =   5.50785820365718E-04  1.99356110528071E+00
 cg2d: Sum(rhs),rhsMax =   5.50821276945612E-04  1.99343278041969E+00
 cg2d: Sum(rhs),rhsMax =   5.50856948819956E-04  1.99330369346780E+00
 cg2d: Sum(rhs),rhsMax =   5.50892832166028E-04  1.99317385592867E+00
 cg2d: Sum(rhs),rhsMax =   5.50928927566474E-04  1.99304326614927E+00
 cg2d: Sum(rhs),rhsMax =   5.50965236982393E-04  1.99291192231796E+00
 cg2d: Sum(rhs),rhsMax =   5.51001759646397E-04  1.99277982380888E+00
 cg2d: Sum(rhs),rhsMax =   5.51038496141132E-04  1.99264697025605E+00
 cg2d: Sum(rhs),rhsMax =   5.51075446509230E-04  1.99251336128135E+00
 cg2d: Sum(rhs),rhsMax =   5.51112610352789E-04  1.99237899657960E+00
 cg2d: Sum(rhs),rhsMax =   5.51149988964994E-04  1.99224387604880E+00
 cg2d: Sum(rhs),rhsMax =   5.51187581166346E-04  1.99210799984005E+00
 cg2d: Sum(rhs),rhsMax =   5.51225387553700E-04  1.99197136837185E+00
 cg2d: Sum(rhs),rhsMax =   5.51263408354430E-04  1.99183398227744E+00
 cg2d: Sum(rhs),rhsMax =   5.51301643099578E-04  1.99169584241063E+00
 cg2d: Sum(rhs),rhsMax =   5.51340091547559E-04  1.99155694979717E+00
 cg2d: Sum(rhs),rhsMax =   5.51378752660980E-04  1.99141730567162E+00
 cg2d: Sum(rhs),rhsMax =   5.51417627306705E-04  1.99127691143074E+00
 cg2d: Sum(rhs),rhsMax =   5.51456714404708E-04  1.99113576863859E+00
 cg2d: Sum(rhs),rhsMax =   5.51496014722375E-04  1.99099387893899E+00
 cg2d: Sum(rhs),rhsMax =   5.51535526909674E-04  1.99085124398726E+00
 cg2d: Sum(rhs),rhsMax =   5.51575250881342E-04  1.99070786533287E+00
 cg2d: Sum(rhs),rhsMax =   5.51615186196841E-04  1.99056374434458E+00
 cg2d: Sum(rhs),rhsMax =   5.51655332074574E-04  1.99041888214208E+00
 cg2d: Sum(rhs),rhsMax =   5.51695690390375E-04  1.99027327958086E+00
 cg2d: Sum(rhs),rhsMax =   5.51736258074698E-04  1.99012693726062E+00
 cg2d: Sum(rhs),rhsMax =   5.51777038097612E-04  1.98997985557356E+00
 cg2d: Sum(rhs),rhsMax =   5.51818028654338E-04  1.98983203476741E+00
 cg2d: Sum(rhs),rhsMax =   5.51859229148022E-04  1.98968347502266E+00
 cg2d: Sum(rhs),rhsMax =   5.51900641994507E-04  1.98953417652502E+00
 cg2d: Sum(rhs),rhsMax =   5.51942266099559E-04  1.98938413952833E+00
 cg2d: Sum(rhs),rhsMax =   5.51984100667369E-04  1.98923336439905E+00
 cg2d: Sum(rhs),rhsMax =   5.52026146777962E-04  1.98908185163949E+00
 cg2d: Sum(rhs),rhsMax =   5.52068403493422E-04  1.98892960188942E+00
 cg2d: Sum(rhs),rhsMax =   5.52110870856382E-04  1.98877661590574E+00
 cg2d: Sum(rhs),rhsMax =   5.52153549691070E-04  1.98862289452609E+00
 cg2d: Sum(rhs),rhsMax =   5.52196438690089E-04  1.98846843861864E+00
 cg2d: Sum(rhs),rhsMax =   5.52239538109234E-04  1.98831324902762E+00
 cg2d: Sum(rhs),rhsMax =   5.52282847962715E-04  1.98815732651777E+00
 cg2d: Sum(rhs),rhsMax =   5.52326367852629E-04  1.98800067172752E+00
 cg2d: Sum(rhs),rhsMax =   5.52370098091615E-04  1.98784328513227E+00
 cg2d: Sum(rhs),rhsMax =   5.52414038139659E-04  1.98768516702491E+00
 cg2d: Sum(rhs),rhsMax =   5.52458188792571E-04  1.98752631751186E+00
 cg2d: Sum(rhs),rhsMax =   5.52502549567180E-04  1.98736673652850E+00
 cg2d: Sum(rhs),rhsMax =   5.52547121870361E-04  1.98720642386908E+00
 cg2d: Sum(rhs),rhsMax =   5.52591904323663E-04  1.98704537923288E+00
 cg2d: Sum(rhs),rhsMax =   5.52636897424463E-04  1.98688360227902E+00
 cg2d: Sum(rhs),rhsMax =   5.52682102238577E-04  1.98672109269071E+00
 cg2d: Sum(rhs),rhsMax =   5.52727517870721E-04  1.98655785023947E+00
 cg2d: Sum(rhs),rhsMax =   5.52773145599872E-04  1.98639387485016E+00
 cg2d: Sum(rhs),rhsMax =   5.52818984203896E-04  1.98622916665785E+00
 cg2d: Sum(rhs),rhsMax =   5.52865033924377E-04  1.98606372605718E+00
 cg2d: Sum(rhs),rhsMax =   5.52911296225034E-04  1.98589755373631E+00
 cg2d: Sum(rhs),rhsMax =   5.52957768988449E-04  1.98573065069868E+00
 cg2d: Sum(rhs),rhsMax =   5.53004452640948E-04  1.98556301826623E+00
 cg2d: Sum(rhs),rhsMax =   5.53051346912525E-04  1.98539465806905E+00
 cg2d: Sum(rhs),rhsMax =   5.53098451746337E-04  1.98522557201698E+00
 cg2d: Sum(rhs),rhsMax =   5.53145765991303E-04  1.98505576225951E+00
 cg2d: Sum(rhs),rhsMax =   5.53193289533738E-04  1.98488523113139E+00
 cg2d: Sum(rhs),rhsMax =   5.53241021478357E-04  1.98471398109146E+00
 cg2d: Sum(rhs),rhsMax =   5.53288961540943E-04  1.98454201465335E+00
 cg2d: Sum(rhs),rhsMax =   5.53337108911478E-04  1.98436933431637E+00
 cg2d: Sum(rhs),rhsMax =   5.53385462481515E-04  1.98419594249568E+00
 cg2d: Sum(rhs),rhsMax =   5.53434022776855E-04  1.98402184146002E+00
 cg2d: Sum(rhs),rhsMax =   5.53482789271698E-04  1.98384703327611E+00
 cg2d: Sum(rhs),rhsMax =   5.53531761454451E-04  1.98367151976666E+00
 cg2d: Sum(rhs),rhsMax =   5.53580938301934E-04  1.98349530248036E+00
 cg2d: Sum(rhs),rhsMax =   5.53630319487297E-04  1.98331838267912E+00
 cg2d: Sum(rhs),rhsMax =   5.53679905749505E-04  1.98314076133889E+00
 cg2d: Sum(rhs),rhsMax =   5.53729696704863E-04  1.98296243916792E+00
 cg2d: Sum(rhs),rhsMax =   5.53779691884415E-04  1.98278341663639E+00
 cg2d: Sum(rhs),rhsMax =   5.53829892311342E-04  1.98260369402004E+00
 cg2d: Sum(rhs),rhsMax =   5.53880296749298E-04  1.98242327145016E+00
 cg2d: Sum(rhs),rhsMax =   5.53930906107780E-04  1.98224214897133E+00
 cg2d: Sum(rhs),rhsMax =   5.53981720855745E-04  1.98206032659925E+00
 cg2d: Sum(rhs),rhsMax =   5.54032739444210E-04  1.98187780437965E+00
 cg2d: Sum(rhs),rhsMax =   5.54083964203755E-04  1.98169458244042E+00
 cg2d: Sum(rhs),rhsMax =   5.54135393727506E-04  1.98151066103919E+00
 cg2d: Sum(rhs),rhsMax =   5.54187028384945E-04  1.98132604059941E+00
 cg2d: Sum(rhs),rhsMax =   5.54238867664480E-04  1.98114072173825E+00
 cg2d: Sum(rhs),rhsMax =   5.54290912049282E-04  1.98095470528113E+00
 cg2d: Sum(rhs),rhsMax =   5.54343161169868E-04  1.98076799226715E+00
 cg2d: Sum(rhs),rhsMax =   5.54395614997816E-04  1.98058058394140E+00
 cg2d: Sum(rhs),rhsMax =   5.54448272055197E-04  1.98039248173990E+00
 cg2d: Sum(rhs),rhsMax =   5.54501134047314E-04  1.98020368726398E+00
 cg2d: Sum(rhs),rhsMax =   5.54554199325707E-04  1.98001420225045E+00
 cg2d: Sum(rhs),rhsMax =   5.54607467265100E-04  1.97982402853507E+00
 cg2d: Sum(rhs),rhsMax =   5.54660937723384E-04  1.97963316801574E+00
 cg2d: Sum(rhs),rhsMax =   5.54714611354257E-04  1.97944162261316E+00
 cg2d: Sum(rhs),rhsMax =   5.54768486011881E-04  1.97924939423476E+00
 cg2d: Sum(rhs),rhsMax =   5.54822562037316E-04  1.97905648473992E+00
 cg2d: Sum(rhs),rhsMax =   5.54876839942153E-04  1.97886289591119E+00
 cg2d: Sum(rhs),rhsMax =   5.54931317779506E-04  1.97866862942934E+00
 cg2d: Sum(rhs),rhsMax =   5.54985996032542E-04  1.97847368685598E+00
 cg2d: Sum(rhs),rhsMax =   5.55040874971269E-04  1.97827806962107E+00
 cg2d: Sum(rhs),rhsMax =   5.55095953075124E-04  1.97808177901843E+00
 cg2d: Sum(rhs),rhsMax =   5.55151230827278E-04  1.97788481620569E+00
 cg2d: Sum(rhs),rhsMax =   5.55206708000355E-04  1.97768718221152E+00
 cg2d: Sum(rhs),rhsMax =   5.55262384906996E-04  1.97748887794599E+00
 cg2d: Sum(rhs),rhsMax =   5.55318260282434E-04  1.97728990421654E+00
 cg2d: Sum(rhs),rhsMax =   5.55374335689862E-04  1.97709026174506E+00
 cg2d: Sum(rhs),rhsMax =   5.55430609665564E-04  1.97688995118867E+00
 cg2d: Sum(rhs),rhsMax =   5.55487082166906E-04  1.97668897315934E+00
 cg2d: Sum(rhs),rhsMax =   5.55543753819165E-04  1.97648732824523E+00
 cg2d: Sum(rhs),rhsMax =   5.55600624437602E-04  1.97628501702910E+00
 cg2d: Sum(rhs),rhsMax =   5.55657694704337E-04  1.97608204010673E+00
 cg2d: Sum(rhs),rhsMax =   5.55714962914067E-04  1.97587839810109E+00
 cg2d: Sum(rhs),rhsMax =   5.55772429621015E-04  1.97567409167563E+00
 cg2d: Sum(rhs),rhsMax =   5.55830095365195E-04  1.97546912154281E+00
 cg2d: Sum(rhs),rhsMax =   5.55887959208690E-04  1.97526348847152E+00
 cg2d: Sum(rhs),rhsMax =   5.55946021862042E-04  1.97505719328979E+00
 cg2d: Sum(rhs),rhsMax =   5.56004283410516E-04  1.97485023688712E+00
 cg2d: Sum(rhs),rhsMax =   5.56062742191443E-04  1.97464262021257E+00
 cg2d: Sum(rhs),rhsMax =   5.56121399270637E-04  1.97443434427346E+00
 cg2d: Sum(rhs),rhsMax =   5.56180254108085E-04  1.97422541013094E+00
 cg2d: Sum(rhs),rhsMax =   5.56239306419570E-04  1.97401581889705E+00
 cg2d: Sum(rhs),rhsMax =   5.56298556361412E-04  1.97380557172973E+00
 cg2d: Sum(rhs),rhsMax =   5.56358003535706E-04  1.97359466983014E+00
 cg2d: Sum(rhs),rhsMax =   5.56417647672447E-04  1.97338311443875E+00
 cg2d: Sum(rhs),rhsMax =   5.56477488004248E-04  1.97317090683407E+00
 cg2d: Sum(rhs),rhsMax =   5.56537525497447E-04  1.97295804833037E+00
 cg2d: Sum(rhs),rhsMax =   5.56597758802013E-04  1.97274454027814E+00
 cg2d: Sum(rhs),rhsMax =   5.56658188756387E-04  1.97253038406323E+00
 cg2d: Sum(rhs),rhsMax =   5.56718813626844E-04  1.97231558110827E+00
 cg2d: Sum(rhs),rhsMax =   5.56779634024451E-04  1.97210013287223E+00
 cg2d: Sum(rhs),rhsMax =   5.56840649267087E-04  1.97188404085159E+00
 cg2d: Sum(rhs),rhsMax =   5.56901859496861E-04  1.97166730657899E+00
 cg2d: Sum(rhs),rhsMax =   5.56963264671140E-04  1.97144993162276E+00
 cg2d: Sum(rhs),rhsMax =   5.57024863681477E-04  1.97123191758358E+00
 cg2d: Sum(rhs),rhsMax =   5.57086656300498E-04  1.97101326609148E+00
 cg2d: Sum(rhs),rhsMax =   5.57148642329253E-04  1.97079397879989E+00
 cg2d: Sum(rhs),rhsMax =   5.57210822194065E-04  1.97057405738005E+00
 cg2d: Sum(rhs),rhsMax =   5.57273194203844E-04  1.97035350351278E+00
 cg2d: Sum(rhs),rhsMax =   5.57335757889632E-04  1.97013231888108E+00
 cg2d: Sum(rhs),rhsMax =   5.57398514786200E-04  1.96991050516079E+00
 cg2d: Sum(rhs),rhsMax =   5.57461462648234E-04  1.96968806401280E+00
 cg2d: Sum(rhs),rhsMax =   5.57524602982085E-04  1.96946499707429E+00
 cg2d: Sum(rhs),rhsMax =   5.57587933030845E-04  1.96924130595247E+00
 cg2d: Sum(rhs),rhsMax =   5.57651454613506E-04  1.96901699221808E+00
 cg2d: Sum(rhs),rhsMax =   5.57715166308981E-04  1.96879205740223E+00
 cg2d: Sum(rhs),rhsMax =   5.57779068856235E-04  1.96856650299374E+00
 cg2d: Sum(rhs),rhsMax =   5.57843160095217E-04  1.96834033043975E+00
 cg2d: Sum(rhs),rhsMax =   5.57907441560701E-04  1.96811354114767E+00
 cg2d: Sum(rhs),rhsMax =   5.57971911945288E-04  1.96788613649009E+00
 cg2d: Sum(rhs),rhsMax =   5.58036571334242E-04  1.96765811781057E+00
 cg2d: Sum(rhs),rhsMax =   5.58101419585455E-04  1.96742948643204E+00
 cg2d: Sum(rhs),rhsMax =   5.58166456571030E-04  1.96720024366519E+00
 cg2d: Sum(rhs),rhsMax =   5.58231682745713E-04  1.96697039081857E+00
 cg2d: Sum(rhs),rhsMax =   5.58297095025750E-04  1.96673992920755E+00
 cg2d: Sum(rhs),rhsMax =   5.58362696366999E-04  1.96650886016450E+00
 cg2d: Sum(rhs),rhsMax =   5.58428485391005E-04  1.96627718504670E+00
 cg2d: Sum(rhs),rhsMax =   5.58494461287751E-04  1.96604490524445E+00
 cg2d: Sum(rhs),rhsMax =   5.58560623545645E-04  1.96581202218635E+00
 cg2d: Sum(rhs),rhsMax =   5.58626973912624E-04  1.96557853734386E+00
 cg2d: Sum(rhs),rhsMax =   5.58693509773889E-04  1.96534445223272E+00
 cg2d: Sum(rhs),rhsMax =   5.58760231925248E-04  1.96510976841333E+00
 cg2d: Sum(rhs),rhsMax =   5.58827139599316E-04  1.96487448748812E+00
 cg2d: Sum(rhs),rhsMax =   5.58894233137153E-04  1.96463861109803E+00
 cg2d: Sum(rhs),rhsMax =   5.58961511657685E-04  1.96440214091633E+00
 cg2d: Sum(rhs),rhsMax =   5.59028975189335E-04  1.96416507864206E+00
 cg2d: Sum(rhs),rhsMax =   5.59096622140487E-04  1.96392742599152E+00
 cg2d: Sum(rhs),rhsMax =   5.59164453591166E-04  1.96368918469014E+00
 cg2d: Sum(rhs),rhsMax =   5.59232469157678E-04  1.96345035646296E+00
 cg2d: Sum(rhs),rhsMax =   5.59300666964191E-04  1.96321094302647E+00
 cg2d: Sum(rhs),rhsMax =   5.59369048033886E-04  1.96297094607979E+00
 cg2d: Sum(rhs),rhsMax =   5.59437612352554E-04  1.96273036729763E+00
 cg2d: Sum(rhs),rhsMax =   5.59506358683848E-04  1.96248920832344E+00
 cg2d: Sum(rhs),rhsMax =   5.59575285791425E-04  1.96224747076467E+00
 cg2d: Sum(rhs),rhsMax =   5.59644395437431E-04  1.96200515618860E+00
 cg2d: Sum(rhs),rhsMax =   5.59713686556051E-04  1.96176226612049E+00
 cg2d: Sum(rhs),rhsMax =   5.59783158692539E-04  1.96151880204235E+00
 cg2d: Sum(rhs),rhsMax =   5.59852811264250E-04  1.96127476539417E+00
 cg2d: Sum(rhs),rhsMax =   5.59922643390109E-04  1.96103015757555E+00
 cg2d: Sum(rhs),rhsMax =   5.59992656249619E-04  1.96078497994946E+00
 cg2d: Sum(rhs),rhsMax =   5.60062849302767E-04  1.96053923384638E+00
 cg2d: Sum(rhs),rhsMax =   5.60133222165859E-04  1.96029292057009E+00
 cg2d: Sum(rhs),rhsMax =   5.60203774341517E-04  1.96004604140337E+00
 cg2d: Sum(rhs),rhsMax =   5.60274505232883E-04  1.95979859761503E+00
 cg2d: Sum(rhs),rhsMax =   5.60345415351549E-04  1.95955059046642E+00
 cg2d: Sum(rhs),rhsMax =   5.60416504370664E-04  1.95930202121882E+00
 cg2d: Sum(rhs),rhsMax =   5.60487771878115E-04  1.95905289113975E+00
 cg2d: Sum(rhs),rhsMax =   5.60559217348100E-04  1.95880320151000E+00
 cg2d: Sum(rhs),rhsMax =   5.60630841107468E-04  1.95855295362907E+00
 cg2d: Sum(rhs),rhsMax =   5.60702642872002E-04  1.95830214882097E+00
 cg2d: Sum(rhs),rhsMax =   5.60774621774840E-04  1.95805078843829E+00
 cg2d: Sum(rhs),rhsMax =   5.60846777787560E-04  1.95779887386622E+00
 cg2d: Sum(rhs),rhsMax =   5.60919110469627E-04  1.95754640652484E+00
 cg2d: Sum(rhs),rhsMax =   5.60991620645268E-04  1.95729338787120E+00
 cg2d: Sum(rhs),rhsMax =   5.61064306580761E-04  1.95703981939951E+00
 cg2d: Sum(rhs),rhsMax =   5.61137169299286E-04  1.95678570264124E+00
 cg2d: Sum(rhs),rhsMax =   5.61210207237650E-04  1.95653103916348E+00
 cg2d: Sum(rhs),rhsMax =   5.61283420935865E-04  1.95627583056712E+00
 cg2d: Sum(rhs),rhsMax =   5.61356809157587E-04  1.95602007848356E+00
 cg2d: Sum(rhs),rhsMax =   5.61430372300720E-04  1.95576378457144E+00
 cg2d: Sum(rhs),rhsMax =   5.61504110137889E-04  1.95550695051150E+00
 cg2d: Sum(rhs),rhsMax =   5.61578021645914E-04  1.95524957800402E+00
 cg2d: Sum(rhs),rhsMax =   5.61652106938482E-04  1.95499166876356E+00
 cg2d: Sum(rhs),rhsMax =   5.61726365418735E-04  1.95473322451486E+00
 cg2d: Sum(rhs),rhsMax =   5.61800797143519E-04  1.95447424698756E+00
 cg2d: Sum(rhs),rhsMax =   5.61875401544398E-04  1.95421473791192E+00
 cg2d: Sum(rhs),rhsMax =   5.61950177456083E-04  1.95395469901461E+00
 cg2d: Sum(rhs),rhsMax =   5.62025125702803E-04  1.95369413201585E+00
 cg2d: Sum(rhs),rhsMax =   5.62100244863473E-04  1.95343303862653E+00
 cg2d: Sum(rhs),rhsMax =   5.62175535890219E-04  1.95317142054653E+00
 cg2d: Sum(rhs),rhsMax =   5.62250997205638E-04  1.95290927946319E+00
 cg2d: Sum(rhs),rhsMax =   5.62326629093945E-04  1.95264661705092E+00
 cg2d: Sum(rhs),rhsMax =   5.62402430659859E-04  1.95238343497115E+00
 cg2d: Sum(rhs),rhsMax =   5.62478402642341E-04  1.95211973487337E+00
 cg2d: Sum(rhs),rhsMax =   5.62554543677152E-04  1.95185551839643E+00
 cg2d: Sum(rhs),rhsMax =   5.62630852641632E-04  1.95159078717083E+00
 cg2d: Sum(rhs),rhsMax =   5.62707331781098E-04  1.95132554282107E+00
 cg2d: Sum(rhs),rhsMax =   5.62783979191295E-04  1.95105978696875E+00
 cg2d: Sum(rhs),rhsMax =   5.62860794033782E-04  1.95079352123564E+00
 cg2d: Sum(rhs),rhsMax =   5.62937776450667E-04  1.95052674724711E+00
 cg2d: Sum(rhs),rhsMax =   5.63014926626693E-04  1.95025946663538E+00
 cg2d: Sum(rhs),rhsMax =   5.63092243041297E-04  1.94999168104294E+00
 cg2d: Sum(rhs),rhsMax =   5.63169726959245E-04  1.94972339212547E+00
 cg2d: Sum(rhs),rhsMax =   5.63247376092590E-04  1.94945460155474E+00
 cg2d: Sum(rhs),rhsMax =   5.63325192189268E-04  1.94918531102094E+00
 cg2d: Sum(rhs),rhsMax =   5.63403173146071E-04  1.94891552223467E+00
 cg2d: Sum(rhs),rhsMax =   5.63481320199344E-04  1.94864523692830E+00
 cg2d: Sum(rhs),rhsMax =   5.63559630904820E-04  1.94837445685699E+00
 cg2d: Sum(rhs),rhsMax =   5.63638106655162E-04  1.94810318379889E+00
 cg2d: Sum(rhs),rhsMax =   5.63716746441401E-04  1.94783141955504E+00
 cg2d: Sum(rhs),rhsMax =   5.63795549297197E-04  1.94755916594848E+00
 cg2d: Sum(rhs),rhsMax =   5.63874515805196E-04  1.94728642482301E+00
 cg2d: Sum(rhs),rhsMax =   5.63953645055904E-04  1.94701319804145E+00
 cg2d: Sum(rhs),rhsMax =   5.64032936281933E-04  1.94673948748346E+00
 cg2d: Sum(rhs),rhsMax =   5.64112390634364E-04  1.94646529504293E+00
 cg2d: Sum(rhs),rhsMax =   5.64192005441555E-04  1.94619062262533E+00
 cg2d: Sum(rhs),rhsMax =   5.64271781470893E-04  1.94591547214460E+00
 cg2d: Sum(rhs),rhsMax =   5.64351718125522E-04  1.94563984552016E+00
 cg2d: Sum(rhs),rhsMax =   5.64431814908062E-04  1.94536374467374E+00
 cg2d: Sum(rhs),rhsMax =   5.64512071946410E-04  1.94508717152633E+00
 cg2d: Sum(rhs),rhsMax =   5.64592488544235E-04  1.94481012799527E+00
 cg2d: Sum(rhs),rhsMax =   5.64673064062049E-04  1.94453261599152E+00
 cg2d: Sum(rhs),rhsMax =   5.64753797419826E-04  1.94425463741727E+00
 cg2d: Sum(rhs),rhsMax =   5.64834689342320E-04  1.94397619416371E+00
 cg2d: Sum(rhs),rhsMax =   5.64915738578975E-04  1.94369728810944E+00
 cg2d: Sum(rhs),rhsMax =   5.64996945655594E-04  1.94341792111889E+00
 cg2d: Sum(rhs),rhsMax =   5.65078309648470E-04  1.94313809504164E+00
 cg2d: Sum(rhs),rhsMax =   5.65159829449158E-04  1.94285781171160E+00
 cg2d: Sum(rhs),rhsMax =   5.65241505640302E-04  1.94257707294723E+00
 cg2d: Sum(rhs),rhsMax =   5.65323337525570E-04  1.94229588055148E+00
 cg2d: Sum(rhs),rhsMax =   5.65405325176016E-04  1.94201423631284E+00
 cg2d: Sum(rhs),rhsMax =   5.65487466857917E-04  1.94173214200591E+00
 cg2d: Sum(rhs),rhsMax =   5.65569763153917E-04  1.94144959939310E+00
 cg2d: Sum(rhs),rhsMax =   5.65652213481371E-04  1.94116661022578E+00
 cg2d: Sum(rhs),rhsMax =   5.65734817797647E-04  1.94088317624629E+00
 cg2d: Sum(rhs),rhsMax =   5.65817575363781E-04  1.94059929918941E+00
 cg2d: Sum(rhs),rhsMax =   5.65900485582915E-04  1.94031498078466E+00
 cg2d: Sum(rhs),rhsMax =   5.65983548639792E-04  1.94003022275761E+00
 cg2d: Sum(rhs),rhsMax =   5.66066764278617E-04  1.93974502683233E+00
 cg2d: Sum(rhs),rhsMax =   5.66150130538290E-04  1.93945939473241E+00
 cg2d: Sum(rhs),rhsMax =   5.66233649180958E-04  1.93917332818319E+00
 cg2d: Sum(rhs),rhsMax =   5.66317318202891E-04  1.93888682891231E+00
 cg2d: Sum(rhs),rhsMax =   5.66401138527795E-04  1.93859989865174E+00
 cg2d: Sum(rhs),rhsMax =   5.66485109004589E-04  1.93831253913770E+00
 cg2d: Sum(rhs),rhsMax =   5.66569229334846E-04  1.93802475211218E+00
 cg2d: Sum(rhs),rhsMax =   5.66653498864866E-04  1.93773653932243E+00
 cg2d: Sum(rhs),rhsMax =   5.66737917566229E-04  1.93744790252196E+00
 cg2d: Sum(rhs),rhsMax =   5.66822485495777E-04  1.93715884346949E+00
 cg2d: Sum(rhs),rhsMax =   5.66907201246636E-04  1.93686936392965E+00
 cg2d: Sum(rhs),rhsMax =   5.66992064847227E-04  1.93657946567138E+00
 cg2d: Sum(rhs),rhsMax =   5.67077076013334E-04  1.93628915046848E+00
 cg2d: Sum(rhs),rhsMax =   5.67162234005991E-04  1.93599842009771E+00
 cg2d: Sum(rhs),rhsMax =   5.67247539521532E-04  1.93570727633926E+00
 cg2d: Sum(rhs),rhsMax =   5.67332990883074E-04  1.93541572097473E+00
 cg2d: Sum(rhs),rhsMax =   5.67418588502733E-04  1.93512375578774E+00
 cg2d: Sum(rhs),rhsMax =   5.67504331371538E-04  1.93483138256190E+00
 cg2d: Sum(rhs),rhsMax =   5.67590219262115E-04  1.93453860308177E+00
 cg2d: Sum(rhs),rhsMax =   5.67676252288152E-04  1.93424541913099E+00
 cg2d: Sum(rhs),rhsMax =   5.67762429142249E-04  1.93395183249365E+00
 cg2d: Sum(rhs),rhsMax =   5.67848749810196E-04  1.93365784495266E+00
 cg2d: Sum(rhs),rhsMax =   5.67935214704107E-04  1.93336345829165E+00
 cg2d: Sum(rhs),rhsMax =   5.68021821649722E-04  1.93306867429365E+00
 cg2d: Sum(rhs),rhsMax =   5.68108571741277E-04  1.93277349474344E+00
 cg2d: Sum(rhs),rhsMax =   5.68195464282439E-04  1.93247792142648E+00
 cg2d: Sum(rhs),rhsMax =   5.68282498406347E-04  1.93218195613183E+00
 cg2d: Sum(rhs),rhsMax =   5.68369674283531E-04  1.93188560065110E+00
 cg2d: Sum(rhs),rhsMax =   5.68456991743460E-04  1.93158885678184E+00
 cg2d: Sum(rhs),rhsMax =   5.68544448867669E-04  1.93129172632645E+00
 cg2d: Sum(rhs),rhsMax =   5.68632045968798E-04  1.93099421109593E+00
 cg2d: Sum(rhs),rhsMax =   5.68719783927918E-04  1.93069631290853E+00
 cg2d: Sum(rhs),rhsMax =   5.68807660741300E-04  1.93039803359366E+00
 cg2d: Sum(rhs),rhsMax =   5.68895676593684E-04  1.93009937499034E+00
 cg2d: Sum(rhs),rhsMax =   5.68983831172432E-04  1.92980033895097E+00
 cg2d: Sum(rhs),rhsMax =   5.69072123425940E-04  1.92950092733941E+00
 cg2d: Sum(rhs),rhsMax =   5.69160553581582E-04  1.92920114203468E+00
 cg2d: Sum(rhs),rhsMax =   5.69249121127768E-04  1.92890098492832E+00
 cg2d: Sum(rhs),rhsMax =   5.69337825112370E-04  1.92860045792824E+00
 cg2d: Sum(rhs),rhsMax =   5.69426665251171E-04  1.92829956295509E+00
 cg2d: Sum(rhs),rhsMax =   5.69515641430485E-04  1.92799830194613E+00
 cg2d: Sum(rhs),rhsMax =   5.69604752968189E-04  1.92769667685087E+00
 cg2d: Sum(rhs),rhsMax =   5.69693999977972E-04  1.92739468963484E+00
 cg2d: Sum(rhs),rhsMax =   5.69783380484523E-04  1.92709234227446E+00
 cg2d: Sum(rhs),rhsMax =   5.69847497743581E-04  1.92687551369557E+00
 cg2d: Sum(rhs),rhsMax =   5.69810525675507E-04  1.92700053775190E+00
 cg2d: Sum(rhs),rhsMax =   5.69773713095856E-04  1.92712504077281E+00
 cg2d: Sum(rhs),rhsMax =   5.69737058782493E-04  1.92724902240152E+00
 cg2d: Sum(rhs),rhsMax =   5.69700564057030E-04  1.92737248228344E+00
 cg2d: Sum(rhs),rhsMax =   5.69664227541011E-04  1.92749542006889E+00
 cg2d: Sum(rhs),rhsMax =   5.69628050470783E-04  1.92761783540702E+00
 cg2d: Sum(rhs),rhsMax =   5.69592032434230E-04  1.92773972794902E+00
 cg2d: Sum(rhs),rhsMax =   5.69556173587671E-04  1.92786109734166E+00
 cg2d: Sum(rhs),rhsMax =   5.69520473632679E-04  1.92798194323126E+00
 cg2d: Sum(rhs),rhsMax =   5.69484933080844E-04  1.92810226525678E+00
 cg2d: Sum(rhs),rhsMax =   5.69449551875323E-04  1.92822206305477E+00
 cg2d: Sum(rhs),rhsMax =   5.69414329959272E-04  1.92834133625200E+00
 cg2d: Sum(rhs),rhsMax =   5.69379267389536E-04  1.92846008447155E+00
 cg2d: Sum(rhs),rhsMax =   5.69344364066637E-04  1.92857830732499E+00
 cg2d: Sum(rhs),rhsMax =   5.69309620303216E-04  1.92869600441966E+00
 cg2d: Sum(rhs),rhsMax =   5.69275036042427E-04  1.92881317535042E+00
 cg2d: Sum(rhs),rhsMax =   5.69240611255850E-04  1.92892981970822E+00
 cg2d: Sum(rhs),rhsMax =   5.69206346426654E-04  1.92904593707120E+00
 cg2d: Sum(rhs),rhsMax =   5.69172240815874E-04  1.92916152701477E+00
 cg2d: Sum(rhs),rhsMax =   5.69138295801963E-04  1.92927658910186E+00
 cg2d: Sum(rhs),rhsMax =   5.69104510432794E-04  1.92939112289449E+00
 cg2d: Sum(rhs),rhsMax =   5.69070884310463E-04  1.92950512794311E+00
 cg2d: Sum(rhs),rhsMax =   5.69037419211327E-04  1.92961860379951E+00
 cg2d: Sum(rhs),rhsMax =   5.69004113728511E-04  1.92973155000521E+00
 cg2d: Sum(rhs),rhsMax =   5.68970968402027E-04  1.92984396610578E+00
 cg2d: Sum(rhs),rhsMax =   5.68937982961870E-04  1.92995585163795E+00
 cg2d: Sum(rhs),rhsMax =   5.68905158587540E-04  1.93006720614597E+00
 cg2d: Sum(rhs),rhsMax =   5.68872494156381E-04  1.93017802916613E+00
 cg2d: Sum(rhs),rhsMax =   5.68839990734205E-04  1.93028832024498E+00
 cg2d: Sum(rhs),rhsMax =   5.68807647582048E-04  1.93039807892190E+00
 cg2d: Sum(rhs),rhsMax =   5.68775464856230E-04  1.93050730474935E+00
 cg2d: Sum(rhs),rhsMax =   5.68743442826758E-04  1.93061599727312E+00
 cg2d: Sum(rhs),rhsMax =   5.68711582516812E-04  1.93072415605484E+00
 cg2d: Sum(rhs),rhsMax =   5.68679882093193E-04  1.93083178064947E+00
 cg2d: Sum(rhs),rhsMax =   5.68648343843847E-04  1.93093887063022E+00
 cg2d: Sum(rhs),rhsMax =   5.68616965608726E-04  1.93104542556296E+00
 cg2d: Sum(rhs),rhsMax =   5.68585748681016E-04  1.93115144503392E+00
 cg2d: Sum(rhs),rhsMax =   5.68554692577550E-04  1.93125692862089E+00
 cg2d: Sum(rhs),rhsMax =   5.68523798520459E-04  1.93136187591926E+00
 cg2d: Sum(rhs),rhsMax =   5.68493065401299E-04  1.93146628651902E+00
 cg2d: Sum(rhs),rhsMax =   5.68462493831134E-04  1.93157016003309E+00
 cg2d: Sum(rhs),rhsMax =   5.68432083611015E-04  1.93167349607072E+00
 cg2d: Sum(rhs),rhsMax =   5.68401834428300E-04  1.93177629426592E+00
 cg2d: Sum(rhs),rhsMax =   5.68371747817764E-04  1.93187855423517E+00
 cg2d: Sum(rhs),rhsMax =   5.68341822301477E-04  1.93198027562050E+00
 cg2d: Sum(rhs),rhsMax =   5.68312057808384E-04  1.93208145804758E+00
 cg2d: Sum(rhs),rhsMax =   5.68282456313796E-04  1.93218210117354E+00
 cg2d: Sum(rhs),rhsMax =   5.68253015927667E-04  1.93228220463931E+00
 cg2d: Sum(rhs),rhsMax =   5.68223737190010E-04  1.93238176812035E+00
 cg2d: Sum(rhs),rhsMax =   5.68194620541362E-04  1.93248079127395E+00
 cg2d: Sum(rhs),rhsMax =   5.68165666052778E-04  1.93257927379457E+00
 cg2d: Sum(rhs),rhsMax =   5.68136872956870E-04  1.93267721535677E+00
 cg2d: Sum(rhs),rhsMax =   5.68108242646304E-04  1.93277461567555E+00
 cg2d: Sum(rhs),rhsMax =   5.68079773600516E-04  1.93287147444470E+00
 cg2d: Sum(rhs),rhsMax =   5.68051467155328E-04  1.93296779140211E+00
 cg2d: Sum(rhs),rhsMax =   5.68023323253897E-04  1.93306356626329E+00
 cg2d: Sum(rhs),rhsMax =   5.67995340162497E-04  1.93315879879150E+00
 cg2d: Sum(rhs),rhsMax =   5.67967520638035E-04  1.93325348872642E+00
 cg2d: Sum(rhs),rhsMax =   5.67939861710443E-04  1.93334763585889E+00
 cg2d: Sum(rhs),rhsMax =   5.67912366378209E-04  1.93344123995471E+00
 cg2d: Sum(rhs),rhsMax =   5.67885032992876E-04  1.93353430083397E+00
 cg2d: Sum(rhs),rhsMax =   5.67857861383914E-04  1.93362681828993E+00
 cg2d: Sum(rhs),rhsMax =   5.67830851878171E-04  1.93371879217270E+00
 cg2d: Sum(rhs),rhsMax =   5.67804005484618E-04  1.93381022230346E+00
 cg2d: Sum(rhs),rhsMax =   5.67777320682694E-04  1.93390110856236E+00
 cg2d: Sum(rhs),rhsMax =   5.67750798481370E-04  1.93399145079794E+00
 cg2d: Sum(rhs),rhsMax =   5.67724437559036E-04  1.93408124891943E+00
 cg2d: Sum(rhs),rhsMax =   5.67698239919423E-04  1.93417050280141E+00
 cg2d: Sum(rhs),rhsMax =   5.67672203814595E-04  1.93425921238036E+00
 cg2d: Sum(rhs),rhsMax =   5.67646330168259E-04  1.93434737755470E+00
 cg2d: Sum(rhs),rhsMax =   5.67620618156184E-04  1.93443499828557E+00
 cg2d: Sum(rhs),rhsMax =   5.67595068488913E-04  1.93452207449244E+00
 cg2d: Sum(rhs),rhsMax =   5.67569681038549E-04  1.93460860615795E+00
 cg2d: Sum(rhs),rhsMax =   5.67544455506663E-04  1.93469459321929E+00
 cg2d: Sum(rhs),rhsMax =   5.67519392532745E-04  1.93478003567718E+00
 cg2d: Sum(rhs),rhsMax =   5.67494490738341E-04  1.93486493348306E+00
 cg2d: Sum(rhs),rhsMax =   5.67469750905047E-04  1.93494928665223E+00
 cg2d: Sum(rhs),rhsMax =   5.67445173146552E-04  1.93503309514699E+00
 cg2d: Sum(rhs),rhsMax =   5.67420757249693E-04  1.93511635899400E+00
 cg2d: Sum(rhs),rhsMax =   5.67396502859197E-04  1.93519907816326E+00
 cg2d: Sum(rhs),rhsMax =   5.67372410387179E-04  1.93528125269000E+00
 cg2d: Sum(rhs),rhsMax =   5.67348479762586E-04  1.93536288254937E+00
 cg2d: Sum(rhs),rhsMax =   5.67324711383321E-04  1.93544396778280E+00
 cg2d: Sum(rhs),rhsMax =   5.67301103643558E-04  1.93552450826084E+00
 cg2d: Sum(rhs),rhsMax =   5.67277657935961E-04  1.93560450416567E+00
 cg2d: Sum(rhs),rhsMax =   5.67254373905257E-04  1.93568395554507E+00
 cg2d: Sum(rhs),rhsMax =   5.67231250741429E-04  1.93576286246623E+00
 cg2d: Sum(rhs),rhsMax =   5.67208289638188E-04  1.93584122492539E+00
 cg2d: Sum(rhs),rhsMax =   5.67185489686040E-04  1.93591904300343E+00
 cg2d: Sum(rhs),rhsMax =   5.67162850217073E-04  1.93599631672148E+00
 cg2d: Sum(rhs),rhsMax =   5.67140373149755E-04  1.93607304618038E+00
 cg2d: Sum(rhs),rhsMax =   5.67118056963523E-04  1.93614923141081E+00
 cg2d: Sum(rhs),rhsMax =   5.67095901899961E-04  1.93622487252173E+00
 cg2d: Sum(rhs),rhsMax =   5.67073907703275E-04  1.93629996954860E+00
 cg2d: Sum(rhs),rhsMax =   5.67052074202934E-04  1.93637452260675E+00
 cg2d: Sum(rhs),rhsMax =   5.67030401924740E-04  1.93644853173494E+00
 cg2d: Sum(rhs),rhsMax =   5.67008893469279E-04  1.93652198847584E+00
 cg2d: Sum(rhs),rhsMax =   5.66987544615927E-04  1.93659490596281E+00
 cg2d: Sum(rhs),rhsMax =   5.66966353986231E-04  1.93666728545526E+00
 cg2d: Sum(rhs),rhsMax =   5.66945323484447E-04  1.93673912498529E+00
 cg2d: Sum(rhs),rhsMax =   5.66924452883200E-04  1.93681042384559E+00
 cg2d: Sum(rhs),rhsMax =   5.66903741983538E-04  1.93688118253039E+00
 cg2d: Sum(rhs),rhsMax =   5.66883190032286E-04  1.93695140214693E+00
 cg2d: Sum(rhs),rhsMax =   5.66862797612089E-04  1.93702108372712E+00
 cg2d: Sum(rhs),rhsMax =   5.66842563046066E-04  1.93709022825985E+00
 cg2d: Sum(rhs),rhsMax =   5.66822487670038E-04  1.93715883655721E+00
 cg2d: Sum(rhs),rhsMax =   5.66802569423430E-04  1.93722690945681E+00
 cg2d: Sum(rhs),rhsMax =   5.66782809471533E-04  1.93729444766370E+00
 cg2d: Sum(rhs),rhsMax =   5.66763207459076E-04  1.93736145191757E+00
 cg2d: Sum(rhs),rhsMax =   5.66743762121291E-04  1.93742792282101E+00
 cg2d: Sum(rhs),rhsMax =   5.66724474026614E-04  1.93749386100580E+00
 cg2d: Sum(rhs),rhsMax =   5.66705343558738E-04  1.93755926696167E+00
 cg2d: Sum(rhs),rhsMax =   5.66686369424474E-04  1.93762414120368E+00
 cg2d: Sum(rhs),rhsMax =   5.66667551865407E-04  1.93768848410250E+00
 cg2d: Sum(rhs),rhsMax =   5.66648891094701E-04  1.93775229605266E+00
 cg2d: Sum(rhs),rhsMax =   5.66630386771294E-04  1.93781557730504E+00
 cg2d: Sum(rhs),rhsMax =   5.66612038937819E-04  1.93787832813504E+00
 cg2d: Sum(rhs),rhsMax =   5.66593846997421E-04  1.93794054867738E+00
 cg2d: Sum(rhs),rhsMax =   5.66575811276948E-04  1.93800223909293E+00
 cg2d: Sum(rhs),rhsMax =   5.66557931648504E-04  1.93806339940549E+00
 cg2d: Sum(rhs),rhsMax =   5.66540207245225E-04  1.93812402966658E+00
 cg2d: Sum(rhs),rhsMax =   5.66522639900313E-04  1.93818412979463E+00
 cg2d: Sum(rhs),rhsMax =   5.66505228704273E-04  1.93824369973806E+00
 cg2d: Sum(rhs),rhsMax =   5.66487972747609E-04  1.93830273931766E+00
 cg2d: Sum(rhs),rhsMax =   5.66471082933617E-04  1.93836053264127E+00
 cg2d: Sum(rhs),rhsMax =   5.66454301875297E-04  1.93841795610181E+00
 cg2d: Sum(rhs),rhsMax =   5.66437676170040E-04  1.93847485272010E+00
 cg2d: Sum(rhs),rhsMax =   5.66421223012981E-04  1.93853116030729E+00
 cg2d: Sum(rhs),rhsMax =   5.66404941395149E-04  1.93858688244294E+00
 cg2d: Sum(rhs),rhsMax =   5.66388834343456E-04  1.93864201361815E+00
 cg2d: Sum(rhs),rhsMax =   5.66372903790580E-04  1.93869654273488E+00
 cg2d: Sum(rhs),rhsMax =   5.66357152308683E-04  1.93875045907224E+00
 cg2d: Sum(rhs),rhsMax =   5.66341584999464E-04  1.93880375278181E+00
 cg2d: Sum(rhs),rhsMax =   5.66326202473988E-04  1.93885641439644E+00
 cg2d: Sum(rhs),rhsMax =   5.66311008242337E-04  1.93890843506172E+00
 cg2d: Sum(rhs),rhsMax =   5.66296003725597E-04  1.93895980651168E+00
 cg2d: Sum(rhs),rhsMax =   5.66281192547535E-04  1.93901052134087E+00
 cg2d: Sum(rhs),rhsMax =   5.66266575106056E-04  1.93906057289180E+00
 cg2d: Sum(rhs),rhsMax =   5.66252154257540E-04  1.93910995547867E+00
 cg2d: Sum(rhs),rhsMax =   5.66237931494129E-04  1.93915866424343E+00
 cg2d: Sum(rhs),rhsMax =   5.66223906105279E-04  1.93920669536910E+00
 cg2d: Sum(rhs),rhsMax =   5.66210080677365E-04  1.93925404591338E+00
 cg2d: Sum(rhs),rhsMax =   5.66196455181966E-04  1.93930071401469E+00
 cg2d: Sum(rhs),rhsMax =   5.66183030002776E-04  1.93934669870259E+00
 cg2d: Sum(rhs),rhsMax =   5.66169804855576E-04  1.93939200009691E+00
 cg2d: Sum(rhs),rhsMax =   5.66156779044036E-04  1.93943661919379E+00
 cg2d: Sum(rhs),rhsMax =   5.66143953236065E-04  1.93948055805826E+00
 cg2d: Sum(rhs),rhsMax =   5.66131325356878E-04  1.93952381958521E+00
 cg2d: Sum(rhs),rhsMax =   5.66118894596457E-04  1.93956640768654E+00
 cg2d: Sum(rhs),rhsMax =   5.66106658709487E-04  1.93960832702835E+00
 cg2d: Sum(rhs),rhsMax =   5.66094618108082E-04  1.93964958321513E+00
 cg2d: Sum(rhs),rhsMax =   5.66082769168474E-04  1.93969018250579E+00
 cg2d: Sum(rhs),rhsMax =   5.66071110753796E-04  1.93973013199739E+00
 cg2d: Sum(rhs),rhsMax =   5.66059639794503E-04  1.93976943932264E+00
 cg2d: Sum(rhs),rhsMax =   5.66048353917381E-04  1.93980811283442E+00
 cg2d: Sum(rhs),rhsMax =   5.66037251985563E-04  1.93984616128683E+00
 cg2d: Sum(rhs),rhsMax =   5.66026329437364E-04  1.93988359402104E+00
 cg2d: Sum(rhs),rhsMax =   5.66015584013257E-04  1.93992042063167E+00
 cg2d: Sum(rhs),rhsMax =   5.66005012558435E-04  1.93995665115460E+00
 cg2d: Sum(rhs),rhsMax =   5.65994613708654E-04  1.93999229572155E+00
 cg2d: Sum(rhs),rhsMax =   5.65984382305373E-04  1.94002736475083E+00
 cg2d: Sum(rhs),rhsMax =   5.65974316842244E-04  1.94006186859387E+00
 cg2d: Sum(rhs),rhsMax =   5.65964412999165E-04  1.94009581773029E+00
 cg2d: Sum(rhs),rhsMax =   5.65954667578694E-04  1.94012922241043E+00
 cg2d: Sum(rhs),rhsMax =   5.65945079017638E-04  1.94016209285617E+00
 cg2d: Sum(rhs),rhsMax =   5.65935643876969E-04  1.94019443890327E+00
 cg2d: Sum(rhs),rhsMax =   5.65926359683999E-04  1.94022627020905E+00
 cg2d: Sum(rhs),rhsMax =   5.65917222488110E-04  1.94025759589849E+00
 cg2d: Sum(rhs),rhsMax =   5.65908230854006E-04  1.94028842477923E+00
 cg2d: Sum(rhs),rhsMax =   5.65899381768986E-04  1.94031876499521E+00
 cg2d: Sum(rhs),rhsMax =   5.65890673584590E-04  1.94034862424944E+00
 cg2d: Sum(rhs),rhsMax =   5.65882103785498E-04  1.94037800946828E+00
 cg2d: Sum(rhs),rhsMax =   5.65873670737460E-04  1.94040692703271E+00
 cg2d: Sum(rhs),rhsMax =   5.65865372223584E-04  1.94043538245586E+00
 cg2d: Sum(rhs),rhsMax =   5.65857207149634E-04  1.94046338062282E+00
 cg2d: Sum(rhs),rhsMax =   5.65849175671929E-04  1.94049092548406E+00
 cg2d: Sum(rhs),rhsMax =   5.65841274493550E-04  1.94051802030351E+00
 cg2d: Sum(rhs),rhsMax =   5.65833504438729E-04  1.94054466736980E+00
 cg2d: Sum(rhs),rhsMax =   5.65825865010083E-04  1.94057086825228E+00
 cg2d: Sum(rhs),rhsMax =   5.65818355980241E-04  1.94059662353130E+00
 cg2d: Sum(rhs),rhsMax =   5.65810976226544E-04  1.94062193306166E+00
 cg2d: Sum(rhs),rhsMax =   5.65803727084813E-04  1.94064679572260E+00
 cg2d: Sum(rhs),rhsMax =   5.65796609095059E-04  1.94067120968809E+00
 cg2d: Sum(rhs),rhsMax =   5.65789622939405E-04  1.94069517219640E+00
 cg2d: Sum(rhs),rhsMax =   5.65782770081569E-04  1.94071867982650E+00
 cg2d: Sum(rhs),rhsMax =   5.65776050635236E-04  1.94074172828661E+00
 cg2d: Sum(rhs),rhsMax =   5.65769466533084E-04  1.94076431269573E+00
 cg2d: Sum(rhs),rhsMax =   5.65763019508836E-04  1.94078642738977E+00
 cg2d: Sum(rhs),rhsMax =   5.65756711893073E-04  1.94080806620742E+00
 cg2d: Sum(rhs),rhsMax =   5.65750544851085E-04  1.94082922231179E+00
 cg2d: Sum(rhs),rhsMax =   5.65744520457656E-04  1.94084988847945E+00
 cg2d: Sum(rhs),rhsMax =   5.65738641782332E-04  1.94087005693523E+00
 cg2d: Sum(rhs),rhsMax =   5.65732910345673E-04  1.94088971964326E+00
 cg2d: Sum(rhs),rhsMax =   5.65727329018273E-04  1.94090886815198E+00
 cg2d: Sum(rhs),rhsMax =   5.65721900400717E-04  1.94092749388619E+00
 cg2d: Sum(rhs),rhsMax =   5.65716626084622E-04  1.94094558799886E+00
 cg2d: Sum(rhs),rhsMax =   5.65711510517986E-04  1.94096314166338E+00
 cg2d: Sum(rhs),rhsMax =   5.65706554127132E-04  1.94098014592856E+00
 cg2d: Sum(rhs),rhsMax =   5.65701761047421E-04  1.94099659201046E+00
 cg2d: Sum(rhs),rhsMax =   5.65697133140475E-04  1.94101247114666E+00
 cg2d: Sum(rhs),rhsMax =   5.65692672438445E-04  1.94102777488724E+00
 cg2d: Sum(rhs),rhsMax =   5.65688383176166E-04  1.94104249494451E+00
 cg2d: Sum(rhs),rhsMax =   5.65684265509958E-04  1.94105662348273E+00
 cg2d: Sum(rhs),rhsMax =   5.65680322324624E-04  1.94107015295949E+00
 cg2d: Sum(rhs),rhsMax =   5.65676556320227E-04  1.94108307641400E+00
 cg2d: Sum(rhs),rhsMax =   5.65672968349418E-04  1.94109538729626E+00
 cg2d: Sum(rhs),rhsMax =   5.65669561325421E-04  1.94110707975397E+00
 cg2d: Sum(rhs),rhsMax =   5.65666335418769E-04  1.94111814844604E+00
 cg2d: Sum(rhs),rhsMax =   5.65663292874774E-04  1.94112858882809E+00
 cg2d: Sum(rhs),rhsMax =   5.65660434716619E-04  1.94113839694722E+00
 cg2d: Sum(rhs),rhsMax =   5.65657761626426E-04  1.94114756972635E+00
 cg2d: Sum(rhs),rhsMax =   5.65655274499477E-04  1.94115610473750E+00
 cg2d: Sum(rhs),rhsMax =   5.65652973634201E-04  1.94116400048554E+00
 cg2d: Sum(rhs),rhsMax =   5.65650859783773E-04  1.94117125615785E+00
 cg2d: Sum(rhs),rhsMax =   5.65648932166596E-04  1.94117787190788E+00
 cg2d: Sum(rhs),rhsMax =   5.65647190313712E-04  1.94118384857994E+00
 cg2d: Sum(rhs),rhsMax =   5.65645633997747E-04  1.94118918799317E+00
 cg2d: Sum(rhs),rhsMax =   5.65644263730292E-04  1.94119389264079E+00
 cg2d: Sum(rhs),rhsMax =   5.65643076853917E-04  1.94119796597503E+00
 cg2d: Sum(rhs),rhsMax =   5.65642072899664E-04  1.94120141208111E+00
 cg2d: Sum(rhs),rhsMax =   5.65641249536952E-04  1.94120423596366E+00
 cg2d: Sum(rhs),rhsMax =   5.65640606026818E-04  1.94120644319613E+00
 cg2d: Sum(rhs),rhsMax =   5.65640141743984E-04  1.94120804020957E+00
 cg2d: Sum(rhs),rhsMax =   5.65639852041500E-04  1.94120903391879E+00
 cg2d: Sum(rhs),rhsMax =   5.65639735583545E-04  1.94120943201398E+00
 cg2d: Sum(rhs),rhsMax =   5.65639791162198E-04  1.94120924256603E+00
 cg2d: Sum(rhs),rhsMax =   5.65640015167901E-04  1.94120847432117E+00
 cg2d: Sum(rhs),rhsMax =   5.65640404090573E-04  1.94120713628821E+00
 cg2d: Sum(rhs),rhsMax =   5.65640957645996E-04  1.94120523803667E+00
 cg2d: Sum(rhs),rhsMax =   5.65641671371964E-04  1.94120278926919E+00
 cg2d: Sum(rhs),rhsMax =   5.65642542028399E-04  1.94119980012326E+00
 cg2d: Sum(rhs),rhsMax =   5.65643567597363E-04  1.94119628073247E+00
 cg2d: Sum(rhs),rhsMax =   5.65644745080363E-04  1.94119224153208E+00
 cg2d: Sum(rhs),rhsMax =   5.65646070128878E-04  1.94118769281284E+00
 cg2d: Sum(rhs),rhsMax =   5.65647541662884E-04  1.94118264503070E+00
 cg2d: Sum(rhs),rhsMax =   5.65649154438574E-04  1.94117710835721E+00
 cg2d: Sum(rhs),rhsMax =   5.65650907589088E-04  1.94117109299317E+00
 cg2d: Sum(rhs),rhsMax =   5.65652796510108E-04  1.94116460871982E+00
 cg2d: Sum(rhs),rhsMax =   5.65654820505301E-04  1.94115766521652E+00
 cg2d: Sum(rhs),rhsMax =   5.65656974814033E-04  1.94115027161644E+00
 cg2d: Sum(rhs),rhsMax =   5.65659258398910E-04  1.94114243682824E+00
 cg2d: Sum(rhs),rhsMax =   5.65661666641404E-04  1.94113416910004E+00
 cg2d: Sum(rhs),rhsMax =   5.65664200195215E-04  1.94112547634482E+00
 cg2d: Sum(rhs),rhsMax =   5.65666855081304E-04  1.94111636571616E+00
 cg2d: Sum(rhs),rhsMax =   5.65669630361754E-04  1.94110684393698E+00
 cg2d: Sum(rhs),rhsMax =   5.65672522611749E-04  1.94109691689012E+00
 cg2d: Sum(rhs),rhsMax =   5.65675532598675E-04  1.94108658995012E+00
 cg2d: Sum(rhs),rhsMax =   5.65678657281410E-04  1.94107586759092E+00
 cg2d: Sum(rhs),rhsMax =   5.65681895835723E-04  1.94106475372049E+00
 cg2d: Sum(rhs),rhsMax =   5.65685247664760E-04  1.94105325130753E+00
 cg2d: Sum(rhs),rhsMax =   5.65688712669044E-04  1.94104136271843E+00
 cg2d: Sum(rhs),rhsMax =   5.65692289455910E-04  1.94102908936429E+00
 cg2d: Sum(rhs),rhsMax =   5.65695978565373E-04  1.94101643203983E+00
 cg2d: Sum(rhs),rhsMax =   5.65699779684792E-04  1.94100339059119E+00
 cg2d: Sum(rhs),rhsMax =   5.65703692615216E-04  1.94098996425655E+00
 cg2d: Sum(rhs),rhsMax =   5.65707718237718E-04  1.94097615135456E+00
 cg2d: Sum(rhs),rhsMax =   5.65711857888118E-04  1.94096194962615E+00
 cg2d: Sum(rhs),rhsMax =   5.65716110926928E-04  1.94094735594302E+00
 cg2d: Sum(rhs),rhsMax =   5.65720479997367E-04  1.94093236665019E+00
 cg2d: Sum(rhs),rhsMax =   5.65724965483128E-04  1.94091697729318E+00
 cg2d: Sum(rhs),rhsMax =   5.65729569487416E-04  1.94090118296100E+00
 cg2d: Sum(rhs),rhsMax =   5.65734292976572E-04  1.94088497802994E+00
 cg2d: Sum(rhs),rhsMax =   5.65739137144305E-04  1.94086835650686E+00
 cg2d: Sum(rhs),rhsMax =   5.65744105500698E-04  1.94085131178711E+00
 cg2d: Sum(rhs),rhsMax =   5.65749199338939E-04  1.94083383699771E+00
 cg2d: Sum(rhs),rhsMax =   5.65754421316456E-04  1.94081592476676E+00
 cg2d: Sum(rhs),rhsMax =   5.65759772541696E-04  1.94079756756610E+00
 cg2d: Sum(rhs),rhsMax =   5.65765255473138E-04  1.94077875748900E+00
 cg2d: Sum(rhs),rhsMax =   5.65770873691918E-04  1.94075948659231E+00
 cg2d: Sum(rhs),rhsMax =   5.65776627965420E-04  1.94073974667886E+00
 cg2d: Sum(rhs),rhsMax =   5.65782521974256E-04  1.94071952963897E+00
 cg2d: Sum(rhs),rhsMax =   5.65788557594260E-04  1.94069882723409E+00
 cg2d: Sum(rhs),rhsMax =   5.65794736871794E-04  1.94067763143750E+00
 cg2d: Sum(rhs),rhsMax =   5.65801063274307E-04  1.94065593421575E+00
 cg2d: Sum(rhs),rhsMax =   5.65807537270757E-04  1.94063372786844E+00
 cg2d: Sum(rhs),rhsMax =   5.65814162399647E-04  1.94061100480400E+00
 cg2d: Sum(rhs),rhsMax =   5.65820940110484E-04  1.94058775787857E+00
 cg2d: Sum(rhs),rhsMax =   5.65827872861746E-04  1.94056398016295E+00
 cg2d: Sum(rhs),rhsMax =   5.65834962884537E-04  1.94053966528053E+00
 cg2d: Sum(rhs),rhsMax =   5.65842211599943E-04  1.94051480716252E+00
 cg2d: Sum(rhs),rhsMax =   5.65849619590608E-04  1.94048940038494E+00
 cg2d: Sum(rhs),rhsMax =   5.65857190821362E-04  1.94046343990967E+00
 cg2d: Sum(rhs),rhsMax =   5.65864923203208E-04  1.94043692142045E+00
 cg2d: Sum(rhs),rhsMax =   5.65872820558866E-04  1.94040984104774E+00
 cg2d: Sum(rhs),rhsMax =   5.65880883144132E-04  1.94038219570389E+00
 cg2d: Sum(rhs),rhsMax =   5.65889110674789E-04  1.94035398279019E+00
 cg2d: Sum(rhs),rhsMax =   5.65897505055091E-04  1.94032520053123E+00
 cg2d: Sum(rhs),rhsMax =   5.65906065560284E-04  1.94029584766330E+00
 cg2d: Sum(rhs),rhsMax =   5.65914793853040E-04  1.94026592376794E+00
 cg2d: Sum(rhs),rhsMax =   5.65923688441217E-04  1.94023542894122E+00
 cg2d: Sum(rhs),rhsMax =   5.65932749339026E-04  1.94020436412673E+00
 cg2d: Sum(rhs),rhsMax =   5.65941976546469E-04  1.94017273076577E+00
 cg2d: Sum(rhs),rhsMax =   5.65951368912465E-04  1.94014053113000E+00
 cg2d: Sum(rhs),rhsMax =   5.65960926607545E-04  1.94010776795320E+00
 cg2d: Sum(rhs),rhsMax =   5.65970647699032E-04  1.94007444476368E+00
 cg2d: Sum(rhs),rhsMax =   5.65980531689547E-04  1.94004056549892E+00
 cg2d: Sum(rhs),rhsMax =   5.65990575779551E-04  1.94000613483784E+00
 cg2d: Sum(rhs),rhsMax =   5.66000780366949E-04  1.93997115780010E+00
 cg2d: Sum(rhs),rhsMax =   5.66011143618539E-04  1.93993564007826E+00
 cg2d: Sum(rhs),rhsMax =   5.66021662848470E-04  1.93989958762398E+00
 cg2d: Sum(rhs),rhsMax =   5.66032336593025E-04  1.93986300698020E+00
 cg2d: Sum(rhs),rhsMax =   5.66043162692154E-04  1.93982590485664E+00
 cg2d: Sum(rhs),rhsMax =   5.66054139511607E-04  1.93978828846224E+00
 cg2d: Sum(rhs),rhsMax =   5.66065264038684E-04  1.93975016507277E+00
 cg2d: Sum(rhs),rhsMax =   5.66076535776006E-04  1.93971154236343E+00
 cg2d: Sum(rhs),rhsMax =   5.66087950772953E-04  1.93967242797173E+00
 cg2d: Sum(rhs),rhsMax =   5.66099507381068E-04  1.93963282983024E+00
 cg2d: Sum(rhs),rhsMax =   5.66111204179265E-04  1.93959275572789E+00
 cg2d: Sum(rhs),rhsMax =   5.66123037145871E-04  1.93955221364279E+00
 cg2d: Sum(rhs),rhsMax =   5.66135005755086E-04  1.93951121130513E+00
 cg2d: Sum(rhs),rhsMax =   5.66147106084713E-04  1.93946975653004E+00
 cg2d: Sum(rhs),rhsMax =   5.66159337211047E-04  1.93942785678521E+00
 cg2d: Sum(rhs),rhsMax =   5.66171696007700E-04  1.93938551937757E+00
 cg2d: Sum(rhs),rhsMax =   5.66184182602569E-04  1.93934275113805E+00
 cg2d: Sum(rhs),rhsMax =   5.66196791623952E-04  1.93929955921825E+00
 cg2d: Sum(rhs),rhsMax =   5.66209527264050E-04  1.93925594230761E+00
 cg2d: Sum(rhs),rhsMax =   5.66222376789938E-04  1.93921193396914E+00
 cg2d: Sum(rhs),rhsMax =   5.66235349026556E-04  1.93916750683464E+00
 cg2d: Sum(rhs),rhsMax =   5.66248438218508E-04  1.93912268086430E+00
 cg2d: Sum(rhs),rhsMax =   5.66261643427879E-04  1.93907746071143E+00
 cg2d: Sum(rhs),rhsMax =   5.66274963489377E-04  1.93903184969264E+00
 cg2d: Sum(rhs),rhsMax =   5.66288397095605E-04  1.93898585127334E+00
 cg2d: Sum(rhs),rhsMax =   5.66301943578651E-04  1.93893946876147E+00
 cg2d: Sum(rhs),rhsMax =   5.66315602313239E-04  1.93889270482910E+00
 cg2d: Sum(rhs),rhsMax =   5.66329372205132E-04  1.93884556174709E+00
 cg2d: Sum(rhs),rhsMax =   5.66343253169066E-04  1.93879804109596E+00
 cg2d: Sum(rhs),rhsMax =   5.66357245133986E-04  1.93875014403603E+00
 cg2d: Sum(rhs),rhsMax =   5.66371347190398E-04  1.93870187101313E+00
 cg2d: Sum(rhs),rhsMax =   5.66385559707783E-04  1.93865322206935E+00
 cg2d: Sum(rhs),rhsMax =   5.66399883084046E-04  1.93860419656571E+00
 cg2d: Sum(rhs),rhsMax =   5.66414317319186E-04  1.93855479350753E+00
 cg2d: Sum(rhs),rhsMax =   5.66428865809598E-04  1.93850500381673E+00
 cg2d: Sum(rhs),rhsMax =   5.66443519943505E-04  1.93845485095130E+00
 cg2d: Sum(rhs),rhsMax =   5.66458292169614E-04  1.93840430184467E+00
 cg2d: Sum(rhs),rhsMax =   5.66473177045168E-04  1.93835336720166E+00
 cg2d: Sum(rhs),rhsMax =   5.66488176247049E-04  1.93830204389140E+00
 cg2d: Sum(rhs),rhsMax =   5.66503291594245E-04  1.93825032741294E+00
 cg2d: Sum(rhs),rhsMax =   5.66518523967829E-04  1.93819821354301E+00
 cg2d: Sum(rhs),rhsMax =   5.66533873666231E-04  1.93814569813155E+00
 cg2d: Sum(rhs),rhsMax =   5.66549343190559E-04  1.93809277672419E+00
 cg2d: Sum(rhs),rhsMax =   5.66564933905056E-04  1.93803944480854E+00
 cg2d: Sum(rhs),rhsMax =   5.66580646406578E-04  1.93798569760795E+00
 cg2d: Sum(rhs),rhsMax =   5.66596482926229E-04  1.93793153035821E+00
 cg2d: Sum(rhs),rhsMax =   5.66612445183523E-04  1.93787693808669E+00
 cg2d: Sum(rhs),rhsMax =   5.66628533405833E-04  1.93782191592808E+00
 cg2d: Sum(rhs),rhsMax =   5.66644749426359E-04  1.93776645890631E+00
 cg2d: Sum(rhs),rhsMax =   5.66661095632526E-04  1.93771056226123E+00
 cg2d: Sum(rhs),rhsMax =   5.66677572024332E-04  1.93765422120951E+00
 cg2d: Sum(rhs),rhsMax =   5.66694180818672E-04  1.93759743126779E+00
 cg2d: Sum(rhs),rhsMax =   5.66710925994585E-04  1.93754018068089E+00
 cg2d: Sum(rhs),rhsMax =   5.66727800475064E-04  1.93748249031330E+00
 cg2d: Sum(rhs),rhsMax =   5.66744814591402E-04  1.93742432628771E+00
 cg2d: Sum(rhs),rhsMax =   5.66761965203000E-04  1.93736569835034E+00
 cg2d: Sum(rhs),rhsMax =   5.66779253446725E-04  1.93730660334236E+00
 cg2d: Sum(rhs),rhsMax =   5.66796680587345E-04  1.93724703746484E+00
 cg2d: Sum(rhs),rhsMax =   5.66814247378034E-04  1.93718699787985E+00
 cg2d: Sum(rhs),rhsMax =   5.66831954685654E-04  1.93712648249294E+00
 cg2d: Sum(rhs),rhsMax =   5.66849802638103E-04  1.93706548954736E+00
 cg2d: Sum(rhs),rhsMax =   5.66867791619075E-04  1.93700401784705E+00
 cg2d: Sum(rhs),rhsMax =   5.66885922950178E-04  1.93694206650842E+00
 cg2d: Sum(rhs),rhsMax =   5.66904194471363E-04  1.93687963521362E+00
 cg2d: Sum(rhs),rhsMax =   5.66922608868481E-04  1.93681672393896E+00
 cg2d: Sum(rhs),rhsMax =   5.66941164336754E-04  1.93675333324459E+00
 cg2d: Sum(rhs),rhsMax =   5.66959861444616E-04  1.93668946399520E+00
 cg2d: Sum(rhs),rhsMax =   5.66978699680476E-04  1.93662511765530E+00
 cg2d: Sum(rhs),rhsMax =   5.66997677339032E-04  1.93656029598122E+00
 cg2d: Sum(rhs),rhsMax =   5.67016795415043E-04  1.93649500130938E+00
 cg2d: Sum(rhs),rhsMax =   5.67036052501635E-04  1.93642923623117E+00
 cg2d: Sum(rhs),rhsMax =   5.67055447646680E-04  1.93636300388190E+00
 cg2d: Sum(rhs),rhsMax =   5.67074982171789E-04  1.93629630026143E+00
 cg2d: Sum(rhs),rhsMax =   5.67094647763611E-04  1.93622915424472E+00
 cg2d: Sum(rhs),rhsMax =   5.67114451300199E-04  1.93616153977063E+00
 cg2d: Sum(rhs),rhsMax =   5.67134388603563E-04  1.93609347473617E+00
(PID.TID 0000.0001) Did not write pickup because writePickupAtEnd = FALSE
(PID.TID 0000.0001)   early fc =  0.000000000000000D+00
 --> objf_test(bi,bj)        =  0.189842409647454D+00
(PID.TID 0000.0001)   local fc =  0.189842409647454D+00
(PID.TID 0000.0001)  global fc =  0.322547937202323D+00
(PID.TID 0000.0001) grdchk perturb(-)fc: fcpertminus =  3.22547937202323E-01
grad-res -------------------------------
 grad-res     0    1   31   17    1    1    1    1   3.22547974637E-01  3.22548012012E-01  3.22547937202E-01
 grad-res     0    1    1  480    0    1    1    1   3.78487233459E-05  3.74047809393E-05  1.17293891953E-02
(PID.TID 0000.0001)  ADM  ref_cost_function      =  3.22547974637434E-01
(PID.TID 0000.0001)  ADM  adjoint_gradient       =  3.78487233459480E-05
(PID.TID 0000.0001)  ADM  finite-diff_grad       =  3.74047809392763E-05
(PID.TID 0000.0001) ====== End of gradient-check number   1 (ierr=  0) =======
(PID.TID 0000.0001) 
(PID.TID 0000.0001) // =======================================================
(PID.TID 0000.0001) // Gradient check results  >>> START <<<
(PID.TID 0000.0001) // =======================================================
(PID.TID 0000.0001) 
(PID.TID 0000.0001)  EPS =   1.000000E-03
(PID.TID 0000.0001) 
(PID.TID 0000.0001) grdchk output h.p:  Id Itile Jtile LAYER   bi   bj   X(Id)           X(Id)+/-EPS
(PID.TID 0000.0001) grdchk output h.c:  Id  FC                   FC1                  FC2
(PID.TID 0000.0001) grdchk output h.g:  Id     FC1-FC2/(2*EPS)      ADJ GRAD(FC)         1-FDGRD/ADGRD
(PID.TID 0000.0001) 
(PID.TID 0000.0001) grdchk output (p):   1    31    17     1    1    1   0.000000000E+00 -1.000000000E-03
(PID.TID 0000.0001) grdchk output (c):   1  3.2254797463743E-01  3.2254801201188E-01  3.2254793720232E-01
(PID.TID 0000.0001) grdchk output (g):   1     3.7404780939276E-05  3.7848723345948E-05  1.1729389195348E-02
(PID.TID 0000.0001) 
(PID.TID 0000.0001) grdchk  summary  :  RMS of    1 ratios =  1.1729389195348E-02
(PID.TID 0000.0001) 
(PID.TID 0000.0001) // =======================================================
(PID.TID 0000.0001) // Gradient check results  >>> END <<<
(PID.TID 0000.0001) // =======================================================
(PID.TID 0000.0001) 
(PID.TID 0000.0001)   Seconds in section "ALL                    [THE_MODEL_MAIN]":
(PID.TID 0000.0001)           User time:   15.337961874902248
(PID.TID 0000.0001)         System time:  0.18754497170448303
(PID.TID 0000.0001)     Wall clock time:   15.857532978057861
(PID.TID 0000.0001)          No. starts:           1
(PID.TID 0000.0001)           No. stops:           1
(PID.TID 0000.0001)   Seconds in section "INITIALISE_FIXED       [THE_MODEL_MAIN]":
(PID.TID 0000.0001)           User time:   1.7144002020359039E-002
(PID.TID 0000.0001)         System time:   8.4620118141174316E-003
(PID.TID 0000.0001)     Wall clock time:  0.10686397552490234
(PID.TID 0000.0001)          No. starts:           1
(PID.TID 0000.0001)           No. stops:           1
(PID.TID 0000.0001)   Seconds in section "ADTHE_MAIN_LOOP          [ADJOINT RUN]":
(PID.TID 0000.0001)           User time:   10.764738827943802
(PID.TID 0000.0001)         System time:  0.14427998661994934
(PID.TID 0000.0001)     Wall clock time:   11.120362997055054
(PID.TID 0000.0001)          No. starts:           1
(PID.TID 0000.0001)           No. stops:           1
(PID.TID 0000.0001)   Seconds in section "FORWARD_STEP        [MAIN_DO_LOOP]":
(PID.TID 0000.0001)           User time:   8.5176492705941200
(PID.TID 0000.0001)         System time:   7.6833724975585938E-002
(PID.TID 0000.0001)     Wall clock time:   8.7848091125488281
(PID.TID 0000.0001)          No. starts:        2880
(PID.TID 0000.0001)           No. stops:        2880
(PID.TID 0000.0001)   Seconds in section "DO_STATEVARS_DIAGS  [FORWARD_STEP]":
(PID.TID 0000.0001)           User time:   1.0023623704910278E-002
(PID.TID 0000.0001)         System time:   3.0207633972167969E-004
(PID.TID 0000.0001)     Wall clock time:   1.1407852172851562E-002
(PID.TID 0000.0001)          No. starts:        1440
(PID.TID 0000.0001)           No. stops:        1440
(PID.TID 0000.0001)   Seconds in section "LOAD_FIELDS_DRIVER  [FORWARD_STEP]":
(PID.TID 0000.0001)           User time:   4.4439949095249176E-002
(PID.TID 0000.0001)         System time:   7.3707103729248047E-004
(PID.TID 0000.0001)     Wall clock time:   4.5401573181152344E-002
(PID.TID 0000.0001)          No. starts:        2880
(PID.TID 0000.0001)           No. stops:        2880
(PID.TID 0000.0001)   Seconds in section "EXTERNAL_FLDS_LOAD [LOAD_FLDS_DRIVER]":
(PID.TID 0000.0001)           User time:   1.9348688423633575E-002
(PID.TID 0000.0001)         System time:   2.9087066650390625E-004
(PID.TID 0000.0001)     Wall clock time:   1.8837213516235352E-002
(PID.TID 0000.0001)          No. starts:        3600
(PID.TID 0000.0001)           No. stops:        3600
(PID.TID 0000.0001)   Seconds in section "CTRL_MAP_FORCING  [FORWARD_STEP]":
(PID.TID 0000.0001)           User time:   1.4627262949943542E-002
(PID.TID 0000.0001)         System time:   2.6091933250427246E-004
(PID.TID 0000.0001)     Wall clock time:   1.4994144439697266E-002
(PID.TID 0000.0001)          No. starts:        2880
(PID.TID 0000.0001)           No. stops:        2880
(PID.TID 0000.0001)   Seconds in section "DO_ATMOSPHERIC_PHYS [FORWARD_STEP]":
(PID.TID 0000.0001)           User time:   4.6259336173534393E-002
(PID.TID 0000.0001)         System time:   8.2126259803771973E-004
(PID.TID 0000.0001)     Wall clock time:   4.7428131103515625E-002
(PID.TID 0000.0001)          No. starts:        2880
(PID.TID 0000.0001)           No. stops:        2880
(PID.TID 0000.0001)   Seconds in section "DO_OCEANIC_PHYS     [FORWARD_STEP]":
(PID.TID 0000.0001)           User time:  0.63250785320997238
(PID.TID 0000.0001)         System time:   1.0468214750289917E-002
(PID.TID 0000.0001)     Wall clock time:  0.64705610275268555
(PID.TID 0000.0001)          No. starts:        2880
(PID.TID 0000.0001)           No. stops:        2880
(PID.TID 0000.0001)   Seconds in section "THERMODYNAMICS      [FORWARD_STEP]":
(PID.TID 0000.0001)           User time:   1.9543933942914009
(PID.TID 0000.0001)         System time:   2.8160035610198975E-002
(PID.TID 0000.0001)     Wall clock time:   2.0002887248992920
(PID.TID 0000.0001)          No. starts:        2880
(PID.TID 0000.0001)           No. stops:        2880
(PID.TID 0000.0001)   Seconds in section "DYNAMICS            [FORWARD_STEP]":
(PID.TID 0000.0001)           User time:   3.4317153990268707
(PID.TID 0000.0001)         System time:   9.9681317806243896E-003
(PID.TID 0000.0001)     Wall clock time:   3.4838519096374512
(PID.TID 0000.0001)          No. starts:        2880
(PID.TID 0000.0001)           No. stops:        2880
(PID.TID 0000.0001)   Seconds in section "SOLVE_FOR_PRESSURE  [FORWARD_STEP]":
(PID.TID 0000.0001)           User time:   1.0412567406892776
(PID.TID 0000.0001)         System time:   5.2038431167602539E-003
(PID.TID 0000.0001)     Wall clock time:   1.0579044818878174
(PID.TID 0000.0001)          No. starts:        2880
(PID.TID 0000.0001)           No. stops:        2880
(PID.TID 0000.0001)   Seconds in section "MOM_CORRECTION_STEP [FORWARD_STEP]":
(PID.TID 0000.0001)           User time:  0.15591771900653839
(PID.TID 0000.0001)         System time:   9.6088647842407227E-004
(PID.TID 0000.0001)     Wall clock time:  0.15859222412109375
(PID.TID 0000.0001)          No. starts:        2880
(PID.TID 0000.0001)           No. stops:        2880
(PID.TID 0000.0001)   Seconds in section "INTEGR_CONTINUITY   [FORWARD_STEP]":
(PID.TID 0000.0001)           User time:  0.27591712027788162
(PID.TID 0000.0001)         System time:   1.9590854644775391E-003
(PID.TID 0000.0001)     Wall clock time:  0.28184461593627930
(PID.TID 0000.0001)          No. starts:        2880
(PID.TID 0000.0001)           No. stops:        2880
(PID.TID 0000.0001)   Seconds in section "TRC_CORRECTION_STEP [FORWARD_STEP]":
(PID.TID 0000.0001)           User time:   1.5093564987182617E-002
(PID.TID 0000.0001)         System time:   1.3875961303710938E-004
(PID.TID 0000.0001)     Wall clock time:   1.5489816665649414E-002
(PID.TID 0000.0001)          No. starts:        2880
(PID.TID 0000.0001)           No. stops:        2880
(PID.TID 0000.0001)   Seconds in section "BLOCKING_EXCHANGES  [FORWARD_STEP]":
(PID.TID 0000.0001)           User time:  0.35697092115879059
(PID.TID 0000.0001)         System time:   3.0589401721954346E-003
(PID.TID 0000.0001)     Wall clock time:  0.36232089996337891
(PID.TID 0000.0001)          No. starts:        2880
(PID.TID 0000.0001)           No. stops:        2880
(PID.TID 0000.0001)   Seconds in section "MONITOR             [FORWARD_STEP]":
(PID.TID 0000.0001)           User time:   3.9665699005126953E-003
(PID.TID 0000.0001)         System time:   5.0932168960571289E-005
(PID.TID 0000.0001)     Wall clock time:   4.4224262237548828E-003
(PID.TID 0000.0001)          No. starts:         720
(PID.TID 0000.0001)           No. stops:         720
(PID.TID 0000.0001)   Seconds in section "COST_TILE           [FORWARD_STEP]":
(PID.TID 0000.0001)           User time:  0.24702131748199463
(PID.TID 0000.0001)         System time:   2.1628737449645996E-003
(PID.TID 0000.0001)     Wall clock time:  0.25115609169006348
(PID.TID 0000.0001)          No. starts:        2880
(PID.TID 0000.0001)           No. stops:        2880
(PID.TID 0000.0001)   Seconds in section "DO_THE_MODEL_IO     [FORWARD_STEP]":
(PID.TID 0000.0001)           User time:   2.3117281496524811E-002
(PID.TID 0000.0001)         System time:   9.0742409229278564E-003
(PID.TID 0000.0001)     Wall clock time:  0.12394714355468750
(PID.TID 0000.0001)          No. starts:        2880
(PID.TID 0000.0001)           No. stops:        2880
(PID.TID 0000.0001)   Seconds in section "DO_WRITE_PICKUP     [FORWARD_STEP]":
(PID.TID 0000.0001)           User time:   1.8245398998260498E-002
(PID.TID 0000.0001)         System time:   4.4199824333190918E-004
(PID.TID 0000.0001)     Wall clock time:   3.5238504409790039E-002
(PID.TID 0000.0001)          No. starts:        2880
(PID.TID 0000.0001)           No. stops:        2880
(PID.TID 0000.0001)   Seconds in section "CTRL_PACK           [THE_MODEL_MAIN]":
(PID.TID 0000.0001)           User time:   6.7424774169921875E-004
(PID.TID 0000.0001)         System time:   2.0265579223632812E-006
(PID.TID 0000.0001)     Wall clock time:   2.5742053985595703E-003
(PID.TID 0000.0001)          No. starts:           1
(PID.TID 0000.0001)           No. stops:           1
(PID.TID 0000.0001)   Seconds in section "CTRL_PACK     [THE_MODEL_MAIN]":
(PID.TID 0000.0001)           User time:   0.0000000000000000
(PID.TID 0000.0001)         System time:   4.6896934509277344E-004
(PID.TID 0000.0001)     Wall clock time:   2.0978450775146484E-003
(PID.TID 0000.0001)          No. starts:           1
(PID.TID 0000.0001)           No. stops:           1
(PID.TID 0000.0001)   Seconds in section "GRDCHK_MAIN         [THE_MODEL_MAIN]":
(PID.TID 0000.0001)           User time:   4.5553798675537109
(PID.TID 0000.0001)         System time:   3.4307956695556641E-002
(PID.TID 0000.0001)     Wall clock time:   4.6255931854248047
(PID.TID 0000.0001)          No. starts:           1
(PID.TID 0000.0001)           No. stops:           1
(PID.TID 0000.0001)   Seconds in section "INITIALISE_VARIA    [THE_MAIN_LOOP]":
(PID.TID 0000.0001)           User time:   1.3017654418945312E-003
(PID.TID 0000.0001)         System time:   4.6669840812683105E-003
(PID.TID 0000.0001)     Wall clock time:   1.0014057159423828E-002
(PID.TID 0000.0001)          No. starts:           2
(PID.TID 0000.0001)           No. stops:           2
(PID.TID 0000.0001)   Seconds in section "MAIN LOOP           [THE_MAIN_LOOP]":
(PID.TID 0000.0001)           User time:   4.5536489486694336
(PID.TID 0000.0001)         System time:   2.8799951076507568E-002
(PID.TID 0000.0001)     Wall clock time:   4.6051940917968750
(PID.TID 0000.0001)          No. starts:           2
(PID.TID 0000.0001)           No. stops:           2
(PID.TID 0000.0001)   Seconds in section "MAIN_DO_LOOP        [THE_MAIN_LOOP]":
(PID.TID 0000.0001)           User time:   4.5452241897583008
(PID.TID 0000.0001)         System time:   2.8720021247863770E-002
(PID.TID 0000.0001)     Wall clock time:   4.5964775085449219
(PID.TID 0000.0001)          No. starts:        1440
(PID.TID 0000.0001)           No. stops:        1440
(PID.TID 0000.0001)   Seconds in section "COST_FINAL         [ADJOINT SPIN-DOWN]":
(PID.TID 0000.0001)           User time:   2.8610229492187500E-004
(PID.TID 0000.0001)         System time:   0.0000000000000000
(PID.TID 0000.0001)     Wall clock time:   4.1413307189941406E-004
(PID.TID 0000.0001)          No. starts:           2
(PID.TID 0000.0001)           No. stops:           2
(PID.TID 0000.0001) // ======================================================
(PID.TID 0000.0001) // Tile <-> Tile communication statistics
(PID.TID 0000.0001) // ======================================================
(PID.TID 0000.0001) // o Tile number: 000001
(PID.TID 0000.0001) //         No. X exchanges =              0
(PID.TID 0000.0001) //            Max. X spins =              0
(PID.TID 0000.0001) //            Min. X spins =     1000000000
(PID.TID 0000.0001) //          Total. X spins =              0
(PID.TID 0000.0001) //            Avg. X spins =       0.00E+00
(PID.TID 0000.0001) //         No. Y exchanges =              0
(PID.TID 0000.0001) //            Max. Y spins =              0
(PID.TID 0000.0001) //            Min. Y spins =     1000000000
(PID.TID 0000.0001) //          Total. Y spins =              0
(PID.TID 0000.0001) //            Avg. Y spins =       0.00E+00
(PID.TID 0000.0001) // o Thread number: 000001
(PID.TID 0000.0001) //            No. barriers =         488928
(PID.TID 0000.0001) //      Max. barrier spins =              1
(PID.TID 0000.0001) //      Min. barrier spins =              1
(PID.TID 0000.0001) //     Total barrier spins =         488928
(PID.TID 0000.0001) //      Avg. barrier spins =       1.00E+00
PROGRAM MAIN: Execution ended Normally
