(PID.TID 0000.0001) 
(PID.TID 0000.0001) // ======================================================
(PID.TID 0000.0001) //                      MITgcm UV
(PID.TID 0000.0001) //                      =========
(PID.TID 0000.0001) // ======================================================
(PID.TID 0000.0001) // execution environment starting up...
(PID.TID 0000.0001) 
(PID.TID 0000.0001) // MITgcmUV version:  checkpoint68j
(PID.TID 0000.0001) // Build user:        mjalabert314
(PID.TID 0000.0001) // Build host:        pod.cnsi.ucsb.edu
(PID.TID 0000.0001) // Build date:        Wed Aug 12 15:46:28 PDT 2026
(PID.TID 0000.0001) 
(PID.TID 0000.0001) // =======================================================
(PID.TID 0000.0001) // Execution Environment parameter file "eedata"
(PID.TID 0000.0001) // =======================================================
(PID.TID 0000.0001) > &EEPARMS
(PID.TID 0000.0001) > nTx=1,
(PID.TID 0000.0001) > nTy=1,
(PID.TID 0000.0001) > /
(PID.TID 0000.0001) >
(PID.TID 0000.0001) 
(PID.TID 0000.0001) // =======================================================
(PID.TID 0000.0001) // Computational Grid Specification ( see files "SIZE.h" )
(PID.TID 0000.0001) //                                  ( and "eedata"       )
(PID.TID 0000.0001) // =======================================================
(PID.TID 0000.0001)      nPx =    2 ; /* No. processes in X */
(PID.TID 0000.0001)      nPy =    2 ; /* No. processes in Y */
(PID.TID 0000.0001)      nSx =    1 ; /* No. tiles in X per process */
(PID.TID 0000.0001)      nSy =    1 ; /* No. tiles in Y per process */
(PID.TID 0000.0001)      sNx =   31 ; /* Tile size in X */
(PID.TID 0000.0001)      sNy =   31 ; /* Tile size in Y */
(PID.TID 0000.0001)      OLx =    2 ; /* Tile overlap distance in X */
(PID.TID 0000.0001)      OLy =    2 ; /* Tile overlap distance in Y */
(PID.TID 0000.0001)      nTx =    1 ; /* No. threads in X per process */
(PID.TID 0000.0001)      nTy =    1 ; /* No. threads in Y per process */
(PID.TID 0000.0001)       Nr =   15 ; /* No. levels in the vertical   */
(PID.TID 0000.0001)       Nx =   62 ; /* Total domain size in X ( = nPx*nSx*sNx ) */
(PID.TID 0000.0001)       Ny =   62 ; /* Total domain size in Y ( = nPy*nSy*sNy ) */
(PID.TID 0000.0001)   nTiles =    1 ; /* Total no. tiles per process ( = nSx*nSy ) */
(PID.TID 0000.0001)   nProcs =    4 ; /* Total no. processes ( = nPx*nPy ) */
(PID.TID 0000.0001) nThreads =    1 ; /* Total no. threads per process ( = nTx*nTy ) */
(PID.TID 0000.0001) usingMPI =    T ; /* Flag used to control whether MPI is in use */
(PID.TID 0000.0001)                   /*  note: To execute a program with MPI calls */
(PID.TID 0000.0001)                   /*  it must be launched appropriately e.g     */
(PID.TID 0000.0001)                   /*  "mpirun -np 64 ......"                    */
(PID.TID 0000.0001) useCoupler=   F ; /* Flag used to control communications with   */
(PID.TID 0000.0001)                   /*  other model components, through a coupler */
(PID.TID 0000.0001) useNest2W_parent =    F ;/* Control 2-W Nesting comm */
(PID.TID 0000.0001) useNest2W_child  =    F ;/* Control 2-W Nesting comm */
(PID.TID 0000.0001) debugMode =    F ; /* print debug msg. (sequence of S/R calls)  */
(PID.TID 0000.0001) printMapIncludesZeros=    F ; /* print zeros in Std.Output maps */
(PID.TID 0000.0001) maxLengthPrt1D=   65 /* maxLength of 1D array printed to StdOut */
(PID.TID 0000.0001) 
(PID.TID 0000.0001) ======= Starting MPI parallel Run =========
(PID.TID 0000.0001)  My Processor Name (len:  6 ) = node64
(PID.TID 0000.0001)  Located at (  0,  0) on processor grid (0:  1,0:  1)
(PID.TID 0000.0001)  Origin at  (     1,     1) on global grid (1:    62,1:    62)
(PID.TID 0000.0001)  North neighbor = processor 0001
(PID.TID 0000.0001)  South neighbor = processor 0001
(PID.TID 0000.0001)   East neighbor = processor 0002
(PID.TID 0000.0001)   West neighbor = processor 0002
(PID.TID 0000.0001) // ======================================================
(PID.TID 0000.0001) // Mapping of tiles to threads
(PID.TID 0000.0001) // ======================================================
(PID.TID 0000.0001) // -o- Thread   1, tiles (   1:   1,   1:   1)
(PID.TID 0000.0001) 
(PID.TID 0000.0001) // ======================================================
(PID.TID 0000.0001) // Tile <-> Tile connectvity table
(PID.TID 0000.0001) // ======================================================
(PID.TID 0000.0001) // Tile number: 000001 (process no. = 000000)
(PID.TID 0000.0001) //        WEST: Tile = 000002, Process = 000002, Comm = messages
(PID.TID 0000.0001) //                bi = 000001, bj = 000001
(PID.TID 0000.0001) //        EAST: Tile = 000002, Process = 000002, Comm = messages
(PID.TID 0000.0001) //                bi = 000001, bj = 000001
(PID.TID 0000.0001) //       SOUTH: Tile = 000003, Process = 000001, Comm = messages
(PID.TID 0000.0001) //                bi = 000001, bj = 000001
(PID.TID 0000.0001) //       NORTH: Tile = 000003, Process = 000001, Comm = messages
(PID.TID 0000.0001) //                bi = 000001, bj = 000001
(PID.TID 0000.0001) 
(PID.TID 0000.0001)  INI_PARMS: opening model parameter file "data"
(PID.TID 0000.0001)  OPEN_COPY_DATA_FILE: opening file data
(PID.TID 0000.0001) // =======================================================
(PID.TID 0000.0001) // Parameter file "data"
(PID.TID 0000.0001) // =======================================================
(PID.TID 0000.0001) ># AF--FNO S0 adjoint: official 1-degree baroclinic-gyre tutorial physics
(PID.TID 0000.0001) > &PARM01
(PID.TID 0000.0001) > viscAh=5000.,
(PID.TID 0000.0001) > viscAr=1.E-2,
(PID.TID 0000.0001) > no_slip_sides=.TRUE.,
(PID.TID 0000.0001) > no_slip_bottom=.FALSE.,
(PID.TID 0000.0001) > diffKhT=1000.,
(PID.TID 0000.0001) > diffKrT=1.E-5,
(PID.TID 0000.0001) > ivdc_kappa=1.,
(PID.TID 0000.0001) > implicitDiffusion=.TRUE.,
(PID.TID 0000.0001) > eosType='LINEAR',
(PID.TID 0000.0001) > tRef=30.,27.,24.,21.,18.,15.,13.,11.,9.,7.,6.,5.,4.,3.,2.,
(PID.TID 0000.0001) > tAlpha=2.E-4,
(PID.TID 0000.0001) > sBeta=0.,
(PID.TID 0000.0001) > rhoNil=999.8,
(PID.TID 0000.0001) > gravity=9.81,
(PID.TID 0000.0001) > rigidLid=.FALSE.,
(PID.TID 0000.0001) > implicitFreeSurface=.TRUE.,
(PID.TID 0000.0001) > exactConserv=.TRUE.,
(PID.TID 0000.0001) > saltStepping=.FALSE.,
(PID.TID 0000.0001) > useSingleCpuIO=.TRUE.,
(PID.TID 0000.0001) > /
(PID.TID 0000.0001) > &PARM02
(PID.TID 0000.0001) > cg2dTargetResidual=1.E-7,
(PID.TID 0000.0001) > cg2dMaxIters=1000,
(PID.TID 0000.0001) > /
(PID.TID 0000.0001) > &PARM03
(PID.TID 0000.0001) > nIter0=3111120,
(PID.TID 0000.0001) > nTimeSteps=720,
(PID.TID 0000.0001) > deltaT=1200.,
(PID.TID 0000.0001) > pChkptFreq=0.0,
(PID.TID 0000.0001) > chkptFreq=0.,
(PID.TID 0000.0001) > dumpFreq=0.,
(PID.TID 0000.0001) > monitorFreq=2592000.,
(PID.TID 0000.0001) > monitorSelect=2,
(PID.TID 0000.0001) > tauThetaClimRelax=2592000.,
(PID.TID 0000.0001) > /
(PID.TID 0000.0001) > &PARM04
(PID.TID 0000.0001) > usingSphericalPolarGrid=.TRUE.,
(PID.TID 0000.0001) > delX=62*1.,
(PID.TID 0000.0001) > delY=62*1.,
(PID.TID 0000.0001) > xgOrigin=-1.,
(PID.TID 0000.0001) > ygOrigin=14.,
(PID.TID 0000.0001) > delR=50.,60.,70.,80.,90.,100.,110.,120.,130.,140.,150.,160.,170.,180.,190.,
(PID.TID 0000.0001) > /
(PID.TID 0000.0001) > &PARM05
(PID.TID 0000.0001) > bathyFile='bathy.bin',
(PID.TID 0000.0001) > zonalWindFile='windx_cosy.bin',
(PID.TID 0000.0001) > thetaClimFile='SST_relax.bin',
(PID.TID 0000.0001) > /
(PID.TID 0000.0001) 
(PID.TID 0000.0001)  INI_PARMS ; starts to read PARM01
(PID.TID 0000.0001)  INI_PARMS ; read PARM01 : OK
(PID.TID 0000.0001)  INI_PARMS ; starts to read PARM02
(PID.TID 0000.0001)  INI_PARMS ; read PARM02 : OK
(PID.TID 0000.0001)  INI_PARMS ; starts to read PARM03
(PID.TID 0000.0001)  INI_PARMS ; read PARM03 : OK
(PID.TID 0000.0001)  INI_PARMS ; starts to read PARM04
(PID.TID 0000.0001)  INI_PARMS ; read PARM04 : OK
(PID.TID 0000.0001)  INI_PARMS ; starts to read PARM05
(PID.TID 0000.0001)  INI_PARMS ; read PARM05 : OK
(PID.TID 0000.0001)  INI_PARMS: finished reading file "data"
(PID.TID 0000.0001)  PACKAGES_BOOT: opening data.pkg
(PID.TID 0000.0001)  OPEN_COPY_DATA_FILE: opening file data.pkg
(PID.TID 0000.0001) // =======================================================
(PID.TID 0000.0001) // Parameter file "data.pkg"
(PID.TID 0000.0001) // =======================================================
(PID.TID 0000.0001) > &PACKAGES
(PID.TID 0000.0001) > useMNC=.FALSE.,
(PID.TID 0000.0001) > useDiagnostics=.TRUE.,
(PID.TID 0000.0001) > useGrdchk=.TRUE.,
(PID.TID 0000.0001) > /
(PID.TID 0000.0001) 
(PID.TID 0000.0001)  PACKAGES_BOOT: finished reading data.pkg
(PID.TID 0000.0001)  PACKAGES_BOOT: On/Off package Summary
 --------  pkgs with a standard "usePKG" On/Off switch in "data.pkg":  --------
 pkg/autodiff             compiled   and   used ( useAUTODIFF              = T )
 pkg/grdchk               compiled   and   used ( useGrdchk                = T )
 pkg/ctrl                 compiled   and   used ( useCTRL                  = T )
 pkg/diagnostics          compiled   and   used ( useDiagnostics           = T )
 -------- pkgs without standard "usePKG" On/Off switch in "data.pkg":  --------
 pkg/generic_advdiff      compiled   and   used ( useGAD                   = T )
 pkg/mom_common           compiled   and   used ( momStepping              = T )
 pkg/mom_vecinv           compiled but not used ( +vectorInvariantMomentum = F )
 pkg/mom_fluxform         compiled   and   used ( & not vectorInvariantMom = T )
 pkg/monitor              compiled   and   used ( monitorFreq > 0.         = T )
 pkg/debug                compiled but not used ( debugMode                = F )
 pkg/rw                   compiled   and   used
 pkg/mdsio                compiled   and   used
 pkg/autodiff             compiled   and   used
 pkg/cost                 compiled   and   used
(PID.TID 0000.0001)  PACKAGES_BOOT: End of package Summary
(PID.TID 0000.0001) 
(PID.TID 0000.0001) AUTODIFF_READPARMS: opening data.autodiff
(PID.TID 0000.0001)  OPEN_COPY_DATA_FILE: opening file data.autodiff
(PID.TID 0000.0001) // =======================================================
(PID.TID 0000.0001) // Parameter file "data.autodiff"
(PID.TID 0000.0001) // =======================================================
(PID.TID 0000.0001) ># AF--FNO adjoint options.
(PID.TID 0000.0001) >#
(PID.TID 0000.0001) ># inAdExact = .TRUE. (the default) requests the exact adjoint with no
(PID.TID 0000.0001) ># approximation.  Do not relax it: the whole point of this dataset is that it
(PID.TID 0000.0001) ># is exact.
(PID.TID 0000.0001) > &AUTODIFF_PARM01
(PID.TID 0000.0001) > inAdExact = .TRUE.,
(PID.TID 0000.0001) > /
(PID.TID 0000.0001) 
(PID.TID 0000.0001) AUTODIFF_READPARMS: finished reading data.autodiff
(PID.TID 0000.0001) // ===================================
(PID.TID 0000.0001) // AUTODIFF parameters :
(PID.TID 0000.0001) // ===================================
(PID.TID 0000.0001) inAdExact = /* get an exact adjoint (no approximation) */
(PID.TID 0000.0001)                   T
(PID.TID 0000.0001)     ;
(PID.TID 0000.0001) useApproxAdvectionInAdMode = /* approximate AD-advection */
(PID.TID 0000.0001)                   F
(PID.TID 0000.0001)     ;
(PID.TID 0000.0001) cg2dFullAdjoint = /* use full hand written cg2d adjoint (no approximation) */
(PID.TID 0000.0001)                   F
(PID.TID 0000.0001)     ;
(PID.TID 0000.0001) useKPPinAdMode = /* use KPP in adjoint mode */
(PID.TID 0000.0001)                   F
(PID.TID 0000.0001)     ;
(PID.TID 0000.0001) useGMRediInAdMode = /* use GMRedi in adjoint mode */
(PID.TID 0000.0001)                   F
(PID.TID 0000.0001)     ;
(PID.TID 0000.0001) useSEAICEinAdMode = /* use SEAICE in adjoint mode */
(PID.TID 0000.0001)                   F
(PID.TID 0000.0001)     ;
(PID.TID 0000.0001) useGGL90inAdMode = /* use GGL90 in adjoint mode */
(PID.TID 0000.0001)                   F
(PID.TID 0000.0001)     ;
(PID.TID 0000.0001) useSALT_PLUMEinAdMode = /* use SALT_PLUME in adjoint mode */
(PID.TID 0000.0001)                   F
(PID.TID 0000.0001)     ;
(PID.TID 0000.0001) dumpAdVarExch = /* control adexch before dumpinp */
(PID.TID 0000.0001)                       2
(PID.TID 0000.0001)     ;
(PID.TID 0000.0001) mon_AdVarExch = /* control adexch before monitor */
(PID.TID 0000.0001)                       2
(PID.TID 0000.0001)     ;
(PID.TID 0000.0001) viscFacInFw = /* viscosity factor for forward model */
(PID.TID 0000.0001)                 1.000000000000000E+00
(PID.TID 0000.0001)     ;
(PID.TID 0000.0001) viscFacInAd = /* viscosity factor for adjoint */
(PID.TID 0000.0001)                 1.000000000000000E+00
(PID.TID 0000.0001)     ;
(PID.TID 0000.0001) SIregFacInAd = /* sea ice factor for adjoint model */
(PID.TID 0000.0001)                 1.234567000000000E+05
(PID.TID 0000.0001)     ;
(PID.TID 0000.0001) SIregFacInFw = /* sea ice factor for forward model */
(PID.TID 0000.0001)                 1.234567000000000E+05
(PID.TID 0000.0001)     ;
(PID.TID 0000.0001) 
(PID.TID 0000.0001) OPTIM_READPARMS: opening data.optim
(PID.TID 0000.0001)  OPEN_COPY_DATA_FILE: opening file data.optim
(PID.TID 0000.0001) // =======================================================
(PID.TID 0000.0001) // Parameter file "data.optim"
(PID.TID 0000.0001) // =======================================================
(PID.TID 0000.0001) ># AF--FNO adjoint optimisation cycle.
(PID.TID 0000.0001) >#
(PID.TID 0000.0001) ># optimcycle = 0 fixes the control filename to xx_etan.0000000000.data and the
(PID.TID 0000.0001) ># gradient to adxx_etan.0000000000.data.  There is no optimisation here: this
(PID.TID 0000.0001) ># is a pure sensitivity calculation, one cycle only.
(PID.TID 0000.0001) > &OPTIM
(PID.TID 0000.0001) > optimcycle = 0,
(PID.TID 0000.0001) > /
(PID.TID 0000.0001) 
(PID.TID 0000.0001) OPTIM_READPARMS: finished reading data.optim
(PID.TID 0000.0001) CTRL_READPARMS: opening data.ctrl
(PID.TID 0000.0001)  OPEN_COPY_DATA_FILE: opening file data.ctrl
(PID.TID 0000.0001) // =======================================================
(PID.TID 0000.0001) // Parameter file "data.ctrl"
(PID.TID 0000.0001) // =======================================================
(PID.TID 0000.0001) ># AF--FNO adjoint control variables.
(PID.TID 0000.0001) >#
(PID.TID 0000.0001) ># The single control is the initial sea surface height, enabled by
(PID.TID 0000.0001) ># ALLOW_GENARR2D_CONTROL in code_ad/CTRL_OPTIONS.h.
(PID.TID 0000.0001) >#
(PID.TID 0000.0001) ># NOT ALLOW_ETAN0_CONTROL: in c68j every block of that flag lives inside
(PID.TID 0000.0001) ># #ifdef ECCO_CTRL_DEPRECATED, which is defined nowhere, so CTRL_MAP_INI
(PID.TID 0000.0001) ># compiles to an empty subroutine and the adjoint comes back identically zero.
(PID.TID 0000.0001) ># The generic-array path is the live one.
(PID.TID 0000.0001) >#
(PID.TID 0000.0001) ># ctrl_map_ini_genarr.F keys on the first 7 characters of xx_genarr2d_file, so
(PID.TID 0000.0001) ># the name must start with 'xx_etan'; it then calls
(PID.TID 0000.0001) ># CTRL_MAP_GENARR2D( etaN, ... ), which ACTIVE_READ_XY's
(PID.TID 0000.0001) ># xx_etan.<optimcycle> against xx_genarr2d_dummy(1) and adds it to etaN,
(PID.TID 0000.0001) ># masked by the surface maskC.  etaH follows through UPDATE_ETAH.
(PID.TID 0000.0001) >#
(PID.TID 0000.0001) ># xx_genarr2d_weight must be non-blank or ctrl_init.F:807 never registers the
(PID.TID 0000.0001) ># control and ctrl_map_ini_genarr.F:117 never matches it -- a blank weight is a
(PID.TID 0000.0001) ># second, quieter way to get a zero adjoint.  The named file is read
(PID.TID 0000.0001) ># unconditionally by READ_REC_3D_RL at ctrlprec (= 64, big-endian float64).
(PID.TID 0000.0001) >#
(PID.TID 0000.0001) ># 'noscaling' is REQUIRED for ground truth.  Without it ctrl_map_genarr.F:142
(PID.TID 0000.0001) ># divides the control by SQRT(wgenarr2d), which rescales the returned gradient
(PID.TID 0000.0001) ># by the same factor.  With it, fld = fld + xx_gen*mask and the gradient is
(PID.TID 0000.0001) ># dJ/deta in metres per metre, unscaled.  wetan_ones.bin then only has to be
(PID.TID 0000.0001) ># positive; it is staged as exact ones by scripts/stage_adjoint_run.py.
(PID.TID 0000.0001) >#
(PID.TID 0000.0001) ># xx_genarr2d_bounds is left at its default of all zeros: CTRL_BOUND_2D is a
(PID.TID 0000.0001) ># no-op unless boundsVec(1) < boundsVec(4).
(PID.TID 0000.0001) >#
(PID.TID 0000.0001) ># The gradient comes back as adxx_etan.<optimcycle>.data, 62x62.
(PID.TID 0000.0001) > &CTRL_NML
(PID.TID 0000.0001) > /
(PID.TID 0000.0001) >#
(PID.TID 0000.0001) ># names for ctrl_pack / ctrl_unpack
(PID.TID 0000.0001) > &CTRL_PACKNAMES
(PID.TID 0000.0001) > /
(PID.TID 0000.0001) >#
(PID.TID 0000.0001) ># the generic 2-D control: initial etaN
(PID.TID 0000.0001) > &CTRL_NML_GENARR
(PID.TID 0000.0001) > xx_genarr2d_file(1)      = 'xx_etan',
(PID.TID 0000.0001) > xx_genarr2d_weight(1)    = 'wetan_ones.bin',
(PID.TID 0000.0001) > xx_genarr2d_preproc(1,1) = 'noscaling',
(PID.TID 0000.0001) > /
(PID.TID 0000.0001) 
(PID.TID 0000.0001) CTRL_READPARMS: finished reading data.ctrl
(PID.TID 0000.0001) COST_READPARMS: opening data.cost
(PID.TID 0000.0001)  OPEN_COPY_DATA_FILE: opening file data.cost
(PID.TID 0000.0001) // =======================================================
(PID.TID 0000.0001) // Parameter file "data.cost"
(PID.TID 0000.0001) // =======================================================
(PID.TID 0000.0001) ># AF--FNO adjoint cost function.
(PID.TID 0000.0001) >#
(PID.TID 0000.0001) ># mult_test = 1. exactly, so fc = J and adxx_etan = dJ/deta with no rescaling.
(PID.TID 0000.0001) >#
(PID.TID 0000.0001) ># afCostWeightFile names the runtime weight field w that defines the quantity
(PID.TID 0000.0001) ># of interest:  J = sum_ij w_ij * etaN_ij(T).  Built by
(PID.TID 0000.0001) ># scripts/make_cost_weight.py, 62x62 big-endian float32.
(PID.TID 0000.0001) >#
(PID.TID 0000.0001) >#   costWeight_ssh_anomaly.bin  SSH anomaly at p* = (i=2, j=17)   <- production
(PID.TID 0000.0001) >#   costWeight_mean_only.bin    area-weighted wet mean alone      <- gate G3
(PID.TID 0000.0001) >#   costWeight_point_only.bin   bare point value at p*            <- diagnostic
(PID.TID 0000.0001) >#
(PID.TID 0000.0001) ># Changing the target cell or the functional means staging a different file
(PID.TID 0000.0001) ># here.  It never requires a rebuild, and so never a new TAF submission.
(PID.TID 0000.0001) > &COST_NML
(PID.TID 0000.0001) > mult_test        = 1.,
(PID.TID 0000.0001) > afCostWeightFile = 'costWeight.bin',
(PID.TID 0000.0001) > /
(PID.TID 0000.0001) 
(PID.TID 0000.0001) COST_READPARMS: finished reading data.cost
(PID.TID 0000.0001) GRDCHK_READPARMS: opening data.grdchk
(PID.TID 0000.0001)  OPEN_COPY_DATA_FILE: opening file data.grdchk
(PID.TID 0000.0001) // =======================================================
(PID.TID 0000.0001) // Parameter file "data.grdchk"
(PID.TID 0000.0001) // =======================================================
(PID.TID 0000.0001) ># AF--FNO adjoint gradient check -- Stage 7, acceptance gate G1.
(PID.TID 0000.0001) >#
(PID.TID 0000.0001) ># Requires useGrdchk=.TRUE. in data.pkg.  grdchk perturbs one control element
(PID.TID 0000.0001) ># by +/- grdchk_eps, runs the forward model twice, and compares the centred
(PID.TID 0000.0001) ># finite difference against the adjoint gradient.  This is the only thing
(PID.TID 0000.0001) ># standing between "a 62x62 array of plausible numbers" and ground truth.
(PID.TID 0000.0001) >#
(PID.TID 0000.0001) ># grdchkvarindex = 100 + iarr selects the iarr-th generic 2-D control, so 101
(PID.TID 0000.0001) ># is xx_genarr2d_file(1) = 'xx_etan' (ctrl_init.F:807 registers it as
(PID.TID 0000.0001) ># 100+iarr / 200+iarr, grdchk_getxx.F:614 accepts the range).
(PID.TID 0000.0001) >#
(PID.TID 0000.0001) ># NOT 29.  That index belongs to ALLOW_ETAN0_CONTROL, whose entire
(PID.TID 0000.0001) ># implementation is inside #ifdef ECCO_CTRL_DEPRECATED and is not compiled --
(PID.TID 0000.0001) ># see the note in code_ad/CTRL_OPTIONS.h.
(PID.TID 0000.0001) >#
(PID.TID 0000.0001) ># iGloPos / jGloPos are TILE-LOCAL positions (grdchk_get_position.F:81 sets
(PID.TID 0000.0001) ># itilepos = iGloPos, and grdchk_readparms.F:116 rejects iGloPos > sNx).  With
(PID.TID 0000.0001) ># sNx = sNy = 31 on a 2x2 decomposition the tiles cover:
(PID.TID 0000.0001) >#
(PID.TID 0000.0001) >#     iGloTile=1, jGloTile=1  ->  global i=1..31,  j=1..31
(PID.TID 0000.0001) >#     iGloTile=2, jGloTile=1  ->  global i=32..62, j=1..31
(PID.TID 0000.0001) >#     iGloTile=1, jGloTile=2  ->  global i=1..31,  j=32..62
(PID.TID 0000.0001) >#     iGloTile=2, jGloTile=2  ->  global i=32..62, j=32..62
(PID.TID 0000.0001) >#
(PID.TID 0000.0001) ># so global (i,j) in tile (1,1) is simply (iGloPos, jGloPos) = (i, j).
(PID.TID 0000.0001) >#
(PID.TID 0000.0001) ># The settings below are test point 1 of the plan's eight: p* itself,
(PID.TID 0000.0001) ># global (i=2, j=17), the self-sensitivity and the largest value on the map.
(PID.TID 0000.0001) ># Sweep grdchk_eps over {1e-3, 1e-4, 1e-5, 1e-6} and look for the plateau --
(PID.TID 0000.0001) ># a single epsilon agreeing is weak evidence, the plateau is strong evidence.
(PID.TID 0000.0001) >#
(PID.TID 0000.0001) ># The remaining seven points (plan section 8):
(PID.TID 0000.0001) >#   2-3  upstream in the boundary current   (i=2, j=14) and (i=2, j=11)
(PID.TID 0000.0001) >#   4    offshore of the current            (i=4, j=17)
(PID.TID 0000.0001) >#   5    mid-basin interior                 (i=31, j=17) -> tile (1,1) local (31,17)
(PID.TID 0000.0001) >#   6    eastern boundary                   (i=61, j=17) -> tile (2,1) local (30,17)
(PID.TID 0000.0001) >#   7    a convecting column                to be identified from the forward run
(PID.TID 0000.0001) >#
(PID.TID 0000.0001) ># nbeg MUST be 0.  grdchk_main.F:213 calls GRDCHK_GET_POSITION only when
(PID.TID 0000.0001) ># nbeg .EQ. 0; with any other value iGloPos/jGloPos are ignored entirely and
(PID.TID 0000.0001) ># icomp indexes the packed control vector directly, so nbeg=1 silently tests
(PID.TID 0000.0001) ># the FIRST WET CELL (i=2, j=2) no matter what position is requested here.
(PID.TID 0000.0001) ># GRDCHK_GET_POSITION then counts wet cells up to the requested position, sets
(PID.TID 0000.0001) ># nbeg to that count, and does nend = nbeg + nend -- so the namelist nend is an
(PID.TID 0000.0001) ># OFFSET, not an absolute index.  nend = 0 means exactly one test point.
(PID.TID 0000.0001) >#
(PID.TID 0000.0001) ># The land cell of the plan's eight-point table is not reachable from here:
(PID.TID 0000.0001) ># GRDCHK_GET_POSITION only ever lands on cells with wetlocal .NE. 0.  Land is
(PID.TID 0000.0001) ># covered by gate G4 on the extracted map instead, which is the stronger
(PID.TID 0000.0001) ># statement anyway (all 244 land cells, not one).
(PID.TID 0000.0001) > &GRDCHK_NML
(PID.TID 0000.0001) > grdchk_eps     = 1.d-4,
(PID.TID 0000.0001) > grdchkvarindex = 101,
(PID.TID 0000.0001) > useCentralDiff = .TRUE.,
(PID.TID 0000.0001) > iGloPos        = 31,
(PID.TID 0000.0001) > jGloPos        = 24,
(PID.TID 0000.0001) > kGloPos        = 1,
(PID.TID 0000.0001) > iGloTile       = 1,
(PID.TID 0000.0001) > jGloTile       = 2,
(PID.TID 0000.0001) > nbeg           = 0,
(PID.TID 0000.0001) > nstep          = 1,
(PID.TID 0000.0001) > nend           = 0,
(PID.TID 0000.0001) > /
(PID.TID 0000.0001) 
(PID.TID 0000.0001) GRDCHK_READPARMS: finished reading data.grdchk
(PID.TID 0000.0001) 
(PID.TID 0000.0001) // =======================================================
(PID.TID 0000.0001) // Gradient check configuration  >>> START <<<
(PID.TID 0000.0001) // =======================================================
(PID.TID 0000.0001) 
(PID.TID 0000.0001)   grdchkvarindex :                        101
(PID.TID 0000.0001)   eps:                              0.100E-03
(PID.TID 0000.0001)   First location:                           0
(PID.TID 0000.0001)   Last location:                            0
(PID.TID 0000.0001)   Increment:                                1
(PID.TID 0000.0001)   grdchkWhichProc:                         -1
(PID.TID 0000.0001)   iLocTile =       1  ,    jLocTile =       2
(PID.TID 0000.0001) 
(PID.TID 0000.0001) // =======================================================
(PID.TID 0000.0001) // Gradient check configuration  >>> END <<<
(PID.TID 0000.0001) // =======================================================
(PID.TID 0000.0001) 
(PID.TID 0000.0001)  DIAGNOSTICS_READPARMS: opening data.diagnostics
(PID.TID 0000.0001)  OPEN_COPY_DATA_FILE: opening file data.diagnostics
(PID.TID 0000.0001) // =======================================================
(PID.TID 0000.0001) // Parameter file "data.diagnostics"
(PID.TID 0000.0001) // =======================================================
(PID.TID 0000.0001) > &DIAGNOSTICS_LIST
(PID.TID 0000.0001) > dumpAtLast=.FALSE.,
(PID.TID 0000.0001) > diag_mnc=.FALSE.,
(PID.TID 0000.0001) > fields(1:3,1)='UVEL    ','VVEL    ','THETA   ',
(PID.TID 0000.0001) > fileName(1)='dynState',
(PID.TID 0000.0001) > frequency(1)=-86400.,
(PID.TID 0000.0001) > timePhase(1)=0.,
(PID.TID 0000.0001) > fileFlags(1)='R       ',
(PID.TID 0000.0001) > fields(1,2)='ETAN    ',
(PID.TID 0000.0001) > fileName(2)='surfState',
(PID.TID 0000.0001) > frequency(2)=-86400.,
(PID.TID 0000.0001) > timePhase(2)=0.,
(PID.TID 0000.0001) > fileFlags(2)='R       ',
(PID.TID 0000.0001) > /
(PID.TID 0000.0001) > &DIAG_STATIS_PARMS
(PID.TID 0000.0001) > /
(PID.TID 0000.0001) >
(PID.TID 0000.0001) 
(PID.TID 0000.0001) S/R DIAGNOSTICS_READPARMS, read namelist "diagnostics_list": start
(PID.TID 0000.0001) S/R DIAGNOSTICS_READPARMS, read namelist "diagnostics_list": OK
(PID.TID 0000.0001) S/R DIAGNOSTICS_READPARMS, read namelist "DIAG_STATIS_PARMS": start
(PID.TID 0000.0001) S/R DIAGNOSTICS_READPARMS, read namelist "DIAG_STATIS_PARMS": OK
(PID.TID 0000.0001)  DIAGNOSTICS_READPARMS: global parameter summary:
(PID.TID 0000.0001)  dumpAtLast = /* always write time-ave diags at the end */
(PID.TID 0000.0001)                   F
(PID.TID 0000.0001)     ;
(PID.TID 0000.0001)  diag_mnc =   /* write NetCDF output files */
(PID.TID 0000.0001)                   F
(PID.TID 0000.0001)     ;
(PID.TID 0000.0001)  useMissingValue = /* put MissingValue where mask = 0 */
(PID.TID 0000.0001)                   F
(PID.TID 0000.0001)     ;
(PID.TID 0000.0001)  diagCG_maxIters = /* max number of iters in diag_cg2d */
(PID.TID 0000.0001)                    1000
(PID.TID 0000.0001)     ;
(PID.TID 0000.0001)  diagCG_resTarget = /* residual target for diag_cg2d */
(PID.TID 0000.0001)                 1.000000000000000E-07
(PID.TID 0000.0001)     ;
(PID.TID 0000.0001)  diagCG_pcOffDFac = /* preconditioner off-diagonal factor */
(PID.TID 0000.0001)                 9.611687812379854E-01
(PID.TID 0000.0001)     ;
(PID.TID 0000.0001) -----------------------------------------------------
(PID.TID 0000.0001)  DIAGNOSTICS_READPARMS: active diagnostics summary:
(PID.TID 0000.0001) -----------------------------------------------------
(PID.TID 0000.0001) Creating Output Stream: dynState
(PID.TID 0000.0001) Output Frequency:     -86400.000000 ; Phase:           0.000000
(PID.TID 0000.0001)  Averaging Freq.:          0.000000 , Phase:           0.000000 , Cycle:   1
(PID.TID 0000.0001)  missing value: -9.990000000000E+02 ; F-Flags="R       "
(PID.TID 0000.0001)  Levels:    will be set later
(PID.TID 0000.0001)  Fields:    UVEL     VVEL     THETA
(PID.TID 0000.0001) Creating Output Stream: surfState
(PID.TID 0000.0001) Output Frequency:     -86400.000000 ; Phase:           0.000000
(PID.TID 0000.0001)  Averaging Freq.:          0.000000 , Phase:           0.000000 , Cycle:   1
(PID.TID 0000.0001)  missing value: -9.990000000000E+02 ; F-Flags="R       "
(PID.TID 0000.0001)  Levels:    will be set later
(PID.TID 0000.0001)  Fields:    ETAN
(PID.TID 0000.0001) -----------------------------------------------------
(PID.TID 0000.0001)  DIAGNOSTICS_READPARMS: statistics diags. summary:
(PID.TID 0000.0001) -----------------------------------------------------
(PID.TID 0000.0001) 
(PID.TID 0000.0001) SET_PARMS: done
(PID.TID 0000.0001) Enter INI_VERTICAL_GRID: setInterFDr=    T ; setCenterDr=    F
(PID.TID 0000.0001) %MON XC_max                       =   6.0500000000000E+01
(PID.TID 0000.0001) %MON XC_min                       =  -5.0000000000000E-01
(PID.TID 0000.0001) %MON XC_mean                      =   3.0000000000000E+01
(PID.TID 0000.0001) %MON XC_sd                        =   1.7895530168173E+01
(PID.TID 0000.0001) %MON XG_max                       =   6.0000000000000E+01
(PID.TID 0000.0001) %MON XG_min                       =  -1.0000000000000E+00
(PID.TID 0000.0001) %MON XG_mean                      =   2.9500000000000E+01
(PID.TID 0000.0001) %MON XG_sd                        =   1.7895530168173E+01
(PID.TID 0000.0001) %MON DXC_max                      =   1.0763620848898E+05
(PID.TID 0000.0001) %MON DXC_min                      =   2.7836616228646E+04
(PID.TID 0000.0001) %MON DXC_mean                     =   7.4835486957243E+04
(PID.TID 0000.0001) %MON DXC_sd                       =   2.4080389995677E+04
(PID.TID 0000.0001) %MON DXF_max                      =   1.0763620848898E+05
(PID.TID 0000.0001) %MON DXF_min                      =   2.7836616228646E+04
(PID.TID 0000.0001) %MON DXF_mean                     =   7.4835486957243E+04
(PID.TID 0000.0001) %MON DXF_sd                       =   2.4080389995677E+04
(PID.TID 0000.0001) %MON DXG_max                      =   1.0787502725165E+05
(PID.TID 0000.0001) %MON DXG_min                      =   2.8774847489886E+04
(PID.TID 0000.0001) %MON DXG_mean                     =   7.5485691984679E+04
(PID.TID 0000.0001) %MON DXG_sd                       =   2.3877575243700E+04
(PID.TID 0000.0001) %MON DXV_max                      =   1.0787502725165E+05
(PID.TID 0000.0001) %MON DXV_min                      =   2.8774847489886E+04
(PID.TID 0000.0001) %MON DXV_mean                     =   7.5485691984679E+04
(PID.TID 0000.0001) %MON DXV_sd                       =   2.3877575243700E+04
(PID.TID 0000.0001) %MON YC_max                       =   7.5500000000000E+01
(PID.TID 0000.0001) %MON YC_min                       =   1.4500000000000E+01
(PID.TID 0000.0001) %MON YC_mean                      =   4.5000000000000E+01
(PID.TID 0000.0001) %MON YC_sd                        =   1.7895530168173E+01
(PID.TID 0000.0001) %MON YG_max                       =   7.5000000000000E+01
(PID.TID 0000.0001) %MON YG_min                       =   1.4000000000000E+01
(PID.TID 0000.0001) %MON YG_mean                      =   4.4500000000000E+01
(PID.TID 0000.0001) %MON YG_sd                        =   1.7895530168173E+01
(PID.TID 0000.0001) %MON DYC_max                      =   1.1117747335204E+05
(PID.TID 0000.0001) %MON DYC_min                      =   1.1117747335204E+05
(PID.TID 0000.0001) %MON DYC_mean                     =   1.1117747335204E+05
(PID.TID 0000.0001) %MON DYC_sd                       =   1.6298145055771E-09
(PID.TID 0000.0001) %MON DYF_max                      =   1.1117747335204E+05
(PID.TID 0000.0001) %MON DYF_min                      =   1.1117747335204E+05
(PID.TID 0000.0001) %MON DYF_mean                     =   1.1117747335204E+05
(PID.TID 0000.0001) %MON DYF_sd                       =   1.6298145055771E-09
(PID.TID 0000.0001) %MON DYG_max                      =   1.1117747335204E+05
(PID.TID 0000.0001) %MON DYG_min                      =   1.1117747335204E+05
(PID.TID 0000.0001) %MON DYG_mean                     =   1.1117747335204E+05
(PID.TID 0000.0001) %MON DYG_sd                       =   1.6298145055771E-09
(PID.TID 0000.0001) %MON DYU_max                      =   1.1117747335204E+05
(PID.TID 0000.0001) %MON DYU_min                      =   1.1117747335204E+05
(PID.TID 0000.0001) %MON DYU_mean                     =   1.1117747335204E+05
(PID.TID 0000.0001) %MON DYU_sd                       =   1.6298145055771E-09
(PID.TID 0000.0001) %MON RA_max                       =   1.1966569815247E+10
(PID.TID 0000.0001) %MON RA_min                       =   3.0947653786454E+09
(PID.TID 0000.0001) %MON RA_mean                      =   8.3199147564140E+09
(PID.TID 0000.0001) %MON RA_sd                        =   2.6771629371464E+09
(PID.TID 0000.0001) %MON RAW_max                      =   1.1966569815247E+10
(PID.TID 0000.0001) %MON RAW_min                      =   3.0947653786454E+09
(PID.TID 0000.0001) %MON RAW_mean                     =   8.3199147564140E+09
(PID.TID 0000.0001) %MON RAW_sd                       =   2.6771629371464E+09
(PID.TID 0000.0001) %MON RAS_max                      =   1.1993120744872E+10
(PID.TID 0000.0001) %MON RAS_min                      =   3.1990742357493E+09
(PID.TID 0000.0001) %MON RAS_mean                     =   8.3922019910189E+09
(PID.TID 0000.0001) %MON RAS_sd                       =   2.6546147916555E+09
(PID.TID 0000.0001) %MON RAZ_max                      =   1.1993120744872E+10
(PID.TID 0000.0001) %MON RAZ_min                      =   3.1990742357493E+09
(PID.TID 0000.0001) %MON RAZ_mean                     =   8.3922019910189E+09
(PID.TID 0000.0001) %MON RAZ_sd                       =   2.6546147916555E+09
(PID.TID 0000.0001) %MON AngleCS_max                  =   1.0000000000000E+00
(PID.TID 0000.0001) %MON AngleCS_min                  =   1.0000000000000E+00
(PID.TID 0000.0001) %MON AngleCS_mean                 =   1.0000000000000E+00
(PID.TID 0000.0001) %MON AngleCS_sd                   =   0.0000000000000E+00
(PID.TID 0000.0001) %MON AngleSN_max                  =   0.0000000000000E+00
(PID.TID 0000.0001) %MON AngleSN_min                  =   0.0000000000000E+00
(PID.TID 0000.0001) %MON AngleSN_mean                 =   0.0000000000000E+00
(PID.TID 0000.0001) %MON AngleSN_sd                   =   0.0000000000000E+00
(PID.TID 0000.0001) GAD_INIT_FIXED: GAD_OlMinSize=  1  0  1
(PID.TID 0000.0001) 
(PID.TID 0000.0001) // ===================================
(PID.TID 0000.0001) // GAD parameters :
(PID.TID 0000.0001) // ===================================
(PID.TID 0000.0001) tempAdvScheme =   /* Temp. Horiz.Advection scheme selector */
(PID.TID 0000.0001)                       2
(PID.TID 0000.0001)     ;
(PID.TID 0000.0001) tempVertAdvScheme =   /* Temp. Vert. Advection scheme selector */
(PID.TID 0000.0001)                       2
(PID.TID 0000.0001)     ;
(PID.TID 0000.0001) tempMultiDimAdvec =   /* use Muti-Dim Advec method for Temp */
(PID.TID 0000.0001)                   F
(PID.TID 0000.0001)     ;
(PID.TID 0000.0001) tempSOM_Advection = /* use 2nd Order Moment Advection for Temp */
(PID.TID 0000.0001)                   F
(PID.TID 0000.0001)     ;
(PID.TID 0000.0001) AdamsBashforthGt = /* apply Adams-Bashforth extrapolation on Gt */
(PID.TID 0000.0001)                   T
(PID.TID 0000.0001)     ;
(PID.TID 0000.0001) AdamsBashforth_T = /* apply Adams-Bashforth extrapolation on Temp */
(PID.TID 0000.0001)                   F
(PID.TID 0000.0001)     ;
(PID.TID 0000.0001) saltAdvScheme =   /* Salt. Horiz.advection scheme selector */
(PID.TID 0000.0001)                       2
(PID.TID 0000.0001)     ;
(PID.TID 0000.0001) saltVertAdvScheme =   /* Salt. Vert. Advection scheme selector */
(PID.TID 0000.0001)                       2
(PID.TID 0000.0001)     ;
(PID.TID 0000.0001) saltMultiDimAdvec =   /* use Muti-Dim Advec method for Salt */
(PID.TID 0000.0001)                   F
(PID.TID 0000.0001)     ;
(PID.TID 0000.0001) saltSOM_Advection = /* use 2nd Order Moment Advection for Salt */
(PID.TID 0000.0001)                   F
(PID.TID 0000.0001)     ;
(PID.TID 0000.0001) AdamsBashforthGs = /* apply Adams-Bashforth extrapolation on Gs */
(PID.TID 0000.0001)                   F
(PID.TID 0000.0001)     ;
(PID.TID 0000.0001) AdamsBashforth_S = /* apply Adams-Bashforth extrapolation on Salt */
(PID.TID 0000.0001)                   F
(PID.TID 0000.0001)     ;
(PID.TID 0000.0001) // ===================================
(PID.TID 0000.0001) ctrl-wet 1:    nvarlength =          900
(PID.TID 0000.0001) ctrl-wet 2: surface wet C =          900
(PID.TID 0000.0001) ctrl-wet 3: surface wet W =          870
(PID.TID 0000.0001) ctrl-wet 4: surface wet S =          870
(PID.TID 0000.0001) ctrl-wet 4a:surface wet V =            0
(PID.TID 0000.0001) ctrl-wet 5: 3D wet points =        13500
(PID.TID 0000.0001) ctrl-wet 6: no recs for i =     1           0
(PID.TID 0000.0001) ctrl-wet 6: no recs for i =     2           0
(PID.TID 0000.0001) ctrl-wet 6: no recs for i =     3           0
(PID.TID 0000.0001) ctrl-wet 6: no recs for i =     4           0
(PID.TID 0000.0001) ctrl-wet 6: no recs for i =     5           0
(PID.TID 0000.0001) ctrl-wet 6: no recs for i =     6           0
(PID.TID 0000.0001) ctrl-wet 6: no recs for i =     7           0
(PID.TID 0000.0001) ctrl-wet 6: no recs for i =     8           0
(PID.TID 0000.0001) ctrl-wet 6: no recs for i =     9           0
(PID.TID 0000.0001) ctrl-wet 6: no recs for i =    10           0
(PID.TID 0000.0001) ctrl-wet 6: no recs for i =    11           0
(PID.TID 0000.0001) ctrl-wet 6: no recs for i =    12           0
(PID.TID 0000.0001) ctrl-wet 6: no recs for i =    13           0
(PID.TID 0000.0001) ctrl-wet 6: no recs for i =    14           0
(PID.TID 0000.0001) ctrl-wet 6: no recs for i =    15           0
(PID.TID 0000.0001) ctrl-wet 6: no recs for i =    16           0
(PID.TID 0000.0001) ctrl-wet 6: no recs for i =    17           0
(PID.TID 0000.0001) ctrl-wet 6: no recs for i =    18           0
(PID.TID 0000.0001) ctrl-wet 6: no recs for i =    19           0
(PID.TID 0000.0001) ctrl-wet 6: no recs for i =    20           0
(PID.TID 0000.0001) ctrl-wet 6: no recs for i =    21           0
(PID.TID 0000.0001) ctrl-wet 6: no recs for i =    22           0
(PID.TID 0000.0001) ctrl-wet 6: no recs for i =    23           0
(PID.TID 0000.0001) ctrl-wet 6: no recs for i =    24           0
(PID.TID 0000.0001) ctrl-wet 6: no recs for i =    25           0
(PID.TID 0000.0001) ctrl-wet 6: no recs for i =    26           0
(PID.TID 0000.0001) ctrl-wet 6: no recs for i =    27           0
(PID.TID 0000.0001) ctrl-wet 6: no recs for i =    28           0
(PID.TID 0000.0001) ctrl-wet 6: no recs for i =    29           0
(PID.TID 0000.0001) ctrl-wet 6: no recs for i =    30           0
(PID.TID 0000.0001) ctrl-wet 6: no recs for i =    31           0
(PID.TID 0000.0001) ctrl-wet 6: no recs for i =    32           0
(PID.TID 0000.0001) ctrl-wet 6: no recs for i =    33           0
(PID.TID 0000.0001) ctrl-wet 6: no recs for i =    34           0
(PID.TID 0000.0001) ctrl-wet 6: no recs for i =    35           0
(PID.TID 0000.0001) ctrl-wet 6: no recs for i =    36           0
(PID.TID 0000.0001) ctrl-wet 6: no recs for i =    37           0
(PID.TID 0000.0001) ctrl-wet 6: no recs for i =    38           0
(PID.TID 0000.0001) ctrl-wet 6: no recs for i =    39           0
(PID.TID 0000.0001) ctrl-wet 6: no recs for i =    40           0
(PID.TID 0000.0001) ctrl-wet 6: no recs for i =    41           0
(PID.TID 0000.0001) ctrl-wet 6: no recs for i =    42           0
(PID.TID 0000.0001) ctrl-wet 6: no recs for i =    43           0
(PID.TID 0000.0001) ctrl-wet 6: no recs for i =    44           0
(PID.TID 0000.0001) ctrl-wet 6: no recs for i =    45           0
(PID.TID 0000.0001) ctrl-wet 6: no recs for i =    46           0
(PID.TID 0000.0001) ctrl-wet 6: no recs for i =    47           0
(PID.TID 0000.0001) ctrl-wet 6: no recs for i =    48           0
(PID.TID 0000.0001) ctrl-wet 6: no recs for i =    49           0
(PID.TID 0000.0001) ctrl-wet 6: no recs for i =    50           0
(PID.TID 0000.0001) ctrl-wet 6: no recs for i =    51           0
(PID.TID 0000.0001) ctrl-wet 6: no recs for i =    52           0
(PID.TID 0000.0001) ctrl-wet 6: no recs for i =    53           0
(PID.TID 0000.0001) ctrl-wet 6: no recs for i =    54           0
(PID.TID 0000.0001) ctrl-wet 6: no recs for i =    55           0
(PID.TID 0000.0001) ctrl-wet 6: no recs for i =    56           0
(PID.TID 0000.0001) ctrl-wet 6: no recs for i =    57           0
(PID.TID 0000.0001) ctrl-wet 6: no recs for i =    58           0
(PID.TID 0000.0001) ctrl-wet 6: no recs for i =    59           0
(PID.TID 0000.0001) ctrl-wet 6: no recs for i =    60           0
(PID.TID 0000.0001) ctrl-wet 6: no recs for i =    61           0
(PID.TID 0000.0001) ctrl-wet 6: no recs for i =    62           0
(PID.TID 0000.0001) ctrl-wet 6: no recs for i =    63           0
(PID.TID 0000.0001) ctrl-wet 6: no recs for i =    64           0
(PID.TID 0000.0001) ctrl-wet 6: no recs for i =    65           0
(PID.TID 0000.0001) ctrl-wet 6: no recs for i =    66           0
(PID.TID 0000.0001) ctrl-wet 6: no recs for i =    67           0
(PID.TID 0000.0001) ctrl-wet 6: no recs for i =    68           0
(PID.TID 0000.0001) ctrl-wet 6: no recs for i =    69           0
(PID.TID 0000.0001) ctrl-wet 6: no recs for i =    70           0
(PID.TID 0000.0001) ctrl-wet 6: no recs for i =    71           0
(PID.TID 0000.0001) ctrl-wet 6: no recs for i =    72           0
(PID.TID 0000.0001) ctrl-wet 6: no recs for i =    73           0
(PID.TID 0000.0001) ctrl-wet 6: no recs for i =    74           0
(PID.TID 0000.0001) ctrl-wet 6: no recs for i =    75           0
(PID.TID 0000.0001) ctrl-wet 6: no recs for i =    76           0
(PID.TID 0000.0001) ctrl-wet 6: no recs for i =    77           0
(PID.TID 0000.0001) ctrl-wet 6: no recs for i =    78           0
(PID.TID 0000.0001) ctrl-wet 6: no recs for i =    79           0
(PID.TID 0000.0001) ctrl-wet 6: no recs for i =    80           0
(PID.TID 0000.0001) ctrl-wet 6: no recs for i =    81           0
(PID.TID 0000.0001) ctrl-wet 6: no recs for i =    82           0
(PID.TID 0000.0001) ctrl-wet 6: no recs for i =    83           0
(PID.TID 0000.0001) ctrl-wet 6: no recs for i =    84           0
(PID.TID 0000.0001) ctrl-wet 6: no recs for i =    85           0
(PID.TID 0000.0001) ctrl-wet 6: no recs for i =    86           0
(PID.TID 0000.0001) ctrl-wet 6: no recs for i =    87           0
(PID.TID 0000.0001) ctrl-wet 6: no recs for i =    88           0
(PID.TID 0000.0001) ctrl-wet 6: no recs for i =    89           0
(PID.TID 0000.0001) ctrl-wet 6: no recs for i =    90           0
(PID.TID 0000.0001) ctrl-wet 6: no recs for i =    91           0
(PID.TID 0000.0001) ctrl-wet 6: no recs for i =    92           0
(PID.TID 0000.0001) ctrl-wet 6: no recs for i =    93           0
(PID.TID 0000.0001) ctrl-wet 6: no recs for i =    94           0
(PID.TID 0000.0001) ctrl-wet 6: no recs for i =    95           0
(PID.TID 0000.0001) ctrl-wet 6: no recs for i =    96           0
(PID.TID 0000.0001) ctrl-wet 6: no recs for i =    97           0
(PID.TID 0000.0001) ctrl-wet 6: no recs for i =    98           0
(PID.TID 0000.0001) ctrl-wet 6: no recs for i =    99           0
(PID.TID 0000.0001) ctrl-wet 6: no recs for i =   100           0
(PID.TID 0000.0001) ctrl-wet 6: no recs for i =   101           1
(PID.TID 0000.0001) ctrl-wet 6: no recs for i =   102           0
(PID.TID 0000.0001) ctrl-wet 6: no recs for i =   103           0
(PID.TID 0000.0001) ctrl-wet 6: no recs for i =   104           0
(PID.TID 0000.0001) ctrl-wet 6: no recs for i =   105           0
(PID.TID 0000.0001) ctrl-wet 6: no recs for i =   106           0
(PID.TID 0000.0001) ctrl-wet 6: no recs for i =   107           0
(PID.TID 0000.0001) ctrl-wet 6: no recs for i =   108           0
(PID.TID 0000.0001) ctrl-wet 6: no recs for i =   109           0
(PID.TID 0000.0001) ctrl-wet 6: no recs for i =   110           0
(PID.TID 0000.0001) ctrl-wet 6: no recs for i =   111           0
(PID.TID 0000.0001) ctrl-wet 6: no recs for i =   112           0
(PID.TID 0000.0001) ctrl-wet 6: no recs for i =   113           0
(PID.TID 0000.0001) ctrl-wet 6: no recs for i =   114           0
(PID.TID 0000.0001) ctrl-wet 6: no recs for i =   115           0
(PID.TID 0000.0001) ctrl-wet 6: no recs for i =   116           0
(PID.TID 0000.0001) ctrl-wet 6: no recs for i =   117           0
(PID.TID 0000.0001) ctrl-wet 6: no recs for i =   118           0
(PID.TID 0000.0001) ctrl-wet 6: no recs for i =   119           0
(PID.TID 0000.0001) ctrl-wet 6: no recs for i =   120           0
(PID.TID 0000.0001) ctrl-wet 6: no recs for i =   121           0
(PID.TID 0000.0001) ctrl-wet 6: no recs for i =   122           0
(PID.TID 0000.0001) ctrl-wet 6: no recs for i =   123           0
(PID.TID 0000.0001) ctrl-wet 6: no recs for i =   124           0
(PID.TID 0000.0001) ctrl-wet 6: no recs for i =   125           0
(PID.TID 0000.0001) ctrl-wet 6: no recs for i =   126           0
(PID.TID 0000.0001) ctrl-wet 6: no recs for i =   127           0
(PID.TID 0000.0001) ctrl-wet 6: no recs for i =   128           0
(PID.TID 0000.0001) ctrl-wet 6: no recs for i =   129           0
(PID.TID 0000.0001) ctrl-wet 6: no recs for i =   130           0
(PID.TID 0000.0001) ctrl-wet 6: no recs for i =   131           0
(PID.TID 0000.0001) ctrl-wet 6: no recs for i =   132           0
(PID.TID 0000.0001) ctrl-wet 6: no recs for i =   133           0
(PID.TID 0000.0001) ctrl-wet 6: no recs for i =   134           0
(PID.TID 0000.0001) ctrl-wet 6: no recs for i =   135           0
(PID.TID 0000.0001) ctrl-wet 6: no recs for i =   136           0
(PID.TID 0000.0001) ctrl-wet 6: no recs for i =   137           0
(PID.TID 0000.0001) ctrl-wet 6: no recs for i =   138           0
(PID.TID 0000.0001) ctrl-wet 6: no recs for i =   139           0
(PID.TID 0000.0001) ctrl-wet 6: no recs for i =   140           0
(PID.TID 0000.0001) ctrl-wet 6: no recs for i =   141           0
(PID.TID 0000.0001) ctrl-wet 6: no recs for i =   142           0
(PID.TID 0000.0001) ctrl-wet 6: no recs for i =   143           0
(PID.TID 0000.0001) ctrl-wet 6: no recs for i =   144           0
(PID.TID 0000.0001) ctrl-wet 6: no recs for i =   145           0
(PID.TID 0000.0001) ctrl-wet 6: no recs for i =   146           0
(PID.TID 0000.0001) ctrl-wet 6: no recs for i =   147           0
(PID.TID 0000.0001) ctrl-wet 6: no recs for i =   148           0
(PID.TID 0000.0001) ctrl-wet 6: no recs for i =   149           0
(PID.TID 0000.0001) ctrl-wet 6: no recs for i =   150           0
(PID.TID 0000.0001) ctrl-wet 6: no recs for i =   151           0
(PID.TID 0000.0001) ctrl-wet 6: no recs for i =   152           0
(PID.TID 0000.0001) ctrl-wet 6: no recs for i =   153           0
(PID.TID 0000.0001) ctrl-wet 6: no recs for i =   154           0
(PID.TID 0000.0001) ctrl-wet 6: no recs for i =   155           0
(PID.TID 0000.0001) ctrl-wet 6: no recs for i =   156           0
(PID.TID 0000.0001) ctrl-wet 6: no recs for i =   157           0
(PID.TID 0000.0001) ctrl-wet 6: no recs for i =   158           0
(PID.TID 0000.0001) ctrl-wet 6: no recs for i =   159           0
(PID.TID 0000.0001) ctrl-wet 6: no recs for i =   160           0
(PID.TID 0000.0001) ctrl-wet 6: no recs for i =   161           0
(PID.TID 0000.0001) ctrl-wet 6: no recs for i =   162           0
(PID.TID 0000.0001) ctrl-wet 6: no recs for i =   163           0
(PID.TID 0000.0001) ctrl-wet 6: no recs for i =   164           0
(PID.TID 0000.0001) ctrl-wet 6: no recs for i =   165           0
(PID.TID 0000.0001) ctrl-wet 6: no recs for i =   166           0
(PID.TID 0000.0001) ctrl-wet 6: no recs for i =   167           0
(PID.TID 0000.0001) ctrl-wet 6: no recs for i =   168           0
(PID.TID 0000.0001) ctrl-wet 6: no recs for i =   169           0
(PID.TID 0000.0001) ctrl-wet 6: no recs for i =   170           0
(PID.TID 0000.0001) ctrl-wet 6: no recs for i =   171           0
(PID.TID 0000.0001) ctrl-wet 6: no recs for i =   172           0
(PID.TID 0000.0001) ctrl-wet 6: no recs for i =   173           0
(PID.TID 0000.0001) ctrl-wet 6: no recs for i =   174           0
(PID.TID 0000.0001) ctrl-wet 6: no recs for i =   175           0
(PID.TID 0000.0001) ctrl-wet 6: no recs for i =   176           0
(PID.TID 0000.0001) ctrl-wet 6: no recs for i =   177           0
(PID.TID 0000.0001) ctrl-wet 6: no recs for i =   178           0
(PID.TID 0000.0001) ctrl-wet 6: no recs for i =   179           0
(PID.TID 0000.0001) ctrl-wet 6: no recs for i =   180           0
(PID.TID 0000.0001) ctrl-wet 6: no recs for i =   181           0
(PID.TID 0000.0001) ctrl-wet 6: no recs for i =   182           0
(PID.TID 0000.0001) ctrl-wet 6: no recs for i =   183           0
(PID.TID 0000.0001) ctrl-wet 6: no recs for i =   184           0
(PID.TID 0000.0001) ctrl-wet 6: no recs for i =   185           0
(PID.TID 0000.0001) ctrl-wet 6: no recs for i =   186           0
(PID.TID 0000.0001) ctrl-wet 6: no recs for i =   187           0
(PID.TID 0000.0001) ctrl-wet 6: no recs for i =   188           0
(PID.TID 0000.0001) ctrl-wet 6: no recs for i =   189           0
(PID.TID 0000.0001) ctrl-wet 6: no recs for i =   190           0
(PID.TID 0000.0001) ctrl-wet 6: no recs for i =   191           0
(PID.TID 0000.0001) ctrl-wet 6: no recs for i =   192           0
(PID.TID 0000.0001) ctrl-wet 6: no recs for i =   193           0
(PID.TID 0000.0001) ctrl-wet 6: no recs for i =   194           0
(PID.TID 0000.0001) ctrl-wet 6: no recs for i =   195           0
(PID.TID 0000.0001) ctrl-wet 6: no recs for i =   196           0
(PID.TID 0000.0001) ctrl-wet 6: no recs for i =   197           0
(PID.TID 0000.0001) ctrl-wet 6: no recs for i =   198           0
(PID.TID 0000.0001) ctrl-wet 6: no recs for i =   199           0
(PID.TID 0000.0001) ctrl-wet 6: no recs for i =   200           0
(PID.TID 0000.0001) ctrl-wet 6: no recs for i =   201           0
(PID.TID 0000.0001) ctrl-wet 6: no recs for i =   202           0
(PID.TID 0000.0001) ctrl-wet 6: no recs for i =   203           0
(PID.TID 0000.0001) ctrl-wet 6: no recs for i =   204           0
(PID.TID 0000.0001) ctrl-wet 6: no recs for i =   205           0
(PID.TID 0000.0001) ctrl-wet 6: no recs for i =   206           0
(PID.TID 0000.0001) ctrl-wet 6: no recs for i =   207           0
(PID.TID 0000.0001) ctrl-wet 6: no recs for i =   208           0
(PID.TID 0000.0001) ctrl-wet 6: no recs for i =   209           0
(PID.TID 0000.0001) ctrl-wet 6: no recs for i =   210           0
(PID.TID 0000.0001) ctrl-wet 6: no recs for i =   211           0
(PID.TID 0000.0001) ctrl-wet 6: no recs for i =   212           0
(PID.TID 0000.0001) ctrl-wet 6: no recs for i =   213           0
(PID.TID 0000.0001) ctrl-wet 6: no recs for i =   214           0
(PID.TID 0000.0001) ctrl-wet 6: no recs for i =   215           0
(PID.TID 0000.0001) ctrl-wet 6: no recs for i =   216           0
(PID.TID 0000.0001) ctrl-wet 6: no recs for i =   217           0
(PID.TID 0000.0001) ctrl-wet 6: no recs for i =   218           0
(PID.TID 0000.0001) ctrl-wet 6: no recs for i =   219           0
(PID.TID 0000.0001) ctrl-wet 6: no recs for i =   220           0
(PID.TID 0000.0001) ctrl-wet 6: no recs for i =   221           0
(PID.TID 0000.0001) ctrl-wet 6: no recs for i =   222           0
(PID.TID 0000.0001) ctrl-wet 6: no recs for i =   223           0
(PID.TID 0000.0001) ctrl-wet 6: no recs for i =   224           0
(PID.TID 0000.0001) ctrl-wet 6: no recs for i =   225           0
(PID.TID 0000.0001) ctrl-wet 6: no recs for i =   226           0
(PID.TID 0000.0001) ctrl-wet 6: no recs for i =   227           0
(PID.TID 0000.0001) ctrl-wet 6: no recs for i =   228           0
(PID.TID 0000.0001) ctrl-wet 6: no recs for i =   229           0
(PID.TID 0000.0001) ctrl-wet 6: no recs for i =   230           0
(PID.TID 0000.0001) ctrl-wet 6: no recs for i =   231           0
(PID.TID 0000.0001) ctrl-wet 6: no recs for i =   232           0
(PID.TID 0000.0001) ctrl-wet 6: no recs for i =   233           0
(PID.TID 0000.0001) ctrl-wet 6: no recs for i =   234           0
(PID.TID 0000.0001) ctrl-wet 6: no recs for i =   235           0
(PID.TID 0000.0001) ctrl-wet 6: no recs for i =   236           0
(PID.TID 0000.0001) ctrl-wet 6: no recs for i =   237           0
(PID.TID 0000.0001) ctrl-wet 6: no recs for i =   238           0
(PID.TID 0000.0001) ctrl-wet 6: no recs for i =   239           0
(PID.TID 0000.0001) ctrl-wet 6: no recs for i =   240           0
(PID.TID 0000.0001) ctrl-wet 6: no recs for i =   241           0
(PID.TID 0000.0001) ctrl-wet 6: no recs for i =   242           0
(PID.TID 0000.0001) ctrl-wet 6: no recs for i =   243           0
(PID.TID 0000.0001) ctrl-wet 6: no recs for i =   244           0
(PID.TID 0000.0001) ctrl-wet 6: no recs for i =   245           0
(PID.TID 0000.0001) ctrl-wet 6: no recs for i =   246           0
(PID.TID 0000.0001) ctrl-wet 6: no recs for i =   247           0
(PID.TID 0000.0001) ctrl-wet 6: no recs for i =   248           0
(PID.TID 0000.0001) ctrl-wet 6: no recs for i =   249           0
(PID.TID 0000.0001) ctrl-wet 6: no recs for i =   250           0
(PID.TID 0000.0001) ctrl-wet 6: no recs for i =   251           0
(PID.TID 0000.0001) ctrl-wet 6: no recs for i =   252           0
(PID.TID 0000.0001) ctrl-wet 6: no recs for i =   253           0
(PID.TID 0000.0001) ctrl-wet 6: no recs for i =   254           0
(PID.TID 0000.0001) ctrl-wet 6: no recs for i =   255           0
(PID.TID 0000.0001) ctrl-wet 6: no recs for i =   256           0
(PID.TID 0000.0001) ctrl-wet 6: no recs for i =   257           0
(PID.TID 0000.0001) ctrl-wet 6: no recs for i =   258           0
(PID.TID 0000.0001) ctrl-wet 6: no recs for i =   259           0
(PID.TID 0000.0001) ctrl-wet 6: no recs for i =   260           0
(PID.TID 0000.0001) ctrl-wet 6: no recs for i =   261           0
(PID.TID 0000.0001) ctrl-wet 6: no recs for i =   262           0
(PID.TID 0000.0001) ctrl-wet 6: no recs for i =   263           0
(PID.TID 0000.0001) ctrl-wet 6: no recs for i =   264           0
(PID.TID 0000.0001) ctrl-wet 6: no recs for i =   265           0
(PID.TID 0000.0001) ctrl-wet 6: no recs for i =   266           0
(PID.TID 0000.0001) ctrl-wet 6: no recs for i =   267           0
(PID.TID 0000.0001) ctrl-wet 6: no recs for i =   268           0
(PID.TID 0000.0001) ctrl-wet 6: no recs for i =   269           0
(PID.TID 0000.0001) ctrl-wet 6: no recs for i =   270           0
(PID.TID 0000.0001) ctrl-wet 6: no recs for i =   271           0
(PID.TID 0000.0001) ctrl-wet 6: no recs for i =   272           0
(PID.TID 0000.0001) ctrl-wet 6: no recs for i =   273           0
(PID.TID 0000.0001) ctrl-wet 6: no recs for i =   274           0
(PID.TID 0000.0001) ctrl-wet 6: no recs for i =   275           0
(PID.TID 0000.0001) ctrl-wet 6: no recs for i =   276           0
(PID.TID 0000.0001) ctrl-wet 6: no recs for i =   277           0
(PID.TID 0000.0001) ctrl-wet 6: no recs for i =   278           0
(PID.TID 0000.0001) ctrl-wet 6: no recs for i =   279           0
(PID.TID 0000.0001) ctrl-wet 6: no recs for i =   280           0
(PID.TID 0000.0001) ctrl-wet 6: no recs for i =   281           0
(PID.TID 0000.0001) ctrl-wet 6: no recs for i =   282           0
(PID.TID 0000.0001) ctrl-wet 6: no recs for i =   283           0
(PID.TID 0000.0001) ctrl-wet 6: no recs for i =   284           0
(PID.TID 0000.0001) ctrl-wet 6: no recs for i =   285           0
(PID.TID 0000.0001) ctrl-wet 6: no recs for i =   286           0
(PID.TID 0000.0001) ctrl-wet 6: no recs for i =   287           0
(PID.TID 0000.0001) ctrl-wet 6: no recs for i =   288           0
(PID.TID 0000.0001) ctrl-wet 6: no recs for i =   289           0
(PID.TID 0000.0001) ctrl-wet 6: no recs for i =   290           0
(PID.TID 0000.0001) ctrl-wet 6: no recs for i =   291           0
(PID.TID 0000.0001) ctrl-wet 6: no recs for i =   292           0
(PID.TID 0000.0001) ctrl-wet 6: no recs for i =   293           0
(PID.TID 0000.0001) ctrl-wet 6: no recs for i =   294           0
(PID.TID 0000.0001) ctrl-wet 6: no recs for i =   295           0
(PID.TID 0000.0001) ctrl-wet 6: no recs for i =   296           0
(PID.TID 0000.0001) ctrl-wet 6: no recs for i =   297           0
(PID.TID 0000.0001) ctrl-wet 6: no recs for i =   298           0
(PID.TID 0000.0001) ctrl-wet 6: no recs for i =   299           0
(PID.TID 0000.0001) ctrl-wet 6: no recs for i =   300           0
(PID.TID 0000.0001) ctrl-wet 6: no recs for i =   301           0
(PID.TID 0000.0001) ctrl-wet 6: no recs for i =   302           0
(PID.TID 0000.0001) ctrl-wet 6: no recs for i =   303           0
(PID.TID 0000.0001) ctrl-wet 6: no recs for i =   304           0
(PID.TID 0000.0001) ctrl-wet 6: no recs for i =   305           0
(PID.TID 0000.0001) ctrl-wet 6: no recs for i =   306           0
(PID.TID 0000.0001) ctrl-wet 6: no recs for i =   307           0
(PID.TID 0000.0001) ctrl-wet 6: no recs for i =   308           0
(PID.TID 0000.0001) ctrl-wet 6: no recs for i =   309           0
(PID.TID 0000.0001) ctrl-wet 6: no recs for i =   310           0
(PID.TID 0000.0001) ctrl-wet 6: no recs for i =   311           0
(PID.TID 0000.0001) ctrl-wet 6: no recs for i =   312           0
(PID.TID 0000.0001) ctrl-wet 6: no recs for i =   313           0
(PID.TID 0000.0001) ctrl-wet 6: no recs for i =   314           0
(PID.TID 0000.0001) ctrl-wet 6: no recs for i =   315           0
(PID.TID 0000.0001) ctrl-wet 6: no recs for i =   316           0
(PID.TID 0000.0001) ctrl-wet 6: no recs for i =   317           0
(PID.TID 0000.0001) ctrl-wet 6: no recs for i =   318           0
(PID.TID 0000.0001) ctrl-wet 6: no recs for i =   319           0
(PID.TID 0000.0001) ctrl-wet 6: no recs for i =   320           0
(PID.TID 0000.0001) ctrl-wet 6: no recs for i =   321           0
(PID.TID 0000.0001) ctrl-wet 6: no recs for i =   322           0
(PID.TID 0000.0001) ctrl-wet 6: no recs for i =   323           0
(PID.TID 0000.0001) ctrl-wet 6: no recs for i =   324           0
(PID.TID 0000.0001) ctrl-wet 6: no recs for i =   325           0
(PID.TID 0000.0001) ctrl-wet 6: no recs for i =   326           0
(PID.TID 0000.0001) ctrl-wet 6: no recs for i =   327           0
(PID.TID 0000.0001) ctrl-wet 6: no recs for i =   328           0
(PID.TID 0000.0001) ctrl-wet 6: no recs for i =   329           0
(PID.TID 0000.0001) ctrl-wet 6: no recs for i =   330           0
(PID.TID 0000.0001) ctrl-wet 6: no recs for i =   331           0
(PID.TID 0000.0001) ctrl-wet 6: no recs for i =   332           0
(PID.TID 0000.0001) ctrl-wet 6: no recs for i =   333           0
(PID.TID 0000.0001) ctrl-wet 6: no recs for i =   334           0
(PID.TID 0000.0001) ctrl-wet 6: no recs for i =   335           0
(PID.TID 0000.0001) ctrl-wet 6: no recs for i =   336           0
(PID.TID 0000.0001) ctrl-wet 6: no recs for i =   337           0
(PID.TID 0000.0001) ctrl-wet 6: no recs for i =   338           0
(PID.TID 0000.0001) ctrl-wet 6: no recs for i =   339           0
(PID.TID 0000.0001) ctrl-wet 6: no recs for i =   340           0
(PID.TID 0000.0001) ctrl-wet 6: no recs for i =   341           0
(PID.TID 0000.0001) ctrl-wet 6: no recs for i =   342           0
(PID.TID 0000.0001) ctrl-wet 6: no recs for i =   343           0
(PID.TID 0000.0001) ctrl-wet 6: no recs for i =   344           0
(PID.TID 0000.0001) ctrl-wet 6: no recs for i =   345           0
(PID.TID 0000.0001) ctrl-wet 6: no recs for i =   346           0
(PID.TID 0000.0001) ctrl-wet 6: no recs for i =   347           0
(PID.TID 0000.0001) ctrl-wet 6: no recs for i =   348           0
(PID.TID 0000.0001) ctrl-wet 6: no recs for i =   349           0
(PID.TID 0000.0001) ctrl-wet 6: no recs for i =   350           0
(PID.TID 0000.0001) ctrl-wet 6: no recs for i =   351           0
(PID.TID 0000.0001) ctrl-wet 6: no recs for i =   352           0
(PID.TID 0000.0001) ctrl-wet 6: no recs for i =   353           0
(PID.TID 0000.0001) ctrl-wet 6: no recs for i =   354           0
(PID.TID 0000.0001) ctrl-wet 6: no recs for i =   355           0
(PID.TID 0000.0001) ctrl-wet 6: no recs for i =   356           0
(PID.TID 0000.0001) ctrl-wet 6: no recs for i =   357           0
(PID.TID 0000.0001) ctrl-wet 6: no recs for i =   358           0
(PID.TID 0000.0001) ctrl-wet 6: no recs for i =   359           0
(PID.TID 0000.0001) ctrl-wet 6: no recs for i =   360           0
(PID.TID 0000.0001) ctrl-wet 6: no recs for i =   361           0
(PID.TID 0000.0001) ctrl-wet 6: no recs for i =   362           0
(PID.TID 0000.0001) ctrl-wet 6: no recs for i =   363           0
(PID.TID 0000.0001) ctrl-wet 6: no recs for i =   364           0
(PID.TID 0000.0001) ctrl-wet 6: no recs for i =   365           0
(PID.TID 0000.0001) ctrl-wet 6: no recs for i =   366           0
(PID.TID 0000.0001) ctrl-wet 6: no recs for i =   367           0
(PID.TID 0000.0001) ctrl-wet 6: no recs for i =   368           0
(PID.TID 0000.0001) ctrl-wet 6: no recs for i =   369           0
(PID.TID 0000.0001) ctrl-wet 6: no recs for i =   370           0
(PID.TID 0000.0001) ctrl-wet 6: no recs for i =   371           0
(PID.TID 0000.0001) ctrl-wet 6: no recs for i =   372           0
(PID.TID 0000.0001) ctrl-wet 6: no recs for i =   373           0
(PID.TID 0000.0001) ctrl-wet 6: no recs for i =   374           0
(PID.TID 0000.0001) ctrl-wet 6: no recs for i =   375           0
(PID.TID 0000.0001) ctrl-wet 6: no recs for i =   376           0
(PID.TID 0000.0001) ctrl-wet 6: no recs for i =   377           0
(PID.TID 0000.0001) ctrl-wet 6: no recs for i =   378           0
(PID.TID 0000.0001) ctrl-wet 6: no recs for i =   379           0
(PID.TID 0000.0001) ctrl-wet 6: no recs for i =   380           0
(PID.TID 0000.0001) ctrl-wet 6: no recs for i =   381           0
(PID.TID 0000.0001) ctrl-wet 6: no recs for i =   382           0
(PID.TID 0000.0001) ctrl-wet 6: no recs for i =   383           0
(PID.TID 0000.0001) ctrl-wet 6: no recs for i =   384           0
(PID.TID 0000.0001) ctrl-wet 6: no recs for i =   385           0
(PID.TID 0000.0001) ctrl-wet 6: no recs for i =   386           0
(PID.TID 0000.0001) ctrl-wet 6: no recs for i =   387           0
(PID.TID 0000.0001) ctrl-wet 6: no recs for i =   388           0
(PID.TID 0000.0001) ctrl-wet 6: no recs for i =   389           0
(PID.TID 0000.0001) ctrl-wet 6: no recs for i =   390           0
(PID.TID 0000.0001) ctrl-wet 6: no recs for i =   391           0
(PID.TID 0000.0001) ctrl-wet 6: no recs for i =   392           0
(PID.TID 0000.0001) ctrl-wet 6: no recs for i =   393           0
(PID.TID 0000.0001) ctrl-wet 6: no recs for i =   394           0
(PID.TID 0000.0001) ctrl-wet 6: no recs for i =   395           0
(PID.TID 0000.0001) ctrl-wet 6: no recs for i =   396           0
(PID.TID 0000.0001) ctrl-wet 6: no recs for i =   397           0
(PID.TID 0000.0001) ctrl-wet 6: no recs for i =   398           0
(PID.TID 0000.0001) ctrl-wet 6: no recs for i =   399           0
(PID.TID 0000.0001) ctrl-wet 6: no recs for i =   400           0
(PID.TID 0000.0001) ctrl-wet 7: flux         27000
(PID.TID 0000.0001) ctrl-wet 8: atmos        27000
(PID.TID 0000.0001) ctrl-wet -------------------------------------------------
(PID.TID 0000.0001) ctrl-wet 13: global nvarlength for Nr =   15        3600
(PID.TID 0000.0001) ctrl-wet -------------------------------------------------
(PID.TID 0000.0001) ctrl-wet 14: global nWet C/S/W/V k=    1        3600        3540        3540           0
(PID.TID 0000.0001) ctrl-wet 14: global nWet C/S/W/V k=    2        3600        3540        3540           0
(PID.TID 0000.0001) ctrl-wet 14: global nWet C/S/W/V k=    3        3600        3540        3540           0
(PID.TID 0000.0001) ctrl-wet 14: global nWet C/S/W/V k=    4        3600        3540        3540           0
(PID.TID 0000.0001) ctrl-wet 14: global nWet C/S/W/V k=    5        3600        3540        3540           0
(PID.TID 0000.0001) ctrl-wet 14: global nWet C/S/W/V k=    6        3600        3540        3540           0
(PID.TID 0000.0001) ctrl-wet 14: global nWet C/S/W/V k=    7        3600        3540        3540           0
(PID.TID 0000.0001) ctrl-wet 14: global nWet C/S/W/V k=    8        3600        3540        3540           0
(PID.TID 0000.0001) ctrl-wet 14: global nWet C/S/W/V k=    9        3600        3540        3540           0
(PID.TID 0000.0001) ctrl-wet 14: global nWet C/S/W/V k=   10        3600        3540        3540           0
(PID.TID 0000.0001) ctrl-wet 14: global nWet C/S/W/V k=   11        3600        3540        3540           0
(PID.TID 0000.0001) ctrl-wet 14: global nWet C/S/W/V k=   12        3600        3540        3540           0
(PID.TID 0000.0001) ctrl-wet 14: global nWet C/S/W/V k=   13        3600        3540        3540           0
(PID.TID 0000.0001) ctrl-wet 14: global nWet C/S/W/V k=   14        3600        3540        3540           0
(PID.TID 0000.0001) ctrl-wet 14: global nWet C/S/W/V k=   15        3600        3540        3540           0
(PID.TID 0000.0001) ctrl-wet -------------------------------------------------
(PID.TID 0000.0001) ctrl-wet -------------------------------------------------
(PID.TID 0000.0001) ctrl-wet -------------------------------------------------
(PID.TID 0000.0001) ctrl_init_wet: no. of control variables:            1
(PID.TID 0000.0001) ctrl_init_wet: control vector length:            3600
(PID.TID 0000.0001) 
(PID.TID 0000.0001) // =======================================================
(PID.TID 0000.0001) // control vector configuration  >>> START <<<
(PID.TID 0000.0001) // =======================================================
(PID.TID 0000.0001) 
(PID.TID 0000.0001)  Total number of ocean points per tile:
(PID.TID 0000.0001)  --------------------------------------
(PID.TID 0000.0001)  snx*sny*nr =    14415
(PID.TID 0000.0001) 
(PID.TID 0000.0001)  Number of ocean points per tile:
(PID.TID 0000.0001)  --------------------------------
(PID.TID 0000.0001)  bi,bj,#(c/s/w): 0001 0001 013500 013050 013050
(PID.TID 0000.0001) 
(PID.TID 0000.0001)  Settings of generic controls:
(PID.TID 0000.0001)  -----------------------------
(PID.TID 0000.0001) 
(PID.TID 0000.0001)  ctrlUseGen  =     T /* use generic controls */
(PID.TID 0000.0001)  -> 2D control, genarr2d no.  1 is in use
(PID.TID 0000.0001)       file       = xx_etan
(PID.TID 0000.0001)       weight     = wetan_ones.bin
(PID.TID 0000.0001)       index      =  0101
(PID.TID 0000.0001)       ncvarindex =  0201
(PID.TID 0000.0001)  preprocess = noscaling
(PID.TID 0000.0001) 
(PID.TID 0000.0001) // =======================================================
(PID.TID 0000.0001) // control vector configuration  >>> END <<<
(PID.TID 0000.0001) // =======================================================
(PID.TID 0000.0001) 
(PID.TID 0000.0001) ------------------------------------------------------------
(PID.TID 0000.0001) DIAGNOSTICS_SET_LEVELS: done
(PID.TID 0000.0001)  Total Nb of available Diagnostics: ndiagt=   206
(PID.TID 0000.0001)  write list of available Diagnostics to file: available_diagnostics.log
(PID.TID 0000.0001) SETDIAG: Allocate 15 x  1 Levels for Diagnostic #    30 UVEL
(PID.TID 0000.0001) SETDIAG: Allocate 15 x  1 Levels for Diagnostic #    31 VVEL
(PID.TID 0000.0001) SETDIAG: Allocate 15 x  1 Levels for Diagnostic #    26 THETA
(PID.TID 0000.0001) SETDIAG: Allocate  1 x  1 Levels for Diagnostic #    23 ETAN
(PID.TID 0000.0001)   space allocated for all diagnostics:      46 levels
(PID.TID 0000.0001)   set mate pointer for diag #    30  UVEL     , Parms: UUR     MR , mate:    31
(PID.TID 0000.0001)   set mate pointer for diag #    31  VVEL     , Parms: VVR     MR , mate:    30
(PID.TID 0000.0001) DIAGNOSTICS_SET_POINTERS: Set levels for Outp.Stream: dynState
(PID.TID 0000.0001)  Levels:       1.   2.   3.   4.   5.   6.   7.   8.   9.  10.  11.  12.  13.  14.  15.
(PID.TID 0000.0001) DIAGNOSTICS_SET_POINTERS: Set levels for Outp.Stream: surfState
(PID.TID 0000.0001)  Levels:       1.
(PID.TID 0000.0001) DIAGNOSTICS_SET_POINTERS: done
(PID.TID 0000.0001) ------------------------------------------------------------
(PID.TID 0000.0001) DIAGSTATS_SET_REGIONS: define no region
(PID.TID 0000.0001) ------------------------------------------------------------
(PID.TID 0000.0001)   space allocated for all stats-diags:       0 levels
(PID.TID 0000.0001) DIAGSTATS_SET_POINTERS: done
(PID.TID 0000.0001) ------------------------------------------------------------
(PID.TID 0000.0001) %MON fCori_max                    =   1.4119704352640E-04
(PID.TID 0000.0001) %MON fCori_min                    =   3.6516038314991E-05
(PID.TID 0000.0001) %MON fCori_mean                   =   9.8169098090289E-05
(PID.TID 0000.0001) %MON fCori_sd                     =   3.1588625445688E-05
(PID.TID 0000.0001) %MON fCoriG_max                   =   1.4087300867102E-04
(PID.TID 0000.0001) %MON fCoriG_min                   =   3.5282486883545E-05
(PID.TID 0000.0001) %MON fCoriG_mean                  =   9.7308683992513E-05
(PID.TID 0000.0001) %MON fCoriG_sd                    =   3.1852455422806E-05
(PID.TID 0000.0001) %MON fCoriCos_max                 =   1.4119704352640E-04
(PID.TID 0000.0001) %MON fCoriCos_min                 =   3.6516038314991E-05
(PID.TID 0000.0001) %MON fCoriCos_mean                =   9.8169098090289E-05
(PID.TID 0000.0001) %MON fCoriCos_sd                  =   3.1588625445688E-05
(PID.TID 0000.0001) INI_CG2D: CG2D normalisation factor =  1.4846576448792055E-04
(PID.TID 0000.0001) 
(PID.TID 0000.0001) // =======================================================
(PID.TID 0000.0001) // Model configuration
(PID.TID 0000.0001) // =======================================================
(PID.TID 0000.0001) //
(PID.TID 0000.0001) // "Physical" paramters ( PARM01 in namelist )
(PID.TID 0000.0001) //
(PID.TID 0000.0001) buoyancyRelation = /* Type of relation to get Buoyancy */
(PID.TID 0000.0001)               'OCEANIC'
(PID.TID 0000.0001)     ;
(PID.TID 0000.0001) fluidIsAir   =  /* fluid major constituent is Air */
(PID.TID 0000.0001)                   F
(PID.TID 0000.0001)     ;
(PID.TID 0000.0001) fluidIsWater =  /* fluid major constituent is Water */
(PID.TID 0000.0001)                   T
(PID.TID 0000.0001)     ;
(PID.TID 0000.0001) usingPCoords =  /* use p (or p*) vertical coordinate */
(PID.TID 0000.0001)                   F
(PID.TID 0000.0001)     ;
(PID.TID 0000.0001) usingZCoords =  /* use z (or z*) vertical coordinate */
(PID.TID 0000.0001)                   T
(PID.TID 0000.0001)     ;
(PID.TID 0000.0001) tRef =   /* Reference temperature profile ( oC or K ) */
(PID.TID 0000.0001)                 3.000000000000000E+01,      /* K =  1 */
(PID.TID 0000.0001)                 2.700000000000000E+01,      /* K =  2 */
(PID.TID 0000.0001)                 2.400000000000000E+01,      /* K =  3 */
(PID.TID 0000.0001)                 2.100000000000000E+01,      /* K =  4 */
(PID.TID 0000.0001)                 1.800000000000000E+01,      /* K =  5 */
(PID.TID 0000.0001)                 1.500000000000000E+01,      /* K =  6 */
(PID.TID 0000.0001)                 1.300000000000000E+01,      /* K =  7 */
(PID.TID 0000.0001)                 1.100000000000000E+01,      /* K =  8 */
(PID.TID 0000.0001)                 9.000000000000000E+00,      /* K =  9 */
(PID.TID 0000.0001)                 7.000000000000000E+00,      /* K = 10 */
(PID.TID 0000.0001)                 6.000000000000000E+00,      /* K = 11 */
(PID.TID 0000.0001)                 5.000000000000000E+00,      /* K = 12 */
(PID.TID 0000.0001)                 4.000000000000000E+00,      /* K = 13 */
(PID.TID 0000.0001)                 3.000000000000000E+00,      /* K = 14 */
(PID.TID 0000.0001)                 2.000000000000000E+00       /* K = 15 */
(PID.TID 0000.0001)     ;
(PID.TID 0000.0001) sRef =   /* Reference salinity profile ( g/kg ) */
(PID.TID 0000.0001)    15 @  3.000000000000000E+01              /* K =  1: 15 */
(PID.TID 0000.0001)     ;
(PID.TID 0000.0001) useStrainTensionVisc= /* Use StrainTension Form of Viscous Operator */
(PID.TID 0000.0001)                   F
(PID.TID 0000.0001)     ;
(PID.TID 0000.0001) useVariableVisc = /* Use variable horizontal viscosity */
(PID.TID 0000.0001)                   F
(PID.TID 0000.0001)     ;
(PID.TID 0000.0001) useHarmonicVisc = /* Use harmonic horizontal viscosity */
(PID.TID 0000.0001)                   T
(PID.TID 0000.0001)     ;
(PID.TID 0000.0001) useBiharmonicVisc= /* Use biharmonic horiz.  viscosity */
(PID.TID 0000.0001)                   F
(PID.TID 0000.0001)     ;
(PID.TID 0000.0001) useSmag3D = /* Use isotropic 3-D Smagorinsky viscosity */
(PID.TID 0000.0001)                   F
(PID.TID 0000.0001)     ;
(PID.TID 0000.0001) viscAh  =   /* Lateral harmonic viscosity ( m^2/s ) */
(PID.TID 0000.0001)                 5.000000000000000E+03
(PID.TID 0000.0001)     ;
(PID.TID 0000.0001) viscA4  =   /* Lateral biharmonic viscosity ( m^4/s ) */
(PID.TID 0000.0001)                 0.000000000000000E+00
(PID.TID 0000.0001)     ;
(PID.TID 0000.0001) no_slip_sides =  /* Viscous BCs: No-slip sides */
(PID.TID 0000.0001)                   T
(PID.TID 0000.0001)     ;
(PID.TID 0000.0001) sideDragFactor = /* side-drag scaling factor (non-dim) */
(PID.TID 0000.0001)                 2.000000000000000E+00
(PID.TID 0000.0001)     ;
(PID.TID 0000.0001) viscArNr = /* vertical profile of vertical viscosity ( m^2/s )*/
(PID.TID 0000.0001)    15 @  1.000000000000000E-02              /* K =  1: 15 */
(PID.TID 0000.0001)     ;
(PID.TID 0000.0001) no_slip_bottom =  /* Viscous BCs: No-slip bottom */
(PID.TID 0000.0001)                   F
(PID.TID 0000.0001)     ;
(PID.TID 0000.0001) bottomVisc_pCell = /* Partial-cell in bottom Visc. BC */
(PID.TID 0000.0001)                   F
(PID.TID 0000.0001)     ;
(PID.TID 0000.0001) bottomDragLinear = /* linear bottom-drag coefficient ( m/s ) */
(PID.TID 0000.0001)                 0.000000000000000E+00
(PID.TID 0000.0001)     ;
(PID.TID 0000.0001) bottomDragQuadratic = /* quadratic bottom-drag coefficient (-) */
(PID.TID 0000.0001)                 0.000000000000000E+00
(PID.TID 0000.0001)     ;
(PID.TID 0000.0001) selectBotDragQuadr = /* select quadratic bottom drag options */
(PID.TID 0000.0001)                      -1
(PID.TID 0000.0001)     ;
(PID.TID 0000.0001) diffKhT =   /* Laplacian diffusion of heat laterally ( m^2/s ) */
(PID.TID 0000.0001)                 1.000000000000000E+03
(PID.TID 0000.0001)     ;
(PID.TID 0000.0001) diffK4T =   /* Biharmonic diffusion of heat laterally ( m^4/s ) */
(PID.TID 0000.0001)                 0.000000000000000E+00
(PID.TID 0000.0001)     ;
(PID.TID 0000.0001) diffKhS =   /* Laplacian diffusion of salt laterally ( m^2/s ) */
(PID.TID 0000.0001)                 0.000000000000000E+00
(PID.TID 0000.0001)     ;
(PID.TID 0000.0001) diffK4S =   /* Biharmonic diffusion of salt laterally ( m^4/s ) */
(PID.TID 0000.0001)                 0.000000000000000E+00
(PID.TID 0000.0001)     ;
(PID.TID 0000.0001) diffKrNrT = /* vertical profile of vertical diffusion of Temp ( m^2/s )*/
(PID.TID 0000.0001)    15 @  1.000000000000000E-05              /* K =  1: 15 */
(PID.TID 0000.0001)     ;
(PID.TID 0000.0001) diffKrNrS = /* vertical profile of vertical diffusion of Salt ( m^2/s )*/
(PID.TID 0000.0001)    15 @  1.000000000000000E-05              /* K =  1: 15 */
(PID.TID 0000.0001)     ;
(PID.TID 0000.0001) diffKrBL79surf = /* Surface diffusion for Bryan and Lewis 79 ( m^2/s ) */
(PID.TID 0000.0001)                 0.000000000000000E+00
(PID.TID 0000.0001)     ;
(PID.TID 0000.0001) diffKrBL79deep = /* Deep diffusion for Bryan and Lewis 1979 ( m^2/s ) */
(PID.TID 0000.0001)                 0.000000000000000E+00
(PID.TID 0000.0001)     ;
(PID.TID 0000.0001) diffKrBL79scl = /* Depth scale for Bryan and Lewis 1979 ( m ) */
(PID.TID 0000.0001)                 2.000000000000000E+02
(PID.TID 0000.0001)     ;
(PID.TID 0000.0001) diffKrBL79Ho = /* Turning depth for Bryan and Lewis 1979 ( m ) */
(PID.TID 0000.0001)                -2.000000000000000E+03
(PID.TID 0000.0001)     ;
(PID.TID 0000.0001) ivdc_kappa = /* Implicit Vertical Diffusivity for Convection ( m^2/s) */
(PID.TID 0000.0001)                 1.000000000000000E+00
(PID.TID 0000.0001)     ;
(PID.TID 0000.0001) hMixCriteria=  /* Criteria for mixed-layer diagnostic */
(PID.TID 0000.0001)                -8.000000000000000E-01
(PID.TID 0000.0001)     ;
(PID.TID 0000.0001) dRhoSmall =  /* Parameter for mixed-layer diagnostic */
(PID.TID 0000.0001)                 1.000000000000000E-06
(PID.TID 0000.0001)     ;
(PID.TID 0000.0001) hMixSmooth=  /* Smoothing parameter for mixed-layer diagnostic */
(PID.TID 0000.0001)                 0.000000000000000E+00
(PID.TID 0000.0001)     ;
(PID.TID 0000.0001) eosType =  /* Type of Equation of State */
(PID.TID 0000.0001)               'LINEAR'
(PID.TID 0000.0001)     ;
(PID.TID 0000.0001) tAlpha = /* Linear EOS thermal expansion coefficient ( 1/oC ) */
(PID.TID 0000.0001)                 2.000000000000000E-04
(PID.TID 0000.0001)     ;
(PID.TID 0000.0001) sBeta  = /* Linear EOS haline contraction coefficient ( 1/(g/kg) ) */
(PID.TID 0000.0001)                 0.000000000000000E+00
(PID.TID 0000.0001)     ;
(PID.TID 0000.0001) rhoNil    = /* Reference density for Linear EOS ( kg/m^3 ) */
(PID.TID 0000.0001)                 9.998000000000000E+02
(PID.TID 0000.0001)     ;
(PID.TID 0000.0001) selectP_inEOS_Zc = /* select pressure to use in EOS (0,1,2,3) */
(PID.TID 0000.0001)                       0
(PID.TID 0000.0001)     0= -g*rhoConst*z ; 1= pRef (from tRef,sRef); 2= Hyd P ; 3= Hyd+NH P
(PID.TID 0000.0001)     ;
(PID.TID 0000.0001) surf_pRef = /* Surface reference pressure ( Pa ) */
(PID.TID 0000.0001)                 1.013250000000000E+05
(PID.TID 0000.0001)     ;
(PID.TID 0000.0001) HeatCapacity_Cp =  /* Specific heat capacity ( J/kg/K ) */
(PID.TID 0000.0001)                 3.994000000000000E+03
(PID.TID 0000.0001)     ;
(PID.TID 0000.0001) celsius2K = /* 0 degree Celsius converted to Kelvin ( K ) */
(PID.TID 0000.0001)                 2.731500000000000E+02
(PID.TID 0000.0001)     ;
(PID.TID 0000.0001) rhoConst  = /* Reference density (Boussinesq)  ( kg/m^3 ) */
(PID.TID 0000.0001)                 9.998000000000000E+02
(PID.TID 0000.0001)     ;
(PID.TID 0000.0001) rhoFacC = /* normalized Reference density @ cell-Center (-) */
(PID.TID 0000.0001)    15 @  1.000000000000000E+00              /* K =  1: 15 */
(PID.TID 0000.0001)     ;
(PID.TID 0000.0001) rhoFacF = /* normalized Reference density @ W-Interface (-) */
(PID.TID 0000.0001)    16 @  1.000000000000000E+00              /* K =  1: 16 */
(PID.TID 0000.0001)     ;
(PID.TID 0000.0001) rhoConstFresh = /* Fresh-water reference density ( kg/m^3 ) */
(PID.TID 0000.0001)                 9.998000000000000E+02
(PID.TID 0000.0001)     ;
(PID.TID 0000.0001) gravity =   /* Gravitational acceleration ( m/s^2 ) */
(PID.TID 0000.0001)                 9.810000000000000E+00
(PID.TID 0000.0001)     ;
(PID.TID 0000.0001) gBaro =   /* Barotropic gravity ( m/s^2 ) */
(PID.TID 0000.0001)                 9.810000000000000E+00
(PID.TID 0000.0001)     ;
(PID.TID 0000.0001) gravFacC = /* gravity factor (vs surf.) @ cell-Center (-) */
(PID.TID 0000.0001)    15 @  1.000000000000000E+00              /* K =  1: 15 */
(PID.TID 0000.0001)     ;
(PID.TID 0000.0001) gravFacF = /* gravity factor (vs surf.) @ W-Interface (-) */
(PID.TID 0000.0001)    16 @  1.000000000000000E+00              /* K =  1: 16 */
(PID.TID 0000.0001)     ;
(PID.TID 0000.0001) rotationPeriod =   /* Rotation Period ( s ) */
(PID.TID 0000.0001)                 8.616400000000000E+04
(PID.TID 0000.0001)     ;
(PID.TID 0000.0001) omega =   /* Angular velocity ( rad/s ) */
(PID.TID 0000.0001)                 7.292123516990375E-05
(PID.TID 0000.0001)     ;
(PID.TID 0000.0001) f0 =   /* Reference coriolis parameter ( 1/s ) */
(PID.TID 0000.0001)                 1.000000000000000E-04
(PID.TID 0000.0001)     ;
(PID.TID 0000.0001) beta =   /* Beta ( 1/(m.s) ) */
(PID.TID 0000.0001)                 9.999999999999999E-12
(PID.TID 0000.0001)     ;
(PID.TID 0000.0001) fPrime =   /* Second coriolis parameter ( 1/s ) */
(PID.TID 0000.0001)                 0.000000000000000E+00
(PID.TID 0000.0001)     ;
(PID.TID 0000.0001) rigidLid =   /* Rigid lid on/off flag */
(PID.TID 0000.0001)                   F
(PID.TID 0000.0001)     ;
(PID.TID 0000.0001) implicitFreeSurface =   /* Implicit free surface on/off flag */
(PID.TID 0000.0001)                   T
(PID.TID 0000.0001)     ;
(PID.TID 0000.0001) freeSurfFac =   /* Implicit free surface factor */
(PID.TID 0000.0001)                 1.000000000000000E+00
(PID.TID 0000.0001)     ;
(PID.TID 0000.0001) implicSurfPress =  /* Surface Pressure implicit factor (0-1) */
(PID.TID 0000.0001)                 1.000000000000000E+00
(PID.TID 0000.0001)     ;
(PID.TID 0000.0001) implicDiv2DFlow =  /* Barot. Flow Div. implicit factor (0-1) */
(PID.TID 0000.0001)                 1.000000000000000E+00
(PID.TID 0000.0001)     ;
(PID.TID 0000.0001) uniformLin_PhiSurf = /* use uniform Bo_surf on/off flag */
(PID.TID 0000.0001)                   T
(PID.TID 0000.0001)     ;
(PID.TID 0000.0001) uniformFreeSurfLev = /* free-surface level-index is uniform */
(PID.TID 0000.0001)                   T
(PID.TID 0000.0001)     ;
(PID.TID 0000.0001) sIceLoadFac =  /* scale factor for sIceLoad (0-1) */
(PID.TID 0000.0001)                 1.000000000000000E+00
(PID.TID 0000.0001)     ;
(PID.TID 0000.0001) hFacMin =   /* minimum partial cell factor (hFac) */
(PID.TID 0000.0001)                 1.000000000000000E+00
(PID.TID 0000.0001)     ;
(PID.TID 0000.0001) hFacMinDr = /* minimum partial cell thickness ( m) */
(PID.TID 0000.0001)                 0.000000000000000E+00
(PID.TID 0000.0001)     ;
(PID.TID 0000.0001) exactConserv =  /* Exact Volume Conservation on/off flag */
(PID.TID 0000.0001)                   T
(PID.TID 0000.0001)     ;
(PID.TID 0000.0001) linFSConserveTr = /* Tracer correction for Lin Free Surface on/off flag */
(PID.TID 0000.0001)                   F
(PID.TID 0000.0001)     ;
(PID.TID 0000.0001) nonlinFreeSurf = /* Non-linear Free Surf. options (-1,0,1,2,3)*/
(PID.TID 0000.0001)                       0
(PID.TID 0000.0001)      -1,0= Off ; 1,2,3= On, 2=+rescale gU,gV, 3=+update cg2d solv.
(PID.TID 0000.0001)     ;
(PID.TID 0000.0001) hFacInf =   /* lower threshold for hFac (nonlinFreeSurf only)*/
(PID.TID 0000.0001)                 2.000000000000000E-01
(PID.TID 0000.0001)     ;
(PID.TID 0000.0001) hFacSup =   /* upper threshold for hFac (nonlinFreeSurf only)*/
(PID.TID 0000.0001)                 2.000000000000000E+00
(PID.TID 0000.0001)     ;
(PID.TID 0000.0001) select_rStar = /* r* Vertical coord. options (=0 r coord.; >0 uses r*)*/
(PID.TID 0000.0001)                       0
(PID.TID 0000.0001)     ;
(PID.TID 0000.0001) useRealFreshWaterFlux = /* Real Fresh Water Flux on/off flag*/
(PID.TID 0000.0001)                   F
(PID.TID 0000.0001)     ;
(PID.TID 0000.0001) temp_EvPrRn = /* Temp. of Evap/Prec/R (UNSET=use local T)(oC)*/
(PID.TID 0000.0001)                 1.234567000000000E+05
(PID.TID 0000.0001)     ;
(PID.TID 0000.0001) salt_EvPrRn = /* Salin. of Evap/Prec/R (UNSET=use local S)(g/kg)*/
(PID.TID 0000.0001)                 0.000000000000000E+00
(PID.TID 0000.0001)     ;
(PID.TID 0000.0001) selectAddFluid = /* option for mass source/sink of fluid (=0: off) */
(PID.TID 0000.0001)                       0
(PID.TID 0000.0001)     ;
(PID.TID 0000.0001) temp_addMass = /* Temp. of addMass array (UNSET=use local T)(oC)*/
(PID.TID 0000.0001)                 1.234567000000000E+05
(PID.TID 0000.0001)     ;
(PID.TID 0000.0001) salt_addMass = /* Salin. of addMass array (UNSET=use local S)(g/kg)*/
(PID.TID 0000.0001)                 0.000000000000000E+00
(PID.TID 0000.0001)     ;
(PID.TID 0000.0001) convertFW2Salt = /* convert F.W. Flux to Salt Flux (-1=use local S)(g/kg)*/
(PID.TID 0000.0001)                 3.500000000000000E+01
(PID.TID 0000.0001)     ;
(PID.TID 0000.0001) use3Dsolver = /* use 3-D pressure solver on/off flag */
(PID.TID 0000.0001)                   F
(PID.TID 0000.0001)     ;
(PID.TID 0000.0001) nonHydrostatic =  /* Non-Hydrostatic on/off flag */
(PID.TID 0000.0001)                   F
(PID.TID 0000.0001)     ;
(PID.TID 0000.0001) nh_Am2 = /* Non-Hydrostatic terms scaling factor */
(PID.TID 0000.0001)                 1.000000000000000E+00
(PID.TID 0000.0001)     ;
(PID.TID 0000.0001) implicitNHPress = /* Non-Hyd Pressure implicit factor (0-1)*/
(PID.TID 0000.0001)                 1.000000000000000E+00
(PID.TID 0000.0001)     ;
(PID.TID 0000.0001) selectNHfreeSurf = /* Non-Hyd (free-)Surface option */
(PID.TID 0000.0001)                       0
(PID.TID 0000.0001)     ;
(PID.TID 0000.0001) quasiHydrostatic = /* Quasi-Hydrostatic on/off flag */
(PID.TID 0000.0001)                   F
(PID.TID 0000.0001)     ;
(PID.TID 0000.0001) calc_wVelocity = /* vertical velocity calculation on/off flag */
(PID.TID 0000.0001)                   T
(PID.TID 0000.0001)     ;
(PID.TID 0000.0001) momStepping =  /* Momentum equation on/off flag */
(PID.TID 0000.0001)                   T
(PID.TID 0000.0001)     ;
(PID.TID 0000.0001) vectorInvariantMomentum= /* Vector-Invariant Momentum on/off */
(PID.TID 0000.0001)                   F
(PID.TID 0000.0001)     ;
(PID.TID 0000.0001) momAdvection =  /* Momentum advection on/off flag */
(PID.TID 0000.0001)                   T
(PID.TID 0000.0001)     ;
(PID.TID 0000.0001) momViscosity =  /* Momentum viscosity on/off flag */
(PID.TID 0000.0001)                   T
(PID.TID 0000.0001)     ;
(PID.TID 0000.0001) momImplVertAdv= /* Momentum implicit vert. advection on/off*/
(PID.TID 0000.0001)                   F
(PID.TID 0000.0001)     ;
(PID.TID 0000.0001) implicitViscosity = /* Implicit viscosity on/off flag */
(PID.TID 0000.0001)                   F
(PID.TID 0000.0001)     ;
(PID.TID 0000.0001) selectImplicitDrag= /* Implicit bot Drag options (0,1,2)*/
(PID.TID 0000.0001)                       0
(PID.TID 0000.0001)     0= Expl. ; 1= Impl. on provis. Vel ; 2= Fully Impl (with surf.P)
(PID.TID 0000.0001)     ;
(PID.TID 0000.0001) metricTerms =  /* metric-Terms on/off flag */
(PID.TID 0000.0001)                   T
(PID.TID 0000.0001)     ;
(PID.TID 0000.0001) useNHMTerms = /* Non-Hydrostatic Metric-Terms on/off */
(PID.TID 0000.0001)                   F
(PID.TID 0000.0001)     ;
(PID.TID 0000.0001) selectCoriMap = /* Coriolis Map options (0,1,2,3)*/
(PID.TID 0000.0001)                       2
(PID.TID 0000.0001)     0= f-Plane ; 1= Beta-Plane ; 2= Spherical ; 3= read from file
(PID.TID 0000.0001)     ;
(PID.TID 0000.0001) use3dCoriolis = /* 3-D Coriolis on/off flag */
(PID.TID 0000.0001)                   F
(PID.TID 0000.0001)     ;
(PID.TID 0000.0001) useCoriolis =  /* Coriolis on/off flag */
(PID.TID 0000.0001)                   T
(PID.TID 0000.0001)     ;
(PID.TID 0000.0001) useCDscheme =  /* CD scheme on/off flag */
(PID.TID 0000.0001)                   F
(PID.TID 0000.0001)     ;
(PID.TID 0000.0001) selectCoriScheme= /* Scheme selector for Coriolis-Term */
(PID.TID 0000.0001)                       0
(PID.TID 0000.0001)    = 0 : original discretization (simple averaging, no hFac)
(PID.TID 0000.0001)    = 1 : Wet-point averaging (Jamar & Ozer 1986)
(PID.TID 0000.0001)    = 2 : energy conserving scheme (no hFac weight)
(PID.TID 0000.0001)    = 3 : energy conserving scheme using Wet-point averaging
(PID.TID 0000.0001)     ;
(PID.TID 0000.0001) momForcing =  /* Momentum forcing on/off flag */
(PID.TID 0000.0001)                   T
(PID.TID 0000.0001)     ;
(PID.TID 0000.0001) momTidalForcing = /* Momentum Tidal forcing on/off flag */
(PID.TID 0000.0001)                   T
(PID.TID 0000.0001)     ;
(PID.TID 0000.0001) momPressureForcing =  /* Momentum pressure term on/off flag */
(PID.TID 0000.0001)                   T
(PID.TID 0000.0001)     ;
(PID.TID 0000.0001) implicitIntGravWave= /* Implicit Internal Gravity Wave flag */
(PID.TID 0000.0001)                   F
(PID.TID 0000.0001)     ;
(PID.TID 0000.0001) staggerTimeStep =    /* Stagger time stepping on/off flag */
(PID.TID 0000.0001)                   F
(PID.TID 0000.0001)     ;
(PID.TID 0000.0001) doResetHFactors = /* reset thickness factors @ each time-step */
(PID.TID 0000.0001)                   F
(PID.TID 0000.0001)     ;
(PID.TID 0000.0001) multiDimAdvection =  /* enable/disable Multi-Dim Advection */
(PID.TID 0000.0001)                   T
(PID.TID 0000.0001)     ;
(PID.TID 0000.0001) useMultiDimAdvec =   /* Multi-Dim Advection is/is-not used */
(PID.TID 0000.0001)                   F
(PID.TID 0000.0001)     ;
(PID.TID 0000.0001) implicitDiffusion = /* Implicit Diffusion on/off flag */
(PID.TID 0000.0001)                   T
(PID.TID 0000.0001)     ;
(PID.TID 0000.0001) tempStepping =  /* Temperature equation on/off flag */
(PID.TID 0000.0001)                   T
(PID.TID 0000.0001)     ;
(PID.TID 0000.0001) tempAdvection = /* Temperature advection on/off flag */
(PID.TID 0000.0001)                   T
(PID.TID 0000.0001)     ;
(PID.TID 0000.0001) tempImplVertAdv = /* Temp. implicit vert. advection on/off */
(PID.TID 0000.0001)                   F
(PID.TID 0000.0001)     ;
(PID.TID 0000.0001) tempForcing  =  /* Temperature forcing on/off flag */
(PID.TID 0000.0001)                   T
(PID.TID 0000.0001)     ;
(PID.TID 0000.0001) doThetaClimRelax = /* apply SST relaxation on/off flag */
(PID.TID 0000.0001)                   T
(PID.TID 0000.0001)     ;
(PID.TID 0000.0001) tempIsActiveTr = /* Temp. is a dynamically Active Tracer */
(PID.TID 0000.0001)                   T
(PID.TID 0000.0001)     ;
(PID.TID 0000.0001) saltStepping =  /* Salinity equation on/off flag */
(PID.TID 0000.0001)                   F
(PID.TID 0000.0001)     ;
(PID.TID 0000.0001) saltAdvection = /* Salinity advection on/off flag */
(PID.TID 0000.0001)                   F
(PID.TID 0000.0001)     ;
(PID.TID 0000.0001) saltImplVertAdv = /* Sali. implicit vert. advection on/off */
(PID.TID 0000.0001)                   F
(PID.TID 0000.0001)     ;
(PID.TID 0000.0001) saltForcing  =  /* Salinity forcing on/off flag */
(PID.TID 0000.0001)                   F
(PID.TID 0000.0001)     ;
(PID.TID 0000.0001) doSaltClimRelax = /* apply SSS relaxation on/off flag */
(PID.TID 0000.0001)                   F
(PID.TID 0000.0001)     ;
(PID.TID 0000.0001) saltIsActiveTr = /* Salt  is a dynamically Active Tracer */
(PID.TID 0000.0001)                   F
(PID.TID 0000.0001)     ;
(PID.TID 0000.0001)  readBinaryPrec = /* Precision used for reading binary files */
(PID.TID 0000.0001)                      32
(PID.TID 0000.0001)     ;
(PID.TID 0000.0001) writeBinaryPrec = /* Precision used for writing binary files */
(PID.TID 0000.0001)                      32
(PID.TID 0000.0001)     ;
(PID.TID 0000.0001)  rwSuffixType =   /* select format of mds file suffix */
(PID.TID 0000.0001)                       0
(PID.TID 0000.0001)    = 0 : myIter (I10.10) ;   = 1 : 100*myTime (100th sec) ;
(PID.TID 0000.0001)    = 2 : myTime (seconds);   = 3 : myTime/360 (10th of hr);
(PID.TID 0000.0001)    = 4 : myTime/3600 (hours)
(PID.TID 0000.0001)     ;
(PID.TID 0000.0001)  globalFiles = /* write "global" (=not per tile) files */
(PID.TID 0000.0001)                   F
(PID.TID 0000.0001)     ;
(PID.TID 0000.0001)  useSingleCpuIO = /* only master MPI process does I/O */
(PID.TID 0000.0001)                   T
(PID.TID 0000.0001)     ;
(PID.TID 0000.0001)  useSingleCpuInput = /* only master process reads input */
(PID.TID 0000.0001)                   T
(PID.TID 0000.0001)     ;
(PID.TID 0000.0001) /* debLev[*]  : level of debug & auxiliary message printing */
(PID.TID 0000.0001) debLevZero =  0 ; /* level of disabled aux. msg printing */
(PID.TID 0000.0001)    debLevA =  1 ; /* level of minimum  aux. msg printing */
(PID.TID 0000.0001)    debLevB =  2 ; /* level of low aux. print (report read-file opening)*/
(PID.TID 0000.0001)    debLevC =  3 ; /* level of moderate debug prt (most pkgs debug msg) */
(PID.TID 0000.0001)    debLevD =  4 ; /* level of enhanced debug prt (add DEBUG_STATS prt) */
(PID.TID 0000.0001)    debLevE =  5 ; /* level of extensive debug printing */
(PID.TID 0000.0001) debugLevel =  /* select debug printing level */
(PID.TID 0000.0001)                       1
(PID.TID 0000.0001)     ;
(PID.TID 0000.0001)  plotLevel =  /* select PLOT_FIELD printing level */
(PID.TID 0000.0001)                       1
(PID.TID 0000.0001)     ;
(PID.TID 0000.0001) //
(PID.TID 0000.0001) // Elliptic solver(s) paramters ( PARM02 in namelist )
(PID.TID 0000.0001) //
(PID.TID 0000.0001) cg2dMaxIters =   /* Upper limit on 2d con. grad iterations  */
(PID.TID 0000.0001)                    1000
(PID.TID 0000.0001)     ;
(PID.TID 0000.0001) cg2dMinItersNSA =   /* Minimum number of iterations of 2d con. grad solver  */
(PID.TID 0000.0001)                       0
(PID.TID 0000.0001)     ;
(PID.TID 0000.0001) cg2dUseMinResSol= /* use cg2d last-iter(=0) / min-resid.(=1) solution */
(PID.TID 0000.0001)                       0
(PID.TID 0000.0001)     ;
(PID.TID 0000.0001) cg2dTargetResidual =   /* 2d con. grad target residual  */
(PID.TID 0000.0001)                 1.000000000000000E-07
(PID.TID 0000.0001)     ;
(PID.TID 0000.0001) cg2dTargetResWunit =   /* CG2d target residual [W units] */
(PID.TID 0000.0001)                -1.000000000000000E+00
(PID.TID 0000.0001)     ;
(PID.TID 0000.0001) cg2dPreCondFreq =   /* Freq. for updating cg2d preconditioner */
(PID.TID 0000.0001)                       1
(PID.TID 0000.0001)     ;
(PID.TID 0000.0001) useSRCGSolver =  /* use single reduction CG solver(s) */
(PID.TID 0000.0001)                   F
(PID.TID 0000.0001)     ;
(PID.TID 0000.0001) useNSACGSolver =  /* use not-self-adjoint CG solver */
(PID.TID 0000.0001)                   F
(PID.TID 0000.0001)     ;
(PID.TID 0000.0001) printResidualFreq = /* Freq. for printing CG residual */
(PID.TID 0000.0001)                       0
(PID.TID 0000.0001)     ;
(PID.TID 0000.0001) //
(PID.TID 0000.0001) // Time stepping paramters ( PARM03 in namelist )
(PID.TID 0000.0001) //
(PID.TID 0000.0001) deltaTMom =   /* Momentum equation timestep ( s ) */
(PID.TID 0000.0001)                 1.200000000000000E+03
(PID.TID 0000.0001)     ;
(PID.TID 0000.0001) deltaTFreeSurf = /* FreeSurface equation timestep ( s ) */
(PID.TID 0000.0001)                 1.200000000000000E+03
(PID.TID 0000.0001)     ;
(PID.TID 0000.0001) dTtracerLev =  /* Tracer equation timestep ( s ) */
(PID.TID 0000.0001)    15 @  1.200000000000000E+03              /* K =  1: 15 */
(PID.TID 0000.0001)     ;
(PID.TID 0000.0001) deltaTClock  =   /* Model clock timestep ( s ) */
(PID.TID 0000.0001)                 1.200000000000000E+03
(PID.TID 0000.0001)     ;
(PID.TID 0000.0001) cAdjFreq =   /* Convective adjustment interval ( s ) */
(PID.TID 0000.0001)                 0.000000000000000E+00
(PID.TID 0000.0001)     ;
(PID.TID 0000.0001) momForcingOutAB = /* =1: take Momentum Forcing out of Adams-Bash. stepping */
(PID.TID 0000.0001)                       0
(PID.TID 0000.0001)     ;
(PID.TID 0000.0001) tracForcingOutAB = /* =1: take T,S,pTr Forcing out of Adams-Bash. stepping */
(PID.TID 0000.0001)                       0
(PID.TID 0000.0001)     ;
(PID.TID 0000.0001) momDissip_In_AB = /* put Dissipation Tendency in Adams-Bash. stepping */
(PID.TID 0000.0001)                   T
(PID.TID 0000.0001)     ;
(PID.TID 0000.0001) doAB_onGtGs = /* apply AB on Tendencies (rather than on T,S)*/
(PID.TID 0000.0001)                   T
(PID.TID 0000.0001)     ;
(PID.TID 0000.0001) abEps =   /* Adams-Bashforth-2 stabilizing weight */
(PID.TID 0000.0001)                 1.000000000000000E-02
(PID.TID 0000.0001)     ;
(PID.TID 0000.0001) applyExchUV_early = /* Apply EXCH to U,V earlier in time-step */
(PID.TID 0000.0001)                   F
(PID.TID 0000.0001)     ;
(PID.TID 0000.0001) pickupStrictlyMatch= /* stop if pickup do not strictly match */
(PID.TID 0000.0001)                   T
(PID.TID 0000.0001)     ;
(PID.TID 0000.0001) nIter0   =   /* Run starting timestep number */
(PID.TID 0000.0001)                 3111120
(PID.TID 0000.0001)     ;
(PID.TID 0000.0001) nTimeSteps = /* Number of timesteps */
(PID.TID 0000.0001)                     720
(PID.TID 0000.0001)     ;
(PID.TID 0000.0001) nEndIter =   /* Run ending timestep number */
(PID.TID 0000.0001)                 3111840
(PID.TID 0000.0001)     ;
(PID.TID 0000.0001) baseTime =   /* Model base time ( s ) */
(PID.TID 0000.0001)                 0.000000000000000E+00
(PID.TID 0000.0001)     ;
(PID.TID 0000.0001) startTime =  /* Run start time ( s ) */
(PID.TID 0000.0001)                 3.733344000000000E+09
(PID.TID 0000.0001)     ;
(PID.TID 0000.0001) endTime  =   /* Integration ending time ( s ) */
(PID.TID 0000.0001)                 3.734208000000000E+09
(PID.TID 0000.0001)     ;
(PID.TID 0000.0001) pChkPtFreq = /* Permanent restart/pickup file interval ( s ) */
(PID.TID 0000.0001)                 0.000000000000000E+00
(PID.TID 0000.0001)     ;
(PID.TID 0000.0001) chkPtFreq  = /* Rolling restart/pickup file interval ( s ) */
(PID.TID 0000.0001)                 0.000000000000000E+00
(PID.TID 0000.0001)     ;
(PID.TID 0000.0001) pickup_write_mdsio =   /* Model IO flag. */
(PID.TID 0000.0001)                   T
(PID.TID 0000.0001)     ;
(PID.TID 0000.0001) pickup_read_mdsio =   /* Model IO flag. */
(PID.TID 0000.0001)                   T
(PID.TID 0000.0001)     ;
(PID.TID 0000.0001) writePickupAtEnd =   /* Model IO flag. */
(PID.TID 0000.0001)                   T
(PID.TID 0000.0001)     ;
(PID.TID 0000.0001) dumpFreq =   /* Model state write out interval ( s ). */
(PID.TID 0000.0001)                 0.000000000000000E+00
(PID.TID 0000.0001)     ;
(PID.TID 0000.0001) dumpInitAndLast= /* write out Initial & Last iter. model state */
(PID.TID 0000.0001)                   T
(PID.TID 0000.0001)     ;
(PID.TID 0000.0001) snapshot_mdsio =   /* Model IO flag. */
(PID.TID 0000.0001)                   T
(PID.TID 0000.0001)     ;
(PID.TID 0000.0001) monitorFreq =   /* Monitor output interval ( s ). */
(PID.TID 0000.0001)                 2.592000000000000E+06
(PID.TID 0000.0001)     ;
(PID.TID 0000.0001) monitorSelect = /* select group of variables to monitor */
(PID.TID 0000.0001)                       2
(PID.TID 0000.0001)     ;
(PID.TID 0000.0001) monitor_stdio =   /* Model IO flag. */
(PID.TID 0000.0001)                   T
(PID.TID 0000.0001)     ;
(PID.TID 0000.0001) externForcingPeriod =   /* forcing period (s) */
(PID.TID 0000.0001)                 0.000000000000000E+00
(PID.TID 0000.0001)     ;
(PID.TID 0000.0001) externForcingCycle =   /* period of the cyle (s). */
(PID.TID 0000.0001)                 0.000000000000000E+00
(PID.TID 0000.0001)     ;
(PID.TID 0000.0001) tauThetaClimRelax =   /* relaxation time scale (s) */
(PID.TID 0000.0001)                 2.592000000000000E+06
(PID.TID 0000.0001)     ;
(PID.TID 0000.0001) tauSaltClimRelax =   /* relaxation time scale (s) */
(PID.TID 0000.0001)                 0.000000000000000E+00
(PID.TID 0000.0001)     ;
(PID.TID 0000.0001) latBandClimRelax =   /* max. Lat. where relaxation */
(PID.TID 0000.0001)                 1.800000000000000E+02
(PID.TID 0000.0001)     ;
(PID.TID 0000.0001) //
(PID.TID 0000.0001) // Gridding paramters ( PARM04 in namelist )
(PID.TID 0000.0001) //
(PID.TID 0000.0001) usingCartesianGrid = /* Cartesian coordinates flag ( True/False ) */
(PID.TID 0000.0001)                   F
(PID.TID 0000.0001)     ;
(PID.TID 0000.0001) usingCylindricalGrid = /* Cylindrical coordinates flag ( True/False ) */
(PID.TID 0000.0001)                   F
(PID.TID 0000.0001)     ;
(PID.TID 0000.0001) usingSphericalPolarGrid = /* Spherical coordinates flag ( True/False ) */
(PID.TID 0000.0001)                   T
(PID.TID 0000.0001)     ;
(PID.TID 0000.0001) usingCurvilinearGrid = /* Curvilinear coordinates flag ( True/False ) */
(PID.TID 0000.0001)                   F
(PID.TID 0000.0001)     ;
(PID.TID 0000.0001) useMin4hFacEdges = /* set hFacW,S as minimum of adjacent hFacC factor */
(PID.TID 0000.0001)                   F
(PID.TID 0000.0001)     ;
(PID.TID 0000.0001) interViscAr_pCell = /* account for partial-cell in interior vert. viscosity */
(PID.TID 0000.0001)                   F
(PID.TID 0000.0001)     ;
(PID.TID 0000.0001) interDiffKr_pCell = /* account for partial-cell in interior vert. diffusion */
(PID.TID 0000.0001)                   F
(PID.TID 0000.0001)     ;
(PID.TID 0000.0001) pCellMix_select = /* option to enhance mixing near surface & bottom */
(PID.TID 0000.0001)                       0
(PID.TID 0000.0001)     ;
(PID.TID 0000.0001) selectSigmaCoord = /* Hybrid-Sigma Vert. Coordinate option */
(PID.TID 0000.0001)                       0
(PID.TID 0000.0001)     ;
(PID.TID 0000.0001) rSigmaBnd = /* r/sigma transition ( units of r ==  m ) */
(PID.TID 0000.0001)                 1.234567000000000E+05
(PID.TID 0000.0001)     ;
(PID.TID 0000.0001) rkSign =   /* index orientation relative to vertical coordinate */
(PID.TID 0000.0001)                -1.000000000000000E+00
(PID.TID 0000.0001)     ;
(PID.TID 0000.0001) gravitySign = /* gravity orientation relative to vertical coordinate */
(PID.TID 0000.0001)                -1.000000000000000E+00
(PID.TID 0000.0001)     ;
(PID.TID 0000.0001) seaLev_Z =  /* reference height of sea-level [m] */
(PID.TID 0000.0001)                 0.000000000000000E+00
(PID.TID 0000.0001)     ;
(PID.TID 0000.0001) top_Pres =  /* reference pressure at the top [Pa] */
(PID.TID 0000.0001)                 0.000000000000000E+00
(PID.TID 0000.0001)     ;
(PID.TID 0000.0001) mass2rUnit = /* convert mass per unit area [kg/m2] to r-units [m] */
(PID.TID 0000.0001)                 1.000200040008002E-03
(PID.TID 0000.0001)     ;
(PID.TID 0000.0001) rUnit2mass = /* convert r-units [m] to mass per unit area [kg/m2] */
(PID.TID 0000.0001)                 9.998000000000000E+02
(PID.TID 0000.0001)     ;
(PID.TID 0000.0001) drC =   /* C spacing ( units of r ) */
(PID.TID 0000.0001)                 2.500000000000000E+01,      /* K =  1 */
(PID.TID 0000.0001)                 5.500000000000000E+01,      /* K =  2 */
(PID.TID 0000.0001)                 6.500000000000000E+01,      /* K =  3 */
(PID.TID 0000.0001)                 7.500000000000000E+01,      /* K =  4 */
(PID.TID 0000.0001)                 8.500000000000000E+01,      /* K =  5 */
(PID.TID 0000.0001)                 9.500000000000000E+01,      /* K =  6 */
(PID.TID 0000.0001)                 1.050000000000000E+02,      /* K =  7 */
(PID.TID 0000.0001)                 1.150000000000000E+02,      /* K =  8 */
(PID.TID 0000.0001)                 1.250000000000000E+02,      /* K =  9 */
(PID.TID 0000.0001)                 1.350000000000000E+02,      /* K = 10 */
(PID.TID 0000.0001)                 1.450000000000000E+02,      /* K = 11 */
(PID.TID 0000.0001)                 1.550000000000000E+02,      /* K = 12 */
(PID.TID 0000.0001)                 1.650000000000000E+02,      /* K = 13 */
(PID.TID 0000.0001)                 1.750000000000000E+02,      /* K = 14 */
(PID.TID 0000.0001)                 1.850000000000000E+02,      /* K = 15 */
(PID.TID 0000.0001)                 9.500000000000000E+01       /* K = 16 */
(PID.TID 0000.0001)     ;
(PID.TID 0000.0001) drF =   /* W spacing ( units of r ) */
(PID.TID 0000.0001)                 5.000000000000000E+01,      /* K =  1 */
(PID.TID 0000.0001)                 6.000000000000000E+01,      /* K =  2 */
(PID.TID 0000.0001)                 7.000000000000000E+01,      /* K =  3 */
(PID.TID 0000.0001)                 8.000000000000000E+01,      /* K =  4 */
(PID.TID 0000.0001)                 9.000000000000000E+01,      /* K =  5 */
(PID.TID 0000.0001)                 1.000000000000000E+02,      /* K =  6 */
(PID.TID 0000.0001)                 1.100000000000000E+02,      /* K =  7 */
(PID.TID 0000.0001)                 1.200000000000000E+02,      /* K =  8 */
(PID.TID 0000.0001)                 1.300000000000000E+02,      /* K =  9 */
(PID.TID 0000.0001)                 1.400000000000000E+02,      /* K = 10 */
(PID.TID 0000.0001)                 1.500000000000000E+02,      /* K = 11 */
(PID.TID 0000.0001)                 1.600000000000000E+02,      /* K = 12 */
(PID.TID 0000.0001)                 1.700000000000000E+02,      /* K = 13 */
(PID.TID 0000.0001)                 1.800000000000000E+02,      /* K = 14 */
(PID.TID 0000.0001)                 1.900000000000000E+02       /* K = 15 */
(PID.TID 0000.0001)     ;
(PID.TID 0000.0001) delX = /* U spacing ( m - cartesian, degrees - spherical ) */
(PID.TID 0000.0001)    62 @  1.000000000000000E+00              /* I =  1: 62 */
(PID.TID 0000.0001)     ;
(PID.TID 0000.0001) delY = /* V spacing ( m - cartesian, degrees - spherical ) */
(PID.TID 0000.0001)    62 @  1.000000000000000E+00              /* J =  1: 62 */
(PID.TID 0000.0001)     ;
(PID.TID 0000.0001) xgOrigin = /* X-axis origin of West  edge (cartesian: m, lat-lon: deg) */
(PID.TID 0000.0001)                -1.000000000000000E+00
(PID.TID 0000.0001)     ;
(PID.TID 0000.0001) ygOrigin = /* Y-axis origin of South edge (cartesian: m, lat-lon: deg) */
(PID.TID 0000.0001)                 1.400000000000000E+01
(PID.TID 0000.0001)     ;
(PID.TID 0000.0001) rSphere =  /* Radius ( ignored - cartesian, m - spherical ) */
(PID.TID 0000.0001)                 6.370000000000000E+06
(PID.TID 0000.0001)     ;
(PID.TID 0000.0001) deepAtmosphere = /* Deep/Shallow Atmosphere flag (True/False) */
(PID.TID 0000.0001)                   F
(PID.TID 0000.0001)     ;
(PID.TID 0000.0001) xC =  /* xC(:,1,:,1) : P-point X coord ( deg. or m if cartesian) */
(PID.TID 0000.0001)                -5.000000000000000E-01,      /* I =  1 */
(PID.TID 0000.0001)                 5.000000000000000E-01,      /* I =  2 */
(PID.TID 0000.0001)                 1.500000000000000E+00,      /* I =  3 */
(PID.TID 0000.0001)                 2.500000000000000E+00,      /* I =  4 */
(PID.TID 0000.0001)                 3.500000000000000E+00,      /* I =  5 */
(PID.TID 0000.0001)                 4.500000000000000E+00,      /* I =  6 */
(PID.TID 0000.0001)                 5.500000000000000E+00,      /* I =  7 */
(PID.TID 0000.0001)                 6.500000000000000E+00,      /* I =  8 */
(PID.TID 0000.0001)                 7.500000000000000E+00,      /* I =  9 */
(PID.TID 0000.0001)                 8.500000000000000E+00,      /* I = 10 */
(PID.TID 0000.0001)                 9.500000000000000E+00,      /* I = 11 */
(PID.TID 0000.0001)                 1.050000000000000E+01,      /* I = 12 */
(PID.TID 0000.0001)                 1.150000000000000E+01,      /* I = 13 */
(PID.TID 0000.0001)                 1.250000000000000E+01,      /* I = 14 */
(PID.TID 0000.0001)                 1.350000000000000E+01,      /* I = 15 */
(PID.TID 0000.0001)                 1.450000000000000E+01,      /* I = 16 */
(PID.TID 0000.0001)                 1.550000000000000E+01,      /* I = 17 */
(PID.TID 0000.0001)                 1.650000000000000E+01,      /* I = 18 */
(PID.TID 0000.0001)                 1.750000000000000E+01,      /* I = 19 */
(PID.TID 0000.0001)                 1.850000000000000E+01,      /* I = 20 */
(PID.TID 0000.0001)                 1.950000000000000E+01,      /* I = 21 */
(PID.TID 0000.0001)                 2.050000000000000E+01,      /* I = 22 */
(PID.TID 0000.0001)                 2.150000000000000E+01,      /* I = 23 */
(PID.TID 0000.0001)                 2.250000000000000E+01,      /* I = 24 */
(PID.TID 0000.0001)                 2.350000000000000E+01,      /* I = 25 */
(PID.TID 0000.0001)                 2.450000000000000E+01,      /* I = 26 */
(PID.TID 0000.0001)                 2.550000000000000E+01,      /* I = 27 */
(PID.TID 0000.0001)                 2.650000000000000E+01,      /* I = 28 */
(PID.TID 0000.0001)                 2.750000000000000E+01,      /* I = 29 */
(PID.TID 0000.0001)                 2.850000000000000E+01,      /* I = 30 */
(PID.TID 0000.0001)                 2.950000000000000E+01       /* I = 31 */
(PID.TID 0000.0001)     ;
(PID.TID 0000.0001) yC =  /* yC(1,:,1,:) : P-point Y coord ( deg. or m if cartesian) */
(PID.TID 0000.0001)                 1.450000000000000E+01,      /* J =  1 */
(PID.TID 0000.0001)                 1.550000000000000E+01,      /* J =  2 */
(PID.TID 0000.0001)                 1.650000000000000E+01,      /* J =  3 */
(PID.TID 0000.0001)                 1.750000000000000E+01,      /* J =  4 */
(PID.TID 0000.0001)                 1.850000000000000E+01,      /* J =  5 */
(PID.TID 0000.0001)                 1.950000000000000E+01,      /* J =  6 */
(PID.TID 0000.0001)                 2.050000000000000E+01,      /* J =  7 */
(PID.TID 0000.0001)                 2.150000000000000E+01,      /* J =  8 */
(PID.TID 0000.0001)                 2.250000000000000E+01,      /* J =  9 */
(PID.TID 0000.0001)                 2.350000000000000E+01,      /* J = 10 */
(PID.TID 0000.0001)                 2.450000000000000E+01,      /* J = 11 */
(PID.TID 0000.0001)                 2.550000000000000E+01,      /* J = 12 */
(PID.TID 0000.0001)                 2.650000000000000E+01,      /* J = 13 */
(PID.TID 0000.0001)                 2.750000000000000E+01,      /* J = 14 */
(PID.TID 0000.0001)                 2.850000000000000E+01,      /* J = 15 */
(PID.TID 0000.0001)                 2.950000000000000E+01,      /* J = 16 */
(PID.TID 0000.0001)                 3.050000000000000E+01,      /* J = 17 */
(PID.TID 0000.0001)                 3.150000000000000E+01,      /* J = 18 */
(PID.TID 0000.0001)                 3.250000000000000E+01,      /* J = 19 */
(PID.TID 0000.0001)                 3.350000000000000E+01,      /* J = 20 */
(PID.TID 0000.0001)                 3.450000000000000E+01,      /* J = 21 */
(PID.TID 0000.0001)                 3.550000000000000E+01,      /* J = 22 */
(PID.TID 0000.0001)                 3.650000000000000E+01,      /* J = 23 */
(PID.TID 0000.0001)                 3.750000000000000E+01,      /* J = 24 */
(PID.TID 0000.0001)                 3.850000000000000E+01,      /* J = 25 */
(PID.TID 0000.0001)                 3.950000000000000E+01,      /* J = 26 */
(PID.TID 0000.0001)                 4.050000000000000E+01,      /* J = 27 */
(PID.TID 0000.0001)                 4.150000000000000E+01,      /* J = 28 */
(PID.TID 0000.0001)                 4.250000000000000E+01,      /* J = 29 */
(PID.TID 0000.0001)                 4.350000000000000E+01,      /* J = 30 */
(PID.TID 0000.0001)                 4.450000000000000E+01       /* J = 31 */
(PID.TID 0000.0001)     ;
(PID.TID 0000.0001) rcoord = /* P-point R coordinate (  units of r ) */
(PID.TID 0000.0001)                -2.500000000000000E+01,      /* K =  1 */
(PID.TID 0000.0001)                -8.000000000000000E+01,      /* K =  2 */
(PID.TID 0000.0001)                -1.450000000000000E+02,      /* K =  3 */
(PID.TID 0000.0001)                -2.200000000000000E+02,      /* K =  4 */
(PID.TID 0000.0001)                -3.050000000000000E+02,      /* K =  5 */
(PID.TID 0000.0001)                -4.000000000000000E+02,      /* K =  6 */
(PID.TID 0000.0001)                -5.050000000000000E+02,      /* K =  7 */
(PID.TID 0000.0001)                -6.200000000000000E+02,      /* K =  8 */
(PID.TID 0000.0001)                -7.450000000000000E+02,      /* K =  9 */
(PID.TID 0000.0001)                -8.800000000000000E+02,      /* K = 10 */
(PID.TID 0000.0001)                -1.025000000000000E+03,      /* K = 11 */
(PID.TID 0000.0001)                -1.180000000000000E+03,      /* K = 12 */
(PID.TID 0000.0001)                -1.345000000000000E+03,      /* K = 13 */
(PID.TID 0000.0001)                -1.520000000000000E+03,      /* K = 14 */
(PID.TID 0000.0001)                -1.705000000000000E+03       /* K = 15 */
(PID.TID 0000.0001)     ;
(PID.TID 0000.0001) rF =   /* W-Interf. R coordinate (  units of r ) */
(PID.TID 0000.0001)                 0.000000000000000E+00,      /* K =  1 */
(PID.TID 0000.0001)                -5.000000000000000E+01,      /* K =  2 */
(PID.TID 0000.0001)                -1.100000000000000E+02,      /* K =  3 */
(PID.TID 0000.0001)                -1.800000000000000E+02,      /* K =  4 */
(PID.TID 0000.0001)                -2.600000000000000E+02,      /* K =  5 */
(PID.TID 0000.0001)                -3.500000000000000E+02,      /* K =  6 */
(PID.TID 0000.0001)                -4.500000000000000E+02,      /* K =  7 */
(PID.TID 0000.0001)                -5.600000000000000E+02,      /* K =  8 */
(PID.TID 0000.0001)                -6.800000000000000E+02,      /* K =  9 */
(PID.TID 0000.0001)                -8.100000000000000E+02,      /* K = 10 */
(PID.TID 0000.0001)                -9.500000000000000E+02,      /* K = 11 */
(PID.TID 0000.0001)                -1.100000000000000E+03,      /* K = 12 */
(PID.TID 0000.0001)                -1.260000000000000E+03,      /* K = 13 */
(PID.TID 0000.0001)                -1.430000000000000E+03,      /* K = 14 */
(PID.TID 0000.0001)                -1.610000000000000E+03,      /* K = 15 */
(PID.TID 0000.0001)                -1.800000000000000E+03       /* K = 16 */
(PID.TID 0000.0001)     ;
(PID.TID 0000.0001) deepFacC = /* deep-model grid factor @ cell-Center (-) */
(PID.TID 0000.0001)    15 @  1.000000000000000E+00              /* K =  1: 15 */
(PID.TID 0000.0001)     ;
(PID.TID 0000.0001) deepFacF = /* deep-model grid factor @ W-Interface (-) */
(PID.TID 0000.0001)    16 @  1.000000000000000E+00              /* K =  1: 16 */
(PID.TID 0000.0001)     ;
(PID.TID 0000.0001) rVel2wUnit = /* convert units: rVel -> wSpeed (=1 if z-coord)*/
(PID.TID 0000.0001)    16 @  1.000000000000000E+00              /* K =  1: 16 */
(PID.TID 0000.0001)     ;
(PID.TID 0000.0001) wUnit2rVel = /* convert units: wSpeed -> rVel (=1 if z-coord)*/
(PID.TID 0000.0001)    16 @  1.000000000000000E+00              /* K =  1: 16 */
(PID.TID 0000.0001)     ;
(PID.TID 0000.0001) dBdrRef = /* Vertical grad. of reference buoyancy [(m/s/r)^2] */
(PID.TID 0000.0001)                 0.000000000000000E+00,      /* K =  1 */
(PID.TID 0000.0001)                 1.070181818181818E-04,      /* K =  2 */
(PID.TID 0000.0001)                 9.055384615384615E-05,      /* K =  3 */
(PID.TID 0000.0001)                 7.848000000000002E-05,      /* K =  4 */
(PID.TID 0000.0001)                 6.924705882352942E-05,      /* K =  5 */
(PID.TID 0000.0001)                 6.195789473684211E-05,      /* K =  6 */
(PID.TID 0000.0001)                 3.737142857142858E-05,      /* K =  7 */
(PID.TID 0000.0001)                 3.412173913043479E-05,      /* K =  8 */
(PID.TID 0000.0001)                 3.139200000000000E-05,      /* K =  9 */
(PID.TID 0000.0001)                 2.906666666666667E-05,      /* K = 10 */
(PID.TID 0000.0001)                 1.353103448275862E-05,      /* K = 11 */
(PID.TID 0000.0001)                 1.265806451612903E-05,      /* K = 12 */
(PID.TID 0000.0001)                 1.189090909090909E-05,      /* K = 13 */
(PID.TID 0000.0001)                 1.121142857142857E-05,      /* K = 14 */
(PID.TID 0000.0001)                 1.060540540540541E-05       /* K = 15 */
(PID.TID 0000.0001)     ;
(PID.TID 0000.0001) rotateGrid = /* use rotated grid ( True/False ) */
(PID.TID 0000.0001)                   F
(PID.TID 0000.0001)     ;
(PID.TID 0000.0001) phiEuler = /* Euler angle, rotation about original z-coordinate [rad] */
(PID.TID 0000.0001)                 0.000000000000000E+00
(PID.TID 0000.0001)     ;
(PID.TID 0000.0001) thetaEuler = /* Euler angle, rotation about new x-coordinate [rad] */
(PID.TID 0000.0001)                 0.000000000000000E+00
(PID.TID 0000.0001)     ;
(PID.TID 0000.0001) psiEuler = /* Euler angle, rotation about new z-coordinate [rad] */
(PID.TID 0000.0001)                 0.000000000000000E+00
(PID.TID 0000.0001)     ;
(PID.TID 0000.0001) dxF =  /* dxF(:,1,:,1) ( units: m ) */
(PID.TID 0000.0001)    31 @  1.076362084889763E+05              /* I =  1: 31 */
(PID.TID 0000.0001)     ;
(PID.TID 0000.0001) dxF =  /* dxF(1,:,1,:) ( units: m ) */
(PID.TID 0000.0001)                 1.076362084889763E+05,      /* J =  1 */
(PID.TID 0000.0001)                 1.071339990328148E+05,      /* J =  2 */
(PID.TID 0000.0001)                 1.065991555227175E+05,      /* J =  3 */
(PID.TID 0000.0001)                 1.060318408771987E+05,      /* J =  4 */
(PID.TID 0000.0001)                 1.054322279057952E+05,      /* J =  5 */
(PID.TID 0000.0001)                 1.048004992564268E+05,      /* J =  6 */
(PID.TID 0000.0001)                 1.041368473597596E+05,      /* J =  7 */
(PID.TID 0000.0001)                 1.034414743705903E+05,      /* J =  8 */
(PID.TID 0000.0001)                 1.027145921062676E+05,      /* J =  9 */
(PID.TID 0000.0001)                 1.019564219821708E+05,      /* J = 10 */
(PID.TID 0000.0001)                 1.011671949442642E+05,      /* J = 11 */
(PID.TID 0000.0001)                 1.003471513987490E+05,      /* J = 12 */
(PID.TID 0000.0001)                 9.949654113883297E+04,      /* J = 13 */
(PID.TID 0000.0001)                 9.861562326864146E+04,      /* J = 14 */
(PID.TID 0000.0001)                 9.770466612429130E+04,      /* J = 15 */
(PID.TID 0000.0001)                 9.676394719215337E+04,      /* J = 16 */
(PID.TID 0000.0001)                 9.579375302432729E+04,      /* J = 17 */
(PID.TID 0000.0001)                 9.479437915135507E+04,      /* J = 18 */
(PID.TID 0000.0001)                 9.376612999219958E+04,      /* J = 19 */
(PID.TID 0000.0001)                 9.270931876151556E+04,      /* J = 20 */
(PID.TID 0000.0001)                 9.162426737424145E+04,      /* J = 21 */
(PID.TID 0000.0001)                 9.051130634754094E+04,      /* J = 22 */
(PID.TID 0000.0001)                 8.937077470012424E+04,      /* J = 23 */
(PID.TID 0000.0001)                 8.820301984897976E+04,      /* J = 24 */
(PID.TID 0000.0001)                 8.700839750354746E+04,      /* J = 25 */
(PID.TID 0000.0001)                 8.578727155736629E+04,      /* J = 26 */
(PID.TID 0000.0001)                 8.454001397722879E+04,      /* J = 27 */
(PID.TID 0000.0001)                 8.326700468987631E+04,      /* J = 28 */
(PID.TID 0000.0001)                 8.196863146626971E+04,      /* J = 29 */
(PID.TID 0000.0001)                 8.064528980347053E+04,      /* J = 30 */
(PID.TID 0000.0001)                 7.929738280416874E+04       /* J = 31 */
(PID.TID 0000.0001)     ;
(PID.TID 0000.0001) dyF =  /* dyF(:,1,:,1) ( units: m ) */
(PID.TID 0000.0001)    31 @  1.111774733520388E+05              /* I =  1: 31 */
(PID.TID 0000.0001)     ;
(PID.TID 0000.0001) dyF =  /* dyF(1,:,1,:) ( units: m ) */
(PID.TID 0000.0001)    31 @  1.111774733520388E+05              /* J =  1: 31 */
(PID.TID 0000.0001)     ;
(PID.TID 0000.0001) dxG =  /* dxG(:,1,:,1) ( units: m ) */
(PID.TID 0000.0001)    31 @  1.078750272516468E+05              /* I =  1: 31 */
(PID.TID 0000.0001)     ;
(PID.TID 0000.0001) dxG =  /* dxG(1,:,1,:) ( units: m ) */
(PID.TID 0000.0001)                 1.078750272516468E+05,      /* J =  1 */
(PID.TID 0000.0001)                 1.073891928122990E+05,      /* J =  2 */
(PID.TID 0000.0001)                 1.068706465845181E+05,      /* J =  3 */
(PID.TID 0000.0001)                 1.063195465225083E+05,      /* J =  4 */
(PID.TID 0000.0001)                 1.057360604966873E+05,      /* J =  5 */
(PID.TID 0000.0001)                 1.051203662425507E+05,      /* J =  6 */
(PID.TID 0000.0001)                 1.044726513065328E+05,      /* J =  7 */
(PID.TID 0000.0001)                 1.037931129888776E+05,      /* J =  8 */
(PID.TID 0000.0001)                 1.030819582835396E+05,      /* J =  9 */
(PID.TID 0000.0001)                 1.023394038151311E+05,      /* J = 10 */
(PID.TID 0000.0001)                 1.015656757729363E+05,      /* J = 11 */
(PID.TID 0000.0001)                 1.007610098420124E+05,      /* J = 12 */
(PID.TID 0000.0001)                 9.992565113139673E+04,      /* J = 13 */
(PID.TID 0000.0001)                 9.905985409944496E+04,      /* J = 14 */
(PID.TID 0000.0001)                 9.816388247632013E+04,      /* J = 15 */
(PID.TID 0000.0001)                 9.723800918365814E+04,      /* J = 16 */
(PID.TID 0000.0001)                 9.628251625143306E+04,      /* J = 17 */
(PID.TID 0000.0001)                 9.529769473204810E+04,      /* J = 18 */
(PID.TID 0000.0001)                 9.428384461167829E+04,      /* J = 19 */
(PID.TID 0000.0001)                 9.324127471889161E+04,      /* J = 20 */
(PID.TID 0000.0001)                 9.217030263057708E+04,      /* J = 21 */
(PID.TID 0000.0001)                 9.107125457520749E+04,      /* J = 22 */
(PID.TID 0000.0001)                 8.994446533346726E+04,      /* J = 23 */
(PID.TID 0000.0001)                 8.879027813627482E+04,      /* J = 24 */
(PID.TID 0000.0001)                 8.760904456023136E+04,      /* J = 25 */
(PID.TID 0000.0001)                 8.640112442052698E+04,      /* J = 26 */
(PID.TID 0000.0001)                 8.516688566133760E+04,      /* J = 27 */
(PID.TID 0000.0001)                 8.390670424374563E+04,      /* J = 28 */
(PID.TID 0000.0001)                 8.262096403121852E+04,      /* J = 29 */
(PID.TID 0000.0001)                 8.131005667268026E+04,      /* J = 30 */
(PID.TID 0000.0001)                 7.997438148321131E+04       /* J = 31 */
(PID.TID 0000.0001)     ;
(PID.TID 0000.0001) dyG =  /* dyG(:,1,:,1) ( units: m ) */
(PID.TID 0000.0001)    31 @  1.111774733520388E+05              /* I =  1: 31 */
(PID.TID 0000.0001)     ;
(PID.TID 0000.0001) dyG =  /* dyG(1,:,1,:) ( units: m ) */
(PID.TID 0000.0001)    31 @  1.111774733520388E+05              /* J =  1: 31 */
(PID.TID 0000.0001)     ;
(PID.TID 0000.0001) dxC =  /* dxC(:,1,:,1) ( units: m ) */
(PID.TID 0000.0001)    31 @  1.076362084889763E+05              /* I =  1: 31 */
(PID.TID 0000.0001)     ;
(PID.TID 0000.0001) dxC =  /* dxC(1,:,1,:) ( units: m ) */
(PID.TID 0000.0001)                 1.076362084889763E+05,      /* J =  1 */
(PID.TID 0000.0001)                 1.071339990328148E+05,      /* J =  2 */
(PID.TID 0000.0001)                 1.065991555227175E+05,      /* J =  3 */
(PID.TID 0000.0001)                 1.060318408771987E+05,      /* J =  4 */
(PID.TID 0000.0001)                 1.054322279057952E+05,      /* J =  5 */
(PID.TID 0000.0001)                 1.048004992564268E+05,      /* J =  6 */
(PID.TID 0000.0001)                 1.041368473597596E+05,      /* J =  7 */
(PID.TID 0000.0001)                 1.034414743705903E+05,      /* J =  8 */
(PID.TID 0000.0001)                 1.027145921062676E+05,      /* J =  9 */
(PID.TID 0000.0001)                 1.019564219821708E+05,      /* J = 10 */
(PID.TID 0000.0001)                 1.011671949442642E+05,      /* J = 11 */
(PID.TID 0000.0001)                 1.003471513987490E+05,      /* J = 12 */
(PID.TID 0000.0001)                 9.949654113883297E+04,      /* J = 13 */
(PID.TID 0000.0001)                 9.861562326864146E+04,      /* J = 14 */
(PID.TID 0000.0001)                 9.770466612429130E+04,      /* J = 15 */
(PID.TID 0000.0001)                 9.676394719215337E+04,      /* J = 16 */
(PID.TID 0000.0001)                 9.579375302432729E+04,      /* J = 17 */
(PID.TID 0000.0001)                 9.479437915135507E+04,      /* J = 18 */
(PID.TID 0000.0001)                 9.376612999219958E+04,      /* J = 19 */
(PID.TID 0000.0001)                 9.270931876151556E+04,      /* J = 20 */
(PID.TID 0000.0001)                 9.162426737424145E+04,      /* J = 21 */
(PID.TID 0000.0001)                 9.051130634754094E+04,      /* J = 22 */
(PID.TID 0000.0001)                 8.937077470012424E+04,      /* J = 23 */
(PID.TID 0000.0001)                 8.820301984897976E+04,      /* J = 24 */
(PID.TID 0000.0001)                 8.700839750354746E+04,      /* J = 25 */
(PID.TID 0000.0001)                 8.578727155736629E+04,      /* J = 26 */
(PID.TID 0000.0001)                 8.454001397722879E+04,      /* J = 27 */
(PID.TID 0000.0001)                 8.326700468987631E+04,      /* J = 28 */
(PID.TID 0000.0001)                 8.196863146626971E+04,      /* J = 29 */
(PID.TID 0000.0001)                 8.064528980347053E+04,      /* J = 30 */
(PID.TID 0000.0001)                 7.929738280416874E+04       /* J = 31 */
(PID.TID 0000.0001)     ;
(PID.TID 0000.0001) dyC =  /* dyC(:,1,:,1) ( units: m ) */
(PID.TID 0000.0001)    31 @  1.111774733520388E+05              /* I =  1: 31 */
(PID.TID 0000.0001)     ;
(PID.TID 0000.0001) dyC =  /* dyC(1,:,1,:) ( units: m ) */
(PID.TID 0000.0001)    31 @  1.111774733520388E+05              /* J =  1: 31 */
(PID.TID 0000.0001)     ;
(PID.TID 0000.0001) dxV =  /* dxV(:,1,:,1) ( units: m ) */
(PID.TID 0000.0001)    31 @  1.078750272516468E+05              /* I =  1: 31 */
(PID.TID 0000.0001)     ;
(PID.TID 0000.0001) dxV =  /* dxV(1,:,1,:) ( units: m ) */
(PID.TID 0000.0001)                 1.078750272516468E+05,      /* J =  1 */
(PID.TID 0000.0001)                 1.073891928122990E+05,      /* J =  2 */
(PID.TID 0000.0001)                 1.068706465845181E+05,      /* J =  3 */
(PID.TID 0000.0001)                 1.063195465225083E+05,      /* J =  4 */
(PID.TID 0000.0001)                 1.057360604966873E+05,      /* J =  5 */
(PID.TID 0000.0001)                 1.051203662425507E+05,      /* J =  6 */
(PID.TID 0000.0001)                 1.044726513065328E+05,      /* J =  7 */
(PID.TID 0000.0001)                 1.037931129888776E+05,      /* J =  8 */
(PID.TID 0000.0001)                 1.030819582835396E+05,      /* J =  9 */
(PID.TID 0000.0001)                 1.023394038151311E+05,      /* J = 10 */
(PID.TID 0000.0001)                 1.015656757729363E+05,      /* J = 11 */
(PID.TID 0000.0001)                 1.007610098420124E+05,      /* J = 12 */
(PID.TID 0000.0001)                 9.992565113139673E+04,      /* J = 13 */
(PID.TID 0000.0001)                 9.905985409944496E+04,      /* J = 14 */
(PID.TID 0000.0001)                 9.816388247632013E+04,      /* J = 15 */
(PID.TID 0000.0001)                 9.723800918365814E+04,      /* J = 16 */
(PID.TID 0000.0001)                 9.628251625143306E+04,      /* J = 17 */
(PID.TID 0000.0001)                 9.529769473204810E+04,      /* J = 18 */
(PID.TID 0000.0001)                 9.428384461167829E+04,      /* J = 19 */
(PID.TID 0000.0001)                 9.324127471889161E+04,      /* J = 20 */
(PID.TID 0000.0001)                 9.217030263057708E+04,      /* J = 21 */
(PID.TID 0000.0001)                 9.107125457520749E+04,      /* J = 22 */
(PID.TID 0000.0001)                 8.994446533346726E+04,      /* J = 23 */
(PID.TID 0000.0001)                 8.879027813627482E+04,      /* J = 24 */
(PID.TID 0000.0001)                 8.760904456023136E+04,      /* J = 25 */
(PID.TID 0000.0001)                 8.640112442052698E+04,      /* J = 26 */
(PID.TID 0000.0001)                 8.516688566133760E+04,      /* J = 27 */
(PID.TID 0000.0001)                 8.390670424374563E+04,      /* J = 28 */
(PID.TID 0000.0001)                 8.262096403121852E+04,      /* J = 29 */
(PID.TID 0000.0001)                 8.131005667268026E+04,      /* J = 30 */
(PID.TID 0000.0001)                 7.997438148321131E+04       /* J = 31 */
(PID.TID 0000.0001)     ;
(PID.TID 0000.0001) dyU =  /* dyU(:,1,:,1) ( units: m ) */
(PID.TID 0000.0001)    31 @  1.111774733520388E+05              /* I =  1: 31 */
(PID.TID 0000.0001)     ;
(PID.TID 0000.0001) dyU =  /* dyU(1,:,1,:) ( units: m ) */
(PID.TID 0000.0001)    31 @  1.111774733520388E+05              /* J =  1: 31 */
(PID.TID 0000.0001)     ;
(PID.TID 0000.0001) rA  =  /* rA (:,1,:,1) ( units: m^2 ) */
(PID.TID 0000.0001)    31 @  1.196656981524733E+10              /* I =  1: 31 */
(PID.TID 0000.0001)     ;
(PID.TID 0000.0001) rA  =  /* rA (1,:,1,:) ( units: m^2 ) */
(PID.TID 0000.0001)                 1.196656981524733E+10,      /* J =  1 */
(PID.TID 0000.0001)                 1.191073614548694E+10,      /* J =  2 */
(PID.TID 0000.0001)                 1.185127435011474E+10,      /* J =  3 */
(PID.TID 0000.0001)                 1.178820254176960E+10,      /* J =  4 */
(PID.TID 0000.0001)                 1.172153993273539E+10,      /* J =  5 */
(PID.TID 0000.0001)                 1.165130682908854E+10,      /* J =  6 */
(PID.TID 0000.0001)                 1.157752462451282E+10,      /* J =  7 */
(PID.TID 0000.0001)                 1.150021579378240E+10,      /* J =  8 */
(PID.TID 0000.0001)                 1.141940388591624E+10,      /* J =  9 */
(PID.TID 0000.0001)                 1.133511351700411E+10,      /* J = 10 */
(PID.TID 0000.0001)                 1.124737036270893E+10,      /* J = 11 */
(PID.TID 0000.0001)                 1.115620115044562E+10,      /* J = 12 */
(PID.TID 0000.0001)                 1.106163365123932E+10,      /* J = 13 */
(PID.TID 0000.0001)                 1.096369667126643E+10,      /* J = 14 */
(PID.TID 0000.0001)                 1.086242004307971E+10,      /* J = 15 */
(PID.TID 0000.0001)                 1.075783461652121E+10,      /* J = 16 */
(PID.TID 0000.0001)                 1.064997224932518E+10,      /* J = 17 */
(PID.TID 0000.0001)                 1.053886579741327E+10,      /* J = 18 */
(PID.TID 0000.0001)                 1.042454910488719E+10,      /* J = 19 */
(PID.TID 0000.0001)                 1.030705699371901E+10,      /* J = 20 */
(PID.TID 0000.0001)                 1.018642525314361E+10,      /* J = 21 */
(PID.TID 0000.0001)                 1.006269062875826E+10,      /* J = 22 */
(PID.TID 0000.0001)                 9.935890811327726E+09,      /* J = 23 */
(PID.TID 0000.0001)                 9.806064425305017E+09,      /* J = 24 */
(PID.TID 0000.0001)                 9.673251017064857E+09,      /* J = 25 */
(PID.TID 0000.0001)                 9.537491042857967E+09,      /* J = 26 */
(PID.TID 0000.0001)                 9.398825856487764E+09,      /* J = 27 */
(PID.TID 0000.0001)                 9.257297696713127E+09,      /* J = 28 */
(PID.TID 0000.0001)                 9.112949674382658E+09,      /* J = 29 */
(PID.TID 0000.0001)                 8.965825759302095E+09,      /* J = 30 */
(PID.TID 0000.0001)                 8.815970766841616E+09       /* J = 31 */
(PID.TID 0000.0001)     ;
(PID.TID 0000.0001) rAw =  /* rAw(:,1,:,1) ( units: m^2 ) */
(PID.TID 0000.0001)    31 @  1.196656981524733E+10              /* I =  1: 31 */
(PID.TID 0000.0001)     ;
(PID.TID 0000.0001) rAw =  /* rAw(1,:,1,:) ( units: m^2 ) */
(PID.TID 0000.0001)                 1.196656981524733E+10,      /* J =  1 */
(PID.TID 0000.0001)                 1.191073614548694E+10,      /* J =  2 */
(PID.TID 0000.0001)                 1.185127435011474E+10,      /* J =  3 */
(PID.TID 0000.0001)                 1.178820254176960E+10,      /* J =  4 */
(PID.TID 0000.0001)                 1.172153993273539E+10,      /* J =  5 */
(PID.TID 0000.0001)                 1.165130682908854E+10,      /* J =  6 */
(PID.TID 0000.0001)                 1.157752462451282E+10,      /* J =  7 */
(PID.TID 0000.0001)                 1.150021579378240E+10,      /* J =  8 */
(PID.TID 0000.0001)                 1.141940388591624E+10,      /* J =  9 */
(PID.TID 0000.0001)                 1.133511351700411E+10,      /* J = 10 */
(PID.TID 0000.0001)                 1.124737036270893E+10,      /* J = 11 */
(PID.TID 0000.0001)                 1.115620115044562E+10,      /* J = 12 */
(PID.TID 0000.0001)                 1.106163365123932E+10,      /* J = 13 */
(PID.TID 0000.0001)                 1.096369667126643E+10,      /* J = 14 */
(PID.TID 0000.0001)                 1.086242004307971E+10,      /* J = 15 */
(PID.TID 0000.0001)                 1.075783461652121E+10,      /* J = 16 */
(PID.TID 0000.0001)                 1.064997224932518E+10,      /* J = 17 */
(PID.TID 0000.0001)                 1.053886579741327E+10,      /* J = 18 */
(PID.TID 0000.0001)                 1.042454910488719E+10,      /* J = 19 */
(PID.TID 0000.0001)                 1.030705699371901E+10,      /* J = 20 */
(PID.TID 0000.0001)                 1.018642525314361E+10,      /* J = 21 */
(PID.TID 0000.0001)                 1.006269062875826E+10,      /* J = 22 */
(PID.TID 0000.0001)                 9.935890811327726E+09,      /* J = 23 */
(PID.TID 0000.0001)                 9.806064425305017E+09,      /* J = 24 */
(PID.TID 0000.0001)                 9.673251017064857E+09,      /* J = 25 */
(PID.TID 0000.0001)                 9.537491042857967E+09,      /* J = 26 */
(PID.TID 0000.0001)                 9.398825856487764E+09,      /* J = 27 */
(PID.TID 0000.0001)                 9.257297696713127E+09,      /* J = 28 */
(PID.TID 0000.0001)                 9.112949674382658E+09,      /* J = 29 */
(PID.TID 0000.0001)                 8.965825759302095E+09,      /* J = 30 */
(PID.TID 0000.0001)                 8.815970766841616E+09       /* J = 31 */
(PID.TID 0000.0001)     ;
(PID.TID 0000.0001) rAs =  /* rAs(:,1,:,1) ( units: m^2 ) */
(PID.TID 0000.0001)    31 @  1.199312074487231E+10              /* I =  1: 31 */
(PID.TID 0000.0001)     ;
(PID.TID 0000.0001) rAs =  /* rAs(1,:,1,:) ( units: m^2 ) */
(PID.TID 0000.0001)                 1.199312074487231E+10,      /* J =  1 */
(PID.TID 0000.0001)                 1.193910758500046E+10,      /* J =  2 */
(PID.TID 0000.0001)                 1.188145765730160E+10,      /* J =  3 */
(PID.TID 0000.0001)                 1.182018852250200E+10,      /* J =  4 */
(PID.TID 0000.0001)                 1.175531884377381E+10,      /* J =  5 */
(PID.TID 0000.0001)                 1.168686838104932E+10,      /* J =  6 */
(PID.TID 0000.0001)                 1.161485798500282E+10,      /* J =  7 */
(PID.TID 0000.0001)                 1.153930959069842E+10,      /* J =  8 */
(PID.TID 0000.0001)                 1.146024621090888E+10,      /* J =  9 */
(PID.TID 0000.0001)                 1.137769192910564E+10,      /* J = 10 */
(PID.TID 0000.0001)                 1.129167189212251E+10,      /* J = 11 */
(PID.TID 0000.0001)                 1.120221230249629E+10,      /* J = 12 */
(PID.TID 0000.0001)                 1.110934041048438E+10,      /* J = 13 */
(PID.TID 0000.0001)                 1.101308450576488E+10,      /* J = 14 */
(PID.TID 0000.0001)                 1.091347390881877E+10,      /* J = 15 */
(PID.TID 0000.0001)                 1.081053896199882E+10,      /* J = 16 */
(PID.TID 0000.0001)                 1.070431102028697E+10,      /* J = 17 */
(PID.TID 0000.0001)                 1.059482244174344E+10,      /* J = 18 */
(PID.TID 0000.0001)                 1.048210657764977E+10,      /* J = 19 */
(PID.TID 0000.0001)                 1.036619776235010E+10,      /* J = 20 */
(PID.TID 0000.0001)                 1.024713130279231E+10,      /* J = 21 */
(PID.TID 0000.0001)                 1.012494346777366E+10,      /* J = 22 */
(PID.TID 0000.0001)                 9.999671476892084E+09,      /* J = 23 */
(PID.TID 0000.0001)                 9.871353489209755E+09,      /* J = 24 */
(PID.TID 0000.0001)                 9.740028591628616E+09,      /* J = 25 */
(PID.TID 0000.0001)                 9.605736786984573E+09,      /* J = 26 */
(PID.TID 0000.0001)                 9.468518981862591E+09,      /* J = 27 */
(PID.TID 0000.0001)                 9.328416974134933E+09,      /* J = 28 */
(PID.TID 0000.0001)                 9.185473440230581E+09,      /* J = 29 */
(PID.TID 0000.0001)                 9.039731922134653E+09,      /* J = 30 */
(PID.TID 0000.0001)                 8.891236814125528E+09       /* J = 31 */
(PID.TID 0000.0001)     ;
(PID.TID 0000.0001) globalArea = /* Integrated horizontal Area (m^2) */
(PID.TID 0000.0001)                 3.004640278222630E+13
(PID.TID 0000.0001)     ;
(PID.TID 0000.0001) // =======================================================
(PID.TID 0000.0001) // End of Model config. summary
(PID.TID 0000.0001) // =======================================================
(PID.TID 0000.0001) 
(PID.TID 0000.0001) == Packages configuration : Check & print summary ==
(PID.TID 0000.0001) 
(PID.TID 0000.0001) CTRL_CHECK:  --> Starts to check CTRL set-up
(PID.TID 0000.0001) CTRL_CHECK:  <-- Ends Normally
(PID.TID 0000.0001) 
(PID.TID 0000.0001) COST_CHECK: #define ALLOW_COST
(PID.TID 0000.0001) GRDCHK_CHECK: grdchk package
(PID.TID 0000.0001) GAD_CHECK: #define ALLOW_GENERIC_ADVDIFF
(PID.TID 0000.0001) // =======================================================
(PID.TID 0000.0001) // Check Model config. (CONFIG_CHECK):
(PID.TID 0000.0001) // CONFIG_CHECK : Normal End
(PID.TID 0000.0001) // =======================================================
(PID.TID 0000.0001) 
(PID.TID 0000.0001)  nRecords = 108 ; filePrec =  64 ; fileIter =   3111120
(PID.TID 0000.0001)     nDims =   2 , dims:
(PID.TID 0000.0001)    1:  62   1  62
(PID.TID 0000.0001)    2:  62   1  62
(PID.TID 0000.0001)     nFlds =  10 , nFl3D =   7 , fields:
(PID.TID 0000.0001)  >Uvel    < >Vvel    < >Theta   < >Salt    < >GuNm1   < >GvNm1   < >GtNm1   < >EtaN    < >dEtaHdt < >EtaH    <
(PID.TID 0000.0001) missingVal=  1.00000000000000E+00 ; nTimRec =   1 , timeList:
(PID.TID 0000.0001)   3.733344000000E+09
(PID.TID 0000.0001) READ_MFLDS_3D_RL: read field: "Uvel    ", #   1 in fldList, rec=   1
(PID.TID 0000.0001) READ_MFLDS_3D_RL: read field: "Vvel    ", #   2 in fldList, rec=   2
(PID.TID 0000.0001) READ_MFLDS_3D_RL: read field: "Theta   ", #   3 in fldList, rec=   3
(PID.TID 0000.0001) READ_MFLDS_3D_RL: read field: "Salt    ", #   4 in fldList, rec=   4
(PID.TID 0000.0001) READ_MFLDS_3D_RL: read field: "GuNm1   ", #   5 in fldList, rec=   5
(PID.TID 0000.0001) READ_MFLDS_3D_RL: read field: "GvNm1   ", #   6 in fldList, rec=   6
(PID.TID 0000.0001) READ_MFLDS_3D_RL: read field: "GtNm1   ", #   7 in fldList, rec=   7
(PID.TID 0000.0001) READ_MFLDS_3D_RL: read field: "EtaN    ", #   8 in fldList, rec= 106
(PID.TID 0000.0001) READ_MFLDS_3D_RL: read field: "dEtaHdt ", #   9 in fldList, rec= 107
(PID.TID 0000.0001) READ_MFLDS_CHECK: - normal end ; reset MFLDS file-name: pickup.0003111120
(PID.TID 0000.0001) // =======================================================
(PID.TID 0000.0001) // Model current state
(PID.TID 0000.0001) // =======================================================
(PID.TID 0000.0001) 
(PID.TID 0000.0001) whio : write lev 3 rec   1
(PID.TID 0000.0001) SOLVE_FOR_PRESSURE: putPmEinXvector =    F
 cg2d: Sum(rhs),rhsMax =   8.52651282912120E-13  1.99900718163814E+00
 cg2d: Sum(rhs),rhsMax =   8.52651282912120E-13  1.99891722695224E+00
 cg2d: Sum(rhs),rhsMax =   6.11066752753686E-13  1.99882649327481E+00
 cg2d: Sum(rhs),rhsMax =   6.67910171614494E-13  1.99873498050766E+00
 cg2d: Sum(rhs),rhsMax =   3.97903932025656E-13  1.99864268858991E+00
 cg2d: Sum(rhs),rhsMax =   1.00897068477934E-12  1.99854961749930E+00
 cg2d: Sum(rhs),rhsMax =   2.55795384873636E-13  1.99845576725339E+00
 cg2d: Sum(rhs),rhsMax =   5.54223333892878E-13  1.99836113791048E+00
 cg2d: Sum(rhs),rhsMax =   5.82645043323282E-13  1.99826572957035E+00
 cg2d: Sum(rhs),rhsMax =   4.68958205601666E-13  1.99816954237474E+00
 cg2d: Sum(rhs),rhsMax =   1.09423581307055E-12  1.99807257650769E+00
 cg2d: Sum(rhs),rhsMax =   3.55271367880050E-13  1.99797483219560E+00
 cg2d: Sum(rhs),rhsMax =   9.66338120633736E-13  1.99787630970711E+00
 cg2d: Sum(rhs),rhsMax =   1.13686837721616E-12  1.99777700935274E+00
 cg2d: Sum(rhs),rhsMax =   5.11590769747272E-13  1.99767693148434E+00
 cg2d: Sum(rhs),rhsMax =   6.39488462184090E-13  1.99757607649431E+00
 cg2d: Sum(rhs),rhsMax =   9.94759830064140E-13  1.99747444481469E+00
 cg2d: Sum(rhs),rhsMax =   6.96331881044898E-13  1.99737203691594E+00
 cg2d: Sum(rhs),rhsMax =   4.54747350886464E-13  1.99726885330565E+00
 cg2d: Sum(rhs),rhsMax =   7.95807864051312E-13  1.99716489452704E+00
 cg2d: Sum(rhs),rhsMax =   3.55271367880050E-13  1.99706016115725E+00
 cg2d: Sum(rhs),rhsMax =   7.81597009336110E-13  1.99695465380556E+00
 cg2d: Sum(rhs),rhsMax =   1.10844666778576E-12  1.99684837311135E+00
 cg2d: Sum(rhs),rhsMax =   2.70006239588838E-13  1.99674131974214E+00
 cg2d: Sum(rhs),rhsMax =   2.84217094304040E-13  1.99663349439123E+00
 cg2d: Sum(rhs),rhsMax =   3.12638803734444E-13  1.99652489777555E+00
 cg2d: Sum(rhs),rhsMax =   5.68434188608080E-13  1.99641553063319E+00
 cg2d: Sum(rhs),rhsMax =   5.11590769747272E-13  1.99630539372093E+00
 cg2d: Sum(rhs),rhsMax =   2.55795384873636E-13  1.99619448781178E+00
 cg2d: Sum(rhs),rhsMax =   6.25277607468888E-13  1.99608281369242E+00
 cg2d: Sum(rhs),rhsMax =   6.39488462184090E-13  1.99597037216064E+00
 cg2d: Sum(rhs),rhsMax =   7.10542735760100E-13  1.99585716402272E+00
 cg2d: Sum(rhs),rhsMax =   5.54223333892878E-13  1.99574319009092E+00
 cg2d: Sum(rhs),rhsMax =   5.68434188608080E-13  1.99562845118092E+00
 cg2d: Sum(rhs),rhsMax =   8.81072992342524E-13  1.99551294810929E+00
 cg2d: Sum(rhs),rhsMax =   4.83169060316868E-13  1.99539668169088E+00
 cg2d: Sum(rhs),rhsMax =   3.69482222595252E-13  1.99527965273680E+00
 cg2d: Sum(rhs),rhsMax =   4.97379915032070E-13  1.99516186205195E+00
 cg2d: Sum(rhs),rhsMax =   7.95807864051312E-13  1.99504331043303E+00
 cg2d: Sum(rhs),rhsMax =   6.82121026329696E-13  1.99492399866624E+00
 cg2d: Sum(rhs),rhsMax =   9.37916411203332E-13  1.99480392752528E+00
 cg2d: Sum(rhs),rhsMax =   9.37916411203332E-13  1.99468309776942E+00
 cg2d: Sum(rhs),rhsMax =   1.16529008664656E-12  1.99456151014177E+00
 cg2d: Sum(rhs),rhsMax =   8.24229573481716E-13  1.99443916536788E+00
 cg2d: Sum(rhs),rhsMax =   9.09494701772928E-13  1.99431606415434E+00
 cg2d: Sum(rhs),rhsMax =   7.38964445190504E-13  1.99419220718756E+00
 cg2d: Sum(rhs),rhsMax =   6.39488462184090E-13  1.99406759513276E+00
 cg2d: Sum(rhs),rhsMax =   8.10018718766514E-13  1.99394222863304E+00
 cg2d: Sum(rhs),rhsMax =   8.66862137627322E-13  1.99381610830868E+00
 cg2d: Sum(rhs),rhsMax =   9.66338120633736E-13  1.99368923475662E+00
 cg2d: Sum(rhs),rhsMax =   1.70530256582424E-13  1.99356160855011E+00
 cg2d: Sum(rhs),rhsMax =   1.39266376208980E-12  1.99343323023857E+00
 cg2d: Sum(rhs),rhsMax =   8.10018718766514E-13  1.99330410034760E+00
 cg2d: Sum(rhs),rhsMax =   6.11066752753686E-13  1.99317421937922E+00
 cg2d: Sum(rhs),rhsMax =   2.98427949019242E-13  1.99304358781224E+00
 cg2d: Sum(rhs),rhsMax =   3.41060513164848E-13  1.99291220610284E+00
 cg2d: Sum(rhs),rhsMax =   6.96331881044898E-13  1.99278007468533E+00
 cg2d: Sum(rhs),rhsMax =   2.70006239588838E-13  1.99264719397298E+00
 cg2d: Sum(rhs),rhsMax =   4.12114786740858E-13  1.99251356435914E+00
 cg2d: Sum(rhs),rhsMax =   6.53699316899292E-13  1.99237918621845E+00
 cg2d: Sum(rhs),rhsMax =   3.83693077310454E-13  1.99224405990811E+00
 cg2d: Sum(rhs),rhsMax =   4.54747350886464E-13  1.99210818576945E+00
 cg2d: Sum(rhs),rhsMax =   8.38440428196918E-13  1.99197156412947E+00
 cg2d: Sum(rhs),rhsMax =   6.53699316899292E-13  1.99183419530260E+00
 cg2d: Sum(rhs),rhsMax =   3.55271367880050E-13  1.99169607959245E+00
 cg2d: Sum(rhs),rhsMax =   6.96331881044898E-13  1.99155721729375E+00
 cg2d: Sum(rhs),rhsMax =   7.10542735760100E-13  1.99141760869432E+00
 cg2d: Sum(rhs),rhsMax =  -1.56319401867222E-13  1.99127725407708E+00
 cg2d: Sum(rhs),rhsMax =   4.68958205601666E-13  1.99113615372214E+00
 cg2d: Sum(rhs),rhsMax =   8.38440428196918E-13  1.99099430790903E+00
 cg2d: Sum(rhs),rhsMax =   5.11590769747272E-13  1.99085171691864E+00
 cg2d: Sum(rhs),rhsMax =   7.95807864051312E-13  1.99070838103554E+00
 cg2d: Sum(rhs),rhsMax =   7.53175299905706E-13  1.99056430055011E+00
 cg2d: Sum(rhs),rhsMax =   3.41060513164848E-13  1.99041947576062E+00
 cg2d: Sum(rhs),rhsMax =   5.40012479177676E-13  1.99027390697541E+00
 cg2d: Sum(rhs),rhsMax =   8.24229573481716E-13  1.99012759451493E+00
 cg2d: Sum(rhs),rhsMax =   5.54223333892878E-13  1.98998053871379E+00
 cg2d: Sum(rhs),rhsMax =   6.67910171614494E-13  1.98983273992270E+00
 cg2d: Sum(rhs),rhsMax =   5.68434188608080E-13  1.98968419851034E+00
 cg2d: Sum(rhs),rhsMax =   9.09494701772928E-13  1.98953491486524E+00
 cg2d: Sum(rhs),rhsMax =   3.26849658449646E-13  1.98938488939739E+00
 cg2d: Sum(rhs),rhsMax =   5.96855898038484E-13  1.98923412253994E+00
 cg2d: Sum(rhs),rhsMax =   5.40012479177676E-13  1.98908261475059E+00
 cg2d: Sum(rhs),rhsMax =   5.11590769747272E-13  1.98893036651309E+00
 cg2d: Sum(rhs),rhsMax =   5.40012479177676E-13  1.98877737833834E+00
 cg2d: Sum(rhs),rhsMax =   7.10542735760100E-13  1.98862365076565E+00
 cg2d: Sum(rhs),rhsMax =   6.67910171614494E-13  1.98846918436362E+00
 cg2d: Sum(rhs),rhsMax =   5.82645043323282E-13  1.98831397973102E+00
 cg2d: Sum(rhs),rhsMax =   6.25277607468888E-13  1.98815803749745E+00
 cg2d: Sum(rhs),rhsMax =   3.55271367880050E-13  1.98800135832390E+00
 cg2d: Sum(rhs),rhsMax =   7.10542735760100E-13  1.98784394290315E+00
 cg2d: Sum(rhs),rhsMax =   8.24229573481716E-13  1.98768579195998E+00
 cg2d: Sum(rhs),rhsMax =   1.02318153949454E-12  1.98752690625132E+00
 cg2d: Sum(rhs),rhsMax =   4.26325641456060E-13  1.98736728656613E+00
 cg2d: Sum(rhs),rhsMax =   5.11590769747272E-13  1.98720693372519E+00
 cg2d: Sum(rhs),rhsMax =   9.80548975348938E-13  1.98704584858083E+00
 cg2d: Sum(rhs),rhsMax =   4.54747350886464E-13  1.98688403201639E+00
 cg2d: Sum(rhs),rhsMax =   9.66338120633736E-13  1.98672148494551E+00
 cg2d: Sum(rhs),rhsMax =   5.96855898038484E-13  1.98655820831149E+00
 cg2d: Sum(rhs),rhsMax =   8.10018718766514E-13  1.98639420308604E+00
 cg2d: Sum(rhs),rhsMax =   6.25277607468888E-13  1.98622947026891E+00
 cg2d: Sum(rhs),rhsMax =   5.40012479177676E-13  1.98606401088660E+00
 cg2d: Sum(rhs),rhsMax =   2.98427949019242E-13  1.98589782599121E+00
 cg2d: Sum(rhs),rhsMax =   5.54223333892878E-13  1.98573091665881E+00
 cg2d: Sum(rhs),rhsMax =   8.66862137627322E-13  1.98556328398809E+00
 cg2d: Sum(rhs),rhsMax =   3.69482222595252E-13  1.98539492909891E+00
 cg2d: Sum(rhs),rhsMax =   3.97903932025656E-13  1.98522585313069E+00
 cg2d: Sum(rhs),rhsMax =   6.53699316899292E-13  1.98505605724094E+00
 cg2d: Sum(rhs),rhsMax =   1.10844666778576E-12  1.98488554260359E+00
 cg2d: Sum(rhs),rhsMax =   3.69482222595252E-13  1.98471431040730E+00
 cg2d: Sum(rhs),rhsMax =   5.25801624462474E-13  1.98454236185374E+00
 cg2d: Sum(rhs),rhsMax =   3.41060513164848E-13  1.98436969815586E+00
 cg2d: Sum(rhs),rhsMax =   5.68434188608080E-13  1.98419632053615E+00
 cg2d: Sum(rhs),rhsMax =   9.94759830064140E-13  1.98402223022492E+00
 cg2d: Sum(rhs),rhsMax =   5.82645043323282E-13  1.98384742845855E+00
 cg2d: Sum(rhs),rhsMax =   8.81072992342524E-13  1.98367191647782E+00
 cg2d: Sum(rhs),rhsMax =   4.40536496171262E-13  1.98349569552624E+00
 cg2d: Sum(rhs),rhsMax =   5.40012479177676E-13  1.98331876684841E+00
 cg2d: Sum(rhs),rhsMax =   4.83169060316868E-13  1.98314113168852E+00
 cg2d: Sum(rhs),rhsMax =   4.97379915032070E-13  1.98296279128874E+00
 cg2d: Sum(rhs),rhsMax =   9.37916411203332E-13  1.98278374688791E+00
 cg2d: Sum(rhs),rhsMax =   8.38440428196918E-13  1.98260399972007E+00
 cg2d: Sum(rhs),rhsMax =   9.80548975348938E-13  1.98242355101325E+00
 cg2d: Sum(rhs),rhsMax =   9.52127265918534E-13  1.98224240198814E+00
 cg2d: Sum(rhs),rhsMax =   5.54223333892878E-13  1.98206055385717E+00
 cg2d: Sum(rhs),rhsMax =   9.66338120633736E-13  1.98187800782352E+00
 cg2d: Sum(rhs),rhsMax =   4.26325641456060E-13  1.98169476508028E+00
 cg2d: Sum(rhs),rhsMax =   1.17950094136177E-12  1.98151082680969E+00
 cg2d: Sum(rhs),rhsMax =   5.25801624462474E-13  1.98132619418227E+00
 cg2d: Sum(rhs),rhsMax =   5.82645043323282E-13  1.98114086835640E+00
 cg2d: Sum(rhs),rhsMax =   3.41060513164848E-13  1.98095485047781E+00
 cg2d: Sum(rhs),rhsMax =   5.68434188608080E-13  1.98076814167934E+00
 cg2d: Sum(rhs),rhsMax =   6.67910171614494E-13  1.98058074308075E+00
 cg2d: Sum(rhs),rhsMax =   9.09494701772928E-13  1.98039265578862E+00
 cg2d: Sum(rhs),rhsMax =   6.53699316899292E-13  1.98020388089648E+00
 cg2d: Sum(rhs),rhsMax =   5.25801624462474E-13  1.98001441948486E+00
 cg2d: Sum(rhs),rhsMax =   4.12114786740858E-13  1.97982427262168E+00
 cg2d: Sum(rhs),rhsMax =   1.98951966012828E-13  1.97963344136255E+00
 cg2d: Sum(rhs),rhsMax =   9.94759830064140E-13  1.97944192675129E+00
 cg2d: Sum(rhs),rhsMax =   9.09494701772928E-13  1.97924972982051E+00
 cg2d: Sum(rhs),rhsMax =   3.55271367880050E-13  1.97905685159232E+00
 cg2d: Sum(rhs),rhsMax =   5.11590769747272E-13  1.97886329307909E+00
 cg2d: Sum(rhs),rhsMax =   7.95807864051312E-13  1.97866905528434E+00
 cg2d: Sum(rhs),rhsMax =   3.41060513164848E-13  1.97847413920365E+00
 cg2d: Sum(rhs),rhsMax =   9.80548975348938E-13  1.97827854582572E+00
 cg2d: Sum(rhs),rhsMax =   5.25801624462474E-13  1.97808227613343E+00
 cg2d: Sum(rhs),rhsMax =   6.82121026329696E-13  1.97788533110499E+00
 cg2d: Sum(rhs),rhsMax =   6.96331881044898E-13  1.97768771171512E+00
 cg2d: Sum(rhs),rhsMax =   5.25801624462474E-13  1.97748941893637E+00
 cg2d: Sum(rhs),rhsMax =   5.82645043323282E-13  1.97729045374023E+00
 cg2d: Sum(rhs),rhsMax =   4.97379915032070E-13  1.97709081709860E+00
 cg2d: Sum(rhs),rhsMax =   5.40012479177676E-13  1.97689050998497E+00
 cg2d: Sum(rhs),rhsMax =   3.12638803734444E-13  1.97668953337581E+00
 cg2d: Sum(rhs),rhsMax =   4.68958205601666E-13  1.97648788825193E+00
 cg2d: Sum(rhs),rhsMax =   5.96855898038484E-13  1.97628557559974E+00
 cg2d: Sum(rhs),rhsMax =   8.66862137627322E-13  1.97608259641259E+00
 cg2d: Sum(rhs),rhsMax =   8.24229573481716E-13  1.97587895169206E+00
 cg2d: Sum(rhs),rhsMax =   7.67386154620908E-13  1.97567464244922E+00
 cg2d: Sum(rhs),rhsMax =   8.81072992342524E-13  1.97546966970587E+00
 cg2d: Sum(rhs),rhsMax =   6.96331881044898E-13  1.97526403449570E+00
 cg2d: Sum(rhs),rhsMax =   1.37845290737459E-12  1.97505773786539E+00
 cg2d: Sum(rhs),rhsMax =   3.55271367880050E-13  1.97485078087579E+00
 cg2d: Sum(rhs),rhsMax =   8.81072992342524E-13  1.97464316460279E+00
 cg2d: Sum(rhs),rhsMax =   2.27373675443232E-13  1.97443489013837E+00
 cg2d: Sum(rhs),rhsMax =   7.81597009336110E-13  1.97422595859144E+00
 cg2d: Sum(rhs),rhsMax =   4.97379915032070E-13  1.97401637108861E+00
 cg2d: Sum(rhs),rhsMax =   1.15107923193136E-12  1.97380612877493E+00
 cg2d: Sum(rhs),rhsMax =   8.95283847057726E-13  1.97359523281450E+00
 cg2d: Sum(rhs),rhsMax =   2.98427949019242E-13  1.97338368439104E+00
 cg2d: Sum(rhs),rhsMax =   7.67386154620908E-13  1.97317148470831E+00
 cg2d: Sum(rhs),rhsMax =   4.12114786740858E-13  1.97295863499044E+00
 cg2d: Sum(rhs),rhsMax =   6.96331881044898E-13  1.97274513648229E+00
 cg2d: Sum(rhs),rhsMax =   3.55271367880050E-13  1.97253099044952E+00
 cg2d: Sum(rhs),rhsMax =   9.66338120633736E-13  1.97231619817873E+00
 cg2d: Sum(rhs),rhsMax =   8.10018718766514E-13  1.97210076097736E+00
 cg2d: Sum(rhs),rhsMax =   9.52127265918534E-13  1.97188468017375E+00
 cg2d: Sum(rhs),rhsMax =   9.80548975348938E-13  1.97166795711670E+00
 cg2d: Sum(rhs),rhsMax =   7.38964445190504E-13  1.97145059317542E+00
 cg2d: Sum(rhs),rhsMax =   4.97379915032070E-13  1.97123258973895E+00
 cg2d: Sum(rhs),rhsMax =   8.95283847057726E-13  1.97101394821586E+00
 cg2d: Sum(rhs),rhsMax =   5.40012479177676E-13  1.97079467003358E+00
 cg2d: Sum(rhs),rhsMax =   4.97379915032070E-13  1.97057475663789E+00
 cg2d: Sum(rhs),rhsMax =   9.09494701772928E-13  1.97035420949216E+00
 cg2d: Sum(rhs),rhsMax =   9.66338120633736E-13  1.97013303007660E+00
 cg2d: Sum(rhs),rhsMax =   5.96855898038484E-13  1.96991121988750E+00
 cg2d: Sum(rhs),rhsMax =   4.68958205601666E-13  1.96968878043627E+00
 cg2d: Sum(rhs),rhsMax =   9.94759830064140E-13  1.96946571324857E+00
 cg2d: Sum(rhs),rhsMax =   1.17950094136177E-12  1.96924201986333E+00
 cg2d: Sum(rhs),rhsMax =   6.96331881044898E-13  1.96901770183170E+00
 cg2d: Sum(rhs),rhsMax =   6.53699316899292E-13  1.96879276071608E+00
 cg2d: Sum(rhs),rhsMax =   8.24229573481716E-13  1.96856719808902E+00
 cg2d: Sum(rhs),rhsMax =   3.55271367880050E-13  1.96834101553189E+00
 cg2d: Sum(rhs),rhsMax =   6.82121026329696E-13  1.96811421463408E+00
 cg2d: Sum(rhs),rhsMax =   7.10542735760100E-13  1.96788679699181E+00
 cg2d: Sum(rhs),rhsMax =   2.84217094304040E-13  1.96765876420699E+00
 cg2d: Sum(rhs),rhsMax =   9.80548975348938E-13  1.96743011788635E+00
 cg2d: Sum(rhs),rhsMax =   6.67910171614494E-13  1.96720085964019E+00
 cg2d: Sum(rhs),rhsMax =   7.10542735760100E-13  1.96697099108125E+00
 cg2d: Sum(rhs),rhsMax =   1.16529008664656E-12  1.96674051382352E+00
 cg2d: Sum(rhs),rhsMax =   7.24753590475302E-13  1.96650942948124E+00
 cg2d: Sum(rhs),rhsMax =   7.67386154620908E-13  1.96627773966782E+00
 cg2d: Sum(rhs),rhsMax =   6.67910171614494E-13  1.96604544599503E+00
 cg2d: Sum(rhs),rhsMax =   8.24229573481716E-13  1.96581255007208E+00
 cg2d: Sum(rhs),rhsMax =   6.82121026329696E-13  1.96557905350480E+00
 cg2d: Sum(rhs),rhsMax =   5.40012479177676E-13  1.96534495789490E+00
 cg2d: Sum(rhs),rhsMax =   6.82121026329696E-13  1.96511026483912E+00
 cg2d: Sum(rhs),rhsMax =   4.26325641456060E-13  1.96487497592866E+00
 cg2d: Sum(rhs),rhsMax =   8.38440428196918E-13  1.96463909274843E+00
 cg2d: Sum(rhs),rhsMax =   9.23705556488130E-13  1.96440261687654E+00
 cg2d: Sum(rhs),rhsMax =   6.96331881044898E-13  1.96416554988385E+00
 cg2d: Sum(rhs),rhsMax =   3.83693077310454E-13  1.96392789333350E+00
 cg2d: Sum(rhs),rhsMax =   7.10542735760100E-13  1.96368964878063E+00
 cg2d: Sum(rhs),rhsMax =   1.00897068477934E-12  1.96345081777201E+00
 cg2d: Sum(rhs),rhsMax =   9.80548975348938E-13  1.96321140184599E+00
 cg2d: Sum(rhs),rhsMax =   2.13162820728030E-13  1.96297140253227E+00
 cg2d: Sum(rhs),rhsMax =   2.84217094304040E-13  1.96273082135189E+00
 cg2d: Sum(rhs),rhsMax =   6.11066752753686E-13  1.96248965981730E+00
 cg2d: Sum(rhs),rhsMax =   1.56319401867222E-13  1.96224791943242E+00
 cg2d: Sum(rhs),rhsMax =   4.97379915032070E-13  1.96200560169281E+00
 cg2d: Sum(rhs),rhsMax =   6.53699316899292E-13  1.96176270808592E+00
 cg2d: Sum(rhs),rhsMax =   2.27373675443232E-13  1.96151924009144E+00
 cg2d: Sum(rhs),rhsMax =   6.25277607468888E-13  1.96127519918162E+00
 cg2d: Sum(rhs),rhsMax =   6.96331881044898E-13  1.96103058682175E+00
 cg2d: Sum(rhs),rhsMax =   8.66862137627322E-13  1.96078540447065E+00
 cg2d: Sum(rhs),rhsMax =   5.40012479177676E-13  1.96053965358120E+00
 cg2d: Sum(rhs),rhsMax =   3.83693077310454E-13  1.96029333560099E+00
 cg2d: Sum(rhs),rhsMax =   3.26849658449646E-13  1.96004645197293E+00
 cg2d: Sum(rhs),rhsMax =   5.11590769747272E-13  1.95979900413596E+00
 cg2d: Sum(rhs),rhsMax =   8.24229573481716E-13  1.95955099352574E+00
 cg2d: Sum(rhs),rhsMax =   4.40536496171262E-13  1.95930242157547E+00
 cg2d: Sum(rhs),rhsMax =   9.52127265918534E-13  1.95905328971658E+00
 cg2d: Sum(rhs),rhsMax =   5.82645043323282E-13  1.95880359937958E+00
 cg2d: Sum(rhs),rhsMax =   4.12114786740858E-13  1.95855335199488E+00
 cg2d: Sum(rhs),rhsMax =   7.24753590475302E-13  1.95830254899360E+00
 cg2d: Sum(rhs),rhsMax =   8.81072992342524E-13  1.95805119180838E+00
 cg2d: Sum(rhs),rhsMax =   8.10018718766514E-13  1.95779928187433E+00
 cg2d: Sum(rhs),rhsMax =   7.81597009336110E-13  1.95754682062979E+00
 cg2d: Sum(rhs),rhsMax =   2.84217094304040E-13  1.95729380951715E+00
 cg2d: Sum(rhs),rhsMax =   9.52127265918534E-13  1.95704024998382E+00
 cg2d: Sum(rhs),rhsMax =   7.67386154620908E-13  1.95678614348284E+00
 cg2d: Sum(rhs),rhsMax =   5.11590769747272E-13  1.95653149147391E+00
 cg2d: Sum(rhs),rhsMax =   1.16529008664656E-12  1.95627629542389E+00
 cg2d: Sum(rhs),rhsMax =   5.25801624462474E-13  1.95602055680779E+00
 cg2d: Sum(rhs),rhsMax =   5.25801624462474E-13  1.95576427710913E+00
 cg2d: Sum(rhs),rhsMax =   6.67910171614494E-13  1.95550745782000E+00
 cg2d: Sum(rhs),rhsMax =   3.97903932025656E-13  1.95525010044306E+00
 cg2d: Sum(rhs),rhsMax =   5.54223333892878E-13  1.95499220649196E+00
 cg2d: Sum(rhs),rhsMax =  -1.42108547152020E-14  1.95473377749184E+00
 cg2d: Sum(rhs),rhsMax =   6.25277607468888E-13  1.95447481497951E+00
 cg2d: Sum(rhs),rhsMax =   1.02318153949454E-12  1.95421532050339E+00
 cg2d: Sum(rhs),rhsMax =   9.23705556488130E-13  1.95395529562391E+00
 cg2d: Sum(rhs),rhsMax =   3.83693077310454E-13  1.95369474191388E+00
 cg2d: Sum(rhs),rhsMax =   4.83169060316868E-13  1.95343366095896E+00
 cg2d: Sum(rhs),rhsMax =   7.95807864051312E-13  1.95317205435795E+00
 cg2d: Sum(rhs),rhsMax =   8.24229573481716E-13  1.95290992372285E+00
 cg2d: Sum(rhs),rhsMax =   4.68958205601666E-13  1.95264727067904E+00
 cg2d: Sum(rhs),rhsMax =   1.05160324892495E-12  1.95238409686525E+00
 cg2d: Sum(rhs),rhsMax =   7.38964445190504E-13  1.95212040393353E+00
 cg2d: Sum(rhs),rhsMax =   4.54747350886464E-13  1.95185619354920E+00
 cg2d: Sum(rhs),rhsMax =   9.80548975348938E-13  1.95159146739067E+00
 cg2d: Sum(rhs),rhsMax =   2.27373675443232E-13  1.95132622714929E+00
 cg2d: Sum(rhs),rhsMax =   5.11590769747272E-13  1.95106047452911E+00
 cg2d: Sum(rhs),rhsMax =   5.68434188608080E-13  1.95079421124660E+00
 cg2d: Sum(rhs),rhsMax =   9.52127265918534E-13  1.95052743903028E+00
 cg2d: Sum(rhs),rhsMax =   3.97903932025656E-13  1.95026015962039E+00
 cg2d: Sum(rhs),rhsMax =   7.38964445190504E-13  1.94999237476839E+00
 cg2d: Sum(rhs),rhsMax =   3.83693077310454E-13  1.94972408623658E+00
 cg2d: Sum(rhs),rhsMax =   2.84217094304040E-13  1.94945529579752E+00
 cg2d: Sum(rhs),rhsMax =   4.40536496171262E-13  1.94918600523358E+00
 cg2d: Sum(rhs),rhsMax =   8.81072992342524E-13  1.94891621633629E+00
 cg2d: Sum(rhs),rhsMax =   4.97379915032070E-13  1.94864593090579E+00
 cg2d: Sum(rhs),rhsMax =   2.84217094304040E-13  1.94837515075023E+00
 cg2d: Sum(rhs),rhsMax =   1.27897692436818E-13  1.94810387768510E+00
 cg2d: Sum(rhs),rhsMax =   4.12114786740858E-13  1.94783211353261E+00
 cg2d: Sum(rhs),rhsMax =   9.23705556488130E-13  1.94755986012104E+00
 cg2d: Sum(rhs),rhsMax =   7.38964445190504E-13  1.94728711928404E+00
 cg2d: Sum(rhs),rhsMax =   6.67910171614494E-13  1.94701389286003E+00
 cg2d: Sum(rhs),rhsMax =   9.52127265918534E-13  1.94674018269146E+00
 cg2d: Sum(rhs),rhsMax =   4.54747350886464E-13  1.94646599062426E+00
 cg2d: Sum(rhs),rhsMax =   5.96855898038484E-13  1.94619131850707E+00
 cg2d: Sum(rhs),rhsMax =   6.53699316899292E-13  1.94591616819072E+00
 cg2d: Sum(rhs),rhsMax =   6.53699316899292E-13  1.94564054152754E+00
 cg2d: Sum(rhs),rhsMax =   6.67910171614494E-13  1.94536444037075E+00
 cg2d: Sum(rhs),rhsMax =   6.11066752753686E-13  1.94508786657396E+00
 cg2d: Sum(rhs),rhsMax =   8.10018718766514E-13  1.94481082199053E+00
 cg2d: Sum(rhs),rhsMax =  -1.42108547152020E-14  1.94453330847307E+00
 cg2d: Sum(rhs),rhsMax =  -4.26325641456060E-14  1.94425532787295E+00
 cg2d: Sum(rhs),rhsMax =   6.11066752753686E-13  1.94397688203985E+00
 cg2d: Sum(rhs),rhsMax =   8.66862137627322E-13  1.94369797282126E+00
 cg2d: Sum(rhs),rhsMax =   8.38440428196918E-13  1.94341860206214E+00
 cg2d: Sum(rhs),rhsMax =   7.24753590475302E-13  1.94313877160459E+00
 cg2d: Sum(rhs),rhsMax =   7.10542735760100E-13  1.94285848328739E+00
 cg2d: Sum(rhs),rhsMax =   2.84217094304040E-13  1.94257773894592E+00
 cg2d: Sum(rhs),rhsMax =   6.39488462184090E-13  1.94229654041174E+00
 cg2d: Sum(rhs),rhsMax =   6.53699316899292E-13  1.94201488951250E+00
 cg2d: Sum(rhs),rhsMax =   1.42108547152020E-13  1.94173278807173E+00
 cg2d: Sum(rhs),rhsMax =   5.11590769747272E-13  1.94145023790879E+00
 cg2d: Sum(rhs),rhsMax =   2.84217094304040E-13  1.94116724083870E+00
 cg2d: Sum(rhs),rhsMax =   4.83169060316868E-13  1.94088379867222E+00
 cg2d: Sum(rhs),rhsMax =   3.41060513164848E-13  1.94059991321575E+00
 cg2d: Sum(rhs),rhsMax =   4.26325641456060E-13  1.94031558627149E+00
 cg2d: Sum(rhs),rhsMax =   7.81597009336110E-13  1.94003081963746E+00
 cg2d: Sum(rhs),rhsMax =   8.52651282912120E-14  1.93974561510767E+00
 cg2d: Sum(rhs),rhsMax =   1.02318153949454E-12  1.93945997447226E+00
 cg2d: Sum(rhs),rhsMax =   5.11590769747272E-13  1.93917389951769E+00
 cg2d: Sum(rhs),rhsMax =   5.54223333892878E-13  1.93888739202708E+00
 cg2d: Sum(rhs),rhsMax =   7.81597009336110E-13  1.93860045378034E+00
 cg2d: Sum(rhs),rhsMax =   5.25801624462474E-13  1.93831308655456E+00
 cg2d: Sum(rhs),rhsMax =   4.12114786740858E-13  1.93802529212428E+00
 cg2d: Sum(rhs),rhsMax =   1.42108547152020E-13  1.93773707226191E+00
 cg2d: Sum(rhs),rhsMax =   3.83693077310454E-13  1.93744842873804E+00
 cg2d: Sum(rhs),rhsMax =   8.24229573481716E-13  1.93715936332187E+00
 cg2d: Sum(rhs),rhsMax =   9.09494701772928E-13  1.93686987778160E+00
 cg2d: Sum(rhs),rhsMax =   7.67386154620908E-13  1.93657997388481E+00
 cg2d: Sum(rhs),rhsMax =   1.84741111297626E-13  1.93628965339906E+00
 cg2d: Sum(rhs),rhsMax =   7.10542735760100E-13  1.93599891809210E+00
 cg2d: Sum(rhs),rhsMax =   6.11066752753686E-13  1.93570776973251E+00
 cg2d: Sum(rhs),rhsMax =   8.38440428196918E-13  1.93541621009003E+00
 cg2d: Sum(rhs),rhsMax =   5.25801624462474E-13  1.93512424093609E+00
 cg2d: Sum(rhs),rhsMax =   6.39488462184090E-13  1.93483186404424E+00
 cg2d: Sum(rhs),rhsMax =   1.00897068477934E-12  1.93453908119057E+00
 cg2d: Sum(rhs),rhsMax =   3.97903932025656E-13  1.93424589415416E+00
 cg2d: Sum(rhs),rhsMax =   4.83169060316868E-13  1.93395230471752E+00
 cg2d: Sum(rhs),rhsMax =   9.37916411203332E-13  1.93365831466701E+00
 cg2d: Sum(rhs),rhsMax =   3.83693077310454E-13  1.93336392579320E+00
 cg2d: Sum(rhs),rhsMax =   2.27373675443232E-13  1.93306913989130E+00
 cg2d: Sum(rhs),rhsMax =   1.09423581307055E-12  1.93277395876149E+00
 cg2d: Sum(rhs),rhsMax =   6.39488462184090E-13  1.93247838420931E+00
 cg2d: Sum(rhs),rhsMax =   6.39488462184090E-13  1.93218241804590E+00
 cg2d: Sum(rhs),rhsMax =   5.68434188608080E-13  1.93188606208839E+00
 cg2d: Sum(rhs),rhsMax =   8.38440428196918E-13  1.93158931816012E+00
 cg2d: Sum(rhs),rhsMax =   7.53175299905706E-13  1.93129218809088E+00
 cg2d: Sum(rhs),rhsMax =   1.27897692436818E-13  1.93099467371713E+00
 cg2d: Sum(rhs),rhsMax =   8.52651282912120E-13  1.93069677688223E+00
 cg2d: Sum(rhs),rhsMax =   9.52127265918534E-13  1.93039849943654E+00
 cg2d: Sum(rhs),rhsMax =   6.39488462184090E-13  1.93009984323759E+00
 cg2d: Sum(rhs),rhsMax =   6.67910171614494E-13  1.92980081015016E+00
 cg2d: Sum(rhs),rhsMax =   6.39488462184090E-13  1.92950140204634E+00
 cg2d: Sum(rhs),rhsMax =   5.25801624462474E-13  1.92920162080559E+00
 cg2d: Sum(rhs),rhsMax =   6.96331881044898E-13  1.92890146831472E+00
 cg2d: Sum(rhs),rhsMax =   2.98427949019242E-13  1.92860094646788E+00
 cg2d: Sum(rhs),rhsMax =   8.81072992342524E-13  1.92830005716652E+00
 cg2d: Sum(rhs),rhsMax =   6.11066752753686E-13  1.92799880231927E+00
 cg2d: Sum(rhs),rhsMax =   5.54223333892878E-13  1.92769718384186E+00
 cg2d: Sum(rhs),rhsMax =   6.67910171614494E-13  1.92739520365697E+00
 cg2d: Sum(rhs),rhsMax =   4.97379915032070E-13  1.92709286369405E+00
 cg2d: Sum(rhs),rhsMax =   5.68434188608080E-13  1.92687610148430E+00
 cg2d: Sum(rhs),rhsMax =   3.83693077310454E-13  1.92700113371436E+00
 cg2d: Sum(rhs),rhsMax =   4.68958205601666E-13  1.92712564506751E+00
 cg2d: Sum(rhs),rhsMax =   6.82121026329696E-13  1.92724963512089E+00
 cg2d: Sum(rhs),rhsMax =   6.96331881044898E-13  1.92737310345423E+00
 cg2d: Sum(rhs),rhsMax =   7.95807864051312E-13  1.92749604964945E+00
 cg2d: Sum(rhs),rhsMax =   6.67910171614494E-13  1.92761847329006E+00
 cg2d: Sum(rhs),rhsMax =   2.70006239588838E-13  1.92774037396074E+00
 cg2d: Sum(rhs),rhsMax =   3.97903932025656E-13  1.92786175124701E+00
 cg2d: Sum(rhs),rhsMax =   4.26325641456060E-13  1.92798260473467E+00
 cg2d: Sum(rhs),rhsMax =   5.68434188608080E-14  1.92810293400958E+00
 cg2d: Sum(rhs),rhsMax =   5.54223333892878E-13  1.92822273865721E+00
 cg2d: Sum(rhs),rhsMax =   8.52651282912120E-13  1.92834201826242E+00
 cg2d: Sum(rhs),rhsMax =   5.40012479177676E-13  1.92846077240915E+00
 cg2d: Sum(rhs),rhsMax =   4.12114786740858E-13  1.92857900068019E+00
 cg2d: Sum(rhs),rhsMax =   5.54223333892878E-13  1.92869670265704E+00
 cg2d: Sum(rhs),rhsMax =   3.41060513164848E-13  1.92881387791971E+00
 cg2d: Sum(rhs),rhsMax =   1.09423581307055E-12  1.92893052604666E+00
 cg2d: Sum(rhs),rhsMax =   3.12638803734444E-13  1.92904664661470E+00
 cg2d: Sum(rhs),rhsMax =   5.40012479177676E-13  1.92916223919901E+00
 cg2d: Sum(rhs),rhsMax =   2.98427949019242E-13  1.92927730337316E+00
 cg2d: Sum(rhs),rhsMax =   6.39488462184090E-13  1.92939183870915E+00
 cg2d: Sum(rhs),rhsMax =   4.97379915032070E-13  1.92950584477758E+00
 cg2d: Sum(rhs),rhsMax =   8.95283847057726E-13  1.92961932114758E+00
 cg2d: Sum(rhs),rhsMax =   8.95283847057726E-13  1.92973226738738E+00
 cg2d: Sum(rhs),rhsMax =   5.68434188608080E-13  1.92984468306405E+00
 cg2d: Sum(rhs),rhsMax =   2.98427949019242E-13  1.92995656774445E+00
 cg2d: Sum(rhs),rhsMax =   5.40012479177676E-13  1.93006792099529E+00
 cg2d: Sum(rhs),rhsMax =   6.39488462184090E-13  1.93017874238343E+00
 cg2d: Sum(rhs),rhsMax =   1.02318153949454E-12  1.93028903147606E+00
 cg2d: Sum(rhs),rhsMax =   4.97379915032070E-13  1.93039878784116E+00
 cg2d: Sum(rhs),rhsMax =   3.26849658449646E-13  1.93050801104787E+00
 cg2d: Sum(rhs),rhsMax =   6.67910171614494E-13  1.93061670066704E+00
 cg2d: Sum(rhs),rhsMax =   5.25801624462474E-13  1.93072485627181E+00
 cg2d: Sum(rhs),rhsMax =   2.27373675443232E-13  1.93083247743803E+00
 cg2d: Sum(rhs),rhsMax =   8.38440428196918E-13  1.93093956374486E+00
 cg2d: Sum(rhs),rhsMax =   7.67386154620908E-13  1.93104611477529E+00
 cg2d: Sum(rhs),rhsMax =   6.67910171614494E-13  1.93115213011663E+00
 cg2d: Sum(rhs),rhsMax =   1.22213350550737E-12  1.93125760936110E+00
 cg2d: Sum(rhs),rhsMax =   3.12638803734444E-13  1.93136255210162E+00
 cg2d: Sum(rhs),rhsMax =   3.97903932025656E-13  1.93146695794174E+00
 cg2d: Sum(rhs),rhsMax =   1.70530256582424E-13  1.93157082649017E+00
 cg2d: Sum(rhs),rhsMax =   4.26325641456060E-14  1.93167415737075E+00
 cg2d: Sum(rhs),rhsMax =   6.25277607468888E-13  1.93177695021354E+00
 cg2d: Sum(rhs),rhsMax =   1.09423581307055E-12  1.93187920465270E+00
 cg2d: Sum(rhs),rhsMax =   8.81072992342524E-13  1.93198092032812E+00
 cg2d: Sum(rhs),rhsMax =   6.25277607468888E-13  1.93208209688792E+00
 cg2d: Sum(rhs),rhsMax =   8.10018718766514E-13  1.93218273399017E+00
 cg2d: Sum(rhs),rhsMax =   3.55271367880050E-13  1.93228283130393E+00
 cg2d: Sum(rhs),rhsMax =   7.53175299905706E-13  1.93238238850931E+00
 cg2d: Sum(rhs),rhsMax =   7.81597009336110E-13  1.93248140529762E+00
 cg2d: Sum(rhs),rhsMax =   5.68434188608080E-13  1.93257988137149E+00
 cg2d: Sum(rhs),rhsMax =   6.39488462184090E-13  1.93267781644492E+00
 cg2d: Sum(rhs),rhsMax =   3.55271367880050E-13  1.93277521024356E+00
 cg2d: Sum(rhs),rhsMax =   7.67386154620908E-13  1.93287206250491E+00
 cg2d: Sum(rhs),rhsMax =   8.10018718766514E-13  1.93296837297858E+00
 cg2d: Sum(rhs),rhsMax =   8.81072992342524E-13  1.93306414142636E+00
 cg2d: Sum(rhs),rhsMax =   5.40012479177676E-13  1.93315936762238E+00
 cg2d: Sum(rhs),rhsMax =   4.54747350886464E-13  1.93325405135327E+00
 cg2d: Sum(rhs),rhsMax =   5.40012479177676E-13  1.93334819241804E+00
 cg2d: Sum(rhs),rhsMax =   5.40012479177676E-13  1.93344179062820E+00
 cg2d: Sum(rhs),rhsMax =   1.02318153949454E-12  1.93353484580756E+00
 cg2d: Sum(rhs),rhsMax =   4.26325641456060E-13  1.93362735779224E+00
 cg2d: Sum(rhs),rhsMax =   5.25801624462474E-13  1.93371932643040E+00
 cg2d: Sum(rhs),rhsMax =   8.95283847057726E-13  1.93381075158211E+00
 cg2d: Sum(rhs),rhsMax =   9.37916411203332E-13  1.93390163311906E+00
 cg2d: Sum(rhs),rhsMax =   7.38964445190504E-13  1.93399197092435E+00
 cg2d: Sum(rhs),rhsMax =   7.95807864051312E-13  1.93408176489211E+00
 cg2d: Sum(rhs),rhsMax =   5.54223333892878E-13  1.93417101492726E+00
 cg2d: Sum(rhs),rhsMax =   5.54223333892878E-13  1.93425972094508E+00
 cg2d: Sum(rhs),rhsMax =   6.25277607468888E-13  1.93434788287089E+00
 cg2d: Sum(rhs),rhsMax =   9.66338120633736E-13  1.93443550063950E+00
 cg2d: Sum(rhs),rhsMax =   5.25801624462474E-13  1.93452257419497E+00
 cg2d: Sum(rhs),rhsMax =   5.11590769747272E-13  1.93460910348989E+00
 cg2d: Sum(rhs),rhsMax =   3.12638803734444E-13  1.93469508848506E+00
 cg2d: Sum(rhs),rhsMax =   3.12638803734444E-13  1.93478052914887E+00
 cg2d: Sum(rhs),rhsMax =   9.94759830064140E-13  1.93486542545689E+00
 cg2d: Sum(rhs),rhsMax =   8.52651282912120E-13  1.93494977739110E+00
 cg2d: Sum(rhs),rhsMax =   3.55271367880050E-13  1.93503358493964E+00
 cg2d: Sum(rhs),rhsMax =   1.13686837721616E-13  1.93511684809590E+00
 cg2d: Sum(rhs),rhsMax =   9.94759830064140E-13  1.93519956685836E+00
 cg2d: Sum(rhs),rhsMax =   6.67910171614494E-13  1.93528174122961E+00
 cg2d: Sum(rhs),rhsMax =   8.24229573481716E-13  1.93536337121621E+00
 cg2d: Sum(rhs),rhsMax =   2.98427949019242E-13  1.93544445682779E+00
 cg2d: Sum(rhs),rhsMax =   3.97903932025656E-13  1.93552499796900E+00
 cg2d: Sum(rhs),rhsMax =   7.95807864051312E-13  1.93560499479069E+00
 cg2d: Sum(rhs),rhsMax =   1.27897692436818E-13  1.93568444737698E+00
 cg2d: Sum(rhs),rhsMax =   7.81597009336110E-13  1.93576335576302E+00
 cg2d: Sum(rhs),rhsMax =   5.40012479177676E-13  1.93584171998263E+00
 cg2d: Sum(rhs),rhsMax =   2.84217094304040E-14  1.93591954008288E+00
 cg2d: Sum(rhs),rhsMax =   6.53699316899292E-13  1.93599681612239E+00
 cg2d: Sum(rhs),rhsMax =   1.02318153949454E-12  1.93607354816512E+00
 cg2d: Sum(rhs),rhsMax =   9.23705556488130E-13  1.93614973627774E+00
 cg2d: Sum(rhs),rhsMax =   5.54223333892878E-13  1.93622538052791E+00
 cg2d: Sum(rhs),rhsMax =   2.27373675443232E-13  1.93630048098436E+00
 cg2d: Sum(rhs),rhsMax =   1.70530256582424E-13  1.93637503771553E+00
 cg2d: Sum(rhs),rhsMax =   4.97379915032070E-13  1.93644905078979E+00
 cg2d: Sum(rhs),rhsMax =   8.24229573481716E-13  1.93652251169385E+00
 cg2d: Sum(rhs),rhsMax =   1.08002495835535E-12  1.93659543359246E+00
 cg2d: Sum(rhs),rhsMax =   7.95807864051312E-13  1.93666781768051E+00
 cg2d: Sum(rhs),rhsMax =   1.08002495835535E-12  1.93673966201107E+00
 cg2d: Sum(rhs),rhsMax =   1.25055521493778E-12  1.93681096581305E+00
 cg2d: Sum(rhs),rhsMax =  -9.94759830064140E-14  1.93688172959505E+00
 cg2d: Sum(rhs),rhsMax =   5.54223333892878E-13  1.93695195439423E+00
 cg2d: Sum(rhs),rhsMax =   6.53699316899292E-13  1.93702164125369E+00
 cg2d: Sum(rhs),rhsMax =   4.83169060316868E-13  1.93709079108833E+00
 cg2d: Sum(rhs),rhsMax =  -5.68434188608080E-14  1.93715940471913E+00
 cg2d: Sum(rhs),rhsMax =   1.09423581307055E-12  1.93722748290715E+00
 cg2d: Sum(rhs),rhsMax =   1.27897692436818E-13  1.93729502636536E+00
 cg2d: Sum(rhs),rhsMax =   4.68958205601666E-13  1.93736203575613E+00
 cg2d: Sum(rhs),rhsMax =   6.67910171614494E-13  1.93742851169049E+00
 cg2d: Sum(rhs),rhsMax =   9.94759830064140E-13  1.93749445472399E+00
 cg2d: Sum(rhs),rhsMax =   7.38964445190504E-13  1.93755986535686E+00
 cg2d: Sum(rhs),rhsMax =   6.53699316899292E-13  1.93762474403071E+00
 cg2d: Sum(rhs),rhsMax =   7.38964445190504E-13  1.93768909113016E+00
 cg2d: Sum(rhs),rhsMax =   8.24229573481716E-13  1.93775290698057E+00
 cg2d: Sum(rhs),rhsMax =   8.52651282912120E-13  1.93781619185125E+00
 cg2d: Sum(rhs),rhsMax =   4.40536496171262E-13  1.93787894595389E+00
 cg2d: Sum(rhs),rhsMax =   5.68434188608080E-13  1.93794116944683E+00
 cg2d: Sum(rhs),rhsMax =   9.80548975348938E-13  1.93800286243341E+00
 cg2d: Sum(rhs),rhsMax =   5.11590769747272E-13  1.93806402496656E+00
 cg2d: Sum(rhs),rhsMax =  -1.42108547152020E-14  1.93812465704672E+00
 cg2d: Sum(rhs),rhsMax =   5.54223333892878E-13  1.93818475862697E+00
 cg2d: Sum(rhs),rhsMax =   6.11066752753686E-13  1.93824432961091E+00
 cg2d: Sum(rhs),rhsMax =   5.25801624462474E-13  1.93830336985914E+00
 cg2d: Sum(rhs),rhsMax =   1.12265752250096E-12  1.93836116343534E+00
 cg2d: Sum(rhs),rhsMax =   6.67910171614494E-13  1.93841858679415E+00
 cg2d: Sum(rhs),rhsMax =   5.25801624462474E-13  1.93847548289626E+00
 cg2d: Sum(rhs),rhsMax =   1.29318777908338E-12  1.93853178962154E+00
 cg2d: Sum(rhs),rhsMax =   5.40012479177676E-13  1.93858751051185E+00
 cg2d: Sum(rhs),rhsMax =   4.40536496171262E-13  1.93864264011163E+00
 cg2d: Sum(rhs),rhsMax =   9.37916411203332E-13  1.93869716729260E+00
 cg2d: Sum(rhs),rhsMax =   7.53175299905706E-13  1.93875108139117E+00
 cg2d: Sum(rhs),rhsMax =   8.66862137627322E-13  1.93880437252944E+00
 cg2d: Sum(rhs),rhsMax =   1.05160324892495E-12  1.93885703130016E+00
 cg2d: Sum(rhs),rhsMax =   8.24229573481716E-13  1.93890904881964E+00
 cg2d: Sum(rhs),rhsMax =   6.11066752753686E-13  1.93896041688417E+00
 cg2d: Sum(rhs),rhsMax =   5.54223333892878E-13  1.93901112805822E+00
 cg2d: Sum(rhs),rhsMax =   1.00897068477934E-12  1.93906117574886E+00
 cg2d: Sum(rhs),rhsMax =   3.97903932025656E-13  1.93911055423857E+00
 cg2d: Sum(rhs),rhsMax =   2.41584530158434E-13  1.93915925873645E+00
 cg2d: Sum(rhs),rhsMax =   2.70006239588838E-13  1.93920728539145E+00
 cg2d: Sum(rhs),rhsMax =   5.54223333892878E-13  1.93925463133149E+00
 cg2d: Sum(rhs),rhsMax =   6.82121026329696E-13  1.93930129465817E+00
 cg2d: Sum(rhs),rhsMax =   9.66338120633736E-13  1.93934727447466E+00
 cg2d: Sum(rhs),rhsMax =   8.24229573481716E-13  1.93939257086097E+00
 cg2d: Sum(rhs),rhsMax =   6.67910171614494E-13  1.93943718489079E+00
 cg2d: Sum(rhs),rhsMax =   7.67386154620908E-13  1.93948111858592E+00
 cg2d: Sum(rhs),rhsMax =   7.53175299905706E-13  1.93952437492326E+00
 cg2d: Sum(rhs),rhsMax =   8.38440428196918E-13  1.93956695776773E+00
 cg2d: Sum(rhs),rhsMax =   5.68434188608080E-13  1.93960887187230E+00
 cg2d: Sum(rhs),rhsMax =   6.25277607468888E-13  1.93965012279035E+00
 cg2d: Sum(rhs),rhsMax =   6.67910171614494E-13  1.93969071687276E+00
 cg2d: Sum(rhs),rhsMax =   5.96855898038484E-13  1.93973066116090E+00
 cg2d: Sum(rhs),rhsMax =   5.25801624462474E-13  1.93976996338456E+00
 cg2d: Sum(rhs),rhsMax =   3.83693077310454E-13  1.93980863183583E+00
 cg2d: Sum(rhs),rhsMax =   8.24229573481716E-13  1.93984667537096E+00
 cg2d: Sum(rhs),rhsMax =   5.96855898038484E-13  1.93988410326446E+00
 cg2d: Sum(rhs),rhsMax =   6.25277607468888E-13  1.93992092521800E+00
 cg2d: Sum(rhs),rhsMax =   4.68958205601666E-13  1.93995715119424E+00
 cg2d: Sum(rhs),rhsMax =   7.95807864051312E-13  1.93999279143648E+00
 cg2d: Sum(rhs),rhsMax =   6.53699316899292E-13  1.94002785628253E+00
 cg2d: Sum(rhs),rhsMax =   7.81597009336110E-13  1.94006235619946E+00
 cg2d: Sum(rhs),rhsMax =   7.38964445190504E-13  1.94009630157862E+00
 cg2d: Sum(rhs),rhsMax =   2.84217094304040E-13  1.94012970278949E+00
 cg2d: Sum(rhs),rhsMax =   1.84741111297626E-13  1.94016256995743E+00
 cg2d: Sum(rhs),rhsMax =   4.26325641456060E-13  1.94019491304034E+00
 cg2d: Sum(rhs),rhsMax =   3.41060513164848E-13  1.94022674159075E+00
 cg2d: Sum(rhs),rhsMax =   8.52651282912120E-13  1.94025806485796E+00
 cg2d: Sum(rhs),rhsMax =   3.83693077310454E-13  1.94028889153693E+00
 cg2d: Sum(rhs),rhsMax =   8.95283847057726E-13  1.94031922989731E+00
 cg2d: Sum(rhs),rhsMax =   5.82645043323282E-13  1.94034908752220E+00
 cg2d: Sum(rhs),rhsMax =   6.25277607468888E-13  1.94037847146433E+00
 cg2d: Sum(rhs),rhsMax =   3.12638803734444E-13  1.94040738797853E+00
 cg2d: Sum(rhs),rhsMax =   2.41584530158434E-13  1.94043584270412E+00
 cg2d: Sum(rhs),rhsMax =   9.23705556488130E-13  1.94046384039521E+00
 cg2d: Sum(rhs),rhsMax =   6.82121026329696E-13  1.94049138512743E+00
 cg2d: Sum(rhs),rhsMax =   8.52651282912120E-13  1.94051848003052E+00
 cg2d: Sum(rhs),rhsMax =   5.68434188608080E-13  1.94054512751653E+00
 cg2d: Sum(rhs),rhsMax =   3.97903932025656E-13  1.94057132901895E+00
 cg2d: Sum(rhs),rhsMax =   1.22213350550737E-12  1.94059708523934E+00
 cg2d: Sum(rhs),rhsMax =   1.05160324892495E-12  1.94062239589643E+00
 cg2d: Sum(rhs),rhsMax =   3.41060513164848E-13  1.94064725998815E+00
 cg2d: Sum(rhs),rhsMax =   1.42108547152020E-12  1.94067167555342E+00
 cg2d: Sum(rhs),rhsMax =   9.66338120633736E-13  1.94069563994651E+00
 cg2d: Sum(rhs),rhsMax =   8.24229573481716E-13  1.94071914961327E+00
 cg2d: Sum(rhs),rhsMax =   8.24229573481716E-13  1.94074220037518E+00
 cg2d: Sum(rhs),rhsMax =   4.54747350886464E-13  1.94076478722064E+00
 cg2d: Sum(rhs),rhsMax =   1.02318153949454E-12  1.94078690459617E+00
 cg2d: Sum(rhs),rhsMax =   1.30739863379858E-12  1.94080854621254E+00
 cg2d: Sum(rhs),rhsMax =   7.24753590475302E-13  1.94082970534094E+00
 cg2d: Sum(rhs),rhsMax =   6.67910171614494E-13  1.94085037463258E+00
 cg2d: Sum(rhs),rhsMax =   9.09494701772928E-13  1.94087054641802E+00
 cg2d: Sum(rhs),rhsMax =   7.10542735760100E-13  1.94089021253814E+00
 cg2d: Sum(rhs),rhsMax =   7.10542735760100E-13  1.94090936464498E+00
 cg2d: Sum(rhs),rhsMax =   7.10542735760100E-13  1.94092799404148E+00
 cg2d: Sum(rhs),rhsMax =   7.10542735760100E-13  1.94094609198245E+00
 cg2d: Sum(rhs),rhsMax =   5.54223333892878E-13  1.94096364951987E+00
 cg2d: Sum(rhs),rhsMax =   3.97903932025656E-13  1.94098065780312E+00
 cg2d: Sum(rhs),rhsMax =   7.81597009336110E-13  1.94099710792622E+00
 cg2d: Sum(rhs),rhsMax =   8.24229573481716E-13  1.94101299122661E+00
 cg2d: Sum(rhs),rhsMax =   7.95807864051312E-13  1.94102829913073E+00
 cg2d: Sum(rhs),rhsMax =   7.81597009336110E-13  1.94104302345069E+00
 cg2d: Sum(rhs),rhsMax =   9.80548975348938E-13  1.94105715622447E+00
 cg2d: Sum(rhs),rhsMax =   7.38964445190504E-13  1.94107069001026E+00
 cg2d: Sum(rhs),rhsMax =   1.16529008664656E-12  1.94108361771747E+00
 cg2d: Sum(rhs),rhsMax =   5.11590769747272E-13  1.94109593289848E+00
 cg2d: Sum(rhs),rhsMax =   7.24753590475302E-13  1.94110762956690E+00
 cg2d: Sum(rhs),rhsMax =   3.55271367880050E-13  1.94111870248684E+00
 cg2d: Sum(rhs),rhsMax =   2.70006239588838E-13  1.94112914697502E+00
 cg2d: Sum(rhs),rhsMax =   5.68434188608080E-13  1.94113895918766E+00
 cg2d: Sum(rhs),rhsMax =   1.56319401867222E-13  1.94114813590362E+00
 cg2d: Sum(rhs),rhsMax =   3.26849658449646E-13  1.94115667480914E+00
 cg2d: Sum(rhs),rhsMax =   3.12638803734444E-13  1.94116457425968E+00
 cg2d: Sum(rhs),rhsMax =   7.10542735760100E-14  1.94117183356294E+00
 cg2d: Sum(rhs),rhsMax =   4.40536496171262E-13  1.94117845271777E+00
 cg2d: Sum(rhs),rhsMax =   5.11590769747272E-13  1.94118443269579E+00
 cg2d: Sum(rhs),rhsMax =   6.11066752753686E-13  1.94118977515658E+00
 cg2d: Sum(rhs),rhsMax =   1.22213350550737E-12  1.94119448272845E+00
 cg2d: Sum(rhs),rhsMax =   6.25277607468888E-13  1.94119855869946E+00
 cg2d: Sum(rhs),rhsMax =   6.67910171614494E-13  1.94120200729824E+00
 cg2d: Sum(rhs),rhsMax =   3.12638803734444E-13  1.94120483336107E+00
 cg2d: Sum(rhs),rhsMax =   7.24753590475302E-13  1.94120704261354E+00
 cg2d: Sum(rhs),rhsMax =   7.24753590475302E-13  1.94120864131468E+00
 cg2d: Sum(rhs),rhsMax =   1.06581410364015E-12  1.94120963654010E+00
 cg2d: Sum(rhs),rhsMax =   8.95283847057726E-13  1.94121003580504E+00
 cg2d: Sum(rhs),rhsMax =   2.27373675443232E-13  1.94120984734949E+00
 cg2d: Sum(rhs),rhsMax =   1.10844666778576E-12  1.94120907974249E+00
 cg2d: Sum(rhs),rhsMax =   1.13686837721616E-12  1.94120774216975E+00
 cg2d: Sum(rhs),rhsMax =   9.37916411203332E-13  1.94120584402202E+00
 cg2d: Sum(rhs),rhsMax =   8.95283847057726E-13  1.94120339518581E+00
 cg2d: Sum(rhs),rhsMax =   8.81072992342524E-13  1.94120040561900E+00
 cg2d: Sum(rhs),rhsMax =   8.52651282912120E-13  1.94119688564505E+00
 cg2d: Sum(rhs),rhsMax =   1.10844666778576E-12  1.94119284551939E+00
 cg2d: Sum(rhs),rhsMax =   9.52127265918534E-13  1.94118829572765E+00
 cg2d: Sum(rhs),rhsMax =   8.38440428196918E-13  1.94118324654636E+00
 cg2d: Sum(rhs),rhsMax =   1.09423581307055E-12  1.94117770834563E+00
 cg2d: Sum(rhs),rhsMax =   1.05160324892495E-12  1.94117169114801E+00
 cg2d: Sum(rhs),rhsMax =   5.54223333892878E-13  1.94116520493582E+00
 cg2d: Sum(rhs),rhsMax =   1.06581410364015E-12  1.94115825921185E+00
 cg2d: Sum(rhs),rhsMax =   3.26849658449646E-13  1.94115086331163E+00
 cg2d: Sum(rhs),rhsMax =   4.40536496171262E-13  1.94114302596958E+00
 cg2d: Sum(rhs),rhsMax =   9.37916411203332E-13  1.94113475563624E+00
 cg2d: Sum(rhs),rhsMax =   6.39488462184090E-13  1.94112606005325E+00
 cg2d: Sum(rhs),rhsMax =   6.39488462184090E-13  1.94111694657550E+00
 cg2d: Sum(rhs),rhsMax =   3.41060513164848E-13  1.94110742175801E+00
 cg2d: Sum(rhs),rhsMax =   5.96855898038484E-13  1.94109749168279E+00
 cg2d: Sum(rhs),rhsMax =   6.11066752753686E-13  1.94108716156025E+00
 cg2d: Sum(rhs),rhsMax =   9.23705556488130E-13  1.94107643606052E+00
 cg2d: Sum(rhs),rhsMax =   2.84217094304040E-14  1.94106531893151E+00
 cg2d: Sum(rhs),rhsMax =   7.24753590475302E-13  1.94105381333430E+00
 cg2d: Sum(rhs),rhsMax =   9.37916411203332E-13  1.94104192147948E+00
 cg2d: Sum(rhs),rhsMax =   3.12638803734444E-13  1.94102964496613E+00
 cg2d: Sum(rhs),rhsMax =   7.10542735760100E-14  1.94101698443735E+00
 cg2d: Sum(rhs),rhsMax =   7.24753590475302E-13  1.94100393992248E+00
 cg2d: Sum(rhs),rhsMax =   7.67386154620908E-13  1.94099051051206E+00
 cg2d: Sum(rhs),rhsMax =   6.39488462184090E-13  1.94097669470278E+00
 cg2d: Sum(rhs),rhsMax =   4.97379915032070E-13  1.94096249009167E+00
 cg2d: Sum(rhs),rhsMax =   6.25277607468888E-13  1.94094789372318E+00
 cg2d: Sum(rhs),rhsMax =   3.83693077310454E-13  1.94093290180158E+00
 cg2d: Sum(rhs),rhsMax =   4.83169060316868E-13  1.94091751003989E+00
 cg2d: Sum(rhs),rhsMax =   7.10542735760100E-13  1.94090171338886E+00
 cg2d: Sum(rhs),rhsMax =   6.53699316899292E-13  1.94088550638725E+00
 cg2d: Sum(rhs),rhsMax =   5.68434188608080E-13  1.94086888290535E+00
 cg2d: Sum(rhs),rhsMax =  -1.27897692436818E-13  1.94085183649623E+00
 cg2d: Sum(rhs),rhsMax =   7.81597009336110E-13  1.94083436015121E+00
 cg2d: Sum(rhs),rhsMax =   8.95283847057726E-13  1.94081644665179E+00
 cg2d: Sum(rhs),rhsMax =   6.67910171614494E-13  1.94079808833404E+00
 cg2d: Sum(rhs),rhsMax =   2.55795384873636E-13  1.94077927744093E+00
 cg2d: Sum(rhs),rhsMax =   4.83169060316868E-13  1.94076000589250E+00
 cg2d: Sum(rhs),rhsMax =   6.25277607468888E-13  1.94074026563829E+00
 cg2d: Sum(rhs),rhsMax =   5.96855898038484E-13  1.94072004842983E+00
 cg2d: Sum(rhs),rhsMax =   4.54747350886464E-13  1.94069934617308E+00
 cg2d: Sum(rhs),rhsMax =   3.26849658449646E-13  1.94067815069971E+00
 cg2d: Sum(rhs),rhsMax =   2.98427949019242E-13  1.94065645411944E+00
 cg2d: Sum(rhs),rhsMax =   6.82121026329696E-13  1.94063424858662E+00
 cg2d: Sum(rhs),rhsMax =   1.06581410364015E-12  1.94061152665241E+00
 cg2d: Sum(rhs),rhsMax =   8.95283847057726E-13  1.94058828102344E+00
 cg2d: Sum(rhs),rhsMax =   8.95283847057726E-13  1.94056450491364E+00
 cg2d: Sum(rhs),rhsMax =   5.82645043323282E-13  1.94054019179215E+00
 cg2d: Sum(rhs),rhsMax =   5.54223333892878E-13  1.94051533573455E+00
 cg2d: Sum(rhs),rhsMax =   7.95807864051312E-13  1.94048993115748E+00
 cg2d: Sum(rhs),rhsMax =   6.67910171614494E-13  1.94046397316928E+00
 cg2d: Sum(rhs),rhsMax =   8.38440428196918E-13  1.94043745728888E+00
 cg2d: Sum(rhs),rhsMax =   8.10018718766514E-13  1.94041037979603E+00
 cg2d: Sum(rhs),rhsMax =   2.13162820728030E-13  1.94038273743277E+00
 cg2d: Sum(rhs),rhsMax =   7.53175299905706E-13  1.94035452775302E+00
 cg2d: Sum(rhs),rhsMax =   9.66338120633736E-13  1.94032574880570E+00
 cg2d: Sum(rhs),rhsMax =   1.98951966012828E-13  1.94029639948347E+00
 cg2d: Sum(rhs),rhsMax =   9.37916411203332E-13  1.94026647918693E+00
 cg2d: Sum(rhs),rhsMax =   6.96331881044898E-13  1.94023598817269E+00
 cg2d: Sum(rhs),rhsMax =   4.54747350886464E-13  1.94020492719833E+00
 cg2d: Sum(rhs),rhsMax =   1.98951966012828E-13  1.94017329786992E+00
 cg2d: Sum(rhs),rhsMax =   7.24753590475302E-13  1.94014110226852E+00
 cg2d: Sum(rhs),rhsMax =   4.68958205601666E-13  1.94010834329681E+00
 cg2d: Sum(rhs),rhsMax =   4.54747350886464E-13  1.94007502428838E+00
 cg2d: Sum(rhs),rhsMax =   4.26325641456060E-13  1.94004114935350E+00
 cg2d: Sum(rhs),rhsMax =   6.82121026329696E-13  1.94000672297286E+00
 cg2d: Sum(rhs),rhsMax =   4.26325641456060E-13  1.93997175034236E+00
 cg2d: Sum(rhs),rhsMax =   5.54223333892878E-13  1.93993623695353E+00
 cg2d: Sum(rhs),rhsMax =   5.68434188608080E-13  1.93990018893717E+00
 cg2d: Sum(rhs),rhsMax =   7.38964445190504E-13  1.93986361263304E+00
 cg2d: Sum(rhs),rhsMax =   8.10018718766514E-13  1.93982651493238E+00
 cg2d: Sum(rhs),rhsMax =   1.08002495835535E-12  1.93978890283956E+00
 cg2d: Sum(rhs),rhsMax =   6.96331881044898E-13  1.93975078381346E+00
 cg2d: Sum(rhs),rhsMax =   3.41060513164848E-13  1.93971216532422E+00
 cg2d: Sum(rhs),rhsMax =   7.67386154620908E-13  1.93967305519333E+00
 cg2d: Sum(rhs),rhsMax =   2.41584530158434E-13  1.93963346114863E+00
 cg2d: Sum(rhs),rhsMax =   3.26849658449646E-13  1.93959339116309E+00
 cg2d: Sum(rhs),rhsMax =   5.54223333892878E-13  1.93955285301135E+00
 cg2d: Sum(rhs),rhsMax =   8.10018718766514E-13  1.93951185460701E+00
 cg2d: Sum(rhs),rhsMax =   6.25277607468888E-13  1.93947040356383E+00
 cg2d: Sum(rhs),rhsMax =   3.97903932025656E-13  1.93942850753153E+00
 cg2d: Sum(rhs),rhsMax =   8.10018718766514E-13  1.93938617361860E+00
 cg2d: Sum(rhs),rhsMax =   7.95807864051312E-13  1.93934340883662E+00
 cg2d: Sum(rhs),rhsMax =   6.67910171614494E-13  1.93930022014124E+00
 cg2d: Sum(rhs),rhsMax =   2.84217094304040E-13  1.93925661436102E+00
 cg2d: Sum(rhs),rhsMax =   5.96855898038484E-13  1.93921259761512E+00
 cg2d: Sum(rhs),rhsMax =   9.09494701772928E-13  1.93916817564019E+00
 cg2d: Sum(rhs),rhsMax =   3.41060513164848E-13  1.93912335345817E+00
 cg2d: Sum(rhs),rhsMax =   6.82121026329696E-13  1.93907813582481E+00
 cg2d: Sum(rhs),rhsMax =   6.67910171614494E-13  1.93903252688647E+00
 cg2d: Sum(rhs),rhsMax =   7.67386154620908E-13  1.93898653050033E+00
 cg2d: Sum(rhs),rhsMax =   8.81072992342524E-13  1.93894014984249E+00
 cg2d: Sum(rhs),rhsMax =   2.98427949019242E-13  1.93889338772231E+00
 cg2d: Sum(rhs),rhsMax =   7.95807864051312E-13  1.93884624622784E+00
 cg2d: Sum(rhs),rhsMax =   6.96331881044898E-13  1.93879872705796E+00
 cg2d: Sum(rhs),rhsMax =   5.40012479177676E-13  1.93875082363296E+00
 cg2d: Sum(rhs),rhsMax =   6.25277607468888E-13  1.93870256236233E+00
 cg2d: Sum(rhs),rhsMax =   3.55271367880050E-13  1.93865391207221E+00
 cg2d: Sum(rhs),rhsMax =   5.54223333892878E-13  1.93860488608024E+00
 cg2d: Sum(rhs),rhsMax =   9.52127265918534E-13  1.93855548342025E+00
 cg2d: Sum(rhs),rhsMax =   0.00000000000000E+00  1.93850570164250E+00
 cg2d: Sum(rhs),rhsMax =   8.38440428196918E-13  1.93845553842316E+00
 cg2d: Sum(rhs),rhsMax =   6.39488462184090E-13  1.93840499133962E+00
 cg2d: Sum(rhs),rhsMax =   8.81072992342524E-13  1.93835405747830E+00
 cg2d: Sum(rhs),rhsMax =   5.68434188608080E-13  1.93830273367747E+00
 cg2d: Sum(rhs),rhsMax =   7.10542735760100E-13  1.93825101630977E+00
 cg2d: Sum(rhs),rhsMax =   3.69482222595252E-13  1.93819890155500E+00
 cg2d: Sum(rhs),rhsMax =   4.40536496171262E-13  1.93814638517246E+00
 cg2d: Sum(rhs),rhsMax =   3.12638803734444E-13  1.93809346281370E+00
 cg2d: Sum(rhs),rhsMax =   2.84217094304040E-13  1.93804012980312E+00
 cg2d: Sum(rhs),rhsMax =   3.26849658449646E-13  1.93798638146397E+00
 cg2d: Sum(rhs),rhsMax =   8.10018718766514E-13  1.93793221288328E+00
 cg2d: Sum(rhs),rhsMax =   3.26849658449646E-13  1.93787761923649E+00
 cg2d: Sum(rhs),rhsMax =   6.82121026329696E-13  1.93782258822243E+00
 cg2d: Sum(rhs),rhsMax =   3.83693077310454E-13  1.93776713996742E+00
 cg2d: Sum(rhs),rhsMax =   5.25801624462474E-13  1.93771123966278E+00
 cg2d: Sum(rhs),rhsMax =   9.23705556488130E-13  1.93765489590916E+00
 cg2d: Sum(rhs),rhsMax =   5.96855898038484E-13  1.93759810428791E+00
 cg2d: Sum(rhs),rhsMax =   6.25277607468888E-13  1.93754085955470E+00
 cg2d: Sum(rhs),rhsMax =   4.83169060316868E-13  1.93748315727473E+00
 cg2d: Sum(rhs),rhsMax =   9.37916411203332E-13  1.93742499362362E+00
 cg2d: Sum(rhs),rhsMax =   7.24753590475302E-13  1.93736636499413E+00
 cg2d: Sum(rhs),rhsMax =   5.82645043323282E-13  1.93730726823619E+00
 cg2d: Sum(rhs),rhsMax =   6.11066752753686E-13  1.93724770042251E+00
 cg2d: Sum(rhs),rhsMax =   6.96331881044898E-13  1.93718765912143E+00
 cg2d: Sum(rhs),rhsMax =   2.84217094304040E-14  1.93712714213695E+00
 cg2d: Sum(rhs),rhsMax =   1.06581410364015E-12  1.93706614782064E+00
 cg2d: Sum(rhs),rhsMax =   5.54223333892878E-13  1.93700467480182E+00
 cg2d: Sum(rhs),rhsMax =   5.11590769747272E-13  1.93694272230865E+00
 cg2d: Sum(rhs),rhsMax =   3.41060513164848E-13  1.93688028246543E+00
 cg2d: Sum(rhs),rhsMax =   6.53699316899292E-13  1.93681738062747E+00
 cg2d: Sum(rhs),rhsMax =   6.96331881044898E-13  1.93675398692552E+00
 cg2d: Sum(rhs),rhsMax =   9.94759830064140E-14  1.93669011589646E+00
 cg2d: Sum(rhs),rhsMax =   4.26325641456060E-13  1.93662576897564E+00
 cg2d: Sum(rhs),rhsMax =   4.83169060316868E-13  1.93656094710317E+00
 cg2d: Sum(rhs),rhsMax =   1.16529008664656E-12  1.93649565223587E+00
 cg2d: Sum(rhs),rhsMax =   4.83169060316868E-13  1.93642988709564E+00
 cg2d: Sum(rhs),rhsMax =   1.05160324892495E-12  1.93636365470939E+00
 cg2d: Sum(rhs),rhsMax =   2.84217094304040E-13  1.93629695861591E+00
 cg2d: Sum(rhs),rhsMax =   8.24229573481716E-13  1.93622980255955E+00
 cg2d: Sum(rhs),rhsMax =   3.55271367880050E-13  1.93616219073123E+00
 cg2d: Sum(rhs),rhsMax =   7.67386154620908E-13  1.93609412744432E+00
(PID.TID 0000.0001) %CHECKPOINT   3111840 ckptA
(PID.TID 0000.0001)   early fc =  0.000000000000000D+00
 --> objf_test(bi,bj)        =  0.189842662879398D+00
(PID.TID 0000.0001)   local fc =  0.189842662879398D+00
(PID.TID 0000.0001)  global fc =  0.322547974637434D+00
(PID.TID 0000.0001) whio : write lev 2 rec   1
(PID.TID 0000.0001) SOLVE_FOR_PRESSURE: putPmEinXvector =    F
 cg2d: Sum(rhs),rhsMax =   8.52651282912120E-13  1.99900718163814E+00
 cg2d: Sum(rhs),rhsMax =   8.52651282912120E-13  1.99891722695224E+00
 cg2d: Sum(rhs),rhsMax =   6.11066752753686E-13  1.99882649327481E+00
 cg2d: Sum(rhs),rhsMax =   6.67910171614494E-13  1.99873498050766E+00
 cg2d: Sum(rhs),rhsMax =   3.97903932025656E-13  1.99864268858991E+00
 cg2d: Sum(rhs),rhsMax =   1.00897068477934E-12  1.99854961749930E+00
 cg2d: Sum(rhs),rhsMax =   2.55795384873636E-13  1.99845576725339E+00
 cg2d: Sum(rhs),rhsMax =   5.54223333892878E-13  1.99836113791048E+00
 cg2d: Sum(rhs),rhsMax =   5.82645043323282E-13  1.99826572957035E+00
 cg2d: Sum(rhs),rhsMax =   4.68958205601666E-13  1.99816954237474E+00
 cg2d: Sum(rhs),rhsMax =   1.09423581307055E-12  1.99807257650769E+00
 cg2d: Sum(rhs),rhsMax =   3.55271367880050E-13  1.99797483219560E+00
 cg2d: Sum(rhs),rhsMax =   9.66338120633736E-13  1.99787630970711E+00
 cg2d: Sum(rhs),rhsMax =   1.13686837721616E-12  1.99777700935274E+00
 cg2d: Sum(rhs),rhsMax =   5.11590769747272E-13  1.99767693148434E+00
 cg2d: Sum(rhs),rhsMax =   6.39488462184090E-13  1.99757607649431E+00
 cg2d: Sum(rhs),rhsMax =   9.94759830064140E-13  1.99747444481469E+00
 cg2d: Sum(rhs),rhsMax =   6.96331881044898E-13  1.99737203691594E+00
 cg2d: Sum(rhs),rhsMax =   4.54747350886464E-13  1.99726885330565E+00
 cg2d: Sum(rhs),rhsMax =   7.95807864051312E-13  1.99716489452704E+00
 cg2d: Sum(rhs),rhsMax =   3.55271367880050E-13  1.99706016115725E+00
 cg2d: Sum(rhs),rhsMax =   7.81597009336110E-13  1.99695465380556E+00
 cg2d: Sum(rhs),rhsMax =   1.10844666778576E-12  1.99684837311135E+00
 cg2d: Sum(rhs),rhsMax =   2.70006239588838E-13  1.99674131974214E+00
 cg2d: Sum(rhs),rhsMax =   2.84217094304040E-13  1.99663349439123E+00
 cg2d: Sum(rhs),rhsMax =   3.12638803734444E-13  1.99652489777555E+00
 cg2d: Sum(rhs),rhsMax =   5.68434188608080E-13  1.99641553063319E+00
 cg2d: Sum(rhs),rhsMax =   5.11590769747272E-13  1.99630539372093E+00
 cg2d: Sum(rhs),rhsMax =   2.55795384873636E-13  1.99619448781178E+00
 cg2d: Sum(rhs),rhsMax =   6.25277607468888E-13  1.99608281369242E+00
 cg2d: Sum(rhs),rhsMax =   6.39488462184090E-13  1.99597037216064E+00
 cg2d: Sum(rhs),rhsMax =   7.10542735760100E-13  1.99585716402272E+00
 cg2d: Sum(rhs),rhsMax =   5.54223333892878E-13  1.99574319009092E+00
 cg2d: Sum(rhs),rhsMax =   5.68434188608080E-13  1.99562845118092E+00
 cg2d: Sum(rhs),rhsMax =   8.81072992342524E-13  1.99551294810929E+00
 cg2d: Sum(rhs),rhsMax =   4.83169060316868E-13  1.99539668169088E+00
 cg2d: Sum(rhs),rhsMax =   3.69482222595252E-13  1.99527965273680E+00
 cg2d: Sum(rhs),rhsMax =   4.97379915032070E-13  1.99516186205195E+00
 cg2d: Sum(rhs),rhsMax =   7.95807864051312E-13  1.99504331043303E+00
 cg2d: Sum(rhs),rhsMax =   6.82121026329696E-13  1.99492399866624E+00
 cg2d: Sum(rhs),rhsMax =   9.37916411203332E-13  1.99480392752528E+00
 cg2d: Sum(rhs),rhsMax =   9.37916411203332E-13  1.99468309776942E+00
 cg2d: Sum(rhs),rhsMax =   1.16529008664656E-12  1.99456151014177E+00
 cg2d: Sum(rhs),rhsMax =   8.24229573481716E-13  1.99443916536788E+00
 cg2d: Sum(rhs),rhsMax =   9.09494701772928E-13  1.99431606415434E+00
 cg2d: Sum(rhs),rhsMax =   7.38964445190504E-13  1.99419220718756E+00
 cg2d: Sum(rhs),rhsMax =   6.39488462184090E-13  1.99406759513276E+00
 cg2d: Sum(rhs),rhsMax =   8.10018718766514E-13  1.99394222863304E+00
 cg2d: Sum(rhs),rhsMax =   8.66862137627322E-13  1.99381610830868E+00
 cg2d: Sum(rhs),rhsMax =   9.66338120633736E-13  1.99368923475662E+00
 cg2d: Sum(rhs),rhsMax =   1.70530256582424E-13  1.99356160855011E+00
 cg2d: Sum(rhs),rhsMax =   1.39266376208980E-12  1.99343323023857E+00
 cg2d: Sum(rhs),rhsMax =   8.10018718766514E-13  1.99330410034760E+00
 cg2d: Sum(rhs),rhsMax =   6.11066752753686E-13  1.99317421937922E+00
 cg2d: Sum(rhs),rhsMax =   2.98427949019242E-13  1.99304358781224E+00
 cg2d: Sum(rhs),rhsMax =   3.41060513164848E-13  1.99291220610284E+00
 cg2d: Sum(rhs),rhsMax =   6.96331881044898E-13  1.99278007468533E+00
 cg2d: Sum(rhs),rhsMax =   2.70006239588838E-13  1.99264719397298E+00
 cg2d: Sum(rhs),rhsMax =   4.12114786740858E-13  1.99251356435914E+00
 cg2d: Sum(rhs),rhsMax =   6.53699316899292E-13  1.99237918621845E+00
 cg2d: Sum(rhs),rhsMax =   3.83693077310454E-13  1.99224405990811E+00
 cg2d: Sum(rhs),rhsMax =   4.54747350886464E-13  1.99210818576945E+00
 cg2d: Sum(rhs),rhsMax =   8.38440428196918E-13  1.99197156412947E+00
 cg2d: Sum(rhs),rhsMax =   6.53699316899292E-13  1.99183419530260E+00
 cg2d: Sum(rhs),rhsMax =   3.55271367880050E-13  1.99169607959245E+00
 cg2d: Sum(rhs),rhsMax =   6.96331881044898E-13  1.99155721729375E+00
 cg2d: Sum(rhs),rhsMax =   7.10542735760100E-13  1.99141760869432E+00
 cg2d: Sum(rhs),rhsMax =  -1.56319401867222E-13  1.99127725407708E+00
 cg2d: Sum(rhs),rhsMax =   4.68958205601666E-13  1.99113615372214E+00
 cg2d: Sum(rhs),rhsMax =   8.38440428196918E-13  1.99099430790903E+00
 cg2d: Sum(rhs),rhsMax =   5.11590769747272E-13  1.99085171691864E+00
 cg2d: Sum(rhs),rhsMax =   7.95807864051312E-13  1.99070838103554E+00
(PID.TID 0000.0001) whio : write lev 2 rec   2
 cg2d: Sum(rhs),rhsMax =   7.53175299905706E-13  1.99056430055011E+00
 cg2d: Sum(rhs),rhsMax =   3.41060513164848E-13  1.99041947576062E+00
 cg2d: Sum(rhs),rhsMax =   5.40012479177676E-13  1.99027390697541E+00
 cg2d: Sum(rhs),rhsMax =   8.24229573481716E-13  1.99012759451493E+00
 cg2d: Sum(rhs),rhsMax =   5.54223333892878E-13  1.98998053871379E+00
 cg2d: Sum(rhs),rhsMax =   6.67910171614494E-13  1.98983273992270E+00
 cg2d: Sum(rhs),rhsMax =   5.68434188608080E-13  1.98968419851034E+00
 cg2d: Sum(rhs),rhsMax =   9.09494701772928E-13  1.98953491486524E+00
 cg2d: Sum(rhs),rhsMax =   3.26849658449646E-13  1.98938488939739E+00
 cg2d: Sum(rhs),rhsMax =   5.96855898038484E-13  1.98923412253994E+00
 cg2d: Sum(rhs),rhsMax =   5.40012479177676E-13  1.98908261475059E+00
 cg2d: Sum(rhs),rhsMax =   5.11590769747272E-13  1.98893036651309E+00
 cg2d: Sum(rhs),rhsMax =   5.40012479177676E-13  1.98877737833834E+00
 cg2d: Sum(rhs),rhsMax =   7.10542735760100E-13  1.98862365076565E+00
 cg2d: Sum(rhs),rhsMax =   6.67910171614494E-13  1.98846918436362E+00
 cg2d: Sum(rhs),rhsMax =   5.82645043323282E-13  1.98831397973102E+00
 cg2d: Sum(rhs),rhsMax =   6.25277607468888E-13  1.98815803749745E+00
 cg2d: Sum(rhs),rhsMax =   3.55271367880050E-13  1.98800135832390E+00
 cg2d: Sum(rhs),rhsMax =   7.10542735760100E-13  1.98784394290315E+00
 cg2d: Sum(rhs),rhsMax =   8.24229573481716E-13  1.98768579195998E+00
 cg2d: Sum(rhs),rhsMax =   1.02318153949454E-12  1.98752690625132E+00
 cg2d: Sum(rhs),rhsMax =   4.26325641456060E-13  1.98736728656613E+00
 cg2d: Sum(rhs),rhsMax =   5.11590769747272E-13  1.98720693372519E+00
 cg2d: Sum(rhs),rhsMax =   9.80548975348938E-13  1.98704584858083E+00
 cg2d: Sum(rhs),rhsMax =   4.54747350886464E-13  1.98688403201639E+00
 cg2d: Sum(rhs),rhsMax =   9.66338120633736E-13  1.98672148494551E+00
 cg2d: Sum(rhs),rhsMax =   5.96855898038484E-13  1.98655820831149E+00
 cg2d: Sum(rhs),rhsMax =   8.10018718766514E-13  1.98639420308604E+00
 cg2d: Sum(rhs),rhsMax =   6.25277607468888E-13  1.98622947026891E+00
 cg2d: Sum(rhs),rhsMax =   5.40012479177676E-13  1.98606401088660E+00
 cg2d: Sum(rhs),rhsMax =   2.98427949019242E-13  1.98589782599121E+00
 cg2d: Sum(rhs),rhsMax =   5.54223333892878E-13  1.98573091665881E+00
 cg2d: Sum(rhs),rhsMax =   8.66862137627322E-13  1.98556328398809E+00
 cg2d: Sum(rhs),rhsMax =   3.69482222595252E-13  1.98539492909891E+00
 cg2d: Sum(rhs),rhsMax =   3.97903932025656E-13  1.98522585313069E+00
 cg2d: Sum(rhs),rhsMax =   6.53699316899292E-13  1.98505605724094E+00
 cg2d: Sum(rhs),rhsMax =   1.10844666778576E-12  1.98488554260359E+00
 cg2d: Sum(rhs),rhsMax =   3.69482222595252E-13  1.98471431040730E+00
 cg2d: Sum(rhs),rhsMax =   5.25801624462474E-13  1.98454236185374E+00
 cg2d: Sum(rhs),rhsMax =   3.41060513164848E-13  1.98436969815586E+00
 cg2d: Sum(rhs),rhsMax =   5.68434188608080E-13  1.98419632053615E+00
 cg2d: Sum(rhs),rhsMax =   9.94759830064140E-13  1.98402223022492E+00
 cg2d: Sum(rhs),rhsMax =   5.82645043323282E-13  1.98384742845855E+00
 cg2d: Sum(rhs),rhsMax =   8.81072992342524E-13  1.98367191647782E+00
 cg2d: Sum(rhs),rhsMax =   4.40536496171262E-13  1.98349569552624E+00
 cg2d: Sum(rhs),rhsMax =   5.40012479177676E-13  1.98331876684841E+00
 cg2d: Sum(rhs),rhsMax =   4.83169060316868E-13  1.98314113168852E+00
 cg2d: Sum(rhs),rhsMax =   4.97379915032070E-13  1.98296279128874E+00
 cg2d: Sum(rhs),rhsMax =   9.37916411203332E-13  1.98278374688791E+00
 cg2d: Sum(rhs),rhsMax =   8.38440428196918E-13  1.98260399972007E+00
 cg2d: Sum(rhs),rhsMax =   9.80548975348938E-13  1.98242355101325E+00
 cg2d: Sum(rhs),rhsMax =   9.52127265918534E-13  1.98224240198814E+00
 cg2d: Sum(rhs),rhsMax =   5.54223333892878E-13  1.98206055385717E+00
 cg2d: Sum(rhs),rhsMax =   9.66338120633736E-13  1.98187800782352E+00
 cg2d: Sum(rhs),rhsMax =   4.26325641456060E-13  1.98169476508028E+00
 cg2d: Sum(rhs),rhsMax =   1.17950094136177E-12  1.98151082680969E+00
 cg2d: Sum(rhs),rhsMax =   5.25801624462474E-13  1.98132619418227E+00
 cg2d: Sum(rhs),rhsMax =   5.82645043323282E-13  1.98114086835640E+00
 cg2d: Sum(rhs),rhsMax =   3.41060513164848E-13  1.98095485047781E+00
 cg2d: Sum(rhs),rhsMax =   5.68434188608080E-13  1.98076814167934E+00
 cg2d: Sum(rhs),rhsMax =   6.67910171614494E-13  1.98058074308075E+00
 cg2d: Sum(rhs),rhsMax =   9.09494701772928E-13  1.98039265578862E+00
 cg2d: Sum(rhs),rhsMax =   6.53699316899292E-13  1.98020388089648E+00
 cg2d: Sum(rhs),rhsMax =   5.25801624462474E-13  1.98001441948486E+00
 cg2d: Sum(rhs),rhsMax =   4.12114786740858E-13  1.97982427262168E+00
 cg2d: Sum(rhs),rhsMax =   1.98951966012828E-13  1.97963344136255E+00
 cg2d: Sum(rhs),rhsMax =   9.94759830064140E-13  1.97944192675129E+00
 cg2d: Sum(rhs),rhsMax =   9.09494701772928E-13  1.97924972982051E+00
 cg2d: Sum(rhs),rhsMax =   3.55271367880050E-13  1.97905685159232E+00
 cg2d: Sum(rhs),rhsMax =   5.11590769747272E-13  1.97886329307909E+00
 cg2d: Sum(rhs),rhsMax =   7.95807864051312E-13  1.97866905528434E+00
 cg2d: Sum(rhs),rhsMax =   3.41060513164848E-13  1.97847413920365E+00
(PID.TID 0000.0001) whio : write lev 2 rec   3
 cg2d: Sum(rhs),rhsMax =   9.80548975348938E-13  1.97827854582572E+00
 cg2d: Sum(rhs),rhsMax =   5.25801624462474E-13  1.97808227613343E+00
 cg2d: Sum(rhs),rhsMax =   6.82121026329696E-13  1.97788533110499E+00
 cg2d: Sum(rhs),rhsMax =   6.96331881044898E-13  1.97768771171512E+00
 cg2d: Sum(rhs),rhsMax =   5.25801624462474E-13  1.97748941893637E+00
 cg2d: Sum(rhs),rhsMax =   5.82645043323282E-13  1.97729045374023E+00
 cg2d: Sum(rhs),rhsMax =   4.97379915032070E-13  1.97709081709860E+00
 cg2d: Sum(rhs),rhsMax =   5.40012479177676E-13  1.97689050998497E+00
 cg2d: Sum(rhs),rhsMax =   3.12638803734444E-13  1.97668953337581E+00
 cg2d: Sum(rhs),rhsMax =   4.68958205601666E-13  1.97648788825193E+00
 cg2d: Sum(rhs),rhsMax =   5.96855898038484E-13  1.97628557559974E+00
 cg2d: Sum(rhs),rhsMax =   8.66862137627322E-13  1.97608259641259E+00
 cg2d: Sum(rhs),rhsMax =   8.24229573481716E-13  1.97587895169206E+00
 cg2d: Sum(rhs),rhsMax =   7.67386154620908E-13  1.97567464244922E+00
 cg2d: Sum(rhs),rhsMax =   8.81072992342524E-13  1.97546966970587E+00
 cg2d: Sum(rhs),rhsMax =   6.96331881044898E-13  1.97526403449570E+00
 cg2d: Sum(rhs),rhsMax =   1.37845290737459E-12  1.97505773786539E+00
 cg2d: Sum(rhs),rhsMax =   3.55271367880050E-13  1.97485078087579E+00
 cg2d: Sum(rhs),rhsMax =   8.81072992342524E-13  1.97464316460279E+00
 cg2d: Sum(rhs),rhsMax =   2.27373675443232E-13  1.97443489013837E+00
 cg2d: Sum(rhs),rhsMax =   7.81597009336110E-13  1.97422595859144E+00
 cg2d: Sum(rhs),rhsMax =   4.97379915032070E-13  1.97401637108861E+00
 cg2d: Sum(rhs),rhsMax =   1.15107923193136E-12  1.97380612877493E+00
 cg2d: Sum(rhs),rhsMax =   8.95283847057726E-13  1.97359523281450E+00
 cg2d: Sum(rhs),rhsMax =   2.98427949019242E-13  1.97338368439104E+00
 cg2d: Sum(rhs),rhsMax =   7.67386154620908E-13  1.97317148470831E+00
 cg2d: Sum(rhs),rhsMax =   4.12114786740858E-13  1.97295863499044E+00
 cg2d: Sum(rhs),rhsMax =   6.96331881044898E-13  1.97274513648229E+00
 cg2d: Sum(rhs),rhsMax =   3.55271367880050E-13  1.97253099044952E+00
 cg2d: Sum(rhs),rhsMax =   9.66338120633736E-13  1.97231619817873E+00
 cg2d: Sum(rhs),rhsMax =   8.10018718766514E-13  1.97210076097736E+00
 cg2d: Sum(rhs),rhsMax =   9.52127265918534E-13  1.97188468017375E+00
 cg2d: Sum(rhs),rhsMax =   9.80548975348938E-13  1.97166795711670E+00
 cg2d: Sum(rhs),rhsMax =   7.38964445190504E-13  1.97145059317542E+00
 cg2d: Sum(rhs),rhsMax =   4.97379915032070E-13  1.97123258973895E+00
 cg2d: Sum(rhs),rhsMax =   8.95283847057726E-13  1.97101394821586E+00
 cg2d: Sum(rhs),rhsMax =   5.40012479177676E-13  1.97079467003358E+00
 cg2d: Sum(rhs),rhsMax =   4.97379915032070E-13  1.97057475663789E+00
 cg2d: Sum(rhs),rhsMax =   9.09494701772928E-13  1.97035420949216E+00
 cg2d: Sum(rhs),rhsMax =   9.66338120633736E-13  1.97013303007660E+00
 cg2d: Sum(rhs),rhsMax =   5.96855898038484E-13  1.96991121988750E+00
 cg2d: Sum(rhs),rhsMax =   4.68958205601666E-13  1.96968878043627E+00
 cg2d: Sum(rhs),rhsMax =   9.94759830064140E-13  1.96946571324857E+00
 cg2d: Sum(rhs),rhsMax =   1.17950094136177E-12  1.96924201986333E+00
 cg2d: Sum(rhs),rhsMax =   6.96331881044898E-13  1.96901770183170E+00
 cg2d: Sum(rhs),rhsMax =   6.53699316899292E-13  1.96879276071608E+00
 cg2d: Sum(rhs),rhsMax =   8.24229573481716E-13  1.96856719808902E+00
 cg2d: Sum(rhs),rhsMax =   3.55271367880050E-13  1.96834101553189E+00
 cg2d: Sum(rhs),rhsMax =   6.82121026329696E-13  1.96811421463408E+00
 cg2d: Sum(rhs),rhsMax =   7.10542735760100E-13  1.96788679699181E+00
 cg2d: Sum(rhs),rhsMax =   2.84217094304040E-13  1.96765876420699E+00
 cg2d: Sum(rhs),rhsMax =   9.80548975348938E-13  1.96743011788635E+00
 cg2d: Sum(rhs),rhsMax =   6.67910171614494E-13  1.96720085964019E+00
 cg2d: Sum(rhs),rhsMax =   7.10542735760100E-13  1.96697099108125E+00
 cg2d: Sum(rhs),rhsMax =   1.16529008664656E-12  1.96674051382352E+00
 cg2d: Sum(rhs),rhsMax =   7.24753590475302E-13  1.96650942948124E+00
 cg2d: Sum(rhs),rhsMax =   7.67386154620908E-13  1.96627773966782E+00
 cg2d: Sum(rhs),rhsMax =   6.67910171614494E-13  1.96604544599503E+00
 cg2d: Sum(rhs),rhsMax =   8.24229573481716E-13  1.96581255007208E+00
 cg2d: Sum(rhs),rhsMax =   6.82121026329696E-13  1.96557905350480E+00
 cg2d: Sum(rhs),rhsMax =   5.40012479177676E-13  1.96534495789490E+00
 cg2d: Sum(rhs),rhsMax =   6.82121026329696E-13  1.96511026483912E+00
 cg2d: Sum(rhs),rhsMax =   4.26325641456060E-13  1.96487497592866E+00
 cg2d: Sum(rhs),rhsMax =   8.38440428196918E-13  1.96463909274843E+00
 cg2d: Sum(rhs),rhsMax =   9.23705556488130E-13  1.96440261687654E+00
 cg2d: Sum(rhs),rhsMax =   6.96331881044898E-13  1.96416554988385E+00
 cg2d: Sum(rhs),rhsMax =   3.83693077310454E-13  1.96392789333350E+00
 cg2d: Sum(rhs),rhsMax =   7.10542735760100E-13  1.96368964878063E+00
 cg2d: Sum(rhs),rhsMax =   1.00897068477934E-12  1.96345081777201E+00
 cg2d: Sum(rhs),rhsMax =   9.80548975348938E-13  1.96321140184599E+00
 cg2d: Sum(rhs),rhsMax =   2.13162820728030E-13  1.96297140253227E+00
 cg2d: Sum(rhs),rhsMax =   2.84217094304040E-13  1.96273082135189E+00
(PID.TID 0000.0001) whio : write lev 2 rec   4
 cg2d: Sum(rhs),rhsMax =   6.11066752753686E-13  1.96248965981730E+00
 cg2d: Sum(rhs),rhsMax =   1.56319401867222E-13  1.96224791943242E+00
 cg2d: Sum(rhs),rhsMax =   4.97379915032070E-13  1.96200560169281E+00
 cg2d: Sum(rhs),rhsMax =   6.53699316899292E-13  1.96176270808592E+00
 cg2d: Sum(rhs),rhsMax =   2.27373675443232E-13  1.96151924009144E+00
 cg2d: Sum(rhs),rhsMax =   6.25277607468888E-13  1.96127519918162E+00
 cg2d: Sum(rhs),rhsMax =   6.96331881044898E-13  1.96103058682175E+00
 cg2d: Sum(rhs),rhsMax =   8.66862137627322E-13  1.96078540447065E+00
 cg2d: Sum(rhs),rhsMax =   5.40012479177676E-13  1.96053965358120E+00
 cg2d: Sum(rhs),rhsMax =   3.83693077310454E-13  1.96029333560099E+00
 cg2d: Sum(rhs),rhsMax =   3.26849658449646E-13  1.96004645197293E+00
 cg2d: Sum(rhs),rhsMax =   5.11590769747272E-13  1.95979900413596E+00
 cg2d: Sum(rhs),rhsMax =   8.24229573481716E-13  1.95955099352574E+00
 cg2d: Sum(rhs),rhsMax =   4.40536496171262E-13  1.95930242157547E+00
 cg2d: Sum(rhs),rhsMax =   9.52127265918534E-13  1.95905328971658E+00
 cg2d: Sum(rhs),rhsMax =   5.82645043323282E-13  1.95880359937958E+00
 cg2d: Sum(rhs),rhsMax =   4.12114786740858E-13  1.95855335199488E+00
 cg2d: Sum(rhs),rhsMax =   7.24753590475302E-13  1.95830254899360E+00
 cg2d: Sum(rhs),rhsMax =   8.81072992342524E-13  1.95805119180838E+00
 cg2d: Sum(rhs),rhsMax =   8.10018718766514E-13  1.95779928187433E+00
 cg2d: Sum(rhs),rhsMax =   7.81597009336110E-13  1.95754682062979E+00
 cg2d: Sum(rhs),rhsMax =   2.84217094304040E-13  1.95729380951715E+00
 cg2d: Sum(rhs),rhsMax =   9.52127265918534E-13  1.95704024998382E+00
 cg2d: Sum(rhs),rhsMax =   7.67386154620908E-13  1.95678614348284E+00
 cg2d: Sum(rhs),rhsMax =   5.11590769747272E-13  1.95653149147391E+00
 cg2d: Sum(rhs),rhsMax =   1.16529008664656E-12  1.95627629542389E+00
 cg2d: Sum(rhs),rhsMax =   5.25801624462474E-13  1.95602055680779E+00
 cg2d: Sum(rhs),rhsMax =   5.25801624462474E-13  1.95576427710913E+00
 cg2d: Sum(rhs),rhsMax =   6.67910171614494E-13  1.95550745782000E+00
 cg2d: Sum(rhs),rhsMax =   3.97903932025656E-13  1.95525010044306E+00
 cg2d: Sum(rhs),rhsMax =   5.54223333892878E-13  1.95499220649196E+00
 cg2d: Sum(rhs),rhsMax =  -1.42108547152020E-14  1.95473377749184E+00
 cg2d: Sum(rhs),rhsMax =   6.25277607468888E-13  1.95447481497951E+00
 cg2d: Sum(rhs),rhsMax =   1.02318153949454E-12  1.95421532050339E+00
 cg2d: Sum(rhs),rhsMax =   9.23705556488130E-13  1.95395529562391E+00
 cg2d: Sum(rhs),rhsMax =   3.83693077310454E-13  1.95369474191388E+00
 cg2d: Sum(rhs),rhsMax =   4.83169060316868E-13  1.95343366095896E+00
 cg2d: Sum(rhs),rhsMax =   7.95807864051312E-13  1.95317205435795E+00
 cg2d: Sum(rhs),rhsMax =   8.24229573481716E-13  1.95290992372285E+00
 cg2d: Sum(rhs),rhsMax =   4.68958205601666E-13  1.95264727067904E+00
 cg2d: Sum(rhs),rhsMax =   1.05160324892495E-12  1.95238409686525E+00
 cg2d: Sum(rhs),rhsMax =   7.38964445190504E-13  1.95212040393353E+00
 cg2d: Sum(rhs),rhsMax =   4.54747350886464E-13  1.95185619354920E+00
 cg2d: Sum(rhs),rhsMax =   9.80548975348938E-13  1.95159146739067E+00
 cg2d: Sum(rhs),rhsMax =   2.27373675443232E-13  1.95132622714929E+00
 cg2d: Sum(rhs),rhsMax =   5.11590769747272E-13  1.95106047452911E+00
 cg2d: Sum(rhs),rhsMax =   5.68434188608080E-13  1.95079421124660E+00
 cg2d: Sum(rhs),rhsMax =   9.52127265918534E-13  1.95052743903028E+00
 cg2d: Sum(rhs),rhsMax =   3.97903932025656E-13  1.95026015962039E+00
 cg2d: Sum(rhs),rhsMax =   7.38964445190504E-13  1.94999237476839E+00
 cg2d: Sum(rhs),rhsMax =   3.83693077310454E-13  1.94972408623658E+00
 cg2d: Sum(rhs),rhsMax =   2.84217094304040E-13  1.94945529579752E+00
 cg2d: Sum(rhs),rhsMax =   4.40536496171262E-13  1.94918600523358E+00
 cg2d: Sum(rhs),rhsMax =   8.81072992342524E-13  1.94891621633629E+00
 cg2d: Sum(rhs),rhsMax =   4.97379915032070E-13  1.94864593090579E+00
 cg2d: Sum(rhs),rhsMax =   2.84217094304040E-13  1.94837515075023E+00
 cg2d: Sum(rhs),rhsMax =   1.27897692436818E-13  1.94810387768510E+00
 cg2d: Sum(rhs),rhsMax =   4.12114786740858E-13  1.94783211353261E+00
 cg2d: Sum(rhs),rhsMax =   9.23705556488130E-13  1.94755986012104E+00
 cg2d: Sum(rhs),rhsMax =   7.38964445190504E-13  1.94728711928404E+00
 cg2d: Sum(rhs),rhsMax =   6.67910171614494E-13  1.94701389286003E+00
 cg2d: Sum(rhs),rhsMax =   9.52127265918534E-13  1.94674018269146E+00
 cg2d: Sum(rhs),rhsMax =   4.54747350886464E-13  1.94646599062426E+00
 cg2d: Sum(rhs),rhsMax =   5.96855898038484E-13  1.94619131850707E+00
 cg2d: Sum(rhs),rhsMax =   6.53699316899292E-13  1.94591616819072E+00
 cg2d: Sum(rhs),rhsMax =   6.53699316899292E-13  1.94564054152754E+00
 cg2d: Sum(rhs),rhsMax =   6.67910171614494E-13  1.94536444037075E+00
 cg2d: Sum(rhs),rhsMax =   6.11066752753686E-13  1.94508786657396E+00
 cg2d: Sum(rhs),rhsMax =   8.10018718766514E-13  1.94481082199053E+00
 cg2d: Sum(rhs),rhsMax =  -1.42108547152020E-14  1.94453330847307E+00
 cg2d: Sum(rhs),rhsMax =  -4.26325641456060E-14  1.94425532787295E+00
 cg2d: Sum(rhs),rhsMax =   6.11066752753686E-13  1.94397688203985E+00
(PID.TID 0000.0001) whio : write lev 2 rec   5
 cg2d: Sum(rhs),rhsMax =   8.66862137627322E-13  1.94369797282126E+00
 cg2d: Sum(rhs),rhsMax =   8.38440428196918E-13  1.94341860206214E+00
 cg2d: Sum(rhs),rhsMax =   7.24753590475302E-13  1.94313877160459E+00
 cg2d: Sum(rhs),rhsMax =   7.10542735760100E-13  1.94285848328739E+00
 cg2d: Sum(rhs),rhsMax =   2.84217094304040E-13  1.94257773894592E+00
 cg2d: Sum(rhs),rhsMax =   6.39488462184090E-13  1.94229654041174E+00
 cg2d: Sum(rhs),rhsMax =   6.53699316899292E-13  1.94201488951250E+00
 cg2d: Sum(rhs),rhsMax =   1.42108547152020E-13  1.94173278807173E+00
 cg2d: Sum(rhs),rhsMax =   5.11590769747272E-13  1.94145023790879E+00
 cg2d: Sum(rhs),rhsMax =   2.84217094304040E-13  1.94116724083870E+00
 cg2d: Sum(rhs),rhsMax =   4.83169060316868E-13  1.94088379867222E+00
 cg2d: Sum(rhs),rhsMax =   3.41060513164848E-13  1.94059991321575E+00
 cg2d: Sum(rhs),rhsMax =   4.26325641456060E-13  1.94031558627149E+00
 cg2d: Sum(rhs),rhsMax =   7.81597009336110E-13  1.94003081963746E+00
 cg2d: Sum(rhs),rhsMax =   8.52651282912120E-14  1.93974561510767E+00
 cg2d: Sum(rhs),rhsMax =   1.02318153949454E-12  1.93945997447226E+00
 cg2d: Sum(rhs),rhsMax =   5.11590769747272E-13  1.93917389951769E+00
 cg2d: Sum(rhs),rhsMax =   5.54223333892878E-13  1.93888739202708E+00
 cg2d: Sum(rhs),rhsMax =   7.81597009336110E-13  1.93860045378034E+00
 cg2d: Sum(rhs),rhsMax =   5.25801624462474E-13  1.93831308655456E+00
 cg2d: Sum(rhs),rhsMax =   4.12114786740858E-13  1.93802529212428E+00
 cg2d: Sum(rhs),rhsMax =   1.42108547152020E-13  1.93773707226191E+00
 cg2d: Sum(rhs),rhsMax =   3.83693077310454E-13  1.93744842873804E+00
 cg2d: Sum(rhs),rhsMax =   8.24229573481716E-13  1.93715936332187E+00
 cg2d: Sum(rhs),rhsMax =   9.09494701772928E-13  1.93686987778160E+00
 cg2d: Sum(rhs),rhsMax =   7.67386154620908E-13  1.93657997388481E+00
 cg2d: Sum(rhs),rhsMax =   1.84741111297626E-13  1.93628965339906E+00
 cg2d: Sum(rhs),rhsMax =   7.10542735760100E-13  1.93599891809210E+00
 cg2d: Sum(rhs),rhsMax =   6.11066752753686E-13  1.93570776973251E+00
 cg2d: Sum(rhs),rhsMax =   8.38440428196918E-13  1.93541621009003E+00
 cg2d: Sum(rhs),rhsMax =   5.25801624462474E-13  1.93512424093609E+00
 cg2d: Sum(rhs),rhsMax =   6.39488462184090E-13  1.93483186404424E+00
 cg2d: Sum(rhs),rhsMax =   1.00897068477934E-12  1.93453908119057E+00
 cg2d: Sum(rhs),rhsMax =   3.97903932025656E-13  1.93424589415416E+00
 cg2d: Sum(rhs),rhsMax =   4.83169060316868E-13  1.93395230471752E+00
 cg2d: Sum(rhs),rhsMax =   9.37916411203332E-13  1.93365831466701E+00
 cg2d: Sum(rhs),rhsMax =   3.83693077310454E-13  1.93336392579320E+00
 cg2d: Sum(rhs),rhsMax =   2.27373675443232E-13  1.93306913989130E+00
 cg2d: Sum(rhs),rhsMax =   1.09423581307055E-12  1.93277395876149E+00
 cg2d: Sum(rhs),rhsMax =   6.39488462184090E-13  1.93247838420931E+00
 cg2d: Sum(rhs),rhsMax =   6.39488462184090E-13  1.93218241804590E+00
 cg2d: Sum(rhs),rhsMax =   5.68434188608080E-13  1.93188606208839E+00
 cg2d: Sum(rhs),rhsMax =   8.38440428196918E-13  1.93158931816012E+00
 cg2d: Sum(rhs),rhsMax =   7.53175299905706E-13  1.93129218809088E+00
 cg2d: Sum(rhs),rhsMax =   1.27897692436818E-13  1.93099467371713E+00
 cg2d: Sum(rhs),rhsMax =   8.52651282912120E-13  1.93069677688223E+00
 cg2d: Sum(rhs),rhsMax =   9.52127265918534E-13  1.93039849943654E+00
 cg2d: Sum(rhs),rhsMax =   6.39488462184090E-13  1.93009984323759E+00
 cg2d: Sum(rhs),rhsMax =   6.67910171614494E-13  1.92980081015016E+00
 cg2d: Sum(rhs),rhsMax =   6.39488462184090E-13  1.92950140204634E+00
 cg2d: Sum(rhs),rhsMax =   5.25801624462474E-13  1.92920162080559E+00
 cg2d: Sum(rhs),rhsMax =   6.96331881044898E-13  1.92890146831472E+00
 cg2d: Sum(rhs),rhsMax =   2.98427949019242E-13  1.92860094646788E+00
 cg2d: Sum(rhs),rhsMax =   8.81072992342524E-13  1.92830005716652E+00
 cg2d: Sum(rhs),rhsMax =   6.11066752753686E-13  1.92799880231927E+00
 cg2d: Sum(rhs),rhsMax =   5.54223333892878E-13  1.92769718384186E+00
 cg2d: Sum(rhs),rhsMax =   6.67910171614494E-13  1.92739520365697E+00
 cg2d: Sum(rhs),rhsMax =   4.97379915032070E-13  1.92709286369405E+00
 cg2d: Sum(rhs),rhsMax =   5.68434188608080E-13  1.92687610148430E+00
 cg2d: Sum(rhs),rhsMax =   3.83693077310454E-13  1.92700113371436E+00
 cg2d: Sum(rhs),rhsMax =   4.68958205601666E-13  1.92712564506751E+00
 cg2d: Sum(rhs),rhsMax =   6.82121026329696E-13  1.92724963512089E+00
 cg2d: Sum(rhs),rhsMax =   6.96331881044898E-13  1.92737310345423E+00
 cg2d: Sum(rhs),rhsMax =   7.95807864051312E-13  1.92749604964945E+00
 cg2d: Sum(rhs),rhsMax =   6.67910171614494E-13  1.92761847329006E+00
 cg2d: Sum(rhs),rhsMax =   2.70006239588838E-13  1.92774037396074E+00
 cg2d: Sum(rhs),rhsMax =   3.97903932025656E-13  1.92786175124701E+00
 cg2d: Sum(rhs),rhsMax =   4.26325641456060E-13  1.92798260473467E+00
 cg2d: Sum(rhs),rhsMax =   5.68434188608080E-14  1.92810293400958E+00
 cg2d: Sum(rhs),rhsMax =   5.54223333892878E-13  1.92822273865721E+00
 cg2d: Sum(rhs),rhsMax =   8.52651282912120E-13  1.92834201826242E+00
 cg2d: Sum(rhs),rhsMax =   5.40012479177676E-13  1.92846077240915E+00
(PID.TID 0000.0001) whio : write lev 2 rec   6
 cg2d: Sum(rhs),rhsMax =   4.12114786740858E-13  1.92857900068019E+00
 cg2d: Sum(rhs),rhsMax =   5.54223333892878E-13  1.92869670265704E+00
 cg2d: Sum(rhs),rhsMax =   3.41060513164848E-13  1.92881387791971E+00
 cg2d: Sum(rhs),rhsMax =   1.09423581307055E-12  1.92893052604666E+00
 cg2d: Sum(rhs),rhsMax =   3.12638803734444E-13  1.92904664661470E+00
 cg2d: Sum(rhs),rhsMax =   5.40012479177676E-13  1.92916223919901E+00
 cg2d: Sum(rhs),rhsMax =   2.98427949019242E-13  1.92927730337316E+00
 cg2d: Sum(rhs),rhsMax =   6.39488462184090E-13  1.92939183870915E+00
 cg2d: Sum(rhs),rhsMax =   4.97379915032070E-13  1.92950584477758E+00
 cg2d: Sum(rhs),rhsMax =   8.95283847057726E-13  1.92961932114758E+00
 cg2d: Sum(rhs),rhsMax =   8.95283847057726E-13  1.92973226738738E+00
 cg2d: Sum(rhs),rhsMax =   5.68434188608080E-13  1.92984468306405E+00
 cg2d: Sum(rhs),rhsMax =   2.98427949019242E-13  1.92995656774445E+00
 cg2d: Sum(rhs),rhsMax =   5.40012479177676E-13  1.93006792099529E+00
 cg2d: Sum(rhs),rhsMax =   6.39488462184090E-13  1.93017874238343E+00
 cg2d: Sum(rhs),rhsMax =   1.02318153949454E-12  1.93028903147606E+00
 cg2d: Sum(rhs),rhsMax =   4.97379915032070E-13  1.93039878784116E+00
 cg2d: Sum(rhs),rhsMax =   3.26849658449646E-13  1.93050801104787E+00
 cg2d: Sum(rhs),rhsMax =   6.67910171614494E-13  1.93061670066704E+00
 cg2d: Sum(rhs),rhsMax =   5.25801624462474E-13  1.93072485627181E+00
 cg2d: Sum(rhs),rhsMax =   2.27373675443232E-13  1.93083247743803E+00
 cg2d: Sum(rhs),rhsMax =   8.38440428196918E-13  1.93093956374486E+00
 cg2d: Sum(rhs),rhsMax =   7.67386154620908E-13  1.93104611477529E+00
 cg2d: Sum(rhs),rhsMax =   6.67910171614494E-13  1.93115213011663E+00
 cg2d: Sum(rhs),rhsMax =   1.22213350550737E-12  1.93125760936110E+00
 cg2d: Sum(rhs),rhsMax =   3.12638803734444E-13  1.93136255210162E+00
 cg2d: Sum(rhs),rhsMax =   3.97903932025656E-13  1.93146695794174E+00
 cg2d: Sum(rhs),rhsMax =   1.70530256582424E-13  1.93157082649017E+00
 cg2d: Sum(rhs),rhsMax =   4.26325641456060E-14  1.93167415737075E+00
 cg2d: Sum(rhs),rhsMax =   6.25277607468888E-13  1.93177695021354E+00
 cg2d: Sum(rhs),rhsMax =   1.09423581307055E-12  1.93187920465270E+00
 cg2d: Sum(rhs),rhsMax =   8.81072992342524E-13  1.93198092032812E+00
 cg2d: Sum(rhs),rhsMax =   6.25277607468888E-13  1.93208209688792E+00
 cg2d: Sum(rhs),rhsMax =   8.10018718766514E-13  1.93218273399017E+00
 cg2d: Sum(rhs),rhsMax =   3.55271367880050E-13  1.93228283130393E+00
 cg2d: Sum(rhs),rhsMax =   7.53175299905706E-13  1.93238238850931E+00
 cg2d: Sum(rhs),rhsMax =   7.81597009336110E-13  1.93248140529762E+00
 cg2d: Sum(rhs),rhsMax =   5.68434188608080E-13  1.93257988137149E+00
 cg2d: Sum(rhs),rhsMax =   6.39488462184090E-13  1.93267781644492E+00
 cg2d: Sum(rhs),rhsMax =   3.55271367880050E-13  1.93277521024356E+00
 cg2d: Sum(rhs),rhsMax =   7.67386154620908E-13  1.93287206250491E+00
 cg2d: Sum(rhs),rhsMax =   8.10018718766514E-13  1.93296837297858E+00
 cg2d: Sum(rhs),rhsMax =   8.81072992342524E-13  1.93306414142636E+00
 cg2d: Sum(rhs),rhsMax =   5.40012479177676E-13  1.93315936762238E+00
 cg2d: Sum(rhs),rhsMax =   4.54747350886464E-13  1.93325405135327E+00
 cg2d: Sum(rhs),rhsMax =   5.40012479177676E-13  1.93334819241804E+00
 cg2d: Sum(rhs),rhsMax =   5.40012479177676E-13  1.93344179062820E+00
 cg2d: Sum(rhs),rhsMax =   1.02318153949454E-12  1.93353484580756E+00
 cg2d: Sum(rhs),rhsMax =   4.26325641456060E-13  1.93362735779224E+00
 cg2d: Sum(rhs),rhsMax =   5.25801624462474E-13  1.93371932643040E+00
 cg2d: Sum(rhs),rhsMax =   8.95283847057726E-13  1.93381075158211E+00
 cg2d: Sum(rhs),rhsMax =   9.37916411203332E-13  1.93390163311906E+00
 cg2d: Sum(rhs),rhsMax =   7.38964445190504E-13  1.93399197092435E+00
 cg2d: Sum(rhs),rhsMax =   7.95807864051312E-13  1.93408176489211E+00
 cg2d: Sum(rhs),rhsMax =   5.54223333892878E-13  1.93417101492726E+00
 cg2d: Sum(rhs),rhsMax =   5.54223333892878E-13  1.93425972094508E+00
 cg2d: Sum(rhs),rhsMax =   6.25277607468888E-13  1.93434788287089E+00
 cg2d: Sum(rhs),rhsMax =   9.66338120633736E-13  1.93443550063950E+00
 cg2d: Sum(rhs),rhsMax =   5.25801624462474E-13  1.93452257419497E+00
 cg2d: Sum(rhs),rhsMax =   5.11590769747272E-13  1.93460910348989E+00
 cg2d: Sum(rhs),rhsMax =   3.12638803734444E-13  1.93469508848506E+00
 cg2d: Sum(rhs),rhsMax =   3.12638803734444E-13  1.93478052914887E+00
 cg2d: Sum(rhs),rhsMax =   9.94759830064140E-13  1.93486542545689E+00
 cg2d: Sum(rhs),rhsMax =   8.52651282912120E-13  1.93494977739110E+00
 cg2d: Sum(rhs),rhsMax =   3.55271367880050E-13  1.93503358493964E+00
 cg2d: Sum(rhs),rhsMax =   1.13686837721616E-13  1.93511684809590E+00
 cg2d: Sum(rhs),rhsMax =   9.94759830064140E-13  1.93519956685836E+00
 cg2d: Sum(rhs),rhsMax =   6.67910171614494E-13  1.93528174122961E+00
 cg2d: Sum(rhs),rhsMax =   8.24229573481716E-13  1.93536337121621E+00
 cg2d: Sum(rhs),rhsMax =   2.98427949019242E-13  1.93544445682779E+00
 cg2d: Sum(rhs),rhsMax =   3.97903932025656E-13  1.93552499796900E+00
 cg2d: Sum(rhs),rhsMax =   7.95807864051312E-13  1.93560499479069E+00
(PID.TID 0000.0001) whio : write lev 2 rec   7
 cg2d: Sum(rhs),rhsMax =   1.27897692436818E-13  1.93568444737698E+00
 cg2d: Sum(rhs),rhsMax =   7.81597009336110E-13  1.93576335576302E+00
 cg2d: Sum(rhs),rhsMax =   5.40012479177676E-13  1.93584171998263E+00
 cg2d: Sum(rhs),rhsMax =   2.84217094304040E-14  1.93591954008288E+00
 cg2d: Sum(rhs),rhsMax =   6.53699316899292E-13  1.93599681612239E+00
 cg2d: Sum(rhs),rhsMax =   1.02318153949454E-12  1.93607354816512E+00
 cg2d: Sum(rhs),rhsMax =   9.23705556488130E-13  1.93614973627774E+00
 cg2d: Sum(rhs),rhsMax =   5.54223333892878E-13  1.93622538052791E+00
 cg2d: Sum(rhs),rhsMax =   2.27373675443232E-13  1.93630048098436E+00
 cg2d: Sum(rhs),rhsMax =   1.70530256582424E-13  1.93637503771553E+00
 cg2d: Sum(rhs),rhsMax =   4.97379915032070E-13  1.93644905078979E+00
 cg2d: Sum(rhs),rhsMax =   8.24229573481716E-13  1.93652251169385E+00
 cg2d: Sum(rhs),rhsMax =   1.08002495835535E-12  1.93659543359246E+00
 cg2d: Sum(rhs),rhsMax =   7.95807864051312E-13  1.93666781768051E+00
 cg2d: Sum(rhs),rhsMax =   1.08002495835535E-12  1.93673966201107E+00
 cg2d: Sum(rhs),rhsMax =   1.25055521493778E-12  1.93681096581305E+00
 cg2d: Sum(rhs),rhsMax =  -9.94759830064140E-14  1.93688172959505E+00
 cg2d: Sum(rhs),rhsMax =   5.54223333892878E-13  1.93695195439423E+00
 cg2d: Sum(rhs),rhsMax =   6.53699316899292E-13  1.93702164125369E+00
 cg2d: Sum(rhs),rhsMax =   4.83169060316868E-13  1.93709079108833E+00
 cg2d: Sum(rhs),rhsMax =  -5.68434188608080E-14  1.93715940471913E+00
 cg2d: Sum(rhs),rhsMax =   1.09423581307055E-12  1.93722748290715E+00
 cg2d: Sum(rhs),rhsMax =   1.27897692436818E-13  1.93729502636536E+00
 cg2d: Sum(rhs),rhsMax =   4.68958205601666E-13  1.93736203575613E+00
 cg2d: Sum(rhs),rhsMax =   6.67910171614494E-13  1.93742851169049E+00
 cg2d: Sum(rhs),rhsMax =   9.94759830064140E-13  1.93749445472399E+00
 cg2d: Sum(rhs),rhsMax =   7.38964445190504E-13  1.93755986535686E+00
 cg2d: Sum(rhs),rhsMax =   6.53699316899292E-13  1.93762474403071E+00
 cg2d: Sum(rhs),rhsMax =   7.38964445190504E-13  1.93768909113016E+00
 cg2d: Sum(rhs),rhsMax =   8.24229573481716E-13  1.93775290698057E+00
 cg2d: Sum(rhs),rhsMax =   8.52651282912120E-13  1.93781619185125E+00
 cg2d: Sum(rhs),rhsMax =   4.40536496171262E-13  1.93787894595389E+00
 cg2d: Sum(rhs),rhsMax =   5.68434188608080E-13  1.93794116944683E+00
 cg2d: Sum(rhs),rhsMax =   9.80548975348938E-13  1.93800286243341E+00
 cg2d: Sum(rhs),rhsMax =   5.11590769747272E-13  1.93806402496656E+00
 cg2d: Sum(rhs),rhsMax =  -1.42108547152020E-14  1.93812465704672E+00
 cg2d: Sum(rhs),rhsMax =   5.54223333892878E-13  1.93818475862697E+00
 cg2d: Sum(rhs),rhsMax =   6.11066752753686E-13  1.93824432961091E+00
 cg2d: Sum(rhs),rhsMax =   5.25801624462474E-13  1.93830336985914E+00
 cg2d: Sum(rhs),rhsMax =   1.12265752250096E-12  1.93836116343534E+00
 cg2d: Sum(rhs),rhsMax =   6.67910171614494E-13  1.93841858679415E+00
 cg2d: Sum(rhs),rhsMax =   5.25801624462474E-13  1.93847548289626E+00
 cg2d: Sum(rhs),rhsMax =   1.29318777908338E-12  1.93853178962154E+00
 cg2d: Sum(rhs),rhsMax =   5.40012479177676E-13  1.93858751051185E+00
 cg2d: Sum(rhs),rhsMax =   4.40536496171262E-13  1.93864264011163E+00
 cg2d: Sum(rhs),rhsMax =   9.37916411203332E-13  1.93869716729260E+00
 cg2d: Sum(rhs),rhsMax =   7.53175299905706E-13  1.93875108139117E+00
 cg2d: Sum(rhs),rhsMax =   8.66862137627322E-13  1.93880437252944E+00
 cg2d: Sum(rhs),rhsMax =   1.05160324892495E-12  1.93885703130016E+00
 cg2d: Sum(rhs),rhsMax =   8.24229573481716E-13  1.93890904881964E+00
 cg2d: Sum(rhs),rhsMax =   6.11066752753686E-13  1.93896041688417E+00
 cg2d: Sum(rhs),rhsMax =   5.54223333892878E-13  1.93901112805822E+00
 cg2d: Sum(rhs),rhsMax =   1.00897068477934E-12  1.93906117574886E+00
 cg2d: Sum(rhs),rhsMax =   3.97903932025656E-13  1.93911055423857E+00
 cg2d: Sum(rhs),rhsMax =   2.41584530158434E-13  1.93915925873645E+00
 cg2d: Sum(rhs),rhsMax =   2.70006239588838E-13  1.93920728539145E+00
 cg2d: Sum(rhs),rhsMax =   5.54223333892878E-13  1.93925463133149E+00
 cg2d: Sum(rhs),rhsMax =   6.82121026329696E-13  1.93930129465817E+00
 cg2d: Sum(rhs),rhsMax =   9.66338120633736E-13  1.93934727447466E+00
 cg2d: Sum(rhs),rhsMax =   8.24229573481716E-13  1.93939257086097E+00
 cg2d: Sum(rhs),rhsMax =   6.67910171614494E-13  1.93943718489079E+00
 cg2d: Sum(rhs),rhsMax =   7.67386154620908E-13  1.93948111858592E+00
 cg2d: Sum(rhs),rhsMax =   7.53175299905706E-13  1.93952437492326E+00
 cg2d: Sum(rhs),rhsMax =   8.38440428196918E-13  1.93956695776773E+00
 cg2d: Sum(rhs),rhsMax =   5.68434188608080E-13  1.93960887187230E+00
 cg2d: Sum(rhs),rhsMax =   6.25277607468888E-13  1.93965012279035E+00
 cg2d: Sum(rhs),rhsMax =   6.67910171614494E-13  1.93969071687276E+00
 cg2d: Sum(rhs),rhsMax =   5.96855898038484E-13  1.93973066116090E+00
 cg2d: Sum(rhs),rhsMax =   5.25801624462474E-13  1.93976996338456E+00
 cg2d: Sum(rhs),rhsMax =   3.83693077310454E-13  1.93980863183583E+00
 cg2d: Sum(rhs),rhsMax =   8.24229573481716E-13  1.93984667537096E+00
 cg2d: Sum(rhs),rhsMax =   5.96855898038484E-13  1.93988410326446E+00
(PID.TID 0000.0001) whio : write lev 2 rec   8
 cg2d: Sum(rhs),rhsMax =   6.25277607468888E-13  1.93992092521800E+00
 cg2d: Sum(rhs),rhsMax =   4.68958205601666E-13  1.93995715119424E+00
 cg2d: Sum(rhs),rhsMax =   7.95807864051312E-13  1.93999279143648E+00
 cg2d: Sum(rhs),rhsMax =   6.53699316899292E-13  1.94002785628253E+00
 cg2d: Sum(rhs),rhsMax =   7.81597009336110E-13  1.94006235619946E+00
 cg2d: Sum(rhs),rhsMax =   7.38964445190504E-13  1.94009630157862E+00
 cg2d: Sum(rhs),rhsMax =   2.84217094304040E-13  1.94012970278949E+00
 cg2d: Sum(rhs),rhsMax =   1.84741111297626E-13  1.94016256995743E+00
 cg2d: Sum(rhs),rhsMax =   4.26325641456060E-13  1.94019491304034E+00
 cg2d: Sum(rhs),rhsMax =   3.41060513164848E-13  1.94022674159075E+00
 cg2d: Sum(rhs),rhsMax =   8.52651282912120E-13  1.94025806485796E+00
 cg2d: Sum(rhs),rhsMax =   3.83693077310454E-13  1.94028889153693E+00
 cg2d: Sum(rhs),rhsMax =   8.95283847057726E-13  1.94031922989731E+00
 cg2d: Sum(rhs),rhsMax =   5.82645043323282E-13  1.94034908752220E+00
 cg2d: Sum(rhs),rhsMax =   6.25277607468888E-13  1.94037847146433E+00
 cg2d: Sum(rhs),rhsMax =   3.12638803734444E-13  1.94040738797853E+00
 cg2d: Sum(rhs),rhsMax =   2.41584530158434E-13  1.94043584270412E+00
 cg2d: Sum(rhs),rhsMax =   9.23705556488130E-13  1.94046384039521E+00
 cg2d: Sum(rhs),rhsMax =   6.82121026329696E-13  1.94049138512743E+00
 cg2d: Sum(rhs),rhsMax =   8.52651282912120E-13  1.94051848003052E+00
 cg2d: Sum(rhs),rhsMax =   5.68434188608080E-13  1.94054512751653E+00
 cg2d: Sum(rhs),rhsMax =   3.97903932025656E-13  1.94057132901895E+00
 cg2d: Sum(rhs),rhsMax =   1.22213350550737E-12  1.94059708523934E+00
 cg2d: Sum(rhs),rhsMax =   1.05160324892495E-12  1.94062239589643E+00
 cg2d: Sum(rhs),rhsMax =   3.41060513164848E-13  1.94064725998815E+00
 cg2d: Sum(rhs),rhsMax =   1.42108547152020E-12  1.94067167555342E+00
 cg2d: Sum(rhs),rhsMax =   9.66338120633736E-13  1.94069563994651E+00
 cg2d: Sum(rhs),rhsMax =   8.24229573481716E-13  1.94071914961327E+00
 cg2d: Sum(rhs),rhsMax =   8.24229573481716E-13  1.94074220037518E+00
 cg2d: Sum(rhs),rhsMax =   4.54747350886464E-13  1.94076478722064E+00
 cg2d: Sum(rhs),rhsMax =   1.02318153949454E-12  1.94078690459617E+00
 cg2d: Sum(rhs),rhsMax =   1.30739863379858E-12  1.94080854621254E+00
 cg2d: Sum(rhs),rhsMax =   7.24753590475302E-13  1.94082970534094E+00
 cg2d: Sum(rhs),rhsMax =   6.67910171614494E-13  1.94085037463258E+00
 cg2d: Sum(rhs),rhsMax =   9.09494701772928E-13  1.94087054641802E+00
 cg2d: Sum(rhs),rhsMax =   7.10542735760100E-13  1.94089021253814E+00
 cg2d: Sum(rhs),rhsMax =   7.10542735760100E-13  1.94090936464498E+00
 cg2d: Sum(rhs),rhsMax =   7.10542735760100E-13  1.94092799404148E+00
 cg2d: Sum(rhs),rhsMax =   7.10542735760100E-13  1.94094609198245E+00
 cg2d: Sum(rhs),rhsMax =   5.54223333892878E-13  1.94096364951987E+00
 cg2d: Sum(rhs),rhsMax =   3.97903932025656E-13  1.94098065780312E+00
 cg2d: Sum(rhs),rhsMax =   7.81597009336110E-13  1.94099710792622E+00
 cg2d: Sum(rhs),rhsMax =   8.24229573481716E-13  1.94101299122661E+00
 cg2d: Sum(rhs),rhsMax =   7.95807864051312E-13  1.94102829913073E+00
 cg2d: Sum(rhs),rhsMax =   7.81597009336110E-13  1.94104302345069E+00
 cg2d: Sum(rhs),rhsMax =   9.80548975348938E-13  1.94105715622447E+00
 cg2d: Sum(rhs),rhsMax =   7.38964445190504E-13  1.94107069001026E+00
 cg2d: Sum(rhs),rhsMax =   1.16529008664656E-12  1.94108361771747E+00
 cg2d: Sum(rhs),rhsMax =   5.11590769747272E-13  1.94109593289848E+00
 cg2d: Sum(rhs),rhsMax =   7.24753590475302E-13  1.94110762956690E+00
 cg2d: Sum(rhs),rhsMax =   3.55271367880050E-13  1.94111870248684E+00
 cg2d: Sum(rhs),rhsMax =   2.70006239588838E-13  1.94112914697502E+00
 cg2d: Sum(rhs),rhsMax =   5.68434188608080E-13  1.94113895918766E+00
 cg2d: Sum(rhs),rhsMax =   1.56319401867222E-13  1.94114813590362E+00
 cg2d: Sum(rhs),rhsMax =   3.26849658449646E-13  1.94115667480914E+00
 cg2d: Sum(rhs),rhsMax =   3.12638803734444E-13  1.94116457425968E+00
 cg2d: Sum(rhs),rhsMax =   7.10542735760100E-14  1.94117183356294E+00
 cg2d: Sum(rhs),rhsMax =   4.40536496171262E-13  1.94117845271777E+00
 cg2d: Sum(rhs),rhsMax =   5.11590769747272E-13  1.94118443269579E+00
 cg2d: Sum(rhs),rhsMax =   6.11066752753686E-13  1.94118977515658E+00
 cg2d: Sum(rhs),rhsMax =   1.22213350550737E-12  1.94119448272845E+00
 cg2d: Sum(rhs),rhsMax =   6.25277607468888E-13  1.94119855869946E+00
 cg2d: Sum(rhs),rhsMax =   6.67910171614494E-13  1.94120200729824E+00
 cg2d: Sum(rhs),rhsMax =   3.12638803734444E-13  1.94120483336107E+00
 cg2d: Sum(rhs),rhsMax =   7.24753590475302E-13  1.94120704261354E+00
 cg2d: Sum(rhs),rhsMax =   7.24753590475302E-13  1.94120864131468E+00
 cg2d: Sum(rhs),rhsMax =   1.06581410364015E-12  1.94120963654010E+00
 cg2d: Sum(rhs),rhsMax =   8.95283847057726E-13  1.94121003580504E+00
 cg2d: Sum(rhs),rhsMax =   2.27373675443232E-13  1.94120984734949E+00
 cg2d: Sum(rhs),rhsMax =   1.10844666778576E-12  1.94120907974249E+00
 cg2d: Sum(rhs),rhsMax =   1.13686837721616E-12  1.94120774216975E+00
 cg2d: Sum(rhs),rhsMax =   9.37916411203332E-13  1.94120584402202E+00
(PID.TID 0000.0001) whio : write lev 2 rec   9
 cg2d: Sum(rhs),rhsMax =   8.95283847057726E-13  1.94120339518581E+00
 cg2d: Sum(rhs),rhsMax =   8.81072992342524E-13  1.94120040561900E+00
 cg2d: Sum(rhs),rhsMax =   8.52651282912120E-13  1.94119688564505E+00
 cg2d: Sum(rhs),rhsMax =   1.10844666778576E-12  1.94119284551939E+00
 cg2d: Sum(rhs),rhsMax =   9.52127265918534E-13  1.94118829572765E+00
 cg2d: Sum(rhs),rhsMax =   8.38440428196918E-13  1.94118324654636E+00
 cg2d: Sum(rhs),rhsMax =   1.09423581307055E-12  1.94117770834563E+00
 cg2d: Sum(rhs),rhsMax =   1.05160324892495E-12  1.94117169114801E+00
 cg2d: Sum(rhs),rhsMax =   5.54223333892878E-13  1.94116520493582E+00
 cg2d: Sum(rhs),rhsMax =   1.06581410364015E-12  1.94115825921185E+00
 cg2d: Sum(rhs),rhsMax =   3.26849658449646E-13  1.94115086331163E+00
 cg2d: Sum(rhs),rhsMax =   4.40536496171262E-13  1.94114302596958E+00
 cg2d: Sum(rhs),rhsMax =   9.37916411203332E-13  1.94113475563624E+00
 cg2d: Sum(rhs),rhsMax =   6.39488462184090E-13  1.94112606005325E+00
 cg2d: Sum(rhs),rhsMax =   6.39488462184090E-13  1.94111694657550E+00
 cg2d: Sum(rhs),rhsMax =   3.41060513164848E-13  1.94110742175801E+00
 cg2d: Sum(rhs),rhsMax =   5.96855898038484E-13  1.94109749168279E+00
 cg2d: Sum(rhs),rhsMax =   6.11066752753686E-13  1.94108716156025E+00
 cg2d: Sum(rhs),rhsMax =   9.23705556488130E-13  1.94107643606052E+00
 cg2d: Sum(rhs),rhsMax =   2.84217094304040E-14  1.94106531893151E+00
 cg2d: Sum(rhs),rhsMax =   7.24753590475302E-13  1.94105381333430E+00
 cg2d: Sum(rhs),rhsMax =   9.37916411203332E-13  1.94104192147948E+00
 cg2d: Sum(rhs),rhsMax =   3.12638803734444E-13  1.94102964496613E+00
 cg2d: Sum(rhs),rhsMax =   7.10542735760100E-14  1.94101698443735E+00
 cg2d: Sum(rhs),rhsMax =   7.24753590475302E-13  1.94100393992248E+00
 cg2d: Sum(rhs),rhsMax =   7.67386154620908E-13  1.94099051051206E+00
 cg2d: Sum(rhs),rhsMax =   6.39488462184090E-13  1.94097669470278E+00
 cg2d: Sum(rhs),rhsMax =   4.97379915032070E-13  1.94096249009167E+00
 cg2d: Sum(rhs),rhsMax =   6.25277607468888E-13  1.94094789372318E+00
 cg2d: Sum(rhs),rhsMax =   3.83693077310454E-13  1.94093290180158E+00
 cg2d: Sum(rhs),rhsMax =   4.83169060316868E-13  1.94091751003989E+00
 cg2d: Sum(rhs),rhsMax =   7.10542735760100E-13  1.94090171338886E+00
 cg2d: Sum(rhs),rhsMax =   6.53699316899292E-13  1.94088550638725E+00
 cg2d: Sum(rhs),rhsMax =   5.68434188608080E-13  1.94086888290535E+00
 cg2d: Sum(rhs),rhsMax =  -1.27897692436818E-13  1.94085183649623E+00
 cg2d: Sum(rhs),rhsMax =   7.81597009336110E-13  1.94083436015121E+00
 cg2d: Sum(rhs),rhsMax =   8.95283847057726E-13  1.94081644665179E+00
 cg2d: Sum(rhs),rhsMax =   6.67910171614494E-13  1.94079808833404E+00
 cg2d: Sum(rhs),rhsMax =   2.55795384873636E-13  1.94077927744093E+00
 cg2d: Sum(rhs),rhsMax =   4.83169060316868E-13  1.94076000589250E+00
 cg2d: Sum(rhs),rhsMax =   6.25277607468888E-13  1.94074026563829E+00
 cg2d: Sum(rhs),rhsMax =   5.96855898038484E-13  1.94072004842983E+00
 cg2d: Sum(rhs),rhsMax =   4.54747350886464E-13  1.94069934617308E+00
 cg2d: Sum(rhs),rhsMax =   3.26849658449646E-13  1.94067815069971E+00
 cg2d: Sum(rhs),rhsMax =   2.98427949019242E-13  1.94065645411944E+00
 cg2d: Sum(rhs),rhsMax =   6.82121026329696E-13  1.94063424858662E+00
 cg2d: Sum(rhs),rhsMax =   1.06581410364015E-12  1.94061152665241E+00
 cg2d: Sum(rhs),rhsMax =   8.95283847057726E-13  1.94058828102344E+00
 cg2d: Sum(rhs),rhsMax =   8.95283847057726E-13  1.94056450491364E+00
 cg2d: Sum(rhs),rhsMax =   5.82645043323282E-13  1.94054019179215E+00
 cg2d: Sum(rhs),rhsMax =   5.54223333892878E-13  1.94051533573455E+00
 cg2d: Sum(rhs),rhsMax =   7.95807864051312E-13  1.94048993115748E+00
 cg2d: Sum(rhs),rhsMax =   6.67910171614494E-13  1.94046397316928E+00
 cg2d: Sum(rhs),rhsMax =   8.38440428196918E-13  1.94043745728888E+00
 cg2d: Sum(rhs),rhsMax =   8.10018718766514E-13  1.94041037979603E+00
 cg2d: Sum(rhs),rhsMax =   2.13162820728030E-13  1.94038273743277E+00
 cg2d: Sum(rhs),rhsMax =   7.53175299905706E-13  1.94035452775302E+00
 cg2d: Sum(rhs),rhsMax =   9.66338120633736E-13  1.94032574880570E+00
 cg2d: Sum(rhs),rhsMax =   1.98951966012828E-13  1.94029639948347E+00
 cg2d: Sum(rhs),rhsMax =   9.37916411203332E-13  1.94026647918693E+00
 cg2d: Sum(rhs),rhsMax =   6.96331881044898E-13  1.94023598817269E+00
 cg2d: Sum(rhs),rhsMax =   4.54747350886464E-13  1.94020492719833E+00
 cg2d: Sum(rhs),rhsMax =   1.98951966012828E-13  1.94017329786992E+00
 cg2d: Sum(rhs),rhsMax =   7.24753590475302E-13  1.94014110226852E+00
 cg2d: Sum(rhs),rhsMax =   4.68958205601666E-13  1.94010834329681E+00
 cg2d: Sum(rhs),rhsMax =   4.54747350886464E-13  1.94007502428838E+00
 cg2d: Sum(rhs),rhsMax =   4.26325641456060E-13  1.94004114935350E+00
 cg2d: Sum(rhs),rhsMax =   6.82121026329696E-13  1.94000672297286E+00
 cg2d: Sum(rhs),rhsMax =   4.26325641456060E-13  1.93997175034236E+00
 cg2d: Sum(rhs),rhsMax =   5.54223333892878E-13  1.93993623695353E+00
 cg2d: Sum(rhs),rhsMax =   5.68434188608080E-13  1.93990018893717E+00
 cg2d: Sum(rhs),rhsMax =   7.38964445190504E-13  1.93986361263304E+00
(PID.TID 0000.0001) whio : write lev 2 rec  10
 cg2d: Sum(rhs),rhsMax =   8.10018718766514E-13  1.93982651493238E+00
 cg2d: Sum(rhs),rhsMax =   1.08002495835535E-12  1.93978890283956E+00
 cg2d: Sum(rhs),rhsMax =   6.96331881044898E-13  1.93975078381346E+00
 cg2d: Sum(rhs),rhsMax =   3.41060513164848E-13  1.93971216532422E+00
 cg2d: Sum(rhs),rhsMax =   7.67386154620908E-13  1.93967305519333E+00
 cg2d: Sum(rhs),rhsMax =   2.41584530158434E-13  1.93963346114863E+00
 cg2d: Sum(rhs),rhsMax =   3.26849658449646E-13  1.93959339116309E+00
 cg2d: Sum(rhs),rhsMax =   5.54223333892878E-13  1.93955285301135E+00
 cg2d: Sum(rhs),rhsMax =   8.10018718766514E-13  1.93951185460701E+00
 cg2d: Sum(rhs),rhsMax =   6.25277607468888E-13  1.93947040356383E+00
 cg2d: Sum(rhs),rhsMax =   3.97903932025656E-13  1.93942850753153E+00
 cg2d: Sum(rhs),rhsMax =   8.10018718766514E-13  1.93938617361860E+00
 cg2d: Sum(rhs),rhsMax =   7.95807864051312E-13  1.93934340883662E+00
 cg2d: Sum(rhs),rhsMax =   6.67910171614494E-13  1.93930022014124E+00
 cg2d: Sum(rhs),rhsMax =   2.84217094304040E-13  1.93925661436102E+00
 cg2d: Sum(rhs),rhsMax =   5.96855898038484E-13  1.93921259761512E+00
 cg2d: Sum(rhs),rhsMax =   9.09494701772928E-13  1.93916817564019E+00
 cg2d: Sum(rhs),rhsMax =   3.41060513164848E-13  1.93912335345817E+00
 cg2d: Sum(rhs),rhsMax =   6.82121026329696E-13  1.93907813582481E+00
 cg2d: Sum(rhs),rhsMax =   6.67910171614494E-13  1.93903252688647E+00
 cg2d: Sum(rhs),rhsMax =   7.67386154620908E-13  1.93898653050033E+00
 cg2d: Sum(rhs),rhsMax =   8.81072992342524E-13  1.93894014984249E+00
 cg2d: Sum(rhs),rhsMax =   2.98427949019242E-13  1.93889338772231E+00
 cg2d: Sum(rhs),rhsMax =   7.95807864051312E-13  1.93884624622784E+00
 cg2d: Sum(rhs),rhsMax =   6.96331881044898E-13  1.93879872705796E+00
 cg2d: Sum(rhs),rhsMax =   5.40012479177676E-13  1.93875082363296E+00
 cg2d: Sum(rhs),rhsMax =   6.25277607468888E-13  1.93870256236233E+00
 cg2d: Sum(rhs),rhsMax =   3.55271367880050E-13  1.93865391207221E+00
 cg2d: Sum(rhs),rhsMax =   5.54223333892878E-13  1.93860488608024E+00
 cg2d: Sum(rhs),rhsMax =   9.52127265918534E-13  1.93855548342025E+00
 cg2d: Sum(rhs),rhsMax =   0.00000000000000E+00  1.93850570164250E+00
 cg2d: Sum(rhs),rhsMax =   8.38440428196918E-13  1.93845553842316E+00
 cg2d: Sum(rhs),rhsMax =   6.39488462184090E-13  1.93840499133962E+00
 cg2d: Sum(rhs),rhsMax =   8.81072992342524E-13  1.93835405747830E+00
 cg2d: Sum(rhs),rhsMax =   5.68434188608080E-13  1.93830273367747E+00
 cg2d: Sum(rhs),rhsMax =   7.10542735760100E-13  1.93825101630977E+00
 cg2d: Sum(rhs),rhsMax =   3.69482222595252E-13  1.93819890155500E+00
 cg2d: Sum(rhs),rhsMax =   4.40536496171262E-13  1.93814638517246E+00
 cg2d: Sum(rhs),rhsMax =   3.12638803734444E-13  1.93809346281370E+00
 cg2d: Sum(rhs),rhsMax =   2.84217094304040E-13  1.93804012980312E+00
 cg2d: Sum(rhs),rhsMax =   3.26849658449646E-13  1.93798638146397E+00
 cg2d: Sum(rhs),rhsMax =   8.10018718766514E-13  1.93793221288328E+00
 cg2d: Sum(rhs),rhsMax =   3.26849658449646E-13  1.93787761923649E+00
 cg2d: Sum(rhs),rhsMax =   6.82121026329696E-13  1.93782258822243E+00
 cg2d: Sum(rhs),rhsMax =   3.83693077310454E-13  1.93776713996742E+00
 cg2d: Sum(rhs),rhsMax =   5.25801624462474E-13  1.93771123966278E+00
 cg2d: Sum(rhs),rhsMax =   9.23705556488130E-13  1.93765489590916E+00
 cg2d: Sum(rhs),rhsMax =   5.96855898038484E-13  1.93759810428791E+00
 cg2d: Sum(rhs),rhsMax =   6.25277607468888E-13  1.93754085955470E+00
 cg2d: Sum(rhs),rhsMax =   4.83169060316868E-13  1.93748315727473E+00
 cg2d: Sum(rhs),rhsMax =   9.37916411203332E-13  1.93742499362362E+00
 cg2d: Sum(rhs),rhsMax =   7.24753590475302E-13  1.93736636499413E+00
 cg2d: Sum(rhs),rhsMax =   5.82645043323282E-13  1.93730726823619E+00
 cg2d: Sum(rhs),rhsMax =   6.11066752753686E-13  1.93724770042251E+00
 cg2d: Sum(rhs),rhsMax =   6.96331881044898E-13  1.93718765912143E+00
 cg2d: Sum(rhs),rhsMax =   2.84217094304040E-14  1.93712714213695E+00
 cg2d: Sum(rhs),rhsMax =   1.06581410364015E-12  1.93706614782064E+00
 cg2d: Sum(rhs),rhsMax =   5.54223333892878E-13  1.93700467480182E+00
 cg2d: Sum(rhs),rhsMax =   5.11590769747272E-13  1.93694272230865E+00
 cg2d: Sum(rhs),rhsMax =   3.41060513164848E-13  1.93688028246543E+00
 cg2d: Sum(rhs),rhsMax =   6.53699316899292E-13  1.93681738062747E+00
 cg2d: Sum(rhs),rhsMax =   6.96331881044898E-13  1.93675398692552E+00
 cg2d: Sum(rhs),rhsMax =   9.94759830064140E-14  1.93669011589646E+00
 cg2d: Sum(rhs),rhsMax =   4.26325641456060E-13  1.93662576897564E+00
 cg2d: Sum(rhs),rhsMax =   4.83169060316868E-13  1.93656094710317E+00
 cg2d: Sum(rhs),rhsMax =   1.16529008664656E-12  1.93649565223587E+00
 cg2d: Sum(rhs),rhsMax =   4.83169060316868E-13  1.93642988709564E+00
 cg2d: Sum(rhs),rhsMax =   1.05160324892495E-12  1.93636365470939E+00
 cg2d: Sum(rhs),rhsMax =   2.84217094304040E-13  1.93629695861591E+00
 cg2d: Sum(rhs),rhsMax =   8.24229573481716E-13  1.93622980255955E+00
 cg2d: Sum(rhs),rhsMax =   3.55271367880050E-13  1.93616219073123E+00
 cg2d: Sum(rhs),rhsMax =   7.67386154620908E-13  1.93609412744432E+00
(PID.TID 0000.0001) Did not write pickup because writePickupAtEnd = FALSE
(PID.TID 0000.0001) whio : write lev 2 rec  11
 cg2d: Sum(rhs),rhsMax =   8.10018718766514E-13  1.93982651493238E+00
 cg2d: Sum(rhs),rhsMax =   1.08002495835535E-12  1.93978890283956E+00
 cg2d: Sum(rhs),rhsMax =   6.96331881044898E-13  1.93975078381346E+00
 cg2d: Sum(rhs),rhsMax =   3.41060513164848E-13  1.93971216532422E+00
 cg2d: Sum(rhs),rhsMax =   7.67386154620908E-13  1.93967305519333E+00
 cg2d: Sum(rhs),rhsMax =   2.41584530158434E-13  1.93963346114863E+00
 cg2d: Sum(rhs),rhsMax =   3.26849658449646E-13  1.93959339116309E+00
 cg2d: Sum(rhs),rhsMax =   5.54223333892878E-13  1.93955285301135E+00
 cg2d: Sum(rhs),rhsMax =   8.10018718766514E-13  1.93951185460701E+00
 cg2d: Sum(rhs),rhsMax =   6.25277607468888E-13  1.93947040356383E+00
 cg2d: Sum(rhs),rhsMax =   3.97903932025656E-13  1.93942850753153E+00
 cg2d: Sum(rhs),rhsMax =   8.10018718766514E-13  1.93938617361860E+00
 cg2d: Sum(rhs),rhsMax =   7.95807864051312E-13  1.93934340883662E+00
 cg2d: Sum(rhs),rhsMax =   6.67910171614494E-13  1.93930022014124E+00
 cg2d: Sum(rhs),rhsMax =   2.84217094304040E-13  1.93925661436102E+00
 cg2d: Sum(rhs),rhsMax =   5.96855898038484E-13  1.93921259761512E+00
 cg2d: Sum(rhs),rhsMax =   9.09494701772928E-13  1.93916817564019E+00
 cg2d: Sum(rhs),rhsMax =   3.41060513164848E-13  1.93912335345817E+00
 cg2d: Sum(rhs),rhsMax =   6.82121026329696E-13  1.93907813582481E+00
 cg2d: Sum(rhs),rhsMax =   6.67910171614494E-13  1.93903252688647E+00
 cg2d: Sum(rhs),rhsMax =   7.67386154620908E-13  1.93898653050033E+00
 cg2d: Sum(rhs),rhsMax =   8.81072992342524E-13  1.93894014984249E+00
 cg2d: Sum(rhs),rhsMax =   2.98427949019242E-13  1.93889338772231E+00
 cg2d: Sum(rhs),rhsMax =   7.95807864051312E-13  1.93884624622784E+00
 cg2d: Sum(rhs),rhsMax =   6.96331881044898E-13  1.93879872705796E+00
 cg2d: Sum(rhs),rhsMax =   5.40012479177676E-13  1.93875082363296E+00
 cg2d: Sum(rhs),rhsMax =   6.25277607468888E-13  1.93870256236233E+00
 cg2d: Sum(rhs),rhsMax =   3.55271367880050E-13  1.93865391207221E+00
 cg2d: Sum(rhs),rhsMax =   5.54223333892878E-13  1.93860488608024E+00
 cg2d: Sum(rhs),rhsMax =   9.52127265918534E-13  1.93855548342025E+00
 cg2d: Sum(rhs),rhsMax =   0.00000000000000E+00  1.93850570164250E+00
 cg2d: Sum(rhs),rhsMax =   8.38440428196918E-13  1.93845553842316E+00
 cg2d: Sum(rhs),rhsMax =   6.39488462184090E-13  1.93840499133962E+00
 cg2d: Sum(rhs),rhsMax =   8.81072992342524E-13  1.93835405747830E+00
 cg2d: Sum(rhs),rhsMax =   5.68434188608080E-13  1.93830273367747E+00
 cg2d: Sum(rhs),rhsMax =   7.10542735760100E-13  1.93825101630977E+00
 cg2d: Sum(rhs),rhsMax =   3.69482222595252E-13  1.93819890155500E+00
 cg2d: Sum(rhs),rhsMax =   4.40536496171262E-13  1.93814638517246E+00
 cg2d: Sum(rhs),rhsMax =   3.12638803734444E-13  1.93809346281370E+00
 cg2d: Sum(rhs),rhsMax =   2.84217094304040E-13  1.93804012980312E+00
 cg2d: Sum(rhs),rhsMax =   3.26849658449646E-13  1.93798638146397E+00
 cg2d: Sum(rhs),rhsMax =   8.10018718766514E-13  1.93793221288328E+00
 cg2d: Sum(rhs),rhsMax =   3.26849658449646E-13  1.93787761923649E+00
 cg2d: Sum(rhs),rhsMax =   6.82121026329696E-13  1.93782258822243E+00
 cg2d: Sum(rhs),rhsMax =   3.83693077310454E-13  1.93776713996742E+00
 cg2d: Sum(rhs),rhsMax =   5.25801624462474E-13  1.93771123966278E+00
 cg2d: Sum(rhs),rhsMax =   9.23705556488130E-13  1.93765489590916E+00
 cg2d: Sum(rhs),rhsMax =   5.96855898038484E-13  1.93759810428791E+00
 cg2d: Sum(rhs),rhsMax =   6.25277607468888E-13  1.93754085955470E+00
 cg2d: Sum(rhs),rhsMax =   4.83169060316868E-13  1.93748315727473E+00
 cg2d: Sum(rhs),rhsMax =   9.37916411203332E-13  1.93742499362362E+00
 cg2d: Sum(rhs),rhsMax =   7.24753590475302E-13  1.93736636499413E+00
 cg2d: Sum(rhs),rhsMax =   5.82645043323282E-13  1.93730726823619E+00
 cg2d: Sum(rhs),rhsMax =   6.11066752753686E-13  1.93724770042251E+00
 cg2d: Sum(rhs),rhsMax =   6.96331881044898E-13  1.93718765912143E+00
 cg2d: Sum(rhs),rhsMax =   2.84217094304040E-14  1.93712714213695E+00
 cg2d: Sum(rhs),rhsMax =   1.06581410364015E-12  1.93706614782064E+00
 cg2d: Sum(rhs),rhsMax =   5.54223333892878E-13  1.93700467480182E+00
 cg2d: Sum(rhs),rhsMax =   5.11590769747272E-13  1.93694272230865E+00
 cg2d: Sum(rhs),rhsMax =   3.41060513164848E-13  1.93688028246543E+00
 cg2d: Sum(rhs),rhsMax =   6.53699316899292E-13  1.93681738062747E+00
 cg2d: Sum(rhs),rhsMax =   6.96331881044898E-13  1.93675398692552E+00
 cg2d: Sum(rhs),rhsMax =   9.94759830064140E-14  1.93669011589646E+00
 cg2d: Sum(rhs),rhsMax =   4.26325641456060E-13  1.93662576897564E+00
 cg2d: Sum(rhs),rhsMax =   4.83169060316868E-13  1.93656094710317E+00
 cg2d: Sum(rhs),rhsMax =   1.16529008664656E-12  1.93649565223587E+00
 cg2d: Sum(rhs),rhsMax =   4.83169060316868E-13  1.93642988709564E+00
 cg2d: Sum(rhs),rhsMax =   1.05160324892495E-12  1.93636365470939E+00
 cg2d: Sum(rhs),rhsMax =   2.84217094304040E-13  1.93629695861591E+00
 cg2d: Sum(rhs),rhsMax =   8.24229573481716E-13  1.93622980255955E+00
 cg2d: Sum(rhs),rhsMax =   3.55271367880050E-13  1.93616219073123E+00
 cg2d: Sum(rhs),rhsMax =   7.67386154620908E-13  1.93609412744432E+00
(PID.TID 0000.0001) Did not write pickup because writePickupAtEnd = FALSE
(PID.TID 0000.0001) Did not write pickup because writePickupAtEnd = FALSE
 Calling cg2d from S/R CG2D_MAD
 cg2d: Sum(rhs),rhsMax =   8.30074844698607E-16  1.04201910538688E-04
 Calling cg2d from S/R CG2D_MAD
 cg2d: Sum(rhs),rhsMax =   2.27899768356197E-16  2.44254364937964E-05
 Calling cg2d from S/R CG2D_MAD
 cg2d: Sum(rhs),rhsMax =  -2.92471582840964E-16  5.24357463628799E-06
 Calling cg2d from S/R CG2D_MAD
 cg2d: Sum(rhs),rhsMax =  -3.16672161176966E-16  3.83204918873580E-06
 Calling cg2d from S/R CG2D_MAD
 cg2d: Sum(rhs),rhsMax =  -5.69321337035716E-16  7.19172767758968E-07
 Calling cg2d from S/R CG2D_MAD
 cg2d: Sum(rhs),rhsMax =  -2.25037002921091E-15  2.81305737043910E-07
 Calling cg2d from S/R CG2D_MAD
 cg2d: Sum(rhs),rhsMax =   4.29604268825656E-15  1.30663246909839E-07
 Calling cg2d from S/R CG2D_MAD
 cg2d: Sum(rhs),rhsMax =   1.99840144432528E-15  7.26579816014968E-08
 Calling cg2d from S/R CG2D_MAD
 cg2d: Sum(rhs),rhsMax =  -6.89726054048379E-15  5.47266259181072E-08
 Calling cg2d from S/R CG2D_MAD
 cg2d: Sum(rhs),rhsMax =  -5.21804821573824E-15  4.28575731945509E-08
 Calling cg2d from S/R CG2D_MAD
 cg2d: Sum(rhs),rhsMax =  -4.06341627012807E-14  3.43575736083153E-08
 Calling cg2d from S/R CG2D_MAD
 cg2d: Sum(rhs),rhsMax =   5.35127497869325E-14  2.83225551440815E-08
 Calling cg2d from S/R CG2D_MAD
 cg2d: Sum(rhs),rhsMax =   1.21236354289067E-13  2.65881871272889E-08
 Calling cg2d from S/R CG2D_MAD
 cg2d: Sum(rhs),rhsMax =   1.19904086659517E-13  2.48661802215816E-08
 Calling cg2d from S/R CG2D_MAD
 cg2d: Sum(rhs),rhsMax =   8.70414851306123E-14  2.21145091198563E-08
 Calling cg2d from S/R CG2D_MAD
 cg2d: Sum(rhs),rhsMax =   4.44089209850063E-14  1.94970188749701E-08
 Calling cg2d from S/R CG2D_MAD
 cg2d: Sum(rhs),rhsMax =  -3.90798504668055E-14  1.71191232714949E-08
 Calling cg2d from S/R CG2D_MAD
 cg2d: Sum(rhs),rhsMax =  -1.06581410364015E-14  1.52517825408859E-08
 Calling cg2d from S/R CG2D_MAD
 cg2d: Sum(rhs),rhsMax =  -8.52651282912120E-14  1.36975003951339E-08
 Calling cg2d from S/R CG2D_MAD
 cg2d: Sum(rhs),rhsMax =  -1.77635683940025E-14  1.48064224229436E-08
 Calling cg2d from S/R CG2D_MAD
 cg2d: Sum(rhs),rhsMax =  -1.77635683940025E-14  1.67979928770762E-08
 Calling cg2d from S/R CG2D_MAD
 cg2d: Sum(rhs),rhsMax =  -2.13162820728030E-14  1.86169695606431E-08
 Calling cg2d from S/R CG2D_MAD
 cg2d: Sum(rhs),rhsMax =   6.75015598972095E-14  1.99971403466019E-08
 Calling cg2d from S/R CG2D_MAD
 cg2d: Sum(rhs),rhsMax =  -1.42108547152020E-14  2.07532647045103E-08
 Calling cg2d from S/R CG2D_MAD
 cg2d: Sum(rhs),rhsMax =  -3.90798504668055E-14  2.08215665546849E-08
 Calling cg2d from S/R CG2D_MAD
 cg2d: Sum(rhs),rhsMax =   4.44089209850063E-14  2.02621958904376E-08
 Calling cg2d from S/R CG2D_MAD
 cg2d: Sum(rhs),rhsMax =   1.38555833473220E-13  1.92283461731833E-08
 Calling cg2d from S/R CG2D_MAD
 cg2d: Sum(rhs),rhsMax =  -4.97379915032070E-14  1.79169736993637E-08
 Calling cg2d from S/R CG2D_MAD
 cg2d: Sum(rhs),rhsMax =  -7.10542735760100E-14  1.65189295111081E-08
 Calling cg2d from S/R CG2D_MAD
 cg2d: Sum(rhs),rhsMax =   0.00000000000000E+00  1.51823690995444E-08
 Calling cg2d from S/R CG2D_MAD
 cg2d: Sum(rhs),rhsMax =  -4.97379915032070E-14  1.39957307615952E-08
 Calling cg2d from S/R CG2D_MAD
 cg2d: Sum(rhs),rhsMax =   1.24344978758018E-13  1.29890839459511E-08
 Calling cg2d from S/R CG2D_MAD
 cg2d: Sum(rhs),rhsMax =  -2.84217094304040E-14  1.21478158547869E-08
 Calling cg2d from S/R CG2D_MAD
 cg2d: Sum(rhs),rhsMax =   4.26325641456060E-14  1.14312161480099E-08
 Calling cg2d from S/R CG2D_MAD
 cg2d: Sum(rhs),rhsMax =   3.55271367880050E-14  1.08373007976711E-08
 Calling cg2d from S/R CG2D_MAD
 cg2d: Sum(rhs),rhsMax =  -8.17124146124115E-14  1.06194292682668E-08
 Calling cg2d from S/R CG2D_MAD
 cg2d: Sum(rhs),rhsMax =  -7.10542735760100E-15  1.02982377138334E-08
 Calling cg2d from S/R CG2D_MAD
 cg2d: Sum(rhs),rhsMax =  -4.61852778244065E-14  9.90994147721966E-09
 Calling cg2d from S/R CG2D_MAD
 cg2d: Sum(rhs),rhsMax =  -1.45661260830821E-13  9.47991260410038E-09
 Calling cg2d from S/R CG2D_MAD
 cg2d: Sum(rhs),rhsMax =   4.97379915032070E-14  9.02382103587861E-09
 Calling cg2d from S/R CG2D_MAD
 cg2d: Sum(rhs),rhsMax =   4.97379915032070E-14  8.55000095236232E-09
 Calling cg2d from S/R CG2D_MAD
 cg2d: Sum(rhs),rhsMax =  -1.65201186064223E-13  8.06198924159945E-09
 Calling cg2d from S/R CG2D_MAD
 cg2d: Sum(rhs),rhsMax =  -4.04121180963557E-14  7.56063741420971E-09
 Calling cg2d from S/R CG2D_MAD
 cg2d: Sum(rhs),rhsMax =   1.09245945623115E-13  7.04558584355110E-09
 Calling cg2d from S/R CG2D_MAD
 cg2d: Sum(rhs),rhsMax =   2.43360886997834E-13  6.51613247119539E-09
 Calling cg2d from S/R CG2D_MAD
 cg2d: Sum(rhs),rhsMax =   1.20792265079217E-13  5.97164764821722E-09
 Calling cg2d from S/R CG2D_MAD
 cg2d: Sum(rhs),rhsMax =  -2.13162820728030E-14  5.41171199908158E-09
 Calling cg2d from S/R CG2D_MAD
 cg2d: Sum(rhs),rhsMax =   3.55271367880050E-14  4.93542779809793E-09
 Calling cg2d from S/R CG2D_MAD
 cg2d: Sum(rhs),rhsMax =  -2.13162820728030E-14  5.49187908672027E-09
 Calling cg2d from S/R CG2D_MAD
 cg2d: Sum(rhs),rhsMax =   1.42108547152020E-14  6.00557740196789E-09
 Calling cg2d from S/R CG2D_MAD
 cg2d: Sum(rhs),rhsMax =   1.42108547152020E-14  6.47543814241636E-09
 Calling cg2d from S/R CG2D_MAD
 cg2d: Sum(rhs),rhsMax =  -7.10542735760100E-15  6.90035781538524E-09
 Calling cg2d from S/R CG2D_MAD
 cg2d: Sum(rhs),rhsMax =   2.84217094304040E-14  7.27894108359174E-09
 Calling cg2d from S/R CG2D_MAD
 cg2d: Sum(rhs),rhsMax =  -1.20792265079217E-13  7.60921986019402E-09
 Calling cg2d from S/R CG2D_MAD
 cg2d: Sum(rhs),rhsMax =  -1.42108547152020E-14  7.88842623017312E-09
 Calling cg2d from S/R CG2D_MAD
 cg2d: Sum(rhs),rhsMax =   0.00000000000000E+00  8.11288421429396E-09
 Calling cg2d from S/R CG2D_MAD
 cg2d: Sum(rhs),rhsMax =  -4.97379915032070E-14  8.27807703987121E-09
 Calling cg2d from S/R CG2D_MAD
 cg2d: Sum(rhs),rhsMax =  -4.97379915032070E-14  8.37892576293418E-09
 Calling cg2d from S/R CG2D_MAD
 cg2d: Sum(rhs),rhsMax =  -4.97379915032070E-14  8.41028330496386E-09
 Calling cg2d from S/R CG2D_MAD
 cg2d: Sum(rhs),rhsMax =  -2.13162820728030E-14  8.36760834824919E-09
 Calling cg2d from S/R CG2D_MAD
 cg2d: Sum(rhs),rhsMax =   7.81597009336110E-14  8.24774338799529E-09
 Calling cg2d from S/R CG2D_MAD
 cg2d: Sum(rhs),rhsMax =  -5.68434188608080E-14  8.04968946837535E-09
 Calling cg2d from S/R CG2D_MAD
 cg2d: Sum(rhs),rhsMax =  -5.68434188608080E-14  7.77524685250221E-09
 Calling cg2d from S/R CG2D_MAD
 cg2d: Sum(rhs),rhsMax =   2.84217094304040E-14  7.46731790746121E-09
 Calling cg2d from S/R CG2D_MAD
 cg2d: Sum(rhs),rhsMax =   4.97379915032070E-14  7.63182607452701E-09
 Calling cg2d from S/R CG2D_MAD
 cg2d: Sum(rhs),rhsMax =   3.55271367880050E-14  7.73983944175039E-09
 Calling cg2d from S/R CG2D_MAD
 cg2d: Sum(rhs),rhsMax =  -2.84217094304040E-14  7.78234609262970E-09
 Calling cg2d from S/R CG2D_MAD
 cg2d: Sum(rhs),rhsMax =   4.26325641456060E-14  7.75029751644090E-09
 Calling cg2d from S/R CG2D_MAD
 cg2d: Sum(rhs),rhsMax =  -3.55271367880050E-14  7.63590343598234E-09
 Calling cg2d from S/R CG2D_MAD
 cg2d: Sum(rhs),rhsMax =   2.84217094304040E-14  7.43396278599682E-09
 Calling cg2d from S/R CG2D_MAD
 cg2d: Sum(rhs),rhsMax =  -4.97379915032070E-14  7.27641988818106E-09
 Calling cg2d from S/R CG2D_MAD
 cg2d: Sum(rhs),rhsMax =  -1.06581410364015E-13  7.66643085558902E-09
 cg2d: Sum(rhs),rhsMax =   8.95283847057726E-13  1.94120339518581E+00
 cg2d: Sum(rhs),rhsMax =   8.81072992342524E-13  1.94120040561900E+00
 cg2d: Sum(rhs),rhsMax =   8.52651282912120E-13  1.94119688564505E+00
 cg2d: Sum(rhs),rhsMax =   1.10844666778576E-12  1.94119284551939E+00
 cg2d: Sum(rhs),rhsMax =   9.52127265918534E-13  1.94118829572765E+00
 cg2d: Sum(rhs),rhsMax =   8.38440428196918E-13  1.94118324654636E+00
 cg2d: Sum(rhs),rhsMax =   1.09423581307055E-12  1.94117770834563E+00
 cg2d: Sum(rhs),rhsMax =   1.05160324892495E-12  1.94117169114801E+00
 cg2d: Sum(rhs),rhsMax =   5.54223333892878E-13  1.94116520493582E+00
 cg2d: Sum(rhs),rhsMax =   1.06581410364015E-12  1.94115825921185E+00
 cg2d: Sum(rhs),rhsMax =   3.26849658449646E-13  1.94115086331163E+00
 cg2d: Sum(rhs),rhsMax =   4.40536496171262E-13  1.94114302596958E+00
 cg2d: Sum(rhs),rhsMax =   9.37916411203332E-13  1.94113475563624E+00
 cg2d: Sum(rhs),rhsMax =   6.39488462184090E-13  1.94112606005325E+00
 cg2d: Sum(rhs),rhsMax =   6.39488462184090E-13  1.94111694657550E+00
 cg2d: Sum(rhs),rhsMax =   3.41060513164848E-13  1.94110742175801E+00
 cg2d: Sum(rhs),rhsMax =   5.96855898038484E-13  1.94109749168279E+00
 cg2d: Sum(rhs),rhsMax =   6.11066752753686E-13  1.94108716156025E+00
 cg2d: Sum(rhs),rhsMax =   9.23705556488130E-13  1.94107643606052E+00
 cg2d: Sum(rhs),rhsMax =   2.84217094304040E-14  1.94106531893151E+00
 cg2d: Sum(rhs),rhsMax =   7.24753590475302E-13  1.94105381333430E+00
 cg2d: Sum(rhs),rhsMax =   9.37916411203332E-13  1.94104192147948E+00
 cg2d: Sum(rhs),rhsMax =   3.12638803734444E-13  1.94102964496613E+00
 cg2d: Sum(rhs),rhsMax =   7.10542735760100E-14  1.94101698443735E+00
 cg2d: Sum(rhs),rhsMax =   7.24753590475302E-13  1.94100393992248E+00
 cg2d: Sum(rhs),rhsMax =   7.67386154620908E-13  1.94099051051206E+00
 cg2d: Sum(rhs),rhsMax =   6.39488462184090E-13  1.94097669470278E+00
 cg2d: Sum(rhs),rhsMax =   4.97379915032070E-13  1.94096249009167E+00
 cg2d: Sum(rhs),rhsMax =   6.25277607468888E-13  1.94094789372318E+00
 cg2d: Sum(rhs),rhsMax =   3.83693077310454E-13  1.94093290180158E+00
 cg2d: Sum(rhs),rhsMax =   4.83169060316868E-13  1.94091751003989E+00
 cg2d: Sum(rhs),rhsMax =   7.10542735760100E-13  1.94090171338886E+00
 cg2d: Sum(rhs),rhsMax =   6.53699316899292E-13  1.94088550638725E+00
 cg2d: Sum(rhs),rhsMax =   5.68434188608080E-13  1.94086888290535E+00
 cg2d: Sum(rhs),rhsMax =  -1.27897692436818E-13  1.94085183649623E+00
 cg2d: Sum(rhs),rhsMax =   7.81597009336110E-13  1.94083436015121E+00
 cg2d: Sum(rhs),rhsMax =   8.95283847057726E-13  1.94081644665179E+00
 cg2d: Sum(rhs),rhsMax =   6.67910171614494E-13  1.94079808833404E+00
 cg2d: Sum(rhs),rhsMax =   2.55795384873636E-13  1.94077927744093E+00
 cg2d: Sum(rhs),rhsMax =   4.83169060316868E-13  1.94076000589250E+00
 cg2d: Sum(rhs),rhsMax =   6.25277607468888E-13  1.94074026563829E+00
 cg2d: Sum(rhs),rhsMax =   5.96855898038484E-13  1.94072004842983E+00
 cg2d: Sum(rhs),rhsMax =   4.54747350886464E-13  1.94069934617308E+00
 cg2d: Sum(rhs),rhsMax =   3.26849658449646E-13  1.94067815069971E+00
 cg2d: Sum(rhs),rhsMax =   2.98427949019242E-13  1.94065645411944E+00
 cg2d: Sum(rhs),rhsMax =   6.82121026329696E-13  1.94063424858662E+00
 cg2d: Sum(rhs),rhsMax =   1.06581410364015E-12  1.94061152665241E+00
 cg2d: Sum(rhs),rhsMax =   8.95283847057726E-13  1.94058828102344E+00
 cg2d: Sum(rhs),rhsMax =   8.95283847057726E-13  1.94056450491364E+00
 cg2d: Sum(rhs),rhsMax =   5.82645043323282E-13  1.94054019179215E+00
 cg2d: Sum(rhs),rhsMax =   5.54223333892878E-13  1.94051533573455E+00
 cg2d: Sum(rhs),rhsMax =   7.95807864051312E-13  1.94048993115748E+00
 cg2d: Sum(rhs),rhsMax =   6.67910171614494E-13  1.94046397316928E+00
 cg2d: Sum(rhs),rhsMax =   8.38440428196918E-13  1.94043745728888E+00
 cg2d: Sum(rhs),rhsMax =   8.10018718766514E-13  1.94041037979603E+00
 cg2d: Sum(rhs),rhsMax =   2.13162820728030E-13  1.94038273743277E+00
 cg2d: Sum(rhs),rhsMax =   7.53175299905706E-13  1.94035452775302E+00
 cg2d: Sum(rhs),rhsMax =   9.66338120633736E-13  1.94032574880570E+00
 cg2d: Sum(rhs),rhsMax =   1.98951966012828E-13  1.94029639948347E+00
 cg2d: Sum(rhs),rhsMax =   9.37916411203332E-13  1.94026647918693E+00
 cg2d: Sum(rhs),rhsMax =   6.96331881044898E-13  1.94023598817269E+00
 cg2d: Sum(rhs),rhsMax =   4.54747350886464E-13  1.94020492719833E+00
 cg2d: Sum(rhs),rhsMax =   1.98951966012828E-13  1.94017329786992E+00
 cg2d: Sum(rhs),rhsMax =   7.24753590475302E-13  1.94014110226852E+00
 cg2d: Sum(rhs),rhsMax =   4.68958205601666E-13  1.94010834329681E+00
 cg2d: Sum(rhs),rhsMax =   4.54747350886464E-13  1.94007502428838E+00
 cg2d: Sum(rhs),rhsMax =   4.26325641456060E-13  1.94004114935350E+00
 cg2d: Sum(rhs),rhsMax =   6.82121026329696E-13  1.94000672297286E+00
 cg2d: Sum(rhs),rhsMax =   4.26325641456060E-13  1.93997175034236E+00
 cg2d: Sum(rhs),rhsMax =   5.54223333892878E-13  1.93993623695353E+00
 cg2d: Sum(rhs),rhsMax =   5.68434188608080E-13  1.93990018893717E+00
 cg2d: Sum(rhs),rhsMax =   7.38964445190504E-13  1.93986361263304E+00
 Calling cg2d from S/R CG2D_MAD
 cg2d: Sum(rhs),rhsMax =  -9.23705556488130E-14  8.05893620742403E-09
 Calling cg2d from S/R CG2D_MAD
 cg2d: Sum(rhs),rhsMax =  -4.26325641456060E-14  8.44319962762079E-09
 Calling cg2d from S/R CG2D_MAD
 cg2d: Sum(rhs),rhsMax =   1.74082970261225E-13  8.80496545739635E-09
 Calling cg2d from S/R CG2D_MAD
 cg2d: Sum(rhs),rhsMax =   2.66453525910038E-14  9.12768060929937E-09
 Calling cg2d from S/R CG2D_MAD
 cg2d: Sum(rhs),rhsMax =  -1.33226762955019E-13  9.39402577651769E-09
 Calling cg2d from S/R CG2D_MAD
 cg2d: Sum(rhs),rhsMax =  -2.22044604925031E-14  9.58757477238847E-09
 Calling cg2d from S/R CG2D_MAD
 cg2d: Sum(rhs),rhsMax =  -5.54001289287953E-14  9.69438995840755E-09
 Calling cg2d from S/R CG2D_MAD
 cg2d: Sum(rhs),rhsMax =   2.66453525910038E-15  9.70437479018928E-09
 Calling cg2d from S/R CG2D_MAD
 cg2d: Sum(rhs),rhsMax =  -3.90798504668055E-14  9.61223863116154E-09
 Calling cg2d from S/R CG2D_MAD
 cg2d: Sum(rhs),rhsMax =  -1.06581410364015E-14  9.41798315934157E-09
 Calling cg2d from S/R CG2D_MAD
 cg2d: Sum(rhs),rhsMax =  -6.75015598972095E-14  9.12688015951813E-09
 Calling cg2d from S/R CG2D_MAD
 cg2d: Sum(rhs),rhsMax =  -6.39488462184090E-14  8.74897078882757E-09
 Calling cg2d from S/R CG2D_MAD
 cg2d: Sum(rhs),rhsMax =   1.42108547152020E-14  8.29816806726502E-09
 Calling cg2d from S/R CG2D_MAD
 cg2d: Sum(rhs),rhsMax =   6.39488462184090E-14  7.79108162206107E-09
 Calling cg2d from S/R CG2D_MAD
 cg2d: Sum(rhs),rhsMax =   9.23705556488130E-14  7.24570239277815E-09
 Calling cg2d from S/R CG2D_MAD
 cg2d: Sum(rhs),rhsMax =  -2.13162820728030E-14  7.65369357725906E-09
 Calling cg2d from S/R CG2D_MAD
 cg2d: Sum(rhs),rhsMax =   2.13162820728030E-14  8.35889586837628E-09
 Calling cg2d from S/R CG2D_MAD
 cg2d: Sum(rhs),rhsMax =  -6.39488462184090E-14  8.97967366298138E-09
 Calling cg2d from S/R CG2D_MAD
 cg2d: Sum(rhs),rhsMax =  -3.19744231092045E-14  9.50483899244745E-09
 Calling cg2d from S/R CG2D_MAD
 cg2d: Sum(rhs),rhsMax =  -8.88178419700125E-14  9.92720024704353E-09
 Calling cg2d from S/R CG2D_MAD
 cg2d: Sum(rhs),rhsMax =   3.90798504668055E-14  1.02435095067840E-08
 Calling cg2d from S/R CG2D_MAD
 cg2d: Sum(rhs),rhsMax =   2.13162820728030E-14  1.04541087043071E-08
 Calling cg2d from S/R CG2D_MAD
 cg2d: Sum(rhs),rhsMax =   4.08562073062058E-14  1.05623492636526E-08
 Calling cg2d from S/R CG2D_MAD
 cg2d: Sum(rhs),rhsMax =   4.97379915032070E-14  1.05738730297296E-08
 Calling cg2d from S/R CG2D_MAD
 cg2d: Sum(rhs),rhsMax =  -9.94759830064140E-14  1.04958442817834E-08
 Calling cg2d from S/R CG2D_MAD
 cg2d: Sum(rhs),rhsMax =   2.04281036531029E-14  1.03362117594382E-08
 Calling cg2d from S/R CG2D_MAD
 cg2d: Sum(rhs),rhsMax =   5.70654634657330E-14  1.01030656669949E-08
 Calling cg2d from S/R CG2D_MAD
 cg2d: Sum(rhs),rhsMax =   9.79216707719388E-14  9.80413392736470E-09
 Calling cg2d from S/R CG2D_MAD
 cg2d: Sum(rhs),rhsMax =   3.46389583683049E-14  9.44644065647783E-09
 Calling cg2d from S/R CG2D_MAD
 cg2d: Sum(rhs),rhsMax =   1.95399252334028E-14  9.03612960947106E-09
 Calling cg2d from S/R CG2D_MAD
 cg2d: Sum(rhs),rhsMax =  -2.93098878501041E-14  8.57843816266816E-09
 Calling cg2d from S/R CG2D_MAD
 cg2d: Sum(rhs),rhsMax =  -7.63833440942108E-14  8.07779421890334E-09
 Calling cg2d from S/R CG2D_MAD
 cg2d: Sum(rhs),rhsMax =   1.77635683940025E-14  7.53800152578282E-09
 Calling cg2d from S/R CG2D_MAD
 cg2d: Sum(rhs),rhsMax =  -1.24344978758018E-14  6.96247375859023E-09
 Calling cg2d from S/R CG2D_MAD
 cg2d: Sum(rhs),rhsMax =  -6.75015598972095E-14  6.35448124828833E-09
 Calling cg2d from S/R CG2D_MAD
 cg2d: Sum(rhs),rhsMax =  -4.97379915032070E-14  5.71737688407977E-09
 Calling cg2d from S/R CG2D_MAD
 cg2d: Sum(rhs),rhsMax =  -2.53130849614536E-14  5.54175052316715E-09
 Calling cg2d from S/R CG2D_MAD
 cg2d: Sum(rhs),rhsMax =  -6.43929354282591E-15  5.48675177818486E-09
 Calling cg2d from S/R CG2D_MAD
 cg2d: Sum(rhs),rhsMax =  -4.52970994047064E-14  5.38843927257946E-09
 Calling cg2d from S/R CG2D_MAD
 cg2d: Sum(rhs),rhsMax =  -5.86197757002083E-14  5.24810064701240E-09
 Calling cg2d from S/R CG2D_MAD
 cg2d: Sum(rhs),rhsMax =   8.52651282912120E-14  5.06705918254846E-09
 Calling cg2d from S/R CG2D_MAD
 cg2d: Sum(rhs),rhsMax =   4.97379915032070E-14  4.84672061778237E-09
 Calling cg2d from S/R CG2D_MAD
 cg2d: Sum(rhs),rhsMax =  -2.13162820728030E-14  4.58865298141250E-09
 Calling cg2d from S/R CG2D_MAD
 cg2d: Sum(rhs),rhsMax =   1.13686837721616E-13  4.43842738527526E-09
 Calling cg2d from S/R CG2D_MAD
 cg2d: Sum(rhs),rhsMax =  -1.70530256582424E-13  4.52046371273925E-09
 Calling cg2d from S/R CG2D_MAD
 cg2d: Sum(rhs),rhsMax =  -1.13686837721616E-13  4.89119011264941E-09
 Calling cg2d from S/R CG2D_MAD
 cg2d: Sum(rhs),rhsMax =   7.81597009336110E-14  5.23145871074840E-09
 Calling cg2d from S/R CG2D_MAD
 cg2d: Sum(rhs),rhsMax =   2.84217094304040E-14  5.54146875137339E-09
 Calling cg2d from S/R CG2D_MAD
 cg2d: Sum(rhs),rhsMax =  -2.84217094304040E-14  5.82188341458315E-09
 Calling cg2d from S/R CG2D_MAD
 cg2d: Sum(rhs),rhsMax =   7.10542735760100E-15  6.07377425354997E-09
 Calling cg2d from S/R CG2D_MAD
 cg2d: Sum(rhs),rhsMax =   0.00000000000000E+00  6.29854227208981E-09
 Calling cg2d from S/R CG2D_MAD
 cg2d: Sum(rhs),rhsMax =   1.10134124042816E-13  6.49782027917278E-09
 Calling cg2d from S/R CG2D_MAD
 cg2d: Sum(rhs),rhsMax =  -7.10542735760100E-14  6.67336296746180E-09
 Calling cg2d from S/R CG2D_MAD
 cg2d: Sum(rhs),rhsMax =  -1.49213974509621E-13  6.82693233548492E-09
 Calling cg2d from S/R CG2D_MAD
 cg2d: Sum(rhs),rhsMax =   1.13686837721616E-13  6.96018648856317E-09
 Calling cg2d from S/R CG2D_MAD
 cg2d: Sum(rhs),rhsMax =   1.42108547152020E-14  7.07457958722991E-09
 Calling cg2d from S/R CG2D_MAD
 cg2d: Sum(rhs),rhsMax =  -1.77635683940025E-14  7.17127964646082E-09
 Calling cg2d from S/R CG2D_MAD
 cg2d: Sum(rhs),rhsMax =   3.55271367880050E-15  7.25110939177202E-09
 Calling cg2d from S/R CG2D_MAD
 cg2d: Sum(rhs),rhsMax =  -1.06581410364015E-14  7.31451342449295E-09
 Calling cg2d from S/R CG2D_MAD
 cg2d: Sum(rhs),rhsMax =  -6.21724893790088E-14  7.51930693839509E-09
 Calling cg2d from S/R CG2D_MAD
 cg2d: Sum(rhs),rhsMax =   1.77635683940025E-15  7.69454050394493E-09
 Calling cg2d from S/R CG2D_MAD
 cg2d: Sum(rhs),rhsMax =   1.06581410364015E-14  7.82955487241778E-09
 Calling cg2d from S/R CG2D_MAD
 cg2d: Sum(rhs),rhsMax =  -8.88178419700125E-15  7.92320894898749E-09
 Calling cg2d from S/R CG2D_MAD
 cg2d: Sum(rhs),rhsMax =   1.77635683940025E-15  7.97439855687781E-09
 Calling cg2d from S/R CG2D_MAD
 cg2d: Sum(rhs),rhsMax =  -3.55271367880050E-15  7.98213626963656E-09
 Calling cg2d from S/R CG2D_MAD
 cg2d: Sum(rhs),rhsMax =  -7.10542735760100E-15  7.94562917607934E-09
 Calling cg2d from S/R CG2D_MAD
 cg2d: Sum(rhs),rhsMax =   5.68434188608080E-14  7.86435240390071E-09
 Calling cg2d from S/R CG2D_MAD
 cg2d: Sum(rhs),rhsMax =  -6.30606677987089E-14  7.73811061716983E-09
 Calling cg2d from S/R CG2D_MAD
 cg2d: Sum(rhs),rhsMax =   2.22044604925031E-14  7.56708710655135E-09
 Calling cg2d from S/R CG2D_MAD
 cg2d: Sum(rhs),rhsMax =   9.32587340685131E-15  7.35187698744635E-09
 Calling cg2d from S/R CG2D_MAD
 cg2d: Sum(rhs),rhsMax =  -1.07691633388640E-14  7.09350568045511E-09
 Calling cg2d from S/R CG2D_MAD
 cg2d: Sum(rhs),rhsMax =  -4.28546087505310E-14  6.79343141670675E-09
 cg2d: Sum(rhs),rhsMax =   6.25277607468888E-13  1.93992092521800E+00
 cg2d: Sum(rhs),rhsMax =   4.68958205601666E-13  1.93995715119424E+00
 cg2d: Sum(rhs),rhsMax =   7.95807864051312E-13  1.93999279143648E+00
 cg2d: Sum(rhs),rhsMax =   6.53699316899292E-13  1.94002785628253E+00
 cg2d: Sum(rhs),rhsMax =   7.81597009336110E-13  1.94006235619946E+00
 cg2d: Sum(rhs),rhsMax =   7.38964445190504E-13  1.94009630157862E+00
 cg2d: Sum(rhs),rhsMax =   2.84217094304040E-13  1.94012970278949E+00
 cg2d: Sum(rhs),rhsMax =   1.84741111297626E-13  1.94016256995743E+00
 cg2d: Sum(rhs),rhsMax =   4.26325641456060E-13  1.94019491304034E+00
 cg2d: Sum(rhs),rhsMax =   3.41060513164848E-13  1.94022674159075E+00
 cg2d: Sum(rhs),rhsMax =   8.52651282912120E-13  1.94025806485796E+00
 cg2d: Sum(rhs),rhsMax =   3.83693077310454E-13  1.94028889153693E+00
 cg2d: Sum(rhs),rhsMax =   8.95283847057726E-13  1.94031922989731E+00
 cg2d: Sum(rhs),rhsMax =   5.82645043323282E-13  1.94034908752220E+00
 cg2d: Sum(rhs),rhsMax =   6.25277607468888E-13  1.94037847146433E+00
 cg2d: Sum(rhs),rhsMax =   3.12638803734444E-13  1.94040738797853E+00
 cg2d: Sum(rhs),rhsMax =   2.41584530158434E-13  1.94043584270412E+00
 cg2d: Sum(rhs),rhsMax =   9.23705556488130E-13  1.94046384039521E+00
 cg2d: Sum(rhs),rhsMax =   6.82121026329696E-13  1.94049138512743E+00
 cg2d: Sum(rhs),rhsMax =   8.52651282912120E-13  1.94051848003052E+00
 cg2d: Sum(rhs),rhsMax =   5.68434188608080E-13  1.94054512751653E+00
 cg2d: Sum(rhs),rhsMax =   3.97903932025656E-13  1.94057132901895E+00
 cg2d: Sum(rhs),rhsMax =   1.22213350550737E-12  1.94059708523934E+00
 cg2d: Sum(rhs),rhsMax =   1.05160324892495E-12  1.94062239589643E+00
 cg2d: Sum(rhs),rhsMax =   3.41060513164848E-13  1.94064725998815E+00
 cg2d: Sum(rhs),rhsMax =   1.42108547152020E-12  1.94067167555342E+00
 cg2d: Sum(rhs),rhsMax =   9.66338120633736E-13  1.94069563994651E+00
 cg2d: Sum(rhs),rhsMax =   8.24229573481716E-13  1.94071914961327E+00
 cg2d: Sum(rhs),rhsMax =   8.24229573481716E-13  1.94074220037518E+00
 cg2d: Sum(rhs),rhsMax =   4.54747350886464E-13  1.94076478722064E+00
 cg2d: Sum(rhs),rhsMax =   1.02318153949454E-12  1.94078690459617E+00
 cg2d: Sum(rhs),rhsMax =   1.30739863379858E-12  1.94080854621254E+00
 cg2d: Sum(rhs),rhsMax =   7.24753590475302E-13  1.94082970534094E+00
 cg2d: Sum(rhs),rhsMax =   6.67910171614494E-13  1.94085037463258E+00
 cg2d: Sum(rhs),rhsMax =   9.09494701772928E-13  1.94087054641802E+00
 cg2d: Sum(rhs),rhsMax =   7.10542735760100E-13  1.94089021253814E+00
 cg2d: Sum(rhs),rhsMax =   7.10542735760100E-13  1.94090936464498E+00
 cg2d: Sum(rhs),rhsMax =   7.10542735760100E-13  1.94092799404148E+00
 cg2d: Sum(rhs),rhsMax =   7.10542735760100E-13  1.94094609198245E+00
 cg2d: Sum(rhs),rhsMax =   5.54223333892878E-13  1.94096364951987E+00
 cg2d: Sum(rhs),rhsMax =   3.97903932025656E-13  1.94098065780312E+00
 cg2d: Sum(rhs),rhsMax =   7.81597009336110E-13  1.94099710792622E+00
 cg2d: Sum(rhs),rhsMax =   8.24229573481716E-13  1.94101299122661E+00
 cg2d: Sum(rhs),rhsMax =   7.95807864051312E-13  1.94102829913073E+00
 cg2d: Sum(rhs),rhsMax =   7.81597009336110E-13  1.94104302345069E+00
 cg2d: Sum(rhs),rhsMax =   9.80548975348938E-13  1.94105715622447E+00
 cg2d: Sum(rhs),rhsMax =   7.38964445190504E-13  1.94107069001026E+00
 cg2d: Sum(rhs),rhsMax =   1.16529008664656E-12  1.94108361771747E+00
 cg2d: Sum(rhs),rhsMax =   5.11590769747272E-13  1.94109593289848E+00
 cg2d: Sum(rhs),rhsMax =   7.24753590475302E-13  1.94110762956690E+00
 cg2d: Sum(rhs),rhsMax =   3.55271367880050E-13  1.94111870248684E+00
 cg2d: Sum(rhs),rhsMax =   2.70006239588838E-13  1.94112914697502E+00
 cg2d: Sum(rhs),rhsMax =   5.68434188608080E-13  1.94113895918766E+00
 cg2d: Sum(rhs),rhsMax =   1.56319401867222E-13  1.94114813590362E+00
 cg2d: Sum(rhs),rhsMax =   3.26849658449646E-13  1.94115667480914E+00
 cg2d: Sum(rhs),rhsMax =   3.12638803734444E-13  1.94116457425968E+00
 cg2d: Sum(rhs),rhsMax =   7.10542735760100E-14  1.94117183356294E+00
 cg2d: Sum(rhs),rhsMax =   4.40536496171262E-13  1.94117845271777E+00
 cg2d: Sum(rhs),rhsMax =   5.11590769747272E-13  1.94118443269579E+00
 cg2d: Sum(rhs),rhsMax =   6.11066752753686E-13  1.94118977515658E+00
 cg2d: Sum(rhs),rhsMax =   1.22213350550737E-12  1.94119448272845E+00
 cg2d: Sum(rhs),rhsMax =   6.25277607468888E-13  1.94119855869946E+00
 cg2d: Sum(rhs),rhsMax =   6.67910171614494E-13  1.94120200729824E+00
 cg2d: Sum(rhs),rhsMax =   3.12638803734444E-13  1.94120483336107E+00
 cg2d: Sum(rhs),rhsMax =   7.24753590475302E-13  1.94120704261354E+00
 cg2d: Sum(rhs),rhsMax =   7.24753590475302E-13  1.94120864131468E+00
 cg2d: Sum(rhs),rhsMax =   1.06581410364015E-12  1.94120963654010E+00
 cg2d: Sum(rhs),rhsMax =   8.95283847057726E-13  1.94121003580504E+00
 cg2d: Sum(rhs),rhsMax =   2.27373675443232E-13  1.94120984734949E+00
 cg2d: Sum(rhs),rhsMax =   1.10844666778576E-12  1.94120907974249E+00
 cg2d: Sum(rhs),rhsMax =   1.13686837721616E-12  1.94120774216975E+00
 cg2d: Sum(rhs),rhsMax =   9.37916411203332E-13  1.94120584402202E+00
 Calling cg2d from S/R CG2D_MAD
 cg2d: Sum(rhs),rhsMax =  -1.05249142734465E-13  6.45353584073428E-09
 Calling cg2d from S/R CG2D_MAD
 cg2d: Sum(rhs),rhsMax =   1.07469588783715E-13  6.07610311129407E-09
 Calling cg2d from S/R CG2D_MAD
 cg2d: Sum(rhs),rhsMax =  -3.55271367880050E-14  5.66379087241120E-09
 Calling cg2d from S/R CG2D_MAD
 cg2d: Sum(rhs),rhsMax =  -8.88178419700125E-15  5.30015888255892E-09
 Calling cg2d from S/R CG2D_MAD
 cg2d: Sum(rhs),rhsMax =  -1.42108547152020E-14  4.98128246398647E-09
 Calling cg2d from S/R CG2D_MAD
 cg2d: Sum(rhs),rhsMax =  -1.42108547152020E-13  4.64543292405320E-09
 Calling cg2d from S/R CG2D_MAD
 cg2d: Sum(rhs),rhsMax =  -2.84217094304040E-14  4.29474823549513E-09
 Calling cg2d from S/R CG2D_MAD
 cg2d: Sum(rhs),rhsMax =  -2.02504679691629E-13  4.13388443970628E-09
 Calling cg2d from S/R CG2D_MAD
 cg2d: Sum(rhs),rhsMax =  -1.49213974509621E-13  4.28115299744966E-09
 Calling cg2d from S/R CG2D_MAD
 cg2d: Sum(rhs),rhsMax =  -9.23705556488130E-14  4.40451054434308E-09
 Calling cg2d from S/R CG2D_MAD
 cg2d: Sum(rhs),rhsMax =  -5.68434188608080E-14  4.50240289228987E-09
 Calling cg2d from S/R CG2D_MAD
 cg2d: Sum(rhs),rhsMax =   3.55271367880050E-14  4.57336852479263E-09
 Calling cg2d from S/R CG2D_MAD
 cg2d: Sum(rhs),rhsMax =  -4.26325641456060E-14  4.61606024211477E-09
 Calling cg2d from S/R CG2D_MAD
 cg2d: Sum(rhs),rhsMax =  -2.13162820728030E-14  4.62926962056261E-09
 Calling cg2d from S/R CG2D_MAD
 cg2d: Sum(rhs),rhsMax =  -1.20792265079217E-13  4.61195508811111E-09
 Calling cg2d from S/R CG2D_MAD
 cg2d: Sum(rhs),rhsMax =   5.68434188608080E-14  4.56327364432191E-09
 Calling cg2d from S/R CG2D_MAD
 cg2d: Sum(rhs),rhsMax =  -4.97379915032070E-14  4.48261599137439E-09
 Calling cg2d from S/R CG2D_MAD
 cg2d: Sum(rhs),rhsMax =  -4.97379915032070E-14  4.36964403911961E-09
 Calling cg2d from S/R CG2D_MAD
 cg2d: Sum(rhs),rhsMax =  -8.52651282912120E-14  4.22432926650209E-09
 Calling cg2d from S/R CG2D_MAD
 cg2d: Sum(rhs),rhsMax =  -3.55271367880050E-14  4.04698994482926E-09
 Calling cg2d from S/R CG2D_MAD
 cg2d: Sum(rhs),rhsMax =  -5.68434188608080E-14  3.83832484743356E-09
 Calling cg2d from S/R CG2D_MAD
 cg2d: Sum(rhs),rhsMax =   0.00000000000000E+00  3.81181647550495E-09
 Calling cg2d from S/R CG2D_MAD
 cg2d: Sum(rhs),rhsMax =  -7.10542735760100E-14  4.13095147291514E-09
 Calling cg2d from S/R CG2D_MAD
 cg2d: Sum(rhs),rhsMax =   2.13162820728030E-14  4.41313646441362E-09
 Calling cg2d from S/R CG2D_MAD
 cg2d: Sum(rhs),rhsMax =  -1.42108547152020E-14  4.65782613275854E-09
 Calling cg2d from S/R CG2D_MAD
 cg2d: Sum(rhs),rhsMax =  -1.13686837721616E-13  4.86496896705649E-09
 Calling cg2d from S/R CG2D_MAD
 cg2d: Sum(rhs),rhsMax =  -7.10542735760100E-15  5.03498349342357E-09
 Calling cg2d from S/R CG2D_MAD
 cg2d: Sum(rhs),rhsMax =  -7.10542735760100E-15  5.16872060573467E-09
 Calling cg2d from S/R CG2D_MAD
 cg2d: Sum(rhs),rhsMax =  -6.39488462184090E-14  5.26741193131968E-09
 Calling cg2d from S/R CG2D_MAD
 cg2d: Sum(rhs),rhsMax =  -1.42108547152020E-14  5.33260712887682E-09
 Calling cg2d from S/R CG2D_MAD
 cg2d: Sum(rhs),rhsMax =  -6.39488462184090E-14  5.36610217714216E-09
 Calling cg2d from S/R CG2D_MAD
 cg2d: Sum(rhs),rhsMax =  -8.52651282912120E-14  5.36986185853525E-09
 Calling cg2d from S/R CG2D_MAD
 cg2d: Sum(rhs),rhsMax =  -4.26325641456060E-14  5.34593974539348E-09
 Calling cg2d from S/R CG2D_MAD
 cg2d: Sum(rhs),rhsMax =  -6.39488462184090E-14  5.29640000115741E-09
 Calling cg2d from S/R CG2D_MAD
 cg2d: Sum(rhs),rhsMax =  -4.61852778244065E-14  5.22324329208169E-09
 Calling cg2d from S/R CG2D_MAD
 cg2d: Sum(rhs),rhsMax =  -3.55271367880050E-14  5.12834165221926E-09
 Calling cg2d from S/R CG2D_MAD
 cg2d: Sum(rhs),rhsMax =   7.81597009336110E-14  5.01338488470245E-09
 Calling cg2d from S/R CG2D_MAD
 cg2d: Sum(rhs),rhsMax =  -1.58095758706622E-13  5.21747532316006E-09
 Calling cg2d from S/R CG2D_MAD
 cg2d: Sum(rhs),rhsMax =   3.73034936274053E-14  5.41302762590747E-09
 Calling cg2d from S/R CG2D_MAD
 cg2d: Sum(rhs),rhsMax =   3.28626015289046E-14  5.57791498271165E-09
 Calling cg2d from S/R CG2D_MAD
 cg2d: Sum(rhs),rhsMax =  -4.69624339416441E-14  5.71221910095447E-09
 Calling cg2d from S/R CG2D_MAD
 cg2d: Sum(rhs),rhsMax =  -7.99360577730113E-15  5.81657317349348E-09
 Calling cg2d from S/R CG2D_MAD
 cg2d: Sum(rhs),rhsMax =  -5.32907051820075E-14  5.89211259595576E-09
 Calling cg2d from S/R CG2D_MAD
 cg2d: Sum(rhs),rhsMax =  -1.77635683940025E-14  5.94040853973701E-09
 Calling cg2d from S/R CG2D_MAD
 cg2d: Sum(rhs),rhsMax =  -7.10542735760100E-14  5.96338785092078E-09
 Calling cg2d from S/R CG2D_MAD
 cg2d: Sum(rhs),rhsMax =  -2.13162820728030E-14  5.96324331902101E-09
 Calling cg2d from S/R CG2D_MAD
 cg2d: Sum(rhs),rhsMax =  -3.55271367880050E-15  5.94233876935835E-09
 Calling cg2d from S/R CG2D_MAD
 cg2d: Sum(rhs),rhsMax =  -2.13162820728030E-14  5.90311333724720E-09
 Calling cg2d from S/R CG2D_MAD
 cg2d: Sum(rhs),rhsMax =  -8.52651282912120E-14  5.84798947784417E-09
 Calling cg2d from S/R CG2D_MAD
 cg2d: Sum(rhs),rhsMax =   1.42108547152020E-14  5.77928849673464E-09
 Calling cg2d from S/R CG2D_MAD
 cg2d: Sum(rhs),rhsMax =   3.19744231092045E-14  5.69915719385169E-09
 Calling cg2d from S/R CG2D_MAD
 cg2d: Sum(rhs),rhsMax =  -2.84217094304040E-14  5.60950806670397E-09
 Calling cg2d from S/R CG2D_MAD
 cg2d: Sum(rhs),rhsMax =   7.10542735760100E-15  5.51197514806686E-09
 Calling cg2d from S/R CG2D_MAD
 cg2d: Sum(rhs),rhsMax =   1.20792265079217E-13  5.40788627037074E-09
 Calling cg2d from S/R CG2D_MAD
 cg2d: Sum(rhs),rhsMax =   1.06581410364015E-13  5.29825193007367E-09
 Calling cg2d from S/R CG2D_MAD
 cg2d: Sum(rhs),rhsMax =  -8.52651282912120E-14  5.18376987089233E-09
 Calling cg2d from S/R CG2D_MAD
 cg2d: Sum(rhs),rhsMax =   5.68434188608080E-14  5.06484394384988E-09
 Calling cg2d from S/R CG2D_MAD
 cg2d: Sum(rhs),rhsMax =  -5.68434188608080E-14  4.94161508555397E-09
 Calling cg2d from S/R CG2D_MAD
 cg2d: Sum(rhs),rhsMax =  -7.10542735760100E-14  4.81400182650054E-09
 Calling cg2d from S/R CG2D_MAD
 cg2d: Sum(rhs),rhsMax =   7.10542735760100E-14  4.68174746124427E-09
 Calling cg2d from S/R CG2D_MAD
 cg2d: Sum(rhs),rhsMax =   3.55271367880050E-14  4.54447091135448E-09
 Calling cg2d from S/R CG2D_MAD
 cg2d: Sum(rhs),rhsMax =  -7.10542735760100E-14  4.40171838556748E-09
 Calling cg2d from S/R CG2D_MAD
 cg2d: Sum(rhs),rhsMax =  -1.27897692436818E-13  4.25301316731217E-09
 Calling cg2d from S/R CG2D_MAD
 cg2d: Sum(rhs),rhsMax =  -7.10542735760100E-15  4.09790121069276E-09
 Calling cg2d from S/R CG2D_MAD
 cg2d: Sum(rhs),rhsMax =  -2.13162820728030E-14  3.93599067799683E-09
 Calling cg2d from S/R CG2D_MAD
 cg2d: Sum(rhs),rhsMax =   3.55271367880050E-14  3.76698407175669E-09
 Calling cg2d from S/R CG2D_MAD
 cg2d: Sum(rhs),rhsMax =  -9.94759830064140E-14  3.59070216543324E-09
 Calling cg2d from S/R CG2D_MAD
 cg2d: Sum(rhs),rhsMax =   1.42108547152020E-14  3.66721118503348E-09
 Calling cg2d from S/R CG2D_MAD
 cg2d: Sum(rhs),rhsMax =  -1.06581410364015E-14  3.83919773360716E-09
 Calling cg2d from S/R CG2D_MAD
 cg2d: Sum(rhs),rhsMax =  -3.90798504668055E-14  3.98295206520910E-09
 Calling cg2d from S/R CG2D_MAD
 cg2d: Sum(rhs),rhsMax =   1.10134124042816E-13  4.09784810394268E-09
 Calling cg2d from S/R CG2D_MAD
 cg2d: Sum(rhs),rhsMax =  -7.10542735760100E-15  4.18354757693160E-09
 cg2d: Sum(rhs),rhsMax =   1.27897692436818E-13  1.93568444737698E+00
 cg2d: Sum(rhs),rhsMax =   7.81597009336110E-13  1.93576335576302E+00
 cg2d: Sum(rhs),rhsMax =   5.40012479177676E-13  1.93584171998263E+00
 cg2d: Sum(rhs),rhsMax =   2.84217094304040E-14  1.93591954008288E+00
 cg2d: Sum(rhs),rhsMax =   6.53699316899292E-13  1.93599681612239E+00
 cg2d: Sum(rhs),rhsMax =   1.02318153949454E-12  1.93607354816512E+00
 cg2d: Sum(rhs),rhsMax =   9.23705556488130E-13  1.93614973627774E+00
 cg2d: Sum(rhs),rhsMax =   5.54223333892878E-13  1.93622538052791E+00
 cg2d: Sum(rhs),rhsMax =   2.27373675443232E-13  1.93630048098436E+00
 cg2d: Sum(rhs),rhsMax =   1.70530256582424E-13  1.93637503771553E+00
 cg2d: Sum(rhs),rhsMax =   4.97379915032070E-13  1.93644905078979E+00
 cg2d: Sum(rhs),rhsMax =   8.24229573481716E-13  1.93652251169385E+00
 cg2d: Sum(rhs),rhsMax =   1.08002495835535E-12  1.93659543359246E+00
 cg2d: Sum(rhs),rhsMax =   7.95807864051312E-13  1.93666781768051E+00
 cg2d: Sum(rhs),rhsMax =   1.08002495835535E-12  1.93673966201107E+00
 cg2d: Sum(rhs),rhsMax =   1.25055521493778E-12  1.93681096581305E+00
 cg2d: Sum(rhs),rhsMax =  -9.94759830064140E-14  1.93688172959505E+00
 cg2d: Sum(rhs),rhsMax =   5.54223333892878E-13  1.93695195439423E+00
 cg2d: Sum(rhs),rhsMax =   6.53699316899292E-13  1.93702164125369E+00
 cg2d: Sum(rhs),rhsMax =   4.83169060316868E-13  1.93709079108833E+00
 cg2d: Sum(rhs),rhsMax =  -5.68434188608080E-14  1.93715940471913E+00
 cg2d: Sum(rhs),rhsMax =   1.09423581307055E-12  1.93722748290715E+00
 cg2d: Sum(rhs),rhsMax =   1.27897692436818E-13  1.93729502636536E+00
 cg2d: Sum(rhs),rhsMax =   4.68958205601666E-13  1.93736203575613E+00
 cg2d: Sum(rhs),rhsMax =   6.67910171614494E-13  1.93742851169049E+00
 cg2d: Sum(rhs),rhsMax =   9.94759830064140E-13  1.93749445472399E+00
 cg2d: Sum(rhs),rhsMax =   7.38964445190504E-13  1.93755986535686E+00
 cg2d: Sum(rhs),rhsMax =   6.53699316899292E-13  1.93762474403071E+00
 cg2d: Sum(rhs),rhsMax =   7.38964445190504E-13  1.93768909113016E+00
 cg2d: Sum(rhs),rhsMax =   8.24229573481716E-13  1.93775290698057E+00
 cg2d: Sum(rhs),rhsMax =   8.52651282912120E-13  1.93781619185125E+00
 cg2d: Sum(rhs),rhsMax =   4.40536496171262E-13  1.93787894595389E+00
 cg2d: Sum(rhs),rhsMax =   5.68434188608080E-13  1.93794116944683E+00
 cg2d: Sum(rhs),rhsMax =   9.80548975348938E-13  1.93800286243341E+00
 cg2d: Sum(rhs),rhsMax =   5.11590769747272E-13  1.93806402496656E+00
 cg2d: Sum(rhs),rhsMax =  -1.42108547152020E-14  1.93812465704672E+00
 cg2d: Sum(rhs),rhsMax =   5.54223333892878E-13  1.93818475862697E+00
 cg2d: Sum(rhs),rhsMax =   6.11066752753686E-13  1.93824432961091E+00
 cg2d: Sum(rhs),rhsMax =   5.25801624462474E-13  1.93830336985914E+00
 cg2d: Sum(rhs),rhsMax =   1.12265752250096E-12  1.93836116343534E+00
 cg2d: Sum(rhs),rhsMax =   6.67910171614494E-13  1.93841858679415E+00
 cg2d: Sum(rhs),rhsMax =   5.25801624462474E-13  1.93847548289626E+00
 cg2d: Sum(rhs),rhsMax =   1.29318777908338E-12  1.93853178962154E+00
 cg2d: Sum(rhs),rhsMax =   5.40012479177676E-13  1.93858751051185E+00
 cg2d: Sum(rhs),rhsMax =   4.40536496171262E-13  1.93864264011163E+00
 cg2d: Sum(rhs),rhsMax =   9.37916411203332E-13  1.93869716729260E+00
 cg2d: Sum(rhs),rhsMax =   7.53175299905706E-13  1.93875108139117E+00
 cg2d: Sum(rhs),rhsMax =   8.66862137627322E-13  1.93880437252944E+00
 cg2d: Sum(rhs),rhsMax =   1.05160324892495E-12  1.93885703130016E+00
 cg2d: Sum(rhs),rhsMax =   8.24229573481716E-13  1.93890904881964E+00
 cg2d: Sum(rhs),rhsMax =   6.11066752753686E-13  1.93896041688417E+00
 cg2d: Sum(rhs),rhsMax =   5.54223333892878E-13  1.93901112805822E+00
 cg2d: Sum(rhs),rhsMax =   1.00897068477934E-12  1.93906117574886E+00
 cg2d: Sum(rhs),rhsMax =   3.97903932025656E-13  1.93911055423857E+00
 cg2d: Sum(rhs),rhsMax =   2.41584530158434E-13  1.93915925873645E+00
 cg2d: Sum(rhs),rhsMax =   2.70006239588838E-13  1.93920728539145E+00
 cg2d: Sum(rhs),rhsMax =   5.54223333892878E-13  1.93925463133149E+00
 cg2d: Sum(rhs),rhsMax =   6.82121026329696E-13  1.93930129465817E+00
 cg2d: Sum(rhs),rhsMax =   9.66338120633736E-13  1.93934727447466E+00
 cg2d: Sum(rhs),rhsMax =   8.24229573481716E-13  1.93939257086097E+00
 cg2d: Sum(rhs),rhsMax =   6.67910171614494E-13  1.93943718489079E+00
 cg2d: Sum(rhs),rhsMax =   7.67386154620908E-13  1.93948111858592E+00
 cg2d: Sum(rhs),rhsMax =   7.53175299905706E-13  1.93952437492326E+00
 cg2d: Sum(rhs),rhsMax =   8.38440428196918E-13  1.93956695776773E+00
 cg2d: Sum(rhs),rhsMax =   5.68434188608080E-13  1.93960887187230E+00
 cg2d: Sum(rhs),rhsMax =   6.25277607468888E-13  1.93965012279035E+00
 cg2d: Sum(rhs),rhsMax =   6.67910171614494E-13  1.93969071687276E+00
 cg2d: Sum(rhs),rhsMax =   5.96855898038484E-13  1.93973066116090E+00
 cg2d: Sum(rhs),rhsMax =   5.25801624462474E-13  1.93976996338456E+00
 cg2d: Sum(rhs),rhsMax =   3.83693077310454E-13  1.93980863183583E+00
 cg2d: Sum(rhs),rhsMax =   8.24229573481716E-13  1.93984667537096E+00
 cg2d: Sum(rhs),rhsMax =   5.96855898038484E-13  1.93988410326446E+00
 Calling cg2d from S/R CG2D_MAD
 cg2d: Sum(rhs),rhsMax =  -2.48689957516035E-14  4.23998481694739E-09
 Calling cg2d from S/R CG2D_MAD
 cg2d: Sum(rhs),rhsMax =  -6.39488462184090E-14  4.26734822350914E-09
 Calling cg2d from S/R CG2D_MAD
 cg2d: Sum(rhs),rhsMax =   7.99360577730113E-14  4.26605971988435E-09
 Calling cg2d from S/R CG2D_MAD
 cg2d: Sum(rhs),rhsMax =   1.77635683940025E-13  4.23675330033480E-09
 Calling cg2d from S/R CG2D_MAD
 cg2d: Sum(rhs),rhsMax =  -5.86197757002083E-14  4.18025367253234E-09
 Calling cg2d from S/R CG2D_MAD
 cg2d: Sum(rhs),rhsMax =   1.84741111297626E-13  4.09755576651773E-09
 Calling cg2d from S/R CG2D_MAD
 cg2d: Sum(rhs),rhsMax =   1.59872115546023E-14  3.98980565692861E-09
 Calling cg2d from S/R CG2D_MAD
 cg2d: Sum(rhs),rhsMax =   7.63833440942108E-14  3.85828321314694E-09
 Calling cg2d from S/R CG2D_MAD
 cg2d: Sum(rhs),rhsMax =  -2.32702745961433E-13  3.70438648798338E-09
 Calling cg2d from S/R CG2D_MAD
 cg2d: Sum(rhs),rhsMax =  -6.57252030578093E-14  3.52961795217850E-09
 Calling cg2d from S/R CG2D_MAD
 cg2d: Sum(rhs),rhsMax =   1.35003119794419E-13  3.33557200593571E-09
 Calling cg2d from S/R CG2D_MAD
 cg2d: Sum(rhs),rhsMax =  -9.23705556488130E-14  3.12392362753441E-09
 Calling cg2d from S/R CG2D_MAD
 cg2d: Sum(rhs),rhsMax =  -1.59872115546023E-13  3.11026184591575E-09
 Calling cg2d from S/R CG2D_MAD
 cg2d: Sum(rhs),rhsMax =   1.29674049276218E-13  3.16687844361934E-09
 Calling cg2d from S/R CG2D_MAD
 cg2d: Sum(rhs),rhsMax =   1.33226762955019E-13  3.35008453588615E-09
 Calling cg2d from S/R CG2D_MAD
 cg2d: Sum(rhs),rhsMax =   2.13162820728030E-14  3.55963663584221E-09
 Calling cg2d from S/R CG2D_MAD
 cg2d: Sum(rhs),rhsMax =   4.70734562441066E-14  3.75783344114630E-09
 Calling cg2d from S/R CG2D_MAD
 cg2d: Sum(rhs),rhsMax =   6.21724893790088E-15  3.94419920664078E-09
 Calling cg2d from S/R CG2D_MAD
 cg2d: Sum(rhs),rhsMax =  -7.37188088351104E-14  4.11831694461602E-09
 Calling cg2d from S/R CG2D_MAD
 cg2d: Sum(rhs),rhsMax =   7.72715225139109E-14  4.27982437590542E-09
 Calling cg2d from S/R CG2D_MAD
 cg2d: Sum(rhs),rhsMax =   4.79616346638068E-14  4.42840807270250E-09
 Calling cg2d from S/R CG2D_MAD
 cg2d: Sum(rhs),rhsMax =  -3.37507799486048E-14  4.56379630968119E-09
 Calling cg2d from S/R CG2D_MAD
 cg2d: Sum(rhs),rhsMax =   4.88498130835069E-15  4.68575118183067E-09
 Calling cg2d from S/R CG2D_MAD
 cg2d: Sum(rhs),rhsMax =  -3.39728245535298E-14  4.79406064757907E-09
 Calling cg2d from S/R CG2D_MAD
 cg2d: Sum(rhs),rhsMax =  -1.88737914186277E-14  4.88853122980544E-09
 Calling cg2d from S/R CG2D_MAD
 cg2d: Sum(rhs),rhsMax =   5.82867087928207E-15  4.96898196679228E-09
 Calling cg2d from S/R CG2D_MAD
 cg2d: Sum(rhs),rhsMax =  -3.46389583683049E-14  5.03524019570032E-09
 Calling cg2d from S/R CG2D_MAD
 cg2d: Sum(rhs),rhsMax =   1.46549439250521E-14  5.08713965154285E-09
 Calling cg2d from S/R CG2D_MAD
 cg2d: Sum(rhs),rhsMax =  -6.66133814775094E-14  5.12452115173286E-09
 Calling cg2d from S/R CG2D_MAD
 cg2d: Sum(rhs),rhsMax =   0.00000000000000E+00  5.14723599688731E-09
 Calling cg2d from S/R CG2D_MAD
 cg2d: Sum(rhs),rhsMax =   6.57252030578093E-14  5.15515204324724E-09
 Calling cg2d from S/R CG2D_MAD
 cg2d: Sum(rhs),rhsMax =  -3.81916720471054E-14  5.14816219135769E-09
 Calling cg2d from S/R CG2D_MAD
 cg2d: Sum(rhs),rhsMax =   1.45661260830821E-13  5.12619489400961E-09
 Calling cg2d from S/R CG2D_MAD
 cg2d: Sum(rhs),rhsMax =  -3.37507799486048E-14  5.08922612799806E-09
 Calling cg2d from S/R CG2D_MAD
 cg2d: Sum(rhs),rhsMax =   3.73034936274053E-14  5.03729217240079E-09
 Calling cg2d from S/R CG2D_MAD
 cg2d: Sum(rhs),rhsMax =   7.28306304154103E-14  4.97050240221759E-09
 Calling cg2d from S/R CG2D_MAD
 cg2d: Sum(rhs),rhsMax =  -8.88178419700125E-14  4.88910726586773E-09
 Calling cg2d from S/R CG2D_MAD
 cg2d: Sum(rhs),rhsMax =   4.26325641456060E-14  4.79324661752684E-09
 Calling cg2d from S/R CG2D_MAD
 cg2d: Sum(rhs),rhsMax =   7.46069872548105E-14  4.68341388323531E-09
 Calling cg2d from S/R CG2D_MAD
 cg2d: Sum(rhs),rhsMax =  -3.90798504668055E-14  4.56014802227977E-09
 Calling cg2d from S/R CG2D_MAD
 cg2d: Sum(rhs),rhsMax =  -3.90798504668055E-14  4.42403805412978E-09
 Calling cg2d from S/R CG2D_MAD
 cg2d: Sum(rhs),rhsMax =  -2.48689957516035E-14  4.27579832925648E-09
 Calling cg2d from S/R CG2D_MAD
 cg2d: Sum(rhs),rhsMax =  -3.55271367880050E-15  4.11626669142819E-09
 Calling cg2d from S/R CG2D_MAD
 cg2d: Sum(rhs),rhsMax =   1.84741111297626E-13  3.94638089383314E-09
 Calling cg2d from S/R CG2D_MAD
 cg2d: Sum(rhs),rhsMax =  -1.70530256582424E-13  3.76716287446444E-09
 Calling cg2d from S/R CG2D_MAD
 cg2d: Sum(rhs),rhsMax =   2.13162820728030E-14  3.57970507936239E-09
 Calling cg2d from S/R CG2D_MAD
 cg2d: Sum(rhs),rhsMax =  -1.20792265079217E-13  3.38515390357594E-09
 Calling cg2d from S/R CG2D_MAD
 cg2d: Sum(rhs),rhsMax =   1.06581410364015E-13  3.18469019809427E-09
 Calling cg2d from S/R CG2D_MAD
 cg2d: Sum(rhs),rhsMax =  -3.55271367880050E-14  2.97950871441212E-09
 Calling cg2d from S/R CG2D_MAD
 cg2d: Sum(rhs),rhsMax =   2.84217094304040E-14  2.77079683918069E-09
 Calling cg2d from S/R CG2D_MAD
 cg2d: Sum(rhs),rhsMax =  -1.63424829224823E-13  2.80810938092074E-09
 Calling cg2d from S/R CG2D_MAD
 cg2d: Sum(rhs),rhsMax =  -2.84217094304040E-14  2.89476687546152E-09
 Calling cg2d from S/R CG2D_MAD
 cg2d: Sum(rhs),rhsMax =   9.23705556488130E-14  2.96012826376681E-09
 Calling cg2d from S/R CG2D_MAD
 cg2d: Sum(rhs),rhsMax =   2.84217094304040E-14  3.00392016770084E-09
 Calling cg2d from S/R CG2D_MAD
 cg2d: Sum(rhs),rhsMax =  -1.13686837721616E-13  3.02608430721830E-09
 Calling cg2d from S/R CG2D_MAD
 cg2d: Sum(rhs),rhsMax =   1.13686837721616E-13  3.02677549158112E-09
 Calling cg2d from S/R CG2D_MAD
 cg2d: Sum(rhs),rhsMax =   7.10542735760100E-15  3.00635553197228E-09
 Calling cg2d from S/R CG2D_MAD
 cg2d: Sum(rhs),rhsMax =  -7.10542735760100E-15  2.96538339994760E-09
 Calling cg2d from S/R CG2D_MAD
 cg2d: Sum(rhs),rhsMax =  -6.39488462184090E-14  2.90460195244202E-09
 Calling cg2d from S/R CG2D_MAD
 cg2d: Sum(rhs),rhsMax =  -5.68434188608080E-14  2.82492164431538E-09
 Calling cg2d from S/R CG2D_MAD
 cg2d: Sum(rhs),rhsMax =   2.13162820728030E-14  2.72740174105017E-09
 Calling cg2d from S/R CG2D_MAD
 cg2d: Sum(rhs),rhsMax =  -7.10542735760100E-15  2.65829388067686E-09
 Calling cg2d from S/R CG2D_MAD
 cg2d: Sum(rhs),rhsMax =  -4.26325641456060E-14  2.66842311484587E-09
 Calling cg2d from S/R CG2D_MAD
 cg2d: Sum(rhs),rhsMax =  -1.49213974509621E-13  2.66105715721531E-09
 Calling cg2d from S/R CG2D_MAD
 cg2d: Sum(rhs),rhsMax =  -1.06581410364015E-14  2.63607754450658E-09
 Calling cg2d from S/R CG2D_MAD
 cg2d: Sum(rhs),rhsMax =  -6.03961325396085E-14  2.59350315383599E-09
 Calling cg2d from S/R CG2D_MAD
 cg2d: Sum(rhs),rhsMax =   1.42108547152020E-14  2.53348034092106E-09
 Calling cg2d from S/R CG2D_MAD
 cg2d: Sum(rhs),rhsMax =   6.39488462184090E-14  2.45630885123074E-09
 Calling cg2d from S/R CG2D_MAD
 cg2d: Sum(rhs),rhsMax =   6.75015598972095E-14  2.36245319263003E-09
 Calling cg2d from S/R CG2D_MAD
 cg2d: Sum(rhs),rhsMax =  -7.37188088351104E-14  2.33974161423446E-09
 Calling cg2d from S/R CG2D_MAD
 cg2d: Sum(rhs),rhsMax =  -3.18356452311264E-14  2.45887164369854E-09
 Calling cg2d from S/R CG2D_MAD
 cg2d: Sum(rhs),rhsMax =  -8.61533067109121E-14  2.56540285583029E-09
 cg2d: Sum(rhs),rhsMax =   4.12114786740858E-13  1.92857900068019E+00
 cg2d: Sum(rhs),rhsMax =   5.54223333892878E-13  1.92869670265704E+00
 cg2d: Sum(rhs),rhsMax =   3.41060513164848E-13  1.92881387791971E+00
 cg2d: Sum(rhs),rhsMax =   1.09423581307055E-12  1.92893052604666E+00
 cg2d: Sum(rhs),rhsMax =   3.12638803734444E-13  1.92904664661470E+00
 cg2d: Sum(rhs),rhsMax =   5.40012479177676E-13  1.92916223919901E+00
 cg2d: Sum(rhs),rhsMax =   2.98427949019242E-13  1.92927730337316E+00
 cg2d: Sum(rhs),rhsMax =   6.39488462184090E-13  1.92939183870915E+00
 cg2d: Sum(rhs),rhsMax =   4.97379915032070E-13  1.92950584477758E+00
 cg2d: Sum(rhs),rhsMax =   8.95283847057726E-13  1.92961932114758E+00
 cg2d: Sum(rhs),rhsMax =   8.95283847057726E-13  1.92973226738738E+00
 cg2d: Sum(rhs),rhsMax =   5.68434188608080E-13  1.92984468306405E+00
 cg2d: Sum(rhs),rhsMax =   2.98427949019242E-13  1.92995656774445E+00
 cg2d: Sum(rhs),rhsMax =   5.40012479177676E-13  1.93006792099529E+00
 cg2d: Sum(rhs),rhsMax =   6.39488462184090E-13  1.93017874238343E+00
 cg2d: Sum(rhs),rhsMax =   1.02318153949454E-12  1.93028903147606E+00
 cg2d: Sum(rhs),rhsMax =   4.97379915032070E-13  1.93039878784116E+00
 cg2d: Sum(rhs),rhsMax =   3.26849658449646E-13  1.93050801104787E+00
 cg2d: Sum(rhs),rhsMax =   6.67910171614494E-13  1.93061670066704E+00
 cg2d: Sum(rhs),rhsMax =   5.25801624462474E-13  1.93072485627181E+00
 cg2d: Sum(rhs),rhsMax =   2.27373675443232E-13  1.93083247743803E+00
 cg2d: Sum(rhs),rhsMax =   8.38440428196918E-13  1.93093956374486E+00
 cg2d: Sum(rhs),rhsMax =   7.67386154620908E-13  1.93104611477529E+00
 cg2d: Sum(rhs),rhsMax =   6.67910171614494E-13  1.93115213011663E+00
 cg2d: Sum(rhs),rhsMax =   1.22213350550737E-12  1.93125760936110E+00
 cg2d: Sum(rhs),rhsMax =   3.12638803734444E-13  1.93136255210162E+00
 cg2d: Sum(rhs),rhsMax =   3.97903932025656E-13  1.93146695794174E+00
 cg2d: Sum(rhs),rhsMax =   1.70530256582424E-13  1.93157082649017E+00
 cg2d: Sum(rhs),rhsMax =   4.26325641456060E-14  1.93167415737075E+00
 cg2d: Sum(rhs),rhsMax =   6.25277607468888E-13  1.93177695021354E+00
 cg2d: Sum(rhs),rhsMax =   1.09423581307055E-12  1.93187920465270E+00
 cg2d: Sum(rhs),rhsMax =   8.81072992342524E-13  1.93198092032812E+00
 cg2d: Sum(rhs),rhsMax =   6.25277607468888E-13  1.93208209688792E+00
 cg2d: Sum(rhs),rhsMax =   8.10018718766514E-13  1.93218273399017E+00
 cg2d: Sum(rhs),rhsMax =   3.55271367880050E-13  1.93228283130393E+00
 cg2d: Sum(rhs),rhsMax =   7.53175299905706E-13  1.93238238850931E+00
 cg2d: Sum(rhs),rhsMax =   7.81597009336110E-13  1.93248140529762E+00
 cg2d: Sum(rhs),rhsMax =   5.68434188608080E-13  1.93257988137149E+00
 cg2d: Sum(rhs),rhsMax =   6.39488462184090E-13  1.93267781644492E+00
 cg2d: Sum(rhs),rhsMax =   3.55271367880050E-13  1.93277521024356E+00
 cg2d: Sum(rhs),rhsMax =   7.67386154620908E-13  1.93287206250491E+00
 cg2d: Sum(rhs),rhsMax =   8.10018718766514E-13  1.93296837297858E+00
 cg2d: Sum(rhs),rhsMax =   8.81072992342524E-13  1.93306414142636E+00
 cg2d: Sum(rhs),rhsMax =   5.40012479177676E-13  1.93315936762238E+00
 cg2d: Sum(rhs),rhsMax =   4.54747350886464E-13  1.93325405135327E+00
 cg2d: Sum(rhs),rhsMax =   5.40012479177676E-13  1.93334819241804E+00
 cg2d: Sum(rhs),rhsMax =   5.40012479177676E-13  1.93344179062820E+00
 cg2d: Sum(rhs),rhsMax =   1.02318153949454E-12  1.93353484580756E+00
 cg2d: Sum(rhs),rhsMax =   4.26325641456060E-13  1.93362735779224E+00
 cg2d: Sum(rhs),rhsMax =   5.25801624462474E-13  1.93371932643040E+00
 cg2d: Sum(rhs),rhsMax =   8.95283847057726E-13  1.93381075158211E+00
 cg2d: Sum(rhs),rhsMax =   9.37916411203332E-13  1.93390163311906E+00
 cg2d: Sum(rhs),rhsMax =   7.38964445190504E-13  1.93399197092435E+00
 cg2d: Sum(rhs),rhsMax =   7.95807864051312E-13  1.93408176489211E+00
 cg2d: Sum(rhs),rhsMax =   5.54223333892878E-13  1.93417101492726E+00
 cg2d: Sum(rhs),rhsMax =   5.54223333892878E-13  1.93425972094508E+00
 cg2d: Sum(rhs),rhsMax =   6.25277607468888E-13  1.93434788287089E+00
 cg2d: Sum(rhs),rhsMax =   9.66338120633736E-13  1.93443550063950E+00
 cg2d: Sum(rhs),rhsMax =   5.25801624462474E-13  1.93452257419497E+00
 cg2d: Sum(rhs),rhsMax =   5.11590769747272E-13  1.93460910348989E+00
 cg2d: Sum(rhs),rhsMax =   3.12638803734444E-13  1.93469508848506E+00
 cg2d: Sum(rhs),rhsMax =   3.12638803734444E-13  1.93478052914887E+00
 cg2d: Sum(rhs),rhsMax =   9.94759830064140E-13  1.93486542545689E+00
 cg2d: Sum(rhs),rhsMax =   8.52651282912120E-13  1.93494977739110E+00
 cg2d: Sum(rhs),rhsMax =   3.55271367880050E-13  1.93503358493964E+00
 cg2d: Sum(rhs),rhsMax =   1.13686837721616E-13  1.93511684809590E+00
 cg2d: Sum(rhs),rhsMax =   9.94759830064140E-13  1.93519956685836E+00
 cg2d: Sum(rhs),rhsMax =   6.67910171614494E-13  1.93528174122961E+00
 cg2d: Sum(rhs),rhsMax =   8.24229573481716E-13  1.93536337121621E+00
 cg2d: Sum(rhs),rhsMax =   2.98427949019242E-13  1.93544445682779E+00
 cg2d: Sum(rhs),rhsMax =   3.97903932025656E-13  1.93552499796900E+00
 cg2d: Sum(rhs),rhsMax =   7.95807864051312E-13  1.93560499479069E+00
 Calling cg2d from S/R CG2D_MAD
 cg2d: Sum(rhs),rhsMax =  -1.06581410364015E-14  2.65864451508270E-09
 Calling cg2d from S/R CG2D_MAD
 cg2d: Sum(rhs),rhsMax =  -3.37507799486048E-14  2.73792956675476E-09
 Calling cg2d from S/R CG2D_MAD
 cg2d: Sum(rhs),rhsMax =   4.26325641456060E-14  2.86538730140951E-09
 Calling cg2d from S/R CG2D_MAD
 cg2d: Sum(rhs),rhsMax =  -1.06581410364015E-13  3.04433040293346E-09
 Calling cg2d from S/R CG2D_MAD
 cg2d: Sum(rhs),rhsMax =   1.10134124042816E-13  3.21261601972412E-09
 Calling cg2d from S/R CG2D_MAD
 cg2d: Sum(rhs),rhsMax =  -3.55271367880050E-15  3.36984193205690E-09
 Calling cg2d from S/R CG2D_MAD
 cg2d: Sum(rhs),rhsMax =  -1.38555833473220E-13  3.51653306245576E-09
 Calling cg2d from S/R CG2D_MAD
 cg2d: Sum(rhs),rhsMax =  -1.03028696685215E-13  3.65100606246315E-09
 Calling cg2d from S/R CG2D_MAD
 cg2d: Sum(rhs),rhsMax =   1.06581410364015E-13  3.77267681639510E-09
 Calling cg2d from S/R CG2D_MAD
 cg2d: Sum(rhs),rhsMax =  -2.13162820728030E-14  3.88262937739138E-09
 Calling cg2d from S/R CG2D_MAD
 cg2d: Sum(rhs),rhsMax =  -7.10542735760100E-15  3.98159241005631E-09
 Calling cg2d from S/R CG2D_MAD
 cg2d: Sum(rhs),rhsMax =   5.68434188608080E-14  4.06936596373677E-09
 Calling cg2d from S/R CG2D_MAD
 cg2d: Sum(rhs),rhsMax =  -6.39488462184090E-14  4.14556251917535E-09
 Calling cg2d from S/R CG2D_MAD
 cg2d: Sum(rhs),rhsMax =  -7.10542735760100E-15  4.21010781210585E-09
 Calling cg2d from S/R CG2D_MAD
 cg2d: Sum(rhs),rhsMax =  -4.26325641456060E-14  4.26319198828248E-09
 Calling cg2d from S/R CG2D_MAD
 cg2d: Sum(rhs),rhsMax =  -9.94759830064140E-14  4.30507354924386E-09
 Calling cg2d from S/R CG2D_MAD
 cg2d: Sum(rhs),rhsMax =   1.42108547152020E-14  4.33598106785105E-09
 Calling cg2d from S/R CG2D_MAD
 cg2d: Sum(rhs),rhsMax =  -6.39488462184090E-14  4.35610601637299E-09
 Calling cg2d from S/R CG2D_MAD
 cg2d: Sum(rhs),rhsMax =   1.42108547152020E-14  4.36562049224461E-09
 Calling cg2d from S/R CG2D_MAD
 cg2d: Sum(rhs),rhsMax =   7.10542735760100E-15  4.36468832491066E-09
 Calling cg2d from S/R CG2D_MAD
 cg2d: Sum(rhs),rhsMax =  -1.42108547152020E-14  4.35346791115353E-09
 Calling cg2d from S/R CG2D_MAD
 cg2d: Sum(rhs),rhsMax =  -2.13162820728030E-14  4.33211233889482E-09
 Calling cg2d from S/R CG2D_MAD
 cg2d: Sum(rhs),rhsMax =   1.13686837721616E-13  4.30077007092409E-09
 Calling cg2d from S/R CG2D_MAD
 cg2d: Sum(rhs),rhsMax =   0.00000000000000E+00  4.25958693810312E-09
 Calling cg2d from S/R CG2D_MAD
 cg2d: Sum(rhs),rhsMax =  -2.13162820728030E-14  4.20870923938391E-09
 Calling cg2d from S/R CG2D_MAD
 cg2d: Sum(rhs),rhsMax =   0.00000000000000E+00  4.14828760649622E-09
 Calling cg2d from S/R CG2D_MAD
 cg2d: Sum(rhs),rhsMax =   4.26325641456060E-14  4.07848132336020E-09
 Calling cg2d from S/R CG2D_MAD
 cg2d: Sum(rhs),rhsMax =   1.42108547152020E-14  3.99946281084754E-09
 Calling cg2d from S/R CG2D_MAD
 cg2d: Sum(rhs),rhsMax =   2.13162820728030E-14  3.91142200252976E-09
 Calling cg2d from S/R CG2D_MAD
 cg2d: Sum(rhs),rhsMax =  -3.19744231092045E-14  3.81457036950157E-09
 Calling cg2d from S/R CG2D_MAD
 cg2d: Sum(rhs),rhsMax =   7.46069872548105E-14  3.70914442080133E-09
 Calling cg2d from S/R CG2D_MAD
 cg2d: Sum(rhs),rhsMax =  -5.68434188608080E-14  3.59540853385842E-09
 Calling cg2d from S/R CG2D_MAD
 cg2d: Sum(rhs),rhsMax =  -2.13162820728030E-14  3.47365708150798E-09
 Calling cg2d from S/R CG2D_MAD
 cg2d: Sum(rhs),rhsMax =   1.42108547152020E-14  3.34421587177297E-09
 Calling cg2d from S/R CG2D_MAD
 cg2d: Sum(rhs),rhsMax =  -5.68434188608080E-14  3.20744274542840E-09
 Calling cg2d from S/R CG2D_MAD
 cg2d: Sum(rhs),rhsMax =   3.55271367880050E-14  3.06372756078572E-09
 Calling cg2d from S/R CG2D_MAD
 cg2d: Sum(rhs),rhsMax =   1.03028696685215E-13  2.91349140167652E-09
 Calling cg2d from S/R CG2D_MAD
 cg2d: Sum(rhs),rhsMax =  -7.46069872548105E-14  2.75718504757575E-09
 Calling cg2d from S/R CG2D_MAD
 cg2d: Sum(rhs),rhsMax =   9.41469124882133E-14  2.59528682646423E-09
 Calling cg2d from S/R CG2D_MAD
 cg2d: Sum(rhs),rhsMax =   5.68434188608080E-14  2.63774471550339E-09
 Calling cg2d from S/R CG2D_MAD
 cg2d: Sum(rhs),rhsMax =   1.68753899743024E-13  2.73321237438759E-09
 Calling cg2d from S/R CG2D_MAD
 cg2d: Sum(rhs),rhsMax =  -6.39488462184090E-14  2.81105143810769E-09
 Calling cg2d from S/R CG2D_MAD
 cg2d: Sum(rhs),rhsMax =  -7.54951656745106E-14  2.87087818774049E-09
 Calling cg2d from S/R CG2D_MAD
 cg2d: Sum(rhs),rhsMax =   2.25375273998907E-14  2.91243128822576E-09
 Calling cg2d from S/R CG2D_MAD
 cg2d: Sum(rhs),rhsMax =   2.79776202205539E-14  2.93557041453381E-09
 Calling cg2d from S/R CG2D_MAD
 cg2d: Sum(rhs),rhsMax =   6.83897383169096E-14  2.94027431095466E-09
 Calling cg2d from S/R CG2D_MAD
 cg2d: Sum(rhs),rhsMax =  -1.77635683940025E-15  2.92663823145441E-09
 Calling cg2d from S/R CG2D_MAD
 cg2d: Sum(rhs),rhsMax =   8.88178419700125E-15  2.89487097177379E-09
 Calling cg2d from S/R CG2D_MAD
 cg2d: Sum(rhs),rhsMax =  -2.30926389122033E-14  2.84529159404959E-09
 Calling cg2d from S/R CG2D_MAD
 cg2d: Sum(rhs),rhsMax =   3.37507799486048E-14  2.77832563000530E-09
 Calling cg2d from S/R CG2D_MAD
 cg2d: Sum(rhs),rhsMax =   5.32907051820075E-14  2.69450137626000E-09
 Calling cg2d from S/R CG2D_MAD
 cg2d: Sum(rhs),rhsMax =  -1.52766688188422E-13  2.59444526515021E-09
 Calling cg2d from S/R CG2D_MAD
 cg2d: Sum(rhs),rhsMax =  -9.94759830064140E-14  2.47887858659426E-09
 Calling cg2d from S/R CG2D_MAD
 cg2d: Sum(rhs),rhsMax =  -7.10542735760100E-14  2.34861234710332E-09
 Calling cg2d from S/R CG2D_MAD
 cg2d: Sum(rhs),rhsMax =  -6.03961325396085E-14  2.20454184125283E-09
 Calling cg2d from S/R CG2D_MAD
 cg2d: Sum(rhs),rhsMax =  -2.20268248085631E-13  2.08009246253523E-09
 Calling cg2d from S/R CG2D_MAD
 cg2d: Sum(rhs),rhsMax =  -2.84217094304040E-14  2.21709428633687E-09
 Calling cg2d from S/R CG2D_MAD
 cg2d: Sum(rhs),rhsMax =   3.90798504668055E-14  2.34862020732317E-09
 Calling cg2d from S/R CG2D_MAD
 cg2d: Sum(rhs),rhsMax =  -7.81597009336110E-14  2.47418030261626E-09
 Calling cg2d from S/R CG2D_MAD
 cg2d: Sum(rhs),rhsMax =   4.26325641456060E-14  2.59331241323437E-09
 Calling cg2d from S/R CG2D_MAD
 cg2d: Sum(rhs),rhsMax =  -6.39488462184090E-14  2.70558660354903E-09
 Calling cg2d from S/R CG2D_MAD
 cg2d: Sum(rhs),rhsMax =  -8.52651282912120E-14  2.81060920924553E-09
 Calling cg2d from S/R CG2D_MAD
 cg2d: Sum(rhs),rhsMax =   1.77635683940025E-14  2.90802660222957E-09
 Calling cg2d from S/R CG2D_MAD
 cg2d: Sum(rhs),rhsMax =   6.75015598972095E-14  2.99752842364937E-09
 Calling cg2d from S/R CG2D_MAD
 cg2d: Sum(rhs),rhsMax =   3.55271367880050E-15  3.07885026808593E-09
 Calling cg2d from S/R CG2D_MAD
 cg2d: Sum(rhs),rhsMax =  -1.03028696685215E-13  3.15177572393225E-09
 Calling cg2d from S/R CG2D_MAD
 cg2d: Sum(rhs),rhsMax =  -1.42108547152020E-14  3.21613771630434E-09
 Calling cg2d from S/R CG2D_MAD
 cg2d: Sum(rhs),rhsMax =   1.63424829224823E-13  3.27181913299692E-09
 Calling cg2d from S/R CG2D_MAD
 cg2d: Sum(rhs),rhsMax =  -4.61852778244065E-14  3.31875269136620E-09
 Calling cg2d from S/R CG2D_MAD
 cg2d: Sum(rhs),rhsMax =   3.90798504668055E-14  3.35692003911470E-09
 Calling cg2d from S/R CG2D_MAD
 cg2d: Sum(rhs),rhsMax =  -2.84217094304040E-14  3.38635015685799E-09
 Calling cg2d from S/R CG2D_MAD
 cg2d: Sum(rhs),rhsMax =   2.48689957516035E-14  3.40711712225535E-09
 cg2d: Sum(rhs),rhsMax =   8.66862137627322E-13  1.94369797282126E+00
 cg2d: Sum(rhs),rhsMax =   8.38440428196918E-13  1.94341860206214E+00
 cg2d: Sum(rhs),rhsMax =   7.24753590475302E-13  1.94313877160459E+00
 cg2d: Sum(rhs),rhsMax =   7.10542735760100E-13  1.94285848328739E+00
 cg2d: Sum(rhs),rhsMax =   2.84217094304040E-13  1.94257773894592E+00
 cg2d: Sum(rhs),rhsMax =   6.39488462184090E-13  1.94229654041174E+00
 cg2d: Sum(rhs),rhsMax =   6.53699316899292E-13  1.94201488951250E+00
 cg2d: Sum(rhs),rhsMax =   1.42108547152020E-13  1.94173278807173E+00
 cg2d: Sum(rhs),rhsMax =   5.11590769747272E-13  1.94145023790879E+00
 cg2d: Sum(rhs),rhsMax =   2.84217094304040E-13  1.94116724083870E+00
 cg2d: Sum(rhs),rhsMax =   4.83169060316868E-13  1.94088379867222E+00
 cg2d: Sum(rhs),rhsMax =   3.41060513164848E-13  1.94059991321575E+00
 cg2d: Sum(rhs),rhsMax =   4.26325641456060E-13  1.94031558627149E+00
 cg2d: Sum(rhs),rhsMax =   7.81597009336110E-13  1.94003081963746E+00
 cg2d: Sum(rhs),rhsMax =   8.52651282912120E-14  1.93974561510767E+00
 cg2d: Sum(rhs),rhsMax =   1.02318153949454E-12  1.93945997447226E+00
 cg2d: Sum(rhs),rhsMax =   5.11590769747272E-13  1.93917389951769E+00
 cg2d: Sum(rhs),rhsMax =   5.54223333892878E-13  1.93888739202708E+00
 cg2d: Sum(rhs),rhsMax =   7.81597009336110E-13  1.93860045378034E+00
 cg2d: Sum(rhs),rhsMax =   5.25801624462474E-13  1.93831308655456E+00
 cg2d: Sum(rhs),rhsMax =   4.12114786740858E-13  1.93802529212428E+00
 cg2d: Sum(rhs),rhsMax =   1.42108547152020E-13  1.93773707226191E+00
 cg2d: Sum(rhs),rhsMax =   3.83693077310454E-13  1.93744842873804E+00
 cg2d: Sum(rhs),rhsMax =   8.24229573481716E-13  1.93715936332187E+00
 cg2d: Sum(rhs),rhsMax =   9.09494701772928E-13  1.93686987778160E+00
 cg2d: Sum(rhs),rhsMax =   7.67386154620908E-13  1.93657997388481E+00
 cg2d: Sum(rhs),rhsMax =   1.84741111297626E-13  1.93628965339906E+00
 cg2d: Sum(rhs),rhsMax =   7.10542735760100E-13  1.93599891809210E+00
 cg2d: Sum(rhs),rhsMax =   6.11066752753686E-13  1.93570776973251E+00
 cg2d: Sum(rhs),rhsMax =   8.38440428196918E-13  1.93541621009003E+00
 cg2d: Sum(rhs),rhsMax =   5.25801624462474E-13  1.93512424093609E+00
 cg2d: Sum(rhs),rhsMax =   6.39488462184090E-13  1.93483186404424E+00
 cg2d: Sum(rhs),rhsMax =   1.00897068477934E-12  1.93453908119057E+00
 cg2d: Sum(rhs),rhsMax =   3.97903932025656E-13  1.93424589415416E+00
 cg2d: Sum(rhs),rhsMax =   4.83169060316868E-13  1.93395230471752E+00
 cg2d: Sum(rhs),rhsMax =   9.37916411203332E-13  1.93365831466701E+00
 cg2d: Sum(rhs),rhsMax =   3.83693077310454E-13  1.93336392579320E+00
 cg2d: Sum(rhs),rhsMax =   2.27373675443232E-13  1.93306913989130E+00
 cg2d: Sum(rhs),rhsMax =   1.09423581307055E-12  1.93277395876149E+00
 cg2d: Sum(rhs),rhsMax =   6.39488462184090E-13  1.93247838420931E+00
 cg2d: Sum(rhs),rhsMax =   6.39488462184090E-13  1.93218241804590E+00
 cg2d: Sum(rhs),rhsMax =   5.68434188608080E-13  1.93188606208839E+00
 cg2d: Sum(rhs),rhsMax =   8.38440428196918E-13  1.93158931816012E+00
 cg2d: Sum(rhs),rhsMax =   7.53175299905706E-13  1.93129218809088E+00
 cg2d: Sum(rhs),rhsMax =   1.27897692436818E-13  1.93099467371713E+00
 cg2d: Sum(rhs),rhsMax =   8.52651282912120E-13  1.93069677688223E+00
 cg2d: Sum(rhs),rhsMax =   9.52127265918534E-13  1.93039849943654E+00
 cg2d: Sum(rhs),rhsMax =   6.39488462184090E-13  1.93009984323759E+00
 cg2d: Sum(rhs),rhsMax =   6.67910171614494E-13  1.92980081015016E+00
 cg2d: Sum(rhs),rhsMax =   6.39488462184090E-13  1.92950140204634E+00
 cg2d: Sum(rhs),rhsMax =   5.25801624462474E-13  1.92920162080559E+00
 cg2d: Sum(rhs),rhsMax =   6.96331881044898E-13  1.92890146831472E+00
 cg2d: Sum(rhs),rhsMax =   2.98427949019242E-13  1.92860094646788E+00
 cg2d: Sum(rhs),rhsMax =   8.81072992342524E-13  1.92830005716652E+00
 cg2d: Sum(rhs),rhsMax =   6.11066752753686E-13  1.92799880231927E+00
 cg2d: Sum(rhs),rhsMax =   5.54223333892878E-13  1.92769718384186E+00
 cg2d: Sum(rhs),rhsMax =   6.67910171614494E-13  1.92739520365697E+00
 cg2d: Sum(rhs),rhsMax =   4.97379915032070E-13  1.92709286369405E+00
 cg2d: Sum(rhs),rhsMax =   5.68434188608080E-13  1.92687610148430E+00
 cg2d: Sum(rhs),rhsMax =   3.83693077310454E-13  1.92700113371436E+00
 cg2d: Sum(rhs),rhsMax =   4.68958205601666E-13  1.92712564506751E+00
 cg2d: Sum(rhs),rhsMax =   6.82121026329696E-13  1.92724963512089E+00
 cg2d: Sum(rhs),rhsMax =   6.96331881044898E-13  1.92737310345423E+00
 cg2d: Sum(rhs),rhsMax =   7.95807864051312E-13  1.92749604964945E+00
 cg2d: Sum(rhs),rhsMax =   6.67910171614494E-13  1.92761847329006E+00
 cg2d: Sum(rhs),rhsMax =   2.70006239588838E-13  1.92774037396074E+00
 cg2d: Sum(rhs),rhsMax =   3.97903932025656E-13  1.92786175124701E+00
 cg2d: Sum(rhs),rhsMax =   4.26325641456060E-13  1.92798260473467E+00
 cg2d: Sum(rhs),rhsMax =   5.68434188608080E-14  1.92810293400958E+00
 cg2d: Sum(rhs),rhsMax =   5.54223333892878E-13  1.92822273865721E+00
 cg2d: Sum(rhs),rhsMax =   8.52651282912120E-13  1.92834201826242E+00
 cg2d: Sum(rhs),rhsMax =   5.40012479177676E-13  1.92846077240915E+00
 Calling cg2d from S/R CG2D_MAD
 cg2d: Sum(rhs),rhsMax =  -3.55271367880050E-14  3.41933724803594E-09
 Calling cg2d from S/R CG2D_MAD
 cg2d: Sum(rhs),rhsMax =   2.13162820728030E-14  3.42316561789221E-09
 Calling cg2d from S/R CG2D_MAD
 cg2d: Sum(rhs),rhsMax =   6.75015598972095E-14  3.41879215231183E-09
 Calling cg2d from S/R CG2D_MAD
 cg2d: Sum(rhs),rhsMax =   2.48689957516035E-14  3.40643723204098E-09
 Calling cg2d from S/R CG2D_MAD
 cg2d: Sum(rhs),rhsMax =   2.48689957516035E-14  3.38634714245294E-09
 Calling cg2d from S/R CG2D_MAD
 cg2d: Sum(rhs),rhsMax =  -8.52651282912120E-14  3.35878932562463E-09
 Calling cg2d from S/R CG2D_MAD
 cg2d: Sum(rhs),rhsMax =  -2.13162820728030E-14  3.32404756897058E-09
 Calling cg2d from S/R CG2D_MAD
 cg2d: Sum(rhs),rhsMax =  -8.17124146124115E-14  3.28241729078440E-09
 Calling cg2d from S/R CG2D_MAD
 cg2d: Sum(rhs),rhsMax =  -2.13162820728030E-14  3.23420096014984E-09
 Calling cg2d from S/R CG2D_MAD
 cg2d: Sum(rhs),rhsMax =  -7.10542735760100E-15  3.17970377690674E-09
 Calling cg2d from S/R CG2D_MAD
 cg2d: Sum(rhs),rhsMax =  -1.06581410364015E-14  3.11922978026338E-09
 Calling cg2d from S/R CG2D_MAD
 cg2d: Sum(rhs),rhsMax =  -1.03028696685215E-13  3.05307835431409E-09
 Calling cg2d from S/R CG2D_MAD
 cg2d: Sum(rhs),rhsMax =   2.13162820728030E-14  2.98154132650917E-09
 Calling cg2d from S/R CG2D_MAD
 cg2d: Sum(rhs),rhsMax =  -8.17124146124115E-14  2.90490059380744E-09
 Calling cg2d from S/R CG2D_MAD
 cg2d: Sum(rhs),rhsMax =  -8.17124146124115E-14  2.82342640716217E-09
 Calling cg2d from S/R CG2D_MAD
 cg2d: Sum(rhs),rhsMax =  -1.31450406115619E-13  2.73737629386895E-09
 Calling cg2d from S/R CG2D_MAD
 cg2d: Sum(rhs),rhsMax =  -3.19744231092045E-14  2.64699462739996E-09
 Calling cg2d from S/R CG2D_MAD
 cg2d: Sum(rhs),rhsMax =   1.27897692436818E-13  2.55251283160806E-09
 Calling cg2d from S/R CG2D_MAD
 cg2d: Sum(rhs),rhsMax =  -3.55271367880050E-15  2.45415018683689E-09
 Calling cg2d from S/R CG2D_MAD
 cg2d: Sum(rhs),rhsMax =   1.45661260830821E-13  2.35211518942836E-09
 Calling cg2d from S/R CG2D_MAD
 cg2d: Sum(rhs),rhsMax =  -1.13686837721616E-13  2.24660739928015E-09
 Calling cg2d from S/R CG2D_MAD
 cg2d: Sum(rhs),rhsMax =   3.19744231092045E-14  2.13781971076558E-09
 Calling cg2d from S/R CG2D_MAD
 cg2d: Sum(rhs),rhsMax =  -1.06581410364015E-13  2.02594095515066E-09
 Calling cg2d from S/R CG2D_MAD
 cg2d: Sum(rhs),rhsMax =   2.48689957516035E-14  1.91115870155915E-09
 Calling cg2d from S/R CG2D_MAD
 cg2d: Sum(rhs),rhsMax =  -1.95399252334028E-14  1.79366221886141E-09
 Calling cg2d from S/R CG2D_MAD
 cg2d: Sum(rhs),rhsMax =   9.23705556488130E-14  1.67364552975375E-09
 Calling cg2d from S/R CG2D_MAD
 cg2d: Sum(rhs),rhsMax =   1.86517468137026E-14  1.57089359120486E-09
 Calling cg2d from S/R CG2D_MAD
 cg2d: Sum(rhs),rhsMax =  -3.15303338993544E-14  1.63425050679881E-09
 Calling cg2d from S/R CG2D_MAD
 cg2d: Sum(rhs),rhsMax =   1.02140518265514E-14  1.72358206496084E-09
 Calling cg2d from S/R CG2D_MAD
 cg2d: Sum(rhs),rhsMax =  -5.15143483426073E-14  1.80092277076787E-09
 Calling cg2d from S/R CG2D_MAD
 cg2d: Sum(rhs),rhsMax =   1.24344978758018E-14  1.86582226343039E-09
 Calling cg2d from S/R CG2D_MAD
 cg2d: Sum(rhs),rhsMax =  -5.15143483426073E-14  1.91792595103307E-09
 Calling cg2d from S/R CG2D_MAD
 cg2d: Sum(rhs),rhsMax =   7.81597009336110E-14  1.95697727441689E-09
 Calling cg2d from S/R CG2D_MAD
 cg2d: Sum(rhs),rhsMax =   1.13686837721616E-13  1.98281900710172E-09
 Calling cg2d from S/R CG2D_MAD
 cg2d: Sum(rhs),rhsMax =  -1.42108547152020E-14  1.99539359182734E-09
 Calling cg2d from S/R CG2D_MAD
 cg2d: Sum(rhs),rhsMax =   6.39488462184090E-14  1.99474251631729E-09
 Calling cg2d from S/R CG2D_MAD
 cg2d: Sum(rhs),rhsMax =  -1.35003119794419E-13  1.98100478444359E-09
 Calling cg2d from S/R CG2D_MAD
 cg2d: Sum(rhs),rhsMax =   5.68434188608080E-14  1.95441447549499E-09
 Calling cg2d from S/R CG2D_MAD
 cg2d: Sum(rhs),rhsMax =  -7.10542735760100E-14  1.91529748192376E-09
 Calling cg2d from S/R CG2D_MAD
 cg2d: Sum(rhs),rhsMax =   1.27897692436818E-13  1.86406746571868E-09
 Calling cg2d from S/R CG2D_MAD
 cg2d: Sum(rhs),rhsMax =  -1.42108547152020E-14  1.80122110653023E-09
 Calling cg2d from S/R CG2D_MAD
 cg2d: Sum(rhs),rhsMax =   7.10542735760100E-14  1.72733271647018E-09
 Calling cg2d from S/R CG2D_MAD
 cg2d: Sum(rhs),rhsMax =  -9.23705556488130E-14  1.70123564122061E-09
 Calling cg2d from S/R CG2D_MAD
 cg2d: Sum(rhs),rhsMax =   6.39488462184090E-14  1.84624176597159E-09
 Calling cg2d from S/R CG2D_MAD
 cg2d: Sum(rhs),rhsMax =  -4.97379915032070E-14  1.98692308386258E-09
 Calling cg2d from S/R CG2D_MAD
 cg2d: Sum(rhs),rhsMax =   9.94759830064140E-14  2.12292365457210E-09
 Calling cg2d from S/R CG2D_MAD
 cg2d: Sum(rhs),rhsMax =  -2.84217094304040E-14  2.25390386466119E-09
 Calling cg2d from S/R CG2D_MAD
 cg2d: Sum(rhs),rhsMax =   1.42108547152020E-14  2.37953950738217E-09
 Calling cg2d from S/R CG2D_MAD
 cg2d: Sum(rhs),rhsMax =   4.26325641456060E-14  2.49952098463239E-09
 Calling cg2d from S/R CG2D_MAD
 cg2d: Sum(rhs),rhsMax =  -7.10542735760100E-15  2.61355266365017E-09
 Calling cg2d from S/R CG2D_MAD
 cg2d: Sum(rhs),rhsMax =   0.00000000000000E+00  2.72135243321309E-09
 Calling cg2d from S/R CG2D_MAD
 cg2d: Sum(rhs),rhsMax =  -4.97379915032070E-14  2.82265149170104E-09
 Calling cg2d from S/R CG2D_MAD
 cg2d: Sum(rhs),rhsMax =   2.84217094304040E-14  2.91719438779285E-09
 Calling cg2d from S/R CG2D_MAD
 cg2d: Sum(rhs),rhsMax =  -6.39488462184090E-14  3.00473932339810E-09
 Calling cg2d from S/R CG2D_MAD
 cg2d: Sum(rhs),rhsMax =  -4.97379915032070E-14  3.08505871715289E-09
 Calling cg2d from S/R CG2D_MAD
 cg2d: Sum(rhs),rhsMax =   1.42108547152020E-14  3.15794001576863E-09
 Calling cg2d from S/R CG2D_MAD
 cg2d: Sum(rhs),rhsMax =   6.39488462184090E-14  3.22318673013407E-09
 Calling cg2d from S/R CG2D_MAD
 cg2d: Sum(rhs),rhsMax =  -7.10542735760100E-14  3.28061966369191E-09
 Calling cg2d from S/R CG2D_MAD
 cg2d: Sum(rhs),rhsMax =   4.26325641456060E-14  3.33007829254027E-09
 Calling cg2d from S/R CG2D_MAD
 cg2d: Sum(rhs),rhsMax =  -2.84217094304040E-14  3.37142225016073E-09
 Calling cg2d from S/R CG2D_MAD
 cg2d: Sum(rhs),rhsMax =  -1.42108547152020E-14  3.40453286550717E-09
 Calling cg2d from S/R CG2D_MAD
 cg2d: Sum(rhs),rhsMax =  -3.55271367880050E-15  3.42931469580428E-09
 Calling cg2d from S/R CG2D_MAD
 cg2d: Sum(rhs),rhsMax =  -3.55271367880050E-15  3.44569700784967E-09
 Calling cg2d from S/R CG2D_MAD
 cg2d: Sum(rhs),rhsMax =   3.55271367880050E-15  3.45363511574967E-09
 Calling cg2d from S/R CG2D_MAD
 cg2d: Sum(rhs),rhsMax =   1.77635683940025E-14  3.45311169364527E-09
 Calling cg2d from S/R CG2D_MAD
 cg2d: Sum(rhs),rhsMax =   3.19744231092045E-14  3.44413756862776E-09
 Calling cg2d from S/R CG2D_MAD
 cg2d: Sum(rhs),rhsMax =  -7.28306304154103E-14  3.42675260721931E-09
 Calling cg2d from S/R CG2D_MAD
 cg2d: Sum(rhs),rhsMax =  -1.59872115546023E-14  3.40102617315292E-09
 Calling cg2d from S/R CG2D_MAD
 cg2d: Sum(rhs),rhsMax =  -1.77635683940025E-14  3.36705711762434E-09
 Calling cg2d from S/R CG2D_MAD
 cg2d: Sum(rhs),rhsMax =   2.93098878501041E-14  3.32497379397939E-09
 Calling cg2d from S/R CG2D_MAD
 cg2d: Sum(rhs),rhsMax =  -2.22044604925031E-14  3.27493341996851E-09
 Calling cg2d from S/R CG2D_MAD
 cg2d: Sum(rhs),rhsMax =   7.54951656745106E-14  3.21712128657449E-09
 cg2d: Sum(rhs),rhsMax =   6.11066752753686E-13  1.96248965981730E+00
 cg2d: Sum(rhs),rhsMax =   1.56319401867222E-13  1.96224791943242E+00
 cg2d: Sum(rhs),rhsMax =   4.97379915032070E-13  1.96200560169281E+00
 cg2d: Sum(rhs),rhsMax =   6.53699316899292E-13  1.96176270808592E+00
 cg2d: Sum(rhs),rhsMax =   2.27373675443232E-13  1.96151924009144E+00
 cg2d: Sum(rhs),rhsMax =   6.25277607468888E-13  1.96127519918162E+00
 cg2d: Sum(rhs),rhsMax =   6.96331881044898E-13  1.96103058682175E+00
 cg2d: Sum(rhs),rhsMax =   8.66862137627322E-13  1.96078540447065E+00
 cg2d: Sum(rhs),rhsMax =   5.40012479177676E-13  1.96053965358120E+00
 cg2d: Sum(rhs),rhsMax =   3.83693077310454E-13  1.96029333560099E+00
 cg2d: Sum(rhs),rhsMax =   3.26849658449646E-13  1.96004645197293E+00
 cg2d: Sum(rhs),rhsMax =   5.11590769747272E-13  1.95979900413596E+00
 cg2d: Sum(rhs),rhsMax =   8.24229573481716E-13  1.95955099352574E+00
 cg2d: Sum(rhs),rhsMax =   4.40536496171262E-13  1.95930242157547E+00
 cg2d: Sum(rhs),rhsMax =   9.52127265918534E-13  1.95905328971658E+00
 cg2d: Sum(rhs),rhsMax =   5.82645043323282E-13  1.95880359937958E+00
 cg2d: Sum(rhs),rhsMax =   4.12114786740858E-13  1.95855335199488E+00
 cg2d: Sum(rhs),rhsMax =   7.24753590475302E-13  1.95830254899360E+00
 cg2d: Sum(rhs),rhsMax =   8.81072992342524E-13  1.95805119180838E+00
 cg2d: Sum(rhs),rhsMax =   8.10018718766514E-13  1.95779928187433E+00
 cg2d: Sum(rhs),rhsMax =   7.81597009336110E-13  1.95754682062979E+00
 cg2d: Sum(rhs),rhsMax =   2.84217094304040E-13  1.95729380951715E+00
 cg2d: Sum(rhs),rhsMax =   9.52127265918534E-13  1.95704024998382E+00
 cg2d: Sum(rhs),rhsMax =   7.67386154620908E-13  1.95678614348284E+00
 cg2d: Sum(rhs),rhsMax =   5.11590769747272E-13  1.95653149147391E+00
 cg2d: Sum(rhs),rhsMax =   1.16529008664656E-12  1.95627629542389E+00
 cg2d: Sum(rhs),rhsMax =   5.25801624462474E-13  1.95602055680779E+00
 cg2d: Sum(rhs),rhsMax =   5.25801624462474E-13  1.95576427710913E+00
 cg2d: Sum(rhs),rhsMax =   6.67910171614494E-13  1.95550745782000E+00
 cg2d: Sum(rhs),rhsMax =   3.97903932025656E-13  1.95525010044306E+00
 cg2d: Sum(rhs),rhsMax =   5.54223333892878E-13  1.95499220649196E+00
 cg2d: Sum(rhs),rhsMax =  -1.42108547152020E-14  1.95473377749184E+00
 cg2d: Sum(rhs),rhsMax =   6.25277607468888E-13  1.95447481497951E+00
 cg2d: Sum(rhs),rhsMax =   1.02318153949454E-12  1.95421532050339E+00
 cg2d: Sum(rhs),rhsMax =   9.23705556488130E-13  1.95395529562391E+00
 cg2d: Sum(rhs),rhsMax =   3.83693077310454E-13  1.95369474191388E+00
 cg2d: Sum(rhs),rhsMax =   4.83169060316868E-13  1.95343366095896E+00
 cg2d: Sum(rhs),rhsMax =   7.95807864051312E-13  1.95317205435795E+00
 cg2d: Sum(rhs),rhsMax =   8.24229573481716E-13  1.95290992372285E+00
 cg2d: Sum(rhs),rhsMax =   4.68958205601666E-13  1.95264727067904E+00
 cg2d: Sum(rhs),rhsMax =   1.05160324892495E-12  1.95238409686525E+00
 cg2d: Sum(rhs),rhsMax =   7.38964445190504E-13  1.95212040393353E+00
 cg2d: Sum(rhs),rhsMax =   4.54747350886464E-13  1.95185619354920E+00
 cg2d: Sum(rhs),rhsMax =   9.80548975348938E-13  1.95159146739067E+00
 cg2d: Sum(rhs),rhsMax =   2.27373675443232E-13  1.95132622714929E+00
 cg2d: Sum(rhs),rhsMax =   5.11590769747272E-13  1.95106047452911E+00
 cg2d: Sum(rhs),rhsMax =   5.68434188608080E-13  1.95079421124660E+00
 cg2d: Sum(rhs),rhsMax =   9.52127265918534E-13  1.95052743903028E+00
 cg2d: Sum(rhs),rhsMax =   3.97903932025656E-13  1.95026015962039E+00
 cg2d: Sum(rhs),rhsMax =   7.38964445190504E-13  1.94999237476839E+00
 cg2d: Sum(rhs),rhsMax =   3.83693077310454E-13  1.94972408623658E+00
 cg2d: Sum(rhs),rhsMax =   2.84217094304040E-13  1.94945529579752E+00
 cg2d: Sum(rhs),rhsMax =   4.40536496171262E-13  1.94918600523358E+00
 cg2d: Sum(rhs),rhsMax =   8.81072992342524E-13  1.94891621633629E+00
 cg2d: Sum(rhs),rhsMax =   4.97379915032070E-13  1.94864593090579E+00
 cg2d: Sum(rhs),rhsMax =   2.84217094304040E-13  1.94837515075023E+00
 cg2d: Sum(rhs),rhsMax =   1.27897692436818E-13  1.94810387768510E+00
 cg2d: Sum(rhs),rhsMax =   4.12114786740858E-13  1.94783211353261E+00
 cg2d: Sum(rhs),rhsMax =   9.23705556488130E-13  1.94755986012104E+00
 cg2d: Sum(rhs),rhsMax =   7.38964445190504E-13  1.94728711928404E+00
 cg2d: Sum(rhs),rhsMax =   6.67910171614494E-13  1.94701389286003E+00
 cg2d: Sum(rhs),rhsMax =   9.52127265918534E-13  1.94674018269146E+00
 cg2d: Sum(rhs),rhsMax =   4.54747350886464E-13  1.94646599062426E+00
 cg2d: Sum(rhs),rhsMax =   5.96855898038484E-13  1.94619131850707E+00
 cg2d: Sum(rhs),rhsMax =   6.53699316899292E-13  1.94591616819072E+00
 cg2d: Sum(rhs),rhsMax =   6.53699316899292E-13  1.94564054152754E+00
 cg2d: Sum(rhs),rhsMax =   6.67910171614494E-13  1.94536444037075E+00
 cg2d: Sum(rhs),rhsMax =   6.11066752753686E-13  1.94508786657396E+00
 cg2d: Sum(rhs),rhsMax =   8.10018718766514E-13  1.94481082199053E+00
 cg2d: Sum(rhs),rhsMax =  -1.42108547152020E-14  1.94453330847307E+00
 cg2d: Sum(rhs),rhsMax =  -4.26325641456060E-14  1.94425532787295E+00
 cg2d: Sum(rhs),rhsMax =   6.11066752753686E-13  1.94397688203985E+00
 Calling cg2d from S/R CG2D_MAD
 cg2d: Sum(rhs),rhsMax =   5.18474152499948E-14  3.15174961793941E-09
 Calling cg2d from S/R CG2D_MAD
 cg2d: Sum(rhs),rhsMax =   7.03881397612349E-14  3.07905616447129E-09
 Calling cg2d from S/R CG2D_MAD
 cg2d: Sum(rhs),rhsMax =  -6.66133814775094E-15  2.99930253616239E-09
 Calling cg2d from S/R CG2D_MAD
 cg2d: Sum(rhs),rhsMax =   1.68753899743024E-14  2.91277234023579E-09
 Calling cg2d from S/R CG2D_MAD
 cg2d: Sum(rhs),rhsMax =   8.34887714518118E-14  2.81976916196786E-09
 Calling cg2d from S/R CG2D_MAD
 cg2d: Sum(rhs),rhsMax =   3.19744231092045E-14  2.72061443842446E-09
 Calling cg2d from S/R CG2D_MAD
 cg2d: Sum(rhs),rhsMax =  -1.24344978758018E-14  2.61564527918360E-09
 Calling cg2d from S/R CG2D_MAD
 cg2d: Sum(rhs),rhsMax =  -2.84217094304040E-14  2.50521228782184E-09
 Calling cg2d from S/R CG2D_MAD
 cg2d: Sum(rhs),rhsMax =   2.06057393370429E-13  2.38967743567551E-09
 Calling cg2d from S/R CG2D_MAD
 cg2d: Sum(rhs),rhsMax =   3.55271367880050E-15  2.26941203583873E-09
 Calling cg2d from S/R CG2D_MAD
 cg2d: Sum(rhs),rhsMax =  -2.84217094304040E-14  2.14479486029694E-09
 Calling cg2d from S/R CG2D_MAD
 cg2d: Sum(rhs),rhsMax =  -1.56319401867222E-13  2.01621043646598E-09
 Calling cg2d from S/R CG2D_MAD
 cg2d: Sum(rhs),rhsMax =   1.56319401867222E-13  1.88404755146048E-09
 Calling cg2d from S/R CG2D_MAD
 cg2d: Sum(rhs),rhsMax =   0.00000000000000E+00  1.74869798770078E-09
 Calling cg2d from S/R CG2D_MAD
 cg2d: Sum(rhs),rhsMax =  -1.13686837721616E-13  1.61055546787015E-09
 Calling cg2d from S/R CG2D_MAD
 cg2d: Sum(rhs),rhsMax =   7.10542735760100E-15  1.51803113205176E-09
 Calling cg2d from S/R CG2D_MAD
 cg2d: Sum(rhs),rhsMax =  -4.97379915032070E-14  1.53984377356251E-09
 Calling cg2d from S/R CG2D_MAD
 cg2d: Sum(rhs),rhsMax =   1.98951966012828E-13  1.55140934850774E-09
 Calling cg2d from S/R CG2D_MAD
 cg2d: Sum(rhs),rhsMax =   2.13162820728030E-14  1.55264622711084E-09
 Calling cg2d from S/R CG2D_MAD
 cg2d: Sum(rhs),rhsMax =  -2.13162820728030E-14  1.54354430764769E-09
 Calling cg2d from S/R CG2D_MAD
 cg2d: Sum(rhs),rhsMax =   4.26325641456060E-14  1.52416554172986E-09
 Calling cg2d from S/R CG2D_MAD
 cg2d: Sum(rhs),rhsMax =   1.42108547152020E-14  1.49464392799065E-09
 Calling cg2d from S/R CG2D_MAD
 cg2d: Sum(rhs),rhsMax =  -1.70530256582424E-13  1.45518495390263E-09
 Calling cg2d from S/R CG2D_MAD
 cg2d: Sum(rhs),rhsMax =  -1.06581410364015E-13  1.40606447075654E-09
 Calling cg2d from S/R CG2D_MAD
 cg2d: Sum(rhs),rhsMax =   2.13162820728030E-14  1.34762699552164E-09
 Calling cg2d from S/R CG2D_MAD
 cg2d: Sum(rhs),rhsMax =   2.84217094304040E-14  1.28028342103095E-09
 Calling cg2d from S/R CG2D_MAD
 cg2d: Sum(rhs),rhsMax =  -1.42108547152020E-14  1.34192845742090E-09
 Calling cg2d from S/R CG2D_MAD
 cg2d: Sum(rhs),rhsMax =   1.42108547152020E-14  1.40537111308656E-09
 Calling cg2d from S/R CG2D_MAD
 cg2d: Sum(rhs),rhsMax =  -3.62376795237651E-13  1.46060584139308E-09
 Calling cg2d from S/R CG2D_MAD
 cg2d: Sum(rhs),rhsMax =  -7.81597009336110E-14  1.50726473504116E-09
 Calling cg2d from S/R CG2D_MAD
 cg2d: Sum(rhs),rhsMax =  -1.77635683940025E-13  1.54502871710803E-09
 Calling cg2d from S/R CG2D_MAD
 cg2d: Sum(rhs),rhsMax =   4.97379915032070E-14  1.57363063530664E-09
 Calling cg2d from S/R CG2D_MAD
 cg2d: Sum(rhs),rhsMax =  -6.39488462184090E-14  1.59285796509912E-09
 Calling cg2d from S/R CG2D_MAD
 cg2d: Sum(rhs),rhsMax =  -2.84217094304040E-14  1.60255539673559E-09
 Calling cg2d from S/R CG2D_MAD
 cg2d: Sum(rhs),rhsMax =   2.13162820728030E-14  1.60262700048848E-09
 Calling cg2d from S/R CG2D_MAD
 cg2d: Sum(rhs),rhsMax =  -1.63424829224823E-13  1.64243579993847E-09
 Calling cg2d from S/R CG2D_MAD
 cg2d: Sum(rhs),rhsMax =  -1.27897692436818E-13  1.72347269475951E-09
 Calling cg2d from S/R CG2D_MAD
 cg2d: Sum(rhs),rhsMax =  -2.48689957516035E-14  1.80101441870809E-09
 Calling cg2d from S/R CG2D_MAD
 cg2d: Sum(rhs),rhsMax =   3.19744231092045E-14  1.87490349058229E-09
 Calling cg2d from S/R CG2D_MAD
 cg2d: Sum(rhs),rhsMax =  -4.97379915032070E-14  1.94499654310455E-09
 Calling cg2d from S/R CG2D_MAD
 cg2d: Sum(rhs),rhsMax =   1.42108547152020E-14  2.01116315288979E-09
 Calling cg2d from S/R CG2D_MAD
 cg2d: Sum(rhs),rhsMax =   1.31450406115619E-13  2.07328459118297E-09
 Calling cg2d from S/R CG2D_MAD
 cg2d: Sum(rhs),rhsMax =   9.94759830064140E-14  2.13125255746255E-09
 Calling cg2d from S/R CG2D_MAD
 cg2d: Sum(rhs),rhsMax =   2.13162820728030E-14  2.18496790386016E-09
 Calling cg2d from S/R CG2D_MAD
 cg2d: Sum(rhs),rhsMax =  -1.95399252334028E-14  2.23433946058792E-09
 Calling cg2d from S/R CG2D_MAD
 cg2d: Sum(rhs),rhsMax =  -5.32907051820075E-15  2.27928291903072E-09
 Calling cg2d from S/R CG2D_MAD
 cg2d: Sum(rhs),rhsMax =   1.38555833473220E-13  2.31971989080480E-09
 Calling cg2d from S/R CG2D_MAD
 cg2d: Sum(rhs),rhsMax =   7.63833440942108E-14  2.35557711428506E-09
 Calling cg2d from S/R CG2D_MAD
 cg2d: Sum(rhs),rhsMax =   2.30926389122033E-14  2.38678585438714E-09
 Calling cg2d from S/R CG2D_MAD
 cg2d: Sum(rhs),rhsMax =  -9.10382880192628E-14  2.41532253336665E-09
 Calling cg2d from S/R CG2D_MAD
 cg2d: Sum(rhs),rhsMax =   5.63993296509580E-14  2.43370840802969E-09
 Calling cg2d from S/R CG2D_MAD
 cg2d: Sum(rhs),rhsMax =   4.70734562441066E-14  2.45104918472067E-09
 Calling cg2d from S/R CG2D_MAD
 cg2d: Sum(rhs),rhsMax =   5.60662627435704E-14  2.46431197413211E-09
 Calling cg2d from S/R CG2D_MAD
 cg2d: Sum(rhs),rhsMax =   4.35207425653061E-14  2.47167922496992E-09
 Calling cg2d from S/R CG2D_MAD
 cg2d: Sum(rhs),rhsMax =   1.90958360235527E-14  2.47368559709171E-09
 Calling cg2d from S/R CG2D_MAD
 cg2d: Sum(rhs),rhsMax =  -4.70734562441066E-14  2.47072128215264E-09
 Calling cg2d from S/R CG2D_MAD
 cg2d: Sum(rhs),rhsMax =   3.28626015289046E-14  2.46278425065194E-09
 Calling cg2d from S/R CG2D_MAD
 cg2d: Sum(rhs),rhsMax =  -5.32907051820075E-15  2.44980713993664E-09
 Calling cg2d from S/R CG2D_MAD
 cg2d: Sum(rhs),rhsMax =  -1.24344978758018E-14  2.43175880656966E-09
 Calling cg2d from S/R CG2D_MAD
 cg2d: Sum(rhs),rhsMax =  -2.84217094304040E-14  2.40863484379190E-09
 Calling cg2d from S/R CG2D_MAD
 cg2d: Sum(rhs),rhsMax =  -1.77635683940025E-15  2.38044579169072E-09
 Calling cg2d from S/R CG2D_MAD
 cg2d: Sum(rhs),rhsMax =  -6.75015598972095E-14  2.34721530214712E-09
 Calling cg2d from S/R CG2D_MAD
 cg2d: Sum(rhs),rhsMax =   0.00000000000000E+00  2.30898126210996E-09
 Calling cg2d from S/R CG2D_MAD
 cg2d: Sum(rhs),rhsMax =   7.10542735760100E-15  2.26579697624991E-09
 Calling cg2d from S/R CG2D_MAD
 cg2d: Sum(rhs),rhsMax =  -2.13162820728030E-14  2.21773212309560E-09
 Calling cg2d from S/R CG2D_MAD
 cg2d: Sum(rhs),rhsMax =  -4.97379915032070E-14  2.16487356605759E-09
 Calling cg2d from S/R CG2D_MAD
 cg2d: Sum(rhs),rhsMax =   4.61852778244065E-14  2.10732602461884E-09
 Calling cg2d from S/R CG2D_MAD
 cg2d: Sum(rhs),rhsMax =  -4.97379915032070E-14  2.04521258107153E-09
 Calling cg2d from S/R CG2D_MAD
 cg2d: Sum(rhs),rhsMax =  -1.35003119794419E-13  1.97867500396468E-09
 Calling cg2d from S/R CG2D_MAD
 cg2d: Sum(rhs),rhsMax =   1.06581410364015E-13  1.90787387765998E-09
 Calling cg2d from S/R CG2D_MAD
 cg2d: Sum(rhs),rhsMax =  -7.10542735760100E-14  1.83298853317918E-09
 Calling cg2d from S/R CG2D_MAD
 cg2d: Sum(rhs),rhsMax =  -8.52651282912120E-14  1.75421678030725E-09
 cg2d: Sum(rhs),rhsMax =   9.80548975348938E-13  1.97827854582572E+00
 cg2d: Sum(rhs),rhsMax =   5.25801624462474E-13  1.97808227613343E+00
 cg2d: Sum(rhs),rhsMax =   6.82121026329696E-13  1.97788533110499E+00
 cg2d: Sum(rhs),rhsMax =   6.96331881044898E-13  1.97768771171512E+00
 cg2d: Sum(rhs),rhsMax =   5.25801624462474E-13  1.97748941893637E+00
 cg2d: Sum(rhs),rhsMax =   5.82645043323282E-13  1.97729045374023E+00
 cg2d: Sum(rhs),rhsMax =   4.97379915032070E-13  1.97709081709860E+00
 cg2d: Sum(rhs),rhsMax =   5.40012479177676E-13  1.97689050998497E+00
 cg2d: Sum(rhs),rhsMax =   3.12638803734444E-13  1.97668953337581E+00
 cg2d: Sum(rhs),rhsMax =   4.68958205601666E-13  1.97648788825193E+00
 cg2d: Sum(rhs),rhsMax =   5.96855898038484E-13  1.97628557559974E+00
 cg2d: Sum(rhs),rhsMax =   8.66862137627322E-13  1.97608259641259E+00
 cg2d: Sum(rhs),rhsMax =   8.24229573481716E-13  1.97587895169206E+00
 cg2d: Sum(rhs),rhsMax =   7.67386154620908E-13  1.97567464244922E+00
 cg2d: Sum(rhs),rhsMax =   8.81072992342524E-13  1.97546966970587E+00
 cg2d: Sum(rhs),rhsMax =   6.96331881044898E-13  1.97526403449570E+00
 cg2d: Sum(rhs),rhsMax =   1.37845290737459E-12  1.97505773786539E+00
 cg2d: Sum(rhs),rhsMax =   3.55271367880050E-13  1.97485078087579E+00
 cg2d: Sum(rhs),rhsMax =   8.81072992342524E-13  1.97464316460279E+00
 cg2d: Sum(rhs),rhsMax =   2.27373675443232E-13  1.97443489013837E+00
 cg2d: Sum(rhs),rhsMax =   7.81597009336110E-13  1.97422595859144E+00
 cg2d: Sum(rhs),rhsMax =   4.97379915032070E-13  1.97401637108861E+00
 cg2d: Sum(rhs),rhsMax =   1.15107923193136E-12  1.97380612877493E+00
 cg2d: Sum(rhs),rhsMax =   8.95283847057726E-13  1.97359523281450E+00
 cg2d: Sum(rhs),rhsMax =   2.98427949019242E-13  1.97338368439104E+00
 cg2d: Sum(rhs),rhsMax =   7.67386154620908E-13  1.97317148470831E+00
 cg2d: Sum(rhs),rhsMax =   4.12114786740858E-13  1.97295863499044E+00
 cg2d: Sum(rhs),rhsMax =   6.96331881044898E-13  1.97274513648229E+00
 cg2d: Sum(rhs),rhsMax =   3.55271367880050E-13  1.97253099044952E+00
 cg2d: Sum(rhs),rhsMax =   9.66338120633736E-13  1.97231619817873E+00
 cg2d: Sum(rhs),rhsMax =   8.10018718766514E-13  1.97210076097736E+00
 cg2d: Sum(rhs),rhsMax =   9.52127265918534E-13  1.97188468017375E+00
 cg2d: Sum(rhs),rhsMax =   9.80548975348938E-13  1.97166795711670E+00
 cg2d: Sum(rhs),rhsMax =   7.38964445190504E-13  1.97145059317542E+00
 cg2d: Sum(rhs),rhsMax =   4.97379915032070E-13  1.97123258973895E+00
 cg2d: Sum(rhs),rhsMax =   8.95283847057726E-13  1.97101394821586E+00
 cg2d: Sum(rhs),rhsMax =   5.40012479177676E-13  1.97079467003358E+00
 cg2d: Sum(rhs),rhsMax =   4.97379915032070E-13  1.97057475663789E+00
 cg2d: Sum(rhs),rhsMax =   9.09494701772928E-13  1.97035420949216E+00
 cg2d: Sum(rhs),rhsMax =   9.66338120633736E-13  1.97013303007660E+00
 cg2d: Sum(rhs),rhsMax =   5.96855898038484E-13  1.96991121988750E+00
 cg2d: Sum(rhs),rhsMax =   4.68958205601666E-13  1.96968878043627E+00
 cg2d: Sum(rhs),rhsMax =   9.94759830064140E-13  1.96946571324857E+00
 cg2d: Sum(rhs),rhsMax =   1.17950094136177E-12  1.96924201986333E+00
 cg2d: Sum(rhs),rhsMax =   6.96331881044898E-13  1.96901770183170E+00
 cg2d: Sum(rhs),rhsMax =   6.53699316899292E-13  1.96879276071608E+00
 cg2d: Sum(rhs),rhsMax =   8.24229573481716E-13  1.96856719808902E+00
 cg2d: Sum(rhs),rhsMax =   3.55271367880050E-13  1.96834101553189E+00
 cg2d: Sum(rhs),rhsMax =   6.82121026329696E-13  1.96811421463408E+00
 cg2d: Sum(rhs),rhsMax =   7.10542735760100E-13  1.96788679699181E+00
 cg2d: Sum(rhs),rhsMax =   2.84217094304040E-13  1.96765876420699E+00
 cg2d: Sum(rhs),rhsMax =   9.80548975348938E-13  1.96743011788635E+00
 cg2d: Sum(rhs),rhsMax =   6.67910171614494E-13  1.96720085964019E+00
 cg2d: Sum(rhs),rhsMax =   7.10542735760100E-13  1.96697099108125E+00
 cg2d: Sum(rhs),rhsMax =   1.16529008664656E-12  1.96674051382352E+00
 cg2d: Sum(rhs),rhsMax =   7.24753590475302E-13  1.96650942948124E+00
 cg2d: Sum(rhs),rhsMax =   7.67386154620908E-13  1.96627773966782E+00
 cg2d: Sum(rhs),rhsMax =   6.67910171614494E-13  1.96604544599503E+00
 cg2d: Sum(rhs),rhsMax =   8.24229573481716E-13  1.96581255007208E+00
 cg2d: Sum(rhs),rhsMax =   6.82121026329696E-13  1.96557905350480E+00
 cg2d: Sum(rhs),rhsMax =   5.40012479177676E-13  1.96534495789490E+00
 cg2d: Sum(rhs),rhsMax =   6.82121026329696E-13  1.96511026483912E+00
 cg2d: Sum(rhs),rhsMax =   4.26325641456060E-13  1.96487497592866E+00
 cg2d: Sum(rhs),rhsMax =   8.38440428196918E-13  1.96463909274843E+00
 cg2d: Sum(rhs),rhsMax =   9.23705556488130E-13  1.96440261687654E+00
 cg2d: Sum(rhs),rhsMax =   6.96331881044898E-13  1.96416554988385E+00
 cg2d: Sum(rhs),rhsMax =   3.83693077310454E-13  1.96392789333350E+00
 cg2d: Sum(rhs),rhsMax =   7.10542735760100E-13  1.96368964878063E+00
 cg2d: Sum(rhs),rhsMax =   1.00897068477934E-12  1.96345081777201E+00
 cg2d: Sum(rhs),rhsMax =   9.80548975348938E-13  1.96321140184599E+00
 cg2d: Sum(rhs),rhsMax =   2.13162820728030E-13  1.96297140253227E+00
 cg2d: Sum(rhs),rhsMax =   2.84217094304040E-13  1.96273082135189E+00
 Calling cg2d from S/R CG2D_MAD
 cg2d: Sum(rhs),rhsMax =   9.94759830064140E-14  1.67177444496888E-09
 Calling cg2d from S/R CG2D_MAD
 cg2d: Sum(rhs),rhsMax =  -4.97379915032070E-14  1.58589471888884E-09
 Calling cg2d from S/R CG2D_MAD
 cg2d: Sum(rhs),rhsMax =  -1.98951966012828E-13  1.49682733040048E-09
 Calling cg2d from S/R CG2D_MAD
 cg2d: Sum(rhs),rhsMax =  -1.56319401867222E-13  1.41525856141608E-09
 Calling cg2d from S/R CG2D_MAD
 cg2d: Sum(rhs),rhsMax =   0.00000000000000E+00  1.39302443615872E-09
 Calling cg2d from S/R CG2D_MAD
 cg2d: Sum(rhs),rhsMax =  -9.94759830064140E-14  1.36238682095054E-09
 Calling cg2d from S/R CG2D_MAD
 cg2d: Sum(rhs),rhsMax =  -7.10542735760100E-15  1.36181216248160E-09
 Calling cg2d from S/R CG2D_MAD
 cg2d: Sum(rhs),rhsMax =   1.56319401867222E-13  1.36278199054470E-09
 Calling cg2d from S/R CG2D_MAD
 cg2d: Sum(rhs),rhsMax =  -1.42108547152020E-14  1.35535332521216E-09
 Calling cg2d from S/R CG2D_MAD
 cg2d: Sum(rhs),rhsMax =  -1.70530256582424E-13  1.33964291541849E-09
 Calling cg2d from S/R CG2D_MAD
 cg2d: Sum(rhs),rhsMax =   0.00000000000000E+00  1.31581930896684E-09
 Calling cg2d from S/R CG2D_MAD
 cg2d: Sum(rhs),rhsMax =   7.10542735760100E-15  1.28410125924310E-09
 Calling cg2d from S/R CG2D_MAD
 cg2d: Sum(rhs),rhsMax =   1.13686837721616E-13  1.24475585782929E-09
 Calling cg2d from S/R CG2D_MAD
 cg2d: Sum(rhs),rhsMax =  -2.84217094304040E-14  1.19809634303548E-09
 Calling cg2d from S/R CG2D_MAD
 cg2d: Sum(rhs),rhsMax =  -2.84217094304040E-14  1.14447968747232E-09
 Calling cg2d from S/R CG2D_MAD
 cg2d: Sum(rhs),rhsMax =   1.42108547152020E-13  1.08430390667852E-09
 Calling cg2d from S/R CG2D_MAD
 cg2d: Sum(rhs),rhsMax =   7.81597009336110E-14  1.13478909552290E-09
 Calling cg2d from S/R CG2D_MAD
 cg2d: Sum(rhs),rhsMax =   0.00000000000000E+00  1.23403888280112E-09
 Calling cg2d from S/R CG2D_MAD
 cg2d: Sum(rhs),rhsMax =  -7.81597009336110E-14  1.33071162009503E-09
 Calling cg2d from S/R CG2D_MAD
 cg2d: Sum(rhs),rhsMax =  -6.39488462184090E-14  1.42454986689425E-09
 Calling cg2d from S/R CG2D_MAD
 cg2d: Sum(rhs),rhsMax =   7.81597009336110E-14  1.51530462030991E-09
 Calling cg2d from S/R CG2D_MAD
 cg2d: Sum(rhs),rhsMax =   9.94759830064140E-14  1.60273598362259E-09
 Calling cg2d from S/R CG2D_MAD
 cg2d: Sum(rhs),rhsMax =   1.42108547152020E-14  1.68661374851881E-09
 Calling cg2d from S/R CG2D_MAD
 cg2d: Sum(rhs),rhsMax =   1.42108547152020E-14  1.76671805789763E-09
 Calling cg2d from S/R CG2D_MAD
 cg2d: Sum(rhs),rhsMax =   7.10542735760100E-15  1.84283988279774E-09
 Calling cg2d from S/R CG2D_MAD
 cg2d: Sum(rhs),rhsMax =   4.61852778244065E-14  1.91478170230190E-09
 Calling cg2d from S/R CG2D_MAD
 cg2d: Sum(rhs),rhsMax =   4.26325641456060E-14  1.98235790316393E-09
 Calling cg2d from S/R CG2D_MAD
 cg2d: Sum(rhs),rhsMax =  -9.76996261670138E-15  2.04539542391765E-09
 Calling cg2d from S/R CG2D_MAD
 cg2d: Sum(rhs),rhsMax =  -1.59872115546023E-14  2.10373413278415E-09
 Calling cg2d from S/R CG2D_MAD
 cg2d: Sum(rhs),rhsMax =  -1.55431223447522E-15  2.15722728944071E-09
 Calling cg2d from S/R CG2D_MAD
 cg2d: Sum(rhs),rhsMax =  -3.55271367880050E-14  2.20574194142067E-09
 Calling cg2d from S/R CG2D_MAD
 cg2d: Sum(rhs),rhsMax =   1.86517468137026E-14  2.24915927773666E-09
 Calling cg2d from S/R CG2D_MAD
 cg2d: Sum(rhs),rhsMax =   2.93098878501041E-14  2.28737494189976E-09
 Calling cg2d from S/R CG2D_MAD
 cg2d: Sum(rhs),rhsMax =  -3.01980662698043E-14  2.32029930337704E-09
 Calling cg2d from S/R CG2D_MAD
 cg2d: Sum(rhs),rhsMax =  -6.75015598972095E-14  2.34785768597670E-09
 Calling cg2d from S/R CG2D_MAD
 cg2d: Sum(rhs),rhsMax =  -2.84217094304040E-14  2.36999055201110E-09
 Calling cg2d from S/R CG2D_MAD
 cg2d: Sum(rhs),rhsMax =  -2.84217094304040E-14  2.38665364408996E-09
 Calling cg2d from S/R CG2D_MAD
 cg2d: Sum(rhs),rhsMax =   6.75015598972095E-14  2.39781808900284E-09
 Calling cg2d from S/R CG2D_MAD
 cg2d: Sum(rhs),rhsMax =  -1.42108547152020E-14  2.40347046767190E-09
 Calling cg2d from S/R CG2D_MAD
 cg2d: Sum(rhs),rhsMax =  -6.39488462184090E-14  2.40361285285930E-09
 Calling cg2d from S/R CG2D_MAD
 cg2d: Sum(rhs),rhsMax =   4.97379915032070E-14  2.39826281317742E-09
 Calling cg2d from S/R CG2D_MAD
 cg2d: Sum(rhs),rhsMax =  -3.55271367880050E-15  2.38745339650200E-09
 Calling cg2d from S/R CG2D_MAD
 cg2d: Sum(rhs),rhsMax =  -9.59232693276135E-14  2.37123306074746E-09
 Calling cg2d from S/R CG2D_MAD
 cg2d: Sum(rhs),rhsMax =  -1.77635683940025E-14  2.34966560785714E-09
 Calling cg2d from S/R CG2D_MAD
 cg2d: Sum(rhs),rhsMax =   2.84217094304040E-14  2.32283007958367E-09
 Calling cg2d from S/R CG2D_MAD
 cg2d: Sum(rhs),rhsMax =  -7.10542735760100E-15  2.29082059214465E-09
 Calling cg2d from S/R CG2D_MAD
 cg2d: Sum(rhs),rhsMax =   5.68434188608080E-14  2.25374627376258E-09
 Calling cg2d from S/R CG2D_MAD
 cg2d: Sum(rhs),rhsMax =  -5.32907051820075E-14  2.21173098293781E-09
 Calling cg2d from S/R CG2D_MAD
 cg2d: Sum(rhs),rhsMax =  -7.10542735760100E-14  2.16491317054363E-09
 Calling cg2d from S/R CG2D_MAD
 cg2d: Sum(rhs),rhsMax =  -5.68434188608080E-14  2.11344562317742E-09
 Calling cg2d from S/R CG2D_MAD
 cg2d: Sum(rhs),rhsMax =   2.84217094304040E-14  2.05749520546527E-09
 Calling cg2d from S/R CG2D_MAD
 cg2d: Sum(rhs),rhsMax =   5.68434188608080E-14  1.99724254881843E-09
 Calling cg2d from S/R CG2D_MAD
 cg2d: Sum(rhs),rhsMax =   2.84217094304040E-14  1.93288170954772E-09
 Calling cg2d from S/R CG2D_MAD
 cg2d: Sum(rhs),rhsMax =   3.55271367880050E-14  1.86461977520830E-09
 Calling cg2d from S/R CG2D_MAD
 cg2d: Sum(rhs),rhsMax =   1.06581410364015E-13  1.79267641924158E-09
 Calling cg2d from S/R CG2D_MAD
 cg2d: Sum(rhs),rhsMax =   1.13686837721616E-13  1.71728339827350E-09
 Calling cg2d from S/R CG2D_MAD
 cg2d: Sum(rhs),rhsMax =   6.39488462184090E-14  1.63868398643624E-09
 Calling cg2d from S/R CG2D_MAD
 cg2d: Sum(rhs),rhsMax =   2.13162820728030E-14  1.55713234184672E-09
 Calling cg2d from S/R CG2D_MAD
 cg2d: Sum(rhs),rhsMax =  -9.23705556488130E-14  1.47289280095891E-09
 Calling cg2d from S/R CG2D_MAD
 cg2d: Sum(rhs),rhsMax =  -4.26325641456060E-14  1.38623909723053E-09
 Calling cg2d from S/R CG2D_MAD
 cg2d: Sum(rhs),rhsMax =  -2.06057393370429E-13  1.29745350146936E-09
 Calling cg2d from S/R CG2D_MAD
 cg2d: Sum(rhs),rhsMax =  -1.91846538655227E-13  1.20682588233868E-09
 Calling cg2d from S/R CG2D_MAD
 cg2d: Sum(rhs),rhsMax =  -8.52651282912120E-14  1.11465268661941E-09
 Calling cg2d from S/R CG2D_MAD
 cg2d: Sum(rhs),rhsMax =   1.35003119794419E-13  1.02123584232153E-09
 Calling cg2d from S/R CG2D_MAD
 cg2d: Sum(rhs),rhsMax =  -9.23705556488130E-14  1.03785942999348E-09
 Calling cg2d from S/R CG2D_MAD
 cg2d: Sum(rhs),rhsMax =   1.56319401867222E-13  1.05045473075880E-09
 Calling cg2d from S/R CG2D_MAD
 cg2d: Sum(rhs),rhsMax =   0.00000000000000E+00  1.05695075191351E-09
 Calling cg2d from S/R CG2D_MAD
 cg2d: Sum(rhs),rhsMax =  -5.68434188608080E-14  1.05731519016648E-09
 Calling cg2d from S/R CG2D_MAD
 cg2d: Sum(rhs),rhsMax =   7.81597009336110E-14  1.05155264000979E-09
 Calling cg2d from S/R CG2D_MAD
 cg2d: Sum(rhs),rhsMax =   2.80664380625240E-13  1.03970472519954E-09
 Calling cg2d from S/R CG2D_MAD
 cg2d: Sum(rhs),rhsMax =   1.77635683940025E-14  1.02185002843719E-09
 Calling cg2d from S/R CG2D_MAD
 cg2d: Sum(rhs),rhsMax =  -2.84217094304040E-14  9.98103758788466E-10
 cg2d: Sum(rhs),rhsMax =   7.53175299905706E-13  1.99056430055011E+00
 cg2d: Sum(rhs),rhsMax =   3.41060513164848E-13  1.99041947576062E+00
 cg2d: Sum(rhs),rhsMax =   5.40012479177676E-13  1.99027390697541E+00
 cg2d: Sum(rhs),rhsMax =   8.24229573481716E-13  1.99012759451493E+00
 cg2d: Sum(rhs),rhsMax =   5.54223333892878E-13  1.98998053871379E+00
 cg2d: Sum(rhs),rhsMax =   6.67910171614494E-13  1.98983273992270E+00
 cg2d: Sum(rhs),rhsMax =   5.68434188608080E-13  1.98968419851034E+00
 cg2d: Sum(rhs),rhsMax =   9.09494701772928E-13  1.98953491486524E+00
 cg2d: Sum(rhs),rhsMax =   3.26849658449646E-13  1.98938488939739E+00
 cg2d: Sum(rhs),rhsMax =   5.96855898038484E-13  1.98923412253994E+00
 cg2d: Sum(rhs),rhsMax =   5.40012479177676E-13  1.98908261475059E+00
 cg2d: Sum(rhs),rhsMax =   5.11590769747272E-13  1.98893036651309E+00
 cg2d: Sum(rhs),rhsMax =   5.40012479177676E-13  1.98877737833834E+00
 cg2d: Sum(rhs),rhsMax =   7.10542735760100E-13  1.98862365076565E+00
 cg2d: Sum(rhs),rhsMax =   6.67910171614494E-13  1.98846918436362E+00
 cg2d: Sum(rhs),rhsMax =   5.82645043323282E-13  1.98831397973102E+00
 cg2d: Sum(rhs),rhsMax =   6.25277607468888E-13  1.98815803749745E+00
 cg2d: Sum(rhs),rhsMax =   3.55271367880050E-13  1.98800135832390E+00
 cg2d: Sum(rhs),rhsMax =   7.10542735760100E-13  1.98784394290315E+00
 cg2d: Sum(rhs),rhsMax =   8.24229573481716E-13  1.98768579195998E+00
 cg2d: Sum(rhs),rhsMax =   1.02318153949454E-12  1.98752690625132E+00
 cg2d: Sum(rhs),rhsMax =   4.26325641456060E-13  1.98736728656613E+00
 cg2d: Sum(rhs),rhsMax =   5.11590769747272E-13  1.98720693372519E+00
 cg2d: Sum(rhs),rhsMax =   9.80548975348938E-13  1.98704584858083E+00
 cg2d: Sum(rhs),rhsMax =   4.54747350886464E-13  1.98688403201639E+00
 cg2d: Sum(rhs),rhsMax =   9.66338120633736E-13  1.98672148494551E+00
 cg2d: Sum(rhs),rhsMax =   5.96855898038484E-13  1.98655820831149E+00
 cg2d: Sum(rhs),rhsMax =   8.10018718766514E-13  1.98639420308604E+00
 cg2d: Sum(rhs),rhsMax =   6.25277607468888E-13  1.98622947026891E+00
 cg2d: Sum(rhs),rhsMax =   5.40012479177676E-13  1.98606401088660E+00
 cg2d: Sum(rhs),rhsMax =   2.98427949019242E-13  1.98589782599121E+00
 cg2d: Sum(rhs),rhsMax =   5.54223333892878E-13  1.98573091665881E+00
 cg2d: Sum(rhs),rhsMax =   8.66862137627322E-13  1.98556328398809E+00
 cg2d: Sum(rhs),rhsMax =   3.69482222595252E-13  1.98539492909891E+00
 cg2d: Sum(rhs),rhsMax =   3.97903932025656E-13  1.98522585313069E+00
 cg2d: Sum(rhs),rhsMax =   6.53699316899292E-13  1.98505605724094E+00
 cg2d: Sum(rhs),rhsMax =   1.10844666778576E-12  1.98488554260359E+00
 cg2d: Sum(rhs),rhsMax =   3.69482222595252E-13  1.98471431040730E+00
 cg2d: Sum(rhs),rhsMax =   5.25801624462474E-13  1.98454236185374E+00
 cg2d: Sum(rhs),rhsMax =   3.41060513164848E-13  1.98436969815586E+00
 cg2d: Sum(rhs),rhsMax =   5.68434188608080E-13  1.98419632053615E+00
 cg2d: Sum(rhs),rhsMax =   9.94759830064140E-13  1.98402223022492E+00
 cg2d: Sum(rhs),rhsMax =   5.82645043323282E-13  1.98384742845855E+00
 cg2d: Sum(rhs),rhsMax =   8.81072992342524E-13  1.98367191647782E+00
 cg2d: Sum(rhs),rhsMax =   4.40536496171262E-13  1.98349569552624E+00
 cg2d: Sum(rhs),rhsMax =   5.40012479177676E-13  1.98331876684841E+00
 cg2d: Sum(rhs),rhsMax =   4.83169060316868E-13  1.98314113168852E+00
 cg2d: Sum(rhs),rhsMax =   4.97379915032070E-13  1.98296279128874E+00
 cg2d: Sum(rhs),rhsMax =   9.37916411203332E-13  1.98278374688791E+00
 cg2d: Sum(rhs),rhsMax =   8.38440428196918E-13  1.98260399972007E+00
 cg2d: Sum(rhs),rhsMax =   9.80548975348938E-13  1.98242355101325E+00
 cg2d: Sum(rhs),rhsMax =   9.52127265918534E-13  1.98224240198814E+00
 cg2d: Sum(rhs),rhsMax =   5.54223333892878E-13  1.98206055385717E+00
 cg2d: Sum(rhs),rhsMax =   9.66338120633736E-13  1.98187800782352E+00
 cg2d: Sum(rhs),rhsMax =   4.26325641456060E-13  1.98169476508028E+00
 cg2d: Sum(rhs),rhsMax =   1.17950094136177E-12  1.98151082680969E+00
 cg2d: Sum(rhs),rhsMax =   5.25801624462474E-13  1.98132619418227E+00
 cg2d: Sum(rhs),rhsMax =   5.82645043323282E-13  1.98114086835640E+00
 cg2d: Sum(rhs),rhsMax =   3.41060513164848E-13  1.98095485047781E+00
 cg2d: Sum(rhs),rhsMax =   5.68434188608080E-13  1.98076814167934E+00
 cg2d: Sum(rhs),rhsMax =   6.67910171614494E-13  1.98058074308075E+00
 cg2d: Sum(rhs),rhsMax =   9.09494701772928E-13  1.98039265578862E+00
 cg2d: Sum(rhs),rhsMax =   6.53699316899292E-13  1.98020388089648E+00
 cg2d: Sum(rhs),rhsMax =   5.25801624462474E-13  1.98001441948486E+00
 cg2d: Sum(rhs),rhsMax =   4.12114786740858E-13  1.97982427262168E+00
 cg2d: Sum(rhs),rhsMax =   1.98951966012828E-13  1.97963344136255E+00
 cg2d: Sum(rhs),rhsMax =   9.94759830064140E-13  1.97944192675129E+00
 cg2d: Sum(rhs),rhsMax =   9.09494701772928E-13  1.97924972982051E+00
 cg2d: Sum(rhs),rhsMax =   3.55271367880050E-13  1.97905685159232E+00
 cg2d: Sum(rhs),rhsMax =   5.11590769747272E-13  1.97886329307909E+00
 cg2d: Sum(rhs),rhsMax =   7.95807864051312E-13  1.97866905528434E+00
 cg2d: Sum(rhs),rhsMax =   3.41060513164848E-13  1.97847413920365E+00
 Calling cg2d from S/R CG2D_MAD
 cg2d: Sum(rhs),rhsMax =  -1.42108547152020E-13  9.76787024593761E-10
 Calling cg2d from S/R CG2D_MAD
 cg2d: Sum(rhs),rhsMax =   4.97379915032070E-14  9.52997608856038E-10
 Calling cg2d from S/R CG2D_MAD
 cg2d: Sum(rhs),rhsMax =   2.50466314355435E-13  9.23953304845133E-10
 Calling cg2d from S/R CG2D_MAD
 cg2d: Sum(rhs),rhsMax =   1.24344978758018E-14  8.89837724880848E-10
 Calling cg2d from S/R CG2D_MAD
 cg2d: Sum(rhs),rhsMax =  -1.16351372980716E-13  8.50863414762535E-10
 Calling cg2d from S/R CG2D_MAD
 cg2d: Sum(rhs),rhsMax =  -1.90736315630602E-13  8.23128226599926E-10
 Calling cg2d from S/R CG2D_MAD
 cg2d: Sum(rhs),rhsMax =  -4.97379915032070E-14  8.20209232584031E-10
 Calling cg2d from S/R CG2D_MAD
 cg2d: Sum(rhs),rhsMax =  -3.62376795237651E-13  8.26563509868498E-10
 Calling cg2d from S/R CG2D_MAD
 cg2d: Sum(rhs),rhsMax =  -1.01252339845814E-13  8.48870731367587E-10
 Calling cg2d from S/R CG2D_MAD
 cg2d: Sum(rhs),rhsMax =   2.48689957516035E-14  8.66080075778875E-10
 Calling cg2d from S/R CG2D_MAD
 cg2d: Sum(rhs),rhsMax =   1.42108547152020E-14  9.18905465060410E-10
 Calling cg2d from S/R CG2D_MAD
 cg2d: Sum(rhs),rhsMax =  -1.77635683940025E-14  1.00115358604926E-09
 Calling cg2d from S/R CG2D_MAD
 cg2d: Sum(rhs),rhsMax =  -9.59232693276135E-14  1.08181651429289E-09
 Calling cg2d from S/R CG2D_MAD
 cg2d: Sum(rhs),rhsMax =   8.52651282912120E-14  1.16066325851648E-09
 Calling cg2d from S/R CG2D_MAD
 cg2d: Sum(rhs),rhsMax =  -7.46069872548105E-14  1.23746588871716E-09
 Calling cg2d from S/R CG2D_MAD
 cg2d: Sum(rhs),rhsMax =  -4.97379915032070E-14  1.31200041403682E-09
 Calling cg2d from S/R CG2D_MAD
 cg2d: Sum(rhs),rhsMax =  -3.19744231092045E-14  1.38404772341580E-09
 Calling cg2d from S/R CG2D_MAD
 cg2d: Sum(rhs),rhsMax =   3.55271367880050E-14  1.45339450393702E-09
 Calling cg2d from S/R CG2D_MAD
 cg2d: Sum(rhs),rhsMax =  -5.32907051820075E-14  1.51983406186049E-09
 Calling cg2d from S/R CG2D_MAD
 cg2d: Sum(rhs),rhsMax =  -2.48689957516035E-14  1.58316707511812E-09
 Calling cg2d from S/R CG2D_MAD
 cg2d: Sum(rhs),rhsMax =   5.32907051820075E-14  1.64320232833239E-09
 Calling cg2d from S/R CG2D_MAD
 cg2d: Sum(rhs),rhsMax =  -9.23705556488130E-14  1.69975746552924E-09
 Calling cg2d from S/R CG2D_MAD
 cg2d: Sum(rhs),rhsMax =  -6.03961325396085E-14  1.75265976381053E-09
 Calling cg2d from S/R CG2D_MAD
 cg2d: Sum(rhs),rhsMax =   2.48689957516035E-14  1.80174690950756E-09
 Calling cg2d from S/R CG2D_MAD
 cg2d: Sum(rhs),rhsMax =   7.81597009336110E-14  1.84686775368232E-09
 Calling cg2d from S/R CG2D_MAD
 cg2d: Sum(rhs),rhsMax =   6.39488462184090E-14  1.88788311094326E-09
 Calling cg2d from S/R CG2D_MAD
 cg2d: Sum(rhs),rhsMax =  -6.75015598972095E-14  1.92466643381602E-09
 Calling cg2d from S/R CG2D_MAD
 cg2d: Sum(rhs),rhsMax =   3.19744231092045E-14  1.95710421120468E-09
 Calling cg2d from S/R CG2D_MAD
 cg2d: Sum(rhs),rhsMax =  -1.06581410364015E-14  1.98509635063220E-09
 Calling cg2d from S/R CG2D_MAD
 cg2d: Sum(rhs),rhsMax =   2.13162820728030E-14  2.00855689317679E-09
 Calling cg2d from S/R CG2D_MAD
 cg2d: Sum(rhs),rhsMax =   8.88178419700125E-14  2.02741497159120E-09
 Calling cg2d from S/R CG2D_MAD
 cg2d: Sum(rhs),rhsMax =   8.88178419700125E-14  2.04161542463947E-09
 Calling cg2d from S/R CG2D_MAD
 cg2d: Sum(rhs),rhsMax =  -4.26325641456060E-14  2.05111884319822E-09
 Calling cg2d from S/R CG2D_MAD
 cg2d: Sum(rhs),rhsMax =   3.19744231092045E-14  2.05590140134586E-09
 Calling cg2d from S/R CG2D_MAD
 cg2d: Sum(rhs),rhsMax =  -2.48689957516035E-14  2.05595485702283E-09
 Calling cg2d from S/R CG2D_MAD
 cg2d: Sum(rhs),rhsMax =   5.32907051820075E-14  2.05128679418276E-09
 Calling cg2d from S/R CG2D_MAD
 cg2d: Sum(rhs),rhsMax =   9.94759830064140E-14  2.04192091663731E-09
 Calling cg2d from S/R CG2D_MAD
 cg2d: Sum(rhs),rhsMax =  -3.19744231092045E-14  2.02789719990134E-09
 Calling cg2d from S/R CG2D_MAD
 cg2d: Sum(rhs),rhsMax =  -5.68434188608080E-14  2.00927184434552E-09
 Calling cg2d from S/R CG2D_MAD
 cg2d: Sum(rhs),rhsMax =  -3.90798504668055E-14  1.98611707792818E-09
 Calling cg2d from S/R CG2D_MAD
 cg2d: Sum(rhs),rhsMax =  -2.84217094304040E-14  1.95852087426313E-09
 Calling cg2d from S/R CG2D_MAD
 cg2d: Sum(rhs),rhsMax =   3.55271367880050E-15  1.92658662045135E-09
 Calling cg2d from S/R CG2D_MAD
 cg2d: Sum(rhs),rhsMax =  -1.06581410364015E-14  1.89043273825248E-09
 Calling cg2d from S/R CG2D_MAD
 cg2d: Sum(rhs),rhsMax =   1.06581410364015E-14  1.85019224451385E-09
 Calling cg2d from S/R CG2D_MAD
 cg2d: Sum(rhs),rhsMax =   2.13162820728030E-14  1.80601225493045E-09
 Calling cg2d from S/R CG2D_MAD
 cg2d: Sum(rhs),rhsMax =   0.00000000000000E+00  1.75805340537443E-09
 Calling cg2d from S/R CG2D_MAD
 cg2d: Sum(rhs),rhsMax =   5.32907051820075E-14  1.70648921341514E-09
 Calling cg2d from S/R CG2D_MAD
 cg2d: Sum(rhs),rhsMax =   2.48689957516035E-14  1.65150537012914E-09
 Calling cg2d from S/R CG2D_MAD
 cg2d: Sum(rhs),rhsMax =   7.46069872548105E-14  1.59329896498793E-09
 Calling cg2d from S/R CG2D_MAD
 cg2d: Sum(rhs),rhsMax =   7.81597009336110E-14  1.53207764470241E-09
 Calling cg2d from S/R CG2D_MAD
 cg2d: Sum(rhs),rhsMax =   1.42108547152020E-14  1.46806291693785E-09
 Calling cg2d from S/R CG2D_MAD
 cg2d: Sum(rhs),rhsMax =   1.77635683940025E-14  1.40148035920601E-09
 Calling cg2d from S/R CG2D_MAD
 cg2d: Sum(rhs),rhsMax =   8.34887714518118E-14  1.33255496699223E-09
 Calling cg2d from S/R CG2D_MAD
 cg2d: Sum(rhs),rhsMax =  -4.79616346638068E-14  1.26152210288922E-09
 Calling cg2d from S/R CG2D_MAD
 cg2d: Sum(rhs),rhsMax =  -3.19744231092045E-14  1.18863313972445E-09
 Calling cg2d from S/R CG2D_MAD
 cg2d: Sum(rhs),rhsMax =  -8.70414851306123E-14  1.11414700697344E-09
 Calling cg2d from S/R CG2D_MAD
 cg2d: Sum(rhs),rhsMax =   7.23865412055602E-14  1.03832046761499E-09
 Calling cg2d from S/R CG2D_MAD
 cg2d: Sum(rhs),rhsMax =  -1.36418654150816E-14  9.61406670340725E-10
 Calling cg2d from S/R CG2D_MAD
 cg2d: Sum(rhs),rhsMax =  -2.93098878501041E-14  8.83658309712122E-10
 Calling cg2d from S/R CG2D_MAD
 cg2d: Sum(rhs),rhsMax =   7.46069872548105E-14  8.05329347649222E-10
 Calling cg2d from S/R CG2D_MAD
 cg2d: Sum(rhs),rhsMax =   3.19744231092045E-14  7.28472752616211E-10
 Calling cg2d from S/R CG2D_MAD
 cg2d: Sum(rhs),rhsMax =  -5.68434188608080E-14  7.45174429011526E-10
 Calling cg2d from S/R CG2D_MAD
 cg2d: Sum(rhs),rhsMax =  -1.88293824976427E-13  7.70499279225934E-10
 Calling cg2d from S/R CG2D_MAD
 cg2d: Sum(rhs),rhsMax =  -1.10134124042816E-13  7.90885475060466E-10
 Calling cg2d from S/R CG2D_MAD
 cg2d: Sum(rhs),rhsMax =   6.03961325396085E-14  8.06255346906989E-10
 Calling cg2d from S/R CG2D_MAD
 cg2d: Sum(rhs),rhsMax =  -1.27897692436818E-13  8.16564465404977E-10
 Calling cg2d from S/R CG2D_MAD
 cg2d: Sum(rhs),rhsMax =  -1.84741111297626E-13  8.21801771213558E-10
 Calling cg2d from S/R CG2D_MAD
 cg2d: Sum(rhs),rhsMax =  -4.97379915032070E-14  8.21989419682770E-10
 Calling cg2d from S/R CG2D_MAD
 cg2d: Sum(rhs),rhsMax =   9.94759830064140E-14  8.17182329839339E-10
 Calling cg2d from S/R CG2D_MAD
 cg2d: Sum(rhs),rhsMax =   2.13162820728030E-13  8.07467466741840E-10
 Calling cg2d from S/R CG2D_MAD
 cg2d: Sum(rhs),rhsMax =  -6.39488462184090E-14  7.92962892526548E-10
 Calling cg2d from S/R CG2D_MAD
 cg2d: Sum(rhs),rhsMax =   1.70530256582424E-13  7.73816612216029E-10
(PID.TID 0000.0001) SOLVE_FOR_PRESSURE: putPmEinXvector =    F
 cg2d: Sum(rhs),rhsMax =   8.52651282912120E-13  1.99900718163814E+00
 cg2d: Sum(rhs),rhsMax =   8.52651282912120E-13  1.99891722695224E+00
 cg2d: Sum(rhs),rhsMax =   6.11066752753686E-13  1.99882649327481E+00
 cg2d: Sum(rhs),rhsMax =   6.67910171614494E-13  1.99873498050766E+00
 cg2d: Sum(rhs),rhsMax =   3.97903932025656E-13  1.99864268858991E+00
 cg2d: Sum(rhs),rhsMax =   1.00897068477934E-12  1.99854961749930E+00
 cg2d: Sum(rhs),rhsMax =   2.55795384873636E-13  1.99845576725339E+00
 cg2d: Sum(rhs),rhsMax =   5.54223333892878E-13  1.99836113791048E+00
 cg2d: Sum(rhs),rhsMax =   5.82645043323282E-13  1.99826572957035E+00
 cg2d: Sum(rhs),rhsMax =   4.68958205601666E-13  1.99816954237474E+00
 cg2d: Sum(rhs),rhsMax =   1.09423581307055E-12  1.99807257650769E+00
 cg2d: Sum(rhs),rhsMax =   3.55271367880050E-13  1.99797483219560E+00
 cg2d: Sum(rhs),rhsMax =   9.66338120633736E-13  1.99787630970711E+00
 cg2d: Sum(rhs),rhsMax =   1.13686837721616E-12  1.99777700935274E+00
 cg2d: Sum(rhs),rhsMax =   5.11590769747272E-13  1.99767693148434E+00
 cg2d: Sum(rhs),rhsMax =   6.39488462184090E-13  1.99757607649431E+00
 cg2d: Sum(rhs),rhsMax =   9.94759830064140E-13  1.99747444481469E+00
 cg2d: Sum(rhs),rhsMax =   6.96331881044898E-13  1.99737203691594E+00
 cg2d: Sum(rhs),rhsMax =   4.54747350886464E-13  1.99726885330565E+00
 cg2d: Sum(rhs),rhsMax =   7.95807864051312E-13  1.99716489452704E+00
 cg2d: Sum(rhs),rhsMax =   3.55271367880050E-13  1.99706016115725E+00
 cg2d: Sum(rhs),rhsMax =   7.81597009336110E-13  1.99695465380556E+00
 cg2d: Sum(rhs),rhsMax =   1.10844666778576E-12  1.99684837311135E+00
 cg2d: Sum(rhs),rhsMax =   2.70006239588838E-13  1.99674131974214E+00
 cg2d: Sum(rhs),rhsMax =   2.84217094304040E-13  1.99663349439123E+00
 cg2d: Sum(rhs),rhsMax =   3.12638803734444E-13  1.99652489777555E+00
 cg2d: Sum(rhs),rhsMax =   5.68434188608080E-13  1.99641553063319E+00
 cg2d: Sum(rhs),rhsMax =   5.11590769747272E-13  1.99630539372093E+00
 cg2d: Sum(rhs),rhsMax =   2.55795384873636E-13  1.99619448781178E+00
 cg2d: Sum(rhs),rhsMax =   6.25277607468888E-13  1.99608281369242E+00
 cg2d: Sum(rhs),rhsMax =   6.39488462184090E-13  1.99597037216064E+00
 cg2d: Sum(rhs),rhsMax =   7.10542735760100E-13  1.99585716402272E+00
 cg2d: Sum(rhs),rhsMax =   5.54223333892878E-13  1.99574319009092E+00
 cg2d: Sum(rhs),rhsMax =   5.68434188608080E-13  1.99562845118092E+00
 cg2d: Sum(rhs),rhsMax =   8.81072992342524E-13  1.99551294810929E+00
 cg2d: Sum(rhs),rhsMax =   4.83169060316868E-13  1.99539668169088E+00
 cg2d: Sum(rhs),rhsMax =   3.69482222595252E-13  1.99527965273680E+00
 cg2d: Sum(rhs),rhsMax =   4.97379915032070E-13  1.99516186205195E+00
 cg2d: Sum(rhs),rhsMax =   7.95807864051312E-13  1.99504331043303E+00
 cg2d: Sum(rhs),rhsMax =   6.82121026329696E-13  1.99492399866624E+00
 cg2d: Sum(rhs),rhsMax =   9.37916411203332E-13  1.99480392752528E+00
 cg2d: Sum(rhs),rhsMax =   9.37916411203332E-13  1.99468309776942E+00
 cg2d: Sum(rhs),rhsMax =   1.16529008664656E-12  1.99456151014177E+00
 cg2d: Sum(rhs),rhsMax =   8.24229573481716E-13  1.99443916536788E+00
 cg2d: Sum(rhs),rhsMax =   9.09494701772928E-13  1.99431606415434E+00
 cg2d: Sum(rhs),rhsMax =   7.38964445190504E-13  1.99419220718756E+00
 cg2d: Sum(rhs),rhsMax =   6.39488462184090E-13  1.99406759513276E+00
 cg2d: Sum(rhs),rhsMax =   8.10018718766514E-13  1.99394222863304E+00
 cg2d: Sum(rhs),rhsMax =   8.66862137627322E-13  1.99381610830868E+00
 cg2d: Sum(rhs),rhsMax =   9.66338120633736E-13  1.99368923475662E+00
 cg2d: Sum(rhs),rhsMax =   1.70530256582424E-13  1.99356160855011E+00
 cg2d: Sum(rhs),rhsMax =   1.39266376208980E-12  1.99343323023857E+00
 cg2d: Sum(rhs),rhsMax =   8.10018718766514E-13  1.99330410034760E+00
 cg2d: Sum(rhs),rhsMax =   6.11066752753686E-13  1.99317421937922E+00
 cg2d: Sum(rhs),rhsMax =   2.98427949019242E-13  1.99304358781224E+00
 cg2d: Sum(rhs),rhsMax =   3.41060513164848E-13  1.99291220610284E+00
 cg2d: Sum(rhs),rhsMax =   6.96331881044898E-13  1.99278007468533E+00
 cg2d: Sum(rhs),rhsMax =   2.70006239588838E-13  1.99264719397298E+00
 cg2d: Sum(rhs),rhsMax =   4.12114786740858E-13  1.99251356435914E+00
 cg2d: Sum(rhs),rhsMax =   6.53699316899292E-13  1.99237918621845E+00
 cg2d: Sum(rhs),rhsMax =   3.83693077310454E-13  1.99224405990811E+00
 cg2d: Sum(rhs),rhsMax =   4.54747350886464E-13  1.99210818576945E+00
 cg2d: Sum(rhs),rhsMax =   8.38440428196918E-13  1.99197156412947E+00
 cg2d: Sum(rhs),rhsMax =   6.53699316899292E-13  1.99183419530260E+00
 cg2d: Sum(rhs),rhsMax =   3.55271367880050E-13  1.99169607959245E+00
 cg2d: Sum(rhs),rhsMax =   6.96331881044898E-13  1.99155721729375E+00
 cg2d: Sum(rhs),rhsMax =   7.10542735760100E-13  1.99141760869432E+00
 cg2d: Sum(rhs),rhsMax =  -1.56319401867222E-13  1.99127725407708E+00
 cg2d: Sum(rhs),rhsMax =   4.68958205601666E-13  1.99113615372214E+00
 cg2d: Sum(rhs),rhsMax =   8.38440428196918E-13  1.99099430790903E+00
 cg2d: Sum(rhs),rhsMax =   5.11590769747272E-13  1.99085171691864E+00
 cg2d: Sum(rhs),rhsMax =   7.95807864051312E-13  1.99070838103554E+00
 Calling cg2d from S/R CG2D_MAD
 cg2d: Sum(rhs),rhsMax =  -6.39488462184090E-14  7.84085886685589E-10
 Calling cg2d from S/R CG2D_MAD
 cg2d: Sum(rhs),rhsMax =   9.94759830064140E-14  8.35123476574701E-10
 Calling cg2d from S/R CG2D_MAD
 cg2d: Sum(rhs),rhsMax =  -1.91846538655227E-13  8.84651550681041E-10
 Calling cg2d from S/R CG2D_MAD
 cg2d: Sum(rhs),rhsMax =  -5.68434188608080E-14  9.32553543803234E-10
 Calling cg2d from S/R CG2D_MAD
 cg2d: Sum(rhs),rhsMax =   1.27897692436818E-13  9.78716260639015E-10
 Calling cg2d from S/R CG2D_MAD
 cg2d: Sum(rhs),rhsMax =  -7.10542735760100E-15  1.02303025273228E-09
 Calling cg2d from S/R CG2D_MAD
 cg2d: Sum(rhs),rhsMax =   5.68434188608080E-14  1.06539022197162E-09
 Calling cg2d from S/R CG2D_MAD
 cg2d: Sum(rhs),rhsMax =  -5.68434188608080E-14  1.10569543187870E-09
 Calling cg2d from S/R CG2D_MAD
 cg2d: Sum(rhs),rhsMax =  -5.68434188608080E-14  1.14385014094389E-09
 Calling cg2d from S/R CG2D_MAD
 cg2d: Sum(rhs),rhsMax =   3.55271367880050E-14  1.17976404479587E-09
 Calling cg2d from S/R CG2D_MAD
 cg2d: Sum(rhs),rhsMax =  -1.27897692436818E-13  1.21335272491476E-09
 Calling cg2d from S/R CG2D_MAD
 cg2d: Sum(rhs),rhsMax =   5.68434188608080E-14  1.24453809901311E-09
 Calling cg2d from S/R CG2D_MAD
 cg2d: Sum(rhs),rhsMax =   4.97379915032070E-14  1.27324886781115E-09
 Calling cg2d from S/R CG2D_MAD
 cg2d: Sum(rhs),rhsMax =  -1.42108547152020E-14  1.29942095277665E-09
 Calling cg2d from S/R CG2D_MAD
 cg2d: Sum(rhs),rhsMax =  -1.42108547152020E-13  1.32299791900642E-09
 Calling cg2d from S/R CG2D_MAD
 cg2d: Sum(rhs),rhsMax =   0.00000000000000E+00  1.34393137698202E-09
 Calling cg2d from S/R CG2D_MAD
 cg2d: Sum(rhs),rhsMax =   5.68434188608080E-14  1.36218135657363E-09
 Calling cg2d from S/R CG2D_MAD
 cg2d: Sum(rhs),rhsMax =   7.10542735760100E-15  1.37771664646273E-09
 Calling cg2d from S/R CG2D_MAD
 cg2d: Sum(rhs),rhsMax =  -8.52651282912120E-14  1.39051509218098E-09
 Calling cg2d from S/R CG2D_MAD
 cg2d: Sum(rhs),rhsMax =  -1.49213974509621E-13  1.40056384624244E-09
 Calling cg2d from S/R CG2D_MAD
 cg2d: Sum(rhs),rhsMax =  -1.24344978758018E-13  1.40785956436718E-09
 Calling cg2d from S/R CG2D_MAD
 cg2d: Sum(rhs),rhsMax =  -3.55271367880050E-15  1.41240854252253E-09
 Calling cg2d from S/R CG2D_MAD
 cg2d: Sum(rhs),rhsMax =  -7.10542735760100E-15  1.41422679037466E-09
 Calling cg2d from S/R CG2D_MAD
 cg2d: Sum(rhs),rhsMax =   0.00000000000000E+00  1.41334003572075E-09
 Calling cg2d from S/R CG2D_MAD
 cg2d: Sum(rhs),rhsMax =  -1.13686837721616E-13  1.40978366980632E-09
 Calling cg2d from S/R CG2D_MAD
 cg2d: Sum(rhs),rhsMax =  -4.97379915032070E-14  1.40360259675030E-09
 Calling cg2d from S/R CG2D_MAD
 cg2d: Sum(rhs),rhsMax =  -2.84217094304040E-14  1.39485105609968E-09
 Calling cg2d from S/R CG2D_MAD
 cg2d: Sum(rhs),rhsMax =   3.55271367880050E-14  1.38359230096895E-09
 Calling cg2d from S/R CG2D_MAD
 cg2d: Sum(rhs),rhsMax =  -5.32907051820075E-14  1.36989831034977E-09
 Calling cg2d from S/R CG2D_MAD
 cg2d: Sum(rhs),rhsMax =  -6.92779167366098E-14  1.35384931802382E-09
 Calling cg2d from S/R CG2D_MAD
 cg2d: Sum(rhs),rhsMax =   1.25233157177718E-13  1.33553338173378E-09
 Calling cg2d from S/R CG2D_MAD
 cg2d: Sum(rhs),rhsMax =   5.59552404411079E-14  1.31504582323694E-09
 Calling cg2d from S/R CG2D_MAD
 cg2d: Sum(rhs),rhsMax =  -4.35207425653061E-14  1.29248864033763E-09
 Calling cg2d from S/R CG2D_MAD
 cg2d: Sum(rhs),rhsMax =   9.13713549266504E-14  1.26796986766658E-09
 Calling cg2d from S/R CG2D_MAD
 cg2d: Sum(rhs),rhsMax =  -1.12354570092066E-13  1.24160289133240E-09
 Calling cg2d from S/R CG2D_MAD
 cg2d: Sum(rhs),rhsMax =  -6.75015598972095E-14  1.21350572823919E-09
 Calling cg2d from S/R CG2D_MAD
 cg2d: Sum(rhs),rhsMax =  -1.10134124042816E-13  1.18380027611678E-09
 Calling cg2d from S/R CG2D_MAD
 cg2d: Sum(rhs),rhsMax =  -5.32907051820075E-15  1.15261154129268E-09
 Calling cg2d from S/R CG2D_MAD
 cg2d: Sum(rhs),rhsMax =   1.42108547152020E-13  1.12006685195200E-09
 Calling cg2d from S/R CG2D_MAD
 cg2d: Sum(rhs),rhsMax =  -1.20792265079217E-13  1.08629506465009E-09
 Calling cg2d from S/R CG2D_MAD
 cg2d: Sum(rhs),rhsMax =   4.97379915032070E-14  1.05142577167820E-09
 Calling cg2d from S/R CG2D_MAD
 cg2d: Sum(rhs),rhsMax =  -1.59872115546023E-13  1.01558851668073E-09
 Calling cg2d from S/R CG2D_MAD
 cg2d: Sum(rhs),rhsMax =   6.03961325396085E-14  9.78912023097532E-10
 Calling cg2d from S/R CG2D_MAD
 cg2d: Sum(rhs),rhsMax =  -1.42108547152020E-13  9.41523441994283E-10
 Calling cg2d from S/R CG2D_MAD
 cg2d: Sum(rhs),rhsMax =   9.23705556488130E-14  9.03547635368854E-10
 Calling cg2d from S/R CG2D_MAD
 cg2d: Sum(rhs),rhsMax =  -4.97379915032070E-14  8.65106508408578E-10
 Calling cg2d from S/R CG2D_MAD
 cg2d: Sum(rhs),rhsMax =  -2.13162820728030E-14  8.26318383209372E-10
 Calling cg2d from S/R CG2D_MAD
 cg2d: Sum(rhs),rhsMax =  -1.42108547152020E-13  7.87297398048173E-10
 Calling cg2d from S/R CG2D_MAD
 cg2d: Sum(rhs),rhsMax =   1.13686837721616E-13  7.48152919982976E-10
 Calling cg2d from S/R CG2D_MAD
 cg2d: Sum(rhs),rhsMax =  -9.94759830064140E-14  7.08989043053387E-10
 Calling cg2d from S/R CG2D_MAD
 cg2d: Sum(rhs),rhsMax =  -3.55271367880050E-14  6.69904107989907E-10
 Calling cg2d from S/R CG2D_MAD
 cg2d: Sum(rhs),rhsMax =  -2.98427949019242E-13  6.54655648775432E-10
 Calling cg2d from S/R CG2D_MAD
 cg2d: Sum(rhs),rhsMax =  -1.27897692436818E-13  6.54184730561960E-10
 Calling cg2d from S/R CG2D_MAD
 cg2d: Sum(rhs),rhsMax =   5.68434188608080E-14  6.49932130577620E-10
 Calling cg2d from S/R CG2D_MAD
 cg2d: Sum(rhs),rhsMax =   1.42108547152020E-14  6.41951429025183E-10
 Calling cg2d from S/R CG2D_MAD
 cg2d: Sum(rhs),rhsMax =  -1.70530256582424E-13  6.30317608318717E-10
 Calling cg2d from S/R CG2D_MAD
 cg2d: Sum(rhs),rhsMax =  -8.52651282912120E-14  6.29768744771833E-10
 Calling cg2d from S/R CG2D_MAD
 cg2d: Sum(rhs),rhsMax =   1.98951966012828E-13  6.47796194722571E-10
 Calling cg2d from S/R CG2D_MAD
 cg2d: Sum(rhs),rhsMax =  -1.27897692436818E-13  6.61664775771024E-10
 Calling cg2d from S/R CG2D_MAD
 cg2d: Sum(rhs),rhsMax =  -8.52651282912120E-14  6.71325452264734E-10
 Calling cg2d from S/R CG2D_MAD
 cg2d: Sum(rhs),rhsMax =   1.98951966012828E-13  6.76756498439053E-10
 Calling cg2d from S/R CG2D_MAD
 cg2d: Sum(rhs),rhsMax =  -1.13686837721616E-13  6.77963477173320E-10
 Calling cg2d from S/R CG2D_MAD
 cg2d: Sum(rhs),rhsMax =   1.49213974509621E-13  6.74979037859107E-10
 Calling cg2d from S/R CG2D_MAD
 cg2d: Sum(rhs),rhsMax =   9.23705556488130E-14  6.67862535047185E-10
 Calling cg2d from S/R CG2D_MAD
 cg2d: Sum(rhs),rhsMax =   2.48689957516035E-13  6.56699470820866E-10
 Calling cg2d from S/R CG2D_MAD
 cg2d: Sum(rhs),rhsMax =  -9.23705556488130E-14  6.60881820213937E-10
 Calling cg2d from S/R CG2D_MAD
 cg2d: Sum(rhs),rhsMax =   9.94759830064140E-14  7.03966048629188E-10
 Calling cg2d from S/R CG2D_MAD
 cg2d: Sum(rhs),rhsMax =   1.42108547152020E-13  7.54571500714184E-10
 Calling cg2d from S/R CG2D_MAD
 cg2d: Sum(rhs),rhsMax =  -1.13686837721616E-13  8.03327197274592E-10
 Calling cg2d from S/R CG2D_MAD
 cg2d: Sum(rhs),rhsMax =  -1.13686837721616E-13  8.50108470053158E-10
 Calling cg2d from S/R CG2D_MAD
 cg2d: Sum(rhs),rhsMax =   1.49213974509621E-13  8.94798653935374E-10
 Calling cg2d from S/R CG2D_MAD
 cg2d: Sum(rhs),rhsMax =   0.00000000000000E+00  9.37289521737797E-10
(PID.TID 0000.0001)  nRecords = 108 ; filePrec =  64 ; fileIter =   3111120
(PID.TID 0000.0001)     nDims =   2 , dims:
(PID.TID 0000.0001)    1:  62   1  62
(PID.TID 0000.0001)    2:  62   1  62
(PID.TID 0000.0001)     nFlds =  10 , nFl3D =   7 , fields:
(PID.TID 0000.0001)  >Uvel    < >Vvel    < >Theta   < >Salt    < >GuNm1   < >GvNm1   < >GtNm1   < >EtaN    < >dEtaHdt < >EtaH    <
(PID.TID 0000.0001) missingVal=  1.00000000000000E+00 ; nTimRec =   1 , timeList:
(PID.TID 0000.0001)   3.733344000000E+09
(PID.TID 0000.0001) READ_MFLDS_3D_RL: read field: "Uvel    ", #   1 in fldList, rec=   1
(PID.TID 0000.0001) READ_MFLDS_3D_RL: read field: "Vvel    ", #   2 in fldList, rec=   2
(PID.TID 0000.0001) READ_MFLDS_3D_RL: read field: "Theta   ", #   3 in fldList, rec=   3
(PID.TID 0000.0001) READ_MFLDS_3D_RL: read field: "Salt    ", #   4 in fldList, rec=   4
(PID.TID 0000.0001) READ_MFLDS_3D_RL: read field: "GuNm1   ", #   5 in fldList, rec=   5
(PID.TID 0000.0001) READ_MFLDS_3D_RL: read field: "GvNm1   ", #   6 in fldList, rec=   6
(PID.TID 0000.0001) READ_MFLDS_3D_RL: read field: "GtNm1   ", #   7 in fldList, rec=   7
(PID.TID 0000.0001) READ_MFLDS_3D_RL: read field: "EtaN    ", #   8 in fldList, rec= 106
(PID.TID 0000.0001) READ_MFLDS_3D_RL: read field: "dEtaHdt ", #   9 in fldList, rec= 107
(PID.TID 0000.0001) READ_MFLDS_CHECK: - normal end ; reset MFLDS file-name: pickup.0003111120
 ph-pack: packing ecco_cost
 ph-pack: packing ecco_ctrl
(PID.TID 0000.0001) // =======================================================
(PID.TID 0000.0001) // Gradient-check starts (grdchk_main)
(PID.TID 0000.0001) // =======================================================
(PID.TID 0000.0001) grdchk reference fc: fcref       =  3.22547974637434E-01
grad-res -------------------------------
 grad-res  proc    #    i    j    k   bi   bj iobc       fc ref            fc + eps           fc - eps
 grad-res  proc    #    i    j    k   bi   bj iobc      adj grad            fd grad          1 - fd/adj
(PID.TID 0000.0001) ====== Starts gradient-check number   1 (=ichknum) =======
(PID.TID 0000.0001) grdchk pos: i,j,k=    0    0    1 ; bi,bj=   0   0 ; iobc=  0 ; rec=   1
(PID.TID 0000.0001)  nRecords = 108 ; filePrec =  64 ; fileIter =   3111120
(PID.TID 0000.0001)     nDims =   2 , dims:
(PID.TID 0000.0001)    1:  62   1  62
(PID.TID 0000.0001)    2:  62   1  62
(PID.TID 0000.0001)     nFlds =  10 , nFl3D =   7 , fields:
(PID.TID 0000.0001)  >Uvel    < >Vvel    < >Theta   < >Salt    < >GuNm1   < >GvNm1   < >GtNm1   < >EtaN    < >dEtaHdt < >EtaH    <
(PID.TID 0000.0001) missingVal=  1.00000000000000E+00 ; nTimRec =   1 , timeList:
(PID.TID 0000.0001)   3.733344000000E+09
(PID.TID 0000.0001) READ_MFLDS_3D_RL: read field: "Uvel    ", #   1 in fldList, rec=   1
(PID.TID 0000.0001) READ_MFLDS_3D_RL: read field: "Vvel    ", #   2 in fldList, rec=   2
(PID.TID 0000.0001) READ_MFLDS_3D_RL: read field: "Theta   ", #   3 in fldList, rec=   3
(PID.TID 0000.0001) READ_MFLDS_3D_RL: read field: "Salt    ", #   4 in fldList, rec=   4
(PID.TID 0000.0001) READ_MFLDS_3D_RL: read field: "GuNm1   ", #   5 in fldList, rec=   5
(PID.TID 0000.0001) READ_MFLDS_3D_RL: read field: "GvNm1   ", #   6 in fldList, rec=   6
(PID.TID 0000.0001) READ_MFLDS_3D_RL: read field: "GtNm1   ", #   7 in fldList, rec=   7
(PID.TID 0000.0001) READ_MFLDS_3D_RL: read field: "EtaN    ", #   8 in fldList, rec= 106
(PID.TID 0000.0001) READ_MFLDS_3D_RL: read field: "dEtaHdt ", #   9 in fldList, rec= 107
(PID.TID 0000.0001) READ_MFLDS_CHECK: - normal end ; reset MFLDS file-name: pickup.0003111120
(PID.TID 0000.0001) // =======================================================
(PID.TID 0000.0001) // Model current state
(PID.TID 0000.0001) // =======================================================
(PID.TID 0000.0001) 
(PID.TID 0000.0001) SOLVE_FOR_PRESSURE: putPmEinXvector =    F
 cg2d: Sum(rhs),rhsMax =  -2.33643109197601E-05  1.99900718163814E+00
 cg2d: Sum(rhs),rhsMax =  -2.33653624661656E-05  1.99891722130952E+00
 cg2d: Sum(rhs),rhsMax =  -2.33664232496267E-05  1.99882649796421E+00
 cg2d: Sum(rhs),rhsMax =  -2.33674931706673E-05  1.99873498275681E+00
 cg2d: Sum(rhs),rhsMax =  -2.33685725987698E-05  1.99864268853243E+00
 cg2d: Sum(rhs),rhsMax =  -2.33696605249634E-05  1.99854961620497E+00
 cg2d: Sum(rhs),rhsMax =  -2.33707578871645E-05  1.99845576553523E+00
 cg2d: Sum(rhs),rhsMax =  -2.33718644153669E-05  1.99836113637256E+00
 cg2d: Sum(rhs),rhsMax =  -2.33729804364202E-05  1.99826572865441E+00
 cg2d: Sum(rhs),rhsMax =  -2.33741054103120E-05  1.99816954222900E+00
 cg2d: Sum(rhs),rhsMax =  -2.33752399907416E-05  1.99807257696516E+00
 cg2d: Sum(rhs),rhsMax =  -2.33763836945400E-05  1.99797483298578E+00
 cg2d: Sum(rhs),rhsMax =  -2.33775365217070E-05  1.99787631066823E+00
 cg2d: Sum(rhs),rhsMax =  -2.33786980317063E-05  1.99777701057223E+00
 cg2d: Sum(rhs),rhsMax =  -2.33798697166776E-05  1.99767693334521E+00
 cg2d: Sum(rhs),rhsMax =  -2.33810500276377E-05  1.99757607968047E+00
 cg2d: Sum(rhs),rhsMax =  -2.33822396040750E-05  1.99747445028253E+00
 cg2d: Sum(rhs),rhsMax =  -2.33834379770315E-05  1.99737204586061E+00
 cg2d: Sum(rhs),rhsMax =  -2.33846464254839E-05  1.99726886709095E+00
 cg2d: Sum(rhs),rhsMax =  -2.33858631588646E-05  1.99716491457948E+00
 cg2d: Sum(rhs),rhsMax =  -2.33870895272048E-05  1.99706018880203E+00
 cg2d: Sum(rhs),rhsMax =  -2.33883252178657E-05  1.99695469007915E+00
 cg2d: Sum(rhs),rhsMax =  -2.33895701313713E-05  1.99684841857729E+00
 cg2d: Sum(rhs),rhsMax =  -2.33908240403480E-05  1.99674137437082E+00
 cg2d: Sum(rhs),rhsMax =  -2.33920870016391E-05  1.99663355752937E+00
 cg2d: Sum(rhs),rhsMax =  -2.33933593563052E-05  1.99652496822676E+00
 cg2d: Sum(rhs),rhsMax =  -2.33946410475028E-05  1.99641560682038E+00
 cg2d: Sum(rhs),rhsMax =  -2.33959316346954E-05  1.99630547389522E+00
 cg2d: Sum(rhs),rhsMax =  -2.33972309331421E-05  1.99619457024628E+00
 cg2d: Sum(rhs),rhsMax =  -2.33985402786629E-05  1.99608289682365E+00
 cg2d: Sum(rhs),rhsMax =  -2.33998585201789E-05  1.99597045464802E+00
 cg2d: Sum(rhs),rhsMax =  -2.34011854729488E-05  1.99585724473684E+00
 cg2d: Sum(rhs),rhsMax =  -2.34025218759371E-05  1.99574326805136E+00
 cg2d: Sum(rhs),rhsMax =  -2.34038674449266E-05  1.99562852548643E+00
 cg2d: Sum(rhs),rhsMax =  -2.34052222651826E-05  1.99551301789029E+00
 cg2d: Sum(rhs),rhsMax =  -2.34065863367050E-05  1.99539674610960E+00
 cg2d: Sum(rhs),rhsMax =  -2.34079590200054E-05  1.99527971103411E+00
 cg2d: Sum(rhs),rhsMax =  -2.34093410114156E-05  1.99516191362975E+00
 cg2d: Sum(rhs),rhsMax =  -2.34107319840859E-05  1.99504335494419E+00
 cg2d: Sum(rhs),rhsMax =  -2.34121322648662E-05  1.99492403608765E+00
 cg2d: Sum(rhs),rhsMax =  -2.34135419958648E-05  1.99480395818986E+00
 cg2d: Sum(rhs),rhsMax =  -2.34149598981048E-05  1.99468312234817E+00
 cg2d: Sum(rhs),rhsMax =  -2.34163874779370E-05  1.99456152957547E+00
 cg2d: Sum(rhs),rhsMax =  -2.34178235984928E-05  1.99443918076152E+00
 cg2d: Sum(rhs),rhsMax =  -2.34192699224423E-05  1.99431607665165E+00
 cg2d: Sum(rhs),rhsMax =  -2.34207243607898E-05  1.99419221784749E+00
 cg2d: Sum(rhs),rhsMax =  -2.34221878230301E-05  1.99406760482516E+00
 cg2d: Sum(rhs),rhsMax =  -2.34236598544157E-05  1.99394223796779E+00
 cg2d: Sum(rhs),rhsMax =  -2.34251415633935E-05  1.99381611760357E+00
 cg2d: Sum(rhs),rhsMax =  -2.34266327225896E-05  1.99368924404441E+00
 cg2d: Sum(rhs),rhsMax =  -2.34281329483110E-05  1.99356161761785E+00
 cg2d: Sum(rhs),rhsMax =  -2.34296410184243E-05  1.99343323869032E+00
 cg2d: Sum(rhs),rhsMax =  -2.34311585245450E-05  1.99330410767891E+00
 cg2d: Sum(rhs),rhsMax =  -2.34326851682454E-05  1.99317422505333E+00
 cg2d: Sum(rhs),rhsMax =  -2.34342221006045E-05  1.99304359132890E+00
 cg2d: Sum(rhs),rhsMax =  -2.34357668773555E-05  1.99291220705428E+00
 cg2d: Sum(rhs),rhsMax =  -2.34373206353666E-05  1.99278007279569E+00
 cg2d: Sum(rhs),rhsMax =  -2.34388836162225E-05  1.99264718912084E+00
 cg2d: Sum(rhs),rhsMax =  -2.34404559478207E-05  1.99251355658382E+00
 cg2d: Sum(rhs),rhsMax =  -2.34420366780341E-05  1.99237917571257E+00
 cg2d: Sum(rhs),rhsMax =  -2.34436268300442E-05  1.99224404699893E+00
 cg2d: Sum(rhs),rhsMax =  -2.34452261764773E-05  1.99210817089200E+00
 cg2d: Sum(rhs),rhsMax =  -2.34468337936278E-05  1.99197154779439E+00
 cg2d: Sum(rhs),rhsMax =  -2.34484505625687E-05  1.99183417806111E+00
 cg2d: Sum(rhs),rhsMax =  -2.34500768527823E-05  1.99169606200136E+00
 cg2d: Sum(rhs),rhsMax =  -2.34517115558219E-05  1.99155719988248E+00
 cg2d: Sum(rhs),rhsMax =  -2.34533560927730E-05  1.99141759193621E+00
 cg2d: Sum(rhs),rhsMax =  -2.34550092983454E-05  1.99127723836687E+00
 cg2d: Sum(rhs),rhsMax =  -2.34566715562323E-05  1.99113613936072E+00
 cg2d: Sum(rhs),rhsMax =  -2.34583425537949E-05  1.99099429509626E+00
 cg2d: Sum(rhs),rhsMax =  -2.34600226747261E-05  1.99085170575444E+00
 cg2d: Sum(rhs),rhsMax =  -2.34617115637548E-05  1.99070837152834E+00
 cg2d: Sum(rhs),rhsMax =  -2.34634102724840E-05  1.99056429263138E+00
 cg2d: Sum(rhs),rhsMax =  -2.34651174082501E-05  1.99041946930373E+00
 cg2d: Sum(rhs),rhsMax =  -2.34668334115895E-05  1.99027390181666E+00
 cg2d: Sum(rhs),rhsMax =  -2.34685588367256E-05  1.99012759047460E+00
 cg2d: Sum(rhs),rhsMax =  -2.34702930868025E-05  1.98998053561542E+00
 cg2d: Sum(rhs),rhsMax =  -2.34720361191876E-05  1.98983273760897E+00
 cg2d: Sum(rhs),rhsMax =  -2.34737882038871E-05  1.98968419685466E+00
 cg2d: Sum(rhs),rhsMax =  -2.34755497672268E-05  1.98953491377853E+00
 cg2d: Sum(rhs),rhsMax =  -2.34773199139227E-05  1.98938488883040E+00
 cg2d: Sum(rhs),rhsMax =  -2.34790992692524E-05  1.98923412248129E+00
 cg2d: Sum(rhs),rhsMax =  -2.34808877763726E-05  1.98908261522180E+00
 cg2d: Sum(rhs),rhsMax =  -2.34826855063375E-05  1.98893036756119E+00
 cg2d: Sum(rhs),rhsMax =  -2.34844914075438E-05  1.98877738002745E+00
 cg2d: Sum(rhs),rhsMax =  -2.34863070858182E-05  1.98862365316809E+00
 cg2d: Sum(rhs),rhsMax =  -2.34881315321900E-05  1.98846918755171E+00
 cg2d: Sum(rhs),rhsMax =  -2.34899653150933E-05  1.98831398376972E+00
 cg2d: Sum(rhs),rhsMax =  -2.34918074539792E-05  1.98815804243848E+00
 cg2d: Sum(rhs),rhsMax =  -2.34936588583423E-05  1.98800136420134E+00
 cg2d: Sum(rhs),rhsMax =  -2.34955183913144E-05  1.98784394973050E+00
 cg2d: Sum(rhs),rhsMax =  -2.34973889234880E-05  1.98768579972876E+00
 cg2d: Sum(rhs),rhsMax =  -2.34992671579448E-05  1.98752691493073E+00
 cg2d: Sum(rhs),rhsMax =  -2.35011546010355E-05  1.98736729610396E+00
 cg2d: Sum(rhs),rhsMax =  -2.35030508406453E-05  1.98720694404954E+00
 cg2d: Sum(rhs),rhsMax =  -2.35049557772982E-05  1.98704585960257E+00
 cg2d: Sum(rhs),rhsMax =  -2.35068702920671E-05  1.98688404363226E+00
 cg2d: Sum(rhs),rhsMax =  -2.35087936459877E-05  1.98672149704182E+00
 cg2d: Sum(rhs),rhsMax =  -2.35107260948553E-05  1.98655822076813E+00
 cg2d: Sum(rhs),rhsMax =  -2.35126671128683E-05  1.98639421578095E+00
 cg2d: Sum(rhs),rhsMax =  -2.35146167000266E-05  1.98622948308286E+00
 cg2d: Sum(rhs),rhsMax =  -2.35165758653011E-05  1.98606402370803E+00
 cg2d: Sum(rhs),rhsMax =  -2.35185439976249E-05  1.98589783872114E+00
 cg2d: Sum(rhs),rhsMax =  -2.35205213243717E-05  1.98573092921562E+00
 cg2d: Sum(rhs),rhsMax =  -2.35225063107691E-05  1.98556329631194E+00
 cg2d: Sum(rhs),rhsMax =  -2.35245008042284E-05  1.98539494115553E+00
 cg2d: Sum(rhs),rhsMax =  -2.35265048758038E-05  1.98522586491455E+00
 cg2d: Sum(rhs),rhsMax =  -2.35285170901989E-05  1.98505606877731E+00
 cg2d: Sum(rhs),rhsMax =  -2.35305386411255E-05  1.98488555394949E+00
 cg2d: Sum(rhs),rhsMax =  -2.35325685196131E-05  1.98471432165118E+00
 cg2d: Sum(rhs),rhsMax =  -2.35346072798848E-05  1.98454237311385E+00
 cg2d: Sum(rhs),rhsMax =  -2.35366550214167E-05  1.98436970957716E+00
 cg2d: Sum(rhs),rhsMax =  -2.35387116731545E-05  1.98419633228602E+00
 cg2d: Sum(rhs),rhsMax =  -2.35407771356222E-05  1.98402224248769E+00
 cg2d: Sum(rhs),rhsMax =  -2.35428520056757E-05  1.98384744142915E+00
 cg2d: Sum(rhs),rhsMax =  -2.35449343790606E-05  1.98367193035469E+00
 cg2d: Sum(rhs),rhsMax =  -2.35470260037118E-05  1.98349571050400E+00
 cg2d: Sum(rhs),rhsMax =  -2.35491268796295E-05  1.98331878311049E+00
 cg2d: Sum(rhs),rhsMax =  -2.35512363673251E-05  1.98314114940012E+00
 cg2d: Sum(rhs),rhsMax =  -2.35533547652267E-05  1.98296281059050E+00
 cg2d: Sum(rhs),rhsMax =  -2.35554811354177E-05  1.98278376789048E+00
 cg2d: Sum(rhs),rhsMax =  -2.35576161031759E-05  1.98260402249993E+00
 cg2d: Sum(rhs),rhsMax =  -2.35597608195803E-05  1.98242357560984E+00
 cg2d: Sum(rhs),rhsMax =  -2.35619140909193E-05  1.98224242840241E+00
 cg2d: Sum(rhs),rhsMax =  -2.35640757750843E-05  1.98206058205156E+00
 cg2d: Sum(rhs),rhsMax =  -2.35662461705033E-05  1.98187803772334E+00
 cg2d: Sum(rhs),rhsMax =  -2.35684250355916E-05  1.98169479657627E+00
 cg2d: Sum(rhs),rhsMax =  -2.35706131945790E-05  1.98151085976161E+00
 cg2d: Sum(rhs),rhsMax =  -2.35728092548015E-05  1.98132622842332E+00
 cg2d: Sum(rhs),rhsMax =  -2.35750148789293E-05  1.98114090369815E+00
 cg2d: Sum(rhs),rhsMax =  -2.35772285606117E-05  1.98095488671544E+00
 cg2d: Sum(rhs),rhsMax =  -2.35794510246023E-05  1.98076817859682E+00
 cg2d: Sum(rhs),rhsMax =  -2.35816823845880E-05  1.98058078045594E+00
 cg2d: Sum(rhs),rhsMax =  -2.35839214894895E-05  1.98039269339794E+00
 cg2d: Sum(rhs),rhsMax =  -2.35861698030249E-05  1.98020391851900E+00
 cg2d: Sum(rhs),rhsMax =  -2.35884267425490E-05  1.98001445690585E+00
 cg2d: Sum(rhs),rhsMax =  -2.35906924075380E-05  1.97982430963541E+00
 cg2d: Sum(rhs),rhsMax =  -2.35929664995638E-05  1.97963347777444E+00
 cg2d: Sum(rhs),rhsMax =  -2.35952492175784E-05  1.97944196237944E+00
 cg2d: Sum(rhs),rhsMax =  -2.35975400357802E-05  1.97924976449661E+00
 cg2d: Sum(rhs),rhsMax =  -2.35998400768267E-05  1.97905688516208E+00
 cg2d: Sum(rhs),rhsMax =  -2.36021481896387E-05  1.97886332540227E+00
 cg2d: Sum(rhs),rhsMax =  -2.36044652126566E-05  1.97866908623452E+00
 cg2d: Sum(rhs),rhsMax =  -2.36067908474524E-05  1.97847416866774E+00
 cg2d: Sum(rhs),rhsMax =  -2.36091248382309E-05  1.97827857370343E+00
 cg2d: Sum(rhs),rhsMax =  -2.36114674834198E-05  1.97808230233671E+00
 cg2d: Sum(rhs),rhsMax =  -2.36138189819712E-05  1.97788535555742E+00
 cg2d: Sum(rhs),rhsMax =  -2.36161782112276E-05  1.97768773435146E+00
 cg2d: Sum(rhs),rhsMax =  -2.36185466349070E-05  1.97748943970210E+00
 cg2d: Sum(rhs),rhsMax =  -2.36209234145690E-05  1.97729047259133E+00
 cg2d: Sum(rhs),rhsMax =  -2.36233075128212E-05  1.97709083400126E+00
 cg2d: Sum(rhs),rhsMax =  -2.36257019139430E-05  1.97689052491547E+00
 cg2d: Sum(rhs),rhsMax =  -2.36281038183961E-05  1.97668954632052E+00
 cg2d: Sum(rhs),rhsMax =  -2.36305143772597E-05  1.97648789920721E+00
 cg2d: Sum(rhs),rhsMax =  -2.36329333631602E-05  1.97628558457199E+00
 cg2d: Sum(rhs),rhsMax =  -2.36353613303208E-05  1.97608260341827E+00
 cg2d: Sum(rhs),rhsMax =  -2.36377971276625E-05  1.97587895675775E+00
 cg2d: Sum(rhs),rhsMax =  -2.36402413946735E-05  1.97567464561163E+00
 cg2d: Sum(rhs),rhsMax =  -2.36426944297818E-05  1.97546967101180E+00
 cg2d: Sum(rhs),rhsMax =  -2.36451560624573E-05  1.97526403400206E+00
 cg2d: Sum(rhs),rhsMax =  -2.36476259516394E-05  1.97505773563915E+00
 cg2d: Sum(rhs),rhsMax =  -2.36501037989001E-05  1.97485077699385E+00
 cg2d: Sum(rhs),rhsMax =  -2.36525902010953E-05  1.97464315915184E+00
 cg2d: Sum(rhs),rhsMax =  -2.36550855703399E-05  1.97443488321466E+00
 cg2d: Sum(rhs),rhsMax =  -2.36575889260848E-05  1.97422595030054E+00
 cg2d: Sum(rhs),rhsMax =  -2.36601005099146E-05  1.97401636154500E+00
 cg2d: Sum(rhs),rhsMax =  -2.36626211318480E-05  1.97380611810151E+00
 cg2d: Sum(rhs),rhsMax =  -2.36651492713236E-05  1.97359522114208E+00
 cg2d: Sum(rhs),rhsMax =  -2.36676862073182E-05  1.97338367185758E+00
 cg2d: Sum(rhs),rhsMax =  -2.36702315703496E-05  1.97317147145806E+00
 cg2d: Sum(rhs),rhsMax =  -2.36727852609420E-05  1.97295862117309E+00
 cg2d: Sum(rhs),rhsMax =  -2.36753472080409E-05  1.97274512225178E+00
 cg2d: Sum(rhs),rhsMax =  -2.36779172411161E-05  1.97253097596289E+00
 cg2d: Sum(rhs),rhsMax =  -2.36804961701864E-05  1.97231618359479E+00
 cg2d: Sum(rhs),rhsMax =  -2.36830830147028E-05  1.97210074645539E+00
 cg2d: Sum(rhs),rhsMax =  -2.36856780020389E-05  1.97188466587192E+00
 cg2d: Sum(rhs),rhsMax =  -2.36882817574724E-05  1.97166794319070E+00
 cg2d: Sum(rhs),rhsMax =  -2.36908937552016E-05  1.97145057977688E+00
 cg2d: Sum(rhs),rhsMax =  -2.36935137252203E-05  1.97123257701399E+00
 cg2d: Sum(rhs),rhsMax =  -2.36961419659565E-05  1.97101393630360E+00
 cg2d: Sum(rhs),rhsMax =  -2.36987779942410E-05  1.97079465906483E+00
 cg2d: Sum(rhs),rhsMax =  -2.37014231743160E-05  1.97057474673372E+00
 cg2d: Sum(rhs),rhsMax =  -2.37040759429874E-05  1.97035420076277E+00
 cg2d: Sum(rhs),rhsMax =  -2.37067369113220E-05  1.97013302262024E+00
 cg2d: Sum(rhs),rhsMax =  -2.37094068609167E-05  1.96991121378945E+00
 cg2d: Sum(rhs),rhsMax =  -2.37120834043480E-05  1.96968877576806E+00
 cg2d: Sum(rhs),rhsMax =  -2.37147693127326E-05  1.96946571006734E+00
 cg2d: Sum(rhs),rhsMax =  -2.37174632786719E-05  1.96924201821126E+00
 cg2d: Sum(rhs),rhsMax =  -2.37201653021657E-05  1.96901770173582E+00
 cg2d: Sum(rhs),rhsMax =  -2.37228757953289E-05  1.96879276218800E+00
 cg2d: Sum(rhs),rhsMax =  -2.37255940049863E-05  1.96856720112504E+00
 cg2d: Sum(rhs),rhsMax =  -2.37283201585115E-05  1.96834102011328E+00
 cg2d: Sum(rhs),rhsMax =  -2.37310550232905E-05  1.96811422072757E+00
 cg2d: Sum(rhs),rhsMax =  -2.37337972208707E-05  1.96788680455016E+00
 cg2d: Sum(rhs),rhsMax =  -2.37365477033791E-05  1.96765877317001E+00
 cg2d: Sum(rhs),rhsMax =  -2.37393058739599E-05  1.96743012818191E+00
 cg2d: Sum(rhs),rhsMax =  -2.37420724715776E-05  1.96720087118561E+00
 cg2d: Sum(rhs),rhsMax =  -2.37448470272739E-05  1.96697100378469E+00
 cg2d: Sum(rhs),rhsMax =  -2.37476298252659E-05  1.96674052758578E+00
 cg2d: Sum(rhs),rhsMax =  -2.37504209934514E-05  1.96650944419747E+00
 cg2d: Sum(rhs),rhsMax =  -2.37532184570455E-05  1.96627775522953E+00
 cg2d: Sum(rhs),rhsMax =  -2.37560252145386E-05  1.96604546229204E+00
 cg2d: Sum(rhs),rhsMax =  -2.37588404701228E-05  1.96581256699462E+00
 cg2d: Sum(rhs),rhsMax =  -2.37616618932179E-05  1.96557907094551E+00
 cg2d: Sum(rhs),rhsMax =  -2.37644924823144E-05  1.96534497575079E+00
 cg2d: Sum(rhs),rhsMax =  -2.37673302905250E-05  1.96511028301345E+00
 cg2d: Sum(rhs),rhsMax =  -2.37701767105136E-05  1.96487499433259E+00
 cg2d: Sum(rhs),rhsMax =  -2.37730305059358E-05  1.96463911130250E+00
 cg2d: Sum(rhs),rhsMax =  -2.37758929273468E-05  1.96440263551190E+00
 cg2d: Sum(rhs),rhsMax =  -2.37787620278596E-05  1.96416556854320E+00
 cg2d: Sum(rhs),rhsMax =  -2.37816397117285E-05  1.96392791197166E+00
 cg2d: Sum(rhs),rhsMax =  -2.37845249415614E-05  1.96368966736485E+00
 cg2d: Sum(rhs),rhsMax =  -2.37874180015751E-05  1.96345083628188E+00
 cg2d: Sum(rhs),rhsMax =  -2.37903186643962E-05  1.96321142027308E+00
 cg2d: Sum(rhs),rhsMax =  -2.37932274842478E-05  1.96297142087939E+00
 cg2d: Sum(rhs),rhsMax =  -2.37961437932199E-05  1.96273083963207E+00
 cg2d: Sum(rhs),rhsMax =  -2.37990679607947E-05  1.96248967805253E+00
 cg2d: Sum(rhs),rhsMax =  -2.38020001859240E-05  1.96224793765211E+00
 cg2d: Sum(rhs),rhsMax =  -2.38049402128127E-05  1.96200561993220E+00
 cg2d: Sum(rhs),rhsMax =  -2.38078868335379E-05  1.96176272638424E+00
 cg2d: Sum(rhs),rhsMax =  -2.38108423502581E-05  1.96151925849011E+00
 cg2d: Sum(rhs),rhsMax =  -2.38138049724057E-05  1.96127521772235E+00
 cg2d: Sum(rhs),rhsMax =  -2.38167752542040E-05  1.96103060554479E+00
 cg2d: Sum(rhs),rhsMax =  -2.38197542898888E-05  1.96078542341305E+00
 cg2d: Sum(rhs),rhsMax =  -2.38227398057234E-05  1.96053967277527E+00
 cg2d: Sum(rhs),rhsMax =  -2.38257325548830E-05  1.96029335507290E+00
 cg2d: Sum(rhs),rhsMax =  -2.38287336742360E-05  1.96004647174157E+00
 cg2d: Sum(rhs),rhsMax =  -2.38317431353607E-05  1.95979902421196E+00
 cg2d: Sum(rhs),rhsMax =  -2.38347586645205E-05  1.95955101391081E+00
 cg2d: Sum(rhs),rhsMax =  -2.38377823507108E-05  1.95930244226194E+00
 cg2d: Sum(rhs),rhsMax =  -2.38408141228774E-05  1.95905331068724E+00
 cg2d: Sum(rhs),rhsMax =  -2.38438530573148E-05  1.95880362060773E+00
 cg2d: Sum(rhs),rhsMax =  -2.38468995377161E-05  1.95855337344457E+00
 cg2d: Sum(rhs),rhsMax =  -2.38499539193526E-05  1.95830257062015E+00
 cg2d: Sum(rhs),rhsMax =  -2.38530158753747E-05  1.95805121355905E+00
 cg2d: Sum(rhs),rhsMax =  -2.38560850220892E-05  1.95779930368909E+00
 cg2d: Sum(rhs),rhsMax =  -2.38591612315986E-05  1.95754684244227E+00
 cg2d: Sum(rhs),rhsMax =  -2.38622455270843E-05  1.95729383125566E+00
 cg2d: Sum(rhs),rhsMax =  -2.38653370132624E-05  1.95704027157241E+00
 cg2d: Sum(rhs),rhsMax =  -2.38684362443564E-05  1.95678616484247E+00
 cg2d: Sum(rhs),rhsMax =  -2.38715427940406E-05  1.95653151252348E+00
 cg2d: Sum(rhs),rhsMax =  -2.38746567333692E-05  1.95627631608143E+00
 cg2d: Sum(rhs),rhsMax =  -2.38777781191857E-05  1.95602057699142E+00
 cg2d: Sum(rhs),rhsMax =  -2.38809071220203E-05  1.95576429673819E+00
 cg2d: Sum(rhs),rhsMax =  -2.38840436281862E-05  1.95550747681591E+00
 cg2d: Sum(rhs),rhsMax =  -2.38871873534663E-05  1.95525011873028E+00
 cg2d: Sum(rhs),rhsMax =  -2.38903384257583E-05  1.95499222399868E+00
 cg2d: Sum(rhs),rhsMax =  -2.38934968876947E-05  1.95473379415073E+00
 cg2d: Sum(rhs),rhsMax =  -2.38966623413717E-05  1.95447483072835E+00
 cg2d: Sum(rhs),rhsMax =  -2.38998362505072E-05  1.95421533528559E+00
 cg2d: Sum(rhs),rhsMax =  -2.39030159576714E-05  1.95395530938892E+00
 cg2d: Sum(rhs),rhsMax =  -2.39062041345051E-05  1.95369475461759E+00
 cg2d: Sum(rhs),rhsMax =  -2.39093992746575E-05  1.95343367256396E+00
 cg2d: Sum(rhs),rhsMax =  -2.39126020460390E-05  1.95317206483371E+00
 cg2d: Sum(rhs),rhsMax =  -2.39158114965221E-05  1.95290993304590E+00
 cg2d: Sum(rhs),rhsMax =  -2.39190288340296E-05  1.95264727883302E+00
 cg2d: Sum(rhs),rhsMax =  -2.39222525380001E-05  1.95238410384091E+00
 cg2d: Sum(rhs),rhsMax =  -2.39254840721514E-05  1.95212040972870E+00
 cg2d: Sum(rhs),rhsMax =  -2.39287227543628E-05  1.95185619816869E+00
 cg2d: Sum(rhs),rhsMax =  -2.39319681014649E-05  1.95159147084615E+00
 cg2d: Sum(rhs),rhsMax =  -2.39352217192845E-05  1.95132622945919E+00
 cg2d: Sum(rhs),rhsMax =  -2.39384819451516E-05  1.95106047571831E+00
 cg2d: Sum(rhs),rhsMax =  -2.39417491201266E-05  1.95079421134630E+00
 cg2d: Sum(rhs),rhsMax =  -2.39450235142158E-05  1.95052743807777E+00
 cg2d: Sum(rhs),rhsMax =  -2.39483048432021E-05  1.95026015765874E+00
 cg2d: Sum(rhs),rhsMax =  -2.39515938886825E-05  1.94999237184628E+00
 cg2d: Sum(rhs),rhsMax =  -2.39548892153607E-05  1.94972408240795E+00
 cg2d: Sum(rhs),rhsMax =  -2.39581930117083E-05  1.94945529112141E+00
 cg2d: Sum(rhs),rhsMax =  -2.39615023360784E-05  1.94918599977375E+00
 cg2d: Sum(rhs),rhsMax =  -2.39648195190512E-05  1.94891621016100E+00
 cg2d: Sum(rhs),rhsMax =  -2.39681437363970E-05  1.94864592408753E+00
 cg2d: Sum(rhs),rhsMax =  -2.39714747181097E-05  1.94837514336541E+00
 cg2d: Sum(rhs),rhsMax =  -2.39748129189365E-05  1.94810386981375E+00
 cg2d: Sum(rhs),rhsMax =  -2.39781580688714E-05  1.94783210525806E+00
 cg2d: Sum(rhs),rhsMax =  -2.39815099405405E-05  1.94755985152958E+00
 cg2d: Sum(rhs),rhsMax =  -2.39848692160649E-05  1.94728711046460E+00
 cg2d: Sum(rhs),rhsMax =  -2.39882346591003E-05  1.94701388390371E+00
 cg2d: Sum(rhs),rhsMax =  -2.39916071365087E-05  1.94674017369116E+00
 cg2d: Sum(rhs),rhsMax =  -2.39949861651212E-05  1.94646598167416E+00
 cg2d: Sum(rhs),rhsMax =  -2.39983732512883E-05  1.94619130970215E+00
 cg2d: Sum(rhs),rhsMax =  -2.40017669881354E-05  1.94591615962615E+00
 cg2d: Sum(rhs),rhsMax =  -2.40051668640717E-05  1.94564053329809E+00
 cg2d: Sum(rhs),rhsMax =  -2.40085742149176E-05  1.94536443257017E+00
 cg2d: Sum(rhs),rhsMax =  -2.40119881880219E-05  1.94508785929423E+00
 cg2d: Sum(rhs),rhsMax =  -2.40154081723176E-05  1.94481081532113E+00
 cg2d: Sum(rhs),rhsMax =  -2.40188360578486E-05  1.94453330250029E+00
 cg2d: Sum(rhs),rhsMax =  -2.40222700256254E-05  1.94425532267906E+00
 cg2d: Sum(rhs),rhsMax =  -2.40257103314434E-05  1.94397687770235E+00
 cg2d: Sum(rhs),rhsMax =  -2.40291582827012E-05  1.94369796941215E+00
 cg2d: Sum(rhs),rhsMax =  -2.40326124867352E-05  1.94341859964718E+00
 cg2d: Sum(rhs),rhsMax =  -2.40360737535639E-05  1.94313877024257E+00
 cg2d: Sum(rhs),rhsMax =  -2.40395409605298E-05  1.94285848302960E+00
 cg2d: Sum(rhs),rhsMax =  -2.40430150029169E-05  1.94257773983551E+00
 cg2d: Sum(rhs),rhsMax =  -2.40464958238817E-05  1.94229654248330E+00
 cg2d: Sum(rhs),rhsMax =  -2.40499833523700E-05  1.94201489279168E+00
 cg2d: Sum(rhs),rhsMax =  -2.40534777731227E-05  1.94173279257501E+00
 cg2d: Sum(rhs),rhsMax =  -2.40569782334887E-05  1.94145024364329E+00
 cg2d: Sum(rhs),rhsMax =  -2.40604852876913E-05  1.94116724780222E+00
 cg2d: Sum(rhs),rhsMax =  -2.40639989215197E-05  1.94088380685332E+00
 cg2d: Sum(rhs),rhsMax =  -2.40675194476125E-05  1.94059992259400E+00
 cg2d: Sum(rhs),rhsMax =  -2.40710457859450E-05  1.94031559681782E+00
 cg2d: Sum(rhs),rhsMax =  -2.40745792439157E-05  1.94003083131464E+00
 cg2d: Sum(rhs),rhsMax =  -2.40781187557104E-05  1.93974562787086E+00
 cg2d: Sum(rhs),rhsMax =  -2.40816649323961E-05  1.93945998826970E+00
 cg2d: Sum(rhs),rhsMax =  -2.40852174897555E-05  1.93917391429151E+00
 cg2d: Sum(rhs),rhsMax =  -2.40887770104337E-05  1.93888740771397E+00
 cg2d: Sum(rhs),rhsMax =  -2.40923417464955E-05  1.93860047031258E+00
 cg2d: Sum(rhs),rhsMax =  -2.40959142558950E-05  1.93831310386078E+00
 cg2d: Sum(rhs),rhsMax =  -2.40994925349014E-05  1.93802531013049E+00
 cg2d: Sum(rhs),rhsMax =  -2.41030769103645E-05  1.93773709089231E+00
 cg2d: Sum(rhs),rhsMax =  -2.41066675670254E-05  1.93744844791597E+00
 cg2d: Sum(rhs),rhsMax =  -2.41102646469926E-05  1.93715938297065E+00
 cg2d: Sum(rhs),rhsMax =  -2.41138685481701E-05  1.93686989782530E+00
 cg2d: Sum(rhs),rhsMax =  -2.41174783184306E-05  1.93657999424912E+00
 cg2d: Sum(rhs),rhsMax =  -2.41210943698889E-05  1.93628967401180E+00
 cg2d: Sum(rhs),rhsMax =  -2.41247168730752E-05  1.93599893888396E+00
 cg2d: Sum(rhs),rhsMax =  -2.41283453448204E-05  1.93570779063747E+00
 cg2d: Sum(rhs),rhsMax =  -2.41319798135464E-05  1.93541623104587E+00
 cg2d: Sum(rhs),rhsMax =  -2.41356204355725E-05  1.93512426188465E+00
 cg2d: Sum(rhs),rhsMax =  -2.41392684046104E-05  1.93483188493173E+00
 cg2d: Sum(rhs),rhsMax =  -2.41429212763933E-05  1.93453910196766E+00
 cg2d: Sum(rhs),rhsMax =  -2.41465811541275E-05  1.93424591477614E+00
 cg2d: Sum(rhs),rhsMax =  -2.41502468156796E-05  1.93395232514421E+00
 cg2d: Sum(rhs),rhsMax =  -2.41539185594775E-05  1.93365833486273E+00
 cg2d: Sum(rhs),rhsMax =  -2.41575966413166E-05  1.93336394572660E+00
 cg2d: Sum(rhs),rhsMax =  -2.41612803506541E-05  1.93306915953516E+00
 cg2d: Sum(rhs),rhsMax =  -2.41649702417135E-05  1.93277397809248E+00
 cg2d: Sum(rhs),rhsMax =  -2.41686661723861E-05  1.93247840320765E+00
 cg2d: Sum(rhs),rhsMax =  -2.41723680574069E-05  1.93218243669510E+00
 cg2d: Sum(rhs),rhsMax =  -2.41760766073185E-05  1.93188608037482E+00
 cg2d: Sum(rhs),rhsMax =  -2.41797905005114E-05  1.93158933607270E+00
 cg2d: Sum(rhs),rhsMax =  -2.41835107601673E-05  1.93129220562068E+00
 cg2d: Sum(rhs),rhsMax =  -2.41872368178520E-05  1.93099469085703E+00
 cg2d: Sum(rhs),rhsMax =  -2.41909689862041E-05  1.93069679362652E+00
 cg2d: Sum(rhs),rhsMax =  -2.41947068957415E-05  1.93039851578060E+00
 cg2d: Sum(rhs),rhsMax =  -2.41984505464643E-05  1.93009985917754E+00
 cg2d: Sum(rhs),rhsMax =  -2.42021999099507E-05  1.92980082568257E+00
 cg2d: Sum(rhs),rhsMax =  -2.42059560235930E-05  1.92950141716799E+00
 cg2d: Sum(rhs),rhsMax =  -2.42097167557631E-05  1.92920163551315E+00
 cg2d: Sum(rhs),rhsMax =  -2.42134842665109E-05  1.92890148260467E+00
 cg2d: Sum(rhs),rhsMax =  -2.42172575468658E-05  1.92860096033622E+00
 cg2d: Sum(rhs),rhsMax =  -2.42210356731221E-05  1.92830007060872E+00
 cg2d: Sum(rhs),rhsMax =  -2.42248205069018E-05  1.92799881533017E+00
 cg2d: Sum(rhs),rhsMax =  -2.42286108402823E-05  1.92769719641558E+00
 cg2d: Sum(rhs),rhsMax =  -2.42324068722155E-05  1.92739521578693E+00
 cg2d: Sum(rhs),rhsMax =  -2.42362088158643E-05  1.92709287537301E+00
 cg2d: Sum(rhs),rhsMax =  -2.42389357083539E-05  1.92687610936762E+00
 cg2d: Sum(rhs),rhsMax =  -2.42373631493820E-05  1.92700114111043E+00
 cg2d: Sum(rhs),rhsMax =  -2.42357970137164E-05  1.92712565196670E+00
 cg2d: Sum(rhs),rhsMax =  -2.42342374292548E-05  1.92724964151359E+00
 cg2d: Sum(rhs),rhsMax =  -2.42326856181307E-05  1.92737310933106E+00
 cg2d: Sum(rhs),rhsMax =  -2.42311390650229E-05  1.92749605500133E+00
 cg2d: Sum(rhs),rhsMax =  -2.42296007257892E-05  1.92761847810854E+00
 cg2d: Sum(rhs),rhsMax =  -2.42280684261686E-05  1.92774037823819E+00
 cg2d: Sum(rhs),rhsMax =  -2.42265428198607E-05  1.92786175497676E+00
 cg2d: Sum(rhs),rhsMax =  -2.42250247879383E-05  1.92798260791131E+00
 cg2d: Sum(rhs),rhsMax =  -2.42235124545687E-05  1.92810293662910E+00
 cg2d: Sum(rhs),rhsMax =  -2.42220078092714E-05  1.92822274071725E+00
 cg2d: Sum(rhs),rhsMax =  -2.42205095020154E-05  1.92834201976246E+00
 cg2d: Sum(rhs),rhsMax =  -2.42190183286084E-05  1.92846077335068E+00
 cg2d: Sum(rhs),rhsMax =  -2.42175330527061E-05  1.92857900106693E+00
 cg2d: Sum(rhs),rhsMax =  -2.42160549532855E-05  1.92869670249508E+00
 cg2d: Sum(rhs),rhsMax =  -2.42145843287744E-05  1.92881387721768E+00
 cg2d: Sum(rhs),rhsMax =  -2.42131201133589E-05  1.92893052481583E+00
 cg2d: Sum(rhs),rhsMax =  -2.42116621933519E-05  1.92904664486917E+00
 cg2d: Sum(rhs),rhsMax =  -2.42102116203569E-05  1.92916223695577E+00
 cg2d: Sum(rhs),rhsMax =  -2.42087674990898E-05  1.92927730065216E+00
 cg2d: Sum(rhs),rhsMax =  -2.42073301990331E-05  1.92939183553341E+00
 cg2d: Sum(rhs),rhsMax =  -2.42059000896688E-05  1.92950584117317E+00
 cg2d: Sum(rhs),rhsMax =  -2.42044766451954E-05  1.92961931714366E+00
 cg2d: Sum(rhs),rhsMax =  -2.42030601924625E-05  1.92973226301619E+00
 cg2d: Sum(rhs),rhsMax =  -2.42016500635600E-05  1.92984467836083E+00
 cg2d: Sum(rhs),rhsMax =  -2.42002469406088E-05  1.92995656274741E+00
 cg2d: Sum(rhs),rhsMax =  -2.41988507383439E-05  1.93006791574544E+00
 cg2d: Sum(rhs),rhsMax =  -2.41974612862350E-05  1.93017873692455E+00
 cg2d: Sum(rhs),rhsMax =  -2.41960788542883E-05  1.93028902585444E+00
 cg2d: Sum(rhs),rhsMax =  -2.41947030872325E-05  1.93039878210543E+00
 cg2d: Sum(rhs),rhsMax =  -2.41933341271761E-05  1.93050800524874E+00
 cg2d: Sum(rhs),rhsMax =  -2.41919722014927E-05  1.93061669485712E+00
 cg2d: Sum(rhs),rhsMax =  -2.41906170259654E-05  1.93072485050519E+00
 cg2d: Sum(rhs),rhsMax =  -2.41892692116608E-05  1.93083247177009E+00
 cg2d: Sum(rhs),rhsMax =  -2.41879273943368E-05  1.93093955823181E+00
 cg2d: Sum(rhs),rhsMax =  -2.41865930092899E-05  1.93104610947391E+00
 cg2d: Sum(rhs),rhsMax =  -2.41852646354346E-05  1.93115212508375E+00
 cg2d: Sum(rhs),rhsMax =  -2.41839442196579E-05  1.93125760465331E+00
 cg2d: Sum(rhs),rhsMax =  -2.41826299145487E-05  1.93136254777476E+00
 cg2d: Sum(rhs),rhsMax =  -2.41813218906373E-05  1.93146695405051E+00
 cg2d: Sum(rhs),rhsMax =  -2.41800228764077E-05  1.93157082308767E+00
 cg2d: Sum(rhs),rhsMax =  -2.41787287791340E-05  1.93167415450813E+00
 cg2d: Sum(rhs),rhsMax =  -2.41774420999263E-05  1.93177694793941E+00
 cg2d: Sum(rhs),rhsMax =  -2.41761622703507E-05  1.93187920301290E+00
 cg2d: Sum(rhs),rhsMax =  -2.41748894467264E-05  1.93198091936517E+00
 cg2d: Sum(rhs),rhsMax =  -2.41736236148427E-05  1.93208209664074E+00
 cg2d: Sum(rhs),rhsMax =  -2.41723644336389E-05  1.93218273449368E+00
 cg2d: Sum(rhs),rhsMax =  -2.41711123720734E-05  1.93228283258880E+00
 cg2d: Sum(rhs),rhsMax =  -2.41698673733026E-05  1.93238239060154E+00
 cg2d: Sum(rhs),rhsMax =  -2.41686287836274E-05  1.93248140821854E+00
 cg2d: Sum(rhs),rhsMax =  -2.41673967167344E-05  1.93257988513725E+00
 cg2d: Sum(rhs),rhsMax =  -2.41661731337217E-05  1.93267782106667E+00
 cg2d: Sum(rhs),rhsMax =  -2.41649549366230E-05  1.93277521572705E+00
 cg2d: Sum(rhs),rhsMax =  -2.41637438023190E-05  1.93287206885075E+00
 cg2d: Sum(rhs),rhsMax =  -2.41625399866052E-05  1.93296838018190E+00
 cg2d: Sum(rhs),rhsMax =  -2.41613429778909E-05  1.93306414947717E+00
 cg2d: Sum(rhs),rhsMax =  -2.41601527761759E-05  1.93315937650545E+00
 cg2d: Sum(rhs),rhsMax =  -2.41589698362077E-05  1.93325406104847E+00
 cg2d: Sum(rhs),rhsMax =  -2.41577929926962E-05  1.93334820290029E+00
 cg2d: Sum(rhs),rhsMax =  -2.41566234961965E-05  1.93344180186800E+00
 cg2d: Sum(rhs),rhsMax =  -2.41554609630157E-05  1.93353485777098E+00
 cg2d: Sum(rhs),rhsMax =  -2.41543052510451E-05  1.93362737044153E+00
 cg2d: Sum(rhs),rhsMax =  -2.41531564455499E-05  1.93371933972396E+00
 cg2d: Sum(rhs),rhsMax =  -2.41520143049456E-05  1.93381076547531E+00
 cg2d: Sum(rhs),rhsMax =  -2.41508798524137E-05  1.93390164756414E+00
 cg2d: Sum(rhs),rhsMax =  -2.41497513258082E-05  1.93399198587134E+00
 cg2d: Sum(rhs),rhsMax =  -2.41486299046301E-05  1.93408178028871E+00
 cg2d: Sum(rhs),rhsMax =  -2.41475164841631E-05  1.93417103071984E+00
 cg2d: Sum(rhs),rhsMax =  -2.41464083927667E-05  1.93425973707847E+00
 cg2d: Sum(rhs),rhsMax =  -2.41453083589249E-05  1.93434789928946E+00
 cg2d: Sum(rhs),rhsMax =  -2.41442139810033E-05  1.93443551728691E+00
 cg2d: Sum(rhs),rhsMax =  -2.41431280301185E-05  1.93452259101524E+00
 cg2d: Sum(rhs),rhsMax =  -2.41420476072562E-05  1.93460912042705E+00
 cg2d: Sum(rhs),rhsMax =  -2.41409746166710E-05  1.93469510548437E+00
 cg2d: Sum(rhs),rhsMax =  -2.41399093994232E-05  1.93478054615619E+00
 cg2d: Sum(rhs),rhsMax =  -2.41388493549266E-05  1.93486544242000E+00
 cg2d: Sum(rhs),rhsMax =  -2.41377973964063E-05  1.93494979425899E+00
 cg2d: Sum(rhs),rhsMax =  -2.41367517475055E-05  1.93503360166378E+00
 cg2d: Sum(rhs),rhsMax =  -2.41357138861531E-05  1.93511686462943E+00
 cg2d: Sum(rhs),rhsMax =  -2.41346821070465E-05  1.93519958315739E+00
 cg2d: Sum(rhs),rhsMax =  -2.41336569786199E-05  1.93528175725221E+00
 cg2d: Sum(rhs),rhsMax =  -2.41326390550967E-05  1.93536338692386E+00
 cg2d: Sum(rhs),rhsMax =  -2.41316279101511E-05  1.93544447218404E+00
 cg2d: Sum(rhs),rhsMax =  -2.41306236432592E-05  1.93552501294117E+00
 cg2d: Sum(rhs),rhsMax =  -2.41296261833668E-05  1.93560500934820E+00
 cg2d: Sum(rhs),rhsMax =  -2.41286360562754E-05  1.93568446149319E+00
 cg2d: Sum(rhs),rhsMax =  -2.41276521393274E-05  1.93576336941340E+00
 cg2d: Sum(rhs),rhsMax =  -2.41266755836023E-05  1.93584173314663E+00
 cg2d: Sum(rhs),rhsMax =  -2.41257060906719E-05  1.93591955274194E+00
 cg2d: Sum(rhs),rhsMax =  -2.41247427652524E-05  1.93599682826203E+00
 cg2d: Sum(rhs),rhsMax =  -2.41237860905130E-05  1.93607355977251E+00
 cg2d: Sum(rhs),rhsMax =  -2.41228370896351E-05  1.93614974734417E+00
 cg2d: Sum(rhs),rhsMax =  -2.41218956205103E-05  1.93622539104601E+00
 cg2d: Sum(rhs),rhsMax =  -2.41209601341552E-05  1.93630049095085E+00
 cg2d: Sum(rhs),rhsMax =  -2.41200304600397E-05  1.93637504712805E+00
 cg2d: Sum(rhs),rhsMax =  -2.41191090850634E-05  1.93644905965005E+00
 cg2d: Sum(rhs),rhsMax =  -2.41181939202306E-05  1.93652252000402E+00
 cg2d: Sum(rhs),rhsMax =  -2.41172864576811E-05  1.93659544135868E+00
 cg2d: Sum(rhs),rhsMax =  -2.41163844805214E-05  1.93666782490890E+00
 cg2d: Sum(rhs),rhsMax =  -2.41154901203799E-05  1.93673966871174E+00
 cg2d: Sum(rhs),rhsMax =  -2.41146017145866E-05  1.93681097199549E+00
 cg2d: Sum(rhs),rhsMax =  -2.41137211958176E-05  1.93688173527273E+00
 cg2d: Sum(rhs),rhsMax =  -2.41128468445595E-05  1.93695195957939E+00
 cg2d: Sum(rhs),rhsMax =  -2.41119796271505E-05  1.93702164596266E+00
 cg2d: Sum(rhs),rhsMax =  -2.41111183925113E-05  1.93709079533553E+00
 cg2d: Sum(rhs),rhsMax =  -2.41102642632995E-05  1.93715940852318E+00
 cg2d: Sum(rhs),rhsMax =  -2.41094171542500E-05  1.93722748628411E+00
 cg2d: Sum(rhs),rhsMax =  -2.41085768664107E-05  1.93729502933563E+00
 cg2d: Sum(rhs),rhsMax =  -2.41077430302994E-05  1.93736203833690E+00
 cg2d: Sum(rhs),rhsMax =  -2.41069158164464E-05  1.93742851390355E+00
 cg2d: Sum(rhs),rhsMax =  -2.41060952674843E-05  1.93749445658717E+00
 cg2d: Sum(rhs),rhsMax =  -2.41052814118348E-05  1.93755986689296E+00
 cg2d: Sum(rhs),rhsMax =  -2.41044741216001E-05  1.93762474525789E+00
 cg2d: Sum(rhs),rhsMax =  -2.41036737236300E-05  1.93768909207191E+00
 cg2d: Sum(rhs),rhsMax =  -2.41028800331833E-05  1.93775290765509E+00
 cg2d: Sum(rhs),rhsMax =  -2.41020923539281E-05  1.93781619228257E+00
 cg2d: Sum(rhs),rhsMax =  -2.41013129027579E-05  1.93787894616000E+00
 cg2d: Sum(rhs),rhsMax =  -2.41005385248627E-05  1.93794116945222E+00
 cg2d: Sum(rhs),rhsMax =  -2.40997714087143E-05  1.93800286225575E+00
 cg2d: Sum(rhs),rhsMax =  -2.40990108437700E-05  1.93806402463076E+00
 cg2d: Sum(rhs),rhsMax =  -2.40982570858250E-05  1.93812465657011E+00
 cg2d: Sum(rhs),rhsMax =  -2.40975091116979E-05  1.93818475803498E+00
 cg2d: Sum(rhs),rhsMax =  -2.40967688682758E-05  1.93824432892052E+00
 cg2d: Sum(rhs),rhsMax =  -2.40960352897446E-05  1.93830336909642E+00
 cg2d: Sum(rhs),rhsMax =  -2.40953168315627E-05  1.93836116261876E+00
 cg2d: Sum(rhs),rhsMax =  -2.40946026650590E-05  1.93841858594858E+00
 cg2d: Sum(rhs),rhsMax =  -2.40938957603021E-05  1.93847548203886E+00
 cg2d: Sum(rhs),rhsMax =  -2.40931955772794E-05  1.93853178878029E+00
 cg2d: Sum(rhs),rhsMax =  -2.40925031675943E-05  1.93858750970250E+00
 cg2d: Sum(rhs),rhsMax =  -2.40918184033490E-05  1.93864263936390E+00
 cg2d: Sum(rhs),rhsMax =  -2.40911406450550E-05  1.93869716662212E+00
 cg2d: Sum(rhs),rhsMax =  -2.40904705037792E-05  1.93875108082915E+00
 cg2d: Sum(rhs),rhsMax =  -2.40898084769015E-05  1.93880437209115E+00
 cg2d: Sum(rhs),rhsMax =  -2.40891540528310E-05  1.93885703101852E+00
 cg2d: Sum(rhs),rhsMax =  -2.40885078710562E-05  1.93890904870932E+00
 cg2d: Sum(rhs),rhsMax =  -2.40878695052515E-05  1.93896041697987E+00
 cg2d: Sum(rhs),rhsMax =  -2.40872396943814E-05  1.93901112837373E+00
 cg2d: Sum(rhs),rhsMax =  -2.40866176994814E-05  1.93906117632051E+00
 cg2d: Sum(rhs),rhsMax =  -2.40860045579439E-05  1.93911055507897E+00
 cg2d: Sum(rhs),rhsMax =  -2.40853999002866E-05  1.93915925988341E+00
 cg2d: Sum(rhs),rhsMax =  -2.40848032291296E-05  1.93920728685588E+00
 cg2d: Sum(rhs),rhsMax =  -2.40842152265941E-05  1.93925463315235E+00
 cg2d: Sum(rhs),rhsMax =  -2.40836352531915E-05  1.93930129684412E+00
 cg2d: Sum(rhs),rhsMax =  -2.40830646163204E-05  1.93934727706526E+00
 cg2d: Sum(rhs),rhsMax =  -2.40825017812085E-05  1.93939257386202E+00
 cg2d: Sum(rhs),rhsMax =  -2.40819478136700E-05  1.93943718834170E+00
 cg2d: Sum(rhs),rhsMax =  -2.40814024152769E-05  1.93948112248907E+00
 cg2d: Sum(rhs),rhsMax =  -2.40808654723423E-05  1.93952437931693E+00
 cg2d: Sum(rhs),rhsMax =  -2.40803372548726E-05  1.93956696265029E+00
 cg2d: Sum(rhs),rhsMax =  -2.40798165975775E-05  1.93960887727989E+00
 cg2d: Sum(rhs),rhsMax =  -2.40793047368015E-05  1.93965012871679E+00
 cg2d: Sum(rhs),rhsMax =  -2.40788006067305E-05  1.93969072335099E+00
 cg2d: Sum(rhs),rhsMax =  -2.40783045057924E-05  1.93973066817975E+00
 cg2d: Sum(rhs),rhsMax =  -2.40778165192523E-05  1.93976997097272E+00
 cg2d: Sum(rhs),rhsMax =  -2.40773368460623E-05  1.93980863997694E+00
 cg2d: Sum(rhs),rhsMax =  -2.40768650314749E-05  1.93984668408846E+00
 cg2d: Sum(rhs),rhsMax =  -2.40764001944171E-05  1.93988411253677E+00
 cg2d: Sum(rhs),rhsMax =  -2.40759433580706E-05  1.93992093506252E+00
 cg2d: Sum(rhs),rhsMax =  -2.40754932860909E-05  1.93995716158427E+00
 cg2d: Sum(rhs),rhsMax =  -2.40750512858767E-05  1.93999280238273E+00
 cg2d: Sum(rhs),rhsMax =  -2.40746160784511E-05  1.94002786775358E+00
 cg2d: Sum(rhs),rhsMax =  -2.40741883317241E-05  1.94006236819891E+00
 cg2d: Sum(rhs),rhsMax =  -2.40737664825019E-05  1.94009631407077E+00
 cg2d: Sum(rhs),rhsMax =  -2.40733516108094E-05  1.94012971577067E+00
 cg2d: Sum(rhs),rhsMax =  -2.40729447682497E-05  1.94016258338830E+00
 cg2d: Sum(rhs),rhsMax =  -2.40725428852784E-05  1.94019492690999E+00
 cg2d: Sum(rhs),rhsMax =  -2.40721477524630E-05  1.94022675585687E+00
 cg2d: Sum(rhs),rhsMax =  -2.40717594692796E-05  1.94025807950277E+00
 cg2d: Sum(rhs),rhsMax =  -2.40713768135947E-05  1.94028890651587E+00
 cg2d: Sum(rhs),rhsMax =  -2.40710005812161E-05  1.94031924518633E+00
 cg2d: Sum(rhs),rhsMax =  -2.40706305163485E-05  1.94034910307526E+00
 cg2d: Sum(rhs),rhsMax =  -2.40702660363468E-05  1.94037848725206E+00
 cg2d: Sum(rhs),rhsMax =  -2.40699071412109E-05  1.94040740395420E+00
 cg2d: Sum(rhs),rhsMax =  -2.40695537314650E-05  1.94043585883416E+00
 cg2d: Sum(rhs),rhsMax =  -2.40692067450254E-05  1.94046385663302E+00
 cg2d: Sum(rhs),rhsMax =  -2.40688652297649E-05  1.94049140143665E+00
 cg2d: Sum(rhs),rhsMax =  -2.40685286598818E-05  1.94051849636547E+00
 cg2d: Sum(rhs),rhsMax =  -2.40681982717206E-05  1.94054514383952E+00
 cg2d: Sum(rhs),rhsMax =  -2.40678739373834E-05  1.94057134528607E+00
 cg2d: Sum(rhs),rhsMax =  -2.40675540936763E-05  1.94059710141294E+00
 cg2d: Sum(rhs),rhsMax =  -2.40672400622088E-05  1.94062241193518E+00
 cg2d: Sum(rhs),rhsMax =  -2.40669316440290E-05  1.94064727585575E+00
 cg2d: Sum(rhs),rhsMax =  -2.40666292938840E-05  1.94067169121184E+00
 cg2d: Sum(rhs),rhsMax =  -2.40663325996593E-05  1.94069565536189E+00
 cg2d: Sum(rhs),rhsMax =  -2.40660403676429E-05  1.94071916475155E+00
 cg2d: Sum(rhs),rhsMax =  -2.40657543457701E-05  1.94074221520589E+00
 cg2d: Sum(rhs),rhsMax =  -2.40654748466795E-05  1.94076480171415E+00
 cg2d: Sum(rhs),rhsMax =  -2.40652008614006E-05  1.94078691872615E+00
 cg2d: Sum(rhs),rhsMax =  -2.40649317504449E-05  1.94080855995422E+00
 cg2d: Sum(rhs),rhsMax =  -2.40646697449165E-05  1.94082971867259E+00
 cg2d: Sum(rhs),rhsMax =  -2.40644134379409E-05  1.94085038753459E+00
 cg2d: Sum(rhs),rhsMax =  -2.40641629574156E-05  1.94087055887363E+00
 cg2d: Sum(rhs),rhsMax =  -2.40639198665349E-05  1.94089022453298E+00
 cg2d: Sum(rhs),rhsMax =  -2.40636818773510E-05  1.94090937616746E+00
 cg2d: Sum(rhs),rhsMax =  -2.40634509935944E-05  1.94092800508255E+00
 cg2d: Sum(rhs),rhsMax =  -2.40632269026264E-05  1.94094610253568E+00
 cg2d: Sum(rhs),rhsMax =  -2.40630091070670E-05  1.94096365958143E+00
 cg2d: Sum(rhs),rhsMax =  -2.40627982179831E-05  1.94098066737165E+00
 cg2d: Sum(rhs),rhsMax =  -2.40625941216877E-05  1.94099711700293E+00
 cg2d: Sum(rhs),rhsMax =  -2.40623969034459E-05  1.94101299981501E+00
 cg2d: Sum(rhs),rhsMax =  -2.40622080980302E-05  1.94102830723675E+00
 cg2d: Sum(rhs),rhsMax =  -2.40620248774803E-05  1.94104303108241E+00
 cg2d: Sum(rhs),rhsMax =  -2.40618497429068E-05  1.94105716339221E+00
 cg2d: Sum(rhs),rhsMax =  -2.40616823248274E-05  1.94107069672627E+00
 cg2d: Sum(rhs),rhsMax =  -2.40615217137474E-05  1.94108362399599E+00
 cg2d: Sum(rhs),rhsMax =  -2.40613687196856E-05  1.94109593875546E+00
 cg2d: Sum(rhs),rhsMax =  -2.40612240673954E-05  1.94110763502005E+00
 cg2d: Sum(rhs),rhsMax =  -2.40610865915869E-05  1.94111870755530E+00
 cg2d: Sum(rhs),rhsMax =  -2.40609575286044E-05  1.94112915167940E+00
 cg2d: Sum(rhs),rhsMax =  -2.40608357842120E-05  1.94113896354973E+00
 cg2d: Sum(rhs),rhsMax =  -2.40607220831635E-05  1.94114813994632E+00
 cg2d: Sum(rhs),rhsMax =  -2.40606158570245E-05  1.94115667855630E+00
 cg2d: Sum(rhs),rhsMax =  -2.40605189958387E-05  1.94116457773600E+00
 cg2d: Sum(rhs),rhsMax =  -2.40604279468926E-05  1.94117183679373E+00
 cg2d: Sum(rhs),rhsMax =  -2.40603460639477E-05  1.94117845572891E+00
 cg2d: Sum(rhs),rhsMax =  -2.40602717838101E-05  1.94118443551354E+00
 cg2d: Sum(rhs),rhsMax =  -2.40602058028117E-05  1.94118977780741E+00
 cg2d: Sum(rhs),rhsMax =  -2.40601473819879E-05  1.94119448523902E+00
 cg2d: Sum(rhs),rhsMax =  -2.40600973739902E-05  1.94119856109638E+00
 cg2d: Sum(rhs),rhsMax =  -2.40600545140524E-05  1.94120200960805E+00
 cg2d: Sum(rhs),rhsMax =  -2.40600191716567E-05  1.94120483561004E+00
 cg2d: Sum(rhs),rhsMax =  -2.40599916025985E-05  1.94120704482766E+00
 cg2d: Sum(rhs),rhsMax =  -2.40599725600532E-05  1.94120864351948E+00
 cg2d: Sum(rhs),rhsMax =  -2.40599595144886E-05  1.94120963876067E+00
 cg2d: Sum(rhs),rhsMax =  -2.40599547964848E-05  1.94121003806581E+00
 cg2d: Sum(rhs),rhsMax =  -2.40599569139022E-05  1.94120984967433E+00
 cg2d: Sum(rhs),rhsMax =  -2.40599665772834E-05  1.94120908215448E+00
 cg2d: Sum(rhs),rhsMax =  -2.40599829197663E-05  1.94120774469128E+00
 cg2d: Sum(rhs),rhsMax =  -2.40600067371588E-05  1.94120584667459E+00
 cg2d: Sum(rhs),rhsMax =  -2.40600370204902E-05  1.94120339799022E+00
 cg2d: Sum(rhs),rhsMax =  -2.40600742813513E-05  1.94120040859502E+00
 cg2d: Sum(rhs),rhsMax =  -2.40601179797295E-05  1.94119688881172E+00
 cg2d: Sum(rhs),rhsMax =  -2.40601673340279E-05  1.94119284889471E+00
 cg2d: Sum(rhs),rhsMax =  -2.40602242769228E-05  1.94118829932882E+00
 cg2d: Sum(rhs),rhsMax =  -2.40602867194184E-05  1.94118325038956E+00
 cg2d: Sum(rhs),rhsMax =  -2.40603557983832E-05  1.94117771244625E+00
 cg2d: Sum(rhs),rhsMax =  -2.40604298369362E-05  1.94117169552038E+00
 cg2d: Sum(rhs),rhsMax =  -2.40605106540670E-05  1.94116520959346E+00
 cg2d: Sum(rhs),rhsMax =  -2.40605963028884E-05  1.94115826416728E+00
 cg2d: Sum(rhs),rhsMax =  -2.40606881192207E-05  1.94115086857653E+00
 cg2d: Sum(rhs),rhsMax =  -2.40607852646235E-05  1.94114303155468E+00
 cg2d: Sum(rhs),rhsMax =  -2.40608879096271E-05  1.94113476155138E+00
 cg2d: Sum(rhs),rhsMax =  -2.40609954005322E-05  1.94112606630737E+00
 cg2d: Sum(rhs),rhsMax =  -2.40611079647124E-05  1.94111695317661E+00
 cg2d: Sum(rhs),rhsMax =  -2.40612266111384E-05  1.94110742871325E+00
 cg2d: Sum(rhs),rhsMax =  -2.40613501176767E-05  1.94109749899831E+00
 cg2d: Sum(rhs),rhsMax =  -2.40614773474590E-05  1.94108716924133E+00
 cg2d: Sum(rhs),rhsMax =  -2.40616104747460E-05  1.94107644411143E+00
 cg2d: Sum(rhs),rhsMax =  -2.40617487605732E-05  1.94106532735566E+00
 cg2d: Sum(rhs),rhsMax =  -2.40618913665003E-05  1.94105382213400E+00
 cg2d: Sum(rhs),rhsMax =  -2.40620385909551E-05  1.94104193065618E+00
 cg2d: Sum(rhs),rhsMax =  -2.40621909597394E-05  1.94102965452007E+00
 cg2d: Sum(rhs),rhsMax =  -2.40623469949242E-05  1.94101699436796E+00
 cg2d: Sum(rhs),rhsMax =  -2.40625093539393E-05  1.94100395022787E+00
 cg2d: Sum(rhs),rhsMax =  -2.40626761325302E-05  1.94099052118949E+00
 cg2d: Sum(rhs),rhsMax =  -2.40628469612147E-05  1.94097670574817E+00
 cg2d: Sum(rhs),rhsMax =  -2.40630230621264E-05  1.94096250150002E+00
 cg2d: Sum(rhs),rhsMax =  -2.40632038099875E-05  1.94094790548807E+00
 cg2d: Sum(rhs),rhsMax =  -2.40633896595455E-05  1.94093291391569E+00
 cg2d: Sum(rhs),rhsMax =  -2.40635804118483E-05  1.94091752249443E+00
 cg2d: Sum(rhs),rhsMax =  -2.40637767348062E-05  1.94090172617410E+00
 cg2d: Sum(rhs),rhsMax =  -2.40639776478702E-05  1.94088551949196E+00
 cg2d: Sum(rhs),rhsMax =  -2.40641835063116E-05  1.94086889631740E+00
 cg2d: Sum(rhs),rhsMax =  -2.40643954469988E-05  1.94085185020194E+00
 cg2d: Sum(rhs),rhsMax =  -2.40646114662013E-05  1.94083437413605E+00
 cg2d: Sum(rhs),rhsMax =  -2.40648339371319E-05  1.94081646089968E+00
 cg2d: Sum(rhs),rhsMax =  -2.40650613818616E-05  1.94079810282812E+00
 cg2d: Sum(rhs),rhsMax =  -2.40652946814635E-05  1.94077929216285E+00
 cg2d: Sum(rhs),rhsMax =  -2.40655338359375E-05  1.94076002082321E+00
 cg2d: Sum(rhs),rhsMax =  -2.40657783194820E-05  1.94074028075732E+00
 cg2d: Sum(rhs),rhsMax =  -2.40660292263328E-05  1.94072006371619E+00
 cg2d: Sum(rhs),rhsMax =  -2.40662860448992E-05  1.94069936160441E+00
 cg2d: Sum(rhs),rhsMax =  -2.40665490167657E-05  1.94067816625336E+00
 cg2d: Sum(rhs),rhsMax =  -2.40668179429804E-05  1.94065646977149E+00
 cg2d: Sum(rhs),rhsMax =  -2.40670930367060E-05  1.94063426431307E+00
 cg2d: Sum(rhs),rhsMax =  -2.40673755769194E-05  1.94061154242820E+00
 cg2d: Sum(rhs),rhsMax =  -2.40676633467274E-05  1.94058829682363E+00
 cg2d: Sum(rhs),rhsMax =  -2.40679586198667E-05  1.94056452071248E+00
 cg2d: Sum(rhs),rhsMax =  -2.40682594068176E-05  1.94054020756422E+00
 cg2d: Sum(rhs),rhsMax =  -2.40685679671060E-05  1.94051535145387E+00
 cg2d: Sum(rhs),rhsMax =  -2.40688828654356E-05  1.94048994679869E+00
 cg2d: Sum(rhs),rhsMax =  -2.40692048123492E-05  1.94046398870667E+00
 cg2d: Sum(rhs),rhsMax =  -2.40695339783770E-05  1.94043747269769E+00
 cg2d: Sum(rhs),rhsMax =  -2.40698696245545E-05  1.94041039505138E+00
 cg2d: Sum(rhs),rhsMax =  -2.40702125182679E-05  1.94038275251100E+00
 cg2d: Sum(rhs),rhsMax =  -2.40705633558491E-05  1.94035454263064E+00
 cg2d: Sum(rhs),rhsMax =  -2.40709198067179E-05  1.94032576346067E+00
 cg2d: Sum(rhs),rhsMax =  -2.40712841304003E-05  1.94029641389420E+00
 cg2d: Sum(rhs),rhsMax =  -2.40716552326603E-05  1.94026649333354E+00
 cg2d: Sum(rhs),rhsMax =  -2.40720336819322E-05  1.94023600203595E+00
 cg2d: Sum(rhs),rhsMax =  -2.40724185971430E-05  1.94020494076096E+00
 cg2d: Sum(rhs),rhsMax =  -2.40728113993782E-05  1.94017331111554E+00
 cg2d: Sum(rhs),rhsMax =  -2.40732105822872E-05  1.94014111518285E+00
 cg2d: Sum(rhs),rhsMax =  -2.40736173111600E-05  1.94010835586665E+00
 cg2d: Sum(rhs),rhsMax =  -2.40740308754539E-05  1.94007503650280E+00
 cg2d: Sum(rhs),rhsMax =  -2.40744507351565E-05  1.94004116120280E+00
 cg2d: Sum(rhs),rhsMax =  -2.40748776576538E-05  1.94000673444973E+00
 cg2d: Sum(rhs),rhsMax =  -2.40753122540127E-05  1.93997176144079E+00
 cg2d: Sum(rhs),rhsMax =  -2.40757532310454E-05  1.93993624766996E+00
 cg2d: Sum(rhs),rhsMax =  -2.40761993950400E-05  1.93990019926945E+00
 cg2d: Sum(rhs),rhsMax =  -2.40766547534577E-05  1.93986362258143E+00
 cg2d: Sum(rhs),rhsMax =  -2.40771150146202E-05  1.93982652449859E+00
 cg2d: Sum(rhs),rhsMax =  -2.40775815143479E-05  1.93978891202768E+00
 cg2d: Sum(rhs),rhsMax =  -2.40780547784425E-05  1.93975079262900E+00
 cg2d: Sum(rhs),rhsMax =  -2.40785344658434E-05  1.93971217377498E+00
 cg2d: Sum(rhs),rhsMax =  -2.40790196386342E-05  1.93967306328841E+00
 cg2d: Sum(rhs),rhsMax =  -2.40795107373515E-05  1.93963346889933E+00
 cg2d: Sum(rhs),rhsMax =  -2.40800087567550E-05  1.93959339858192E+00
 cg2d: Sum(rhs),rhsMax =  -2.40805119204879E-05  1.93955286011280E+00
 cg2d: Sum(rhs),rhsMax =  -2.40810212517317E-05  1.93951186140664E+00
 cg2d: Sum(rhs),rhsMax =  -2.40815355283530E-05  1.93947041007899E+00
 cg2d: Sum(rhs),rhsMax =  -2.40820559298527E-05  1.93942851378041E+00
 cg2d: Sum(rhs),rhsMax =  -2.40825816320012E-05  1.93938617962097E+00
 cg2d: Sum(rhs),rhsMax =  -2.40831123079488E-05  1.93934341461289E+00
 cg2d: Sum(rhs),rhsMax =  -2.40836489950880E-05  1.93930022571314E+00
 cg2d: Sum(rhs),rhsMax =  -2.40841906986589E-05  1.93925661975065E+00
 cg2d: Sum(rhs),rhsMax =  -2.40847372907638E-05  1.93921260284567E+00
 cg2d: Sum(rhs),rhsMax =  -2.40852887998244E-05  1.93916818073497E+00
 cg2d: Sum(rhs),rhsMax =  -2.40858457374316E-05  1.93912335844127E+00
 cg2d: Sum(rhs),rhsMax =  -2.40864073504099E-05  1.93907814072024E+00
 cg2d: Sum(rhs),rhsMax =  -2.40869736245486E-05  1.93903253171871E+00
 cg2d: Sum(rhs),rhsMax =  -2.40875453982881E-05  1.93898653529358E+00
 cg2d: Sum(rhs),rhsMax =  -2.40881209236932E-05  1.93894015462115E+00
 cg2d: Sum(rhs),rhsMax =  -2.40887025739767E-05  1.93889339251016E+00
 cg2d: Sum(rhs),rhsMax =  -2.40892876206544E-05  1.93884624342565E+00
 cg2d: Sum(rhs),rhsMax =  -2.40898783374632E-05  1.93879873510935E+00
 cg2d: Sum(rhs),rhsMax =  -2.40904734312153E-05  1.93875083717541E+00
 cg2d: Sum(rhs),rhsMax =  -2.40910729303323E-05  1.93870256416043E+00
 cg2d: Sum(rhs),rhsMax =  -2.40916778579958E-05  1.93865391611579E+00
 cg2d: Sum(rhs),rhsMax =  -2.40922876884042E-05  1.93860489158646E+00
 cg2d: Sum(rhs),rhsMax =  -2.40929010288937E-05  1.93855548920543E+00
 cg2d: Sum(rhs),rhsMax =  -2.40935198405623E-05  1.93850570745814E+00
 cg2d: Sum(rhs),rhsMax =  -2.40941436118192E-05  1.93845554428296E+00
 cg2d: Sum(rhs),rhsMax =  -2.40947718026518E-05  1.93840499731033E+00
 cg2d: Sum(rhs),rhsMax =  -2.40954048678077E-05  1.93835406363856E+00
 cg2d: Sum(rhs),rhsMax =  -2.40960430062387E-05  1.93830274010189E+00
 cg2d: Sum(rhs),rhsMax =  -2.40966859763603E-05  1.93825102303806E+00
 cg2d: Sum(rhs),rhsMax =  -2.40973338208050E-05  1.93819890859653E+00
 cg2d: Sum(rhs),rhsMax =  -2.40979863974644E-05  1.93814639251748E+00
 cg2d: Sum(rhs),rhsMax =  -2.40986448432068E-05  1.93809347045359E+00
 cg2d: Sum(rhs),rhsMax =  -2.40993073390428E-05  1.93804013773677E+00
 cg2d: Sum(rhs),rhsMax =  -2.40999764429262E-05  1.93798638969830E+00
 cg2d: Sum(rhs),rhsMax =  -2.41006495400597E-05  1.93793221411038E+00
 cg2d: Sum(rhs),rhsMax =  -2.41013288615477E-05  1.93787763107795E+00
 cg2d: Sum(rhs),rhsMax =  -2.41020133273651E-05  1.93782260569704E+00
 cg2d: Sum(rhs),rhsMax =  -2.41027031364638E-05  1.93776714637329E+00
 cg2d: Sum(rhs),rhsMax =  -2.41033985446393E-05  1.93771124843065E+00
 cg2d: Sum(rhs),rhsMax =  -2.41040989408248E-05  1.93765490627957E+00
 cg2d: Sum(rhs),rhsMax =  -2.41048058882143E-05  1.93759811506744E+00
 cg2d: Sum(rhs),rhsMax =  -2.41055180225658E-05  1.93754087047611E+00
 cg2d: Sum(rhs),rhsMax =  -2.41062353723009E-05  1.93748316834285E+00
 cg2d: Sum(rhs),rhsMax =  -2.41069596000898E-05  1.93742500489452E+00
 cg2d: Sum(rhs),rhsMax =  -2.41076883469304E-05  1.93736637653089E+00
 cg2d: Sum(rhs),rhsMax =  -2.41084243128853E-05  1.93730728008970E+00
 cg2d: Sum(rhs),rhsMax =  -2.41091659489712E-05  1.93724771260699E+00
 cg2d: Sum(rhs),rhsMax =  -2.41099129709710E-05  1.93718767161959E+00
 cg2d: Sum(rhs),rhsMax =  -2.41106657199452E-05  1.93712715491806E+00
 cg2d: Sum(rhs),rhsMax =  -2.41114253327623E-05  1.93706616085704E+00
 cg2d: Sum(rhs),rhsMax =  -2.41121904167585E-05  1.93700468068764E+00
 cg2d: Sum(rhs),rhsMax =  -2.41129618387959E-05  1.93694273882482E+00
 cg2d: Sum(rhs),rhsMax =  -2.41137388030666E-05  1.93688030454707E+00
 cg2d: Sum(rhs),rhsMax =  -2.41145219774808E-05  1.93681739144911E+00
 cg2d: Sum(rhs),rhsMax =  -2.41153116320447E-05  1.93675400008624E+00
 cg2d: Sum(rhs),rhsMax =  -2.41161068288420E-05  1.93669013051495E+00
 cg2d: Sum(rhs),rhsMax =  -2.41169080794634E-05  1.93662578383701E+00
 cg2d: Sum(rhs),rhsMax =  -2.41177149291616E-05  1.93656096193599E+00
 cg2d: Sum(rhs),rhsMax =  -2.41185287848111E-05  1.93649566704545E+00
 cg2d: Sum(rhs),rhsMax =  -2.41193477847901E-05  1.93642990193672E+00
 cg2d: Sum(rhs),rhsMax =  -2.41201732364971E-05  1.93636366964519E+00
 cg2d: Sum(rhs),rhsMax =  -2.41210028804062E-05  1.93629697368683E+00
 cg2d: Sum(rhs),rhsMax =  -2.41218404966048E-05  1.93622981776964E+00
 cg2d: Sum(rhs),rhsMax =  -2.41226822623730E-05  1.93616220604517E+00
 cg2d: Sum(rhs),rhsMax =  -2.41235303235499E-05  1.93609413546712E+00
(PID.TID 0000.0001) Did not write pickup because writePickupAtEnd = FALSE
(PID.TID 0000.0001)   early fc =  0.000000000000000D+00
 --> objf_test(bi,bj)        =  0.189842676389864D+00
(PID.TID 0000.0001)   local fc =  0.189842676389864D+00
(PID.TID 0000.0001)  global fc =  0.322547978304876D+00
(PID.TID 0000.0001) grdchk perturb(+)fc: fcpertplus  =  3.22547978304876E-01
(PID.TID 0000.0001)  nRecords = 108 ; filePrec =  64 ; fileIter =   3111120
(PID.TID 0000.0001)     nDims =   2 , dims:
(PID.TID 0000.0001)    1:  62   1  62
(PID.TID 0000.0001)    2:  62   1  62
(PID.TID 0000.0001)     nFlds =  10 , nFl3D =   7 , fields:
(PID.TID 0000.0001)  >Uvel    < >Vvel    < >Theta   < >Salt    < >GuNm1   < >GvNm1   < >GtNm1   < >EtaN    < >dEtaHdt < >EtaH    <
(PID.TID 0000.0001) missingVal=  1.00000000000000E+00 ; nTimRec =   1 , timeList:
(PID.TID 0000.0001)   3.733344000000E+09
(PID.TID 0000.0001) READ_MFLDS_3D_RL: read field: "Uvel    ", #   1 in fldList, rec=   1
(PID.TID 0000.0001) READ_MFLDS_3D_RL: read field: "Vvel    ", #   2 in fldList, rec=   2
(PID.TID 0000.0001) READ_MFLDS_3D_RL: read field: "Theta   ", #   3 in fldList, rec=   3
(PID.TID 0000.0001) READ_MFLDS_3D_RL: read field: "Salt    ", #   4 in fldList, rec=   4
(PID.TID 0000.0001) READ_MFLDS_3D_RL: read field: "GuNm1   ", #   5 in fldList, rec=   5
(PID.TID 0000.0001) READ_MFLDS_3D_RL: read field: "GvNm1   ", #   6 in fldList, rec=   6
(PID.TID 0000.0001) READ_MFLDS_3D_RL: read field: "GtNm1   ", #   7 in fldList, rec=   7
(PID.TID 0000.0001) READ_MFLDS_3D_RL: read field: "EtaN    ", #   8 in fldList, rec= 106
(PID.TID 0000.0001) READ_MFLDS_3D_RL: read field: "dEtaHdt ", #   9 in fldList, rec= 107
(PID.TID 0000.0001) READ_MFLDS_CHECK: - normal end ; reset MFLDS file-name: pickup.0003111120
(PID.TID 0000.0001) // =======================================================
(PID.TID 0000.0001) // Model current state
(PID.TID 0000.0001) // =======================================================
(PID.TID 0000.0001) 
(PID.TID 0000.0001) SOLVE_FOR_PRESSURE: putPmEinXvector =    F
 cg2d: Sum(rhs),rhsMax =   2.33643125966410E-05  1.99900718163814E+00
 cg2d: Sum(rhs),rhsMax =   2.33653634467146E-05  1.99891722164345E+00
 cg2d: Sum(rhs),rhsMax =   2.33664243154408E-05  1.99882649740665E+00
 cg2d: Sum(rhs),rhsMax =   2.33674944638551E-05  1.99873498245039E+00
 cg2d: Sum(rhs),rhsMax =   2.33685733945777E-05  1.99864268850289E+00
 cg2d: Sum(rhs),rhsMax =   2.33696612923495E-05  1.99854961669613E+00
 cg2d: Sum(rhs),rhsMax =   2.33707588677134E-05  1.99845576620820E+00
 cg2d: Sum(rhs),rhsMax =   2.33718658932958E-05  1.99836113686002E+00
 cg2d: Sum(rhs),rhsMax =   2.33729813459149E-05  1.99826572874656E+00
 cg2d: Sum(rhs),rhsMax =   2.33741065898130E-05  1.99816954190415E+00
 cg2d: Sum(rhs),rhsMax =   2.33752410565558E-05  1.99807257635668E+00
 cg2d: Sum(rhs),rhsMax =   2.33763848456192E-05  1.99797483219486E+00
 cg2d: Sum(rhs),rhsMax =   2.33775377864731E-05  1.99787630961302E+00
 cg2d: Sum(rhs),rhsMax =   2.33786997227980E-05  1.99777700884099E+00
 cg2d: Sum(rhs),rhsMax =   2.33798709103894E-05  1.99767693010802E+00
 cg2d: Sum(rhs),rhsMax =   2.33810514060906E-05  1.99757607361372E+00
 cg2d: Sum(rhs),rhsMax =   2.33822412667450E-05  1.99747443955135E+00
 cg2d: Sum(rhs),rhsMax =   2.33834401939248E-05  1.99737202813743E+00
 cg2d: Sum(rhs),rhsMax =   2.33846478892019E-05  1.99726883967747E+00
 cg2d: Sum(rhs),rhsMax =   2.33858650204866E-05  1.99716487462470E+00
 cg2d: Sum(rhs),rhsMax =   2.33870913461942E-05  1.99706013364180E+00
 cg2d: Sum(rhs),rhsMax =   2.33883275910785E-05  1.99695461762277E+00
 cg2d: Sum(rhs),rhsMax =   2.33895727319577E-05  1.99684832768198E+00
 cg2d: Sum(rhs),rhsMax =   2.33908266835670E-05  1.99674126508633E+00
 cg2d: Sum(rhs),rhsMax =   2.33920895311712E-05  1.99663343116020E+00
 cg2d: Sum(rhs),rhsMax =   2.33933623263738E-05  1.99652482717225E+00
 cg2d: Sum(rhs),rhsMax =   2.33946436480892E-05  1.99641545424851E+00
 cg2d: Sum(rhs),rhsMax =   2.33959340505407E-05  1.99630531332361E+00
 cg2d: Sum(rhs),rhsMax =   2.33972343863798E-05  1.99619440515088E+00
 cg2d: Sum(rhs),rhsMax =   2.33985438882200E-05  1.99608273035289E+00
 cg2d: Sum(rhs),rhsMax =   2.33998608791808E-05  1.99597028950004E+00
 cg2d: Sum(rhs),rhsMax =   2.34011887556562E-05  1.99585708318125E+00
 cg2d: Sum(rhs),rhsMax =   2.34025253291748E-05  1.99574311205225E+00
 cg2d: Sum(rhs),rhsMax =   2.34038706281581E-05  1.99562837684303E+00
 cg2d: Sum(rhs),rhsMax =   2.34052254199923E-05  1.99551287833346E+00
 cg2d: Sum(rhs),rhsMax =   2.34065886957069E-05  1.99539661730406E+00
 cg2d: Sum(rhs),rhsMax =   2.34079614642724E-05  1.99527959448701E+00
 cg2d: Sum(rhs),rhsMax =   2.34093436262128E-05  1.99516181052797E+00
 cg2d: Sum(rhs),rhsMax =   2.34107343572987E-05  1.99504326597534E+00
 cg2d: Sum(rhs),rhsMax =   2.34121345954463E-05  1.99492396129453E+00
 cg2d: Sum(rhs),rhsMax =   2.34135439001193E-05  1.99480389690591E+00
 cg2d: Sum(rhs),rhsMax =   2.34149617881485E-05  1.99468307323250E+00
 cg2d: Sum(rhs),rhsMax =   2.34163893821915E-05  1.99456149074854E+00
 cg2d: Sum(rhs),rhsMax =   2.34178257301210E-05  1.99443915001529E+00
 cg2d: Sum(rhs),rhsMax =   2.34192711587866E-05  1.99431605169986E+00
 cg2d: Sum(rhs),rhsMax =   2.34207254550256E-05  1.99419219657243E+00
 cg2d: Sum(rhs),rhsMax =   2.34221892156938E-05  1.99406758548628E+00
 cg2d: Sum(rhs),rhsMax =   2.34236619434114E-05  1.99394221934369E+00
 cg2d: Sum(rhs),rhsMax =   2.34251434960697E-05  1.99381609905663E+00
 cg2d: Sum(rhs),rhsMax =   2.34266343426270E-05  1.99368922550706E+00
 cg2d: Sum(rhs),rhsMax =   2.34281342841314E-05  1.99356159951434E+00
 cg2d: Sum(rhs),rhsMax =   2.34296429084679E-05  1.99343322181138E+00
 cg2d: Sum(rhs),rhsMax =   2.34311606988058E-05  1.99330409303303E+00
 cg2d: Sum(rhs),rhsMax =   2.34326867030177E-05  1.99317421371430E+00
 cg2d: Sum(rhs),rhsMax =   2.34342234080032E-05  1.99304358429807E+00
 cg2d: Sum(rhs),rhsMax =   2.34357680852781E-05  1.99291220514847E+00
 cg2d: Sum(rhs),rhsMax =   2.34373219001327E-05  1.99278007656820E+00
 cg2d: Sum(rhs),rhsMax =   2.34388853357359E-05  1.99264719881620E+00
 cg2d: Sum(rhs),rhsMax =   2.34404567436286E-05  1.99251357212515E+00
 cg2d: Sum(rhs),rhsMax =   2.34420375164746E-05  1.99237919671623E+00
 cg2d: Sum(rhs),rhsMax =   2.34436278532257E-05  1.99224407281199E+00
 cg2d: Sum(rhs),rhsMax =   2.34452264606944E-05  1.99210820064568E+00
 cg2d: Sum(rhs),rhsMax =   2.34468344473271E-05  1.99197158046854E+00
 cg2d: Sum(rhs),rhsMax =   2.34484516852262E-05  1.99183421255394E+00
 cg2d: Sum(rhs),rhsMax =   2.34500778333313E-05  1.99169609719961E+00
 cg2d: Sum(rhs),rhsMax =   2.34517129769074E-05  1.99155723472715E+00
 cg2d: Sum(rhs),rhsMax =   2.34533569738460E-05  1.99141762547993E+00
 cg2d: Sum(rhs),rhsMax =   2.34550100088882E-05  1.99127726981896E+00
 cg2d: Sum(rhs),rhsMax =   2.34566720820339E-05  1.99113616811782E+00
 cg2d: Sum(rhs),rhsMax =   2.34583436196090E-05  1.99099432075655E+00
 cg2d: Sum(rhs),rhsMax =   2.34600237263294E-05  1.99085172811589E+00
 cg2d: Sum(rhs),rhsMax =   2.34617130274728E-05  1.99070839057185E+00
 cg2d: Sum(rhs),rhsMax =   2.34634105709119E-05  1.99056430849197E+00
 cg2d: Sum(rhs),rhsMax =   2.34651179482626E-05  1.99041948223299E+00
 cg2d: Sum(rhs),rhsMax =   2.34668346337230E-05  1.99027391214091E+00
 cg2d: Sum(rhs),rhsMax =   2.34685596041118E-05  1.99012759855280E+00
 cg2d: Sum(rhs),rhsMax =   2.34702937547127E-05  1.98998054180080E+00
 cg2d: Sum(rhs),rhsMax =   2.34720373271102E-05  1.98983274221715E+00
 cg2d: Sum(rhs),rhsMax =   2.34737894402315E-05  1.98968420014049E+00
 cg2d: Sum(rhs),rhsMax =   2.34755506625106E-05  1.98953491592222E+00
 cg2d: Sum(rhs),rhsMax =   2.34773214486950E-05  1.98938488993291E+00
 cg2d: Sum(rhs),rhsMax =   2.34791008182356E-05  1.98923412256782E+00
 cg2d: Sum(rhs),rhsMax =   2.34808887142890E-05  1.98908261425175E+00
 cg2d: Sum(rhs),rhsMax =   2.34826868705795E-05  1.98893036544252E+00
 cg2d: Sum(rhs),rhsMax =   2.34844932975875E-05  1.98877737663361E+00
 cg2d: Sum(rhs),rhsMax =   2.34863086205905E-05  1.98862364835542E+00
 cg2d: Sum(rhs),rhsMax =   2.34881329248537E-05  1.98846918117601E+00
 cg2d: Sum(rhs),rhsMax =   2.34899663240640E-05  1.98831397570081E+00
 cg2d: Sum(rhs),rhsMax =   2.34918087329561E-05  1.98815803257211E+00
 cg2d: Sum(rhs),rhsMax =   2.34936602510061E-05  1.98800135246805E+00
 cg2d: Sum(rhs),rhsMax =   2.34955206508403E-05  1.98784393610161E+00
 cg2d: Sum(rhs),rhsMax =   2.34973899750912E-05  1.98768578421938E+00
 cg2d: Sum(rhs),rhsMax =   2.34992682379698E-05  1.98752689760052E+00
 cg2d: Sum(rhs),rhsMax =   2.35011556952713E-05  1.98736727705546E+00
 cg2d: Sum(rhs),rhsMax =   2.35030517785617E-05  1.98720692342495E+00
 cg2d: Sum(rhs),rhsMax =   2.35049578236612E-05  1.98704583757881E+00
 cg2d: Sum(rhs),rhsMax =   2.35068718694720E-05  1.98688402041488E+00
 cg2d: Sum(rhs),rhsMax =   2.35087945839041E-05  1.98672147285771E+00
 cg2d: Sum(rhs),rhsMax =   2.35107277433144E-05  1.98655819585732E+00
 cg2d: Sum(rhs),rhsMax =   2.35126686476406E-05  1.98639419038777E+00
 cg2d: Sum(rhs),rhsMax =   2.35146186042812E-05  1.98622945744631E+00
 cg2d: Sum(rhs),rhsMax =   2.35165775137602E-05  1.98606399805198E+00
 cg2d: Sum(rhs),rhsMax =   2.35185461150422E-05  1.98589781324441E+00
 cg2d: Sum(rhs),rhsMax =   2.35205225322943E-05  1.98573090408241E+00
 cg2d: Sum(rhs),rhsMax =   2.35225082860779E-05  1.98556327164291E+00
 cg2d: Sum(rhs),rhsMax =   2.35245025663744E-05  1.98539491702001E+00
 cg2d: Sum(rhs),rhsMax =   2.35265062400458E-05  1.98522584132436E+00
 cg2d: Sum(rhs),rhsMax =   2.35285184828626E-05  1.98505604568248E+00
 cg2d: Sum(rhs),rhsMax =   2.35305402043195E-05  1.98488553123639E+00
 cg2d: Sum(rhs),rhsMax =   2.35325696706923E-05  1.98471429914312E+00
 cg2d: Sum(rhs),rhsMax =   2.35346091841393E-05  1.98454235057445E+00
 cg2d: Sum(rhs),rhsMax =   2.35366566698758E-05  1.98436968671647E+00
 cg2d: Sum(rhs),rhsMax =   2.35387133926679E-05  1.98419630876918E+00
 cg2d: Sum(rhs),rhsMax =   2.35407789546116E-05  1.98402221794588E+00
 cg2d: Sum(rhs),rhsMax =   2.35428532135984E-05  1.98384741547236E+00
 cg2d: Sum(rhs),rhsMax =   2.35449361838391E-05  1.98367190258584E+00
 cg2d: Sum(rhs),rhsMax =   2.35470281637618E-05  1.98349568053373E+00
 cg2d: Sum(rhs),rhsMax =   2.35491284144018E-05  1.98331875057186E+00
 cg2d: Sum(rhs),rhsMax =   2.35512386268510E-05  1.98314111396266E+00
 cg2d: Sum(rhs),rhsMax =   2.35533562147339E-05  1.98296277197296E+00
 cg2d: Sum(rhs),rhsMax =   2.35554833238893E-05  1.98278372587159E+00
 cg2d: Sum(rhs),rhsMax =   2.35576185616537E-05  1.98260397692679E+00
 cg2d: Sum(rhs),rhsMax =   2.35597626812023E-05  1.98242352640368E+00
 cg2d: Sum(rhs),rhsMax =   2.35619159099087E-05  1.98224237556144E+00
 cg2d: Sum(rhs),rhsMax =   2.35640775514412E-05  1.98206052565099E+00
 cg2d: Sum(rhs),rhsMax =   2.35662480321253E-05  1.98187797791263E+00
 cg2d: Sum(rhs),rhsMax =   2.35684276219672E-05  1.98169473357405E+00
 cg2d: Sum(rhs),rhsMax =   2.35706146298753E-05  1.98151079384836E+00
 cg2d: Sum(rhs),rhsMax =   2.35728113722189E-05  1.98132615993270E+00
 cg2d: Sum(rhs),rhsMax =   2.35750165842319E-05  1.98114083300703E+00
 cg2d: Sum(rhs),rhsMax =   2.35772308201376E-05  1.98095481423350E+00
 cg2d: Sum(rhs),rhsMax =   2.35794529714894E-05  1.98076810475610E+00
 cg2d: Sum(rhs),rhsMax =   2.35816834504021E-05  1.98058070570072E+00
 cg2d: Sum(rhs),rhsMax =   2.35839238058588E-05  1.98039261817540E+00
 cg2d: Sum(rhs),rhsMax =   2.35861722330810E-05  1.98020384327101E+00
 cg2d: Sum(rhs),rhsMax =   2.35884288741772E-05  1.98001438206191E+00
 cg2d: Sum(rhs),rhsMax =   2.35906943544251E-05  1.97982423560702E+00
 cg2d: Sum(rhs),rhsMax =   2.35929681053904E-05  1.97963340495079E+00
 cg2d: Sum(rhs),rhsMax =   2.35952506670856E-05  1.97944189112441E+00
 cg2d: Sum(rhs),rhsMax =   2.35975425226798E-05  1.97924969514687E+00
 cg2d: Sum(rhs),rhsMax =   2.35998414694905E-05  1.97905681802629E+00
 cg2d: Sum(rhs),rhsMax =   2.36021500654715E-05  1.97886326076095E+00
 cg2d: Sum(rhs),rhsMax =   2.36044673584956E-05  1.97866902434056E+00
 cg2d: Sum(rhs),rhsMax =   2.36067927659178E-05  1.97847410974734E+00
 cg2d: Sum(rhs),rhsMax =   2.36091268135397E-05  1.97827851795718E+00
 cg2d: Sum(rhs),rhsMax =   2.36114695582046E-05  1.97808224994070E+00
 cg2d: Sum(rhs),rhsMax =   2.36138200619962E-05  1.97788530666443E+00
 cg2d: Sum(rhs),rhsMax =   2.36161795470480E-05  1.97768768909195E+00
 cg2d: Sum(rhs),rhsMax =   2.36185477291428E-05  1.97748939818495E+00
 cg2d: Sum(rhs),rhsMax =   2.36209245514374E-05  1.97729043490451E+00
 cg2d: Sum(rhs),rhsMax =   2.36233092181237E-05  1.97709080021224E+00
 cg2d: Sum(rhs),rhsMax =   2.36257034345044E-05  1.97689049507151E+00
 cg2d: Sum(rhs),rhsMax =   2.36281050547404E-05  1.97668952044877E+00
 cg2d: Sum(rhs),rhsMax =   2.36305155993932E-05  1.97648787731475E+00
 cg2d: Sum(rhs),rhsMax =   2.36329349831976E-05  1.97628556664582E+00
 cg2d: Sum(rhs),rhsMax =   2.36353624245567E-05  1.97608258942527E+00
 cg2d: Sum(rhs),rhsMax =   2.36377984350611E-05  1.97587894664457E+00
 cg2d: Sum(rhs),rhsMax =   2.36402430005000E-05  1.97567463930469E+00
 cg2d: Sum(rhs),rhsMax =   2.36426955808611E-05  1.97546966841728E+00
 cg2d: Sum(rhs),rhsMax =   2.36451568866869E-05  1.97526403500596E+00
 cg2d: Sum(rhs),rhsMax =   2.36476264063867E-05  1.97505774010740E+00
 cg2d: Sum(rhs),rhsMax =   2.36501049641902E-05  1.97485078477248E+00
 cg2d: Sum(rhs),rhsMax =   2.36525910821683E-05  1.97464317006734E+00
 cg2d: Sum(rhs),rhsMax =   2.36550870624797E-05  1.97443489707439E+00
 cg2d: Sum(rhs),rhsMax =   2.36575901340075E-05  1.97422596689327E+00
 cg2d: Sum(rhs),rhsMax =   2.36601016752047E-05  1.97401638064168E+00
 cg2d: Sum(rhs),rhsMax =   2.36626218566016E-05  1.97380613945627E+00
 cg2d: Sum(rhs),rhsMax =   2.36651502234508E-05  1.97359524449329E+00
 cg2d: Sum(rhs),rhsMax =   2.36676872304997E-05  1.97338369692932E+00
 cg2d: Sum(rhs),rhsMax =   2.36702321529947E-05  1.97317149796179E+00
 cg2d: Sum(rhs),rhsMax =   2.36727866393949E-05  1.97295864880955E+00
 cg2d: Sum(rhs),rhsMax =   2.36753480038487E-05  1.97274515071313E+00
 cg2d: Sum(rhs),rhsMax =   2.36779185343039E-05  1.97253100493514E+00
 cg2d: Sum(rhs),rhsMax =   2.36804975060068E-05  1.97231621276038E+00
 cg2d: Sum(rhs),rhsMax =   2.36830837110347E-05  1.97210077549597E+00
 cg2d: Sum(rhs),rhsMax =   2.36856791104856E-05  1.97188469447124E+00
 cg2d: Sum(rhs),rhsMax =   2.36882823969609E-05  1.97166797103757E+00
 cg2d: Sum(rhs),rhsMax =   2.36908944231118E-05  1.97145060656816E+00
 cg2d: Sum(rhs),rhsMax =   2.36935141231243E-05  1.97123260245764E+00
 cg2d: Sum(rhs),rhsMax =   2.36961431028249E-05  1.97101396012150E+00
 cg2d: Sum(rhs),rhsMax =   2.36987791311094E-05  1.97079468099555E+00
 cg2d: Sum(rhs),rhsMax =   2.37014245954015E-05  1.97057476653524E+00
 cg2d: Sum(rhs),rhsMax =   2.37040771651209E-05  1.97035421821481E+00
 cg2d: Sum(rhs),rhsMax =   2.37067381902989E-05  1.97013303752642E+00
 cg2d: Sum(rhs),rhsMax =   2.37094081114719E-05  1.96991122597929E+00
 cg2d: Sum(rhs),rhsMax =   2.37120849675421E-05  1.96968878509856E+00
 cg2d: Sum(rhs),rhsMax =   2.37147708190832E-05  1.96946571642432E+00
 cg2d: Sum(rhs),rhsMax =   2.37174646997573E-05  1.96924202151034E+00
 cg2d: Sum(rhs),rhsMax =   2.37201669222031E-05  1.96901770192301E+00
 cg2d: Sum(rhs),rhsMax =   2.37228770600950E-05  1.96879275924007E+00
 cg2d: Sum(rhs),rhsMax =   2.37255951702764E-05  1.96856719504933E+00
 cg2d: Sum(rhs),rhsMax =   2.37283214090667E-05  1.96834101094724E+00
 cg2d: Sum(rhs),rhsMax =   2.37310558333093E-05  1.96811420853774E+00
 cg2d: Sum(rhs),rhsMax =   2.37337986703778E-05  1.96788678943092E+00
 cg2d: Sum(rhs),rhsMax =   2.37365491813080E-05  1.96765875524172E+00
 cg2d: Sum(rhs),rhsMax =   2.37393075366299E-05  1.96743010758875E+00
 cg2d: Sum(rhs),rhsMax =   2.37420736652894E-05  1.96720084809291E+00
 cg2d: Sum(rhs),rhsMax =   2.37448485904679E-05  1.96697097837602E+00
 cg2d: Sum(rhs),rhsMax =   2.37476315305685E-05  1.96674050005955E+00
 cg2d: Sum(rhs),rhsMax =   2.37504218745244E-05  1.96650941476330E+00
 cg2d: Sum(rhs),rhsMax =   2.37532200202395E-05  1.96627772410436E+00
 cg2d: Sum(rhs),rhsMax =   2.37560267777326E-05  1.96604542969620E+00
 cg2d: Sum(rhs),rhsMax =   2.37588419196300E-05  1.96581253314762E+00
 cg2d: Sum(rhs),rhsMax =   2.37616634279902E-05  1.96557903606208E+00
 cg2d: Sum(rhs),rhsMax =   2.37644940739301E-05  1.96534494003690E+00
 cg2d: Sum(rhs),rhsMax =   2.37673313705500E-05  1.96511024666260E+00
 cg2d: Sum(rhs),rhsMax =   2.37701782879185E-05  1.96487495752247E+00
 cg2d: Sum(rhs),rhsMax =   2.37730322254492E-05  1.96463907419204E+00
 cg2d: Sum(rhs),rhsMax =   2.37758943057997E-05  1.96440259823882E+00
 cg2d: Sum(rhs),rhsMax =   2.37787643726506E-05  1.96416553122216E+00
 cg2d: Sum(rhs),rhsMax =   2.37816414028202E-05  1.96392787469305E+00
 cg2d: Sum(rhs),rhsMax =   2.37845270447679E-05  1.96368963019418E+00
 cg2d: Sum(rhs),rhsMax =   2.37874194937149E-05  1.96345079925999E+00
 cg2d: Sum(rhs),rhsMax =   2.37903203839096E-05  1.96321138341685E+00
 cg2d: Sum(rhs),rhsMax =   2.37932297437737E-05  1.96297138418323E+00
 cg2d: Sum(rhs),rhsMax =   2.37961451716728E-05  1.96273080306992E+00
 cg2d: Sum(rhs),rhsMax =   2.37990699218926E-05  1.96248964158044E+00
 cg2d: Sum(rhs),rhsMax =   2.38020018059615E-05  1.96224790121121E+00
 cg2d: Sum(rhs),rhsMax =   2.38049419465369E-05  1.96200558345200E+00
 cg2d: Sum(rhs),rhsMax =   2.38078887946358E-05  1.96176268978626E+00
 cg2d: Sum(rhs),rhsMax =   2.38108437571327E-05  1.96151922169148E+00
 cg2d: Sum(rhs),rhsMax =   2.38138071182448E-05  1.96127518063960E+00
 cg2d: Sum(rhs),rhsMax =   2.38167772295128E-05  1.96103056809739E+00
 cg2d: Sum(rhs),rhsMax =   2.38197553841246E-05  1.96078538552685E+00
 cg2d: Sum(rhs),rhsMax =   2.38227413689174E-05  1.96053963438562E+00
 cg2d: Sum(rhs),rhsMax =   2.38257347717763E-05  1.96029331612740E+00
 cg2d: Sum(rhs),rhsMax =   2.38287355358580E-05  1.96004643220244E+00
 cg2d: Sum(rhs),rhsMax =   2.38317446275005E-05  1.95979898405790E+00
 cg2d: Sum(rhs),rhsMax =   2.38347602561362E-05  1.95955097313839E+00
 cg2d: Sum(rhs),rhsMax =   2.38377846812909E-05  1.95930240088648E+00
 cg2d: Sum(rhs),rhsMax =   2.38408157287040E-05  1.95905326874316E+00
 cg2d: Sum(rhs),rhsMax =   2.38438546062980E-05  1.95880357814846E+00
 cg2d: Sum(rhs),rhsMax =   2.38469011151210E-05  1.95855333054202E+00
 cg2d: Sum(rhs),rhsMax =   2.38499555393901E-05  1.95830252736370E+00
 cg2d: Sum(rhs),rhsMax =   2.38530175380447E-05  1.95805117005425E+00
 cg2d: Sum(rhs),rhsMax =   2.38560870116089E-05  1.95779926005604E+00
 cg2d: Sum(rhs),rhsMax =   2.38591629795337E-05  1.95754679881375E+00
 cg2d: Sum(rhs),rhsMax =   2.38622471897543E-05  1.95729378777515E+00
 cg2d: Sum(rhs),rhsMax =   2.38653388322518E-05  1.95704022839181E+00
 cg2d: Sum(rhs),rhsMax =   2.38684377364962E-05  1.95678612212000E+00
 cg2d: Sum(rhs),rhsMax =   2.38715443714455E-05  1.95653147042136E+00
 cg2d: Sum(rhs),rhsMax =   2.38746582681415E-05  1.95627627476371E+00
 cg2d: Sum(rhs),rhsMax =   2.38777802366030E-05  1.95602053662187E+00
 cg2d: Sum(rhs),rhsMax =   2.38809092110159E-05  1.95576425747820E+00
 cg2d: Sum(rhs),rhsMax =   2.38840451345368E-05  1.95550743882266E+00
 cg2d: Sum(rhs),rhsMax =   2.38871890729797E-05  1.95525008215497E+00
 cg2d: Sum(rhs),rhsMax =   2.38903403158020E-05  1.95499218898493E+00
 cg2d: Sum(rhs),rhsMax =   2.38934986782624E-05  1.95473376083323E+00
 cg2d: Sum(rhs),rhsMax =   2.38966640182525E-05  1.95447479923155E+00
 cg2d: Sum(rhs),rhsMax =   2.38998375579058E-05  1.95421530572272E+00
 cg2d: Sum(rhs),rhsMax =   2.39030176345523E-05  1.95395528186106E+00
 cg2d: Sum(rhs),rhsMax =   2.39062055698014E-05  1.95369472921298E+00
 cg2d: Sum(rhs),rhsMax =   2.39094013636532E-05  1.95343364935742E+00
 cg2d: Sum(rhs),rhsMax =   2.39126036376547E-05  1.95317204388623E+00
 cg2d: Sum(rhs),rhsMax =   2.39158132018247E-05  1.95290991440444E+00
 cg2d: Sum(rhs),rhsMax =   2.39190302124825E-05  1.95264726253026E+00
 cg2d: Sum(rhs),rhsMax =   2.39222544422546E-05  1.95238408989532E+00
 cg2d: Sum(rhs),rhsMax =   2.39254852658632E-05  1.95212039814458E+00
 cg2d: Sum(rhs),rhsMax =   2.39287241470265E-05  1.95185618893633E+00
 cg2d: Sum(rhs),rhsMax =   2.39319700057194E-05  1.95159146394214E+00
 cg2d: Sum(rhs),rhsMax =   2.39352232824785E-05  1.95132622484667E+00
 cg2d: Sum(rhs),rhsMax =   2.39384826414835E-05  1.95106047334740E+00
 cg2d: Sum(rhs),rhsMax =   2.39417508396400E-05  1.95079421115454E+00
 cg2d: Sum(rhs),rhsMax =   2.39450244094996E-05  1.95052743999053E+00
 cg2d: Sum(rhs),rhsMax =   2.39483065627155E-05  1.95026016158975E+00
 cg2d: Sum(rhs),rhsMax =   2.39515960060999E-05  1.94999237769813E+00
 cg2d: Sum(rhs),rhsMax =   2.39548914890975E-05  1.94972409007265E+00
 cg2d: Sum(rhs),rhsMax =   2.39581938927813E-05  1.94945530048087E+00
 cg2d: Sum(rhs),rhsMax =   2.39615040413810E-05  1.94918601070033E+00
 cg2d: Sum(rhs),rhsMax =   2.39648206274978E-05  1.94891622251812E+00
 cg2d: Sum(rhs),rhsMax =   2.39681452001150E-05  1.94864593773017E+00
 cg2d: Sum(rhs),rhsMax =   2.39714760539300E-05  1.94837515814070E+00
 cg2d: Sum(rhs),rhsMax =   2.39748137715878E-05  1.94810388556159E+00
 cg2d: Sum(rhs),rhsMax =   2.39781591631072E-05  1.94783212181176E+00
 cg2d: Sum(rhs),rhsMax =   2.39815107363484E-05  1.94755986871652E+00
 cg2d: Sum(rhs),rhsMax =   2.39848694718603E-05  1.94728712810693E+00
 cg2d: Sum(rhs),rhsMax =   2.39882356822818E-05  1.94701390181922E+00
 cg2d: Sum(rhs),rhsMax =   2.39916076480995E-05  1.94674019169409E+00
 cg2d: Sum(rhs),rhsMax =   2.39949882256951E-05  1.94646599957614E+00
 cg2d: Sum(rhs),rhsMax =   2.39983740328853E-05  1.94619132731328E+00
 cg2d: Sum(rhs),rhsMax =   2.40017675423587E-05  1.94591617675611E+00
 cg2d: Sum(rhs),rhsMax =   2.40051677451447E-05  1.94564054975737E+00
 cg2d: Sum(rhs),rhsMax =   2.40085752096775E-05  1.94536444817135E+00
 cg2d: Sum(rhs),rhsMax =   2.40119892538360E-05  1.94508787385340E+00
 cg2d: Sum(rhs),rhsMax =   2.40154092949751E-05  1.94481082865937E+00
 cg2d: Sum(rhs),rhsMax =   2.40188369815542E-05  1.94453331444510E+00
 cg2d: Sum(rhs),rhsMax =   2.40222701961557E-05  1.94425533306596E+00
 cg2d: Sum(rhs),rhsMax =   2.40257113119924E-05  1.94397688637635E+00
 cg2d: Sum(rhs),rhsMax =   2.40291592064068E-05  1.94369797622932E+00
 cg2d: Sum(rhs),rhsMax =   2.40326133393864E-05  1.94341860447607E+00
 cg2d: Sum(rhs),rhsMax =   2.40360747767454E-05  1.94313877296557E+00
 cg2d: Sum(rhs),rhsMax =   2.40395419268680E-05  1.94285848354422E+00
 cg2d: Sum(rhs),rhsMax =   2.40430163955807E-05  1.94257773805543E+00
 cg2d: Sum(rhs),rhsMax =   2.40464971881238E-05  1.94229653833936E+00
 cg2d: Sum(rhs),rhsMax =   2.40499844323949E-05  1.94201488623259E+00
 cg2d: Sum(rhs),rhsMax =   2.40534785120872E-05  1.94173278356783E+00
 cg2d: Sum(rhs),rhsMax =   2.40569794556222E-05  1.94145023217374E+00
 cg2d: Sum(rhs),rhsMax =   2.40604871919459E-05  1.94116723387469E+00
 cg2d: Sum(rhs),rhsMax =   2.40640003852377E-05  1.94088379049068E+00
 cg2d: Sum(rhs),rhsMax =   2.40675211102825E-05  1.94059990383709E+00
 cg2d: Sum(rhs),rhsMax =   2.40710478465189E-05  1.94031557572475E+00
 cg2d: Sum(rhs),rhsMax =   2.40745805228926E-05  1.94003080795987E+00
 cg2d: Sum(rhs),rhsMax =   2.40781200631091E-05  1.93974560234402E+00
 cg2d: Sum(rhs),rhsMax =   2.40816664387467E-05  1.93945996067426E+00
 cg2d: Sum(rhs),rhsMax =   2.40852193655883E-05  1.93917388474326E+00
 cg2d: Sum(rhs),rhsMax =   2.40887783888866E-05  1.93888737633945E+00
 cg2d: Sum(rhs),rhsMax =   2.40923433807438E-05  1.93860043724724E+00
 cg2d: Sum(rhs),rhsMax =   2.40959156627696E-05  1.93831306924731E+00
 cg2d: Sum(rhs),rhsMax =   2.40994938138783E-05  1.93802527411690E+00
 cg2d: Sum(rhs),rhsMax =   2.41030782603957E-05  1.93773705363017E+00
 cg2d: Sum(rhs),rhsMax =   2.41066693433822E-05  1.93744840955861E+00
 cg2d: Sum(rhs),rhsMax =   2.41102666507231E-05  1.93715934367142E+00
 cg2d: Sum(rhs),rhsMax =   2.41138700687316E-05  1.93686985773601E+00
 cg2d: Sum(rhs),rhsMax =   2.41174795689858E-05  1.93657995351849E+00
 cg2d: Sum(rhs),rhsMax =   2.41210956914983E-05  1.93628963278412E+00
 cg2d: Sum(rhs),rhsMax =   2.41247185783777E-05  1.93599889729788E+00
 cg2d: Sum(rhs),rhsMax =   2.41283476896115E-05  1.93570774882501E+00
 cg2d: Sum(rhs),rhsMax =   2.41319815614816E-05  1.93541618913151E+00
 cg2d: Sum(rhs),rhsMax =   2.41356226382550E-05  1.93512421998468E+00
 cg2d: Sum(rhs),rhsMax =   2.41392699393828E-05  1.93483184315377E+00
 cg2d: Sum(rhs),rhsMax =   2.41429239196123E-05  1.93453906041032E+00
 cg2d: Sum(rhs),rhsMax =   2.41465825467913E-05  1.93424587352889E+00
 cg2d: Sum(rhs),rhsMax =   2.41502482793976E-05  1.93395228428739E+00
 cg2d: Sum(rhs),rhsMax =   2.41539201084606E-05  1.93365829446771E+00
 cg2d: Sum(rhs),rhsMax =   2.41575980766129E-05  1.93336390585607E+00
 cg2d: Sum(rhs),rhsMax =   2.41612822975412E-05  1.93306912024358E+00
 cg2d: Sum(rhs),rhsMax =   2.41649721175463E-05  1.93277393942651E+00
 cg2d: Sum(rhs),rhsMax =   2.41686685598097E-05  1.93247836520684E+00
 cg2d: Sum(rhs),rhsMax =   2.41723701464025E-05  1.93218239939246E+00
 cg2d: Sum(rhs),rhsMax =   2.41760782273559E-05  1.93188604379762E+00
 cg2d: Sum(rhs),rhsMax =   2.41797929163567E-05  1.93158930024308E+00
 cg2d: Sum(rhs),rhsMax =   2.41835123802048E-05  1.93129217055652E+00
 cg2d: Sum(rhs),rhsMax =   2.41872384521002E-05  1.93099465657259E+00
 cg2d: Sum(rhs),rhsMax =   2.41909707909826E-05  1.93069676013325E+00
 cg2d: Sum(rhs),rhsMax =   2.41947084305139E-05  1.93039848308774E+00
 cg2d: Sum(rhs),rhsMax =   2.41984523512428E-05  1.93009982729290E+00
 cg2d: Sum(rhs),rhsMax =   2.42022016010424E-05  1.92980079461300E+00
 cg2d: Sum(rhs),rhsMax =   2.42059571746722E-05  1.92950138691999E+00
 cg2d: Sum(rhs),rhsMax =   2.42097185747525E-05  1.92920160609336E+00
 cg2d: Sum(rhs),rhsMax =   2.42134860428678E-05  1.92890145402022E+00
 cg2d: Sum(rhs),rhsMax =   2.42172588826861E-05  1.92860093259511E+00
 cg2d: Sum(rhs),rhsMax =   2.42210381600216E-05  1.92830004372006E+00
 cg2d: Sum(rhs),rhsMax =   2.42248224253672E-05  1.92799878930431E+00
 cg2d: Sum(rhs),rhsMax =   2.42286127445368E-05  1.92769717126434E+00
 cg2d: Sum(rhs),rhsMax =   2.42324088475243E-05  1.92739519152345E+00
 cg2d: Sum(rhs),rhsMax =   2.42362110185468E-05  1.92709285201189E+00
 cg2d: Sum(rhs),rhsMax =   2.42389368736440E-05  1.92687609360188E+00
 cg2d: Sum(rhs),rhsMax =   2.42373642720395E-05  1.92700112631963E+00
 cg2d: Sum(rhs),rhsMax =   2.42357980937413E-05  1.92712563817012E+00
 cg2d: Sum(rhs),rhsMax =   2.42342385234906E-05  1.92724962873044E+00
 cg2d: Sum(rhs),rhsMax =   2.42326871102705E-05  1.92737309758020E+00
 cg2d: Sum(rhs),rhsMax =   2.42311405287410E-05  1.92749604430083E+00
 cg2d: Sum(rhs),rhsMax =   2.42296023031940E-05  1.92761846847533E+00
 cg2d: Sum(rhs),rhsMax =   2.42280699467301E-05  1.92774036968753E+00
 cg2d: Sum(rhs),rhsMax =   2.42265442267353E-05  1.92786174752198E+00
 cg2d: Sum(rhs),rhsMax =   2.42250258253307E-05  1.92798260156323E+00
 cg2d: Sum(rhs),rhsMax =   2.42235143730340E-05  1.92810293139572E+00
 cg2d: Sum(rhs),rhsMax =   2.42220090029832E-05  1.92822273660326E+00
 cg2d: Sum(rhs),rhsMax =   2.42205109088900E-05  1.92834201676892E+00
 cg2d: Sum(rhs),rhsMax =   2.42190188686209E-05  1.92846077147451E+00
 cg2d: Sum(rhs),rhsMax =   2.42175341469419E-05  1.92857900030075E+00
 cg2d: Sum(rhs),rhsMax =   2.42160570849137E-05  1.92869670282659E+00
 cg2d: Sum(rhs),rhsMax =   2.42145856077514E-05  1.92881387862966E+00
 cg2d: Sum(rhs),rhsMax =   2.42131213497032E-05  1.92893052728561E+00
 cg2d: Sum(rhs),rhsMax =   2.42116633728529E-05  1.92904664836857E+00
 cg2d: Sum(rhs),rhsMax =   2.42102123166887E-05  1.92916224145071E+00
 cg2d: Sum(rhs),rhsMax =   2.42087688633319E-05  1.92927730610274E+00
 cg2d: Sum(rhs),rhsMax =   2.42073312790581E-05  1.92939184189349E+00
 cg2d: Sum(rhs),rhsMax =   2.42059010275852E-05  1.92950584839061E+00
 cg2d: Sum(rhs),rhsMax =   2.42044780520700E-05  1.92961932516004E+00
 cg2d: Sum(rhs),rhsMax =   2.42030612866984E-05  1.92973227176703E+00
 cg2d: Sum(rhs),rhsMax =   2.42016514704346E-05  1.92984468777552E+00
 cg2d: Sum(rhs),rhsMax =   2.42002479637904E-05  1.92995657274957E+00
 cg2d: Sum(rhs),rhsMax =   2.41988521167968E-05  1.93006792625289E+00
 cg2d: Sum(rhs),rhsMax =   2.41974629062724E-05  1.93017874784978E+00
 cg2d: Sum(rhs),rhsMax =   2.41960797637830E-05  1.93028903710476E+00
 cg2d: Sum(rhs),rhsMax =   2.41947045935831E-05  1.93039879358363E+00
 cg2d: Sum(rhs),rhsMax =   2.41933355908941E-05  1.93050801685322E+00
 cg2d: Sum(rhs),rhsMax =   2.41919734804696E-05  1.93061670648280E+00
 cg2d: Sum(rhs),rhsMax =   2.41906181770446E-05  1.93072486204366E+00
 cg2d: Sum(rhs),rhsMax =   2.41892702774749E-05  1.93083248311074E+00
 cg2d: Sum(rhs),rhsMax =   2.41879287017355E-05  1.93093956926204E+00
 cg2d: Sum(rhs),rhsMax =   2.41865941461583E-05  1.93104612008032E+00
 cg2d: Sum(rhs),rhsMax =   2.41852659002006E-05  1.93115213515247E+00
 cg2d: Sum(rhs),rhsMax =   2.41839456833759E-05  1.93125761407135E+00
 cg2d: Sum(rhs),rhsMax =   2.41826309235194E-05  1.93136255643025E+00
 cg2d: Sum(rhs),rhsMax =   2.41813237380484E-05  1.93146696183422E+00
 cg2d: Sum(rhs),rhsMax =   2.41800233169442E-05  1.93157082989319E+00
 cg2d: Sum(rhs),rhsMax =   2.41787300296892E-05  1.93167416023344E+00
 cg2d: Sum(rhs),rhsMax =   2.41774434641684E-05  1.93177695248700E+00
 cg2d: Sum(rhs),rhsMax =   2.41761639330207E-05  1.93187920629140E+00
 cg2d: Sum(rhs),rhsMax =   2.41748913794027E-05  1.93198092128927E+00
 cg2d: Sum(rhs),rhsMax =   2.41736252490909E-05  1.93208209713288E+00
 cg2d: Sum(rhs),rhsMax =   2.41723661957849E-05  1.93218273348378E+00
 cg2d: Sum(rhs),rhsMax =   2.41711136226286E-05  1.93228283001585E+00
 cg2d: Sum(rhs),rhsMax =   2.41698690359726E-05  1.93238238641319E+00
 cg2d: Sum(rhs),rhsMax =   2.41686300341826E-05  1.93248140237262E+00
 cg2d: Sum(rhs),rhsMax =   2.41673983225610E-05  1.93257987760100E+00
 cg2d: Sum(rhs),rhsMax =   2.41661741000598E-05  1.93267781181829E+00
 cg2d: Sum(rhs),rhsMax =   2.41649565424495E-05  1.93277520475457E+00
 cg2d: Sum(rhs),rhsMax =   2.41637453939347E-05  1.93287205615355E+00
 cg2d: Sum(rhs),rhsMax =   2.41625410666302E-05  1.93296836576917E+00
 cg2d: Sum(rhs),rhsMax =   2.41613448537237E-05  1.93306413336948E+00
 cg2d: Sum(rhs),rhsMax =   2.41601541830505E-05  1.93315935873274E+00
 cg2d: Sum(rhs),rhsMax =   2.41589712288715E-05  1.93325404165165E+00
 cg2d: Sum(rhs),rhsMax =   2.41577947974747E-05  1.93334818192887E+00
 cg2d: Sum(rhs),rhsMax =   2.41566246472757E-05  1.93344177938173E+00
 cg2d: Sum(rhs),rhsMax =   2.41554624977880E-05  1.93353483383700E+00
 cg2d: Sum(rhs),rhsMax =   2.41543065442329E-05  1.93362734513620E+00
 cg2d: Sum(rhs),rhsMax =   2.41531579803222E-05  1.93371931312961E+00
 cg2d: Sum(rhs),rhsMax =   2.41520159818265E-05  1.93381073768218E+00
 cg2d: Sum(rhs),rhsMax =   2.41508811740232E-05  1.93390161866676E+00
 cg2d: Sum(rhs),rhsMax =   2.41497527611045E-05  1.93399195597076E+00
 cg2d: Sum(rhs),rhsMax =   2.41486317946737E-05  1.93408174948840E+00
 cg2d: Sum(rhs),rhsMax =   2.41475175499772E-05  1.93417099912833E+00
 cg2d: Sum(rhs),rhsMax =   2.41464100696476E-05  1.93425970480480E+00
 cg2d: Sum(rhs),rhsMax =   2.41453102063360E-05  1.93434786644629E+00
 cg2d: Sum(rhs),rhsMax =   2.41442160415772E-05  1.93443548398550E+00
 cg2d: Sum(rhs),rhsMax =   2.41431298064754E-05  1.93452255736907E+00
 cg2d: Sum(rhs),rhsMax =   2.41420497815170E-05  1.93460908654640E+00
 cg2d: Sum(rhs),rhsMax =   2.41409761230216E-05  1.93469507148057E+00
 cg2d: Sum(rhs),rhsMax =   2.41399106641893E-05  1.93478051213557E+00
 cg2d: Sum(rhs),rhsMax =   2.41388519128805E-05  1.93486540848903E+00
 cg2d: Sum(rhs),rhsMax =   2.41377985190638E-05  1.93494976051755E+00
 cg2d: Sum(rhs),rhsMax =   2.41367535807058E-05  1.93503356821118E+00
 cg2d: Sum(rhs),rhsMax =   2.41357155061905E-05  1.93511683155696E+00
 cg2d: Sum(rhs),rhsMax =   2.41346829881195E-05  1.93519955055539E+00
 cg2d: Sum(rhs),rhsMax =   2.41336590391938E-05  1.93528172520173E+00
 cg2d: Sum(rhs),rhsMax =   2.41326407319775E-05  1.93536335550493E+00
 cg2d: Sum(rhs),rhsMax =   2.41316294591343E-05  1.93544444146626E+00
 cg2d: Sum(rhs),rhsMax =   2.41306256469898E-05  1.93552498299334E+00
 cg2d: Sum(rhs),rhsMax =   2.41296280449887E-05  1.93560498022774E+00
 cg2d: Sum(rhs),rhsMax =   2.41286374915717E-05  1.93568443325722E+00
 cg2d: Sum(rhs),rhsMax =   2.41276541288471E-05  1.93576334210679E+00
 cg2d: Sum(rhs),rhsMax =   2.41266775447002E-05  1.93584170681479E+00
 cg2d: Sum(rhs),rhsMax =   2.41257070427991E-05  1.93591952741722E+00
 cg2d: Sum(rhs),rhsMax =   2.41247443852899E-05  1.93599680397836E+00
 cg2d: Sum(rhs),rhsMax =   2.41237880516110E-05  1.93607353655001E+00
 cg2d: Sum(rhs),rhsMax =   2.41228393349502E-05  1.93614972520591E+00
 cg2d: Sum(rhs),rhsMax =   2.41218968000112E-05  1.93622537000048E+00
 cg2d: Sum(rhs),rhsMax =   2.41209611999693E-05  1.93630047101101E+00
 cg2d: Sum(rhs),rhsMax =   2.41200317532275E-05  1.93637502829148E+00
 cg2d: Sum(rhs),rhsMax =   2.41191104635163E-05  1.93644904192064E+00
 cg2d: Sum(rhs),rhsMax =   2.41181955829006E-05  1.93652250336989E+00
 cg2d: Sum(rhs),rhsMax =   2.41172869976936E-05  1.93659542581496E+00
 cg2d: Sum(rhs),rhsMax =   2.41163861574023E-05  1.93666781043462E+00
 cg2d: Sum(rhs),rhsMax =   2.41154912288266E-05  1.93673965529567E+00
 cg2d: Sum(rhs),rhsMax =   2.41146031640938E-05  1.93681095960876E+00
 cg2d: Sum(rhs),rhsMax =   2.41137229153310E-05  1.93688172389837E+00
 cg2d: Sum(rhs),rhsMax =   2.41128484930186E-05  1.93695194918188E+00
 cg2d: Sum(rhs),rhsMax =   2.41119805366452E-05  1.93702163652054E+00
 cg2d: Sum(rhs),rhsMax =   2.41111198420185E-05  1.93709078680771E+00
 cg2d: Sum(rhs),rhsMax =   2.41102659686021E-05  1.93715940088480E+00
 cg2d: Sum(rhs),rhsMax =   2.41094184190160E-05  1.93722747948967E+00
 cg2d: Sum(rhs),rhsMax =   2.41085783443395E-05  1.93729502335788E+00
 cg2d: Sum(rhs),rhsMax =   2.41077443234872E-05  1.93736203312691E+00
 cg2d: Sum(rhs),rhsMax =   2.41069168396280E-05  1.93742850943255E+00
 cg2d: Sum(rhs),rhsMax =   2.41060963048767E-05  1.93749445280380E+00
 cg2d: Sum(rhs),rhsMax =   2.41052823213295E-05  1.93755986376761E+00
 cg2d: Sum(rhs),rhsMax =   2.41044757274267E-05  1.93762474273754E+00
 cg2d: Sum(rhs),rhsMax =   2.41036756705171E-05  1.93768909012668E+00
 cg2d: Sum(rhs),rhsMax =   2.41028809710997E-05  1.93775290623095E+00
 cg2d: Sum(rhs),rhsMax =   2.41020941444958E-05  1.93781619134960E+00
 cg2d: Sum(rhs),rhsMax =   2.41013135706680E-05  1.93787894566374E+00
 cg2d: Sum(rhs),rhsMax =   2.41005393633031E-05  1.93794116936275E+00
 cg2d: Sum(rhs),rhsMax =   2.40997730998060E-05  1.93800286251849E+00
 cg2d: Sum(rhs),rhsMax =   2.40990122364337E-05  1.93806402521571E+00
 cg2d: Sum(rhs),rhsMax =   2.40982585921756E-05  1.93812465742272E+00
 cg2d: Sum(rhs),rhsMax =   2.40975105754160E-05  1.93818475912488E+00
 cg2d: Sum(rhs),rhsMax =   2.40967701614636E-05  1.93824433019316E+00
 cg2d: Sum(rhs),rhsMax =   2.40960363697695E-05  1.93830337052074E+00
 cg2d: Sum(rhs),rhsMax =   2.40953178689551E-05  1.93836116413660E+00
 cg2d: Sum(rhs),rhsMax =   2.40946043419399E-05  1.93841858752472E+00
 cg2d: Sum(rhs),rhsMax =   2.40938968119053E-05  1.93847548362772E+00
 cg2d: Sum(rhs),rhsMax =   2.40931967709912E-05  1.93853179034525E+00
 cg2d: Sum(rhs),rhsMax =   2.40925047307883E-05  1.93858751118672E+00
 cg2d: Sum(rhs),rhsMax =   2.40918195828499E-05  1.93864264073279E+00
 cg2d: Sum(rhs),rhsMax =   2.40911417392908E-05  1.93869716781875E+00
 cg2d: Sum(rhs),rhsMax =   2.40904713422196E-05  1.93875108181661E+00
 cg2d: Sum(rhs),rhsMax =   2.40898095427156E-05  1.93880437281195E+00
 cg2d: Sum(rhs),rhsMax =   2.40891552891753E-05  1.93885703143380E+00
 cg2d: Sum(rhs),rhsMax =   2.40885089510812E-05  1.93890904876114E+00
 cg2d: Sum(rhs),rhsMax =   2.40878704289571E-05  1.93896041662752E+00
 cg2d: Sum(rhs),rhsMax =   2.40872412007320E-05  1.93901112755916E+00
 cg2d: Sum(rhs),rhsMax =   2.40866191631994E-05  1.93906117500162E+00
 cg2d: Sum(rhs),rhsMax =   2.40860059363968E-05  1.93911055319819E+00
 cg2d: Sum(rhs),rhsMax =   2.40854009234681E-05  1.93915925739791E+00
 cg2d: Sum(rhs),rhsMax =   2.40848044370523E-05  1.93920728370948E+00
 cg2d: Sum(rhs),rhsMax =   2.40842164629385E-05  1.93925462930238E+00
 cg2d: Sum(rhs),rhsMax =   2.40836367169095E-05  1.93930129223687E+00
 cg2d: Sum(rhs),rhsMax =   2.40830654547608E-05  1.93934727165940E+00
 cg2d: Sum(rhs),rhsMax =   2.40825035859871E-05  1.93939256760756E+00
 cg2d: Sum(rhs),rhsMax =   2.40819496610811E-05  1.93943718120001E+00
 cg2d: Sum(rhs),rhsMax =   2.40814040921578E-05  1.93948111441525E+00
 cg2d: Sum(rhs),rhsMax =   2.40808666376324E-05  1.93952437027667E+00
 cg2d: Sum(rhs),rhsMax =   2.40803382354216E-05  1.93956695260525E+00
 cg2d: Sum(rhs),rhsMax =   2.40798178055002E-05  1.93960886620168E+00
 cg2d: Sum(rhs),rhsMax =   2.40793060015676E-05  1.93965011657507E+00
 cg2d: Sum(rhs),rhsMax =   2.40788017720206E-05  1.93969071012489E+00
 cg2d: Sum(rhs),rhsMax =   2.40783059695104E-05  1.93973065384827E+00
 cg2d: Sum(rhs),rhsMax =   2.40778181535006E-05  1.93976995552396E+00
 cg2d: Sum(rhs),rhsMax =   2.40773382103043E-05  1.93980862340035E+00
 cg2d: Sum(rhs),rhsMax =   2.40768666088798E-05  1.93984666638230E+00
 cg2d: Sum(rhs),rhsMax =   2.40764018712980E-05  1.93988409370178E+00
 cg2d: Sum(rhs),rhsMax =   2.40759444238847E-05  1.93992091510793E+00
 cg2d: Sum(rhs),rhsMax =   2.40754953466649E-05  1.93995714052266E+00
 cg2d: Sum(rhs),rhsMax =   2.40750523374800E-05  1.93999278023476E+00
 cg2d: Sum(rhs),rhsMax =   2.40746174142714E-05  1.94002784454376E+00
 cg2d: Sum(rhs),rhsMax =   2.40741895112251E-05  1.94006234395938E+00
 cg2d: Sum(rhs),rhsMax =   2.40737683157022E-05  1.94009628883767E+00
 cg2d: Sum(rhs),rhsMax =   2.40733532024251E-05  1.94012968958722E+00
 cg2d: Sum(rhs),rhsMax =   2.40729462177569E-05  1.94016255630160E+00
 cg2d: Sum(rhs),rhsMax =   2.40725446190027E-05  1.94019489897357E+00
 cg2d: Sum(rhs),rhsMax =   2.40721497988261E-05  1.94022672712771E+00
 cg2d: Sum(rhs),rhsMax =   2.40717611177388E-05  1.94025805004350E+00
 cg2d: Sum(rhs),rhsMax =   2.40713789168012E-05  1.94028887639201E+00
 cg2d: Sum(rhs),rhsMax =   2.40710022438861E-05  1.94031921446812E+00
 cg2d: Sum(rhs),rhsMax =   2.40706324348139E-05  1.94034907183505E+00
 cg2d: Sum(rhs),rhsMax =   2.40702670311066E-05  1.94037845556596E+00
 cg2d: Sum(rhs),rhsMax =   2.40699087612484E-05  1.94040737189953E+00
 cg2d: Sum(rhs),rhsMax =   2.40695558630932E-05  1.94043582649099E+00
 cg2d: Sum(rhs),rhsMax =   2.40692084787497E-05  1.94046382408161E+00
 cg2d: Sum(rhs),rhsMax =   2.40688666508504E-05  1.94049136875897E+00
 cg2d: Sum(rhs),rhsMax =   2.40685311041489E-05  1.94051846364268E+00
 cg2d: Sum(rhs),rhsMax =   2.40682000764991E-05  1.94054511115336E+00
 cg2d: Sum(rhs),rhsMax =   2.40678756284751E-05  1.94057131271659E+00
 cg2d: Sum(rhs),rhsMax =   2.40675558416115E-05  1.94059706903968E+00
 cg2d: Sum(rhs),rhsMax =   2.40672425206867E-05  1.94062237983505E+00
 cg2d: Sum(rhs),rhsMax =   2.40669333209098E-05  1.94064724410420E+00
 cg2d: Sum(rhs),rhsMax =   2.40666312265603E-05  1.94067165988084E+00
 cg2d: Sum(rhs),rhsMax =   2.40663336370517E-05  1.94069562452105E+00
 cg2d: Sum(rhs),rhsMax =   2.40660423429517E-05  1.94071913446632E+00
 cg2d: Sum(rhs),rhsMax =   2.40657561647595E-05  1.94074218553855E+00
 cg2d: Sum(rhs),rhsMax =   2.40654756993308E-05  1.94076477272225E+00
 cg2d: Sum(rhs),rhsMax =   2.40652015719434E-05  1.94078689046342E+00
 cg2d: Sum(rhs),rhsMax =   2.40649332994280E-05  1.94080853246922E+00
 cg2d: Sum(rhs),rhsMax =   2.40646712512671E-05  1.94082969200959E+00
 cg2d: Sum(rhs),rhsMax =   2.40644146316527E-05  1.94085036173233E+00
 cg2d: Sum(rhs),rhsMax =   2.40641648190376E-05  1.94087053396625E+00
 cg2d: Sum(rhs),rhsMax =   2.40639208470839E-05  1.94089020054899E+00
 cg2d: Sum(rhs),rhsMax =   2.40636836252861E-05  1.94090935313048E+00
 cg2d: Sum(rhs),rhsMax =   2.40634524857342E-05  1.94092798301057E+00
 cg2d: Sum(rhs),rhsMax =   2.40632285652964E-05  1.94094608144182E+00
 cg2d: Sum(rhs),rhsMax =   2.40630104997308E-05  1.94096363947327E+00
 cg2d: Sum(rhs),rhsMax =   2.40627995822251E-05  1.94098064825193E+00
 cg2d: Sum(rhs),rhsMax =   2.40625955996165E-05  1.94099709886913E+00
 cg2d: Sum(rhs),rhsMax =   2.40623985661159E-05  1.94101298265998E+00
 cg2d: Sum(rhs),rhsMax =   2.40622088085729E-05  1.94102829104842E+00
 cg2d: Sum(rhs),rhsMax =   2.40620262985658E-05  1.94104301584437E+00
 cg2d: Sum(rhs),rhsMax =   2.40618509650403E-05  1.94105714908358E+00
 cg2d: Sum(rhs),rhsMax =   2.40616835327501E-05  1.94107068332223E+00
 cg2d: Sum(rhs),rhsMax =   2.40615230922003E-05  1.94108361146776E+00
 cg2d: Sum(rhs),rhsMax =   2.40613707802595E-05  1.94109592707074E+00
 cg2d: Sum(rhs),rhsMax =   2.40612252042638E-05  1.94110762414319E+00
 cg2d: Sum(rhs),rhsMax =   2.40610884816306E-05  1.94111869744762E+00
 cg2d: Sum(rhs),rhsMax =   2.40609590065333E-05  1.94112914229949E+00
 cg2d: Sum(rhs),rhsMax =   2.40608371626649E-05  1.94113895485367E+00
 cg2d: Sum(rhs),rhsMax =   2.40607236179358E-05  1.94114813188810E+00
 cg2d: Sum(rhs),rhsMax =   2.40606179460201E-05  1.94115667108791E+00
 cg2d: Sum(rhs),rhsMax =   2.40605197348032E-05  1.94116457080797E+00
 cg2d: Sum(rhs),rhsMax =   2.40604295811409E-05  1.94117183035519E+00
 cg2d: Sum(rhs),rhsMax =   2.40603472434486E-05  1.94117844972808E+00
 cg2d: Sum(rhs),rhsMax =   2.40602732333173E-05  1.94118442989774E+00
 cg2d: Sum(rhs),rhsMax =   2.40602072238971E-05  1.94118977252370E+00
 cg2d: Sum(rhs),rhsMax =   2.40601490588688E-05  1.94119448023397E+00
 cg2d: Sum(rhs),rhsMax =   2.40600986529671E-05  1.94119855631689E+00
 cg2d: Sum(rhs),rhsMax =   2.40600560630355E-05  1.94120200500090E+00
 cg2d: Sum(rhs),rhsMax =   2.40600202090491E-05  1.94120483112289E+00
 cg2d: Sum(rhs),rhsMax =   2.40599935068531E-05  1.94120704040840E+00
 cg2d: Sum(rhs),rhsMax =   2.40599735974456E-05  1.94120863911726E+00
 cg2d: Sum(rhs),rhsMax =   2.40599612197911E-05  1.94120963432523E+00
 cg2d: Sum(rhs),rhsMax =   2.40599560328292E-05  1.94121003354851E+00
 cg2d: Sum(rhs),rhsMax =   2.40599587897350E-05  1.94120984502734E+00
 cg2d: Sum(rhs),rhsMax =   2.40599685810139E-05  1.94120907733189E+00
 cg2d: Sum(rhs),rhsMax =   2.40599848950751E-05  1.94120773964816E+00
 cg2d: Sum(rhs),rhsMax =   2.40600079735032E-05  1.94120584136818E+00
 cg2d: Sum(rhs),rhsMax =   2.40600382568346E-05  1.94120339237881E+00
 cg2d: Sum(rhs),rhsMax =   2.40600757450693E-05  1.94120040263927E+00
 cg2d: Sum(rhs),rhsMax =   2.40601197418755E-05  1.94119688247344E+00
 cg2d: Sum(rhs),rhsMax =   2.40601696077647E-05  1.94119284213811E+00
 cg2d: Sum(rhs),rhsMax =   2.40602259538036E-05  1.94118829211934E+00
 cg2d: Sum(rhs),rhsMax =   2.40602884389318E-05  1.94118324269506E+00
 cg2d: Sum(rhs),rhsMax =   2.40603565515585E-05  1.94117770423586E+00
 cg2d: Sum(rhs),rhsMax =   2.40604313006543E-05  1.94117168676564E+00
 cg2d: Sum(rhs),rhsMax =   2.40605121035742E-05  1.94116520026720E+00
 cg2d: Sum(rhs),rhsMax =   2.40605977666064E-05  1.94115825424471E+00
 cg2d: Sum(rhs),rhsMax =   2.40606895971496E-05  1.94115085803418E+00
 cg2d: Sum(rhs),rhsMax =   2.40607870551912E-05  1.94114302037135E+00
 cg2d: Sum(rhs),rhsMax =   2.40608894728211E-05  1.94113474970728E+00
 cg2d: Sum(rhs),rhsMax =   2.40609972337325E-05  1.94112605378492E+00
 cg2d: Sum(rhs),rhsMax =   2.40611101105515E-05  1.94111693995967E+00
 cg2d: Sum(rhs),rhsMax =   2.40612278616936E-05  1.94110741478785E+00
 cg2d: Sum(rhs),rhsMax =   2.40613512261234E-05  1.94109748435203E+00
 cg2d: Sum(rhs),rhsMax =   2.40614794790872E-05  1.94108715386390E+00
 cg2d: Sum(rhs),rhsMax =   2.40616119100423E-05  1.94107642799417E+00
 cg2d: Sum(rhs),rhsMax =   2.40617498832307E-05  1.94106531049203E+00
 cg2d: Sum(rhs),rhsMax =   2.40618927875857E-05  1.94105380451929E+00
 cg2d: Sum(rhs),rhsMax =   2.40620400973057E-05  1.94104191228772E+00
 cg2d: Sum(rhs),rhsMax =   2.40621927787288E-05  1.94102963539722E+00
 cg2d: Sum(rhs),rhsMax =   2.40623492260283E-05  1.94101697449213E+00
 cg2d: Sum(rhs),rhsMax =   2.40625105192294E-05  1.94100392960266E+00
 cg2d: Sum(rhs),rhsMax =   2.40626775394048E-05  1.94099049982060E+00
 cg2d: Sum(rhs),rhsMax =   2.40628486096739E-05  1.94097668364365E+00
 cg2d: Sum(rhs),rhsMax =   2.40630248669049E-05  1.94096247867006E+00
 cg2d: Sum(rhs),rhsMax =   2.40632053447598E-05  1.94094788194534E+00
 cg2d: Sum(rhs),rhsMax =   2.40633915211674E-05  1.94093288967505E+00
 cg2d: Sum(rhs),rhsMax =   2.40635824297897E-05  1.94091749757335E+00
 cg2d: Sum(rhs),rhsMax =   2.40637782127351E-05  1.94090170059222E+00
 cg2d: Sum(rhs),rhsMax =   2.40639789979014E-05  1.94088549327164E+00
 cg2d: Sum(rhs),rhsMax =   2.40641849700296E-05  1.94086886948310E+00
 cg2d: Sum(rhs),rhsMax =   2.40643967970300E-05  1.94085182278092E+00
 cg2d: Sum(rhs),rhsMax =   2.40646135694078E-05  1.94083434615758E+00
 cg2d: Sum(rhs),rhsMax =   2.40648357134887E-05  1.94081643239582E+00
 cg2d: Sum(rhs),rhsMax =   2.40650631440076E-05  1.94079807383276E+00
 cg2d: Sum(rhs),rhsMax =   2.40652963015009E-05  1.94077926271262E+00
 cg2d: Sum(rhs),rhsMax =   2.40655349728058E-05  1.94075999095638E+00
 cg2d: Sum(rhs),rhsMax =   2.40657800674171E-05  1.94074025051469E+00
 cg2d: Sum(rhs),rhsMax =   2.40660311590091E-05  1.94072003313997E+00
 cg2d: Sum(rhs),rhsMax =   2.40662876791475E-05  1.94069933073913E+00
 cg2d: Sum(rhs),rhsMax =   2.40665502246884E-05  1.94067813514456E+00
 cg2d: Sum(rhs),rhsMax =   2.40668190514270E-05  1.94065643846676E+00
 cg2d: Sum(rhs),rhsMax =   2.40670951825450E-05  1.94063423286064E+00
 cg2d: Sum(rhs),rhsMax =   2.40673767990529E-05  1.94061151087793E+00
 cg2d: Sum(rhs),rhsMax =   2.40676649525540E-05  1.94058826522561E+00
 cg2d: Sum(rhs),rhsMax =   2.40679600551630E-05  1.94056448911797E+00
 cg2d: Sum(rhs),rhsMax =   2.40682615668675E-05  1.94054017602421E+00
 cg2d: Sum(rhs),rhsMax =   2.40685694024023E-05  1.94051532002008E+00
 cg2d: Sum(rhs),rhsMax =   2.40688846702142E-05  1.94048991552201E+00
 cg2d: Sum(rhs),rhsMax =   2.40692065176518E-05  1.94046395763821E+00
 cg2d: Sum(rhs),rhsMax =   2.40695354705167E-05  1.94043744188721E+00
 cg2d: Sum(rhs),rhsMax =   2.40698716282850E-05  1.94041036454830E+00
 cg2d: Sum(rhs),rhsMax =   2.40702141098836E-05  1.94038272236286E+00
 cg2d: Sum(rhs),rhsMax =   2.40705646774586E-05  1.94035451288412E+00
 cg2d: Sum(rhs),rhsMax =   2.40709220378221E-05  1.94032573416004E+00
 cg2d: Sum(rhs),rhsMax =   2.40712854946423E-05  1.94029638508235E+00
 cg2d: Sum(rhs),rhsMax =   2.40716565542698E-05  1.94026646505047E+00
 cg2d: Sum(rhs),rhsMax =   2.40720349040657E-05  1.94023597431975E+00
 cg2d: Sum(rhs),rhsMax =   2.40724204871867E-05  1.94020491364647E+00
 cg2d: Sum(rhs),rhsMax =   2.40728132183676E-05  1.94017328463517E+00
 cg2d: Sum(rhs),rhsMax =   2.40732119465292E-05  1.94014108936546E+00
 cg2d: Sum(rhs),rhsMax =   2.40736188601431E-05  1.94010833073825E+00
 cg2d: Sum(rhs),rhsMax =   2.40740324812805E-05  1.94007501208557E+00
 cg2d: Sum(rhs),rhsMax =   2.40744524688807E-05  1.94004113751575E+00
 cg2d: Sum(rhs),rhsMax =   2.40748794908541E-05  1.94000671150782E+00
 cg2d: Sum(rhs),rhsMax =   2.40753138314176E-05  1.93997173925562E+00
 cg2d: Sum(rhs),rhsMax =   2.40757543537029E-05  1.93993622624900E+00
 cg2d: Sum(rhs),rhsMax =   2.40762021377350E-05  1.93990017861658E+00
 cg2d: Sum(rhs),rhsMax =   2.40766557055849E-05  1.93986360269647E+00
 cg2d: Sum(rhs),rhsMax =   2.40771160804343E-05  1.93982650537770E+00
 cg2d: Sum(rhs),rhsMax =   2.40775829638551E-05  1.93978889366304E+00
 cg2d: Sum(rhs),rhsMax =   2.40780569384924E-05  1.93975077500915E+00
 cg2d: Sum(rhs),rhsMax =   2.40785355316575E-05  1.93971215688474E+00
 cg2d: Sum(rhs),rhsMax =   2.40790210170871E-05  1.93967304710905E+00
 cg2d: Sum(rhs),rhsMax =   2.40795128831905E-05  1.93963345340869E+00
 cg2d: Sum(rhs),rhsMax =   2.40800101636296E-05  1.93959338375449E+00
 cg2d: Sum(rhs),rhsMax =   2.40805131852539E-05  1.93955284592004E+00
 cg2d: Sum(rhs),rhsMax =   2.40810224170218E-05  1.93951184781691E+00
 cg2d: Sum(rhs),rhsMax =   2.40815368499625E-05  1.93947039705806E+00
 cg2d: Sum(rhs),rhsMax =   2.40820575214684E-05  1.93942850129135E+00
 cg2d: Sum(rhs),rhsMax =   2.40825828541347E-05  1.93938616762475E+00
 cg2d: Sum(rhs),rhsMax =   2.40831139706188E-05  1.93934340306812E+00
 cg2d: Sum(rhs),rhsMax =   2.40836503309083E-05  1.93930021457688E+00
 cg2d: Sum(rhs),rhsMax =   2.40841915797319E-05  1.93925660897814E+00
 cg2d: Sum(rhs),rhsMax =   2.40847385413190E-05  1.93921259239109E+00
 cg2d: Sum(rhs),rhsMax =   2.40852904482836E-05  1.93916817055110E+00
 cg2d: Sum(rhs),rhsMax =   2.40858471727279E-05  1.93912334848049E+00
 cg2d: Sum(rhs),rhsMax =   2.40864086293868E-05  1.93907813093398E+00
 cg2d: Sum(rhs),rhsMax =   2.40869750030015E-05  1.93903252205853E+00
 cg2d: Sum(rhs),rhsMax =   2.40875465209456E-05  1.93898652571059E+00
 cg2d: Sum(rhs),rhsMax =   2.40881225295198E-05  1.93894014506712E+00
 cg2d: Sum(rhs),rhsMax =   2.40887033982062E-05  1.93889338293690E+00
 cg2d: Sum(rhs),rhsMax =   2.40892896101741E-05  1.93884624140918E+00
 cg2d: Sum(rhs),rhsMax =   2.40898796164402E-05  1.93879872218244E+00
 cg2d: Sum(rhs),rhsMax =   2.40904750086202E-05  1.93875082623804E+00
 cg2d: Sum(rhs),rhsMax =   2.40910748914303E-05  1.93870255417024E+00
 cg2d: Sum(rhs),rhsMax =   2.40916790659185E-05  1.93865390587553E+00
 cg2d: Sum(rhs),rhsMax =   2.40922886121098E-05  1.93860488088175E+00
 cg2d: Sum(rhs),rhsMax =   2.40929029189374E-05  1.93855547059842E+00
 cg2d: Sum(rhs),rhsMax =   2.40935209916415E-05  1.93850569898394E+00
 cg2d: Sum(rhs),rhsMax =   2.40941448765852E-05  1.93845553337456E+00
 cg2d: Sum(rhs),rhsMax =   2.40947729110985E-05  1.93840498492012E+00
 cg2d: Sum(rhs),rhsMax =   2.40954061041521E-05  1.93835405087258E+00
 cg2d: Sum(rhs),rhsMax =   2.40960445694327E-05  1.93830272708573E+00
 cg2d: Sum(rhs),rhsMax =   2.40966871274395E-05  1.93825100965667E+00
 cg2d: Sum(rhs),rhsMax =   2.40973351566254E-05  1.93819889471355E+00
 cg2d: Sum(rhs),rhsMax =   2.40979881453995E-05  1.93814637804219E+00
 cg2d: Sum(rhs),rhsMax =   2.40986464490334E-05  1.93809345532635E+00
 cg2d: Sum(rhs),rhsMax =   2.40993092290864E-05  1.93804012194710E+00
 cg2d: Sum(rhs),rhsMax =   2.40999775797945E-05  1.93798637325240E+00
 cg2d: Sum(rhs),rhsMax =   2.41006515722120E-05  1.93793220434250E+00
 cg2d: Sum(rhs),rhsMax =   2.41013303536874E-05  1.93787761037809E+00
 cg2d: Sum(rhs),rhsMax =   2.41020144358117E-05  1.93782258636939E+00
 cg2d: Sum(rhs),rhsMax =   2.41027043159647E-05  1.93776712749596E+00
 cg2d: Sum(rhs),rhsMax =   2.41033998804596E-05  1.93771122155002E+00
 cg2d: Sum(rhs),rhsMax =   2.41041007882359E-05  1.93765488885993E+00
 cg2d: Sum(rhs),rhsMax =   2.41048067266547E-05  1.93759809486512E+00
 cg2d: Sum(rhs),rhsMax =   2.41055187757411E-05  1.93754084852915E+00
 cg2d: Sum(rhs),rhsMax =   2.41062372623446E-05  1.93748314584653E+00
 cg2d: Sum(rhs),rhsMax =   2.41069612485489E-05  1.93742498205960E+00
 cg2d: Sum(rhs),rhsMax =   2.41076904075044E-05  1.93736635329305E+00
 cg2d: Sum(rhs),rhsMax =   2.41084259045010E-05  1.93730725634022E+00
 cg2d: Sum(rhs),rhsMax =   2.41091671000504E-05  1.93724768827392E+00
 cg2d: Sum(rhs),rhsMax =   2.41099140367851E-05  1.93718764667004E+00
 cg2d: Sum(rhs),rhsMax =   2.41106678089409E-05  1.93712712937724E+00
 cg2d: Sum(rhs),rhsMax =   2.41114272085952E-05  1.93706613477129E+00
 cg2d: Sum(rhs),rhsMax =   2.41121922925913E-05  1.93700466150165E+00
 cg2d: Sum(rhs),rhsMax =   2.41129631746162E-05  1.93694270878330E+00
 cg2d: Sum(rhs),rhsMax =   2.41137405510017E-05  1.93688026873209E+00
 cg2d: Sum(rhs),rhsMax =   2.41145245780672E-05  1.93681736669027E+00
 cg2d: Sum(rhs),rhsMax =   2.41153132805039E-05  1.93675397279056E+00
 cg2d: Sum(rhs),rhsMax =   2.41161083067709E-05  1.93669010156528E+00
 cg2d: Sum(rhs),rhsMax =   2.41169096710792E-05  1.93662575446140E+00
 cg2d: Sum(rhs),rhsMax =   2.41177163644579E-05  1.93656093241629E+00
 cg2d: Sum(rhs),rhsMax =   2.41185305327463E-05  1.93649563739619E+00
 cg2d: Sum(rhs),rhsMax =   2.41193487653391E-05  1.93642987211560E+00
 cg2d: Sum(rhs),rhsMax =   2.41201742170460E-05  1.93636363961082E+00
 cg2d: Sum(rhs),rhsMax =   2.41210055236252E-05  1.93629694341139E+00
 cg2d: Sum(rhs),rhsMax =   2.41218414629429E-05  1.93622978727348E+00
 cg2d: Sum(rhs),rhsMax =   2.41226839392539E-05  1.93616217537729E+00
 cg2d: Sum(rhs),rhsMax =   2.41235324409672E-05  1.93609410468993E+00
(PID.TID 0000.0001) Did not write pickup because writePickupAtEnd = FALSE
(PID.TID 0000.0001)   early fc =  0.000000000000000D+00
 --> objf_test(bi,bj)        =  0.189842649302401D+00
(PID.TID 0000.0001)   local fc =  0.189842649302401D+00
(PID.TID 0000.0001)  global fc =  0.322547970897465D+00
(PID.TID 0000.0001) grdchk perturb(-)fc: fcpertminus =  3.22547970897465E-01
(PID.TID 0000.0001)  ADM  ref_cost_function      =  3.22547974637434E-01
(PID.TID 0000.0001)  ADM  adjoint_gradient       =  3.66949878655042E-05
(PID.TID 0000.0001)  ADM  finite-diff_grad       =  3.70370531466158E-05
(PID.TID 0000.0001) ====== End of gradient-check number   1 (ierr=  0) =======
(PID.TID 0000.0001) 
(PID.TID 0000.0001) // =======================================================
(PID.TID 0000.0001) // Gradient check results  >>> START <<<
(PID.TID 0000.0001) // =======================================================
(PID.TID 0000.0001) 
(PID.TID 0000.0001)  EPS =   1.000000E-04
(PID.TID 0000.0001) 
(PID.TID 0000.0001) grdchk output h.p:  Id Itile Jtile LAYER   bi   bj   X(Id)           X(Id)+/-EPS
(PID.TID 0000.0001) grdchk output h.c:  Id  FC                   FC1                  FC2
(PID.TID 0000.0001) grdchk output h.g:  Id     FC1-FC2/(2*EPS)      ADJ GRAD(FC)         1-FDGRD/ADGRD
(PID.TID 0000.0001) 
(PID.TID 0000.0001) grdchk output (p):   1     0     0     1    0    0   0.000000000E+00  0.000000000E+00
(PID.TID 0000.0001) grdchk output (c):   1  3.2254797463743E-01  3.2254797830488E-01  3.2254797089747E-01
(PID.TID 0000.0001) grdchk output (g):   1     3.7037053146616E-05  3.6694987865504E-05 -9.3218529561949E-03
(PID.TID 0000.0001) 
(PID.TID 0000.0001) grdchk  summary  :  RMS of    1 ratios =  9.3218529561949E-03
(PID.TID 0000.0001) 
(PID.TID 0000.0001) // =======================================================
(PID.TID 0000.0001) // Gradient check results  >>> END <<<
(PID.TID 0000.0001) // =======================================================
(PID.TID 0000.0001) 
(PID.TID 0000.0001)   Seconds in section "ALL                    [THE_MODEL_MAIN]":
(PID.TID 0000.0001)           User time:   14.791792467236519
(PID.TID 0000.0001)         System time:  0.21273997426033020
(PID.TID 0000.0001)     Wall clock time:   15.279955148696899
(PID.TID 0000.0001)          No. starts:           1
(PID.TID 0000.0001)           No. stops:           1
(PID.TID 0000.0001)   Seconds in section "INITIALISE_FIXED       [THE_MODEL_MAIN]":
(PID.TID 0000.0001)           User time:   1.4271002262830734E-002
(PID.TID 0000.0001)         System time:   9.3339979648590088E-003
(PID.TID 0000.0001)     Wall clock time:  0.10180306434631348
(PID.TID 0000.0001)          No. starts:           1
(PID.TID 0000.0001)           No. stops:           1
(PID.TID 0000.0001)   Seconds in section "ADTHE_MAIN_LOOP          [ADJOINT RUN]":
(PID.TID 0000.0001)           User time:   10.770534664392471
(PID.TID 0000.0001)         System time:  0.16640198230743408
(PID.TID 0000.0001)     Wall clock time:   11.101667165756226
(PID.TID 0000.0001)          No. starts:           1
(PID.TID 0000.0001)           No. stops:           1
(PID.TID 0000.0001)   Seconds in section "FORWARD_STEP        [MAIN_DO_LOOP]":
(PID.TID 0000.0001)           User time:   8.0178415998816490
(PID.TID 0000.0001)         System time:   8.4754854440689087E-002
(PID.TID 0000.0001)     Wall clock time:   8.2394397258758545
(PID.TID 0000.0001)          No. starts:        2880
(PID.TID 0000.0001)           No. stops:        2880
(PID.TID 0000.0001)   Seconds in section "DO_STATEVARS_DIAGS  [FORWARD_STEP]":
(PID.TID 0000.0001)           User time:   9.2938616871833801E-003
(PID.TID 0000.0001)         System time:   2.6708841323852539E-004
(PID.TID 0000.0001)     Wall clock time:   9.6404552459716797E-003
(PID.TID 0000.0001)          No. starts:        1440
(PID.TID 0000.0001)           No. stops:        1440
(PID.TID 0000.0001)   Seconds in section "LOAD_FIELDS_DRIVER  [FORWARD_STEP]":
(PID.TID 0000.0001)           User time:   4.2687334120273590E-002
(PID.TID 0000.0001)         System time:   8.1595778465270996E-004
(PID.TID 0000.0001)     Wall clock time:   4.3731451034545898E-002
(PID.TID 0000.0001)          No. starts:        2880
(PID.TID 0000.0001)           No. stops:        2880
(PID.TID 0000.0001)   Seconds in section "EXTERNAL_FLDS_LOAD [LOAD_FLDS_DRIVER]":
(PID.TID 0000.0001)           User time:   1.8697403371334076E-002
(PID.TID 0000.0001)         System time:   3.2997131347656250E-004
(PID.TID 0000.0001)     Wall clock time:   1.8304347991943359E-002
(PID.TID 0000.0001)          No. starts:        3600
(PID.TID 0000.0001)           No. stops:        3600
(PID.TID 0000.0001)   Seconds in section "CTRL_MAP_FORCING  [FORWARD_STEP]":
(PID.TID 0000.0001)           User time:   1.4079749584197998E-002
(PID.TID 0000.0001)         System time:   3.0386447906494141E-004
(PID.TID 0000.0001)     Wall clock time:   1.4421224594116211E-002
(PID.TID 0000.0001)          No. starts:        2880
(PID.TID 0000.0001)           No. stops:        2880
(PID.TID 0000.0001)   Seconds in section "DO_ATMOSPHERIC_PHYS [FORWARD_STEP]":
(PID.TID 0000.0001)           User time:   4.2593285441398621E-002
(PID.TID 0000.0001)         System time:   1.0410845279693604E-003
(PID.TID 0000.0001)     Wall clock time:   4.3907880783081055E-002
(PID.TID 0000.0001)          No. starts:        2880
(PID.TID 0000.0001)           No. stops:        2880
(PID.TID 0000.0001)   Seconds in section "DO_OCEANIC_PHYS     [FORWARD_STEP]":
(PID.TID 0000.0001)           User time:  0.51330534368753433
(PID.TID 0000.0001)         System time:   1.0248392820358276E-002
(PID.TID 0000.0001)     Wall clock time:  0.52651143074035645
(PID.TID 0000.0001)          No. starts:        2880
(PID.TID 0000.0001)           No. stops:        2880
(PID.TID 0000.0001)   Seconds in section "THERMODYNAMICS      [FORWARD_STEP]":
(PID.TID 0000.0001)           User time:   1.6927836909890175
(PID.TID 0000.0001)         System time:   2.9262900352478027E-002
(PID.TID 0000.0001)     Wall clock time:   1.7299399375915527
(PID.TID 0000.0001)          No. starts:        2880
(PID.TID 0000.0001)           No. stops:        2880
(PID.TID 0000.0001)   Seconds in section "DYNAMICS            [FORWARD_STEP]":
(PID.TID 0000.0001)           User time:   3.2017646953463554
(PID.TID 0000.0001)         System time:   1.4146715402603149E-002
(PID.TID 0000.0001)     Wall clock time:   3.2300996780395508
(PID.TID 0000.0001)          No. starts:        2880
(PID.TID 0000.0001)           No. stops:        2880
(PID.TID 0000.0001)   Seconds in section "SOLVE_FOR_PRESSURE  [FORWARD_STEP]":
(PID.TID 0000.0001)           User time:   1.2958221137523651
(PID.TID 0000.0001)         System time:   5.7778358459472656E-003
(PID.TID 0000.0001)     Wall clock time:   1.3075194358825684
(PID.TID 0000.0001)          No. starts:        2880
(PID.TID 0000.0001)           No. stops:        2880
(PID.TID 0000.0001)   Seconds in section "MOM_CORRECTION_STEP [FORWARD_STEP]":
(PID.TID 0000.0001)           User time:  0.13540051132440567
(PID.TID 0000.0001)         System time:   1.4667809009552002E-003
(PID.TID 0000.0001)     Wall clock time:  0.13803076744079590
(PID.TID 0000.0001)          No. starts:        2880
(PID.TID 0000.0001)           No. stops:        2880
(PID.TID 0000.0001)   Seconds in section "INTEGR_CONTINUITY   [FORWARD_STEP]":
(PID.TID 0000.0001)           User time:  0.25373572111129761
(PID.TID 0000.0001)         System time:   1.9891560077667236E-003
(PID.TID 0000.0001)     Wall clock time:  0.25740814208984375
(PID.TID 0000.0001)          No. starts:        2880
(PID.TID 0000.0001)           No. stops:        2880
(PID.TID 0000.0001)   Seconds in section "TRC_CORRECTION_STEP [FORWARD_STEP]":
(PID.TID 0000.0001)           User time:   1.4459073543548584E-002
(PID.TID 0000.0001)         System time:   1.9997358322143555E-004
(PID.TID 0000.0001)     Wall clock time:   1.4747858047485352E-002
(PID.TID 0000.0001)          No. starts:        2880
(PID.TID 0000.0001)           No. stops:        2880
(PID.TID 0000.0001)   Seconds in section "BLOCKING_EXCHANGES  [FORWARD_STEP]":
(PID.TID 0000.0001)           User time:  0.31745829433202744
(PID.TID 0000.0001)         System time:   3.2138228416442871E-003
(PID.TID 0000.0001)     Wall clock time:  0.32254528999328613
(PID.TID 0000.0001)          No. starts:        2880
(PID.TID 0000.0001)           No. stops:        2880
(PID.TID 0000.0001)   Seconds in section "MONITOR             [FORWARD_STEP]":
(PID.TID 0000.0001)           User time:   3.6682635545730591E-003
(PID.TID 0000.0001)         System time:   9.1075897216796875E-005
(PID.TID 0000.0001)     Wall clock time:   3.7517547607421875E-003
(PID.TID 0000.0001)          No. starts:         720
(PID.TID 0000.0001)           No. stops:         720
(PID.TID 0000.0001)   Seconds in section "COST_TILE           [FORWARD_STEP]":
(PID.TID 0000.0001)           User time:  0.20585612207651138
(PID.TID 0000.0001)         System time:   2.6462078094482422E-003
(PID.TID 0000.0001)     Wall clock time:  0.20999646186828613
(PID.TID 0000.0001)          No. starts:        2880
(PID.TID 0000.0001)           No. stops:        2880
(PID.TID 0000.0001)   Seconds in section "DO_THE_MODEL_IO     [FORWARD_STEP]":
(PID.TID 0000.0001)           User time:   2.4990878999233246E-002
(PID.TID 0000.0001)         System time:   6.2962174415588379E-003
(PID.TID 0000.0001)     Wall clock time:  0.12078928947448730
(PID.TID 0000.0001)          No. starts:        2880
(PID.TID 0000.0001)           No. stops:        2880
(PID.TID 0000.0001)   Seconds in section "DO_WRITE_PICKUP     [FORWARD_STEP]":
(PID.TID 0000.0001)           User time:   1.5351593494415283E-002
(PID.TID 0000.0001)         System time:   2.9809176921844482E-003
(PID.TID 0000.0001)     Wall clock time:   3.4506559371948242E-002
(PID.TID 0000.0001)          No. starts:        2880
(PID.TID 0000.0001)           No. stops:        2880
(PID.TID 0000.0001)   Seconds in section "CTRL_PACK           [THE_MODEL_MAIN]":
(PID.TID 0000.0001)           User time:   6.8759918212890625E-004
(PID.TID 0000.0001)         System time:   0.0000000000000000
(PID.TID 0000.0001)     Wall clock time:   2.5830268859863281E-003
(PID.TID 0000.0001)          No. starts:           1
(PID.TID 0000.0001)           No. stops:           1
(PID.TID 0000.0001)   Seconds in section "CTRL_PACK     [THE_MODEL_MAIN]":
(PID.TID 0000.0001)           User time:   4.7016143798828125E-004
(PID.TID 0000.0001)         System time:   9.0003013610839844E-006
(PID.TID 0000.0001)     Wall clock time:   2.3410320281982422E-003
(PID.TID 0000.0001)          No. starts:           1
(PID.TID 0000.0001)           No. stops:           1
(PID.TID 0000.0001)   Seconds in section "GRDCHK_MAIN         [THE_MODEL_MAIN]":
(PID.TID 0000.0001)           User time:   4.0057830810546875
(PID.TID 0000.0001)         System time:   3.6975979804992676E-002
(PID.TID 0000.0001)     Wall clock time:   4.0715069770812988
(PID.TID 0000.0001)          No. starts:           1
(PID.TID 0000.0001)           No. stops:           1
(PID.TID 0000.0001)   Seconds in section "INITIALISE_VARIA    [THE_MAIN_LOOP]":
(PID.TID 0000.0001)           User time:   3.8738250732421875E-003
(PID.TID 0000.0001)         System time:   1.5879869461059570E-003
(PID.TID 0000.0001)     Wall clock time:   9.6387863159179688E-003
(PID.TID 0000.0001)          No. starts:           2
(PID.TID 0000.0001)           No. stops:           2
(PID.TID 0000.0001)   Seconds in section "MAIN LOOP           [THE_MAIN_LOOP]":
(PID.TID 0000.0001)           User time:   4.0008020401000977
(PID.TID 0000.0001)         System time:   3.4967005252838135E-002
(PID.TID 0000.0001)     Wall clock time:   4.0506839752197266
(PID.TID 0000.0001)          No. starts:           2
(PID.TID 0000.0001)           No. stops:           2
(PID.TID 0000.0001)   Seconds in section "MAIN_DO_LOOP        [THE_MAIN_LOOP]":
(PID.TID 0000.0001)           User time:   3.9928531646728516
(PID.TID 0000.0001)         System time:   3.4865081310272217E-002
(PID.TID 0000.0001)     Wall clock time:   4.0424585342407227
(PID.TID 0000.0001)          No. starts:        1440
(PID.TID 0000.0001)           No. stops:        1440
(PID.TID 0000.0001)   Seconds in section "COST_FINAL         [ADJOINT SPIN-DOWN]":
(PID.TID 0000.0001)           User time:   2.6035308837890625E-004
(PID.TID 0000.0001)         System time:   0.0000000000000000
(PID.TID 0000.0001)     Wall clock time:   3.8385391235351562E-004
(PID.TID 0000.0001)          No. starts:           2
(PID.TID 0000.0001)           No. stops:           2
(PID.TID 0000.0001) // ======================================================
(PID.TID 0000.0001) // Tile <-> Tile communication statistics
(PID.TID 0000.0001) // ======================================================
(PID.TID 0000.0001) // o Tile number: 000001
(PID.TID 0000.0001) //         No. X exchanges =              0
(PID.TID 0000.0001) //            Max. X spins =              0
(PID.TID 0000.0001) //            Min. X spins =     1000000000
(PID.TID 0000.0001) //          Total. X spins =              0
(PID.TID 0000.0001) //            Avg. X spins =       0.00E+00
(PID.TID 0000.0001) //         No. Y exchanges =              0
(PID.TID 0000.0001) //            Max. Y spins =              0
(PID.TID 0000.0001) //            Min. Y spins =     1000000000
(PID.TID 0000.0001) //          Total. Y spins =              0
(PID.TID 0000.0001) //            Avg. Y spins =       0.00E+00
(PID.TID 0000.0001) // o Thread number: 000001
(PID.TID 0000.0001) //            No. barriers =         489054
(PID.TID 0000.0001) //      Max. barrier spins =              1
(PID.TID 0000.0001) //      Min. barrier spins =              1
(PID.TID 0000.0001) //     Total barrier spins =         489054
(PID.TID 0000.0001) //      Avg. barrier spins =       1.00E+00
PROGRAM MAIN: Execution ended Normally
