metric,model_or_method,field,lead_days,mean,p10,p90
rmse,model,surface_speed,0,0.0,0.0,0.0
rmse,model,surface_speed,10,0.0005908192814482997,0.0005067375081125647,0.0006627225666306913
rmse,model,surface_speed,20,0.0007725258474238217,0.000659648678265512,0.0008624644251540303
rmse,model,surface_speed,30,0.0008634626942997177,0.0007635128451511264,0.0009728309465572238
rmse,model,surface_speed,40,0.000933851693601658,0.0007489013718441129,0.001087231026031077
rmse,model,surface_speed,50,0.0010298048534120123,0.0008450421039015055,0.0011911307694390417
rmse,model,surface_speed,60,0.0011061700410209597,0.0007993987412191928,0.0012806265149265528
rmse,model,surface_speed,70,0.0011584943626075984,0.0009009349392727018,0.0012873698258772492
rmse,model,surface_speed,80,0.001192817937893172,0.0009653262211941182,0.0013505351031199097
rmse,model,surface_speed,90,0.0012634916269841294,0.001034333067946136,0.001561863045208156
rmse,model,surface_speed,100,0.0013253834409018357,0.0010825652861967683,0.0017977528274059293
rmse,model,surface_speed,110,0.0013960526790469884,0.0010639022337272763,0.001874701166525483
rmse,model,surface_speed,120,0.0014804697129875422,0.001108809607103467,0.0020587294828146693
rmse,model,surface_speed,130,0.0015633071074262262,0.0011302875587716698,0.0021962974220514297
rmse,model,surface_speed,140,0.001598228079577287,0.0011238967068493365,0.0023710193578153848
rmse,model,surface_speed,150,0.0016558684563885131,0.0011634392198175193,0.002793125947937369
rmse,model,surface_speed,160,0.0017230077879503368,0.0011458098888397217,0.0026756581384688614
rmse,model,surface_speed,170,0.001795641480324169,0.0012020968366414308,0.002602050919085741
rmse,model,surface_speed,180,0.0018489781999960543,0.0012646783608943224,0.0029931587632745504
rmse,model,surface_speed,190,0.0019328320010875662,0.0013178149005398155,0.003174730716273188
rmse,model,surface_speed,200,0.001991617671834926,0.0013423623517155648,0.0029733239207416773
rmse,model,surface_speed,210,0.002027914277277887,0.0013420918490737676,0.0029581191949546335
rmse,model,surface_speed,220,0.0020940386379758517,0.0014096918515861035,0.0033512095920741557
rmse,model,surface_speed,230,0.002163585174518327,0.0014693703036755324,0.003473349940031767
rmse,model,surface_speed,240,0.0022057583943630257,0.0014952336438000201,0.0037008677609264846
rmse,model,surface_speed,250,0.002215847691210608,0.0015312782721593975,0.0037136390805244442
rmse,model,surface_speed,260,0.0022155285812914373,0.001597073138691485,0.003549410123378038
rmse,model,surface_speed,270,0.002192738186568022,0.0015996664529666304,0.00336070223711431
rmse,model,surface_speed,280,0.0021882611171652874,0.0016450738999992608,0.0031894138548523186
rmse,model,surface_speed,290,0.002185205121835073,0.0016861550044268369,0.003106320323422551
rmse,model,surface_speed,300,0.0022071539501970013,0.001740439608693123,0.0030548720620572566
rmse,model,surface_speed,310,0.0022126195409024755,0.0017820439068600535,0.0030281733721494674
rmse,model,surface_speed,320,0.0022374179990341265,0.001842669118195772,0.003027504915371537
rmse,model,surface_speed,330,0.002251445245929062,0.0018961083609610797,0.003052018489688635
rmse,model,surface_speed,340,0.0022868402923146886,0.0019811449106782674,0.0030346557032316923
rmse,model,surface_speed,350,0.0023031670289735,0.0020343453157693147,0.0029814377427101134
rmse,model,surface_speed,360,0.0023304464140286047,0.002070610923692584,0.0029394862707704302
rmse,model,surface_speed,370,0.0023730511777102946,0.002135327085852623,0.002897073375061154
rmse,model,surface_speed,380,0.0024059065617620945,0.0021767324768006803,0.002905645314604044
rmse,model,surface_speed,390,0.002439858733365933,0.00224044993519783,0.002938356343656778
rmse,model,surface_speed,400,0.002486359855780999,0.002289295056834817,0.002941915160045028
rmse,model,surface_speed,410,0.00253486226623257,0.002309449017047882,0.0029238347895443437
rmse,model,surface_speed,420,0.0025646224152296782,0.002303246594965458,0.002912467950955033
rmse,model,surface_speed,430,0.002620418757821123,0.002335584769025445,0.003003219049423933
rmse,model,surface_speed,440,0.0026690467881659665,0.0023839596193283795,0.0030484564136713742
rmse,model,surface_speed,450,0.002738129192342361,0.002361923921853304,0.003137166891247034
rmse,model,surface_speed,460,0.0028159905845920245,0.0023530888371169566,0.00325888991355896
rmse,model,surface_speed,470,0.0029238611304511627,0.00238872435875237,0.003453534049913287
rmse,model,surface_speed,480,0.0030254522028068703,0.0024246363900601864,0.0037407833617180584
rmse,model,surface_speed,490,0.0031697502204527457,0.0024799623526632784,0.004160955548286438
rmse,model,surface_speed,500,0.0032776646471271913,0.002491756388917565,0.004602281376719475
rmse,model,surface_speed,510,0.0033876008509347837,0.0025584227871149777,0.004914238583296537
rmse,model,surface_speed,520,0.003444219008088112,0.002610202459618449,0.004948457982391119
rmse,model,surface_speed,530,0.003498751918474833,0.0026733982376754284,0.004788671154528856
rmse,model,surface_speed,540,0.0035585804376751184,0.0027429194189608095,0.00458107590675354
rmse,model,surface_speed,550,0.0036124281119555234,0.0028387128841131926,0.004633497446775436
rmse,model,surface_speed,560,0.003643862825507919,0.0028929924592375755,0.0047023801133036615
rmse,model,surface_speed,570,0.0036844642367213965,0.0029666196554899217,0.004705488309264183
rmse,model,surface_speed,580,0.0037509466366221506,0.003047796804457903,0.004604464862495661
rmse,model,surface_speed,590,0.0038415155994395416,0.003116482961922884,0.004529742244631052
rmse,model,surface_speed,600,0.003977860091254115,0.003168838610872626,0.004584407154470682
rmse,model,surface_speed,610,0.004122862856214245,0.0032827477902173997,0.004797670990228653
rmse,model,surface_speed,620,0.004241312807425857,0.0033983005210757255,0.005057303048670292
rmse,model,surface_speed,630,0.004301347366223732,0.0034445227589458226,0.005046223662793637
rmse,model,surface_speed,640,0.00431726910173893,0.003514026710763574,0.0049695541150867936
rmse,model,surface_speed,650,0.004301843140274287,0.0035960006061941385,0.0047996177338063715
rmse,model,surface_speed,660,0.0043034521397203205,0.003725179797038436,0.00478872200474143
rmse,model,surface_speed,670,0.004263445346926649,0.00373415881767869,0.004725543316453695
rmse,model,surface_speed,680,0.00425849238721033,0.003840569965541363,0.004697349388152361
rmse,model,surface_speed,690,0.004263254705195626,0.0038839656859636306,0.004601532686501741
rmse,model,surface_speed,700,0.004291062134628495,0.003966461773961783,0.004639060702174902
rmse,model,surface_speed,710,0.004326591330269972,0.0040096214041113855,0.0046380599029362205
rmse,model,surface_speed,720,0.004341963212937117,0.004113504476845264,0.004622111469507218
rmse,model,surface_speed,730,0.0043386613018810746,0.004140323307365179,0.004516460653394461
rmse,model,surface_speed,740,0.0043526873302956424,0.004168534465134144,0.004566690977662801
rmse,model,surface_speed,750,0.004370305252571901,0.004164991434663534,0.004711574595421553
rmse,model,surface_speed,760,0.00440136631950736,0.004164947010576725,0.004800787940621376
rmse,model,surface_speed,770,0.004426625495155653,0.004126502573490143,0.004944698978215456
rmse,model,surface_speed,780,0.004466688229391972,0.004108053911477327,0.005095547717064619
rmse,model,surface_speed,790,0.004494635791828235,0.004086820594966412,0.005197281762957573
rmse,model,surface_speed,800,0.004533880017697811,0.0040842856280505655,0.005308325774967671
rmse,model,surface_speed,810,0.004594548729558786,0.004120945744216442,0.005533361434936523
rmse,model,surface_speed,820,0.004660973822077115,0.004167917650192976,0.005833568889647723
rmse,model,surface_speed,830,0.004741257118682066,0.004207497462630272,0.006160978600382805
rmse,model,surface_speed,840,0.004801969633748134,0.004194796457886696,0.006359095498919487
rmse,model,surface_speed,850,0.0048778349533677105,0.004203800484538079,0.006573178619146347
rmse,model,surface_speed,860,0.004940706739823024,0.004207564238458872,0.006712723430246114
rmse,model,surface_speed,870,0.00500604792808493,0.004205402266234159,0.006806103605777025
rmse,model,surface_speed,880,0.005065418034791947,0.004247074574232101,0.00697401212528348
rmse,model,surface_speed,890,0.005077246980120739,0.004232301842421293,0.0068032327108085155
rmse,model,surface_speed,900,0.005057786777615547,0.004265650454908609,0.006609055958688259
rmse,model,surface_speed,910,0.005063525804628929,0.004299585893750191,0.006394070852547884
rmse,model,surface_speed,920,0.00505490576227506,0.00432681106030941,0.006257053464651108
rmse,model,surface_speed,930,0.005042731606711944,0.004355836380273104,0.00606670631095767
rmse,model,surface_speed,940,0.0050211854899923,0.004348210711032152,0.0060239026322960855
rmse,model,surface_speed,950,0.0050287738752861815,0.004361270368099213,0.005964073445647955
rmse,model,surface_speed,960,0.004987838212400675,0.004448129702359438,0.005720845609903336
rmse,model,surface_speed,970,0.004973122663795948,0.00449602035805583,0.005491563305258751
rmse,model,surface_speed,980,0.004960692984362443,0.004530022945255041,0.005446699354797602
rmse,model,surface_speed,990,0.004980661471684774,0.00463250270113349,0.005419657658785581
rmse,model,surface_speed,1000,0.004992123289654652,0.004718620609492063,0.005378157645463943
rmse,model,surface_speed,1010,0.0050221236733098825,0.004701043386012316,0.005465062521398068
rmse,model,surface_speed,1020,0.005035044749577841,0.004703686945140362,0.005494010820984841
rmse,model,surface_speed,1030,0.005065095300475757,0.004735133051872254,0.005501416325569153
rmse,model,surface_speed,1040,0.005089444884409507,0.004730081930756569,0.005469358526170254
rmse,model,surface_speed,1050,0.005138016833613316,0.004704290069639683,0.005485150869935751
rmse,model,surface_speed,1060,0.005161449530472358,0.004782202560454607,0.00554384496062994
rmse,model,surface_speed,1070,0.005200730543583632,0.004834211617708206,0.005581698473542928
rmse,model,surface_speed,1080,0.005262996846189101,0.00485383840277791,0.005655592586845159
rmse,model,surface_speed,1090,0.005327357755353053,0.004980277735739946,0.005769263952970505
rmse,model,surface_speed,1100,0.0053796348161995414,0.005042287148535251,0.005961784161627293
rmse,model,surface_speed,1110,0.005491373936335245,0.0050579292699694635,0.006213146075606346
rmse,model,surface_speed,1120,0.005628210802872975,0.005102788284420967,0.006602010782808065
rmse,model,surface_speed,1130,0.0057164676487445835,0.005188590288162232,0.006948512699455022
rmse,model,surface_speed,1140,0.005799657261619965,0.005191537830978632,0.007137298304587603
rmse,model,surface_speed,1150,0.005899515903244416,0.005255038198083639,0.007153153978288173
rmse,model,surface_speed,1160,0.005997070980568727,0.005324218235909939,0.007111335918307304
rmse,model,surface_speed,1170,0.006073005714764198,0.005445640161633491,0.007056581508368254
rmse,model,surface_speed,1180,0.006131883493314187,0.00549926571547985,0.007275766227394342
rmse,model,surface_speed,1190,0.006154684846599897,0.0055048208683729175,0.007270428165793419
rmse,model,surface_speed,1200,0.006191100211193164,0.005550785548985004,0.007223138120025396
rmse,model,surface_speed,1210,0.00620347848162055,0.005567317176610231,0.0071626927703619
rmse,model,surface_speed,1220,0.006232094982018073,0.005543114710599184,0.00718015506863594
rmse,model,surface_speed,1230,0.006274467241019011,0.0055598109029233456,0.007647122442722321
rmse,model,surface_speed,1240,0.006311398682494958,0.0055534116923809055,0.007962160930037498
rmse,model,surface_speed,1250,0.006307013270755609,0.005513101257383824,0.007954861409962178
rmse,model,surface_speed,1260,0.006286081702758868,0.005607543792575598,0.00786387249827385
rmse,model,surface_speed,1270,0.006207250338047743,0.005474960897117853,0.007737365178763866
rmse,model,surface_speed,1280,0.006148347506920496,0.005331022012978792,0.0075174677185714245
rmse,model,surface_speed,1290,0.006046360482772192,0.005244486313313246,0.0071870233863592144
rmse,model,surface_speed,1300,0.0059536007232964035,0.0052342602051794525,0.006824628077447414
rmse,model,surface_speed,1310,0.0058626487851142885,0.005245652701705694,0.006476009637117385
rmse,model,surface_speed,1320,0.005799291841685772,0.005200842674821615,0.00617890888825059
rmse,model,surface_speed,1330,0.005736788300176461,0.005356840789318085,0.006089205667376518
rmse,model,surface_speed,1340,0.005685730961461862,0.005260095000267029,0.0061136017553508285
rmse,model,surface_speed,1350,0.005661754931012789,0.005186134949326515,0.006194323301315308
rmse,model,surface_speed,1360,0.005644377569357554,0.005125873070210218,0.006270123366266489
rmse,model,surface_speed,1370,0.005647197769333919,0.005095887277275324,0.00631173187866807
rmse,model,surface_speed,1380,0.005651885829865933,0.005077680479735136,0.006395363248884678
rmse,model,surface_speed,1390,0.0056620328687131405,0.005078891478478909,0.006552191823720932
rmse,model,surface_speed,1400,0.005687532294541597,0.005098145548254251,0.0066089780069887635
rmse,model,surface_speed,1410,0.005708378211905559,0.00511004775762558,0.006604419834911823
rmse,model,surface_speed,1420,0.0057363985727230705,0.0050803891383111475,0.006787208095192909
rmse,model,surface_speed,1430,0.005851091196139653,0.005107101332396269,0.006972830928862095
rmse,model,surface_speed,1440,0.005880507454276085,0.0051607110537588595,0.007046276982873678
rmse,model,surface_speed,1450,0.00592004597807924,0.005086921341717243,0.007200729101896286
rmse,model,surface_speed,1460,0.005936016918470463,0.005137918889522553,0.007463526446372271
rmse,model,surface_speed,1470,0.006033404047290484,0.005293338466435671,0.007749352976679801
rmse,model,surface_speed,1480,0.0060685851611197,0.005383922904729843,0.0079974677413702
rmse,model,surface_speed,1490,0.0061213687062263485,0.005275339353829622,0.007852538488805294
rmse,model,surface_speed,1500,0.0061546715597311655,0.005263131763786078,0.007807014510035515
rmse,model,surface_speed,1510,0.006231000429640214,0.005319974198937416,0.007909918390214443
rmse,model,surface_speed,1520,0.0062895668980975945,0.005288822297006846,0.008075072057545185
rmse,model,surface_speed,1530,0.0063721500958005585,0.005160900484770537,0.008426586724817752
rmse,model,surface_speed,1540,0.006425632660587629,0.00512972166761756,0.008725475147366523
rmse,model,surface_speed,1550,0.00644521489739418,0.005153463780879974,0.008735093474388122
rmse,model,surface_speed,1560,0.006429040928681692,0.005071591213345527,0.008900487795472145
rmse,model,surface_speed,1570,0.006428282521665096,0.0050591685809195045,0.008801046386361122
rmse,model,surface_speed,1580,0.006365892539421717,0.005117263831198216,0.008473890088498592
rmse,model,surface_speed,1590,0.006281760614365339,0.00516048138961196,0.008185132034122944
rmse,model,surface_speed,1600,0.0062779050630827745,0.0051667578518390656,0.00800918061286211
rmse,model,surface_speed,1610,0.00621377732604742,0.005188362020999193,0.00770226214081049
rmse,model,surface_speed,1620,0.00613910894220074,0.005271461885422468,0.007303027994930744
rmse,model,surface_speed,1630,0.006025861389935017,0.005243636667728424,0.007069024071097374
rmse,model,surface_speed,1640,0.006047630775719881,0.005355612747371197,0.006964204367250204
rmse,model,surface_speed,1650,0.005977157441278299,0.005434969160705805,0.0067065155133605005
rmse,model,surface_speed,1660,0.005970241253574689,0.005581716448068619,0.006562925223261118
rmse,model,surface_speed,1670,0.0059300472338994345,0.005547183938324452,0.00644775740802288
rmse,model,surface_speed,1680,0.0059633379802107814,0.005584645830094814,0.0063848611898720264
rmse,model,surface_speed,1690,0.0058976088650524615,0.005524735245853662,0.0062613035552203655
rmse,model,surface_speed,1700,0.005899936115990083,0.005606517940759659,0.006207562237977982
rmse,model,surface_speed,1710,0.005914243745307127,0.005514484457671642,0.006289136037230492
rmse,model,surface_speed,1720,0.005923254415392876,0.00556827886030078,0.006211689580231905
rmse,model,surface_speed,1730,0.005901454699536165,0.005515777133405208,0.006194526795297861
rmse,model,surface_speed,1740,0.0059379363432526585,0.005715965013951063,0.006241788808256388
rmse,model,surface_speed,1750,0.0059349740234514075,0.005639638099819422,0.0061601209454238415
rmse,model,surface_speed,1760,0.005963941601415475,0.00578117398545146,0.006167321745306253
rmse,model,surface_speed,1770,0.006024093832820654,0.005760849174112082,0.006274563726037741
rmse,model,surface_speed,1780,0.006085465693225463,0.005763993877917528,0.00642407825216651
rmse,model,surface_speed,1790,0.006081321525077025,0.005809633526951075,0.006492396909743547
rmse,model,surface_speed,1800,0.0061559794470667836,0.005886250641196966,0.006664132419973612
rmse,model,surface_speed,1810,0.006273393239825964,0.005812125839293003,0.006960457563400268
rmse,model,surface_speed,1820,0.006300555417935053,0.0058399663306772705,0.007006270438432693
rmse,model,surface_speed,1830,0.006311891103784243,0.005678954068571329,0.007016633916646242
rmse,model,surface_speed,1840,0.006281550601124763,0.00568615747615695,0.006890529580414295
rmse,model,surface_speed,1850,0.006364058579007784,0.005797089077532291,0.006958504673093557
rmse,model,surface_speed,1860,0.006333674086878697,0.005709464289247989,0.007053194195032119
rmse,model,surface_speed,1870,0.006299635333319505,0.0055959952995181085,0.0071103982627391815
rmse,model,surface_speed,1880,0.006288556102663279,0.005746711697429419,0.007111656665802001
rmse,model,surface_speed,1890,0.006272571285565695,0.0059000873938202855,0.0070401417091488835
rmse,model,surface_speed,1900,0.00625996021553874,0.005862224753946066,0.006857146881520748
rmse,model,surface_speed,1910,0.006322739832103253,0.005922611150890589,0.006724492274224758
rmse,model,surface_speed,1920,0.0062806139389673865,0.00586107075214386,0.006810497026890516
rmse,model,surface_speed,1930,0.006316668757547935,0.005818973202258349,0.006844850536435842
rmse,model,surface_speed,1940,0.006254986642549435,0.005873448122292757,0.006796710472553968
rmse,model,surface_speed,1950,0.0062994231469929215,0.0057600210420787334,0.006787871569395065
rmse,model,surface_speed,1960,0.006188104456911484,0.005891096685081721,0.0065753538161516184
rmse,model,surface_speed,1970,0.006163940392434597,0.005895747896283865,0.006530171353369951
rmse,model,surface_speed,1980,0.006110995169728994,0.0057419795542955395,0.006408943235874176
rmse,model,surface_speed,1990,0.006116738108297189,0.00578962815925479,0.006462623365223408
rmse,model,surface_speed,2000,0.006017507861057917,0.005553569924086332,0.006428308598697185
rmse,climatology,surface_speed,0,0.003483150666579604,0.003082289919257164,0.0038193108048290014
rmse,climatology,surface_speed,10,0.0033636869086573523,0.0030656424816697834,0.0036313133779913185
rmse,climatology,surface_speed,20,0.0034482390930255253,0.0032233613543212413,0.003711535269394517
rmse,climatology,surface_speed,30,0.0035018501492838066,0.00318124876357615,0.0038929723203182222
rmse,climatology,surface_speed,40,0.00342121225160857,0.0030003468040376902,0.0037263927049934866
rmse,climatology,surface_speed,50,0.00343005396425724,0.003051483677700162,0.00374471521936357
rmse,climatology,surface_speed,60,0.00351786605703334,0.003111187648028135,0.003641898510977626
rmse,climatology,surface_speed,70,0.003458885584647457,0.0029819020535796882,0.003498874185606837
rmse,climatology,surface_speed,80,0.0034494626335799692,0.002973990887403488,0.003671011235564947
rmse,climatology,surface_speed,90,0.003562444138030211,0.002918521873652935,0.004021911416202784
rmse,climatology,surface_speed,100,0.003629363172998031,0.0032170973252505066,0.004143981635570526
rmse,climatology,surface_speed,110,0.0034900281423081952,0.0030214297119528057,0.004266700614243745
rmse,climatology,surface_speed,120,0.0035588504591335854,0.0029065740294754506,0.00481131300330162
rmse,climatology,surface_speed,130,0.003643997525796294,0.003074161522090435,0.00488055795431137
rmse,climatology,surface_speed,140,0.003640605447192987,0.003067094273865223,0.004740914143621921
rmse,climatology,surface_speed,150,0.003612006471181909,0.0029644875321537256,0.004666800983250141
rmse,climatology,surface_speed,160,0.0037537249891708294,0.00306641417555511,0.005282246973365544
rmse,climatology,surface_speed,170,0.0037696822391202053,0.002968915365636349,0.005190011765807866
rmse,climatology,surface_speed,180,0.0036744978123654922,0.0028529281727969645,0.005210142023861408
rmse,climatology,surface_speed,190,0.0037473389413207768,0.002872107271105051,0.005604173522442579
rmse,climatology,surface_speed,200,0.0038475769106298685,0.0030372698325663804,0.005471385922282934
rmse,climatology,surface_speed,210,0.0037900323048233988,0.002925727842375636,0.005063790269196033
rmse,climatology,surface_speed,220,0.0037698041337231795,0.0029313983395695686,0.005118785426020622
rmse,climatology,surface_speed,230,0.0038252479707201322,0.002960879262536764,0.005211523734033108
rmse,climatology,surface_speed,240,0.003753873007372022,0.0029495298862457276,0.005208831559866667
rmse,climatology,surface_speed,250,0.0036651603411883118,0.0030053016263991593,0.005084473639726639
rmse,climatology,surface_speed,260,0.003671895805746317,0.0028910859022289515,0.004959142953157425
rmse,climatology,surface_speed,270,0.003667520980040232,0.0031860648654401303,0.0046119867824018
rmse,climatology,surface_speed,280,0.0034454568289220334,0.003060405608266592,0.004083133209496737
rmse,climatology,surface_speed,290,0.003401386303206285,0.002830109279602766,0.00402572276070714
rmse,climatology,surface_speed,300,0.0034250445198267697,0.003014210145920515,0.003971921280026436
rmse,climatology,surface_speed,310,0.0033765321131795645,0.003023827215656638,0.00366395371966064
rmse,climatology,surface_speed,320,0.0032736305768291158,0.0028565974440425634,0.0036053655203431845
rmse,climatology,surface_speed,330,0.003378949345399936,0.0030613488983362914,0.0039013768546283245
rmse,climatology,surface_speed,340,0.0033724169712513684,0.0030343753285706045,0.003849106002599001
rmse,climatology,surface_speed,350,0.003227809738988678,0.00286314464174211,0.0035764701664447785
rmse,climatology,surface_speed,360,0.0032508065303166705,0.002860331628471613,0.0036229236982762815
rmse,climatology,surface_speed,370,0.0033503105708708367,0.003139591868966818,0.003549442160874605
rmse,climatology,surface_speed,380,0.003269168408587575,0.0029179556760936974,0.00350967226549983
rmse,climatology,surface_speed,390,0.003235493072619041,0.0029687096364796163,0.003426301945000887
rmse,climatology,surface_speed,400,0.0033003112922112146,0.0030058433767408133,0.003532146429643035
rmse,climatology,surface_speed,410,0.003261845527837674,0.003029937716200948,0.0035112340934574603
rmse,climatology,surface_speed,420,0.0031898466404527426,0.0029560215305536987,0.0033971755765378475
rmse,climatology,surface_speed,430,0.00327877402305603,0.002953060111030936,0.003623278858140111
rmse,climatology,surface_speed,440,0.0033657065437485774,0.003197721717879176,0.0036037725862115622
rmse,climatology,surface_speed,450,0.0032249768109371265,0.0029514880385249852,0.003596463007852435
rmse,climatology,surface_speed,460,0.0032497651254137358,0.0029145242646336556,0.0037092600017786027
rmse,climatology,surface_speed,470,0.0033850479250152905,0.00307630836032331,0.0038338986225426195
rmse,climatology,surface_speed,480,0.003428985395779212,0.0030160026159137487,0.004103754460811615
rmse,climatology,surface_speed,490,0.0034124450913319984,0.0028766268398612736,0.004412508942186832
rmse,climatology,surface_speed,500,0.003615680957833926,0.0029289675410836937,0.004921845998615026
rmse,climatology,surface_speed,510,0.003727396282677849,0.0031099626794457436,0.005083191394805908
rmse,climatology,surface_speed,520,0.0036459272106488545,0.0029935962054878475,0.00492771714925766
rmse,climatology,surface_speed,530,0.003675053423891465,0.002942278841510415,0.0049709082581102845
rmse,climatology,surface_speed,540,0.0038143802744646867,0.0031749569345265625,0.0048048138618469235
rmse,climatology,surface_speed,550,0.0037620560576518375,0.0030813737772405147,0.004867095127701759
rmse,climatology,surface_speed,560,0.003726983225593964,0.0030779171269387008,0.004772997647523879
rmse,climatology,surface_speed,570,0.0037786295016606648,0.0032932757865637543,0.004555350821465253
rmse,climatology,surface_speed,580,0.003746431041508913,0.0031629163306206463,0.0045543526299297804
rmse,climatology,surface_speed,590,0.003668068613236149,0.0028480586130172013,0.004420152492821216
rmse,climatology,surface_speed,600,0.0037960171854744353,0.003146848874166608,0.004614917747676373
rmse,climatology,surface_speed,610,0.0039253285775582,0.0032548642717301845,0.005145917367190123
rmse,climatology,surface_speed,620,0.003822322702035308,0.0028419777750968932,0.005156856961548328
rmse,climatology,surface_speed,630,0.0037880198874821265,0.002966047590598464,0.004986649565398693
rmse,climatology,surface_speed,640,0.0038187511575718722,0.0032493894919753074,0.004971655085682869
rmse,climatology,surface_speed,650,0.0037338935925314825,0.003081676363945007,0.004771142173558474
rmse,climatology,surface_speed,660,0.0035465432486186427,0.0028347054962068797,0.004235955700278282
rmse,climatology,surface_speed,670,0.003568793833255768,0.0030489079654216766,0.003969620261341333
rmse,climatology,surface_speed,680,0.0035576490530123315,0.0031617289409041406,0.004001104179769755
rmse,climatology,surface_speed,690,0.0033942118597527346,0.0030402847565710544,0.0037747783586382865
rmse,climatology,surface_speed,700,0.0033654055713365476,0.0031211990863084793,0.0035383099224418403
rmse,climatology,surface_speed,710,0.003480742359533906,0.0032232464756816624,0.0038772803731262685
rmse,climatology,surface_speed,720,0.0034168411511927843,0.0029841640964150427,0.0038944500498473643
rmse,climatology,surface_speed,730,0.0033544565085321665,0.003047868236899376,0.00375081836245954
rmse,climatology,surface_speed,740,0.0033866417749474445,0.0030638725496828557,0.003598664794117212
rmse,climatology,surface_speed,750,0.0033684566927452884,0.0030818921979516743,0.003633845504373312
rmse,climatology,surface_speed,760,0.0032512521836906673,0.0028972772881388663,0.003545897640287876
rmse,climatology,surface_speed,770,0.0033277866430580618,0.0030144714284688233,0.003567061806097627
rmse,climatology,surface_speed,780,0.003435218287631869,0.0032103005796670914,0.0036598543170839547
rmse,climatology,surface_speed,790,0.0033685239342351753,0.0029806568752974274,0.003679005289450288
rmse,climatology,surface_speed,800,0.0033466598329444726,0.003004077123478055,0.0037214158102869986
rmse,climatology,surface_speed,810,0.0035054344528665147,0.003057651361450553,0.00410188203677535
rmse,climatology,surface_speed,820,0.003571228248377641,0.003023998253047466,0.004411763045936823
rmse,climatology,surface_speed,830,0.003550385699296991,0.0029544650111347436,0.004612153023481369
rmse,climatology,surface_speed,840,0.0036889115038017434,0.0031512598507106304,0.004806322883814573
rmse,climatology,surface_speed,850,0.003807465390612682,0.0031829651445150374,0.005291166715323925
rmse,climatology,surface_speed,860,0.003756018433098992,0.0029023126233369114,0.005499448440968989
rmse,climatology,surface_speed,870,0.0037750601458052795,0.0029348606709390878,0.0057083630003035065
rmse,climatology,surface_speed,880,0.003931408204759161,0.003101547062397003,0.005864362139254808
rmse,climatology,surface_speed,890,0.0039097297160575785,0.002910455921664834,0.005636879615485668
rmse,climatology,surface_speed,900,0.0038534436374902726,0.003092334931716323,0.005456079635769128
rmse,climatology,surface_speed,910,0.003855879682426651,0.0029949455987662078,0.005395757034420967
rmse,climatology,surface_speed,920,0.003854065357397,0.003058219188824296,0.005302259884774685
rmse,climatology,surface_speed,930,0.0037207117148985464,0.002990168798714876,0.004902261309325695
rmse,climatology,surface_speed,940,0.0037272818541775146,0.002989420900121331,0.004866993241012097
rmse,climatology,surface_speed,950,0.003754812370364865,0.0030858533456921576,0.004758679587393999
rmse,climatology,surface_speed,960,0.003651261795312166,0.0031948034651577474,0.0044403743930161
rmse,climatology,surface_speed,970,0.0034877146283785504,0.0029359097126871346,0.004003398772329092
rmse,climatology,surface_speed,980,0.003528600496550401,0.0029782110825181006,0.004033603239804506
rmse,climatology,surface_speed,990,0.0035078913749506074,0.002999085234478116,0.003934560157358646
rmse,climatology,surface_speed,1000,0.00339272307852904,0.0030041394289582967,0.00375783983618021
rmse,climatology,surface_speed,1010,0.003409686886395017,0.003007041243836284,0.0038038922008126973
rmse,climatology,surface_speed,1020,0.0034829982556402682,0.003218369884416461,0.003950420394539833
rmse,climatology,surface_speed,1030,0.0033822712022811173,0.003065738594159484,0.003791326889768243
rmse,climatology,surface_speed,1040,0.0033152353794624408,0.0028786400333046915,0.003682311624288559
rmse,climatology,surface_speed,1050,0.003459652839228511,0.0031046563759446143,0.0037015491630882024
rmse,climatology,surface_speed,1060,0.0034671182899425426,0.003264105599373579,0.0036979662254452705
rmse,climatology,surface_speed,1070,0.003437341082220276,0.0031659504398703574,0.0036662640050053596
rmse,climatology,surface_speed,1080,0.003504659328609705,0.0031751477159559726,0.0039935044944286345
rmse,climatology,surface_speed,1090,0.0036145526450127364,0.0032837734557688235,0.004318331368267536
rmse,climatology,surface_speed,1100,0.0035892950681348642,0.003095647320151329,0.004545974638313055
rmse,climatology,surface_speed,1110,0.0037251312596102556,0.003175779851153493,0.005049869138747453
rmse,climatology,surface_speed,1120,0.003932924382388592,0.003258400084450841,0.005686503369361162
rmse,climatology,surface_speed,1130,0.003990552760660649,0.003130413917824626,0.006139156315475702
rmse,climatology,surface_speed,1140,0.003947760025039315,0.00299038621596992,0.006235881708562374
rmse,climatology,surface_speed,1150,0.0041289209388196465,0.0032295427285134793,0.006235435325652361
rmse,climatology,surface_speed,1160,0.004212926390270392,0.003225545771420002,0.006007725093513727
rmse,climatology,surface_speed,1170,0.004168435946727792,0.002933873748406768,0.006016780529171228
rmse,climatology,surface_speed,1180,0.004222654923796654,0.0029874933883547784,0.0060809972696006295
rmse,climatology,surface_speed,1190,0.00435757456968228,0.0032812856137752534,0.006040880177170038
rmse,climatology,surface_speed,1200,0.00431026207904021,0.003234781324863434,0.005958169791847467
rmse,climatology,surface_speed,1210,0.00426282921495537,0.00316123329102993,0.0055800508707761765
rmse,climatology,surface_speed,1220,0.004414316390951475,0.0033022246789187193,0.0057739528827369215
rmse,climatology,surface_speed,1230,0.004441550762082139,0.0031681222841143607,0.0060390206053853035
rmse,climatology,surface_speed,1240,0.004389458211759726,0.003115272242575884,0.00623865956440568
rmse,climatology,surface_speed,1250,0.004406350494051973,0.0032806190196424724,0.006239398662000894
rmse,climatology,surface_speed,1260,0.004405390021080772,0.0032627823762595653,0.006287518516182899
rmse,climatology,surface_speed,1270,0.00423104491395255,0.0029886878561228513,0.00610178429633379
rmse,climatology,surface_speed,1280,0.004153840476647019,0.00302314436994493,0.005897067859768868
rmse,climatology,surface_speed,1290,0.0041486608174939954,0.0033074154518544672,0.005714122112840414
rmse,climatology,surface_speed,1300,0.004028375757237275,0.003050229791551828,0.005485580209642649
rmse,climatology,surface_speed,1310,0.003781936364248395,0.0028778256848454474,0.004942322801798582
rmse,climatology,surface_speed,1320,0.0037853848809997243,0.003203206369653344,0.004611828085035086
rmse,climatology,surface_speed,1330,0.003726622803757588,0.003236055513843894,0.0045799828134477135
rmse,climatology,surface_speed,1340,0.003576600675781568,0.0028739833272993565,0.004176139924675226
rmse,climatology,surface_speed,1350,0.0035150228689114255,0.003041479317471385,0.003911227453500032
rmse,climatology,surface_speed,1360,0.0036019527974228065,0.0033205090090632438,0.0039850080385804175
rmse,climatology,surface_speed,1370,0.0035193977256615955,0.0030760710127651692,0.0038558426313102245
rmse,climatology,surface_speed,1380,0.0034194305849572022,0.003180071944370866,0.003650882327929139
rmse,climatology,surface_speed,1390,0.003534998589505752,0.003283839672803879,0.003830647375434637
rmse,climatology,surface_speed,1400,0.003560285766919454,0.0032187178265303375,0.004045372363179922
rmse,climatology,surface_speed,1410,0.0034928809540967147,0.0030986817553639414,0.003892435319721699
rmse,climatology,surface_speed,1420,0.003512888370702664,0.003128799423575401,0.003867947310209274
rmse,climatology,surface_speed,1430,0.003588366166998943,0.0031875554006546734,0.0037177907768636944
rmse,climatology,surface_speed,1440,0.0035110281159480413,0.0030492117162793874,0.00357005731202662
rmse,climatology,surface_speed,1450,0.0035433168367793163,0.0030760748311877252,0.003794097388163209
rmse,climatology,surface_speed,1460,0.0036719241024305424,0.003057637484744191,0.004133610893040895
rmse,climatology,surface_speed,1470,0.0037330862289915484,0.003317404305562377,0.00420271186158061
rmse,climatology,surface_speed,1480,0.0036246208318819603,0.0031419376377016307,0.00433592926710844
rmse,climatology,surface_speed,1490,0.0037448931174973647,0.0030905394814908504,0.005077395681291818
rmse,climatology,surface_speed,1500,0.003843313812588652,0.0031021731905639172,0.005169719457626343
rmse,climatology,surface_speed,1510,0.0038699767086654902,0.003189635928720236,0.004993745870888233
rmse,climatology,surface_speed,1520,0.003925311441222826,0.0030252041295170786,0.00500233955681324
rmse,climatology,surface_speed,1530,0.004112348643441995,0.003180397627875209,0.005889481492340564
rmse,climatology,surface_speed,1540,0.004139021039009094,0.003030895534902811,0.006007590144872665
rmse,climatology,surface_speed,1550,0.004072834023584922,0.002919855434447527,0.006000776402652263
rmse,climatology,surface_speed,1560,0.004155380294347802,0.0029834537301212547,0.005968423280864954
rmse,climatology,surface_speed,1570,0.00419392556262513,0.0030533078126609324,0.006078978441655636
rmse,climatology,surface_speed,1580,0.00407754722982645,0.0030717679765075445,0.005839893221855163
rmse,climatology,surface_speed,1590,0.003977657093976935,0.00300363153219223,0.005601373594254255
rmse,climatology,surface_speed,1600,0.003951208883275588,0.0031039098277688025,0.005396846961230039
rmse,climatology,surface_speed,1610,0.0037822847875456016,0.0030231381300836802,0.005014111567288637
rmse,climatology,surface_speed,1620,0.0036743930075317623,0.0030261910520493983,0.0045153751038014885
rmse,climatology,surface_speed,1630,0.0036739306213955086,0.0029691459145396947,0.004461151082068682
rmse,climatology,surface_speed,1640,0.003666991787031293,0.0032624487299472093,0.00424496429041028
rmse,climatology,surface_speed,1650,0.003454491263255477,0.003083659382537007,0.0038854533806443213
rmse,climatology,surface_speed,1660,0.003463859452555577,0.0029211162589490415,0.003938332200050354
rmse,climatology,surface_speed,1670,0.003490000156064828,0.0030600385274738074,0.003988782223314047
rmse,climatology,surface_speed,1680,0.0034290702392657598,0.0030774158891290425,0.003771828906610608
rmse,climatology,surface_speed,1690,0.0033443720390399297,0.002928570657968521,0.0035575578920543196
rmse,climatology,surface_speed,1700,0.00345506079805394,0.0031281853560358288,0.003933800291270018
rmse,climatology,surface_speed,1710,0.0034270163315037886,0.0031746040098369122,0.003757159039378166
rmse,climatology,surface_speed,1720,0.003302545193582773,0.0029868190642446278,0.003573654778301716
rmse,climatology,surface_speed,1730,0.00337705936593314,0.0030236778780817985,0.0037287162151187657
rmse,climatology,surface_speed,1740,0.0034775389668842156,0.003333620401099324,0.003625327441841364
rmse,climatology,surface_speed,1750,0.0034328064881265163,0.003185700997710228,0.00362375364638865
rmse,climatology,surface_speed,1760,0.0034503706420461336,0.003193987440317869,0.003801527619361877
rmse,climatology,surface_speed,1770,0.0035732102580368517,0.0032646028324961663,0.004135799035429954
rmse,climatology,surface_speed,1780,0.0035800772408644357,0.0032191650941967966,0.004378953576087951
rmse,climatology,surface_speed,1790,0.0036254010628908873,0.003044609911739826,0.004670258890837431
rmse,climatology,surface_speed,1800,0.0038136415959646305,0.0032254350837320088,0.005296829435974359
rmse,climatology,surface_speed,1810,0.003963970144589742,0.0032910324633121492,0.0058178952895104885
rmse,climatology,surface_speed,1820,0.0038718244216094416,0.002952520363032818,0.005963444989174604
rmse,climatology,surface_speed,1830,0.00396890703899165,0.0031293689273297785,0.005952510982751846
rmse,climatology,surface_speed,1840,0.004097223359470566,0.0032691482454538347,0.005671996343880892
rmse,climatology,surface_speed,1850,0.0040859647716085115,0.003084045276045799,0.005694076791405677
rmse,climatology,surface_speed,1860,0.0040204573577890795,0.002915373258292675,0.0057408324442803855
rmse,climatology,surface_speed,1870,0.004153450531885028,0.0031988158356398345,0.005658949259668589
rmse,climatology,surface_speed,1880,0.004162945877760648,0.003247534716501832,0.00558280861005187
rmse,climatology,surface_speed,1890,0.00406453269533813,0.0031438773963600396,0.005201768688857555
rmse,climatology,surface_speed,1900,0.004149850892523925,0.003301633708178997,0.005275586433708668
rmse,climatology,surface_speed,1910,0.004267155441145102,0.0033008340746164323,0.005655864905565977
rmse,climatology,surface_speed,1920,0.004225961087892453,0.0031674396246671676,0.005998440273106098
rmse,climatology,surface_speed,1930,0.004207824434464176,0.0031635412015020847,0.005963752884417773
rmse,climatology,surface_speed,1940,0.004238449828699231,0.003302009357139468,0.005954916588962078
rmse,climatology,surface_speed,1950,0.004124819021672011,0.00317979296669364,0.0058259968645870686
rmse,climatology,surface_speed,1960,0.003951636546601852,0.0029259569011628626,0.0054572481662034985
rmse,climatology,surface_speed,1970,0.003932349321742853,0.0032596212811768057,0.005206241365522146
rmse,climatology,surface_speed,1980,0.003890287612254421,0.003264970052987337,0.005007334519177675
rmse,climatology,surface_speed,1990,0.0036496213171631096,0.002885755896568298,0.004592771641910076
rmse,climatology,surface_speed,2000,0.003586794187625249,0.003061279933899641,0.004096773359924555
rmse,persistence,surface_speed,0,0.0,0.0,0.0
rmse,persistence,surface_speed,10,0.00237644847172002,0.002035052655264735,0.002700142050161958
rmse,persistence,surface_speed,20,0.0032833594363182784,0.0029404053930193186,0.003675637533888221
rmse,persistence,surface_speed,30,0.003681389195844531,0.0033001508098095657,0.004024333599954843
rmse,persistence,surface_speed,40,0.0045264661001662414,0.003929562866687775,0.005070245265960694
rmse,persistence,surface_speed,50,0.004964599960173169,0.004248273093253374,0.0054371686652302745
rmse,persistence,surface_speed,60,0.0051937012933194636,0.004525898862630129,0.005741261411458254
rmse,persistence,surface_speed,70,0.005310371425002814,0.004489631857722998,0.005888010561466217
rmse,persistence,surface_speed,80,0.005204244144260883,0.004347568657249212,0.0059099489822983745
rmse,persistence,surface_speed,90,0.005416389834135771,0.004741821996867656,0.0060455967672169205
rmse,persistence,surface_speed,100,0.0055740152796109515,0.004879198968410492,0.00616434533149004
rmse,persistence,surface_speed,110,0.005279846241076787,0.0047600151970982555,0.005954581033438444
rmse,persistence,surface_speed,120,0.005435800800720851,0.004786104056984186,0.0063180244527757164
rmse,persistence,surface_speed,130,0.005256649261961381,0.004486268479377031,0.005970214027911425
rmse,persistence,surface_speed,140,0.004499524692073464,0.0037095443811267616,0.005091130640357733
rmse,persistence,surface_speed,150,0.004245611404379209,0.0033035920932888985,0.005477508250623941
rmse,persistence,surface_speed,160,0.0037416763914128143,0.00255281045101583,0.005531643796712159
rmse,persistence,surface_speed,170,0.0025874722593774396,0.0008837294648401439,0.004832661990076303
rmse,persistence,surface_speed,180,0.003591783344745636,0.0022254577372223137,0.0053179672919213775
rmse,persistence,surface_speed,190,0.00439929220204552,0.0032426915597170594,0.006022075656801462
rmse,persistence,surface_speed,200,0.004690920903036992,0.0037387358024716377,0.006346746161580086
rmse,persistence,surface_speed,210,0.005343084859972199,0.0041995651088655,0.00667443424463272
rmse,persistence,surface_speed,220,0.005719550295422474,0.004424439277499914,0.006950722075998783
rmse,persistence,surface_speed,230,0.005845271423459053,0.004611402377486229,0.0074125674553215505
rmse,persistence,surface_speed,240,0.005924042065938314,0.004743037559092045,0.0072401674464344975
rmse,persistence,surface_speed,250,0.0057650023140013214,0.004544943477958441,0.006878987699747085
rmse,persistence,surface_speed,260,0.005831575145324072,0.00495765246450901,0.006793437339365482
rmse,persistence,surface_speed,270,0.005935318643848101,0.0051739029586315155,0.006629346404224634
rmse,persistence,surface_speed,280,0.005581463531901439,0.005188841465860605,0.005974634271115065
rmse,persistence,surface_speed,290,0.005591918310771386,0.0050319510512053965,0.006185992155224085
rmse,persistence,surface_speed,300,0.005411236764242252,0.004758166428655386,0.005887713842093944
rmse,persistence,surface_speed,310,0.004614793757597605,0.004336942452937365,0.0048907820135355
rmse,persistence,surface_speed,320,0.00422796073059241,0.003687992412596941,0.004793608095496893
rmse,persistence,surface_speed,330,0.0037518538534641265,0.0030303823761641977,0.004435506369918585
rmse,persistence,surface_speed,340,0.002539715721892814,0.0017407476669177413,0.003111038589850068
rmse,persistence,surface_speed,350,0.0031762702080110707,0.0025394455529749393,0.003670419426634908
rmse,persistence,surface_speed,360,0.003997614110509555,0.0034357949625700712,0.00438751308247447
rmse,persistence,surface_speed,370,0.004237994784489274,0.00395481325685978,0.004488400276750326
rmse,persistence,surface_speed,380,0.004868433189888795,0.004413747601211071,0.00531868040561676
rmse,persistence,surface_speed,390,0.005294178208957116,0.004652152676135302,0.005748218111693859
rmse,persistence,surface_speed,400,0.0054226522023479145,0.004920038115233183,0.005799949262291193
rmse,persistence,surface_speed,410,0.0055304508656263355,0.004918215423822403,0.0059505971148610115
rmse,persistence,surface_speed,420,0.005388362240046263,0.004711078759282827,0.005978742334991694
rmse,persistence,surface_speed,430,0.005489535039911667,0.005247452948242426,0.006094528920948505
rmse,persistence,surface_speed,440,0.005699122324585915,0.005235832184553146,0.006253791786730289
rmse,persistence,surface_speed,450,0.0054102193874617415,0.0046289324760437015,0.005915296822786331
rmse,persistence,surface_speed,460,0.005478166633596023,0.005112202558666468,0.006083502620458603
rmse,persistence,surface_speed,470,0.005459312628954649,0.004993091709911824,0.005971933994442224
rmse,persistence,surface_speed,480,0.00473855941866835,0.0037198676727712154,0.005720369610935449
rmse,persistence,surface_speed,490,0.00443839201082786,0.0037404253147542478,0.00565118957310915
rmse,persistence,surface_speed,500,0.0042317780355612435,0.003401294443756342,0.005668861605226993
rmse,persistence,surface_speed,510,0.003107931682219108,0.0014091983437538149,0.005380587931722402
rmse,persistence,surface_speed,520,0.003609881162022551,0.002159274648874998,0.005563201755285263
rmse,persistence,surface_speed,530,0.00448083383962512,0.00320310415700078,0.005799531284719705
rmse,persistence,surface_speed,540,0.004713238356634975,0.0036702339537441732,0.006088192854076624
rmse,persistence,surface_speed,550,0.005279194780935844,0.004360025841742754,0.006472751405090094
rmse,persistence,surface_speed,560,0.005699907708913088,0.004841420240700245,0.007050248607993126
rmse,persistence,surface_speed,570,0.005775598560770353,0.005009366292506456,0.006724037509411573
rmse,persistence,surface_speed,580,0.005826621626814206,0.005044000037014484,0.006716908887028694
rmse,persistence,surface_speed,590,0.005617104439685742,0.0047409145161509516,0.006601684261113405
rmse,persistence,surface_speed,600,0.005624670224885146,0.005089593399316072,0.0064957886934280396
rmse,persistence,surface_speed,610,0.005812314028541247,0.005126226786524057,0.006792392581701279
rmse,persistence,surface_speed,620,0.005505377302567164,0.00446788314729929,0.006413378659635783
rmse,persistence,surface_speed,630,0.0054418073656658334,0.004907762166112661,0.006015168037265539
rmse,persistence,surface_speed,640,0.00535070967550079,0.00490436302497983,0.006319316569715738
rmse,persistence,surface_speed,650,0.004465935208524267,0.0036315206438302995,0.005295980162918568
rmse,persistence,surface_speed,660,0.0038252410168449083,0.003400800283998251,0.004415791667997837
rmse,persistence,surface_speed,670,0.0033744209135572116,0.0030022991355508565,0.0038091566413640974
rmse,persistence,surface_speed,680,0.0016121338975305358,0.0011512375669553876,0.0021776008885353803
rmse,persistence,surface_speed,690,0.0018326799230029185,0.0015194965060800314,0.0021579395048320293
rmse,persistence,surface_speed,700,0.0031483335110048453,0.0027465160470455884,0.003543599462136626
rmse,persistence,surface_speed,710,0.0034721440635621546,0.0030769400764256716,0.0038704921025782824
rmse,persistence,surface_speed,720,0.00414651093694071,0.003774925274774432,0.004643524438142777
rmse,persistence,surface_speed,730,0.004770992153013746,0.004108355287462473,0.005147989187389612
rmse,persistence,surface_speed,740,0.004945241163174311,0.004371971357613802,0.005468386225402355
rmse,persistence,surface_speed,750,0.005132311303168535,0.004529326781630516,0.005768323503434658
rmse,persistence,surface_speed,760,0.005045022225628296,0.004220580961555242,0.005630562361329794
rmse,persistence,surface_speed,770,0.005103237585475048,0.004702840559184551,0.005756900180131197
rmse,persistence,surface_speed,780,0.005404508082816998,0.004989372286945582,0.0060884407721459866
rmse,persistence,surface_speed,790,0.0052206335278848805,0.0045415916480124,0.0058022222481668
rmse,persistence,surface_speed,800,0.005186170308540265,0.004897620063275099,0.005590206757187843
rmse,persistence,surface_speed,810,0.0053128845989704136,0.0048128744587302204,0.005866845976561308
rmse,persistence,surface_speed,820,0.004687452378372352,0.003977946005761623,0.005268745683133602
rmse,persistence,surface_speed,830,0.004196463447685043,0.0035444003529846667,0.005111858248710632
rmse,persistence,surface_speed,840,0.00403649527579546,0.0031048092525452374,0.005124596692621708
rmse,persistence,surface_speed,850,0.0029527189986159404,0.001623096107505262,0.0047107704915106295
rmse,persistence,surface_speed,860,0.0030504207747677962,0.0016385423950850964,0.0050313396379351605
rmse,persistence,surface_speed,870,0.004209531983360648,0.003039324609562755,0.006020215991884469
rmse,persistence,surface_speed,880,0.0045659104362130165,0.0034850392024964095,0.006492416933178901
rmse,persistence,surface_speed,890,0.005080898447583119,0.0040523986332118515,0.00679960660636425
rmse,persistence,surface_speed,900,0.005646306121100982,0.004400054179131985,0.006987798493355513
rmse,persistence,surface_speed,910,0.005783518652121226,0.00458357846364379,0.0073480186983942986
rmse,persistence,surface_speed,920,0.005919304955750704,0.004866481013596058,0.007589833345264196
rmse,persistence,surface_speed,930,0.005832820758223533,0.0047589815221726894,0.006894983071833849
rmse,persistence,surface_speed,940,0.005784411666293939,0.004828591085970402,0.006676223780959845
rmse,persistence,surface_speed,950,0.005985362486292918,0.0052020523697137834,0.006909485813230276
rmse,persistence,surface_speed,960,0.005804115689049164,0.005247068684548139,0.006427296157926321
rmse,persistence,surface_speed,970,0.005599766876548529,0.0052012988366186615,0.0060646506026387215
rmse,persistence,surface_speed,980,0.005657941506554683,0.005092015583068132,0.006154779158532619
rmse,persistence,surface_speed,990,0.00503741546223561,0.004540092032402754,0.005442012846469879
rmse,persistence,surface_speed,1000,0.004393321399887403,0.004075440019369126,0.004839434009045363
rmse,persistence,surface_speed,1010,0.004186173807829619,0.0036090521607548,0.004819860495626926
rmse,persistence,surface_speed,1020,0.00316093269114693,0.002589681837707758,0.0035840360913425686
rmse,persistence,surface_speed,1030,0.0028975921993454295,0.0024303508922457694,0.0033387545496225356
rmse,persistence,surface_speed,1040,0.00395554380180935,0.0035511822905391456,0.004330276697874069
rmse,persistence,surface_speed,1050,0.004316455125808716,0.004024873534217477,0.004550627991557121
rmse,persistence,surface_speed,1060,0.00478405902783076,0.00452280966565013,0.005049935635179281
rmse,persistence,surface_speed,1070,0.005422013128797213,0.004969621263444424,0.005745388101786375
rmse,persistence,surface_speed,1080,0.0056353527121245865,0.005263270530849695,0.005903408024460077
rmse,persistence,surface_speed,1090,0.005846110420922438,0.005385382194072008,0.006351128127425909
rmse,persistence,surface_speed,1100,0.0058604764131208265,0.004976084176450968,0.006605743058025837
rmse,persistence,surface_speed,1110,0.0058881697244942185,0.00495717665180564,0.007104211207479239
rmse,persistence,surface_speed,1120,0.006215595050404469,0.005340002197772265,0.0077884020283818245
rmse,persistence,surface_speed,1130,0.0061740400890509285,0.004782317206263542,0.00828635785728693
rmse,persistence,surface_speed,1140,0.006042889008919398,0.004781127627938986,0.0082558861002326
rmse,persistence,surface_speed,1150,0.006259916132936875,0.005204803124070167,0.00820841733366251
rmse,persistence,surface_speed,1160,0.005787101046492656,0.004202405828982592,0.007790586166083813
rmse,persistence,surface_speed,1170,0.005188565126930674,0.0035260446835309266,0.007376363873481751
rmse,persistence,surface_speed,1180,0.005134417861700058,0.0036259871907532216,0.007074572890996933
rmse,persistence,surface_speed,1190,0.004303622633839647,0.0023777227848768233,0.006560896802693605
rmse,persistence,surface_speed,1200,0.0037603901466354726,0.0013268893118947745,0.0062711752951145165
rmse,persistence,surface_speed,1210,0.004732890954862038,0.0028760279528796673,0.006637680344283581
rmse,persistence,surface_speed,1220,0.005069988764201601,0.003473366843536496,0.006770013831555843
rmse,persistence,surface_speed,1230,0.005416349849353234,0.003982059564441443,0.0069816564209759235
rmse,persistence,surface_speed,1240,0.005949056334793567,0.004631587117910385,0.007394359912723303
rmse,persistence,surface_speed,1250,0.006083644833415747,0.004904293268918991,0.007561296783387661
rmse,persistence,surface_speed,1260,0.0061594606998066105,0.005152880307286977,0.007638327125459909
rmse,persistence,surface_speed,1270,0.006015621063609918,0.004693176224827766,0.007508671190589666
rmse,persistence,surface_speed,1280,0.005791012508173783,0.004770614393055439,0.007346407882869244
rmse,persistence,surface_speed,1290,0.005893989372998476,0.0052193434908986095,0.007300693169236183
rmse,persistence,surface_speed,1300,0.005709502194076776,0.004713179636746645,0.006765085272490978
rmse,persistence,surface_speed,1310,0.005310586219032605,0.004625980835407972,0.005993795860558748
rmse,persistence,surface_speed,1320,0.005345387135942777,0.005023119691759348,0.0058115717954933645
rmse,persistence,surface_speed,1330,0.004722618559996287,0.004191618319600821,0.005532624013721943
rmse,persistence,surface_speed,1340,0.0037712609084943932,0.0033411314710974694,0.004468211904168129
rmse,persistence,surface_speed,1350,0.003473274875432253,0.0030319227837026117,0.00380386752076447
rmse,persistence,surface_speed,1360,0.002311532308037082,0.0020078407134860752,0.0026333038695156574
rmse,persistence,surface_speed,1370,0.0008603865280747414,0.0006580277578905225,0.0010000126902014017
rmse,persistence,surface_speed,1380,0.002700080272431175,0.0023538294713944196,0.003046945249661803
rmse,persistence,surface_speed,1390,0.003359393108015259,0.003002719022333622,0.003746657492592931
rmse,persistence,surface_speed,1400,0.003810633843143781,0.0033578867558389904,0.0042372655123472215
rmse,persistence,surface_speed,1410,0.004629435824851195,0.004022398125380277,0.005186037719249725
rmse,persistence,surface_speed,1420,0.004960988306750854,0.0043741163797676565,0.005334119591861963
rmse,persistence,surface_speed,1430,0.005196399986743927,0.00458071306347847,0.005850005801767111
rmse,persistence,surface_speed,1440,0.005270600877702236,0.0044818509370088576,0.00584067776799202
rmse,persistence,surface_speed,1450,0.0052026129638155305,0.00445866072550416,0.00575900562107563
rmse,persistence,surface_speed,1460,0.005480492860078812,0.004823276773095131,0.006040386483073234
rmse,persistence,surface_speed,1470,0.005569251844038566,0.004914786387234926,0.006075484026223421
rmse,persistence,surface_speed,1480,0.005321081448346377,0.004883964546024799,0.005943313147872686
rmse,persistence,surface_speed,1490,0.0055395096230010194,0.004949832148849964,0.006481004040688276
rmse,persistence,surface_speed,1500,0.00527118102957805,0.0043867077678442,0.006017064210027456
rmse,persistence,surface_speed,1510,0.004610671848058701,0.0039552003145217896,0.005236270651221275
rmse,persistence,surface_speed,1520,0.004500408625851075,0.0034100741613656282,0.00599398585036397
rmse,persistence,surface_speed,1530,0.0039508796917895475,0.00242335326038301,0.006090430915355683
rmse,persistence,surface_speed,1540,0.003205504547804594,0.0011448717443272472,0.005670259147882462
rmse,persistence,surface_speed,1550,0.004238261608406901,0.002566173207014799,0.0063694224692881106
rmse,persistence,surface_speed,1560,0.004824781185016036,0.003382566897198558,0.006804257724434137
rmse,persistence,surface_speed,1570,0.00509809471356372,0.003892990155145526,0.0069968136027455325
rmse,persistence,surface_speed,1580,0.005675309368719657,0.004355597589164972,0.007415091805160046
rmse,persistence,surface_speed,1590,0.005880839222421249,0.004536484647542238,0.0074696863070130345
rmse,persistence,surface_speed,1600,0.005939878554393848,0.004768726322799921,0.007442683354020118
rmse,persistence,surface_speed,1610,0.005919996121277412,0.004814906138926744,0.0072590896859765055
rmse,persistence,surface_speed,1620,0.005720520950853824,0.004617493506520987,0.006450921855866909
rmse,persistence,surface_speed,1630,0.005823944912602504,0.005033220909535885,0.006607730127871037
rmse,persistence,surface_speed,1640,0.005879130649069945,0.005214088596403599,0.006437920965254307
rmse,persistence,surface_speed,1650,0.005534062689791123,0.005178236216306686,0.0059669696725904945
rmse,persistence,surface_speed,1660,0.005621468865623077,0.005126961972564459,0.006304887402802706
rmse,persistence,surface_speed,1670,0.005348707363009453,0.004771659336984158,0.005742867384105921
rmse,persistence,surface_speed,1680,0.0045537490397691725,0.0043194257654249665,0.004849060345441103
rmse,persistence,surface_speed,1690,0.004279368712256352,0.0037772759329527616,0.004831085726618767
rmse,persistence,surface_speed,1700,0.003705649853994449,0.0031518375035375357,0.004228952713310718
rmse,persistence,surface_speed,1710,0.0026585175500561794,0.0021887618117034436,0.0031555387191474437
rmse,persistence,surface_speed,1720,0.0035027526939908665,0.003035449841991067,0.003906430583447218
rmse,persistence,surface_speed,1730,0.004200760787352919,0.0038110827561467888,0.004461795929819346
rmse,persistence,surface_speed,1740,0.004485504329204559,0.004312591347843409,0.004701824393123388
rmse,persistence,surface_speed,1750,0.005165327588717143,0.004764758516103029,0.0054634975269436835
rmse,persistence,surface_speed,1760,0.005545431313415368,0.005137717165052891,0.005876635294407606
rmse,persistence,surface_speed,1770,0.005725490984817346,0.005312986951321363,0.006088816281408072
rmse,persistence,surface_speed,1780,0.005857820436358452,0.005156800150871277,0.006453465856611729
rmse,persistence,surface_speed,1790,0.005793159268796444,0.004840214271098375,0.006752697937190533
rmse,persistence,surface_speed,1800,0.006011278244356314,0.005335303023457527,0.007334782090038061
rmse,persistence,surface_speed,1810,0.006213290399561326,0.005173486098647118,0.007940319925546646
rmse,persistence,surface_speed,1820,0.005949465154359738,0.004599761217832565,0.008004466630518436
rmse,persistence,surface_speed,1830,0.0061080130438009896,0.005179834365844726,0.0079878406599164
rmse,persistence,surface_speed,1840,0.005994955947001775,0.004853555932641029,0.0076080761849880215
rmse,persistence,surface_speed,1850,0.0052418586487571394,0.0035830398090183737,0.007217330392450094
rmse,persistence,surface_speed,1860,0.0050087403350820145,0.0037127180956304075,0.006895121745765209
rmse,persistence,surface_speed,1870,0.0046241052293529115,0.003203581692650914,0.006441727187484502
rmse,persistence,surface_speed,1880,0.0034639520260194936,0.0012894167564809324,0.005808468908071518
rmse,persistence,surface_speed,1890,0.004062210256233811,0.0023296416271477937,0.005874175392091274
rmse,persistence,surface_speed,1900,0.004735863441601396,0.0032756363973021506,0.006314330361783504
rmse,persistence,surface_speed,1910,0.004947503842413425,0.003740064986050129,0.006328813824802637
rmse,persistence,surface_speed,1920,0.005506005448599656,0.0044061335735023025,0.006760897859930992
rmse,persistence,surface_speed,1930,0.005830251735945543,0.004838667437434196,0.00720574539154768
rmse,persistence,surface_speed,1940,0.005888525055100521,0.004921339359134436,0.007243120484054089
rmse,persistence,surface_speed,1950,0.005881830677390098,0.004751720651984215,0.0071145941503345965
rmse,persistence,surface_speed,1960,0.005587353774656852,0.004481740109622478,0.00686678932979703
rmse,persistence,surface_speed,1970,0.005547779984772206,0.004984524566680193,0.006728372629731893
rmse,persistence,surface_speed,1980,0.005602989283700784,0.004995788726955652,0.0065515262074768545
rmse,persistence,surface_speed,1990,0.005161304151018461,0.0044117792509496215,0.0058073695749044415
rmse,persistence,surface_speed,2000,0.005100472581883272,0.004923991486430168,0.005275088641792536
rmse,model,phihyd_surface,0,0.0,0.0,0.0
rmse,model,phihyd_surface,10,0.0020801307478298743,0.001531723001971841,0.0024091364815831185
rmse,model,phihyd_surface,20,0.00268260653441151,0.001924623572267592,0.003111862950026989
rmse,model,phihyd_surface,30,0.0030691049372156463,0.002242647996172309,0.003593709599226713
rmse,model,phihyd_surface,40,0.0033960170422991116,0.002515923837199807,0.003955527674406767
rmse,model,phihyd_surface,50,0.003683954384177923,0.0027641288470476866,0.004310432355850935
rmse,model,phihyd_surface,60,0.003977467305958271,0.0030311733949929475,0.004624235164374113
rmse,model,phihyd_surface,70,0.004256482142955065,0.00322808432392776,0.00494750952348113
rmse,model,phihyd_surface,80,0.004517352596546213,0.0034128690138459207,0.005205103196203709
rmse,model,phihyd_surface,90,0.004744454209382336,0.0036849544383585455,0.005411612801253796
rmse,model,phihyd_surface,100,0.004970508891468247,0.004038635874167085,0.00563323637470603
rmse,model,phihyd_surface,110,0.005176249534512559,0.004246231447905302,0.00587116377428174
rmse,model,phihyd_surface,120,0.005398794217035175,0.004425809718668461,0.006035705003887414
rmse,model,phihyd_surface,130,0.0056474902977546055,0.004662393685430288,0.006252438854426145
rmse,model,phihyd_surface,140,0.005873274865249792,0.004930043127387762,0.006510580237954855
rmse,model,phihyd_surface,150,0.006058715066562096,0.0052816936746239666,0.0067756687290966506
rmse,model,phihyd_surface,160,0.006261968861023585,0.005759425275027752,0.006956571247428656
rmse,model,phihyd_surface,170,0.006464428827166557,0.00596355339512229,0.007234408427029848
rmse,model,phihyd_surface,180,0.006644733312229315,0.006058689206838608,0.007460933551192283
rmse,model,phihyd_surface,190,0.0068406361776093645,0.006097905896604061,0.007706487365067005
rmse,model,phihyd_surface,200,0.007058278564363718,0.006189982406795025,0.007927592284977436
rmse,model,phihyd_surface,210,0.007240442962696155,0.00633260915055871,0.008199794217944145
rmse,model,phihyd_surface,220,0.007406070083379746,0.006448831129819155,0.008446241356432438
rmse,model,phihyd_surface,230,0.007609201750407617,0.006652724463492632,0.008753723464906216
rmse,model,phihyd_surface,240,0.007819803028057019,0.006834967620670795,0.009139604493975639
rmse,model,phihyd_surface,250,0.00801667058840394,0.007007622532546521,0.00933143440634012
rmse,model,phihyd_surface,260,0.0082276807166636,0.007231001555919647,0.009535704180598258
rmse,model,phihyd_surface,270,0.008433876807490985,0.007530967425554991,0.0097847918048501
rmse,model,phihyd_surface,280,0.008609725659092267,0.007702371850609779,0.010024400427937508
rmse,model,phihyd_surface,290,0.00879507747789224,0.007797029428184032,0.010146723687648773
rmse,model,phihyd_surface,300,0.009009275523324808,0.00797654241323471,0.010300343856215477
rmse,model,phihyd_surface,310,0.009208612982183695,0.008144301734864712,0.010504654794931411
rmse,model,phihyd_surface,320,0.009361687085280816,0.008252914063632488,0.010726953111588954
rmse,model,phihyd_surface,330,0.009568243473768234,0.0084999680519104,0.010921253077685832
rmse,model,phihyd_surface,340,0.00977533037463824,0.008821905218064785,0.011179523542523384
rmse,model,phihyd_surface,350,0.009935908019542694,0.008852335438132287,0.011371353082358836
rmse,model,phihyd_surface,360,0.01015167764077584,0.008882264234125614,0.01159574221819639
rmse,model,phihyd_surface,370,0.010407944209873676,0.009152601100504398,0.011811727657914162
rmse,model,phihyd_surface,380,0.010595616387824218,0.009226056933403014,0.012069795466959476
rmse,model,phihyd_surface,390,0.010795298218727111,0.009436128474771977,0.012319947779178619
rmse,model,phihyd_surface,400,0.01104763156423966,0.00973359327763319,0.012642072141170501
rmse,model,phihyd_surface,410,0.011273743584752083,0.009844155423343182,0.012994257733225822
rmse,model,phihyd_surface,420,0.011476519207159678,0.009866777621209622,0.01320568174123764
rmse,model,phihyd_surface,430,0.011725370275477568,0.01007241141051054,0.013537395186722277
rmse,model,phihyd_surface,440,0.011929575850566228,0.010192043893039227,0.01376668643206358
rmse,model,phihyd_surface,450,0.012123357504606247,0.010239246487617492,0.013984278962016105
rmse,model,phihyd_surface,460,0.012344935163855552,0.010392323508858681,0.014220446906983852
rmse,model,phihyd_surface,470,0.012585966661572457,0.010585819184780122,0.014411851577460765
rmse,model,phihyd_surface,480,0.012807027498881022,0.010655170865356922,0.014679307490587235
rmse,model,phihyd_surface,490,0.013014506610731284,0.010750475339591503,0.015000761300325393
rmse,model,phihyd_surface,500,0.013256077654659748,0.010930334404110908,0.015192767977714539
rmse,model,phihyd_surface,510,0.013475899212062359,0.011197769828140736,0.015506856143474579
rmse,model,phihyd_surface,520,0.013642358779907226,0.011278211511671543,0.015657418593764304
rmse,model,phihyd_surface,530,0.013849472564955553,0.011340937949717045,0.015823106467723846
rmse,model,phihyd_surface,540,0.01406659862647454,0.011522466130554677,0.01609520390629768
rmse,model,phihyd_surface,550,0.014217860251665115,0.01172379832714796,0.0163228839635849
rmse,model,phihyd_surface,560,0.0143416045854489,0.011885846965014935,0.016456982865929604
rmse,model,phihyd_surface,570,0.014484594389796258,0.012032448127865792,0.01655229143798351
rmse,model,phihyd_surface,580,0.014613285660743713,0.012198466435074806,0.016659683734178542
rmse,model,phihyd_surface,590,0.014754834460715453,0.012353659234941005,0.01672676093876362
rmse,model,phihyd_surface,600,0.014933857942620914,0.012516913004219532,0.01698665991425514
rmse,model,phihyd_surface,610,0.015051003359258176,0.01271027848124504,0.017062509432435036
rmse,model,phihyd_surface,620,0.015137524468203385,0.01286841556429863,0.01717914901673794
rmse,model,phihyd_surface,630,0.015197807488342126,0.012895689345896244,0.017269521206617355
rmse,model,phihyd_surface,640,0.015316105013092359,0.013197927735745907,0.017320849373936652
rmse,model,phihyd_surface,650,0.015448889881372451,0.013448904454708099,0.017471713572740553
rmse,model,phihyd_surface,660,0.015532082629700501,0.01353366021066904,0.01763525865972042
rmse,model,phihyd_surface,670,0.015636670465270678,0.01367610041052103,0.017764971405267716
rmse,model,phihyd_surface,680,0.015754498603443304,0.014010496065020561,0.018018607795238492
rmse,model,phihyd_surface,690,0.015832821341852345,0.014266544580459594,0.018231115117669103
rmse,model,phihyd_surface,700,0.015904615571101507,0.014267181605100631,0.018372574448585508
rmse,model,phihyd_surface,710,0.016024619154632092,0.014412850886583329,0.01842493154108524
rmse,model,phihyd_surface,720,0.01614875396092733,0.01481095664203167,0.01861666552722454
rmse,model,phihyd_surface,730,0.01621574827780326,0.0150492237880826,0.018632884696125982
rmse,model,phihyd_surface,740,0.016307236005862553,0.015201897360384464,0.018710163608193397
rmse,model,phihyd_surface,750,0.016441124056776366,0.015355491638183593,0.018974211439490317
rmse,model,phihyd_surface,760,0.016574607975780965,0.015425165928900243,0.019141047447919845
rmse,model,phihyd_surface,770,0.016775699332356453,0.015513240173459054,0.019465336576104164
rmse,model,phihyd_surface,780,0.016973555584748588,0.015735061839222908,0.01976610794663429
rmse,model,phihyd_surface,790,0.017100204030672708,0.01593439541757107,0.019864337518811226
rmse,model,phihyd_surface,800,0.017157944664359093,0.015848331898450852,0.019988834485411642
rmse,model,phihyd_surface,810,0.017341108123461405,0.0159640584141016,0.02018476091325283
rmse,model,phihyd_surface,820,0.017502695073684058,0.01618424877524376,0.020424672961235044
rmse,model,phihyd_surface,830,0.017595759655038515,0.016100576892495156,0.020655003190040586
rmse,model,phihyd_surface,840,0.017743896941343942,0.016181885823607446,0.020936175435781478
rmse,model,phihyd_surface,850,0.01785474605858326,0.0162270937114954,0.0211422074586153
rmse,model,phihyd_surface,860,0.017939447487394015,0.016329341754317283,0.020825229212641714
rmse,model,phihyd_surface,870,0.018042622009913127,0.016391676291823386,0.020959014818072316
rmse,model,phihyd_surface,880,0.018173403292894363,0.016652290150523184,0.020929500833153723
rmse,model,phihyd_surface,890,0.018302130078276,0.01696302630007267,0.0210299476981163
rmse,model,phihyd_surface,900,0.018393343438704808,0.017288048565387727,0.021062898635864257
rmse,model,phihyd_surface,910,0.018470608939727146,0.01746376194059849,0.021184058114886283
rmse,model,phihyd_surface,920,0.01854132500787576,0.01742609925568104,0.021216927096247673
rmse,model,phihyd_surface,930,0.018603230391939483,0.017217473313212394,0.0213203489780426
rmse,model,phihyd_surface,940,0.01872253604233265,0.017120501026511192,0.02159583568572998
rmse,model,phihyd_surface,950,0.018789663289984066,0.01717061921954155,0.021418970450758933
rmse,model,phihyd_surface,960,0.018792922546466192,0.017109065875411035,0.02124550640583038
rmse,model,phihyd_surface,970,0.01877169410387675,0.01702142134308815,0.02131447270512581
rmse,model,phihyd_surface,980,0.018861940254767735,0.01706382855772972,0.021438032016158102
rmse,model,phihyd_surface,990,0.01893914776543776,0.017140090838074683,0.021265092119574548
rmse,model,phihyd_surface,1000,0.018964158495267232,0.017131240293383598,0.021432317793369293
rmse,model,phihyd_surface,1010,0.019039647777875264,0.016956445947289466,0.021602610498666762
rmse,model,phihyd_surface,1020,0.019098295271396636,0.01683393642306328,0.02180609181523323
rmse,model,phihyd_surface,1030,0.0191760890185833,0.017052945122122763,0.021641236543655396
rmse,model,phihyd_surface,1040,0.019255926832556725,0.017001279443502427,0.021856802701950073
rmse,model,phihyd_surface,1050,0.019361859435836473,0.01684020012617111,0.02190033793449402
rmse,model,phihyd_surface,1060,0.019528270388642948,0.017081921547651292,0.022042233496904373
rmse,model,phihyd_surface,1070,0.019652785484989485,0.016908635571599006,0.02213096432387829
rmse,model,phihyd_surface,1080,0.019746150448918344,0.016828929260373115,0.02230193130671978
rmse,model,phihyd_surface,1090,0.019871312504013378,0.01687796153128147,0.0224289171397686
rmse,model,phihyd_surface,1100,0.019997806350390116,0.016982774063944817,0.022537679597735404
rmse,model,phihyd_surface,1110,0.020195864016811053,0.01695962846279144,0.022698788344860076
rmse,model,phihyd_surface,1120,0.020311955735087393,0.017028782144188882,0.022729804366827012
rmse,model,phihyd_surface,1130,0.020352053145567577,0.017185238003730775,0.022425170987844467
rmse,model,phihyd_surface,1140,0.02035090612868468,0.017245178669691087,0.02233346551656723
rmse,model,phihyd_surface,1150,0.020509229972958565,0.017490212246775626,0.02262919694185257
rmse,model,phihyd_surface,1160,0.0206796795129776,0.017766815796494483,0.02265421412885189
rmse,model,phihyd_surface,1170,0.020768626282612484,0.017825141176581384,0.022743445262312888
rmse,model,phihyd_surface,1180,0.02087955338259538,0.01796847805380821,0.02318754754960537
rmse,model,phihyd_surface,1190,0.020973988622426987,0.01824619136750698,0.023082314431667326
rmse,model,phihyd_surface,1200,0.021065167710185052,0.018456996232271195,0.023154786974191665
rmse,model,phihyd_surface,1210,0.02115070347984632,0.01858542375266552,0.023195842653512953
rmse,model,phihyd_surface,1220,0.021210369716087977,0.018540969491004942,0.02312905341386795
rmse,model,phihyd_surface,1230,0.021286069725950558,0.018792663514614106,0.02327537164092064
rmse,model,phihyd_surface,1240,0.02127453051507473,0.018702045455574988,0.023223045095801354
rmse,model,phihyd_surface,1250,0.021171092117826144,0.018599196523427963,0.023154647275805473
rmse,model,phihyd_surface,1260,0.02114456184208393,0.018763893470168113,0.02312995195388794
rmse,model,phihyd_surface,1270,0.021165645370880764,0.018769698590040206,0.02303238771855831
rmse,model,phihyd_surface,1280,0.021297043934464455,0.01885751783847809,0.023254432529211045
rmse,model,phihyd_surface,1290,0.021349876870711645,0.019005028530955315,0.0231872271746397
rmse,model,phihyd_surface,1300,0.021366853515307108,0.019184936210513114,0.022966206446290015
rmse,model,phihyd_surface,1310,0.021313749874631565,0.019063569977879523,0.023045168071985245
rmse,model,phihyd_surface,1320,0.0214530431975921,0.01952245384454727,0.023274936154484747
rmse,model,phihyd_surface,1330,0.021567204346259434,0.0200223159044981,0.02332859821617603
rmse,model,phihyd_surface,1340,0.021558522060513497,0.020106308162212372,0.023325424641370773
rmse,model,phihyd_surface,1350,0.021619268755118052,0.02015836052596569,0.023504796624183654
rmse,model,phihyd_surface,1360,0.021777234847346942,0.020660479739308357,0.023728249594569206
rmse,model,phihyd_surface,1370,0.02188634922107061,0.020718125253915788,0.023981566727161407
rmse,model,phihyd_surface,1380,0.021933091059327125,0.020756692811846732,0.02430129013955593
rmse,model,phihyd_surface,1390,0.021976740658283235,0.02093864567577839,0.024086471274495123
rmse,model,phihyd_surface,1400,0.02212949606279532,0.020844752341508864,0.024802670627832413
rmse,model,phihyd_surface,1410,0.022254030406475066,0.020812808722257613,0.02512192875146866
rmse,model,phihyd_surface,1420,0.02230873256921768,0.020998238027095793,0.02489419877529144
rmse,model,phihyd_surface,1430,0.02243169943491618,0.021114179119467735,0.02512732893228531
rmse,model,phihyd_surface,1440,0.02255830727517605,0.021073375642299653,0.025513992086052893
rmse,model,phihyd_surface,1450,0.02268511864046256,0.021054879203438757,0.025619933754205702
rmse,model,phihyd_surface,1460,0.022849546248714128,0.021248695626854896,0.0253698218613863
rmse,model,phihyd_surface,1470,0.02306059698263804,0.021415900066494943,0.025266091525554656
rmse,model,phihyd_surface,1480,0.023072824875513712,0.021330802515149117,0.02532441057264805
rmse,model,phihyd_surface,1490,0.02326829234759013,0.02130555734038353,0.025668166205286978
rmse,model,phihyd_surface,1500,0.023499951139092444,0.021204209700226784,0.02609425112605095
rmse,model,phihyd_surface,1510,0.023591156800587973,0.021388370543718338,0.026124556735157966
rmse,model,phihyd_surface,1520,0.023637373372912406,0.021625077724456786,0.026160547882318495
rmse,model,phihyd_surface,1530,0.023923493921756744,0.022113042324781416,0.026582877337932586
rmse,model,phihyd_surface,1540,0.024083953474958737,0.02218812070786953,0.02679608017206192
rmse,model,phihyd_surface,1550,0.024101212372382483,0.022438855096697807,0.02668120004236698
rmse,model,phihyd_surface,1560,0.024088170503576596,0.02262926921248436,0.026612452045083047
rmse,model,phihyd_surface,1570,0.02431657152871291,0.02297162190079689,0.027017103508114815
rmse,model,phihyd_surface,1580,0.02446093422671159,0.02302445061504841,0.026903748139739034
rmse,model,phihyd_surface,1590,0.02452312968671322,0.02331904098391533,0.026551318168640137
rmse,model,phihyd_surface,1600,0.02463822377224763,0.023440631851553918,0.026672622188925743
rmse,model,phihyd_surface,1610,0.024796116848786673,0.02336190566420555,0.026934551447629927
rmse,model,phihyd_surface,1620,0.024756573885679246,0.023325482755899428,0.027084051072597502
rmse,model,phihyd_surface,1630,0.024865601708491645,0.02336017191410065,0.026973749697208404
rmse,model,phihyd_surface,1640,0.025033916781346,0.02370602637529373,0.026819052547216414
rmse,model,phihyd_surface,1650,0.024914883946379026,0.023777863010764122,0.02682017982006073
rmse,model,phihyd_surface,1660,0.024953928341468177,0.023596713691949843,0.02715296447277069
rmse,model,phihyd_surface,1670,0.025159387787183126,0.02350543551146984,0.02732928618788719
rmse,model,phihyd_surface,1680,0.02531539313495159,0.02355395257472992,0.027477500960230827
rmse,model,phihyd_surface,1690,0.025267553453644117,0.023666783422231674,0.027491330727934835
rmse,model,phihyd_surface,1700,0.025512493525942165,0.023840584605932236,0.027422351017594337
rmse,model,phihyd_surface,1710,0.025761747981111208,0.024028285592794418,0.02783616408705711
rmse,model,phihyd_surface,1720,0.02586442492902279,0.024325215443968772,0.0279555831104517
rmse,model,phihyd_surface,1730,0.025850359971324604,0.02446720451116562,0.028045545890927313
rmse,model,phihyd_surface,1740,0.02613298917810122,0.024651942402124406,0.027990301325917243
rmse,model,phihyd_surface,1750,0.026310922205448152,0.024588409811258316,0.028044984862208366
rmse,model,phihyd_surface,1760,0.026473435138662658,0.024436557665467262,0.028117940574884415
rmse,model,phihyd_surface,1770,0.026563431695103647,0.02476632297039032,0.02849261574447155
rmse,model,phihyd_surface,1780,0.02683733341594537,0.02483249641954899,0.0290169607847929
rmse,model,phihyd_surface,1790,0.026802858586112657,0.024363749474287034,0.029251358285546303
rmse,model,phihyd_surface,1800,0.027052417397499084,0.02498244382441044,0.029378601536154746
rmse,model,phihyd_surface,1810,0.027235285316904386,0.025095383077859877,0.029161731153726576
rmse,model,phihyd_surface,1820,0.02728098991016547,0.025023292005062103,0.029414013400673865
rmse,model,phihyd_surface,1830,0.027254560465614,0.024631138890981674,0.0295058686286211
rmse,model,phihyd_surface,1840,0.0275663997977972,0.025393100455403328,0.029507778212428094
rmse,model,phihyd_surface,1850,0.027843524515628815,0.025786234810948373,0.030129580572247506
rmse,model,phihyd_surface,1860,0.027848843733469644,0.025580169260501863,0.030202678218483926
rmse,model,phihyd_surface,1870,0.028052275255322456,0.025576750934123992,0.030118333548307417
rmse,model,phihyd_surface,1880,0.028375687822699548,0.02643040902912617,0.030665989592671392
rmse,model,phihyd_surface,1890,0.028506873548030852,0.026058222353458404,0.030539726465940473
rmse,model,phihyd_surface,1900,0.028437457357843716,0.026162052154541017,0.030558029562234877
rmse,model,phihyd_surface,1910,0.028617794811725616,0.026626915857195853,0.030518948286771774
rmse,model,phihyd_surface,1920,0.028602672119935352,0.02667083702981472,0.030520594492554665
rmse,model,phihyd_surface,1930,0.028625811139742535,0.0264601968228817,0.030511964112520218
rmse,model,phihyd_surface,1940,0.028625149900714558,0.026680821552872658,0.030229219421744346
rmse,model,phihyd_surface,1950,0.028766411046187084,0.02702021449804306,0.030641449987888335
rmse,model,phihyd_surface,1960,0.028549360980590185,0.026344099268317222,0.03059401214122772
rmse,model,phihyd_surface,1970,0.028758441656827928,0.027133823186159135,0.03127566426992416
rmse,model,phihyd_surface,1980,0.028960531329115233,0.02747480496764183,0.03102204278111458
rmse,model,phihyd_surface,1990,0.029064495861530305,0.02716371528804302,0.031184282898902894
rmse,model,phihyd_surface,2000,0.028768150011698405,0.026215026527643202,0.03127909302711487
rmse,climatology,phihyd_surface,0,0.05692157025138537,0.0540118932723999,0.06075506955385208
rmse,climatology,phihyd_surface,10,0.056680009017388025,0.05367028638720513,0.06037708297371864
rmse,climatology,phihyd_surface,20,0.05694338803490003,0.05384332314133644,0.06084540709853172
rmse,climatology,phihyd_surface,30,0.057446611920992534,0.05423908606171608,0.060870414972305296
rmse,climatology,phihyd_surface,40,0.057454103728135426,0.05363750085234642,0.0611496739089489
rmse,climatology,phihyd_surface,50,0.057469504823287325,0.05428253337740898,0.06128906905651092
rmse,climatology,phihyd_surface,60,0.057764495412508644,0.054917764663696286,0.061568853259086606
rmse,climatology,phihyd_surface,70,0.057812611510356264,0.05439188927412033,0.06136211305856704
rmse,climatology,phihyd_surface,80,0.05779709865649541,0.0544616349041462,0.06104524731636047
rmse,climatology,phihyd_surface,90,0.05823042243719101,0.054851552844047545,0.061501675844192506
rmse,climatology,phihyd_surface,100,0.058571910858154295,0.05556148514151573,0.06224257200956344
rmse,climatology,phihyd_surface,110,0.05832597240805626,0.05456456691026688,0.062055636942386624
rmse,climatology,phihyd_surface,120,0.05838046645124753,0.0552049845457077,0.06185265481472015
rmse,climatology,phihyd_surface,130,0.058862271656592684,0.056280724704265594,0.06226893961429596
rmse,climatology,phihyd_surface,140,0.05890630135933558,0.055307308584451674,0.06234569996595383
rmse,climatology,phihyd_surface,150,0.058795631925265,0.055010396242141726,0.06245765537023544
rmse,climatology,phihyd_surface,160,0.059227278580268224,0.055673220008611676,0.06248127669095993
rmse,climatology,phihyd_surface,170,0.0593919758995374,0.05608486458659172,0.06336658149957657
rmse,climatology,phihyd_surface,180,0.05913980553547541,0.05560798794031143,0.06322231292724609
rmse,climatology,phihyd_surface,190,0.05930270453294118,0.05560361742973328,0.06361835449934006
rmse,climatology,phihyd_surface,200,0.05977260222037633,0.0562749944627285,0.06364061832427978
rmse,climatology,phihyd_surface,210,0.05977979078888893,0.055629491060972217,0.06387710720300674
rmse,climatology,phihyd_surface,220,0.059729818751414615,0.05552392974495888,0.0639174908399582
rmse,climatology,phihyd_surface,230,0.05998009741306305,0.05623206943273544,0.06413090825080872
rmse,climatology,phihyd_surface,240,0.060027102132638295,0.056172411888837814,0.06374824345111847
rmse,climatology,phihyd_surface,250,0.05995760038495064,0.055935739725828174,0.06330418288707733
rmse,climatology,phihyd_surface,260,0.060308658083279926,0.056830041110515594,0.0638186901807785
rmse,climatology,phihyd_surface,270,0.06065331523617109,0.05662447139620781,0.06455380767583847
rmse,climatology,phihyd_surface,280,0.060408310343821846,0.055542159080505374,0.06437153369188309
rmse,climatology,phihyd_surface,290,0.060378834356864294,0.05614174604415893,0.06424322873353958
rmse,climatology,phihyd_surface,300,0.060835018505652746,0.05727676749229431,0.06441317796707154
rmse,climatology,phihyd_surface,310,0.06092786093552907,0.05653144121170044,0.06424515843391418
rmse,climatology,phihyd_surface,320,0.06076440364122391,0.05623466148972511,0.06415620446205139
rmse,climatology,phihyd_surface,330,0.06115221704045932,0.057151006907224654,0.06424508988857269
rmse,climatology,phihyd_surface,340,0.06138925676544507,0.05764157474040985,0.0649036094546318
rmse,climatology,phihyd_surface,350,0.06119506061077118,0.05739986523985863,0.06481354087591171
rmse,climatology,phihyd_surface,360,0.06133954251805941,0.05728352516889572,0.06510765999555587
rmse,climatology,phihyd_surface,370,0.061872268964846926,0.05792978852987289,0.06517649292945862
rmse,climatology,phihyd_surface,380,0.06199516380826632,0.057432716339826585,0.06543024182319641
rmse,climatology,phihyd_surface,390,0.06198998764157295,0.05779837444424629,0.06556831300258636
rmse,climatology,phihyd_surface,400,0.062293627361456556,0.058491166681051254,0.06596781015396118
rmse,climatology,phihyd_surface,410,0.062442297488451,0.05825912728905678,0.06599228531122207
rmse,climatology,phihyd_surface,420,0.06242025246222814,0.05794728249311447,0.06558659225702286
rmse,climatology,phihyd_surface,430,0.062762417892615,0.05885829702019692,0.06606810241937637
rmse,climatology,phihyd_surface,440,0.06317219361662865,0.05912090167403221,0.06672806590795517
rmse,climatology,phihyd_surface,450,0.06301639502247175,0.058131230622529985,0.06668462157249451
rmse,climatology,phihyd_surface,460,0.06298208609223366,0.05840150192379952,0.06662967056035995
rmse,climatology,phihyd_surface,470,0.06345696076750755,0.05980171412229538,0.06670883595943451
rmse,climatology,phihyd_surface,480,0.06364863117535909,0.05933931693434715,0.06689698845148087
rmse,climatology,phihyd_surface,490,0.06349440515041352,0.058671087771654126,0.0667315036058426
rmse,climatology,phihyd_surface,500,0.06383654524882634,0.05955568253993988,0.06678965836763381
rmse,climatology,phihyd_surface,510,0.0641077975432078,0.06015075296163559,0.06744753420352936
rmse,climatology,phihyd_surface,520,0.06394057770570119,0.05998289659619331,0.06756779104471207
rmse,climatology,phihyd_surface,530,0.06401904573043188,0.05976750776171684,0.0676952913403511
rmse,climatology,phihyd_surface,540,0.0645153840382894,0.06048252657055855,0.06781647205352784
rmse,climatology,phihyd_surface,550,0.0646311655640602,0.05994043275713921,0.06802677810192108
rmse,climatology,phihyd_surface,560,0.06453656579057375,0.05998754277825356,0.06790613681077957
rmse,climatology,phihyd_surface,570,0.06474194129308065,0.060726483911275865,0.06819631457328797
rmse,climatology,phihyd_surface,580,0.06484273374080658,0.06062316745519638,0.06818518936634063
rmse,climatology,phihyd_surface,590,0.06473097776373228,0.06019945740699768,0.0677907258272171
rmse,climatology,phihyd_surface,600,0.06492720146973928,0.06103810369968414,0.06781469285488129
rmse,climatology,phihyd_surface,610,0.06525187293688456,0.061425799131393434,0.06837361603975296
rmse,climatology,phihyd_surface,620,0.06504991576075554,0.0605489231646061,0.06846066415309907
rmse,climatology,phihyd_surface,630,0.06490104297796885,0.06062305271625519,0.0684202641248703
rmse,climatology,phihyd_surface,640,0.06531135588884354,0.06204385906457901,0.06836063712835312
rmse,climatology,phihyd_surface,650,0.06555694863200187,0.061809518933296205,0.06876436620950699
rmse,climatology,phihyd_surface,660,0.06541104912757874,0.061003798991441725,0.06861963719129563
rmse,climatology,phihyd_surface,670,0.06570803076028824,0.061936506628990175,0.0688043013215065
rmse,climatology,phihyd_surface,680,0.0660092497865359,0.062600277364254,0.0692927896976471
rmse,climatology,phihyd_surface,690,0.0658518247306347,0.06251320242881775,0.06977245509624481
rmse,climatology,phihyd_surface,700,0.06584160402417183,0.06241929233074188,0.06980532109737396
rmse,climatology,phihyd_surface,710,0.06630083546042442,0.06296867281198501,0.06997156739234925
rmse,climatology,phihyd_surface,720,0.06648046374320984,0.062468376755714414,0.07018117904663086
rmse,climatology,phihyd_surface,730,0.06641964713732401,0.06260938346385955,0.07019177228212356
rmse,climatology,phihyd_surface,740,0.06664885804057122,0.06345040500164031,0.07059156149625778
rmse,climatology,phihyd_surface,750,0.06683835089206695,0.06345011740922928,0.0707003727555275
rmse,climatology,phihyd_surface,760,0.06681650504469872,0.06288141608238221,0.07037393897771835
rmse,climatology,phihyd_surface,770,0.06707796951134999,0.0636759877204895,0.07060198932886123
rmse,climatology,phihyd_surface,780,0.06754937469959259,0.06427071988582611,0.07117386013269425
rmse,climatology,phihyd_surface,790,0.06753469879428546,0.06359432190656662,0.07149288803339005
rmse,climatology,phihyd_surface,800,0.06743075003226598,0.06349241882562637,0.07149431854486465
rmse,climatology,phihyd_surface,810,0.06782886336247126,0.0648969516158104,0.0713901087641716
rmse,climatology,phihyd_surface,820,0.06812459776798883,0.06491313874721527,0.0719097688794136
rmse,climatology,phihyd_surface,830,0.06798334966103235,0.06410926282405853,0.07158269584178925
rmse,climatology,phihyd_surface,840,0.06821932643651962,0.06457338482141495,0.07177293300628662
rmse,climatology,phihyd_surface,850,0.06853639433781306,0.06560182124376297,0.07200665324926377
rmse,climatology,phihyd_surface,860,0.06839062025149663,0.0655621588230133,0.07204246073961258
rmse,climatology,phihyd_surface,870,0.06830141643683116,0.06521108746528625,0.07175869345664979
rmse,climatology,phihyd_surface,880,0.06871830274661382,0.06573315560817719,0.07197325229644776
rmse,climatology,phihyd_surface,890,0.06895308246215184,0.06555509567260742,0.07220278680324554
rmse,climatology,phihyd_surface,900,0.06890016992886862,0.06515448391437531,0.07240539491176605
rmse,climatology,phihyd_surface,910,0.06908411085605622,0.06562727093696594,0.07289955019950867
rmse,climatology,phihyd_surface,920,0.06925471325715384,0.06586232334375382,0.07299630343914032
rmse,climatology,phihyd_surface,930,0.06918003112077713,0.06542624533176422,0.0726561963558197
rmse,climatology,phihyd_surface,940,0.0693193236986796,0.06592341363430024,0.0728282243013382
rmse,climatology,phihyd_surface,950,0.06971457004547119,0.06607861071825027,0.07327287346124649
rmse,climatology,phihyd_surface,960,0.06969102174043655,0.0654661476612091,0.07342355102300643
rmse,climatology,phihyd_surface,970,0.0695037176211675,0.06514701396226882,0.07324914932250977
rmse,climatology,phihyd_surface,980,0.06981508036454519,0.06634537130594254,0.07320066839456559
rmse,climatology,phihyd_surface,990,0.07012118597825369,0.06629467904567718,0.07356815040111542
rmse,climatology,phihyd_surface,1000,0.06997173925240835,0.06553266793489457,0.07312462031841278
rmse,climatology,phihyd_surface,1010,0.07013312727212906,0.06612063795328141,0.07337591648101807
rmse,climatology,phihyd_surface,1020,0.07049078692992529,0.06641355156898499,0.07354060113430023
rmse,climatology,phihyd_surface,1030,0.07044793864091238,0.06647260189056396,0.07415570914745331
rmse,climatology,phihyd_surface,1040,0.07039273877938589,0.0662717029452324,0.07396337389945984
rmse,climatology,phihyd_surface,1050,0.07083370685577392,0.06690557450056075,0.07427409887313843
rmse,climatology,phihyd_surface,1060,0.07115377386411031,0.06656282246112824,0.07435140013694763
rmse,climatology,phihyd_surface,1070,0.07115020056565603,0.06656177788972854,0.07457352876663208
rmse,climatology,phihyd_surface,1080,0.07136312127113342,0.0672287479043007,0.07503714859485626
rmse,climatology,phihyd_surface,1090,0.07162613968054453,0.06766646653413773,0.07524458318948746
rmse,climatology,phihyd_surface,1100,0.07162835896015167,0.06683275401592255,0.07495339214801788
rmse,climatology,phihyd_surface,1110,0.07176018158594767,0.0674424096941948,0.07487977892160416
rmse,climatology,phihyd_surface,1120,0.07214866628249486,0.06819974184036255,0.07515641003847122
rmse,climatology,phihyd_surface,1130,0.0721589187781016,0.06770756095647812,0.0756022185087204
rmse,climatology,phihyd_surface,1140,0.07193963478008907,0.0672881320118904,0.07532519549131393
rmse,climatology,phihyd_surface,1150,0.07222985476255417,0.06845470666885375,0.07507137507200241
rmse,climatology,phihyd_surface,1160,0.07262792686621349,0.06881829798221588,0.075775246322155
rmse,climatology,phihyd_surface,1170,0.0725602368513743,0.06795705556869507,0.07545194029808044
rmse,climatology,phihyd_surface,1180,0.07267973969380061,0.06841475367546082,0.07571099996566773
rmse,climatology,phihyd_surface,1190,0.07305443336566289,0.06912154108285903,0.07585675716400146
rmse,climatology,phihyd_surface,1200,0.07307509630918503,0.06922845393419266,0.07665702700614929
rmse,climatology,phihyd_surface,1210,0.07298866808414459,0.06899158805608749,0.07622971087694168
rmse,climatology,phihyd_surface,1220,0.0733256995677948,0.06940837055444718,0.07653092294931411
rmse,climatology,phihyd_surface,1230,0.07354893386363984,0.06924781948328018,0.07654089331626893
rmse,climatology,phihyd_surface,1240,0.07337459127108256,0.06899127215147019,0.07672089487314224
rmse,climatology,phihyd_surface,1250,0.0733867809176445,0.06964316219091415,0.07682103514671326
rmse,climatology,phihyd_surface,1260,0.07356307407220204,0.07008877992630005,0.07694344073534012
rmse,climatology,phihyd_surface,1270,0.07354514598846436,0.06935083419084549,0.07673077434301376
rmse,climatology,phihyd_surface,1280,0.07363764892021815,0.06978769749403,0.0767656609416008
rmse,climatology,phihyd_surface,1290,0.0740376055240631,0.07045051455497742,0.0768529400229454
rmse,climatology,phihyd_surface,1300,0.07414656480153402,0.07014208137989045,0.07739941924810409
rmse,climatology,phihyd_surface,1310,0.07393090526262919,0.06961499154567719,0.07712427824735642
rmse,climatology,phihyd_surface,1320,0.07412738154331842,0.0706562876701355,0.07703469395637512
rmse,climatology,phihyd_surface,1330,0.07448959946632386,0.07122593224048615,0.07759877890348435
rmse,climatology,phihyd_surface,1340,0.0744293769200643,0.07043402493000031,0.07739463150501251
rmse,climatology,phihyd_surface,1350,0.0744918887813886,0.07071377038955688,0.07767269164323806
rmse,climatology,phihyd_surface,1360,0.07486753116051356,0.07150282114744186,0.07777639478445053
rmse,climatology,phihyd_surface,1370,0.07490825851758322,0.07176849097013474,0.07856562733650208
rmse,climatology,phihyd_surface,1380,0.07477229287226995,0.07154101282358169,0.07829537093639374
rmse,climatology,phihyd_surface,1390,0.07507073581218719,0.07189963310956955,0.07867537289857865
rmse,climatology,phihyd_surface,1400,0.07540774991114935,0.07191538959741592,0.07871362715959548
rmse,climatology,phihyd_surface,1410,0.07538889149824778,0.0717790737748146,0.07894333302974701
rmse,climatology,phihyd_surface,1420,0.07548548579216004,0.07243122905492783,0.07915873974561691
rmse,climatology,phihyd_surface,1430,0.07573437094688415,0.07300751954317093,0.07938239872455596
rmse,climatology,phihyd_surface,1440,0.07575590014457703,0.07233449816703796,0.07928234785795212
rmse,climatology,phihyd_surface,1450,0.07581512828667959,0.07261932641267776,0.07917832732200622
rmse,climatology,phihyd_surface,1460,0.07622155050436656,0.07301418781280518,0.07956441938877105
rmse,climatology,phihyd_surface,1470,0.076456784705321,0.07348747253417968,0.08020341843366623
rmse,climatology,phihyd_surface,1480,0.0763171891371409,0.07286379784345627,0.08004744797945022
rmse,climatology,phihyd_surface,1490,0.07649621764818827,0.07366715669631958,0.07992962151765823
rmse,climatology,phihyd_surface,1500,0.07687220325072606,0.07423707246780395,0.08038027882575989
rmse,climatology,phihyd_surface,1510,0.07683821072181066,0.07331745326519012,0.08023654520511628
rmse,climatology,phihyd_surface,1520,0.07682551294565201,0.07325226068496704,0.08038118034601212
rmse,climatology,phihyd_surface,1530,0.077163465321064,0.0741541862487793,0.08037637025117875
rmse,climatology,phihyd_surface,1540,0.07720060497522355,0.07404913604259492,0.0809181272983551
rmse,climatology,phihyd_surface,1550,0.0770004466176033,0.07363619208335877,0.08032764047384262
rmse,climatology,phihyd_surface,1560,0.07721679260333379,0.07417798042297363,0.08075584471225739
rmse,climatology,phihyd_surface,1570,0.07757302075624466,0.07428430765867233,0.08081723898649215
rmse,climatology,phihyd_surface,1580,0.07757673064867655,0.07395322322845459,0.08113281577825546
rmse,climatology,phihyd_surface,1590,0.07763385673364004,0.07408267557621002,0.08136717975139618
rmse,climatology,phihyd_surface,1600,0.07787857204675674,0.07461673468351364,0.08160435557365417
rmse,climatology,phihyd_surface,1610,0.07791258146365483,0.07438546866178512,0.08140158355236053
rmse,climatology,phihyd_surface,1620,0.07791242301464081,0.07444216758012771,0.08108875155448914
rmse,climatology,phihyd_surface,1630,0.07823084046443303,0.07487311810255051,0.08152918964624405
rmse,climatology,phihyd_surface,1640,0.07844077597061792,0.0747852623462677,0.08203520923852921
rmse,climatology,phihyd_surface,1650,0.07824296901623408,0.07407883256673813,0.08163137584924698
rmse,climatology,phihyd_surface,1660,0.07831674963235855,0.0747125118970871,0.08158945888280869
rmse,climatology,phihyd_surface,1670,0.07868469456831614,0.07535350024700165,0.08182039856910706
rmse,climatology,phihyd_surface,1680,0.07871209780375163,0.07461183071136475,0.081662879884243
rmse,climatology,phihyd_surface,1690,0.07867238720258077,0.07469270080327987,0.08177667111158371
rmse,climatology,phihyd_surface,1700,0.0790339931845665,0.07525292038917542,0.0818263366818428
rmse,climatology,phihyd_surface,1710,0.07919730991125107,0.07543612569570542,0.08244438916444778
rmse,climatology,phihyd_surface,1720,0.07909093002478282,0.07522009760141372,0.0824307844042778
rmse,climatology,phihyd_surface,1730,0.07932202766338985,0.07536506056785583,0.08287565857172012
rmse,climatology,phihyd_surface,1740,0.07975259721279145,0.07571159452199935,0.08295485824346542
rmse,climatology,phihyd_surface,1750,0.07984561920166015,0.0754326418042183,0.08320118635892867
rmse,climatology,phihyd_surface,1760,0.07992210288842519,0.07587989866733551,0.08341194540262223
rmse,climatology,phihyd_surface,1770,0.08020233164230982,0.076484052836895,0.08368216156959533
rmse,climatology,phihyd_surface,1780,0.08029500097036361,0.07606295496225357,0.08363444507122039
rmse,climatology,phihyd_surface,1790,0.08029505411783854,0.07594126760959626,0.08326652348041534
rmse,climatology,phihyd_surface,1800,0.080582195520401,0.07670546621084214,0.08344512283802033
rmse,climatology,phihyd_surface,1810,0.08082535962263743,0.07686355262994767,0.08389799147844315
rmse,climatology,phihyd_surface,1820,0.08065820087989171,0.0761458307504654,0.08381610810756683
rmse,climatology,phihyd_surface,1830,0.08071261445681253,0.07659720033407211,0.08375120759010315
rmse,climatology,phihyd_surface,1840,0.08112095048030217,0.07756310254335404,0.08392696529626846
rmse,climatology,phihyd_surface,1850,0.08123307625452678,0.07704231441020966,0.0840674802660942
rmse,climatology,phihyd_surface,1860,0.08116287887096404,0.0767599567770958,0.08408184051513672
rmse,climatology,phihyd_surface,1870,0.08148393879334132,0.07745583802461624,0.08414220064878464
rmse,climatology,phihyd_surface,1880,0.08167717109123866,0.07786711752414703,0.0846978023648262
rmse,climatology,phihyd_surface,1890,0.08155357191960017,0.0776984602212906,0.08474824577569962
rmse,climatology,phihyd_surface,1900,0.08165500412384669,0.07773183435201644,0.08486632406711578
rmse,climatology,phihyd_surface,1910,0.08196439445018769,0.0781221017241478,0.08486697971820831
rmse,climatology,phihyd_surface,1920,0.08193000058333079,0.07767378985881805,0.08507666885852813
rmse,climatology,phihyd_surface,1930,0.08183421144882838,0.07800686508417129,0.08501246720552444
rmse,climatology,phihyd_surface,1940,0.08201277901728948,0.07864661961793899,0.08517699092626571
rmse,climatology,phihyd_surface,1950,0.0820940429965655,0.07832285910844802,0.08526203483343124
rmse,climatology,phihyd_surface,1960,0.08207200318574906,0.07811755686998367,0.08503737300634384
rmse,climatology,phihyd_surface,1970,0.08233088652292887,0.07884961813688278,0.0850958302617073
rmse,climatology,phihyd_surface,1980,0.08263024489084879,0.07913771271705627,0.0856183111667633
rmse,climatology,phihyd_surface,1990,0.08250818898280461,0.07845491915941238,0.08562885224819183
rmse,climatology,phihyd_surface,2000,0.0824887494246165,0.07873230576515197,0.08563082069158554
rmse,persistence,phihyd_surface,0,0.0,0.0,0.0
rmse,persistence,phihyd_surface,10,0.010350699505458276,0.007396924961358309,0.012786458991467953
rmse,persistence,phihyd_surface,20,0.014682069482902686,0.011606127209961414,0.017236204445362092
rmse,persistence,phihyd_surface,30,0.01813393794000149,0.015945703163743018,0.021325619891285896
rmse,persistence,phihyd_surface,40,0.023417344068487486,0.018077804893255233,0.026974673941731454
rmse,persistence,phihyd_surface,50,0.02690871643523375,0.0225798349827528,0.030930523574352265
rmse,persistence,phihyd_surface,60,0.029418931528925895,0.026224426552653314,0.03442290276288986
rmse,persistence,phihyd_surface,70,0.030977992216746013,0.02609020732343197,0.035264651477336886
rmse,persistence,phihyd_surface,80,0.031150045742591222,0.026520409807562827,0.03484172448515892
rmse,persistence,phihyd_surface,90,0.03239365803698699,0.029249688237905504,0.03540579527616501
rmse,persistence,phihyd_surface,100,0.03225948164860407,0.02844003662467003,0.03502363786101341
rmse,persistence,phihyd_surface,110,0.028799115493893624,0.02590886726975441,0.03185688331723213
rmse,persistence,phihyd_surface,120,0.027389134963353476,0.02412121444940567,0.03053924851119518
rmse,persistence,phihyd_surface,130,0.02531686139603456,0.02194419503211975,0.028098203241825104
rmse,persistence,phihyd_surface,140,0.019774264097213744,0.017686392366886138,0.021753213927149774
rmse,persistence,phihyd_surface,150,0.01693753395229578,0.014315492659807205,0.019125309959053993
rmse,persistence,phihyd_surface,160,0.013396045689781507,0.011218058504164219,0.015376081690192223
rmse,persistence,phihyd_surface,170,0.006632236142953237,0.004543252196162939,0.009211843088269233
rmse,persistence,phihyd_surface,180,0.011823307691762845,0.008746748976409436,0.014190986566245557
rmse,persistence,phihyd_surface,190,0.016097692027688026,0.012788659147918224,0.01925821602344513
rmse,persistence,phihyd_surface,200,0.019039624805251756,0.016452279686927796,0.022971908375620843
rmse,persistence,phihyd_surface,210,0.024049313987294832,0.018796714767813683,0.02754022292792797
rmse,persistence,phihyd_surface,220,0.027587907885511718,0.023236847296357156,0.03174922987818718
rmse,persistence,phihyd_surface,230,0.030012928321957587,0.026738087832927703,0.03505796864628792
rmse,persistence,phihyd_surface,240,0.031689587111274405,0.026756518334150315,0.03599748238921165
rmse,persistence,phihyd_surface,250,0.03183698778351148,0.026816593855619433,0.035109365731477736
rmse,persistence,phihyd_surface,260,0.03293548077344895,0.029743649438023566,0.03579128310084343
rmse,persistence,phihyd_surface,270,0.03314891681075096,0.02931418754160404,0.03606499060988426
rmse,persistence,phihyd_surface,280,0.029847001532713573,0.0267690934240818,0.03242136910557747
rmse,persistence,phihyd_surface,290,0.028183861325184505,0.025087203085422515,0.031074604764580727
rmse,persistence,phihyd_surface,300,0.02646376925210158,0.02315697483718395,0.029269886016845704
rmse,persistence,phihyd_surface,310,0.021231967210769653,0.019354835525155066,0.02302424907684326
rmse,persistence,phihyd_surface,320,0.018106472430129847,0.015506014041602612,0.01979845352470875
rmse,persistence,phihyd_surface,330,0.01524729256828626,0.013539195992052555,0.017163263633847237
rmse,persistence,phihyd_surface,340,0.009172300497690836,0.008277679421007633,0.010142106376588345
rmse,persistence,phihyd_surface,350,0.012626016202072302,0.010895662382245064,0.01424255259335041
rmse,persistence,phihyd_surface,360,0.016900581556061903,0.014311446994543075,0.019180769473314284
rmse,persistence,phihyd_surface,370,0.019475867599248887,0.01741660721600056,0.02277185507118702
rmse,persistence,phihyd_surface,380,0.024261447663108508,0.019709407538175582,0.027329936623573303
rmse,persistence,phihyd_surface,390,0.027897535264492034,0.023581895604729654,0.031319548934698106
rmse,persistence,phihyd_surface,400,0.030309210593501727,0.02748127430677414,0.03459388166666031
rmse,persistence,phihyd_surface,410,0.03214511411885421,0.027954702824354173,0.035905007272958755
rmse,persistence,phihyd_surface,420,0.03233402135471503,0.02764187306165695,0.035950297862291335
rmse,persistence,phihyd_surface,430,0.033307912200689314,0.030546346306800844,0.035950638353824615
rmse,persistence,phihyd_surface,440,0.03383823161323865,0.03021205998957157,0.0365279532968998
rmse,persistence,phihyd_surface,450,0.030779794106880823,0.027307901158928873,0.032785499840974806
rmse,persistence,phihyd_surface,460,0.02894703547159831,0.026230430975556374,0.03116188570857048
rmse,persistence,phihyd_surface,470,0.02760178173581759,0.02469240389764309,0.030172185972332954
rmse,persistence,phihyd_surface,480,0.02272682897746563,0.020048889517784118,0.02528516240417957
rmse,persistence,phihyd_surface,490,0.019417044272025428,0.016272091865539552,0.021892016753554344
rmse,persistence,phihyd_surface,500,0.017260719339052835,0.015129698440432549,0.01884107030928135
rmse,persistence,phihyd_surface,510,0.011779833336671193,0.009526276774704457,0.013660268858075142
rmse,persistence,phihyd_surface,520,0.01391870112468799,0.012113799154758454,0.015439272671937943
rmse,persistence,phihyd_surface,530,0.018156616762280465,0.015942785143852233,0.02013680264353752
rmse,persistence,phihyd_surface,540,0.020421225329240164,0.018827595934271812,0.022957587242126466
rmse,persistence,phihyd_surface,550,0.024809945747256278,0.02096293680369854,0.027190107852220535
rmse,persistence,phihyd_surface,560,0.02843542570869128,0.023658309131860733,0.03112570159137249
rmse,persistence,phihyd_surface,570,0.030779243633151054,0.027541660144925116,0.03446303009986877
rmse,persistence,phihyd_surface,580,0.03265571718414625,0.02897219583392143,0.03620849773287773
rmse,persistence,phihyd_surface,590,0.032802363485097887,0.027523193135857583,0.03677690252661705
rmse,persistence,phihyd_surface,600,0.033551944916447,0.030697905272245408,0.03678645119071007
rmse,persistence,phihyd_surface,610,0.03424744568765163,0.0310493066906929,0.03741757646203041
rmse,persistence,phihyd_surface,620,0.03135509664813677,0.027554421871900558,0.03337596729397774
rmse,persistence,phihyd_surface,630,0.02914568061629931,0.026937657967209816,0.03138257786631584
rmse,persistence,phihyd_surface,640,0.02790232685705026,0.024986476078629492,0.030949989333748817
rmse,persistence,phihyd_surface,650,0.023206911236047744,0.021199171990156175,0.025984431430697442
rmse,persistence,phihyd_surface,660,0.019351106509566306,0.01687808334827423,0.020489643141627312
rmse,persistence,phihyd_surface,670,0.01725222890575727,0.01557402554899454,0.01944032162427902
rmse,persistence,phihyd_surface,680,0.01146235807488362,0.010601694881916045,0.012516424432396889
rmse,persistence,phihyd_surface,690,0.012502745849390824,0.011320210061967373,0.013603144697844982
rmse,persistence,phihyd_surface,700,0.017156605236232282,0.014448689110577107,0.019511164724826814
rmse,persistence,phihyd_surface,710,0.019412266835570336,0.01696406714618206,0.022555357590317727
rmse,persistence,phihyd_surface,720,0.023811874662836394,0.019789475202560424,0.02680824026465416
rmse,persistence,phihyd_surface,730,0.027788942307233812,0.022916229069232942,0.0312685176730156
rmse,persistence,phihyd_surface,740,0.030279692262411118,0.027352772653102875,0.03478817045688629
rmse,persistence,phihyd_surface,750,0.03238491391142209,0.028307559341192244,0.036872217804193495
rmse,persistence,phihyd_surface,760,0.03279062112172445,0.027859998121857642,0.03653308302164078
rmse,persistence,phihyd_surface,770,0.033523587385813396,0.030944444611668585,0.0361083023250103
rmse,persistence,phihyd_surface,780,0.03455326197048028,0.0312642939388752,0.037987370043992996
rmse,persistence,phihyd_surface,790,0.03215041520694892,0.028641016408801078,0.034128396213054656
rmse,persistence,phihyd_surface,800,0.029822831973433495,0.0277636643499136,0.03217482194304466
rmse,persistence,phihyd_surface,810,0.02892669936021169,0.026167741790413857,0.03215961307287216
rmse,persistence,phihyd_surface,820,0.024883761753638586,0.023523998633027076,0.027094386145472528
rmse,persistence,phihyd_surface,830,0.02104124240577221,0.01915645822882652,0.022344033047556878
rmse,persistence,phihyd_surface,840,0.019507469485203426,0.018181844055652617,0.021229855343699457
rmse,persistence,phihyd_surface,850,0.01483286488801241,0.013707287609577179,0.01598438769578934
rmse,persistence,phihyd_surface,860,0.014957618713378907,0.013781049847602844,0.015947993099689483
rmse,persistence,phihyd_surface,870,0.019233235840996107,0.01630372926592827,0.021268192678689957
rmse,persistence,phihyd_surface,880,0.021335350597898164,0.019196679070591926,0.024101774767041208
rmse,persistence,phihyd_surface,890,0.025222550829251608,0.0218167319893837,0.027693600952625276
rmse,persistence,phihyd_surface,900,0.029157927880684536,0.02413007952272892,0.03260806500911713
rmse,persistence,phihyd_surface,910,0.031583875169356665,0.028506096079945566,0.036103449016809466
rmse,persistence,phihyd_surface,920,0.033679926147063576,0.029720456898212434,0.038388483226299286
rmse,persistence,phihyd_surface,930,0.034199609359105425,0.02950829789042473,0.03808400928974152
rmse,persistence,phihyd_surface,940,0.0347293737034003,0.03197851777076721,0.037156792730093
rmse,persistence,phihyd_surface,950,0.03583508481582006,0.032860317081212995,0.0392012894153595
rmse,persistence,phihyd_surface,960,0.0338437436769406,0.03047347590327263,0.03581198155879974
rmse,persistence,phihyd_surface,970,0.03130990937352181,0.029526497051119805,0.03358913511037827
rmse,persistence,phihyd_surface,980,0.030522485822439195,0.027942517027258872,0.03377858325839043
rmse,persistence,phihyd_surface,990,0.026986476530631385,0.02586021237075329,0.029140901193022727
rmse,persistence,phihyd_surface,1000,0.02300859900812308,0.0212261576205492,0.02482767589390278
rmse,persistence,phihyd_surface,1010,0.02168862596154213,0.020151391625404358,0.023360245302319525
rmse,persistence,phihyd_surface,1020,0.01768081064025561,0.0171160988509655,0.018340934067964554
rmse,persistence,phihyd_surface,1030,0.016994884982705117,0.01616986617445946,0.017573219910264015
rmse,persistence,phihyd_surface,1040,0.020957665145397188,0.019063057005405427,0.022584790363907814
rmse,persistence,phihyd_surface,1050,0.022972481325268745,0.021084192395210265,0.02478027381002903
rmse,persistence,phihyd_surface,1060,0.026383720462520917,0.024433116987347604,0.028462260589003564
rmse,persistence,phihyd_surface,1070,0.030296813199917474,0.026173819229006766,0.03253033384680748
rmse,persistence,phihyd_surface,1080,0.0327301266292731,0.02992173843085766,0.03573865592479706
rmse,persistence,phihyd_surface,1090,0.03486239661773046,0.03127204589545727,0.03828358948230744
rmse,persistence,phihyd_surface,1100,0.03556743400792281,0.0317968737334013,0.039331696927547455
rmse,persistence,phihyd_surface,1110,0.03596480712294579,0.033515043556690216,0.03838248401880264
rmse,persistence,phihyd_surface,1120,0.037135319660107295,0.0341089703142643,0.039860257506370546
rmse,persistence,phihyd_surface,1130,0.03558195742468039,0.03210391849279404,0.038269539922475816
rmse,persistence,phihyd_surface,1140,0.03294844689468543,0.031129085272550584,0.035710010677576065
rmse,persistence,phihyd_surface,1150,0.03229650172094504,0.029419141262769698,0.03467889279127121
rmse,persistence,phihyd_surface,1160,0.029325086747606595,0.027425892651081085,0.03185852020978928
rmse,persistence,phihyd_surface,1170,0.025359415511290232,0.0223335362970829,0.028381716459989548
rmse,persistence,phihyd_surface,1180,0.02420365735888481,0.021629226580262183,0.02570384293794632
rmse,persistence,phihyd_surface,1190,0.02083688465257486,0.01897690035402775,0.02256788909435272
rmse,persistence,phihyd_surface,1200,0.019511843596895537,0.0172846969217062,0.021360153332352638
rmse,persistence,phihyd_surface,1210,0.022966912885506948,0.020974411442875863,0.024698641523718833
rmse,persistence,phihyd_surface,1220,0.024843873580296834,0.022842638567090033,0.026731425896286964
rmse,persistence,phihyd_surface,1230,0.02760617497066657,0.025643230974674226,0.028858735412359237
rmse,persistence,phihyd_surface,1240,0.031217039624849955,0.026956301555037497,0.03401622697710991
rmse,persistence,phihyd_surface,1250,0.03349475661913554,0.030190344899892807,0.036481267958879474
rmse,persistence,phihyd_surface,1260,0.03548291996121407,0.032463391125202176,0.038763925433158875
rmse,persistence,phihyd_surface,1270,0.03622281079490979,0.031922328472137454,0.03985166549682617
rmse,persistence,phihyd_surface,1280,0.036391102025906244,0.03295055627822876,0.039516917616128924
rmse,persistence,phihyd_surface,1290,0.03749302874008815,0.0346080906689167,0.040562228113412854
rmse,persistence,phihyd_surface,1300,0.03630220418175061,0.03311789929866791,0.0390614002943039
rmse,persistence,phihyd_surface,1310,0.03343285756806533,0.03145480751991272,0.03595082312822342
rmse,persistence,phihyd_surface,1320,0.032589850823084514,0.029781357571482658,0.03559354543685913
rmse,persistence,phihyd_surface,1330,0.02989503207306067,0.027891645580530165,0.03225742280483246
rmse,persistence,phihyd_surface,1340,0.025670175378521284,0.023810719326138496,0.0273789893835783
rmse,persistence,phihyd_surface,1350,0.024315149709582328,0.02264484167098999,0.02601938582956791
rmse,persistence,phihyd_surface,1360,0.021203271547953286,0.02033059261739254,0.02229989655315876
rmse,persistence,phihyd_surface,1370,0.019202544912695886,0.01877475716173649,0.019582315534353256
rmse,persistence,phihyd_surface,1380,0.022489376117785773,0.020821575820446015,0.024073277413845063
rmse,persistence,phihyd_surface,1390,0.024583929404616355,0.022653133794665336,0.026606502011418343
rmse,persistence,phihyd_surface,1400,0.027215592687328656,0.02533154934644699,0.02960168309509754
rmse,persistence,phihyd_surface,1410,0.031093947341044745,0.0266569834202528,0.03389505669474602
rmse,persistence,phihyd_surface,1420,0.033645895992716154,0.030564599111676215,0.03676505908370018
rmse,persistence,phihyd_surface,1430,0.0357648362716039,0.03293171301484108,0.039831303805112836
rmse,persistence,phihyd_surface,1440,0.03684091418981552,0.032830819487571716,0.04065527021884918
rmse,persistence,phihyd_surface,1450,0.0370574839413166,0.0335024282336235,0.039977063238620755
rmse,persistence,phihyd_surface,1460,0.03824445257584254,0.0353177398443222,0.04120759069919586
rmse,persistence,phihyd_surface,1470,0.03765382294853528,0.03486190885305405,0.0402582012116909
rmse,persistence,phihyd_surface,1480,0.034933980802694956,0.03284262642264366,0.03736530691385269
rmse,persistence,phihyd_surface,1490,0.0341662493844827,0.031553083658218385,0.03738127425312996
rmse,persistence,phihyd_surface,1500,0.032110923528671266,0.029645298421382905,0.034032905101776124
rmse,persistence,phihyd_surface,1510,0.0281651146709919,0.027085895463824273,0.029747981205582617
rmse,persistence,phihyd_surface,1520,0.026868043715755144,0.025429175421595573,0.02878973223268986
rmse,persistence,phihyd_surface,1530,0.02449548455576102,0.023230791091918945,0.025754736363887788
rmse,persistence,phihyd_surface,1540,0.02231584439675013,0.021364734321832658,0.022994916886091232
rmse,persistence,phihyd_surface,1550,0.024981815616289774,0.023270606994628906,0.02631976790726185
rmse,persistence,phihyd_surface,1560,0.027098532890280087,0.02522239610552788,0.02920087017118931
rmse,persistence,phihyd_surface,1570,0.02928162068128586,0.02731477953493595,0.03196834772825241
rmse,persistence,phihyd_surface,1580,0.03290397773186366,0.028763041645288468,0.03551953658461571
rmse,persistence,phihyd_surface,1590,0.0354120671749115,0.03221976384520531,0.03863311111927033
rmse,persistence,phihyd_surface,1600,0.03739361936847369,0.03485353216528893,0.04133057519793511
rmse,persistence,phihyd_surface,1610,0.03857641418774923,0.03461407572031021,0.04188809171319008
rmse,persistence,phihyd_surface,1620,0.038680987308422725,0.03489893153309822,0.04138498902320862
rmse,persistence,phihyd_surface,1630,0.03969701627890269,0.036758401244878766,0.042188648134469986
rmse,persistence,phihyd_surface,1640,0.03945685451229413,0.03669230118393898,0.041643678396940234
rmse,persistence,phihyd_surface,1650,0.036755284667015074,0.03459167182445526,0.03889143243432045
rmse,persistence,phihyd_surface,1660,0.03580593690276146,0.03328031152486801,0.038167980313301084
rmse,persistence,phihyd_surface,1670,0.03415146693587303,0.03202773481607437,0.03612881526350975
rmse,persistence,phihyd_surface,1680,0.030322078118721642,0.028577010333538055,0.0320955827832222
rmse,persistence,phihyd_surface,1690,0.02885657859345277,0.027242830023169518,0.03000202439725399
rmse,persistence,phihyd_surface,1700,0.02696369377275308,0.026158251613378525,0.0279059961438179
rmse,persistence,phihyd_surface,1710,0.02458608311911424,0.023529157787561417,0.025061845034360885
rmse,persistence,phihyd_surface,1720,0.026765187457203864,0.025998124852776527,0.02760164365172386
rmse,persistence,phihyd_surface,1730,0.028983137011528014,0.027615639567375182,0.03012275882065296
rmse,persistence,phihyd_surface,1740,0.030864309147000314,0.029764655232429504,0.03243262320756912
rmse,persistence,phihyd_surface,1750,0.03430485191444556,0.031214124336838723,0.036385031044483186
rmse,persistence,phihyd_surface,1760,0.036879801253477736,0.0340864971280098,0.03917422369122505
rmse,persistence,phihyd_surface,1770,0.038825121521949765,0.036670492589473726,0.04137157574295998
rmse,persistence,phihyd_surface,1780,0.040173110117514926,0.03742381110787392,0.04296167269349098
rmse,persistence,phihyd_surface,1790,0.04028906871875127,0.03697692379355431,0.04323727488517761
rmse,persistence,phihyd_surface,1800,0.0411929560204347,0.038957276940345766,0.04339001402258873
rmse,persistence,phihyd_surface,1810,0.0413031667470932,0.0385241337120533,0.04362638145685196
rmse,persistence,phihyd_surface,1820,0.03877140233914057,0.03622537478804588,0.04139574021100998
rmse,persistence,phihyd_surface,1830,0.03772054041425387,0.03583378940820694,0.03945076018571854
rmse,persistence,phihyd_surface,1840,0.036490966627995176,0.034496673941612245,0.03862573653459549
rmse,persistence,phihyd_surface,1850,0.03290999494493008,0.030423611029982568,0.035226748883724214
rmse,persistence,phihyd_surface,1860,0.031264907618363695,0.02896486297249794,0.032427741587162016
rmse,persistence,phihyd_surface,1870,0.02977820932865143,0.028070341050624847,0.03130779415369034
rmse,persistence,phihyd_surface,1880,0.027287204066912332,0.025437621772289275,0.028844141215085984
rmse,persistence,phihyd_surface,1890,0.02880724680920442,0.027370484545826912,0.03065122663974762
rmse,persistence,phihyd_surface,1900,0.030946833019455274,0.02894211821258068,0.0322759635746479
rmse,persistence,phihyd_surface,1910,0.032394514853755635,0.030985110625624656,0.03370624110102653
rmse,persistence,phihyd_surface,1920,0.03537202775478363,0.03252433016896248,0.03738251477479935
rmse,persistence,phihyd_surface,1930,0.03780812496940295,0.03415103927254677,0.04017809182405472
rmse,persistence,phihyd_surface,1940,0.03957424983382225,0.0369275338947773,0.042310331016778946
rmse,persistence,phihyd_surface,1950,0.04093841512997945,0.03764446824789047,0.0437908448278904
rmse,persistence,phihyd_surface,1960,0.040984607736269635,0.03668266385793686,0.04429667443037033
rmse,persistence,phihyd_surface,1970,0.041677213211854296,0.03903843238949776,0.044561658054590225
rmse,persistence,phihyd_surface,1980,0.04203392490744591,0.03937948271632195,0.044943101704120636
rmse,persistence,phihyd_surface,1990,0.039624132712682086,0.03683935254812241,0.04121319428086281
rmse,persistence,phihyd_surface,2000,0.038242372870445254,0.036230454593896864,0.040171122550964354
rmse,model,sst,0,0.0,0.0,0.0
rmse,model,sst,10,0.006600501605619987,0.005870345141738653,0.007325521111488343
rmse,model,sst,20,0.009090351064999898,0.007895934954285621,0.010069722123444081
rmse,model,sst,30,0.010326156330605348,0.008434191718697548,0.011798057705163956
rmse,model,sst,40,0.011358873546123504,0.009207715094089509,0.013032685220241546
rmse,model,sst,50,0.012024142779409885,0.009821983799338341,0.013982973620295524
rmse,model,sst,60,0.012625953865547974,0.010618840716779232,0.014560501091182232
rmse,model,sst,70,0.013232730329036713,0.010731000825762749,0.015375665202736855
rmse,model,sst,80,0.013730985422929129,0.010921956226229667,0.01597115881741047
rmse,model,sst,90,0.014232460595667362,0.011396594531834125,0.016426340490579606
rmse,model,sst,100,0.014474081993103027,0.012184193916618824,0.01670280732214451
rmse,model,sst,110,0.014721361361443997,0.012830608896911145,0.016724178567528725
rmse,model,sst,120,0.014947018834451835,0.012575510703027249,0.01690114140510559
rmse,model,sst,130,0.0154010945931077,0.012995492853224277,0.017154230549931527
rmse,model,sst,140,0.01595138628035784,0.013635852187871934,0.017469392716884614
rmse,model,sst,150,0.016316270579894383,0.014433684200048447,0.017755816876888274
rmse,model,sst,160,0.01637534194936355,0.01512573529034853,0.01804944984614849
rmse,model,sst,170,0.016562082183857758,0.01557745859026909,0.018082470446825028
rmse,model,sst,180,0.016836570824186006,0.01568344943225384,0.018015120550990103
rmse,model,sst,190,0.017281484231352805,0.016147290542721748,0.018136963620781897
rmse,model,sst,200,0.01768577123681704,0.016811775416135787,0.018446801602840422
rmse,model,sst,210,0.01803177297115326,0.01731101833283901,0.018805430084466935
rmse,model,sst,220,0.018067231525977452,0.01726503185927868,0.019072685018181802
rmse,model,sst,230,0.018315222238500913,0.017105599865317345,0.019714173674583436
rmse,model,sst,240,0.018849413221081097,0.01756928637623787,0.020568842068314552
rmse,model,sst,250,0.019333552569150925,0.018123538792133333,0.021327513456344604
rmse,model,sst,260,0.019595451653003693,0.018272195383906363,0.021784065663814543
rmse,model,sst,270,0.019670017063617706,0.01847907491028309,0.021992054581642148
rmse,model,sst,280,0.019708966712156932,0.018401063233613967,0.02183367647230625
rmse,model,sst,290,0.01984646221001943,0.018780064210295676,0.021545159816741943
rmse,model,sst,300,0.02025098552306493,0.018954290077090263,0.02200869545340538
rmse,model,sst,310,0.02065998502075672,0.019579463824629783,0.022347674891352653
rmse,model,sst,320,0.020831846818327903,0.01904505304992199,0.02280096895992756
rmse,model,sst,330,0.020859536404411,0.019276429340243338,0.02330156750977039
rmse,model,sst,340,0.02102294291059176,0.019867147132754327,0.023549483716487882
rmse,model,sst,350,0.02125589499870936,0.020154260843992234,0.023892311751842497
rmse,model,sst,360,0.02169622331857681,0.02007685974240303,0.02404406443238258
rmse,model,sst,370,0.0220623596260945,0.020210279896855355,0.024270183593034744
rmse,model,sst,380,0.022282186398903527,0.020631569996476175,0.024760736897587773
rmse,model,sst,390,0.022284879659612972,0.02058887332677841,0.025237471982836723
rmse,model,sst,400,0.022490512082974114,0.021088076755404472,0.025232768058776854
rmse,model,sst,410,0.02285047123829524,0.0211849469691515,0.02551201656460762
rmse,model,sst,420,0.023385060826937358,0.021386029943823815,0.025781993940472602
rmse,model,sst,430,0.02387507346769174,0.021570691466331483,0.026272905245423316
rmse,model,sst,440,0.024087108174959817,0.02164459191262722,0.027131832018494603
rmse,model,sst,450,0.024255527183413506,0.02235485166311264,0.027139194309711456
rmse,model,sst,460,0.024735574300090473,0.02311510667204857,0.027334114909172057
rmse,model,sst,470,0.025448201720913253,0.023570425808429718,0.027972997352480888
rmse,model,sst,480,0.02604066046575705,0.023474986478686333,0.028792419657111167
rmse,model,sst,490,0.026567999894420307,0.02342030368745327,0.02975456193089485
rmse,model,sst,500,0.026970680927236874,0.023894045129418374,0.03047567531466484
rmse,model,sst,510,0.027629249542951585,0.02483748272061348,0.03169052451848984
rmse,model,sst,520,0.028293120115995406,0.02548743039369583,0.032659878581762315
rmse,model,sst,530,0.029009451220432917,0.02551211565732956,0.03291257470846176
rmse,model,sst,540,0.029664258783062298,0.02552112191915512,0.033260545879602435
rmse,model,sst,550,0.03038102239370346,0.026323648169636726,0.03404279574751854
rmse,model,sst,560,0.030868070075909297,0.026957423612475395,0.03482589796185493
rmse,model,sst,570,0.03127011731266975,0.02742137536406517,0.034527055174112316
rmse,model,sst,580,0.03175229330857595,0.027993874996900557,0.03489778116345406
rmse,model,sst,590,0.0326566810409228,0.028502257913351058,0.035348749905824664
rmse,model,sst,600,0.03353501372039318,0.028823991492390632,0.03638773933053017
rmse,model,sst,610,0.03402861468493938,0.028945179656147957,0.03726894184947014
rmse,model,sst,620,0.034433588758111,0.02967226170003414,0.037223692238330844
rmse,model,sst,630,0.035227935388684274,0.031127704307436943,0.038110768795013426
rmse,model,sst,640,0.035989962766567865,0.03143215402960777,0.03901868835091591
rmse,model,sst,650,0.036542503039042155,0.031207478046417235,0.03929150253534317
rmse,model,sst,660,0.036960390582680705,0.031832052022218706,0.03963180407881737
rmse,model,sst,670,0.03717199837168058,0.032217462360858914,0.039803643524646756
rmse,model,sst,680,0.03764971221486727,0.033498761057853696,0.04107852354645729
rmse,model,sst,690,0.03809016446272532,0.033980729430913924,0.04204122200608253
rmse,model,sst,700,0.03854967231551806,0.03424515947699547,0.04219261184334755
rmse,model,sst,710,0.03907577743132909,0.03406921625137329,0.042375083267688754
rmse,model,sst,720,0.03972378472487132,0.034751377254724505,0.04270513728260994
rmse,model,sst,730,0.039802470803260805,0.03563724830746651,0.04322478845715523
rmse,model,sst,740,0.03972289015849431,0.03566481471061707,0.04304351657629013
rmse,model,sst,750,0.039971972505251564,0.03654378578066826,0.04280636236071587
rmse,model,sst,760,0.04067398359378179,0.03717647567391395,0.043395877629518506
rmse,model,sst,770,0.04113750581940015,0.03725143149495125,0.0443128727376461
rmse,model,sst,780,0.0411973719795545,0.036856281012296675,0.04510084316134453
rmse,model,sst,790,0.0413328488667806,0.03757484629750252,0.04459402337670326
rmse,model,sst,800,0.04186687469482422,0.03864379450678825,0.04425536617636681
rmse,model,sst,810,0.04219955652952194,0.03847717270255089,0.044869574904441836
rmse,model,sst,820,0.042608048270146054,0.03877200409770012,0.045746101438999175
rmse,model,sst,830,0.04302404498060544,0.038934680819511416,0.04605193808674812
rmse,model,sst,840,0.04326488475004832,0.03966354429721832,0.04542872831225395
rmse,model,sst,850,0.04365086729327838,0.04085627421736717,0.04730177521705627
rmse,model,sst,860,0.04384226923187574,0.040894628316164014,0.04854085817933083
rmse,model,sst,870,0.044325206677118936,0.04101177901029587,0.048483943194150926
rmse,model,sst,880,0.04498261585831642,0.04141632467508316,0.0484026737511158
rmse,model,sst,890,0.04569212943315506,0.041676242649555204,0.04967859610915184
rmse,model,sst,900,0.045586197078227995,0.041823073476552966,0.04985342472791671
rmse,model,sst,910,0.04541709969441096,0.042353826016187666,0.04913317263126373
rmse,model,sst,920,0.045677492519219716,0.04344382360577583,0.04863894209265709
rmse,model,sst,930,0.04629862010478973,0.043818337470293046,0.048791684210300446
rmse,model,sst,940,0.04638361210624377,0.04386150538921356,0.04949224889278412
rmse,model,sst,950,0.04628019034862518,0.043743685632944104,0.049482321739196776
rmse,model,sst,960,0.046461694439252216,0.04472266510128975,0.04925969541072846
rmse,model,sst,970,0.04689425180355708,0.044736537337303164,0.049953256547451017
rmse,model,sst,980,0.04688732971747716,0.04470794275403023,0.0493880495429039
rmse,model,sst,990,0.04714817255735397,0.04446462541818619,0.04951929152011871
rmse,model,sst,1000,0.04764750897884369,0.0442424438893795,0.049505005776882174
rmse,model,sst,1010,0.04787526081005732,0.044268471747636796,0.050567121058702466
rmse,model,sst,1020,0.04803435901800791,0.04528774172067642,0.05242105573415756
rmse,model,sst,1030,0.04798075904448827,0.04538045898079872,0.05153172090649605
rmse,model,sst,1040,0.04851290136575699,0.04544573798775673,0.051643095910549164
rmse,model,sst,1050,0.049380281815926234,0.04532766714692116,0.052692946046590805
rmse,model,sst,1060,0.04983791708946228,0.045711229741573337,0.05388760194182396
rmse,model,sst,1070,0.049460644274950026,0.045701517909765246,0.05371257066726685
rmse,model,sst,1080,0.04942878062526385,0.04604015052318573,0.053321965783834455
rmse,model,sst,1090,0.049840465436379114,0.04598211795091629,0.05290290340781212
rmse,model,sst,1100,0.05022532766064008,0.04652214348316193,0.053565514087677
rmse,model,sst,1110,0.05025776276985804,0.04644635692238808,0.05403208434581756
rmse,model,sst,1120,0.05039184167981148,0.04604931101202965,0.05349138751626015
rmse,model,sst,1130,0.05100300485889117,0.04680972620844841,0.05409567803144455
rmse,model,sst,1140,0.05152075812220573,0.04779386967420578,0.05460407808423042
rmse,model,sst,1150,0.05130001778403918,0.04754723533987999,0.054968959838151935
rmse,model,sst,1160,0.051453696688016255,0.04821145683526993,0.054485957324504855
rmse,model,sst,1170,0.05223042145371437,0.04819406345486641,0.05554795116186142
rmse,model,sst,1180,0.05238640308380127,0.04827676713466644,0.05549541115760803
rmse,model,sst,1190,0.05222892661889394,0.04835357889533043,0.05518316924571991
rmse,model,sst,1200,0.05226594085494677,0.049230466783046725,0.05518687292933464
rmse,model,sst,1210,0.053026798615852994,0.05008084326982498,0.05597914904356003
rmse,model,sst,1220,0.053543456643819806,0.050151377171278,0.05679281204938889
rmse,model,sst,1230,0.05351789047320684,0.050555537641048434,0.05646919161081314
rmse,model,sst,1240,0.053178849071264266,0.05026044249534607,0.05626376494765282
rmse,model,sst,1250,0.05333029727141062,0.04910960122942924,0.057043394446372984
rmse,model,sst,1260,0.05347486212849617,0.05022372454404831,0.05683000236749649
rmse,model,sst,1270,0.053355685869852704,0.05112520456314087,0.055876711010932924
rmse,model,sst,1280,0.05321248422066371,0.051384540647268294,0.05547025799751282
rmse,model,sst,1290,0.05358871420224508,0.0513598658144474,0.05681871548295021
rmse,model,sst,1300,0.05421188771724701,0.05206955373287201,0.056813695281744
rmse,model,sst,1310,0.05414688164989154,0.05250440239906311,0.05562523081898689
rmse,model,sst,1320,0.053584121912717816,0.051561255007982254,0.0547787606716156
rmse,model,sst,1330,0.05391508092482885,0.05254039317369461,0.055598857998847964
rmse,model,sst,1340,0.054748249053955075,0.053055498749017715,0.056527874618768695
rmse,model,sst,1350,0.05468445519606272,0.053010454028844835,0.05676308274269104
rmse,model,sst,1360,0.05428838183482488,0.05245982557535171,0.055607739835977554
rmse,model,sst,1370,0.05457703694701195,0.05203041210770607,0.056880852580070494
rmse,model,sst,1380,0.055256178975105284,0.0524428702890873,0.057961099594831464
rmse,model,sst,1390,0.05540627563993136,0.05293958634138107,0.05755982622504234
rmse,model,sst,1400,0.05517511417468389,0.05388396978378296,0.057360494136810304
rmse,model,sst,1410,0.055133140087127684,0.052421188354492186,0.05815006867051124
rmse,model,sst,1420,0.0553717369834582,0.051906097680330276,0.057778312265872954
rmse,model,sst,1430,0.05549535304307938,0.05281861647963524,0.058217035979032515
rmse,model,sst,1440,0.05539929072062175,0.05325541719794273,0.0582484744489193
rmse,model,sst,1450,0.0555765559275945,0.05340749621391296,0.05730443224310875
rmse,model,sst,1460,0.056142364939053856,0.05417631641030311,0.0584917776286602
rmse,model,sst,1470,0.056825381517410276,0.0549835167825222,0.05837295427918434
rmse,model,sst,1480,0.05661304295063019,0.05416645631194115,0.05970291718840599
rmse,model,sst,1490,0.05641240502397219,0.053987973183393476,0.05895252153277397
rmse,model,sst,1500,0.05736467813452085,0.054866873472929,0.05967613160610199
rmse,model,sst,1510,0.05826553131143252,0.05674424767494202,0.0603943906724453
rmse,model,sst,1520,0.0579421820739905,0.0559051126241684,0.06023195907473564
rmse,model,sst,1530,0.057743217796087265,0.0557249665260315,0.05909683406352997
rmse,model,sst,1540,0.05848202680548032,0.054326537251472476,0.06075719147920609
rmse,model,sst,1550,0.05903132433692614,0.055360797047615054,0.062096967548131946
rmse,model,sst,1560,0.05893178035815557,0.056191714107990266,0.06181852295994759
rmse,model,sst,1570,0.058713516344626744,0.056187719106674194,0.061152590066194536
rmse,model,sst,1580,0.05900948196649551,0.054631203413009644,0.06220538467168808
rmse,model,sst,1590,0.05917690545320511,0.054280225187540054,0.06277144402265548
rmse,model,sst,1600,0.05896563579638799,0.05535177588462829,0.061104562133550644
rmse,model,sst,1610,0.05892001017928124,0.05561433359980583,0.06266732811927796
rmse,model,sst,1620,0.05915560697515806,0.05622786656022072,0.06284803599119186
rmse,model,sst,1630,0.05921241566538811,0.05656789168715477,0.06148519366979599
rmse,model,sst,1640,0.059527980039517085,0.05625727400183678,0.06283629536628724
rmse,model,sst,1650,0.05957041233778,0.05726285874843597,0.06313926130533218
rmse,model,sst,1660,0.05958061714967092,0.05798911675810814,0.06258936673402786
rmse,model,sst,1670,0.06008797809481621,0.05722486823797226,0.06347284317016602
rmse,model,sst,1680,0.060538819928963976,0.05789390951395035,0.06349600702524186
rmse,model,sst,1690,0.06006686414281527,0.057638369500637054,0.06215307340025902
rmse,model,sst,1700,0.059969519078731534,0.05803574770689011,0.06268694400787353
rmse,model,sst,1710,0.06054224992791812,0.057687580585479736,0.06356878429651261
rmse,model,sst,1720,0.06068302045265834,0.056653913110494614,0.06454661786556244
rmse,model,sst,1730,0.06043738002578417,0.05675810948014259,0.06399810612201691
rmse,model,sst,1740,0.06032898748914401,0.057794736325740816,0.06396284848451614
rmse,model,sst,1750,0.060692700743675235,0.05736798718571663,0.0642670065164566
rmse,model,sst,1760,0.06076819722851117,0.05691253691911698,0.06506287157535554
rmse,model,sst,1770,0.06040209432442983,0.05557025372982025,0.0648435652256012
rmse,model,sst,1780,0.06066314180692037,0.05620585829019546,0.0641326665878296
rmse,model,sst,1790,0.06090063278873761,0.05828962400555611,0.06437151283025741
rmse,model,sst,1800,0.06084338029225667,0.05775590091943741,0.06458520293235778
rmse,model,sst,1810,0.061105943719546,0.05722461491823196,0.06395556181669235
rmse,model,sst,1820,0.0615154301126798,0.05846835002303123,0.06376136541366577
rmse,model,sst,1830,0.06155960882703463,0.0588922031223774,0.06410574913024902
rmse,model,sst,1840,0.06161836584409078,0.05949487090110779,0.06425043195486069
rmse,model,sst,1850,0.06233276948332787,0.05943903401494026,0.0647080272436142
rmse,model,sst,1860,0.0621560533841451,0.05953049510717392,0.06488033384084702
rmse,model,sst,1870,0.061967627704143526,0.059744490683078764,0.06542181223630905
rmse,model,sst,1880,0.06215007950862249,0.0589985728263855,0.06517435312271118
rmse,model,sst,1890,0.0623593012491862,0.05829059481620789,0.06572324484586715
rmse,model,sst,1900,0.06201126625140508,0.05786464735865593,0.0657053142786026
rmse,model,sst,1910,0.062133589386940004,0.05925271958112717,0.06601249575614929
rmse,model,sst,1920,0.06235952973365784,0.058007270097732544,0.06629787534475326
rmse,model,sst,1930,0.06231778214375178,0.05768953040242195,0.06696155369281769
rmse,model,sst,1940,0.06165063927570979,0.056606031209230426,0.06663109958171845
rmse,model,sst,1950,0.06181767260034879,0.05757810026407242,0.06609465777873993
rmse,model,sst,1960,0.061698428044716515,0.05789822489023209,0.06445325016975403
rmse,model,sst,1970,0.06151644637187322,0.057891613245010375,0.06385756880044938
rmse,model,sst,1980,0.06142191117008527,0.0579382412135601,0.06440610736608506
rmse,model,sst,1990,0.06169697940349579,0.05823627933859825,0.06603800505399704
rmse,model,sst,2000,0.061412229637304944,0.059154240787029265,0.06482312530279159
rmse,climatology,sst,0,0.03851603989799817,0.036900915950536725,0.03973420113325119
rmse,climatology,sst,10,0.03781576032439868,0.035535778850317,0.04006939306855202
rmse,climatology,sst,20,0.03781564633051555,0.03527504801750183,0.03965738043189049
rmse,climatology,sst,30,0.03884542236725489,0.03711217045783997,0.04016238525509834
rmse,climatology,sst,40,0.03886417100826899,0.036503059417009355,0.04012349918484688
rmse,climatology,sst,50,0.03842119152347247,0.03684120923280716,0.040487205237150194
rmse,climatology,sst,60,0.038532724728186925,0.03676047548651695,0.03974761813879013
rmse,climatology,sst,70,0.03861062526702881,0.03658171072602272,0.03990474119782448
rmse,climatology,sst,80,0.03843752220273018,0.03549491465091705,0.040605226159095766
rmse,climatology,sst,90,0.038854054858287176,0.036740957945585254,0.04068373143672943
rmse,climatology,sst,100,0.03913060203194618,0.03746839314699173,0.04064115881919861
rmse,climatology,sst,110,0.038527952631314595,0.036318307369947435,0.04059659689664841
rmse,climatology,sst,120,0.038027372459570566,0.03586315289139748,0.0394700713455677
rmse,climatology,sst,130,0.038665489355723066,0.03592869713902473,0.041383955627679825
rmse,climatology,sst,140,0.039239687472581865,0.036676251143217084,0.04050481840968132
rmse,climatology,sst,150,0.038672966261704765,0.03681488856673241,0.04060835912823677
rmse,climatology,sst,160,0.038775215049584706,0.03723837658762932,0.040503659099340436
rmse,climatology,sst,170,0.039168488482634226,0.03759124279022217,0.04178773984313011
rmse,climatology,sst,180,0.03855066696802775,0.036078120768070224,0.04145420491695404
rmse,climatology,sst,190,0.038436446835597354,0.03508598729968071,0.04066128954291344
rmse,climatology,sst,200,0.0394647940993309,0.036680477857589724,0.041797037422657016
rmse,climatology,sst,210,0.03957072248061498,0.03776433765888214,0.041832901537418365
rmse,climatology,sst,220,0.03909092421332995,0.036948248744010925,0.04226228818297386
rmse,climatology,sst,230,0.0390734667579333,0.0364606112241745,0.04218714982271195
rmse,climatology,sst,240,0.03917079468568166,0.03684882670640945,0.04135345071554184
rmse,climatology,sst,250,0.03887764786680539,0.03601968958973885,0.04050496593117714
rmse,climatology,sst,260,0.03917609577377637,0.03798637166619301,0.040682753175497056
rmse,climatology,sst,270,0.039376326153675714,0.038016805052757265,0.04026465639472008
rmse,climatology,sst,280,0.038794286797444025,0.03677078634500504,0.04094310775399208
rmse,climatology,sst,290,0.038082990298668545,0.03610694259405136,0.03996110782027244
rmse,climatology,sst,300,0.03855792060494423,0.036393004655838015,0.04027100950479508
rmse,climatology,sst,310,0.03909511292974154,0.03693906888365746,0.04035145044326782
rmse,climatology,sst,320,0.0385559377570947,0.035903166979551315,0.04054376631975174
rmse,climatology,sst,330,0.038458637644847235,0.036419297009706496,0.040279462933540344
rmse,climatology,sst,340,0.03889277602235476,0.03813767284154892,0.04028479382395744
rmse,climatology,sst,350,0.03829583351810773,0.03620692789554596,0.04042485803365707
rmse,climatology,sst,360,0.03801253587007523,0.0353331096470356,0.04003552868962288
rmse,climatology,sst,370,0.03899626980225245,0.03700552806258202,0.04077000319957733
rmse,climatology,sst,380,0.03922013441721598,0.03726558610796928,0.04051142260432243
rmse,climatology,sst,390,0.03877046083410581,0.036696947365999225,0.040697024762630464
rmse,climatology,sst,400,0.038720737646023434,0.03687774837017059,0.040412505716085435
rmse,climatology,sst,410,0.03890338738759359,0.037442931532859804,0.03990479111671448
rmse,climatology,sst,420,0.03862849101424217,0.03570310994982719,0.04073374420404434
rmse,climatology,sst,430,0.03898104305068652,0.03696275129914284,0.04086991548538208
rmse,climatology,sst,440,0.03930189808209737,0.03799036368727684,0.04072136431932449
rmse,climatology,sst,450,0.03894876663883527,0.03640907928347588,0.040656764060258865
rmse,climatology,sst,460,0.03825824384888013,0.036514648050069806,0.04025536999106407
rmse,climatology,sst,470,0.03877248962720235,0.03703045547008514,0.04073928892612457
rmse,climatology,sst,480,0.039432907849550246,0.03718254044651985,0.04120938256382942
rmse,climatology,sst,490,0.03910219445824623,0.03598805442452431,0.042047418653964996
rmse,climatology,sst,500,0.03896090015769005,0.03619916662573815,0.04198901355266571
rmse,climatology,sst,510,0.03955008710424105,0.03837437406182289,0.04066052809357643
rmse,climatology,sst,520,0.03911329160133998,0.03742280900478363,0.04084525927901268
rmse,climatology,sst,530,0.03873288556933403,0.03587512746453285,0.0410590834915638
rmse,climatology,sst,540,0.03964851722121239,0.037656379491090776,0.04230037331581116
rmse,climatology,sst,550,0.04000753164291382,0.03751448392868042,0.04169944748282432
rmse,climatology,sst,560,0.03959584832191467,0.037057044357061385,0.041694610565900805
rmse,climatology,sst,570,0.03949484924475352,0.03886979669332504,0.04084833189845085
rmse,climatology,sst,580,0.039695824434359865,0.03862956464290619,0.0410238653421402
rmse,climatology,sst,590,0.039367585877577466,0.035953227430582047,0.04187123104929924
rmse,climatology,sst,600,0.03965748250484467,0.03702503591775894,0.04253181517124176
rmse,climatology,sst,610,0.040002467731634773,0.03811360076069832,0.041948482394218445
rmse,climatology,sst,620,0.039779138813416166,0.03736575990915299,0.04117407277226448
rmse,climatology,sst,630,0.038968556374311444,0.03725899308919907,0.04073019623756409
rmse,climatology,sst,640,0.03930319423476855,0.037986265122890474,0.040718131512403485
rmse,climatology,sst,650,0.039859251429637275,0.03878151848912239,0.04194410517811775
rmse,climatology,sst,660,0.03952638184030851,0.03651728853583336,0.04156668484210968
rmse,climatology,sst,670,0.03908563256263733,0.036287394165992734,0.04117891639471054
rmse,climatology,sst,680,0.03952408457795779,0.038457346707582475,0.04099954441189766
rmse,climatology,sst,690,0.03906241456667582,0.037071704119443896,0.04066969230771065
rmse,climatology,sst,700,0.038516459862391154,0.035813777893781665,0.040613953769207
rmse,climatology,sst,710,0.039304149647553764,0.03764658346772194,0.04110327363014221
rmse,climatology,sst,720,0.03976966341336568,0.0380713015794754,0.04075989574193954
rmse,climatology,sst,730,0.03935083349545797,0.03777039721608162,0.04104299247264862
rmse,climatology,sst,740,0.03916231741507848,0.03754429146647453,0.041119348257780075
rmse,climatology,sst,750,0.03940478637814522,0.038147857040166856,0.040616422146558764
rmse,climatology,sst,760,0.039120070884625116,0.03617736771702766,0.04096054136753082
rmse,climatology,sst,770,0.03937878708044688,0.03711293861269951,0.041416078060865405
rmse,climatology,sst,780,0.039727876583735146,0.03837566822767258,0.04114457592368126
rmse,climatology,sst,790,0.039627980440855026,0.03752958625555038,0.04143806397914886
rmse,climatology,sst,800,0.038782234241565065,0.0370381660759449,0.041337674111127855
rmse,climatology,sst,810,0.03910851130882899,0.037473367899656294,0.04040670916438103
rmse,climatology,sst,820,0.039829529573520026,0.03779711872339249,0.041122731566429135
rmse,climatology,sst,830,0.03980964124202728,0.03829002156853676,0.04140245988965034
rmse,climatology,sst,840,0.03939596985777219,0.03832131624221802,0.04104635044932366
rmse,climatology,sst,850,0.03995481679836909,0.03853539302945137,0.04127385467290878
rmse,climatology,sst,860,0.039733297377824786,0.03720280304551125,0.04287215024232864
rmse,climatology,sst,870,0.03923556183775266,0.035869503021240236,0.04250720888376236
rmse,climatology,sst,880,0.03998217657208443,0.03746035695075989,0.04215587601065636
rmse,climatology,sst,890,0.04059510280688604,0.039760810881853105,0.04271698072552681
rmse,climatology,sst,900,0.04019556219379107,0.03850667327642441,0.04337859600782394
rmse,climatology,sst,910,0.03989854628841082,0.037561652809381486,0.043544397503137586
rmse,climatology,sst,920,0.04013536920150121,0.038505513966083524,0.04249098300933838
rmse,climatology,sst,930,0.03985231344898542,0.03707718476653099,0.041866686940193173
rmse,climatology,sst,940,0.03996626064181328,0.03792163133621216,0.041613074392080306
rmse,climatology,sst,950,0.040232813855012255,0.038425957411527635,0.04149194285273552
rmse,climatology,sst,960,0.040158663193384805,0.03854202926158905,0.042226304113864896
rmse,climatology,sst,970,0.03918878982464472,0.03715727999806404,0.04082603827118873
rmse,climatology,sst,980,0.03928936496376991,0.0376300074160099,0.041085734218358996
rmse,climatology,sst,990,0.03987719764312108,0.03781002908945084,0.04115330651402473
rmse,climatology,sst,1000,0.039874761303265886,0.037740858644247054,0.041589502990245816
rmse,climatology,sst,1010,0.0392499104142189,0.037231330573558805,0.041301003843545916
rmse,climatology,sst,1020,0.039717013388872145,0.03854494467377663,0.040980149805545804
rmse,climatology,sst,1030,0.03954687714576721,0.037759315222501755,0.04097777083516121
rmse,climatology,sst,1040,0.03890643840034803,0.036052112281322476,0.04103891253471374
rmse,climatology,sst,1050,0.039469156165917715,0.03751822337508202,0.041433630883693694
rmse,climatology,sst,1060,0.04021712616086006,0.03883202746510506,0.04164064526557922
rmse,climatology,sst,1070,0.03993442033727964,0.03814382255077362,0.041690414398908617
rmse,climatology,sst,1080,0.03965704441070557,0.03799668326973915,0.0417534850537777
rmse,climatology,sst,1090,0.0400091474254926,0.03840900659561157,0.04128861352801323
rmse,climatology,sst,1100,0.03988728548089663,0.0380250409245491,0.04136604815721512
rmse,climatology,sst,1110,0.04004949604471524,0.03832425624132156,0.041781171411275866
rmse,climatology,sst,1120,0.04051530063152313,0.038191231340169905,0.04256749004125595
rmse,climatology,sst,1130,0.04074862226843834,0.03845600560307503,0.042804069072008136
rmse,climatology,sst,1140,0.039990871647993725,0.037374015897512436,0.042447373270988464
rmse,climatology,sst,1150,0.040127280602852505,0.03800106793642044,0.04307130351662636
rmse,climatology,sst,1160,0.040812643120686214,0.038356625288724897,0.04348862320184708
rmse,climatology,sst,1170,0.04098827491203944,0.03794790208339691,0.044494444876909255
rmse,climatology,sst,1180,0.04037984137733777,0.037032654881477355,0.04429437294602394
rmse,climatology,sst,1190,0.04089593191941579,0.038904211670160296,0.04311558529734612
rmse,climatology,sst,1200,0.04090653533736865,0.039687664806842805,0.04303414896130562
rmse,climatology,sst,1210,0.04022831122080485,0.03795699179172516,0.04303555563092232
rmse,climatology,sst,1220,0.0406055711209774,0.0386480376124382,0.04354520067572594
rmse,climatology,sst,1230,0.04142464299996694,0.03902117013931274,0.04387813061475754
rmse,climatology,sst,1240,0.04124600440263748,0.03895829021930695,0.043735826015472413
rmse,climatology,sst,1250,0.04090488776564598,0.0388765349984169,0.04278057962656021
rmse,climatology,sst,1260,0.04113015905022621,0.03962922841310501,0.043442442268133166
rmse,climatology,sst,1270,0.040894715487957,0.03801743164658546,0.044094021618366244
rmse,climatology,sst,1280,0.04074158991376559,0.03764265552163124,0.04467112049460411
rmse,climatology,sst,1290,0.04101137245694796,0.03830147460103035,0.0442747101187706
rmse,climatology,sst,1300,0.041083073864380516,0.03894828259944916,0.04331532046198845
rmse,climatology,sst,1310,0.040142641464869185,0.038007428497076036,0.04188031703233719
rmse,climatology,sst,1320,0.039929024130105975,0.0386287622153759,0.041480475664138795
rmse,climatology,sst,1330,0.040433295319477716,0.03881743773818016,0.04181225821375847
rmse,climatology,sst,1340,0.04057931676506996,0.03826235830783844,0.04248681142926216
rmse,climatology,sst,1350,0.03980102116862933,0.03716800212860107,0.042031672596931455
rmse,climatology,sst,1360,0.04014320249358813,0.03893999233841896,0.04183062613010406
rmse,climatology,sst,1370,0.04018904318412145,0.038323008269071576,0.04137372896075249
rmse,climatology,sst,1380,0.0394639161725839,0.0370161235332489,0.04157543033361435
rmse,climatology,sst,1390,0.03968385681509971,0.03748329654335976,0.041292347759008405
rmse,climatology,sst,1400,0.04057432810465495,0.039379685372114184,0.04187999814748764
rmse,climatology,sst,1410,0.04046142647663752,0.03829950541257858,0.04179715439677238
rmse,climatology,sst,1420,0.0400787723561128,0.038386411219835284,0.04202195554971695
rmse,climatology,sst,1430,0.04032147005200386,0.03893178701400757,0.04163531512022019
rmse,climatology,sst,1440,0.04028454174598058,0.03841204047203064,0.04154019057750702
rmse,climatology,sst,1450,0.04020405088861783,0.03769596815109253,0.04220611453056335
rmse,climatology,sst,1460,0.040654470771551134,0.03888170048594475,0.04225556030869484
rmse,climatology,sst,1470,0.040912848462661106,0.03920854777097702,0.04254038855433464
rmse,climatology,sst,1480,0.040197692314783734,0.03783303052186966,0.04247070848941803
rmse,climatology,sst,1490,0.03997199237346649,0.0379866786301136,0.04120429083704948
rmse,climatology,sst,1500,0.04065163681904475,0.03800183087587357,0.0432118259370327
rmse,climatology,sst,1510,0.0410922721028328,0.038963576406240465,0.042476384341716765
rmse,climatology,sst,1520,0.04049774681528409,0.03893643990159035,0.042148028314113614
rmse,climatology,sst,1530,0.040846307575702664,0.03912407010793686,0.042745080590248105
rmse,climatology,sst,1540,0.04111018230517705,0.03915370181202889,0.0440746046602726
rmse,climatology,sst,1550,0.040494545549154284,0.03769119381904602,0.04389810562133789
rmse,climatology,sst,1560,0.040568289409081144,0.037044412642717364,0.043129979819059375
rmse,climatology,sst,1570,0.041483786702156064,0.039007415622472764,0.043990501761436464
rmse,climatology,sst,1580,0.04140189290046692,0.03973371610045433,0.04432077184319496
rmse,climatology,sst,1590,0.04090306237339973,0.03864916041493416,0.04463358521461487
rmse,climatology,sst,1600,0.04095824509859085,0.03846440985798836,0.04391901046037674
rmse,climatology,sst,1610,0.04088143482804298,0.038754602521657945,0.04301354736089706
rmse,climatology,sst,1620,0.04057071730494499,0.03840754330158234,0.04208210557699203
rmse,climatology,sst,1630,0.04086758693059286,0.03950523287057876,0.04230224788188934
rmse,climatology,sst,1640,0.041041891525189084,0.03978301510214806,0.04245786219835281
rmse,climatology,sst,1650,0.04033667047818502,0.038541074842214584,0.041922514140605924
rmse,climatology,sst,1660,0.039856387923161186,0.03810471147298813,0.04149398133158684
rmse,climatology,sst,1670,0.04039597784479459,0.038034217059612276,0.04188908562064171
rmse,climatology,sst,1680,0.04079273591438929,0.03872290253639221,0.042056252062320706
rmse,climatology,sst,1690,0.040143640836079915,0.037588247656822206,0.04208428636193275
rmse,climatology,sst,1700,0.04030028134584427,0.038772077113389966,0.041965342313051227
rmse,climatology,sst,1710,0.040589771668116253,0.03948519602417946,0.04189821407198906
rmse,climatology,sst,1720,0.0399562897781531,0.03782509565353394,0.042029937356710435
rmse,climatology,sst,1730,0.03985433951020241,0.037125363945961,0.0417638398706913
rmse,climatology,sst,1740,0.04082364862163861,0.03884899690747261,0.042603612691164014
rmse,climatology,sst,1750,0.04090796013673147,0.03891950771212578,0.04225585535168648
rmse,climatology,sst,1760,0.04054271926482519,0.0389139786362648,0.04238495677709579
rmse,climatology,sst,1770,0.040683913975954056,0.039012500643730165,0.042327750474214554
rmse,climatology,sst,1780,0.0408514770368735,0.03972087949514389,0.04165942743420601
rmse,climatology,sst,1790,0.04065427506963412,0.038561060279607776,0.042433063685894015
rmse,climatology,sst,1800,0.041114887098471324,0.03906605094671249,0.04269450381398201
rmse,climatology,sst,1810,0.041512616475423175,0.040009531378746035,0.043528773635625836
rmse,climatology,sst,1820,0.04111150652170181,0.038327538222074506,0.0432419590651989
rmse,climatology,sst,1830,0.0406346728404363,0.03864151164889336,0.04295035004615784
rmse,climatology,sst,1840,0.041207682838042575,0.039463037997484206,0.043513334542512896
rmse,climatology,sst,1850,0.04171258782347043,0.039425358176231384,0.044175713509321216
rmse,climatology,sst,1860,0.041203928242127104,0.03768225088715553,0.04439535662531853
rmse,climatology,sst,1870,0.04123796795805295,0.03844296932220459,0.04400660917162895
rmse,climatology,sst,1880,0.04165106589595477,0.04003531038761139,0.0430902287364006
rmse,climatology,sst,1890,0.041078847646713254,0.03970099091529846,0.04290786385536194
rmse,climatology,sst,1900,0.04081750636299451,0.038826160877943036,0.0434499479830265
rmse,climatology,sst,1910,0.04173401395479838,0.04003656879067421,0.044129859656095505
rmse,climatology,sst,1920,0.041928801437218985,0.03932853266596794,0.04427476674318313
rmse,climatology,sst,1930,0.04155346105496089,0.038845423609018326,0.043249227851629254
rmse,climatology,sst,1940,0.04154327735304832,0.040056458115577696,0.043148572742939
rmse,climatology,sst,1950,0.0416392741103967,0.03993682861328125,0.04393850937485695
rmse,climatology,sst,1960,0.04123890002568563,0.03767600953578949,0.044309594482183454
rmse,climatology,sst,1970,0.04146891236305237,0.03912145420908928,0.04472135603427887
rmse,climatology,sst,1980,0.041674202183882396,0.04003878384828567,0.044054288417100906
rmse,climatology,sst,1990,0.041215269515911736,0.038962170481681824,0.042664535343647
rmse,climatology,sst,2000,0.04045771807432175,0.03911134675145149,0.04228607416152954
rmse,persistence,sst,0,0.0,0.0,0.0
rmse,persistence,sst,10,0.02277104581395785,0.02005648724734783,0.0260111790150404
rmse,persistence,sst,20,0.03690005987882614,0.032902874797582624,0.042597992718219756
rmse,persistence,sst,30,0.046992530673742296,0.04306855425238609,0.05079416483640671
rmse,persistence,sst,40,0.056269496430953345,0.053324317932128905,0.06013324782252312
rmse,persistence,sst,50,0.06047984833518664,0.0560417652130127,0.06490538716316223
rmse,persistence,sst,60,0.06041321754455566,0.0579209566116333,0.0635100856423378
rmse,persistence,sst,70,0.05969542612632116,0.056972562521696093,0.06275995075702667
rmse,persistence,sst,80,0.05716982657710711,0.052809572964906695,0.061019223928451535
rmse,persistence,sst,90,0.05698631157477697,0.05413502380251885,0.06048431918025017
rmse,persistence,sst,100,0.05964070186018944,0.05688762292265892,0.06204100474715233
rmse,persistence,sst,110,0.06008577694495519,0.05766545459628105,0.06265183836221695
rmse,persistence,sst,120,0.05954590116937955,0.05612862184643745,0.06331712603569031
rmse,persistence,sst,130,0.05737851833303769,0.05446888506412506,0.059749290347099304
rmse,persistence,sst,140,0.0497275431950887,0.04488251581788063,0.052604719251394275
rmse,persistence,sst,150,0.039102938522895175,0.03722296431660652,0.04255034402012825
rmse,persistence,sst,160,0.025812445829312008,0.023020010441541672,0.030310665816068647
rmse,persistence,sst,170,0.009188951707134645,0.004442368354648352,0.01632644534111023
rmse,persistence,sst,180,0.02306468884150187,0.019707217067480087,0.02851911634206772
rmse,persistence,sst,190,0.03725454757610957,0.03283312991261482,0.043246112018823626
rmse,persistence,sst,200,0.04716278339425723,0.043027421832084654,0.05190766081213951
rmse,persistence,sst,210,0.056426632404327395,0.05326180309057236,0.06017152592539787
rmse,persistence,sst,220,0.06113413522640864,0.05702020451426506,0.0659404531121254
rmse,persistence,sst,230,0.06115473732352257,0.05784983187913895,0.06514734923839569
rmse,persistence,sst,240,0.060503147542476654,0.057428078353405,0.06396663039922715
rmse,persistence,sst,250,0.057984597980976105,0.05323583781719208,0.06166594997048378
rmse,persistence,sst,260,0.05735572874546051,0.054987572878599164,0.06061787158250809
rmse,persistence,sst,270,0.0598341333369414,0.056838408857584,0.06201933771371841
rmse,persistence,sst,280,0.06047899971405665,0.05785971805453301,0.0625938817858696
rmse,persistence,sst,290,0.05984831750392914,0.0560979850590229,0.06289719343185425
rmse,persistence,sst,300,0.05795379107197126,0.055527261644601825,0.06029443070292473
rmse,persistence,sst,310,0.050743446002403894,0.04645076543092728,0.05387233570218086
rmse,persistence,sst,320,0.04016914442181587,0.037608949840068816,0.04405286237597465
rmse,persistence,sst,330,0.02724996010462443,0.025107920914888383,0.030527608841657637
rmse,persistence,sst,340,0.010026508507629235,0.008389104902744294,0.01148988101631403
rmse,persistence,sst,350,0.02081693671643734,0.018898893520236014,0.023451661691069603
rmse,persistence,sst,360,0.035753812392552695,0.03176296353340149,0.04067623391747475
rmse,persistence,sst,370,0.04575861990451813,0.041626089811325075,0.04989072978496552
rmse,persistence,sst,380,0.05524814004699389,0.05262848362326622,0.058551914244890216
rmse,persistence,sst,390,0.06058231070637703,0.056465961039066315,0.06496821194887162
rmse,persistence,sst,400,0.06080531924962997,0.05758290737867355,0.06418546885252
rmse,persistence,sst,410,0.060254255682229994,0.0579474464058876,0.0632697582244873
rmse,persistence,sst,420,0.057853896419207254,0.053891167789697644,0.06153258830308914
rmse,persistence,sst,430,0.05688598677515984,0.05405949130654335,0.060110273957252505
rmse,persistence,sst,440,0.05932895268003146,0.05711791515350342,0.062212548404932025
rmse,persistence,sst,450,0.06037593558430672,0.05791889727115631,0.06226861551403999
rmse,persistence,sst,460,0.05985428939263026,0.05622337237000465,0.06259792894124985
rmse,persistence,sst,470,0.05839444796244304,0.05585671439766884,0.06009577587246895
rmse,persistence,sst,480,0.05183782453338305,0.04670373201370239,0.055268324166536334
rmse,persistence,sst,490,0.04159003545840581,0.037837912887334825,0.046468968689441684
rmse,persistence,sst,500,0.02952458361784617,0.02692820467054844,0.03232637420296669
rmse,persistence,sst,510,0.013206437416374683,0.009475356712937356,0.018732920289039612
rmse,persistence,sst,520,0.02044876168171565,0.018382737040519716,0.023594806715846062
rmse,persistence,sst,530,0.03553614107271035,0.03228930160403252,0.0397649846971035
rmse,persistence,sst,540,0.0454838606218497,0.041128233820199964,0.049741561710834506
rmse,persistence,sst,550,0.054979120194911954,0.052150556445121767,0.0575292706489563
rmse,persistence,sst,560,0.060839249690373735,0.056839636713266375,0.06468404829502106
rmse,persistence,sst,570,0.0613078070183595,0.057964835315942764,0.0642036959528923
rmse,persistence,sst,580,0.06077282776435216,0.05833764225244522,0.06355584710836411
rmse,persistence,sst,590,0.05842992961406708,0.054455002397298814,0.062310867756605146
rmse,persistence,sst,600,0.05699757983287176,0.05373428538441658,0.06059990003705025
rmse,persistence,sst,610,0.0591443640490373,0.05673665031790733,0.062465493381023404
rmse,persistence,sst,620,0.060416735460360846,0.05812976509332657,0.06241352409124375
rmse,persistence,sst,630,0.05978253434101741,0.056891363114118576,0.06247459501028061
rmse,persistence,sst,640,0.058459632098674774,0.05626753345131874,0.060489369183778764
rmse,persistence,sst,650,0.05230350196361542,0.04778531566262245,0.056133517622947694
rmse,persistence,sst,660,0.04192993392546972,0.03831675946712494,0.046255742013454434
rmse,persistence,sst,670,0.02958464858432611,0.027102913334965707,0.03255439475178719
rmse,persistence,sst,680,0.011110926667849222,0.010040579549968242,0.012168043293058872
rmse,persistence,sst,690,0.01527829710394144,0.01375632919371128,0.017330705374479293
rmse,persistence,sst,700,0.032479811708132425,0.02863108366727829,0.03717254623770714
rmse,persistence,sst,710,0.043099540968736014,0.03850403353571892,0.048021447658538816
rmse,persistence,sst,720,0.052922763675451276,0.04998781904578209,0.0565754160284996
rmse,persistence,sst,730,0.05950156996647517,0.05574144273996353,0.0641317367553711
rmse,persistence,sst,740,0.06040160581469536,0.05677885562181473,0.06444139331579209
rmse,persistence,sst,750,0.060007238388061525,0.05763367712497711,0.06322947591543197
rmse,persistence,sst,760,0.05796130547920863,0.05410197079181671,0.06143945008516312
rmse,persistence,sst,770,0.056320404758056004,0.052828365564346315,0.059751296043396
rmse,persistence,sst,780,0.058341729640960696,0.05565507635474205,0.06154411137104034
rmse,persistence,sst,790,0.0600803275903066,0.05769861713051796,0.06195748671889305
rmse,persistence,sst,800,0.05958398108681043,0.05617265626788139,0.06261120289564133
rmse,persistence,sst,810,0.058650042116642,0.05629861205816269,0.06105796173214913
rmse,persistence,sst,820,0.05332333321372668,0.049823809415102005,0.05648183524608612
rmse,persistence,sst,830,0.04343779236078262,0.03958150297403336,0.04716368317604065
rmse,persistence,sst,840,0.03182651946942012,0.02985725961625576,0.035731930285692215
rmse,persistence,sst,850,0.01543496393909057,0.012818750739097596,0.01881182789802551
rmse,persistence,sst,860,0.015813297281662624,0.012491690553724765,0.020347863063216207
rmse,persistence,sst,870,0.03262225414315859,0.027982503920793534,0.03832699581980705
rmse,persistence,sst,880,0.04333683227499326,0.038426253199577334,0.0488716684281826
rmse,persistence,sst,890,0.053021812438964845,0.04955108910799026,0.05737380236387253
rmse,persistence,sst,900,0.06002749651670456,0.05592641457915306,0.06565320193767547
rmse,persistence,sst,910,0.061313146352767946,0.0571723110973835,0.06680968254804612
rmse,persistence,sst,920,0.06094062626361847,0.05827362313866615,0.06496253758668899
rmse,persistence,sst,930,0.05909964839617411,0.05498836264014244,0.06207685992121696
rmse,persistence,sst,940,0.05713204940160115,0.05369641184806824,0.06037488356232643
rmse,persistence,sst,950,0.058734184006849925,0.055573157221078875,0.06157198622822761
rmse,persistence,sst,960,0.060679293672243756,0.05914506763219833,0.062429964542388916
rmse,persistence,sst,970,0.0601462056239446,0.05700855702161789,0.06280087828636169
rmse,persistence,sst,980,0.059318302075068156,0.05693622753024101,0.06225023418664932
rmse,persistence,sst,990,0.05453478967150052,0.05132870078086853,0.057544111460447314
rmse,persistence,sst,1000,0.04484727457165718,0.040927215665578845,0.048441816866397855
rmse,persistence,sst,1010,0.03345271721482277,0.0307928416877985,0.03643233552575111
rmse,persistence,sst,1020,0.017635527811944485,0.016298386082053185,0.019546591863036155
rmse,persistence,sst,1030,0.014014088362455369,0.012673133797943593,0.015437826327979565
rmse,persistence,sst,1040,0.031027902911106745,0.028044898062944412,0.03477674499154091
rmse,persistence,sst,1050,0.042076665659745535,0.03766356110572815,0.04719266071915627
rmse,persistence,sst,1060,0.0517923153936863,0.048528991639614105,0.05483694896101952
rmse,persistence,sst,1070,0.059383294979731244,0.05635074302554131,0.06326526552438735
rmse,persistence,sst,1080,0.061205850541591646,0.05773417800664902,0.06500563025474548
rmse,persistence,sst,1090,0.06092376584808032,0.05896259918808937,0.06355865001678467
rmse,persistence,sst,1100,0.05941407879193624,0.056683095544576644,0.06245076656341553
rmse,persistence,sst,1110,0.05728103419144948,0.05431494116783142,0.06046897098422051
rmse,persistence,sst,1120,0.05864749103784561,0.056679727882146834,0.06194166988134384
rmse,persistence,sst,1130,0.06101271584630012,0.058015350997447965,0.06353776901960373
rmse,persistence,sst,1140,0.06073672200242678,0.05708705559372902,0.0632947951555252
rmse,persistence,sst,1150,0.06020439391334852,0.05790218785405159,0.06346848309040069
rmse,persistence,sst,1160,0.05616022249062856,0.05178304836153984,0.058863038569688796
rmse,persistence,sst,1170,0.046981930484374365,0.04064292311668396,0.05186261609196663
rmse,persistence,sst,1180,0.036288918803135554,0.03266000747680664,0.04138517528772354
rmse,persistence,sst,1190,0.022179282332460085,0.01838030479848385,0.026858580112457276
rmse,persistence,sst,1200,0.01567877965668837,0.009781593643128871,0.022463655471801756
rmse,persistence,sst,1210,0.031289451941847804,0.02888791561126709,0.03316805139183998
rmse,persistence,sst,1220,0.042203012853860855,0.038807135075330734,0.04659907072782517
rmse,persistence,sst,1230,0.05156080077091853,0.049107184261083604,0.05539424493908882
rmse,persistence,sst,1240,0.05946430812279383,0.055838306248188016,0.062298734486103055
rmse,persistence,sst,1250,0.06170943155884743,0.05714435651898384,0.06490290015935898
rmse,persistence,sst,1260,0.06130170822143555,0.05858655720949173,0.06406842023134232
rmse,persistence,sst,1270,0.05984177167216937,0.05696634873747826,0.06378521919250488
rmse,persistence,sst,1280,0.05725594287117322,0.05272316709160805,0.06194327101111412
rmse,persistence,sst,1290,0.057998958975076675,0.055119071155786514,0.06207498013973236
rmse,persistence,sst,1300,0.06032708709438642,0.05778660699725151,0.06242509037256241
rmse,persistence,sst,1310,0.05997664605577787,0.05724019855260849,0.06227835714817047
rmse,persistence,sst,1320,0.0593161995212237,0.0571837529540062,0.06208258718252182
rmse,persistence,sst,1330,0.0556415356695652,0.05255035310983658,0.05877557620406151
rmse,persistence,sst,1340,0.04648246243596077,0.041594214737415314,0.050147776305675504
rmse,persistence,sst,1350,0.0353021456549565,0.03264835625886917,0.039029264450073244
rmse,persistence,sst,1360,0.02002638007203738,0.018269618973135948,0.02209326662123203
rmse,persistence,sst,1370,0.007351480983197689,0.006701117660850286,0.008287831582129002
rmse,persistence,sst,1380,0.02645531954864661,0.023557685688138007,0.030627815797924996
rmse,persistence,sst,1390,0.03899723986784617,0.03453633040189743,0.04455889463424682
rmse,persistence,sst,1400,0.04885484079519908,0.045065028965473174,0.05225335881114006
rmse,persistence,sst,1410,0.057526010026534395,0.05436767786741257,0.06141294464468956
rmse,persistence,sst,1420,0.06059718380371729,0.056249579042196275,0.06500906348228455
rmse,persistence,sst,1430,0.060385991881291075,0.058070076256990434,0.06343548446893692
rmse,persistence,sst,1440,0.059349472324053444,0.056659691780805585,0.062241580337285995
rmse,persistence,sst,1450,0.056812308728694916,0.052481944859027865,0.06033124029636383
rmse,persistence,sst,1460,0.05733683407306671,0.05454844683408737,0.06072063595056534
rmse,persistence,sst,1470,0.05998547275861104,0.057154258340597154,0.06198674514889717
rmse,persistence,sst,1480,0.06004489709933599,0.05735766515135765,0.06304453164339066
rmse,persistence,sst,1490,0.05961355492472649,0.056570421904325485,0.06326421797275543
rmse,persistence,sst,1500,0.05677760740121206,0.05406152456998825,0.059087250381708145
rmse,persistence,sst,1510,0.04845042650898298,0.04421969577670097,0.05129312872886658
rmse,persistence,sst,1520,0.037939321746428806,0.035155536234378816,0.04103416129946709
rmse,persistence,sst,1530,0.024433214714129767,0.021555106341838836,0.029869019240140914
rmse,persistence,sst,1540,0.01232787383099397,0.007457854226231575,0.018721218407154083
rmse,persistence,sst,1550,0.02709358384211858,0.023133935779333113,0.033168870210647586
rmse,persistence,sst,1560,0.039675094683965045,0.035228225588798526,0.04580807462334633
rmse,persistence,sst,1570,0.04921236857771873,0.044794612377882,0.05432729795575142
rmse,persistence,sst,1580,0.05796276678641637,0.054276565462350844,0.06280233561992646
rmse,persistence,sst,1590,0.06157412131627401,0.05722911953926087,0.06700299233198166
rmse,persistence,sst,1600,0.06131921435395877,0.058072352409362794,0.06536982506513596
rmse,persistence,sst,1610,0.06037215515971184,0.057224583625793454,0.06346295922994613
rmse,persistence,sst,1620,0.057661222666502,0.053054841607809065,0.06115660890936851
rmse,persistence,sst,1630,0.057592981557051344,0.05511487945914269,0.061178749054670335
rmse,persistence,sst,1640,0.060140286882718406,0.05709562301635742,0.06229184120893479
rmse,persistence,sst,1650,0.060392641772826515,0.05762844607234001,0.06254966259002685
rmse,persistence,sst,1660,0.0598848007619381,0.0566930815577507,0.06294570416212082
rmse,persistence,sst,1670,0.05747045129537583,0.05483510866761208,0.060366930067539216
rmse,persistence,sst,1680,0.04951286762952804,0.04479246884584427,0.05240231901407242
rmse,persistence,sst,1690,0.038994993766148886,0.036667095869779585,0.042873091995716095
rmse,persistence,sst,1700,0.02588062733411789,0.023784242570400238,0.028298837691545488
rmse,persistence,sst,1710,0.011266047693789005,0.010398650169372558,0.012166515551507473
rmse,persistence,sst,1720,0.02437567412853241,0.022580453008413316,0.027603498846292495
rmse,persistence,sst,1730,0.037850112716356916,0.03396918773651123,0.04262178763747215
rmse,persistence,sst,1740,0.04751543700695038,0.04350608214735985,0.05099805891513824
rmse,persistence,sst,1750,0.056672756622234984,0.05417017266154289,0.059487207978963855
rmse,persistence,sst,1760,0.061115455875794096,0.057141663134098054,0.06500644385814666
rmse,persistence,sst,1770,0.06109495212634405,0.05925930812954903,0.0638631448149681
rmse,persistence,sst,1780,0.06045787011583646,0.05794198140501976,0.06306775659322739
rmse,persistence,sst,1790,0.05792529806494713,0.05459517017006874,0.06156367212533951
rmse,persistence,sst,1800,0.05754089032610257,0.05480488762259483,0.060411394387483594
rmse,persistence,sst,1810,0.060198864340782164,0.05757065638899803,0.06284293085336685
rmse,persistence,sst,1820,0.06090771754582723,0.057572568953037265,0.06366908997297287
rmse,persistence,sst,1830,0.060529092947642006,0.05687638372182846,0.06322899162769317
rmse,persistence,sst,1840,0.05869158481558164,0.05572680681943894,0.060857506841421126
rmse,persistence,sst,1850,0.05144241253534953,0.04548007622361183,0.05492214486002922
rmse,persistence,sst,1860,0.04132015282909075,0.036912184208631516,0.04690130427479744
rmse,persistence,sst,1870,0.02934988389412562,0.02604718841612339,0.032480067759752276
rmse,persistence,sst,1880,0.014744423516094684,0.009558031521737575,0.021155786141753195
rmse,persistence,sst,1890,0.024155716722210247,0.021673264726996423,0.026309770718216895
rmse,persistence,sst,1900,0.03763391549388568,0.034968574345111844,0.04177380427718162
rmse,persistence,sst,1910,0.04702959855397542,0.043819126486778257,0.05096184015274048
rmse,persistence,sst,1920,0.05618391633033752,0.0533448725938797,0.058601686358451845
rmse,persistence,sst,1930,0.061192819972833,0.0565273329615593,0.06461853981018066
rmse,persistence,sst,1940,0.061252293487389885,0.0577548660337925,0.06391484588384629
rmse,persistence,sst,1950,0.06056783745686213,0.05832180231809616,0.06385747939348221
rmse,persistence,sst,1960,0.05793558855851491,0.053810612112283704,0.06224345937371254
rmse,persistence,sst,1970,0.056877481192350386,0.05425193756818771,0.06045535355806351
rmse,persistence,sst,1980,0.05920417830348015,0.05665823370218277,0.062483041733503344
rmse,persistence,sst,1990,0.0600896954536438,0.05764656290411949,0.06201302632689476
rmse,persistence,sst,2000,0.05954834868510564,0.05638449937105179,0.06244913339614868
acc,selected,surface_u,0,1.0,1.0,1.0
acc,selected,surface_u,10,0.9944658557573954,0.9927256464958191,0.9958949685096741
acc,selected,surface_u,20,0.9903149326642354,0.987214195728302,0.9948859453201294
acc,selected,surface_u,30,0.9867208242416382,0.9828092217445373,0.9924452066421509
acc,selected,surface_u,40,0.9821130951245626,0.9768986225128173,0.9900825023651123
acc,selected,surface_u,50,0.9767244776089986,0.965325391292572,0.9871861577033997
acc,selected,surface_u,60,0.9731616655985514,0.9627704739570617,0.9848167777061463
acc,selected,surface_u,70,0.9672971169153849,0.956322193145752,0.9795169830322266
acc,selected,surface_u,80,0.9621565659840902,0.952326774597168,0.9727587223052978
acc,selected,surface_u,90,0.9597043951352437,0.9506474375724793,0.9772806644439698
acc,selected,surface_u,100,0.9554482658704122,0.9486718773841858,0.9733695745468139
acc,selected,surface_u,110,0.9457097252209982,0.930375599861145,0.9665547609329224
acc,selected,surface_u,120,0.9416502436002095,0.9174132943153381,0.9668583631515503
acc,selected,surface_u,130,0.9411000887552897,0.9044243574142456,0.9682150840759277
acc,selected,surface_u,140,0.9329562465349833,0.8883745551109314,0.9664160370826721
acc,selected,surface_u,150,0.9253960768381755,0.8923421263694763,0.9642743229866028
acc,selected,surface_u,160,0.9262287974357605,0.881705904006958,0.9603873014450073
acc,selected,surface_u,170,0.921011225382487,0.8604604840278626,0.9551565885543823
acc,selected,surface_u,180,0.9081050117810567,0.8452222585678101,0.9527986884117127
acc,selected,surface_u,190,0.9036343336105347,0.8286932468414306,0.9518582940101623
acc,selected,surface_u,200,0.9033629218737285,0.8242061257362365,0.9453761458396912
acc,prior,surface_u,0,1.0,1.0,1.0
acc,prior,surface_u,10,0.9941623568534851,0.9923354864120484,0.9956682801246644
acc,prior,surface_u,20,0.989774243036906,0.986844253540039,0.994485867023468
acc,prior,surface_u,30,0.9860297163327535,0.981804370880127,0.9920966625213623
acc,prior,surface_u,40,0.9810492833455403,0.9757070541381836,0.9896233916282654
acc,prior,surface_u,50,0.9752910733222961,0.9622602581977844,0.9864660382270813
acc,prior,surface_u,60,0.9713892698287964,0.9592650175094605,0.9837482333183288
acc,prior,surface_u,70,0.9651029864947002,0.9521311402320862,0.9780699491500855
acc,prior,surface_u,80,0.9594586849212646,0.9479107975959777,0.9716027498245239
acc,prior,surface_u,90,0.9566619078318278,0.9457409858703614,0.9764309287071228
acc,prior,surface_u,100,0.9518012007077535,0.9436505079269409,0.9715554118156433
acc,prior,surface_u,110,0.9409027735392252,0.9224206805229187,0.9648558735847473
acc,prior,surface_u,120,0.9366052865982055,0.9079627513885498,0.9647470235824585
acc,prior,surface_u,130,0.9359561006228129,0.893398129940033,0.9659565806388855
acc,prior,surface_u,140,0.9267142375310262,0.8778903722763062,0.9636934876441956
acc,prior,surface_u,150,0.9182850400606791,0.8832941770553588,0.9612123489379882
acc,prior,surface_u,160,0.9193187554677328,0.8684220314025879,0.9567561268806457
acc,prior,surface_u,170,0.9133088827133179,0.8445483326911927,0.9514236927032471
acc,prior,surface_u,180,0.8995299816131592,0.8291462898254395,0.9487568736076355
acc,prior,surface_u,190,0.8950525601704915,0.8125220775604248,0.9474920034408569
acc,prior,surface_u,200,0.8951773087183634,0.8049762725830079,0.9404560327529907
acc,selected,surface_v,0,1.0,1.0,1.0
acc,selected,surface_v,10,0.9810168544451395,0.9733111143112183,0.9876585960388183
acc,selected,surface_v,20,0.9701937198638916,0.9585419416427612,0.9811151385307312
acc,selected,surface_v,30,0.9711637735366822,0.9647730231285095,0.9768355965614319
acc,selected,surface_v,40,0.9668969472249349,0.952090585231781,0.976854407787323
acc,selected,surface_v,50,0.9619841337203979,0.9507355093955994,0.9704316973686218
acc,selected,surface_v,60,0.9613077680269877,0.9389086484909057,0.9806922674179077
acc,selected,surface_v,70,0.9622511744499207,0.9504923820495605,0.9731481909751892
acc,selected,surface_v,80,0.9585749069849651,0.949261462688446,0.9695783019065857
acc,selected,surface_v,90,0.957793120543162,0.9370748639106751,0.9684368252754212
acc,selected,surface_v,100,0.960469925403595,0.9419845700263977,0.971115517616272
acc,selected,surface_v,110,0.9542001207669576,0.9403096199035644,0.967613959312439
acc,selected,surface_v,120,0.9487661361694336,0.9243281006813049,0.9715807318687439
acc,selected,surface_v,130,0.9533797979354859,0.9394418358802795,0.9662158489227295
acc,selected,surface_v,140,0.9536532521247864,0.9398561954498291,0.9622039079666138
acc,selected,surface_v,150,0.9460273186365763,0.9214913368225097,0.9658568024635314
acc,selected,surface_v,160,0.9479408105214436,0.927569591999054,0.9703488707542419
acc,selected,surface_v,170,0.9492998480796814,0.9341333150863648,0.9674795269966125
acc,selected,surface_v,180,0.9409490585327148,0.9222018718719482,0.9637160778045655
acc,selected,surface_v,190,0.9394665797551472,0.9141878724098206,0.9548336625099182
acc,selected,surface_v,200,0.9450307250022888,0.9308887124061584,0.9577459931373596
acc,prior,surface_v,0,1.0,1.0,1.0
acc,prior,surface_v,10,0.9797078092892965,0.9710085988044739,0.9867118239402771
acc,prior,surface_v,20,0.9683067440986634,0.9571627974510193,0.9802373051643372
acc,prior,surface_v,30,0.9691697279612224,0.9620213031768798,0.9747374296188355
acc,prior,surface_v,40,0.9645475467046102,0.9475844621658325,0.9754340767860412
acc,prior,surface_v,50,0.9590599219004313,0.947001600265503,0.9689581751823425
acc,prior,surface_v,60,0.9582754333813985,0.9335287809371948,0.9799235463142395
acc,prior,surface_v,70,0.9597509860992431,0.9461880683898926,0.9717515110969543
acc,prior,surface_v,80,0.9551842331886291,0.9447667837142945,0.9661672830581665
acc,prior,surface_v,90,0.9543174465497335,0.9310403943061829,0.9669842004776001
acc,prior,surface_v,100,0.9573211153348287,0.9364077687263489,0.9683396458625794
acc,prior,surface_v,110,0.9508823235829671,0.9370774269104004,0.9650488257408142
acc,prior,surface_v,120,0.9446784218152364,0.9198647141456604,0.9699439525604248
acc,prior,surface_v,130,0.9498669624328613,0.9355888605117798,0.9647102355957031
acc,prior,surface_v,140,0.949719774723053,0.9343348979949951,0.9596145272254943
acc,prior,surface_v,150,0.9411260922749837,0.9154637098312378,0.9628243684768677
acc,prior,surface_v,160,0.9437310576438904,0.9240543007850647,0.9699830532073974
acc,prior,surface_v,170,0.9454873283704122,0.9267365097999573,0.9637417316436767
acc,prior,surface_v,180,0.9362997134526571,0.9157846689224243,0.9631808042526245
acc,prior,surface_v,190,0.9345852017402649,0.9115509867668152,0.9518174409866333
acc,prior,surface_v,200,0.940237283706665,0.9294505834579467,0.9542972922325135
acc,selected,phihyd_surface,0,1.0,1.0,1.0
acc,selected,phihyd_surface,10,0.99940927028656,0.9993204712867737,0.9996581912040711
acc,selected,phihyd_surface,20,0.9991037607192993,0.9989315867424011,0.9994983315467835
acc,selected,phihyd_surface,30,0.998936394850413,0.9987069487571716,0.9993617057800293
acc,selected,phihyd_surface,40,0.9988005558649699,0.9985774636268616,0.9992397904396058
acc,selected,phihyd_surface,50,0.9986713051795959,0.9984276056289673,0.9991223335266113
acc,selected,phihyd_surface,60,0.9985029975573222,0.9983120799064636,0.9989934206008911
acc,selected,phihyd_surface,70,0.998347016175588,0.9981794595718384,0.9988642573356629
acc,selected,phihyd_surface,80,0.9981969237327576,0.9980461835861206,0.9987013339996338
acc,selected,phihyd_surface,90,0.9981042742729187,0.9979093432426452,0.9985130310058594
acc,selected,phihyd_surface,100,0.9980034669240315,0.9975457072257996,0.9983548045158386
acc,selected,phihyd_surface,110,0.9978714346885681,0.9971373677253723,0.9982759594917298
acc,selected,phihyd_surface,120,0.9976581414540608,0.997010350227356,0.9981537342071534
acc,selected,phihyd_surface,130,0.9974186698595683,0.9968622922897339,0.9978854298591614
acc,selected,phihyd_surface,140,0.9972603797912598,0.9966758370399476,0.9977756142616272
acc,selected,phihyd_surface,150,0.9971263885498047,0.9960470557212829,0.997804605960846
acc,selected,phihyd_surface,160,0.9969519535700481,0.9951733946800232,0.9975893139839173
acc,selected,phihyd_surface,170,0.9967886845270792,0.9949027180671692,0.9975277423858643
acc,selected,phihyd_surface,180,0.9965960542360942,0.9949632287025452,0.997467291355133
acc,selected,phihyd_surface,190,0.9963184237480164,0.994838535785675,0.9972432374954223
acc,selected,phihyd_surface,200,0.996121593316396,0.9945329546928405,0.9971119403839112
acc,prior,phihyd_surface,0,1.0,1.0,1.0
acc,prior,phihyd_surface,10,0.9993695100148519,0.9992651820182801,0.9996457815170288
acc,prior,phihyd_surface,20,0.9990511417388916,0.9988585233688354,0.999482262134552
acc,prior,phihyd_surface,30,0.9988731582959492,0.9986190915107727,0.9993344306945801
acc,prior,phihyd_surface,40,0.9987297097841898,0.9984827995300293,0.9992042899131774
acc,prior,phihyd_surface,50,0.9985894044240315,0.9983164191246032,0.9990803360939026
acc,prior,phihyd_surface,60,0.9984119017918904,0.9982033252716065,0.9989464402198791
acc,prior,phihyd_surface,70,0.9982442776362102,0.9980567693710327,0.9987949013710022
acc,prior,phihyd_surface,80,0.9980879147847493,0.9979190826416016,0.9986183881759644
acc,prior,phihyd_surface,90,0.9979875326156616,0.9977737069129944,0.9984259486198426
acc,prior,phihyd_surface,100,0.997873584429423,0.9973804712295532,0.9982582211494446
acc,prior,phihyd_surface,110,0.9977185050646464,0.9969370484352111,0.9981552958488464
acc,prior,phihyd_surface,120,0.9974882046381632,0.9967913627624512,0.9980125069618225
acc,prior,phihyd_surface,130,0.9972290158271789,0.9966265559196472,0.9977107048034668
acc,prior,phihyd_surface,140,0.9970433115959167,0.996396791934967,0.9975726723670959
acc,prior,phihyd_surface,150,0.996876347064972,0.995749318599701,0.9975788116455078
acc,prior,phihyd_surface,160,0.9966800053914388,0.9948570370674134,0.9973560810089112
acc,prior,phihyd_surface,170,0.9964760502179464,0.9943886518478393,0.9972710371017456
acc,prior,phihyd_surface,180,0.9962324659029643,0.9943984746932983,0.9971500396728515
acc,prior,phihyd_surface,190,0.9959195176760356,0.9942386269569397,0.9968788504600525
acc,prior,phihyd_surface,200,0.9956796447436015,0.9938005089759827,0.9967279672622681
acc,selected,sst,0,1.0,1.0,1.0
acc,selected,sst,10,0.9848897417386373,0.9810796499252319,0.9885394930839538
acc,selected,sst,20,0.9712562402089436,0.9659902572631835,0.9787423372268677
acc,selected,sst,30,0.9644303401311238,0.9557965993881226,0.9763215184211731
acc,selected,sst,40,0.9572650631268819,0.9443524122238159,0.9700021386146546
acc,selected,sst,50,0.9516504605611166,0.939769184589386,0.9669114112854004
acc,selected,sst,60,0.9470936377843221,0.9340632200241089,0.9635112166404725
acc,selected,sst,70,0.9429221073786418,0.9249480485916137,0.9621617197990417
acc,selected,sst,80,0.9380233526229859,0.913612163066864,0.9565453290939331
acc,selected,sst,90,0.934381651878357,0.9157682061195374,0.9562890291213989
acc,selected,sst,100,0.933381454149882,0.9148108243942261,0.9531874775886535
acc,selected,sst,110,0.9302748799324035,0.9156713962554932,0.9474544286727905
acc,selected,sst,120,0.9267577807108561,0.9114892959594727,0.9460933923721313
acc,selected,sst,130,0.9246646364529928,0.9060696125030517,0.9445869445800781
acc,selected,sst,140,0.9216348727544149,0.9066542744636535,0.9381944894790649
acc,selected,sst,150,0.9153992851575216,0.8963804483413697,0.9286227107048035
acc,selected,sst,160,0.9150577545166015,0.8936897039413452,0.9288988471031189
acc,selected,sst,170,0.9154600103696188,0.9022659420967102,0.9295180439949036
acc,selected,sst,180,0.9108856638272603,0.9005843520164489,0.9202516555786133
acc,selected,sst,190,0.9051434199015299,0.8913386940956116,0.9190145969390869
acc,selected,sst,200,0.9051314075787862,0.8953726053237915,0.9173786878585816
acc,prior,sst,0,1.0,1.0,1.0
acc,prior,sst,10,0.9833446502685547,0.9791373014450073,0.9874284744262696
acc,prior,sst,20,0.9682639996210735,0.9623334050178528,0.9767401814460754
acc,prior,sst,30,0.9606437762578328,0.9513992309570313,0.9740657806396484
acc,prior,sst,40,0.9526675780614217,0.9389643788337707,0.9672156572341919
acc,prior,sst,50,0.9462941646575928,0.9327381491661072,0.963215434551239
acc,prior,sst,60,0.940888508160909,0.9261563181877136,0.9591098546981811
acc,prior,sst,70,0.9361149509747823,0.9168605446815491,0.9578210592269898
acc,prior,sst,80,0.9306485811869304,0.9044645428657532,0.9515050292015076
acc,prior,sst,90,0.9266159216562907,0.9050948262214661,0.9512678503990173
acc,prior,sst,100,0.9253655314445496,0.9035699725151062,0.9479507446289063
acc,prior,sst,110,0.9219592610994974,0.905683410167694,0.9409106969833374
acc,prior,sst,120,0.9179390509923299,0.9012380242347717,0.9390318751335144
acc,prior,sst,130,0.9155519525210063,0.8950497150421143,0.9370898485183716
acc,prior,sst,140,0.9123040199279785,0.896884560585022,0.9307603597640991
acc,prior,sst,150,0.905434266726176,0.8841389417648315,0.92035973072052
acc,prior,sst,160,0.9047342499097188,0.8810391783714294,0.9219115614891052
acc,prior,sst,170,0.9048210144042969,0.8901817679405213,0.9221253752708435
acc,prior,sst,180,0.8999519030253093,0.8883822441101075,0.9125024557113648
acc,prior,sst,190,0.8937833627065023,0.8790688991546631,0.9091266632080078
acc,prior,sst,200,0.8938857475916545,0.8825848221778869,0.909064507484436
