metric,model_or_method,field,lead_days,mean,p10,p90
rmse,model,surface_speed,0,0.0,0.0,0.0
rmse,model,surface_speed,10,0.000280915202650552,0.00022500339837279172,0.0003862556361127644
rmse,model,surface_speed,20,0.00042266293312422933,0.0003088180557824671,0.0007325600483454763
rmse,model,surface_speed,30,0.0005730628540428977,0.00039128558710217477,0.0010049456730484962
rmse,model,surface_speed,40,0.0006874197938789924,0.0004447816114407033,0.0013743737014010548
rmse,model,surface_speed,50,0.0007844049367122352,0.0005327620776370168,0.0015131025575101373
rmse,model,surface_speed,60,0.0008557411453997096,0.0005959180532954633,0.001512078265659511
rmse,model,surface_speed,70,0.0009208188625052571,0.0006471061846241355,0.0015264782821759581
rmse,model,surface_speed,80,0.000991499909044554,0.0007339375908486546,0.0015793352853506802
rmse,model,surface_speed,90,0.0010664725909009577,0.0008107062429189682,0.0016887412406504153
rmse,model,surface_speed,100,0.001147935880968968,0.0008528189966455102,0.0018035508692264557
rmse,model,surface_speed,110,0.001253556238953024,0.0009061743738129735,0.002014564024284482
rmse,model,surface_speed,120,0.0013840181442598503,0.0009550655842758716,0.0021774263586848974
rmse,model,surface_speed,130,0.0015420019471397003,0.001003618026152253,0.002309198584407568
rmse,model,surface_speed,140,0.001693500803473095,0.001057924097403884,0.00243540327064693
rmse,model,surface_speed,150,0.001834449350523452,0.0011225982801988722,0.002574732154607773
rmse,model,surface_speed,160,0.001968313443164031,0.0011749116471037268,0.0027271734550595285
rmse,model,surface_speed,170,0.002118712655889491,0.0012430276023223997,0.0030606472399085758
rmse,model,surface_speed,180,0.00228232533360521,0.001335595571435988,0.003557039238512516
rmse,model,surface_speed,190,0.0024465135609110194,0.001417338475584984,0.003579146275296807
rmse,model,surface_speed,200,0.002604115397358934,0.0015107963234186172,0.0035873509477823973
rmse,model,surface_speed,210,0.002773330151103437,0.0015906600514426828,0.003943550959229469
rmse,model,surface_speed,220,0.0029534593379745883,0.0016773383598774672,0.004201472457498312
rmse,model,surface_speed,230,0.0031405339017510415,0.001767559302970767,0.0045601542107760904
rmse,model,surface_speed,240,0.0033167383633553984,0.0018780475948005915,0.005107948184013366
rmse,model,surface_speed,250,0.0034572411794215442,0.002008006861433387,0.005316725745797157
rmse,model,surface_speed,260,0.0035612692125141622,0.0021336082834750416,0.005222896486520767
rmse,model,surface_speed,270,0.003653836576268077,0.002249567210674286,0.005086997523903847
rmse,model,surface_speed,280,0.0037644872907549145,0.0024014553520828484,0.005184377543628216
rmse,model,surface_speed,290,0.0038977030043800672,0.002536132978275418,0.005180639214813709
rmse,model,surface_speed,300,0.004039952453846733,0.0026835962664335964,0.005081870127469301
rmse,model,surface_speed,310,0.004164413595572114,0.0028474790044128893,0.005077779479324818
rmse,model,surface_speed,320,0.004290421772748232,0.0030066393781453373,0.005389265529811382
rmse,model,surface_speed,330,0.004393931354085604,0.003133433638140559,0.005593336559832096
rmse,model,surface_speed,340,0.004501235267768303,0.0032735811080783607,0.00559738827869296
rmse,model,surface_speed,350,0.004603509822239478,0.0034821941517293453,0.005563591793179512
rmse,model,surface_speed,360,0.004709417729948958,0.003630086313933134,0.005525287613272667
rmse,model,surface_speed,370,0.004811171085263292,0.0037652972619980573,0.0055095645599067215
rmse,model,surface_speed,380,0.004926049817974369,0.003878873214125633,0.005677981488406658
rmse,model,surface_speed,390,0.005056238469357292,0.004004001803696156,0.005935964547097683
rmse,model,surface_speed,400,0.005201217299327254,0.00419837161898613,0.006032216735184193
rmse,model,surface_speed,410,0.005329997775455316,0.0043185300193727015,0.00609720479696989
rmse,model,surface_speed,420,0.0054967807295421755,0.004387272801250219,0.006123375054448843
rmse,model,surface_speed,430,0.005651985139896472,0.004628207348287105,0.006224131491035223
rmse,model,surface_speed,440,0.005804358205447595,0.004919737298041582,0.006316702347248793
rmse,model,surface_speed,450,0.005958132290591796,0.005186170898377895,0.006603273283690214
rmse,model,surface_speed,460,0.006139329075813294,0.005546442605555058,0.006755286082625389
rmse,model,surface_speed,470,0.006324038716653982,0.005748586729168892,0.006907126121222973
rmse,model,surface_speed,480,0.006506216619163752,0.005924262944608927,0.007036656234413385
rmse,model,surface_speed,490,0.0066811340240140755,0.0060419606044888495,0.007126444578170776
rmse,model,surface_speed,500,0.006829833208272854,0.0062249980866909025,0.007269429694861174
rmse,model,surface_speed,510,0.006986552973588308,0.0064553430303931235,0.007330329250544309
rmse,model,surface_speed,520,0.007181511322657267,0.006666370201855898,0.0074674742296338085
rmse,model,surface_speed,530,0.007388520985841751,0.006840318255126476,0.007926744036376476
rmse,model,surface_speed,540,0.0075314912634591264,0.0069318929687142376,0.00847246777266264
rmse,model,surface_speed,550,0.007685652437309424,0.007040872797369957,0.008788067288696766
rmse,model,surface_speed,560,0.007825231707344452,0.007170312572270632,0.008856420777738095
rmse,model,surface_speed,570,0.0079613263408343,0.007379877381026745,0.008834644593298436
rmse,model,surface_speed,580,0.008109822651992242,0.007520203292369842,0.008953052759170532
rmse,model,surface_speed,590,0.008238394030680258,0.007615463994443417,0.008944038674235344
rmse,model,surface_speed,600,0.008399906009435654,0.00786121878772974,0.009051869250833988
rmse,model,surface_speed,610,0.008562331988165776,0.008106429316103458,0.009203685075044632
rmse,model,surface_speed,620,0.008743713268389304,0.008144771121442318,0.009317671135067939
rmse,model,surface_speed,630,0.008965634554624558,0.008366228267550468,0.009520645439624786
rmse,model,surface_speed,640,0.009177387071152529,0.008547596260905265,0.009900514036417007
rmse,model,surface_speed,650,0.009407749523719151,0.008658946305513383,0.01034017764031887
rmse,model,surface_speed,660,0.009633712532619635,0.008829738199710845,0.01074194610118866
rmse,model,surface_speed,670,0.009842286445200443,0.009059963747859001,0.01093876976519823
rmse,model,surface_speed,680,0.010052834202845891,0.0093410886824131,0.011072807759046554
rmse,model,surface_speed,690,0.010266087017953396,0.009603321738541126,0.011200442351400853
rmse,model,surface_speed,700,0.010498293427129586,0.009857219085097313,0.011381268501281738
rmse,model,surface_speed,710,0.010659007976452509,0.009943794272840024,0.01147906444966793
rmse,model,surface_speed,720,0.010834775492548942,0.010211272723972797,0.011616147495806218
rmse,model,surface_speed,730,0.011007089354097842,0.01031032782047987,0.011610577441751957
rmse,model,surface_speed,740,0.011189182971914608,0.010513073578476907,0.011837864853441715
rmse,model,surface_speed,750,0.011386703637739023,0.010625054128468037,0.012210198678076267
rmse,model,surface_speed,760,0.011624325811862946,0.010836099646985531,0.012395725399255753
rmse,model,surface_speed,770,0.01184908909102281,0.0109376585111022,0.01266198828816414
rmse,model,surface_speed,780,0.012047136637071769,0.010947902873158454,0.012810606509447098
rmse,model,surface_speed,790,0.012326536886394023,0.011291506327688694,0.013233479112386703
rmse,model,surface_speed,800,0.012610091020663579,0.011394615471363067,0.01358399260789156
rmse,model,surface_speed,810,0.012834417509535949,0.011419037729501725,0.0139891242608428
rmse,model,surface_speed,820,0.013099244174857935,0.011612832732498645,0.014399021118879318
rmse,model,surface_speed,830,0.013361208761731783,0.0118778757750988,0.014640776067972183
rmse,model,surface_speed,840,0.013603560750683148,0.012002971209585666,0.014964442327618599
rmse,model,surface_speed,850,0.013853581932683786,0.012119374610483647,0.015146836079657078
rmse,model,surface_speed,860,0.014114338035384814,0.012362469173967838,0.01537398099899292
rmse,model,surface_speed,870,0.01434961004803578,0.012561257183551788,0.015713145956397057
rmse,model,surface_speed,880,0.014542935291926067,0.012739527970552444,0.015906280279159545
rmse,model,surface_speed,890,0.014785827944676082,0.012929871119558812,0.016044887900352477
rmse,model,surface_speed,900,0.015013315963248413,0.01297494862228632,0.016328994184732437
rmse,model,surface_speed,910,0.015245262781778972,0.0130178052932024,0.01657252907752991
rmse,model,surface_speed,920,0.01548735269655784,0.013115458935499192,0.016916737705469132
rmse,model,surface_speed,930,0.015727817018826803,0.013311829976737499,0.017148710787296295
rmse,model,surface_speed,940,0.01596931740641594,0.013526024855673313,0.017354799434542656
rmse,model,surface_speed,950,0.016185575847824415,0.013738051056861877,0.017727702483534814
rmse,model,surface_speed,960,0.01644546613097191,0.01407939549535513,0.01819167993962765
rmse,model,surface_speed,970,0.016748707555234433,0.01444885041564703,0.018663041293621063
rmse,model,surface_speed,980,0.017022712714970113,0.014632127434015273,0.019140848889946938
rmse,model,surface_speed,990,0.017295350196460883,0.014781814813613892,0.01961573734879494
rmse,model,surface_speed,1000,0.01760198287665844,0.015042158216238022,0.0199791494756937
rmse,model,surface_speed,1010,0.017928760747114816,0.01539306603372097,0.02044116109609604
rmse,model,surface_speed,1020,0.018225043267011642,0.015555818937718869,0.020893779769539832
rmse,model,surface_speed,1030,0.01852390927573045,0.01581310387700796,0.021324626728892328
rmse,model,surface_speed,1040,0.018838871642947196,0.016116080060601234,0.021754750981926918
rmse,model,surface_speed,1050,0.01912154828508695,0.016438815742731094,0.022090660780668257
rmse,model,surface_speed,1060,0.01941321771591902,0.016603603214025497,0.022434592619538306
rmse,model,surface_speed,1070,0.019727723797162373,0.016817324981093406,0.022738809138536452
rmse,model,surface_speed,1080,0.020045541351040204,0.017074264213442804,0.02306521050632
rmse,model,surface_speed,1090,0.020332966869076093,0.01719798259437084,0.023469938337802886
rmse,model,surface_speed,1100,0.020626012732585273,0.017396780848503112,0.023871612548828126
rmse,model,surface_speed,1110,0.020932542284329732,0.017729778960347175,0.02428494840860367
rmse,model,surface_speed,1120,0.021194056297341984,0.018013402819633484,0.02463150881230831
rmse,model,surface_speed,1130,0.021483374387025835,0.018235577270388603,0.02499273419380188
rmse,model,surface_speed,1140,0.021815751989682514,0.018575043231248856,0.025376182794570924
rmse,model,surface_speed,1150,0.022147310773531596,0.01890745386481285,0.02575126774609089
rmse,model,surface_speed,1160,0.022464407856265703,0.019068588316440583,0.026216010749340057
rmse,model,surface_speed,1170,0.02282413865129153,0.019279172644019127,0.02641924433410168
rmse,model,surface_speed,1180,0.02325370771189531,0.019578322768211365,0.026705675944685935
rmse,model,surface_speed,1190,0.023659121866027515,0.01982703320682049,0.027049141004681587
rmse,model,surface_speed,1200,0.02406628541648388,0.02014482729136944,0.027389395236968993
rmse,model,surface_speed,1210,0.024510937556624413,0.020506329834461212,0.027862342074513435
rmse,model,surface_speed,1220,0.024947807565331458,0.020846912264823915,0.028266355767846106
rmse,model,surface_speed,1230,0.025398284445206323,0.02120080590248108,0.028995664045214652
rmse,model,surface_speed,1240,0.025876317421595255,0.02149561308324337,0.02977043390274048
rmse,model,surface_speed,1250,0.02638815181950728,0.02177059054374695,0.030596815794706345
rmse,model,surface_speed,1260,0.026922675097982088,0.022075479850172997,0.031376860290765765
rmse,model,surface_speed,1270,0.027481887489557266,0.022311951965093613,0.03217360451817512
rmse,model,surface_speed,1280,0.02803995683789253,0.02259315587580204,0.03306528031826019
rmse,model,surface_speed,1290,0.02858905295530955,0.022968585416674615,0.033874917030334475
rmse,model,surface_speed,1300,0.02922682079176108,0.023413651064038275,0.03465206325054169
rmse,model,surface_speed,1310,0.029870615030328434,0.023892110213637352,0.03544024974107742
rmse,model,surface_speed,1320,0.030488658448060355,0.024475278705358504,0.036227159202098846
rmse,model,surface_speed,1330,0.03115128104885419,0.0250901747494936,0.03695245236158371
rmse,model,surface_speed,1340,0.031844934448599815,0.02565050609409809,0.037843982130289076
rmse,model,surface_speed,1350,0.03258481025695801,0.026132851839065552,0.03893335908651352
rmse,model,surface_speed,1360,0.03337441335121791,0.026745986938476563,0.04003472626209259
rmse,model,surface_speed,1370,0.03417744648953279,0.027571723982691764,0.04125095531344414
rmse,model,surface_speed,1380,0.0349678477893273,0.028346816450357436,0.04237632974982262
rmse,model,surface_speed,1390,0.03580675634245078,0.029124854877591134,0.043424826860427854
rmse,model,surface_speed,1400,0.03669853570560614,0.030003953725099564,0.04448131620883942
rmse,model,surface_speed,1410,0.037613004073500635,0.030892273411154747,0.04553117156028748
rmse,model,surface_speed,1420,0.038556338474154475,0.03175149410963059,0.046688420325517656
rmse,model,surface_speed,1430,0.03952189510067304,0.032666619122028354,0.04795354008674622
rmse,model,surface_speed,1440,0.04054074448843797,0.033588845282793045,0.04916548207402229
rmse,model,surface_speed,1450,0.04155943046013514,0.03449777886271477,0.050430697947740556
rmse,model,surface_speed,1460,0.04252788747350375,0.03533972352743149,0.05161855518817902
rmse,model,surface_speed,1470,0.04359009762605031,0.036170114576816556,0.05282025262713432
rmse,model,surface_speed,1480,0.04468867555260658,0.03711599111557007,0.05408879891037941
rmse,model,surface_speed,1490,0.04573437670866649,0.037953755259513854,0.055382172018289565
rmse,model,surface_speed,1500,0.04683610523740451,0.038963714987039565,0.056704582273960115
rmse,model,surface_speed,1510,0.04798645973205566,0.04008638933300972,0.05800251066684723
rmse,model,surface_speed,1520,0.04917858615517616,0.04115364626049996,0.05933002158999443
rmse,model,surface_speed,1530,0.050436690698067346,0.04203570783138275,0.06078615710139275
rmse,model,surface_speed,1540,0.05172176932295163,0.042836704105138776,0.06238867789506912
rmse,model,surface_speed,1550,0.0530231274664402,0.04361439868807793,0.0638363316655159
rmse,model,surface_speed,1560,0.054369850705067314,0.044537650793790816,0.06518610119819641
rmse,model,surface_speed,1570,0.055742762982845306,0.04563188776373863,0.06668082922697068
rmse,model,surface_speed,1580,0.057178884247938794,0.04664954990148544,0.06819978505373
rmse,model,surface_speed,1590,0.058674600720405576,0.047984272986650464,0.06981425434350967
rmse,model,surface_speed,1600,0.060191204647223155,0.049457059055566785,0.07158378660678863
rmse,model,surface_speed,1610,0.061742334812879565,0.050962140411138536,0.07336437553167344
rmse,model,surface_speed,1620,0.06335356881221135,0.052585868537425993,0.07522165775299072
rmse,model,surface_speed,1630,0.06500650644302368,0.05432649701833725,0.07738980948925019
rmse,model,surface_speed,1640,0.06679401149352392,0.05618041530251503,0.07987207025289536
rmse,model,surface_speed,1650,0.06869436005751292,0.05817522257566452,0.08232139199972152
rmse,model,surface_speed,1660,0.0706653190155824,0.06032374575734138,0.08458394408226014
rmse,model,surface_speed,1670,0.07277840301394463,0.06274454742670059,0.08701958358287812
rmse,model,surface_speed,1680,0.07501431554555893,0.06499868631362915,0.0894919604063034
rmse,model,surface_speed,1690,0.07737762928009033,0.06739224344491959,0.09213115125894547
rmse,model,surface_speed,1700,0.07989446843663851,0.0700371265411377,0.09499577730894089
rmse,model,surface_speed,1710,0.08254219219088554,0.07277085185050965,0.09802897423505783
rmse,model,surface_speed,1720,0.0852528137465318,0.07546621710062026,0.10117395073175431
rmse,model,surface_speed,1730,0.08807142873605092,0.07796440571546555,0.10456343740224838
rmse,model,surface_speed,1740,0.09107484867175421,0.08043915331363678,0.1086730495095253
rmse,model,surface_speed,1750,0.0942220797141393,0.0828168272972107,0.11302735209465027
rmse,model,surface_speed,1760,0.09745742827653885,0.08519297242164611,0.1178096204996109
rmse,model,surface_speed,1770,0.10085734874010086,0.08772753626108169,0.12262439876794815
rmse,model,surface_speed,1780,0.10444959253072739,0.09012456685304641,0.12752708792686462
rmse,model,surface_speed,1790,0.10818239649136861,0.09258450716733932,0.1328206866979599
rmse,model,surface_speed,1800,0.1120986262957255,0.09525368362665176,0.13829854130744934
rmse,model,surface_speed,1810,0.11619734764099121,0.09785686284303666,0.143877837061882
rmse,model,surface_speed,1820,0.12047233432531357,0.10066664814949036,0.14964036643505096
rmse,model,surface_speed,1830,0.12493225385745367,0.10371720641851426,0.15560873448848725
rmse,model,surface_speed,1840,0.129595044751962,0.10672826617956162,0.16171444058418274
rmse,model,surface_speed,1850,0.13446638137102127,0.10982502549886704,0.16802472174167632
rmse,model,surface_speed,1860,0.13959469199180602,0.11324227154254914,0.17461252510547637
rmse,model,surface_speed,1870,0.14497677981853485,0.11701527833938599,0.18150272965431213
rmse,model,surface_speed,1880,0.1505684345960617,0.12098371535539627,0.18863835334777831
rmse,model,surface_speed,1890,0.1563753401239713,0.12515810877084732,0.1959943115711212
rmse,model,surface_speed,1900,0.16244974335034687,0.1297662228345871,0.20365761816501618
rmse,model,surface_speed,1910,0.16875743021567663,0.13465186059474946,0.21153689920902252
rmse,model,surface_speed,1920,0.17538902014493943,0.13972062170505523,0.2197248637676239
rmse,model,surface_speed,1930,0.1823676476875941,0.14507509768009186,0.22837833166122437
rmse,model,surface_speed,1940,0.1896670252084732,0.15076692402362823,0.23732836842536925
rmse,model,surface_speed,1950,0.19734966059525808,0.15668710172176362,0.24651163816452026
rmse,model,surface_speed,1960,0.20541733205318452,0.16287338435649873,0.256173312664032
rmse,model,surface_speed,1970,0.21385832329591115,0.1690327674150467,0.26638023853302
rmse,model,surface_speed,1980,0.22270157933235168,0.1750078707933426,0.27755419015884397
rmse,model,surface_speed,1990,0.23196876049041748,0.18131585717201232,0.2895242929458618
rmse,model,surface_speed,2000,0.24166754484176636,0.18789564967155456,0.30191075205802914
rmse,climatology,surface_speed,0,0.003395489929243922,0.002791878767311573,0.0038975239731371403
rmse,climatology,surface_speed,10,0.0034668739885091782,0.003027184773236513,0.003942241054028272
rmse,climatology,surface_speed,20,0.003507445643966397,0.0029918340034782885,0.00436863200739026
rmse,climatology,surface_speed,30,0.0034759497890869775,0.003024546708911657,0.00465848334133625
rmse,climatology,surface_speed,40,0.003502055738742153,0.002897839108482003,0.004888666514307261
rmse,climatology,surface_speed,50,0.0035324322370191416,0.002966473111882806,0.004909996688365936
rmse,climatology,surface_speed,60,0.003493974404409528,0.002970660477876663,0.0046678403392434115
rmse,climatology,surface_speed,70,0.0034749320863435664,0.00282965749502182,0.00455883052200079
rmse,climatology,surface_speed,80,0.003490965502957503,0.003038997109979391,0.00424226438626647
rmse,climatology,surface_speed,90,0.0033896784763783215,0.002878252835944295,0.0038841002620756625
rmse,climatology,surface_speed,100,0.003317950541774432,0.0029093542601913215,0.003977566212415695
rmse,climatology,surface_speed,110,0.0033665262317905823,0.0029993713833391666,0.004031009692698717
rmse,climatology,surface_speed,120,0.0034356478446473677,0.002928641065955162,0.0040211333893239495
rmse,climatology,surface_speed,130,0.003435991533721487,0.0030081394128501416,0.0038294066209346054
rmse,climatology,surface_speed,140,0.0034440129064023496,0.0028687563259154557,0.003871730901300907
rmse,climatology,surface_speed,150,0.0034878276598950225,0.0030458863358944653,0.003880188101902604
rmse,climatology,surface_speed,160,0.0034604855813086034,0.0030679597053676843,0.004023695550858975
rmse,climatology,surface_speed,170,0.0034962707820038,0.0028869802132248878,0.004118202161043882
rmse,climatology,surface_speed,180,0.0035273684809605283,0.0029927137773483993,0.004329511523246765
rmse,climatology,surface_speed,190,0.003567487110073368,0.003009753907099366,0.004116017557680607
rmse,climatology,surface_speed,200,0.003511474762732784,0.002939938334748149,0.004124777019023895
rmse,climatology,surface_speed,210,0.00356145859695971,0.0029369940515607596,0.004434080328792334
rmse,climatology,surface_speed,220,0.0036029102591176826,0.002878150250762701,0.00477296793833375
rmse,climatology,surface_speed,230,0.003633250979085763,0.0029649253468960524,0.004771346040070057
rmse,climatology,surface_speed,240,0.0036938191236307225,0.0029327151365578174,0.005034111253917217
rmse,climatology,surface_speed,250,0.0037467704775432744,0.0030152655206620695,0.005174401123076678
rmse,climatology,surface_speed,260,0.0036798282060772182,0.0028738565742969513,0.004924021475017071
rmse,climatology,surface_speed,270,0.003581090411171317,0.00289758057333529,0.004708244837820529
rmse,climatology,surface_speed,280,0.0036032873671501876,0.002976549882441759,0.004598866496235132
rmse,climatology,surface_speed,290,0.003657230827957392,0.0029690983705222608,0.004339236486703158
rmse,climatology,surface_speed,300,0.0036335819556067386,0.003144252486526966,0.004105041921138764
rmse,climatology,surface_speed,310,0.0036246126207212606,0.0030146745033562184,0.004399604722857475
rmse,climatology,surface_speed,320,0.0036288869722435873,0.0031702521722763778,0.0045965414494276045
rmse,climatology,surface_speed,330,0.0035781698767095803,0.003110563289374113,0.004571515973657369
rmse,climatology,surface_speed,340,0.0035850812525798875,0.003170891385525465,0.004283440299332142
rmse,climatology,surface_speed,350,0.0035352712652335565,0.003103206353262067,0.004065364133566618
rmse,climatology,surface_speed,360,0.003513411122063796,0.0029705675318837167,0.003989473823457957
rmse,climatology,surface_speed,370,0.0033792158123105765,0.002955552050843835,0.0038319996558129786
rmse,climatology,surface_speed,380,0.0033718825473139685,0.003064694395288825,0.0036301098763942717
rmse,climatology,surface_speed,390,0.0033465224783867597,0.0029068277683109043,0.0038779580034315583
rmse,climatology,surface_speed,400,0.0033251642249524592,0.00285276654176414,0.00395170422270894
rmse,climatology,surface_speed,410,0.0033682447702934343,0.002903015213087201,0.0038128357380628588
rmse,climatology,surface_speed,420,0.0034401246812194586,0.003040635772049427,0.003804755816236138
rmse,climatology,surface_speed,430,0.003422937790552775,0.0029351658187806605,0.0038754417560994624
rmse,climatology,surface_speed,440,0.0033654566543797654,0.003013648185878992,0.003936752956360578
rmse,climatology,surface_speed,450,0.0034244207199662924,0.0028788238298147915,0.003941969480365515
rmse,climatology,surface_speed,460,0.003499841798717777,0.002912421664223075,0.004198595695197582
rmse,climatology,surface_speed,470,0.003502926416695118,0.0030599790159612896,0.00421674745157361
rmse,climatology,surface_speed,480,0.0035229901007066172,0.00290083447471261,0.003987901005893945
rmse,climatology,surface_speed,490,0.003560201513270537,0.0031097747385501863,0.00403986144810915
rmse,climatology,surface_speed,500,0.0035560540854930878,0.002853493206202984,0.004224725253880024
rmse,climatology,surface_speed,510,0.0036085471355666717,0.003058172715827823,0.004587672650814056
rmse,climatology,surface_speed,520,0.003666377067565918,0.0032011411152780057,0.004580445121973753
rmse,climatology,surface_speed,530,0.0037564510324349007,0.0032537091989070176,0.004935831669718027
rmse,climatology,surface_speed,540,0.003673806491618355,0.0030696313362568615,0.005018467642366886
rmse,climatology,surface_speed,550,0.003680452735473712,0.0029060158412903547,0.0050532610155642034
rmse,climatology,surface_speed,560,0.003651856677606702,0.003109700558707118,0.004896804969757795
rmse,climatology,surface_speed,570,0.0035924362018704414,0.0031995575875043867,0.004530950728803873
rmse,climatology,surface_speed,580,0.0035622050520032643,0.0028540400322526692,0.004180461447685957
rmse,climatology,surface_speed,590,0.0035823806654661896,0.0031307493802160023,0.004224728886038065
rmse,climatology,surface_speed,600,0.0035694210324436425,0.0031401021406054497,0.004067892488092184
rmse,climatology,surface_speed,610,0.0035044540806363025,0.0029966112226247786,0.0040722285397350785
rmse,climatology,surface_speed,620,0.00357534255211552,0.002940833708271384,0.004318566620349884
rmse,climatology,surface_speed,630,0.003716157733773192,0.0031463682651519777,0.004405703395605087
rmse,climatology,surface_speed,640,0.0037527379579842092,0.003042607894167304,0.004883205704391003
rmse,climatology,surface_speed,650,0.0038004194851964713,0.002933241194114089,0.005465649534016847
rmse,climatology,surface_speed,660,0.0038403586794932684,0.0030537490267306565,0.005883226729929447
rmse,climatology,surface_speed,670,0.0038567735347896813,0.0029744144529104235,0.006085625384002924
rmse,climatology,surface_speed,680,0.003847911364088456,0.00291395359672606,0.0061522706411778925
rmse,climatology,surface_speed,690,0.003849097108468413,0.0029649292584508656,0.00601533530279994
rmse,climatology,surface_speed,700,0.003884270011136929,0.0031915355939418077,0.0057537853717803955
rmse,climatology,surface_speed,710,0.0037621375328550735,0.0030790976248681544,0.0054016543552279465
rmse,climatology,surface_speed,720,0.003725357384731372,0.0029082351829856634,0.005242110695689917
rmse,climatology,surface_speed,730,0.0036969780921936035,0.0030195435974746943,0.004863443970680237
rmse,climatology,surface_speed,740,0.003681220859289169,0.0030613898299634455,0.00468049943447113
rmse,climatology,surface_speed,750,0.003688833753888806,0.0030502339359372854,0.00489049730822444
rmse,climatology,surface_speed,760,0.003728675749152899,0.003145549353212118,0.004512606561183929
rmse,climatology,surface_speed,770,0.003742175487180551,0.0030579102225601674,0.004546243418008089
rmse,climatology,surface_speed,780,0.003681783207381765,0.0031043135561048983,0.004430038388818502
rmse,climatology,surface_speed,790,0.003740129790579279,0.0029723206534981728,0.004469246882945299
rmse,climatology,surface_speed,800,0.003864710498601198,0.003252508584409952,0.005071834754198789
rmse,climatology,surface_speed,810,0.0038977504552652436,0.003166978061199188,0.00535511327907443
rmse,climatology,surface_speed,820,0.003952176636084914,0.0032528369221836327,0.0052985865622758865
rmse,climatology,surface_speed,830,0.003996181456993024,0.0031035350635647773,0.005401504877954722
rmse,climatology,surface_speed,840,0.004060718991483251,0.0031713292468339206,0.005615895334631204
rmse,climatology,surface_speed,850,0.004091357175881664,0.0031373842153698205,0.005909959599375725
rmse,climatology,surface_speed,860,0.004134934147198995,0.0031267677899450065,0.006096226535737514
rmse,climatology,surface_speed,870,0.004212558719639977,0.003189772507175803,0.006316741090267896
rmse,climatology,surface_speed,880,0.004136524147664507,0.0030680765863507985,0.006249376852065325
rmse,climatology,surface_speed,890,0.004132163741936286,0.0032259462401270866,0.006206956040114164
rmse,climatology,surface_speed,900,0.004107336482654015,0.003056502342224121,0.005957242660224437
rmse,climatology,surface_speed,910,0.004069681791588664,0.0029086177237331867,0.005946398247033358
rmse,climatology,surface_speed,920,0.004073257294173042,0.0029828428756445645,0.00579644525423646
rmse,climatology,surface_speed,930,0.004062300097818176,0.003056589048355818,0.005556839425116777
rmse,climatology,surface_speed,940,0.0040344680038591225,0.002969910530373454,0.005736501421779394
rmse,climatology,surface_speed,950,0.003899647512783607,0.0029322572518140078,0.005620975233614444
rmse,climatology,surface_speed,960,0.0038641979917883873,0.00299183651804924,0.005496049299836159
rmse,climatology,surface_speed,970,0.0038814422053595385,0.0030889451503753663,0.005252687726169824
rmse,climatology,surface_speed,980,0.00383340111002326,0.003054783307015896,0.005003398563712834
rmse,climatology,surface_speed,990,0.003804843391602238,0.003221067460253835,0.004711276572197675
rmse,climatology,surface_speed,1000,0.0037472898761431376,0.0032196818850934506,0.004432488046586513
rmse,climatology,surface_speed,1010,0.003723731528346737,0.0031412473414093255,0.004594029858708382
rmse,climatology,surface_speed,1020,0.003681318601593375,0.0031872337218374013,0.004475174285471439
rmse,climatology,surface_speed,1030,0.003701265761628747,0.003283545933663845,0.0044099966064095495
rmse,climatology,surface_speed,1040,0.0037355775479227305,0.003187651140615344,0.004392175283282995
rmse,climatology,surface_speed,1050,0.003664989241709312,0.0030050438828766344,0.004185005743056536
rmse,climatology,surface_speed,1060,0.0036733644704024,0.0030646170023828747,0.004233773984014988
rmse,climatology,surface_speed,1070,0.0036940278174976506,0.003232101444154978,0.004339433182030916
rmse,climatology,surface_speed,1080,0.0037161808616171283,0.0029287033714354037,0.004656353406608104
rmse,climatology,surface_speed,1090,0.0037516871932893993,0.0030997282825410365,0.005161856394261121
rmse,climatology,surface_speed,1100,0.003802479710429907,0.003007900854572654,0.005251052230596542
rmse,climatology,surface_speed,1110,0.003864534121627609,0.0031108541879802942,0.005233979597687721
rmse,climatology,surface_speed,1120,0.003806670925890406,0.0029902705922722817,0.005058208014816046
rmse,climatology,surface_speed,1130,0.0038514475493381423,0.0028639214113354685,0.0052816177718341345
rmse,climatology,surface_speed,1140,0.003970170905813575,0.0030712745152413844,0.005749721266329288
rmse,climatology,surface_speed,1150,0.0040185896524538595,0.0029746615793555973,0.006007706467062235
rmse,climatology,surface_speed,1160,0.004039737830559413,0.003024953603744507,0.0061644999310374255
rmse,climatology,surface_speed,1170,0.004027330114816626,0.0029665693640708924,0.006299287732690573
rmse,climatology,surface_speed,1180,0.004035082180052996,0.003023812128230929,0.006224111188203096
rmse,climatology,surface_speed,1190,0.003936638031154871,0.0030224930960685015,0.0060424691066145895
rmse,climatology,surface_speed,1200,0.003917107700059811,0.00308756772428751,0.005868799239397049
rmse,climatology,surface_speed,1210,0.0038995356298983097,0.0031453377567231657,0.005618814937770366
rmse,climatology,surface_speed,1220,0.0037709758306543033,0.003192342445254326,0.0052391585893929
rmse,climatology,surface_speed,1230,0.003669424479206403,0.002981930132955313,0.00484683969989419
rmse,climatology,surface_speed,1240,0.0036155518454809984,0.003055868437513709,0.004606027342379093
rmse,climatology,surface_speed,1250,0.0035786551889032125,0.003108280524611473,0.004420424159616232
rmse,climatology,surface_speed,1260,0.003524563663328687,0.003012007474899292,0.004162268992513418
rmse,climatology,surface_speed,1270,0.003521615934247772,0.0028815420344471933,0.004064058698713779
rmse,climatology,surface_speed,1280,0.0035772170716275773,0.003229849133640528,0.003982161544263363
rmse,climatology,surface_speed,1290,0.0035129141217718524,0.0030654889065772294,0.003975858353078366
rmse,climatology,surface_speed,1300,0.0035318282122413316,0.002882026555016637,0.004219912644475699
rmse,climatology,surface_speed,1310,0.0036489835940301417,0.0030843439511954785,0.004301766492426395
rmse,climatology,surface_speed,1320,0.0037333489395678042,0.0030489368364214897,0.00455067902803421
rmse,climatology,surface_speed,1330,0.0037652300981183846,0.0029744089115411043,0.005148154310882091
rmse,climatology,surface_speed,1340,0.0037733922402064008,0.002928806422278285,0.005523985996842384
rmse,climatology,surface_speed,1350,0.003821333808203538,0.0030365992337465287,0.0057086762972176075
rmse,climatology,surface_speed,1360,0.003764783808340629,0.00309020197018981,0.00579402195289731
rmse,climatology,surface_speed,1370,0.0037804712851842244,0.0028561581391841175,0.005658812914043665
rmse,climatology,surface_speed,1380,0.0037922198108086983,0.003118705563247204,0.0053282868117094035
rmse,climatology,surface_speed,1390,0.003721029513205091,0.0031329747289419174,0.0049521752633154385
rmse,climatology,surface_speed,1400,0.0036318419966846704,0.0031121783889830113,0.004703760985285043
rmse,climatology,surface_speed,1410,0.003598649986088276,0.0030531133059412243,0.0046096742153167725
rmse,climatology,surface_speed,1420,0.003600096733619769,0.0030197945423424246,0.00436820238828659
rmse,climatology,surface_speed,1430,0.003589911929642161,0.0030435511842370035,0.004483937192708253
rmse,climatology,surface_speed,1440,0.0036133353287974993,0.0030042210593819616,0.004141319915652275
rmse,climatology,surface_speed,1450,0.0036876899500687915,0.003198780585080385,0.004164495319128036
rmse,climatology,surface_speed,1460,0.0036369813916583855,0.003085040394216776,0.004308953136205673
rmse,climatology,surface_speed,1470,0.0036297443478057784,0.003041890729218721,0.0042802105657756325
rmse,climatology,surface_speed,1480,0.0037295150104910135,0.0031294657848775385,0.004611102398484945
rmse,climatology,surface_speed,1490,0.0038027921536316475,0.0032631272450089456,0.005034720618277788
rmse,climatology,surface_speed,1500,0.003829064064969619,0.003205770393833518,0.004924829956144094
rmse,climatology,surface_speed,1510,0.003852959116920829,0.003143199672922492,0.004934776201844215
rmse,climatology,surface_speed,1520,0.003923965602492293,0.003183220932260156,0.005257918778806925
rmse,climatology,surface_speed,1530,0.003938445650661985,0.0031997228506952524,0.005472345743328333
rmse,climatology,surface_speed,1540,0.004010725611199935,0.0031352213118225336,0.00573307853192091
rmse,climatology,surface_speed,1550,0.004053064171845714,0.0031722776126116513,0.006025773379951716
rmse,climatology,surface_speed,1560,0.004050106508657336,0.0030632334761321544,0.005979519058018923
rmse,climatology,surface_speed,1570,0.003978380979970097,0.0030295141506940125,0.005823078285902739
rmse,climatology,surface_speed,1580,0.003966993310799202,0.003144876193255186,0.005541250016540288
rmse,climatology,surface_speed,1590,0.003931667298699418,0.002881248388439417,0.0054778758436441425
rmse,climatology,surface_speed,1600,0.003880598722025752,0.0029946146067231895,0.0052942059934139255
rmse,climatology,surface_speed,1610,0.0038764347632726033,0.0030169088393449785,0.005078090354800224
rmse,climatology,surface_speed,1620,0.0038992376842846475,0.0030707665253430607,0.005342718213796616
rmse,climatology,surface_speed,1630,0.003802505120014151,0.002958043711259961,0.005299909692257642
rmse,climatology,surface_speed,1640,0.0037188900945087275,0.0029727622400969266,0.005061272624880075
rmse,climatology,surface_speed,1650,0.0037275299274673063,0.003050912031903863,0.004884318448603153
rmse,climatology,surface_speed,1660,0.003731103256965677,0.002992645325139165,0.0046541068702936166
rmse,climatology,surface_speed,1670,0.0036841622708986203,0.003208073927089572,0.004397938400506973
rmse,climatology,surface_speed,1680,0.003630904604991277,0.003273314330726862,0.004088099207729101
rmse,climatology,surface_speed,1690,0.0036138953175395725,0.0032189061399549245,0.004173980932682753
rmse,climatology,surface_speed,1700,0.0035494460258632897,0.003158469218760729,0.004349592793732882
rmse,climatology,surface_speed,1710,0.0035946426913142206,0.003265575459226966,0.004009417351335287
rmse,climatology,surface_speed,1720,0.003607936405266325,0.0031962450593709946,0.004058270715177059
rmse,climatology,surface_speed,1730,0.003634719705830018,0.0031647875905036925,0.0040288930758833885
rmse,climatology,surface_speed,1740,0.0035764979509015876,0.0030992608051747085,0.004074251279234886
rmse,climatology,surface_speed,1750,0.0036259376754363376,0.003155222488567233,0.004177907388657331
rmse,climatology,surface_speed,1760,0.003645699331536889,0.003081941744312644,0.00435449993237853
rmse,climatology,surface_speed,1770,0.0036431787845989066,0.0029573742300271987,0.004810738656669854
rmse,climatology,surface_speed,1780,0.0036812081933021547,0.002906896872445941,0.004858497623354196
rmse,climatology,surface_speed,1790,0.0037597295672943194,0.003130074590444565,0.004874111711978912
rmse,climatology,surface_speed,1800,0.0037468135667343932,0.0029883910436183216,0.004741216357797384
rmse,climatology,surface_speed,1810,0.003720113029703498,0.00298814638517797,0.004846607521176338
rmse,climatology,surface_speed,1820,0.0038181775404761233,0.0029813866596668957,0.005278866458684205
rmse,climatology,surface_speed,1830,0.003921640617772937,0.0029840200673788785,0.005584349017590284
rmse,climatology,surface_speed,1840,0.003933616975943247,0.0031416502315551043,0.005788895953446627
rmse,climatology,surface_speed,1850,0.003928007495899995,0.002911451645195484,0.006031867302954197
rmse,climatology,surface_speed,1860,0.00394207116526862,0.0031630343291908503,0.005911966133862734
rmse,climatology,surface_speed,1870,0.003865373460575938,0.0028583873994648457,0.005704250652343035
rmse,climatology,surface_speed,1880,0.00383227940959235,0.0030546475667506457,0.005387664493173361
rmse,climatology,surface_speed,1890,0.0037892631565531096,0.003232450457289815,0.005146351736038923
rmse,climatology,surface_speed,1900,0.003774557185048858,0.003270458756014705,0.004810765013098716
rmse,climatology,surface_speed,1910,0.0036434367299079894,0.0030713758897036314,0.0044033613987267016
rmse,climatology,surface_speed,1920,0.003633754048496485,0.0029150177724659443,0.004466457292437553
rmse,climatology,surface_speed,1930,0.0036427143185089033,0.0031396332196891308,0.004252995178103447
rmse,climatology,surface_speed,1940,0.0036466781826068957,0.0031793325208127497,0.004189040046185255
rmse,climatology,surface_speed,1950,0.003696684166789055,0.0028718233108520506,0.004589053615927696
rmse,climatology,surface_speed,1960,0.003797369450330734,0.0031687911599874497,0.004747056681662798
rmse,climatology,surface_speed,1970,0.003828466140354673,0.0031412387732416393,0.005207721795886755
rmse,climatology,surface_speed,1980,0.0037940116599202156,0.0030247244983911516,0.005606396310031413
rmse,climatology,surface_speed,1990,0.0038364775944501163,0.0030011661816388368,0.0058653041720390315
rmse,climatology,surface_speed,2000,0.003912205342203379,0.0032144306227564813,0.0060101737268269066
rmse,persistence,surface_speed,0,0.0,0.0,0.0
rmse,persistence,surface_speed,10,0.0023572532072042426,0.0018963045440614223,0.0027663083747029305
rmse,persistence,surface_speed,20,0.003400436198959748,0.002976603200659156,0.004053849913179875
rmse,persistence,surface_speed,30,0.003912514913827181,0.0035253065172582863,0.00430891141295433
rmse,persistence,surface_speed,40,0.004639810525501767,0.003953629732131958,0.005117436219006777
rmse,persistence,surface_speed,50,0.005038322197894255,0.004373225662857294,0.005583388730883598
rmse,persistence,surface_speed,60,0.005001902673393488,0.004390926472842694,0.005515664909034967
rmse,persistence,surface_speed,70,0.0050370479313035805,0.004310252144932747,0.005785899050533771
rmse,persistence,surface_speed,80,0.005074648062388102,0.00463551776483655,0.005657238513231277
rmse,persistence,surface_speed,90,0.005038200970739126,0.0046599053777754305,0.0054783069528639315
rmse,persistence,surface_speed,100,0.0050051484256982805,0.004520984925329685,0.005603095889091492
rmse,persistence,surface_speed,110,0.005097492846349875,0.004601202439516783,0.005618758592754602
rmse,persistence,surface_speed,120,0.00524213050181667,0.004708579182624817,0.005810541566461325
rmse,persistence,surface_speed,130,0.004908356567223867,0.0043041171506047245,0.0060242117382586
rmse,persistence,surface_speed,140,0.004261675585682193,0.003474553721025586,0.005655289068818092
rmse,persistence,surface_speed,150,0.004050730417172114,0.00317058484070003,0.00537145072594285
rmse,persistence,surface_speed,160,0.0033371809559563795,0.002516831224784255,0.004723521508276462
rmse,persistence,surface_speed,170,0.0020388063082161048,0.0008841575123369694,0.003926041163504123
rmse,persistence,surface_speed,180,0.0031738621182739735,0.0020334470085799695,0.0045071828179061415
rmse,persistence,surface_speed,190,0.004137167225902279,0.003094264306128025,0.005409854091703891
rmse,persistence,surface_speed,200,0.004568165245776375,0.0035656771622598173,0.005864135921001434
rmse,persistence,surface_speed,210,0.005229238172372182,0.004102859366685152,0.006243943609297275
rmse,persistence,surface_speed,220,0.005647476576268673,0.004580722935497761,0.006754624098539353
rmse,persistence,surface_speed,230,0.005675594011942546,0.0045929946005344394,0.006857982743531466
rmse,persistence,surface_speed,240,0.005739325160781543,0.004475494939833879,0.0068112539127469065
rmse,persistence,surface_speed,250,0.0057803652870158356,0.004724288918077945,0.007133145444095134
rmse,persistence,surface_speed,260,0.005747358159472545,0.004919110145419836,0.006669762544333935
rmse,persistence,surface_speed,270,0.005653013599415621,0.004880719445645809,0.006477510742843151
rmse,persistence,surface_speed,280,0.005660366266965866,0.0048269502818584446,0.006399068702012301
rmse,persistence,surface_speed,290,0.005760909710079432,0.0051187979988753796,0.006461274158209562
rmse,persistence,surface_speed,300,0.005443279383083185,0.004798935819417238,0.006298671569675207
rmse,persistence,surface_speed,310,0.0047775329866757,0.00398931335657835,0.005921192374080419
rmse,persistence,surface_speed,320,0.00447251348135372,0.003573196101933718,0.005841599591076374
rmse,persistence,surface_speed,330,0.0038626710418611767,0.0029170975554734468,0.00519423708319664
rmse,persistence,surface_speed,340,0.0026680358530332643,0.001747562480159104,0.004302653018385172
rmse,persistence,surface_speed,350,0.0032691159130384525,0.0024613535962998865,0.0044449082575738425
rmse,persistence,surface_speed,360,0.004160525479043524,0.0034341806545853614,0.005071870144456625
rmse,persistence,surface_speed,370,0.004474535320575039,0.004023437388241291,0.005208440124988556
rmse,persistence,surface_speed,380,0.005054445036997398,0.004561839159578085,0.005511907488107681
rmse,persistence,surface_speed,390,0.005451691926767429,0.005055134184658527,0.0057889407500624655
rmse,persistence,surface_speed,400,0.0054604724670449896,0.005090691708028316,0.0058873996138572695
rmse,persistence,surface_speed,410,0.005481967019538085,0.004913245234638453,0.005999371502548456
rmse,persistence,surface_speed,420,0.005519127907852332,0.004927147831767798,0.006351050082594156
rmse,persistence,surface_speed,430,0.0055089481795827545,0.004878811724483967,0.006269664503633976
rmse,persistence,surface_speed,440,0.0054505574827392895,0.004763822350651026,0.006168003473430872
rmse,persistence,surface_speed,450,0.005463121831417084,0.004862394742667675,0.006473447941243648
rmse,persistence,surface_speed,460,0.00557916092996796,0.00486376890912652,0.006686387583613396
rmse,persistence,surface_speed,470,0.005327096364150445,0.004516820795834065,0.006115108355879783
rmse,persistence,surface_speed,480,0.004665089103703697,0.0037702725734561683,0.00559046259149909
rmse,persistence,surface_speed,490,0.004341744243477782,0.0032039165496826174,0.0052984730340540406
rmse,persistence,surface_speed,500,0.003843290125951171,0.002844778588041663,0.004937667306512595
rmse,persistence,surface_speed,510,0.002475309022702277,0.0010739158373326064,0.004671494290232658
rmse,persistence,surface_speed,520,0.0030618603186060986,0.0016359004424884916,0.004929003398865461
rmse,persistence,surface_speed,530,0.004174561410521468,0.0028985963203012944,0.005870835855603218
rmse,persistence,surface_speed,540,0.004551377519965172,0.003627162054181099,0.006467675231397151
rmse,persistence,surface_speed,550,0.005107116295645634,0.0040076982229948046,0.006824562977999449
rmse,persistence,surface_speed,560,0.00549980578944087,0.00448577394708991,0.007001079153269529
rmse,persistence,surface_speed,570,0.005472481312851111,0.004585735313594341,0.006818163767457008
rmse,persistence,surface_speed,580,0.00538057799761494,0.004450064338743687,0.0063347225077450275
rmse,persistence,surface_speed,590,0.0053258179997404415,0.0045425103046,0.006327283289283514
rmse,persistence,surface_speed,600,0.005236121701697508,0.004676098749041557,0.006057074014097452
rmse,persistence,surface_speed,610,0.005083002025882403,0.004402416106313467,0.0056878867559134955
rmse,persistence,surface_speed,620,0.0050442425534129144,0.00444741640239954,0.005837712530046701
rmse,persistence,surface_speed,630,0.005169069084028403,0.004610450379550457,0.005864231660962105
rmse,persistence,surface_speed,640,0.0049473272636532785,0.004380557965487242,0.005597754660993814
rmse,persistence,surface_speed,650,0.004251193581148982,0.003690929850563407,0.005108615290373563
rmse,persistence,surface_speed,660,0.003851219918578863,0.0030650673899799584,0.004903842136263847
rmse,persistence,surface_speed,670,0.0033850842931618295,0.0027056023478507995,0.0044036366976797576
rmse,persistence,surface_speed,680,0.0017251372803002596,0.0010689456015825272,0.0034296130761504165
rmse,persistence,surface_speed,690,0.002069429859208564,0.0013607386499643326,0.003387904539704322
rmse,persistence,surface_speed,700,0.003471746575087309,0.0027288624551147223,0.004634253215044737
rmse,persistence,surface_speed,710,0.0039256770318994915,0.0032545885071158407,0.004755147360265255
rmse,persistence,surface_speed,720,0.004550354182720184,0.0038087906315922735,0.005392075981944799
rmse,persistence,surface_speed,730,0.005083000722030799,0.004353404324501753,0.0059094677679240705
rmse,persistence,surface_speed,740,0.005194185363749663,0.004483490623533726,0.005787597317248583
rmse,persistence,surface_speed,750,0.005220996309071779,0.004459600988775491,0.006076911557465791
rmse,persistence,surface_speed,760,0.005301767556617657,0.004441933147609234,0.005885126069188118
rmse,persistence,surface_speed,770,0.005354811437427998,0.004718531295657158,0.006071871798485518
rmse,persistence,surface_speed,780,0.005339317210018635,0.004516999796032905,0.0059074127115309235
rmse,persistence,surface_speed,790,0.0053966958075761795,0.004457026440650225,0.006259519886225462
rmse,persistence,surface_speed,800,0.005603102811922629,0.0047970331273972985,0.0070412601344287395
rmse,persistence,surface_speed,810,0.005536130536347628,0.004672197997570038,0.006854328420013189
rmse,persistence,surface_speed,820,0.005010963371023536,0.004037143941968679,0.00630919300019741
rmse,persistence,surface_speed,830,0.004668607019508878,0.003499203873798251,0.006160050071775913
rmse,persistence,surface_speed,840,0.004438313158849875,0.0030369171872735023,0.006139111518859863
rmse,persistence,surface_speed,850,0.0034254697461922963,0.0016500280471518636,0.005624579917639494
rmse,persistence,surface_speed,860,0.003522014889555673,0.0016738168196752667,0.005766401533037424
rmse,persistence,surface_speed,870,0.00462649284551541,0.0032099783420562744,0.006766206212341785
rmse,persistence,surface_speed,880,0.005035149880374471,0.003705665655434132,0.007082483358681202
rmse,persistence,surface_speed,890,0.005530621825406949,0.004345502704381943,0.007317334134131669
rmse,persistence,surface_speed,900,0.006005618534982204,0.004838760755956173,0.0075481895357370375
rmse,persistence,surface_speed,910,0.006109945320834716,0.004924963228404522,0.007585733663290739
rmse,persistence,surface_speed,920,0.006074961802611748,0.004947314877063036,0.007563160732388496
rmse,persistence,surface_speed,930,0.006086391893525918,0.004909696429967881,0.007441792916506529
rmse,persistence,surface_speed,940,0.0060704095599552,0.005158701445907354,0.007176184840500355
rmse,persistence,surface_speed,950,0.00595929982761542,0.004988157376646996,0.007159438077360391
rmse,persistence,surface_speed,960,0.005875839572399855,0.004784392938017845,0.007170396577566861
rmse,persistence,surface_speed,970,0.005941695223251979,0.005209614522755146,0.007243929989635944
rmse,persistence,surface_speed,980,0.005812589172273874,0.005201651807874441,0.006831811089068651
rmse,persistence,surface_speed,990,0.005212103140850862,0.004558132216334343,0.006122420169413089
rmse,persistence,surface_speed,1000,0.004685149854049086,0.003915472235530615,0.005813296418637037
rmse,persistence,surface_speed,1010,0.004395260460053881,0.003368197055533528,0.005336927529424429
rmse,persistence,surface_speed,1020,0.0033357568085193635,0.002425760170444846,0.004645003285259008
rmse,persistence,surface_speed,1030,0.0030671228809903066,0.0021204643882811068,0.004468601755797863
rmse,persistence,surface_speed,1040,0.004160962098588546,0.003293460141867399,0.00501104686409235
rmse,persistence,surface_speed,1050,0.004638176799441378,0.003904379764571786,0.0054437012411654
rmse,persistence,surface_speed,1060,0.005128333065658808,0.004453415796160698,0.005899021960794925
rmse,persistence,surface_speed,1070,0.005664006962130467,0.0048758572898805145,0.006607633177191019
rmse,persistence,surface_speed,1080,0.00585643295198679,0.005266435071825981,0.00676143579185009
rmse,persistence,surface_speed,1090,0.005839476734399796,0.0050423224456608295,0.006960815843194723
rmse,persistence,surface_speed,1100,0.005869851230333249,0.004766491800546646,0.007132141571491957
rmse,persistence,surface_speed,1110,0.005892710698147615,0.0049464480951428415,0.007171900756657123
rmse,persistence,surface_speed,1120,0.005844780895859003,0.0049082874320447445,0.00691804476082325
rmse,persistence,surface_speed,1130,0.005827572817603747,0.004739302024245262,0.007537894695997238
rmse,persistence,surface_speed,1140,0.005948313511908054,0.004812876414507628,0.007864679023623467
rmse,persistence,surface_speed,1150,0.005934796296060085,0.004819305520504713,0.008020449988543987
rmse,persistence,surface_speed,1160,0.005417408359547456,0.004125868529081344,0.00787895154207945
rmse,persistence,surface_speed,1170,0.004872879370426139,0.003428297769278288,0.007547549903392792
rmse,persistence,surface_speed,1180,0.004634455017124613,0.003170233266428113,0.0071434715762734415
rmse,persistence,surface_speed,1190,0.0035082913003861905,0.0019418492913246155,0.006615527905523777
rmse,persistence,surface_speed,1200,0.0027745177891726294,0.0010628593154251575,0.006167668104171753
rmse,persistence,surface_speed,1210,0.003970062670608361,0.002446744404733181,0.006332044955343008
rmse,persistence,surface_speed,1220,0.004448531428351998,0.003375326003879309,0.006473426055163145
rmse,persistence,surface_speed,1230,0.004818002662310998,0.0038701415993273257,0.006468635145574808
rmse,persistence,surface_speed,1240,0.005300628890593847,0.0042573966085910795,0.00654724407941103
rmse,persistence,surface_speed,1250,0.005444886473317941,0.004637944232672453,0.0065890027210116385
rmse,persistence,surface_speed,1260,0.005300812485317389,0.004424085188657045,0.006184441410005092
rmse,persistence,surface_speed,1270,0.005244506616145372,0.004343059659004211,0.006119159795343876
rmse,persistence,surface_speed,1280,0.005192808372279008,0.004703289642930031,0.0059359859675168995
rmse,persistence,surface_speed,1290,0.005049289452532927,0.004575929511338473,0.005735097452998161
rmse,persistence,surface_speed,1300,0.00494496626779437,0.004371593613177538,0.005659028887748718
rmse,persistence,surface_speed,1310,0.005028953279058139,0.0045322742313146595,0.005588375963270664
rmse,persistence,surface_speed,1320,0.005043173984934886,0.00457233665511012,0.0054504784755408766
rmse,persistence,surface_speed,1330,0.00451183964808782,0.003945218771696091,0.0052605909295380116
rmse,persistence,surface_speed,1340,0.0038570433389395475,0.0032602005172520875,0.0044972911477088925
rmse,persistence,surface_speed,1350,0.0036311316148688396,0.0029475051909685136,0.004508997686207294
rmse,persistence,surface_speed,1360,0.0024821776275833446,0.0019679485820233824,0.003491976018995046
rmse,persistence,surface_speed,1370,0.0012254978025642534,0.0006563206436112524,0.0025906064081937068
rmse,persistence,surface_speed,1380,0.0029382497693101564,0.002223551133647561,0.00391413914039731
rmse,persistence,surface_speed,1390,0.003715201374143362,0.0030821141321212054,0.00447970861569047
rmse,persistence,surface_speed,1400,0.004202533032124241,0.0036734351422637703,0.004727709293365479
rmse,persistence,surface_speed,1410,0.004859954429169496,0.004090240597724915,0.0055304612964391705
rmse,persistence,surface_speed,1420,0.005176058070113261,0.004427383095026017,0.005883905384689569
rmse,persistence,surface_speed,1430,0.005168140027672052,0.004416558891534805,0.005942401476204395
rmse,persistence,surface_speed,1440,0.005245799912760655,0.004315217118710279,0.005944471061229706
rmse,persistence,surface_speed,1450,0.005323858838528395,0.004666149895638227,0.006139884795993566
rmse,persistence,surface_speed,1460,0.0053221007498602075,0.004602125938981771,0.006088066566735506
rmse,persistence,surface_speed,1470,0.0053208664059638975,0.004494857788085937,0.006176459603011608
rmse,persistence,surface_speed,1480,0.0054584451019763945,0.004752843827009201,0.006761321797966957
rmse,persistence,surface_speed,1490,0.005586260215689739,0.004788544587790966,0.006795710138976574
rmse,persistence,surface_speed,1500,0.005228083798040946,0.004362312518060208,0.006313097011297941
rmse,persistence,surface_speed,1510,0.004673785002281269,0.003609740687534213,0.006000296119600534
rmse,persistence,surface_speed,1520,0.004543159653743108,0.0032019919250160455,0.006274562701582908
rmse,persistence,surface_speed,1530,0.0038572998406986394,0.002464419277384877,0.005624311603605747
rmse,persistence,surface_speed,1540,0.0030665294888118904,0.0011713978368788958,0.00517948642373085
rmse,persistence,surface_speed,1550,0.004085351945832372,0.002727969828993082,0.006111781578511
rmse,persistence,surface_speed,1560,0.004779796643803517,0.003477227035909891,0.006726144719868898
rmse,persistence,surface_speed,1570,0.005139179000010093,0.003925573453307152,0.006801263242959976
rmse,persistence,surface_speed,1580,0.00568232179308931,0.004672286938875914,0.007071584090590477
rmse,persistence,surface_speed,1590,0.0059594592700401945,0.005055621918290854,0.00717590507119894
rmse,persistence,surface_speed,1600,0.005892271300156912,0.004831691831350326,0.007122096326202154
rmse,persistence,surface_speed,1610,0.005893979345758756,0.004869591444730759,0.007101034931838513
rmse,persistence,surface_speed,1620,0.005897004654010137,0.0049270536750555035,0.006940282322466374
rmse,persistence,surface_speed,1630,0.005824575914690892,0.0050569320097565654,0.006986290030181408
rmse,persistence,surface_speed,1640,0.005716188872853915,0.004886740539222956,0.006701846979558467
rmse,persistence,surface_speed,1650,0.0057110731489956375,0.0049319550395011905,0.006909098103642463
rmse,persistence,surface_speed,1660,0.005763021701325973,0.005200968775898218,0.006718640681356192
rmse,persistence,surface_speed,1670,0.005371180735528469,0.004885209444910288,0.006098747439682484
rmse,persistence,surface_speed,1680,0.004682545270770788,0.004138033185154199,0.005630040355026722
rmse,persistence,surface_speed,1690,0.004417502057428161,0.003683491935953498,0.0053704348392784595
rmse,persistence,surface_speed,1700,0.0037362093726793924,0.003007544809952378,0.004789955541491508
rmse,persistence,surface_speed,1710,0.002696205877388517,0.0016872255597263574,0.004138135351240635
rmse,persistence,surface_speed,1720,0.003510100953280926,0.0026684628799557688,0.004431066196411848
rmse,persistence,surface_speed,1730,0.00436640321277082,0.003466380201280117,0.005170018039643764
rmse,persistence,surface_speed,1740,0.004748071761180957,0.004115317948162556,0.005522637721151113
rmse,persistence,surface_speed,1750,0.005348116128395001,0.00451605785638094,0.006305356975644827
rmse,persistence,surface_speed,1760,0.005706598050892353,0.005075607262551784,0.00662274993956089
rmse,persistence,surface_speed,1770,0.005701262628038725,0.004925412498414517,0.006818578764796256
rmse,persistence,surface_speed,1780,0.005710882134735584,0.0046499564312398435,0.006641272269189358
rmse,persistence,surface_speed,1790,0.0057265992897252245,0.004777884390205145,0.006903865933418274
rmse,persistence,surface_speed,1800,0.005709075493117174,0.004713420942425728,0.0068039408884942535
rmse,persistence,surface_speed,1810,0.005659939876447122,0.004557632934302091,0.007090380229055881
rmse,persistence,surface_speed,1820,0.005703645354757706,0.004726418387144804,0.007337826117873192
rmse,persistence,surface_speed,1830,0.005841899507989486,0.00477777337655425,0.00774676576256752
rmse,persistence,surface_speed,1840,0.00556447533890605,0.004379803221672774,0.007744576968252659
rmse,persistence,surface_speed,1850,0.004895409864063064,0.003687129123136401,0.007463766355067491
rmse,persistence,surface_speed,1860,0.004609965533018112,0.0031839297618716953,0.006985699757933617
rmse,persistence,surface_speed,1870,0.0039811760652810335,0.002721772389486432,0.0065404599532485
rmse,persistence,surface_speed,1880,0.0025339839087488753,0.0010082012275233864,0.0056741246953606606
rmse,persistence,surface_speed,1890,0.0031689741183072327,0.0018386155366897582,0.0055471365340054035
rmse,persistence,surface_speed,1900,0.004077139993508657,0.0029863471630960704,0.005762614216655493
rmse,persistence,surface_speed,1910,0.004358058065796892,0.0036568842828273774,0.005844396911561489
rmse,persistence,surface_speed,1920,0.004878208242977659,0.0039328083395957945,0.005932645779103041
rmse,persistence,surface_speed,1930,0.005218085367232561,0.004443005565553904,0.006151448097079992
rmse,persistence,surface_speed,1940,0.005152352619916201,0.004443058837205171,0.005958830378949642
rmse,persistence,surface_speed,1950,0.005110645449409882,0.00431145653128624,0.005784423276782036
rmse,persistence,surface_speed,1960,0.00512584134315451,0.004485227353870869,0.005802813358604908
rmse,persistence,surface_speed,1970,0.005113098118454218,0.004577876627445221,0.00558191891759634
rmse,persistence,surface_speed,1980,0.005039746997257074,0.004328988213092089,0.005818287935107946
rmse,persistence,surface_speed,1990,0.0050584130610028906,0.004401824530214071,0.005868976283818483
rmse,persistence,surface_speed,2000,0.005199551892777284,0.004577580373734236,0.005877254530787468
rmse,model,phihyd_surface,0,0.0,0.0,0.0
rmse,model,phihyd_surface,10,0.0015111355887105068,0.0013846358051523566,0.001598703977651894
rmse,model,phihyd_surface,20,0.002222799245888988,0.0020473761018365622,0.002503095706924796
rmse,model,phihyd_surface,30,0.00279899084319671,0.002488536573946476,0.003329092031344771
rmse,model,phihyd_surface,40,0.003312584711238742,0.002895694086328149,0.004021606221795082
rmse,model,phihyd_surface,50,0.0037872265093028545,0.0033212944865226744,0.004757830966264009
rmse,model,phihyd_surface,60,0.004234695574268699,0.0037685065530240537,0.005231377389281988
rmse,model,phihyd_surface,70,0.0046294972610970335,0.004138233046978712,0.005705488286912442
rmse,model,phihyd_surface,80,0.005055840748051803,0.004610081482678652,0.006118238996714353
rmse,model,phihyd_surface,90,0.005450580858935913,0.004986537527292967,0.0064708423800766465
rmse,model,phihyd_surface,100,0.005835599824786186,0.005369922053068877,0.0068857925944030285
rmse,model,phihyd_surface,110,0.006269836208472649,0.0057697567157447335,0.007406400609761476
rmse,model,phihyd_surface,120,0.006701931077986956,0.006183152180165052,0.00790819600224495
rmse,model,phihyd_surface,130,0.007176530702660481,0.006558384653180838,0.008432588726282119
rmse,model,phihyd_surface,140,0.007636834649990002,0.007029225118458271,0.008854677341878415
rmse,model,phihyd_surface,150,0.008156811818480492,0.0074788019061088565,0.00942745190113783
rmse,model,phihyd_surface,160,0.008661131002008915,0.008040278404951095,0.009985786117613315
rmse,model,phihyd_surface,170,0.009218438901007176,0.008525643683969974,0.010538086295127869
rmse,model,phihyd_surface,180,0.009855374135077,0.009119376353919507,0.011054974421858788
rmse,model,phihyd_surface,190,0.010553223515550296,0.009749560430645943,0.011651894263923167
rmse,model,phihyd_surface,200,0.011337782815098762,0.010481438599526882,0.012425773032009601
rmse,model,phihyd_surface,210,0.012170819627741972,0.011148499138653279,0.013220131024718284
rmse,model,phihyd_surface,220,0.013100078453620274,0.01192848514765501,0.014159566909074783
rmse,model,phihyd_surface,230,0.014150142731765906,0.012736443988978862,0.015402791276574134
rmse,model,phihyd_surface,240,0.015310233396788438,0.013571461476385594,0.016933724656701087
rmse,model,phihyd_surface,250,0.016623799813290437,0.01453908123075962,0.018623874336481095
rmse,model,phihyd_surface,260,0.01799133655925592,0.01557808481156826,0.020339033380150796
rmse,model,phihyd_surface,270,0.01946486656864484,0.016608746722340584,0.022195180878043175
rmse,model,phihyd_surface,280,0.02108825979133447,0.01790667399764061,0.024241162836551665
rmse,model,phihyd_surface,290,0.022863572711745897,0.01919984295964241,0.02649664655327797
rmse,model,phihyd_surface,300,0.02480281280974547,0.020546061173081397,0.028928861767053605
rmse,model,phihyd_surface,310,0.026856003701686858,0.022146950662136077,0.031511449813842775
rmse,model,phihyd_surface,320,0.029062027111649513,0.02402002550661564,0.034374117851257324
rmse,model,phihyd_surface,330,0.031460391854246456,0.025762517377734186,0.037378760427236556
rmse,model,phihyd_surface,340,0.03408203845222791,0.02782905735075474,0.040461046248674394
rmse,model,phihyd_surface,350,0.03688270412385464,0.02998466640710831,0.043781711161136626
rmse,model,phihyd_surface,360,0.039830723280708,0.032290277257561686,0.047352484613657
rmse,model,phihyd_surface,370,0.042917040487130485,0.03488427922129631,0.050865481793880465
rmse,model,phihyd_surface,380,0.04621479536096255,0.03762429803609848,0.05462987497448921
rmse,model,phihyd_surface,390,0.04967671533425649,0.040422426909208296,0.05875613763928413
rmse,model,phihyd_surface,400,0.05326439365744591,0.04317769259214401,0.06305604875087738
rmse,model,phihyd_surface,410,0.05703687195976575,0.04625909850001335,0.06737565696239471
rmse,model,phihyd_surface,420,0.06088679904739062,0.04892128333449364,0.07189225107431411
rmse,model,phihyd_surface,430,0.06478415901462237,0.051516564935445784,0.07643755376338959
rmse,model,phihyd_surface,440,0.06878876636425654,0.054511874169111255,0.08116714805364608
rmse,model,phihyd_surface,450,0.07297221769889196,0.05738717764616012,0.08608347773551941
rmse,model,phihyd_surface,460,0.07729562595486641,0.06056413128972053,0.09096744656562805
rmse,model,phihyd_surface,470,0.0817192999025186,0.06384523138403893,0.09593372344970703
rmse,model,phihyd_surface,480,0.08634949078162511,0.06746646463871002,0.10115375220775605
rmse,model,phihyd_surface,490,0.09107699692249298,0.07083967477083206,0.10626531094312668
rmse,model,phihyd_surface,500,0.09598501523335774,0.0743272677063942,0.11178750097751618
rmse,model,phihyd_surface,510,0.10100470085938772,0.0781509131193161,0.11762334555387496
rmse,model,phihyd_surface,520,0.1061998908718427,0.08210835158824921,0.12358282506465912
rmse,model,phihyd_surface,530,0.11157260586818059,0.0858975201845169,0.13021343648433686
rmse,model,phihyd_surface,540,0.11707579493522643,0.08973381519317628,0.13672568202018737
rmse,model,phihyd_surface,550,0.12269211113452912,0.09352170675992966,0.14299418926239013
rmse,model,phihyd_surface,560,0.12848328401645023,0.09735521674156189,0.14938261210918427
rmse,model,phihyd_surface,570,0.13449504127105077,0.10114131718873978,0.1562532216310501
rmse,model,phihyd_surface,580,0.1406991293032964,0.10503940731287002,0.16406089961528778
rmse,model,phihyd_surface,590,0.14705472985903423,0.10914759188890458,0.17164579331874846
rmse,model,phihyd_surface,600,0.15362789581219355,0.11342953294515609,0.17951844334602357
rmse,model,phihyd_surface,610,0.16040475219488143,0.1174506664276123,0.1878848999738693
rmse,model,phihyd_surface,620,0.16741672505935032,0.12214060872793198,0.19667618870735168
rmse,model,phihyd_surface,630,0.1747818946838379,0.1270304411649704,0.20599504113197326
rmse,model,phihyd_surface,640,0.18246692518393198,0.13201232850551606,0.21592263579368592
rmse,model,phihyd_surface,650,0.1904082049926122,0.13731181621551514,0.22636829316616058
rmse,model,phihyd_surface,660,0.19868686894575754,0.142271089553833,0.23666929602622985
rmse,model,phihyd_surface,670,0.2074245442946752,0.14738542437553406,0.24737275242805482
rmse,model,phihyd_surface,680,0.21662889619668324,0.15293326377868652,0.25861263275146484
rmse,model,phihyd_surface,690,0.2262970487276713,0.15849684774875641,0.27054036855697633
rmse,model,phihyd_surface,700,0.23641082147757211,0.16432739198207855,0.2832756280899048
rmse,model,phihyd_surface,710,0.24695166051387787,0.17051946520805358,0.29665961265563967
rmse,model,phihyd_surface,720,0.25793828070163727,0.1770106703042984,0.31081160306930544
rmse,model,phihyd_surface,730,0.2694336364666621,0.1838872253894806,0.3258503556251526
rmse,model,phihyd_surface,740,0.2814436952273051,0.1908821851015091,0.34157320857048035
rmse,model,phihyd_surface,750,0.2939344575007757,0.19800345301628114,0.35789045691490173
rmse,model,phihyd_surface,760,0.3069490045309067,0.20544263422489167,0.37511696815490725
rmse,model,phihyd_surface,770,0.32041211624940236,0.21291364133358,0.3930428743362427
rmse,model,phihyd_surface,780,0.3342606067657471,0.2205496221780777,0.4112893283367157
rmse,model,phihyd_surface,790,0.3485477884610494,0.22867721021175386,0.42990575432777406
rmse,model,phihyd_surface,800,0.363330614566803,0.23718870282173157,0.4490038514137268
rmse,model,phihyd_surface,810,0.3785173902908961,0.24575786292552948,0.46855697631835935
rmse,model,phihyd_surface,820,0.39409215847651163,0.2545661568641663,0.48856621980667114
rmse,model,phihyd_surface,830,0.41013110280036924,0.26363415718078614,0.509057593345642
rmse,model,phihyd_surface,840,0.4266591767470042,0.2730108916759491,0.5301062583923339
rmse,model,phihyd_surface,850,0.44365829825401304,0.2827217400074005,0.551693856716156
rmse,model,phihyd_surface,860,0.4611471235752106,0.2928050458431244,0.5737717628479004
rmse,model,phihyd_surface,870,0.4790854593118032,0.30334035158157346,0.5965176463127136
rmse,model,phihyd_surface,880,0.4974306643009186,0.31425893902778623,0.6200519800186157
rmse,model,phihyd_surface,890,0.5162643949190776,0.3257037580013275,0.6441074132919311
rmse,model,phihyd_surface,900,0.5356389085451762,0.3378162086009979,0.6686624050140381
rmse,model,phihyd_surface,910,0.5555383284886678,0.350438129901886,0.6936246752738953
rmse,model,phihyd_surface,920,0.575986647605896,0.3634898066520691,0.7191540122032165
rmse,model,phihyd_surface,930,0.5970529357592265,0.3770655393600464,0.7455398201942444
rmse,model,phihyd_surface,940,0.6187448322772979,0.39102631211280825,0.7728032112121582
rmse,model,phihyd_surface,950,0.6411047200361888,0.4054575562477112,0.8010002017021179
rmse,model,phihyd_surface,960,0.6641925930976867,0.4205197751522064,0.8302657246589661
rmse,model,phihyd_surface,970,0.6880436937014262,0.4362036645412445,0.860560929775238
rmse,model,phihyd_surface,980,0.712665323416392,0.45249528288841245,0.8918428063392639
rmse,model,phihyd_surface,990,0.7380818684895833,0.4694449305534363,0.9242125272750854
rmse,model,phihyd_surface,1000,0.7643424987792968,0.48629456758499146,0.9576958537101745
rmse,model,phihyd_surface,1010,0.7914870878060659,0.5038287281990051,0.9922151565551758
rmse,model,phihyd_surface,1020,0.8195302327473958,0.5220521569252015,1.0279550313949584
rmse,model,phihyd_surface,1030,0.8485018134117126,0.5408163785934448,1.0657361268997192
rmse,model,phihyd_surface,1040,0.8784395734469096,0.5612937450408936,1.1048138618469239
rmse,model,phihyd_surface,1050,0.9093350251515706,0.5846548438072204,1.1453104257583617
rmse,model,phihyd_surface,1060,0.9412458976109822,0.608963942527771,1.1873092412948607
rmse,model,phihyd_surface,1070,0.9742182056109111,0.6342564225196838,1.2307873964309692
rmse,model,phihyd_surface,1080,1.008242094516754,0.6604696035385131,1.275793409347534
rmse,model,phihyd_surface,1090,1.0433713714281718,0.6875258207321167,1.3224791526794433
rmse,model,phihyd_surface,1100,1.0796318093935648,0.7153316736221313,1.37081880569458
rmse,model,phihyd_surface,1110,1.1169613599777222,0.7437928199768067,1.4208671808242797
rmse,model,phihyd_surface,1120,1.155353275934855,0.7728177428245544,1.4726831197738646
rmse,model,phihyd_surface,1130,1.1948704481124879,0.8023858308792114,1.5263460636138915
rmse,model,phihyd_surface,1140,1.2355901002883911,0.8327145099639892,1.5818175077438354
rmse,model,phihyd_surface,1150,1.277557631333669,0.8636550188064576,1.634692907333374
rmse,model,phihyd_surface,1160,1.3208093126614888,0.8951860547065735,1.685776424407959
rmse,model,phihyd_surface,1170,1.3653914213180542,0.9275526404380798,1.7383223056793211
rmse,model,phihyd_surface,1180,1.4113288879394532,0.9608207106590271,1.792477560043335
rmse,model,phihyd_surface,1190,1.458635648091634,0.9951394319534301,1.848253607749939
rmse,model,phihyd_surface,1200,1.5073558807373046,1.0306639194488525,1.9056074142456054
rmse,model,phihyd_surface,1210,1.5575214187304178,1.0674517154693604,1.9645943641662598
rmse,model,phihyd_surface,1220,1.6091285467147827,1.1054794788360596,2.0252593517303468
rmse,model,phihyd_surface,1230,1.662220843633016,1.1447095155715943,2.0875661849975584
rmse,model,phihyd_surface,1240,1.7168515841166179,1.185193419456482,2.1514662742614745
rmse,model,phihyd_surface,1250,1.773043163617452,1.2270771741867066,2.2170104026794433
rmse,model,phihyd_surface,1260,1.830835517247518,1.2703189134597779,2.2843233585357665
rmse,model,phihyd_surface,1270,1.8902584632237753,1.3149633646011352,2.3534406661987304
rmse,model,phihyd_surface,1280,1.95131889184316,1.3611695051193238,2.4243743419647217
rmse,model,phihyd_surface,1290,2.0140395323435465,1.4088233947753905,2.497167634963989
rmse,model,phihyd_surface,1300,2.0784523407618205,1.4577282905578612,2.571799373626709
rmse,model,phihyd_surface,1310,2.144610873858134,1.5074979305267333,2.64835147857666
rmse,model,phihyd_surface,1320,2.212568012873332,1.5587610483169556,2.7270209789276123
rmse,model,phihyd_surface,1330,2.282354950904846,1.609173631668091,2.807718372344971
rmse,model,phihyd_surface,1340,2.354007879892985,1.6537812232971192,2.890350294113159
rmse,model,phihyd_surface,1350,2.4275920073191326,1.6974673509597777,2.9750422477722167
rmse,model,phihyd_surface,1360,2.5031091372172036,1.7422926902770997,3.0617956161499023
rmse,model,phihyd_surface,1370,2.580597488085429,1.7882647275924684,3.1505135536193847
rmse,model,phihyd_surface,1380,2.660132638613383,1.8355011463165283,3.241222953796387
rmse,model,phihyd_surface,1390,2.741744939486186,1.884014081954956,3.333980131149292
rmse,model,phihyd_surface,1400,2.825474723180135,1.933865213394165,3.430225467681885
rmse,model,phihyd_surface,1410,2.911355662345886,1.9892527103424071,3.53306565284729
rmse,model,phihyd_surface,1420,2.9993673165639243,2.0603901386260985,3.638287258148193
rmse,model,phihyd_surface,1430,3.089498821894328,2.1344354152679443,3.7458019256591797
rmse,model,phihyd_surface,1440,3.181735038757324,2.2114372730255125,3.855489158630371
rmse,model,phihyd_surface,1450,3.2760491053263348,2.2913300037384032,3.9671670913696286
rmse,model,phihyd_surface,1460,3.3724252223968505,2.374090480804443,4.08067045211792
rmse,model,phihyd_surface,1470,3.470866250991821,2.4596742153167725,4.19588565826416
rmse,model,phihyd_surface,1480,3.571337111790975,2.548015308380127,4.31283597946167
rmse,model,phihyd_surface,1490,3.6738154888153076,2.6389790534973145,4.431598567962647
rmse,model,phihyd_surface,1500,3.7783212820688883,2.7323991298675536,4.5521543502807615
rmse,model,phihyd_surface,1510,3.884840790430705,2.828183078765869,4.674515628814698
rmse,model,phihyd_surface,1520,3.993346436818441,2.926296329498291,4.798671054840088
rmse,model,phihyd_surface,1530,4.1038104375203455,3.0266942024230956,4.927050399780273
rmse,model,phihyd_surface,1540,4.216255633036296,3.1293042659759522,5.061628341674805
rmse,model,phihyd_surface,1550,4.33071928024292,3.233949375152588,5.198288631439209
rmse,model,phihyd_surface,1560,4.44717845916748,3.3404746532440184,5.337085628509522
rmse,model,phihyd_surface,1570,4.565579144159953,3.4487783908843994,5.477948760986328
rmse,model,phihyd_surface,1580,4.685932159423828,3.5589077949523924,5.620791721343994
rmse,model,phihyd_surface,1590,4.808229255676269,3.6706979751586912,5.7657979965209964
rmse,model,phihyd_surface,1600,4.932398509979248,3.7838882923126222,5.913138389587402
rmse,model,phihyd_surface,1610,5.058354139328003,3.8892863750457765,6.062594699859619
rmse,model,phihyd_surface,1620,5.185986614227295,3.985460329055786,6.225413131713867
rmse,model,phihyd_surface,1630,5.31528819402059,4.079708862304687,6.407491970062256
rmse,model,phihyd_surface,1640,5.446280241012573,4.17467565536499,6.594473171234131
rmse,model,phihyd_surface,1650,5.578887987136841,4.270373916625976,6.78626127243042
rmse,model,phihyd_surface,1660,5.713102213541666,4.366849422454834,6.982865238189697
rmse,model,phihyd_surface,1670,5.848950974146525,4.454013347625732,7.184322452545166
rmse,model,phihyd_surface,1680,5.986390082041423,4.53551549911499,7.390657138824463
rmse,model,phihyd_surface,1690,6.125424909591675,4.617229747772217,7.601714038848876
rmse,model,phihyd_surface,1700,6.266028308868409,4.699230098724366,7.817241382598877
rmse,model,phihyd_surface,1710,6.408189407984415,4.781517887115479,8.037179374694825
rmse,model,phihyd_surface,1720,6.551942237218221,4.864003753662109,8.261601448059082
rmse,model,phihyd_surface,1730,6.697204319636027,4.946578407287598,8.490278244018555
rmse,model,phihyd_surface,1740,6.843971141179403,5.029216766357422,8.723043632507324
rmse,model,phihyd_surface,1750,6.992224089304606,5.111811256408691,8.95957317352295
rmse,model,phihyd_surface,1760,7.14194917678833,5.194421577453613,9.199449157714843
rmse,model,phihyd_surface,1770,7.293145863215129,5.277324771881103,9.442388725280761
rmse,model,phihyd_surface,1780,7.445847749710083,5.361105251312256,9.687880706787109
rmse,model,phihyd_surface,1790,7.600080998738607,5.446168518066406,9.935187911987304
rmse,model,phihyd_surface,1800,7.755853271484375,5.53269739151001,10.184019851684571
rmse,model,phihyd_surface,1810,7.9133758544921875,5.621202754974365,10.434828948974609
rmse,model,phihyd_surface,1820,8.07263822555542,5.711965465545655,10.687673568725586
rmse,model,phihyd_surface,1830,8.23369312286377,5.804913330078125,10.942708206176757
rmse,model,phihyd_surface,1840,8.396601041158041,5.900502109527588,11.199914932250977
rmse,model,phihyd_surface,1850,8.561507670084636,5.999407863616943,11.459645843505859
rmse,model,phihyd_surface,1860,8.728589344024659,6.102024173736572,11.722140121459962
rmse,model,phihyd_surface,1870,8.89810552597046,6.208858776092529,11.987829208374023
rmse,model,phihyd_surface,1880,9.070275815327962,6.3205853462219235,12.25687198638916
rmse,model,phihyd_surface,1890,9.24536403020223,6.437595176696777,12.529179191589355
rmse,model,phihyd_surface,1900,9.423626772562663,6.560743427276611,12.804800033569336
rmse,model,phihyd_surface,1910,9.605429967244467,6.69097375869751,13.083147239685058
rmse,model,phihyd_surface,1920,9.791350714365642,6.82876443862915,13.363870429992676
rmse,model,phihyd_surface,1930,9.98198397954305,6.974811935424805,13.647718620300292
rmse,model,phihyd_surface,1940,10.17793394724528,7.129808330535889,13.93487606048584
rmse,model,phihyd_surface,1950,10.379929574330648,7.295192813873291,14.225381469726562
rmse,model,phihyd_surface,1960,10.5884295463562,7.472290992736816,14.519362640380859
rmse,model,phihyd_surface,1970,10.803894901275635,7.662054347991943,14.817389488220215
rmse,model,phihyd_surface,1980,11.027131525675456,7.86578254699707,15.119550132751465
rmse,model,phihyd_surface,1990,11.259060096740722,8.084812831878661,15.425906372070312
rmse,model,phihyd_surface,2000,11.500365861256917,8.245818519592286,15.736411094665527
rmse,climatology,phihyd_surface,0,0.05984025125702222,0.056404624879360196,0.06402579247951508
rmse,climatology,phihyd_surface,10,0.06010510275761286,0.056744199991226194,0.06391846984624863
rmse,climatology,phihyd_surface,20,0.06023698722322782,0.05655715167522431,0.06389102339744568
rmse,climatology,phihyd_surface,30,0.06017488539218903,0.056602439284324645,0.06375264674425125
rmse,climatology,phihyd_surface,40,0.060250507791837056,0.05701505318284035,0.06416825950145721
rmse,climatology,phihyd_surface,50,0.060458700607220334,0.05672315433621407,0.06401004642248154
rmse,climatology,phihyd_surface,60,0.06055341437458992,0.056919632107019426,0.06387328803539276
rmse,climatology,phihyd_surface,70,0.06078809574246406,0.057637288421392444,0.06406933814287186
rmse,climatology,phihyd_surface,80,0.06102285484472911,0.05744138807058334,0.06447117030620575
rmse,climatology,phihyd_surface,90,0.061015975475311277,0.05722617208957672,0.06387983411550521
rmse,climatology,phihyd_surface,100,0.060961957772572836,0.05739617198705673,0.06413893848657608
rmse,climatology,phihyd_surface,110,0.061217680821816126,0.05788678452372551,0.06437309831380844
rmse,climatology,phihyd_surface,120,0.061583783477544785,0.05843490958213806,0.06464013010263443
rmse,climatology,phihyd_surface,130,0.06162599548697471,0.05843041092157364,0.06440296322107315
rmse,climatology,phihyd_surface,140,0.06165744910637538,0.05849884524941444,0.06453309208154678
rmse,climatology,phihyd_surface,150,0.06177335853377978,0.05830725431442261,0.0645478755235672
rmse,climatology,phihyd_surface,160,0.061910526206096016,0.05857601091265678,0.06478683948516846
rmse,climatology,phihyd_surface,170,0.06211302230755488,0.05875762552022934,0.06481584459543228
rmse,climatology,phihyd_surface,180,0.062381427238384884,0.05901026427745819,0.06500801593065261
rmse,climatology,phihyd_surface,190,0.06255087281266848,0.05878124237060547,0.06501335948705673
rmse,climatology,phihyd_surface,200,0.062499555697043734,0.05887935385107994,0.06497381627559662
rmse,climatology,phihyd_surface,210,0.06256946002443632,0.059267306327819826,0.06561780124902725
rmse,climatology,phihyd_surface,220,0.06276584143439928,0.05899416655302048,0.0655372142791748
rmse,climatology,phihyd_surface,230,0.06285179083546003,0.05920992717146874,0.06562778353691101
rmse,climatology,phihyd_surface,240,0.06303618947664896,0.05978593826293945,0.06569280326366425
rmse,climatology,phihyd_surface,250,0.06325871124863625,0.059722530841827395,0.06597369462251663
rmse,climatology,phihyd_surface,260,0.06327468628684679,0.05964002013206482,0.06608268320560455
rmse,climatology,phihyd_surface,270,0.0632168581088384,0.05974230393767357,0.06608048230409622
rmse,climatology,phihyd_surface,280,0.06344573423266411,0.06035481542348862,0.06643806546926498
rmse,climatology,phihyd_surface,290,0.06381326441963514,0.06076784208416939,0.06652482151985169
rmse,climatology,phihyd_surface,300,0.06386329705516497,0.06088475063443184,0.06662445664405822
rmse,climatology,phihyd_surface,310,0.0638705313205719,0.060947482287883756,0.0667687401175499
rmse,climatology,phihyd_surface,320,0.06395377864440283,0.06091712936758995,0.06719792187213898
rmse,climatology,phihyd_surface,330,0.06406039794286092,0.06109188124537468,0.06750125288963318
rmse,climatology,phihyd_surface,340,0.06421602418025335,0.06131140068173409,0.06764332354068756
rmse,climatology,phihyd_surface,350,0.06446043699979782,0.06162628009915352,0.06747611314058304
rmse,climatology,phihyd_surface,360,0.06464671318729719,0.06143717393279076,0.06768186390399933
rmse,climatology,phihyd_surface,370,0.06460114891330401,0.06156760156154632,0.06752774864435196
rmse,climatology,phihyd_surface,380,0.06466103618343672,0.06195758953690529,0.06800488531589508
rmse,climatology,phihyd_surface,390,0.064861228565375,0.06183373332023621,0.06795719861984253
rmse,climatology,phihyd_surface,400,0.06498831063508988,0.062086145579814914,0.06795876324176789
rmse,climatology,phihyd_surface,410,0.06517616286873817,0.06250299587845802,0.06796898990869522
rmse,climatology,phihyd_surface,420,0.06543394351998964,0.0626752257347107,0.06843453943729401
rmse,climatology,phihyd_surface,430,0.06549552356203397,0.06266231313347817,0.06847993433475494
rmse,climatology,phihyd_surface,440,0.06543983295559883,0.06271858662366867,0.06846140027046203
rmse,climatology,phihyd_surface,450,0.06566225389639536,0.06316866427659988,0.06879435032606125
rmse,climatology,phihyd_surface,460,0.06607650617758433,0.06363043040037156,0.06881114244461059
rmse,climatology,phihyd_surface,470,0.06620915283759435,0.06399949938058853,0.06897622644901276
rmse,climatology,phihyd_surface,480,0.06625833163658777,0.06389613300561905,0.06920989155769348
rmse,climatology,phihyd_surface,490,0.06636892259120941,0.06384798735380173,0.06960107237100602
rmse,climatology,phihyd_surface,500,0.06650513857603073,0.06381054818630219,0.06997595876455306
rmse,climatology,phihyd_surface,510,0.06664654662211736,0.06402216851711273,0.07012086212635041
rmse,climatology,phihyd_surface,520,0.06685659140348435,0.06413082033395767,0.07000533789396286
rmse,climatology,phihyd_surface,530,0.06702635139226913,0.06396650820970536,0.07023230940103531
rmse,climatology,phihyd_surface,540,0.06696383307377497,0.06414208859205246,0.07023370116949082
rmse,climatology,phihyd_surface,550,0.06699417034784953,0.06438907384872436,0.07075566500425338
rmse,climatology,phihyd_surface,560,0.06717801491419474,0.06365620344877243,0.07070076912641525
rmse,climatology,phihyd_surface,570,0.06732329924901327,0.06384767293930053,0.07084112465381623
rmse,climatology,phihyd_surface,580,0.06748594641685486,0.06454368382692337,0.0710567981004715
rmse,climatology,phihyd_surface,590,0.06774069170157114,0.06485456973314285,0.07137017250061035
rmse,climatology,phihyd_surface,600,0.06781296730041504,0.06406107097864151,0.07159252464771271
rmse,climatology,phihyd_surface,610,0.06772284706433614,0.06444272994995118,0.07172177881002426
rmse,climatology,phihyd_surface,620,0.06786203185717264,0.06471105217933655,0.07185029685497284
rmse,climatology,phihyd_surface,630,0.06820386052131652,0.06457141190767288,0.07208835780620575
rmse,climatology,phihyd_surface,640,0.06830773701270422,0.06483113169670104,0.07193062007427216
rmse,climatology,phihyd_surface,650,0.0683153952161471,0.06487345546483994,0.07163424491882324
rmse,climatology,phihyd_surface,660,0.06839638700087865,0.06497206389904023,0.07198628634214402
rmse,climatology,phihyd_surface,670,0.06852607081333796,0.06490826606750488,0.07214966565370559
rmse,climatology,phihyd_surface,680,0.06867485890785853,0.06514746397733688,0.0722455382347107
rmse,climatology,phihyd_surface,690,0.06893883794546127,0.06554954648017883,0.07220875471830368
rmse,climatology,phihyd_surface,700,0.06921577006578446,0.06554955393075942,0.07234105914831161
rmse,climatology,phihyd_surface,710,0.06926227311293284,0.06567202508449554,0.07241273820400237
rmse,climatology,phihyd_surface,720,0.0693404441078504,0.06599786281585693,0.07280274629592895
rmse,climatology,phihyd_surface,730,0.06953697403271993,0.06573043465614319,0.07301258444786071
rmse,climatology,phihyd_surface,740,0.06969877084096272,0.06599330753087998,0.07293496280908585
rmse,climatology,phihyd_surface,750,0.06982652594645818,0.06624484360218048,0.0727616474032402
rmse,climatology,phihyd_surface,760,0.07006445874770482,0.06677560955286026,0.07340418696403503
rmse,climatology,phihyd_surface,770,0.07014458527167639,0.06661339104175568,0.07311525642871856
rmse,climatology,phihyd_surface,780,0.07006184111038843,0.06661277562379837,0.07290648221969605
rmse,climatology,phihyd_surface,790,0.070198293030262,0.06710234433412551,0.07286598235368728
rmse,climatology,phihyd_surface,800,0.07056573331356049,0.0671066775918007,0.07312309890985488
rmse,climatology,phihyd_surface,810,0.07073295911153157,0.06763112545013428,0.0733994722366333
rmse,climatology,phihyd_surface,820,0.070741468667984,0.06761541068553925,0.07335146963596344
rmse,climatology,phihyd_surface,830,0.07081401993830999,0.06759387850761414,0.0735654816031456
rmse,climatology,phihyd_surface,840,0.0709429050485293,0.06751887500286102,0.07359071522951126
rmse,climatology,phihyd_surface,850,0.07104972451925277,0.0677744135260582,0.07379255443811417
rmse,climatology,phihyd_surface,860,0.07123499264319738,0.06801234483718872,0.07383691668510436
rmse,climatology,phihyd_surface,870,0.07142887612183889,0.06796371340751647,0.0738260343670845
rmse,climatology,phihyd_surface,880,0.07143098761638006,0.06813415884971619,0.07394192516803741
rmse,climatology,phihyd_surface,890,0.07148151298364004,0.068269544839859,0.07420585602521897
rmse,climatology,phihyd_surface,900,0.07167026301225027,0.0680185928940773,0.07440330535173416
rmse,climatology,phihyd_surface,910,0.0718416432539622,0.06833456754684449,0.07453331947326661
rmse,climatology,phihyd_surface,920,0.07192510316769282,0.06853393465280533,0.07444153279066086
rmse,climatology,phihyd_surface,930,0.07213419079780578,0.06910956352949142,0.07486369907855987
rmse,climatology,phihyd_surface,940,0.07222816050052643,0.0689722865819931,0.07487318366765976
rmse,climatology,phihyd_surface,950,0.07213773280382156,0.0688880130648613,0.07488739341497422
rmse,climatology,phihyd_surface,960,0.07221456517775854,0.06939126998186111,0.07494803816080094
rmse,climatology,phihyd_surface,970,0.07255565424760183,0.06947533786296844,0.07510308474302292
rmse,climatology,phihyd_surface,980,0.07278061260779699,0.07006223201751709,0.07537694871425629
rmse,climatology,phihyd_surface,990,0.07281951556603114,0.06995398849248886,0.07550816386938095
rmse,climatology,phihyd_surface,1000,0.07289772629737853,0.07024735063314438,0.07563105523586273
rmse,climatology,phihyd_surface,1010,0.07302345335483551,0.070157490670681,0.07603489607572556
rmse,climatology,phihyd_surface,1020,0.07313222487767537,0.07035456597805023,0.07622909098863602
rmse,climatology,phihyd_surface,1030,0.0733318159977595,0.07070021629333496,0.07616644948720933
rmse,climatology,phihyd_surface,1040,0.07354649007320405,0.0708831086754799,0.07620541751384735
rmse,climatology,phihyd_surface,1050,0.07355782637993495,0.07083269655704498,0.07624879330396653
rmse,climatology,phihyd_surface,1060,0.07354619751373927,0.07107640355825424,0.07634862214326858
rmse,climatology,phihyd_surface,1070,0.0736908550063769,0.0710259273648262,0.0765899121761322
rmse,climatology,phihyd_surface,1080,0.07389150162537893,0.07155916541814804,0.07667308896780015
rmse,climatology,phihyd_surface,1090,0.07400419066349666,0.07162489593029023,0.07664017528295516
rmse,climatology,phihyd_surface,1100,0.07424670110146205,0.0722238227725029,0.07710910886526108
rmse,climatology,phihyd_surface,1110,0.07439347058534622,0.07193599194288254,0.07698055058717727
rmse,climatology,phihyd_surface,1120,0.07435546666383744,0.07180400788784028,0.07707994282245637
rmse,climatology,phihyd_surface,1130,0.07442876448233922,0.07225374579429626,0.07716080397367478
rmse,climatology,phihyd_surface,1140,0.07472979525725047,0.07221401929855346,0.0773472398519516
rmse,climatology,phihyd_surface,1150,0.07493343005577723,0.07240738868713378,0.07763552069664001
rmse,climatology,phihyd_surface,1160,0.07491707702477773,0.07248878031969071,0.07777650505304337
rmse,climatology,phihyd_surface,1170,0.07495966752370199,0.07239376157522201,0.07799944579601288
rmse,climatology,phihyd_surface,1180,0.075088303287824,0.07214615792036057,0.07840154618024826
rmse,climatology,phihyd_surface,1190,0.07522125840187073,0.07256154716014862,0.07872173339128494
rmse,climatology,phihyd_surface,1200,0.07544659773508708,0.07247696816921234,0.0786740630865097
rmse,climatology,phihyd_surface,1210,0.07569334457317987,0.07300317734479904,0.07872570306062698
rmse,climatology,phihyd_surface,1220,0.07576176871856054,0.07305400222539901,0.07899722903966903
rmse,climatology,phihyd_surface,1230,0.07575051188468933,0.07314052879810333,0.07909212410449981
rmse,climatology,phihyd_surface,1240,0.07586564670006433,0.07288095206022263,0.07936098128557205
rmse,climatology,phihyd_surface,1250,0.07604431211948395,0.0727488249540329,0.07945661693811416
rmse,climatology,phihyd_surface,1260,0.07612720727920533,0.07332992255687713,0.07960196435451508
rmse,climatology,phihyd_surface,1270,0.0763566811879476,0.07379122078418732,0.07999467253684997
rmse,climatology,phihyd_surface,1280,0.07652195195357005,0.07338001430034638,0.08001681715250016
rmse,climatology,phihyd_surface,1290,0.0764829104145368,0.07321011573076248,0.080233396589756
rmse,climatology,phihyd_surface,1300,0.07649571349223455,0.07329443842172623,0.08014681488275528
rmse,climatology,phihyd_surface,1310,0.07675029387076696,0.07336775064468384,0.08055012524127961
rmse,climatology,phihyd_surface,1320,0.07699180295070013,0.0737685427069664,0.08066600561141968
rmse,climatology,phihyd_surface,1330,0.07700900435447693,0.07357941716909408,0.0805379405617714
rmse,climatology,phihyd_surface,1340,0.07706974993149439,0.07387088388204574,0.08042608946561813
rmse,climatology,phihyd_surface,1350,0.0771998683611552,0.07372502982616425,0.08075161129236222
rmse,climatology,phihyd_surface,1360,0.07732462485631307,0.0739834189414978,0.08092616498470306
rmse,climatology,phihyd_surface,1370,0.0775407279531161,0.07429697960615159,0.08081014305353165
rmse,climatology,phihyd_surface,1380,0.07781011114517848,0.07458946257829666,0.08091970831155777
rmse,climatology,phihyd_surface,1390,0.0779503474632899,0.0745196908712387,0.08110164105892181
rmse,climatology,phihyd_surface,1400,0.07796630362669627,0.07454331070184708,0.08108266741037369
rmse,climatology,phihyd_surface,1410,0.0780879482626915,0.07476008534431458,0.08154400736093521
rmse,climatology,phihyd_surface,1420,0.07827367683251699,0.07482453882694244,0.0814871072769165
rmse,climatology,phihyd_surface,1430,0.07834451148907344,0.07492426335811615,0.08117416948080063
rmse,climatology,phihyd_surface,1440,0.07853959202766418,0.07553500235080719,0.08129700720310211
rmse,climatology,phihyd_surface,1450,0.07870070785284042,0.07537943124771118,0.08139181435108185
rmse,climatology,phihyd_surface,1460,0.07868080735206603,0.0751831129193306,0.08110377341508865
rmse,climatology,phihyd_surface,1470,0.078688516219457,0.07544233351945877,0.08109091222286224
rmse,climatology,phihyd_surface,1480,0.07894599934418996,0.07568032145500184,0.08130743354558945
rmse,climatology,phihyd_surface,1490,0.07923960785071055,0.07623318582773209,0.08164980858564377
rmse,climatology,phihyd_surface,1500,0.07928117314974467,0.07613168209791184,0.08148251175880432
rmse,climatology,phihyd_surface,1510,0.079342287282149,0.07633383572101593,0.08205389082431794
rmse,climatology,phihyd_surface,1520,0.07946712970733642,0.07611146122217179,0.08188706636428833
rmse,climatology,phihyd_surface,1530,0.07957003017266591,0.07633456289768219,0.08219747990369797
rmse,climatology,phihyd_surface,1540,0.07972123523553212,0.0765509307384491,0.08227428942918777
rmse,climatology,phihyd_surface,1550,0.07991653879483542,0.07677672654390336,0.08229346126317978
rmse,climatology,phihyd_surface,1560,0.08003134379784266,0.07668453603982925,0.08258280754089356
rmse,climatology,phihyd_surface,1570,0.08002537290255228,0.07663693130016327,0.08251490145921707
rmse,climatology,phihyd_surface,1580,0.08013877322276433,0.07702506482601165,0.08299793452024459
rmse,climatology,phihyd_surface,1590,0.08032017995913823,0.07704723924398423,0.08295631408691406
rmse,climatology,phihyd_surface,1600,0.08037740439176559,0.07706557959318161,0.08296783864498139
rmse,climatology,phihyd_surface,1610,0.08053368330001831,0.07765417546033859,0.08306933492422104
rmse,climatology,phihyd_surface,1620,0.08069837292035421,0.07756027728319168,0.08322462141513824
rmse,climatology,phihyd_surface,1630,0.08069254557291666,0.07745118588209152,0.08329446464776993
rmse,climatology,phihyd_surface,1640,0.0806572859485944,0.07761851698160172,0.0832790657877922
rmse,climatology,phihyd_surface,1650,0.08086989174286524,0.07804457247257232,0.08358638137578964
rmse,climatology,phihyd_surface,1660,0.08118073145548503,0.07852945774793625,0.08370847553014756
rmse,climatology,phihyd_surface,1670,0.08124813983837763,0.07857444882392883,0.08374537825584412
rmse,climatology,phihyd_surface,1680,0.08130780657132466,0.0787326455116272,0.08396093994379043
rmse,climatology,phihyd_surface,1690,0.08142181485891342,0.07872938215732575,0.08428925275802612
rmse,climatology,phihyd_surface,1700,0.0815327674150467,0.07889520078897476,0.0845231831073761
rmse,climatology,phihyd_surface,1710,0.08169003824392955,0.07914438992738723,0.08459254503250122
rmse,climatology,phihyd_surface,1720,0.08190162579218546,0.07945806682109832,0.08449986428022385
rmse,climatology,phihyd_surface,1730,0.08204785784085591,0.07938578575849534,0.08469886034727096
rmse,climatology,phihyd_surface,1740,0.08202339907487234,0.07944620996713639,0.08464610427618027
rmse,climatology,phihyd_surface,1750,0.08211500644683838,0.07990474104881287,0.08512269109487533
rmse,climatology,phihyd_surface,1760,0.08231753458579381,0.08002745658159256,0.08504442721605301
rmse,climatology,phihyd_surface,1770,0.08243152598539988,0.08018612116575241,0.08512906730175018
rmse,climatology,phihyd_surface,1780,0.08261001209417979,0.08062139600515365,0.08523481786251068
rmse,climatology,phihyd_surface,1790,0.08282096932331721,0.0805449590086937,0.08543945848941803
rmse,climatology,phihyd_surface,1800,0.08287980308135351,0.0803168073296547,0.08566777855157852
rmse,climatology,phihyd_surface,1810,0.08286035805940628,0.0806776151061058,0.08562911003828048
rmse,climatology,phihyd_surface,1820,0.0830426221092542,0.08097051829099655,0.08592476844787597
rmse,climatology,phihyd_surface,1830,0.08332790484031041,0.08096689134836196,0.08600776493549347
rmse,climatology,phihyd_surface,1840,0.0833756223320961,0.08078316450119019,0.0861367017030716
rmse,climatology,phihyd_surface,1850,0.08340302109718323,0.08078544586896896,0.08643725514411926
rmse,climatology,phihyd_surface,1860,0.0835070937871933,0.08088245987892151,0.0867998406291008
rmse,climatology,phihyd_surface,1870,0.08364013383785883,0.08108075112104415,0.0870896264910698
rmse,climatology,phihyd_surface,1880,0.08380565494298935,0.0809923380613327,0.08724765777587891
rmse,climatology,phihyd_surface,1890,0.0840289314587911,0.08126279264688492,0.08724968880414963
rmse,climatology,phihyd_surface,1900,0.08421140958865483,0.08124573826789856,0.08751367628574372
rmse,climatology,phihyd_surface,1910,0.08419967244068781,0.0815839096903801,0.08771078139543534
rmse,climatology,phihyd_surface,1920,0.08426515559355417,0.08164486736059189,0.08817689716815949
rmse,climatology,phihyd_surface,1930,0.0844264050324758,0.08118622303009033,0.08812481164932251
rmse,climatology,phihyd_surface,1940,0.08451696087916692,0.08113770931959152,0.08829227536916733
rmse,climatology,phihyd_surface,1950,0.08463482012351355,0.08167318999767303,0.08806246519088745
rmse,climatology,phihyd_surface,1960,0.08480641692876816,0.08170857131481171,0.08842989057302475
rmse,climatology,phihyd_surface,1970,0.08483663549025854,0.08134101033210754,0.08803595751523971
rmse,climatology,phihyd_surface,1980,0.08476267208655676,0.08144325017929077,0.08806865811347961
rmse,climatology,phihyd_surface,1990,0.08489741136630376,0.081765216588974,0.0882702812552452
rmse,climatology,phihyd_surface,2000,0.08520227620999019,0.08189353793859482,0.08812665939331055
rmse,persistence,phihyd_surface,0,0.0,0.0,0.0
rmse,persistence,phihyd_surface,10,0.010182256530970334,0.007837671041488649,0.012259475514292717
rmse,persistence,phihyd_surface,20,0.015910394986470542,0.01368479523807764,0.018782074749469756
rmse,persistence,phihyd_surface,30,0.01898232102394104,0.016912510618567467,0.02104645296931267
rmse,persistence,phihyd_surface,40,0.023090865711371103,0.019866061955690385,0.026520794630050658
rmse,persistence,phihyd_surface,50,0.026819317042827605,0.02353983335196972,0.029501819610595705
rmse,persistence,phihyd_surface,60,0.028702687720457712,0.024942293390631677,0.03215681686997414
rmse,persistence,phihyd_surface,70,0.030361282204588256,0.026607538759708404,0.03425607979297638
rmse,persistence,phihyd_surface,80,0.031723083555698396,0.02947077453136444,0.03528487682342529
rmse,persistence,phihyd_surface,90,0.03126896731555462,0.028856055811047554,0.034733247756958005
rmse,persistence,phihyd_surface,100,0.029796357452869415,0.02643309123814106,0.03357672020792961
rmse,persistence,phihyd_surface,110,0.029120703414082526,0.025774454325437547,0.03303473144769668
rmse,persistence,phihyd_surface,120,0.028099453697601955,0.024343269318342207,0.03195893689990044
rmse,persistence,phihyd_surface,130,0.02399270621438821,0.021768366172909736,0.02644923999905586
rmse,persistence,phihyd_surface,140,0.018958678220709166,0.01671829931437969,0.022240835800766943
rmse,persistence,phihyd_surface,150,0.016540214978158475,0.013103155419230461,0.020135533437132834
rmse,persistence,phihyd_surface,160,0.012506605995198091,0.01068168468773365,0.014771046675741672
rmse,persistence,phihyd_surface,170,0.0061388291418552395,0.0045182274654507635,0.009087749570608138
rmse,persistence,phihyd_surface,180,0.011360766800741355,0.008862550370395184,0.013591638579964638
rmse,persistence,phihyd_surface,190,0.016909080805877844,0.014354053139686584,0.020069941505789758
rmse,persistence,phihyd_surface,200,0.019848499322930972,0.017553424835205077,0.02194702923297882
rmse,persistence,phihyd_surface,210,0.02369432200988134,0.020598582178354263,0.027164490893483162
rmse,persistence,phihyd_surface,220,0.027415810028711955,0.023882849514484404,0.030206751450896262
rmse,persistence,phihyd_surface,230,0.029401386529207228,0.025819120183587074,0.03297273442149162
rmse,persistence,phihyd_surface,240,0.031004596998294196,0.027435778453946114,0.0344184473156929
rmse,persistence,phihyd_surface,250,0.032426025221745175,0.029903612658381463,0.0360412135720253
rmse,persistence,phihyd_surface,260,0.03217028627792994,0.029815173894166946,0.03555042073130608
rmse,persistence,phihyd_surface,270,0.030720180148879686,0.0276028536260128,0.03420243114233017
rmse,persistence,phihyd_surface,280,0.029913819829622903,0.026612463220953942,0.033334245532751085
rmse,persistence,phihyd_surface,290,0.029090266302227975,0.025155524536967278,0.03271931856870651
rmse,persistence,phihyd_surface,300,0.025354906047383944,0.023453344777226447,0.027439111098647117
rmse,persistence,phihyd_surface,310,0.020317668343583742,0.018734882399439812,0.023276055976748464
rmse,persistence,phihyd_surface,320,0.017796777561306952,0.014723256416618823,0.02081378847360611
rmse,persistence,phihyd_surface,330,0.01438078104207913,0.012801831029355526,0.016819120943546297
rmse,persistence,phihyd_surface,340,0.008703848471244176,0.007747279107570648,0.00973460152745247
rmse,persistence,phihyd_surface,350,0.012050909238557022,0.011081576719880104,0.013097633235156536
rmse,persistence,phihyd_surface,360,0.01745046346137921,0.01589498221874237,0.01982455253601074
rmse,persistence,phihyd_surface,370,0.020270783578356107,0.018541224673390387,0.022420981898903847
rmse,persistence,phihyd_surface,380,0.02387306330104669,0.02148147188127041,0.027368024736642838
rmse,persistence,phihyd_surface,390,0.027602328235904375,0.02469758875668049,0.030070228129625322
rmse,persistence,phihyd_surface,400,0.029696907227238018,0.026695052906870843,0.033007148653268814
rmse,persistence,phihyd_surface,410,0.03121132291853428,0.028366746753454207,0.034837839752435686
rmse,persistence,phihyd_surface,420,0.03267820241550604,0.030193935707211496,0.036771999299526216
rmse,persistence,phihyd_surface,430,0.032622359693050385,0.03008195161819458,0.03569413274526596
rmse,persistence,phihyd_surface,440,0.031214831521113713,0.027491454407572745,0.03442777171730995
rmse,persistence,phihyd_surface,450,0.03029207674165567,0.02657683603465557,0.03364763557910919
rmse,persistence,phihyd_surface,460,0.02963486003379027,0.025544045120477678,0.03333090096712112
rmse,persistence,phihyd_surface,470,0.026273237665494283,0.023865718767046927,0.028576863184571265
rmse,persistence,phihyd_surface,480,0.021245813742280007,0.01925247237086296,0.024712712690234184
rmse,persistence,phihyd_surface,490,0.018612667980293433,0.014782016538083554,0.02134239040315151
rmse,persistence,phihyd_surface,500,0.015671457226077715,0.012807682901620866,0.018042127415537835
rmse,persistence,phihyd_surface,510,0.010159438848495484,0.008344433829188347,0.013602730445563793
rmse,persistence,phihyd_surface,520,0.012266765162348748,0.010084632784128189,0.01527568157762289
rmse,persistence,phihyd_surface,530,0.017668419082959495,0.015065758675336837,0.020463341474533082
rmse,persistence,phihyd_surface,540,0.02050537479420503,0.018299193307757377,0.023200607672333718
rmse,persistence,phihyd_surface,550,0.023871901755531628,0.021238000690937044,0.027330752462148666
rmse,persistence,phihyd_surface,560,0.027618946259220442,0.023669685795903207,0.030539726838469505
rmse,persistence,phihyd_surface,570,0.02983764447271824,0.026570860296487808,0.03329835906624794
rmse,persistence,phihyd_surface,580,0.03125648486117522,0.02790258824825287,0.034558273106813434
rmse,persistence,phihyd_surface,590,0.032740333552161854,0.029567082598805427,0.036790207773447034
rmse,persistence,phihyd_surface,600,0.03285085583726565,0.03029070533812046,0.035693345963954924
rmse,persistence,phihyd_surface,610,0.03143307293454806,0.027216514572501183,0.03420499488711357
rmse,persistence,phihyd_surface,620,0.030338377381364506,0.026846766099333765,0.03295636549592018
rmse,persistence,phihyd_surface,630,0.029778807361920675,0.026190848648548128,0.033617136627435686
rmse,persistence,phihyd_surface,640,0.026728017379840215,0.024692122265696524,0.029378709942102434
rmse,persistence,phihyd_surface,650,0.02164249916871389,0.01964797228574753,0.024826832860708234
rmse,persistence,phihyd_surface,660,0.018776755097011724,0.01583876870572567,0.021518288180232048
rmse,persistence,phihyd_surface,670,0.016184594730536142,0.014192527160048485,0.018836184591054916
rmse,persistence,phihyd_surface,680,0.010891264987488587,0.010454451851546764,0.011384139582514764
rmse,persistence,phihyd_surface,690,0.012020583637058735,0.011271691881120205,0.012939065136015416
rmse,persistence,phihyd_surface,700,0.01757222811381022,0.01570235416293144,0.019902259483933447
rmse,persistence,phihyd_surface,710,0.020630120237668356,0.01886752061545849,0.02291041426360607
rmse,persistence,phihyd_surface,720,0.02389554095764955,0.0217618890106678,0.026846054941415787
rmse,persistence,phihyd_surface,730,0.02772121938566367,0.023932366445660592,0.03027420900762081
rmse,persistence,phihyd_surface,740,0.030179815987745922,0.02748475521802902,0.033746226131916045
rmse,persistence,phihyd_surface,750,0.0316579882055521,0.028736384585499763,0.03383226543664932
rmse,persistence,phihyd_surface,760,0.033249916260441145,0.030058710277080535,0.037027614563703536
rmse,persistence,phihyd_surface,770,0.033654324958721796,0.031241117045283318,0.03613334149122238
rmse,persistence,phihyd_surface,780,0.032461427400509515,0.02872047498822212,0.03473885953426361
rmse,persistence,phihyd_surface,790,0.03139678637186686,0.02781795561313629,0.03450296521186828
rmse,persistence,phihyd_surface,800,0.031048941239714623,0.028023619949817658,0.034824316203594205
rmse,persistence,phihyd_surface,810,0.028582282985250156,0.026548151671886445,0.031450874358415606
rmse,persistence,phihyd_surface,820,0.02391297680636247,0.021969517320394517,0.026656311005353928
rmse,persistence,phihyd_surface,830,0.021123170852661133,0.018621553480625153,0.023538853973150253
rmse,persistence,phihyd_surface,840,0.019148498276869454,0.01757081486284733,0.021876399219036103
rmse,persistence,phihyd_surface,850,0.014914185057083766,0.013689441978931427,0.015984324738383293
rmse,persistence,phihyd_surface,860,0.015001275390386582,0.013985979557037353,0.01614515222609043
rmse,persistence,phihyd_surface,870,0.019680097078283627,0.017788001149892808,0.022083042934536935
rmse,persistence,phihyd_surface,880,0.02257522443930308,0.02088443301618099,0.025075233727693557
rmse,persistence,phihyd_surface,890,0.02545053412516912,0.023111230880022048,0.027811673656105994
rmse,persistence,phihyd_surface,900,0.02906964495778084,0.025590113550424575,0.03137767091393471
rmse,persistence,phihyd_surface,910,0.03155945601562659,0.02881014458835125,0.03477884158492088
rmse,persistence,phihyd_surface,920,0.03293619453907013,0.029593876004219054,0.034707558900117876
rmse,persistence,phihyd_surface,930,0.03445613284905751,0.031193118542432785,0.038055256754159925
rmse,persistence,phihyd_surface,940,0.034987726559241615,0.03263419046998024,0.03710972741246223
rmse,persistence,phihyd_surface,950,0.033879786853988965,0.030617422610521316,0.03601106926798821
rmse,persistence,phihyd_surface,960,0.03269022131959597,0.029166875779628752,0.03603842332959175
rmse,persistence,phihyd_surface,970,0.032329301039377846,0.029713170230388643,0.03595540449023247
rmse,persistence,phihyd_surface,980,0.030241381376981735,0.028109661862254144,0.03295203372836113
rmse,persistence,phihyd_surface,990,0.025818736727039018,0.02408858872950077,0.02823950871825218
rmse,persistence,phihyd_surface,1000,0.022846003373463947,0.02047251835465431,0.02461509481072426
rmse,persistence,phihyd_surface,1010,0.021108784650762876,0.019115376099944115,0.023660847917199135
rmse,persistence,phihyd_surface,1020,0.017334900423884393,0.01633559465408325,0.018223951011896132
rmse,persistence,phihyd_surface,1030,0.01660049060980479,0.015631476975977422,0.017772266268730165
rmse,persistence,phihyd_surface,1040,0.020785943667093913,0.019245529547333717,0.022189588472247123
rmse,persistence,phihyd_surface,1050,0.023674226676424343,0.022009184956550597,0.025683684274554253
rmse,persistence,phihyd_surface,1060,0.02620799243450165,0.024186597019433976,0.02901904098689556
rmse,persistence,phihyd_surface,1070,0.029673530409733456,0.025936157256364823,0.03242077231407166
rmse,persistence,phihyd_surface,1080,0.032284734522302946,0.029809261485934258,0.03457534536719322
rmse,persistence,phihyd_surface,1090,0.033640006681283315,0.030802933126688005,0.036383312195539474
rmse,persistence,phihyd_surface,1100,0.035124457503358526,0.03170673251152038,0.039252739399671555
rmse,persistence,phihyd_surface,1110,0.03583546231190363,0.033082877099514005,0.038606831431388856
rmse,persistence,phihyd_surface,1120,0.034900325288375215,0.03245731219649315,0.03784394189715386
rmse,persistence,phihyd_surface,1130,0.03367399461567402,0.03006514683365822,0.03779893293976784
rmse,persistence,phihyd_surface,1140,0.03330005444586277,0.03059370219707489,0.0366221658885479
rmse,persistence,phihyd_surface,1150,0.03155348723133405,0.028606268391013146,0.034002989530563354
rmse,persistence,phihyd_surface,1160,0.02734057083725929,0.025112640485167502,0.02995181754231453
rmse,persistence,phihyd_surface,1170,0.02418428808450699,0.02160590551793575,0.026570625975728034
rmse,persistence,phihyd_surface,1180,0.0226194662352403,0.020152486860752106,0.025049413740634918
rmse,persistence,phihyd_surface,1190,0.019217172513405482,0.01766250468790531,0.021603550016880035
rmse,persistence,phihyd_surface,1200,0.017827854429682096,0.01655876636505127,0.02076050080358982
rmse,persistence,phihyd_surface,1210,0.021510519832372666,0.019459695369005204,0.02403436005115509
rmse,persistence,phihyd_surface,1220,0.024438751116394996,0.022756458446383476,0.026845191791653632
rmse,persistence,phihyd_surface,1230,0.026715687289834023,0.024939605221152305,0.02932989299297333
rmse,persistence,phihyd_surface,1240,0.02999895674486955,0.026490801572799684,0.03277459144592285
rmse,persistence,phihyd_surface,1250,0.032641784350077314,0.029737440496683122,0.035001906007528304
rmse,persistence,phihyd_surface,1260,0.033955017228921254,0.030415141582489015,0.036614027619361875
rmse,persistence,phihyd_surface,1270,0.03537865603963534,0.0319230780005455,0.039379905164241794
rmse,persistence,phihyd_surface,1280,0.03620491499702136,0.03423022031784058,0.03864281103014946
rmse,persistence,phihyd_surface,1290,0.0353682953864336,0.03289683163166046,0.038401421159505844
rmse,persistence,phihyd_surface,1300,0.0340410182873408,0.03129789493978023,0.03752676099538803
rmse,persistence,phihyd_surface,1310,0.033595935255289075,0.031214978918433188,0.036556608974933624
rmse,persistence,phihyd_surface,1320,0.032187708839774135,0.02964543178677559,0.03539179190993309
rmse,persistence,phihyd_surface,1330,0.028243550037344297,0.02637309953570366,0.03040933907032013
rmse,persistence,phihyd_surface,1340,0.0249153067668279,0.0232448048889637,0.026990944147109983
rmse,persistence,phihyd_surface,1350,0.023497825115919115,0.02177097536623478,0.025985196232795715
rmse,persistence,phihyd_surface,1360,0.020529267440239588,0.01992584243416786,0.021530074626207353
rmse,persistence,phihyd_surface,1370,0.018751202896237374,0.018663232028484345,0.01887793019413948
rmse,persistence,phihyd_surface,1380,0.02208115831017494,0.020852000638842582,0.023346174135804178
rmse,persistence,phihyd_surface,1390,0.02522462432583173,0.023657166585326194,0.027092179283499718
rmse,persistence,phihyd_surface,1400,0.02744678929448128,0.02590220458805561,0.029037581756711006
rmse,persistence,phihyd_surface,1410,0.030662152792016666,0.027827699854969978,0.033369611203670504
rmse,persistence,phihyd_surface,1420,0.03344716392457485,0.030848356336355208,0.03560416996479034
rmse,persistence,phihyd_surface,1430,0.034883419424295424,0.031818986684083936,0.03739550411701202
rmse,persistence,phihyd_surface,1440,0.03633428911368052,0.03316035121679306,0.03993599861860275
rmse,persistence,phihyd_surface,1450,0.037349486847718556,0.03551253080368042,0.04005875512957573
rmse,persistence,phihyd_surface,1460,0.03680278907219569,0.034431052207946775,0.03988578766584396
rmse,persistence,phihyd_surface,1470,0.035592573260267574,0.033288145810365675,0.03903892040252686
rmse,persistence,phihyd_surface,1480,0.035177831848462425,0.03277376666665077,0.03808174431324005
rmse,persistence,phihyd_surface,1490,0.03421097584068775,0.03133845403790474,0.03718406781554222
rmse,persistence,phihyd_surface,1500,0.03078422819574674,0.02892174944281578,0.03255439326167107
rmse,persistence,phihyd_surface,1510,0.027517639845609666,0.026034507155418395,0.02950804717838764
rmse,persistence,phihyd_surface,1520,0.026261777679125468,0.02474755682051182,0.02820456176996231
rmse,persistence,phihyd_surface,1530,0.02386481687426567,0.022913085669279097,0.025159063562750817
rmse,persistence,phihyd_surface,1540,0.0218699861317873,0.021339183673262596,0.02244313582777977
rmse,persistence,phihyd_surface,1550,0.02440336768825849,0.02362789735198021,0.025441058352589606
rmse,persistence,phihyd_surface,1560,0.027397800236940384,0.025946355238556863,0.029318978264927863
rmse,persistence,phihyd_surface,1570,0.02938024140894413,0.02811744771897793,0.030815744400024415
rmse,persistence,phihyd_surface,1580,0.032312966386477154,0.03027418367564678,0.0345503993332386
rmse,persistence,phihyd_surface,1590,0.03503340135018031,0.0328839048743248,0.03693410456180572
rmse,persistence,phihyd_surface,1600,0.036451642960309984,0.03362463042140007,0.03885069638490677
rmse,persistence,phihyd_surface,1610,0.0377728300789992,0.03496038466691971,0.041080990433692934
rmse,persistence,phihyd_surface,1620,0.03882118066151937,0.03710208460688591,0.04173353984951973
rmse,persistence,phihyd_surface,1630,0.03842912837862968,0.03659759610891342,0.041386612504720685
rmse,persistence,phihyd_surface,1640,0.03719449142615001,0.03462225422263145,0.040166544169187544
rmse,persistence,phihyd_surface,1650,0.03664437606930733,0.03430301994085312,0.03924736827611923
rmse,persistence,phihyd_surface,1660,0.03590923026204109,0.03264802619814873,0.03850789591670036
rmse,persistence,phihyd_surface,1670,0.03284189229210218,0.0313476674258709,0.034639864414930346
rmse,persistence,phihyd_surface,1680,0.02950286790728569,0.028249188512563705,0.031500575691461564
rmse,persistence,phihyd_surface,1690,0.028189843023816743,0.025875627994537354,0.030269139632582664
rmse,persistence,phihyd_surface,1700,0.02615756926437219,0.02488805875182152,0.027157264202833174
rmse,persistence,phihyd_surface,1710,0.023946269353230795,0.022987166419625282,0.02518643029034138
rmse,persistence,phihyd_surface,1720,0.025872101510564485,0.024780063331127165,0.027180403098464014
rmse,persistence,phihyd_surface,1730,0.0288186797251304,0.02730674259364605,0.03036494068801403
rmse,persistence,phihyd_surface,1740,0.030646340424815812,0.029046886786818504,0.032495413720607755
rmse,persistence,phihyd_surface,1750,0.033316092814008394,0.03089966028928757,0.036381032317876816
rmse,persistence,phihyd_surface,1760,0.03604683627684911,0.03374018296599388,0.038108035922050476
rmse,persistence,phihyd_surface,1770,0.03757003098726273,0.03448193222284317,0.04041330367326736
rmse,persistence,phihyd_surface,1780,0.03881002763907115,0.03649945184588432,0.042863454669713974
rmse,persistence,phihyd_surface,1790,0.03993730594714483,0.03780196532607079,0.04336449950933456
rmse,persistence,phihyd_surface,1800,0.03977771699428558,0.03733353242278099,0.04200995787978172
rmse,persistence,phihyd_surface,1810,0.03861491655309995,0.03543985188007355,0.041338611394166946
rmse,persistence,phihyd_surface,1820,0.03797179361184438,0.03479293063282966,0.0405951090157032
rmse,persistence,phihyd_surface,1830,0.03742084726691246,0.033741481602191925,0.04069257602095604
rmse,persistence,phihyd_surface,1840,0.034684554859995845,0.03257588148117065,0.03767772689461708
rmse,persistence,phihyd_surface,1850,0.031293280174334845,0.02964620143175125,0.033692116290330885
rmse,persistence,phihyd_surface,1860,0.029895817736784618,0.02756948247551918,0.03192028999328613
rmse,persistence,phihyd_surface,1870,0.0281729981303215,0.026719796657562255,0.029914374649524688
rmse,persistence,phihyd_surface,1880,0.025835455457369486,0.024823459237813948,0.028152627125382423
rmse,persistence,phihyd_surface,1890,0.027152840544780097,0.026007665693759917,0.02927555702626705
rmse,persistence,phihyd_surface,1900,0.030000951513648032,0.028537235409021377,0.03216556832194328
rmse,persistence,phihyd_surface,1910,0.03173314779996872,0.03019726574420929,0.03405398726463318
rmse,persistence,phihyd_surface,1920,0.03413284805913766,0.032121022790670396,0.036482305824756624
rmse,persistence,phihyd_surface,1930,0.03677509501576424,0.03406164422631264,0.03903467357158661
rmse,persistence,phihyd_surface,1940,0.03832153081893921,0.03558974638581276,0.041284972429275514
rmse,persistence,phihyd_surface,1950,0.039451988289753596,0.03686992526054382,0.04243576526641846
rmse,persistence,phihyd_surface,1960,0.040597194184859596,0.03846620544791222,0.04352364987134934
rmse,persistence,phihyd_surface,1970,0.040575868884722394,0.038545843213796616,0.04319739863276482
rmse,persistence,phihyd_surface,1980,0.039438204218943916,0.03619590699672699,0.04160658717155456
rmse,persistence,phihyd_surface,1990,0.03869750176866849,0.0360957071185112,0.040549947321414946
rmse,persistence,phihyd_surface,2000,0.038319241752227146,0.035539577901363376,0.041151534765958786
rmse,model,sst,0,0.0,0.0,0.0
rmse,model,sst,10,0.002199583943001926,0.0020134368911385535,0.0024836136028170584
rmse,model,sst,20,0.0034855660671989125,0.003048590151593089,0.0042621479369699955
rmse,model,sst,30,0.004554867806533972,0.004082010500133038,0.005668637622147798
rmse,model,sst,40,0.005557970019678274,0.004980301111936569,0.0068612415343523026
rmse,model,sst,50,0.006408065526435773,0.005685033835470676,0.007974247820675373
rmse,model,sst,60,0.00725864606599013,0.0063847478479146956,0.008822490461170673
rmse,model,sst,70,0.008032254005471865,0.007182359881699085,0.00958575252443552
rmse,model,sst,80,0.0088465530735751,0.007876623142510652,0.010419090837240219
rmse,model,sst,90,0.009742961761852105,0.00877915732562542,0.011081993579864502
rmse,model,sst,100,0.010579100561638672,0.009629618749022484,0.011560375988483428
rmse,model,sst,110,0.011393739220996698,0.010430428013205529,0.012352481484413147
rmse,model,sst,120,0.012187861899534861,0.0113099979236722,0.012922614254057408
rmse,model,sst,130,0.01306621494392554,0.012264300137758255,0.014108765497803688
rmse,model,sst,140,0.014026979667445023,0.013117721304297447,0.015401120856404304
rmse,model,sst,150,0.015108498434225718,0.013996263779699803,0.017140064761042594
rmse,model,sst,160,0.016259734953443208,0.015025868453085423,0.01882690116763115
rmse,model,sst,170,0.017524846519033115,0.016055560484528542,0.020246070995926856
rmse,model,sst,180,0.018966052557031314,0.017220693454146386,0.022016749158501624
rmse,model,sst,190,0.020661231006185214,0.01866469010710716,0.024015475437045096
rmse,model,sst,200,0.022550260399778685,0.02036924324929714,0.02627936266362667
rmse,model,sst,210,0.02464471074442069,0.022171031311154367,0.02878902927041054
rmse,model,sst,220,0.026953032488624254,0.024185804277658464,0.03148670196533203
rmse,model,sst,230,0.029507888356844585,0.026447727903723718,0.034323233366012576
rmse,model,sst,240,0.032214288413524625,0.028892554342746735,0.03724146708846092
rmse,model,sst,250,0.03506948637465636,0.031608444452285764,0.04020790308713913
rmse,model,sst,260,0.038034162918726605,0.034468385577201846,0.04312534034252167
rmse,model,sst,270,0.04107609490553538,0.03753218948841095,0.046087715029716494
rmse,model,sst,280,0.04422365302840869,0.040864457935094835,0.049182406067848204
rmse,model,sst,290,0.047445842623710634,0.044299036264419556,0.05223609060049057
rmse,model,sst,300,0.05067451074719429,0.047667548060417175,0.05534820854663849
rmse,model,sst,310,0.05391622657577197,0.05095910802483559,0.05752798169851303
rmse,model,sst,320,0.05722108284632365,0.05418810546398163,0.06006625145673752
rmse,model,sst,330,0.06057466814915339,0.057327745109796525,0.06283724159002305
rmse,model,sst,340,0.06384734014670054,0.06017724946141243,0.06578619331121445
rmse,model,sst,350,0.06710034906864167,0.06313638538122177,0.06948845535516739
rmse,model,sst,360,0.07035711159308751,0.06626790761947632,0.07310001254081726
rmse,model,sst,370,0.07369917432467142,0.06928377002477645,0.0766118660569191
rmse,model,sst,380,0.07717398256063461,0.07240035682916642,0.08028616607189179
rmse,model,sst,390,0.08076400657494863,0.0757545456290245,0.08391673117876053
rmse,model,sst,400,0.08452974210182826,0.07921931892633438,0.0876626655459404
rmse,model,sst,410,0.08834025164445242,0.08271771818399429,0.09189448952674865
rmse,model,sst,420,0.09222965091466903,0.08631393313407898,0.09661301523447037
rmse,model,sst,430,0.0960330660144488,0.08996561169624329,0.10137537270784377
rmse,model,sst,440,0.0998765711983045,0.09338393360376358,0.10614545792341232
rmse,model,sst,450,0.10373036811749141,0.09664472639560699,0.11100743412971496
rmse,model,sst,460,0.10755869348843893,0.09987557083368301,0.11609552651643754
rmse,model,sst,470,0.1113934208949407,0.10299058854579926,0.1212879478931427
rmse,model,sst,480,0.11520092338323593,0.10583686083555222,0.12623202204704284
rmse,model,sst,490,0.11909984548886617,0.10892203450202942,0.1309161067008972
rmse,model,sst,500,0.12312807440757752,0.11219679713249206,0.13567899763584138
rmse,model,sst,510,0.12719959914684295,0.1155240148305893,0.14024264812469484
rmse,model,sst,520,0.13128808836142222,0.11865153163671494,0.14467986226081847
rmse,model,sst,530,0.13542821556329726,0.12151827663183212,0.1490325689315796
rmse,model,sst,540,0.13946314255396525,0.1250576451420784,0.15324269831180573
rmse,model,sst,550,0.1434405376513799,0.12848738729953765,0.15754823088645936
rmse,model,sst,560,0.14738657474517822,0.1317337304353714,0.16170783638954161
rmse,model,sst,570,0.1512443204720815,0.1355162262916565,0.16544000506401063
rmse,model,sst,580,0.15503836870193483,0.13899286985397338,0.1691254585981369
rmse,model,sst,590,0.15880456566810608,0.14227619767189026,0.17298650741577148
rmse,model,sst,600,0.1623688519001007,0.1461836129426956,0.1767112284898758
rmse,model,sst,610,0.16595243910948435,0.14985381662845612,0.18012287616729736
rmse,model,sst,620,0.1695534845193227,0.15327692925930023,0.1840786576271057
rmse,model,sst,630,0.17307011187076568,0.15676562190055848,0.18762742280960082
rmse,model,sst,640,0.17625347673892974,0.15968219339847564,0.19014867544174194
rmse,model,sst,650,0.17938564121723174,0.16215702295303344,0.1934272199869156
rmse,model,sst,660,0.18261200586954754,0.1653505504131317,0.19749754667282104
rmse,model,sst,670,0.18576728999614717,0.1687506467103958,0.20095461308956147
rmse,model,sst,680,0.18897701402505238,0.1718854069709778,0.204045432806015
rmse,model,sst,690,0.19224543372790018,0.17510367929935455,0.20701562762260436
rmse,model,sst,700,0.19551425476868947,0.17877752780914308,0.20963500440120697
rmse,model,sst,710,0.19868266383806865,0.1827156811952591,0.21307307183742524
rmse,model,sst,720,0.20191163420677186,0.18602101802825927,0.21725371479988098
rmse,model,sst,730,0.20528972844282786,0.18930104076862336,0.22161781191825866
rmse,model,sst,740,0.20873199999332429,0.192938169836998,0.2259504795074463
rmse,model,sst,750,0.2121606041987737,0.19609855711460114,0.23003705143928527
rmse,model,sst,760,0.2157366047302882,0.19904276132583618,0.23387699723243713
rmse,model,sst,770,0.21932083368301392,0.2031163305044174,0.23831012845039368
rmse,model,sst,780,0.22284600734710694,0.20636101067066193,0.24212985634803771
rmse,model,sst,790,0.22664948105812072,0.2089113175868988,0.24629941284656526
rmse,model,sst,800,0.23077830870946248,0.21160253286361694,0.251172149181366
rmse,model,sst,810,0.2347667435805003,0.21427212357521058,0.25481759309768676
rmse,model,sst,820,0.2385349154472351,0.2167280524969101,0.25851413011550906
rmse,model,sst,830,0.24238785107930502,0.21891942322254182,0.26241337060928344
rmse,model,sst,840,0.24644576013088226,0.22355476915836334,0.26503161787986756
rmse,model,sst,850,0.2505575954914093,0.22790067493915558,0.26827409863471985
rmse,model,sst,860,0.2546997388203939,0.2316538393497467,0.2727310240268707
rmse,model,sst,870,0.25879059433937074,0.23574963808059693,0.27692161202430726
rmse,model,sst,880,0.2627086361249288,0.24019982814788818,0.28071879744529726
rmse,model,sst,890,0.26647130846977235,0.24427731931209565,0.28509363532066345
rmse,model,sst,900,0.2702429562807083,0.2482929825782776,0.28900137543678284
rmse,model,sst,910,0.2739888787269592,0.2528994232416153,0.29269466996192933
rmse,model,sst,920,0.27751498222351073,0.25708826184272765,0.29708293080329895
rmse,model,sst,930,0.2810054043928782,0.26047772765159605,0.30125912427902224
rmse,model,sst,940,0.28455957571665447,0.2640179693698883,0.304943311214447
rmse,model,sst,950,0.2880225419998169,0.26688037514686586,0.3085141062736511
rmse,model,sst,960,0.29136799375216166,0.26914443373680114,0.3120165288448334
rmse,model,sst,970,0.29471418460210164,0.2721941411495209,0.3157862603664398
rmse,model,sst,980,0.298067178328832,0.27549366354942323,0.3193706810474396
rmse,model,sst,990,0.3013027966022491,0.27805042266845703,0.32237189412117007
rmse,model,sst,1000,0.3046785275141398,0.2807280421257019,0.3262667417526245
rmse,model,sst,1010,0.30825764934221905,0.2840161621570587,0.3302317261695862
rmse,model,sst,1020,0.31198986967404685,0.28731333613395693,0.33336677551269533
rmse,model,sst,1030,0.3159560918807983,0.29038830995559695,0.33778035044670107
rmse,model,sst,1040,0.3199115991592407,0.2936753571033478,0.34342328310012815
rmse,model,sst,1050,0.3239363332589467,0.29730350375175474,0.3468201160430908
rmse,model,sst,1060,0.32789481480916344,0.3008824288845062,0.34999761581420896
rmse,model,sst,1070,0.33185240626335144,0.3046968162059784,0.3533610820770264
rmse,model,sst,1080,0.3359325071175893,0.30923612117767335,0.3562390863895416
rmse,model,sst,1090,0.3399066845575968,0.31357672810554504,0.3593558490276337
rmse,model,sst,1100,0.3438420554002126,0.3175413489341736,0.36328951120376585
rmse,model,sst,1110,0.34773805538813274,0.32103381752967836,0.3668800354003906
rmse,model,sst,1120,0.35147329171498615,0.32417899966239927,0.3699824631214142
rmse,model,sst,1130,0.35516541997591655,0.3270048201084137,0.37340612411499025
rmse,model,sst,1140,0.35897786418596905,0.33035101294517516,0.3773292303085327
rmse,model,sst,1150,0.3630052407582601,0.33417990803718567,0.3812411665916443
rmse,model,sst,1160,0.3671155571937561,0.3375767946243286,0.38508487343788145
rmse,model,sst,1170,0.37141605615615847,0.3409491240978241,0.38972951769828795
rmse,model,sst,1180,0.37612043023109437,0.3447233736515045,0.3950764060020447
rmse,model,sst,1190,0.3810995638370514,0.3487292766571045,0.4004794716835022
rmse,model,sst,1200,0.3862696329752604,0.3526516854763031,0.40618746280670165
rmse,model,sst,1210,0.3916646778583527,0.357536256313324,0.4126424014568329
rmse,model,sst,1220,0.39727838238080343,0.36252436637878416,0.41949265003204345
rmse,model,sst,1230,0.40296926697095237,0.36728941798210146,0.42615963220596315
rmse,model,sst,1240,0.40890467166900635,0.3728480637073517,0.43466463685035706
rmse,model,sst,1250,0.4151572505633036,0.37893518805503845,0.4438836693763733
rmse,model,sst,1260,0.4215856651465098,0.3845564365386963,0.4526485979557037
rmse,model,sst,1270,0.4284144838651021,0.39058698415756227,0.4606103777885437
rmse,model,sst,1280,0.43555355072021484,0.396793270111084,0.4687506675720215
rmse,model,sst,1290,0.442852658033371,0.4020330965518951,0.47919040322303774
rmse,model,sst,1300,0.45035123229026797,0.4076091766357422,0.48874111771583556
rmse,model,sst,1310,0.4580993274847666,0.41455734968185426,0.49786951541900637
rmse,model,sst,1320,0.46609377264976504,0.41984289288520815,0.5069621562957763
rmse,model,sst,1330,0.4740341981252035,0.42510855197906494,0.5156309843063355
rmse,model,sst,1340,0.48192347288131715,0.4310295403003693,0.5246889352798462
rmse,model,sst,1350,0.4899922966957092,0.4372347295284271,0.5351222872734069
rmse,model,sst,1360,0.498206486304601,0.443470823764801,0.5457140803337097
rmse,model,sst,1370,0.5064937392870585,0.4500081896781921,0.5566180229187012
rmse,model,sst,1380,0.514905063311259,0.4560445070266724,0.5676694750785828
rmse,model,sst,1390,0.5236705839633942,0.4622702419757843,0.5791768193244934
rmse,model,sst,1400,0.5326853056748708,0.46858304738998413,0.5911898493766785
rmse,model,sst,1410,0.5419192751248677,0.4745018720626831,0.6035207033157348
rmse,model,sst,1420,0.5516773084799449,0.48024689555168154,0.616505253314972
rmse,model,sst,1430,0.5621081352233886,0.48686894178390505,0.6310013890266418
rmse,model,sst,1440,0.5729490180810293,0.4943885266780853,0.6455944418907166
rmse,model,sst,1450,0.5841421683629354,0.5039579510688782,0.6613153338432312
rmse,model,sst,1460,0.5959136406580607,0.5138333320617676,0.6777515530586242
rmse,model,sst,1470,0.6083116054534912,0.524328887462616,0.6944671750068665
rmse,model,sst,1480,0.6212920109430949,0.5359124898910522,0.7123361349105835
rmse,model,sst,1490,0.634941303730011,0.5486110091209412,0.7309873461723327
rmse,model,sst,1500,0.6489692529042562,0.5619478106498719,0.7492863535881042
rmse,model,sst,1510,0.6631593426068624,0.5745655417442321,0.7672179698944092
rmse,model,sst,1520,0.6776288429896037,0.5862162470817566,0.7849604606628418
rmse,model,sst,1530,0.6925763090451559,0.5965662360191345,0.803042221069336
rmse,model,sst,1540,0.7077732404073079,0.6066486835479736,0.8218735814094543
rmse,model,sst,1550,0.7231161991755167,0.61714848279953,0.8413067936897278
rmse,model,sst,1560,0.7388266404469808,0.6288414120674133,0.8612215042114257
rmse,model,sst,1570,0.7549161314964294,0.640831983089447,0.8818910837173461
rmse,model,sst,1580,0.771337644259135,0.6526629447937011,0.9030646562576293
rmse,model,sst,1590,0.7881178339322408,0.6657627940177917,0.9249483823776244
rmse,model,sst,1600,0.8054914633433025,0.6799647212028503,0.9471467733383179
rmse,model,sst,1610,0.8234825174013773,0.694190502166748,0.968954598903656
rmse,model,sst,1620,0.841886293888092,0.7080693006515503,0.9910043716430664
rmse,model,sst,1630,0.8606557250022888,0.7208211660385132,1.0138378381729125
rmse,model,sst,1640,0.8800709088643391,0.7372184872627259,1.036689281463623
rmse,model,sst,1650,0.9000826517740885,0.7549425721168518,1.0596279859542848
rmse,model,sst,1660,0.9206037640571594,0.7735430479049683,1.0829548120498658
rmse,model,sst,1670,0.9417699098587036,0.7923855662345887,1.1063660860061646
rmse,model,sst,1680,0.9636811852455139,0.8105103015899658,1.1297648906707765
rmse,model,sst,1690,0.9863927682240804,0.8296915173530579,1.1544163465499877
rmse,model,sst,1700,1.0100380023320517,0.8493582129478454,1.1800960540771483
rmse,model,sst,1710,1.0345130483309428,0.8688302040100098,1.2066645860671996
rmse,model,sst,1720,1.0595680038134256,0.8886563539505005,1.234311056137085
rmse,model,sst,1730,1.0852315743764243,0.909397292137146,1.262924885749817
rmse,model,sst,1740,1.1115395029385884,0.9310735702514649,1.29178786277771
rmse,model,sst,1750,1.1382818222045898,0.9521613597869873,1.3214901208877563
rmse,model,sst,1760,1.1653249621391297,0.9734278440475463,1.3515438318252564
rmse,model,sst,1770,1.1929199655850729,0.9959314584732055,1.381511116027832
rmse,model,sst,1780,1.2209574182828267,1.0182835817337037,1.4122517585754395
rmse,model,sst,1790,1.2494033694267273,1.0401439189910888,1.4440957307815552
rmse,model,sst,1800,1.2784215092658997,1.0626572608947753,1.476713728904724
rmse,model,sst,1810,1.3081685702006023,1.0851528882980346,1.5110510349273683
rmse,model,sst,1820,1.338658293088277,1.1074358940124511,1.5467985153198243
rmse,model,sst,1830,1.3699749867121378,1.1295832395553589,1.583924412727356
rmse,model,sst,1840,1.4023196617762248,1.1517096042633057,1.6228873014450074
rmse,model,sst,1850,1.4356114308039347,1.1730874300003051,1.6633517742156982
rmse,model,sst,1860,1.4699436982472738,1.194193696975708,1.7064003944396973
rmse,model,sst,1870,1.5056252638498941,1.2160200834274293,1.7522093534469605
rmse,model,sst,1880,1.542475954691569,1.237841010093689,1.8009727716445922
rmse,model,sst,1890,1.5805289347966511,1.2595180988311767,1.8534692764282226
rmse,model,sst,1900,1.620107356707255,1.2819947957992555,1.9170271158218384
rmse,model,sst,1910,1.6613261063893636,1.3059277772903441,1.987362241744995
rmse,model,sst,1920,1.704474918047587,1.3321921825408936,2.0610775470733644
rmse,model,sst,1930,1.7499816735585532,1.363422727584839,2.138041877746582
rmse,model,sst,1940,1.7981629689534506,1.3955664157867431,2.2189484596252442
rmse,model,sst,1950,1.8490828116734823,1.4285667419433594,2.3035972118377686
rmse,model,sst,1960,1.9027350902557374,1.4632437229156494,2.391147518157959
rmse,model,sst,1970,1.9594860553741456,1.5004096269607543,2.481635904312134
rmse,model,sst,1980,2.0195788939793906,1.5404590845108033,2.5753535747528074
rmse,model,sst,1990,2.0827813386917113,1.586345386505127,2.671686840057373
rmse,model,sst,2000,2.1492973883946735,1.6367650747299194,2.770523977279663
rmse,climatology,sst,0,0.0389265276491642,0.035574182868003845,0.04028378054499626
rmse,climatology,sst,10,0.03923815041780472,0.03736589401960373,0.04099519625306129
rmse,climatology,sst,20,0.039320103575785956,0.03762618154287338,0.040531442314386365
rmse,climatology,sst,30,0.038740519682566324,0.037184206396341325,0.040703299641609195
rmse,climatology,sst,40,0.03858900268872579,0.03573226556181908,0.04099956303834915
rmse,climatology,sst,50,0.03869208519657453,0.035776589065790176,0.04141226857900619
rmse,climatology,sst,60,0.03892315253615379,0.03620801270008087,0.04084012880921364
rmse,climatology,sst,70,0.03883726025621096,0.03657793998718262,0.04039426445960999
rmse,climatology,sst,80,0.03889933948715528,0.03720342889428139,0.040493494272232054
rmse,climatology,sst,90,0.0385918083290259,0.036352936178445816,0.04007422626018524
rmse,climatology,sst,100,0.03808314949274063,0.03563640341162681,0.03997560814023018
rmse,climatology,sst,110,0.03846561486522357,0.03538846671581268,0.04068335667252541
rmse,climatology,sst,120,0.0391620268424352,0.0369360975921154,0.040663623809814455
rmse,climatology,sst,130,0.03905573238929113,0.036967542767524716,0.04051199331879616
rmse,climatology,sst,140,0.03854350820183754,0.03628925234079361,0.04055894613265991
rmse,climatology,sst,150,0.03847473462422689,0.036773454397916794,0.04018149375915527
rmse,climatology,sst,160,0.03876204937696457,0.03648825287818909,0.04059707745909691
rmse,climatology,sst,170,0.039192409813404085,0.03596422746777535,0.04108245670795441
rmse,climatology,sst,180,0.03954434792200724,0.0378026694059372,0.04160578474402428
rmse,climatology,sst,190,0.039666857073704404,0.03801183849573135,0.04131584540009499
rmse,climatology,sst,200,0.0391374833881855,0.037005302309989926,0.04073157012462616
rmse,climatology,sst,210,0.03894718736410141,0.036845603585243226,0.041131512820720674
rmse,climatology,sst,220,0.039013138661781945,0.0360864095389843,0.041439615190029144
rmse,climatology,sst,230,0.03928909674286842,0.03607980981469154,0.04221329838037491
rmse,climatology,sst,240,0.03928377578655879,0.037222766876220705,0.04152922257781029
rmse,climatology,sst,250,0.039394378165404004,0.037359080463647845,0.040860824286937714
rmse,climatology,sst,260,0.03917150224248568,0.03787416815757751,0.040325429290533066
rmse,climatology,sst,270,0.038594473898410794,0.035747194290161134,0.041040093451738355
rmse,climatology,sst,280,0.038892330477635066,0.03569264784455299,0.041796446591615674
rmse,climatology,sst,290,0.03954295342167218,0.03681600540876388,0.04184556677937508
rmse,climatology,sst,300,0.03950322071711222,0.03669897019863129,0.04123248979449272
rmse,climatology,sst,310,0.038967961569627126,0.03685956448316574,0.040392880141735074
rmse,climatology,sst,320,0.03876896525422732,0.03676007017493248,0.04019445404410362
rmse,climatology,sst,330,0.03901253615816434,0.0367580384016037,0.04072318896651268
rmse,climatology,sst,340,0.039333031078179675,0.03730050250887871,0.04114143699407578
rmse,climatology,sst,350,0.03970204119880994,0.03842826262116432,0.040792157500982286
rmse,climatology,sst,360,0.03977415512005488,0.03860125839710236,0.04086871892213821
rmse,climatology,sst,370,0.03922105406721433,0.03733905926346779,0.040893657505512236
rmse,climatology,sst,380,0.03893251071373622,0.03676949143409729,0.04075540006160736
rmse,climatology,sst,390,0.03892797057827314,0.036288332939147946,0.04078308492898941
rmse,climatology,sst,400,0.039199275771776836,0.036311205476522446,0.041010621935129166
rmse,climatology,sst,410,0.039177962392568585,0.03710019960999489,0.04088482037186623
rmse,climatology,sst,420,0.03924319545427958,0.037356197088956836,0.040992462635040285
rmse,climatology,sst,430,0.039126329123973846,0.03758440688252449,0.04028929993510246
rmse,climatology,sst,440,0.03859675228595734,0.035973739624023435,0.04058179408311844
rmse,climatology,sst,450,0.038875288764635724,0.036123715341091156,0.04096135273575783
rmse,climatology,sst,460,0.0395233042538166,0.037233800441026685,0.04109750390052795
rmse,climatology,sst,470,0.03961017181475957,0.03667069897055626,0.0419235073029995
rmse,climatology,sst,480,0.0391746590534846,0.03701706826686859,0.04102122187614441
rmse,climatology,sst,490,0.038961848119894664,0.036649566143751144,0.04074745252728462
rmse,climatology,sst,500,0.03924075911442439,0.03702825680375099,0.04068201258778572
rmse,climatology,sst,510,0.03952258303761482,0.03730960935354233,0.041575784981250766
rmse,climatology,sst,520,0.03999821146329244,0.037730637937784195,0.04208253473043442
rmse,climatology,sst,530,0.04016936346888542,0.03925746530294418,0.041725782305002214
rmse,climatology,sst,540,0.03974688525001208,0.038326366990804675,0.04130316227674484
rmse,climatology,sst,550,0.03941935946544011,0.03750720992684364,0.04129010960459709
rmse,climatology,sst,560,0.03937338143587112,0.03743123114109039,0.041358274221420285
rmse,climatology,sst,570,0.039621128638585405,0.03651306629180908,0.04146371483802795
rmse,climatology,sst,580,0.03957422599196434,0.03712171912193298,0.04127625897526741
rmse,climatology,sst,590,0.0395555113752683,0.03747207000851631,0.04163379594683647
rmse,climatology,sst,600,0.03946403861045837,0.038206251710653304,0.04042920097708702
rmse,climatology,sst,610,0.03891412814458211,0.037230723351240155,0.04071764126420021
rmse,climatology,sst,620,0.039094367623329164,0.036197981983423236,0.04087410792708397
rmse,climatology,sst,630,0.03976216887434324,0.037381333857774736,0.04120213389396667
rmse,climatology,sst,640,0.04001028488079707,0.03789178282022476,0.0414759948849678
rmse,climatology,sst,650,0.039657976229985556,0.03800180703401566,0.04169531241059303
rmse,climatology,sst,660,0.03940767968694369,0.037139274179935455,0.042672567814588544
rmse,climatology,sst,670,0.03971094439427058,0.037156013399362565,0.042715606093406674
rmse,climatology,sst,680,0.039961193998654686,0.037435438483953476,0.04334578737616539
rmse,climatology,sst,690,0.040455657492081326,0.037824685126543044,0.04358770996332169
rmse,climatology,sst,700,0.04059690038363139,0.038637428730726245,0.042629342526197433
rmse,climatology,sst,710,0.04019549960891406,0.03834060952067375,0.042960327863693235
rmse,climatology,sst,720,0.039749699334303536,0.03740804716944694,0.042580753564834595
rmse,climatology,sst,730,0.039660439391930896,0.037138352543115614,0.041863950341939925
rmse,climatology,sst,740,0.03993046581745148,0.03732277825474739,0.04212096408009529
rmse,climatology,sst,750,0.039928440501292545,0.03796677812933922,0.04135965555906296
rmse,climatology,sst,760,0.03988582044839859,0.03805260807275772,0.04221247360110283
rmse,climatology,sst,770,0.0398756355047226,0.038502460718154906,0.04137360826134682
rmse,climatology,sst,780,0.03936569367845853,0.037119095027446744,0.04223604500293732
rmse,climatology,sst,790,0.03943144058187802,0.03703489750623703,0.04116088077425957
rmse,climatology,sst,800,0.040034457792838415,0.03786059468984604,0.04167283847928047
rmse,climatology,sst,810,0.04035055960218112,0.03734857067465782,0.04249558374285698
rmse,climatology,sst,820,0.04005491534868876,0.03848462328314781,0.042617876827716825
rmse,climatology,sst,830,0.03976211448510488,0.03751961141824722,0.04204339012503624
rmse,climatology,sst,840,0.0400624968111515,0.03827800527215004,0.0420110210776329
rmse,climatology,sst,850,0.040316805243492126,0.03809357732534409,0.04302234798669815
rmse,climatology,sst,860,0.040874794125556946,0.03849682286381721,0.043085020035505295
rmse,climatology,sst,870,0.04109724462032318,0.039014453440904616,0.043657094985246656
rmse,climatology,sst,880,0.04087039877971013,0.03812505975365639,0.04285670816898346
rmse,climatology,sst,890,0.04039949476718903,0.0381341889500618,0.04322784021496773
rmse,climatology,sst,900,0.04029621531565984,0.0374300591647625,0.044116347283124926
rmse,climatology,sst,910,0.040525620927413304,0.0370324857532978,0.04378214254975319
rmse,climatology,sst,920,0.04056992456316948,0.03861876353621483,0.043988478183746335
rmse,climatology,sst,930,0.04049479886889458,0.038243109732866286,0.042775098234415054
rmse,climatology,sst,940,0.04048402061065038,0.039012042433023454,0.04209213778376579
rmse,climatology,sst,950,0.03992336491743723,0.037575563788414,0.043389689177274704
rmse,climatology,sst,960,0.039783069988091786,0.036785179376602174,0.04257661551237106
rmse,climatology,sst,970,0.04024874245127042,0.037572725862264636,0.042731688171625135
rmse,climatology,sst,980,0.040551318973302844,0.03737293630838394,0.04284642562270165
rmse,climatology,sst,990,0.04015395392974218,0.0385109044611454,0.04162464141845703
rmse,climatology,sst,1000,0.03968651369214058,0.037180012464523314,0.04097885712981224
rmse,climatology,sst,1010,0.03982573623458544,0.03767070472240448,0.040924787521362305
rmse,climatology,sst,1020,0.04000506748755773,0.03759349659085274,0.04174910038709641
rmse,climatology,sst,1030,0.040522772322098416,0.03901488855481148,0.04182024002075195
rmse,climatology,sst,1040,0.04067090253035228,0.03947173058986664,0.041593723744153974
rmse,climatology,sst,1050,0.0405220165848732,0.038726451247930525,0.04253634363412857
rmse,climatology,sst,1060,0.04002908517916997,0.037983471900224684,0.041537946462631224
rmse,climatology,sst,1070,0.03999927168091138,0.0378521591424942,0.04207375794649124
rmse,climatology,sst,1080,0.040253596752882,0.03743250817060471,0.04193212017416954
rmse,climatology,sst,1090,0.04035128951072693,0.03854134157299995,0.04201788753271103
rmse,climatology,sst,1100,0.0403200534482797,0.037618924677371976,0.0429812990128994
rmse,climatology,sst,1110,0.040460674464702605,0.03919013068079948,0.04231737330555916
rmse,climatology,sst,1120,0.040067223459482194,0.037821578234434126,0.04182684198021889
rmse,climatology,sst,1130,0.03990391020973524,0.03774506896734238,0.041196220368146894
rmse,climatology,sst,1140,0.04044067735473315,0.038453197479248045,0.04286759123206139
rmse,climatology,sst,1150,0.040964020788669585,0.038243168592453004,0.04314146041870117
rmse,climatology,sst,1160,0.04070663129289945,0.03875950053334236,0.04307485446333885
rmse,climatology,sst,1170,0.040280140936374664,0.03665898442268371,0.04334911480545998
rmse,climatology,sst,1180,0.04039734726150831,0.0387549988925457,0.043094496428966525
rmse,climatology,sst,1190,0.040535857528448106,0.0371116504073143,0.04343818575143814
rmse,climatology,sst,1200,0.04098510468999545,0.037693044543266295,0.04409050792455673
rmse,climatology,sst,1210,0.04109025672078133,0.03903769850730896,0.04352933540940285
rmse,climatology,sst,1220,0.04095784748593966,0.03938766345381737,0.04277277812361717
rmse,climatology,sst,1230,0.040319263686736426,0.03862808868288994,0.04171583652496338
rmse,climatology,sst,1240,0.040175589919090274,0.0383313424885273,0.042140697687864305
rmse,climatology,sst,1250,0.04030706236759821,0.03821108415722847,0.042169494181871416
rmse,climatology,sst,1260,0.04034544974565506,0.03876626417040825,0.04199964925646782
rmse,climatology,sst,1270,0.04023234943548838,0.037885463982820514,0.04209604561328888
rmse,climatology,sst,1280,0.04032240261634191,0.039106564968824385,0.042050641030073166
rmse,climatology,sst,1290,0.039957874764998756,0.03788528516888619,0.04160626009106636
rmse,climatology,sst,1300,0.03967845439910889,0.03773863986134529,0.04126293882727623
rmse,climatology,sst,1310,0.0401764211555322,0.037311796098947525,0.04203509241342544
rmse,climatology,sst,1320,0.040819522986809416,0.03916796743869781,0.04206844493746757
rmse,climatology,sst,1330,0.040624981621901195,0.03906555846333504,0.04197691306471825
rmse,climatology,sst,1340,0.04018539513150851,0.03800393417477608,0.042569630593061444
rmse,climatology,sst,1350,0.04026504581173261,0.03827325627207756,0.04276412799954414
rmse,climatology,sst,1360,0.04048949976762136,0.0373726487159729,0.04351980909705162
rmse,climatology,sst,1370,0.04098515634735425,0.03766613006591797,0.04385845512151718
rmse,climatology,sst,1380,0.041161747525135677,0.039302176982164386,0.043013372272253034
rmse,climatology,sst,1390,0.04112643152475357,0.039282400906085965,0.04329364597797394
rmse,climatology,sst,1400,0.04050477892160416,0.03883707597851753,0.04307471588253975
rmse,climatology,sst,1410,0.04036785339315732,0.037910154461860655,0.042400097101926805
rmse,climatology,sst,1420,0.04048984348773956,0.03781618997454643,0.04260598495602608
rmse,climatology,sst,1430,0.04060747598608335,0.038573943078517914,0.04230679199099541
rmse,climatology,sst,1440,0.040521283199389774,0.03861702755093575,0.04226296618580818
rmse,climatology,sst,1450,0.04064768478274346,0.039070792496204376,0.04220638945698738
rmse,climatology,sst,1460,0.040367187062899275,0.038424254208803174,0.04252757132053375
rmse,climatology,sst,1470,0.039979999015728636,0.03726644143462181,0.04218429774045944
rmse,climatology,sst,1480,0.0404066023727258,0.03842575028538704,0.04255111217498779
rmse,climatology,sst,1490,0.041092508286237714,0.038560354709625246,0.0426804780960083
rmse,climatology,sst,1500,0.040958639979362485,0.038688021898269656,0.04325947016477585
rmse,climatology,sst,1510,0.04052856018145879,0.03830949142575264,0.0429424025118351
rmse,climatology,sst,1520,0.04054990187287331,0.03889039382338524,0.041907912492752074
rmse,climatology,sst,1530,0.040825051814317705,0.03898916766047478,0.04332024827599525
rmse,climatology,sst,1540,0.041315358877182004,0.038755118101835254,0.04326828196644783
rmse,climatology,sst,1550,0.041595975309610365,0.03984755501151085,0.04400506913661957
rmse,climatology,sst,1560,0.04167978391051293,0.039496705681085584,0.04372515305876732
rmse,climatology,sst,1570,0.04111440678437551,0.03864116594195366,0.04285746738314629
rmse,climatology,sst,1580,0.04095339874426524,0.03910853564739227,0.04388387128710747
rmse,climatology,sst,1590,0.04100876376032829,0.0382003091275692,0.04395983144640923
rmse,climatology,sst,1600,0.04114906514684359,0.03835702911019325,0.04427207261323929
rmse,climatology,sst,1610,0.041051002343495686,0.03889369145035744,0.04366464912891388
rmse,climatology,sst,1620,0.041129828741153084,0.03953730762004852,0.04255763664841652
rmse,climatology,sst,1630,0.04083139250675837,0.039364997297525406,0.043316307663917544
rmse,climatology,sst,1640,0.04030461957057317,0.03747496381402016,0.04310665726661682
rmse,climatology,sst,1650,0.04058432380358378,0.037572456151247026,0.042834044247865674
rmse,climatology,sst,1660,0.041188707451025645,0.0385990247130394,0.04358363896608353
rmse,climatology,sst,1670,0.04104507391651471,0.03855032548308372,0.042697151005268094
rmse,climatology,sst,1680,0.04051572034756343,0.03851882070302963,0.04175920933485031
rmse,climatology,sst,1690,0.04038137967387835,0.03866378739476204,0.04158435463905334
rmse,climatology,sst,1700,0.040611815204222995,0.038391324877738955,0.042102723568677905
rmse,climatology,sst,1710,0.0409739077091217,0.03953967243432999,0.04256449416279793
rmse,climatology,sst,1720,0.04129303793112437,0.03992599844932556,0.04243656769394875
rmse,climatology,sst,1730,0.04139807124932607,0.040375564247369766,0.042552171647548674
rmse,climatology,sst,1740,0.040907031297683714,0.03907790035009384,0.04248782098293304
rmse,climatology,sst,1750,0.04076925342281659,0.038266072422266005,0.04266425967216492
rmse,climatology,sst,1760,0.0408424807091554,0.038646642863750455,0.04261467903852463
rmse,climatology,sst,1770,0.04108066732684771,0.038975877314805986,0.04261013418436051
rmse,climatology,sst,1780,0.041045248756806055,0.03871481344103813,0.043272634595632554
rmse,climatology,sst,1790,0.04118432725469271,0.03933758065104485,0.04344757497310638
rmse,climatology,sst,1800,0.04104899341861407,0.03953409790992737,0.04243944212794304
rmse,climatology,sst,1810,0.04055558194716771,0.038506540656089785,0.04239427670836449
rmse,climatology,sst,1820,0.0408610666791598,0.03880712166428566,0.04267729669809341
rmse,climatology,sst,1830,0.041530511776606244,0.03940248191356659,0.04357566088438034
rmse,climatology,sst,1840,0.0415676881869634,0.03962739333510399,0.043776945769786836
rmse,climatology,sst,1850,0.04111889451742172,0.038632041215896605,0.0432883195579052
rmse,climatology,sst,1860,0.04093213950594266,0.03857018649578094,0.04344930425286293
rmse,climatology,sst,1870,0.04115298911929131,0.038687439262866975,0.04361452758312225
rmse,climatology,sst,1880,0.04137253065903981,0.038680321723222735,0.04390581846237183
rmse,climatology,sst,1890,0.04170452331503232,0.039516158401966095,0.04377297684550285
rmse,climatology,sst,1900,0.041775421053171155,0.04064891412854195,0.04340821281075478
rmse,climatology,sst,1910,0.041279500474532445,0.03989434540271759,0.042859040945768354
rmse,climatology,sst,1920,0.041013117382923764,0.03900380879640579,0.04269414767622948
rmse,climatology,sst,1930,0.04099471047520638,0.038906097412109375,0.04313959404826164
rmse,climatology,sst,1940,0.04124706586201986,0.03862219750881195,0.04280190691351891
rmse,climatology,sst,1950,0.04124195327361425,0.038993924111127856,0.042798858135938644
rmse,climatology,sst,1960,0.041344628234704334,0.03969873860478401,0.043725666403770444
rmse,climatology,sst,1970,0.04130065689484278,0.03956850245594978,0.04341807663440704
rmse,climatology,sst,1980,0.04083047186334928,0.038992829620838165,0.04291983619332314
rmse,climatology,sst,1990,0.04105264221628507,0.037743794918060306,0.042988076061010363
rmse,climatology,sst,2000,0.04167828361193339,0.03930864557623863,0.043147407472133636
rmse,persistence,sst,0,0.0,0.0,0.0
rmse,persistence,sst,10,0.023042166605591774,0.020479941740632057,0.02563916929066181
rmse,persistence,sst,20,0.03856733292341232,0.03373042419552803,0.04298889711499214
rmse,persistence,sst,30,0.04891509289542834,0.04647354483604431,0.05156893655657768
rmse,persistence,sst,40,0.057242782910664876,0.05418467968702316,0.05950823128223419
rmse,persistence,sst,50,0.06063304543495178,0.05708782449364662,0.06359810680150986
rmse,persistence,sst,60,0.06012430936098099,0.05624728724360466,0.06265129595994949
rmse,persistence,sst,70,0.05777601401011149,0.054612552374601366,0.06046492829918861
rmse,persistence,sst,80,0.05628771136204402,0.05466724410653114,0.059250836819410325
rmse,persistence,sst,90,0.05650631164511045,0.05237568914890289,0.06010627299547196
rmse,persistence,sst,100,0.05736470048626264,0.054158564656972885,0.060222916305065155
rmse,persistence,sst,110,0.059464330226182936,0.05618496611714363,0.06233227401971817
rmse,persistence,sst,120,0.061601980278889336,0.058154468238353726,0.06477647721767425
rmse,persistence,sst,130,0.057892923802137376,0.054586438834667204,0.06133759096264839
rmse,persistence,sst,140,0.0485353097319603,0.04516090154647827,0.052382343262434
rmse,persistence,sst,150,0.03918354411919912,0.03462531939148903,0.04354237616062164
rmse,persistence,sst,160,0.026337347676356634,0.022562621161341667,0.030428403988480568
rmse,persistence,sst,170,0.00792422991556426,0.004298828914761544,0.01397098246961832
rmse,persistence,sst,180,0.022736939415335656,0.019568313658237458,0.025879812613129615
rmse,persistence,sst,190,0.038413395484288536,0.03384401425719261,0.0426293708384037
rmse,persistence,sst,200,0.048792302856842676,0.04622915461659431,0.05128918662667274
rmse,persistence,sst,210,0.05732917338609696,0.05408214032649994,0.05966533496975899
rmse,persistence,sst,220,0.06116565962632497,0.057142330706119536,0.06445401906967163
rmse,persistence,sst,230,0.06098727285861969,0.056582964956760406,0.06418800801038742
rmse,persistence,sst,240,0.05873332694172859,0.054895386844873426,0.06132027879357338
rmse,persistence,sst,250,0.057100818306207654,0.05507359877228737,0.060181742161512376
rmse,persistence,sst,260,0.05720635106166204,0.053904710710048674,0.0606622114777565
rmse,persistence,sst,270,0.0579372559984525,0.05468766540288925,0.060530157387256624
rmse,persistence,sst,280,0.05977712472279866,0.05647493675351143,0.06240667924284935
rmse,persistence,sst,290,0.06208477939168612,0.058399172872304915,0.06539676040410995
rmse,persistence,sst,300,0.059102864811817805,0.056422244757413864,0.062367182970046994
rmse,persistence,sst,310,0.05000442390640577,0.046959517151117326,0.0534022681415081
rmse,persistence,sst,320,0.04064119632045428,0.03658885657787323,0.04514366537332535
rmse,persistence,sst,330,0.02858776313563188,0.02476356364786625,0.032689718157052995
rmse,persistence,sst,340,0.010739213787019253,0.008615901321172714,0.014986113458871842
rmse,persistence,sst,350,0.021221152196327846,0.019207865372300147,0.02300005778670311
rmse,persistence,sst,360,0.03726205229759216,0.03253916054964066,0.040852976590394975
rmse,persistence,sst,370,0.04778944179415703,0.04404589980840683,0.05050943195819855
rmse,persistence,sst,380,0.05656925092140833,0.054643557965755464,0.05834648683667183
rmse,persistence,sst,390,0.060873207201560336,0.05751967802643776,0.06385107338428497
rmse,persistence,sst,400,0.060984612256288526,0.057375714927911756,0.0636196956038475
rmse,persistence,sst,410,0.058748547732830045,0.05476367995142937,0.0611641176044941
rmse,persistence,sst,420,0.05691383803884188,0.054657251387834546,0.05948930829763412
rmse,persistence,sst,430,0.0568803404768308,0.052732905745506285,0.060019660741090775
rmse,persistence,sst,440,0.05759602238734563,0.05403863787651062,0.06036221235990524
rmse,persistence,sst,450,0.059327831119298936,0.05562944784760475,0.062120279669761656
rmse,persistence,sst,460,0.06181384970744451,0.0586536705493927,0.06580062210559845
rmse,persistence,sst,470,0.05959331418077151,0.0562618114054203,0.06291785389184952
rmse,persistence,sst,480,0.05088289429744085,0.04714471697807312,0.05441480353474617
rmse,persistence,sst,490,0.041534288724263506,0.03709461465477944,0.04599729627370834
rmse,persistence,sst,500,0.030118444686134657,0.0255777932703495,0.034046436101198195
rmse,persistence,sst,510,0.011922400506834189,0.00822939332574606,0.01779892109334469
rmse,persistence,sst,520,0.01922636286665996,0.015957046300172806,0.024095606431365012
rmse,persistence,sst,530,0.03599305773774783,0.030969375744462013,0.04048373475670815
rmse,persistence,sst,540,0.04691285118460655,0.04217287302017212,0.050658611208200456
rmse,persistence,sst,550,0.055929681907097496,0.05311096534132957,0.05816507190465927
rmse,persistence,sst,560,0.060712827493747075,0.05635459795594215,0.06390184462070465
rmse,persistence,sst,570,0.06112276340524356,0.05652530863881111,0.0643899530172348
rmse,persistence,sst,580,0.05891189177831014,0.05442845821380615,0.06131061911582947
rmse,persistence,sst,590,0.05680682708819707,0.05446892455220222,0.060029088705778125
rmse,persistence,sst,600,0.05650502194960912,0.052517658472061156,0.059934253245592116
rmse,persistence,sst,610,0.05706616565585136,0.05324354320764542,0.060483375936746596
rmse,persistence,sst,620,0.058562486867109936,0.054472704976797105,0.06115721464157105
rmse,persistence,sst,630,0.061131654183069865,0.05800265297293663,0.06482765823602676
rmse,persistence,sst,640,0.05963086436192195,0.05678364261984825,0.06332844346761704
rmse,persistence,sst,650,0.051283509284257886,0.047787246853113176,0.05474387854337692
rmse,persistence,sst,660,0.04176929096380869,0.03760173469781876,0.04551720097661018
rmse,persistence,sst,670,0.030760911603768665,0.026298149675130843,0.035313486307859424
rmse,persistence,sst,680,0.011983227419356505,0.00998624712228775,0.016461360827088354
rmse,persistence,sst,690,0.015797963800529637,0.013318159431219102,0.01864155903458595
rmse,persistence,sst,700,0.03386419676244259,0.02927938997745514,0.0375713936984539
rmse,persistence,sst,710,0.04537333970268567,0.04148001000285149,0.049187127500772476
rmse,persistence,sst,720,0.05468042343854904,0.05253071486949921,0.0568036787211895
rmse,persistence,sst,730,0.06011539325118065,0.05590623468160629,0.06275120228528977
rmse,persistence,sst,740,0.06100916763146718,0.057338394969701764,0.06409125477075577
rmse,persistence,sst,750,0.05904928669333458,0.055123770236968996,0.06131694242358208
rmse,persistence,sst,760,0.05693450495600701,0.055736062675714494,0.05939725637435913
rmse,persistence,sst,770,0.05660824303825696,0.05278588160872459,0.059056705236434935
rmse,persistence,sst,780,0.057266671458880106,0.05275895819067955,0.061200284957885744
rmse,persistence,sst,790,0.058716977139314015,0.054273690283298495,0.06153527721762657
rmse,persistence,sst,800,0.06139896338184674,0.05849026814103127,0.06487861424684524
rmse,persistence,sst,810,0.06072766780853271,0.057798010855913164,0.06458815187215805
rmse,persistence,sst,820,0.05312500670552254,0.049901819229125975,0.056715229898691176
rmse,persistence,sst,830,0.04379466747244199,0.03947948738932609,0.04697113260626793
rmse,persistence,sst,840,0.033672177543242775,0.02982631027698517,0.03933161795139313
rmse,persistence,sst,850,0.017306965589523316,0.013133064843714237,0.02252291366457939
rmse,persistence,sst,860,0.01692923946926991,0.012627722509205342,0.022170082852244376
rmse,persistence,sst,870,0.034019344424208,0.02981583960354328,0.037183592468500136
rmse,persistence,sst,880,0.04565877467393875,0.041765902936458585,0.049609123915433886
rmse,persistence,sst,890,0.05489303469657898,0.05265468433499336,0.05652179643511772
rmse,persistence,sst,900,0.060766492038965225,0.05643740519881248,0.06393496245145798
rmse,persistence,sst,910,0.06201424226164818,0.05764615759253502,0.06504294425249099
rmse,persistence,sst,920,0.06024949525793393,0.056231190264225,0.06362189501523971
rmse,persistence,sst,930,0.05798893496394157,0.05527754724025726,0.060819408297538756
rmse,persistence,sst,940,0.05738770837585131,0.05557007119059563,0.05974890217185021
rmse,persistence,sst,950,0.05789164255062739,0.05371634289622307,0.06189994513988495
rmse,persistence,sst,960,0.05903708760937055,0.0549553170800209,0.06218849942088127
rmse,persistence,sst,970,0.06155035470922788,0.059142643213272096,0.065666563808918
rmse,persistence,sst,980,0.06144327918688456,0.05804925337433815,0.06470653265714646
rmse,persistence,sst,990,0.05436349486311277,0.05050182715058327,0.05735345110297203
rmse,persistence,sst,1000,0.044811762124300006,0.04087447375059128,0.0485202319920063
rmse,persistence,sst,1010,0.03492133008937041,0.030205558240413665,0.03995368108153343
rmse,persistence,sst,1020,0.01895454842597246,0.016377830132842063,0.021951086074113845
rmse,persistence,sst,1030,0.014318067766726016,0.012460402213037014,0.017274418100714683
rmse,persistence,sst,1040,0.03175078853964806,0.029313527792692185,0.034423237293958665
rmse,persistence,sst,1050,0.04406328524152438,0.040327951312065125,0.04757417812943458
rmse,persistence,sst,1060,0.05352019170920054,0.05220853164792061,0.05490037426352501
rmse,persistence,sst,1070,0.06004265372951825,0.05791284739971161,0.06222050189971924
rmse,persistence,sst,1080,0.06172760700186094,0.05845733806490898,0.06466100364923477
rmse,persistence,sst,1090,0.06019745816787084,0.056770633161067965,0.062449365854263306
rmse,persistence,sst,1100,0.05787949214378993,0.05475921705365181,0.060483957082033156
rmse,persistence,sst,1110,0.05710738698641459,0.05416729971766472,0.06103752553462982
rmse,persistence,sst,1120,0.05762287825345993,0.05258907973766327,0.06112379655241966
rmse,persistence,sst,1130,0.05871333802739779,0.056004087626934054,0.06223269104957581
rmse,persistence,sst,1140,0.06122983197371165,0.058491974323987964,0.0651638612151146
rmse,persistence,sst,1150,0.06186984380086263,0.05793982073664665,0.06630152463912964
rmse,persistence,sst,1160,0.05562391902009646,0.051001927256584166,0.059862714260816574
rmse,persistence,sst,1170,0.04614449764291446,0.042023904621601105,0.05062175542116165
rmse,persistence,sst,1180,0.03667994787295659,0.03097493276000023,0.041653641313314435
rmse,persistence,sst,1190,0.021585043395558993,0.017207476869225503,0.02750749848783016
rmse,persistence,sst,1200,0.012691132972637813,0.008340931124985218,0.02262430228292942
rmse,persistence,sst,1210,0.030030825858314833,0.025514493882656097,0.03587357401847839
rmse,persistence,sst,1220,0.04282739460468292,0.03705382794141769,0.046819958835840225
rmse,persistence,sst,1230,0.05231359526515007,0.05021338164806366,0.054963575303554536
rmse,persistence,sst,1240,0.05928880721330643,0.055318613350391385,0.061732206493616104
rmse,persistence,sst,1250,0.061316727598508196,0.05764050856232643,0.06466609686613083
rmse,persistence,sst,1260,0.059913894285758336,0.05586512461304664,0.0622978150844574
rmse,persistence,sst,1270,0.05740919411182403,0.05454493761062622,0.0601060189306736
rmse,persistence,sst,1280,0.056260295957326886,0.05423091426491737,0.05944081693887711
rmse,persistence,sst,1290,0.05660928164919218,0.0522329568862915,0.06030103489756584
rmse,persistence,sst,1300,0.05750604743758837,0.054009263217449185,0.05985878705978394
rmse,persistence,sst,1310,0.059855165580908455,0.05761010944843292,0.06282074451446533
rmse,persistence,sst,1320,0.06108804071942965,0.05770583227276802,0.06442611068487167
rmse,persistence,sst,1330,0.05556539793809255,0.052052701264619826,0.05852259024977684
rmse,persistence,sst,1340,0.045881934463977814,0.04226013422012329,0.049619477987289426
rmse,persistence,sst,1350,0.03640158760050933,0.03159277141094208,0.041721022129058837
rmse,persistence,sst,1360,0.021641405299305916,0.018833833187818526,0.024477125331759452
rmse,persistence,sst,1370,0.008093584949771563,0.006423192005604506,0.012797352112829685
rmse,persistence,sst,1380,0.026858454570174217,0.023616959154605866,0.029336444661021234
rmse,persistence,sst,1390,0.0408488504588604,0.036210736632347106,0.04495819509029388
rmse,persistence,sst,1400,0.05072938874363899,0.048950185626745225,0.05297311916947365
rmse,persistence,sst,1410,0.058378028621276216,0.054907529056072234,0.060568132996559144
rmse,persistence,sst,1420,0.06102152317762375,0.057692380249500276,0.06424815952777863
rmse,persistence,sst,1430,0.060044803222020465,0.05611486732959747,0.062356064468622206
rmse,persistence,sst,1440,0.0576723908384641,0.05559713393449783,0.060002265870571135
rmse,persistence,sst,1450,0.05643197024861971,0.05495389774441719,0.05946228802204132
rmse,persistence,sst,1460,0.05682966709136963,0.052464810013771054,0.06066239550709725
rmse,persistence,sst,1470,0.05774782498677571,0.05460819005966187,0.06058684885501862
rmse,persistence,sst,1480,0.05998336101571719,0.05702350214123726,0.06306773573160171
rmse,persistence,sst,1490,0.06180011530717214,0.05804518386721611,0.0652750626206398
rmse,persistence,sst,1500,0.05729093924164772,0.05423391163349152,0.06020905822515488
rmse,persistence,sst,1510,0.04791487058003743,0.044469673186540604,0.05138137117028237
rmse,persistence,sst,1520,0.03884499420722325,0.03437775894999504,0.04440344050526619
rmse,persistence,sst,1530,0.025791164860129355,0.022637390345335007,0.03112637624144554
rmse,persistence,sst,1540,0.01219325214624405,0.007428327761590481,0.017405590787529946
rmse,persistence,sst,1550,0.026820438851912817,0.023212758451700212,0.02952914088964462
rmse,persistence,sst,1560,0.04090925852457682,0.03687070310115814,0.044521939009428024
rmse,persistence,sst,1570,0.050714973857005435,0.048355698585510254,0.052976212650537494
rmse,persistence,sst,1580,0.05863470484813054,0.05517871305346489,0.061259415745735166
rmse,persistence,sst,1590,0.06172051305572192,0.05767630115151405,0.06447037458419799
rmse,persistence,sst,1600,0.06104907567302386,0.057261377573013306,0.06390774250030518
rmse,persistence,sst,1610,0.058650969465573626,0.054865922033786776,0.06171985790133476
rmse,persistence,sst,1620,0.05711562260985374,0.05503595247864723,0.060189664363861084
rmse,persistence,sst,1630,0.05730654448270798,0.05334169939160347,0.06089831218123436
rmse,persistence,sst,1640,0.0580316257973512,0.054879502207040784,0.06119440570473671
rmse,persistence,sst,1650,0.05994752322634061,0.05674271509051323,0.06282267868518829
rmse,persistence,sst,1660,0.06203700179855029,0.05825800970196724,0.06527782678604126
rmse,persistence,sst,1670,0.05833714629213015,0.05504908934235573,0.061352402716875074
rmse,persistence,sst,1680,0.049030966311693194,0.04575858861207962,0.052705025672912596
rmse,persistence,sst,1690,0.039890864739815395,0.03565497621893883,0.04410940706729889
rmse,persistence,sst,1700,0.02751944859822591,0.023646580800414086,0.031076956540346146
rmse,persistence,sst,1710,0.011784841492772102,0.009680540859699249,0.01529904194176197
rmse,persistence,sst,1720,0.024093384792407354,0.022108166292309762,0.02585356719791889
rmse,persistence,sst,1730,0.039080755412578584,0.035451528429985044,0.04290486797690392
rmse,persistence,sst,1740,0.04922504350543022,0.04632671251893043,0.05148364007472992
rmse,persistence,sst,1750,0.05762861991922061,0.05596588253974914,0.05922999754548073
rmse,persistence,sst,1760,0.061310214052597685,0.058489571511745456,0.06408173739910125
rmse,persistence,sst,1770,0.06103743712107341,0.057815763354301455,0.06343306005001068
rmse,persistence,sst,1780,0.058710091809431715,0.05446735396981239,0.06079599857330322
rmse,persistence,sst,1790,0.056994096686442695,0.05440312623977661,0.06045592054724693
rmse,persistence,sst,1800,0.05710428208112717,0.0524235799908638,0.06040059328079224
rmse,persistence,sst,1810,0.05784615452090899,0.05471122488379478,0.06137728542089462
rmse,persistence,sst,1820,0.05965744405984878,0.05553137958049774,0.06332571804523468
rmse,persistence,sst,1830,0.06208048264185587,0.05902735739946365,0.06624058187007904
rmse,persistence,sst,1840,0.05935184011856715,0.055530717968940733,0.06245289146900177
rmse,persistence,sst,1850,0.05043573478857676,0.0463826559484005,0.05482934489846229
rmse,persistence,sst,1860,0.041351507604122165,0.036572837829589845,0.04557496383786201
rmse,persistence,sst,1870,0.029792913670341172,0.0249100711196661,0.034307724237442015
rmse,persistence,sst,1880,0.012847467573980491,0.00921768881380558,0.021205345168709755
rmse,persistence,sst,1890,0.02187277264893055,0.01862318515777588,0.0272540558129549
rmse,persistence,sst,1900,0.03740686972935994,0.03230886459350586,0.04166882708668709
rmse,persistence,sst,1910,0.047791597743829094,0.043416035175323484,0.05105718672275543
rmse,persistence,sst,1920,0.0564610406756401,0.05357642099261284,0.058476226031780244
rmse,persistence,sst,1930,0.060640815645456314,0.0565903902053833,0.06372574418783188
rmse,persistence,sst,1940,0.0606674924492836,0.0565807044506073,0.0633682057261467
rmse,persistence,sst,1950,0.05833361744880676,0.054085171222686766,0.06073984503746033
rmse,persistence,sst,1960,0.05634482055902481,0.05417411848902702,0.05908866077661514
rmse,persistence,sst,1970,0.05628473411003749,0.05227991491556168,0.05992211401462555
rmse,persistence,sst,1980,0.05700519730647405,0.053562816232442856,0.06023810803890228
rmse,persistence,sst,1990,0.05864937876661618,0.05488943755626678,0.06170997843146324
rmse,persistence,sst,2000,0.06128479888041814,0.058351154625415805,0.0647919699549675
acc,selected,surface_u,0,1.0,1.0,1.0
acc,selected,surface_u,10,0.9983561635017395,0.9974667429924011,0.9990083932876587
acc,selected,surface_u,20,0.9952194213867187,0.9925731420516968,0.9978778481483459
acc,selected,surface_u,30,0.991131317615509,0.9813400745391846,0.9956529140472412
acc,selected,surface_u,40,0.9865273197491964,0.9722937226295472,0.9944943308830261
acc,selected,surface_u,50,0.9832953850428263,0.9671521663665772,0.992254102230072
acc,selected,surface_u,60,0.979754118124644,0.9632250308990479,0.9906799077987671
acc,selected,surface_u,70,0.9755459825197855,0.9600369811058045,0.9882405042648316
acc,selected,surface_u,80,0.9710843205451966,0.9480236411094666,0.9829430222511292
acc,selected,surface_u,90,0.9619201143582662,0.9293472409248352,0.9797124147415162
acc,selected,surface_u,100,0.9530617396036783,0.9127151727676391,0.9764658331871032
acc,selected,surface_u,110,0.9455806771914165,0.8877662777900696,0.9741185545921326
acc,selected,surface_u,120,0.9327633579572042,0.8502622723579407,0.975028645992279
acc,selected,surface_u,130,0.9135563810666402,0.846060061454773,0.9680994749069214
acc,selected,surface_u,140,0.8936026851336162,0.8005781292915344,0.9656904578208924
acc,selected,surface_u,150,0.883170755704244,0.8168588042259216,0.9589342474937439
acc,selected,surface_u,160,0.8630151907602946,0.7652466535568238,0.9556926369667054
acc,selected,surface_u,170,0.8443519552548726,0.7306140303611756,0.9546790599822998
acc,selected,surface_u,180,0.8236426949501038,0.6736562252044678,0.9456888675689697
acc,selected,surface_u,190,0.7980492790540059,0.6239567875862122,0.9331056833267212
acc,selected,surface_u,200,0.764801029364268,0.5976736903190613,0.9213253140449524
acc,prior,surface_u,0,1.0,1.0,1.0
acc,prior,surface_u,10,0.997827406724294,0.9969305753707886,0.998611569404602
acc,prior,surface_u,20,0.9940648277600607,0.992098581790924,0.9967340469360352
acc,prior,surface_u,30,0.9890260537465413,0.9814028859138488,0.9942053437232972
acc,prior,surface_u,40,0.9834803223609925,0.9652428150177002,0.9917544960975647
acc,prior,surface_u,50,0.9785664717356364,0.9561950087547302,0.9898502230644226
acc,prior,surface_u,60,0.9733491619427999,0.9500050067901611,0.9867657542228698
acc,prior,surface_u,70,0.9682911356290181,0.9480673551559449,0.9833573222160339
acc,prior,surface_u,80,0.9631283283233643,0.9364779949188232,0.9783307790756226
acc,prior,surface_u,90,0.952924370765686,0.9149930238723755,0.9759144186973572
acc,prior,surface_u,100,0.9438089450200399,0.9107498526573181,0.9686304807662964
acc,prior,surface_u,110,0.9376062234242757,0.8927160263061523,0.9647125840187073
acc,prior,surface_u,120,0.9264384229977926,0.8602916598320007,0.9613786458969116
acc,prior,surface_u,130,0.9111948847770691,0.8586666822433472,0.9533391952514648
acc,prior,surface_u,140,0.8944020986557006,0.8315373539924622,0.9372010827064514
acc,prior,surface_u,150,0.8853469451268514,0.8467158079147339,0.9315377473831177
acc,prior,surface_u,160,0.8696418722470601,0.8136031627655029,0.933245837688446
acc,prior,surface_u,170,0.8561403314272563,0.7666391015052796,0.9048334717750549
acc,prior,surface_u,180,0.8395817796389262,0.7510286688804626,0.9110574364662171
acc,prior,surface_u,190,0.8154994209607442,0.707064425945282,0.8996933937072754
acc,prior,surface_u,200,0.7841777165730794,0.68912113904953,0.8930444955825806
acc,selected,surface_v,0,1.0,1.0,1.0
acc,selected,surface_v,10,0.9972477237383525,0.9965189099311829,0.9979393243789673
acc,selected,surface_v,20,0.9956061959266662,0.9934894323349,0.997274923324585
acc,selected,surface_v,30,0.9924966732660929,0.9888824343681335,0.9963271021842957
acc,selected,surface_v,40,0.9910744706789653,0.983915364742279,0.9953022003173828
acc,selected,surface_v,50,0.9892736713091532,0.9799713015556335,0.9932425498962403
acc,selected,surface_v,60,0.9861602624257405,0.9677641272544861,0.9929903030395508
acc,selected,surface_v,70,0.9837971369425456,0.9645032525062561,0.9928779482841492
acc,selected,surface_v,80,0.9829609910647075,0.9670419931411743,0.9916636943817139
acc,selected,surface_v,90,0.9803065896034241,0.9627550125122071,0.990666663646698
acc,selected,surface_v,100,0.9777747869491578,0.9544191837310791,0.9877166509628296
acc,selected,surface_v,110,0.975117834409078,0.9611139059066772,0.9863673686981201
acc,selected,surface_v,120,0.9747360905011495,0.9571871995925904,0.9869387030601502
acc,selected,surface_v,130,0.9706834236780802,0.9518920063972474,0.9849545121192932
acc,selected,surface_v,140,0.9662663261095683,0.9476852655410767,0.9824359297752381
acc,selected,surface_v,150,0.9622865358988444,0.9392047643661499,0.9802463412284851
acc,selected,surface_v,160,0.9558675249417623,0.9252456903457642,0.9766708374023437
acc,selected,surface_v,170,0.9502523223559062,0.9153969883918762,0.973971152305603
acc,selected,surface_v,180,0.9459287921587626,0.9183033227920532,0.9691156506538391
acc,selected,surface_v,190,0.9400259772936503,0.9007129192352294,0.9677011728286743
acc,selected,surface_v,200,0.9288682381312052,0.8872115612030029,0.9630008459091186
acc,prior,surface_v,0,1.0,1.0,1.0
acc,prior,surface_v,10,0.993104088306427,0.991127347946167,0.9951809048652649
acc,prior,surface_v,20,0.9870487610499065,0.9823571920394898,0.9914139747619629
acc,prior,surface_v,30,0.9827197233835856,0.9775479197502136,0.9890608787536621
acc,prior,surface_v,40,0.9777613560358683,0.9704258799552917,0.9851829767227173
acc,prior,surface_v,50,0.9735885659853617,0.9659684896469116,0.9811384558677674
acc,prior,surface_v,60,0.9680124998092652,0.954930329322815,0.9785835385322571
acc,prior,surface_v,70,0.9623006860415141,0.9493324995040894,0.9744107961654663
acc,prior,surface_v,80,0.9630711913108826,0.9524815797805786,0.9713934063911438
acc,prior,surface_v,90,0.9552981615066528,0.9435503959655762,0.9716266751289367
acc,prior,surface_v,100,0.9504857540130616,0.9346073031425476,0.9629264354705811
acc,prior,surface_v,110,0.9465278506278991,0.9298308730125427,0.9634449720382691
acc,prior,surface_v,120,0.9447965383529663,0.9190088272094726,0.962256932258606
acc,prior,surface_v,130,0.938442059357961,0.9110837697982788,0.9584187150001526
acc,prior,surface_v,140,0.9288635333379109,0.8985584378242493,0.9538889169692993
acc,prior,surface_v,150,0.9238316814104716,0.8901770353317261,0.9426040768623352
acc,prior,surface_v,160,0.9151670535405477,0.8843347430229187,0.9460843682289124
acc,prior,surface_v,170,0.9109458724657694,0.8800116300582885,0.9382904529571533
acc,prior,surface_v,180,0.9100762287775676,0.8786782026290894,0.9367965817451477
acc,prior,surface_v,190,0.9013024926185608,0.8533599734306335,0.9366463184356689
acc,prior,surface_v,200,0.8874761700630188,0.8424466848373413,0.9284660935401916
acc,selected,phihyd_surface,0,1.0,1.0,1.0
acc,selected,phihyd_surface,10,0.9996836423873902,0.9996277093887329,0.9997429609298706
acc,selected,phihyd_surface,20,0.9993203639984131,0.9991884112358094,0.9994338870048523
acc,selected,phihyd_surface,30,0.9989230910936991,0.9985748291015625,0.9991817951202393
acc,selected,phihyd_surface,40,0.9985021432240804,0.9980642318725585,0.9988681435585022
acc,selected,phihyd_surface,50,0.9980659127235413,0.997311818599701,0.9985026717185974
acc,selected,phihyd_surface,60,0.9976002931594848,0.996677839756012,0.9980903267860413
acc,selected,phihyd_surface,70,0.9971639394760132,0.996154510974884,0.9976627945899963
acc,selected,phihyd_surface,80,0.9966590881347657,0.9956061840057373,0.9972749948501587
acc,selected,phihyd_surface,90,0.9961420774459839,0.9950877666473389,0.9968501329421997
acc,selected,phihyd_surface,100,0.9956124941507976,0.9944145917892456,0.9963161587715149
acc,selected,phihyd_surface,110,0.9950075507164001,0.9935930013656616,0.9958106517791748
acc,selected,phihyd_surface,120,0.9943896214167277,0.9929444313049316,0.9952675938606262
acc,selected,phihyd_surface,130,0.9936345378557842,0.9919323086738586,0.994629728794098
acc,selected,phihyd_surface,140,0.9928434173266093,0.9910001158714294,0.9940018773078918
acc,selected,phihyd_surface,150,0.9919124126434327,0.9900028944015503,0.9930702209472656
acc,selected,phihyd_surface,160,0.9909550666809082,0.9889410734176636,0.9921914577484131
acc,selected,phihyd_surface,170,0.9898281534512837,0.9876413345336914,0.991114366054535
acc,selected,phihyd_surface,180,0.9884767810503642,0.9863932013511658,0.9896574139595031
acc,selected,phihyd_surface,190,0.9869038422902425,0.9850313663482666,0.9880366444587707
acc,selected,phihyd_surface,200,0.9849487503369649,0.9828559160232544,0.9861527204513549
acc,prior,phihyd_surface,0,1.0,1.0,1.0
acc,prior,phihyd_surface,10,0.9996187766393025,0.9995645999908447,0.9996892929077148
acc,prior,phihyd_surface,20,0.9992286483446757,0.9990726113319397,0.9993707537651062
acc,prior,phihyd_surface,30,0.9987868587176005,0.9984714269638062,0.9990709066390991
acc,prior,phihyd_surface,40,0.9983033458391826,0.9978434205055237,0.998691463470459
acc,prior,phihyd_surface,50,0.9977412462234497,0.9971024632453919,0.9982139348983765
acc,prior,phihyd_surface,60,0.9970992883046468,0.996327805519104,0.9975977063179016
acc,prior,phihyd_surface,70,0.9963725805282593,0.9955450296401978,0.9969695329666137
acc,prior,phihyd_surface,80,0.9955622514088949,0.9946901202201843,0.996274721622467
acc,prior,phihyd_surface,90,0.9946048498153687,0.9937684535980225,0.9953723311424255
acc,prior,phihyd_surface,100,0.9935328284899394,0.9928125619888306,0.9943105697631835
acc,prior,phihyd_surface,110,0.9923588156700134,0.9915366888046264,0.9932485342025756
acc,prior,phihyd_surface,120,0.9910614013671875,0.9903561353683472,0.9921578645706177
acc,prior,phihyd_surface,130,0.9895271976788839,0.988607132434845,0.9906808018684388
acc,prior,phihyd_surface,140,0.987803053855896,0.9869235873222351,0.9886420011520386
acc,prior,phihyd_surface,150,0.9858522295951844,0.985017991065979,0.9867985725402832
acc,prior,phihyd_surface,160,0.9836508433024088,0.9825109839439392,0.9848730087280273
acc,prior,phihyd_surface,170,0.9812804420789083,0.9802950143814086,0.9823835253715515
acc,prior,phihyd_surface,180,0.9787120938301086,0.977532684803009,0.9798735499382019
acc,prior,phihyd_surface,190,0.9757796088854472,0.9741187453269958,0.9773020148277283
acc,prior,phihyd_surface,200,0.972448988755544,0.9711967825889587,0.9738643169403076
acc,selected,sst,0,1.0,1.0,1.0
acc,selected,sst,10,0.9984316070874532,0.9980595111846924,0.998807966709137
acc,selected,sst,20,0.9960716168085734,0.9947606444358825,0.997088634967804
acc,selected,sst,30,0.9930980960528056,0.9907399177551269,0.994369387626648
acc,selected,sst,40,0.989737848440806,0.986079752445221,0.9917951464653015
acc,selected,sst,50,0.9864253441492716,0.9820309996604919,0.9887222170829773
acc,selected,sst,60,0.9827965021133422,0.9758369565010071,0.9864719629287719
acc,selected,sst,70,0.9787030816078186,0.9712689876556396,0.9836613297462463
acc,selected,sst,80,0.9745716253916422,0.9676552653312683,0.9810356736183167
acc,selected,sst,90,0.9689350525538126,0.9633669137954712,0.9751254916191101
acc,selected,sst,100,0.9627490560213725,0.9573642015457153,0.9690334796905518
acc,selected,sst,110,0.9581498185793559,0.9526612043380738,0.9646154403686523
acc,selected,sst,120,0.9540735443433126,0.9480792999267578,0.9604060530662537
acc,selected,sst,130,0.947351876894633,0.9395617842674255,0.9546563267707825
acc,selected,sst,140,0.9385276635487875,0.9270424246788025,0.9472936153411865
acc,selected,sst,150,0.9292732437451681,0.9158437967300415,0.9413560271263123
acc,selected,sst,160,0.9204410751660664,0.9020219445228577,0.9370639324188232
acc,selected,sst,170,0.9109257936477662,0.8878917932510376,0.9293907165527344
acc,selected,sst,180,0.899030081431071,0.8754578590393066,0.9183202981948853
acc,selected,sst,190,0.8836555679639181,0.8582948684692383,0.9043424129486084
acc,selected,sst,200,0.8621947407722473,0.8351879358291626,0.8883506059646606
acc,prior,sst,0,1.0,1.0,1.0
acc,prior,sst,10,0.9961412270863851,0.995500671863556,0.9969394445419312
acc,prior,sst,20,0.9913159171740215,0.9893353700637817,0.9926828622817994
acc,prior,sst,30,0.9861063440640767,0.9825185418128968,0.9881494283676148
acc,prior,sst,40,0.9803923765818278,0.9751877903938293,0.9836085557937622
acc,prior,sst,50,0.974611739317576,0.9684983134269715,0.979679274559021
acc,prior,sst,60,0.9687408487002055,0.9563427209854126,0.9754595160484314
acc,prior,sst,70,0.9630510608355204,0.9487091422080993,0.9709709286689758
acc,prior,sst,80,0.9577018102010091,0.9443186283111572,0.9658427953720092
acc,prior,sst,90,0.951669708887736,0.9353117108345032,0.9592573642730713
acc,prior,sst,100,0.9443601806958516,0.9259825229644776,0.9526915788650513
acc,prior,sst,110,0.9379895329475403,0.9206472754478454,0.94785578250885
acc,prior,sst,120,0.9323346535364787,0.9105594635009766,0.9436813592910767
acc,prior,sst,130,0.9234455227851868,0.8993189454078674,0.9361173987388611
acc,prior,sst,140,0.9118025183677674,0.8858508229255676,0.9252379417419434
acc,prior,sst,150,0.9009111166000366,0.8729922533035278,0.9195021033287049
acc,prior,sst,160,0.8903973460197449,0.8586968898773193,0.9115910530090332
acc,prior,sst,170,0.880196754137675,0.8438031792640686,0.902737045288086
acc,prior,sst,180,0.867861811319987,0.8309311270713806,0.8924600481987
acc,prior,sst,190,0.8529791514078776,0.8130127787590027,0.881673526763916
acc,prior,sst,200,0.8327094276746114,0.7794557571411133,0.8624322533607482
