metric,model_or_method,field,lead_days,mean,p10,p90
rmse,model,surface_speed,0,0.0,0.0,0.0
rmse,model,surface_speed,10,0.0006114145333413034,0.000522399868350476,0.0006876536062918603
rmse,model,surface_speed,20,0.0007978777323539058,0.0006795314140617848,0.0008839391171932221
rmse,model,surface_speed,30,0.0008916009295110902,0.0007785030640661717,0.001010790653526783
rmse,model,surface_speed,40,0.0009643538466965159,0.0007700199726969004,0.0011357510695233942
rmse,model,surface_speed,50,0.0010668458261837563,0.0008774881600402296,0.0012452096212655305
rmse,model,surface_speed,60,0.001146712099822859,0.0008205689606256783,0.0013454630970954895
rmse,model,surface_speed,70,0.0011981143228088815,0.0009302734630182386,0.0013475350104272365
rmse,model,surface_speed,80,0.0012378248153254389,0.0010000751353800297,0.001406525424681604
rmse,model,surface_speed,90,0.001310545194428414,0.001070268382318318,0.0016164437867701052
rmse,model,surface_speed,100,0.0013727696457256874,0.0011241219704970717,0.0018375191837549207
rmse,model,surface_speed,110,0.0014446700845534603,0.001106268120929599,0.0018945728894323108
rmse,model,surface_speed,120,0.0015344682770470778,0.0011519801337271929,0.0020832456648349758
rmse,model,surface_speed,130,0.0016200880597655972,0.0011650579050183295,0.0022253987379372117
rmse,model,surface_speed,140,0.001663729501888156,0.0011696772649884223,0.0024316251277923585
rmse,model,surface_speed,150,0.0017284989512215058,0.0012101254193112253,0.002866645203903317
rmse,model,surface_speed,160,0.0017955554105962316,0.0011882136575877666,0.002760675363242626
rmse,model,surface_speed,170,0.0018701530682543913,0.0012483699014410377,0.0026746992487460372
rmse,model,surface_speed,180,0.0019276918843388557,0.001327744941227138,0.003070057276636362
rmse,model,surface_speed,190,0.0020125865703448653,0.0013761619804427028,0.0032744918484240767
rmse,model,surface_speed,200,0.0020759203548853596,0.001411892962642014,0.0030482260044664145
rmse,model,surface_speed,210,0.002113283107367655,0.001430999767035246,0.0030474197585135697
rmse,model,surface_speed,220,0.0021788150692979495,0.0015034885611385107,0.0034397881943732497
rmse,model,surface_speed,230,0.002245539768288533,0.0015618387376889586,0.0035781712271273137
rmse,model,surface_speed,240,0.0022834383106480043,0.0016045150347054004,0.003767292015254497
rmse,model,surface_speed,250,0.0022968421302114925,0.0016430175630375743,0.0037481233477592462
rmse,model,surface_speed,260,0.0022996767268826566,0.0017114249523729086,0.0035698277875781054
rmse,model,surface_speed,270,0.002280679647810757,0.001710830209776759,0.0033845543861389157
rmse,model,surface_speed,280,0.002280661618957917,0.0017700054682791232,0.0032160821370780463
rmse,model,surface_speed,290,0.002289150880339245,0.0018369033467024564,0.003149363026022911
rmse,model,surface_speed,300,0.002319100072296957,0.0018841198878362774,0.0031215842347592114
rmse,model,surface_speed,310,0.002339185735521217,0.0019277609419077635,0.0031275273766368625
rmse,model,surface_speed,320,0.002379460399970412,0.001993327122181654,0.0031303259078413245
rmse,model,surface_speed,330,0.002395764614144961,0.002048439346253872,0.003157997177913785
rmse,model,surface_speed,340,0.0024366633811344703,0.002133804140612483,0.003173949290066957
rmse,model,surface_speed,350,0.0024640443890045086,0.0021989641711115835,0.0031379985623061655
rmse,model,surface_speed,360,0.002494873184089859,0.0022486970294266937,0.0031009436119347807
rmse,model,surface_speed,370,0.002542616504554947,0.002324063703417778,0.0030648774467408654
rmse,model,surface_speed,380,0.0025740738026797773,0.0023523434065282345,0.003079701494425535
rmse,model,surface_speed,390,0.0026145448442548513,0.002410581521689892,0.0031247297301888466
rmse,model,surface_speed,400,0.0026629692098746696,0.0024699062574654817,0.003133049141615629
rmse,model,surface_speed,410,0.002716550199935834,0.00246661682613194,0.0031245183665305374
rmse,model,surface_speed,420,0.002756771072745323,0.0024684426840394734,0.003131047775968909
rmse,model,surface_speed,430,0.0028226537629961967,0.0024985271040350197,0.0032359849195927382
rmse,model,surface_speed,440,0.002875487459823489,0.0025448552798479794,0.003288394445553422
rmse,model,surface_speed,450,0.0029538407145688933,0.00254253214225173,0.003389898221939802
rmse,model,surface_speed,460,0.003033956450720628,0.0025351003278046846,0.003491534944623709
rmse,model,surface_speed,470,0.0031357104579607647,0.00260267099365592,0.003615250252187252
rmse,model,surface_speed,480,0.0032386074773967264,0.002654050849378109,0.003854153025895357
rmse,model,surface_speed,490,0.0033843971012781065,0.002735874615609646,0.00423855697736144
rmse,model,surface_speed,500,0.0034837879240512846,0.0027611794881522655,0.0046487851068377495
rmse,model,surface_speed,510,0.003585658796752493,0.002827510703355074,0.004939158260822296
rmse,model,surface_speed,520,0.003645321105917295,0.0028979115653783084,0.0049721311777830126
rmse,model,surface_speed,530,0.0037022294476628304,0.0029553712345659735,0.004860194027423858
rmse,model,surface_speed,540,0.0037719618529081346,0.0030296174809336662,0.004678706824779511
rmse,model,surface_speed,550,0.003838841322188576,0.0031355238519608975,0.0047343441285192965
rmse,model,surface_speed,560,0.0038964406897624335,0.0032391296699643135,0.004802516289055347
rmse,model,surface_speed,570,0.003952946343148748,0.0033134890254586935,0.0048512395471334456
rmse,model,surface_speed,580,0.0040334129706025125,0.0034116259310394527,0.004821288678795099
rmse,model,surface_speed,590,0.0041372135436783235,0.00348064424470067,0.004853255860507488
rmse,model,surface_speed,600,0.004269388302539786,0.0036023600958287718,0.00492461072281003
rmse,model,surface_speed,610,0.00440971958450973,0.0036828374955803155,0.004984349571168422
rmse,model,surface_speed,620,0.0045426874111096065,0.0038368864450603725,0.005116445291787386
rmse,model,surface_speed,630,0.004607238077248136,0.003854271862655878,0.005116268806159496
rmse,model,surface_speed,640,0.004619247078274687,0.003909501014277339,0.005125008057802916
rmse,model,surface_speed,650,0.004603733867406845,0.00399454515427351,0.005027961917221546
rmse,model,surface_speed,660,0.004607219869891803,0.004092123731970787,0.004994463082402945
rmse,model,surface_speed,670,0.004558361973613501,0.004092687088996172,0.004871336650103331
rmse,model,surface_speed,680,0.004542367191364368,0.004173785913735628,0.0049077714793384075
rmse,model,surface_speed,690,0.004533468217899402,0.004246251471340656,0.004897391609847546
rmse,model,surface_speed,700,0.004542491678148508,0.004234686680138111,0.0049186524935066695
rmse,model,surface_speed,710,0.004559100605547428,0.004284439235925674,0.004964185785502195
rmse,model,surface_speed,720,0.00456362705056866,0.004350211471319199,0.004903475102037191
rmse,model,surface_speed,730,0.004560013270626466,0.004341515805572271,0.0049205169081687926
rmse,model,surface_speed,740,0.004572732467204332,0.004363521374762059,0.0050056113861501215
rmse,model,surface_speed,750,0.004586398229002952,0.004333790019154548,0.005074958596378565
rmse,model,surface_speed,760,0.004624718613922596,0.004324641078710556,0.005160829331725836
rmse,model,surface_speed,770,0.004643895911673705,0.004344875179231167,0.005258056055754423
rmse,model,surface_speed,780,0.004683559077481429,0.00436311075463891,0.005385134555399417
rmse,model,surface_speed,790,0.004718860828628143,0.004347945936024189,0.005445628333836793
rmse,model,surface_speed,800,0.004758385941386223,0.004362093284726143,0.005590511951595545
rmse,model,surface_speed,810,0.004810708171377579,0.0044095108285546305,0.005793159920722246
rmse,model,surface_speed,820,0.0048712602816522125,0.004424610454589128,0.0060318981297314165
rmse,model,surface_speed,830,0.004939848308761915,0.004421155247837305,0.006237659975886345
rmse,model,surface_speed,840,0.004999328870326281,0.004427323304116726,0.006385082751512527
rmse,model,surface_speed,850,0.005059486410270135,0.004432892054319381,0.006589795183390378
rmse,model,surface_speed,860,0.00511483121663332,0.004437385965138674,0.006715807318687438
rmse,model,surface_speed,870,0.0051726112452646095,0.004447677265852689,0.0068891895003616805
rmse,model,surface_speed,880,0.0052240257461865745,0.004430031403899193,0.007022828515619039
rmse,model,surface_speed,890,0.005218699760735035,0.004420152306556702,0.006847130320966243
rmse,model,surface_speed,900,0.005200516153126955,0.004412410501390696,0.006625238340348005
rmse,model,surface_speed,910,0.00521517830590407,0.004474589601159096,0.00637581767514348
rmse,model,surface_speed,920,0.005196129344403744,0.004525897093117237,0.006282987445592881
rmse,model,surface_speed,930,0.0051895284404357275,0.004546376317739487,0.006107143592089415
rmse,model,surface_speed,940,0.005165630423774322,0.004574684798717499,0.006137196347117424
rmse,model,surface_speed,950,0.005168025909612576,0.004591849073767662,0.00597481494769454
rmse,model,surface_speed,960,0.005144677714755138,0.004649524297565222,0.005767536070197821
rmse,model,surface_speed,970,0.0051352652721107,0.004686295427381993,0.005647437740117311
rmse,model,surface_speed,980,0.00511975372210145,0.00477424068376422,0.005581231694668532
rmse,model,surface_speed,990,0.0051234402693808075,0.004781183227896691,0.005523270275443792
rmse,model,surface_speed,1000,0.005137559026479721,0.0048355343751609325,0.005522796791046858
rmse,model,surface_speed,1010,0.005159643633912007,0.0048438673838973045,0.005548214912414551
rmse,model,surface_speed,1020,0.005148383602499962,0.004839272331446409,0.005563344154506922
rmse,model,surface_speed,1030,0.005171045971413453,0.004801843408495187,0.005531265307217837
rmse,model,surface_speed,1040,0.005204979920138916,0.004827168490737677,0.005557127762585878
rmse,model,surface_speed,1050,0.0052370793496569,0.0047986962832510475,0.005616670567542314
rmse,model,surface_speed,1060,0.005221645720303059,0.004828115459531546,0.00555613012984395
rmse,model,surface_speed,1070,0.005249688867479563,0.004884069040417671,0.005533133074641228
rmse,model,surface_speed,1080,0.0053155310451984406,0.004953733086585999,0.005542517360299826
rmse,model,surface_speed,1090,0.0053796100119749704,0.005042680446058512,0.005588442273437977
rmse,model,surface_speed,1100,0.005427739303559065,0.005124028772115707,0.005740412697196007
rmse,model,surface_speed,1110,0.005535376879076163,0.00523784589022398,0.006029935181140899
rmse,model,surface_speed,1120,0.005686777892212073,0.005311049427837134,0.006393651384860277
rmse,model,surface_speed,1130,0.005802770983427763,0.005448342487215996,0.00674580605700612
rmse,model,surface_speed,1140,0.005876916212340196,0.005454603489488364,0.006932022888213396
rmse,model,surface_speed,1150,0.005960870937754711,0.005446238350123167,0.006945704575628042
rmse,model,surface_speed,1160,0.006043125223368406,0.0054779921658337115,0.006907781213521957
rmse,model,surface_speed,1170,0.00614696362366279,0.005539354961365461,0.007055114023387432
rmse,model,surface_speed,1180,0.006204282989104589,0.005630382709205151,0.0071714165620505805
rmse,model,surface_speed,1190,0.006216843333095312,0.005622228793799877,0.0071666623465716835
rmse,model,surface_speed,1200,0.0062584467232227325,0.005525532457977533,0.007295097317546606
rmse,model,surface_speed,1210,0.00630267368008693,0.005549395922571421,0.007275620847940445
rmse,model,surface_speed,1220,0.006344116261849801,0.005503371637314558,0.007575190346688032
rmse,model,surface_speed,1230,0.006379475382467111,0.005410616379231214,0.007941457629203796
rmse,model,surface_speed,1240,0.006415599832932154,0.005377110186964273,0.00817161239683628
rmse,model,surface_speed,1250,0.006429954338818789,0.005344937648624181,0.008206178806722165
rmse,model,surface_speed,1260,0.0064395780054231485,0.005443742591887712,0.0082704184576869
rmse,model,surface_speed,1270,0.006389609289666017,0.005574013665318489,0.008058354817330837
rmse,model,surface_speed,1280,0.006353019488354524,0.005668340716511011,0.00781577043235302
rmse,model,surface_speed,1290,0.006289756546417872,0.00552580701187253,0.007566972356289625
rmse,model,surface_speed,1300,0.006254088568190734,0.005592730361968279,0.007343225833028555
rmse,model,surface_speed,1310,0.006171123497188092,0.005563610885292292,0.006982441432774067
rmse,model,surface_speed,1320,0.006092940270900726,0.005486789159476757,0.006511674914509058
rmse,model,surface_speed,1330,0.006023887172341346,0.005574128683656454,0.006575581338256598
rmse,model,surface_speed,1340,0.005999613553285599,0.005665041413158179,0.0064723344519734384
rmse,model,surface_speed,1350,0.005961509887129068,0.005620227381587029,0.0064618028700351715
rmse,model,surface_speed,1360,0.005943633398662011,0.00552926966920495,0.006488002557307482
rmse,model,surface_speed,1370,0.005956928494075934,0.005476248264312744,0.006493846885859966
rmse,model,surface_speed,1380,0.00596000583221515,0.005482497345656157,0.006479622423648834
rmse,model,surface_speed,1390,0.005971925581494967,0.005449166242033243,0.006627042777836323
rmse,model,surface_speed,1400,0.005997139774262905,0.005450984463095665,0.0067362794652581215
rmse,model,surface_speed,1410,0.006008335265020529,0.005530646443367005,0.006717625632882118
rmse,model,surface_speed,1420,0.006019923153022925,0.005542852263897657,0.006931070517748594
rmse,model,surface_speed,1430,0.006149577163159847,0.005510524194687605,0.007155395485460758
rmse,model,surface_speed,1440,0.0061917430721223354,0.0055851835757493975,0.007157114893198013
rmse,model,surface_speed,1450,0.006219315839310487,0.005639603454619646,0.00725957192480564
rmse,model,surface_speed,1460,0.006226408636818329,0.005578738544136286,0.007485649175941944
rmse,model,surface_speed,1470,0.006352163385599852,0.0056265158578753475,0.007712318561971187
rmse,model,surface_speed,1480,0.006380558076004187,0.005677607748657465,0.007907340489327907
rmse,model,surface_speed,1490,0.0063896805979311464,0.0058013246394693855,0.007641175761818886
rmse,model,surface_speed,1500,0.006396989524364472,0.005722361896187067,0.0075083462521433825
rmse,model,surface_speed,1510,0.006489490655561288,0.005712819099426269,0.007559604104608297
rmse,model,surface_speed,1520,0.006513245155413946,0.0056600281037390236,0.007530864235013723
rmse,model,surface_speed,1530,0.006580193992704153,0.005725349765270948,0.007786685600876808
rmse,model,surface_speed,1540,0.006657968120028575,0.005734534095972776,0.00806190837174654
rmse,model,surface_speed,1550,0.006673333421349526,0.0056556382216513155,0.008140662312507629
rmse,model,surface_speed,1560,0.006631505737702052,0.0056416505016386505,0.008360814675688744
rmse,model,surface_speed,1570,0.006660228595137596,0.005709345452487469,0.00838926937431097
rmse,model,surface_speed,1580,0.006592976953834295,0.005668286699801683,0.008097129873931408
rmse,model,surface_speed,1590,0.006502641023447117,0.005723929684609175,0.0077518757432699205
rmse,model,surface_speed,1600,0.006532478611916304,0.005791968759149313,0.0076907315291464325
rmse,model,surface_speed,1610,0.0064902912825345995,0.005803376156836748,0.0074934144504368305
rmse,model,surface_speed,1620,0.006388902198523283,0.0058936278335750105,0.007103958912193775
rmse,model,surface_speed,1630,0.0062738088270028435,0.0057075642049312595,0.006953709945082665
rmse,model,surface_speed,1640,0.0063245712158580625,0.005855582095682621,0.006901632901281119
rmse,model,surface_speed,1650,0.006279883999377489,0.0058175533078610895,0.006805874034762382
rmse,model,surface_speed,1660,0.006218417547643185,0.0058976661413908,0.006703546270728111
rmse,model,surface_speed,1670,0.006167358066886663,0.005841853097081184,0.006558423116803169
rmse,model,surface_speed,1680,0.00623188279569149,0.005833230447024107,0.006740754283964634
rmse,model,surface_speed,1690,0.0061768334979812305,0.005761321820318699,0.006580490525811911
rmse,model,surface_speed,1700,0.006155806810905536,0.005761484894901514,0.0064525181427598
rmse,model,surface_speed,1710,0.006191145690778891,0.005815558508038521,0.006572465039789676
rmse,model,surface_speed,1720,0.006217404672255119,0.005829766858369112,0.006645048316568136
rmse,model,surface_speed,1730,0.0061494888427356875,0.005730225797742605,0.00652930224314332
rmse,model,surface_speed,1740,0.006212813841799895,0.00571623370051384,0.006559275928884745
rmse,model,surface_speed,1750,0.006181209565450748,0.005785294249653817,0.0065518968738615515
rmse,model,surface_speed,1760,0.006203180768837532,0.005893138702958822,0.006557678058743477
rmse,model,surface_speed,1770,0.006232611835002899,0.00586762074381113,0.006629625521600247
rmse,model,surface_speed,1780,0.006329605169594288,0.005853224080055952,0.006855100765824317
rmse,model,surface_speed,1790,0.0062760797329247,0.006023994367569685,0.006796150561422109
rmse,model,surface_speed,1800,0.006307056359946728,0.005957062914967537,0.0068016726523637775
rmse,model,surface_speed,1810,0.006435364081213871,0.005961156357079745,0.006885572243481875
rmse,model,surface_speed,1820,0.006466857250779867,0.006022661551833152,0.006880112737417221
rmse,model,surface_speed,1830,0.006465848566343387,0.006104305200278759,0.006914122868329287
rmse,model,surface_speed,1840,0.006418514624238014,0.005948039051145315,0.00689944326877594
rmse,model,surface_speed,1850,0.006503500292698542,0.005838380847126246,0.007063530571758747
rmse,model,surface_speed,1860,0.006524501834064722,0.006163373030722142,0.007317821681499481
rmse,model,surface_speed,1870,0.0064735061799486475,0.0059267297387123104,0.007273296080529689
rmse,model,surface_speed,1880,0.006483717200656732,0.006016384717077017,0.007214982993900776
rmse,model,surface_speed,1890,0.006479275350769361,0.005711029469966889,0.0072440299205482
rmse,model,surface_speed,1900,0.006462435486416022,0.0055716103874146935,0.007120418176054954
rmse,model,surface_speed,1910,0.0064867160593469935,0.005624430254101753,0.007121764309704304
rmse,model,surface_speed,1920,0.006494283241530259,0.005672832764685154,0.007238984107971191
rmse,model,surface_speed,1930,0.006527994511028131,0.005704386904835701,0.00746759744361043
rmse,model,surface_speed,1940,0.00648027133817474,0.005657155532389879,0.0074041253887116906
rmse,model,surface_speed,1950,0.006568841108431419,0.005769850872457028,0.00734397703781724
rmse,model,surface_speed,1960,0.006423632831623157,0.0058535424992442135,0.007040940131992101
rmse,model,surface_speed,1970,0.006388712457070748,0.006002627592533827,0.006827678810805082
rmse,model,surface_speed,1980,0.006347023136913777,0.005948852933943272,0.007086845301091671
rmse,model,surface_speed,1990,0.0063697889757653075,0.006030067708343268,0.006862470414489508
rmse,model,surface_speed,2000,0.006285762197027604,0.00592570910230279,0.006752302683889866
rmse,climatology,surface_speed,0,0.003483150666579604,0.003082289919257164,0.0038193108048290014
rmse,climatology,surface_speed,10,0.0033636869086573523,0.0030656424816697834,0.0036313133779913185
rmse,climatology,surface_speed,20,0.0034482390930255253,0.0032233613543212413,0.003711535269394517
rmse,climatology,surface_speed,30,0.0035018501492838066,0.00318124876357615,0.0038929723203182222
rmse,climatology,surface_speed,40,0.00342121225160857,0.0030003468040376902,0.0037263927049934866
rmse,climatology,surface_speed,50,0.00343005396425724,0.003051483677700162,0.00374471521936357
rmse,climatology,surface_speed,60,0.00351786605703334,0.003111187648028135,0.003641898510977626
rmse,climatology,surface_speed,70,0.003458885584647457,0.0029819020535796882,0.003498874185606837
rmse,climatology,surface_speed,80,0.0034494626335799692,0.002973990887403488,0.003671011235564947
rmse,climatology,surface_speed,90,0.003562444138030211,0.002918521873652935,0.004021911416202784
rmse,climatology,surface_speed,100,0.003629363172998031,0.0032170973252505066,0.004143981635570526
rmse,climatology,surface_speed,110,0.0034900281423081952,0.0030214297119528057,0.004266700614243745
rmse,climatology,surface_speed,120,0.0035588504591335854,0.0029065740294754506,0.00481131300330162
rmse,climatology,surface_speed,130,0.003643997525796294,0.003074161522090435,0.00488055795431137
rmse,climatology,surface_speed,140,0.003640605447192987,0.003067094273865223,0.004740914143621921
rmse,climatology,surface_speed,150,0.003612006471181909,0.0029644875321537256,0.004666800983250141
rmse,climatology,surface_speed,160,0.0037537249891708294,0.00306641417555511,0.005282246973365544
rmse,climatology,surface_speed,170,0.0037696822391202053,0.002968915365636349,0.005190011765807866
rmse,climatology,surface_speed,180,0.0036744978123654922,0.0028529281727969645,0.005210142023861408
rmse,climatology,surface_speed,190,0.0037473389413207768,0.002872107271105051,0.005604173522442579
rmse,climatology,surface_speed,200,0.0038475769106298685,0.0030372698325663804,0.005471385922282934
rmse,climatology,surface_speed,210,0.0037900323048233988,0.002925727842375636,0.005063790269196033
rmse,climatology,surface_speed,220,0.0037698041337231795,0.0029313983395695686,0.005118785426020622
rmse,climatology,surface_speed,230,0.0038252479707201322,0.002960879262536764,0.005211523734033108
rmse,climatology,surface_speed,240,0.003753873007372022,0.0029495298862457276,0.005208831559866667
rmse,climatology,surface_speed,250,0.0036651603411883118,0.0030053016263991593,0.005084473639726639
rmse,climatology,surface_speed,260,0.003671895805746317,0.0028910859022289515,0.004959142953157425
rmse,climatology,surface_speed,270,0.003667520980040232,0.0031860648654401303,0.0046119867824018
rmse,climatology,surface_speed,280,0.0034454568289220334,0.003060405608266592,0.004083133209496737
rmse,climatology,surface_speed,290,0.003401386303206285,0.002830109279602766,0.00402572276070714
rmse,climatology,surface_speed,300,0.0034250445198267697,0.003014210145920515,0.003971921280026436
rmse,climatology,surface_speed,310,0.0033765321131795645,0.003023827215656638,0.00366395371966064
rmse,climatology,surface_speed,320,0.0032736305768291158,0.0028565974440425634,0.0036053655203431845
rmse,climatology,surface_speed,330,0.003378949345399936,0.0030613488983362914,0.0039013768546283245
rmse,climatology,surface_speed,340,0.0033724169712513684,0.0030343753285706045,0.003849106002599001
rmse,climatology,surface_speed,350,0.003227809738988678,0.00286314464174211,0.0035764701664447785
rmse,climatology,surface_speed,360,0.0032508065303166705,0.002860331628471613,0.0036229236982762815
rmse,climatology,surface_speed,370,0.0033503105708708367,0.003139591868966818,0.003549442160874605
rmse,climatology,surface_speed,380,0.003269168408587575,0.0029179556760936974,0.00350967226549983
rmse,climatology,surface_speed,390,0.003235493072619041,0.0029687096364796163,0.003426301945000887
rmse,climatology,surface_speed,400,0.0033003112922112146,0.0030058433767408133,0.003532146429643035
rmse,climatology,surface_speed,410,0.003261845527837674,0.003029937716200948,0.0035112340934574603
rmse,climatology,surface_speed,420,0.0031898466404527426,0.0029560215305536987,0.0033971755765378475
rmse,climatology,surface_speed,430,0.00327877402305603,0.002953060111030936,0.003623278858140111
rmse,climatology,surface_speed,440,0.0033657065437485774,0.003197721717879176,0.0036037725862115622
rmse,climatology,surface_speed,450,0.0032249768109371265,0.0029514880385249852,0.003596463007852435
rmse,climatology,surface_speed,460,0.0032497651254137358,0.0029145242646336556,0.0037092600017786027
rmse,climatology,surface_speed,470,0.0033850479250152905,0.00307630836032331,0.0038338986225426195
rmse,climatology,surface_speed,480,0.003428985395779212,0.0030160026159137487,0.004103754460811615
rmse,climatology,surface_speed,490,0.0034124450913319984,0.0028766268398612736,0.004412508942186832
rmse,climatology,surface_speed,500,0.003615680957833926,0.0029289675410836937,0.004921845998615026
rmse,climatology,surface_speed,510,0.003727396282677849,0.0031099626794457436,0.005083191394805908
rmse,climatology,surface_speed,520,0.0036459272106488545,0.0029935962054878475,0.00492771714925766
rmse,climatology,surface_speed,530,0.003675053423891465,0.002942278841510415,0.0049709082581102845
rmse,climatology,surface_speed,540,0.0038143802744646867,0.0031749569345265625,0.0048048138618469235
rmse,climatology,surface_speed,550,0.0037620560576518375,0.0030813737772405147,0.004867095127701759
rmse,climatology,surface_speed,560,0.003726983225593964,0.0030779171269387008,0.004772997647523879
rmse,climatology,surface_speed,570,0.0037786295016606648,0.0032932757865637543,0.004555350821465253
rmse,climatology,surface_speed,580,0.003746431041508913,0.0031629163306206463,0.0045543526299297804
rmse,climatology,surface_speed,590,0.003668068613236149,0.0028480586130172013,0.004420152492821216
rmse,climatology,surface_speed,600,0.0037960171854744353,0.003146848874166608,0.004614917747676373
rmse,climatology,surface_speed,610,0.0039253285775582,0.0032548642717301845,0.005145917367190123
rmse,climatology,surface_speed,620,0.003822322702035308,0.0028419777750968932,0.005156856961548328
rmse,climatology,surface_speed,630,0.0037880198874821265,0.002966047590598464,0.004986649565398693
rmse,climatology,surface_speed,640,0.0038187511575718722,0.0032493894919753074,0.004971655085682869
rmse,climatology,surface_speed,650,0.0037338935925314825,0.003081676363945007,0.004771142173558474
rmse,climatology,surface_speed,660,0.0035465432486186427,0.0028347054962068797,0.004235955700278282
rmse,climatology,surface_speed,670,0.003568793833255768,0.0030489079654216766,0.003969620261341333
rmse,climatology,surface_speed,680,0.0035576490530123315,0.0031617289409041406,0.004001104179769755
rmse,climatology,surface_speed,690,0.0033942118597527346,0.0030402847565710544,0.0037747783586382865
rmse,climatology,surface_speed,700,0.0033654055713365476,0.0031211990863084793,0.0035383099224418403
rmse,climatology,surface_speed,710,0.003480742359533906,0.0032232464756816624,0.0038772803731262685
rmse,climatology,surface_speed,720,0.0034168411511927843,0.0029841640964150427,0.0038944500498473643
rmse,climatology,surface_speed,730,0.0033544565085321665,0.003047868236899376,0.00375081836245954
rmse,climatology,surface_speed,740,0.0033866417749474445,0.0030638725496828557,0.003598664794117212
rmse,climatology,surface_speed,750,0.0033684566927452884,0.0030818921979516743,0.003633845504373312
rmse,climatology,surface_speed,760,0.0032512521836906673,0.0028972772881388663,0.003545897640287876
rmse,climatology,surface_speed,770,0.0033277866430580618,0.0030144714284688233,0.003567061806097627
rmse,climatology,surface_speed,780,0.003435218287631869,0.0032103005796670914,0.0036598543170839547
rmse,climatology,surface_speed,790,0.0033685239342351753,0.0029806568752974274,0.003679005289450288
rmse,climatology,surface_speed,800,0.0033466598329444726,0.003004077123478055,0.0037214158102869986
rmse,climatology,surface_speed,810,0.0035054344528665147,0.003057651361450553,0.00410188203677535
rmse,climatology,surface_speed,820,0.003571228248377641,0.003023998253047466,0.004411763045936823
rmse,climatology,surface_speed,830,0.003550385699296991,0.0029544650111347436,0.004612153023481369
rmse,climatology,surface_speed,840,0.0036889115038017434,0.0031512598507106304,0.004806322883814573
rmse,climatology,surface_speed,850,0.003807465390612682,0.0031829651445150374,0.005291166715323925
rmse,climatology,surface_speed,860,0.003756018433098992,0.0029023126233369114,0.005499448440968989
rmse,climatology,surface_speed,870,0.0037750601458052795,0.0029348606709390878,0.0057083630003035065
rmse,climatology,surface_speed,880,0.003931408204759161,0.003101547062397003,0.005864362139254808
rmse,climatology,surface_speed,890,0.0039097297160575785,0.002910455921664834,0.005636879615485668
rmse,climatology,surface_speed,900,0.0038534436374902726,0.003092334931716323,0.005456079635769128
rmse,climatology,surface_speed,910,0.003855879682426651,0.0029949455987662078,0.005395757034420967
rmse,climatology,surface_speed,920,0.003854065357397,0.003058219188824296,0.005302259884774685
rmse,climatology,surface_speed,930,0.0037207117148985464,0.002990168798714876,0.004902261309325695
rmse,climatology,surface_speed,940,0.0037272818541775146,0.002989420900121331,0.004866993241012097
rmse,climatology,surface_speed,950,0.003754812370364865,0.0030858533456921576,0.004758679587393999
rmse,climatology,surface_speed,960,0.003651261795312166,0.0031948034651577474,0.0044403743930161
rmse,climatology,surface_speed,970,0.0034877146283785504,0.0029359097126871346,0.004003398772329092
rmse,climatology,surface_speed,980,0.003528600496550401,0.0029782110825181006,0.004033603239804506
rmse,climatology,surface_speed,990,0.0035078913749506074,0.002999085234478116,0.003934560157358646
rmse,climatology,surface_speed,1000,0.00339272307852904,0.0030041394289582967,0.00375783983618021
rmse,climatology,surface_speed,1010,0.003409686886395017,0.003007041243836284,0.0038038922008126973
rmse,climatology,surface_speed,1020,0.0034829982556402682,0.003218369884416461,0.003950420394539833
rmse,climatology,surface_speed,1030,0.0033822712022811173,0.003065738594159484,0.003791326889768243
rmse,climatology,surface_speed,1040,0.0033152353794624408,0.0028786400333046915,0.003682311624288559
rmse,climatology,surface_speed,1050,0.003459652839228511,0.0031046563759446143,0.0037015491630882024
rmse,climatology,surface_speed,1060,0.0034671182899425426,0.003264105599373579,0.0036979662254452705
rmse,climatology,surface_speed,1070,0.003437341082220276,0.0031659504398703574,0.0036662640050053596
rmse,climatology,surface_speed,1080,0.003504659328609705,0.0031751477159559726,0.0039935044944286345
rmse,climatology,surface_speed,1090,0.0036145526450127364,0.0032837734557688235,0.004318331368267536
rmse,climatology,surface_speed,1100,0.0035892950681348642,0.003095647320151329,0.004545974638313055
rmse,climatology,surface_speed,1110,0.0037251312596102556,0.003175779851153493,0.005049869138747453
rmse,climatology,surface_speed,1120,0.003932924382388592,0.003258400084450841,0.005686503369361162
rmse,climatology,surface_speed,1130,0.003990552760660649,0.003130413917824626,0.006139156315475702
rmse,climatology,surface_speed,1140,0.003947760025039315,0.00299038621596992,0.006235881708562374
rmse,climatology,surface_speed,1150,0.0041289209388196465,0.0032295427285134793,0.006235435325652361
rmse,climatology,surface_speed,1160,0.004212926390270392,0.003225545771420002,0.006007725093513727
rmse,climatology,surface_speed,1170,0.004168435946727792,0.002933873748406768,0.006016780529171228
rmse,climatology,surface_speed,1180,0.004222654923796654,0.0029874933883547784,0.0060809972696006295
rmse,climatology,surface_speed,1190,0.00435757456968228,0.0032812856137752534,0.006040880177170038
rmse,climatology,surface_speed,1200,0.00431026207904021,0.003234781324863434,0.005958169791847467
rmse,climatology,surface_speed,1210,0.00426282921495537,0.00316123329102993,0.0055800508707761765
rmse,climatology,surface_speed,1220,0.004414316390951475,0.0033022246789187193,0.0057739528827369215
rmse,climatology,surface_speed,1230,0.004441550762082139,0.0031681222841143607,0.0060390206053853035
rmse,climatology,surface_speed,1240,0.004389458211759726,0.003115272242575884,0.00623865956440568
rmse,climatology,surface_speed,1250,0.004406350494051973,0.0032806190196424724,0.006239398662000894
rmse,climatology,surface_speed,1260,0.004405390021080772,0.0032627823762595653,0.006287518516182899
rmse,climatology,surface_speed,1270,0.00423104491395255,0.0029886878561228513,0.00610178429633379
rmse,climatology,surface_speed,1280,0.004153840476647019,0.00302314436994493,0.005897067859768868
rmse,climatology,surface_speed,1290,0.0041486608174939954,0.0033074154518544672,0.005714122112840414
rmse,climatology,surface_speed,1300,0.004028375757237275,0.003050229791551828,0.005485580209642649
rmse,climatology,surface_speed,1310,0.003781936364248395,0.0028778256848454474,0.004942322801798582
rmse,climatology,surface_speed,1320,0.0037853848809997243,0.003203206369653344,0.004611828085035086
rmse,climatology,surface_speed,1330,0.003726622803757588,0.003236055513843894,0.0045799828134477135
rmse,climatology,surface_speed,1340,0.003576600675781568,0.0028739833272993565,0.004176139924675226
rmse,climatology,surface_speed,1350,0.0035150228689114255,0.003041479317471385,0.003911227453500032
rmse,climatology,surface_speed,1360,0.0036019527974228065,0.0033205090090632438,0.0039850080385804175
rmse,climatology,surface_speed,1370,0.0035193977256615955,0.0030760710127651692,0.0038558426313102245
rmse,climatology,surface_speed,1380,0.0034194305849572022,0.003180071944370866,0.003650882327929139
rmse,climatology,surface_speed,1390,0.003534998589505752,0.003283839672803879,0.003830647375434637
rmse,climatology,surface_speed,1400,0.003560285766919454,0.0032187178265303375,0.004045372363179922
rmse,climatology,surface_speed,1410,0.0034928809540967147,0.0030986817553639414,0.003892435319721699
rmse,climatology,surface_speed,1420,0.003512888370702664,0.003128799423575401,0.003867947310209274
rmse,climatology,surface_speed,1430,0.003588366166998943,0.0031875554006546734,0.0037177907768636944
rmse,climatology,surface_speed,1440,0.0035110281159480413,0.0030492117162793874,0.00357005731202662
rmse,climatology,surface_speed,1450,0.0035433168367793163,0.0030760748311877252,0.003794097388163209
rmse,climatology,surface_speed,1460,0.0036719241024305424,0.003057637484744191,0.004133610893040895
rmse,climatology,surface_speed,1470,0.0037330862289915484,0.003317404305562377,0.00420271186158061
rmse,climatology,surface_speed,1480,0.0036246208318819603,0.0031419376377016307,0.00433592926710844
rmse,climatology,surface_speed,1490,0.0037448931174973647,0.0030905394814908504,0.005077395681291818
rmse,climatology,surface_speed,1500,0.003843313812588652,0.0031021731905639172,0.005169719457626343
rmse,climatology,surface_speed,1510,0.0038699767086654902,0.003189635928720236,0.004993745870888233
rmse,climatology,surface_speed,1520,0.003925311441222826,0.0030252041295170786,0.00500233955681324
rmse,climatology,surface_speed,1530,0.004112348643441995,0.003180397627875209,0.005889481492340564
rmse,climatology,surface_speed,1540,0.004139021039009094,0.003030895534902811,0.006007590144872665
rmse,climatology,surface_speed,1550,0.004072834023584922,0.002919855434447527,0.006000776402652263
rmse,climatology,surface_speed,1560,0.004155380294347802,0.0029834537301212547,0.005968423280864954
rmse,climatology,surface_speed,1570,0.00419392556262513,0.0030533078126609324,0.006078978441655636
rmse,climatology,surface_speed,1580,0.00407754722982645,0.0030717679765075445,0.005839893221855163
rmse,climatology,surface_speed,1590,0.003977657093976935,0.00300363153219223,0.005601373594254255
rmse,climatology,surface_speed,1600,0.003951208883275588,0.0031039098277688025,0.005396846961230039
rmse,climatology,surface_speed,1610,0.0037822847875456016,0.0030231381300836802,0.005014111567288637
rmse,climatology,surface_speed,1620,0.0036743930075317623,0.0030261910520493983,0.0045153751038014885
rmse,climatology,surface_speed,1630,0.0036739306213955086,0.0029691459145396947,0.004461151082068682
rmse,climatology,surface_speed,1640,0.003666991787031293,0.0032624487299472093,0.00424496429041028
rmse,climatology,surface_speed,1650,0.003454491263255477,0.003083659382537007,0.0038854533806443213
rmse,climatology,surface_speed,1660,0.003463859452555577,0.0029211162589490415,0.003938332200050354
rmse,climatology,surface_speed,1670,0.003490000156064828,0.0030600385274738074,0.003988782223314047
rmse,climatology,surface_speed,1680,0.0034290702392657598,0.0030774158891290425,0.003771828906610608
rmse,climatology,surface_speed,1690,0.0033443720390399297,0.002928570657968521,0.0035575578920543196
rmse,climatology,surface_speed,1700,0.00345506079805394,0.0031281853560358288,0.003933800291270018
rmse,climatology,surface_speed,1710,0.0034270163315037886,0.0031746040098369122,0.003757159039378166
rmse,climatology,surface_speed,1720,0.003302545193582773,0.0029868190642446278,0.003573654778301716
rmse,climatology,surface_speed,1730,0.00337705936593314,0.0030236778780817985,0.0037287162151187657
rmse,climatology,surface_speed,1740,0.0034775389668842156,0.003333620401099324,0.003625327441841364
rmse,climatology,surface_speed,1750,0.0034328064881265163,0.003185700997710228,0.00362375364638865
rmse,climatology,surface_speed,1760,0.0034503706420461336,0.003193987440317869,0.003801527619361877
rmse,climatology,surface_speed,1770,0.0035732102580368517,0.0032646028324961663,0.004135799035429954
rmse,climatology,surface_speed,1780,0.0035800772408644357,0.0032191650941967966,0.004378953576087951
rmse,climatology,surface_speed,1790,0.0036254010628908873,0.003044609911739826,0.004670258890837431
rmse,climatology,surface_speed,1800,0.0038136415959646305,0.0032254350837320088,0.005296829435974359
rmse,climatology,surface_speed,1810,0.003963970144589742,0.0032910324633121492,0.0058178952895104885
rmse,climatology,surface_speed,1820,0.0038718244216094416,0.002952520363032818,0.005963444989174604
rmse,climatology,surface_speed,1830,0.00396890703899165,0.0031293689273297785,0.005952510982751846
rmse,climatology,surface_speed,1840,0.004097223359470566,0.0032691482454538347,0.005671996343880892
rmse,climatology,surface_speed,1850,0.0040859647716085115,0.003084045276045799,0.005694076791405677
rmse,climatology,surface_speed,1860,0.0040204573577890795,0.002915373258292675,0.0057408324442803855
rmse,climatology,surface_speed,1870,0.004153450531885028,0.0031988158356398345,0.005658949259668589
rmse,climatology,surface_speed,1880,0.004162945877760648,0.003247534716501832,0.00558280861005187
rmse,climatology,surface_speed,1890,0.00406453269533813,0.0031438773963600396,0.005201768688857555
rmse,climatology,surface_speed,1900,0.004149850892523925,0.003301633708178997,0.005275586433708668
rmse,climatology,surface_speed,1910,0.004267155441145102,0.0033008340746164323,0.005655864905565977
rmse,climatology,surface_speed,1920,0.004225961087892453,0.0031674396246671676,0.005998440273106098
rmse,climatology,surface_speed,1930,0.004207824434464176,0.0031635412015020847,0.005963752884417773
rmse,climatology,surface_speed,1940,0.004238449828699231,0.003302009357139468,0.005954916588962078
rmse,climatology,surface_speed,1950,0.004124819021672011,0.00317979296669364,0.0058259968645870686
rmse,climatology,surface_speed,1960,0.003951636546601852,0.0029259569011628626,0.0054572481662034985
rmse,climatology,surface_speed,1970,0.003932349321742853,0.0032596212811768057,0.005206241365522146
rmse,climatology,surface_speed,1980,0.003890287612254421,0.003264970052987337,0.005007334519177675
rmse,climatology,surface_speed,1990,0.0036496213171631096,0.002885755896568298,0.004592771641910076
rmse,climatology,surface_speed,2000,0.003586794187625249,0.003061279933899641,0.004096773359924555
rmse,persistence,surface_speed,0,0.0,0.0,0.0
rmse,persistence,surface_speed,10,0.00237644847172002,0.002035052655264735,0.002700142050161958
rmse,persistence,surface_speed,20,0.0032833594363182784,0.0029404053930193186,0.003675637533888221
rmse,persistence,surface_speed,30,0.003681389195844531,0.0033001508098095657,0.004024333599954843
rmse,persistence,surface_speed,40,0.0045264661001662414,0.003929562866687775,0.005070245265960694
rmse,persistence,surface_speed,50,0.004964599960173169,0.004248273093253374,0.0054371686652302745
rmse,persistence,surface_speed,60,0.0051937012933194636,0.004525898862630129,0.005741261411458254
rmse,persistence,surface_speed,70,0.005310371425002814,0.004489631857722998,0.005888010561466217
rmse,persistence,surface_speed,80,0.005204244144260883,0.004347568657249212,0.0059099489822983745
rmse,persistence,surface_speed,90,0.005416389834135771,0.004741821996867656,0.0060455967672169205
rmse,persistence,surface_speed,100,0.0055740152796109515,0.004879198968410492,0.00616434533149004
rmse,persistence,surface_speed,110,0.005279846241076787,0.0047600151970982555,0.005954581033438444
rmse,persistence,surface_speed,120,0.005435800800720851,0.004786104056984186,0.0063180244527757164
rmse,persistence,surface_speed,130,0.005256649261961381,0.004486268479377031,0.005970214027911425
rmse,persistence,surface_speed,140,0.004499524692073464,0.0037095443811267616,0.005091130640357733
rmse,persistence,surface_speed,150,0.004245611404379209,0.0033035920932888985,0.005477508250623941
rmse,persistence,surface_speed,160,0.0037416763914128143,0.00255281045101583,0.005531643796712159
rmse,persistence,surface_speed,170,0.0025874722593774396,0.0008837294648401439,0.004832661990076303
rmse,persistence,surface_speed,180,0.003591783344745636,0.0022254577372223137,0.0053179672919213775
rmse,persistence,surface_speed,190,0.00439929220204552,0.0032426915597170594,0.006022075656801462
rmse,persistence,surface_speed,200,0.004690920903036992,0.0037387358024716377,0.006346746161580086
rmse,persistence,surface_speed,210,0.005343084859972199,0.0041995651088655,0.00667443424463272
rmse,persistence,surface_speed,220,0.005719550295422474,0.004424439277499914,0.006950722075998783
rmse,persistence,surface_speed,230,0.005845271423459053,0.004611402377486229,0.0074125674553215505
rmse,persistence,surface_speed,240,0.005924042065938314,0.004743037559092045,0.0072401674464344975
rmse,persistence,surface_speed,250,0.0057650023140013214,0.004544943477958441,0.006878987699747085
rmse,persistence,surface_speed,260,0.005831575145324072,0.00495765246450901,0.006793437339365482
rmse,persistence,surface_speed,270,0.005935318643848101,0.0051739029586315155,0.006629346404224634
rmse,persistence,surface_speed,280,0.005581463531901439,0.005188841465860605,0.005974634271115065
rmse,persistence,surface_speed,290,0.005591918310771386,0.0050319510512053965,0.006185992155224085
rmse,persistence,surface_speed,300,0.005411236764242252,0.004758166428655386,0.005887713842093944
rmse,persistence,surface_speed,310,0.004614793757597605,0.004336942452937365,0.0048907820135355
rmse,persistence,surface_speed,320,0.00422796073059241,0.003687992412596941,0.004793608095496893
rmse,persistence,surface_speed,330,0.0037518538534641265,0.0030303823761641977,0.004435506369918585
rmse,persistence,surface_speed,340,0.002539715721892814,0.0017407476669177413,0.003111038589850068
rmse,persistence,surface_speed,350,0.0031762702080110707,0.0025394455529749393,0.003670419426634908
rmse,persistence,surface_speed,360,0.003997614110509555,0.0034357949625700712,0.00438751308247447
rmse,persistence,surface_speed,370,0.004237994784489274,0.00395481325685978,0.004488400276750326
rmse,persistence,surface_speed,380,0.004868433189888795,0.004413747601211071,0.00531868040561676
rmse,persistence,surface_speed,390,0.005294178208957116,0.004652152676135302,0.005748218111693859
rmse,persistence,surface_speed,400,0.0054226522023479145,0.004920038115233183,0.005799949262291193
rmse,persistence,surface_speed,410,0.0055304508656263355,0.004918215423822403,0.0059505971148610115
rmse,persistence,surface_speed,420,0.005388362240046263,0.004711078759282827,0.005978742334991694
rmse,persistence,surface_speed,430,0.005489535039911667,0.005247452948242426,0.006094528920948505
rmse,persistence,surface_speed,440,0.005699122324585915,0.005235832184553146,0.006253791786730289
rmse,persistence,surface_speed,450,0.0054102193874617415,0.0046289324760437015,0.005915296822786331
rmse,persistence,surface_speed,460,0.005478166633596023,0.005112202558666468,0.006083502620458603
rmse,persistence,surface_speed,470,0.005459312628954649,0.004993091709911824,0.005971933994442224
rmse,persistence,surface_speed,480,0.00473855941866835,0.0037198676727712154,0.005720369610935449
rmse,persistence,surface_speed,490,0.00443839201082786,0.0037404253147542478,0.00565118957310915
rmse,persistence,surface_speed,500,0.0042317780355612435,0.003401294443756342,0.005668861605226993
rmse,persistence,surface_speed,510,0.003107931682219108,0.0014091983437538149,0.005380587931722402
rmse,persistence,surface_speed,520,0.003609881162022551,0.002159274648874998,0.005563201755285263
rmse,persistence,surface_speed,530,0.00448083383962512,0.00320310415700078,0.005799531284719705
rmse,persistence,surface_speed,540,0.004713238356634975,0.0036702339537441732,0.006088192854076624
rmse,persistence,surface_speed,550,0.005279194780935844,0.004360025841742754,0.006472751405090094
rmse,persistence,surface_speed,560,0.005699907708913088,0.004841420240700245,0.007050248607993126
rmse,persistence,surface_speed,570,0.005775598560770353,0.005009366292506456,0.006724037509411573
rmse,persistence,surface_speed,580,0.005826621626814206,0.005044000037014484,0.006716908887028694
rmse,persistence,surface_speed,590,0.005617104439685742,0.0047409145161509516,0.006601684261113405
rmse,persistence,surface_speed,600,0.005624670224885146,0.005089593399316072,0.0064957886934280396
rmse,persistence,surface_speed,610,0.005812314028541247,0.005126226786524057,0.006792392581701279
rmse,persistence,surface_speed,620,0.005505377302567164,0.00446788314729929,0.006413378659635783
rmse,persistence,surface_speed,630,0.0054418073656658334,0.004907762166112661,0.006015168037265539
rmse,persistence,surface_speed,640,0.00535070967550079,0.00490436302497983,0.006319316569715738
rmse,persistence,surface_speed,650,0.004465935208524267,0.0036315206438302995,0.005295980162918568
rmse,persistence,surface_speed,660,0.0038252410168449083,0.003400800283998251,0.004415791667997837
rmse,persistence,surface_speed,670,0.0033744209135572116,0.0030022991355508565,0.0038091566413640974
rmse,persistence,surface_speed,680,0.0016121338975305358,0.0011512375669553876,0.0021776008885353803
rmse,persistence,surface_speed,690,0.0018326799230029185,0.0015194965060800314,0.0021579395048320293
rmse,persistence,surface_speed,700,0.0031483335110048453,0.0027465160470455884,0.003543599462136626
rmse,persistence,surface_speed,710,0.0034721440635621546,0.0030769400764256716,0.0038704921025782824
rmse,persistence,surface_speed,720,0.00414651093694071,0.003774925274774432,0.004643524438142777
rmse,persistence,surface_speed,730,0.004770992153013746,0.004108355287462473,0.005147989187389612
rmse,persistence,surface_speed,740,0.004945241163174311,0.004371971357613802,0.005468386225402355
rmse,persistence,surface_speed,750,0.005132311303168535,0.004529326781630516,0.005768323503434658
rmse,persistence,surface_speed,760,0.005045022225628296,0.004220580961555242,0.005630562361329794
rmse,persistence,surface_speed,770,0.005103237585475048,0.004702840559184551,0.005756900180131197
rmse,persistence,surface_speed,780,0.005404508082816998,0.004989372286945582,0.0060884407721459866
rmse,persistence,surface_speed,790,0.0052206335278848805,0.0045415916480124,0.0058022222481668
rmse,persistence,surface_speed,800,0.005186170308540265,0.004897620063275099,0.005590206757187843
rmse,persistence,surface_speed,810,0.0053128845989704136,0.0048128744587302204,0.005866845976561308
rmse,persistence,surface_speed,820,0.004687452378372352,0.003977946005761623,0.005268745683133602
rmse,persistence,surface_speed,830,0.004196463447685043,0.0035444003529846667,0.005111858248710632
rmse,persistence,surface_speed,840,0.00403649527579546,0.0031048092525452374,0.005124596692621708
rmse,persistence,surface_speed,850,0.0029527189986159404,0.001623096107505262,0.0047107704915106295
rmse,persistence,surface_speed,860,0.0030504207747677962,0.0016385423950850964,0.0050313396379351605
rmse,persistence,surface_speed,870,0.004209531983360648,0.003039324609562755,0.006020215991884469
rmse,persistence,surface_speed,880,0.0045659104362130165,0.0034850392024964095,0.006492416933178901
rmse,persistence,surface_speed,890,0.005080898447583119,0.0040523986332118515,0.00679960660636425
rmse,persistence,surface_speed,900,0.005646306121100982,0.004400054179131985,0.006987798493355513
rmse,persistence,surface_speed,910,0.005783518652121226,0.00458357846364379,0.0073480186983942986
rmse,persistence,surface_speed,920,0.005919304955750704,0.004866481013596058,0.007589833345264196
rmse,persistence,surface_speed,930,0.005832820758223533,0.0047589815221726894,0.006894983071833849
rmse,persistence,surface_speed,940,0.005784411666293939,0.004828591085970402,0.006676223780959845
rmse,persistence,surface_speed,950,0.005985362486292918,0.0052020523697137834,0.006909485813230276
rmse,persistence,surface_speed,960,0.005804115689049164,0.005247068684548139,0.006427296157926321
rmse,persistence,surface_speed,970,0.005599766876548529,0.0052012988366186615,0.0060646506026387215
rmse,persistence,surface_speed,980,0.005657941506554683,0.005092015583068132,0.006154779158532619
rmse,persistence,surface_speed,990,0.00503741546223561,0.004540092032402754,0.005442012846469879
rmse,persistence,surface_speed,1000,0.004393321399887403,0.004075440019369126,0.004839434009045363
rmse,persistence,surface_speed,1010,0.004186173807829619,0.0036090521607548,0.004819860495626926
rmse,persistence,surface_speed,1020,0.00316093269114693,0.002589681837707758,0.0035840360913425686
rmse,persistence,surface_speed,1030,0.0028975921993454295,0.0024303508922457694,0.0033387545496225356
rmse,persistence,surface_speed,1040,0.00395554380180935,0.0035511822905391456,0.004330276697874069
rmse,persistence,surface_speed,1050,0.004316455125808716,0.004024873534217477,0.004550627991557121
rmse,persistence,surface_speed,1060,0.00478405902783076,0.00452280966565013,0.005049935635179281
rmse,persistence,surface_speed,1070,0.005422013128797213,0.004969621263444424,0.005745388101786375
rmse,persistence,surface_speed,1080,0.0056353527121245865,0.005263270530849695,0.005903408024460077
rmse,persistence,surface_speed,1090,0.005846110420922438,0.005385382194072008,0.006351128127425909
rmse,persistence,surface_speed,1100,0.0058604764131208265,0.004976084176450968,0.006605743058025837
rmse,persistence,surface_speed,1110,0.0058881697244942185,0.00495717665180564,0.007104211207479239
rmse,persistence,surface_speed,1120,0.006215595050404469,0.005340002197772265,0.0077884020283818245
rmse,persistence,surface_speed,1130,0.0061740400890509285,0.004782317206263542,0.00828635785728693
rmse,persistence,surface_speed,1140,0.006042889008919398,0.004781127627938986,0.0082558861002326
rmse,persistence,surface_speed,1150,0.006259916132936875,0.005204803124070167,0.00820841733366251
rmse,persistence,surface_speed,1160,0.005787101046492656,0.004202405828982592,0.007790586166083813
rmse,persistence,surface_speed,1170,0.005188565126930674,0.0035260446835309266,0.007376363873481751
rmse,persistence,surface_speed,1180,0.005134417861700058,0.0036259871907532216,0.007074572890996933
rmse,persistence,surface_speed,1190,0.004303622633839647,0.0023777227848768233,0.006560896802693605
rmse,persistence,surface_speed,1200,0.0037603901466354726,0.0013268893118947745,0.0062711752951145165
rmse,persistence,surface_speed,1210,0.004732890954862038,0.0028760279528796673,0.006637680344283581
rmse,persistence,surface_speed,1220,0.005069988764201601,0.003473366843536496,0.006770013831555843
rmse,persistence,surface_speed,1230,0.005416349849353234,0.003982059564441443,0.0069816564209759235
rmse,persistence,surface_speed,1240,0.005949056334793567,0.004631587117910385,0.007394359912723303
rmse,persistence,surface_speed,1250,0.006083644833415747,0.004904293268918991,0.007561296783387661
rmse,persistence,surface_speed,1260,0.0061594606998066105,0.005152880307286977,0.007638327125459909
rmse,persistence,surface_speed,1270,0.006015621063609918,0.004693176224827766,0.007508671190589666
rmse,persistence,surface_speed,1280,0.005791012508173783,0.004770614393055439,0.007346407882869244
rmse,persistence,surface_speed,1290,0.005893989372998476,0.0052193434908986095,0.007300693169236183
rmse,persistence,surface_speed,1300,0.005709502194076776,0.004713179636746645,0.006765085272490978
rmse,persistence,surface_speed,1310,0.005310586219032605,0.004625980835407972,0.005993795860558748
rmse,persistence,surface_speed,1320,0.005345387135942777,0.005023119691759348,0.0058115717954933645
rmse,persistence,surface_speed,1330,0.004722618559996287,0.004191618319600821,0.005532624013721943
rmse,persistence,surface_speed,1340,0.0037712609084943932,0.0033411314710974694,0.004468211904168129
rmse,persistence,surface_speed,1350,0.003473274875432253,0.0030319227837026117,0.00380386752076447
rmse,persistence,surface_speed,1360,0.002311532308037082,0.0020078407134860752,0.0026333038695156574
rmse,persistence,surface_speed,1370,0.0008603865280747414,0.0006580277578905225,0.0010000126902014017
rmse,persistence,surface_speed,1380,0.002700080272431175,0.0023538294713944196,0.003046945249661803
rmse,persistence,surface_speed,1390,0.003359393108015259,0.003002719022333622,0.003746657492592931
rmse,persistence,surface_speed,1400,0.003810633843143781,0.0033578867558389904,0.0042372655123472215
rmse,persistence,surface_speed,1410,0.004629435824851195,0.004022398125380277,0.005186037719249725
rmse,persistence,surface_speed,1420,0.004960988306750854,0.0043741163797676565,0.005334119591861963
rmse,persistence,surface_speed,1430,0.005196399986743927,0.00458071306347847,0.005850005801767111
rmse,persistence,surface_speed,1440,0.005270600877702236,0.0044818509370088576,0.00584067776799202
rmse,persistence,surface_speed,1450,0.0052026129638155305,0.00445866072550416,0.00575900562107563
rmse,persistence,surface_speed,1460,0.005480492860078812,0.004823276773095131,0.006040386483073234
rmse,persistence,surface_speed,1470,0.005569251844038566,0.004914786387234926,0.006075484026223421
rmse,persistence,surface_speed,1480,0.005321081448346377,0.004883964546024799,0.005943313147872686
rmse,persistence,surface_speed,1490,0.0055395096230010194,0.004949832148849964,0.006481004040688276
rmse,persistence,surface_speed,1500,0.00527118102957805,0.0043867077678442,0.006017064210027456
rmse,persistence,surface_speed,1510,0.004610671848058701,0.0039552003145217896,0.005236270651221275
rmse,persistence,surface_speed,1520,0.004500408625851075,0.0034100741613656282,0.00599398585036397
rmse,persistence,surface_speed,1530,0.0039508796917895475,0.00242335326038301,0.006090430915355683
rmse,persistence,surface_speed,1540,0.003205504547804594,0.0011448717443272472,0.005670259147882462
rmse,persistence,surface_speed,1550,0.004238261608406901,0.002566173207014799,0.0063694224692881106
rmse,persistence,surface_speed,1560,0.004824781185016036,0.003382566897198558,0.006804257724434137
rmse,persistence,surface_speed,1570,0.00509809471356372,0.003892990155145526,0.0069968136027455325
rmse,persistence,surface_speed,1580,0.005675309368719657,0.004355597589164972,0.007415091805160046
rmse,persistence,surface_speed,1590,0.005880839222421249,0.004536484647542238,0.0074696863070130345
rmse,persistence,surface_speed,1600,0.005939878554393848,0.004768726322799921,0.007442683354020118
rmse,persistence,surface_speed,1610,0.005919996121277412,0.004814906138926744,0.0072590896859765055
rmse,persistence,surface_speed,1620,0.005720520950853824,0.004617493506520987,0.006450921855866909
rmse,persistence,surface_speed,1630,0.005823944912602504,0.005033220909535885,0.006607730127871037
rmse,persistence,surface_speed,1640,0.005879130649069945,0.005214088596403599,0.006437920965254307
rmse,persistence,surface_speed,1650,0.005534062689791123,0.005178236216306686,0.0059669696725904945
rmse,persistence,surface_speed,1660,0.005621468865623077,0.005126961972564459,0.006304887402802706
rmse,persistence,surface_speed,1670,0.005348707363009453,0.004771659336984158,0.005742867384105921
rmse,persistence,surface_speed,1680,0.0045537490397691725,0.0043194257654249665,0.004849060345441103
rmse,persistence,surface_speed,1690,0.004279368712256352,0.0037772759329527616,0.004831085726618767
rmse,persistence,surface_speed,1700,0.003705649853994449,0.0031518375035375357,0.004228952713310718
rmse,persistence,surface_speed,1710,0.0026585175500561794,0.0021887618117034436,0.0031555387191474437
rmse,persistence,surface_speed,1720,0.0035027526939908665,0.003035449841991067,0.003906430583447218
rmse,persistence,surface_speed,1730,0.004200760787352919,0.0038110827561467888,0.004461795929819346
rmse,persistence,surface_speed,1740,0.004485504329204559,0.004312591347843409,0.004701824393123388
rmse,persistence,surface_speed,1750,0.005165327588717143,0.004764758516103029,0.0054634975269436835
rmse,persistence,surface_speed,1760,0.005545431313415368,0.005137717165052891,0.005876635294407606
rmse,persistence,surface_speed,1770,0.005725490984817346,0.005312986951321363,0.006088816281408072
rmse,persistence,surface_speed,1780,0.005857820436358452,0.005156800150871277,0.006453465856611729
rmse,persistence,surface_speed,1790,0.005793159268796444,0.004840214271098375,0.006752697937190533
rmse,persistence,surface_speed,1800,0.006011278244356314,0.005335303023457527,0.007334782090038061
rmse,persistence,surface_speed,1810,0.006213290399561326,0.005173486098647118,0.007940319925546646
rmse,persistence,surface_speed,1820,0.005949465154359738,0.004599761217832565,0.008004466630518436
rmse,persistence,surface_speed,1830,0.0061080130438009896,0.005179834365844726,0.0079878406599164
rmse,persistence,surface_speed,1840,0.005994955947001775,0.004853555932641029,0.0076080761849880215
rmse,persistence,surface_speed,1850,0.0052418586487571394,0.0035830398090183737,0.007217330392450094
rmse,persistence,surface_speed,1860,0.0050087403350820145,0.0037127180956304075,0.006895121745765209
rmse,persistence,surface_speed,1870,0.0046241052293529115,0.003203581692650914,0.006441727187484502
rmse,persistence,surface_speed,1880,0.0034639520260194936,0.0012894167564809324,0.005808468908071518
rmse,persistence,surface_speed,1890,0.004062210256233811,0.0023296416271477937,0.005874175392091274
rmse,persistence,surface_speed,1900,0.004735863441601396,0.0032756363973021506,0.006314330361783504
rmse,persistence,surface_speed,1910,0.004947503842413425,0.003740064986050129,0.006328813824802637
rmse,persistence,surface_speed,1920,0.005506005448599656,0.0044061335735023025,0.006760897859930992
rmse,persistence,surface_speed,1930,0.005830251735945543,0.004838667437434196,0.00720574539154768
rmse,persistence,surface_speed,1940,0.005888525055100521,0.004921339359134436,0.007243120484054089
rmse,persistence,surface_speed,1950,0.005881830677390098,0.004751720651984215,0.0071145941503345965
rmse,persistence,surface_speed,1960,0.005587353774656852,0.004481740109622478,0.00686678932979703
rmse,persistence,surface_speed,1970,0.005547779984772206,0.004984524566680193,0.006728372629731893
rmse,persistence,surface_speed,1980,0.005602989283700784,0.004995788726955652,0.0065515262074768545
rmse,persistence,surface_speed,1990,0.005161304151018461,0.0044117792509496215,0.0058073695749044415
rmse,persistence,surface_speed,2000,0.005100472581883272,0.004923991486430168,0.005275088641792536
rmse,model,phihyd_surface,0,0.0,0.0,0.0
rmse,model,phihyd_surface,10,0.0021315704798325896,0.0015482564689591528,0.0024750121869146825
rmse,model,phihyd_surface,20,0.002736066995809476,0.0019515051040798427,0.0031803203746676445
rmse,model,phihyd_surface,30,0.0031264180783182383,0.0022737522143870593,0.0036625515203922987
rmse,model,phihyd_surface,40,0.003449357409651081,0.0025359333492815496,0.004024795070290565
rmse,model,phihyd_surface,50,0.003737279943500956,0.002786937681958079,0.004367339611053467
rmse,model,phihyd_surface,60,0.004030941861371199,0.0030569878406822683,0.004677982628345489
rmse,model,phihyd_surface,70,0.004308466520160437,0.0032628658693283795,0.004998772591352463
rmse,model,phihyd_surface,80,0.004565930630390843,0.0034491008147597316,0.005257761664688587
rmse,model,phihyd_surface,90,0.004791863448917866,0.003729568002745509,0.00545582789927721
rmse,model,phihyd_surface,100,0.005018891968453924,0.0040973405819386246,0.005674171075224876
rmse,model,phihyd_surface,110,0.005226613410438101,0.004311774205416441,0.005921531375497579
rmse,model,phihyd_surface,120,0.005450760821501414,0.004498713184148073,0.006090793386101722
rmse,model,phihyd_surface,130,0.005705542800327142,0.004750654846429825,0.006356839369982481
rmse,model,phihyd_surface,140,0.0059372309284905595,0.005025963205844164,0.0065973735414445395
rmse,model,phihyd_surface,150,0.00612969696521759,0.005381722468882799,0.0068340422585606575
rmse,model,phihyd_surface,160,0.006341092785199483,0.00588690685108304,0.007028140500187873
rmse,model,phihyd_surface,170,0.006552865915000439,0.006192638259381056,0.007311506476253271
rmse,model,phihyd_surface,180,0.0067440994083881375,0.006324641034007072,0.007552439533174037
rmse,model,phihyd_surface,190,0.006949866625169913,0.0064040088094770905,0.007806036621332169
rmse,model,phihyd_surface,200,0.007181514706462622,0.006452795956283808,0.008043785206973552
rmse,model,phihyd_surface,210,0.00737564992159605,0.006603752542287111,0.008322631381452084
rmse,model,phihyd_surface,220,0.007558062889923652,0.006751180533319712,0.008563427627086638
rmse,model,phihyd_surface,230,0.007771950121968985,0.006968559697270393,0.008868033066391945
rmse,model,phihyd_surface,240,0.00799245225886504,0.007151868660002947,0.009254509955644606
rmse,model,phihyd_surface,250,0.008197394758462906,0.007311897631734609,0.0094542745500803
rmse,model,phihyd_surface,260,0.008418898284435272,0.0075235098600387575,0.009661743231117724
rmse,model,phihyd_surface,270,0.00862920650591453,0.00779535984620452,0.009908600896596908
rmse,model,phihyd_surface,280,0.008820938970893621,0.007960586994886398,0.010155301354825496
rmse,model,phihyd_surface,290,0.009018851195772488,0.008061783947050571,0.010295915976166725
rmse,model,phihyd_surface,300,0.009233241838713487,0.008224917016923428,0.010471759550273418
rmse,model,phihyd_surface,310,0.00943986705193917,0.008398936688899994,0.010673070326447487
rmse,model,phihyd_surface,320,0.009619017379979293,0.008524534478783607,0.010922038368880747
rmse,model,phihyd_surface,330,0.009837834102412065,0.00876510925590992,0.01112483162432909
rmse,model,phihyd_surface,340,0.01005832590162754,0.009079399704933166,0.011393207497894763
rmse,model,phihyd_surface,350,0.010237351804971696,0.009139923006296157,0.0115944005548954
rmse,model,phihyd_surface,360,0.010460998614629109,0.009215286746621133,0.011836246587336063
rmse,model,phihyd_surface,370,0.010719677743812403,0.009458194300532342,0.01208143699914217
rmse,model,phihyd_surface,380,0.010923410269121329,0.009573610499501228,0.012363349087536335
rmse,model,phihyd_surface,390,0.011150908035536608,0.00978463925421238,0.012637556530535221
rmse,model,phihyd_surface,400,0.011409282746414343,0.01006898283958435,0.013000059686601161
rmse,model,phihyd_surface,410,0.011639517048994701,0.010171466134488582,0.013381046801805496
rmse,model,phihyd_surface,420,0.011846292143066725,0.01020843479782343,0.013593779318034648
rmse,model,phihyd_surface,430,0.012104474256436031,0.010393050312995911,0.013936020620167255
rmse,model,phihyd_surface,440,0.012306057475507259,0.010511563159525394,0.014146357960999011
rmse,model,phihyd_surface,450,0.012518403679132461,0.010584522970020771,0.014365681819617747
rmse,model,phihyd_surface,460,0.012736335955560207,0.010737199895083904,0.014600951969623565
rmse,model,phihyd_surface,470,0.012958359656234581,0.01091867107897997,0.014784064702689647
rmse,model,phihyd_surface,480,0.013175544825692971,0.011019071564078331,0.015020503848791122
rmse,model,phihyd_surface,490,0.01339279655367136,0.011119408719241618,0.01532912403345108
rmse,model,phihyd_surface,500,0.013624970366557439,0.0112852917984128,0.015484815835952757
rmse,model,phihyd_surface,510,0.013842585682868957,0.01154394019395113,0.01578565686941147
rmse,model,phihyd_surface,520,0.014022485973934332,0.01166705396026373,0.01600692197680473
rmse,model,phihyd_surface,530,0.014214453349510828,0.01173477228730917,0.01615895368158817
rmse,model,phihyd_surface,540,0.014415111889441808,0.01189490668475628,0.016388994827866554
rmse,model,phihyd_surface,550,0.014597024147709211,0.012137125991284848,0.016599202156066892
rmse,model,phihyd_surface,560,0.01474870058397452,0.012324094958603381,0.016712407022714613
rmse,model,phihyd_surface,570,0.014884737506508827,0.012420500814914703,0.016861994937062263
rmse,model,phihyd_surface,580,0.015037027249733607,0.012633789144456387,0.016915354132652282
rmse,model,phihyd_surface,590,0.015196492336690426,0.012836616858839989,0.01707843467593193
rmse,model,phihyd_surface,600,0.015379760290185611,0.012960102781653405,0.01735863424837589
rmse,model,phihyd_surface,610,0.015512542488674322,0.013182159140706062,0.017381568625569343
rmse,model,phihyd_surface,620,0.0156365637977918,0.01346819382160902,0.017510516569018364
rmse,model,phihyd_surface,630,0.01568611680219571,0.013442425429821015,0.017629838734865188
rmse,model,phihyd_surface,640,0.015795749984681605,0.013758574053645134,0.017716189846396446
rmse,model,phihyd_surface,650,0.015958285828431448,0.014117500558495522,0.01781495213508606
rmse,model,phihyd_surface,660,0.016063325790067515,0.014174610562622546,0.018004356324672698
rmse,model,phihyd_surface,670,0.016167485030988853,0.014210021495819092,0.018192484602332113
rmse,model,phihyd_surface,680,0.016312534858783086,0.014564231783151627,0.018391400948166846
rmse,model,phihyd_surface,690,0.01641439044227203,0.014864280447363853,0.018713075295090673
rmse,model,phihyd_surface,700,0.016462565027177335,0.014852603524923324,0.01878678686916828
rmse,model,phihyd_surface,710,0.01655189525336027,0.015017847530543804,0.01886044107377529
rmse,model,phihyd_surface,720,0.016702991848190626,0.01541390512138605,0.019015143066644667
rmse,model,phihyd_surface,730,0.01679469576726357,0.015636097453534604,0.019113391637802124
rmse,model,phihyd_surface,740,0.016863935440778733,0.01577400863170624,0.019242279976606366
rmse,model,phihyd_surface,750,0.016997578367590905,0.015956541895866393,0.019507525488734245
rmse,model,phihyd_surface,760,0.017126228536168735,0.01597476899623871,0.01963021457195282
rmse,model,phihyd_surface,770,0.017296147470672926,0.015995988994836806,0.019940581545233725
rmse,model,phihyd_surface,780,0.0174958698451519,0.01625322662293911,0.02020725682377815
rmse,model,phihyd_surface,790,0.017653172959884007,0.01652938947081566,0.020318879932165145
rmse,model,phihyd_surface,800,0.017694207156697908,0.016389871761202813,0.020343882218003272
rmse,model,phihyd_surface,810,0.01784283307691415,0.016513584554195403,0.020537535101175307
rmse,model,phihyd_surface,820,0.01800929767390092,0.016651515290141104,0.020707804709672928
rmse,model,phihyd_surface,830,0.01811334987481435,0.016675300151109695,0.020958916097879407
rmse,model,phihyd_surface,840,0.01823557118574778,0.016723859682679178,0.021248065680265424
rmse,model,phihyd_surface,850,0.01835528053343296,0.01666223332285881,0.021474313363432883
rmse,model,phihyd_surface,860,0.01846064900358518,0.01680384799838066,0.021264221891760825
rmse,model,phihyd_surface,870,0.01851572183271249,0.017072215676307678,0.02123838700354099
rmse,model,phihyd_surface,880,0.018584772696097693,0.01707967258989811,0.02117916457355022
rmse,model,phihyd_surface,890,0.018735118955373765,0.017226944118738173,0.02136334963142872
rmse,model,phihyd_surface,900,0.01883668899536133,0.017484283447265624,0.021435943245887754
rmse,model,phihyd_surface,910,0.018883903324604035,0.01771951764822006,0.02151246853172779
rmse,model,phihyd_surface,920,0.01896682990094026,0.017767176032066345,0.021583925932645798
rmse,model,phihyd_surface,930,0.019045053422451018,0.017801748216152193,0.02161893770098686
rmse,model,phihyd_surface,940,0.019136700158317883,0.017741889879107475,0.02173011563718319
rmse,model,phihyd_surface,950,0.019209109619259833,0.01781708635389805,0.021614157035946845
rmse,model,phihyd_surface,960,0.019255871698260308,0.017819029465317725,0.021601859852671622
rmse,model,phihyd_surface,970,0.019238960494597755,0.017741132527589798,0.021602578461170197
rmse,model,phihyd_surface,980,0.01928996170560519,0.017767437547445298,0.021633435413241385
rmse,model,phihyd_surface,990,0.01936717554926872,0.017845795676112174,0.021569209918379784
rmse,model,phihyd_surface,1000,0.01940715325375398,0.017778652161359786,0.021726912632584573
rmse,model,phihyd_surface,1010,0.019472671672701836,0.017592427507042884,0.022013254091143606
rmse,model,phihyd_surface,1020,0.0195378128439188,0.01753203421831131,0.022128598392009733
rmse,model,phihyd_surface,1030,0.01965955806275209,0.01786363758146763,0.0220663920044899
rmse,model,phihyd_surface,1040,0.01972870168586572,0.01779787577688694,0.0222588449716568
rmse,model,phihyd_surface,1050,0.019814623768130937,0.017667419090867043,0.022457055002450942
rmse,model,phihyd_surface,1060,0.019987606878081956,0.018018027767539024,0.022434040904045105
rmse,model,phihyd_surface,1070,0.020150615771611532,0.01777813322842121,0.02251027412712574
rmse,model,phihyd_surface,1080,0.02023963083823522,0.01764737404882908,0.022747448086738585
rmse,model,phihyd_surface,1090,0.020377000545461973,0.017885603383183478,0.023044093698263168
rmse,model,phihyd_surface,1100,0.020520144576827683,0.017989102005958556,0.023143964260816573
rmse,model,phihyd_surface,1110,0.020686331763863565,0.017925157397985458,0.02318655326962471
rmse,model,phihyd_surface,1120,0.020808081949750583,0.01812097765505314,0.023077141866087912
rmse,model,phihyd_surface,1130,0.020927977561950684,0.018207716941833495,0.02310328185558319
rmse,model,phihyd_surface,1140,0.02092921311656634,0.018105066567659377,0.023290734365582468
rmse,model,phihyd_surface,1150,0.021050667886932693,0.018534879386425018,0.023321069404482843
rmse,model,phihyd_surface,1160,0.021252062792579334,0.01891249530017376,0.023471642658114432
rmse,model,phihyd_surface,1170,0.0213604682435592,0.01877276487648487,0.023508089780807494
rmse,model,phihyd_surface,1180,0.021485345562299092,0.018969521299004553,0.023636699467897416
rmse,model,phihyd_surface,1190,0.02163672956327597,0.019227275252342226,0.023700688779354096
rmse,model,phihyd_surface,1200,0.021804054329792658,0.019526790454983713,0.02394622638821602
rmse,model,phihyd_surface,1210,0.02188658304512501,0.019612588733434678,0.023930981010198592
rmse,model,phihyd_surface,1220,0.021952135115861894,0.01968151405453682,0.023979416117072105
rmse,model,phihyd_surface,1230,0.022098275646567345,0.019869326800107955,0.024078880995512007
rmse,model,phihyd_surface,1240,0.02219377780954043,0.019579049572348593,0.024153490364551545
rmse,model,phihyd_surface,1250,0.022088737909992537,0.019515617936849593,0.024007454141974447
rmse,model,phihyd_surface,1260,0.022130027040839197,0.019827741011977196,0.02387426532804966
rmse,model,phihyd_surface,1270,0.022186974063515663,0.01970755271613598,0.02409585118293762
rmse,model,phihyd_surface,1280,0.02228389196097851,0.019706401601433755,0.02406107485294342
rmse,model,phihyd_surface,1290,0.022359186410903932,0.02016601264476776,0.023957027494907378
rmse,model,phihyd_surface,1300,0.022486521303653716,0.0204936146736145,0.02407061606645584
rmse,model,phihyd_surface,1310,0.022385124117136,0.019949180632829668,0.024333759769797323
rmse,model,phihyd_surface,1320,0.0224497369180123,0.02054249383509159,0.024230813235044477
rmse,model,phihyd_surface,1330,0.022625427568952243,0.021417640894651414,0.02434765286743641
rmse,model,phihyd_surface,1340,0.02262173257768154,0.021151353418827058,0.02442282661795616
rmse,model,phihyd_surface,1350,0.022614390403032304,0.020996059849858285,0.024423787742853163
rmse,model,phihyd_surface,1360,0.022866393004854522,0.021784719824790955,0.024423592537641526
rmse,model,phihyd_surface,1370,0.022998447343707085,0.02193514220416546,0.0248185433447361
rmse,model,phihyd_surface,1380,0.022982882584134737,0.021977096050977706,0.025415779277682304
rmse,model,phihyd_surface,1390,0.022957285741964976,0.022067130729556083,0.024973922595381736
rmse,model,phihyd_surface,1400,0.023208050926526388,0.02225981131196022,0.02543235160410404
rmse,model,phihyd_surface,1410,0.023366339132189752,0.022019827738404274,0.025990783423185348
rmse,model,phihyd_surface,1420,0.023350645477573078,0.022040297091007233,0.02570602223277092
rmse,model,phihyd_surface,1430,0.023552152266105016,0.0222853921353817,0.025967928767204284
rmse,model,phihyd_surface,1440,0.023691054061055185,0.02251063473522663,0.02681378312408924
rmse,model,phihyd_surface,1450,0.023746037607391676,0.022016306594014167,0.026778817176818848
rmse,model,phihyd_surface,1460,0.023962334295113883,0.022446299344301222,0.026522145420312882
rmse,model,phihyd_surface,1470,0.02431863993406296,0.022822622582316397,0.026417411491274835
rmse,model,phihyd_surface,1480,0.02424034054080645,0.022869902849197387,0.02669440358877182
rmse,model,phihyd_surface,1490,0.024317736799518267,0.022789281234145163,0.02660556584596634
rmse,model,phihyd_surface,1500,0.02470594470699628,0.023062019050121306,0.02706083096563816
rmse,model,phihyd_surface,1510,0.024887348587314288,0.02299366220831871,0.027413973212242124
rmse,model,phihyd_surface,1520,0.02476140099267165,0.023236742243170738,0.026884816586971283
rmse,model,phihyd_surface,1530,0.025069183856248855,0.023907751217484473,0.02700134925544262
rmse,model,phihyd_surface,1540,0.025359509388605754,0.024287813529372215,0.027467692270874977
rmse,model,phihyd_surface,1550,0.025355089207490286,0.024010927230119706,0.02741834819316864
rmse,model,phihyd_surface,1560,0.025202718252937,0.024010296911001205,0.027034985646605492
rmse,model,phihyd_surface,1570,0.02550323059161504,0.02435324490070343,0.02750037908554077
rmse,model,phihyd_surface,1580,0.02564726062119007,0.0246136661618948,0.027338146045804024
rmse,model,phihyd_surface,1590,0.025661385556062063,0.024584879353642463,0.027348387241363525
rmse,model,phihyd_surface,1600,0.025727619727452595,0.024860704317688942,0.027412734180688857
rmse,model,phihyd_surface,1610,0.02600071964164575,0.024964998289942742,0.02804342210292816
rmse,model,phihyd_surface,1620,0.02581884115934372,0.02435006983578205,0.02798103354871273
rmse,model,phihyd_surface,1630,0.025927607839306196,0.024279988929629327,0.02754984013736248
rmse,model,phihyd_surface,1640,0.02623151826361815,0.025085645169019698,0.02781120501458645
rmse,model,phihyd_surface,1650,0.026111126815279325,0.0246708519756794,0.027744083479046822
rmse,model,phihyd_surface,1660,0.025950994963447254,0.024368375167250635,0.02787463366985321
rmse,model,phihyd_surface,1670,0.026308603584766388,0.02482869289815426,0.028155657276511193
rmse,model,phihyd_surface,1680,0.02657420883576075,0.024846652895212172,0.028517584130167962
rmse,model,phihyd_surface,1690,0.026358313485980035,0.024572275578975677,0.028051353245973586
rmse,model,phihyd_surface,1700,0.026479833573102952,0.024713900312781333,0.028512769564986228
rmse,model,phihyd_surface,1710,0.02686941164235274,0.025050770863890647,0.028724095597863198
rmse,model,phihyd_surface,1720,0.02700284185508887,0.02519770972430706,0.02876741848886013
rmse,model,phihyd_surface,1730,0.026902865370114645,0.025628986582159997,0.02843543849885464
rmse,model,phihyd_surface,1740,0.02712991473575433,0.02564573958516121,0.028717034310102463
rmse,model,phihyd_surface,1750,0.027358327557643256,0.025735706835985184,0.028661273792386054
rmse,model,phihyd_surface,1760,0.027506589392820992,0.025739415362477303,0.028907186537981033
rmse,model,phihyd_surface,1770,0.027524022137125334,0.025755729898810385,0.029391832649707794
rmse,model,phihyd_surface,1780,0.027933649718761444,0.026397324353456496,0.030051178485155105
rmse,model,phihyd_surface,1790,0.02779415374000867,0.025374674797058107,0.030024169012904167
rmse,model,phihyd_surface,1800,0.027965891857941946,0.026108050346374513,0.03036574125289917
rmse,model,phihyd_surface,1810,0.02826004723707835,0.026274918764829635,0.030050082132220268
rmse,model,phihyd_surface,1820,0.0283946609745423,0.02656632550060749,0.0303902730345726
rmse,model,phihyd_surface,1830,0.028086420396963754,0.025813613086938858,0.030590468272566795
rmse,model,phihyd_surface,1840,0.028437994544704755,0.026484403014183044,0.030526885017752647
rmse,model,phihyd_surface,1850,0.02891766627629598,0.026991526782512664,0.0313327357172966
rmse,model,phihyd_surface,1860,0.028820253287752468,0.027039306238293648,0.030852632969617842
rmse,model,phihyd_surface,1870,0.028767784809072813,0.026552734896540642,0.03106582388281822
rmse,model,phihyd_surface,1880,0.029185389479001362,0.027823693305253982,0.031477559357881546
rmse,model,phihyd_surface,1890,0.02946155679722627,0.027431366220116615,0.031737709790468215
rmse,model,phihyd_surface,1900,0.029307283212741217,0.027891966700553893,0.03112291395664215
rmse,model,phihyd_surface,1910,0.02929378698269526,0.027956314384937286,0.0311641164124012
rmse,model,phihyd_surface,1920,0.02944834195077419,0.027829769998788834,0.031036339700222015
rmse,model,phihyd_surface,1930,0.02940146947900454,0.027568649873137473,0.03101926073431969
rmse,model,phihyd_surface,1940,0.02931601305802663,0.027688400447368623,0.031005705147981642
rmse,model,phihyd_surface,1950,0.029549992829561233,0.027831843867897988,0.03125114142894745
rmse,model,phihyd_surface,1960,0.029412145788470904,0.027668559178709983,0.031741219013929366
rmse,model,phihyd_surface,1970,0.02945280261337757,0.027839374169707297,0.031203693896532058
rmse,model,phihyd_surface,1980,0.029704054072499275,0.028814439103007315,0.031511164456605914
rmse,model,phihyd_surface,1990,0.029994281008839607,0.02873315066099167,0.031767378002405165
rmse,model,phihyd_surface,2000,0.029600354780753454,0.027667690813541413,0.0317024827003479
rmse,climatology,phihyd_surface,0,0.05692157025138537,0.0540118932723999,0.06075506955385208
rmse,climatology,phihyd_surface,10,0.056680009017388025,0.05367028638720513,0.06037708297371864
rmse,climatology,phihyd_surface,20,0.05694338803490003,0.05384332314133644,0.06084540709853172
rmse,climatology,phihyd_surface,30,0.057446611920992534,0.05423908606171608,0.060870414972305296
rmse,climatology,phihyd_surface,40,0.057454103728135426,0.05363750085234642,0.0611496739089489
rmse,climatology,phihyd_surface,50,0.057469504823287325,0.05428253337740898,0.06128906905651092
rmse,climatology,phihyd_surface,60,0.057764495412508644,0.054917764663696286,0.061568853259086606
rmse,climatology,phihyd_surface,70,0.057812611510356264,0.05439188927412033,0.06136211305856704
rmse,climatology,phihyd_surface,80,0.05779709865649541,0.0544616349041462,0.06104524731636047
rmse,climatology,phihyd_surface,90,0.05823042243719101,0.054851552844047545,0.061501675844192506
rmse,climatology,phihyd_surface,100,0.058571910858154295,0.05556148514151573,0.06224257200956344
rmse,climatology,phihyd_surface,110,0.05832597240805626,0.05456456691026688,0.062055636942386624
rmse,climatology,phihyd_surface,120,0.05838046645124753,0.0552049845457077,0.06185265481472015
rmse,climatology,phihyd_surface,130,0.058862271656592684,0.056280724704265594,0.06226893961429596
rmse,climatology,phihyd_surface,140,0.05890630135933558,0.055307308584451674,0.06234569996595383
rmse,climatology,phihyd_surface,150,0.058795631925265,0.055010396242141726,0.06245765537023544
rmse,climatology,phihyd_surface,160,0.059227278580268224,0.055673220008611676,0.06248127669095993
rmse,climatology,phihyd_surface,170,0.0593919758995374,0.05608486458659172,0.06336658149957657
rmse,climatology,phihyd_surface,180,0.05913980553547541,0.05560798794031143,0.06322231292724609
rmse,climatology,phihyd_surface,190,0.05930270453294118,0.05560361742973328,0.06361835449934006
rmse,climatology,phihyd_surface,200,0.05977260222037633,0.0562749944627285,0.06364061832427978
rmse,climatology,phihyd_surface,210,0.05977979078888893,0.055629491060972217,0.06387710720300674
rmse,climatology,phihyd_surface,220,0.059729818751414615,0.05552392974495888,0.0639174908399582
rmse,climatology,phihyd_surface,230,0.05998009741306305,0.05623206943273544,0.06413090825080872
rmse,climatology,phihyd_surface,240,0.060027102132638295,0.056172411888837814,0.06374824345111847
rmse,climatology,phihyd_surface,250,0.05995760038495064,0.055935739725828174,0.06330418288707733
rmse,climatology,phihyd_surface,260,0.060308658083279926,0.056830041110515594,0.0638186901807785
rmse,climatology,phihyd_surface,270,0.06065331523617109,0.05662447139620781,0.06455380767583847
rmse,climatology,phihyd_surface,280,0.060408310343821846,0.055542159080505374,0.06437153369188309
rmse,climatology,phihyd_surface,290,0.060378834356864294,0.05614174604415893,0.06424322873353958
rmse,climatology,phihyd_surface,300,0.060835018505652746,0.05727676749229431,0.06441317796707154
rmse,climatology,phihyd_surface,310,0.06092786093552907,0.05653144121170044,0.06424515843391418
rmse,climatology,phihyd_surface,320,0.06076440364122391,0.05623466148972511,0.06415620446205139
rmse,climatology,phihyd_surface,330,0.06115221704045932,0.057151006907224654,0.06424508988857269
rmse,climatology,phihyd_surface,340,0.06138925676544507,0.05764157474040985,0.0649036094546318
rmse,climatology,phihyd_surface,350,0.06119506061077118,0.05739986523985863,0.06481354087591171
rmse,climatology,phihyd_surface,360,0.06133954251805941,0.05728352516889572,0.06510765999555587
rmse,climatology,phihyd_surface,370,0.061872268964846926,0.05792978852987289,0.06517649292945862
rmse,climatology,phihyd_surface,380,0.06199516380826632,0.057432716339826585,0.06543024182319641
rmse,climatology,phihyd_surface,390,0.06198998764157295,0.05779837444424629,0.06556831300258636
rmse,climatology,phihyd_surface,400,0.062293627361456556,0.058491166681051254,0.06596781015396118
rmse,climatology,phihyd_surface,410,0.062442297488451,0.05825912728905678,0.06599228531122207
rmse,climatology,phihyd_surface,420,0.06242025246222814,0.05794728249311447,0.06558659225702286
rmse,climatology,phihyd_surface,430,0.062762417892615,0.05885829702019692,0.06606810241937637
rmse,climatology,phihyd_surface,440,0.06317219361662865,0.05912090167403221,0.06672806590795517
rmse,climatology,phihyd_surface,450,0.06301639502247175,0.058131230622529985,0.06668462157249451
rmse,climatology,phihyd_surface,460,0.06298208609223366,0.05840150192379952,0.06662967056035995
rmse,climatology,phihyd_surface,470,0.06345696076750755,0.05980171412229538,0.06670883595943451
rmse,climatology,phihyd_surface,480,0.06364863117535909,0.05933931693434715,0.06689698845148087
rmse,climatology,phihyd_surface,490,0.06349440515041352,0.058671087771654126,0.0667315036058426
rmse,climatology,phihyd_surface,500,0.06383654524882634,0.05955568253993988,0.06678965836763381
rmse,climatology,phihyd_surface,510,0.0641077975432078,0.06015075296163559,0.06744753420352936
rmse,climatology,phihyd_surface,520,0.06394057770570119,0.05998289659619331,0.06756779104471207
rmse,climatology,phihyd_surface,530,0.06401904573043188,0.05976750776171684,0.0676952913403511
rmse,climatology,phihyd_surface,540,0.0645153840382894,0.06048252657055855,0.06781647205352784
rmse,climatology,phihyd_surface,550,0.0646311655640602,0.05994043275713921,0.06802677810192108
rmse,climatology,phihyd_surface,560,0.06453656579057375,0.05998754277825356,0.06790613681077957
rmse,climatology,phihyd_surface,570,0.06474194129308065,0.060726483911275865,0.06819631457328797
rmse,climatology,phihyd_surface,580,0.06484273374080658,0.06062316745519638,0.06818518936634063
rmse,climatology,phihyd_surface,590,0.06473097776373228,0.06019945740699768,0.0677907258272171
rmse,climatology,phihyd_surface,600,0.06492720146973928,0.06103810369968414,0.06781469285488129
rmse,climatology,phihyd_surface,610,0.06525187293688456,0.061425799131393434,0.06837361603975296
rmse,climatology,phihyd_surface,620,0.06504991576075554,0.0605489231646061,0.06846066415309907
rmse,climatology,phihyd_surface,630,0.06490104297796885,0.06062305271625519,0.0684202641248703
rmse,climatology,phihyd_surface,640,0.06531135588884354,0.06204385906457901,0.06836063712835312
rmse,climatology,phihyd_surface,650,0.06555694863200187,0.061809518933296205,0.06876436620950699
rmse,climatology,phihyd_surface,660,0.06541104912757874,0.061003798991441725,0.06861963719129563
rmse,climatology,phihyd_surface,670,0.06570803076028824,0.061936506628990175,0.0688043013215065
rmse,climatology,phihyd_surface,680,0.0660092497865359,0.062600277364254,0.0692927896976471
rmse,climatology,phihyd_surface,690,0.0658518247306347,0.06251320242881775,0.06977245509624481
rmse,climatology,phihyd_surface,700,0.06584160402417183,0.06241929233074188,0.06980532109737396
rmse,climatology,phihyd_surface,710,0.06630083546042442,0.06296867281198501,0.06997156739234925
rmse,climatology,phihyd_surface,720,0.06648046374320984,0.062468376755714414,0.07018117904663086
rmse,climatology,phihyd_surface,730,0.06641964713732401,0.06260938346385955,0.07019177228212356
rmse,climatology,phihyd_surface,740,0.06664885804057122,0.06345040500164031,0.07059156149625778
rmse,climatology,phihyd_surface,750,0.06683835089206695,0.06345011740922928,0.0707003727555275
rmse,climatology,phihyd_surface,760,0.06681650504469872,0.06288141608238221,0.07037393897771835
rmse,climatology,phihyd_surface,770,0.06707796951134999,0.0636759877204895,0.07060198932886123
rmse,climatology,phihyd_surface,780,0.06754937469959259,0.06427071988582611,0.07117386013269425
rmse,climatology,phihyd_surface,790,0.06753469879428546,0.06359432190656662,0.07149288803339005
rmse,climatology,phihyd_surface,800,0.06743075003226598,0.06349241882562637,0.07149431854486465
rmse,climatology,phihyd_surface,810,0.06782886336247126,0.0648969516158104,0.0713901087641716
rmse,climatology,phihyd_surface,820,0.06812459776798883,0.06491313874721527,0.0719097688794136
rmse,climatology,phihyd_surface,830,0.06798334966103235,0.06410926282405853,0.07158269584178925
rmse,climatology,phihyd_surface,840,0.06821932643651962,0.06457338482141495,0.07177293300628662
rmse,climatology,phihyd_surface,850,0.06853639433781306,0.06560182124376297,0.07200665324926377
rmse,climatology,phihyd_surface,860,0.06839062025149663,0.0655621588230133,0.07204246073961258
rmse,climatology,phihyd_surface,870,0.06830141643683116,0.06521108746528625,0.07175869345664979
rmse,climatology,phihyd_surface,880,0.06871830274661382,0.06573315560817719,0.07197325229644776
rmse,climatology,phihyd_surface,890,0.06895308246215184,0.06555509567260742,0.07220278680324554
rmse,climatology,phihyd_surface,900,0.06890016992886862,0.06515448391437531,0.07240539491176605
rmse,climatology,phihyd_surface,910,0.06908411085605622,0.06562727093696594,0.07289955019950867
rmse,climatology,phihyd_surface,920,0.06925471325715384,0.06586232334375382,0.07299630343914032
rmse,climatology,phihyd_surface,930,0.06918003112077713,0.06542624533176422,0.0726561963558197
rmse,climatology,phihyd_surface,940,0.0693193236986796,0.06592341363430024,0.0728282243013382
rmse,climatology,phihyd_surface,950,0.06971457004547119,0.06607861071825027,0.07327287346124649
rmse,climatology,phihyd_surface,960,0.06969102174043655,0.0654661476612091,0.07342355102300643
rmse,climatology,phihyd_surface,970,0.0695037176211675,0.06514701396226882,0.07324914932250977
rmse,climatology,phihyd_surface,980,0.06981508036454519,0.06634537130594254,0.07320066839456559
rmse,climatology,phihyd_surface,990,0.07012118597825369,0.06629467904567718,0.07356815040111542
rmse,climatology,phihyd_surface,1000,0.06997173925240835,0.06553266793489457,0.07312462031841278
rmse,climatology,phihyd_surface,1010,0.07013312727212906,0.06612063795328141,0.07337591648101807
rmse,climatology,phihyd_surface,1020,0.07049078692992529,0.06641355156898499,0.07354060113430023
rmse,climatology,phihyd_surface,1030,0.07044793864091238,0.06647260189056396,0.07415570914745331
rmse,climatology,phihyd_surface,1040,0.07039273877938589,0.0662717029452324,0.07396337389945984
rmse,climatology,phihyd_surface,1050,0.07083370685577392,0.06690557450056075,0.07427409887313843
rmse,climatology,phihyd_surface,1060,0.07115377386411031,0.06656282246112824,0.07435140013694763
rmse,climatology,phihyd_surface,1070,0.07115020056565603,0.06656177788972854,0.07457352876663208
rmse,climatology,phihyd_surface,1080,0.07136312127113342,0.0672287479043007,0.07503714859485626
rmse,climatology,phihyd_surface,1090,0.07162613968054453,0.06766646653413773,0.07524458318948746
rmse,climatology,phihyd_surface,1100,0.07162835896015167,0.06683275401592255,0.07495339214801788
rmse,climatology,phihyd_surface,1110,0.07176018158594767,0.0674424096941948,0.07487977892160416
rmse,climatology,phihyd_surface,1120,0.07214866628249486,0.06819974184036255,0.07515641003847122
rmse,climatology,phihyd_surface,1130,0.0721589187781016,0.06770756095647812,0.0756022185087204
rmse,climatology,phihyd_surface,1140,0.07193963478008907,0.0672881320118904,0.07532519549131393
rmse,climatology,phihyd_surface,1150,0.07222985476255417,0.06845470666885375,0.07507137507200241
rmse,climatology,phihyd_surface,1160,0.07262792686621349,0.06881829798221588,0.075775246322155
rmse,climatology,phihyd_surface,1170,0.0725602368513743,0.06795705556869507,0.07545194029808044
rmse,climatology,phihyd_surface,1180,0.07267973969380061,0.06841475367546082,0.07571099996566773
rmse,climatology,phihyd_surface,1190,0.07305443336566289,0.06912154108285903,0.07585675716400146
rmse,climatology,phihyd_surface,1200,0.07307509630918503,0.06922845393419266,0.07665702700614929
rmse,climatology,phihyd_surface,1210,0.07298866808414459,0.06899158805608749,0.07622971087694168
rmse,climatology,phihyd_surface,1220,0.0733256995677948,0.06940837055444718,0.07653092294931411
rmse,climatology,phihyd_surface,1230,0.07354893386363984,0.06924781948328018,0.07654089331626893
rmse,climatology,phihyd_surface,1240,0.07337459127108256,0.06899127215147019,0.07672089487314224
rmse,climatology,phihyd_surface,1250,0.0733867809176445,0.06964316219091415,0.07682103514671326
rmse,climatology,phihyd_surface,1260,0.07356307407220204,0.07008877992630005,0.07694344073534012
rmse,climatology,phihyd_surface,1270,0.07354514598846436,0.06935083419084549,0.07673077434301376
rmse,climatology,phihyd_surface,1280,0.07363764892021815,0.06978769749403,0.0767656609416008
rmse,climatology,phihyd_surface,1290,0.0740376055240631,0.07045051455497742,0.0768529400229454
rmse,climatology,phihyd_surface,1300,0.07414656480153402,0.07014208137989045,0.07739941924810409
rmse,climatology,phihyd_surface,1310,0.07393090526262919,0.06961499154567719,0.07712427824735642
rmse,climatology,phihyd_surface,1320,0.07412738154331842,0.0706562876701355,0.07703469395637512
rmse,climatology,phihyd_surface,1330,0.07448959946632386,0.07122593224048615,0.07759877890348435
rmse,climatology,phihyd_surface,1340,0.0744293769200643,0.07043402493000031,0.07739463150501251
rmse,climatology,phihyd_surface,1350,0.0744918887813886,0.07071377038955688,0.07767269164323806
rmse,climatology,phihyd_surface,1360,0.07486753116051356,0.07150282114744186,0.07777639478445053
rmse,climatology,phihyd_surface,1370,0.07490825851758322,0.07176849097013474,0.07856562733650208
rmse,climatology,phihyd_surface,1380,0.07477229287226995,0.07154101282358169,0.07829537093639374
rmse,climatology,phihyd_surface,1390,0.07507073581218719,0.07189963310956955,0.07867537289857865
rmse,climatology,phihyd_surface,1400,0.07540774991114935,0.07191538959741592,0.07871362715959548
rmse,climatology,phihyd_surface,1410,0.07538889149824778,0.0717790737748146,0.07894333302974701
rmse,climatology,phihyd_surface,1420,0.07548548579216004,0.07243122905492783,0.07915873974561691
rmse,climatology,phihyd_surface,1430,0.07573437094688415,0.07300751954317093,0.07938239872455596
rmse,climatology,phihyd_surface,1440,0.07575590014457703,0.07233449816703796,0.07928234785795212
rmse,climatology,phihyd_surface,1450,0.07581512828667959,0.07261932641267776,0.07917832732200622
rmse,climatology,phihyd_surface,1460,0.07622155050436656,0.07301418781280518,0.07956441938877105
rmse,climatology,phihyd_surface,1470,0.076456784705321,0.07348747253417968,0.08020341843366623
rmse,climatology,phihyd_surface,1480,0.0763171891371409,0.07286379784345627,0.08004744797945022
rmse,climatology,phihyd_surface,1490,0.07649621764818827,0.07366715669631958,0.07992962151765823
rmse,climatology,phihyd_surface,1500,0.07687220325072606,0.07423707246780395,0.08038027882575989
rmse,climatology,phihyd_surface,1510,0.07683821072181066,0.07331745326519012,0.08023654520511628
rmse,climatology,phihyd_surface,1520,0.07682551294565201,0.07325226068496704,0.08038118034601212
rmse,climatology,phihyd_surface,1530,0.077163465321064,0.0741541862487793,0.08037637025117875
rmse,climatology,phihyd_surface,1540,0.07720060497522355,0.07404913604259492,0.0809181272983551
rmse,climatology,phihyd_surface,1550,0.0770004466176033,0.07363619208335877,0.08032764047384262
rmse,climatology,phihyd_surface,1560,0.07721679260333379,0.07417798042297363,0.08075584471225739
rmse,climatology,phihyd_surface,1570,0.07757302075624466,0.07428430765867233,0.08081723898649215
rmse,climatology,phihyd_surface,1580,0.07757673064867655,0.07395322322845459,0.08113281577825546
rmse,climatology,phihyd_surface,1590,0.07763385673364004,0.07408267557621002,0.08136717975139618
rmse,climatology,phihyd_surface,1600,0.07787857204675674,0.07461673468351364,0.08160435557365417
rmse,climatology,phihyd_surface,1610,0.07791258146365483,0.07438546866178512,0.08140158355236053
rmse,climatology,phihyd_surface,1620,0.07791242301464081,0.07444216758012771,0.08108875155448914
rmse,climatology,phihyd_surface,1630,0.07823084046443303,0.07487311810255051,0.08152918964624405
rmse,climatology,phihyd_surface,1640,0.07844077597061792,0.0747852623462677,0.08203520923852921
rmse,climatology,phihyd_surface,1650,0.07824296901623408,0.07407883256673813,0.08163137584924698
rmse,climatology,phihyd_surface,1660,0.07831674963235855,0.0747125118970871,0.08158945888280869
rmse,climatology,phihyd_surface,1670,0.07868469456831614,0.07535350024700165,0.08182039856910706
rmse,climatology,phihyd_surface,1680,0.07871209780375163,0.07461183071136475,0.081662879884243
rmse,climatology,phihyd_surface,1690,0.07867238720258077,0.07469270080327987,0.08177667111158371
rmse,climatology,phihyd_surface,1700,0.0790339931845665,0.07525292038917542,0.0818263366818428
rmse,climatology,phihyd_surface,1710,0.07919730991125107,0.07543612569570542,0.08244438916444778
rmse,climatology,phihyd_surface,1720,0.07909093002478282,0.07522009760141372,0.0824307844042778
rmse,climatology,phihyd_surface,1730,0.07932202766338985,0.07536506056785583,0.08287565857172012
rmse,climatology,phihyd_surface,1740,0.07975259721279145,0.07571159452199935,0.08295485824346542
rmse,climatology,phihyd_surface,1750,0.07984561920166015,0.0754326418042183,0.08320118635892867
rmse,climatology,phihyd_surface,1760,0.07992210288842519,0.07587989866733551,0.08341194540262223
rmse,climatology,phihyd_surface,1770,0.08020233164230982,0.076484052836895,0.08368216156959533
rmse,climatology,phihyd_surface,1780,0.08029500097036361,0.07606295496225357,0.08363444507122039
rmse,climatology,phihyd_surface,1790,0.08029505411783854,0.07594126760959626,0.08326652348041534
rmse,climatology,phihyd_surface,1800,0.080582195520401,0.07670546621084214,0.08344512283802033
rmse,climatology,phihyd_surface,1810,0.08082535962263743,0.07686355262994767,0.08389799147844315
rmse,climatology,phihyd_surface,1820,0.08065820087989171,0.0761458307504654,0.08381610810756683
rmse,climatology,phihyd_surface,1830,0.08071261445681253,0.07659720033407211,0.08375120759010315
rmse,climatology,phihyd_surface,1840,0.08112095048030217,0.07756310254335404,0.08392696529626846
rmse,climatology,phihyd_surface,1850,0.08123307625452678,0.07704231441020966,0.0840674802660942
rmse,climatology,phihyd_surface,1860,0.08116287887096404,0.0767599567770958,0.08408184051513672
rmse,climatology,phihyd_surface,1870,0.08148393879334132,0.07745583802461624,0.08414220064878464
rmse,climatology,phihyd_surface,1880,0.08167717109123866,0.07786711752414703,0.0846978023648262
rmse,climatology,phihyd_surface,1890,0.08155357191960017,0.0776984602212906,0.08474824577569962
rmse,climatology,phihyd_surface,1900,0.08165500412384669,0.07773183435201644,0.08486632406711578
rmse,climatology,phihyd_surface,1910,0.08196439445018769,0.0781221017241478,0.08486697971820831
rmse,climatology,phihyd_surface,1920,0.08193000058333079,0.07767378985881805,0.08507666885852813
rmse,climatology,phihyd_surface,1930,0.08183421144882838,0.07800686508417129,0.08501246720552444
rmse,climatology,phihyd_surface,1940,0.08201277901728948,0.07864661961793899,0.08517699092626571
rmse,climatology,phihyd_surface,1950,0.0820940429965655,0.07832285910844802,0.08526203483343124
rmse,climatology,phihyd_surface,1960,0.08207200318574906,0.07811755686998367,0.08503737300634384
rmse,climatology,phihyd_surface,1970,0.08233088652292887,0.07884961813688278,0.0850958302617073
rmse,climatology,phihyd_surface,1980,0.08263024489084879,0.07913771271705627,0.0856183111667633
rmse,climatology,phihyd_surface,1990,0.08250818898280461,0.07845491915941238,0.08562885224819183
rmse,climatology,phihyd_surface,2000,0.0824887494246165,0.07873230576515197,0.08563082069158554
rmse,persistence,phihyd_surface,0,0.0,0.0,0.0
rmse,persistence,phihyd_surface,10,0.010350699505458276,0.007396924961358309,0.012786458991467953
rmse,persistence,phihyd_surface,20,0.014682069482902686,0.011606127209961414,0.017236204445362092
rmse,persistence,phihyd_surface,30,0.01813393794000149,0.015945703163743018,0.021325619891285896
rmse,persistence,phihyd_surface,40,0.023417344068487486,0.018077804893255233,0.026974673941731454
rmse,persistence,phihyd_surface,50,0.02690871643523375,0.0225798349827528,0.030930523574352265
rmse,persistence,phihyd_surface,60,0.029418931528925895,0.026224426552653314,0.03442290276288986
rmse,persistence,phihyd_surface,70,0.030977992216746013,0.02609020732343197,0.035264651477336886
rmse,persistence,phihyd_surface,80,0.031150045742591222,0.026520409807562827,0.03484172448515892
rmse,persistence,phihyd_surface,90,0.03239365803698699,0.029249688237905504,0.03540579527616501
rmse,persistence,phihyd_surface,100,0.03225948164860407,0.02844003662467003,0.03502363786101341
rmse,persistence,phihyd_surface,110,0.028799115493893624,0.02590886726975441,0.03185688331723213
rmse,persistence,phihyd_surface,120,0.027389134963353476,0.02412121444940567,0.03053924851119518
rmse,persistence,phihyd_surface,130,0.02531686139603456,0.02194419503211975,0.028098203241825104
rmse,persistence,phihyd_surface,140,0.019774264097213744,0.017686392366886138,0.021753213927149774
rmse,persistence,phihyd_surface,150,0.01693753395229578,0.014315492659807205,0.019125309959053993
rmse,persistence,phihyd_surface,160,0.013396045689781507,0.011218058504164219,0.015376081690192223
rmse,persistence,phihyd_surface,170,0.006632236142953237,0.004543252196162939,0.009211843088269233
rmse,persistence,phihyd_surface,180,0.011823307691762845,0.008746748976409436,0.014190986566245557
rmse,persistence,phihyd_surface,190,0.016097692027688026,0.012788659147918224,0.01925821602344513
rmse,persistence,phihyd_surface,200,0.019039624805251756,0.016452279686927796,0.022971908375620843
rmse,persistence,phihyd_surface,210,0.024049313987294832,0.018796714767813683,0.02754022292792797
rmse,persistence,phihyd_surface,220,0.027587907885511718,0.023236847296357156,0.03174922987818718
rmse,persistence,phihyd_surface,230,0.030012928321957587,0.026738087832927703,0.03505796864628792
rmse,persistence,phihyd_surface,240,0.031689587111274405,0.026756518334150315,0.03599748238921165
rmse,persistence,phihyd_surface,250,0.03183698778351148,0.026816593855619433,0.035109365731477736
rmse,persistence,phihyd_surface,260,0.03293548077344895,0.029743649438023566,0.03579128310084343
rmse,persistence,phihyd_surface,270,0.03314891681075096,0.02931418754160404,0.03606499060988426
rmse,persistence,phihyd_surface,280,0.029847001532713573,0.0267690934240818,0.03242136910557747
rmse,persistence,phihyd_surface,290,0.028183861325184505,0.025087203085422515,0.031074604764580727
rmse,persistence,phihyd_surface,300,0.02646376925210158,0.02315697483718395,0.029269886016845704
rmse,persistence,phihyd_surface,310,0.021231967210769653,0.019354835525155066,0.02302424907684326
rmse,persistence,phihyd_surface,320,0.018106472430129847,0.015506014041602612,0.01979845352470875
rmse,persistence,phihyd_surface,330,0.01524729256828626,0.013539195992052555,0.017163263633847237
rmse,persistence,phihyd_surface,340,0.009172300497690836,0.008277679421007633,0.010142106376588345
rmse,persistence,phihyd_surface,350,0.012626016202072302,0.010895662382245064,0.01424255259335041
rmse,persistence,phihyd_surface,360,0.016900581556061903,0.014311446994543075,0.019180769473314284
rmse,persistence,phihyd_surface,370,0.019475867599248887,0.01741660721600056,0.02277185507118702
rmse,persistence,phihyd_surface,380,0.024261447663108508,0.019709407538175582,0.027329936623573303
rmse,persistence,phihyd_surface,390,0.027897535264492034,0.023581895604729654,0.031319548934698106
rmse,persistence,phihyd_surface,400,0.030309210593501727,0.02748127430677414,0.03459388166666031
rmse,persistence,phihyd_surface,410,0.03214511411885421,0.027954702824354173,0.035905007272958755
rmse,persistence,phihyd_surface,420,0.03233402135471503,0.02764187306165695,0.035950297862291335
rmse,persistence,phihyd_surface,430,0.033307912200689314,0.030546346306800844,0.035950638353824615
rmse,persistence,phihyd_surface,440,0.03383823161323865,0.03021205998957157,0.0365279532968998
rmse,persistence,phihyd_surface,450,0.030779794106880823,0.027307901158928873,0.032785499840974806
rmse,persistence,phihyd_surface,460,0.02894703547159831,0.026230430975556374,0.03116188570857048
rmse,persistence,phihyd_surface,470,0.02760178173581759,0.02469240389764309,0.030172185972332954
rmse,persistence,phihyd_surface,480,0.02272682897746563,0.020048889517784118,0.02528516240417957
rmse,persistence,phihyd_surface,490,0.019417044272025428,0.016272091865539552,0.021892016753554344
rmse,persistence,phihyd_surface,500,0.017260719339052835,0.015129698440432549,0.01884107030928135
rmse,persistence,phihyd_surface,510,0.011779833336671193,0.009526276774704457,0.013660268858075142
rmse,persistence,phihyd_surface,520,0.01391870112468799,0.012113799154758454,0.015439272671937943
rmse,persistence,phihyd_surface,530,0.018156616762280465,0.015942785143852233,0.02013680264353752
rmse,persistence,phihyd_surface,540,0.020421225329240164,0.018827595934271812,0.022957587242126466
rmse,persistence,phihyd_surface,550,0.024809945747256278,0.02096293680369854,0.027190107852220535
rmse,persistence,phihyd_surface,560,0.02843542570869128,0.023658309131860733,0.03112570159137249
rmse,persistence,phihyd_surface,570,0.030779243633151054,0.027541660144925116,0.03446303009986877
rmse,persistence,phihyd_surface,580,0.03265571718414625,0.02897219583392143,0.03620849773287773
rmse,persistence,phihyd_surface,590,0.032802363485097887,0.027523193135857583,0.03677690252661705
rmse,persistence,phihyd_surface,600,0.033551944916447,0.030697905272245408,0.03678645119071007
rmse,persistence,phihyd_surface,610,0.03424744568765163,0.0310493066906929,0.03741757646203041
rmse,persistence,phihyd_surface,620,0.03135509664813677,0.027554421871900558,0.03337596729397774
rmse,persistence,phihyd_surface,630,0.02914568061629931,0.026937657967209816,0.03138257786631584
rmse,persistence,phihyd_surface,640,0.02790232685705026,0.024986476078629492,0.030949989333748817
rmse,persistence,phihyd_surface,650,0.023206911236047744,0.021199171990156175,0.025984431430697442
rmse,persistence,phihyd_surface,660,0.019351106509566306,0.01687808334827423,0.020489643141627312
rmse,persistence,phihyd_surface,670,0.01725222890575727,0.01557402554899454,0.01944032162427902
rmse,persistence,phihyd_surface,680,0.01146235807488362,0.010601694881916045,0.012516424432396889
rmse,persistence,phihyd_surface,690,0.012502745849390824,0.011320210061967373,0.013603144697844982
rmse,persistence,phihyd_surface,700,0.017156605236232282,0.014448689110577107,0.019511164724826814
rmse,persistence,phihyd_surface,710,0.019412266835570336,0.01696406714618206,0.022555357590317727
rmse,persistence,phihyd_surface,720,0.023811874662836394,0.019789475202560424,0.02680824026465416
rmse,persistence,phihyd_surface,730,0.027788942307233812,0.022916229069232942,0.0312685176730156
rmse,persistence,phihyd_surface,740,0.030279692262411118,0.027352772653102875,0.03478817045688629
rmse,persistence,phihyd_surface,750,0.03238491391142209,0.028307559341192244,0.036872217804193495
rmse,persistence,phihyd_surface,760,0.03279062112172445,0.027859998121857642,0.03653308302164078
rmse,persistence,phihyd_surface,770,0.033523587385813396,0.030944444611668585,0.0361083023250103
rmse,persistence,phihyd_surface,780,0.03455326197048028,0.0312642939388752,0.037987370043992996
rmse,persistence,phihyd_surface,790,0.03215041520694892,0.028641016408801078,0.034128396213054656
rmse,persistence,phihyd_surface,800,0.029822831973433495,0.0277636643499136,0.03217482194304466
rmse,persistence,phihyd_surface,810,0.02892669936021169,0.026167741790413857,0.03215961307287216
rmse,persistence,phihyd_surface,820,0.024883761753638586,0.023523998633027076,0.027094386145472528
rmse,persistence,phihyd_surface,830,0.02104124240577221,0.01915645822882652,0.022344033047556878
rmse,persistence,phihyd_surface,840,0.019507469485203426,0.018181844055652617,0.021229855343699457
rmse,persistence,phihyd_surface,850,0.01483286488801241,0.013707287609577179,0.01598438769578934
rmse,persistence,phihyd_surface,860,0.014957618713378907,0.013781049847602844,0.015947993099689483
rmse,persistence,phihyd_surface,870,0.019233235840996107,0.01630372926592827,0.021268192678689957
rmse,persistence,phihyd_surface,880,0.021335350597898164,0.019196679070591926,0.024101774767041208
rmse,persistence,phihyd_surface,890,0.025222550829251608,0.0218167319893837,0.027693600952625276
rmse,persistence,phihyd_surface,900,0.029157927880684536,0.02413007952272892,0.03260806500911713
rmse,persistence,phihyd_surface,910,0.031583875169356665,0.028506096079945566,0.036103449016809466
rmse,persistence,phihyd_surface,920,0.033679926147063576,0.029720456898212434,0.038388483226299286
rmse,persistence,phihyd_surface,930,0.034199609359105425,0.02950829789042473,0.03808400928974152
rmse,persistence,phihyd_surface,940,0.0347293737034003,0.03197851777076721,0.037156792730093
rmse,persistence,phihyd_surface,950,0.03583508481582006,0.032860317081212995,0.0392012894153595
rmse,persistence,phihyd_surface,960,0.0338437436769406,0.03047347590327263,0.03581198155879974
rmse,persistence,phihyd_surface,970,0.03130990937352181,0.029526497051119805,0.03358913511037827
rmse,persistence,phihyd_surface,980,0.030522485822439195,0.027942517027258872,0.03377858325839043
rmse,persistence,phihyd_surface,990,0.026986476530631385,0.02586021237075329,0.029140901193022727
rmse,persistence,phihyd_surface,1000,0.02300859900812308,0.0212261576205492,0.02482767589390278
rmse,persistence,phihyd_surface,1010,0.02168862596154213,0.020151391625404358,0.023360245302319525
rmse,persistence,phihyd_surface,1020,0.01768081064025561,0.0171160988509655,0.018340934067964554
rmse,persistence,phihyd_surface,1030,0.016994884982705117,0.01616986617445946,0.017573219910264015
rmse,persistence,phihyd_surface,1040,0.020957665145397188,0.019063057005405427,0.022584790363907814
rmse,persistence,phihyd_surface,1050,0.022972481325268745,0.021084192395210265,0.02478027381002903
rmse,persistence,phihyd_surface,1060,0.026383720462520917,0.024433116987347604,0.028462260589003564
rmse,persistence,phihyd_surface,1070,0.030296813199917474,0.026173819229006766,0.03253033384680748
rmse,persistence,phihyd_surface,1080,0.0327301266292731,0.02992173843085766,0.03573865592479706
rmse,persistence,phihyd_surface,1090,0.03486239661773046,0.03127204589545727,0.03828358948230744
rmse,persistence,phihyd_surface,1100,0.03556743400792281,0.0317968737334013,0.039331696927547455
rmse,persistence,phihyd_surface,1110,0.03596480712294579,0.033515043556690216,0.03838248401880264
rmse,persistence,phihyd_surface,1120,0.037135319660107295,0.0341089703142643,0.039860257506370546
rmse,persistence,phihyd_surface,1130,0.03558195742468039,0.03210391849279404,0.038269539922475816
rmse,persistence,phihyd_surface,1140,0.03294844689468543,0.031129085272550584,0.035710010677576065
rmse,persistence,phihyd_surface,1150,0.03229650172094504,0.029419141262769698,0.03467889279127121
rmse,persistence,phihyd_surface,1160,0.029325086747606595,0.027425892651081085,0.03185852020978928
rmse,persistence,phihyd_surface,1170,0.025359415511290232,0.0223335362970829,0.028381716459989548
rmse,persistence,phihyd_surface,1180,0.02420365735888481,0.021629226580262183,0.02570384293794632
rmse,persistence,phihyd_surface,1190,0.02083688465257486,0.01897690035402775,0.02256788909435272
rmse,persistence,phihyd_surface,1200,0.019511843596895537,0.0172846969217062,0.021360153332352638
rmse,persistence,phihyd_surface,1210,0.022966912885506948,0.020974411442875863,0.024698641523718833
rmse,persistence,phihyd_surface,1220,0.024843873580296834,0.022842638567090033,0.026731425896286964
rmse,persistence,phihyd_surface,1230,0.02760617497066657,0.025643230974674226,0.028858735412359237
rmse,persistence,phihyd_surface,1240,0.031217039624849955,0.026956301555037497,0.03401622697710991
rmse,persistence,phihyd_surface,1250,0.03349475661913554,0.030190344899892807,0.036481267958879474
rmse,persistence,phihyd_surface,1260,0.03548291996121407,0.032463391125202176,0.038763925433158875
rmse,persistence,phihyd_surface,1270,0.03622281079490979,0.031922328472137454,0.03985166549682617
rmse,persistence,phihyd_surface,1280,0.036391102025906244,0.03295055627822876,0.039516917616128924
rmse,persistence,phihyd_surface,1290,0.03749302874008815,0.0346080906689167,0.040562228113412854
rmse,persistence,phihyd_surface,1300,0.03630220418175061,0.03311789929866791,0.0390614002943039
rmse,persistence,phihyd_surface,1310,0.03343285756806533,0.03145480751991272,0.03595082312822342
rmse,persistence,phihyd_surface,1320,0.032589850823084514,0.029781357571482658,0.03559354543685913
rmse,persistence,phihyd_surface,1330,0.02989503207306067,0.027891645580530165,0.03225742280483246
rmse,persistence,phihyd_surface,1340,0.025670175378521284,0.023810719326138496,0.0273789893835783
rmse,persistence,phihyd_surface,1350,0.024315149709582328,0.02264484167098999,0.02601938582956791
rmse,persistence,phihyd_surface,1360,0.021203271547953286,0.02033059261739254,0.02229989655315876
rmse,persistence,phihyd_surface,1370,0.019202544912695886,0.01877475716173649,0.019582315534353256
rmse,persistence,phihyd_surface,1380,0.022489376117785773,0.020821575820446015,0.024073277413845063
rmse,persistence,phihyd_surface,1390,0.024583929404616355,0.022653133794665336,0.026606502011418343
rmse,persistence,phihyd_surface,1400,0.027215592687328656,0.02533154934644699,0.02960168309509754
rmse,persistence,phihyd_surface,1410,0.031093947341044745,0.0266569834202528,0.03389505669474602
rmse,persistence,phihyd_surface,1420,0.033645895992716154,0.030564599111676215,0.03676505908370018
rmse,persistence,phihyd_surface,1430,0.0357648362716039,0.03293171301484108,0.039831303805112836
rmse,persistence,phihyd_surface,1440,0.03684091418981552,0.032830819487571716,0.04065527021884918
rmse,persistence,phihyd_surface,1450,0.0370574839413166,0.0335024282336235,0.039977063238620755
rmse,persistence,phihyd_surface,1460,0.03824445257584254,0.0353177398443222,0.04120759069919586
rmse,persistence,phihyd_surface,1470,0.03765382294853528,0.03486190885305405,0.0402582012116909
rmse,persistence,phihyd_surface,1480,0.034933980802694956,0.03284262642264366,0.03736530691385269
rmse,persistence,phihyd_surface,1490,0.0341662493844827,0.031553083658218385,0.03738127425312996
rmse,persistence,phihyd_surface,1500,0.032110923528671266,0.029645298421382905,0.034032905101776124
rmse,persistence,phihyd_surface,1510,0.0281651146709919,0.027085895463824273,0.029747981205582617
rmse,persistence,phihyd_surface,1520,0.026868043715755144,0.025429175421595573,0.02878973223268986
rmse,persistence,phihyd_surface,1530,0.02449548455576102,0.023230791091918945,0.025754736363887788
rmse,persistence,phihyd_surface,1540,0.02231584439675013,0.021364734321832658,0.022994916886091232
rmse,persistence,phihyd_surface,1550,0.024981815616289774,0.023270606994628906,0.02631976790726185
rmse,persistence,phihyd_surface,1560,0.027098532890280087,0.02522239610552788,0.02920087017118931
rmse,persistence,phihyd_surface,1570,0.02928162068128586,0.02731477953493595,0.03196834772825241
rmse,persistence,phihyd_surface,1580,0.03290397773186366,0.028763041645288468,0.03551953658461571
rmse,persistence,phihyd_surface,1590,0.0354120671749115,0.03221976384520531,0.03863311111927033
rmse,persistence,phihyd_surface,1600,0.03739361936847369,0.03485353216528893,0.04133057519793511
rmse,persistence,phihyd_surface,1610,0.03857641418774923,0.03461407572031021,0.04188809171319008
rmse,persistence,phihyd_surface,1620,0.038680987308422725,0.03489893153309822,0.04138498902320862
rmse,persistence,phihyd_surface,1630,0.03969701627890269,0.036758401244878766,0.042188648134469986
rmse,persistence,phihyd_surface,1640,0.03945685451229413,0.03669230118393898,0.041643678396940234
rmse,persistence,phihyd_surface,1650,0.036755284667015074,0.03459167182445526,0.03889143243432045
rmse,persistence,phihyd_surface,1660,0.03580593690276146,0.03328031152486801,0.038167980313301084
rmse,persistence,phihyd_surface,1670,0.03415146693587303,0.03202773481607437,0.03612881526350975
rmse,persistence,phihyd_surface,1680,0.030322078118721642,0.028577010333538055,0.0320955827832222
rmse,persistence,phihyd_surface,1690,0.02885657859345277,0.027242830023169518,0.03000202439725399
rmse,persistence,phihyd_surface,1700,0.02696369377275308,0.026158251613378525,0.0279059961438179
rmse,persistence,phihyd_surface,1710,0.02458608311911424,0.023529157787561417,0.025061845034360885
rmse,persistence,phihyd_surface,1720,0.026765187457203864,0.025998124852776527,0.02760164365172386
rmse,persistence,phihyd_surface,1730,0.028983137011528014,0.027615639567375182,0.03012275882065296
rmse,persistence,phihyd_surface,1740,0.030864309147000314,0.029764655232429504,0.03243262320756912
rmse,persistence,phihyd_surface,1750,0.03430485191444556,0.031214124336838723,0.036385031044483186
rmse,persistence,phihyd_surface,1760,0.036879801253477736,0.0340864971280098,0.03917422369122505
rmse,persistence,phihyd_surface,1770,0.038825121521949765,0.036670492589473726,0.04137157574295998
rmse,persistence,phihyd_surface,1780,0.040173110117514926,0.03742381110787392,0.04296167269349098
rmse,persistence,phihyd_surface,1790,0.04028906871875127,0.03697692379355431,0.04323727488517761
rmse,persistence,phihyd_surface,1800,0.0411929560204347,0.038957276940345766,0.04339001402258873
rmse,persistence,phihyd_surface,1810,0.0413031667470932,0.0385241337120533,0.04362638145685196
rmse,persistence,phihyd_surface,1820,0.03877140233914057,0.03622537478804588,0.04139574021100998
rmse,persistence,phihyd_surface,1830,0.03772054041425387,0.03583378940820694,0.03945076018571854
rmse,persistence,phihyd_surface,1840,0.036490966627995176,0.034496673941612245,0.03862573653459549
rmse,persistence,phihyd_surface,1850,0.03290999494493008,0.030423611029982568,0.035226748883724214
rmse,persistence,phihyd_surface,1860,0.031264907618363695,0.02896486297249794,0.032427741587162016
rmse,persistence,phihyd_surface,1870,0.02977820932865143,0.028070341050624847,0.03130779415369034
rmse,persistence,phihyd_surface,1880,0.027287204066912332,0.025437621772289275,0.028844141215085984
rmse,persistence,phihyd_surface,1890,0.02880724680920442,0.027370484545826912,0.03065122663974762
rmse,persistence,phihyd_surface,1900,0.030946833019455274,0.02894211821258068,0.0322759635746479
rmse,persistence,phihyd_surface,1910,0.032394514853755635,0.030985110625624656,0.03370624110102653
rmse,persistence,phihyd_surface,1920,0.03537202775478363,0.03252433016896248,0.03738251477479935
rmse,persistence,phihyd_surface,1930,0.03780812496940295,0.03415103927254677,0.04017809182405472
rmse,persistence,phihyd_surface,1940,0.03957424983382225,0.0369275338947773,0.042310331016778946
rmse,persistence,phihyd_surface,1950,0.04093841512997945,0.03764446824789047,0.0437908448278904
rmse,persistence,phihyd_surface,1960,0.040984607736269635,0.03668266385793686,0.04429667443037033
rmse,persistence,phihyd_surface,1970,0.041677213211854296,0.03903843238949776,0.044561658054590225
rmse,persistence,phihyd_surface,1980,0.04203392490744591,0.03937948271632195,0.044943101704120636
rmse,persistence,phihyd_surface,1990,0.039624132712682086,0.03683935254812241,0.04121319428086281
rmse,persistence,phihyd_surface,2000,0.038242372870445254,0.036230454593896864,0.040171122550964354
rmse,model,sst,0,0.0,0.0,0.0
rmse,model,sst,10,0.006928710297991832,0.0061204018071293834,0.00767818158492446
rmse,model,sst,20,0.009552106106032928,0.008250856585800648,0.010514586232602596
rmse,model,sst,30,0.010865073030193647,0.008836427703499794,0.012373143434524536
rmse,model,sst,40,0.01196751973281304,0.009739123284816742,0.013615467958152295
rmse,model,sst,50,0.012697510980069637,0.010369150526821613,0.014780152030289173
rmse,model,sst,60,0.013376409063736598,0.011243107914924621,0.015431584231555462
rmse,model,sst,70,0.014040274855991205,0.011323412694036961,0.016264277324080468
rmse,model,sst,80,0.014577235716084639,0.0115571403875947,0.016818583011627197
rmse,model,sst,90,0.015107300194601218,0.012075313180685044,0.017271200940012933
rmse,model,sst,100,0.015371214350064595,0.012865819782018662,0.01775967627763748
rmse,model,sst,110,0.015639782572786014,0.01352291963994503,0.017719798907637595
rmse,model,sst,120,0.01589443317304055,0.013402646034955978,0.017917951196432115
rmse,model,sst,130,0.01638090206931035,0.013880931958556175,0.01802721843123436
rmse,model,sst,140,0.016948840270439785,0.014490043558180333,0.018575119599699975
rmse,model,sst,150,0.01734879290064176,0.015304566919803619,0.018958481773734093
rmse,model,sst,160,0.017452542794247468,0.015975117310881616,0.019290715083479883
rmse,model,sst,170,0.017679776437580584,0.016753661260008813,0.019357039406895638
rmse,model,sst,180,0.01796721530457338,0.016879882663488388,0.019301748648285866
rmse,model,sst,190,0.018421833341320356,0.01723802648484707,0.01940829083323479
rmse,model,sst,200,0.018824053307374317,0.01775723360478878,0.019700101390480996
rmse,model,sst,210,0.01919823351005713,0.01836887337267399,0.020001286268234254
rmse,model,sst,220,0.019266352429986,0.018305111676454544,0.020286263898015022
rmse,model,sst,230,0.019548624381422998,0.018269134685397148,0.020823822170495988
rmse,model,sst,240,0.02008697601656119,0.01873401030898094,0.02180616147816181
rmse,model,sst,250,0.020596295595169067,0.019366797432303427,0.022512612864375114
rmse,model,sst,260,0.020897288993000983,0.019579895213246344,0.023022982850670812
rmse,model,sst,270,0.02101532630622387,0.019994470104575158,0.023310178145766258
rmse,model,sst,280,0.0210882601638635,0.019959839060902596,0.023135991767048836
rmse,model,sst,290,0.021269321690003076,0.019939032942056657,0.022888876870274542
rmse,model,sst,300,0.02169948729375998,0.02016467899084091,0.023414472118020058
rmse,model,sst,310,0.02214529924094677,0.020621950551867486,0.0238221850246191
rmse,model,sst,320,0.022358086829384168,0.020383566617965698,0.02431436777114868
rmse,model,sst,330,0.022461518521110217,0.020670372620224954,0.024934256821870802
rmse,model,sst,340,0.022679618125160537,0.021002456173300744,0.025305592268705365
rmse,model,sst,350,0.02294077364106973,0.021390973776578903,0.025840694084763527
rmse,model,sst,360,0.02338934801518917,0.021221478655934333,0.026078127697110175
rmse,model,sst,370,0.023773205280303956,0.021326857060194014,0.026297510415315625
rmse,model,sst,380,0.024015449484189353,0.021711666136980057,0.026849518716335296
rmse,model,sst,390,0.02409841070572535,0.021982615068554878,0.027322179079055785
rmse,model,sst,400,0.02437721925477187,0.022466420382261276,0.027412573993206023
rmse,model,sst,410,0.024770417933662733,0.022491684928536416,0.0277909517288208
rmse,model,sst,420,0.025352554271618526,0.02264249175786972,0.028296697512269018
rmse,model,sst,430,0.025915116692582767,0.02311076931655407,0.028931340947747228
rmse,model,sst,440,0.02620020161072413,0.023521100357174873,0.029827475547790527
rmse,model,sst,450,0.026455847173929216,0.02406429760158062,0.029978120326995848
rmse,model,sst,460,0.026988770564397177,0.024961281940340994,0.030160524696111676
rmse,model,sst,470,0.02766828251381715,0.025357282534241677,0.030790409445762633
rmse,model,sst,480,0.028270605454842248,0.025186045095324516,0.0317716047167778
rmse,model,sst,490,0.028829192618529002,0.025310616567730905,0.032806008309125896
rmse,model,sst,500,0.029304049784938495,0.025829427316784857,0.0335703931748867
rmse,model,sst,510,0.030000833918650945,0.026745785400271414,0.034760617464780805
rmse,model,sst,520,0.030685427164038024,0.027446741983294488,0.03585050031542778
rmse,model,sst,530,0.031384794414043425,0.027510840073227884,0.036151515692472456
rmse,model,sst,540,0.03205488001306852,0.02759048044681549,0.036476413160562514
rmse,model,sst,550,0.0327512310196956,0.028463111817836763,0.037195068597793576
rmse,model,sst,560,0.03329184614121914,0.029078739508986474,0.03794400319457054
rmse,model,sst,570,0.03370986990630627,0.02932661846280098,0.03784729391336441
rmse,model,sst,580,0.03420357505480449,0.03009270578622818,0.038049775362014766
rmse,model,sst,590,0.035093310226996736,0.030710679665207862,0.03833246156573295
rmse,model,sst,600,0.035957998409867284,0.03109285645186901,0.03932496383786201
rmse,model,sst,610,0.03642480249206225,0.03138792961835861,0.04014643058180809
rmse,model,sst,620,0.03686503234008948,0.03196248710155487,0.040101139992475505
rmse,model,sst,630,0.03765698472658793,0.03348597288131714,0.040792100876569745
rmse,model,sst,640,0.038358680158853534,0.033750565350055696,0.0412063367664814
rmse,model,sst,650,0.03887343357006709,0.03371954783797264,0.0419049397110939
rmse,model,sst,660,0.0392474631468455,0.03435476869344711,0.042201677709817885
rmse,model,sst,670,0.039492883284886676,0.03478899225592613,0.04213773235678673
rmse,model,sst,680,0.039967746039231616,0.035634931176900864,0.043211722373962404
rmse,model,sst,690,0.04039596989750862,0.03600079119205475,0.04462827444076538
rmse,model,sst,700,0.040809157242377596,0.03662538677453995,0.04460604339838028
rmse,model,sst,710,0.041246648381153744,0.0361343763768673,0.04439665824174881
rmse,model,sst,720,0.041857919096946715,0.037251421809196474,0.04484919384121895
rmse,model,sst,730,0.041985531151294705,0.03807374536991119,0.045475905388593675
rmse,model,sst,740,0.04187252496679624,0.03787721320986748,0.045118432492017746
rmse,model,sst,750,0.042125220845143,0.03913624286651611,0.044295478612184525
rmse,model,sst,760,0.042767542352279024,0.03973929062485695,0.04480007439851761
rmse,model,sst,770,0.04314741864800453,0.039409530162811277,0.04577302187681198
rmse,model,sst,780,0.043209746728340784,0.03906766697764397,0.04685453549027443
rmse,model,sst,790,0.04333834995826085,0.04000460281968117,0.04639968797564507
rmse,model,sst,800,0.04385352532068888,0.040831264853477475,0.046259379386901854
rmse,model,sst,810,0.044178886463244756,0.0407849907875061,0.04632857590913773
rmse,model,sst,820,0.04457614968220393,0.04153010472655296,0.04713943898677826
rmse,model,sst,830,0.04492600460847219,0.04181953892111778,0.04730496108531952
rmse,model,sst,840,0.04514347314834595,0.04183414950966835,0.04744739457964897
rmse,model,sst,850,0.045594407121340434,0.04277515113353729,0.048921700567007065
rmse,model,sst,860,0.04593539088964462,0.04321888536214828,0.04989315122365951
rmse,model,sst,870,0.04647805690765381,0.04384337365627289,0.05005666837096214
rmse,model,sst,880,0.047096758335828784,0.04405896440148353,0.05010617449879646
rmse,model,sst,890,0.047853935261567435,0.04445386379957199,0.0510956771671772
rmse,model,sst,900,0.04788422137498856,0.044656936824321744,0.052017807960510254
rmse,model,sst,910,0.047785679499308266,0.04520954564213753,0.051075594127178194
rmse,model,sst,920,0.04809481526414553,0.04582790285348892,0.050158632546663286
rmse,model,sst,930,0.04881888503829638,0.046171533316373824,0.0508213184773922
rmse,model,sst,940,0.04904501115282377,0.04610848724842072,0.051579158008098605
rmse,model,sst,950,0.048940832664569216,0.04587098285555839,0.05207432135939598
rmse,model,sst,960,0.04912552138169606,0.04662889391183853,0.05161030068993568
rmse,model,sst,970,0.049661603818337126,0.04651335552334786,0.05229507684707642
rmse,model,sst,980,0.04976995711525281,0.04665651321411133,0.05228864252567291
rmse,model,sst,990,0.049978080888589224,0.047115185856819154,0.052644059807062146
rmse,model,sst,1000,0.050288109481334685,0.04702973589301109,0.05296531543135643
rmse,model,sst,1010,0.05041376526157061,0.04645828381180763,0.05347987115383148
rmse,model,sst,1020,0.05069059779246648,0.04699385538697243,0.0539955846965313
rmse,model,sst,1030,0.05076609179377556,0.04712913632392883,0.053978989273309706
rmse,model,sst,1040,0.05120228156447411,0.04711006358265877,0.05392984598875046
rmse,model,sst,1050,0.05195550074179967,0.04710904136300087,0.05465818420052528
rmse,model,sst,1060,0.05257435341676076,0.04739559218287468,0.05588363334536552
rmse,model,sst,1070,0.052365082999070486,0.047532515972852706,0.055587274581193925
rmse,model,sst,1080,0.05230485076705615,0.0478643424808979,0.054868117719888684
rmse,model,sst,1090,0.052757048358519874,0.047841300070285794,0.05569710209965706
rmse,model,sst,1100,0.05328809171915054,0.04832666739821434,0.05649794638156891
rmse,model,sst,1110,0.053329927225907646,0.048228631168603896,0.05683507993817329
rmse,model,sst,1120,0.05333802253007889,0.04765914604067802,0.057413046807050706
rmse,model,sst,1130,0.05383860841393471,0.04896232932806015,0.058085475116968155
rmse,model,sst,1140,0.05442215750614802,0.049647897481918335,0.058777570724487305
rmse,model,sst,1150,0.05431312471628189,0.04884212389588356,0.05857879370450973
rmse,model,sst,1160,0.05444560026129087,0.049869994074106215,0.05910607948899269
rmse,model,sst,1170,0.055040619770685834,0.050265207141637805,0.06036883220076561
rmse,model,sst,1180,0.05515848795572917,0.05059506595134735,0.05953458771109581
rmse,model,sst,1190,0.055135948956012724,0.05095241740345955,0.05853944644331932
rmse,model,sst,1200,0.055230869352817534,0.051511550694704054,0.05885755643248558
rmse,model,sst,1210,0.055942552536726,0.05201273038983345,0.06041061654686928
rmse,model,sst,1220,0.05634710465868314,0.05187033861875534,0.060532644391059875
rmse,model,sst,1230,0.0564307543138663,0.051922090351581573,0.060490956902503966
rmse,model,sst,1240,0.05618040064970652,0.05183333903551102,0.05964812338352203
rmse,model,sst,1250,0.05633586371938388,0.05205091014504433,0.060240641981363294
rmse,model,sst,1260,0.05655005127191544,0.05266276001930237,0.059949791431427
rmse,model,sst,1270,0.05663910036285718,0.0524445652961731,0.05995475500822067
rmse,model,sst,1280,0.05627928376197815,0.05238049402832985,0.05937490090727806
rmse,model,sst,1290,0.05637850215037664,0.052086646854877475,0.059473343193531036
rmse,model,sst,1300,0.05702972064415614,0.05298007279634476,0.059477010369300844
rmse,model,sst,1310,0.0570630577703317,0.05388451293110848,0.06075110137462616
rmse,model,sst,1320,0.05631888285279274,0.052039464563131334,0.05951340794563294
rmse,model,sst,1330,0.05646144996086756,0.05289812907576561,0.05930952802300453
rmse,model,sst,1340,0.05714448392391205,0.054418033361434935,0.05988688692450524
rmse,model,sst,1350,0.056925666083892185,0.05439355447888374,0.06013248711824417
rmse,model,sst,1360,0.05662555644909541,0.054594310373067854,0.06026369705796242
rmse,model,sst,1370,0.05717802718281746,0.054277841746807096,0.061014038324356076
rmse,model,sst,1380,0.05789729207754135,0.05306041017174721,0.06149366497993469
rmse,model,sst,1390,0.057957195490598676,0.05408284589648247,0.06123657003045082
rmse,model,sst,1400,0.057927480340003966,0.0552216686308384,0.060984092950820926
rmse,model,sst,1410,0.05810218080878258,0.054392628371715546,0.06047730594873428
rmse,model,sst,1420,0.05814525882403056,0.053308234363794324,0.06032871901988983
rmse,model,sst,1430,0.05807224065065384,0.05505964159965515,0.061940908432006836
rmse,model,sst,1440,0.05827411363522212,0.055138472467660904,0.06328809261322021
rmse,model,sst,1450,0.0581754299501578,0.05390491336584091,0.06252904385328292
rmse,model,sst,1460,0.05817645986874898,0.05401308834552765,0.06192199736833572
rmse,model,sst,1470,0.05871506209174792,0.05587546974420547,0.06475812494754792
rmse,model,sst,1480,0.058734302719434105,0.054794462770223616,0.06476915627717972
rmse,model,sst,1490,0.05825164020061493,0.054250501841306684,0.06413316279649735
rmse,model,sst,1500,0.058661570151646934,0.053683682531118396,0.06559247970581054
rmse,model,sst,1510,0.05958935668071111,0.05514855906367302,0.0659321203827858
rmse,model,sst,1520,0.05936010330915451,0.0561112180352211,0.06504343152046203
rmse,model,sst,1530,0.05937635178367297,0.05523446425795555,0.06443609297275543
rmse,model,sst,1540,0.06040676087141037,0.05440673902630806,0.06653710454702377
rmse,model,sst,1550,0.0607451560596625,0.0546085350215435,0.06812735497951507
rmse,model,sst,1560,0.06053252120812734,0.05559457540512085,0.06647724360227585
rmse,model,sst,1570,0.060614911715189616,0.056691006571054456,0.0651557669043541
rmse,model,sst,1580,0.06113266050815582,0.05610339418053627,0.06753302365541458
rmse,model,sst,1590,0.061104810486237206,0.055954211950302125,0.06667300760746002
rmse,model,sst,1600,0.06042405068874359,0.05682613253593445,0.06628894507884979
rmse,model,sst,1610,0.06063574180006981,0.0570279560983181,0.06725719422101975
rmse,model,sst,1620,0.06089204127589862,0.05607376024127007,0.06852444559335709
rmse,model,sst,1630,0.06061986287434896,0.05593607127666474,0.0664539873600006
rmse,model,sst,1640,0.06075583572189013,0.05638405978679657,0.06699075549840927
rmse,model,sst,1650,0.06101047843694687,0.057282862812280656,0.06629957258701324
rmse,model,sst,1660,0.06084015319744746,0.05596061423420906,0.06625067740678788
rmse,model,sst,1670,0.06069649830460548,0.056330444663763045,0.06647172868251801
rmse,model,sst,1680,0.061650520811478295,0.05757496580481529,0.06650819629430771
rmse,model,sst,1690,0.06140948856870333,0.05851609334349632,0.06531100571155549
rmse,model,sst,1700,0.06085608899593353,0.057307233661413194,0.06459204107522964
rmse,model,sst,1710,0.061441662907600406,0.05734168142080307,0.06583105623722077
rmse,model,sst,1720,0.06194015219807625,0.058641914278268814,0.06656174957752228
rmse,model,sst,1730,0.06131062904993693,0.05839308947324753,0.06690267473459244
rmse,model,sst,1740,0.06084720467527707,0.05774104222655296,0.06488939225673676
rmse,model,sst,1750,0.06138889640569687,0.05827658399939537,0.06532839238643647
rmse,model,sst,1760,0.06152865315477053,0.05826049521565437,0.06552358418703079
rmse,model,sst,1770,0.06061224738756816,0.05817989110946655,0.06492482721805573
rmse,model,sst,1780,0.06075635055700938,0.05726689770817757,0.06510399430990219
rmse,model,sst,1790,0.06114998161792755,0.05722377151250839,0.06555463075637817
rmse,model,sst,1800,0.060914776970942816,0.056895260512828824,0.0641225203871727
rmse,model,sst,1810,0.06098845923940341,0.057046183943748476,0.06538709700107574
rmse,model,sst,1820,0.061669412751992544,0.05763040035963059,0.066252201795578
rmse,model,sst,1830,0.06146627863248189,0.0582345575094223,0.06486714780330657
rmse,model,sst,1840,0.06108117202917735,0.058180772513151166,0.06465510725975036
rmse,model,sst,1850,0.06195075660943985,0.05745146870613098,0.0663449928164482
rmse,model,sst,1860,0.06206239437063535,0.059520280361175536,0.06574185639619827
rmse,model,sst,1870,0.06138499826192856,0.05932755395770073,0.06347157508134842
rmse,model,sst,1880,0.06141893764336904,0.05838634893298149,0.06396502107381821
rmse,model,sst,1890,0.06202772632241249,0.0585656002163887,0.06647358983755111
rmse,model,sst,1900,0.06157363752524058,0.05870222821831703,0.06710128784179688
rmse,model,sst,1910,0.06114311118920644,0.05870004743337631,0.06496267914772033
rmse,model,sst,1920,0.06125515724221865,0.0585240550339222,0.06554892659187317
rmse,model,sst,1930,0.06152945011854172,0.058211439102888105,0.06585625410079957
rmse,model,sst,1940,0.060849860807259876,0.05761308297514915,0.06497160345315933
rmse,model,sst,1950,0.06083142533898354,0.058292721211910245,0.06546314060688019
rmse,model,sst,1960,0.0609138826529185,0.05890412032604218,0.06506749987602234
rmse,model,sst,1970,0.060557512938976286,0.05791981220245361,0.06350973546504975
rmse,model,sst,1980,0.0603408860663573,0.05729773044586182,0.06480685621500015
rmse,model,sst,1990,0.061050332089265184,0.05743703842163086,0.06563702374696731
rmse,model,sst,2000,0.06075486366947492,0.057889167219400406,0.06546632796525954
rmse,climatology,sst,0,0.03851603989799817,0.036900915950536725,0.03973420113325119
rmse,climatology,sst,10,0.03781576032439868,0.035535778850317,0.04006939306855202
rmse,climatology,sst,20,0.03781564633051555,0.03527504801750183,0.03965738043189049
rmse,climatology,sst,30,0.03884542236725489,0.03711217045783997,0.04016238525509834
rmse,climatology,sst,40,0.03886417100826899,0.036503059417009355,0.04012349918484688
rmse,climatology,sst,50,0.03842119152347247,0.03684120923280716,0.040487205237150194
rmse,climatology,sst,60,0.038532724728186925,0.03676047548651695,0.03974761813879013
rmse,climatology,sst,70,0.03861062526702881,0.03658171072602272,0.03990474119782448
rmse,climatology,sst,80,0.03843752220273018,0.03549491465091705,0.040605226159095766
rmse,climatology,sst,90,0.038854054858287176,0.036740957945585254,0.04068373143672943
rmse,climatology,sst,100,0.03913060203194618,0.03746839314699173,0.04064115881919861
rmse,climatology,sst,110,0.038527952631314595,0.036318307369947435,0.04059659689664841
rmse,climatology,sst,120,0.038027372459570566,0.03586315289139748,0.0394700713455677
rmse,climatology,sst,130,0.038665489355723066,0.03592869713902473,0.041383955627679825
rmse,climatology,sst,140,0.039239687472581865,0.036676251143217084,0.04050481840968132
rmse,climatology,sst,150,0.038672966261704765,0.03681488856673241,0.04060835912823677
rmse,climatology,sst,160,0.038775215049584706,0.03723837658762932,0.040503659099340436
rmse,climatology,sst,170,0.039168488482634226,0.03759124279022217,0.04178773984313011
rmse,climatology,sst,180,0.03855066696802775,0.036078120768070224,0.04145420491695404
rmse,climatology,sst,190,0.038436446835597354,0.03508598729968071,0.04066128954291344
rmse,climatology,sst,200,0.0394647940993309,0.036680477857589724,0.041797037422657016
rmse,climatology,sst,210,0.03957072248061498,0.03776433765888214,0.041832901537418365
rmse,climatology,sst,220,0.03909092421332995,0.036948248744010925,0.04226228818297386
rmse,climatology,sst,230,0.0390734667579333,0.0364606112241745,0.04218714982271195
rmse,climatology,sst,240,0.03917079468568166,0.03684882670640945,0.04135345071554184
rmse,climatology,sst,250,0.03887764786680539,0.03601968958973885,0.04050496593117714
rmse,climatology,sst,260,0.03917609577377637,0.03798637166619301,0.040682753175497056
rmse,climatology,sst,270,0.039376326153675714,0.038016805052757265,0.04026465639472008
rmse,climatology,sst,280,0.038794286797444025,0.03677078634500504,0.04094310775399208
rmse,climatology,sst,290,0.038082990298668545,0.03610694259405136,0.03996110782027244
rmse,climatology,sst,300,0.03855792060494423,0.036393004655838015,0.04027100950479508
rmse,climatology,sst,310,0.03909511292974154,0.03693906888365746,0.04035145044326782
rmse,climatology,sst,320,0.0385559377570947,0.035903166979551315,0.04054376631975174
rmse,climatology,sst,330,0.038458637644847235,0.036419297009706496,0.040279462933540344
rmse,climatology,sst,340,0.03889277602235476,0.03813767284154892,0.04028479382395744
rmse,climatology,sst,350,0.03829583351810773,0.03620692789554596,0.04042485803365707
rmse,climatology,sst,360,0.03801253587007523,0.0353331096470356,0.04003552868962288
rmse,climatology,sst,370,0.03899626980225245,0.03700552806258202,0.04077000319957733
rmse,climatology,sst,380,0.03922013441721598,0.03726558610796928,0.04051142260432243
rmse,climatology,sst,390,0.03877046083410581,0.036696947365999225,0.040697024762630464
rmse,climatology,sst,400,0.038720737646023434,0.03687774837017059,0.040412505716085435
rmse,climatology,sst,410,0.03890338738759359,0.037442931532859804,0.03990479111671448
rmse,climatology,sst,420,0.03862849101424217,0.03570310994982719,0.04073374420404434
rmse,climatology,sst,430,0.03898104305068652,0.03696275129914284,0.04086991548538208
rmse,climatology,sst,440,0.03930189808209737,0.03799036368727684,0.04072136431932449
rmse,climatology,sst,450,0.03894876663883527,0.03640907928347588,0.040656764060258865
rmse,climatology,sst,460,0.03825824384888013,0.036514648050069806,0.04025536999106407
rmse,climatology,sst,470,0.03877248962720235,0.03703045547008514,0.04073928892612457
rmse,climatology,sst,480,0.039432907849550246,0.03718254044651985,0.04120938256382942
rmse,climatology,sst,490,0.03910219445824623,0.03598805442452431,0.042047418653964996
rmse,climatology,sst,500,0.03896090015769005,0.03619916662573815,0.04198901355266571
rmse,climatology,sst,510,0.03955008710424105,0.03837437406182289,0.04066052809357643
rmse,climatology,sst,520,0.03911329160133998,0.03742280900478363,0.04084525927901268
rmse,climatology,sst,530,0.03873288556933403,0.03587512746453285,0.0410590834915638
rmse,climatology,sst,540,0.03964851722121239,0.037656379491090776,0.04230037331581116
rmse,climatology,sst,550,0.04000753164291382,0.03751448392868042,0.04169944748282432
rmse,climatology,sst,560,0.03959584832191467,0.037057044357061385,0.041694610565900805
rmse,climatology,sst,570,0.03949484924475352,0.03886979669332504,0.04084833189845085
rmse,climatology,sst,580,0.039695824434359865,0.03862956464290619,0.0410238653421402
rmse,climatology,sst,590,0.039367585877577466,0.035953227430582047,0.04187123104929924
rmse,climatology,sst,600,0.03965748250484467,0.03702503591775894,0.04253181517124176
rmse,climatology,sst,610,0.040002467731634773,0.03811360076069832,0.041948482394218445
rmse,climatology,sst,620,0.039779138813416166,0.03736575990915299,0.04117407277226448
rmse,climatology,sst,630,0.038968556374311444,0.03725899308919907,0.04073019623756409
rmse,climatology,sst,640,0.03930319423476855,0.037986265122890474,0.040718131512403485
rmse,climatology,sst,650,0.039859251429637275,0.03878151848912239,0.04194410517811775
rmse,climatology,sst,660,0.03952638184030851,0.03651728853583336,0.04156668484210968
rmse,climatology,sst,670,0.03908563256263733,0.036287394165992734,0.04117891639471054
rmse,climatology,sst,680,0.03952408457795779,0.038457346707582475,0.04099954441189766
rmse,climatology,sst,690,0.03906241456667582,0.037071704119443896,0.04066969230771065
rmse,climatology,sst,700,0.038516459862391154,0.035813777893781665,0.040613953769207
rmse,climatology,sst,710,0.039304149647553764,0.03764658346772194,0.04110327363014221
rmse,climatology,sst,720,0.03976966341336568,0.0380713015794754,0.04075989574193954
rmse,climatology,sst,730,0.03935083349545797,0.03777039721608162,0.04104299247264862
rmse,climatology,sst,740,0.03916231741507848,0.03754429146647453,0.041119348257780075
rmse,climatology,sst,750,0.03940478637814522,0.038147857040166856,0.040616422146558764
rmse,climatology,sst,760,0.039120070884625116,0.03617736771702766,0.04096054136753082
rmse,climatology,sst,770,0.03937878708044688,0.03711293861269951,0.041416078060865405
rmse,climatology,sst,780,0.039727876583735146,0.03837566822767258,0.04114457592368126
rmse,climatology,sst,790,0.039627980440855026,0.03752958625555038,0.04143806397914886
rmse,climatology,sst,800,0.038782234241565065,0.0370381660759449,0.041337674111127855
rmse,climatology,sst,810,0.03910851130882899,0.037473367899656294,0.04040670916438103
rmse,climatology,sst,820,0.039829529573520026,0.03779711872339249,0.041122731566429135
rmse,climatology,sst,830,0.03980964124202728,0.03829002156853676,0.04140245988965034
rmse,climatology,sst,840,0.03939596985777219,0.03832131624221802,0.04104635044932366
rmse,climatology,sst,850,0.03995481679836909,0.03853539302945137,0.04127385467290878
rmse,climatology,sst,860,0.039733297377824786,0.03720280304551125,0.04287215024232864
rmse,climatology,sst,870,0.03923556183775266,0.035869503021240236,0.04250720888376236
rmse,climatology,sst,880,0.03998217657208443,0.03746035695075989,0.04215587601065636
rmse,climatology,sst,890,0.04059510280688604,0.039760810881853105,0.04271698072552681
rmse,climatology,sst,900,0.04019556219379107,0.03850667327642441,0.04337859600782394
rmse,climatology,sst,910,0.03989854628841082,0.037561652809381486,0.043544397503137586
rmse,climatology,sst,920,0.04013536920150121,0.038505513966083524,0.04249098300933838
rmse,climatology,sst,930,0.03985231344898542,0.03707718476653099,0.041866686940193173
rmse,climatology,sst,940,0.03996626064181328,0.03792163133621216,0.041613074392080306
rmse,climatology,sst,950,0.040232813855012255,0.038425957411527635,0.04149194285273552
rmse,climatology,sst,960,0.040158663193384805,0.03854202926158905,0.042226304113864896
rmse,climatology,sst,970,0.03918878982464472,0.03715727999806404,0.04082603827118873
rmse,climatology,sst,980,0.03928936496376991,0.0376300074160099,0.041085734218358996
rmse,climatology,sst,990,0.03987719764312108,0.03781002908945084,0.04115330651402473
rmse,climatology,sst,1000,0.039874761303265886,0.037740858644247054,0.041589502990245816
rmse,climatology,sst,1010,0.0392499104142189,0.037231330573558805,0.041301003843545916
rmse,climatology,sst,1020,0.039717013388872145,0.03854494467377663,0.040980149805545804
rmse,climatology,sst,1030,0.03954687714576721,0.037759315222501755,0.04097777083516121
rmse,climatology,sst,1040,0.03890643840034803,0.036052112281322476,0.04103891253471374
rmse,climatology,sst,1050,0.039469156165917715,0.03751822337508202,0.041433630883693694
rmse,climatology,sst,1060,0.04021712616086006,0.03883202746510506,0.04164064526557922
rmse,climatology,sst,1070,0.03993442033727964,0.03814382255077362,0.041690414398908617
rmse,climatology,sst,1080,0.03965704441070557,0.03799668326973915,0.0417534850537777
rmse,climatology,sst,1090,0.0400091474254926,0.03840900659561157,0.04128861352801323
rmse,climatology,sst,1100,0.03988728548089663,0.0380250409245491,0.04136604815721512
rmse,climatology,sst,1110,0.04004949604471524,0.03832425624132156,0.041781171411275866
rmse,climatology,sst,1120,0.04051530063152313,0.038191231340169905,0.04256749004125595
rmse,climatology,sst,1130,0.04074862226843834,0.03845600560307503,0.042804069072008136
rmse,climatology,sst,1140,0.039990871647993725,0.037374015897512436,0.042447373270988464
rmse,climatology,sst,1150,0.040127280602852505,0.03800106793642044,0.04307130351662636
rmse,climatology,sst,1160,0.040812643120686214,0.038356625288724897,0.04348862320184708
rmse,climatology,sst,1170,0.04098827491203944,0.03794790208339691,0.044494444876909255
rmse,climatology,sst,1180,0.04037984137733777,0.037032654881477355,0.04429437294602394
rmse,climatology,sst,1190,0.04089593191941579,0.038904211670160296,0.04311558529734612
rmse,climatology,sst,1200,0.04090653533736865,0.039687664806842805,0.04303414896130562
rmse,climatology,sst,1210,0.04022831122080485,0.03795699179172516,0.04303555563092232
rmse,climatology,sst,1220,0.0406055711209774,0.0386480376124382,0.04354520067572594
rmse,climatology,sst,1230,0.04142464299996694,0.03902117013931274,0.04387813061475754
rmse,climatology,sst,1240,0.04124600440263748,0.03895829021930695,0.043735826015472413
rmse,climatology,sst,1250,0.04090488776564598,0.0388765349984169,0.04278057962656021
rmse,climatology,sst,1260,0.04113015905022621,0.03962922841310501,0.043442442268133166
rmse,climatology,sst,1270,0.040894715487957,0.03801743164658546,0.044094021618366244
rmse,climatology,sst,1280,0.04074158991376559,0.03764265552163124,0.04467112049460411
rmse,climatology,sst,1290,0.04101137245694796,0.03830147460103035,0.0442747101187706
rmse,climatology,sst,1300,0.041083073864380516,0.03894828259944916,0.04331532046198845
rmse,climatology,sst,1310,0.040142641464869185,0.038007428497076036,0.04188031703233719
rmse,climatology,sst,1320,0.039929024130105975,0.0386287622153759,0.041480475664138795
rmse,climatology,sst,1330,0.040433295319477716,0.03881743773818016,0.04181225821375847
rmse,climatology,sst,1340,0.04057931676506996,0.03826235830783844,0.04248681142926216
rmse,climatology,sst,1350,0.03980102116862933,0.03716800212860107,0.042031672596931455
rmse,climatology,sst,1360,0.04014320249358813,0.03893999233841896,0.04183062613010406
rmse,climatology,sst,1370,0.04018904318412145,0.038323008269071576,0.04137372896075249
rmse,climatology,sst,1380,0.0394639161725839,0.0370161235332489,0.04157543033361435
rmse,climatology,sst,1390,0.03968385681509971,0.03748329654335976,0.041292347759008405
rmse,climatology,sst,1400,0.04057432810465495,0.039379685372114184,0.04187999814748764
rmse,climatology,sst,1410,0.04046142647663752,0.03829950541257858,0.04179715439677238
rmse,climatology,sst,1420,0.0400787723561128,0.038386411219835284,0.04202195554971695
rmse,climatology,sst,1430,0.04032147005200386,0.03893178701400757,0.04163531512022019
rmse,climatology,sst,1440,0.04028454174598058,0.03841204047203064,0.04154019057750702
rmse,climatology,sst,1450,0.04020405088861783,0.03769596815109253,0.04220611453056335
rmse,climatology,sst,1460,0.040654470771551134,0.03888170048594475,0.04225556030869484
rmse,climatology,sst,1470,0.040912848462661106,0.03920854777097702,0.04254038855433464
rmse,climatology,sst,1480,0.040197692314783734,0.03783303052186966,0.04247070848941803
rmse,climatology,sst,1490,0.03997199237346649,0.0379866786301136,0.04120429083704948
rmse,climatology,sst,1500,0.04065163681904475,0.03800183087587357,0.0432118259370327
rmse,climatology,sst,1510,0.0410922721028328,0.038963576406240465,0.042476384341716765
rmse,climatology,sst,1520,0.04049774681528409,0.03893643990159035,0.042148028314113614
rmse,climatology,sst,1530,0.040846307575702664,0.03912407010793686,0.042745080590248105
rmse,climatology,sst,1540,0.04111018230517705,0.03915370181202889,0.0440746046602726
rmse,climatology,sst,1550,0.040494545549154284,0.03769119381904602,0.04389810562133789
rmse,climatology,sst,1560,0.040568289409081144,0.037044412642717364,0.043129979819059375
rmse,climatology,sst,1570,0.041483786702156064,0.039007415622472764,0.043990501761436464
rmse,climatology,sst,1580,0.04140189290046692,0.03973371610045433,0.04432077184319496
rmse,climatology,sst,1590,0.04090306237339973,0.03864916041493416,0.04463358521461487
rmse,climatology,sst,1600,0.04095824509859085,0.03846440985798836,0.04391901046037674
rmse,climatology,sst,1610,0.04088143482804298,0.038754602521657945,0.04301354736089706
rmse,climatology,sst,1620,0.04057071730494499,0.03840754330158234,0.04208210557699203
rmse,climatology,sst,1630,0.04086758693059286,0.03950523287057876,0.04230224788188934
rmse,climatology,sst,1640,0.041041891525189084,0.03978301510214806,0.04245786219835281
rmse,climatology,sst,1650,0.04033667047818502,0.038541074842214584,0.041922514140605924
rmse,climatology,sst,1660,0.039856387923161186,0.03810471147298813,0.04149398133158684
rmse,climatology,sst,1670,0.04039597784479459,0.038034217059612276,0.04188908562064171
rmse,climatology,sst,1680,0.04079273591438929,0.03872290253639221,0.042056252062320706
rmse,climatology,sst,1690,0.040143640836079915,0.037588247656822206,0.04208428636193275
rmse,climatology,sst,1700,0.04030028134584427,0.038772077113389966,0.041965342313051227
rmse,climatology,sst,1710,0.040589771668116253,0.03948519602417946,0.04189821407198906
rmse,climatology,sst,1720,0.0399562897781531,0.03782509565353394,0.042029937356710435
rmse,climatology,sst,1730,0.03985433951020241,0.037125363945961,0.0417638398706913
rmse,climatology,sst,1740,0.04082364862163861,0.03884899690747261,0.042603612691164014
rmse,climatology,sst,1750,0.04090796013673147,0.03891950771212578,0.04225585535168648
rmse,climatology,sst,1760,0.04054271926482519,0.0389139786362648,0.04238495677709579
rmse,climatology,sst,1770,0.040683913975954056,0.039012500643730165,0.042327750474214554
rmse,climatology,sst,1780,0.0408514770368735,0.03972087949514389,0.04165942743420601
rmse,climatology,sst,1790,0.04065427506963412,0.038561060279607776,0.042433063685894015
rmse,climatology,sst,1800,0.041114887098471324,0.03906605094671249,0.04269450381398201
rmse,climatology,sst,1810,0.041512616475423175,0.040009531378746035,0.043528773635625836
rmse,climatology,sst,1820,0.04111150652170181,0.038327538222074506,0.0432419590651989
rmse,climatology,sst,1830,0.0406346728404363,0.03864151164889336,0.04295035004615784
rmse,climatology,sst,1840,0.041207682838042575,0.039463037997484206,0.043513334542512896
rmse,climatology,sst,1850,0.04171258782347043,0.039425358176231384,0.044175713509321216
rmse,climatology,sst,1860,0.041203928242127104,0.03768225088715553,0.04439535662531853
rmse,climatology,sst,1870,0.04123796795805295,0.03844296932220459,0.04400660917162895
rmse,climatology,sst,1880,0.04165106589595477,0.04003531038761139,0.0430902287364006
rmse,climatology,sst,1890,0.041078847646713254,0.03970099091529846,0.04290786385536194
rmse,climatology,sst,1900,0.04081750636299451,0.038826160877943036,0.0434499479830265
rmse,climatology,sst,1910,0.04173401395479838,0.04003656879067421,0.044129859656095505
rmse,climatology,sst,1920,0.041928801437218985,0.03932853266596794,0.04427476674318313
rmse,climatology,sst,1930,0.04155346105496089,0.038845423609018326,0.043249227851629254
rmse,climatology,sst,1940,0.04154327735304832,0.040056458115577696,0.043148572742939
rmse,climatology,sst,1950,0.0416392741103967,0.03993682861328125,0.04393850937485695
rmse,climatology,sst,1960,0.04123890002568563,0.03767600953578949,0.044309594482183454
rmse,climatology,sst,1970,0.04146891236305237,0.03912145420908928,0.04472135603427887
rmse,climatology,sst,1980,0.041674202183882396,0.04003878384828567,0.044054288417100906
rmse,climatology,sst,1990,0.041215269515911736,0.038962170481681824,0.042664535343647
rmse,climatology,sst,2000,0.04045771807432175,0.03911134675145149,0.04228607416152954
rmse,persistence,sst,0,0.0,0.0,0.0
rmse,persistence,sst,10,0.02277104581395785,0.02005648724734783,0.0260111790150404
rmse,persistence,sst,20,0.03690005987882614,0.032902874797582624,0.042597992718219756
rmse,persistence,sst,30,0.046992530673742296,0.04306855425238609,0.05079416483640671
rmse,persistence,sst,40,0.056269496430953345,0.053324317932128905,0.06013324782252312
rmse,persistence,sst,50,0.06047984833518664,0.0560417652130127,0.06490538716316223
rmse,persistence,sst,60,0.06041321754455566,0.0579209566116333,0.0635100856423378
rmse,persistence,sst,70,0.05969542612632116,0.056972562521696093,0.06275995075702667
rmse,persistence,sst,80,0.05716982657710711,0.052809572964906695,0.061019223928451535
rmse,persistence,sst,90,0.05698631157477697,0.05413502380251885,0.06048431918025017
rmse,persistence,sst,100,0.05964070186018944,0.05688762292265892,0.06204100474715233
rmse,persistence,sst,110,0.06008577694495519,0.05766545459628105,0.06265183836221695
rmse,persistence,sst,120,0.05954590116937955,0.05612862184643745,0.06331712603569031
rmse,persistence,sst,130,0.05737851833303769,0.05446888506412506,0.059749290347099304
rmse,persistence,sst,140,0.0497275431950887,0.04488251581788063,0.052604719251394275
rmse,persistence,sst,150,0.039102938522895175,0.03722296431660652,0.04255034402012825
rmse,persistence,sst,160,0.025812445829312008,0.023020010441541672,0.030310665816068647
rmse,persistence,sst,170,0.009188951707134645,0.004442368354648352,0.01632644534111023
rmse,persistence,sst,180,0.02306468884150187,0.019707217067480087,0.02851911634206772
rmse,persistence,sst,190,0.03725454757610957,0.03283312991261482,0.043246112018823626
rmse,persistence,sst,200,0.04716278339425723,0.043027421832084654,0.05190766081213951
rmse,persistence,sst,210,0.056426632404327395,0.05326180309057236,0.06017152592539787
rmse,persistence,sst,220,0.06113413522640864,0.05702020451426506,0.0659404531121254
rmse,persistence,sst,230,0.06115473732352257,0.05784983187913895,0.06514734923839569
rmse,persistence,sst,240,0.060503147542476654,0.057428078353405,0.06396663039922715
rmse,persistence,sst,250,0.057984597980976105,0.05323583781719208,0.06166594997048378
rmse,persistence,sst,260,0.05735572874546051,0.054987572878599164,0.06061787158250809
rmse,persistence,sst,270,0.0598341333369414,0.056838408857584,0.06201933771371841
rmse,persistence,sst,280,0.06047899971405665,0.05785971805453301,0.0625938817858696
rmse,persistence,sst,290,0.05984831750392914,0.0560979850590229,0.06289719343185425
rmse,persistence,sst,300,0.05795379107197126,0.055527261644601825,0.06029443070292473
rmse,persistence,sst,310,0.050743446002403894,0.04645076543092728,0.05387233570218086
rmse,persistence,sst,320,0.04016914442181587,0.037608949840068816,0.04405286237597465
rmse,persistence,sst,330,0.02724996010462443,0.025107920914888383,0.030527608841657637
rmse,persistence,sst,340,0.010026508507629235,0.008389104902744294,0.01148988101631403
rmse,persistence,sst,350,0.02081693671643734,0.018898893520236014,0.023451661691069603
rmse,persistence,sst,360,0.035753812392552695,0.03176296353340149,0.04067623391747475
rmse,persistence,sst,370,0.04575861990451813,0.041626089811325075,0.04989072978496552
rmse,persistence,sst,380,0.05524814004699389,0.05262848362326622,0.058551914244890216
rmse,persistence,sst,390,0.06058231070637703,0.056465961039066315,0.06496821194887162
rmse,persistence,sst,400,0.06080531924962997,0.05758290737867355,0.06418546885252
rmse,persistence,sst,410,0.060254255682229994,0.0579474464058876,0.0632697582244873
rmse,persistence,sst,420,0.057853896419207254,0.053891167789697644,0.06153258830308914
rmse,persistence,sst,430,0.05688598677515984,0.05405949130654335,0.060110273957252505
rmse,persistence,sst,440,0.05932895268003146,0.05711791515350342,0.062212548404932025
rmse,persistence,sst,450,0.06037593558430672,0.05791889727115631,0.06226861551403999
rmse,persistence,sst,460,0.05985428939263026,0.05622337237000465,0.06259792894124985
rmse,persistence,sst,470,0.05839444796244304,0.05585671439766884,0.06009577587246895
rmse,persistence,sst,480,0.05183782453338305,0.04670373201370239,0.055268324166536334
rmse,persistence,sst,490,0.04159003545840581,0.037837912887334825,0.046468968689441684
rmse,persistence,sst,500,0.02952458361784617,0.02692820467054844,0.03232637420296669
rmse,persistence,sst,510,0.013206437416374683,0.009475356712937356,0.018732920289039612
rmse,persistence,sst,520,0.02044876168171565,0.018382737040519716,0.023594806715846062
rmse,persistence,sst,530,0.03553614107271035,0.03228930160403252,0.0397649846971035
rmse,persistence,sst,540,0.0454838606218497,0.041128233820199964,0.049741561710834506
rmse,persistence,sst,550,0.054979120194911954,0.052150556445121767,0.0575292706489563
rmse,persistence,sst,560,0.060839249690373735,0.056839636713266375,0.06468404829502106
rmse,persistence,sst,570,0.0613078070183595,0.057964835315942764,0.0642036959528923
rmse,persistence,sst,580,0.06077282776435216,0.05833764225244522,0.06355584710836411
rmse,persistence,sst,590,0.05842992961406708,0.054455002397298814,0.062310867756605146
rmse,persistence,sst,600,0.05699757983287176,0.05373428538441658,0.06059990003705025
rmse,persistence,sst,610,0.0591443640490373,0.05673665031790733,0.062465493381023404
rmse,persistence,sst,620,0.060416735460360846,0.05812976509332657,0.06241352409124375
rmse,persistence,sst,630,0.05978253434101741,0.056891363114118576,0.06247459501028061
rmse,persistence,sst,640,0.058459632098674774,0.05626753345131874,0.060489369183778764
rmse,persistence,sst,650,0.05230350196361542,0.04778531566262245,0.056133517622947694
rmse,persistence,sst,660,0.04192993392546972,0.03831675946712494,0.046255742013454434
rmse,persistence,sst,670,0.02958464858432611,0.027102913334965707,0.03255439475178719
rmse,persistence,sst,680,0.011110926667849222,0.010040579549968242,0.012168043293058872
rmse,persistence,sst,690,0.01527829710394144,0.01375632919371128,0.017330705374479293
rmse,persistence,sst,700,0.032479811708132425,0.02863108366727829,0.03717254623770714
rmse,persistence,sst,710,0.043099540968736014,0.03850403353571892,0.048021447658538816
rmse,persistence,sst,720,0.052922763675451276,0.04998781904578209,0.0565754160284996
rmse,persistence,sst,730,0.05950156996647517,0.05574144273996353,0.0641317367553711
rmse,persistence,sst,740,0.06040160581469536,0.05677885562181473,0.06444139331579209
rmse,persistence,sst,750,0.060007238388061525,0.05763367712497711,0.06322947591543197
rmse,persistence,sst,760,0.05796130547920863,0.05410197079181671,0.06143945008516312
rmse,persistence,sst,770,0.056320404758056004,0.052828365564346315,0.059751296043396
rmse,persistence,sst,780,0.058341729640960696,0.05565507635474205,0.06154411137104034
rmse,persistence,sst,790,0.0600803275903066,0.05769861713051796,0.06195748671889305
rmse,persistence,sst,800,0.05958398108681043,0.05617265626788139,0.06261120289564133
rmse,persistence,sst,810,0.058650042116642,0.05629861205816269,0.06105796173214913
rmse,persistence,sst,820,0.05332333321372668,0.049823809415102005,0.05648183524608612
rmse,persistence,sst,830,0.04343779236078262,0.03958150297403336,0.04716368317604065
rmse,persistence,sst,840,0.03182651946942012,0.02985725961625576,0.035731930285692215
rmse,persistence,sst,850,0.01543496393909057,0.012818750739097596,0.01881182789802551
rmse,persistence,sst,860,0.015813297281662624,0.012491690553724765,0.020347863063216207
rmse,persistence,sst,870,0.03262225414315859,0.027982503920793534,0.03832699581980705
rmse,persistence,sst,880,0.04333683227499326,0.038426253199577334,0.0488716684281826
rmse,persistence,sst,890,0.053021812438964845,0.04955108910799026,0.05737380236387253
rmse,persistence,sst,900,0.06002749651670456,0.05592641457915306,0.06565320193767547
rmse,persistence,sst,910,0.061313146352767946,0.0571723110973835,0.06680968254804612
rmse,persistence,sst,920,0.06094062626361847,0.05827362313866615,0.06496253758668899
rmse,persistence,sst,930,0.05909964839617411,0.05498836264014244,0.06207685992121696
rmse,persistence,sst,940,0.05713204940160115,0.05369641184806824,0.06037488356232643
rmse,persistence,sst,950,0.058734184006849925,0.055573157221078875,0.06157198622822761
rmse,persistence,sst,960,0.060679293672243756,0.05914506763219833,0.062429964542388916
rmse,persistence,sst,970,0.0601462056239446,0.05700855702161789,0.06280087828636169
rmse,persistence,sst,980,0.059318302075068156,0.05693622753024101,0.06225023418664932
rmse,persistence,sst,990,0.05453478967150052,0.05132870078086853,0.057544111460447314
rmse,persistence,sst,1000,0.04484727457165718,0.040927215665578845,0.048441816866397855
rmse,persistence,sst,1010,0.03345271721482277,0.0307928416877985,0.03643233552575111
rmse,persistence,sst,1020,0.017635527811944485,0.016298386082053185,0.019546591863036155
rmse,persistence,sst,1030,0.014014088362455369,0.012673133797943593,0.015437826327979565
rmse,persistence,sst,1040,0.031027902911106745,0.028044898062944412,0.03477674499154091
rmse,persistence,sst,1050,0.042076665659745535,0.03766356110572815,0.04719266071915627
rmse,persistence,sst,1060,0.0517923153936863,0.048528991639614105,0.05483694896101952
rmse,persistence,sst,1070,0.059383294979731244,0.05635074302554131,0.06326526552438735
rmse,persistence,sst,1080,0.061205850541591646,0.05773417800664902,0.06500563025474548
rmse,persistence,sst,1090,0.06092376584808032,0.05896259918808937,0.06355865001678467
rmse,persistence,sst,1100,0.05941407879193624,0.056683095544576644,0.06245076656341553
rmse,persistence,sst,1110,0.05728103419144948,0.05431494116783142,0.06046897098422051
rmse,persistence,sst,1120,0.05864749103784561,0.056679727882146834,0.06194166988134384
rmse,persistence,sst,1130,0.06101271584630012,0.058015350997447965,0.06353776901960373
rmse,persistence,sst,1140,0.06073672200242678,0.05708705559372902,0.0632947951555252
rmse,persistence,sst,1150,0.06020439391334852,0.05790218785405159,0.06346848309040069
rmse,persistence,sst,1160,0.05616022249062856,0.05178304836153984,0.058863038569688796
rmse,persistence,sst,1170,0.046981930484374365,0.04064292311668396,0.05186261609196663
rmse,persistence,sst,1180,0.036288918803135554,0.03266000747680664,0.04138517528772354
rmse,persistence,sst,1190,0.022179282332460085,0.01838030479848385,0.026858580112457276
rmse,persistence,sst,1200,0.01567877965668837,0.009781593643128871,0.022463655471801756
rmse,persistence,sst,1210,0.031289451941847804,0.02888791561126709,0.03316805139183998
rmse,persistence,sst,1220,0.042203012853860855,0.038807135075330734,0.04659907072782517
rmse,persistence,sst,1230,0.05156080077091853,0.049107184261083604,0.05539424493908882
rmse,persistence,sst,1240,0.05946430812279383,0.055838306248188016,0.062298734486103055
rmse,persistence,sst,1250,0.06170943155884743,0.05714435651898384,0.06490290015935898
rmse,persistence,sst,1260,0.06130170822143555,0.05858655720949173,0.06406842023134232
rmse,persistence,sst,1270,0.05984177167216937,0.05696634873747826,0.06378521919250488
rmse,persistence,sst,1280,0.05725594287117322,0.05272316709160805,0.06194327101111412
rmse,persistence,sst,1290,0.057998958975076675,0.055119071155786514,0.06207498013973236
rmse,persistence,sst,1300,0.06032708709438642,0.05778660699725151,0.06242509037256241
rmse,persistence,sst,1310,0.05997664605577787,0.05724019855260849,0.06227835714817047
rmse,persistence,sst,1320,0.0593161995212237,0.0571837529540062,0.06208258718252182
rmse,persistence,sst,1330,0.0556415356695652,0.05255035310983658,0.05877557620406151
rmse,persistence,sst,1340,0.04648246243596077,0.041594214737415314,0.050147776305675504
rmse,persistence,sst,1350,0.0353021456549565,0.03264835625886917,0.039029264450073244
rmse,persistence,sst,1360,0.02002638007203738,0.018269618973135948,0.02209326662123203
rmse,persistence,sst,1370,0.007351480983197689,0.006701117660850286,0.008287831582129002
rmse,persistence,sst,1380,0.02645531954864661,0.023557685688138007,0.030627815797924996
rmse,persistence,sst,1390,0.03899723986784617,0.03453633040189743,0.04455889463424682
rmse,persistence,sst,1400,0.04885484079519908,0.045065028965473174,0.05225335881114006
rmse,persistence,sst,1410,0.057526010026534395,0.05436767786741257,0.06141294464468956
rmse,persistence,sst,1420,0.06059718380371729,0.056249579042196275,0.06500906348228455
rmse,persistence,sst,1430,0.060385991881291075,0.058070076256990434,0.06343548446893692
rmse,persistence,sst,1440,0.059349472324053444,0.056659691780805585,0.062241580337285995
rmse,persistence,sst,1450,0.056812308728694916,0.052481944859027865,0.06033124029636383
rmse,persistence,sst,1460,0.05733683407306671,0.05454844683408737,0.06072063595056534
rmse,persistence,sst,1470,0.05998547275861104,0.057154258340597154,0.06198674514889717
rmse,persistence,sst,1480,0.06004489709933599,0.05735766515135765,0.06304453164339066
rmse,persistence,sst,1490,0.05961355492472649,0.056570421904325485,0.06326421797275543
rmse,persistence,sst,1500,0.05677760740121206,0.05406152456998825,0.059087250381708145
rmse,persistence,sst,1510,0.04845042650898298,0.04421969577670097,0.05129312872886658
rmse,persistence,sst,1520,0.037939321746428806,0.035155536234378816,0.04103416129946709
rmse,persistence,sst,1530,0.024433214714129767,0.021555106341838836,0.029869019240140914
rmse,persistence,sst,1540,0.01232787383099397,0.007457854226231575,0.018721218407154083
rmse,persistence,sst,1550,0.02709358384211858,0.023133935779333113,0.033168870210647586
rmse,persistence,sst,1560,0.039675094683965045,0.035228225588798526,0.04580807462334633
rmse,persistence,sst,1570,0.04921236857771873,0.044794612377882,0.05432729795575142
rmse,persistence,sst,1580,0.05796276678641637,0.054276565462350844,0.06280233561992646
rmse,persistence,sst,1590,0.06157412131627401,0.05722911953926087,0.06700299233198166
rmse,persistence,sst,1600,0.06131921435395877,0.058072352409362794,0.06536982506513596
rmse,persistence,sst,1610,0.06037215515971184,0.057224583625793454,0.06346295922994613
rmse,persistence,sst,1620,0.057661222666502,0.053054841607809065,0.06115660890936851
rmse,persistence,sst,1630,0.057592981557051344,0.05511487945914269,0.061178749054670335
rmse,persistence,sst,1640,0.060140286882718406,0.05709562301635742,0.06229184120893479
rmse,persistence,sst,1650,0.060392641772826515,0.05762844607234001,0.06254966259002685
rmse,persistence,sst,1660,0.0598848007619381,0.0566930815577507,0.06294570416212082
rmse,persistence,sst,1670,0.05747045129537583,0.05483510866761208,0.060366930067539216
rmse,persistence,sst,1680,0.04951286762952804,0.04479246884584427,0.05240231901407242
rmse,persistence,sst,1690,0.038994993766148886,0.036667095869779585,0.042873091995716095
rmse,persistence,sst,1700,0.02588062733411789,0.023784242570400238,0.028298837691545488
rmse,persistence,sst,1710,0.011266047693789005,0.010398650169372558,0.012166515551507473
rmse,persistence,sst,1720,0.02437567412853241,0.022580453008413316,0.027603498846292495
rmse,persistence,sst,1730,0.037850112716356916,0.03396918773651123,0.04262178763747215
rmse,persistence,sst,1740,0.04751543700695038,0.04350608214735985,0.05099805891513824
rmse,persistence,sst,1750,0.056672756622234984,0.05417017266154289,0.059487207978963855
rmse,persistence,sst,1760,0.061115455875794096,0.057141663134098054,0.06500644385814666
rmse,persistence,sst,1770,0.06109495212634405,0.05925930812954903,0.0638631448149681
rmse,persistence,sst,1780,0.06045787011583646,0.05794198140501976,0.06306775659322739
rmse,persistence,sst,1790,0.05792529806494713,0.05459517017006874,0.06156367212533951
rmse,persistence,sst,1800,0.05754089032610257,0.05480488762259483,0.060411394387483594
rmse,persistence,sst,1810,0.060198864340782164,0.05757065638899803,0.06284293085336685
rmse,persistence,sst,1820,0.06090771754582723,0.057572568953037265,0.06366908997297287
rmse,persistence,sst,1830,0.060529092947642006,0.05687638372182846,0.06322899162769317
rmse,persistence,sst,1840,0.05869158481558164,0.05572680681943894,0.060857506841421126
rmse,persistence,sst,1850,0.05144241253534953,0.04548007622361183,0.05492214486002922
rmse,persistence,sst,1860,0.04132015282909075,0.036912184208631516,0.04690130427479744
rmse,persistence,sst,1870,0.02934988389412562,0.02604718841612339,0.032480067759752276
rmse,persistence,sst,1880,0.014744423516094684,0.009558031521737575,0.021155786141753195
rmse,persistence,sst,1890,0.024155716722210247,0.021673264726996423,0.026309770718216895
rmse,persistence,sst,1900,0.03763391549388568,0.034968574345111844,0.04177380427718162
rmse,persistence,sst,1910,0.04702959855397542,0.043819126486778257,0.05096184015274048
rmse,persistence,sst,1920,0.05618391633033752,0.0533448725938797,0.058601686358451845
rmse,persistence,sst,1930,0.061192819972833,0.0565273329615593,0.06461853981018066
rmse,persistence,sst,1940,0.061252293487389885,0.0577548660337925,0.06391484588384629
rmse,persistence,sst,1950,0.06056783745686213,0.05832180231809616,0.06385747939348221
rmse,persistence,sst,1960,0.05793558855851491,0.053810612112283704,0.06224345937371254
rmse,persistence,sst,1970,0.056877481192350386,0.05425193756818771,0.06045535355806351
rmse,persistence,sst,1980,0.05920417830348015,0.05665823370218277,0.062483041733503344
rmse,persistence,sst,1990,0.0600896954536438,0.05764656290411949,0.06201302632689476
rmse,persistence,sst,2000,0.05954834868510564,0.05638449937105179,0.06244913339614868
acc,selected,surface_u,0,1.0,1.0,1.0
acc,selected,surface_u,10,0.9941623568534851,0.9923354864120484,0.9956682801246644
acc,selected,surface_u,20,0.989774243036906,0.986844253540039,0.994485867023468
acc,selected,surface_u,30,0.9860297163327535,0.981804370880127,0.9920966625213623
acc,selected,surface_u,40,0.9810492833455403,0.9757070541381836,0.9896233916282654
acc,selected,surface_u,50,0.9752910733222961,0.9622602581977844,0.9864660382270813
acc,selected,surface_u,60,0.9713892698287964,0.9592650175094605,0.9837482333183288
acc,selected,surface_u,70,0.9651029864947002,0.9521311402320862,0.9780699491500855
acc,selected,surface_u,80,0.9594586849212646,0.9479107975959777,0.9716027498245239
acc,selected,surface_u,90,0.9566619078318278,0.9457409858703614,0.9764309287071228
acc,selected,surface_u,100,0.9518012007077535,0.9436505079269409,0.9715554118156433
acc,selected,surface_u,110,0.9409027735392252,0.9224206805229187,0.9648558735847473
acc,selected,surface_u,120,0.9366052865982055,0.9079627513885498,0.9647470235824585
acc,selected,surface_u,130,0.9359561006228129,0.893398129940033,0.9659565806388855
acc,selected,surface_u,140,0.9267142375310262,0.8778903722763062,0.9636934876441956
acc,selected,surface_u,150,0.9182850400606791,0.8832941770553588,0.9612123489379882
acc,selected,surface_u,160,0.9193187554677328,0.8684220314025879,0.9567561268806457
acc,selected,surface_u,170,0.9133088827133179,0.8445483326911927,0.9514236927032471
acc,selected,surface_u,180,0.8995299816131592,0.8291462898254395,0.9487568736076355
acc,selected,surface_u,190,0.8950525601704915,0.8125220775604248,0.9474920034408569
acc,selected,surface_u,200,0.8951773087183634,0.8049762725830079,0.9404560327529907
acc,prior,surface_u,0,1.0,1.0,1.0
acc,prior,surface_u,10,0.9937729954719543,0.9918050289154052,0.9953803539276123
acc,prior,surface_u,20,0.9891205588976543,0.9860907912254333,0.9941097497940063
acc,prior,surface_u,30,0.9851571917533875,0.9805922150611878,0.9916060447692872
acc,prior,surface_u,40,0.9797372619311014,0.9739338278770446,0.9890776157379151
acc,prior,surface_u,50,0.9734996517499288,0.9589712381362915,0.985476279258728
acc,prior,surface_u,60,0.9692545096079509,0.9556642770767212,0.9826828718185425
acc,prior,surface_u,70,0.9624311963717143,0.9476675987243652,0.9764718651771546
acc,prior,surface_u,80,0.9560828089714051,0.9425108671188355,0.9700145125389099
acc,prior,surface_u,90,0.9529071092605591,0.9399361252784729,0.9753944158554078
acc,prior,surface_u,100,0.9473873655001323,0.9374072432518006,0.9694148182868958
acc,prior,surface_u,110,0.9351991573969524,0.9146695852279663,0.9626311421394348
acc,prior,surface_u,120,0.9306276480356852,0.8987407684326172,0.9623931407928467
acc,prior,surface_u,130,0.9299257238705952,0.881620991230011,0.963231897354126
acc,prior,surface_u,140,0.9195771932601928,0.86478031873703,0.9600770592689514
acc,prior,surface_u,150,0.9102387229601542,0.8739223599433898,0.9572006940841675
acc,prior,surface_u,160,0.9115059812863667,0.855648672580719,0.9522462964057923
acc,prior,surface_u,170,0.9044626752535502,0.8257657766342164,0.9466966390609741
acc,prior,surface_u,180,0.8892758170763652,0.8106347799301148,0.9432430624961853
acc,prior,surface_u,190,0.8847979029019674,0.7956048965454101,0.9414958357810974
acc,prior,surface_u,200,0.8852410634358724,0.7841198325157166,0.93451007604599
acc,selected,surface_v,0,1.0,1.0,1.0
acc,selected,surface_v,10,0.9797078092892965,0.9710085988044739,0.9867118239402771
acc,selected,surface_v,20,0.9683067440986634,0.9571627974510193,0.9802373051643372
acc,selected,surface_v,30,0.9691697279612224,0.9620213031768798,0.9747374296188355
acc,selected,surface_v,40,0.9645475467046102,0.9475844621658325,0.9754340767860412
acc,selected,surface_v,50,0.9590599219004313,0.947001600265503,0.9689581751823425
acc,selected,surface_v,60,0.9582754333813985,0.9335287809371948,0.9799235463142395
acc,selected,surface_v,70,0.9597509860992431,0.9461880683898926,0.9717515110969543
acc,selected,surface_v,80,0.9551842331886291,0.9447667837142945,0.9661672830581665
acc,selected,surface_v,90,0.9543174465497335,0.9310403943061829,0.9669842004776001
acc,selected,surface_v,100,0.9573211153348287,0.9364077687263489,0.9683396458625794
acc,selected,surface_v,110,0.9508823235829671,0.9370774269104004,0.9650488257408142
acc,selected,surface_v,120,0.9446784218152364,0.9198647141456604,0.9699439525604248
acc,selected,surface_v,130,0.9498669624328613,0.9355888605117798,0.9647102355957031
acc,selected,surface_v,140,0.949719774723053,0.9343348979949951,0.9596145272254943
acc,selected,surface_v,150,0.9411260922749837,0.9154637098312378,0.9628243684768677
acc,selected,surface_v,160,0.9437310576438904,0.9240543007850647,0.9699830532073974
acc,selected,surface_v,170,0.9454873283704122,0.9267365097999573,0.9637417316436767
acc,selected,surface_v,180,0.9362997134526571,0.9157846689224243,0.9631808042526245
acc,selected,surface_v,190,0.9345852017402649,0.9115509867668152,0.9518174409866333
acc,selected,surface_v,200,0.940237283706665,0.9294505834579467,0.9542972922325135
acc,prior,surface_v,0,1.0,1.0,1.0
acc,prior,surface_v,10,0.97799285252889,0.9671563386917115,0.985345470905304
acc,prior,surface_v,20,0.9655496160189311,0.9538554787635803,0.9786311626434326
acc,prior,surface_v,30,0.9665551463762919,0.9585769057273865,0.9726924896240234
acc,prior,surface_v,40,0.9614054958025614,0.9422366380691528,0.9733024835586548
acc,prior,surface_v,50,0.9557412187258403,0.9418575286865234,0.9684358954429626
acc,prior,surface_v,60,0.95510307153066,0.9261298179626465,0.979196298122406
acc,prior,surface_v,70,0.9571136434872946,0.9422707080841064,0.9700886368751526
acc,prior,surface_v,80,0.9519421776135762,0.941068696975708,0.9625307202339173
acc,prior,surface_v,90,0.9509231130282084,0.9258413553237915,0.9649868488311768
acc,prior,surface_v,100,0.9542136549949646,0.9323858022689819,0.9661668539047241
acc,prior,surface_v,110,0.9477498173713684,0.934001350402832,0.9619958400726318
acc,prior,surface_v,120,0.9409815549850464,0.9153266310691833,0.9673865675926209
acc,prior,surface_v,130,0.9460944016774495,0.9310576915740967,0.9624167799949646
acc,prior,surface_v,140,0.945860759417216,0.9294838786125184,0.9566442728042602
acc,prior,surface_v,150,0.9361331741015116,0.9120295286178589,0.9594433426856994
acc,prior,surface_v,160,0.9390943209330241,0.9180175304412842,0.9689901232719421
acc,prior,surface_v,170,0.9410894433657329,0.9201550841331482,0.9613161563873291
acc,prior,surface_v,180,0.9315740267435709,0.9086054563522339,0.9601274013519288
acc,prior,surface_v,190,0.9293736418088278,0.9084885954856873,0.9469115734100342
acc,prior,surface_v,200,0.9348286390304565,0.923772668838501,0.9503892540931702
acc,selected,phihyd_surface,0,1.0,1.0,1.0
acc,selected,phihyd_surface,10,0.9993695100148519,0.9992651820182801,0.9996457815170288
acc,selected,phihyd_surface,20,0.9990511417388916,0.9988585233688354,0.999482262134552
acc,selected,phihyd_surface,30,0.9988731582959492,0.9986190915107727,0.9993344306945801
acc,selected,phihyd_surface,40,0.9987297097841898,0.9984827995300293,0.9992042899131774
acc,selected,phihyd_surface,50,0.9985894044240315,0.9983164191246032,0.9990803360939026
acc,selected,phihyd_surface,60,0.9984119017918904,0.9982033252716065,0.9989464402198791
acc,selected,phihyd_surface,70,0.9982442776362102,0.9980567693710327,0.9987949013710022
acc,selected,phihyd_surface,80,0.9980879147847493,0.9979190826416016,0.9986183881759644
acc,selected,phihyd_surface,90,0.9979875326156616,0.9977737069129944,0.9984259486198426
acc,selected,phihyd_surface,100,0.997873584429423,0.9973804712295532,0.9982582211494446
acc,selected,phihyd_surface,110,0.9977185050646464,0.9969370484352111,0.9981552958488464
acc,selected,phihyd_surface,120,0.9974882046381632,0.9967913627624512,0.9980125069618225
acc,selected,phihyd_surface,130,0.9972290158271789,0.9966265559196472,0.9977107048034668
acc,selected,phihyd_surface,140,0.9970433115959167,0.996396791934967,0.9975726723670959
acc,selected,phihyd_surface,150,0.996876347064972,0.995749318599701,0.9975788116455078
acc,selected,phihyd_surface,160,0.9966800053914388,0.9948570370674134,0.9973560810089112
acc,selected,phihyd_surface,170,0.9964760502179464,0.9943886518478393,0.9972710371017456
acc,selected,phihyd_surface,180,0.9962324659029643,0.9943984746932983,0.9971500396728515
acc,selected,phihyd_surface,190,0.9959195176760356,0.9942386269569397,0.9968788504600525
acc,selected,phihyd_surface,200,0.9956796447436015,0.9938005089759827,0.9967279672622681
acc,prior,phihyd_surface,0,1.0,1.0,1.0
acc,prior,phihyd_surface,10,0.9993270913759867,0.9992217540740966,0.9996071815490722
acc,prior,phihyd_surface,20,0.9989890853563944,0.9987957239151001,0.9994269371032715
acc,prior,phihyd_surface,30,0.9987996459007263,0.998549473285675,0.9992677927017212
acc,prior,phihyd_surface,40,0.9986424088478089,0.9983951210975647,0.9991166830062866
acc,prior,phihyd_surface,50,0.9984875480333965,0.9982284069061279,0.9989831686019898
acc,prior,phihyd_surface,60,0.9982938289642334,0.998088276386261,0.998835289478302
acc,prior,phihyd_surface,70,0.9981102108955383,0.9979126214981079,0.9986653089523315
acc,prior,phihyd_surface,80,0.9979406436284383,0.9977750182151794,0.9984776377677917
acc,prior,phihyd_surface,90,0.9978307366371155,0.9976349353790284,0.9982768177986145
acc,prior,phihyd_surface,100,0.9977057695388794,0.9971673250198364,0.9980993270874023
acc,prior,phihyd_surface,110,0.9975300113360087,0.9967473149299622,0.9979846477508545
acc,prior,phihyd_surface,120,0.9972804665565491,0.9965607762336731,0.9978371381759643
acc,prior,phihyd_surface,130,0.9969989061355591,0.996385395526886,0.997495150566101
acc,prior,phihyd_surface,140,0.996790087223053,0.9961453318595886,0.9973466157913208
acc,prior,phihyd_surface,150,0.996600313981374,0.9954294800758362,0.9973260402679444
acc,prior,phihyd_surface,160,0.9963865756988526,0.9944946646690369,0.9970994353294372
acc,prior,phihyd_surface,170,0.996147080262502,0.9940025448799134,0.9969804883003235
acc,prior,phihyd_surface,180,0.995856249332428,0.993938946723938,0.9968187689781189
acc,prior,phihyd_surface,190,0.995495347181956,0.9937132716178894,0.9964859962463379
acc,prior,phihyd_surface,200,0.9952272375424703,0.9932635068893433,0.9963125824928284
acc,selected,sst,0,1.0,1.0,1.0
acc,selected,sst,10,0.9833446502685547,0.9791373014450073,0.9874284744262696
acc,selected,sst,20,0.9682639996210735,0.9623334050178528,0.9767401814460754
acc,selected,sst,30,0.9606437762578328,0.9513992309570313,0.9740657806396484
acc,selected,sst,40,0.9526675780614217,0.9389643788337707,0.9672156572341919
acc,selected,sst,50,0.9462941646575928,0.9327381491661072,0.963215434551239
acc,selected,sst,60,0.940888508160909,0.9261563181877136,0.9591098546981811
acc,selected,sst,70,0.9361149509747823,0.9168605446815491,0.9578210592269898
acc,selected,sst,80,0.9306485811869304,0.9044645428657532,0.9515050292015076
acc,selected,sst,90,0.9266159216562907,0.9050948262214661,0.9512678503990173
acc,selected,sst,100,0.9253655314445496,0.9035699725151062,0.9479507446289063
acc,selected,sst,110,0.9219592610994974,0.905683410167694,0.9409106969833374
acc,selected,sst,120,0.9179390509923299,0.9012380242347717,0.9390318751335144
acc,selected,sst,130,0.9155519525210063,0.8950497150421143,0.9370898485183716
acc,selected,sst,140,0.9123040199279785,0.896884560585022,0.9307603597640991
acc,selected,sst,150,0.905434266726176,0.8841389417648315,0.92035973072052
acc,selected,sst,160,0.9047342499097188,0.8810391783714294,0.9219115614891052
acc,selected,sst,170,0.9048210144042969,0.8901817679405213,0.9221253752708435
acc,selected,sst,180,0.8999519030253093,0.8883822441101075,0.9125024557113648
acc,selected,sst,190,0.8937833627065023,0.8790688991546631,0.9091266632080078
acc,selected,sst,200,0.8938857475916545,0.8825848221778869,0.909064507484436
acc,prior,sst,0,1.0,1.0,1.0
acc,prior,sst,10,0.9820304751396179,0.9774833202362061,0.9863318920135498
acc,prior,sst,20,0.9659892956415812,0.9598188161849975,0.9748484134674072
acc,prior,sst,30,0.9578605930010478,0.9478936433792114,0.9720183253288269
acc,prior,sst,40,0.9494031985600789,0.9346848487854004,0.9649680972099304
acc,prior,sst,50,0.9427568793296814,0.928106141090393,0.9605364918708801
acc,prior,sst,60,0.9369286735852559,0.9211834907531739,0.9558305382728577
acc,prior,sst,70,0.9317180832227071,0.9120315432548523,0.9541242837905883
acc,prior,sst,80,0.9258920590082804,0.8991076946258545,0.947289764881134
acc,prior,sst,90,0.9216040531794231,0.8982442378997803,0.9471373677253723
acc,prior,sst,100,0.9201457341512044,0.8964243650436401,0.943394911289215
acc,prior,sst,110,0.9164214571317036,0.8993708610534668,0.935641884803772
acc,prior,sst,120,0.9121129115422567,0.8940972447395324,0.9338447690010071
acc,prior,sst,130,0.9094673156738281,0.8885843753814697,0.9315279483795166
acc,prior,sst,140,0.9058257738749186,0.8902671217918396,0.9246241092681885
acc,prior,sst,150,0.8985142906506857,0.8770416498184204,0.9135360002517701
acc,prior,sst,160,0.8976906379063924,0.8737246036529541,0.9155873775482177
acc,prior,sst,170,0.897491192817688,0.883037555217743,0.9154879331588746
acc,prior,sst,180,0.8923313180605571,0.880343222618103,0.9057819604873657
acc,prior,sst,190,0.8857149759928385,0.8705059885978699,0.9015345692634582
acc,prior,sst,200,0.8857452909151713,0.8733151316642761,0.901850426197052
