metric,model_or_method,field,lead_days,mean,p10,p90
rmse,model,surface_speed,0,0.0,0.0,0.0
rmse,model,surface_speed,10,0.019266328339775405,0.016670557111501692,0.023158632591366766
rmse,model,surface_speed,20,0.026215764259298644,0.021585256233811377,0.03087111935019493
rmse,model,surface_speed,30,0.03062498358388742,0.024409693107008933,0.036864823848009105
rmse,model,surface_speed,40,0.03355582381288211,0.026668812334537505,0.038643428683280946
rmse,model,surface_speed,50,0.03640547009805838,0.030136218294501305,0.042107339948415756
rmse,model,surface_speed,60,0.03929919016857942,0.03036837764084339,0.04855029881000519
rmse,model,surface_speed,70,0.04175160291294257,0.032116986066102984,0.05490583777427673
rmse,model,surface_speed,80,0.043935021261374156,0.03450684547424317,0.05470471009612084
rmse,model,surface_speed,90,0.044589684903621675,0.03190479725599289,0.05479590073227882
rmse,model,surface_speed,100,0.04512902225057284,0.03565663322806358,0.056394151598215106
rmse,model,surface_speed,110,0.04710763692855835,0.03836811110377312,0.060466372221708295
rmse,model,surface_speed,120,0.04796877826253573,0.03780127018690109,0.061963681131601334
rmse,model,surface_speed,130,0.04975377445419629,0.039267121255397795,0.06258397698402404
rmse,model,surface_speed,140,0.05183342595895132,0.041141248494386676,0.06079158484935761
rmse,model,surface_speed,150,0.05169455682237943,0.04150928929448128,0.05830141454935074
rmse,model,surface_speed,160,0.053039372464021045,0.04388245716691017,0.05972056686878204
rmse,model,surface_speed,170,0.05403863588968913,0.0474709190428257,0.060336599498987196
rmse,model,surface_speed,180,0.05344733297824859,0.044764444231987,0.05948433205485344
rmse,model,surface_speed,190,0.05484840994079908,0.04704983308911324,0.061523067951202395
rmse,model,surface_speed,200,0.0554642915725708,0.050484301149845125,0.06216445565223694
rmse,model,surface_speed,210,0.05561198169986407,0.04954468682408333,0.060494878143072126
rmse,model,surface_speed,220,0.05650568505128225,0.05060968175530434,0.06156662479043007
rmse,model,surface_speed,230,0.05715217888355255,0.05331834778189659,0.06294775009155273
rmse,model,surface_speed,240,0.05741025134921074,0.05113116949796677,0.0643963173031807
rmse,model,surface_speed,250,0.0562382052342097,0.045586059987545016,0.0655885249376297
rmse,model,surface_speed,260,0.05706280196706454,0.04481058716773987,0.06666756570339202
rmse,model,surface_speed,270,0.0581354891260465,0.04744842872023582,0.0660039022564888
rmse,model,surface_speed,280,0.05861409703890483,0.053102421760559085,0.06576412618160248
rmse,model,surface_speed,290,0.058259541044632594,0.050717801600694654,0.06528234034776688
rmse,model,surface_speed,300,0.05879145090778669,0.05137405470013619,0.06738803833723069
rmse,model,surface_speed,310,0.058552190909783045,0.05194263681769371,0.06507346034049988
rmse,model,surface_speed,320,0.057175259292125705,0.051461948454380034,0.06519436538219452
rmse,model,surface_speed,330,0.056050783644119896,0.04851489067077637,0.06498688906431198
rmse,model,surface_speed,340,0.05679497346282005,0.049396052956581116,0.0628913938999176
rmse,model,surface_speed,350,0.05631352961063385,0.04965084195137024,0.0631084531545639
rmse,model,surface_speed,360,0.05614087134599686,0.04811854138970375,0.06242337077856064
rmse,model,surface_speed,370,0.05596531704068184,0.04741412475705147,0.06300418823957443
rmse,model,surface_speed,380,0.05577193647623062,0.04750892445445061,0.06279260516166688
rmse,model,surface_speed,390,0.05664774576822917,0.04987943693995476,0.06554028838872909
rmse,model,surface_speed,400,0.05806470240155856,0.0531420610845089,0.0676821008324623
rmse,model,surface_speed,410,0.05703966617584229,0.04992043301463127,0.06883829236030578
rmse,model,surface_speed,420,0.055517372240622836,0.049619865417480466,0.0663555309176445
rmse,model,surface_speed,430,0.056249233335256575,0.050182762742042544,0.06686873584985734
rmse,model,surface_speed,440,0.0571595532198747,0.05105193629860878,0.06673986166715622
rmse,model,surface_speed,450,0.058588837087154386,0.05296555683016777,0.06539425253868103
rmse,model,surface_speed,460,0.05884986370801926,0.05324967131018639,0.06468721330165864
rmse,model,surface_speed,470,0.05803336923321088,0.05072604343295097,0.06519545167684555
rmse,model,surface_speed,480,0.05851775606473287,0.04890349581837654,0.06597639322280884
rmse,model,surface_speed,490,0.060114636272192004,0.05143861323595047,0.06646755039691925
rmse,model,surface_speed,500,0.059980714321136476,0.050837405025959015,0.06816762834787368
rmse,model,surface_speed,510,0.05995362003644308,0.049145040661096574,0.06654407978057861
rmse,model,surface_speed,520,0.06028883904218674,0.04901681840419769,0.0663168266415596
rmse,model,surface_speed,530,0.059709584712982176,0.049919769167900085,0.06524814665317535
rmse,model,surface_speed,540,0.05883491039276123,0.049809496849775314,0.06563628911972046
rmse,model,surface_speed,550,0.05903077448407809,0.050649359822273254,0.06542863994836808
rmse,model,surface_speed,560,0.05886797582109769,0.05185235068202019,0.0657455489039421
rmse,model,surface_speed,570,0.05938954974214236,0.05249226167798042,0.06700982004404069
rmse,model,surface_speed,580,0.059530218193928404,0.052422253787517546,0.06721594333648681
rmse,model,surface_speed,590,0.05927328368028005,0.048080413788557055,0.06653769463300704
rmse,model,surface_speed,600,0.05927546396851539,0.04831442683935165,0.06642618626356125
rmse,model,surface_speed,610,0.06026541118820508,0.049784211069345476,0.0661367729306221
rmse,model,surface_speed,620,0.061757805198431014,0.051208584755659106,0.06765385419130325
rmse,model,surface_speed,630,0.062248798459768294,0.053767985105514525,0.06674214601516723
rmse,model,surface_speed,640,0.06213214521606763,0.051257990300655365,0.06624079048633576
rmse,model,surface_speed,650,0.06316195527712504,0.0545596107840538,0.06839689612388611
rmse,model,surface_speed,660,0.06239505782723427,0.05212111473083496,0.07036132514476776
rmse,model,surface_speed,670,0.06265747969349225,0.05419047400355339,0.06861495673656463
rmse,model,surface_speed,680,0.06387346958120664,0.05697623044252396,0.07000031173229218
rmse,model,surface_speed,690,0.06464744557936987,0.05764557346701622,0.06978986114263534
rmse,model,surface_speed,700,0.064274150878191,0.05808254107832909,0.06996191889047623
rmse,model,surface_speed,710,0.06341631611188253,0.055381038784980775,0.06954958587884903
rmse,model,surface_speed,720,0.06344248379270236,0.05235818922519684,0.06915817707777024
rmse,model,surface_speed,730,0.06390497709314029,0.055033235996961596,0.0707229197025299
rmse,model,surface_speed,740,0.06370932534337044,0.05558530166745186,0.06959642469882965
rmse,model,surface_speed,750,0.0647357185681661,0.05778032913804054,0.0703026920557022
rmse,model,surface_speed,760,0.06377317135532697,0.05968059152364731,0.06885592639446259
rmse,model,surface_speed,770,0.06340043693780899,0.05587281435728073,0.067218117415905
rmse,model,surface_speed,780,0.06258346016208331,0.05610506683588028,0.06814737915992737
rmse,model,surface_speed,790,0.0636435347298781,0.05543976053595543,0.06986760348081589
rmse,model,surface_speed,800,0.06401018152634302,0.05889231488108635,0.06830091774463654
rmse,model,surface_speed,810,0.06397485807538032,0.05752469897270203,0.06968869417905807
rmse,model,surface_speed,820,0.06516344621777534,0.05937528610229492,0.06893008947372437
rmse,model,surface_speed,830,0.06467816432317099,0.05982494503259659,0.06720094680786133
rmse,model,surface_speed,840,0.06501338308056195,0.06042833104729652,0.06828237175941468
rmse,model,surface_speed,850,0.06619079038500786,0.060379453003406525,0.07079539597034454
rmse,model,surface_speed,860,0.06548413336277008,0.06012542098760605,0.0707725465297699
rmse,model,surface_speed,870,0.06504467328389486,0.05999524742364883,0.06875496506690978
rmse,model,surface_speed,880,0.06535452306270599,0.060821615159511566,0.06869128346443176
rmse,model,surface_speed,890,0.06559629688660304,0.06256416365504265,0.07034052461385727
rmse,model,surface_speed,900,0.06503900388876598,0.060020632296800616,0.07111604958772659
rmse,model,surface_speed,910,0.06549407069881757,0.05947145596146584,0.07280525118112564
rmse,model,surface_speed,920,0.06553862591584524,0.06138029396533966,0.07247227877378463
rmse,model,surface_speed,930,0.06421416426698366,0.05561315193772316,0.07151889652013779
rmse,model,surface_speed,940,0.06307200094064076,0.05598572343587875,0.07143992930650711
rmse,model,surface_speed,950,0.06268685534596444,0.053324759006500244,0.06920710057020188
rmse,model,surface_speed,960,0.062282249828179675,0.05330969840288162,0.06926705688238144
rmse,model,surface_speed,970,0.06260584592819214,0.053226019442081454,0.06860773712396621
rmse,model,surface_speed,980,0.06263008564710618,0.05478574335575104,0.06941556185483932
rmse,model,surface_speed,990,0.0622227688630422,0.052994937449693684,0.06920732706785201
rmse,model,surface_speed,1000,0.06229693392912547,0.053356156498193745,0.06797297894954682
rmse,model,surface_speed,1010,0.062174502511819205,0.05598988011479378,0.06770600378513336
rmse,model,surface_speed,1020,0.061859764407078424,0.05451823472976684,0.06624200940132141
rmse,model,surface_speed,1030,0.061489326506853105,0.05391568094491959,0.06923271119594573
rmse,model,surface_speed,1040,0.06291902090112368,0.053055717051029204,0.07168198525905609
rmse,model,surface_speed,1050,0.06299983436862627,0.053535349667072296,0.07039436846971511
rmse,model,surface_speed,1060,0.06332763781150182,0.05471726655960083,0.07066573202610016
rmse,model,surface_speed,1070,0.06492828329404195,0.05472804978489876,0.07206266969442368
rmse,model,surface_speed,1080,0.06427216231822967,0.05389020293951034,0.07067824602127075
rmse,model,surface_speed,1090,0.06396861399213473,0.05313245430588722,0.069854237139225
rmse,model,surface_speed,1100,0.06441994979977608,0.0546689972281456,0.07050385475158691
rmse,model,surface_speed,1110,0.06585105061531067,0.05765815079212189,0.07232005894184113
rmse,model,surface_speed,1120,0.06496790374318759,0.05510873720049858,0.0705451563000679
rmse,model,surface_speed,1130,0.06487067639827729,0.05643967315554619,0.07229203581809998
rmse,model,surface_speed,1140,0.06340693508585295,0.05356539264321327,0.070522640645504
rmse,model,surface_speed,1150,0.06321111768484115,0.0539235383272171,0.07072739452123641
rmse,model,surface_speed,1160,0.06352183744311332,0.052828168123960496,0.0713805079460144
rmse,model,surface_speed,1170,0.06354201858242353,0.054415839910507205,0.06978196650743484
rmse,model,surface_speed,1180,0.06294316574931144,0.05859863311052323,0.07030290812253952
rmse,model,surface_speed,1190,0.06026751771569252,0.053900882601737976,0.06813403815031052
rmse,model,surface_speed,1200,0.06045237009723981,0.052507515996694565,0.06840452551841736
rmse,model,surface_speed,1210,0.06150575454036395,0.055475014448165896,0.06723733395338058
rmse,model,surface_speed,1220,0.06141474867860476,0.05660119652748108,0.06757889240980149
rmse,model,surface_speed,1230,0.062074377884467444,0.055494391918182374,0.06895406544208527
rmse,model,surface_speed,1240,0.06197532365719478,0.05609839335083962,0.06800997108221055
rmse,model,surface_speed,1250,0.06304741774996121,0.05730464309453964,0.06833412796258927
rmse,model,surface_speed,1260,0.06290540720025699,0.05800500512123108,0.06751992553472519
rmse,model,surface_speed,1270,0.061982594927151996,0.05623257607221603,0.06548320949077606
rmse,model,surface_speed,1280,0.06239117905497551,0.05647544860839844,0.06788182556629181
rmse,model,surface_speed,1290,0.06320633168021837,0.056529101729393,0.07110745310783387
rmse,model,surface_speed,1300,0.0619970274468263,0.05698950216174126,0.0691759705543518
rmse,model,surface_speed,1310,0.06297555317481358,0.05623414143919945,0.0710647851228714
rmse,model,surface_speed,1320,0.06305402095119159,0.056818033754825595,0.07015785425901414
rmse,model,surface_speed,1330,0.06246905972560247,0.05536202415823936,0.06904378831386566
rmse,model,surface_speed,1340,0.06377416302760443,0.05656503438949585,0.0707497701048851
rmse,model,surface_speed,1350,0.06285285154978434,0.05543773844838142,0.06900143176317215
rmse,model,surface_speed,1360,0.06088579446077347,0.05418025627732277,0.0669659972190857
rmse,model,surface_speed,1370,0.06205198516448339,0.05293504372239113,0.06931203454732894
rmse,model,surface_speed,1380,0.06291227887074152,0.05297189801931381,0.07305134385824204
rmse,model,surface_speed,1390,0.06119578381379445,0.05325279161334038,0.06794268786907195
rmse,model,surface_speed,1400,0.062461132556200026,0.05467355251312256,0.07087521255016327
rmse,model,surface_speed,1410,0.0629520557820797,0.05385812371969223,0.07114287316799164
rmse,model,surface_speed,1420,0.06246666610240936,0.053918974846601485,0.06997451186180115
rmse,model,surface_speed,1430,0.06318899417916933,0.052710072696208955,0.06976388245821
rmse,model,surface_speed,1440,0.06401236082116762,0.05372871682047844,0.07218275666236877
rmse,model,surface_speed,1450,0.06345514431595803,0.05433859527111053,0.06778281927108765
rmse,model,surface_speed,1460,0.06381027003129323,0.05365287214517593,0.07014397084712982
rmse,model,surface_speed,1470,0.06282029872139296,0.053404856473207474,0.07150743007659913
rmse,model,surface_speed,1480,0.06118051360050837,0.05259346291422844,0.06879156529903412
rmse,model,surface_speed,1490,0.06231820061802864,0.054981828480958936,0.06756127774715423
rmse,model,surface_speed,1500,0.06283389950791994,0.05478260889649391,0.06816466450691223
rmse,model,surface_speed,1510,0.06414337332050006,0.05892246216535568,0.0685708612203598
rmse,model,surface_speed,1520,0.0653564378619194,0.05956477597355843,0.07176011949777603
rmse,model,surface_speed,1530,0.06553832292556763,0.056546404212713244,0.07405054122209549
rmse,model,surface_speed,1540,0.06512182553609212,0.05793002098798752,0.0736786499619484
rmse,model,surface_speed,1550,0.06622331539789836,0.058745105564594266,0.07499089241027831
rmse,model,surface_speed,1560,0.06639080668489138,0.06081414371728897,0.07498202919960022
rmse,model,surface_speed,1570,0.06642492438356082,0.06128991544246674,0.07269907295703888
rmse,model,surface_speed,1580,0.06646910881002745,0.06203921362757683,0.07304979264736175
rmse,model,surface_speed,1590,0.06499208137392998,0.05860959142446518,0.07207001298666
rmse,model,surface_speed,1600,0.06524197608232499,0.05849843844771385,0.07110731154680253
rmse,model,surface_speed,1610,0.06591299225886663,0.0605255089700222,0.07090702056884765
rmse,model,surface_speed,1620,0.067102895428737,0.061731328070163724,0.07339590340852738
rmse,model,surface_speed,1630,0.06645778194069862,0.05924658998847008,0.07135796397924424
rmse,model,surface_speed,1640,0.06527595818042756,0.05927897244691849,0.06920449584722518
rmse,model,surface_speed,1650,0.06491034279266993,0.05734080597758293,0.06913572698831558
rmse,model,surface_speed,1660,0.06407516946395238,0.05787510871887207,0.0692284032702446
rmse,model,surface_speed,1670,0.06512058625618616,0.06012583374977112,0.06927325576543808
rmse,model,surface_speed,1680,0.06375470409790675,0.05566579923033715,0.07007607072591782
rmse,model,surface_speed,1690,0.06335654084881147,0.055711793899536136,0.07001885771751404
rmse,model,surface_speed,1700,0.06379521588484446,0.0589628592133522,0.06978877633810043
rmse,model,surface_speed,1710,0.06440572788317998,0.05832425132393837,0.0713929757475853
rmse,model,surface_speed,1720,0.06510016495982805,0.06028686165809631,0.07077618390321731
rmse,model,surface_speed,1730,0.06552421500285467,0.059215012937784195,0.07359738200902939
rmse,model,surface_speed,1740,0.06425037955244382,0.05511471778154373,0.07280011028051377
rmse,model,surface_speed,1750,0.06351562788089117,0.05582836344838142,0.07223458141088486
rmse,model,surface_speed,1760,0.06451136892040571,0.0562447614967823,0.07321986556053162
rmse,model,surface_speed,1770,0.06500856503844261,0.05865630879998207,0.07193414717912675
rmse,model,surface_speed,1780,0.06459911018610001,0.05885083377361298,0.07106819152832031
rmse,model,surface_speed,1790,0.0641311451792717,0.054498839378356936,0.07290422916412354
rmse,model,surface_speed,1800,0.06379622022310892,0.05372051447629929,0.07242231070995331
rmse,model,surface_speed,1810,0.06402965957919757,0.057647641748189926,0.07062980383634568
rmse,model,surface_speed,1820,0.06515151982506116,0.060069015622138976,0.07157455831766128
rmse,model,surface_speed,1830,0.06382738277316094,0.05902744010090828,0.07036135941743851
rmse,model,surface_speed,1840,0.06245788112282753,0.05717349722981453,0.06710501611232758
rmse,model,surface_speed,1850,0.06406951372822126,0.05765125378966331,0.07260090708732606
rmse,model,surface_speed,1860,0.06338530356685321,0.05793131068348885,0.07174217998981476
rmse,model,surface_speed,1870,0.06305957287549972,0.05648812875151634,0.06983798891305923
rmse,model,surface_speed,1880,0.06440954506397248,0.05600975155830383,0.07212913036346436
rmse,model,surface_speed,1890,0.0648201363782088,0.0573391929268837,0.07153304070234298
rmse,model,surface_speed,1900,0.06477693269650141,0.05874228999018669,0.07029430568218231
rmse,model,surface_speed,1910,0.06518663714329402,0.05894081443548203,0.07079711109399796
rmse,model,surface_speed,1920,0.06596763928731282,0.058806588500738145,0.07343697696924209
rmse,model,surface_speed,1930,0.06736807549993197,0.05902424454689026,0.07187784910202026
rmse,model,surface_speed,1940,0.067415984471639,0.057011425495147705,0.07485762983560562
rmse,model,surface_speed,1950,0.06712132145961126,0.058160004764795305,0.07282206267118455
rmse,model,surface_speed,1960,0.06646718680858613,0.05881294310092926,0.0726342961192131
rmse,model,surface_speed,1970,0.06524268314242362,0.05945961251854896,0.07205227613449097
rmse,model,surface_speed,1980,0.06431734884778659,0.057620919495821,0.0693941056728363
rmse,model,surface_speed,1990,0.06460372681419055,0.058788031339645386,0.07055422961711884
rmse,model,surface_speed,2000,0.06444144695997238,0.057304232567548755,0.07093831449747086
rmse,climatology,surface_speed,0,0.04400991946458817,0.042925237119197844,0.045346333831548694
rmse,climatology,surface_speed,10,0.04468667482336362,0.04328733012080192,0.04675058275461197
rmse,climatology,surface_speed,20,0.043864080558220546,0.042411867529153824,0.045999675989151
rmse,climatology,surface_speed,30,0.04381659080584844,0.04215521588921547,0.04641918018460274
rmse,climatology,surface_speed,40,0.04413785586754481,0.04295465499162674,0.04517525881528854
rmse,climatology,surface_speed,50,0.044072753936052325,0.042648433893918994,0.04555556625127792
rmse,climatology,surface_speed,60,0.043945885449647906,0.040996544808149335,0.045632080733776094
rmse,climatology,surface_speed,70,0.04410726428031921,0.04187729358673096,0.046378187090158465
rmse,climatology,surface_speed,80,0.044314635048309965,0.04189050123095513,0.04570256769657135
rmse,climatology,surface_speed,90,0.0442350280781587,0.0430054284632206,0.04573831856250763
rmse,climatology,surface_speed,100,0.0441745991508166,0.04295462891459465,0.04544271007180214
rmse,climatology,surface_speed,110,0.044839638471603396,0.04389387369155884,0.04624859094619751
rmse,climatology,surface_speed,120,0.04496488372484843,0.04399605467915535,0.046609824150800706
rmse,climatology,surface_speed,130,0.045598387718200684,0.04409727156162262,0.04759315922856331
rmse,climatology,surface_speed,140,0.04592087517182032,0.04411536604166031,0.04800625294446945
rmse,climatology,surface_speed,150,0.04521207387248675,0.04426781386137009,0.04605666920542717
rmse,climatology,surface_speed,160,0.04485283071796099,0.043738947808742525,0.04680396318435669
rmse,climatology,surface_speed,170,0.0456069399913152,0.0442318394780159,0.04714213311672211
rmse,climatology,surface_speed,180,0.04512701655427615,0.04397065714001656,0.046107564121484756
rmse,climatology,surface_speed,190,0.04494461466868718,0.04265858083963394,0.04605783522129059
rmse,climatology,surface_speed,200,0.045435742537180586,0.04392855316400528,0.047718194872140886
rmse,climatology,surface_speed,210,0.04538957700133324,0.044205092638731,0.046921078115701675
rmse,climatology,surface_speed,220,0.044787796586751936,0.04310769289731979,0.046586744487285614
rmse,climatology,surface_speed,230,0.04526166866223017,0.04324348419904709,0.04690586999058723
rmse,climatology,surface_speed,240,0.045375560472408934,0.04360452517867088,0.04659716486930847
rmse,climatology,surface_speed,250,0.045042835424343744,0.04374357536435127,0.04603366702795029
rmse,climatology,surface_speed,260,0.045510877917210264,0.04391605481505394,0.04778805449604988
rmse,climatology,surface_speed,270,0.0450909490386645,0.04403105676174164,0.04636596068739891
rmse,climatology,surface_speed,280,0.04420123224457105,0.042866984754800795,0.04582965597510338
rmse,climatology,surface_speed,290,0.04413026198744774,0.04111428484320641,0.045932619273662566
rmse,climatology,surface_speed,300,0.044598751018444696,0.042657075077295305,0.04614705666899681
rmse,climatology,surface_speed,310,0.04446643491586049,0.04216149225831032,0.046047987043857576
rmse,climatology,surface_speed,320,0.044380240390698114,0.04097256287932396,0.046931687742471695
rmse,climatology,surface_speed,330,0.04404650727907817,0.04062428772449493,0.04678833559155464
rmse,climatology,surface_speed,340,0.04361129974325498,0.04068426415324211,0.04630195796489715
rmse,climatology,surface_speed,350,0.043921628346045814,0.04189554452896118,0.045976190268993376
rmse,climatology,surface_speed,360,0.044139023125171664,0.04335684403777122,0.04504883661866188
rmse,climatology,surface_speed,370,0.04410746271411578,0.04242291823029518,0.04558691382408142
rmse,climatology,surface_speed,380,0.043736013521750765,0.04138634279370308,0.04541130438446998
rmse,climatology,surface_speed,390,0.043995866427818935,0.04200079441070557,0.04612840190529823
rmse,climatology,surface_speed,400,0.04411475236217181,0.04053752794861794,0.04618339613080025
rmse,climatology,surface_speed,410,0.04445683757464091,0.04204646274447441,0.04673070013523102
rmse,climatology,surface_speed,420,0.04455686832467715,0.04212350770831108,0.0464448019862175
rmse,climatology,surface_speed,430,0.044237148761749265,0.03991188108921051,0.04681283906102181
rmse,climatology,surface_speed,440,0.043925156941016515,0.04048634618520737,0.04622020423412323
rmse,climatology,surface_speed,450,0.04419300730029742,0.041303638368844986,0.04701380282640457
rmse,climatology,surface_speed,460,0.04473410372932752,0.04237245544791222,0.04706969708204269
rmse,climatology,surface_speed,470,0.04444251830379168,0.042375114560127256,0.04670606926083565
rmse,climatology,surface_speed,480,0.04473598152399063,0.04323423132300377,0.04710555821657181
rmse,climatology,surface_speed,490,0.04496674487988154,0.04342776238918304,0.046802005171775816
rmse,climatology,surface_speed,500,0.04419287741184234,0.04262501373887062,0.04523410126566887
rmse,climatology,surface_speed,510,0.044722597549359006,0.042682889848947525,0.04651458561420441
rmse,climatology,surface_speed,520,0.045566537976264955,0.04338064938783646,0.047661107033491135
rmse,climatology,surface_speed,530,0.045180964718262356,0.044022639840841295,0.04679104015231132
rmse,climatology,surface_speed,540,0.04523841788371404,0.04327008798718453,0.0475467398762703
rmse,climatology,surface_speed,550,0.04507791971166929,0.04301838874816895,0.046863651275634764
rmse,climatology,surface_speed,560,0.044338110089302066,0.042371182888746264,0.04642209336161614
rmse,climatology,surface_speed,570,0.044358947624762855,0.04251106083393097,0.04578550308942795
rmse,climatology,surface_speed,580,0.04502322177092234,0.04341516271233559,0.04622031822800636
rmse,climatology,surface_speed,590,0.04483538419008255,0.042631639540195464,0.04690690636634827
rmse,climatology,surface_speed,600,0.04443723534544309,0.042876091599464414,0.046731793135404584
rmse,climatology,surface_speed,610,0.04439188962181409,0.0428029403090477,0.04695203602313995
rmse,climatology,surface_speed,620,0.04441725959380468,0.0427900068461895,0.04637309312820435
rmse,climatology,surface_speed,630,0.044734405974547066,0.04330170601606369,0.04586507976055145
rmse,climatology,surface_speed,640,0.044920065253973004,0.043167246878147124,0.04645236358046532
rmse,climatology,surface_speed,650,0.04475661963224411,0.042952461540699004,0.04663309380412102
rmse,climatology,surface_speed,660,0.04418367967009544,0.04226556271314621,0.04597631022334099
rmse,climatology,surface_speed,670,0.04436201055844625,0.043411970138549805,0.04610670506954193
rmse,climatology,surface_speed,680,0.044975156088670094,0.043721719086170195,0.04636218771338463
rmse,climatology,surface_speed,690,0.04519616241256396,0.044305373728275296,0.04677549824118614
rmse,climatology,surface_speed,700,0.04509881138801575,0.041928642243146894,0.047333864867687224
rmse,climatology,surface_speed,710,0.04504497374097506,0.042087290436029434,0.047486086189746854
rmse,climatology,surface_speed,720,0.04515853822231293,0.04341554641723633,0.046978597342967984
rmse,climatology,surface_speed,730,0.04489041715860367,0.041814807802438736,0.04711790233850479
rmse,climatology,surface_speed,740,0.04456679224967956,0.041880141198635104,0.04696807116270065
rmse,climatology,surface_speed,750,0.04556026185552279,0.04370853304862976,0.04759722352027893
rmse,climatology,surface_speed,760,0.044787962734699246,0.04279940947890282,0.04682452976703644
rmse,climatology,surface_speed,770,0.04477846895654996,0.042678423970937726,0.046460111439228055
rmse,climatology,surface_speed,780,0.04517137929797173,0.04260308593511582,0.04722604155540466
rmse,climatology,surface_speed,790,0.045734444508949916,0.04344310238957405,0.047023968398571016
rmse,climatology,surface_speed,800,0.04535319010416667,0.04342767372727394,0.04681784585118294
rmse,climatology,surface_speed,810,0.04564986377954483,0.043654725700616834,0.047616681456565856
rmse,climatology,surface_speed,820,0.04579059282938639,0.04458431899547577,0.0470182478427887
rmse,climatology,surface_speed,830,0.04544133817156156,0.04314983487129211,0.047065595537424086
rmse,climatology,surface_speed,840,0.045937102288007736,0.04411379024386406,0.04723737835884094
rmse,climatology,surface_speed,850,0.046734626839558285,0.04553829580545425,0.048344241082668306
rmse,climatology,surface_speed,860,0.046109972149133684,0.043913223594427106,0.04766479358077049
rmse,climatology,surface_speed,870,0.04548781265815099,0.04300557747483254,0.047595559060573576
rmse,climatology,surface_speed,880,0.04546835149327914,0.04370473101735115,0.04733471125364304
rmse,climatology,surface_speed,890,0.0450990912814935,0.04345554560422897,0.04648570865392685
rmse,climatology,surface_speed,900,0.04511900891860326,0.042473317682743074,0.04659245610237121
rmse,climatology,surface_speed,910,0.045520155876874926,0.04373775571584702,0.046867819130420686
rmse,climatology,surface_speed,920,0.04570197810729345,0.04350152984261513,0.0476730614900589
rmse,climatology,surface_speed,930,0.04486922894914945,0.042838803678750995,0.04694317728281021
rmse,climatology,surface_speed,940,0.04483106583356857,0.043552571535110475,0.04607044085860253
rmse,climatology,surface_speed,950,0.045178787658611934,0.043622898310422896,0.04641332775354386
rmse,climatology,surface_speed,960,0.04522379363576571,0.04343862161040306,0.046665359288454056
rmse,climatology,surface_speed,970,0.04498263920346896,0.043060862272977826,0.0470470130443573
rmse,climatology,surface_speed,980,0.04535908848047256,0.04336344227194786,0.04758292660117149
rmse,climatology,surface_speed,990,0.04508036548892657,0.04345088079571724,0.04635886400938034
rmse,climatology,surface_speed,1000,0.045328030238548915,0.04365335628390312,0.04632217958569527
rmse,climatology,surface_speed,1010,0.0456697886188825,0.04406795725226402,0.046874229609966275
rmse,climatology,surface_speed,1020,0.04599464560548464,0.04472480118274689,0.04726628363132477
rmse,climatology,surface_speed,1030,0.04519360090295474,0.0432994157075882,0.046573060750961306
rmse,climatology,surface_speed,1040,0.04556467086076736,0.043578670173883435,0.04786803349852562
rmse,climatology,surface_speed,1050,0.04550173282623291,0.04445023834705353,0.04666735231876373
rmse,climatology,surface_speed,1060,0.044862591475248334,0.04308884814381599,0.04614926651120186
rmse,climatology,surface_speed,1070,0.045834438006083174,0.043996992707252505,0.04756202399730682
rmse,climatology,surface_speed,1080,0.0457893247405688,0.044072792679071424,0.047448468208312986
rmse,climatology,surface_speed,1090,0.04495128020644188,0.043330519646406176,0.04649888426065445
rmse,climatology,surface_speed,1100,0.044891161968310674,0.04295739680528641,0.04697862565517426
rmse,climatology,surface_speed,1110,0.04594292193651199,0.04309683293104172,0.048025840520858766
rmse,climatology,surface_speed,1120,0.04565330495436986,0.04397306740283966,0.048389199376106265
rmse,climatology,surface_speed,1130,0.04639683465162913,0.04440016150474548,0.04803596138954162
rmse,climatology,surface_speed,1140,0.04613614430030187,0.04421334490180016,0.04763224646449089
rmse,climatology,surface_speed,1150,0.045845417430003484,0.044253087043762206,0.04779431074857712
rmse,climatology,surface_speed,1160,0.045539188136657076,0.04349518567323685,0.047848036885261534
rmse,climatology,surface_speed,1170,0.045384231954813004,0.04301229640841484,0.048170000314712524
rmse,climatology,surface_speed,1180,0.045833668361107506,0.043629591912031175,0.04786807745695114
rmse,climatology,surface_speed,1190,0.04582668021321297,0.04371409565210342,0.047657846659421924
rmse,climatology,surface_speed,1200,0.045272858689228694,0.04342802166938782,0.04653407633304596
rmse,climatology,surface_speed,1210,0.044967097540696464,0.043084707111120224,0.046784110367298126
rmse,climatology,surface_speed,1220,0.04543947180112203,0.04292628690600395,0.04827744960784912
rmse,climatology,surface_speed,1230,0.0457254762450854,0.04240855649113655,0.04831595718860626
rmse,climatology,surface_speed,1240,0.04549323916435242,0.04328054562211037,0.04769391715526581
rmse,climatology,surface_speed,1250,0.04584302380681038,0.043359725177288054,0.04779574051499367
rmse,climatology,surface_speed,1260,0.045743273198604585,0.04379907473921776,0.04735028445720672
rmse,climatology,surface_speed,1270,0.04458501090606053,0.04282833710312843,0.04616823568940163
rmse,climatology,surface_speed,1280,0.04497151896357536,0.042782916128635405,0.04668159112334251
rmse,climatology,surface_speed,1290,0.046221384406089784,0.04290197417140007,0.0480614572763443
rmse,climatology,surface_speed,1300,0.045631367216507596,0.043505449593067166,0.04871431440114975
rmse,climatology,surface_speed,1310,0.04591097384691238,0.043017002195119856,0.04863663911819458
rmse,climatology,surface_speed,1320,0.045811696102221806,0.0440913662314415,0.04731474667787552
rmse,climatology,surface_speed,1330,0.04518835296233495,0.043113411962985994,0.047462671995162964
rmse,climatology,surface_speed,1340,0.04581059242288272,0.04247612729668617,0.04789005145430565
rmse,climatology,surface_speed,1350,0.04560798356930415,0.04321181997656822,0.047936155647039416
rmse,climatology,surface_speed,1360,0.04482519676287969,0.04177972599864006,0.04813919141888619
rmse,climatology,surface_speed,1370,0.04528802881638209,0.04295322820544243,0.04831945449113846
rmse,climatology,surface_speed,1380,0.045315945893526076,0.04307037219405174,0.047168780118227005
rmse,climatology,surface_speed,1390,0.04538269639015198,0.04409584552049637,0.04672488495707512
rmse,climatology,surface_speed,1400,0.04565668975313505,0.0436388798058033,0.047795411199331284
rmse,climatology,surface_speed,1410,0.04523005758722623,0.043449144810438156,0.04718102291226387
rmse,climatology,surface_speed,1420,0.04522003208597501,0.042065012454986575,0.0478935994207859
rmse,climatology,surface_speed,1430,0.04509587536255519,0.04312226474285126,0.04739008173346519
rmse,climatology,surface_speed,1440,0.04629813780387242,0.044070702791213986,0.04861222729086876
rmse,climatology,surface_speed,1450,0.04623277485370636,0.04486434012651443,0.04754466637969017
rmse,climatology,surface_speed,1460,0.04574500024318695,0.04430956915020943,0.0471700593829155
rmse,climatology,surface_speed,1470,0.04499670614798864,0.0420659601688385,0.04732866287231445
rmse,climatology,surface_speed,1480,0.044233389447132745,0.0426295630633831,0.04579842463135719
rmse,climatology,surface_speed,1490,0.04481837376952171,0.04290525168180466,0.04735771417617798
rmse,climatology,surface_speed,1500,0.04529450163245201,0.043351782113313676,0.04773759692907333
rmse,climatology,surface_speed,1510,0.04571564346551895,0.044166752696037294,0.04725207835435867
rmse,climatology,surface_speed,1520,0.046432014554739,0.04423941746354103,0.048357142508029936
rmse,climatology,surface_speed,1530,0.0462344691157341,0.04411374926567078,0.04861973598599434
rmse,climatology,surface_speed,1540,0.045694630096356076,0.04312869533896446,0.04892309010028839
rmse,climatology,surface_speed,1550,0.046850045770406724,0.043687000125646594,0.04938866347074509
rmse,climatology,surface_speed,1560,0.04735259041190147,0.045077583938837054,0.050235706567764285
rmse,climatology,surface_speed,1570,0.04722889016071955,0.04411221668124199,0.05017729178071022
rmse,climatology,surface_speed,1580,0.04667128001650175,0.04405635446310043,0.048744868487119675
rmse,climatology,surface_speed,1590,0.04606517950693766,0.04410622864961624,0.048130820691585544
rmse,climatology,surface_speed,1600,0.045767488330602644,0.04309476763010025,0.04848798960447311
rmse,climatology,surface_speed,1610,0.04643722226222356,0.042672964930534366,0.049636800587177274
rmse,climatology,surface_speed,1620,0.046890623619159064,0.04359329342842102,0.049851701408624646
rmse,climatology,surface_speed,1630,0.04668724909424782,0.044153445214033124,0.048703791201114656
rmse,climatology,surface_speed,1640,0.04574733500679334,0.04211806058883667,0.04834356606006622
rmse,climatology,surface_speed,1650,0.04546792482336362,0.0429757684469223,0.047993017733097075
rmse,climatology,surface_speed,1660,0.046257463345925016,0.04352144449949265,0.048819602280855176
rmse,climatology,surface_speed,1670,0.04653809120257695,0.042982909828424454,0.05078820884227753
rmse,climatology,surface_speed,1680,0.0462103026608626,0.04261376112699509,0.05019638165831566
rmse,climatology,surface_speed,1690,0.046108951916297276,0.04194658771157265,0.04962879568338394
rmse,climatology,surface_speed,1700,0.04612872277696927,0.044260576367378235,0.04810370802879334
rmse,climatology,surface_speed,1710,0.04615854521592458,0.04403526335954666,0.04818263128399849
rmse,climatology,surface_speed,1720,0.04630247776707013,0.044114654511213304,0.049042320996522906
rmse,climatology,surface_speed,1730,0.04607653816541036,0.043548135459423064,0.04822431430220604
rmse,climatology,surface_speed,1740,0.045462022970120114,0.04190125688910484,0.04835464954376221
rmse,climatology,surface_speed,1750,0.04594214434425036,0.04350231140851975,0.04939815551042557
rmse,climatology,surface_speed,1760,0.04640412578980128,0.0438760980963707,0.048120904713869095
rmse,climatology,surface_speed,1770,0.0457525427142779,0.04411691129207611,0.046664869785308837
rmse,climatology,surface_speed,1780,0.04492691208918889,0.043269959092140195,0.046698986738920215
rmse,climatology,surface_speed,1790,0.04539355436960856,0.04312920048832893,0.04804677665233612
rmse,climatology,surface_speed,1800,0.04510873034596443,0.041600463539361955,0.049990461021661756
rmse,climatology,surface_speed,1810,0.045054136961698535,0.04217105880379677,0.04980069696903229
rmse,climatology,surface_speed,1820,0.04582969124118487,0.04277739897370338,0.04864085763692856
rmse,climatology,surface_speed,1830,0.046007991085449854,0.043843723833560944,0.04893476888537407
rmse,climatology,surface_speed,1840,0.04565775245428085,0.04331813901662827,0.04789978638291359
rmse,climatology,surface_speed,1850,0.04640265181660652,0.04353393763303757,0.04907386526465416
rmse,climatology,surface_speed,1860,0.04601694941520691,0.04337445646524429,0.049010492861270905
rmse,climatology,surface_speed,1870,0.045506023615598676,0.043236271291971204,0.04901058673858642
rmse,climatology,surface_speed,1880,0.04635275180141131,0.04395325630903244,0.048845579475164415
rmse,climatology,surface_speed,1890,0.04598292385538419,0.04416661858558655,0.04852219745516777
rmse,climatology,surface_speed,1900,0.04597517202297847,0.04250234737992287,0.0487418495118618
rmse,climatology,surface_speed,1910,0.046167564640442534,0.04152730703353882,0.05119428932666779
rmse,climatology,surface_speed,1920,0.04663250645001729,0.043423596769571304,0.04969817847013473
rmse,climatology,surface_speed,1930,0.04663721521695455,0.04226313605904579,0.049558055400848386
rmse,climatology,surface_speed,1940,0.04706645607948303,0.044096695631742476,0.049524901807308196
rmse,climatology,surface_speed,1950,0.04621470669905345,0.04431453123688698,0.04818741828203201
rmse,climatology,surface_speed,1960,0.046069032947222394,0.04200453758239746,0.04911341667175293
rmse,climatology,surface_speed,1970,0.04613123908638954,0.04300590753555298,0.04894701912999153
rmse,climatology,surface_speed,1980,0.045638866474231085,0.042910949885845186,0.04829400032758713
rmse,climatology,surface_speed,1990,0.04635297084848086,0.04380527809262276,0.04882060959935188
rmse,climatology,surface_speed,2000,0.04606996054450671,0.04391302019357681,0.047640369087457654
rmse,persistence,surface_speed,0,0.0,0.0,0.0
rmse,persistence,surface_speed,10,0.04956990679105123,0.04563326239585876,0.0533914752304554
rmse,persistence,surface_speed,20,0.06332089801629384,0.062238991260528564,0.06446371078491211
rmse,persistence,surface_speed,30,0.06521123821536699,0.06318126916885376,0.0679617702960968
rmse,persistence,surface_speed,40,0.06612198402484258,0.06363395154476166,0.06872159838676453
rmse,persistence,surface_speed,50,0.06128323252002398,0.0577505886554718,0.06548172682523727
rmse,persistence,surface_speed,60,0.056062118212382,0.04815881326794624,0.06071817055344582
rmse,persistence,surface_speed,70,0.056438506891330086,0.04228798747062683,0.06446197032928466
rmse,persistence,surface_speed,80,0.06034225597977638,0.05768284425139427,0.06499763578176498
rmse,persistence,surface_speed,90,0.059792893131573994,0.05565377101302147,0.06639540940523148
rmse,persistence,surface_speed,100,0.06362371568878492,0.05874298065900803,0.06817708909511566
rmse,persistence,surface_speed,110,0.06627337237199148,0.0627074770629406,0.06938166916370392
rmse,persistence,surface_speed,120,0.06539727499087651,0.058767262101173404,0.070417220890522
rmse,persistence,surface_speed,130,0.06260105669498443,0.04960736930370331,0.07016635239124298
rmse,persistence,surface_speed,140,0.06229890907804171,0.05142150819301605,0.0688428595662117
rmse,persistence,surface_speed,150,0.06271533618370692,0.05991907641291618,0.06534160673618317
rmse,persistence,surface_speed,160,0.06029793371756872,0.0543343722820282,0.06843436807394028
rmse,persistence,surface_speed,170,0.05932292242844899,0.046898120641708375,0.07283446788787842
rmse,persistence,surface_speed,180,0.061858451118071874,0.05557108074426651,0.06723296046257018
rmse,persistence,surface_speed,190,0.062111863990624745,0.05812617912888527,0.06617732793092727
rmse,persistence,surface_speed,200,0.06429056202371915,0.05479678809642792,0.07025541067123413
rmse,persistence,surface_speed,210,0.06639684985081355,0.057943545281887054,0.07069633156061172
rmse,persistence,surface_speed,220,0.06565368697047233,0.06308193206787109,0.06889335662126542
rmse,persistence,surface_speed,230,0.0624161625901858,0.05532453283667564,0.07230972051620484
rmse,persistence,surface_speed,240,0.05958890716234843,0.05186810046434402,0.07064495831727982
rmse,persistence,surface_speed,250,0.059405971815188724,0.05580849722027779,0.06331901997327805
rmse,persistence,surface_speed,260,0.06021742622057597,0.05666215792298317,0.06503665745258332
rmse,persistence,surface_speed,270,0.06258575742443402,0.05589696019887924,0.06834077090024948
rmse,persistence,surface_speed,280,0.06553129479289055,0.058530024439096454,0.07017839699983597
rmse,persistence,surface_speed,290,0.06719788188735644,0.06216723099350929,0.07145907431840896
rmse,persistence,surface_speed,300,0.06464637865622838,0.05444158315658569,0.07079241275787354
rmse,persistence,surface_speed,310,0.062006815274556475,0.05431000664830208,0.066914401948452
rmse,persistence,surface_speed,320,0.058876165002584455,0.05240813940763474,0.06364977359771729
rmse,persistence,surface_speed,330,0.05770152707894643,0.050747502595186234,0.06575887799263
rmse,persistence,surface_speed,340,0.06083879321813583,0.055452191084623334,0.06768661439418792
rmse,persistence,surface_speed,350,0.064503296961387,0.057312178611755374,0.07136444151401519
rmse,persistence,surface_speed,360,0.06476818770170212,0.05818064510822296,0.07160342037677765
rmse,persistence,surface_speed,370,0.0656184400121371,0.05650586560368538,0.07163592278957367
rmse,persistence,surface_speed,380,0.06481131861607234,0.058362624049186705,0.06963689476251603
rmse,persistence,surface_speed,390,0.06127510170141856,0.05202217698097229,0.06934099793434143
rmse,persistence,surface_speed,400,0.058886752525965376,0.051914481818675993,0.06431015282869339
rmse,persistence,surface_speed,410,0.05821219806869825,0.050666704028844836,0.0663062185049057
rmse,persistence,surface_speed,420,0.05948598235845566,0.05195017829537392,0.06871692538261413
rmse,persistence,surface_speed,430,0.06349322125315666,0.058554458618164065,0.06756562292575836
rmse,persistence,surface_speed,440,0.06205837925275167,0.055968587100505826,0.06870544999837876
rmse,persistence,surface_speed,450,0.060872754206260045,0.052418884634971616,0.07081533968448639
rmse,persistence,surface_speed,460,0.06338374416033427,0.058107484877109525,0.06939692944288253
rmse,persistence,surface_speed,470,0.06346330195665359,0.0593374527990818,0.06966293901205063
rmse,persistence,surface_speed,480,0.06118109201391538,0.05247295573353768,0.06976086497306823
rmse,persistence,surface_speed,490,0.0602959377070268,0.05316155403852463,0.06771215349435807
rmse,persistence,surface_speed,500,0.05886809478203456,0.054203754663467406,0.0677815854549408
rmse,persistence,surface_speed,510,0.06086067333817482,0.05337413772940636,0.06729523688554764
rmse,persistence,surface_speed,520,0.06289432967702548,0.05197222232818603,0.07045463472604752
rmse,persistence,surface_speed,530,0.06532967065771421,0.058672713488340376,0.07082706689834595
rmse,persistence,surface_speed,540,0.0666602777938048,0.06198454648256302,0.07072669714689254
rmse,persistence,surface_speed,550,0.0643021839360396,0.05754782482981682,0.07096887975931168
rmse,persistence,surface_speed,560,0.05850001722574234,0.05014980360865593,0.0684239238500595
rmse,persistence,surface_speed,570,0.05919647539655368,0.05266912505030632,0.06578220874071121
rmse,persistence,surface_speed,580,0.05983642265200615,0.053817549347877504,0.06507968753576279
rmse,persistence,surface_speed,590,0.05904576579729716,0.0501803919672966,0.06756777763366699
rmse,persistence,surface_speed,600,0.06255252237121264,0.051336873322725296,0.0704679936170578
rmse,persistence,surface_speed,610,0.06431699693202972,0.0617113821208477,0.06936686187982559
rmse,persistence,surface_speed,620,0.06244695757826169,0.053620702028274535,0.07194382250308991
rmse,persistence,surface_speed,630,0.06290308559934298,0.054873349517583846,0.07058724164962768
rmse,persistence,surface_speed,640,0.06234852870305379,0.058186765760183334,0.06711029708385467
rmse,persistence,surface_speed,650,0.060074401646852495,0.05339275971055031,0.0662373960018158
rmse,persistence,surface_speed,660,0.05976635043819745,0.04655484035611153,0.06919455081224442
rmse,persistence,surface_speed,670,0.062196309119462966,0.053534967452287675,0.06760230362415313
rmse,persistence,surface_speed,680,0.06423822169502576,0.05769603624939919,0.06884723901748657
rmse,persistence,surface_speed,690,0.0647094336648782,0.05257878452539444,0.0705300897359848
rmse,persistence,surface_speed,700,0.06267445261279742,0.054546835273504256,0.07008362710475921
rmse,persistence,surface_speed,710,0.060221122950315474,0.05332764610648155,0.06781055778265
rmse,persistence,surface_speed,720,0.06107732479770978,0.05225598737597466,0.07138679027557374
rmse,persistence,surface_speed,730,0.06291315058867136,0.04693675860762596,0.07156481146812439
rmse,persistence,surface_speed,740,0.06400745337208112,0.057304929941892624,0.06924552470445633
rmse,persistence,surface_speed,750,0.06352888767917951,0.056521497666835785,0.06924388110637665
rmse,persistence,surface_speed,760,0.058889124045769375,0.05078193172812462,0.06798027753829956
rmse,persistence,surface_speed,770,0.05932012299696605,0.0527020514011383,0.06734075248241425
rmse,persistence,surface_speed,780,0.06327500293652216,0.057635043561458585,0.06797895431518555
rmse,persistence,surface_speed,790,0.06586141710480055,0.05891426801681519,0.07385842949151993
rmse,persistence,surface_speed,800,0.06738553792238236,0.06434424817562104,0.07170642912387848
rmse,persistence,surface_speed,810,0.06651339034239451,0.06215338334441185,0.06954201310873032
rmse,persistence,surface_speed,820,0.06195220152537028,0.05638545975089073,0.0677517145872116
rmse,persistence,surface_speed,830,0.057359519352515535,0.05007438734173775,0.0651935562491417
rmse,persistence,surface_speed,840,0.0579155961672465,0.049520178139209746,0.0668048158288002
rmse,persistence,surface_speed,850,0.06232795144120852,0.05442037656903267,0.07005188018083572
rmse,persistence,surface_speed,860,0.06614411373933156,0.06256966292858124,0.07212730497121811
rmse,persistence,surface_speed,870,0.06769013876716296,0.06099531278014183,0.07238792181015015
rmse,persistence,surface_speed,880,0.0656638706723849,0.0576007179915905,0.07020570039749145
rmse,persistence,surface_speed,890,0.06258345569173494,0.057158786058425906,0.06884016394615174
rmse,persistence,surface_speed,900,0.058588363726933795,0.05222327634692192,0.06415087580680848
rmse,persistence,surface_speed,910,0.05751746023694674,0.05061509162187576,0.06547445505857467
rmse,persistence,surface_speed,920,0.06083037033677101,0.05303104817867279,0.06784198135137558
rmse,persistence,surface_speed,930,0.06517326906323433,0.05836222544312477,0.07101916223764419
rmse,persistence,surface_speed,940,0.06611318166057269,0.05622941181063652,0.07157770246267318
rmse,persistence,surface_speed,950,0.06732263589898745,0.06267560571432114,0.07078262120485306
rmse,persistence,surface_speed,960,0.06398594453930855,0.05967957004904747,0.06762663125991822
rmse,persistence,surface_speed,970,0.05911621898412704,0.05531744807958603,0.0662064328789711
rmse,persistence,surface_speed,980,0.05629043057560921,0.05139435827732086,0.06160842776298523
rmse,persistence,surface_speed,990,0.05738644202550252,0.049106253683567046,0.06588187962770461
rmse,persistence,surface_speed,1000,0.06414270028471947,0.058698953688144685,0.06958389580249787
rmse,persistence,surface_speed,1010,0.06845789601405462,0.0651353195309639,0.0718180000782013
rmse,persistence,surface_speed,1020,0.06733311091860135,0.06397921293973922,0.07136878073215484
rmse,persistence,surface_speed,1030,0.06234109674890836,0.05768540278077126,0.06749406605958938
rmse,persistence,surface_speed,1040,0.05929291198650996,0.05422196909785271,0.0635160744190216
rmse,persistence,surface_speed,1050,0.05687846144040425,0.05207323953509331,0.06400753706693649
rmse,persistence,surface_speed,1060,0.059624192366997404,0.04620804637670517,0.06875966191291809
rmse,persistence,surface_speed,1070,0.06600408554077149,0.06007915958762169,0.07188708782196045
rmse,persistence,surface_speed,1080,0.06840279052654902,0.0655396193265915,0.07038151770830155
rmse,persistence,surface_speed,1090,0.06653557941317559,0.060551448911428454,0.0715351089835167
rmse,persistence,surface_speed,1100,0.0632030429939429,0.05283051654696465,0.07001862227916718
rmse,persistence,surface_speed,1110,0.0599603570997715,0.05220209211111069,0.06486651003360748
rmse,persistence,surface_speed,1120,0.05685730998714765,0.050232135504484174,0.06483831256628036
rmse,persistence,surface_speed,1130,0.06084324320157369,0.053509490191936494,0.06773258000612259
rmse,persistence,surface_speed,1140,0.06613005896409353,0.06255369707942009,0.0702872946858406
rmse,persistence,surface_speed,1150,0.066382547467947,0.062046308815479276,0.070277900993824
rmse,persistence,surface_speed,1160,0.06547763124108315,0.05541601255536079,0.07067550718784332
rmse,persistence,surface_speed,1170,0.06130962818861008,0.053949666768312456,0.06833928376436234
rmse,persistence,surface_speed,1180,0.05861955061554909,0.04992838725447655,0.0665875419974327
rmse,persistence,surface_speed,1190,0.060385838399330774,0.051396464556455614,0.06914944499731064
rmse,persistence,surface_speed,1200,0.06366138930122058,0.05877939462661743,0.07094286978244782
rmse,persistence,surface_speed,1210,0.062278892596562704,0.05339420214295387,0.07053421586751937
rmse,persistence,surface_speed,1220,0.06421639521916707,0.05767168998718262,0.07010834068059921
rmse,persistence,surface_speed,1230,0.064509084324042,0.05817903727293015,0.07097069323062896
rmse,persistence,surface_speed,1240,0.06293872147798538,0.05313637405633927,0.072161366045475
rmse,persistence,surface_speed,1250,0.06294216016928354,0.05001397281885147,0.07223418951034546
rmse,persistence,surface_speed,1260,0.062334310511747995,0.05746355801820755,0.0673354685306549
rmse,persistence,surface_speed,1270,0.06020616367459297,0.053258373588323596,0.06657906174659729
rmse,persistence,surface_speed,1280,0.060518550624450045,0.05418601781129837,0.06986159831285477
rmse,persistence,surface_speed,1290,0.06498368630806604,0.05722875595092773,0.07113215178251267
rmse,persistence,surface_speed,1300,0.06689580082893372,0.06321960687637329,0.07018942087888717
rmse,persistence,surface_speed,1310,0.06646988118688266,0.05707268118858337,0.07258785367012024
rmse,persistence,surface_speed,1320,0.062167439609766006,0.0518775075674057,0.06891310960054398
rmse,persistence,surface_speed,1330,0.05676547661423683,0.045552988350391385,0.0643438681960106
rmse,persistence,surface_speed,1340,0.05836418345570564,0.05299865677952766,0.06428848057985306
rmse,persistence,surface_speed,1350,0.06318466737866402,0.057844382524490354,0.07032953053712845
rmse,persistence,surface_speed,1360,0.06487795089681943,0.061766352504491806,0.06857572048902512
rmse,persistence,surface_speed,1370,0.06652623489499092,0.061835753917694095,0.07145967483520507
rmse,persistence,surface_speed,1380,0.0653230515619119,0.05786876231431961,0.07302664518356324
rmse,persistence,surface_speed,1390,0.06423931742707888,0.0517925001680851,0.06934566646814347
rmse,persistence,surface_speed,1400,0.062395728379487994,0.05593597441911698,0.07202112227678299
rmse,persistence,surface_speed,1410,0.062134300669034324,0.05528053566813469,0.06917483657598496
rmse,persistence,surface_speed,1420,0.06171079526344935,0.05402674302458763,0.0684307336807251
rmse,persistence,surface_speed,1430,0.06222190633416176,0.05410454198718071,0.06881494522094726
rmse,persistence,surface_speed,1440,0.06503156473239263,0.057114043086767194,0.07181735187768937
rmse,persistence,surface_speed,1450,0.0658608061571916,0.059275639802217485,0.07047165632247925
rmse,persistence,surface_speed,1460,0.0642987976471583,0.0527219757437706,0.07203022092580795
rmse,persistence,surface_speed,1470,0.060641557723283765,0.05598502829670906,0.0685351699590683
rmse,persistence,surface_speed,1480,0.05991885910431544,0.05589984804391861,0.06364739537239075
rmse,persistence,surface_speed,1490,0.05948009962836901,0.049669652432203296,0.06573671996593475
rmse,persistence,surface_speed,1500,0.0625150665640831,0.04939929693937302,0.07026070952415467
rmse,persistence,surface_speed,1510,0.06595429157217343,0.062052179127931595,0.06959600597620011
rmse,persistence,surface_speed,1520,0.06615335047245026,0.06173570603132248,0.07005675435066223
rmse,persistence,surface_speed,1530,0.065386180828015,0.05909226164221763,0.07110628187656402
rmse,persistence,surface_speed,1540,0.06410228783885638,0.05343088284134865,0.07076939195394516
rmse,persistence,surface_speed,1550,0.06430726051330567,0.056776522845029834,0.07231438905000687
rmse,persistence,surface_speed,1560,0.06348356480399768,0.05022705122828484,0.07210777401924133
rmse,persistence,surface_speed,1570,0.06275311832626661,0.053363341838121414,0.06970430910587311
rmse,persistence,surface_speed,1580,0.06095634897549947,0.05383340418338776,0.06459618955850602
rmse,persistence,surface_speed,1590,0.06240956435600917,0.05476806983351708,0.06955772042274475
rmse,persistence,surface_speed,1600,0.0643885391453902,0.05781688913702965,0.06940641701221466
rmse,persistence,surface_speed,1610,0.06402801051735878,0.051582679897546765,0.07279720604419708
rmse,persistence,surface_speed,1620,0.0654069850842158,0.05773561522364616,0.07437224686145782
rmse,persistence,surface_speed,1630,0.06573126862446467,0.058602117002010345,0.07449790984392166
rmse,persistence,surface_speed,1640,0.06354082102576891,0.05576443001627922,0.06892576217651367
rmse,persistence,surface_speed,1650,0.06177917644381523,0.05695847272872925,0.06616481244564057
rmse,persistence,surface_speed,1660,0.06308303798238436,0.054770837724208835,0.07038635462522506
rmse,persistence,surface_speed,1670,0.06385008717576662,0.059336211532354355,0.06894377917051316
rmse,persistence,surface_speed,1680,0.06369289035598437,0.05966175496578217,0.06800060272216797
rmse,persistence,surface_speed,1690,0.06484723836183548,0.055092848092317584,0.0695639654994011
rmse,persistence,surface_speed,1700,0.0662894643843174,0.05699772238731384,0.07164009809494018
rmse,persistence,surface_speed,1710,0.06653851767381032,0.06213150545954704,0.07159228324890136
rmse,persistence,surface_speed,1720,0.06359919135769208,0.0566834382712841,0.0686013787984848
rmse,persistence,surface_speed,1730,0.062123512973388036,0.053751107305288315,0.06890276670455933
rmse,persistence,surface_speed,1740,0.060328606764475504,0.05544152781367302,0.06646115928888321
rmse,persistence,surface_speed,1750,0.06173504069447518,0.05743422880768776,0.06804895251989365
rmse,persistence,surface_speed,1760,0.062400408834218976,0.05447405204176903,0.06809585839509964
rmse,persistence,surface_speed,1770,0.064755463351806,0.05499205514788628,0.07098640948534012
rmse,persistence,surface_speed,1780,0.06458359137177468,0.06100332960486412,0.06923031210899352
rmse,persistence,surface_speed,1790,0.06654518147309621,0.06241468638181687,0.07023400515317917
rmse,persistence,surface_speed,1800,0.06364894608656566,0.057812629640102385,0.06949173957109452
rmse,persistence,surface_speed,1810,0.05910952587922414,0.052711257338523866,0.06326764076948166
rmse,persistence,surface_speed,1820,0.0584574597577254,0.05460951253771782,0.0635634645819664
rmse,persistence,surface_speed,1830,0.05945310691992442,0.052717721462249754,0.06500657647848129
rmse,persistence,surface_speed,1840,0.06453463012973468,0.058612671494483945,0.0678110271692276
rmse,persistence,surface_speed,1850,0.06705891514817873,0.06322514861822129,0.07200304567813873
rmse,persistence,surface_speed,1860,0.06556803981463115,0.05727662220597267,0.07369232326745986
rmse,persistence,surface_speed,1870,0.0635547955830892,0.05786708444356918,0.07070688307285308
rmse,persistence,surface_speed,1880,0.060350539286931355,0.057492253929376604,0.06468999534845352
rmse,persistence,surface_speed,1890,0.059858965377012886,0.05422035306692123,0.06507564634084702
rmse,persistence,surface_speed,1900,0.061825473854939146,0.05705181136727333,0.0662512093782425
rmse,persistence,surface_speed,1910,0.06305725624163945,0.05738993808627128,0.0684528261423111
rmse,persistence,surface_speed,1920,0.06731471469004949,0.06412824392318725,0.07020178735256195
rmse,persistence,surface_speed,1930,0.06753343443075815,0.0646904543042183,0.07272739857435226
rmse,persistence,surface_speed,1940,0.06789452359080314,0.061654504388570786,0.07453807592391967
rmse,persistence,surface_speed,1950,0.06663375645875931,0.05760360136628151,0.07294895201921463
rmse,persistence,surface_speed,1960,0.06410803472002348,0.05428207963705063,0.0687320351600647
rmse,persistence,surface_speed,1970,0.06071159765124321,0.05515202805399895,0.06960247606039047
rmse,persistence,surface_speed,1980,0.05829380750656128,0.05234963968396187,0.07007314264774323
rmse,persistence,surface_speed,1990,0.061093426992495856,0.0551741972565651,0.06521411389112472
rmse,persistence,surface_speed,2000,0.06542959362268448,0.06008996739983559,0.0715013712644577
rmse,model,phihyd_surface,0,0.0,0.0,0.0
rmse,model,phihyd_surface,10,0.09140044649442038,0.0762085497379303,0.10941785126924515
rmse,model,phihyd_surface,20,0.14096475491921107,0.10398917943239212,0.1687009662389755
rmse,model,phihyd_surface,30,0.1831571747859319,0.13361575007438659,0.23089317083358765
rmse,model,phihyd_surface,40,0.2168061763048172,0.1464708060026169,0.2503023505210876
rmse,model,phihyd_surface,50,0.24691802362600962,0.18399794697761535,0.2962128400802612
rmse,model,phihyd_surface,60,0.2752414345741272,0.21535380482673644,0.35008756518363954
rmse,model,phihyd_surface,70,0.29948393801848094,0.22572944164276124,0.38183125853538513
rmse,model,phihyd_surface,80,0.3212555209795634,0.2611085534095764,0.40448086261749266
rmse,model,phihyd_surface,90,0.3438924451669057,0.2647529423236847,0.4458817422389984
rmse,model,phihyd_surface,100,0.3606430172920227,0.27256269454956056,0.48074877858161924
rmse,model,phihyd_surface,110,0.3774824062983195,0.298682963848114,0.4817377746105194
rmse,model,phihyd_surface,120,0.39007978439331054,0.30772164463996887,0.4868335425853729
rmse,model,phihyd_surface,130,0.40723457336425783,0.34524478316307067,0.514343011379242
rmse,model,phihyd_surface,140,0.4176550149917603,0.3701454997062683,0.5004490971565246
rmse,model,phihyd_surface,150,0.4242946167786916,0.3778263688087463,0.49423803091049195
rmse,model,phihyd_surface,160,0.44361206889152527,0.387184876203537,0.5297313928604126
rmse,model,phihyd_surface,170,0.4569723069667816,0.4095650494098663,0.5228482723236084
rmse,model,phihyd_surface,180,0.46350948611895243,0.41326466798782346,0.5183043122291565
rmse,model,phihyd_surface,190,0.466465026140213,0.437902969121933,0.509070885181427
rmse,model,phihyd_surface,200,0.46762818892796837,0.44229899644851683,0.5081530809402466
rmse,model,phihyd_surface,210,0.48177146514256797,0.4435312271118164,0.5339933037757874
rmse,model,phihyd_surface,220,0.5020465890566508,0.455659282207489,0.562659502029419
rmse,model,phihyd_surface,230,0.5047605534394582,0.45070818066596985,0.5587040185928345
rmse,model,phihyd_surface,240,0.5054806013902028,0.42528788447380067,0.5622156381607055
rmse,model,phihyd_surface,250,0.5021515051523845,0.4213482916355133,0.5510612845420837
rmse,model,phihyd_surface,260,0.5015747626622518,0.4097230851650238,0.5555618405342102
rmse,model,phihyd_surface,270,0.5094198723634084,0.41710224747657776,0.5792517304420471
rmse,model,phihyd_surface,280,0.5109209616978964,0.43179125189781187,0.5779572010040284
rmse,model,phihyd_surface,290,0.5101175169150035,0.4403935492038727,0.5641798973083496
rmse,model,phihyd_surface,300,0.5200498541196187,0.44668124318122865,0.5836212038993835
rmse,model,phihyd_surface,310,0.5209831396738688,0.4328887820243835,0.5912304401397706
rmse,model,phihyd_surface,320,0.5180990159511566,0.44785823822021487,0.5664732217788696
rmse,model,phihyd_surface,330,0.5304754356543223,0.4882231593132019,0.5812480688095093
rmse,model,phihyd_surface,340,0.5401417354742686,0.48764474391937257,0.6082458853721618
rmse,model,phihyd_surface,350,0.5455144166946411,0.4920442998409271,0.6107859015464783
rmse,model,phihyd_surface,360,0.550128169854482,0.495610898733139,0.6359147787094116
rmse,model,phihyd_surface,370,0.5631909628709157,0.5020230829715728,0.6033501386642456
rmse,model,phihyd_surface,380,0.5725276112556458,0.5116798758506775,0.606672465801239
rmse,model,phihyd_surface,390,0.5798991362253825,0.5176300883293152,0.6593872547149657
rmse,model,phihyd_surface,400,0.5941336313883464,0.5241716980934144,0.6711480736732482
rmse,model,phihyd_surface,410,0.6011677066485087,0.5380119562149048,0.6642911791801452
rmse,model,phihyd_surface,420,0.6223530332247417,0.553111469745636,0.7108399987220764
rmse,model,phihyd_surface,430,0.6375855366388957,0.553576672077179,0.6940869688987732
rmse,model,phihyd_surface,440,0.6416887005170187,0.5753864407539367,0.6943470716476441
rmse,model,phihyd_surface,450,0.6564523140589397,0.5995891571044922,0.7401941180229187
rmse,model,phihyd_surface,460,0.6464293440183003,0.6030692219734192,0.7062148928642273
rmse,model,phihyd_surface,470,0.6348363200823466,0.5941106677055359,0.6932728528976441
rmse,model,phihyd_surface,480,0.6413152972857158,0.6030858159065247,0.6934317946434021
rmse,model,phihyd_surface,490,0.6457370559374491,0.6071308612823486,0.6990968585014343
rmse,model,phihyd_surface,500,0.6230792880058289,0.57585529088974,0.6591053962707519
rmse,model,phihyd_surface,510,0.6128309806187947,0.5530714988708496,0.6576446771621705
rmse,model,phihyd_surface,520,0.6112601041793824,0.5308253645896912,0.6694170594215393
rmse,model,phihyd_surface,530,0.5960990269978841,0.5053180575370788,0.6628105998039245
rmse,model,phihyd_surface,540,0.5822233200073242,0.5164331316947937,0.6549224734306335
rmse,model,phihyd_surface,550,0.5834738254547119,0.5133155465126038,0.6583063960075378
rmse,model,phihyd_surface,560,0.5746631364027659,0.49797082543373106,0.6454173803329468
rmse,model,phihyd_surface,570,0.5707538525263468,0.4945140600204468,0.6484935402870178
rmse,model,phihyd_surface,580,0.5791427393754324,0.4775197446346283,0.675635552406311
rmse,model,phihyd_surface,590,0.5822469115257263,0.489620304107666,0.6843208074569702
rmse,model,phihyd_surface,600,0.5919618507226309,0.5245948553085327,0.6601617217063904
rmse,model,phihyd_surface,610,0.6005050480365753,0.5025659203529358,0.6785872340202331
rmse,model,phihyd_surface,620,0.5978301664193472,0.5218013405799866,0.6696634531021118
rmse,model,phihyd_surface,630,0.6048785090446472,0.5516997575759888,0.6593307852745056
rmse,model,phihyd_surface,640,0.6175628741582234,0.5477263450622558,0.6727958440780639
rmse,model,phihyd_surface,650,0.6246161739031474,0.5509389162063598,0.6719656944274902
rmse,model,phihyd_surface,660,0.6362151066462199,0.5528635859489441,0.7291219234466553
rmse,model,phihyd_surface,670,0.648551364739736,0.5535062074661254,0.7286319017410278
rmse,model,phihyd_surface,680,0.6438343405723572,0.5442964196205139,0.6925515770912171
rmse,model,phihyd_surface,690,0.6558920701344808,0.5470948815345764,0.7582133173942566
rmse,model,phihyd_surface,700,0.6595218817392985,0.5415471434593201,0.757530951499939
rmse,model,phihyd_surface,710,0.6552143871784211,0.552033805847168,0.7233846068382264
rmse,model,phihyd_surface,720,0.6541997293631235,0.5476065874099731,0.7071366786956788
rmse,model,phihyd_surface,730,0.6470464249451955,0.5549916148185731,0.6958396673202515
rmse,model,phihyd_surface,740,0.6393875380357107,0.5744719743728638,0.6977426648139954
rmse,model,phihyd_surface,750,0.6546510775883992,0.5524133205413818,0.718254005908966
rmse,model,phihyd_surface,760,0.641969899336497,0.5595498919487,0.7206550717353821
rmse,model,phihyd_surface,770,0.6417316714922587,0.5575207710266114,0.7095706343650818
rmse,model,phihyd_surface,780,0.6418657898902893,0.5408125638961792,0.7238693237304688
rmse,model,phihyd_surface,790,0.6428051948547363,0.5663241267204284,0.7279535055160522
rmse,model,phihyd_surface,800,0.6523276527722677,0.5935623168945312,0.7069657206535339
rmse,model,phihyd_surface,810,0.6534163037935893,0.5754360675811767,0.6982861399650574
rmse,model,phihyd_surface,820,0.6521982947985331,0.5918450593948364,0.7160886049270629
rmse,model,phihyd_surface,830,0.6482695460319519,0.5743275880813599,0.7007453203201294
rmse,model,phihyd_surface,840,0.6366184115409851,0.5717399835586547,0.6922172427177429
rmse,model,phihyd_surface,850,0.6463613669077556,0.5901879787445068,0.7085734844207764
rmse,model,phihyd_surface,860,0.6523839354515075,0.5958201885223389,0.7163153171539307
rmse,model,phihyd_surface,870,0.6425911903381347,0.5830944061279297,0.7005452752113343
rmse,model,phihyd_surface,880,0.649485464890798,0.6044302463531495,0.7029018878936768
rmse,model,phihyd_surface,890,0.6514060020446777,0.5904599308967591,0.7111643433570862
rmse,model,phihyd_surface,900,0.6387905001640319,0.5841840744018555,0.6821463704109192
rmse,model,phihyd_surface,910,0.6410409331321716,0.5763336777687073,0.7270371794700623
rmse,model,phihyd_surface,920,0.6485479911168416,0.5761378884315491,0.711587917804718
rmse,model,phihyd_surface,930,0.6502782305081686,0.5704152703285217,0.7200555920600891
rmse,model,phihyd_surface,940,0.6387179295221964,0.5667724370956421,0.7254805564880371
rmse,model,phihyd_surface,950,0.6333300113677979,0.5651624441146851,0.7211060881614685
rmse,model,phihyd_surface,960,0.6286638975143433,0.5488691449165344,0.7226813077926636
rmse,model,phihyd_surface,970,0.6286909302075704,0.5410441994667053,0.7119143724441528
rmse,model,phihyd_surface,980,0.6222227156162262,0.5299314379692077,0.6863968968391418
rmse,model,phihyd_surface,990,0.6194602409998576,0.5272587656974792,0.6944866180419922
rmse,model,phihyd_surface,1000,0.6098752121130625,0.5130205988883972,0.7052949547767638
rmse,model,phihyd_surface,1010,0.6169133663177491,0.5188921451568603,0.7173339247703552
rmse,model,phihyd_surface,1020,0.6125203351179759,0.5303029775619507,0.7122636795043945
rmse,model,phihyd_surface,1030,0.6009891013304393,0.5090398907661438,0.6954902768135071
rmse,model,phihyd_surface,1040,0.620922342936198,0.5561837792396546,0.7262267231941223
rmse,model,phihyd_surface,1050,0.6291615247726441,0.5370506882667542,0.7106600642204285
rmse,model,phihyd_surface,1060,0.6456918875376384,0.5902094364166259,0.7106293320655823
rmse,model,phihyd_surface,1070,0.6665029327074686,0.5896272301673889,0.7468282341957092
rmse,model,phihyd_surface,1080,0.6510916074117025,0.5610312223434448,0.7227787852287293
rmse,model,phihyd_surface,1090,0.6664587418238322,0.5939884424209595,0.7773858547210694
rmse,model,phihyd_surface,1100,0.6702067534128825,0.5612904310226441,0.7936582446098328
rmse,model,phihyd_surface,1110,0.6705575545628866,0.5417807698249817,0.7486479878425598
rmse,model,phihyd_surface,1120,0.6731748739878337,0.5330795645713806,0.8326337933540344
rmse,model,phihyd_surface,1130,0.6810629566510519,0.5435431718826294,0.7995801210403443
rmse,model,phihyd_surface,1140,0.6679898818333944,0.5573599100112915,0.7556224465370178
rmse,model,phihyd_surface,1150,0.6619184851646424,0.5451964020729065,0.7433947563171387
rmse,model,phihyd_surface,1160,0.6644652287165324,0.5830378055572509,0.7514457702636719
rmse,model,phihyd_surface,1170,0.6731276830037435,0.565463387966156,0.7432173728942871
rmse,model,phihyd_surface,1180,0.6559852441151937,0.6026533007621765,0.7410776853561402
rmse,model,phihyd_surface,1190,0.6486281434694926,0.5588162660598754,0.7526184201240539
rmse,model,phihyd_surface,1200,0.6514599323272705,0.6080982208251953,0.7105367302894592
rmse,model,phihyd_surface,1210,0.6452359398206075,0.5865749955177307,0.7057834506034851
rmse,model,phihyd_surface,1220,0.6489026625951131,0.603927743434906,0.7067351937294006
rmse,model,phihyd_surface,1230,0.6622560103734334,0.6195983529090882,0.7186664938926697
rmse,model,phihyd_surface,1240,0.6523115595181783,0.6022695064544678,0.6915985703468323
rmse,model,phihyd_surface,1250,0.6749486446380615,0.6263863325119019,0.7356175184249878
rmse,model,phihyd_surface,1260,0.6618871966997782,0.6201441764831543,0.7080235242843628
rmse,model,phihyd_surface,1270,0.6550109624862671,0.5893494963645936,0.7060876607894897
rmse,model,phihyd_surface,1280,0.6716473380724589,0.6046823263168335,0.7291431784629822
rmse,model,phihyd_surface,1290,0.653794014453888,0.5749781847000122,0.728361415863037
rmse,model,phihyd_surface,1300,0.6748977541923523,0.606314754486084,0.7770060777664185
rmse,model,phihyd_surface,1310,0.6925015608469646,0.6158258318901062,0.7669658541679383
rmse,model,phihyd_surface,1320,0.6729321797688802,0.6270742177963257,0.7211991548538208
rmse,model,phihyd_surface,1330,0.6933570027351379,0.5883001446723938,0.8323111772537231
rmse,model,phihyd_surface,1340,0.7026632825533549,0.5911637663841247,0.8004228949546814
rmse,model,phihyd_surface,1350,0.6842239618301391,0.6154801964759826,0.7690776705741882
rmse,model,phihyd_surface,1360,0.6893611351648966,0.5627379179000854,0.7814642906188964
rmse,model,phihyd_surface,1370,0.695319930712382,0.6256080269813538,0.8068033456802368
rmse,model,phihyd_surface,1380,0.6783202091852824,0.6025457739830017,0.793824565410614
rmse,model,phihyd_surface,1390,0.6770476142565409,0.5988715410232544,0.7670885562896729
rmse,model,phihyd_surface,1400,0.6968634168306986,0.6104389309883118,0.8074124932289124
rmse,model,phihyd_surface,1410,0.6883280038833618,0.6113412499427795,0.7527904510498047
rmse,model,phihyd_surface,1420,0.699541179339091,0.5980652928352356,0.7822222471237182
rmse,model,phihyd_surface,1430,0.7130206267038981,0.6062568187713623,0.8039360284805298
rmse,model,phihyd_surface,1440,0.7090456446011861,0.6388905286788941,0.7626254558563232
rmse,model,phihyd_surface,1450,0.7237101038297017,0.6201481223106384,0.8063659071922302
rmse,model,phihyd_surface,1460,0.739027754465739,0.6299473166465759,0.8341749548912049
rmse,model,phihyd_surface,1470,0.7325048526128133,0.6397858262062073,0.8139625906944274
rmse,model,phihyd_surface,1480,0.731239930788676,0.648123824596405,0.8183828592300415
rmse,model,phihyd_surface,1490,0.7415313561757405,0.6448170781135559,0.8464311599731446
rmse,model,phihyd_surface,1500,0.7243972261746724,0.6287961840629578,0.7890904903411865
rmse,model,phihyd_surface,1510,0.7366017858187358,0.6229669928550721,0.8674403071403504
rmse,model,phihyd_surface,1520,0.7251322388648986,0.6662473320960999,0.7981344103813172
rmse,model,phihyd_surface,1530,0.6955753882726033,0.6344335913658142,0.7331007838249206
rmse,model,phihyd_surface,1540,0.7137235323588054,0.631207811832428,0.7981267690658569
rmse,model,phihyd_surface,1550,0.6993121425310771,0.6349593162536621,0.7756635665893554
rmse,model,phihyd_surface,1560,0.6815428137779236,0.6299001455307007,0.7490180015563965
rmse,model,phihyd_surface,1570,0.6989769101142883,0.6295767545700073,0.7769512057304382
rmse,model,phihyd_surface,1580,0.6768149574597676,0.58519948720932,0.7590348124504089
rmse,model,phihyd_surface,1590,0.6613888025283814,0.5714133143424988,0.7110080122947693
rmse,model,phihyd_surface,1600,0.669786250591278,0.5944051861763,0.7372865676879883
rmse,model,phihyd_surface,1610,0.6907467325528462,0.6334787964820862,0.8100831031799316
rmse,model,phihyd_surface,1620,0.6882686257362366,0.5989172577857971,0.7508362889289856
rmse,model,phihyd_surface,1630,0.6917537887891133,0.6277352094650268,0.7422150135040283
rmse,model,phihyd_surface,1640,0.6964454650878906,0.6352722644805908,0.7737700462341308
rmse,model,phihyd_surface,1650,0.6817165414492289,0.6177420139312744,0.7457055807113647
rmse,model,phihyd_surface,1660,0.6674582242965699,0.6023422360420227,0.7148948311805725
rmse,model,phihyd_surface,1670,0.6967187960942586,0.6272019386291504,0.778318178653717
rmse,model,phihyd_surface,1680,0.6759284575780232,0.615867805480957,0.7516539931297302
rmse,model,phihyd_surface,1690,0.6698960979779561,0.5795628070831299,0.740188992023468
rmse,model,phihyd_surface,1700,0.7072168906529744,0.6177306175231934,0.8639297604560852
rmse,model,phihyd_surface,1710,0.7127413233121236,0.6178516030311585,0.7879120469093323
rmse,model,phihyd_surface,1720,0.7262169241905212,0.6410663604736329,0.8305291652679443
rmse,model,phihyd_surface,1730,0.7482703963915507,0.6448014259338379,0.8804704070091247
rmse,model,phihyd_surface,1740,0.7435420155525208,0.6542887091636658,0.8388537287712097
rmse,model,phihyd_surface,1750,0.722069791952769,0.6302626252174377,0.8241445064544678
rmse,model,phihyd_surface,1760,0.7235335350036621,0.6644592165946961,0.7867321848869324
rmse,model,phihyd_surface,1770,0.7088126182556153,0.618724775314331,0.8054503440856934
rmse,model,phihyd_surface,1780,0.7034855286280314,0.653123426437378,0.7801874995231628
rmse,model,phihyd_surface,1790,0.7065803488095601,0.6241320013999939,0.783547830581665
rmse,model,phihyd_surface,1800,0.7108222524325053,0.6182421684265137,0.7925801157951355
rmse,model,phihyd_surface,1810,0.7242640097935994,0.6635315179824829,0.7993285655975342
rmse,model,phihyd_surface,1820,0.7260106841723124,0.6392904996871949,0.8164371252059937
rmse,model,phihyd_surface,1830,0.7259667038917541,0.6516695141792297,0.8208330035209656
rmse,model,phihyd_surface,1840,0.7239261746406556,0.6648302197456359,0.7682738542556763
rmse,model,phihyd_surface,1850,0.7212311228116354,0.6571466326713562,0.7625029802322387
rmse,model,phihyd_surface,1860,0.6970709760983785,0.6542747378349304,0.7579353451728821
rmse,model,phihyd_surface,1870,0.7045237382253011,0.6323431730270386,0.7692685127258301
rmse,model,phihyd_surface,1880,0.7052489161491394,0.6232792019844056,0.8095207452774048
rmse,model,phihyd_surface,1890,0.6910717288653055,0.6176560044288635,0.7738176107406616
rmse,model,phihyd_surface,1900,0.7015740434328716,0.6141837120056153,0.8576024174690245
rmse,model,phihyd_surface,1910,0.7120868484179179,0.6274803280830383,0.8133485913276672
rmse,model,phihyd_surface,1920,0.7256263613700866,0.6174104571342468,0.8103716731071472
rmse,model,phihyd_surface,1930,0.7416496316591898,0.672131335735321,0.8721367359161377
rmse,model,phihyd_surface,1940,0.7511643012364705,0.6282821655273437,0.8653923869132996
rmse,model,phihyd_surface,1950,0.7673316081364949,0.6802502155303956,0.8942092180252075
rmse,model,phihyd_surface,1960,0.7728652079900106,0.6811134219169617,0.920573890209198
rmse,model,phihyd_surface,1970,0.7707589785257976,0.618050479888916,0.866764485836029
rmse,model,phihyd_surface,1980,0.7700700402259827,0.654165530204773,0.8860854744911194
rmse,model,phihyd_surface,1990,0.7344723145167033,0.6255449891090393,0.862746787071228
rmse,model,phihyd_surface,2000,0.7302512129147848,0.6138959646224975,0.8508458375930786
rmse,climatology,phihyd_surface,0,0.47939217686653135,0.44175063967704775,0.5303604006767273
rmse,climatology,phihyd_surface,10,0.485608172416687,0.4333719789981842,0.5546540737152099
rmse,climatology,phihyd_surface,20,0.48463988105456035,0.42490540742874144,0.5659785866737366
rmse,climatology,phihyd_surface,30,0.5021788974603018,0.42675349712371824,0.5946203470230103
rmse,climatology,phihyd_surface,40,0.5034262080987294,0.428200501203537,0.5663933038711548
rmse,climatology,phihyd_surface,50,0.4943496843179067,0.4316902756690979,0.5473057627677917
rmse,climatology,phihyd_surface,60,0.49164778788884483,0.4190707504749298,0.5507125616073608
rmse,climatology,phihyd_surface,70,0.48067870537439983,0.41296436786651614,0.5388064384460449
rmse,climatology,phihyd_surface,80,0.4826053341229757,0.42310925126075744,0.5396513342857361
rmse,climatology,phihyd_surface,90,0.48531668782234194,0.41629506945610045,0.5493767499923706
rmse,climatology,phihyd_surface,100,0.4838892658551534,0.4350387990474701,0.5301045417785645
rmse,climatology,phihyd_surface,110,0.49283216198285423,0.4483580827713013,0.5294534802436829
rmse,climatology,phihyd_surface,120,0.4932894726594289,0.45936790108680725,0.5295945048332215
rmse,climatology,phihyd_surface,130,0.503634121020635,0.46782614588737487,0.5381765127182007
rmse,climatology,phihyd_surface,140,0.5113702774047851,0.4694072246551514,0.5747560381889343
rmse,climatology,phihyd_surface,150,0.5054297109444936,0.468886125087738,0.5606849670410157
rmse,climatology,phihyd_surface,160,0.5085218012332916,0.46454948782920835,0.5491639852523804
rmse,climatology,phihyd_surface,170,0.5052174647649129,0.45648040771484377,0.5432692050933838
rmse,climatology,phihyd_surface,180,0.4932112673918406,0.4597084105014801,0.5209054946899414
rmse,climatology,phihyd_surface,190,0.495305206378301,0.4517476975917816,0.5375150322914124
rmse,climatology,phihyd_surface,200,0.4871764441331228,0.43885712027549745,0.525455641746521
rmse,climatology,phihyd_surface,210,0.47871701916058856,0.4482816576957703,0.5041846871376038
rmse,climatology,phihyd_surface,220,0.48632732033729553,0.4497446477413177,0.5248769521713257
rmse,climatology,phihyd_surface,230,0.47650503714879355,0.44469866156578064,0.512986159324646
rmse,climatology,phihyd_surface,240,0.46646865208943683,0.4350404143333435,0.5036072611808777
rmse,climatology,phihyd_surface,250,0.4713328997294108,0.43883530497550965,0.502583646774292
rmse,climatology,phihyd_surface,260,0.4636645237604777,0.44137763381004336,0.4879879176616669
rmse,climatology,phihyd_surface,270,0.45521164536476133,0.4306513011455536,0.4832424342632294
rmse,climatology,phihyd_surface,280,0.45572348634401955,0.4226622223854065,0.49239022731781007
rmse,climatology,phihyd_surface,290,0.4545114000638326,0.41915791034698485,0.4815864622592926
rmse,climatology,phihyd_surface,300,0.45229976177215575,0.4148148238658905,0.4927296042442322
rmse,climatology,phihyd_surface,310,0.4531560043493907,0.40937060713768003,0.5079147100448609
rmse,climatology,phihyd_surface,320,0.4501894911130269,0.4055500626564026,0.490176260471344
rmse,climatology,phihyd_surface,330,0.4476842164993286,0.40044639110565183,0.48866112232208253
rmse,climatology,phihyd_surface,340,0.44728272159894306,0.3939166247844696,0.5020052671432496
rmse,climatology,phihyd_surface,350,0.4542825877666473,0.40544151663780215,0.501627242565155
rmse,climatology,phihyd_surface,360,0.45294686357180275,0.4053616225719452,0.4961784422397614
rmse,climatology,phihyd_surface,370,0.44931305249532066,0.40673014521598816,0.5002827644348145
rmse,climatology,phihyd_surface,380,0.45638051827748616,0.40504504442214967,0.5174602627754211
rmse,climatology,phihyd_surface,390,0.4581450541814168,0.4063944458961487,0.5165153622627259
rmse,climatology,phihyd_surface,400,0.4577200988928477,0.4094490647315979,0.5147846102714538
rmse,climatology,phihyd_surface,410,0.46311283906300865,0.4074460446834564,0.5166120052337646
rmse,climatology,phihyd_surface,420,0.46805214285850527,0.4097853124141693,0.5187757849693299
rmse,climatology,phihyd_surface,430,0.4764859974384308,0.3993528485298157,0.5295410990715027
rmse,climatology,phihyd_surface,440,0.4771240592002869,0.3995113015174866,0.5300495028495789
rmse,climatology,phihyd_surface,450,0.48033318320910134,0.3931349992752075,0.536551558971405
rmse,climatology,phihyd_surface,460,0.48625853657722473,0.40212594866752627,0.550174069404602
rmse,climatology,phihyd_surface,470,0.4803283015886943,0.40622374415397644,0.5381270170211792
rmse,climatology,phihyd_surface,480,0.48460135658582054,0.41515794992446897,0.5213342308998108
rmse,climatology,phihyd_surface,490,0.48656296531359355,0.4323768138885498,0.5346388816833496
rmse,climatology,phihyd_surface,500,0.48569247325261433,0.4480262756347656,0.5315620183944703
rmse,climatology,phihyd_surface,510,0.48393204212188723,0.445955353975296,0.5256452083587646
rmse,climatology,phihyd_surface,520,0.48139745990435284,0.4517106175422668,0.5096183657646179
rmse,climatology,phihyd_surface,530,0.4847986380259196,0.4518365263938904,0.5176059484481812
rmse,climatology,phihyd_surface,540,0.4915620982646942,0.46138861775398254,0.5099367022514343
rmse,climatology,phihyd_surface,550,0.4883192519346873,0.44868403673171997,0.5067099809646607
rmse,climatology,phihyd_surface,560,0.49251931309700014,0.4492942333221436,0.5369813799858093
rmse,climatology,phihyd_surface,570,0.4906464378039042,0.4515293717384338,0.5364390850067139
rmse,climatology,phihyd_surface,580,0.4826211631298065,0.44453734159469604,0.5198257446289063
rmse,climatology,phihyd_surface,590,0.4798663854598999,0.45313907265663145,0.5048278093338012
rmse,climatology,phihyd_surface,600,0.47844884792963666,0.44899882674217223,0.5028039813041687
rmse,climatology,phihyd_surface,610,0.46704907615979513,0.4294832289218903,0.501056718826294
rmse,climatology,phihyd_surface,620,0.46433749397595725,0.432971453666687,0.49876850843429565
rmse,climatology,phihyd_surface,630,0.4639720618724823,0.4409181773662567,0.4939794301986694
rmse,climatology,phihyd_surface,640,0.45828574101130165,0.42625526189804075,0.49368685483932495
rmse,climatology,phihyd_surface,650,0.46633753180503845,0.41755893230438235,0.5090951442718505
rmse,climatology,phihyd_surface,660,0.46647056738535564,0.4141409516334534,0.5072607159614563
rmse,climatology,phihyd_surface,670,0.47149086793263756,0.41720889806747435,0.5051072120666504
rmse,climatology,phihyd_surface,680,0.47419817646344503,0.42040589451789856,0.5152679681777954
rmse,climatology,phihyd_surface,690,0.4751550277074178,0.42462759613990786,0.512957501411438
rmse,climatology,phihyd_surface,700,0.478832217057546,0.42400549054145814,0.5216168999671936
rmse,climatology,phihyd_surface,710,0.48692042628924054,0.4158774495124817,0.5221917629241943
rmse,climatology,phihyd_surface,720,0.48630162080128986,0.4205490469932556,0.5274602055549622
rmse,climatology,phihyd_surface,730,0.48596792817115786,0.41253016591072084,0.5254647612571717
rmse,climatology,phihyd_surface,740,0.4872812767823537,0.40681817531585696,0.5338165879249572
rmse,climatology,phihyd_surface,750,0.49321361184120177,0.42131404876708983,0.5333863019943237
rmse,climatology,phihyd_surface,760,0.4881188611189524,0.4196396768093109,0.5276666879653931
rmse,climatology,phihyd_surface,770,0.4875492533047994,0.426802796125412,0.5192389488220215
rmse,climatology,phihyd_surface,780,0.4883723715941111,0.433406138420105,0.5258920788764954
rmse,climatology,phihyd_surface,790,0.4869077106316884,0.43840456008911133,0.5208229660987854
rmse,climatology,phihyd_surface,800,0.48631266355514524,0.44464961886405946,0.5142233848571778
rmse,climatology,phihyd_surface,810,0.4901716589927673,0.44591204524040223,0.5251183867454529
rmse,climatology,phihyd_surface,820,0.492061181863149,0.4566871404647827,0.5253358006477356
rmse,climatology,phihyd_surface,830,0.49512460033098854,0.4593132078647614,0.5260981678962707
rmse,climatology,phihyd_surface,840,0.4799883425235748,0.4546118676662445,0.5167106986045837
rmse,climatology,phihyd_surface,850,0.47860389749209087,0.4518278181552887,0.5101363062858582
rmse,climatology,phihyd_surface,860,0.4931195596853892,0.4596869945526123,0.5244564652442932
rmse,climatology,phihyd_surface,870,0.48419965902964274,0.45037651658058164,0.5074482917785644
rmse,climatology,phihyd_surface,880,0.47827120224634806,0.4370801270008087,0.5209994077682495
rmse,climatology,phihyd_surface,890,0.47881842255592344,0.4421136200428009,0.5167143940925598
rmse,climatology,phihyd_surface,900,0.47220258315404257,0.4399565875530243,0.5073832869529724
rmse,climatology,phihyd_surface,910,0.4693765461444855,0.43050436973571776,0.5081534862518311
rmse,climatology,phihyd_surface,920,0.4739060600598653,0.4248895883560181,0.5075379610061646
rmse,climatology,phihyd_surface,930,0.4724899888038635,0.4245763659477234,0.5045291900634765
rmse,climatology,phihyd_surface,940,0.4719824949900309,0.42876986265182493,0.5030318975448609
rmse,climatology,phihyd_surface,950,0.4704161544640859,0.43931965827941893,0.5072511792182922
rmse,climatology,phihyd_surface,960,0.4665086487929026,0.4400421500205994,0.49120728969573973
rmse,climatology,phihyd_surface,970,0.47123440106709796,0.4278834700584412,0.5086454272270202
rmse,climatology,phihyd_surface,980,0.4796914398670197,0.43766278624534605,0.5129878282546997
rmse,climatology,phihyd_surface,990,0.47471553484598794,0.42925041913986206,0.5158601880073548
rmse,climatology,phihyd_surface,1000,0.477623184521993,0.4400903105735779,0.5325272679328918
rmse,climatology,phihyd_surface,1010,0.4808780451615651,0.43899433612823485,0.5426641345024109
rmse,climatology,phihyd_surface,1020,0.48155871431032815,0.4287047803401947,0.5354089498519897
rmse,climatology,phihyd_surface,1030,0.4752523322900136,0.41478404998779295,0.5192501664161682
rmse,climatology,phihyd_surface,1040,0.47534735600153605,0.42510283589363096,0.522768235206604
rmse,climatology,phihyd_surface,1050,0.4762812395890554,0.43365350365638733,0.528758704662323
rmse,climatology,phihyd_surface,1060,0.47476934393246967,0.4387310802936554,0.5295784115791321
rmse,climatology,phihyd_surface,1070,0.48081388473510744,0.4427176594734192,0.5327081561088562
rmse,climatology,phihyd_surface,1080,0.48347750107447307,0.4433901131153107,0.5243574857711792
rmse,climatology,phihyd_surface,1090,0.4864600459734599,0.44863809943199157,0.5221243739128113
rmse,climatology,phihyd_surface,1100,0.48234546184539795,0.43426560759544375,0.5118733763694763
rmse,climatology,phihyd_surface,1110,0.48626190225283306,0.43918733596801757,0.5433784127235413
rmse,climatology,phihyd_surface,1120,0.48880483706792194,0.4396270394325256,0.5383637070655822
rmse,climatology,phihyd_surface,1130,0.49695920944213867,0.4653052449226379,0.5371908664703369
rmse,climatology,phihyd_surface,1140,0.49096560875574746,0.46498037576675416,0.5351124048233032
rmse,climatology,phihyd_surface,1150,0.4806872586409251,0.45217915177345275,0.526303744316101
rmse,climatology,phihyd_surface,1160,0.4818683703740438,0.45886030197143557,0.5125971436500549
rmse,climatology,phihyd_surface,1170,0.47144900560379027,0.4487010419368744,0.4981370270252228
rmse,climatology,phihyd_surface,1180,0.4781402885913849,0.44464367628097534,0.5105800628662109
rmse,climatology,phihyd_surface,1190,0.49041223724683125,0.4506127297878265,0.5274611830711364
rmse,climatology,phihyd_surface,1200,0.48185402949651085,0.44449478983879087,0.5270310044288635
rmse,climatology,phihyd_surface,1210,0.4773875633875529,0.4371816396713257,0.5321757674217225
rmse,climatology,phihyd_surface,1220,0.48547956148783367,0.4452199459075928,0.5388331174850464
rmse,climatology,phihyd_surface,1230,0.47736701369285583,0.4340165019035339,0.5073477149009704
rmse,climatology,phihyd_surface,1240,0.47713252902030945,0.45947207808494567,0.5045468926429748
rmse,climatology,phihyd_surface,1250,0.48221824963887533,0.45397320985794065,0.5136399745941163
rmse,climatology,phihyd_surface,1260,0.47365824778874716,0.44240168333053587,0.5127693176269531
rmse,climatology,phihyd_surface,1270,0.46404900749524436,0.4405170977115631,0.49240365028381344
rmse,climatology,phihyd_surface,1280,0.4618302782376607,0.44257211685180664,0.49155991077423095
rmse,climatology,phihyd_surface,1290,0.46600894729296366,0.4258910357952118,0.5063844561576843
rmse,climatology,phihyd_surface,1300,0.46090757846832275,0.4188063979148865,0.5036192536354065
rmse,climatology,phihyd_surface,1310,0.46681098341941835,0.4316497385501862,0.5075853943824769
rmse,climatology,phihyd_surface,1320,0.471753857533137,0.43587509393692014,0.543878173828125
rmse,climatology,phihyd_surface,1330,0.46220319469769794,0.41485793590545655,0.5095823287963868
rmse,climatology,phihyd_surface,1340,0.4658365746339162,0.42866076827049254,0.5172361731529236
rmse,climatology,phihyd_surface,1350,0.46761297384897865,0.4353249728679657,0.5102122664451599
rmse,climatology,phihyd_surface,1360,0.46078816254933674,0.42403261065483094,0.49394001364707946
rmse,climatology,phihyd_surface,1370,0.45706665714581807,0.4212535560131073,0.4967517018318176
rmse,climatology,phihyd_surface,1380,0.4571660776933034,0.42871912121772765,0.4961183130741119
rmse,climatology,phihyd_surface,1390,0.46020731528600056,0.43943560123443604,0.49689399003982543
rmse,climatology,phihyd_surface,1400,0.46070343255996704,0.43934719562530516,0.4919902443885803
rmse,climatology,phihyd_surface,1410,0.4619369049866994,0.4331223726272583,0.5016800999641419
rmse,climatology,phihyd_surface,1420,0.46297355691591896,0.43333652019500735,0.505648422241211
rmse,climatology,phihyd_surface,1430,0.4673484126726786,0.43697348833084104,0.5102195858955383
rmse,climatology,phihyd_surface,1440,0.47574790716171267,0.4423262417316437,0.5452931165695191
rmse,climatology,phihyd_surface,1450,0.47472076217333475,0.4441154718399048,0.5268093824386597
rmse,climatology,phihyd_surface,1460,0.48523132801055907,0.44703678488731385,0.5267573475837708
rmse,climatology,phihyd_surface,1470,0.4855661312739054,0.43849713206291197,0.5459596514701843
rmse,climatology,phihyd_surface,1480,0.4806479493776957,0.4286279797554016,0.5478846669197083
rmse,climatology,phihyd_surface,1490,0.4862056791782379,0.43721024990081786,0.5465550899505616
rmse,climatology,phihyd_surface,1500,0.49167096813519795,0.45089738368988036,0.5408763647079468
rmse,climatology,phihyd_surface,1510,0.48675785859425863,0.44844706654548644,0.5345075607299805
rmse,climatology,phihyd_surface,1520,0.48851670424143473,0.45219306349754335,0.5377279639244079
rmse,climatology,phihyd_surface,1530,0.4894894341627757,0.4684650182723999,0.5230962634086609
rmse,climatology,phihyd_surface,1540,0.4800808191299438,0.45031999945640566,0.5113919615745545
rmse,climatology,phihyd_surface,1550,0.4814594089984894,0.4459356784820557,0.5166172742843628
rmse,climatology,phihyd_surface,1560,0.4838206668694814,0.43031649589538573,0.5306246995925903
rmse,climatology,phihyd_surface,1570,0.47143227855364483,0.41313061118125916,0.5259102940559387
rmse,climatology,phihyd_surface,1580,0.4746456444263458,0.42599078416824343,0.5268232226371765
rmse,climatology,phihyd_surface,1590,0.47353406151135763,0.41207805275917053,0.542365574836731
rmse,climatology,phihyd_surface,1600,0.4620952049891154,0.4168738961219788,0.5068604707717895
rmse,climatology,phihyd_surface,1610,0.4647593180338542,0.40778916478157046,0.5128825902938843
rmse,climatology,phihyd_surface,1620,0.46566344300905865,0.40927770733833313,0.5178222060203552
rmse,climatology,phihyd_surface,1630,0.45336965123812356,0.41008206009864806,0.49809070825576784
rmse,climatology,phihyd_surface,1640,0.44909310738245645,0.41153028011322024,0.48963491916656493
rmse,climatology,phihyd_surface,1650,0.4517712652683258,0.4152120232582092,0.49574190378189087
rmse,climatology,phihyd_surface,1660,0.45207390983899437,0.43585346937179564,0.48547794222831725
rmse,climatology,phihyd_surface,1670,0.4426304260889689,0.42128523588180544,0.46861196160316465
rmse,climatology,phihyd_surface,1680,0.4444879055023193,0.4050718128681183,0.4980635285377502
rmse,climatology,phihyd_surface,1690,0.4455830256144206,0.4171654999256134,0.4876173198223114
rmse,climatology,phihyd_surface,1700,0.44289554556210836,0.40463343262672424,0.48247918486595154
rmse,climatology,phihyd_surface,1710,0.45121887922286985,0.4171525239944458,0.48690993785858155
rmse,climatology,phihyd_surface,1720,0.4534757316112518,0.41913931965827944,0.49150781631469725
rmse,climatology,phihyd_surface,1730,0.4624325772126516,0.4346723914146423,0.4998411893844604
rmse,climatology,phihyd_surface,1740,0.4671315888563792,0.42426937222480776,0.531278896331787
rmse,climatology,phihyd_surface,1750,0.46729647119839984,0.423310261964798,0.5201210975646973
rmse,climatology,phihyd_surface,1760,0.47392965157826744,0.4385714292526245,0.5295035123825074
rmse,climatology,phihyd_surface,1770,0.477937783797582,0.43690102100372313,0.5346407175064087
rmse,climatology,phihyd_surface,1780,0.47780860861142477,0.42811801433563235,0.5386361241340637
rmse,climatology,phihyd_surface,1790,0.486461208264033,0.43678014874458315,0.5503888130187988
rmse,climatology,phihyd_surface,1800,0.48856574296951294,0.4369011104106903,0.5447403073310852
rmse,climatology,phihyd_surface,1810,0.47988010247548424,0.43495293855667116,0.526279616355896
rmse,climatology,phihyd_surface,1820,0.4870405534903208,0.4432625949382782,0.5419616222381591
rmse,climatology,phihyd_surface,1830,0.48341865340868634,0.44803285598754883,0.5327078461647033
rmse,climatology,phihyd_surface,1840,0.47290961146354676,0.43584601283073426,0.507621932029724
rmse,climatology,phihyd_surface,1850,0.49123316009839374,0.448158323764801,0.5544802427291871
rmse,climatology,phihyd_surface,1860,0.49236247142155964,0.4309915781021118,0.5568641066551209
rmse,climatology,phihyd_surface,1870,0.47882561286290487,0.41903056502342223,0.5309756875038147
rmse,climatology,phihyd_surface,1880,0.48243017395337423,0.42954506278038024,0.5367429494857788
rmse,climatology,phihyd_surface,1890,0.4846822361151377,0.4153242766857147,0.5661001682281495
rmse,climatology,phihyd_surface,1900,0.471579639116923,0.4137953221797943,0.5278907060623169
rmse,climatology,phihyd_surface,1910,0.46597538789113363,0.411012202501297,0.5101369380950928
rmse,climatology,phihyd_surface,1920,0.4641571819782257,0.408198869228363,0.518319284915924
rmse,climatology,phihyd_surface,1930,0.45518698294957477,0.4310747146606445,0.48403934240341184
rmse,climatology,phihyd_surface,1940,0.45025930205980935,0.4157883942127228,0.4841436505317688
rmse,climatology,phihyd_surface,1950,0.4458879272143046,0.40987069010734556,0.5194604158401489
rmse,climatology,phihyd_surface,1960,0.45164817571640015,0.42168295979499815,0.4862337112426758
rmse,climatology,phihyd_surface,1970,0.4550865014394124,0.4234808385372162,0.5004616856575013
rmse,climatology,phihyd_surface,1980,0.44690558115641277,0.40116040110588075,0.5044107794761657
rmse,climatology,phihyd_surface,1990,0.4578332265218099,0.4205721139907837,0.5091646313667297
rmse,climatology,phihyd_surface,2000,0.4553247888882955,0.4142898738384247,0.5089051723480225
rmse,persistence,phihyd_surface,0,0.0,0.0,0.0
rmse,persistence,phihyd_surface,10,0.6347526987393697,0.5413105845451355,0.7616777420043945
rmse,persistence,phihyd_surface,20,0.7459200104077657,0.6429744005203247,0.8556981801986694
rmse,persistence,phihyd_surface,30,0.5741078734397889,0.5248096585273743,0.624764597415924
rmse,persistence,phihyd_surface,40,0.7020118316014607,0.6073503375053406,0.8347429752349853
rmse,persistence,phihyd_surface,50,0.7150685866673787,0.630131471157074,0.7872082114219665
rmse,persistence,phihyd_surface,60,0.6127374788125356,0.5028765261173248,0.6872578501701355
rmse,persistence,phihyd_surface,70,0.6677737991015117,0.602694571018219,0.7488287091255188
rmse,persistence,phihyd_surface,80,0.6734536806742351,0.5976151823997498,0.7387731552124024
rmse,persistence,phihyd_surface,90,0.6557566682497661,0.5899429321289062,0.7371610522270202
rmse,persistence,phihyd_surface,100,0.6794890761375427,0.578204870223999,0.8466176152229309
rmse,persistence,phihyd_surface,110,0.7077489415804545,0.6295370221138,0.7903458118438721
rmse,persistence,phihyd_surface,120,0.7121881763140361,0.6190625429153442,0.7970348119735717
rmse,persistence,phihyd_surface,130,0.6554310957590739,0.5574026465415954,0.7605986714363098
rmse,persistence,phihyd_surface,140,0.6970571796099345,0.6426344275474548,0.785332441329956
rmse,persistence,phihyd_surface,150,0.7384807666142782,0.6887739062309265,0.7934746026992798
rmse,persistence,phihyd_surface,160,0.6575952410697937,0.6141515851020813,0.7014513969421386
rmse,persistence,phihyd_surface,170,0.6662385145823161,0.5129889369010925,0.8503425002098083
rmse,persistence,phihyd_surface,180,0.668876846631368,0.5878305792808532,0.7502468228340149
rmse,persistence,phihyd_surface,190,0.6454718987147013,0.5844056129455566,0.7031386137008667
rmse,persistence,phihyd_surface,200,0.7143655697504679,0.6068201780319213,0.7709545016288757
rmse,persistence,phihyd_surface,210,0.6917598923047383,0.6298601746559143,0.7446067333221436
rmse,persistence,phihyd_surface,220,0.6566855271657308,0.625796115398407,0.6981431484222412
rmse,persistence,phihyd_surface,230,0.6828140199184418,0.5792065739631653,0.8087761640548706
rmse,persistence,phihyd_surface,240,0.6476513504981994,0.5911110401153564,0.7173965573310852
rmse,persistence,phihyd_surface,250,0.6295164903004964,0.6009576201438904,0.6649008631706238
rmse,persistence,phihyd_surface,260,0.6742657065391541,0.592975127696991,0.7449835896492004
rmse,persistence,phihyd_surface,270,0.6390861908594767,0.5785162925720215,0.6981556296348572
rmse,persistence,phihyd_surface,280,0.6226288596789042,0.5516827940940857,0.7048620820045471
rmse,persistence,phihyd_surface,290,0.703311292330424,0.6337845087051391,0.802893853187561
rmse,persistence,phihyd_surface,300,0.6991429646809896,0.6532666206359863,0.8010808706283569
rmse,persistence,phihyd_surface,310,0.6190647045771281,0.5915948987007141,0.6506921887397766
rmse,persistence,phihyd_surface,320,0.6311289270718893,0.5454527497291565,0.736664867401123
rmse,persistence,phihyd_surface,330,0.6469963709513347,0.5746062397956848,0.7576850771903991
rmse,persistence,phihyd_surface,340,0.6409184296925863,0.5968919157981872,0.7195243835449219
rmse,persistence,phihyd_surface,350,0.6836951971054077,0.6452895402908325,0.7464841723442077
rmse,persistence,phihyd_surface,360,0.6725183129310608,0.6239954471588135,0.7598146080970765
rmse,persistence,phihyd_surface,370,0.6737648248672485,0.6203608870506286,0.7103546261787415
rmse,persistence,phihyd_surface,380,0.6751762270927429,0.6359038352966309,0.7436346769332886
rmse,persistence,phihyd_surface,390,0.6342506825923919,0.5092009127140045,0.7864513158798218
rmse,persistence,phihyd_surface,400,0.6657100756963094,0.5881907224655152,0.7851751923561096
rmse,persistence,phihyd_surface,410,0.6372490207354228,0.5638371109962463,0.7218148469924927
rmse,persistence,phihyd_surface,420,0.6329351305961609,0.560076892375946,0.7452182292938232
rmse,persistence,phihyd_surface,430,0.715866760412852,0.6201442599296569,0.8455899000167847
rmse,persistence,phihyd_surface,440,0.6407866398493449,0.5730278968811036,0.7204718112945556
rmse,persistence,phihyd_surface,450,0.6310856779416402,0.528119170665741,0.7520713329315185
rmse,persistence,phihyd_surface,460,0.7034547885258993,0.5695302248001098,0.8501554489135742
rmse,persistence,phihyd_surface,470,0.6861074010531107,0.6359238266944885,0.7382301330566406
rmse,persistence,phihyd_surface,480,0.6599019845326741,0.5903827667236328,0.8033937454223633
rmse,persistence,phihyd_surface,490,0.6628101388613383,0.5742481350898743,0.7419628858566284
rmse,persistence,phihyd_surface,500,0.6705083131790162,0.5938111186027527,0.7398645639419555
rmse,persistence,phihyd_surface,510,0.6878994146982829,0.637284779548645,0.7869892477989197
rmse,persistence,phihyd_surface,520,0.6516279816627503,0.5351269960403442,0.746990156173706
rmse,persistence,phihyd_surface,530,0.6999499400456747,0.6399600386619568,0.7741517543792724
rmse,persistence,phihyd_surface,540,0.7203265388806661,0.6127286911010742,0.8002748370170594
rmse,persistence,phihyd_surface,550,0.6695367773373921,0.6287282347679138,0.7134382724761963
rmse,persistence,phihyd_surface,560,0.6668904980023702,0.5996996760368347,0.7507965207099915
rmse,persistence,phihyd_surface,570,0.6895946383476257,0.6380044341087341,0.7732518434524536
rmse,persistence,phihyd_surface,580,0.6351477781931559,0.5419600367546081,0.7390167236328125
rmse,persistence,phihyd_surface,590,0.6188758770624797,0.5549575805664062,0.697285532951355
rmse,persistence,phihyd_surface,600,0.6634196758270263,0.6083628416061402,0.7239516735076904
rmse,persistence,phihyd_surface,610,0.6888972560564677,0.6202547788619995,0.7513389587402344
rmse,persistence,phihyd_surface,620,0.6716494123140971,0.5860281825065613,0.7521371722221375
rmse,persistence,phihyd_surface,630,0.6411643028259277,0.5961166739463806,0.6975905776023865
rmse,persistence,phihyd_surface,640,0.6249657193819682,0.5477200388908386,0.7160597562789917
rmse,persistence,phihyd_surface,650,0.6768407543500264,0.5953633069992066,0.7594462752342224
rmse,persistence,phihyd_surface,660,0.7003157695134481,0.5917893052101135,0.798747968673706
rmse,persistence,phihyd_surface,670,0.6312581459681194,0.5800871014595032,0.6766250848770141
rmse,persistence,phihyd_surface,680,0.6652875741322836,0.6392518401145935,0.7068195819854737
rmse,persistence,phihyd_surface,690,0.7295975883801779,0.6457725644111634,0.8133790969848633
rmse,persistence,phihyd_surface,700,0.6664012769858042,0.6366805315017701,0.7247399091720581
rmse,persistence,phihyd_surface,710,0.6333946267763774,0.5684077858924865,0.7132628560066223
rmse,persistence,phihyd_surface,720,0.6661455353101094,0.5568061590194702,0.8130326986312866
rmse,persistence,phihyd_surface,730,0.6747659126917521,0.6014486074447631,0.7547991156578064
rmse,persistence,phihyd_surface,740,0.6562036514282227,0.6073750376701355,0.7061546444892883
rmse,persistence,phihyd_surface,750,0.6637902180353801,0.6088012099266052,0.7187582969665527
rmse,persistence,phihyd_surface,760,0.6586287975311279,0.6232956647872925,0.7183089852333069
rmse,persistence,phihyd_surface,770,0.627667506535848,0.5685545563697815,0.6815095901489258
rmse,persistence,phihyd_surface,780,0.672398857275645,0.6079119324684144,0.754635214805603
rmse,persistence,phihyd_surface,790,0.7251847465833028,0.6304369926452636,0.8146356105804443
rmse,persistence,phihyd_surface,800,0.6797642310460409,0.6313803195953369,0.7241783499717712
rmse,persistence,phihyd_surface,810,0.6858416795730591,0.6207874655723572,0.7590778708457947
rmse,persistence,phihyd_surface,820,0.7248481869697571,0.6483421802520752,0.7793948411941528
rmse,persistence,phihyd_surface,830,0.6545722007751464,0.6025991797447204,0.7292125582695007
rmse,persistence,phihyd_surface,840,0.6535842339197795,0.6240269660949707,0.7080397367477417
rmse,persistence,phihyd_surface,850,0.6889035542805989,0.6102265357971192,0.7748974919319153
rmse,persistence,phihyd_surface,860,0.6781945824623108,0.653581726551056,0.7008867144584656
rmse,persistence,phihyd_surface,870,0.6923207879066468,0.6160244703292846,0.7914313435554504
rmse,persistence,phihyd_surface,880,0.6875324467817943,0.6095343947410583,0.7347508788108825
rmse,persistence,phihyd_surface,890,0.6814907391866049,0.620753037929535,0.7383700489997864
rmse,persistence,phihyd_surface,900,0.6509639978408813,0.5940838932991028,0.7240743160247802
rmse,persistence,phihyd_surface,910,0.6208370804786683,0.5292857885360718,0.6898056387901306
rmse,persistence,phihyd_surface,920,0.6736119071642558,0.6160189032554626,0.735708212852478
rmse,persistence,phihyd_surface,930,0.6605475505193075,0.5824136376380921,0.7547059059143066
rmse,persistence,phihyd_surface,940,0.6701861421267191,0.5902918577194214,0.7775436520576476
rmse,persistence,phihyd_surface,950,0.7143966992696126,0.6646812915802002,0.7630748987197876
rmse,persistence,phihyd_surface,960,0.6308671991030376,0.563294506072998,0.7179720878601074
rmse,persistence,phihyd_surface,970,0.6284245332082112,0.5579682469367981,0.7225839734077454
rmse,persistence,phihyd_surface,980,0.6921430230140686,0.6178000450134278,0.8156567335128784
rmse,persistence,phihyd_surface,990,0.6263698259989421,0.5394260287284851,0.6715048789978028
rmse,persistence,phihyd_surface,1000,0.6197464108467102,0.5253086447715759,0.6958494544029236
rmse,persistence,phihyd_surface,1010,0.7337967832883199,0.6408230900764466,0.8654708981513977
rmse,persistence,phihyd_surface,1020,0.6937812089920044,0.6130004167556763,0.7931735396385193
rmse,persistence,phihyd_surface,1030,0.6348381956418355,0.5742496728897095,0.7120723485946655
rmse,persistence,phihyd_surface,1040,0.6718152244885762,0.6222849130630493,0.7534448742866516
rmse,persistence,phihyd_surface,1050,0.6441771030426026,0.5793180346488953,0.7236275792121887
rmse,persistence,phihyd_surface,1060,0.6400749762852986,0.5169155597686768,0.7090613007545471
rmse,persistence,phihyd_surface,1070,0.7079327623049418,0.6299696922302246,0.7928865671157836
rmse,persistence,phihyd_surface,1080,0.7070326685905457,0.6161323428153992,0.7875975966453552
rmse,persistence,phihyd_surface,1090,0.6812163670857747,0.6171434164047241,0.7411803960800171
rmse,persistence,phihyd_surface,1100,0.700263233979543,0.6172924876213074,0.7921449422836303
rmse,persistence,phihyd_surface,1110,0.6260227998097737,0.5367242097854614,0.7284680604934692
rmse,persistence,phihyd_surface,1120,0.6150695045789083,0.539232611656189,0.6698508381843566
rmse,persistence,phihyd_surface,1130,0.7191550731658936,0.6115175247192383,0.8375512957572937
rmse,persistence,phihyd_surface,1140,0.6899223804473877,0.6184459209442139,0.7486212730407715
rmse,persistence,phihyd_surface,1150,0.6660655021667481,0.6027116179466248,0.7189934372901916
rmse,persistence,phihyd_surface,1160,0.7008328000704448,0.6357986807823182,0.7949188947677612
rmse,persistence,phihyd_surface,1170,0.6419072409470876,0.529284018278122,0.7229267477989196
rmse,persistence,phihyd_surface,1180,0.6361746072769165,0.6086065888404846,0.6700376987457275
rmse,persistence,phihyd_surface,1190,0.7102589209874471,0.6341364502906799,0.7804579019546509
rmse,persistence,phihyd_surface,1200,0.6682910799980164,0.6093862175941467,0.7995341539382934
rmse,persistence,phihyd_surface,1210,0.6150285998980204,0.5224153399467468,0.7363371014595032
rmse,persistence,phihyd_surface,1220,0.6836038827896118,0.5892579555511475,0.8257197856903076
rmse,persistence,phihyd_surface,1230,0.6965869347254435,0.5726554036140442,0.7708846449851989
rmse,persistence,phihyd_surface,1240,0.6488497455914816,0.6072910189628601,0.6895992159843445
rmse,persistence,phihyd_surface,1250,0.6673085848490398,0.5731772422790528,0.7639570236206055
rmse,persistence,phihyd_surface,1260,0.6817978064219157,0.6209251403808593,0.7508594155311584
rmse,persistence,phihyd_surface,1270,0.6184813419977824,0.5706146717071533,0.653841745853424
rmse,persistence,phihyd_surface,1280,0.6529748320579529,0.6135212182998657,0.6863688588142395
rmse,persistence,phihyd_surface,1290,0.7165587345759074,0.6299262762069702,0.8145083069801331
rmse,persistence,phihyd_surface,1300,0.6350339372952779,0.5878029704093933,0.6683925747871399
rmse,persistence,phihyd_surface,1310,0.6714383244514466,0.5983906984329224,0.7178395867347718
rmse,persistence,phihyd_surface,1320,0.7202833414077758,0.6521629095077515,0.7688205718994141
rmse,persistence,phihyd_surface,1330,0.5958479324976603,0.5406221985816956,0.6882950186729431
rmse,persistence,phihyd_surface,1340,0.6268836418787639,0.5815940499305725,0.655661404132843
rmse,persistence,phihyd_surface,1350,0.7059619228045145,0.6542039036750793,0.7413511395454406
rmse,persistence,phihyd_surface,1360,0.6759006579717001,0.6232910394668579,0.7819870114326477
rmse,persistence,phihyd_surface,1370,0.6410286863644917,0.5794855833053589,0.6903082609176636
rmse,persistence,phihyd_surface,1380,0.6589124043782552,0.60194411277771,0.6980827808380127
rmse,persistence,phihyd_surface,1390,0.6895089109738668,0.6241305470466614,0.8149981141090392
rmse,persistence,phihyd_surface,1400,0.6488289356231689,0.5946570634841919,0.7014776825904846
rmse,persistence,phihyd_surface,1410,0.619864841302236,0.5783329844474793,0.6536505818367004
rmse,persistence,phihyd_surface,1420,0.6751386404037476,0.5757861971855164,0.8444077730178833
rmse,persistence,phihyd_surface,1430,0.6739517470200856,0.5435855865478516,0.8125717878341675
rmse,persistence,phihyd_surface,1440,0.6476237058639527,0.5936467528343201,0.7152573466300964
rmse,persistence,phihyd_surface,1450,0.6961093425750733,0.6297045111656189,0.7956862568855285
rmse,persistence,phihyd_surface,1460,0.6807847619056702,0.6031463980674744,0.809129273891449
rmse,persistence,phihyd_surface,1470,0.6490707397460938,0.5857904195785523,0.7249468684196472
rmse,persistence,phihyd_surface,1480,0.6778511762619018,0.6058557391166687,0.7886306047439575
rmse,persistence,phihyd_surface,1490,0.6640091935793558,0.5864568591117859,0.8016463994979859
rmse,persistence,phihyd_surface,1500,0.6628812670707702,0.555534017086029,0.7451809167861938
rmse,persistence,phihyd_surface,1510,0.6989391525586446,0.6394708156585693,0.7938315391540527
rmse,persistence,phihyd_surface,1520,0.6809764424959819,0.6103738427162171,0.7417831778526306
rmse,persistence,phihyd_surface,1530,0.695107881228129,0.6379567146301269,0.734929871559143
rmse,persistence,phihyd_surface,1540,0.7130542079607646,0.682722532749176,0.7515152335166931
rmse,persistence,phihyd_surface,1550,0.6482853531837464,0.6022205591201782,0.6956206798553467
rmse,persistence,phihyd_surface,1560,0.6683442910512288,0.6085709571838379,0.7349572896957397
rmse,persistence,phihyd_surface,1570,0.6964473605155945,0.640817403793335,0.8065073013305664
rmse,persistence,phihyd_surface,1580,0.6279228965441386,0.5451382994651794,0.7014387369155883
rmse,persistence,phihyd_surface,1590,0.6774088422457377,0.6103969812393188,0.7388559103012085
rmse,persistence,phihyd_surface,1600,0.6986314415931701,0.6260428428649902,0.8022796988487243
rmse,persistence,phihyd_surface,1610,0.6225615739822388,0.5723111510276795,0.6799017906188964
rmse,persistence,phihyd_surface,1620,0.641239607334137,0.613915991783142,0.6760675191879273
rmse,persistence,phihyd_surface,1630,0.7166484872500102,0.6239928245544434,0.8510749459266662
rmse,persistence,phihyd_surface,1640,0.6457669496536255,0.5736361503601074,0.7004189491271973
rmse,persistence,phihyd_surface,1650,0.5983340581258138,0.5083537220954895,0.6654432058334351
rmse,persistence,phihyd_surface,1660,0.6765944242477417,0.6177203416824341,0.7896217823028564
rmse,persistence,phihyd_surface,1670,0.6548191626866658,0.5887040495872498,0.7197329521179199
rmse,persistence,phihyd_surface,1680,0.6284366091092427,0.5934849262237549,0.6581353187561035
rmse,persistence,phihyd_surface,1690,0.6602083007494609,0.5889284372329712,0.7619922161102295
rmse,persistence,phihyd_surface,1700,0.6632498343785603,0.6313961386680603,0.6947624206542968
rmse,persistence,phihyd_surface,1710,0.6311931331952413,0.5858243823051452,0.7064974904060364
rmse,persistence,phihyd_surface,1720,0.6539793093999227,0.5837594032287597,0.7179936766624451
rmse,persistence,phihyd_surface,1730,0.7061857740084331,0.6584851741790771,0.7945424079895019
rmse,persistence,phihyd_surface,1740,0.5954690496126811,0.5276157259941101,0.6769402146339416
rmse,persistence,phihyd_surface,1750,0.6210042595863342,0.5345967411994934,0.719893729686737
rmse,persistence,phihyd_surface,1760,0.7078206260999044,0.637354063987732,0.8398174285888672
rmse,persistence,phihyd_surface,1770,0.6555994749069214,0.6420988440513611,0.6847516894340515
rmse,persistence,phihyd_surface,1780,0.6655689557393392,0.589146089553833,0.7620485067367554
rmse,persistence,phihyd_surface,1790,0.7056697646776835,0.6406524538993835,0.7893890261650085
rmse,persistence,phihyd_surface,1800,0.6624212582906087,0.5880251049995422,0.7531126260757446
rmse,persistence,phihyd_surface,1810,0.6520245671272278,0.5876588582992553,0.7311719179153442
rmse,persistence,phihyd_surface,1820,0.6646717309951782,0.5965559005737304,0.7549519181251526
rmse,persistence,phihyd_surface,1830,0.6495913704236348,0.5864313960075378,0.7296196818351746
rmse,persistence,phihyd_surface,1840,0.6757550319035848,0.6239284992218017,0.7726250410079956
rmse,persistence,phihyd_surface,1850,0.681272566318512,0.6258721947669983,0.7333590984344482
rmse,persistence,phihyd_surface,1860,0.694027856985728,0.605541443824768,0.7535677313804626
rmse,persistence,phihyd_surface,1870,0.7051649133364359,0.6561333060264587,0.7940355777740479
rmse,persistence,phihyd_surface,1880,0.6265289743741354,0.5284117579460144,0.7031394362449646
rmse,persistence,phihyd_surface,1890,0.6498545209566752,0.5756733417510986,0.7276723027229309
rmse,persistence,phihyd_surface,1900,0.6876328547795614,0.6250978827476501,0.7787386417388916
rmse,persistence,phihyd_surface,1910,0.6348175803820292,0.5980194568634033,0.68748939037323
rmse,persistence,phihyd_surface,1920,0.6688420494397481,0.633932375907898,0.7006404995918274
rmse,persistence,phihyd_surface,1930,0.6993239442507426,0.624915087223053,0.8015850186347961
rmse,persistence,phihyd_surface,1940,0.6361856301625569,0.61002197265625,0.6783649325370789
rmse,persistence,phihyd_surface,1950,0.6393211325009663,0.5600404381752014,0.7051946520805359
rmse,persistence,phihyd_surface,1960,0.6623320857683818,0.5882963418960572,0.7573089003562927
rmse,persistence,phihyd_surface,1970,0.6297180612881979,0.5889206051826477,0.6855537533760071
rmse,persistence,phihyd_surface,1980,0.6294713119665781,0.5036545336246491,0.7443173885345459
rmse,persistence,phihyd_surface,1990,0.6364495674769084,0.6027455806732178,0.6663203954696655
rmse,persistence,phihyd_surface,2000,0.6652285496393839,0.6169444680213928,0.7013808012008667
rmse,model,sst,0,0.0,0.0,0.0
rmse,model,sst,10,0.07086421474814415,0.06328600794076919,0.07844086289405823
rmse,model,sst,20,0.08981123715639114,0.07835952043533326,0.09700436294078826
rmse,model,sst,30,0.09876334369182586,0.08859649449586868,0.11260078400373459
rmse,model,sst,40,0.11145793547232946,0.09792821556329727,0.12897326350212096
rmse,model,sst,50,0.11888301819562912,0.10474576205015182,0.13787589073181153
rmse,model,sst,60,0.12973526418209075,0.10785174369812012,0.14362434446811675
rmse,model,sst,70,0.13914513140916823,0.1215483158826828,0.15649325549602508
rmse,model,sst,80,0.14945099353790284,0.13262455761432648,0.17339738607406616
rmse,model,sst,90,0.15471905022859572,0.12851888537406922,0.1945825546979904
rmse,model,sst,100,0.15898331006368002,0.12902066707611085,0.19251215159893037
rmse,model,sst,110,0.16725594699382781,0.1425771862268448,0.1962400883436203
rmse,model,sst,120,0.16844266454378765,0.1472943902015686,0.19085512161254883
rmse,model,sst,130,0.1723317583401998,0.14886032044887543,0.20086197555065155
rmse,model,sst,140,0.18050523499647778,0.15537715554237366,0.20852660834789277
rmse,model,sst,150,0.18501549661159516,0.16232016682624817,0.21613698899745942
rmse,model,sst,160,0.18991611202557881,0.1687859922647476,0.23173716068267822
rmse,model,sst,170,0.195646928747495,0.17470698058605194,0.2282041370868683
rmse,model,sst,180,0.19799488584200542,0.17970338165760041,0.225618314743042
rmse,model,sst,190,0.20170786480108896,0.18689445555210113,0.22115666568279266
rmse,model,sst,200,0.20628209710121154,0.18950307071208955,0.22404395341873168
rmse,model,sst,210,0.20766748090585072,0.18925971388816834,0.22171316742897035
rmse,model,sst,220,0.2122500757376353,0.20003904700279235,0.22527268826961516
rmse,model,sst,230,0.21611932814121246,0.20093637108802795,0.22711892426013947
rmse,model,sst,240,0.215512153506279,0.19408515989780425,0.2270321726799011
rmse,model,sst,250,0.21188178956508635,0.19588694274425505,0.2268116295337677
rmse,model,sst,260,0.21233144501845042,0.19908260107040404,0.23309606909751893
rmse,model,sst,270,0.21634573340415955,0.2015927851200104,0.2357420265674591
rmse,model,sst,280,0.22076594630877178,0.2037615805864334,0.2386005103588104
rmse,model,sst,290,0.22189977367719013,0.20614880919456482,0.23491716086864473
rmse,model,sst,300,0.21976457238197328,0.2049403965473175,0.23241656124591828
rmse,model,sst,310,0.2181902766227722,0.20547188222408294,0.2323365777730942
rmse,model,sst,320,0.22053273022174835,0.2086318701505661,0.2302755206823349
rmse,model,sst,330,0.220093301932017,0.20441491305828094,0.23116477727890014
rmse,model,sst,340,0.22569959859053293,0.20873301923274995,0.23353118002414702
rmse,model,sst,350,0.22412227094173431,0.21120101511478423,0.24146834909915924
rmse,model,sst,360,0.2247670183579127,0.21411114633083345,0.24423664808273315
rmse,model,sst,370,0.22391096452871959,0.2069007784128189,0.24868411421775818
rmse,model,sst,380,0.2239735911289851,0.2034188210964203,0.24642817974090575
rmse,model,sst,390,0.22318053046862285,0.21003758013248444,0.2455362021923065
rmse,model,sst,400,0.22626311977704366,0.21422354876995087,0.24252274632453918
rmse,model,sst,410,0.22570379972457885,0.2121744394302368,0.24397411048412324
rmse,model,sst,420,0.22696750064690907,0.21139330863952638,0.2441294550895691
rmse,model,sst,430,0.22839179933071135,0.21878843605518342,0.24096140265464783
rmse,model,sst,440,0.2284288356701533,0.21090425848960875,0.24198379516601562
rmse,model,sst,450,0.23135051627953848,0.21461301743984224,0.24615050554275514
rmse,model,sst,460,0.23359886606534322,0.21433750987052919,0.24967389106750487
rmse,model,sst,470,0.23082058231035868,0.2110733211040497,0.24977845549583436
rmse,model,sst,480,0.23101191818714142,0.21902257800102234,0.24489426612854004
rmse,model,sst,490,0.23356668750445048,0.22339852750301362,0.24603115916252136
rmse,model,sst,500,0.2368556747833888,0.22180821299552916,0.2564448297023773
rmse,model,sst,510,0.2342786471048991,0.21963514089584352,0.24685916304588318
rmse,model,sst,520,0.23229803740978242,0.21662051677703859,0.24850672483444214
rmse,model,sst,530,0.23436138331890105,0.21878203749656677,0.24500479996204377
rmse,model,sst,540,0.2386892278989156,0.22904170751571656,0.25368170738220214
rmse,model,sst,550,0.23751282493273418,0.21735710203647612,0.2587537169456482
rmse,model,sst,560,0.23433110614617667,0.21268211901187897,0.2531499624252319
rmse,model,sst,570,0.23719935715198517,0.22173812091350556,0.25113445520401
rmse,model,sst,580,0.23892035086949667,0.22212463915348052,0.25610320568084716
rmse,model,sst,590,0.23643329938252766,0.21840988099575043,0.25342580676078796
rmse,model,sst,600,0.23880221645037333,0.2125001311302185,0.2545716822147369
rmse,model,sst,610,0.2400588721036911,0.22196413278579713,0.25465354323387146
rmse,model,sst,620,0.24048905372619628,0.2233763337135315,0.2555202066898346
rmse,model,sst,630,0.24173499643802643,0.22734205424785614,0.25588020086288454
rmse,model,sst,640,0.24499199589093526,0.21964335739612578,0.2591698944568634
rmse,model,sst,650,0.24727844695250192,0.22677129805088042,0.26419727206230165
rmse,model,sst,660,0.24972757697105408,0.22753543257713318,0.2602579593658447
rmse,model,sst,670,0.2508037577072779,0.23257658779621124,0.26351075768470766
rmse,model,sst,680,0.24822363654772442,0.23224785625934602,0.2608496308326721
rmse,model,sst,690,0.2516280859708786,0.23702100813388824,0.26308236122131345
rmse,model,sst,700,0.24911096592744192,0.2329249709844589,0.2628602385520935
rmse,model,sst,710,0.249524986743927,0.22670769095420837,0.2629275739192963
rmse,model,sst,720,0.24845126469930012,0.22466424107551575,0.2682421565055847
rmse,model,sst,730,0.24907340904076894,0.22827283442020416,0.2688193917274475
rmse,model,sst,740,0.25005051791667937,0.23470491766929627,0.2735946476459503
rmse,model,sst,750,0.2514769385258357,0.23453968465328218,0.27653120160102845
rmse,model,sst,760,0.24859082301457722,0.23410209119319916,0.2699026644229889
rmse,model,sst,770,0.24693747063477833,0.232253560423851,0.266243976354599
rmse,model,sst,780,0.24550464550654094,0.22864179015159608,0.2658701717853546
rmse,model,sst,790,0.245986607670784,0.2323627531528473,0.26553508043289187
rmse,model,sst,800,0.24631630579630534,0.2281175822019577,0.26361780762672427
rmse,model,sst,810,0.24628789822260538,0.22660895586013793,0.26113351583480837
rmse,model,sst,820,0.24476802249749502,0.23286347687244416,0.2568175792694092
rmse,model,sst,830,0.2475412408510844,0.23537247478961945,0.25924600958824157
rmse,model,sst,840,0.24805475473403932,0.2371642768383026,0.2580229461193085
rmse,model,sst,850,0.24728330572446186,0.23912609219551087,0.25748183131217955
rmse,model,sst,860,0.24836160639921825,0.23757693767547608,0.2618885815143585
rmse,model,sst,870,0.250276318192482,0.23901658952236177,0.2579608976840973
rmse,model,sst,880,0.25435019433498385,0.24610851407051088,0.26460596919059753
rmse,model,sst,890,0.2548134595155716,0.24633223712444305,0.2650885760784149
rmse,model,sst,900,0.24947549402713776,0.2361634135246277,0.26007466316223143
rmse,model,sst,910,0.24878896276156107,0.2376665323972702,0.25972405076026917
rmse,model,sst,920,0.24867938657601674,0.2347244143486023,0.25999840497970583
rmse,model,sst,930,0.24695258637269338,0.23517456650733948,0.25752500295639036
rmse,model,sst,940,0.24886132876078287,0.23464854061603546,0.2588884115219116
rmse,model,sst,950,0.24782284299532573,0.23504446148872377,0.25841140151023867
rmse,model,sst,960,0.2446886867284775,0.22600357234477997,0.25684807896614076
rmse,model,sst,970,0.24670814871788024,0.2307233542203903,0.2601766884326935
rmse,model,sst,980,0.2492912918329239,0.2367066979408264,0.25761174559593203
rmse,model,sst,990,0.25034887591997784,0.24270834922790527,0.25793599486351015
rmse,model,sst,1000,0.249552254875501,0.24100462198257447,0.26031228303909304
rmse,model,sst,1010,0.2490842580795288,0.2402538925409317,0.261264431476593
rmse,model,sst,1020,0.24719395935535432,0.23756004273891448,0.2598534882068634
rmse,model,sst,1030,0.2491304298241933,0.23257643580436707,0.2665449738502502
rmse,model,sst,1040,0.25081171095371246,0.2374170571565628,0.2654087245464325
rmse,model,sst,1050,0.24919233123461407,0.2375064641237259,0.2645974338054657
rmse,model,sst,1060,0.25376370052496594,0.2384173423051834,0.26708465814590454
rmse,model,sst,1070,0.2556277533372243,0.23979270458221436,0.2688312292098999
rmse,model,sst,1080,0.2534287730852763,0.23824636042118072,0.268030446767807
rmse,model,sst,1090,0.25338204999764763,0.23967203199863435,0.26685871481895446
rmse,model,sst,1100,0.25536147554715477,0.24367609322071077,0.2702466547489166
rmse,model,sst,1110,0.25522418121496837,0.2405848979949951,0.2690048456192017
rmse,model,sst,1120,0.2557809104522069,0.23787637054920197,0.27397664189338683
rmse,model,sst,1130,0.2552019447088242,0.2359655261039734,0.2723084449768066
rmse,model,sst,1140,0.252287698785464,0.23332022428512572,0.26323803663253786
rmse,model,sst,1150,0.25484364330768583,0.24002813696861267,0.26852911710739136
rmse,model,sst,1160,0.25347585876782736,0.23530874252319336,0.26673591136932373
rmse,model,sst,1170,0.25282853146394096,0.23847683966159822,0.2633140623569489
rmse,model,sst,1180,0.25491807361443836,0.24458350539207457,0.2667738974094391
rmse,model,sst,1190,0.25248426795005796,0.23756677508354188,0.2686722993850708
rmse,model,sst,1200,0.25404019753138224,0.23848589956760408,0.2665561974048615
rmse,model,sst,1210,0.25471541384855906,0.24513101875782012,0.26742041707038877
rmse,model,sst,1220,0.257015652457873,0.24533259272575378,0.26803864240646363
rmse,model,sst,1230,0.2561095754305522,0.24398696422576904,0.2684728384017944
rmse,model,sst,1240,0.2560407092173894,0.23981965184211732,0.27254144549369813
rmse,model,sst,1250,0.26163563231627146,0.24854501485824584,0.2768178999423981
rmse,model,sst,1260,0.26273108820120494,0.24882436394691468,0.27517268657684324
rmse,model,sst,1270,0.259862286845843,0.2496722012758255,0.27450128793716433
rmse,model,sst,1280,0.26257689694563546,0.2475756973028183,0.2791424930095673
rmse,model,sst,1290,0.2607531279325485,0.2418564885854721,0.27700228691101075
rmse,model,sst,1300,0.2618604322274526,0.24307768940925598,0.2782756507396698
rmse,model,sst,1310,0.2631408433119456,0.24572850465774537,0.28133049607276917
rmse,model,sst,1320,0.26006670693556466,0.2453927606344223,0.2761272430419922
rmse,model,sst,1330,0.26118501524130505,0.24538613855838776,0.27895545959472656
rmse,model,sst,1340,0.26346862812836963,0.2448137581348419,0.2803733587265015
rmse,model,sst,1350,0.262712624669075,0.2469119668006897,0.2861021101474762
rmse,model,sst,1360,0.25845713218053185,0.24209311604499817,0.2805377781391144
rmse,model,sst,1370,0.26064695914586383,0.2443444848060608,0.2782675325870514
rmse,model,sst,1380,0.2619709054629008,0.2433020830154419,0.27821733951568606
rmse,model,sst,1390,0.26041606565316516,0.24303112030029297,0.2760584354400635
rmse,model,sst,1400,0.26191194852193195,0.25266343355178833,0.2701359689235687
rmse,model,sst,1410,0.2639966676632563,0.25454607605934143,0.27243781089782715
rmse,model,sst,1420,0.263338769475619,0.24565885066986085,0.2785165786743164
rmse,model,sst,1430,0.26562750538190205,0.25232504606246947,0.27630781531333926
rmse,model,sst,1440,0.26637677450974784,0.25525168180465696,0.2742002010345459
rmse,model,sst,1450,0.26434862017631533,0.25052879452705384,0.2762021780014038
rmse,model,sst,1460,0.2661891182263692,0.25164806842803955,0.27959802746772766
rmse,model,sst,1470,0.26464678545792897,0.25438536405563356,0.2757799983024597
rmse,model,sst,1480,0.2619674623012543,0.24809043109416962,0.2714371979236603
rmse,model,sst,1490,0.26624879439671834,0.25634503960609434,0.2821640491485596
rmse,model,sst,1500,0.2656264980634054,0.25890016555786133,0.2744056463241577
rmse,model,sst,1510,0.26841147740681964,0.2602173686027527,0.2816547334194183
rmse,model,sst,1520,0.2701761464277903,0.2554026246070862,0.2829910635948181
rmse,model,sst,1530,0.2664928873380025,0.25609883666038513,0.2788537204265594
rmse,model,sst,1540,0.2674316346645355,0.2543292284011841,0.28054022789001465
rmse,model,sst,1550,0.26938676138718926,0.25242894887924194,0.28238911032676695
rmse,model,sst,1560,0.27040453950564064,0.26045971512794497,0.27908203601837156
rmse,model,sst,1570,0.26985344688097634,0.26022680997848513,0.27985264658927916
rmse,model,sst,1580,0.2720326840877533,0.2600019872188568,0.2863345205783844
rmse,model,sst,1590,0.2697304795185725,0.25677732825279237,0.2849861145019531
rmse,model,sst,1600,0.26875691215197245,0.25372358560562136,0.2809783160686493
rmse,model,sst,1610,0.2743995865186056,0.2597003638744354,0.28658979535102846
rmse,model,sst,1620,0.27571014761924745,0.25964295864105225,0.2883341312408447
rmse,model,sst,1630,0.27198039889335635,0.25630772709846494,0.28528572916984557
rmse,model,sst,1640,0.2705202430486679,0.2600399672985077,0.2809788525104523
rmse,model,sst,1650,0.2714231312274933,0.2537729501724243,0.2857369124889374
rmse,model,sst,1660,0.2733376463254293,0.2576993048191071,0.2909734308719635
rmse,model,sst,1670,0.27040025194485984,0.25510314106941223,0.28704341053962706
rmse,model,sst,1680,0.2710002730290095,0.25542747378349306,0.28579331040382383
rmse,model,sst,1690,0.2715288569529851,0.25278226733207704,0.2845850110054016
rmse,model,sst,1700,0.27153044442335766,0.2537922918796539,0.28613059520721434
rmse,model,sst,1710,0.2721647421518962,0.25854209065437317,0.28574876189231874
rmse,model,sst,1720,0.2756394922733307,0.26230071783065795,0.2906098425388336
rmse,model,sst,1730,0.27292257845401763,0.2563455641269684,0.2882828593254089
rmse,model,sst,1740,0.2741448640823364,0.2594418525695801,0.2889758288860321
rmse,model,sst,1750,0.2781281809012095,0.2653628528118134,0.2882581353187561
rmse,model,sst,1760,0.27686617175738015,0.26281548142433164,0.2894540548324585
rmse,model,sst,1770,0.2729844987392426,0.26329747438430784,0.2855560004711151
rmse,model,sst,1780,0.27175339659055076,0.2575341761112213,0.28801916241645814
rmse,model,sst,1790,0.27038058439890544,0.25297890305519105,0.29047144055366514
rmse,model,sst,1800,0.26963489850362143,0.2563101887702942,0.28794618844985964
rmse,model,sst,1810,0.2723030298948288,0.2544506132602692,0.2889286935329437
rmse,model,sst,1820,0.2740149219830831,0.24931678175926208,0.29094916582107544
rmse,model,sst,1830,0.27030709087848664,0.25084189474582674,0.2845183312892914
rmse,model,sst,1840,0.2690185765425364,0.2466066986322403,0.28230502605438235
rmse,model,sst,1850,0.2713674634695053,0.25349201560020446,0.2851007282733917
rmse,model,sst,1860,0.2713182349999746,0.2600245773792267,0.2850996971130371
rmse,model,sst,1870,0.27251831789811454,0.257533860206604,0.28648664951324465
rmse,model,sst,1880,0.276556400458018,0.25404016077518465,0.29876492023468015
rmse,model,sst,1890,0.2763299524784088,0.26815093159675596,0.2898635804653168
rmse,model,sst,1900,0.275250772635142,0.2571528971195221,0.2909609913825989
rmse,model,sst,1910,0.27699633638064064,0.2640610337257385,0.2918512046337128
rmse,model,sst,1920,0.27766157587369283,0.2645436763763428,0.28844621777534485
rmse,model,sst,1930,0.27502639492352804,0.26404560804367067,0.2894881427288055
rmse,model,sst,1940,0.2772136727968852,0.2642862260341644,0.28900601267814635
rmse,model,sst,1950,0.2766997297604879,0.26275413036346434,0.29095988869667055
rmse,model,sst,1960,0.28053239385286965,0.26665369868278505,0.2917340874671936
rmse,model,sst,1970,0.28349001208941144,0.27409798502922056,0.2929307401180267
rmse,model,sst,1980,0.27849042812983194,0.2682427167892456,0.2888051748275757
rmse,model,sst,1990,0.2806999286015828,0.27342925071716306,0.28971288204193113
rmse,model,sst,2000,0.27954886555671693,0.2679067075252533,0.2849545180797577
rmse,climatology,sst,0,0.17244602938493092,0.1676817089319229,0.17720725238323212
rmse,climatology,sst,10,0.17222604354222615,0.1686252236366272,0.17617239952087402
rmse,climatology,sst,20,0.17086908916632335,0.16750973463058472,0.1735689878463745
rmse,climatology,sst,30,0.17095507482687633,0.16715350449085237,0.17493222057819366
rmse,climatology,sst,40,0.1725270132223765,0.16780647933483123,0.17743655443191528
rmse,climatology,sst,50,0.1735935519138972,0.16784997284412384,0.18405980467796326
rmse,climatology,sst,60,0.17499433954556784,0.16709359586238862,0.18519419729709624
rmse,climatology,sst,70,0.17677862147490184,0.16895506978034974,0.18715370893478395
rmse,climatology,sst,80,0.17901657422383627,0.16834311187267303,0.19224893748760222
rmse,climatology,sst,90,0.1804422010978063,0.16864281594753266,0.198598775267601
rmse,climatology,sst,100,0.17827300429344178,0.1686517894268036,0.19027841687202454
rmse,climatology,sst,110,0.17781914969285328,0.16732094287872315,0.18694998919963837
rmse,climatology,sst,120,0.17559734980265299,0.16785508692264556,0.18366312682628633
rmse,climatology,sst,130,0.1763954003651937,0.16768521070480347,0.1862948626279831
rmse,climatology,sst,140,0.18064300417900087,0.1705861955881119,0.19573791921138764
rmse,climatology,sst,150,0.1791733354330063,0.1733966737985611,0.18363556861877442
rmse,climatology,sst,160,0.17904310127099354,0.17320075929164885,0.18602090775966645
rmse,climatology,sst,170,0.18117611209551493,0.17650051414966583,0.18524285554885864
rmse,climatology,sst,180,0.18109455406665803,0.1753925323486328,0.18687144219875335
rmse,climatology,sst,190,0.1830713450908661,0.17502803206443787,0.1942899376153946
rmse,climatology,sst,200,0.1860489586989085,0.1769802063703537,0.20363787710666656
rmse,climatology,sst,210,0.18301022152105967,0.17495719492435455,0.1951765835285187
rmse,climatology,sst,220,0.18111717303593952,0.1758285194635391,0.18433551192283631
rmse,climatology,sst,230,0.17969903548558552,0.17440999150276185,0.18636927902698516
rmse,climatology,sst,240,0.17736929853757222,0.17363832592964173,0.18172724843025206
rmse,climatology,sst,250,0.1766462723414103,0.17324720025062562,0.179826620221138
rmse,climatology,sst,260,0.17617338597774507,0.17087658643722534,0.18165991306304932
rmse,climatology,sst,270,0.1768620898326238,0.17029726207256318,0.18105944991111755
rmse,climatology,sst,280,0.17779179414113364,0.1713559865951538,0.18520222306251527
rmse,climatology,sst,290,0.17707644899686178,0.17055196166038514,0.18429251611232758
rmse,climatology,sst,300,0.17699213325977325,0.1707524210214615,0.18384906649589539
rmse,climatology,sst,310,0.175681867202123,0.16997380554676056,0.18137985467910767
rmse,climatology,sst,320,0.17470829288164774,0.17024621069431306,0.18153951764106752
rmse,climatology,sst,330,0.1764943520228068,0.16917206048965455,0.1851906508207321
rmse,climatology,sst,340,0.17905155917008717,0.17051320374011994,0.1869296908378601
rmse,climatology,sst,350,0.17907384236653645,0.1718543529510498,0.18693127632141113
rmse,climatology,sst,360,0.17741884489854176,0.1685616910457611,0.19365783631801606
rmse,climatology,sst,370,0.1780439058939616,0.17047393023967744,0.19001093208789827
rmse,climatology,sst,380,0.17737140357494355,0.1688057988882065,0.18909358382225036
rmse,climatology,sst,390,0.1790793776512146,0.1701423317193985,0.19338438808918
rmse,climatology,sst,400,0.17936667799949646,0.16987949907779692,0.1961679756641388
rmse,climatology,sst,410,0.17882446448008218,0.17082079946994783,0.19124679267406464
rmse,climatology,sst,420,0.17618187765280405,0.1685616910457611,0.18801113069057465
rmse,climatology,sst,430,0.17775319814682006,0.16973011791706086,0.18735226690769197
rmse,climatology,sst,440,0.17863635917504628,0.1706528276205063,0.18535204529762267
rmse,climatology,sst,450,0.1788659582535426,0.1743535429239273,0.18699328303337098
rmse,climatology,sst,460,0.1829409102598826,0.17616624534130096,0.1877638131380081
rmse,climatology,sst,470,0.1816388487815857,0.17129381000995636,0.1902129054069519
rmse,climatology,sst,480,0.18001040319601694,0.17360809445381165,0.1882777750492096
rmse,climatology,sst,490,0.18123856087525686,0.17643603086471557,0.1874773234128952
rmse,climatology,sst,500,0.17953070104122162,0.17372357547283174,0.18681539595127106
rmse,climatology,sst,510,0.17937356730302176,0.1739701509475708,0.18634212017059326
rmse,climatology,sst,520,0.1801686018705368,0.17417899668216705,0.18861516416072846
rmse,climatology,sst,530,0.17916929423809053,0.17307164669036865,0.18549687564373016
rmse,climatology,sst,540,0.18003398776054383,0.1764736145734787,0.18380673229694366
rmse,climatology,sst,550,0.18136762082576752,0.17622494101524352,0.18697186410427094
rmse,climatology,sst,560,0.17903544505437216,0.17497264146804808,0.18411352038383483
rmse,climatology,sst,570,0.1792170653740565,0.1734117567539215,0.18641355633735657
rmse,climatology,sst,580,0.18199175496896108,0.1749808132648468,0.1902064561843872
rmse,climatology,sst,590,0.181059459845225,0.17339138686656952,0.18693832457065582
rmse,climatology,sst,600,0.18174475928147635,0.17583033442497253,0.19013127088546752
rmse,climatology,sst,610,0.1809786101182302,0.1758005738258362,0.1881171554327011
rmse,climatology,sst,620,0.1813921461502711,0.17298917174339296,0.19245584607124328
rmse,climatology,sst,630,0.179762002825737,0.16983873546123504,0.19556474089622497
rmse,climatology,sst,640,0.18066646258036295,0.1692507654428482,0.19238677024841308
rmse,climatology,sst,650,0.18219307959079742,0.17136575877666474,0.19681093394756316
rmse,climatology,sst,660,0.1840147038300832,0.17211322784423827,0.19470927715301514
rmse,climatology,sst,670,0.18533260722955067,0.1738505780696869,0.19814815521240234
rmse,climatology,sst,680,0.1841640184322993,0.17111052870750426,0.1966270923614502
rmse,climatology,sst,690,0.18450642824172975,0.17264690697193147,0.19242507815361024
rmse,climatology,sst,700,0.18327838281790415,0.17348407208919525,0.19101839661598205
rmse,climatology,sst,710,0.18397293090820313,0.1715744525194168,0.1937192678451538
rmse,climatology,sst,720,0.18266451160113018,0.17116548418998717,0.19119190275669098
rmse,climatology,sst,730,0.18479983806610106,0.17328588664531708,0.1956877738237381
rmse,climatology,sst,740,0.1850638210773468,0.17365100383758544,0.20077496469020845
rmse,climatology,sst,750,0.1862315535545349,0.1776976466178894,0.19490197896957398
rmse,climatology,sst,760,0.18589644034703573,0.17578914165496826,0.20052874684333802
rmse,climatology,sst,770,0.18385620812575024,0.17417022585868835,0.19734694361686705
rmse,climatology,sst,780,0.18320032060146332,0.1737983763217926,0.19295633733272552
rmse,climatology,sst,790,0.18281042873859404,0.1738273411989212,0.1915247321128845
rmse,climatology,sst,800,0.18088112076123555,0.17189882695674896,0.18952642679214476
rmse,climatology,sst,810,0.18074074983596802,0.17142472565174102,0.18819263875484465
rmse,climatology,sst,820,0.17990152637163798,0.17584842145442964,0.18421403765678407
rmse,climatology,sst,830,0.17961182296276093,0.17404084503650666,0.18601849377155305
rmse,climatology,sst,840,0.1798105299472809,0.17446664869785308,0.18464325964450837
rmse,climatology,sst,850,0.17896187901496888,0.176036074757576,0.18338191211223603
rmse,climatology,sst,860,0.18073982397715252,0.17645487785339356,0.18715241849422454
rmse,climatology,sst,870,0.18104037046432495,0.17620032727718354,0.18801113665103913
rmse,climatology,sst,880,0.17986161510149637,0.1748608708381653,0.18700003623962402
rmse,climatology,sst,890,0.1795632501443227,0.1745552510023117,0.18355767130851747
rmse,climatology,sst,900,0.1776363064845403,0.1698673963546753,0.18574351966381072
rmse,climatology,sst,910,0.17769161661465963,0.1680595189332962,0.18569087088108063
rmse,climatology,sst,920,0.1790298193693161,0.17241694033145905,0.18718423545360566
rmse,climatology,sst,930,0.17904494802157084,0.17240402698516846,0.18632136285305023
rmse,climatology,sst,940,0.1806086093187332,0.1756735622882843,0.1849530190229416
rmse,climatology,sst,950,0.180414683620135,0.1740213304758072,0.18422512710094452
rmse,climatology,sst,960,0.17927945156892142,0.16847096383571625,0.18704593181610107
rmse,climatology,sst,970,0.18019439975420634,0.17477916479110717,0.18757448196411133
rmse,climatology,sst,980,0.17963314553101858,0.17332380414009094,0.1876567304134369
rmse,climatology,sst,990,0.18210620085398357,0.17532389163970946,0.19011674523353578
rmse,climatology,sst,1000,0.18390853802363077,0.1761003315448761,0.19111582040786743
rmse,climatology,sst,1010,0.18225794633229572,0.16939719021320343,0.1882455378770828
rmse,climatology,sst,1020,0.18098309139410654,0.16607036888599397,0.18853331506252288
rmse,climatology,sst,1030,0.1800228923559189,0.16977618336677552,0.18813411593437196
rmse,climatology,sst,1040,0.18160062829653423,0.17223516404628753,0.1921594500541687
rmse,climatology,sst,1050,0.18197214007377624,0.1732688844203949,0.19119190275669098
rmse,climatology,sst,1060,0.18265433609485626,0.17319072782993317,0.18859730064868926
rmse,climatology,sst,1070,0.1848190814256668,0.17288870215415955,0.19721637368202208
rmse,climatology,sst,1080,0.182516947388649,0.17417909801006318,0.19074345827102662
rmse,climatology,sst,1090,0.17948847711086274,0.1730738878250122,0.19065125584602355
rmse,climatology,sst,1100,0.18232516547044117,0.1763577789068222,0.1874347895383835
rmse,climatology,sst,1110,0.1799985965092977,0.17269759476184846,0.18594907224178314
rmse,climatology,sst,1120,0.18013206124305725,0.17284348905086516,0.18685243725776673
rmse,climatology,sst,1130,0.18236585954825082,0.17657229900360108,0.18867763578891755
rmse,climatology,sst,1140,0.1815192570288976,0.17687788605690002,0.18613269925117493
rmse,climatology,sst,1150,0.17898443440596262,0.17293341755867003,0.18354866802692413
rmse,climatology,sst,1160,0.17940023640791575,0.17550335228443145,0.18295975625514985
rmse,climatology,sst,1170,0.18009133040904998,0.17127053141593934,0.18942936062812804
rmse,climatology,sst,1180,0.17950709760189057,0.17248160541057586,0.18858398795127868
rmse,climatology,sst,1190,0.179343913992246,0.17331846058368683,0.18795839548110962
rmse,climatology,sst,1200,0.18134539822737375,0.17633752822875975,0.18578615486621858
rmse,climatology,sst,1210,0.17919017871220908,0.17597592771053314,0.1821867346763611
rmse,climatology,sst,1220,0.17889922658602397,0.1756618618965149,0.18422871530056
rmse,climatology,sst,1230,0.18016517162322998,0.1768062859773636,0.18773190379142762
rmse,climatology,sst,1240,0.17943846782048542,0.1740542769432068,0.1882485032081604
rmse,climatology,sst,1250,0.18144959608713787,0.17644424736499786,0.18753309547901154
rmse,climatology,sst,1260,0.18343786199887593,0.17945915460586548,0.18966626822948457
rmse,climatology,sst,1270,0.18013187348842621,0.17501652538776397,0.185723215341568
rmse,climatology,sst,1280,0.18008721669514974,0.17273493111133575,0.18765032291412354
rmse,climatology,sst,1290,0.1809091051419576,0.1775056391954422,0.1858932852745056
rmse,climatology,sst,1300,0.17999874750773112,0.17414791584014894,0.18644241690635682
rmse,climatology,sst,1310,0.18164078990618387,0.173066845536232,0.1871039867401123
rmse,climatology,sst,1320,0.18034580051898957,0.16993682086467743,0.18676093518733977
rmse,climatology,sst,1330,0.18117354611555736,0.17161957919597626,0.18648893833160402
rmse,climatology,sst,1340,0.18253797392050425,0.17552542686462402,0.18882810175418854
rmse,climatology,sst,1350,0.18113117019335429,0.17482618391513824,0.18742841184139253
rmse,climatology,sst,1360,0.18072886566321056,0.17352188229560853,0.1870191514492035
rmse,climatology,sst,1370,0.18283726871013642,0.1759055733680725,0.18992278277873992
rmse,climatology,sst,1380,0.18121760288874308,0.17443492114543915,0.18597370386123657
rmse,climatology,sst,1390,0.18160393536090852,0.17451023757457734,0.18838706910610198
rmse,climatology,sst,1400,0.18259217937787373,0.17644397616386415,0.1868264615535736
rmse,climatology,sst,1410,0.18157504896322887,0.17531972229480744,0.18597275018692017
rmse,climatology,sst,1420,0.18101593454678852,0.17411885261535645,0.18610395789146422
rmse,climatology,sst,1430,0.18284670611222584,0.17579632699489595,0.1884702205657959
rmse,climatology,sst,1440,0.1835101455450058,0.1777416855096817,0.190874907374382
rmse,climatology,sst,1450,0.1827603816986084,0.17176129817962646,0.1904306411743164
rmse,climatology,sst,1460,0.18332529564698538,0.17745096683502198,0.18908781707286834
rmse,climatology,sst,1470,0.1821635901927948,0.17580975890159606,0.18689960539340972
rmse,climatology,sst,1480,0.18105632464090984,0.17278068959712983,0.18848106265068054
rmse,climatology,sst,1490,0.18234538634618122,0.1763889878988266,0.1898109346628189
rmse,climatology,sst,1500,0.18264916439851125,0.17611608505249024,0.19301929473876953
rmse,climatology,sst,1510,0.18311099310715992,0.17617428600788115,0.19116442203521727
rmse,climatology,sst,1520,0.1831671565771103,0.17791371941566467,0.18838658332824706
rmse,climatology,sst,1530,0.17953713436921437,0.17501970529556274,0.18430860042572023
rmse,climatology,sst,1540,0.17906429668267568,0.17180028557777405,0.18541778922080993
rmse,climatology,sst,1550,0.18185670177141824,0.1723042517900467,0.19289008975028993
rmse,climatology,sst,1560,0.18333149055639902,0.17610492408275605,0.19343554377555847
rmse,climatology,sst,1570,0.1823130985101064,0.17650245726108552,0.19035055935382844
rmse,climatology,sst,1580,0.18196349839369455,0.17409161031246184,0.18844566345214844
rmse,climatology,sst,1590,0.17964056233565012,0.17184822559356688,0.18517911434173584
rmse,climatology,sst,1600,0.1793632060289383,0.1729179799556732,0.18483066260814668
rmse,climatology,sst,1610,0.18399196167786916,0.1778104543685913,0.19358779191970826
rmse,climatology,sst,1620,0.18539202411969502,0.17899519503116607,0.19437476396560668
rmse,climatology,sst,1630,0.18235011398792267,0.17369938194751738,0.19160500168800354
rmse,climatology,sst,1640,0.17970195611317952,0.17188460230827332,0.1888703852891922
rmse,climatology,sst,1650,0.17981302241484323,0.17184822559356688,0.18732297122478486
rmse,climatology,sst,1660,0.18169435262680053,0.17606298327445985,0.18874927759170532
rmse,climatology,sst,1670,0.18146630128224692,0.17590520083904265,0.1884197473526001
rmse,climatology,sst,1680,0.17926267981529237,0.17406747937202455,0.18427314162254332
rmse,climatology,sst,1690,0.1792058080434799,0.17258113026618957,0.18700477182865144
rmse,climatology,sst,1700,0.180349067846934,0.1695457726716995,0.1894422471523285
rmse,climatology,sst,1710,0.18250164190928142,0.1760815978050232,0.18957468569278718
rmse,climatology,sst,1720,0.1825667550166448,0.17084600925445556,0.19270039796829225
rmse,climatology,sst,1730,0.18208411236604055,0.1749985247850418,0.18731431663036346
rmse,climatology,sst,1740,0.18148656090100607,0.17343434393405915,0.18957468271255493
rmse,climatology,sst,1750,0.1833842009305954,0.17869788110256196,0.1876094788312912
rmse,climatology,sst,1760,0.1839156041542689,0.17445361316204072,0.19004186987876892
rmse,climatology,sst,1770,0.18117861251036327,0.17716993689537047,0.1884945511817932
rmse,climatology,sst,1780,0.1801605135202408,0.17525894045829774,0.18468505144119263
rmse,climatology,sst,1790,0.18025168081124623,0.17423774898052216,0.1877342790365219
rmse,climatology,sst,1800,0.18033524056275685,0.17493579387664795,0.18610559403896332
rmse,climatology,sst,1810,0.18056627611319223,0.1710263431072235,0.18920560777187348
rmse,climatology,sst,1820,0.18070863882700602,0.1694724440574646,0.1911523699760437
rmse,climatology,sst,1830,0.17904289265473683,0.1706458568572998,0.18806368112564087
rmse,climatology,sst,1840,0.1792716642220815,0.17305099964141846,0.18484310507774354
rmse,climatology,sst,1850,0.182063619295756,0.17441557049751283,0.18987048864364625
rmse,climatology,sst,1860,0.1820930451154709,0.1723790943622589,0.19171122908592225
rmse,climatology,sst,1870,0.1833968500296275,0.17145102322101594,0.19433339536190034
rmse,climatology,sst,1880,0.18359047770500184,0.17621737122535705,0.19414029717445375
rmse,climatology,sst,1890,0.1836434304714203,0.17701001465320587,0.1928871750831604
rmse,climatology,sst,1900,0.1804246832927068,0.17362160384654998,0.1867889404296875
rmse,climatology,sst,1910,0.1796552707751592,0.17466449737548828,0.18588200807571412
rmse,climatology,sst,1920,0.17969730099042255,0.1724342167377472,0.1865558683872223
rmse,climatology,sst,1930,0.1786036084095637,0.16870782673358917,0.18997665643692016
rmse,climatology,sst,1940,0.17967882951100667,0.17298961579799652,0.18481173515319824
rmse,climatology,sst,1950,0.17748384674390158,0.17385966777801515,0.17921216785907745
rmse,climatology,sst,1960,0.18080389400323232,0.1755743145942688,0.18840242624282838
rmse,climatology,sst,1970,0.18302560349305472,0.1760649561882019,0.18744987547397612
rmse,climatology,sst,1980,0.18147068619728088,0.1739950120449066,0.18859318494796753
rmse,climatology,sst,1990,0.18256085614363352,0.1758559077978134,0.19100544452667237
rmse,climatology,sst,2000,0.1814227283000946,0.17355093061923982,0.1909354507923126
rmse,persistence,sst,0,0.0,0.0,0.0
rmse,persistence,sst,10,0.16087161699930827,0.14781226217746735,0.17169249951839446
rmse,persistence,sst,20,0.22022319634755452,0.21415432393550873,0.22751607298851012
rmse,persistence,sst,30,0.23489879071712494,0.2279480963945389,0.24316475987434388
rmse,persistence,sst,40,0.2416865030924479,0.2291268527507782,0.25337898135185244
rmse,persistence,sst,50,0.23514233628908793,0.2244531989097595,0.24581124782562255
rmse,persistence,sst,60,0.22847335934638976,0.2072129875421524,0.23960646688938142
rmse,persistence,sst,70,0.2329045077164968,0.20044048726558686,0.2547718286514282
rmse,persistence,sst,80,0.24517089128494263,0.23035939335823058,0.2605047345161438
rmse,persistence,sst,90,0.24709540605545044,0.22411840856075288,0.25702784657478334
rmse,persistence,sst,100,0.2519003003835678,0.23830368518829345,0.2625977635383606
rmse,persistence,sst,110,0.24648132423559824,0.23648785352706908,0.255547308921814
rmse,persistence,sst,120,0.23539057672023772,0.225211763381958,0.24484540820121764
rmse,persistence,sst,130,0.230078320701917,0.20957696437835693,0.24625385999679567
rmse,persistence,sst,140,0.2373390366633733,0.220024710893631,0.2488088548183441
rmse,persistence,sst,150,0.24278604288895925,0.2296888530254364,0.25477478504180906
rmse,persistence,sst,160,0.24085741639137268,0.22075437009334564,0.25887979865074157
rmse,persistence,sst,170,0.23784129619598388,0.2106999099254608,0.2599369764328003
rmse,persistence,sst,180,0.242584557334582,0.22138941884040833,0.2606259882450104
rmse,persistence,sst,190,0.2476422737042109,0.23418513536453248,0.2675568997859955
rmse,persistence,sst,200,0.2569126983483632,0.2320392221212387,0.2821009159088135
rmse,persistence,sst,210,0.26241816679636637,0.2408841758966446,0.28465487360954284
rmse,persistence,sst,220,0.26277597645918527,0.250393745303154,0.27586368918418885
rmse,persistence,sst,230,0.25379069050153097,0.24001988768577576,0.2649621546268463
rmse,persistence,sst,240,0.2451269030570984,0.22901180982589722,0.2621838331222534
rmse,persistence,sst,250,0.24050937294960023,0.23181232511997224,0.24965967535972594
rmse,persistence,sst,260,0.23812257448832194,0.22485319077968596,0.2504586219787598
rmse,persistence,sst,270,0.24234878222147624,0.23036912679672242,0.25278416872024534
rmse,persistence,sst,280,0.24922962685426076,0.23123940229415893,0.2647932589054108
rmse,persistence,sst,290,0.25505399803320566,0.24633993804454804,0.2642100632190704
rmse,persistence,sst,300,0.2516829381386439,0.2312753677368164,0.26366864442825316
rmse,persistence,sst,310,0.24236167967319489,0.23623710572719575,0.2510565996170044
rmse,persistence,sst,320,0.2366785099109014,0.22660615146160126,0.24709661304950714
rmse,persistence,sst,330,0.2354875882466634,0.22167589664459228,0.25158271193504333
rmse,persistence,sst,340,0.2473722666501999,0.23290514647960664,0.2690874099731445
rmse,persistence,sst,350,0.2552416414022446,0.23961913585662842,0.27303190231323243
rmse,persistence,sst,360,0.2557760844628016,0.23864867389202118,0.27485268115997313
rmse,persistence,sst,370,0.2594460040330887,0.25101513862609864,0.2680513381958008
rmse,persistence,sst,380,0.2541262646516164,0.2450719177722931,0.26092466711997986
rmse,persistence,sst,390,0.2456363489230474,0.22969333529472352,0.2576321423053741
rmse,persistence,sst,400,0.2439911772807439,0.2323131740093231,0.26317793130874634
rmse,persistence,sst,410,0.243444154659907,0.22744646668434143,0.25780974626541137
rmse,persistence,sst,420,0.23874786098798115,0.22077611088752747,0.25534904599189756
rmse,persistence,sst,430,0.24780538976192473,0.23666467070579528,0.2626949787139893
rmse,persistence,sst,440,0.24749903976917267,0.2359976887702942,0.2655946910381317
rmse,persistence,sst,450,0.2396586279074351,0.2274317055940628,0.24808962345123292
rmse,persistence,sst,460,0.24500732719898224,0.22677288353443145,0.25743481516838074
rmse,persistence,sst,470,0.24700134495894113,0.22803030908107758,0.2648418307304382
rmse,persistence,sst,480,0.2405532737572988,0.22798702418804168,0.26204624176025393
rmse,persistence,sst,490,0.24071755905946096,0.23361136615276337,0.24911619126796722
rmse,persistence,sst,500,0.23986921707789102,0.23094026744365692,0.24806350767612456
rmse,persistence,sst,510,0.2387768218914668,0.22282964289188384,0.25217968225479126
rmse,persistence,sst,520,0.23979335923989614,0.2197867214679718,0.2560328245162964
rmse,persistence,sst,530,0.24599287708600362,0.2245875746011734,0.25925933122634887
rmse,persistence,sst,540,0.2550524115562439,0.24394146502017974,0.26524253487586974
rmse,persistence,sst,550,0.25116202731927234,0.2393653929233551,0.26021377444267274
rmse,persistence,sst,560,0.238931143283844,0.2175111800432205,0.2573964536190033
rmse,persistence,sst,570,0.23713975846767427,0.2271941691637039,0.25011242628097535
rmse,persistence,sst,580,0.2337104986111323,0.22220536768436433,0.24814191460609436
rmse,persistence,sst,590,0.2281482547521591,0.21125767529010772,0.24833496809005737
rmse,persistence,sst,600,0.2398201177517573,0.21821198463439942,0.25897988080978396
rmse,persistence,sst,610,0.24751171767711638,0.23652671575546264,0.2609943926334381
rmse,persistence,sst,620,0.24994854927062987,0.23301911354064941,0.26888408660888674
rmse,persistence,sst,630,0.2500898311535517,0.23896881341934204,0.26105259656906127
rmse,persistence,sst,640,0.252984489997228,0.23821283280849456,0.27323615550994873
rmse,persistence,sst,650,0.2532931864261627,0.22149255871772766,0.28386805653572084
rmse,persistence,sst,660,0.25385747849941254,0.21392306685447693,0.27634594440460203
rmse,persistence,sst,670,0.2513870020707448,0.22400155365467073,0.2728606641292572
rmse,persistence,sst,680,0.2533448298772176,0.23860034644603728,0.26598438024520876
rmse,persistence,sst,690,0.25817960302035015,0.23332013487815856,0.2773181200027466
rmse,persistence,sst,700,0.2508662909269333,0.22761338651180268,0.26731316447257997
rmse,persistence,sst,710,0.24585717618465425,0.2367488384246826,0.25579420328140257
rmse,persistence,sst,720,0.24191989600658417,0.2244836062192917,0.25781492590904237
rmse,persistence,sst,730,0.2426051179567973,0.22090609967708588,0.25896310806274414
rmse,persistence,sst,740,0.2429174413283666,0.23138905167579651,0.2552323877811432
rmse,persistence,sst,750,0.2485209176937739,0.23520361483097077,0.2623191475868225
rmse,persistence,sst,760,0.24978202283382417,0.22765577733516693,0.2744520127773285
rmse,persistence,sst,770,0.2503608932097753,0.22240773141384124,0.2765334129333496
rmse,persistence,sst,780,0.25652890106042225,0.2374936431646347,0.2713142693042755
rmse,persistence,sst,790,0.2603744645913442,0.2500009387731552,0.26943604946136473
rmse,persistence,sst,800,0.26444391707579296,0.24723920226097107,0.275615519285202
rmse,persistence,sst,810,0.2618001858393351,0.25505673289299013,0.27276999950408937
rmse,persistence,sst,820,0.25357621113459267,0.2435458779335022,0.2632766664028168
rmse,persistence,sst,830,0.2448099990685781,0.2271844357252121,0.25801424980163573
rmse,persistence,sst,840,0.23633010188738504,0.20794267654418946,0.25043503642082215
rmse,persistence,sst,850,0.23669578830401103,0.22341670393943786,0.24727175533771514
rmse,persistence,sst,860,0.24640673100948335,0.23714518845081328,0.2567629098892212
rmse,persistence,sst,870,0.2474415083726247,0.23607538044452667,0.2566479563713074
rmse,persistence,sst,880,0.24357309341430664,0.227630877494812,0.25646783113479615
rmse,persistence,sst,890,0.24305785894393922,0.2308564454317093,0.2517240345478058
rmse,persistence,sst,900,0.23763508101304373,0.21627388000488282,0.254610151052475
rmse,persistence,sst,910,0.23464270035425822,0.22023618519306182,0.255142879486084
rmse,persistence,sst,920,0.24409452478090923,0.22974798381328582,0.254360294342041
rmse,persistence,sst,930,0.2527500400940577,0.2452172815799713,0.26429116129875185
rmse,persistence,sst,940,0.2584170500437419,0.24594570994377135,0.2685531318187714
rmse,persistence,sst,950,0.2587346295515696,0.2535678744316101,0.2638478934764862
rmse,persistence,sst,960,0.2486571470896403,0.2360726296901703,0.26310965418815613
rmse,persistence,sst,970,0.24091308812300363,0.22968578934669495,0.2547770798206329
rmse,persistence,sst,980,0.23373275995254517,0.21990833580493926,0.2483797550201416
rmse,persistence,sst,990,0.23504109680652618,0.21885752975940703,0.2514188826084137
rmse,persistence,sst,1000,0.24414068957169852,0.230971297621727,0.25897692441940307
rmse,persistence,sst,1010,0.25277959803740185,0.2394428074359894,0.2633626937866211
rmse,persistence,sst,1020,0.2458336502313614,0.23091059923171997,0.2611164152622223
rmse,persistence,sst,1030,0.2365441530942917,0.2259766012430191,0.2562880277633667
rmse,persistence,sst,1040,0.2317997137705485,0.2153370589017868,0.24593842029571533
rmse,persistence,sst,1050,0.234010245402654,0.2206510066986084,0.2484540343284607
rmse,persistence,sst,1060,0.24565580288569133,0.23538265824317933,0.25835302472114563
rmse,persistence,sst,1070,0.26097560425599414,0.2481165796518326,0.2713224530220032
rmse,persistence,sst,1080,0.26175392667452496,0.25521976351737974,0.2742328107357025
rmse,persistence,sst,1090,0.2542400538921356,0.2447882205247879,0.26248044371604917
rmse,persistence,sst,1100,0.24968257049719492,0.23291208744049072,0.2636656999588013
rmse,persistence,sst,1110,0.24038941661516824,0.218466916680336,0.2559535503387451
rmse,persistence,sst,1120,0.23548402388890585,0.2263073742389679,0.24793040454387666
rmse,persistence,sst,1130,0.2438549945751826,0.23360351026058196,0.2555876851081848
rmse,persistence,sst,1140,0.2492416520913442,0.23683907389640807,0.2642764627933502
rmse,persistence,sst,1150,0.2453786184390386,0.23284728825092316,0.2551224410533905
rmse,persistence,sst,1160,0.23953194121519725,0.2255622684955597,0.2506151556968689
rmse,persistence,sst,1170,0.23384515543778736,0.2240026742219925,0.2441418081521988
rmse,persistence,sst,1180,0.23167607585589092,0.21289322674274444,0.2501558780670166
rmse,persistence,sst,1190,0.24268420437971752,0.2300121694803238,0.2613988757133484
rmse,persistence,sst,1200,0.2524233718713125,0.24143194556236267,0.2629368782043457
rmse,persistence,sst,1210,0.24905569851398468,0.23842402696609497,0.2628205716609955
rmse,persistence,sst,1220,0.2491452505191167,0.24244273006916045,0.25847663879394533
rmse,persistence,sst,1230,0.2511103888352712,0.24371332824230194,0.25897361636161803
rmse,persistence,sst,1240,0.24732422530651094,0.2234094351530075,0.2624482691287994
rmse,persistence,sst,1250,0.24744336903095246,0.21132006645202636,0.27498306035995485
rmse,persistence,sst,1260,0.25136406819025675,0.23476215302944184,0.2712976157665253
rmse,persistence,sst,1270,0.24757896463076273,0.23879485130310057,0.2553969919681549
rmse,persistence,sst,1280,0.2462008108695348,0.2366510421037674,0.25741138458251955
rmse,persistence,sst,1290,0.2469156543413798,0.23770445287227632,0.25621989369392395
rmse,persistence,sst,1300,0.24603364864985147,0.23818256855010986,0.25514010190963743
rmse,persistence,sst,1310,0.2466034193833669,0.21574442386627196,0.26277413964271545
rmse,persistence,sst,1320,0.24497826198736827,0.22826459407806396,0.2572601854801178
rmse,persistence,sst,1330,0.23990595042705537,0.22981725931167601,0.24908003211021423
rmse,persistence,sst,1340,0.24743666152159374,0.23770351707935333,0.2566777944564819
rmse,persistence,sst,1350,0.2551786134640376,0.24721274971961976,0.2620847702026367
rmse,persistence,sst,1360,0.2571999202171961,0.24646719992160798,0.2653987228870392
rmse,persistence,sst,1370,0.256956680615743,0.24814819395542145,0.2699087023735046
rmse,persistence,sst,1380,0.25238910218079885,0.2325931519269943,0.2642516553401947
rmse,persistence,sst,1390,0.2544909596443176,0.23820237219333648,0.2748176693916321
rmse,persistence,sst,1400,0.2549845000108083,0.23281093537807465,0.27764021754264834
rmse,persistence,sst,1410,0.25634772181510923,0.2275950700044632,0.27749003767967223
rmse,persistence,sst,1420,0.2552618831396103,0.2332700878381729,0.2705025732517242
rmse,persistence,sst,1430,0.255367440978686,0.23787016570568084,0.2678743302822113
rmse,persistence,sst,1440,0.2510721832513809,0.2358432799577713,0.26591965556144714
rmse,persistence,sst,1450,0.24860313932100933,0.22859515845775605,0.2624872624874115
rmse,persistence,sst,1460,0.2463549296061198,0.21804008781909942,0.2625988483428955
rmse,persistence,sst,1470,0.2469568411509196,0.22782869935035704,0.260171115398407
rmse,persistence,sst,1480,0.2503774454196294,0.23825369775295258,0.261313384771347
rmse,persistence,sst,1490,0.24992826581001282,0.23462910950183868,0.26763715744018557
rmse,persistence,sst,1500,0.248586372534434,0.22878268659114837,0.26293948888778684
rmse,persistence,sst,1510,0.2522839069366455,0.23910270631313324,0.26330494284629824
rmse,persistence,sst,1520,0.253321161866188,0.2364289104938507,0.26521883010864256
rmse,persistence,sst,1530,0.25355804165204365,0.2392550975084305,0.2704081475734711
rmse,persistence,sst,1540,0.2561935067176819,0.23711881339550017,0.278741192817688
rmse,persistence,sst,1550,0.2560028920571009,0.24014748632907867,0.27411292791366576
rmse,persistence,sst,1560,0.25257565478483834,0.2411775439977646,0.26186529397964475
rmse,persistence,sst,1570,0.2496142973502477,0.23772102892398833,0.26775963306427003
rmse,persistence,sst,1580,0.24431075851122538,0.22668680250644685,0.2581752598285675
rmse,persistence,sst,1590,0.24440959890683492,0.22434418499469758,0.2596855401992798
rmse,persistence,sst,1600,0.24989671409130096,0.23868216276168824,0.26328116059303286
rmse,persistence,sst,1610,0.253779869278272,0.23033553957939149,0.2720829129219055
rmse,persistence,sst,1620,0.25743724207083385,0.24085949659347533,0.2681232690811157
rmse,persistence,sst,1630,0.2580288251241048,0.250905430316925,0.26871719360351565
rmse,persistence,sst,1640,0.25337570210297905,0.2443930387496948,0.26254956126213075
rmse,persistence,sst,1650,0.2478428860505422,0.23236484527587892,0.26442561149597166
rmse,persistence,sst,1660,0.24764721790949504,0.2290560632944107,0.261497563123703
rmse,persistence,sst,1670,0.25223882496356964,0.2401082068681717,0.26336811780929564
rmse,persistence,sst,1680,0.25284004112084707,0.2471943348646164,0.25948843359947205
rmse,persistence,sst,1690,0.2504490594069163,0.23404591679573059,0.2593171656131744
rmse,persistence,sst,1700,0.253106286128362,0.23896809220314025,0.2684588611125946
rmse,persistence,sst,1710,0.25152271091938017,0.23952848911285402,0.26305912137031556
rmse,persistence,sst,1720,0.24154045979181926,0.22318103015422822,0.25434449315071106
rmse,persistence,sst,1730,0.23678483267625172,0.22215571999549866,0.25063008069992065
rmse,persistence,sst,1740,0.23894364436467488,0.22892847955226897,0.24876998066902162
rmse,persistence,sst,1750,0.24469724496205647,0.2318767011165619,0.25648040175437925
rmse,persistence,sst,1760,0.25167564352353416,0.24097647666931152,0.26352655291557314
rmse,persistence,sst,1770,0.2494014988342921,0.237887841463089,0.26310197710990907
rmse,persistence,sst,1780,0.24768998622894287,0.23470931351184846,0.2606510043144226
rmse,persistence,sst,1790,0.25000118017196654,0.238344606757164,0.2583951473236084
rmse,persistence,sst,1800,0.24860908885796865,0.239148285984993,0.2602387726306915
rmse,persistence,sst,1810,0.2502749800682068,0.23155448138713836,0.2674935460090637
rmse,persistence,sst,1820,0.24911529918511707,0.23763666152954102,0.26308104395866394
rmse,persistence,sst,1830,0.2479311724503835,0.24059200882911683,0.2621342658996582
rmse,persistence,sst,1840,0.2501541495323181,0.2391631931066513,0.26463468074798585
rmse,persistence,sst,1850,0.25396411021550497,0.2412944495677948,0.2623435318470001
rmse,persistence,sst,1860,0.2487967203060786,0.24034159481525422,0.2609104096889496
rmse,persistence,sst,1870,0.2513337701559067,0.23838960528373718,0.26238313913345335
rmse,persistence,sst,1880,0.24956976970036823,0.23374797105789186,0.2630063772201538
rmse,persistence,sst,1890,0.24799127181371053,0.23172324299812316,0.25803152322769163
rmse,persistence,sst,1900,0.24559923013051352,0.23716980516910552,0.25641308426856996
rmse,persistence,sst,1910,0.24286892215410869,0.22930964231491088,0.2536072611808777
rmse,persistence,sst,1920,0.24539292156696318,0.2328703910112381,0.2590546488761902
rmse,persistence,sst,1930,0.24913618564605713,0.23633010685443878,0.26037837862968444
rmse,persistence,sst,1940,0.25681467950344083,0.2479153573513031,0.265847510099411
rmse,persistence,sst,1950,0.2521280378103256,0.2347639322280884,0.2656104028224945
rmse,persistence,sst,1960,0.25023510058720905,0.23089253008365632,0.2612396776676178
rmse,persistence,sst,1970,0.2477092961470286,0.23140106201171876,0.267731761932373
rmse,persistence,sst,1980,0.2397997279961904,0.22026253938674928,0.25829023122787476
rmse,persistence,sst,1990,0.23641234934329985,0.22028336226940154,0.25420233607292175
rmse,persistence,sst,2000,0.24166940848032634,0.22028829157352448,0.26413735151290896
acc,model,surface_u,0,1.0,1.0,1.0
acc,model,surface_u,10,0.9136801997820536,0.8685706973075866,0.9443896055221558
acc,model,surface_u,20,0.833221968015035,0.7523204565048218,0.898439347743988
acc,model,surface_u,30,0.7607701619466146,0.6297078251838684,0.8571917414665222
acc,model,surface_u,40,0.7091904759407044,0.5983740210533142,0.8300738573074341
acc,model,surface_u,50,0.6596261322498321,0.5408572673797607,0.8068659186363221
acc,model,surface_u,60,0.58186550339063,0.36101592183113096,0.7335947275161743
acc,model,surface_u,70,0.5249167641003927,0.2571054309606552,0.7446342468261719
acc,model,surface_u,80,0.47074172298113504,0.23164705634117128,0.7406875133514405
acc,model,surface_u,90,0.42867352444057666,0.07426279857754708,0.7500170707702637
acc,model,surface_u,100,0.4016867799063524,-0.07941333949565887,0.7055190443992615
acc,model,surface_u,110,0.3603642534930259,-0.11741530448198319,0.6708182334899903
acc,model,surface_u,120,0.327114508052667,-0.1342429429292679,0.6498004198074341
acc,model,surface_u,130,0.28773168474435806,-0.21366549134254456,0.6538100600242615
acc,model,surface_u,140,0.24306240510971597,-0.11478136032819748,0.5906173467636108
acc,model,surface_u,150,0.2509280354832299,-0.04521270778495817,0.5734118938446044
acc,model,surface_u,160,0.18929356103762984,-0.17751778662204742,0.5397303938865662
acc,model,surface_u,170,0.1270504876971245,-0.20081848800182342,0.46701671481132506
acc,model,surface_u,180,0.16106508177084228,-0.08325974494218825,0.46063079237937926
acc,model,surface_u,190,0.16619972648719947,-0.12549874782562256,0.4697617650032043
acc,model,surface_u,200,0.14465994983232425,-0.09136336296796797,0.42794306874275206
acc,model,surface_v,0,1.0,1.0,1.0
acc,model,surface_v,10,0.9442945877710979,0.9254521608352662,0.9555131793022156
acc,model,surface_v,20,0.8809525489807128,0.8388155460357666,0.9310808658599854
acc,model,surface_v,30,0.8258151610692342,0.752965247631073,0.8959989547729492
acc,model,surface_v,40,0.7735101461410523,0.6840493440628052,0.8565396785736084
acc,model,surface_v,50,0.7232569376627604,0.6440539360046387,0.7969325900077819
acc,model,surface_v,60,0.6631416817506154,0.48503952026367186,0.8332867980003357
acc,model,surface_v,70,0.6024682561556498,0.28208860754966736,0.821320641040802
acc,model,surface_v,80,0.5305586566527685,0.2316264182329178,0.7420868158340455
acc,model,surface_v,90,0.49976686934630077,0.18688744604587557,0.7598928689956665
acc,model,surface_v,100,0.496779399116834,0.15102253258228301,0.7180660247802735
acc,model,surface_v,110,0.4588661561409632,0.09117636680603028,0.6915356040000915
acc,model,surface_v,120,0.4241852443878694,0.04533539414405823,0.6566481947898865
acc,model,surface_v,130,0.38617468463877835,-0.03037659451365471,0.6323660850524903
acc,model,surface_v,140,0.35188003567357856,0.013652748987078675,0.5535556674003601
acc,model,surface_v,150,0.3349787952999274,0.10347214341163635,0.543317973613739
acc,model,surface_v,160,0.2797294230510791,0.031201783567667007,0.500859797000885
acc,model,surface_v,170,0.23701004553586244,-0.018031271547079085,0.4451567053794861
acc,model,surface_v,180,0.2224600486457348,0.07118148431181909,0.39427223205566403
acc,model,surface_v,190,0.1915639822060863,-0.011040405184030532,0.3614826917648315
acc,model,surface_v,200,0.1806499312321345,0.054369379580020916,0.30655260682106017
acc,model,phihyd_surface,0,1.0,1.0,1.0
acc,model,phihyd_surface,10,0.9810010155042013,0.9713041543960571,0.9895617842674256
acc,model,phihyd_surface,20,0.9534995555877686,0.9290210723876953,0.977416169643402
acc,model,phihyd_surface,30,0.9273283004760742,0.8884902596473694,0.9621605157852173
acc,model,phihyd_surface,40,0.9003146052360534,0.8614120125770569,0.9423298239707947
acc,model,phihyd_surface,50,0.862832800547282,0.8156984329223633,0.9273339152336121
acc,model,phihyd_surface,60,0.8225870291392009,0.6959703683853149,0.9136976003646851
acc,model,phihyd_surface,70,0.7771806557973225,0.6067407250404357,0.8856499671936036
acc,model,phihyd_surface,80,0.7502731402715047,0.5971194386482239,0.8694252848625184
acc,model,phihyd_surface,90,0.714586341381073,0.5389926671981812,0.8528693556785584
acc,model,phihyd_surface,100,0.6856468300024668,0.4595665454864502,0.8405963778495789
acc,model,phihyd_surface,110,0.6754233161608378,0.5079757511615753,0.8131781339645385
acc,model,phihyd_surface,120,0.6626422743002574,0.5417089939117432,0.7979887843132019
acc,model,phihyd_surface,130,0.65693119764328,0.531887149810791,0.7405332088470459
acc,model,phihyd_surface,140,0.6533218781153362,0.5645517230033874,0.7023584961891174
acc,model,phihyd_surface,150,0.6330045560995737,0.5519557952880859,0.6926271796226502
acc,model,phihyd_surface,160,0.5982673386732738,0.4192471981048584,0.6961520791053772
acc,model,phihyd_surface,170,0.5597779552141825,0.4471671342849732,0.6671903014183045
acc,model,phihyd_surface,180,0.5272479911645254,0.44302951693534853,0.6241702318191529
acc,model,phihyd_surface,190,0.5238152007261913,0.38174487352371217,0.6508663177490234
acc,model,phihyd_surface,200,0.5004899462064107,0.32118284702301025,0.6171018719673157
acc,model,sst,0,1.0,1.0,1.0
acc,model,sst,10,0.9116727232933044,0.8948916554450989,0.9284513592720032
acc,model,sst,20,0.8534460862477621,0.8296558260917664,0.8875975608825684
acc,model,sst,30,0.8229018131891886,0.7760138630867004,0.8555920720100403
acc,model,sst,40,0.7768585443496704,0.712882912158966,0.8218009829521179
acc,model,sst,50,0.7489665667215983,0.6895883560180665,0.7998256921768189
acc,model,sst,60,0.701682186126709,0.6411361455917358,0.7789786577224731
acc,model,sst,70,0.6578434348106384,0.5598814010620117,0.7555030345916748
acc,model,sst,80,0.6128393828868866,0.46163082122802734,0.7547755241394043
acc,model,sst,90,0.5893983284632365,0.35337822437286376,0.7301107883453369
acc,model,sst,100,0.5630899707476298,0.34196463227272034,0.6976738333702087
acc,model,sst,110,0.5218377113342285,0.31752707362174987,0.6511537671089173
acc,model,sst,120,0.5092577437559763,0.3426842212677002,0.6153694748878479
acc,model,sst,130,0.4884782572587331,0.27218281626701357,0.6143755435943603
acc,model,sst,140,0.4554048925638199,0.2261422872543335,0.5743494629859924
acc,model,sst,150,0.4157241553068161,0.15634724497795105,0.5469829082489014
acc,model,sst,160,0.3879659881194433,0.10790953934192658,0.5264185667037964
acc,model,sst,170,0.3660645802815755,0.13455609381198883,0.4947653830051422
acc,model,sst,180,0.3539950912197431,0.16531450748443605,0.4509240627288818
acc,model,sst,190,0.34657207081715263,0.24225796461105348,0.4302536606788635
acc,model,sst,200,0.3264022876818975,0.2582877516746521,0.4231517553329468
