metric,model_or_method,field,lead_days,mean,p10,p90
rmse,model,surface_speed,0,0.0,0.0,0.0
rmse,model,surface_speed,10,0.0014653793225685755,0.0013838506070896982,0.0015403872355818748
rmse,model,surface_speed,20,0.0017521614286427696,0.0014979970874264836,0.001996840164065361
rmse,model,surface_speed,30,0.00194645959418267,0.0016444754786789418,0.0022264210972934963
rmse,model,surface_speed,40,0.0021976462953413527,0.0018564489902928472,0.0026222145184874534
rmse,model,surface_speed,50,0.00240648304267476,0.0019760542083531616,0.002932135481387377
rmse,model,surface_speed,60,0.002635208082695802,0.0021685713436454535,0.0035442157182842492
rmse,model,surface_speed,70,0.0029298796163251,0.0023314423859119417,0.003962642885744571
rmse,model,surface_speed,80,0.0032092528107265633,0.002630329271778464,0.004228599369525909
rmse,model,surface_speed,90,0.003572301504512628,0.0028416144661605356,0.004523695539683103
rmse,model,surface_speed,100,0.003987635749702652,0.003196425177156925,0.005029468890279531
rmse,model,surface_speed,110,0.004431878651181857,0.003597861062735319,0.005535186547785997
rmse,model,surface_speed,120,0.004881101024026672,0.003991740942001343,0.00613228864967823
rmse,model,surface_speed,130,0.0053308754848937195,0.004394532274454832,0.0067322710528969765
rmse,model,surface_speed,140,0.005847913430382808,0.0048519158735871315,0.007315056584775448
rmse,model,surface_speed,150,0.006321894532690445,0.005352967046201229,0.0077058300375938416
rmse,model,surface_speed,160,0.0067115060053765776,0.005861514247953892,0.008028333261609077
rmse,model,surface_speed,170,0.007076239741096894,0.006335209310054779,0.008265196904540062
rmse,model,surface_speed,180,0.007428299759825071,0.006841001752763987,0.008522084914147854
rmse,model,surface_speed,190,0.00775629673153162,0.007179144117981195,0.008868378959596157
rmse,model,surface_speed,200,0.008014791489889225,0.00744175361469388,0.008966358006000518
rmse,model,surface_speed,210,0.008308896391342083,0.007833597250282764,0.009042668342590331
rmse,model,surface_speed,220,0.008615322783589363,0.008175653219223023,0.009191729500889778
rmse,model,surface_speed,230,0.008912741454939048,0.00851763878017664,0.00941403191536665
rmse,model,surface_speed,240,0.009191762904326122,0.008759567700326442,0.009789959900081158
rmse,model,surface_speed,250,0.009430596108237902,0.009097522310912608,0.010030202940106392
rmse,model,surface_speed,260,0.009678920544683934,0.00935885552316904,0.01025958377867937
rmse,model,surface_speed,270,0.009843686347206433,0.009462631680071354,0.010468909330666066
rmse,model,surface_speed,280,0.009986200618247192,0.009508334659039974,0.010648725740611552
rmse,model,surface_speed,290,0.010148175433278084,0.009641166217625141,0.010725194588303566
rmse,model,surface_speed,300,0.010252731231351694,0.009772363491356373,0.010787642933428288
rmse,model,surface_speed,310,0.010399202754100164,0.009921740368008613,0.0107929902151227
rmse,model,surface_speed,320,0.010548965198298295,0.010039186663925647,0.010893496125936509
rmse,model,surface_speed,330,0.010659427506228288,0.010250831209123134,0.011201645061373711
rmse,model,surface_speed,340,0.010778104575971762,0.01041286252439022,0.011345344968140126
rmse,model,surface_speed,350,0.010836965714891752,0.01040564477443695,0.011349254474043845
rmse,model,surface_speed,360,0.01083842646330595,0.010512370243668556,0.011316890455782413
rmse,model,surface_speed,370,0.01086656308422486,0.010432165302336215,0.011180851981043816
rmse,model,surface_speed,380,0.010983284004032612,0.010473065450787545,0.011333736777305602
rmse,model,surface_speed,390,0.01103594054778417,0.010432093963027,0.011318380758166314
rmse,model,surface_speed,400,0.011093017893532913,0.010577047057449818,0.01146930381655693
rmse,model,surface_speed,410,0.011167583366235098,0.010596135444939137,0.011695642583072185
rmse,model,surface_speed,420,0.011257313999036948,0.010636592656373978,0.011863524839282037
rmse,model,surface_speed,430,0.011304295932253202,0.010600028000772,0.011892393417656421
rmse,model,surface_speed,440,0.011335134382049243,0.010805866494774819,0.011948606185615062
rmse,model,surface_speed,450,0.011450855682293573,0.010787710547447205,0.012053535878658294
rmse,model,surface_speed,460,0.011526186888416608,0.011005461402237415,0.012239290587604045
rmse,model,surface_speed,470,0.011506114341318607,0.011042621731758118,0.01205996684730053
rmse,model,surface_speed,480,0.011521651844183604,0.011027077212929726,0.012138336151838302
rmse,model,surface_speed,490,0.011543002041677634,0.010927356593310834,0.01226104497909546
rmse,model,surface_speed,500,0.011591991906364759,0.010899248905479908,0.012364440783858299
rmse,model,surface_speed,510,0.01163677666336298,0.01092451773583889,0.012431417033076287
rmse,model,surface_speed,520,0.011674970636765163,0.010976924374699593,0.012416965141892434
rmse,model,surface_speed,530,0.01171809167911609,0.01099874936044216,0.012486856617033481
rmse,model,surface_speed,540,0.011725355684757233,0.011222240887582302,0.012491505034267903
rmse,model,surface_speed,550,0.01175367993613084,0.01134393848478794,0.012496048584580421
rmse,model,surface_speed,560,0.011775408933560053,0.011352574080228805,0.012456042319536209
rmse,model,surface_speed,570,0.011741307626167933,0.0112680833786726,0.012391062639653682
rmse,model,surface_speed,580,0.011756258023281892,0.011225026287138461,0.012649093009531497
rmse,model,surface_speed,590,0.011826404370367527,0.011217814125120639,0.012765604257583617
rmse,model,surface_speed,600,0.011818029979864756,0.011178716644644737,0.01267450675368309
rmse,model,surface_speed,610,0.011805600859224797,0.011109237186610698,0.012884465605020523
rmse,model,surface_speed,620,0.011852941972513993,0.011054381541907788,0.01278089378029108
rmse,model,surface_speed,630,0.011874153402944405,0.011202954687178135,0.012709501199424267
rmse,model,surface_speed,640,0.011873253869513671,0.011351351253688335,0.012874000892043113
rmse,model,surface_speed,650,0.0119088064879179,0.01135190725326538,0.013182537630200386
rmse,model,surface_speed,660,0.011940689757466316,0.011067707836627961,0.013326066546142101
rmse,model,surface_speed,670,0.012032472404340903,0.011092077381908894,0.013584527559578419
rmse,model,surface_speed,680,0.012058671750128269,0.011154520697891713,0.013673042878508568
rmse,model,surface_speed,690,0.012044070785244306,0.011283571273088456,0.013666075840592384
rmse,model,surface_speed,700,0.012055271801849206,0.011280821450054646,0.013483509048819542
rmse,model,surface_speed,710,0.012008134958644707,0.011349999718368054,0.013235029019415378
rmse,model,surface_speed,720,0.01203369740396738,0.011338677816092968,0.013272644579410553
rmse,model,surface_speed,730,0.012087987611691157,0.011473744921386243,0.01332523413002491
rmse,model,surface_speed,740,0.01207927061865727,0.011335544660687447,0.013158213347196579
rmse,model,surface_speed,750,0.012111321091651917,0.011390731111168862,0.01330462321639061
rmse,model,surface_speed,760,0.012135747137169044,0.011435776576399803,0.013231151551008225
rmse,model,surface_speed,770,0.012077846315999825,0.011330504901707172,0.013086719997227192
rmse,model,surface_speed,780,0.012031945524116357,0.011206465400755405,0.01326723862439394
rmse,model,surface_speed,790,0.012026380809644858,0.01122912485152483,0.013197168335318565
rmse,model,surface_speed,800,0.012071160475413005,0.01113850697875023,0.013034166023135185
rmse,model,surface_speed,810,0.01210547462105751,0.011374557949602604,0.012936909310519695
rmse,model,surface_speed,820,0.012144896822671095,0.011229408532381057,0.01284500565379858
rmse,model,surface_speed,830,0.012196127387384573,0.011343922093510627,0.012986831367015839
rmse,model,surface_speed,840,0.012277323193848133,0.011454835906624794,0.013341883011162282
rmse,model,surface_speed,850,0.01227173035343488,0.01152273453772068,0.01326354518532753
rmse,model,surface_speed,860,0.012259493209421634,0.011596167087554931,0.013122173584997654
rmse,model,surface_speed,870,0.012262682989239692,0.011680744215846061,0.012913955561816692
rmse,model,surface_speed,880,0.012216865892211597,0.011443784087896347,0.012911320477724076
rmse,model,surface_speed,890,0.012243819298843543,0.011587952822446823,0.013136001303792
rmse,model,surface_speed,900,0.01231182310730219,0.011628201603889466,0.013236384838819504
rmse,model,surface_speed,910,0.012346690023938815,0.011736237630248069,0.013328753039240837
rmse,model,surface_speed,920,0.012347921977440517,0.011806747131049632,0.013065509684383868
rmse,model,surface_speed,930,0.012348452458779018,0.011798220686614513,0.013063791766762733
rmse,model,surface_speed,940,0.01226843148469925,0.011773202382028104,0.01293132659047842
rmse,model,surface_speed,950,0.012173521767059962,0.011559373140335083,0.012915006838738918
rmse,model,surface_speed,960,0.01216879344234864,0.011614815890789032,0.012799088470637798
rmse,model,surface_speed,970,0.012237284642954668,0.01141678486019373,0.0127335786819458
rmse,model,surface_speed,980,0.012275962283213933,0.011513392068445682,0.01289937850087881
rmse,model,surface_speed,990,0.012323984938363234,0.011621294543147087,0.012944701872766019
rmse,model,surface_speed,1000,0.012358877932031949,0.011836153082549572,0.013007687963545322
rmse,model,surface_speed,1010,0.012391253747045994,0.011988203413784504,0.013034370727837086
rmse,model,surface_speed,1020,0.012368259392678738,0.01191274169832468,0.012903907708823681
rmse,model,surface_speed,1030,0.012359892390668393,0.011773380637168884,0.012919135577976703
rmse,model,surface_speed,1040,0.01237838746358951,0.011649889312684536,0.013077053241431713
rmse,model,surface_speed,1050,0.01236932451526324,0.011571189388632774,0.01313044000416994
rmse,model,surface_speed,1060,0.01244271695613861,0.011717089265584946,0.01327342540025711
rmse,model,surface_speed,1070,0.01253500816722711,0.011745531111955643,0.013231740705668927
rmse,model,surface_speed,1080,0.01262326433012883,0.012149782106280326,0.01330977287143469
rmse,model,surface_speed,1090,0.01259650227924188,0.012115172669291496,0.013169628381729127
rmse,model,surface_speed,1100,0.012580443111558755,0.01203959584236145,0.013102137111127376
rmse,model,surface_speed,1110,0.012545442208647728,0.011934171803295613,0.01322700660675764
rmse,model,surface_speed,1120,0.012470295031865438,0.011640828102827072,0.013133443705737591
rmse,model,surface_speed,1130,0.012466248497366906,0.011610118858516216,0.013244648464024067
rmse,model,surface_speed,1140,0.012556500546634198,0.011581027880311012,0.01330276895314455
rmse,model,surface_speed,1150,0.012617030056814353,0.011694291234016418,0.013426108658313752
rmse,model,surface_speed,1160,0.012635729337731997,0.011802738159894943,0.013326000049710273
rmse,model,surface_speed,1170,0.012637152212361495,0.011891185492277145,0.013467975333333016
rmse,model,surface_speed,1180,0.012602581828832626,0.011995017901062966,0.013529986515641213
rmse,model,surface_speed,1190,0.012548998494942983,0.011982666701078415,0.013523959554731846
rmse,model,surface_speed,1200,0.01252998672425747,0.011823871731758117,0.013604069128632545
rmse,model,surface_speed,1210,0.012494055864711603,0.01158132143318653,0.013577495142817496
rmse,model,surface_speed,1220,0.012411616866787274,0.011553607694804669,0.013536917604506015
rmse,model,surface_speed,1230,0.012440165008107821,0.011757368966937066,0.013180384784936905
rmse,model,surface_speed,1240,0.012485566735267638,0.011827723495662213,0.012965659238398075
rmse,model,surface_speed,1250,0.012509923987090587,0.012032142467796802,0.01302405372262001
rmse,model,surface_speed,1260,0.012457226403057575,0.011778409034013749,0.013163496740162373
rmse,model,surface_speed,1270,0.012395760975778103,0.01190603505820036,0.013159096799790859
rmse,model,surface_speed,1280,0.012377648862699668,0.011575316451489926,0.013145321980118752
rmse,model,surface_speed,1290,0.012328434487183888,0.011304969713091851,0.013209514506161212
rmse,model,surface_speed,1300,0.012339092915256818,0.011329110898077487,0.013378356955945492
rmse,model,surface_speed,1310,0.012377867599328359,0.011373057030141354,0.013639500364661217
rmse,model,surface_speed,1320,0.012436700115601221,0.01160831395536661,0.013534587435424328
rmse,model,surface_speed,1330,0.012461219914257526,0.011734232865273952,0.01347031369805336
rmse,model,surface_speed,1340,0.012487222502628962,0.011804328858852386,0.013397754170000553
rmse,model,surface_speed,1350,0.01248873012761275,0.011821726709604264,0.013348867185413837
rmse,model,surface_speed,1360,0.012439125590026379,0.011633503995835782,0.013229824416339398
rmse,model,surface_speed,1370,0.01244966642310222,0.011557073332369328,0.0133246636018157
rmse,model,surface_speed,1380,0.012456893051664034,0.011484741419553756,0.01338996198028326
rmse,model,surface_speed,1390,0.012388858820001285,0.011444530077278614,0.013543650694191455
rmse,model,surface_speed,1400,0.012387766192356745,0.011471506208181381,0.01327946800738573
rmse,model,surface_speed,1410,0.012459436990320682,0.01172732561826706,0.013224771060049535
rmse,model,surface_speed,1420,0.01248794278750817,0.011910813488066196,0.013126624561846257
rmse,model,surface_speed,1430,0.012425142402450243,0.01179676540195942,0.013257475942373276
rmse,model,surface_speed,1440,0.01235806979238987,0.011682667396962642,0.013040053099393845
rmse,model,surface_speed,1450,0.012343404814600945,0.01135734561830759,0.012946686521172524
rmse,model,surface_speed,1460,0.012335755862295628,0.011358188837766648,0.013080151379108429
rmse,model,surface_speed,1470,0.012360452053447565,0.01152973212301731,0.013255755603313445
rmse,model,surface_speed,1480,0.01241173967719078,0.011544149927794933,0.013429774343967438
rmse,model,surface_speed,1490,0.012471176745990912,0.011729327030479908,0.013339021056890488
rmse,model,surface_speed,1500,0.012527527163426082,0.012004288844764233,0.013147451356053353
rmse,model,surface_speed,1510,0.012534138560295106,0.012051303870975971,0.013050133734941483
rmse,model,surface_speed,1520,0.012530717439949513,0.012033370696008206,0.013099169544875621
rmse,model,surface_speed,1530,0.012467066757380962,0.01192159317433834,0.012948053143918514
rmse,model,surface_speed,1540,0.012496189959347249,0.011948242224752903,0.012898998148739339
rmse,model,surface_speed,1550,0.012534488489230474,0.011926680989563464,0.0131678631529212
rmse,model,surface_speed,1560,0.012515464797616005,0.011913035251200198,0.013369477912783622
rmse,model,surface_speed,1570,0.012512333753208319,0.011801116354763507,0.013269822672009468
rmse,model,surface_speed,1580,0.012587909462551276,0.011914042569696904,0.013346767984330654
rmse,model,surface_speed,1590,0.012650889096160729,0.012141156569123268,0.013221087865531445
rmse,model,surface_speed,1600,0.0125521012271444,0.01205073595046997,0.013148831203579903
rmse,model,surface_speed,1610,0.012441647239029408,0.011952595226466656,0.013256439007818699
rmse,model,surface_speed,1620,0.012394462587932746,0.0116368867456913,0.013162118569016456
rmse,model,surface_speed,1630,0.012399635277688503,0.011656615138053893,0.0131804583594203
rmse,model,surface_speed,1640,0.012405769775311153,0.011645844392478465,0.013231238909065723
rmse,model,surface_speed,1650,0.01248846755673488,0.01178997866809368,0.013467445969581604
rmse,model,surface_speed,1660,0.012570353845755259,0.011932742409408092,0.013615909405052662
rmse,model,surface_speed,1670,0.012575548763076464,0.012086960673332214,0.013458713702857493
rmse,model,surface_speed,1680,0.012540237791836262,0.01209527589380741,0.01325985062867403
rmse,model,surface_speed,1690,0.012501839610437552,0.01211284976452589,0.013149843737483024
rmse,model,surface_speed,1700,0.012421552712718645,0.011855141445994376,0.013127051666378975
rmse,model,surface_speed,1710,0.0124186667924126,0.011784114316105843,0.01298117358237505
rmse,model,surface_speed,1720,0.012445163168013095,0.01180517002940178,0.01313134804368019
rmse,model,surface_speed,1730,0.012457291719814141,0.011751548945903778,0.01330686453729868
rmse,model,surface_speed,1740,0.012458757621546586,0.011850417777895927,0.013117866590619087
rmse,model,surface_speed,1750,0.012535283342003822,0.011992588639259338,0.013138340972363948
rmse,model,surface_speed,1760,0.012552078440785408,0.012114932574331761,0.013214082270860673
rmse,model,surface_speed,1770,0.012476518688102563,0.011900519952178001,0.01303039062768221
rmse,model,surface_speed,1780,0.012423969246447087,0.01172937210649252,0.013146213814616203
rmse,model,surface_speed,1790,0.012401279931267103,0.011607383191585541,0.012961511127650737
rmse,model,surface_speed,1800,0.012437257605294386,0.01158878654241562,0.013024086132645607
rmse,model,surface_speed,1810,0.012471528848012288,0.011907349526882171,0.013117452897131444
rmse,model,surface_speed,1820,0.012560852120320003,0.011981875635683537,0.013329172134399414
rmse,model,surface_speed,1830,0.012675659793118636,0.012183173373341561,0.013440746814012527
rmse,model,surface_speed,1840,0.012671222537755966,0.0122251832857728,0.01322868000715971
rmse,model,surface_speed,1850,0.01262169610708952,0.012155142612755299,0.013078171759843826
rmse,model,surface_speed,1860,0.012580742066105207,0.012186019122600556,0.01310979574918747
rmse,model,surface_speed,1870,0.012527803393701712,0.01194182001054287,0.013036270998418331
rmse,model,surface_speed,1880,0.012509942054748535,0.011906553618609905,0.012875751592218876
rmse,model,surface_speed,1890,0.012519935953120391,0.011991061270236969,0.01303365994244814
rmse,model,surface_speed,1900,0.012529830820858479,0.011929769814014436,0.013093228451907635
rmse,model,surface_speed,1910,0.01250449027866125,0.01198748331516981,0.01300949938595295
rmse,model,surface_speed,1920,0.01254664920270443,0.011835377104580403,0.012965364381670952
rmse,model,surface_speed,1930,0.012532104986409347,0.011974640190601349,0.012962212972342967
rmse,model,surface_speed,1940,0.012498894706368446,0.01202679667621851,0.012907994724810124
rmse,model,surface_speed,1950,0.012494802412887415,0.011851399950683118,0.013136734627187252
rmse,model,surface_speed,1960,0.01254036370664835,0.011701814085245132,0.013302286714315414
rmse,model,surface_speed,1970,0.012600016966462135,0.011748421564698219,0.013410891219973565
rmse,model,surface_speed,1980,0.01263396932433049,0.011937274038791657,0.01355658657848835
rmse,model,surface_speed,1990,0.01274261437356472,0.012165369652211665,0.013625429198145866
rmse,model,surface_speed,2000,0.012848195557792982,0.012202020548284054,0.013611488603055477
rmse,climatology,surface_speed,0,0.0033954898981998364,0.0027918787207454445,0.00389752434566617
rmse,climatology,surface_speed,10,0.0034668739574650925,0.0030271850526332857,0.003942240681499243
rmse,climatology,surface_speed,20,0.0035074455508341392,0.0029918336309492587,0.00436863200739026
rmse,climatology,surface_speed,30,0.0034759498201310636,0.003024546708911657,0.004658483900129795
rmse,climatology,surface_speed,40,0.003502055676653981,0.002897839294746518,0.004888666514307261
rmse,climatology,surface_speed,50,0.003532432159408927,0.002966472739353776,0.004909996595233679
rmse,climatology,surface_speed,60,0.0034939745130638284,0.0029706605710089207,0.004667840618640184
rmse,climatology,surface_speed,70,0.003474932008733352,0.0028296575881540777,0.00455883052200079
rmse,climatology,surface_speed,80,0.003490965502957503,0.0030389972031116485,0.004242264293134212
rmse,climatology,surface_speed,90,0.0033896784608562786,0.0028782528825104237,0.00388410035520792
rmse,climatology,surface_speed,100,0.0033179504331201314,0.0029093541204929354,0.0039775663055479525
rmse,climatology,surface_speed,110,0.0033665262162685394,0.002999371336773038,0.004031009133905172
rmse,climatology,surface_speed,120,0.0034356479067355395,0.0029286411590874195,0.0040211336687207225
rmse,climatology,surface_speed,130,0.0034359915958096583,0.0030081392731517555,0.0038294066209346054
rmse,climatology,surface_speed,140,0.003444012984012564,0.002868756465613842,0.003871730901300907
rmse,climatology,surface_speed,150,0.003487827737505237,0.0030458863358944653,0.0038801884278655053
rmse,climatology,surface_speed,160,0.0034604857054849466,0.0030679598450660704,0.004023695271462202
rmse,climatology,surface_speed,170,0.0034962706733494995,0.00288698012009263,0.00411820188164711
rmse,climatology,surface_speed,180,0.0035273684809605283,0.0029927135910838842,0.004329511523246765
rmse,climatology,surface_speed,190,0.003567487094551325,0.0030097540002316236,0.004116017557680607
rmse,climatology,surface_speed,200,0.0035114748403429984,0.0029399384278804065,0.004124777298420668
rmse,climatology,surface_speed,210,0.0035614587056140103,0.002936993958428502,0.004434080421924591
rmse,climatology,surface_speed,220,0.003602910212551554,0.002878150064498186,0.0047729677520692345
rmse,climatology,surface_speed,230,0.003633251056695978,0.002964925393462181,0.004771346505731344
rmse,climatology,surface_speed,240,0.0036938192478070658,0.0029327154625207186,0.005034111440181732
rmse,climatology,surface_speed,250,0.0037467705085873606,0.003015265706926584,0.005174400843679905
rmse,climatology,surface_speed,260,0.003679828190555175,0.002873856667429209,0.00492402222007513
rmse,climatology,surface_speed,270,0.0035810903646051884,0.0028975806664675472,0.004708244837820529
rmse,climatology,surface_speed,280,0.0036032873671501876,0.002976549742743373,0.004598866961896419
rmse,climatology,surface_speed,290,0.0036572308590014776,0.0029690983239561318,0.004339236486703158
rmse,climatology,surface_speed,300,0.0036335818624744815,0.00314425197429955,0.004105041921138764
rmse,climatology,surface_speed,310,0.0036246126051992177,0.003014674037694931,0.004399604722857475
rmse,climatology,surface_speed,320,0.0036288870343317587,0.0031702523585408924,0.004596541263163089
rmse,climatology,surface_speed,330,0.0035781698301434518,0.0031105633825063705,0.00457151560112834
rmse,climatology,surface_speed,340,0.003585081345712145,0.0031708912458270786,0.004283440485596657
rmse,climatology,surface_speed,350,0.003535271156579256,0.003103206492960453,0.004065363761037588
rmse,climatology,surface_speed,360,0.0035134110910197097,0.0029705676715821028,0.003989473730325699
rmse,climatology,surface_speed,370,0.0033792157502224047,0.002955552330240607,0.003831999562680721
rmse,climatology,surface_speed,380,0.003371882593880097,0.003064694441854954,0.003630109503865242
rmse,climatology,surface_speed,390,0.003346522447342674,0.0029068277683109043,0.0038779578171670437
rmse,climatology,surface_speed,400,0.0033251641939083735,0.0028527666814625262,0.003951703943312168
rmse,climatology,surface_speed,410,0.003368244708205263,0.002903015445917845,0.0038128361105918885
rmse,climatology,surface_speed,420,0.0034401246967415014,0.0030406360048800705,0.0038047559559345246
rmse,climatology,surface_speed,430,0.003422937790552775,0.002935165911912918,0.0038754411973059176
rmse,climatology,surface_speed,440,0.003365456545725465,0.0030136479064822195,0.003936752676963806
rmse,climatology,surface_speed,450,0.0034244208751867213,0.0028788238298147915,0.003941970039159059
rmse,climatology,surface_speed,460,0.003499841938416163,0.002912422176450491,0.004198596160858869
rmse,climatology,surface_speed,470,0.003502926276996732,0.003059978736564517,0.004216747265309095
rmse,climatology,surface_speed,480,0.003522990209360917,0.0029008346144109966,0.003987901471555233
rmse,climatology,surface_speed,490,0.003560201559836666,0.0031097746919840573,0.004039861727505922
rmse,climatology,surface_speed,500,0.0035560539768387874,0.0028534929268062116,0.004224724974483251
rmse,climatology,surface_speed,510,0.003608547120044629,0.003058172995224595,0.004587673116475344
rmse,climatology,surface_speed,520,0.0036663770209997893,0.0032011411152780057,0.004580445401370525
rmse,climatology,surface_speed,530,0.0037564510479569436,0.0032537091989070176,0.004935831390321254
rmse,climatology,surface_speed,540,0.0036738066157946986,0.003069631475955248,0.005018468294292688
rmse,climatology,surface_speed,550,0.003680452797561884,0.002906015468761325,0.0050532610155642034
rmse,climatology,surface_speed,560,0.0036518567241728304,0.003109700605273247,0.00489680515602231
rmse,climatology,surface_speed,570,0.0035924360000838835,0.0031995571218430994,0.004530951008200645
rmse,climatology,surface_speed,580,0.003562205114091436,0.0028540401719510554,0.004180461447685957
rmse,climatology,surface_speed,590,0.0035823808051645757,0.003130749659612775,0.00422472907230258
rmse,climatology,surface_speed,600,0.003569420939311385,0.0031401023268699648,0.004067892488092184
rmse,climatology,surface_speed,610,0.0035044541116803886,0.0029966115020215512,0.0040722288191318515
rmse,climatology,surface_speed,620,0.003575342505549391,0.002940833428874612,0.004318566806614399
rmse,climatology,surface_speed,630,0.0037161578424274922,0.003146368870511651,0.004405703116208315
rmse,climatology,surface_speed,640,0.0037527378803739945,0.003042607894167304,0.004883205704391003
rmse,climatology,surface_speed,650,0.003800419516240557,0.0029332416597753763,0.005465649534016847
rmse,climatology,surface_speed,660,0.0038403588347136973,0.0030537490267306565,0.005883226450532675
rmse,climatology,surface_speed,670,0.0038567734882235527,0.0029744147323071957,0.006085625384002924
rmse,climatology,surface_speed,680,0.0038479113796104987,0.002913953736424446,0.0061522706411778925
rmse,climatology,surface_speed,690,0.003849097015336156,0.0029649296309798958,0.0060153348371386525
rmse,climatology,surface_speed,700,0.003884270026658972,0.0031915354076772927,0.0057537853717803955
rmse,climatology,surface_speed,710,0.003762137486288945,0.0030790972523391247,0.0054016543552279465
rmse,climatology,surface_speed,720,0.0037253574623415868,0.0029082351829856634,0.005242110695689917
rmse,climatology,surface_speed,730,0.003696978200847904,0.0030195435974746943,0.004863444436341524
rmse,climatology,surface_speed,740,0.0036812208282450834,0.003061389969661832,0.00468049943447113
rmse,climatology,surface_speed,750,0.003688833738366763,0.0030502339359372854,0.004890497494488955
rmse,climatology,surface_speed,760,0.003728675826763113,0.003145549073815346,0.004512606281787157
rmse,climatology,surface_speed,770,0.0037421755958348514,0.0030579096637666225,0.0045462436974048615
rmse,climatology,surface_speed,780,0.0036817832849919798,0.003104314161464572,0.004430038388818502
rmse,climatology,surface_speed,790,0.003740129837145408,0.002972320932894945,0.004469246510416269
rmse,climatology,surface_speed,800,0.00386471056068937,0.003252508584409952,0.005071834754198789
rmse,climatology,surface_speed,810,0.003897750470787287,0.003166977968066931,0.005355113744735717
rmse,climatology,surface_speed,820,0.003952176744739215,0.00325283738784492,0.005298586841672659
rmse,climatology,surface_speed,830,0.003996181348338723,0.0031035350635647773,0.005401504598557949
rmse,climatology,surface_speed,840,0.004060718898350994,0.003171329014003277,0.0056158947758376595
rmse,climatology,surface_speed,850,0.004091357191403707,0.0031373842619359495,0.005909959599375725
rmse,climatology,surface_speed,860,0.004134934131676952,0.0031267673708498477,0.006096226535737514
rmse,climatology,surface_speed,870,0.004212558517853419,0.0031897721346467733,0.006316740904003382
rmse,climatology,surface_speed,880,0.004136524070054293,0.0030680765863507985,0.006249377224594355
rmse,climatology,surface_speed,890,0.004132163741936286,0.0032259463798254727,0.006206955667585134
rmse,climatology,surface_speed,900,0.004107336436087887,0.003056502528488636,0.005957242660224437
rmse,climatology,surface_speed,910,0.00406968182263275,0.002908617863431573,0.005946398247033358
rmse,climatology,surface_speed,920,0.004073257138952613,0.002982842829078436,0.005796445067971945
rmse,climatology,surface_speed,930,0.004062300190950433,0.00305658932775259,0.005556839425116777
rmse,climatology,surface_speed,940,0.0040344680969913805,0.00296991067007184,0.005736501421779394
rmse,climatology,surface_speed,950,0.003899647512783607,0.00293225753121078,0.005620975233614444
rmse,climatology,surface_speed,960,0.003864198084920645,0.0029918364714831116,0.005496049299836159
rmse,climatology,surface_speed,970,0.003881442251925667,0.0030889452900737524,0.005252687726169824
rmse,climatology,surface_speed,980,0.0038334008771926165,0.003054782887920737,0.005003398749977349
rmse,climatology,surface_speed,990,0.0038048434536904095,0.0032210673205554487,0.00471127675846219
rmse,climatology,surface_speed,1000,0.003747289984797438,0.0032196817453950645,0.004432488046586513
rmse,climatology,surface_speed,1010,0.0037237314662585657,0.0031412474811077116,0.004594029858708382
rmse,climatology,surface_speed,1020,0.0036813185550272466,0.003187233582139015,0.004475174285471439
rmse,climatology,surface_speed,1030,0.0037012656684964895,0.00328354611992836,0.004409996140748262
rmse,climatology,surface_speed,1040,0.0037355775634447734,0.0031876508612185715,0.004392175562679767
rmse,climatology,surface_speed,1050,0.0036649891020109258,0.0030050438828766344,0.004185005556792021
rmse,climatology,surface_speed,1060,0.0036733644704024,0.0030646170023828747,0.004233774077147245
rmse,climatology,surface_speed,1070,0.0036940278795858225,0.0032321013975888492,0.004339433182030916
rmse,climatology,surface_speed,1080,0.003716180892661214,0.0029287029057741163,0.004656353406608104
rmse,climatology,surface_speed,1090,0.0037516873329877854,0.003099728375673294,0.005161856394261121
rmse,climatology,surface_speed,1100,0.003802479648341735,0.0030079011805355547,0.005251052230596542
rmse,climatology,surface_speed,1110,0.0038645341371496516,0.0031108543742448093,0.005233979597687721
rmse,climatology,surface_speed,1120,0.003806670910368363,0.002990270499140024,0.005058208014816046
rmse,climatology,surface_speed,1130,0.0038514476890365284,0.0028639216907322407,0.0052816177718341345
rmse,climatology,surface_speed,1140,0.0039701710144678755,0.0030712745152413844,0.005749721266329288
rmse,climatology,surface_speed,1150,0.004018589699019988,0.002974661672487855,0.00600770590826869
rmse,climatology,surface_speed,1160,0.004039737908169627,0.0030249539297074078,0.006164499651640653
rmse,climatology,surface_speed,1170,0.004027329990640283,0.0029665690381079912,0.00629928782582283
rmse,climatology,surface_speed,1180,0.004035082211097081,0.0030238123144954443,0.006224111188203096
rmse,climatology,surface_speed,1190,0.003936638170853257,0.003022493189200759,0.006042469665408135
rmse,climatology,surface_speed,1200,0.0039171076379716395,0.00308756772428751,0.00586879849433899
rmse,climatology,surface_speed,1210,0.0038995357075085244,0.003145337849855423,0.005618814937770366
rmse,climatology,surface_speed,1220,0.003770975799610217,0.0031923421658575533,0.0052391583099961276
rmse,climatology,surface_speed,1230,0.003669424494728446,0.0029819301795214414,0.00484683969989419
rmse,climatology,surface_speed,1240,0.0036155518610030413,0.0030558685306459666,0.0046060275286436084
rmse,climatology,surface_speed,1250,0.0035786551889032125,0.003108280524611473,0.004420423973351717
rmse,climatology,surface_speed,1260,0.0035245636322846015,0.0030120075680315495,0.004162268992513418
rmse,climatology,surface_speed,1270,0.003521616027380029,0.0028815420344471933,0.004064058884978294
rmse,climatology,surface_speed,1280,0.0035772169940173626,0.0032298489939421417,0.00398216163739562
rmse,climatology,surface_speed,1290,0.0035129141993820666,0.003065488999709487,0.003975858259946108
rmse,climatology,surface_speed,1300,0.0035318281346311173,0.002882026368752122,0.004219912644475699
rmse,climatology,surface_speed,1310,0.0036489835940301417,0.0030843439511954785,0.00430176667869091
rmse,climatology,surface_speed,1320,0.0037333490792661904,0.003048936603590846,0.004550679307430983
rmse,climatology,surface_speed,1330,0.0037652300981183846,0.0029744090512394904,0.005148153938353061
rmse,climatology,surface_speed,1340,0.0037733921936402718,0.0029288067016750574,0.005523985810577869
rmse,climatology,surface_speed,1350,0.0038213337461153666,0.003036598954349756,0.0057086762972176075
rmse,climatology,surface_speed,1360,0.0037647837307304144,0.0030902020633220674,0.005794021766632795
rmse,climatology,surface_speed,1370,0.003780471362794439,0.002856158325448632,0.00565881310030818
rmse,climatology,surface_speed,1380,0.0037922197952866554,0.003118705516681075,0.0053282868117094035
rmse,climatology,surface_speed,1390,0.0037210296218593915,0.0031329745426774023,0.0049521752633154385
rmse,climatology,surface_speed,1400,0.003631842245037357,0.0031121785286813974,0.0047037614509463305
rmse,climatology,surface_speed,1410,0.0035986500636984906,0.0030531135853379965,0.00460967468097806
rmse,climatology,surface_speed,1420,0.003600096811229984,0.0030197945423424246,0.00436820238828659
rmse,climatology,surface_speed,1430,0.0035899119606862466,0.003043551417067647,0.004483937192708253
rmse,climatology,surface_speed,1440,0.003613335344319542,0.0030042209662497045,0.00414132010191679
rmse,climatology,surface_speed,1450,0.003687690043201049,0.003198780585080385,0.004164495039731264
rmse,climatology,surface_speed,1460,0.0036369814071804283,0.0030850404873490334,0.0043089528568089
rmse,climatology,surface_speed,1470,0.0036297443633278212,0.0030418909154832363,0.004280210379511117
rmse,climatology,surface_speed,1480,0.003729514917358756,0.003129466064274311,0.004611101932823658
rmse,climatology,surface_speed,1490,0.003802792184675733,0.0032631273847073317,0.005034720338881016
rmse,climatology,surface_speed,1500,0.003829063925271233,0.0032057699747383593,0.004924829769879579
rmse,climatology,surface_speed,1510,0.003852959116920829,0.0031431995797902347,0.004934776201844215
rmse,climatology,surface_speed,1520,0.003923965711146593,0.0031832211650907995,0.005257919058203697
rmse,climatology,surface_speed,1530,0.003938445495441556,0.003199722757562995,0.005472345557063818
rmse,climatology,surface_speed,1540,0.004010725471501549,0.0031352216843515634,0.005733078345656395
rmse,climatology,surface_speed,1550,0.004053064171845714,0.0031722776126116513,0.006025773379951716
rmse,climatology,surface_speed,1560,0.004050106462091208,0.0030632336158305405,0.005979518871754408
rmse,climatology,surface_speed,1570,0.003978381042058269,0.0030295141506940125,0.005823078285902739
rmse,climatology,surface_speed,1580,0.003966993512585759,0.0031448762398213147,0.005541250016540288
rmse,climatology,surface_speed,1590,0.003931667159001033,0.0028812482487410307,0.005477875377982855
rmse,climatology,surface_speed,1600,0.003880598784113924,0.0029946144204586744,0.00529420617967844
rmse,climatology,surface_speed,1610,0.003876434654618303,0.0030169089324772356,0.005078090075403452
rmse,climatology,surface_speed,1620,0.003899237792938948,0.0030707665253430607,0.00534271840006113
rmse,climatology,surface_speed,1630,0.003802505306278666,0.0029580438509583472,0.005299909971654414
rmse,climatology,surface_speed,1640,0.0037188900945087275,0.0029727625194936992,0.005061272624880075
rmse,climatology,surface_speed,1650,0.003727529942989349,0.0030509117525070904,0.004884317982941866
rmse,climatology,surface_speed,1660,0.0037311031793554623,0.0029926454182714226,0.004654106404632329
rmse,climatology,surface_speed,1670,0.0036841622553765775,0.0032080738805234433,0.004397938493639231
rmse,climatology,surface_speed,1680,0.0036309046515574056,0.003273313958197832,0.004088099393993616
rmse,climatology,surface_speed,1690,0.0036138953175395725,0.003218906419351697,0.004173980746418238
rmse,climatology,surface_speed,1700,0.0035494459172089893,0.0031584691256284713,0.004349592607468367
rmse,climatology,surface_speed,1710,0.0035946427068362635,0.003265575412660837,0.004009417537599802
rmse,climatology,surface_speed,1720,0.003607936405266325,0.003196245152503252,0.004058270342648029
rmse,climatology,surface_speed,1730,0.003634719705830018,0.003164787730202079,0.004028893262147904
rmse,climatology,surface_speed,1740,0.0035764979353795447,0.0030992606189101934,0.004074251465499401
rmse,climatology,surface_speed,1750,0.0036259376754363376,0.0031552222557365895,0.004177907668054103
rmse,climatology,surface_speed,1760,0.003645699331536889,0.003081941418349743,0.004354500025510788
rmse,climatology,surface_speed,1770,0.003643178753554821,0.0029573739506304265,0.004810738377273082
rmse,climatology,surface_speed,1780,0.0036812082243462404,0.0029068964067846537,0.004858497902750968
rmse,climatology,surface_speed,1790,0.0037597295672943194,0.0031300746835768224,0.004874111525714397
rmse,climatology,surface_speed,1800,0.0037468135356903075,0.0029883910436183216,0.004741216357797384
rmse,climatology,surface_speed,1810,0.0037201130607475838,0.0029881462920457124,0.004846607055515051
rmse,climatology,surface_speed,1820,0.0038181775094320376,0.0029813865199685096,0.005278866458684205
rmse,climatology,surface_speed,1830,0.0039216405246406795,0.0029840197879821063,0.005584349110722542
rmse,climatology,surface_speed,1840,0.003933616851766904,0.0031416499987244606,0.005788895580917597
rmse,climatology,surface_speed,1850,0.0039280074803779525,0.002911451319232583,0.006031867302954197
rmse,climatology,surface_speed,1860,0.003942071134224534,0.0031630342360585927,0.005911966133862734
rmse,climatology,surface_speed,1870,0.003865373382965724,0.0028583877719938755,0.0057042501866817474
rmse,climatology,surface_speed,1880,0.0038322793940703073,0.003054647333920002,0.005387664679437875
rmse,climatology,surface_speed,1890,0.0037892631875971953,0.0032324505038559435,0.005146351736038923
rmse,climatology,surface_speed,1900,0.0037745572937031586,0.0032704589422792195,0.004810765292495489
rmse,climatology,surface_speed,1910,0.0036434367919961613,0.0030713758897036314,0.004403361584991217
rmse,climatology,surface_speed,1920,0.0036337540795405706,0.002915017865598202,0.004466456733644008
rmse,climatology,surface_speed,1930,0.0036427143185089033,0.003139633405953646,0.004252995178103447
rmse,climatology,surface_speed,1940,0.0036466782602171104,0.00317933214828372,0.004189039953052998
rmse,climatology,surface_speed,1950,0.0036966842599213123,0.002871823124587536,0.004589053709059953
rmse,climatology,surface_speed,1960,0.003797369512418906,0.003168791485950351,0.004747056495398283
rmse,climatology,surface_speed,1970,0.003828466140354673,0.003141238819807768,0.005207721795886755
rmse,climatology,surface_speed,1980,0.0037940117220083875,0.0030247246380895377,0.005606396123766899
rmse,climatology,surface_speed,1990,0.0038364776720603306,0.0030011657625436785,0.0058653044514358045
rmse,climatology,surface_speed,2000,0.003912205450857679,0.003214430855587125,0.0060101734474301335
rmse,persistence,surface_speed,0,0.0,0.0,0.0
rmse,persistence,surface_speed,10,0.0023572532227262855,0.0018963044043630362,0.0027663080487400292
rmse,persistence,surface_speed,20,0.003400436214481791,0.0029766032472252845,0.004053850192576647
rmse,persistence,surface_speed,30,0.00391251506904761,0.0035253064706921577,0.004308911599218845
rmse,persistence,surface_speed,40,0.004639810618634025,0.003953629685565829,0.005117436870932579
rmse,persistence,surface_speed,50,0.005038322228938341,0.004373225476592779,0.005583388730883598
rmse,persistence,surface_speed,60,0.005001902890702088,0.004390926007181406,0.005515665281563997
rmse,persistence,surface_speed,70,0.005037047807127238,0.004310251865535975,0.005785898771136999
rmse,persistence,surface_speed,80,0.005074647969255845,0.004635517112910747,0.00565723879262805
rmse,persistence,surface_speed,90,0.005038200784474612,0.004659904260188341,0.005478307232260704
rmse,persistence,surface_speed,100,0.005005148239433765,0.004520984925329685,0.005603096541017294
rmse,persistence,surface_speed,110,0.005097492535909017,0.0046012021601200105,0.005618757009506226
rmse,persistence,surface_speed,120,0.005242130439728499,0.004708578623831272,0.005810542497783899
rmse,persistence,surface_speed,130,0.00490835647409161,0.004304117057472467,0.0060242117382586
rmse,persistence,surface_speed,140,0.004261675399417678,0.003474553767591715,0.005655288882553578
rmse,persistence,surface_speed,150,0.004050730417172114,0.003170584701001644,0.00537145072594285
rmse,persistence,surface_speed,160,0.0033371809559563795,0.00251683103851974,0.004723521322011947
rmse,persistence,surface_speed,170,0.002038806319857637,0.0008841575472615659,0.003926041163504123
rmse,persistence,surface_speed,180,0.0031738621182739735,0.002033446403220296,0.0045071830041706566
rmse,persistence,surface_speed,190,0.004137167287990451,0.003094263980165124,0.005409853905439376
rmse,persistence,surface_speed,200,0.004568165556217234,0.0035656771622598173,0.0058641361072659486
rmse,persistence,surface_speed,210,0.0052292381413280966,0.0041028596460819244,0.00624394379556179
rmse,persistence,surface_speed,220,0.005647476545224587,0.0045807227492332455,0.006754624005407095
rmse,persistence,surface_speed,230,0.005675594105074803,0.004592994879931212,0.00685798330232501
rmse,persistence,surface_speed,240,0.005739325160781543,0.004475494660437107,0.0068112539127469065
rmse,persistence,surface_speed,250,0.0057803652870158356,0.004724288173019886,0.007133145444095134
rmse,persistence,surface_speed,260,0.005747358128428459,0.0049191095866262914,0.006669763196259737
rmse,persistence,surface_speed,270,0.005653013475239277,0.004880719818174839,0.006477510929107666
rmse,persistence,surface_speed,280,0.005660365987569094,0.004826950561255217,0.0063990683294832705
rmse,persistence,surface_speed,290,0.005760909554859002,0.0051187979988753796,0.006461274251341819
rmse,persistence,surface_speed,300,0.0054432791968186695,0.004798935074359178,0.006298672314733266
rmse,persistence,surface_speed,310,0.004777532971153657,0.0039893138688057665,0.005921192932873964
rmse,persistence,surface_speed,320,0.004472513512397806,0.0035731963347643615,0.005841599870473146
rmse,persistence,surface_speed,330,0.003862670964250962,0.0029170972760766745,0.005194236524403095
rmse,persistence,surface_speed,340,0.0026680357831840714,0.0017475624103099109,0.004302652552723885
rmse,persistence,surface_speed,350,0.0032691159440825382,0.0024613537825644016,0.0044449083507061005
rmse,persistence,surface_speed,360,0.004160525447999438,0.0034341805148869753,0.0050718699581921095
rmse,persistence,surface_speed,370,0.004474535584449768,0.004023437388241291,0.005208440870046615
rmse,persistence,surface_speed,380,0.005054445192217827,0.004561838880181313,0.005511907953768968
rmse,persistence,surface_speed,390,0.0054516919888556005,0.005055133439600468,0.005788940377533436
rmse,persistence,surface_speed,400,0.005460472746441762,0.005090691428631544,0.005887399427592754
rmse,persistence,surface_speed,410,0.005481966957449913,0.004913245514035225,0.005999371502548456
rmse,persistence,surface_speed,420,0.005519127783675988,0.0049271484836936,0.006351049337536096
rmse,persistence,surface_speed,430,0.005508948086450497,0.004878811351954937,0.006269664131104946
rmse,persistence,surface_speed,440,0.005450557234386603,0.004763821419328451,0.006168003287166357
rmse,persistence,surface_speed,450,0.005463121738284826,0.004862395022064448,0.006473447661846876
rmse,persistence,surface_speed,460,0.00557916092996796,0.004863769095391035,0.006686387583613396
rmse,persistence,surface_speed,470,0.005327096239974101,0.004516820423305035,0.006115107983350754
rmse,persistence,surface_speed,480,0.004665089057137569,0.003770272620022297,0.00559046259149909
rmse,persistence,surface_speed,490,0.004341744227955738,0.003203916037455201,0.005298473406583071
rmse,persistence,surface_speed,500,0.003843289986252785,0.002844778401777148,0.004937667306512595
rmse,persistence,surface_speed,510,0.002475308945092062,0.0010739153949543834,0.004671494290232658
rmse,persistence,surface_speed,520,0.0030618602487569053,0.0016359001398086547,0.004929003119468689
rmse,persistence,surface_speed,530,0.004174561301867167,0.002898596553131938,0.0058708351105451586
rmse,persistence,surface_speed,540,0.004551377659663558,0.003627162426710129,0.0064676754176616665
rmse,persistence,surface_speed,550,0.005107116466388106,0.004007698688656092,0.006824563629925251
rmse,persistence,surface_speed,560,0.005499805820484956,0.004485773760825396,0.007001078873872757
rmse,persistence,surface_speed,570,0.005472481312851111,0.004585734847933054,0.006818163860589265
rmse,persistence,surface_speed,580,0.005380578028659026,0.004450063407421112,0.006334721948951483
rmse,persistence,surface_speed,590,0.005325818154960871,0.004542510025203228,0.006327283289283514
rmse,persistence,surface_speed,600,0.005236121608565251,0.004676099121570587,0.006057074014097452
rmse,persistence,surface_speed,610,0.0050830019327501455,0.004402415361255407,0.005687887035310269
rmse,persistence,surface_speed,620,0.00504424221192797,0.0044474158436059955,0.005837712530046701
rmse,persistence,surface_speed,630,0.0051690690529843175,0.00461044954136014,0.00586423184722662
rmse,persistence,surface_speed,640,0.0049473272636532785,0.004380558151751757,0.005597754567861557
rmse,persistence,surface_speed,650,0.004251193627715111,0.0036909297574311494,0.0051086157560348506
rmse,persistence,surface_speed,660,0.003851220058277249,0.003065067669376731,0.004903842788189649
rmse,persistence,surface_speed,670,0.003385084324205915,0.002705602627247572,0.004403636883944273
rmse,persistence,surface_speed,680,0.0017251373191053668,0.00106894513592124,0.0034296130761504165
rmse,persistence,surface_speed,690,0.0020694298359254996,0.0013607382541522383,0.003387904353439807
rmse,persistence,surface_speed,700,0.003471746714785695,0.0027288625948131084,0.004634253215044737
rmse,persistence,surface_speed,710,0.003925676892201106,0.003254587994888425,0.00475514680147171
rmse,persistence,surface_speed,720,0.004550354353462656,0.0038087906781584025,0.005392076261341572
rmse,persistence,surface_speed,730,0.00508300078411897,0.0043534042313694956,0.005909467861056328
rmse,persistence,surface_speed,740,0.005194185518970092,0.004483490716665983,0.005787597689777613
rmse,persistence,surface_speed,750,0.005220996371159951,0.004459600709378719,0.006076911557465791
rmse,persistence,surface_speed,760,0.005301767680794001,0.004441932961344719,0.005885125789791346
rmse,persistence,surface_speed,770,0.005354811530560255,0.004718531016260385,0.00607187207788229
rmse,persistence,surface_speed,780,0.005339317210018635,0.004516999609768391,0.005907412618398666
rmse,persistence,surface_speed,790,0.005396695745488008,0.004457026999443769,0.0062595194205641745
rmse,persistence,surface_speed,800,0.005603102811922629,0.0047970333136618136,0.007041260506957769
rmse,persistence,surface_speed,810,0.005536130505303541,0.004672197811305523,0.0068543291650712485
rmse,persistence,surface_speed,820,0.005010963355501493,0.004037143941968679,0.006309194024652243
rmse,persistence,surface_speed,830,0.004668606941898664,0.003499203361570835,0.006160050164908171
rmse,persistence,surface_speed,840,0.004438312926019232,0.003036916861310601,0.006139111146330833
rmse,persistence,surface_speed,850,0.003425469622015953,0.0016500282799825072,0.005624579917639494
rmse,persistence,surface_speed,860,0.0035220150214930377,0.0016738174017518759,0.005766401998698711
rmse,persistence,surface_speed,870,0.004626492783427238,0.003209978714585304,0.006766205746680498
rmse,persistence,surface_speed,880,0.005035150004550815,0.0037056658416986465,0.007082483731210232
rmse,persistence,surface_speed,890,0.00553062188749512,0.004345502983778715,0.007317334134131669
rmse,persistence,surface_speed,900,0.006005618628114462,0.004838761314749718,0.007548190094530582
rmse,persistence,surface_speed,910,0.006109945351878802,0.004924963228404522,0.007585733849555254
rmse,persistence,surface_speed,920,0.006074961709479491,0.004947314597666263,0.0075631609186530115
rmse,persistence,surface_speed,930,0.006086391893525918,0.004909695591777563,0.007441793102771044
rmse,persistence,surface_speed,940,0.006070409528911113,0.005158701352775097,0.00717618502676487
rmse,persistence,surface_speed,950,0.005959299765527249,0.00498815681785345,0.007159438077360391
rmse,persistence,surface_speed,960,0.005875839572399855,0.004784392658621073,0.007170396577566861
rmse,persistence,surface_speed,970,0.005941695099075635,0.0052096136845648285,0.007243929803371429
rmse,persistence,surface_speed,980,0.00581258883078893,0.005201651249080896,0.006831810716539621
rmse,persistence,surface_speed,990,0.005212103171894948,0.0045581328682601455,0.006122420076280832
rmse,persistence,surface_speed,1000,0.0046851498230050005,0.003915472701191902,0.005813296232372522
rmse,persistence,surface_speed,1010,0.00439526039796571,0.0033681971486657857,0.005336927715688944
rmse,persistence,surface_speed,1020,0.003335756730909149,0.002425759844481945,0.004645003285259008
rmse,persistence,surface_speed,1030,0.003067122904273371,0.0021204645279794933,0.004468601569533348
rmse,persistence,surface_speed,1040,0.00416096206754446,0.0032934595365077257,0.00501104686409235
rmse,persistence,surface_speed,1050,0.0046381768149634205,0.0039043800439685582,0.0054437012411654
rmse,persistence,surface_speed,1060,0.005128333251923323,0.0044534155167639256,0.005899022612720728
rmse,persistence,surface_speed,1070,0.00566400724152724,0.004875857848674059,0.006607633363455534
rmse,persistence,surface_speed,1080,0.005856433107207219,0.005266435258090496,0.00676143579185009
rmse,persistence,surface_speed,1090,0.005839476982752482,0.00504232281818986,0.006960815750062466
rmse,persistence,surface_speed,1100,0.005869851137200992,0.004766492825001478,0.00713214110583067
rmse,persistence,surface_speed,1110,0.005892710573971271,0.004946447629481554,0.007171900290995836
rmse,persistence,surface_speed,1120,0.005844780740638574,0.0049082874320447445,0.006918044481426478
rmse,persistence,surface_speed,1130,0.0058275726002951465,0.004739301837980747,0.007537894695997238
rmse,persistence,surface_speed,1140,0.005948313449819883,0.0048128762282431126,0.007864679396152496
rmse,persistence,surface_speed,1150,0.005934796202927828,0.004819305706769228,0.008020449429750443
rmse,persistence,surface_speed,1160,0.005417408204327027,0.004125868156552315,0.00787895154207945
rmse,persistence,surface_speed,1170,0.00487287905998528,0.003428297210484743,0.007547549903392792
rmse,persistence,surface_speed,1180,0.004634454970558485,0.003170232893899083,0.007143471855670214
rmse,persistence,surface_speed,1190,0.003508291121882697,0.0019418489886447788,0.006615527626127005
rmse,persistence,surface_speed,1200,0.0027745178978269298,0.0010628596879541873,0.006167668104171753
rmse,persistence,surface_speed,1210,0.00397006249986589,0.0024467438459396364,0.006332044396549464
rmse,persistence,surface_speed,1220,0.004448531552528342,0.0033753262367099525,0.0064734254963696005
rmse,persistence,surface_speed,1230,0.004818002724399169,0.003870141413062811,0.006468635145574808
rmse,persistence,surface_speed,1240,0.005300628890593847,0.00425739623606205,0.0065472438931465145
rmse,persistence,surface_speed,1250,0.005444886566450199,0.004637944418936968,0.006589002441614866
rmse,persistence,surface_speed,1260,0.005300812485317389,0.004424085188657045,0.006184440851211548
rmse,persistence,surface_speed,1270,0.005244506678233544,0.004343059007078409,0.006119159795343876
rmse,persistence,surface_speed,1280,0.005192808248102665,0.004703289084136486,0.005935985594987869
rmse,persistence,surface_speed,1290,0.0050492895146210985,0.004575928766280412,0.005735097266733646
rmse,persistence,surface_speed,1300,0.004944966019441684,0.004371592588722706,0.005659028328955173
rmse,persistence,surface_speed,1310,0.0050289529996613664,0.004532273951917886,0.005588375963270664
rmse,persistence,surface_speed,1320,0.0050431739538908,0.004572335723787546,0.005450478382408619
rmse,persistence,surface_speed,1330,0.004511839322124918,0.003945218212902546,0.005260591302067041
rmse,persistence,surface_speed,1340,0.0038570433389395475,0.003260200330987573,0.004497291706502438
rmse,persistence,surface_speed,1350,0.00363113172352314,0.0029475053772330282,0.004508997779339552
rmse,persistence,surface_speed,1360,0.002482177596539259,0.0019679486751556395,0.003491976391524076
rmse,persistence,surface_speed,1370,0.0012254978064447641,0.0006563208531588316,0.0025906062684953207
rmse,persistence,surface_speed,1380,0.0029382498158762854,0.002223551087081432,0.003914139233529568
rmse,persistence,surface_speed,1390,0.003715201405187448,0.003082114038988948,0.004479708708822727
rmse,persistence,surface_speed,1400,0.004202533264954885,0.0036734355147928,0.004727709386497736
rmse,persistence,surface_speed,1410,0.004859954491257668,0.004090240597724915,0.0055304613895714285
rmse,persistence,surface_speed,1420,0.005176058287421862,0.004427383281290531,0.0058839056640863415
rmse,persistence,surface_speed,1430,0.005168139996627966,0.004416558332741261,0.005942401476204395
rmse,persistence,surface_speed,1440,0.005245799912760655,0.004315217025578022,0.005944471061229706
rmse,persistence,surface_speed,1450,0.0053238588074843085,0.00466614980250597,0.006139884609729051
rmse,persistence,surface_speed,1460,0.0053221007498602075,0.00460212528705597,0.006088066566735506
rmse,persistence,surface_speed,1470,0.005320866250743469,0.004494857601821422,0.006176459416747093
rmse,persistence,surface_speed,1480,0.005458444977800052,0.004752844013273716,0.006761322170495986
rmse,persistence,surface_speed,1490,0.005586259905248881,0.004788544028997421,0.006795710045844316
rmse,persistence,surface_speed,1500,0.005228083425511916,0.004362311773002147,0.006313096825033426
rmse,persistence,surface_speed,1510,0.004673784909149011,0.0036097405012696982,0.006000296585261821
rmse,persistence,surface_speed,1520,0.004543159669265151,0.0032019917853176594,0.006274563167244195
rmse,persistence,surface_speed,1530,0.0038572998562206823,0.0024644196033477782,0.005624311603605747
rmse,persistence,surface_speed,1540,0.0030665295431390404,0.001171397906728089,0.00517948642373085
rmse,persistence,surface_speed,1550,0.004085352007920543,0.0027279703877866267,0.0061117812991142275
rmse,persistence,surface_speed,1560,0.004779796814545989,0.003477227408438921,0.006726144719868898
rmse,persistence,surface_speed,1570,0.005139179310450951,0.0039255739189684394,0.006801263708621263
rmse,persistence,surface_speed,1580,0.005682322041441997,0.004672287218272686,0.007071584090590477
rmse,persistence,surface_speed,1590,0.005959459207952022,0.005055621452629566,0.00717590507119894
rmse,persistence,surface_speed,1600,0.005892271362245083,0.004831692203879356,0.007122096791863442
rmse,persistence,surface_speed,1610,0.005893979345758756,0.004869590979069471,0.007101035118103027
rmse,persistence,surface_speed,1620,0.005897004591921965,0.004927052836865187,0.006940282322466374
rmse,persistence,surface_speed,1630,0.005824575976779063,0.0050569319166243075,0.00698628993704915
rmse,persistence,surface_speed,1640,0.0057161887797216576,0.004886740725487471,0.006701846979558467
rmse,persistence,surface_speed,1650,0.0057110732421278955,0.00493195578455925,0.006909097637981176
rmse,persistence,surface_speed,1660,0.005763021639237801,0.005200968403369188,0.006718640960752964
rmse,persistence,surface_speed,1670,0.0053711806423962115,0.004885209258645773,0.006098747439682484
rmse,persistence,surface_speed,1680,0.004682545115550359,0.004138033278286457,0.005630040448158979
rmse,persistence,surface_speed,1690,0.004417501902207732,0.0036834918428212404,0.005370434746146202
rmse,persistence,surface_speed,1700,0.003736209279547135,0.0030075446236878635,0.004789955355226994
rmse,persistence,surface_speed,1710,0.002696205916193624,0.0016872254665941,0.004138135630637407
rmse,persistence,surface_speed,1720,0.0035101009998470545,0.002668462600558996,0.00443106573075056
rmse,persistence,surface_speed,1730,0.004366403073072433,0.0034663799218833447,0.005170018225908279
rmse,persistence,surface_speed,1740,0.004748071761180957,0.004115318227559328,0.005522637534886598
rmse,persistence,surface_speed,1750,0.005348116190483173,0.0045160575769841674,0.006305356975644827
rmse,persistence,surface_speed,1760,0.005706597957760096,0.005075607262551784,0.006622750498354435
rmse,persistence,surface_speed,1770,0.005701262690126896,0.004925412777811289,0.006818578112870455
rmse,persistence,surface_speed,1780,0.005710882134735584,0.004649955872446298,0.006641272269189358
rmse,persistence,surface_speed,1790,0.00572659932076931,0.004777884669601917,0.006903865374624729
rmse,persistence,surface_speed,1800,0.005709075275808573,0.00471342084929347,0.006803940422832966
rmse,persistence,surface_speed,1810,0.005659939814358949,0.004557632748037577,0.007090380229055881
rmse,persistence,surface_speed,1820,0.00570364532371362,0.004726418573409319,0.007337826769798994
rmse,persistence,surface_speed,1830,0.005841899352769057,0.004777773283421993,0.00774676576256752
rmse,persistence,surface_speed,1840,0.005564475152641535,0.004379802942276001,0.007744576688855887
rmse,persistence,surface_speed,1850,0.004895409693320593,0.0036871285177767278,0.007463766168802977
rmse,persistence,surface_speed,1860,0.004609965408841769,0.003183929715305567,0.006985699292272329
rmse,persistence,surface_speed,1870,0.003981175910060604,0.0027217721566557885,0.006540459115058184
rmse,persistence,surface_speed,1880,0.0025339839087488753,0.0010082015069201589,0.005674124415963888
rmse,persistence,surface_speed,1890,0.003168973970847825,0.0018386152805760503,0.0055471364408731455
rmse,persistence,surface_speed,1900,0.004077139993508657,0.0029863468836992977,0.005762614216655493
rmse,persistence,surface_speed,1910,0.0043580583141495785,0.0036568849347531794,0.0058443968184292315
rmse,persistence,surface_speed,1920,0.004878208382676045,0.003932807967066765,0.00593264615163207
rmse,persistence,surface_speed,1930,0.005218085460364818,0.004443005565553904,0.006151448283344507
rmse,persistence,surface_speed,1940,0.0051523529303570586,0.004443058464676142,0.005958830937743187
rmse,persistence,surface_speed,1950,0.005110645511498054,0.00431145541369915,0.00578442383557558
rmse,persistence,surface_speed,1960,0.005125841405242681,0.004485227353870869,0.0058028134517371655
rmse,persistence,surface_speed,1970,0.005113098180542389,0.004577877465635538,0.005581919196993112
rmse,persistence,surface_speed,1980,0.0050397469662129876,0.0043289877474308016,0.005818288121372461
rmse,persistence,surface_speed,1990,0.005058412750562032,0.004401824437081814,0.005868975631892681
rmse,persistence,surface_speed,2000,0.005199551799645027,0.004577579721808433,0.005877254996448755
rmse,model,phihyd_surface,0,0.0,0.0,0.0
rmse,model,phihyd_surface,10,0.020235890274246535,0.018696631118655205,0.022378334403038026
rmse,model,phihyd_surface,20,0.026231642191608746,0.024322758242487908,0.028951968252658843
rmse,model,phihyd_surface,30,0.03115505874156952,0.027972501888871192,0.03534709885716438
rmse,model,phihyd_surface,40,0.036748789995908734,0.03191430047154427,0.043438381701707836
rmse,model,phihyd_surface,50,0.043975189328193665,0.036372216790914534,0.05406447052955627
rmse,model,phihyd_surface,60,0.053046228488286336,0.0415174700319767,0.06743977665901184
rmse,model,phihyd_surface,70,0.06442381863792737,0.04765255823731422,0.08416843116283416
rmse,model,phihyd_surface,80,0.07853485519687335,0.05548200234770775,0.103900408744812
rmse,model,phihyd_surface,90,0.0954360917210579,0.06514999866485596,0.12588435113430024
rmse,model,phihyd_surface,100,0.11455210844675699,0.07598639875650406,0.14931147694587707
rmse,model,phihyd_surface,110,0.1351559822758039,0.0891268789768219,0.1729800522327423
rmse,model,phihyd_surface,120,0.15633561660846074,0.10447458326816558,0.19614038169384002
rmse,model,phihyd_surface,130,0.17721643447875976,0.12164114117622375,0.2175654113292694
rmse,model,phihyd_surface,140,0.19725212057431538,0.14016267359256745,0.236528417468071
rmse,model,phihyd_surface,150,0.2160354773203532,0.1599184602499008,0.2525546967983246
rmse,model,phihyd_surface,160,0.2332506815592448,0.18000155985355376,0.26606847643852233
rmse,model,phihyd_surface,170,0.2485681821902593,0.199380025267601,0.27780352234840394
rmse,model,phihyd_surface,180,0.2621300528446833,0.2178234040737152,0.28867124319076537
rmse,model,phihyd_surface,190,0.2737645536661148,0.23476572334766388,0.2977760136127472
rmse,model,phihyd_surface,200,0.2837623427311579,0.25013247430324553,0.30603955388069154
rmse,model,phihyd_surface,210,0.2922000487645467,0.26412142515182496,0.3130856156349182
rmse,model,phihyd_surface,220,0.29928399125734967,0.2769306778907776,0.3181640863418579
rmse,model,phihyd_surface,230,0.3053089300791422,0.2885390520095825,0.3221174716949463
rmse,model,phihyd_surface,240,0.3108012735843658,0.2978737950325012,0.3262717962265015
rmse,model,phihyd_surface,250,0.3158507188161214,0.3042030394077301,0.3315512418746948
rmse,model,phihyd_surface,260,0.32033518751462303,0.31089948415756224,0.3368521809577942
rmse,model,phihyd_surface,270,0.3240916887919108,0.31388218998908995,0.341164368391037
rmse,model,phihyd_surface,280,0.3273859838644663,0.3163427531719208,0.3440406620502472
rmse,model,phihyd_surface,290,0.33004058798154196,0.31856791377067567,0.3457634925842285
rmse,model,phihyd_surface,300,0.3324200371901194,0.32054821252822874,0.34586570858955384
rmse,model,phihyd_surface,310,0.3347322384516398,0.32249778509140015,0.34613107442855834
rmse,model,phihyd_surface,320,0.3371343950430552,0.3241138160228729,0.34792760014533997
rmse,model,phihyd_surface,330,0.33942925731341045,0.32518031597137453,0.35104628205299376
rmse,model,phihyd_surface,340,0.3413506825764974,0.32582014203071596,0.35441343784332274
rmse,model,phihyd_surface,350,0.34271424611409507,0.326646500825882,0.35626832842826844
rmse,model,phihyd_surface,360,0.3437335789203644,0.32747510075569153,0.35752553939819337
rmse,model,phihyd_surface,370,0.3446489175160726,0.3283852100372314,0.3584069609642029
rmse,model,phihyd_surface,380,0.34574801127115884,0.329449325799942,0.3585307240486145
rmse,model,phihyd_surface,390,0.3469316999117533,0.3301758110523224,0.3589578151702881
rmse,model,phihyd_surface,400,0.347894682486852,0.3304166615009308,0.36047494411468506
rmse,model,phihyd_surface,410,0.34858788053194684,0.3305282711982727,0.362591016292572
rmse,model,phihyd_surface,420,0.3488895972569784,0.33094452023506166,0.36383090615272523
rmse,model,phihyd_surface,430,0.3489120225111643,0.33124772906303407,0.36284467577934265
rmse,model,phihyd_surface,440,0.3489749590555827,0.3310417354106903,0.3633247137069702
rmse,model,phihyd_surface,450,0.3492827832698822,0.33147252798080445,0.36434062719345095
rmse,model,phihyd_surface,460,0.3495308856169383,0.3318566620349884,0.3638996660709381
rmse,model,phihyd_surface,470,0.3495510240395864,0.33137433528900145,0.363078898191452
rmse,model,phihyd_surface,480,0.34932172695795694,0.3311441719532013,0.36266382932662966
rmse,model,phihyd_surface,490,0.3491689324378967,0.3303069233894348,0.36348783373832705
rmse,model,phihyd_surface,500,0.34885565638542176,0.32873331308364867,0.362522566318512
rmse,model,phihyd_surface,510,0.34860844413439435,0.32788209319114686,0.3630602121353149
rmse,model,phihyd_surface,520,0.3482767363389333,0.3280723214149475,0.3637710750102997
rmse,model,phihyd_surface,530,0.3480931540330251,0.3294418752193451,0.36374859809875487
rmse,model,phihyd_surface,540,0.3478747765223185,0.33058726191520693,0.3635735809803009
rmse,model,phihyd_surface,550,0.34757349888483685,0.3306587874889374,0.3632403016090393
rmse,model,phihyd_surface,560,0.34715395569801333,0.3297409534454346,0.3629833161830902
rmse,model,phihyd_surface,570,0.34664948185284933,0.3290029764175415,0.3636280417442322
rmse,model,phihyd_surface,580,0.34626277287801105,0.3283981502056122,0.363686341047287
rmse,model,phihyd_surface,590,0.3461532831192017,0.3286335587501526,0.36438766717910764
rmse,model,phihyd_surface,600,0.3460725128650665,0.32977603673934935,0.36359243988990786
rmse,model,phihyd_surface,610,0.34606414635976157,0.33151041269302367,0.36294066309928896
rmse,model,phihyd_surface,620,0.3459636131922404,0.33269250988960264,0.3628994822502136
rmse,model,phihyd_surface,630,0.3454141040643056,0.3329147517681122,0.3624138832092285
rmse,model,phihyd_surface,640,0.3447270691394806,0.33081852793693545,0.36308363676071165
rmse,model,phihyd_surface,650,0.3439639647801717,0.32907859086990354,0.3630702316761017
rmse,model,phihyd_surface,660,0.3433533549308777,0.32707078456878663,0.36286320686340334
rmse,model,phihyd_surface,670,0.3429188013076782,0.3256974995136261,0.3627196967601776
rmse,model,phihyd_surface,680,0.34260353247324626,0.32634918093681337,0.36201789379119875
rmse,model,phihyd_surface,690,0.3424409866333008,0.32793413400650023,0.3621649444103241
rmse,model,phihyd_surface,700,0.34214836557706196,0.32812278270721434,0.3619744837284088
rmse,model,phihyd_surface,710,0.3411748508612315,0.3265886068344116,0.36079574227333067
rmse,model,phihyd_surface,720,0.34030986030896504,0.3247062981128693,0.3606506705284119
rmse,model,phihyd_surface,730,0.3396051148573557,0.32283482551574705,0.360141795873642
rmse,model,phihyd_surface,740,0.3390037735303243,0.32137534618377683,0.35970160365104675
rmse,model,phihyd_surface,750,0.3387036720911662,0.32120195031166077,0.35972532629966736
rmse,model,phihyd_surface,760,0.3384642442067464,0.321851509809494,0.36131554245948794
rmse,model,phihyd_surface,770,0.3382009824117025,0.3226631283760071,0.36230968236923217
rmse,model,phihyd_surface,780,0.3378260572751363,0.32319453954696653,0.3620078682899475
rmse,model,phihyd_surface,790,0.3369996209939321,0.32281434535980225,0.3607518494129181
rmse,model,phihyd_surface,800,0.3362542510032654,0.32089921832084656,0.35998888611793517
rmse,model,phihyd_surface,810,0.3355151951313019,0.318696528673172,0.3590552151203156
rmse,model,phihyd_surface,820,0.3347773015499115,0.3174142599105835,0.3577999949455261
rmse,model,phihyd_surface,830,0.3345474640528361,0.3169156312942505,0.35795668363571165
rmse,model,phihyd_surface,840,0.3344931264718374,0.3171333849430084,0.35976495742797854
rmse,model,phihyd_surface,850,0.3343216439088186,0.31811255812644956,0.3619485557079315
rmse,model,phihyd_surface,860,0.33422531684239704,0.3190456449985504,0.3620717227458954
rmse,model,phihyd_surface,870,0.3336305538813273,0.31813740730285645,0.3601451337337494
rmse,model,phihyd_surface,880,0.3328616638978322,0.3167792856693268,0.35869690775871277
rmse,model,phihyd_surface,890,0.33233705163002014,0.31576527953147887,0.3583770215511322
rmse,model,phihyd_surface,900,0.3320074518521627,0.31487744450569155,0.35673352479934695
rmse,model,phihyd_surface,910,0.3321009596188863,0.3144428193569183,0.35654974579811094
rmse,model,phihyd_surface,920,0.33231451312700905,0.3148528218269348,0.35777724385261533
rmse,model,phihyd_surface,930,0.332442714770635,0.31545024514198305,0.3606368839740753
rmse,model,phihyd_surface,940,0.3325396001338959,0.3158272266387939,0.3619192957878113
rmse,model,phihyd_surface,950,0.3322966992855072,0.316193151473999,0.36023467779159546
rmse,model,phihyd_surface,960,0.3318513214588165,0.31627459526062013,0.35860990881919863
rmse,model,phihyd_surface,970,0.33163325587908427,0.31582682132720946,0.358714097738266
rmse,model,phihyd_surface,980,0.3313972234725952,0.3148041844367981,0.3569060444831848
rmse,model,phihyd_surface,990,0.33141353527704875,0.31333705186843874,0.3559240400791168
rmse,model,phihyd_surface,1000,0.3317663530508677,0.31280953288078306,0.3568833827972412
rmse,model,phihyd_surface,1010,0.33200857043266296,0.3129144191741943,0.3596733033657074
rmse,model,phihyd_surface,1020,0.33210625251134235,0.3134640097618103,0.3616679310798645
rmse,model,phihyd_surface,1030,0.3320997873942057,0.31393951177597046,0.3607035458087921
rmse,model,phihyd_surface,1040,0.331705379486084,0.31362836956977846,0.35856897234916685
rmse,model,phihyd_surface,1050,0.3313844382762909,0.31322054862976073,0.3578579366207123
rmse,model,phihyd_surface,1060,0.3312766969203949,0.3127208411693573,0.35759713053703307
rmse,model,phihyd_surface,1070,0.33140448331832884,0.3116948425769806,0.3562518537044525
rmse,model,phihyd_surface,1080,0.33195144931475323,0.31093748807907107,0.3566046357154846
rmse,model,phihyd_surface,1090,0.33251503109931946,0.31152293682098386,0.35822081565856934
rmse,model,phihyd_surface,1100,0.3326390365759532,0.3121338069438934,0.36104798316955566
rmse,model,phihyd_surface,1110,0.3325924277305603,0.3122435033321381,0.360617196559906
rmse,model,phihyd_surface,1120,0.33222762743632,0.312168675661087,0.35883691906929016
rmse,model,phihyd_surface,1130,0.3320052087306976,0.3122684836387634,0.35775588154792787
rmse,model,phihyd_surface,1140,0.3319778084754944,0.3119498372077942,0.35818122029304506
rmse,model,phihyd_surface,1150,0.33185694615046185,0.3114357113838196,0.35758227705955503
rmse,model,phihyd_surface,1160,0.3320657014846802,0.31069849133491517,0.35666157603263854
rmse,model,phihyd_surface,1170,0.3326008081436157,0.31054758429527285,0.3572792053222656
rmse,model,phihyd_surface,1180,0.3327833672364553,0.31106002926826476,0.35957684516906735
rmse,model,phihyd_surface,1190,0.33258124589920046,0.31132028698921205,0.35918142199516295
rmse,model,phihyd_surface,1200,0.332273538907369,0.3105544984340668,0.35809903144836425
rmse,model,phihyd_surface,1210,0.3319417198499044,0.30958701968193053,0.35631545186042785
rmse,model,phihyd_surface,1220,0.3317961593468984,0.3093991816043854,0.35578609108924864
rmse,model,phihyd_surface,1230,0.3317215343316396,0.30978272557258607,0.35658427476882937
rmse,model,phihyd_surface,1240,0.3319201370080312,0.30982484817504885,0.355996698141098
rmse,model,phihyd_surface,1250,0.3325153887271881,0.3099490225315094,0.35593777894973755
rmse,model,phihyd_surface,1260,0.33287148078282675,0.3104586362838745,0.35713632106781007
rmse,model,phihyd_surface,1270,0.3327513257662455,0.3103784143924713,0.35768815875053406
rmse,model,phihyd_surface,1280,0.33240405321121214,0.309174919128418,0.3567699670791626
rmse,model,phihyd_surface,1290,0.3319615701834361,0.30846916437149047,0.35534909963607786
rmse,model,phihyd_surface,1300,0.33179529309272765,0.3086290299892426,0.3546206712722778
rmse,model,phihyd_surface,1310,0.33182990153630576,0.30906726121902467,0.3548531711101532
rmse,model,phihyd_surface,1320,0.3319556971391042,0.3098897159099579,0.355260443687439
rmse,model,phihyd_surface,1330,0.3322888751824697,0.31033435463905334,0.355112886428833
rmse,model,phihyd_surface,1340,0.3326719284057617,0.3099806487560272,0.3566782534122467
rmse,model,phihyd_surface,1350,0.33273484110832213,0.30965858697891235,0.357709664106369
rmse,model,phihyd_surface,1360,0.3325304885705312,0.3094047367572784,0.35707163214683535
rmse,model,phihyd_surface,1370,0.3324152966340383,0.30920260548591616,0.35574292540550234
rmse,model,phihyd_surface,1380,0.3323550740877787,0.3088692665100098,0.35401236414909365
rmse,model,phihyd_surface,1390,0.3323840061823527,0.3089206337928772,0.35408111214637755
rmse,model,phihyd_surface,1400,0.33245264291763305,0.30996010899543763,0.35503769516944883
rmse,model,phihyd_surface,1410,0.3327922224998474,0.3108827292919159,0.3549231469631195
rmse,model,phihyd_surface,1420,0.3333672563234965,0.31121917366981505,0.35612215995788576
rmse,model,phihyd_surface,1430,0.3336478233337402,0.3111193239688873,0.3577677130699158
rmse,model,phihyd_surface,1440,0.3336945354938507,0.3107904851436615,0.3588518500328064
rmse,model,phihyd_surface,1450,0.3335598488648733,0.30999866127967834,0.3578612387180328
rmse,model,phihyd_surface,1460,0.33341347773869834,0.3098921895027161,0.3559973478317261
rmse,model,phihyd_surface,1470,0.3333484768867493,0.31034464836120607,0.3553982138633728
rmse,model,phihyd_surface,1480,0.3334763328234355,0.3110350012779236,0.3561603605747223
rmse,model,phihyd_surface,1490,0.33375659783681233,0.31225980520248414,0.3556053459644318
rmse,model,phihyd_surface,1500,0.3340436518192291,0.31338135004043577,0.35605972409248354
rmse,model,phihyd_surface,1510,0.33430907130241394,0.31311718821525575,0.3576065421104431
rmse,model,phihyd_surface,1520,0.3343649387359619,0.31224337220191956,0.35868383646011354
rmse,model,phihyd_surface,1530,0.334284100929896,0.31174901127815247,0.358292692899704
rmse,model,phihyd_surface,1540,0.3342013080914815,0.3116712987422943,0.35718063116073606
rmse,model,phihyd_surface,1550,0.3340122361977895,0.3112397789955139,0.355363929271698
rmse,model,phihyd_surface,1560,0.3339477280775706,0.3114179909229279,0.35574098229408263
rmse,model,phihyd_surface,1570,0.3341121971607208,0.3126755475997925,0.35571798086166384
rmse,model,phihyd_surface,1580,0.33454368511835736,0.31412805914878844,0.3556376338005066
rmse,model,phihyd_surface,1590,0.33498754700024924,0.31490967273712156,0.3571741580963135
rmse,model,phihyd_surface,1600,0.3350445131460826,0.31438671946525576,0.358640319108963
rmse,model,phihyd_surface,1610,0.33492395281791687,0.3139568746089935,0.3590156674385071
rmse,model,phihyd_surface,1620,0.3347494721412659,0.31310318112373353,0.358240407705307
rmse,model,phihyd_surface,1630,0.3344817280769348,0.31263179183006284,0.3561587393283844
rmse,model,phihyd_surface,1640,0.33425795237223305,0.31273584961891177,0.35618471503257754
rmse,model,phihyd_surface,1650,0.3344184656937917,0.313536936044693,0.356269896030426
rmse,model,phihyd_surface,1660,0.3349369386831919,0.31459066867828367,0.35531694293022154
rmse,model,phihyd_surface,1670,0.33534082969029744,0.3156404197216034,0.35628276467323305
rmse,model,phihyd_surface,1680,0.3354246497154236,0.3152658522129059,0.35775558948516845
rmse,model,phihyd_surface,1690,0.33518240849177044,0.3143647134304047,0.35912518501281737
rmse,model,phihyd_surface,1700,0.3349063913027445,0.3141504466533661,0.3591204881668091
rmse,model,phihyd_surface,1710,0.3346995492776235,0.3141770601272583,0.35759133100509644
rmse,model,phihyd_surface,1720,0.33442004323005675,0.3136355996131897,0.3565261483192444
rmse,model,phihyd_surface,1730,0.3343772292137146,0.31368550658226013,0.3555741012096405
rmse,model,phihyd_surface,1740,0.3347435832023621,0.31501659750938416,0.35398282408714293
rmse,model,phihyd_surface,1750,0.33544386029243467,0.31617379784584043,0.35476058125495913
rmse,model,phihyd_surface,1760,0.3358695844809214,0.316506963968277,0.3565691411495209
rmse,model,phihyd_surface,1770,0.3358008762200673,0.3151369333267212,0.35798359513282774
rmse,model,phihyd_surface,1780,0.33535240292549134,0.3143999457359314,0.35847004055976867
rmse,model,phihyd_surface,1790,0.33499237696329753,0.31429773569107056,0.3579392671585083
rmse,model,phihyd_surface,1800,0.3345598022143046,0.31369799971580503,0.3567603528499603
rmse,model,phihyd_surface,1810,0.3343213379383087,0.3137481451034546,0.3548915445804596
rmse,model,phihyd_surface,1820,0.334526131550471,0.31458684206008913,0.35330876111984255
rmse,model,phihyd_surface,1830,0.3352990170319875,0.31585040092468264,0.3535902500152588
rmse,model,phihyd_surface,1840,0.33578001062075297,0.31666816473007203,0.3552807092666626
rmse,model,phihyd_surface,1850,0.3359099487463633,0.31524760127067564,0.3572390615940094
rmse,model,phihyd_surface,1860,0.3356091241041819,0.3142192721366882,0.35839388370513914
rmse,model,phihyd_surface,1870,0.3352638820807139,0.31439650654792783,0.35807802677154543
rmse,model,phihyd_surface,1880,0.33491759896278384,0.3151271343231201,0.35685296058654786
rmse,model,phihyd_surface,1890,0.3346023678779602,0.3143700122833252,0.3549461603164673
rmse,model,phihyd_surface,1900,0.3345176994800568,0.31397350430488585,0.3530032217502594
rmse,model,phihyd_surface,1910,0.3349851270516713,0.3153472900390625,0.35242151021957396
rmse,model,phihyd_surface,1920,0.33568405707677207,0.31610828042030337,0.3540616512298584
rmse,model,phihyd_surface,1930,0.3361066937446594,0.31510706543922423,0.3563596785068512
rmse,model,phihyd_surface,1940,0.33606450955073036,0.3143590211868286,0.3577553391456604
rmse,model,phihyd_surface,1950,0.3356312950452169,0.3138675272464752,0.3576467275619507
rmse,model,phihyd_surface,1960,0.3351360539595286,0.3138056337833405,0.35672645568847655
rmse,model,phihyd_surface,1970,0.3346224049727122,0.31390843391418455,0.35519018173217776
rmse,model,phihyd_surface,1980,0.33423378070195514,0.31330418586730957,0.35272266864776614
rmse,model,phihyd_surface,1990,0.33439541260401406,0.3138598382472992,0.35138782262802126
rmse,model,phihyd_surface,2000,0.3352159380912781,0.315097975730896,0.3523356795310974
rmse,climatology,phihyd_surface,0,0.05984025125702222,0.056404624879360196,0.06402579247951508
rmse,climatology,phihyd_surface,10,0.06010510275761286,0.056744199991226194,0.06391846984624863
rmse,climatology,phihyd_surface,20,0.06023698722322782,0.05655715167522431,0.06389102339744568
rmse,climatology,phihyd_surface,30,0.06017488539218903,0.056602439284324645,0.06375264674425125
rmse,climatology,phihyd_surface,40,0.060250507791837056,0.05701505318284035,0.06416825950145721
rmse,climatology,phihyd_surface,50,0.060458700607220334,0.05672315433621407,0.06401004642248154
rmse,climatology,phihyd_surface,60,0.06055341437458992,0.056919632107019426,0.06387328803539276
rmse,climatology,phihyd_surface,70,0.06078809574246406,0.057637288421392444,0.06406933814287186
rmse,climatology,phihyd_surface,80,0.06102285484472911,0.05744138807058334,0.06447117030620575
rmse,climatology,phihyd_surface,90,0.061015975475311277,0.05722617208957672,0.06387983411550521
rmse,climatology,phihyd_surface,100,0.060961957772572836,0.05739617198705673,0.06413893848657608
rmse,climatology,phihyd_surface,110,0.061217680821816126,0.05788678452372551,0.06437309831380844
rmse,climatology,phihyd_surface,120,0.061583783477544785,0.05843490958213806,0.06464013010263443
rmse,climatology,phihyd_surface,130,0.06162599548697471,0.05843041092157364,0.06440296322107315
rmse,climatology,phihyd_surface,140,0.06165744910637538,0.05849884524941444,0.06453309208154678
rmse,climatology,phihyd_surface,150,0.06177335853377978,0.05830725431442261,0.0645478755235672
rmse,climatology,phihyd_surface,160,0.061910526206096016,0.05857601091265678,0.06478683948516846
rmse,climatology,phihyd_surface,170,0.06211302230755488,0.05875762552022934,0.06481584459543228
rmse,climatology,phihyd_surface,180,0.062381427238384884,0.05901026427745819,0.06500801593065261
rmse,climatology,phihyd_surface,190,0.06255087281266848,0.05878124237060547,0.06501335948705673
rmse,climatology,phihyd_surface,200,0.062499555697043734,0.05887935385107994,0.06497381627559662
rmse,climatology,phihyd_surface,210,0.06256946002443632,0.059267306327819826,0.06561780124902725
rmse,climatology,phihyd_surface,220,0.06276584143439928,0.05899416655302048,0.0655372142791748
rmse,climatology,phihyd_surface,230,0.06285179083546003,0.05920992717146874,0.06562778353691101
rmse,climatology,phihyd_surface,240,0.06303618947664896,0.05978593826293945,0.06569280326366425
rmse,climatology,phihyd_surface,250,0.06325871124863625,0.059722530841827395,0.06597369462251663
rmse,climatology,phihyd_surface,260,0.06327468628684679,0.05964002013206482,0.06608268320560455
rmse,climatology,phihyd_surface,270,0.0632168581088384,0.05974230393767357,0.06608048230409622
rmse,climatology,phihyd_surface,280,0.06344573423266411,0.06035481542348862,0.06643806546926498
rmse,climatology,phihyd_surface,290,0.06381326441963514,0.06076784208416939,0.06652482151985169
rmse,climatology,phihyd_surface,300,0.06386329705516497,0.06088475063443184,0.06662445664405822
rmse,climatology,phihyd_surface,310,0.0638705313205719,0.060947482287883756,0.0667687401175499
rmse,climatology,phihyd_surface,320,0.06395377864440283,0.06091712936758995,0.06719792187213898
rmse,climatology,phihyd_surface,330,0.06406039794286092,0.06109188124537468,0.06750125288963318
rmse,climatology,phihyd_surface,340,0.06421602418025335,0.06131140068173409,0.06764332354068756
rmse,climatology,phihyd_surface,350,0.06446043699979782,0.06162628009915352,0.06747611314058304
rmse,climatology,phihyd_surface,360,0.06464671318729719,0.06143717393279076,0.06768186390399933
rmse,climatology,phihyd_surface,370,0.06460114891330401,0.06156760156154632,0.06752774864435196
rmse,climatology,phihyd_surface,380,0.06466103618343672,0.06195758953690529,0.06800488531589508
rmse,climatology,phihyd_surface,390,0.064861228565375,0.06183373332023621,0.06795719861984253
rmse,climatology,phihyd_surface,400,0.06498831063508988,0.062086145579814914,0.06795876324176789
rmse,climatology,phihyd_surface,410,0.06517616286873817,0.06250299587845802,0.06796898990869522
rmse,climatology,phihyd_surface,420,0.06543394351998964,0.0626752257347107,0.06843453943729401
rmse,climatology,phihyd_surface,430,0.06549552356203397,0.06266231313347817,0.06847993433475494
rmse,climatology,phihyd_surface,440,0.06543983295559883,0.06271858662366867,0.06846140027046203
rmse,climatology,phihyd_surface,450,0.06566225389639536,0.06316866427659988,0.06879435032606125
rmse,climatology,phihyd_surface,460,0.06607650617758433,0.06363043040037156,0.06881114244461059
rmse,climatology,phihyd_surface,470,0.06620915283759435,0.06399949938058853,0.06897622644901276
rmse,climatology,phihyd_surface,480,0.06625833163658777,0.06389613300561905,0.06920989155769348
rmse,climatology,phihyd_surface,490,0.06636892259120941,0.06384798735380173,0.06960107237100602
rmse,climatology,phihyd_surface,500,0.06650513857603073,0.06381054818630219,0.06997595876455306
rmse,climatology,phihyd_surface,510,0.06664654662211736,0.06402216851711273,0.07012086212635041
rmse,climatology,phihyd_surface,520,0.06685659140348435,0.06413082033395767,0.07000533789396286
rmse,climatology,phihyd_surface,530,0.06702635139226913,0.06396650820970536,0.07023230940103531
rmse,climatology,phihyd_surface,540,0.06696383307377497,0.06414208859205246,0.07023370116949082
rmse,climatology,phihyd_surface,550,0.06699417034784953,0.06438907384872436,0.07075566500425338
rmse,climatology,phihyd_surface,560,0.06717801491419474,0.06365620344877243,0.07070076912641525
rmse,climatology,phihyd_surface,570,0.06732329924901327,0.06384767293930053,0.07084112465381623
rmse,climatology,phihyd_surface,580,0.06748594641685486,0.06454368382692337,0.0710567981004715
rmse,climatology,phihyd_surface,590,0.06774069170157114,0.06485456973314285,0.07137017250061035
rmse,climatology,phihyd_surface,600,0.06781296730041504,0.06406107097864151,0.07159252464771271
rmse,climatology,phihyd_surface,610,0.06772284706433614,0.06444272994995118,0.07172177881002426
rmse,climatology,phihyd_surface,620,0.06786203185717264,0.06471105217933655,0.07185029685497284
rmse,climatology,phihyd_surface,630,0.06820386052131652,0.06457141190767288,0.07208835780620575
rmse,climatology,phihyd_surface,640,0.06830773701270422,0.06483113169670104,0.07193062007427216
rmse,climatology,phihyd_surface,650,0.0683153952161471,0.06487345546483994,0.07163424491882324
rmse,climatology,phihyd_surface,660,0.06839638700087865,0.06497206389904023,0.07198628634214402
rmse,climatology,phihyd_surface,670,0.06852607081333796,0.06490826606750488,0.07214966565370559
rmse,climatology,phihyd_surface,680,0.06867485890785853,0.06514746397733688,0.0722455382347107
rmse,climatology,phihyd_surface,690,0.06893883794546127,0.06554954648017883,0.07220875471830368
rmse,climatology,phihyd_surface,700,0.06921577006578446,0.06554955393075942,0.07234105914831161
rmse,climatology,phihyd_surface,710,0.06926227311293284,0.06567202508449554,0.07241273820400237
rmse,climatology,phihyd_surface,720,0.0693404441078504,0.06599786281585693,0.07280274629592895
rmse,climatology,phihyd_surface,730,0.06953697403271993,0.06573043465614319,0.07301258444786071
rmse,climatology,phihyd_surface,740,0.06969877084096272,0.06599330753087998,0.07293496280908585
rmse,climatology,phihyd_surface,750,0.06982652594645818,0.06624484360218048,0.0727616474032402
rmse,climatology,phihyd_surface,760,0.07006445874770482,0.06677560955286026,0.07340418696403503
rmse,climatology,phihyd_surface,770,0.07014458527167639,0.06661339104175568,0.07311525642871856
rmse,climatology,phihyd_surface,780,0.07006184111038843,0.06661277562379837,0.07290648221969605
rmse,climatology,phihyd_surface,790,0.070198293030262,0.06710234433412551,0.07286598235368728
rmse,climatology,phihyd_surface,800,0.07056573331356049,0.0671066775918007,0.07312309890985488
rmse,climatology,phihyd_surface,810,0.07073295911153157,0.06763112545013428,0.0733994722366333
rmse,climatology,phihyd_surface,820,0.070741468667984,0.06761541068553925,0.07335146963596344
rmse,climatology,phihyd_surface,830,0.07081401993830999,0.06759387850761414,0.0735654816031456
rmse,climatology,phihyd_surface,840,0.0709429050485293,0.06751887500286102,0.07359071522951126
rmse,climatology,phihyd_surface,850,0.07104972451925277,0.0677744135260582,0.07379255443811417
rmse,climatology,phihyd_surface,860,0.07123499264319738,0.06801234483718872,0.07383691668510436
rmse,climatology,phihyd_surface,870,0.07142887612183889,0.06796371340751647,0.0738260343670845
rmse,climatology,phihyd_surface,880,0.07143098761638006,0.06813415884971619,0.07394192516803741
rmse,climatology,phihyd_surface,890,0.07148151298364004,0.068269544839859,0.07420585602521897
rmse,climatology,phihyd_surface,900,0.07167026301225027,0.0680185928940773,0.07440330535173416
rmse,climatology,phihyd_surface,910,0.0718416432539622,0.06833456754684449,0.07453331947326661
rmse,climatology,phihyd_surface,920,0.07192510316769282,0.06853393465280533,0.07444153279066086
rmse,climatology,phihyd_surface,930,0.07213419079780578,0.06910956352949142,0.07486369907855987
rmse,climatology,phihyd_surface,940,0.07222816050052643,0.0689722865819931,0.07487318366765976
rmse,climatology,phihyd_surface,950,0.07213773280382156,0.0688880130648613,0.07488739341497422
rmse,climatology,phihyd_surface,960,0.07221456517775854,0.06939126998186111,0.07494803816080094
rmse,climatology,phihyd_surface,970,0.07255565424760183,0.06947533786296844,0.07510308474302292
rmse,climatology,phihyd_surface,980,0.07278061260779699,0.07006223201751709,0.07537694871425629
rmse,climatology,phihyd_surface,990,0.07281951556603114,0.06995398849248886,0.07550816386938095
rmse,climatology,phihyd_surface,1000,0.07289772629737853,0.07024735063314438,0.07563105523586273
rmse,climatology,phihyd_surface,1010,0.07302345335483551,0.070157490670681,0.07603489607572556
rmse,climatology,phihyd_surface,1020,0.07313222487767537,0.07035456597805023,0.07622909098863602
rmse,climatology,phihyd_surface,1030,0.0733318159977595,0.07070021629333496,0.07616644948720933
rmse,climatology,phihyd_surface,1040,0.07354649007320405,0.0708831086754799,0.07620541751384735
rmse,climatology,phihyd_surface,1050,0.07355782637993495,0.07083269655704498,0.07624879330396653
rmse,climatology,phihyd_surface,1060,0.07354619751373927,0.07107640355825424,0.07634862214326858
rmse,climatology,phihyd_surface,1070,0.0736908550063769,0.0710259273648262,0.0765899121761322
rmse,climatology,phihyd_surface,1080,0.07389150162537893,0.07155916541814804,0.07667308896780015
rmse,climatology,phihyd_surface,1090,0.07400419066349666,0.07162489593029023,0.07664017528295516
rmse,climatology,phihyd_surface,1100,0.07424670110146205,0.0722238227725029,0.07710910886526108
rmse,climatology,phihyd_surface,1110,0.07439347058534622,0.07193599194288254,0.07698055058717727
rmse,climatology,phihyd_surface,1120,0.07435546666383744,0.07180400788784028,0.07707994282245637
rmse,climatology,phihyd_surface,1130,0.07442876448233922,0.07225374579429626,0.07716080397367478
rmse,climatology,phihyd_surface,1140,0.07472979525725047,0.07221401929855346,0.0773472398519516
rmse,climatology,phihyd_surface,1150,0.07493343005577723,0.07240738868713378,0.07763552069664001
rmse,climatology,phihyd_surface,1160,0.07491707702477773,0.07248878031969071,0.07777650505304337
rmse,climatology,phihyd_surface,1170,0.07495966752370199,0.07239376157522201,0.07799944579601288
rmse,climatology,phihyd_surface,1180,0.075088303287824,0.07214615792036057,0.07840154618024826
rmse,climatology,phihyd_surface,1190,0.07522125840187073,0.07256154716014862,0.07872173339128494
rmse,climatology,phihyd_surface,1200,0.07544659773508708,0.07247696816921234,0.0786740630865097
rmse,climatology,phihyd_surface,1210,0.07569334457317987,0.07300317734479904,0.07872570306062698
rmse,climatology,phihyd_surface,1220,0.07576176871856054,0.07305400222539901,0.07899722903966903
rmse,climatology,phihyd_surface,1230,0.07575051188468933,0.07314052879810333,0.07909212410449981
rmse,climatology,phihyd_surface,1240,0.07586564670006433,0.07288095206022263,0.07936098128557205
rmse,climatology,phihyd_surface,1250,0.07604431211948395,0.0727488249540329,0.07945661693811416
rmse,climatology,phihyd_surface,1260,0.07612720727920533,0.07332992255687713,0.07960196435451508
rmse,climatology,phihyd_surface,1270,0.0763566811879476,0.07379122078418732,0.07999467253684997
rmse,climatology,phihyd_surface,1280,0.07652195195357005,0.07338001430034638,0.08001681715250016
rmse,climatology,phihyd_surface,1290,0.0764829104145368,0.07321011573076248,0.080233396589756
rmse,climatology,phihyd_surface,1300,0.07649571349223455,0.07329443842172623,0.08014681488275528
rmse,climatology,phihyd_surface,1310,0.07675029387076696,0.07336775064468384,0.08055012524127961
rmse,climatology,phihyd_surface,1320,0.07699180295070013,0.0737685427069664,0.08066600561141968
rmse,climatology,phihyd_surface,1330,0.07700900435447693,0.07357941716909408,0.0805379405617714
rmse,climatology,phihyd_surface,1340,0.07706974993149439,0.07387088388204574,0.08042608946561813
rmse,climatology,phihyd_surface,1350,0.0771998683611552,0.07372502982616425,0.08075161129236222
rmse,climatology,phihyd_surface,1360,0.07732462485631307,0.0739834189414978,0.08092616498470306
rmse,climatology,phihyd_surface,1370,0.0775407279531161,0.07429697960615159,0.08081014305353165
rmse,climatology,phihyd_surface,1380,0.07781011114517848,0.07458946257829666,0.08091970831155777
rmse,climatology,phihyd_surface,1390,0.0779503474632899,0.0745196908712387,0.08110164105892181
rmse,climatology,phihyd_surface,1400,0.07796630362669627,0.07454331070184708,0.08108266741037369
rmse,climatology,phihyd_surface,1410,0.0780879482626915,0.07476008534431458,0.08154400736093521
rmse,climatology,phihyd_surface,1420,0.07827367683251699,0.07482453882694244,0.0814871072769165
rmse,climatology,phihyd_surface,1430,0.07834451148907344,0.07492426335811615,0.08117416948080063
rmse,climatology,phihyd_surface,1440,0.07853959202766418,0.07553500235080719,0.08129700720310211
rmse,climatology,phihyd_surface,1450,0.07870070785284042,0.07537943124771118,0.08139181435108185
rmse,climatology,phihyd_surface,1460,0.07868080735206603,0.0751831129193306,0.08110377341508865
rmse,climatology,phihyd_surface,1470,0.078688516219457,0.07544233351945877,0.08109091222286224
rmse,climatology,phihyd_surface,1480,0.07894599934418996,0.07568032145500184,0.08130743354558945
rmse,climatology,phihyd_surface,1490,0.07923960785071055,0.07623318582773209,0.08164980858564377
rmse,climatology,phihyd_surface,1500,0.07928117314974467,0.07613168209791184,0.08148251175880432
rmse,climatology,phihyd_surface,1510,0.079342287282149,0.07633383572101593,0.08205389082431794
rmse,climatology,phihyd_surface,1520,0.07946712970733642,0.07611146122217179,0.08188706636428833
rmse,climatology,phihyd_surface,1530,0.07957003017266591,0.07633456289768219,0.08219747990369797
rmse,climatology,phihyd_surface,1540,0.07972123523553212,0.0765509307384491,0.08227428942918777
rmse,climatology,phihyd_surface,1550,0.07991653879483542,0.07677672654390336,0.08229346126317978
rmse,climatology,phihyd_surface,1560,0.08003134379784266,0.07668453603982925,0.08258280754089356
rmse,climatology,phihyd_surface,1570,0.08002537290255228,0.07663693130016327,0.08251490145921707
rmse,climatology,phihyd_surface,1580,0.08013877322276433,0.07702506482601165,0.08299793452024459
rmse,climatology,phihyd_surface,1590,0.08032017995913823,0.07704723924398423,0.08295631408691406
rmse,climatology,phihyd_surface,1600,0.08037740439176559,0.07706557959318161,0.08296783864498139
rmse,climatology,phihyd_surface,1610,0.08053368330001831,0.07765417546033859,0.08306933492422104
rmse,climatology,phihyd_surface,1620,0.08069837292035421,0.07756027728319168,0.08322462141513824
rmse,climatology,phihyd_surface,1630,0.08069254557291666,0.07745118588209152,0.08329446464776993
rmse,climatology,phihyd_surface,1640,0.0806572859485944,0.07761851698160172,0.0832790657877922
rmse,climatology,phihyd_surface,1650,0.08086989174286524,0.07804457247257232,0.08358638137578964
rmse,climatology,phihyd_surface,1660,0.08118073145548503,0.07852945774793625,0.08370847553014756
rmse,climatology,phihyd_surface,1670,0.08124813983837763,0.07857444882392883,0.08374537825584412
rmse,climatology,phihyd_surface,1680,0.08130780657132466,0.0787326455116272,0.08396093994379043
rmse,climatology,phihyd_surface,1690,0.08142181485891342,0.07872938215732575,0.08428925275802612
rmse,climatology,phihyd_surface,1700,0.0815327674150467,0.07889520078897476,0.0845231831073761
rmse,climatology,phihyd_surface,1710,0.08169003824392955,0.07914438992738723,0.08459254503250122
rmse,climatology,phihyd_surface,1720,0.08190162579218546,0.07945806682109832,0.08449986428022385
rmse,climatology,phihyd_surface,1730,0.08204785784085591,0.07938578575849534,0.08469886034727096
rmse,climatology,phihyd_surface,1740,0.08202339907487234,0.07944620996713639,0.08464610427618027
rmse,climatology,phihyd_surface,1750,0.08211500644683838,0.07990474104881287,0.08512269109487533
rmse,climatology,phihyd_surface,1760,0.08231753458579381,0.08002745658159256,0.08504442721605301
rmse,climatology,phihyd_surface,1770,0.08243152598539988,0.08018612116575241,0.08512906730175018
rmse,climatology,phihyd_surface,1780,0.08261001209417979,0.08062139600515365,0.08523481786251068
rmse,climatology,phihyd_surface,1790,0.08282096932331721,0.0805449590086937,0.08543945848941803
rmse,climatology,phihyd_surface,1800,0.08287980308135351,0.0803168073296547,0.08566777855157852
rmse,climatology,phihyd_surface,1810,0.08286035805940628,0.0806776151061058,0.08562911003828048
rmse,climatology,phihyd_surface,1820,0.0830426221092542,0.08097051829099655,0.08592476844787597
rmse,climatology,phihyd_surface,1830,0.08332790484031041,0.08096689134836196,0.08600776493549347
rmse,climatology,phihyd_surface,1840,0.0833756223320961,0.08078316450119019,0.0861367017030716
rmse,climatology,phihyd_surface,1850,0.08340302109718323,0.08078544586896896,0.08643725514411926
rmse,climatology,phihyd_surface,1860,0.0835070937871933,0.08088245987892151,0.0867998406291008
rmse,climatology,phihyd_surface,1870,0.08364013383785883,0.08108075112104415,0.0870896264910698
rmse,climatology,phihyd_surface,1880,0.08380565494298935,0.0809923380613327,0.08724765777587891
rmse,climatology,phihyd_surface,1890,0.0840289314587911,0.08126279264688492,0.08724968880414963
rmse,climatology,phihyd_surface,1900,0.08421140958865483,0.08124573826789856,0.08751367628574372
rmse,climatology,phihyd_surface,1910,0.08419967244068781,0.0815839096903801,0.08771078139543534
rmse,climatology,phihyd_surface,1920,0.08426515559355417,0.08164486736059189,0.08817689716815949
rmse,climatology,phihyd_surface,1930,0.0844264050324758,0.08118622303009033,0.08812481164932251
rmse,climatology,phihyd_surface,1940,0.08451696087916692,0.08113770931959152,0.08829227536916733
rmse,climatology,phihyd_surface,1950,0.08463482012351355,0.08167318999767303,0.08806246519088745
rmse,climatology,phihyd_surface,1960,0.08480641692876816,0.08170857131481171,0.08842989057302475
rmse,climatology,phihyd_surface,1970,0.08483663549025854,0.08134101033210754,0.08803595751523971
rmse,climatology,phihyd_surface,1980,0.08476267208655676,0.08144325017929077,0.08806865811347961
rmse,climatology,phihyd_surface,1990,0.08489741136630376,0.081765216588974,0.0882702812552452
rmse,climatology,phihyd_surface,2000,0.08520227620999019,0.08189353793859482,0.08812665939331055
rmse,persistence,phihyd_surface,0,0.0,0.0,0.0
rmse,persistence,phihyd_surface,10,0.010182256530970334,0.007837671041488649,0.012259475514292717
rmse,persistence,phihyd_surface,20,0.015910394986470542,0.01368479523807764,0.018782074749469756
rmse,persistence,phihyd_surface,30,0.01898232102394104,0.016912510618567467,0.02104645296931267
rmse,persistence,phihyd_surface,40,0.023090865711371103,0.019866061955690385,0.026520794630050658
rmse,persistence,phihyd_surface,50,0.026819317042827605,0.02353983335196972,0.029501819610595705
rmse,persistence,phihyd_surface,60,0.028702687720457712,0.024942293390631677,0.03215681686997414
rmse,persistence,phihyd_surface,70,0.030361282204588256,0.026607538759708404,0.03425607979297638
rmse,persistence,phihyd_surface,80,0.031723083555698396,0.02947077453136444,0.03528487682342529
rmse,persistence,phihyd_surface,90,0.03126896731555462,0.028856055811047554,0.034733247756958005
rmse,persistence,phihyd_surface,100,0.029796357452869415,0.02643309123814106,0.03357672020792961
rmse,persistence,phihyd_surface,110,0.029120703414082526,0.025774454325437547,0.03303473144769668
rmse,persistence,phihyd_surface,120,0.028099453697601955,0.024343269318342207,0.03195893689990044
rmse,persistence,phihyd_surface,130,0.02399270621438821,0.021768366172909736,0.02644923999905586
rmse,persistence,phihyd_surface,140,0.018958678220709166,0.01671829931437969,0.022240835800766943
rmse,persistence,phihyd_surface,150,0.016540214978158475,0.013103155419230461,0.020135533437132834
rmse,persistence,phihyd_surface,160,0.012506605995198091,0.01068168468773365,0.014771046675741672
rmse,persistence,phihyd_surface,170,0.0061388291418552395,0.0045182274654507635,0.009087749570608138
rmse,persistence,phihyd_surface,180,0.011360766800741355,0.008862550370395184,0.013591638579964638
rmse,persistence,phihyd_surface,190,0.016909080805877844,0.014354053139686584,0.020069941505789758
rmse,persistence,phihyd_surface,200,0.019848499322930972,0.017553424835205077,0.02194702923297882
rmse,persistence,phihyd_surface,210,0.02369432200988134,0.020598582178354263,0.027164490893483162
rmse,persistence,phihyd_surface,220,0.027415810028711955,0.023882849514484404,0.030206751450896262
rmse,persistence,phihyd_surface,230,0.029401386529207228,0.025819120183587074,0.03297273442149162
rmse,persistence,phihyd_surface,240,0.031004596998294196,0.027435778453946114,0.0344184473156929
rmse,persistence,phihyd_surface,250,0.032426025221745175,0.029903612658381463,0.0360412135720253
rmse,persistence,phihyd_surface,260,0.03217028627792994,0.029815173894166946,0.03555042073130608
rmse,persistence,phihyd_surface,270,0.030720180148879686,0.0276028536260128,0.03420243114233017
rmse,persistence,phihyd_surface,280,0.029913819829622903,0.026612463220953942,0.033334245532751085
rmse,persistence,phihyd_surface,290,0.029090266302227975,0.025155524536967278,0.03271931856870651
rmse,persistence,phihyd_surface,300,0.025354906047383944,0.023453344777226447,0.027439111098647117
rmse,persistence,phihyd_surface,310,0.020317668343583742,0.018734882399439812,0.023276055976748464
rmse,persistence,phihyd_surface,320,0.017796777561306952,0.014723256416618823,0.02081378847360611
rmse,persistence,phihyd_surface,330,0.01438078104207913,0.012801831029355526,0.016819120943546297
rmse,persistence,phihyd_surface,340,0.008703848471244176,0.007747279107570648,0.00973460152745247
rmse,persistence,phihyd_surface,350,0.012050909238557022,0.011081576719880104,0.013097633235156536
rmse,persistence,phihyd_surface,360,0.01745046346137921,0.01589498221874237,0.01982455253601074
rmse,persistence,phihyd_surface,370,0.020270783578356107,0.018541224673390387,0.022420981898903847
rmse,persistence,phihyd_surface,380,0.02387306330104669,0.02148147188127041,0.027368024736642838
rmse,persistence,phihyd_surface,390,0.027602328235904375,0.02469758875668049,0.030070228129625322
rmse,persistence,phihyd_surface,400,0.029696907227238018,0.026695052906870843,0.033007148653268814
rmse,persistence,phihyd_surface,410,0.03121132291853428,0.028366746753454207,0.034837839752435686
rmse,persistence,phihyd_surface,420,0.03267820241550604,0.030193935707211496,0.036771999299526216
rmse,persistence,phihyd_surface,430,0.032622359693050385,0.03008195161819458,0.03569413274526596
rmse,persistence,phihyd_surface,440,0.031214831521113713,0.027491454407572745,0.03442777171730995
rmse,persistence,phihyd_surface,450,0.03029207674165567,0.02657683603465557,0.03364763557910919
rmse,persistence,phihyd_surface,460,0.02963486003379027,0.025544045120477678,0.03333090096712112
rmse,persistence,phihyd_surface,470,0.026273237665494283,0.023865718767046927,0.028576863184571265
rmse,persistence,phihyd_surface,480,0.021245813742280007,0.01925247237086296,0.024712712690234184
rmse,persistence,phihyd_surface,490,0.018612667980293433,0.014782016538083554,0.02134239040315151
rmse,persistence,phihyd_surface,500,0.015671457226077715,0.012807682901620866,0.018042127415537835
rmse,persistence,phihyd_surface,510,0.010159438848495484,0.008344433829188347,0.013602730445563793
rmse,persistence,phihyd_surface,520,0.012266765162348748,0.010084632784128189,0.01527568157762289
rmse,persistence,phihyd_surface,530,0.017668419082959495,0.015065758675336837,0.020463341474533082
rmse,persistence,phihyd_surface,540,0.02050537479420503,0.018299193307757377,0.023200607672333718
rmse,persistence,phihyd_surface,550,0.023871901755531628,0.021238000690937044,0.027330752462148666
rmse,persistence,phihyd_surface,560,0.027618946259220442,0.023669685795903207,0.030539726838469505
rmse,persistence,phihyd_surface,570,0.02983764447271824,0.026570860296487808,0.03329835906624794
rmse,persistence,phihyd_surface,580,0.03125648486117522,0.02790258824825287,0.034558273106813434
rmse,persistence,phihyd_surface,590,0.032740333552161854,0.029567082598805427,0.036790207773447034
rmse,persistence,phihyd_surface,600,0.03285085583726565,0.03029070533812046,0.035693345963954924
rmse,persistence,phihyd_surface,610,0.03143307293454806,0.027216514572501183,0.03420499488711357
rmse,persistence,phihyd_surface,620,0.030338377381364506,0.026846766099333765,0.03295636549592018
rmse,persistence,phihyd_surface,630,0.029778807361920675,0.026190848648548128,0.033617136627435686
rmse,persistence,phihyd_surface,640,0.026728017379840215,0.024692122265696524,0.029378709942102434
rmse,persistence,phihyd_surface,650,0.02164249916871389,0.01964797228574753,0.024826832860708234
rmse,persistence,phihyd_surface,660,0.018776755097011724,0.01583876870572567,0.021518288180232048
rmse,persistence,phihyd_surface,670,0.016184594730536142,0.014192527160048485,0.018836184591054916
rmse,persistence,phihyd_surface,680,0.010891264987488587,0.010454451851546764,0.011384139582514764
rmse,persistence,phihyd_surface,690,0.012020583637058735,0.011271691881120205,0.012939065136015416
rmse,persistence,phihyd_surface,700,0.01757222811381022,0.01570235416293144,0.019902259483933447
rmse,persistence,phihyd_surface,710,0.020630120237668356,0.01886752061545849,0.02291041426360607
rmse,persistence,phihyd_surface,720,0.02389554095764955,0.0217618890106678,0.026846054941415787
rmse,persistence,phihyd_surface,730,0.02772121938566367,0.023932366445660592,0.03027420900762081
rmse,persistence,phihyd_surface,740,0.030179815987745922,0.02748475521802902,0.033746226131916045
rmse,persistence,phihyd_surface,750,0.0316579882055521,0.028736384585499763,0.03383226543664932
rmse,persistence,phihyd_surface,760,0.033249916260441145,0.030058710277080535,0.037027614563703536
rmse,persistence,phihyd_surface,770,0.033654324958721796,0.031241117045283318,0.03613334149122238
rmse,persistence,phihyd_surface,780,0.032461427400509515,0.02872047498822212,0.03473885953426361
rmse,persistence,phihyd_surface,790,0.03139678637186686,0.02781795561313629,0.03450296521186828
rmse,persistence,phihyd_surface,800,0.031048941239714623,0.028023619949817658,0.034824316203594205
rmse,persistence,phihyd_surface,810,0.028582282985250156,0.026548151671886445,0.031450874358415606
rmse,persistence,phihyd_surface,820,0.02391297680636247,0.021969517320394517,0.026656311005353928
rmse,persistence,phihyd_surface,830,0.021123170852661133,0.018621553480625153,0.023538853973150253
rmse,persistence,phihyd_surface,840,0.019148498276869454,0.01757081486284733,0.021876399219036103
rmse,persistence,phihyd_surface,850,0.014914185057083766,0.013689441978931427,0.015984324738383293
rmse,persistence,phihyd_surface,860,0.015001275390386582,0.013985979557037353,0.01614515222609043
rmse,persistence,phihyd_surface,870,0.019680097078283627,0.017788001149892808,0.022083042934536935
rmse,persistence,phihyd_surface,880,0.02257522443930308,0.02088443301618099,0.025075233727693557
rmse,persistence,phihyd_surface,890,0.02545053412516912,0.023111230880022048,0.027811673656105994
rmse,persistence,phihyd_surface,900,0.02906964495778084,0.025590113550424575,0.03137767091393471
rmse,persistence,phihyd_surface,910,0.03155945601562659,0.02881014458835125,0.03477884158492088
rmse,persistence,phihyd_surface,920,0.03293619453907013,0.029593876004219054,0.034707558900117876
rmse,persistence,phihyd_surface,930,0.03445613284905751,0.031193118542432785,0.038055256754159925
rmse,persistence,phihyd_surface,940,0.034987726559241615,0.03263419046998024,0.03710972741246223
rmse,persistence,phihyd_surface,950,0.033879786853988965,0.030617422610521316,0.03601106926798821
rmse,persistence,phihyd_surface,960,0.03269022131959597,0.029166875779628752,0.03603842332959175
rmse,persistence,phihyd_surface,970,0.032329301039377846,0.029713170230388643,0.03595540449023247
rmse,persistence,phihyd_surface,980,0.030241381376981735,0.028109661862254144,0.03295203372836113
rmse,persistence,phihyd_surface,990,0.025818736727039018,0.02408858872950077,0.02823950871825218
rmse,persistence,phihyd_surface,1000,0.022846003373463947,0.02047251835465431,0.02461509481072426
rmse,persistence,phihyd_surface,1010,0.021108784650762876,0.019115376099944115,0.023660847917199135
rmse,persistence,phihyd_surface,1020,0.017334900423884393,0.01633559465408325,0.018223951011896132
rmse,persistence,phihyd_surface,1030,0.01660049060980479,0.015631476975977422,0.017772266268730165
rmse,persistence,phihyd_surface,1040,0.020785943667093913,0.019245529547333717,0.022189588472247123
rmse,persistence,phihyd_surface,1050,0.023674226676424343,0.022009184956550597,0.025683684274554253
rmse,persistence,phihyd_surface,1060,0.02620799243450165,0.024186597019433976,0.02901904098689556
rmse,persistence,phihyd_surface,1070,0.029673530409733456,0.025936157256364823,0.03242077231407166
rmse,persistence,phihyd_surface,1080,0.032284734522302946,0.029809261485934258,0.03457534536719322
rmse,persistence,phihyd_surface,1090,0.033640006681283315,0.030802933126688005,0.036383312195539474
rmse,persistence,phihyd_surface,1100,0.035124457503358526,0.03170673251152038,0.039252739399671555
rmse,persistence,phihyd_surface,1110,0.03583546231190363,0.033082877099514005,0.038606831431388856
rmse,persistence,phihyd_surface,1120,0.034900325288375215,0.03245731219649315,0.03784394189715386
rmse,persistence,phihyd_surface,1130,0.03367399461567402,0.03006514683365822,0.03779893293976784
rmse,persistence,phihyd_surface,1140,0.03330005444586277,0.03059370219707489,0.0366221658885479
rmse,persistence,phihyd_surface,1150,0.03155348723133405,0.028606268391013146,0.034002989530563354
rmse,persistence,phihyd_surface,1160,0.02734057083725929,0.025112640485167502,0.02995181754231453
rmse,persistence,phihyd_surface,1170,0.02418428808450699,0.02160590551793575,0.026570625975728034
rmse,persistence,phihyd_surface,1180,0.0226194662352403,0.020152486860752106,0.025049413740634918
rmse,persistence,phihyd_surface,1190,0.019217172513405482,0.01766250468790531,0.021603550016880035
rmse,persistence,phihyd_surface,1200,0.017827854429682096,0.01655876636505127,0.02076050080358982
rmse,persistence,phihyd_surface,1210,0.021510519832372666,0.019459695369005204,0.02403436005115509
rmse,persistence,phihyd_surface,1220,0.024438751116394996,0.022756458446383476,0.026845191791653632
rmse,persistence,phihyd_surface,1230,0.026715687289834023,0.024939605221152305,0.02932989299297333
rmse,persistence,phihyd_surface,1240,0.02999895674486955,0.026490801572799684,0.03277459144592285
rmse,persistence,phihyd_surface,1250,0.032641784350077314,0.029737440496683122,0.035001906007528304
rmse,persistence,phihyd_surface,1260,0.033955017228921254,0.030415141582489015,0.036614027619361875
rmse,persistence,phihyd_surface,1270,0.03537865603963534,0.0319230780005455,0.039379905164241794
rmse,persistence,phihyd_surface,1280,0.03620491499702136,0.03423022031784058,0.03864281103014946
rmse,persistence,phihyd_surface,1290,0.0353682953864336,0.03289683163166046,0.038401421159505844
rmse,persistence,phihyd_surface,1300,0.0340410182873408,0.03129789493978023,0.03752676099538803
rmse,persistence,phihyd_surface,1310,0.033595935255289075,0.031214978918433188,0.036556608974933624
rmse,persistence,phihyd_surface,1320,0.032187708839774135,0.02964543178677559,0.03539179190993309
rmse,persistence,phihyd_surface,1330,0.028243550037344297,0.02637309953570366,0.03040933907032013
rmse,persistence,phihyd_surface,1340,0.0249153067668279,0.0232448048889637,0.026990944147109983
rmse,persistence,phihyd_surface,1350,0.023497825115919115,0.02177097536623478,0.025985196232795715
rmse,persistence,phihyd_surface,1360,0.020529267440239588,0.01992584243416786,0.021530074626207353
rmse,persistence,phihyd_surface,1370,0.018751202896237374,0.018663232028484345,0.01887793019413948
rmse,persistence,phihyd_surface,1380,0.02208115831017494,0.020852000638842582,0.023346174135804178
rmse,persistence,phihyd_surface,1390,0.02522462432583173,0.023657166585326194,0.027092179283499718
rmse,persistence,phihyd_surface,1400,0.02744678929448128,0.02590220458805561,0.029037581756711006
rmse,persistence,phihyd_surface,1410,0.030662152792016666,0.027827699854969978,0.033369611203670504
rmse,persistence,phihyd_surface,1420,0.03344716392457485,0.030848356336355208,0.03560416996479034
rmse,persistence,phihyd_surface,1430,0.034883419424295424,0.031818986684083936,0.03739550411701202
rmse,persistence,phihyd_surface,1440,0.03633428911368052,0.03316035121679306,0.03993599861860275
rmse,persistence,phihyd_surface,1450,0.037349486847718556,0.03551253080368042,0.04005875512957573
rmse,persistence,phihyd_surface,1460,0.03680278907219569,0.034431052207946775,0.03988578766584396
rmse,persistence,phihyd_surface,1470,0.035592573260267574,0.033288145810365675,0.03903892040252686
rmse,persistence,phihyd_surface,1480,0.035177831848462425,0.03277376666665077,0.03808174431324005
rmse,persistence,phihyd_surface,1490,0.03421097584068775,0.03133845403790474,0.03718406781554222
rmse,persistence,phihyd_surface,1500,0.03078422819574674,0.02892174944281578,0.03255439326167107
rmse,persistence,phihyd_surface,1510,0.027517639845609666,0.026034507155418395,0.02950804717838764
rmse,persistence,phihyd_surface,1520,0.026261777679125468,0.02474755682051182,0.02820456176996231
rmse,persistence,phihyd_surface,1530,0.02386481687426567,0.022913085669279097,0.025159063562750817
rmse,persistence,phihyd_surface,1540,0.0218699861317873,0.021339183673262596,0.02244313582777977
rmse,persistence,phihyd_surface,1550,0.02440336768825849,0.02362789735198021,0.025441058352589606
rmse,persistence,phihyd_surface,1560,0.027397800236940384,0.025946355238556863,0.029318978264927863
rmse,persistence,phihyd_surface,1570,0.02938024140894413,0.02811744771897793,0.030815744400024415
rmse,persistence,phihyd_surface,1580,0.032312966386477154,0.03027418367564678,0.0345503993332386
rmse,persistence,phihyd_surface,1590,0.03503340135018031,0.0328839048743248,0.03693410456180572
rmse,persistence,phihyd_surface,1600,0.036451642960309984,0.03362463042140007,0.03885069638490677
rmse,persistence,phihyd_surface,1610,0.0377728300789992,0.03496038466691971,0.041080990433692934
rmse,persistence,phihyd_surface,1620,0.03882118066151937,0.03710208460688591,0.04173353984951973
rmse,persistence,phihyd_surface,1630,0.03842912837862968,0.03659759610891342,0.041386612504720685
rmse,persistence,phihyd_surface,1640,0.03719449142615001,0.03462225422263145,0.040166544169187544
rmse,persistence,phihyd_surface,1650,0.03664437606930733,0.03430301994085312,0.03924736827611923
rmse,persistence,phihyd_surface,1660,0.03590923026204109,0.03264802619814873,0.03850789591670036
rmse,persistence,phihyd_surface,1670,0.03284189229210218,0.0313476674258709,0.034639864414930346
rmse,persistence,phihyd_surface,1680,0.02950286790728569,0.028249188512563705,0.031500575691461564
rmse,persistence,phihyd_surface,1690,0.028189843023816743,0.025875627994537354,0.030269139632582664
rmse,persistence,phihyd_surface,1700,0.02615756926437219,0.02488805875182152,0.027157264202833174
rmse,persistence,phihyd_surface,1710,0.023946269353230795,0.022987166419625282,0.02518643029034138
rmse,persistence,phihyd_surface,1720,0.025872101510564485,0.024780063331127165,0.027180403098464014
rmse,persistence,phihyd_surface,1730,0.0288186797251304,0.02730674259364605,0.03036494068801403
rmse,persistence,phihyd_surface,1740,0.030646340424815812,0.029046886786818504,0.032495413720607755
rmse,persistence,phihyd_surface,1750,0.033316092814008394,0.03089966028928757,0.036381032317876816
rmse,persistence,phihyd_surface,1760,0.03604683627684911,0.03374018296599388,0.038108035922050476
rmse,persistence,phihyd_surface,1770,0.03757003098726273,0.03448193222284317,0.04041330367326736
rmse,persistence,phihyd_surface,1780,0.03881002763907115,0.03649945184588432,0.042863454669713974
rmse,persistence,phihyd_surface,1790,0.03993730594714483,0.03780196532607079,0.04336449950933456
rmse,persistence,phihyd_surface,1800,0.03977771699428558,0.03733353242278099,0.04200995787978172
rmse,persistence,phihyd_surface,1810,0.03861491655309995,0.03543985188007355,0.041338611394166946
rmse,persistence,phihyd_surface,1820,0.03797179361184438,0.03479293063282966,0.0405951090157032
rmse,persistence,phihyd_surface,1830,0.03742084726691246,0.033741481602191925,0.04069257602095604
rmse,persistence,phihyd_surface,1840,0.034684554859995845,0.03257588148117065,0.03767772689461708
rmse,persistence,phihyd_surface,1850,0.031293280174334845,0.02964620143175125,0.033692116290330885
rmse,persistence,phihyd_surface,1860,0.029895817736784618,0.02756948247551918,0.03192028999328613
rmse,persistence,phihyd_surface,1870,0.0281729981303215,0.026719796657562255,0.029914374649524688
rmse,persistence,phihyd_surface,1880,0.025835455457369486,0.024823459237813948,0.028152627125382423
rmse,persistence,phihyd_surface,1890,0.027152840544780097,0.026007665693759917,0.02927555702626705
rmse,persistence,phihyd_surface,1900,0.030000951513648032,0.028537235409021377,0.03216556832194328
rmse,persistence,phihyd_surface,1910,0.03173314779996872,0.03019726574420929,0.03405398726463318
rmse,persistence,phihyd_surface,1920,0.03413284805913766,0.032121022790670396,0.036482305824756624
rmse,persistence,phihyd_surface,1930,0.03677509501576424,0.03406164422631264,0.03903467357158661
rmse,persistence,phihyd_surface,1940,0.03832153081893921,0.03558974638581276,0.041284972429275514
rmse,persistence,phihyd_surface,1950,0.039451988289753596,0.03686992526054382,0.04243576526641846
rmse,persistence,phihyd_surface,1960,0.040597194184859596,0.03846620544791222,0.04352364987134934
rmse,persistence,phihyd_surface,1970,0.040575868884722394,0.038545843213796616,0.04319739863276482
rmse,persistence,phihyd_surface,1980,0.039438204218943916,0.03619590699672699,0.04160658717155456
rmse,persistence,phihyd_surface,1990,0.03869750176866849,0.0360957071185112,0.040549947321414946
rmse,persistence,phihyd_surface,2000,0.038319241752227146,0.035539577901363376,0.041151534765958786
rmse,model,sst,0,0.0,0.0,0.0
rmse,model,sst,10,0.013252353047331173,0.012319751828908921,0.014833929389715195
rmse,model,sst,20,0.019189968208471932,0.016769057884812356,0.022442860528826714
rmse,model,sst,30,0.024198373779654503,0.020365596935153007,0.030043497309088705
rmse,model,sst,40,0.03020837965110938,0.024760239571332932,0.038991793245077136
rmse,model,sst,50,0.03629370294511318,0.027927342802286148,0.04941466599702835
rmse,model,sst,60,0.0426656407614549,0.03219071626663208,0.06129071563482284
rmse,model,sst,70,0.04936893731355667,0.036520153284072876,0.07192339599132538
rmse,model,sst,80,0.05678605685631434,0.041578355431556704,0.08363897651433945
rmse,model,sst,90,0.06516145567099253,0.0472083680331707,0.09410930573940277
rmse,model,sst,100,0.07398735086123148,0.05282590463757515,0.10294477194547653
rmse,model,sst,110,0.08297404994567235,0.060516126453876495,0.11243223696947098
rmse,model,sst,120,0.09188123395045598,0.06849786937236786,0.12061794400215149
rmse,model,sst,130,0.10063422967990239,0.07644882947206497,0.12839266061782836
rmse,model,sst,140,0.10873214105765025,0.08452257812023163,0.13655225038528443
rmse,model,sst,150,0.11578260858853658,0.09321114271879197,0.14402368366718293
rmse,model,sst,160,0.12211383332808813,0.10233875215053559,0.14998262524604797
rmse,model,sst,170,0.1281018391251564,0.11078381091356278,0.1538153648376465
rmse,model,sst,180,0.13375758677721022,0.11811540871858597,0.15600160658359527
rmse,model,sst,190,0.13887931356827418,0.1262555956840515,0.15726879239082336
rmse,model,sst,200,0.14306528468926746,0.13107065260410308,0.158591365814209
rmse,model,sst,210,0.14642865459124246,0.13403233587741853,0.1595711886882782
rmse,model,sst,220,0.1490368127822876,0.13644087612628936,0.16151147484779357
rmse,model,sst,230,0.15126108527183532,0.14043259620666504,0.16070773005485534
rmse,model,sst,240,0.1535963108142217,0.1433916211128235,0.16216493248939515
rmse,model,sst,250,0.15590081413586934,0.14512022733688354,0.16215576231479645
rmse,model,sst,260,0.1583008736371994,0.14770956039428712,0.16619091629981994
rmse,model,sst,270,0.16046758790810903,0.15115798115730286,0.168379744887352
rmse,model,sst,280,0.16286815305550892,0.15260155200958253,0.16906861662864686
rmse,model,sst,290,0.16497779687245687,0.15507280230522155,0.1719886302947998
rmse,model,sst,300,0.16669191420078278,0.15823577642440795,0.17410789728164672
rmse,model,sst,310,0.16843413611253102,0.16131646633148194,0.17656289935112
rmse,model,sst,320,0.1699185351530711,0.16063273847103118,0.17945895493030548
rmse,model,sst,330,0.17116067111492156,0.16131573915481567,0.1812250405550003
rmse,model,sst,340,0.17287502189477286,0.1615314871072769,0.1811485320329666
rmse,model,sst,350,0.17466099361578624,0.16568100452423096,0.18338182866573333
rmse,model,sst,360,0.17608768343925477,0.16438164710998535,0.18509285748004914
rmse,model,sst,370,0.17726527253786722,0.16941436529159545,0.1883395344018936
rmse,model,sst,380,0.17807624439398448,0.17040914297103882,0.18968941271305084
rmse,model,sst,390,0.17895459334055583,0.16806605756282805,0.18962071537971498
rmse,model,sst,400,0.17982429067293804,0.16881704926490784,0.18943973481655121
rmse,model,sst,410,0.18083475828170775,0.16837616860866547,0.19198620021343232
rmse,model,sst,420,0.1815189689397812,0.16535826921463012,0.19044701159000396
rmse,model,sst,430,0.18188787003358206,0.17090109288692473,0.19177416563034058
rmse,model,sst,440,0.1823115070660909,0.16836289167404175,0.1910593718290329
rmse,model,sst,450,0.18318530519803364,0.17337468564510344,0.19281289279460906
rmse,model,sst,460,0.1839512805143992,0.17476920187473297,0.19439683854579926
rmse,model,sst,470,0.18480692505836488,0.17361376881599427,0.19138208031654358
rmse,model,sst,480,0.18531105717023214,0.17459945976734162,0.19364944994449615
rmse,model,sst,490,0.18531257112820942,0.17461698949337007,0.19444049894809723
rmse,model,sst,500,0.18497625192006428,0.17257294058799744,0.19549856185913086
rmse,model,sst,510,0.1847548266251882,0.17331255674362184,0.19414501190185546
rmse,model,sst,520,0.18517728348573048,0.17097003757953644,0.1951470047235489
rmse,model,sst,530,0.18560149470965068,0.17408655881881713,0.19555419087409973
rmse,model,sst,540,0.18566475212574005,0.17419402599334716,0.19439460039138795
rmse,model,sst,550,0.1863726109266281,0.1755578875541687,0.19339383840560914
rmse,model,sst,560,0.1872676283121109,0.17493180930614471,0.19862797856330872
rmse,model,sst,570,0.1874637504418691,0.1750386655330658,0.199028480052948
rmse,model,sst,580,0.1869172086318334,0.17297081053256988,0.19793711602687836
rmse,model,sst,590,0.18646148045857747,0.17594387829303743,0.19710139334201812
rmse,model,sst,600,0.1868118663628896,0.17491511702537538,0.19686416387557984
rmse,model,sst,610,0.1872948855161667,0.1780398279428482,0.19846218228340148
rmse,model,sst,620,0.1876210888226827,0.17782945632934571,0.19584074020385742
rmse,model,sst,630,0.18839246133963267,0.1787259966135025,0.19813757240772248
rmse,model,sst,640,0.1892438342173894,0.1775718092918396,0.20053640902042388
rmse,model,sst,650,0.18918799261252087,0.1789608895778656,0.1999080628156662
rmse,model,sst,660,0.1886956344048182,0.17745651602745055,0.1993732273578644
rmse,model,sst,670,0.18818129301071168,0.1782803028821945,0.19818967580795288
rmse,model,sst,680,0.18829554418722788,0.17898776829242707,0.19404468536376954
rmse,model,sst,690,0.18841966291268666,0.17998044192790985,0.19813599884510041
rmse,model,sst,700,0.18820761839548747,0.17990744411945342,0.1963311642408371
rmse,model,sst,710,0.1886618862549464,0.178827902674675,0.2000170648097992
rmse,model,sst,720,0.18934414486090342,0.17863256335258484,0.2006121903657913
rmse,model,sst,730,0.18942526976267496,0.18080560266971588,0.19905122816562654
rmse,model,sst,740,0.18974616924921672,0.17864867448806762,0.19961967766284944
rmse,model,sst,750,0.18955405155817667,0.17680832445621492,0.19866102933883667
rmse,model,sst,760,0.18971290985743205,0.18057145476341246,0.2004104286432266
rmse,model,sst,770,0.19010794858137767,0.17906758487224578,0.2030965119600296
rmse,model,sst,780,0.19049528539180755,0.181011763215065,0.19860768020153047
rmse,model,sst,790,0.19122921725114186,0.18262299299240112,0.1993594914674759
rmse,model,sst,800,0.19178674519062042,0.1811721384525299,0.2036277711391449
rmse,model,sst,810,0.19164517223834993,0.18380315005779266,0.20176216065883637
rmse,model,sst,820,0.19181620677312214,0.18377747535705566,0.20184535384178162
rmse,model,sst,830,0.19172168771425882,0.18295876681804657,0.20116274952888488
rmse,model,sst,840,0.19162351191043853,0.1825081527233124,0.20233559906482695
rmse,model,sst,850,0.19152575433254243,0.18109773397445678,0.20338961780071257
rmse,model,sst,860,0.19161346952120464,0.18250870406627656,0.19978780746459962
rmse,model,sst,870,0.1919680287440618,0.18050451576709747,0.20200415849685668
rmse,model,sst,880,0.19225562810897828,0.1804109275341034,0.204207643866539
rmse,model,sst,890,0.1916838934024175,0.17952001690864564,0.20142229795455932
rmse,model,sst,900,0.19157991607983907,0.1848042607307434,0.20275116264820098
rmse,model,sst,910,0.19189142088095348,0.1838032305240631,0.19933709502220154
rmse,model,sst,920,0.19191032846768696,0.18437494337558746,0.20223145484924315
rmse,model,sst,930,0.19172326028347014,0.18200909793376924,0.20215166807174684
rmse,model,sst,940,0.19157696068286895,0.18272311985492706,0.20297277569770814
rmse,model,sst,950,0.19190556108951567,0.17999215424060822,0.20105417668819428
rmse,model,sst,960,0.19237198531627656,0.1811457484960556,0.2004684567451477
rmse,model,sst,970,0.19224991699059804,0.178744375705719,0.20037154257297515
rmse,model,sst,980,0.19212263723214468,0.183477184176445,0.20136509835720062
rmse,model,sst,990,0.19268331329027813,0.1862264782190323,0.2031911253929138
rmse,model,sst,1000,0.1925942083199819,0.1837015002965927,0.20234742164611816
rmse,model,sst,1010,0.19201167821884155,0.18123001158237456,0.2008050799369812
rmse,model,sst,1020,0.19148679077625275,0.17991480231285095,0.2031923621892929
rmse,model,sst,1030,0.1920098582903544,0.1811363458633423,0.20226646661758424
rmse,model,sst,1040,0.19258619248867034,0.1819741427898407,0.2006902128458023
rmse,model,sst,1050,0.19230998853842418,0.17974039912223816,0.20027011632919312
rmse,model,sst,1060,0.19124388098716735,0.1791378527879715,0.20012396275997163
rmse,model,sst,1070,0.19121160407861074,0.18550404608249665,0.20183148086071015
rmse,model,sst,1080,0.1914877971013387,0.18455213010311128,0.20003271102905273
rmse,model,sst,1090,0.1915559430917104,0.18150484263896943,0.20032871067523955
rmse,model,sst,1100,0.19101552565892538,0.17948012948036193,0.20158121585845948
rmse,model,sst,1110,0.19100753466288248,0.17879137694835662,0.20253974795341492
rmse,model,sst,1120,0.19179959694544474,0.17980000972747803,0.2008613169193268
rmse,model,sst,1130,0.19229195217291514,0.1786557376384735,0.20239849090576173
rmse,model,sst,1140,0.19208477040131886,0.1779007852077484,0.2031216949224472
rmse,model,sst,1150,0.19183079997698466,0.18423617780208587,0.2028729259967804
rmse,model,sst,1160,0.19204418460528055,0.18357482254505159,0.20168079435825348
rmse,model,sst,1170,0.19208766520023346,0.182885080575943,0.20146540999412538
rmse,model,sst,1180,0.1920284668604533,0.18179656565189362,0.20345703661441802
rmse,model,sst,1190,0.19202841321627298,0.18116892278194427,0.20512866079807282
rmse,model,sst,1200,0.1931942254304886,0.18036726117134094,0.20482285022735597
rmse,model,sst,1210,0.19411911765734355,0.18164912164211272,0.20608105063438414
rmse,model,sst,1220,0.19389954706033072,0.177954962849617,0.2055743306875229
rmse,model,sst,1230,0.1927834818760554,0.17457468807697296,0.20561605393886567
rmse,model,sst,1240,0.19239097038904826,0.1811335414648056,0.204485884308815
rmse,model,sst,1250,0.1922731190919876,0.18272490799427032,0.20318258106708526
rmse,model,sst,1260,0.1928471803665161,0.1825805276632309,0.20504768788814545
rmse,model,sst,1270,0.1930885722239812,0.1804249703884125,0.20487942695617675
rmse,model,sst,1280,0.19369512995084126,0.17953588664531708,0.20857209861278533
rmse,model,sst,1290,0.1946412314971288,0.18270525932312012,0.21003082394599915
rmse,model,sst,1300,0.19511134922504425,0.18059732615947724,0.20916711688041686
rmse,model,sst,1310,0.19470523595809935,0.17767036855220794,0.20525912642478944
rmse,model,sst,1320,0.1935972809791565,0.17861314713954926,0.20512411892414092
rmse,model,sst,1330,0.19267260134220124,0.1809151738882065,0.20272472202777864
rmse,model,sst,1340,0.19243546923001606,0.18191149830818176,0.20349812507629395
rmse,model,sst,1350,0.19295909901460012,0.17861337959766388,0.20501524209976196
rmse,model,sst,1360,0.1934502879778544,0.17872701287269593,0.20705569982528688
rmse,model,sst,1370,0.19447856446107228,0.17945752143859864,0.20886704623699187
rmse,model,sst,1380,0.19518487850824992,0.18272666335105897,0.20778431594371796
rmse,model,sst,1390,0.19508457481861113,0.18125534057617188,0.20763007998466493
rmse,model,sst,1400,0.1939638058344523,0.180002298951149,0.20670896470546724
rmse,model,sst,1410,0.1928537130355835,0.17839330136775972,0.20297187566757202
rmse,model,sst,1420,0.19210552175839743,0.18067092299461365,0.20027551651000977
rmse,model,sst,1430,0.19283260504404703,0.18013575971126555,0.2024765968322754
rmse,model,sst,1440,0.19392209748427072,0.18017522096633912,0.20703368186950682
rmse,model,sst,1450,0.19458339909712474,0.1801904708147049,0.2088092476129532
rmse,model,sst,1460,0.19486647546291352,0.18058617115020753,0.2098695755004883
rmse,model,sst,1470,0.19538161357243855,0.18200046420097352,0.20937566757202147
rmse,model,sst,1480,0.19566372831662496,0.1815272569656372,0.2090594470500946
rmse,model,sst,1490,0.19459099272886912,0.18149751126766206,0.20563612282276153
rmse,model,sst,1500,0.19302386144797007,0.18249555826187133,0.1983304351568222
rmse,model,sst,1510,0.19249008496602377,0.18180455267429352,0.20014206767082215
rmse,model,sst,1520,0.19355145593484244,0.18195344507694244,0.20649701058864595
rmse,model,sst,1530,0.19444018900394439,0.18233144283294678,0.20878360271453858
rmse,model,sst,1540,0.19486869970957438,0.18144349455833436,0.20755471885204316
rmse,model,sst,1550,0.19472207625706991,0.17998358309268953,0.20771628022193908
rmse,model,sst,1560,0.1951954295237859,0.18025172054767608,0.20735712647438048
rmse,model,sst,1570,0.19475758870442708,0.179510697722435,0.20807298719882966
rmse,model,sst,1580,0.19308473666508993,0.18074223697185515,0.20235058069229125
rmse,model,sst,1590,0.19194706479708354,0.18224539160728453,0.19898369610309602
rmse,model,sst,1600,0.192955685655276,0.1817474991083145,0.20313307046890258
rmse,model,sst,1610,0.1946926921606064,0.18396871387958527,0.20919584929943086
rmse,model,sst,1620,0.1950624684492747,0.18169736564159394,0.20822980701923371
rmse,model,sst,1630,0.1945614943901698,0.18089459836483002,0.20779582858085632
rmse,model,sst,1640,0.19469206432501476,0.17864426970481873,0.20653099715709686
rmse,model,sst,1650,0.19564640919367474,0.1808463454246521,0.20967666506767274
rmse,model,sst,1660,0.1947471648454666,0.18140954971313478,0.20771236717700958
rmse,model,sst,1670,0.19308785994847616,0.18327917158603668,0.20188236534595488
rmse,model,sst,1680,0.19302904804547627,0.18343446254730225,0.2026745229959488
rmse,model,sst,1690,0.1945216010014216,0.18463529646396637,0.20622940063476564
rmse,model,sst,1700,0.19539709985256196,0.18167975246906282,0.20650839805603027
rmse,model,sst,1710,0.19539929231007894,0.17949638962745668,0.20688758194446563
rmse,model,sst,1720,0.19499849379062653,0.18059206008911133,0.2042900413274765
rmse,model,sst,1730,0.1956083208322525,0.1811507135629654,0.20803881883621217
rmse,model,sst,1740,0.19553849200407664,0.18030221462249757,0.20992170572280883
rmse,model,sst,1750,0.19375952283541362,0.1790410339832306,0.20457697808742523
rmse,model,sst,1760,0.19293019771575928,0.18199920058250427,0.20183316767215728
rmse,model,sst,1770,0.19439748028914133,0.1855781614780426,0.20547662675380707
rmse,model,sst,1780,0.19628809889157614,0.18637177348136902,0.2067018687725067
rmse,model,sst,1790,0.19667075276374818,0.18201760947704315,0.20595534145832062
rmse,model,sst,1800,0.19589726626873016,0.18073145151138306,0.20584163069725037
rmse,model,sst,1810,0.1956888755162557,0.18209056556224823,0.20395270884037017
rmse,model,sst,1820,0.19628343979517618,0.1832113653421402,0.21100241243839263
rmse,model,sst,1830,0.1955481896797816,0.18082888126373292,0.20757358372211457
rmse,model,sst,1840,0.19432889918486276,0.18382971584796906,0.2031998187303543
rmse,model,sst,1850,0.1948510468006134,0.18648330867290497,0.2043447971343994
rmse,model,sst,1860,0.19647547205289204,0.18764909207820893,0.2059390127658844
rmse,model,sst,1870,0.197551895181338,0.18554582595825195,0.20418456196784973
rmse,model,sst,1880,0.1973681608835856,0.1831802487373352,0.20571326613426208
rmse,model,sst,1890,0.1968866507212321,0.18584088683128358,0.20555660128593445
rmse,model,sst,1900,0.19718888302644094,0.1845501631498337,0.20798806250095367
rmse,model,sst,1910,0.19704623421033224,0.1813312590122223,0.21160992085933686
rmse,model,sst,1920,0.1955259809891383,0.1822666347026825,0.20491531491279602
rmse,model,sst,1930,0.19502765238285064,0.18784875571727752,0.20370885133743286
rmse,model,sst,1940,0.19643097519874572,0.18828680217266083,0.20705373585224152
rmse,model,sst,1950,0.19842409392197927,0.18757839500904083,0.2078128695487976
rmse,model,sst,1960,0.1988095204035441,0.18698132634162903,0.20716295540332794
rmse,model,sst,1970,0.19776621858278912,0.18562006652355195,0.20598682761192322
rmse,model,sst,1980,0.19715173145135242,0.18308185040950775,0.2045839786529541
rmse,model,sst,1990,0.19736503461996716,0.18374932408332825,0.2088764101266861
rmse,model,sst,2000,0.19673105478286743,0.18411969542503356,0.20647872984409332
rmse,climatology,sst,0,0.0389265276491642,0.035574182868003845,0.04028378054499626
rmse,climatology,sst,10,0.03923815041780472,0.03736589401960373,0.04099519625306129
rmse,climatology,sst,20,0.039320103575785956,0.03762618154287338,0.040531442314386365
rmse,climatology,sst,30,0.038740519682566324,0.037184206396341325,0.040703299641609195
rmse,climatology,sst,40,0.03858900268872579,0.03573226556181908,0.04099956303834915
rmse,climatology,sst,50,0.03869208519657453,0.035776589065790176,0.04141226857900619
rmse,climatology,sst,60,0.03892315253615379,0.03620801270008087,0.04084012880921364
rmse,climatology,sst,70,0.03883726025621096,0.03657793998718262,0.04039426445960999
rmse,climatology,sst,80,0.03889933948715528,0.03720342889428139,0.040493494272232054
rmse,climatology,sst,90,0.0385918083290259,0.036352936178445816,0.04007422626018524
rmse,climatology,sst,100,0.03808314949274063,0.03563640341162681,0.03997560814023018
rmse,climatology,sst,110,0.03846561486522357,0.03538846671581268,0.04068335667252541
rmse,climatology,sst,120,0.0391620268424352,0.0369360975921154,0.040663623809814455
rmse,climatology,sst,130,0.03905573238929113,0.036967542767524716,0.04051199331879616
rmse,climatology,sst,140,0.03854350820183754,0.03628925234079361,0.04055894613265991
rmse,climatology,sst,150,0.03847473462422689,0.036773454397916794,0.04018149375915527
rmse,climatology,sst,160,0.03876204937696457,0.03648825287818909,0.04059707745909691
rmse,climatology,sst,170,0.039192409813404085,0.03596422746777535,0.04108245670795441
rmse,climatology,sst,180,0.03954434792200724,0.0378026694059372,0.04160578474402428
rmse,climatology,sst,190,0.039666857073704404,0.03801183849573135,0.04131584540009499
rmse,climatology,sst,200,0.0391374833881855,0.037005302309989926,0.04073157012462616
rmse,climatology,sst,210,0.03894718736410141,0.036845603585243226,0.041131512820720674
rmse,climatology,sst,220,0.039013138661781945,0.0360864095389843,0.041439615190029144
rmse,climatology,sst,230,0.03928909674286842,0.03607980981469154,0.04221329838037491
rmse,climatology,sst,240,0.03928377578655879,0.037222766876220705,0.04152922257781029
rmse,climatology,sst,250,0.039394378165404004,0.037359080463647845,0.040860824286937714
rmse,climatology,sst,260,0.03917150224248568,0.03787416815757751,0.040325429290533066
rmse,climatology,sst,270,0.038594473898410794,0.035747194290161134,0.041040093451738355
rmse,climatology,sst,280,0.038892330477635066,0.03569264784455299,0.041796446591615674
rmse,climatology,sst,290,0.03954295342167218,0.03681600540876388,0.04184556677937508
rmse,climatology,sst,300,0.03950322071711222,0.03669897019863129,0.04123248979449272
rmse,climatology,sst,310,0.038967961569627126,0.03685956448316574,0.040392880141735074
rmse,climatology,sst,320,0.03876896525422732,0.03676007017493248,0.04019445404410362
rmse,climatology,sst,330,0.03901253615816434,0.0367580384016037,0.04072318896651268
rmse,climatology,sst,340,0.039333031078179675,0.03730050250887871,0.04114143699407578
rmse,climatology,sst,350,0.03970204119880994,0.03842826262116432,0.040792157500982286
rmse,climatology,sst,360,0.03977415512005488,0.03860125839710236,0.04086871892213821
rmse,climatology,sst,370,0.03922105406721433,0.03733905926346779,0.040893657505512236
rmse,climatology,sst,380,0.03893251071373622,0.03676949143409729,0.04075540006160736
rmse,climatology,sst,390,0.03892797057827314,0.036288332939147946,0.04078308492898941
rmse,climatology,sst,400,0.039199275771776836,0.036311205476522446,0.041010621935129166
rmse,climatology,sst,410,0.039177962392568585,0.03710019960999489,0.04088482037186623
rmse,climatology,sst,420,0.03924319545427958,0.037356197088956836,0.040992462635040285
rmse,climatology,sst,430,0.039126329123973846,0.03758440688252449,0.04028929993510246
rmse,climatology,sst,440,0.03859675228595734,0.035973739624023435,0.04058179408311844
rmse,climatology,sst,450,0.038875288764635724,0.036123715341091156,0.04096135273575783
rmse,climatology,sst,460,0.0395233042538166,0.037233800441026685,0.04109750390052795
rmse,climatology,sst,470,0.03961017181475957,0.03667069897055626,0.0419235073029995
rmse,climatology,sst,480,0.0391746590534846,0.03701706826686859,0.04102122187614441
rmse,climatology,sst,490,0.038961848119894664,0.036649566143751144,0.04074745252728462
rmse,climatology,sst,500,0.03924075911442439,0.03702825680375099,0.04068201258778572
rmse,climatology,sst,510,0.03952258303761482,0.03730960935354233,0.041575784981250766
rmse,climatology,sst,520,0.03999821146329244,0.037730637937784195,0.04208253473043442
rmse,climatology,sst,530,0.04016936346888542,0.03925746530294418,0.041725782305002214
rmse,climatology,sst,540,0.03974688525001208,0.038326366990804675,0.04130316227674484
rmse,climatology,sst,550,0.03941935946544011,0.03750720992684364,0.04129010960459709
rmse,climatology,sst,560,0.03937338143587112,0.03743123114109039,0.041358274221420285
rmse,climatology,sst,570,0.039621128638585405,0.03651306629180908,0.04146371483802795
rmse,climatology,sst,580,0.03957422599196434,0.03712171912193298,0.04127625897526741
rmse,climatology,sst,590,0.0395555113752683,0.03747207000851631,0.04163379594683647
rmse,climatology,sst,600,0.03946403861045837,0.038206251710653304,0.04042920097708702
rmse,climatology,sst,610,0.03891412814458211,0.037230723351240155,0.04071764126420021
rmse,climatology,sst,620,0.039094367623329164,0.036197981983423236,0.04087410792708397
rmse,climatology,sst,630,0.03976216887434324,0.037381333857774736,0.04120213389396667
rmse,climatology,sst,640,0.04001028488079707,0.03789178282022476,0.0414759948849678
rmse,climatology,sst,650,0.039657976229985556,0.03800180703401566,0.04169531241059303
rmse,climatology,sst,660,0.03940767968694369,0.037139274179935455,0.042672567814588544
rmse,climatology,sst,670,0.03971094439427058,0.037156013399362565,0.042715606093406674
rmse,climatology,sst,680,0.039961193998654686,0.037435438483953476,0.04334578737616539
rmse,climatology,sst,690,0.040455657492081326,0.037824685126543044,0.04358770996332169
rmse,climatology,sst,700,0.04059690038363139,0.038637428730726245,0.042629342526197433
rmse,climatology,sst,710,0.04019549960891406,0.03834060952067375,0.042960327863693235
rmse,climatology,sst,720,0.039749699334303536,0.03740804716944694,0.042580753564834595
rmse,climatology,sst,730,0.039660439391930896,0.037138352543115614,0.041863950341939925
rmse,climatology,sst,740,0.03993046581745148,0.03732277825474739,0.04212096408009529
rmse,climatology,sst,750,0.039928440501292545,0.03796677812933922,0.04135965555906296
rmse,climatology,sst,760,0.03988582044839859,0.03805260807275772,0.04221247360110283
rmse,climatology,sst,770,0.0398756355047226,0.038502460718154906,0.04137360826134682
rmse,climatology,sst,780,0.03936569367845853,0.037119095027446744,0.04223604500293732
rmse,climatology,sst,790,0.03943144058187802,0.03703489750623703,0.04116088077425957
rmse,climatology,sst,800,0.040034457792838415,0.03786059468984604,0.04167283847928047
rmse,climatology,sst,810,0.04035055960218112,0.03734857067465782,0.04249558374285698
rmse,climatology,sst,820,0.04005491534868876,0.03848462328314781,0.042617876827716825
rmse,climatology,sst,830,0.03976211448510488,0.03751961141824722,0.04204339012503624
rmse,climatology,sst,840,0.0400624968111515,0.03827800527215004,0.0420110210776329
rmse,climatology,sst,850,0.040316805243492126,0.03809357732534409,0.04302234798669815
rmse,climatology,sst,860,0.040874794125556946,0.03849682286381721,0.043085020035505295
rmse,climatology,sst,870,0.04109724462032318,0.039014453440904616,0.043657094985246656
rmse,climatology,sst,880,0.04087039877971013,0.03812505975365639,0.04285670816898346
rmse,climatology,sst,890,0.04039949476718903,0.0381341889500618,0.04322784021496773
rmse,climatology,sst,900,0.04029621531565984,0.0374300591647625,0.044116347283124926
rmse,climatology,sst,910,0.040525620927413304,0.0370324857532978,0.04378214254975319
rmse,climatology,sst,920,0.04056992456316948,0.03861876353621483,0.043988478183746335
rmse,climatology,sst,930,0.04049479886889458,0.038243109732866286,0.042775098234415054
rmse,climatology,sst,940,0.04048402061065038,0.039012042433023454,0.04209213778376579
rmse,climatology,sst,950,0.03992336491743723,0.037575563788414,0.043389689177274704
rmse,climatology,sst,960,0.039783069988091786,0.036785179376602174,0.04257661551237106
rmse,climatology,sst,970,0.04024874245127042,0.037572725862264636,0.042731688171625135
rmse,climatology,sst,980,0.040551318973302844,0.03737293630838394,0.04284642562270165
rmse,climatology,sst,990,0.04015395392974218,0.0385109044611454,0.04162464141845703
rmse,climatology,sst,1000,0.03968651369214058,0.037180012464523314,0.04097885712981224
rmse,climatology,sst,1010,0.03982573623458544,0.03767070472240448,0.040924787521362305
rmse,climatology,sst,1020,0.04000506748755773,0.03759349659085274,0.04174910038709641
rmse,climatology,sst,1030,0.040522772322098416,0.03901488855481148,0.04182024002075195
rmse,climatology,sst,1040,0.04067090253035228,0.03947173058986664,0.041593723744153974
rmse,climatology,sst,1050,0.0405220165848732,0.038726451247930525,0.04253634363412857
rmse,climatology,sst,1060,0.04002908517916997,0.037983471900224684,0.041537946462631224
rmse,climatology,sst,1070,0.03999927168091138,0.0378521591424942,0.04207375794649124
rmse,climatology,sst,1080,0.040253596752882,0.03743250817060471,0.04193212017416954
rmse,climatology,sst,1090,0.04035128951072693,0.03854134157299995,0.04201788753271103
rmse,climatology,sst,1100,0.0403200534482797,0.037618924677371976,0.0429812990128994
rmse,climatology,sst,1110,0.040460674464702605,0.03919013068079948,0.04231737330555916
rmse,climatology,sst,1120,0.040067223459482194,0.037821578234434126,0.04182684198021889
rmse,climatology,sst,1130,0.03990391020973524,0.03774506896734238,0.041196220368146894
rmse,climatology,sst,1140,0.04044067735473315,0.038453197479248045,0.04286759123206139
rmse,climatology,sst,1150,0.040964020788669585,0.038243168592453004,0.04314146041870117
rmse,climatology,sst,1160,0.04070663129289945,0.03875950053334236,0.04307485446333885
rmse,climatology,sst,1170,0.040280140936374664,0.03665898442268371,0.04334911480545998
rmse,climatology,sst,1180,0.04039734726150831,0.0387549988925457,0.043094496428966525
rmse,climatology,sst,1190,0.040535857528448106,0.0371116504073143,0.04343818575143814
rmse,climatology,sst,1200,0.04098510468999545,0.037693044543266295,0.04409050792455673
rmse,climatology,sst,1210,0.04109025672078133,0.03903769850730896,0.04352933540940285
rmse,climatology,sst,1220,0.04095784748593966,0.03938766345381737,0.04277277812361717
rmse,climatology,sst,1230,0.040319263686736426,0.03862808868288994,0.04171583652496338
rmse,climatology,sst,1240,0.040175589919090274,0.0383313424885273,0.042140697687864305
rmse,climatology,sst,1250,0.04030706236759821,0.03821108415722847,0.042169494181871416
rmse,climatology,sst,1260,0.04034544974565506,0.03876626417040825,0.04199964925646782
rmse,climatology,sst,1270,0.04023234943548838,0.037885463982820514,0.04209604561328888
rmse,climatology,sst,1280,0.04032240261634191,0.039106564968824385,0.042050641030073166
rmse,climatology,sst,1290,0.039957874764998756,0.03788528516888619,0.04160626009106636
rmse,climatology,sst,1300,0.03967845439910889,0.03773863986134529,0.04126293882727623
rmse,climatology,sst,1310,0.0401764211555322,0.037311796098947525,0.04203509241342544
rmse,climatology,sst,1320,0.040819522986809416,0.03916796743869781,0.04206844493746757
rmse,climatology,sst,1330,0.040624981621901195,0.03906555846333504,0.04197691306471825
rmse,climatology,sst,1340,0.04018539513150851,0.03800393417477608,0.042569630593061444
rmse,climatology,sst,1350,0.04026504581173261,0.03827325627207756,0.04276412799954414
rmse,climatology,sst,1360,0.04048949976762136,0.0373726487159729,0.04351980909705162
rmse,climatology,sst,1370,0.04098515634735425,0.03766613006591797,0.04385845512151718
rmse,climatology,sst,1380,0.041161747525135677,0.039302176982164386,0.043013372272253034
rmse,climatology,sst,1390,0.04112643152475357,0.039282400906085965,0.04329364597797394
rmse,climatology,sst,1400,0.04050477892160416,0.03883707597851753,0.04307471588253975
rmse,climatology,sst,1410,0.04036785339315732,0.037910154461860655,0.042400097101926805
rmse,climatology,sst,1420,0.04048984348773956,0.03781618997454643,0.04260598495602608
rmse,climatology,sst,1430,0.04060747598608335,0.038573943078517914,0.04230679199099541
rmse,climatology,sst,1440,0.040521283199389774,0.03861702755093575,0.04226296618580818
rmse,climatology,sst,1450,0.04064768478274346,0.039070792496204376,0.04220638945698738
rmse,climatology,sst,1460,0.040367187062899275,0.038424254208803174,0.04252757132053375
rmse,climatology,sst,1470,0.039979999015728636,0.03726644143462181,0.04218429774045944
rmse,climatology,sst,1480,0.0404066023727258,0.03842575028538704,0.04255111217498779
rmse,climatology,sst,1490,0.041092508286237714,0.038560354709625246,0.0426804780960083
rmse,climatology,sst,1500,0.040958639979362485,0.038688021898269656,0.04325947016477585
rmse,climatology,sst,1510,0.04052856018145879,0.03830949142575264,0.0429424025118351
rmse,climatology,sst,1520,0.04054990187287331,0.03889039382338524,0.041907912492752074
rmse,climatology,sst,1530,0.040825051814317705,0.03898916766047478,0.04332024827599525
rmse,climatology,sst,1540,0.041315358877182004,0.038755118101835254,0.04326828196644783
rmse,climatology,sst,1550,0.041595975309610365,0.03984755501151085,0.04400506913661957
rmse,climatology,sst,1560,0.04167978391051293,0.039496705681085584,0.04372515305876732
rmse,climatology,sst,1570,0.04111440678437551,0.03864116594195366,0.04285746738314629
rmse,climatology,sst,1580,0.04095339874426524,0.03910853564739227,0.04388387128710747
rmse,climatology,sst,1590,0.04100876376032829,0.0382003091275692,0.04395983144640923
rmse,climatology,sst,1600,0.04114906514684359,0.03835702911019325,0.04427207261323929
rmse,climatology,sst,1610,0.041051002343495686,0.03889369145035744,0.04366464912891388
rmse,climatology,sst,1620,0.041129828741153084,0.03953730762004852,0.04255763664841652
rmse,climatology,sst,1630,0.04083139250675837,0.039364997297525406,0.043316307663917544
rmse,climatology,sst,1640,0.04030461957057317,0.03747496381402016,0.04310665726661682
rmse,climatology,sst,1650,0.04058432380358378,0.037572456151247026,0.042834044247865674
rmse,climatology,sst,1660,0.041188707451025645,0.0385990247130394,0.04358363896608353
rmse,climatology,sst,1670,0.04104507391651471,0.03855032548308372,0.042697151005268094
rmse,climatology,sst,1680,0.04051572034756343,0.03851882070302963,0.04175920933485031
rmse,climatology,sst,1690,0.04038137967387835,0.03866378739476204,0.04158435463905334
rmse,climatology,sst,1700,0.040611815204222995,0.038391324877738955,0.042102723568677905
rmse,climatology,sst,1710,0.0409739077091217,0.03953967243432999,0.04256449416279793
rmse,climatology,sst,1720,0.04129303793112437,0.03992599844932556,0.04243656769394875
rmse,climatology,sst,1730,0.04139807124932607,0.040375564247369766,0.042552171647548674
rmse,climatology,sst,1740,0.040907031297683714,0.03907790035009384,0.04248782098293304
rmse,climatology,sst,1750,0.04076925342281659,0.038266072422266005,0.04266425967216492
rmse,climatology,sst,1760,0.0408424807091554,0.038646642863750455,0.04261467903852463
rmse,climatology,sst,1770,0.04108066732684771,0.038975877314805986,0.04261013418436051
rmse,climatology,sst,1780,0.041045248756806055,0.03871481344103813,0.043272634595632554
rmse,climatology,sst,1790,0.04118432725469271,0.03933758065104485,0.04344757497310638
rmse,climatology,sst,1800,0.04104899341861407,0.03953409790992737,0.04243944212794304
rmse,climatology,sst,1810,0.04055558194716771,0.038506540656089785,0.04239427670836449
rmse,climatology,sst,1820,0.0408610666791598,0.03880712166428566,0.04267729669809341
rmse,climatology,sst,1830,0.041530511776606244,0.03940248191356659,0.04357566088438034
rmse,climatology,sst,1840,0.0415676881869634,0.03962739333510399,0.043776945769786836
rmse,climatology,sst,1850,0.04111889451742172,0.038632041215896605,0.0432883195579052
rmse,climatology,sst,1860,0.04093213950594266,0.03857018649578094,0.04344930425286293
rmse,climatology,sst,1870,0.04115298911929131,0.038687439262866975,0.04361452758312225
rmse,climatology,sst,1880,0.04137253065903981,0.038680321723222735,0.04390581846237183
rmse,climatology,sst,1890,0.04170452331503232,0.039516158401966095,0.04377297684550285
rmse,climatology,sst,1900,0.041775421053171155,0.04064891412854195,0.04340821281075478
rmse,climatology,sst,1910,0.041279500474532445,0.03989434540271759,0.042859040945768354
rmse,climatology,sst,1920,0.041013117382923764,0.03900380879640579,0.04269414767622948
rmse,climatology,sst,1930,0.04099471047520638,0.038906097412109375,0.04313959404826164
rmse,climatology,sst,1940,0.04124706586201986,0.03862219750881195,0.04280190691351891
rmse,climatology,sst,1950,0.04124195327361425,0.038993924111127856,0.042798858135938644
rmse,climatology,sst,1960,0.041344628234704334,0.03969873860478401,0.043725666403770444
rmse,climatology,sst,1970,0.04130065689484278,0.03956850245594978,0.04341807663440704
rmse,climatology,sst,1980,0.04083047186334928,0.038992829620838165,0.04291983619332314
rmse,climatology,sst,1990,0.04105264221628507,0.037743794918060306,0.042988076061010363
rmse,climatology,sst,2000,0.04167828361193339,0.03930864557623863,0.043147407472133636
rmse,persistence,sst,0,0.0,0.0,0.0
rmse,persistence,sst,10,0.023042166605591774,0.020479941740632057,0.02563916929066181
rmse,persistence,sst,20,0.03856733292341232,0.03373042419552803,0.04298889711499214
rmse,persistence,sst,30,0.04891509289542834,0.04647354483604431,0.05156893655657768
rmse,persistence,sst,40,0.057242782910664876,0.05418467968702316,0.05950823128223419
rmse,persistence,sst,50,0.06063304543495178,0.05708782449364662,0.06359810680150986
rmse,persistence,sst,60,0.06012430936098099,0.05624728724360466,0.06265129595994949
rmse,persistence,sst,70,0.05777601401011149,0.054612552374601366,0.06046492829918861
rmse,persistence,sst,80,0.05628771136204402,0.05466724410653114,0.059250836819410325
rmse,persistence,sst,90,0.05650631164511045,0.05237568914890289,0.06010627299547196
rmse,persistence,sst,100,0.05736470048626264,0.054158564656972885,0.060222916305065155
rmse,persistence,sst,110,0.059464330226182936,0.05618496611714363,0.06233227401971817
rmse,persistence,sst,120,0.061601980278889336,0.058154468238353726,0.06477647721767425
rmse,persistence,sst,130,0.057892923802137376,0.054586438834667204,0.06133759096264839
rmse,persistence,sst,140,0.0485353097319603,0.04516090154647827,0.052382343262434
rmse,persistence,sst,150,0.03918354411919912,0.03462531939148903,0.04354237616062164
rmse,persistence,sst,160,0.026337347676356634,0.022562621161341667,0.030428403988480568
rmse,persistence,sst,170,0.00792422991556426,0.004298828914761544,0.01397098246961832
rmse,persistence,sst,180,0.022736939415335656,0.019568313658237458,0.025879812613129615
rmse,persistence,sst,190,0.038413395484288536,0.03384401425719261,0.0426293708384037
rmse,persistence,sst,200,0.048792302856842676,0.04622915461659431,0.05128918662667274
rmse,persistence,sst,210,0.05732917338609696,0.05408214032649994,0.05966533496975899
rmse,persistence,sst,220,0.06116565962632497,0.057142330706119536,0.06445401906967163
rmse,persistence,sst,230,0.06098727285861969,0.056582964956760406,0.06418800801038742
rmse,persistence,sst,240,0.05873332694172859,0.054895386844873426,0.06132027879357338
rmse,persistence,sst,250,0.057100818306207654,0.05507359877228737,0.060181742161512376
rmse,persistence,sst,260,0.05720635106166204,0.053904710710048674,0.0606622114777565
rmse,persistence,sst,270,0.0579372559984525,0.05468766540288925,0.060530157387256624
rmse,persistence,sst,280,0.05977712472279866,0.05647493675351143,0.06240667924284935
rmse,persistence,sst,290,0.06208477939168612,0.058399172872304915,0.06539676040410995
rmse,persistence,sst,300,0.059102864811817805,0.056422244757413864,0.062367182970046994
rmse,persistence,sst,310,0.05000442390640577,0.046959517151117326,0.0534022681415081
rmse,persistence,sst,320,0.04064119632045428,0.03658885657787323,0.04514366537332535
rmse,persistence,sst,330,0.02858776313563188,0.02476356364786625,0.032689718157052995
rmse,persistence,sst,340,0.010739213787019253,0.008615901321172714,0.014986113458871842
rmse,persistence,sst,350,0.021221152196327846,0.019207865372300147,0.02300005778670311
rmse,persistence,sst,360,0.03726205229759216,0.03253916054964066,0.040852976590394975
rmse,persistence,sst,370,0.04778944179415703,0.04404589980840683,0.05050943195819855
rmse,persistence,sst,380,0.05656925092140833,0.054643557965755464,0.05834648683667183
rmse,persistence,sst,390,0.060873207201560336,0.05751967802643776,0.06385107338428497
rmse,persistence,sst,400,0.060984612256288526,0.057375714927911756,0.0636196956038475
rmse,persistence,sst,410,0.058748547732830045,0.05476367995142937,0.0611641176044941
rmse,persistence,sst,420,0.05691383803884188,0.054657251387834546,0.05948930829763412
rmse,persistence,sst,430,0.0568803404768308,0.052732905745506285,0.060019660741090775
rmse,persistence,sst,440,0.05759602238734563,0.05403863787651062,0.06036221235990524
rmse,persistence,sst,450,0.059327831119298936,0.05562944784760475,0.062120279669761656
rmse,persistence,sst,460,0.06181384970744451,0.0586536705493927,0.06580062210559845
rmse,persistence,sst,470,0.05959331418077151,0.0562618114054203,0.06291785389184952
rmse,persistence,sst,480,0.05088289429744085,0.04714471697807312,0.05441480353474617
rmse,persistence,sst,490,0.041534288724263506,0.03709461465477944,0.04599729627370834
rmse,persistence,sst,500,0.030118444686134657,0.0255777932703495,0.034046436101198195
rmse,persistence,sst,510,0.011922400506834189,0.00822939332574606,0.01779892109334469
rmse,persistence,sst,520,0.01922636286665996,0.015957046300172806,0.024095606431365012
rmse,persistence,sst,530,0.03599305773774783,0.030969375744462013,0.04048373475670815
rmse,persistence,sst,540,0.04691285118460655,0.04217287302017212,0.050658611208200456
rmse,persistence,sst,550,0.055929681907097496,0.05311096534132957,0.05816507190465927
rmse,persistence,sst,560,0.060712827493747075,0.05635459795594215,0.06390184462070465
rmse,persistence,sst,570,0.06112276340524356,0.05652530863881111,0.0643899530172348
rmse,persistence,sst,580,0.05891189177831014,0.05442845821380615,0.06131061911582947
rmse,persistence,sst,590,0.05680682708819707,0.05446892455220222,0.060029088705778125
rmse,persistence,sst,600,0.05650502194960912,0.052517658472061156,0.059934253245592116
rmse,persistence,sst,610,0.05706616565585136,0.05324354320764542,0.060483375936746596
rmse,persistence,sst,620,0.058562486867109936,0.054472704976797105,0.06115721464157105
rmse,persistence,sst,630,0.061131654183069865,0.05800265297293663,0.06482765823602676
rmse,persistence,sst,640,0.05963086436192195,0.05678364261984825,0.06332844346761704
rmse,persistence,sst,650,0.051283509284257886,0.047787246853113176,0.05474387854337692
rmse,persistence,sst,660,0.04176929096380869,0.03760173469781876,0.04551720097661018
rmse,persistence,sst,670,0.030760911603768665,0.026298149675130843,0.035313486307859424
rmse,persistence,sst,680,0.011983227419356505,0.00998624712228775,0.016461360827088354
rmse,persistence,sst,690,0.015797963800529637,0.013318159431219102,0.01864155903458595
rmse,persistence,sst,700,0.03386419676244259,0.02927938997745514,0.0375713936984539
rmse,persistence,sst,710,0.04537333970268567,0.04148001000285149,0.049187127500772476
rmse,persistence,sst,720,0.05468042343854904,0.05253071486949921,0.0568036787211895
rmse,persistence,sst,730,0.06011539325118065,0.05590623468160629,0.06275120228528977
rmse,persistence,sst,740,0.06100916763146718,0.057338394969701764,0.06409125477075577
rmse,persistence,sst,750,0.05904928669333458,0.055123770236968996,0.06131694242358208
rmse,persistence,sst,760,0.05693450495600701,0.055736062675714494,0.05939725637435913
rmse,persistence,sst,770,0.05660824303825696,0.05278588160872459,0.059056705236434935
rmse,persistence,sst,780,0.057266671458880106,0.05275895819067955,0.061200284957885744
rmse,persistence,sst,790,0.058716977139314015,0.054273690283298495,0.06153527721762657
rmse,persistence,sst,800,0.06139896338184674,0.05849026814103127,0.06487861424684524
rmse,persistence,sst,810,0.06072766780853271,0.057798010855913164,0.06458815187215805
rmse,persistence,sst,820,0.05312500670552254,0.049901819229125975,0.056715229898691176
rmse,persistence,sst,830,0.04379466747244199,0.03947948738932609,0.04697113260626793
rmse,persistence,sst,840,0.033672177543242775,0.02982631027698517,0.03933161795139313
rmse,persistence,sst,850,0.017306965589523316,0.013133064843714237,0.02252291366457939
rmse,persistence,sst,860,0.01692923946926991,0.012627722509205342,0.022170082852244376
rmse,persistence,sst,870,0.034019344424208,0.02981583960354328,0.037183592468500136
rmse,persistence,sst,880,0.04565877467393875,0.041765902936458585,0.049609123915433886
rmse,persistence,sst,890,0.05489303469657898,0.05265468433499336,0.05652179643511772
rmse,persistence,sst,900,0.060766492038965225,0.05643740519881248,0.06393496245145798
rmse,persistence,sst,910,0.06201424226164818,0.05764615759253502,0.06504294425249099
rmse,persistence,sst,920,0.06024949525793393,0.056231190264225,0.06362189501523971
rmse,persistence,sst,930,0.05798893496394157,0.05527754724025726,0.060819408297538756
rmse,persistence,sst,940,0.05738770837585131,0.05557007119059563,0.05974890217185021
rmse,persistence,sst,950,0.05789164255062739,0.05371634289622307,0.06189994513988495
rmse,persistence,sst,960,0.05903708760937055,0.0549553170800209,0.06218849942088127
rmse,persistence,sst,970,0.06155035470922788,0.059142643213272096,0.065666563808918
rmse,persistence,sst,980,0.06144327918688456,0.05804925337433815,0.06470653265714646
rmse,persistence,sst,990,0.05436349486311277,0.05050182715058327,0.05735345110297203
rmse,persistence,sst,1000,0.044811762124300006,0.04087447375059128,0.0485202319920063
rmse,persistence,sst,1010,0.03492133008937041,0.030205558240413665,0.03995368108153343
rmse,persistence,sst,1020,0.01895454842597246,0.016377830132842063,0.021951086074113845
rmse,persistence,sst,1030,0.014318067766726016,0.012460402213037014,0.017274418100714683
rmse,persistence,sst,1040,0.03175078853964806,0.029313527792692185,0.034423237293958665
rmse,persistence,sst,1050,0.04406328524152438,0.040327951312065125,0.04757417812943458
rmse,persistence,sst,1060,0.05352019170920054,0.05220853164792061,0.05490037426352501
rmse,persistence,sst,1070,0.06004265372951825,0.05791284739971161,0.06222050189971924
rmse,persistence,sst,1080,0.06172760700186094,0.05845733806490898,0.06466100364923477
rmse,persistence,sst,1090,0.06019745816787084,0.056770633161067965,0.062449365854263306
rmse,persistence,sst,1100,0.05787949214378993,0.05475921705365181,0.060483957082033156
rmse,persistence,sst,1110,0.05710738698641459,0.05416729971766472,0.06103752553462982
rmse,persistence,sst,1120,0.05762287825345993,0.05258907973766327,0.06112379655241966
rmse,persistence,sst,1130,0.05871333802739779,0.056004087626934054,0.06223269104957581
rmse,persistence,sst,1140,0.06122983197371165,0.058491974323987964,0.0651638612151146
rmse,persistence,sst,1150,0.06186984380086263,0.05793982073664665,0.06630152463912964
rmse,persistence,sst,1160,0.05562391902009646,0.051001927256584166,0.059862714260816574
rmse,persistence,sst,1170,0.04614449764291446,0.042023904621601105,0.05062175542116165
rmse,persistence,sst,1180,0.03667994787295659,0.03097493276000023,0.041653641313314435
rmse,persistence,sst,1190,0.021585043395558993,0.017207476869225503,0.02750749848783016
rmse,persistence,sst,1200,0.012691132972637813,0.008340931124985218,0.02262430228292942
rmse,persistence,sst,1210,0.030030825858314833,0.025514493882656097,0.03587357401847839
rmse,persistence,sst,1220,0.04282739460468292,0.03705382794141769,0.046819958835840225
rmse,persistence,sst,1230,0.05231359526515007,0.05021338164806366,0.054963575303554536
rmse,persistence,sst,1240,0.05928880721330643,0.055318613350391385,0.061732206493616104
rmse,persistence,sst,1250,0.061316727598508196,0.05764050856232643,0.06466609686613083
rmse,persistence,sst,1260,0.059913894285758336,0.05586512461304664,0.0622978150844574
rmse,persistence,sst,1270,0.05740919411182403,0.05454493761062622,0.0601060189306736
rmse,persistence,sst,1280,0.056260295957326886,0.05423091426491737,0.05944081693887711
rmse,persistence,sst,1290,0.05660928164919218,0.0522329568862915,0.06030103489756584
rmse,persistence,sst,1300,0.05750604743758837,0.054009263217449185,0.05985878705978394
rmse,persistence,sst,1310,0.059855165580908455,0.05761010944843292,0.06282074451446533
rmse,persistence,sst,1320,0.06108804071942965,0.05770583227276802,0.06442611068487167
rmse,persistence,sst,1330,0.05556539793809255,0.052052701264619826,0.05852259024977684
rmse,persistence,sst,1340,0.045881934463977814,0.04226013422012329,0.049619477987289426
rmse,persistence,sst,1350,0.03640158760050933,0.03159277141094208,0.041721022129058837
rmse,persistence,sst,1360,0.021641405299305916,0.018833833187818526,0.024477125331759452
rmse,persistence,sst,1370,0.008093584949771563,0.006423192005604506,0.012797352112829685
rmse,persistence,sst,1380,0.026858454570174217,0.023616959154605866,0.029336444661021234
rmse,persistence,sst,1390,0.0408488504588604,0.036210736632347106,0.04495819509029388
rmse,persistence,sst,1400,0.05072938874363899,0.048950185626745225,0.05297311916947365
rmse,persistence,sst,1410,0.058378028621276216,0.054907529056072234,0.060568132996559144
rmse,persistence,sst,1420,0.06102152317762375,0.057692380249500276,0.06424815952777863
rmse,persistence,sst,1430,0.060044803222020465,0.05611486732959747,0.062356064468622206
rmse,persistence,sst,1440,0.0576723908384641,0.05559713393449783,0.060002265870571135
rmse,persistence,sst,1450,0.05643197024861971,0.05495389774441719,0.05946228802204132
rmse,persistence,sst,1460,0.05682966709136963,0.052464810013771054,0.06066239550709725
rmse,persistence,sst,1470,0.05774782498677571,0.05460819005966187,0.06058684885501862
rmse,persistence,sst,1480,0.05998336101571719,0.05702350214123726,0.06306773573160171
rmse,persistence,sst,1490,0.06180011530717214,0.05804518386721611,0.0652750626206398
rmse,persistence,sst,1500,0.05729093924164772,0.05423391163349152,0.06020905822515488
rmse,persistence,sst,1510,0.04791487058003743,0.044469673186540604,0.05138137117028237
rmse,persistence,sst,1520,0.03884499420722325,0.03437775894999504,0.04440344050526619
rmse,persistence,sst,1530,0.025791164860129355,0.022637390345335007,0.03112637624144554
rmse,persistence,sst,1540,0.01219325214624405,0.007428327761590481,0.017405590787529946
rmse,persistence,sst,1550,0.026820438851912817,0.023212758451700212,0.02952914088964462
rmse,persistence,sst,1560,0.04090925852457682,0.03687070310115814,0.044521939009428024
rmse,persistence,sst,1570,0.050714973857005435,0.048355698585510254,0.052976212650537494
rmse,persistence,sst,1580,0.05863470484813054,0.05517871305346489,0.061259415745735166
rmse,persistence,sst,1590,0.06172051305572192,0.05767630115151405,0.06447037458419799
rmse,persistence,sst,1600,0.06104907567302386,0.057261377573013306,0.06390774250030518
rmse,persistence,sst,1610,0.058650969465573626,0.054865922033786776,0.06171985790133476
rmse,persistence,sst,1620,0.05711562260985374,0.05503595247864723,0.060189664363861084
rmse,persistence,sst,1630,0.05730654448270798,0.05334169939160347,0.06089831218123436
rmse,persistence,sst,1640,0.0580316257973512,0.054879502207040784,0.06119440570473671
rmse,persistence,sst,1650,0.05994752322634061,0.05674271509051323,0.06282267868518829
rmse,persistence,sst,1660,0.06203700179855029,0.05825800970196724,0.06527782678604126
rmse,persistence,sst,1670,0.05833714629213015,0.05504908934235573,0.061352402716875074
rmse,persistence,sst,1680,0.049030966311693194,0.04575858861207962,0.052705025672912596
rmse,persistence,sst,1690,0.039890864739815395,0.03565497621893883,0.04410940706729889
rmse,persistence,sst,1700,0.02751944859822591,0.023646580800414086,0.031076956540346146
rmse,persistence,sst,1710,0.011784841492772102,0.009680540859699249,0.01529904194176197
rmse,persistence,sst,1720,0.024093384792407354,0.022108166292309762,0.02585356719791889
rmse,persistence,sst,1730,0.039080755412578584,0.035451528429985044,0.04290486797690392
rmse,persistence,sst,1740,0.04922504350543022,0.04632671251893043,0.05148364007472992
rmse,persistence,sst,1750,0.05762861991922061,0.05596588253974914,0.05922999754548073
rmse,persistence,sst,1760,0.061310214052597685,0.058489571511745456,0.06408173739910125
rmse,persistence,sst,1770,0.06103743712107341,0.057815763354301455,0.06343306005001068
rmse,persistence,sst,1780,0.058710091809431715,0.05446735396981239,0.06079599857330322
rmse,persistence,sst,1790,0.056994096686442695,0.05440312623977661,0.06045592054724693
rmse,persistence,sst,1800,0.05710428208112717,0.0524235799908638,0.06040059328079224
rmse,persistence,sst,1810,0.05784615452090899,0.05471122488379478,0.06137728542089462
rmse,persistence,sst,1820,0.05965744405984878,0.05553137958049774,0.06332571804523468
rmse,persistence,sst,1830,0.06208048264185587,0.05902735739946365,0.06624058187007904
rmse,persistence,sst,1840,0.05935184011856715,0.055530717968940733,0.06245289146900177
rmse,persistence,sst,1850,0.05043573478857676,0.0463826559484005,0.05482934489846229
rmse,persistence,sst,1860,0.041351507604122165,0.036572837829589845,0.04557496383786201
rmse,persistence,sst,1870,0.029792913670341172,0.0249100711196661,0.034307724237442015
rmse,persistence,sst,1880,0.012847467573980491,0.00921768881380558,0.021205345168709755
rmse,persistence,sst,1890,0.02187277264893055,0.01862318515777588,0.0272540558129549
rmse,persistence,sst,1900,0.03740686972935994,0.03230886459350586,0.04166882708668709
rmse,persistence,sst,1910,0.047791597743829094,0.043416035175323484,0.05105718672275543
rmse,persistence,sst,1920,0.0564610406756401,0.05357642099261284,0.058476226031780244
rmse,persistence,sst,1930,0.060640815645456314,0.0565903902053833,0.06372574418783188
rmse,persistence,sst,1940,0.0606674924492836,0.0565807044506073,0.0633682057261467
rmse,persistence,sst,1950,0.05833361744880676,0.054085171222686766,0.06073984503746033
rmse,persistence,sst,1960,0.05634482055902481,0.05417411848902702,0.05908866077661514
rmse,persistence,sst,1970,0.05628473411003749,0.05227991491556168,0.05992211401462555
rmse,persistence,sst,1980,0.05700519730647405,0.053562816232442856,0.06023810803890228
rmse,persistence,sst,1990,0.05864937876661618,0.05488943755626678,0.06170997843146324
rmse,persistence,sst,2000,0.06128479888041814,0.058351154625415805,0.0647919699549675
acc,selected,surface_u,0,1.0,1.0,1.0
acc,selected,surface_u,10,0.983261247475942,0.9779052019119263,0.988119649887085
acc,selected,surface_u,20,0.9687008579572042,0.9633895754814148,0.9746870756149292
acc,selected,surface_u,30,0.9527389367421468,0.9408299684524536,0.962314772605896
acc,selected,surface_u,40,0.9329229672749837,0.909969711303711,0.9480524897575379
acc,selected,surface_u,50,0.9198558290799459,0.8905702829360962,0.9348864197731018
acc,selected,surface_u,60,0.9035831133524577,0.8866420388221741,0.9229342818260193
acc,selected,surface_u,70,0.8760833303133647,0.8437350392341614,0.9046756267547608
acc,selected,surface_u,80,0.8477460702260335,0.8064153313636779,0.8834834933280945
acc,selected,surface_u,90,0.8068945686022441,0.757109260559082,0.8573055505752564
acc,selected,surface_u,100,0.7595436175664266,0.7090532660484314,0.8136412024497985
acc,selected,surface_u,110,0.7125026702880859,0.6558412909507751,0.7693344950675964
acc,selected,surface_u,120,0.6667574961980184,0.5808356165885925,0.7248867750167847
acc,selected,surface_u,130,0.6184381465117137,0.5220593810081482,0.6868771195411683
acc,selected,surface_u,140,0.5770236651102701,0.4493218958377838,0.6628893613815308
acc,selected,surface_u,150,0.5342360675334931,0.39245095252990725,0.6200613498687744
acc,selected,surface_u,160,0.5009243667125702,0.36605674028396606,0.5852533578872681
acc,selected,surface_u,170,0.4769826173782349,0.3423566281795502,0.5541555166244507
acc,selected,surface_u,180,0.4534540911515554,0.3404166579246521,0.5388777494430542
acc,selected,surface_u,190,0.4290796120961507,0.33126439452171325,0.5085396766662598
acc,selected,surface_u,200,0.4019853075345357,0.3194847762584686,0.4690591931343079
acc,prior,surface_u,0,1.0,1.0,1.0
acc,prior,surface_u,10,0.9984351992607117,0.9974883913993835,0.9989295125007629
acc,prior,surface_u,20,0.9956607977549236,0.9928113102912903,0.997404420375824
acc,prior,surface_u,30,0.9919271429379781,0.9871979117393493,0.9951715111732483
acc,prior,surface_u,40,0.987838073571523,0.98043133020401,0.9925280809402466
acc,prior,surface_u,50,0.9835324009259542,0.9717370271682739,0.989260482788086
acc,prior,surface_u,60,0.9778804461161296,0.965944504737854,0.9847900152206421
acc,prior,surface_u,70,0.9701323588689168,0.9616667747497558,0.9784470438957215
acc,prior,surface_u,80,0.9590199629465739,0.9513627052307129,0.9674429535865784
acc,prior,surface_u,90,0.9356128573417664,0.9159899950027466,0.9533535838127136
acc,prior,surface_u,100,0.9011690338452657,0.8733396768569947,0.9251613616943359
acc,prior,surface_u,110,0.8583651860555013,0.8318544030189514,0.8901733994483948
acc,prior,surface_u,120,0.7926381071408589,0.7494979858398437,0.841316020488739
acc,prior,surface_u,130,0.7005482157071431,0.6380636096000671,0.7618695855140686
acc,prior,surface_u,140,0.6069706956545512,0.5145698070526123,0.6895035862922668
acc,prior,surface_u,150,0.5220770239830017,0.425090354681015,0.6010220170021057
acc,prior,surface_u,160,0.4236696521441142,0.32526651620864866,0.48596136569976806
acc,prior,surface_u,170,0.3297210981448491,0.24731263816356658,0.4193995714187622
acc,prior,surface_u,180,0.23555328647295634,0.17116623520851135,0.3064421474933624
acc,prior,surface_u,190,0.16240133047103883,0.10962077975273132,0.21677417755126954
acc,prior,surface_u,200,0.10722747414062421,0.03506849016994239,0.16245122849941254
acc,selected,surface_v,0,1.0,1.0,1.0
acc,selected,surface_v,10,0.8792531927426656,0.8435778498649598,0.9012757182121277
acc,selected,surface_v,20,0.8518044908841451,0.8164746642112732,0.8919632315635682
acc,selected,surface_v,30,0.8416349490483602,0.7852609276771545,0.8735481858253479
acc,selected,surface_v,40,0.8137428045272828,0.7615727782249451,0.8461609125137329
acc,selected,surface_v,50,0.8019349892934163,0.7565734386444092,0.8443691372871399
acc,selected,surface_v,60,0.7854791800181071,0.7287163615226746,0.8333205938339233
acc,selected,surface_v,70,0.7560627579689025,0.6844159960746765,0.8299113273620605
acc,selected,surface_v,80,0.7323053399721782,0.672926151752472,0.7916033625602722
acc,selected,surface_v,90,0.7041885852813721,0.6610794305801392,0.7650830626487732
acc,selected,surface_v,100,0.6579035639762878,0.5790117383003235,0.7071601033210755
acc,selected,surface_v,110,0.6087408006191254,0.505653464794159,0.6892247676849366
acc,selected,surface_v,120,0.5793983141581217,0.4910098075866699,0.6537931680679321
acc,selected,surface_v,130,0.5598427255948385,0.48727039694786073,0.6563687086105346
acc,selected,surface_v,140,0.5260750532150269,0.44173224568367003,0.6123341917991638
acc,selected,surface_v,150,0.4892906288305918,0.3568710207939148,0.5888838291168212
acc,selected,surface_v,160,0.46767727136611936,0.3624807596206665,0.5749086976051331
acc,selected,surface_v,170,0.4501079519589742,0.3374901294708252,0.5483291268348693
acc,selected,surface_v,180,0.4235925714174906,0.34239509105682375,0.5229637503623963
acc,selected,surface_v,190,0.4062888483206431,0.3241140007972717,0.4889037251472473
acc,selected,surface_v,200,0.3956972599029541,0.3031693994998932,0.4705723524093628
acc,prior,surface_v,0,1.0,1.0,1.0
acc,prior,surface_v,10,0.9961950659751893,0.9947222352027894,0.997584342956543
acc,prior,surface_v,20,0.9909307440121968,0.9867780804634094,0.9939675807952881
acc,prior,surface_v,30,0.9841895580291748,0.9792963624000549,0.9893628478050231
acc,prior,surface_v,40,0.9754677057266236,0.9655409812927246,0.9823072195053101
acc,prior,surface_v,50,0.9632188638051351,0.950294029712677,0.9743140339851379
acc,prior,surface_v,60,0.9432830691337586,0.9128382205963135,0.9651349306106567
acc,prior,surface_v,70,0.9178865393002827,0.863269305229187,0.9511645555496215
acc,prior,surface_v,80,0.881681764125824,0.7985991716384888,0.921418023109436
acc,prior,surface_v,90,0.8185238361358642,0.7386204481124878,0.8810495615005494
acc,prior,surface_v,100,0.7289711038271586,0.5949299812316895,0.7909720301628113
acc,prior,surface_v,110,0.6337644398212433,0.5250549912452698,0.7119653344154357
acc,prior,surface_v,120,0.5447904030481975,0.44086437225341796,0.6274553656578064
acc,prior,surface_v,130,0.43938699960708616,0.3250021517276764,0.5105231523513794
acc,prior,surface_v,140,0.3322791943947474,0.25314687490463256,0.40279570817947385
acc,prior,surface_v,150,0.23515379031499226,0.18706318438053132,0.2925356388092041
acc,prior,surface_v,160,0.16039163768291473,0.1285394698381424,0.19910942316055297
acc,prior,surface_v,170,0.12021857102711996,0.0879202127456665,0.16424699425697326
acc,prior,surface_v,180,0.07978320419788361,0.050553809851408005,0.10035769045352935
acc,prior,surface_v,190,0.04929304085671902,0.0241396963596344,0.07064073532819748
acc,prior,surface_v,200,0.032784234670301275,0.015050899051129819,0.05608820617198944
acc,selected,phihyd_surface,0,1.0,1.0,1.0
acc,selected,phihyd_surface,10,0.9518459637959799,0.9448403000831604,0.9577437281608582
acc,selected,phihyd_surface,20,0.9291641712188721,0.9214716672897338,0.9349508166313172
acc,selected,phihyd_surface,30,0.9123956878980001,0.9007978677749634,0.9188068628311157
acc,selected,phihyd_surface,40,0.8952432195345561,0.8788772821426392,0.9060087680816651
acc,selected,phihyd_surface,50,0.8730620423952739,0.8506576538085937,0.8892481207847596
acc,selected,phihyd_surface,60,0.8472630937894186,0.8173383474349976,0.8695854067802429
acc,selected,phihyd_surface,70,0.8166951378186543,0.7783648729324341,0.8459712505340576
acc,selected,phihyd_surface,80,0.7833642681439718,0.739805269241333,0.8213512897491455
acc,selected,phihyd_surface,90,0.7498232205708821,0.7048967123031616,0.7922634243965149
acc,selected,phihyd_surface,100,0.7179047107696533,0.6707110404968262,0.7607035756111145
acc,selected,phihyd_surface,110,0.6873296896616617,0.6433404564857483,0.7284077525138855
acc,selected,phihyd_surface,120,0.6603561997413635,0.6200181484222412,0.6998105883598328
acc,selected,phihyd_surface,130,0.638961386680603,0.595064127445221,0.68108651638031
acc,selected,phihyd_surface,140,0.6204150994618733,0.5812312364578247,0.6623603820800781
acc,selected,phihyd_surface,150,0.6030538519223531,0.558853018283844,0.6469397664070129
acc,selected,phihyd_surface,160,0.5869059046109517,0.5435699343681335,0.6321827650070191
acc,selected,phihyd_surface,170,0.5723041733105977,0.5327583312988281,0.6189131736755371
acc,selected,phihyd_surface,180,0.5583358407020569,0.5209947228431702,0.6074218153953552
acc,selected,phihyd_surface,190,0.5471721013387044,0.5138338446617127,0.5974145889282226
acc,selected,phihyd_surface,200,0.5387857099374135,0.5040438890457153,0.591920816898346
acc,prior,phihyd_surface,0,1.0,1.0,1.0
acc,prior,phihyd_surface,10,0.9976354956626892,0.9973227739334106,0.9981500625610351
acc,prior,phihyd_surface,20,0.9916198134422303,0.9899059534072876,0.993475365638733
acc,prior,phihyd_surface,30,0.9788703680038452,0.9726675629615784,0.9843868017196655
acc,prior,phihyd_surface,40,0.9527767459551494,0.9342064023017883,0.9652591347694397
acc,prior,phihyd_surface,50,0.9044010122617085,0.8656325459480285,0.929598069190979
acc,prior,phihyd_surface,60,0.826513671875,0.7659948229789734,0.8657341003417969
acc,prior,phihyd_surface,70,0.7218432784080505,0.6428766965866088,0.7713683843612671
acc,prior,phihyd_surface,80,0.6010306497414907,0.5105210721492768,0.6552477002143859
acc,prior,phihyd_surface,90,0.47981491684913635,0.3900329232215881,0.5300289154052734
acc,prior,phihyd_surface,100,0.37155115803082783,0.29539951086044314,0.41422832012176514
acc,prior,phihyd_surface,110,0.282104962070783,0.22151127755641936,0.3210678040981293
acc,prior,phihyd_surface,120,0.21247776250044506,0.1670596718788147,0.24234998524188994
acc,prior,phihyd_surface,130,0.15763091991345088,0.12647227048873902,0.17802613377571105
acc,prior,phihyd_surface,140,0.11305916160345078,0.10007545202970505,0.1314477503299713
acc,prior,phihyd_surface,150,0.08068207154671352,0.06734978556632995,0.0885312408208847
acc,prior,phihyd_surface,160,0.05644329761465391,0.04483107849955559,0.06821736842393875
acc,prior,phihyd_surface,170,0.03745899386703968,0.02906148470938206,0.04690044820308685
acc,prior,phihyd_surface,180,0.02353443348159393,0.014360155537724495,0.032196966558694834
acc,prior,phihyd_surface,190,0.011824943400764216,0.0013326429878361525,0.021163552254438396
acc,prior,phihyd_surface,200,0.003326413267253277,-0.0046593365259468555,0.013128267042338848
acc,selected,sst,0,1.0,1.0,1.0
acc,selected,sst,10,0.942691159248352,0.9338855385780335,0.9508331298828125
acc,selected,sst,20,0.885997994740804,0.8643688440322876,0.9053763151168823
acc,selected,sst,30,0.8325637896855672,0.7910722851753235,0.8720203399658203
acc,selected,sst,40,0.767126723130544,0.7039320707321167,0.8165951490402221
acc,selected,sst,50,0.709162974357605,0.6158991694450379,0.7783552289009095
acc,selected,sst,60,0.6550110181172689,0.5356086373329163,0.7372086405754089
acc,selected,sst,70,0.6003793915112813,0.46197418570518495,0.6902666926383972
acc,selected,sst,80,0.5463363548119863,0.4126093924045563,0.6378725886344909
acc,selected,sst,90,0.49287686347961424,0.3656239867210388,0.5857634305953979
acc,selected,sst,100,0.44781689445177714,0.33478900194168093,0.5432751417160034
acc,selected,sst,110,0.4081247309843699,0.30664411187171936,0.4981065034866333
acc,selected,sst,120,0.37186500628789265,0.28652206659317014,0.4468257427215576
acc,selected,sst,130,0.3406385580698649,0.26346358060836794,0.4087937593460083
acc,selected,sst,140,0.31708882947762806,0.24833715856075286,0.37664740681648257
acc,selected,sst,150,0.29880701104799906,0.23745580911636352,0.3493942081928253
acc,selected,sst,160,0.28140231569608054,0.2244504064321518,0.3246914386749268
acc,selected,sst,170,0.26330346465110777,0.19959738254547119,0.2991049289703369
acc,selected,sst,180,0.24983188211917878,0.20050169229507447,0.29015169143676756
acc,selected,sst,190,0.23498770892620086,0.19631025195121765,0.26880749464035036
acc,selected,sst,200,0.2255648563305537,0.18617698848247527,0.26223905086517335
acc,prior,sst,0,1.0,1.0,1.0
acc,prior,sst,10,0.9599370797475179,0.9466445922851563,0.9679758548736572
acc,prior,sst,20,0.8945281585057576,0.857421052455902,0.9199724912643432
acc,prior,sst,30,0.8074055115381876,0.7354424715042114,0.8495879769325256
acc,prior,sst,40,0.7030866265296936,0.5932259440422059,0.7642396688461304
acc,prior,sst,50,0.5968573411305745,0.46909801959991454,0.6643274903297425
acc,prior,sst,60,0.49246931870778404,0.37300198078155516,0.5584379076957703
acc,prior,sst,70,0.40188530683517454,0.29177541732788087,0.4678443908691406
acc,prior,sst,80,0.3234431912501653,0.2338535338640213,0.3737383782863617
acc,prior,sst,90,0.24048419098059337,0.1643320620059967,0.30014500617980955
acc,prior,sst,100,0.17627644191185635,0.12403349876403809,0.2360237032175064
acc,prior,sst,110,0.12127452542384466,0.06255555003881455,0.1565141648054123
acc,prior,sst,120,0.08490140931680798,0.0328356770798564,0.11001990139484405
acc,prior,sst,130,0.08451934431989988,0.04744355157017708,0.11861434876918792
acc,prior,sst,140,0.0854538306593895,0.04740192294120789,0.1333206534385681
acc,prior,sst,150,0.08432852278153101,0.03689503222703934,0.12043318152427673
acc,prior,sst,160,0.07082322829713424,0.01933313254266978,0.10674502700567245
acc,prior,sst,170,0.042924556384483975,-0.022462159395217896,0.10294714272022246
acc,prior,sst,180,0.011964041056732337,-0.049583218246698375,0.06032236367464065
acc,prior,sst,190,-0.019847072970393734,-0.0791889190673828,0.02327565178275108
acc,prior,sst,200,-0.03649974774258832,-0.0773028388619423,0.0012726966291666001
