metric,model_or_method,field,lead_days,mean,p10,p90
rmse,model,surface_speed,0,0.0,0.0,0.0
rmse,model,surface_speed,10,0.0013433057504395644,0.0012699705082923173,0.00144827994517982
rmse,model,surface_speed,20,0.0019431293631593386,0.0017934405943378807,0.0021404187195003034
rmse,model,surface_speed,30,0.0023288069292902946,0.0021523851435631515,0.0025962031912058594
rmse,model,surface_speed,40,0.002637202649687727,0.0024505953304469587,0.0028251133393496276
rmse,model,surface_speed,50,0.0028861035437633595,0.002720250654965639,0.0030096732079982758
rmse,model,surface_speed,60,0.003098421078175306,0.0029365441761910914,0.003260499518364668
rmse,model,surface_speed,70,0.0033644281017283597,0.003188666980713606,0.0036925117019563913
rmse,model,surface_speed,80,0.0036589941009879112,0.0034485832322388886,0.004000650253146887
rmse,model,surface_speed,90,0.003917189734056592,0.0037140533328056335,0.0041876805014908315
rmse,model,surface_speed,100,0.0041854585210482275,0.003982168715447187,0.004439663141965866
rmse,model,surface_speed,110,0.004481990511218707,0.004288222175091505,0.004730920307338238
rmse,model,surface_speed,120,0.004816486934820811,0.004646202456206084,0.005076332204043865
rmse,model,surface_speed,130,0.005167356692254543,0.004954864364117384,0.005459305085241795
rmse,model,surface_speed,140,0.005501652602106333,0.005278243869543076,0.005756224878132344
rmse,model,surface_speed,150,0.005822163882354895,0.005578080378472805,0.006129285413771867
rmse,model,surface_speed,160,0.006136838626116514,0.005792872421443463,0.006479656416922807
rmse,model,surface_speed,170,0.006409784499555826,0.005993724148720503,0.0067870915867388245
rmse,model,surface_speed,180,0.006633427025129398,0.00623625386506319,0.007016210071742535
rmse,model,surface_speed,190,0.00682303486391902,0.006421535648405552,0.007156848534941673
rmse,model,surface_speed,200,0.0070070821791887285,0.006576141715049744,0.0073495772667229176
rmse,model,surface_speed,210,0.007200966589152813,0.006664567720144987,0.0076765683479607105
rmse,model,surface_speed,220,0.007405408502866824,0.006763600744307041,0.008063119277358055
rmse,model,surface_speed,230,0.007595785148441792,0.006939353514462709,0.008440737426280976
rmse,model,surface_speed,240,0.007775894397248824,0.007090863026678562,0.008683080971240997
rmse,model,surface_speed,250,0.00798769819860657,0.0072433240711688995,0.008935562334954739
rmse,model,surface_speed,260,0.008195134562750657,0.007381920702755451,0.0092891838401556
rmse,model,surface_speed,270,0.008395402909566958,0.007484780624508858,0.009612886235117912
rmse,model,surface_speed,280,0.008571660332381725,0.007657164055854082,0.00985519140958786
rmse,model,surface_speed,290,0.008717939537018538,0.007833634130656719,0.009995120018720627
rmse,model,surface_speed,300,0.008877522808810075,0.008014298230409621,0.01014509629458189
rmse,model,surface_speed,310,0.009046743003030619,0.0081945288926363,0.010279968567192554
rmse,model,surface_speed,320,0.009211244309941928,0.008412092179059982,0.010370690189301968
rmse,model,surface_speed,330,0.009353205375373364,0.008651277422904969,0.010391381941735745
rmse,model,surface_speed,340,0.009470610817273458,0.008759393356740475,0.010358786582946778
rmse,model,surface_speed,350,0.009599392861127853,0.008877981267869473,0.01035653855651617
rmse,model,surface_speed,360,0.009726832620799541,0.009002139233052731,0.010404962487518788
rmse,model,surface_speed,370,0.009823431819677353,0.009096394293010235,0.010487059690058231
rmse,model,surface_speed,380,0.009904225046435991,0.009174303151667118,0.01054107304662466
rmse,model,surface_speed,390,0.009973880151907604,0.009270254708826541,0.010517113469541072
rmse,model,surface_speed,400,0.010026742642124494,0.009397247061133384,0.010521590337157249
rmse,model,surface_speed,410,0.010054438437024752,0.00951815489679575,0.01054826658219099
rmse,model,surface_speed,420,0.010065829008817672,0.009617265872657299,0.010439297556877137
rmse,model,surface_speed,430,0.010078285758694013,0.009716604091227054,0.010316063091158867
rmse,model,surface_speed,440,0.010100671524802844,0.009843863174319267,0.010354997590184212
rmse,model,surface_speed,450,0.01012267917394638,0.009949808940291405,0.010313246212899686
rmse,model,surface_speed,460,0.010117323882877827,0.00993754118680954,0.01034629698842764
rmse,model,surface_speed,470,0.010105475472907225,0.009881566092371941,0.010405386239290238
rmse,model,surface_speed,480,0.010112963244318962,0.009858968295156955,0.010412539541721343
rmse,model,surface_speed,490,0.010142372734844685,0.009816910326480865,0.010470416396856308
rmse,model,surface_speed,500,0.010189337842166423,0.009761240519583225,0.01056269258260727
rmse,model,surface_speed,510,0.01019100584089756,0.009735871851444245,0.010597063601016999
rmse,model,surface_speed,520,0.01016741469502449,0.009763050824403763,0.01059922892600298
rmse,model,surface_speed,530,0.010181404277682304,0.009832094982266426,0.010730060189962387
rmse,model,surface_speed,540,0.010232349298894406,0.009900622814893723,0.010803874954581261
rmse,model,surface_speed,550,0.010284001256028812,0.009945197589695453,0.010836237668991089
rmse,model,surface_speed,560,0.010297624518473943,0.009910999052226543,0.010817022994160652
rmse,model,surface_speed,570,0.010304852885504564,0.009894447773694992,0.010749941132962704
rmse,model,surface_speed,580,0.010343797070284684,0.009829817898571491,0.01080540232360363
rmse,model,surface_speed,590,0.010369070929785569,0.009817736409604549,0.010769755952060223
rmse,model,surface_speed,600,0.0103788864488403,0.00986496228724718,0.010708663612604141
rmse,model,surface_speed,610,0.010387911337117355,0.009850554540753365,0.010736319795250892
rmse,model,surface_speed,620,0.010398072314759095,0.00980213973671198,0.01072234958410263
rmse,model,surface_speed,630,0.01041817149768273,0.009835538268089295,0.01077920664101839
rmse,model,surface_speed,640,0.010432903282344341,0.009917454048991203,0.01082827728241682
rmse,model,surface_speed,650,0.0104436161617438,0.010008260235190391,0.010822396352887153
rmse,model,surface_speed,660,0.010459391586482524,0.010058392770588398,0.010853956267237664
rmse,model,surface_speed,670,0.010491512715816498,0.010127866454422475,0.01089578103274107
rmse,model,surface_speed,680,0.01053406149148941,0.010218098014593124,0.010894089192152023
rmse,model,surface_speed,690,0.01054297002653281,0.010273834876716136,0.01085366141051054
rmse,model,surface_speed,700,0.010548639918367068,0.010320884175598621,0.010857743397355079
rmse,model,surface_speed,710,0.010572170590360959,0.010335464216768741,0.010904507525265218
rmse,model,surface_speed,720,0.010626861453056335,0.010309221781790256,0.010969324596226215
rmse,model,surface_speed,730,0.010677832923829556,0.010391135513782502,0.01097411047667265
rmse,model,surface_speed,740,0.010681171591083208,0.010382620990276337,0.010962141491472722
rmse,model,surface_speed,750,0.010689616265396277,0.010411423444747925,0.010926183685660363
rmse,model,surface_speed,760,0.010752649729450543,0.010466768033802509,0.010953594371676445
rmse,model,surface_speed,770,0.01085632002602021,0.01057216227054596,0.011152227036654949
rmse,model,surface_speed,780,0.01093220387895902,0.010656055063009262,0.011365246400237084
rmse,model,surface_speed,790,0.010964911617338657,0.010655146650969982,0.011464188620448113
rmse,model,surface_speed,800,0.011000478702286879,0.01069720834493637,0.011605410277843476
rmse,model,surface_speed,810,0.011065563559532166,0.010704193450510501,0.011710692755877971
rmse,model,surface_speed,820,0.011136584480603536,0.010712972097098827,0.01186028979718685
rmse,model,surface_speed,830,0.01118772638340791,0.010651039890944958,0.011990035511553287
rmse,model,surface_speed,840,0.01119748850663503,0.010477126948535443,0.012011845782399177
rmse,model,surface_speed,850,0.011208620294928551,0.010404654964804649,0.011969788186252116
rmse,model,surface_speed,860,0.011253317507604757,0.010460232011973858,0.011985234171152114
rmse,model,surface_speed,870,0.01130814291536808,0.010492414049804211,0.0120543846860528
rmse,model,surface_speed,880,0.011346692902346451,0.01045758556574583,0.012150018848478794
rmse,model,surface_speed,890,0.011364148929715157,0.010473682545125484,0.012187707424163818
rmse,model,surface_speed,900,0.011400214085976282,0.010544815473258496,0.01215514875948429
rmse,model,surface_speed,910,0.011440404566625755,0.010657272487878799,0.0121924402192235
rmse,model,surface_speed,920,0.011442167436083157,0.01062447652220726,0.012240971252322198
rmse,model,surface_speed,930,0.011430778043965499,0.010627230629324913,0.012262341752648353
rmse,model,surface_speed,940,0.011425345328946908,0.010579490661621093,0.012262548878788948
rmse,model,surface_speed,950,0.011425198055803776,0.010582676529884339,0.012264515645802021
rmse,model,surface_speed,960,0.011409958638250828,0.010575694777071477,0.012242370657622815
rmse,model,surface_speed,970,0.01136641042927901,0.010618242435157299,0.01212561372667551
rmse,model,surface_speed,980,0.011331534509857496,0.01057682540267706,0.011988520808517932
rmse,model,surface_speed,990,0.011334641464054584,0.010553175956010819,0.011995457299053668
rmse,model,surface_speed,1000,0.01136399588237206,0.01060025617480278,0.01203583125025034
rmse,model,surface_speed,1010,0.011374843555192153,0.010665064305067062,0.012133828923106193
rmse,model,surface_speed,1020,0.01134044174104929,0.01070777401328087,0.012093042768537999
rmse,model,surface_speed,1030,0.011302747949957847,0.010723973996937275,0.01203574575483799
rmse,model,surface_speed,1040,0.011310685922702153,0.01068528201431036,0.011939267814159393
rmse,model,surface_speed,1050,0.011330979379514853,0.010715155489742756,0.011868639849126339
rmse,model,surface_speed,1060,0.011307468886176746,0.010747657343745231,0.011822639964520931
rmse,model,surface_speed,1070,0.01124419334034125,0.010703094489872455,0.01179015003144741
rmse,model,surface_speed,1080,0.011222403620680173,0.010637415200471878,0.01188082005828619
rmse,model,surface_speed,1090,0.011254984575013319,0.010667998157441617,0.011963877454400062
rmse,model,surface_speed,1100,0.01128474815438191,0.010718625970184803,0.012031621299684048
rmse,model,surface_speed,1110,0.011281908924380938,0.010719602555036544,0.012053846567869186
rmse,model,surface_speed,1120,0.01127045980344216,0.010662334598600864,0.012040445394814015
rmse,model,surface_speed,1130,0.011298337889214357,0.01063204910606146,0.01211057398468256
rmse,model,surface_speed,1140,0.011339592623213927,0.010706414096057415,0.012324768118560314
rmse,model,surface_speed,1150,0.011357720506687959,0.010797504521906375,0.012487916275858879
rmse,model,surface_speed,1160,0.011362674521903197,0.010782310739159584,0.012593894638121128
rmse,model,surface_speed,1170,0.011358509336908658,0.010782222636044026,0.01268580388277769
rmse,model,surface_speed,1180,0.011366610911985238,0.010697360523045063,0.012742935679852962
rmse,model,surface_speed,1190,0.011380849468211333,0.010668660700321197,0.012725092098116874
rmse,model,surface_speed,1200,0.011382893472909928,0.010697602666914463,0.012647145800292492
rmse,model,surface_speed,1210,0.01139300713936488,0.01072357315570116,0.01257885228842497
rmse,model,surface_speed,1220,0.011426860404511293,0.010791393369436264,0.012570466101169585
rmse,model,surface_speed,1230,0.011480388479928176,0.01088141519576311,0.012586360797286034
rmse,model,surface_speed,1240,0.01152502279728651,0.010892314836382866,0.0125052897259593
rmse,model,surface_speed,1250,0.011526736555000146,0.010984792560338973,0.012381509505212307
rmse,model,surface_speed,1260,0.011514174876113732,0.011097788996994495,0.012277874536812306
rmse,model,surface_speed,1270,0.011545555976529917,0.011083833500742912,0.012250621058046817
rmse,model,surface_speed,1280,0.011585985124111176,0.011122220009565354,0.012233611010015012
rmse,model,surface_speed,1290,0.011585199522475402,0.011113009974360466,0.012141027301549912
rmse,model,surface_speed,1300,0.011563094643255075,0.011100305058062077,0.012050850503146648
rmse,model,surface_speed,1310,0.011580122200151284,0.011238384991884232,0.01199923139065504
rmse,model,surface_speed,1320,0.011640643949309986,0.01133295614272356,0.011986750550568104
rmse,model,surface_speed,1330,0.011691798269748688,0.011313510313630103,0.012280294857919215
rmse,model,surface_speed,1340,0.01171548372755448,0.011241263151168824,0.012519543059170246
rmse,model,surface_speed,1350,0.01174378376454115,0.01126946248114109,0.012605217285454273
rmse,model,surface_speed,1360,0.011799210372070471,0.011343170888721943,0.012660569325089455
rmse,model,surface_speed,1370,0.01186289731413126,0.011320233158767224,0.012727485038340092
rmse,model,surface_speed,1380,0.011896384507417678,0.011285354383289814,0.012799061089754104
rmse,model,surface_speed,1390,0.011900557577610016,0.011227849312126637,0.012813794054090976
rmse,model,surface_speed,1400,0.011905953971048195,0.011188169196248054,0.012777814455330373
rmse,model,surface_speed,1410,0.011940258368849755,0.01116457749158144,0.012761484272778035
rmse,model,surface_speed,1420,0.011982530479629834,0.011160943470895291,0.012785966321825982
rmse,model,surface_speed,1430,0.01200531590729952,0.011207580007612706,0.012821374088525772
rmse,model,surface_speed,1440,0.012018356658518314,0.011222508549690247,0.012817759811878205
rmse,model,surface_speed,1450,0.012031406722962856,0.011272463575005531,0.012800223380327224
rmse,model,surface_speed,1460,0.012067090099056562,0.011368555761873723,0.012821211852133274
rmse,model,surface_speed,1470,0.012094685062766074,0.011364457570016384,0.01281864419579506
rmse,model,surface_speed,1480,0.012071755093832811,0.01127980910241604,0.012842131219804287
rmse,model,surface_speed,1490,0.012022191906968753,0.011281462758779526,0.012873893044888974
rmse,model,surface_speed,1500,0.012008027049402396,0.01128361988812685,0.012903185747563838
rmse,model,surface_speed,1510,0.012019231729209424,0.011255314573645592,0.012915160693228244
rmse,model,surface_speed,1520,0.011993132593731085,0.011236486583948135,0.01283748596906662
rmse,model,surface_speed,1530,0.011919110144178072,0.01121314950287342,0.01274309791624546
rmse,model,surface_speed,1540,0.011865684514244397,0.011224830336868764,0.0127560593187809
rmse,model,surface_speed,1550,0.011870502990980943,0.011224744468927383,0.012750291079282761
rmse,model,surface_speed,1560,0.011850226670503616,0.01117917038500309,0.01267560813575983
rmse,model,surface_speed,1570,0.011787748460968335,0.011168679222464561,0.012521566450595855
rmse,model,surface_speed,1580,0.011731005770464738,0.011110070534050465,0.012442037463188171
rmse,model,surface_speed,1590,0.011711607066293558,0.011153772287070752,0.01237967424094677
rmse,model,surface_speed,1600,0.011713916311661403,0.011154200509190559,0.012285078875720501
rmse,model,surface_speed,1610,0.011688185669481755,0.01117026973515749,0.012297493405640125
rmse,model,surface_speed,1620,0.011650325544178487,0.0110856581479311,0.012230034545063972
rmse,model,surface_speed,1630,0.011633223481476307,0.011026460863649844,0.012293540313839913
rmse,model,surface_speed,1640,0.011649987784524758,0.011075400374829769,0.012474147975444794
rmse,model,surface_speed,1650,0.011680826110144456,0.011105289123952389,0.012514612823724746
rmse,model,surface_speed,1660,0.011697357147932052,0.011137565225362777,0.012553417682647705
rmse,model,surface_speed,1670,0.01169962827116251,0.011081860959529876,0.0125816460698843
rmse,model,surface_speed,1680,0.011705631762742997,0.01105926837772131,0.012666943855583668
rmse,model,surface_speed,1690,0.011742360641558964,0.011067896150052547,0.012813646718859673
rmse,model,surface_speed,1700,0.011781758442521096,0.011169935949146748,0.012875733152031898
rmse,model,surface_speed,1710,0.01177551814665397,0.01113536711782217,0.012780640833079815
rmse,model,surface_speed,1720,0.011742458306252956,0.010975774563848972,0.0126804756000638
rmse,model,surface_speed,1730,0.011751146179934342,0.010916925221681594,0.012710412777960301
rmse,model,surface_speed,1740,0.011797251055637996,0.0110284473747015,0.012815928272902965
rmse,model,surface_speed,1750,0.011823799026509126,0.011160942912101745,0.012764204666018486
rmse,model,surface_speed,1760,0.011808227375149727,0.011169591546058654,0.012698659673333168
rmse,model,surface_speed,1770,0.011805397582550843,0.011212384514510631,0.012610974162817002
rmse,model,surface_speed,1780,0.011847384025653203,0.011341753043234348,0.012585854716598987
rmse,model,surface_speed,1790,0.011888883573313554,0.011474741436541081,0.012589803151786327
rmse,model,surface_speed,1800,0.011882142101724943,0.01148807555437088,0.012518210150301457
rmse,model,surface_speed,1810,0.011854861428340276,0.011445537768304348,0.012332588620483875
rmse,model,surface_speed,1820,0.011855700736244519,0.01153639331459999,0.012229042500257492
rmse,model,surface_speed,1830,0.011889552511274815,0.011576390266418457,0.012178249098360539
rmse,model,surface_speed,1840,0.011912045006950697,0.01165251675993204,0.01212228387594223
rmse,model,surface_speed,1850,0.011920442680517833,0.01154386978596449,0.012192417122423648
rmse,model,surface_speed,1860,0.01193397461126248,0.01150898654013872,0.012300317361950874
rmse,model,surface_speed,1870,0.011985535733401775,0.011568551138043403,0.012365007586777211
rmse,model,surface_speed,1880,0.012054869222144287,0.011624055728316308,0.012603677809238434
rmse,model,surface_speed,1890,0.012088207341730595,0.011567288637161255,0.012853739224374295
rmse,model,surface_speed,1900,0.012100185950597126,0.01152206864207983,0.012983197160065175
rmse,model,surface_speed,1910,0.012121956422924995,0.011571735143661499,0.012986429221928119
rmse,model,surface_speed,1920,0.01215176930030187,0.011591138690710068,0.012973091192543506
rmse,model,surface_speed,1930,0.012169716445108255,0.011647095903754234,0.012943827547132969
rmse,model,surface_speed,1940,0.012157829850912094,0.01148825827986002,0.013000696897506714
rmse,model,surface_speed,1950,0.012145866826176643,0.011412269808351994,0.012879403680562973
rmse,model,surface_speed,1960,0.012179950686792533,0.011443183198571205,0.01294645071029663
rmse,model,surface_speed,1970,0.012222863423327604,0.011447186022996903,0.013007996790111064
rmse,model,surface_speed,1980,0.012224514906605085,0.011374801583588123,0.012997615337371825
rmse,model,surface_speed,1990,0.0121921107172966,0.011271023377776145,0.01304841749370098
rmse,model,surface_speed,2000,0.012159927810231844,0.011247137933969498,0.013132195919752121
rmse,climatology,surface_speed,0,0.003630706776554386,0.0031996258534491063,0.004070417676120997
rmse,climatology,surface_speed,10,0.0036202655949940286,0.0032738336361944676,0.004170612152665854
rmse,climatology,surface_speed,20,0.003620378595466415,0.0031554982997477055,0.004226391296833753
rmse,climatology,surface_speed,30,0.00368270097921292,0.0031949733849614857,0.0041978398337960245
rmse,climatology,surface_speed,40,0.003753624390810728,0.0033098442014306783,0.004265775252133608
rmse,climatology,surface_speed,50,0.0037727844590942066,0.003319630166515708,0.004368492215871811
rmse,climatology,surface_speed,60,0.003772392822429538,0.0033101352397352456,0.004587872792035342
rmse,climatology,surface_speed,70,0.003778152136753003,0.003190402453765273,0.004921113234013319
rmse,climatology,surface_speed,80,0.0037964363271991413,0.0031305204145610334,0.005084652919322252
rmse,climatology,surface_speed,90,0.0038108044924835363,0.0032740627881139516,0.005053653568029404
rmse,climatology,surface_speed,100,0.0037680393240104118,0.0032006651163101196,0.0048768467269837855
rmse,climatology,surface_speed,110,0.003719844901934266,0.003111931961029768,0.004703772813081741
rmse,climatology,surface_speed,120,0.0037432571873068808,0.0031087760347872973,0.004742441792041063
rmse,climatology,surface_speed,130,0.0037680545045683782,0.0031307825818657877,0.0048227767460048195
rmse,climatology,surface_speed,140,0.003758273289228479,0.00321255992166698,0.0046006228774786
rmse,climatology,surface_speed,150,0.0037056240097930035,0.0031155358068645,0.004602839704602957
rmse,climatology,surface_speed,160,0.0036858129935959977,0.0031078826636075974,0.004757658764719962
rmse,climatology,surface_speed,170,0.003738355046759049,0.0032278483267873526,0.004684077110141516
rmse,climatology,surface_speed,180,0.0037351304199546576,0.003111931961029768,0.004618573468178511
rmse,climatology,surface_speed,190,0.003670606312031547,0.003120301105082035,0.004656914435327053
rmse,climatology,surface_speed,200,0.0036132460460066794,0.0031506842002272605,0.0045919928699731825
rmse,climatology,surface_speed,210,0.003636322480936845,0.0031113205943256615,0.004624609928578138
rmse,climatology,surface_speed,220,0.003706747122729818,0.003200869169086218,0.004559894185513258
rmse,climatology,surface_speed,230,0.003719776201372345,0.003077612305060029,0.00439528776332736
rmse,climatology,surface_speed,240,0.003699698516478141,0.00311062796972692,0.004327044356614351
rmse,climatology,surface_speed,250,0.003705769901474317,0.0031724962405860423,0.004461325518786907
rmse,climatology,surface_speed,260,0.003782290903230508,0.0031690893694758413,0.004744904115796089
rmse,climatology,surface_speed,270,0.003870672220364213,0.0032521667424589397,0.0049338100478053095
rmse,climatology,surface_speed,280,0.0039006228558719157,0.003295286186039448,0.005026472918689251
rmse,climatology,surface_speed,290,0.0039037553748736777,0.003394106775522232,0.004942324385046958
rmse,climatology,surface_speed,300,0.003933009039610624,0.0032902882900089025,0.004984589852392673
rmse,climatology,surface_speed,310,0.003986608345682422,0.0032997566275298597,0.0049267405644059185
rmse,climatology,surface_speed,320,0.0040319405496120455,0.003312553744763136,0.004935675300657749
rmse,climatology,surface_speed,330,0.00402748160995543,0.0033768117427825928,0.00498297642916441
rmse,climatology,surface_speed,340,0.0040077090573807555,0.003378070518374443,0.004944899678230285
rmse,climatology,surface_speed,350,0.004045677122970422,0.003452321421355009,0.005023229401558638
rmse,climatology,surface_speed,360,0.004081691553195318,0.0035048249643296002,0.004889901354908943
rmse,climatology,surface_speed,370,0.004069327376782894,0.003428864339366555,0.004957025684416294
rmse,climatology,surface_speed,380,0.004016143300880988,0.0032418450340628625,0.004898133687674999
rmse,climatology,surface_speed,390,0.003981950925663114,0.003191396128386259,0.005048445146530867
rmse,climatology,surface_speed,400,0.004010679495210449,0.0033490855246782305,0.005085318721830845
rmse,climatology,surface_speed,410,0.003988807508721948,0.0034517174120992423,0.005071625672280788
rmse,climatology,surface_speed,420,0.0038892628469814855,0.0032201520167291164,0.004958210419863463
rmse,climatology,surface_speed,430,0.0037766236811876295,0.003206303296610713,0.00487052658572793
rmse,climatology,surface_speed,440,0.003734417213127017,0.0031770039815455673,0.004760096594691276
rmse,climatology,surface_speed,450,0.0037400914976994195,0.003294661222025752,0.004559770599007606
rmse,climatology,surface_speed,460,0.003703614945213,0.003219061251729727,0.004380656965076923
rmse,climatology,surface_speed,470,0.0036221716552972795,0.0030229957308620216,0.004281400982290506
rmse,climatology,surface_speed,480,0.003560546583806475,0.00302278371527791,0.004283364769071341
rmse,climatology,surface_speed,490,0.0035835094284266235,0.0031663897912949323,0.004200021084398031
rmse,climatology,surface_speed,500,0.003627900934467713,0.0032744216732680798,0.0040278595872223375
rmse,climatology,surface_speed,510,0.0036105483925590915,0.0031813316978514194,0.00382779068313539
rmse,climatology,surface_speed,520,0.003570567350834608,0.003167253267019987,0.00372991799376905
rmse,climatology,surface_speed,530,0.0035668704037865,0.0032933649607002737,0.0037644763011485337
rmse,climatology,surface_speed,540,0.0036003468558192253,0.0032196511514484883,0.0039903663098812105
rmse,climatology,surface_speed,550,0.003628388233482838,0.0031341968569904566,0.004102593101561069
rmse,climatology,surface_speed,560,0.0036243812646716833,0.0032107210718095303,0.004229800961911678
rmse,climatology,surface_speed,570,0.00363278443304201,0.0031717268750071524,0.004277018550783395
rmse,climatology,surface_speed,580,0.0037064432632178067,0.0032444959972053765,0.004273184482008218
rmse,climatology,surface_speed,590,0.003762693190947175,0.0033001658972352742,0.004322041850537061
rmse,climatology,surface_speed,600,0.003783893771469593,0.003372592339292169,0.0044930528849363325
rmse,climatology,surface_speed,610,0.003770142685001095,0.0032038519158959387,0.004777589906007051
rmse,climatology,surface_speed,620,0.0037767601665109397,0.003205528063699603,0.004998242948204279
rmse,climatology,surface_speed,630,0.003836006003742417,0.0032501799054443837,0.005108742881566286
rmse,climatology,surface_speed,640,0.003850920870900154,0.003352955961599946,0.005046859104186297
rmse,climatology,surface_speed,650,0.003801273135468364,0.0032448613550513984,0.004819852206856012
rmse,climatology,surface_speed,660,0.00373407700099051,0.0031413544435054063,0.004745011031627655
rmse,climatology,surface_speed,670,0.0037275489109257856,0.0030174482613801955,0.0048352409154176716
rmse,climatology,surface_speed,680,0.003774533591543635,0.003148265555500984,0.0048513499088585375
rmse,climatology,surface_speed,690,0.0037810859736055135,0.0031855131965130568,0.004609916638582945
rmse,climatology,surface_speed,700,0.003736756726478537,0.003218912007287145,0.004651594441384077
rmse,climatology,surface_speed,710,0.0036794626619666817,0.003129603993147612,0.004717289842665195
rmse,climatology,surface_speed,720,0.00368011553461353,0.003142646234482527,0.0046381458640098565
rmse,climatology,surface_speed,730,0.003705308058609565,0.0031859776005148887,0.0046526044607162476
rmse,climatology,surface_speed,740,0.0036789719170580307,0.003165408130735159,0.004692368023097515
rmse,climatology,surface_speed,750,0.003639606324334939,0.0031468696426600216,0.00466234115883708
rmse,climatology,surface_speed,760,0.003645742979521553,0.00317117809318006,0.0046845926903188225
rmse,climatology,surface_speed,770,0.003691293966645996,0.0031738860532641413,0.004516498930752277
rmse,climatology,surface_speed,780,0.0037202177569270133,0.003070348408073187,0.004372555669397116
rmse,climatology,surface_speed,790,0.0037103980934868257,0.0030747517943382264,0.0043905614875257015
rmse,climatology,surface_speed,800,0.0037229266328116257,0.003145726351067424,0.004625818505883217
rmse,climatology,surface_speed,810,0.0038088141474872826,0.003202519938349724,0.004886324889957905
rmse,climatology,surface_speed,820,0.0038843990458796423,0.0032331167720258238,0.004998001456260681
rmse,climatology,surface_speed,830,0.0039096595409015816,0.0032885021064430475,0.005042425636202097
rmse,climatology,surface_speed,840,0.003903983347117901,0.003244235832244158,0.0049734323285520075
rmse,climatology,surface_speed,850,0.003934820974245667,0.003275487292557955,0.005011365655809641
rmse,climatology,surface_speed,860,0.0040249590917179985,0.0033231737557798623,0.004958629608154297
rmse,climatology,surface_speed,870,0.004077181189010541,0.003369734901934862,0.005006583407521248
rmse,climatology,surface_speed,880,0.004061025753617287,0.003424790361896157,0.004948356468230486
rmse,climatology,surface_speed,890,0.004021125690390666,0.0033115715719759463,0.0050151018425822255
rmse,climatology,surface_speed,900,0.004033438938980301,0.003318068105727434,0.004994481336325407
rmse,climatology,surface_speed,910,0.004080866711835066,0.003416788764297962,0.004908294230699539
rmse,climatology,surface_speed,920,0.0040861422196030615,0.003438400197774172,0.004995929170399904
rmse,climatology,surface_speed,930,0.0040349072311073545,0.0032995516434311868,0.004958320036530494
rmse,climatology,surface_speed,940,0.003958141182859739,0.0032118141651153566,0.005085060652345419
rmse,climatology,surface_speed,950,0.003938968355456988,0.0032174311578273772,0.005093888659030199
rmse,climatology,surface_speed,960,0.003944261108214656,0.0033212673850357534,0.00504448376595974
rmse,climatology,surface_speed,970,0.00388424516034623,0.003262692969292402,0.004963920079171657
rmse,climatology,surface_speed,980,0.0037849328325440484,0.0030621692072600125,0.004897644743323326
rmse,climatology,surface_speed,990,0.003716117376461625,0.0031078025233000515,0.004753024689853191
rmse,climatology,surface_speed,1000,0.003700482891872525,0.0032596407923847436,0.004513659793883562
rmse,climatology,surface_speed,1010,0.003686611509571473,0.0032811513170599937,0.004279144667088985
rmse,climatology,surface_speed,1020,0.003621416042248408,0.0031797018367797137,0.004263787623494863
rmse,climatology,surface_speed,1030,0.0035689541914810737,0.003083273256197572,0.004166650678962469
rmse,climatology,surface_speed,1040,0.0036013547020653882,0.0031336119398474695,0.0041050025261938575
rmse,climatology,surface_speed,1050,0.0036343321825067203,0.0032857558224350216,0.003979711141437292
rmse,climatology,surface_speed,1060,0.003617667577539881,0.0032561385072767735,0.0038444132078438997
rmse,climatology,surface_speed,1070,0.0035725940329333146,0.003260946413502097,0.0037867271341383455
rmse,climatology,surface_speed,1080,0.003571045802285274,0.0032356234267354013,0.0038836127147078513
rmse,climatology,surface_speed,1090,0.003644370830928286,0.0032897232100367545,0.004094718396663665
rmse,climatology,surface_speed,1100,0.003686920584489902,0.0032154703978449104,0.004271500371396541
rmse,climatology,surface_speed,1110,0.003687119530513883,0.003267487371340394,0.0043834283016622065
rmse,climatology,surface_speed,1120,0.003677355498075485,0.003198516136035323,0.004347214475274086
rmse,climatology,surface_speed,1130,0.0037127995242675145,0.003271438553929329,0.0042703885585069655
rmse,climatology,surface_speed,1140,0.003789520791421334,0.0033182960934937,0.004526700545102358
rmse,climatology,surface_speed,1150,0.003832518557707469,0.0033549368381500244,0.004736351035535336
rmse,climatology,surface_speed,1160,0.00382779937547942,0.0033241350203752516,0.004896348249167204
rmse,climatology,surface_speed,1170,0.0037854807761808235,0.003159051528200507,0.004932249430567026
rmse,climatology,surface_speed,1180,0.003783182861904303,0.003063782351091504,0.004990517254918813
rmse,climatology,surface_speed,1190,0.0038176896826674542,0.003249636944383383,0.004974387399852276
rmse,climatology,surface_speed,1200,0.0038064722592631977,0.0032689189072698356,0.004795464314520359
rmse,climatology,surface_speed,1210,0.0037659876824667057,0.003176515735685825,0.004739946406334639
rmse,climatology,surface_speed,1220,0.003740885310495893,0.003104466199874878,0.004700972139835358
rmse,climatology,surface_speed,1230,0.0037539851386100055,0.00306265470571816,0.004682783223688603
rmse,climatology,surface_speed,1240,0.003771659933651487,0.0031788304913789034,0.004698711354285479
rmse,climatology,surface_speed,1250,0.00373434384043018,0.003148384066298604,0.00470785703510046
rmse,climatology,surface_speed,1260,0.0036809323355555534,0.0031642073299735785,0.004675530735403299
rmse,climatology,surface_speed,1270,0.003691410459578037,0.0031980315688997507,0.004562740586698055
rmse,climatology,surface_speed,1280,0.0037010509986430407,0.0031239593867212535,0.004579615313559771
rmse,climatology,surface_speed,1290,0.0036830902099609375,0.003123339172452688,0.004672625847160816
rmse,climatology,surface_speed,1300,0.0036498213652521373,0.0030992875341325997,0.004677621554583311
rmse,climatology,surface_speed,1310,0.003660975427677234,0.0031788304913789034,0.004576680529862642
rmse,climatology,surface_speed,1320,0.0037431776678810516,0.003225790895521641,0.004455967806279659
rmse,climatology,surface_speed,1330,0.00377744745152692,0.003205946832895279,0.0044502392411231995
rmse,climatology,surface_speed,1340,0.0037747023006280264,0.0031803150195628405,0.004631946049630642
rmse,climatology,surface_speed,1350,0.0037792488001286983,0.003163268696516752,0.004807779565453529
rmse,climatology,surface_speed,1360,0.003837042860686779,0.0032956604845821857,0.004833600390702486
rmse,climatology,surface_speed,1370,0.003924977329249183,0.0033125358168035746,0.0049208542332053185
rmse,climatology,surface_speed,1380,0.0039599371453126276,0.003357663797214627,0.005018218886107206
rmse,climatology,surface_speed,1390,0.003960924812903007,0.0033697098027914763,0.005011200439184904
rmse,climatology,surface_speed,1400,0.003951268689706922,0.0033447385765612127,0.004938518069684506
rmse,climatology,surface_speed,1410,0.003997814996788899,0.003387977322563529,0.004854755941778421
rmse,climatology,surface_speed,1420,0.004072589209924141,0.003435629652813077,0.004937901347875595
rmse,climatology,surface_speed,1430,0.004084874798233311,0.003415358252823353,0.004949570074677468
rmse,climatology,surface_speed,1440,0.00405407166108489,0.003431120328605175,0.0049474965780973434
rmse,climatology,surface_speed,1450,0.004036402624721328,0.0033065324183553456,0.004905428364872932
rmse,climatology,surface_speed,1460,0.0040549200338621935,0.003377118660137057,0.0048644616268575195
rmse,climatology,surface_speed,1470,0.004074022981027762,0.0034387009683996437,0.004936584644019604
rmse,climatology,surface_speed,1480,0.004025611700490117,0.0033532862085849046,0.004922663047909737
rmse,climatology,surface_speed,1490,0.003946416468049089,0.003275808831676841,0.005079932417720557
rmse,climatology,surface_speed,1500,0.0039278289613624414,0.003329699859023094,0.005068887211382389
rmse,climatology,surface_speed,1510,0.003914193607245883,0.0033769248984754086,0.004962275829166174
rmse,climatology,surface_speed,1520,0.0038527173766245443,0.0032854746095836163,0.004796566255390644
rmse,climatology,surface_speed,1530,0.003754003361488382,0.0032014614902436734,0.004695923905819655
rmse,climatology,surface_speed,1540,0.0036873414802054564,0.003155635530129075,0.004619649611413479
rmse,climatology,surface_speed,1550,0.0037161330692470074,0.0032837103120982648,0.004463326465338468
rmse,climatology,surface_speed,1560,0.0037084986766179402,0.0032677277456969024,0.004344073031097651
rmse,climatology,surface_speed,1570,0.003649681278814872,0.0031557318288832903,0.004309890791773796
rmse,climatology,surface_speed,1580,0.003593535767868161,0.0031826104037463664,0.004089817125350237
rmse,climatology,surface_speed,1590,0.0036004856539269287,0.0033056223299354317,0.003965203557163477
rmse,climatology,surface_speed,1600,0.003653601293141643,0.0033904701005667446,0.003898555692285299
rmse,climatology,surface_speed,1610,0.0036551737536986667,0.003259553154930472,0.003918201103806496
rmse,climatology,surface_speed,1620,0.0036212704454859097,0.0033102847170084714,0.003929715137928724
rmse,climatology,surface_speed,1630,0.003585428325459361,0.003259153198450804,0.003906774986535311
rmse,climatology,surface_speed,1640,0.003620589431375265,0.0032752581872045996,0.0041446232236921786
rmse,climatology,surface_speed,1650,0.003706474043428898,0.003283307980746031,0.004415237251669168
rmse,climatology,surface_speed,1660,0.0037450948264449837,0.0033473087940365078,0.004426969401538372
rmse,climatology,surface_speed,1670,0.00374054741114378,0.0032624287996441126,0.0043321106582880015
rmse,climatology,surface_speed,1680,0.003755344512561957,0.0033351289574056866,0.0043005173094570635
rmse,climatology,surface_speed,1690,0.003805508464574814,0.003282160637900233,0.004761385079473257
rmse,climatology,surface_speed,1700,0.0038545907630274695,0.003365198755636811,0.005070746876299381
rmse,climatology,surface_speed,1710,0.0038378766893098753,0.0033418120816349982,0.005047801788896322
rmse,climatology,surface_speed,1720,0.0037876948869476714,0.003236580919474363,0.004929960146546363
rmse,climatology,surface_speed,1730,0.0037993884179741144,0.0031981755048036574,0.004878679662942886
rmse,climatology,surface_speed,1740,0.003817949490621686,0.0032441911287605764,0.0048691151663661
rmse,climatology,surface_speed,1750,0.003809653657178084,0.003270879574120045,0.004790180921554565
rmse,climatology,surface_speed,1760,0.003758953403060635,0.003207826474681497,0.004758859612047672
rmse,climatology,surface_speed,1770,0.003731469204649329,0.0031076627783477306,0.004590184148401022
rmse,climatology,surface_speed,1780,0.0037912399197618167,0.0032253967598080634,0.004765532352030277
rmse,climatology,surface_speed,1790,0.0038129907101392747,0.0032405885867774487,0.004810403287410736
rmse,climatology,surface_speed,1800,0.0037651064340025187,0.003221778105944395,0.004723164159804582
rmse,climatology,surface_speed,1810,0.0036874261529495317,0.003185170004144311,0.004615038074553012
rmse,climatology,surface_speed,1820,0.003660436331604918,0.0032471347600221633,0.004528809618204832
rmse,climatology,surface_speed,1830,0.0037092035946746666,0.003207826474681497,0.004581212345510721
rmse,climatology,surface_speed,1840,0.003727159711221854,0.0031851875595748425,0.00472384225577116
rmse,climatology,surface_speed,1850,0.0037117463691780967,0.0031815240625292064,0.004591189790517092
rmse,climatology,surface_speed,1860,0.0036848826489100854,0.0032100714277476074,0.00441963504999876
rmse,climatology,surface_speed,1870,0.003712163927654425,0.0032275521196424963,0.004376336373388767
rmse,climatology,surface_speed,1880,0.003796627310415109,0.0031978372018784283,0.004513070173561573
rmse,climatology,surface_speed,1890,0.003845448310797413,0.003236673166975379,0.004916728474199772
rmse,climatology,surface_speed,1900,0.0038596314067641893,0.003290662821382284,0.004985547345131636
rmse,climatology,surface_speed,1910,0.0038878447220971188,0.0033952015452086925,0.004927783459424973
rmse,climatology,surface_speed,1920,0.003937938918049137,0.003303354838863015,0.004971344582736492
rmse,climatology,surface_speed,1930,0.0039897822930167115,0.003356063039973378,0.0050964863039553165
rmse,climatology,surface_speed,1940,0.003997722904508312,0.0033920613583177327,0.005054353922605515
rmse,climatology,surface_speed,1950,0.003988019796088338,0.0033127816393971445,0.005010170117020607
rmse,climatology,surface_speed,1960,0.004041224252432585,0.0034078657627105713,0.004970845952630043
rmse,climatology,surface_speed,1970,0.004092551519473394,0.0034416818991303442,0.005079677235335112
rmse,climatology,surface_speed,1980,0.004094446729868651,0.0034554652869701386,0.005014335736632347
rmse,climatology,surface_speed,1990,0.004051699241002401,0.0033414988312870262,0.004973221570253372
rmse,climatology,surface_speed,2000,0.004022492949540417,0.003253454575315118,0.005022160708904266
rmse,persistence,surface_speed,0,0.0,0.0,0.0
rmse,persistence,surface_speed,10,0.0011799812666140497,0.000996548542752862,0.0012972681084647774
rmse,persistence,surface_speed,20,0.0019878099284445245,0.0016753867734223605,0.0022459135390818117
rmse,persistence,surface_speed,30,0.0025343654832492273,0.0021846357733011244,0.0027306783478707073
rmse,persistence,surface_speed,40,0.003122699726372957,0.0026273691561073064,0.0034820683300495147
rmse,persistence,surface_speed,50,0.003764842279876272,0.0032212621066719294,0.0044727296568453315
rmse,persistence,surface_speed,60,0.004255198764925202,0.003651703940704465,0.005229976121336221
rmse,persistence,surface_speed,70,0.00452555015993615,0.003729269653558731,0.005586992856115102
rmse,persistence,surface_speed,80,0.004758321214467287,0.0037937555462121964,0.00602774228900671
rmse,persistence,surface_speed,90,0.0050188697874546054,0.004187965206801892,0.0063614856451749795
rmse,persistence,surface_speed,100,0.005148160178214312,0.004279308021068573,0.006452677305787802
rmse,persistence,surface_speed,110,0.00518671995960176,0.004343409091234207,0.006429990194737911
rmse,persistence,surface_speed,120,0.005324733971307675,0.00434828158468008,0.006557165645062923
rmse,persistence,surface_speed,130,0.0054956378725667795,0.004525969456881285,0.0067202230915427204
rmse,persistence,surface_speed,140,0.005554702070852121,0.004531257040798664,0.006841608695685863
rmse,persistence,surface_speed,150,0.005528637021780014,0.004537752829492092,0.00694996165111661
rmse,persistence,surface_speed,160,0.005562193381289641,0.004614852927625179,0.007069842796772719
rmse,persistence,surface_speed,170,0.00558872598533829,0.004555675946176052,0.007055264990776777
rmse,persistence,surface_speed,180,0.005418511293828488,0.004369503166526556,0.006875514518469572
rmse,persistence,surface_speed,190,0.005167622026056052,0.004289783071726561,0.006623352505266666
rmse,persistence,surface_speed,200,0.005038814681271712,0.00408260403200984,0.006440332811325789
rmse,persistence,surface_speed,210,0.004978157098715504,0.003957096580415964,0.006510074250400066
rmse,persistence,surface_speed,220,0.004864688667779168,0.0037577491719275715,0.006455206032842397
rmse,persistence,surface_speed,230,0.004841862805187702,0.0036538067273795606,0.006376770697534084
rmse,persistence,surface_speed,240,0.005071855041508874,0.0038286513183265923,0.006593146175146103
rmse,persistence,surface_speed,250,0.005374075161914031,0.0041563927195966245,0.006929729785770178
rmse,persistence,surface_speed,260,0.005617348880817493,0.004383332841098308,0.007097794115543366
rmse,persistence,surface_speed,270,0.005891757862021525,0.004753240291029215,0.007303743064403534
rmse,persistence,surface_speed,280,0.00619944812109073,0.00507320947945118,0.007604467216879129
rmse,persistence,surface_speed,290,0.006418664784481128,0.005258353892713785,0.007802261784672737
rmse,persistence,surface_speed,300,0.006511831159392993,0.005443407502025366,0.007804162800312042
rmse,persistence,surface_speed,310,0.006593740917742253,0.005583682749420405,0.007834311760962009
rmse,persistence,surface_speed,320,0.00668743954350551,0.005440866947174073,0.007866878062486649
rmse,persistence,surface_speed,330,0.0066782630048692225,0.0055089244619011875,0.00797888096421957
rmse,persistence,surface_speed,340,0.00658692792057991,0.005284167919307947,0.00779205709695816
rmse,persistence,surface_speed,350,0.006564451723049084,0.005275730695575476,0.00783480629324913
rmse,persistence,surface_speed,360,0.006562163929144541,0.005242119822651148,0.00775665994733572
rmse,persistence,surface_speed,370,0.006447976734489202,0.0051503930240869526,0.007571219466626644
rmse,persistence,surface_speed,380,0.006255232201268276,0.004950229544192553,0.0073453251272439955
rmse,persistence,surface_speed,390,0.006101863551884889,0.004657099302858114,0.007227077055722475
rmse,persistence,surface_speed,400,0.00592845439290007,0.004449528735131025,0.006949114054441452
rmse,persistence,surface_speed,410,0.005553772207349539,0.004154847096651792,0.006534620467573404
rmse,persistence,surface_speed,420,0.0050487795223792395,0.0036828069016337393,0.006161630805581808
rmse,persistence,surface_speed,430,0.0046130189982553325,0.0030981844291090967,0.005749695654958487
rmse,persistence,surface_speed,440,0.0042127079175164305,0.002700140047818422,0.005315529927611351
rmse,persistence,surface_speed,450,0.003678252190972368,0.002157061966136098,0.004781197570264339
rmse,persistence,surface_speed,460,0.003196958514551322,0.0016145326662808657,0.004308858886361122
rmse,persistence,surface_speed,470,0.003110497359496852,0.001866846368648112,0.0040716779418289665
rmse,persistence,surface_speed,480,0.003144305370127161,0.0022262424230575562,0.003887156117707491
rmse,persistence,surface_speed,490,0.0031219049822539093,0.002385263703763485,0.0037629287224262955
rmse,persistence,surface_speed,500,0.003245664232720931,0.002812740998342633,0.003674963070079684
rmse,persistence,surface_speed,510,0.0035143190684417884,0.003279247088357806,0.00386514775454998
rmse,persistence,surface_speed,520,0.00368559950341781,0.003311919094994664,0.004038057662546635
rmse,persistence,surface_speed,530,0.0036856044239054124,0.003341167885810137,0.003949864208698273
rmse,persistence,surface_speed,540,0.0037354047565410537,0.00353690586052835,0.00398159921169281
rmse,persistence,surface_speed,550,0.003886543524761995,0.0036958066280931233,0.004125737026333809
rmse,persistence,surface_speed,560,0.003943867733081182,0.0035999515559524296,0.004181729443371296
rmse,persistence,surface_speed,570,0.003944758636256059,0.0036779300309717653,0.00417319368571043
rmse,persistence,surface_speed,580,0.004110533014560739,0.003841295139864087,0.00423643346875906
rmse,persistence,surface_speed,590,0.00433442834764719,0.003881736658513546,0.004840586613863706
rmse,persistence,surface_speed,600,0.004449018525580565,0.004065010417252779,0.005264100432395935
rmse,persistence,surface_speed,610,0.004478834941983223,0.003902605641633272,0.005658718571066856
rmse,persistence,surface_speed,620,0.004574483664085468,0.0038534808438271282,0.005980650708079338
rmse,persistence,surface_speed,630,0.004654117984076341,0.0039162876084446905,0.006157627608627081
rmse,persistence,surface_speed,640,0.004500196470568578,0.0036315983161330223,0.005926697421818971
rmse,persistence,surface_speed,650,0.0042196551337838175,0.0030898941215127705,0.005726283881813288
rmse,persistence,surface_speed,660,0.0040697080238411825,0.002774931490421295,0.005602189060300588
rmse,persistence,surface_speed,670,0.004014939411232868,0.002727224165573716,0.005538124218583107
rmse,persistence,surface_speed,680,0.003882758381466071,0.0024431848898530005,0.005454810801893473
rmse,persistence,surface_speed,690,0.0038580844334016244,0.00241870554164052,0.005560947861522436
rmse,persistence,surface_speed,700,0.00415407915910085,0.0028109656646847724,0.006014091521501541
rmse,persistence,surface_speed,710,0.004509818026175102,0.0033404679968953134,0.006306206528097391
rmse,persistence,surface_speed,720,0.004769874519358079,0.0037102526053786277,0.006513691134750843
rmse,persistence,surface_speed,730,0.005078215586642424,0.004073077905923128,0.00662670535966754
rmse,persistence,surface_speed,740,0.005449574720114469,0.004572603572160006,0.006744422577321529
rmse,persistence,surface_speed,750,0.005738229242463907,0.004827084485441446,0.006979658454656601
rmse,persistence,surface_speed,760,0.005897944637884696,0.005057315528392792,0.0072569712996482846
rmse,persistence,surface_speed,770,0.006062674305091302,0.00530364727601409,0.007446274440735578
rmse,persistence,surface_speed,780,0.006246862001717091,0.005215327255427837,0.007498772814869881
rmse,persistence,surface_speed,790,0.006341405771672725,0.005314353294670582,0.007680508866906166
rmse,persistence,surface_speed,800,0.006378047571827968,0.005332297179847956,0.00773873869329691
rmse,persistence,surface_speed,810,0.00648438623175025,0.00541556729003787,0.007778177969157696
rmse,persistence,surface_speed,820,0.006601679418236017,0.005378978420048952,0.007919397391378879
rmse,persistence,surface_speed,830,0.006611949608971675,0.005482282489538193,0.00800029318779707
rmse,persistence,surface_speed,840,0.006548477057367563,0.005320442281663418,0.007933496497571468
rmse,persistence,surface_speed,850,0.006527371114740769,0.005363617558032274,0.007929664105176926
rmse,persistence,surface_speed,860,0.00648708309357365,0.0052756484597921375,0.00785184595733881
rmse,persistence,surface_speed,870,0.006277337887634834,0.004918140079826117,0.007631192356348038
rmse,persistence,surface_speed,880,0.005968985054641962,0.0046199184842407705,0.0074233728460967536
rmse,persistence,surface_speed,890,0.005731880416472753,0.004235017579048872,0.007219161000102758
rmse,persistence,surface_speed,900,0.0055305814680953825,0.0039994679391384125,0.007046611048281193
rmse,persistence,surface_speed,910,0.005241855978965759,0.003534857835620642,0.006747045274823904
rmse,persistence,surface_speed,920,0.005005515770365795,0.003169566206634045,0.006513478700071573
rmse,persistence,surface_speed,930,0.0050103664863854645,0.003223690250888467,0.006432531680911779
rmse,persistence,surface_speed,940,0.0050727568566799166,0.003377892961725593,0.006391169037669897
rmse,persistence,surface_speed,950,0.005071693984791637,0.0035179975908249616,0.00634857676923275
rmse,persistence,surface_speed,960,0.005130130688970288,0.00374543103389442,0.006277038529515266
rmse,persistence,surface_speed,970,0.00525854779407382,0.004107872676104307,0.006330273859202862
rmse,persistence,surface_speed,980,0.0052978389741232,0.004280478041619062,0.006405400671064853
rmse,persistence,surface_speed,990,0.005183400710423788,0.004169074166566133,0.0061406073160469535
rmse,persistence,surface_speed,1000,0.005080143082886934,0.004192486871033907,0.00593672227114439
rmse,persistence,surface_speed,1010,0.0050257230177521706,0.004277717135846615,0.00568840466439724
rmse,persistence,surface_speed,1020,0.004845008983587225,0.004249185137450695,0.005462529417127371
rmse,persistence,surface_speed,1030,0.004567109498505791,0.003941856417804956,0.005082615371793509
rmse,persistence,surface_speed,1040,0.004419499961659312,0.004050607234239579,0.0048156135715544226
rmse,persistence,surface_speed,1050,0.004347994333753983,0.004062690492719412,0.004708143509924411
rmse,persistence,surface_speed,1060,0.004163047531619668,0.00400180984288454,0.004365465790033341
rmse,persistence,surface_speed,1070,0.0038865703623741864,0.0036591357085853813,0.004108426347374916
rmse,persistence,surface_speed,1080,0.0037174180926134188,0.0035255033522844314,0.0038707148283720016
rmse,persistence,surface_speed,1090,0.00359767721965909,0.0033283468801528215,0.0038194926921278237
rmse,persistence,surface_speed,1100,0.0032401140003154674,0.0029523612000048162,0.003472578898072243
rmse,persistence,surface_speed,1110,0.002756039487818877,0.0025009316857904198,0.002941593341529369
rmse,persistence,surface_speed,1120,0.0024772138567641377,0.0019588987343013287,0.00288523412309587
rmse,persistence,surface_speed,1130,0.002362441977796455,0.0017970902845263481,0.0030616158153861763
rmse,persistence,surface_speed,1140,0.002162875692980985,0.0013879352016374468,0.003324266988784075
rmse,persistence,surface_speed,1150,0.002133960315647225,0.0009117852081544698,0.003945891372859478
rmse,persistence,surface_speed,1160,0.0027133711458494267,0.0014899049652740358,0.004530051071196794
rmse,persistence,surface_speed,1170,0.0033071016970401008,0.0022440813947468994,0.004952897317707539
rmse,persistence,surface_speed,1180,0.0036995124071836473,0.0025497793685644865,0.005164293106645345
rmse,persistence,surface_speed,1190,0.004117605354016026,0.0029391019139438867,0.005538462754338979
rmse,persistence,surface_speed,1200,0.004605898664643367,0.0035951532423496245,0.005932245589792728
rmse,persistence,surface_speed,1210,0.004981809357802073,0.004094413761049509,0.0061515746638178825
rmse,persistence,surface_speed,1220,0.005173145125930508,0.004276735614985228,0.006306194793432951
rmse,persistence,surface_speed,1230,0.005353725018600623,0.004280462581664324,0.006480438075959683
rmse,persistence,surface_speed,1240,0.00557270444308718,0.004592366795986891,0.006849521119147539
rmse,persistence,surface_speed,1250,0.005683138780295849,0.0047042910940945145,0.007168412581086158
rmse,persistence,surface_speed,1260,0.00569738515963157,0.004705098364502192,0.007198975142091513
rmse,persistence,surface_speed,1270,0.0057913573458790776,0.004854455124586821,0.007182557974010705
rmse,persistence,surface_speed,1280,0.005921592221905788,0.004882294405251742,0.007128450088202953
rmse,persistence,surface_speed,1290,0.00596316959708929,0.0049601211212575436,0.007137442380189896
rmse,persistence,surface_speed,1300,0.005942730450381835,0.00501181734725833,0.007167697604745627
rmse,persistence,surface_speed,1310,0.0059822141813735165,0.005122519284486771,0.0072697632946074
rmse,persistence,surface_speed,1320,0.006023877300322056,0.005063089355826378,0.007347871363162994
rmse,persistence,surface_speed,1330,0.005893246115495761,0.004729476198554039,0.007257877010852098
rmse,persistence,surface_speed,1340,0.005696929960201184,0.0045064202509820465,0.007088746689260006
rmse,persistence,surface_speed,1350,0.005598177667707205,0.004367364477366209,0.006987039558589458
rmse,persistence,surface_speed,1360,0.0055379380472004415,0.004268838092684746,0.0069554527290165424
rmse,persistence,surface_speed,1370,0.005402154040833314,0.004015111736953259,0.006962502095848322
rmse,persistence,surface_speed,1380,0.005311115179210901,0.003940174914896488,0.006912462133914232
rmse,persistence,surface_speed,1390,0.005442900753890475,0.004090587142854929,0.007077327184379101
rmse,persistence,surface_speed,1400,0.005634360667318106,0.004197156988084316,0.007203789800405503
rmse,persistence,surface_speed,1410,0.005762711601952712,0.0042718671262264255,0.0072834152728319165
rmse,persistence,surface_speed,1420,0.005931120303769907,0.00450146859511733,0.0073623051866889
rmse,persistence,surface_speed,1430,0.006147963056961695,0.004831525683403015,0.007485622633248567
rmse,persistence,surface_speed,1440,0.006287058753271898,0.004985849838703871,0.007471519149839878
rmse,persistence,surface_speed,1450,0.006286840109775464,0.0048739869147539135,0.007485844381153584
rmse,persistence,surface_speed,1460,0.00627800626680255,0.00498784352093935,0.007542548049241304
rmse,persistence,surface_speed,1470,0.006300550792366267,0.004938746616244316,0.007446571812033653
rmse,persistence,surface_speed,1480,0.006216126525153716,0.004993012174963951,0.007168649137020111
rmse,persistence,surface_speed,1490,0.006028251815587282,0.004741582088172436,0.007039266079664231
rmse,persistence,surface_speed,1500,0.0059118291984001795,0.004640216566622257,0.006891086418181658
rmse,persistence,surface_speed,1510,0.005835353552053372,0.004620775580406189,0.006710146553814411
rmse,persistence,surface_speed,1520,0.005640363569060961,0.0046146691776812075,0.006492093950510025
rmse,persistence,surface_speed,1530,0.005342056058968107,0.004313957784324885,0.006247408408671618
rmse,persistence,surface_speed,1540,0.005090653616935015,0.003976076561957598,0.0058869728818535805
rmse,persistence,surface_speed,1550,0.004857898581152161,0.003832277748733759,0.00552148325368762
rmse,persistence,surface_speed,1560,0.004388391459360719,0.0034922841005027294,0.004941892717033625
rmse,persistence,surface_speed,1570,0.003727114868039886,0.002923911577090621,0.004349031113088131
rmse,persistence,surface_speed,1580,0.0031395144294947388,0.0025146222673356534,0.0037768874783068894
rmse,persistence,surface_speed,1590,0.00263595941166083,0.0020306198857724667,0.003154899645596743
rmse,persistence,surface_speed,1600,0.0019399017095565797,0.0014649184653535486,0.002495217090472579
rmse,persistence,surface_speed,1610,0.001146668657505264,0.0006522420095279813,0.001694487757049501
rmse,persistence,surface_speed,1620,0.0013149093526105087,0.001033472130075097,0.001546125509776175
rmse,persistence,surface_speed,1630,0.0018078746817385158,0.001483424217440188,0.002057984657585621
rmse,persistence,surface_speed,1640,0.0021607173373922707,0.0018521249061450363,0.0023544451221823694
rmse,persistence,surface_speed,1650,0.0026666040377070505,0.002489388920366764,0.002810211339965463
rmse,persistence,surface_speed,1660,0.0032971933018416167,0.0029734721872955562,0.003441421827301383
rmse,persistence,surface_speed,1670,0.0037830591046561796,0.003371651703491807,0.004018435347825288
rmse,persistence,surface_speed,1680,0.00405539491524299,0.003644692990928888,0.004400744196027517
rmse,persistence,surface_speed,1690,0.004312955200051268,0.0036855645477771757,0.005288353376090527
rmse,persistence,surface_speed,1700,0.0046304325883587205,0.004046440683305263,0.0059065561741590495
rmse,persistence,surface_speed,1710,0.004820153241356214,0.004138545226305723,0.006109850760549307
rmse,persistence,surface_speed,1720,0.004872767906636,0.004162461496889591,0.006049612909555435
rmse,persistence,surface_speed,1730,0.005001883053531249,0.004149993695318699,0.006163700390607118
rmse,persistence,surface_speed,1740,0.005186257418245077,0.004283909220248461,0.006383108627051114
rmse,persistence,surface_speed,1750,0.005276710571100314,0.004431905131787062,0.006442548520863056
rmse,persistence,surface_speed,1760,0.005265072888384263,0.0043482352048158646,0.006449406407773495
rmse,persistence,surface_speed,1770,0.005307890723148982,0.004321574233472347,0.006400990672409535
rmse,persistence,surface_speed,1780,0.005374424625188112,0.004448670893907547,0.006675148103386164
rmse,persistence,surface_speed,1790,0.005241884229083856,0.004139045998454094,0.006749006919562817
rmse,persistence,surface_speed,1800,0.0049871175549924375,0.00395725853741169,0.006648239307105541
rmse,persistence,surface_speed,1810,0.004828129739811023,0.0038854367565363647,0.006479241326451301
rmse,persistence,surface_speed,1820,0.004753845712790887,0.003650944121181965,0.006295500230044126
rmse,persistence,surface_speed,1830,0.004629906360059976,0.003490129439160228,0.006141006946563721
rmse,persistence,surface_speed,1840,0.004574478060627977,0.0034693854860961435,0.006182298436760902
rmse,persistence,surface_speed,1850,0.004792242962867022,0.0036785268690437078,0.006396268587559461
rmse,persistence,surface_speed,1860,0.005101789735878507,0.003981657698750496,0.006579567026346922
rmse,persistence,surface_speed,1870,0.005338591833909352,0.004209244716912508,0.006765999924391508
rmse,persistence,surface_speed,1880,0.005627221614122391,0.0045200993306934835,0.007065873965620994
rmse,persistence,surface_speed,1890,0.005979452872027954,0.004894188418984413,0.007421021908521652
rmse,persistence,surface_speed,1900,0.00625355876982212,0.00517429132014513,0.0077384734526276585
rmse,persistence,surface_speed,1910,0.006381067385276159,0.005334803089499474,0.007797046005725861
rmse,persistence,surface_speed,1920,0.0064764089571932955,0.0055499949492514135,0.0077538639307022095
rmse,persistence,surface_speed,1930,0.006599040298412243,0.0054998908191919325,0.007976078800857067
rmse,persistence,surface_speed,1940,0.006634711939841509,0.0053984283469617365,0.008036754466593266
rmse,persistence,surface_speed,1950,0.006573012843728065,0.00531347393989563,0.007938322611153126
rmse,persistence,surface_speed,1960,0.006568896304816008,0.005288728047162294,0.007884991355240345
rmse,persistence,surface_speed,1970,0.006599138118326664,0.005299438629299403,0.007770000025629997
rmse,persistence,surface_speed,1980,0.006529660119364659,0.005219150800257921,0.007776873372495175
rmse,persistence,surface_speed,1990,0.006364058951536814,0.005082664731889963,0.007593950629234314
rmse,persistence,surface_speed,2000,0.006228802880893151,0.00486413836479187,0.007497074082493782
rmse,model,phihyd_surface,0,0.0,0.0,0.0
rmse,model,phihyd_surface,10,0.017432931748529275,0.01537878755480051,0.020146342739462853
rmse,model,phihyd_surface,20,0.02174969625969728,0.01918530836701393,0.025254204124212264
rmse,model,phihyd_surface,30,0.023635791863004366,0.02069791257381439,0.027506249397993086
rmse,model,phihyd_surface,40,0.02480292059481144,0.021502674743533134,0.02885986939072609
rmse,model,phihyd_surface,50,0.025788969670732815,0.02235064022243023,0.029666175693273546
rmse,model,phihyd_surface,60,0.02684009000658989,0.02324436269700527,0.03066001124680042
rmse,model,phihyd_surface,70,0.028087463478247324,0.02456149719655514,0.032059071213006975
rmse,model,phihyd_surface,80,0.029564388344685236,0.026061135157942773,0.03366993144154549
rmse,model,phihyd_surface,90,0.03113409491876761,0.02756231091916561,0.035362104326486586
rmse,model,phihyd_surface,100,0.032869644338885944,0.02911351025104523,0.03727572187781334
rmse,model,phihyd_surface,110,0.034760551527142525,0.030939540639519692,0.03952474221587181
rmse,model,phihyd_surface,120,0.036695352445046105,0.03300338536500931,0.04184405133128166
rmse,model,phihyd_surface,130,0.03869684711098671,0.035017623007297514,0.04408888667821884
rmse,model,phihyd_surface,140,0.04068476632237435,0.03675760477781296,0.04614291936159134
rmse,model,phihyd_surface,150,0.04260722845792771,0.03861725181341171,0.04804057702422142
rmse,model,phihyd_surface,160,0.0445287582774957,0.04063001349568367,0.050007115304470065
rmse,model,phihyd_surface,170,0.04646378954251607,0.04260139912366867,0.0520248219370842
rmse,model,phihyd_surface,180,0.048311224083105724,0.0443569540977478,0.05382084175944328
rmse,model,phihyd_surface,190,0.05002372662226359,0.046022871136665346,0.05547942072153091
rmse,model,phihyd_surface,200,0.05162665198246638,0.04768623933196068,0.05713288336992264
rmse,model,phihyd_surface,210,0.0532237725953261,0.049381814897060394,0.058878561854362486
rmse,model,phihyd_surface,220,0.05476629411180814,0.05102974101901055,0.06052781566977501
rmse,model,phihyd_surface,230,0.05614676351348559,0.05253090858459473,0.06176309362053871
rmse,model,phihyd_surface,240,0.05739432026942571,0.053967685997486116,0.06289325058460235
rmse,model,phihyd_surface,250,0.05859370628992717,0.05537947416305542,0.06411478370428085
rmse,model,phihyd_surface,260,0.05978426014383634,0.05667041391134262,0.06534689366817474
rmse,model,phihyd_surface,270,0.06089188282688459,0.05786960572004318,0.06638777107000352
rmse,model,phihyd_surface,280,0.061907364428043364,0.059134649485349654,0.06710298806428909
rmse,model,phihyd_surface,290,0.06289253880580266,0.06037124320864677,0.06789986491203308
rmse,model,phihyd_surface,300,0.06390637308359146,0.0614110566675663,0.06890081614255905
rmse,model,phihyd_surface,310,0.06491162727276484,0.06242888569831848,0.06982086449861527
rmse,model,phihyd_surface,320,0.06583740512530009,0.0634988397359848,0.07052754014730453
rmse,model,phihyd_surface,330,0.06674877852201462,0.06447868198156356,0.071279476583004
rmse,model,phihyd_surface,340,0.06764468476176262,0.0652895838022232,0.07212271243333816
rmse,model,phihyd_surface,350,0.06852756564815839,0.06594720333814622,0.0728649228811264
rmse,model,phihyd_surface,360,0.06938332170248032,0.06659022271633148,0.07354737967252731
rmse,model,phihyd_surface,370,0.07014843871196111,0.06738329529762269,0.07406307160854339
rmse,model,phihyd_surface,380,0.07085482279459636,0.06821808069944382,0.0745666965842247
rmse,model,phihyd_surface,390,0.07155621300141017,0.06881189793348312,0.07510792911052704
rmse,model,phihyd_surface,400,0.07223109106222789,0.0694323405623436,0.0756290689110756
rmse,model,phihyd_surface,410,0.07284219314654668,0.07019365429878235,0.07606356292963028
rmse,model,phihyd_surface,420,0.07338778376579284,0.07090661078691482,0.076474429666996
rmse,model,phihyd_surface,430,0.07389182547728221,0.07167663127183914,0.07684203386306762
rmse,model,phihyd_surface,440,0.07442700862884521,0.0723601222038269,0.07729502618312836
rmse,model,phihyd_surface,450,0.07492512365182241,0.07294344753026963,0.07761299312114715
rmse,model,phihyd_surface,460,0.0753237838546435,0.07346208542585372,0.07781985104084015
rmse,model,phihyd_surface,470,0.07565712332725524,0.0738956481218338,0.07803634852170944
rmse,model,phihyd_surface,480,0.0760069986184438,0.07429094463586808,0.07835904806852341
rmse,model,phihyd_surface,490,0.07641053696473439,0.0747566670179367,0.07877547442913055
rmse,model,phihyd_surface,500,0.07677329977353414,0.07515053451061249,0.07916406095027924
rmse,model,phihyd_surface,510,0.07705074846744538,0.07546139061450959,0.07937640100717544
rmse,model,phihyd_surface,520,0.07729118913412095,0.07570429891347885,0.07966962307691575
rmse,model,phihyd_surface,530,0.07756873418887457,0.07584068924188614,0.08011387586593628
rmse,model,phihyd_surface,540,0.07785376012325287,0.07599057853221894,0.0804961934685707
rmse,model,phihyd_surface,550,0.07809381236632665,0.0761472150683403,0.08061685264110566
rmse,model,phihyd_surface,560,0.07829594810803732,0.07630289047956466,0.08060077875852585
rmse,model,phihyd_surface,570,0.07849513640006384,0.07635871022939682,0.08078373819589615
rmse,model,phihyd_surface,580,0.0787363201379776,0.0764228105545044,0.08114854246377945
rmse,model,phihyd_surface,590,0.07897021720806757,0.076541568338871,0.08137882351875306
rmse,model,phihyd_surface,600,0.07914642343918482,0.07650047391653061,0.08134921938180924
rmse,model,phihyd_surface,610,0.07934685548146565,0.07658423632383346,0.08168798834085464
rmse,model,phihyd_surface,620,0.07962750097115835,0.07689400762319565,0.08197199404239655
rmse,model,phihyd_surface,630,0.07990246117115021,0.07723847180604934,0.08234206885099411
rmse,model,phihyd_surface,640,0.0801364282766978,0.07745154052972794,0.08264756053686143
rmse,model,phihyd_surface,650,0.08037130137284597,0.0776098221540451,0.08296380341053008
rmse,model,phihyd_surface,660,0.08063392092784245,0.07791437953710556,0.0831738367676735
rmse,model,phihyd_surface,670,0.08094733208417892,0.07836603373289108,0.08348643332719803
rmse,model,phihyd_surface,680,0.08121473143498102,0.07877120077610016,0.08376583009958267
rmse,model,phihyd_surface,690,0.08136604924996695,0.07910234481096268,0.08385063111782073
rmse,model,phihyd_surface,700,0.08146034081776937,0.07926939278841019,0.08396375328302383
rmse,model,phihyd_surface,710,0.08163283417622248,0.07951533645391465,0.08417502045631409
rmse,model,phihyd_surface,720,0.08194961100816726,0.07982254624366761,0.08452392816543579
rmse,model,phihyd_surface,730,0.08229942470788956,0.08009996563196183,0.08466551303863526
rmse,model,phihyd_surface,740,0.0825806975364685,0.08044643551111222,0.08480062037706375
rmse,model,phihyd_surface,750,0.08280906826257706,0.08091826438903808,0.08514528572559357
rmse,model,phihyd_surface,760,0.08305702805519104,0.0812911868095398,0.08562341779470443
rmse,model,phihyd_surface,770,0.0833497221271197,0.08164939135313035,0.085955411195755
rmse,model,phihyd_surface,780,0.08363410830497742,0.08177370578050613,0.08611011207103729
rmse,model,phihyd_surface,790,0.0838671882947286,0.08192246109247207,0.08630753755569458
rmse,model,phihyd_surface,800,0.08410014162460963,0.0823595643043518,0.08666802495718003
rmse,model,phihyd_surface,810,0.08439525117476782,0.0828209638595581,0.08715476989746093
rmse,model,phihyd_surface,820,0.08467704355716706,0.08312189280986786,0.08745634108781815
rmse,model,phihyd_surface,830,0.0848691408832868,0.08328583538532257,0.08745601922273635
rmse,model,phihyd_surface,840,0.08506826311349869,0.08357039839029312,0.0874858781695366
rmse,model,phihyd_surface,850,0.08536126365264257,0.08400544673204421,0.08775390833616256
rmse,model,phihyd_surface,860,0.08567802508672079,0.08442981839179993,0.08791794329881668
rmse,model,phihyd_surface,870,0.08591738392909368,0.08463034629821778,0.08782598823308944
rmse,model,phihyd_surface,880,0.08609892179568608,0.08475812971591949,0.08782862722873688
rmse,model,phihyd_surface,890,0.08627427965402604,0.08504831641912461,0.08811923265457153
rmse,model,phihyd_surface,900,0.08649954299132029,0.08544799238443375,0.08840683698654175
rmse,model,phihyd_surface,910,0.08673003365596135,0.08543842881917954,0.08881199806928634
rmse,model,phihyd_surface,920,0.08688595940669377,0.08513433486223221,0.08895875215530395
rmse,model,phihyd_surface,930,0.08695167154073716,0.08486428409814835,0.08914711773395538
rmse,model,phihyd_surface,940,0.08704806913932164,0.08473030328750611,0.08956810981035232
rmse,model,phihyd_surface,950,0.0872913474837939,0.08467010110616684,0.08979929238557816
rmse,model,phihyd_surface,960,0.08757121662298838,0.084688600897789,0.09001272469758988
rmse,model,phihyd_surface,970,0.08777751326560974,0.08496873825788498,0.09007705450057983
rmse,model,phihyd_surface,980,0.0879218320051829,0.08553144186735154,0.09012735337018966
rmse,model,phihyd_surface,990,0.08808462818463643,0.08608548492193221,0.09020471274852752
rmse,model,phihyd_surface,1000,0.0883163943886757,0.08636686205863953,0.09050563424825668
rmse,model,phihyd_surface,1010,0.08853762845198314,0.08638820201158523,0.09081913083791733
rmse,model,phihyd_surface,1020,0.08864892969528834,0.08640115857124328,0.09087498933076858
rmse,model,phihyd_surface,1030,0.08871650844812393,0.08662140816450119,0.0909874364733696
rmse,model,phihyd_surface,1040,0.08885983427365621,0.086956487596035,0.09129319936037064
rmse,model,phihyd_surface,1050,0.08902178257703781,0.08713237792253495,0.09154048413038254
rmse,model,phihyd_surface,1060,0.08912987361351649,0.08710125535726547,0.09164552688598633
rmse,model,phihyd_surface,1070,0.08923601309458415,0.08714867681264878,0.09155482351779938
rmse,model,phihyd_surface,1080,0.0894261732697487,0.08744618147611619,0.09155540317296981
rmse,model,phihyd_surface,1090,0.08966863006353379,0.08783198595046997,0.09171072840690613
rmse,model,phihyd_surface,1100,0.08984425316254298,0.0880840077996254,0.09166566133499146
rmse,model,phihyd_surface,1110,0.08994135707616806,0.0881873607635498,0.09152758717536927
rmse,model,phihyd_surface,1120,0.09001115014155706,0.08834374397993087,0.09153998643159866
rmse,model,phihyd_surface,1130,0.09013934880495071,0.08867838382720947,0.09166424572467805
rmse,model,phihyd_surface,1140,0.09031902104616166,0.08895514160394669,0.09175411015748977
rmse,model,phihyd_surface,1150,0.0904596025745074,0.08892305046319962,0.09189983010292054
rmse,model,phihyd_surface,1160,0.09049200763305028,0.08879757821559905,0.09214329570531846
rmse,model,phihyd_surface,1170,0.0905377671122551,0.0888815239071846,0.09248170107603074
rmse,model,phihyd_surface,1180,0.09074472536643347,0.08917213678359985,0.0928158700466156
rmse,model,phihyd_surface,1190,0.09099239309628805,0.08948150873184205,0.09288741797208785
rmse,model,phihyd_surface,1200,0.09116624742746353,0.0897458702325821,0.09272439628839493
rmse,model,phihyd_surface,1210,0.09128464311361313,0.09006239771842957,0.09274256974458694
rmse,model,phihyd_surface,1220,0.09141705880562465,0.09039669632911682,0.09300681799650193
rmse,model,phihyd_surface,1230,0.09161217908064524,0.09046770185232163,0.09332876950502396
rmse,model,phihyd_surface,1240,0.09178925404946009,0.09052028208971023,0.09372548758983612
rmse,model,phihyd_surface,1250,0.09186468422412872,0.09059865921735763,0.09389355033636093
rmse,model,phihyd_surface,1260,0.09194161792596181,0.09068670272827148,0.09402863681316376
rmse,model,phihyd_surface,1270,0.09214783608913421,0.09097049683332444,0.09445289224386215
rmse,model,phihyd_surface,1280,0.09240913689136505,0.09126953631639481,0.09483058005571365
rmse,model,phihyd_surface,1290,0.09260548452536264,0.0912978395819664,0.09487330317497253
rmse,model,phihyd_surface,1300,0.09272481203079223,0.09119192957878113,0.09496321380138398
rmse,model,phihyd_surface,1310,0.09287344763676325,0.09128821790218353,0.09532412737607956
rmse,model,phihyd_surface,1320,0.09308325002590816,0.09169832915067673,0.09565739333629608
rmse,model,phihyd_surface,1330,0.09323915938536326,0.09213962107896805,0.09559019953012467
rmse,model,phihyd_surface,1340,0.0933274711171786,0.09227584600448609,0.09537899643182754
rmse,model,phihyd_surface,1350,0.0933829108874003,0.09229347854852676,0.09532835930585862
rmse,model,phihyd_surface,1360,0.09348186304171881,0.0925507590174675,0.09546117782592774
rmse,model,phihyd_surface,1370,0.09363732834657033,0.09290053099393844,0.09553503096103669
rmse,model,phihyd_surface,1380,0.09375883042812347,0.09295343309640884,0.0954863265156746
rmse,model,phihyd_surface,1390,0.09378899286190669,0.09287558048963547,0.09543378800153732
rmse,model,phihyd_surface,1400,0.09383945514758428,0.09287601262331009,0.09550450891256332
rmse,model,phihyd_surface,1410,0.09400063355763753,0.09284674525260925,0.09576390534639359
rmse,model,phihyd_surface,1420,0.09416537980238597,0.09297066032886506,0.09600346833467484
rmse,model,phihyd_surface,1430,0.09427464256683986,0.09305159151554107,0.096327742934227
rmse,model,phihyd_surface,1440,0.09434231221675873,0.09314047694206237,0.09651027768850326
rmse,model,phihyd_surface,1450,0.094440362850825,0.09308964312076569,0.09674572795629502
rmse,model,phihyd_surface,1460,0.0946202168862025,0.09320891797542571,0.09716741740703583
rmse,model,phihyd_surface,1470,0.0947672888636589,0.0932884767651558,0.0974405363202095
rmse,model,phihyd_surface,1480,0.09480086068312327,0.09333982914686204,0.097364903986454
rmse,model,phihyd_surface,1490,0.09483565141757329,0.0933444231748581,0.09729233980178834
rmse,model,phihyd_surface,1500,0.0949797789255778,0.09334729611873627,0.09747314304113389
rmse,model,phihyd_surface,1510,0.095205257833004,0.09360744208097457,0.09773048609495164
rmse,model,phihyd_surface,1520,0.09539749771356583,0.09411435723304748,0.09775668233633042
rmse,model,phihyd_surface,1530,0.09550437480211257,0.09424903690814972,0.0975784569978714
rmse,model,phihyd_surface,1540,0.0956488698720932,0.0942502737045288,0.09773753732442855
rmse,model,phihyd_surface,1550,0.09586658477783203,0.0944302186369896,0.09794321358203888
rmse,model,phihyd_surface,1560,0.09601836899916331,0.09475369453430176,0.09779840111732482
rmse,model,phihyd_surface,1570,0.09610773722330729,0.09501978456974029,0.09757088720798493
rmse,model,phihyd_surface,1580,0.0961786260207494,0.09513168334960938,0.09768581092357635
rmse,model,phihyd_surface,1590,0.09629500607649485,0.09520348459482193,0.0979637160897255
rmse,model,phihyd_surface,1600,0.09646358042955398,0.09540741443634033,0.09802743941545486
rmse,model,phihyd_surface,1610,0.0965818077325821,0.09572449028491974,0.09808735847473145
rmse,model,phihyd_surface,1620,0.09659500469764074,0.09589537084102631,0.09811794459819793
rmse,model,phihyd_surface,1630,0.09661838908990224,0.09588811695575714,0.09822031855583191
rmse,model,phihyd_surface,1640,0.09674841463565827,0.09594656229019165,0.09816849380731582
rmse,model,phihyd_surface,1650,0.09691287527481715,0.09615896344184875,0.09813870936632156
rmse,model,phihyd_surface,1660,0.09703586449225744,0.09632652997970581,0.09839191734790802
rmse,model,phihyd_surface,1670,0.09708843429883321,0.09601354748010635,0.0985940232872963
rmse,model,phihyd_surface,1680,0.09714795053005218,0.09590023308992386,0.0985333576798439
rmse,model,phihyd_surface,1690,0.09730739146471024,0.09622951298952102,0.09859555661678314
rmse,model,phihyd_surface,1700,0.09749353875716528,0.0964883029460907,0.09890639632940293
rmse,model,phihyd_surface,1710,0.09761832505464554,0.0965329423546791,0.09939573109149932
rmse,model,phihyd_surface,1720,0.09774987250566483,0.09650008082389831,0.09974689334630966
rmse,model,phihyd_surface,1730,0.09798053900400798,0.09678184241056442,0.09980791360139847
rmse,model,phihyd_surface,1740,0.09827651083469391,0.09705955982208252,0.09993144422769547
rmse,model,phihyd_surface,1750,0.09849793414274852,0.09723354876041412,0.10027553290128707
rmse,model,phihyd_surface,1760,0.09860375473896663,0.09726504683494568,0.10059168189764023
rmse,model,phihyd_surface,1770,0.09874062240123749,0.09720400869846343,0.10070181339979171
rmse,model,phihyd_surface,1780,0.09894897391398748,0.0972241848707199,0.10080162584781646
rmse,model,phihyd_surface,1790,0.09911654144525528,0.09738879054784774,0.10099857300519943
rmse,model,phihyd_surface,1800,0.09924978365500768,0.09716873615980148,0.10132345259189605
rmse,model,phihyd_surface,1810,0.0993870089451472,0.09703774154186248,0.10144556760787964
rmse,model,phihyd_surface,1820,0.09960575501124064,0.09740040004253388,0.10147822350263595
rmse,model,phihyd_surface,1830,0.09988470872243245,0.09792138785123825,0.10171133577823639
rmse,model,phihyd_surface,1840,0.10006843060255051,0.09821449220180511,0.1020929455757141
rmse,model,phihyd_surface,1850,0.10010113418102265,0.0982759416103363,0.10238351374864578
rmse,model,phihyd_surface,1860,0.1000946044921875,0.09832756668329239,0.10243343561887741
rmse,model,phihyd_surface,1870,0.10018176684776942,0.09847471714019776,0.10232177823781967
rmse,model,phihyd_surface,1880,0.10035749971866607,0.09848952740430832,0.10238140821456909
rmse,model,phihyd_surface,1890,0.10051278173923492,0.09841107279062271,0.10259164571762085
rmse,model,phihyd_surface,1900,0.10056303789218267,0.09848850816488267,0.10259135961532592
rmse,model,phihyd_surface,1910,0.1005737081170082,0.0987468421459198,0.1023333102464676
rmse,model,phihyd_surface,1920,0.10066236158212026,0.0990064412355423,0.10236784666776658
rmse,model,phihyd_surface,1930,0.10080933074156444,0.0990513801574707,0.10259927064180374
rmse,model,phihyd_surface,1940,0.10093394766251246,0.09898974746465683,0.10297182947397232
rmse,model,phihyd_surface,1950,0.10103932321071625,0.09909032136201859,0.10308207422494889
rmse,model,phihyd_surface,1960,0.10117346644401551,0.09930838644504547,0.10320781916379929
rmse,model,phihyd_surface,1970,0.10132976124684016,0.0993296429514885,0.10329252928495407
rmse,model,phihyd_surface,1980,0.10142040451367697,0.09936977177858353,0.10335887372493743
rmse,model,phihyd_surface,1990,0.10143648684024811,0.09946052432060241,0.10320016890764236
rmse,model,phihyd_surface,2000,0.10150848428408304,0.09967451989650726,0.10316397547721863
rmse,climatology,phihyd_surface,0,0.06571917707721392,0.06367113143205642,0.06911138594150543
rmse,climatology,phihyd_surface,10,0.06573992917935054,0.06373214721679688,0.06893106251955032
rmse,climatology,phihyd_surface,20,0.06575102657079697,0.06373044550418853,0.0690020740032196
rmse,climatology,phihyd_surface,30,0.06591699322064717,0.06369205266237259,0.06927878260612488
rmse,climatology,phihyd_surface,40,0.06613625685373942,0.0636952742934227,0.06937219947576523
rmse,climatology,phihyd_surface,50,0.06626732995112737,0.06369104981422424,0.06922927349805832
rmse,climatology,phihyd_surface,60,0.06631034711996714,0.06389054059982299,0.06888117492198945
rmse,climatology,phihyd_surface,70,0.06639161258935929,0.06406166255474091,0.06892230063676834
rmse,climatology,phihyd_surface,80,0.06658760458230972,0.0642616644501686,0.06913498342037201
rmse,climatology,phihyd_surface,90,0.06678484131892522,0.06432871967554092,0.06927498728036881
rmse,climatology,phihyd_surface,100,0.0669140249490738,0.06430785506963729,0.0694476306438446
rmse,climatology,phihyd_surface,110,0.06706694116195043,0.06455110609531403,0.0694525495171547
rmse,climatology,phihyd_surface,120,0.06731347888708114,0.06495662480592727,0.06967802047729492
rmse,climatology,phihyd_surface,130,0.06755140821139018,0.06520498692989349,0.07031599879264831
rmse,climatology,phihyd_surface,140,0.06766114135583241,0.06520676612854004,0.0705674946308136
rmse,climatology,phihyd_surface,150,0.06769657532374064,0.06519386917352676,0.07057198882102966
rmse,climatology,phihyd_surface,160,0.0678398589293162,0.06550247818231583,0.0707151398062706
rmse,climatology,phihyd_surface,170,0.06809924890597661,0.06591807007789612,0.07100415825843812
rmse,climatology,phihyd_surface,180,0.06830969750881195,0.06614969521760941,0.07103858143091202
rmse,climatology,phihyd_surface,190,0.06843210309743882,0.06612606793642044,0.07101008594036103
rmse,climatology,phihyd_surface,200,0.06852691968282064,0.06615163236856461,0.07118691504001617
rmse,climatology,phihyd_surface,210,0.06873430957396826,0.06649160832166671,0.0714427262544632
rmse,climatology,phihyd_surface,220,0.06900285283724467,0.0669441357254982,0.07170601487159729
rmse,climatology,phihyd_surface,230,0.06915166527032852,0.06715464442968369,0.07154214084148407
rmse,climatology,phihyd_surface,240,0.06915053278207779,0.0672130525112152,0.07119484394788742
rmse,climatology,phihyd_surface,250,0.06916356682777405,0.06741180717945099,0.07117196172475815
rmse,climatology,phihyd_surface,260,0.0693334291378657,0.06774323284626008,0.07152465134859085
rmse,climatology,phihyd_surface,270,0.06953950275977452,0.0679658219218254,0.07162024229764938
rmse,climatology,phihyd_surface,280,0.06963997135559717,0.06809092462062835,0.07154585123062134
rmse,climatology,phihyd_surface,290,0.06965345293283462,0.06828822046518326,0.07153200805187225
rmse,climatology,phihyd_surface,300,0.06972525517145793,0.06848297268152237,0.07154644578695298
rmse,climatology,phihyd_surface,310,0.06992261558771133,0.06877115368843079,0.07190074026584625
rmse,climatology,phihyd_surface,320,0.0701018139719963,0.06868856996297837,0.07211958169937134
rmse,climatology,phihyd_surface,330,0.07017181664705277,0.06859890967607499,0.07197377383708954
rmse,climatology,phihyd_surface,340,0.07023328294356664,0.06870686709880829,0.07198302596807479
rmse,climatology,phihyd_surface,350,0.07039013803005219,0.06859949976205826,0.0724505603313446
rmse,climatology,phihyd_surface,360,0.07057277808586757,0.06868131756782532,0.07292817085981369
rmse,climatology,phihyd_surface,370,0.07066587458054224,0.06857822984457015,0.07302161008119583
rmse,climatology,phihyd_surface,380,0.07069889505704244,0.06874316036701203,0.07296942174434662
rmse,climatology,phihyd_surface,390,0.07082275201876959,0.06868826597929001,0.07311017513275146
rmse,climatology,phihyd_surface,400,0.07104289581378301,0.06856512278318405,0.0734285295009613
rmse,climatology,phihyd_surface,410,0.07121697564919789,0.06879640370607376,0.07351967096328735
rmse,climatology,phihyd_surface,420,0.07132468521595,0.06880269944667816,0.07356757074594497
rmse,climatology,phihyd_surface,430,0.07143196711937587,0.06913862377405167,0.07384436279535293
rmse,climatology,phihyd_surface,440,0.07166785001754761,0.0694515809416771,0.07429857850074768
rmse,climatology,phihyd_surface,450,0.07196751336256663,0.07017303556203842,0.07467063963413238
rmse,climatology,phihyd_surface,460,0.07214404394229253,0.07052042037248611,0.07464156448841094
rmse,climatology,phihyd_surface,470,0.0721596250931422,0.0705984354019165,0.07454986870288849
rmse,climatology,phihyd_surface,480,0.07217245797316234,0.070725017786026,0.07486303150653839
rmse,climatology,phihyd_surface,490,0.07233435859282812,0.0709209531545639,0.07544598579406739
rmse,climatology,phihyd_surface,500,0.0725432554880778,0.07102087140083313,0.07575834989547729
rmse,climatology,phihyd_surface,510,0.07266112118959427,0.07104514986276626,0.07565137147903442
rmse,climatology,phihyd_surface,520,0.07269551505645117,0.07104664742946624,0.07560109347105026
rmse,climatology,phihyd_surface,530,0.07278382082780202,0.07127896398305893,0.0760098084807396
rmse,climatology,phihyd_surface,540,0.07299902339776357,0.07109525203704833,0.0766058936715126
rmse,climatology,phihyd_surface,550,0.07320336550474167,0.07126841396093368,0.07681655585765838
rmse,climatology,phihyd_surface,560,0.07329565236965815,0.07109614312648774,0.07663301080465316
rmse,climatology,phihyd_surface,570,0.07335977405309677,0.071254201233387,0.07652682363986969
rmse,climatology,phihyd_surface,580,0.07349506715933482,0.07128353267908097,0.07657851874828339
rmse,climatology,phihyd_surface,590,0.07364761879046758,0.07118255198001862,0.07667830288410186
rmse,climatology,phihyd_surface,600,0.07372667491436005,0.07119799107313156,0.07677156776189804
rmse,climatology,phihyd_surface,610,0.073770638803641,0.07112592607736587,0.0766167625784874
rmse,climatology,phihyd_surface,620,0.07391395966211954,0.07133872509002685,0.0765425756573677
rmse,climatology,phihyd_surface,630,0.07414607008298238,0.07173390686511993,0.07667355090379716
rmse,climatology,phihyd_surface,640,0.07433049380779266,0.07202849686145782,0.07674456536769866
rmse,climatology,phihyd_surface,650,0.0744550421833992,0.07198422104120254,0.07688421308994293
rmse,climatology,phihyd_surface,660,0.07457868804534276,0.0720516175031662,0.07693572044372558
rmse,climatology,phihyd_surface,670,0.07481535623470942,0.07240467965602874,0.07732812762260437
rmse,climatology,phihyd_surface,680,0.07510055154561997,0.07280742079019546,0.0779280498623848
rmse,climatology,phihyd_surface,690,0.07525861412286758,0.07299438863992691,0.0780003011226654
rmse,climatology,phihyd_surface,700,0.07526348580916722,0.07300650477409362,0.07789537012577057
rmse,climatology,phihyd_surface,710,0.07528565029303233,0.07312417030334473,0.07810712158679962
rmse,climatology,phihyd_surface,720,0.07548807958761851,0.07336104512214661,0.07855760604143143
rmse,climatology,phihyd_surface,730,0.07577514251073202,0.07351247519254685,0.07875696867704392
rmse,climatology,phihyd_surface,740,0.07599464456240336,0.07359849214553833,0.0785581961274147
rmse,climatology,phihyd_surface,750,0.07611349572738012,0.07384622991085052,0.07839683890342712
rmse,climatology,phihyd_surface,760,0.07623111406962077,0.07424792051315307,0.07863430976867676
rmse,climatology,phihyd_surface,770,0.07642278224229812,0.07452594637870788,0.0790059819817543
rmse,climatology,phihyd_surface,780,0.07658909956614177,0.07461097687482834,0.0791280522942543
rmse,climatology,phihyd_surface,790,0.0766624962290128,0.07462010532617569,0.07887309938669204
rmse,climatology,phihyd_surface,800,0.07672905971606572,0.07487332671880723,0.07863955646753311
rmse,climatology,phihyd_surface,810,0.07686635851860046,0.07531947940587998,0.0787905752658844
rmse,climatology,phihyd_surface,820,0.077004740635554,0.07563484460115433,0.0790225699543953
rmse,climatology,phihyd_surface,830,0.07705588986476263,0.07564095109701156,0.07897269874811172
rmse,climatology,phihyd_surface,840,0.07707730879386267,0.07566393166780472,0.07906530797481537
rmse,climatology,phihyd_surface,850,0.07721621592839559,0.07580543011426925,0.07895688414573669
rmse,climatology,phihyd_surface,860,0.07744970470666886,0.07609875500202179,0.07920588999986648
rmse,climatology,phihyd_surface,870,0.07761022200187047,0.07595263868570327,0.07929760664701462
rmse,climatology,phihyd_surface,880,0.07766593943039576,0.07598312497138977,0.07939413487911225
rmse,climatology,phihyd_surface,890,0.07769448310136795,0.07595841884613037,0.07969935834407807
rmse,climatology,phihyd_surface,900,0.07784596383571625,0.07595601230859757,0.08014970570802689
rmse,climatology,phihyd_surface,910,0.07808441917101543,0.07608782351016999,0.08050278127193451
rmse,climatology,phihyd_surface,920,0.07823264102141063,0.07603538185358047,0.08045271039009094
rmse,climatology,phihyd_surface,930,0.07823480019966761,0.07612088322639465,0.08029579073190689
rmse,climatology,phihyd_surface,940,0.07823461840550104,0.07589850574731827,0.08049723356962205
rmse,climatology,phihyd_surface,950,0.07839714090029398,0.07590285837650299,0.08097242563962936
rmse,climatology,phihyd_surface,960,0.07865074723958969,0.07595412880182266,0.08123162686824799
rmse,climatology,phihyd_surface,970,0.07886155247688294,0.07640953958034516,0.08111499100923539
rmse,climatology,phihyd_surface,980,0.07899884780248007,0.07690348029136658,0.08105206936597824
rmse,climatology,phihyd_surface,990,0.07914837449789047,0.07723157107830048,0.08143480122089386
rmse,climatology,phihyd_surface,1000,0.07937113145987193,0.07774805575609207,0.08203086405992507
rmse,climatology,phihyd_surface,1010,0.07956202179193497,0.07795568406581879,0.08230256289243698
rmse,climatology,phihyd_surface,1020,0.0796458214521408,0.0779553085565567,0.08222153484821319
rmse,climatology,phihyd_surface,1030,0.079708065589269,0.07812228202819824,0.08225244730710983
rmse,climatology,phihyd_surface,1040,0.07984007050593694,0.07838754057884216,0.08269044756889343
rmse,climatology,phihyd_surface,1050,0.0799874688188235,0.07849153578281402,0.08317060619592667
rmse,climatology,phihyd_surface,1060,0.08005884885787964,0.07852673232555389,0.08332683742046357
rmse,climatology,phihyd_surface,1070,0.08009782085816065,0.07847543805837631,0.08334542065858841
rmse,climatology,phihyd_surface,1080,0.08024823566277822,0.07859746813774109,0.08350771963596344
rmse,climatology,phihyd_surface,1090,0.08050063997507095,0.07880627065896988,0.08382608294487
rmse,climatology,phihyd_surface,1100,0.08068679173787435,0.07872586995363236,0.08393568247556686
rmse,climatology,phihyd_surface,1110,0.08075769195954005,0.07871964424848557,0.083961321413517
rmse,climatology,phihyd_surface,1120,0.08077783435583115,0.0787002444267273,0.0838824138045311
rmse,climatology,phihyd_surface,1130,0.08089938660462698,0.07876432836055755,0.08398634493350983
rmse,climatology,phihyd_surface,1140,0.0811104103922844,0.07884497046470643,0.08411390781402588
rmse,climatology,phihyd_surface,1150,0.08125462432702382,0.07887576222419738,0.08401314169168472
rmse,climatology,phihyd_surface,1160,0.08127419849236807,0.0788387730717659,0.08367425203323364
rmse,climatology,phihyd_surface,1170,0.08129271815220515,0.07890181839466096,0.08382276147603988
rmse,climatology,phihyd_surface,1180,0.08146961281696956,0.07911240160465241,0.08400098830461503
rmse,climatology,phihyd_surface,1190,0.08174460430939992,0.0792878583073616,0.0841704785823822
rmse,climatology,phihyd_surface,1200,0.08197869112094243,0.07941833138465881,0.08435369580984116
rmse,climatology,phihyd_surface,1210,0.08212659358978272,0.07969410121440887,0.08435737937688828
rmse,climatology,phihyd_surface,1220,0.08226420332988103,0.08009783178567886,0.08458603024482728
rmse,climatology,phihyd_surface,1230,0.08245870669682821,0.08031512647867203,0.08530698716640472
rmse,climatology,phihyd_surface,1240,0.08262204180161158,0.0804063156247139,0.08560859858989715
rmse,climatology,phihyd_surface,1250,0.08269724696874618,0.08036440014839172,0.08548221886157989
rmse,climatology,phihyd_surface,1260,0.08278118073940277,0.08051779568195343,0.08540337532758713
rmse,climatology,phihyd_surface,1270,0.08297155350446701,0.08085393011569977,0.08570801466703415
rmse,climatology,phihyd_surface,1280,0.0832105686267217,0.08110154271125794,0.08607405871152878
rmse,climatology,phihyd_surface,1290,0.0833805079261462,0.08110215216875076,0.08613483309745788
rmse,climatology,phihyd_surface,1300,0.08348137338956198,0.08112482130527496,0.08604504019021988
rmse,climatology,phihyd_surface,1310,0.08363366574048996,0.08142964243888855,0.08607519268989564
rmse,climatology,phihyd_surface,1320,0.08385187536478042,0.08190527111291886,0.0862547442317009
rmse,climatology,phihyd_surface,1330,0.08400986492633819,0.08223217576742173,0.08622075021266937
rmse,climatology,phihyd_surface,1340,0.084076722462972,0.08223181068897248,0.08607180416584015
rmse,climatology,phihyd_surface,1350,0.08410408794879913,0.08231205940246582,0.08609014302492142
rmse,climatology,phihyd_surface,1360,0.08421801030635834,0.0826532080769539,0.08627455681562424
rmse,climatology,phihyd_surface,1370,0.0844033976395925,0.08306531459093094,0.08643746823072433
rmse,climatology,phihyd_surface,1380,0.08452398081620534,0.0832909569144249,0.08628495633602143
rmse,climatology,phihyd_surface,1390,0.08454209019740423,0.08336887508630753,0.08618220388889312
rmse,climatology,phihyd_surface,1400,0.08457041929165522,0.0833063393831253,0.08620565086603164
rmse,climatology,phihyd_surface,1410,0.08473543127377828,0.08344174325466155,0.08667769134044648
rmse,climatology,phihyd_surface,1420,0.08495540122191111,0.0833640456199646,0.08699708580970764
rmse,climatology,phihyd_surface,1430,0.08510121951500575,0.08343112617731094,0.08695394098758698
rmse,climatology,phihyd_surface,1440,0.08516034334897996,0.08335804343223571,0.08691307306289672
rmse,climatology,phihyd_surface,1450,0.08523665368556976,0.08344489187002183,0.08724879920482635
rmse,climatology,phihyd_surface,1460,0.08540559262037277,0.08352037817239762,0.08778193444013596
rmse,climatology,phihyd_surface,1470,0.08556307305892309,0.08340992927551269,0.08800746500492096
rmse,climatology,phihyd_surface,1480,0.08562485675017038,0.08333969414234162,0.08786961138248443
rmse,climatology,phihyd_surface,1490,0.08567730089028676,0.08336609005928039,0.08780062347650527
rmse,climatology,phihyd_surface,1500,0.08583082109689713,0.0833791360259056,0.08812647014856338
rmse,climatology,phihyd_surface,1510,0.0860515296459198,0.08354375958442688,0.08854734599590301
rmse,climatology,phihyd_surface,1520,0.08623123069604238,0.08381014615297318,0.08869846761226655
rmse,climatology,phihyd_surface,1530,0.08636019676923752,0.08408802896738052,0.08872908055782318
rmse,climatology,phihyd_surface,1540,0.0865417127807935,0.08453902453184128,0.08889350444078445
rmse,climatology,phihyd_surface,1550,0.08678594330946604,0.08513571470975875,0.08923981934785843
rmse,climatology,phihyd_surface,1560,0.08696093956629435,0.08545804470777511,0.08942902982234954
rmse,climatology,phihyd_surface,1570,0.08703057716290157,0.08546668738126754,0.0895463228225708
rmse,climatology,phihyd_surface,1580,0.08705393622318904,0.0854688122868538,0.08984192460775375
rmse,climatology,phihyd_surface,1590,0.08716774682203929,0.08568503260612488,0.09028025865554809
rmse,climatology,phihyd_surface,1600,0.08736534665028255,0.0859504371881485,0.09066925644874572
rmse,climatology,phihyd_surface,1610,0.0875053400794665,0.08607115745544433,0.09071039855480194
rmse,climatology,phihyd_surface,1620,0.08754343787829082,0.0860392764210701,0.09061218053102493
rmse,climatology,phihyd_surface,1630,0.08759019374847413,0.08609331995248795,0.09080463796854019
rmse,climatology,phihyd_surface,1640,0.08777162830034892,0.08605506271123886,0.09125578999519349
rmse,climatology,phihyd_surface,1650,0.08800292015075684,0.08610824197530746,0.09152581989765167
rmse,climatology,phihyd_surface,1660,0.08814614415168762,0.08605508953332901,0.09131947755813599
rmse,climatology,phihyd_surface,1670,0.08818630874156952,0.08611105531454086,0.09102159887552261
rmse,climatology,phihyd_surface,1680,0.08823643873135249,0.08618841916322709,0.09103865623474121
rmse,climatology,phihyd_surface,1690,0.0883897731701533,0.08617678582668305,0.09121954888105392
rmse,climatology,phihyd_surface,1700,0.08855266819397609,0.08616861253976822,0.0912635162472725
rmse,climatology,phihyd_surface,1710,0.08863116353750229,0.08612036257982254,0.09117676615715027
rmse,climatology,phihyd_surface,1720,0.08870562314987182,0.0862780675292015,0.09128259122371674
rmse,climatology,phihyd_surface,1730,0.08889052818218866,0.086610047519207,0.09135665148496627
rmse,climatology,phihyd_surface,1740,0.08914332141478856,0.08689242005348205,0.09140414744615555
rmse,climatology,phihyd_surface,1750,0.08933733850717544,0.08694001585245133,0.09152771234512329
rmse,climatology,phihyd_surface,1760,0.08945326705773672,0.0869745746254921,0.09183976352214814
rmse,climatology,phihyd_surface,1770,0.08959828913211823,0.08724644780158997,0.09213713556528091
rmse,climatology,phihyd_surface,1780,0.08980335146188737,0.08763029426336288,0.09250203371047974
rmse,climatology,phihyd_surface,1790,0.08995992441972096,0.0878674104809761,0.0926443874835968
rmse,climatology,phihyd_surface,1800,0.09004553407430649,0.08785798847675323,0.09266093671321869
rmse,climatology,phihyd_surface,1810,0.09012197355429331,0.08786659836769103,0.09283574223518372
rmse,climatology,phihyd_surface,1820,0.0903164138396581,0.08810698837041855,0.09315722584724426
rmse,climatology,phihyd_surface,1830,0.09060635169347127,0.08846840858459473,0.09344536066055298
rmse,climatology,phihyd_surface,1840,0.09081853479146958,0.08867510110139847,0.09339486062526703
rmse,climatology,phihyd_surface,1850,0.09088114400704701,0.08874903470277787,0.09317931532859802
rmse,climatology,phihyd_surface,1860,0.09090470472971598,0.08890793770551682,0.09313736408948899
rmse,climatology,phihyd_surface,1870,0.09105057120323182,0.08918061703443528,0.09338435977697372
rmse,climatology,phihyd_surface,1880,0.09126995702584585,0.08940676301717758,0.09360566437244415
rmse,climatology,phihyd_surface,1890,0.0914215549826622,0.08956549614667893,0.09336828291416169
rmse,climatology,phihyd_surface,1900,0.09146428008874258,0.08983708024024964,0.09329646080732346
rmse,climatology,phihyd_surface,1910,0.09149290869633357,0.0901111900806427,0.09328180700540542
rmse,climatology,phihyd_surface,1920,0.09161720722913742,0.09019358903169632,0.09351735264062881
rmse,climatology,phihyd_surface,1930,0.09177612066268921,0.09048420786857606,0.09369360208511353
rmse,climatology,phihyd_surface,1940,0.09187170714139939,0.09061067700386047,0.09360399693250657
rmse,climatology,phihyd_surface,1950,0.09194426486889522,0.09034826159477234,0.09350753128528595
rmse,climatology,phihyd_surface,1960,0.09207691450913748,0.09052923321723938,0.09383688718080521
rmse,climatology,phihyd_surface,1970,0.09223983635505041,0.09053734689950943,0.09429319202899933
rmse,climatology,phihyd_surface,1980,0.09234472960233689,0.09049447178840637,0.09448843896389007
rmse,climatology,phihyd_surface,1990,0.09239973227183024,0.09051245599985122,0.09452173858880997
rmse,climatology,phihyd_surface,2000,0.0925150990486145,0.0907217800617218,0.09462597519159317
rmse,persistence,phihyd_surface,0,0.0,0.0,0.0
rmse,persistence,phihyd_surface,10,0.005165134835988283,0.004252064879983664,0.006091578491032123
rmse,persistence,phihyd_surface,20,0.008595460560172796,0.006231873389333486,0.01031570676714182
rmse,persistence,phihyd_surface,30,0.011085686708490054,0.009589790739119053,0.012563489563763141
rmse,persistence,phihyd_surface,40,0.014184900683661301,0.013370484299957752,0.015256884321570395
rmse,persistence,phihyd_surface,50,0.017703956303497154,0.016206768900156023,0.018674849718809127
rmse,persistence,phihyd_surface,60,0.020302479962507884,0.018264807388186456,0.02230241969227791
rmse,persistence,phihyd_surface,70,0.021972470978895823,0.020117674395442008,0.023288286104798318
rmse,persistence,phihyd_surface,80,0.023732877522706985,0.0222227293998003,0.02523081675171852
rmse,persistence,phihyd_surface,90,0.025514898325006165,0.02394164428114891,0.02726055309176445
rmse,persistence,phihyd_surface,100,0.026296204949418703,0.024326731264591218,0.0276396706700325
rmse,persistence,phihyd_surface,110,0.026371223976214726,0.024593590945005416,0.027966016530990602
rmse,persistence,phihyd_surface,120,0.026638196657101314,0.0248539712280035,0.02778787538409233
rmse,persistence,phihyd_surface,130,0.026752102250854174,0.024677027389407157,0.028783778846263885
rmse,persistence,phihyd_surface,140,0.025890872006615002,0.023474227264523508,0.02761252671480179
rmse,persistence,phihyd_surface,150,0.024440025786558787,0.023034888505935668,0.025984041392803192
rmse,persistence,phihyd_surface,160,0.0234511395295461,0.02231433317065239,0.024808720126748084
rmse,persistence,phihyd_surface,170,0.02218908928334713,0.020258260518312456,0.023752906545996665
rmse,persistence,phihyd_surface,180,0.01973437505463759,0.0176645889878273,0.021108726412057875
rmse,persistence,phihyd_surface,190,0.01678912006318569,0.015204356238245963,0.01828390397131443
rmse,persistence,phihyd_surface,200,0.014651718301077683,0.0130472082644701,0.016167560964822768
rmse,persistence,phihyd_surface,210,0.013125576016803583,0.011618241108953953,0.014453134313225747
rmse,persistence,phihyd_surface,220,0.011032241272429626,0.009442946687340737,0.012746651656925678
rmse,persistence,phihyd_surface,230,0.0098684032758077,0.008212530612945556,0.011539233662188052
rmse,persistence,phihyd_surface,240,0.011322963486115138,0.009735547564923763,0.013154190219938754
rmse,persistence,phihyd_surface,250,0.01335364319384098,0.011089248582720757,0.015513342805206776
rmse,persistence,phihyd_surface,260,0.015097349633773167,0.013348354957997799,0.016844241693615914
rmse,persistence,phihyd_surface,270,0.017484205588698388,0.016195709258317946,0.018587886169552804
rmse,persistence,phihyd_surface,280,0.020375110705693564,0.018509045243263245,0.02207927033305168
rmse,persistence,phihyd_surface,290,0.0225893239180247,0.020123912394046782,0.025233888998627663
rmse,persistence,phihyd_surface,300,0.02401057258248329,0.02140488140285015,0.02589965909719467
rmse,persistence,phihyd_surface,310,0.025559037799636523,0.024190083146095276,0.026881620287895203
rmse,persistence,phihyd_surface,320,0.027135393271843593,0.025598732009530067,0.028594786673784255
rmse,persistence,phihyd_surface,330,0.02776826868454615,0.025662976130843163,0.029875899106264113
rmse,persistence,phihyd_surface,340,0.02774133098622163,0.025637058913707732,0.029827696457505225
rmse,persistence,phihyd_surface,350,0.02791541355351607,0.026441780850291252,0.029135030508041383
rmse,persistence,phihyd_surface,360,0.027942001198728878,0.025746768712997435,0.029746101796627046
rmse,persistence,phihyd_surface,370,0.027000173926353455,0.025240160152316095,0.02850770056247711
rmse,persistence,phihyd_surface,380,0.025473354508479436,0.024211898818612097,0.026965996995568276
rmse,persistence,phihyd_surface,390,0.02437476267417272,0.02313600741326809,0.02584683820605278
rmse,persistence,phihyd_surface,400,0.023012694219748178,0.02162841595709324,0.024341239780187606
rmse,persistence,phihyd_surface,410,0.020473102604349456,0.018820293247699738,0.021865785121917725
rmse,persistence,phihyd_surface,420,0.017407267664869625,0.015806681104004384,0.019054538384079934
rmse,persistence,phihyd_surface,430,0.015082180748383205,0.013269537501037121,0.016611067950725554
rmse,persistence,phihyd_surface,440,0.013299507275223731,0.011600479483604431,0.014815358445048332
rmse,persistence,phihyd_surface,450,0.0108242051055034,0.008750895969569683,0.012466530688107014
rmse,persistence,phihyd_surface,460,0.009116573818027973,0.006740852817893028,0.01109735295176506
rmse,persistence,phihyd_surface,470,0.010304480977356433,0.00844550896435976,0.011970351263880729
rmse,persistence,phihyd_surface,480,0.012134908760587374,0.009867294877767562,0.014317278563976287
rmse,persistence,phihyd_surface,490,0.013676676961282889,0.01191669050604105,0.015857965871691703
rmse,persistence,phihyd_surface,500,0.016021610237658024,0.015024133771657944,0.017290530353784563
rmse,persistence,phihyd_surface,510,0.018976280465722084,0.0177821546792984,0.019819287210702898
rmse,persistence,phihyd_surface,520,0.021200069785118104,0.018751858919858932,0.023105344176292418
rmse,persistence,phihyd_surface,530,0.02260049929221471,0.020143330469727515,0.023827532306313515
rmse,persistence,phihyd_surface,540,0.024182737370332084,0.02306770719587803,0.025721645355224608
rmse,persistence,phihyd_surface,550,0.025854396199186645,0.024577080085873605,0.02706594280898571
rmse,persistence,phihyd_surface,560,0.026570533961057664,0.02473525293171406,0.028093284368515013
rmse,persistence,phihyd_surface,570,0.026620554675658544,0.024676880240440367,0.028308255970478056
rmse,persistence,phihyd_surface,580,0.026896711687246957,0.025404218956828116,0.02809220924973488
rmse,persistence,phihyd_surface,590,0.027044649173816045,0.025068043544888497,0.028491618856787682
rmse,persistence,phihyd_surface,600,0.026242514451344807,0.02380807213485241,0.027418489381670953
rmse,persistence,phihyd_surface,610,0.024879035850365955,0.023421253263950347,0.025921833142638205
rmse,persistence,phihyd_surface,620,0.023993488401174545,0.022996974363923072,0.024824120849370957
rmse,persistence,phihyd_surface,630,0.022874605655670167,0.020707910135388374,0.024087154120206834
rmse,persistence,phihyd_surface,640,0.02062934562563896,0.01921338252723217,0.021907301619648933
rmse,persistence,phihyd_surface,650,0.017953084285060563,0.016836367920041083,0.019410988315939903
rmse,persistence,phihyd_surface,660,0.016102376393973827,0.014760753698647022,0.01790803037583828
rmse,persistence,phihyd_surface,670,0.014890498109161853,0.013765359297394753,0.01645096205174923
rmse,persistence,phihyd_surface,680,0.013245098541180294,0.012225709855556488,0.014421656541526318
rmse,persistence,phihyd_surface,690,0.012410172633826733,0.011633393168449403,0.013111749291419983
rmse,persistence,phihyd_surface,700,0.013694193462530773,0.012727681361138821,0.01418574657291174
rmse,persistence,phihyd_surface,710,0.015500157450636229,0.014435247145593166,0.01649179607629776
rmse,persistence,phihyd_surface,720,0.017046758035818736,0.016019782796502114,0.017883582040667534
rmse,persistence,phihyd_surface,730,0.01923432151476542,0.01824961379170418,0.019938628375530242
rmse,persistence,phihyd_surface,740,0.021982659523685773,0.02083785682916641,0.023315276205539703
rmse,persistence,phihyd_surface,750,0.024134925256172817,0.021859798207879068,0.02617289163172245
rmse,persistence,phihyd_surface,760,0.025526822358369828,0.023089638724923135,0.027004381641745567
rmse,persistence,phihyd_surface,770,0.027043188114960988,0.026039142161607742,0.028608505427837373
rmse,persistence,phihyd_surface,780,0.02861474541326364,0.02714504599571228,0.029985537752509117
rmse,persistence,phihyd_surface,790,0.029312672838568688,0.02733323387801647,0.03137790858745575
rmse,persistence,phihyd_surface,800,0.02938507025440534,0.027267534658312796,0.03155890554189682
rmse,persistence,phihyd_surface,810,0.02964077778160572,0.027738105878233908,0.03064853809773922
rmse,persistence,phihyd_surface,820,0.029762343565622965,0.027590911090373992,0.031469323486089704
rmse,persistence,phihyd_surface,830,0.028989140316843985,0.02677837423980236,0.030551527440547944
rmse,persistence,phihyd_surface,840,0.02768876738846302,0.02594279907643795,0.028912736847996712
rmse,persistence,phihyd_surface,850,0.026816901564598084,0.025692952424287797,0.02830217070877552
rmse,persistence,phihyd_surface,860,0.02575611335535844,0.024152457341551782,0.027221599221229555
rmse,persistence,phihyd_surface,870,0.023683262119690577,0.022011444717645646,0.02512018047273159
rmse,persistence,phihyd_surface,880,0.021250980347394942,0.02015107199549675,0.022778312489390374
rmse,persistence,phihyd_surface,890,0.019562060385942458,0.018177015706896782,0.020903330296278
rmse,persistence,phihyd_surface,900,0.018405812233686446,0.01701168976724148,0.019726863503456114
rmse,persistence,phihyd_surface,910,0.016890476395686468,0.014639457315206527,0.018557096272706984
rmse,persistence,phihyd_surface,920,0.016001773501435914,0.013407322578132153,0.018014270439743997
rmse,persistence,phihyd_surface,930,0.016797023266553877,0.01414501816034317,0.018649936467409135
rmse,persistence,phihyd_surface,940,0.01808280814439058,0.01512875221669674,0.02030872330069542
rmse,persistence,phihyd_surface,950,0.019201186175147694,0.016736238449811935,0.021798695623874664
rmse,persistence,phihyd_surface,960,0.020971753696600596,0.019254979118704794,0.022920993715524675
rmse,persistence,phihyd_surface,970,0.023358168452978133,0.021824974194169046,0.024897003918886183
rmse,persistence,phihyd_surface,980,0.02524401086072127,0.022464580461382867,0.027903609722852708
rmse,persistence,phihyd_surface,990,0.0264065682888031,0.02368505746126175,0.02861049436032772
rmse,persistence,phihyd_surface,1000,0.027712984258929887,0.026439641416072846,0.029450852051377298
rmse,persistence,phihyd_surface,1010,0.029116135835647584,0.028011400252580643,0.03003825433552265
rmse,persistence,phihyd_surface,1020,0.029669236019253732,0.027857730537652968,0.0314813032746315
rmse,persistence,phihyd_surface,1030,0.02958041106661161,0.027685817703604697,0.031461088359355925
rmse,persistence,phihyd_surface,1040,0.029675675307710966,0.028515782579779624,0.03067525811493397
rmse,persistence,phihyd_surface,1050,0.02968034508327643,0.02770363986492157,0.03112143576145172
rmse,persistence,phihyd_surface,1060,0.028820751110712688,0.026896727457642555,0.029613492265343665
rmse,persistence,phihyd_surface,1070,0.027420564244190853,0.026086318865418436,0.0285213939845562
rmse,persistence,phihyd_surface,1080,0.026475876445571582,0.02569194696843624,0.027334296703338624
rmse,persistence,phihyd_surface,1090,0.025413147980968158,0.023600702360272407,0.02642464339733124
rmse,persistence,phihyd_surface,1100,0.02337038827439149,0.022284097969532013,0.02424020767211914
rmse,persistence,phihyd_surface,1110,0.02097372288505236,0.020019517093896867,0.02176652066409588
rmse,persistence,phihyd_surface,1120,0.019359484811623893,0.018490727245807647,0.020694280788302422
rmse,persistence,phihyd_surface,1130,0.018374138697981834,0.0176595576107502,0.019360062107443808
rmse,persistence,phihyd_surface,1140,0.017104059706131616,0.01666135564446449,0.017467832565307616
rmse,persistence,phihyd_surface,1150,0.01649183432261149,0.01607222855091095,0.016777633130550383
rmse,persistence,phihyd_surface,1160,0.017543607329328855,0.017129840701818465,0.017992155253887178
rmse,persistence,phihyd_surface,1170,0.019092288240790366,0.017940155044198037,0.020153505727648735
rmse,persistence,phihyd_surface,1180,0.020430914560953774,0.019359151273965834,0.021593864262104034
rmse,persistence,phihyd_surface,1190,0.022328312198321026,0.021681171655654908,0.023058216273784637
rmse,persistence,phihyd_surface,1200,0.02481508528192838,0.02387450635433197,0.025647619366645814
rmse,persistence,phihyd_surface,1210,0.026847998797893523,0.025145809352397918,0.028575989976525308
rmse,persistence,phihyd_surface,1220,0.028157665953040124,0.02619999125599861,0.02930668406188488
rmse,persistence,phihyd_surface,1230,0.029548816631237665,0.028538988158106803,0.030929356068372726
rmse,persistence,phihyd_surface,1240,0.03104027435183525,0.029837851971387865,0.03219311088323593
rmse,persistence,phihyd_surface,1250,0.03175885478655497,0.03001587130129337,0.03322349116206169
rmse,persistence,phihyd_surface,1260,0.031861512611309685,0.030119749158620833,0.03374488428235054
rmse,persistence,phihyd_surface,1270,0.03212659644583861,0.03059929758310318,0.033225221931934355
rmse,persistence,phihyd_surface,1280,0.03232794192930063,0.03067026026546955,0.03339589759707451
rmse,persistence,phihyd_surface,1290,0.031741958235700925,0.029737236723303796,0.03310251086950302
rmse,persistence,phihyd_surface,1300,0.03064034953713417,0.028975671157240868,0.03176540732383728
rmse,persistence,phihyd_surface,1310,0.029916268587112427,0.028998171910643578,0.030720271915197373
rmse,persistence,phihyd_surface,1320,0.029084843521316846,0.027567586675286294,0.03025386855006218
rmse,persistence,phihyd_surface,1330,0.027388709411025048,0.026098980382084847,0.028769807517528535
rmse,persistence,phihyd_surface,1340,0.025413823996980986,0.02438279315829277,0.02665487825870514
rmse,persistence,phihyd_surface,1350,0.02411968298256397,0.023429177701473236,0.024834361299872397
rmse,persistence,phihyd_surface,1360,0.023327268908421198,0.022431181371212007,0.02421480678021908
rmse,persistence,phihyd_surface,1370,0.02227312537531058,0.020727134495973586,0.023554062098264696
rmse,persistence,phihyd_surface,1380,0.021679542462031045,0.019863653182983398,0.02331097759306431
rmse,persistence,phihyd_surface,1390,0.022372847671310106,0.02038615755736828,0.023788156732916833
rmse,persistence,phihyd_surface,1400,0.02351636899014314,0.021165721490979193,0.025067750737071036
rmse,persistence,phihyd_surface,1410,0.024504387627045314,0.022083602473139764,0.026470490172505377
rmse,persistence,phihyd_surface,1420,0.025970841323335967,0.024172087386250495,0.027407662943005562
rmse,persistence,phihyd_surface,1430,0.028001612797379494,0.02616802342236042,0.029372796416282654
rmse,persistence,phihyd_surface,1440,0.029700040072202682,0.02687849514186382,0.03195357471704483
rmse,persistence,phihyd_surface,1450,0.03076613408823808,0.027822398766875266,0.03266112729907036
rmse,persistence,phihyd_surface,1460,0.03193363969524701,0.030123244598507883,0.03349424079060555
rmse,persistence,phihyd_surface,1470,0.033226859445373215,0.031787318736314775,0.03463835045695305
rmse,persistence,phihyd_surface,1480,0.033801680182417235,0.032154449820518495,0.03571667969226837
rmse,persistence,phihyd_surface,1490,0.03376607733468215,0.03152579963207245,0.03595932349562645
rmse,persistence,phihyd_surface,1500,0.03387989103794098,0.0321222834289074,0.035383313149213794
rmse,persistence,phihyd_surface,1510,0.03397058819731077,0.032216548919677734,0.03517327308654785
rmse,persistence,phihyd_surface,1520,0.03331878321866195,0.031859765946865085,0.03482369929552078
rmse,persistence,phihyd_surface,1530,0.032139379531145096,0.03099408745765686,0.03375837579369545
rmse,persistence,phihyd_surface,1540,0.03131026973327001,0.02999410070478916,0.03248562589287758
rmse,persistence,phihyd_surface,1550,0.030419313659270603,0.029317595809698106,0.03159913569688797
rmse,persistence,phihyd_surface,1560,0.02868691794574261,0.027518776431679725,0.029505664482712746
rmse,persistence,phihyd_surface,1570,0.026626895864804587,0.025663437321782112,0.027746209874749184
rmse,persistence,phihyd_surface,1580,0.025189041097958883,0.024018475040793418,0.02607179172337055
rmse,persistence,phihyd_surface,1590,0.02428237075606982,0.02324146404862404,0.025095548108220102
rmse,persistence,phihyd_surface,1600,0.02315866363545259,0.022555583342909812,0.023687057569622992
rmse,persistence,phihyd_surface,1610,0.022457858050862946,0.02205400951206684,0.023030181974172594
rmse,persistence,phihyd_surface,1620,0.023028840497136115,0.022646085545420646,0.02343536615371704
rmse,persistence,phihyd_surface,1630,0.02413292204340299,0.023306239396333694,0.02463228441774845
rmse,persistence,phihyd_surface,1640,0.02511251891652743,0.024234328418970108,0.025821422040462495
rmse,persistence,phihyd_surface,1650,0.026552266751726467,0.026179032027721406,0.027186109870672225
rmse,persistence,phihyd_surface,1660,0.028594751904408137,0.027806189283728598,0.029327604919672012
rmse,persistence,phihyd_surface,1670,0.030365440994501114,0.02895956449210644,0.03208056688308716
rmse,persistence,phihyd_surface,1680,0.031512210393945375,0.02953076809644699,0.032930298894643786
rmse,persistence,phihyd_surface,1690,0.032744899516304334,0.03182734102010727,0.03394733294844628
rmse,persistence,phihyd_surface,1700,0.034152262409528095,0.03332883417606354,0.03509027659893036
rmse,persistence,phihyd_surface,1710,0.034902851283550265,0.033370763063430786,0.03627984598278999
rmse,persistence,phihyd_surface,1720,0.03504361659288406,0.033320555835962294,0.03674997389316559
rmse,persistence,phihyd_surface,1730,0.0353170079489549,0.03396440446376801,0.036533279716968535
rmse,persistence,phihyd_surface,1740,0.03558946053187052,0.034060414880514145,0.036506039649248125
rmse,persistence,phihyd_surface,1750,0.03517343948284785,0.03359769880771637,0.03627564162015915
rmse,persistence,phihyd_surface,1760,0.03423107167085012,0.03291004672646523,0.03531700074672699
rmse,persistence,phihyd_surface,1770,0.03360068922241529,0.03273292705416679,0.03425712138414383
rmse,persistence,phihyd_surface,1780,0.032948430503408115,0.03134624809026718,0.03389662727713585
rmse,persistence,phihyd_surface,1790,0.031551213438312214,0.03028560131788254,0.032697124779224394
rmse,persistence,phihyd_surface,1800,0.029879101862510044,0.02890050634741783,0.03065689355134964
rmse,persistence,phihyd_surface,1810,0.02880390596886476,0.028314266353845596,0.02925642393529415
rmse,persistence,phihyd_surface,1820,0.02825794406235218,0.02760704271495342,0.02882404588162899
rmse,persistence,phihyd_surface,1830,0.027544676636656124,0.026860198006033897,0.02837562598288059
rmse,persistence,phihyd_surface,1840,0.027135070661703745,0.026223618164658548,0.027941066771745682
rmse,persistence,phihyd_surface,1850,0.02772367112338543,0.026674902066588402,0.028737062960863112
rmse,persistence,phihyd_surface,1860,0.02873312185208003,0.027254824712872504,0.030286705866456032
rmse,persistence,phihyd_surface,1870,0.029607020070155463,0.02779800184071064,0.031041564419865608
rmse,persistence,phihyd_surface,1880,0.03085365432004134,0.029509490728378295,0.03222335875034332
rmse,persistence,phihyd_surface,1890,0.03264240026473999,0.031253309175372126,0.03383469060063362
rmse,persistence,phihyd_surface,1900,0.034218019992113116,0.03208865523338318,0.036131925880908966
rmse,persistence,phihyd_surface,1910,0.03520447586973508,0.03243678659200668,0.03679594397544861
rmse,persistence,phihyd_surface,1920,0.0362397921582063,0.0343139760196209,0.03751532211899757
rmse,persistence,phihyd_surface,1930,0.037471782167752585,0.03646837249398231,0.03894472122192383
rmse,persistence,phihyd_surface,1940,0.03813472067316373,0.03633972555398941,0.03953047916293144
rmse,persistence,phihyd_surface,1950,0.038199667384227115,0.03607988953590393,0.03990386575460434
rmse,persistence,phihyd_surface,1960,0.03834737961490949,0.03612527251243591,0.03961375579237938
rmse,persistence,phihyd_surface,1970,0.03850293805201848,0.03722928613424301,0.03993379846215248
rmse,persistence,phihyd_surface,1980,0.03802968859672547,0.03666702285408974,0.03949655517935753
rmse,persistence,phihyd_surface,1990,0.037044723083575565,0.03580417260527611,0.03844849765300751
rmse,persistence,phihyd_surface,2000,0.03634658753871918,0.03510722219944,0.03776441887021065
rmse,model,sst,0,0.0,0.0,0.0
rmse,model,sst,10,0.017307606836160023,0.016240843385457993,0.018677566200494766
rmse,model,sst,20,0.02532106079161167,0.023608685284852982,0.027333443611860277
rmse,model,sst,30,0.030890703822175663,0.028838268667459487,0.03370844647288322
rmse,model,sst,40,0.035815717776616414,0.03319974839687347,0.039715958386659624
rmse,model,sst,50,0.040259181956450146,0.0371066115796566,0.04465284645557403
rmse,model,sst,60,0.044250231236219406,0.04083716049790383,0.04846160337328911
rmse,model,sst,70,0.048367371410131456,0.04473181962966919,0.05308459997177124
rmse,model,sst,80,0.052950611958901085,0.04883079752326012,0.057909995317459106
rmse,model,sst,90,0.05824629937609037,0.05296774879097939,0.0637439101934433
rmse,model,sst,100,0.06439449191093445,0.058392323553562164,0.07060746848583221
rmse,model,sst,110,0.07152780046065649,0.06440373957157135,0.07895321100950241
rmse,model,sst,120,0.07980543226003647,0.07109965085983276,0.08902947455644608
rmse,model,sst,130,0.08845316022634506,0.07874325662851334,0.09857441782951355
rmse,model,sst,140,0.0960174635052681,0.08630660623311996,0.10498376786708832
rmse,model,sst,150,0.10141046692927679,0.09247462004423142,0.10911188125610352
rmse,model,sst,160,0.10435976684093476,0.09674886614084244,0.11191029101610184
rmse,model,sst,170,0.10543882648150125,0.09887117594480514,0.11337140947580338
rmse,model,sst,180,0.10535976986090342,0.0995012030005455,0.1128408819437027
rmse,model,sst,190,0.10459024012088776,0.09920205473899842,0.1112656682729721
rmse,model,sst,200,0.10357813586791356,0.0986823171377182,0.10932618975639344
rmse,model,sst,210,0.10283796290556589,0.09841071516275406,0.10768013894557953
rmse,model,sst,220,0.10268340955177943,0.0982777088880539,0.10707030147314071
rmse,model,sst,230,0.10293345650037129,0.09874655604362488,0.10710169076919555
rmse,model,sst,240,0.1032045915722847,0.0996234342455864,0.10723861306905746
rmse,model,sst,250,0.10329634845256805,0.09994967430830001,0.10698591023683549
rmse,model,sst,260,0.10338887274265289,0.10016794800758362,0.10699044913053513
rmse,model,sst,270,0.10353601028521855,0.10049420446157456,0.10699623376131058
rmse,model,sst,280,0.10356014668941498,0.10076752305030823,0.10632024556398392
rmse,model,sst,290,0.1034167488416036,0.10108503103256225,0.10535599887371064
rmse,model,sst,300,0.10336215694745382,0.10129507929086685,0.10474884510040283
rmse,model,sst,310,0.10349759062131246,0.10199272185564041,0.10554205775260925
rmse,model,sst,320,0.10379390319188436,0.10234710574150085,0.10658082962036133
rmse,model,sst,330,0.10410756667455037,0.1027260035276413,0.10702720582485199
rmse,model,sst,340,0.10440869778394699,0.10261067003011703,0.10749767571687699
rmse,model,sst,350,0.10490238418181737,0.10306911021471024,0.10728948563337326
rmse,model,sst,360,0.10553552210330963,0.1036471739411354,0.10772819072008133
rmse,model,sst,370,0.10603575309117635,0.10409628003835678,0.10836754143238067
rmse,model,sst,380,0.10647337883710861,0.10425781011581421,0.10774224400520324
rmse,model,sst,390,0.10688863694667816,0.10447279065847397,0.10861875116825104
rmse,model,sst,400,0.10753125498692194,0.10508465468883514,0.1097159206867218
rmse,model,sst,410,0.10818406939506531,0.1052964523434639,0.11080886870622635
rmse,model,sst,420,0.10864317466815313,0.10527933835983276,0.1118367850780487
rmse,model,sst,430,0.10906364570061365,0.10507736504077911,0.11258289366960525
rmse,model,sst,440,0.10960757285356522,0.10517505407333375,0.1134062334895134
rmse,model,sst,450,0.11045854190985362,0.1053089901804924,0.11480083167552949
rmse,model,sst,460,0.11134030967950821,0.10537739992141723,0.1159312054514885
rmse,model,sst,470,0.11204124540090561,0.10550811290740966,0.11667020469903946
rmse,model,sst,480,0.11256664445002874,0.10552119761705399,0.1173092931509018
rmse,model,sst,490,0.1131732905904452,0.10560403019189835,0.1186485841870308
rmse,model,sst,500,0.11399974475304285,0.10570953339338303,0.12008721381425858
rmse,model,sst,510,0.11472539107004802,0.1060169443488121,0.12073123008012772
rmse,model,sst,520,0.115176655848821,0.10688932538032532,0.12099743485450745
rmse,model,sst,530,0.11563808222611745,0.10825590193271636,0.121503846347332
rmse,model,sst,540,0.11639191061258317,0.10996947884559631,0.12255262583494186
rmse,model,sst,550,0.11736135284105936,0.1114053562283516,0.12338760197162628
rmse,model,sst,560,0.11816576470931371,0.11202380359172821,0.1239810660481453
rmse,model,sst,570,0.11869970907767614,0.11206885576248168,0.12488752603530884
rmse,model,sst,580,0.11925556361675263,0.11259306520223618,0.1253476619720459
rmse,model,sst,590,0.11984494825204213,0.11298340260982513,0.12619025707244874
rmse,model,sst,600,0.12025508781274159,0.11270694881677627,0.12693301737308502
rmse,model,sst,610,0.12061941921710968,0.11306107491254806,0.12773820757865906
rmse,model,sst,620,0.12098862826824189,0.11339334547519683,0.12812193036079406
rmse,model,sst,630,0.12156534691651662,0.11371536403894425,0.12906823456287383
rmse,model,sst,640,0.12210875103871027,0.11440162509679794,0.1301743984222412
rmse,model,sst,650,0.12243612160285314,0.1155045822262764,0.1297871321439743
rmse,model,sst,660,0.12268211096525192,0.116186985373497,0.12974853217601776
rmse,model,sst,670,0.12303433070580165,0.11584120094776154,0.13016655743122102
rmse,model,sst,680,0.12363752722740173,0.11626465916633606,0.13069729804992675
rmse,model,sst,690,0.12417658021052679,0.11701486557722092,0.13125220835208892
rmse,model,sst,700,0.12448304643233617,0.11737150698900223,0.1314864158630371
rmse,model,sst,710,0.12455979337294897,0.11751365512609482,0.13113823235034944
rmse,model,sst,720,0.12473951677481333,0.11817092895507812,0.13175966143608092
rmse,model,sst,730,0.12515713075796764,0.11842716485261917,0.13214172720909118
rmse,model,sst,740,0.12540186196565628,0.11862824261188507,0.13218408524990083
rmse,model,sst,750,0.12519818296035132,0.11895368546247483,0.1315399080514908
rmse,model,sst,760,0.1248017817735672,0.1191451907157898,0.13068353533744811
rmse,model,sst,770,0.12466673602660497,0.11875676810741424,0.13092286586761476
rmse,model,sst,780,0.12473839968442917,0.1183836355805397,0.1310703694820404
rmse,model,sst,790,0.12470508565505346,0.11857580244541169,0.13028725385665893
rmse,model,sst,800,0.12451687306165696,0.11871490925550461,0.13005172908306123
rmse,model,sst,810,0.12445705433686574,0.11931678503751755,0.12985291481018066
rmse,model,sst,820,0.12459808439016343,0.11940879821777343,0.1296926975250244
rmse,model,sst,830,0.12462330957253774,0.1193752259016037,0.12971522510051728
rmse,model,sst,840,0.12453459352254867,0.11933736354112626,0.12944140136241913
rmse,model,sst,850,0.12446434001127879,0.11943542063236237,0.1288025349378586
rmse,model,sst,860,0.12466236849625906,0.12004310488700867,0.12832443416118622
rmse,model,sst,870,0.12480614433685938,0.12043918073177337,0.12857640087604522
rmse,model,sst,880,0.12466723571221033,0.12068906426429749,0.12769300639629363
rmse,model,sst,890,0.1243427554766337,0.12080822885036469,0.12670736908912658
rmse,model,sst,900,0.12414265771706899,0.12086221873760224,0.1265797197818756
rmse,model,sst,910,0.12434830864270528,0.12115588039159775,0.12701891660690307
rmse,model,sst,920,0.1245914434393247,0.12123043984174728,0.1274542212486267
rmse,model,sst,930,0.12465274234612783,0.12125744968652725,0.12726621627807616
rmse,model,sst,940,0.1244950200120608,0.1213130608201027,0.12684158682823182
rmse,model,sst,950,0.12440795451402664,0.12117747813463212,0.12655381262302398
rmse,model,sst,960,0.12461969355742136,0.12138797044754028,0.12642978727817536
rmse,model,sst,970,0.12480941812197367,0.12139129787683486,0.12684107720851898
rmse,model,sst,980,0.12467161864042282,0.1214138314127922,0.1267433673143387
rmse,model,sst,990,0.12438749819993973,0.12171622663736344,0.12625032067298889
rmse,model,sst,1000,0.12438206921021143,0.12155623584985734,0.12547131776809692
rmse,model,sst,1010,0.1245289146900177,0.121619313955307,0.1263093650341034
rmse,model,sst,1020,0.124568010866642,0.12177838683128357,0.1262258231639862
rmse,model,sst,1030,0.12445384611686071,0.12159833610057831,0.12710057497024535
rmse,model,sst,1040,0.12441502213478088,0.12220098972320556,0.12715217769145964
rmse,model,sst,1050,0.12458975464105607,0.12315472066402436,0.1270947575569153
rmse,model,sst,1060,0.12472150176763534,0.1227787658572197,0.12731929123401642
rmse,model,sst,1070,0.12475570936997732,0.1224593073129654,0.12737687230110167
rmse,model,sst,1080,0.12473155856132508,0.12201782017946243,0.12735717594623566
rmse,model,sst,1090,0.12485020210345586,0.12182812243700028,0.12765416800975798
rmse,model,sst,1100,0.1248934507369995,0.12164175063371659,0.12726787924766542
rmse,model,sst,1110,0.12479541003704071,0.12183253318071366,0.12713296413421632
rmse,model,sst,1120,0.12463118483622869,0.1222321406006813,0.1273929238319397
rmse,model,sst,1130,0.12458585302035013,0.12235967963933944,0.1278726726770401
rmse,model,sst,1140,0.12490210880835852,0.1224803701043129,0.12835812270641328
rmse,model,sst,1150,0.12523064563671749,0.12238634526729583,0.12850879430770873
rmse,model,sst,1160,0.1253294919927915,0.12221128940582275,0.12865455746650695
rmse,model,sst,1170,0.12521748741467795,0.12207022607326508,0.12799045145511628
rmse,model,sst,1180,0.12528301825126012,0.12207790017127991,0.12795970737934112
rmse,model,sst,1190,0.12573856910069783,0.1222905918955803,0.12856864631175996
rmse,model,sst,1200,0.12622968604167303,0.12255569696426391,0.128906312584877
rmse,model,sst,1210,0.12635198533535003,0.12298718243837356,0.12889600098133086
rmse,model,sst,1220,0.1261320635676384,0.12319376319646835,0.12901039123535157
rmse,model,sst,1230,0.1261319433649381,0.12319221645593643,0.12993531227111815
rmse,model,sst,1240,0.12642854154109956,0.12341107726097107,0.13074890077114104
rmse,model,sst,1250,0.12669850786526998,0.12428139299154281,0.13040940463542938
rmse,model,sst,1260,0.12664706110954285,0.1244765043258667,0.12887979447841644
rmse,model,sst,1270,0.12644185026486715,0.12438795268535614,0.12820420265197754
rmse,model,sst,1280,0.12642119576533636,0.12401901185512543,0.12795540690422058
rmse,model,sst,1290,0.12650278309981028,0.12407223135232925,0.1278965324163437
rmse,model,sst,1300,0.12656822154919306,0.12422747611999511,0.12819476127624513
rmse,model,sst,1310,0.12657503286997476,0.12396636456251145,0.12878210842609406
rmse,model,sst,1320,0.12667591869831085,0.12361713200807571,0.12935177385807037
rmse,model,sst,1330,0.1266630286971728,0.12278420329093934,0.12956930994987487
rmse,model,sst,1340,0.12645796090364456,0.12279019653797149,0.12942601144313812
rmse,model,sst,1350,0.1262076089779536,0.1229901596903801,0.12924445867538453
rmse,model,sst,1360,0.1261747310558955,0.12316676080226899,0.1296970635652542
rmse,model,sst,1370,0.12662644187609354,0.12373809218406677,0.130713552236557
rmse,model,sst,1380,0.12710947841405867,0.12406292110681534,0.13147522509098053
rmse,model,sst,1390,0.1272632618745168,0.1240070104598999,0.13183970749378204
rmse,model,sst,1400,0.1271360586086909,0.12366183251142501,0.1320102959871292
rmse,model,sst,1410,0.12710215598344804,0.12362012714147567,0.1319775402545929
rmse,model,sst,1420,0.12738247364759445,0.12360663563013077,0.1320594608783722
rmse,model,sst,1430,0.12769706745942433,0.12332561910152436,0.13270913064479828
rmse,model,sst,1440,0.12764579008022944,0.12312115877866744,0.1330903559923172
rmse,model,sst,1450,0.12723528693119684,0.12333252727985382,0.1324147343635559
rmse,model,sst,1460,0.12698528567949932,0.12383180558681488,0.13129121363162993
rmse,model,sst,1470,0.12701233079036076,0.12364024072885513,0.13092156648635864
rmse,model,sst,1480,0.12705773760875066,0.12288008034229278,0.13154984414577484
rmse,model,sst,1490,0.12687519441048303,0.12208229452371597,0.13179111778736113
rmse,model,sst,1500,0.12665605694055557,0.12148603051900864,0.13153133690357208
rmse,model,sst,1510,0.12667029996713003,0.12197619378566742,0.13178308308124542
rmse,model,sst,1520,0.12675828635692596,0.122329480946064,0.1320299208164215
rmse,model,sst,1530,0.12676370243231455,0.12177874445915222,0.13253737092018128
rmse,model,sst,1540,0.1266327604651451,0.12119614034891128,0.13256117701530457
rmse,model,sst,1550,0.12659179617961247,0.12202841192483901,0.13187570571899415
rmse,model,sst,1560,0.1265627438823382,0.12198820263147354,0.13131234645843506
rmse,model,sst,1570,0.1264080430070559,0.12181445211172104,0.13110222518444062
rmse,model,sst,1580,0.12615910669167837,0.12182138413190842,0.13038698434829712
rmse,model,sst,1590,0.1259569853544235,0.12171922475099564,0.13057172298431396
rmse,model,sst,1600,0.12613608042399088,0.1217991679906845,0.13127354979515077
rmse,model,sst,1610,0.12644648551940918,0.12172410041093826,0.1316738724708557
rmse,model,sst,1620,0.12658504744370777,0.12157767564058304,0.1313071608543396
rmse,model,sst,1630,0.12659013271331787,0.12133473306894302,0.13089292347431183
rmse,model,sst,1640,0.12671275238196056,0.12135564535856247,0.13052277266979218
rmse,model,sst,1650,0.1270859976609548,0.1213972195982933,0.13082584440708162
rmse,model,sst,1660,0.12745282103617986,0.12167740166187287,0.1312279850244522
rmse,model,sst,1670,0.12752055376768112,0.12232143580913543,0.13119025826454161
rmse,model,sst,1680,0.1273333673675855,0.12229552119970322,0.130735445022583
rmse,model,sst,1690,0.12728150089581808,0.1221910536289215,0.13061553835868836
rmse,model,sst,1700,0.12745971630016964,0.12202172577381135,0.13092018365859986
rmse,model,sst,1710,0.12763262738784154,0.12270168215036392,0.13207836747169494
rmse,model,sst,1720,0.12753500392039616,0.12339037656784058,0.13271474242210388
rmse,model,sst,1730,0.12747077246507008,0.12354573160409928,0.131942418217659
rmse,model,sst,1740,0.12775419255097706,0.12387468367815017,0.1319636583328247
rmse,model,sst,1750,0.1281258891026179,0.12428438663482666,0.1323964774608612
rmse,model,sst,1760,0.12840453386306763,0.12423113584518433,0.13279131352901458
rmse,model,sst,1770,0.12853611807028453,0.124602110683918,0.1334657609462738
rmse,model,sst,1780,0.1288241108258565,0.12528052628040315,0.13354095816612244
rmse,model,sst,1790,0.12918950269619625,0.12560804486274718,0.13336134254932402
rmse,model,sst,1800,0.129362549384435,0.12602128684520722,0.1332852214574814
rmse,model,sst,1810,0.12933002909024557,0.1258266657590866,0.13365312218666076
rmse,model,sst,1820,0.1292348911364873,0.12548718452453614,0.1337029904127121
rmse,model,sst,1830,0.1294484704732895,0.12552655041217803,0.13383205235004425
rmse,model,sst,1840,0.12985695054133733,0.12557214498519897,0.13457146286964417
rmse,model,sst,1850,0.1301682194073995,0.12632436454296112,0.13519176542758943
rmse,model,sst,1860,0.13028561969598135,0.12596601843833924,0.1351163685321808
rmse,model,sst,1870,0.1304201066493988,0.12612843215465547,0.13472957909107208
rmse,model,sst,1880,0.1307092274228732,0.12665439248085023,0.1350460797548294
rmse,model,sst,1890,0.13105740149815878,0.1267315298318863,0.13597093522548676
rmse,model,sst,1900,0.13128737807273866,0.12727603018283845,0.13638458251953126
rmse,model,sst,1910,0.13133351902167004,0.1277419149875641,0.135764417052269
rmse,model,sst,1920,0.13142585257689157,0.12737428843975068,0.135056734085083
rmse,model,sst,1930,0.13168047765890759,0.12753205001354218,0.1348861813545227
rmse,model,sst,1940,0.13184277613957723,0.12815585136413574,0.13564741909503936
rmse,model,sst,1950,0.13168148597081503,0.12795367538928987,0.1360558807849884
rmse,model,sst,1960,0.13154400289058685,0.12780316472053527,0.1365164965391159
rmse,model,sst,1970,0.13171062966187794,0.12743833363056184,0.13610982298851013
rmse,model,sst,1980,0.1319583853085836,0.12747696042060852,0.13633671700954436
rmse,model,sst,1990,0.1320799837509791,0.1276928335428238,0.13653163909912108
rmse,model,sst,2000,0.1319306472937266,0.12750157117843627,0.13686728179454805
rmse,climatology,sst,0,0.03586353783806165,0.03459886834025383,0.03733311966061592
rmse,climatology,sst,10,0.03584277207652728,0.03498531430959702,0.03689191937446594
rmse,climatology,sst,20,0.035145272066195804,0.034076900035142896,0.036455847322940826
rmse,climatology,sst,30,0.034696095436811444,0.03345348834991455,0.03603268414735794
rmse,climatology,sst,40,0.035183119028806685,0.03357722461223602,0.036891043186187744
rmse,climatology,sst,50,0.03580729191501935,0.03427343294024467,0.03674617186188698
rmse,climatology,sst,60,0.03574380030234655,0.033828546106815335,0.03763563185930252
rmse,climatology,sst,70,0.035322751849889755,0.03396695703268051,0.0366389088332653
rmse,climatology,sst,80,0.03541247298320135,0.03373383581638336,0.037152519822120665
rmse,climatology,sst,90,0.03588989128669103,0.03354111462831497,0.03865343853831291
rmse,climatology,sst,100,0.03595055118203163,0.034142890572547914,0.03814868703484535
rmse,climatology,sst,110,0.035365428775548935,0.03354725539684296,0.03678755685687065
rmse,climatology,sst,120,0.03529365658760071,0.03425282686948776,0.03604250848293304
rmse,climatology,sst,130,0.035766301304101945,0.0338716596364975,0.037695328891277316
rmse,climatology,sst,140,0.035946563134590784,0.03404800519347191,0.0381098173558712
rmse,climatology,sst,150,0.03574600915114085,0.03394211083650589,0.03760429620742798
rmse,climatology,sst,160,0.03526638696591059,0.033682700246572495,0.03672101125121117
rmse,climatology,sst,170,0.03573939278721809,0.034104416519403456,0.03699813932180405
rmse,climatology,sst,180,0.03633150483171145,0.03515787944197655,0.03777577057480812
rmse,climatology,sst,190,0.036307452619075774,0.03471362367272377,0.03746743127703667
rmse,climatology,sst,200,0.03583108087380727,0.03466975167393684,0.03739098235964775
rmse,climatology,sst,210,0.03543345307310422,0.0338160939514637,0.036677604913711546
rmse,climatology,sst,220,0.03581462229291598,0.03412012532353401,0.03767506256699562
rmse,climatology,sst,230,0.03627328301469485,0.03476360663771629,0.03771256804466248
rmse,climatology,sst,240,0.03626451392968496,0.03531385585665703,0.037539269775152206
rmse,climatology,sst,250,0.035561454792817436,0.033843773603439334,0.037121737748384474
rmse,climatology,sst,260,0.035114123672246936,0.03378449529409409,0.03694229796528816
rmse,climatology,sst,270,0.03559880033135414,0.03403129577636719,0.0369397833943367
rmse,climatology,sst,280,0.03623080129424731,0.034750350564718244,0.03807209655642509
rmse,climatology,sst,290,0.036183669914801916,0.03430693149566651,0.038339413702487946
rmse,climatology,sst,300,0.03578253611922264,0.03367959260940552,0.03723461925983429
rmse,climatology,sst,310,0.03588649357358615,0.034481019526720044,0.03738973289728165
rmse,climatology,sst,320,0.03636371170481046,0.03382003381848335,0.037741437554359436
rmse,climatology,sst,330,0.03642412722110748,0.03472164943814278,0.038173390179872514
rmse,climatology,sst,340,0.035864103585481644,0.034064444899559024,0.03811755552887917
rmse,climatology,sst,350,0.03583326488733292,0.03447898030281067,0.03723231181502342
rmse,climatology,sst,360,0.036343993494908015,0.0347262904047966,0.03785774558782577
rmse,climatology,sst,370,0.03653766786058744,0.03483713641762733,0.038090909272432326
rmse,climatology,sst,380,0.0363276074330012,0.03449054136872291,0.037458498030900955
rmse,climatology,sst,390,0.03583769549926122,0.03436397463083267,0.03791933581233024
rmse,climatology,sst,400,0.036282015840212505,0.03453515768051148,0.03814817294478416
rmse,climatology,sst,410,0.03685501689712207,0.035296620428562166,0.03826046958565712
rmse,climatology,sst,420,0.03682094886898994,0.03570063561201096,0.037793879956007005
rmse,climatology,sst,430,0.03632469500104586,0.035057204961776736,0.03750658258795738
rmse,climatology,sst,440,0.03588851044575373,0.03407384678721428,0.037235038727521895
rmse,climatology,sst,450,0.036205892264842984,0.03386239856481552,0.037902884930372235
rmse,climatology,sst,460,0.036600877344608304,0.03507005050778389,0.03795343413949013
rmse,climatology,sst,470,0.036530935267607374,0.03561638593673706,0.037625277787446974
rmse,climatology,sst,480,0.03576404824852943,0.03414274454116821,0.037263980507850646
rmse,climatology,sst,490,0.03525448242823283,0.033935870975255966,0.03726078495383263
rmse,climatology,sst,500,0.03569012433290482,0.033841077238321304,0.03705059215426445
rmse,climatology,sst,510,0.03627977843085925,0.03514079824090004,0.03736734166741371
rmse,climatology,sst,520,0.03618012393514315,0.03423015251755714,0.03805448561906814
rmse,climatology,sst,530,0.03573754404981931,0.033541636914014815,0.03729495778679848
rmse,climatology,sst,540,0.035810181746880214,0.034401935338973996,0.03748789578676224
rmse,climatology,sst,550,0.03627685705820719,0.03384512886404991,0.037940163910388944
rmse,climatology,sst,560,0.03631326233347257,0.03433681949973107,0.0377442330121994
rmse,climatology,sst,570,0.03573898722728094,0.033836889266967776,0.03754553198814392
rmse,climatology,sst,580,0.035716466854015985,0.03491375595331192,0.03697786256670952
rmse,climatology,sst,590,0.0362531674404939,0.03428765758872032,0.037720806896686554
rmse,climatology,sst,600,0.036485605686903,0.03459439352154732,0.038224310427904126
rmse,climatology,sst,610,0.03631973639130592,0.034144291281700136,0.037621204555034635
rmse,climatology,sst,620,0.0358698271214962,0.03426169082522392,0.03753163814544678
rmse,climatology,sst,630,0.036360414574543636,0.03445655331015587,0.03791699260473251
rmse,climatology,sst,640,0.036968403061230976,0.0350899949669838,0.03898203447461128
rmse,climatology,sst,650,0.03698599090178808,0.035449303686618805,0.03806940540671348
rmse,climatology,sst,660,0.0365417758623759,0.034958554059267045,0.037733040004968646
rmse,climatology,sst,670,0.036136176188786825,0.034322242438793185,0.03812918215990067
rmse,climatology,sst,680,0.03647998571395874,0.03415763303637505,0.03917493298649788
rmse,climatology,sst,690,0.03691917235652606,0.03501670211553574,0.03896466866135597
rmse,climatology,sst,700,0.03691781312227249,0.03585762530565262,0.03796450421214104
rmse,climatology,sst,710,0.036221569031476976,0.034928072988986966,0.03762250021100044
rmse,climatology,sst,720,0.03573780333002408,0.03419497534632683,0.037700528651475905
rmse,climatology,sst,730,0.03617687101165454,0.033812372386455535,0.037877324223518374
rmse,climatology,sst,740,0.036768273015817005,0.03525252267718315,0.038117440044879915
rmse,climatology,sst,750,0.03665009488662084,0.0346177764236927,0.03801281973719597
rmse,climatology,sst,760,0.03617777650554975,0.034003186225891116,0.03827905282378197
rmse,climatology,sst,770,0.036233028521140416,0.034760820865631106,0.03782229572534561
rmse,climatology,sst,780,0.03671364635229111,0.03428620100021362,0.038427338004112244
rmse,climatology,sst,790,0.036774209886789325,0.03477565944194794,0.038086161762475965
rmse,climatology,sst,800,0.036202896386384964,0.03446475490927696,0.03786976858973503
rmse,climatology,sst,810,0.03615993484854698,0.03472685366868973,0.037483885139226916
rmse,climatology,sst,820,0.03668760309616725,0.034688616544008254,0.037968709319829944
rmse,climatology,sst,830,0.036932826538880664,0.035063262283802035,0.03859453275799751
rmse,climatology,sst,840,0.03679487109184265,0.03476379886269569,0.038673266768455505
rmse,climatology,sst,850,0.03636472125848134,0.03453290387988091,0.037852314114570615
rmse,climatology,sst,860,0.03684425229827563,0.035269135236740114,0.03793041929602623
rmse,climatology,sst,870,0.03744587029019992,0.035580433905124664,0.03893640115857124
rmse,climatology,sst,880,0.03747620185216268,0.036151351779699324,0.03929056003689766
rmse,climatology,sst,890,0.03706487913926442,0.03528406172990799,0.03875691443681717
rmse,climatology,sst,900,0.03669971451163292,0.03486536666750908,0.038020606338977816
rmse,climatology,sst,910,0.03707349499066671,0.03495039418339729,0.03886637538671493
rmse,climatology,sst,920,0.03751849184433619,0.03627923130989075,0.0387538306415081
rmse,climatology,sst,930,0.037513130654891334,0.03684903606772423,0.03802497684955597
rmse,climatology,sst,940,0.03680269991358121,0.03509228006005287,0.03873197361826897
rmse,climatology,sst,950,0.03628420407573382,0.034385386109352115,0.03841472417116165
rmse,climatology,sst,960,0.03670212949315707,0.03446721583604813,0.0384765088558197
rmse,climatology,sst,970,0.03729310656587283,0.03597788140177727,0.03847571685910225
rmse,climatology,sst,980,0.03716480334599813,0.035351668298244474,0.038554514199495314
rmse,climatology,sst,990,0.036641517529884975,0.03417059481143951,0.03873329982161522
rmse,climatology,sst,1000,0.0366142064332962,0.03505133017897606,0.039055236428976056
rmse,climatology,sst,1010,0.03703093702594439,0.03487222790718079,0.038510330766439435
rmse,climatology,sst,1020,0.03704803561170896,0.03600161075592041,0.03783606365323067
rmse,climatology,sst,1030,0.03642668624718984,0.034806597232818606,0.03780251368880272
rmse,climatology,sst,1040,0.03631658852100372,0.03514187633991241,0.03715278208255768
rmse,climatology,sst,1050,0.03678984070817629,0.03496327176690102,0.03770325779914856
rmse,climatology,sst,1060,0.03700013781587283,0.034936067461967465,0.03808652758598328
rmse,climatology,sst,1070,0.03682623555262884,0.03469697833061218,0.03801930546760559
rmse,climatology,sst,1080,0.03635845283667247,0.034729189425706866,0.037852014601230624
rmse,climatology,sst,1090,0.03680079206824303,0.035301828384399415,0.03747073411941528
rmse,climatology,sst,1100,0.03738590255379677,0.03538871333003044,0.03837556913495064
rmse,climatology,sst,1110,0.03741086398561796,0.03601568788290024,0.039272794127464296
rmse,climatology,sst,1120,0.03700527399778366,0.03534273505210876,0.03846883997321129
rmse,climatology,sst,1130,0.036645843833684924,0.034902022778987886,0.03773428276181221
rmse,climatology,sst,1140,0.037041395405928296,0.035045114904642106,0.0392119325697422
rmse,climatology,sst,1150,0.03752672076225281,0.03618070781230927,0.0395763173699379
rmse,climatology,sst,1160,0.037579566488663355,0.036685185879468916,0.038588444143533705
rmse,climatology,sst,1170,0.03694030344486236,0.03621607720851898,0.037695594131946564
rmse,climatology,sst,1180,0.036452920238176985,0.03503296375274658,0.03781357780098915
rmse,climatology,sst,1190,0.036873524884382884,0.03453115671873093,0.038898826390504834
rmse,climatology,sst,1200,0.03749893878897031,0.0359345056116581,0.03935915380716324
rmse,climatology,sst,1210,0.037433084348837534,0.035426079481840136,0.03881007730960846
rmse,climatology,sst,1220,0.03696424166361491,0.03570367395877838,0.03860126957297325
rmse,climatology,sst,1230,0.036944344143072766,0.035069889575243,0.0386266715824604
rmse,climatology,sst,1240,0.037393113722403844,0.03487356752157211,0.03966833502054214
rmse,climatology,sst,1250,0.037476721405982974,0.03560762330889702,0.03890044540166855
rmse,climatology,sst,1260,0.036923222988843915,0.035084237903356554,0.038173869252204895
rmse,climatology,sst,1270,0.03682635004321734,0.035733085870742795,0.037905653566122056
rmse,climatology,sst,1280,0.03729498262206713,0.0357331246137619,0.03857705667614937
rmse,climatology,sst,1290,0.037497049073378245,0.035581334680318835,0.03878495693206787
rmse,climatology,sst,1300,0.037305253992478055,0.03587813973426819,0.03885509520769119
rmse,climatology,sst,1310,0.03682028080026309,0.035159898549318315,0.03817600607872009
rmse,climatology,sst,1320,0.03724522863825162,0.03621633276343346,0.03786457777023315
rmse,climatology,sst,1330,0.03784787356853485,0.036413141340017316,0.03928220570087433
rmse,climatology,sst,1340,0.03788352981209755,0.036535836011171344,0.039541003108024594
rmse,climatology,sst,1350,0.03747941379745801,0.036213535070419314,0.03888581395149231
rmse,climatology,sst,1360,0.03710650453964869,0.03610082119703293,0.038161910325288775
rmse,climatology,sst,1370,0.03750019893050194,0.036248819530010225,0.03904894143342972
rmse,climatology,sst,1380,0.038002135852972664,0.03684919774532318,0.039368489384651185
rmse,climatology,sst,1390,0.03808211882909139,0.03701854720711708,0.03956103920936584
rmse,climatology,sst,1400,0.03745740950107575,0.03597104921936989,0.03892448395490646
rmse,climatology,sst,1410,0.03694713786244393,0.03558381199836731,0.03817173019051552
rmse,climatology,sst,1420,0.03736915464202563,0.03648394271731377,0.038697338104248045
rmse,climatology,sst,1430,0.038022493074337645,0.03640903979539871,0.03915652558207512
rmse,climatology,sst,1440,0.03800098672509193,0.03650927320122719,0.03967575505375862
rmse,climatology,sst,1450,0.03756098349889119,0.03546602502465248,0.03923643380403519
rmse,climatology,sst,1460,0.03754310235381127,0.036226335912942886,0.03937851563096047
rmse,climatology,sst,1470,0.03798958162466685,0.03600414991378784,0.03968300819396973
rmse,climatology,sst,1480,0.038078271845976515,0.03718497753143311,0.038940231502056125
rmse,climatology,sst,1490,0.037514918794234596,0.036320507526397705,0.039036884903907776
rmse,climatology,sst,1500,0.037369206299384436,0.036176484823226926,0.038897638022899625
rmse,climatology,sst,1510,0.03781284143527349,0.036812685430049896,0.03917098566889763
rmse,climatology,sst,1520,0.03801872283220291,0.03640052154660225,0.0393196627497673
rmse,climatology,sst,1530,0.037806723018487295,0.036695846170186994,0.038681145012378695
rmse,climatology,sst,1540,0.037261815865834554,0.03627842962741852,0.038872157037258145
rmse,climatology,sst,1550,0.03758601397275925,0.03640599772334099,0.03876919448375702
rmse,climatology,sst,1560,0.038128936539093654,0.03679136261343956,0.039462903141975404
rmse,climatology,sst,1570,0.03813652545213699,0.03687359318137169,0.03956546783447266
rmse,climatology,sst,1580,0.03769235635797183,0.03622844591736794,0.03912506178021431
rmse,climatology,sst,1590,0.0372507964571317,0.03623601943254471,0.03831827715039253
rmse,climatology,sst,1600,0.037579562763373056,0.03587449863553047,0.039265237748622894
rmse,climatology,sst,1610,0.03805339485406876,0.036890041828155515,0.039502297341823575
rmse,climatology,sst,1620,0.038131395975748696,0.03744224235415459,0.03909001499414444
rmse,climatology,sst,1630,0.03750097279747327,0.03641021922230721,0.03882350474596023
rmse,climatology,sst,1640,0.036939340829849246,0.03597211390733719,0.038147833943367
rmse,climatology,sst,1650,0.03732461755474408,0.03599666282534599,0.03852799981832504
rmse,climatology,sst,1660,0.037984999765952425,0.0364486999809742,0.03890292271971703
rmse,climatology,sst,1670,0.037999216467142105,0.036171320080757144,0.039855504781007765
rmse,climatology,sst,1680,0.03758783663312594,0.036139534413814546,0.039054843783378604
rmse,climatology,sst,1690,0.03758324359854062,0.03634024038910866,0.03905220702290535
rmse,climatology,sst,1700,0.03805296098192533,0.03587862327694893,0.0402896873652935
rmse,climatology,sst,1710,0.038204209258159004,0.03642105907201767,0.04012679979205132
rmse,climatology,sst,1720,0.03771301507949829,0.03592336475849152,0.03904058337211609
rmse,climatology,sst,1730,0.03758103574315707,0.0364279143512249,0.038365377485752104
rmse,climatology,sst,1740,0.03803151200215022,0.036367786675691606,0.03982338607311249
rmse,climatology,sst,1750,0.03827331910530726,0.03632564842700958,0.04045335724949837
rmse,climatology,sst,1760,0.03811248491207759,0.03648782595992088,0.03997520655393601
rmse,climatology,sst,1770,0.0375996137658755,0.035899095237255096,0.03928003534674644
rmse,climatology,sst,1780,0.03793612942099571,0.03618549481034279,0.039295445382595065
rmse,climatology,sst,1790,0.03853851358095805,0.03736296221613884,0.040231728553771974
rmse,climatology,sst,1800,0.03862226555744807,0.03724394738674164,0.03972473740577698
rmse,climatology,sst,1810,0.03822643434007963,0.036985335499048234,0.03954637348651886
rmse,climatology,sst,1820,0.037773331503073375,0.03643437847495079,0.038700814545154574
rmse,climatology,sst,1830,0.038060584912697475,0.03632131963968277,0.04002750888466835
rmse,climatology,sst,1840,0.03851860389113426,0.03692813888192177,0.0402717150747776
rmse,climatology,sst,1850,0.03861292699972788,0.03774113953113556,0.03987995162606239
rmse,climatology,sst,1860,0.0380136288702488,0.036539994180202484,0.03949031010270119
rmse,climatology,sst,1870,0.03743442296981812,0.03626400306820869,0.03903387486934662
rmse,climatology,sst,1880,0.0377909113963445,0.036228854954242704,0.03931543380022049
rmse,climatology,sst,1890,0.038455842932065325,0.036798206716775896,0.0398880273103714
rmse,climatology,sst,1900,0.03849529003103574,0.036859811097383496,0.040409908443689344
rmse,climatology,sst,1910,0.038089220474163694,0.03587002456188202,0.039724281430244444
rmse,climatology,sst,1920,0.038081710288921995,0.03704383000731468,0.03957583829760551
rmse,climatology,sst,1930,0.038561595728000005,0.03616624772548675,0.03986327052116394
rmse,climatology,sst,1940,0.03872970367471377,0.03709344863891602,0.04009631499648094
rmse,climatology,sst,1950,0.03824923286835353,0.03621130660176277,0.04035757407546044
rmse,climatology,sst,1960,0.038089361041784286,0.03671466335654259,0.03983488455414772
rmse,climatology,sst,1970,0.03855742365121841,0.03722188398241997,0.03989393934607506
rmse,climatology,sst,1980,0.03884784032901128,0.03692566081881523,0.04031543508172035
rmse,climatology,sst,1990,0.03872889280319214,0.03699646666646004,0.04009509086608887
rmse,climatology,sst,2000,0.03823213502764702,0.03671831265091896,0.04015186205506325
rmse,persistence,sst,0,0.0,0.0,0.0
rmse,persistence,sst,10,0.014342173064748446,0.0126594927161932,0.015243665501475333
rmse,persistence,sst,20,0.025772752861181896,0.024472156167030336,0.027891432493925096
rmse,persistence,sst,30,0.03378163998325666,0.032366030663251874,0.03562517911195755
rmse,persistence,sst,40,0.04086349954207738,0.039189108461141584,0.0427373081445694
rmse,persistence,sst,50,0.047717892378568647,0.045529893785715106,0.049124127626419066
rmse,persistence,sst,60,0.052322313437859216,0.05078078508377075,0.05377826914191246
rmse,persistence,sst,70,0.053506466746330264,0.05198366343975067,0.05540338531136513
rmse,persistence,sst,80,0.05338766301671664,0.04996545612812042,0.05683872327208519
rmse,persistence,sst,90,0.05349472338954608,0.048688740283250806,0.05800112038850784
rmse,persistence,sst,100,0.0528300774594148,0.04969002455472946,0.05681174099445343
rmse,persistence,sst,110,0.05100954497853915,0.04968932494521141,0.052915504574775694
rmse,persistence,sst,120,0.05078787331779798,0.04931846559047699,0.05259901061654091
rmse,persistence,sst,130,0.05267069910963376,0.04846329018473625,0.05664711743593216
rmse,persistence,sst,140,0.054148029536008835,0.051145099103450775,0.05799391642212868
rmse,persistence,sst,150,0.05431077529986699,0.051637867093086244,0.05710161253809929
rmse,persistence,sst,160,0.05401342436671257,0.05158550813794136,0.05650310441851616
rmse,persistence,sst,170,0.05321465606490771,0.05085632428526878,0.055994124710559846
rmse,persistence,sst,180,0.049695734928051634,0.04749989584088325,0.051882697641849516
rmse,persistence,sst,190,0.04327064702908198,0.04172181189060211,0.04552987813949585
rmse,persistence,sst,200,0.03577970440189044,0.032722875475883484,0.03842721208930015
rmse,persistence,sst,210,0.028036125873525938,0.024395070597529413,0.030610596388578416
rmse,persistence,sst,220,0.019414161518216132,0.01686061769723892,0.023279260098934173
rmse,persistence,sst,230,0.01358227723588546,0.009625823982059956,0.018855345249176026
rmse,persistence,sst,240,0.020173709467053415,0.017716214433312415,0.024368885904550552
rmse,persistence,sst,250,0.029488287617762884,0.02747081220149994,0.03200213462114334
rmse,persistence,sst,260,0.036669249087572096,0.034287494421005246,0.03930341973900795
rmse,persistence,sst,270,0.04325492456555367,0.0415705606341362,0.044397313892841336
rmse,persistence,sst,280,0.04974266365170479,0.04849349334836006,0.0511583112180233
rmse,persistence,sst,290,0.05409065584341685,0.05293145477771759,0.055674098432064056
rmse,persistence,sst,300,0.05511959766348203,0.05276100113987923,0.05639136135578156
rmse,persistence,sst,310,0.0548988401889801,0.053428081423044206,0.05730367600917816
rmse,persistence,sst,320,0.054902223000923796,0.051568777114152906,0.057522454857826234
rmse,persistence,sst,330,0.054112728436787924,0.051722501963377,0.05627142190933228
rmse,persistence,sst,340,0.05219740321238835,0.050305378437042234,0.05440936163067818
rmse,persistence,sst,350,0.051871210088332495,0.050623925775289534,0.05383527725934982
rmse,persistence,sst,360,0.053606756031513214,0.05049685537815094,0.05586873143911362
rmse,persistence,sst,370,0.05489562725027402,0.051040422171354294,0.057286138832569125
rmse,persistence,sst,380,0.05485897983113925,0.05226675048470497,0.057243659347295764
rmse,persistence,sst,390,0.05437513142824173,0.051715513318777086,0.05702133402228355
rmse,persistence,sst,400,0.05340130552649498,0.05055049881339073,0.05499211773276329
rmse,persistence,sst,410,0.04970835894346237,0.04739129617810249,0.050788046419620515
rmse,persistence,sst,420,0.04308040762941043,0.041167060285806654,0.04528492614626885
rmse,persistence,sst,430,0.035302322606245676,0.03230435401201248,0.038670385628938674
rmse,persistence,sst,440,0.027088009441892307,0.023700638487935067,0.029980994015932082
rmse,persistence,sst,450,0.017478564816216628,0.014548207074403763,0.020097552239894866
rmse,persistence,sst,460,0.009428968032201132,0.004339044447988272,0.013159464672207832
rmse,persistence,sst,470,0.017076178702215353,0.015070532262325288,0.01892644464969635
rmse,persistence,sst,480,0.02705059995253881,0.025657837465405463,0.0289798017591238
rmse,persistence,sst,490,0.03438603008786837,0.033047613501548764,0.03647859469056129
rmse,persistence,sst,500,0.04102111458778381,0.039742492884397504,0.043103769421577454
rmse,persistence,sst,510,0.04758801683783531,0.0456268198788166,0.04876111224293709
rmse,persistence,sst,520,0.05195801084240278,0.05056465938687325,0.05317779257893562
rmse,persistence,sst,530,0.05290730049212774,0.051120951771736145,0.05489844903349876
rmse,persistence,sst,540,0.05256712560852369,0.049471714347600934,0.056112419813871384
rmse,persistence,sst,550,0.05254083747665087,0.04781275168061257,0.05575837194919586
rmse,persistence,sst,560,0.051765282700459166,0.04925051927566528,0.054546522349119185
rmse,persistence,sst,570,0.049835926045974095,0.0491014689207077,0.05093172043561935
rmse,persistence,sst,580,0.049605073779821394,0.04862002655863762,0.0506120815873146
rmse,persistence,sst,590,0.0515733336408933,0.0477925218641758,0.05509580001235008
rmse,persistence,sst,600,0.05312901164094607,0.04995290488004685,0.05666366145014763
rmse,persistence,sst,610,0.05333761150638262,0.0503219336271286,0.05596870854496956
rmse,persistence,sst,620,0.05309142197171847,0.05117796808481216,0.05563449040055275
rmse,persistence,sst,630,0.05236916293700536,0.049798349291086196,0.05540458559989929
rmse,persistence,sst,640,0.04889003659288089,0.046614018827676774,0.05191115289926529
rmse,persistence,sst,650,0.04244591270883878,0.04042492359876633,0.04483566209673882
rmse,persistence,sst,660,0.03486975145836671,0.031970929354429245,0.03858346566557884
rmse,persistence,sst,670,0.026940769081314406,0.02251545339822769,0.031173691153526306
rmse,persistence,sst,680,0.01791014280170202,0.014127536863088609,0.02193762883543968
rmse,persistence,sst,690,0.011359312323232491,0.0067238003015518185,0.016667484119534493
rmse,persistence,sst,700,0.018797227554023264,0.01600802019238472,0.02198590263724327
rmse,persistence,sst,710,0.02866350213686625,0.025911174714565277,0.030884942412376402
rmse,persistence,sst,720,0.036013318598270415,0.033857380598783494,0.03795585557818413
rmse,persistence,sst,730,0.042625577499469124,0.04058902710676193,0.04422912150621414
rmse,persistence,sst,740,0.049157958229382834,0.04772840589284897,0.05061473473906517
rmse,persistence,sst,750,0.05353877072532972,0.05175203382968903,0.05501165315508842
rmse,persistence,sst,760,0.05457255144913991,0.05228985473513603,0.057067009806633
rmse,persistence,sst,770,0.05433017934362094,0.05146925151348114,0.05719546005129814
rmse,persistence,sst,780,0.054387276122967405,0.05017496272921562,0.05757963210344315
rmse,persistence,sst,790,0.05367635289827983,0.05033791810274124,0.05611467212438583
rmse,persistence,sst,800,0.05181108638644218,0.050572507083415985,0.05344843119382858
rmse,persistence,sst,810,0.05154436727364858,0.050087384134531024,0.05286948010325432
rmse,persistence,sst,820,0.05341176067789396,0.04890896081924438,0.05568311959505081
rmse,persistence,sst,830,0.05487822741270065,0.05137563496828079,0.05785623639822006
rmse,persistence,sst,840,0.055024098108212155,0.0514814130961895,0.057343074679374696
rmse,persistence,sst,850,0.05471075475215912,0.05268699750304222,0.056770394742488864
rmse,persistence,sst,860,0.05393773938218752,0.051643402129411695,0.05559158027172088
rmse,persistence,sst,870,0.05047194883227348,0.04812443256378174,0.05287478789687157
rmse,persistence,sst,880,0.04413122360905011,0.04182276651263237,0.046827074885368344
rmse,persistence,sst,890,0.036772483090559645,0.03377849161624909,0.03995151743292808
rmse,persistence,sst,900,0.029218649367491405,0.02676404416561127,0.03236966654658317
rmse,persistence,sst,910,0.020751079668601354,0.01833311580121517,0.024780942499637602
rmse,persistence,sst,920,0.014452433865517377,0.008590245619416237,0.019868284091353418
rmse,persistence,sst,930,0.020236216112971307,0.016745996847748756,0.02423073723912239
rmse,persistence,sst,940,0.029259529213110605,0.026404137909412383,0.031625781953334806
rmse,persistence,sst,950,0.036191803465286894,0.033470281213521955,0.03910278081893921
rmse,persistence,sst,960,0.042526960372924805,0.04102594181895256,0.04520147442817688
rmse,persistence,sst,970,0.0488926462829113,0.0471532329916954,0.05066236406564713
rmse,persistence,sst,980,0.05316632588704427,0.051950708776712415,0.05438339039683342
rmse,persistence,sst,990,0.054049471765756606,0.0519274964928627,0.056283453851938246
rmse,persistence,sst,1000,0.05356634606917699,0.050617318600416183,0.056627853959798816
rmse,persistence,sst,1010,0.05340312123298645,0.04999433234333992,0.05650062039494515
rmse,persistence,sst,1020,0.05249975000818571,0.050389090180397035,0.054968546330928805
rmse,persistence,sst,1030,0.050369159877300264,0.049134507030248645,0.05160581097006798
rmse,persistence,sst,1040,0.04981060003240903,0.04866815656423569,0.05052921548485756
rmse,persistence,sst,1050,0.05151003872354825,0.04802626743912697,0.054652824997901917
rmse,persistence,sst,1060,0.05288947969675064,0.04969375878572464,0.056419802457094194
rmse,persistence,sst,1070,0.052926663557688394,0.0499290481209755,0.0555010125041008
rmse,persistence,sst,1080,0.05250383665164312,0.05046925768256187,0.054850386828184126
rmse,persistence,sst,1090,0.051690173149108884,0.049543239176273346,0.054151241481304166
rmse,persistence,sst,1100,0.04814454813798268,0.04601842537522316,0.04995395764708519
rmse,persistence,sst,1110,0.0415484311679999,0.040132112056016925,0.04288432151079178
rmse,persistence,sst,1120,0.03373401239514351,0.031521215289831164,0.036225703358650205
rmse,persistence,sst,1130,0.025518237178524337,0.021364090219140052,0.028466800600290297
rmse,persistence,sst,1140,0.015796867137153944,0.012210321053862572,0.018293221294879914
rmse,persistence,sst,1150,0.007401852930585543,0.004824517108500004,0.009749681316316127
rmse,persistence,sst,1160,0.016261357503632706,0.014508150517940521,0.018414903804659842
rmse,persistence,sst,1170,0.027088339875141778,0.025199628621339797,0.02910625413060188
rmse,persistence,sst,1180,0.03484676356116931,0.03336902782320976,0.03660210594534874
rmse,persistence,sst,1190,0.04160793547828992,0.03984948992729187,0.043890907615423205
rmse,persistence,sst,1200,0.048310752213001254,0.04649471342563629,0.050684739649295804
rmse,persistence,sst,1210,0.052905471871296565,0.05121065825223923,0.05479270666837692
rmse,persistence,sst,1220,0.05406960919499397,0.05209640860557556,0.05607904195785522
rmse,persistence,sst,1230,0.053787433604399366,0.050664205104112625,0.05729379504919052
rmse,persistence,sst,1240,0.05384033893545469,0.04944745972752571,0.057955825328826906
rmse,persistence,sst,1250,0.05321991915504138,0.04981998279690743,0.05668055638670921
rmse,persistence,sst,1260,0.05137457922101021,0.05017459765076637,0.053018908202648166
rmse,persistence,sst,1270,0.051000573734442396,0.04974210411310196,0.052632583677768706
rmse,persistence,sst,1280,0.052838296194871265,0.0491297759115696,0.05600306838750839
rmse,persistence,sst,1290,0.05435851067304611,0.0512733481824398,0.05750085636973381
rmse,persistence,sst,1300,0.0545381876329581,0.051649530231952664,0.05695526972413063
rmse,persistence,sst,1310,0.05424616684516271,0.0521657332777977,0.055977966636419296
rmse,persistence,sst,1320,0.05360575666030248,0.05175925344228745,0.05542759597301483
rmse,persistence,sst,1330,0.050331501414378484,0.04833252355456352,0.05205140933394432
rmse,persistence,sst,1340,0.04411787663896879,0.04199285879731178,0.04530840963125229
rmse,persistence,sst,1350,0.03685391967495282,0.03419994860887528,0.038708065450191495
rmse,persistence,sst,1360,0.02951900822420915,0.027557941153645515,0.031321597099304196
rmse,persistence,sst,1370,0.021463838467995325,0.019273319095373154,0.02392343133687973
rmse,persistence,sst,1380,0.01557268997033437,0.01171952709555626,0.02127082720398903
rmse,persistence,sst,1390,0.020879805833101273,0.017781536653637887,0.024669424071907996
rmse,persistence,sst,1400,0.029862074678142867,0.0268544040620327,0.03312813714146614
rmse,persistence,sst,1410,0.03685241714119911,0.03388630673289299,0.03973981738090515
rmse,persistence,sst,1420,0.043149263908465706,0.04114508107304573,0.04550061225891113
rmse,persistence,sst,1430,0.04953913415471713,0.04797031208872795,0.0511245533823967
rmse,persistence,sst,1440,0.05398455485701561,0.05295773521065712,0.055598893016576764
rmse,persistence,sst,1450,0.055063334107398984,0.052599330246448514,0.05653746277093887
rmse,persistence,sst,1460,0.05462956006328265,0.05280896723270416,0.056942921876907346
rmse,persistence,sst,1470,0.05450225745638212,0.050882553309202196,0.057488644123077394
rmse,persistence,sst,1480,0.0537232240041097,0.05186785981059074,0.05612531453371048
rmse,persistence,sst,1490,0.05168130497137705,0.0496942512691021,0.053084705770015714
rmse,persistence,sst,1500,0.051016421616077424,0.0492226667702198,0.052604728192090985
rmse,persistence,sst,1510,0.05264909838636716,0.050029894709587096,0.05512223020195961
rmse,persistence,sst,1520,0.05405475695927938,0.05083340033888817,0.05691231191158295
rmse,persistence,sst,1530,0.05408190116286278,0.05168257057666779,0.05612693950533867
rmse,persistence,sst,1540,0.053577177226543427,0.05128649920225144,0.05591514930129051
rmse,persistence,sst,1550,0.05276870851715406,0.05014219582080841,0.054688944667577746
rmse,persistence,sst,1560,0.04933400154113769,0.04688008204102516,0.050854223966598514
rmse,persistence,sst,1570,0.042791324605544405,0.040962981432676314,0.043985381722450256
rmse,persistence,sst,1580,0.03488776634136836,0.03232443854212761,0.03741969987750053
rmse,persistence,sst,1590,0.026548335701227187,0.02314663529396057,0.02928716652095318
rmse,persistence,sst,1600,0.016624509853621326,0.013699920289218426,0.018441808223724366
rmse,persistence,sst,1610,0.006681225697199504,0.0059231708757579325,0.0074724660255014895
rmse,persistence,sst,1620,0.014431111452480157,0.013307574205100536,0.01530824713408947
rmse,persistence,sst,1630,0.025528988614678384,0.024133486673235893,0.027535681053996085
rmse,persistence,sst,1640,0.033398652573426564,0.031950533390045166,0.035262033343315125
rmse,persistence,sst,1650,0.04018817792336146,0.03910118713974953,0.04214852526783943
rmse,persistence,sst,1660,0.04703197777271271,0.04505118876695633,0.048323669284582135
rmse,persistence,sst,1670,0.05189971228440603,0.05051866322755814,0.05291522666811943
rmse,persistence,sst,1680,0.05327233970165253,0.051656588166952136,0.05512722209095955
rmse,persistence,sst,1690,0.053005799651145935,0.05008811503648758,0.05636044964194298
rmse,persistence,sst,1700,0.05306577781836192,0.048269619792699815,0.056702477484941484
rmse,persistence,sst,1710,0.052575572828451794,0.04948858246207237,0.05635155364871025
rmse,persistence,sst,1720,0.050783383349577584,0.04959702864289284,0.05285925567150116
rmse,persistence,sst,1730,0.05026029422879219,0.04887804612517357,0.05181989744305611
rmse,persistence,sst,1740,0.05206938982009888,0.04825796857476235,0.055875588208436966
rmse,persistence,sst,1750,0.0537408413986365,0.050086771696805955,0.05793424099683762
rmse,persistence,sst,1760,0.05404146139820417,0.05115700736641884,0.05715201050043106
rmse,persistence,sst,1770,0.05377030894160271,0.05153503119945526,0.05644671097397804
rmse,persistence,sst,1780,0.053266913443803784,0.051065674424171446,0.05601810663938522
rmse,persistence,sst,1790,0.0502449261645476,0.04788195937871933,0.05267414599657059
rmse,persistence,sst,1800,0.04418715263406436,0.042445632815361026,0.046522456407547
rmse,persistence,sst,1810,0.03687167267004649,0.03400517776608467,0.03979562520980835
rmse,persistence,sst,1820,0.029429901018738748,0.025494967028498648,0.0329206682741642
rmse,persistence,sst,1830,0.021206201116243998,0.018236475065350533,0.02451503686606884
rmse,persistence,sst,1840,0.014595469273626805,0.011150159128010272,0.019734295457601546
rmse,persistence,sst,1850,0.019468014066418012,0.01686202697455883,0.023291854560375212
rmse,persistence,sst,1860,0.02882513205210368,0.027035997062921525,0.032084970921278
rmse,persistence,sst,1870,0.03609299808740616,0.03368526771664619,0.039137321710586544
rmse,persistence,sst,1880,0.042452782144149145,0.04083805307745934,0.04425723254680634
rmse,persistence,sst,1890,0.04897013207276662,0.047286206483840944,0.04992113262414932
rmse,persistence,sst,1900,0.05373059014479319,0.05265253782272339,0.05499091371893883
rmse,persistence,sst,1910,0.055126221974690755,0.052752796560525894,0.056463868170976636
rmse,persistence,sst,1920,0.05483358378211657,0.053146136552095415,0.057156923413276675
rmse,persistence,sst,1930,0.05481044724583626,0.05165273547172546,0.0575889527797699
rmse,persistence,sst,1940,0.054249451806147896,0.051644818484783174,0.05659722238779068
rmse,persistence,sst,1950,0.05238243689139684,0.050436291843652725,0.05418087914586067
rmse,persistence,sst,1960,0.05163979008793831,0.050160057842731476,0.053717952221632004
rmse,persistence,sst,1970,0.053265710423390074,0.050330120325088504,0.05500746369361877
rmse,persistence,sst,1980,0.05483530436952909,0.050831033289432524,0.057298439741134646
rmse,persistence,sst,1990,0.055036860952774685,0.05214149802923203,0.057228629291057584
rmse,persistence,sst,2000,0.054615119099617006,0.05212849155068398,0.05740651339292526
acc,selected,surface_u,0,1.0,1.0,1.0
acc,selected,surface_u,10,0.9708920240402221,0.9602585911750794,0.9800485849380494
acc,selected,surface_u,20,0.9353341539700826,0.9113079071044922,0.9560152292251587
acc,selected,surface_u,30,0.905114988485972,0.8717345356941223,0.9388535141944885
acc,selected,surface_u,40,0.8825825413068136,0.8389976143836975,0.9267586946487427
acc,selected,surface_u,50,0.8624087452888489,0.8009910225868225,0.9087112069129943
acc,selected,surface_u,60,0.837228020032247,0.7575083255767823,0.8939100623130798
acc,selected,surface_u,70,0.8086635748545329,0.7100540161132812,0.8911010146141052
acc,selected,surface_u,80,0.7795125643412272,0.6548523664474487,0.8870292901992798
acc,selected,surface_u,90,0.7499505837758382,0.6136745333671569,0.8789971828460693
acc,selected,surface_u,100,0.7230388323465983,0.6075591921806336,0.8665467977523804
acc,selected,surface_u,110,0.6988746484120687,0.5846577167510987,0.8447345733642578
acc,selected,surface_u,120,0.6729959785938263,0.55578533411026,0.813923704624176
acc,selected,surface_u,130,0.6447019974390665,0.5194405674934387,0.7775226950645446
acc,selected,surface_u,140,0.6165209174156189,0.4941927492618561,0.7499990582466125
acc,selected,surface_u,150,0.5870194474856059,0.4579017817974091,0.7318131327629089
acc,selected,surface_u,160,0.5552960058053334,0.40574606060981755,0.706017816066742
acc,selected,surface_u,170,0.5248743851979574,0.3557089865207672,0.6641125679016113
acc,selected,surface_u,180,0.4970554997523626,0.31016452908515935,0.6258980751037597
acc,selected,surface_u,190,0.46826674938201907,0.27782792747020724,0.5919767260551453
acc,selected,surface_u,200,0.43699977099895476,0.24838994145393373,0.5544922471046447
acc,prior,surface_u,0,1.0,1.0,1.0
acc,prior,surface_u,10,0.923019274075826,0.8955985903739929,0.9467354536056518
acc,prior,surface_u,20,0.8457298755645752,0.7937666654586792,0.8861368775367737
acc,prior,surface_u,30,0.7654082576433817,0.6977087140083313,0.8131962537765502
acc,prior,surface_u,40,0.6938343644142151,0.607269549369812,0.7558822274208069
acc,prior,surface_u,50,0.630930499235789,0.5216299831867218,0.7119266271591186
acc,prior,surface_u,60,0.5691172897815704,0.4480836868286133,0.6651533603668213
acc,prior,surface_u,70,0.5147295236587525,0.3894598066806793,0.617567241191864
acc,prior,surface_u,80,0.46937117775281273,0.332104754447937,0.5686591982841491
acc,prior,surface_u,90,0.4317199230194092,0.3023409068584442,0.5386245489120484
acc,prior,surface_u,100,0.3983376036087672,0.28351491689682007,0.5027268052101135
acc,prior,surface_u,110,0.36559801002343495,0.25409128665924074,0.4683855950832367
acc,prior,surface_u,120,0.3333080321550369,0.21351716816425323,0.439337295293808
acc,prior,surface_u,130,0.30699345767498015,0.1851283609867096,0.41924789547920227
acc,prior,surface_u,140,0.2858101268609365,0.16515273153781893,0.3989669859409332
acc,prior,surface_u,150,0.26334405144055684,0.13612219095230105,0.37550129294395446
acc,prior,surface_u,160,0.23959997817873954,0.10332643017172816,0.36212751269340515
acc,prior,surface_u,170,0.21586359438175956,0.09194558858871461,0.3458662688732147
acc,prior,surface_u,180,0.19124215319752694,0.07388617545366288,0.32146933674812317
acc,prior,surface_u,190,0.16531779579818248,0.04882733039557935,0.29377391934394836
acc,prior,surface_u,200,0.13989386484026908,0.021588978171348576,0.25971431136131284
acc,selected,surface_v,0,1.0,1.0,1.0
acc,selected,surface_v,10,0.8809935331344605,0.8630670428276062,0.9013307094573975
acc,selected,surface_v,20,0.772287146250407,0.7310740947723389,0.8061589241027832
acc,selected,surface_v,30,0.7159132838249207,0.6760035991668701,0.761074423789978
acc,selected,surface_v,40,0.6714123447736104,0.5976519346237182,0.7327433586120605
acc,selected,surface_v,50,0.6350123564402262,0.5567498445510864,0.6922068357467651
acc,selected,surface_v,60,0.6107262571652731,0.5566766262054443,0.6624913454055786
acc,selected,surface_v,70,0.5736443559328716,0.46648394465446474,0.6441610455513
acc,selected,surface_v,80,0.5403998752435049,0.43935918211936953,0.6288194179534912
acc,selected,surface_v,90,0.5276260058085124,0.45171878337860105,0.5955268144607544
acc,selected,surface_v,100,0.5090308825174967,0.44474612474441527,0.5563937902450562
acc,selected,surface_v,110,0.48186691403388976,0.39006789922714236,0.5389094948768616
acc,selected,surface_v,120,0.45987663269042967,0.37945714592933655,0.5269449710845947
acc,selected,surface_v,130,0.44311846097310387,0.3907666981220245,0.49915868043899536
acc,selected,surface_v,140,0.4273362656434377,0.35407874584197996,0.4955965161323547
acc,selected,surface_v,150,0.4009910225868225,0.3276540279388428,0.48037840723991393
acc,selected,surface_v,160,0.37208795845508574,0.2851258099079132,0.4583448529243469
acc,selected,surface_v,170,0.3651035795609156,0.27088906764984133,0.435957258939743
acc,selected,surface_v,180,0.3608340342839559,0.2826623260974884,0.4374678909778595
acc,selected,surface_v,190,0.34806172251701356,0.25905693769454957,0.43638003468513487
acc,selected,surface_v,200,0.32906395296255747,0.2380499005317688,0.40337047576904295
acc,prior,surface_v,0,1.0,1.0,1.0
acc,prior,surface_v,10,0.6336687604586283,0.6109683394432068,0.6520888686180115
acc,prior,surface_v,20,0.4926761150360107,0.46678457856178285,0.5251035213470459
acc,prior,surface_v,30,0.42484923005104064,0.3815354764461517,0.4938126444816589
acc,prior,surface_v,40,0.39195261398951214,0.34298236966133117,0.45666993260383604
acc,prior,surface_v,50,0.36882513960202534,0.3219996511936188,0.4285199522972107
acc,prior,surface_v,60,0.3513846258322398,0.2987160742282867,0.4114573001861572
acc,prior,surface_v,70,0.3232857982317607,0.2650555968284607,0.37934024930000304
acc,prior,surface_v,80,0.31454446315765383,0.27300994396209716,0.34900925159454343
acc,prior,surface_v,90,0.32128018339474995,0.2809011697769165,0.35670067071914674
acc,prior,surface_v,100,0.32735935350259143,0.2625435352325439,0.3776462435722351
acc,prior,surface_v,110,0.3159682244062424,0.2415635347366333,0.37736104130744935
acc,prior,surface_v,120,0.2927722225586573,0.21793639063835143,0.3414917826652527
acc,prior,surface_v,130,0.27206821739673615,0.20004690885543824,0.332179868221283
acc,prior,surface_v,140,0.25577462315559385,0.17232702672481537,0.33317387104034424
acc,prior,surface_v,150,0.2530409455299377,0.17685795128345488,0.31046361327171323
acc,prior,surface_v,160,0.2466348131497701,0.19350273311138153,0.2844037652015686
acc,prior,surface_v,170,0.22451161245505016,0.1924700766801834,0.26332093477249147
acc,prior,surface_v,180,0.21069008558988572,0.14192192554473876,0.26382368206977846
acc,prior,surface_v,190,0.20971487661202748,0.12839854061603545,0.26407934427261354
acc,prior,surface_v,200,0.20645326972007752,0.14124405682086943,0.25477885603904726
acc,selected,phihyd_surface,0,1.0,1.0,1.0
acc,selected,phihyd_surface,10,0.9642734845479329,0.9566104292869568,0.9705243110656738
acc,selected,phihyd_surface,20,0.9440693696339925,0.9318763136863708,0.9537843585014343
acc,selected,phihyd_surface,30,0.9338316679000854,0.9195028305053711,0.9453865051269531
acc,selected,phihyd_surface,40,0.9272145509719849,0.9111587405204773,0.9408167839050293
acc,selected,phihyd_surface,50,0.9213531057039896,0.9049091815948487,0.9364725351333618
acc,selected,phihyd_surface,60,0.9147110700607299,0.8972267270088196,0.9311959266662597
acc,selected,phihyd_surface,70,0.9066106081008911,0.8874830722808837,0.9236247897148132
acc,selected,phihyd_surface,80,0.8969752232233683,0.8764891862869263,0.9143324971199036
acc,selected,phihyd_surface,90,0.8864389697710673,0.8643217563629151,0.9038223505020142
acc,selected,phihyd_surface,100,0.8743014295895895,0.8504967570304871,0.8922620415687561
acc,selected,phihyd_surface,110,0.8608204801877339,0.8352387905120849,0.8791606783866882
acc,selected,phihyd_surface,120,0.8470582167307535,0.8208136320114136,0.8644918441772461
acc,selected,phihyd_surface,130,0.8325932463010152,0.806808066368103,0.8492500066757203
acc,selected,phihyd_surface,140,0.81780104637146,0.792943799495697,0.8348166465759277
acc,selected,phihyd_surface,150,0.8033710678418478,0.7796732306480407,0.8198431611061097
acc,selected,phihyd_surface,160,0.7892054319381714,0.7658755064010621,0.8044843554496766
acc,selected,phihyd_surface,170,0.7749906818072001,0.7515312433242798,0.790314507484436
acc,selected,phihyd_surface,180,0.7611347079277039,0.7383705615997315,0.7770110487937927
acc,selected,phihyd_surface,190,0.7480729103088379,0.7261836886405945,0.763269054889679
acc,selected,phihyd_surface,200,0.7358715573946635,0.7142470836639404,0.7497229099273681
acc,prior,phihyd_surface,0,1.0,1.0,1.0
acc,prior,phihyd_surface,10,0.7143520037333171,0.7098306179046631,0.7189683079719543
acc,prior,phihyd_surface,20,0.6081498026847839,0.604248559474945,0.6106450080871582
acc,prior,phihyd_surface,30,0.5607154766718546,0.5552462577819824,0.5667004108428955
acc,prior,phihyd_surface,40,0.5333916385968526,0.5265252113342285,0.541539466381073
acc,prior,phihyd_surface,50,0.5148838957150778,0.5059041500091552,0.5254429101943969
acc,prior,phihyd_surface,60,0.5014852205912272,0.4899012684822083,0.5145975708961487
acc,prior,phihyd_surface,70,0.4914003352324168,0.4772175014019012,0.5068466901779175
acc,prior,phihyd_surface,80,0.4836880385875702,0.4680399358272552,0.5012549519538879
acc,prior,phihyd_surface,90,0.4781082312266032,0.4628804624080658,0.4977223813533783
acc,prior,phihyd_surface,100,0.4727012038230896,0.45745718479156494,0.4938204824924469
acc,prior,phihyd_surface,110,0.46652630567550657,0.45020909905433654,0.4877512514591217
acc,prior,phihyd_surface,120,0.4597399294376373,0.44383618235588074,0.4801064610481262
acc,prior,phihyd_surface,130,0.4520842989285787,0.43706626892089845,0.4730109691619873
acc,prior,phihyd_surface,140,0.4441579282283783,0.4295594871044159,0.46536418199539187
acc,prior,phihyd_surface,150,0.4367946187655131,0.42262128591537473,0.45766531229019164
acc,prior,phihyd_surface,160,0.42976946036020913,0.41638519167900084,0.44869095683097837
acc,prior,phihyd_surface,170,0.42264590263366697,0.4100435972213745,0.4395031452178955
acc,prior,phihyd_surface,180,0.4159373740355174,0.4045355379581451,0.43157493472099306
acc,prior,phihyd_surface,190,0.4100948989391327,0.3981617152690887,0.4253408432006836
acc,prior,phihyd_surface,200,0.40473512808481854,0.3936314582824707,0.41993558406829834
acc,selected,sst,0,1.0,1.0,1.0
acc,selected,sst,10,0.8863238414128621,0.8708676695823669,0.9007005572319031
acc,selected,sst,20,0.7757041970888774,0.7458345770835877,0.7992307066917419
acc,selected,sst,30,0.7001849373181661,0.6629703879356384,0.7288791060447692
acc,selected,sst,40,0.640548312664032,0.598688280582428,0.6702173948287964
acc,selected,sst,50,0.5899684270222981,0.5413433670997619,0.6182230472564697
acc,selected,sst,60,0.5488054354985555,0.5052351832389832,0.574411952495575
acc,selected,sst,70,0.5099834263324737,0.46977035999298095,0.5337689757347107
acc,selected,sst,80,0.47289368907610574,0.4322693347930908,0.49232164621353147
acc,selected,sst,90,0.43519299626350405,0.38841681480407714,0.4585068464279175
acc,selected,sst,100,0.3961755176385244,0.3483375072479248,0.42000755071640017
acc,selected,sst,110,0.35910826722780864,0.3083129465579987,0.38726547360420227
acc,selected,sst,120,0.32191035747528074,0.27808372378349305,0.34794977903366087
acc,selected,sst,130,0.28815368314584094,0.2528036504983902,0.30875080823898315
acc,selected,sst,140,0.26151828169822694,0.23319458961486816,0.28489535450935366
acc,selected,sst,150,0.24355112115542094,0.21945396661758423,0.2647801399230957
acc,selected,sst,160,0.23349095980326334,0.21421240866184235,0.2513539493083954
acc,selected,sst,170,0.22896435459454853,0.20838318765163422,0.2496293842792511
acc,selected,sst,180,0.22669466535250346,0.20520519614219665,0.24849359393119813
acc,selected,sst,190,0.22624445656935374,0.2104313224554062,0.24910147190093995
acc,selected,sst,200,0.22679099837938946,0.20715130269527435,0.24387267529964446
acc,prior,sst,0,1.0,1.0,1.0
acc,prior,sst,10,0.7532570441563924,0.7389938950538635,0.7663842916488648
acc,prior,sst,20,0.5791113575299581,0.558640968799591,0.5915042042732239
acc,prior,sst,30,0.48355482816696166,0.44752864837646483,0.508780574798584
acc,prior,sst,40,0.4228067696094513,0.38691877722740176,0.45675632953643797
acc,prior,sst,50,0.38203224738438923,0.35090493559837344,0.41903561949729917
acc,prior,sst,60,0.35488265156745913,0.32638648748397825,0.38883075714111326
acc,prior,sst,70,0.3382817069689433,0.313263863325119,0.36766511797904966
acc,prior,sst,80,0.3262855350971222,0.3069661259651184,0.3503839671611786
acc,prior,sst,90,0.30894405841827394,0.2860849142074585,0.3292979598045349
acc,prior,sst,100,0.29138853748639426,0.27285878658294677,0.3109907627105713
acc,prior,sst,110,0.27399765849113467,0.25545564889907835,0.2899857580661774
acc,prior,sst,120,0.2517797936995824,0.2348903924226761,0.26641127467155457
acc,prior,sst,130,0.23264761467774708,0.21868208050727844,0.24489098489284516
acc,prior,sst,140,0.21828134655952453,0.20782175064086914,0.23246694207191468
acc,prior,sst,150,0.20790243844191234,0.19155796766281127,0.22485794723033906
acc,prior,sst,160,0.198776912689209,0.18081532120704652,0.2149118185043335
acc,prior,sst,170,0.1827977498372396,0.16765914261341094,0.19468097388744354
acc,prior,sst,180,0.16689472297827404,0.1555887222290039,0.17778121829032897
acc,prior,sst,190,0.15332619547843934,0.13317903876304626,0.1765786290168762
acc,prior,sst,200,0.14497868418693544,0.12334616631269454,0.1722528040409088
